PHD2 version 2.6.14 [Windows], Log version 2.5. Log enabled at 2026-05-27 20:16:20
INFO: Guiding parameter change, MultiStar = true

Guiding Begins at 2026-05-27 21:37:16
Equipment Profile = 60mmGuide
Dither = both axes, Dither scale = 1.000, Image noise reduction = none, Guide-frame time lapse = 0, Server enabled
Pixel scale = 3.22 arc-sec/px, Binning = 1, Focal length = 240 mm
Search region = 25 px, Star mass tolerance = 50.0%, Multi-star mode, list size = 12
 Camera = ZWO ASI120MM Mini, gain = 37, full size = 1280 x 960, have dark, dark dur = 2000, no defect map, pixel size = 3.8 um
Exposure = 2000 ms
Mount = iOptron CEM120,70,40,26, GEM, HEM, HAE, HAZ series and SkyHunter Mount (ASCOM), connected, guiding enabled, xAngle = 117.4, xRate = 1.749, yAngle = -152.7, yRate = 2.338, parity = +/+
Norm rates RA = 8.3"/s @ dec 0, Dec = 7.5"/s; ortho.err. = 0.1 deg
X guide algorithm = Predictive PEC, Control gain = 0.450
Prediction gain = 0.750
Minimum move = 0.060
Hyperparameters
	Length scale long range SE kernel = 700.000
	Signal variance long range SE kernel = 20.000
	Length scale periodic kernel = 10.000
	Signal variance periodic kernel = 20.000
	Length scale short range SE kernel = 25.000
	Signal variance short range SE kernel = 10.000
	Period length periodic kernel = 348.000
	FFT called after = 2.000 worm cycles
	Auto-adjust period length = Off
Y guide algorithm = Hysteresis, Hysteresis = 0.100, Aggression = 0.400, Minimum move = 0.060
Backlash comp = disabled, pulse = 100 ms
Max RA duration = 2500, Max DEC duration = 2500, DEC guide mode = Auto
RA Guide Speed = 7.5 a-s/s, Dec Guide Speed = 7.5 a-s/s, Cal Dec = 0.0, Last Cal Issue = None, Timestamp = 7/29/2025 9:33:42 PM
RA = 13.52 hr, Dec = 47.1 deg, Hour angle = -1.14 hr, Pier side = West, Rotator pos = N/A, Alt = 69.7 deg, Az = 35.4 deg
Lock position = 315.356, 59.270, Star position = 315.356, 59.270, HFD = 4.73 px
Frame,Time,mount,dx,dy,RARawDistance,DECRawDistance,RAGuideDistance,DECGuideDistance,RADuration,RADirection,DECDuration,DECDirection,XStep,YStep,StarMass,SNR,ErrorCode
INFO: SETTLING STATE CHANGE, Settling started
1,2.276,"Mount",-0.128,0.176,0.215,0.032,0.097,0.000,55,W,0,,,,432271,122.14,0
2,4.656,"Mount",0.085,0.152,0.096,-0.145,0.043,-0.052,25,W,22,N,,,430933,130.45,0
3,6.834,"Mount",0.108,-0.026,-0.073,-0.084,-0.033,-0.032,19,E,14,N,,,426082,125.77,0
4,9.187,"Mount",0.035,-0.143,-0.143,0.035,-0.064,0.000,37,E,0,,,,432400,140.92,0
5,11.319,"Mount",-0.066,0.086,0.107,0.019,0.048,0.000,28,W,0,,,,436051,123.89,0
6,13.651,"Mount",-0.115,0.190,0.222,0.014,0.100,0.000,57,W,0,,,,423428,126.59,0
7,15.856,"Mount",-0.257,0.081,0.190,0.191,0.086,0.069,49,W,29,S,,,447622,125.31,0
8,18.337,"Mount",0.165,0.188,0.091,-0.233,0.041,-0.081,23,W,35,N,,,419750,124.38,0
9,20.434,"Mount",0.104,0.031,-0.021,-0.106,0.000,-0.042,0,,18,N,,,435642,128.70,0
INFO: SETTLING STATE CHANGE, Settling complete
10,22.772,"Mount",-0.037,0.093,0.100,-0.010,0.045,0.000,26,W,0,,,,454978,132.41,0
11,24.946,"Mount",0.052,-0.047,-0.065,-0.025,-0.020,0.000,11,E,0,,,,444960,137.80,0
12,27.362,"Mount",0.238,-0.152,-0.245,-0.141,-0.099,-0.051,56,E,22,N,,,435652,125.13,0
13,29.489,"Mount",0.097,-0.166,-0.192,-0.009,-0.081,0.000,46,E,0,,,,445982,129.71,0
14,31.796,"Mount",0.117,-0.102,-0.145,-0.056,-0.071,0.000,41,E,0,,,,432499,141.12,0
15,34.009,"Mount",0.267,-0.205,-0.305,-0.142,-0.137,-0.051,78,E,22,N,,,425324,128.33,0
16,36.322,"Mount",0.072,-0.074,-0.099,-0.030,-0.049,0.000,28,E,0,,,,421578,126.60,0
17,38.479,"Mount",0.195,0.012,-0.079,-0.179,-0.043,-0.064,24,E,28,N,,,444440,129.22,0
18,40.880,"Mount",0.226,-0.343,-0.408,-0.042,-0.171,0.000,98,E,0,,,,433315,132.73,0
19,43.111,"Mount",0.231,-0.291,-0.365,-0.071,-0.153,-0.026,87,E,11,N,,,442784,126.30,0
20,45.517,"Mount",0.216,-0.344,-0.405,-0.033,-0.174,0.000,99,E,0,,,,440348,139.06,0
21,47.717,"Mount",-0.084,-0.284,-0.213,0.206,-0.098,0.074,56,E,32,S,,,449001,121.77,0
22,50.121,"Mount",0.201,-0.077,-0.161,-0.143,-0.078,-0.048,44,E,21,N,,,435557,139.42,0
23,52.306,"Mount",0.223,-0.095,-0.187,-0.154,-0.082,-0.057,47,E,25,N,,,436603,132.25,0
24,54.676,"Mount",0.056,-0.185,-0.190,0.036,-0.083,0.000,47,E,0,,,,437485,130.77,0
25,56.877,"Mount",0.044,-0.231,-0.225,0.068,-0.100,0.024,57,E,10,S,,,438718,151.66,0
26,59.176,"Mount",0.059,-0.052,-0.073,-0.028,-0.039,0.000,22,E,0,,,,430174,123.73,0
27,61.348,"Mount",-0.022,-0.104,-0.082,0.067,-0.050,0.024,29,E,10,S,,,457559,162.98,0
28,63.645,"Mount",-0.036,-0.034,-0.013,0.048,-0.014,0.000,8,E,0,,,,440786,145.52,0
29,65.798,"Mount",0.167,-0.229,-0.281,-0.042,-0.122,0.000,70,E,0,,,,440989,145.42,0
30,68.218,"Mount",0.111,0.019,-0.034,-0.108,-0.005,-0.039,3,E,17,N,,,431972,120.65,0
31,70.294,"Mount",-0.016,-0.080,-0.064,0.051,-0.035,0.000,20,E,0,,,,460726,152.31,0
32,72.698,"Mount",0.159,0.024,-0.052,-0.152,-0.003,-0.055,2,E,23,N,,,426816,146.31,0
33,74.895,"Mount",0.157,-0.076,-0.140,-0.104,-0.061,-0.040,35,E,17,N,,,441748,142.14,0
34,77.279,"Mount",0.151,-0.125,-0.180,-0.076,-0.067,-0.029,39,E,12,N,,,426354,126.52,0
35,79.394,"Mount",0.080,-0.251,-0.259,0.045,-0.102,0.000,58,E,0,,,,431575,132.35,0
36,81.735,"Mount",0.045,-0.131,-0.137,0.020,-0.069,0.000,39,E,0,,,,419916,120.23,0
37,83.968,"Mount",-0.012,-0.278,-0.241,0.139,-0.115,0.050,66,E,21,S,,,439390,145.04,0
38,86.419,"Mount",0.210,-0.126,-0.209,-0.128,-0.111,-0.044,63,E,19,N,,,432093,139.33,0
39,88.635,"Mount",0.170,-0.165,-0.225,-0.075,-0.120,-0.029,69,E,12,N,,,448286,142.74,0
40,91.187,"Mount",0.412,-0.453,-0.592,-0.156,-0.269,-0.057,154,E,24,N,,,415485,120.97,0
41,93.494,"Mount",0.248,-0.329,-0.406,-0.068,-0.193,-0.027,111,E,11,N,,,449575,139.39,0
42,95.911,"Mount",0.128,-0.339,-0.359,0.043,-0.180,0.000,103,E,0,,,,440765,136.87,0
43,98.111,"Mount",0.240,-0.399,-0.465,-0.029,-0.224,0.000,128,E,0,,,,433883,127.58,0
44,100.499,"Mount",0.199,-0.351,-0.403,-0.014,-0.198,0.000,113,E,0,,,,461439,133.92,0
45,102.810,"Mount",0.466,-0.407,-0.576,-0.226,-0.244,-0.081,139,E,35,N,,,422573,118.64,0
46,105.216,"Mount",0.018,-0.302,-0.276,0.124,-0.116,0.041,66,E,18,S,,,440500,123.29,0
47,107.372,"Mount",0.215,-0.288,-0.355,-0.058,-0.162,0.000,93,E,0,,,,438997,133.42,0
48,109.837,"Mount",0.267,-0.298,-0.387,-0.099,-0.170,-0.036,97,E,15,N,,,426223,121.93,0
49,112.143,"Mount",0.414,-0.532,-0.663,-0.122,-0.300,-0.045,172,E,19,N,,,441240,142.94,0
50,114.658,"Mount",0.041,-0.367,-0.345,0.133,-0.172,0.046,99,E,20,S,,,464538,143.63,0
51,116.845,"Mount",0.085,-0.197,-0.214,0.015,-0.160,0.000,92,E,0,,,,438610,142.23,0
52,119.220,"Mount",0.077,-0.146,-0.165,-0.001,-0.139,0.000,80,E,0,,,,415943,119.96,0
53,121.369,"Mount",0.056,-0.168,-0.175,0.028,-0.108,0.000,62,E,0,,,,442959,141.29,0
54,123.749,"Mount",0.135,-0.155,-0.200,-0.048,-0.113,0.000,65,E,0,,,,442624,134.56,0
55,125.919,"Mount",-0.034,-0.111,-0.083,0.082,-0.041,0.029,24,E,13,S,,,420113,121.30,0
56,128.258,"Mount",0.091,-0.089,-0.121,-0.039,-0.050,0.000,29,E,0,,,,435132,129.52,0
57,130.333,"Mount",0.019,-0.033,-0.037,-0.001,0.009,0.000,5,W,0,,,,430544,127.66,0
58,132.669,"Mount",0.052,-0.030,-0.051,-0.033,0.004,0.000,2,W,0,,,,446495,124.78,0
59,134.842,"Mount",0.060,0.036,0.004,-0.070,0.006,-0.025,3,W,11,N,,,441756,137.62,0
60,137.155,"Mount",0.102,-0.140,-0.172,-0.026,-0.058,0.000,33,E,0,,,,432480,134.15,0
61,139.353,"Mount",0.147,-0.065,-0.126,-0.101,-0.040,-0.036,23,E,16,N,,,445530,132.97,0
62,141.661,"Mount",-0.019,-0.012,-0.002,0.023,-0.014,0.000,8,E,0,,,,441826,121.51,0
63,143.874,"Mount",-0.110,-0.204,-0.130,0.192,-0.074,0.069,42,E,29,S,,,437327,131.35,0
64,146.228,"Mount",0.013,-0.064,-0.063,0.018,-0.054,0.000,31,E,0,,,,432118,135.25,0
65,148.322,"Mount",-0.013,0.026,0.029,-0.001,-0.029,0.000,17,E,0,,,,455557,137.28,0
66,150.754,"Mount",0.138,-0.132,-0.181,-0.061,-0.101,-0.022,58,E,9,N,,,456135,146.30,0
67,152.858,"Mount",-0.064,0.077,0.098,0.021,0.016,0.000,9,W,0,,,,417068,113.09,0
68,155.165,"Mount",-0.058,0.049,0.070,0.029,0.002,0.000,1,W,0,,,,426760,121.30,0
69,157.239,"Mount",0.016,-0.064,-0.064,0.015,-0.028,0.000,16,E,0,,,,454644,125.76,0
70,159.564,"Mount",0.095,-0.075,-0.111,-0.050,-0.045,0.000,26,E,0,,,,417997,124.76,0
71,161.763,"Mount",0.125,-0.017,-0.072,-0.103,-0.026,-0.037,15,E,16,N,,,430529,120.15,0
72,164.088,"Mount",-0.033,0.110,0.113,-0.021,0.051,0.000,29,W,0,,,,457279,141.47,0
73,166.255,"Mount",0.121,0.139,0.068,-0.172,0.013,-0.062,7,W,26,N,,,459741,147.58,0
74,168.622,"Mount",0.022,0.067,0.050,-0.051,-0.019,0.000,11,E,0,,,,443818,124.26,0
75,170.823,"Mount",-0.049,0.231,0.228,-0.064,0.092,-0.023,52,W,10,N,,,446535,125.27,0
76,173.172,"Mount",-0.119,0.213,0.244,0.007,0.095,0.000,54,W,0,,,,409017,124.74,0
77,175.392,"Mount",-0.026,0.297,0.276,-0.114,0.110,-0.041,63,W,18,N,,,426709,136.22,0
78,177.751,"Mount",-0.035,0.164,0.162,-0.045,0.075,0.000,43,W,0,,,,451051,130.29,0
79,179.918,"Mount",-0.036,0.183,0.179,-0.053,0.080,0.000,46,W,0,,,,446448,136.20,0
80,182.317,"Mount",-0.150,0.382,0.408,-0.044,0.173,0.000,99,W,0,,,,444560,135.00,0
81,184.425,"Mount",-0.051,0.168,0.172,-0.032,0.071,0.000,41,W,0,,,,397170,117.16,0
82,186.907,"Mount",-0.239,0.309,0.384,0.069,0.184,0.025,105,W,11,S,,,442026,121.02,0
83,189.157,"Mount",-0.007,0.335,0.301,-0.149,0.142,-0.053,81,W,22,N,,,452202,140.77,0
84,191.535,"Mount",-0.076,0.259,0.265,-0.052,0.136,0.000,78,W,0,,,,439102,140.08,0
85,193.767,"Mount",-0.069,0.338,0.332,-0.095,0.156,-0.034,89,W,15,N,,,451008,142.46,0
86,196.307,"Mount",0.030,0.225,0.186,-0.130,0.108,-0.048,62,W,21,N,,,430035,141.31,0
87,198.499,"Mount",-0.017,0.047,0.050,-0.006,0.018,0.000,11,W,0,,,,429229,124.33,0
88,200.784,"Mount",-0.013,0.014,0.018,0.005,0.003,0.000,2,W,0,,,,436938,129.79,0
89,202.906,"Mount",0.001,0.072,0.064,-0.034,0.021,0.000,12,W,0,,,,438738,136.92,0
90,205.201,"Mount",-0.046,0.023,0.042,0.030,-0.016,0.000,9,E,0,,,,438783,129.74,0
91,207.370,"Mount",-0.012,-0.087,-0.072,0.050,-0.084,0.000,48,E,0,,,,443381,134.22,0
92,209.770,"Mount",-0.066,-0.042,-0.007,0.078,-0.068,0.028,39,E,12,S,,,448048,147.25,0
93,211.833,"Mount",-0.004,0.122,0.111,-0.053,-0.003,0.000,2,E,0,,,,422902,130.40,0
94,214.205,"Mount",0.105,-0.006,-0.054,-0.090,-0.050,-0.032,29,E,14,N,,,412649,115.90,0
95,216.267,"Mount",-0.022,0.028,0.036,0.007,-0.005,0.000,3,E,0,,,,460905,131.91,0
96,218.682,"Mount",-0.107,0.029,0.075,0.081,0.027,0.029,16,W,12,S,,,423493,114.78,0
97,220.773,"Mount",-0.003,0.014,0.014,-0.004,-0.005,0.000,3,E,0,,,,432777,144.37,0
98,223.082,"Mount",-0.049,-0.027,-0.002,0.056,-0.005,0.000,3,E,0,,,,448784,146.81,0
99,225.177,"Mount",0.005,0.033,0.027,-0.020,-0.007,0.000,4,E,0,,,,440468,127.36,0
100,227.502,"Mount",-0.050,0.060,0.076,0.016,0.028,0.000,16,W,0,,,,452039,158.19,0
101,229.642,"Mount",-0.153,0.227,0.272,0.031,0.106,0.000,60,W,0,,,,444699,135.21,0
102,231.980,"Mount",-0.079,0.192,0.207,-0.019,0.078,0.000,45,W,0,,,,412235,112.85,0
103,234.258,"Mount",-0.081,0.432,0.421,-0.128,0.164,-0.046,94,W,20,N,,,448668,122.38,0
104,236.661,"Mount",-0.098,0.316,0.326,-0.059,0.156,0.000,89,W,0,,,,450008,130.67,0
105,238.925,"Mount",-0.059,0.298,0.292,-0.086,0.138,-0.031,79,W,13,N,,,427954,132.56,0
106,241.390,"Mount",-0.166,0.296,0.339,0.011,0.191,0.000,109,W,0,,,,421484,144.76,0
107,243.592,"Mount",-0.132,0.336,0.359,-0.038,0.191,0.000,109,W,0,,,,441337,144.00,0
108,246.069,"Mount",-0.222,0.403,0.460,0.011,0.228,0.000,130,W,0,,,,423242,131.25,0
109,248.319,"Mount",-0.190,0.414,0.455,-0.023,0.214,0.000,123,W,0,,,,437365,154.64,0
110,250.737,"Mount",-0.184,0.302,0.353,0.024,0.159,0.000,91,W,0,,,,446791,129.65,0
111,252.933,"Mount",-0.081,0.283,0.288,-0.059,0.158,0.000,90,W,0,,,,431907,131.06,0
112,255.305,"Mount",-0.101,0.201,0.225,-0.003,0.116,0.000,67,W,0,,,,425176,133.69,0
113,257.553,"Mount",-0.004,0.348,0.311,-0.157,0.091,-0.057,52,W,24,N,,,445136,136.57,0
114,259.889,"Mount",-0.170,0.339,0.379,-0.006,0.100,0.000,57,W,0,,,,437928,139.86,0
115,262.117,"Mount",-0.067,0.451,0.431,-0.149,0.157,-0.054,90,W,23,N,,,440724,136.96,0
116,264.457,"Mount",-0.082,0.201,0.216,-0.020,0.056,0.000,32,W,0,,,,451371,142.42,0
117,266.671,"Mount",-0.135,0.312,0.339,-0.024,0.192,0.000,110,W,0,,,,444888,134.94,0
118,268.984,"Mount",-0.057,0.038,0.060,0.033,0.071,0.000,41,W,0,,,,434468,125.05,0
119,271.207,"Mount",-0.151,0.070,0.132,0.102,0.102,0.037,58,W,16,S,,,451645,140.75,0
120,273.704,"Mount",-0.143,0.117,0.170,0.073,0.108,0.028,62,W,12,S,,,440460,135.73,0
121,275.879,"Mount",0.104,-0.018,-0.064,-0.084,-0.023,-0.029,13,E,12,N,,,441018,132.66,0
122,278.174,"Mount",-0.036,-0.056,-0.033,0.057,-0.015,0.000,9,E,0,,,,439695,128.77,0
123,280.298,"Mount",0.017,-0.101,-0.098,0.031,-0.071,0.000,41,E,0,,,,426878,120.00,0
124,282.683,"Mount",0.118,-0.057,-0.105,-0.078,-0.088,-0.028,50,E,12,N,,,438272,138.95,0
125,284.793,"Mount",0.066,-0.058,-0.082,-0.031,-0.091,0.000,52,E,0,,,,428738,146.75,0
126,287.204,"Mount",0.113,0.088,0.026,-0.141,-0.079,-0.051,45,E,22,N,,,442818,147.09,0
127,289.404,"Mount",0.060,0.027,-0.003,-0.066,-0.084,-0.026,48,E,11,N,,,443533,127.74,0
128,291.740,"Mount",-0.110,0.117,0.154,0.044,0.026,0.000,15,W,0,,,,422993,128.38,0
129,293.874,"Mount",-0.131,0.206,0.243,0.021,0.068,0.000,39,W,0,,,,446558,158.42,0
130,296.307,"Mount",-0.151,0.115,0.172,0.081,0.082,0.029,47,W,12,S,,,437797,133.52,0
131,298.535,"Mount",-0.163,0.080,0.146,0.108,0.078,0.040,45,W,17,S,,,429299,129.66,0
132,300.981,"Mount",-0.115,0.046,0.094,0.081,0.095,0.031,54,W,13,S,,,414466,124.12,0
133,303.145,"Mount",-0.009,0.132,0.122,-0.053,0.108,0.000,61,W,0,,,,424641,128.35,0
134,305.576,"Mount",-0.089,0.015,0.054,0.072,0.054,0.026,31,W,11,S,,,429795,123.88,0
135,307.802,"Mount",-0.056,0.029,0.051,0.036,0.023,0.000,13,W,0,,,,437921,140.83,0
136,310.139,"Mount",-0.130,0.146,0.189,0.048,0.096,0.000,55,W,0,,,,448402,133.87,0
137,312.309,"Mount",0.015,0.102,0.083,-0.060,0.018,-0.022,10,W,9,N,,,434002,134.48,0
138,314.605,"Mount",-0.073,0.123,0.143,0.008,0.033,0.000,19,W,0,,,,453950,147.15,0
139,316.807,"Mount",-0.010,0.193,0.176,-0.080,0.067,-0.029,38,W,12,N,,,443519,139.12,0
140,319.158,"Mount",0.057,0.080,0.045,-0.088,-0.015,-0.033,9,E,14,N,,,420173,118.69,0
141,321.281,"Mount",0.121,0.087,0.021,-0.147,0.018,-0.054,10,W,23,N,,,435810,120.45,0
142,323.667,"Mount",-0.066,-0.009,0.022,0.063,0.014,0.021,8,W,9,S,,,443166,139.60,0
143,325.915,"Mount",-0.209,-0.108,0.001,0.236,-0.006,0.086,3,E,37,S,,,428304,131.88,0
144,328.317,"Mount",0.026,0.158,0.128,-0.096,0.040,-0.031,23,W,13,N,,,465928,151.12,0
145,330.393,"Mount",-0.076,0.065,0.093,0.037,0.017,0.000,10,W,0,,,,430684,120.70,0
146,332.718,"Mount",-0.101,0.098,0.133,0.044,0.035,0.000,20,W,0,,,,458978,139.60,0
147,334.811,"Mount",-0.087,0.082,0.113,0.039,0.020,0.000,11,W,0,,,,444720,127.12,0
148,337.151,"Mount",0.106,0.003,-0.046,-0.095,-0.016,-0.034,9,E,15,N,,,438536,128.67,0
149,339.255,"Mount",0.021,0.009,-0.002,-0.023,-0.019,0.000,11,E,0,,,,426289,130.40,0
150,341.592,"Mount",-0.065,0.087,0.107,0.018,0.026,0.000,15,W,0,,,,418635,122.88,0
151,343.716,"Mount",-0.092,0.124,0.153,0.024,0.048,0.000,28,W,0,,,,433740,134.77,0
152,346.076,"Mount",-0.089,0.108,0.136,0.029,0.062,0.000,35,W,0,,,,402987,117.26,0
153,348.192,"Mount",-0.082,0.056,0.087,0.047,0.048,0.000,27,W,0,,,,424790,137.62,0
154,350.593,"Mount",-0.064,0.215,0.220,-0.043,0.112,0.000,64,W,0,,,,429205,126.34,0
155,352.728,"Mount",-0.035,-0.006,0.011,0.034,0.033,0.000,19,W,0,,,,438241,131.58,0
156,355.166,"Mount",0.049,0.134,0.096,-0.106,0.081,-0.038,46,W,16,N,,,450865,146.89,0
157,357.337,"Mount",0.027,0.178,0.145,-0.107,0.087,-0.040,50,W,17,N,,,447743,146.40,0
158,359.832,"Mount",0.071,0.035,-0.001,-0.079,0.022,-0.030,12,W,13,N,,,439496,120.42,0
159,361.987,"Mount",-0.085,0.043,0.077,0.056,0.049,0.000,28,W,0,,,,463771,150.55,0
160,364.327,"Mount",-0.094,0.013,0.055,0.078,0.003,0.028,2,W,12,S,,,448869,147.66,0
161,366.464,"Mount",-0.057,-0.008,0.019,0.054,-0.011,0.000,6,E,0,,,,457247,148.22,0
162,368.806,"Mount",-0.101,0.036,0.079,0.073,0.009,0.026,5,W,11,S,,,450577,146.81,0
163,370.912,"Mount",0.009,-0.053,-0.051,0.016,-0.027,0.000,16,E,0,,,,436849,131.49,0
164,373.301,"Mount",0.220,0.026,-0.078,-0.208,-0.072,-0.075,41,E,32,N,,,417901,114.52,0
165,375.403,"Mount",-0.046,-0.010,0.013,0.045,-0.046,0.000,26,E,0,,,,448229,137.28,0
166,377.808,"Mount",-0.030,-0.131,-0.102,0.088,-0.091,0.032,52,E,13,S,,,444198,142.66,0
167,379.988,"Mount",-0.022,-0.088,-0.068,0.060,-0.077,0.023,44,E,10,S,,,451201,134.71,0
168,382.354,"Mount",0.119,-0.171,-0.207,-0.027,-0.135,0.000,77,E,0,,,,472076,144.06,0
169,384.508,"Mount",0.083,-0.074,-0.104,-0.040,-0.088,0.000,50,E,0,,,,430408,129.34,0
170,386.873,"Mount",0.063,-0.108,-0.125,-0.006,-0.101,0.000,58,E,0,,,,449679,142.02,0
171,389.074,"Mount",0.157,-0.217,-0.265,-0.039,-0.159,0.000,91,E,0,,,,424122,129.67,0
172,391.458,"Mount",0.099,-0.137,-0.167,-0.024,-0.125,0.000,72,E,0,,,,428830,123.86,0
173,393.639,"Mount",0.059,-0.165,-0.174,0.023,-0.129,0.000,74,E,0,,,,434430,135.39,0
174,396.030,"Mount",0.111,-0.081,-0.123,-0.061,-0.128,-0.022,73,E,9,N,,,461435,143.39,0
175,398.166,"Mount",0.013,0.016,0.008,-0.018,-0.072,0.000,41,E,0,,,,453353,134.85,0
176,400.618,"Mount",0.072,0.115,0.069,-0.117,-0.045,-0.042,26,E,18,N,,,444660,139.30,0
177,402.894,"Mount",0.077,0.007,-0.029,-0.071,-0.057,-0.027,33,E,12,N,,,426763,120.48,0
178,405.220,"Mount",0.036,-0.093,-0.099,0.011,-0.095,0.000,55,E,0,,,,431029,122.97,0
179,407.281,"Mount",0.032,-0.014,-0.027,-0.022,-0.011,0.000,6,E,0,,,,425682,124.11,0
180,409.595,"Mount",0.065,-0.005,-0.034,-0.055,-0.003,0.000,2,E,0,,,,431730,130.24,0
181,411.732,"Mount",0.116,-0.006,-0.059,-0.100,0.005,-0.036,3,W,15,N,,,420129,118.82,0
182,414.065,"Mount",0.081,-0.068,-0.098,-0.040,-0.034,0.000,19,E,0,,,,448713,155.55,0
183,416.131,"Mount",-0.051,0.024,0.045,0.034,-0.007,0.000,4,E,0,,,,460438,140.89,0
184,418.441,"Mount",0.087,-0.078,-0.109,-0.041,-0.061,0.000,35,E,0,,,,446725,142.33,0
185,420.549,"Mount",-0.022,-0.058,-0.041,0.046,-0.035,0.000,20,E,0,,,,447909,141.11,0
186,422.861,"Mount",-0.020,0.020,0.027,0.009,-0.048,0.000,28,E,0,,,,447699,161.71,0
187,425.047,"Mount",-0.004,-0.134,-0.117,0.065,-0.110,0.023,63,E,10,S,,,434198,127.85,0
188,427.479,"Mount",0.195,-0.055,-0.138,-0.148,-0.138,-0.052,79,E,22,N,,,441836,124.19,0
189,429.634,"Mount",0.001,-0.071,-0.063,0.031,-0.115,0.000,66,E,0,,,,423205,129.75,0
190,431.994,"Mount",0.006,-0.130,-0.118,0.055,-0.140,0.000,80,E,0,,,,440595,138.25,0
191,434.150,"Mount",0.105,-0.144,-0.176,-0.026,-0.163,0.000,93,E,0,,,,432271,127.68,0
192,436.629,"Mount",-0.048,-0.218,-0.172,0.143,-0.152,0.052,87,E,22,S,,,433243,126.76,0
193,438.827,"Mount",0.052,-0.140,-0.149,0.019,-0.137,0.000,78,E,0,,,,432720,138.28,0
194,441.339,"Mount",0.267,-0.256,-0.350,-0.119,-0.230,-0.043,132,E,18,N,,,462660,140.65,0
195,443.529,"Mount",0.207,-0.303,-0.364,-0.044,-0.235,0.000,134,E,0,,,,464439,165.45,0
196,445.957,"Mount",0.102,-0.183,-0.209,-0.006,-0.196,0.000,112,E,0,,,,448456,141.51,0
197,448.167,"Mount",0.116,-0.240,-0.266,0.008,-0.224,0.000,128,E,0,,,,409595,116.29,0
198,450.554,"Mount",0.059,-0.128,-0.141,0.007,-0.182,0.000,104,E,0,,,,428297,121.31,0
199,452.754,"Mount",0.043,-0.164,-0.166,0.038,-0.212,0.000,121,E,0,,,,448685,128.80,0
200,455.185,"Mount",-0.038,-0.079,-0.053,0.070,-0.150,0.025,86,E,11,S,,,442447,131.23,0
201,457.384,"Mount",-0.002,-0.037,-0.032,0.018,-0.113,0.000,65,E,0,,,,427125,127.88,0
202,459.760,"Mount",-0.011,-0.021,-0.014,0.020,-0.112,0.000,64,E,0,,,,425261,134.56,0
203,461.916,"Mount",0.072,-0.052,-0.079,-0.040,-0.112,0.000,64,E,0,,,,450049,119.49,0
204,464.257,"Mount",0.031,-0.010,-0.024,-0.023,-0.063,0.000,36,E,0,,,,442786,147.67,0
205,466.391,"Mount",0.117,-0.111,-0.152,-0.052,-0.119,0.000,68,E,0,,,,449819,146.38,0
206,468.730,"Mount",0.093,-0.161,-0.185,-0.008,-0.114,0.000,65,E,0,,,,431307,120.46,0
207,470.840,"Mount",-0.003,-0.013,-0.010,0.009,-0.040,0.000,23,E,0,,,,437410,123.80,0
208,473.259,"Mount",0.144,-0.022,-0.085,-0.117,-0.062,-0.042,35,E,18,N,,,450983,145.48,0
209,475.418,"Mount",0.102,0.038,-0.013,-0.108,-0.010,-0.041,5,E,17,N,,,451019,131.31,0
210,477.746,"Mount",0.056,-0.028,-0.051,-0.036,-0.022,0.000,13,E,0,,,,427409,127.92,0
211,480.052,"Mount",0.158,-0.073,-0.137,-0.107,-0.080,-0.038,46,E,16,N,,,451721,156.32,0
212,482.344,"Mount",0.012,-0.041,-0.042,0.009,-0.008,0.000,5,E,0,,,,428082,123.10,0
213,484.454,"Mount",0.027,-0.116,-0.116,0.029,-0.066,0.000,38,E,0,,,,423096,111.41,0
214,486.806,"Mount",0.022,-0.065,-0.068,0.010,-0.055,0.000,31,E,0,,,,458831,144.99,0
215,488.978,"Mount",0.102,-0.060,-0.101,-0.063,-0.076,-0.023,43,E,10,N,,,428403,133.69,0
216,491.289,"Mount",0.050,-0.007,-0.029,-0.041,-0.046,0.000,26,E,0,,,,409688,119.53,0
217,493.471,"Mount",-0.063,-0.136,-0.092,0.118,-0.086,0.043,49,E,18,S,,,442336,143.53,0
218,495.875,"Mount",0.068,0.136,0.090,-0.123,-0.005,-0.043,3,E,18,N,,,417693,132.39,0
219,498.016,"Mount",0.037,0.069,0.045,-0.064,-0.035,-0.025,20,E,11,N,,,433803,129.43,0
220,500.321,"Mount",-0.003,-0.065,-0.056,0.033,-0.027,0.000,15,E,0,,,,444138,147.28,0
221,502.482,"Mount",-0.071,-0.081,-0.039,0.101,-0.001,0.036,1,E,15,S,,,435414,133.05,0
222,504.820,"Mount",0.063,0.081,0.043,-0.093,0.008,-0.032,5,W,14,N,,,430551,125.82,0
223,506.864,"Mount",-0.002,-0.032,-0.028,0.016,0.016,0.000,9,W,0,,,,438505,145.89,0
224,509.176,"Mount",-0.050,0.007,0.029,0.041,0.023,0.000,13,W,0,,,,440667,117.58,0
225,511.283,"Mount",-0.058,-0.010,0.018,0.056,0.025,0.000,15,W,0,,,,431862,143.45,0
226,513.676,"Mount",0.098,0.068,0.015,-0.118,0.032,-0.043,18,W,18,N,,,437200,128.23,0
227,515.785,"Mount",0.035,0.048,0.027,-0.053,0.028,0.000,16,W,0,,,,467263,141.08,0
228,518.174,"Mount",0.005,0.111,0.096,-0.055,0.080,0.000,46,W,0,,,,413738,125.81,0
229,520.392,"Mount",-0.172,0.006,0.084,0.150,0.085,0.054,48,W,23,S,,,445714,144.00,0
230,522.869,"Mount",-0.027,0.255,0.239,-0.094,0.163,-0.031,93,W,13,N,,,424157,121.96,0
231,525.043,"Mount",-0.088,0.111,0.140,0.027,0.132,0.000,75,W,0,,,,440661,153.16,0
232,527.526,"Mount",0.002,0.140,0.123,-0.066,0.152,-0.024,87,W,10,N,,,438444,143.54,0
233,529.677,"Mount",-0.087,0.067,0.099,0.046,0.148,0.000,85,W,0,,,,442733,124.63,0
234,532.096,"Mount",-0.127,0.281,0.308,-0.017,0.242,0.000,139,W,0,,,,428295,121.02,0
235,534.217,"Mount",0.021,0.004,-0.006,-0.021,0.101,0.000,58,W,0,,,,432032,134.39,0
236,536.679,"Mount",0.009,0.113,0.096,-0.061,0.154,-0.022,88,W,9,N,,,425551,131.73,0
237,538.891,"Mount",-0.118,0.110,0.152,0.054,0.161,0.000,92,W,0,,,,443024,131.58,0
238,541.323,"Mount",-0.065,0.079,0.100,0.021,0.116,0.000,66,W,0,,,,442010,140.44,0
239,543.466,"Mount",-0.004,0.052,0.048,-0.021,0.047,0.000,27,W,0,,,,430854,127.14,0
240,545.815,"Mount",0.005,0.057,0.048,-0.031,0.040,0.000,23,W,0,,,,409524,116.93,0
241,548.050,"Mount",0.154,0.277,0.174,-0.265,0.097,-0.095,55,W,41,N,,,425416,138.05,0
242,550.416,"Mount",-0.019,-0.095,-0.075,0.061,-0.031,0.018,18,E,8,S,,,442188,124.61,0
243,552.570,"Mount",-0.055,-0.027,0.001,0.061,-0.018,0.023,10,E,10,S,,,430205,119.85,0
244,555.052,"Mount",0.162,0.125,0.037,-0.202,-0.029,-0.072,17,E,31,N,,,436652,132.11,0
245,557.253,"Mount",-0.140,-0.053,0.017,0.149,-0.054,0.051,31,E,22,S,,,439855,123.02,0
246,559.549,"Mount",-0.044,0.151,0.155,-0.030,0.011,0.000,6,W,0,,,,454373,161.85,0
247,561.660,"Mount",0.031,-0.037,-0.047,-0.010,-0.037,0.000,21,E,0,,,,444914,145.14,0
248,564.031,"Mount",0.134,-0.002,-0.063,-0.118,-0.057,-0.043,33,E,18,N,,,427137,127.91,0
249,566.199,"Mount",0.073,0.002,-0.032,-0.066,-0.002,-0.026,1,E,11,N,,,450788,135.60,0
250,568.572,"Mount",-0.076,0.077,0.103,0.032,0.061,0.000,35,W,0,,,,438904,122.21,0
251,570.770,"Mount",-0.110,-0.080,-0.021,0.135,0.027,0.049,16,W,21,S,,,429267,122.84,0
252,573.136,"Mount",-0.010,0.016,0.018,0.002,0.051,0.000,29,W,0,,,,431875,136.68,0
253,575.239,"Mount",0.027,-0.088,-0.090,0.017,0.029,0.000,16,W,0,,,,461236,136.55,0
254,577.719,"Mount",-0.081,0.026,0.060,0.060,0.124,0.022,71,W,9,S,,,425699,129.41,0
255,579.928,"Mount",-0.055,-0.014,0.012,0.055,0.111,0.000,64,W,0,,,,417583,122.88,0
256,582.409,"Mount",-0.151,0.104,0.162,0.086,0.186,0.031,106,W,13,S,,,444835,146.08,0
257,584.580,"Mount",-0.014,0.054,0.055,-0.013,0.115,0.000,66,W,0,,,,457456,138.60,0
258,587.068,"Mount",-0.015,0.287,0.262,-0.119,0.227,-0.043,130,W,18,N,,,440583,134.37,0
259,589.360,"Mount",-0.016,0.221,0.204,-0.088,0.191,-0.033,109,W,14,N,,,444472,127.68,0
260,591.777,"Mount",-0.091,0.137,0.163,0.017,0.180,0.000,103,W,0,,,,447608,133.51,0
261,593.973,"Mount",-0.156,0.211,0.259,0.041,0.206,0.000,118,W,0,,,,445609,126.81,0
262,596.408,"Mount",-0.154,0.292,0.330,0.002,0.256,0.000,146,W,0,,,,454234,164.89,0
263,598.619,"Mount",-0.090,0.108,0.137,0.030,0.164,0.000,94,W,0,,,,451851,143.78,0
264,601.144,"Mount",-0.143,0.117,0.169,0.073,0.212,0.026,121,W,11,S,,,422369,134.57,0
265,603.389,"Mount",-0.103,0.074,0.113,0.058,0.188,0.000,107,W,0,,,,442263,151.37,0
266,605.838,"Mount",-0.143,0.147,0.196,0.059,0.233,0.000,133,W,0,,,,448976,147.32,0
267,608.127,"Mount",-0.101,-0.028,0.022,0.103,0.132,0.037,75,W,16,S,,,458777,157.77,0
268,610.502,"Mount",-0.069,0.057,0.083,0.035,0.172,0.000,98,W,0,,,,455908,150.28,0
269,612.641,"Mount",-0.067,0.109,0.128,0.009,0.134,0.000,76,W,0,,,,456602,154.24,0
270,614.992,"Mount",0.001,-0.004,-0.004,0.001,0.061,0.000,35,W,0,,,,444539,136.47,0
271,617.081,"Mount",-0.013,0.045,0.046,-0.010,0.031,0.000,18,W,0,,,,427600,145.17,0
272,619.435,"Mount",0.056,0.094,0.058,-0.093,0.004,-0.033,2,W,14,N,,,446269,133.78,0
273,621.603,"Mount",-0.054,-0.046,-0.016,0.069,-0.010,0.024,6,E,10,S,,,420526,129.24,0
274,623.958,"Mount",0.033,-0.122,-0.123,0.027,-0.093,0.000,53,E,0,,,,463907,145.60,0
275,626.041,"Mount",0.033,0.031,0.012,-0.044,-0.026,0.000,15,E,0,,,,428153,127.28,0
276,628.396,"Mount",-0.071,0.001,0.034,0.062,-0.041,0.022,23,E,10,S,,,427888,123.39,0
277,630.585,"Mount",0.213,0.020,-0.080,-0.198,-0.080,-0.070,46,E,30,N,,,432278,122.90,0
Guiding Ends at 2026-05-27 21:47:48

Guiding Begins at 2026-05-27 21:50:33
Equipment Profile = 60mmGuide
Dither = both axes, Dither scale = 1.000, Image noise reduction = none, Guide-frame time lapse = 0, Server enabled
Pixel scale = 3.22 arc-sec/px, Binning = 1, Focal length = 240 mm
Search region = 25 px, Star mass tolerance = 50.0%, Multi-star mode, list size = 12
 Camera = ZWO ASI120MM Mini, gain = 37, full size = 1280 x 960, have dark, dark dur = 2000, no defect map, pixel size = 3.8 um
Exposure = 2000 ms
Mount = iOptron CEM120,70,40,26, GEM, HEM, HAE, HAZ series and SkyHunter Mount (ASCOM), connected, guiding enabled, xAngle = 117.4, xRate = 1.749, yAngle = -152.7, yRate = 2.338, parity = +/+
Norm rates RA = 8.3"/s @ dec 0, Dec = 7.5"/s; ortho.err. = 0.1 deg
X guide algorithm = Predictive PEC, Control gain = 0.450
Prediction gain = 0.750
Minimum move = 0.060
Hyperparameters
	Length scale long range SE kernel = 700.000
	Signal variance long range SE kernel = 20.000
	Length scale periodic kernel = 10.000
	Signal variance periodic kernel = 20.000
	Length scale short range SE kernel = 25.000
	Signal variance short range SE kernel = 10.000
	Period length periodic kernel = 348.000
	FFT called after = 2.000 worm cycles
	Auto-adjust period length = Off
Y guide algorithm = Hysteresis, Hysteresis = 0.100, Aggression = 0.400, Minimum move = 0.060
Backlash comp = disabled, pulse = 100 ms
Max RA duration = 2500, Max DEC duration = 2500, DEC guide mode = Auto
RA Guide Speed = 7.5 a-s/s, Dec Guide Speed = 7.5 a-s/s, Cal Dec = 0.0, Last Cal Issue = None, Timestamp = 7/29/2025 9:33:42 PM
RA = 13.52 hr, Dec = 47.1 deg, Hour angle = -0.92 hr, Pier side = West, Rotator pos = N/A, Alt = 71.2 deg, Az = 30.4 deg
Lock position = 783.073, 216.579, Star position = 783.073, 216.579, HFD = 4.66 px
Frame,Time,mount,dx,dy,RARawDistance,DECRawDistance,RAGuideDistance,DECGuideDistance,RADuration,RADirection,DECDuration,DECDirection,XStep,YStep,StarMass,SNR,ErrorCode
INFO: SETTLING STATE CHANGE, Settling started
1,2.312,"Mount",0.028,-0.185,-0.177,0.061,-0.079,0.022,45,E,9,S,,,410234,135.23,0
2,4.724,"Mount",0.016,-0.236,-0.217,0.095,-0.098,0.035,56,E,15,S,,,417237,165.58,0
3,6.933,"Mount",-0.082,-0.298,-0.227,0.211,-0.102,0.077,58,E,33,S,,,404932,132.44,0
4,9.453,"Mount",-0.097,-0.362,-0.276,0.253,-0.124,0.094,71,E,40,S,,,419630,161.01,0
5,11.809,"Mount",0.144,-0.445,-0.461,0.078,-0.208,0.032,119,E,14,S,,,397874,138.92,0
6,14.280,"Mount",0.296,-0.374,-0.468,-0.089,-0.211,-0.031,121,E,13,N,,,394465,122.59,0
7,16.498,"Mount",0.224,-0.105,-0.197,-0.150,-0.088,-0.055,51,E,24,N,,,416651,130.10,0
8,19.000,"Mount",0.206,-0.238,-0.306,-0.073,-0.138,-0.028,79,E,12,N,,,415041,120.46,0
9,21.251,"Mount",0.138,-0.396,-0.415,0.061,-0.187,0.021,107,E,9,S,,,409600,139.48,0
INFO: SETTLING STATE CHANGE, Settling complete
10,23.796,"Mount",-0.076,-0.322,-0.251,0.216,-0.113,0.079,65,E,34,S,,,408591,126.82,0
11,26.056,"Mount",0.010,-0.203,-0.184,0.085,-0.085,0.034,49,E,14,S,,,428340,128.92,0
12,28.412,"Mount",0.029,0.117,0.091,-0.080,0.030,-0.027,17,W,12,N,,,433394,145.65,0
13,30.506,"Mount",0.080,-0.142,-0.163,-0.006,-0.071,0.000,41,E,0,,,,420596,130.49,0
14,32.791,"Mount",0.050,-0.028,-0.048,-0.031,0.003,0.000,2,W,0,,,,416002,140.66,0
15,34.897,"Mount",0.019,-0.072,-0.072,0.016,-0.029,0.000,17,E,0,,,,404292,135.90,0
16,37.267,"Mount",-0.083,-0.152,-0.097,0.144,-0.037,0.052,21,E,22,S,,,435375,159.06,0
17,39.406,"Mount",0.096,-0.053,-0.091,-0.060,-0.036,-0.020,20,E,8,N,,,407866,128.66,0
18,41.795,"Mount",0.172,0.090,0.000,-0.194,-0.003,-0.071,2,E,30,N,,,420793,138.49,0
19,43.945,"Mount",-0.058,0.050,0.071,0.028,0.023,0.000,13,W,0,,,,432288,137.64,0
20,46.241,"Mount",-0.015,-0.023,-0.013,0.024,-0.004,0.000,2,E,0,,,,406740,119.03,0
21,48.301,"Mount",-0.031,-0.049,-0.030,0.050,-0.005,0.000,3,E,0,,,,420193,137.05,0
22,50.540,"Mount",0.007,-0.040,-0.039,0.012,0.000,0.000,0,,0,,,,434153,145.27,0
23,52.567,"Mount",0.025,-0.047,-0.053,-0.000,0.000,0.000,0,,0,,,,414046,130.29,0
24,54.871,"Mount",0.041,-0.065,-0.077,-0.007,-0.030,0.000,17,E,0,,,,416744,132.32,0
25,56.990,"Mount",0.054,-0.056,-0.075,-0.021,-0.031,0.000,18,E,0,,,,407302,143.10,0
26,59.268,"Mount",-0.007,0.044,0.043,-0.014,-0.001,0.000,1,E,0,,,,405792,149.35,0
27,61.435,"Mount",0.105,0.069,0.013,-0.125,-0.001,-0.045,1,E,19,N,,,396796,132.63,0
28,63.809,"Mount",0.065,0.111,0.068,-0.109,0.027,-0.041,15,W,18,N,,,449228,169.87,0
29,65.952,"Mount",0.068,0.137,0.090,-0.123,0.039,-0.046,22,W,20,N,,,418468,134.86,0
30,68.341,"Mount",-0.107,0.022,0.069,0.085,0.032,0.029,18,W,12,S,,,405453,134.73,0
31,70.526,"Mount",-0.216,0.158,0.240,0.118,0.102,0.044,58,W,19,S,,,398429,125.62,0
32,72.959,"Mount",-0.201,0.137,0.214,0.115,0.092,0.043,53,W,18,S,,,405857,137.81,0
33,75.085,"Mount",-0.037,0.169,0.167,-0.045,0.075,0.000,43,W,0,,,,421386,145.69,0
34,77.438,"Mount",-0.098,0.160,0.187,0.013,0.087,0.000,50,W,0,,,,426841,134.30,0
35,79.656,"Mount",-0.256,0.230,0.322,0.121,0.141,0.044,81,W,19,S,,,400621,120.94,0
36,82.060,"Mount",-0.164,0.286,0.330,0.013,0.142,0.000,81,W,0,,,,404746,129.60,0
37,84.183,"Mount",0.019,0.082,0.064,-0.054,0.033,0.000,19,W,0,,,,420291,161.97,0
38,86.586,"Mount",-0.115,0.264,0.287,-0.020,0.139,0.000,79,W,0,,,,416931,155.22,0
39,88.817,"Mount",-0.296,0.277,0.382,0.134,0.173,0.048,99,W,21,S,,,402438,133.80,0
40,91.232,"Mount",-0.125,-0.087,-0.020,0.151,0.012,0.056,7,W,24,S,,,408680,137.29,0
41,93.386,"Mount",-0.007,0.139,0.127,-0.058,0.069,0.000,39,W,0,,,,424809,155.10,0
42,95.757,"Mount",0.094,0.134,0.076,-0.145,0.041,-0.052,23,W,22,N,,,416449,139.27,0
43,97.960,"Mount",0.202,0.207,0.091,-0.275,0.047,-0.101,27,W,43,N,,,432503,129.00,0
44,100.343,"Mount",0.110,0.048,-0.008,-0.119,0.005,-0.047,3,W,20,N,,,431708,156.78,0
45,102.436,"Mount",-0.026,-0.038,-0.022,0.040,-0.012,0.000,7,E,0,,,,426904,160.20,0
46,104.748,"Mount",0.044,0.020,-0.002,-0.048,-0.015,0.000,8,E,0,,,,406703,134.32,0
47,106.883,"Mount",-0.039,0.015,0.031,0.027,-0.015,0.000,9,E,0,,,,428107,148.85,0
48,109.193,"Mount",0.015,-0.032,-0.036,0.001,-0.016,0.000,9,E,0,,,,409371,126.86,0
49,111.286,"Mount",0.057,-0.034,-0.057,-0.035,0.001,0.000,1,W,0,,,,429705,145.21,0
50,113.662,"Mount",0.138,-0.137,-0.186,-0.059,-0.073,0.000,42,E,0,,,,406050,126.70,0
51,115.704,"Mount",-0.030,0.033,0.042,0.011,0.000,0.000,0,,0,,,,401721,141.30,0
52,118.036,"Mount",-0.005,0.038,0.036,-0.013,0.001,0.000,1,W,0,,,,406598,124.79,0
53,120.233,"Mount",0.157,0.202,0.107,-0.232,0.046,-0.084,26,W,36,N,,,411917,128.81,0
54,122.485,"Mount",0.007,-0.010,-0.012,-0.001,-0.000,0.000,0,,0,,,,418635,139.54,0
55,124.515,"Mount",-0.004,-0.069,-0.060,0.036,-0.000,0.000,0,,0,,,,402250,131.36,0
56,126.985,"Mount",-0.106,0.064,0.106,0.064,0.047,0.023,27,W,10,S,,,420199,130.36,0
57,129.093,"Mount",-0.006,0.104,0.095,-0.043,0.043,0.000,24,W,0,,,,409470,147.05,0
58,131.625,"Mount",-0.364,0.325,0.456,0.173,0.199,0.062,114,W,27,S,,,411430,129.02,0
59,133.858,"Mount",-0.297,0.480,0.562,0.042,0.242,0.000,139,W,0,,,,412825,161.43,0
60,136.427,"Mount",-0.253,0.301,0.384,0.086,0.206,0.031,118,W,13,S,,,399218,129.40,0
61,138.629,"Mount",-0.183,0.378,0.420,-0.012,0.223,0.000,127,W,0,,,,414835,140.74,0
62,141.080,"Mount",-0.214,0.508,0.549,-0.045,0.293,0.000,168,W,0,,,,434645,153.14,0
63,143.284,"Mount",-0.206,0.411,0.460,-0.007,0.254,0.000,145,W,0,,,,415330,128.17,0
64,145.749,"Mount",-0.185,0.336,0.384,0.009,0.223,0.000,128,W,0,,,,398711,127.97,0
65,147.960,"Mount",-0.147,0.322,0.353,-0.019,0.180,0.000,103,W,0,,,,419952,134.30,0
66,150.355,"Mount",-0.139,0.120,0.170,0.068,0.095,0.024,55,W,10,S,,,420079,132.79,0
67,152.538,"Mount",-0.034,0.316,0.296,-0.115,0.101,-0.041,58,W,17,N,,,394773,140.97,0
68,154.879,"Mount",-0.101,0.222,0.244,-0.013,0.065,0.000,37,W,0,,,,420796,143.89,0
69,157.094,"Mount",-0.054,0.300,0.291,-0.090,0.104,-0.032,59,W,14,N,,,455771,154.63,0
70,159.406,"Mount",-0.095,0.148,0.175,0.016,0.052,0.000,30,W,0,,,,403212,127.91,0
71,161.547,"Mount",-0.060,0.087,0.105,0.013,0.080,0.000,46,W,0,,,,393333,141.76,0
72,163.918,"Mount",-0.058,0.166,0.174,-0.026,0.113,0.000,65,W,0,,,,424869,138.50,0
73,166.053,"Mount",-0.072,0.151,0.167,-0.006,0.115,0.000,66,W,0,,,,417473,124.70,0
74,168.458,"Mount",0.002,0.150,0.132,-0.072,0.105,-0.026,60,W,11,N,,,431354,142.83,0
75,170.561,"Mount",0.053,-0.020,-0.042,-0.038,0.044,0.000,25,W,0,,,,421638,144.52,0
76,172.949,"Mount",0.106,-0.011,-0.059,-0.089,0.029,-0.032,16,W,14,N,,,409462,134.94,0
77,175.100,"Mount",0.125,-0.112,-0.157,-0.059,-0.042,0.000,24,E,0,,,,428514,135.63,0
78,177.442,"Mount",0.059,-0.191,-0.197,0.035,-0.125,0.000,72,E,0,,,,424337,149.82,0
79,179.559,"Mount",0.010,-0.063,-0.060,0.020,-0.078,0.000,45,E,0,,,,417067,138.70,0
80,181.867,"Mount",0.041,0.020,-0.001,-0.046,-0.045,0.000,26,E,0,,,,429827,183.22,0
81,183.974,"Mount",-0.031,-0.021,-0.004,0.037,-0.044,0.000,25,E,0,,,,428734,139.10,0
82,186.283,"Mount",0.053,-0.146,-0.154,0.020,-0.055,0.000,31,E,0,,,,409872,136.41,0
83,188.486,"Mount",0.029,0.169,0.137,-0.104,0.073,-0.037,42,W,16,N,,,408096,140.46,0
84,190.842,"Mount",-0.084,-0.002,0.037,0.076,0.020,0.026,12,W,11,S,,,426906,135.69,0
85,192.935,"Mount",-0.007,0.071,0.066,-0.026,0.054,0.000,31,W,0,,,,393937,132.63,0
86,195.273,"Mount",-0.049,-0.007,0.016,0.047,0.029,0.000,16,W,0,,,,406197,124.17,0
87,197.391,"Mount",-0.064,0.032,0.058,0.042,0.031,0.000,18,W,0,,,,432020,153.00,0
88,199.726,"Mount",-0.039,0.022,0.037,0.024,0.032,0.000,18,W,0,,,,389775,118.60,0
89,201.912,"Mount",0.035,0.092,0.066,-0.073,0.031,-0.026,18,W,11,N,,,409912,146.72,0
90,204.225,"Mount",-0.014,0.133,0.124,-0.049,0.051,0.000,29,W,0,,,,404456,145.15,0
91,206.302,"Mount",-0.052,0.097,0.110,0.002,0.038,0.000,22,W,0,,,,455042,149.58,0
92,208.625,"Mount",-0.058,0.124,0.137,-0.005,0.046,0.000,26,W,0,,,,407485,125.94,0
93,210.717,"Mount",-0.028,0.047,0.054,0.003,0.015,0.000,8,W,0,,,,415481,131.18,0
94,213.138,"Mount",-0.162,-0.009,0.067,0.148,0.046,0.053,26,W,23,S,,,425825,139.57,0
95,215.319,"Mount",-0.072,-0.002,0.032,0.065,0.018,0.025,10,W,11,S,,,402100,129.97,0
96,217.662,"Mount",0.036,0.058,0.035,-0.059,0.021,0.000,12,W,0,,,,423820,124.06,0
97,219.873,"Mount",0.103,0.135,0.072,-0.154,0.052,-0.055,30,W,24,N,,,381478,138.08,0
98,222.182,"Mount",-0.028,0.009,0.020,0.020,0.001,0.000,1,W,0,,,,415228,139.63,0
99,224.256,"Mount",-0.055,0.082,0.098,0.011,0.043,0.000,24,W,0,,,,397445,121.81,0
100,226.662,"Mount",0.032,0.133,0.104,-0.090,0.046,-0.033,26,W,14,N,,,415254,136.64,0
101,228.785,"Mount",-0.047,0.098,0.108,-0.004,0.049,0.000,28,W,0,,,,433466,156.97,0
102,231.202,"Mount",-0.156,-0.050,0.028,0.162,0.021,0.058,12,W,25,S,,,394454,120.31,0
103,233.311,"Mount",0.011,0.021,0.013,-0.019,0.022,0.000,12,W,0,,,,409607,143.87,0
104,235.656,"Mount",0.077,-0.072,-0.099,-0.035,-0.025,0.000,14,E,0,,,,402617,125.80,0
105,237.840,"Mount",0.117,-0.061,-0.108,-0.075,-0.029,-0.027,17,E,12,N,,,398353,123.77,0
106,240.146,"Mount",0.022,0.014,0.002,-0.026,0.016,0.000,9,W,0,,,,431093,143.10,0
107,242.237,"Mount",0.004,0.069,0.060,-0.035,-0.017,0.000,10,E,0,,,,428452,127.31,0
108,244.594,"Mount",0.005,0.064,0.054,-0.034,-0.019,0.000,11,E,0,,,,431371,164.17,0
109,246.670,"Mount",-0.001,0.084,0.075,-0.038,0.039,0.000,22,W,0,,,,424664,139.54,0
110,249.014,"Mount",-0.017,0.080,0.079,-0.022,0.043,0.000,25,W,0,,,,413149,125.88,0
111,251.137,"Mount",0.001,0.084,0.074,-0.040,0.044,0.000,25,W,0,,,,413328,132.79,0
112,253.474,"Mount",-0.032,0.066,0.074,-0.002,0.047,0.000,27,W,0,,,,406206,129.53,0
113,255.596,"Mount",0.004,0.103,0.089,-0.051,0.061,0.000,35,W,0,,,,412807,130.74,0
114,258.031,"Mount",0.184,0.180,0.075,-0.247,0.058,-0.089,33,W,38,N,,,415129,138.91,0
115,260.139,"Mount",0.034,0.006,-0.011,-0.033,0.026,0.000,15,W,0,,,,404299,125.68,0
116,262.497,"Mount",0.008,-0.189,-0.172,0.080,-0.045,0.029,26,E,12,S,,,402497,142.68,0
117,264.617,"Mount",0.064,-0.102,-0.120,-0.010,-0.025,0.000,14,E,0,,,,412620,153.89,0
118,266.969,"Mount",0.012,-0.087,-0.083,0.029,-0.058,0.000,33,E,0,,,,433565,140.98,0
119,269.123,"Mount",-0.071,-0.151,-0.101,0.133,-0.067,0.048,38,E,20,S,,,407429,125.51,0
120,271.461,"Mount",0.026,-0.081,-0.083,0.015,-0.050,0.000,28,E,0,,,,409656,135.47,0
121,273.585,"Mount",0.020,-0.131,-0.126,0.043,-0.065,0.000,37,E,0,,,,435803,179.19,0
122,276.002,"Mount",0.010,-0.175,-0.160,0.072,-0.079,0.026,45,E,11,S,,,415327,134.63,0
123,278.126,"Mount",0.069,-0.106,-0.126,-0.012,-0.061,0.000,35,E,0,,,,392446,121.13,0
124,280.503,"Mount",0.056,-0.211,-0.213,0.048,-0.093,0.000,53,E,0,,,,420106,143.80,0
125,282.644,"Mount",0.126,-0.246,-0.277,0.002,-0.131,0.000,75,E,0,,,,423044,151.09,0
126,285.105,"Mount",0.250,-0.225,-0.314,-0.118,-0.142,-0.042,81,E,18,N,,,406695,133.01,0
127,287.262,"Mount",0.143,-0.164,-0.211,-0.051,-0.100,0.000,57,E,0,,,,431398,154.48,0
128,289.684,"Mount",0.269,-0.165,-0.271,-0.162,-0.119,-0.058,68,E,25,N,,,405048,143.12,0
129,291.856,"Mount",0.013,-0.211,-0.193,0.085,-0.097,0.028,56,E,12,S,,,414661,129.02,0
130,294.225,"Mount",0.042,-0.168,-0.169,0.041,-0.082,0.000,47,E,0,,,,417443,130.21,0
131,296.330,"Mount",0.098,-0.110,-0.143,-0.036,-0.094,0.000,53,E,0,,,,412809,141.83,0
132,298.626,"Mount",0.042,0.017,-0.005,-0.045,-0.025,0.000,14,E,0,,,,417481,140.57,0
133,300.735,"Mount",0.025,-0.039,-0.046,-0.004,-0.013,0.000,8,E,0,,,,435523,143.62,0
134,303.201,"Mount",-0.005,-0.148,-0.129,0.073,-0.059,0.026,34,E,11,S,,,429464,143.36,0
135,305.434,"Mount",-0.019,-0.102,-0.082,0.064,-0.027,0.024,16,E,10,S,,,426002,140.86,0
136,307.717,"Mount",0.055,-0.058,-0.077,-0.022,0.004,0.000,2,W,0,,,,415077,153.67,0
137,309.827,"Mount",0.053,-0.032,-0.053,-0.032,0.049,0.000,28,W,0,,,,392647,120.47,0
138,312.148,"Mount",0.083,-0.170,-0.189,0.005,-0.031,0.000,18,E,0,,,,400021,140.65,0
139,314.253,"Mount",-0.002,-0.098,-0.086,0.047,0.022,0.000,13,W,0,,,,420356,141.04,0
140,316.623,"Mount",0.177,-0.023,-0.102,-0.146,-0.016,-0.053,9,E,23,N,,,395369,124.87,0
141,318.718,"Mount",0.095,-0.198,-0.220,0.007,-0.058,0.000,33,E,0,,,,408810,144.65,0
142,321.026,"Mount",0.109,-0.147,-0.180,-0.029,-0.058,0.000,33,E,0,,,,394249,132.88,0
143,323.179,"Mount",0.159,-0.260,-0.304,-0.021,-0.105,0.000,60,E,0,,,,429878,162.55,0
144,325.552,"Mount",0.148,-0.264,-0.303,-0.010,-0.095,0.000,54,E,0,,,,425908,150.39,0
145,327.767,"Mount",0.261,-0.316,-0.401,-0.086,-0.181,-0.031,103,E,13,N,,,409180,137.78,0
146,330.157,"Mount",0.148,-0.298,-0.332,0.006,-0.143,0.000,82,E,0,,,,419702,122.45,0
147,332.342,"Mount",0.120,-0.329,-0.347,0.045,-0.158,0.000,90,E,0,,,,397766,122.54,0
148,334.810,"Mount",0.357,-0.307,-0.437,-0.174,-0.189,-0.063,108,E,27,N,,,408266,137.63,0
149,337.154,"Mount",0.432,-0.747,-0.862,-0.038,-0.377,0.000,216,E,0,,,,424213,145.68,0
150,339.628,"Mount",0.333,-0.684,-0.760,0.020,-0.333,0.000,190,E,0,,,,419915,147.77,0
151,342.062,"Mount",0.609,-0.677,-0.881,-0.228,-0.453,-0.082,259,E,35,N,,,431218,144.33,0
152,344.546,"Mount",-0.029,-0.386,-0.330,0.204,-0.222,0.070,127,E,30,S,,,422692,145.30,0
153,346.700,"Mount",0.064,-0.075,-0.096,-0.023,-0.157,0.000,90,E,0,,,,412395,133.26,0
154,349.192,"Mount",-0.058,-0.147,-0.104,0.120,-0.159,0.043,91,E,18,S,,,409364,148.04,0
155,351.346,"Mount",0.071,-0.056,-0.082,-0.037,-0.098,0.000,56,E,0,,,,396826,123.95,0
156,353.739,"Mount",0.115,-0.103,-0.144,-0.055,-0.123,0.000,70,E,0,,,,405732,133.94,0
157,355.970,"Mount",0.152,-0.105,-0.163,-0.086,-0.113,-0.031,65,E,13,N,,,412198,125.77,0
158,358.340,"Mount",0.125,-0.214,-0.247,-0.012,-0.148,0.000,85,E,0,,,,416127,121.80,0
159,360.664,"Mount",0.275,-0.323,-0.414,-0.095,-0.213,-0.034,122,E,15,N,,,412236,146.71,0
160,363.018,"Mount",0.105,-0.208,-0.233,0.003,-0.152,0.000,87,E,0,,,,426999,140.46,0
161,365.171,"Mount",0.101,-0.199,-0.224,0.002,-0.137,0.000,78,E,0,,,,398367,121.91,0
162,367.553,"Mount",0.097,-0.160,-0.187,-0.013,-0.114,0.000,65,E,0,,,,391665,119.72,0
163,369.740,"Mount",0.224,-0.089,-0.182,-0.157,-0.098,-0.057,56,E,24,N,,,427001,127.25,0
164,372.130,"Mount",0.004,-0.158,-0.142,0.069,-0.072,0.023,41,E,10,S,,,418733,137.56,0
165,374.284,"Mount",-0.037,-0.106,-0.077,0.081,-0.032,0.030,18,E,13,S,,,420661,130.15,0
166,376.626,"Mount",0.097,-0.096,-0.130,-0.042,-0.065,0.000,37,E,0,,,,411890,135.34,0
167,378.785,"Mount",0.160,-0.251,-0.296,-0.026,-0.129,0.000,74,E,0,,,,408680,133.46,0
168,381.236,"Mount",0.173,0.019,-0.062,-0.162,-0.048,-0.058,27,E,25,N,,,419219,146.54,0
169,383.332,"Mount",0.018,0.037,0.025,-0.033,-0.019,0.000,11,E,0,,,,407941,144.42,0
170,385.659,"Mount",-0.035,-0.002,0.014,0.032,-0.031,0.000,18,E,0,,,,425005,148.78,0
171,387.766,"Mount",0.072,-0.054,-0.081,-0.039,-0.066,0.000,38,E,0,,,,412164,143.63,0
172,390.064,"Mount",-0.035,0.054,0.064,0.007,-0.006,0.000,3,E,0,,,,414032,154.42,0
173,392.218,"Mount",0.078,-0.011,-0.046,-0.064,-0.005,-0.023,3,E,10,N,,,404006,127.30,0
174,394.610,"Mount",-0.080,-0.057,-0.014,0.097,-0.003,0.034,1,E,14,S,,,408344,153.57,0
175,396.674,"Mount",0.053,0.022,-0.005,-0.057,0.009,0.000,5,W,0,,,,411884,127.34,0
176,399.108,"Mount",0.129,-0.073,-0.125,-0.081,-0.039,-0.029,23,E,12,N,,,412703,141.07,0
177,401.177,"Mount",-0.026,0.031,0.039,0.009,0.013,0.000,7,W,0,,,,399513,132.63,0
178,403.495,"Mount",-0.051,-0.011,0.014,0.051,0.019,0.000,11,W,0,,,,418446,130.71,0
179,405.643,"Mount",-0.020,0.072,0.073,-0.016,0.042,0.000,24,W,0,,,,411247,138.55,0
180,408.121,"Mount",-0.125,0.065,0.115,0.081,0.067,0.029,38,W,12,S,,,424400,135.97,0
181,410.228,"Mount",0.021,0.084,0.065,-0.057,0.053,0.000,30,W,0,,,,410473,135.62,0
182,412.596,"Mount",0.053,-0.026,-0.047,-0.035,0.034,0.000,20,W,0,,,,402976,137.91,0
183,414.686,"Mount",-0.076,0.027,0.059,0.055,0.041,0.000,23,W,0,,,,413564,138.48,0
184,417.085,"Mount",-0.095,0.170,0.195,0.006,0.124,0.000,71,W,0,,,,423135,148.50,0
185,419.286,"Mount",0.037,0.117,0.087,-0.087,0.084,-0.031,48,W,13,N,,,428372,138.86,0
186,421.767,"Mount",0.009,0.272,0.237,-0.134,0.167,-0.049,96,W,21,N,,,406442,125.96,0
187,423.907,"Mount",-0.033,0.154,0.152,-0.042,0.135,0.000,77,W,0,,,,428668,134.62,0
188,426.325,"Mount",-0.078,0.236,0.245,-0.040,0.188,0.000,107,W,0,,,,417953,140.53,0
189,428.511,"Mount",-0.126,0.132,0.175,0.051,0.156,0.000,89,W,0,,,,389160,133.64,0
190,430.925,"Mount",-0.015,0.152,0.142,-0.057,0.151,0.000,86,W,0,,,,419178,143.24,0
191,433.157,"Mount",0.021,0.165,0.137,-0.095,0.140,-0.034,80,W,15,N,,,388969,125.71,0
192,435.605,"Mount",0.197,0.074,-0.025,-0.209,0.073,-0.077,42,W,33,N,,,408046,152.28,0
193,437.755,"Mount",-0.051,0.079,0.094,0.009,0.099,0.000,57,W,0,,,,414141,143.38,0
194,440.155,"Mount",-0.049,0.005,0.027,0.041,0.046,0.000,26,W,0,,,,422111,147.10,0
195,442.358,"Mount",-0.084,0.028,0.063,0.061,0.033,0.022,19,W,9,S,,,408143,134.61,0
196,444.735,"Mount",-0.134,0.082,0.135,0.081,0.051,0.030,29,W,13,S,,,409285,135.02,0
197,446.840,"Mount",-0.019,0.047,0.050,-0.004,-0.021,0.000,12,E,0,,,,402916,133.68,0
198,449.194,"Mount",-0.041,0.020,0.037,0.027,-0.031,0.000,18,E,0,,,,428240,143.62,0
199,451.246,"Mount",-0.030,0.062,0.068,-0.002,0.015,0.000,9,W,0,,,,410829,130.25,0
200,453.582,"Mount",0.078,-0.100,-0.125,-0.023,-0.076,0.000,43,E,0,,,,426125,136.21,0
201,455.658,"Mount",0.004,0.004,0.002,-0.006,-0.018,0.000,10,E,0,,,,414606,135.59,0
202,457.951,"Mount",-0.016,0.103,0.099,-0.033,0.022,0.000,13,W,0,,,,415751,133.82,0
203,460.060,"Mount",-0.042,0.038,0.053,0.019,-0.017,0.000,9,E,0,,,,425557,140.40,0
204,462.397,"Mount",-0.083,0.021,0.057,0.064,-0.017,0.023,10,E,10,S,,,418970,146.47,0
205,464.474,"Mount",0.024,0.040,0.024,-0.040,-0.003,0.000,2,E,0,,,,425540,148.57,0
206,466.767,"Mount",-0.056,0.002,0.028,0.048,0.023,0.000,13,W,0,,,,406300,139.19,0
207,468.950,"Mount",-0.056,-0.079,-0.044,0.086,0.045,0.031,26,W,13,S,,,432764,137.28,0
208,471.271,"Mount",0.004,0.015,0.012,-0.010,0.069,0.000,39,W,0,,,,405217,142.92,0
209,473.390,"Mount",0.023,0.007,-0.004,-0.024,0.089,0.000,51,W,0,,,,426585,131.65,0
210,475.827,"Mount",0.027,0.137,0.109,-0.087,0.150,-0.031,86,W,13,N,,,441334,164.08,0
211,478.103,"Mount",0.045,0.180,0.139,-0.123,0.175,-0.046,100,W,20,N,,,396872,124.48,0
212,480.505,"Mount",-0.036,0.102,0.107,-0.015,0.173,0.000,99,W,0,,,,427865,139.61,0
213,482.676,"Mount",-0.063,0.101,0.118,0.009,0.169,0.000,97,W,0,,,,429580,162.72,0
214,485.080,"Mount",-0.105,0.081,0.121,0.056,0.164,0.000,94,W,0,,,,433070,159.89,0
215,487.402,"Mount",0.032,0.284,0.238,-0.159,0.185,-0.057,106,W,25,N,,,424916,144.47,0
216,489.842,"Mount",-0.206,0.171,0.247,0.103,0.175,0.035,100,W,15,S,,,430291,142.83,0
217,492.024,"Mount",-0.073,0.163,0.178,-0.011,0.137,0.000,78,W,0,,,,411341,141.96,0
218,494.479,"Mount",-0.205,0.128,0.208,0.123,0.143,0.044,81,W,19,S,,,437693,145.92,0
219,496.726,"Mount",-0.147,0.142,0.194,0.065,0.160,0.025,91,W,11,S,,,427619,154.40,0
220,499.148,"Mount",-0.169,0.216,0.270,0.050,0.199,0.000,114,W,0,,,,418098,149.32,0
221,501.363,"Mount",-0.068,0.243,0.247,-0.052,0.215,0.000,123,W,0,,,,418793,138.72,0
222,503.765,"Mount",-0.038,0.142,0.143,-0.032,0.179,0.000,103,W,0,,,,437790,143.45,0
223,505.953,"Mount",-0.049,0.100,0.112,-0.003,0.172,0.000,98,W,0,,,,426794,151.83,0
224,508.318,"Mount",0.047,-0.012,-0.032,-0.036,0.119,0.000,68,W,0,,,,407236,141.00,0
225,510.438,"Mount",0.092,-0.113,-0.143,-0.029,0.043,0.000,25,W,0,,,,421539,139.54,0
226,512.812,"Mount",0.135,-0.077,-0.130,-0.084,0.003,-0.030,2,W,13,N,,,410007,129.11,0
227,514.908,"Mount",0.015,-0.100,-0.096,0.033,-0.006,0.000,3,E,0,,,,417110,141.77,0
228,517.387,"Mount",0.187,-0.078,-0.155,-0.130,-0.113,-0.047,65,E,20,N,,,412734,119.70,0
229,519.490,"Mount",-0.001,-0.062,-0.055,0.029,-0.066,0.000,38,E,0,,,,424494,133.71,0
230,521.964,"Mount",-0.008,-0.133,-0.115,0.068,-0.136,0.025,77,E,11,S,,,442782,162.66,0
231,524.116,"Mount",0.009,0.071,0.059,-0.040,-0.091,0.000,52,E,0,,,,396580,136.47,0
232,526.440,"Mount",0.002,0.022,0.018,-0.012,-0.056,0.000,32,E,0,,,,405688,124.83,0
233,528.606,"Mount",-0.051,0.052,0.070,0.021,-0.018,0.000,10,E,0,,,,412954,148.82,0
234,530.895,"Mount",0.001,-0.015,-0.013,0.006,-0.004,0.000,2,E,0,,,,427613,149.32,0
235,533.060,"Mount",0.098,-0.104,-0.137,-0.039,-0.050,0.000,29,E,0,,,,409823,133.01,0
236,535.430,"Mount",0.181,-0.054,-0.131,-0.135,-0.031,-0.049,18,E,21,N,,,400298,141.98,0
237,537.530,"Mount",0.029,-0.164,-0.159,0.050,-0.036,0.000,21,E,0,,,,413643,129.46,0
238,539.913,"Mount",-0.069,-0.176,-0.124,0.142,-0.008,0.051,5,E,22,S,,,419009,145.84,0
239,542.050,"Mount",-0.047,0.108,0.117,-0.009,0.087,0.000,50,W,0,,,,414108,134.35,0
240,544.357,"Mount",-0.018,-0.021,-0.010,0.025,0.041,0.000,23,W,0,,,,415479,139.59,0
241,546.458,"Mount",-0.042,0.035,0.051,0.021,0.034,0.000,20,W,0,,,,402182,138.83,0
242,548.756,"Mount",-0.072,0.020,0.051,0.055,0.033,0.000,19,W,0,,,,420595,133.75,0
243,550.830,"Mount",0.025,-0.069,-0.072,0.010,-0.014,0.000,8,E,0,,,,396703,138.05,0
244,553.139,"Mount",-0.022,0.060,0.063,-0.008,0.042,0.000,24,W,0,,,,429639,138.85,0
245,555.245,"Mount",-0.073,0.032,0.062,0.050,0.035,0.000,20,W,0,,,,424075,131.33,0
246,557.523,"Mount",0.002,0.005,0.003,-0.004,0.003,0.000,2,W,0,,,,405078,140.39,0
247,559.740,"Mount",0.070,0.241,0.182,-0.173,0.082,-0.062,47,W,27,N,,,394366,123.17,0
248,562.067,"Mount",-0.029,-0.009,0.005,0.030,0.007,0.000,4,W,0,,,,436248,150.71,0
249,564.138,"Mount",-0.063,0.026,0.052,0.044,0.007,0.000,4,W,0,,,,404200,117.75,0
250,566.543,"Mount",0.062,0.037,0.004,-0.072,0.023,-0.026,13,W,11,N,,,398228,144.51,0
251,568.624,"Mount",0.075,-0.072,-0.098,-0.034,-0.020,0.000,12,E,0,,,,399673,123.15,0
252,570.997,"Mount",0.171,-0.025,-0.100,-0.140,-0.025,-0.050,14,E,22,N,,,423630,135.42,0
253,573.165,"Mount",-0.000,-0.148,-0.131,0.069,-0.041,0.023,23,E,10,S,,,414923,144.76,0
254,575.489,"Mount",0.016,-0.018,-0.023,-0.006,0.015,0.000,8,W,0,,,,412226,132.32,0
255,577.626,"Mount",0.127,-0.126,-0.170,-0.054,-0.087,0.000,49,E,0,,,,411331,122.92,0
256,579.981,"Mount",0.067,0.081,0.041,-0.097,-0.013,-0.035,8,E,15,N,,,406911,128.30,0
257,582.079,"Mount",-0.046,-0.007,0.015,0.044,-0.015,0.000,9,E,0,,,,430650,143.80,0
258,584.388,"Mount",0.057,-0.087,-0.104,-0.010,-0.060,0.000,34,E,0,,,,429513,151.65,0
259,586.505,"Mount",-0.016,-0.030,-0.019,0.027,0.007,0.000,4,W,0,,,,420631,135.57,0
260,588.830,"Mount",0.001,-0.012,-0.011,0.005,0.013,0.000,7,W,0,,,,414516,148.05,0
261,590.942,"Mount",0.012,0.079,0.065,-0.047,0.034,0.000,20,W,0,,,,414173,125.38,0
262,593.296,"Mount",-0.066,0.071,0.093,0.025,0.052,0.000,30,W,0,,,,396623,122.11,0
263,595.498,"Mount",-0.003,0.163,0.146,-0.073,0.078,-0.026,45,W,11,N,,,440199,156.82,0
264,597.867,"Mount",-0.015,0.133,0.125,-0.048,0.083,0.000,47,W,0,,,,423208,148.20,0
265,600.046,"Mount",0.074,0.061,0.020,-0.094,0.025,-0.034,14,W,14,N,,,399427,135.69,0
266,602.405,"Mount",-0.070,-0.008,0.025,0.065,0.032,0.022,18,W,9,S,,,407462,135.96,0
267,604.525,"Mount",-0.001,0.004,0.004,-0.001,0.026,0.000,15,W,0,,,,419614,138.09,0
268,606.914,"Mount",-0.106,0.027,0.072,0.081,0.037,0.029,21,W,13,S,,,432019,133.30,0
269,609.083,"Mount",-0.093,0.012,0.054,0.077,-0.004,0.029,3,E,12,S,,,422200,118.36,0
270,611.392,"Mount",0.043,0.039,0.014,-0.056,-0.011,0.000,6,E,0,,,,427472,148.67,0
271,613.502,"Mount",-0.030,0.024,0.036,0.016,-0.020,0.000,12,E,0,,,,430415,158.59,0
272,615.910,"Mount",0.051,-0.028,-0.048,-0.032,-0.026,0.000,15,E,0,,,,427831,150.75,0
273,618.251,"Mount",0.146,-0.129,-0.182,-0.070,-0.117,-0.025,67,E,11,N,,,396851,124.15,0
274,620.636,"Mount",0.098,-0.156,-0.183,-0.015,-0.132,0.000,75,E,0,,,,398329,139.85,0
275,622.774,"Mount",0.078,-0.158,-0.176,0.004,-0.148,0.000,85,E,0,,,,421925,120.81,0
276,627.342,"Mount",0.125,-0.267,-0.294,0.012,-0.247,0.000,141,E,0,,,,426396,136.76,0
277,629.745,"Mount",0.064,-0.169,-0.179,0.021,-0.187,0.000,107,E,0,,,,425364,127.77,0
278,631.943,"Mount",0.109,-0.210,-0.237,-0.000,-0.208,0.000,119,E,0,,,,423601,145.49,0
279,634.287,"Mount",0.041,-0.094,-0.102,0.007,-0.149,0.000,85,E,0,,,,423685,128.31,0
280,636.552,"Mount",0.204,0.056,-0.044,-0.207,-0.127,-0.075,73,E,32,N,,,408150,141.15,0
281,638.957,"Mount",0.084,-0.184,-0.202,0.010,-0.215,0.000,123,E,0,,,,425194,142.08,0
282,641.171,"Mount",0.080,-0.014,-0.049,-0.064,-0.085,-0.023,49,E,10,N,,,401950,135.15,0
283,643.542,"Mount",0.028,-0.006,-0.018,-0.022,-0.072,0.000,41,E,0,,,,418943,148.43,0
284,645.743,"Mount",-0.049,-0.008,0.015,0.047,-0.056,0.000,32,E,0,,,,411254,137.58,0
285,648.039,"Mount",0.015,0.010,0.002,-0.018,-0.042,0.000,24,E,0,,,,425712,162.37,0
286,650.148,"Mount",0.012,-0.046,-0.047,0.011,-0.026,0.000,15,E,0,,,,392778,134.65,0
287,652.511,"Mount",0.143,0.069,-0.005,-0.158,0.008,-0.057,5,W,24,N,,,408040,128.23,0
288,654.637,"Mount",0.037,-0.132,-0.134,0.028,-0.043,0.000,25,E,0,,,,401593,133.56,0
289,657.051,"Mount",0.135,-0.069,-0.123,-0.088,-0.026,-0.032,15,E,13,N,,,423453,138.54,0
290,659.236,"Mount",0.167,-0.106,-0.170,-0.099,-0.052,-0.037,30,E,16,N,,,412474,146.02,0
291,661.559,"Mount",-0.001,-0.063,-0.055,0.030,-0.012,0.000,7,E,0,,,,412723,145.10,0
292,663.676,"Mount",0.059,0.012,-0.017,-0.058,-0.022,0.000,12,E,0,,,,417699,154.55,0
293,666.032,"Mount",-0.057,-0.072,-0.038,0.084,-0.043,0.030,25,E,13,S,,,425730,148.41,0
294,668.186,"Mount",0.007,-0.128,-0.117,0.053,-0.114,0.000,65,E,0,,,,409066,133.57,0
295,670.559,"Mount",0.084,-0.127,-0.152,-0.016,-0.153,0.000,87,E,0,,,,431304,149.01,0
296,672.694,"Mount",0.015,-0.057,-0.057,0.013,-0.106,0.000,61,E,0,,,,417969,143.60,0
297,675.125,"Mount",0.079,-0.076,-0.104,-0.035,-0.192,0.000,110,E,0,,,,406398,125.25,0
298,677.372,"Mount",0.069,-0.109,-0.128,-0.011,-0.224,0.000,128,E,0,,,,429352,150.53,0
299,679.763,"Mount",0.053,-0.006,-0.030,-0.044,-0.196,0.000,112,E,0,,,,397154,132.51,0
300,682.005,"Mount",0.036,-0.135,-0.136,0.030,-0.263,0.000,151,E,0,,,,417723,143.19,0
301,684.548,"Mount",0.143,0.056,-0.016,-0.153,-0.214,-0.055,123,E,24,N,,,406394,138.44,0
302,686.751,"Mount",0.011,-0.087,-0.082,0.031,-0.239,0.000,137,E,0,,,,436758,139.51,0
303,689.256,"Mount",0.164,0.020,-0.058,-0.155,-0.190,-0.056,109,E,24,N,,,434773,139.50,0
304,691.455,"Mount",0.053,-0.009,-0.032,-0.043,-0.171,0.000,98,E,0,,,,418220,143.96,0
305,693.952,"Mount",0.101,-0.131,-0.163,-0.029,-0.224,0.000,128,E,0,,,,414731,153.13,0
306,696.104,"Mount",0.048,-0.082,-0.095,-0.004,-0.177,0.000,101,E,0,,,,403562,120.33,0
307,698.440,"Mount",0.034,-0.022,-0.035,-0.020,-0.121,0.000,69,E,0,,,,412266,134.13,0
308,700.639,"Mount",0.068,-0.105,-0.125,-0.011,-0.163,0.000,93,E,0,,,,401137,120.90,0
309,703.060,"Mount",0.011,-0.063,-0.061,0.020,-0.152,0.000,87,E,0,,,,397953,124.15,0
310,705.272,"Mount",0.110,-0.137,-0.173,-0.034,-0.197,0.000,113,E,0,,,,417336,148.78,0
311,707.727,"Mount",0.185,0.096,-0.000,-0.208,-0.102,-0.075,59,E,32,N,,,418425,145.48,0
312,709.865,"Mount",0.036,0.005,-0.012,-0.034,-0.101,0.000,58,E,0,,,,424547,184.90,0
313,712.233,"Mount",-0.084,0.117,0.142,0.020,-0.040,0.000,23,E,0,,,,432248,165.35,0
314,714.334,"Mount",-0.049,0.065,0.081,0.013,-0.058,0.000,33,E,0,,,,433306,143.42,0
315,716.717,"Mount",0.058,0.038,0.007,-0.069,-0.095,-0.025,54,E,11,N,,,421851,163.17,0
316,718.866,"Mount",-0.025,0.029,0.038,0.009,-0.080,0.000,46,E,0,,,,412664,141.34,0
317,721.211,"Mount",0.003,0.031,0.026,-0.017,-0.083,0.000,47,E,0,,,,417119,142.58,0
318,723.315,"Mount",-0.116,0.121,0.161,0.047,0.010,0.000,6,W,0,,,,412994,135.90,0
319,725.607,"Mount",-0.083,0.075,0.104,0.039,-0.006,0.000,3,E,0,,,,396304,136.62,0
320,727.821,"Mount",0.109,0.067,0.010,-0.127,-0.036,-0.046,21,E,20,N,,,419837,147.40,0
321,730.251,"Mount",-0.121,-0.029,0.030,0.121,-0.032,0.042,18,E,18,S,,,411849,131.06,0
322,732.313,"Mount",0.017,0.004,-0.004,-0.017,-0.004,0.000,2,E,0,,,,432407,131.50,0
323,734.692,"Mount",-0.222,0.066,0.161,0.166,0.074,0.060,42,W,26,S,,,407492,131.14,0
324,736.816,"Mount",0.001,-0.008,-0.008,0.003,0.004,0.000,2,W,0,,,,400399,119.60,0
325,739.151,"Mount",-0.012,0.017,0.020,0.003,0.006,0.000,3,W,0,,,,426947,156.73,0
326,741.273,"Mount",0.031,-0.081,-0.086,0.010,-0.038,0.000,22,E,0,,,,415207,148.63,0
327,743.596,"Mount",0.048,-0.096,-0.108,0.002,-0.050,0.000,28,E,0,,,,412804,126.35,0
328,745.721,"Mount",-0.076,-0.104,-0.057,0.115,-0.019,0.041,11,E,18,S,,,418495,140.66,0
329,748.044,"Mount",0.008,-0.022,-0.023,0.003,-0.018,0.000,10,E,0,,,,414192,144.20,0
330,750.135,"Mount",-0.052,0.081,0.096,0.008,0.031,0.000,18,W,0,,,,410418,136.74,0
331,752.506,"Mount",-0.051,-0.080,-0.047,0.082,-0.014,0.030,8,E,13,S,,,422613,140.82,0
332,754.630,"Mount",-0.066,0.166,0.178,-0.018,0.077,0.000,44,W,0,,,,409334,130.38,0
333,757.002,"Mount",-0.120,0.125,0.167,0.049,0.108,0.000,61,W,0,,,,431805,171.45,0
334,759.200,"Mount",-0.071,0.126,0.144,0.005,0.115,0.000,66,W,0,,,,418577,148.31,0
335,761.712,"Mount",0.131,0.142,0.065,-0.182,0.127,-0.065,72,W,28,N,,,414605,146.45,0
336,763.850,"Mount",-0.054,0.037,0.058,0.031,0.113,0.000,65,W,0,,,,408880,150.90,0
337,766.292,"Mount",-0.068,-0.006,0.026,0.063,0.128,0.023,73,W,10,S,,,418777,133.79,0
338,768.506,"Mount",-0.095,0.106,0.138,0.035,0.198,0.000,113,W,0,,,,422667,145.44,0
339,770.925,"Mount",-0.074,0.037,0.067,0.049,0.166,0.000,95,W,0,,,,410966,131.72,0
340,773.166,"Mount",0.063,0.029,-0.003,-0.069,0.132,-0.025,75,W,11,N,,,414147,132.02,0
341,775.587,"Mount",-0.035,0.091,0.097,-0.010,0.179,0.000,102,W,0,,,,421380,152.33,0
342,777.754,"Mount",0.061,-0.102,-0.119,-0.007,0.062,0.000,35,W,0,,,,401872,129.71,0
343,780.143,"Mount",-0.037,-0.029,-0.009,0.047,0.105,0.000,60,W,0,,,,423152,157.29,0
344,782.282,"Mount",-0.071,0.032,0.061,0.048,0.088,0.000,50,W,0,,,,420342,165.25,0
345,784.591,"Mount",0.057,-0.040,-0.061,-0.032,0.015,0.000,8,W,0,,,,435972,138.03,0
346,786.668,"Mount",-0.003,0.033,0.031,-0.013,0.033,0.000,19,W,0,,,,402449,140.48,0
347,789.006,"Mount",-0.077,0.053,0.082,0.043,0.053,0.000,30,W,0,,,,430828,153.48,0
348,791.205,"Mount",-0.006,0.147,0.133,-0.063,0.080,-0.023,46,W,10,N,,,412814,131.73,0
349,793.581,"Mount",-0.078,-0.025,0.014,0.080,0.007,0.028,4,W,12,S,,,408898,124.73,0
350,795.750,"Mount",-0.070,-0.009,0.024,0.067,0.024,0.025,14,W,11,S,,,403567,121.00,0
351,798.169,"Mount",0.038,-0.078,-0.086,0.002,-0.024,0.000,14,E,0,,,,439661,186.64,0
352,800.253,"Mount",0.067,-0.001,-0.032,-0.059,0.011,0.000,6,W,0,,,,420690,155.01,0
353,802.590,"Mount",0.096,-0.094,-0.127,-0.042,-0.065,0.000,37,E,0,,,,421298,147.26,0
354,804.651,"Mount",0.068,-0.025,-0.054,-0.049,-0.010,0.000,6,E,0,,,,412537,135.91,0
355,806.936,"Mount",-0.065,0.059,0.083,0.030,0.000,0.000,0,,0,,,,408873,128.57,0
356,809.192,"Mount",0.110,0.016,-0.036,-0.105,-0.030,-0.038,17,E,16,N,,,415094,134.96,0
357,811.484,"Mount",-0.004,-0.021,-0.017,0.013,-0.015,0.000,8,E,0,,,,417859,130.16,0
358,813.669,"Mount",0.083,-0.019,-0.055,-0.065,0.002,-0.023,1,W,10,N,,,422543,147.37,0
359,815.976,"Mount",-0.002,0.066,0.059,-0.028,0.024,0.000,14,W,0,,,,398589,139.18,0
360,818.111,"Mount",-0.063,0.034,0.059,0.040,0.048,0.000,28,W,0,,,,433601,140.10,0
361,820.453,"Mount",0.017,-0.007,-0.014,-0.012,0.079,0.000,45,W,0,,,,413387,125.07,0
362,822.584,"Mount",0.035,-0.017,-0.031,-0.023,0.110,0.000,63,W,0,,,,409781,130.20,0
363,825.002,"Mount",-0.011,0.055,0.054,-0.016,0.141,0.000,81,W,0,,,,411707,132.77,0
364,827.216,"Mount",0.016,0.097,0.079,-0.059,0.185,0.000,106,W,0,,,,392901,119.54,0
365,829.634,"Mount",-0.102,0.113,0.147,0.038,0.232,0.000,133,W,0,,,,405227,139.94,0
366,831.876,"Mount",-0.071,0.250,0.254,-0.053,0.289,0.000,165,W,0,,,,412216,145.40,0
367,834.420,"Mount",0.094,0.206,0.140,-0.179,0.242,-0.064,138,W,28,N,,,417312,132.73,0
368,836.618,"Mount",0.028,0.042,0.024,-0.044,0.190,0.000,108,W,0,,,,397620,122.83,0
369,839.144,"Mount",-0.170,0.096,0.163,0.106,0.256,0.038,146,W,16,S,,,397101,132.85,0
370,841.359,"Mount",-0.037,0.043,0.056,0.013,0.174,0.000,100,W,0,,,,426660,137.26,0
371,843.778,"Mount",-0.039,0.147,0.149,-0.033,0.232,0.000,132,W,0,,,,429752,150.41,0
372,845.963,"Mount",-0.050,0.117,0.127,-0.009,0.208,0.000,119,W,0,,,,398655,137.51,0
373,848.325,"Mount",0.022,-0.089,-0.089,0.022,0.104,0.000,59,W,0,,,,406804,140.63,0
374,850.558,"Mount",-0.085,-0.068,-0.021,0.107,0.128,0.038,73,W,16,S,,,420546,151.23,0
375,852.933,"Mount",0.024,-0.101,-0.101,0.026,0.059,0.000,34,W,0,,,,407807,127.48,0
376,855.066,"Mount",-0.015,0.022,0.026,0.003,0.080,0.000,46,W,0,,,,417915,138.37,0
377,857.402,"Mount",0.036,0.023,0.004,-0.043,0.016,0.000,9,W,0,,,,413010,134.56,0
378,859.481,"Mount",-0.052,0.081,0.096,0.009,0.032,0.000,18,W,0,,,,416963,127.78,0
379,861.819,"Mount",-0.034,0.021,0.034,0.020,-0.021,0.000,12,E,0,,,,404405,125.54,0
380,863.907,"Mount",-0.018,0.063,0.064,-0.013,-0.016,0.000,9,E,0,,,,408426,126.31,0
381,866.280,"Mount",0.064,0.031,-0.002,-0.071,-0.017,-0.026,10,E,11,N,,,407940,145.68,0
382,868.373,"Mount",-0.103,0.073,0.112,0.058,0.025,0.000,14,W,0,,,,430028,154.87,0
383,870.679,"Mount",-0.035,-0.055,-0.033,0.057,-0.007,0.000,4,E,0,,,,406414,126.76,0
384,872.792,"Mount",-0.018,-0.073,-0.056,0.050,-0.007,0.000,4,E,0,,,,414133,138.01,0
385,875.195,"Mount",0.107,-0.030,-0.076,-0.081,-0.034,-0.029,19,E,13,N,,,415812,125.45,0
386,877.365,"Mount",0.071,0.012,-0.022,-0.068,-0.004,-0.026,2,E,11,N,,,423864,149.80,0
387,879.690,"Mount",0.080,-0.118,-0.142,-0.017,-0.058,0.000,33,E,0,,,,436510,130.24,0
388,881.801,"Mount",-0.008,-0.055,-0.045,0.032,-0.006,0.000,4,E,0,,,,395078,131.96,0
389,884.126,"Mount",0.005,0.052,0.044,-0.029,0.002,0.000,1,W,0,,,,407914,121.40,0
390,886.231,"Mount",0.013,-0.041,-0.042,0.007,-0.006,0.000,3,E,0,,,,407450,138.28,0
391,888.557,"Mount",-0.088,0.073,0.105,0.044,0.048,0.000,27,W,0,,,,423728,133.85,0
392,890.678,"Mount",-0.102,0.123,0.156,0.033,0.083,0.000,48,W,0,,,,414846,142.89,0
393,892.983,"Mount",0.015,0.020,0.011,-0.022,0.017,0.000,10,W,0,,,,437823,149.18,0
394,895.174,"Mount",0.051,0.150,0.109,-0.114,0.067,-0.041,38,W,18,N,,,413102,132.66,0
395,897.737,"Mount",0.013,0.252,0.218,-0.127,0.138,-0.047,79,W,20,N,,,389967,133.45,0
396,899.874,"Mount",-0.000,0.116,0.103,-0.054,0.083,0.000,47,W,0,,,,411352,144.09,0
397,902.227,"Mount",-0.040,-0.027,-0.006,0.047,0.042,0.000,24,W,0,,,,413468,131.12,0
398,904.301,"Mount",0.044,0.013,-0.009,-0.046,0.034,0.000,20,W,0,,,,415073,150.54,0
399,906.658,"Mount",0.082,0.022,-0.018,-0.082,0.021,-0.030,12,W,13,N,,,430148,147.11,0
400,908.781,"Mount",-0.071,-0.098,-0.055,0.108,0.015,0.038,9,W,16,S,,,392034,129.04,0
401,911.076,"Mount",0.051,0.005,-0.019,-0.048,0.009,0.000,5,W,0,,,,409952,135.56,0
402,913.212,"Mount",0.075,0.010,-0.026,-0.071,0.004,-0.026,2,W,11,N,,,418574,130.99,0
403,915.553,"Mount",0.051,-0.085,-0.099,-0.006,-0.047,0.000,27,E,0,,,,410564,124.39,0
404,917.687,"Mount",0.005,-0.133,-0.120,0.057,-0.055,0.000,32,E,0,,,,412412,136.67,0
405,920.103,"Mount",-0.006,-0.154,-0.134,0.076,-0.067,0.027,38,E,12,S,,,399690,125.30,0
406,922.247,"Mount",0.049,-0.134,-0.142,0.018,-0.082,0.000,47,E,0,,,,434462,145.56,0
407,924.633,"Mount",0.063,0.015,-0.015,-0.063,-0.022,-0.023,13,E,10,N,,,395853,137.86,0
408,926.788,"Mount",-0.080,-0.083,-0.037,0.110,-0.024,0.039,14,E,16,S,,,404219,139.23,0
409,929.084,"Mount",-0.022,0.107,0.106,-0.030,0.022,0.000,13,W,0,,,,410268,130.98,0
410,931.176,"Mount",0.009,0.030,0.023,-0.022,-0.008,0.000,5,E,0,,,,415194,137.21,0
411,933.520,"Mount",-0.052,0.067,0.083,0.015,0.033,0.000,19,W,0,,,,408697,141.67,0
412,935.613,"Mount",0.027,0.060,0.041,-0.052,0.017,0.000,10,W,0,,,,413906,130.15,0
413,937.930,"Mount",0.029,0.063,0.043,-0.055,0.025,0.000,14,W,0,,,,406805,138.19,0
414,940.050,"Mount",-0.014,0.085,0.082,-0.027,0.069,0.000,39,W,0,,,,417936,142.61,0
415,942.343,"Mount",-0.035,0.015,0.029,0.024,0.038,0.000,22,W,0,,,,413452,141.78,0
416,944.543,"Mount",-0.002,0.188,0.168,-0.085,0.116,-0.031,66,W,13,N,,,410983,143.87,0
417,946.935,"Mount",-0.064,-0.010,0.021,0.061,0.038,0.021,22,W,9,S,,,425795,150.30,0
418,949.115,"Mount",0.049,0.083,0.051,-0.081,0.032,-0.029,18,W,12,N,,,409802,122.67,0
419,951.552,"Mount",-0.158,0.069,0.134,0.109,0.092,0.038,52,W,16,S,,,422480,159.14,0
420,953.753,"Mount",-0.095,0.023,0.064,0.073,0.050,0.028,28,W,12,S,,,404373,135.35,0
421,956.152,"Mount",0.162,-0.047,-0.116,-0.123,-0.039,-0.043,22,E,18,N,,,436610,143.53,0
422,958.256,"Mount",0.039,0.014,-0.006,-0.041,-0.003,0.000,2,E,0,,,,429344,148.08,0
423,960.589,"Mount",0.101,-0.065,-0.104,-0.060,-0.068,0.000,39,E,0,,,,434464,152.40,0
424,962.660,"Mount",-0.032,-0.014,0.002,0.035,-0.045,0.000,26,E,0,,,,428120,131.63,0
425,965.014,"Mount",-0.031,-0.025,-0.008,0.039,-0.069,0.000,39,E,0,,,,408864,131.67,0
426,967.258,"Mount",0.044,-0.047,-0.062,-0.017,-0.116,0.000,66,E,0,,,,389395,128.01,0
427,969.624,"Mount",-0.007,-0.083,-0.070,0.045,-0.143,0.000,82,E,0,,,,404162,119.37,0
428,971.762,"Mount",0.067,-0.110,-0.129,-0.009,-0.179,0.000,103,E,0,,,,433944,158.50,0
429,974.237,"Mount",0.194,0.108,0.007,-0.222,-0.140,-0.080,80,E,34,N,,,411326,118.90,0
430,976.388,"Mount",-0.006,-0.021,-0.016,0.015,-0.144,0.000,83,E,0,,,,418376,126.46,0
431,978.864,"Mount",-0.102,-0.138,-0.076,0.154,-0.182,0.056,104,E,24,S,,,435431,161.86,0
432,981.023,"Mount",0.033,0.053,0.032,-0.054,-0.135,0.000,77,E,0,,,,400935,126.89,0
433,983.398,"Mount",-0.001,0.004,0.004,-0.002,-0.126,0.000,72,E,0,,,,419605,146.36,0
434,985.520,"Mount",-0.022,0.063,0.066,-0.009,-0.077,0.000,44,E,0,,,,411135,137.17,0
435,987.865,"Mount",-0.078,0.048,0.079,0.047,-0.057,0.000,33,E,0,,,,418012,129.37,0
436,989.971,"Mount",-0.071,0.044,0.072,0.043,-0.040,0.000,23,E,0,,,,386108,126.36,0
437,992.328,"Mount",-0.097,0.055,0.094,0.060,0.013,0.022,7,W,9,S,,,421493,144.26,0
438,994.465,"Mount",-0.085,0.004,0.042,0.073,-0.014,0.027,8,E,12,S,,,398799,158.00,0
439,996.778,"Mount",-0.007,-0.031,-0.025,0.020,-0.006,0.000,3,E,0,,,,409802,139.25,0
440,998.894,"Mount",0.013,-0.075,-0.073,0.023,-0.032,0.000,18,E,0,,,,427787,129.46,0
441,1001.236,"Mount",0.046,-0.053,-0.069,-0.016,-0.060,0.000,34,E,0,,,,416463,159.95,0
442,1003.434,"Mount",0.121,-0.098,-0.142,-0.062,-0.092,-0.022,53,E,10,N,,,433376,141.63,0
443,1005.901,"Mount",0.158,0.003,-0.070,-0.142,-0.085,-0.052,48,E,22,N,,,413155,132.64,0
444,1008.100,"Mount",0.086,-0.003,-0.043,-0.075,-0.053,-0.029,31,E,12,N,,,417642,139.27,0
445,1010.413,"Mount",0.045,0.021,-0.003,-0.049,-0.061,0.000,35,E,0,,,,411169,141.55,0
446,1012.678,"Mount",0.054,0.034,0.005,-0.064,-0.062,-0.023,36,E,10,N,,,401859,123.88,0
447,1015.143,"Mount",-0.193,-0.130,-0.026,0.231,-0.082,0.082,47,E,35,S,,,413756,136.83,0
448,1017.297,"Mount",0.014,-0.127,-0.119,0.046,-0.124,0.000,71,E,0,,,,418118,130.62,0
449,1019.607,"Mount",-0.015,0.028,0.031,0.000,-0.101,0.000,58,E,0,,,,416209,143.36,0
450,1021.860,"Mount",0.134,-0.050,-0.107,-0.096,-0.175,-0.035,100,E,15,N,,,391552,119.89,0
451,1024.313,"Mount",0.004,-0.136,-0.123,0.059,-0.225,0.000,129,E,0,,,,413554,124.34,0
452,1026.523,"Mount",0.056,0.005,-0.021,-0.052,-0.198,0.000,113,E,0,,,,419792,132.90,0
453,1028.943,"Mount",0.051,-0.012,-0.034,-0.039,-0.216,0.000,124,E,0,,,,398235,135.96,0
454,1031.237,"Mount",0.109,0.051,-0.005,-0.120,-0.232,-0.043,133,E,18,N,,,412708,148.66,0
455,1033.735,"Mount",0.074,-0.068,-0.095,-0.034,-0.284,0.000,162,E,0,,,,404246,141.38,0
456,1035.983,"Mount",0.039,-0.071,-0.081,-0.002,-0.255,0.000,146,E,0,,,,402139,136.73,0
457,1038.460,"Mount",-0.080,-0.094,-0.047,0.114,-0.198,0.041,113,E,18,S,,,416406,134.27,0
458,1040.642,"Mount",-0.040,-0.017,0.003,0.043,-0.167,0.000,96,E,0,,,,413502,139.47,0
459,1043.000,"Mount",0.046,-0.033,-0.050,-0.026,-0.140,0.000,80,E,0,,,,416479,125.00,0
460,1045.186,"Mount",0.027,-0.074,-0.078,0.011,-0.148,0.000,84,E,0,,,,400362,124.52,0
461,1047.637,"Mount",-0.039,-0.115,-0.084,0.088,-0.117,0.032,67,E,13,S,,,418302,134.50,0
462,1049.839,"Mount",0.078,-0.187,-0.202,0.017,-0.164,0.000,94,E,0,,,,425315,158.86,0
463,1052.395,"Mount",0.162,-0.128,-0.189,-0.084,-0.175,-0.030,100,E,13,N,,,414965,144.76,0
464,1054.617,"Mount",0.080,-0.193,-0.208,0.019,-0.192,0.000,110,E,0,,,,408806,121.97,0
465,1057.045,"Mount",0.099,-0.142,-0.171,-0.022,-0.219,0.000,125,E,0,,,,421724,140.52,0
466,1059.216,"Mount",-0.008,-0.086,-0.073,0.047,-0.175,0.000,100,E,0,,,,398119,127.12,0
467,1061.631,"Mount",0.019,0.012,0.002,-0.023,-0.160,0.000,91,E,0,,,,408143,152.52,0
468,1063.787,"Mount",-0.022,0.055,0.059,-0.006,-0.144,0.000,82,E,0,,,,426902,161.94,0
469,1066.090,"Mount",-0.070,0.246,0.250,-0.052,-0.011,0.000,6,E,0,,,,396790,133.26,0
470,1068.260,"Mount",-0.163,0.123,0.184,0.088,-0.018,0.032,10,E,14,S,,,421445,132.52,0
471,1070.672,"Mount",0.119,0.145,0.074,-0.173,-0.050,-0.061,28,E,26,N,,,411983,140.28,0
472,1072.824,"Mount",-0.106,0.248,0.269,-0.020,0.092,0.000,52,W,0,,,,414719,143.81,0
473,1075.243,"Mount",-0.126,0.064,0.115,0.082,0.040,0.029,23,W,13,S,,,402865,133.97,0
474,1077.378,"Mount",-0.087,0.091,0.121,0.035,0.082,0.000,47,W,0,,,,407013,144.05,0
475,1079.713,"Mount",-0.009,-0.023,-0.016,0.018,0.035,0.000,20,W,0,,,,398560,134.10,0
476,1081.861,"Mount",-0.053,-0.073,-0.040,0.081,0.017,0.029,10,W,12,S,,,405689,131.74,0
477,1084.154,"Mount",0.059,-0.013,-0.039,-0.046,0.015,0.000,9,W,0,,,,418071,137.54,0
478,1086.265,"Mount",-0.024,-0.003,0.009,0.023,-0.021,0.000,12,E,0,,,,425962,140.08,0
479,1088.601,"Mount",0.063,-0.044,-0.068,-0.036,-0.056,0.000,32,E,0,,,,418409,125.52,0
480,1090.686,"Mount",0.014,-0.041,-0.043,0.006,-0.027,0.000,16,E,0,,,,403781,124.82,0
481,1093.025,"Mount",0.077,-0.027,-0.059,-0.056,-0.028,0.000,16,E,0,,,,412014,132.66,0
482,1095.225,"Mount",0.101,-0.047,-0.089,-0.068,-0.059,-0.025,34,E,10,N,,,428958,142.29,0
483,1097.596,"Mount",0.093,0.098,0.044,-0.127,-0.003,-0.047,2,E,20,N,,,402254,126.59,0
484,1099.720,"Mount",0.004,0.091,0.079,-0.046,0.047,0.000,27,W,0,,,,413394,131.22,0
485,1102.105,"Mount",0.038,-0.056,-0.067,-0.007,0.014,0.000,8,W,0,,,,404248,136.62,0
486,1104.311,"Mount",0.069,0.008,-0.024,-0.065,0.058,-0.023,33,W,10,N,,,433980,130.37,0
487,1106.700,"Mount",0.062,0.053,0.018,-0.079,0.071,-0.029,41,W,13,N,,,411691,132.07,0
488,1108.942,"Mount",-0.165,0.036,0.107,0.130,0.130,0.046,75,W,19,S,,,427361,133.74,0
489,1111.392,"Mount",-0.154,0.052,0.117,0.113,0.148,0.042,84,W,18,S,,,425357,136.02,0
490,1113.559,"Mount",0.008,0.048,0.039,-0.029,0.101,0.000,58,W,0,,,,427153,136.75,0
491,1115.965,"Mount",-0.069,0.037,0.065,0.044,0.146,0.000,84,W,0,,,,440222,163.01,0
492,1118.148,"Mount",-0.080,0.049,0.080,0.048,0.154,0.000,88,W,0,,,,423067,134.27,0
493,1120.552,"Mount",0.081,-0.008,-0.044,-0.068,0.124,-0.024,71,W,10,N,,,416451,131.17,0
494,1122.676,"Mount",-0.005,0.031,0.030,-0.010,0.117,0.000,67,W,0,,,,421220,128.80,0
495,1125.131,"Mount",0.076,0.018,-0.019,-0.075,0.117,-0.027,67,W,12,N,,,416162,145.67,0
496,1127.238,"Mount",0.063,-0.092,-0.110,-0.013,0.041,0.000,24,W,0,,,,402731,139.85,0
497,1129.562,"Mount",0.001,-0.066,-0.060,0.030,0.082,0.000,47,W,0,,,,425054,135.27,0
498,1131.758,"Mount",-0.015,-0.160,-0.135,0.087,0.003,0.031,2,W,13,S,,,424690,138.48,0
499,1134.174,"Mount",-0.056,-0.055,-0.023,0.075,0.052,0.028,30,W,12,S,,,417600,138.67,0
500,1136.297,"Mount",-0.024,0.014,0.023,0.015,0.049,0.000,28,W,0,,,,408670,136.67,0
501,1138.651,"Mount",-0.054,0.020,0.042,0.039,0.037,0.000,21,W,0,,,,421760,137.68,0
502,1140.861,"Mount",-0.027,0.022,0.032,0.013,0.040,0.000,23,W,0,,,,425001,135.00,0
503,1143.137,"Mount",-0.005,-0.086,-0.074,0.044,-0.005,0.000,3,E,0,,,,428976,138.66,0
504,1145.276,"Mount",0.069,-0.143,-0.159,0.005,-0.056,0.000,32,E,0,,,,404844,139.68,0
505,1147.584,"Mount",0.027,-0.076,-0.080,0.011,-0.036,0.000,21,E,0,,,,413096,140.32,0
506,1149.749,"Mount",0.081,-0.009,-0.046,-0.068,-0.008,-0.024,5,E,10,N,,,440245,156.72,0
507,1152.091,"Mount",0.067,-0.146,-0.160,0.008,-0.114,0.000,65,E,0,,,,418421,134.84,0
508,1154.262,"Mount",0.122,-0.241,-0.270,0.003,-0.165,0.000,94,E,0,,,,437444,159.72,0
509,1156.710,"Mount",-0.082,-0.138,-0.084,0.137,-0.085,0.049,48,E,21,S,,,425543,153.96,0
510,1158.816,"Mount",0.014,0.030,0.021,-0.026,-0.036,0.000,21,E,0,,,,413152,154.30,0
511,1161.137,"Mount",0.058,0.008,-0.020,-0.055,-0.022,0.000,13,E,0,,,,437535,169.25,0
512,1163.240,"Mount",-0.051,0.076,0.091,0.010,0.041,0.000,24,W,0,,,,419875,140.52,0
513,1165.670,"Mount",-0.122,0.068,0.117,0.077,0.083,0.028,48,W,12,S,,,427662,150.36,0
514,1167.857,"Mount",-0.040,0.110,0.116,-0.015,0.125,0.000,72,W,0,,,,440135,163.66,0
515,1170.324,"Mount",0.065,0.151,0.104,-0.127,0.158,-0.046,90,W,20,N,,,422181,161.37,0
516,1172.524,"Mount",-0.080,0.154,0.173,0.000,0.236,0.000,135,W,0,,,,404824,118.50,0
517,1175.067,"Mount",0.071,0.086,0.043,-0.103,0.194,-0.037,111,W,16,N,,,413267,129.45,0
518,1177.318,"Mount",-0.046,0.122,0.130,-0.016,0.265,0.000,152,W,0,,,,427300,125.13,0
519,1179.827,"Mount",-0.132,0.123,0.170,0.060,0.299,0.022,171,W,9,S,,,415964,152.27,0
520,1182.126,"Mount",0.001,0.171,0.152,-0.080,0.274,-0.028,157,W,12,N,,,404854,149.55,0
521,1184.628,"Mount",-0.032,-0.083,-0.059,0.067,0.203,0.023,116,W,10,S,,,421939,145.06,0
522,1186.857,"Mount",-0.056,0.018,0.042,0.041,0.183,0.000,105,W,0,,,,426770,137.47,0
523,1189.341,"Mount",0.168,0.039,-0.043,-0.167,0.166,-0.060,95,W,26,N,,,417848,139.97,0
524,1191.695,"Mount",-0.144,-0.014,0.054,0.135,0.140,0.046,80,W,20,S,,,436411,136.15,0
525,1194.080,"Mount",-0.019,0.095,0.094,-0.027,0.168,0.000,96,W,0,,,,415949,126.79,0
526,1196.219,"Mount",0.059,-0.007,-0.034,-0.049,0.106,0.000,60,W,0,,,,425433,148.18,0
527,1198.590,"Mount",-0.052,-0.106,-0.070,0.095,0.062,0.034,35,W,15,S,,,408294,118.26,0
528,1200.706,"Mount",0.012,0.036,0.026,-0.027,0.085,0.000,49,W,0,,,,412890,133.85,0
529,1203.122,"Mount",-0.059,-0.029,0.001,0.066,0.071,0.024,41,W,10,S,,,417928,136.27,0
530,1205.250,"Mount",0.097,-0.109,-0.141,-0.036,-0.008,0.000,5,E,0,,,,387055,127.88,0
531,1207.596,"Mount",0.014,-0.019,-0.023,-0.004,0.041,0.000,23,W,0,,,,418413,134.85,0
532,1209.748,"Mount",0.093,-0.085,-0.118,-0.043,-0.029,0.000,17,E,0,,,,419471,136.19,0
533,1212.077,"Mount",0.105,-0.072,-0.113,-0.059,-0.054,0.000,31,E,0,,,,416678,145.97,0
534,1214.214,"Mount",0.047,-0.075,-0.088,-0.007,-0.058,0.000,33,E,0,,,,421219,142.59,0
535,1216.647,"Mount",0.111,-0.021,-0.070,-0.089,-0.064,-0.032,37,E,14,N,,,406427,127.78,0
536,1218.851,"Mount",0.136,-0.045,-0.102,-0.100,-0.087,-0.037,50,E,16,N,,,446472,142.12,0
537,1221.254,"Mount",0.075,0.014,-0.023,-0.073,-0.043,-0.028,25,E,12,N,,,406902,124.00,0
538,1223.391,"Mount",-0.010,-0.012,-0.006,0.015,-0.040,0.000,23,E,0,,,,438802,138.67,0
539,1225.776,"Mount",-0.077,-0.125,-0.075,0.126,-0.069,0.045,39,E,19,S,,,431985,122.52,0
540,1227.897,"Mount",0.011,-0.044,-0.044,0.010,-0.026,0.000,15,E,0,,,,407943,132.32,0
541,1230.236,"Mount",0.077,-0.054,-0.084,-0.043,-0.051,0.000,29,E,0,,,,395419,132.05,0
542,1234.543,"Mount",0.043,-0.063,-0.076,-0.009,-0.012,0.000,7,E,0,,,,424771,146.91,0
543,1236.681,"Mount",0.153,-0.074,-0.137,-0.102,-0.033,-0.037,19,E,16,N,,,424136,142.61,0
544,1238.960,"Mount",-0.002,0.014,0.013,-0.005,0.041,0.000,24,W,0,,,,415818,148.60,0
545,1241.038,"Mount",0.086,-0.103,-0.131,-0.029,-0.030,0.000,17,E,0,,,,400215,137.79,0
546,1243.375,"Mount",0.068,-0.094,-0.115,-0.017,-0.019,0.000,11,E,0,,,,420109,127.74,0
547,1245.557,"Mount",0.100,-0.044,-0.085,-0.068,-0.008,-0.025,5,E,11,N,,,414307,119.07,0
548,1247.957,"Mount",-0.043,-0.073,-0.045,0.072,0.028,0.025,16,W,11,S,,,424707,143.80,0
549,1250.067,"Mount",0.053,-0.098,-0.112,-0.002,-0.030,0.000,17,E,0,,,,419782,159.51,0
550,1252.327,"Mount",-0.044,0.009,0.028,0.035,0.018,0.000,10,W,0,,,,406849,132.79,0
551,1254.388,"Mount",0.007,-0.041,-0.040,0.013,0.009,0.000,5,W,0,,,,423794,131.10,0
552,1256.684,"Mount",0.075,-0.036,-0.067,-0.050,-0.026,0.000,15,E,0,,,,434078,172.79,0
553,1258.782,"Mount",0.030,0.013,-0.002,-0.032,-0.002,0.000,1,E,0,,,,428810,146.60,0
554,1261.195,"Mount",0.018,0.104,0.084,-0.064,0.026,-0.023,15,W,10,N,,,410836,138.13,0
555,1263.319,"Mount",-0.028,-0.000,0.013,0.025,-0.014,0.000,8,E,0,,,,431323,138.17,0
556,1265.780,"Mount",-0.027,-0.108,-0.084,0.074,-0.044,0.027,25,E,11,S,,,407316,140.67,0
557,1267.980,"Mount",0.067,0.005,-0.026,-0.062,-0.006,-0.021,3,E,9,N,,,405712,132.99,0
558,1270.335,"Mount",-0.080,0.016,0.051,0.063,-0.004,0.022,3,E,9,S,,,433050,134.85,0
559,1272.474,"Mount",0.096,0.017,-0.029,-0.093,-0.004,-0.033,3,E,14,N,,,413377,135.66,0
560,1274.781,"Mount",0.103,-0.099,-0.135,-0.046,-0.063,0.000,36,E,0,,,,421893,174.35,0
561,1276.976,"Mount",0.157,-0.015,-0.085,-0.132,-0.037,-0.048,21,E,20,N,,,433769,141.99,0
562,1279.255,"Mount",0.036,0.006,-0.011,-0.035,0.006,0.000,3,W,0,,,,413310,137.88,0
563,1281.275,"Mount",0.004,-0.016,-0.016,0.004,0.000,0.000,0,,0,,,,389370,111.35,0
564,1283.569,"Mount",-0.022,0.033,0.040,0.004,0.007,0.000,4,W,0,,,,398069,122.82,0
565,1285.678,"Mount",-0.068,0.017,0.046,0.052,0.015,0.000,8,W,0,,,,441242,145.51,0
566,1287.973,"Mount",-0.075,0.084,0.109,0.027,0.070,0.000,40,W,0,,,,403251,128.66,0
567,1290.100,"Mount",-0.000,0.036,0.032,-0.017,0.028,0.000,16,W,0,,,,397954,131.80,0
568,1292.399,"Mount",-0.007,-0.025,-0.019,0.018,0.041,0.000,23,W,0,,,,412259,154.05,0
569,1294.539,"Mount",-0.053,0.105,0.118,-0.001,0.095,0.000,54,W,0,,,,419339,156.02,0
570,1296.924,"Mount",0.049,0.148,0.109,-0.112,0.090,-0.040,52,W,17,N,,,434021,135.23,0
571,1299.028,"Mount",0.007,0.086,0.073,-0.046,0.069,0.000,40,W,0,,,,390964,133.30,0
572,1301.402,"Mount",0.131,-0.031,-0.088,-0.102,-0.004,-0.037,3,E,16,N,,,399884,111.62,0
573,1303.527,"Mount",0.116,-0.009,-0.062,-0.099,-0.008,-0.037,5,E,16,N,,,419946,135.85,0
574,1305.912,"Mount",0.050,-0.178,-0.181,0.037,-0.085,0.000,49,E,0,,,,421481,149.11,0
575,1308.064,"Mount",0.125,-0.179,-0.216,-0.028,-0.122,0.000,70,E,0,,,,392209,120.34,0
576,1310.411,"Mount",0.028,-0.125,-0.124,0.033,-0.107,0.000,61,E,0,,,,413139,132.63,0
577,1312.566,"Mount",0.030,0.022,0.006,-0.037,-0.089,0.000,51,E,0,,,,440012,164.57,0
578,1314.983,"Mount",0.076,-0.125,-0.146,-0.010,-0.179,0.000,103,E,0,,,,411749,139.52,0
579,1317.148,"Mount",0.015,0.026,0.016,-0.025,-0.122,0.000,70,E,0,,,,407574,134.40,0
580,1319.521,"Mount",0.048,-0.011,-0.032,-0.038,-0.136,0.000,78,E,0,,,,419338,142.10,0
581,1321.737,"Mount",0.186,0.048,-0.043,-0.187,-0.130,-0.067,74,E,29,N,,,404334,141.60,0
582,1324.111,"Mount",0.026,-0.027,-0.036,-0.010,-0.133,0.000,76,E,0,,,,401429,124.86,0
583,1326.233,"Mount",-0.024,-0.036,-0.021,0.038,-0.120,0.000,69,E,0,,,,437334,142.79,0
584,1328.732,"Mount",0.121,-0.051,-0.101,-0.084,-0.159,-0.030,91,E,13,N,,,421017,136.92,0
585,1330.871,"Mount",-0.019,-0.045,-0.031,0.038,-0.103,0.000,59,E,0,,,,407466,151.97,0
586,1333.262,"Mount",-0.003,-0.101,-0.088,0.049,-0.131,0.000,75,E,0,,,,388017,119.64,0
587,1335.471,"Mount",-0.040,-0.076,-0.049,0.071,-0.077,0.026,44,E,11,S,,,395409,138.54,0
588,1337.856,"Mount",-0.101,0.009,0.054,0.085,-0.078,0.032,44,E,14,S,,,425221,135.87,0
589,1339.917,"Mount",-0.098,0.075,0.112,0.052,-0.017,0.000,10,E,0,,,,428391,135.51,0
590,1342.241,"Mount",-0.043,0.065,0.077,0.008,-0.012,0.000,7,E,0,,,,415571,140.94,0
591,1344.304,"Mount",-0.028,0.092,0.095,-0.018,0.004,0.000,3,W,0,,,,436359,135.99,0
592,1346.672,"Mount",-0.127,0.034,0.088,0.097,0.004,0.035,2,W,15,S,,,410103,133.21,0
593,1348.775,"Mount",-0.122,0.147,0.186,0.040,0.055,0.000,31,W,0,,,,413598,151.30,0
594,1351.172,"Mount",0.099,0.069,0.015,-0.119,-0.026,-0.043,15,E,18,N,,,417230,132.39,0
595,1353.338,"Mount",0.054,0.125,0.086,-0.106,0.019,-0.040,11,W,17,N,,,419166,137.29,0
596,1355.663,"Mount",-0.012,0.030,0.032,-0.003,-0.017,0.000,10,E,0,,,,417586,145.28,0
597,1357.771,"Mount",-0.032,-0.032,-0.014,0.043,-0.021,0.000,12,E,0,,,,422936,152.79,0
598,1360.079,"Mount",-0.016,0.030,0.034,0.000,-0.030,0.000,17,E,0,,,,402203,124.98,0
599,1362.192,"Mount",-0.013,0.040,0.042,-0.007,-0.042,0.000,24,E,0,,,,443763,161.31,0
600,1364.578,"Mount",-0.014,0.011,0.016,0.008,-0.067,0.000,38,E,0,,,,383571,120.21,0
601,1366.670,"Mount",-0.053,0.028,0.049,0.034,-0.101,0.000,58,E,0,,,,416951,143.18,0
602,1369.089,"Mount",0.035,0.042,0.021,-0.051,-0.142,0.000,81,E,0,,,,403096,129.02,0
603,1371.397,"Mount",0.171,-0.015,-0.092,-0.144,-0.221,-0.052,126,E,22,N,,,403578,143.08,0
604,1373.866,"Mount",0.069,-0.046,-0.072,-0.040,-0.255,0.000,146,E,0,,,,409764,131.39,0
605,1376.103,"Mount",0.011,-0.023,-0.025,0.001,-0.238,0.000,136,E,0,,,,416065,167.11,0
606,1378.597,"Mount",0.058,0.157,0.113,-0.124,-0.199,-0.045,114,E,19,N,,,416503,147.50,0
607,1380.811,"Mount",-0.007,-0.052,-0.043,0.030,-0.227,0.000,130,E,0,,,,419097,136.51,0
608,1383.186,"Mount",-0.044,-0.045,-0.020,0.060,-0.209,0.000,120,E,0,,,,439565,147.81,0
609,1385.462,"Mount",0.152,-0.033,-0.099,-0.120,-0.219,-0.043,125,E,18,N,,,417024,142.99,0
610,1387.942,"Mount",0.001,-0.140,-0.125,0.064,-0.192,0.021,110,E,9,S,,,415870,140.07,0
611,1390.130,"Mount",0.022,-0.096,-0.096,0.025,-0.156,0.000,89,E,0,,,,409148,134.13,0
612,1392.573,"Mount",-0.011,-0.179,-0.154,0.092,-0.176,0.033,100,E,14,S,,,422707,138.67,0
613,1394.707,"Mount",-0.028,-0.009,0.005,0.029,-0.107,0.000,61,E,0,,,,417590,122.30,0
614,1397.108,"Mount",0.012,-0.028,-0.031,0.002,-0.134,0.000,76,E,0,,,,394656,130.62,0
615,1399.310,"Mount",0.024,-0.120,-0.118,0.034,-0.195,0.000,111,E,0,,,,432195,139.25,0
616,1401.733,"Mount",0.075,-0.049,-0.078,-0.044,-0.199,0.000,114,E,0,,,,440939,153.96,0
617,1403.934,"Mount",0.021,-0.068,-0.070,0.012,-0.189,0.000,108,E,0,,,,392334,143.05,0
618,1406.396,"Mount",0.064,0.078,0.040,-0.093,-0.168,-0.033,96,E,14,N,,,429520,138.89,0
619,1408.550,"Mount",-0.059,0.028,0.052,0.039,-0.152,0.000,87,E,0,,,,417131,160.61,0
620,1410.953,"Mount",-0.120,0.052,0.101,0.082,-0.080,0.030,46,E,13,S,,,410350,124.55,0
621,1413.061,"Mount",-0.064,0.065,0.088,0.027,-0.062,0.000,36,E,0,,,,405306,122.40,0
622,1415.397,"Mount",-0.087,0.111,0.138,0.026,-0.006,0.000,4,E,0,,,,400023,134.09,0
623,1417.579,"Mount",-0.002,0.196,0.175,-0.089,0.045,-0.032,26,W,14,N,,,403616,129.15,0
624,1419.918,"Mount",-0.041,0.095,0.103,-0.007,0.032,0.000,18,W,0,,,,409993,138.21,0
625,1422.086,"Mount",0.094,0.026,-0.020,-0.096,0.010,-0.034,6,W,15,N,,,420194,137.25,0
626,1424.350,"Mount",-0.030,0.033,0.043,0.011,0.015,0.000,8,W,0,,,,386630,118.38,0
627,1426.407,"Mount",0.016,0.005,-0.003,-0.017,0.001,0.000,0,,0,,,,413297,159.22,0
628,1428.737,"Mount",0.022,-0.112,-0.109,0.033,-0.051,0.000,29,E,0,,,,444186,156.49,0
629,1430.904,"Mount",0.071,-0.075,-0.099,-0.029,-0.071,0.000,41,E,0,,,,419209,127.93,0
630,1433.318,"Mount",-0.130,-0.033,0.030,0.131,-0.030,0.047,17,E,20,S,,,428085,146.03,0
631,1435.470,"Mount",0.068,-0.003,-0.034,-0.059,-0.035,0.000,20,E,0,,,,390588,120.73,0
632,1437.816,"Mount",0.015,-0.003,-0.009,-0.012,-0.045,0.000,26,E,0,,,,418550,126.95,0
633,1439.939,"Mount",-0.003,0.027,0.026,-0.010,-0.036,0.000,20,E,0,,,,411399,143.73,0
634,1442.351,"Mount",-0.139,0.082,0.137,0.086,0.047,0.031,27,W,13,S,,,400953,130.88,0
635,1444.554,"Mount",-0.194,0.077,0.158,0.137,0.074,0.050,43,W,22,S,,,402612,146.51,0
636,1447.079,"Mount",-0.183,0.108,0.180,0.113,0.117,0.043,67,W,18,S,,,417324,134.13,0
637,1449.201,"Mount",-0.024,0.050,0.055,-0.002,0.054,0.000,31,W,0,,,,440385,143.55,0
638,1451.606,"Mount",-0.086,-0.014,0.027,0.082,0.075,0.030,43,W,13,S,,,422139,129.02,0
639,1453.799,"Mount",-0.010,0.068,0.066,-0.022,0.116,0.000,67,W,0,,,,414678,143.71,0
640,1456.187,"Mount",0.070,0.039,0.002,-0.080,0.086,-0.029,49,W,12,N,,,439481,159.83,0
641,1458.372,"Mount",0.132,0.029,-0.035,-0.130,0.093,-0.048,53,W,21,N,,,406961,144.70,0
642,1460.739,"Mount",-0.010,0.103,0.096,-0.039,0.144,0.000,83,W,0,,,,424895,144.32,0
643,1462.974,"Mount",0.001,0.131,0.116,-0.061,0.147,-0.022,84,W,9,N,,,418689,157.10,0
644,1465.389,"Mount",-0.000,0.092,0.082,-0.042,0.137,0.000,79,W,0,,,,414248,141.61,0
645,1467.570,"Mount",-0.029,-0.006,0.008,0.029,0.093,0.000,53,W,0,,,,415687,151.06,0
646,1470.037,"Mount",0.027,0.171,0.139,-0.102,0.158,-0.037,91,W,16,N,,,418162,135.05,0
647,1472.220,"Mount",-0.031,0.092,0.096,-0.015,0.135,0.000,77,W,0,,,,379668,118.78,0
648,1474.606,"Mount",-0.029,0.077,0.082,-0.010,0.129,0.000,74,W,0,,,,440735,145.93,0
649,1476.779,"Mount",-0.158,-0.015,0.059,0.147,0.100,0.053,57,W,23,S,,,413003,133.65,0
650,1479.197,"Mount",0.049,0.078,0.047,-0.079,0.099,-0.026,57,W,11,N,,,417788,128.83,0
651,1481.350,"Mount",-0.044,0.045,0.060,0.018,0.096,0.000,55,W,0,,,,434425,143.37,0
652,1483.705,"Mount",-0.024,0.074,0.076,-0.013,0.120,0.000,68,W,0,,,,428899,162.81,0
653,1485.889,"Mount",0.077,0.028,-0.010,-0.081,0.062,-0.029,36,W,13,N,,,406233,147.46,0
654,1488.256,"Mount",0.153,-0.122,-0.179,-0.080,-0.038,-0.030,22,E,13,N,,,422463,135.14,0
655,1490.313,"Mount",0.038,-0.029,-0.043,-0.020,0.016,0.000,9,W,0,,,,418173,130.19,0
656,1492.626,"Mount",0.058,-0.073,-0.091,-0.018,-0.056,0.000,32,E,0,,,,399091,127.92,0
657,1494.778,"Mount",-0.056,-0.098,-0.062,0.095,-0.060,0.034,34,E,15,S,,,435118,155.47,0
658,1497.173,"Mount",0.082,-0.123,-0.147,-0.016,-0.123,0.000,71,E,0,,,,420024,146.50,0
659,1499.344,"Mount",0.109,-0.023,-0.071,-0.086,-0.093,-0.031,53,E,13,N,,,430624,162.67,0
660,1501.788,"Mount",0.063,0.051,0.016,-0.079,-0.059,-0.030,34,E,13,N,,,409804,126.56,0
661,1503.895,"Mount",-0.013,0.061,0.061,-0.017,-0.019,0.000,11,E,0,,,,400181,119.28,0
662,1506.212,"Mount",-0.052,0.041,0.061,0.027,0.006,0.000,4,W,0,,,,434352,147.91,0
663,1508.335,"Mount",-0.094,-0.021,0.025,0.093,-0.002,0.033,1,E,14,S,,,406526,114.66,0
664,1510.634,"Mount",0.045,0.039,0.014,-0.058,0.026,0.000,15,W,0,,,,420043,137.77,0
665,1512.738,"Mount",-0.040,0.040,0.054,0.017,0.049,0.000,28,W,0,,,,426327,133.98,0
666,1515.094,"Mount",-0.044,0.018,0.037,0.031,0.082,0.000,47,W,0,,,,403704,127.67,0
667,1517.370,"Mount",0.033,0.119,0.091,-0.084,0.147,-0.030,84,W,13,N,,,417605,135.87,0
668,1519.820,"Mount",-0.054,0.107,0.119,-0.002,0.200,0.000,114,W,0,,,,407485,136.16,0
669,1522.062,"Mount",-0.032,0.111,0.113,-0.023,0.219,0.000,125,W,0,,,,422586,134.41,0
670,1524.462,"Mount",0.032,0.037,0.018,-0.045,0.189,0.000,108,W,0,,,,425889,141.49,0
671,1526.684,"Mount",0.051,-0.022,-0.043,-0.035,0.199,0.000,114,W,0,,,,427174,151.64,0
672,1529.204,"Mount",0.096,0.139,0.079,-0.149,0.248,-0.054,142,W,23,N,,,402484,136.17,0
673,1531.415,"Mount",-0.032,-0.021,-0.003,0.038,0.199,0.000,114,W,0,,,,429702,143.68,0
674,1533.881,"Mount",-0.005,0.127,0.115,-0.054,0.246,0.000,141,W,0,,,,399657,128.66,0
675,1536.112,"Mount",-0.027,0.116,0.115,-0.029,0.232,0.000,133,W,0,,,,422952,122.85,0
676,1538.562,"Mount",-0.101,0.082,0.120,0.052,0.220,0.000,126,W,0,,,,425511,142.06,0
677,1540.870,"Mount",0.016,0.139,0.116,-0.078,0.203,-0.028,116,W,12,N,,,422260,130.22,0
678,1543.305,"Mount",0.013,0.106,0.088,-0.061,0.172,-0.023,99,W,10,N,,,405321,126.28,0
679,1545.442,"Mount",0.022,0.021,0.008,-0.029,0.110,0.000,63,W,0,,,,422128,135.29,0
680,1547.790,"Mount",0.064,-0.051,-0.075,-0.033,0.057,0.000,32,W,0,,,,417901,115.84,0
681,1549.990,"Mount",-0.112,-0.107,-0.044,0.149,0.068,0.054,39,W,23,S,,,413597,132.48,0
682,1552.297,"Mount",0.057,-0.103,-0.117,-0.003,-0.021,0.000,12,E,0,,,,418365,145.39,0
683,1554.436,"Mount",0.123,0.044,-0.018,-0.130,0.016,-0.047,9,W,20,N,,,419796,151.18,0
684,1556.775,"Mount",0.058,-0.119,-0.133,0.004,-0.056,0.000,32,E,0,,,,417173,131.25,0
685,1558.891,"Mount",-0.032,-0.024,-0.007,0.039,-0.007,0.000,4,E,0,,,,412850,162.59,0
686,1561.297,"Mount",-0.097,-0.119,-0.061,0.141,-0.036,0.051,20,E,22,S,,,409252,131.05,0
687,1563.460,"Mount",-0.064,0.025,0.051,0.045,-0.020,0.000,11,E,0,,,,422843,150.09,0
688,1565.878,"Mount",0.119,-0.062,-0.110,-0.077,-0.071,-0.028,40,E,12,N,,,401460,123.27,0
689,1568.048,"Mount",0.070,-0.104,-0.125,-0.014,-0.085,0.000,49,E,0,,,,412802,136.40,0
690,1570.360,"Mount",-0.036,-0.013,0.005,0.038,-0.026,0.000,15,E,0,,,,416471,144.82,0
691,1572.514,"Mount",0.094,-0.072,-0.107,-0.050,-0.080,0.000,46,E,0,,,,401964,122.21,0
692,1574.937,"Mount",0.114,-0.069,-0.114,-0.069,-0.079,-0.025,45,E,11,N,,,422042,127.86,0
693,1577.048,"Mount",0.010,-0.032,-0.033,0.006,-0.024,0.000,14,E,0,,,,422570,134.50,0
694,1579.508,"Mount",0.123,-0.075,-0.123,-0.074,-0.071,-0.027,40,E,11,N,,,406563,129.15,0
695,1581.739,"Mount",-0.083,-0.004,0.035,0.075,-0.006,0.026,4,E,11,S,,,430978,138.64,0
696,1584.070,"Mount",-0.046,0.088,0.099,-0.000,0.050,0.000,29,W,0,,,,425592,144.86,0
697,1586.255,"Mount",0.017,0.109,0.089,-0.065,0.052,-0.023,30,W,10,N,,,415216,143.13,0
698,1588.677,"Mount",0.020,0.150,0.124,-0.087,0.076,-0.032,43,W,14,N,,,394583,134.07,0
699,1590.752,"Mount",-0.004,0.006,0.007,0.001,0.034,0.000,19,W,0,,,,396902,125.01,0
700,1593.062,"Mount",0.003,0.067,0.058,-0.033,0.036,0.000,21,W,0,,,,385849,131.87,0
701,1595.138,"Mount",0.003,0.032,0.027,-0.018,0.034,0.000,19,W,0,,,,417756,134.21,0
702,1597.491,"Mount",-0.032,0.011,0.024,0.023,0.035,0.000,20,W,0,,,,427406,144.07,0
703,1599.586,"Mount",-0.005,0.065,0.060,-0.026,0.056,0.000,32,W,0,,,,432424,147.80,0
704,1601.897,"Mount",0.012,-0.022,-0.025,-0.001,0.014,0.000,8,W,0,,,,428614,132.59,0
705,1604.003,"Mount",-0.018,-0.029,-0.017,0.029,0.005,0.000,3,W,0,,,,419395,136.99,0
706,1606.301,"Mount",0.044,0.041,0.016,-0.058,-0.004,0.000,2,E,0,,,,421667,139.92,0
707,1608.485,"Mount",0.042,0.085,0.056,-0.076,-0.009,-0.027,5,E,12,N,,,429293,138.55,0
708,1610.905,"Mount",-0.113,0.070,0.114,0.068,0.042,0.024,24,W,10,S,,,411084,148.96,0
709,1613.060,"Mount",-0.045,0.082,0.094,0.002,0.030,0.000,17,W,0,,,,424481,137.22,0
710,1615.461,"Mount",0.096,-0.019,-0.061,-0.077,-0.044,-0.028,25,E,12,N,,,406922,137.56,0
711,1617.568,"Mount",0.040,0.023,0.002,-0.046,-0.009,0.000,5,E,0,,,,424617,148.08,0
712,1619.876,"Mount",0.029,0.018,0.002,-0.034,-0.008,0.000,5,E,0,,,,423844,136.31,0
713,1621.979,"Mount",-0.008,-0.030,-0.023,0.020,-0.013,0.000,7,E,0,,,,434292,138.41,0
714,1624.259,"Mount",0.045,0.001,-0.020,-0.041,-0.011,0.000,6,E,0,,,,431295,151.91,0
715,1626.316,"Mount",0.038,-0.027,-0.041,-0.022,-0.007,0.000,4,E,0,,,,425988,126.19,0
716,1628.671,"Mount",-0.141,-0.011,0.055,0.130,-0.001,0.047,1,E,20,S,,,410317,126.18,0
717,1630.842,"Mount",0.054,0.134,0.095,-0.110,0.051,-0.038,29,W,16,N,,,437932,143.93,0
718,1633.184,"Mount",-0.004,0.085,0.077,-0.036,0.053,0.000,30,W,0,,,,429127,141.70,0
719,1635.379,"Mount",0.059,0.114,0.074,-0.105,0.060,-0.038,34,W,16,N,,,426562,161.06,0
720,1637.815,"Mount",-0.136,0.082,0.136,0.083,0.106,0.028,61,W,12,S,,,418382,158.49,0
721,1640.032,"Mount",-0.141,0.030,0.092,0.111,0.091,0.041,52,W,18,S,,,403774,129.69,0
722,1642.341,"Mount",-0.023,0.111,0.109,-0.031,0.101,0.000,58,W,0,,,,383782,116.83,0
723,1644.521,"Mount",0.090,0.008,-0.034,-0.084,0.044,-0.030,25,W,13,N,,,380164,129.50,0
724,1646.856,"Mount",-0.054,0.004,0.028,0.046,0.035,0.000,20,W,0,,,,405551,136.11,0
725,1649.131,"Mount",0.097,-0.001,-0.046,-0.086,0.021,-0.031,12,W,13,N,,,419835,139.61,0
726,1651.446,"Mount",0.094,-0.005,-0.047,-0.081,0.001,-0.030,0,,13,N,,,429914,156.86,0
727,1653.601,"Mount",-0.082,0.004,0.042,0.071,-0.017,0.024,10,E,10,S,,,402856,122.42,0
728,1655.957,"Mount",0.108,-0.027,-0.074,-0.083,-0.071,-0.029,40,E,12,N,,,417768,141.02,0
729,1658.111,"Mount",0.125,-0.135,-0.177,-0.048,-0.140,0.000,80,E,0,,,,408078,132.11,0
730,1660.530,"Mount",0.090,0.051,0.004,-0.103,-0.087,-0.037,50,E,16,N,,,412701,152.56,0
731,1662.659,"Mount",0.054,-0.039,-0.059,-0.029,-0.103,0.000,59,E,0,,,,441823,145.35,0
732,1665.031,"Mount",0.026,0.031,0.015,-0.037,-0.123,0.000,71,E,0,,,,419123,140.22,0
733,1667.314,"Mount",-0.128,-0.171,-0.093,0.193,-0.171,0.069,98,E,30,S,,,428204,141.84,0
734,1669.689,"Mount",0.018,0.037,0.025,-0.033,-0.141,0.000,80,E,0,,,,423511,149.11,0
735,1671.906,"Mount",0.036,0.043,0.022,-0.052,-0.130,0.000,75,E,0,,,,429186,139.45,0
736,1674.341,"Mount",0.077,0.025,-0.013,-0.080,-0.125,-0.029,72,E,12,N,,,409810,120.88,0
737,1676.514,"Mount",-0.028,0.008,0.020,0.021,-0.111,0.000,63,E,0,,,,408146,122.27,0
738,1678.968,"Mount",0.020,0.059,0.043,-0.045,-0.100,0.000,57,E,0,,,,445706,144.97,0
739,1681.154,"Mount",0.039,0.054,0.030,-0.059,-0.089,0.000,51,E,0,,,,438615,163.11,0
740,1683.558,"Mount",0.093,0.060,0.010,-0.111,-0.075,-0.040,43,E,17,N,,,416397,154.10,0
741,1685.699,"Mount",0.070,0.018,-0.016,-0.071,-0.067,-0.027,39,E,12,N,,,432197,146.52,0
742,1688.070,"Mount",0.048,0.033,0.008,-0.058,-0.062,0.000,36,E,0,,,,411119,144.46,0
743,1690.219,"Mount",0.032,-0.082,-0.088,0.010,-0.094,0.000,53,E,0,,,,411934,129.14,0
744,1692.566,"Mount",-0.003,0.011,0.011,-0.002,-0.050,0.000,28,E,0,,,,402877,133.74,0
745,1694.686,"Mount",-0.088,0.013,0.052,0.072,-0.042,0.026,24,E,11,S,,,392868,133.50,0
746,1697.103,"Mount",0.114,0.096,0.033,-0.146,-0.028,-0.051,16,E,22,N,,,435207,141.13,0
747,1699.205,"Mount",0.000,0.053,0.047,-0.025,-0.017,0.000,9,E,0,,,,422420,157.71,0
748,1701.577,"Mount",0.065,0.040,0.005,-0.077,-0.013,-0.028,7,E,12,N,,,411814,140.86,0
749,1703.702,"Mount",0.082,-0.092,-0.120,-0.030,-0.066,0.000,38,E,0,,,,406864,135.99,0
750,1706.075,"Mount",0.036,-0.124,-0.126,0.026,-0.090,0.000,52,E,0,,,,401285,134.19,0
751,1708.273,"Mount",0.045,-0.134,-0.140,0.022,-0.107,0.000,61,E,0,,,,404391,134.07,0
752,1710.627,"Mount",-0.056,-0.004,0.022,0.052,-0.072,0.000,41,E,0,,,,403479,145.19,0
753,1712.783,"Mount",0.034,-0.003,-0.018,-0.029,-0.107,0.000,61,E,0,,,,418355,141.10,0
754,1715.189,"Mount",-0.007,-0.027,-0.021,0.018,-0.144,0.000,82,E,0,,,,421408,136.58,0
755,1717.406,"Mount",0.007,0.050,0.042,-0.030,-0.152,0.000,87,E,0,,,,446424,177.21,0
756,1719.914,"Mount",0.222,0.125,0.008,-0.254,-0.184,-0.092,105,E,39,N,,,402119,131.83,0
757,1722.100,"Mount",0.016,-0.036,-0.039,0.003,-0.186,0.000,106,E,0,,,,416488,138.07,0
758,1724.517,"Mount",-0.037,0.002,0.019,0.032,-0.195,0.000,111,E,0,,,,402965,126.16,0
759,1726.692,"Mount",-0.017,0.018,0.023,0.007,-0.190,0.000,109,E,0,,,,413126,130.59,0
760,1729.124,"Mount",-0.006,-0.080,-0.068,0.042,-0.221,0.000,126,E,0,,,,424349,139.47,0
761,1731.367,"Mount",-0.050,-0.019,0.006,0.053,-0.178,0.000,102,E,0,,,,427454,135.65,0
762,1733.850,"Mount",-0.050,-0.049,-0.021,0.067,-0.165,0.024,95,E,10,S,,,417452,158.41,0
763,1736.023,"Mount",0.004,-0.104,-0.094,0.045,-0.199,0.000,114,E,0,,,,402970,129.64,0
764,1738.436,"Mount",-0.019,-0.034,-0.021,0.033,-0.155,0.000,88,E,0,,,,408129,135.06,0
765,1740.695,"Mount",-0.053,-0.067,-0.035,0.078,-0.160,0.028,92,E,12,S,,,415369,129.93,0
766,1743.143,"Mount",0.088,-0.099,-0.128,-0.032,-0.233,0.000,133,E,0,,,,393726,123.42,0
767,1745.341,"Mount",0.005,-0.032,-0.031,0.010,-0.178,0.000,102,E,0,,,,419657,138.36,0
768,1747.761,"Mount",0.002,-0.007,-0.007,0.002,-0.164,0.000,94,E,0,,,,442963,138.04,0
769,1749.972,"Mount",0.022,-0.085,-0.086,0.020,-0.192,0.000,110,E,0,,,,410437,160.45,0
770,1752.392,"Mount",0.034,0.107,0.079,-0.080,-0.101,-0.029,58,E,12,N,,,403372,134.86,0
771,1754.543,"Mount",-0.044,0.019,0.037,0.030,-0.106,0.000,60,E,0,,,,398823,127.26,0
772,1756.912,"Mount",0.037,0.018,-0.001,-0.041,-0.096,0.000,55,E,0,,,,416264,126.73,0
773,1759.032,"Mount",-0.011,0.111,0.103,-0.041,-0.026,0.000,15,E,0,,,,408653,141.40,0
774,1761.466,"Mount",0.113,0.094,0.032,-0.144,-0.073,-0.052,42,E,22,N,,,424660,149.31,0
775,1763.610,"Mount",0.016,0.030,0.019,-0.028,-0.055,0.000,31,E,0,,,,443271,173.15,0
776,1765.953,"Mount",-0.054,0.004,0.028,0.046,-0.052,0.000,29,E,0,,,,429091,153.16,0
777,1768.117,"Mount",0.074,-0.007,-0.041,-0.062,-0.040,-0.022,23,E,10,N,,,418898,140.66,0
778,1770.398,"Mount",-0.022,0.065,0.068,-0.010,-0.007,0.000,4,E,0,,,,409800,122.41,0
779,1772.567,"Mount",-0.064,-0.014,0.017,0.063,-0.035,0.023,20,E,10,S,,,425942,147.99,0
780,1774.905,"Mount",-0.047,0.003,0.024,0.040,-0.037,0.000,21,E,0,,,,413893,132.29,0
781,1777.079,"Mount",-0.025,-0.095,-0.073,0.066,-0.055,0.024,32,E,10,S,,,405363,123.66,0
782,1779.482,"Mount",0.122,-0.012,-0.067,-0.102,-0.054,-0.036,31,E,15,N,,,418055,141.75,0
783,1781.684,"Mount",0.127,0.067,0.001,-0.144,-0.024,-0.053,13,E,23,N,,,441365,161.82,0
784,1783.984,"Mount",-0.001,0.013,0.012,-0.005,-0.016,0.000,9,E,0,,,,424582,145.37,0
785,1786.085,"Mount",-0.010,-0.033,-0.024,0.024,-0.015,0.000,8,E,0,,,,413657,147.74,0
786,1788.366,"Mount",0.018,0.008,-0.002,-0.020,-0.007,0.000,4,E,0,,,,450480,147.71,0
787,1790.521,"Mount",-0.102,-0.063,-0.009,0.120,0.003,0.043,2,W,18,S,,,404877,126.69,0
788,1792.827,"Mount",-0.002,-0.028,-0.024,0.015,0.016,0.000,9,W,0,,,,406944,124.69,0
789,1794.903,"Mount",-0.040,-0.010,0.009,0.040,0.030,0.000,17,W,0,,,,398513,128.09,0
790,1797.182,"Mount",-0.017,-0.002,0.006,0.016,0.043,0.000,25,W,0,,,,402325,146.03,0
791,1799.285,"Mount",-0.038,0.034,0.047,0.018,0.054,0.000,31,W,0,,,,405717,128.99,0
792,1801.643,"Mount",-0.095,0.101,0.134,0.037,0.129,0.000,74,W,0,,,,404845,127.25,0
793,1803.778,"Mount",-0.044,0.013,0.032,0.033,0.079,0.000,45,W,0,,,,404033,133.95,0
794,1806.165,"Mount",-0.087,0.135,0.160,0.015,0.160,0.000,92,W,0,,,,424920,136.38,0
795,1808.381,"Mount",0.125,0.167,0.090,-0.188,0.135,-0.068,77,W,29,N,,,417180,117.58,0
796,1810.723,"Mount",-0.024,-0.033,-0.018,0.037,0.105,0.000,60,W,0,,,,418820,134.03,0
797,1812.891,"Mount",-0.007,0.118,0.108,-0.048,0.157,0.000,90,W,0,,,,411353,133.71,0
798,1815.371,"Mount",-0.141,-0.033,0.036,0.141,0.116,0.051,67,W,22,S,,,418942,133.98,0
799,1817.568,"Mount",-0.011,0.096,0.090,-0.035,0.148,0.000,85,W,0,,,,433511,163.79,0
800,1820.003,"Mount",-0.060,0.048,0.070,0.031,0.148,0.000,85,W,0,,,,412891,129.08,0
801,1822.155,"Mount",-0.006,0.007,0.009,0.002,0.108,0.000,62,W,0,,,,400764,132.10,0
802,1824.652,"Mount",-0.103,0.059,0.100,0.064,0.157,0.023,90,W,10,S,,,416727,144.10,0
803,1826.883,"Mount",0.017,0.007,-0.001,-0.018,0.107,0.000,61,W,0,,,,424537,126.04,0
804,1829.253,"Mount",-0.018,0.098,0.095,-0.030,0.137,0.000,78,W,0,,,,413449,129.05,0
805,1831.402,"Mount",-0.006,0.066,0.061,-0.025,0.105,0.000,60,W,0,,,,399074,119.13,0
806,1833.746,"Mount",0.033,-0.020,-0.033,-0.020,0.054,0.000,31,W,0,,,,427805,153.25,0
807,1835.832,"Mount",0.081,-0.054,-0.085,-0.047,-0.009,0.000,5,E,0,,,,418712,160.20,0
808,1838.219,"Mount",-0.097,-0.108,-0.051,0.136,0.007,0.049,4,W,21,S,,,406938,136.45,0
809,1840.320,"Mount",0.075,-0.036,-0.067,-0.050,-0.045,0.000,26,E,0,,,,423969,142.15,0
810,1842.678,"Mount",0.121,-0.138,-0.179,-0.044,-0.116,0.000,67,E,0,,,,412708,145.59,0
811,1844.844,"Mount",0.129,0.050,-0.015,-0.137,-0.039,-0.049,22,E,21,N,,,422852,147.54,0
812,1847.168,"Mount",0.065,-0.038,-0.063,-0.040,-0.081,0.000,46,E,0,,,,426142,139.65,0
813,1849.347,"Mount",-0.044,-0.102,-0.070,0.086,-0.075,0.031,43,E,13,S,,,403680,127.42,0
814,1851.686,"Mount",0.057,-0.002,-0.028,-0.049,-0.031,0.000,18,E,0,,,,432169,155.07,0
815,1853.860,"Mount",0.102,0.005,-0.043,-0.093,-0.020,-0.033,12,E,14,N,,,413897,147.46,0
816,1856.183,"Mount",0.006,-0.025,-0.025,0.006,-0.004,0.000,2,E,0,,,,428046,160.23,0
817,1858.267,"Mount",-0.022,-0.011,-0.000,0.025,0.014,0.000,8,W,0,,,,436738,143.84,0
818,1860.591,"Mount",0.012,-0.003,-0.008,-0.009,0.039,0.000,22,W,0,,,,442310,159.24,0
819,1862.667,"Mount",0.068,-0.038,-0.065,-0.042,0.036,0.000,21,W,0,,,,410800,141.84,0
820,1865.043,"Mount",-0.023,-0.048,-0.032,0.043,0.099,0.000,57,W,0,,,,433071,139.37,0
821,1867.236,"Mount",-0.028,0.007,0.019,0.022,0.128,0.000,73,W,0,,,,421788,159.92,0
822,1869.685,"Mount",0.072,0.122,0.076,-0.120,0.197,-0.043,113,W,18,N,,,408081,147.68,0
823,1871.898,"Mount",0.005,-0.033,-0.032,0.011,0.187,0.000,107,W,0,,,,440148,157.56,0
824,1874.379,"Mount",-0.022,0.060,0.064,-0.008,0.247,0.000,141,W,0,,,,424468,132.37,0
825,1876.645,"Mount",-0.015,-0.134,-0.112,0.075,0.169,0.027,97,W,12,S,,,424475,148.01,0
826,1879.058,"Mount",0.044,0.022,-0.001,-0.049,0.222,0.000,127,W,0,,,,412934,128.97,0
827,1881.241,"Mount",-0.017,0.064,0.065,-0.015,0.233,0.000,133,W,0,,,,413072,138.89,0
828,1883.663,"Mount",0.028,-0.041,-0.050,-0.006,0.188,0.000,107,W,0,,,,418046,134.24,0
829,1885.858,"Mount",0.010,0.020,0.013,-0.018,0.164,0.000,94,W,0,,,,396173,137.49,0
830,1888.312,"Mount",0.048,0.070,0.040,-0.075,0.145,-0.027,83,W,12,N,,,454504,175.23,0
831,1890.465,"Mount",0.056,0.002,-0.024,-0.050,0.115,0.000,66,W,0,,,,430753,141.91,0
832,1892.786,"Mount",0.059,-0.056,-0.076,-0.026,0.061,0.000,35,W,0,,,,415130,135.71,0
833,1894.923,"Mount",-0.069,0.010,0.041,0.057,0.075,0.000,43,W,0,,,,413851,127.94,0
834,1897.281,"Mount",-0.024,0.088,0.089,-0.020,0.088,0.000,51,W,0,,,,412341,137.85,0
835,1899.416,"Mount",0.076,0.086,0.041,-0.107,0.035,-0.039,20,W,17,N,,,412072,140.80,0
836,1901.816,"Mount",0.127,0.088,0.020,-0.153,0.036,-0.057,20,W,24,N,,,400505,148.49,0
837,1904.001,"Mount",0.105,0.118,0.056,-0.148,0.026,-0.056,15,W,24,N,,,404551,113.35,0
838,1906.360,"Mount",-0.076,-0.012,0.024,0.073,0.030,0.024,17,W,10,S,,,429862,156.55,0
839,1908.497,"Mount",-0.027,0.103,0.104,-0.024,0.059,0.000,34,W,0,,,,397290,129.03,0
840,1910.824,"Mount",0.055,-0.087,-0.103,-0.008,-0.040,0.000,23,E,0,,,,422701,134.62,0
841,1912.899,"Mount",0.017,-0.019,-0.024,-0.006,-0.008,0.000,4,E,0,,,,434198,156.94,0
842,1915.256,"Mount",-0.062,0.022,0.048,0.045,-0.023,0.000,13,E,0,,,,396985,137.53,0
843,1917.442,"Mount",0.055,-0.046,-0.066,-0.028,-0.068,0.000,39,E,0,,,,411402,140.09,0
844,1919.767,"Mount",0.032,-0.070,-0.077,0.004,-0.081,0.000,46,E,0,,,,417414,129.72,0
845,1921.876,"Mount",0.043,0.024,0.002,-0.049,-0.046,0.000,27,E,0,,,,421936,147.88,0
846,1924.232,"Mount",0.037,0.144,0.111,-0.099,0.012,-0.036,7,W,15,N,,,402446,135.48,0
847,1926.381,"Mount",-0.063,-0.046,-0.012,0.077,-0.023,0.026,13,E,11,S,,,434984,143.70,0
848,1928.735,"Mount",-0.058,-0.086,-0.050,0.091,-0.006,0.034,3,E,14,S,,,407174,134.19,0
849,1930.855,"Mount",0.101,0.085,0.029,-0.129,0.009,-0.045,5,W,19,N,,,426882,144.86,0
850,1933.194,"Mount",0.022,0.014,0.002,-0.026,0.018,0.000,10,W,0,,,,454532,148.47,0
851,1935.377,"Mount",0.041,0.061,0.035,-0.064,0.024,-0.023,14,W,10,N,,,426356,135.66,0
852,1937.707,"Mount",0.023,-0.039,-0.045,-0.002,0.028,0.000,16,W,0,,,,429421,141.34,0
853,1939.831,"Mount",-0.057,0.072,0.090,0.017,0.070,0.000,40,W,0,,,,423247,157.51,0
854,1942.262,"Mount",-0.049,-0.040,-0.013,0.062,0.032,0.022,18,W,10,S,,,425136,154.11,0
855,1944.347,"Mount",-0.045,-0.020,0.003,0.049,0.028,0.000,16,W,0,,,,422418,147.57,0
856,1946.646,"Mount",-0.067,0.021,0.050,0.049,0.029,0.000,17,W,0,,,,424547,136.74,0
857,1948.741,"Mount",0.036,-0.059,-0.069,-0.004,-0.009,0.000,5,E,0,,,,432379,149.75,0
858,1951.154,"Mount",-0.051,-0.033,-0.005,0.061,0.017,0.022,10,W,9,S,,,410169,133.16,0
859,1953.338,"Mount",-0.086,0.030,0.066,0.063,0.038,0.023,22,W,10,S,,,410763,152.99,0
860,1955.622,"Mount",0.037,-0.020,-0.035,-0.023,0.003,0.000,2,W,0,,,,392563,123.04,0
861,1957.793,"Mount",0.086,-0.011,-0.049,-0.071,-0.005,-0.026,3,E,11,N,,,422253,153.94,0
862,1960.177,"Mount",0.055,0.035,0.006,-0.065,-0.010,-0.025,6,E,11,N,,,423414,118.98,0
863,1962.258,"Mount",-0.027,-0.009,0.005,0.028,-0.014,0.000,8,E,0,,,,397330,126.35,0
864,1964.679,"Mount",0.159,-0.037,-0.106,-0.123,-0.066,-0.044,38,E,19,N,,,408783,139.04,0
865,1966.787,"Mount",0.027,0.026,0.011,-0.035,-0.014,0.000,8,E,0,,,,441725,156.45,0
866,1969.131,"Mount",0.060,-0.087,-0.105,-0.014,-0.062,0.000,35,E,0,,,,394496,128.96,0
867,1971.242,"Mount",0.032,0.021,0.004,-0.038,-0.010,0.000,6,E,0,,,,417441,155.51,0
868,1973.676,"Mount",0.026,-0.007,-0.018,-0.019,-0.005,0.000,3,E,0,,,,417364,127.77,0
869,1975.904,"Mount",-0.046,0.068,0.081,0.009,0.042,0.000,24,W,0,,,,419653,138.38,0
870,1978.166,"Mount",0.026,0.012,-0.001,-0.029,0.017,0.000,10,W,0,,,,420859,130.36,0
871,1980.332,"Mount",-0.053,0.083,0.098,0.009,0.071,0.000,41,W,0,,,,405328,155.49,0
872,1982.697,"Mount",0.163,0.095,0.009,-0.188,0.041,-0.068,23,W,29,N,,,424397,172.55,0
873,1984.895,"Mount",0.053,0.127,0.088,-0.106,0.085,-0.041,49,W,17,N,,,390290,123.70,0
874,1987.328,"Mount",0.038,0.119,0.088,-0.088,0.092,-0.033,53,W,14,N,,,422633,139.77,0
875,1989.419,"Mount",-0.061,0.099,0.116,0.009,0.100,0.000,57,W,0,,,,392144,127.11,0
876,1991.835,"Mount",-0.135,0.023,0.083,0.109,0.084,0.039,48,W,17,S,,,420880,144.14,0
877,1994.035,"Mount",-0.147,-0.065,0.010,0.160,0.036,0.059,21,W,25,S,,,407946,129.49,0
878,1996.341,"Mount",-0.002,0.017,0.016,-0.006,0.030,0.000,17,W,0,,,,410939,138.22,0
879,1998.475,"Mount",-0.004,0.007,0.008,0.001,0.015,0.000,9,W,0,,,,407133,122.54,0
880,2000.785,"Mount",0.054,-0.020,-0.043,-0.038,-0.004,0.000,2,E,0,,,,405057,125.67,0
881,2002.889,"Mount",0.048,-0.039,-0.056,-0.024,-0.022,0.000,12,E,0,,,,406150,134.31,0
882,2005.242,"Mount",0.032,-0.026,-0.038,-0.017,-0.043,0.000,25,E,0,,,,433063,152.35,0
883,2007.485,"Mount",0.016,-0.162,-0.151,0.061,-0.135,0.022,77,E,9,S,,,426179,130.88,0
884,2009.945,"Mount",-0.039,-0.107,-0.078,0.084,-0.129,0.031,74,E,13,S,,,423361,147.93,0
885,2012.209,"Mount",-0.008,0.052,0.050,-0.017,-0.118,0.000,68,E,0,,,,403074,138.35,0
886,2014.692,"Mount",-0.040,-0.159,-0.123,0.109,-0.195,0.039,111,E,17,S,,,427909,169.04,0
887,2016.955,"Mount",0.062,0.036,0.004,-0.071,-0.140,-0.024,80,E,10,N,,,410278,131.92,0
888,2019.309,"Mount",-0.018,0.044,0.047,-0.005,-0.144,0.000,82,E,0,,,,414705,125.24,0
889,2021.507,"Mount",-0.064,-0.029,0.003,0.070,-0.134,0.025,76,E,11,S,,,404564,122.90,0
890,2023.868,"Mount",-0.016,-0.001,0.007,0.015,-0.128,0.000,73,E,0,,,,408811,131.21,0
891,2026.015,"Mount",0.036,-0.071,-0.079,0.000,-0.138,0.000,79,E,0,,,,427640,136.10,0
892,2028.356,"Mount",0.009,-0.043,-0.042,0.012,-0.090,0.000,51,E,0,,,,427383,144.56,0
893,2030.448,"Mount",0.009,0.011,0.005,-0.013,-0.071,0.000,40,E,0,,,,417273,164.79,0
894,2032.799,"Mount",0.031,-0.033,-0.043,-0.013,-0.069,0.000,39,E,0,,,,428346,155.74,0
895,2034.938,"Mount",0.047,-0.059,-0.074,-0.015,-0.090,0.000,52,E,0,,,,409776,126.47,0
896,2037.251,"Mount",-0.043,-0.024,-0.002,0.049,-0.043,0.000,25,E,0,,,,415225,130.18,0
897,2039.428,"Mount",0.133,0.065,-0.004,-0.148,-0.040,-0.053,23,E,23,N,,,422540,141.82,0
898,2041.831,"Mount",-0.031,-0.087,-0.063,0.067,-0.070,0.022,40,E,9,S,,,440554,146.99,0
899,2043.937,"Mount",-0.011,0.007,0.011,0.006,-0.037,0.000,21,E,0,,,,417173,140.94,0
900,2046.311,"Mount",-0.152,0.042,0.107,0.116,0.003,0.042,2,W,18,S,,,405373,130.87,0
901,2048.535,"Mount",-0.129,-0.059,0.007,0.142,-0.039,0.053,22,E,23,S,,,418220,126.40,0
902,2050.903,"Mount",0.031,-0.007,-0.021,-0.024,-0.038,0.000,22,E,0,,,,417220,132.88,0
903,2053.106,"Mount",0.084,0.046,0.002,-0.096,-0.037,-0.035,21,E,15,N,,,419831,143.83,0
904,2055.439,"Mount",-0.001,-0.018,-0.015,0.009,-0.049,0.000,28,E,0,,,,414320,142.54,0
905,2057.635,"Mount",-0.076,0.005,0.039,0.065,-0.057,0.023,33,E,10,S,,,425652,170.46,0
906,2060.038,"Mount",0.094,-0.046,-0.084,-0.062,-0.116,-0.021,66,E,9,N,,,420212,140.61,0
907,2062.222,"Mount",0.065,0.014,-0.018,-0.064,-0.091,-0.024,52,E,10,N,,,434417,137.12,0
908,2064.673,"Mount",0.118,-0.011,-0.064,-0.100,-0.155,-0.037,89,E,16,N,,,420234,130.21,0
909,2066.826,"Mount",-0.031,-0.047,-0.027,0.049,-0.156,0.000,89,E,0,,,,402228,130.09,0
910,2069.367,"Mount",-0.003,-0.171,-0.151,0.082,-0.260,0.030,149,E,13,S,,,427724,148.50,0
911,2071.639,"Mount",0.061,-0.107,-0.122,-0.005,-0.269,0.000,154,E,0,,,,406295,148.17,0
912,2074.104,"Mount",0.042,-0.078,-0.088,-0.001,-0.271,0.000,155,E,0,,,,400081,126.79,0
913,2076.335,"Mount",0.064,-0.072,-0.094,-0.023,-0.259,0.000,148,E,0,,,,412931,136.45,0
914,2078.754,"Mount",0.079,-0.035,-0.067,-0.054,-0.234,0.000,134,E,0,,,,412025,134.83,0
915,2081.017,"Mount",0.066,0.018,-0.015,-0.066,-0.182,-0.024,104,E,10,N,,,428405,174.69,0
916,2083.406,"Mount",-0.011,0.049,0.049,-0.013,-0.164,0.000,94,E,0,,,,395077,120.22,0
917,2085.644,"Mount",0.071,0.050,0.011,-0.086,-0.142,-0.031,81,E,13,N,,,415302,131.77,0
918,2088.106,"Mount",0.112,0.006,-0.046,-0.102,-0.145,-0.038,83,E,16,N,,,406701,121.19,0
919,2090.389,"Mount",0.146,-0.057,-0.118,-0.103,-0.195,-0.039,112,E,17,N,,,403449,126.69,0
920,2092.767,"Mount",-0.042,0.021,0.038,0.027,-0.146,0.000,83,E,0,,,,420353,133.49,0
921,2094.905,"Mount",0.003,0.081,0.071,-0.040,-0.112,0.000,64,E,0,,,,425293,159.37,0
922,2097.316,"Mount",0.006,-0.011,-0.013,0.000,-0.146,0.000,84,E,0,,,,407152,123.01,0
923,2099.454,"Mount",0.059,0.010,-0.018,-0.057,-0.138,0.000,79,E,0,,,,425293,142.08,0
924,2101.901,"Mount",0.052,-0.019,-0.040,-0.037,-0.143,0.000,82,E,0,,,,423475,135.48,0
925,2104.102,"Mount",-0.053,0.038,0.058,0.030,-0.123,0.000,70,E,0,,,,414614,136.84,0
926,2106.505,"Mount",-0.071,0.003,0.036,0.061,-0.116,0.022,66,E,9,S,,,418595,132.84,0
927,2108.659,"Mount",0.047,0.133,0.096,-0.103,-0.048,-0.036,27,E,16,N,,,414357,147.54,0
928,2111.092,"Mount",0.073,0.132,0.083,-0.125,-0.034,-0.047,19,E,20,N,,,449955,156.58,0
929,2113.182,"Mount",-0.010,0.091,0.085,-0.033,-0.014,0.000,8,E,0,,,,424507,137.23,0
930,2115.477,"Mount",-0.021,0.051,0.055,-0.005,-0.039,0.000,23,E,0,,,,437922,152.20,0
931,2117.582,"Mount",-0.055,0.125,0.137,-0.009,0.035,0.000,20,W,0,,,,416019,130.97,0
932,2119.970,"Mount",0.051,0.061,0.031,-0.074,-0.022,-0.026,13,E,11,N,,,409194,122.93,0
933,2122.109,"Mount",-0.043,-0.090,-0.060,0.080,-0.015,0.028,8,E,12,S,,,398759,121.97,0
934,2124.436,"Mount",0.015,-0.033,-0.036,0.002,-0.012,0.000,7,E,0,,,,432283,134.29,0
935,2126.592,"Mount",0.089,0.088,0.037,-0.120,-0.023,-0.043,13,E,18,N,,,410600,130.17,0
936,2128.928,"Mount",0.003,-0.066,-0.060,0.028,-0.024,0.000,14,E,0,,,,396713,140.90,0
937,2131.066,"Mount",0.024,-0.033,-0.041,-0.006,-0.028,0.000,16,E,0,,,,412184,145.21,0
938,2133.423,"Mount",-0.032,-0.037,-0.019,0.045,-0.022,0.000,13,E,0,,,,446649,140.66,0
939,2135.513,"Mount",0.020,0.058,0.042,-0.044,-0.017,0.000,10,E,0,,,,409235,136.14,0
940,2137.882,"Mount",-0.079,0.106,0.131,0.021,0.058,0.000,33,W,0,,,,438784,163.03,0
941,2140.061,"Mount",0.087,-0.009,-0.048,-0.073,0.012,-0.026,7,W,11,N,,,411339,135.98,0
942,2142.403,"Mount",-0.059,-0.002,0.026,0.053,0.038,0.000,22,W,0,,,,434317,145.88,0
943,2144.526,"Mount",0.004,0.047,0.040,-0.025,0.049,0.000,28,W,0,,,,420464,149.81,0
944,2146.881,"Mount",-0.073,0.011,0.043,0.059,0.061,0.000,35,W,0,,,,421133,135.48,0
945,2149.035,"Mount",-0.022,-0.036,-0.022,0.036,0.070,0.000,40,W,0,,,,402441,136.35,0
946,2151.424,"Mount",-0.090,0.090,0.121,0.038,0.132,0.000,75,W,0,,,,429355,139.08,0
947,2153.637,"Mount",-0.095,0.035,0.075,0.068,0.115,0.024,66,W,10,S,,,440449,156.11,0
948,2156.027,"Mount",0.010,0.054,0.043,-0.034,0.090,0.000,51,W,0,,,,404829,145.70,0
949,2158.309,"Mount",0.091,0.120,0.065,-0.136,0.120,-0.049,69,W,21,N,,,421446,162.97,0
950,2160.661,"Mount",-0.094,0.072,0.108,0.050,0.153,0.000,87,W,0,,,,427123,139.16,0
951,2162.780,"Mount",0.020,0.005,-0.005,-0.020,0.111,0.000,63,W,0,,,,431700,145.98,0
952,2165.238,"Mount",-0.097,0.023,0.065,0.075,0.152,0.027,87,W,12,S,,,427201,134.91,0
953,2167.475,"Mount",-0.099,0.107,0.140,0.038,0.185,0.000,106,W,0,,,,404719,131.92,0
954,2169.873,"Mount",0.036,0.035,0.015,-0.048,0.129,0.000,74,W,0,,,,408195,140.08,0
955,2172.057,"Mount",-0.006,0.045,0.043,-0.015,0.124,0.000,71,W,0,,,,425836,135.68,0
956,2174.428,"Mount",-0.097,0.079,0.115,0.050,0.171,0.000,98,W,0,,,,398340,128.59,0
957,2176.641,"Mount",0.073,0.007,-0.028,-0.068,0.100,-0.024,57,W,10,N,,,422561,138.84,0
958,2178.935,"Mount",0.077,-0.185,-0.200,0.017,-0.009,0.000,5,E,0,,,,420424,137.03,0
959,2181.054,"Mount",-0.019,-0.083,-0.065,0.055,0.022,0.000,13,W,0,,,,422436,136.40,0
960,2183.365,"Mount",0.048,-0.072,-0.086,-0.009,-0.014,0.000,8,E,0,,,,407947,138.44,0
961,2185.568,"Mount",0.169,-0.102,-0.169,-0.102,-0.077,-0.037,44,E,16,N,,,399113,128.44,0
962,2188.002,"Mount",-0.101,-0.010,0.038,0.094,-0.025,0.033,14,E,14,S,,,429827,132.69,0
963,2190.140,"Mount",0.041,-0.051,-0.064,-0.013,-0.066,0.000,38,E,0,,,,403897,122.24,0
964,2192.529,"Mount",-0.050,-0.052,-0.023,0.068,-0.043,0.025,24,E,11,S,,,430805,158.20,0
965,2194.657,"Mount",-0.033,-0.052,-0.031,0.053,-0.045,0.000,26,E,0,,,,418759,138.56,0
966,2196.963,"Mount",-0.017,-0.004,0.004,0.017,-0.041,0.000,23,E,0,,,,422965,127.30,0
967,2199.119,"Mount",0.040,0.035,0.013,-0.052,-0.032,0.000,18,E,0,,,,422804,140.12,0
968,2201.412,"Mount",0.040,0.046,0.023,-0.057,-0.020,0.000,12,E,0,,,,416153,141.16,0
969,2203.615,"Mount",0.036,0.098,0.071,-0.077,0.025,-0.028,14,W,12,N,,,409204,146.68,0
970,2205.896,"Mount",0.001,0.041,0.036,-0.019,0.012,0.000,7,W,0,,,,413619,139.38,0
971,2208.035,"Mount",-0.038,0.124,0.128,-0.023,0.091,0.000,52,W,0,,,,419340,146.11,0
972,2210.411,"Mount",0.050,0.078,0.046,-0.080,0.065,-0.029,37,W,12,N,,,413505,144.67,0
973,2212.581,"Mount",0.075,0.060,0.019,-0.095,0.094,-0.035,54,W,15,N,,,422381,147.14,0
974,2215.034,"Mount",0.133,0.056,-0.011,-0.144,0.139,-0.053,79,W,23,N,,,402060,139.84,0
975,2217.268,"Mount",-0.049,0.056,0.072,0.018,0.199,0.000,114,W,0,,,,417016,144.26,0
976,2219.687,"Mount",-0.080,0.069,0.098,0.039,0.240,0.000,137,W,0,,,,417657,138.11,0
977,2221.950,"Mount",-0.026,0.143,0.139,-0.043,0.271,0.000,155,W,0,,,,402978,124.07,0
978,2224.518,"Mount",-0.252,0.243,0.332,0.112,0.372,0.040,213,W,17,S,,,432929,154.49,0
979,2226.803,"Mount",0.170,0.129,0.036,-0.210,0.219,-0.074,125,W,32,N,,,414290,126.24,0
980,2229.269,"Mount",-0.067,0.090,0.111,0.018,0.260,0.000,149,W,0,,,,394474,121.42,0
981,2231.472,"Mount",-0.035,0.005,0.020,0.029,0.188,0.000,107,W,0,,,,439263,152.08,0
982,2233.907,"Mount",-0.025,0.072,0.076,-0.011,0.202,0.000,116,W,0,,,,425139,140.61,0
983,2236.061,"Mount",0.001,0.011,0.009,-0.006,0.139,0.000,80,W,0,,,,427014,142.55,0
984,2238.405,"Mount",-0.042,0.028,0.044,0.024,0.119,0.000,68,W,0,,,,390574,126.06,0
985,2240.589,"Mount",-0.049,0.107,0.118,-0.006,0.150,0.000,86,W,0,,,,406610,142.34,0
986,2242.954,"Mount",-0.011,0.053,0.052,-0.014,0.080,0.000,46,W,0,,,,414108,124.56,0
987,2245.180,"Mount",0.171,0.071,-0.016,-0.184,0.072,-0.066,41,W,28,N,,,422898,133.74,0
988,2247.678,"Mount",0.148,-0.000,-0.068,-0.131,0.027,-0.050,15,W,21,N,,,420688,134.26,0
989,2249.798,"Mount",0.013,0.059,0.046,-0.039,0.045,0.000,26,W,0,,,,428158,119.68,0
990,2252.121,"Mount",-0.009,0.041,0.040,-0.011,0.032,0.000,18,W,0,,,,403584,142.88,0
991,2254.207,"Mount",0.042,-0.001,-0.020,-0.036,0.016,0.000,9,W,0,,,,426063,128.75,0
992,2256.574,"Mount",-0.046,-0.059,-0.031,0.068,0.010,0.025,6,W,10,S,,,418315,138.87,0
993,2258.645,"Mount",0.016,0.039,0.027,-0.032,-0.005,0.000,3,E,0,,,,432479,141.86,0
994,2261.042,"Mount",0.089,0.013,-0.029,-0.084,-0.017,-0.030,10,E,13,N,,,427738,149.37,0
995,2263.210,"Mount",0.122,0.007,-0.050,-0.112,-0.031,-0.041,18,E,18,N,,,414601,144.48,0
996,2265.504,"Mount",0.020,0.031,0.018,-0.032,-0.040,0.000,23,E,0,,,,392160,135.98,0
997,2267.612,"Mount",-0.052,0.003,0.027,0.045,-0.041,0.000,23,E,0,,,,401579,125.64,0
998,2269.854,"Mount",0.002,0.095,0.083,-0.046,0.001,0.000,0,,0,,,,426857,127.55,0
999,2272.000,"Mount",-0.007,-0.003,0.000,0.008,-0.027,0.000,15,E,0,,,,419903,148.99,0
1000,2274.353,"Mount",0.053,0.071,0.039,-0.080,-0.014,-0.029,8,E,12,N,,,399617,126.29,0
1001,2276.426,"Mount",0.038,0.059,0.035,-0.061,0.000,-0.023,0,,10,N,,,437722,160.84,0
1002,2278.800,"Mount",0.033,0.105,0.078,-0.077,0.047,-0.029,27,W,12,N,,,436088,145.89,0
1003,2280.948,"Mount",-0.065,-0.033,0.000,0.073,0.019,0.025,11,W,11,S,,,441865,143.06,0
1004,2283.305,"Mount",-0.083,0.013,0.050,0.068,0.025,0.025,14,W,11,S,,,422633,154.70,0
1005,2285.394,"Mount",-0.069,0.045,0.071,0.041,0.062,0.000,35,W,0,,,,429793,154.84,0
1006,2287.793,"Mount",-0.039,0.172,0.171,-0.045,0.111,0.000,63,W,0,,,,430451,148.45,0
1007,2289.884,"Mount",-0.074,0.051,0.080,0.042,0.069,0.000,39,W,0,,,,412899,133.95,0
1008,2292.220,"Mount",-0.001,0.010,0.009,-0.004,0.036,0.000,21,W,0,,,,417137,134.78,0
1009,2294.294,"Mount",0.022,0.041,0.027,-0.038,0.030,0.000,17,W,0,,,,412389,124.10,0
1010,2296.670,"Mount",0.098,0.095,0.039,-0.131,0.021,-0.047,12,W,20,N,,,430773,130.66,0
1011,2298.720,"Mount",0.048,-0.061,-0.076,-0.015,-0.019,0.000,11,E,0,,,,394766,116.98,0
1012,2301.123,"Mount",-0.159,-0.056,0.024,0.166,0.009,0.060,5,W,26,S,,,414132,134.38,0
1013,2303.308,"Mount",-0.143,0.049,0.109,0.104,0.049,0.040,28,W,17,S,,,421622,138.47,0
1014,2305.737,"Mount",-0.008,0.161,0.147,-0.067,0.060,-0.022,34,W,10,N,,,407757,132.44,0
1015,2307.842,"Mount",-0.010,0.058,0.056,-0.018,-0.011,0.000,6,E,0,,,,405850,126.95,0
1016,2310.218,"Mount",0.089,0.090,0.039,-0.121,-0.014,-0.043,8,E,19,N,,,408646,131.67,0
1017,2312.281,"Mount",0.036,-0.020,-0.035,-0.023,-0.011,0.000,6,E,0,,,,409924,134.18,0
1018,2314.662,"Mount",0.038,0.076,0.050,-0.068,-0.014,-0.025,8,E,11,N,,,420649,142.44,0
1019,2316.861,"Mount",0.048,0.075,0.045,-0.078,-0.013,-0.029,7,E,12,N,,,413518,138.58,0
1020,2319.212,"Mount",-0.058,0.053,0.074,0.027,0.024,0.000,14,W,0,,,,413775,128.63,0
1021,2321.381,"Mount",-0.091,0.181,0.203,-0.003,0.096,0.000,55,W,0,,,,441337,136.06,0
1022,2323.835,"Mount",-0.185,0.198,0.261,0.073,0.132,0.026,75,W,11,S,,,402122,139.55,0
1023,2326.079,"Mount",-0.139,0.047,0.106,0.101,0.081,0.038,46,W,16,S,,,404044,144.76,0
1024,2328.402,"Mount",0.046,-0.031,-0.048,-0.026,0.048,0.000,27,W,0,,,,431027,154.61,0
1025,2330.540,"Mount",-0.019,0.018,0.024,0.009,0.050,0.000,29,W,0,,,,399278,129.87,0
1026,2332.952,"Mount",0.100,0.001,-0.045,-0.089,0.059,-0.032,34,W,14,N,,,407210,129.25,0
1027,2335.101,"Mount",-0.037,-0.025,-0.005,0.045,0.063,0.000,36,W,0,,,,415422,132.79,0
1028,2337.413,"Mount",0.017,0.043,0.030,-0.035,0.051,0.000,29,W,0,,,,432154,150.73,0
1029,2339.538,"Mount",0.131,-0.016,-0.075,-0.109,0.009,-0.039,5,W,17,N,,,398582,137.28,0
1030,2341.897,"Mount",0.062,0.065,0.029,-0.085,0.032,-0.032,18,W,14,N,,,396413,125.11,0
1031,2344.036,"Mount",0.059,0.056,0.023,-0.078,0.021,-0.029,12,W,13,N,,,422092,128.41,0
1032,2346.373,"Mount",0.011,0.043,0.033,-0.030,0.006,0.000,3,W,0,,,,404042,129.32,0
1033,2348.499,"Mount",0.073,0.047,0.009,-0.086,-0.011,-0.031,7,E,13,N,,,413286,124.07,0
1034,2350.808,"Mount",0.051,-0.042,-0.061,-0.026,-0.050,0.000,29,E,0,,,,432241,136.50,0
1035,2352.972,"Mount",0.147,0.050,-0.023,-0.153,-0.043,-0.055,24,E,24,N,,,405389,129.02,0
1036,2355.353,"Mount",0.104,-0.100,-0.137,-0.046,-0.129,0.000,74,E,0,,,,422525,137.86,0
1037,2357.633,"Mount",0.214,-0.264,-0.333,-0.068,-0.236,-0.025,135,E,10,N,,,425254,135.67,0
1038,2360.085,"Mount",0.152,0.030,-0.044,-0.148,-0.114,-0.054,65,E,23,N,,,427675,133.97,0
1039,2362.284,"Mount",0.030,-0.107,-0.109,0.023,-0.185,0.000,106,E,0,,,,424578,153.41,0
1040,2364.762,"Mount",-0.091,-0.115,-0.060,0.134,-0.175,0.048,100,E,21,S,,,398234,169.85,0
1041,2366.956,"Mount",-0.061,0.018,0.044,0.046,-0.137,0.000,78,E,0,,,,427313,142.73,0
1042,2369.358,"Mount",0.053,-0.003,-0.027,-0.046,-0.135,0.000,77,E,0,,,,422462,137.53,0
1043,2371.712,"Mount",0.398,0.079,-0.113,-0.389,-0.166,-0.140,95,E,60,N,,,416441,148.77,0
1044,2374.126,"Mount",0.050,-0.134,-0.142,0.018,-0.167,0.000,96,E,0,,,,424137,148.88,0
1045,2376.310,"Mount",0.017,-0.069,-0.069,0.017,-0.122,0.000,70,E,0,,,,393631,125.61,0
1046,2378.647,"Mount",-0.050,-0.000,0.023,0.045,-0.079,0.000,45,E,0,,,,421017,146.96,0
1047,2380.801,"Mount",0.081,-0.143,-0.165,-0.006,-0.145,0.000,83,E,0,,,,426208,141.93,0
1048,2383.202,"Mount",-0.131,0.003,0.063,0.114,-0.037,0.041,21,E,18,S,,,402647,140.05,0
1049,2385.375,"Mount",-0.197,0.035,0.122,0.158,-0.005,0.059,3,E,25,S,,,420434,149.46,0
1050,2387.812,"Mount",0.187,0.053,-0.040,-0.191,-0.059,-0.066,33,E,28,N,,,430445,151.57,0
1051,2389.983,"Mount",-0.120,0.029,0.081,0.093,-0.018,0.031,10,E,13,S,,,418498,147.26,0
1052,2392.318,"Mount",-0.139,0.066,0.122,0.093,0.018,0.035,10,W,15,S,,,410708,121.66,0
1053,2394.503,"Mount",0.119,0.069,0.007,-0.138,-0.029,-0.048,17,E,21,N,,,428510,138.89,0
1054,2397.016,"Mount",0.102,-0.035,-0.078,-0.074,-0.052,-0.029,29,E,12,N,,,409848,129.86,0
1055,2399.140,"Mount",0.093,-0.069,-0.104,-0.050,-0.058,0.000,33,E,0,,,,425670,141.11,0
1056,2401.560,"Mount",0.220,-0.069,-0.162,-0.164,-0.101,-0.059,58,E,25,N,,,407362,143.21,0
1057,2403.647,"Mount",-0.014,0.005,0.011,0.010,-0.040,0.000,23,E,0,,,,399326,120.07,0
1058,2405.943,"Mount",-0.075,0.077,0.103,0.031,-0.022,0.000,13,E,0,,,,421749,136.59,0
1059,2408.050,"Mount",-0.032,0.019,0.031,0.020,-0.090,0.000,51,E,0,,,,393509,125.64,0
1060,2410.476,"Mount",0.070,0.047,0.010,-0.084,-0.121,-0.030,69,E,13,N,,,408405,170.74,0
1061,2412.676,"Mount",0.039,-0.096,-0.103,0.010,-0.186,0.000,107,E,0,,,,412444,138.04,0
1062,2415.124,"Mount",0.021,-0.122,-0.118,0.038,-0.239,0.000,137,E,0,,,,409947,134.49,0
1063,2417.390,"Mount",-0.052,-0.042,-0.014,0.065,-0.199,0.023,114,E,10,S,,,421175,130.09,0
1064,2419.902,"Mount",0.099,0.101,0.044,-0.135,-0.234,-0.048,134,E,20,N,,,428466,146.86,0
1065,2422.192,"Mount",-0.053,-0.096,-0.061,0.091,-0.250,0.031,143,E,13,S,,,411031,138.28,0
1066,2424.782,"Mount",0.066,-0.346,-0.338,0.102,-0.360,0.038,206,E,16,S,,,425037,149.59,0
1067,2426.921,"Mount",-0.067,0.064,0.088,0.030,-0.143,0.000,82,E,0,,,,432157,150.20,0
1068,2429.288,"Mount",-0.024,0.060,0.064,-0.006,-0.133,0.000,76,E,0,,,,407689,143.37,0
1069,2431.517,"Mount",-0.039,-0.082,-0.055,0.072,-0.143,0.026,82,E,11,S,,,418001,133.03,0
1070,2433.984,"Mount",0.188,0.097,-0.000,-0.212,-0.137,-0.075,78,E,32,N,,,415447,149.37,0
1071,2436.152,"Mount",0.013,-0.119,-0.112,0.043,-0.183,0.000,104,E,0,,,,431656,152.49,0
1072,2438.572,"Mount",0.013,-0.127,-0.118,0.047,-0.198,0.000,113,E,0,,,,386515,128.90,0
1073,2440.773,"Mount",0.114,-0.206,-0.235,-0.006,-0.256,0.000,147,E,0,,,,411908,134.60,0
1074,2443.319,"Mount",-0.038,-0.132,-0.100,0.095,-0.215,0.034,123,E,15,S,,,435397,139.28,0
1075,2447.774,"Mount",0.127,0.052,-0.012,-0.137,-0.219,-0.048,125,E,20,N,,,431966,144.87,0
1076,2449.989,"Mount",0.085,-0.005,-0.043,-0.073,-0.159,-0.028,91,E,12,N,,,436274,154.14,0
1077,2452.316,"Mount",-0.005,0.002,0.004,0.004,-0.121,0.000,69,E,0,,,,398141,124.46,0
1078,2454.493,"Mount",-0.069,-0.002,0.030,0.063,-0.093,0.023,53,E,10,S,,,414626,152.00,0
1079,2456.851,"Mount",-0.108,-0.014,0.037,0.102,-0.073,0.038,42,E,16,S,,,413403,135.67,0
1080,2458.924,"Mount",-0.066,0.072,0.095,0.026,-0.006,0.000,3,E,0,,,,429536,143.20,0
1081,2461.296,"Mount",0.065,0.057,0.021,-0.084,-0.035,-0.030,20,E,13,N,,,411785,130.54,0
1082,2463.434,"Mount",0.109,0.026,-0.026,-0.109,-0.026,-0.040,15,E,17,N,,,423255,156.31,0
1083,2465.764,"Mount",-0.053,0.020,0.042,0.038,-0.023,0.000,13,E,0,,,,441664,152.88,0
1084,2467.901,"Mount",0.044,-0.118,-0.124,0.016,-0.079,0.000,45,E,0,,,,404862,141.51,0
1085,2470.247,"Mount",0.014,-0.060,-0.060,0.016,-0.023,0.000,13,E,0,,,,421396,127.78,0
1086,2472.319,"Mount",0.009,-0.101,-0.094,0.038,-0.072,0.000,41,E,0,,,,421232,137.91,0
1087,2474.617,"Mount",0.047,-0.037,-0.055,-0.025,-0.033,0.000,19,E,0,,,,420780,152.44,0
1088,2476.757,"Mount",0.091,0.138,0.080,-0.145,0.007,-0.052,4,W,22,N,,,435556,140.05,0
1089,2479.069,"Mount",0.008,-0.013,-0.015,-0.001,-0.029,0.000,16,E,0,,,,406421,131.45,0
1090,2481.133,"Mount",0.025,-0.035,-0.043,-0.006,-0.016,0.000,9,E,0,,,,406820,133.51,0
1091,2483.539,"Mount",0.117,-0.070,-0.116,-0.072,-0.060,-0.026,34,E,11,N,,,423474,159.04,0
1092,2485.739,"Mount",0.146,-0.073,-0.132,-0.096,-0.052,-0.035,30,E,15,N,,,410246,141.71,0
1093,2488.065,"Mount",0.035,-0.062,-0.071,-0.002,-0.007,0.000,4,E,0,,,,408208,133.99,0
1094,2490.262,"Mount",-0.059,-0.089,-0.052,0.094,0.037,0.034,21,W,14,S,,,402398,133.39,0
1095,2492.569,"Mount",0.043,-0.041,-0.056,-0.019,0.043,0.000,25,W,0,,,,433924,167.35,0
1096,2494.639,"Mount",0.043,-0.115,-0.121,0.015,-0.004,0.000,2,E,0,,,,427702,127.91,0
1097,2496.993,"Mount",-0.031,-0.042,-0.023,0.047,0.065,0.000,37,W,0,,,,416153,135.26,0
1098,2499.138,"Mount",0.003,0.055,0.048,-0.028,0.070,0.000,40,W,0,,,,420211,152.60,0
1099,2501.554,"Mount",0.094,-0.034,-0.074,-0.068,0.050,-0.024,28,W,10,N,,,395865,140.27,0
1100,2503.788,"Mount",0.024,0.133,0.107,-0.083,0.136,-0.031,78,W,13,N,,,416557,147.71,0
1101,2506.126,"Mount",0.039,0.053,0.029,-0.059,0.097,0.000,55,W,0,,,,433574,142.00,0
1102,2508.312,"Mount",-0.056,0.070,0.088,0.017,0.140,0.000,80,W,0,,,,427703,144.42,0
1103,2510.789,"Mount",0.087,0.036,-0.009,-0.094,0.116,-0.034,66,W,14,N,,,405641,123.56,0
1104,2512.945,"Mount",-0.028,0.036,0.044,0.008,0.129,0.000,74,W,0,,,,403559,125.93,0
1105,2515.302,"Mount",0.039,0.014,-0.006,-0.041,0.135,0.000,77,W,0,,,,415657,139.22,0
1106,2517.476,"Mount",-0.021,0.119,0.116,-0.036,0.178,0.000,101,W,0,,,,413114,132.43,0
1107,2519.830,"Mount",-0.007,0.034,0.034,-0.009,0.128,0.000,73,W,0,,,,422837,161.92,0
1108,2521.976,"Mount",-0.028,-0.025,-0.009,0.036,0.113,0.000,64,W,0,,,,403895,130.38,0
1109,2524.286,"Mount",0.030,0.007,-0.007,-0.030,0.099,0.000,57,W,0,,,,419292,147.09,0
1110,2526.400,"Mount",0.056,0.010,-0.017,-0.055,0.075,0.000,43,W,0,,,,420739,133.36,0
1111,2528.799,"Mount",0.065,0.015,-0.016,-0.065,0.049,-0.023,28,W,10,N,,,407347,121.94,0
1112,2531.000,"Mount",0.155,0.063,-0.015,-0.166,0.030,-0.061,17,W,26,N,,,408918,129.03,0
1113,2533.372,"Mount",0.084,0.045,0.001,-0.096,0.005,-0.037,3,W,16,N,,,413873,128.39,0
1114,2535.542,"Mount",0.113,0.012,-0.041,-0.106,-0.013,-0.039,7,E,17,N,,,398736,137.34,0
1115,2537.907,"Mount",0.082,-0.086,-0.114,-0.034,-0.071,0.000,41,E,0,,,,419846,124.48,0
1116,2540.051,"Mount",0.063,-0.120,-0.136,-0.001,-0.087,0.000,50,E,0,,,,393558,127.02,0
1117,2542.376,"Mount",0.050,-0.080,-0.094,-0.007,-0.083,0.000,47,E,0,,,,420141,149.61,0
1118,2544.556,"Mount",0.124,-0.037,-0.090,-0.093,-0.076,-0.033,43,E,14,N,,,413019,138.99,0
1119,2546.902,"Mount",0.024,-0.102,-0.102,0.025,-0.082,0.000,47,E,0,,,,402926,130.04,0
1120,2549.012,"Mount",-0.008,-0.029,-0.022,0.021,-0.028,0.000,16,E,0,,,,420688,156.54,0
1121,2551.277,"Mount",0.039,0.022,0.002,-0.044,-0.015,0.000,9,E,0,,,,411020,135.47,0
1122,2553.337,"Mount",-0.028,0.032,0.041,0.010,0.000,0.000,0,,0,,,,392767,125.80,0
1123,2555.678,"Mount",-0.074,0.028,0.059,0.052,0.027,0.000,15,W,0,,,,415564,132.64,0
1124,2557.880,"Mount",0.013,0.112,0.094,-0.063,0.093,-0.023,53,W,10,N,,,405101,127.63,0
1125,2560.392,"Mount",-0.138,0.075,0.130,0.087,0.151,0.031,86,W,13,S,,,416996,135.91,0
1126,2562.683,"Mount",-0.053,0.198,0.200,-0.044,0.225,0.000,128,W,0,,,,417707,136.33,0
1127,2565.254,"Mount",0.171,0.256,0.148,-0.269,0.243,-0.097,139,W,41,N,,,414731,138.80,0
1128,2567.546,"Mount",-0.140,0.261,0.296,0.003,0.341,0.000,195,W,0,,,,395383,127.10,0
1129,2570.040,"Mount",-0.035,0.065,0.074,0.001,0.273,0.000,156,W,0,,,,408828,129.29,0
1130,2572.377,"Mount",-0.095,-0.030,0.017,0.098,0.237,0.035,136,W,15,S,,,412327,137.24,0
1131,2574.902,"Mount",-0.108,0.048,0.092,0.074,0.281,0.028,161,W,12,S,,,406889,127.16,0
1132,2577.102,"Mount",0.033,0.031,0.012,-0.043,0.200,0.000,115,W,0,,,,414309,151.68,0
1133,2579.489,"Mount",-0.011,-0.027,-0.019,0.022,0.185,0.000,106,W,0,,,,423962,131.25,0
1134,2581.704,"Mount",-0.063,0.018,0.045,0.048,0.150,0.000,86,W,0,,,,423535,136.63,0
1135,2584.089,"Mount",0.026,0.023,0.008,-0.034,0.125,0.000,71,W,0,,,,415501,151.43,0
1136,2586.253,"Mount",-0.006,0.020,0.020,-0.004,0.106,0.000,60,W,0,,,,403747,125.63,0
1137,2588.700,"Mount",0.124,0.042,-0.020,-0.129,0.094,-0.046,54,W,20,N,,,412400,140.48,0
1138,2590.919,"Mount",0.012,0.109,0.091,-0.061,0.122,-0.024,70,W,10,N,,,408908,141.87,0
1139,2593.363,"Mount",-0.078,-0.042,-0.002,0.089,0.083,0.031,48,W,13,S,,,439854,143.74,0
1140,2595.546,"Mount",-0.187,-0.052,0.040,0.190,0.072,0.070,41,W,30,S,,,390378,118.01,0
1141,2598.025,"Mount",-0.116,0.066,0.112,0.072,0.123,0.029,70,W,12,S,,,426827,153.94,0
1142,2600.175,"Mount",-0.022,0.027,0.034,0.007,0.056,0.000,32,W,0,,,,425652,147.93,0
1143,2602.473,"Mount",0.044,-0.023,-0.040,-0.028,0.023,0.000,13,W,0,,,,426479,148.93,0
1144,2604.657,"Mount",0.176,-0.027,-0.105,-0.144,-0.040,-0.052,23,E,22,N,,,424375,144.72,0
1145,2606.951,"Mount",-0.024,-0.028,-0.014,0.034,-0.015,0.000,9,E,0,,,,407259,128.10,0
1146,2609.087,"Mount",0.071,0.007,-0.026,-0.066,-0.024,-0.024,14,E,10,N,,,441572,149.19,0
1147,2611.411,"Mount",0.054,-0.097,-0.111,-0.003,-0.085,0.000,49,E,0,,,,424154,142.77,0
1148,2613.568,"Mount",0.122,-0.081,-0.128,-0.071,-0.099,-0.026,57,E,11,N,,,437352,136.70,0
1149,2615.910,"Mount",0.052,-0.048,-0.067,-0.024,-0.074,0.000,42,E,0,,,,412396,137.96,0
1150,2618.033,"Mount",0.087,-0.050,-0.085,-0.054,-0.075,0.000,43,E,0,,,,413583,137.14,0
1151,2620.326,"Mount",-0.007,-0.010,-0.005,0.011,-0.028,0.000,16,E,0,,,,413590,139.69,0
1152,2622.437,"Mount",-0.002,0.030,0.027,-0.012,-0.014,0.000,8,E,0,,,,419928,157.79,0
1153,2624.723,"Mount",-0.014,0.041,0.043,-0.006,-0.002,0.000,1,E,0,,,,411736,125.97,0
1154,2626.874,"Mount",-0.079,0.016,0.051,0.063,0.012,0.023,7,W,10,S,,,402158,130.90,0
1155,2629.198,"Mount",-0.012,0.055,0.054,-0.015,0.023,0.000,13,W,0,,,,400986,122.31,0
1156,2631.444,"Mount",0.037,0.214,0.173,-0.132,0.109,-0.047,63,W,20,N,,,428815,137.78,0
1157,2633.811,"Mount",-0.009,0.054,0.052,-0.017,0.038,0.000,22,W,0,,,,425566,134.06,0
1158,2635.947,"Mount",-0.058,0.039,0.061,0.034,0.065,0.000,37,W,0,,,,417253,138.29,0
1159,2638.335,"Mount",0.037,0.093,0.066,-0.076,0.068,-0.027,39,W,12,N,,,428099,134.94,0
1160,2640.439,"Mount",0.008,0.016,0.011,-0.014,0.035,0.000,20,W,0,,,,411799,131.63,0
1161,2642.777,"Mount",0.028,-0.021,-0.032,-0.015,0.030,0.000,17,W,0,,,,416164,128.97,0
1162,2644.881,"Mount",-0.029,-0.060,-0.040,0.054,0.021,0.000,12,W,0,,,,412185,145.33,0
1163,2647.317,"Mount",0.108,-0.016,-0.064,-0.088,-0.022,-0.032,12,E,14,N,,,401912,141.13,0
1164,2649.392,"Mount",0.020,-0.067,-0.069,0.014,-0.032,0.000,18,E,0,,,,429374,149.75,0
1165,2651.721,"Mount",-0.019,0.000,0.009,0.017,-0.007,0.000,4,E,0,,,,409424,127.33,0
1166,2653.814,"Mount",-0.014,-0.043,-0.031,0.032,-0.011,0.000,6,E,0,,,,421267,129.04,0
1167,2656.116,"Mount",0.031,-0.007,-0.021,-0.024,-0.009,0.000,5,E,0,,,,447274,148.12,0
1168,2658.209,"Mount",-0.047,-0.035,-0.009,0.058,-0.008,0.000,5,E,0,,,,411250,134.43,0
1169,2660.549,"Mount",-0.097,-0.013,0.033,0.092,-0.004,0.033,2,E,14,S,,,416717,142.51,0
1170,2662.566,"Mount",0.065,-0.014,-0.043,-0.051,0.001,0.000,0,,0,,,,436409,156.62,0
1171,2664.822,"Mount",0.067,-0.024,-0.053,-0.048,-0.000,0.000,0,,0,,,,432186,146.96,0
1172,2667.016,"Mount",0.057,0.107,0.069,-0.100,0.031,-0.036,17,W,15,N,,,404007,129.20,0
1173,2669.305,"Mount",-0.060,0.013,0.039,0.047,0.008,0.000,4,W,0,,,,426015,173.52,0
1174,2671.428,"Mount",-0.051,0.042,0.061,0.026,0.045,0.000,26,W,0,,,,434669,133.38,0
1175,2673.742,"Mount",0.006,0.108,0.093,-0.055,0.068,0.000,39,W,0,,,,436793,147.57,0
1176,2675.862,"Mount",-0.030,0.005,0.018,0.025,0.035,0.000,20,W,0,,,,412771,135.13,0
1177,2678.234,"Mount",-0.046,0.085,0.097,0.002,0.087,0.000,50,W,0,,,,400480,138.83,0
1178,2680.346,"Mount",-0.050,0.063,0.079,0.015,0.079,0.000,45,W,0,,,,415652,132.82,0
1179,2682.704,"Mount",-0.051,0.186,0.189,-0.040,0.136,0.000,78,W,0,,,,423290,152.04,0
1180,2684.876,"Mount",-0.105,0.089,0.127,0.052,0.107,0.000,61,W,0,,,,405827,134.11,0
1181,2687.405,"Mount",0.108,0.115,0.052,-0.149,0.050,-0.053,28,W,23,N,,,422435,151.75,0
1182,2689.600,"Mount",-0.001,0.138,0.123,-0.063,0.095,-0.025,54,W,11,N,,,422226,138.70,0
1183,2691.930,"Mount",-0.033,0.115,0.117,-0.024,0.076,0.000,43,W,0,,,,406862,128.57,0
1184,2694.016,"Mount",-0.016,0.057,0.058,-0.012,0.010,0.000,6,W,0,,,,444323,146.18,0
1185,2696.356,"Mount",-0.045,-0.049,-0.023,0.062,-0.002,0.022,1,E,10,S,,,426167,131.06,0
1186,2698.473,"Mount",0.046,0.049,0.022,-0.064,-0.017,-0.022,10,E,9,N,,,430140,135.07,0
1187,2700.814,"Mount",0.086,0.044,-0.000,-0.096,-0.042,-0.036,24,E,15,N,,,423903,143.63,0
1188,2702.984,"Mount",0.111,0.026,-0.028,-0.110,-0.062,-0.041,35,E,18,N,,,438154,164.53,0
1189,2705.437,"Mount",0.176,-0.025,-0.103,-0.145,-0.135,-0.054,77,E,23,N,,,401384,130.83,0
1190,2707.631,"Mount",0.086,-0.086,-0.116,-0.036,-0.162,0.000,92,E,0,,,,427227,147.31,0
1191,2710.029,"Mount",0.081,-0.093,-0.120,-0.029,-0.187,0.000,107,E,0,,,,402902,118.29,0
1192,2712.231,"Mount",0.065,-0.114,-0.131,-0.005,-0.205,0.000,117,E,0,,,,410975,122.37,0
1193,2714.663,"Mount",0.021,0.003,-0.007,-0.020,-0.159,0.000,91,E,0,,,,403741,128.64,0
1194,2716.927,"Mount",0.122,0.030,-0.030,-0.122,-0.146,-0.044,84,E,19,N,,,406422,133.02,0
1195,2719.373,"Mount",0.123,0.032,-0.028,-0.123,-0.141,-0.046,81,E,20,N,,,403747,132.40,0
1196,2721.678,"Mount",-0.030,-0.093,-0.069,0.069,-0.149,0.023,85,E,10,S,,,413581,146.86,0
1197,2724.037,"Mount",0.015,0.027,0.017,-0.026,-0.098,0.000,56,E,0,,,,412496,152.22,0
1198,2726.202,"Mount",-0.087,0.032,0.068,0.062,-0.049,0.022,28,E,10,S,,,432931,144.12,0
1199,2728.560,"Mount",-0.061,0.002,0.029,0.053,-0.068,0.000,39,E,0,,,,394927,130.13,0
1200,2730.654,"Mount",0.002,0.065,0.057,-0.032,-0.052,0.000,30,E,0,,,,423624,128.25,0
1201,2733.010,"Mount",-0.094,0.035,0.075,0.067,-0.015,0.024,9,E,10,S,,,417570,156.75,0
1202,2735.149,"Mount",-0.051,0.018,0.040,0.036,-0.045,0.000,26,E,0,,,,404668,137.76,0
1203,2737.459,"Mount",-0.023,0.027,0.034,0.008,-0.045,0.000,26,E,0,,,,426359,145.49,0
1204,2739.548,"Mount",0.015,-0.029,-0.033,0.000,-0.043,0.000,24,E,0,,,,435295,157.75,0
1205,2741.957,"Mount",0.051,0.042,0.014,-0.064,-0.042,-0.023,24,E,10,N,,,409681,124.28,0
1206,2744.143,"Mount",0.129,0.051,-0.014,-0.138,-0.035,-0.051,20,E,22,N,,,430516,151.73,0
1207,2746.535,"Mount",-0.072,-0.003,0.030,0.066,-0.034,0.022,20,E,9,S,,,410888,125.38,0
1208,2748.608,"Mount",-0.015,-0.050,-0.037,0.036,-0.037,0.000,21,E,0,,,,418182,134.33,0
1209,2750.983,"Mount",0.024,-0.086,-0.088,0.019,-0.086,0.000,49,E,0,,,,413701,131.79,0
1210,2753.137,"Mount",0.040,-0.033,-0.048,-0.020,-0.057,0.000,32,E,0,,,,404166,127.83,0
1211,2755.586,"Mount",0.114,-0.062,-0.108,-0.073,-0.129,-0.026,74,E,11,N,,,407357,128.60,0
1212,2757.742,"Mount",-0.002,-0.007,-0.005,0.005,-0.106,0.000,60,E,0,,,,412386,141.55,0
1213,2760.192,"Mount",0.011,-0.134,-0.124,0.052,-0.189,0.000,108,E,0,,,,423645,162.70,0
1214,2762.394,"Mount",0.105,-0.138,-0.171,-0.030,-0.229,0.000,131,E,0,,,,384006,134.43,0
1215,2764.862,"Mount",-0.085,-0.104,-0.053,0.123,-0.193,0.044,110,E,19,S,,,425587,151.43,0
1216,2767.110,"Mount",0.079,0.016,-0.022,-0.077,-0.216,-0.026,124,E,11,N,,,417550,155.08,0
1217,2769.563,"Mount",0.092,-0.142,-0.168,-0.016,-0.313,0.000,179,E,0,,,,401302,121.18,0
1218,2771.809,"Mount",0.030,-0.034,-0.044,-0.011,-0.224,0.000,128,E,0,,,,420490,151.54,0
1219,2774.332,"Mount",0.036,0.077,0.052,-0.068,-0.208,-0.024,119,E,10,N,,,405378,142.68,0
1220,2776.559,"Mount",-0.014,0.006,0.012,0.009,-0.183,0.000,105,E,0,,,,409752,123.20,0
1221,2778.991,"Mount",-0.025,0.022,0.031,0.012,-0.168,0.000,96,E,0,,,,418097,145.08,0
1222,2781.166,"Mount",-0.036,0.023,0.037,0.022,-0.146,0.000,83,E,0,,,,415771,138.83,0
1223,2783.597,"Mount",0.080,0.015,-0.023,-0.078,-0.143,-0.028,82,E,12,N,,,421425,137.95,0
1224,2785.780,"Mount",0.014,-0.018,-0.022,-0.004,-0.138,0.000,79,E,0,,,,422445,143.09,0
1225,2788.245,"Mount",0.121,0.026,-0.032,-0.119,-0.156,-0.043,89,E,18,N,,,399130,141.61,0
1226,2790.406,"Mount",0.014,0.063,0.050,-0.041,-0.157,0.000,90,E,0,,,,439364,138.97,0
1227,2792.811,"Mount",0.072,-0.067,-0.093,-0.033,-0.204,0.000,116,E,0,,,,411221,131.86,0
1228,2795.043,"Mount",0.113,0.001,-0.051,-0.101,-0.152,-0.036,87,E,16,N,,,402616,158.22,0
1229,2797.456,"Mount",0.057,-0.002,-0.028,-0.050,-0.141,0.000,81,E,0,,,,391258,133.38,0
1230,2799.560,"Mount",-0.010,-0.049,-0.038,0.032,-0.122,0.000,70,E,0,,,,416362,140.15,0
1231,2801.915,"Mount",0.004,0.072,0.062,-0.037,-0.075,0.000,43,E,0,,,,421095,144.24,0
1232,2804.034,"Mount",-0.015,0.067,0.067,-0.018,-0.051,0.000,29,E,0,,,,403958,142.65,0
1233,2806.387,"Mount",0.011,0.136,0.116,-0.072,-0.015,-0.026,8,E,11,N,,,414697,147.02,0
1234,2808.541,"Mount",0.027,0.157,0.126,-0.097,0.005,-0.036,3,W,15,N,,,406181,132.41,0
1235,2810.929,"Mount",0.035,0.077,0.053,-0.066,-0.045,-0.025,25,E,11,N,,,408115,120.23,0
1236,2813.082,"Mount",-0.049,0.017,0.038,0.036,-0.040,0.000,23,E,0,,,,410495,143.07,0
1237,2815.478,"Mount",0.037,0.126,0.094,-0.091,0.010,-0.033,6,W,14,N,,,422464,154.67,0
1238,2817.646,"Mount",-0.019,-0.017,-0.006,0.024,-0.023,0.000,13,E,0,,,,412424,148.98,0
1239,2819.969,"Mount",0.054,-0.044,-0.064,-0.028,-0.053,0.000,30,E,0,,,,431003,161.69,0
1240,2822.078,"Mount",0.050,0.018,-0.007,-0.052,-0.023,0.000,13,E,0,,,,427190,131.49,0
1241,2824.442,"Mount",0.083,0.063,0.018,-0.103,-0.024,-0.037,14,E,16,N,,,403399,151.92,0
1242,2826.561,"Mount",0.033,0.054,0.033,-0.054,-0.027,0.000,16,E,0,,,,422203,130.77,0
1243,2828.856,"Mount",0.015,0.043,0.031,-0.033,-0.023,0.000,13,E,0,,,,434400,152.93,0
1244,2831.028,"Mount",0.046,0.116,0.082,-0.095,0.020,-0.034,11,W,15,N,,,404419,131.17,0
1245,2833.338,"Mount",0.065,-0.007,-0.036,-0.054,-0.005,0.000,3,E,0,,,,398907,132.59,0
1246,2835.460,"Mount",0.125,0.064,-0.001,-0.140,0.012,-0.050,7,W,22,N,,,430698,143.81,0
1247,2837.783,"Mount",-0.052,0.076,0.091,0.011,0.070,0.000,40,W,0,,,,419459,128.91,0
1248,2839.892,"Mount",-0.053,0.064,0.081,0.017,0.078,0.000,45,W,0,,,,414056,122.22,0
1249,2842.280,"Mount",-0.079,0.185,0.200,-0.015,0.150,0.000,86,W,0,,,,439304,145.26,0
1250,2844.466,"Mount",-0.091,0.037,0.075,0.063,0.103,0.023,59,W,10,S,,,409158,146.18,0
1251,2846.872,"Mount",-0.009,0.092,0.086,-0.035,0.128,0.000,73,W,0,,,,420271,148.39,0
1252,2849.104,"Mount",0.082,0.118,0.067,-0.127,0.122,-0.046,70,W,20,N,,,441721,131.11,0
1253,2851.507,"Mount",-0.003,0.044,0.040,-0.017,0.097,0.000,56,W,0,,,,444915,152.88,0
1254,2853.705,"Mount",0.004,0.068,0.059,-0.035,0.095,0.000,55,W,0,,,,416913,149.87,0
1255,2856.078,"Mount",-0.008,0.017,0.018,-0.001,0.099,0.000,57,W,0,,,,438578,137.06,0
1256,2858.298,"Mount",-0.028,0.074,0.079,-0.010,0.142,0.000,81,W,0,,,,417194,126.27,0
1257,2860.712,"Mount",0.094,0.036,-0.012,-0.100,0.119,-0.036,68,W,15,N,,,437338,148.19,0
1258,2862.897,"Mount",-0.016,0.118,0.112,-0.040,0.177,0.000,101,W,0,,,,429771,165.35,0
1259,2865.346,"Mount",0.065,0.107,0.065,-0.107,0.161,-0.038,92,W,16,N,,,425674,145.43,0
1260,2867.528,"Mount",-0.118,0.115,0.156,0.052,0.193,0.000,110,W,0,,,,415905,135.26,0
1261,2869.961,"Mount",-0.071,0.136,0.153,-0.000,0.193,0.000,110,W,0,,,,414297,131.66,0
1262,2872.204,"Mount",0.025,0.106,0.083,-0.071,0.141,-0.026,81,W,11,N,,,428856,141.06,0
1263,2874.676,"Mount",0.119,0.095,0.029,-0.149,0.086,-0.055,49,W,23,N,,,416287,141.18,0
1264,2876.812,"Mount",-0.010,0.084,0.079,-0.030,0.097,0.000,56,W,0,,,,411847,129.83,0
1265,2879.248,"Mount",0.029,0.177,0.143,-0.107,0.095,-0.039,54,W,17,N,,,425724,145.52,0
1266,2881.324,"Mount",0.092,-0.069,-0.104,-0.049,-0.037,0.000,21,E,0,,,,428098,181.86,0
1267,2883.684,"Mount",0.080,-0.138,-0.160,-0.007,-0.085,0.000,49,E,0,,,,405974,121.86,0
1268,2885.858,"Mount",0.099,0.021,-0.027,-0.097,-0.025,-0.035,14,E,15,N,,,403354,125.40,0
1269,2888.305,"Mount",0.173,-0.092,-0.162,-0.111,-0.110,-0.041,63,E,18,N,,,402895,130.86,0
1270,2890.456,"Mount",0.088,-0.112,-0.140,-0.026,-0.102,0.000,59,E,0,,,,436431,152.27,0
1271,2892.796,"Mount",-0.050,-0.036,-0.009,0.061,-0.043,0.022,25,E,9,S,,,415669,125.03,0
1272,2894.928,"Mount",-0.094,0.088,0.121,0.043,0.016,0.000,9,W,0,,,,447847,152.19,0
1273,2897.235,"Mount",0.003,0.107,0.094,-0.052,0.016,0.000,9,W,0,,,,406727,134.12,0
1274,2899.453,"Mount",0.157,-0.042,-0.110,-0.120,-0.056,-0.043,32,E,18,N,,,411876,135.93,0
1275,2901.746,"Mount",0.043,0.041,0.016,-0.057,0.020,0.000,12,W,0,,,,426257,137.79,0
1276,2903.859,"Mount",0.019,0.047,0.032,-0.038,0.045,0.000,26,W,0,,,,425673,140.69,0
1277,2906.204,"Mount",-0.050,0.068,0.084,0.013,0.106,0.000,61,W,0,,,,383708,119.92,0
1278,2908.325,"Mount",-0.062,0.014,0.041,0.048,0.095,0.000,54,W,0,,,,426092,137.87,0
1279,2910.715,"Mount",-0.050,0.117,0.127,-0.010,0.194,0.000,111,W,0,,,,422445,123.92,0
1280,2912.879,"Mount",0.020,0.043,0.029,-0.037,0.165,0.000,95,W,0,,,,435999,148.59,0
1281,2915.332,"Mount",-0.060,0.082,0.101,0.016,0.246,0.000,141,W,0,,,,428138,141.48,0
1282,2917.576,"Mount",0.004,0.105,0.092,-0.052,0.256,0.000,146,W,0,,,,401799,126.51,0
1283,2920.230,"Mount",0.125,0.456,0.347,-0.322,0.387,-0.116,221,W,50,N,,,422029,135.62,0
1284,2922.419,"Mount",-0.039,0.076,0.085,0.000,0.264,0.000,151,W,0,,,,434585,154.29,0
1285,2924.880,"Mount",-0.071,0.063,0.089,0.034,0.250,0.000,143,W,0,,,,440464,150.25,0
1286,2927.162,"Mount",-0.048,0.060,0.075,0.015,0.226,0.000,129,W,0,,,,424142,147.79,0
1287,2929.568,"Mount",-0.066,0.119,0.136,0.004,0.235,0.000,134,W,0,,,,411013,142.30,0
1288,2931.766,"Mount",-0.064,0.124,0.140,-0.000,0.209,0.000,120,W,0,,,,422642,131.24,0
1289,2934.209,"Mount",-0.118,0.131,0.171,0.045,0.200,0.000,114,W,0,,,,451268,155.65,0
1290,2936.331,"Mount",0.023,0.044,0.028,-0.041,0.109,0.000,62,W,0,,,,442068,145.69,0
1291,2938.736,"Mount",-0.129,0.083,0.133,0.076,0.154,0.027,88,W,12,S,,,385151,132.99,0
1292,2940.921,"Mount",-0.083,0.109,0.135,0.024,0.149,0.000,85,W,0,,,,411698,129.98,0
1293,2943.344,"Mount",0.083,0.083,0.035,-0.112,0.080,-0.040,46,W,17,N,,,419264,129.75,0
1294,2945.468,"Mount",0.029,0.073,0.052,-0.059,0.069,0.000,40,W,0,,,,406875,116.23,0
1295,2947.885,"Mount",0.071,0.016,-0.018,-0.070,0.053,-0.025,30,W,11,N,,,411434,152.21,0
1296,2950.053,"Mount",0.076,0.000,-0.035,-0.067,0.029,-0.025,16,W,11,N,,,426285,132.99,0
1297,2952.472,"Mount",0.090,0.110,0.056,-0.131,0.001,-0.048,1,W,21,N,,,438303,164.60,0
1298,2954.608,"Mount",0.004,-0.050,-0.046,0.020,-0.017,0.000,9,E,0,,,,401700,125.27,0
1299,2956.955,"Mount",0.033,-0.150,-0.148,0.040,-0.093,0.000,53,E,0,,,,417657,158.82,0
1300,2959.091,"Mount",0.022,0.039,0.025,-0.038,-0.036,0.000,21,E,0,,,,402337,131.69,0
1301,2961.464,"Mount",-0.045,-0.095,-0.064,0.084,-0.070,0.030,40,E,13,S,,,409043,144.46,0
1302,2963.596,"Mount",-0.085,0.015,0.052,0.069,-0.040,0.026,23,E,11,S,,,421815,133.89,0
1303,2966.016,"Mount",-0.067,-0.032,0.002,0.074,-0.034,0.028,20,E,12,S,,,425796,150.70,0
1304,2968.189,"Mount",0.194,0.100,-0.001,-0.218,-0.023,-0.077,13,E,33,N,,,402814,132.37,0
1305,2970.593,"Mount",0.093,0.026,-0.020,-0.094,-0.005,-0.037,3,E,16,N,,,415898,150.50,0
1306,2972.655,"Mount",-0.040,-0.030,-0.008,0.049,0.007,0.000,4,W,0,,,,413234,136.22,0
1307,2975.116,"Mount",-0.183,0.101,0.174,0.116,0.095,0.042,55,W,18,S,,,402931,131.78,0
1308,2977.273,"Mount",-0.089,0.130,0.156,0.019,0.095,0.000,54,W,0,,,,429451,149.26,0
1309,2979.687,"Mount",-0.020,0.207,0.193,-0.078,0.118,-0.028,67,W,12,N,,,404739,128.62,0
1310,2981.948,"Mount",-0.169,0.146,0.208,0.082,0.133,0.028,76,W,12,S,,,422882,128.96,0
1311,2984.285,"Mount",-0.007,0.122,0.112,-0.050,0.088,0.000,51,W,0,,,,419843,134.36,0
1312,2986.396,"Mount",-0.006,0.122,0.110,-0.051,0.089,0.000,51,W,0,,,,422332,140.97,0
1313,2988.769,"Mount",0.073,0.109,0.063,-0.115,0.063,-0.042,36,W,18,N,,,401056,123.39,0
1314,2990.966,"Mount",-0.092,0.036,0.075,0.065,0.064,0.022,37,W,9,S,,,416919,139.14,0
1315,2993.293,"Mount",-0.020,0.020,0.027,0.008,0.025,0.000,14,W,0,,,,429075,172.23,0
1316,2995.476,"Mount",0.032,0.110,0.083,-0.080,0.051,-0.029,29,W,12,N,,,412759,138.37,0
1317,2997.772,"Mount",0.000,0.018,0.016,-0.008,0.008,0.000,5,W,0,,,,426545,136.56,0
1318,2999.910,"Mount",-0.056,0.083,0.100,0.012,0.044,0.000,25,W,0,,,,417274,146.85,0
1319,3002.206,"Mount",0.031,0.009,-0.006,-0.032,-0.009,0.000,5,E,0,,,,387402,113.87,0
1320,3004.434,"Mount",0.184,-0.131,-0.201,-0.103,-0.100,-0.037,57,E,16,N,,,437709,141.50,0
1321,3006.727,"Mount",-0.006,0.045,0.043,-0.016,-0.005,0.000,3,E,0,,,,397424,127.64,0
1322,3008.845,"Mount",-0.005,0.025,0.024,-0.007,-0.002,0.000,1,E,0,,,,419711,137.90,0
1323,3011.138,"Mount",0.009,-0.045,-0.044,0.013,0.005,0.000,3,W,0,,,,418631,130.70,0
1324,3013.323,"Mount",0.143,-0.114,-0.167,-0.074,-0.070,-0.027,40,E,11,N,,,427576,161.42,0
1325,3015.678,"Mount",0.153,-0.203,-0.250,-0.042,-0.109,0.000,62,E,0,,,,410031,139.70,0
1326,3017.741,"Mount",0.055,-0.015,-0.039,-0.042,0.012,0.000,7,W,0,,,,434367,148.60,0
1327,3020.036,"Mount",0.070,-0.012,-0.043,-0.057,0.021,0.000,12,W,0,,,,447431,150.48,0
1328,3022.193,"Mount",0.113,-0.043,-0.090,-0.081,-0.014,-0.029,8,E,12,N,,,415955,147.78,0
1329,3024.569,"Mount",0.127,-0.012,-0.069,-0.107,0.003,-0.040,2,W,17,N,,,416072,139.08,0
1330,3026.642,"Mount",0.038,-0.051,-0.063,-0.010,0.012,0.000,7,W,0,,,,430249,134.37,0
1331,3029.093,"Mount",0.003,0.143,0.125,-0.068,0.106,-0.025,60,W,10,N,,,423598,142.96,0
1332,3031.228,"Mount",0.012,0.001,-0.004,-0.011,0.054,0.000,31,W,0,,,,413120,132.64,0
1333,3033.601,"Mount",-0.036,0.117,0.121,-0.022,0.112,0.000,64,W,0,,,,423944,137.67,0
1334,3035.741,"Mount",-0.070,0.136,0.153,-0.001,0.126,0.000,72,W,0,,,,406171,126.04,0
1335,3038.115,"Mount",-0.101,0.066,0.105,0.059,0.092,0.000,53,W,0,,,,415285,130.31,0
1336,3040.261,"Mount",-0.029,0.116,0.116,-0.028,0.081,0.000,46,W,0,,,,448684,143.53,0
1337,3042.577,"Mount",0.006,0.023,0.018,-0.016,0.021,0.000,12,W,0,,,,395565,128.74,0
1338,3044.712,"Mount",0.085,0.041,-0.003,-0.094,0.003,-0.034,2,W,14,N,,,420069,133.16,0
1339,3047.096,"Mount",0.018,0.127,0.104,-0.074,0.020,-0.028,12,W,12,N,,,430465,149.74,0
1340,3049.285,"Mount",0.068,0.070,0.031,-0.093,-0.047,-0.035,27,E,15,N,,,436979,148.28,0
1341,3051.644,"Mount",-0.067,0.038,0.064,0.042,-0.045,0.000,26,E,0,,,,431134,150.57,0
1342,3053.816,"Mount",0.125,-0.008,-0.065,-0.107,-0.123,-0.039,70,E,17,N,,,429747,140.20,0
1343,3056.146,"Mount",0.037,-0.041,-0.054,-0.013,-0.115,0.000,66,E,0,,,,402173,124.46,0
1344,3058.312,"Mount",0.085,-0.066,-0.098,-0.045,-0.166,0.000,95,E,0,,,,424018,152.31,0
1345,3060.713,"Mount",-0.116,0.086,0.130,0.063,-0.087,0.023,50,E,10,S,,,393889,113.64,0
1346,3062.841,"Mount",0.000,0.065,0.058,-0.030,-0.152,0.000,87,E,0,,,,421955,130.74,0
1347,3065.207,"Mount",0.032,0.024,0.006,-0.040,-0.146,0.000,83,E,0,,,,410252,119.48,0
1348,3067.336,"Mount",0.047,0.015,-0.008,-0.049,-0.116,0.000,66,E,0,,,,417092,133.22,0
Guiding Ends at 2026-05-27 22:41:43

Guiding Begins at 2026-05-27 22:53:41
Equipment Profile = 60mmGuide
Dither = both axes, Dither scale = 1.000, Image noise reduction = none, Guide-frame time lapse = 0, Server enabled
Pixel scale = 3.22 arc-sec/px, Binning = 1, Focal length = 240 mm
Search region = 25 px, Star mass tolerance = 50.0%, Multi-star mode, list size = 12
 Camera = ZWO ASI120MM Mini, gain = 37, full size = 1280 x 960, have dark, dark dur = 2000, no defect map, pixel size = 3.8 um
Exposure = 2000 ms
Mount = iOptron CEM120,70,40,26, GEM, HEM, HAE, HAZ series and SkyHunter Mount (ASCOM), connected, guiding enabled, xAngle = 117.4, xRate = 1.749, yAngle = -152.7, yRate = 2.338, parity = +/+
Norm rates RA = 8.3"/s @ dec 0, Dec = 7.5"/s; ortho.err. = 0.1 deg
X guide algorithm = Predictive PEC, Control gain = 0.450
Prediction gain = 0.750
Minimum move = 0.060
Hyperparameters
	Length scale long range SE kernel = 700.000
	Signal variance long range SE kernel = 20.000
	Length scale periodic kernel = 10.000
	Signal variance periodic kernel = 20.000
	Length scale short range SE kernel = 25.000
	Signal variance short range SE kernel = 10.000
	Period length periodic kernel = 348.000
	FFT called after = 2.000 worm cycles
	Auto-adjust period length = Off
Y guide algorithm = Hysteresis, Hysteresis = 0.100, Aggression = 0.400, Minimum move = 0.060
Backlash comp = disabled, pulse = 100 ms
Max RA duration = 2500, Max DEC duration = 2500, DEC guide mode = Auto
RA Guide Speed = 7.5 a-s/s, Dec Guide Speed = 7.5 a-s/s, Cal Dec = 0.0, Last Cal Issue = None, Timestamp = 7/29/2025 9:33:42 PM
RA = 13.72 hr, Dec = 47.1 deg, Hour angle = -0.07 hr, Pier side = West, Rotator pos = N/A, Alt = 74.5 deg, Az = 2.6 deg
Lock position = 618.397, 572.014, Star position = 618.397, 572.014, HFD = 5.92 px
Frame,Time,mount,dx,dy,RARawDistance,DECRawDistance,RAGuideDistance,DECGuideDistance,RADuration,RADirection,DECDuration,DECDirection,XStep,YStep,StarMass,SNR,ErrorCode
INFO: SETTLING STATE CHANGE, Settling started
1,4.679,"Mount",-2.781,5.951,6.563,-0.280,2.953,-0.101,1689,W,43,N,,,211432,95.97,0
2,9.537,"Mount",-4.301,8.550,9.570,-0.133,4.307,-0.052,2462,W,22,N,,,210870,91.78,0
3,13.305,"Mount",-2.393,4.756,5.324,-0.073,2.396,-0.028,1370,W,12,N,,,216445,116.23,0
4,16.499,"Mount",-2.058,3.522,4.075,0.200,1.834,0.071,1048,W,30,S,,,213492,91.15,0
5,19.103,"Mount",-0.570,0.648,0.837,0.207,0.377,0.077,215,W,33,S,,,223598,109.55,0
6,21.410,"Mount",-0.440,0.456,0.607,0.180,0.273,0.068,156,W,29,S,,,224946,114.59,0
7,23.710,"Mount",-0.002,0.100,0.090,-0.045,0.040,0.000,23,W,0,,,,217878,106.29,0
8,25.894,"Mount",0.001,0.185,0.164,-0.086,0.074,-0.031,42,W,13,N,,,222444,110.47,0
9,28.210,"Mount",-0.003,0.067,0.061,-0.029,0.027,0.000,16,W,0,,,,225977,105.54,0
10,30.331,"Mount",0.125,-0.149,-0.190,-0.042,-0.086,0.000,49,E,0,,,,210713,101.93,0
11,32.693,"Mount",0.050,-0.236,-0.232,0.065,-0.050,0.023,28,E,10,S,,,201794,92.69,0
12,34.789,"Mount",0.051,-0.160,-0.166,0.029,-0.015,0.000,9,E,0,,,,224677,111.44,0
13,37.257,"Mount",0.132,-0.474,-0.481,0.102,-0.151,0.037,86,E,16,S,,,216884,101.41,0
14,39.429,"Mount",0.254,-0.382,-0.456,-0.049,-0.128,0.000,73,E,0,,,,207839,103.60,0
15,41.892,"Mount",0.152,-0.470,-0.487,0.082,-0.174,0.029,100,E,13,S,,,207540,93.80,0
16,44.203,"Mount",0.436,-0.577,-0.713,-0.120,-0.259,-0.042,148,E,18,N,,,223965,109.47,0
17,46.749,"Mount",0.423,-0.618,-0.744,-0.089,-0.299,-0.034,171,E,14,N,,,211238,96.98,0
18,49.007,"Mount",0.375,-0.612,-0.716,-0.050,-0.286,0.000,163,E,0,,,,217011,108.16,0
19,51.521,"Mount",0.404,-0.453,-0.588,-0.149,-0.249,-0.054,142,E,23,N,,,228182,114.68,0
20,53.796,"Mount",0.374,-0.708,-0.801,-0.005,-0.326,0.000,186,E,0,,,,221727,119.88,0
21,56.204,"Mount",0.163,-0.394,-0.425,0.037,-0.158,0.000,90,E,0,,,,205408,95.16,0
22,58.472,"Mount",0.409,-0.520,-0.650,-0.123,-0.240,-0.044,137,E,19,N,,,222408,97.96,0
23,60.870,"Mount",0.219,-0.530,-0.572,0.050,-0.181,0.000,103,E,0,,,,223117,125.12,0
24,63.109,"Mount",0.149,-0.537,-0.545,0.116,-0.180,0.042,103,E,18,S,,,224369,111.02,0
25,65.540,"Mount",0.316,-0.544,-0.628,-0.029,-0.191,0.000,109,E,0,,,,219721,102.33,0
26,67.756,"Mount",0.267,-0.325,-0.411,-0.087,-0.115,-0.031,66,E,13,N,,,228760,117.23,0
27,70.151,"Mount",0.184,-0.435,-0.471,0.038,-0.123,0.000,70,E,0,,,,217729,99.58,0
28,72.270,"Mount",0.140,-0.285,-0.317,0.007,-0.094,0.000,54,E,0,,,,213205,98.15,0
29,74.619,"Mount",0.221,-0.364,-0.425,-0.028,-0.127,0.000,73,E,0,,,,220911,104.51,0
30,76.834,"Mount",0.221,-0.268,-0.339,-0.072,-0.125,-0.026,71,E,11,N,,,212310,108.86,0
31,79.228,"Mount",0.122,-0.288,-0.312,0.025,-0.105,0.000,60,E,0,,,,209053,104.53,0
32,81.298,"Mount",-0.032,-0.055,-0.034,0.054,0.011,0.000,6,W,0,,,,222344,109.66,0
33,83.667,"Mount",0.099,-0.136,-0.166,-0.025,-0.050,0.000,29,E,0,,,,222441,110.26,0
34,85.849,"Mount",0.170,-0.105,-0.172,-0.102,-0.034,-0.037,20,E,16,N,,,213248,107.71,0
INFO: SETTLING STATE CHANGE, Settling complete
35,88.244,"Mount",-0.107,-0.155,-0.088,0.166,0.016,0.058,9,W,25,S,,,223236,117.03,0
Guiding Ends at 2026-05-27 22:55:11

Guiding Begins at 2026-05-27 23:01:04
Equipment Profile = 60mmGuide
Dither = both axes, Dither scale = 1.000, Image noise reduction = none, Guide-frame time lapse = 0, Server enabled
Pixel scale = 3.22 arc-sec/px, Binning = 1, Focal length = 240 mm
Search region = 25 px, Star mass tolerance = 50.0%, Multi-star mode, list size = 12
 Camera = ZWO ASI120MM Mini, gain = 37, full size = 1280 x 960, have dark, dark dur = 2000, no defect map, pixel size = 3.8 um
Exposure = 2000 ms
Mount = iOptron CEM120,70,40,26, GEM, HEM, HAE, HAZ series and SkyHunter Mount (ASCOM), connected, guiding enabled, xAngle = -62.6, xRate = 1.749, yAngle = -152.7, yRate = 2.338, parity = +/-
Norm rates RA = 8.3"/s @ dec 0, Dec = 7.5"/s; ortho.err. = 0.1 deg
X guide algorithm = Predictive PEC, Control gain = 0.450
Prediction gain = 0.750
Minimum move = 0.060
Hyperparameters
	Length scale long range SE kernel = 700.000
	Signal variance long range SE kernel = 20.000
	Length scale periodic kernel = 10.000
	Signal variance periodic kernel = 20.000
	Length scale short range SE kernel = 25.000
	Signal variance short range SE kernel = 10.000
	Period length periodic kernel = 348.000
	FFT called after = 2.000 worm cycles
	Auto-adjust period length = Off
Y guide algorithm = Hysteresis, Hysteresis = 0.100, Aggression = 0.400, Minimum move = 0.060
Backlash comp = disabled, pulse = 100 ms
Max RA duration = 2500, Max DEC duration = 2500, DEC guide mode = Auto
RA Guide Speed = 7.5 a-s/s, Dec Guide Speed = 7.5 a-s/s, Cal Dec = 0.0, Last Cal Issue = None, Timestamp = 7/29/2025 9:33:42 PM
RA = 13.72 hr, Dec = 47.1 deg, Hour angle = 0.06 hr, Pier side = East, Rotator pos = N/A, Alt = 74.5 deg, Az = 357.9 deg
Lock position = 707.282, 595.348, Star position = 707.282, 595.348, HFD = 4.74 px
Frame,Time,mount,dx,dy,RARawDistance,DECRawDistance,RAGuideDistance,DECGuideDistance,RADuration,RADirection,DECDuration,DECDirection,XStep,YStep,StarMass,SNR,ErrorCode
INFO: SETTLING STATE CHANGE, Settling started
1,2.250,"Mount",-0.058,-0.132,0.091,0.112,0.041,0.040,23,W,17,S,,,633759,152.17,0
2,4.650,"Mount",-0.326,-0.049,-0.107,0.312,-0.048,0.114,27,E,49,S,,,613151,161.18,0
3,6.851,"Mount",-0.236,0.237,-0.319,0.100,-0.144,0.041,82,E,17,S,,,627730,150.06,0
4,9.174,"Mount",-0.036,0.143,-0.144,-0.034,-0.065,0.000,37,E,0,,,,610036,137.19,0
5,11.208,"Mount",0.005,0.011,-0.008,-0.010,0.000,0.000,0,,0,,,,617089,154.80,0
6,13.473,"Mount",-0.007,-0.039,0.032,0.025,0.000,0.000,0,,0,,,,624613,144.54,0
7,15.617,"Mount",-0.084,0.126,-0.150,0.017,-0.068,0.000,39,E,0,,,,624955,147.73,0
8,17.953,"Mount",-0.084,0.105,-0.131,0.026,-0.059,0.000,34,E,0,,,,617644,152.64,0
9,20.039,"Mount",-0.026,0.085,-0.087,-0.016,-0.039,0.000,22,E,0,,,,613258,144.91,0
INFO: SETTLING STATE CHANGE, Settling complete
10,22.361,"Mount",0.068,-0.035,0.062,-0.044,0.028,0.000,16,W,0,,,,616780,149.35,0
11,24.522,"Mount",-0.015,0.151,-0.141,-0.056,-0.060,0.000,34,E,0,,,,645543,174.11,0
12,26.838,"Mount",0.008,-0.071,0.067,0.025,0.030,0.000,17,W,0,,,,631543,150.06,0
13,29.077,"Mount",0.556,0.002,0.254,-0.494,0.103,-0.178,59,W,76,N,,,595529,151.72,0
14,31.559,"Mount",-0.666,-0.330,-0.013,0.743,-0.001,0.260,1,E,111,S,,,594017,138.14,0
15,33.717,"Mount",-0.094,0.020,-0.062,0.074,-0.022,0.037,13,E,16,S,,,605343,127.12,0
16,36.223,"Mount",0.482,-0.121,0.330,-0.371,0.136,-0.132,78,W,57,N,,,597986,133.26,0
17,38.352,"Mount",0.033,-0.190,0.184,0.058,0.076,0.000,43,W,0,,,,639741,154.05,0
18,40.801,"Mount",-0.102,-0.389,0.298,0.270,0.129,0.097,74,W,42,S,,,608452,135.39,0
19,43.021,"Mount",-0.079,-0.195,0.137,0.161,0.062,0.062,36,W,26,S,,,632235,142.30,0
20,45.396,"Mount",0.142,-0.224,0.264,-0.023,0.117,0.000,67,W,0,,,,631597,168.63,0
21,47.591,"Mount",-0.010,-0.181,0.156,0.093,0.066,0.033,38,W,14,S,,,625050,158.35,0
22,49.941,"Mount",0.131,-0.279,0.308,0.012,0.130,0.000,74,W,0,,,,634380,155.01,0
23,52.070,"Mount",0.138,-0.240,0.277,-0.012,0.119,0.000,68,W,0,,,,629974,157.55,0
Guiding Ends at 2026-05-27 23:01:58

Guiding Begins at 2026-05-27 23:02:33
Equipment Profile = 60mmGuide
Dither = both axes, Dither scale = 1.000, Image noise reduction = none, Guide-frame time lapse = 0, Server enabled
Pixel scale = 3.22 arc-sec/px, Binning = 1, Focal length = 240 mm
Search region = 25 px, Star mass tolerance = 50.0%, Multi-star mode, list size = 12
 Camera = ZWO ASI120MM Mini, gain = 37, full size = 1280 x 960, have dark, dark dur = 2000, no defect map, pixel size = 3.8 um
Exposure = 2000 ms
Mount = iOptron CEM120,70,40,26, GEM, HEM, HAE, HAZ series and SkyHunter Mount (ASCOM), connected, guiding enabled, xAngle = -62.6, xRate = 1.749, yAngle = -152.7, yRate = 2.338, parity = +/-
Norm rates RA = 8.3"/s @ dec 0, Dec = 7.5"/s; ortho.err. = 0.1 deg
X guide algorithm = Predictive PEC, Control gain = 0.450
Prediction gain = 0.750
Minimum move = 0.060
Hyperparameters
	Length scale long range SE kernel = 700.000
	Signal variance long range SE kernel = 20.000
	Length scale periodic kernel = 10.000
	Signal variance periodic kernel = 20.000
	Length scale short range SE kernel = 25.000
	Signal variance short range SE kernel = 10.000
	Period length periodic kernel = 348.000
	FFT called after = 2.000 worm cycles
	Auto-adjust period length = Off
Y guide algorithm = Hysteresis, Hysteresis = 0.100, Aggression = 0.400, Minimum move = 0.060
Backlash comp = disabled, pulse = 100 ms
Max RA duration = 2500, Max DEC duration = 2500, DEC guide mode = Auto
RA Guide Speed = 7.5 a-s/s, Dec Guide Speed = 7.5 a-s/s, Cal Dec = 0.0, Last Cal Issue = None, Timestamp = 7/29/2025 9:33:42 PM
RA = 13.52 hr, Dec = 47.1 deg, Hour angle = 0.28 hr, Pier side = East, Rotator pos = N/A, Alt = 74.2 deg, Az = 349.4 deg
Lock position = 585.632, 562.915, Star position = 585.632, 562.915, HFD = 4.76 px
Frame,Time,mount,dx,dy,RARawDistance,DECRawDistance,RAGuideDistance,DECGuideDistance,RADuration,RADirection,DECDuration,DECDirection,XStep,YStep,StarMass,SNR,ErrorCode
INFO: SETTLING STATE CHANGE, Settling started
1,2.210,"Mount",-0.187,-0.087,-0.009,0.206,0.000,0.074,0,,32,S,,,460720,145.67,0
2,4.751,"Mount",-0.848,-0.171,-0.239,0.831,-0.108,0.302,61,E,129,S,,,447855,142.68,0
3,6.845,"Mount",-0.078,0.130,-0.151,0.009,-0.068,0.000,39,E,0,,,,439132,146.90,0
4,9.323,"Mount",-0.020,0.284,-0.261,-0.113,-0.117,-0.041,67,E,17,N,,,445861,136.14,0
5,11.455,"Mount",0.190,0.147,-0.043,-0.237,0.000,-0.087,0,,37,N,,,440875,127.66,0
6,13.833,"Mount",-0.188,0.262,-0.319,0.046,-0.144,0.000,82,E,0,,,,455500,137.90,0
7,15.943,"Mount",-0.146,-0.055,-0.019,0.155,0.000,0.056,0,,24,S,,,431856,127.23,0
8,18.285,"Mount",-0.082,0.137,-0.159,0.010,-0.072,0.000,41,E,0,,,,468847,146.48,0
9,20.459,"Mount",-0.213,0.020,-0.116,0.180,-0.052,0.065,30,E,28,S,,,454106,134.94,0
INFO: SETTLING STATE CHANGE, Settling complete
10,22.787,"Mount",0.118,0.092,-0.028,-0.147,0.000,-0.050,0,,22,N,,,459157,145.28,0
11,24.946,"Mount",0.153,-0.093,0.153,-0.093,0.058,-0.035,33,W,15,N,,,462129,133.77,0
12,27.366,"Mount",-0.128,-0.085,0.017,0.153,0.004,0.054,2,W,23,S,,,445185,137.70,0
13,29.505,"Mount",-0.118,-0.112,0.045,0.156,0.004,0.058,3,W,25,S,,,431360,118.40,0
14,31.897,"Mount",0.118,-0.059,0.106,-0.077,0.048,-0.026,28,W,11,N,,,456851,133.44,0
15,34.133,"Mount",0.328,0.092,0.069,-0.334,0.034,-0.121,19,W,52,N,,,446193,128.37,0
16,36.487,"Mount",-0.104,-0.091,0.033,0.135,0.000,0.044,0,,19,S,,,438431,138.30,0
17,38.624,"Mount",0.124,-0.039,0.092,-0.092,0.039,-0.031,22,W,13,N,,,458734,146.41,0
18,40.968,"Mount",0.044,-0.067,0.079,-0.008,0.030,0.000,17,W,0,,,,433809,129.41,0
19,43.104,"Mount",0.063,-0.144,0.157,0.010,0.062,0.000,36,W,0,,,,443230,135.40,0
20,45.476,"Mount",0.071,-0.186,0.198,0.023,0.078,0.000,45,W,0,,,,442612,132.93,0
21,47.644,"Mount",-0.193,-0.039,-0.054,0.189,0.002,0.068,1,W,29,S,,,447159,133.61,0
22,50.058,"Mount",0.145,-0.002,0.068,-0.128,0.034,-0.043,19,W,19,N,,,457142,158.71,0
23,52.104,"Mount",0.059,0.009,0.019,-0.056,0.000,0.000,0,,0,,,,454360,155.55,0
24,54.384,"Mount",-0.020,0.003,-0.012,0.016,0.001,0.000,0,,0,,,,473977,144.23,0
25,56.548,"Mount",-0.079,0.021,-0.055,0.060,0.004,0.022,2,W,9,S,,,437002,148.34,0
26,58.923,"Mount",-0.037,0.146,-0.147,-0.035,-0.055,0.000,31,E,0,,,,425677,143.29,0
27,61.140,"Mount",-0.227,0.181,-0.265,0.118,-0.110,0.042,63,E,18,S,,,450969,148.87,0
28,63.605,"Mount",-0.396,0.322,-0.468,0.203,-0.196,0.075,112,E,32,S,,,460111,154.23,0
29,65.751,"Mount",-0.134,0.272,-0.303,-0.006,-0.144,0.000,83,E,0,,,,446334,140.32,0
30,68.186,"Mount",-0.014,0.219,-0.201,-0.088,-0.109,-0.032,62,E,14,N,,,440853,134.59,0
31,70.360,"Mount",-0.121,0.298,-0.320,-0.030,-0.156,0.000,89,E,0,,,,461637,138.88,0
32,72.728,"Mount",-0.073,0.175,-0.189,-0.016,-0.106,0.000,61,E,0,,,,468148,136.51,0
33,74.991,"Mount",-0.210,0.244,-0.314,0.074,-0.158,0.026,90,E,11,S,,,434075,119.29,0
34,77.379,"Mount",-0.090,0.221,-0.238,-0.022,-0.095,0.000,55,E,0,,,,437319,128.06,0
35,79.514,"Mount",-0.154,0.193,-0.242,0.047,-0.096,0.000,55,E,0,,,,450726,130.93,0
36,81.918,"Mount",-0.007,0.173,-0.157,-0.073,-0.062,-0.026,36,E,11,N,,,450376,126.53,0
37,83.993,"Mount",-0.027,0.040,-0.048,0.006,0.007,0.000,4,W,0,,,,457241,154.03,0
38,86.394,"Mount",-0.142,0.094,-0.149,0.083,-0.069,0.030,39,E,13,S,,,442364,143.20,0
39,88.468,"Mount",-0.008,0.082,-0.077,-0.031,-0.037,0.000,21,E,0,,,,459922,136.43,0
40,90.945,"Mount",0.025,0.090,-0.068,-0.064,-0.039,-0.023,23,E,10,N,,,464505,152.30,0
41,93.063,"Mount",-0.021,0.059,-0.062,-0.009,-0.036,0.000,21,E,0,,,,438719,124.64,0
42,95.386,"Mount",-0.036,0.035,-0.048,0.015,-0.010,0.000,6,E,0,,,,464144,149.78,0
43,97.472,"Mount",0.002,-0.003,0.003,-0.000,-0.006,0.000,3,E,0,,,,442955,135.73,0
44,99.829,"Mount",-0.042,0.051,-0.064,0.014,-0.032,0.000,19,E,0,,,,449342,124.01,0
45,102.071,"Mount",-0.140,0.045,-0.105,0.103,-0.037,0.037,21,E,16,S,,,495685,163.26,0
46,104.442,"Mount",-0.008,0.159,-0.144,-0.066,-0.052,-0.022,30,E,10,N,,,459435,132.91,0
47,106.534,"Mount",-0.058,0.110,-0.125,0.001,-0.056,0.000,32,E,0,,,,452396,140.13,0
48,108.847,"Mount",-0.069,0.107,-0.127,0.012,-0.058,0.000,33,E,0,,,,434257,131.93,0
49,111.035,"Mount",-0.202,0.205,-0.275,0.085,-0.128,0.031,73,E,13,S,,,444298,132.77,0
50,113.374,"Mount",-0.052,0.197,-0.199,-0.045,-0.099,0.000,57,E,0,,,,437021,136.78,0
51,115.607,"Mount",-0.371,0.630,-0.730,0.038,-0.320,0.000,183,E,0,,,,462072,145.79,0
52,118.150,"Mount",-0.367,0.356,-0.485,0.161,-0.226,0.058,129,E,25,S,,,457414,133.16,0
53,120.394,"Mount",-0.284,0.238,-0.342,0.142,-0.175,0.054,100,E,23,S,,,452863,146.42,0
54,122.858,"Mount",-0.293,0.441,-0.527,0.056,-0.255,0.000,146,E,0,,,,474958,139.09,0
55,125.243,"Mount",-0.026,0.545,-0.496,-0.228,-0.238,-0.082,136,E,35,N,,,469609,131.05,0
56,127.735,"Mount",-0.316,0.436,-0.532,0.079,-0.245,0.025,140,E,11,S,,,454707,125.55,0
57,129.936,"Mount",-0.216,0.337,-0.398,0.036,-0.184,0.000,105,E,0,,,,449418,150.52,0
58,132.339,"Mount",-0.208,0.380,-0.433,0.009,-0.213,0.000,122,E,0,,,,464929,153.52,0
59,134.557,"Mount",0.102,0.306,-0.225,-0.232,-0.121,-0.084,69,E,36,N,,,454180,146.46,0
60,137.035,"Mount",-0.275,0.138,-0.249,0.180,-0.140,0.062,80,E,26,S,,,456455,158.01,0
61,139.312,"Mount",-0.378,0.225,-0.374,0.231,-0.184,0.086,105,E,37,S,,,461116,159.44,0
62,141.842,"Mount",0.056,0.374,-0.307,-0.222,-0.155,-0.077,89,E,33,N,,,440757,130.07,0
63,144.097,"Mount",-0.143,0.299,-0.331,-0.011,-0.162,0.000,93,E,0,,,,458991,158.99,0
64,146.550,"Mount",-0.272,0.307,-0.398,0.100,-0.208,0.036,119,E,15,S,,,458855,139.62,0
65,148.691,"Mount",0.077,0.042,-0.002,-0.088,-0.035,-0.030,20,E,13,N,,,456746,166.94,0
66,151.128,"Mount",0.039,0.100,-0.070,-0.081,-0.060,-0.030,34,E,13,N,,,462174,159.32,0
67,153.265,"Mount",0.018,0.080,-0.063,-0.053,-0.046,0.000,26,E,0,,,,450346,137.23,0
68,155.578,"Mount",0.054,-0.008,0.032,-0.044,-0.014,0.000,8,E,0,,,,458035,126.46,0
69,157.749,"Mount",-0.164,0.173,-0.229,0.065,-0.070,0.024,40,E,10,S,,,486706,164.73,0
70,160.115,"Mount",-0.150,0.200,-0.247,0.041,-0.069,0.000,40,E,0,,,,456064,150.79,0
71,162.314,"Mount",-0.174,0.167,-0.229,0.077,-0.088,0.028,50,E,12,S,,,443984,146.98,0
72,164.689,"Mount",-0.013,0.171,-0.158,-0.067,-0.059,-0.023,34,E,10,N,,,473546,138.45,0
73,166.859,"Mount",-0.076,0.209,-0.220,-0.029,-0.120,0.000,68,E,0,,,,451761,130.86,0
74,169.197,"Mount",-0.072,0.140,-0.157,-0.001,-0.097,0.000,56,E,0,,,,458819,133.88,0
75,171.354,"Mount",-0.023,0.091,-0.091,-0.022,-0.082,0.000,47,E,0,,,,472030,148.86,0
76,173.680,"Mount",-0.053,0.032,-0.053,0.032,-0.043,0.000,25,E,0,,,,446116,129.11,0
77,175.846,"Mount",-0.077,0.162,-0.179,-0.006,-0.103,0.000,59,E,0,,,,450461,145.20,0
78,178.275,"Mount",-0.108,0.015,-0.063,0.089,-0.051,0.032,29,E,14,S,,,460599,143.82,0
79,180.381,"Mount",-0.070,0.068,-0.092,0.031,-0.061,0.000,35,E,0,,,,445182,140.07,0
80,182.725,"Mount",-0.010,-0.096,0.081,0.053,0.029,0.000,16,W,0,,,,444284,130.39,0
81,184.843,"Mount",-0.058,0.077,-0.095,0.017,-0.041,0.000,23,E,0,,,,447593,126.10,0
82,187.192,"Mount",0.027,0.003,0.010,-0.025,0.029,0.000,16,W,0,,,,455827,133.61,0
83,189.330,"Mount",-0.029,-0.055,0.036,0.052,0.030,0.000,17,W,0,,,,462446,156.85,0
84,191.604,"Mount",-0.051,0.017,-0.039,0.038,-0.005,0.000,3,E,0,,,,462718,142.81,0
85,193.822,"Mount",-0.129,-0.044,-0.020,0.135,-0.009,0.048,5,E,21,S,,,469908,160.99,0
86,196.147,"Mount",-0.072,0.043,-0.071,0.044,-0.053,0.000,30,E,0,,,,445573,143.31,0
87,198.225,"Mount",0.036,-0.048,0.059,-0.010,-0.027,0.000,15,E,0,,,,443899,142.38,0
88,200.593,"Mount",0.155,-0.120,0.178,-0.082,0.041,-0.030,24,W,13,N,,,435821,144.53,0
89,202.775,"Mount",0.193,-0.174,0.244,-0.091,0.078,-0.034,45,W,15,N,,,460673,131.98,0
90,205.169,"Mount",0.137,-0.332,0.357,0.032,0.126,0.000,72,W,0,,,,453429,149.94,0
91,207.439,"Mount",0.260,-0.527,0.587,0.013,0.269,0.000,154,W,0,,,,464404,148.33,0
92,209.855,"Mount",0.164,-0.323,0.362,0.004,0.179,0.000,102,W,0,,,,427883,126.26,0
93,212.119,"Mount",0.235,-0.225,0.308,-0.105,0.195,-0.038,112,W,16,N,,,456059,134.84,0
94,214.505,"Mount",0.000,-0.129,0.115,0.060,0.113,0.000,65,W,0,,,,458297,158.70,0
95,216.673,"Mount",-0.004,-0.192,0.169,0.093,0.095,0.033,54,W,14,S,,,467020,153.72,0
96,219.031,"Mount",0.075,-0.092,0.116,-0.023,0.061,0.000,35,W,0,,,,444562,144.26,0
97,221.196,"Mount",0.060,-0.168,0.177,0.025,0.066,0.000,38,W,0,,,,454033,145.55,0
98,223.532,"Mount",-0.018,-0.050,0.036,0.039,-0.023,0.000,13,E,0,,,,463691,168.98,0
99,225.752,"Mount",-0.164,-0.293,0.184,0.280,0.071,0.101,41,W,43,S,,,458210,145.15,0
100,228.155,"Mount",0.139,-0.117,0.168,-0.069,0.054,-0.021,31,W,9,N,,,456677,155.54,0
101,230.245,"Mount",0.104,-0.100,0.136,-0.047,0.038,0.000,22,W,0,,,,443396,133.82,0
102,232.677,"Mount",0.308,-0.075,0.209,-0.238,0.076,-0.086,44,W,37,N,,,469141,148.93,0
103,234.843,"Mount",0.171,-0.062,0.134,-0.123,0.041,-0.048,23,W,20,N,,,480513,145.71,0
104,237.266,"Mount",-0.184,-0.078,-0.015,0.199,-0.006,0.070,4,E,30,S,,,468944,160.69,0
105,239.344,"Mount",-0.054,0.060,-0.078,0.021,-0.041,0.000,23,E,0,,,,457456,141.38,0
106,241.647,"Mount",-0.036,-0.003,-0.013,0.033,-0.017,0.000,10,E,0,,,,459217,150.24,0
107,243.769,"Mount",-0.079,0.091,-0.117,0.028,-0.070,0.000,40,E,0,,,,473658,145.45,0
108,246.124,"Mount",0.038,-0.009,0.025,-0.030,-0.023,0.000,13,E,0,,,,436296,142.85,0
109,248.201,"Mount",0.002,-0.027,0.025,0.010,-0.027,0.000,15,E,0,,,,471420,181.03,0
110,250.582,"Mount",-0.086,-0.082,0.034,0.114,-0.032,0.041,18,E,18,S,,,457225,155.74,0
111,252.691,"Mount",0.042,-0.004,0.023,-0.035,-0.026,0.000,15,E,0,,,,459667,148.11,0
112,255.079,"Mount",0.129,-0.099,0.147,-0.068,0.032,-0.025,18,W,11,N,,,448598,118.01,0
113,257.159,"Mount",0.024,-0.055,0.060,0.004,0.010,0.000,6,W,0,,,,452393,148.03,0
114,259.453,"Mount",-0.005,0.029,-0.028,-0.009,-0.017,0.000,10,E,0,,,,450661,131.28,0
115,261.615,"Mount",0.053,-0.199,0.201,0.045,0.087,0.000,50,W,0,,,,456742,142.88,0
116,264.019,"Mount",-0.039,-0.160,0.124,0.109,0.051,0.039,29,W,17,S,,,437222,127.94,0
117,266.203,"Mount",0.059,-0.210,0.214,0.045,0.094,0.000,54,W,0,,,,430710,127.33,0
118,268.707,"Mount",0.091,-0.471,0.460,0.137,0.192,0.049,110,W,21,S,,,488185,203.02,0
119,270.879,"Mount",0.157,-0.184,0.236,-0.054,0.131,0.000,75,W,0,,,,460285,134.08,0
120,273.305,"Mount",0.198,-0.387,0.435,0.003,0.213,0.000,122,W,0,,,,482026,151.45,0
121,275.627,"Mount",0.166,-0.134,0.196,-0.086,0.102,-0.031,58,W,13,N,,,453045,127.05,0
122,278.072,"Mount",0.150,-0.104,0.161,-0.085,0.136,-0.032,78,W,14,N,,,461370,146.57,0
123,280.318,"Mount",0.056,-0.269,0.265,0.075,0.163,0.026,93,W,11,S,,,470132,151.88,0
124,282.643,"Mount",0.077,-0.271,0.276,0.057,0.072,0.000,41,W,0,,,,463669,156.20,0
125,284.782,"Mount",0.165,-0.269,0.315,-0.023,0.074,0.000,42,W,0,,,,476018,145.72,0
126,287.326,"Mount",0.187,-0.740,0.743,0.176,0.287,0.063,164,W,27,S,,,440899,123.37,0
127,289.572,"Mount",0.325,-0.491,0.585,-0.062,0.209,-0.020,120,W,8,N,,,471018,131.84,0
128,292.094,"Mount",0.139,-0.014,0.077,-0.117,0.100,-0.043,57,W,18,N,,,437278,134.52,0
129,294.280,"Mount",0.111,-0.060,0.104,-0.071,0.103,-0.027,59,W,12,N,,,479707,139.09,0
130,296.682,"Mount",0.184,-0.020,0.102,-0.155,0.074,-0.057,42,W,24,N,,,446876,128.65,0
131,298.831,"Mount",0.057,-0.194,0.198,0.039,0.101,0.000,57,W,0,,,,457415,142.31,0
132,301.221,"Mount",-0.039,-0.164,0.128,0.110,0.040,0.040,23,W,17,S,,,456893,140.22,0
133,303.361,"Mount",-0.002,-0.182,0.161,0.086,0.039,0.032,22,W,14,S,,,473886,148.98,0
134,305.696,"Mount",0.064,-0.046,0.070,-0.035,0.019,0.000,11,W,0,,,,455644,146.40,0
135,307.786,"Mount",0.007,0.004,0.000,-0.008,-0.022,0.000,13,E,0,,,,471363,137.16,0
136,310.095,"Mount",-0.011,-0.078,0.064,0.046,-0.005,0.000,3,E,0,,,,468648,145.09,0
137,312.156,"Mount",0.074,-0.059,0.087,-0.038,0.001,0.000,1,W,0,,,,447646,134.11,0
138,314.479,"Mount",0.045,-0.151,0.155,0.030,0.024,0.000,14,W,0,,,,481683,146.84,0
139,316.555,"Mount",0.046,-0.100,0.110,0.005,0.024,0.000,14,W,0,,,,445650,141.12,0
140,318.974,"Mount",0.124,-0.070,0.119,-0.078,0.029,-0.028,17,W,12,N,,,450746,131.34,0
141,321.147,"Mount",-0.064,-0.097,0.056,0.102,0.016,0.035,9,W,15,S,,,462362,160.55,0
142,323.581,"Mount",-0.088,-0.139,0.083,0.142,0.060,0.053,34,W,22,S,,,433164,130.25,0
143,325.702,"Mount",-0.045,-0.028,0.004,0.053,0.028,0.000,16,W,0,,,,452315,128.02,0
144,328.116,"Mount",0.057,0.084,-0.048,-0.089,0.031,-0.032,18,W,14,N,,,470487,153.64,0
145,330.191,"Mount",0.032,-0.001,0.015,-0.027,0.031,0.000,18,W,0,,,,454892,127.96,0
146,332.456,"Mount",0.022,-0.021,0.029,-0.010,0.012,0.000,7,W,0,,,,455835,145.51,0
147,334.617,"Mount",-0.143,0.110,-0.163,0.076,-0.061,0.027,35,E,12,S,,,460421,147.68,0
148,336.944,"Mount",-0.068,0.072,-0.096,0.027,-0.038,0.000,22,E,0,,,,450364,139.29,0
149,339.035,"Mount",0.001,0.011,-0.009,-0.006,-0.006,0.000,3,E,0,,,,444370,132.24,0
150,341.347,"Mount",0.074,-0.025,0.056,-0.054,-0.031,0.000,18,E,0,,,,453747,161.22,0
151,343.518,"Mount",-0.058,0.146,-0.157,-0.016,-0.107,0.000,61,E,0,,,,443500,140.27,0
152,345.921,"Mount",0.010,0.124,-0.105,-0.066,-0.081,-0.024,46,E,10,N,,,439396,144.20,0
153,348.032,"Mount",-0.026,-0.023,0.009,0.034,-0.041,0.000,24,E,0,,,,467724,134.79,0
154,350.473,"Mount",-0.171,-0.058,-0.027,0.179,-0.047,0.064,27,E,28,S,,,446430,143.91,0
155,352.580,"Mount",0.014,-0.030,0.033,0.001,-0.052,0.000,30,E,0,,,,467084,144.07,0
156,354.850,"Mount",0.048,-0.116,0.125,0.011,0.000,0.000,0,,0,,,,448287,134.01,0
157,357.040,"Mount",0.121,-0.077,0.124,-0.072,0.028,-0.026,16,W,11,N,,,457145,143.50,0
158,359.398,"Mount",0.144,-0.083,0.140,-0.089,0.042,-0.033,24,W,14,N,,,440630,133.66,0
159,361.476,"Mount",-0.024,-0.037,0.022,0.039,0.004,0.000,2,W,0,,,,474761,149.09,0
160,363.896,"Mount",-0.138,0.008,-0.071,0.118,-0.018,0.043,10,E,18,S,,,450880,137.62,0
161,365.997,"Mount",0.041,0.016,0.005,-0.043,0.008,0.000,5,W,0,,,,450012,142.05,0
162,368.402,"Mount",-0.057,-0.067,0.034,0.081,0.013,0.029,7,W,13,S,,,462354,136.92,0
163,370.587,"Mount",0.038,0.061,-0.037,-0.062,0.016,-0.021,9,W,9,N,,,432691,136.87,0
164,372.813,"Mount",-0.010,0.041,-0.041,-0.010,0.000,0.000,0,,0,,,,470697,156.51,0
165,374.940,"Mount",0.070,0.048,-0.011,-0.084,0.001,-0.030,0,,13,N,,,449993,164.75,0
166,377.221,"Mount",0.139,0.043,0.026,-0.144,-0.001,-0.053,0,,23,N,,,497657,162.62,0
167,379.359,"Mount",0.062,-0.068,0.088,-0.024,0.037,0.000,21,W,0,,,,425157,121.93,0
168,381.753,"Mount",-0.183,0.045,-0.124,0.142,-0.045,0.051,26,E,22,S,,,461512,143.80,0
169,383.906,"Mount",-0.113,-0.044,-0.013,0.121,0.008,0.045,5,W,19,S,,,464690,147.08,0
170,386.202,"Mount",0.085,-0.055,0.088,-0.050,0.046,0.000,26,W,0,,,,472244,159.48,0
171,388.270,"Mount",0.074,-0.019,0.051,-0.057,0.007,0.000,4,W,0,,,,492445,166.81,0
172,390.658,"Mount",0.170,-0.036,0.110,-0.134,0.061,-0.048,35,W,21,N,,,452678,135.65,0
173,392.765,"Mount",0.037,-0.180,0.176,0.050,0.085,0.000,48,W,0,,,,455074,143.89,0
174,395.082,"Mount",-0.007,-0.031,0.024,0.021,0.002,0.000,1,W,0,,,,450089,153.18,0
175,397.141,"Mount",0.006,-0.045,0.043,0.016,0.004,0.000,2,W,0,,,,444049,135.15,0
176,399.493,"Mount",-0.042,-0.074,0.046,0.071,-0.006,0.026,4,E,11,S,,,430935,135.02,0
177,401.675,"Mount",-0.150,0.059,-0.121,0.106,-0.077,0.039,44,E,17,S,,,453727,149.45,0
178,404.043,"Mount",-0.055,0.007,-0.031,0.045,-0.039,0.000,22,E,0,,,,450991,132.38,0
179,406.227,"Mount",0.074,-0.010,0.043,-0.061,-0.054,-0.022,31,E,9,N,,,471778,148.69,0
180,408.601,"Mount",-0.119,-0.003,-0.052,0.107,-0.066,0.038,38,E,16,S,,,443828,129.03,0
181,410.845,"Mount",0.089,0.153,-0.095,-0.149,-0.104,-0.052,59,E,22,N,,,457300,165.90,0
182,413.266,"Mount",0.052,0.083,-0.050,-0.084,-0.068,-0.032,39,E,14,N,,,442026,141.96,0
183,415.454,"Mount",-0.134,0.175,-0.217,0.038,-0.161,0.000,92,E,0,,,,460197,146.97,0
184,417.922,"Mount",-0.258,0.047,-0.161,0.207,-0.134,0.074,76,E,32,S,,,478074,156.46,0
185,420.141,"Mount",-0.181,0.266,-0.319,0.038,-0.198,0.000,113,E,0,,,,432075,130.24,0
186,422.619,"Mount",0.131,0.213,-0.128,-0.214,-0.107,-0.077,61,E,33,N,,,450706,146.96,0
187,424.832,"Mount",-0.147,0.119,-0.174,0.076,-0.120,0.024,68,E,10,S,,,447824,137.32,0
188,427.237,"Mount",-0.113,-0.026,-0.029,0.112,-0.040,0.041,23,E,18,S,,,449171,134.61,0
189,429.312,"Mount",0.032,0.036,-0.017,-0.045,-0.032,0.000,18,E,0,,,,450696,145.85,0
190,431.667,"Mount",-0.135,0.196,-0.236,0.029,-0.132,0.000,75,E,0,,,,432919,132.36,0
191,433.770,"Mount",0.018,0.040,-0.028,-0.034,-0.023,0.000,13,E,0,,,,479733,147.16,0
192,436.128,"Mount",-0.076,0.110,-0.133,0.017,-0.090,0.000,51,E,0,,,,446223,131.85,0
193,438.240,"Mount",-0.100,0.128,-0.159,0.029,-0.096,0.000,55,E,0,,,,464098,149.84,0
194,440.536,"Mount",0.027,-0.030,0.039,-0.010,-0.027,0.000,15,E,0,,,,445607,143.89,0
195,442.736,"Mount",-0.156,-0.003,-0.069,0.140,-0.063,0.050,36,E,22,S,,,451527,160.89,0
196,445.045,"Mount",0.047,0.015,0.008,-0.048,-0.037,0.000,21,E,0,,,,452486,146.97,0
197,447.148,"Mount",0.018,0.071,-0.054,-0.049,-0.020,0.000,11,E,0,,,,433558,126.31,0
198,449.441,"Mount",-0.018,-0.031,0.019,0.030,-0.027,0.000,16,E,0,,,,452832,138.89,0
199,451.645,"Mount",0.017,0.101,-0.082,-0.062,-0.068,-0.022,39,E,9,N,,,459092,150.63,0
200,453.973,"Mount",0.007,0.010,-0.006,-0.011,-0.044,0.000,25,E,0,,,,457840,140.66,0
201,456.139,"Mount",0.003,0.063,-0.055,-0.032,-0.058,0.000,33,E,0,,,,480499,159.24,0
202,458.557,"Mount",-0.092,0.209,-0.228,-0.015,-0.168,0.000,96,E,0,,,,445577,114.72,0
203,460.758,"Mount",-0.181,0.167,-0.232,0.084,-0.184,0.030,105,E,13,S,,,438838,154.63,0
204,463.202,"Mount",0.113,0.125,-0.059,-0.158,-0.093,-0.056,53,E,24,N,,,457225,132.55,0
205,465.339,"Mount",0.043,-0.018,0.035,-0.030,-0.096,0.000,55,E,0,,,,479849,154.63,0
206,467.709,"Mount",0.022,0.056,-0.040,-0.045,-0.118,0.000,68,E,0,,,,454169,143.57,0
207,469.970,"Mount",-0.116,0.054,-0.101,0.078,-0.167,0.028,96,E,12,S,,,489775,146.94,0
208,472.384,"Mount",-0.143,0.216,-0.258,0.027,-0.211,0.000,121,E,0,,,,429265,134.50,0
209,474.584,"Mount",-0.187,0.294,-0.347,0.030,-0.254,0.000,145,E,0,,,,461712,149.72,0
210,477.094,"Mount",0.083,0.160,-0.104,-0.147,-0.167,-0.053,96,E,23,N,,,477724,170.09,0
211,479.242,"Mount",-0.095,0.105,-0.136,0.036,-0.182,0.000,104,E,0,,,,445779,137.66,0
212,481.725,"Mount",-0.135,0.083,-0.136,0.081,-0.202,0.029,116,E,12,S,,,443537,134.38,0
213,483.924,"Mount",-0.026,0.074,-0.078,-0.011,-0.169,0.000,97,E,0,,,,443529,130.95,0
214,486.326,"Mount",-0.072,0.169,-0.183,-0.014,-0.209,0.000,119,E,0,,,,451769,133.86,0
215,488.527,"Mount",-0.098,0.187,-0.211,0.001,-0.201,0.000,115,E,0,,,,466709,151.40,0
216,490.959,"Mount",-0.147,0.058,-0.119,0.104,-0.146,0.037,84,E,16,S,,,458577,139.58,0
217,493.210,"Mount",-0.169,0.128,-0.191,0.091,-0.155,0.034,89,E,15,S,,,469570,139.97,0
218,495.618,"Mount",-0.116,0.088,-0.131,0.062,-0.112,0.024,64,E,10,S,,,480297,152.13,0
219,497.849,"Mount",-0.174,0.155,-0.218,0.083,-0.145,0.031,83,E,13,S,,,438350,133.77,0
220,500.300,"Mount",-0.006,0.278,-0.249,-0.123,-0.152,-0.043,87,E,18,N,,,458741,146.69,0
221,502.500,"Mount",0.040,0.109,-0.078,-0.085,-0.057,-0.032,33,E,14,N,,,451075,137.68,0
222,504.840,"Mount",-0.017,0.142,-0.134,-0.050,-0.086,0.000,49,E,0,,,,456351,157.08,0
223,507.006,"Mount",-0.078,0.185,-0.200,-0.017,-0.121,0.000,69,E,0,,,,463149,154.65,0
224,509.376,"Mount",-0.115,0.199,-0.230,0.010,-0.142,0.000,81,E,0,,,,469491,155.92,0
225,511.666,"Mount",-0.188,0.221,-0.283,0.065,-0.197,0.023,113,E,10,S,,,465742,130.72,0
226,514.065,"Mount",0.041,0.024,-0.003,-0.047,-0.077,0.000,44,E,0,,,,453938,143.56,0
227,516.218,"Mount",-0.089,0.065,-0.099,0.049,-0.137,0.000,79,E,0,,,,473603,159.76,0
228,518.687,"Mount",-0.141,0.025,-0.087,0.114,-0.127,0.041,73,E,18,S,,,437282,118.13,0
229,520.905,"Mount",-0.099,0.055,-0.094,0.063,-0.101,0.024,58,E,10,S,,,430296,131.63,0
230,523.275,"Mount",0.063,0.024,0.008,-0.067,-0.046,-0.023,26,E,10,N,,,441116,137.49,0
231,525.364,"Mount",0.015,0.063,-0.049,-0.043,-0.033,0.000,19,E,0,,,,463874,189.64,0
232,527.765,"Mount",-0.160,0.043,-0.112,0.122,-0.070,0.044,40,E,19,S,,,453434,141.15,0
233,529.840,"Mount",-0.029,0.039,-0.048,0.007,-0.012,0.000,7,E,0,,,,454820,173.96,0
234,532.261,"Mount",0.145,0.007,0.061,-0.132,0.033,-0.047,19,W,20,N,,,446943,138.25,0
235,534.351,"Mount",-0.030,0.015,-0.027,0.020,0.013,0.000,7,W,0,,,,437035,142.37,0
236,536.738,"Mount",-0.094,0.017,-0.059,0.075,0.020,0.027,12,W,12,S,,,453908,147.53,0
237,538.859,"Mount",0.060,-0.029,0.054,-0.039,0.029,0.000,16,W,0,,,,480096,168.10,0
238,541.168,"Mount",0.024,-0.038,0.045,-0.004,0.016,0.000,9,W,0,,,,442262,151.96,0
239,543.366,"Mount",0.114,-0.064,0.109,-0.072,0.077,-0.026,44,W,11,N,,,444350,148.72,0
240,545.745,"Mount",0.101,-0.102,0.137,-0.043,0.112,0.000,64,W,0,,,,457326,146.73,0
241,547.980,"Mount",0.155,-0.149,0.203,-0.068,0.155,-0.025,89,W,11,N,,,465172,142.86,0
242,550.354,"Mount",0.035,-0.006,0.021,-0.028,0.085,0.000,49,W,0,,,,442137,126.81,0
243,552.555,"Mount",0.065,-0.093,0.113,-0.015,0.151,0.000,86,W,0,,,,429058,135.42,0
244,554.968,"Mount",0.034,-0.106,0.110,0.019,0.160,0.000,91,W,0,,,,433583,129.88,0
245,557.178,"Mount",0.121,-0.143,0.183,-0.041,0.172,0.000,98,W,0,,,,463106,148.74,0
246,559.567,"Mount",0.067,-0.226,0.232,0.045,0.191,0.000,109,W,0,,,,461914,143.46,0
247,561.750,"Mount",0.079,-0.109,0.133,-0.020,0.139,0.000,79,W,0,,,,450454,127.90,0
248,564.071,"Mount",-0.003,-0.064,0.055,0.032,0.069,0.000,39,W,0,,,,469998,173.72,0
249,566.238,"Mount",-0.121,-0.050,-0.011,0.131,0.073,0.047,42,W,20,S,,,471994,145.83,0
250,568.599,"Mount",0.099,-0.094,0.129,-0.044,0.122,0.000,70,W,0,,,,420515,122.45,0
251,570.799,"Mount",0.162,-0.141,0.200,-0.079,0.138,-0.028,79,W,12,N,,,465336,156.21,0
252,573.158,"Mount",0.131,-0.149,0.193,-0.048,0.128,0.000,73,W,0,,,,446994,147.04,0
253,575.338,"Mount",-0.076,-0.064,0.022,0.097,0.031,0.035,18,W,15,S,,,463508,166.35,0
254,577.708,"Mount",0.107,0.012,0.039,-0.100,0.043,-0.035,25,W,15,N,,,470602,146.25,0
255,579.829,"Mount",0.009,0.003,0.001,-0.009,0.033,0.000,19,W,0,,,,457282,147.85,0
256,582.165,"Mount",-0.090,0.159,-0.183,0.007,-0.090,0.000,51,E,0,,,,438665,134.35,0
257,584.347,"Mount",-0.208,0.003,-0.098,0.183,-0.061,0.066,35,E,28,S,,,437206,137.83,0
258,586.656,"Mount",-0.037,0.112,-0.116,-0.019,-0.100,0.000,57,E,0,,,,444879,132.65,0
259,588.915,"Mount",0.076,0.139,-0.089,-0.132,-0.092,-0.047,53,E,20,N,,,465727,147.83,0
260,591.252,"Mount",0.032,0.067,-0.045,-0.060,-0.049,0.000,28,E,0,,,,445078,133.99,0
261,593.376,"Mount",0.070,-0.018,0.048,-0.053,-0.046,0.000,26,E,0,,,,469987,127.34,0
262,595.697,"Mount",-0.027,-0.041,0.024,0.043,-0.031,0.000,18,E,0,,,,446933,128.11,0
263,597.803,"Mount",-0.017,0.036,-0.040,-0.002,-0.020,0.000,11,E,0,,,,462331,137.75,0
264,600.132,"Mount",0.031,-0.022,0.034,-0.017,-0.006,0.000,3,E,0,,,,447764,137.54,0
265,602.307,"Mount",0.143,0.097,-0.020,-0.172,0.023,-0.062,13,W,26,N,,,461592,128.46,0
266,604.632,"Mount",0.050,-0.063,0.079,-0.016,0.079,0.000,45,W,0,,,,436127,137.46,0
267,606.969,"Mount",-0.073,-0.118,0.071,0.119,0.093,0.043,53,W,18,S,,,450858,136.58,0
268,609.343,"Mount",-0.173,0.027,-0.104,0.141,0.035,0.053,20,W,22,S,,,470402,152.16,0
269,611.555,"Mount",-0.182,-0.003,-0.082,0.163,0.050,0.061,29,W,26,S,,,489107,157.38,0
270,613.943,"Mount",0.080,0.064,-0.020,-0.100,0.097,-0.034,56,W,14,N,,,442680,148.86,0
271,616.033,"Mount",0.032,0.005,0.010,-0.030,0.067,0.000,38,W,0,,,,456117,131.96,0
272,618.389,"Mount",0.010,-0.019,0.021,0.000,0.070,0.000,40,W,0,,,,462399,148.33,0
273,620.633,"Mount",0.129,-0.058,0.110,-0.087,0.124,-0.031,71,W,13,N,,,429488,126.51,0
274,623.114,"Mount",0.194,-0.173,0.243,-0.092,0.188,-0.034,108,W,15,N,,,457653,154.57,0
275,625.319,"Mount",0.021,-0.155,0.148,0.053,0.146,0.000,84,W,0,,,,454913,142.41,0
276,627.789,"Mount",-0.036,-0.206,0.166,0.127,0.184,0.046,105,W,20,S,,,441681,134.11,0
277,629.958,"Mount",0.047,-0.131,0.137,0.019,0.173,0.000,99,W,0,,,,473694,144.84,0
278,632.341,"Mount",0.032,-0.129,0.129,0.031,0.174,0.000,100,W,0,,,,464432,144.93,0
279,634.629,"Mount",0.090,0.034,0.012,-0.096,0.114,-0.034,65,W,15,N,,,455528,135.77,0
280,637.088,"Mount",0.004,-0.206,0.184,0.092,0.200,0.032,115,W,14,S,,,484244,152.32,0
281,639.229,"Mount",-0.005,-0.111,0.096,0.055,0.150,0.000,86,W,0,,,,450118,139.89,0
282,641.603,"Mount",-0.017,-0.017,0.007,0.022,0.110,0.000,63,W,0,,,,464025,148.62,0
283,643.742,"Mount",-0.004,0.036,-0.034,-0.013,0.092,0.000,53,W,0,,,,462681,138.50,0
284,646.093,"Mount",-0.104,0.083,-0.122,0.054,0.027,0.000,15,W,0,,,,447009,123.17,0
285,648.274,"Mount",0.069,0.025,0.009,-0.073,0.059,-0.026,34,W,11,N,,,438974,132.05,0
286,650.627,"Mount",-0.162,-0.020,-0.057,0.152,0.042,0.054,24,W,23,S,,,465714,145.55,0
287,652.812,"Mount",0.057,0.177,-0.130,-0.132,-0.049,-0.045,28,E,19,N,,,470726,143.90,0
288,655.157,"Mount",0.037,0.049,-0.026,-0.055,0.003,0.000,2,W,0,,,,461342,138.60,0
289,657.385,"Mount",-0.099,0.053,-0.093,0.063,-0.075,0.023,43,E,10,S,,,458914,134.71,0
290,659.759,"Mount",-0.046,-0.130,0.094,0.101,0.012,0.037,7,W,16,S,,,487621,177.21,0
291,661.882,"Mount",0.062,-0.031,0.056,-0.040,-0.015,0.000,9,E,0,,,,453200,131.84,0
292,664.160,"Mount",0.018,0.047,-0.034,-0.037,-0.004,0.000,2,E,0,,,,447389,143.98,0
293,666.242,"Mount",0.013,-0.012,0.016,-0.006,0.031,0.000,18,W,0,,,,452407,127.27,0
294,668.616,"Mount",0.101,0.088,-0.032,-0.130,0.038,-0.047,22,W,20,N,,,432145,133.02,0
295,670.750,"Mount",-0.007,-0.026,0.020,0.018,0.033,0.000,19,W,0,,,,456014,136.64,0
296,673.138,"Mount",-0.144,0.017,-0.081,0.120,-0.005,0.043,3,E,19,S,,,461439,122.02,0
297,675.279,"Mount",0.032,-0.067,0.074,0.002,0.054,0.000,31,W,0,,,,465990,134.39,0
298,677.686,"Mount",0.044,0.051,-0.025,-0.062,0.002,-0.022,1,W,10,N,,,441304,131.95,0
299,679.816,"Mount",-0.080,0.041,-0.073,0.052,-0.045,0.000,26,E,0,,,,454791,133.19,0
300,682.226,"Mount",-0.113,-0.029,-0.027,0.114,-0.030,0.041,17,E,17,S,,,456980,147.57,0
301,684.364,"Mount",0.009,0.035,-0.027,-0.024,-0.040,0.000,23,E,0,,,,448512,149.75,0
302,686.705,"Mount",-0.091,0.076,-0.109,0.046,-0.103,0.000,59,E,0,,,,421171,136.36,0
303,688.843,"Mount",0.010,0.080,-0.066,-0.046,-0.088,0.000,50,E,0,,,,471210,144.44,0
304,691.154,"Mount",0.006,0.003,0.000,-0.007,-0.063,0.000,36,E,0,,,,450933,134.37,0
305,693.274,"Mount",-0.046,0.046,-0.062,0.020,-0.089,0.000,51,E,0,,,,452753,129.63,0
306,695.682,"Mount",-0.060,-0.184,0.136,0.138,-0.001,0.050,1,E,21,S,,,454267,165.77,0
307,697.772,"Mount",0.036,0.027,-0.007,-0.045,-0.058,0.000,33,E,0,,,,466316,134.01,0
308,700.096,"Mount",0.027,-0.053,0.059,0.000,-0.056,0.000,32,E,0,,,,470257,143.50,0
309,702.243,"Mount",-0.102,0.004,-0.050,0.089,-0.036,0.032,21,E,14,S,,,431384,139.60,0
310,704.550,"Mount",0.034,0.060,-0.038,-0.058,-0.034,0.000,19,E,0,,,,444294,142.50,0
311,706.639,"Mount",0.041,0.032,-0.009,-0.051,-0.028,0.000,16,E,0,,,,469527,153.66,0
312,709.053,"Mount",0.123,0.055,0.008,-0.135,-0.024,-0.048,14,E,21,N,,,434888,137.12,0
313,711.209,"Mount",-0.030,-0.090,0.066,0.068,0.003,0.023,2,W,10,S,,,443035,146.08,0
314,713.564,"Mount",0.042,-0.010,0.028,-0.033,-0.023,0.000,13,E,0,,,,452424,152.75,0
315,715.679,"Mount",0.000,0.020,-0.017,-0.010,-0.014,0.000,8,E,0,,,,459144,122.05,0
316,718.049,"Mount",-0.087,0.080,-0.111,0.040,-0.055,0.000,32,E,0,,,,472288,153.44,0
317,720.153,"Mount",0.021,0.047,-0.032,-0.041,0.002,0.000,1,W,0,,,,463071,141.95,0
318,722.488,"Mount",0.068,-0.054,0.079,-0.036,0.042,0.000,24,W,0,,,,460537,133.90,0
319,724.623,"Mount",-0.086,-0.016,-0.025,0.084,0.012,0.030,7,W,13,S,,,446263,125.48,0
320,726.963,"Mount",0.035,-0.005,0.020,-0.029,0.029,0.000,17,W,0,,,,458294,153.69,0
321,729.098,"Mount",-0.016,0.017,-0.022,0.006,0.029,0.000,17,W,0,,,,440103,136.87,0
322,731.443,"Mount",0.034,0.003,0.013,-0.032,0.031,0.000,18,W,0,,,,466098,149.55,0
323,733.625,"Mount",0.099,0.093,-0.037,-0.131,0.030,-0.047,17,W,20,N,,,474767,151.83,0
324,735.955,"Mount",-0.055,0.012,-0.036,0.043,0.028,0.000,16,W,0,,,,436100,135.98,0
325,738.125,"Mount",-0.096,-0.015,-0.031,0.092,0.022,0.033,13,W,14,S,,,447133,120.58,0
326,740.519,"Mount",-0.118,-0.022,-0.035,0.114,0.017,0.043,10,W,18,S,,,449650,134.94,0
327,742.537,"Mount",-0.003,-0.043,0.037,0.023,0.001,0.000,0,,0,,,,452529,133.30,0
328,744.870,"Mount",0.017,0.043,-0.030,-0.034,-0.014,0.000,8,E,0,,,,445237,135.01,0
329,747.067,"Mount",-0.079,-0.007,-0.030,0.073,-0.027,0.026,16,E,11,S,,,452643,144.55,0
330,749.400,"Mount",-0.018,0.092,-0.090,-0.026,-0.089,0.000,51,E,0,,,,468967,134.42,0
331,751.551,"Mount",-0.031,0.028,-0.039,0.014,-0.065,0.000,37,E,0,,,,447435,139.71,0
332,754.051,"Mount",0.065,0.138,-0.093,-0.121,-0.125,-0.044,71,E,19,N,,,464502,143.90,0
333,756.341,"Mount",-0.245,0.091,-0.193,0.175,-0.179,0.061,102,E,26,S,,,441764,127.74,0
334,758.711,"Mount",-0.026,0.017,-0.027,0.016,-0.104,0.000,60,E,0,,,,436751,126.76,0
335,760.894,"Mount",-0.058,0.210,-0.212,-0.046,-0.207,0.000,118,E,0,,,,439534,159.83,0
336,763.283,"Mount",0.026,0.007,0.006,-0.026,-0.119,0.000,68,E,0,,,,422208,132.89,0
337,765.516,"Mount",-0.106,0.000,-0.049,0.094,-0.113,0.034,65,E,14,S,,,457471,135.59,0
338,767.973,"Mount",0.073,0.003,0.031,-0.066,-0.119,-0.022,68,E,10,N,,,461495,130.38,0
339,770.194,"Mount",0.082,-0.013,0.050,-0.067,-0.106,-0.025,60,E,11,N,,,451947,131.29,0
340,772.551,"Mount",-0.046,0.054,-0.069,0.016,-0.108,0.000,62,E,0,,,,456960,149.06,0
341,774.658,"Mount",0.005,0.072,-0.062,-0.038,-0.093,0.000,53,E,0,,,,466266,132.51,0
342,777.178,"Mount",-0.207,0.100,-0.184,0.138,-0.140,0.050,80,E,21,S,,,452690,127.68,0
343,779.300,"Mount",-0.034,0.152,-0.150,-0.040,-0.113,0.000,65,E,0,,,,437593,141.14,0
344,781.739,"Mount",0.099,0.050,0.001,-0.111,-0.055,-0.040,31,E,17,N,,,463738,175.69,0
345,783.938,"Mount",0.041,0.078,-0.051,-0.073,-0.042,-0.028,24,E,12,N,,,461827,149.56,0
346,786.321,"Mount",-0.039,-0.058,0.033,0.062,-0.051,0.021,29,E,9,S,,,445504,136.86,0
347,788.409,"Mount",0.010,0.046,-0.036,-0.030,-0.047,0.000,27,E,0,,,,468655,152.60,0
348,790.863,"Mount",-0.196,-0.003,-0.087,0.175,-0.087,0.063,50,E,27,S,,,482845,153.40,0
349,793.003,"Mount",0.145,-0.009,0.074,-0.124,-0.021,-0.042,12,E,18,N,,,460676,151.31,0
350,795.373,"Mount",0.022,-0.045,0.051,0.001,-0.069,0.000,40,E,0,,,,421744,123.67,0
351,797.587,"Mount",-0.160,-0.030,-0.047,0.156,-0.070,0.056,40,E,24,S,,,448770,134.04,0
352,800.021,"Mount",0.115,0.039,0.019,-0.120,-0.086,-0.041,49,E,18,N,,,439794,157.64,0
353,802.237,"Mount",0.069,0.090,-0.049,-0.103,-0.082,-0.039,47,E,17,N,,,444373,142.72,0
354,804.589,"Mount",0.011,0.021,-0.014,-0.020,-0.092,0.000,53,E,0,,,,446365,128.18,0
355,806.744,"Mount",-0.014,0.034,-0.037,-0.003,-0.092,0.000,52,E,0,,,,453198,146.26,0
356,809.193,"Mount",0.026,0.214,-0.178,-0.122,-0.179,-0.044,102,E,19,N,,,451460,150.59,0
357,811.453,"Mount",-0.123,0.036,-0.089,0.092,-0.152,0.031,87,E,13,S,,,464939,145.28,0
358,813.859,"Mount",-0.094,0.008,-0.051,0.080,-0.123,0.030,70,E,13,S,,,454479,134.02,0
359,816.067,"Mount",-0.126,0.159,-0.199,0.039,-0.242,0.000,139,E,0,,,,457302,150.08,0
360,818.569,"Mount",-0.108,0.225,-0.250,-0.008,-0.288,0.000,165,E,0,,,,444430,154.62,0
361,820.777,"Mount",-0.081,0.132,-0.154,0.011,-0.256,0.000,146,E,0,,,,438707,129.91,0
362,823.331,"Mount",-0.212,0.127,-0.211,0.130,-0.319,0.047,182,E,20,S,,,435951,150.49,0
363,825.626,"Mount",-0.159,0.182,-0.235,0.057,-0.339,0.000,194,E,0,,,,460441,154.39,0
364,828.180,"Mount",0.040,0.058,-0.033,-0.063,-0.221,-0.023,127,E,10,N,,,467102,138.67,0
365,830.335,"Mount",0.033,0.005,0.010,-0.031,-0.208,0.000,119,E,0,,,,430133,125.62,0
366,832.719,"Mount",-0.010,-0.028,0.020,0.022,-0.172,0.000,99,E,0,,,,454227,123.49,0
367,834.886,"Mount",0.029,-0.033,0.043,-0.011,-0.144,0.000,83,E,0,,,,442084,128.17,0
368,837.276,"Mount",-0.008,0.064,-0.060,-0.022,-0.140,0.000,80,E,0,,,,467976,149.58,0
369,839.384,"Mount",0.045,0.002,0.019,-0.041,-0.079,0.000,45,E,0,,,,454233,151.03,0
370,841.768,"Mount",0.012,0.081,-0.067,-0.048,-0.115,0.000,66,E,0,,,,460095,148.66,0
371,843.984,"Mount",-0.081,-0.013,-0.026,0.078,-0.065,0.028,37,E,12,S,,,483807,157.74,0
372,846.311,"Mount",0.021,0.054,-0.038,-0.044,-0.099,0.000,57,E,0,,,,438777,140.91,0
373,848.460,"Mount",0.021,0.035,-0.021,-0.035,-0.095,0.000,55,E,0,,,,454470,135.58,0
374,850.828,"Mount",-0.049,-0.005,-0.018,0.045,-0.125,0.000,71,E,0,,,,458560,162.73,0
375,853.000,"Mount",-0.010,-0.013,0.007,0.015,-0.131,0.000,75,E,0,,,,470618,130.76,0
376,855.353,"Mount",0.129,-0.119,0.165,-0.059,-0.075,0.000,43,E,0,,,,443844,129.97,0
377,857.581,"Mount",0.127,0.033,0.029,-0.128,-0.132,-0.046,75,E,20,N,,,468544,148.27,0
378,859.999,"Mount",0.030,-0.114,0.115,0.026,-0.091,0.000,52,E,0,,,,470665,173.83,0
379,862.104,"Mount",0.009,-0.208,0.189,0.088,-0.000,0.032,0,,14,S,,,459471,144.86,0
380,864.497,"Mount",0.053,-0.051,0.070,-0.023,-0.038,0.000,22,E,0,,,,439470,133.21,0
381,866.630,"Mount",-0.024,-0.001,-0.010,0.022,-0.032,0.000,18,E,0,,,,457225,148.67,0
382,869.032,"Mount",-0.092,0.039,-0.077,0.064,-0.041,0.023,24,E,10,S,,,470711,138.44,0
383,871.201,"Mount",-0.056,-0.042,0.011,0.069,-0.019,0.026,11,E,11,S,,,448368,126.90,0
384,873.566,"Mount",0.053,0.044,-0.015,-0.068,-0.002,-0.023,1,E,10,N,,,462882,132.26,0
385,875.659,"Mount",-0.016,0.074,-0.073,-0.020,-0.055,0.000,32,E,0,,,,461483,146.33,0
386,877.971,"Mount",0.033,0.046,-0.026,-0.051,-0.015,0.000,9,E,0,,,,451859,135.84,0
387,880.033,"Mount",-0.015,-0.062,0.049,0.042,-0.012,0.000,7,E,0,,,,459252,150.72,0
388,882.414,"Mount",-0.095,-0.003,-0.041,0.085,-0.017,0.031,10,E,13,S,,,455549,136.70,0
389,884.490,"Mount",0.001,0.017,-0.015,-0.009,-0.015,0.000,8,E,0,,,,484928,150.37,0
390,886.816,"Mount",0.026,0.011,0.002,-0.029,0.002,0.000,1,W,0,,,,441878,126.31,0
391,888.885,"Mount",-0.048,-0.021,-0.004,0.052,0.011,0.000,6,W,0,,,,447961,148.35,0
392,891.289,"Mount",0.107,-0.014,0.062,-0.089,0.063,-0.032,36,W,14,N,,,434427,150.48,0
393,893.452,"Mount",0.060,-0.119,0.133,0.002,0.113,0.000,65,W,0,,,,455096,138.26,0
394,895.805,"Mount",0.017,-0.052,0.054,0.009,0.085,0.000,49,W,0,,,,446668,139.63,0
395,898.020,"Mount",0.029,-0.172,0.166,0.053,0.179,0.000,102,W,0,,,,451192,144.99,0
396,900.438,"Mount",0.038,-0.175,0.173,0.047,0.210,0.000,120,W,0,,,,449635,145.92,0
397,902.646,"Mount",0.024,-0.156,0.150,0.051,0.219,0.000,125,W,0,,,,452822,138.87,0
398,905.095,"Mount",-0.023,-0.041,0.026,0.039,0.165,0.000,94,W,0,,,,473561,142.73,0
399,907.294,"Mount",-0.128,-0.080,0.012,0.150,0.153,0.054,88,W,23,S,,,467280,161.43,0
400,909.728,"Mount",-0.027,0.038,-0.046,0.006,0.153,0.000,87,W,0,,,,463794,130.76,0
401,911.993,"Mount",0.092,0.071,-0.021,-0.115,0.111,-0.041,64,W,18,N,,,439635,137.97,0
402,914.391,"Mount",-0.150,0.083,-0.143,0.094,0.031,0.032,18,W,14,S,,,452576,144.93,0
403,916.515,"Mount",0.051,0.005,0.019,-0.048,0.066,0.000,38,W,0,,,,445678,135.54,0
404,918.866,"Mount",-0.036,-0.013,-0.005,0.038,0.047,0.000,27,W,0,,,,469759,152.70,0
405,920.977,"Mount",-0.035,0.098,-0.103,-0.014,-0.016,0.000,9,E,0,,,,447141,133.74,0
406,923.347,"Mount",0.003,-0.005,0.006,-0.000,0.012,0.000,7,W,0,,,,436886,143.82,0
407,925.501,"Mount",-0.101,-0.107,0.049,0.139,-0.003,0.050,2,E,21,S,,,421840,125.61,0
408,927.894,"Mount",-0.051,-0.075,0.043,0.080,-0.011,0.031,6,E,13,S,,,445636,138.48,0
409,929.986,"Mount",0.023,-0.060,0.064,0.008,0.009,0.000,5,W,0,,,,466981,143.70,0
410,932.347,"Mount",-0.036,-0.119,0.089,0.087,0.012,0.031,7,W,13,S,,,438378,137.90,0
411,934.455,"Mount",-0.028,-0.035,0.018,0.040,-0.030,0.000,17,E,0,,,,430159,123.76,0
412,936.797,"Mount",-0.005,-0.092,0.079,0.046,0.010,0.000,6,W,0,,,,446703,141.37,0
413,938.904,"Mount",0.038,0.025,-0.005,-0.045,-0.023,0.000,13,E,0,,,,434653,131.81,0
414,941.214,"Mount",0.079,-0.026,0.059,-0.058,-0.016,0.000,9,E,0,,,,453863,135.32,0
415,943.315,"Mount",-0.041,0.024,-0.040,0.025,-0.009,0.000,5,E,0,,,,454643,132.84,0
416,945.609,"Mount",-0.004,0.015,-0.015,-0.003,-0.004,0.000,2,E,0,,,,469950,139.67,0
417,947.669,"Mount",-0.040,0.023,-0.039,0.025,0.008,0.000,4,W,0,,,,453567,138.50,0
418,950.013,"Mount",0.064,-0.091,0.110,-0.014,0.072,0.000,41,W,0,,,,458559,133.49,0
419,952.162,"Mount",0.018,-0.103,0.100,0.031,0.069,0.000,39,W,0,,,,469472,137.49,0
420,954.594,"Mount",-0.169,-0.090,0.002,0.192,0.040,0.069,23,W,30,S,,,479682,157.83,0
421,956.857,"Mount",0.026,-0.185,0.176,0.062,0.145,0.025,83,W,11,S,,,455125,141.00,0
422,959.194,"Mount",-0.035,-0.044,0.022,0.051,0.080,0.000,46,W,0,,,,471621,151.22,0
423,961.406,"Mount",-0.085,-0.076,0.029,0.110,0.090,0.040,51,W,17,S,,,446898,129.72,0
424,963.870,"Mount",0.125,-0.119,0.164,-0.056,0.176,0.000,101,W,0,,,,477454,158.79,0
425,966.120,"Mount",0.102,-0.276,0.292,0.037,0.236,0.000,135,W,0,,,,441389,132.66,0
426,968.557,"Mount",0.094,-0.169,0.193,-0.005,0.201,0.000,115,W,0,,,,462343,143.80,0
427,970.729,"Mount",0.004,-0.113,0.102,0.049,0.186,0.000,106,W,0,,,,473895,130.61,0
428,973.174,"Mount",-0.094,0.029,-0.069,0.070,0.121,0.025,69,W,11,S,,,431557,130.56,0
429,975.344,"Mount",0.052,0.011,0.014,-0.051,0.154,0.000,88,W,0,,,,449529,152.98,0
430,977.723,"Mount",0.027,0.042,-0.025,-0.044,0.157,0.000,89,W,0,,,,454201,145.61,0
431,979.933,"Mount",0.029,0.087,-0.064,-0.066,0.126,-0.024,72,W,10,N,,,457620,131.65,0
432,982.306,"Mount",-0.012,-0.080,0.066,0.047,0.151,0.000,86,W,0,,,,464100,147.42,0
433,984.444,"Mount",0.033,-0.073,0.080,0.004,0.147,0.000,84,W,0,,,,468646,144.61,0
434,986.944,"Mount",0.060,0.071,-0.035,-0.086,0.094,-0.031,54,W,13,N,,,481150,139.28,0
435,989.127,"Mount",-0.107,-0.061,0.005,0.124,0.072,0.043,41,W,19,S,,,462953,144.58,0
436,991.431,"Mount",-0.010,0.019,-0.021,0.000,0.069,0.000,39,W,0,,,,466532,140.24,0
437,993.594,"Mount",0.013,0.027,-0.018,-0.024,0.045,0.000,26,W,0,,,,473877,142.62,0
438,995.916,"Mount",-0.020,-0.044,0.030,0.038,0.043,0.000,25,W,0,,,,477497,168.91,0
439,998.097,"Mount",-0.101,-0.072,0.017,0.123,0.025,0.044,14,W,19,S,,,466342,155.31,0
440,1000.500,"Mount",-0.008,-0.126,0.108,0.065,0.066,0.025,38,W,11,S,,,455797,143.30,0
441,1002.575,"Mount",-0.080,0.050,-0.081,0.048,-0.021,0.000,12,E,0,,,,465115,130.99,0
442,1004.961,"Mount",-0.055,-0.098,0.061,0.094,0.041,0.034,24,W,15,S,,,468231,132.94,0
443,1007.130,"Mount",-0.142,0.007,-0.071,0.123,-0.035,0.045,20,E,19,S,,,455810,135.46,0
444,1009.424,"Mount",0.011,-0.100,0.094,0.037,0.041,0.000,23,W,0,,,,452234,139.04,0
445,1011.612,"Mount",-0.070,-0.161,0.110,0.136,0.057,0.049,33,W,21,S,,,434055,136.62,0
446,1013.906,"Mount",0.018,0.055,-0.040,-0.041,0.013,0.000,7,W,0,,,,442992,135.14,0
447,1016.085,"Mount",0.088,-0.118,0.145,-0.023,0.093,0.000,53,W,0,,,,452602,149.94,0
448,1018.517,"Mount",-0.090,0.036,-0.073,0.063,-0.010,0.023,6,E,10,S,,,458581,144.25,0
449,1020.703,"Mount",-0.186,0.094,-0.170,0.122,-0.063,0.045,36,E,19,S,,,467291,135.20,0
450,1023.086,"Mount",-0.076,-0.044,0.004,0.088,0.002,0.033,1,W,14,S,,,439641,135.64,0
451,1025.209,"Mount",-0.026,-0.059,0.040,0.051,-0.015,0.000,8,E,0,,,,416953,128.05,0
452,1027.563,"Mount",0.005,0.051,-0.043,-0.028,-0.043,0.000,24,E,0,,,,461327,152.57,0
453,1029.750,"Mount",-0.088,-0.042,-0.004,0.098,-0.047,0.035,27,E,15,S,,,458403,135.56,0
454,1032.063,"Mount",0.017,-0.143,0.135,0.051,0.006,0.000,3,W,0,,,,442222,131.07,0
455,1034.184,"Mount",-0.020,-0.135,0.111,0.080,-0.007,0.029,4,E,12,S,,,467164,147.18,0
456,1036.553,"Mount",-0.054,-0.063,0.031,0.077,-0.045,0.029,26,E,12,S,,,463355,155.71,0
457,1038.616,"Mount",0.044,-0.095,0.104,0.005,0.003,0.000,2,W,0,,,,427910,136.86,0
458,1041.128,"Mount",-0.102,-0.119,0.058,0.145,-0.042,0.052,24,E,22,S,,,463117,139.80,0
459,1043.330,"Mount",-0.074,-0.079,0.036,0.102,-0.040,0.039,23,E,17,S,,,455345,139.26,0
460,1045.672,"Mount",-0.078,-0.032,-0.007,0.083,-0.044,0.032,25,E,14,S,,,459898,139.27,0
461,1047.781,"Mount",0.011,-0.020,0.023,-0.001,-0.040,0.000,23,E,0,,,,445073,147.88,0
462,1050.089,"Mount",-0.032,-0.052,0.031,0.052,-0.041,0.000,23,E,0,,,,448378,139.99,0
463,1052.198,"Mount",0.005,-0.008,0.009,-0.000,-0.042,0.000,24,E,0,,,,466974,153.67,0
464,1054.505,"Mount",-0.080,0.035,-0.068,0.055,-0.072,0.000,41,E,0,,,,465003,138.37,0
465,1056.628,"Mount",0.048,-0.143,0.149,0.024,0.030,0.000,17,W,0,,,,453066,144.10,0
466,1058.909,"Mount",-0.004,-0.095,0.083,0.047,0.003,0.000,2,W,0,,,,446940,125.27,0
467,1061.036,"Mount",-0.016,-0.048,0.035,0.036,-0.028,0.000,16,E,0,,,,431230,139.38,0
468,1063.424,"Mount",-0.227,-0.045,-0.065,0.222,-0.051,0.080,29,E,34,S,,,464652,130.33,0
469,1065.594,"Mount",-0.226,-0.091,-0.023,0.243,-0.015,0.091,8,E,39,S,,,454733,144.82,0
470,1068.048,"Mount",0.008,-0.206,0.187,0.088,0.082,0.035,47,W,15,S,,,436728,144.33,0
471,1070.215,"Mount",-0.105,-0.036,-0.017,0.109,0.005,0.041,3,W,17,S,,,471861,152.10,0
472,1072.511,"Mount",-0.040,-0.039,0.016,0.053,0.024,0.000,14,W,0,,,,442664,136.18,0
473,1074.661,"Mount",-0.043,-0.071,0.043,0.071,0.028,0.026,16,W,11,S,,,464442,138.50,0
474,1077.033,"Mount",0.058,-0.126,0.139,0.007,0.088,0.000,50,W,0,,,,452650,129.49,0
475,1079.208,"Mount",-0.017,-0.145,0.121,0.082,0.081,0.030,46,W,13,S,,,469897,147.07,0
476,1081.650,"Mount",-0.065,-0.106,0.064,0.107,0.063,0.040,36,W,17,S,,,454420,138.94,0
477,1083.772,"Mount",0.035,-0.019,0.033,-0.022,0.030,0.000,17,W,0,,,,437923,138.55,0
478,1086.096,"Mount",-0.029,0.118,-0.118,-0.029,-0.023,0.000,13,E,0,,,,440495,134.65,0
479,1088.219,"Mount",0.066,0.029,0.005,-0.072,0.020,-0.026,11,W,11,N,,,464461,162.73,0
480,1090.507,"Mount",0.015,-0.053,0.054,0.011,0.005,0.000,3,W,0,,,,448082,139.89,0
481,1092.585,"Mount",-0.045,-0.007,-0.014,0.043,-0.021,0.000,12,E,0,,,,428985,125.83,0
482,1095.016,"Mount",-0.150,-0.049,-0.026,0.155,-0.043,0.056,24,E,24,S,,,458361,156.40,0
483,1097.150,"Mount",0.004,-0.019,0.019,0.005,-0.063,0.000,36,E,0,,,,472235,159.99,0
484,1099.582,"Mount",-0.158,0.006,-0.079,0.137,-0.117,0.049,67,E,21,S,,,457215,155.15,0
485,1101.799,"Mount",-0.131,-0.019,-0.043,0.125,-0.086,0.047,49,E,20,S,,,469335,153.52,0
486,1104.252,"Mount",-0.192,-0.109,0.008,0.221,-0.098,0.081,56,E,35,S,,,464882,150.62,0
487,1106.503,"Mount",-0.117,-0.038,-0.020,0.121,-0.098,0.047,56,E,20,S,,,429446,118.95,0
488,1108.968,"Mount",-0.148,-0.002,-0.066,0.132,-0.132,0.049,75,E,21,S,,,452409,139.77,0
489,1111.154,"Mount",-0.030,0.110,-0.112,-0.025,-0.147,0.000,84,E,0,,,,472334,133.24,0
490,1113.525,"Mount",0.031,0.027,-0.010,-0.040,-0.100,0.000,57,E,0,,,,452825,131.19,0
491,1115.743,"Mount",-0.081,0.233,-0.244,-0.036,-0.218,0.000,124,E,0,,,,452555,127.64,0
492,1118.130,"Mount",0.025,0.060,-0.042,-0.050,-0.115,0.000,66,E,0,,,,434036,131.74,0
493,1120.346,"Mount",-0.106,0.070,-0.111,0.061,-0.161,0.022,92,E,9,S,,,459174,151.13,0
494,1122.797,"Mount",0.055,0.040,-0.011,-0.067,-0.121,-0.023,69,E,10,N,,,463841,166.90,0
495,1124.990,"Mount",-0.088,0.092,-0.122,0.036,-0.165,0.000,95,E,0,,,,462113,139.61,0
496,1127.477,"Mount",-0.054,-0.036,0.008,0.065,-0.082,0.023,47,E,10,S,,,464120,184.03,0
497,1129.705,"Mount",-0.060,-0.051,0.018,0.076,-0.064,0.028,37,E,12,S,,,476167,162.84,0
498,1132.027,"Mount",0.122,-0.172,0.209,-0.029,0.048,0.000,28,W,0,,,,464823,159.83,0
499,1134.146,"Mount",0.085,-0.198,0.215,0.016,0.067,0.000,38,W,0,,,,450158,129.82,0
500,1136.457,"Mount",0.119,-0.153,0.191,-0.036,0.068,0.000,39,W,0,,,,450737,133.55,0
501,1138.536,"Mount",0.094,-0.084,0.118,-0.045,0.039,0.000,22,W,0,,,,464733,144.86,0
502,1140.915,"Mount",0.001,-0.154,0.137,0.071,0.047,0.025,27,W,11,S,,,461840,148.09,0
503,1143.064,"Mount",0.101,0.022,0.027,-0.100,-0.026,-0.035,15,E,15,N,,,455850,144.74,0
504,1145.498,"Mount",-0.163,0.003,-0.078,0.143,-0.080,0.050,46,E,21,S,,,448959,140.21,0
505,1147.621,"Mount",-0.003,0.011,-0.011,-0.002,-0.069,0.000,40,E,0,,,,453211,140.14,0
506,1150.024,"Mount",-0.108,0.088,-0.127,0.055,-0.151,0.000,86,E,0,,,,437562,129.22,0
507,1152.179,"Mount",0.064,-0.046,0.070,-0.035,-0.086,0.000,49,E,0,,,,469453,143.65,0
508,1154.591,"Mount",-0.039,-0.088,0.060,0.075,-0.109,0.027,63,E,12,S,,,464582,149.71,0
509,1156.855,"Mount",0.071,0.080,-0.038,-0.100,-0.138,-0.035,79,E,15,N,,,463925,133.13,0
510,1159.303,"Mount",-0.163,0.057,-0.125,0.118,-0.206,0.041,118,E,18,S,,,457409,155.37,0
511,1161.518,"Mount",-0.086,0.062,-0.095,0.048,-0.191,0.000,109,E,0,,,,444595,130.66,0
512,1164.087,"Mount",-0.184,0.069,-0.146,0.131,-0.222,0.047,127,E,20,S,,,461405,172.78,0
513,1166.243,"Mount",-0.010,0.015,-0.018,0.002,-0.166,0.000,95,E,0,,,,473114,152.18,0
514,1168.737,"Mount",-0.203,-0.014,-0.081,0.187,-0.213,0.067,122,E,29,S,,,464796,135.96,0
515,1171.091,"Mount",-0.192,0.137,-0.210,0.107,-0.282,0.041,161,E,18,S,,,422618,121.82,0
516,1173.614,"Mount",-0.155,0.061,-0.126,0.110,-0.262,0.041,150,E,18,S,,,430295,131.53,0
517,1175.845,"Mount",-0.040,0.108,-0.115,-0.014,-0.261,0.000,149,E,0,,,,439792,139.84,0
518,1178.392,"Mount",-0.142,0.171,-0.217,0.047,-0.314,0.000,180,E,0,,,,464887,143.44,0
519,1180.676,"Mount",0.028,0.118,-0.092,-0.080,-0.251,-0.029,144,E,12,N,,,432790,149.98,0
520,1183.081,"Mount",-0.051,-0.019,-0.006,0.054,-0.184,0.000,105,E,0,,,,467789,126.51,0
521,1185.380,"Mount",-0.167,0.019,-0.094,0.139,-0.202,0.050,116,E,21,S,,,445520,135.64,0
522,1187.754,"Mount",-0.030,0.007,-0.020,0.023,-0.125,0.000,71,E,0,,,,449549,162.79,0
523,1189.893,"Mount",0.015,0.046,-0.034,-0.034,-0.096,0.000,55,E,0,,,,463140,136.80,0
524,1192.240,"Mount",0.000,0.018,-0.016,-0.009,-0.088,0.000,50,E,0,,,,451007,133.59,0
525,1194.457,"Mount",-0.116,0.086,-0.130,0.063,-0.127,0.023,73,E,10,S,,,462826,137.18,0
526,1196.953,"Mount",-0.003,0.145,-0.130,-0.064,-0.145,-0.022,83,E,9,N,,,473912,164.94,0
527,1199.105,"Mount",-0.034,-0.020,0.002,0.039,-0.082,0.000,47,E,0,,,,463720,133.50,0
528,1201.454,"Mount",-0.003,-0.008,0.006,0.007,-0.120,0.000,69,E,0,,,,439185,146.78,0
529,1203.652,"Mount",-0.001,-0.016,0.014,0.009,-0.122,0.000,70,E,0,,,,435697,122.87,0
530,1206.101,"Mount",-0.184,-0.028,-0.060,0.176,-0.150,0.064,86,E,27,S,,,442719,138.15,0
531,1208.270,"Mount",-0.065,-0.140,0.094,0.123,-0.079,0.047,45,E,20,S,,,450016,125.93,0
532,1210.666,"Mount",-0.053,-0.102,0.066,0.094,-0.092,0.036,52,E,15,S,,,435776,141.60,0
533,1212.788,"Mount",0.046,-0.168,0.170,0.037,-0.014,0.000,8,E,0,,,,447425,145.20,0
534,1215.115,"Mount",0.123,-0.109,0.154,-0.058,-0.012,0.000,7,E,0,,,,473853,141.99,0
535,1217.222,"Mount",0.052,-0.004,0.028,-0.044,-0.035,0.000,20,E,0,,,,454986,123.68,0
536,1219.563,"Mount",0.029,-0.094,0.096,0.018,0.023,0.000,13,W,0,,,,458873,139.85,0
537,1221.683,"Mount",-0.007,-0.052,0.043,0.030,-0.013,0.000,7,E,0,,,,473490,160.62,0
538,1224.056,"Mount",-0.165,0.011,-0.086,0.142,-0.037,0.051,21,E,22,S,,,473149,141.31,0
539,1226.132,"Mount",-0.028,-0.052,0.034,0.049,-0.010,0.000,6,E,0,,,,468780,144.61,0
540,1228.463,"Mount",-0.072,-0.087,0.045,0.104,-0.001,0.037,0,,16,S,,,450000,145.21,0
541,1230.532,"Mount",-0.041,0.065,-0.077,0.007,-0.046,0.000,26,E,0,,,,446986,134.79,0
542,1235.050,"Mount",-0.130,-0.101,0.030,0.162,0.009,0.058,5,W,25,S,,,463374,140.97,0
543,1237.414,"Mount",-0.083,-0.127,0.074,0.132,0.061,0.050,35,W,21,S,,,458128,148.37,0
544,1239.479,"Mount",-0.019,-0.029,0.017,0.030,0.042,0.000,24,W,0,,,,444625,135.38,0
545,1241.883,"Mount",-0.062,-0.136,0.092,0.118,0.115,0.042,66,W,18,S,,,445525,128.40,0
546,1244.063,"Mount",0.005,-0.067,0.061,0.026,0.119,0.000,68,W,0,,,,467795,174.22,0
547,1246.434,"Mount",0.013,-0.029,0.031,0.002,0.114,0.000,65,W,0,,,,451646,134.86,0
548,1248.557,"Mount",-0.044,0.003,-0.023,0.038,0.124,0.000,71,W,0,,,,439021,143.90,0
549,1250.930,"Mount",0.041,0.015,0.005,-0.043,0.135,0.000,77,W,0,,,,457866,133.38,0
550,1253.103,"Mount",-0.003,-0.028,0.023,0.016,0.137,0.000,78,W,0,,,,458463,143.98,0
551,1255.548,"Mount",0.004,0.067,-0.057,-0.035,0.141,0.000,81,W,0,,,,475773,165.87,0
552,1257.806,"Mount",-0.081,-0.033,-0.008,0.088,0.127,0.032,73,W,13,S,,,477065,147.95,0
553,1260.286,"Mount",-0.178,-0.158,0.059,0.231,0.120,0.084,69,W,36,S,,,463699,159.13,0
554,1262.500,"Mount",-0.150,-0.053,-0.022,0.158,0.085,0.060,49,W,26,S,,,459731,139.35,0
555,1264.841,"Mount",0.017,0.084,-0.066,-0.054,0.038,0.000,22,W,0,,,,465340,159.54,0
556,1266.959,"Mount",-0.015,0.097,-0.093,-0.032,0.003,0.000,2,W,0,,,,464868,144.18,0
557,1269.252,"Mount",0.001,-0.015,0.014,0.007,0.027,0.000,16,W,0,,,,465131,150.08,0
558,1271.478,"Mount",-0.017,-0.102,0.082,0.062,0.056,0.022,32,W,10,S,,,447957,132.95,0
559,1273.798,"Mount",0.025,-0.050,0.056,0.001,0.004,0.000,2,W,0,,,,469206,134.98,0
560,1275.925,"Mount",0.020,0.038,-0.025,-0.035,0.011,0.000,6,W,0,,,,468129,144.73,0
561,1278.221,"Mount",0.024,-0.022,0.030,-0.011,0.003,0.000,2,W,0,,,,450075,146.41,0
562,1280.337,"Mount",0.010,-0.034,0.035,0.006,-0.003,0.000,2,E,0,,,,458677,155.95,0
563,1282.705,"Mount",0.117,-0.097,0.140,-0.059,0.056,0.000,32,W,0,,,,470683,166.98,0
564,1284.813,"Mount",0.005,0.045,-0.038,-0.025,-0.008,0.000,5,E,0,,,,449998,136.72,0
565,1287.124,"Mount",-0.024,-0.040,0.024,0.040,-0.016,0.000,9,E,0,,,,454152,138.73,0
566,1289.336,"Mount",-0.375,-0.094,-0.089,0.376,-0.052,0.135,30,E,58,S,,,464778,147.04,0
567,1291.817,"Mount",-0.281,-0.020,-0.112,0.259,-0.076,0.099,44,E,42,S,,,441350,137.68,0
568,1294.002,"Mount",-0.128,-0.071,0.004,0.147,-0.016,0.057,9,E,24,S,,,430012,131.69,0
569,1296.385,"Mount",-0.001,-0.052,0.046,0.025,-0.004,0.000,2,E,0,,,,447893,136.95,0
570,1298.582,"Mount",0.082,-0.008,0.045,-0.069,0.014,-0.025,8,W,11,N,,,465657,150.80,0
571,1300.910,"Mount",0.011,-0.059,0.057,0.017,0.049,0.000,28,W,0,,,,460782,146.74,0
572,1303.050,"Mount",0.071,-0.028,0.057,-0.051,0.066,0.000,38,W,0,,,,462723,158.51,0
573,1305.386,"Mount",-0.036,-0.028,0.008,0.045,0.085,0.000,49,W,0,,,,464049,165.00,0
574,1307.538,"Mount",-0.014,0.005,-0.011,0.010,0.099,0.000,57,W,0,,,,444961,141.03,0
575,1309.976,"Mount",-0.087,-0.101,0.049,0.124,0.111,0.045,64,W,19,S,,,458005,161.12,0
576,1312.198,"Mount",0.125,-0.031,0.085,-0.097,0.143,-0.033,82,W,14,N,,,452311,159.90,0
577,1314.593,"Mount",0.104,-0.107,0.143,-0.043,0.175,0.000,100,W,0,,,,458281,144.99,0
578,1316.813,"Mount",0.102,-0.176,0.203,-0.009,0.200,0.000,114,W,0,,,,459592,127.32,0
579,1319.197,"Mount",0.076,-0.073,0.100,-0.034,0.159,0.000,91,W,0,,,,472277,158.13,0
580,1321.489,"Mount",0.004,-0.170,0.153,0.075,0.198,0.027,113,W,12,S,,,467044,137.81,0
581,1324.002,"Mount",0.137,-0.107,0.158,-0.072,0.213,-0.025,122,W,11,N,,,440665,127.97,0
582,1326.213,"Mount",0.023,-0.096,0.096,0.024,0.196,0.000,112,W,0,,,,441909,136.85,0
583,1328.619,"Mount",-0.034,-0.034,0.014,0.046,0.157,0.000,90,W,0,,,,442926,139.20,0
584,1330.788,"Mount",0.010,-0.087,0.081,0.031,0.190,0.000,108,W,0,,,,471043,153.06,0
585,1333.177,"Mount",-0.034,-0.030,0.011,0.043,0.148,0.000,85,W,0,,,,457257,145.26,0
586,1335.407,"Mount",-0.134,-0.055,-0.013,0.144,0.128,0.052,73,W,22,S,,,462079,153.67,0
587,1337.751,"Mount",-0.075,0.100,-0.123,0.020,0.043,0.000,24,W,0,,,,437627,134.38,0
588,1339.888,"Mount",-0.015,0.002,-0.008,0.012,0.072,0.000,41,W,0,,,,462726,142.34,0
589,1342.206,"Mount",-0.016,0.020,-0.025,0.005,0.027,0.000,16,W,0,,,,451019,165.00,0
590,1344.270,"Mount",0.023,0.057,-0.040,-0.047,0.009,0.000,5,W,0,,,,457232,143.22,0
591,1346.591,"Mount",-0.003,0.067,-0.061,-0.028,-0.023,0.000,13,E,0,,,,466694,156.63,0
592,1348.745,"Mount",-0.017,0.109,-0.104,-0.035,-0.053,0.000,30,E,0,,,,450047,140.54,0
593,1351.102,"Mount",-0.082,0.146,-0.167,0.006,-0.065,0.000,37,E,0,,,,468102,153.30,0
594,1353.348,"Mount",-0.314,0.044,-0.184,0.258,-0.074,0.093,43,E,40,S,,,467765,137.74,0
595,1355.738,"Mount",-0.166,-0.005,-0.072,0.149,-0.021,0.057,12,E,25,S,,,464174,134.23,0
596,1357.829,"Mount",-0.020,-0.021,0.009,0.027,0.014,0.000,8,W,0,,,,463984,136.17,0
597,1360.164,"Mount",-0.036,-0.047,0.026,0.054,0.019,0.000,11,W,0,,,,424357,134.08,0
598,1362.221,"Mount",0.021,0.009,0.002,-0.023,0.015,0.000,8,W,0,,,,475039,141.78,0
599,1364.516,"Mount",-0.029,0.017,-0.028,0.018,0.013,0.000,8,W,0,,,,433430,132.01,0
600,1366.688,"Mount",-0.208,0.027,-0.120,0.172,-0.050,0.062,29,E,26,S,,,462269,139.18,0
601,1369.082,"Mount",-0.135,0.030,-0.089,0.105,-0.042,0.040,24,E,17,S,,,449249,134.55,0
602,1371.264,"Mount",-0.099,0.045,-0.085,0.067,-0.051,0.026,29,E,11,S,,,476730,145.61,0
603,1373.639,"Mount",0.064,-0.029,0.055,-0.043,-0.021,0.000,12,E,0,,,,442202,138.02,0
604,1375.749,"Mount",0.029,0.037,-0.020,-0.043,-0.027,0.000,15,E,0,,,,465285,143.07,0
605,1378.169,"Mount",0.127,0.034,0.028,-0.128,-0.035,-0.046,20,E,20,N,,,472497,133.94,0
606,1380.257,"Mount",0.020,-0.075,0.076,0.017,-0.004,0.000,2,E,0,,,,469637,138.04,0
607,1382.563,"Mount",0.054,-0.113,0.125,0.004,0.019,0.000,11,W,0,,,,451258,142.23,0
608,1384.780,"Mount",-0.192,-0.138,0.034,0.234,-0.035,0.084,20,E,36,S,,,456204,161.94,0
609,1387.182,"Mount",0.100,-0.011,0.056,-0.084,-0.029,-0.027,17,E,11,N,,,448378,138.82,0
610,1389.302,"Mount",0.088,-0.034,0.071,-0.062,0.002,-0.023,1,W,10,N,,,442078,133.73,0
611,1391.656,"Mount",0.053,-0.026,0.048,-0.035,-0.040,0.000,23,E,0,,,,464317,139.65,0
612,1393.781,"Mount",-0.017,-0.075,0.059,0.050,-0.040,0.000,23,E,0,,,,452924,144.99,0
613,1396.154,"Mount",-0.014,-0.237,0.204,0.122,0.044,0.044,25,W,19,S,,,450114,131.79,0
614,1398.304,"Mount",0.095,-0.036,0.076,-0.068,-0.012,-0.023,7,E,10,N,,,466441,131.32,0
615,1400.611,"Mount",0.061,-0.067,0.088,-0.023,-0.009,0.000,5,E,0,,,,453776,130.65,0
616,1402.718,"Mount",0.037,0.029,-0.009,-0.046,-0.040,0.000,23,E,0,,,,442499,134.47,0
617,1405.049,"Mount",-0.025,0.024,-0.033,0.012,-0.034,0.000,19,E,0,,,,474961,155.72,0
618,1407.237,"Mount",-0.198,-0.062,-0.036,0.204,-0.025,0.074,14,E,31,S,,,462736,148.35,0
619,1409.500,"Mount",0.039,-0.007,0.025,-0.031,-0.015,0.000,9,E,0,,,,448685,152.07,0
620,1411.595,"Mount",0.026,0.058,-0.039,-0.050,-0.007,0.000,4,E,0,,,,458326,127.34,0
621,1413.937,"Mount",0.082,-0.035,0.069,-0.057,0.031,0.000,18,W,0,,,,447994,139.38,0
622,1416.134,"Mount",0.025,0.097,-0.075,-0.067,-0.029,-0.024,17,E,10,N,,,461506,157.62,0
623,1418.490,"Mount",0.004,-0.124,0.112,0.054,0.061,0.000,35,W,0,,,,470697,145.78,0
624,1420.547,"Mount",0.027,-0.054,0.060,0.001,0.044,0.000,25,W,0,,,,439789,134.73,0
625,1422.937,"Mount",-0.011,-0.105,0.088,0.058,0.062,0.000,35,W,0,,,,444500,142.29,0
626,1425.033,"Mount",0.021,0.006,0.004,-0.022,0.025,0.000,14,W,0,,,,472186,144.82,0
627,1427.438,"Mount",-0.149,-0.069,-0.007,0.164,0.033,0.059,19,W,25,S,,,471954,149.06,0
628,1429.609,"Mount",0.047,-0.021,0.041,-0.032,0.033,0.000,19,W,0,,,,457452,146.98,0
629,1431.976,"Mount",-0.018,-0.088,0.070,0.057,0.057,0.000,33,W,0,,,,461251,141.02,0
630,1434.159,"Mount",0.153,0.115,-0.032,-0.189,0.019,-0.068,11,W,29,N,,,457677,138.63,0
631,1436.516,"Mount",-0.024,0.057,-0.062,-0.005,-0.017,0.000,9,E,0,,,,467954,153.22,0
632,1438.577,"Mount",0.014,0.035,-0.024,-0.028,-0.003,0.000,2,E,0,,,,457538,134.04,0
633,1441.004,"Mount",-0.200,0.005,-0.096,0.175,-0.068,0.063,39,E,27,S,,,451033,130.67,0
634,1443.191,"Mount",-0.059,-0.042,0.010,0.072,-0.042,0.028,24,E,12,S,,,464962,133.35,0
635,1445.653,"Mount",-0.159,0.170,-0.224,0.063,-0.165,0.024,94,E,10,S,,,444796,146.54,0
636,1447.808,"Mount",-0.052,0.194,-0.196,-0.043,-0.166,0.000,95,E,0,,,,454690,134.83,0
637,1450.210,"Mount",-0.095,0.100,-0.133,0.038,-0.153,0.000,88,E,0,,,,456583,141.08,0
638,1452.366,"Mount",0.026,0.032,-0.017,-0.037,-0.105,0.000,60,E,0,,,,451390,139.79,0
639,1454.721,"Mount",-0.043,0.041,-0.056,0.020,-0.111,0.000,64,E,0,,,,459227,138.12,0
640,1456.968,"Mount",-0.116,0.089,-0.133,0.062,-0.162,0.022,92,E,10,S,,,457581,144.62,0
641,1459.312,"Mount",0.001,0.020,-0.018,-0.010,-0.109,0.000,62,E,0,,,,448082,137.11,0
642,1461.528,"Mount",0.074,0.073,-0.030,-0.099,-0.107,-0.036,61,E,15,N,,,458064,144.59,0
643,1463.921,"Mount",-0.002,0.055,-0.050,-0.024,-0.111,0.000,63,E,0,,,,454721,144.95,0
644,1466.162,"Mount",-0.114,0.065,-0.111,0.071,-0.159,0.026,91,E,11,S,,,478428,154.20,0
645,1468.630,"Mount",0.003,0.091,-0.080,-0.045,-0.148,0.000,85,E,0,,,,441136,135.56,0
646,1470.877,"Mount",0.194,0.033,0.060,-0.188,-0.107,-0.068,61,E,29,N,,,458722,151.65,0
647,1473.250,"Mount",-0.066,0.037,-0.063,0.042,-0.128,0.000,73,E,0,,,,452472,137.61,0
648,1475.366,"Mount",-0.018,0.050,-0.052,-0.007,-0.079,0.000,45,E,0,,,,438362,122.07,0
649,1477.694,"Mount",0.006,-0.069,0.064,0.026,-0.034,0.000,19,E,0,,,,460722,141.57,0
650,1479.883,"Mount",-0.166,-0.003,-0.073,0.148,-0.075,0.053,43,E,23,S,,,465590,143.61,0
651,1482.209,"Mount",0.065,-0.109,0.126,-0.007,0.039,0.000,22,W,0,,,,453816,140.46,0
652,1484.295,"Mount",0.066,-0.050,0.075,-0.035,0.024,0.000,14,W,0,,,,459042,149.88,0
653,1486.589,"Mount",0.072,-0.071,0.096,-0.031,0.035,0.000,20,W,0,,,,479758,151.21,0
654,1488.650,"Mount",0.016,0.008,-0.000,-0.018,-0.015,0.000,9,E,0,,,,453354,139.43,0
655,1490.988,"Mount",0.023,-0.015,0.024,-0.013,-0.035,0.000,20,E,0,,,,459358,138.69,0
656,1493.082,"Mount",0.014,-0.039,0.041,0.006,-0.048,0.000,28,E,0,,,,465337,153.40,0
657,1495.424,"Mount",0.039,-0.057,0.068,-0.008,-0.039,0.000,22,E,0,,,,432067,127.16,0
658,1497.609,"Mount",-0.135,0.015,-0.075,0.113,-0.123,0.041,70,E,17,S,,,452780,152.52,0
659,1500.089,"Mount",-0.237,-0.060,-0.056,0.238,-0.116,0.087,66,E,37,S,,,455723,133.86,0
660,1502.306,"Mount",-0.095,0.005,-0.048,0.082,-0.132,0.033,75,E,14,S,,,475943,140.69,0
661,1504.794,"Mount",-0.032,0.217,-0.208,-0.072,-0.246,-0.025,141,E,11,N,,,465904,151.24,0
662,1507.119,"Mount",-0.192,0.137,-0.210,0.107,-0.256,0.038,146,E,16,S,,,460520,128.65,0
663,1509.598,"Mount",-0.111,0.045,-0.091,0.078,-0.212,0.029,121,E,13,S,,,444501,132.50,0
664,1511.797,"Mount",0.034,0.040,-0.020,-0.048,-0.180,0.000,103,E,0,,,,452692,124.99,0
665,1514.225,"Mount",-0.054,0.165,-0.171,-0.028,-0.261,0.000,149,E,0,,,,427750,126.72,0
666,1516.468,"Mount",-0.101,0.122,-0.155,0.033,-0.243,0.000,139,E,0,,,,467715,140.27,0
667,1518.966,"Mount",-0.054,0.152,-0.160,-0.023,-0.252,0.000,144,E,0,,,,470263,141.02,0
668,1521.222,"Mount",-0.063,0.119,-0.135,0.001,-0.239,0.000,137,E,0,,,,440367,125.40,0
669,1523.729,"Mount",0.069,0.025,0.010,-0.073,-0.184,-0.026,105,E,11,N,,,450410,119.06,0
670,1526.041,"Mount",-0.155,0.035,-0.102,0.121,-0.232,0.043,133,E,18,S,,,454007,138.39,0
671,1528.483,"Mount",-0.132,0.140,-0.185,0.053,-0.276,0.000,158,E,0,,,,441320,142.78,0
672,1530.761,"Mount",-0.138,0.084,-0.139,0.084,-0.243,0.030,139,E,13,S,,,459144,147.82,0
673,1533.290,"Mount",-0.174,0.070,-0.142,0.123,-0.246,0.045,141,E,19,S,,,454388,138.86,0
674,1535.475,"Mount",-0.071,0.041,-0.069,0.044,-0.195,0.000,112,E,0,,,,460659,131.45,0
675,1537.956,"Mount",-0.090,-0.049,0.002,0.103,-0.145,0.037,83,E,16,S,,,457929,131.77,0
676,1540.226,"Mount",-0.090,-0.095,0.043,0.124,-0.129,0.046,74,E,20,S,,,455840,139.51,0
677,1542.584,"Mount",0.050,-0.020,0.041,-0.035,-0.110,0.000,63,E,0,,,,456670,131.26,0
678,1544.750,"Mount",-0.004,-0.007,0.004,0.006,-0.096,0.000,55,E,0,,,,463724,151.84,0
679,1547.218,"Mount",-0.150,0.004,-0.073,0.131,-0.126,0.047,72,E,20,S,,,465835,145.71,0
680,1549.328,"Mount",0.018,-0.047,0.050,0.006,-0.087,0.000,50,E,0,,,,466591,168.86,0
681,1551.641,"Mount",-0.024,-0.035,0.020,0.037,-0.096,0.000,55,E,0,,,,453646,137.13,0
682,1553.840,"Mount",0.125,-0.009,0.066,-0.106,-0.058,-0.038,33,E,16,N,,,460456,158.18,0
683,1556.275,"Mount",-0.150,0.039,-0.103,0.115,-0.143,0.040,82,E,17,S,,,459161,149.80,0
684,1558.476,"Mount",-0.108,-0.057,0.000,0.122,-0.090,0.045,51,E,19,S,,,471101,141.53,0
685,1560.910,"Mount",0.065,0.032,0.001,-0.073,-0.089,-0.024,51,E,10,N,,,457476,137.32,0
686,1563.041,"Mount",-0.005,0.018,-0.018,-0.004,-0.080,0.000,46,E,0,,,,440188,135.67,0
687,1565.380,"Mount",-0.035,-0.024,0.005,0.042,-0.071,0.000,41,E,0,,,,457097,140.61,0
688,1567.596,"Mount",-0.139,-0.044,-0.025,0.144,-0.059,0.052,34,E,22,S,,,465267,144.61,0
689,1569.952,"Mount",-0.032,-0.014,-0.002,0.035,-0.051,0.000,29,E,0,,,,468993,156.55,0
690,1572.087,"Mount",0.064,-0.005,0.034,-0.055,-0.027,0.000,16,E,0,,,,460964,147.82,0
691,1574.456,"Mount",0.088,-0.011,0.050,-0.073,-0.020,-0.026,11,E,11,N,,,465643,146.27,0
692,1576.518,"Mount",-0.008,-0.064,0.053,0.036,-0.005,0.000,3,E,0,,,,444502,133.04,0
693,1578.907,"Mount",0.116,-0.008,0.061,-0.099,0.038,-0.036,22,W,15,N,,,485885,141.14,0
694,1581.047,"Mount",0.010,-0.134,0.123,0.053,0.072,0.000,41,W,0,,,,449711,157.39,0
695,1583.557,"Mount",-0.044,-0.090,0.060,0.081,0.034,0.029,19,W,12,S,,,451135,130.12,0
696,1585.757,"Mount",-0.075,-0.135,0.085,0.129,0.090,0.047,52,W,20,S,,,457961,150.67,0
697,1588.128,"Mount",-0.118,0.043,-0.093,0.085,0.032,0.032,19,W,14,S,,,449554,145.01,0
698,1590.303,"Mount",-0.114,-0.032,-0.025,0.116,0.088,0.043,50,W,18,S,,,456381,143.00,0
699,1592.677,"Mount",-0.131,0.054,-0.108,0.091,0.052,0.035,30,W,15,S,,,455699,150.24,0
700,1594.812,"Mount",0.002,-0.040,0.037,0.016,0.103,0.000,59,W,0,,,,445765,124.01,0
701,1597.249,"Mount",-0.121,-0.033,-0.027,0.123,0.107,0.044,61,W,19,S,,,448735,134.94,0
702,1599.417,"Mount",0.040,-0.185,0.183,0.050,0.190,0.000,109,W,0,,,,464808,158.96,0
703,1601.820,"Mount",0.035,-0.060,0.069,-0.003,0.148,0.000,84,W,0,,,,473632,165.72,0
704,1603.957,"Mount",-0.022,-0.058,0.041,0.046,0.114,0.000,65,W,0,,,,459866,152.76,0
705,1606.333,"Mount",0.044,-0.109,0.117,0.012,0.178,0.000,102,W,0,,,,452348,139.05,0
706,1608.511,"Mount",0.029,-0.025,0.036,-0.014,0.115,0.000,66,W,0,,,,484170,173.03,0
707,1610.900,"Mount",-0.022,-0.054,0.038,0.044,0.111,0.000,64,W,0,,,,472495,154.51,0
708,1613.068,"Mount",0.003,-0.081,0.073,0.035,0.126,0.000,72,W,0,,,,426208,128.14,0
709,1615.502,"Mount",-0.180,-0.078,-0.014,0.195,0.078,0.070,45,W,30,S,,,470401,148.73,0
710,1617.734,"Mount",-0.309,-0.199,0.034,0.366,0.056,0.134,32,W,58,S,,,443570,122.11,0
711,1620.142,"Mount",-0.167,-0.072,-0.013,0.181,0.038,0.071,22,W,30,S,,,479324,152.78,0
712,1622.290,"Mount",-0.108,0.014,-0.062,0.089,-0.022,0.035,13,E,15,S,,,464986,169.08,0
713,1624.589,"Mount",-0.011,0.063,-0.061,-0.019,-0.036,0.000,20,E,0,,,,459280,150.11,0
714,1626.680,"Mount",0.055,-0.075,0.092,-0.014,0.018,0.000,10,W,0,,,,456144,150.53,0
715,1629.036,"Mount",-0.099,-0.010,-0.037,0.093,-0.030,0.033,17,E,14,S,,,450637,158.89,0
716,1631.151,"Mount",-0.068,0.043,-0.070,0.040,-0.055,0.000,32,E,0,,,,417629,117.11,0
717,1633.468,"Mount",-0.051,0.070,-0.086,0.013,-0.063,0.000,36,E,0,,,,471659,145.60,0
718,1635.632,"Mount",-0.089,0.011,-0.051,0.074,-0.023,0.027,13,E,11,S,,,451606,146.49,0
719,1637.955,"Mount",0.014,-0.019,0.024,-0.004,-0.020,0.000,11,E,0,,,,460997,147.35,0
720,1640.069,"Mount",-0.133,0.136,-0.182,0.055,-0.095,0.000,54,E,0,,,,462562,131.07,0
721,1642.437,"Mount",0.012,0.125,-0.105,-0.068,-0.056,-0.024,32,E,10,N,,,476784,149.60,0
722,1644.500,"Mount",0.015,0.026,-0.016,-0.025,0.006,0.000,4,W,0,,,,465272,150.31,0
723,1646.807,"Mount",-0.033,-0.035,0.015,0.045,0.016,0.000,9,W,0,,,,433407,128.95,0
724,1648.883,"Mount",0.037,-0.017,0.032,-0.025,0.034,0.000,20,W,0,,,,448278,139.13,0
725,1651.228,"Mount",0.033,-0.019,0.032,-0.020,0.064,0.000,36,W,0,,,,449353,134.27,0
726,1653.426,"Mount",0.114,-0.028,0.077,-0.088,0.116,-0.032,66,W,14,N,,,458572,147.27,0
727,1655.860,"Mount",-0.040,-0.081,0.053,0.073,0.107,0.025,61,W,11,S,,,466767,152.04,0
728,1658.031,"Mount",0.010,-0.098,0.092,0.037,0.160,0.000,91,W,0,,,,474824,173.28,0
729,1660.405,"Mount",-0.001,-0.037,0.032,0.018,0.131,0.000,75,W,0,,,,462771,159.70,0
730,1662.637,"Mount",-0.088,-0.059,0.012,0.105,0.133,0.038,76,W,16,S,,,438498,129.26,0
731,1665.100,"Mount",-0.077,-0.087,0.042,0.108,0.145,0.040,83,W,17,S,,,490234,152.00,0
732,1667.334,"Mount",-0.099,-0.060,0.007,0.115,0.131,0.043,75,W,18,S,,,444649,159.32,0
733,1669.703,"Mount",-0.007,0.011,-0.013,0.001,0.136,0.000,78,W,0,,,,464997,140.17,0
734,1672.013,"Mount",0.010,-0.211,0.192,0.089,0.213,0.032,122,W,14,S,,,468581,155.96,0
735,1674.473,"Mount",-0.017,-0.140,0.117,0.080,0.188,0.030,107,W,13,S,,,453116,150.37,0
736,1676.676,"Mount",-0.045,-0.075,0.046,0.074,0.135,0.028,77,W,12,S,,,469445,145.36,0
737,1679.072,"Mount",0.005,-0.042,0.039,0.015,0.132,0.000,75,W,0,,,,469319,156.75,0
738,1681.227,"Mount",-0.034,0.002,-0.017,0.029,0.124,0.000,71,W,0,,,,437304,145.25,0
739,1683.720,"Mount",-0.047,-0.121,0.086,0.098,0.152,0.035,87,W,15,S,,,450207,130.82,0
740,1685.903,"Mount",-0.095,0.041,-0.080,0.065,0.051,0.025,29,W,11,S,,,453382,159.27,0
741,1688.272,"Mount",0.041,0.061,-0.035,-0.064,0.071,-0.022,40,W,9,N,,,460655,154.08,0
742,1690.445,"Mount",-0.197,0.053,-0.138,0.150,-0.014,0.053,8,E,23,S,,,484116,186.44,0
743,1692.847,"Mount",-0.161,0.026,-0.097,0.131,-0.010,0.049,6,E,21,S,,,477567,144.74,0
744,1694.962,"Mount",-0.034,-0.047,0.026,0.052,0.024,0.000,13,W,0,,,,437352,119.68,0
745,1697.247,"Mount",-0.016,-0.039,0.027,0.032,0.001,0.000,0,,0,,,,440962,139.13,0
746,1699.378,"Mount",-0.106,0.013,-0.060,0.088,-0.001,0.032,1,E,14,S,,,434596,138.73,0
747,1701.633,"Mount",-0.033,-0.034,0.015,0.045,0.001,0.000,0,,0,,,,450940,143.77,0
748,1703.841,"Mount",0.117,-0.071,0.117,-0.071,0.053,-0.025,30,W,11,N,,,459190,138.95,0
749,1706.151,"Mount",-0.007,-0.069,0.057,0.038,0.004,0.000,3,W,0,,,,492129,166.09,0
750,1708.234,"Mount",0.007,-0.088,0.081,0.034,0.040,0.000,23,W,0,,,,464892,136.18,0
751,1710.531,"Mount",-0.064,0.033,-0.059,0.042,0.011,0.000,6,W,0,,,,448110,150.61,0
752,1712.605,"Mount",-0.060,0.020,-0.045,0.044,0.009,0.000,5,W,0,,,,469802,155.91,0
753,1715.026,"Mount",-0.108,-0.071,0.013,0.128,0.006,0.046,3,W,20,S,,,464276,138.73,0
754,1717.110,"Mount",-0.016,-0.005,-0.003,0.016,-0.004,0.000,2,E,0,,,,460399,148.52,0
755,1719.492,"Mount",0.126,-0.084,0.133,-0.073,0.056,-0.026,32,W,11,N,,,467861,149.02,0
756,1721.704,"Mount",-0.174,0.025,-0.102,0.143,-0.057,0.050,32,E,21,S,,,447979,163.20,0
757,1724.018,"Mount",0.063,-0.036,0.061,-0.039,0.009,0.000,5,W,0,,,,464322,150.46,0
758,1726.124,"Mount",0.046,0.013,0.010,-0.047,-0.020,0.000,12,E,0,,,,465390,189.39,0
759,1728.479,"Mount",0.083,-0.088,0.116,-0.033,0.027,0.000,16,W,0,,,,463896,154.76,0
760,1730.651,"Mount",0.070,0.032,0.004,-0.077,-0.025,-0.028,14,E,12,N,,,470904,152.99,0
761,1733.025,"Mount",0.156,-0.019,0.089,-0.129,0.011,-0.048,6,W,20,N,,,458436,156.58,0
762,1735.192,"Mount",-0.090,-0.096,0.044,0.124,-0.036,0.043,20,E,18,S,,,449793,126.73,0
763,1737.657,"Mount",-0.212,-0.090,-0.018,0.229,-0.036,0.084,21,E,36,S,,,457363,147.08,0
764,1739.846,"Mount",-0.147,-0.050,-0.024,0.154,-0.038,0.059,22,E,25,S,,,461146,128.98,0
765,1742.235,"Mount",-0.039,-0.077,0.050,0.070,-0.044,0.028,25,E,12,S,,,467202,148.31,0
766,1744.406,"Mount",-0.051,-0.060,0.030,0.072,-0.046,0.027,26,E,12,S,,,439932,129.33,0
767,1746.698,"Mount",0.061,-0.070,0.090,-0.021,-0.009,0.000,5,E,0,,,,463909,135.78,0
768,1748.910,"Mount",-0.143,-0.084,0.009,0.166,-0.048,0.060,27,E,25,S,,,442634,149.10,0
769,1751.223,"Mount",-0.029,-0.060,0.040,0.053,-0.044,0.000,25,E,0,,,,479209,162.80,0
770,1753.358,"Mount",0.021,-0.026,0.032,-0.006,-0.036,0.000,21,E,0,,,,485375,161.58,0
771,1755.699,"Mount",-0.011,-0.039,0.030,0.027,-0.028,0.000,16,E,0,,,,447900,137.88,0
772,1757.808,"Mount",-0.016,-0.080,0.063,0.051,0.011,0.000,6,W,0,,,,438160,131.84,0
773,1760.132,"Mount",-0.033,-0.052,0.031,0.053,-0.008,0.000,4,E,0,,,,484784,172.89,0
774,1762.250,"Mount",-0.108,-0.096,0.035,0.140,0.002,0.050,1,W,22,S,,,458405,148.91,0
775,1764.622,"Mount",0.137,-0.074,0.129,-0.087,0.067,-0.029,38,W,13,N,,,440784,122.22,0
776,1766.777,"Mount",0.038,-0.127,0.130,0.025,0.077,0.000,44,W,0,,,,469983,147.31,0
777,1769.208,"Mount",-0.096,-0.057,0.006,0.112,0.024,0.040,14,W,17,S,,,450835,142.68,0
778,1771.499,"Mount",-0.112,-0.076,0.016,0.134,0.032,0.050,18,W,21,S,,,461750,158.26,0
779,1773.820,"Mount",0.033,0.045,-0.025,-0.050,0.035,0.000,20,W,0,,,,468036,150.93,0
780,1775.921,"Mount",-0.002,-0.064,0.055,0.031,0.026,0.000,15,W,0,,,,485989,154.17,0
781,1778.222,"Mount",0.049,-0.040,0.059,-0.025,0.024,0.000,14,W,0,,,,472159,154.95,0
782,1780.394,"Mount",0.092,0.066,-0.016,-0.112,0.018,-0.040,10,W,17,N,,,440361,122.99,0
783,1782.722,"Mount",-0.013,-0.068,0.055,0.043,0.009,0.000,5,W,0,,,,447040,154.14,0
784,1784.822,"Mount",0.087,-0.118,0.145,-0.022,0.063,0.000,36,W,0,,,,473052,158.75,0
785,1787.150,"Mount",0.036,-0.056,0.066,-0.006,0.014,0.000,8,W,0,,,,443170,140.98,0
786,1789.210,"Mount",0.006,-0.097,0.089,0.040,0.011,0.000,6,W,0,,,,456736,135.04,0
787,1791.522,"Mount",0.051,-0.107,0.118,0.004,0.011,0.000,6,W,0,,,,461512,151.52,0
788,1793.622,"Mount",0.050,0.012,0.012,-0.050,-0.058,0.000,33,E,0,,,,439499,134.74,0
789,1795.953,"Mount",0.013,-0.032,0.034,0.003,-0.074,0.000,42,E,0,,,,452099,135.98,0
790,1798.061,"Mount",-0.004,-0.029,0.024,0.017,-0.085,0.000,49,E,0,,,,463252,151.16,0
791,1800.556,"Mount",-0.421,-0.117,-0.091,0.428,-0.142,0.154,81,E,66,S,,,457039,134.83,0
792,1802.819,"Mount",-0.211,-0.057,-0.047,0.214,-0.109,0.083,62,E,36,S,,,455754,151.73,0
793,1805.315,"Mount",-0.176,0.037,-0.114,0.140,-0.166,0.054,95,E,23,S,,,460135,151.44,0
794,1807.532,"Mount",-0.136,-0.007,-0.057,0.124,-0.119,0.047,68,E,20,S,,,475728,155.08,0
795,1809.969,"Mount",-0.078,0.165,-0.183,-0.007,-0.205,0.000,117,E,0,,,,456821,120.99,0
796,1812.179,"Mount",-0.116,0.121,-0.161,0.047,-0.191,0.000,109,E,0,,,,449953,151.86,0
797,1814.675,"Mount",-0.187,0.129,-0.200,0.106,-0.211,0.038,121,E,16,S,,,478421,152.89,0
798,1816.860,"Mount",-0.048,0.102,-0.112,-0.004,-0.165,0.000,94,E,0,,,,463562,140.88,0
799,1819.274,"Mount",0.096,0.043,0.006,-0.105,-0.104,-0.038,60,E,16,N,,,459458,137.79,0
800,1821.427,"Mount",-0.035,-0.029,0.009,0.044,-0.091,0.000,52,E,0,,,,473238,175.25,0
801,1823.769,"Mount",-0.002,0.052,-0.048,-0.022,-0.077,0.000,44,E,0,,,,457382,140.26,0
802,1825.875,"Mount",-0.016,0.008,-0.015,0.011,-0.055,0.000,32,E,0,,,,463508,137.00,0
803,1828.265,"Mount",0.101,0.048,0.004,-0.111,-0.042,-0.040,24,E,17,N,,,473249,139.91,0
804,1830.274,"Mount",0.042,-0.057,0.069,-0.011,-0.000,0.000,0,,0,,,,473146,142.49,0
805,1832.588,"Mount",-0.037,0.029,-0.043,0.019,-0.030,0.000,17,E,0,,,,447304,139.08,0
806,1834.729,"Mount",-0.068,-0.058,0.020,0.087,-0.029,0.031,16,E,13,S,,,452929,137.33,0
807,1837.052,"Mount",0.013,0.000,0.006,-0.011,-0.027,0.000,15,E,0,,,,478385,157.82,0
808,1841.420,"Mount",-0.083,0.077,-0.107,0.038,-0.114,0.000,65,E,0,,,,449732,130.66,0
809,1843.559,"Mount",-0.110,0.083,-0.124,0.059,-0.123,0.000,71,E,0,,,,459360,133.71,0
Guiding Ends at 2026-05-27 23:33:19

Guiding Begins at 2026-05-27 23:36:05
Equipment Profile = 60mmGuide
Dither = both axes, Dither scale = 1.000, Image noise reduction = none, Guide-frame time lapse = 0, Server enabled
Pixel scale = 3.22 arc-sec/px, Binning = 1, Focal length = 240 mm
Search region = 25 px, Star mass tolerance = 50.0%, Multi-star mode, list size = 12
 Camera = ZWO ASI120MM Mini, gain = 37, full size = 1280 x 960, have dark, dark dur = 2000, no defect map, pixel size = 3.8 um
Exposure = 2000 ms
Mount = iOptron CEM120,70,40,26, GEM, HEM, HAE, HAZ series and SkyHunter Mount (ASCOM), connected, guiding enabled, xAngle = -62.6, xRate = 1.749, yAngle = -152.7, yRate = 2.338, parity = +/-
Norm rates RA = 8.3"/s @ dec 0, Dec = 7.5"/s; ortho.err. = 0.1 deg
X guide algorithm = Predictive PEC, Control gain = 0.450
Prediction gain = 0.750
Minimum move = 0.060
Hyperparameters
	Length scale long range SE kernel = 700.000
	Signal variance long range SE kernel = 20.000
	Length scale periodic kernel = 10.000
	Signal variance periodic kernel = 20.000
	Length scale short range SE kernel = 25.000
	Signal variance short range SE kernel = 10.000
	Period length periodic kernel = 348.000
	FFT called after = 2.000 worm cycles
	Auto-adjust period length = Off
Y guide algorithm = Hysteresis, Hysteresis = 0.100, Aggression = 0.400, Minimum move = 0.060
Backlash comp = disabled, pulse = 100 ms
Max RA duration = 2500, Max DEC duration = 2500, DEC guide mode = Auto
RA Guide Speed = 7.5 a-s/s, Dec Guide Speed = 7.5 a-s/s, Cal Dec = 0.0, Last Cal Issue = None, Timestamp = 7/29/2025 9:33:42 PM
RA = 13.52 hr, Dec = 47.1 deg, Hour angle = 0.84 hr, Pier side = East, Rotator pos = N/A, Alt = 71.7 deg, Az = 331.7 deg
Lock position = 583.877, 564.754, Star position = 583.877, 564.754, HFD = 4.80 px
Frame,Time,mount,dx,dy,RARawDistance,DECRawDistance,RAGuideDistance,DECGuideDistance,RADuration,RADirection,DECDuration,DECDirection,XStep,YStep,StarMass,SNR,ErrorCode
INFO: SETTLING STATE CHANGE, Settling started
1,2.221,"Mount",-0.193,-0.065,-0.031,0.201,0.000,0.072,0,,31,S,,,459737,156.69,0
2,4.746,"Mount",0.323,-0.109,0.245,-0.236,0.110,-0.082,63,W,35,N,,,443319,154.14,0
3,6.874,"Mount",0.148,-0.243,0.284,-0.019,0.128,0.000,73,W,0,,,,455326,166.03,0
4,9.351,"Mount",-0.012,-0.405,0.354,0.197,0.159,0.071,91,W,30,S,,,454220,132.29,0
5,11.544,"Mount",0.239,-0.196,0.285,-0.122,0.128,-0.041,73,W,18,N,,,461573,174.22,0
6,13.955,"Mount",0.166,-0.442,0.469,0.056,0.211,0.000,121,W,0,,,,464161,134.41,0
7,16.144,"Mount",0.176,-0.381,0.419,0.020,0.189,0.000,108,W,0,,,,473346,142.64,0
8,18.510,"Mount",0.128,-0.167,0.207,-0.037,0.093,0.000,53,W,0,,,,466035,135.88,0
9,20.567,"Mount",0.083,-0.016,0.053,-0.066,0.000,-0.024,0,,10,N,,,476264,159.94,0
INFO: SETTLING STATE CHANGE, Settling complete
10,22.972,"Mount",0.179,-0.219,0.277,-0.058,0.124,0.000,71,W,0,,,,451880,145.10,0
11,25.195,"Mount",-0.054,-0.388,0.319,0.227,0.135,0.082,77,W,35,S,,,498701,146.46,0
12,27.555,"Mount",0.148,0.142,-0.058,-0.197,-0.007,-0.068,4,E,29,N,,,453212,143.53,0
13,29.660,"Mount",-0.003,-0.030,0.025,0.016,-0.009,0.000,5,E,0,,,,465453,156.98,0
14,32.084,"Mount",-0.090,-0.133,0.077,0.142,0.024,0.051,14,W,22,S,,,467481,137.95,0
15,34.271,"Mount",0.103,0.101,-0.042,-0.138,-0.007,-0.048,4,E,20,N,,,457219,136.49,0
16,36.657,"Mount",-0.088,-0.037,-0.007,0.095,0.002,0.032,1,W,14,S,,,451026,163.79,0
17,38.811,"Mount",-0.034,-0.077,0.053,0.065,0.003,0.025,2,W,11,S,,,477367,144.27,0
18,41.247,"Mount",0.095,0.053,-0.004,-0.109,0.004,-0.038,2,W,16,N,,,445023,141.51,0
19,43.415,"Mount",0.008,-0.077,0.071,0.029,0.034,0.000,19,W,0,,,,422817,119.00,0
20,45.736,"Mount",-0.051,-0.016,-0.009,0.053,0.003,0.000,2,W,0,,,,462569,152.73,0
21,47.890,"Mount",-0.083,-0.085,0.037,0.113,0.003,0.041,2,W,17,S,,,477279,166.82,0
22,50.197,"Mount",-0.063,0.083,-0.103,0.018,-0.039,0.000,22,E,0,,,,440556,137.24,0
23,52.278,"Mount",0.006,-0.068,0.063,0.026,0.024,0.000,14,W,0,,,,480644,151.14,0
24,54.560,"Mount",0.029,-0.023,0.034,-0.016,-0.003,0.000,2,E,0,,,,451744,144.08,0
25,56.746,"Mount",0.091,0.002,0.040,-0.082,-0.005,-0.029,3,E,13,N,,,444399,131.83,0
26,59.051,"Mount",-0.077,0.069,-0.097,0.037,-0.047,0.000,27,E,0,,,,469447,134.42,0
27,61.125,"Mount",-0.012,0.005,-0.010,0.008,-0.003,0.000,2,E,0,,,,450353,132.43,0
28,63.425,"Mount",-0.048,0.056,-0.072,0.017,-0.034,0.000,19,E,0,,,,440198,165.74,0
29,65.624,"Mount",-0.038,-0.175,0.138,0.114,0.053,0.041,30,W,18,S,,,453251,152.88,0
30,67.904,"Mount",0.014,0.003,0.004,-0.014,-0.003,0.000,2,E,0,,,,460879,144.68,0
31,70.005,"Mount",-0.016,-0.068,0.053,0.046,-0.003,0.000,2,E,0,,,,459152,140.28,0
32,72.363,"Mount",-0.012,-0.119,0.100,0.065,0.047,0.024,27,W,10,S,,,470938,157.87,0
33,74.472,"Mount",0.037,0.056,-0.033,-0.058,0.007,0.000,4,W,0,,,,465388,140.02,0
34,76.781,"Mount",-0.020,0.063,-0.065,-0.011,-0.018,0.000,11,E,0,,,,468512,162.49,0
35,78.919,"Mount",-0.127,0.004,-0.062,0.111,-0.019,0.040,11,E,17,S,,,449840,150.04,0
36,81.247,"Mount",-0.039,0.083,-0.092,-0.004,-0.043,0.000,25,E,0,,,,465786,138.42,0
37,83.353,"Mount",-0.069,0.164,-0.177,-0.015,-0.080,0.000,46,E,0,,,,464788,138.93,0
38,85.667,"Mount",-0.035,0.073,-0.081,-0.003,-0.045,0.000,26,E,0,,,,436629,142.21,0
39,87.771,"Mount",-0.059,0.080,-0.098,0.016,-0.054,0.000,31,E,0,,,,456175,146.60,0
40,90.098,"Mount",-0.009,0.078,-0.073,-0.028,-0.044,0.000,25,E,0,,,,470052,155.68,0
41,92.163,"Mount",0.019,0.021,-0.010,-0.027,-0.011,0.000,6,E,0,,,,442359,138.98,0
42,94.491,"Mount",-0.021,-0.031,0.018,0.033,-0.011,0.000,6,E,0,,,,463883,135.28,0
43,96.563,"Mount",-0.012,0.028,-0.030,-0.003,0.006,0.000,3,W,0,,,,473834,159.61,0
44,98.940,"Mount",-0.136,0.029,-0.088,0.107,-0.028,0.039,16,E,16,S,,,459479,130.96,0
45,101.060,"Mount",-0.061,-0.075,0.038,0.089,0.007,0.033,4,W,14,S,,,460533,147.56,0
46,103.434,"Mount",-0.088,-0.079,0.030,0.114,0.008,0.042,5,W,18,S,,,460181,138.30,0
47,105.578,"Mount",0.114,-0.103,0.144,-0.054,0.068,0.000,39,W,0,,,,452851,135.23,0
48,107.983,"Mount",0.099,-0.050,0.090,-0.065,0.036,-0.023,21,W,10,N,,,473124,150.52,0
49,110.187,"Mount",-0.039,-0.124,0.092,0.092,0.038,0.032,22,W,14,S,,,474513,144.48,0
50,112.524,"Mount",0.062,-0.055,0.077,-0.029,0.035,0.000,20,W,0,,,,467192,158.99,0
51,114.617,"Mount",-0.037,0.063,-0.072,0.003,-0.028,0.000,16,E,0,,,,469601,159.45,0
52,116.961,"Mount",-0.116,-0.033,-0.024,0.118,0.001,0.042,1,W,18,S,,,451054,150.67,0
53,118.999,"Mount",0.072,-0.028,0.058,-0.051,0.000,0.000,0,,0,,,,452282,135.54,0
54,121.350,"Mount",0.019,0.013,-0.002,-0.023,-0.005,0.000,3,E,0,,,,479210,174.48,0
55,123.532,"Mount",0.079,0.003,0.034,-0.071,-0.006,-0.026,3,E,11,N,,,447363,138.91,0
56,125.905,"Mount",-0.056,-0.027,-0.001,0.062,0.006,0.021,3,W,9,S,,,472764,170.59,0
57,128.001,"Mount",-0.037,0.011,-0.027,0.028,0.006,0.000,4,W,0,,,,448523,139.47,0
58,130.292,"Mount",-0.000,-0.018,0.016,0.009,0.007,0.000,4,W,0,,,,462127,168.72,0
59,132.308,"Mount",-0.069,0.007,-0.038,0.058,0.001,0.000,0,,0,,,,449019,148.36,0
60,134.704,"Mount",-0.199,0.134,-0.210,0.114,-0.086,0.041,49,E,18,S,,,440100,126.96,0
61,136.844,"Mount",-0.139,0.147,-0.194,0.056,-0.085,0.000,48,E,0,,,,454147,139.54,0
62,139.199,"Mount",-0.022,0.105,-0.104,-0.029,-0.051,0.000,29,E,0,,,,451461,146.62,0
63,141.476,"Mount",-0.333,0.334,-0.450,0.141,-0.211,0.051,121,E,22,S,,,450834,139.31,0
64,143.974,"Mount",-0.183,0.177,-0.241,0.080,-0.126,0.031,72,E,13,S,,,485500,143.89,0
65,146.142,"Mount",-0.154,0.247,-0.290,0.023,-0.159,0.000,91,E,0,,,,464348,153.97,0
66,148.549,"Mount",-0.190,0.315,-0.367,0.023,-0.188,0.000,108,E,0,,,,464005,144.41,0
67,150.750,"Mount",-0.179,0.399,-0.437,-0.026,-0.218,0.000,124,E,0,,,,437098,137.87,0
68,153.139,"Mount",-0.113,0.227,-0.254,-0.005,-0.141,0.000,80,E,0,,,,457266,122.00,0
69,155.256,"Mount",-0.072,0.071,-0.096,0.031,-0.071,0.000,41,E,0,,,,475515,146.79,0
70,157.632,"Mount",-0.166,0.264,-0.311,0.026,-0.161,0.000,92,E,0,,,,464232,154.07,0
71,159.782,"Mount",-0.028,0.137,-0.135,-0.038,-0.080,0.000,46,E,0,,,,451728,124.24,0
72,162.103,"Mount",-0.031,0.099,-0.102,-0.018,-0.027,0.000,15,E,0,,,,467064,148.35,0
73,164.283,"Mount",-0.109,0.005,-0.054,0.095,0.027,0.034,15,W,15,S,,,447655,124.21,0
74,166.588,"Mount",-0.040,0.086,-0.095,-0.004,-0.022,0.000,12,E,0,,,,476879,153.51,0
75,168.730,"Mount",0.044,0.154,-0.116,-0.110,-0.028,-0.040,16,E,17,N,,,471089,154.09,0
76,171.128,"Mount",-0.106,0.085,-0.124,0.055,-0.066,0.000,38,E,0,,,,436502,129.43,0
77,173.298,"Mount",-0.097,0.031,-0.072,0.072,-0.047,0.026,27,E,11,S,,,452223,134.22,0
78,175.680,"Mount",-0.109,0.085,-0.126,0.057,-0.075,0.000,43,E,0,,,,464474,148.51,0
79,177.868,"Mount",-0.122,0.069,-0.118,0.076,-0.081,0.028,46,E,12,S,,,459515,148.27,0
80,180.316,"Mount",0.019,0.206,-0.174,-0.112,-0.107,-0.039,61,E,17,N,,,472460,145.69,0
81,182.548,"Mount",-0.145,0.148,-0.198,0.061,-0.093,0.020,53,E,9,S,,,456870,151.56,0
82,184.859,"Mount",-0.088,0.092,-0.122,0.035,-0.059,0.000,34,E,0,,,,442489,144.71,0
83,187.016,"Mount",-0.122,0.139,-0.180,0.043,-0.084,0.000,48,E,0,,,,432051,145.22,0
84,189.497,"Mount",-0.421,0.337,-0.494,0.218,-0.210,0.079,120,E,34,S,,,463965,137.73,0
85,191.709,"Mount",-0.200,0.286,-0.346,0.045,-0.160,0.000,91,E,0,,,,449380,138.74,0
86,194.193,"Mount",-0.427,0.146,-0.326,0.312,-0.154,0.112,88,E,48,S,,,456752,147.31,0
87,196.507,"Mount",-0.465,0.317,-0.495,0.266,-0.276,0.100,158,E,43,S,,,478153,165.98,0
88,198.974,"Mount",-0.155,0.304,-0.342,-0.003,-0.216,0.000,123,E,0,,,,463765,153.46,0
89,201.269,"Mount",-0.192,0.488,-0.521,-0.054,-0.284,0.000,162,E,0,,,,464972,152.42,0
90,203.688,"Mount",-0.184,0.368,-0.411,-0.007,-0.232,0.000,132,E,0,,,,451058,145.86,0
91,205.899,"Mount",-0.227,0.325,-0.393,0.051,-0.220,0.000,126,E,0,,,,443535,136.49,0
92,208.394,"Mount",-0.251,0.273,-0.358,0.096,-0.195,0.035,112,E,15,S,,,458153,137.98,0
93,210.701,"Mount",-0.423,0.278,-0.442,0.247,-0.218,0.090,125,E,39,S,,,464321,133.46,0
94,213.132,"Mount",-0.210,0.368,-0.423,0.016,-0.206,0.000,118,E,0,,,,438814,121.27,0
95,215.349,"Mount",-0.191,0.325,-0.377,0.019,-0.176,0.000,101,E,0,,,,459163,136.21,0
96,217.874,"Mount",-0.312,0.330,-0.437,0.124,-0.173,0.045,99,E,19,S,,,458924,132.36,0
97,220.059,"Mount",-0.175,0.398,-0.434,-0.028,-0.163,0.000,93,E,0,,,,453015,154.15,0
98,222.451,"Mount",-0.188,0.429,-0.467,-0.031,-0.203,0.000,116,E,0,,,,459784,160.97,0
99,224.658,"Mount",-0.188,0.438,-0.475,-0.035,-0.203,0.000,116,E,0,,,,454968,156.99,0
100,227.093,"Mount",-0.223,0.324,-0.390,0.048,-0.230,0.000,131,E,0,,,,434660,124.75,0
101,229.264,"Mount",-0.037,0.199,-0.193,-0.059,-0.146,0.000,83,E,0,,,,447306,142.29,0
102,231.764,"Mount",0.012,0.171,-0.146,-0.089,-0.149,-0.032,85,E,14,N,,,468516,139.40,0
103,233.950,"Mount",-0.055,0.047,-0.067,0.027,-0.107,0.000,61,E,0,,,,459609,173.25,0
104,236.266,"Mount",-0.024,0.022,-0.031,0.011,-0.027,0.000,16,E,0,,,,444042,141.59,0
105,238.429,"Mount",-0.071,-0.053,0.014,0.087,-0.014,0.031,8,E,13,S,,,441090,135.99,0
106,240.820,"Mount",0.044,0.137,-0.102,-0.102,-0.026,-0.036,15,E,15,N,,,451937,148.26,0
107,242.943,"Mount",-0.012,0.059,-0.058,-0.016,0.030,0.000,17,W,0,,,,450938,135.08,0
108,245.265,"Mount",-0.030,0.077,-0.082,-0.008,0.006,0.000,3,W,0,,,,481547,152.42,0
109,247.387,"Mount",0.069,0.104,-0.061,-0.110,0.004,-0.040,2,W,17,N,,,446080,129.99,0
110,249.702,"Mount",-0.049,0.106,-0.117,-0.005,-0.016,0.000,9,E,0,,,,446422,148.71,0
111,251.896,"Mount",-0.181,0.135,-0.203,0.098,-0.071,0.035,40,E,15,S,,,442601,130.88,0
112,254.332,"Mount",-0.163,0.114,-0.177,0.092,-0.062,0.034,35,E,15,S,,,472053,158.73,0
113,256.491,"Mount",-0.092,0.120,-0.149,0.026,-0.103,0.000,59,E,0,,,,463112,176.08,0
114,258.908,"Mount",-0.131,0.036,-0.092,0.100,-0.086,0.036,49,E,15,S,,,471983,145.61,0
115,261.076,"Mount",-0.050,-0.070,0.039,0.076,-0.045,0.029,26,E,12,S,,,447261,144.46,0
116,263.429,"Mount",0.045,0.003,0.018,-0.042,-0.046,0.000,26,E,0,,,,463820,143.48,0
117,265.520,"Mount",0.017,-0.004,0.011,-0.013,-0.006,0.000,4,E,0,,,,429201,154.25,0
118,267.805,"Mount",0.019,0.040,-0.026,-0.035,0.001,0.000,1,W,0,,,,434651,131.81,0
119,269.879,"Mount",-0.062,0.022,-0.048,0.045,0.009,0.000,5,W,0,,,,451956,122.66,0
120,272.172,"Mount",0.010,-0.002,0.006,-0.008,0.018,0.000,11,W,0,,,,461693,144.90,0
121,274.265,"Mount",0.018,-0.128,0.122,0.043,0.075,0.000,43,W,0,,,,468788,146.72,0
122,276.559,"Mount",-0.026,-0.043,0.026,0.043,0.020,0.000,11,W,0,,,,459284,145.39,0
123,278.691,"Mount",0.072,-0.058,0.085,-0.037,0.058,0.000,33,W,0,,,,451697,129.01,0
124,281.139,"Mount",-0.157,-0.367,0.254,0.309,0.125,0.111,71,W,48,S,,,461493,156.29,0
125,283.398,"Mount",-0.044,-0.466,0.394,0.254,0.182,0.096,104,W,41,S,,,484241,157.47,0
126,285.753,"Mount",0.057,-0.153,0.162,0.020,0.083,0.000,47,W,0,,,,438582,141.91,0
127,287.921,"Mount",0.162,-0.251,0.298,-0.027,0.167,0.000,96,W,0,,,,448221,150.51,0
128,290.291,"Mount",0.074,-0.113,0.134,-0.014,0.093,0.000,53,W,0,,,,474091,139.91,0
129,292.394,"Mount",0.107,-0.116,0.153,-0.041,0.070,0.000,40,W,0,,,,478772,163.32,0
130,294.763,"Mount",0.152,-0.269,0.309,-0.010,0.127,0.000,73,W,0,,,,438883,121.02,0
131,296.913,"Mount",0.079,-0.151,0.171,0.000,0.057,0.000,32,W,0,,,,450266,143.38,0
132,299.335,"Mount",0.032,-0.251,0.238,0.087,0.080,0.031,46,W,13,S,,,449662,159.85,0
133,301.489,"Mount",0.097,-0.155,0.182,-0.015,0.120,0.000,68,W,0,,,,454073,138.43,0
134,303.880,"Mount",0.142,-0.221,0.261,-0.024,0.152,0.000,87,W,0,,,,446033,124.09,0
135,306.259,"Mount",0.216,-0.164,0.245,-0.116,0.159,-0.042,91,W,18,N,,,438961,135.74,0
136,308.571,"Mount",0.008,0.003,0.002,-0.009,0.042,0.000,24,W,0,,,,448918,134.87,0
137,310.753,"Mount",-0.163,-0.068,-0.014,0.176,0.016,0.063,9,W,27,S,,,453127,124.82,0
138,313.123,"Mount",-0.047,0.105,-0.115,-0.007,-0.055,0.000,31,E,0,,,,453110,132.64,0
139,315.209,"Mount",-0.006,0.006,-0.008,0.003,-0.030,0.000,17,E,0,,,,474136,194.52,0
140,317.611,"Mount",0.070,0.048,-0.010,-0.084,-0.121,-0.030,69,E,13,N,,,491187,173.94,0
141,319.808,"Mount",-0.003,0.010,-0.010,-0.002,-0.149,0.000,85,E,0,,,,471279,152.40,0
142,322.274,"Mount",-0.044,-0.111,0.078,0.090,-0.102,0.033,58,E,14,S,,,482734,161.94,0
143,324.375,"Mount",0.081,-0.181,0.198,0.012,-0.063,0.000,36,E,0,,,,481128,146.94,0
144,326.710,"Mount",0.077,-0.126,0.148,-0.010,-0.032,0.000,18,E,0,,,,442334,164.22,0
145,328.893,"Mount",0.192,-0.187,0.255,-0.084,0.014,-0.030,8,W,13,N,,,473602,140.09,0
146,331.296,"Mount",0.148,-0.310,0.343,0.012,0.101,0.000,58,W,0,,,,445052,124.64,0
147,333.437,"Mount",0.128,-0.236,0.268,-0.005,0.075,0.000,43,W,0,,,,448099,137.09,0
148,335.766,"Mount",0.014,-0.132,0.123,0.048,0.051,0.000,29,W,0,,,,435893,128.71,0
149,337.981,"Mount",0.044,-0.266,0.257,0.084,0.114,0.030,65,W,13,S,,,469936,145.26,0
150,340.463,"Mount",0.013,-0.194,0.178,0.078,0.088,0.029,50,W,13,S,,,455622,144.91,0
151,342.638,"Mount",0.172,-0.309,0.353,-0.010,0.176,0.000,101,W,0,,,,451295,140.17,0
152,344.982,"Mount",0.083,-0.172,0.191,0.005,0.118,0.000,68,W,0,,,,473620,160.01,0
153,347.272,"Mount",0.018,-0.389,0.353,0.164,0.207,0.059,118,W,25,S,,,470575,146.45,0
154,349.710,"Mount",0.143,-0.343,0.370,0.032,0.227,0.000,130,W,0,,,,423829,131.90,0
155,351.910,"Mount",0.093,-0.307,0.315,0.059,0.210,0.000,120,W,0,,,,461321,149.19,0
156,354.379,"Mount",0.063,-0.269,0.268,0.068,0.196,0.024,112,W,10,S,,,442188,139.19,0
157,356.613,"Mount",-0.045,-0.200,0.157,0.133,0.157,0.049,90,W,21,S,,,456211,147.15,0
158,359.044,"Mount",0.086,-0.246,0.258,0.037,0.195,0.000,111,W,0,,,,456178,141.71,0
159,361.264,"Mount",0.097,-0.287,0.300,0.047,0.193,0.000,110,W,0,,,,466909,140.60,0
160,363.734,"Mount",0.024,-0.253,0.236,0.096,0.151,0.034,86,W,15,S,,,437299,149.66,0
161,365.998,"Mount",0.010,-0.312,0.282,0.135,0.162,0.050,92,W,21,S,,,464684,141.33,0
162,368.327,"Mount",0.123,-0.134,0.175,-0.047,0.097,0.000,55,W,0,,,,447875,137.78,0
163,370.485,"Mount",-0.059,-0.080,0.044,0.089,0.003,0.032,1,W,14,S,,,463550,154.27,0
164,372.875,"Mount",0.133,-0.031,0.089,-0.103,0.040,-0.036,23,W,15,N,,,466994,147.32,0
165,374.986,"Mount",0.038,-0.092,0.100,0.008,0.036,0.000,20,W,0,,,,472430,171.70,0
166,377.293,"Mount",0.055,-0.133,0.144,0.012,0.034,0.000,19,W,0,,,,424151,139.74,0
167,379.468,"Mount",-0.019,-0.144,0.119,0.083,0.025,0.030,14,W,13,S,,,463344,160.34,0
168,381.811,"Mount",0.091,-0.149,0.174,-0.012,0.069,0.000,40,W,0,,,,446361,152.04,0
169,383.980,"Mount",-0.024,-0.131,0.105,0.082,0.043,0.029,25,W,13,S,,,457959,144.76,0
170,386.374,"Mount",0.151,-0.036,0.101,-0.118,0.069,-0.041,39,W,18,N,,,424587,138.92,0
171,388.512,"Mount",-0.015,-0.098,0.080,0.058,0.058,0.000,33,W,0,,,,468849,177.92,0
172,390.827,"Mount",0.053,-0.091,0.106,-0.005,0.071,0.000,41,W,0,,,,462728,143.49,0
173,392.937,"Mount",0.008,-0.067,0.063,0.024,0.046,0.000,26,W,0,,,,458092,154.41,0
174,395.288,"Mount",-0.054,0.038,-0.058,0.030,0.010,0.000,6,W,0,,,,458410,168.85,0
175,397.434,"Mount",-0.115,0.045,-0.093,0.081,-0.043,0.029,24,E,13,S,,,455604,155.64,0
176,399.824,"Mount",0.077,0.049,-0.008,-0.091,-0.011,-0.032,6,E,14,N,,,436610,127.45,0
177,401.925,"Mount",0.070,-0.060,0.085,-0.035,0.001,0.000,1,W,0,,,,465959,142.89,0
178,404.263,"Mount",-0.057,-0.018,-0.010,0.059,-0.039,0.000,22,E,0,,,,458242,140.47,0
179,406.341,"Mount",-0.013,-0.038,0.028,0.029,-0.022,0.000,12,E,0,,,,493041,135.55,0
180,408.696,"Mount",-0.004,-0.183,0.161,0.088,0.047,0.032,27,W,13,S,,,445324,129.01,0
181,410.787,"Mount",0.028,-0.092,0.094,0.017,0.035,0.000,20,W,0,,,,439491,131.68,0
182,413.110,"Mount",0.027,-0.030,0.039,-0.010,-0.005,0.000,3,E,0,,,,465796,141.87,0
183,415.263,"Mount",-0.056,-0.126,0.086,0.108,0.032,0.039,18,W,17,S,,,472111,146.24,0
184,417.564,"Mount",0.058,-0.072,0.090,-0.018,0.046,0.000,26,W,0,,,,449582,141.73,0
185,419.762,"Mount",-0.091,-0.020,-0.024,0.090,0.001,0.033,1,W,14,S,,,450150,154.84,0
186,422.163,"Mount",-0.116,-0.096,0.032,0.148,-0.008,0.054,5,E,23,S,,,474645,139.75,0
187,424.380,"Mount",-0.114,-0.077,0.016,0.136,-0.016,0.051,9,E,22,S,,,453043,163.72,0
188,426.747,"Mount",-0.125,0.002,-0.059,0.109,-0.031,0.041,18,E,18,S,,,458235,140.05,0
189,428.855,"Mount",-0.051,0.089,-0.103,0.004,-0.080,0.000,46,E,0,,,,461223,130.02,0
190,431.236,"Mount",-0.042,-0.139,0.104,0.102,0.004,0.037,2,W,16,S,,,446986,143.05,0
191,433.327,"Mount",-0.080,0.034,-0.067,0.055,-0.069,0.000,40,E,0,,,,445275,138.67,0
192,435.703,"Mount",-0.097,0.013,-0.056,0.079,-0.028,0.029,16,E,12,S,,,450423,146.68,0
193,437.841,"Mount",-0.006,0.024,-0.024,-0.005,-0.024,0.000,14,E,0,,,,463322,134.73,0
194,440.231,"Mount",0.112,0.076,-0.016,-0.135,-0.020,-0.049,11,E,21,N,,,445825,127.31,0
195,442.318,"Mount",0.072,-0.094,0.117,-0.021,0.039,0.000,22,W,0,,,,453186,147.89,0
196,444.615,"Mount",0.013,-0.093,0.088,0.031,0.030,0.000,17,W,0,,,,436416,154.59,0
197,446.797,"Mount",-0.098,-0.076,0.022,0.122,0.012,0.044,7,W,19,S,,,460992,138.94,0
198,449.186,"Mount",-0.130,-0.124,0.050,0.173,0.012,0.064,7,W,27,S,,,442146,127.49,0
199,451.310,"Mount",0.014,-0.107,0.101,0.037,0.054,0.000,31,W,0,,,,471621,159.17,0
200,453.729,"Mount",0.044,-0.169,0.171,0.039,0.082,0.000,47,W,0,,,,455427,140.20,0
201,455.879,"Mount",0.083,-0.131,0.155,-0.013,0.077,0.000,44,W,0,,,,441736,140.94,0
202,458.281,"Mount",-0.110,-0.071,0.012,0.130,0.007,0.047,4,W,20,S,,,449983,134.52,0
203,460.449,"Mount",0.117,-0.109,0.150,-0.054,0.073,0.000,42,W,0,,,,461328,150.62,0
204,462.759,"Mount",0.025,-0.041,0.047,-0.003,0.019,0.000,11,W,0,,,,467745,145.81,0
205,464.867,"Mount",-0.076,0.041,-0.072,0.048,-0.012,0.000,7,E,0,,,,454023,161.28,0
206,467.173,"Mount",-0.005,-0.033,0.027,0.019,0.010,0.000,6,W,0,,,,442857,142.72,0
207,469.295,"Mount",-0.025,-0.031,0.016,0.036,0.005,0.000,3,W,0,,,,457733,136.95,0
208,471.613,"Mount",-0.046,-0.028,0.004,0.054,-0.011,0.000,6,E,0,,,,458232,142.94,0
209,473.779,"Mount",-0.114,0.029,-0.078,0.088,-0.055,0.032,31,E,13,S,,,460831,167.58,0
210,476.163,"Mount",-0.085,0.044,-0.078,0.055,-0.068,0.000,39,E,0,,,,448089,159.57,0
211,478.311,"Mount",-0.069,0.123,-0.141,0.005,-0.113,0.000,64,E,0,,,,478848,147.79,0
212,480.700,"Mount",-0.127,-0.010,-0.049,0.117,-0.073,0.042,42,E,18,S,,,457752,135.07,0
213,482.929,"Mount",-0.084,0.187,-0.205,-0.012,-0.184,0.000,105,E,0,,,,468777,140.67,0
214,485.318,"Mount",-0.092,0.178,-0.200,-0.001,-0.203,0.000,116,E,0,,,,467494,151.88,0
215,487.532,"Mount",-0.192,0.257,-0.316,0.052,-0.253,0.000,145,E,0,,,,478668,142.77,0
216,490.016,"Mount",-0.140,0.031,-0.092,0.110,-0.166,0.040,95,E,17,S,,,447514,127.22,0
217,492.231,"Mount",-0.016,0.122,-0.115,-0.042,-0.167,0.000,96,E,0,,,,465300,139.92,0
218,494.662,"Mount",-0.108,0.128,-0.164,0.036,-0.181,0.000,104,E,0,,,,443982,145.91,0
219,496.800,"Mount",-0.077,0.080,-0.107,0.031,-0.126,0.000,72,E,0,,,,452247,139.62,0
220,499.219,"Mount",-0.126,0.054,-0.106,0.087,-0.112,0.031,64,E,13,S,,,465007,127.75,0
221,501.355,"Mount",-0.043,0.029,-0.045,0.025,-0.061,0.000,35,E,0,,,,459138,122.78,0
222,503.727,"Mount",-0.035,0.189,-0.184,-0.056,-0.130,0.000,75,E,0,,,,453343,136.20,0
223,505.892,"Mount",-0.064,0.064,-0.086,0.028,-0.088,0.000,50,E,0,,,,437407,154.98,0
224,508.342,"Mount",-0.183,0.102,-0.174,0.115,-0.121,0.042,69,E,18,S,,,473216,146.39,0
225,510.515,"Mount",-0.106,0.077,-0.117,0.059,-0.090,0.000,51,E,0,,,,472884,147.85,0
226,512.867,"Mount",0.043,0.032,-0.009,-0.053,-0.048,0.000,28,E,0,,,,468004,147.11,0
227,515.003,"Mount",-0.100,-0.008,-0.039,0.093,-0.045,0.033,26,E,14,S,,,448709,158.73,0
228,517.299,"Mount",0.004,-0.030,0.028,0.010,-0.019,0.000,11,E,0,,,,457835,149.59,0
229,519.373,"Mount",-0.015,0.045,-0.047,-0.008,-0.020,0.000,11,E,0,,,,458386,158.89,0
230,521.654,"Mount",0.021,-0.028,0.035,-0.005,-0.014,0.000,8,E,0,,,,473453,169.36,0
231,523.763,"Mount",-0.052,0.125,-0.135,-0.011,-0.079,0.000,45,E,0,,,,439391,158.07,0
232,526.118,"Mount",-0.005,0.036,-0.034,-0.013,-0.045,0.000,26,E,0,,,,438457,131.44,0
233,528.256,"Mount",-0.095,0.137,-0.165,0.021,-0.130,0.000,74,E,0,,,,462662,131.48,0
234,530.644,"Mount",-0.102,0.130,-0.162,0.030,-0.149,0.000,85,E,0,,,,451067,136.02,0
235,532.820,"Mount",-0.125,0.110,-0.155,0.060,-0.184,0.000,105,E,0,,,,454208,141.92,0
236,535.421,"Mount",-0.613,-0.125,-0.171,0.602,-0.218,0.217,125,E,93,S,,,441151,133.61,0
237,537.699,"Mount",-0.217,0.065,-0.157,0.162,-0.219,0.067,125,E,29,S,,,450460,138.54,0
238,540.117,"Mount",-0.054,-0.016,-0.010,0.056,-0.167,0.000,95,E,0,,,,452626,144.79,0
239,542.271,"Mount",-0.028,0.018,-0.029,0.016,-0.152,0.000,87,E,0,,,,440319,129.98,0
240,544.691,"Mount",0.039,0.025,-0.004,-0.046,-0.156,0.000,89,E,0,,,,431843,133.34,0
241,546.929,"Mount",-0.111,0.090,-0.131,0.057,-0.185,0.000,106,E,0,,,,477888,165.63,0
242,549.362,"Mount",-0.164,0.227,-0.277,0.040,-0.239,0.000,137,E,0,,,,426156,124.40,0
243,551.671,"Mount",-0.227,0.230,-0.309,0.095,-0.245,0.034,140,E,15,S,,,475817,165.73,0
244,554.179,"Mount",-0.026,0.300,-0.278,-0.116,-0.221,-0.040,126,E,17,N,,,425257,136.57,0
245,556.396,"Mount",-0.160,0.187,-0.240,0.056,-0.241,0.000,138,E,0,,,,467016,158.99,0
246,558.876,"Mount",-0.207,0.207,-0.279,0.088,-0.257,0.032,147,E,14,S,,,473616,145.08,0
247,561.111,"Mount",-0.105,0.249,-0.269,-0.021,-0.271,0.000,155,E,0,,,,484843,153.62,0
248,563.566,"Mount",-0.121,0.128,-0.169,0.048,-0.239,0.000,137,E,0,,,,443654,131.65,0
249,565.872,"Mount",-0.144,0.147,-0.197,0.060,-0.256,0.022,146,E,9,S,,,467271,144.12,0
250,568.336,"Mount",-0.110,0.107,-0.146,0.048,-0.248,0.000,142,E,0,,,,425384,131.36,0
251,570.568,"Mount",0.033,0.029,-0.010,-0.042,-0.176,0.000,101,E,0,,,,440999,149.96,0
252,573.018,"Mount",-0.017,0.129,-0.122,-0.044,-0.212,0.000,121,E,0,,,,466923,131.16,0
253,575.234,"Mount",-0.110,0.024,-0.071,0.087,-0.167,0.031,96,E,13,S,,,464360,155.80,0
254,577.559,"Mount",-0.047,0.010,-0.030,0.037,-0.066,0.000,38,E,0,,,,490133,161.19,0
255,579.683,"Mount",-0.049,0.043,-0.061,0.023,-0.063,0.000,36,E,0,,,,481637,147.35,0
256,582.023,"Mount",-0.038,0.070,-0.080,0.002,-0.031,0.000,18,E,0,,,,432522,126.74,0
257,584.131,"Mount",0.014,0.049,-0.037,-0.035,0.031,0.000,18,W,0,,,,461793,154.12,0
258,586.592,"Mount",-0.137,0.023,-0.084,0.111,-0.025,0.040,15,E,17,S,,,472516,148.15,0
259,588.683,"Mount",-0.110,0.175,-0.206,0.017,-0.067,0.000,38,E,0,,,,467912,131.35,0
260,591.178,"Mount",-0.239,0.182,-0.272,0.128,-0.144,0.046,82,E,20,S,,,447909,135.02,0
261,593.362,"Mount",-0.162,0.187,-0.241,0.058,-0.137,0.000,78,E,0,,,,431920,129.16,0
262,595.747,"Mount",-0.084,0.188,-0.205,-0.013,-0.134,0.000,77,E,0,,,,452639,129.01,0
263,597.978,"Mount",-0.155,0.132,-0.189,0.076,-0.184,0.028,105,E,12,S,,,495915,165.51,0
264,600.391,"Mount",0.068,0.061,-0.023,-0.089,-0.118,-0.031,68,E,13,N,,,477158,141.11,0
265,602.515,"Mount",-0.013,0.061,-0.060,-0.017,-0.120,0.000,69,E,0,,,,485256,153.29,0
266,604.906,"Mount",-0.057,-0.028,-0.001,0.063,-0.093,0.023,53,E,10,S,,,440149,149.06,0
267,606.969,"Mount",0.039,-0.081,0.089,0.003,-0.005,0.000,3,E,0,,,,431740,147.16,0
268,609.347,"Mount",0.109,-0.053,0.097,-0.072,0.015,-0.026,8,W,11,N,,,476177,138.72,0
269,611.454,"Mount",-0.038,-0.016,-0.003,0.042,0.007,0.000,4,W,0,,,,450866,149.59,0
270,613.794,"Mount",-0.011,0.023,-0.026,-0.001,0.033,0.000,19,W,0,,,,449070,153.64,0
271,615.996,"Mount",-0.152,0.058,-0.121,0.108,-0.017,0.039,10,E,17,S,,,465733,152.61,0
272,618.397,"Mount",-0.140,-0.084,0.010,0.164,0.060,0.060,34,W,26,S,,,480808,153.70,0
273,620.645,"Mount",-0.016,-0.110,0.090,0.065,0.115,0.026,66,W,11,S,,,453832,133.83,0
274,623.001,"Mount",-0.063,-0.003,-0.026,0.057,0.057,0.000,32,W,0,,,,455308,155.10,0
275,627.521,"Mount",0.007,-0.154,0.140,0.065,0.147,0.023,84,W,10,S,,,445569,141.77,0
276,629.679,"Mount",0.089,-0.147,0.171,-0.011,0.145,0.000,83,W,0,,,,473139,137.83,0
277,632.024,"Mount",0.057,-0.054,0.074,-0.026,0.110,0.000,63,W,0,,,,423984,122.28,0
278,634.230,"Mount",0.061,-0.133,0.146,0.007,0.146,0.000,84,W,0,,,,469287,152.47,0
279,636.662,"Mount",0.024,-0.249,0.232,0.094,0.209,0.034,119,W,14,S,,,443089,136.18,0
280,638.816,"Mount",0.005,-0.111,0.101,0.046,0.159,0.000,91,W,0,,,,445314,137.36,0
281,641.304,"Mount",0.098,-0.197,0.220,0.004,0.233,0.000,133,W,0,,,,459404,144.31,0
282,643.517,"Mount",0.049,-0.111,0.122,0.008,0.191,0.000,109,W,0,,,,452234,138.56,0
283,645.950,"Mount",-0.020,0.027,-0.033,0.005,0.148,0.000,85,W,0,,,,473546,145.78,0
284,648.101,"Mount",0.004,0.094,-0.082,-0.046,0.098,0.000,56,W,0,,,,451810,143.66,0
285,650.581,"Mount",-0.139,-0.030,-0.037,0.137,0.119,0.049,68,W,21,S,,,440505,135.89,0
286,652.706,"Mount",-0.146,0.075,-0.134,0.095,0.013,0.036,8,W,15,S,,,466139,137.71,0
287,655.032,"Mount",-0.041,0.034,-0.049,0.021,0.044,0.000,25,W,0,,,,470461,141.71,0
288,657.169,"Mount",-0.012,0.060,-0.059,-0.017,-0.033,0.000,19,E,0,,,,452665,153.42,0
289,659.584,"Mount",-0.091,0.140,-0.166,0.016,-0.119,0.000,68,E,0,,,,444605,136.78,0
290,661.783,"Mount",-0.073,0.060,-0.087,0.037,-0.097,0.000,56,E,0,,,,481490,170.34,0
291,664.187,"Mount",-0.129,-0.051,-0.014,0.138,-0.083,0.050,48,E,21,S,,,453200,131.03,0
292,666.358,"Mount",-0.082,-0.012,-0.027,0.078,-0.070,0.030,40,E,13,S,,,427873,143.36,0
293,668.670,"Mount",-0.029,0.059,-0.066,-0.001,-0.099,0.000,56,E,0,,,,469199,142.87,0
294,670.783,"Mount",-0.047,0.051,-0.067,0.018,-0.080,0.000,46,E,0,,,,431583,139.10,0
295,673.094,"Mount",0.043,-0.049,0.063,-0.016,-0.013,0.000,8,E,0,,,,465107,177.88,0
296,675.143,"Mount",-0.039,-0.035,0.013,0.051,-0.020,0.000,11,E,0,,,,459131,149.69,0
297,677.483,"Mount",-0.057,-0.096,0.059,0.095,-0.008,0.034,5,E,15,S,,,445831,141.12,0
298,679.567,"Mount",0.117,-0.110,0.152,-0.053,0.072,0.000,41,W,0,,,,433363,135.14,0
299,681.920,"Mount",0.083,-0.152,0.173,-0.004,0.099,0.000,57,W,0,,,,456689,132.66,0
300,684.116,"Mount",0.016,-0.187,0.174,0.072,0.113,0.026,64,W,11,S,,,428807,125.75,0
301,686.488,"Mount",0.083,-0.150,0.171,-0.004,0.127,0.000,73,W,0,,,,440489,133.03,0
302,688.700,"Mount",0.130,-0.090,0.139,-0.074,0.130,-0.027,74,W,11,N,,,452157,145.27,0
303,691.120,"Mount",0.080,-0.175,0.192,0.010,0.183,0.000,104,W,0,,,,432988,129.78,0
304,693.388,"Mount",-0.040,-0.161,0.124,0.110,0.173,0.040,99,W,17,S,,,449638,147.13,0
305,695.832,"Mount",0.046,-0.166,0.168,0.036,0.225,0.000,128,W,0,,,,461636,124.92,0
306,698.066,"Mount",-0.016,-0.112,0.092,0.066,0.207,0.024,118,W,10,S,,,459424,155.36,0
307,700.506,"Mount",-0.021,0.028,-0.035,0.006,0.187,0.000,107,W,0,,,,461503,166.98,0
308,702.676,"Mount",0.008,0.049,-0.040,-0.030,0.163,0.000,93,W,0,,,,458060,148.08,0
309,705.109,"Mount",0.114,-0.063,0.109,-0.072,0.207,-0.026,119,W,11,N,,,454261,151.32,0
310,707.325,"Mount",-0.020,-0.111,0.090,0.069,0.157,0.024,90,W,10,S,,,463370,146.65,0
311,709.708,"Mount",0.035,-0.007,0.022,-0.028,0.094,0.000,54,W,0,,,,442914,138.26,0
312,711.863,"Mount",0.030,-0.022,0.033,-0.016,0.084,0.000,48,W,0,,,,462622,163.42,0
313,714.249,"Mount",0.031,-0.001,0.015,-0.027,0.058,0.000,33,W,0,,,,431770,155.10,0
314,716.339,"Mount",0.054,-0.085,0.100,-0.009,0.099,0.000,56,W,0,,,,465964,159.25,0
315,718.677,"Mount",0.092,-0.143,0.169,-0.015,0.112,0.000,64,W,0,,,,464891,147.26,0
316,720.879,"Mount",0.085,-0.191,0.209,0.013,0.140,0.000,80,W,0,,,,450796,135.55,0
317,723.207,"Mount",0.010,-0.067,0.064,0.021,0.075,0.000,43,W,0,,,,451557,154.63,0
318,725.358,"Mount",-0.017,0.030,-0.034,0.002,0.046,0.000,27,W,0,,,,455676,152.17,0
319,727.719,"Mount",0.003,-0.047,0.043,0.019,0.072,0.000,41,W,0,,,,460363,146.74,0
320,729.905,"Mount",-0.116,-0.059,-0.001,0.130,0.079,0.047,45,W,20,S,,,485406,162.00,0
321,732.292,"Mount",-0.168,-0.099,0.010,0.195,0.040,0.072,23,W,31,S,,,458522,141.61,0
322,734.474,"Mount",-0.139,-0.046,-0.023,0.144,0.033,0.055,19,W,23,S,,,461238,141.53,0
323,736.885,"Mount",-0.095,0.003,-0.047,0.083,0.005,0.032,3,W,14,S,,,452952,133.07,0
324,739.099,"Mount",-0.072,-0.069,0.029,0.095,-0.011,0.036,6,E,15,S,,,438002,126.01,0
325,741.439,"Mount",0.106,0.001,0.047,-0.095,-0.016,-0.033,9,E,14,N,,,455833,136.61,0
326,743.545,"Mount",0.026,-0.051,0.058,0.000,-0.027,0.000,15,E,0,,,,453750,151.18,0
327,745.811,"Mount",-0.004,0.009,-0.010,-0.001,-0.014,0.000,8,E,0,,,,466547,160.91,0
328,747.919,"Mount",-0.028,-0.071,0.050,0.058,-0.017,0.000,10,E,0,,,,453872,161.50,0
329,750.210,"Mount",-0.005,0.025,-0.025,-0.007,-0.017,0.000,10,E,0,,,,466061,141.16,0
330,752.305,"Mount",-0.028,0.016,-0.027,0.017,-0.009,0.000,5,E,0,,,,472509,145.05,0
331,754.687,"Mount",-0.107,0.040,-0.085,0.077,-0.042,0.028,24,E,12,S,,,446637,134.55,0
332,756.823,"Mount",0.097,-0.028,0.070,-0.073,0.032,-0.025,18,W,11,N,,,478295,148.27,0
333,759.115,"Mount",0.017,0.023,-0.013,-0.025,0.006,0.000,4,W,0,,,,442179,142.67,0
334,761.208,"Mount",0.030,0.025,-0.009,-0.038,0.006,0.000,3,W,0,,,,458189,160.13,0
335,763.566,"Mount",-0.102,0.060,-0.100,0.063,-0.042,0.023,24,E,10,S,,,478044,157.13,0
336,765.657,"Mount",-0.086,0.039,-0.074,0.058,-0.043,0.000,25,E,0,,,,471482,178.55,0
337,767.985,"Mount",-0.039,0.030,-0.045,0.021,-0.021,0.000,12,E,0,,,,453173,144.47,0
338,770.122,"Mount",-0.103,0.040,-0.083,0.073,-0.068,0.026,39,E,11,S,,,448092,134.82,0
339,772.476,"Mount",0.011,0.036,-0.027,-0.026,-0.051,0.000,29,E,0,,,,461062,145.77,0
340,774.583,"Mount",-0.044,-0.015,-0.007,0.046,-0.058,0.000,33,E,0,,,,432193,133.17,0
341,776.934,"Mount",-0.011,0.001,-0.006,0.009,-0.055,0.000,31,E,0,,,,439159,120.16,0
342,779.118,"Mount",-0.127,-0.082,0.014,0.151,-0.052,0.054,30,E,23,S,,,453397,141.74,0
343,781.439,"Mount",0.040,-0.084,0.093,0.003,0.005,0.000,3,W,0,,,,463278,139.46,0
344,783.575,"Mount",0.014,-0.013,0.018,-0.006,-0.025,0.000,14,E,0,,,,476924,163.56,0
345,785.959,"Mount",-0.058,-0.077,0.042,0.087,-0.006,0.031,4,E,13,S,,,465120,140.22,0
346,788.077,"Mount",0.048,-0.023,0.043,-0.032,0.006,0.000,4,W,0,,,,443259,155.03,0
347,790.402,"Mount",0.019,0.000,0.008,-0.017,0.020,0.000,11,W,0,,,,467375,158.04,0
348,792.528,"Mount",-0.065,-0.005,-0.025,0.060,0.022,0.000,12,W,0,,,,487680,165.62,0
349,794.902,"Mount",0.070,-0.135,0.152,0.000,0.097,0.000,56,W,0,,,,455200,131.82,0
350,797.042,"Mount",-0.087,-0.055,0.009,0.102,0.024,0.037,14,W,16,S,,,455953,156.43,0
351,799.473,"Mount",-0.137,-0.030,-0.037,0.136,0.024,0.050,14,W,22,S,,,419065,127.08,0
352,801.675,"Mount",-0.040,-0.077,0.050,0.071,0.027,0.028,15,W,12,S,,,460818,138.62,0
353,804.078,"Mount",-0.045,-0.139,0.103,0.104,0.068,0.039,39,W,17,S,,,448710,137.80,0
354,806.215,"Mount",0.090,-0.095,0.126,-0.036,0.072,0.000,41,W,0,,,,462843,166.86,0
355,808.618,"Mount",0.077,-0.013,0.047,-0.062,0.009,-0.022,5,W,10,N,,,445383,141.40,0
356,810.832,"Mount",-0.048,-0.224,0.177,0.146,0.095,0.052,55,W,22,S,,,470860,146.20,0
357,813.121,"Mount",-0.008,-0.023,0.017,0.018,0.011,0.000,6,W,0,,,,452924,134.28,0
358,815.240,"Mount",-0.068,0.018,-0.048,0.052,0.005,0.000,3,W,0,,,,463639,147.18,0
359,817.549,"Mount",0.047,-0.088,0.100,-0.001,0.050,0.000,28,W,0,,,,473441,132.05,0
360,819.688,"Mount",-0.015,-0.005,-0.002,0.015,-0.003,0.000,2,E,0,,,,448188,129.07,0
361,821.985,"Mount",-0.035,-0.025,0.006,0.043,-0.024,0.000,14,E,0,,,,456782,131.71,0
362,824.106,"Mount",-0.018,-0.002,-0.006,0.017,-0.039,0.000,22,E,0,,,,443705,147.82,0
363,826.415,"Mount",0.013,-0.017,0.021,-0.003,-0.066,0.000,38,E,0,,,,453724,135.73,0
364,828.524,"Mount",-0.010,-0.047,0.037,0.031,-0.087,0.000,50,E,0,,,,464515,163.59,0
365,830.911,"Mount",-0.031,0.067,-0.073,-0.004,-0.146,0.000,83,E,0,,,,466736,142.72,0
366,833.171,"Mount",-0.172,0.024,-0.101,0.141,-0.179,0.051,102,E,22,S,,,453645,132.39,0
367,835.610,"Mount",-0.099,0.072,-0.110,0.055,-0.213,0.000,122,E,0,,,,457414,123.79,0
368,837.858,"Mount",-0.056,0.052,-0.072,0.026,-0.206,0.000,118,E,0,,,,455665,138.39,0
369,840.382,"Mount",-0.080,0.015,-0.050,0.064,-0.182,0.023,104,E,10,S,,,455437,137.93,0
370,842.673,"Mount",0.063,0.108,-0.067,-0.106,-0.196,-0.037,112,E,16,N,,,443507,134.40,0
371,845.096,"Mount",-0.022,-0.053,0.037,0.044,-0.155,0.000,88,E,0,,,,459061,138.32,0
372,847.406,"Mount",-0.096,0.009,-0.052,0.081,-0.115,0.029,66,E,12,S,,,457169,147.15,0
373,849.730,"Mount",0.034,-0.004,0.019,-0.029,-0.093,0.000,53,E,0,,,,468536,158.88,0
374,851.930,"Mount",0.033,0.077,-0.054,-0.065,-0.067,-0.023,38,E,10,N,,,430491,145.60,0
375,854.299,"Mount",-0.066,-0.075,0.036,0.093,-0.051,0.033,29,E,14,S,,,488049,149.33,0
376,856.465,"Mount",-0.041,-0.058,0.033,0.063,-0.048,0.024,27,E,10,S,,,449994,143.73,0
377,858.809,"Mount",0.041,0.012,0.008,-0.042,-0.043,0.000,25,E,0,,,,456452,142.13,0
378,860.915,"Mount",0.008,0.005,-0.001,-0.009,-0.048,0.000,27,E,0,,,,454458,144.87,0
379,863.319,"Mount",-0.064,-0.012,-0.019,0.062,-0.054,0.022,31,E,10,S,,,462543,137.54,0
380,865.488,"Mount",0.144,-0.021,0.085,-0.118,-0.022,-0.041,13,E,18,N,,,469932,156.41,0
381,867.842,"Mount",0.020,-0.067,0.069,0.013,-0.044,0.000,25,E,0,,,,461049,146.34,0
382,869.994,"Mount",-0.032,-0.164,0.131,0.104,-0.020,0.038,11,E,16,S,,,463462,141.35,0
383,872.272,"Mount",0.035,-0.127,0.129,0.027,-0.004,0.000,2,E,0,,,,444481,140.66,0
384,874.381,"Mount",0.003,0.005,-0.003,-0.005,-0.065,0.000,37,E,0,,,,434778,127.56,0
385,876.767,"Mount",0.134,0.062,0.006,-0.147,-0.066,-0.053,38,E,23,N,,,445633,146.31,0
386,878.934,"Mount",0.002,-0.031,0.028,0.012,-0.081,0.000,47,E,0,,,,466945,170.69,0
387,881.374,"Mount",-0.061,-0.037,0.005,0.071,-0.116,0.026,66,E,11,S,,,465390,140.50,0
388,883.559,"Mount",-0.039,0.045,-0.057,0.014,-0.134,0.000,77,E,0,,,,467563,153.55,0
389,886.103,"Mount",-0.124,0.083,-0.130,0.071,-0.232,0.026,133,E,11,S,,,486131,156.12,0
390,888.428,"Mount",-0.051,0.086,-0.100,0.005,-0.240,0.000,137,E,0,,,,457091,134.97,0
391,890.835,"Mount",-0.044,0.091,-0.101,-0.003,-0.265,0.000,152,E,0,,,,452414,136.44,0
392,893.146,"Mount",0.032,0.098,-0.073,-0.073,-0.272,-0.026,155,E,11,N,,,460536,149.72,0
393,895.629,"Mount",-0.095,0.103,-0.135,0.036,-0.318,0.000,182,E,0,,,,427916,123.82,0
394,897.955,"Mount",-0.102,0.066,-0.105,0.060,-0.274,0.022,157,E,9,S,,,469357,143.67,0
395,900.406,"Mount",-0.054,0.078,-0.094,0.012,-0.268,0.000,153,E,0,,,,468266,150.56,0
396,902.716,"Mount",-0.159,0.072,-0.137,0.108,-0.251,0.039,143,E,17,S,,,455503,142.40,0
397,905.085,"Mount",0.011,0.034,-0.025,-0.026,-0.180,0.000,103,E,0,,,,466025,162.40,0
398,907.224,"Mount",-0.040,0.044,-0.057,0.015,-0.156,0.000,89,E,0,,,,452656,140.69,0
399,909.581,"Mount",0.024,0.070,-0.051,-0.054,-0.151,0.000,86,E,0,,,,423559,121.54,0
400,911.797,"Mount",-0.129,0.003,-0.062,0.113,-0.171,0.041,98,E,17,S,,,459617,143.52,0
401,914.206,"Mount",-0.039,0.055,-0.066,0.009,-0.174,0.000,99,E,0,,,,476343,149.52,0
402,916.375,"Mount",-0.078,0.064,-0.093,0.040,-0.200,0.000,114,E,0,,,,446564,132.77,0
403,918.846,"Mount",-0.143,0.051,-0.111,0.104,-0.213,0.037,122,E,16,S,,,455919,130.09,0
404,921.032,"Mount",0.012,0.041,-0.031,-0.030,-0.184,0.000,105,E,0,,,,478569,144.42,0
405,923.500,"Mount",0.024,0.024,-0.010,-0.033,-0.185,0.000,106,E,0,,,,450700,137.76,0
406,925.684,"Mount",0.028,-0.059,0.065,0.002,-0.136,0.000,78,E,0,,,,469218,142.76,0
407,928.114,"Mount",0.015,-0.177,0.164,0.068,-0.080,0.024,46,E,10,S,,,449304,138.86,0
408,930.327,"Mount",0.055,-0.224,0.224,0.054,-0.028,0.000,16,E,0,,,,460787,146.87,0
409,932.608,"Mount",0.037,-0.095,0.102,0.011,-0.008,0.000,5,E,0,,,,460323,147.52,0
410,934.756,"Mount",0.030,-0.068,0.074,0.005,-0.003,0.000,2,E,0,,,,453788,151.78,0
411,937.096,"Mount",-0.104,-0.087,0.030,0.133,-0.004,0.048,2,E,20,S,,,467226,160.89,0
412,939.310,"Mount",-0.186,0.033,-0.115,0.150,-0.049,0.056,28,E,24,S,,,452650,130.87,0
413,941.712,"Mount",-0.119,0.014,-0.067,0.099,-0.047,0.038,27,E,16,S,,,434816,135.80,0
414,943.862,"Mount",-0.121,-0.046,-0.015,0.128,-0.018,0.048,10,E,20,S,,,433302,136.06,0
415,946.283,"Mount",-0.080,0.195,-0.210,-0.019,-0.160,0.000,91,E,0,,,,421530,122.05,0
416,948.522,"Mount",-0.168,0.120,-0.184,0.093,-0.151,0.034,86,E,14,S,,,441738,126.27,0
417,950.953,"Mount",-0.047,0.171,-0.173,-0.037,-0.175,0.000,100,E,0,,,,444077,148.84,0
418,953.151,"Mount",-0.080,0.002,-0.038,0.070,-0.095,0.025,54,E,11,S,,,457926,145.03,0
419,955.506,"Mount",0.015,-0.012,0.017,-0.008,-0.095,0.000,54,E,0,,,,455481,126.08,0
420,957.614,"Mount",0.058,-0.078,0.095,-0.015,-0.043,0.000,25,E,0,,,,442735,141.21,0
421,959.937,"Mount",0.049,-0.208,0.207,0.052,0.023,0.000,13,W,0,,,,458800,153.84,0
422,962.139,"Mount",0.007,-0.223,0.202,0.096,0.084,0.035,48,W,15,S,,,455706,160.22,0
423,964.512,"Mount",0.031,-0.182,0.176,0.057,0.100,0.000,57,W,0,,,,429573,133.03,0
424,966.639,"Mount",0.097,-0.086,0.120,-0.046,0.125,0.000,72,W,0,,,,466238,132.04,0
425,969.076,"Mount",0.022,-0.034,0.040,-0.004,0.097,0.000,55,W,0,,,,449468,142.65,0
426,971.298,"Mount",-0.053,0.048,-0.067,0.025,0.077,0.000,44,W,0,,,,444059,144.41,0
427,973.689,"Mount",0.087,-0.080,0.111,-0.040,0.177,0.000,101,W,0,,,,472355,163.99,0
428,975.921,"Mount",0.136,-0.130,0.178,-0.061,0.188,-0.022,107,W,9,N,,,440471,137.45,0
429,978.392,"Mount",0.114,-0.023,0.073,-0.091,0.156,-0.034,89,W,14,N,,,434781,138.83,0
430,980.578,"Mount",0.013,0.046,-0.035,-0.033,0.122,0.000,70,W,0,,,,437367,135.44,0
431,982.976,"Mount",-0.019,0.015,-0.022,0.010,0.133,0.000,76,W,0,,,,452696,144.57,0
432,985.249,"Mount",-0.032,-0.154,0.122,0.099,0.183,0.036,105,W,15,S,,,443046,144.98,0
433,987.653,"Mount",-0.069,-0.041,0.004,0.080,0.105,0.030,60,W,13,S,,,467118,147.06,0
434,989.864,"Mount",-0.073,-0.077,0.035,0.100,0.098,0.037,56,W,16,S,,,456063,131.77,0
435,992.313,"Mount",-0.039,-0.117,0.086,0.089,0.135,0.033,77,W,14,S,,,462386,145.57,0
436,994.516,"Mount",0.062,0.043,-0.010,-0.074,0.084,-0.025,48,W,11,N,,,452802,134.51,0
437,996.944,"Mount",-0.060,-0.046,0.013,0.074,0.089,0.026,51,W,11,S,,,443717,122.63,0
438,999.130,"Mount",-0.059,-0.068,0.033,0.084,0.065,0.031,37,W,13,S,,,449772,146.63,0
439,1001.472,"Mount",-0.029,0.044,-0.053,0.005,0.053,0.000,30,W,0,,,,468804,134.77,0
440,1003.591,"Mount",-0.067,-0.000,-0.031,0.059,0.026,0.000,15,W,0,,,,481828,167.71,0
441,1005.927,"Mount",-0.037,0.072,-0.081,-0.000,-0.033,0.000,19,E,0,,,,474567,147.14,0
442,1008.037,"Mount",-0.020,0.021,-0.028,0.007,-0.016,0.000,9,E,0,,,,454584,142.34,0
443,1010.397,"Mount",-0.047,-0.051,0.024,0.065,-0.030,0.023,17,E,10,S,,,470969,148.60,0
444,1012.529,"Mount",0.058,-0.015,0.040,-0.044,-0.042,0.000,24,E,0,,,,464489,144.89,0
445,1014.897,"Mount",0.128,-0.053,0.107,-0.089,0.010,-0.032,6,W,14,N,,,462634,152.43,0
446,1017.047,"Mount",0.004,0.023,-0.018,-0.014,-0.037,0.000,21,E,0,,,,441607,137.57,0
447,1019.312,"Mount",0.007,0.021,-0.016,-0.016,-0.015,0.000,9,E,0,,,,443564,148.03,0
448,1021.355,"Mount",0.034,-0.023,0.036,-0.020,0.000,0.000,0,,0,,,,445378,138.08,0
449,1023.718,"Mount",0.047,0.016,0.008,-0.049,0.017,0.000,10,W,0,,,,467335,145.82,0
450,1025.809,"Mount",-0.044,0.006,-0.025,0.037,0.032,0.000,18,W,0,,,,453950,142.02,0
451,1028.148,"Mount",-0.050,0.014,-0.035,0.038,0.048,0.000,27,W,0,,,,466563,138.45,0
452,1030.313,"Mount",-0.093,0.036,-0.075,0.066,0.012,0.024,7,W,10,S,,,459424,131.58,0
453,1032.715,"Mount",-0.022,-0.128,0.103,0.079,0.099,0.029,57,W,13,S,,,462739,131.65,0
454,1034.885,"Mount",0.042,-0.193,0.191,0.051,0.140,0.000,80,W,0,,,,426194,120.32,0
455,1037.304,"Mount",-0.048,-0.132,0.095,0.103,0.114,0.037,65,W,16,S,,,456963,147.57,0
456,1039.489,"Mount",-0.063,-0.083,0.045,0.094,0.088,0.035,50,W,15,S,,,474152,155.48,0
457,1041.892,"Mount",0.074,-0.088,0.112,-0.025,0.165,0.000,94,W,0,,,,469385,169.79,0
458,1044.187,"Mount",-0.017,-0.094,0.076,0.058,0.162,0.000,93,W,0,,,,451782,133.48,0
459,1046.667,"Mount",-0.092,-0.157,0.097,0.154,0.196,0.056,112,W,24,S,,,463496,142.70,0
460,1048.911,"Mount",0.037,-0.121,0.124,0.024,0.222,0.000,127,W,0,,,,458086,135.30,0
461,1051.393,"Mount",-0.070,-0.053,0.015,0.086,0.185,0.031,106,W,13,S,,,459731,127.20,0
462,1053.565,"Mount",0.025,-0.065,0.069,0.008,0.211,0.000,121,W,0,,,,469879,146.27,0
463,1056.048,"Mount",-0.134,-0.005,-0.057,0.121,0.177,0.043,101,W,19,S,,,469349,157.59,0
464,1058.298,"Mount",-0.089,-0.075,0.026,0.114,0.154,0.043,88,W,18,S,,,452780,151.47,0
465,1060.841,"Mount",-0.149,-0.029,-0.043,0.145,0.130,0.054,75,W,23,S,,,454756,150.34,0
466,1062.992,"Mount",-0.057,0.029,-0.052,0.037,0.091,0.000,52,W,0,,,,451512,139.76,0
467,1065.389,"Mount",-0.110,0.016,-0.065,0.090,0.033,0.032,19,W,14,S,,,453657,145.59,0
468,1067.449,"Mount",-0.067,0.035,-0.061,0.043,-0.003,0.000,1,E,0,,,,474559,152.90,0
469,1069.793,"Mount",-0.036,-0.065,0.041,0.062,0.012,0.022,7,W,9,S,,,438913,136.38,0
470,1071.936,"Mount",-0.146,-0.042,-0.030,0.149,0.004,0.055,2,W,23,S,,,444248,140.50,0
471,1074.323,"Mount",-0.154,-0.044,-0.032,0.157,0.004,0.059,2,W,25,S,,,456275,143.51,0
472,1076.522,"Mount",-0.083,-0.123,0.071,0.130,0.059,0.049,34,W,21,S,,,461117,136.13,0
473,1078.929,"Mount",-0.053,-0.064,0.032,0.077,0.030,0.030,17,W,13,S,,,449863,140.68,0
474,1081.128,"Mount",-0.085,-0.031,-0.012,0.089,0.047,0.033,27,W,14,S,,,457948,147.81,0
475,1083.469,"Mount",-0.043,-0.033,0.010,0.053,0.046,0.000,26,W,0,,,,473096,145.15,0
476,1085.592,"Mount",0.024,-0.089,0.090,0.019,0.078,0.000,45,W,0,,,,438491,138.78,0
477,1087.903,"Mount",-0.074,0.032,-0.062,0.051,-0.002,0.000,1,E,0,,,,452099,163.90,0
478,1090.081,"Mount",-0.143,0.053,-0.113,0.103,-0.034,0.037,19,E,16,S,,,468482,160.91,0
479,1092.406,"Mount",-0.031,-0.026,0.009,0.040,0.002,0.000,1,W,0,,,,450312,133.21,0
480,1094.569,"Mount",-0.121,0.002,-0.058,0.107,-0.006,0.038,3,E,16,S,,,454153,132.74,0
481,1096.929,"Mount",-0.087,0.106,-0.135,0.028,-0.083,0.000,48,E,0,,,,432824,133.46,0
482,1099.045,"Mount",-0.048,0.001,-0.024,0.042,-0.024,0.000,14,E,0,,,,419015,119.94,0
483,1101.537,"Mount",-0.080,-0.029,-0.011,0.084,-0.028,0.030,16,E,13,S,,,469521,145.61,0
484,1103.658,"Mount",0.005,-0.039,0.037,0.014,-0.025,0.000,14,E,0,,,,479379,166.08,0
485,1106.032,"Mount",-0.060,-0.022,-0.008,0.064,-0.010,0.023,6,E,10,S,,,468295,141.81,0
486,1108.188,"Mount",0.074,0.025,0.012,-0.078,-0.009,-0.027,5,E,12,N,,,431830,134.62,0
487,1110.561,"Mount",-0.078,-0.174,0.119,0.150,0.042,0.053,24,W,23,S,,,447625,133.55,0
488,1112.632,"Mount",-0.067,0.003,-0.034,0.058,-0.010,0.000,6,E,0,,,,492491,177.07,0
489,1115.044,"Mount",-0.037,-0.091,0.064,0.075,0.012,0.027,7,W,12,S,,,438661,126.64,0
490,1117.204,"Mount",-0.134,-0.065,-0.004,0.149,-0.022,0.055,13,E,23,S,,,448471,145.82,0
491,1119.611,"Mount",-0.091,-0.048,0.001,0.102,-0.032,0.039,19,E,17,S,,,468451,141.80,0
492,1121.860,"Mount",-0.322,0.076,-0.216,0.250,-0.132,0.092,76,E,39,S,,,470178,159.36,0
493,1124.176,"Mount",0.030,-0.079,0.084,0.009,-0.003,0.000,2,E,0,,,,452457,152.83,0
494,1126.331,"Mount",-0.041,-0.070,0.044,0.069,-0.046,0.025,26,E,11,S,,,464309,144.45,0
495,1128.649,"Mount",-0.024,-0.065,0.046,0.051,-0.044,0.000,25,E,0,,,,471573,148.59,0
496,1130.770,"Mount",0.018,-0.148,0.140,0.052,0.036,0.000,20,W,0,,,,450494,138.55,0
497,1133.141,"Mount",-0.106,-0.043,-0.010,0.114,-0.019,0.041,11,E,18,S,,,440126,151.04,0
498,1135.293,"Mount",-0.081,-0.002,-0.036,0.073,-0.008,0.028,4,E,12,S,,,474820,140.24,0
499,1137.614,"Mount",-0.066,0.111,-0.128,0.007,-0.052,0.000,30,E,0,,,,436158,132.53,0
500,1139.772,"Mount",-0.227,-0.037,-0.072,0.219,-0.017,0.079,10,E,34,S,,,494330,165.63,0
501,1142.167,"Mount",-0.141,0.056,-0.115,0.100,-0.034,0.039,19,E,17,S,,,456450,131.95,0
502,1144.263,"Mount",-0.028,0.035,-0.044,0.009,0.023,0.000,13,W,0,,,,462940,137.40,0
503,1146.617,"Mount",0.012,-0.114,0.107,0.042,0.073,0.000,42,W,0,,,,434345,125.92,0
504,1148.784,"Mount",-0.082,-0.110,0.060,0.124,0.052,0.045,30,W,19,S,,,461336,149.21,0
505,1151.201,"Mount",-0.076,-0.085,0.040,0.107,0.032,0.040,18,W,17,S,,,452667,141.21,0
506,1153.403,"Mount",-0.047,-0.106,0.073,0.091,0.060,0.034,34,W,15,S,,,440996,160.44,0
507,1155.764,"Mount",0.001,-0.107,0.096,0.049,0.075,0.000,43,W,0,,,,465736,153.68,0
508,1157.869,"Mount",-0.008,0.028,-0.028,-0.005,0.025,0.000,14,W,0,,,,457720,163.77,0
509,1160.206,"Mount",0.007,0.072,-0.060,-0.039,-0.010,0.000,6,E,0,,,,460822,144.21,0
510,1162.271,"Mount",-0.012,-0.005,-0.001,0.013,0.011,0.000,6,W,0,,,,460985,149.94,0
511,1164.577,"Mount",-0.033,-0.020,0.002,0.039,0.002,0.000,1,W,0,,,,452004,158.44,0
512,1166.640,"Mount",0.013,-0.024,0.027,-0.000,-0.015,0.000,9,E,0,,,,446290,147.53,0
513,1169.029,"Mount",-0.078,0.061,-0.090,0.040,-0.070,0.000,40,E,0,,,,457656,142.54,0
514,1171.339,"Mount",-0.171,0.064,-0.136,0.122,-0.104,0.044,59,E,19,S,,,459451,161.03,0
515,1173.670,"Mount",0.002,0.020,-0.017,-0.011,-0.063,0.000,36,E,0,,,,461559,149.60,0
516,1175.794,"Mount",-0.060,0.050,-0.072,0.030,-0.118,0.000,68,E,0,,,,487251,158.54,0
517,1178.209,"Mount",-0.029,0.083,-0.087,-0.013,-0.150,0.000,86,E,0,,,,455830,147.56,0
518,1180.346,"Mount",0.043,-0.004,0.023,-0.036,-0.126,0.000,72,E,0,,,,448213,126.34,0
519,1182.722,"Mount",-0.063,0.043,-0.067,0.036,-0.175,0.000,100,E,0,,,,453847,150.78,0
520,1184.922,"Mount",-0.058,0.020,-0.045,0.042,-0.155,0.000,89,E,0,,,,465408,152.59,0
521,1187.295,"Mount",-0.023,0.039,-0.046,0.003,-0.157,0.000,90,E,0,,,,452561,138.66,0
522,1189.559,"Mount",-0.100,0.035,-0.077,0.073,-0.189,0.026,108,E,11,S,,,463132,159.91,0
523,1192.024,"Mount",-0.180,-0.114,0.018,0.213,-0.155,0.078,88,E,33,S,,,435047,146.13,0
524,1194.269,"Mount",-0.109,-0.081,0.022,0.134,-0.137,0.051,78,E,22,S,,,464337,145.28,0
525,1196.654,"Mount",-0.067,0.015,-0.044,0.052,-0.129,0.000,74,E,0,,,,458250,127.77,0
526,1198.920,"Mount",-0.114,-0.093,0.030,0.144,-0.103,0.052,59,E,22,S,,,450773,142.82,0
527,1201.278,"Mount",0.143,-0.086,0.142,-0.087,-0.030,-0.029,17,E,13,N,,,437523,132.88,0
528,1203.411,"Mount",-0.013,-0.048,0.036,0.034,-0.070,0.000,40,E,0,,,,452434,146.92,0
529,1205.763,"Mount",0.040,-0.008,0.026,-0.032,-0.048,0.000,27,E,0,,,,449796,142.49,0
530,1207.839,"Mount",0.056,-0.014,0.038,-0.043,-0.035,0.000,20,E,0,,,,431335,130.02,0
531,1210.136,"Mount",-0.005,-0.066,0.056,0.035,-0.031,0.000,18,E,0,,,,430799,128.01,0
532,1212.255,"Mount",-0.049,-0.120,0.084,0.099,0.012,0.036,7,W,15,S,,,451992,146.17,0
533,1214.551,"Mount",-0.033,-0.011,-0.005,0.035,-0.031,0.000,18,E,0,,,,467675,142.44,0
534,1216.661,"Mount",-0.046,0.073,-0.086,0.007,-0.069,0.000,39,E,0,,,,435928,149.42,0
535,1218.950,"Mount",-0.011,-0.015,0.009,0.017,-0.044,0.000,25,E,0,,,,441340,132.51,0
536,1221.086,"Mount",0.006,0.050,-0.042,-0.028,-0.070,0.000,40,E,0,,,,457750,152.77,0
537,1223.482,"Mount",-0.089,-0.013,-0.029,0.085,-0.091,0.030,52,E,13,S,,,443289,125.94,0
538,1225.653,"Mount",-0.034,0.107,-0.111,-0.019,-0.162,0.000,93,E,0,,,,445003,149.37,0
539,1228.060,"Mount",0.006,0.077,-0.065,-0.041,-0.163,0.000,93,E,0,,,,435716,137.01,0
540,1230.226,"Mount",0.012,-0.073,0.070,0.023,-0.113,0.000,65,E,0,,,,440999,152.44,0
541,1232.667,"Mount",-0.029,-0.024,0.008,0.036,-0.171,0.000,98,E,0,,,,444533,130.12,0
542,1234.850,"Mount",-0.023,0.133,-0.128,-0.041,-0.236,0.000,135,E,0,,,,467333,150.28,0
543,1237.245,"Mount",-0.016,0.039,-0.042,-0.004,-0.180,0.000,103,E,0,,,,447590,133.43,0
544,1239.434,"Mount",-0.069,0.034,-0.062,0.046,-0.211,0.000,121,E,0,,,,426223,138.63,0
545,1241.851,"Mount",-0.081,0.040,-0.073,0.054,-0.233,0.000,133,E,0,,,,423585,139.33,0
546,1244.205,"Mount",-0.341,0.006,-0.163,0.300,-0.274,0.108,157,E,46,S,,,451062,124.62,0
547,1246.845,"Mount",-0.241,0.067,-0.170,0.183,-0.304,0.070,174,E,30,S,,,474390,132.98,0
548,1249.062,"Mount",-0.082,0.093,-0.120,0.030,-0.277,0.000,159,E,0,,,,450278,145.63,0
549,1251.616,"Mount",-0.152,0.014,-0.083,0.128,-0.285,0.046,163,E,20,S,,,448315,130.72,0
550,1253.876,"Mount",0.002,-0.016,0.015,0.005,-0.239,0.000,137,E,0,,,,494438,160.98,0
551,1256.314,"Mount",-0.010,-0.052,0.041,0.033,-0.230,0.000,131,E,0,,,,450720,133.46,0
552,1258.511,"Mount",-0.015,-0.068,0.053,0.045,-0.210,0.000,120,E,0,,,,488184,188.16,0
553,1261.042,"Mount",0.076,-0.015,0.048,-0.060,-0.189,-0.022,108,E,9,N,,,463888,137.61,0
554,1263.231,"Mount",0.147,-0.112,0.167,-0.079,-0.089,-0.029,51,E,12,N,,,453023,152.66,0
555,1265.636,"Mount",-0.044,-0.022,-0.001,0.049,-0.148,0.000,85,E,0,,,,455422,143.84,0
556,1267.793,"Mount",-0.031,-0.011,-0.004,0.033,-0.117,0.000,67,E,0,,,,453442,136.10,0
557,1270.149,"Mount",-0.008,-0.020,0.014,0.016,-0.100,0.000,57,E,0,,,,454628,154.06,0
558,1272.226,"Mount",-0.051,-0.022,-0.004,0.055,-0.070,0.000,40,E,0,,,,442160,123.99,0
559,1274.645,"Mount",-0.118,0.084,-0.129,0.066,-0.117,0.024,67,E,10,S,,,447029,145.65,0
560,1276.813,"Mount",-0.105,0.103,-0.140,0.046,-0.126,0.000,72,E,0,,,,457130,139.55,0
561,1279.249,"Mount",-0.140,0.100,-0.153,0.078,-0.129,0.028,74,E,12,S,,,442569,134.94,0
562,1281.481,"Mount",-0.100,0.049,-0.089,0.066,-0.134,0.025,77,E,11,S,,,461553,138.50,0
563,1283.869,"Mount",-0.055,0.110,-0.123,-0.001,-0.155,0.000,89,E,0,,,,457375,135.29,0
564,1286.018,"Mount",0.022,-0.020,0.028,-0.010,-0.112,0.000,64,E,0,,,,446731,139.64,0
565,1288.343,"Mount",0.078,-0.031,0.064,-0.055,-0.088,0.000,50,E,0,,,,467240,143.35,0
566,1290.542,"Mount",-0.005,-0.121,0.105,0.060,-0.065,0.022,37,E,9,S,,,434075,136.62,0
567,1293.036,"Mount",-0.065,-0.129,0.084,0.117,-0.062,0.043,36,E,18,S,,,466143,169.80,0
568,1295.220,"Mount",0.001,0.011,-0.009,-0.006,-0.091,0.000,52,E,0,,,,465622,139.09,0
569,1297.511,"Mount",0.058,-0.072,0.091,-0.019,-0.007,0.000,4,E,0,,,,454888,140.13,0
570,1299.630,"Mount",0.073,-0.029,0.059,-0.051,-0.035,0.000,20,E,0,,,,470082,149.91,0
571,1301.939,"Mount",-0.011,-0.097,0.081,0.055,0.017,0.000,10,W,0,,,,454340,133.03,0
572,1304.029,"Mount",0.060,-0.100,0.116,-0.007,0.048,0.000,27,W,0,,,,466110,146.46,0
573,1306.349,"Mount",-0.036,0.088,-0.094,-0.009,-0.046,0.000,27,E,0,,,,439083,155.40,0
574,1308.442,"Mount",0.024,0.033,-0.018,-0.036,0.013,0.000,7,W,0,,,,464021,154.87,0
575,1310.722,"Mount",0.051,-0.041,0.060,-0.026,0.042,0.000,24,W,0,,,,447958,140.36,0
576,1312.860,"Mount",0.053,-0.058,0.076,-0.020,0.066,0.000,38,W,0,,,,459473,138.25,0
577,1315.265,"Mount",-0.273,-0.127,-0.014,0.301,0.050,0.108,28,W,46,S,,,469662,136.84,0
578,1317.433,"Mount",-0.123,-0.069,0.004,0.141,0.060,0.055,34,W,24,S,,,475801,140.31,0
579,1319.809,"Mount",0.011,0.063,-0.051,-0.039,0.076,0.000,43,W,0,,,,436133,130.11,0
580,1321.959,"Mount",-0.032,-0.035,0.017,0.045,0.083,0.000,47,W,0,,,,456410,152.22,0
581,1324.378,"Mount",-0.121,-0.067,0.004,0.138,0.094,0.050,54,W,21,S,,,473121,151.26,0
582,1326.607,"Mount",0.088,-0.063,0.096,-0.049,0.143,0.000,82,W,0,,,,477129,137.73,0
583,1329.013,"Mount",0.066,-0.100,0.119,-0.013,0.164,0.000,94,W,0,,,,451408,136.56,0
584,1331.209,"Mount",0.053,-0.100,0.113,-0.001,0.173,0.000,99,W,0,,,,442641,124.59,0
585,1333.706,"Mount",0.147,-0.149,0.200,-0.062,0.224,-0.022,128,W,10,N,,,442964,132.69,0
586,1336.046,"Mount",-0.068,-0.119,0.075,0.115,0.184,0.041,105,W,17,S,,,467721,148.05,0
587,1338.392,"Mount",-0.003,0.100,-0.090,-0.043,0.115,0.000,66,W,0,,,,422510,131.75,0
588,1340.580,"Mount",0.027,-0.000,0.013,-0.024,0.142,0.000,81,W,0,,,,471377,172.11,0
589,1342.921,"Mount",-0.102,0.094,-0.130,0.047,0.069,0.000,39,W,0,,,,470452,157.10,0
590,1345.092,"Mount",-0.166,0.014,-0.089,0.141,0.063,0.051,36,W,22,S,,,446086,128.50,0
591,1347.413,"Mount",0.035,-0.019,0.033,-0.022,0.050,0.000,29,W,0,,,,477409,151.24,0
592,1349.517,"Mount",-0.009,0.112,-0.103,-0.044,-0.024,0.000,13,E,0,,,,472933,129.60,0
593,1351.854,"Mount",-0.031,-0.025,0.008,0.039,-0.005,0.000,3,E,0,,,,471455,141.21,0
594,1354.000,"Mount",0.134,-0.005,0.066,-0.116,0.004,-0.042,2,W,18,N,,,469913,140.92,0
595,1356.293,"Mount",-0.018,-0.052,0.038,0.040,-0.030,0.000,17,E,0,,,,465841,153.81,0
596,1358.467,"Mount",0.075,-0.010,0.043,-0.062,-0.039,-0.022,22,E,9,N,,,436912,125.35,0
597,1360.794,"Mount",0.097,-0.096,0.129,-0.042,0.033,0.000,19,W,0,,,,446850,129.51,0
598,1362.902,"Mount",0.051,-0.031,0.051,-0.031,-0.022,0.000,12,E,0,,,,454932,149.13,0
599,1365.233,"Mount",0.022,0.007,0.004,-0.023,-0.014,0.000,8,E,0,,,,455695,145.03,0
600,1367.320,"Mount",0.025,-0.083,0.085,0.016,0.038,0.000,22,W,0,,,,442183,136.26,0
601,1369.632,"Mount",0.039,0.050,-0.027,-0.058,0.015,0.000,9,W,0,,,,458344,142.23,0
602,1371.739,"Mount",-0.056,0.014,-0.038,0.043,0.018,0.000,10,W,0,,,,448717,130.96,0
603,1374.077,"Mount",-0.013,0.042,-0.043,-0.008,0.036,0.000,20,W,0,,,,466856,141.10,0
604,1376.391,"Mount",-0.632,-0.439,0.099,0.763,0.079,0.275,45,W,118,S,,,491252,140.91,0
605,1378.762,"Mount",0.019,0.045,-0.031,-0.037,0.056,0.000,32,W,0,,,,449326,147.95,0
606,1380.929,"Mount",0.055,0.084,-0.049,-0.087,0.070,-0.031,40,W,13,N,,,483794,153.27,0
607,1383.298,"Mount",0.027,-0.020,0.030,-0.015,0.078,0.000,44,W,0,,,,453196,129.32,0
608,1385.454,"Mount",-0.087,0.077,-0.108,0.042,0.038,0.000,22,W,0,,,,462393,140.32,0
609,1387.857,"Mount",0.106,-0.113,0.149,-0.042,0.174,0.000,100,W,0,,,,447781,130.83,0
610,1390.139,"Mount",0.053,-0.242,0.239,0.065,0.231,0.023,132,W,10,S,,,469672,136.52,0
611,1392.591,"Mount",0.110,-0.062,0.106,-0.068,0.191,-0.024,109,W,10,N,,,452304,134.37,0
612,1394.782,"Mount",0.017,-0.153,0.144,0.056,0.222,0.000,127,W,0,,,,455793,151.49,0
613,1397.287,"Mount",-0.048,-0.150,0.111,0.111,0.223,0.040,127,W,17,S,,,443091,139.29,0
614,1399.472,"Mount",-0.030,-0.035,0.017,0.043,0.172,0.000,98,W,0,,,,474523,155.58,0
615,1401.909,"Mount",0.035,-0.058,0.067,-0.005,0.203,0.000,116,W,0,,,,437746,141.95,0
616,1404.122,"Mount",-0.007,-0.028,0.022,0.019,0.152,0.000,87,W,0,,,,472639,147.25,0
617,1406.522,"Mount",-0.001,0.011,-0.010,-0.004,0.130,0.000,74,W,0,,,,437438,135.47,0
618,1408.657,"Mount",-0.042,-0.011,-0.010,0.042,0.102,0.000,58,W,0,,,,493174,156.67,0
619,1411.140,"Mount",-0.071,-0.078,0.036,0.099,0.080,0.036,46,W,15,S,,,466527,140.26,0
620,1413.334,"Mount",-0.003,-0.024,0.020,0.014,0.059,0.000,34,W,0,,,,449125,142.30,0
621,1415.658,"Mount",0.013,0.056,-0.044,-0.037,0.047,0.000,27,W,0,,,,436075,134.14,0
622,1417.767,"Mount",-0.028,0.023,-0.033,0.014,0.048,0.000,28,W,0,,,,449940,143.37,0
623,1420.141,"Mount",-0.074,0.006,-0.039,0.063,0.053,0.023,30,W,10,S,,,446914,123.69,0
624,1422.294,"Mount",0.055,0.091,-0.055,-0.091,0.033,-0.032,19,W,14,N,,,475266,162.61,0
625,1424.586,"Mount",-0.061,0.099,-0.116,0.008,-0.015,0.000,9,E,0,,,,468359,157.57,0
626,1426.663,"Mount",-0.053,-0.003,-0.022,0.049,0.029,0.000,16,W,0,,,,469558,138.68,0
627,1429.001,"Mount",0.014,-0.033,0.035,0.003,0.022,0.000,13,W,0,,,,462776,153.49,0
628,1431.076,"Mount",0.017,0.025,-0.015,-0.027,0.026,0.000,15,W,0,,,,462890,150.07,0
629,1433.374,"Mount",-0.024,0.039,-0.046,0.003,0.018,0.000,10,W,0,,,,455556,151.10,0
630,1435.465,"Mount",-0.024,-0.072,0.053,0.054,0.015,0.000,9,W,0,,,,454243,129.51,0
631,1437.754,"Mount",-0.002,0.024,-0.022,-0.009,0.006,0.000,3,W,0,,,,481655,156.85,0
632,1439.846,"Mount",-0.053,-0.025,-0.002,0.058,-0.008,0.000,5,E,0,,,,466815,134.34,0
633,1442.191,"Mount",-0.212,-0.053,-0.051,0.212,-0.013,0.076,7,E,33,S,,,459691,145.19,0
634,1444.364,"Mount",-0.154,-0.004,-0.068,0.138,-0.042,0.053,24,E,23,S,,,433691,126.29,0
635,1446.658,"Mount",-0.042,0.015,-0.033,0.030,-0.018,0.000,10,E,0,,,,440989,126.62,0
636,1448.703,"Mount",-0.019,0.003,-0.012,0.015,-0.015,0.000,8,E,0,,,,452256,135.96,0
637,1451.060,"Mount",-0.140,-0.051,-0.019,0.148,-0.011,0.053,6,E,23,S,,,455996,150.91,0
638,1453.120,"Mount",0.029,-0.023,0.033,-0.015,-0.010,0.000,6,E,0,,,,469501,147.90,0
639,1455.428,"Mount",-0.025,0.000,-0.012,0.022,-0.008,0.000,5,E,0,,,,435076,133.11,0
640,1457.486,"Mount",-0.020,-0.014,0.003,0.024,-0.004,0.000,2,E,0,,,,460773,143.21,0
641,1459.818,"Mount",-0.098,-0.023,-0.025,0.098,-0.010,0.035,6,E,15,S,,,454297,145.56,0
642,1462.013,"Mount",-0.114,0.063,-0.108,0.072,-0.061,0.027,35,E,12,S,,,478867,151.65,0
643,1464.320,"Mount",0.088,-0.093,0.123,-0.035,0.033,0.000,19,W,0,,,,441854,136.14,0
644,1466.476,"Mount",-0.062,-0.015,-0.015,0.062,-0.031,0.022,18,E,10,S,,,445082,143.56,0
645,1468.827,"Mount",-0.063,0.073,-0.094,0.022,-0.081,0.000,47,E,0,,,,476976,160.65,0
646,1470.902,"Mount",-0.005,0.001,-0.003,0.004,-0.037,0.000,21,E,0,,,,450022,165.50,0
647,1473.226,"Mount",-0.034,-0.010,-0.007,0.035,-0.039,0.000,22,E,0,,,,424121,129.18,0
648,1475.302,"Mount",-0.003,-0.028,0.023,0.015,-0.039,0.000,22,E,0,,,,450494,138.70,0
649,1477.592,"Mount",0.006,-0.085,0.078,0.034,-0.007,0.000,4,E,0,,,,436873,129.36,0
650,1479.759,"Mount",-0.096,0.037,-0.077,0.068,-0.071,0.024,41,E,10,S,,,448468,144.96,0
651,1482.176,"Mount",0.206,-0.020,0.112,-0.173,0.032,-0.061,18,W,26,N,,,462823,144.80,0
652,1484.363,"Mount",-0.333,-0.137,-0.032,0.359,-0.008,0.127,5,E,54,S,,,450249,137.46,0
653,1486.644,"Mount",0.007,-0.007,0.010,-0.003,0.007,0.000,4,W,0,,,,446860,137.35,0
654,1488.749,"Mount",0.088,-0.132,0.158,-0.017,0.090,0.000,51,W,0,,,,432336,142.04,0
655,1491.076,"Mount",0.047,-0.110,0.119,0.009,0.083,0.000,47,W,0,,,,459446,140.98,0
656,1493.205,"Mount",0.026,0.017,-0.003,-0.031,0.034,0.000,20,W,0,,,,485223,141.88,0
657,1495.622,"Mount",0.071,0.036,0.001,-0.080,0.040,-0.029,23,W,12,N,,,462533,157.18,0
658,1497.786,"Mount",0.068,-0.036,0.063,-0.043,0.076,0.000,44,W,0,,,,466570,157.93,0
659,1500.193,"Mount",0.026,-0.073,0.077,0.011,0.080,0.000,45,W,0,,,,471111,140.01,0
660,1502.298,"Mount",0.097,-0.072,0.108,-0.053,0.079,0.000,45,W,0,,,,455492,138.70,0
661,1504.622,"Mount",0.091,-0.125,0.153,-0.023,0.091,0.000,52,W,0,,,,427330,129.77,0
662,1506.764,"Mount",-0.030,-0.085,0.061,0.066,0.040,0.024,23,W,10,S,,,464997,180.41,0
663,1509.075,"Mount",-0.018,-0.008,-0.001,0.019,0.001,0.000,1,W,0,,,,460159,125.97,0
664,1511.121,"Mount",-0.037,0.007,-0.023,0.029,-0.001,0.000,0,,0,,,,475775,147.17,0
665,1513.447,"Mount",0.074,-0.046,0.075,-0.045,0.024,0.000,14,W,0,,,,460795,155.03,0
666,1515.557,"Mount",0.010,-0.007,0.011,-0.006,-0.019,0.000,11,E,0,,,,481265,180.50,0
667,1517.879,"Mount",-0.027,-0.012,-0.002,0.029,-0.032,0.000,19,E,0,,,,463610,146.17,0
668,1520.075,"Mount",-0.090,-0.000,-0.041,0.080,-0.043,0.029,25,E,12,S,,,438198,150.19,0
669,1522.428,"Mount",-0.075,0.033,-0.063,0.051,-0.088,0.000,50,E,0,,,,457582,139.85,0
670,1524.657,"Mount",0.026,0.101,-0.078,-0.070,-0.112,-0.025,64,E,11,N,,,467448,143.46,0
671,1527.092,"Mount",-0.025,-0.020,0.006,0.031,-0.110,0.000,63,E,0,,,,471810,138.26,0
672,1529.304,"Mount",0.034,-0.000,0.016,-0.030,-0.127,0.000,72,E,0,,,,447163,142.61,0
673,1531.722,"Mount",-0.091,0.134,-0.161,0.019,-0.223,0.000,128,E,0,,,,461476,144.46,0
674,1533.908,"Mount",-0.014,0.105,-0.100,-0.036,-0.207,0.000,118,E,0,,,,435676,131.71,0
675,1536.314,"Mount",0.067,-0.037,0.064,-0.043,-0.149,0.000,85,E,0,,,,467652,160.11,0
676,1538.502,"Mount",-0.065,0.002,-0.032,0.057,-0.170,0.000,97,E,0,,,,445699,125.59,0
677,1540.869,"Mount",0.082,-0.161,0.180,0.002,-0.084,0.000,48,E,0,,,,443381,137.23,0
678,1543.033,"Mount",-0.021,-0.084,0.065,0.057,-0.113,0.000,64,E,0,,,,483973,167.27,0
679,1545.515,"Mount",-0.298,-0.083,-0.063,0.303,-0.154,0.109,88,E,47,S,,,475513,161.86,0
680,1547.592,"Mount",0.083,-0.129,0.153,-0.014,-0.018,0.000,11,E,0,,,,450027,138.17,0
681,1550.006,"Mount",-0.017,0.113,-0.109,-0.037,-0.115,0.000,66,E,0,,,,449236,154.80,0
682,1552.170,"Mount",0.057,0.060,-0.027,-0.078,-0.037,-0.028,21,E,12,N,,,447752,151.34,0
683,1554.486,"Mount",0.029,-0.056,0.063,0.000,0.007,0.000,4,W,0,,,,458317,140.47,0
684,1556.558,"Mount",0.044,-0.088,0.098,0.002,0.018,0.000,10,W,0,,,,448934,142.44,0
685,1558.897,"Mount",0.068,-0.146,0.161,0.007,0.043,0.000,25,W,0,,,,447267,125.44,0
686,1560.981,"Mount",-0.021,-0.055,0.040,0.044,-0.035,0.000,20,E,0,,,,443680,133.55,0
687,1563.385,"Mount",-0.116,-0.088,0.024,0.144,-0.047,0.052,27,E,22,S,,,455381,141.88,0
688,1565.521,"Mount",0.017,-0.033,0.037,0.001,-0.059,0.000,34,E,0,,,,448260,137.29,0
689,1567.891,"Mount",0.012,-0.023,0.026,-0.000,-0.068,0.000,39,E,0,,,,465502,158.59,0
690,1570.093,"Mount",0.094,0.048,0.001,-0.106,-0.080,-0.038,46,E,16,N,,,449272,139.37,0
691,1572.465,"Mount",-0.016,-0.068,0.053,0.045,-0.094,0.000,54,E,0,,,,477164,160.43,0
692,1574.691,"Mount",0.013,0.014,-0.006,-0.018,-0.100,0.000,57,E,0,,,,457205,141.59,0
693,1577.045,"Mount",-0.021,-0.072,0.054,0.052,-0.121,0.000,69,E,0,,,,484949,142.01,0
694,1579.185,"Mount",-0.032,0.024,-0.036,0.017,-0.128,0.000,73,E,0,,,,455705,143.69,0
695,1581.569,"Mount",0.027,-0.023,0.033,-0.013,-0.160,0.000,91,E,0,,,,458792,157.85,0
696,1583.735,"Mount",0.061,-0.017,0.043,-0.046,-0.177,0.000,101,E,0,,,,460043,135.68,0
697,1586.276,"Mount",-0.056,-0.032,0.003,0.064,-0.213,0.023,122,E,10,S,,,448097,136.28,0
698,1588.497,"Mount",-0.064,0.029,-0.056,0.044,-0.224,0.000,128,E,0,,,,436538,135.64,0
699,1590.963,"Mount",-0.063,0.078,-0.098,0.019,-0.291,0.000,166,E,0,,,,473448,141.76,0
700,1593.274,"Mount",-0.092,-0.020,-0.025,0.091,-0.246,0.033,141,E,14,S,,,482306,155.44,0
701,1595.816,"Mount",-0.078,0.092,-0.117,0.027,-0.311,0.000,178,E,0,,,,443725,151.30,0
702,1598.079,"Mount",-0.105,0.084,-0.123,0.055,-0.293,0.000,167,E,0,,,,457618,133.11,0
703,1600.501,"Mount",-0.009,-0.032,0.024,0.023,-0.232,0.000,133,E,0,,,,472137,154.63,0
704,1602.741,"Mount",0.058,0.084,-0.048,-0.090,-0.188,-0.032,108,E,14,N,,,454635,143.51,0
705,1605.190,"Mount",-0.020,0.012,-0.020,0.012,-0.178,0.000,102,E,0,,,,460170,128.34,0
706,1607.373,"Mount",-0.000,0.115,-0.102,-0.053,-0.190,0.000,109,E,0,,,,450167,144.89,0
707,1609.746,"Mount",0.047,-0.069,0.083,-0.010,-0.096,0.000,55,E,0,,,,472384,149.70,0
708,1611.925,"Mount",-0.021,0.056,-0.060,-0.007,-0.132,0.000,76,E,0,,,,462201,136.83,0
709,1614.310,"Mount",-0.008,0.051,-0.049,-0.017,-0.125,0.000,72,E,0,,,,441555,140.20,0
710,1616.484,"Mount",-0.036,0.030,-0.044,0.018,-0.132,0.000,75,E,0,,,,450642,135.23,0
711,1618.984,"Mount",-0.101,0.179,-0.205,0.007,-0.222,0.000,127,E,0,,,,439104,155.82,0
712,1621.261,"Mount",-0.246,-0.044,-0.074,0.239,-0.174,0.086,100,E,37,S,,,474817,141.59,0
713,1623.658,"Mount",-0.066,0.024,-0.052,0.048,-0.138,0.000,79,E,0,,,,438444,143.98,0
714,1625.847,"Mount",-0.053,-0.000,-0.024,0.047,-0.136,0.000,78,E,0,,,,448158,132.91,0
715,1628.219,"Mount",-0.022,0.011,-0.020,0.015,-0.129,0.000,74,E,0,,,,478615,153.18,0
716,1630.405,"Mount",-0.081,-0.157,0.102,0.145,-0.075,0.052,43,E,22,S,,,455502,138.75,0
717,1632.778,"Mount",0.002,-0.150,0.134,0.067,-0.031,0.026,18,E,11,S,,,449443,132.88,0
718,1634.894,"Mount",0.004,-0.066,0.061,0.027,-0.045,0.000,26,E,0,,,,462412,153.93,0
719,1637.205,"Mount",0.013,0.065,-0.051,-0.041,-0.040,0.000,23,E,0,,,,437812,138.26,0
720,1639.328,"Mount",-0.057,0.048,-0.069,0.028,-0.051,0.000,29,E,0,,,,449105,126.97,0
721,1641.679,"Mount",-0.029,0.044,-0.052,0.005,-0.031,0.000,17,E,0,,,,477139,163.97,0
722,1643.788,"Mount",-0.043,0.015,-0.033,0.032,-0.031,0.000,18,E,0,,,,448637,140.72,0
723,1646.162,"Mount",-0.125,0.133,-0.175,0.050,-0.131,0.000,75,E,0,,,,470420,139.20,0
724,1648.330,"Mount",-0.122,-0.012,-0.045,0.114,-0.052,0.041,30,E,18,S,,,464988,138.04,0
725,1650.667,"Mount",-0.011,0.025,-0.027,-0.001,-0.053,0.000,30,E,0,,,,479773,145.81,0
726,1652.821,"Mount",0.047,0.022,0.002,-0.052,-0.051,0.000,29,E,0,,,,478053,157.02,0
727,1655.171,"Mount",0.002,0.017,-0.015,-0.009,-0.043,0.000,25,E,0,,,,457149,129.40,0
728,1657.233,"Mount",0.022,-0.050,0.054,0.003,-0.006,0.000,3,E,0,,,,495772,174.55,0
729,1659.562,"Mount",0.000,-0.038,0.034,0.017,0.018,0.000,10,W,0,,,,427407,137.93,0
730,1661.731,"Mount",0.025,-0.139,0.135,0.042,0.105,0.000,60,W,0,,,,472389,151.69,0
731,1664.200,"Mount",-0.090,-0.112,0.058,0.132,0.070,0.047,40,W,20,S,,,441162,129.78,0
732,1666.341,"Mount",-0.037,-0.038,0.017,0.050,0.082,0.000,47,W,0,,,,441790,147.07,0
733,1668.743,"Mount",-0.089,-0.020,-0.023,0.088,0.099,0.032,57,W,14,S,,,451275,151.93,0
734,1670.892,"Mount",0.060,-0.080,0.099,-0.016,0.148,0.000,85,W,0,,,,418688,136.86,0
735,1673.312,"Mount",0.045,-0.182,0.182,0.044,0.197,0.000,113,W,0,,,,454470,140.56,0
736,1675.544,"Mount",-0.063,-0.090,0.051,0.097,0.118,0.035,68,W,15,S,,,432792,130.99,0
737,1677.921,"Mount",-0.039,-0.004,-0.014,0.037,0.130,0.000,75,W,0,,,,414103,140.56,0
738,1680.091,"Mount",-0.047,-0.043,0.017,0.062,0.126,0.022,72,W,10,S,,,453226,152.98,0
739,1682.465,"Mount",0.009,-0.021,0.023,0.002,0.122,0.000,70,W,0,,,,458370,139.60,0
740,1684.647,"Mount",0.031,-0.089,0.093,0.014,0.157,0.000,90,W,0,,,,452907,141.47,0
741,1687.037,"Mount",-0.022,-0.031,0.017,0.034,0.114,0.000,65,W,0,,,,452767,131.83,0
742,1689.195,"Mount",-0.053,0.011,-0.034,0.042,0.101,0.000,58,W,0,,,,457484,127.91,0
743,1691.674,"Mount",0.073,0.075,-0.033,-0.099,0.099,-0.036,57,W,15,N,,,457644,147.71,0
744,1693.948,"Mount",-0.145,0.074,-0.132,0.095,0.023,0.033,13,W,14,S,,,459513,143.40,0
745,1696.241,"Mount",-0.090,0.118,-0.146,0.025,-0.001,0.000,1,E,0,,,,454884,132.55,0
746,1698.330,"Mount",-0.125,0.115,-0.160,0.058,-0.028,0.000,16,E,0,,,,456781,175.74,0
747,1700.606,"Mount",-0.060,0.057,-0.079,0.027,-0.015,0.000,9,E,0,,,,453080,143.49,0
748,1702.740,"Mount",0.005,0.072,-0.062,-0.038,-0.024,0.000,14,E,0,,,,442775,149.82,0
749,1705.063,"Mount",-0.042,0.083,-0.093,-0.001,-0.050,0.000,29,E,0,,,,466632,138.47,0
750,1707.186,"Mount",-0.016,0.041,-0.043,-0.005,-0.028,0.000,16,E,0,,,,445853,139.64,0
751,1709.510,"Mount",-0.007,0.054,-0.051,-0.019,-0.035,0.000,20,E,0,,,,456866,133.15,0
752,1711.679,"Mount",-0.157,0.075,-0.139,0.104,-0.099,0.038,56,E,16,S,,,425850,131.33,0
753,1714.021,"Mount",0.023,0.021,-0.009,-0.030,-0.032,0.000,18,E,0,,,,459192,141.43,0
754,1716.218,"Mount",-0.104,0.052,-0.094,0.068,-0.060,0.025,34,E,11,S,,,474510,153.42,0
755,1718.486,"Mount",-0.046,0.032,-0.050,0.026,0.001,0.000,0,,0,,,,457040,167.82,0
756,1720.618,"Mount",-0.097,0.012,-0.055,0.081,0.014,0.029,8,W,12,S,,,452196,134.92,0
757,1722.945,"Mount",0.040,0.000,0.018,-0.036,0.033,0.000,19,W,0,,,,474069,138.31,0
758,1725.050,"Mount",0.014,0.079,-0.063,-0.049,0.020,0.000,12,W,0,,,,453323,152.95,0
759,1727.355,"Mount",-0.073,0.043,-0.072,0.045,0.028,0.000,16,W,0,,,,452766,134.29,0
760,1729.493,"Mount",-0.063,-0.004,-0.025,0.058,0.072,0.000,41,W,0,,,,441251,135.31,0
761,1731.929,"Mount",-0.069,-0.041,0.005,0.080,0.093,0.029,53,W,12,S,,,455940,144.83,0
762,1734.155,"Mount",-0.101,-0.025,-0.025,0.101,0.095,0.038,54,W,16,S,,,457605,137.04,0
763,1736.605,"Mount",-0.134,-0.145,0.067,0.186,0.150,0.068,86,W,29,S,,,482915,148.62,0
764,1738.765,"Mount",0.012,-0.084,0.080,0.028,0.169,0.000,97,W,0,,,,458501,149.10,0
765,1741.228,"Mount",-0.073,-0.110,0.064,0.115,0.189,0.041,108,W,18,S,,,469375,150.74,0
766,1743.530,"Mount",-0.112,-0.049,-0.008,0.122,0.173,0.046,99,W,19,S,,,447464,136.68,0
767,1745.919,"Mount",-0.021,-0.047,0.032,0.041,0.190,0.000,108,W,0,,,,467881,145.36,0
768,1748.114,"Mount",-0.047,-0.013,-0.010,0.048,0.185,0.000,106,W,0,,,,441252,132.48,0
769,1750.609,"Mount",-0.168,0.018,-0.093,0.140,0.135,0.051,77,W,22,S,,,454840,150.61,0
770,1752.777,"Mount",0.000,-0.064,0.057,0.029,0.142,0.000,81,W,0,,,,470945,135.85,0
771,1755.179,"Mount",0.077,-0.077,0.104,-0.033,0.162,0.000,93,W,0,,,,457521,148.60,0
772,1757.268,"Mount",-0.039,-0.049,0.025,0.057,0.071,0.000,40,W,0,,,,438518,131.38,0
773,1759.611,"Mount",-0.013,0.021,-0.024,0.001,0.051,0.000,29,W,0,,,,451313,142.62,0
774,1761.813,"Mount",-0.024,-0.105,0.082,0.070,0.078,0.025,45,W,11,S,,,433759,131.39,0
775,1764.219,"Mount",0.130,0.026,0.037,-0.128,0.036,-0.045,21,W,19,N,,,475708,157.99,0
776,1766.336,"Mount",0.073,-0.067,0.093,-0.033,0.090,0.000,52,W,0,,,,462400,155.12,0
777,1768.709,"Mount",-0.095,-0.030,-0.017,0.099,0.052,0.035,30,W,15,S,,,461392,134.88,0
778,1770.863,"Mount",0.062,-0.096,0.114,-0.011,0.112,0.000,64,W,0,,,,458857,145.92,0
779,1773.272,"Mount",0.089,-0.122,0.149,-0.023,0.132,0.000,75,W,0,,,,470427,148.47,0
780,1775.451,"Mount",0.033,0.009,0.007,-0.034,0.057,0.000,32,W,0,,,,467802,150.09,0
781,1777.798,"Mount",-0.003,-0.004,0.002,0.005,0.050,0.000,29,W,0,,,,471753,151.31,0
782,1779.938,"Mount",-0.040,0.015,-0.032,0.028,0.040,0.000,23,W,0,,,,467476,144.41,0
783,1782.250,"Mount",-0.030,0.126,-0.126,-0.031,-0.047,0.000,27,E,0,,,,460668,138.75,0
784,1784.475,"Mount",-0.166,0.164,-0.222,0.071,-0.102,0.026,58,E,11,S,,,454014,142.40,0
785,1786.787,"Mount",-0.065,0.061,-0.084,0.030,-0.058,0.000,33,E,0,,,,450378,144.02,0
786,1788.879,"Mount",-0.047,-0.006,-0.016,0.044,-0.026,0.000,15,E,0,,,,467397,141.06,0
787,1791.233,"Mount",-0.050,0.072,-0.087,0.011,-0.065,0.000,37,E,0,,,,450295,159.74,0
788,1793.309,"Mount",-0.043,0.002,-0.022,0.037,-0.024,0.000,14,E,0,,,,455878,156.42,0
789,1795.715,"Mount",0.103,-0.057,0.098,-0.065,0.032,-0.023,18,W,10,N,,,447468,135.09,0
790,1797.847,"Mount",-0.000,-0.079,0.070,0.037,0.025,0.000,14,W,0,,,,464559,150.43,0
791,1800.171,"Mount",-0.095,0.067,-0.104,0.053,-0.050,0.000,29,E,0,,,,464767,155.46,0
792,1802.231,"Mount",0.029,-0.048,0.056,-0.004,0.003,0.000,2,W,0,,,,466486,143.18,0
793,1804.631,"Mount",-0.054,-0.141,0.100,0.113,0.045,0.041,26,W,17,S,,,437353,141.33,0
794,1806.794,"Mount",-0.038,-0.081,0.054,0.071,-0.008,0.027,4,E,12,S,,,422511,137.47,0
795,1809.104,"Mount",-0.004,-0.067,0.058,0.034,-0.015,0.000,9,E,0,,,,474309,144.81,0
796,1811.210,"Mount",0.050,-0.057,0.074,-0.018,0.015,0.000,9,W,0,,,,448615,130.74,0
797,1813.524,"Mount",0.005,0.029,-0.023,-0.018,-0.025,0.000,14,E,0,,,,477530,164.07,0
798,1815.632,"Mount",-0.027,-0.011,-0.002,0.029,-0.029,0.000,17,E,0,,,,440291,135.19,0
799,1818.033,"Mount",-0.087,0.018,-0.055,0.069,-0.036,0.025,21,E,11,S,,,467053,140.99,0
800,1820.262,"Mount",0.007,0.149,-0.129,-0.075,-0.096,-0.026,55,E,11,N,,,450700,128.61,0
801,1822.599,"Mount",-0.017,0.011,-0.018,0.010,-0.041,0.000,23,E,0,,,,468737,174.25,0
802,1824.673,"Mount",0.003,-0.007,0.007,0.001,-0.036,0.000,20,E,0,,,,464579,163.28,0
803,1827.064,"Mount",0.010,0.092,-0.077,-0.051,-0.065,0.000,37,E,0,,,,457180,143.18,0
804,1829.267,"Mount",-0.090,0.027,-0.065,0.068,-0.050,0.024,29,E,10,S,,,458138,147.84,0
805,1831.651,"Mount",-0.096,0.109,-0.141,0.035,-0.075,0.000,43,E,0,,,,454136,157.62,0
806,1833.705,"Mount",-0.006,0.014,-0.015,-0.002,-0.001,0.000,0,,0,,,,455742,129.58,0
807,1836.060,"Mount",0.012,0.088,-0.073,-0.051,-0.026,0.000,15,E,0,,,,476041,140.40,0
808,1838.116,"Mount",-0.011,0.014,-0.017,0.003,0.017,0.000,10,W,0,,,,472440,164.22,0
809,1840.421,"Mount",-0.032,0.023,-0.035,0.017,0.029,0.000,17,W,0,,,,437902,139.37,0
810,1842.515,"Mount",0.001,-0.013,0.012,0.005,0.035,0.000,20,W,0,,,,442914,128.94,0
811,1844.849,"Mount",0.002,-0.095,0.085,0.041,0.076,0.000,43,W,0,,,,463101,144.25,0
812,1847.000,"Mount",-0.081,-0.049,0.006,0.094,0.042,0.034,24,W,15,S,,,455737,148.89,0
813,1852.534,"Mount",9.472,-8.310,11.738,-4.566,5.320,-1.642,2500,W,702,N,,,235174,125.67,0
814,1856.403,"Mount",-5.778,1.092,-3.630,4.621,-1.496,1.598,856,E,683,S,,,443491,151.03,0
815,1859.846,"Mount",-4.782,0.709,-2.831,3.915,-1.194,1.473,683,E,630,S,,,435603,152.96,0
816,1862.408,"Mount",-0.396,1.215,-1.261,-0.210,-0.307,-0.017,176,E,7,N,,,463101,152.13,0
817,1864.881,"Mount",-0.199,1.114,-1.080,-0.338,-0.439,-0.122,251,E,52,N,,,464864,135.27,0
818,1867.477,"Mount",-0.215,0.397,-0.452,0.007,-0.525,0.000,300,E,0,,,,453899,142.16,0
819,1869.831,"Mount",-0.131,0.209,-0.245,0.020,-0.454,0.000,260,E,0,,,,439028,145.61,0
820,1872.313,"Mount",0.083,-0.121,0.146,-0.017,-0.272,0.000,155,E,0,,,,440201,142.27,0
821,1874.579,"Mount",0.033,-0.312,0.292,0.115,-0.190,0.041,109,E,18,S,,,460346,138.73,0
822,1876.921,"Mount",0.156,-0.372,0.402,0.033,0.026,0.000,15,W,0,,,,448796,144.41,0
823,1879.018,"Mount",0.032,-0.309,0.289,0.114,0.001,0.041,0,,18,S,,,471862,137.15,0
824,1881.343,"Mount",0.018,-0.093,0.091,0.027,-0.017,0.000,10,E,0,,,,460552,134.15,0
825,1883.492,"Mount",-0.066,0.011,-0.040,0.053,-0.056,0.000,32,E,0,,,,467289,136.88,0
826,1885.896,"Mount",-0.064,0.135,-0.149,-0.005,-0.154,0.000,88,E,0,,,,435803,146.18,0
827,1888.129,"Mount",-0.089,0.127,-0.154,0.020,-0.152,0.000,87,E,0,,,,457171,144.97,0
828,1890.458,"Mount",0.030,0.069,-0.047,-0.058,-0.069,0.000,40,E,0,,,,437447,139.99,0
829,1892.688,"Mount",-0.022,0.078,-0.079,-0.017,-0.155,0.000,89,E,0,,,,454409,141.42,0
830,1895.048,"Mount",-0.027,0.060,-0.066,-0.004,-0.132,0.000,75,E,0,,,,466958,149.10,0
831,1897.296,"Mount",-0.378,-0.025,-0.152,0.347,-0.143,0.125,82,E,53,S,,,432367,136.02,0
832,1899.753,"Mount",0.113,0.182,-0.110,-0.184,-0.121,-0.061,69,E,26,N,,,425241,145.67,0
833,1901.963,"Mount",0.120,0.074,-0.010,-0.141,-0.041,-0.053,23,E,23,N,,,448733,133.85,0
834,1904.282,"Mount",0.056,-0.022,0.046,-0.040,-0.035,0.000,20,E,0,,,,442444,128.03,0
835,1906.388,"Mount",-0.028,0.073,-0.078,-0.009,-0.063,0.000,36,E,0,,,,453958,147.98,0
836,1908.685,"Mount",-0.052,0.014,-0.037,0.039,-0.030,0.000,17,E,0,,,,443415,132.32,0
837,1910.783,"Mount",0.037,-0.059,0.070,-0.006,-0.009,0.000,5,E,0,,,,440025,142.62,0
838,1913.097,"Mount",0.057,-0.020,0.044,-0.041,-0.047,0.000,27,E,0,,,,436986,134.33,0
839,1915.217,"Mount",-0.059,0.036,-0.059,0.036,-0.053,0.000,31,E,0,,,,464272,163.03,0
840,1917.544,"Mount",-0.000,-0.008,0.007,0.004,-0.078,0.000,44,E,0,,,,453004,140.93,0
841,1919.821,"Mount",-0.305,-0.029,-0.115,0.284,-0.141,0.102,80,E,44,S,,,470187,159.06,0
842,1922.317,"Mount",0.110,0.267,-0.187,-0.221,-0.194,-0.075,111,E,32,N,,,450309,138.61,0
843,1924.474,"Mount",-0.026,-0.006,-0.007,0.026,-0.130,0.000,74,E,0,,,,459206,152.73,0
844,1926.909,"Mount",0.031,0.077,-0.054,-0.063,-0.154,-0.023,88,E,10,N,,,450831,125.02,0
845,1929.208,"Mount",-0.080,0.013,-0.048,0.065,-0.179,0.022,103,E,10,S,,,487873,183.06,0
846,1931.603,"Mount",0.070,-0.056,0.081,-0.036,-0.161,0.000,92,E,0,,,,467090,136.61,0
847,1933.831,"Mount",-0.002,-0.016,0.014,0.009,-0.203,0.000,116,E,0,,,,442907,154.24,0
848,1936.191,"Mount",0.053,-0.058,0.075,-0.020,-0.182,0.000,104,E,0,,,,459090,135.20,0
849,1938.397,"Mount",-0.061,0.046,-0.069,0.033,-0.245,0.000,140,E,0,,,,446738,137.07,0
850,1940.894,"Mount",-0.069,-0.031,-0.004,0.075,-0.217,0.027,124,E,12,S,,,457680,135.21,0
851,1943.112,"Mount",0.004,-0.011,0.011,0.002,-0.210,0.000,120,E,0,,,,442830,154.05,0
852,1945.688,"Mount",-0.003,0.205,-0.184,-0.092,-0.281,-0.033,161,E,14,N,,,443783,147.29,0
853,1947.967,"Mount",-0.007,0.019,-0.020,-0.003,-0.183,0.000,105,E,0,,,,482698,157.93,0
854,1950.473,"Mount",-0.115,0.042,-0.090,0.083,-0.220,0.030,126,E,13,S,,,468407,131.14,0
855,1952.657,"Mount",-0.101,0.079,-0.116,0.053,-0.230,0.000,132,E,0,,,,456901,146.31,0
856,1955.027,"Mount",0.011,0.040,-0.031,-0.028,-0.184,0.000,105,E,0,,,,443202,148.44,0
857,1957.304,"Mount",-0.106,-0.097,0.038,0.139,-0.182,0.050,104,E,21,S,,,466850,139.68,0
858,1959.731,"Mount",0.037,-0.025,0.039,-0.022,-0.190,0.000,109,E,0,,,,462894,145.65,0
859,1961.946,"Mount",0.004,0.063,-0.054,-0.033,-0.175,0.000,100,E,0,,,,468079,150.45,0
860,1964.413,"Mount",0.005,-0.218,0.196,0.097,-0.077,0.035,44,E,15,S,,,444508,158.14,0
861,1966.740,"Mount",0.232,0.016,0.093,-0.213,-0.115,-0.075,66,E,32,N,,,444392,159.91,0
862,1969.142,"Mount",0.029,0.052,-0.033,-0.050,-0.141,0.000,81,E,0,,,,470759,141.32,0
863,1971.265,"Mount",-0.011,-0.001,-0.004,0.010,-0.114,0.000,65,E,0,,,,461894,144.78,0
864,1973.655,"Mount",-0.011,-0.048,0.037,0.032,-0.107,0.000,61,E,0,,,,456472,135.65,0
865,1975.760,"Mount",-0.038,-0.010,-0.008,0.038,-0.086,0.000,49,E,0,,,,458395,144.58,0
866,1978.113,"Mount",-0.039,-0.014,-0.005,0.041,-0.084,0.000,48,E,0,,,,477084,138.10,0
867,1980.239,"Mount",0.050,-0.058,0.074,-0.018,-0.033,0.000,19,E,0,,,,472557,162.18,0
868,1982.596,"Mount",0.032,0.021,-0.004,-0.038,-0.064,0.000,37,E,0,,,,466959,143.91,0
869,1984.797,"Mount",-0.340,-0.235,0.052,0.410,-0.062,0.148,35,E,63,S,,,462543,150.89,0
870,1987.138,"Mount",0.031,0.006,0.009,-0.030,-0.055,0.000,32,E,0,,,,441865,134.67,0
871,1989.337,"Mount",-0.108,0.032,-0.078,0.081,-0.094,0.029,54,E,12,S,,,467632,171.90,0
872,1991.741,"Mount",-0.077,-0.027,-0.011,0.081,-0.061,0.030,35,E,13,S,,,432701,135.27,0
873,1993.955,"Mount",0.139,0.063,0.008,-0.152,-0.051,-0.054,29,E,23,N,,,459836,134.72,0
874,1996.281,"Mount",-0.039,0.001,-0.019,0.035,-0.058,0.000,33,E,0,,,,424084,125.77,0
875,1998.344,"Mount",0.014,0.065,-0.052,-0.043,-0.046,0.000,26,E,0,,,,454632,137.26,0
876,2000.644,"Mount",-0.001,-0.009,0.007,0.005,-0.035,0.000,20,E,0,,,,452016,144.75,0
877,2002.789,"Mount",0.008,0.098,-0.083,-0.052,-0.058,0.000,33,E,0,,,,460981,150.73,0
878,2005.116,"Mount",-0.109,0.004,-0.053,0.095,0.001,0.034,0,,15,S,,,415590,129.78,0
879,2007.178,"Mount",-0.021,0.070,-0.072,-0.014,-0.017,0.000,10,E,0,,,,466856,140.89,0
880,2009.480,"Mount",-0.002,0.089,-0.080,-0.040,-0.003,0.000,2,E,0,,,,473188,159.86,0
881,2011.663,"Mount",-0.012,0.073,-0.070,-0.023,0.023,0.000,13,W,0,,,,432948,137.71,0
882,2014.022,"Mount",-0.026,-0.043,0.027,0.043,0.073,0.000,42,W,0,,,,416463,133.07,0
883,2016.346,"Mount",-0.060,-0.141,0.097,0.118,0.128,0.043,73,W,18,S,,,466696,132.72,0
884,2018.781,"Mount",0.240,0.091,0.030,-0.255,0.108,-0.090,62,W,39,N,,,487973,161.48,0
885,2021.014,"Mount",-0.056,-0.264,0.208,0.172,0.208,0.058,119,W,25,S,,,494201,140.17,0
886,2023.471,"Mount",-0.028,-0.079,0.057,0.062,0.126,0.024,72,W,10,S,,,477197,176.88,0
887,2025.639,"Mount",-0.000,-0.068,0.060,0.031,0.156,0.000,89,W,0,,,,459770,144.89,0
888,2028.035,"Mount",-0.007,0.011,-0.013,0.001,0.142,0.000,81,W,0,,,,473978,180.31,0
889,2030.200,"Mount",-0.049,0.010,-0.031,0.039,0.137,0.000,78,W,0,,,,446984,141.20,0
890,2032.556,"Mount",-0.019,0.079,-0.079,-0.020,0.087,0.000,50,W,0,,,,457822,147.32,0
891,2034.716,"Mount",-0.140,0.061,-0.119,0.096,0.058,0.035,33,W,15,S,,,469436,163.35,0
892,2037.114,"Mount",0.017,-0.079,0.078,0.021,0.132,0.000,76,W,0,,,,462709,148.04,0
893,2039.272,"Mount",0.040,-0.093,0.101,0.007,0.127,0.000,73,W,0,,,,454070,141.51,0
894,2041.617,"Mount",-0.052,0.002,-0.026,0.045,0.077,0.000,44,W,0,,,,436403,131.18,0
895,2043.735,"Mount",-0.076,0.036,-0.067,0.051,0.028,0.000,16,W,0,,,,467022,137.37,0
896,2046.231,"Mount",-0.101,0.016,-0.061,0.083,0.027,0.030,16,W,13,S,,,456545,147.52,0
897,2048.434,"Mount",-0.088,-0.001,-0.039,0.079,0.034,0.030,20,W,13,S,,,458965,129.68,0
898,2050.746,"Mount",-0.067,0.117,-0.135,0.006,-0.048,0.000,27,E,0,,,,452057,149.76,0
899,2052.882,"Mount",-0.118,0.138,-0.177,0.041,-0.085,0.000,49,E,0,,,,461019,145.93,0
900,2055.238,"Mount",-0.052,-0.038,0.010,0.063,-0.021,0.023,12,E,10,S,,,437453,125.05,0
901,2057.300,"Mount",-0.020,0.033,-0.039,0.002,-0.043,0.000,25,E,0,,,,466987,138.04,0
902,2059.641,"Mount",-0.043,0.064,-0.077,0.009,-0.077,0.000,44,E,0,,,,447969,143.68,0
903,2061.790,"Mount",0.082,-0.012,0.049,-0.067,-0.032,-0.024,18,E,10,N,,,443716,131.46,0
904,2064.205,"Mount",0.013,-0.006,0.011,-0.009,-0.024,0.000,14,E,0,,,,459276,149.74,0
905,2066.345,"Mount",-0.033,-0.087,0.062,0.069,0.025,0.025,14,W,11,S,,,459390,159.29,0
906,2068.624,"Mount",0.031,-0.055,0.063,-0.002,0.042,0.000,24,W,0,,,,457621,140.37,0
907,2070.711,"Mount",0.007,-0.042,0.040,0.013,0.032,0.000,18,W,0,,,,446562,130.88,0
908,2073.090,"Mount",0.030,-0.056,0.064,-0.001,0.082,0.000,47,W,0,,,,460352,142.36,0
909,2075.253,"Mount",0.070,0.041,-0.004,-0.081,0.068,-0.029,39,W,13,N,,,468751,141.49,0
910,2077.641,"Mount",-0.100,-0.013,-0.035,0.095,0.089,0.033,51,W,14,S,,,452702,140.59,0
911,2079.841,"Mount",-0.094,0.037,-0.077,0.067,0.070,0.025,40,W,11,S,,,444649,151.30,0
912,2082.231,"Mount",0.047,-0.005,0.026,-0.040,0.120,0.000,68,W,0,,,,446483,129.41,0
913,2084.463,"Mount",0.173,-0.022,0.099,-0.143,0.166,-0.052,95,W,22,N,,,450250,132.01,0
914,2086.959,"Mount",-0.019,-0.155,0.129,0.088,0.202,0.030,115,W,13,S,,,452016,141.24,0
915,2089.223,"Mount",-0.091,-0.109,0.055,0.131,0.155,0.048,89,W,21,S,,,481131,145.08,0
916,2091.688,"Mount",-0.091,0.033,-0.071,0.066,0.140,0.026,80,W,11,S,,,461116,142.50,0
917,2093.864,"Mount",0.032,-0.003,0.018,-0.027,0.165,0.000,94,W,0,,,,473049,147.78,0
918,2096.282,"Mount",-0.024,-0.048,0.032,0.043,0.172,0.000,98,W,0,,,,458867,154.48,0
919,2098.492,"Mount",0.001,-0.043,0.038,0.019,0.158,0.000,90,W,0,,,,453173,133.29,0
920,2100.984,"Mount",-0.161,-0.015,-0.061,0.150,0.112,0.054,64,W,23,S,,,461705,141.80,0
921,2103.283,"Mount",-0.006,-0.257,0.225,0.124,0.214,0.047,123,W,20,S,,,428321,133.72,0
922,2105.669,"Mount",-0.057,-0.009,-0.018,0.055,0.093,0.000,53,W,0,,,,449264,143.53,0
923,2107.940,"Mount",-0.050,-0.188,0.144,0.131,0.143,0.047,82,W,20,S,,,480549,158.93,0
924,2110.358,"Mount",-0.110,0.031,-0.078,0.083,0.039,0.032,22,W,14,S,,,449052,136.34,0
925,2112.500,"Mount",0.021,-0.013,0.021,-0.012,0.060,0.000,34,W,0,,,,440034,131.30,0
926,2114.852,"Mount",0.006,-0.125,0.113,0.052,0.111,0.000,63,W,0,,,,440893,133.31,0
927,2117.070,"Mount",-0.009,-0.208,0.181,0.104,0.125,0.037,72,W,16,S,,,476123,137.40,0
928,2119.413,"Mount",-0.012,-0.087,0.071,0.051,0.075,0.000,43,W,0,,,,457310,133.65,0
929,2121.547,"Mount",-0.059,0.023,-0.048,0.041,0.049,0.000,28,W,0,,,,471243,181.63,0
930,2123.913,"Mount",-0.030,-0.090,0.066,0.069,0.070,0.025,40,W,11,S,,,444872,128.01,0
931,2126.032,"Mount",0.025,-0.020,0.029,-0.013,0.037,0.000,21,W,0,,,,429741,125.79,0
932,2128.470,"Mount",-0.043,-0.119,0.086,0.093,0.065,0.033,37,W,14,S,,,437399,128.05,0
933,2130.567,"Mount",0.002,-0.056,0.051,0.024,0.011,0.000,6,W,0,,,,462108,146.82,0
934,2132.913,"Mount",0.049,-0.065,0.080,-0.013,0.045,0.000,26,W,0,,,,473406,141.75,0
935,2135.111,"Mount",0.151,-0.000,0.070,-0.134,0.037,-0.048,21,W,21,N,,,456444,135.43,0
936,2137.392,"Mount",-0.031,-0.022,0.005,0.038,-0.007,0.000,4,E,0,,,,450834,145.49,0
937,2139.466,"Mount",-0.040,-0.023,0.002,0.046,-0.001,0.000,1,E,0,,,,454085,137.80,0
938,2141.840,"Mount",-0.129,0.025,-0.081,0.103,-0.042,0.037,24,E,16,S,,,473888,148.25,0
939,2143.902,"Mount",-0.030,0.048,-0.056,0.004,-0.012,0.000,7,E,0,,,,461280,139.59,0
940,2146.226,"Mount",-0.050,-0.029,0.003,0.058,-0.014,0.000,8,E,0,,,,463225,141.18,0
941,2148.331,"Mount",0.029,-0.096,0.099,0.018,0.027,0.000,15,W,0,,,,471333,164.26,0
942,2150.702,"Mount",-0.141,-0.085,0.011,0.165,-0.024,0.059,14,E,25,S,,,428971,155.74,0
943,2152.809,"Mount",0.004,0.031,-0.025,-0.018,-0.027,0.000,15,E,0,,,,460883,140.39,0
944,2155.126,"Mount",0.076,-0.039,0.069,-0.049,0.011,0.000,6,W,0,,,,456982,136.08,0
945,2157.144,"Mount",0.034,0.029,-0.010,-0.043,0.000,0.000,0,,0,,,,451725,157.55,0
946,2159.481,"Mount",-0.003,-0.005,0.003,0.005,0.015,0.000,9,W,0,,,,450608,142.09,0
947,2161.623,"Mount",-0.105,0.023,-0.069,0.082,-0.009,0.030,5,E,13,S,,,429519,143.09,0
948,2163.966,"Mount",-0.036,0.119,-0.123,-0.023,-0.030,0.000,17,E,0,,,,449178,139.51,0
949,2166.062,"Mount",0.016,-0.040,0.043,0.004,-0.003,0.000,2,E,0,,,,451465,153.08,0
950,2168.388,"Mount",0.059,-0.053,0.074,-0.028,0.006,0.000,3,W,0,,,,451645,143.54,0
951,2170.571,"Mount",0.058,0.014,0.015,-0.058,-0.063,0.000,36,E,0,,,,456702,150.81,0
952,2172.968,"Mount",-0.014,0.062,-0.061,-0.016,-0.119,0.000,68,E,0,,,,451070,160.94,0
953,2175.134,"Mount",0.041,0.047,-0.023,-0.058,-0.114,0.000,65,E,0,,,,473751,141.09,0
954,2177.490,"Mount",0.043,-0.033,0.050,-0.023,-0.106,0.000,61,E,0,,,,484325,142.41,0
955,2179.751,"Mount",-0.252,-0.116,-0.013,0.277,-0.092,0.100,53,E,43,S,,,474117,138.15,0
956,2182.199,"Mount",-0.058,-0.090,0.053,0.093,-0.016,0.037,9,E,16,S,,,451852,137.54,0
957,2184.412,"Mount",-0.045,-0.081,0.051,0.077,0.042,0.029,24,W,12,S,,,449623,136.44,0
958,2186.830,"Mount",0.083,-0.019,0.055,-0.065,0.144,-0.022,83,W,10,N,,,430957,123.11,0
959,2189.017,"Mount",-0.025,-0.033,0.018,0.037,0.215,0.000,123,W,0,,,,478256,150.94,0
960,2191.419,"Mount",-0.107,0.229,-0.253,-0.011,0.144,0.000,82,W,0,,,,445704,132.50,0
961,2193.663,"Mount",-0.281,0.211,-0.316,0.151,0.105,0.055,60,W,23,S,,,455188,133.63,0
962,2196.125,"Mount",-0.018,0.271,-0.249,-0.109,0.097,-0.037,55,W,16,N,,,458955,136.48,0
963,2198.278,"Mount",-0.257,0.221,-0.314,0.126,-0.010,0.044,6,E,19,S,,,444454,132.98,0
964,2200.606,"Mount",-0.083,0.252,-0.262,-0.043,-0.053,0.000,31,E,0,,,,431417,150.37,0
965,2202.847,"Mount",-0.043,0.222,-0.217,-0.064,-0.154,-0.023,88,E,10,N,,,476879,151.22,0
966,2205.279,"Mount",-0.043,-0.026,0.003,0.050,-0.152,0.000,87,E,0,,,,463480,143.84,0
967,2207.543,"Mount",0.112,0.028,0.027,-0.113,-0.192,-0.041,110,E,17,N,,,457303,142.36,0
968,2210.015,"Mount",-0.113,-0.239,0.161,0.211,-0.182,0.074,104,E,32,S,,,444547,144.58,0
969,2212.143,"Mount",0.175,-0.454,0.484,0.055,0.045,0.000,26,W,0,,,,463704,149.72,0
970,2214.481,"Mount",0.200,-0.290,0.350,-0.044,-0.007,0.000,4,E,0,,,,464772,153.95,0
971,2216.595,"Mount",0.092,-0.237,0.253,0.028,0.054,0.000,31,W,0,,,,430900,126.34,0
972,2218.931,"Mount",0.037,-0.142,0.143,0.033,0.059,0.000,34,W,0,,,,432365,138.74,0
973,2220.988,"Mount",-0.018,-0.008,-0.001,0.019,0.007,0.000,4,W,0,,,,473013,166.57,0
974,2223.376,"Mount",-0.065,-0.029,-0.004,0.071,0.006,0.026,4,W,11,S,,,436125,124.53,0
975,2225.582,"Mount",-0.230,0.163,-0.250,0.129,-0.095,0.047,55,E,20,S,,,442987,139.12,0
976,2228.083,"Mount",-0.213,0.141,-0.223,0.124,-0.192,0.047,110,E,20,S,,,451828,127.80,0
977,2230.364,"Mount",-0.148,0.131,-0.184,0.071,-0.195,0.027,111,E,12,S,,,454396,162.27,0
978,2232.797,"Mount",-0.068,0.098,-0.118,0.015,-0.255,0.000,146,E,0,,,,464115,143.67,0
979,2235.010,"Mount",0.051,-0.053,0.071,-0.021,-0.184,0.000,105,E,0,,,,445822,135.93,0
980,2237.380,"Mount",0.045,-0.071,0.084,-0.007,-0.136,0.000,78,E,0,,,,434680,134.06,0
981,2239.533,"Mount",0.026,-0.056,0.062,0.003,-0.129,0.000,74,E,0,,,,462377,146.84,0
982,2241.921,"Mount",0.032,-0.020,0.032,-0.019,-0.120,0.000,68,E,0,,,,457918,156.55,0
983,2244.169,"Mount",-0.042,-0.080,0.052,0.074,-0.080,0.027,46,E,11,S,,,444295,140.56,0
984,2246.508,"Mount",0.044,-0.097,0.106,0.006,-0.019,0.000,11,E,0,,,,450080,159.55,0
985,2248.663,"Mount",-0.040,-0.084,0.056,0.074,-0.059,0.027,34,E,11,S,,,462829,133.03,0
986,2251.000,"Mount",0.010,-0.049,0.048,0.014,-0.055,0.000,31,E,0,,,,454633,144.23,0
987,2253.103,"Mount",0.034,-0.162,0.160,0.044,0.020,0.000,11,W,0,,,,453134,153.39,0
988,2255.476,"Mount",-0.061,-0.137,0.094,0.118,-0.005,0.042,3,E,18,S,,,454881,137.79,0
989,2257.536,"Mount",0.038,-0.107,0.112,0.016,0.011,0.000,6,W,0,,,,437902,150.31,0
990,2259.855,"Mount",0.025,-0.091,0.092,0.020,-0.003,0.000,2,E,0,,,,412884,128.33,0
991,2262.066,"Mount",0.009,-0.200,0.181,0.084,0.041,0.030,23,W,13,S,,,432585,147.35,0
992,2264.456,"Mount",-0.052,-0.035,0.007,0.063,-0.054,0.024,31,E,10,S,,,425506,127.03,0
993,2266.564,"Mount",0.017,-0.103,0.099,0.033,-0.023,0.000,13,E,0,,,,444543,122.72,0
994,2268.888,"Mount",0.043,0.017,0.005,-0.046,-0.084,0.000,48,E,0,,,,454937,140.15,0
995,2271.049,"Mount",0.046,0.037,-0.012,-0.058,-0.112,0.000,64,E,0,,,,446934,145.21,0
996,2273.469,"Mount",-0.030,0.035,-0.045,0.010,-0.141,0.000,81,E,0,,,,465675,159.89,0
997,2275.669,"Mount",-0.022,0.097,-0.096,-0.026,-0.202,0.000,116,E,0,,,,461193,150.54,0
998,2278.133,"Mount",-0.070,0.100,-0.121,0.016,-0.239,0.000,137,E,0,,,,453324,145.89,0
999,2280.318,"Mount",0.064,-0.045,0.069,-0.036,-0.162,0.000,93,E,0,,,,461421,141.37,0
1000,2282.828,"Mount",-0.455,-0.250,0.013,0.519,-0.207,0.187,118,E,80,S,,,479688,141.90,0
1001,2285.138,"Mount",-0.259,-0.039,-0.085,0.247,-0.248,0.097,142,E,41,S,,,448766,139.02,0
1002,2287.545,"Mount",-0.098,0.093,-0.127,0.044,-0.264,0.000,151,E,0,,,,471409,156.61,0
1003,2289.866,"Mount",-0.151,0.127,-0.182,0.075,-0.272,0.027,155,E,12,S,,,449509,137.01,0
1004,2292.336,"Mount",-0.044,0.061,-0.075,0.011,-0.239,0.000,137,E,0,,,,448093,153.98,0
1005,2294.594,"Mount",0.016,0.076,-0.060,-0.049,-0.190,0.000,109,E,0,,,,455771,135.98,0
1006,2297.047,"Mount",-0.059,0.030,-0.054,0.039,-0.210,0.000,120,E,0,,,,477243,139.39,0
1007,2299.298,"Mount",-0.010,0.134,-0.123,-0.053,-0.262,0.000,150,E,0,,,,452431,144.05,0
1008,2301.745,"Mount",-0.035,-0.006,-0.011,0.033,-0.218,0.000,125,E,0,,,,481651,180.28,0
1009,2303.943,"Mount",0.002,0.032,-0.027,-0.017,-0.207,0.000,118,E,0,,,,457100,133.98,0
1010,2306.392,"Mount",-0.062,0.056,-0.078,0.030,-0.245,0.000,140,E,0,,,,441673,145.20,0
1011,2308.698,"Mount",-0.461,-0.238,-0.001,0.519,-0.193,0.187,110,E,80,S,,,473370,151.65,0
1012,2311.136,"Mount",0.016,0.029,-0.018,-0.027,-0.183,0.000,105,E,0,,,,447505,134.43,0
1013,2313.341,"Mount",0.037,-0.021,0.035,-0.024,-0.158,0.000,90,E,0,,,,464927,166.06,0
1014,2315.795,"Mount",0.044,-0.016,0.034,-0.032,-0.141,0.000,81,E,0,,,,436968,149.88,0
1015,2318.044,"Mount",-0.068,-0.053,0.016,0.085,-0.117,0.030,67,E,13,S,,,460150,129.29,0
1016,2320.403,"Mount",0.002,-0.059,0.053,0.026,-0.104,0.000,60,E,0,,,,455800,153.61,0
1017,2322.511,"Mount",-0.012,0.033,-0.035,-0.005,-0.075,0.000,43,E,0,,,,455096,129.84,0
1018,2324.945,"Mount",-0.074,0.042,-0.071,0.046,-0.093,0.000,53,E,0,,,,441387,140.03,0
1019,2327.055,"Mount",0.014,-0.075,0.073,0.022,-0.022,0.000,12,E,0,,,,458876,136.42,0
1020,2329.398,"Mount",-0.014,0.021,-0.025,0.003,-0.050,0.000,29,E,0,,,,466440,141.35,0
1021,2331.563,"Mount",0.006,0.110,-0.095,-0.056,-0.106,0.000,61,E,0,,,,449915,141.69,0
1022,2333.875,"Mount",-0.025,-0.005,-0.007,0.024,-0.067,0.000,39,E,0,,,,452468,143.25,0
1023,2335.997,"Mount",-0.066,0.066,-0.089,0.028,-0.126,0.000,72,E,0,,,,444436,123.27,0
1024,2338.477,"Mount",-0.460,-0.291,0.047,0.542,-0.091,0.195,52,E,83,S,,,471353,150.61,0
1025,2340.687,"Mount",-0.103,-0.141,0.078,0.156,-0.051,0.064,29,E,27,S,,,438822,146.72,0
1026,2343.060,"Mount",0.061,-0.018,0.044,-0.046,-0.079,0.000,45,E,0,,,,444766,137.83,0
1027,2345.229,"Mount",0.089,-0.025,0.063,-0.068,-0.037,-0.024,21,E,10,N,,,451587,147.07,0
1028,2347.532,"Mount",0.017,-0.026,0.031,-0.003,-0.034,0.000,20,E,0,,,,461822,157.19,0
1029,2349.706,"Mount",-0.068,-0.038,0.002,0.077,-0.022,0.028,12,E,12,S,,,477054,178.59,0
1030,2352.239,"Mount",0.029,0.140,-0.111,-0.090,-0.046,-0.031,27,E,13,N,,,453402,130.71,0
1031,2354.329,"Mount",0.012,0.003,0.003,-0.012,0.023,0.000,13,W,0,,,,458012,142.95,0
1032,2356.638,"Mount",-0.066,0.037,-0.063,0.041,0.002,0.000,1,W,0,,,,453040,145.76,0
1033,2358.745,"Mount",-0.084,0.039,-0.074,0.057,0.014,0.000,8,W,0,,,,474224,151.02,0
1034,2361.103,"Mount",-0.031,0.020,-0.032,0.018,0.058,0.000,33,W,0,,,,416737,125.15,0
1035,2363.314,"Mount",-0.081,0.007,-0.044,0.069,0.071,0.025,41,W,11,S,,,470900,147.92,0
1036,2365.653,"Mount",-0.011,-0.036,0.027,0.027,0.088,0.000,50,W,0,,,,429806,153.65,0
1037,2367.858,"Mount",0.071,0.010,0.024,-0.068,0.092,-0.024,52,W,10,N,,,424997,138.95,0
1038,2370.267,"Mount",0.045,-0.096,0.105,0.005,0.147,0.000,84,W,0,,,,431090,129.29,0
1039,2372.515,"Mount",-0.014,-0.127,0.107,0.071,0.158,0.026,90,W,11,S,,,447889,147.08,0
1040,2374.899,"Mount",-0.027,-0.049,0.031,0.047,0.127,0.000,73,W,0,,,,461047,123.84,0
1041,2377.071,"Mount",-0.006,-0.043,0.035,0.025,0.132,0.000,75,W,0,,,,456137,138.98,0
1042,2379.456,"Mount",-0.008,0.041,-0.041,-0.012,0.141,0.000,80,W,0,,,,493411,170.19,0
1043,2381.607,"Mount",-0.030,0.084,-0.088,-0.012,0.089,0.000,51,W,0,,,,465895,150.66,0
1044,2383.992,"Mount",-0.034,-0.064,0.042,0.060,0.122,0.000,70,W,0,,,,480871,144.98,0
1045,2386.194,"Mount",-0.130,0.000,-0.060,0.115,0.079,0.042,45,W,18,S,,,458332,170.40,0
1046,2388.569,"Mount",0.039,-0.055,0.066,-0.009,0.125,0.000,71,W,0,,,,446066,154.21,0
1047,2390.644,"Mount",0.009,-0.052,0.050,0.016,0.071,0.000,41,W,0,,,,436922,138.83,0
1048,2392.981,"Mount",-0.039,-0.002,-0.016,0.036,0.053,0.000,30,W,0,,,,428658,121.98,0
1049,2395.133,"Mount",-0.123,0.067,-0.117,0.078,-0.024,0.028,13,E,12,S,,,437474,151.26,0
1050,2397.408,"Mount",0.012,-0.018,0.021,-0.003,0.009,0.000,5,W,0,,,,479599,151.93,0
1051,2399.506,"Mount",0.002,0.045,-0.039,-0.023,-0.007,0.000,4,E,0,,,,471764,153.48,0
1052,2401.974,"Mount",0.106,0.079,-0.021,-0.130,-0.029,-0.047,17,E,20,N,,,459009,143.83,0
1053,2404.174,"Mount",-0.159,0.003,-0.076,0.140,-0.072,0.048,41,E,21,S,,,445908,145.73,0
1054,2406.465,"Mount",-0.005,0.047,-0.044,-0.017,-0.038,0.000,22,E,0,,,,454136,137.38,0
1055,2408.713,"Mount",0.120,0.044,0.017,-0.127,-0.030,-0.046,17,E,20,N,,,437830,134.60,0
1056,2411.054,"Mount",-0.140,-0.074,0.001,0.158,-0.018,0.055,10,E,24,S,,,465989,140.08,0
1057,2413.187,"Mount",0.071,0.031,0.005,-0.077,-0.004,-0.025,3,E,11,N,,,443495,135.51,0
1058,2415.530,"Mount",-0.074,0.063,-0.090,0.037,-0.030,0.000,17,E,0,,,,461680,153.10,0
1059,2417.669,"Mount",-0.101,-0.030,-0.020,0.104,0.022,0.037,13,W,16,S,,,464064,151.10,0
1060,2420.033,"Mount",0.013,-0.036,0.038,0.006,0.040,0.000,23,W,0,,,,457285,136.91,0
1061,2422.173,"Mount",0.015,0.043,-0.032,-0.034,0.053,0.000,30,W,0,,,,436967,129.13,0
1062,2424.550,"Mount",0.057,-0.052,0.073,-0.026,0.104,0.000,60,W,0,,,,457747,130.96,0
1063,2426.717,"Mount",-0.070,-0.075,0.034,0.097,0.086,0.035,49,W,15,S,,,463510,179.51,0
1064,2429.107,"Mount",-0.045,-0.005,-0.016,0.042,0.113,0.000,65,W,0,,,,449134,134.81,0
1065,2431.396,"Mount",0.111,-0.060,0.105,-0.070,0.175,-0.025,100,W,11,N,,,455611,158.06,0
1066,2433.801,"Mount",0.061,-0.039,0.063,-0.036,0.169,0.000,97,W,0,,,,467611,138.51,0
1067,2436.047,"Mount",0.035,-0.142,0.142,0.035,0.215,0.000,123,W,0,,,,441557,126.75,0
1068,2438.523,"Mount",0.039,-0.054,0.066,-0.010,0.199,0.000,114,W,0,,,,456749,147.06,0
1069,2440.696,"Mount",-0.021,-0.044,0.029,0.039,0.168,0.000,96,W,0,,,,446169,129.65,0
1070,2443.065,"Mount",-0.021,-0.010,-0.001,0.023,0.181,0.000,104,W,0,,,,479695,148.69,0
1071,2447.626,"Mount",-0.042,-0.213,0.170,0.136,0.288,0.049,165,W,21,S,,,466223,156.26,0
1072,2449.760,"Mount",0.034,-0.048,0.059,-0.008,0.114,0.000,65,W,0,,,,445318,124.76,0
1073,2452.068,"Mount",-0.041,-0.047,0.023,0.058,0.091,0.000,52,W,0,,,,463732,162.03,0
1074,2454.254,"Mount",-0.156,-0.135,0.048,0.201,0.075,0.072,43,W,31,S,,,461913,152.47,0
1075,2456.638,"Mount",-0.070,-0.102,0.058,0.109,0.092,0.042,53,W,18,S,,,446050,128.86,0
1076,2458.775,"Mount",-0.064,0.093,-0.113,0.014,0.031,0.000,18,W,0,,,,450334,161.49,0
1077,2461.178,"Mount",-0.128,0.022,-0.078,0.104,0.043,0.037,25,W,16,S,,,452325,152.44,0
1078,2463.430,"Mount",-0.050,-0.129,0.091,0.104,0.112,0.039,64,W,17,S,,,456586,129.19,0
1079,2465.818,"Mount",-0.164,0.063,-0.131,0.117,-0.002,0.044,1,E,19,S,,,456277,157.71,0
1080,2467.940,"Mount",-0.034,0.034,-0.046,0.015,0.051,0.000,29,W,0,,,,476929,136.31,0
1081,2470.330,"Mount",-0.093,-0.006,-0.037,0.085,0.047,0.031,27,W,13,S,,,438643,150.01,0
1082,2472.439,"Mount",-0.050,0.119,-0.128,-0.010,-0.022,0.000,13,E,0,,,,444397,147.40,0
1083,2474.897,"Mount",0.009,0.157,-0.135,-0.080,-0.036,-0.029,21,E,12,N,,,461465,164.63,0
1084,2477.130,"Mount",-0.108,0.039,-0.084,0.078,-0.030,0.027,17,E,12,S,,,477758,142.18,0
1085,2479.453,"Mount",-0.082,0.107,-0.132,0.024,-0.064,0.000,36,E,0,,,,466732,152.51,0
1086,2481.589,"Mount",-0.108,0.026,-0.073,0.084,-0.042,0.030,24,E,13,S,,,470619,168.11,0
1087,2483.931,"Mount",-0.078,-0.068,0.025,0.101,-0.014,0.038,8,E,16,S,,,473495,164.76,0
1088,2486.006,"Mount",-0.003,-0.006,0.004,0.005,-0.009,0.000,5,E,0,,,,446900,147.15,0
1089,2488.316,"Mount",-0.100,0.064,-0.103,0.059,-0.055,0.000,32,E,0,,,,470897,149.12,0
1090,2490.410,"Mount",-0.004,-0.072,0.062,0.037,0.020,0.000,11,W,0,,,,448827,155.09,0
1091,2492.701,"Mount",-0.055,0.053,-0.073,0.025,-0.036,0.000,21,E,0,,,,460223,150.13,0
1092,2494.815,"Mount",-0.023,-0.020,0.007,0.030,0.001,0.000,1,W,0,,,,443688,124.49,0
1093,2497.122,"Mount",0.018,-0.067,0.067,0.015,0.032,0.000,18,W,0,,,,434292,140.59,0
1094,2499.218,"Mount",0.061,-0.007,0.034,-0.051,-0.001,0.000,1,E,0,,,,468645,168.40,0
1095,2501.508,"Mount",0.021,-0.112,0.109,0.033,0.047,0.000,27,W,0,,,,445096,153.16,0
1096,2503.846,"Mount",-0.583,-0.445,0.127,0.723,0.051,0.260,29,W,111,S,,,444516,147.50,0
1097,2506.236,"Mount",-0.127,-0.077,0.010,0.148,-0.011,0.064,6,E,27,S,,,469989,151.25,0
1098,2508.315,"Mount",0.003,-0.051,0.047,0.021,-0.016,0.000,9,E,0,,,,452050,137.62,0
1099,2510.658,"Mount",-0.156,-0.029,-0.046,0.152,-0.019,0.055,11,E,23,S,,,446532,155.34,0
1100,2512.736,"Mount",0.038,-0.056,0.068,-0.008,0.005,0.000,3,W,0,,,,466725,144.30,0
1101,2515.095,"Mount",-0.062,0.014,-0.040,0.048,-0.034,0.000,19,E,0,,,,452150,152.75,0
1102,2517.282,"Mount",0.082,0.015,0.024,-0.080,-0.048,-0.029,27,E,12,N,,,465410,153.09,0
1103,2519.639,"Mount",-0.037,0.085,-0.093,-0.006,-0.100,0.000,57,E,0,,,,467029,161.54,0
1104,2521.828,"Mount",-0.071,-0.049,0.011,0.085,-0.067,0.031,39,E,13,S,,,465097,151.13,0
1105,2524.230,"Mount",0.133,-0.004,0.065,-0.116,-0.045,-0.041,26,E,17,N,,,464829,130.23,0
1106,2526.394,"Mount",0.080,0.017,0.022,-0.079,-0.067,-0.030,39,E,13,N,,,444641,143.87,0
1107,2528.766,"Mount",-0.123,0.006,-0.062,0.106,-0.066,0.037,38,E,16,S,,,478553,148.16,0
1108,2530.859,"Mount",-0.006,0.003,-0.005,0.004,0.011,0.000,6,W,0,,,,456814,142.39,0
1109,2533.194,"Mount",-0.004,0.024,-0.023,-0.007,0.063,0.000,36,W,0,,,,451652,123.77,0
1110,2535.350,"Mount",-0.003,-0.026,0.022,0.015,0.127,0.000,73,W,0,,,,465783,134.38,0
1111,2537.753,"Mount",-0.056,0.024,-0.048,0.039,0.186,0.000,106,W,0,,,,467851,138.90,0
1112,2539.953,"Mount",-0.016,-0.001,-0.007,0.015,0.200,0.000,114,W,0,,,,456501,136.76,0
1113,2542.397,"Mount",-0.133,0.045,-0.101,0.097,0.157,0.035,90,W,15,S,,,459325,155.42,0
1114,2544.583,"Mount",-0.203,0.262,-0.326,0.060,0.005,0.000,3,W,0,,,,451050,138.33,0
1115,2546.906,"Mount",-0.183,0.243,-0.299,0.050,-0.062,0.000,35,E,0,,,,454576,139.84,0
1116,2549.061,"Mount",-0.118,0.227,-0.256,-0.000,-0.123,0.000,70,E,0,,,,448831,140.21,0
1117,2551.435,"Mount",-0.043,0.201,-0.198,-0.054,-0.179,0.000,102,E,0,,,,440593,135.37,0
1118,2553.616,"Mount",-0.096,0.078,-0.114,0.049,-0.189,0.000,108,E,0,,,,494850,179.91,0
1119,2555.972,"Mount",0.070,-0.190,0.201,0.025,-0.064,0.000,37,E,0,,,,439176,129.84,0
1120,2558.090,"Mount",0.121,-0.277,0.302,0.021,-0.026,0.000,15,E,0,,,,424513,131.12,0
1121,2560.528,"Mount",-0.025,-0.350,0.299,0.184,0.023,0.066,13,W,28,S,,,472236,159.99,0
1122,2562.753,"Mount",-0.068,-0.479,0.394,0.282,0.111,0.104,64,W,44,S,,,440575,133.78,0
1123,2565.201,"Mount",-0.037,-0.171,0.135,0.111,0.040,0.044,23,W,19,S,,,481027,159.21,0
1124,2567.217,"Mount",-0.047,0.003,-0.025,0.041,0.000,0.000,0,,0,,,,467212,148.57,0
1125,2569.544,"Mount",0.048,-0.070,0.084,-0.011,-0.025,0.000,14,E,0,,,,444176,136.51,0
1126,2571.758,"Mount",-0.068,-0.038,0.002,0.078,-0.082,0.028,47,E,12,S,,,494044,143.85,0
1127,2574.196,"Mount",-0.089,0.207,-0.224,-0.016,-0.243,0.000,139,E,0,,,,479821,156.34,0
1128,2576.381,"Mount",-0.088,0.057,-0.091,0.051,-0.195,0.000,112,E,0,,,,447763,160.01,0
1129,2578.723,"Mount",-0.025,-0.059,0.040,0.050,-0.152,0.000,87,E,0,,,,454786,165.16,0
1130,2581.099,"Mount",-0.126,0.018,-0.074,0.103,-0.198,0.037,113,E,16,S,,,483085,152.68,0
1131,2583.461,"Mount",-0.005,-0.084,0.073,0.043,-0.140,0.000,80,E,0,,,,446062,124.90,0
1132,2585.703,"Mount",0.084,0.032,0.010,-0.089,-0.145,-0.032,83,E,14,N,,,441394,138.24,0
1133,2588.075,"Mount",0.067,-0.074,0.096,-0.025,-0.094,0.000,54,E,0,,,,466293,135.95,0
1134,2590.193,"Mount",0.055,-0.100,0.114,-0.003,-0.061,0.000,35,E,0,,,,476963,144.58,0
1135,2592.550,"Mount",-0.029,-0.029,0.012,0.039,-0.086,0.000,49,E,0,,,,456896,131.84,0
1136,2594.671,"Mount",-0.052,0.048,-0.067,0.024,-0.095,0.000,54,E,0,,,,485365,143.91,0
1137,2597.032,"Mount",-0.092,0.096,-0.128,0.037,-0.104,0.000,60,E,0,,,,457441,137.38,0
1138,2599.168,"Mount",-0.036,-0.101,0.073,0.079,0.001,0.028,1,W,12,S,,,447948,146.31,0
1139,2601.492,"Mount",-0.014,-0.052,0.040,0.037,-0.040,0.000,23,E,0,,,,451318,140.34,0
1140,2603.614,"Mount",-0.061,0.058,-0.080,0.027,-0.065,0.000,37,E,0,,,,461721,141.83,0
1141,2605.985,"Mount",-0.098,-0.172,0.108,0.166,0.003,0.060,2,W,26,S,,,477015,152.31,0
1142,2608.172,"Mount",-0.053,-0.171,0.128,0.126,0.005,0.048,3,W,20,S,,,446539,134.30,0
1143,2610.517,"Mount",0.080,-0.031,0.064,-0.056,-0.038,0.000,22,E,0,,,,436328,148.33,0
1144,2612.621,"Mount",0.010,-0.030,0.031,0.005,-0.077,0.000,44,E,0,,,,437820,126.50,0
1145,2614.991,"Mount",-0.008,-0.056,0.046,0.033,-0.094,0.000,54,E,0,,,,484965,163.07,0
1146,2617.145,"Mount",-0.018,-0.020,0.009,0.025,-0.097,0.000,55,E,0,,,,472139,158.98,0
1147,2619.515,"Mount",-0.023,0.000,-0.011,0.021,-0.122,0.000,70,E,0,,,,486346,155.56,0
1148,2621.670,"Mount",-0.018,-0.032,0.020,0.031,-0.133,0.000,76,E,0,,,,462410,154.08,0
1149,2624.055,"Mount",0.004,0.045,-0.038,-0.024,-0.153,0.000,87,E,0,,,,450832,127.70,0
1150,2626.253,"Mount",-0.011,-0.046,0.036,0.031,-0.164,0.000,94,E,0,,,,450054,147.48,0
1151,2628.833,"Mount",-0.667,-0.403,0.050,0.778,-0.182,0.280,104,E,120,S,,,451003,136.06,0
1152,2631.066,"Mount",-0.101,-0.198,0.129,0.181,-0.146,0.076,83,E,33,S,,,464250,146.99,0
1153,2633.547,"Mount",0.136,-0.009,0.071,-0.117,-0.186,-0.039,106,E,17,N,,,466506,141.70,0
1154,2635.764,"Mount",-0.020,0.015,-0.022,0.010,-0.218,0.000,125,E,0,,,,464536,147.62,0
1155,2638.226,"Mount",0.014,0.089,-0.073,-0.053,-0.254,0.000,145,E,0,,,,452669,139.76,0
1156,2640.472,"Mount",0.104,0.058,-0.003,-0.119,-0.212,-0.043,121,E,18,N,,,474530,148.76,0
1157,2643.032,"Mount",-0.214,0.128,-0.212,0.131,-0.310,0.045,177,E,19,S,,,465557,130.46,0
1158,2645.421,"Mount",-0.173,0.161,-0.223,0.079,-0.310,0.030,177,E,13,S,,,451126,144.10,0
1159,2647.890,"Mount",0.017,0.089,-0.071,-0.056,-0.252,0.000,144,E,0,,,,474062,153.96,0
1160,2650.204,"Mount",0.129,0.043,0.021,-0.134,-0.202,-0.048,116,E,21,N,,,478780,149.37,0
1161,2652.577,"Mount",-0.029,-0.006,-0.008,0.028,-0.209,0.000,120,E,0,,,,463590,182.41,0
1162,2654.747,"Mount",0.013,-0.006,0.012,-0.009,-0.184,0.000,105,E,0,,,,464586,168.41,0
1163,2657.178,"Mount",-0.008,-0.034,0.027,0.023,-0.181,0.000,103,E,0,,,,417157,130.47,0
1164,2659.425,"Mount",0.018,-0.015,0.021,-0.009,-0.160,0.000,91,E,0,,,,462775,143.88,0
1165,2661.826,"Mount",-0.026,0.026,-0.035,0.011,-0.151,0.000,86,E,0,,,,465180,152.22,0
1166,2664.011,"Mount",-0.039,-0.050,0.027,0.058,-0.126,0.000,72,E,0,,,,473072,147.49,0
1167,2666.478,"Mount",-0.099,-0.034,-0.015,0.104,-0.131,0.037,75,E,16,S,,,452419,160.28,0
1168,2668.584,"Mount",0.089,-0.114,0.142,-0.026,-0.050,0.000,29,E,0,,,,443320,143.74,0
1169,2670.941,"Mount",0.014,-0.085,0.082,0.027,-0.073,0.000,42,E,0,,,,434458,138.08,0
1170,2673.031,"Mount",0.013,-0.095,0.091,0.032,-0.056,0.000,32,E,0,,,,463425,153.26,0
1171,2675.387,"Mount",-0.014,-0.031,0.021,0.027,-0.096,0.000,55,E,0,,,,437971,139.26,0
1172,2677.506,"Mount",0.054,-0.008,0.032,-0.044,-0.075,0.000,43,E,0,,,,436169,134.77,0
1173,2679.845,"Mount",-0.000,-0.094,0.083,0.044,-0.038,0.000,22,E,0,,,,425798,120.38,0
1174,2681.973,"Mount",-0.065,0.022,-0.049,0.047,-0.065,0.000,37,E,0,,,,449067,129.76,0
1175,2684.316,"Mount",0.044,-0.035,0.051,-0.023,-0.068,0.000,39,E,0,,,,446884,144.18,0
1176,2686.559,"Mount",-0.376,-0.436,0.214,0.535,0.034,0.192,20,W,82,S,,,444650,138.12,0
1177,2688.997,"Mount",-0.105,-0.051,-0.003,0.116,-0.055,0.050,31,E,21,S,,,447172,147.92,0
1178,2691.203,"Mount",0.075,0.134,-0.085,-0.129,-0.090,-0.044,51,E,19,N,,,475689,161.12,0
1179,2693.619,"Mount",-0.113,0.056,-0.101,0.074,-0.091,0.025,52,E,11,S,,,455742,136.33,0
1180,2695.722,"Mount",0.052,-0.087,0.101,-0.006,-0.003,0.000,2,E,0,,,,454268,142.74,0
1181,2698.035,"Mount",-0.021,-0.008,-0.003,0.022,-0.041,0.000,23,E,0,,,,456676,147.92,0
1182,2700.163,"Mount",-0.015,-0.039,0.028,0.031,-0.025,0.000,14,E,0,,,,449419,151.40,0
1183,2702.504,"Mount",0.071,-0.113,0.133,-0.011,0.052,0.000,30,W,0,,,,425381,127.59,0
1184,2704.658,"Mount",-0.043,-0.115,0.082,0.091,0.049,0.033,28,W,14,S,,,452162,134.25,0
1185,2706.953,"Mount",-0.029,0.113,-0.113,-0.027,-0.004,0.000,2,E,0,,,,478216,144.06,0
1186,2709.190,"Mount",0.208,-0.027,0.120,-0.172,0.120,-0.062,68,W,26,N,,,444586,137.29,0
1187,2711.562,"Mount",0.038,-0.038,0.052,-0.016,0.085,0.000,49,W,0,,,,462958,146.12,0
1188,2713.730,"Mount",0.004,0.006,-0.003,-0.006,0.093,0.000,53,W,0,,,,460949,152.34,0
1189,2716.089,"Mount",0.081,-0.071,0.101,-0.039,0.149,0.000,85,W,0,,,,467464,151.58,0
1190,2718.332,"Mount",-0.113,-0.140,0.072,0.165,0.136,0.059,78,W,25,S,,,465089,147.84,0
1191,2720.747,"Mount",-0.076,0.006,-0.040,0.065,0.120,0.026,69,W,11,S,,,441964,132.57,0
1192,2722.912,"Mount",0.028,0.017,-0.002,-0.032,0.124,0.000,71,W,0,,,,464559,156.21,0
1193,2725.352,"Mount",0.061,0.067,-0.031,-0.085,0.132,-0.031,76,W,13,N,,,450978,147.69,0
1194,2727.455,"Mount",0.006,0.088,-0.075,-0.046,0.093,0.000,53,W,0,,,,457443,151.97,0
1195,2729.874,"Mount",0.016,-0.106,0.102,0.035,0.173,0.000,99,W,0,,,,429785,124.02,0
1196,2732.117,"Mount",0.085,-0.027,0.063,-0.063,0.140,-0.023,80,W,10,N,,,468204,137.93,0
1197,2734.595,"Mount",-0.081,-0.057,0.013,0.098,0.101,0.035,58,W,15,S,,,450076,157.97,0
1198,2736.716,"Mount",-0.050,-0.007,-0.016,0.047,0.092,0.000,52,W,0,,,,483809,169.24,0
1199,2739.116,"Mount",0.017,0.045,-0.032,-0.036,0.065,0.000,37,W,0,,,,468011,144.14,0
1200,2741.350,"Mount",-0.098,-0.008,-0.038,0.091,0.044,0.033,25,W,14,S,,,453011,151.90,0
1201,2743.646,"Mount",-0.026,0.030,-0.039,0.009,0.022,0.000,13,W,0,,,,464750,148.71,0
1202,2745.819,"Mount",-0.086,-0.097,0.046,0.121,0.003,0.044,2,W,19,S,,,432827,122.66,0
1203,2748.162,"Mount",0.108,0.031,0.022,-0.110,-0.013,-0.038,7,E,16,N,,,441871,128.24,0
1204,2750.235,"Mount",-0.062,0.028,-0.054,0.042,-0.021,0.000,12,E,0,,,,469580,158.98,0
1205,2752.652,"Mount",-0.114,0.051,-0.098,0.077,-0.074,0.028,43,E,12,S,,,441713,133.30,0
1206,2754.742,"Mount",0.001,0.009,-0.008,-0.005,-0.029,0.000,16,E,0,,,,466074,148.47,0
1207,2757.158,"Mount",0.042,0.094,-0.064,-0.081,-0.061,-0.029,35,E,12,N,,,443989,132.82,0
1208,2759.401,"Mount",0.021,0.174,-0.144,-0.099,-0.086,-0.037,49,E,16,N,,,435225,132.78,0
1209,2761.725,"Mount",-0.000,-0.011,0.010,0.006,-0.006,0.000,3,E,0,,,,453456,129.14,0
1210,2763.845,"Mount",0.096,-0.101,0.134,-0.038,0.065,0.000,37,W,0,,,,476637,172.11,0
1211,2766.281,"Mount",-0.210,0.022,-0.117,0.176,-0.030,0.063,17,E,27,S,,,452611,141.31,0
1212,2768.404,"Mount",0.011,0.049,-0.038,-0.033,0.039,0.000,23,W,0,,,,447039,146.61,0
1213,2770.736,"Mount",-0.032,0.083,-0.088,-0.011,0.023,0.000,13,W,0,,,,465869,161.29,0
1214,2772.872,"Mount",-0.038,0.034,-0.048,0.018,0.079,0.000,45,W,0,,,,472800,148.95,0
1215,2775.242,"Mount",0.021,0.008,0.003,-0.022,0.097,0.000,55,W,0,,,,445093,134.78,0
1216,2777.392,"Mount",0.020,-0.104,0.102,0.030,0.150,0.000,86,W,0,,,,464184,133.86,0
1217,2779.766,"Mount",0.031,-0.003,0.017,-0.026,0.124,0.000,71,W,0,,,,435579,134.12,0
1218,2781.967,"Mount",0.041,-0.114,0.120,0.016,0.185,0.000,106,W,0,,,,450995,130.55,0
1219,2784.522,"Mount",-0.012,-0.215,0.185,0.110,0.228,0.040,130,W,17,S,,,473369,142.10,0
1220,2786.846,"Mount",-0.246,-0.358,0.204,0.384,0.249,0.140,143,W,60,S,,,451908,135.93,0
1221,2789.310,"Mount",0.092,-0.114,0.143,-0.029,0.238,0.000,136,W,0,,,,438944,136.78,0
1222,2791.525,"Mount",-0.045,-0.028,0.004,0.053,0.176,0.000,101,W,0,,,,456519,166.63,0
1223,2793.962,"Mount",0.054,-0.011,0.035,-0.043,0.171,0.000,98,W,0,,,,467405,149.85,0
1224,2796.161,"Mount",0.036,-0.011,0.027,-0.027,0.153,0.000,88,W,0,,,,482135,152.53,0
1225,2798.662,"Mount",-0.058,-0.052,0.019,0.075,0.130,0.027,74,W,12,S,,,454513,145.64,0
1226,2800.911,"Mount",-0.088,-0.134,0.078,0.140,0.142,0.051,81,W,22,S,,,445535,136.10,0
1227,2803.236,"Mount",0.070,-0.026,0.055,-0.051,0.089,0.000,51,W,0,,,,467821,146.17,0
1228,2805.413,"Mount",0.036,-0.130,0.132,0.028,0.133,0.000,76,W,0,,,,429874,123.65,0
1229,2807.798,"Mount",0.078,-0.021,0.055,-0.059,0.070,0.000,40,W,0,,,,456822,137.02,0
1230,2809.888,"Mount",-0.014,0.044,-0.046,-0.008,0.059,0.000,34,W,0,,,,434314,123.96,0
1231,2812.283,"Mount",-0.129,-0.007,-0.053,0.118,0.049,0.042,28,W,18,S,,,452658,148.50,0
1232,2814.414,"Mount",0.031,0.041,-0.022,-0.046,0.042,0.000,24,W,0,,,,468949,142.16,0
1233,2816.772,"Mount",0.036,0.067,-0.043,-0.063,0.037,-0.023,21,W,10,N,,,462903,143.18,0
1234,2818.893,"Mount",0.025,0.036,-0.021,-0.039,0.026,0.000,15,W,0,,,,446134,130.48,0
1235,2821.276,"Mount",-0.089,-0.041,-0.004,0.098,0.030,0.035,17,W,15,S,,,451317,140.90,0
1236,2823.401,"Mount",0.055,-0.026,0.048,-0.037,0.019,0.000,11,W,0,,,,437610,144.69,0
1237,2825.713,"Mount",0.044,-0.010,0.030,-0.035,0.014,0.000,8,W,0,,,,451044,147.68,0
1238,2827.838,"Mount",0.048,0.009,0.014,-0.047,0.002,0.000,1,W,0,,,,458990,162.80,0
1239,2830.130,"Mount",0.036,0.024,-0.004,-0.043,0.000,0.000,0,,0,,,,451237,166.56,0
1240,2832.202,"Mount",0.023,-0.095,0.095,0.023,0.042,0.000,24,W,0,,,,434165,138.30,0
1241,2834.595,"Mount",-0.105,-0.068,0.012,0.125,-0.003,0.045,2,E,19,S,,,427912,125.58,0
1242,2836.731,"Mount",-0.068,0.132,-0.149,-0.000,-0.075,0.000,43,E,0,,,,479113,157.59,0
1243,2839.038,"Mount",-0.020,-0.056,0.040,0.044,-0.004,0.000,2,E,0,,,,445817,148.09,0
1244,2841.160,"Mount",0.035,-0.027,0.040,-0.019,-0.010,0.000,6,E,0,,,,463046,134.54,0
1245,2843.476,"Mount",-0.044,0.007,-0.027,0.035,-0.008,0.000,5,E,0,,,,446693,140.68,0
1246,2845.656,"Mount",-0.103,-0.031,-0.020,0.106,-0.003,0.038,2,E,16,S,,,429010,135.45,0
1247,2848.039,"Mount",0.041,0.054,-0.029,-0.061,-0.004,-0.020,2,E,9,N,,,470086,149.49,0
1248,2850.157,"Mount",0.048,-0.051,0.067,-0.019,0.024,0.000,14,W,0,,,,458761,124.04,0
1249,2852.546,"Mount",-0.074,0.011,-0.044,0.060,-0.011,0.022,6,E,9,S,,,480584,156.99,0
1250,2854.636,"Mount",0.008,-0.031,0.031,0.007,-0.015,0.000,8,E,0,,,,459420,123.32,0
1251,2856.959,"Mount",-0.057,0.016,-0.040,0.043,-0.019,0.000,11,E,0,,,,441514,128.47,0
1252,2859.064,"Mount",-0.013,0.013,-0.017,0.006,-0.026,0.000,15,E,0,,,,439519,135.39,0
1253,2861.481,"Mount",-0.077,0.018,-0.051,0.060,-0.034,0.022,19,E,9,S,,,450552,136.95,0
1254,2863.589,"Mount",-0.015,0.055,-0.056,-0.012,-0.042,0.000,24,E,0,,,,460403,137.18,0
1255,2866.020,"Mount",-0.083,0.005,-0.042,0.071,-0.053,0.026,30,E,11,S,,,451697,144.13,0
1256,2868.248,"Mount",-0.299,-0.078,-0.068,0.301,-0.091,0.109,52,E,47,S,,,443392,129.42,0
1257,2870.589,"Mount",-0.015,-0.108,0.089,0.063,-0.018,0.027,10,E,12,S,,,443535,136.35,0
1258,2872.695,"Mount",0.040,-0.017,0.034,-0.027,-0.060,0.000,34,E,0,,,,446934,142.12,0
1259,2875.003,"Mount",0.008,0.050,-0.041,-0.030,-0.055,0.000,32,E,0,,,,466097,179.68,0
1260,2877.096,"Mount",0.011,0.004,0.002,-0.011,-0.026,0.000,15,E,0,,,,435475,139.64,0
1261,2879.380,"Mount",0.029,0.049,-0.030,-0.048,0.013,0.000,7,W,0,,,,414758,128.64,0
1262,2881.521,"Mount",0.034,0.038,-0.018,-0.047,0.051,0.000,29,W,0,,,,451623,138.11,0
1263,2883.888,"Mount",-0.007,0.032,-0.032,-0.009,0.132,0.000,75,W,0,,,,474902,153.92,0
1264,2886.050,"Mount",0.010,-0.033,0.034,0.007,0.154,0.000,88,W,0,,,,466167,140.93,0
1265,2888.468,"Mount",-0.020,0.056,-0.059,-0.008,0.178,0.000,102,W,0,,,,433233,149.80,0
1266,2890.681,"Mount",-0.283,0.117,-0.234,0.197,0.063,0.071,36,W,30,S,,,470867,154.67,0
1267,2893.098,"Mount",-0.197,0.108,-0.186,0.125,0.025,0.048,14,W,20,S,,,452743,144.47,0
1268,2895.270,"Mount",-0.183,0.162,-0.228,0.087,-0.040,0.033,23,E,14,S,,,471524,163.32,0
1269,2897.567,"Mount",-0.010,0.070,-0.066,-0.024,-0.046,0.000,26,E,0,,,,444712,143.71,0
1270,2899.767,"Mount",-0.105,-0.064,0.008,0.123,-0.062,0.044,35,E,19,S,,,441888,137.54,0
1271,2902.126,"Mount",-0.011,-0.053,0.042,0.034,-0.101,0.000,58,E,0,,,,456228,126.42,0
1272,2904.168,"Mount",0.074,-0.241,0.248,0.046,-0.000,0.000,0,,0,,,,432934,133.47,0
1273,2906.527,"Mount",0.016,-0.113,0.108,0.039,-0.049,0.000,28,E,0,,,,462489,153.44,0
1274,2908.605,"Mount",0.025,-0.171,0.164,0.057,0.011,0.000,6,W,0,,,,473422,134.40,0
1275,2910.931,"Mount",0.063,-0.156,0.168,0.016,0.020,0.000,11,W,0,,,,466566,143.77,0
1276,2913.063,"Mount",0.097,-0.090,0.124,-0.045,0.010,0.000,6,W,0,,,,468498,143.32,0
1277,2915.439,"Mount",0.023,-0.223,0.209,0.082,0.033,0.030,19,W,13,S,,,457816,143.44,0
1278,2917.605,"Mount",0.090,-0.028,0.066,-0.066,-0.064,-0.023,36,E,10,N,,,473571,143.33,0
1279,2919.994,"Mount",0.033,0.005,0.011,-0.031,-0.110,0.000,63,E,0,,,,440216,128.23,0
1280,2922.162,"Mount",-0.025,-0.002,-0.010,0.023,-0.120,0.000,69,E,0,,,,421130,127.56,0
1281,2924.581,"Mount",-0.035,-0.012,-0.006,0.037,-0.136,0.000,77,E,0,,,,463297,129.81,0
1282,2926.779,"Mount",-0.032,0.082,-0.088,-0.010,-0.178,0.000,102,E,0,,,,453278,157.17,0
1283,2929.194,"Mount",-0.025,0.157,-0.151,-0.050,-0.215,0.000,123,E,0,,,,428153,135.06,0
1284,2931.405,"Mount",-0.102,-0.021,-0.028,0.100,-0.138,0.036,79,E,15,S,,,439862,138.49,0
1285,2933.906,"Mount",-0.145,0.058,-0.119,0.101,-0.190,0.038,109,E,16,S,,,474376,151.54,0
1286,2936.210,"Mount",-0.192,0.041,-0.125,0.152,-0.185,0.056,106,E,24,S,,,443279,158.73,0
1287,2938.624,"Mount",-0.030,-0.118,0.090,0.081,-0.076,0.032,44,E,13,S,,,474081,155.66,0
1288,2940.810,"Mount",0.098,0.044,0.007,-0.108,-0.100,-0.037,57,E,16,N,,,430829,130.21,0
1289,2943.246,"Mount",0.125,-0.047,0.099,-0.089,-0.041,-0.034,23,E,14,N,,,453219,132.44,0
1290,2945.563,"Mount",-0.165,0.125,-0.187,0.089,-0.152,0.031,87,E,13,S,,,450961,139.78,0
1291,2947.935,"Mount",-0.120,0.072,-0.119,0.073,-0.097,0.028,55,E,12,S,,,455154,145.84,0
1292,2950.011,"Mount",-0.009,-0.002,-0.002,0.009,-0.034,0.000,19,E,0,,,,466034,145.19,0
1293,2952.373,"Mount",0.053,0.033,-0.005,-0.062,-0.030,-0.022,17,E,10,N,,,458963,146.95,0
1294,2954.462,"Mount",0.042,-0.039,0.054,-0.019,-0.036,0.000,20,E,0,,,,456545,139.82,0
1295,2956.743,"Mount",-0.011,0.008,-0.012,0.006,-0.043,0.000,25,E,0,,,,462444,153.36,0
1296,2958.864,"Mount",0.017,-0.002,0.009,-0.014,-0.049,0.000,28,E,0,,,,458732,148.01,0
1297,2961.252,"Mount",-0.098,0.184,-0.209,0.002,-0.166,0.000,95,E,0,,,,451313,148.48,0
1298,2963.372,"Mount",-0.056,0.003,-0.029,0.048,-0.081,0.000,46,E,0,,,,478291,147.00,0
1299,2965.776,"Mount",-0.045,0.068,-0.082,0.009,-0.149,0.000,85,E,0,,,,478644,148.33,0
1300,2967.983,"Mount",-0.048,0.061,-0.076,0.014,-0.167,0.000,96,E,0,,,,489213,152.64,0
1301,2970.409,"Mount",-0.091,-0.052,0.004,0.105,-0.156,0.038,89,E,16,S,,,442569,137.53,0
1302,2972.597,"Mount",0.030,-0.044,0.053,-0.007,-0.163,0.000,93,E,0,,,,455940,158.78,0
1303,2975.017,"Mount",-0.007,-0.058,0.048,0.032,-0.182,0.000,104,E,0,,,,454726,151.48,0
1304,2977.296,"Mount",-0.113,-0.151,0.082,0.170,-0.141,0.061,81,E,26,S,,,456100,142.34,0
1305,2979.820,"Mount",-0.064,-0.049,0.014,0.080,-0.202,0.031,116,E,13,S,,,449179,158.15,0
1306,2982.161,"Mount",-0.117,0.170,-0.205,0.025,-0.295,0.000,168,E,0,,,,427485,134.68,0
1307,2984.628,"Mount",-0.035,0.128,-0.130,-0.028,-0.270,0.000,154,E,0,,,,426550,131.22,0
1308,2986.858,"Mount",-0.086,0.156,-0.178,0.004,-0.287,0.000,164,E,0,,,,466486,131.86,0
1309,2989.427,"Mount",-0.160,0.147,-0.204,0.074,-0.306,0.027,175,E,11,S,,,464459,160.85,0
1310,2991.692,"Mount",-0.037,0.070,-0.079,0.001,-0.258,0.000,147,E,0,,,,450051,137.38,0
1311,2994.156,"Mount",-0.058,0.041,-0.063,0.033,-0.257,0.000,147,E,0,,,,460088,134.21,0
1312,2996.368,"Mount",-0.044,0.043,-0.058,0.019,-0.224,0.000,128,E,0,,,,459179,159.29,0
1313,2998.852,"Mount",0.040,0.097,-0.068,-0.081,-0.258,-0.029,147,E,12,N,,,438027,126.81,0
1314,3001.111,"Mount",-0.031,0.089,-0.093,-0.013,-0.256,0.000,146,E,0,,,,452947,134.49,0
1315,3003.636,"Mount",-0.124,0.060,-0.110,0.083,-0.256,0.030,146,E,13,S,,,427857,138.64,0
1316,3005.817,"Mount",0.007,-0.117,0.107,0.048,-0.134,0.000,77,E,0,,,,444520,128.94,0
1317,3008.278,"Mount",-0.072,-0.107,0.061,0.113,-0.139,0.041,80,E,17,S,,,461224,148.42,0
1318,3010.445,"Mount",0.016,-0.114,0.109,0.039,-0.092,0.000,53,E,0,,,,459817,144.26,0
1319,3012.894,"Mount",0.145,-0.095,0.151,-0.085,-0.058,-0.031,33,E,13,N,,,440203,154.26,0
1320,3015.145,"Mount",0.021,0.027,-0.015,-0.031,-0.110,0.000,63,E,0,,,,466857,146.10,0
1321,3017.546,"Mount",0.047,0.084,-0.053,-0.080,-0.085,-0.029,48,E,12,N,,,466705,136.04,0
1322,3019.736,"Mount",-0.121,-0.056,-0.006,0.133,-0.076,0.047,44,E,20,S,,,458484,143.00,0
1323,3022.047,"Mount",0.075,-0.108,0.131,-0.017,-0.019,0.000,11,E,0,,,,448629,140.97,0
1324,3024.173,"Mount",0.003,0.089,-0.078,-0.044,-0.099,0.000,56,E,0,,,,457960,160.25,0
1325,3026.577,"Mount",0.053,0.095,-0.060,-0.091,-0.069,-0.033,39,E,14,N,,,454544,154.74,0
1326,3028.668,"Mount",0.008,0.080,-0.067,-0.044,-0.096,0.000,55,E,0,,,,444126,141.31,0
1327,3031.117,"Mount",-0.122,0.078,-0.125,0.073,-0.142,0.026,81,E,11,S,,,460796,139.87,0
1328,3033.272,"Mount",-0.063,0.046,-0.070,0.034,-0.118,0.000,67,E,0,,,,471283,148.28,0
1329,3035.661,"Mount",0.026,0.012,0.001,-0.029,-0.087,0.000,50,E,0,,,,467641,140.36,0
1330,3037.828,"Mount",0.025,0.038,-0.022,-0.040,-0.077,0.000,44,E,0,,,,439487,129.07,0
1331,3040.183,"Mount",0.002,0.055,-0.048,-0.028,-0.070,0.000,40,E,0,,,,441862,147.21,0
1332,3042.256,"Mount",0.007,0.039,-0.032,-0.024,-0.046,0.000,26,E,0,,,,456577,161.43,0
1333,3044.624,"Mount",-0.112,0.109,-0.148,0.049,-0.107,0.000,61,E,0,,,,437965,133.94,0
1334,3046.729,"Mount",-0.067,0.022,-0.051,0.049,-0.023,0.000,13,E,0,,,,454131,136.72,0
1335,3049.066,"Mount",-0.006,0.067,-0.062,-0.026,-0.028,0.000,16,E,0,,,,453918,144.72,0
1336,3053.521,"Mount",-0.772,-0.270,-0.115,0.809,-0.015,0.291,9,E,125,S,,,459827,140.27,0
1337,3055.712,"Mount",-0.323,-0.083,-0.075,0.325,0.021,0.129,12,W,55,S,,,451618,152.30,0
1338,3058.035,"Mount",-0.037,0.043,-0.056,0.013,0.065,0.000,37,W,0,,,,451909,148.47,0
1339,3060.094,"Mount",-0.077,0.036,-0.067,0.051,0.045,0.000,26,W,0,,,,450395,129.84,0
1340,3062.474,"Mount",-0.112,0.051,-0.097,0.076,0.042,0.027,24,W,12,S,,,470910,149.67,0
1341,3064.582,"Mount",0.017,-0.051,0.053,0.009,0.082,0.000,47,W,0,,,,468538,131.85,0
1342,3067.008,"Mount",0.045,-0.018,0.037,-0.031,0.095,0.000,54,W,0,,,,447783,153.38,0
1343,3069.233,"Mount",-0.018,0.010,-0.017,0.012,0.107,0.000,61,W,0,,,,492229,176.56,0
1344,3071.623,"Mount",-0.051,-0.080,0.047,0.082,0.125,0.029,72,W,13,S,,,451700,134.40,0
1345,3073.764,"Mount",-0.009,0.025,-0.026,-0.004,0.129,0.000,74,W,0,,,,451175,145.99,0
1346,3076.140,"Mount",0.020,0.041,-0.027,-0.036,0.139,0.000,79,W,0,,,,456526,146.85,0
1347,3078.282,"Mount",0.025,0.045,-0.028,-0.043,0.131,0.000,75,W,0,,,,428944,119.64,0
1348,3080.654,"Mount",-0.038,-0.037,0.015,0.051,0.129,0.000,73,W,0,,,,475588,138.47,0
1349,3082.807,"Mount",0.014,0.040,-0.029,-0.031,0.106,0.000,61,W,0,,,,445837,131.02,0
1350,3085.209,"Mount",-0.027,-0.003,-0.010,0.025,0.094,0.000,54,W,0,,,,435026,135.29,0
1351,3087.333,"Mount",0.005,0.171,-0.150,-0.083,-0.009,-0.030,5,E,13,N,,,449249,157.41,0
1352,3089.642,"Mount",0.001,0.087,-0.077,-0.041,-0.005,0.000,3,E,0,,,,488345,166.78,0
1353,3091.826,"Mount",-0.058,-0.054,0.021,0.076,0.004,0.028,2,W,12,S,,,434264,136.41,0
1354,3094.227,"Mount",-0.114,0.081,-0.125,0.063,-0.069,0.024,39,E,10,S,,,451279,150.08,0
1355,3096.393,"Mount",-0.090,0.034,-0.071,0.064,-0.048,0.024,28,E,10,S,,,443205,131.93,0
1356,3098.738,"Mount",-0.021,0.079,-0.080,-0.018,-0.063,0.000,36,E,0,,,,464612,141.97,0
1357,3100.889,"Mount",-0.052,0.110,-0.122,-0.005,-0.085,0.000,49,E,0,,,,439926,132.28,0
1358,3103.231,"Mount",0.009,-0.007,0.011,-0.005,-0.031,0.000,18,E,0,,,,460929,141.84,0
1359,3105.357,"Mount",-0.039,-0.027,0.006,0.047,-0.025,0.000,14,E,0,,,,468436,188.44,0
1360,3107.683,"Mount",0.005,0.005,-0.002,-0.007,-0.019,0.000,11,E,0,,,,466164,135.58,0
1361,3109.789,"Mount",0.019,-0.024,0.030,-0.005,-0.007,0.000,4,E,0,,,,460038,140.75,0
1362,3112.265,"Mount",-0.067,-0.149,0.101,0.128,0.050,0.046,29,W,20,S,,,472721,160.60,0
1363,3114.484,"Mount",-0.134,-0.136,0.059,0.182,0.023,0.067,13,W,29,S,,,477650,149.21,0
1364,3116.825,"Mount",-0.105,0.047,-0.090,0.071,0.005,0.028,3,W,12,S,,,451439,146.11,0
1365,3118.969,"Mount",-0.026,0.001,-0.013,0.022,0.062,0.000,35,W,0,,,,475272,177.43,0
1366,3121.320,"Mount",-0.048,0.032,-0.050,0.028,0.078,0.000,45,W,0,,,,441802,155.66,0
1367,3123.458,"Mount",-0.010,-0.075,0.062,0.044,0.118,0.000,67,W,0,,,,450419,134.00,0
1368,3125.856,"Mount",0.061,-0.013,0.039,-0.048,0.112,0.000,64,W,0,,,,466765,144.23,0
1369,3128.015,"Mount",-0.049,0.012,-0.033,0.038,0.127,0.000,72,W,0,,,,483051,154.39,0
1370,3130.375,"Mount",0.013,-0.034,0.036,0.004,0.140,0.000,80,W,0,,,,454116,142.99,0
1371,3132.543,"Mount",-0.021,-0.049,0.034,0.041,0.148,0.000,84,W,0,,,,427357,125.48,0
1372,3135.022,"Mount",-0.184,-0.068,-0.025,0.194,0.169,0.070,96,W,30,S,,,464475,167.47,0
1373,3137.303,"Mount",-0.324,-0.214,0.041,0.387,0.175,0.142,100,W,61,S,,,453946,140.71,0
1374,3139.706,"Mount",0.017,0.010,-0.001,-0.019,0.180,0.000,103,W,0,,,,463163,160.15,0
1375,3141.858,"Mount",0.009,-0.000,0.004,-0.008,0.155,0.000,89,W,0,,,,460441,171.93,0
1376,3144.232,"Mount",-0.034,0.068,-0.076,-0.001,0.110,0.000,63,W,0,,,,480065,150.91,0
1377,3146.351,"Mount",-0.003,-0.065,0.056,0.032,0.119,0.000,68,W,0,,,,422266,127.60,0
1378,3148.781,"Mount",0.100,-0.036,0.077,-0.072,0.128,-0.026,73,W,11,N,,,447452,150.03,0
1379,3151.119,"Mount",-0.057,-0.140,0.098,0.115,0.125,0.040,72,W,17,S,,,454973,142.12,0
1380,3153.506,"Mount",0.029,-0.128,0.127,0.033,0.123,0.000,70,W,0,,,,421291,132.37,0
1381,3155.629,"Mount",-0.013,-0.026,0.018,0.024,0.061,0.000,35,W,0,,,,454370,160.73,0
1382,3158.001,"Mount",0.057,-0.034,0.057,-0.035,0.064,0.000,37,W,0,,,,451820,136.02,0
1383,3160.126,"Mount",0.007,0.003,0.001,-0.007,0.063,0.000,36,W,0,,,,452540,128.99,0
1384,3162.482,"Mount",0.019,-0.071,0.072,0.017,0.083,0.000,47,W,0,,,,459128,144.31,0
1385,3164.575,"Mount",0.013,-0.008,0.013,-0.008,0.049,0.000,28,W,0,,,,474061,156.04,0
1386,3166.950,"Mount",-0.114,0.024,-0.074,0.090,0.005,0.032,3,W,14,S,,,445528,132.35,0
1387,3169.039,"Mount",0.002,0.121,-0.106,-0.058,-0.018,0.000,10,E,0,,,,473730,162.76,0
1388,3171.408,"Mount",-0.082,0.155,-0.176,0.002,-0.057,0.000,33,E,0,,,,446406,142.44,0
1389,3173.520,"Mount",-0.023,0.040,-0.046,0.002,0.007,0.000,4,W,0,,,,463725,136.49,0
1390,3175.878,"Mount",-0.052,-0.011,-0.014,0.051,-0.006,0.000,3,E,0,,,,473629,172.55,0
1391,3177.973,"Mount",-0.045,0.063,-0.076,0.011,-0.045,0.000,26,E,0,,,,447368,132.23,0
1392,3180.279,"Mount",-0.003,-0.059,0.052,0.030,-0.012,0.000,7,E,0,,,,449577,133.05,0
1393,3182.452,"Mount",0.141,0.041,0.029,-0.144,-0.010,-0.052,6,E,22,N,,,438660,136.24,0
1394,3184.829,"Mount",-0.017,-0.180,0.152,0.098,0.055,0.033,31,W,14,S,,,452366,148.68,0
1395,3187.036,"Mount",-0.151,-0.015,-0.056,0.141,-0.011,0.052,6,E,22,S,,,450162,133.86,0
1396,3189.344,"Mount",-0.009,-0.059,0.048,0.035,-0.008,0.000,5,E,0,,,,446434,139.90,0
1397,3191.437,"Mount",0.051,-0.040,0.059,-0.027,-0.004,0.000,2,E,0,,,,447265,133.62,0
1398,3193.776,"Mount",0.057,-0.075,0.093,-0.016,0.040,0.000,23,W,0,,,,458732,131.77,0
1399,3195.943,"Mount",-0.025,-0.171,0.140,0.101,0.062,0.036,35,W,16,S,,,439129,147.63,0
1400,3198.240,"Mount",0.011,-0.023,0.025,0.001,-0.004,0.000,2,E,0,,,,460698,147.74,0
1401,3200.351,"Mount",0.094,-0.019,0.060,-0.075,0.018,-0.027,10,W,12,N,,,468129,146.97,0
1402,3202.719,"Mount",0.131,-0.048,0.103,-0.094,0.031,-0.035,18,W,15,N,,,459651,144.19,0
1403,3204.906,"Mount",0.019,-0.202,0.188,0.076,0.063,0.026,36,W,11,S,,,451588,146.47,0
1404,3207.182,"Mount",-0.032,-0.028,0.010,0.041,-0.029,0.000,17,E,0,,,,466611,153.52,0
1405,3209.289,"Mount",0.119,-0.135,0.175,-0.043,0.047,0.000,27,W,0,,,,453414,138.17,0
1406,3211.571,"Mount",0.055,-0.082,0.098,-0.011,0.003,0.000,1,W,0,,,,460531,146.77,0
1407,3213.633,"Mount",0.019,-0.105,0.102,0.032,-0.001,0.000,1,E,0,,,,458355,152.95,0
1408,3216.046,"Mount",-0.070,-0.087,0.044,0.102,-0.049,0.037,28,E,16,S,,,449751,155.64,0
1409,3218.289,"Mount",0.009,-0.302,0.272,0.132,0.079,0.049,45,W,21,S,,,455149,130.15,0
1410,3220.718,"Mount",-0.089,-0.000,-0.041,0.079,-0.036,0.031,21,E,13,S,,,457530,162.26,0
1411,3222.866,"Mount",0.037,0.023,-0.003,-0.043,-0.023,0.000,13,E,0,,,,449505,140.23,0
1412,3225.186,"Mount",-0.065,0.114,-0.131,0.005,-0.065,0.000,37,E,0,,,,480736,150.05,0
1413,3227.275,"Mount",-0.036,-0.031,0.011,0.046,0.015,0.000,8,W,0,,,,457597,143.06,0
1414,3229.658,"Mount",-0.095,-0.100,0.045,0.131,0.050,0.047,29,W,20,S,,,432069,132.58,0
1415,3231.796,"Mount",0.003,0.009,-0.007,-0.007,0.082,0.000,47,W,0,,,,446536,152.81,0
1416,3234.156,"Mount",-0.053,0.128,-0.138,-0.012,0.058,0.000,33,W,0,,,,454698,148.66,0
1417,3236.344,"Mount",-0.134,0.014,-0.074,0.112,0.099,0.040,57,W,17,S,,,460425,160.54,0
1418,3238.747,"Mount",-0.132,0.098,-0.148,0.072,0.064,0.027,36,W,12,S,,,464610,158.39,0
1419,3240.899,"Mount",0.004,0.126,-0.110,-0.062,0.038,-0.021,22,W,9,N,,,451355,136.06,0
1420,3243.206,"Mount",-0.054,0.165,-0.172,-0.028,-0.037,0.000,21,E,0,,,,458542,131.94,0
1421,3245.298,"Mount",-0.056,0.009,-0.034,0.046,-0.004,0.000,3,E,0,,,,464819,131.31,0
1422,3247.657,"Mount",-0.006,0.099,-0.091,-0.040,-0.089,0.000,51,E,0,,,,435769,151.14,0
1423,3249.799,"Mount",0.004,0.078,-0.067,-0.039,-0.084,0.000,48,E,0,,,,453993,154.88,0
1424,3252.110,"Mount",0.061,-0.097,0.114,-0.009,-0.014,0.000,8,E,0,,,,482795,148.24,0
1425,3254.296,"Mount",-0.081,-0.032,-0.009,0.086,-0.058,0.031,33,E,13,S,,,455448,150.43,0
1426,3256.624,"Mount",0.047,-0.037,0.055,-0.025,-0.050,0.000,28,E,0,,,,440940,141.62,0
1427,3258.799,"Mount",0.213,-0.149,0.230,-0.120,0.053,-0.043,30,W,18,N,,,439267,134.10,0
1428,3261.217,"Mount",-0.036,-0.077,0.052,0.068,-0.068,0.023,39,E,10,S,,,470263,140.37,0
1429,3263.366,"Mount",0.012,-0.006,0.011,-0.007,-0.079,0.000,45,E,0,,,,454951,141.21,0
1430,3265.704,"Mount",0.043,-0.154,0.156,0.033,-0.030,0.000,17,E,0,,,,455064,152.51,0
1431,3267.954,"Mount",0.165,-0.129,0.191,-0.087,-0.028,-0.031,16,E,13,N,,,460426,162.98,0
1432,3270.403,"Mount",-0.043,-0.020,-0.002,0.047,-0.132,0.000,76,E,0,,,,440941,136.89,0
1433,3272.710,"Mount",-0.103,-0.017,-0.032,0.099,-0.140,0.036,80,E,15,S,,,444544,146.89,0
1434,3275.097,"Mount",-0.029,-0.005,-0.009,0.028,-0.158,0.000,91,E,0,,,,439785,134.72,0
1435,3277.271,"Mount",-0.023,0.004,-0.014,0.019,-0.151,0.000,87,E,0,,,,446479,131.76,0
1436,3279.675,"Mount",-0.008,-0.001,-0.002,0.007,-0.149,0.000,85,E,0,,,,494063,145.78,0
1437,3281.879,"Mount",-0.062,0.077,-0.097,0.020,-0.176,0.000,101,E,0,,,,461654,138.44,0
1438,3284.237,"Mount",-0.007,-0.070,0.059,0.039,-0.119,0.000,68,E,0,,,,447413,136.10,0
1439,3286.444,"Mount",-0.153,-0.063,-0.015,0.165,-0.105,0.059,60,E,25,S,,,442448,153.89,0
1440,3288.887,"Mount",-0.068,-0.033,-0.002,0.075,-0.094,0.029,54,E,13,S,,,481381,158.59,0
1441,3291.061,"Mount",-0.099,-0.011,-0.036,0.093,-0.075,0.035,43,E,15,S,,,450845,122.77,0
1442,3293.452,"Mount",-0.030,-0.092,0.068,0.069,-0.027,0.026,16,E,11,S,,,432916,142.19,0
1443,3295.595,"Mount",-0.025,0.025,-0.034,0.011,-0.049,0.000,28,E,0,,,,457942,146.35,0
1444,3297.976,"Mount",0.028,-0.049,0.057,-0.002,-0.048,0.000,27,E,0,,,,441917,146.41,0
1445,3300.157,"Mount",-0.032,-0.011,-0.005,0.034,-0.046,0.000,26,E,0,,,,460792,141.38,0
1446,3302.534,"Mount",-0.050,-0.039,0.011,0.062,-0.042,0.022,24,E,10,S,,,461642,141.00,0
1447,3304.679,"Mount",-0.040,-0.100,0.070,0.081,-0.022,0.030,13,E,13,S,,,452779,145.63,0
1448,3306.992,"Mount",-0.013,-0.030,0.021,0.025,-0.069,0.000,39,E,0,,,,450358,134.76,0
1449,3309.069,"Mount",0.019,-0.081,0.081,0.020,-0.040,0.000,23,E,0,,,,472552,151.00,0
1450,3311.425,"Mount",0.160,-0.141,0.199,-0.077,0.001,-0.028,1,W,12,N,,,448268,151.19,0
1451,3313.485,"Mount",0.029,-0.115,0.115,0.028,-0.045,0.000,26,E,0,,,,440026,149.50,0
1452,3315.890,"Mount",-0.086,-0.114,0.062,0.129,-0.089,0.046,51,E,20,S,,,430780,135.49,0
1453,3318.010,"Mount",0.103,-0.071,0.110,-0.059,-0.084,0.000,48,E,0,,,,451308,151.39,0
1454,3320.363,"Mount",-0.014,-0.083,0.067,0.051,-0.118,0.000,67,E,0,,,,458477,152.86,0
1455,3322.593,"Mount",0.011,0.000,0.005,-0.010,-0.157,0.000,90,E,0,,,,463554,156.05,0
1456,3325.089,"Mount",0.068,0.021,0.013,-0.070,-0.184,-0.025,105,E,11,N,,,480674,151.58,0
1457,3327.349,"Mount",-0.106,-0.017,-0.034,0.102,-0.197,0.036,113,E,15,S,,,462321,164.68,0
1458,3329.817,"Mount",-0.054,0.149,-0.157,-0.021,-0.295,0.000,169,E,0,,,,464650,149.93,0
1459,3332.106,"Mount",-0.095,-0.021,-0.025,0.094,-0.224,0.034,128,E,15,S,,,457273,136.51,0
1460,3334.628,"Mount",0.071,0.021,0.014,-0.073,-0.230,-0.025,132,E,11,N,,,443443,135.07,0
1461,3336.952,"Mount",-0.198,0.096,-0.177,0.132,-0.307,0.046,176,E,20,S,,,424180,122.81,0
1462,3339.390,"Mount",-0.060,0.049,-0.071,0.030,-0.271,0.000,155,E,0,,,,417329,135.11,0
1463,3341.678,"Mount",-0.051,0.167,-0.172,-0.032,-0.309,0.000,177,E,0,,,,446860,128.43,0
1464,3344.188,"Mount",-0.129,0.168,-0.208,0.037,-0.332,0.000,190,E,0,,,,435940,137.41,0
1465,3346.398,"Mount",0.002,-0.011,0.011,0.003,-0.225,0.000,129,E,0,,,,480024,151.92,0
1466,3348.843,"Mount",-0.110,-0.256,0.177,0.216,-0.134,0.078,77,E,33,S,,,475104,154.55,0
1467,3351.120,"Mount",-0.032,-0.263,0.219,0.150,-0.093,0.057,53,E,24,S,,,476721,167.56,0
1468,3353.580,"Mount",-0.058,-0.101,0.063,0.098,-0.146,0.037,84,E,16,S,,,489240,157.20,0
1469,3355.859,"Mount",-0.109,-0.056,-0.000,0.122,-0.145,0.046,83,E,20,S,,,421180,126.58,0
1470,3358.278,"Mount",-0.087,0.055,-0.089,0.052,-0.167,0.000,95,E,0,,,,479663,146.04,0
1471,3360.459,"Mount",0.018,0.023,-0.012,-0.027,-0.112,0.000,64,E,0,,,,470714,156.99,0
1472,3362.909,"Mount",-0.072,-0.027,-0.010,0.076,-0.107,0.028,61,E,12,S,,,442511,135.67,0
1473,3365.095,"Mount",0.043,0.025,-0.003,-0.050,-0.096,0.000,55,E,0,,,,424032,129.46,0
1474,3367.452,"Mount",-0.084,0.043,-0.077,0.054,-0.127,0.000,73,E,0,,,,431949,138.42,0
1475,3369.642,"Mount",-0.019,-0.120,0.098,0.072,-0.046,0.026,26,E,11,S,,,463640,140.68,0
1476,3372.141,"Mount",0.071,0.009,0.024,-0.067,-0.086,-0.023,49,E,10,N,,,470936,135.93,0
1477,3374.269,"Mount",0.001,-0.015,0.013,0.006,-0.078,0.000,45,E,0,,,,431364,139.14,0
1478,3376.643,"Mount",0.010,-0.064,0.062,0.021,-0.052,0.000,30,E,0,,,,451644,134.98,0
1479,3378.828,"Mount",0.117,0.031,0.027,-0.118,-0.079,-0.043,45,E,18,N,,,452664,124.92,0
1480,3381.119,"Mount",-0.009,-0.104,0.088,0.056,-0.042,0.000,24,E,0,,,,449115,136.57,0
1481,3383.349,"Mount",-0.060,-0.080,0.043,0.090,-0.075,0.032,43,E,14,S,,,440986,134.39,0
1482,3385.703,"Mount",-0.059,-0.015,-0.013,0.059,-0.066,0.000,38,E,0,,,,465903,168.42,0
1483,3387.794,"Mount",-0.040,0.010,-0.027,0.031,-0.055,0.000,31,E,0,,,,399885,109.92,0
1484,3390.200,"Mount",-0.051,-0.095,0.061,0.089,-0.024,0.032,14,E,14,S,,,455374,147.20,0
1485,3392.304,"Mount",-0.043,0.082,-0.093,-0.000,-0.085,0.000,49,E,0,,,,457349,146.50,0
1486,3394.626,"Mount",-0.010,-0.012,0.006,0.015,-0.034,0.000,20,E,0,,,,456891,139.64,0
1487,3396.669,"Mount",0.032,-0.004,0.018,-0.026,-0.015,0.000,9,E,0,,,,464325,166.83,0
1488,3399.005,"Mount",0.028,-0.075,0.080,0.010,0.040,0.000,23,W,0,,,,451581,128.92,0
1489,3401.108,"Mount",0.003,-0.070,0.063,0.030,0.049,0.000,28,W,0,,,,453042,143.86,0
1490,3403.494,"Mount",-0.117,0.020,-0.071,0.094,0.013,0.034,7,W,15,S,,,430824,129.43,0
1491,3405.631,"Mount",-0.117,0.012,-0.065,0.098,0.031,0.037,18,W,16,S,,,456484,142.55,0
1492,3408.022,"Mount",-0.056,-0.017,-0.010,0.058,0.085,0.000,49,W,0,,,,434031,136.69,0
1493,3410.173,"Mount",-0.041,0.006,-0.025,0.034,0.089,0.000,51,W,0,,,,451355,144.43,0
1494,3412.664,"Mount",-0.055,-0.125,0.085,0.107,0.125,0.038,71,W,16,S,,,460482,140.04,0
1495,3414.832,"Mount",0.013,-0.048,0.049,0.011,0.094,0.000,53,W,0,,,,481623,143.23,0
1496,3417.265,"Mount",-0.077,-0.020,-0.018,0.077,0.110,0.028,63,W,12,S,,,471660,175.07,0
1497,3419.454,"Mount",0.054,-0.091,0.105,-0.006,0.166,0.000,95,W,0,,,,451069,130.25,0
1498,3421.858,"Mount",0.045,-0.101,0.111,0.006,0.178,0.000,102,W,0,,,,447175,141.85,0
1499,3424.018,"Mount",-0.008,-0.026,0.020,0.020,0.127,0.000,73,W,0,,,,450721,132.66,0
1500,3426.401,"Mount",0.035,-0.054,0.063,-0.006,0.163,0.000,93,W,0,,,,442294,125.27,0
1501,3428.647,"Mount",0.121,-0.109,0.153,-0.057,0.187,0.000,107,W,0,,,,468729,132.53,0
1502,3431.034,"Mount",0.019,0.019,-0.008,-0.025,0.111,0.000,63,W,0,,,,468790,144.97,0
1503,3433.145,"Mount",-0.012,-0.008,0.002,0.014,0.088,0.000,50,W,0,,,,446889,138.81,0
1504,3435.412,"Mount",-0.088,0.122,-0.149,0.022,0.000,0.000,0,,0,,,,446474,147.58,0
1505,3437.498,"Mount",-0.007,0.006,-0.008,0.004,0.038,0.000,21,W,0,,,,449314,144.29,0
1506,3439.929,"Mount",-0.432,-0.202,-0.020,0.476,0.021,0.171,12,W,73,S,,,429082,129.57,0
1507,3442.147,"Mount",-0.309,-0.131,-0.026,0.334,-0.006,0.127,3,E,54,S,,,458386,145.10,0
1508,3444.553,"Mount",-0.097,-0.095,0.039,0.129,-0.019,0.052,11,E,22,S,,,479235,148.25,0
1509,3446.663,"Mount",-0.068,0.071,-0.095,0.027,-0.073,0.000,42,E,0,,,,436235,145.62,0
1510,3449.000,"Mount",-0.003,-0.070,0.061,0.035,-0.012,0.000,7,E,0,,,,440585,135.51,0
1511,3451.093,"Mount",0.006,-0.074,0.068,0.029,-0.003,0.000,2,E,0,,,,440423,136.65,0
1512,3453.462,"Mount",-0.068,0.099,-0.120,0.014,-0.083,0.000,47,E,0,,,,459337,160.49,0
1513,3455.571,"Mount",0.005,-0.007,0.008,-0.002,-0.013,0.000,8,E,0,,,,445199,150.61,0
1514,3457.990,"Mount",-0.066,-0.113,0.071,0.111,0.030,0.040,17,W,17,S,,,448205,139.67,0
1515,3460.097,"Mount",-0.081,0.065,-0.095,0.041,-0.031,0.000,18,E,0,,,,457271,148.30,0
1516,3462.394,"Mount",-0.055,0.069,-0.086,0.016,-0.016,0.000,9,E,0,,,,435099,129.18,0
1517,3464.599,"Mount",-0.164,-0.074,-0.010,0.180,0.038,0.065,22,W,28,S,,,462089,139.90,0
1518,3466.940,"Mount",-0.137,0.037,-0.096,0.104,0.013,0.040,8,W,17,S,,,436710,131.51,0
1519,3469.154,"Mount",0.088,-0.014,0.053,-0.071,0.074,-0.024,42,W,10,N,,,445331,141.12,0
1520,3471.497,"Mount",-0.056,0.076,-0.093,0.014,0.056,0.000,32,W,0,,,,452443,156.93,0
1521,3473.824,"Mount",-0.037,-0.280,0.231,0.162,0.209,0.058,120,W,25,S,,,475883,143.30,0
1522,3476.195,"Mount",-0.016,0.011,-0.017,0.009,0.137,0.000,78,W,0,,,,462605,137.84,0
1523,3478.360,"Mount",0.070,-0.147,0.162,0.005,0.208,0.000,119,W,0,,,,433040,135.99,0
1524,3480.781,"Mount",0.112,-0.162,0.195,-0.025,0.246,0.000,141,W,0,,,,448327,141.88,0
1525,3482.960,"Mount",0.028,-0.028,0.038,-0.012,0.166,0.000,95,W,0,,,,426249,129.68,0
1526,3485.516,"Mount",0.128,-0.092,0.141,-0.071,0.250,-0.026,143,W,11,N,,,456392,145.26,0
1527,3487.701,"Mount",0.014,-0.054,0.055,0.012,0.184,0.000,105,W,0,,,,470439,146.75,0
1528,3490.106,"Mount",-0.022,-0.008,-0.003,0.023,0.177,0.000,101,W,0,,,,459835,158.56,0
1529,3492.319,"Mount",-0.042,-0.079,0.050,0.074,0.148,0.027,84,W,11,S,,,470310,178.21,0
1530,3494.694,"Mount",0.013,-0.074,0.072,0.022,0.164,0.000,94,W,0,,,,467050,154.46,0
1531,3496.862,"Mount",0.033,-0.172,0.168,0.051,0.164,0.000,94,W,0,,,,450050,135.51,0
1532,3499.318,"Mount",0.020,-0.135,0.129,0.044,0.133,0.000,76,W,0,,,,467384,152.34,0
1533,3501.562,"Mount",-0.041,-0.063,0.037,0.066,0.076,0.024,43,W,10,S,,,442208,136.23,0
1534,3503.917,"Mount",-0.011,-0.002,-0.003,0.011,0.063,0.000,36,W,0,,,,461235,139.27,0
1535,3505.981,"Mount",-0.029,0.156,-0.152,-0.047,-0.004,0.000,2,E,0,,,,464231,147.36,0
1536,3508.320,"Mount",0.045,-0.134,0.140,0.021,0.124,0.000,71,W,0,,,,456164,148.65,0
1537,3510.449,"Mount",0.045,0.145,-0.108,-0.107,0.009,-0.039,5,W,16,N,,,449659,153.95,0
1538,3512.823,"Mount",-0.195,0.097,-0.176,0.129,-0.030,0.045,17,E,19,S,,,433357,126.90,0
1539,3515.020,"Mount",0.051,0.049,-0.020,-0.068,0.045,-0.023,26,W,10,N,,,447178,141.17,0
1540,3517.378,"Mount",-0.081,0.023,-0.058,0.061,0.029,0.021,16,W,9,S,,,443254,136.39,0
1541,3519.471,"Mount",-0.066,0.001,-0.031,0.057,0.016,0.000,9,W,0,,,,454558,141.78,0
1542,3521.784,"Mount",0.033,-0.006,0.021,-0.026,0.003,0.000,2,W,0,,,,449865,137.97,0
1543,3523.921,"Mount",-0.026,0.113,-0.112,-0.030,-0.057,0.000,33,E,0,,,,451233,147.74,0
1544,3526.246,"Mount",0.001,0.058,-0.051,-0.028,-0.003,0.000,2,E,0,,,,444565,142.41,0
1545,3528.321,"Mount",-0.027,-0.027,0.011,0.037,-0.002,0.000,1,E,0,,,,478375,149.83,0
1546,3530.659,"Mount",0.009,-0.128,0.118,0.051,0.049,0.000,28,W,0,,,,444144,154.86,0
1547,3532.764,"Mount",0.029,-0.038,0.047,-0.008,-0.007,0.000,4,E,0,,,,444087,141.57,0
1548,3535.149,"Mount",-0.055,-0.029,0.001,0.062,-0.005,0.022,3,E,10,S,,,509318,170.22,0
1549,3537.223,"Mount",0.002,-0.102,0.092,0.045,0.043,0.000,25,W,0,,,,471606,151.29,0
1550,3539.596,"Mount",-0.109,-0.057,0.000,0.123,0.004,0.044,3,W,19,S,,,448355,146.05,0
1551,3541.716,"Mount",-0.063,0.051,-0.074,0.033,-0.032,0.000,18,E,0,,,,477872,150.67,0
1552,3544.137,"Mount",-0.001,-0.190,0.168,0.088,0.076,0.032,43,W,14,S,,,461638,142.63,0
1553,3546.242,"Mount",0.008,-0.034,0.034,0.009,-0.003,0.000,2,E,0,,,,442367,139.69,0
1554,3548.626,"Mount",-0.079,-0.038,-0.003,0.088,-0.008,0.032,5,E,14,S,,,451736,149.82,0
1555,3550.719,"Mount",0.003,-0.017,0.017,0.006,-0.010,0.000,5,E,0,,,,446424,149.16,0
1556,3553.042,"Mount",0.011,-0.041,0.042,0.009,-0.017,0.000,10,E,0,,,,455712,142.14,0
1557,3555.164,"Mount",-0.008,0.078,-0.073,-0.029,-0.050,0.000,29,E,0,,,,433844,139.44,0
1558,3557.434,"Mount",0.042,-0.068,0.079,-0.006,0.013,0.000,8,W,0,,,,459197,153.72,0
1559,3559.644,"Mount",-0.084,-0.047,0.003,0.096,-0.030,0.035,17,E,15,S,,,466705,142.97,0
1560,3561.969,"Mount",0.040,0.011,0.008,-0.040,-0.044,0.000,25,E,0,,,,470594,152.67,0
1561,3564.122,"Mount",-0.051,0.111,-0.122,-0.007,-0.103,0.000,59,E,0,,,,461812,155.69,0
1562,3566.424,"Mount",0.039,-0.055,0.067,-0.009,-0.017,0.000,10,E,0,,,,439185,134.20,0
1563,3568.559,"Mount",0.054,0.008,0.018,-0.051,-0.040,0.000,23,E,0,,,,478211,152.19,0
1564,3570.937,"Mount",-0.029,0.095,-0.098,-0.019,-0.074,0.000,42,E,0,,,,465760,144.36,0
1565,3573.103,"Mount",-0.081,-0.030,-0.011,0.086,-0.015,0.031,9,E,13,S,,,471079,143.83,0
1566,3575.424,"Mount",0.018,0.026,-0.015,-0.028,0.010,0.000,6,W,0,,,,462497,159.38,0
1567,3577.504,"Mount",0.017,0.063,-0.048,-0.044,0.035,0.000,20,W,0,,,,420862,129.37,0
1568,3579.849,"Mount",-0.032,0.156,-0.153,-0.044,-0.016,0.000,9,E,0,,,,435692,144.55,0
1569,3581.974,"Mount",-0.066,0.126,-0.142,0.000,0.048,0.000,27,W,0,,,,433434,131.86,0
1570,3584.318,"Mount",-0.006,0.091,-0.084,-0.037,0.114,0.000,65,W,0,,,,435223,132.89,0
1571,3586.516,"Mount",-0.064,0.079,-0.100,0.021,0.085,0.000,49,W,0,,,,459425,139.97,0
1572,3588.873,"Mount",0.015,0.100,-0.082,-0.059,0.088,0.000,50,W,0,,,,442346,147.34,0
1573,3590.947,"Mount",-0.019,0.157,-0.148,-0.056,-0.010,0.000,6,E,0,,,,465179,165.24,0
1574,3593.378,"Mount",0.039,0.187,-0.148,-0.121,-0.090,-0.044,52,E,19,N,,,436859,135.90,0
1575,3595.532,"Mount",-0.053,0.072,-0.089,0.013,-0.077,0.000,44,E,0,,,,430454,142.33,0
1576,3597.959,"Mount",-0.036,-0.066,0.043,0.062,-0.068,0.022,39,E,10,S,,,442236,130.74,0
1577,3600.097,"Mount",-0.048,-0.044,0.017,0.063,-0.073,0.024,42,E,10,S,,,455938,143.60,0
1578,3602.394,"Mount",0.040,0.040,-0.017,-0.054,-0.040,0.000,23,E,0,,,,456874,152.88,0
1579,3604.438,"Mount",-0.019,-0.086,0.067,0.057,-0.015,0.000,9,E,0,,,,445662,155.05,0
1580,3606.812,"Mount",-0.094,-0.038,-0.009,0.101,-0.053,0.036,30,E,16,S,,,443529,141.81,0
1581,3608.942,"Mount",0.117,-0.081,0.125,-0.066,-0.002,-0.022,1,E,10,N,,,444749,136.09,0
1582,3611.343,"Mount",-0.017,-0.092,0.074,0.058,-0.046,0.000,26,E,0,,,,437600,130.78,0
1583,3613.483,"Mount",-0.027,0.013,-0.024,0.018,-0.091,0.000,52,E,0,,,,480554,143.97,0
1584,3615.934,"Mount",-0.063,-0.034,0.002,0.071,-0.111,0.026,64,E,11,S,,,460505,143.49,0
1585,3618.163,"Mount",-0.094,0.029,-0.069,0.070,-0.154,0.026,88,E,11,S,,,454665,131.25,0
1586,3620.564,"Mount",0.007,0.035,-0.028,-0.023,-0.142,0.000,81,E,0,,,,472548,158.03,0
1587,3622.805,"Mount",-0.136,0.017,-0.077,0.113,-0.184,0.041,105,E,17,S,,,492538,170.66,0
1588,3625.271,"Mount",-0.151,-0.075,-0.003,0.169,-0.158,0.062,90,E,27,S,,,442358,151.25,0
1589,3627.458,"Mount",-0.063,-0.111,0.070,0.107,-0.115,0.041,66,E,18,S,,,443290,126.50,0
1590,3629.813,"Mount",-0.030,-0.010,-0.005,0.032,-0.129,0.000,74,E,0,,,,432630,138.48,0
1591,3632.035,"Mount",-0.173,-0.065,-0.022,0.183,-0.113,0.066,64,E,28,S,,,467549,143.54,0
1592,3634.480,"Mount",-0.197,-0.130,0.025,0.235,-0.109,0.087,62,E,37,S,,,457698,135.73,0
1593,3636.663,"Mount",-0.088,-0.067,0.019,0.110,-0.088,0.043,50,E,18,S,,,449872,120.65,0
1594,3639.006,"Mount",-0.009,-0.057,0.047,0.035,-0.072,0.000,41,E,0,,,,467143,139.00,0
1595,3641.224,"Mount",-0.117,-0.060,-0.000,0.131,-0.059,0.047,34,E,20,S,,,464055,158.05,0
1596,3643.611,"Mount",-0.047,-0.100,0.067,0.088,-0.021,0.034,12,E,14,S,,,443644,128.48,0
1597,3645.795,"Mount",-0.043,-0.015,-0.006,0.045,-0.047,0.000,27,E,0,,,,435811,132.32,0
1598,3648.139,"Mount",0.007,-0.012,0.014,-0.000,-0.043,0.000,25,E,0,,,,432263,133.66,0
1599,3650.215,"Mount",0.024,-0.035,0.042,-0.005,-0.047,0.000,27,E,0,,,,441447,133.38,0
1600,3652.568,"Mount",0.060,-0.011,0.037,-0.048,-0.057,0.000,32,E,0,,,,452025,142.54,0
1601,3654.625,"Mount",0.006,-0.132,0.120,0.056,-0.011,0.000,6,E,0,,,,440594,140.61,0
1602,3656.973,"Mount",0.002,-0.040,0.036,0.017,-0.070,0.000,40,E,0,,,,415201,132.60,0
1603,3659.108,"Mount",-0.047,-0.111,0.077,0.094,-0.041,0.034,23,E,14,S,,,476038,133.28,0
1604,3661.494,"Mount",-0.033,-0.091,0.066,0.071,-0.054,0.027,31,E,12,S,,,439411,139.86,0
1605,3663.625,"Mount",-0.036,-0.017,-0.001,0.040,-0.102,0.000,58,E,0,,,,452318,150.10,0
1606,3666.124,"Mount",-0.132,-0.043,-0.023,0.137,-0.130,0.049,75,E,21,S,,,440976,120.88,0
1607,3668.325,"Mount",-0.095,-0.046,-0.003,0.106,-0.142,0.040,81,E,17,S,,,469115,155.30,0
1608,3670.775,"Mount",-0.155,-0.015,-0.058,0.144,-0.162,0.054,93,E,23,S,,,436295,134.09,0
1609,3672.907,"Mount",0.033,-0.135,0.135,0.033,-0.123,0.000,70,E,0,,,,459965,142.49,0
1610,3675.347,"Mount",0.023,-0.028,0.036,-0.007,-0.212,0.000,121,E,0,,,,458674,158.48,0
1611,3677.628,"Mount",-0.131,0.065,-0.118,0.086,-0.271,0.031,155,E,13,S,,,452231,131.41,0
1612,3680.057,"Mount",0.034,0.033,-0.014,-0.046,-0.236,0.000,135,E,0,,,,459228,143.52,0
1613,3682.313,"Mount",-0.047,0.137,-0.144,-0.021,-0.290,0.000,166,E,0,,,,459057,137.76,0
1614,3684.885,"Mount",-0.156,0.160,-0.214,0.065,-0.326,0.023,186,E,10,S,,,445270,133.21,0
1615,3687.194,"Mount",-0.129,0.080,-0.131,0.078,-0.289,0.029,165,E,12,S,,,465959,149.74,0
1616,3689.616,"Mount",-0.012,0.139,-0.129,-0.053,-0.292,0.000,167,E,0,,,,476137,148.72,0
1617,3691.955,"Mount",0.031,0.225,-0.186,-0.131,-0.312,-0.047,179,E,20,N,,,458392,139.55,0
1618,3694.498,"Mount",-0.186,-0.131,0.030,0.225,-0.231,0.079,132,E,34,S,,,439399,141.73,0
1619,3696.698,"Mount",-0.048,0.012,-0.033,0.037,-0.208,0.000,119,E,0,,,,426368,125.49,0
1620,3699.145,"Mount",-0.015,0.032,-0.036,-0.001,-0.194,0.000,111,E,0,,,,459837,136.71,0
1621,3701.447,"Mount",-0.103,0.039,-0.082,0.073,-0.207,0.026,118,E,11,S,,,443980,124.93,0
1622,3703.846,"Mount",-0.088,0.046,-0.081,0.056,-0.191,0.000,109,E,0,,,,455693,142.47,0
1623,3706.046,"Mount",-0.020,0.155,-0.147,-0.054,-0.199,0.000,114,E,0,,,,474748,171.83,0
1624,3708.512,"Mount",0.051,0.107,-0.072,-0.095,-0.158,-0.034,90,E,15,N,,,470340,162.38,0
1625,3710.649,"Mount",-0.007,-0.017,0.012,0.014,-0.110,0.000,63,E,0,,,,447292,137.36,0
1626,3713.052,"Mount",-0.093,0.082,-0.115,0.044,-0.160,0.000,92,E,0,,,,450250,131.32,0
1627,3715.224,"Mount",-0.072,0.075,-0.099,0.029,-0.147,0.000,84,E,0,,,,488611,163.45,0
1628,3717.624,"Mount",-0.087,-0.052,0.006,0.101,-0.097,0.037,55,E,16,S,,,455539,133.07,0
1629,3719.784,"Mount",0.032,0.068,-0.046,-0.060,-0.083,0.000,47,E,0,,,,467135,150.03,0
1630,3722.173,"Mount",-0.046,0.026,-0.044,0.028,-0.071,0.000,41,E,0,,,,449633,140.20,0
1631,3724.284,"Mount",0.008,-0.027,0.028,0.005,-0.065,0.000,37,E,0,,,,456744,145.19,0
1632,3726.700,"Mount",0.066,0.022,0.011,-0.069,-0.075,-0.025,43,E,11,N,,,452445,147.47,0
1633,3728.897,"Mount",-0.020,0.133,-0.127,-0.043,-0.132,0.000,75,E,0,,,,452530,149.05,0
1634,3731.253,"Mount",-0.000,-0.117,0.104,0.054,-0.031,0.000,18,E,0,,,,455878,146.49,0
1635,3733.527,"Mount",-0.063,-0.012,-0.019,0.061,-0.064,0.022,37,E,9,S,,,456517,134.37,0
1636,3735.882,"Mount",-0.092,0.088,-0.121,0.041,-0.116,0.000,66,E,0,,,,462091,165.21,0
1637,3738.034,"Mount",-0.074,0.011,-0.044,0.061,-0.054,0.022,31,E,9,S,,,447304,135.57,0
1638,3740.420,"Mount",-0.069,-0.054,0.016,0.086,-0.051,0.032,29,E,14,S,,,461949,133.46,0
1639,3742.561,"Mount",0.082,0.006,0.032,-0.076,-0.038,-0.026,22,E,11,N,,,452532,143.51,0
1640,3744.992,"Mount",-0.118,-0.109,0.043,0.155,-0.022,0.055,12,E,23,S,,,440138,136.06,0
1641,3747.178,"Mount",-0.097,0.032,-0.073,0.071,-0.029,0.028,16,E,12,S,,,460841,134.69,0
1642,3749.492,"Mount",-0.049,0.047,-0.064,0.022,-0.005,0.000,3,E,0,,,,465670,141.99,0
1643,3751.616,"Mount",-0.006,-0.017,0.013,0.013,0.041,0.000,23,W,0,,,,458356,156.77,0
1644,3754.047,"Mount",-0.053,-0.118,0.080,0.101,0.107,0.036,61,W,16,S,,,460661,136.32,0
1645,3756.191,"Mount",-0.007,0.064,-0.060,-0.023,0.055,0.000,32,W,0,,,,472737,173.35,0
1646,3758.562,"Mount",0.012,-0.031,0.033,0.004,0.087,0.000,50,W,0,,,,444051,134.96,0
1647,3760.671,"Mount",-0.043,0.009,-0.027,0.034,0.089,0.000,51,W,0,,,,457907,147.74,0
1648,3763.131,"Mount",-0.054,-0.130,0.091,0.108,0.143,0.039,82,W,17,S,,,483722,138.34,0
1649,3765.301,"Mount",0.052,-0.078,0.093,-0.010,0.158,0.000,90,W,0,,,,448146,156.15,0
1650,3767.813,"Mount",0.009,-0.272,0.246,0.118,0.241,0.042,138,W,18,S,,,415163,134.51,0
1651,3770.059,"Mount",-0.053,-0.109,0.073,0.097,0.173,0.037,99,W,16,S,,,447513,149.65,0
1652,3772.414,"Mount",-0.066,0.028,-0.055,0.046,0.139,0.000,79,W,0,,,,455895,134.88,0
1653,3774.661,"Mount",-0.051,-0.147,0.106,0.113,0.179,0.041,102,W,17,S,,,447950,131.38,0
1654,3777.067,"Mount",0.036,-0.150,0.150,0.038,0.181,0.000,103,W,0,,,,450044,160.04,0
1655,3779.176,"Mount",-0.065,0.033,-0.059,0.043,0.093,0.000,53,W,0,,,,444387,149.22,0
1656,3781.562,"Mount",-0.128,0.070,-0.121,0.082,0.027,0.029,15,W,13,S,,,445973,141.78,0
1657,3783.665,"Mount",0.018,0.036,-0.024,-0.033,0.056,0.000,32,W,0,,,,455630,141.81,0
1658,3786.054,"Mount",-0.143,0.061,-0.120,0.098,-0.019,0.035,11,E,15,S,,,448838,143.68,0
1659,3788.252,"Mount",-0.161,0.093,-0.157,0.100,-0.055,0.037,32,E,16,S,,,434630,131.96,0
1660,3790.548,"Mount",-0.030,-0.002,-0.012,0.027,0.002,0.000,1,W,0,,,,450255,136.59,0
1661,3792.671,"Mount",-0.036,0.161,-0.159,-0.043,-0.080,0.000,46,E,0,,,,458783,136.67,0
1662,3795.020,"Mount",-0.019,0.120,-0.115,-0.038,-0.074,0.000,42,E,0,,,,459857,133.75,0
1663,3797.235,"Mount",-0.151,0.071,-0.133,0.101,-0.094,0.036,54,E,16,S,,,428819,138.92,0
1664,3799.619,"Mount",-0.093,0.078,-0.112,0.047,-0.089,0.000,51,E,0,,,,446802,143.59,0
1665,3801.773,"Mount",-0.082,0.051,-0.083,0.049,-0.070,0.000,40,E,0,,,,449759,138.34,0
1666,3804.206,"Mount",-0.043,-0.116,0.084,0.092,0.014,0.033,8,W,14,S,,,447561,136.56,0
1667,3806.295,"Mount",-0.018,0.066,-0.067,-0.014,-0.040,0.000,23,E,0,,,,447592,150.58,0
1668,3808.703,"Mount",-0.182,-0.128,0.030,0.221,0.003,0.080,2,W,34,S,,,466721,149.17,0
1669,3810.922,"Mount",-0.036,-0.108,0.079,0.082,0.060,0.033,34,W,14,S,,,450795,152.51,0
1670,3813.310,"Mount",-0.083,-0.098,0.048,0.119,0.048,0.044,27,W,19,S,,,439747,131.71,0
1671,3815.432,"Mount",0.022,-0.086,0.087,0.020,0.108,0.000,62,W,0,,,,474599,177.74,0
1672,3817.893,"Mount",0.125,-0.224,0.257,-0.007,0.211,0.000,120,W,0,,,,449440,152.28,0
1673,3820.064,"Mount",-0.059,-0.014,-0.015,0.059,0.110,0.000,63,W,0,,,,463806,145.80,0
1674,3822.423,"Mount",-0.015,0.076,-0.075,-0.022,0.095,0.000,55,W,0,,,,455358,147.27,0
1675,3824.682,"Mount",-0.078,0.012,-0.046,0.064,0.142,0.023,81,W,10,S,,,430890,139.16,0
1676,3827.111,"Mount",0.051,-0.109,0.120,0.005,0.196,0.000,112,W,0,,,,430979,128.56,0
1677,3829.330,"Mount",0.017,-0.155,0.146,0.056,0.208,0.000,119,W,0,,,,442493,148.89,0
1678,3831.770,"Mount",0.033,-0.061,0.069,-0.001,0.198,0.000,113,W,0,,,,426887,117.68,0
1679,3833.957,"Mount",0.031,-0.033,0.044,-0.012,0.170,0.000,97,W,0,,,,458181,146.60,0
1680,3836.456,"Mount",-0.095,-0.169,0.107,0.162,0.233,0.058,133,W,25,S,,,427510,125.18,0
1681,3838.685,"Mount",-0.062,-0.100,0.061,0.101,0.201,0.039,115,W,17,S,,,459666,136.61,0
1682,3841.170,"Mount",-0.031,-0.083,0.059,0.066,0.165,0.025,95,W,11,S,,,485321,130.60,0
1683,3843.350,"Mount",0.022,-0.006,0.016,-0.016,0.126,0.000,72,W,0,,,,457745,135.78,0
1684,3845.735,"Mount",0.037,0.052,-0.029,-0.057,0.101,0.000,58,W,0,,,,469545,153.29,0
1685,3847.936,"Mount",0.035,-0.134,0.135,0.031,0.141,0.000,81,W,0,,,,459413,143.84,0
1686,3850.312,"Mount",0.067,-0.048,0.074,-0.037,0.107,0.000,61,W,0,,,,466880,172.22,0
1687,3852.442,"Mount",0.005,-0.014,0.014,0.002,0.051,0.000,29,W,0,,,,466914,154.26,0
1688,3855.007,"Mount",-0.022,-0.364,0.313,0.187,0.190,0.067,109,W,29,S,,,477977,169.55,0
1689,3857.172,"Mount",0.006,0.004,-0.000,-0.007,0.042,0.000,24,W,0,,,,442541,142.46,0
1690,3859.469,"Mount",-0.054,0.010,-0.034,0.043,0.035,0.000,20,W,0,,,,449093,142.01,0
1691,3861.650,"Mount",-0.089,0.030,-0.068,0.065,0.014,0.023,8,W,10,S,,,469463,151.78,0
1692,3863.943,"Mount",0.020,0.015,-0.004,-0.025,0.043,0.000,24,W,0,,,,476957,162.54,0
1693,3866.063,"Mount",0.012,0.013,-0.006,-0.017,0.040,0.000,23,W,0,,,,438856,139.84,0
1694,3868.345,"Mount",-0.022,0.062,-0.065,-0.009,-0.002,0.000,1,E,0,,,,437467,126.33,0
1695,3870.443,"Mount",-0.044,0.053,-0.068,0.015,-0.018,0.000,10,E,0,,,,440809,141.82,0
1696,3872.720,"Mount",-0.057,0.026,-0.049,0.039,0.003,0.000,2,W,0,,,,467707,158.52,0
1697,3874.841,"Mount",-0.065,-0.002,-0.028,0.059,0.004,0.000,2,W,0,,,,456998,128.02,0
1698,3877.240,"Mount",-0.238,-0.043,-0.071,0.231,-0.037,0.083,21,E,36,S,,,467295,143.98,0
1699,3879.391,"Mount",-0.184,-0.066,-0.026,0.194,-0.006,0.073,3,E,31,S,,,459380,143.51,0
1700,3881.777,"Mount",-0.140,0.001,-0.065,0.124,-0.039,0.048,23,E,20,S,,,492642,156.22,0
1701,3883.930,"Mount",-0.110,-0.035,-0.020,0.114,-0.010,0.043,6,E,18,S,,,457436,138.73,0
1702,3886.305,"Mount",-0.105,-0.008,-0.041,0.097,-0.003,0.037,2,E,16,S,,,448561,131.07,0
1703,3888.489,"Mount",-0.119,-0.043,-0.016,0.126,0.002,0.047,1,W,20,S,,,440295,133.99,0
1704,3890.904,"Mount",0.129,-0.067,0.119,-0.084,0.055,-0.028,31,W,12,N,,,440036,136.70,0
1705,3893.104,"Mount",-0.011,-0.213,0.184,0.108,0.082,0.038,47,W,16,S,,,457732,151.36,0
1706,3895.491,"Mount",-0.140,-0.093,0.018,0.167,-0.003,0.062,2,E,26,S,,,469427,140.47,0
1707,3897.548,"Mount",-0.035,-0.037,0.017,0.048,-0.003,0.000,2,E,0,,,,449216,138.22,0
1708,3899.859,"Mount",0.061,-0.109,0.125,-0.004,0.042,0.000,24,W,0,,,,427844,137.57,0
1709,3901.949,"Mount",-0.006,0.018,-0.019,-0.003,-0.022,0.000,13,E,0,,,,470411,141.27,0
1710,3904.271,"Mount",0.078,-0.036,0.068,-0.053,0.010,0.000,5,W,0,,,,470497,172.97,0
1711,3906.378,"Mount",0.035,-0.039,0.051,-0.013,-0.024,0.000,14,E,0,,,,449844,161.72,0
1712,3908.780,"Mount",0.111,0.009,0.043,-0.103,-0.036,-0.037,21,E,16,N,,,450674,140.47,0
1713,3910.958,"Mount",-0.096,-0.130,0.071,0.145,-0.012,0.051,7,E,22,S,,,438770,139.60,0
1714,3913.341,"Mount",0.001,-0.023,0.021,0.010,-0.046,0.000,26,E,0,,,,448940,132.09,0
1715,3915.451,"Mount",0.006,-0.034,0.033,0.010,-0.039,0.000,22,E,0,,,,438550,126.79,0
1716,3917.773,"Mount",0.026,-0.077,0.081,0.012,0.001,0.000,1,W,0,,,,465011,143.50,0
1717,3919.987,"Mount",-0.017,-0.199,0.168,0.107,0.055,0.039,32,W,16,S,,,457319,142.11,0
1718,3922.215,"Mount",-0.008,-0.010,0.005,0.012,-0.000,0.000,0,,0,,,,445336,135.20,0
1719,3924.294,"Mount",-0.054,0.110,-0.123,-0.003,-0.041,0.000,24,E,0,,,,449825,140.06,0
1720,3926.632,"Mount",0.066,-0.068,0.091,-0.027,0.083,0.000,47,W,0,,,,451998,133.98,0
1721,3928.783,"Mount",0.040,0.017,0.004,-0.043,0.069,0.000,39,W,0,,,,461872,134.60,0
1722,3931.122,"Mount",-0.084,0.076,-0.106,0.039,0.080,0.000,46,W,0,,,,456758,136.45,0
1723,3933.317,"Mount",0.020,-0.059,0.062,0.010,0.162,0.000,92,W,0,,,,456303,146.37,0
1724,3935.668,"Mount",-0.081,0.138,-0.159,0.008,0.062,0.000,36,W,0,,,,428767,143.18,0
1725,3937.789,"Mount",-0.088,0.237,-0.250,-0.031,-0.011,0.000,6,E,0,,,,449505,142.66,0
1726,3940.083,"Mount",-0.010,0.095,-0.089,-0.035,0.002,0.000,1,W,0,,,,473005,140.90,0
1727,3942.315,"Mount",-0.372,-0.279,0.076,0.459,0.007,0.165,4,W,71,S,,,450982,135.33,0
1728,3944.762,"Mount",-0.152,0.037,-0.103,0.118,-0.134,0.049,77,E,21,S,,,440585,140.12,0
1729,3946.948,"Mount",-0.145,-0.170,0.084,0.207,-0.025,0.076,15,E,33,S,,,436845,133.03,0
1730,3949.360,"Mount",-0.212,-0.127,0.015,0.247,-0.045,0.092,26,E,39,S,,,456083,164.83,0
1731,3951.525,"Mount",-0.044,-0.124,0.090,0.096,-0.006,0.038,3,E,16,S,,,467996,154.92,0
1732,3953.880,"Mount",0.041,-0.141,0.144,0.029,0.026,0.000,15,W,0,,,,450119,140.22,0
1733,3956.011,"Mount",0.086,-0.182,0.201,0.008,0.044,0.000,25,W,0,,,,459675,137.64,0
1734,3958.325,"Mount",-0.059,0.023,-0.047,0.042,-0.068,0.000,39,E,0,,,,468440,159.99,0
1735,3960.535,"Mount",-0.164,-0.117,0.029,0.200,-0.079,0.072,45,E,31,S,,,461574,136.41,0
1736,3962.955,"Mount",0.005,0.041,-0.034,-0.023,-0.098,0.000,56,E,0,,,,444675,151.47,0
1737,3965.096,"Mount",-0.055,0.014,-0.037,0.042,-0.108,0.000,62,E,0,,,,447837,125.17,0
1738,3967.465,"Mount",0.014,0.058,-0.045,-0.040,-0.131,0.000,75,E,0,,,,442159,148.10,0
1739,3969.653,"Mount",-0.027,0.034,-0.042,0.008,-0.142,0.000,81,E,0,,,,470315,162.78,0
1740,3972.054,"Mount",-0.064,0.065,-0.087,0.027,-0.188,0.000,108,E,0,,,,450774,129.84,0
1741,3974.346,"Mount",0.318,-0.007,0.153,-0.279,-0.074,-0.100,42,E,43,N,,,462815,146.64,0
1742,3976.718,"Mount",0.024,-0.051,0.056,0.003,-0.144,0.000,82,E,0,,,,452271,141.92,0
1743,3978.871,"Mount",-0.029,-0.047,0.029,0.047,-0.129,0.000,74,E,0,,,,474124,143.74,0
1744,3981.294,"Mount",-0.107,-0.138,0.074,0.159,-0.090,0.057,51,E,24,S,,,462875,139.60,0
1745,3983.578,"Mount",-0.122,0.018,-0.072,0.100,-0.136,0.038,78,E,16,S,,,465210,132.14,0
1746,3985.954,"Mount",-0.024,0.060,-0.065,-0.006,-0.114,0.000,65,E,0,,,,481838,143.31,0
1747,3988.090,"Mount",-0.020,-0.129,0.105,0.077,-0.019,0.028,11,E,12,S,,,451464,149.71,0
1748,3990.493,"Mount",0.161,-0.093,0.157,-0.099,0.021,-0.035,12,W,15,N,,,452426,149.90,0
1749,3992.598,"Mount",-0.001,-0.040,0.035,0.019,-0.041,0.000,23,E,0,,,,427501,128.85,0
1750,3995.030,"Mount",-0.143,-0.128,0.048,0.186,-0.043,0.067,24,E,29,S,,,462733,135.05,0
1751,3997.225,"Mount",-0.005,-0.154,0.135,0.076,0.027,0.030,15,W,13,S,,,455194,145.85,0
1752,3999.647,"Mount",0.102,0.106,-0.047,-0.140,-0.039,-0.049,22,E,21,N,,,465501,162.30,0
1753,4001.834,"Mount",-0.110,-0.018,-0.035,0.106,-0.052,0.036,30,E,15,S,,,453062,134.56,0
1754,4004.195,"Mount",0.010,-0.050,0.049,0.014,-0.068,0.000,39,E,0,,,,470185,140.05,0
1755,4006.302,"Mount",-0.018,-0.074,0.058,0.051,-0.077,0.000,44,E,0,,,,444775,132.39,0
1756,4008.657,"Mount",0.009,-0.004,0.007,-0.006,-0.085,0.000,48,E,0,,,,450654,141.51,0
1757,4010.917,"Mount",-0.198,-0.133,0.027,0.237,-0.094,0.085,54,E,36,S,,,449338,141.99,0
1758,4013.314,"Mount",0.006,-0.035,0.034,0.011,-0.124,0.000,71,E,0,,,,448840,139.62,0
1759,4015.478,"Mount",-0.003,-0.113,0.099,0.055,-0.089,0.000,51,E,0,,,,441783,140.37,0
1760,4017.867,"Mount",-0.009,0.072,-0.068,-0.025,-0.184,0.000,105,E,0,,,,455580,152.91,0
1761,4020.126,"Mount",0.082,0.022,0.018,-0.083,-0.173,-0.030,99,E,13,N,,,452234,121.17,0
1762,4022.689,"Mount",-0.148,0.017,-0.084,0.123,-0.241,0.043,138,E,18,S,,,466702,138.81,0
1763,4024.915,"Mount",-0.020,0.004,-0.013,0.015,-0.219,0.000,125,E,0,,,,426731,126.53,0
1764,4027.398,"Mount",0.102,0.037,0.014,-0.108,-0.230,-0.039,132,E,17,N,,,465457,147.19,0
1765,4029.787,"Mount",-0.154,0.230,-0.275,0.030,-0.355,0.000,203,E,0,,,,475792,150.71,0
1766,4032.286,"Mount",-0.074,0.070,-0.097,0.033,-0.288,0.000,165,E,0,,,,442056,128.70,0
1767,4034.638,"Mount",0.011,0.139,-0.119,-0.074,-0.285,-0.027,163,E,11,N,,,439841,141.53,0
1768,4037.147,"Mount",-0.022,-0.138,0.113,0.083,-0.204,0.029,116,E,12,S,,,444981,155.44,0
1769,4039.400,"Mount",0.022,-0.034,0.041,-0.003,-0.238,0.000,136,E,0,,,,470694,147.39,0
1770,4041.913,"Mount",-0.064,-0.110,0.069,0.107,-0.206,0.039,118,E,17,S,,,461111,133.13,0
1771,4044.139,"Mount",0.011,-0.044,0.044,0.011,-0.215,0.000,123,E,0,,,,467021,132.94,0
1772,4046.579,"Mount",0.030,-0.031,0.041,-0.012,-0.194,0.000,111,E,0,,,,444367,164.97,0
1773,4048.733,"Mount",0.002,-0.048,0.043,0.020,-0.168,0.000,96,E,0,,,,444750,153.22,0
1774,4051.185,"Mount",-0.064,-0.117,0.074,0.111,-0.118,0.040,68,E,17,S,,,464735,139.81,0
1775,4053.352,"Mount",0.011,0.012,-0.005,-0.015,-0.128,0.000,73,E,0,,,,447262,138.34,0
1776,4055.770,"Mount",-0.018,-0.033,0.021,0.031,-0.117,0.000,67,E,0,,,,423860,133.58,0
1777,4057.929,"Mount",0.053,-0.110,0.122,0.004,-0.057,0.000,32,E,0,,,,449455,156.23,0
1778,4060.269,"Mount",0.119,-0.256,0.282,0.013,0.025,0.000,14,W,0,,,,474236,170.98,0
1779,4062.350,"Mount",0.043,-0.119,0.126,0.017,-0.029,0.000,17,E,0,,,,431213,139.85,0
1780,4064.693,"Mount",0.154,-0.127,0.184,-0.078,-0.004,-0.028,2,E,12,N,,,455356,140.64,0
1781,4066.892,"Mount",-0.116,-0.133,0.064,0.164,-0.058,0.058,33,E,25,S,,,466598,162.92,0
1782,4069.294,"Mount",0.017,-0.011,0.018,-0.010,-0.082,0.000,47,E,0,,,,472660,150.81,0
1783,4071.537,"Mount",-0.036,0.080,-0.088,-0.005,-0.120,0.000,69,E,0,,,,468450,158.85,0
1784,4073.866,"Mount",0.017,0.001,0.007,-0.015,-0.086,0.000,49,E,0,,,,468507,148.09,0
1785,4076.063,"Mount",0.104,0.038,0.014,-0.109,-0.087,-0.039,50,E,17,N,,,444235,150.69,0
1786,4078.455,"Mount",-0.098,-0.131,0.071,0.148,-0.055,0.052,31,E,22,S,,,453225,146.20,0
1787,4080.627,"Mount",-0.092,-0.090,0.038,0.123,-0.069,0.046,40,E,20,S,,,472884,158.74,0
1788,4083.017,"Mount",-0.100,-0.168,0.103,0.166,-0.013,0.062,7,E,26,S,,,452249,127.31,0
1789,4085.216,"Mount",-0.042,-0.125,0.092,0.095,-0.011,0.037,6,E,16,S,,,446379,134.70,0
1790,4087.539,"Mount",-0.115,0.094,-0.136,0.059,-0.101,0.000,58,E,0,,,,454398,152.60,0
1791,4089.658,"Mount",0.056,0.021,0.007,-0.059,-0.029,0.000,16,E,0,,,,464974,149.65,0
1792,4091.998,"Mount",-0.065,0.057,-0.081,0.032,-0.059,0.000,34,E,0,,,,452619,137.58,0
1793,4094.133,"Mount",-0.100,-0.047,-0.004,0.111,-0.006,0.040,4,E,17,S,,,426470,133.31,0
1794,4096.457,"Mount",-0.110,0.173,-0.204,0.018,-0.084,0.000,48,E,0,,,,441323,132.96,0
1795,4098.546,"Mount",-0.052,0.002,-0.026,0.045,0.027,0.000,15,W,0,,,,435542,147.02,0
1796,4100.950,"Mount",-0.079,-0.039,-0.002,0.088,0.046,0.032,26,W,14,S,,,463234,154.84,0
1797,4103.194,"Mount",-0.145,-0.101,0.023,0.175,0.071,0.064,41,W,28,S,,,454529,130.17,0
1798,4105.756,"Mount",-0.049,-0.269,0.216,0.168,0.177,0.063,101,W,27,S,,,464654,159.00,0
1799,4107.965,"Mount",0.076,-0.220,0.231,0.034,0.190,0.000,109,W,0,,,,437076,131.87,0
1800,4110.335,"Mount",0.012,-0.112,0.105,0.041,0.148,0.000,85,W,0,,,,459277,155.53,0
1801,4112.517,"Mount",-0.082,0.076,-0.105,0.038,0.075,0.000,43,W,0,,,,460316,156.47,0
1802,4114.922,"Mount",-0.125,0.011,-0.067,0.106,0.106,0.038,61,W,16,S,,,480725,147.25,0
1803,4117.028,"Mount",-0.048,0.174,-0.177,-0.037,0.062,0.000,36,W,0,,,,425906,155.70,0
1804,4119.419,"Mount",-0.004,0.010,-0.011,-0.001,0.140,0.000,80,W,0,,,,438718,143.60,0
1805,4121.679,"Mount",-0.069,-0.001,-0.031,0.062,0.129,0.022,74,W,10,S,,,450237,139.42,0
1806,4124.065,"Mount",-0.017,-0.075,0.059,0.050,0.127,0.000,73,W,0,,,,452487,144.01,0
1807,4126.248,"Mount",0.077,0.100,-0.054,-0.114,0.104,-0.041,60,W,18,N,,,478919,143.47,0
1808,4128.677,"Mount",-0.036,-0.072,0.047,0.065,0.093,0.022,53,W,9,S,,,454226,144.48,0
1809,4130.887,"Mount",-0.027,-0.190,0.156,0.111,0.141,0.041,81,W,18,S,,,430228,153.46,0
1810,4133.268,"Mount",-0.135,0.056,-0.112,0.094,-0.007,0.035,4,E,15,S,,,430875,149.06,0
1811,4135.454,"Mount",-0.087,-0.047,0.002,0.099,0.022,0.037,12,W,16,S,,,449770,150.48,0
1812,4137.858,"Mount",-0.191,-0.088,-0.010,0.210,0.006,0.077,4,W,33,S,,,461076,143.37,0
1813,4140.021,"Mount",-0.022,0.102,-0.101,-0.028,-0.051,0.000,29,E,0,,,,440056,141.04,0
1814,4142.359,"Mount",-0.040,-0.089,0.060,0.077,0.003,0.028,2,W,12,S,,,444598,150.74,0
1815,4144.478,"Mount",0.021,-0.051,0.055,0.005,-0.033,0.000,19,E,0,,,,460004,158.52,0
1816,4146.772,"Mount",-0.018,0.019,-0.025,0.007,-0.033,0.000,19,E,0,,,,444243,160.38,0
1817,4148.986,"Mount",-0.096,0.034,-0.074,0.070,-0.064,0.025,37,E,11,S,,,449117,132.79,0
1818,4151.326,"Mount",-0.044,-0.037,0.012,0.056,-0.018,0.000,10,E,0,,,,466655,142.76,0
1819,4153.462,"Mount",0.121,0.022,0.036,-0.118,-0.003,-0.042,2,E,18,N,,,458552,137.81,0
1820,4155.912,"Mount",-0.069,-0.229,0.171,0.167,0.087,0.058,50,W,25,S,,,452303,149.46,0
1821,4158.079,"Mount",0.072,-0.001,0.034,-0.063,0.025,-0.020,14,W,9,N,,,450217,146.64,0
1822,4160.391,"Mount",-0.017,0.136,-0.129,-0.047,-0.016,0.000,9,E,0,,,,443631,134.67,0
1823,4162.608,"Mount",0.071,0.054,-0.015,-0.088,0.061,-0.032,35,W,13,N,,,466328,149.46,0
1824,4164.992,"Mount",-0.008,-0.001,-0.003,0.008,0.085,0.000,49,W,0,,,,476560,164.87,0
1825,4167.146,"Mount",0.013,0.003,0.004,-0.013,0.099,0.000,57,W,0,,,,445140,155.31,0
1826,4169.578,"Mount",0.114,-0.003,0.056,-0.100,0.117,-0.036,67,W,15,N,,,449393,138.83,0
1827,4171.765,"Mount",-0.020,0.006,-0.015,0.015,0.134,0.000,77,W,0,,,,461886,151.69,0
1828,4174.246,"Mount",-0.050,-0.132,0.094,0.105,0.187,0.038,107,W,16,S,,,448814,142.60,0
1829,4176.442,"Mount",-0.039,-0.033,0.011,0.050,0.153,0.000,88,W,0,,,,445755,121.82,0
1830,4178.848,"Mount",0.107,-0.106,0.143,-0.046,0.230,0.000,131,W,0,,,,481021,160.69,0
1831,4181.092,"Mount",-0.070,-0.057,0.019,0.088,0.178,0.032,102,W,14,S,,,471072,155.21,0
1832,4183.529,"Mount",0.019,0.059,-0.044,-0.044,0.195,0.000,111,W,0,,,,463439,154.71,0
1833,4185.840,"Mount",-0.048,-0.182,0.140,0.126,0.241,0.046,138,W,19,S,,,421906,124.50,0
1834,4188.338,"Mount",-0.074,-0.065,0.023,0.095,0.170,0.036,97,W,15,S,,,443092,128.86,0
1835,4190.580,"Mount",0.004,0.135,-0.118,-0.066,0.085,-0.022,49,W,10,N,,,441640,139.55,0
1836,4192.982,"Mount",0.004,-0.130,0.117,0.056,0.147,0.000,84,W,0,,,,427039,118.98,0
1837,4195.231,"Mount",0.024,-0.197,0.186,0.070,0.156,0.025,89,W,11,S,,,441229,136.11,0
1838,4197.528,"Mount",0.003,0.019,-0.015,-0.011,0.073,0.000,42,W,0,,,,464021,135.32,0
1839,4199.694,"Mount",-0.011,-0.085,0.070,0.049,0.088,0.000,50,W,0,,,,452944,140.98,0
1840,4202.021,"Mount",0.053,-0.129,0.139,0.013,0.124,0.000,71,W,0,,,,433575,135.16,0
1841,4204.206,"Mount",0.114,0.002,0.051,-0.102,0.059,-0.037,34,W,16,N,,,468074,136.63,0
1842,4206.562,"Mount",-0.044,0.019,-0.037,0.030,0.066,0.000,38,W,0,,,,444334,143.62,0
1843,4208.700,"Mount",-0.200,0.020,-0.109,0.168,0.014,0.060,8,W,26,S,,,416607,126.82,0
1844,4211.069,"Mount",-0.009,0.149,-0.137,-0.061,-0.002,-0.019,1,E,8,N,,,432466,130.75,0
1845,4213.235,"Mount",0.070,0.055,-0.017,-0.088,0.047,-0.032,27,W,14,N,,,458311,136.09,0
1846,4215.675,"Mount",-0.027,-0.080,0.059,0.061,0.038,0.021,21,W,9,S,,,442037,149.82,0
1847,4217.782,"Mount",-0.031,-0.057,0.036,0.053,0.012,0.000,7,W,0,,,,446414,131.27,0
1848,4220.142,"Mount",-0.039,0.001,-0.019,0.034,-0.004,0.000,2,E,0,,,,444267,140.50,0
1849,4222.210,"Mount",0.000,-0.005,0.004,0.002,-0.006,0.000,4,E,0,,,,426121,123.39,0
1850,4224.613,"Mount",-0.093,0.035,-0.073,0.066,-0.046,0.024,26,E,10,S,,,446639,136.33,0
1851,4226.717,"Mount",-0.025,0.095,-0.096,-0.021,-0.051,0.000,29,E,0,,,,458033,136.76,0
1852,4229.024,"Mount",0.006,0.054,-0.045,-0.031,-0.005,0.000,3,E,0,,,,470947,170.68,0
1853,4231.115,"Mount",0.021,0.026,-0.013,-0.031,-0.004,0.000,2,E,0,,,,437427,135.78,0
1854,4233.535,"Mount",-0.123,0.101,-0.146,0.062,-0.065,0.022,37,E,10,S,,,455950,158.44,0
1855,4235.645,"Mount",0.000,0.086,-0.076,-0.040,-0.025,0.000,14,E,0,,,,464868,160.37,0
1856,4237.969,"Mount",0.035,-0.007,0.023,-0.028,0.008,0.000,5,W,0,,,,460395,130.06,0
1857,4240.038,"Mount",-0.011,0.026,-0.029,-0.002,0.005,0.000,3,W,0,,,,448728,131.38,0
1858,4242.330,"Mount",0.047,-0.067,0.081,-0.011,0.038,0.000,21,W,0,,,,459884,147.53,0
1859,4244.436,"Mount",0.110,-0.004,0.054,-0.096,-0.000,-0.034,0,,15,N,,,470667,150.51,0
1860,4246.826,"Mount",0.091,-0.036,0.074,-0.064,0.026,-0.024,15,W,10,N,,,459519,133.20,0
1861,4248.952,"Mount",0.116,-0.208,0.239,-0.007,0.091,0.000,52,W,0,,,,452181,135.06,0
1862,4251.305,"Mount",-0.031,0.081,-0.086,-0.009,-0.054,0.000,31,E,0,,,,449734,143.73,0
1863,4253.423,"Mount",-0.013,-0.082,0.067,0.050,0.017,0.000,10,W,0,,,,446752,136.76,0
1864,4255.798,"Mount",-0.023,-0.095,0.073,0.064,0.011,0.023,6,W,10,S,,,444308,144.96,0
1865,4258.076,"Mount",0.006,-0.187,0.169,0.081,0.045,0.030,26,W,13,S,,,451663,155.43,0
1866,4260.372,"Mount",0.034,0.032,-0.013,-0.045,-0.038,0.000,22,E,0,,,,469754,147.98,0
1867,4262.584,"Mount",-0.036,-0.069,0.045,0.063,-0.035,0.023,20,E,10,S,,,462870,137.99,0
1868,4267.050,"Mount",-0.038,0.092,-0.099,-0.009,-0.083,0.000,48,E,0,,,,440482,150.58,0
1869,4269.327,"Mount",-0.012,-0.062,0.050,0.039,-0.010,0.000,6,E,0,,,,447424,135.50,0
1870,4271.422,"Mount",-0.039,0.129,-0.132,-0.025,-0.052,0.000,30,E,0,,,,465899,142.72,0
1871,4273.750,"Mount",0.057,0.065,-0.031,-0.081,0.019,-0.029,11,W,12,N,,,444224,173.11,0
1872,4275.904,"Mount",-0.078,-0.001,-0.035,0.070,0.057,0.024,32,W,10,S,,,435464,138.11,0
1873,4278.302,"Mount",-0.196,0.058,-0.142,0.147,0.009,0.054,5,W,23,S,,,459821,130.04,0
1874,4280.551,"Mount",-0.248,-0.011,-0.104,0.225,0.111,0.083,64,W,36,S,,,459886,132.33,0
1875,4283.042,"Mount",-0.279,-0.060,-0.075,0.276,0.127,0.103,72,W,44,S,,,454376,136.92,0
1876,4285.239,"Mount",-0.169,0.004,-0.081,0.149,0.069,0.058,39,W,25,S,,,446404,148.93,0
1877,4287.621,"Mount",-0.081,0.004,-0.041,0.070,0.048,0.028,28,W,12,S,,,444491,155.12,0
1878,4289.805,"Mount",-0.136,0.053,-0.110,0.096,-0.068,0.036,39,E,15,S,,,453864,139.49,0
1879,4292.216,"Mount",-0.096,0.111,-0.143,0.034,-0.133,0.000,76,E,0,,,,463374,147.39,0
1880,4294.275,"Mount",0.048,-0.080,0.094,-0.006,-0.012,0.000,7,E,0,,,,453839,159.12,0
1881,4296.601,"Mount",-0.058,0.033,-0.056,0.036,-0.037,0.000,21,E,0,,,,454466,142.44,0
1882,4298.661,"Mount",0.021,-0.115,0.112,0.035,0.001,0.000,1,W,0,,,,456631,146.34,0
1883,4300.988,"Mount",0.018,-0.158,0.149,0.057,0.035,0.000,20,W,0,,,,455575,142.41,0
1884,4303.173,"Mount",-0.084,-0.071,0.025,0.107,-0.040,0.039,23,E,17,S,,,429962,137.09,0
1885,4305.529,"Mount",-0.038,0.056,-0.067,0.007,-0.084,0.000,48,E,0,,,,448488,164.99,0
1886,4307.678,"Mount",-0.001,0.016,-0.015,-0.006,-0.066,0.000,38,E,0,,,,453258,148.18,0
1887,4310.080,"Mount",-0.004,-0.010,0.007,0.008,-0.089,0.000,51,E,0,,,,442366,145.68,0
1888,4312.360,"Mount",-0.077,-0.144,0.093,0.135,-0.065,0.049,37,E,21,S,,,440988,131.62,0
1889,4314.813,"Mount",-0.157,-0.004,-0.069,0.141,-0.159,0.053,91,E,23,S,,,457244,154.88,0
1890,4317.002,"Mount",-0.049,0.019,-0.040,0.035,-0.137,0.000,78,E,0,,,,450132,154.76,0
1891,4319.495,"Mount",-0.183,0.037,-0.117,0.145,-0.197,0.052,112,E,22,S,,,449866,136.77,0
1892,4321.752,"Mount",-0.063,-0.083,0.045,0.095,-0.148,0.036,85,E,15,S,,,471100,163.26,0
1893,4324.170,"Mount",0.051,-0.038,0.058,-0.028,-0.150,0.000,86,E,0,,,,437699,136.06,0
1894,4326.331,"Mount",-0.016,-0.193,0.164,0.103,-0.056,0.037,32,E,16,S,,,455894,142.47,0
1895,4328.670,"Mount",0.002,0.058,-0.051,-0.028,-0.129,0.000,74,E,0,,,,468705,150.27,0
1896,4330.918,"Mount",-0.010,0.150,-0.138,-0.060,-0.170,-0.022,97,E,9,N,,,448811,147.45,0
1897,4333.298,"Mount",-0.002,0.079,-0.071,-0.035,-0.117,0.000,67,E,0,,,,453871,140.81,0
1898,4335.576,"Mount",0.041,0.155,-0.118,-0.108,-0.117,-0.039,67,E,17,N,,,439756,142.33,0
1899,4337.889,"Mount",0.062,-0.062,0.084,-0.026,-0.016,0.000,9,E,0,,,,443175,129.49,0
1900,4339.993,"Mount",-0.098,0.110,-0.143,0.036,-0.099,0.000,57,E,0,,,,441925,133.87,0
1901,4342.227,"Mount",0.078,-0.033,0.065,-0.054,-0.001,0.000,0,,0,,,,445366,145.25,0
1902,4344.313,"Mount",-0.020,0.013,-0.021,0.012,-0.030,0.000,17,E,0,,,,448633,138.86,0
1903,4346.619,"Mount",-0.070,0.043,-0.071,0.042,-0.070,0.000,40,E,0,,,,453038,135.62,0
1904,4348.830,"Mount",-0.094,0.024,-0.065,0.072,-0.076,0.026,44,E,11,S,,,460811,132.56,0
1905,4351.188,"Mount",0.078,-0.024,0.057,-0.059,-0.075,0.000,43,E,0,,,,452290,136.03,0
1906,4353.358,"Mount",0.045,0.046,-0.020,-0.061,-0.077,-0.022,44,E,9,N,,,460419,153.83,0
1907,4355.687,"Mount",-0.007,0.041,-0.040,-0.012,-0.086,0.000,49,E,0,,,,461249,146.85,0
1908,4357.866,"Mount",-0.048,0.029,-0.047,0.029,-0.092,0.000,53,E,0,,,,476329,136.64,0
1909,4360.347,"Mount",-0.066,-0.045,0.010,0.079,-0.117,0.029,67,E,12,S,,,440804,149.59,0
1910,4362.533,"Mount",0.048,0.026,-0.001,-0.054,-0.127,0.000,73,E,0,,,,438105,137.20,0
1911,4364.939,"Mount",-0.016,0.089,-0.087,-0.027,-0.178,0.000,102,E,0,,,,462640,126.34,0
1912,4367.217,"Mount",0.038,0.126,-0.095,-0.092,-0.195,-0.033,112,E,14,N,,,453904,166.12,0
1913,4369.596,"Mount",0.014,-0.093,0.089,0.030,-0.146,0.000,84,E,0,,,,458001,143.13,0
1914,4371.922,"Mount",0.131,-0.099,0.148,-0.071,-0.136,-0.025,78,E,11,N,,,446034,128.96,0
1915,4374.423,"Mount",-0.145,-0.024,-0.045,0.140,-0.231,0.049,132,E,21,S,,,457449,165.55,0
1916,4376.638,"Mount",-0.047,0.026,-0.045,0.030,-0.232,0.000,132,E,0,,,,439212,138.66,0
1917,4379.171,"Mount",-0.117,-0.050,-0.009,0.127,-0.240,0.046,137,E,20,S,,,438341,135.20,0
1918,4381.527,"Mount",-0.215,0.106,-0.193,0.141,-0.324,0.053,185,E,23,S,,,446450,135.53,0
1919,4384.090,"Mount",-0.128,0.067,-0.119,0.083,-0.304,0.032,174,E,14,S,,,442053,141.85,0
1920,4386.386,"Mount",-0.081,-0.050,0.007,0.095,-0.242,0.035,138,E,15,S,,,452276,134.19,0
1921,4388.919,"Mount",-0.016,0.233,-0.215,-0.093,-0.334,-0.032,191,E,14,N,,,473011,154.82,0
1922,4391.181,"Mount",-0.036,0.107,-0.112,-0.017,-0.278,0.000,159,E,0,,,,447231,144.71,0
1923,4393.674,"Mount",-0.060,-0.135,0.092,0.115,-0.168,0.042,96,E,18,S,,,441176,150.04,0
1924,4395.889,"Mount",0.009,0.022,-0.016,-0.018,-0.178,0.000,102,E,0,,,,452527,122.58,0
1925,4398.451,"Mount",0.061,0.065,-0.029,-0.084,-0.154,-0.030,88,E,13,N,,,441330,132.85,0
1926,4400.621,"Mount",-0.030,-0.047,0.028,0.048,-0.132,0.000,75,E,0,,,,432245,140.85,0
1927,4402.967,"Mount",-0.032,-0.050,0.030,0.051,-0.117,0.000,67,E,0,,,,440274,132.80,0
1928,4405.179,"Mount",-0.088,-0.022,-0.021,0.088,-0.102,0.032,58,E,14,S,,,458827,154.18,0
1929,4407.602,"Mount",-0.182,-0.010,-0.075,0.166,-0.120,0.061,69,E,26,S,,,452522,135.00,0
1930,4409.881,"Mount",-0.318,0.103,-0.237,0.234,-0.187,0.087,107,E,37,S,,,459800,145.13,0
1931,4412.366,"Mount",-0.309,0.124,-0.252,0.217,-0.204,0.081,117,E,35,S,,,459153,164.05,0
1932,4414.598,"Mount",-0.181,-0.020,-0.065,0.170,-0.129,0.064,74,E,28,S,,,448007,150.90,0
1933,4416.998,"Mount",-0.065,0.005,-0.035,0.055,-0.108,0.000,62,E,0,,,,423979,121.91,0
1934,4419.147,"Mount",0.029,0.008,0.006,-0.029,-0.096,0.000,55,E,0,,,,432392,130.39,0
1935,4421.502,"Mount",-0.001,-0.109,0.097,0.051,-0.054,0.000,31,E,0,,,,462857,131.07,0
1936,4423.644,"Mount",0.052,-0.048,0.067,-0.024,-0.053,0.000,31,E,0,,,,458266,126.88,0
1937,4426.085,"Mount",-0.064,-0.063,0.026,0.086,-0.072,0.031,41,E,13,S,,,413872,131.69,0
1938,4428.359,"Mount",-0.068,-0.158,0.109,0.133,-0.013,0.049,7,E,21,S,,,472086,157.64,0
1939,4430.763,"Mount",-0.175,-0.016,-0.067,0.163,-0.079,0.061,45,E,26,S,,,442232,143.93,0
1940,4432.834,"Mount",0.004,0.061,-0.052,-0.031,-0.045,0.000,26,E,0,,,,439092,155.17,0
1941,4435.248,"Mount",0.027,0.138,-0.110,-0.087,-0.092,-0.031,53,E,13,N,,,456999,146.71,0
1942,4437.387,"Mount",-0.051,-0.090,0.056,0.087,-0.035,0.030,20,E,13,S,,,446437,139.38,0
1943,4439.773,"Mount",-0.075,-0.029,-0.009,0.080,-0.028,0.030,16,E,13,S,,,458015,167.04,0
1944,4441.941,"Mount",-0.160,-0.123,0.035,0.198,-0.013,0.073,7,E,31,S,,,452077,140.12,0
1945,4444.311,"Mount",-0.074,0.004,-0.038,0.063,0.006,0.026,3,W,11,S,,,458816,134.40,0
1946,4446.511,"Mount",0.128,-0.052,0.105,-0.089,0.069,-0.031,39,W,13,N,,,445672,124.79,0
1947,4448.977,"Mount",-0.073,-0.239,0.178,0.175,0.134,0.062,77,W,26,S,,,478354,155.82,0
1948,4451.128,"Mount",-0.046,-0.017,-0.006,0.048,0.077,0.000,44,W,0,,,,441264,133.72,0
1949,4453.519,"Mount",0.044,-0.076,0.088,-0.004,0.128,0.000,73,W,0,,,,453628,148.24,0
1950,4455.669,"Mount",0.069,-0.058,0.083,-0.034,0.123,0.000,70,W,0,,,,444721,173.15,0
1951,4458.041,"Mount",0.052,0.002,0.023,-0.047,0.102,0.000,58,W,0,,,,448887,132.95,0
1952,4460.221,"Mount",0.092,-0.064,0.099,-0.052,0.156,0.000,89,W,0,,,,449745,144.81,0
1953,4462.655,"Mount",0.027,-0.130,0.128,0.036,0.188,0.000,107,W,0,,,,456843,144.88,0
1954,4464.915,"Mount",0.057,0.080,-0.044,-0.087,0.142,-0.031,81,W,13,N,,,452939,141.01,0
1955,4467.413,"Mount",0.042,-0.311,0.295,0.106,0.278,0.037,159,W,16,S,,,451818,138.66,0
1956,4469.583,"Mount",0.015,0.075,-0.059,-0.048,0.141,0.000,80,W,0,,,,459496,148.70,0
1957,4472.005,"Mount",0.061,-0.041,0.065,-0.035,0.163,0.000,93,W,0,,,,442426,134.28,0
1958,4474.140,"Mount",-0.024,0.080,-0.082,-0.016,0.072,0.000,41,W,0,,,,439131,135.15,0
1959,4476.528,"Mount",-0.036,0.020,-0.034,0.023,0.094,0.000,53,W,0,,,,463803,162.00,0
1960,4478.715,"Mount",-0.053,-0.051,0.021,0.071,0.068,0.025,39,W,11,S,,,455006,149.32,0
1961,4481.110,"Mount",0.057,-0.179,0.185,0.033,0.120,0.000,69,W,0,,,,449346,132.97,0
1962,4483.202,"Mount",0.014,-0.014,0.019,-0.006,0.015,0.000,9,W,0,,,,429912,155.01,0
1963,4485.617,"Mount",0.060,0.094,-0.056,-0.096,0.002,-0.035,1,W,15,N,,,474091,181.88,0
1964,4487.786,"Mount",0.069,0.089,-0.048,-0.102,-0.006,-0.038,3,E,16,N,,,440915,136.46,0
1965,4490.112,"Mount",0.111,-0.093,0.134,-0.056,0.047,0.000,27,W,0,,,,442456,135.13,0
1966,4492.348,"Mount",0.282,0.290,-0.127,-0.384,-0.085,-0.138,49,E,59,N,,,417492,126.04,0
1967,4494.718,"Mount",-0.223,-0.020,-0.084,0.207,-0.069,0.069,39,E,30,S,,,446147,135.24,0
1968,4497.029,"Mount",-0.392,-0.504,0.267,0.581,0.093,0.212,53,W,91,S,,,458897,140.32,0
1969,4499.423,"Mount",-0.124,-0.067,0.002,0.140,-0.020,0.059,11,E,25,S,,,419982,140.41,0
1970,4501.595,"Mount",-0.118,-0.075,0.012,0.140,-0.001,0.053,1,E,23,S,,,476485,151.05,0
1971,4504.012,"Mount",-0.033,-0.144,0.112,0.096,0.060,0.037,34,W,16,S,,,445645,144.05,0
1972,4506.179,"Mount",-0.108,0.250,-0.272,-0.020,-0.102,0.000,58,E,0,,,,448758,140.72,0
1973,4508.545,"Mount",0.020,0.033,-0.020,-0.033,0.041,0.000,23,W,0,,,,457478,168.08,0
1974,4510.758,"Mount",0.104,-0.064,0.105,-0.062,0.103,-0.022,59,W,10,N,,,434085,129.72,0
1975,4513.115,"Mount",-0.024,0.038,-0.044,0.003,0.083,0.000,47,W,0,,,,438572,154.15,0
1976,4515.238,"Mount",-0.073,0.118,-0.138,0.011,0.038,0.000,22,W,0,,,,435021,144.68,0
1977,4517.637,"Mount",-0.035,-0.072,0.048,0.064,0.123,0.023,71,W,10,S,,,475279,138.96,0
1978,4519.844,"Mount",0.040,-0.040,0.054,-0.017,0.145,0.000,83,W,0,,,,442125,132.27,0
1979,4522.388,"Mount",0.161,-0.266,0.310,-0.019,0.298,0.000,171,W,0,,,,467196,134.47,0
1980,4524.614,"Mount",-0.110,-0.090,0.029,0.139,0.155,0.050,89,W,21,S,,,456217,157.43,0
1981,4527.095,"Mount",0.040,0.107,-0.077,-0.085,0.134,-0.029,77,W,12,N,,,439804,135.11,0
1982,4529.330,"Mount",0.103,-0.129,0.162,-0.031,0.243,0.000,139,W,0,,,,467422,174.22,0
1983,4531.770,"Mount",0.063,-0.099,0.117,-0.010,0.232,0.000,133,W,0,,,,446700,151.09,0
1984,4534.060,"Mount",-0.071,-0.111,0.066,0.114,0.198,0.041,113,W,18,S,,,462092,146.48,0
1985,4536.475,"Mount",-0.071,-0.096,0.053,0.108,0.156,0.040,89,W,17,S,,,462760,154.35,0
1986,4538.704,"Mount",0.114,0.010,0.044,-0.106,0.128,-0.036,73,W,16,N,,,456057,145.11,0
1987,4541.177,"Mount",0.084,0.021,0.020,-0.084,0.101,-0.032,58,W,14,N,,,438703,141.99,0
1988,4543.348,"Mount",0.026,-0.102,0.102,0.024,0.132,0.000,76,W,0,,,,463123,140.53,0
1989,4545.691,"Mount",0.004,0.053,-0.046,-0.028,0.096,0.000,55,W,0,,,,460048,172.53,0
1990,4547.879,"Mount",-0.033,-0.081,0.057,0.066,0.078,0.024,44,W,10,S,,,464329,141.83,0
1991,4550.331,"Mount",0.090,-0.042,0.079,-0.061,0.117,-0.021,67,W,9,N,,,449160,162.87,0
1992,4552.514,"Mount",0.064,0.014,0.017,-0.063,0.067,-0.023,38,W,10,N,,,466943,156.78,0
1993,4554.858,"Mount",-0.030,0.046,-0.054,0.005,0.055,0.000,32,W,0,,,,461047,146.60,0
1994,4556.980,"Mount",0.020,-0.032,0.038,-0.003,0.047,0.000,27,W,0,,,,465179,136.86,0
1995,4559.310,"Mount",-0.001,-0.023,0.020,0.012,0.039,0.000,22,W,0,,,,442409,126.55,0
1996,4561.494,"Mount",-0.150,-0.100,0.019,0.179,0.030,0.064,17,W,28,S,,,462994,154.58,0
1997,4563.830,"Mount",0.015,0.069,-0.054,-0.045,0.020,0.000,12,W,0,,,,464642,154.30,0
1998,4565.937,"Mount",-0.004,-0.029,0.024,0.017,0.011,0.000,7,W,0,,,,438582,131.80,0
1999,4568.243,"Mount",-0.065,0.043,-0.068,0.038,-0.029,0.000,17,E,0,,,,435809,149.84,0
2000,4570.331,"Mount",0.105,-0.006,0.054,-0.090,0.000,-0.033,0,,14,N,,,450229,148.61,0
2001,4572.686,"Mount",-0.087,-0.006,-0.034,0.080,-0.002,0.028,1,E,12,S,,,466397,164.15,0
2002,4574.792,"Mount",-0.020,0.139,-0.132,-0.046,-0.061,0.000,35,E,0,,,,471691,154.69,0
2003,4577.118,"Mount",-0.043,0.036,-0.052,0.021,-0.003,0.000,2,E,0,,,,487547,158.15,0
2004,4579.236,"Mount",-0.076,0.101,-0.125,0.021,-0.061,0.000,35,E,0,,,,472143,142.05,0
2005,4581.584,"Mount",0.023,-0.099,0.099,0.025,0.041,0.000,24,W,0,,,,456686,142.76,0
2006,4583.691,"Mount",-0.046,-0.005,-0.016,0.043,0.003,0.000,2,W,0,,,,454284,137.94,0
2007,4586.050,"Mount",-0.076,0.046,-0.076,0.046,-0.027,0.000,16,E,0,,,,453848,124.39,0
2008,4588.157,"Mount",-0.014,-0.044,0.033,0.032,0.007,0.000,4,W,0,,,,451547,142.77,0
2009,4590.575,"Mount",-0.165,-0.196,0.098,0.236,0.052,0.085,30,W,36,S,,,445806,149.18,0
2010,4592.779,"Mount",-0.273,-0.258,0.103,0.362,0.053,0.134,30,W,57,S,,,458713,151.94,0
2011,4595.234,"Mount",-0.167,-0.078,-0.008,0.185,-0.003,0.072,2,E,31,S,,,438144,126.10,0
2012,4597.384,"Mount",-0.008,-0.076,0.064,0.042,0.019,0.000,11,W,0,,,,463273,151.64,0
2013,4599.741,"Mount",-0.044,-0.131,0.096,0.100,0.032,0.036,18,W,15,S,,,477767,173.27,0
2014,4601.847,"Mount",-0.006,-0.026,0.021,0.017,-0.014,0.000,8,E,0,,,,460670,156.56,0
2015,4604.143,"Mount",0.024,-0.039,0.046,-0.003,-0.027,0.000,16,E,0,,,,446005,136.94,0
2016,4606.281,"Mount",-0.086,0.060,-0.092,0.048,-0.078,0.000,44,E,0,,,,463377,139.78,0
2017,4608.641,"Mount",0.019,-0.170,0.159,0.062,0.030,0.022,17,W,10,S,,,439159,145.08,0
2018,4610.783,"Mount",-0.023,-0.210,0.176,0.117,0.039,0.043,22,W,18,S,,,429992,112.16,0
2019,4613.094,"Mount",0.066,-0.054,0.078,-0.034,-0.006,0.000,3,E,0,,,,446976,128.98,0
2020,4615.176,"Mount",-0.023,0.022,-0.030,0.010,-0.033,0.000,19,E,0,,,,472566,155.36,0
2021,4617.468,"Mount",0.001,-0.094,0.084,0.042,0.032,0.000,18,W,0,,,,463198,132.87,0
2022,4619.655,"Mount",-0.193,-0.234,0.119,0.279,0.067,0.101,38,W,43,S,,,451919,144.27,0
2023,4622.080,"Mount",-0.174,-0.056,-0.031,0.180,0.025,0.069,14,W,29,S,,,457715,128.10,0
2024,4624.218,"Mount",0.012,-0.030,0.032,0.003,0.064,0.000,37,W,0,,,,458810,132.64,0
2025,4626.653,"Mount",-0.082,0.010,-0.047,0.068,0.075,0.025,43,W,11,S,,,442901,137.00,0
2026,4628.798,"Mount",-0.019,0.026,-0.032,0.005,0.155,0.000,88,W,0,,,,447831,181.07,0
2027,4631.262,"Mount",-0.118,0.035,-0.085,0.088,0.114,0.032,65,W,14,S,,,459923,143.17,0
2028,4633.388,"Mount",-0.153,0.169,-0.220,0.058,-0.046,0.000,26,E,0,,,,444314,135.02,0
2029,4635.744,"Mount",-0.132,0.259,-0.291,-0.002,-0.085,0.000,48,E,0,,,,463511,139.66,0
2030,4637.848,"Mount",-0.013,0.033,-0.035,-0.004,-0.018,0.000,11,E,0,,,,449501,143.41,0
2031,4640.392,"Mount",-0.136,0.103,-0.154,0.073,-0.137,0.026,79,E,11,S,,,455413,136.07,0
2032,4642.625,"Mount",0.008,0.120,-0.103,-0.063,-0.101,-0.021,58,E,9,N,,,438153,135.61,0
2033,4644.934,"Mount",0.039,-0.126,0.130,0.024,0.023,0.000,13,W,0,,,,431208,129.53,0
2034,4647.132,"Mount",0.087,0.032,0.012,-0.092,-0.050,-0.033,28,E,14,N,,,449771,137.93,0
2035,4649.532,"Mount",0.113,-0.033,0.081,-0.085,-0.001,-0.032,1,E,14,N,,,449267,147.02,0
2036,4651.639,"Mount",0.055,-0.040,0.060,-0.030,-0.015,0.000,9,E,0,,,,456566,144.97,0
2037,4653.995,"Mount",0.078,-0.101,0.125,-0.023,0.003,0.000,1,W,0,,,,433597,124.72,0
2038,4656.134,"Mount",-0.011,-0.023,0.016,0.020,-0.071,0.000,41,E,0,,,,435550,143.73,0
2039,4658.563,"Mount",-0.102,-0.026,-0.023,0.102,-0.098,0.037,56,E,16,S,,,448769,127.04,0
2040,4660.762,"Mount",-0.052,-0.067,0.035,0.077,-0.109,0.029,62,E,13,S,,,439141,130.01,0
2041,4663.209,"Mount",-0.058,-0.110,0.070,0.103,-0.099,0.038,56,E,16,S,,,441855,154.97,0
2042,4665.358,"Mount",0.009,-0.081,0.077,0.029,-0.107,0.000,61,E,0,,,,452224,142.04,0
2043,4667.803,"Mount",-0.008,-0.132,0.113,0.068,-0.097,0.025,55,E,11,S,,,459639,150.95,0
2044,4670.030,"Mount",-0.008,-0.122,0.105,0.063,-0.097,0.024,55,E,10,S,,,455083,144.24,0
2045,4672.531,"Mount",-0.162,-0.093,0.008,0.186,-0.139,0.068,79,E,29,S,,,466159,134.30,0
2046,4674.738,"Mount",-0.089,-0.035,-0.010,0.095,-0.122,0.037,70,E,16,S,,,439151,141.87,0
2047,4677.246,"Mount",-0.151,-0.046,-0.029,0.155,-0.116,0.057,66,E,24,S,,,465810,140.17,0
2048,4679.417,"Mount",-0.061,0.041,-0.065,0.035,-0.127,0.000,73,E,0,,,,460167,153.27,0
2049,4681.789,"Mount",0.051,-0.095,0.107,-0.002,-0.029,0.000,17,E,0,,,,450946,135.58,0
2050,4683.958,"Mount",-0.044,0.133,-0.138,-0.022,-0.123,0.000,70,E,0,,,,484284,129.50,0
2051,4686.280,"Mount",0.052,0.028,-0.001,-0.059,-0.052,0.000,29,E,0,,,,434963,139.89,0
2052,4688.472,"Mount",-0.052,-0.032,0.004,0.061,-0.038,0.022,22,E,9,S,,,435343,151.07,0
2053,4690.871,"Mount",-0.064,-0.106,0.065,0.105,-0.018,0.039,10,E,17,S,,,430536,134.55,0
2054,4693.051,"Mount",0.189,0.092,0.006,-0.210,-0.049,-0.074,28,E,32,N,,,439967,128.79,0
2055,4695.387,"Mount",0.010,-0.103,0.096,0.038,-0.014,0.000,8,E,0,,,,436722,134.06,0
2056,4697.540,"Mount",-0.125,-0.109,0.039,0.161,-0.063,0.058,36,E,25,S,,,468571,153.32,0
2057,4699.927,"Mount",0.045,-0.061,0.074,-0.012,-0.043,0.000,25,E,0,,,,441312,137.46,0
2058,4702.142,"Mount",-0.155,0.003,-0.075,0.136,-0.106,0.049,61,E,21,S,,,451691,149.97,0
2059,4704.436,"Mount",0.012,-0.085,0.080,0.029,-0.040,0.000,23,E,0,,,,445344,142.91,0
2060,4706.593,"Mount",-0.053,0.057,-0.075,0.020,-0.117,0.000,67,E,0,,,,446602,130.51,0
2061,4708.954,"Mount",0.155,-0.133,0.189,-0.076,-0.024,-0.027,14,E,12,N,,,455492,146.16,0
2062,4711.142,"Mount",-0.071,-0.015,-0.019,0.070,-0.118,0.024,68,E,10,S,,,462675,153.87,0
2063,4713.577,"Mount",-0.058,0.147,-0.157,-0.017,-0.207,0.000,118,E,0,,,,419055,140.09,0
2064,4715.805,"Mount",-0.014,0.085,-0.081,-0.027,-0.203,0.000,116,E,0,,,,425923,125.64,0
2065,4718.205,"Mount",0.046,-0.110,0.118,0.010,-0.143,0.000,82,E,0,,,,436209,139.50,0
2066,4720.479,"Mount",-0.145,-0.022,-0.047,0.138,-0.213,0.050,122,E,21,S,,,433767,121.09,0
2067,4723.114,"Mount",0.091,0.001,0.040,-0.081,-0.249,-0.027,143,E,12,N,,,438413,138.70,0
2068,4725.426,"Mount",-0.000,0.057,-0.051,-0.026,-0.252,0.000,144,E,0,,,,428699,154.34,0
2069,4727.975,"Mount",-0.138,0.072,-0.127,0.090,-0.306,0.032,175,E,14,S,,,443736,132.83,0
2070,4730.284,"Mount",-0.130,0.027,-0.084,0.103,-0.276,0.038,158,E,16,S,,,449860,137.93,0
2071,4732.718,"Mount",-0.028,0.060,-0.066,-0.003,-0.273,0.000,156,E,0,,,,455070,145.51,0
2072,4734.956,"Mount",-0.020,0.000,-0.010,0.018,-0.226,0.000,129,E,0,,,,461361,178.59,0
2073,4737.453,"Mount",0.051,0.080,-0.047,-0.082,-0.221,-0.030,126,E,13,N,,,474870,165.01,0
2074,4739.688,"Mount",-0.084,0.072,-0.103,0.041,-0.252,0.000,144,E,0,,,,464574,146.16,0
2075,4742.142,"Mount",-0.103,0.011,-0.057,0.086,-0.190,0.031,108,E,13,S,,,457461,153.74,0
2076,4744.295,"Mount",0.016,0.017,-0.008,-0.022,-0.164,0.000,94,E,0,,,,436263,134.94,0
2077,4746.701,"Mount",-0.069,0.060,-0.085,0.033,-0.187,0.000,107,E,0,,,,460402,178.88,0
2078,4748.948,"Mount",-0.002,0.151,-0.135,-0.068,-0.185,-0.024,106,E,10,N,,,455350,130.50,0
2079,4751.394,"Mount",-0.031,-0.196,0.159,0.118,-0.057,0.041,32,E,18,S,,,451504,132.59,0
2080,4753.599,"Mount",-0.119,-0.106,0.039,0.155,-0.111,0.057,63,E,25,S,,,443717,143.01,0
2081,4756.034,"Mount",-0.033,-0.072,0.049,0.063,-0.108,0.025,62,E,11,S,,,459997,140.60,0
2082,4758.250,"Mount",-0.044,-0.054,0.027,0.064,-0.103,0.024,59,E,10,S,,,445606,146.14,0
2083,4760.731,"Mount",-0.165,-0.070,-0.014,0.179,-0.112,0.065,64,E,28,S,,,464991,138.25,0
2084,4762.955,"Mount",-0.044,-0.063,0.035,0.068,-0.108,0.027,62,E,12,S,,,455439,151.32,0
2085,4765.311,"Mount",0.095,-0.135,0.163,-0.022,-0.023,0.000,13,E,0,,,,467770,142.59,0
2086,4767.463,"Mount",-0.059,-0.305,0.243,0.193,0.035,0.070,20,W,30,S,,,461137,143.75,0
2087,4769.786,"Mount",0.063,-0.084,0.103,-0.017,-0.023,0.000,13,E,0,,,,445929,137.63,0
2088,4771.894,"Mount",0.042,0.027,-0.005,-0.050,-0.055,0.000,32,E,0,,,,442919,134.89,0
2089,4774.217,"Mount",0.051,-0.066,0.083,-0.015,-0.018,0.000,10,E,0,,,,435549,125.76,0
2090,4776.319,"Mount",-0.017,0.048,-0.050,-0.007,-0.056,0.000,32,E,0,,,,477950,175.91,0
2091,4778.721,"Mount",-0.093,0.022,-0.062,0.072,-0.076,0.026,43,E,11,S,,,469749,154.07,0
2092,4780.876,"Mount",-0.103,0.188,-0.215,0.005,-0.155,0.000,89,E,0,,,,471501,158.70,0
2093,4783.218,"Mount",0.031,-0.060,0.068,0.000,-0.024,0.000,14,E,0,,,,447423,140.93,0
2094,4785.305,"Mount",0.067,-0.171,0.182,0.020,0.036,0.000,21,W,0,,,,462206,138.54,0
2095,4787.642,"Mount",-0.054,0.025,-0.047,0.037,-0.041,0.000,23,E,0,,,,438433,134.05,0
2096,4789.764,"Mount",-0.005,-0.026,0.021,0.016,-0.023,0.000,13,E,0,,,,434252,155.06,0
2097,4792.194,"Mount",0.001,-0.149,0.133,0.068,0.067,0.024,38,W,10,S,,,450662,147.18,0
2098,4794.277,"Mount",-0.023,0.030,-0.037,0.007,0.032,0.000,18,W,0,,,,438756,133.44,0
2099,4796.611,"Mount",0.018,-0.021,0.027,-0.006,0.064,0.000,36,W,0,,,,444950,135.67,0
2100,4798.885,"Mount",0.176,-0.051,0.126,-0.133,0.141,-0.048,81,W,20,N,,,442539,156.34,0
2101,4801.271,"Mount",-0.024,-0.017,0.004,0.029,0.095,0.000,54,W,0,,,,445935,149.56,0
2102,4803.455,"Mount",-0.073,-0.014,-0.021,0.071,0.082,0.026,47,W,11,S,,,477536,163.72,0
2103,4805.982,"Mount",-0.068,-0.077,0.037,0.096,0.099,0.035,57,W,15,S,,,458522,144.81,0
2104,4808.289,"Mount",0.205,-0.237,0.305,-0.073,0.248,-0.025,142,W,11,N,,,438438,129.05,0
2105,4810.660,"Mount",0.023,0.048,-0.032,-0.043,0.128,0.000,73,W,0,,,,416259,136.98,0
2106,4812.839,"Mount",0.011,-0.004,0.009,-0.008,0.140,0.000,80,W,0,,,,458946,144.78,0
2107,4815.289,"Mount",-0.136,0.087,-0.140,0.081,0.086,0.029,49,W,12,S,,,437712,154.04,0
2108,4817.427,"Mount",0.012,0.033,-0.024,-0.025,0.137,0.000,78,W,0,,,,459308,144.35,0
2109,4819.829,"Mount",0.022,0.044,-0.029,-0.039,0.136,0.000,78,W,0,,,,468749,145.85,0
2110,4821.980,"Mount",-0.030,0.080,-0.085,-0.010,0.072,0.000,41,W,0,,,,428340,123.30,0
2111,4824.303,"Mount",0.002,0.070,-0.061,-0.034,0.064,0.000,37,W,0,,,,443168,137.15,0
2112,4826.455,"Mount",0.003,-0.009,0.009,0.002,0.069,0.000,39,W,0,,,,457453,130.09,0
2113,4828.780,"Mount",0.003,-0.049,0.045,0.020,0.040,0.000,23,W,0,,,,464475,151.13,0
2114,4830.896,"Mount",0.015,-0.025,0.029,-0.002,0.024,0.000,14,W,0,,,,463025,150.13,0
2115,4833.344,"Mount",-0.403,-0.208,-0.001,0.453,0.011,0.163,6,W,70,S,,,459720,161.16,0
2116,4835.618,"Mount",-0.264,-0.029,-0.096,0.247,-0.046,0.095,27,E,41,S,,,451222,145.30,0
2117,4837.911,"Mount",-0.080,0.037,-0.070,0.054,-0.041,0.000,23,E,0,,,,448427,139.55,0
2118,4840.105,"Mount",0.032,0.121,-0.092,-0.084,-0.058,-0.030,33,E,13,N,,,440031,135.48,0
2119,4842.449,"Mount",-0.076,0.103,-0.127,0.020,-0.083,0.000,48,E,0,,,,464381,131.49,0
2120,4844.644,"Mount",0.107,0.108,-0.046,-0.145,-0.023,-0.052,13,E,22,N,,,459732,139.96,0
2121,4847.076,"Mount",-0.217,0.076,-0.167,0.157,-0.097,0.055,55,E,23,S,,,463654,150.77,0
2122,4849.264,"Mount",-0.135,0.060,-0.116,0.092,-0.060,0.035,34,E,15,S,,,445777,155.61,0
2123,4851.619,"Mount",-0.094,0.003,-0.046,0.083,0.004,0.031,2,W,13,S,,,451169,145.93,0
2124,4853.757,"Mount",-0.096,0.272,-0.285,-0.041,-0.116,0.000,67,E,0,,,,434067,130.90,0
2125,4856.098,"Mount",0.029,-0.075,0.080,0.008,0.066,0.000,38,W,0,,,,468561,137.21,0
2126,4858.205,"Mount",0.012,-0.037,0.039,0.006,0.051,0.000,29,W,0,,,,452084,138.97,0
2127,4860.559,"Mount",0.071,-0.015,0.046,-0.056,0.071,0.000,41,W,0,,,,455028,129.05,0
2128,4862.698,"Mount",0.010,-0.113,0.105,0.043,0.137,0.000,78,W,0,,,,457561,160.66,0
2129,4865.083,"Mount",-0.028,0.068,-0.074,-0.006,0.085,0.000,48,W,0,,,,464142,160.21,0
2130,4867.265,"Mount",-0.039,0.037,-0.051,0.018,0.140,0.000,80,W,0,,,,429041,122.18,0
2131,4869.843,"Mount",-0.495,-0.337,0.071,0.595,0.195,0.214,111,W,92,S,,,457462,145.36,0
2132,4874.325,"Mount",0.023,-0.367,0.337,0.150,0.369,0.062,211,W,27,S,,,455006,144.29,0
2133,4876.679,"Mount",-0.005,-0.299,0.263,0.143,0.297,0.054,170,W,23,S,,,446901,145.83,0
Guiding Ends at 2026-05-28 00:57:24

Guiding Begins at 2026-05-28 01:00:13
Equipment Profile = 60mmGuide
Dither = both axes, Dither scale = 1.000, Image noise reduction = none, Guide-frame time lapse = 0, Server enabled
Pixel scale = 3.22 arc-sec/px, Binning = 1, Focal length = 240 mm
Search region = 25 px, Star mass tolerance = 50.0%, Multi-star mode, list size = 12
 Camera = ZWO ASI120MM Mini, gain = 37, full size = 1280 x 960, have dark, dark dur = 2000, no defect map, pixel size = 3.8 um
Exposure = 2000 ms
Mount = iOptron CEM120,70,40,26, GEM, HEM, HAE, HAZ series and SkyHunter Mount (ASCOM), connected, guiding enabled, xAngle = -62.6, xRate = 1.748, yAngle = -152.7, yRate = 2.338, parity = +/-
Norm rates RA = 8.3"/s @ dec 0, Dec = 7.5"/s; ortho.err. = 0.1 deg
X guide algorithm = Predictive PEC, Control gain = 0.450
Prediction gain = 0.750
Minimum move = 0.060
Hyperparameters
	Length scale long range SE kernel = 700.000
	Signal variance long range SE kernel = 20.000
	Length scale periodic kernel = 10.000
	Signal variance periodic kernel = 20.000
	Length scale short range SE kernel = 25.000
	Signal variance short range SE kernel = 10.000
	Period length periodic kernel = 348.000
	FFT called after = 2.000 worm cycles
	Auto-adjust period length = Off
Y guide algorithm = Hysteresis, Hysteresis = 0.100, Aggression = 0.400, Minimum move = 0.060
Backlash comp = disabled, pulse = 100 ms
Max RA duration = 2500, Max DEC duration = 2500, DEC guide mode = Auto
RA Guide Speed = 7.5 a-s/s, Dec Guide Speed = 7.5 a-s/s, Cal Dec = 0.0, Last Cal Issue = None, Timestamp = 7/29/2025 9:33:42 PM
RA = 13.52 hr, Dec = 47.1 deg, Hour angle = 2.24 hr, Pier side = East, Rotator pos = N/A, Alt = 60.0 deg, Az = 311.0 deg
Lock position = 582.789, 564.044, Star position = 582.789, 564.044, HFD = 4.59 px
Frame,Time,mount,dx,dy,RARawDistance,DECRawDistance,RAGuideDistance,DECGuideDistance,RADuration,RADirection,DECDuration,DECDirection,XStep,YStep,StarMass,SNR,ErrorCode
INFO: SETTLING STATE CHANGE, Settling started
1,2.157,"Mount",-0.014,-0.003,-0.004,0.014,0.000,0.000,0,,0,,,,451272,135.86,0
2,4.455,"Mount",-0.046,0.028,-0.046,0.028,0.000,0.000,0,,0,,,,467997,155.14,0
3,6.652,"Mount",0.000,0.157,-0.139,-0.073,-0.062,-0.026,36,E,11,N,,,458582,148.49,0
4,9.116,"Mount",0.174,0.392,-0.267,-0.336,-0.120,-0.122,69,E,52,N,,,448979,141.92,0
5,11.340,"Mount",-0.253,0.175,-0.272,0.144,-0.122,0.047,70,E,20,S,,,441168,124.69,0
6,13.803,"Mount",-0.120,0.394,-0.405,-0.076,-0.182,-0.025,104,E,11,N,,,458892,133.06,0
7,15.931,"Mount",-0.027,0.156,-0.150,-0.048,-0.068,0.000,39,E,0,,,,445588,141.71,0
8,18.276,"Mount",-0.098,0.173,-0.199,0.007,-0.090,0.000,51,E,0,,,,446475,147.88,0
9,20.445,"Mount",-0.092,0.250,-0.264,-0.033,-0.119,0.000,68,E,0,,,,444382,149.73,0
INFO: SETTLING STATE CHANGE, Settling complete
10,22.923,"Mount",-0.137,0.373,-0.394,-0.050,-0.177,0.000,101,E,0,,,,425767,146.90,0
11,25.224,"Mount",-0.119,0.490,-0.490,-0.121,-0.206,-0.044,118,E,19,N,,,439444,122.12,0
12,27.693,"Mount",-0.340,0.382,-0.496,0.125,-0.208,0.043,119,E,19,S,,,421430,139.17,0
13,30.025,"Mount",-0.399,0.542,-0.664,0.104,-0.277,0.039,158,E,17,S,,,449288,149.58,0
14,32.533,"Mount",0.007,0.636,-0.561,-0.299,-0.242,-0.106,138,E,45,N,,,426609,133.61,0
15,34.823,"Mount",-0.448,0.421,-0.580,0.203,-0.253,0.069,145,E,29,S,,,447577,137.12,0
16,37.388,"Mount",-0.391,0.349,-0.490,0.186,-0.225,0.070,129,E,30,S,,,454267,136.26,0
17,39.653,"Mount",-0.047,0.441,-0.413,-0.162,-0.195,-0.056,112,E,24,N,,,444885,131.77,0
18,42.192,"Mount",-0.123,0.516,-0.515,-0.129,-0.233,-0.049,133,E,21,N,,,444071,139.55,0
19,44.491,"Mount",-0.389,0.273,-0.421,0.219,-0.193,0.077,111,E,33,S,,,441963,119.37,0
20,46.943,"Mount",-0.081,0.313,-0.315,-0.073,-0.146,-0.023,84,E,10,N,,,424032,125.52,0
21,49.127,"Mount",-0.141,0.346,-0.372,-0.035,-0.166,0.000,95,E,0,,,,433092,144.32,0
22,51.592,"Mount",-0.108,0.370,-0.378,-0.075,-0.164,-0.027,94,E,12,N,,,449324,149.20,0
23,53.900,"Mount",-0.350,0.174,-0.315,0.230,-0.138,0.082,79,E,35,S,,,443344,143.77,0
24,56.332,"Mount",-0.030,0.287,-0.269,-0.106,-0.126,-0.035,72,E,15,N,,,459048,158.00,0
25,58.487,"Mount",-0.100,0.231,-0.251,-0.018,-0.118,0.000,67,E,0,,,,427260,133.86,0
26,60.815,"Mount",-0.068,0.051,-0.077,0.037,-0.047,0.000,27,E,0,,,,444626,141.90,0
27,62.972,"Mount",-0.144,0.037,-0.099,0.111,-0.056,0.040,32,E,17,S,,,456845,134.57,0
28,65.297,"Mount",-0.060,0.076,-0.095,0.018,-0.052,0.000,30,E,0,,,,440944,143.31,0
29,67.471,"Mount",-0.099,0.265,-0.281,-0.035,-0.119,0.000,68,E,0,,,,435865,140.72,0
30,69.924,"Mount",0.030,0.241,-0.200,-0.138,-0.086,-0.050,49,E,21,N,,,463069,138.19,0
31,72.083,"Mount",-0.127,0.256,-0.286,-0.005,-0.127,0.000,72,E,0,,,,462871,151.57,0
32,74.387,"Mount",0.022,0.035,-0.021,-0.035,-0.005,0.000,3,E,0,,,,437476,125.52,0
33,76.621,"Mount",-0.270,0.112,-0.224,0.188,-0.107,0.068,61,E,29,S,,,444439,151.85,0
34,78.962,"Mount",-0.061,0.149,-0.160,-0.015,-0.078,0.000,44,E,0,,,,453609,154.45,0
35,81.220,"Mount",-0.065,0.304,-0.300,-0.083,-0.137,-0.030,79,E,13,N,,,464468,155.89,0
36,83.668,"Mount",-0.099,0.055,-0.095,0.062,-0.053,0.021,30,E,9,S,,,451585,131.57,0
37,85.811,"Mount",-0.097,0.110,-0.142,0.035,-0.083,0.000,47,E,0,,,,457894,157.45,0
38,88.194,"Mount",-0.101,0.050,-0.091,0.066,-0.060,0.024,34,E,10,S,,,453294,147.43,0
39,90.278,"Mount",0.005,0.052,-0.044,-0.028,-0.021,0.000,12,E,0,,,,433036,156.13,0
40,92.599,"Mount",-0.041,0.096,-0.104,-0.008,-0.053,0.000,30,E,0,,,,443257,154.23,0
41,94.670,"Mount",-0.058,0.025,-0.049,0.040,-0.007,0.000,4,E,0,,,,436529,138.92,0
42,96.955,"Mount",-0.009,0.058,-0.055,-0.019,0.005,0.000,3,W,0,,,,438456,145.86,0
43,99.045,"Mount",0.017,-0.095,0.092,0.029,0.043,0.000,25,W,0,,,,457317,127.17,0
44,101.333,"Mount",0.041,0.052,-0.027,-0.061,0.000,-0.022,0,,9,N,,,464647,155.66,0
45,103.517,"Mount",0.147,0.027,0.044,-0.143,-0.001,-0.052,1,E,22,N,,,457490,144.37,0
46,105.923,"Mount",0.008,-0.192,0.174,0.081,0.068,0.027,39,W,12,S,,,427306,137.19,0
47,108.037,"Mount",0.082,-0.240,0.250,0.038,0.097,0.000,55,W,0,,,,462861,149.21,0
48,110.481,"Mount",-0.037,-0.224,0.182,0.136,0.068,0.049,39,W,21,S,,,458141,145.55,0
49,112.636,"Mount",0.113,-0.235,0.260,0.008,0.110,0.000,63,W,0,,,,456534,160.50,0
50,115.004,"Mount",0.110,-0.196,0.224,-0.007,0.092,0.000,52,W,0,,,,478170,153.73,0
51,117.158,"Mount",0.158,-0.191,0.242,-0.052,0.106,0.000,60,W,0,,,,430150,125.06,0
52,119.512,"Mount",0.112,-0.283,0.303,0.032,0.128,0.000,73,W,0,,,,473433,150.68,0
53,121.653,"Mount",0.121,-0.175,0.211,-0.027,0.096,0.000,55,W,0,,,,448308,152.61,0
54,124.013,"Mount",0.118,-0.136,0.175,-0.042,0.080,0.000,46,W,0,,,,445455,136.99,0
55,126.230,"Mount",0.200,-0.162,0.236,-0.103,0.115,-0.037,66,W,16,N,,,425635,134.85,0
56,128.681,"Mount",0.058,-0.279,0.274,0.078,0.129,0.026,74,W,11,S,,,449088,131.91,0
57,130.865,"Mount",0.007,-0.226,0.204,0.098,0.101,0.036,58,W,16,S,,,475973,139.02,0
58,133.301,"Mount",0.053,-0.142,0.151,0.018,0.076,0.000,43,W,0,,,,457410,165.10,0
59,135.516,"Mount",0.087,-0.006,0.045,-0.074,0.004,-0.027,2,W,11,N,,,451628,153.38,0
60,137.810,"Mount",0.026,-0.074,0.078,0.011,0.036,0.000,20,W,0,,,,489203,150.74,0
61,139.960,"Mount",-0.077,-0.070,0.027,0.100,-0.004,0.036,2,E,15,S,,,429359,145.54,0
62,142.257,"Mount",-0.050,0.012,-0.034,0.039,-0.033,0.000,19,E,0,,,,461571,143.61,0
63,144.342,"Mount",0.007,-0.056,0.053,0.020,-0.038,0.000,21,E,0,,,,455231,160.93,0
64,146.709,"Mount",0.183,-0.061,0.138,-0.134,0.029,-0.048,17,W,21,N,,,451416,144.24,0
65,148.789,"Mount",-0.027,0.028,-0.037,0.011,-0.028,0.000,16,E,0,,,,479666,162.05,0
66,151.178,"Mount",-0.092,-0.107,0.052,0.131,0.006,0.047,3,W,20,S,,,469176,148.12,0
67,153.305,"Mount",-0.050,-0.051,0.022,0.068,0.008,0.026,4,W,11,S,,,463501,131.71,0
68,155.624,"Mount",0.027,0.049,-0.031,-0.047,0.009,0.000,5,W,0,,,,439551,135.15,0
69,157.630,"Mount",0.066,0.002,0.029,-0.059,0.000,0.000,0,,0,,,,444806,127.87,0
70,160.044,"Mount",0.027,0.092,-0.069,-0.066,-0.030,-0.024,17,E,10,N,,,420374,123.40,0
71,162.163,"Mount",-0.056,-0.064,0.032,0.079,-0.007,0.028,4,E,12,S,,,428936,138.34,0
72,164.506,"Mount",0.088,-0.112,0.140,-0.026,0.046,0.000,26,W,0,,,,441404,130.94,0
73,166.612,"Mount",0.135,-0.213,0.251,-0.021,0.089,0.000,51,W,0,,,,448756,143.26,0
74,168.969,"Mount",0.150,-0.219,0.264,-0.032,0.092,0.000,53,W,0,,,,455113,154.16,0
75,171.321,"Mount",0.176,-0.736,0.734,0.184,0.322,0.066,184,W,28,S,,,458830,148.33,0
76,173.747,"Mount",0.227,-0.423,0.480,-0.006,0.216,0.000,124,W,0,,,,462154,163.89,0
77,176.010,"Mount",0.252,-0.444,0.510,-0.019,0.287,0.000,164,W,0,,,,472031,149.82,0
78,178.556,"Mount",0.108,-0.393,0.398,0.086,0.239,0.031,137,W,13,S,,,470703,145.72,0
79,180.726,"Mount",0.176,-0.275,0.325,-0.029,0.206,0.000,118,W,0,,,,465548,148.71,0
80,183.192,"Mount",0.214,-0.233,0.306,-0.082,0.187,-0.030,107,W,13,N,,,456495,145.27,0
81,185.239,"Mount",0.002,0.080,-0.070,-0.039,0.018,0.000,10,W,0,,,,463433,148.88,0
82,187.535,"Mount",0.013,0.070,-0.057,-0.044,-0.041,0.000,24,E,0,,,,441082,129.95,0
83,189.606,"Mount",0.073,-0.111,0.132,-0.014,0.001,0.000,1,W,0,,,,447208,129.30,0
84,192.073,"Mount",0.288,-0.701,0.755,0.069,0.229,0.025,131,W,11,S,,,457879,142.67,0
85,194.256,"Mount",0.365,-0.677,0.769,-0.012,0.228,0.000,131,W,0,,,,461309,153.32,0
86,196.731,"Mount",0.197,-0.431,0.473,0.024,0.273,0.000,156,W,0,,,,471479,147.18,0
87,198.928,"Mount",0.190,-0.245,0.305,-0.055,0.210,0.000,120,W,0,,,,486809,156.65,0
88,201.363,"Mount",0.054,0.096,-0.061,-0.092,0.102,-0.033,58,W,14,N,,,459829,132.78,0
89,203.511,"Mount",0.028,-0.026,0.036,-0.013,0.116,0.000,66,W,0,,,,431527,132.49,0
90,205.860,"Mount",-0.043,-0.138,0.102,0.102,0.044,0.037,25,W,16,S,,,480420,154.44,0
91,208.045,"Mount",-0.155,0.047,-0.113,0.116,-0.064,0.043,37,E,19,S,,,433502,147.04,0
92,210.338,"Mount",-0.003,-0.018,0.014,0.011,-0.042,0.000,24,E,0,,,,467180,166.95,0
93,212.475,"Mount",0.021,-0.062,0.064,0.010,-0.050,0.000,29,E,0,,,,440346,150.23,0
94,214.847,"Mount",-0.014,0.095,-0.091,-0.032,-0.132,0.000,76,E,0,,,,451405,151.72,0
95,217.038,"Mount",-0.070,-0.069,0.029,0.094,-0.061,0.034,35,E,14,S,,,458780,149.83,0
96,219.375,"Mount",-0.021,-0.041,0.026,0.038,-0.066,0.000,38,E,0,,,,436673,129.40,0
97,221.528,"Mount",0.026,0.018,-0.004,-0.032,-0.019,0.000,11,E,0,,,,428470,133.17,0
98,223.835,"Mount",-0.052,0.015,-0.037,0.039,-0.013,0.000,7,E,0,,,,440595,164.80,0
99,226.023,"Mount",0.130,0.057,0.009,-0.142,0.011,-0.051,6,W,22,N,,,471370,149.71,0
100,228.377,"Mount",-0.168,-0.134,0.042,0.211,0.017,0.074,10,W,32,S,,,441941,140.19,0
101,230.464,"Mount",-0.047,0.085,-0.097,0.002,-0.021,0.000,12,E,0,,,,448296,148.95,0
102,232.743,"Mount",-0.015,0.036,-0.039,-0.004,0.010,0.000,5,W,0,,,,464624,139.15,0
103,234.930,"Mount",-0.042,-0.159,0.122,0.111,0.057,0.040,33,W,17,S,,,457504,145.28,0
104,237.329,"Mount",0.172,-0.238,0.291,-0.042,0.112,0.000,64,W,0,,,,448080,130.75,0
105,239.405,"Mount",0.048,-0.102,0.112,0.004,0.033,0.000,19,W,0,,,,437867,126.50,0
106,241.772,"Mount",0.023,-0.018,0.027,-0.012,0.022,0.000,13,W,0,,,,448123,143.50,0
107,243.864,"Mount",0.056,0.001,0.025,-0.050,0.018,0.000,10,W,0,,,,464220,126.17,0
108,246.236,"Mount",0.066,-0.088,0.109,-0.018,0.033,0.000,19,W,0,,,,453037,135.58,0
109,248.337,"Mount",-0.077,0.055,-0.084,0.043,-0.053,0.000,31,E,0,,,,444512,138.56,0
110,250.630,"Mount",0.042,-0.108,0.115,0.013,0.037,0.000,21,W,0,,,,456111,137.44,0
111,252.815,"Mount",0.005,-0.312,0.280,0.139,0.100,0.050,57,W,21,S,,,439324,143.55,0
112,255.252,"Mount",-0.235,-0.355,0.207,0.372,0.068,0.136,39,W,58,S,,,435852,138.59,0
113,257.424,"Mount",-0.169,-0.091,0.003,0.192,0.001,0.075,1,W,32,S,,,432919,140.95,0
114,259.758,"Mount",0.087,0.040,0.004,-0.095,-0.000,-0.031,0,,13,N,,,439861,152.55,0
115,261.884,"Mount",-0.083,0.035,-0.070,0.057,-0.022,0.000,13,E,0,,,,460832,150.97,0
116,264.268,"Mount",-0.201,-0.012,-0.081,0.184,-0.029,0.066,17,E,28,S,,,445455,128.92,0
117,266.327,"Mount",0.045,-0.031,0.048,-0.026,-0.008,0.000,4,E,0,,,,444908,133.38,0
118,268.616,"Mount",0.017,0.076,-0.059,-0.050,-0.012,0.000,7,E,0,,,,440070,141.89,0
119,270.767,"Mount",-0.082,0.052,-0.084,0.048,-0.046,0.000,26,E,0,,,,472167,157.88,0
120,273.164,"Mount",-0.102,0.044,-0.086,0.070,-0.051,0.025,29,E,11,S,,,444907,145.06,0
121,275.268,"Mount",-0.022,-0.008,-0.003,0.024,-0.016,0.000,9,E,0,,,,463685,156.30,0
122,277.671,"Mount",0.055,0.067,-0.034,-0.080,-0.027,-0.029,16,E,12,N,,,443966,156.26,0
123,279.869,"Mount",0.045,0.071,-0.042,-0.073,-0.028,-0.027,16,E,12,N,,,441925,133.01,0
124,282.318,"Mount",-0.071,0.003,-0.036,0.062,-0.004,0.021,2,E,9,S,,,432385,126.13,0
125,284.559,"Mount",-0.022,-0.144,0.118,0.086,0.046,0.032,26,W,14,S,,,461788,158.95,0
126,286.923,"Mount",0.043,-0.211,0.207,0.059,0.090,0.000,52,W,0,,,,449495,153.55,0
127,289.018,"Mount",0.015,-0.155,0.145,0.058,0.066,0.000,38,W,0,,,,458984,149.26,0
128,291.393,"Mount",0.055,-0.178,0.183,0.033,0.122,0.000,70,W,0,,,,433994,146.81,0
129,293.547,"Mount",-0.059,-0.050,0.017,0.076,0.043,0.027,24,W,12,S,,,455036,150.89,0
130,295.905,"Mount",0.084,-0.121,0.146,-0.019,0.096,0.000,55,W,0,,,,447793,122.97,0
131,298.011,"Mount",-0.012,0.088,-0.084,-0.030,-0.007,0.000,4,E,0,,,,459743,132.83,0
132,300.309,"Mount",-0.014,0.011,-0.016,0.007,0.024,0.000,14,W,0,,,,425147,135.59,0
133,302.434,"Mount",0.016,-0.071,0.070,0.018,0.029,0.000,16,W,0,,,,416391,119.10,0
134,304.755,"Mount",-0.026,-0.015,0.002,0.030,-0.003,0.000,2,E,0,,,,456563,146.52,0
135,306.952,"Mount",-0.095,0.038,-0.078,0.067,-0.038,0.024,22,E,10,S,,,451452,128.18,0
136,309.229,"Mount",-0.030,-0.023,0.006,0.037,-0.002,0.000,1,E,0,,,,452587,150.65,0
137,311.349,"Mount",-0.065,0.047,-0.072,0.036,-0.024,0.000,14,E,0,,,,446300,146.75,0
138,313.705,"Mount",-0.130,0.014,-0.073,0.109,-0.014,0.039,8,E,17,S,,,436265,141.78,0
139,315.868,"Mount",-0.060,0.073,-0.092,0.019,-0.002,0.000,1,E,0,,,,458965,136.58,0
140,318.193,"Mount",0.059,-0.015,0.040,-0.046,0.052,0.000,30,W,0,,,,460233,138.46,0
141,320.252,"Mount",-0.084,0.237,-0.249,-0.034,-0.044,0.000,25,E,0,,,,438810,135.79,0
142,322.682,"Mount",-0.128,0.380,-0.396,-0.062,-0.117,-0.022,67,E,10,N,,,457106,140.85,0
143,324.815,"Mount",-0.129,0.197,-0.234,0.023,-0.042,0.000,24,E,0,,,,449619,155.07,0
144,327.452,"Mount",-0.192,0.631,-0.649,-0.121,-0.281,-0.044,161,E,19,N,,,445085,137.82,0
145,329.654,"Mount",-0.225,0.234,-0.312,0.092,-0.133,0.031,76,E,13,S,,,439327,145.75,0
146,332.117,"Mount",-0.276,0.197,-0.302,0.154,-0.166,0.057,95,E,24,S,,,427292,125.99,0
147,334.227,"Mount",-0.022,0.162,-0.154,-0.056,-0.096,0.000,55,E,0,,,,455092,140.15,0
148,336.534,"Mount",0.038,0.007,0.012,-0.037,-0.021,0.000,12,E,0,,,,440569,119.79,0
149,338.648,"Mount",-0.035,0.119,-0.121,-0.024,-0.073,0.000,42,E,0,,,,441306,153.80,0
150,341.048,"Mount",0.046,0.133,-0.097,-0.102,-0.052,-0.037,30,E,16,N,,,453279,152.94,0
151,343.138,"Mount",0.051,-0.018,0.040,-0.037,-0.012,0.000,7,E,0,,,,446036,141.83,0
152,345.452,"Mount",-0.017,-0.065,0.050,0.045,-0.015,0.000,9,E,0,,,,433014,131.44,0
153,347.543,"Mount",-0.048,0.077,-0.091,0.007,-0.062,0.000,36,E,0,,,,441221,134.29,0
154,349.887,"Mount",-0.054,0.023,-0.045,0.037,-0.029,0.000,17,E,0,,,,452118,150.16,0
155,351.978,"Mount",-0.022,0.084,-0.085,-0.019,-0.063,0.000,36,E,0,,,,452990,142.19,0
156,354.385,"Mount",-0.162,0.113,-0.174,0.091,-0.105,0.033,60,E,14,S,,,473404,150.57,0
157,356.507,"Mount",-0.084,0.133,-0.156,0.013,-0.102,0.000,58,E,0,,,,447115,141.76,0
158,358.972,"Mount",-0.183,0.121,-0.192,0.106,-0.122,0.038,70,E,16,S,,,428889,134.84,0
159,361.160,"Mount",-0.016,0.223,-0.205,-0.089,-0.146,-0.030,84,E,13,N,,,446426,138.92,0
160,363.566,"Mount",-0.074,0.246,-0.253,-0.048,-0.173,0.000,99,E,0,,,,463362,150.69,0
161,365.752,"Mount",-0.137,0.169,-0.213,0.044,-0.170,0.000,97,E,0,,,,459728,151.73,0
162,368.153,"Mount",-0.068,0.183,-0.193,-0.024,-0.169,0.000,97,E,0,,,,446594,136.05,0
163,370.295,"Mount",-0.058,-0.008,-0.020,0.055,-0.085,0.000,48,E,0,,,,455672,143.05,0
164,372.805,"Mount",-0.166,0.149,-0.209,0.079,-0.187,0.028,107,E,12,S,,,447333,132.89,0
165,375.136,"Mount",-0.163,0.388,-0.419,-0.035,-0.281,0.000,161,E,0,,,,427314,143.98,0
166,377.757,"Mount",-0.408,0.519,-0.649,0.122,-0.365,0.044,209,E,19,S,,,437698,149.94,0
167,380.113,"Mount",-0.404,0.727,-0.831,0.022,-0.449,0.000,257,E,0,,,,414794,121.77,0
168,382.752,"Mount",-0.505,0.109,-0.329,0.397,-0.274,0.143,157,E,61,S,,,459412,153.08,0
169,385.170,"Mount",-0.487,0.051,-0.269,0.409,-0.248,0.153,142,E,65,S,,,427368,137.63,0
170,387.763,"Mount",-0.456,0.248,-0.430,0.290,-0.328,0.111,187,E,47,S,,,444050,134.12,0
171,390.076,"Mount",-0.364,-0.007,-0.161,0.326,-0.198,0.122,113,E,52,S,,,450700,128.79,0
172,392.426,"Mount",0.029,0.039,-0.021,-0.044,-0.104,0.000,60,E,0,,,,463093,156.61,0
173,394.659,"Mount",-0.104,0.013,-0.060,0.086,-0.115,0.031,66,E,13,S,,,455861,160.57,0
174,397.018,"Mount",-0.066,0.072,-0.094,0.025,-0.086,0.000,49,E,0,,,,419046,114.21,0
175,399.281,"Mount",-0.183,0.190,-0.253,0.074,-0.139,0.027,79,E,11,S,,,460553,151.28,0
176,401.621,"Mount",-0.055,0.227,-0.227,-0.056,-0.125,0.000,72,E,0,,,,438248,131.29,0
177,403.846,"Mount",-0.049,0.232,-0.229,-0.064,-0.116,-0.023,66,E,10,N,,,438266,139.18,0
178,406.254,"Mount",-0.162,0.189,-0.242,0.057,-0.156,0.000,89,E,0,,,,436441,141.98,0
179,408.457,"Mount",-0.210,0.156,-0.235,0.114,-0.147,0.041,84,E,18,S,,,449498,140.38,0
180,410.830,"Mount",0.004,0.098,-0.085,-0.049,-0.103,0.000,59,E,0,,,,445680,146.76,0
181,412.991,"Mount",-0.023,0.091,-0.092,-0.022,-0.103,0.000,59,E,0,,,,448244,142.80,0
182,415.371,"Mount",-0.066,0.068,-0.091,0.027,-0.106,0.000,61,E,0,,,,456119,147.96,0
183,417.585,"Mount",-0.136,0.047,-0.104,0.099,-0.102,0.036,58,E,15,S,,,462241,150.36,0
184,419.988,"Mount",0.067,0.053,-0.016,-0.084,-0.060,-0.029,34,E,12,N,,,457012,141.25,0
185,422.113,"Mount",-0.076,0.060,-0.088,0.040,-0.077,0.000,44,E,0,,,,449104,145.95,0
186,424.486,"Mount",-0.042,0.161,-0.163,-0.037,-0.107,0.000,61,E,0,,,,440719,138.34,0
187,426.627,"Mount",-0.081,0.017,-0.052,0.064,-0.025,0.023,14,E,10,S,,,479441,159.28,0
188,429.138,"Mount",-0.165,0.151,-0.210,0.076,-0.112,0.028,64,E,12,S,,,438972,132.89,0
189,431.340,"Mount",0.009,0.010,-0.004,-0.013,-0.028,0.000,16,E,0,,,,481265,164.54,0
190,433.652,"Mount",-0.042,0.083,-0.093,-0.001,-0.060,0.000,34,E,0,,,,439624,136.33,0
191,435.773,"Mount",0.021,0.049,-0.034,-0.041,-0.020,0.000,12,E,0,,,,459261,162.47,0
192,438.054,"Mount",-0.023,-0.015,0.003,0.028,-0.011,0.000,6,E,0,,,,456110,139.61,0
193,440.129,"Mount",-0.031,0.051,-0.059,0.004,-0.002,0.000,1,E,0,,,,468160,154.21,0
194,442.446,"Mount",-0.059,-0.012,-0.016,0.058,0.009,0.000,5,W,0,,,,430582,134.77,0
195,444.617,"Mount",0.037,0.030,-0.010,-0.047,0.015,0.000,8,W,0,,,,449345,144.64,0
196,446.919,"Mount",-0.014,-0.040,0.029,0.031,0.023,0.000,13,W,0,,,,454191,136.49,0
197,449.211,"Mount",-0.652,-0.117,-0.197,0.632,-0.058,0.228,33,E,97,S,,,475190,154.76,0
198,451.596,"Mount",-0.067,-0.066,0.027,0.090,0.028,0.042,16,W,18,S,,,435186,139.63,0
199,453.744,"Mount",0.044,-0.090,0.100,0.003,0.076,0.000,43,W,0,,,,439648,163.99,0
200,456.119,"Mount",0.045,-0.105,0.114,0.008,0.077,0.000,44,W,0,,,,458966,150.82,0
201,458.293,"Mount",-0.057,-0.085,0.049,0.090,0.035,0.032,20,W,14,S,,,459450,134.71,0
202,460.674,"Mount",0.116,-0.200,0.230,-0.010,0.148,0.000,84,W,0,,,,445233,146.55,0
203,462.855,"Mount",0.050,-0.150,0.156,0.025,0.140,0.000,80,W,0,,,,452011,141.17,0
204,465.323,"Mount",-0.021,-0.201,0.168,0.111,0.157,0.040,90,W,17,S,,,447709,140.22,0
205,467.511,"Mount",0.084,-0.070,0.101,-0.042,0.128,0.000,73,W,0,,,,477933,145.66,0
206,470.042,"Mount",0.066,-0.380,0.368,0.117,0.246,0.042,141,W,18,S,,,442822,159.44,0
207,472.289,"Mount",0.068,-0.222,0.229,0.042,0.171,0.000,98,W,0,,,,416486,125.70,0
208,474.643,"Mount",0.007,-0.137,0.125,0.057,0.121,0.000,69,W,0,,,,434299,141.10,0
209,476.872,"Mount",-0.095,-0.248,0.176,0.199,0.149,0.072,85,W,31,S,,,467473,151.26,0
210,479.261,"Mount",0.037,0.068,-0.043,-0.064,0.062,-0.020,35,W,9,N,,,443208,139.24,0
211,481.432,"Mount",0.045,0.135,-0.099,-0.103,0.003,-0.038,2,W,16,N,,,442430,143.88,0
212,483.814,"Mount",0.051,0.054,-0.025,-0.070,0.031,-0.027,18,W,11,N,,,448737,147.50,0
213,486.012,"Mount",0.046,0.156,-0.117,-0.112,-0.053,-0.042,30,E,18,N,,,441733,142.47,0
214,488.400,"Mount",-0.181,-0.008,-0.076,0.164,-0.049,0.057,28,E,25,S,,,497138,171.31,0
215,490.528,"Mount",-0.074,0.067,-0.094,0.035,-0.068,0.000,39,E,0,,,,430128,159.09,0
216,492.886,"Mount",-0.031,0.119,-0.120,-0.027,-0.094,0.000,54,E,0,,,,456635,151.93,0
217,494.959,"Mount",0.002,-0.005,0.005,0.000,-0.044,0.000,25,E,0,,,,445972,124.96,0
218,497.360,"Mount",-0.116,-0.058,-0.002,0.130,-0.050,0.047,28,E,20,S,,,485551,154.06,0
219,499.503,"Mount",0.063,0.058,-0.022,-0.083,-0.041,-0.028,23,E,12,N,,,472057,147.24,0
220,501.781,"Mount",-0.001,0.021,-0.019,-0.009,-0.007,0.000,4,E,0,,,,450561,139.63,0
221,503.868,"Mount",-0.001,0.015,-0.013,-0.006,0.013,0.000,7,W,0,,,,470153,146.82,0
222,506.263,"Mount",-0.075,-0.030,-0.008,0.080,0.039,0.029,22,W,12,S,,,447015,142.92,0
223,508.418,"Mount",0.058,-0.062,0.082,-0.023,0.098,0.000,56,W,0,,,,469329,173.02,0
224,510.775,"Mount",-0.001,-0.034,0.030,0.016,0.085,0.000,48,W,0,,,,445461,128.96,0
225,513.005,"Mount",-0.104,-0.017,-0.032,0.100,0.099,0.036,57,W,15,S,,,470076,144.42,0
226,515.389,"Mount",0.025,-0.044,0.051,-0.002,0.114,0.000,65,W,0,,,,455686,151.48,0
227,517.622,"Mount",0.045,-0.093,0.103,0.004,0.154,0.000,88,W,0,,,,453424,155.39,0
228,520.176,"Mount",0.158,-0.536,0.548,0.107,0.349,0.038,200,W,16,S,,,463445,163.05,0
229,522.549,"Mount",0.217,-0.757,0.772,0.157,0.425,0.058,243,W,25,S,,,456119,138.03,0
230,525.062,"Mount",0.335,-0.708,0.783,0.030,0.424,0.000,242,W,0,,,,481934,157.75,0
231,527.310,"Mount",0.187,-0.349,0.396,-0.004,0.307,0.000,176,W,0,,,,446078,147.49,0
232,529.780,"Mount",-0.103,0.090,-0.127,0.050,0.080,0.000,46,W,0,,,,442382,156.23,0
233,531.998,"Mount",-0.224,0.170,-0.254,0.120,0.037,0.043,21,W,18,S,,,428469,126.12,0
234,534.277,"Mount",-0.164,0.200,-0.253,0.053,0.046,0.000,26,W,0,,,,425719,132.69,0
235,536.353,"Mount",-0.140,0.145,-0.193,0.057,-0.004,0.000,2,E,0,,,,442255,133.03,0
236,538.709,"Mount",-0.184,0.188,-0.251,0.076,-0.022,0.027,12,E,12,S,,,464193,140.64,0
237,540.801,"Mount",-0.039,0.130,-0.133,-0.026,0.006,0.000,4,W,0,,,,457905,133.60,0
238,543.184,"Mount",-0.014,-0.107,0.089,0.062,0.100,0.022,57,W,10,S,,,438681,137.13,0
239,545.368,"Mount",0.131,-0.097,0.146,-0.071,0.111,-0.025,64,W,11,N,,,456940,131.57,0
240,547.768,"Mount",-0.043,-0.080,0.051,0.075,0.034,0.026,19,W,11,S,,,450084,128.61,0
241,549.953,"Mount",0.098,-0.059,0.098,-0.060,0.049,-0.021,28,W,9,N,,,437517,129.60,0
242,552.229,"Mount",0.049,-0.023,0.043,-0.033,-0.010,0.000,6,E,0,,,,454508,150.85,0
243,554.399,"Mount",0.157,0.161,-0.071,-0.213,-0.067,-0.077,39,E,33,N,,,463963,146.67,0
244,556.738,"Mount",0.002,-0.072,0.065,0.031,-0.019,0.000,11,E,0,,,,445168,144.50,0
245,558.923,"Mount",-0.085,-0.164,0.106,0.151,-0.014,0.054,8,E,23,S,,,434707,131.79,0
246,561.276,"Mount",-0.034,-0.167,0.132,0.107,0.008,0.041,5,W,17,S,,,461858,169.75,0
247,563.476,"Mount",-0.034,-0.088,0.062,0.071,-0.015,0.027,9,E,12,S,,,459376,167.07,0
248,565.909,"Mount",0.141,-0.126,0.177,-0.067,0.076,-0.023,44,W,10,N,,,437445,137.54,0
249,568.017,"Mount",0.015,-0.037,0.040,0.004,0.018,0.000,10,W,0,,,,432926,132.22,0
250,570.402,"Mount",0.084,-0.124,0.148,-0.017,0.106,0.000,61,W,0,,,,436907,137.92,0
251,572.533,"Mount",-0.036,-0.001,-0.016,0.033,0.052,0.000,30,W,0,,,,445873,155.05,0
252,574.964,"Mount",-0.048,0.142,-0.148,-0.023,0.003,0.000,2,W,0,,,,439090,150.69,0
253,577.163,"Mount",-0.039,0.118,-0.123,-0.020,-0.008,0.000,4,E,0,,,,470029,147.63,0
254,579.472,"Mount",0.030,0.038,-0.020,-0.044,0.046,0.000,27,W,0,,,,480457,151.59,0
255,581.591,"Mount",-0.017,0.026,-0.031,0.003,0.005,0.000,3,W,0,,,,458509,140.50,0
256,583.963,"Mount",-0.107,0.048,-0.092,0.073,-0.045,0.026,26,E,11,S,,,446088,143.39,0
257,586.131,"Mount",-0.098,-0.058,0.007,0.114,-0.011,0.042,6,E,18,S,,,451613,166.75,0
258,588.471,"Mount",0.034,0.057,-0.034,-0.056,-0.022,0.000,12,E,0,,,,474588,147.03,0
259,590.558,"Mount",0.053,-0.057,0.075,-0.021,0.016,0.000,9,W,0,,,,460839,134.65,0
260,592.889,"Mount",-0.010,-0.001,-0.004,0.010,-0.022,0.000,12,E,0,,,,465363,143.80,0
261,594.966,"Mount",0.095,-0.089,0.123,-0.043,0.032,0.000,18,W,0,,,,428482,136.06,0
262,597.262,"Mount",0.046,-0.089,0.100,0.000,0.044,0.000,25,W,0,,,,452993,158.85,0
263,599.321,"Mount",0.045,0.017,0.006,-0.048,0.001,0.000,1,W,0,,,,464830,142.46,0
264,601.685,"Mount",-0.052,-0.048,0.018,0.068,0.023,0.025,13,W,11,S,,,447287,145.48,0
265,603.777,"Mount",-0.004,-0.012,0.009,0.009,0.023,0.000,13,W,0,,,,443717,138.55,0
266,606.055,"Mount",-0.001,0.049,-0.044,-0.022,0.015,0.000,8,W,0,,,,462002,150.24,0
267,608.189,"Mount",-0.030,0.101,-0.104,-0.020,-0.036,0.000,20,E,0,,,,442220,138.54,0
268,610.467,"Mount",-0.039,0.031,-0.046,0.020,0.005,0.000,3,W,0,,,,450692,157.97,0
269,612.670,"Mount",-0.145,0.100,-0.156,0.082,-0.083,0.030,48,E,13,S,,,453162,138.68,0
270,615.073,"Mount",-0.096,-0.022,-0.025,0.096,-0.019,0.036,11,E,15,S,,,459016,145.87,0
271,617.181,"Mount",-0.000,0.062,-0.055,-0.028,-0.034,0.000,19,E,0,,,,442111,143.23,0
272,619.479,"Mount",0.052,0.027,-0.000,-0.059,-0.032,0.000,18,E,0,,,,438461,152.51,0
273,621.666,"Mount",-0.058,-0.171,0.126,0.130,0.037,0.047,21,W,20,S,,,425299,134.52,0
274,626.197,"Mount",0.143,-0.108,0.162,-0.077,0.068,-0.026,39,W,11,N,,,432630,138.21,0
275,628.617,"Mount",-0.076,-0.163,0.109,0.143,0.079,0.050,45,W,22,S,,,441105,145.08,0
276,630.777,"Mount",-0.041,-0.073,0.046,0.070,0.048,0.027,28,W,12,S,,,452580,145.57,0
277,633.088,"Mount",0.003,-0.043,0.040,0.017,0.054,0.000,31,W,0,,,,454630,151.49,0
278,635.209,"Mount",0.035,-0.010,0.025,-0.026,0.052,0.000,30,W,0,,,,447679,153.73,0
279,637.538,"Mount",-0.034,-0.065,0.042,0.060,0.041,0.000,23,W,0,,,,457767,156.70,0
280,639.676,"Mount",-0.061,-0.092,0.054,0.097,0.034,0.035,19,W,15,S,,,483075,161.50,0
281,642.098,"Mount",-0.078,-0.082,0.037,0.107,0.017,0.040,10,W,17,S,,,445694,147.43,0
282,644.300,"Mount",-0.041,-0.234,0.189,0.144,0.093,0.053,53,W,23,S,,,428039,135.44,0
283,646.586,"Mount",-0.035,-0.049,0.028,0.054,0.004,0.000,3,W,0,,,,439314,130.27,0
284,648.738,"Mount",-0.050,-0.053,0.024,0.069,-0.002,0.025,1,E,11,S,,,415749,125.35,0
285,651.056,"Mount",-0.004,0.052,-0.048,-0.020,0.013,0.000,7,W,0,,,,469116,152.48,0
286,653.239,"Mount",0.011,0.168,-0.145,-0.087,-0.060,-0.031,35,E,13,N,,,434581,130.71,0
287,655.596,"Mount",-0.060,0.080,-0.099,0.016,-0.050,0.000,28,E,0,,,,457067,149.36,0
288,657.721,"Mount",-0.082,0.034,-0.068,0.057,-0.058,0.000,33,E,0,,,,443616,132.87,0
289,660.166,"Mount",-0.138,0.184,-0.226,0.037,-0.145,0.000,83,E,0,,,,476037,149.94,0
290,662.368,"Mount",-0.079,0.127,-0.149,0.011,-0.134,0.000,76,E,0,,,,448612,129.80,0
291,664.784,"Mount",-0.083,0.027,-0.063,0.061,-0.111,0.022,64,E,9,S,,,413320,132.98,0
292,666.969,"Mount",-0.080,-0.059,0.016,0.098,-0.100,0.036,57,E,15,S,,,438171,128.20,0
293,669.339,"Mount",-0.088,0.056,-0.090,0.052,-0.138,0.000,79,E,0,,,,435714,129.21,0
294,671.542,"Mount",0.032,-0.014,0.027,-0.021,-0.089,0.000,51,E,0,,,,460444,149.04,0
295,673.894,"Mount",-0.023,0.055,-0.059,-0.005,-0.086,0.000,49,E,0,,,,433190,141.25,0
296,676.065,"Mount",-0.078,0.056,-0.086,0.043,-0.127,0.000,73,E,0,,,,454516,173.29,0
297,678.464,"Mount",-0.051,0.182,-0.185,-0.039,-0.163,0.000,93,E,0,,,,425435,126.11,0
298,680.696,"Mount",0.069,0.184,-0.132,-0.146,-0.126,-0.053,72,E,23,N,,,451785,143.69,0
299,683.160,"Mount",-0.134,0.127,-0.175,0.060,-0.141,0.020,80,E,8,S,,,477536,146.71,0
300,685.374,"Mount",-0.170,-0.152,0.057,0.221,-0.052,0.080,30,E,34,S,,,464683,155.86,0
301,687.796,"Mount",0.122,0.081,-0.016,-0.146,-0.033,-0.049,19,E,21,N,,,433294,128.21,0
302,690.006,"Mount",-0.115,0.011,-0.063,0.097,-0.059,0.033,34,E,14,S,,,460066,141.19,0
303,692.303,"Mount",0.024,-0.146,0.140,0.046,0.039,0.000,22,W,0,,,,448773,161.30,0
304,694.487,"Mount",-0.153,-0.061,-0.016,0.164,-0.031,0.059,17,E,25,S,,,430911,132.16,0
305,696.858,"Mount",0.078,0.075,-0.030,-0.103,-0.055,-0.035,31,E,15,N,,,428849,127.39,0
306,698.963,"Mount",0.016,0.020,-0.010,-0.023,-0.064,0.000,37,E,0,,,,417346,111.66,0
307,701.335,"Mount",-0.074,0.053,-0.081,0.041,-0.138,0.000,79,E,0,,,,448127,140.50,0
308,703.543,"Mount",-0.195,-0.046,-0.049,0.194,-0.108,0.070,62,E,30,S,,,447642,137.47,0
309,705.963,"Mount",-0.150,-0.073,-0.004,0.166,-0.128,0.063,73,E,27,S,,,451665,155.53,0
310,708.215,"Mount",-0.138,-0.084,0.011,0.161,-0.133,0.060,76,E,26,S,,,438279,137.71,0
311,710.620,"Mount",0.013,-0.011,0.016,-0.006,-0.148,0.000,85,E,0,,,,471267,152.76,0
312,712.833,"Mount",-0.067,-0.013,-0.019,0.066,-0.145,0.024,83,E,10,S,,,443633,126.82,0
313,715.223,"Mount",0.008,-0.102,0.095,0.040,-0.124,0.000,71,E,0,,,,447097,133.57,0
314,717.376,"Mount",0.002,-0.099,0.089,0.044,-0.111,0.000,63,E,0,,,,425762,133.70,0
315,719.780,"Mount",-0.021,0.007,-0.015,0.015,-0.170,0.000,97,E,0,,,,454470,156.78,0
316,722.012,"Mount",-0.116,0.262,-0.286,-0.018,-0.289,0.000,165,E,0,,,,453715,147.43,0
317,724.465,"Mount",-0.157,0.218,-0.266,0.039,-0.296,0.000,169,E,0,,,,455027,142.05,0
318,726.714,"Mount",-0.096,0.244,-0.261,-0.027,-0.330,0.000,189,E,0,,,,454692,134.38,0
319,729.202,"Mount",-0.077,0.226,-0.236,-0.036,-0.331,0.000,189,E,0,,,,478976,149.33,0
320,731.514,"Mount",-0.125,0.221,-0.254,0.009,-0.363,0.000,208,E,0,,,,451870,136.94,0
321,734.040,"Mount",-0.117,-0.108,0.042,0.153,-0.246,0.055,141,E,24,S,,,437842,155.81,0
322,736.325,"Mount",-0.376,-0.214,0.017,0.432,-0.235,0.158,134,E,67,S,,,439981,144.00,0
323,738.741,"Mount",0.037,0.001,0.017,-0.034,-0.230,0.000,131,E,0,,,,461618,140.84,0
324,741.002,"Mount",-0.057,-0.024,-0.005,0.062,-0.177,0.022,101,E,10,S,,,440882,125.32,0
325,743.358,"Mount",0.134,-0.170,0.213,-0.040,-0.074,0.000,43,E,0,,,,454156,157.77,0
326,745.496,"Mount",0.056,-0.057,0.076,-0.023,-0.113,0.000,64,E,0,,,,449278,139.97,0
327,747.895,"Mount",-0.023,0.028,-0.035,0.008,-0.124,0.000,71,E,0,,,,449129,142.30,0
328,750.047,"Mount",0.059,-0.029,0.053,-0.040,-0.102,0.000,58,E,0,,,,446223,150.47,0
329,752.417,"Mount",-0.026,-0.052,0.035,0.047,-0.062,0.000,36,E,0,,,,443380,126.33,0
330,754.559,"Mount",-0.044,0.051,-0.066,0.015,-0.071,0.000,41,E,0,,,,453292,121.56,0
331,756.971,"Mount",-0.126,-0.017,-0.043,0.119,-0.034,0.043,20,E,18,S,,,455178,143.29,0
332,759.159,"Mount",-0.098,0.023,-0.065,0.076,-0.054,0.029,31,E,12,S,,,463240,152.00,0
333,761.529,"Mount",-0.033,0.074,-0.081,-0.005,-0.101,0.000,58,E,0,,,,462743,148.11,0
334,763.681,"Mount",-0.049,0.001,-0.024,0.042,-0.063,0.000,36,E,0,,,,484627,151.85,0
335,766.143,"Mount",0.040,0.105,-0.075,-0.084,-0.131,-0.030,75,E,13,N,,,456210,147.66,0
336,768.292,"Mount",-0.034,0.029,-0.042,0.017,-0.102,0.000,58,E,0,,,,453736,139.22,0
337,770.765,"Mount",-0.088,-0.045,-0.000,0.099,-0.112,0.036,64,E,15,S,,,452953,129.64,0
338,772.961,"Mount",-0.039,0.007,-0.024,0.032,-0.110,0.000,63,E,0,,,,450077,139.57,0
339,775.316,"Mount",-0.028,0.006,-0.018,0.022,-0.105,0.000,60,E,0,,,,428484,121.58,0
340,777.424,"Mount",-0.020,-0.061,0.045,0.046,-0.068,0.000,39,E,0,,,,449540,149.70,0
341,779.717,"Mount",0.008,-0.102,0.094,0.040,-0.011,0.000,6,E,0,,,,462922,144.14,0
342,781.911,"Mount",-0.109,-0.109,0.047,0.147,-0.024,0.053,14,E,23,S,,,443823,135.05,0
343,784.292,"Mount",-0.011,-0.148,0.126,0.078,0.049,0.030,28,W,13,S,,,450075,144.83,0
344,786.351,"Mount",0.004,0.004,-0.001,-0.005,0.002,0.000,1,W,0,,,,437420,132.82,0
345,788.623,"Mount",0.049,-0.013,0.034,-0.037,0.017,0.000,10,W,0,,,,449934,136.06,0
346,790.728,"Mount",0.003,-0.085,0.077,0.037,0.045,0.000,26,W,0,,,,450602,159.07,0
347,793.022,"Mount",-0.002,-0.026,0.022,0.014,0.021,0.000,12,W,0,,,,459752,156.81,0
348,795.127,"Mount",-0.017,-0.035,0.023,0.032,0.026,0.000,15,W,0,,,,429383,127.63,0
349,797.434,"Mount",0.015,-0.072,0.070,0.020,0.059,0.000,34,W,0,,,,454658,141.43,0
350,799.518,"Mount",0.065,-0.019,0.046,-0.049,0.033,0.000,19,W,0,,,,473895,172.16,0
351,801.866,"Mount",0.082,-0.152,0.172,-0.002,0.125,0.000,72,W,0,,,,462967,141.43,0
352,804.049,"Mount",0.102,-0.228,0.249,0.015,0.174,0.000,100,W,0,,,,452476,128.47,0
353,806.576,"Mount",-0.607,-0.532,0.192,0.783,0.180,0.282,103,W,121,S,,,464011,144.72,0
354,808.844,"Mount",0.008,-0.290,0.261,0.127,0.228,0.057,130,W,24,S,,,438652,137.20,0
355,811.375,"Mount",0.235,-0.127,0.221,-0.149,0.255,-0.051,146,W,22,N,,,452519,157.78,0
356,813.596,"Mount",0.063,-0.094,0.113,-0.012,0.212,0.000,122,W,0,,,,438044,128.68,0
357,816.042,"Mount",0.007,-0.129,0.118,0.053,0.230,0.000,132,W,0,,,,461235,132.78,0
358,818.296,"Mount",-0.044,-0.134,0.098,0.101,0.209,0.036,120,W,15,S,,,475387,132.80,0
359,820.638,"Mount",-0.024,-0.016,0.003,0.029,0.158,0.000,90,W,0,,,,458637,143.82,0
360,822.852,"Mount",-0.033,-0.088,0.063,0.070,0.138,0.025,79,W,11,S,,,446258,144.56,0
361,825.195,"Mount",-0.014,0.030,-0.033,-0.001,0.089,0.000,51,W,0,,,,464725,155.61,0
362,827.344,"Mount",0.025,0.186,-0.153,-0.108,-0.043,-0.039,25,E,17,N,,,446548,132.78,0
363,829.612,"Mount",-0.000,-0.020,0.018,0.009,-0.001,0.000,0,,0,,,,456670,139.64,0
364,831.726,"Mount",0.019,0.018,-0.008,-0.025,-0.030,0.000,17,E,0,,,,442196,144.74,0
365,834.144,"Mount",0.017,-0.018,0.024,-0.006,-0.051,0.000,29,E,0,,,,471226,156.74,0
366,836.253,"Mount",0.012,-0.046,0.046,0.011,-0.024,0.000,14,E,0,,,,441095,142.68,0
367,838.580,"Mount",0.053,-0.084,0.099,-0.008,0.008,0.000,4,W,0,,,,459676,157.82,0
368,840.752,"Mount",-0.159,0.065,-0.131,0.111,-0.076,0.040,43,E,17,S,,,458892,143.72,0
369,843.169,"Mount",-0.237,-0.009,-0.101,0.214,-0.070,0.079,40,E,34,S,,,463517,159.27,0
370,845.349,"Mount",-0.087,0.023,-0.060,0.067,-0.049,0.027,28,E,12,S,,,458659,158.46,0
371,847.673,"Mount",0.008,0.044,-0.035,-0.027,-0.029,0.000,17,E,0,,,,454861,151.70,0
372,849.762,"Mount",-0.022,-0.068,0.050,0.051,-0.010,0.000,5,E,0,,,,422406,150.01,0
373,852.163,"Mount",0.108,-0.013,0.061,-0.090,0.040,-0.032,23,W,14,N,,,447710,131.70,0
374,854.293,"Mount",-0.044,-0.081,0.052,0.076,0.046,0.026,26,W,11,S,,,466667,156.12,0
375,856.695,"Mount",0.105,0.027,0.025,-0.106,0.099,-0.037,56,W,16,N,,,464325,162.26,0
376,858.913,"Mount",0.063,-0.166,0.177,0.021,0.219,0.000,125,W,0,,,,457798,145.40,0
377,861.333,"Mount",-0.025,-0.027,0.012,0.034,0.174,0.000,99,W,0,,,,467085,175.97,0
378,863.518,"Mount",-0.020,0.090,-0.089,-0.023,0.148,0.000,85,W,0,,,,442594,141.87,0
379,866.023,"Mount",-0.154,-0.110,0.027,0.187,0.195,0.067,112,W,29,S,,,467804,168.23,0
380,868.242,"Mount",0.100,-0.180,0.206,-0.005,0.272,0.000,156,W,0,,,,450198,174.28,0
381,870.954,"Mount",0.158,-0.830,0.810,0.243,0.526,0.088,301,W,37,S,,,435087,132.78,0
382,873.282,"Mount",0.340,-0.633,0.718,-0.009,0.447,0.000,256,W,0,,,,460620,135.59,0
383,875.730,"Mount",-0.060,-0.112,0.072,0.105,0.128,0.038,73,W,16,S,,,481718,142.04,0
384,878.014,"Mount",0.104,-0.130,0.163,-0.032,0.201,0.000,115,W,0,,,,450973,150.97,0
385,880.479,"Mount",0.202,-0.105,0.186,-0.131,0.206,-0.047,118,W,20,N,,,432591,137.30,0
386,882.707,"Mount",-0.064,-0.191,0.140,0.144,0.141,0.050,81,W,21,S,,,466045,142.83,0
387,885.159,"Mount",-0.066,-0.007,-0.024,0.061,0.090,0.024,52,W,10,S,,,439985,135.87,0
388,887.312,"Mount",0.056,0.163,-0.119,-0.125,0.048,-0.044,27,W,19,N,,,457639,134.80,0
389,889.730,"Mount",-0.159,0.141,-0.198,0.076,0.021,0.026,12,W,11,S,,,467027,138.24,0
390,891.823,"Mount",-0.054,0.133,-0.143,-0.014,0.046,0.000,27,W,0,,,,450497,142.54,0
391,894.214,"Mount",0.007,0.153,-0.133,-0.077,0.037,-0.028,21,W,12,N,,,444362,135.63,0
392,896.361,"Mount",0.028,0.157,-0.127,-0.097,0.028,-0.036,16,W,15,N,,,469913,169.66,0
393,898.649,"Mount",-0.020,0.115,-0.111,-0.036,0.011,0.000,7,W,0,,,,440074,131.75,0
394,900.757,"Mount",-0.004,0.030,-0.028,-0.010,0.036,0.000,20,W,0,,,,444581,140.39,0
395,903.284,"Mount",-0.007,0.161,-0.146,-0.068,-0.056,-0.025,32,E,10,N,,,422016,119.26,0
396,905.521,"Mount",-0.075,0.104,-0.127,0.019,-0.066,0.000,38,E,0,,,,467229,139.07,0
397,907.879,"Mount",-0.123,-0.027,-0.032,0.122,-0.032,0.044,18,E,19,S,,,434655,129.86,0
398,910.019,"Mount",-0.111,-0.047,-0.009,0.120,-0.028,0.045,16,E,19,S,,,436829,133.50,0
399,912.326,"Mount",0.020,0.058,-0.042,-0.044,-0.056,0.000,32,E,0,,,,458641,143.76,0
400,914.419,"Mount",0.040,0.036,-0.013,-0.052,-0.053,0.000,30,E,0,,,,414397,136.26,0
401,916.715,"Mount",0.050,-0.133,0.141,0.017,0.024,0.000,14,W,0,,,,446772,130.68,0
402,918.810,"Mount",-0.010,-0.013,0.007,0.015,-0.034,0.000,19,E,0,,,,425917,135.70,0
403,921.151,"Mount",-0.032,-0.081,0.057,0.066,0.004,0.024,3,W,10,S,,,454071,143.60,0
404,923.224,"Mount",0.041,0.004,0.015,-0.038,0.014,0.000,8,W,0,,,,456694,132.32,0
405,925.585,"Mount",-0.067,-0.090,0.049,0.102,0.023,0.037,13,W,16,S,,,441412,132.39,0
406,927.756,"Mount",-0.043,-0.085,0.056,0.077,0.031,0.029,18,W,12,S,,,447433,144.01,0
407,930.098,"Mount",0.059,-0.122,0.135,0.004,0.093,0.000,53,W,0,,,,433436,142.79,0
408,932.202,"Mount",0.071,-0.022,0.052,-0.052,0.031,0.000,18,W,0,,,,463122,148.55,0
409,934.600,"Mount",-0.055,-0.033,0.004,0.064,0.029,0.023,16,W,10,S,,,448769,153.83,0
410,936.677,"Mount",0.018,0.043,-0.030,-0.036,0.024,0.000,14,W,0,,,,452083,142.51,0
411,939.011,"Mount",0.097,-0.090,0.124,-0.045,0.076,0.000,43,W,0,,,,461952,135.12,0
412,941.111,"Mount",-0.024,-0.073,0.054,0.055,0.010,0.000,6,W,0,,,,456436,134.05,0
413,943.531,"Mount",0.108,-0.071,0.113,-0.063,0.057,-0.023,32,W,10,N,,,463764,177.86,0
414,945.663,"Mount",-0.061,0.013,-0.040,0.048,0.019,0.000,11,W,0,,,,453646,147.15,0
415,948.110,"Mount",-0.005,-0.176,0.153,0.086,0.082,0.031,47,W,13,S,,,440735,148.38,0
416,950.251,"Mount",-0.117,-0.018,-0.038,0.112,0.009,0.042,5,W,18,S,,,442666,142.70,0
417,952.545,"Mount",-0.015,0.035,-0.037,-0.003,0.001,0.000,1,W,0,,,,446562,161.02,0
418,954.607,"Mount",-0.016,0.031,-0.035,-0.000,-0.003,0.000,2,E,0,,,,430337,140.74,0
419,956.975,"Mount",0.075,0.090,-0.045,-0.108,-0.023,-0.039,13,E,17,N,,,449059,125.68,0
420,959.164,"Mount",-0.081,-0.080,0.033,0.109,-0.031,0.038,18,E,16,S,,,438924,128.91,0
421,961.509,"Mount",-0.025,0.004,-0.015,0.020,-0.030,0.000,17,E,0,,,,453228,152.45,0
422,963.618,"Mount",-0.069,0.047,-0.073,0.039,-0.060,0.000,35,E,0,,,,468299,143.03,0
423,965.976,"Mount",0.105,-0.083,0.122,-0.054,0.041,0.000,23,W,0,,,,427823,134.61,0
424,968.066,"Mount",0.046,-0.035,0.052,-0.024,-0.008,0.000,5,E,0,,,,468146,142.74,0
425,970.391,"Mount",0.109,0.017,0.036,-0.105,0.000,-0.038,0,,16,N,,,452641,167.38,0
426,972.591,"Mount",-0.028,-0.103,0.078,0.072,0.049,0.024,28,W,10,S,,,443180,150.29,0
427,975.009,"Mount",0.140,0.103,-0.027,-0.172,0.024,-0.061,14,W,26,N,,,451595,128.16,0
428,977.245,"Mount",-0.154,-0.192,0.100,0.225,0.079,0.079,45,W,34,S,,,435225,126.72,0
429,979.664,"Mount",0.179,-0.154,0.219,-0.087,0.139,-0.028,80,W,12,N,,,461856,143.59,0
430,981.846,"Mount",-0.113,-0.110,0.046,0.151,0.046,0.053,26,W,23,S,,,425891,129.72,0
431,984.231,"Mount",-0.109,-0.014,-0.038,0.103,0.045,0.039,26,W,17,S,,,477397,152.01,0
432,986.403,"Mount",-0.123,-0.065,0.001,0.139,0.051,0.052,29,W,22,S,,,440927,124.79,0
433,988.742,"Mount",-0.015,-0.009,0.001,0.017,0.047,0.000,27,W,0,,,,471818,145.42,0
434,990.928,"Mount",-0.199,-0.050,-0.047,0.199,0.028,0.072,16,W,31,S,,,448388,128.40,0
435,993.393,"Mount",-0.221,0.003,-0.105,0.195,-0.027,0.073,16,E,31,S,,,438081,130.31,0
436,995.580,"Mount",-0.146,-0.063,-0.012,0.159,0.009,0.060,5,W,26,S,,,438623,129.61,0
437,997.892,"Mount",-0.051,0.004,-0.027,0.044,-0.005,0.000,3,E,0,,,,438032,127.51,0
438,999.984,"Mount",-0.018,0.008,-0.016,0.013,-0.016,0.000,9,E,0,,,,471056,152.64,0
439,1002.368,"Mount",-0.089,0.028,-0.066,0.066,-0.063,0.024,36,E,10,S,,,421658,125.24,0
440,1004.538,"Mount",-0.084,-0.020,-0.021,0.084,-0.047,0.031,27,E,13,S,,,444619,141.99,0
441,1006.955,"Mount",-0.115,0.138,-0.175,0.038,-0.146,0.000,83,E,0,,,,433635,139.30,0
442,1009.134,"Mount",-0.072,0.055,-0.081,0.038,-0.121,0.000,69,E,0,,,,431078,135.48,0
443,1011.543,"Mount",-0.066,0.182,-0.192,-0.025,-0.190,0.000,108,E,0,,,,463039,153.11,0
444,1013.819,"Mount",0.023,0.125,-0.100,-0.078,-0.158,-0.028,91,E,12,N,,,450055,140.95,0
445,1016.266,"Mount",-0.156,0.010,-0.081,0.134,-0.165,0.047,94,E,20,S,,,447030,140.31,0
446,1018.465,"Mount",-0.093,-0.090,0.037,0.124,-0.124,0.046,71,E,20,S,,,449918,140.85,0
447,1020.914,"Mount",0.146,0.014,0.054,-0.136,-0.120,-0.047,69,E,20,N,,,456685,160.06,0
448,1023.053,"Mount",-0.008,-0.080,0.067,0.044,-0.072,0.000,41,E,0,,,,447804,130.65,0
449,1025.565,"Mount",-0.212,0.069,-0.159,0.156,-0.154,0.056,88,E,24,S,,,470426,159.42,0
450,1027.767,"Mount",-0.172,-0.097,0.007,0.197,-0.047,0.073,27,E,31,S,,,446547,137.90,0
451,1030.138,"Mount",-0.048,0.173,-0.175,-0.037,-0.097,0.000,55,E,0,,,,437428,131.56,0
452,1032.276,"Mount",-0.124,0.159,-0.198,0.037,-0.098,0.000,56,E,0,,,,438529,144.63,0
453,1034.698,"Mount",-0.205,0.112,-0.194,0.130,-0.094,0.047,54,E,20,S,,,469920,132.26,0
454,1037.025,"Mount",0.033,0.114,-0.086,-0.082,-0.075,-0.028,43,E,12,N,,,445415,135.79,0
455,1039.345,"Mount",0.018,0.093,-0.074,-0.058,-0.093,0.000,53,E,0,,,,445389,134.04,0
456,1041.559,"Mount",-0.078,-0.009,-0.028,0.074,-0.079,0.027,45,E,11,S,,,440607,132.02,0
457,1043.918,"Mount",0.016,-0.052,0.054,0.010,-0.098,0.000,56,E,0,,,,445249,136.28,0
458,1046.100,"Mount",-0.054,-0.027,-0.001,0.060,-0.099,0.022,56,E,9,S,,,453828,136.46,0
459,1048.511,"Mount",-0.044,-0.160,0.122,0.113,-0.054,0.041,31,E,18,S,,,449823,135.79,0
460,1050.697,"Mount",-0.072,-0.043,0.005,0.084,-0.105,0.032,60,E,14,S,,,463627,138.28,0
461,1053.124,"Mount",-0.050,-0.088,0.055,0.085,-0.092,0.032,52,E,14,S,,,457655,146.34,0
462,1055.278,"Mount",-0.033,-0.017,-0.000,0.037,-0.089,0.000,51,E,0,,,,475093,151.84,0
463,1057.759,"Mount",-0.023,0.209,-0.196,-0.077,-0.168,-0.028,96,E,12,N,,,472742,133.63,0
464,1059.989,"Mount",-0.192,0.041,-0.125,0.151,-0.148,0.053,84,E,23,S,,,452312,127.95,0
465,1062.341,"Mount",-0.032,0.004,-0.018,0.026,-0.132,0.000,75,E,0,,,,418243,136.23,0
466,1064.642,"Mount",0.019,0.155,-0.128,-0.089,-0.212,-0.032,121,E,14,N,,,449661,142.29,0
467,1067.064,"Mount",-0.078,0.062,-0.091,0.040,-0.253,0.000,145,E,0,,,,430759,152.39,0
468,1069.354,"Mount",-0.204,-0.044,-0.055,0.202,-0.233,0.073,133,E,31,S,,,441466,132.67,0
469,1071.915,"Mount",-0.132,0.043,-0.099,0.097,-0.327,0.038,187,E,16,S,,,463479,151.77,0
470,1074.257,"Mount",-0.129,-0.036,-0.027,0.131,-0.282,0.049,162,E,21,S,,,460711,136.16,0
471,1076.841,"Mount",-0.183,0.103,-0.175,0.115,-0.356,0.043,204,E,19,S,,,450839,131.02,0
472,1079.169,"Mount",-0.083,0.066,-0.097,0.043,-0.294,0.000,168,E,0,,,,463308,136.27,0
473,1081.606,"Mount",-0.025,-0.046,0.029,0.044,-0.222,0.000,127,E,0,,,,440322,137.73,0
474,1083.808,"Mount",-0.047,0.034,-0.052,0.026,-0.185,0.000,106,E,0,,,,433868,132.76,0
475,1086.215,"Mount",-0.019,-0.035,0.022,0.033,-0.162,0.000,93,E,0,,,,460549,150.13,0
476,1088.384,"Mount",-0.044,-0.147,0.111,0.107,-0.089,0.039,51,E,16,S,,,415066,130.44,0
477,1090.802,"Mount",-0.044,-0.048,0.022,0.061,-0.129,0.023,74,E,10,S,,,443323,127.05,0
478,1092.957,"Mount",-0.073,0.059,-0.086,0.037,-0.162,0.000,93,E,0,,,,443434,136.74,0
479,1095.439,"Mount",-0.158,0.106,-0.167,0.092,-0.196,0.033,112,E,14,S,,,444426,142.39,0
480,1097.595,"Mount",-0.010,-0.052,0.042,0.032,-0.098,0.000,56,E,0,,,,429546,125.22,0
481,1100.084,"Mount",-0.149,0.089,-0.148,0.091,-0.161,0.033,92,E,14,S,,,451505,158.85,0
482,1102.375,"Mount",-0.094,-0.040,-0.008,0.102,-0.084,0.038,48,E,16,S,,,420653,126.30,0
483,1104.699,"Mount",-0.044,-0.175,0.135,0.120,-0.017,0.045,10,E,19,S,,,414374,120.79,0
484,1106.804,"Mount",0.076,-0.037,0.068,-0.050,-0.057,0.000,33,E,0,,,,423250,147.95,0
485,1109.227,"Mount",-0.059,-0.048,0.016,0.074,-0.084,0.027,48,E,11,S,,,453381,128.52,0
486,1111.444,"Mount",-0.108,-0.022,-0.031,0.106,-0.084,0.039,48,E,17,S,,,456996,146.65,0
487,1113.800,"Mount",0.054,-0.047,0.066,-0.026,-0.054,0.000,31,E,0,,,,461016,147.23,0
488,1115.982,"Mount",-0.016,0.006,-0.012,0.011,-0.082,0.000,47,E,0,,,,446921,149.59,0
489,1118.319,"Mount",0.053,0.011,0.014,-0.052,-0.081,0.000,46,E,0,,,,461970,171.39,0
490,1120.442,"Mount",0.120,-0.122,0.163,-0.050,-0.002,0.000,1,E,0,,,,460325,131.23,0
491,1122.828,"Mount",0.034,-0.196,0.190,0.060,0.022,0.022,13,W,9,S,,,451723,150.19,0
492,1124.950,"Mount",0.053,-0.019,0.041,-0.038,-0.057,0.000,33,E,0,,,,424516,133.09,0
493,1127.306,"Mount",0.044,0.015,0.007,-0.046,-0.025,0.000,14,E,0,,,,439052,125.79,0
494,1129.379,"Mount",0.029,-0.007,0.020,-0.023,-0.019,0.000,11,E,0,,,,451997,155.92,0
495,1131.741,"Mount",-0.028,0.076,-0.080,-0.011,-0.061,0.000,35,E,0,,,,444959,144.22,0
496,1133.958,"Mount",-0.358,-0.111,-0.067,0.368,-0.045,0.133,26,E,57,S,,,448618,158.99,0
497,1136.251,"Mount",0.057,-0.084,0.101,-0.012,0.021,0.000,12,W,0,,,,449839,139.32,0
498,1138.400,"Mount",-0.139,-0.085,0.012,0.162,-0.010,0.058,5,E,25,S,,,441612,137.06,0
499,1140.790,"Mount",-0.252,-0.073,-0.052,0.257,0.003,0.095,2,W,41,S,,,460330,150.24,0
500,1142.988,"Mount",-0.101,-0.126,0.065,0.147,0.050,0.057,29,W,24,S,,,464282,143.76,0
501,1145.341,"Mount",0.001,-0.031,0.028,0.014,0.044,0.000,25,W,0,,,,464457,154.71,0
502,1147.537,"Mount",-0.005,-0.027,0.021,0.017,0.069,0.000,40,W,0,,,,451793,140.74,0
503,1149.957,"Mount",-0.026,-0.097,0.074,0.068,0.126,0.024,72,W,10,S,,,447949,138.15,0
504,1152.121,"Mount",0.002,-0.088,0.079,0.039,0.150,0.000,86,W,0,,,,447515,133.68,0
505,1154.633,"Mount",0.203,-0.070,0.155,-0.148,0.202,-0.053,115,W,23,N,,,437506,144.12,0
506,1156.880,"Mount",0.139,-0.177,0.221,-0.041,0.239,0.000,137,W,0,,,,451133,154.01,0
507,1159.339,"Mount",-0.043,-0.101,0.070,0.085,0.179,0.031,103,W,13,S,,,470599,134.93,0
508,1161.560,"Mount",-0.219,-0.021,-0.082,0.204,0.111,0.075,63,W,32,S,,,449564,139.65,0
509,1163.913,"Mount",-0.041,0.062,-0.075,0.008,0.114,0.000,65,W,0,,,,446882,143.03,0
510,1166.049,"Mount",-0.110,0.103,-0.142,0.050,0.051,0.000,29,W,0,,,,438037,145.83,0
511,1168.425,"Mount",0.053,-0.007,0.031,-0.043,0.105,0.000,60,W,0,,,,437709,131.92,0
512,1170.566,"Mount",0.026,-0.013,0.024,-0.017,0.087,0.000,50,W,0,,,,428743,137.13,0
513,1173.045,"Mount",-0.095,0.007,-0.050,0.081,0.064,0.029,37,W,13,S,,,455494,147.02,0
514,1175.194,"Mount",0.024,0.050,-0.033,-0.044,0.046,0.000,26,W,0,,,,474751,154.59,0
515,1177.488,"Mount",0.004,-0.010,0.010,0.001,0.019,0.000,11,W,0,,,,449958,160.92,0
516,1179.597,"Mount",0.038,-0.080,0.089,0.003,0.044,0.000,25,W,0,,,,441595,132.76,0
517,1181.888,"Mount",0.018,0.006,0.003,-0.019,0.007,0.000,4,W,0,,,,416914,129.62,0
518,1184.005,"Mount",-0.032,0.021,-0.033,0.019,-0.006,0.000,3,E,0,,,,442461,133.54,0
519,1186.312,"Mount",0.041,-0.068,0.079,-0.005,0.034,0.000,19,W,0,,,,451966,143.65,0
520,1188.411,"Mount",-0.020,-0.032,0.019,0.033,-0.013,0.000,8,E,0,,,,441607,146.33,0
521,1190.835,"Mount",-0.212,0.181,-0.258,0.104,-0.139,0.038,79,E,16,S,,,441350,131.18,0
522,1192.908,"Mount",-0.045,0.012,-0.031,0.034,-0.030,0.000,17,E,0,,,,427716,130.22,0
523,1195.290,"Mount",-0.153,-0.091,0.010,0.178,-0.027,0.064,16,E,27,S,,,439450,141.07,0
524,1197.377,"Mount",0.001,0.064,-0.057,-0.030,-0.029,0.000,17,E,0,,,,473853,139.32,0
525,1199.708,"Mount",-0.027,-0.038,0.021,0.042,-0.002,0.000,1,E,0,,,,454726,138.62,0
526,1201.886,"Mount",0.096,-0.051,0.089,-0.061,0.076,-0.022,44,W,9,N,,,445422,149.42,0
527,1204.297,"Mount",-0.085,-0.088,0.039,0.116,0.087,0.041,50,W,18,S,,,448313,138.54,0
528,1206.530,"Mount",-0.098,-0.074,0.020,0.121,0.138,0.045,79,W,19,S,,,443355,131.75,0
529,1209.039,"Mount",-0.070,-0.084,0.043,0.101,0.191,0.038,109,W,16,S,,,431054,128.80,0
530,1211.189,"Mount",-0.041,0.114,-0.120,-0.016,0.149,0.000,85,W,0,,,,476997,154.88,0
531,1213.674,"Mount",-0.132,0.034,-0.091,0.101,0.174,0.036,99,W,16,S,,,464097,137.41,0
532,1215.904,"Mount",-0.153,0.121,-0.178,0.080,0.105,0.030,60,W,13,S,,,450687,126.82,0
533,1218.521,"Mount",-0.026,-0.276,0.233,0.150,0.269,0.055,154,W,24,S,,,412758,123.66,0
534,1220.830,"Mount",0.065,-0.371,0.359,0.113,0.295,0.043,169,W,18,S,,,445150,126.56,0
535,1223.344,"Mount",0.227,-0.199,0.282,-0.109,0.233,-0.038,133,W,16,N,,,469835,156.84,0
536,1225.603,"Mount",0.180,-0.120,0.189,-0.104,0.170,-0.039,97,W,17,N,,,435483,141.21,0
537,1228.036,"Mount",-0.038,-0.083,0.056,0.073,0.099,0.025,57,W,11,S,,,466464,144.24,0
538,1230.191,"Mount",0.017,-0.007,0.014,-0.012,0.098,0.000,56,W,0,,,,466204,159.33,0
539,1232.544,"Mount",0.065,0.001,0.030,-0.058,0.103,0.000,59,W,0,,,,434457,126.70,0
540,1234.736,"Mount",-0.062,-0.017,-0.013,0.063,0.109,0.023,62,W,10,S,,,438130,142.63,0
541,1237.158,"Mount",0.063,0.165,-0.118,-0.132,0.072,-0.047,41,W,20,N,,,456669,144.14,0
542,1239.276,"Mount",-0.072,0.043,-0.072,0.044,0.085,0.000,49,W,0,,,,449435,131.72,0
543,1241.647,"Mount",0.005,-0.027,0.026,0.008,0.106,0.000,61,W,0,,,,451909,145.56,0
544,1243.817,"Mount",-0.056,-0.017,-0.010,0.058,0.084,0.000,48,W,0,,,,446577,151.44,0
545,1246.114,"Mount",-0.013,0.048,-0.049,-0.011,0.072,0.000,41,W,0,,,,454573,141.81,0
546,1248.272,"Mount",-0.159,0.053,-0.120,0.116,-0.008,0.042,4,E,18,S,,,434611,121.59,0
547,1250.566,"Mount",-0.034,0.064,-0.073,0.001,-0.008,0.000,4,E,0,,,,440917,141.90,0
548,1252.628,"Mount",-0.038,0.032,-0.046,0.019,0.007,0.000,4,W,0,,,,452801,138.34,0
549,1254.984,"Mount",-0.142,-0.048,-0.022,0.148,-0.007,0.053,4,E,23,S,,,422201,135.77,0
550,1257.092,"Mount",-0.012,0.009,-0.014,0.007,-0.042,0.000,24,E,0,,,,443802,152.21,0
551,1259.462,"Mount",-0.044,-0.088,0.058,0.079,-0.047,0.029,27,E,12,S,,,465898,135.98,0
552,1261.617,"Mount",0.109,0.005,0.046,-0.099,-0.037,-0.035,21,E,15,N,,,488381,168.66,0
553,1263.971,"Mount",0.065,-0.001,0.030,-0.057,-0.030,0.000,17,E,0,,,,424880,148.55,0
554,1266.077,"Mount",0.053,-0.133,0.142,0.015,0.055,0.000,32,W,0,,,,444244,127.02,0
555,1268.355,"Mount",-0.046,-0.000,-0.021,0.041,-0.000,0.000,0,,0,,,,452472,160.44,0
556,1270.533,"Mount",-0.080,-0.131,0.079,0.131,0.049,0.047,28,W,20,S,,,424430,133.22,0
557,1272.934,"Mount",0.120,0.046,0.015,-0.128,0.022,-0.044,13,W,19,N,,,458429,153.17,0
558,1275.101,"Mount",-0.112,-0.008,-0.044,0.103,0.027,0.035,15,W,15,S,,,441488,154.04,0
559,1277.554,"Mount",0.123,-0.073,0.121,-0.076,0.083,-0.026,48,W,11,N,,,456474,145.72,0
560,1279.681,"Mount",-0.021,-0.034,0.021,0.034,0.029,0.000,17,W,0,,,,465074,122.16,0
561,1282.146,"Mount",0.233,-0.039,0.141,-0.189,0.094,-0.068,54,W,29,N,,,486218,171.24,0
562,1284.344,"Mount",0.017,-0.199,0.185,0.077,0.112,0.025,64,W,11,S,,,419877,129.17,0
563,1286.699,"Mount",-0.121,-0.036,-0.024,0.124,0.033,0.046,19,W,20,S,,,458594,152.45,0
564,1288.881,"Mount",-0.165,-0.078,-0.007,0.183,0.028,0.068,16,W,29,S,,,437830,133.10,0
565,1291.281,"Mount",-0.022,-0.055,0.039,0.045,0.030,0.000,17,W,0,,,,457038,141.38,0
566,1293.467,"Mount",0.076,-0.034,0.066,-0.052,0.052,0.000,30,W,0,,,,455822,144.30,0
567,1295.744,"Mount",0.050,0.003,0.020,-0.046,0.013,0.000,7,W,0,,,,425812,130.14,0
568,1297.972,"Mount",0.161,-0.081,0.146,-0.105,0.069,-0.038,39,W,16,N,,,480551,149.01,0
569,1300.259,"Mount",-0.021,-0.009,-0.001,0.023,-0.007,0.000,4,E,0,,,,432584,135.77,0
570,1302.319,"Mount",-0.020,-0.009,-0.001,0.022,-0.011,0.000,6,E,0,,,,433911,168.56,0
571,1304.604,"Mount",0.052,0.001,0.023,-0.047,-0.016,0.000,9,E,0,,,,458120,128.93,0
572,1306.802,"Mount",0.066,0.063,-0.026,-0.088,-0.022,-0.032,12,E,14,N,,,436360,130.63,0
573,1309.113,"Mount",-0.048,-0.007,-0.016,0.046,-0.022,0.000,12,E,0,,,,480198,160.79,0
574,1311.268,"Mount",-0.090,0.034,-0.071,0.065,-0.048,0.023,27,E,10,S,,,437778,169.17,0
575,1313.652,"Mount",0.043,0.111,-0.078,-0.090,-0.046,-0.031,26,E,13,N,,,422007,126.52,0
576,1315.803,"Mount",-0.102,0.044,-0.086,0.070,-0.042,0.024,24,E,10,S,,,440514,127.95,0
577,1318.209,"Mount",-0.074,-0.007,-0.028,0.069,0.005,0.026,3,W,11,S,,,433565,133.09,0
578,1320.283,"Mount",0.043,-0.126,0.132,0.020,0.072,0.000,41,W,0,,,,458123,156.09,0
579,1322.611,"Mount",-0.045,-0.048,0.021,0.062,0.018,0.022,10,W,10,S,,,461279,152.43,0
580,1324.794,"Mount",0.116,0.008,0.046,-0.107,0.025,-0.037,15,W,16,N,,,450551,142.49,0
581,1327.148,"Mount",-0.021,-0.050,0.035,0.042,0.046,0.000,26,W,0,,,,431702,135.03,0
582,1329.252,"Mount",-0.035,-0.057,0.034,0.057,0.047,0.000,27,W,0,,,,445168,149.20,0
583,1331.621,"Mount",-0.017,-0.091,0.073,0.057,0.086,0.000,49,W,0,,,,450122,143.80,0
584,1333.757,"Mount",-0.061,0.026,-0.051,0.042,0.049,0.000,28,W,0,,,,439155,141.37,0
585,1336.146,"Mount",-0.090,-0.056,0.008,0.105,0.042,0.038,24,W,16,S,,,457406,160.51,0
586,1338.318,"Mount",-0.074,-0.005,-0.030,0.067,0.032,0.026,18,W,11,S,,,457822,142.34,0
587,1340.666,"Mount",-0.130,0.245,-0.277,0.002,-0.103,0.000,59,E,0,,,,430700,131.17,0
588,1342.767,"Mount",0.012,0.021,-0.013,-0.020,0.005,0.000,3,W,0,,,,447226,153.32,0
589,1345.126,"Mount",-0.053,-0.022,-0.005,0.057,-0.009,0.000,5,E,0,,,,446520,138.31,0
590,1347.258,"Mount",-0.039,0.078,-0.087,-0.001,-0.071,0.000,41,E,0,,,,444080,134.63,0
591,1349.567,"Mount",0.097,-0.080,0.115,-0.049,0.004,0.000,2,W,0,,,,452068,154.58,0
592,1351.751,"Mount",0.223,-0.083,0.177,-0.159,0.023,-0.057,13,W,25,N,,,464763,144.09,0
593,1354.144,"Mount",-0.075,-0.020,-0.017,0.076,-0.074,0.025,42,E,11,S,,,434397,145.84,0
594,1356.293,"Mount",-0.087,0.085,-0.115,0.038,-0.115,0.000,66,E,0,,,,429773,132.59,0
595,1358.683,"Mount",-0.097,0.110,-0.143,0.035,-0.143,0.000,82,E,0,,,,452874,141.97,0
596,1360.987,"Mount",0.010,0.160,-0.137,-0.082,-0.159,-0.030,91,E,13,N,,,465903,138.44,0
597,1363.418,"Mount",-0.107,0.032,-0.077,0.080,-0.143,0.028,82,E,12,S,,,450044,139.66,0
598,1365.575,"Mount",-0.085,0.086,-0.115,0.036,-0.157,0.000,90,E,0,,,,450188,180.15,0
599,1368.042,"Mount",0.059,0.115,-0.075,-0.106,-0.154,-0.038,88,E,16,N,,,459532,138.38,0
600,1370.216,"Mount",-0.089,0.046,-0.082,0.058,-0.146,0.000,84,E,0,,,,443255,133.91,0
601,1372.652,"Mount",-0.087,-0.101,0.049,0.124,-0.087,0.045,49,E,19,S,,,446430,124.02,0
602,1374.772,"Mount",0.023,-0.099,0.098,0.025,-0.030,0.000,17,E,0,,,,455137,144.51,0
603,1377.170,"Mount",-0.043,0.116,-0.123,-0.016,-0.112,0.000,64,E,0,,,,426953,138.02,0
604,1379.278,"Mount",-0.016,0.110,-0.105,-0.037,-0.097,0.000,55,E,0,,,,450137,159.96,0
605,1381.698,"Mount",-0.149,-0.063,-0.012,0.161,-0.057,0.058,32,E,25,S,,,442142,148.79,0
606,1383.901,"Mount",-0.201,-0.115,0.009,0.232,-0.054,0.086,31,E,37,S,,,465448,144.51,0
607,1386.317,"Mount",-0.136,-0.232,0.143,0.228,-0.010,0.085,6,E,37,S,,,454727,156.10,0
608,1388.473,"Mount",-0.066,-0.210,0.156,0.156,-0.006,0.060,3,E,25,S,,,450983,127.81,0
609,1390.891,"Mount",-0.077,-0.042,0.002,0.088,-0.072,0.034,41,E,15,S,,,477012,153.86,0
610,1393.092,"Mount",-0.132,0.037,-0.093,0.100,-0.119,0.037,68,E,16,S,,,447671,128.83,0
611,1395.385,"Mount",0.089,-0.191,0.211,0.009,0.015,0.000,9,W,0,,,,415746,128.51,0
612,1397.489,"Mount",-0.006,0.006,-0.008,0.003,-0.069,0.000,39,E,0,,,,450308,144.14,0
613,1399.859,"Mount",-0.008,-0.071,0.059,0.040,-0.073,0.000,42,E,0,,,,447051,149.25,0
614,1401.994,"Mount",0.081,0.053,-0.010,-0.097,-0.070,-0.035,40,E,15,N,,,434068,149.19,0
615,1404.382,"Mount",-0.154,0.020,-0.089,0.127,-0.123,0.044,70,E,19,S,,,450478,146.77,0
616,1406.599,"Mount",-0.094,-0.033,-0.014,0.099,-0.104,0.037,59,E,16,S,,,471325,147.17,0
617,1408.974,"Mount",-0.053,0.036,-0.056,0.030,-0.130,0.000,74,E,0,,,,442779,138.73,0
618,1411.280,"Mount",-0.234,0.036,-0.140,0.190,-0.237,0.069,135,E,29,S,,,452156,140.34,0
619,1413.838,"Mount",-0.157,0.109,-0.169,0.089,-0.298,0.035,170,E,15,S,,,449923,136.99,0
620,1416.113,"Mount",-0.081,0.056,-0.087,0.046,-0.296,0.000,169,E,0,,,,423878,154.02,0
621,1418.671,"Mount",-0.105,0.027,-0.073,0.081,-0.322,0.029,184,E,12,S,,,432091,135.05,0
622,1421.026,"Mount",-0.132,0.113,-0.161,0.065,-0.365,0.025,209,E,11,S,,,450992,149.47,0
623,1423.521,"Mount",-0.043,-0.016,-0.006,0.046,-0.293,0.000,168,E,0,,,,449864,134.82,0
624,1425.817,"Mount",0.027,0.080,-0.058,-0.060,-0.251,-0.022,144,E,9,N,,,453867,133.19,0
625,1428.325,"Mount",-0.145,-0.002,-0.065,0.129,-0.233,0.046,133,E,20,S,,,465566,127.00,0
626,1430.559,"Mount",-0.040,-0.092,0.063,0.078,-0.133,0.030,76,E,13,S,,,453147,134.02,0
627,1432.887,"Mount",-0.063,0.028,-0.054,0.043,-0.126,0.000,72,E,0,,,,431461,126.13,0
628,1435.106,"Mount",-0.060,-0.035,0.004,0.069,-0.105,0.025,60,E,11,S,,,447809,122.90,0
629,1437.486,"Mount",0.037,0.038,-0.017,-0.050,-0.104,0.000,59,E,0,,,,442456,143.61,0
630,1439.579,"Mount",0.017,0.032,-0.020,-0.029,-0.096,0.000,55,E,0,,,,450001,148.01,0
631,1442.072,"Mount",0.057,0.162,-0.117,-0.125,-0.173,-0.045,99,E,19,N,,,457999,138.69,0
632,1444.306,"Mount",0.041,0.070,-0.043,-0.069,-0.125,-0.027,71,E,11,N,,,433653,120.83,0
633,1446.801,"Mount",-0.165,0.041,-0.113,0.128,-0.208,0.045,119,E,19,S,,,463995,173.96,0
634,1449.004,"Mount",-0.052,0.074,-0.089,0.012,-0.189,0.000,108,E,0,,,,443890,168.96,0
635,1451.496,"Mount",-0.052,-0.105,0.069,0.095,-0.125,0.034,71,E,15,S,,,437945,169.89,0
636,1453.776,"Mount",0.140,-0.113,0.165,-0.072,-0.068,-0.025,39,E,11,N,,,446967,136.08,0
637,1456.117,"Mount",0.039,-0.257,0.247,0.084,0.002,0.029,1,W,12,S,,,448884,149.64,0
638,1458.211,"Mount",0.048,-0.076,0.090,-0.007,-0.051,0.000,29,E,0,,,,470070,142.03,0
639,1460.552,"Mount",-0.009,-0.163,0.141,0.083,-0.010,0.030,6,E,13,S,,,439448,138.44,0
640,1462.629,"Mount",-0.024,-0.081,0.061,0.058,-0.008,0.000,5,E,0,,,,450463,141.71,0
641,1464.956,"Mount",0.073,-0.077,0.102,-0.029,0.018,0.000,11,W,0,,,,461237,172.70,0
642,1467.018,"Mount",0.024,-0.061,0.065,0.007,0.009,0.000,5,W,0,,,,441110,127.12,0
643,1469.317,"Mount",0.032,-0.009,0.023,-0.024,-0.024,0.000,14,E,0,,,,479015,143.20,0
644,1471.501,"Mount",0.010,0.149,-0.128,-0.078,-0.093,-0.028,53,E,12,N,,,443438,148.86,0
645,1473.929,"Mount",-0.095,0.052,-0.090,0.060,-0.078,0.020,45,E,9,S,,,429074,152.97,0
646,1476.070,"Mount",-0.012,-0.024,0.015,0.022,-0.058,0.000,33,E,0,,,,452536,153.65,0
647,1478.414,"Mount",-0.029,-0.059,0.039,0.053,-0.056,0.000,32,E,0,,,,441589,128.66,0
648,1480.649,"Mount",-0.206,0.026,-0.118,0.171,-0.108,0.062,62,E,26,S,,,436388,134.40,0
649,1483.065,"Mount",-0.039,-0.074,0.048,0.068,-0.047,0.027,27,E,12,S,,,443081,137.42,0
650,1485.161,"Mount",0.025,-0.091,0.092,0.020,0.013,0.000,7,W,0,,,,444720,142.52,0
651,1487.596,"Mount",-0.016,-0.157,0.132,0.086,0.058,0.031,33,W,13,S,,,442153,146.67,0
652,1489.796,"Mount",0.003,-0.142,0.128,0.063,0.081,0.024,46,W,10,S,,,437046,135.33,0
653,1492.262,"Mount",-0.068,-0.152,0.104,0.130,0.113,0.048,65,W,20,S,,,427877,120.14,0
654,1494.497,"Mount",-0.040,-0.106,0.076,0.085,0.127,0.032,72,W,14,S,,,440411,140.41,0
655,1496.849,"Mount",0.057,-0.013,0.038,-0.045,0.116,0.000,66,W,0,,,,455518,139.92,0
656,1499.097,"Mount",-0.032,-0.134,0.104,0.090,0.172,0.032,99,W,14,S,,,475048,134.06,0
657,1501.578,"Mount",-0.007,-0.124,0.107,0.064,0.182,0.024,104,W,10,S,,,458648,150.01,0
658,1503.801,"Mount",0.054,-0.083,0.099,-0.010,0.179,0.000,103,W,0,,,,451915,135.97,0
659,1506.182,"Mount",-0.090,0.057,-0.092,0.054,0.097,0.000,55,W,0,,,,439462,138.21,0
660,1508.333,"Mount",-0.046,0.025,-0.043,0.030,0.129,0.000,74,W,0,,,,469805,146.02,0
661,1510.707,"Mount",-0.007,-0.090,0.076,0.048,0.157,0.000,90,W,0,,,,443108,150.67,0
662,1512.903,"Mount",0.070,-0.028,0.057,-0.049,0.110,0.000,63,W,0,,,,447201,129.87,0
663,1515.335,"Mount",-0.055,-0.034,0.005,0.064,0.098,0.023,56,W,10,S,,,456332,148.84,0
664,1517.551,"Mount",-0.091,0.018,-0.058,0.073,0.076,0.027,44,W,12,S,,,437107,143.45,0
665,1520.067,"Mount",0.037,-0.228,0.220,0.072,0.168,0.027,96,W,12,S,,,418469,128.42,0
666,1522.247,"Mount",0.072,-0.147,0.163,0.004,0.124,0.000,71,W,0,,,,468051,170.00,0
667,1524.652,"Mount",-0.125,-0.096,0.028,0.156,0.043,0.056,25,W,24,S,,,450772,144.32,0
668,1526.771,"Mount",0.003,-0.103,0.092,0.045,0.098,0.000,56,W,0,,,,427968,131.25,0
669,1529.171,"Mount",-0.096,-0.058,0.007,0.112,0.047,0.040,27,W,17,S,,,435101,125.54,0
670,1531.292,"Mount",-0.024,-0.016,0.003,0.029,0.032,0.000,19,W,0,,,,467603,158.61,0
671,1533.587,"Mount",0.001,0.071,-0.063,-0.034,-0.010,0.000,6,E,0,,,,451268,149.74,0
672,1535.789,"Mount",-0.159,0.175,-0.229,0.060,-0.112,0.022,64,E,9,S,,,449070,129.29,0
673,1538.233,"Mount",-0.116,0.088,-0.132,0.062,-0.085,0.023,49,E,10,S,,,452103,150.07,0
674,1540.324,"Mount",0.026,0.056,-0.037,-0.049,-0.035,0.000,20,E,0,,,,433928,148.34,0
675,1542.627,"Mount",-0.019,-0.143,0.118,0.083,0.000,0.030,0,,13,S,,,429137,123.20,0
676,1544.734,"Mount",0.005,0.007,-0.004,-0.007,-0.039,0.000,22,E,0,,,,428288,139.78,0
677,1547.047,"Mount",-0.025,-0.035,0.020,0.038,-0.009,0.000,5,E,0,,,,448737,135.00,0
678,1549.168,"Mount",-0.012,0.020,-0.023,0.001,0.020,0.000,11,W,0,,,,445900,138.47,0
679,1551.613,"Mount",-0.025,-0.098,0.076,0.068,0.099,0.024,57,W,10,S,,,418587,134.39,0
680,1553.805,"Mount",0.126,-0.126,0.169,-0.053,0.188,0.000,108,W,0,,,,477346,132.95,0
681,1556.219,"Mount",-0.057,-0.012,-0.016,0.056,0.161,0.000,92,W,0,,,,441010,128.79,0
682,1558.463,"Mount",-0.111,-0.028,-0.026,0.112,0.186,0.040,106,W,17,S,,,440995,133.37,0
683,1560.944,"Mount",0.001,-0.117,0.104,0.053,0.260,0.000,149,W,0,,,,447059,151.58,0
684,1563.183,"Mount",-0.213,0.092,-0.180,0.147,0.121,0.053,69,W,23,S,,,460100,156.57,0
685,1565.709,"Mount",-0.037,-0.157,0.122,0.105,0.241,0.040,138,W,17,S,,,429432,131.18,0
686,1568.032,"Mount",0.097,-0.410,0.408,0.103,0.318,0.039,182,W,17,S,,,445425,143.44,0
687,1570.662,"Mount",0.099,-0.776,0.735,0.271,0.439,0.099,251,W,42,S,,,454175,137.39,0
688,1572.970,"Mount",-0.033,-0.260,0.216,0.150,0.200,0.058,114,W,25,S,,,445203,145.64,0
689,1575.431,"Mount",-0.060,-0.277,0.218,0.181,0.203,0.067,116,W,29,S,,,443541,131.70,0
690,1577.632,"Mount",0.057,-0.240,0.240,0.060,0.236,0.000,135,W,0,,,,469690,158.40,0
691,1580.016,"Mount",-0.015,-0.013,0.005,0.019,0.146,0.000,83,W,0,,,,461183,147.56,0
692,1582.170,"Mount",-0.074,0.160,-0.176,-0.009,0.070,0.000,40,W,0,,,,465015,143.15,0
693,1584.527,"Mount",-0.142,0.146,-0.195,0.059,0.068,0.000,39,W,0,,,,468276,138.36,0
694,1586.607,"Mount",-0.134,0.149,-0.194,0.050,0.034,0.000,19,W,0,,,,420929,132.52,0
695,1589.041,"Mount",-0.192,0.081,-0.160,0.133,0.037,0.048,21,W,21,S,,,429427,150.44,0
696,1591.180,"Mount",0.012,0.046,-0.036,-0.032,0.074,0.000,42,W,0,,,,464244,139.99,0
697,1593.522,"Mount",-0.100,0.216,-0.238,-0.012,-0.058,0.000,33,E,0,,,,449957,165.13,0
698,1595.681,"Mount",0.007,0.129,-0.111,-0.066,-0.012,-0.024,7,E,10,N,,,434795,154.09,0
699,1598.058,"Mount",-0.120,-0.099,0.032,0.152,0.017,0.054,10,W,23,S,,,447053,134.51,0
700,1600.182,"Mount",-0.030,0.101,-0.104,-0.020,-0.052,0.000,30,E,0,,,,437015,133.12,0
701,1602.525,"Mount",-0.024,0.062,-0.066,-0.008,-0.053,0.000,30,E,0,,,,469451,151.42,0
702,1604.675,"Mount",0.067,0.031,0.003,-0.074,-0.027,-0.026,16,E,11,N,,,460789,156.15,0
703,1607.030,"Mount",0.087,-0.019,0.057,-0.069,-0.034,-0.026,19,E,11,N,,,450619,135.43,0
704,1609.187,"Mount",-0.080,-0.071,0.026,0.104,-0.028,0.036,16,E,16,S,,,451247,135.40,0
705,1611.514,"Mount",0.047,-0.106,0.116,0.008,0.039,0.000,23,W,0,,,,443402,136.35,0
706,1613.716,"Mount",0.124,-0.072,0.121,-0.077,0.049,-0.028,28,W,12,N,,,443151,135.57,0
707,1616.102,"Mount",-0.054,-0.106,0.070,0.097,0.041,0.034,23,W,14,S,,,445791,129.69,0
708,1618.268,"Mount",-0.103,0.090,-0.127,0.050,-0.041,0.000,23,E,0,,,,432733,133.91,0
709,1620.638,"Mount",-0.124,-0.123,0.052,0.167,0.023,0.060,13,W,26,S,,,421045,126.14,0
710,1622.761,"Mount",-0.146,0.033,-0.097,0.114,-0.012,0.043,7,E,19,S,,,455747,142.64,0
711,1625.180,"Mount",-0.022,-0.095,0.074,0.064,0.070,0.025,40,W,11,S,,,443882,141.19,0
712,1627.345,"Mount",0.047,0.071,-0.042,-0.075,0.032,-0.026,19,W,11,N,,,465640,137.40,0
713,1629.714,"Mount",0.060,-0.061,0.082,-0.025,0.073,0.000,42,W,0,,,,440178,145.38,0
714,1631.882,"Mount",-0.041,-0.104,0.073,0.084,0.069,0.030,40,W,13,S,,,438544,125.09,0
715,1634.251,"Mount",-0.163,0.097,-0.161,0.099,-0.036,0.037,21,E,16,S,,,423860,122.34,0
716,1636.325,"Mount",0.008,0.067,-0.055,-0.038,0.038,0.000,22,W,0,,,,451468,133.10,0
717,1638.650,"Mount",-0.108,0.211,-0.237,-0.002,-0.075,0.000,43,E,0,,,,469154,151.48,0
718,1640.849,"Mount",-0.153,0.081,-0.143,0.098,-0.053,0.035,30,E,15,S,,,428670,124.95,0
719,1643.208,"Mount",-0.083,-0.059,0.014,0.101,0.001,0.038,1,W,16,S,,,425840,130.72,0
720,1645.304,"Mount",-0.036,0.025,-0.039,0.020,-0.011,0.000,6,E,0,,,,454269,139.02,0
721,1647.616,"Mount",0.012,-0.063,0.061,0.019,0.003,0.000,2,W,0,,,,440973,141.56,0
722,1649.752,"Mount",0.008,0.060,-0.049,-0.034,-0.031,0.000,18,E,0,,,,432900,147.45,0
723,1652.167,"Mount",-0.119,-0.001,-0.054,0.106,-0.023,0.038,13,E,16,S,,,459625,164.93,0
724,1654.243,"Mount",-0.026,0.051,-0.057,-0.001,-0.021,0.000,12,E,0,,,,428372,143.71,0
725,1656.615,"Mount",-0.182,-0.092,-0.003,0.204,-0.017,0.073,10,E,31,S,,,444591,140.24,0
726,1658.689,"Mount",-0.047,0.000,-0.022,0.041,-0.012,0.000,7,E,0,,,,444524,166.08,0
727,1661.096,"Mount",-0.200,-0.055,-0.044,0.203,-0.002,0.073,1,E,31,S,,,434120,132.42,0
728,1663.338,"Mount",-0.255,0.021,-0.136,0.216,-0.055,0.081,32,E,35,S,,,404318,125.35,0
729,1665.693,"Mount",-0.059,0.006,-0.032,0.050,0.018,0.000,10,W,0,,,,460670,149.14,0
730,1667.863,"Mount",-0.071,-0.033,-0.003,0.078,0.022,0.028,12,W,12,S,,,474518,141.62,0
731,1670.250,"Mount",0.085,-0.115,0.141,-0.022,0.096,0.000,55,W,0,,,,439388,134.05,0
732,1672.257,"Mount",-0.078,0.055,-0.085,0.044,0.001,0.000,0,,0,,,,451348,150.97,0
733,1674.632,"Mount",0.051,0.029,-0.002,-0.059,0.043,0.000,25,W,0,,,,413269,134.40,0
734,1676.851,"Mount",0.037,-0.089,0.096,0.009,0.086,0.000,49,W,0,,,,443278,141.62,0
735,1679.144,"Mount",-0.022,0.032,-0.039,0.005,0.043,0.000,24,W,0,,,,436891,127.00,0
736,1681.278,"Mount",-0.002,0.050,-0.045,-0.022,0.039,0.000,23,W,0,,,,432282,154.57,0
737,1683.574,"Mount",0.041,0.029,-0.007,-0.050,0.037,0.000,21,W,0,,,,416093,137.45,0
738,1685.759,"Mount",-0.026,-0.084,0.063,0.062,0.055,0.022,31,W,10,S,,,459533,148.13,0
739,1688.135,"Mount",-0.045,-0.081,0.051,0.077,0.016,0.029,9,W,12,S,,,447410,160.35,0
740,1690.196,"Mount",-0.036,0.048,-0.059,0.010,0.005,0.000,3,W,0,,,,444344,137.42,0
741,1692.478,"Mount",0.026,-0.024,0.033,-0.011,-0.001,0.000,1,E,0,,,,456583,151.18,0
742,1694.570,"Mount",-0.076,0.028,-0.060,0.055,-0.013,0.000,7,E,0,,,,430163,118.07,0
743,1696.876,"Mount",-0.065,0.047,-0.072,0.036,-0.067,0.000,38,E,0,,,,459459,132.36,0
744,1699.060,"Mount",-0.058,-0.042,0.011,0.070,-0.048,0.025,27,E,11,S,,,451847,124.52,0
745,1701.373,"Mount",-0.025,-0.004,-0.008,0.024,-0.069,0.000,40,E,0,,,,441302,136.22,0
746,1703.512,"Mount",0.008,0.102,-0.087,-0.054,-0.120,0.000,68,E,0,,,,430835,139.65,0
747,1705.886,"Mount",-0.016,0.098,-0.094,-0.031,-0.131,0.000,75,E,0,,,,454167,154.67,0
748,1708.161,"Mount",-0.186,0.157,-0.225,0.092,-0.197,0.033,113,E,14,S,,,437655,169.90,0
749,1710.567,"Mount",-0.055,0.129,-0.140,-0.011,-0.169,0.000,96,E,0,,,,430479,128.83,0
750,1712.683,"Mount",-0.003,-0.071,0.062,0.036,-0.081,0.000,47,E,0,,,,436581,135.57,0
751,1715.137,"Mount",-0.147,-0.042,-0.030,0.150,-0.110,0.054,63,E,23,S,,,460547,152.04,0
752,1717.320,"Mount",-0.081,0.042,-0.074,0.053,-0.128,0.000,73,E,0,,,,444349,139.50,0
753,1719.805,"Mount",-0.149,0.091,-0.149,0.090,-0.158,0.032,91,E,14,S,,,455901,140.36,0
754,1721.990,"Mount",-0.066,0.147,-0.161,-0.009,-0.160,0.000,92,E,0,,,,427866,136.43,0
755,1724.397,"Mount",-0.073,0.054,-0.082,0.040,-0.120,0.000,69,E,0,,,,439174,137.20,0
756,1726.577,"Mount",-0.000,0.060,-0.053,-0.028,-0.090,0.000,51,E,0,,,,443991,137.04,0
757,1728.904,"Mount",0.028,0.033,-0.017,-0.040,-0.088,0.000,51,E,0,,,,437769,133.27,0
758,1731.102,"Mount",-0.089,0.017,-0.056,0.071,-0.077,0.026,44,E,11,S,,,457993,134.22,0
759,1733.425,"Mount",0.034,-0.141,0.141,0.035,-0.013,0.000,7,E,0,,,,458627,141.11,0
760,1735.536,"Mount",0.131,-0.038,0.094,-0.099,-0.015,-0.036,8,E,15,N,,,499955,175.48,0
761,1737.877,"Mount",0.042,-0.057,0.070,-0.011,-0.014,0.000,8,E,0,,,,434943,127.39,0
762,1739.999,"Mount",-0.073,-0.009,-0.026,0.069,-0.046,0.025,26,E,11,S,,,438161,156.56,0
763,1742.309,"Mount",0.013,0.047,-0.035,-0.033,-0.040,0.000,23,E,0,,,,441114,129.95,0
764,1744.427,"Mount",-0.037,0.070,-0.079,0.000,-0.083,0.000,48,E,0,,,,437725,134.71,0
765,1746.827,"Mount",-0.077,0.069,-0.097,0.036,-0.119,0.000,68,E,0,,,,439951,131.65,0
766,1749.013,"Mount",-0.056,0.119,-0.132,-0.005,-0.149,0.000,85,E,0,,,,426943,145.43,0
767,1751.447,"Mount",-0.077,-0.055,0.014,0.094,-0.123,0.034,70,E,14,S,,,432164,133.78,0
768,1753.678,"Mount",0.081,0.006,0.032,-0.074,-0.134,-0.025,77,E,11,N,,,481019,157.60,0
769,1756.095,"Mount",-0.001,-0.054,0.047,0.026,-0.169,0.000,97,E,0,,,,436051,143.27,0
770,1758.313,"Mount",-0.011,-0.039,0.029,0.028,-0.185,0.000,106,E,0,,,,467204,156.09,0
771,1760.805,"Mount",-0.031,-0.105,0.079,0.076,-0.181,0.027,103,E,12,S,,,419108,137.05,0
772,1763.100,"Mount",-0.003,0.019,-0.018,-0.006,-0.222,0.000,127,E,0,,,,443659,135.51,0
773,1765.535,"Mount",-0.028,-0.062,0.043,0.053,-0.242,0.000,138,E,0,,,,430501,121.79,0
774,1767.800,"Mount",-0.020,0.002,-0.011,0.017,-0.224,0.000,128,E,0,,,,466339,164.82,0
775,1770.237,"Mount",-0.016,0.013,-0.019,0.008,-0.219,0.000,125,E,0,,,,436823,128.37,0
776,1772.543,"Mount",0.062,0.208,-0.156,-0.151,-0.262,-0.054,150,E,23,N,,,427332,132.68,0
777,1775.149,"Mount",-0.212,0.145,-0.226,0.121,-0.283,0.041,162,E,18,S,,,437135,130.28,0
778,1777.493,"Mount",-0.045,0.307,-0.293,-0.102,-0.309,-0.035,177,E,15,N,,,427056,122.98,0
779,1779.988,"Mount",-0.183,-0.071,-0.021,0.195,-0.175,0.069,100,E,29,S,,,430111,128.61,0
780,1782.326,"Mount",0.078,0.178,-0.122,-0.151,-0.244,-0.052,139,E,22,N,,,475623,143.69,0
781,1784.947,"Mount",-0.662,0.066,-0.364,0.557,-0.359,0.198,205,E,85,S,,,428421,142.27,0
782,1787.299,"Mount",-0.147,-0.141,0.057,0.195,-0.188,0.078,108,E,33,S,,,462832,141.98,0
783,1789.737,"Mount",-0.069,-0.165,0.115,0.137,-0.139,0.053,79,E,22,S,,,465814,156.00,0
784,1791.966,"Mount",-0.080,-0.051,0.009,0.094,-0.166,0.036,95,E,15,S,,,440888,130.79,0
785,1794.261,"Mount",0.071,-0.250,0.254,0.052,-0.042,0.000,24,E,0,,,,427992,134.72,0
786,1796.434,"Mount",0.026,-0.133,0.130,0.038,-0.060,0.000,34,E,0,,,,452997,130.31,0
787,1798.742,"Mount",0.047,-0.219,0.216,0.060,-0.006,0.000,3,E,0,,,,440313,168.28,0
788,1800.876,"Mount",-0.000,-0.078,0.069,0.036,-0.035,0.000,20,E,0,,,,422512,141.65,0
789,1803.197,"Mount",0.054,-0.145,0.154,0.019,0.016,0.000,9,W,0,,,,443203,128.50,0
790,1805.307,"Mount",-0.022,-0.056,0.040,0.046,-0.031,0.000,18,E,0,,,,449276,140.38,0
791,1807.644,"Mount",0.033,0.006,0.010,-0.032,-0.032,0.000,18,E,0,,,,443094,160.48,0
792,1809.779,"Mount",-0.033,-0.038,0.019,0.047,-0.030,0.000,17,E,0,,,,455532,141.89,0
793,1812.161,"Mount",-0.032,-0.130,0.100,0.089,0.002,0.032,1,W,14,S,,,442851,121.45,0
794,1814.347,"Mount",-0.268,-0.107,-0.028,0.287,-0.052,0.105,30,E,45,S,,,441466,123.57,0
795,1816.724,"Mount",-0.052,-0.137,0.097,0.109,-0.022,0.044,13,E,19,S,,,439475,131.09,0
796,1818.872,"Mount",-0.070,0.034,-0.063,0.047,-0.096,0.000,55,E,0,,,,476963,149.11,0
797,1821.317,"Mount",-0.154,-0.023,-0.051,0.147,-0.075,0.053,43,E,23,S,,,462216,148.33,0
798,1823.458,"Mount",-0.045,0.020,-0.039,0.030,-0.065,0.000,37,E,0,,,,462490,138.86,0
799,1825.813,"Mount",0.028,-0.023,0.033,-0.014,-0.066,0.000,38,E,0,,,,436245,134.43,0
800,1827.980,"Mount",0.151,-0.107,0.165,-0.085,0.023,-0.031,13,W,13,N,,,464510,155.65,0
801,1830.300,"Mount",-0.010,-0.107,0.090,0.058,0.006,0.000,4,W,0,,,,433875,133.55,0
802,1832.483,"Mount",0.040,-0.038,0.052,-0.018,-0.008,0.000,5,E,0,,,,453678,165.63,0
803,1834.823,"Mount",-0.082,-0.110,0.060,0.123,0.045,0.044,26,W,19,S,,,437254,135.95,0
804,1837.038,"Mount",0.197,-0.047,0.132,-0.154,0.105,-0.054,60,W,23,N,,,451656,170.12,0
805,1839.513,"Mount",-0.103,-0.172,0.105,0.171,0.116,0.059,67,W,25,S,,,451241,144.45,0
806,1841.627,"Mount",0.083,-0.060,0.091,-0.046,0.128,0.000,73,W,0,,,,453200,162.06,0
807,1844.032,"Mount",0.059,0.068,-0.033,-0.083,0.108,-0.030,62,W,13,N,,,451212,148.99,0
808,1846.228,"Mount",-0.095,-0.042,-0.007,0.104,0.114,0.036,65,W,15,S,,,445486,127.35,0
809,1848.615,"Mount",-0.011,-0.023,0.015,0.020,0.128,0.000,73,W,0,,,,410585,119.73,0
810,1850.768,"Mount",0.063,-0.034,0.059,-0.040,0.119,0.000,68,W,0,,,,425867,138.66,0
811,1853.191,"Mount",-0.011,-0.071,0.058,0.042,0.124,0.000,71,W,0,,,,468206,138.63,0
812,1855.358,"Mount",0.033,0.028,-0.009,-0.042,0.116,0.000,66,W,0,,,,461754,146.32,0
813,1857.934,"Mount",-0.022,-0.108,0.086,0.069,0.157,0.025,90,W,11,S,,,468474,138.35,0
814,1860.152,"Mount",-0.004,-0.027,0.022,0.016,0.110,0.000,63,W,0,,,,453593,135.76,0
815,1862.492,"Mount",0.011,-0.024,0.027,0.001,0.102,0.000,58,W,0,,,,431480,125.01,0
816,1864.628,"Mount",0.024,-0.076,0.079,0.014,0.128,0.000,73,W,0,,,,447597,132.11,0
817,1867.050,"Mount",-0.023,-0.125,0.100,0.079,0.133,0.028,76,W,12,S,,,453522,136.25,0
818,1869.168,"Mount",0.018,-0.114,0.110,0.036,0.130,0.000,74,W,0,,,,452974,125.26,0
819,1871.635,"Mount",-0.103,-0.103,0.044,0.139,0.080,0.050,46,W,21,S,,,429320,128.11,0
820,1873.829,"Mount",-0.232,0.091,-0.188,0.163,-0.021,0.061,12,E,26,S,,,442082,143.75,0
821,1876.225,"Mount",-0.110,0.059,-0.103,0.071,0.007,0.028,4,W,12,S,,,438032,129.90,0
822,1878.359,"Mount",-0.187,0.104,-0.178,0.118,-0.044,0.043,25,E,19,S,,,466269,150.82,0
823,1880.772,"Mount",0.002,0.172,-0.151,-0.081,-0.071,-0.027,40,E,12,N,,,420134,120.59,0
824,1882.986,"Mount",0.017,0.176,-0.148,-0.097,-0.088,-0.036,50,E,15,N,,,427352,133.14,0
825,1885.330,"Mount",-0.007,0.096,-0.089,-0.039,-0.078,0.000,45,E,0,,,,444084,145.34,0
826,1887.472,"Mount",0.016,-0.034,0.037,0.002,-0.048,0.000,27,E,0,,,,428936,128.80,0
827,1889.796,"Mount",-0.028,-0.007,-0.007,0.027,-0.049,0.000,28,E,0,,,,431528,160.76,0
828,1891.917,"Mount",-0.015,-0.059,0.045,0.040,-0.029,0.000,16,E,0,,,,442430,142.52,0
829,1894.367,"Mount",-0.125,-0.116,0.046,0.165,-0.011,0.059,6,E,25,S,,,452388,146.96,0
830,1896.557,"Mount",0.130,-0.178,0.218,-0.033,0.117,0.000,67,W,0,,,,466834,134.57,0
831,1898.928,"Mount",0.097,-0.096,0.130,-0.042,0.116,0.000,66,W,0,,,,461953,133.70,0
832,1901.049,"Mount",0.026,-0.035,0.043,-0.007,0.101,0.000,58,W,0,,,,437624,118.37,0
833,1903.403,"Mount",0.018,-0.086,0.085,0.024,0.183,0.000,105,W,0,,,,460448,140.84,0
834,1905.590,"Mount",0.064,-0.111,0.128,-0.006,0.231,0.000,132,W,0,,,,442297,139.06,0
835,1908.098,"Mount",0.075,0.012,0.024,-0.072,0.211,-0.026,120,W,11,N,,,435231,134.42,0
836,1910.315,"Mount",-0.004,-0.064,0.054,0.033,0.211,0.000,121,W,0,,,,463007,145.13,0
837,1912.822,"Mount",-0.069,-0.141,0.094,0.126,0.239,0.045,137,W,19,S,,,419274,132.16,0
838,1915.038,"Mount",-0.008,-0.095,0.081,0.051,0.204,0.000,117,W,0,,,,446552,132.36,0
839,1917.444,"Mount",0.019,-0.073,0.074,0.017,0.169,0.000,96,W,0,,,,454018,150.78,0
840,1919.616,"Mount",0.116,-0.122,0.162,-0.047,0.187,0.000,107,W,0,,,,437370,137.11,0
841,1922.181,"Mount",0.065,-0.456,0.435,0.153,0.313,0.055,179,W,24,S,,,444618,141.47,0
842,1924.534,"Mount",0.082,-0.557,0.532,0.185,0.359,0.069,205,W,29,S,,,461242,141.36,0
843,1927.149,"Mount",0.188,-0.502,0.532,0.066,0.400,0.026,229,W,11,S,,,441593,132.44,0
844,1929.408,"Mount",0.129,-0.082,0.132,-0.076,0.227,-0.026,130,W,11,N,,,444792,123.30,0
845,1931.860,"Mount",-0.114,0.025,-0.074,0.089,0.151,0.031,86,W,13,S,,,447627,139.36,0
846,1934.119,"Mount",-0.064,0.128,-0.143,-0.002,0.097,0.000,55,W,0,,,,459327,142.82,0
847,1936.403,"Mount",-0.063,0.247,-0.249,-0.058,0.006,0.000,4,W,0,,,,449386,141.79,0
848,1938.570,"Mount",-0.198,0.282,-0.342,0.046,-0.066,0.000,38,E,0,,,,429381,136.06,0
849,1940.939,"Mount",-0.094,0.210,-0.230,-0.013,-0.068,0.000,39,E,0,,,,453096,143.31,0
850,1943.089,"Mount",-0.138,0.053,-0.110,0.098,-0.038,0.035,22,E,15,S,,,436768,141.02,0
851,1945.460,"Mount",0.020,0.089,-0.070,-0.059,-0.041,0.000,24,E,0,,,,438680,131.46,0
852,1947.599,"Mount",-0.048,0.156,-0.160,-0.030,-0.104,0.000,60,E,0,,,,437009,143.08,0
853,1949.857,"Mount",0.061,-0.073,0.093,-0.020,-0.000,0.000,0,,0,,,,447722,141.81,0
854,1951.975,"Mount",0.005,0.069,-0.058,-0.036,-0.032,0.000,18,E,0,,,,436787,147.63,0
855,1954.366,"Mount",0.011,0.128,-0.108,-0.069,-0.078,-0.025,45,E,11,N,,,445840,164.32,0
856,1956.474,"Mount",-0.019,-0.008,-0.001,0.021,-0.010,0.000,6,E,0,,,,475034,145.32,0
857,1958.797,"Mount",-0.013,0.037,-0.039,-0.006,-0.002,0.000,1,E,0,,,,434051,146.00,0
858,1960.852,"Mount",0.014,-0.015,0.019,-0.005,0.001,0.000,0,,0,,,,454486,143.80,0
859,1963.262,"Mount",-0.089,-0.050,0.003,0.102,0.007,0.037,4,W,16,S,,,447797,141.61,0
860,1965.442,"Mount",0.096,-0.016,0.059,-0.078,0.014,-0.027,8,W,11,N,,,438675,143.31,0
861,1967.801,"Mount",0.024,-0.112,0.111,0.031,0.067,0.000,38,W,0,,,,441944,131.35,0
862,1969.876,"Mount",-0.044,-0.012,-0.010,0.045,0.024,0.000,14,W,0,,,,444676,140.01,0
863,1972.263,"Mount",-0.035,-0.065,0.042,0.061,0.034,0.022,19,W,9,S,,,440385,171.15,0
864,1974.442,"Mount",-0.070,-0.122,0.076,0.118,0.069,0.043,40,W,19,S,,,409582,121.38,0
865,1976.855,"Mount",0.088,0.065,-0.017,-0.108,0.036,-0.037,21,W,16,N,,,428862,126.99,0
866,1978.980,"Mount",-0.004,-0.037,0.031,0.021,0.030,0.000,17,W,0,,,,412696,123.89,0
867,1981.476,"Mount",-0.041,-0.070,0.044,0.069,0.033,0.025,19,W,11,S,,,447097,139.91,0
868,1983.656,"Mount",0.081,-0.086,0.114,-0.033,0.080,0.000,46,W,0,,,,437545,144.27,0
869,1985.950,"Mount",-0.006,-0.036,0.029,0.022,0.027,0.000,15,W,0,,,,452274,142.86,0
870,1988.053,"Mount",0.001,0.066,-0.058,-0.031,0.019,0.000,11,W,0,,,,443410,149.01,0
871,1990.335,"Mount",-0.029,-0.039,0.022,0.044,0.011,0.000,7,W,0,,,,460466,149.56,0
872,1992.455,"Mount",0.025,-0.079,0.082,0.015,0.040,0.000,23,W,0,,,,429530,145.39,0
873,1994.733,"Mount",0.005,-0.007,0.009,-0.001,-0.004,0.000,2,E,0,,,,456542,133.04,0
874,1996.885,"Mount",-0.101,-0.018,-0.030,0.098,-0.010,0.035,6,E,15,S,,,443404,143.43,0
875,1999.155,"Mount",-0.070,0.019,-0.049,0.054,-0.015,0.000,9,E,0,,,,447121,146.79,0
876,2001.273,"Mount",0.011,0.022,-0.015,-0.020,-0.021,0.000,12,E,0,,,,462043,129.08,0
877,2003.612,"Mount",-0.033,0.137,-0.137,-0.034,-0.085,0.000,49,E,0,,,,445866,135.10,0
878,2005.687,"Mount",0.004,0.037,-0.031,-0.020,-0.020,0.000,11,E,0,,,,447530,140.96,0
879,2007.996,"Mount",-0.001,0.075,-0.067,-0.034,-0.047,0.000,27,E,0,,,,437954,129.81,0
880,2010.166,"Mount",-0.043,-0.072,0.044,0.072,-0.011,0.026,6,E,11,S,,,418564,124.98,0
881,2012.539,"Mount",-0.121,-0.115,0.046,0.161,-0.002,0.059,1,E,25,S,,,452078,138.57,0
882,2014.679,"Mount",-0.186,-0.073,-0.021,0.199,0.008,0.074,5,W,32,S,,,458364,131.99,0
883,2017.126,"Mount",-0.128,-0.029,-0.033,0.127,0.029,0.049,17,W,21,S,,,444850,138.72,0
884,2019.267,"Mount",-0.159,0.026,-0.096,0.129,-0.004,0.048,2,E,21,S,,,461109,137.79,0
885,2021.611,"Mount",0.003,0.064,-0.056,-0.032,0.044,0.000,25,W,0,,,,452593,129.98,0
886,2023.824,"Mount",-0.034,-0.066,0.043,0.060,0.046,0.022,26,W,9,S,,,420481,145.92,0
887,2026.306,"Mount",-0.052,-0.187,0.142,0.133,0.107,0.049,61,W,21,S,,,475157,145.21,0
888,2028.494,"Mount",-0.040,-0.064,0.038,0.065,0.037,0.025,21,W,11,S,,,428534,132.79,0
889,2030.895,"Mount",-0.118,-0.028,-0.030,0.117,0.044,0.043,25,W,19,S,,,412633,136.12,0
890,2033.080,"Mount",-0.087,-0.042,-0.003,0.097,0.034,0.037,20,W,16,S,,,478377,168.08,0
891,2035.472,"Mount",-0.016,0.022,-0.027,0.004,0.027,0.000,15,W,0,,,,440055,137.06,0
892,2037.684,"Mount",0.095,0.008,0.036,-0.088,0.014,-0.032,8,W,14,N,,,440041,132.63,0
893,2039.991,"Mount",-0.008,-0.072,0.060,0.040,0.026,0.000,15,W,0,,,,459563,138.05,0
894,2042.096,"Mount",-0.005,-0.020,0.015,0.014,-0.018,0.000,10,E,0,,,,432643,130.87,0
895,2044.486,"Mount",-0.086,-0.048,0.003,0.098,-0.033,0.035,19,E,15,S,,,452559,161.81,0
896,2046.577,"Mount",0.016,-0.161,0.151,0.060,0.023,0.000,13,W,0,,,,454071,155.88,0
897,2048.854,"Mount",0.077,-0.118,0.141,-0.014,0.005,0.000,3,W,0,,,,473741,146.85,0
898,2051.042,"Mount",-0.074,0.146,-0.164,-0.002,-0.137,0.000,78,E,0,,,,472685,186.41,0
899,2053.386,"Mount",-0.023,0.070,-0.073,-0.012,-0.111,0.000,63,E,0,,,,445780,146.99,0
900,2055.523,"Mount",-0.059,0.054,-0.075,0.027,-0.121,0.000,69,E,0,,,,458296,132.87,0
901,2057.992,"Mount",-0.210,-0.099,-0.009,0.232,-0.104,0.083,59,E,36,S,,,417959,127.06,0
902,2060.228,"Mount",-0.095,-0.007,-0.038,0.088,-0.107,0.035,61,E,15,S,,,434978,135.91,0
903,2062.691,"Mount",-0.113,-0.055,-0.004,0.126,-0.113,0.047,65,E,20,S,,,441522,126.60,0
904,2064.859,"Mount",-0.070,0.017,-0.048,0.054,-0.110,0.000,63,E,0,,,,437173,132.61,0
905,2067.231,"Mount",0.031,-0.048,0.057,-0.005,-0.109,0.000,62,E,0,,,,460224,143.39,0
906,2069.426,"Mount",-0.059,-0.071,0.036,0.085,-0.104,0.031,60,E,13,S,,,430997,122.01,0
907,2071.831,"Mount",-0.049,-0.123,0.087,0.100,-0.058,0.037,33,E,16,S,,,468330,145.97,0
908,2073.939,"Mount",0.065,-0.059,0.082,-0.030,-0.047,0.000,27,E,0,,,,446841,141.97,0
909,2076.260,"Mount",-0.016,-0.022,0.012,0.025,-0.071,0.000,41,E,0,,,,422936,125.85,0
910,2078.360,"Mount",-0.008,0.037,-0.036,-0.010,-0.059,0.000,33,E,0,,,,445606,130.63,0
911,2080.672,"Mount",0.040,-0.012,0.029,-0.030,-0.049,0.000,28,E,0,,,,435041,128.29,0
912,2082.762,"Mount",-0.006,-0.014,0.010,0.011,-0.043,0.000,25,E,0,,,,456747,154.98,0
913,2085.081,"Mount",-0.015,0.010,-0.015,0.008,-0.040,0.000,23,E,0,,,,446021,135.63,0
914,2087.184,"Mount",0.039,-0.074,0.083,0.000,-0.012,0.000,7,E,0,,,,441881,126.12,0
915,2089.554,"Mount",-0.080,0.005,-0.041,0.068,-0.067,0.025,38,E,11,S,,,447934,153.31,0
916,2091.769,"Mount",-0.117,0.022,-0.074,0.093,-0.108,0.035,62,E,15,S,,,451989,154.19,0
917,2094.138,"Mount",-0.061,0.008,-0.035,0.050,-0.097,0.000,55,E,0,,,,443311,135.21,0
918,2096.330,"Mount",0.031,-0.138,0.137,0.036,-0.046,0.000,26,E,0,,,,444875,141.64,0
919,2098.686,"Mount",-0.023,0.021,-0.029,0.011,-0.123,0.000,70,E,0,,,,425638,137.84,0
920,2100.841,"Mount",0.011,-0.058,0.056,0.017,-0.117,0.000,67,E,0,,,,445406,136.35,0
921,2103.166,"Mount",0.042,-0.082,0.092,0.000,-0.088,0.000,50,E,0,,,,426313,117.12,0
922,2105.259,"Mount",0.041,-0.092,0.100,0.006,-0.094,0.000,54,E,0,,,,410807,122.58,0
923,2107.693,"Mount",-0.080,0.007,-0.043,0.067,-0.164,0.024,94,E,10,S,,,433473,145.38,0
924,2109.842,"Mount",-0.016,0.052,-0.054,-0.010,-0.181,0.000,103,E,0,,,,414974,129.25,0
925,2112.321,"Mount",-0.076,0.145,-0.164,0.000,-0.279,0.000,159,E,0,,,,455158,161.36,0
926,2114.587,"Mount",-0.027,0.114,-0.114,-0.029,-0.272,0.000,155,E,0,,,,472658,137.10,0
927,2117.035,"Mount",-0.069,0.040,-0.068,0.043,-0.265,0.000,152,E,0,,,,434927,129.30,0
928,2119.313,"Mount",-0.083,0.011,-0.048,0.068,-0.231,0.025,132,E,11,S,,,451527,149.55,0
929,2121.846,"Mount",0.024,0.049,-0.033,-0.044,-0.240,0.000,137,E,0,,,,448872,137.48,0
930,2124.072,"Mount",-0.004,-0.040,0.033,0.022,-0.222,0.000,127,E,0,,,,445759,133.78,0
931,2126.541,"Mount",0.196,-0.040,0.126,-0.156,-0.161,-0.056,92,E,24,N,,,443823,159.89,0
932,2128.790,"Mount",-0.062,-0.028,-0.003,0.068,-0.196,0.022,112,E,9,S,,,451682,142.81,0
933,2131.275,"Mount",-0.088,-0.078,0.029,0.114,-0.191,0.042,109,E,18,S,,,447899,147.71,0
934,2133.490,"Mount",-0.023,0.053,-0.058,-0.004,-0.178,0.000,102,E,0,,,,452739,140.25,0
935,2135.970,"Mount",-0.049,-0.084,0.052,0.082,-0.166,0.030,95,E,13,S,,,462635,135.42,0
936,2138.308,"Mount",-0.048,-0.071,0.041,0.075,-0.153,0.028,88,E,12,S,,,448390,146.63,0
937,2140.613,"Mount",0.111,-0.092,0.132,-0.056,-0.074,0.000,42,E,0,,,,454362,145.78,0
938,2142.823,"Mount",-0.023,-0.189,0.157,0.107,-0.043,0.039,25,E,17,S,,,438050,137.86,0
939,2145.173,"Mount",0.018,-0.190,0.177,0.072,-0.016,0.027,9,E,12,S,,,456330,140.71,0
940,2147.231,"Mount",0.003,-0.115,0.103,0.050,-0.017,0.000,10,E,0,,,,457940,150.35,0
941,2149.572,"Mount",-0.020,-0.151,0.125,0.087,0.002,0.031,1,W,13,S,,,448590,152.75,0
942,2151.636,"Mount",0.053,-0.128,0.138,0.012,0.020,0.000,11,W,0,,,,437789,134.40,0
943,2153.932,"Mount",0.066,-0.144,0.158,0.008,0.031,0.000,18,W,0,,,,447599,136.69,0
944,2156.084,"Mount",-0.010,-0.119,0.101,0.064,-0.001,0.023,1,E,10,S,,,450202,129.79,0
945,2158.407,"Mount",-0.009,-0.042,0.033,0.028,-0.051,0.000,29,E,0,,,,448330,147.09,0
946,2160.541,"Mount",0.048,-0.004,0.026,-0.041,-0.060,0.000,35,E,0,,,,438274,153.16,0
947,2162.898,"Mount",0.015,-0.036,0.039,0.003,-0.076,0.000,43,E,0,,,,431179,144.42,0
948,2165.082,"Mount",-0.121,0.010,-0.065,0.103,-0.105,0.037,60,E,16,S,,,438513,135.24,0
949,2167.501,"Mount",-0.058,-0.044,0.012,0.072,-0.078,0.027,45,E,12,S,,,435632,132.53,0
950,2169.637,"Mount",-0.027,-0.069,0.048,0.056,-0.063,0.000,36,E,0,,,,439577,137.06,0
951,2171.988,"Mount",0.058,-0.162,0.171,0.023,0.023,0.000,13,W,0,,,,437373,139.84,0
952,2174.128,"Mount",0.058,-0.175,0.182,0.029,0.043,0.000,24,W,0,,,,445617,148.29,0
953,2176.516,"Mount",-0.036,-0.132,0.101,0.093,0.027,0.034,15,W,14,S,,,458970,133.30,0
954,2178.575,"Mount",0.022,-0.048,0.053,0.003,-0.002,0.000,1,E,0,,,,412712,130.32,0
955,2180.916,"Mount",-0.024,-0.082,0.062,0.059,0.044,0.000,25,W,0,,,,418698,137.31,0
956,2183.038,"Mount",0.007,0.003,0.000,-0.008,0.032,0.000,18,W,0,,,,441571,142.08,0
957,2185.384,"Mount",-0.037,-0.053,0.030,0.058,0.052,0.000,30,W,0,,,,415330,137.52,0
958,2187.523,"Mount",-0.021,-0.047,0.032,0.040,0.062,0.000,36,W,0,,,,446358,154.83,0
959,2189.894,"Mount",0.010,-0.106,0.099,0.040,0.125,0.000,71,W,0,,,,463310,152.22,0
960,2192.077,"Mount",0.022,-0.139,0.134,0.045,0.151,0.000,86,W,0,,,,450591,155.12,0
961,2194.531,"Mount",-0.056,-0.168,0.123,0.128,0.161,0.046,92,W,20,S,,,437943,127.80,0
962,2196.836,"Mount",-0.537,-0.326,0.042,0.627,0.113,0.228,65,W,97,S,,,438173,139.83,0
963,2199.355,"Mount",-0.067,-0.233,0.176,0.166,0.202,0.069,115,W,30,S,,,463119,136.28,0
964,2201.633,"Mount",-0.062,-0.276,0.216,0.183,0.224,0.069,128,W,29,S,,,439663,145.91,0
965,2204.159,"Mount",0.157,-0.153,0.208,-0.068,0.226,-0.022,129,W,9,N,,,432131,129.61,0
966,2206.467,"Mount",0.022,-0.199,0.186,0.072,0.221,0.025,126,W,11,S,,,425924,143.37,0
967,2208.899,"Mount",0.110,-0.113,0.151,-0.045,0.206,0.000,118,W,0,,,,447448,140.48,0
968,2211.062,"Mount",0.017,-0.077,0.077,0.021,0.166,0.000,95,W,0,,,,446150,145.51,0
969,2213.430,"Mount",0.008,0.019,-0.013,-0.016,0.128,0.000,73,W,0,,,,438405,128.58,0
970,2215.741,"Mount",-0.046,-0.073,0.043,0.075,0.112,0.027,64,W,11,S,,,438193,131.48,0
971,2218.036,"Mount",-0.076,0.035,-0.066,0.051,0.067,0.000,38,W,0,,,,433336,128.77,0
972,2220.261,"Mount",-0.043,-0.090,0.060,0.080,0.092,0.029,53,W,12,S,,,452344,148.88,0
973,2222.564,"Mount",-0.010,0.059,-0.057,-0.018,0.026,0.000,15,W,0,,,,451855,130.43,0
974,2224.681,"Mount",-0.038,0.159,-0.159,-0.039,-0.066,0.000,38,E,0,,,,434071,147.38,0
975,2227.052,"Mount",-0.104,0.060,-0.101,0.065,-0.059,0.023,34,E,10,S,,,440727,130.68,0
976,2229.193,"Mount",0.052,0.062,-0.031,-0.074,-0.028,-0.026,16,E,11,N,,,441339,131.31,0
977,2231.604,"Mount",-0.096,-0.113,0.056,0.138,-0.026,0.049,15,E,21,S,,,440503,150.08,0
978,2233.776,"Mount",-0.049,-0.038,0.012,0.061,-0.029,0.024,17,E,10,S,,,432076,130.16,0
979,2236.109,"Mount",0.073,-0.065,0.092,-0.035,0.035,0.000,20,W,0,,,,465462,158.00,0
980,2238.317,"Mount",0.165,-0.028,0.101,-0.133,0.047,-0.048,27,W,21,N,,,459880,154.76,0
981,2240.652,"Mount",-0.092,-0.099,0.045,0.127,0.014,0.044,8,W,19,S,,,441488,133.42,0
982,2242.761,"Mount",-0.011,-0.029,0.021,0.023,0.026,0.000,15,W,0,,,,445122,151.68,0
983,2245.119,"Mount",-0.007,-0.040,0.032,0.024,0.044,0.000,25,W,0,,,,455341,154.29,0
984,2247.224,"Mount",-0.035,0.009,-0.024,0.027,0.050,0.000,28,W,0,,,,453020,137.19,0
985,2249.591,"Mount",0.028,-0.092,0.094,0.017,0.130,0.000,75,W,0,,,,419425,141.68,0
986,2251.821,"Mount",0.026,-0.097,0.098,0.022,0.163,0.000,93,W,0,,,,437042,142.80,0
987,2254.226,"Mount",-0.055,-0.013,-0.014,0.055,0.160,0.000,92,W,0,,,,450800,133.53,0
988,2256.395,"Mount",0.010,-0.010,0.014,-0.004,0.191,0.000,109,W,0,,,,437842,121.95,0
989,2258.915,"Mount",-0.135,-0.139,0.061,0.184,0.251,0.066,144,W,28,S,,,464313,147.12,0
990,2261.240,"Mount",-0.138,-0.049,-0.020,0.145,0.211,0.055,121,W,23,S,,,436384,129.56,0
991,2263.761,"Mount",-0.158,-0.104,0.020,0.189,0.202,0.070,115,W,30,S,,,437540,139.09,0
992,2266.055,"Mount",-0.144,-0.137,0.056,0.191,0.179,0.072,102,W,31,S,,,421580,134.95,0
993,2268.554,"Mount",0.016,-0.241,0.221,0.097,0.260,0.038,149,W,16,S,,,424903,144.12,0
994,2270.790,"Mount",0.170,-0.371,0.408,0.021,0.347,0.000,199,W,0,,,,448382,130.05,0
995,2273.364,"Mount",0.114,-0.338,0.352,0.055,0.324,0.000,185,W,0,,,,418638,130.69,0
996,2275.584,"Mount",0.134,-0.149,0.194,-0.050,0.254,0.000,145,W,0,,,,433713,149.33,0
997,2278.099,"Mount",-0.005,-0.152,0.133,0.075,0.207,0.027,118,W,11,S,,,455937,145.11,0
998,2280.253,"Mount",-0.168,0.172,-0.230,0.070,0.019,0.026,11,W,11,S,,,451559,134.49,0
999,2282.716,"Mount",-0.045,0.507,-0.470,-0.194,-0.121,-0.069,69,E,29,N,,,424278,132.40,0
1000,2284.818,"Mount",-0.102,0.167,-0.195,0.014,-0.029,0.000,17,E,0,,,,440583,129.26,0
1001,2287.163,"Mount",-0.057,0.015,-0.040,0.044,0.031,0.000,18,W,0,,,,440930,141.00,0
1002,2289.289,"Mount",-0.143,0.222,-0.263,0.024,-0.109,0.000,62,E,0,,,,427659,135.51,0
1003,2291.717,"Mount",-0.078,0.017,-0.052,0.061,0.024,0.022,14,W,9,S,,,436294,151.02,0
1004,2293.856,"Mount",-0.093,0.110,-0.141,0.032,-0.047,0.000,27,E,0,,,,429594,131.39,0
1005,2296.167,"Mount",-0.065,0.039,-0.064,0.040,-0.012,0.000,7,E,0,,,,447097,139.66,0
1006,2298.318,"Mount",-0.141,0.122,-0.173,0.069,-0.065,0.025,37,E,11,S,,,418336,125.21,0
1007,2300.581,"Mount",-0.025,-0.034,0.019,0.038,0.015,0.000,9,W,0,,,,429956,123.48,0
1008,2302.720,"Mount",0.101,0.083,-0.027,-0.128,0.004,-0.046,2,W,20,N,,,451011,132.33,0
1009,2305.160,"Mount",-0.157,0.073,-0.137,0.105,-0.058,0.036,33,E,15,S,,,422667,129.18,0
1010,2307.376,"Mount",-0.110,0.008,-0.057,0.094,-0.009,0.035,5,E,15,S,,,447156,136.64,0
1011,2309.669,"Mount",-0.052,0.049,-0.067,0.023,-0.038,0.000,22,E,0,,,,413629,132.40,0
1012,2311.869,"Mount",-0.193,0.035,-0.120,0.155,-0.060,0.056,34,E,24,S,,,442951,154.54,0
1013,2314.163,"Mount",-0.041,0.016,-0.033,0.029,0.006,0.000,4,W,0,,,,455663,146.06,0
1014,2316.236,"Mount",-0.005,-0.015,0.011,0.011,0.017,0.000,10,W,0,,,,456255,134.49,0
1015,2318.527,"Mount",0.046,0.027,-0.003,-0.053,0.027,0.000,15,W,0,,,,435799,127.94,0
1016,2320.663,"Mount",-0.073,-0.103,0.058,0.112,0.036,0.040,21,W,17,S,,,452926,141.95,0
1017,2322.970,"Mount",-0.008,-0.027,0.020,0.020,0.040,0.000,23,W,0,,,,455801,146.20,0
1018,2325.071,"Mount",0.020,0.036,-0.023,-0.034,0.035,0.000,20,W,0,,,,440807,132.26,0
1019,2327.423,"Mount",0.046,-0.077,0.090,-0.005,0.080,0.000,46,W,0,,,,434924,130.41,0
1020,2329.597,"Mount",-0.040,-0.165,0.128,0.112,0.094,0.040,54,W,17,S,,,443194,134.46,0
1021,2331.996,"Mount",0.076,-0.006,0.041,-0.065,0.033,-0.022,19,W,9,N,,,455036,139.17,0
1022,2334.088,"Mount",0.019,0.032,-0.020,-0.032,0.024,0.000,14,W,0,,,,447644,138.86,0
1023,2336.398,"Mount",0.005,-0.073,0.067,0.030,0.052,0.000,30,W,0,,,,432353,133.33,0
1024,2338.494,"Mount",-0.029,0.004,-0.017,0.024,0.013,0.000,7,W,0,,,,441978,143.96,0
1025,2340.823,"Mount",0.028,0.003,0.010,-0.026,0.008,0.000,5,W,0,,,,429959,141.18,0
1026,2342.928,"Mount",-0.062,0.088,-0.107,0.015,-0.049,0.000,28,E,0,,,,451517,143.08,0
1027,2345.315,"Mount",-0.012,-0.136,0.115,0.073,0.043,0.026,24,W,11,S,,,470744,145.37,0
1028,2347.461,"Mount",-0.037,0.124,-0.127,-0.025,-0.072,0.000,41,E,0,,,,451575,130.97,0
1029,2349.801,"Mount",-0.040,0.100,-0.107,-0.011,-0.071,0.000,41,E,0,,,,449623,124.95,0
1030,2351.940,"Mount",-0.099,0.119,-0.152,0.033,-0.092,0.000,53,E,0,,,,454945,153.69,0
1031,2354.250,"Mount",-0.028,0.096,-0.098,-0.019,-0.063,0.000,36,E,0,,,,460295,143.22,0
1032,2356.313,"Mount",0.018,0.025,-0.014,-0.028,-0.016,0.000,9,E,0,,,,448617,137.97,0
1033,2358.612,"Mount",0.011,-0.063,0.061,0.019,0.020,0.000,11,W,0,,,,457124,146.85,0
1034,2360.739,"Mount",0.048,-0.058,0.074,-0.016,0.038,0.000,22,W,0,,,,455931,136.06,0
1035,2363.096,"Mount",-0.303,-0.134,-0.021,0.330,0.016,0.119,9,W,51,S,,,439145,135.20,0
1036,2365.313,"Mount",-0.339,-0.146,-0.027,0.368,0.027,0.137,16,W,59,S,,,459227,146.08,0
1037,2367.775,"Mount",-0.018,-0.183,0.154,0.101,0.114,0.042,65,W,18,S,,,442566,142.77,0
1038,2369.995,"Mount",-0.192,-0.075,-0.022,0.205,0.053,0.076,30,W,32,S,,,414299,135.94,0
1039,2372.491,"Mount",-0.139,-0.026,-0.041,0.136,0.058,0.052,33,W,22,S,,,442239,133.24,0
1040,2374.752,"Mount",-0.145,-0.012,-0.056,0.134,0.054,0.050,31,W,22,S,,,463518,146.02,0
1041,2377.080,"Mount",0.080,-0.080,0.108,-0.034,0.093,0.000,53,W,0,,,,466363,139.84,0
1042,2379.155,"Mount",-0.024,0.043,-0.049,0.002,0.038,0.000,22,W,0,,,,454188,141.02,0
1043,2381.449,"Mount",-0.048,-0.038,0.011,0.060,0.033,0.000,19,W,0,,,,449340,146.39,0
1044,2383.557,"Mount",-0.006,-0.006,0.002,0.008,0.023,0.000,13,W,0,,,,438626,147.46,0
1045,2385.849,"Mount",0.004,-0.027,0.026,0.009,0.014,0.000,8,W,0,,,,444522,156.25,0
1046,2387.974,"Mount",0.078,-0.078,0.105,-0.034,0.048,0.000,27,W,0,,,,465770,179.72,0
1047,2390.319,"Mount",0.050,0.070,-0.038,-0.077,-0.012,-0.028,7,E,12,N,,,438067,134.02,0
1048,2392.458,"Mount",-0.074,-0.025,-0.013,0.077,-0.021,0.027,12,E,11,S,,,433294,134.31,0
1049,2394.865,"Mount",-0.143,0.136,-0.186,0.064,-0.116,0.024,67,E,10,S,,,425630,157.24,0
1050,2397.006,"Mount",-0.041,0.064,-0.076,0.006,-0.085,0.000,48,E,0,,,,465867,139.11,0
1051,2399.376,"Mount",-0.158,0.194,-0.245,0.050,-0.175,0.000,100,E,0,,,,457354,145.34,0
1052,2401.563,"Mount",-0.088,0.178,-0.198,-0.004,-0.170,0.000,97,E,0,,,,431290,137.33,0
1053,2403.980,"Mount",-0.091,0.053,-0.089,0.056,-0.137,0.000,79,E,0,,,,445191,143.58,0
1054,2406.136,"Mount",-0.004,0.018,-0.018,-0.005,-0.111,0.000,63,E,0,,,,444753,138.68,0
1055,2408.492,"Mount",0.041,0.039,-0.016,-0.054,-0.123,0.000,70,E,0,,,,420744,123.16,0
1056,2410.652,"Mount",-0.038,0.116,-0.120,-0.020,-0.169,0.000,97,E,0,,,,430580,118.19,0
1057,2413.244,"Mount",-0.672,-0.215,-0.119,0.695,-0.174,0.250,100,E,107,S,,,445420,157.38,0
1058,2415.511,"Mount",-0.192,-0.023,-0.068,0.181,-0.144,0.075,82,E,32,S,,,453022,134.39,0
1059,2417.928,"Mount",-0.081,-0.058,0.014,0.099,-0.105,0.039,60,E,16,S,,,456363,143.23,0
1060,2420.060,"Mount",0.158,-0.130,0.188,-0.080,-0.006,-0.027,4,E,12,N,,,451771,140.23,0
1061,2422.417,"Mount",0.103,-0.030,0.074,-0.078,-0.039,-0.029,22,E,12,N,,,418447,133.90,0
1062,2424.555,"Mount",0.074,-0.013,0.046,-0.060,-0.055,0.000,32,E,0,,,,436836,134.83,0
1063,2426.944,"Mount",-0.037,-0.064,0.039,0.062,-0.040,0.022,23,E,10,S,,,448146,145.13,0
1064,2429.160,"Mount",0.012,-0.278,0.252,0.118,0.080,0.043,46,W,18,S,,,442422,142.87,0
1065,2431.507,"Mount",0.027,0.005,0.008,-0.026,-0.040,0.000,23,E,0,,,,439585,135.48,0
1066,2433.722,"Mount",0.178,0.112,-0.017,-0.209,-0.037,-0.075,21,E,32,N,,,436018,136.31,0
1067,2436.134,"Mount",-0.099,-0.239,0.167,0.198,0.021,0.068,12,W,29,S,,,448122,152.59,0
1068,2438.332,"Mount",0.067,0.017,0.016,-0.067,-0.067,-0.022,39,E,9,N,,,469287,143.97,0
1069,2440.747,"Mount",-0.139,-0.004,-0.060,0.125,-0.111,0.044,63,E,19,S,,,423231,128.83,0
1070,2442.964,"Mount",0.244,0.087,0.035,-0.256,-0.098,-0.091,56,E,39,N,,,453438,143.99,0
1071,2445.582,"Mount",-0.401,-0.231,0.020,0.462,-0.108,0.163,62,E,70,S,,,441137,154.58,0
1072,2447.710,"Mount",0.054,0.017,0.010,-0.056,-0.114,0.000,65,E,0,,,,461802,168.04,0
1073,2450.008,"Mount",0.071,-0.084,0.108,-0.024,-0.068,0.000,39,E,0,,,,434132,142.83,0
1074,2452.140,"Mount",0.004,0.008,-0.005,-0.008,-0.118,0.000,68,E,0,,,,441163,155.30,0
1075,2454.540,"Mount",-0.087,0.057,-0.091,0.051,-0.188,0.000,107,E,0,,,,461801,163.08,0
1076,2456.697,"Mount",-0.014,0.041,-0.042,-0.006,-0.166,0.000,95,E,0,,,,460585,138.13,0
1077,2459.097,"Mount",0.065,-0.062,0.085,-0.029,-0.163,0.000,93,E,0,,,,442166,142.03,0
1078,2461.421,"Mount",0.096,0.160,-0.098,-0.159,-0.265,-0.057,152,E,25,N,,,420973,123.61,0
1079,2463.883,"Mount",0.016,0.041,-0.029,-0.033,-0.249,0.000,142,E,0,,,,438999,144.70,0
1080,2466.131,"Mount",-0.032,0.061,-0.069,0.000,-0.272,0.000,155,E,0,,,,447451,147.80,0
1081,2468.784,"Mount",-0.420,0.182,-0.356,0.289,-0.408,0.104,234,E,44,S,,,446884,149.17,0
1082,2471.112,"Mount",-0.175,0.158,-0.220,0.082,-0.337,0.034,193,E,14,S,,,453091,144.46,0
1083,2473.614,"Mount",0.108,0.018,0.034,-0.104,-0.231,-0.036,132,E,15,N,,,444789,124.38,0
1084,2475.864,"Mount",-0.073,0.040,-0.070,0.046,-0.231,0.000,132,E,0,,,,454033,147.53,0
1085,2478.274,"Mount",0.054,-0.041,0.061,-0.029,-0.170,0.000,97,E,0,,,,437829,149.56,0
1086,2480.424,"Mount",0.086,-0.059,0.092,-0.049,-0.137,0.000,79,E,0,,,,433597,138.25,0
1087,2482.735,"Mount",0.085,-0.196,0.214,0.015,-0.046,0.000,26,E,0,,,,441389,130.17,0
1088,2484.902,"Mount",-0.010,-0.026,0.019,0.021,-0.127,0.000,73,E,0,,,,418698,128.27,0
1089,2487.293,"Mount",-0.017,0.021,-0.026,0.005,-0.101,0.000,58,E,0,,,,448626,156.77,0
1090,2489.441,"Mount",0.135,-0.044,0.101,-0.100,-0.035,-0.036,20,E,15,N,,,435069,125.74,0
1091,2491.929,"Mount",0.080,0.035,0.006,-0.087,-0.088,-0.033,50,E,14,N,,,440300,131.18,0
1092,2494.050,"Mount",0.056,-0.087,0.103,-0.009,-0.028,0.000,16,E,0,,,,461744,142.12,0
1093,2496.417,"Mount",-0.045,-0.118,0.084,0.094,-0.040,0.034,23,E,14,S,,,444665,151.90,0
1094,2498.524,"Mount",0.117,-0.176,0.210,-0.022,0.024,0.000,14,W,0,,,,437398,139.23,0
1095,2500.922,"Mount",-0.068,-0.047,0.011,0.082,-0.068,0.029,39,E,13,S,,,462563,142.15,0
1096,2502.995,"Mount",0.043,-0.149,0.151,0.031,0.005,0.000,3,W,0,,,,425716,137.58,0
1097,2505.349,"Mount",0.089,-0.253,0.265,0.038,0.054,0.000,31,W,0,,,,428109,132.75,0
1098,2507.578,"Mount",0.086,-0.336,0.338,0.078,0.099,0.028,57,W,12,S,,,466598,162.34,0
1099,2510.007,"Mount",-0.106,-0.133,0.069,0.155,-0.032,0.057,19,E,24,S,,,439240,143.66,0
1100,2512.117,"Mount",0.042,-0.028,0.044,-0.024,-0.048,0.000,27,E,0,,,,450272,155.02,0
1101,2514.562,"Mount",0.218,-0.091,0.181,-0.151,0.037,-0.054,21,W,23,N,,,452039,145.60,0
1102,2516.683,"Mount",0.112,-0.013,0.064,-0.093,-0.018,-0.036,10,E,15,N,,,448735,158.68,0
1103,2519.064,"Mount",-0.022,-0.136,0.111,0.082,0.011,0.028,6,W,12,S,,,425954,132.63,0
1104,2521.274,"Mount",-0.162,-0.217,0.118,0.244,0.023,0.089,13,W,38,S,,,426452,135.13,0
1105,2523.645,"Mount",0.178,-0.126,0.194,-0.100,0.068,-0.032,39,W,14,N,,,418817,132.23,0
1106,2525.753,"Mount",0.101,-0.119,0.152,-0.034,0.061,0.000,35,W,0,,,,458241,138.53,0
1107,2528.157,"Mount",0.124,0.072,-0.007,-0.143,0.007,-0.052,4,W,22,N,,,437869,134.66,0
1108,2530.314,"Mount",-0.075,-0.096,0.050,0.111,0.017,0.038,9,W,16,S,,,440333,130.04,0
1109,2532.759,"Mount",-0.065,-0.155,0.108,0.129,0.089,0.048,51,W,21,S,,,437151,135.29,0
1110,2535.007,"Mount",-0.045,-0.032,0.008,0.055,0.059,0.000,34,W,0,,,,437620,125.62,0
1111,2537.366,"Mount",0.035,-0.122,0.124,0.025,0.141,0.000,80,W,0,,,,438922,131.44,0
1112,2539.487,"Mount",-0.025,-0.017,0.004,0.030,0.102,0.000,59,W,0,,,,463766,156.42,0
1113,2541.873,"Mount",0.098,-0.066,0.104,-0.057,0.167,0.000,96,W,0,,,,479216,153.43,0
1114,2544.133,"Mount",0.165,-0.060,0.129,-0.119,0.186,-0.043,106,W,18,N,,,439042,143.15,0
1115,2546.677,"Mount",-0.131,-0.191,0.109,0.205,0.187,0.072,107,W,31,S,,,451089,159.06,0
1116,2548.935,"Mount",0.139,-0.170,0.215,-0.044,0.236,0.000,135,W,0,,,,450187,142.91,0
1117,2551.388,"Mount",0.103,-0.096,0.132,-0.048,0.210,0.000,120,W,0,,,,444013,152.74,0
1118,2553.731,"Mount",0.137,-0.102,0.154,-0.074,0.208,-0.027,119,W,11,N,,,410899,125.10,0
1119,2556.056,"Mount",-0.073,0.094,-0.117,0.022,0.093,0.000,53,W,0,,,,432535,130.50,0
1120,2558.161,"Mount",-0.064,0.116,-0.133,0.003,0.068,0.000,39,W,0,,,,432915,126.91,0
1121,2560.517,"Mount",-0.056,0.069,-0.087,0.018,0.077,0.000,44,W,0,,,,438482,154.22,0
1122,2562.657,"Mount",-0.029,-0.069,0.048,0.057,0.096,0.000,55,W,0,,,,448379,139.31,0
1123,2565.070,"Mount",-0.150,-0.044,-0.029,0.153,0.078,0.055,44,W,24,S,,,446773,148.98,0
1124,2567.239,"Mount",-0.062,-0.032,-0.000,0.070,0.052,0.027,30,W,12,S,,,457288,132.64,0
1125,2569.578,"Mount",-0.020,0.065,-0.067,-0.012,0.004,0.000,2,W,0,,,,444226,141.79,0
1126,2571.776,"Mount",0.048,0.152,-0.113,-0.113,-0.030,-0.041,17,E,17,N,,,445480,130.50,0
1127,2574.196,"Mount",0.184,-0.000,0.085,-0.163,0.048,-0.060,28,W,26,N,,,415671,133.99,0
1128,2576.283,"Mount",0.017,0.002,0.006,-0.016,0.006,0.000,4,W,0,,,,469340,141.20,0
1129,2578.630,"Mount",-0.181,0.227,-0.285,0.056,-0.125,0.000,72,E,0,,,,426075,134.14,0
1130,2580.825,"Mount",-0.160,0.073,-0.139,0.108,-0.061,0.039,35,E,17,S,,,433311,140.81,0
1131,2583.132,"Mount",0.016,0.054,-0.041,-0.039,-0.002,0.000,1,E,0,,,,440611,142.01,0
1132,2585.286,"Mount",-0.082,0.093,-0.120,0.030,-0.057,0.000,32,E,0,,,,445326,133.26,0
1133,2587.690,"Mount",-0.133,-0.103,0.030,0.165,-0.011,0.059,6,E,25,S,,,452960,144.26,0
1134,2589.808,"Mount",-0.015,-0.010,0.002,0.018,-0.005,0.000,3,E,0,,,,422650,131.83,0
1135,2592.185,"Mount",0.089,0.091,-0.040,-0.121,0.015,-0.043,9,W,19,N,,,431645,131.03,0
1136,2594.356,"Mount",0.000,-0.133,0.118,0.061,0.088,0.020,50,W,9,S,,,417548,139.62,0
1137,2596.710,"Mount",-0.006,-0.092,0.079,0.048,0.108,0.000,62,W,0,,,,425932,130.70,0
1138,2598.924,"Mount",0.003,-0.099,0.089,0.043,0.147,0.000,84,W,0,,,,425687,120.34,0
1139,2601.439,"Mount",-0.010,-0.147,0.126,0.077,0.225,0.028,129,W,12,S,,,448814,138.97,0
1140,2603.686,"Mount",0.039,-0.148,0.150,0.034,0.273,0.000,156,W,0,,,,435391,145.26,0
1141,2606.138,"Mount",-0.065,0.054,-0.078,0.033,0.206,0.000,118,W,0,,,,433708,133.00,0
1142,2608.336,"Mount",0.008,0.011,-0.006,-0.012,0.233,0.000,133,W,0,,,,446605,134.84,0
1143,2610.832,"Mount",-0.024,-0.116,0.092,0.075,0.265,0.027,152,W,12,S,,,453370,156.04,0
1144,2613.022,"Mount",-0.043,0.032,-0.048,0.023,0.186,0.000,106,W,0,,,,432132,122.80,0
1145,2615.441,"Mount",-0.001,-0.017,0.014,0.008,0.166,0.000,95,W,0,,,,427382,125.72,0
1146,2617.662,"Mount",0.109,-0.164,0.196,-0.021,0.218,0.000,125,W,0,,,,439596,132.26,0
1147,2620.272,"Mount",0.079,-0.474,0.457,0.149,0.343,0.054,196,W,23,S,,,419772,132.95,0
1148,2622.547,"Mount",0.047,-0.284,0.274,0.089,0.258,0.034,148,W,15,S,,,466415,164.27,0
1149,2624.972,"Mount",0.008,-0.105,0.097,0.042,0.170,0.000,97,W,0,,,,431284,124.76,0
1150,2627.202,"Mount",-0.155,0.021,-0.090,0.128,0.088,0.046,50,W,20,S,,,446102,130.09,0
1151,2629.572,"Mount",-0.156,0.077,-0.141,0.103,0.052,0.039,30,W,17,S,,,425618,129.75,0
1152,2631.773,"Mount",-0.143,0.068,-0.126,0.095,0.035,0.036,20,W,15,S,,,449272,154.34,0
1153,2634.113,"Mount",-0.106,0.166,-0.196,0.017,-0.002,0.000,1,E,0,,,,459965,138.83,0
1154,2636.197,"Mount",-0.101,0.087,-0.124,0.049,0.006,0.000,3,W,0,,,,443443,138.97,0
1155,2638.534,"Mount",-0.127,0.172,-0.211,0.033,-0.051,0.000,29,E,0,,,,422571,128.91,0
1156,2640.622,"Mount",-0.046,0.111,-0.120,-0.010,-0.026,0.000,15,E,0,,,,434961,135.32,0
1157,2643.072,"Mount",-0.168,0.187,-0.244,0.062,-0.099,0.022,56,E,10,S,,,425648,144.98,0
1158,2645.214,"Mount",-0.095,0.077,-0.112,0.048,-0.053,0.000,30,E,0,,,,446025,138.74,0
1159,2647.677,"Mount",-0.018,-0.111,0.090,0.068,0.027,0.024,15,W,10,S,,,472483,133.16,0
1160,2649.816,"Mount",-0.028,0.023,-0.034,0.014,-0.022,0.000,13,E,0,,,,449455,158.59,0
1161,2652.126,"Mount",-0.060,0.058,-0.079,0.027,-0.052,0.000,30,E,0,,,,448547,127.48,0
1162,2654.200,"Mount",0.005,-0.081,0.074,0.033,0.014,0.000,8,W,0,,,,457003,142.48,0
1163,2656.526,"Mount",-0.021,0.112,-0.109,-0.033,-0.062,0.000,36,E,0,,,,451763,138.11,0
1164,2658.681,"Mount",-0.056,-0.061,0.028,0.078,-0.005,0.028,3,E,12,S,,,431678,140.74,0
1165,2661.052,"Mount",-0.010,-0.137,0.117,0.072,0.061,0.027,35,W,12,S,,,428048,133.36,0
1166,2663.142,"Mount",0.018,0.021,-0.010,-0.026,0.025,0.000,14,W,0,,,,426705,131.68,0
1167,2665.512,"Mount",-0.058,-0.077,0.042,0.087,0.035,0.031,20,W,13,S,,,449147,135.82,0
1168,2667.661,"Mount",-0.038,-0.082,0.056,0.072,0.043,0.027,24,W,12,S,,,431479,139.98,0
1169,2670.077,"Mount",0.056,-0.079,0.096,-0.013,0.086,0.000,49,W,0,,,,441611,125.31,0
1170,2672.289,"Mount",0.115,-0.051,0.099,-0.079,0.085,-0.028,49,W,12,N,,,454052,139.23,0
1171,2674.680,"Mount",-0.103,-0.105,0.045,0.140,0.046,0.049,26,W,21,S,,,453879,167.41,0
1172,2676.912,"Mount",-0.061,-0.112,0.072,0.106,0.079,0.040,45,W,17,S,,,447642,141.06,0
1173,2679.233,"Mount",-0.040,-0.046,0.022,0.057,0.044,0.000,25,W,0,,,,451330,127.88,0
1174,2681.432,"Mount",-0.094,-0.044,-0.005,0.104,0.033,0.037,19,W,16,S,,,426905,128.98,0
1175,2683.772,"Mount",-0.016,-0.070,0.055,0.046,0.023,0.000,13,W,0,,,,440640,157.06,0
1176,2685.892,"Mount",-0.037,-0.054,0.031,0.058,0.013,0.000,7,W,0,,,,445311,139.59,0
1177,2688.201,"Mount",0.047,0.002,0.020,-0.042,0.004,0.000,2,W,0,,,,442729,134.80,0
1178,2690.271,"Mount",-0.039,0.001,-0.018,0.034,-0.005,0.000,3,E,0,,,,471130,162.84,0
1179,2692.567,"Mount",-0.022,-0.010,-0.001,0.024,-0.012,0.000,7,E,0,,,,448959,151.74,0
1180,2694.608,"Mount",0.026,0.021,-0.006,-0.033,-0.016,0.000,9,E,0,,,,434270,142.04,0
1181,2696.958,"Mount",-0.015,0.078,-0.076,-0.022,-0.055,0.000,31,E,0,,,,439928,143.92,0
1182,2699.190,"Mount",-0.370,-0.113,-0.071,0.381,-0.055,0.137,31,E,59,S,,,420346,126.92,0
1183,2701.688,"Mount",-0.178,-0.159,0.059,0.231,-0.021,0.089,12,E,38,S,,,444389,129.62,0
1184,2703.899,"Mount",-0.195,-0.048,-0.047,0.195,-0.012,0.074,7,E,32,S,,,453596,138.64,0
1185,2706.138,"Mount",-0.050,0.006,-0.028,0.042,0.000,0.000,0,,0,,,,430653,129.07,0
1186,2708.327,"Mount",-0.022,-0.117,0.094,0.073,0.051,0.026,29,W,11,S,,,436142,130.75,0
1187,2710.602,"Mount",0.007,0.002,0.001,-0.008,0.020,0.000,11,W,0,,,,445841,171.38,0
1188,2712.690,"Mount",0.019,0.023,-0.012,-0.027,0.027,0.000,15,W,0,,,,442920,165.30,0
1189,2715.052,"Mount",-0.067,-0.081,0.041,0.097,0.037,0.035,21,W,15,S,,,449902,147.99,0
1190,2717.142,"Mount",0.011,-0.033,0.034,0.005,0.050,0.000,29,W,0,,,,442999,135.41,0
1191,2719.512,"Mount",-0.054,-0.135,0.095,0.110,0.097,0.040,56,W,17,S,,,422496,127.26,0
1192,2721.693,"Mount",-0.036,-0.101,0.073,0.078,0.087,0.030,50,W,13,S,,,450794,144.55,0
1193,2724.131,"Mount",-0.021,-0.108,0.086,0.069,0.092,0.026,52,W,11,S,,,446176,149.48,0
1194,2726.331,"Mount",-0.091,-0.111,0.056,0.132,0.051,0.049,29,W,21,S,,,408261,126.52,0
1195,2728.702,"Mount",-0.106,0.005,-0.053,0.092,0.045,0.035,26,W,15,S,,,428405,139.03,0
1196,2730.792,"Mount",0.045,-0.063,0.077,-0.011,0.070,0.000,40,W,0,,,,441385,141.79,0
1197,2733.158,"Mount",0.027,-0.057,0.063,0.003,0.052,0.000,30,W,0,,,,424840,135.36,0
1198,2735.339,"Mount",-0.144,-0.022,-0.046,0.138,0.008,0.050,5,W,21,S,,,443046,140.08,0
1199,2737.726,"Mount",-0.059,-0.091,0.053,0.095,-0.010,0.036,6,E,15,S,,,446794,149.62,0
1200,2739.922,"Mount",-0.090,0.174,-0.196,-0.000,-0.114,0.000,65,E,0,,,,430990,138.36,0
1201,2742.414,"Mount",0.026,0.160,-0.130,-0.097,-0.106,-0.035,60,E,15,N,,,442691,138.64,0
1202,2744.540,"Mount",-0.014,-0.013,0.005,0.018,-0.065,0.000,37,E,0,,,,438236,143.82,0
1203,2746.977,"Mount",-0.136,0.194,-0.235,0.031,-0.189,0.000,108,E,0,,,,448278,147.17,0
1204,2749.181,"Mount",-0.090,0.220,-0.237,-0.021,-0.200,0.000,114,E,0,,,,440024,148.59,0
1205,2751.581,"Mount",-0.022,0.140,-0.134,-0.045,-0.159,0.000,91,E,0,,,,439784,128.48,0
1206,2753.793,"Mount",-0.083,0.113,-0.139,0.021,-0.162,0.000,93,E,0,,,,454970,140.88,0
1207,2756.205,"Mount",-0.056,0.071,-0.089,0.017,-0.151,0.000,86,E,0,,,,433662,153.36,0
1208,2758.346,"Mount",-0.072,0.044,-0.072,0.043,-0.140,0.000,80,E,0,,,,441783,123.02,0
1209,2760.752,"Mount",-0.152,-0.220,0.125,0.236,-0.053,0.085,30,E,36,S,,,427119,123.99,0
1210,2762.985,"Mount",-0.443,-0.299,0.061,0.531,-0.079,0.194,45,E,83,S,,,454179,147.23,0
1211,2765.462,"Mount",-0.137,0.011,-0.073,0.116,-0.133,0.050,76,E,21,S,,,447279,138.81,0
1212,2767.570,"Mount",0.022,-0.123,0.120,0.038,-0.016,0.000,9,E,0,,,,434878,142.18,0
1213,2769.989,"Mount",-0.088,-0.061,0.014,0.106,-0.061,0.038,35,E,16,S,,,436271,120.27,0
1214,2772.127,"Mount",0.008,-0.063,0.060,0.022,-0.050,0.000,28,E,0,,,,466267,147.27,0
1215,2774.469,"Mount",0.064,-0.002,0.031,-0.056,-0.046,0.000,26,E,0,,,,446587,152.42,0
1216,2776.620,"Mount",0.026,0.040,-0.023,-0.042,-0.045,0.000,26,E,0,,,,460829,132.62,0
1217,2778.937,"Mount",0.050,0.020,0.005,-0.053,-0.050,0.000,29,E,0,,,,417837,129.03,0
1218,2781.151,"Mount",0.119,0.051,0.010,-0.129,-0.058,-0.047,33,E,20,N,,,419696,133.49,0
1219,2783.505,"Mount",-0.032,-0.010,-0.006,0.033,-0.064,0.000,37,E,0,,,,446277,132.83,0
1220,2785.691,"Mount",-0.217,-0.107,-0.005,0.242,-0.064,0.087,36,E,37,S,,,423897,136.21,0
1221,2788.015,"Mount",-0.011,-0.045,0.035,0.031,-0.080,0.000,46,E,0,,,,464324,143.43,0
1222,2790.198,"Mount",-0.055,-0.149,0.107,0.118,-0.038,0.043,22,E,18,S,,,437878,146.31,0
1223,2792.543,"Mount",0.114,-0.212,0.241,-0.004,0.019,0.000,11,W,0,,,,407493,134.77,0
1224,2794.712,"Mount",-0.072,-0.066,0.025,0.095,-0.086,0.034,49,E,15,S,,,464745,135.05,0
1225,2797.167,"Mount",-0.051,-0.058,0.028,0.072,-0.096,0.027,55,E,12,S,,,467924,139.91,0
1226,2799.257,"Mount",0.042,-0.044,0.059,-0.017,-0.099,0.000,57,E,0,,,,440643,151.83,0
1227,2801.661,"Mount",0.015,0.036,-0.025,-0.030,-0.132,0.000,76,E,0,,,,444193,153.46,0
1228,2803.878,"Mount",0.020,-0.043,0.047,0.002,-0.167,0.000,96,E,0,,,,450204,138.70,0
1229,2806.325,"Mount",0.017,0.054,-0.040,-0.040,-0.214,0.000,122,E,0,,,,443416,141.94,0
1230,2808.586,"Mount",-0.014,0.089,-0.085,-0.028,-0.273,0.000,156,E,0,,,,421821,130.22,0
1231,2811.034,"Mount",0.001,-0.055,0.049,0.025,-0.259,0.000,148,E,0,,,,440468,139.54,0
1232,2813.252,"Mount",0.010,-0.002,0.006,-0.008,-0.252,0.000,144,E,0,,,,422883,147.43,0
1233,2815.791,"Mount",-0.138,-0.085,0.012,0.162,-0.253,0.058,145,E,25,S,,,450016,169.34,0
1234,2818.174,"Mount",-0.413,-0.098,-0.103,0.412,-0.277,0.151,158,E,64,S,,,440213,128.00,0
1235,2820.610,"Mount",0.025,-0.031,0.039,-0.008,-0.214,0.000,122,E,0,,,,449747,178.54,0
1236,2822.868,"Mount",-0.089,-0.046,0.000,0.100,-0.169,0.036,97,E,15,S,,,429186,129.95,0
1237,2825.333,"Mount",-0.084,-0.072,0.025,0.107,-0.159,0.040,91,E,17,S,,,446124,139.51,0
1238,2827.489,"Mount",-0.024,-0.081,0.061,0.059,-0.114,0.000,65,E,0,,,,432873,128.47,0
1239,2829.895,"Mount",-0.016,-0.121,0.100,0.070,-0.089,0.025,51,E,11,S,,,441490,134.56,0
1240,2832.002,"Mount",0.066,-0.062,0.086,-0.030,-0.095,0.000,54,E,0,,,,401721,116.08,0
1241,2834.480,"Mount",0.181,0.072,0.019,-0.194,-0.131,-0.070,75,E,30,N,,,449232,142.42,0
1242,2836.694,"Mount",-0.068,-0.032,-0.003,0.075,-0.125,0.024,71,E,10,S,,,442609,135.21,0
1243,2839.127,"Mount",-0.010,-0.046,0.036,0.030,-0.119,0.000,68,E,0,,,,440235,138.62,0
1244,2841.221,"Mount",0.054,-0.170,0.176,0.031,-0.024,0.000,14,E,0,,,,445184,165.06,0
1245,2843.641,"Mount",-0.057,-0.276,0.219,0.178,0.007,0.064,4,W,27,S,,,418140,127.75,0
1246,2845.868,"Mount",-0.118,-0.087,0.022,0.145,-0.069,0.055,40,E,23,S,,,441560,141.87,0
1247,2848.277,"Mount",0.106,0.040,0.013,-0.113,-0.060,-0.039,34,E,16,N,,,436688,168.65,0
1248,2850.411,"Mount",0.125,-0.004,0.061,-0.110,-0.018,-0.041,10,E,18,N,,,448953,147.26,0
1249,2852.786,"Mount",0.020,-0.095,0.093,0.026,0.009,0.000,5,W,0,,,,423906,128.83,0
1250,2855.093,"Mount",0.243,-0.055,0.161,-0.190,0.044,-0.068,25,W,29,N,,,413666,134.37,0
1251,2857.481,"Mount",-0.116,0.087,-0.131,0.063,-0.098,0.020,56,E,9,S,,,456203,140.78,0
1252,2859.614,"Mount",-0.176,-0.059,-0.028,0.183,-0.044,0.067,25,E,29,S,,,429646,154.53,0
1253,2862.016,"Mount",-0.074,-0.087,0.043,0.105,-0.053,0.041,30,E,17,S,,,430384,126.80,0
1254,2864.117,"Mount",-0.020,-0.070,0.053,0.050,-0.051,0.000,29,E,0,,,,450477,155.45,0
1255,2866.548,"Mount",-0.131,-0.084,0.014,0.155,-0.043,0.056,25,E,24,S,,,439839,137.24,0
1256,2868.622,"Mount",0.093,-0.051,0.088,-0.059,0.006,0.000,4,W,0,,,,424226,132.20,0
1257,2870.991,"Mount",0.111,-0.033,0.081,-0.083,0.011,-0.030,6,W,13,N,,,430012,123.56,0
1258,2873.082,"Mount",0.001,-0.000,0.001,-0.001,-0.014,0.000,8,E,0,,,,454606,154.53,0
1259,2875.390,"Mount",-0.067,0.012,-0.041,0.054,-0.003,0.000,2,E,0,,,,406392,134.76,0
1260,2877.606,"Mount",-0.139,-0.086,0.013,0.163,0.013,0.059,7,W,25,S,,,445698,137.34,0
1261,2879.980,"Mount",0.101,-0.103,0.138,-0.042,0.091,0.000,52,W,0,,,,457713,148.59,0
1262,2882.169,"Mount",-0.064,-0.028,-0.005,0.070,0.048,0.025,28,W,11,S,,,445632,156.00,0
1263,2884.542,"Mount",0.043,-0.030,0.046,-0.024,0.080,0.000,46,W,0,,,,430612,128.80,0
1264,2886.675,"Mount",-0.011,-0.067,0.054,0.041,0.105,0.000,60,W,0,,,,403866,133.86,0
1265,2889.177,"Mount",-0.044,-0.168,0.129,0.117,0.187,0.042,107,W,18,S,,,434318,138.78,0
1266,2891.409,"Mount",0.119,-0.161,0.198,-0.032,0.229,0.000,131,W,0,,,,438357,151.83,0
1267,2893.767,"Mount",-0.020,-0.073,0.056,0.052,0.150,0.000,86,W,0,,,,429437,133.34,0
1268,2896.024,"Mount",0.123,-0.058,0.109,-0.082,0.195,-0.030,112,W,13,N,,,434447,143.74,0
1269,2898.429,"Mount",0.008,-0.033,0.033,0.008,0.155,0.000,89,W,0,,,,447447,153.34,0
1270,2900.680,"Mount",-0.109,-0.033,-0.021,0.111,0.139,0.040,79,W,17,S,,,451220,132.71,0
1271,2903.067,"Mount",-0.003,0.057,-0.052,-0.023,0.137,0.000,78,W,0,,,,436791,146.66,0
1272,2905.284,"Mount",0.081,0.062,-0.018,-0.101,0.114,-0.036,65,W,16,N,,,438985,145.92,0
1273,2907.625,"Mount",-0.035,0.066,-0.075,0.000,0.061,0.000,35,W,0,,,,416633,137.83,0
1274,2909.803,"Mount",-0.111,0.014,-0.063,0.092,0.051,0.033,29,W,14,S,,,419679,124.94,0
1275,2912.248,"Mount",-0.081,-0.101,0.052,0.119,0.067,0.044,39,W,19,S,,,462119,135.67,0
1276,2914.337,"Mount",-0.038,0.002,-0.019,0.033,0.059,0.000,34,W,0,,,,430115,143.17,0
1277,2916.658,"Mount",-0.166,0.231,-0.282,0.040,-0.070,0.000,40,E,0,,,,453781,129.70,0
1278,2918.769,"Mount",-0.109,0.162,-0.194,0.022,-0.047,0.000,27,E,0,,,,436868,129.28,0
1279,2921.190,"Mount",-0.097,0.216,-0.236,-0.013,-0.083,0.000,47,E,0,,,,441491,133.43,0
1280,2923.502,"Mount",0.017,0.306,-0.264,-0.156,-0.106,-0.056,61,E,24,N,,,453514,134.79,0
1281,2925.964,"Mount",0.041,0.274,-0.225,-0.163,-0.102,-0.061,58,E,26,N,,,455065,140.99,0
1282,2928.145,"Mount",0.081,-0.013,0.049,-0.066,-0.017,-0.026,10,E,11,N,,,431674,147.86,0
1283,2930.546,"Mount",-0.065,-0.152,0.105,0.128,0.021,0.045,12,W,19,S,,,406894,124.08,0
1284,2932.695,"Mount",-0.046,-0.160,0.120,0.114,0.033,0.043,19,W,18,S,,,435197,142.31,0
1285,2935.081,"Mount",-0.037,-0.060,0.036,0.060,-0.011,0.023,6,E,10,S,,,444056,142.12,0
1286,2937.273,"Mount",-0.176,-0.042,-0.044,0.176,0.009,0.064,5,W,27,S,,,440999,141.76,0
1287,2939.721,"Mount",0.170,-0.131,0.194,-0.090,0.119,-0.030,68,W,13,N,,,437258,138.87,0
1288,2941.846,"Mount",-0.001,0.015,-0.014,-0.006,0.054,0.000,31,W,0,,,,439246,123.45,0
1289,2944.236,"Mount",-0.142,0.009,-0.074,0.121,0.049,0.044,28,W,19,S,,,457772,139.48,0
1290,2946.465,"Mount",-0.106,-0.194,0.124,0.183,0.163,0.068,94,W,29,S,,,430883,125.33,0
1291,2948.950,"Mount",-0.204,-0.143,0.033,0.247,0.150,0.092,86,W,39,S,,,442327,134.44,0
1292,2951.148,"Mount",-0.038,0.005,-0.022,0.032,0.182,0.000,104,W,0,,,,429647,152.69,0
1293,2953.641,"Mount",-0.182,-0.004,-0.080,0.163,0.180,0.059,103,W,25,S,,,436834,130.48,0
1294,2955.889,"Mount",0.066,-0.069,0.092,-0.027,0.257,0.000,147,W,0,,,,450356,140.33,0
1295,2958.372,"Mount",0.103,-0.079,0.118,-0.055,0.268,0.000,153,W,0,,,,470646,151.38,0
1296,2960.610,"Mount",0.066,-0.076,0.098,-0.023,0.220,0.000,126,W,0,,,,427297,143.39,0
1297,2963.186,"Mount",0.161,-0.053,0.122,-0.118,0.217,-0.043,124,W,18,N,,,442071,146.12,0
1298,2965.433,"Mount",-0.042,-0.087,0.058,0.078,0.155,0.026,89,W,11,S,,,439405,138.38,0
1299,2967.803,"Mount",0.004,-0.069,0.063,0.029,0.182,0.000,104,W,0,,,,455596,143.77,0
1300,2970.068,"Mount",-0.142,-0.194,0.107,0.216,0.199,0.078,114,W,33,S,,,465558,142.33,0
1301,2972.583,"Mount",-0.118,-0.225,0.146,0.208,0.205,0.078,117,W,33,S,,,432472,127.41,0
1302,2974.706,"Mount",0.021,-0.008,0.017,-0.015,0.126,0.000,72,W,0,,,,404545,129.10,0
1303,2977.151,"Mount",-0.353,-0.014,-0.150,0.320,0.048,0.115,28,W,49,S,,,430473,130.11,0
1304,2979.324,"Mount",-0.139,-0.084,0.011,0.162,0.096,0.063,55,W,27,S,,,424831,126.14,0
1305,2981.750,"Mount",-0.095,0.000,-0.044,0.084,0.080,0.033,46,W,14,S,,,453344,135.58,0
1306,2983.919,"Mount",-0.129,0.091,-0.140,0.072,-0.006,0.027,4,E,12,S,,,421286,134.84,0
1307,2986.376,"Mount",-0.102,-0.033,-0.017,0.105,0.045,0.039,26,W,17,S,,,441204,132.76,0
1308,2988.682,"Mount",0.047,0.174,-0.133,-0.122,-0.036,-0.042,21,E,18,N,,,416652,120.93,0
1309,2991.026,"Mount",-0.086,0.245,-0.257,-0.037,-0.109,0.000,63,E,0,,,,458492,159.61,0
1310,2993.118,"Mount",0.131,0.128,-0.053,-0.176,-0.000,-0.063,0,,27,N,,,465424,149.23,0
1311,2995.510,"Mount",-0.157,-0.007,-0.066,0.142,-0.037,0.049,21,E,21,S,,,460901,138.91,0
1312,2997.637,"Mount",-0.061,0.211,-0.215,-0.043,-0.118,0.000,68,E,0,,,,440972,131.83,0
1313,3000.068,"Mount",-0.267,-0.201,0.055,0.330,-0.018,0.119,10,E,51,S,,,439408,134.91,0
1314,3002.266,"Mount",-0.253,-0.108,-0.021,0.274,-0.020,0.103,11,E,44,S,,,447123,125.25,0
1315,3004.594,"Mount",0.056,-0.138,0.148,0.014,0.049,0.000,28,W,0,,,,417758,127.37,0
1316,3006.730,"Mount",0.145,0.036,0.035,-0.145,-0.003,-0.052,2,E,22,N,,,448937,138.04,0
1317,3009.136,"Mount",-0.156,-0.194,0.100,0.228,0.054,0.080,31,W,34,S,,,437198,137.62,0
1318,3011.356,"Mount",-0.077,-0.163,0.109,0.144,0.074,0.055,42,W,24,S,,,410616,120.62,0
1319,3013.726,"Mount",0.048,-0.117,0.126,0.012,0.095,0.000,55,W,0,,,,455185,149.35,0
1320,3015.879,"Mount",0.199,0.107,-0.004,-0.226,0.046,-0.081,26,W,35,N,,,439871,141.52,0
1321,3018.206,"Mount",-0.034,0.061,-0.069,0.002,0.016,0.000,9,W,0,,,,456768,145.61,0
1322,3020.285,"Mount",-0.078,0.035,-0.067,0.053,0.013,0.000,7,W,0,,,,436614,129.16,0
1323,3022.593,"Mount",-0.097,0.159,-0.186,0.013,-0.041,0.000,23,E,0,,,,422594,129.45,0
1324,3024.692,"Mount",-0.098,0.156,-0.183,0.015,-0.039,0.000,22,E,0,,,,438101,137.24,0
1325,3027.111,"Mount",0.076,0.039,0.000,-0.085,0.033,-0.031,19,W,13,N,,,439916,129.29,0
1326,3029.229,"Mount",-0.139,0.167,-0.212,0.047,-0.072,0.000,41,E,0,,,,445930,147.20,0
1327,3031.599,"Mount",0.030,-0.118,0.119,0.028,0.069,0.000,39,W,0,,,,455560,149.50,0
1328,3033.753,"Mount",-0.032,-0.088,0.063,0.069,0.032,0.025,19,W,11,S,,,415457,123.63,0
1329,3036.167,"Mount",-0.154,-0.080,-0.000,0.174,-0.003,0.064,2,E,27,S,,,447448,150.51,0
1330,3038.306,"Mount",-0.083,0.036,-0.070,0.057,-0.043,0.000,25,E,0,,,,415997,122.06,0
1331,3040.628,"Mount",-0.012,0.087,-0.083,-0.029,-0.058,0.000,33,E,0,,,,442597,132.08,0
1332,3042.754,"Mount",-0.020,0.089,-0.088,-0.023,-0.057,0.000,33,E,0,,,,449236,143.07,0
1333,3045.183,"Mount",0.176,0.281,-0.168,-0.286,-0.095,-0.103,54,E,44,N,,,457394,156.83,0
1334,3047.413,"Mount",-0.618,-0.207,-0.101,0.644,-0.067,0.228,39,E,97,S,,,423351,119.50,0
1335,3049.838,"Mount",0.113,0.183,-0.110,-0.185,-0.071,-0.057,40,E,25,N,,,424260,138.94,0
1336,3052.023,"Mount",0.055,0.182,-0.136,-0.133,-0.076,-0.050,44,E,21,N,,,467843,144.83,0
1337,3054.436,"Mount",-0.333,-0.019,-0.137,0.304,-0.065,0.107,37,E,46,S,,,404240,119.90,0
1338,3056.569,"Mount",0.119,-0.180,0.214,-0.023,0.100,0.000,57,W,0,,,,434625,151.41,0
1339,3058.966,"Mount",0.162,-0.019,0.091,-0.135,0.055,-0.049,31,W,21,N,,,438614,143.05,0
1340,3061.167,"Mount",0.215,-0.076,0.166,-0.156,0.104,-0.058,59,W,25,N,,,458862,155.88,0
1341,3063.539,"Mount",0.016,-0.108,0.103,0.036,0.087,0.000,50,W,0,,,,429629,145.02,0
1342,3065.758,"Mount",-0.049,-0.103,0.069,0.091,0.087,0.033,50,W,14,S,,,450523,126.31,0
1343,3068.200,"Mount",0.056,-0.098,0.112,-0.005,0.113,0.000,64,W,0,,,,432666,138.19,0
1344,3070.386,"Mount",-0.031,-0.136,0.107,0.091,0.107,0.033,61,W,14,S,,,409813,126.34,0
1345,3072.790,"Mount",0.140,-0.038,0.099,-0.107,0.104,-0.037,60,W,16,N,,,449711,141.48,0
1346,3074.947,"Mount",-0.111,0.035,-0.082,0.082,0.019,0.028,11,W,12,S,,,448884,141.29,0
1347,3077.318,"Mount",-0.027,0.046,-0.053,0.002,0.043,0.000,25,W,0,,,,441576,141.51,0
1348,3079.393,"Mount",-0.065,0.004,-0.034,0.056,0.024,0.000,14,W,0,,,,444997,137.37,0
1349,3081.822,"Mount",-0.001,-0.202,0.179,0.094,0.083,0.034,48,W,14,S,,,403965,122.62,0
1350,3083.934,"Mount",-0.022,0.038,-0.044,0.002,-0.011,0.000,6,E,0,,,,448227,142.44,0
1351,3086.246,"Mount",0.019,-0.018,0.025,-0.008,-0.025,0.000,14,E,0,,,,422922,148.29,0
1352,3088.477,"Mount",-0.148,0.140,-0.193,0.066,-0.126,0.024,72,E,10,S,,,442130,137.80,0
1353,3090.833,"Mount",0.009,0.021,-0.015,-0.017,-0.063,0.000,36,E,0,,,,427964,134.54,0
1354,3093.129,"Mount",-0.274,0.158,-0.266,0.170,-0.198,0.061,113,E,26,S,,,443656,148.69,0
1355,3095.566,"Mount",-0.186,-0.088,-0.007,0.205,-0.095,0.076,54,E,33,S,,,455952,169.80,0
1356,3097.867,"Mount",0.105,0.256,-0.179,-0.212,-0.180,-0.073,103,E,31,N,,,454083,169.08,0
1357,3100.235,"Mount",0.018,0.096,-0.077,-0.060,-0.141,0.000,81,E,0,,,,465097,132.59,0
1358,3102.510,"Mount",-0.101,-0.016,-0.033,0.097,-0.100,0.035,57,E,15,S,,,472999,154.17,0
1359,3104.926,"Mount",-0.016,0.140,-0.132,-0.050,-0.163,0.000,93,E,0,,,,443413,133.24,0
1360,3107.186,"Mount",-0.267,0.013,-0.135,0.231,-0.154,0.083,88,E,36,S,,,456239,141.07,0
1361,3109.620,"Mount",0.312,0.206,-0.039,-0.372,-0.093,-0.131,53,E,56,N,,,443776,135.67,0
1362,3111.918,"Mount",-0.296,0.182,-0.298,0.179,-0.227,0.059,130,E,25,S,,,432614,129.52,0
1363,3114.293,"Mount",0.137,-0.045,0.103,-0.101,-0.049,-0.034,28,E,14,N,,,454505,144.12,0
1364,3116.509,"Mount",-0.105,-0.010,-0.039,0.098,-0.091,0.034,52,E,15,S,,,447680,151.15,0
1365,3119.007,"Mount",0.013,-0.175,0.161,0.070,-0.018,0.026,10,E,11,S,,,428876,137.42,0
1366,3121.139,"Mount",0.049,-0.120,0.129,0.012,-0.017,0.000,10,E,0,,,,453948,137.14,0
1367,3123.513,"Mount",-0.044,-0.108,0.076,0.089,-0.037,0.032,21,E,14,S,,,436394,148.11,0
1368,3125.693,"Mount",-0.058,-0.179,0.132,0.133,0.007,0.049,4,W,21,S,,,438752,148.14,0
1369,3128.020,"Mount",0.081,-0.133,0.155,-0.011,0.018,0.000,11,W,0,,,,432670,140.20,0
1370,3130.093,"Mount",-0.017,-0.094,0.076,0.059,-0.010,0.000,6,E,0,,,,453450,170.29,0
1371,3132.372,"Mount",0.042,-0.090,0.099,0.004,0.001,0.000,1,W,0,,,,445062,140.97,0
1372,3134.449,"Mount",0.027,-0.095,0.097,0.020,-0.003,0.000,2,E,0,,,,430152,141.52,0
1373,3136.715,"Mount",0.108,-0.140,0.174,-0.031,0.018,0.000,10,W,0,,,,457319,140.65,0
1374,3138.804,"Mount",0.028,-0.102,0.103,0.022,-0.025,0.000,14,E,0,,,,442059,136.89,0
1375,3141.190,"Mount",0.091,-0.021,0.060,-0.071,-0.055,-0.026,32,E,11,N,,,449022,153.97,0
1376,3143.314,"Mount",0.002,-0.056,0.051,0.024,-0.094,0.000,54,E,0,,,,447930,126.88,0
1377,3145.747,"Mount",-0.200,0.138,-0.214,0.114,-0.208,0.041,119,E,18,S,,,434936,122.46,0
1378,3148.072,"Mount",-0.217,0.104,-0.192,0.145,-0.215,0.054,123,E,23,S,,,430093,136.50,0
1379,3150.506,"Mount",0.113,0.064,-0.005,-0.130,-0.166,-0.045,95,E,19,N,,,436779,133.67,0
1380,3152.690,"Mount",-0.046,0.021,-0.040,0.031,-0.201,0.000,115,E,0,,,,431834,136.57,0
1381,3155.251,"Mount",0.069,0.210,-0.155,-0.158,-0.311,-0.057,178,E,24,N,,,456546,145.85,0
1382,3157.617,"Mount",-0.173,0.138,-0.203,0.090,-0.336,0.030,192,E,13,S,,,448965,132.10,0
1383,3160.056,"Mount",-0.016,0.034,-0.038,-0.001,-0.252,0.000,144,E,0,,,,441457,148.52,0
1384,3162.331,"Mount",-0.178,-0.179,0.077,0.241,-0.200,0.087,114,E,37,S,,,430020,132.50,0
1385,3164.765,"Mount",0.137,-0.072,0.127,-0.088,-0.170,-0.028,97,E,12,N,,,426013,146.36,0
1386,3166.993,"Mount",0.011,0.037,-0.028,-0.027,-0.197,0.000,112,E,0,,,,417528,150.20,0
1387,3169.381,"Mount",-0.036,-0.045,0.023,0.053,-0.184,0.000,105,E,0,,,,458919,161.14,0
1388,3171.583,"Mount",0.023,-0.006,0.016,-0.018,-0.173,0.000,99,E,0,,,,425687,134.92,0
1389,3174.209,"Mount",0.246,0.196,-0.061,-0.309,-0.195,-0.111,111,E,48,N,,,452631,140.82,0
1390,3176.476,"Mount",-0.101,-0.024,-0.025,0.101,-0.166,0.032,95,E,14,S,,,434814,134.53,0
1391,3178.899,"Mount",-0.123,0.111,-0.155,0.058,-0.243,0.000,139,E,0,,,,455332,123.94,0
1392,3181.098,"Mount",0.006,-0.004,0.006,-0.003,-0.166,0.000,95,E,0,,,,442585,126.98,0
1393,3183.565,"Mount",-0.047,-0.069,0.040,0.074,-0.158,0.026,90,E,11,S,,,459584,157.89,0
1394,3185.768,"Mount",0.142,-0.042,0.103,-0.106,-0.088,-0.037,50,E,16,N,,,420237,131.34,0
1395,3188.215,"Mount",0.158,-0.436,0.460,0.061,0.097,0.021,56,W,9,S,,,446391,132.86,0
1396,3190.357,"Mount",0.019,-0.250,0.231,0.099,0.024,0.037,14,W,16,S,,,460245,154.68,0
1397,3192.736,"Mount",-0.002,-0.236,0.209,0.111,0.053,0.041,30,W,18,S,,,433588,142.14,0
1398,3194.949,"Mount",-0.203,-0.104,-0.002,0.228,-0.030,0.084,17,E,36,S,,,432965,143.95,0
1399,3197.429,"Mount",-0.153,0.165,-0.217,0.060,-0.125,0.025,72,E,11,S,,,425955,142.70,0
1400,3199.506,"Mount",-0.017,0.041,-0.045,-0.004,-0.025,0.000,15,E,0,,,,413797,147.32,0
1401,3201.835,"Mount",-0.008,0.099,-0.091,-0.039,-0.088,0.000,50,E,0,,,,426109,140.10,0
1402,3203.987,"Mount",-0.069,0.029,-0.057,0.048,-0.046,0.000,27,E,0,,,,444149,150.54,0
1403,3206.325,"Mount",-0.044,0.094,-0.104,-0.004,-0.113,0.000,65,E,0,,,,447938,139.92,0
1404,3208.428,"Mount",0.024,0.013,-0.000,-0.027,-0.072,0.000,41,E,0,,,,435773,137.99,0
1405,3210.783,"Mount",0.091,0.078,-0.027,-0.117,-0.070,-0.042,40,E,18,N,,,446231,147.82,0
1406,3212.872,"Mount",0.003,-0.086,0.078,0.037,-0.027,0.000,15,E,0,,,,432644,131.26,0
1407,3215.197,"Mount",0.044,-0.021,0.039,-0.030,-0.053,0.000,30,E,0,,,,426902,128.24,0
1408,3217.300,"Mount",-0.014,-0.054,0.042,0.037,-0.032,0.000,18,E,0,,,,454514,140.15,0
1409,3219.679,"Mount",-0.086,-0.149,0.093,0.145,0.022,0.052,12,W,22,S,,,453414,135.24,0
1410,3221.757,"Mount",0.006,0.020,-0.015,-0.014,-0.004,0.000,2,E,0,,,,440861,146.39,0
1411,3224.109,"Mount",0.060,0.016,0.013,-0.060,0.009,-0.022,5,W,9,N,,,431574,145.66,0
1412,3226.263,"Mount",0.126,-0.003,0.060,-0.110,0.048,-0.040,27,W,17,N,,,453002,128.16,0
1413,3228.620,"Mount",0.064,0.009,0.021,-0.061,0.040,-0.024,23,W,10,N,,,430871,129.04,0
1414,3230.744,"Mount",0.037,-0.126,0.130,0.025,0.112,0.000,64,W,0,,,,415051,127.31,0
1415,3233.181,"Mount",0.150,-0.187,0.235,-0.047,0.190,0.000,109,W,0,,,,439566,133.25,0
1416,3235.378,"Mount",0.039,-0.081,0.090,0.002,0.151,0.000,86,W,0,,,,436072,160.21,0
1417,3237.815,"Mount",0.035,-0.129,0.130,0.029,0.191,0.000,109,W,0,,,,447322,125.71,0
1418,3240.142,"Mount",-0.009,-0.143,0.123,0.074,0.196,0.027,112,W,11,S,,,432397,117.58,0
1419,3242.586,"Mount",0.056,0.004,0.022,-0.052,0.150,0.000,86,W,0,,,,433924,127.74,0
1420,3244.786,"Mount",-0.002,-0.077,0.068,0.037,0.167,0.000,95,W,0,,,,433608,132.34,0
1421,3247.203,"Mount",0.016,-0.024,0.028,-0.004,0.137,0.000,78,W,0,,,,467659,165.22,0
1422,3249.482,"Mount",-0.033,-0.148,0.116,0.097,0.174,0.035,100,W,15,S,,,448272,131.26,0
1423,3251.823,"Mount",0.054,-0.025,0.047,-0.036,0.117,0.000,67,W,0,,,,420346,126.10,0
1424,3253.975,"Mount",0.087,-0.042,0.078,-0.058,0.133,0.000,76,W,0,,,,426515,140.85,0
1425,3256.367,"Mount",-0.063,-0.050,0.016,0.079,0.097,0.028,55,W,12,S,,,429898,140.65,0
1426,3258.519,"Mount",-0.012,-0.038,0.028,0.028,0.090,0.000,51,W,0,,,,430584,154.41,0
1427,3260.946,"Mount",-0.091,-0.038,-0.008,0.098,0.077,0.035,44,W,15,S,,,444166,129.33,0
1428,3263.080,"Mount",-0.038,0.040,-0.053,0.016,0.062,0.000,35,W,0,,,,414002,125.41,0
1429,3265.480,"Mount",-0.128,0.039,-0.094,0.096,0.009,0.035,5,W,15,S,,,446540,129.20,0
1430,3267.664,"Mount",-0.146,0.140,-0.191,0.065,-0.057,0.025,32,E,11,S,,,465854,137.68,0
1431,3270.022,"Mount",-0.122,0.120,-0.162,0.053,-0.063,0.000,36,E,0,,,,438020,131.41,0
1432,3272.236,"Mount",-0.197,0.020,-0.109,0.166,-0.061,0.060,35,E,25,S,,,415285,128.93,0
1433,3274.657,"Mount",-0.216,0.004,-0.103,0.190,-0.072,0.071,41,E,30,S,,,446277,142.84,0
1434,3276.856,"Mount",-0.168,-0.063,-0.022,0.178,-0.029,0.067,17,E,29,S,,,434415,124.52,0
1435,3279.334,"Mount",-0.177,0.141,-0.207,0.092,-0.125,0.036,71,E,15,S,,,448254,154.76,0
1436,3281.486,"Mount",-0.089,0.017,-0.056,0.071,-0.017,0.027,10,E,11,S,,,445212,133.97,0
1437,3283.813,"Mount",-0.104,0.122,-0.156,0.036,-0.076,0.000,43,E,0,,,,462267,153.48,0
1438,3285.979,"Mount",-0.043,-0.068,0.040,0.069,0.009,0.025,5,W,11,S,,,433192,140.76,0
1439,3288.272,"Mount",0.063,-0.074,0.094,-0.022,0.074,0.000,42,W,0,,,,429961,141.42,0
1440,3290.373,"Mount",0.010,0.031,-0.023,-0.024,0.055,0.000,31,W,0,,,,447583,129.70,0
1441,3292.762,"Mount",-0.060,-0.081,0.044,0.091,0.085,0.033,49,W,14,S,,,446765,142.24,0
1442,3294.919,"Mount",0.111,-0.106,0.146,-0.049,0.174,0.000,99,W,0,,,,446360,125.83,0
1443,3297.392,"Mount",0.103,-0.023,0.068,-0.081,0.183,-0.029,105,W,12,N,,,425772,136.95,0
1444,3299.574,"Mount",0.036,0.016,0.002,-0.040,0.190,0.000,109,W,0,,,,453036,158.01,0
1445,3302.072,"Mount",0.103,-0.135,0.167,-0.029,0.297,0.000,170,W,0,,,,437314,157.53,0
1446,3304.325,"Mount",0.088,-0.055,0.089,-0.053,0.255,0.000,146,W,0,,,,430251,130.57,0
1447,3306.771,"Mount",0.108,-0.155,0.187,-0.024,0.272,0.000,156,W,0,,,,443575,145.77,0
1448,3308.969,"Mount",0.034,0.059,-0.037,-0.057,0.171,0.000,98,W,0,,,,450157,124.49,0
1449,3311.448,"Mount",0.099,-0.085,0.121,-0.048,0.223,0.000,128,W,0,,,,420014,136.36,0
1450,3313.676,"Mount",0.080,-0.159,0.178,0.003,0.229,0.000,131,W,0,,,,449063,141.69,0
1451,3316.175,"Mount",0.063,-0.101,0.119,-0.010,0.216,0.000,123,W,0,,,,439747,136.53,0
1452,3318.479,"Mount",-0.532,-0.273,-0.003,0.598,0.153,0.215,88,W,92,S,,,435866,143.02,0
1453,3320.867,"Mount",-0.011,-0.070,0.058,0.042,0.156,0.000,89,W,0,,,,437555,128.96,0
1454,3323.121,"Mount",-0.146,-0.096,0.018,0.174,0.138,0.063,79,W,27,S,,,422918,120.68,0
1455,3325.488,"Mount",-0.121,0.170,-0.207,0.029,0.033,0.000,19,W,0,,,,445125,143.97,0
1456,3327.674,"Mount",-0.103,0.049,-0.091,0.068,0.041,0.025,23,W,11,S,,,453506,139.27,0
1457,3330.100,"Mount",-0.029,0.235,-0.222,-0.083,-0.036,-0.029,21,E,12,N,,,443871,143.82,0
1458,3332.277,"Mount",-0.147,0.165,-0.214,0.054,-0.066,0.000,37,E,0,,,,438067,141.60,0
1459,3334.678,"Mount",-0.207,0.119,-0.201,0.129,-0.087,0.046,50,E,20,S,,,442510,145.17,0
1460,3336.755,"Mount",0.003,-0.077,0.070,0.033,0.024,0.000,14,W,0,,,,424195,123.21,0
1461,3339.148,"Mount",0.066,0.125,-0.080,-0.116,-0.056,-0.042,32,E,18,N,,,432603,139.74,0
1462,3341.252,"Mount",-0.019,0.052,-0.055,-0.008,-0.007,0.000,4,E,0,,,,442768,128.97,0
1463,3343.612,"Mount",-0.055,0.021,-0.044,0.039,-0.009,0.000,5,E,0,,,,432856,126.22,0
1464,3345.752,"Mount",-0.051,-0.081,0.048,0.083,-0.006,0.030,3,E,13,S,,,448042,140.55,0
1465,3348.026,"Mount",0.003,-0.020,0.019,0.006,-0.001,0.000,0,,0,,,,460572,125.24,0
1466,3350.161,"Mount",-0.051,-0.060,0.030,0.073,0.001,0.026,1,W,11,S,,,434751,137.80,0
1467,3352.479,"Mount",0.009,-0.077,0.072,0.028,0.035,0.000,20,W,0,,,,424597,123.05,0
1468,3354.586,"Mount",0.024,-0.106,0.106,0.028,0.054,0.000,31,W,0,,,,420256,128.04,0
1469,3356.939,"Mount",0.041,-0.032,0.047,-0.022,0.011,0.000,6,W,0,,,,435123,143.19,0
1470,3359.067,"Mount",0.006,0.020,-0.016,-0.015,0.018,0.000,11,W,0,,,,426609,139.36,0
1471,3361.457,"Mount",0.081,0.049,-0.007,-0.095,0.028,-0.034,16,W,15,N,,,445754,146.35,0
1472,3363.624,"Mount",0.066,-0.089,0.109,-0.018,0.080,0.000,46,W,0,,,,464531,151.43,0
1473,3365.996,"Mount",0.017,-0.132,0.125,0.046,0.086,0.000,49,W,0,,,,460719,135.66,0
1474,3368.116,"Mount",0.023,-0.084,0.085,0.018,0.063,0.000,36,W,0,,,,457439,155.77,0
1475,3370.515,"Mount",-0.053,-0.093,0.059,0.090,0.029,0.032,17,W,14,S,,,456309,145.79,0
1476,3372.684,"Mount",-0.037,-0.129,0.098,0.093,0.084,0.035,48,W,15,S,,,436379,131.67,0
1477,3375.107,"Mount",-0.009,-0.120,0.103,0.064,0.087,0.024,50,W,10,S,,,439130,132.45,0
1478,3377.244,"Mount",-0.016,-0.048,0.036,0.037,0.031,0.000,18,W,0,,,,461607,145.54,0
1479,3379.614,"Mount",-0.100,-0.098,0.041,0.134,0.024,0.048,14,W,21,S,,,442626,145.02,0
1480,3381.795,"Mount",-0.044,-0.115,0.082,0.092,0.045,0.035,26,W,15,S,,,488478,146.19,0
1481,3384.151,"Mount",0.036,-0.173,0.170,0.048,0.072,0.000,41,W,0,,,,422714,126.46,0
1482,3386.367,"Mount",-0.065,-0.112,0.069,0.109,0.019,0.039,11,W,17,S,,,427952,135.59,0
1483,3388.771,"Mount",-0.179,0.111,-0.181,0.107,-0.106,0.040,61,E,17,S,,,432269,135.02,0
1484,3390.911,"Mount",-0.051,-0.040,0.012,0.064,-0.026,0.025,15,E,10,S,,,448900,152.03,0
1485,3393.281,"Mount",-0.131,0.141,-0.185,0.051,-0.111,0.000,63,E,0,,,,450148,134.87,0
1486,3395.368,"Mount",-0.030,-0.069,0.048,0.058,-0.028,0.000,16,E,0,,,,411393,121.15,0
1487,3397.773,"Mount",-0.105,-0.037,-0.016,0.110,-0.031,0.040,18,E,17,S,,,457688,160.72,0
1488,3399.943,"Mount",-0.078,-0.006,-0.030,0.073,-0.020,0.028,12,E,12,S,,,442524,128.99,0
1489,3402.252,"Mount",-0.039,0.002,-0.020,0.034,-0.003,0.000,2,E,0,,,,453027,141.32,0
1490,3404.327,"Mount",-0.030,-0.033,0.015,0.041,0.011,0.000,6,W,0,,,,438833,154.94,0
1491,3406.698,"Mount",-0.027,-0.092,0.069,0.066,0.055,0.024,31,W,10,S,,,413098,133.91,0
1492,3408.894,"Mount",-0.124,-0.074,0.009,0.144,0.032,0.053,18,W,23,S,,,418989,142.65,0
1493,3411.279,"Mount",-0.003,-0.092,0.080,0.045,0.083,0.000,48,W,0,,,,434998,128.48,0
1494,3413.442,"Mount",0.054,-0.130,0.141,0.012,0.116,0.000,66,W,0,,,,428733,132.86,0
1495,3415.927,"Mount",0.027,-0.191,0.182,0.064,0.140,0.023,80,W,10,S,,,405619,125.40,0
1496,3418.060,"Mount",0.021,-0.110,0.107,0.032,0.102,0.000,58,W,0,,,,443434,134.92,0
1497,3420.398,"Mount",-0.022,0.010,-0.019,0.015,0.049,0.000,28,W,0,,,,439179,142.84,0
1498,3422.612,"Mount",-0.187,-0.065,-0.029,0.195,0.049,0.070,28,W,30,S,,,439209,131.72,0
1499,3425.139,"Mount",-0.308,-0.096,-0.057,0.318,0.043,0.117,24,W,50,S,,,426517,147.44,0
1500,3427.340,"Mount",-0.221,0.008,-0.109,0.192,-0.030,0.074,17,E,32,S,,,458516,139.28,0
1501,3429.695,"Mount",-0.135,0.170,-0.213,0.041,-0.096,0.000,55,E,0,,,,457373,134.80,0
1502,3431.833,"Mount",-0.165,-0.070,-0.014,0.178,-0.012,0.064,7,E,27,S,,,466466,150.60,0
1503,3434.219,"Mount",-0.173,-0.047,-0.038,0.175,-0.025,0.066,14,E,28,S,,,423676,147.58,0
1504,3436.430,"Mount",-0.167,-0.041,-0.040,0.168,-0.045,0.063,26,E,27,S,,,451114,153.44,0
1505,3438.866,"Mount",-0.131,0.089,-0.139,0.075,-0.134,0.030,77,E,13,S,,,437588,140.66,0
1506,3441.033,"Mount",-0.097,0.079,-0.114,0.050,-0.133,0.000,76,E,0,,,,469471,151.09,0
1507,3443.387,"Mount",-0.030,0.032,-0.042,0.012,-0.094,0.000,54,E,0,,,,452310,135.82,0
1508,3445.567,"Mount",-0.033,0.115,-0.117,-0.023,-0.148,0.000,85,E,0,,,,455227,149.10,0
1509,3447.984,"Mount",-0.061,0.144,-0.156,-0.012,-0.176,0.000,101,E,0,,,,438738,141.40,0
1510,3450.211,"Mount",-0.048,-0.024,-0.000,0.054,-0.105,0.000,60,E,0,,,,441923,133.22,0
1511,3452.663,"Mount",0.035,0.009,0.008,-0.035,-0.106,0.000,60,E,0,,,,447903,140.58,0
1512,3454.954,"Mount",-0.138,0.065,-0.121,0.092,-0.161,0.033,92,E,14,S,,,462266,131.12,0
1513,3457.390,"Mount",-0.050,0.158,-0.163,-0.028,-0.173,0.000,99,E,0,,,,449350,145.64,0
1514,3459.509,"Mount",-0.031,-0.069,0.047,0.060,-0.093,0.000,53,E,0,,,,442237,138.59,0
1515,3461.896,"Mount",-0.034,-0.160,0.126,0.104,-0.044,0.038,25,E,16,S,,,435866,135.76,0
1516,3464.020,"Mount",0.045,-0.090,0.101,0.002,-0.048,0.000,27,E,0,,,,435313,131.04,0
1517,3466.377,"Mount",-0.045,-0.128,0.093,0.099,-0.037,0.036,21,E,15,S,,,421597,133.51,0
1518,3468.484,"Mount",-0.006,-0.112,0.097,0.057,-0.023,0.000,13,E,0,,,,405683,116.14,0
1519,3470.870,"Mount",-0.033,-0.195,0.158,0.119,0.014,0.043,8,W,18,S,,,453287,140.81,0
1520,3473.035,"Mount",0.004,-0.182,0.164,0.081,0.026,0.031,15,W,13,S,,,450755,156.24,0
1521,3475.346,"Mount",0.014,-0.075,0.073,0.022,-0.011,0.000,6,E,0,,,,450357,160.17,0
1522,3477.528,"Mount",-0.086,-0.092,0.042,0.119,-0.039,0.043,22,E,18,S,,,452779,153.94,0
1523,3479.862,"Mount",0.066,-0.019,0.047,-0.049,-0.042,0.000,24,E,0,,,,477965,162.54,0
1524,3482.045,"Mount",0.079,0.000,0.036,-0.070,-0.047,-0.025,27,E,11,N,,,447206,138.94,0
1525,3484.361,"Mount",-0.035,0.011,-0.026,0.025,-0.067,0.000,39,E,0,,,,437713,160.09,0
1526,3486.501,"Mount",0.021,-0.018,0.026,-0.011,-0.083,0.000,47,E,0,,,,442815,133.43,0
1527,3488.934,"Mount",-0.073,-0.060,0.020,0.092,-0.098,0.033,56,E,14,S,,,429206,130.91,0
1528,3491.072,"Mount",0.050,-0.059,0.076,-0.017,-0.074,0.000,42,E,0,,,,435357,125.25,0
1529,3493.461,"Mount",-0.058,-0.017,-0.012,0.059,-0.122,0.000,70,E,0,,,,434982,134.43,0
1530,3495.696,"Mount",-0.008,-0.076,0.064,0.042,-0.102,0.000,58,E,0,,,,425325,137.23,0
1531,3498.133,"Mount",-0.039,-0.062,0.037,0.063,-0.162,0.023,92,E,10,S,,,460778,172.24,0
1532,3500.318,"Mount",0.016,0.089,-0.072,-0.056,-0.217,0.000,124,E,0,,,,449248,168.45,0
1533,3502.723,"Mount",-0.021,0.106,-0.104,-0.031,-0.263,0.000,150,E,0,,,,443062,135.67,0
1534,3505.029,"Mount",-0.142,-0.020,-0.048,0.135,-0.226,0.049,129,E,21,S,,,430702,157.20,0
1535,3507.667,"Mount",-0.308,0.265,-0.377,0.151,-0.416,0.056,238,E,24,S,,,433363,128.96,0
1536,3510.039,"Mount",-0.123,0.022,-0.077,0.099,-0.277,0.038,159,E,16,S,,,403018,132.92,0
1537,3512.518,"Mount",-0.077,-0.152,0.099,0.138,-0.198,0.051,114,E,22,S,,,400724,120.60,0
1538,3514.706,"Mount",0.019,-0.007,0.015,-0.014,-0.219,0.000,125,E,0,,,,428458,134.24,0
1539,3517.155,"Mount",0.034,-0.011,0.025,-0.025,-0.205,0.000,117,E,0,,,,433272,138.63,0
1540,3519.367,"Mount",-0.110,0.084,-0.125,0.059,-0.242,0.000,138,E,0,,,,427901,137.09,0
1541,3521.783,"Mount",-0.048,-0.013,-0.011,0.048,-0.183,0.000,105,E,0,,,,443460,155.65,0
1542,3523.977,"Mount",-0.070,0.014,-0.045,0.056,-0.164,0.000,94,E,0,,,,444097,161.98,0
1543,3526.416,"Mount",-0.092,-0.018,-0.026,0.090,-0.165,0.032,94,E,14,S,,,450551,131.88,0
1544,3528.597,"Mount",0.009,-0.037,0.037,0.009,-0.149,0.000,85,E,0,,,,455991,156.37,0
1545,3530.948,"Mount",0.104,-0.109,0.144,-0.042,-0.074,0.000,43,E,0,,,,445175,159.88,0
1546,3533.246,"Mount",0.130,-0.072,0.124,-0.082,-0.061,-0.030,35,E,13,N,,,433943,148.11,0
1547,3535.630,"Mount",-0.019,-0.134,0.110,0.079,-0.048,0.027,27,E,12,S,,,455298,121.98,0
1548,3537.830,"Mount",-0.156,-0.125,0.039,0.196,-0.071,0.072,41,E,31,S,,,437974,131.48,0
1549,3540.225,"Mount",-0.152,-0.156,0.069,0.207,-0.030,0.077,17,E,33,S,,,439371,138.22,0
1550,3542.393,"Mount",-0.133,-0.079,0.009,0.154,-0.051,0.059,29,E,25,S,,,413551,135.13,0
1551,3544.762,"Mount",-0.061,0.010,-0.037,0.050,-0.053,0.000,30,E,0,,,,455247,166.06,0
1552,3546.867,"Mount",0.079,-0.171,0.189,0.009,0.035,0.000,20,W,0,,,,458848,143.12,0
1553,3549.195,"Mount",0.026,-0.029,0.038,-0.010,-0.049,0.000,28,E,0,,,,433261,133.50,0
1554,3551.410,"Mount",-0.044,-0.086,0.056,0.078,-0.051,0.028,29,E,12,S,,,435918,145.43,0
1555,3553.799,"Mount",-0.031,0.129,-0.129,-0.032,-0.122,0.000,70,E,0,,,,423025,134.67,0
1556,3555.948,"Mount",0.004,0.084,-0.073,-0.042,-0.100,0.000,57,E,0,,,,425295,125.96,0
1557,3558.287,"Mount",-0.045,-0.026,0.002,0.052,-0.061,0.000,35,E,0,,,,410126,123.93,0
1558,3560.380,"Mount",0.042,-0.074,0.085,-0.003,-0.013,0.000,7,E,0,,,,440726,131.21,0
1559,3562.669,"Mount",0.011,-0.044,0.044,0.011,-0.046,0.000,26,E,0,,,,413699,129.01,0
1560,3564.865,"Mount",-0.060,-0.120,0.079,0.109,0.002,0.039,1,W,17,S,,,438158,151.28,0
1561,3567.218,"Mount",0.109,-0.220,0.245,0.005,0.093,0.000,53,W,0,,,,437059,138.43,0
1562,3569.364,"Mount",-0.066,-0.114,0.071,0.111,0.027,0.040,15,W,17,S,,,448074,157.72,0
1563,3571.689,"Mount",-0.030,0.052,-0.060,0.002,0.014,0.000,8,W,0,,,,440545,126.96,0
1564,3573.887,"Mount",-0.255,0.018,-0.134,0.218,-0.035,0.078,20,E,34,S,,,453082,143.58,0
1565,3576.365,"Mount",-0.024,-0.132,0.106,0.082,0.083,0.033,47,W,14,S,,,449520,142.58,0
1566,3578.599,"Mount",-0.060,-0.043,0.010,0.073,0.051,0.028,29,W,12,S,,,424811,140.53,0
1567,3581.015,"Mount",-0.047,-0.098,0.065,0.087,0.105,0.032,60,W,14,S,,,430666,129.81,0
1568,3583.270,"Mount",0.187,-0.098,0.173,-0.120,0.177,-0.042,101,W,18,N,,,456134,146.25,0
1569,3585.690,"Mount",0.050,-0.110,0.121,0.006,0.179,0.000,102,W,0,,,,452065,142.49,0
1570,3587.859,"Mount",0.047,-0.011,0.031,-0.036,0.136,0.000,78,W,0,,,,433628,138.30,0
1571,3590.299,"Mount",0.055,-0.149,0.158,0.020,0.216,0.000,123,W,0,,,,451047,136.32,0
1572,3592.543,"Mount",0.089,-0.019,0.058,-0.071,0.137,-0.025,78,W,11,N,,,463832,169.68,0
1573,3594.976,"Mount",-0.126,0.043,-0.096,0.091,0.101,0.032,58,W,14,S,,,405752,128.56,0
1574,3597.237,"Mount",-0.022,-0.107,0.084,0.069,0.169,0.026,97,W,11,S,,,431298,138.76,0
1575,3599.611,"Mount",0.030,-0.086,0.090,0.013,0.160,0.000,92,W,0,,,,456537,151.37,0
1576,3601.731,"Mount",-0.052,0.051,-0.069,0.023,0.076,0.000,43,W,0,,,,435554,129.67,0
1577,3604.075,"Mount",-0.072,0.186,-0.198,-0.022,0.015,0.000,9,W,0,,,,425220,132.28,0
1578,3606.288,"Mount",-0.160,0.041,-0.111,0.123,0.037,0.044,21,W,19,S,,,443196,130.27,0
1579,3608.676,"Mount",-0.238,-0.077,-0.041,0.247,0.070,0.091,40,W,39,S,,,423694,123.25,0
1580,3610.844,"Mount",-0.094,-0.002,-0.042,0.084,0.050,0.034,29,W,15,S,,,444096,149.15,0
1581,3613.263,"Mount",-0.195,0.109,-0.186,0.123,-0.052,0.046,30,E,20,S,,,465896,148.77,0
1582,3615.385,"Mount",-0.127,0.123,-0.167,0.056,-0.061,0.000,35,E,0,,,,447130,141.20,0
1583,3617.744,"Mount",-0.017,0.149,-0.140,-0.053,-0.061,0.000,35,E,0,,,,441616,130.55,0
1584,3620.049,"Mount",-0.354,0.251,-0.386,0.198,-0.183,0.071,105,E,30,S,,,463916,154.34,0
1585,3622.454,"Mount",-0.148,0.064,-0.125,0.101,-0.076,0.039,44,E,17,S,,,430160,138.06,0
1586,3624.659,"Mount",-0.204,-0.014,-0.081,0.188,-0.055,0.069,32,E,30,S,,,447350,144.88,0
1587,3627.095,"Mount",-0.232,-0.073,-0.042,0.240,-0.030,0.089,17,E,38,S,,,406375,131.32,0
1588,3629.196,"Mount",-0.006,-0.025,0.019,0.016,-0.026,0.000,15,E,0,,,,449615,132.18,0
1589,3631.511,"Mount",-0.036,0.005,-0.021,0.029,-0.009,0.000,5,E,0,,,,440759,152.59,0
1590,3633.726,"Mount",-0.053,-0.148,0.107,0.116,0.054,0.042,31,W,18,S,,,432404,132.41,0
1591,3636.176,"Mount",-0.011,-0.116,0.098,0.063,0.075,0.024,43,W,10,S,,,430586,128.10,0
1592,3638.303,"Mount",0.030,0.033,-0.016,-0.042,0.058,0.000,33,W,0,,,,452046,142.23,0
1593,3640.674,"Mount",0.074,-0.080,0.105,-0.028,0.136,0.000,78,W,0,,,,464418,151.59,0
1594,3642.904,"Mount",-0.035,-0.117,0.088,0.085,0.156,0.031,89,W,13,S,,,442928,146.12,0
1595,3645.310,"Mount",0.049,-0.025,0.045,-0.032,0.161,0.000,92,W,0,,,,429963,140.77,0
1596,3647.546,"Mount",0.087,-0.039,0.074,-0.059,0.225,0.000,129,W,0,,,,462201,161.59,0
1597,3650.029,"Mount",0.041,-0.050,0.063,-0.013,0.258,0.000,148,W,0,,,,453022,146.60,0
1598,3652.305,"Mount",0.027,0.105,-0.081,-0.072,0.180,-0.026,103,W,11,N,,,444221,152.97,0
1599,3654.707,"Mount",-0.013,-0.062,0.049,0.040,0.199,0.000,114,W,0,,,,449054,132.42,0
1600,3656.954,"Mount",0.067,0.106,-0.063,-0.108,0.139,-0.039,79,W,17,N,,,445927,127.40,0
1601,3659.412,"Mount",0.114,-0.153,0.188,-0.030,0.253,0.000,145,W,0,,,,460694,147.46,0
1602,3661.703,"Mount",0.092,-0.018,0.059,-0.073,0.149,-0.026,85,W,11,N,,,435540,149.57,0
1603,3664.134,"Mount",-0.087,-0.013,-0.029,0.083,0.151,0.029,86,W,12,S,,,423517,127.84,0
1604,3666.277,"Mount",0.005,-0.094,0.086,0.039,0.185,0.000,106,W,0,,,,415946,141.56,0
1605,3669.911,"Mount",0.036,0.078,-0.052,-0.068,0.136,-0.024,0,,0,,,,418617,151.04,0
Guiding Ends at 2026-05-28 02:01:23

Guiding Begins at 2026-05-28 02:04:39
Equipment Profile = 60mmGuide
Dither = both axes, Dither scale = 1.000, Image noise reduction = none, Guide-frame time lapse = 0, Server enabled
Pixel scale = 3.22 arc-sec/px, Binning = 1, Focal length = 240 mm
Search region = 25 px, Star mass tolerance = 50.0%, Multi-star mode, list size = 12
 Camera = ZWO ASI120MM Mini, gain = 37, full size = 1280 x 960, have dark, dark dur = 2000, no defect map, pixel size = 3.8 um
Exposure = 2000 ms
Mount = iOptron CEM120,70,40,26, GEM, HEM, HAE, HAZ series and SkyHunter Mount (ASCOM), connected, guiding enabled, xAngle = -62.6, xRate = 1.748, yAngle = -152.7, yRate = 2.338, parity = +/-
Norm rates RA = 8.3"/s @ dec 0, Dec = 7.5"/s; ortho.err. = 0.1 deg
X guide algorithm = Predictive PEC, Control gain = 0.450
Prediction gain = 0.750
Minimum move = 0.060
Hyperparameters
	Length scale long range SE kernel = 700.000
	Signal variance long range SE kernel = 20.000
	Length scale periodic kernel = 10.000
	Signal variance periodic kernel = 20.000
	Length scale short range SE kernel = 25.000
	Signal variance short range SE kernel = 10.000
	Period length periodic kernel = 348.000
	FFT called after = 2.000 worm cycles
	Auto-adjust period length = Off
Y guide algorithm = Hysteresis, Hysteresis = 0.100, Aggression = 0.400, Minimum move = 0.060
Backlash comp = disabled, pulse = 100 ms
Max RA duration = 2500, Max DEC duration = 2500, DEC guide mode = Auto
RA Guide Speed = 7.5 a-s/s, Dec Guide Speed = 7.5 a-s/s, Cal Dec = 0.0, Last Cal Issue = None, Timestamp = 7/29/2025 9:33:42 PM
RA = 13.52 hr, Dec = 47.1 deg, Hour angle = 3.32 hr, Pier side = East, Rotator pos = N/A, Alt = 49.3 deg, Az = 307.2 deg
Lock position = 581.011, 564.111, Star position = 581.011, 564.111, HFD = 4.53 px
Frame,Time,mount,dx,dy,RARawDistance,DECRawDistance,RAGuideDistance,DECGuideDistance,RADuration,RADirection,DECDuration,DECDirection,XStep,YStep,StarMass,SNR,ErrorCode
INFO: SETTLING STATE CHANGE, Settling started
1,2.128,"Mount",0.011,0.058,-0.047,-0.036,0.000,0.000,0,,0,,,,440976,152.42,0
2,4.592,"Mount",0.019,0.306,-0.263,-0.158,-0.118,-0.057,68,E,24,N,,,437226,118.50,0
3,6.910,"Mount",0.203,0.580,-0.421,-0.448,-0.189,-0.164,108,E,70,N,,,432963,142.38,0
4,9.455,"Mount",-0.642,0.172,-0.448,0.490,-0.202,0.170,115,E,73,S,,,442938,141.72,0
5,11.672,"Mount",0.289,0.186,-0.032,-0.342,0.000,-0.116,0,,50,N,,,411534,132.92,0
6,14.072,"Mount",-0.013,0.250,-0.228,-0.104,-0.102,-0.042,59,E,18,N,,,447051,145.44,0
7,16.187,"Mount",-0.127,0.190,-0.227,0.025,-0.102,0.000,58,E,0,,,,466689,169.63,0
8,18.530,"Mount",-0.116,0.117,-0.157,0.049,-0.071,0.000,40,E,0,,,,442856,134.84,0
9,20.609,"Mount",-0.038,0.094,-0.101,-0.010,-0.046,0.000,26,E,0,,,,438187,139.40,0
INFO: SETTLING STATE CHANGE, Settling complete
10,23.066,"Mount",-0.296,0.190,-0.305,0.174,-0.137,0.063,79,E,27,S,,,442437,138.79,0
Guiding Ends at 2026-05-28 02:05:04

Guiding Begins at 2026-05-28 02:06:21
Equipment Profile = 60mmGuide
Dither = both axes, Dither scale = 1.000, Image noise reduction = none, Guide-frame time lapse = 0, Server enabled
Pixel scale = 3.22 arc-sec/px, Binning = 1, Focal length = 240 mm
Search region = 25 px, Star mass tolerance = 50.0%, Multi-star mode, list size = 12
 Camera = ZWO ASI120MM Mini, gain = 37, full size = 1280 x 960, have dark, dark dur = 2000, no defect map, pixel size = 3.8 um
Exposure = 2000 ms
Mount = iOptron CEM120,70,40,26, GEM, HEM, HAE, HAZ series and SkyHunter Mount (ASCOM), connected, guiding enabled, xAngle = -62.6, xRate = 1.931, yAngle = -152.7, yRate = 2.338, parity = +/-
Norm rates RA = 8.3"/s @ dec 0, Dec = 7.5"/s; ortho.err. = 0.1 deg
X guide algorithm = Predictive PEC, Control gain = 0.450
Prediction gain = 0.750
Minimum move = 0.060
Hyperparameters
	Length scale long range SE kernel = 700.000
	Signal variance long range SE kernel = 20.000
	Length scale periodic kernel = 10.000
	Signal variance periodic kernel = 20.000
	Length scale short range SE kernel = 25.000
	Signal variance short range SE kernel = 10.000
	Period length periodic kernel = 348.000
	FFT called after = 2.000 worm cycles
	Auto-adjust period length = Off
Y guide algorithm = Hysteresis, Hysteresis = 0.100, Aggression = 0.400, Minimum move = 0.060
Backlash comp = disabled, pulse = 100 ms
Max RA duration = 2500, Max DEC duration = 2500, DEC guide mode = Auto
RA Guide Speed = 7.5 a-s/s, Dec Guide Speed = 7.5 a-s/s, Cal Dec = 0.0, Last Cal Issue = None, Timestamp = 7/29/2025 9:33:42 PM
RA = 16.80 hr, Dec = -41.2 deg, Hour angle = 0.07 hr, Pier side = East, Rotator pos = N/A, Alt = 17.2 deg, Az = 180.9 deg
Lock position = 575.641, 373.887, Star position = 575.641, 373.887, HFD = 5.02 px
Frame,Time,mount,dx,dy,RARawDistance,DECRawDistance,RAGuideDistance,DECGuideDistance,RADuration,RADirection,DECDuration,DECDirection,XStep,YStep,StarMass,SNR,ErrorCode
INFO: SETTLING STATE CHANGE, Settling started
1,2.339,"Mount",-0.384,-0.026,-0.153,0.353,-0.069,0.127,36,E,54,S,,,780904,138.51,0
2,4.802,"Mount",0.341,-0.646,0.731,-0.004,0.329,0.000,170,W,0,,,,693104,135.05,0
3,7.064,"Mount",0.401,-0.257,0.413,-0.237,0.186,-0.085,96,W,36,N,,,685933,125.87,0
4,9.478,"Mount",0.363,0.119,0.061,-0.377,0.028,-0.139,14,W,59,N,,,690768,141.47,0
5,11.687,"Mount",0.217,-0.272,0.342,-0.067,0.154,-0.030,80,W,13,N,,,683620,136.96,0
6,14.148,"Mount",0.330,-0.018,0.168,-0.285,0.076,-0.104,39,W,44,N,,,718177,150.25,0
7,16.387,"Mount",0.454,-0.095,0.293,-0.359,0.132,-0.133,68,W,57,N,,,701928,137.05,0
8,18.769,"Mount",0.172,0.098,-0.007,-0.198,0.000,-0.077,0,,33,N,,,737117,126.88,0
9,20.937,"Mount",0.383,0.179,0.017,-0.422,0.000,-0.155,0,,66,N,,,776767,149.01,0
10,23.383,"Mount",-0.097,-0.282,0.205,0.216,0.092,0.072,48,W,31,S,,,622802,116.55,0
11,25.537,"Mount",0.103,-0.306,0.320,0.050,0.134,0.000,69,W,0,,,,713154,161.72,0
12,27.862,"Mount",-0.016,-0.035,0.023,0.030,-0.003,0.000,1,E,0,,,,803326,159.71,0
INFO: SETTLING STATE CHANGE, Settling complete
13,30.033,"Mount",0.168,0.042,0.040,-0.168,-0.003,-0.061,2,E,26,N,,,654703,154.03,0
14,32.348,"Mount",0.085,-0.136,0.160,-0.013,0.064,0.000,33,W,0,,,,716672,132.90,0
15,35.228,"Mount",-1.641,2.965,-3.388,0.087,-1.379,0.031,714,E,13,S,,,645540,123.09,0
16,37.879,"Mount",0.774,-0.932,1.184,-0.256,0.483,-0.091,250,W,39,N,,,703441,128.01,0
17,40.122,"Mount",0.420,-0.797,0.901,-0.004,0.306,0.000,159,W,0,,,,684446,140.00,0
18,42.671,"Mount",0.654,-0.358,0.619,-0.414,0.240,-0.149,124,W,64,N,,,750334,136.31,0
19,44.925,"Mount",0.603,-0.003,0.280,-0.534,0.092,-0.198,48,W,85,N,,,780449,141.28,0
20,47.336,"Mount",-0.216,0.018,-0.116,0.183,0.004,0.058,2,W,25,S,,,726743,167.30,0
21,49.480,"Mount",0.021,0.074,-0.055,-0.053,0.047,0.000,24,W,0,,,,764986,151.15,0
22,51.890,"Mount",0.216,0.183,-0.063,-0.277,-0.002,-0.100,1,E,43,N,,,694314,120.79,0
23,54.099,"Mount",0.040,0.213,-0.171,-0.134,-0.044,-0.052,23,E,22,N,,,678359,126.77,0
24,56.537,"Mount",0.062,0.281,-0.221,-0.185,-0.096,-0.069,50,E,29,N,,,683362,134.55,0
25,58.704,"Mount",0.039,0.168,-0.131,-0.112,-0.065,-0.043,34,E,18,N,,,668883,137.53,0
26,61.130,"Mount",0.018,0.145,-0.121,-0.083,-0.077,-0.032,40,E,14,N,,,680263,128.66,0
27,63.380,"Mount",0.200,0.263,-0.141,-0.299,-0.088,-0.109,45,E,47,N,,,687928,142.23,0
28,65.690,"Mount",-0.084,0.071,-0.101,0.042,-0.076,0.000,39,E,0,,,,591945,117.34,0
29,67.867,"Mount",-0.077,0.248,-0.256,-0.046,-0.119,0.000,62,E,0,,,,687619,147.38,0
30,70.307,"Mount",-0.321,0.196,-0.322,0.194,-0.144,0.070,74,E,30,S,,,645309,144.86,0
31,72.500,"Mount",0.006,0.185,-0.162,-0.091,-0.065,-0.030,33,E,13,N,,,707665,133.97,0
32,74.944,"Mount",-0.254,0.105,-0.210,0.177,-0.081,0.062,42,E,27,S,,,816795,149.14,0
33,77.204,"Mount",-0.327,0.079,-0.221,0.254,-0.083,0.094,43,E,40,S,,,649904,126.69,0
34,79.594,"Mount",-0.135,0.090,-0.142,0.078,-0.049,0.032,25,E,14,S,,,649646,141.93,0
35,81.692,"Mount",-0.019,0.102,-0.099,-0.030,-0.052,0.000,27,E,0,,,,672681,133.32,0
36,84.010,"Mount",-0.010,0.031,-0.032,-0.006,-0.009,0.000,5,E,0,,,,649759,138.73,0
37,86.130,"Mount",-0.013,0.068,-0.066,-0.020,-0.040,0.000,21,E,0,,,,666417,128.71,0
38,88.483,"Mount",-0.049,0.144,-0.150,-0.023,-0.074,0.000,39,E,0,,,,735672,158.47,0
39,90.632,"Mount",0.177,0.056,0.032,-0.183,-0.006,-0.066,3,E,28,N,,,715230,141.53,0
40,93.008,"Mount",0.095,-0.023,0.064,-0.074,0.018,-0.029,9,W,13,N,,,656770,129.47,0
41,95.165,"Mount",0.179,0.007,0.076,-0.162,0.027,-0.060,14,W,25,N,,,674286,127.79,0
42,97.539,"Mount",0.021,0.057,-0.041,-0.045,0.003,0.000,2,W,0,,,,707234,150.89,0
43,99.671,"Mount",-0.050,0.072,-0.087,0.011,-0.030,0.000,15,E,0,,,,699614,135.90,0
44,102.006,"Mount",0.018,-0.008,0.015,-0.012,0.010,0.000,5,W,0,,,,681681,148.79,0
45,104.283,"Mount",0.068,0.279,-0.216,-0.189,-0.079,-0.068,41,E,29,N,,,738218,137.21,0
46,106.676,"Mount",0.179,-0.028,0.108,-0.146,0.048,-0.055,25,W,24,N,,,686762,142.67,0
47,108.820,"Mount",0.023,0.138,-0.112,-0.085,-0.046,-0.033,24,E,14,N,,,623844,112.91,0
48,111.262,"Mount",0.237,0.291,-0.149,-0.344,-0.069,-0.125,36,E,54,N,,,732056,142.95,0
49,113.521,"Mount",0.012,0.256,-0.221,-0.129,-0.104,-0.051,54,E,22,N,,,719964,177.24,0
50,115.942,"Mount",-0.311,0.091,-0.224,0.234,-0.113,0.082,58,E,35,S,,,726078,143.62,0
51,118.133,"Mount",0.299,0.179,-0.021,-0.348,-0.018,-0.122,9,E,52,N,,,756522,135.00,0
52,120.672,"Mount",-0.485,0.301,-0.491,0.291,-0.225,0.100,117,E,43,S,,,700981,136.12,0
53,123.024,"Mount",-0.570,0.225,-0.462,0.402,-0.206,0.149,107,E,64,S,,,686480,147.09,0
54,125.373,"Mount",-0.149,0.176,-0.225,0.051,-0.114,0.000,59,E,0,,,,612784,122.58,0
55,127.595,"Mount",-0.346,0.039,-0.194,0.289,-0.109,0.104,56,E,44,S,,,817017,151.63,0
56,130.055,"Mount",-0.320,0.189,-0.315,0.197,-0.154,0.075,80,E,32,S,,,734594,148.75,0
57,132.233,"Mount",0.142,0.096,-0.020,-0.171,0.010,-0.058,5,W,25,N,,,587684,120.50,0
58,134.691,"Mount",0.043,0.472,-0.399,-0.255,-0.156,-0.094,81,E,40,N,,,622793,140.87,0
59,136.978,"Mount",-0.132,0.405,-0.420,-0.069,-0.176,-0.029,91,E,12,N,,,717799,125.69,0
60,139.415,"Mount",0.144,0.223,-0.132,-0.231,-0.062,-0.084,32,E,36,N,,,761315,140.80,0
61,141.721,"Mount",-0.006,0.170,-0.154,-0.073,-0.117,-0.030,61,E,13,N,,,770408,131.52,0
62,144.192,"Mount",0.096,0.397,-0.308,-0.268,-0.182,-0.098,94,E,42,N,,,695466,122.08,0
63,146.448,"Mount",0.030,0.449,-0.385,-0.234,-0.180,-0.088,93,E,38,N,,,745805,137.13,0
64,148.922,"Mount",0.276,0.260,-0.104,-0.365,-0.062,-0.135,32,E,58,N,,,684018,136.53,0
65,151.037,"Mount",-0.015,0.125,-0.118,-0.044,-0.079,0.000,41,E,0,,,,665747,128.88,0
66,153.501,"Mount",-0.295,0.479,-0.561,0.041,-0.256,0.000,132,E,0,,,,687905,142.12,0
67,155.925,"Mount",-0.920,0.303,-0.692,0.676,-0.298,0.243,154,E,104,S,,,676893,121.17,0
68,158.439,"Mount",-0.609,-0.001,-0.280,0.540,-0.128,0.204,66,E,87,S,,,710787,141.81,0
69,160.601,"Mount",0.036,0.117,-0.088,-0.086,-0.045,-0.023,23,E,10,N,,,692760,136.94,0
70,163.092,"Mount",-0.372,0.057,-0.222,0.304,-0.159,0.108,82,E,46,S,,,742251,146.95,0
71,165.364,"Mount",0.108,0.303,-0.219,-0.236,-0.153,-0.081,79,E,34,N,,,653089,134.61,0
72,167.760,"Mount",-0.106,-0.080,0.022,0.131,0.026,0.044,14,W,19,S,,,586211,133.05,0
73,169.965,"Mount",0.204,0.159,-0.047,-0.254,0.033,-0.090,17,W,38,N,,,637114,131.69,0
74,172.391,"Mount",-0.028,0.394,-0.362,-0.156,-0.118,-0.060,61,E,26,N,,,730603,134.16,0
75,174.587,"Mount",0.160,0.185,-0.091,-0.228,-0.003,-0.084,2,E,36,N,,,709845,138.13,0
76,177.120,"Mount",-0.208,0.592,-0.621,-0.089,-0.291,-0.035,150,E,15,N,,,652680,129.57,0
77,179.475,"Mount",-0.096,0.702,-0.668,-0.239,-0.310,-0.088,161,E,37,N,,,729268,126.35,0
78,182.002,"Mount",0.057,0.477,-0.398,-0.271,-0.245,-0.101,127,E,43,N,,,664571,144.52,0
79,184.297,"Mount",-0.088,0.586,-0.561,-0.193,-0.314,-0.073,162,E,31,N,,,675520,141.01,0
80,186.755,"Mount",-0.283,0.429,-0.511,0.053,-0.308,0.000,160,E,0,,,,774892,142.45,0
81,189.085,"Mount",-0.406,0.565,-0.688,0.099,-0.377,0.036,195,E,15,S,,,580601,137.81,0
82,191.635,"Mount",-0.453,0.302,-0.476,0.262,-0.273,0.096,141,E,41,S,,,581801,121.04,0
83,193.921,"Mount",0.103,0.441,-0.344,-0.295,-0.206,-0.102,107,E,44,N,,,746870,144.11,0
84,196.319,"Mount",-0.172,0.360,-0.399,-0.014,-0.214,0.000,111,E,0,,,,636096,124.94,0
85,198.649,"Mount",-0.399,0.570,-0.690,0.091,-0.318,0.033,165,E,14,S,,,644153,142.58,0
86,201.158,"Mount",-0.420,0.378,-0.529,0.198,-0.239,0.073,124,E,31,S,,,737645,163.32,0
87,203.351,"Mount",-0.093,0.164,-0.188,0.007,-0.088,0.000,45,E,0,,,,735943,137.08,0
88,205.820,"Mount",-0.266,0.365,-0.447,0.068,-0.184,0.024,96,E,10,S,,,700515,144.85,0
89,208.112,"Mount",0.122,0.366,-0.269,-0.277,-0.161,-0.099,83,E,42,N,,,701511,147.70,0
90,210.521,"Mount",0.234,0.201,-0.070,-0.300,-0.079,-0.112,41,E,48,N,,,823015,140.94,0
91,212.760,"Mount",-0.092,0.470,-0.460,-0.136,-0.182,-0.053,94,E,23,N,,,678860,138.06,0
92,215.269,"Mount",-0.310,0.181,-0.303,0.192,-0.106,0.067,55,E,29,S,,,711088,131.75,0
93,217.618,"Mount",-0.674,0.269,-0.550,0.474,-0.240,0.173,124,E,74,S,,,704587,138.16,0
94,222.257,"Mount",-0.384,0.340,-0.478,0.183,-0.206,0.073,107,E,31,S,,,647237,125.38,0
95,224.758,"Mount",-0.416,0.264,-0.426,0.247,-0.236,0.092,122,E,39,S,,,605160,121.76,0
96,227.076,"Mount",-0.362,0.286,-0.421,0.189,-0.230,0.072,119,E,31,S,,,672165,127.75,0
97,229.455,"Mount",0.146,0.128,-0.046,-0.189,-0.045,-0.065,23,E,28,N,,,680792,131.65,0
98,231.711,"Mount",0.180,0.209,-0.103,-0.256,-0.132,-0.095,68,E,41,N,,,657343,139.85,0
99,234.136,"Mount",0.102,0.033,0.018,-0.106,-0.079,-0.042,41,E,18,N,,,700257,137.49,0
100,236.301,"Mount",0.192,0.114,-0.013,-0.223,0.031,-0.082,16,W,35,N,,,675900,141.18,0
101,238.578,"Mount",-0.027,0.060,-0.065,-0.004,0.018,0.000,9,W,0,,,,773405,149.08,0
102,240.828,"Mount",-0.444,0.354,-0.519,0.230,-0.186,0.083,96,E,35,S,,,772366,136.68,0
103,243.391,"Mount",0.128,0.476,-0.363,-0.334,-0.113,-0.117,58,E,50,N,,,609911,117.83,0
104,245.691,"Mount",0.149,0.378,-0.267,-0.306,-0.078,-0.115,40,E,49,N,,,664487,130.53,0
105,248.164,"Mount",0.111,0.345,-0.255,-0.257,-0.179,-0.097,93,E,42,N,,,638203,144.52,0
106,250.393,"Mount",0.014,0.242,-0.209,-0.124,-0.162,-0.049,84,E,21,N,,,707091,141.02,0
107,252.882,"Mount",-0.410,0.029,-0.214,0.351,-0.132,0.124,68,E,53,S,,,682389,149.74,0
108,255.078,"Mount",-0.078,-0.263,0.198,0.190,0.045,0.073,23,W,31,S,,,672050,144.99,0
109,257.505,"Mount",-0.252,-0.224,0.083,0.327,0.004,0.121,2,W,52,S,,,621894,140.30,0
110,259.713,"Mount",-0.290,-0.279,0.114,0.387,0.027,0.144,14,W,62,S,,,718754,155.24,0
111,262.283,"Mount",-0.161,-0.394,0.276,0.325,0.148,0.123,77,W,52,S,,,705533,132.96,0
112,264.628,"Mount",0.171,-0.473,0.499,0.066,0.248,0.029,129,W,12,S,,,630463,132.40,0
113,267.031,"Mount",-0.106,-0.151,0.085,0.164,0.071,0.060,37,W,26,S,,,700536,148.33,0
114,269.193,"Mount",0.132,-0.149,0.193,-0.048,0.115,0.000,60,W,0,,,,662026,144.77,0
115,271.602,"Mount",-0.114,-0.242,0.162,0.213,0.096,0.077,50,W,33,S,,,738497,144.46,0
116,273.750,"Mount",0.045,-0.162,0.164,0.035,0.091,0.000,47,W,0,,,,740030,131.07,0
117,276.189,"Mount",0.236,-0.032,0.137,-0.195,0.056,-0.070,29,W,30,N,,,723745,132.38,0
118,278.345,"Mount",0.016,-0.169,0.157,0.064,0.054,0.020,28,W,9,S,,,676938,124.62,0
119,280.720,"Mount",-0.177,-0.188,0.086,0.244,0.011,0.089,6,W,38,S,,,661405,130.64,0
120,282.862,"Mount",0.128,-0.223,0.257,-0.010,0.090,0.000,46,W,0,,,,725751,135.08,0
121,285.289,"Mount",0.207,-0.224,0.294,-0.080,0.095,-0.029,49,W,12,N,,,696784,157.59,0
122,287.392,"Mount",0.060,-0.129,0.142,0.007,0.033,0.000,17,W,0,,,,630297,131.95,0
123,289.742,"Mount",0.129,-0.130,0.175,-0.055,0.039,0.000,20,W,0,,,,786138,153.46,0
124,291.979,"Mount",0.085,-0.303,0.308,0.064,0.113,0.023,59,W,10,S,,,636719,145.34,0
125,294.384,"Mount",0.017,-0.180,0.168,0.068,0.047,0.025,24,W,11,S,,,651775,128.03,0
126,296.521,"Mount",0.004,0.029,-0.023,-0.017,0.018,0.000,9,W,0,,,,676897,128.84,0
127,298.890,"Mount",0.150,0.077,0.001,-0.168,0.011,-0.060,6,W,26,N,,,673528,133.45,0
128,301.114,"Mount",0.187,0.260,-0.145,-0.286,-0.085,-0.106,44,E,45,N,,,697608,147.27,0
129,303.575,"Mount",-0.008,0.169,-0.154,-0.070,-0.105,-0.030,55,E,13,N,,,697639,158.82,0
130,305.657,"Mount",-0.021,-0.023,0.010,0.029,-0.077,0.000,40,E,0,,,,630216,125.17,0
131,308.009,"Mount",0.038,-0.061,0.071,-0.006,-0.068,0.000,35,E,0,,,,729953,136.07,0
132,310.290,"Mount",-0.006,0.178,-0.161,-0.077,-0.177,-0.028,91,E,12,N,,,825909,157.60,0
133,312.657,"Mount",0.208,-0.075,0.163,-0.150,-0.027,-0.055,14,E,24,N,,,685850,140.53,0
134,314.814,"Mount",0.290,-0.136,0.254,-0.195,0.006,-0.072,3,W,31,N,,,712453,137.60,0
135,317.238,"Mount",0.209,-0.239,0.308,-0.075,0.083,-0.030,43,W,13,N,,,686084,126.97,0
136,319.398,"Mount",0.115,-0.296,0.316,0.035,0.087,0.000,45,W,0,,,,679407,135.15,0
137,321.856,"Mount",-0.084,-0.297,0.225,0.212,0.115,0.076,59,W,33,S,,,653550,138.35,0
138,324.023,"Mount",0.068,-0.159,0.172,0.013,0.090,0.000,47,W,0,,,,673945,143.40,0
139,326.561,"Mount",0.182,-0.497,0.525,0.068,0.236,0.025,122,W,11,S,,,818931,147.96,0
140,328.723,"Mount",-0.030,-0.153,0.122,0.098,0.055,0.036,29,W,15,S,,,669259,131.47,0
141,331.192,"Mount",0.318,-0.231,0.351,-0.175,0.170,-0.062,88,W,26,N,,,744655,160.65,0
142,333.430,"Mount",0.207,-0.200,0.273,-0.092,0.124,-0.036,64,W,15,N,,,695032,147.24,0
143,335.800,"Mount",0.104,-0.209,0.233,0.004,0.101,0.000,52,W,0,,,,664286,152.45,0
144,338.037,"Mount",-0.010,-0.322,0.281,0.158,0.127,0.057,66,W,24,S,,,654893,142.81,0
145,340.557,"Mount",0.372,-0.539,0.650,-0.080,0.281,-0.027,146,W,11,N,,,750255,140.30,0
146,342.859,"Mount",0.280,-0.363,0.451,-0.081,0.195,-0.030,101,W,13,N,,,680652,153.43,0
147,345.258,"Mount",0.181,-0.397,0.435,0.023,0.200,0.000,104,W,0,,,,711572,159.39,0
148,347.492,"Mount",0.206,-0.390,0.441,-0.003,0.245,0.000,127,W,0,,,,644369,133.36,0
149,349.931,"Mount",-0.008,-0.163,0.141,0.082,0.132,0.030,68,W,13,S,,,674191,138.02,0
150,352.171,"Mount",-0.181,-0.119,0.022,0.215,0.087,0.079,45,W,34,S,,,738368,152.77,0
151,354.648,"Mount",0.034,-0.199,0.193,0.061,0.180,0.025,93,W,11,S,,,682498,139.17,0
152,356.828,"Mount",0.063,-0.149,0.162,0.013,0.137,0.000,71,W,0,,,,726942,133.10,0
153,359.302,"Mount",-0.073,-0.203,0.146,0.158,0.122,0.057,63,W,24,S,,,671280,131.74,0
154,361.423,"Mount",-0.095,-0.041,-0.007,0.103,0.048,0.039,25,W,17,S,,,706981,127.91,0
155,363.776,"Mount",0.082,-0.095,0.122,-0.029,0.081,0.000,42,W,0,,,,615793,131.46,0
156,365.947,"Mount",-0.049,-0.038,0.011,0.061,-0.003,0.022,2,E,9,S,,,681149,130.67,0
157,368.251,"Mount",0.109,-0.116,0.153,-0.043,0.036,0.000,19,W,0,,,,671300,132.86,0
158,370.407,"Mount",0.209,0.021,0.078,-0.195,-0.020,-0.070,10,E,30,N,,,694585,127.69,0
159,372.845,"Mount",0.199,0.055,0.042,-0.202,-0.066,-0.076,34,E,32,N,,,618545,127.08,0
160,375.093,"Mount",0.241,-0.002,0.113,-0.213,-0.027,-0.080,14,E,34,N,,,683586,134.20,0
161,377.410,"Mount",-0.015,-0.024,0.015,0.024,-0.073,0.000,38,E,0,,,,700543,144.62,0
162,379.459,"Mount",0.098,-0.160,0.187,-0.013,0.018,0.000,9,W,0,,,,673658,139.11,0
163,381.830,"Mount",-0.111,-0.185,0.114,0.184,0.022,0.066,11,W,28,S,,,672625,148.18,0
164,383.993,"Mount",-0.117,-0.172,0.099,0.184,0.036,0.069,19,W,29,S,,,644990,134.02,0
165,386.351,"Mount",-0.088,-0.084,0.034,0.117,0.037,0.045,19,W,19,S,,,810237,146.16,0
166,388.533,"Mount",-0.078,-0.070,0.026,0.102,0.050,0.039,26,W,16,S,,,603711,151.51,0
167,390.905,"Mount",0.067,-0.134,0.150,0.003,0.114,0.000,59,W,0,,,,679071,154.87,0
168,393.129,"Mount",-0.051,-0.350,0.287,0.207,0.171,0.074,88,W,32,S,,,627139,132.05,0
169,395.518,"Mount",0.040,0.083,-0.055,-0.073,0.039,-0.023,20,W,10,N,,,665944,130.44,0
170,397.729,"Mount",0.161,-0.025,0.096,-0.131,0.058,-0.048,30,W,21,N,,,700515,159.03,0
171,400.075,"Mount",0.094,-0.119,0.149,-0.028,0.057,0.000,30,W,0,,,,702873,140.46,0
172,402.207,"Mount",-0.022,-0.038,0.024,0.037,-0.041,0.000,21,E,0,,,,714994,136.00,0
173,404.594,"Mount",-0.065,-0.027,-0.006,0.070,-0.062,0.025,32,E,11,S,,,649524,124.45,0
174,406.833,"Mount",0.193,0.193,-0.082,-0.260,-0.099,-0.093,51,E,40,N,,,742283,142.92,0
175,409.329,"Mount",0.258,-0.035,0.149,-0.213,-0.013,-0.080,7,E,34,N,,,722154,132.26,0
176,411.565,"Mount",0.105,0.089,-0.031,-0.134,-0.060,-0.051,31,E,22,N,,,721556,132.77,0
177,413.955,"Mount",0.181,-0.208,0.268,-0.064,0.053,-0.025,27,W,11,N,,,714242,155.85,0
178,416.110,"Mount",0.175,0.080,0.010,-0.192,-0.028,-0.070,14,E,30,N,,,713068,136.48,0
179,419.312,"Mount",-1.293,3.200,-3.436,-0.330,-1.509,-0.122,781,E,52,N,,,750991,143.07,0
180,421.907,"Mount",-0.807,1.667,-1.851,-0.054,-0.916,0.000,474,E,0,,,,691929,145.32,0
181,424.675,"Mount",1.121,-2.209,2.477,0.026,0.931,0.000,482,W,0,,,,607359,133.97,0
182,427.095,"Mount",0.787,-1.770,1.934,0.119,0.500,0.043,259,W,18,S,,,752240,148.77,0
183,429.504,"Mount",0.574,-1.058,1.203,-0.021,0.221,0.000,115,W,0,,,,716326,142.92,0
184,431.950,"Mount",0.424,-0.906,1.000,0.042,0.676,0.000,350,W,0,,,,723925,148.72,0
185,434.487,"Mount",-0.001,-0.251,0.222,0.116,0.376,0.042,195,W,18,S,,,642890,124.86,0
186,436.735,"Mount",0.076,-0.010,0.044,-0.063,0.242,-0.021,125,W,9,N,,,710410,143.43,0
187,439.223,"Mount",-0.023,0.098,-0.097,-0.025,0.213,0.000,110,W,0,,,,654536,126.11,0
188,441.511,"Mount",0.054,0.662,-0.563,-0.354,-0.194,-0.127,100,E,55,N,,,680001,147.13,0
189,443.888,"Mount",-0.169,0.163,-0.222,0.075,-0.062,0.022,32,E,9,S,,,668203,124.04,0
190,446.119,"Mount",0.091,0.123,-0.068,-0.137,-0.121,-0.049,63,E,21,N,,,642183,143.01,0
191,448.560,"Mount",0.088,0.073,-0.024,-0.112,-0.114,-0.042,59,E,18,N,,,699374,127.86,0
192,450.707,"Mount",0.028,0.026,-0.010,-0.037,-0.110,0.000,57,E,0,,,,722144,138.46,0
193,453.102,"Mount",0.033,-0.006,0.021,-0.027,-0.134,0.000,70,E,0,,,,660544,133.79,0
194,455.289,"Mount",0.183,-0.145,0.213,-0.095,-0.059,-0.034,30,E,15,N,,,714551,152.69,0
195,457.730,"Mount",-0.267,-0.347,0.185,0.397,-0.038,0.142,20,E,61,S,,,688663,137.90,0
196,459.927,"Mount",0.037,-0.522,0.481,0.208,0.079,0.081,41,W,34,S,,,636179,121.72,0
197,462.369,"Mount",-0.194,-0.377,0.245,0.346,0.030,0.128,15,W,55,S,,,707589,148.48,0
198,464.636,"Mount",-0.293,-0.242,0.080,0.372,-0.044,0.139,23,E,59,S,,,658964,121.72,0
199,467.049,"Mount",-0.072,-0.180,0.126,0.147,0.028,0.058,15,W,25,S,,,778770,147.93,0
200,469.272,"Mount",-0.079,-0.215,0.154,0.169,0.048,0.063,25,W,27,S,,,718422,130.59,0
201,471.775,"Mount",-0.187,0.072,-0.150,0.132,-0.081,0.050,42,E,21,S,,,811197,150.38,0
202,473.877,"Mount",-0.056,0.025,-0.048,0.038,-0.007,0.000,4,E,0,,,,679382,127.31,0
203,476.237,"Mount",-0.132,-0.032,-0.032,0.132,-0.026,0.048,13,E,20,S,,,816312,150.01,0
204,478.464,"Mount",0.063,0.183,-0.133,-0.140,-0.085,-0.049,44,E,21,N,,,683823,132.66,0
205,481.058,"Mount",0.102,0.396,-0.304,-0.273,-0.194,-0.100,101,E,43,N,,,664343,132.56,0
206,483.344,"Mount",0.184,0.138,-0.038,-0.227,-0.078,-0.086,40,E,37,N,,,701979,139.47,0
207,485.798,"Mount",-0.105,0.190,-0.217,0.005,-0.203,0.000,105,E,0,,,,709957,127.43,0
208,488.070,"Mount",0.253,0.160,-0.025,-0.299,-0.147,-0.108,76,E,46,N,,,761628,160.72,0
209,490.484,"Mount",0.015,0.091,-0.074,-0.056,-0.213,0.000,110,E,0,,,,743804,137.35,0
210,492.704,"Mount",0.093,0.078,-0.027,-0.118,-0.157,-0.043,82,E,18,N,,,746013,128.34,0
211,495.161,"Mount",-0.140,-0.091,0.016,0.166,-0.172,0.058,89,E,25,S,,,624751,123.71,0
212,497.356,"Mount",0.016,-0.171,0.159,0.065,-0.060,0.026,31,E,11,S,,,732469,135.05,0
213,499.798,"Mount",-0.072,-0.180,0.127,0.147,-0.065,0.054,33,E,23,S,,,638668,130.16,0
214,501.976,"Mount",0.158,-0.172,0.225,-0.061,0.039,-0.020,20,W,8,N,,,728075,132.33,0
215,504.343,"Mount",0.085,-0.004,0.043,-0.074,-0.038,-0.027,20,E,12,N,,,753205,154.72,0
216,506.484,"Mount",0.100,-0.049,0.090,-0.066,0.033,-0.025,17,W,11,N,,,692173,132.47,0
217,508.884,"Mount",-0.225,-0.032,-0.075,0.214,-0.025,0.076,13,E,33,S,,,686458,152.45,0
218,511.079,"Mount",0.247,-0.064,0.171,-0.190,0.064,-0.065,33,W,28,N,,,744380,137.20,0
219,513.445,"Mount",-0.074,0.062,-0.089,0.037,-0.058,0.000,30,E,0,,,,694074,126.03,0
220,515.672,"Mount",0.063,0.139,-0.094,-0.121,-0.076,-0.043,39,E,19,N,,,740680,156.29,0
221,518.209,"Mount",-0.402,0.234,-0.393,0.248,-0.255,0.088,132,E,37,S,,,718970,150.45,0
222,520.458,"Mount",-0.315,-0.047,-0.103,0.301,-0.163,0.112,84,E,48,S,,,652766,143.30,0
223,522.978,"Mount",0.046,0.213,-0.167,-0.139,-0.265,-0.046,137,E,20,N,,,721027,140.07,0
224,525.267,"Mount",-0.085,0.058,-0.091,0.049,-0.265,0.000,137,E,0,,,,709973,136.96,0
225,527.806,"Mount",-0.168,0.079,-0.148,0.113,-0.298,0.041,154,E,17,S,,,673653,147.17,0
226,530.107,"Mount",-0.170,-0.048,-0.036,0.173,-0.246,0.064,128,E,27,S,,,597363,133.03,0
227,532.579,"Mount",-0.025,0.074,-0.078,-0.012,-0.276,0.000,143,E,0,,,,655631,123.92,0
228,534.804,"Mount",-0.022,0.037,-0.043,0.003,-0.225,0.000,117,E,0,,,,651477,124.24,0
229,537.276,"Mount",0.079,0.055,-0.012,-0.096,-0.186,-0.034,96,E,15,N,,,720522,148.85,0
230,539.477,"Mount",-0.041,0.085,-0.094,-0.002,-0.201,0.000,104,E,0,,,,677429,142.79,0
231,541.941,"Mount",-0.188,0.176,-0.243,0.086,-0.235,0.031,122,E,13,S,,,729511,165.32,0
232,544.089,"Mount",-0.093,0.116,-0.146,0.029,-0.162,0.000,84,E,0,,,,747109,141.59,0
233,546.493,"Mount",-0.094,0.053,-0.090,0.059,-0.149,0.000,77,E,0,,,,694807,149.50,0
234,548.687,"Mount",-0.112,0.063,-0.108,0.070,-0.136,0.025,70,E,11,S,,,704280,158.28,0
235,551.118,"Mount",-0.105,0.027,-0.072,0.080,-0.136,0.030,71,E,13,S,,,737088,143.93,0
236,553.339,"Mount",-0.164,-0.103,0.016,0.193,-0.100,0.071,52,E,30,S,,,628235,146.72,0
237,555.742,"Mount",-0.045,0.179,-0.180,-0.043,-0.193,0.000,100,E,0,,,,672112,136.59,0
238,558.005,"Mount",-0.157,0.049,-0.116,0.116,-0.169,0.042,87,E,18,S,,,651786,132.59,0
239,560.396,"Mount",-0.122,0.127,-0.169,0.050,-0.213,0.000,110,E,0,,,,683609,133.94,0
240,562.526,"Mount",0.055,-0.133,0.143,0.013,-0.055,0.000,29,E,0,,,,714886,158.00,0
241,564.977,"Mount",-0.096,-0.029,-0.019,0.099,-0.128,0.036,66,E,15,S,,,698117,139.18,0
242,567.199,"Mount",-0.131,-0.072,0.004,0.150,-0.097,0.055,50,E,24,S,,,750578,144.04,0
243,569.685,"Mount",-0.158,0.008,-0.080,0.136,-0.132,0.051,68,E,22,S,,,705961,142.53,0
244,571.879,"Mount",-0.084,-0.045,0.001,0.096,-0.093,0.036,48,E,16,S,,,721810,135.68,0
245,574.291,"Mount",-0.059,-0.086,0.049,0.091,-0.082,0.034,43,E,15,S,,,673990,134.50,0
246,576.423,"Mount",-0.029,0.123,-0.123,-0.031,-0.136,0.000,71,E,0,,,,658184,164.14,0
247,578.801,"Mount",-0.015,-0.031,0.021,0.028,-0.073,0.000,38,E,0,,,,708374,135.22,0
248,580.930,"Mount",0.014,-0.008,0.013,-0.009,-0.070,0.000,37,E,0,,,,726361,132.98,0
249,583.320,"Mount",0.042,0.071,-0.043,-0.070,-0.071,-0.025,37,E,11,N,,,746810,133.27,0
250,585.520,"Mount",0.096,0.070,-0.018,-0.118,-0.071,-0.043,37,E,19,N,,,684788,144.61,0
251,587.864,"Mount",0.079,-0.050,0.081,-0.047,-0.040,0.000,21,E,0,,,,699998,149.98,0
252,590.073,"Mount",0.109,-0.006,0.056,-0.094,-0.075,-0.034,39,E,14,N,,,683900,123.15,0
253,592.472,"Mount",0.080,-0.167,0.185,0.007,0.036,0.000,19,W,0,,,,642713,140.90,0
254,594.525,"Mount",0.045,-0.120,0.127,0.015,0.017,0.000,9,W,0,,,,673951,131.47,0
255,596.871,"Mount",0.046,-0.205,0.204,0.054,0.075,0.000,39,W,0,,,,632286,124.06,0
256,599.144,"Mount",-0.035,-0.237,0.194,0.140,0.086,0.051,45,W,22,S,,,699073,127.96,0
257,601.525,"Mount",0.152,-0.043,0.108,-0.115,0.072,-0.039,37,W,17,N,,,756512,148.82,0
258,603.743,"Mount",0.207,-0.260,0.326,-0.064,0.187,-0.024,97,W,10,N,,,734135,147.23,0
259,608.350,"Mount",0.183,-0.175,0.240,-0.082,0.212,-0.031,110,W,13,N,,,699465,127.69,0
260,610.780,"Mount",0.165,-0.018,0.092,-0.138,0.131,-0.051,68,W,22,N,,,661060,133.49,0
261,612.965,"Mount",0.080,-0.007,0.043,-0.067,0.102,-0.026,53,W,11,N,,,696884,141.21,0
262,615.340,"Mount",0.070,-0.033,0.061,-0.047,0.125,0.000,65,W,0,,,,700328,126.65,0
263,617.490,"Mount",0.009,-0.063,0.060,0.021,0.047,0.000,24,W,0,,,,773304,155.20,0
264,619.922,"Mount",-0.050,-0.079,0.047,0.081,0.034,0.029,18,W,13,S,,,698792,127.92,0
265,622.072,"Mount",0.102,-0.118,0.152,-0.036,0.075,0.000,39,W,0,,,,674528,131.77,0
266,624.438,"Mount",0.120,-0.167,0.204,-0.029,0.090,0.000,47,W,0,,,,706883,146.90,0
267,626.619,"Mount",0.012,-0.165,0.152,0.065,0.083,0.024,43,W,10,S,,,727472,157.49,0
268,629.020,"Mount",-0.181,-0.080,-0.012,0.197,0.015,0.072,8,W,31,S,,,654724,121.55,0
269,631.288,"Mount",-0.150,-0.207,0.115,0.228,0.106,0.085,55,W,36,S,,,689256,142.80,0
270,633.688,"Mount",0.075,-0.152,0.169,0.004,0.132,0.000,68,W,0,,,,676666,128.42,0
271,635.884,"Mount",0.156,-0.113,0.172,-0.087,0.135,-0.031,70,W,13,N,,,679036,144.68,0
272,638.423,"Mount",0.259,-0.259,0.349,-0.110,0.207,-0.041,107,W,18,N,,,704270,156.88,0
273,640.639,"Mount",0.025,-0.199,0.188,0.070,0.120,0.024,62,W,10,S,,,708381,130.31,0
274,643.066,"Mount",-0.014,-0.120,0.100,0.067,0.089,0.025,46,W,11,S,,,708680,132.08,0
275,645.183,"Mount",-0.023,0.144,-0.139,-0.046,-0.039,0.000,20,E,0,,,,769842,137.75,0
276,647.568,"Mount",-0.100,0.137,-0.167,0.025,-0.101,0.000,52,E,0,,,,753599,146.28,0
277,649.704,"Mount",-0.117,0.116,-0.157,0.050,-0.110,0.000,57,E,0,,,,683185,135.88,0
278,652.066,"Mount",-0.045,-0.028,0.004,0.053,-0.092,0.000,48,E,0,,,,682634,125.71,0
279,654.236,"Mount",0.021,-0.226,0.210,0.086,0.037,0.031,19,W,13,S,,,692982,147.72,0
280,656.601,"Mount",0.094,-0.172,0.196,-0.004,0.068,0.000,35,W,0,,,,691747,155.22,0
281,658.736,"Mount",0.064,-0.213,0.218,0.042,0.094,0.000,49,W,0,,,,751039,148.43,0
282,661.173,"Mount",-0.052,-0.129,0.091,0.106,0.116,0.038,60,W,16,S,,,783797,133.00,0
283,663.416,"Mount",0.184,-0.077,0.153,-0.128,0.166,-0.045,86,W,19,N,,,669244,133.12,0
284,665.831,"Mount",-0.106,0.040,-0.084,0.076,0.072,0.025,37,W,11,S,,,656316,131.47,0
285,668.052,"Mount",0.094,-0.171,0.195,-0.005,0.224,0.000,116,W,0,,,,653524,127.06,0
286,670.389,"Mount",-0.165,0.186,-0.241,0.060,0.029,0.000,15,W,0,,,,728276,121.94,0
287,672.556,"Mount",-0.181,0.100,-0.172,0.114,0.037,0.041,19,W,18,S,,,715878,143.56,0
288,674.944,"Mount",0.066,-0.092,0.112,-0.016,0.165,0.000,85,W,0,,,,745036,142.64,0
289,677.152,"Mount",0.126,0.113,-0.042,-0.164,0.053,-0.059,28,W,25,N,,,594688,140.79,0
290,679.511,"Mount",-0.020,-0.062,0.046,0.047,0.052,0.000,27,W,0,,,,704225,160.48,0
291,681.777,"Mount",-0.196,-0.289,0.166,0.307,0.146,0.111,76,W,47,S,,,679299,129.95,0
292,684.285,"Mount",0.241,-0.299,0.377,-0.076,0.248,-0.023,128,W,10,N,,,759578,132.88,0
293,686.495,"Mount",0.081,-0.151,0.171,-0.002,0.204,0.000,105,W,0,,,,692645,125.38,0
294,688.910,"Mount",0.081,-0.205,0.219,0.022,0.233,0.000,121,W,0,,,,654518,129.37,0
295,691.196,"Mount",-0.025,-0.289,0.245,0.156,0.279,0.056,144,W,24,S,,,717331,133.87,0
296,693.738,"Mount",-0.096,-0.228,0.158,0.191,0.255,0.071,132,W,30,S,,,706297,136.16,0
297,696.041,"Mount",-0.184,-0.188,0.082,0.250,0.213,0.093,110,W,40,S,,,696617,124.41,0
298,698.564,"Mount",0.130,0.008,0.053,-0.119,0.182,-0.039,94,W,17,N,,,727156,159.16,0
299,700.719,"Mount",-0.024,0.103,-0.102,-0.026,0.124,0.000,64,W,0,,,,680237,156.33,0
300,703.103,"Mount",0.017,0.122,-0.100,-0.072,0.104,-0.026,54,W,11,N,,,746740,130.15,0
301,705.211,"Mount",-0.058,0.178,-0.184,-0.031,0.051,0.000,26,W,0,,,,852796,161.62,0
302,707.565,"Mount",-0.153,0.045,-0.110,0.115,0.021,0.042,11,W,18,S,,,646473,154.59,0
303,709.780,"Mount",0.234,0.097,0.021,-0.252,0.048,-0.089,25,W,38,N,,,729886,165.32,0
304,712.206,"Mount",-0.200,0.081,-0.164,0.140,-0.067,0.047,35,E,20,S,,,708721,137.33,0
305,714.372,"Mount",-0.169,-0.046,-0.037,0.171,-0.026,0.063,14,E,27,S,,,736525,145.84,0
306,716.773,"Mount",-0.149,-0.043,-0.030,0.152,-0.032,0.057,16,E,24,S,,,733143,139.40,0
307,719.019,"Mount",-0.160,-0.003,-0.071,0.144,-0.098,0.054,51,E,23,S,,,712326,161.59,0
308,721.351,"Mount",-0.029,-0.112,0.086,0.078,-0.019,0.030,10,E,13,S,,,626152,136.65,0
309,723.532,"Mount",-0.064,-0.313,0.248,0.201,0.037,0.073,19,W,31,S,,,709862,148.05,0
310,725.898,"Mount",0.196,-0.277,0.336,-0.046,0.091,0.000,47,W,0,,,,655825,122.72,0
311,728.084,"Mount",0.187,-0.143,0.213,-0.100,0.050,-0.036,26,W,15,N,,,729956,155.72,0
312,730.514,"Mount",0.320,0.086,0.071,-0.323,0.016,-0.118,8,W,50,N,,,702855,166.81,0
313,732.667,"Mount",0.185,0.112,-0.014,-0.216,0.052,-0.082,27,W,35,N,,,743192,148.28,0
314,735.076,"Mount",-0.009,0.024,-0.025,-0.003,0.101,0.000,52,W,0,,,,750221,142.51,0
315,737.223,"Mount",-0.010,0.176,-0.161,-0.073,0.028,-0.026,15,W,11,N,,,728046,145.87,0
316,739.655,"Mount",0.061,0.152,-0.107,-0.124,0.083,-0.046,43,W,20,N,,,766729,136.49,0
317,741.834,"Mount",0.030,-0.121,0.121,0.029,0.155,0.000,80,W,0,,,,794487,159.34,0
318,744.197,"Mount",0.068,0.206,-0.152,-0.155,0.012,-0.056,6,W,24,N,,,726024,150.40,0
319,746.330,"Mount",0.043,0.125,-0.092,-0.096,-0.011,-0.037,6,E,16,N,,,738481,148.87,0
320,748.680,"Mount",0.184,0.018,0.069,-0.172,-0.004,-0.063,2,E,27,N,,,702237,141.12,0
321,750.893,"Mount",-0.095,0.210,-0.231,-0.013,-0.210,0.000,109,E,0,,,,675176,130.55,0
322,753.351,"Mount",-0.122,0.149,-0.189,0.040,-0.271,0.000,141,E,0,,,,678049,145.17,0
323,755.583,"Mount",-0.007,-0.187,0.163,0.092,-0.161,0.033,83,E,14,S,,,661902,139.42,0
324,758.010,"Mount",0.079,-0.231,0.241,0.037,-0.143,0.000,74,E,0,,,,715354,131.85,0
325,760.144,"Mount",0.163,-0.324,0.362,0.005,-0.055,0.000,28,E,0,,,,654847,150.56,0
326,762.494,"Mount",0.221,-0.346,0.409,-0.037,0.037,0.000,19,W,0,,,,772793,174.20,0
327,764.617,"Mount",0.064,-0.255,0.256,0.060,0.014,0.022,7,W,9,S,,,736727,165.40,0
328,766.945,"Mount",-0.017,-0.080,0.063,0.052,0.056,0.000,29,W,0,,,,704099,138.85,0
329,769.211,"Mount",0.214,-0.122,0.206,-0.134,0.187,-0.048,97,W,21,N,,,756054,144.77,0
330,771.610,"Mount",0.048,-0.023,0.043,-0.032,0.151,0.000,78,W,0,,,,691320,137.60,0
331,773.836,"Mount",0.055,-0.044,0.065,-0.028,0.211,0.000,109,W,0,,,,671006,155.89,0
332,776.178,"Mount",-0.047,0.259,-0.251,-0.078,0.048,-0.028,25,W,12,N,,,729802,161.93,0
333,778.369,"Mount",0.129,0.145,-0.069,-0.181,0.104,-0.066,54,W,28,N,,,626566,142.78,0
334,780.790,"Mount",0.216,0.225,-0.101,-0.295,0.063,-0.109,33,W,47,N,,,673818,141.99,0
335,783.004,"Mount",0.194,0.124,-0.020,-0.230,0.001,-0.087,1,W,37,N,,,677887,132.07,0
336,785.359,"Mount",0.016,0.099,-0.081,-0.060,-0.083,0.000,43,E,0,,,,680210,143.79,0
337,787.511,"Mount",0.030,0.072,-0.051,-0.060,-0.097,0.000,50,E,0,,,,675575,138.42,0
338,789.909,"Mount",-0.044,0.055,-0.069,0.014,-0.161,0.000,83,E,0,,,,678968,151.96,0
339,792.122,"Mount",-0.093,-0.120,0.064,0.138,-0.082,0.050,42,E,21,S,,,684773,138.71,0
340,794.444,"Mount",0.106,-0.215,0.240,0.005,-0.011,0.000,6,E,0,,,,725914,139.17,0
341,796.603,"Mount",0.044,-0.218,0.214,0.062,0.061,0.022,31,W,9,S,,,763354,159.25,0
342,798.958,"Mount",0.079,-0.271,0.277,0.055,0.101,0.000,52,W,0,,,,737006,144.95,0
343,801.156,"Mount",0.079,-0.177,0.193,0.011,0.138,0.000,72,W,0,,,,653078,122.96,0
344,803.590,"Mount",0.039,-0.126,0.130,0.023,0.120,0.000,62,W,0,,,,779865,181.83,0
345,805.765,"Mount",0.001,0.071,-0.062,-0.034,0.032,0.000,16,W,0,,,,678520,126.54,0
346,808.161,"Mount",-0.315,0.118,-0.250,0.225,-0.065,0.081,34,E,35,S,,,730007,207.74,0
347,810.315,"Mount",-0.220,0.024,-0.122,0.184,-0.019,0.070,10,E,30,S,,,669868,165.04,0
348,812.679,"Mount",-0.080,0.269,-0.276,-0.053,-0.172,0.000,89,E,0,,,,599366,122.47,0
349,814.892,"Mount",0.088,0.109,-0.057,-0.128,-0.061,-0.046,32,E,20,N,,,723161,161.93,0
350,817.367,"Mount",-0.024,-0.070,0.051,0.054,-0.141,0.000,73,E,0,,,,678569,145.28,0
351,819.475,"Mount",0.150,-0.210,0.256,-0.036,-0.032,0.000,16,E,0,,,,778380,143.87,0
352,821.981,"Mount",-0.364,-0.126,-0.056,0.381,-0.136,0.137,70,E,59,S,,,733615,150.62,0
353,824.256,"Mount",-0.239,0.007,-0.116,0.209,-0.194,0.081,100,E,35,S,,,667008,132.87,0
354,826.605,"Mount",-0.016,0.025,-0.029,0.003,-0.111,0.000,57,E,0,,,,648992,132.78,0
355,828.727,"Mount",0.042,-0.118,0.125,0.017,-0.051,0.000,26,E,0,,,,682459,141.42,0
356,831.144,"Mount",0.010,-0.094,0.088,0.035,-0.066,0.000,34,E,0,,,,660091,142.78,0
357,833.486,"Mount",-0.242,-0.095,-0.027,0.259,-0.110,0.093,57,E,40,S,,,717486,150.93,0
358,835.951,"Mount",-0.096,0.018,-0.060,0.077,-0.147,0.031,76,E,13,S,,,665592,145.52,0
359,838.229,"Mount",-0.379,-0.124,-0.064,0.393,-0.138,0.143,71,E,61,S,,,716426,143.34,0
360,840.692,"Mount",-0.210,0.074,-0.162,0.152,-0.182,0.060,94,E,26,S,,,604860,127.89,0
361,842.969,"Mount",-0.331,-0.099,-0.065,0.340,-0.143,0.125,74,E,53,S,,,649933,121.13,0
362,845.387,"Mount",-0.123,0.111,-0.155,0.058,-0.182,0.000,94,E,0,,,,770800,156.49,0
363,847.505,"Mount",0.034,-0.099,0.104,0.016,-0.052,0.000,27,E,0,,,,707016,150.37,0
364,849.860,"Mount",0.052,0.016,0.010,-0.053,-0.100,0.000,52,E,0,,,,764463,163.27,0
365,852.134,"Mount",-0.114,-0.050,-0.008,0.124,-0.066,0.045,34,E,19,S,,,728425,157.63,0
366,854.475,"Mount",0.125,-0.034,0.088,-0.096,-0.013,-0.033,7,E,14,N,,,716662,147.86,0
367,856.630,"Mount",0.034,0.082,-0.057,-0.068,-0.062,-0.026,32,E,11,N,,,689904,132.15,0
368,858.998,"Mount",0.140,-0.007,0.071,-0.121,-0.026,-0.045,13,E,19,N,,,608458,122.19,0
369,861.192,"Mount",0.199,0.164,-0.054,-0.252,-0.073,-0.093,38,E,40,N,,,703109,142.14,0
370,863.678,"Mount",0.154,0.266,-0.165,-0.260,-0.165,-0.097,85,E,42,N,,,693213,141.45,0
371,865.941,"Mount",0.015,0.158,-0.133,-0.086,-0.175,-0.035,90,E,15,N,,,671552,136.91,0
372,868.408,"Mount",0.066,0.011,0.021,-0.064,-0.149,-0.024,77,E,10,N,,,649632,121.93,0
373,870.682,"Mount",0.197,0.038,0.057,-0.193,-0.179,-0.070,93,E,30,N,,,613211,133.22,0
374,873.100,"Mount",0.030,0.040,-0.022,-0.045,-0.226,0.000,117,E,0,,,,832162,170.67,0
375,875.344,"Mount",0.000,0.004,-0.004,-0.002,-0.247,0.000,128,E,0,,,,757324,154.51,0
376,877.822,"Mount",0.239,0.010,0.101,-0.217,-0.204,-0.078,106,E,33,N,,,805907,180.95,0
377,880.092,"Mount",0.116,0.083,-0.020,-0.141,-0.248,-0.054,128,E,23,N,,,821248,138.11,0
378,882.522,"Mount",0.028,-0.019,0.029,-0.016,-0.246,0.000,127,E,0,,,,653350,130.45,0
379,884.796,"Mount",0.164,0.103,-0.016,-0.193,-0.229,-0.070,119,E,30,N,,,677678,126.13,0
380,887.349,"Mount",-0.259,-0.190,0.050,0.317,-0.236,0.111,122,E,48,S,,,759617,132.40,0
381,889.606,"Mount",-0.051,-0.047,0.018,0.067,-0.202,0.029,104,E,12,S,,,722943,131.83,0
382,891.975,"Mount",0.066,-0.202,0.209,0.035,-0.091,0.000,47,E,0,,,,713382,146.00,0
383,894.266,"Mount",-0.141,-0.258,0.164,0.244,-0.070,0.088,36,E,38,S,,,612074,130.51,0
384,896.727,"Mount",0.092,0.216,-0.150,-0.182,-0.186,-0.062,96,E,26,N,,,632755,152.79,0
385,898.942,"Mount",-0.117,-0.031,-0.026,0.119,-0.094,0.040,49,E,17,S,,,663934,129.86,0
386,901.328,"Mount",0.111,-0.003,0.054,-0.097,-0.097,-0.033,50,E,14,N,,,695107,144.11,0
387,903.493,"Mount",-0.057,-0.095,0.058,0.095,-0.095,0.033,49,E,14,S,,,719427,131.20,0
388,905.988,"Mount",-0.305,0.017,-0.156,0.262,-0.183,0.096,95,E,41,S,,,703949,143.70,0
389,908.214,"Mount",0.085,0.097,-0.047,-0.120,-0.126,-0.039,65,E,17,N,,,764766,177.40,0
390,910.672,"Mount",-0.224,-0.001,-0.103,0.199,-0.191,0.070,99,E,30,S,,,841546,150.24,0
391,912.964,"Mount",-0.055,-0.140,0.099,0.114,-0.115,0.044,59,E,19,S,,,626466,131.01,0
392,915.437,"Mount",-0.225,-0.115,-0.001,0.253,-0.169,0.093,87,E,40,S,,,767858,142.97,0
393,917.667,"Mount",-0.136,-0.106,0.031,0.170,-0.131,0.065,68,E,28,S,,,732318,128.50,0
394,920.055,"Mount",-0.094,-0.265,0.192,0.206,-0.036,0.077,19,E,33,S,,,678087,142.83,0
395,922.185,"Mount",-0.022,-0.211,0.177,0.117,-0.014,0.045,7,E,19,S,,,661196,132.49,0
396,924.608,"Mount",0.100,-0.351,0.358,0.073,0.089,0.028,46,W,12,S,,,781632,144.48,0
397,927.256,"Mount",-1.107,2.137,-2.407,-0.005,-1.130,0.000,585,E,0,,,,781270,174.62,0
398,930.078,"Mount",-0.696,1.710,-1.838,-0.172,-0.863,-0.062,447,E,27,N,,,752921,156.64,0
399,932.609,"Mount",1.009,-1.639,1.920,-0.139,0.679,-0.052,352,W,22,N,,,637016,134.11,0
400,935.198,"Mount",0.756,-1.021,1.255,-0.199,0.389,-0.074,201,W,32,N,,,712575,137.20,0
401,937.556,"Mount",0.569,-0.937,1.094,-0.072,0.409,-0.029,212,W,12,N,,,728766,133.07,0
402,939.983,"Mount",-0.094,-0.346,0.264,0.243,0.051,0.086,26,W,37,S,,,706706,132.96,0
403,942.302,"Mount",0.129,-0.424,0.435,0.081,0.300,0.033,155,W,14,S,,,718426,148.08,0
404,944.682,"Mount",0.007,-0.105,0.096,0.042,0.175,0.000,90,W,0,,,,674333,140.72,0
405,946.885,"Mount",-0.200,0.120,-0.199,0.122,0.030,0.044,16,W,19,S,,,743608,145.15,0
406,949.392,"Mount",0.069,0.057,-0.019,-0.087,0.145,-0.030,75,W,13,N,,,691027,129.82,0
407,951.636,"Mount",0.196,0.054,0.042,-0.199,0.076,-0.073,39,W,31,N,,,735794,151.64,0
408,953.956,"Mount",-0.067,-0.001,-0.030,0.059,0.078,0.000,40,W,0,,,,642504,146.63,0
409,956.164,"Mount",0.052,0.202,-0.155,-0.139,-0.010,-0.050,5,E,21,N,,,702171,133.65,0
410,958.554,"Mount",-0.134,-0.085,0.014,0.158,0.063,0.055,33,W,24,S,,,643203,125.64,0
411,960.697,"Mount",-0.152,-0.053,-0.023,0.159,0.049,0.059,25,W,25,S,,,684249,130.51,0
412,963.066,"Mount",0.001,-0.122,0.109,0.055,0.097,0.000,50,W,0,,,,691785,142.03,0
413,965.245,"Mount",-0.165,0.028,-0.100,0.134,-0.001,0.048,1,E,21,S,,,680815,140.79,0
414,967.715,"Mount",-0.100,-0.232,0.160,0.196,0.130,0.073,67,W,31,S,,,696454,133.50,0
415,970.001,"Mount",0.013,-0.422,0.380,0.183,0.225,0.069,117,W,29,S,,,613670,140.11,0
416,972.426,"Mount",0.206,-0.397,0.447,0.001,0.269,0.000,139,W,0,,,,707456,136.66,0
417,974.653,"Mount",0.217,-0.303,0.368,-0.053,0.237,0.000,123,W,0,,,,655110,134.53,0
418,977.156,"Mount",0.202,-0.240,0.306,-0.068,0.253,-0.025,131,W,11,N,,,808957,164.51,0
419,979.424,"Mount",0.086,-0.029,0.066,-0.063,0.141,-0.024,73,W,10,N,,,757428,170.87,0
420,981.866,"Mount",-0.058,-0.030,-0.000,0.065,0.116,0.022,60,W,10,S,,,665178,147.39,0
421,984.024,"Mount",-0.051,0.004,-0.028,0.043,0.100,0.000,52,W,0,,,,654563,137.08,0
422,986.449,"Mount",0.108,-0.065,0.108,-0.066,0.104,-0.024,54,W,10,N,,,757913,133.48,0
423,988.614,"Mount",0.136,0.089,-0.016,-0.161,0.035,-0.059,18,W,25,N,,,647549,131.26,0
424,991.026,"Mount",-0.069,-0.087,0.046,0.101,0.008,0.034,4,W,15,S,,,679630,166.07,0
425,993.200,"Mount",-0.054,-0.034,0.005,0.064,-0.004,0.024,2,E,10,S,,,759966,136.36,0
426,995.627,"Mount",-0.179,0.104,-0.175,0.110,-0.095,0.041,49,E,17,S,,,681219,141.47,0
427,997.776,"Mount",-0.072,0.108,-0.129,0.014,-0.073,0.000,38,E,0,,,,623004,142.27,0
428,1000.230,"Mount",-0.133,-0.027,-0.037,0.130,-0.015,0.047,8,E,20,S,,,708213,147.68,0
429,1002.530,"Mount",-0.085,0.005,-0.044,0.073,-0.027,0.028,14,E,12,S,,,677359,155.12,0
430,1004.911,"Mount",0.062,0.058,-0.023,-0.082,-0.015,-0.028,8,E,12,N,,,722540,135.54,0
431,1007.010,"Mount",0.066,-0.100,0.119,-0.012,0.060,0.000,31,W,0,,,,704196,135.37,0
432,1009.379,"Mount",0.051,-0.157,0.163,0.027,0.094,0.000,48,W,0,,,,637776,127.15,0
433,1011.459,"Mount",-0.030,0.040,-0.050,0.008,0.042,0.000,22,W,0,,,,650379,139.46,0
434,1013.870,"Mount",-0.197,-0.123,0.018,0.232,0.050,0.083,26,W,36,S,,,672469,140.25,0
435,1016.066,"Mount",0.119,-0.103,0.147,-0.058,0.129,0.000,67,W,0,,,,732727,154.89,0
436,1018.480,"Mount",0.116,-0.189,0.221,-0.015,0.177,0.000,92,W,0,,,,741027,151.56,0
437,1020.703,"Mount",0.170,-0.092,0.160,-0.108,0.189,-0.039,98,W,17,N,,,642549,140.28,0
438,1023.159,"Mount",-0.102,0.055,-0.096,0.065,0.118,0.022,61,W,9,S,,,637753,133.27,0
439,1025.402,"Mount",-0.073,-0.058,0.018,0.091,0.173,0.034,90,W,14,S,,,643446,126.93,0
440,1027.984,"Mount",0.098,-0.311,0.321,0.056,0.329,0.000,170,W,0,,,,772901,138.48,0
441,1030.289,"Mount",0.052,-0.251,0.246,0.070,0.297,0.025,154,W,11,S,,,670529,140.13,0
442,1032.811,"Mount",0.341,-0.090,0.237,-0.261,0.321,-0.093,166,W,40,N,,,651577,122.95,0
443,1035.051,"Mount",0.053,0.066,-0.034,-0.078,0.201,-0.032,104,W,14,N,,,639643,128.25,0
444,1037.481,"Mount",0.064,-0.018,0.046,-0.049,0.199,0.000,103,W,0,,,,644068,149.95,0
445,1039.786,"Mount",0.128,-0.006,0.064,-0.111,0.212,-0.040,110,W,17,N,,,731246,149.83,0
446,1042.082,"Mount",-0.093,0.138,-0.166,0.019,0.079,0.000,41,W,0,,,,759779,147.91,0
447,1044.315,"Mount",-0.053,0.007,-0.030,0.044,0.129,0.000,67,W,0,,,,621734,140.46,0
448,1046.711,"Mount",0.058,0.188,-0.140,-0.138,0.059,-0.050,31,W,21,N,,,718080,141.92,0
449,1048.812,"Mount",-0.079,0.041,-0.073,0.051,0.063,0.000,33,W,0,,,,692998,149.25,0
450,1051.182,"Mount",0.016,-0.034,0.037,0.002,0.111,0.000,58,W,0,,,,642546,140.40,0
451,1053.364,"Mount",0.164,-0.100,0.164,-0.099,0.170,-0.036,88,W,15,N,,,677760,134.87,0
452,1055.773,"Mount",-0.238,0.215,-0.300,0.112,-0.039,0.039,20,E,17,S,,,695718,145.22,0
453,1058.033,"Mount",0.144,-0.085,0.142,-0.088,0.164,-0.030,85,W,13,N,,,681055,122.18,0
454,1060.365,"Mount",-0.036,0.085,-0.092,-0.007,0.040,0.000,21,W,0,,,,651600,130.94,0
455,1062.498,"Mount",0.016,-0.113,0.108,0.038,0.080,0.000,41,W,0,,,,723327,138.47,0
456,1064.825,"Mount",-0.026,0.121,-0.119,-0.033,-0.049,0.000,25,E,0,,,,739469,149.14,0
457,1066.921,"Mount",0.062,-0.005,0.033,-0.053,-0.021,0.000,11,E,0,,,,736349,144.49,0
458,1069.374,"Mount",-0.209,0.077,-0.164,0.150,-0.116,0.054,60,E,23,S,,,720238,153.65,0
459,1071.536,"Mount",0.187,-0.073,0.151,-0.132,0.030,-0.045,16,W,19,N,,,570867,122.52,0
460,1073.941,"Mount",0.165,-0.155,0.213,-0.075,0.057,-0.029,29,W,12,N,,,780059,134.28,0
461,1076.086,"Mount",0.030,-0.099,0.102,0.019,0.036,0.000,19,W,0,,,,764528,170.35,0
462,1078.591,"Mount",0.162,-0.045,0.114,-0.123,0.057,-0.044,30,W,19,N,,,699404,130.02,0
463,1080.798,"Mount",0.151,-0.062,0.124,-0.105,0.102,-0.040,53,W,17,N,,,664913,127.68,0
464,1083.177,"Mount",0.086,0.035,0.008,-0.092,0.066,-0.035,34,W,15,N,,,702791,147.76,0
465,1085.337,"Mount",-0.300,0.014,-0.150,0.260,0.015,0.092,8,W,39,S,,,670121,129.93,0
466,1087.786,"Mount",0.166,-0.042,0.114,-0.128,0.146,-0.042,75,W,18,N,,,687882,145.20,0
467,1089.997,"Mount",0.061,0.028,0.003,-0.067,0.096,-0.026,50,W,11,N,,,735546,150.93,0
468,1092.299,"Mount",0.018,0.081,-0.063,-0.053,0.040,0.000,21,W,0,,,,721123,130.23,0
469,1094.477,"Mount",0.091,-0.015,0.055,-0.074,0.033,-0.026,17,W,11,N,,,774750,144.16,0
470,1096.807,"Mount",-0.043,0.022,-0.039,0.028,-0.015,0.000,8,E,0,,,,659125,143.33,0
471,1099.016,"Mount",-0.040,-0.062,0.037,0.064,-0.060,0.023,31,E,10,S,,,725986,137.41,0
472,1101.332,"Mount",-0.015,0.020,-0.024,0.004,-0.109,0.000,56,E,0,,,,680210,146.14,0
473,1103.493,"Mount",0.075,-0.049,0.078,-0.044,-0.113,0.000,58,E,0,,,,667414,127.84,0
474,1105.954,"Mount",0.216,-0.012,0.111,-0.186,-0.110,-0.067,57,E,29,N,,,741380,136.90,0
475,1108.329,"Mount",-0.258,-0.139,0.004,0.293,-0.156,0.103,81,E,44,S,,,777996,185.75,0
476,1110.711,"Mount",0.011,-0.273,0.248,0.117,-0.023,0.046,12,E,20,S,,,742698,157.01,0
477,1112.872,"Mount",0.048,-0.264,0.256,0.079,0.058,0.030,30,W,13,S,,,696189,140.67,0
478,1115.234,"Mount",0.122,-0.307,0.329,0.034,0.151,0.000,78,W,0,,,,650002,123.22,0
479,1117.361,"Mount",0.013,-0.072,0.070,0.022,0.121,0.000,63,W,0,,,,741439,142.54,0
480,1119.786,"Mount",0.152,0.167,-0.079,-0.212,0.104,-0.076,54,W,33,N,,,743788,133.74,0
481,1122.369,"Mount",-1.162,2.315,-2.590,-0.039,-1.017,0.000,527,E,0,,,,632927,135.33,0
482,1124.812,"Mount",-0.180,-0.062,-0.028,0.188,0.163,0.068,84,W,29,S,,,627947,131.81,0
483,1127.211,"Mount",0.257,-0.974,0.983,0.222,0.414,0.083,214,W,35,S,,,560282,115.02,0
484,1129.648,"Mount",0.006,-0.587,0.524,0.266,0.167,0.099,87,W,42,S,,,770491,145.46,0
485,1131.887,"Mount",0.119,-0.483,0.483,0.117,0.204,0.046,106,W,20,S,,,672526,156.20,0
486,1134.329,"Mount",-0.000,-0.347,0.308,0.160,0.094,0.060,49,W,25,S,,,658169,125.81,0
487,1136.567,"Mount",0.010,-0.275,0.248,0.118,0.135,0.045,70,W,19,S,,,644952,124.80,0
488,1138.994,"Mount",-0.036,-0.162,0.127,0.107,0.079,0.040,41,W,17,S,,,689907,134.72,0
489,1141.188,"Mount",0.080,-0.195,0.210,0.019,0.184,0.000,95,W,0,,,,730949,155.94,0
490,1143.643,"Mount",-0.098,-0.089,0.034,0.128,0.104,0.046,54,W,20,S,,,735392,133.66,0
491,1145.764,"Mount",-0.036,-0.032,0.012,0.047,0.010,0.000,5,W,0,,,,687162,162.62,0
492,1148.238,"Mount",-0.192,-0.025,-0.066,0.182,-0.024,0.065,13,E,28,S,,,660226,146.53,0
493,1150.477,"Mount",-0.162,-0.232,0.131,0.251,0.056,0.093,29,W,40,S,,,664370,150.83,0
494,1152.780,"Mount",0.075,-0.019,0.051,-0.057,-0.024,0.000,13,E,0,,,,669914,147.50,0
495,1154.939,"Mount",-0.037,-0.076,0.050,0.068,-0.037,0.024,19,E,10,S,,,743696,155.44,0
496,1157.364,"Mount",-0.199,-0.246,0.126,0.290,0.010,0.106,5,W,45,S,,,597427,136.93,0
497,1159.535,"Mount",-0.199,-0.063,-0.035,0.205,-0.061,0.078,31,E,33,S,,,708799,137.39,0
498,1161.991,"Mount",-0.299,-0.113,-0.038,0.317,-0.067,0.117,35,E,50,S,,,643602,138.87,0
499,1164.291,"Mount",-0.539,-0.368,0.079,0.648,-0.044,0.238,23,E,102,S,,,698977,132.63,0
500,1166.734,"Mount",-0.343,-0.342,0.145,0.462,-0.026,0.176,14,E,75,S,,,614111,119.00,0
501,1169.023,"Mount",-0.296,-0.172,0.016,0.342,-0.096,0.130,50,E,56,S,,,718350,142.46,0
502,1171.429,"Mount",-0.126,-0.067,0.002,0.143,-0.086,0.057,45,E,24,S,,,648812,124.37,0
503,1173.556,"Mount",0.033,-0.017,0.030,-0.022,-0.084,0.000,44,E,0,,,,762797,147.43,0
504,1176.025,"Mount",0.043,0.133,-0.098,-0.100,-0.135,-0.036,70,E,15,N,,,586257,115.51,0
505,1178.327,"Mount",-0.345,0.209,-0.345,0.210,-0.243,0.074,126,E,32,S,,,738803,147.00,0
506,1180.626,"Mount",0.085,-0.100,0.128,-0.029,-0.036,0.000,19,E,0,,,,709536,147.67,0
507,1182.901,"Mount",-0.192,0.025,-0.111,0.159,-0.155,0.057,80,E,25,S,,,704923,152.97,0
508,1185.346,"Mount",0.066,0.006,0.025,-0.061,-0.115,-0.020,60,E,8,N,,,727430,145.35,0
509,1187.418,"Mount",0.084,-0.157,0.178,-0.002,-0.018,0.000,9,E,0,,,,663686,139.58,0
510,1189.769,"Mount",0.104,-0.093,0.130,-0.049,-0.047,0.000,24,E,0,,,,792703,139.33,0
511,1191.965,"Mount",0.114,-0.017,0.067,-0.094,-0.058,-0.034,30,E,14,N,,,687414,167.10,0
512,1194.297,"Mount",-0.041,-0.032,0.010,0.051,-0.095,0.000,49,E,0,,,,739134,139.57,0
513,1196.455,"Mount",0.152,-0.156,0.208,-0.063,-0.004,-0.023,2,E,10,N,,,683028,146.87,0
514,1198.883,"Mount",0.152,0.022,0.051,-0.145,-0.095,-0.053,49,E,23,N,,,679796,131.09,0
515,1201.064,"Mount",0.043,-0.259,0.250,0.082,0.019,0.027,10,W,12,S,,,716785,138.57,0
516,1203.400,"Mount",0.054,-0.108,0.121,0.002,-0.033,0.000,17,E,0,,,,647088,136.68,0
517,1205.624,"Mount",0.217,0.004,0.096,-0.195,-0.036,-0.070,19,E,30,N,,,768094,160.06,0
518,1208.000,"Mount",-0.086,-0.011,-0.030,0.081,-0.075,0.026,39,E,11,S,,,750450,153.14,0
519,1210.098,"Mount",-0.036,0.035,-0.048,0.015,-0.075,0.000,39,E,0,,,,683479,125.65,0
520,1212.442,"Mount",-0.088,0.091,-0.121,0.037,-0.135,0.000,70,E,0,,,,744622,140.16,0
521,1214.620,"Mount",-0.090,0.273,-0.284,-0.046,-0.223,0.000,115,E,0,,,,654505,140.26,0
522,1217.127,"Mount",-0.252,0.163,-0.261,0.149,-0.236,0.053,122,E,23,S,,,702464,141.36,0
523,1219.369,"Mount",-0.062,0.160,-0.171,-0.019,-0.217,0.000,113,E,0,,,,706283,144.52,0
524,1221.784,"Mount",0.039,-0.043,0.056,-0.014,-0.191,0.000,99,E,0,,,,703134,145.61,0
525,1224.042,"Mount",0.169,-0.024,0.099,-0.139,-0.164,-0.050,85,E,21,N,,,759153,137.25,0
526,1226.635,"Mount",-0.490,0.232,-0.431,0.328,-0.434,0.116,225,E,50,S,,,588766,132.75,0
527,1228.914,"Mount",0.003,0.112,-0.098,-0.054,-0.303,0.000,157,E,0,,,,702794,170.58,0
528,1231.460,"Mount",-0.054,0.251,-0.248,-0.068,-0.395,-0.025,205,E,10,N,,,741421,144.26,0
529,1233.719,"Mount",-0.040,0.058,-0.070,0.009,-0.313,0.000,162,E,0,,,,606537,140.91,0
530,1236.129,"Mount",0.034,-0.102,0.107,0.017,-0.231,0.000,120,E,0,,,,721038,137.70,0
531,1238.381,"Mount",-0.083,-0.147,0.092,0.142,-0.202,0.051,105,E,22,S,,,650553,144.04,0
532,1240.978,"Mount",0.058,0.251,-0.196,-0.168,-0.310,-0.058,161,E,25,N,,,609906,124.14,0
533,1243.237,"Mount",0.243,0.098,0.025,-0.261,-0.157,-0.096,81,E,41,N,,,754558,160.30,0
534,1245.709,"Mount",-0.392,-0.095,-0.096,0.392,-0.158,0.137,82,E,59,S,,,627002,145.54,0
535,1247.931,"Mount",-0.334,0.030,-0.181,0.282,-0.128,0.107,66,E,46,S,,,675752,138.67,0
536,1250.249,"Mount",-0.047,0.021,-0.040,0.032,-0.023,0.000,12,E,0,,,,660750,139.85,0
537,1252.494,"Mount",-0.203,0.115,-0.196,0.127,-0.116,0.046,60,E,20,S,,,735670,143.33,0
538,1254.826,"Mount",0.040,0.003,0.016,-0.037,-0.041,0.000,21,E,0,,,,632832,135.67,0
539,1257.026,"Mount",-0.068,-0.016,-0.017,0.068,-0.088,0.024,46,E,10,S,,,706203,138.93,0
540,1259.519,"Mount",0.078,0.194,-0.136,-0.159,-0.188,-0.056,98,E,24,N,,,747921,144.17,0
541,1261.782,"Mount",0.145,0.048,0.024,-0.151,-0.170,-0.057,88,E,24,N,,,709578,162.19,0
542,1264.267,"Mount",0.073,-0.005,0.038,-0.062,-0.198,-0.025,103,E,11,N,,,679564,140.06,0
543,1266.522,"Mount",0.125,-0.024,0.079,-0.100,-0.179,-0.037,93,E,16,N,,,690075,143.45,0
544,1268.917,"Mount",0.057,-0.297,0.290,0.086,-0.083,0.030,43,E,13,S,,,674481,140.41,0
545,1271.159,"Mount",-0.197,-0.069,-0.030,0.206,-0.162,0.075,84,E,32,S,,,573107,121.90,0
546,1273.631,"Mount",-0.314,-0.150,-0.011,0.348,-0.133,0.128,69,E,55,S,,,720147,136.64,0
547,1275.808,"Mount",0.183,-0.159,0.225,-0.089,0.034,-0.027,17,W,11,N,,,768291,159.04,0
548,1278.219,"Mount",-0.210,-0.244,0.120,0.299,0.028,0.106,15,W,46,S,,,686209,153.58,0
549,1280.331,"Mount",0.061,-0.062,0.083,-0.025,0.049,0.000,26,W,0,,,,645945,129.12,0
550,1282.649,"Mount",-0.004,-0.089,0.077,0.045,0.073,0.000,38,W,0,,,,663060,140.96,0
551,1284.880,"Mount",-0.379,-0.193,-0.003,0.426,0.056,0.153,29,W,66,S,,,604972,136.95,0
552,1287.315,"Mount",-0.347,0.163,-0.304,0.233,-0.062,0.090,32,E,38,S,,,776357,153.37,0
553,1289.590,"Mount",-0.147,-0.271,0.173,0.255,0.155,0.096,80,W,41,S,,,663098,124.89,0
554,1292.036,"Mount",-0.388,0.164,-0.325,0.269,-0.100,0.100,52,E,43,S,,,695267,139.70,0
555,1294.291,"Mount",0.077,0.019,0.019,-0.077,0.040,-0.024,21,W,10,N,,,720944,133.69,0
556,1296.634,"Mount",-0.002,0.191,-0.170,-0.087,-0.048,-0.032,25,E,14,N,,,595195,137.03,0
557,1298.842,"Mount",0.241,-0.055,0.160,-0.188,0.099,-0.069,51,W,30,N,,,659598,136.20,0
558,1301.241,"Mount",0.097,-0.026,0.067,-0.074,0.070,-0.029,36,W,13,N,,,639416,132.40,0
559,1303.418,"Mount",-0.125,-0.017,-0.042,0.118,0.047,0.041,24,W,18,S,,,644405,131.53,0
560,1305.844,"Mount",-0.186,-0.018,-0.070,0.173,0.045,0.064,23,W,27,S,,,727512,143.58,0
561,1310.274,"Mount",0.123,-0.399,0.410,0.075,0.312,0.030,161,W,13,S,,,706453,137.80,0
562,1312.430,"Mount",0.036,-0.148,0.148,0.036,0.177,0.000,92,W,0,,,,647488,132.76,0
563,1314.851,"Mount",-0.089,-0.045,-0.001,0.100,0.122,0.036,63,W,15,S,,,649838,128.49,0
564,1317.044,"Mount",0.128,-0.184,0.223,-0.028,0.234,0.000,121,W,0,,,,677479,155.50,0
565,1319.473,"Mount",0.023,-0.117,0.114,0.034,0.195,0.000,101,W,0,,,,678542,144.87,0
566,1321.741,"Mount",-0.052,-0.176,0.132,0.127,0.193,0.046,100,W,20,S,,,638783,131.65,0
567,1324.081,"Mount",-0.086,0.196,-0.213,-0.014,0.042,0.000,22,W,0,,,,680179,143.96,0
568,1326.247,"Mount",-0.103,-0.052,-0.002,0.115,0.113,0.042,59,W,18,S,,,725168,140.16,0
569,1328.657,"Mount",-0.215,-0.039,-0.064,0.209,0.074,0.077,39,W,33,S,,,731698,140.04,0
570,1330.849,"Mount",-0.249,-0.006,-0.109,0.224,0.013,0.084,7,W,36,S,,,711181,134.44,0
571,1333.258,"Mount",-0.055,-0.049,0.018,0.072,0.037,0.029,19,W,12,S,,,721793,173.36,0
572,1335.469,"Mount",0.199,0.215,-0.099,-0.276,-0.033,-0.098,17,E,42,N,,,797134,148.45,0
573,1337.868,"Mount",-0.158,0.191,-0.242,0.052,-0.114,0.000,59,E,0,,,,663776,123.44,0
574,1339.986,"Mount",0.055,-0.081,0.098,-0.011,0.024,0.000,13,W,0,,,,633299,126.62,0
575,1342.359,"Mount",0.035,0.086,-0.060,-0.071,-0.063,-0.026,33,E,11,N,,,696638,151.63,0
576,1344.494,"Mount",0.115,-0.101,0.142,-0.056,0.029,0.000,15,W,0,,,,798215,175.97,0
577,1346.925,"Mount",-0.166,0.023,-0.097,0.136,-0.050,0.049,26,E,21,S,,,671840,145.61,0
578,1349.181,"Mount",-0.453,0.026,-0.231,0.390,-0.099,0.142,51,E,61,S,,,752507,160.77,0
579,1351.578,"Mount",-0.429,-0.102,-0.107,0.428,-0.022,0.160,11,E,68,S,,,684639,135.25,0
580,1353.755,"Mount",-0.287,-0.011,-0.122,0.259,-0.017,0.100,9,E,43,S,,,667384,160.33,0
581,1356.167,"Mount",0.051,0.078,-0.046,-0.081,0.022,-0.025,11,W,11,N,,,718421,165.48,0
582,1358.438,"Mount",-0.036,-0.226,0.184,0.136,0.113,0.048,59,W,21,S,,,728228,132.07,0
583,1360.750,"Mount",-0.043,0.050,-0.064,0.015,0.016,0.000,8,W,0,,,,739231,136.74,0
584,1362.878,"Mount",0.043,-0.052,0.066,-0.014,0.084,0.000,43,W,0,,,,684311,132.46,0
585,1365.336,"Mount",0.186,-0.026,0.109,-0.153,0.120,-0.055,62,W,24,N,,,719417,151.55,0
586,1367.511,"Mount",0.093,-0.123,0.152,-0.026,0.164,0.000,85,W,0,,,,630508,120.01,0
587,1369.874,"Mount",-0.066,0.065,-0.088,0.029,0.076,0.000,40,W,0,,,,667851,140.14,0
588,1372.020,"Mount",-0.042,0.120,-0.126,-0.019,0.082,0.000,43,W,0,,,,630801,118.89,0
589,1374.431,"Mount",0.066,-0.178,0.189,0.023,0.248,0.000,128,W,0,,,,719229,153.86,0
590,1376.677,"Mount",-0.145,-0.027,-0.043,0.141,0.179,0.051,93,W,22,S,,,728113,151.22,0
591,1379.177,"Mount",-0.206,-0.158,0.045,0.256,0.199,0.094,103,W,40,S,,,706254,142.96,0
592,1381.432,"Mount",-0.102,-0.074,0.019,0.124,0.211,0.048,109,W,21,S,,,704969,137.81,0
593,1383.939,"Mount",0.045,-0.092,0.103,0.003,0.261,0.000,135,W,0,,,,688623,133.29,0
594,1386.245,"Mount",0.001,-0.231,0.206,0.106,0.290,0.038,150,W,16,S,,,643148,144.33,0
595,1388.613,"Mount",-0.065,0.013,-0.042,0.052,0.189,0.000,98,W,0,,,,731428,142.31,0
596,1390.801,"Mount",0.012,0.026,-0.018,-0.023,0.171,0.000,89,W,0,,,,726569,134.12,0
597,1393.133,"Mount",-0.131,0.236,-0.270,0.007,0.033,0.000,17,W,0,,,,709764,152.31,0
598,1395.349,"Mount",0.118,0.168,-0.095,-0.182,0.091,-0.066,47,W,28,N,,,748398,141.57,0
599,1397.665,"Mount",-0.114,0.246,-0.271,-0.013,-0.012,0.000,6,E,0,,,,736580,137.99,0
600,1399.780,"Mount",-0.080,0.145,-0.166,0.004,0.019,0.000,10,W,0,,,,645420,142.60,0
601,1402.178,"Mount",-0.208,0.152,-0.231,0.114,-0.046,0.041,24,E,18,S,,,686462,129.59,0
602,1404.344,"Mount",-0.097,-0.002,-0.043,0.086,0.042,0.033,22,W,14,S,,,720388,129.16,0
603,1406.712,"Mount",0.076,0.031,0.007,-0.082,0.036,-0.028,19,W,12,N,,,636009,138.12,0
604,1408.891,"Mount",-0.080,0.229,-0.240,-0.035,-0.082,0.000,43,E,0,,,,710785,147.61,0
605,1411.234,"Mount",0.025,-0.161,0.155,0.052,0.111,0.000,58,W,0,,,,681997,138.29,0
606,1413.391,"Mount",0.089,-0.147,0.172,-0.011,0.111,0.000,57,W,0,,,,761104,147.93,0
607,1415.847,"Mount",-0.230,0.055,-0.154,0.179,-0.043,0.064,22,E,28,S,,,731923,138.86,0
608,1418.097,"Mount",-0.167,-0.061,-0.022,0.176,0.015,0.066,8,W,28,S,,,709521,142.58,0
609,1420.490,"Mount",-0.250,0.040,-0.151,0.203,-0.055,0.076,28,E,32,S,,,729884,134.28,0
610,1422.667,"Mount",-0.079,-0.160,0.105,0.144,0.063,0.055,33,W,23,S,,,724313,133.72,0
611,1425.062,"Mount",0.092,-0.000,0.043,-0.082,0.023,-0.027,12,W,12,N,,,656734,133.60,0
612,1427.221,"Mount",0.056,0.030,-0.001,-0.063,0.018,-0.024,10,W,10,N,,,654133,133.42,0
613,1429.575,"Mount",-0.092,0.202,-0.222,-0.012,-0.073,0.000,38,E,0,,,,738969,150.38,0
614,1431.750,"Mount",-0.101,-0.054,0.002,0.114,0.027,0.041,14,W,18,S,,,731410,140.73,0
615,1434.148,"Mount",0.104,-0.009,0.056,-0.088,0.037,-0.030,19,W,13,N,,,646524,136.98,0
616,1436.314,"Mount",-0.215,-0.108,-0.003,0.240,0.028,0.085,14,W,36,S,,,639588,136.63,0
617,1438.615,"Mount",0.024,0.008,0.004,-0.024,0.036,0.000,19,W,0,,,,665257,134.24,0
618,1440.818,"Mount",0.160,0.016,0.059,-0.149,0.048,-0.054,25,W,23,N,,,660991,133.48,0
619,1443.196,"Mount",-0.097,-0.084,0.030,0.125,0.056,0.043,29,W,18,S,,,671119,138.26,0
620,1445.438,"Mount",-0.095,-0.145,0.085,0.151,0.074,0.056,38,W,24,S,,,721270,136.04,0
621,1447.911,"Mount",0.020,0.316,-0.271,-0.164,-0.151,-0.057,78,E,24,N,,,701548,142.27,0
622,1450.104,"Mount",0.010,-0.121,0.112,0.047,-0.022,0.000,11,E,0,,,,657245,125.04,0
623,1452.497,"Mount",0.166,-0.056,0.126,-0.122,-0.074,-0.044,38,E,19,N,,,590658,134.23,0
624,1454.734,"Mount",-0.167,0.156,-0.216,0.076,-0.257,0.026,133,E,11,S,,,730917,130.80,0
625,1457.209,"Mount",-0.120,0.094,-0.139,0.063,-0.207,0.024,107,E,10,S,,,659997,134.92,0
626,1459.326,"Mount",0.147,-0.220,0.263,-0.029,-0.008,0.000,4,E,0,,,,855643,157.70,0
627,1461.751,"Mount",-0.148,-0.225,0.132,0.235,-0.029,0.085,15,E,36,S,,,670930,139.15,0
628,1463.985,"Mount",-0.267,-0.296,0.140,0.373,0.043,0.138,22,W,59,S,,,708499,162.13,0
629,1466.343,"Mount",0.081,-0.228,0.240,0.034,0.162,0.000,84,W,0,,,,621004,125.22,0
630,1468.566,"Mount",0.178,-0.004,0.086,-0.156,0.139,-0.056,72,W,24,N,,,647793,145.50,0
631,1470.967,"Mount",-0.310,0.089,-0.222,0.234,0.029,0.082,15,W,35,S,,,769634,143.74,0
632,1473.173,"Mount",-0.264,0.136,-0.242,0.171,0.009,0.065,5,W,28,S,,,757099,166.09,0
633,1475.688,"Mount",0.238,0.038,0.076,-0.229,0.144,-0.080,74,W,34,N,,,678164,147.12,0
634,1477.846,"Mount",0.008,0.149,-0.129,-0.076,-0.014,-0.030,7,E,13,N,,,807278,136.90,0
635,1480.155,"Mount",-0.052,0.048,-0.067,0.024,-0.002,0.000,1,E,0,,,,591964,121.60,0
636,1482.312,"Mount",-0.002,0.191,-0.170,-0.087,-0.051,-0.031,26,E,13,N,,,693904,146.23,0
637,1484.600,"Mount",0.020,0.082,-0.063,-0.056,0.002,0.000,1,W,0,,,,688293,124.91,0
638,1486.667,"Mount",-0.045,-0.008,-0.013,0.044,0.002,0.000,1,W,0,,,,708833,148.97,0
639,1489.060,"Mount",-0.267,-0.053,-0.076,0.261,-0.041,0.094,21,E,40,S,,,706975,153.86,0
640,1491.127,"Mount",-0.047,0.066,-0.080,0.011,-0.047,0.000,24,E,0,,,,685910,143.18,0
641,1493.532,"Mount",0.073,0.022,0.014,-0.075,-0.012,-0.027,6,E,12,N,,,712393,148.11,0
642,1495.712,"Mount",-0.070,-0.071,0.031,0.094,-0.008,0.033,4,E,14,S,,,706466,156.88,0
643,1498.172,"Mount",-0.236,0.096,-0.193,0.165,-0.097,0.061,50,E,26,S,,,695808,150.62,0
644,1502.392,"Mount",0.033,-0.086,0.091,0.010,0.015,0.000,8,W,0,,,,819267,154.94,0
645,1504.607,"Mount",-0.266,0.057,-0.173,0.210,-0.094,0.076,48,E,32,S,,,759346,156.62,0
646,1506.988,"Mount",0.167,0.058,0.026,-0.175,-0.040,-0.060,21,E,26,N,,,767580,160.49,0
647,1509.228,"Mount",-0.010,0.299,-0.270,-0.129,-0.188,-0.049,98,E,21,N,,,751411,142.19,0
648,1511.741,"Mount",-0.388,0.093,-0.262,0.301,-0.200,0.107,103,E,46,S,,,708613,147.14,0
649,1513.972,"Mount",-0.306,-0.098,-0.054,0.316,-0.083,0.118,43,E,51,S,,,732727,148.51,0
650,1516.541,"Mount",-0.401,0.141,-0.310,0.290,-0.245,0.109,127,E,47,S,,,807306,123.38,0
651,1518.770,"Mount",0.089,0.172,-0.112,-0.158,-0.157,-0.053,81,E,23,N,,,640115,130.75,0
652,1521.286,"Mount",0.143,0.268,-0.172,-0.251,-0.189,-0.092,98,E,40,N,,,714598,150.53,0
653,1523.526,"Mount",-0.189,0.390,-0.433,-0.012,-0.302,0.000,156,E,0,,,,673269,122.41,0
654,1525.927,"Mount",-0.044,0.163,-0.165,-0.036,-0.184,0.000,95,E,0,,,,707263,139.35,0
655,1528.156,"Mount",-0.099,0.026,-0.068,0.076,-0.130,0.027,67,E,12,S,,,616124,129.47,0
656,1530.554,"Mount",0.005,0.079,-0.068,-0.041,-0.126,0.000,65,E,0,,,,657473,143.99,0
657,1532.754,"Mount",0.121,0.161,-0.088,-0.182,-0.142,-0.065,73,E,28,N,,,744876,153.91,0
658,1535.088,"Mount",0.100,-0.131,0.162,-0.028,-0.042,0.000,22,E,0,,,,659844,135.35,0
659,1537.395,"Mount",-0.146,-0.008,-0.060,0.133,-0.096,0.048,50,E,21,S,,,659368,121.58,0
660,1539.777,"Mount",-0.114,0.096,-0.138,0.057,-0.167,0.000,87,E,0,,,,773486,145.24,0
661,1542.017,"Mount",-0.223,-0.130,0.013,0.257,-0.088,0.093,46,E,40,S,,,735615,142.66,0
662,1544.414,"Mount",-0.088,-0.280,0.208,0.208,0.007,0.078,3,W,34,S,,,735781,152.35,0
663,1546.573,"Mount",-0.013,-0.222,0.191,0.114,-0.003,0.044,1,E,19,S,,,634226,155.51,0
664,1548.910,"Mount",0.099,-0.134,0.165,-0.025,-0.010,0.000,5,E,0,,,,718716,134.21,0
665,1550.996,"Mount",0.082,-0.136,0.158,-0.011,0.003,0.000,2,W,0,,,,641142,136.18,0
666,1553.441,"Mount",-0.106,0.031,-0.077,0.080,-0.097,0.029,50,E,12,S,,,702233,138.04,0
667,1555.649,"Mount",-0.103,0.032,-0.076,0.077,-0.097,0.029,50,E,12,S,,,709164,155.24,0
668,1558.042,"Mount",0.090,0.051,-0.004,-0.104,-0.078,-0.036,40,E,15,N,,,662995,133.16,0
669,1560.162,"Mount",0.087,-0.081,0.112,-0.040,-0.038,0.000,20,E,0,,,,756107,150.84,0
670,1562.628,"Mount",-0.014,0.172,-0.159,-0.067,-0.187,-0.024,97,E,10,N,,,681105,144.88,0
671,1564.889,"Mount",-0.155,0.136,-0.192,0.074,-0.229,0.026,118,E,11,S,,,734365,173.30,0
672,1567.429,"Mount",0.148,0.126,-0.043,-0.190,-0.183,-0.067,95,E,29,N,,,649930,122.96,0
673,1569.704,"Mount",0.146,0.132,-0.050,-0.191,-0.207,-0.071,107,E,31,N,,,692864,143.68,0
674,1572.243,"Mount",0.177,0.122,-0.027,-0.213,-0.250,-0.080,129,E,34,N,,,738973,145.87,0
675,1574.623,"Mount",0.015,0.264,-0.228,-0.135,-0.364,-0.052,189,E,22,N,,,683784,131.52,0
676,1577.236,"Mount",-0.066,0.321,-0.316,-0.090,-0.423,-0.034,219,E,15,N,,,610576,146.72,0
677,1579.552,"Mount",0.177,0.049,0.038,-0.180,-0.271,-0.066,140,E,28,N,,,706287,146.23,0
678,1582.090,"Mount",-0.117,0.086,-0.130,0.064,-0.336,0.020,174,E,9,S,,,671761,132.58,0
679,1584.378,"Mount",-0.089,-0.105,0.052,0.128,-0.242,0.047,125,E,20,S,,,713796,134.40,0
680,1586.902,"Mount",-0.136,0.002,-0.064,0.120,-0.236,0.045,122,E,19,S,,,630593,137.77,0
681,1589.117,"Mount",-0.088,-0.189,0.127,0.166,-0.113,0.061,58,E,26,S,,,725573,151.25,0
682,1591.611,"Mount",-0.250,-0.113,-0.014,0.274,-0.138,0.101,71,E,43,S,,,701167,168.27,0
683,1593.782,"Mount",-0.088,0.083,-0.115,0.040,-0.157,0.000,81,E,0,,,,643366,140.30,0
684,1596.258,"Mount",-0.372,-0.045,-0.132,0.351,-0.152,0.126,79,E,54,S,,,684883,153.77,0
685,1598.445,"Mount",-0.125,0.218,-0.251,0.010,-0.191,0.000,99,E,0,,,,634639,119.81,0
686,1600.847,"Mount",0.172,0.103,-0.012,-0.201,-0.107,-0.072,56,E,31,N,,,787332,139.58,0
687,1603.061,"Mount",0.142,-0.001,0.066,-0.126,-0.085,-0.048,44,E,21,N,,,744616,142.65,0
688,1605.549,"Mount",0.004,0.175,-0.153,-0.084,-0.218,-0.032,113,E,14,N,,,740016,147.98,0
689,1607.714,"Mount",-0.004,-0.084,0.073,0.042,-0.133,0.000,69,E,0,,,,683770,135.93,0
690,1610.081,"Mount",0.159,-0.209,0.258,-0.044,-0.077,0.000,40,E,0,,,,715853,143.19,0
691,1612.421,"Mount",-0.196,-0.003,-0.088,0.175,-0.214,0.063,111,E,27,S,,,610412,131.79,0
692,1614.838,"Mount",-0.119,-0.170,0.096,0.184,-0.137,0.069,71,E,29,S,,,800666,149.21,0
693,1617.053,"Mount",-0.144,-0.105,0.027,0.176,-0.144,0.066,74,E,28,S,,,731459,168.97,0
694,1619.517,"Mount",-0.169,0.007,-0.084,0.146,-0.154,0.055,80,E,24,S,,,741050,141.85,0
695,1621.589,"Mount",0.075,-0.166,0.182,0.010,-0.002,0.000,1,E,0,,,,687805,136.72,0
696,1623.899,"Mount",0.080,-0.058,0.088,-0.045,-0.011,0.000,6,E,0,,,,642268,157.22,0
697,1626.065,"Mount",-0.089,-0.147,0.090,0.147,0.015,0.053,8,W,23,S,,,632783,123.64,0
698,1628.417,"Mount",0.017,-0.065,0.065,0.015,0.031,0.000,16,W,0,,,,690991,142.02,0
699,1630.568,"Mount",0.098,0.036,0.014,-0.104,0.012,-0.037,6,W,16,N,,,670895,136.65,0
700,1632.984,"Mount",0.065,0.100,-0.058,-0.104,0.029,-0.039,15,W,17,N,,,676485,141.00,0
701,1635.118,"Mount",-0.115,0.130,-0.168,0.042,-0.053,0.000,28,E,0,,,,710911,126.26,0
702,1637.485,"Mount",0.056,-0.088,0.104,-0.009,0.071,0.000,37,W,0,,,,657798,136.61,0
703,1639.606,"Mount",-0.048,0.181,-0.182,-0.041,-0.076,0.000,39,E,0,,,,641374,142.21,0
704,1641.980,"Mount",0.184,0.064,0.028,-0.192,0.014,-0.069,7,W,30,N,,,662709,141.53,0
705,1644.149,"Mount",-0.140,0.045,-0.105,0.104,-0.029,0.035,15,E,15,S,,,666374,129.78,0
706,1646.692,"Mount",-0.206,-0.176,0.061,0.264,0.074,0.096,38,W,41,S,,,630641,132.17,0
707,1648.945,"Mount",-0.091,-0.022,-0.023,0.091,0.056,0.037,29,W,16,S,,,636937,144.78,0
708,1651.265,"Mount",0.010,-0.062,0.060,0.020,0.068,0.000,35,W,0,,,,683539,139.09,0
709,1653.469,"Mount",-0.120,-0.230,0.148,0.213,0.143,0.077,74,W,33,S,,,668129,143.64,0
710,1655.864,"Mount",0.055,-0.100,0.114,-0.002,0.142,0.000,73,W,0,,,,683572,151.36,0
711,1658.109,"Mount",-0.043,-0.259,0.210,0.158,0.190,0.057,98,W,24,S,,,735147,152.72,0
712,1660.502,"Mount",0.003,-0.010,0.010,0.002,0.112,0.000,58,W,0,,,,605524,116.82,0
713,1662.703,"Mount",-0.065,-0.125,0.081,0.116,0.164,0.042,85,W,18,S,,,636227,147.94,0
714,1665.195,"Mount",-0.028,-0.106,0.081,0.073,0.178,0.028,92,W,12,S,,,706880,153.45,0
715,1667.375,"Mount",0.030,-0.035,0.045,-0.011,0.124,0.000,64,W,0,,,,643435,127.65,0
716,1669.766,"Mount",0.038,-0.054,0.066,-0.009,0.151,0.000,78,W,0,,,,694041,141.84,0
717,1671.930,"Mount",0.059,0.010,0.018,-0.057,0.102,0.000,53,W,0,,,,683293,139.10,0
718,1674.236,"Mount",-0.000,0.126,-0.112,-0.058,0.040,0.000,21,W,0,,,,711089,127.91,0
719,1676.493,"Mount",-0.009,0.171,-0.156,-0.071,0.005,-0.025,3,W,11,N,,,815758,135.88,0
720,1678.781,"Mount",-0.030,0.136,-0.134,-0.036,-0.002,0.000,1,E,0,,,,712447,136.93,0
721,1680.902,"Mount",-0.061,0.162,-0.172,-0.021,-0.049,0.000,25,E,0,,,,681281,138.27,0
722,1683.178,"Mount",-0.072,0.023,-0.054,0.054,0.008,0.000,4,W,0,,,,653917,129.76,0
723,1685.392,"Mount",-0.048,-0.221,0.174,0.144,0.072,0.052,37,W,22,S,,,624888,136.53,0
724,1687.792,"Mount",0.152,0.028,0.045,-0.148,-0.024,-0.051,12,E,22,N,,,745694,163.81,0
725,1689.910,"Mount",0.003,-0.001,0.002,-0.003,-0.028,0.000,15,E,0,,,,618730,122.93,0
726,1692.267,"Mount",-0.048,-0.046,0.019,0.064,-0.017,0.023,9,E,10,S,,,686244,127.05,0
727,1694.478,"Mount",-0.154,0.129,-0.185,0.077,-0.091,0.029,47,E,12,S,,,609888,140.25,0
728,1696.937,"Mount",0.132,-0.074,0.127,-0.083,0.056,-0.029,29,W,12,N,,,710222,139.25,0
729,1699.039,"Mount",-0.011,0.060,-0.059,-0.018,0.011,0.000,6,W,0,,,,721051,156.36,0
730,1701.399,"Mount",-0.153,0.050,-0.115,0.113,-0.037,0.041,19,E,17,S,,,750203,137.64,0
731,1703.562,"Mount",0.033,0.159,-0.126,-0.102,-0.036,-0.035,19,E,15,N,,,791700,168.41,0
732,1705.977,"Mount",-0.130,-0.035,-0.029,0.131,0.017,0.046,9,W,20,S,,,783862,147.94,0
733,1708.209,"Mount",-0.130,-0.289,0.197,0.249,0.115,0.092,59,W,39,S,,,651984,143.71,0
734,1710.599,"Mount",-0.183,-0.103,0.007,0.210,0.035,0.079,18,W,34,S,,,739382,142.43,0
735,1712.811,"Mount",-0.168,-0.090,0.002,0.191,0.058,0.072,30,W,31,S,,,713687,137.94,0
736,1715.272,"Mount",-0.030,-0.173,0.140,0.106,0.149,0.041,77,W,18,S,,,678308,140.11,0
737,1717.562,"Mount",-0.006,-0.331,0.291,0.158,0.241,0.058,125,W,25,S,,,628117,131.98,0
738,1720.097,"Mount",-0.036,-0.204,0.165,0.127,0.222,0.048,115,W,21,S,,,640042,148.57,0
739,1722.329,"Mount",-0.042,-0.122,0.089,0.094,0.217,0.036,112,W,15,S,,,806144,154.34,0
740,1724.712,"Mount",-0.015,-0.083,0.066,0.051,0.234,0.000,121,W,0,,,,776382,159.89,0
741,1727.003,"Mount",0.109,-0.044,0.089,-0.076,0.239,-0.027,124,W,12,N,,,716274,132.69,0
742,1729.537,"Mount",0.089,0.028,0.016,-0.092,0.220,-0.034,114,W,15,N,,,695189,140.89,0
743,1731.814,"Mount",0.158,-0.080,0.144,-0.103,0.259,-0.038,134,W,16,N,,,655588,138.91,0
744,1734.166,"Mount",-0.099,0.173,-0.199,0.008,0.094,0.000,48,W,0,,,,607366,123.75,0
745,1736.425,"Mount",0.111,-0.030,0.078,-0.085,0.184,-0.030,95,W,13,N,,,723595,153.39,0
746,1738.903,"Mount",0.155,-0.079,0.141,-0.101,0.191,-0.038,99,W,16,N,,,738814,154.38,0
747,1741.082,"Mount",0.067,-0.116,0.134,-0.006,0.166,0.000,86,W,0,,,,696968,143.03,0
748,1743.571,"Mount",0.251,-0.068,0.176,-0.192,0.170,-0.069,88,W,29,N,,,656701,148.84,0
749,1745.812,"Mount",0.075,0.023,0.014,-0.077,0.095,-0.030,49,W,13,N,,,655640,134.23,0
750,1748.149,"Mount",-0.119,0.179,-0.214,0.023,-0.004,0.000,2,E,0,,,,730985,137.65,0
751,1750.300,"Mount",0.093,0.210,-0.144,-0.179,0.012,-0.065,6,W,28,N,,,551720,128.89,0
752,1752.708,"Mount",-0.054,-0.039,0.009,0.066,0.072,0.021,37,W,9,S,,,658338,131.13,0
753,1754.986,"Mount",-0.406,-0.169,-0.037,0.438,0.069,0.159,36,W,68,S,,,705760,151.34,0
754,1757.333,"Mount",-0.015,-0.023,0.013,0.024,0.043,0.000,23,W,0,,,,678356,132.94,0
755,1759.496,"Mount",-0.169,0.153,-0.213,0.080,-0.063,0.029,32,E,12,S,,,731594,166.78,0
756,1761.865,"Mount",-0.095,0.145,-0.172,0.018,-0.058,0.000,30,E,0,,,,728720,129.87,0
757,1764.019,"Mount",0.104,0.034,0.018,-0.108,0.005,-0.039,3,W,17,N,,,776888,151.56,0
758,1766.320,"Mount",0.007,-0.119,0.109,0.049,0.022,0.000,11,W,0,,,,651945,125.21,0
759,1768.471,"Mount",-0.044,-0.168,0.129,0.116,0.012,0.042,6,W,18,S,,,726587,171.54,0
760,1770.811,"Mount",0.014,0.047,-0.035,-0.034,-0.022,0.000,12,E,0,,,,698303,134.38,0
761,1773.005,"Mount",-0.059,-0.157,0.112,0.125,0.041,0.045,21,W,19,S,,,677311,141.67,0
762,1775.446,"Mount",-0.130,-0.212,0.129,0.213,0.061,0.079,32,W,34,S,,,687434,134.87,0
763,1777.740,"Mount",-0.018,-0.478,0.416,0.237,0.218,0.088,113,W,38,S,,,663299,132.44,0
764,1780.209,"Mount",-0.182,-0.229,0.120,0.267,0.106,0.100,55,W,43,S,,,694285,149.22,0
765,1782.436,"Mount",-0.059,-0.055,0.021,0.077,0.060,0.032,31,W,14,S,,,672222,146.52,0
766,1784.898,"Mount",-0.078,-0.198,0.140,0.161,0.117,0.059,61,W,25,S,,,618086,124.31,0
767,1787.069,"Mount",-0.124,-0.023,-0.037,0.121,0.032,0.046,17,W,20,S,,,645854,128.43,0
768,1789.376,"Mount",-0.004,-0.033,0.027,0.019,0.025,0.000,13,W,0,,,,647639,129.79,0
769,1791.448,"Mount",-0.070,0.021,-0.051,0.053,0.012,0.000,6,W,0,,,,646834,136.46,0
770,1793.788,"Mount",-0.104,0.158,-0.188,0.019,-0.094,0.000,49,E,0,,,,717066,143.60,0
771,1795.963,"Mount",0.068,0.014,0.019,-0.066,-0.036,-0.024,18,E,10,N,,,796786,146.34,0
772,1798.317,"Mount",-0.083,0.159,-0.179,0.001,-0.152,0.000,79,E,0,,,,721443,141.36,0
773,1800.595,"Mount",-0.158,0.159,-0.213,0.066,-0.208,0.024,108,E,10,S,,,657825,139.07,0
774,1803.027,"Mount",0.034,-0.088,0.093,0.011,-0.123,0.000,63,E,0,,,,701164,157.61,0
775,1805.273,"Mount",-0.113,0.012,-0.062,0.095,-0.181,0.034,94,E,15,S,,,663799,148.16,0
776,1807.654,"Mount",0.037,-0.238,0.228,0.077,-0.022,0.029,11,E,12,S,,,671887,145.08,0
777,1809.862,"Mount",0.244,-0.254,0.338,-0.099,0.084,-0.035,44,W,15,N,,,722264,144.95,0
778,1814.344,"Mount",0.076,-0.106,0.129,-0.018,0.105,0.000,55,W,0,,,,679963,143.31,0
779,1816.628,"Mount",-0.085,0.180,-0.199,-0.008,-0.006,0.000,3,E,0,,,,766489,161.10,0
780,1818.798,"Mount",-0.057,-0.040,0.009,0.070,0.096,0.025,50,W,11,S,,,657775,119.32,0
781,1821.188,"Mount",-0.172,0.081,-0.151,0.115,0.003,0.043,2,W,18,S,,,679941,128.20,0
782,1823.509,"Mount",-0.036,-0.121,0.091,0.088,0.089,0.033,46,W,14,S,,,763251,168.24,0
783,1825.910,"Mount",-0.006,-0.163,0.142,0.080,0.099,0.030,51,W,13,S,,,588909,137.09,0
784,1827.994,"Mount",0.017,-0.048,0.050,0.007,0.025,0.000,13,W,0,,,,673697,130.16,0
785,1830.372,"Mount",-0.094,-0.241,0.170,0.195,0.080,0.070,41,W,30,S,,,712828,160.65,0
786,1832.554,"Mount",-0.283,-0.024,-0.109,0.262,-0.041,0.097,21,E,42,S,,,754317,141.88,0
787,1834.943,"Mount",0.133,-0.250,0.283,-0.003,0.118,0.000,61,W,0,,,,721380,147.07,0
788,1837.120,"Mount",0.139,-0.043,0.102,-0.104,0.031,-0.037,16,W,16,N,,,656076,128.96,0
789,1839.479,"Mount",-0.070,-0.134,0.087,0.124,0.050,0.043,26,W,18,S,,,729636,140.67,0
790,1841.658,"Mount",0.193,0.011,0.079,-0.176,0.051,-0.062,27,W,26,N,,,809492,165.81,0
791,1843.968,"Mount",-0.084,-0.030,-0.012,0.088,-0.001,0.029,0,,12,S,,,681943,135.60,0
792,1846.164,"Mount",-0.114,-0.200,0.125,0.194,0.049,0.071,25,W,30,S,,,659161,125.49,0
793,1848.547,"Mount",0.119,-0.064,0.112,-0.076,0.032,-0.025,17,W,11,N,,,666257,128.59,0
794,1850.694,"Mount",-0.048,-0.071,0.041,0.075,-0.031,0.026,16,E,11,S,,,711412,150.43,0
795,1853.142,"Mount",0.139,0.188,-0.103,-0.211,-0.099,-0.075,51,E,32,N,,,706746,142.53,0
796,1855.477,"Mount",0.016,0.294,-0.253,-0.150,-0.180,-0.057,93,E,24,N,,,720343,148.72,0
797,1857.859,"Mount",-0.044,0.201,-0.198,-0.054,-0.178,0.000,92,E,0,,,,665776,136.63,0
798,1860.039,"Mount",-0.086,0.226,-0.240,-0.029,-0.207,0.000,107,E,0,,,,760398,137.71,0
799,1862.517,"Mount",-0.001,0.111,-0.099,-0.050,-0.175,0.000,91,E,0,,,,751285,132.62,0
800,1864.723,"Mount",0.066,0.103,-0.061,-0.106,-0.163,-0.038,84,E,16,N,,,630171,143.77,0
801,1867.129,"Mount",-0.007,0.046,-0.044,-0.015,-0.146,0.000,75,E,0,,,,697255,143.16,0
802,1869.377,"Mount",-0.222,0.032,-0.131,0.182,-0.196,0.065,101,E,28,S,,,739535,145.08,0
803,1871.820,"Mount",-0.110,-0.030,-0.024,0.111,-0.126,0.043,65,E,18,S,,,543788,121.78,0
804,1874.003,"Mount",-0.023,-0.094,0.073,0.064,-0.074,0.025,38,E,11,S,,,675252,129.63,0
805,1876.373,"Mount",0.020,-0.023,0.030,-0.007,-0.102,0.000,53,E,0,,,,596419,133.54,0
806,1878.664,"Mount",0.128,-0.037,0.091,-0.097,-0.050,-0.035,26,E,15,N,,,679820,165.59,0
807,1881.049,"Mount",0.089,0.085,-0.034,-0.119,-0.088,-0.044,46,E,19,N,,,651757,137.96,0
808,1883.197,"Mount",0.016,-0.239,0.220,0.096,0.010,0.033,5,W,14,S,,,615440,149.53,0
809,1885.552,"Mount",-0.018,-0.042,0.030,0.035,-0.102,0.000,53,E,0,,,,774313,155.33,0
810,1887.720,"Mount",-0.116,-0.135,0.066,0.166,-0.072,0.060,37,E,26,S,,,748782,141.00,0
811,1890.083,"Mount",0.147,-0.390,0.413,0.050,0.083,0.000,43,W,0,,,,666595,132.70,0
812,1892.234,"Mount",-0.010,-0.254,0.221,0.126,0.011,0.045,6,W,19,S,,,764659,146.72,0
813,1894.631,"Mount",0.272,0.007,0.119,-0.245,-0.030,-0.086,15,E,37,N,,,658738,141.84,0
814,1896.785,"Mount",0.202,-0.070,0.155,-0.147,0.009,-0.056,5,W,24,N,,,760446,150.66,0
815,1899.104,"Mount",0.070,-0.133,0.150,-0.000,0.012,0.000,6,W,0,,,,778796,145.80,0
816,1901.285,"Mount",-0.174,-0.068,-0.019,0.186,-0.064,0.067,33,E,29,S,,,689281,132.14,0
817,1903.655,"Mount",-0.084,-0.006,-0.033,0.077,-0.074,0.030,38,E,13,S,,,623523,125.58,0
818,1905.840,"Mount",-0.114,0.100,-0.141,0.055,-0.159,0.000,83,E,0,,,,707709,125.25,0
819,1908.307,"Mount",-0.202,-0.033,-0.064,0.194,-0.148,0.070,76,E,30,S,,,728892,136.41,0
820,1910.567,"Mount",-0.282,-0.145,-0.001,0.317,-0.141,0.117,73,E,50,S,,,731829,144.24,0
821,1913.086,"Mount",-0.028,-0.082,0.060,0.063,-0.187,0.027,97,E,12,S,,,637445,136.02,0
822,1915.308,"Mount",-0.110,0.154,-0.187,0.026,-0.292,0.000,151,E,0,,,,665625,130.40,0
823,1917.681,"Mount",0.053,-0.192,0.195,0.041,-0.139,0.000,72,E,0,,,,679806,129.89,0
824,1919.990,"Mount",0.064,0.012,0.019,-0.062,-0.235,-0.022,122,E,10,N,,,608509,116.68,0
825,1922.580,"Mount",-0.365,0.073,-0.233,0.291,-0.364,0.104,189,E,44,S,,,724114,187.17,0
826,1924.854,"Mount",0.126,-0.025,0.080,-0.100,-0.223,-0.032,116,E,14,N,,,698352,139.08,0
827,1927.415,"Mount",-0.184,0.150,-0.218,0.094,-0.370,0.032,192,E,14,S,,,571115,126.67,0
828,1929.661,"Mount",-0.081,0.046,-0.079,0.051,-0.295,0.000,153,E,0,,,,724044,139.27,0
829,1932.169,"Mount",-0.182,0.236,-0.293,0.052,-0.383,0.000,199,E,0,,,,652427,127.33,0
830,1934.395,"Mount",-0.063,-0.129,0.085,0.115,-0.179,0.041,93,E,18,S,,,684839,143.64,0
831,1936.859,"Mount",-0.055,-0.096,0.060,0.094,-0.179,0.035,93,E,15,S,,,632614,136.24,0
832,1939.059,"Mount",0.042,-0.043,0.058,-0.018,-0.178,0.000,92,E,0,,,,697169,136.78,0
833,1941.459,"Mount",0.256,-0.074,0.184,-0.193,-0.065,-0.069,34,E,30,N,,,832861,152.79,0
834,1943.743,"Mount",0.123,0.145,-0.072,-0.176,-0.154,-0.066,80,E,28,N,,,700974,142.11,0
835,1946.143,"Mount",-0.020,0.041,-0.046,-0.001,-0.118,0.000,61,E,0,,,,693280,165.22,0
836,1948.418,"Mount",-0.154,0.079,-0.142,0.100,-0.164,0.036,85,E,15,S,,,654696,152.10,0
837,1950.761,"Mount",0.110,-0.078,0.120,-0.062,-0.049,-0.021,25,E,9,N,,,740732,152.04,0
838,1952.889,"Mount",-0.023,-0.004,-0.007,0.022,-0.120,0.000,62,E,0,,,,700131,155.89,0
839,1955.227,"Mount",-0.027,-0.010,-0.004,0.028,-0.136,0.000,71,E,0,,,,713439,136.77,0
840,1957.413,"Mount",-0.102,-0.184,0.117,0.175,-0.092,0.063,47,E,27,S,,,670691,139.68,0
841,1959.876,"Mount",-0.066,-0.119,0.075,0.113,-0.130,0.043,67,E,18,S,,,697954,126.88,0
842,1962.112,"Mount",-0.090,0.013,-0.053,0.074,-0.158,0.028,82,E,12,S,,,621200,124.38,0
843,1964.487,"Mount",0.041,-0.137,0.140,0.027,-0.097,0.000,50,E,0,,,,651807,143.42,0
844,1966.673,"Mount",-0.181,-0.115,0.018,0.214,-0.140,0.077,72,E,33,S,,,624496,122.58,0
845,1969.074,"Mount",-0.028,-0.149,0.119,0.093,-0.059,0.037,31,E,16,S,,,732751,137.03,0
846,1971.228,"Mount",-0.087,-0.175,0.115,0.158,-0.030,0.058,15,E,25,S,,,797906,149.14,0
847,1973.740,"Mount",0.006,-0.233,0.210,0.102,0.044,0.039,23,W,17,S,,,725292,174.61,0
848,1976.001,"Mount",-0.046,-0.104,0.072,0.089,0.011,0.033,5,W,14,S,,,603207,120.03,0
849,1978.353,"Mount",0.063,0.022,0.010,-0.067,0.001,-0.023,1,W,10,N,,,578200,126.44,0
850,1980.569,"Mount",-0.009,0.317,-0.286,-0.138,-0.116,-0.051,60,E,22,N,,,661498,139.08,0
851,1982.941,"Mount",0.095,-0.093,0.126,-0.042,0.063,0.000,33,W,0,,,,654363,132.13,0
852,1985.126,"Mount",-0.098,-0.080,0.026,0.124,0.013,0.045,7,W,19,S,,,730835,138.57,0
853,1987.495,"Mount",0.166,-0.054,0.125,-0.122,0.075,-0.042,39,W,18,N,,,698972,154.62,0
854,1989.725,"Mount",0.228,-0.075,0.171,-0.168,0.105,-0.062,54,W,27,N,,,611629,123.97,0
855,1992.142,"Mount",0.185,0.065,0.027,-0.195,0.041,-0.073,21,W,31,N,,,715571,132.05,0
856,1994.295,"Mount",-0.071,0.293,-0.293,-0.073,-0.075,-0.029,39,E,12,N,,,688855,133.54,0
857,1996.665,"Mount",-0.207,-0.035,-0.064,0.200,0.035,0.071,18,W,30,S,,,796199,158.03,0
858,1998.754,"Mount",-0.016,0.092,-0.089,-0.028,0.031,0.000,16,W,0,,,,733142,143.59,0
859,2001.164,"Mount",-0.077,-0.042,0.001,0.088,0.065,0.032,34,W,13,S,,,641729,123.85,0
860,2003.300,"Mount",0.048,0.009,0.014,-0.046,0.075,0.000,39,W,0,,,,712746,141.34,0
861,2005.701,"Mount",-0.061,0.240,-0.242,-0.057,-0.019,0.000,10,E,0,,,,660874,149.83,0
862,2007.901,"Mount",-0.083,-0.092,0.043,0.116,0.102,0.042,53,W,18,S,,,704287,134.98,0
863,2010.326,"Mount",-0.160,-0.114,0.027,0.194,0.107,0.072,55,W,31,S,,,663308,129.56,0
864,2012.632,"Mount",-0.111,-0.299,0.215,0.236,0.200,0.088,103,W,38,S,,,657145,136.01,0
865,2015.003,"Mount",0.017,-0.020,0.026,-0.006,0.105,0.000,54,W,0,,,,749080,146.52,0
866,2017.227,"Mount",0.177,0.068,0.021,-0.189,0.099,-0.068,51,W,29,N,,,709492,148.43,0
867,2019.614,"Mount",-0.114,0.087,-0.130,0.061,0.043,0.019,22,W,8,S,,,775922,159.58,0
868,2021.855,"Mount",-0.154,-0.030,-0.044,0.151,0.088,0.055,46,W,24,S,,,772010,137.44,0
869,2024.237,"Mount",-0.156,0.089,-0.151,0.097,0.016,0.037,8,W,16,S,,,756407,142.62,0
870,2026.420,"Mount",-0.164,-0.094,0.008,0.189,0.061,0.070,31,W,30,S,,,685507,137.78,0
871,2028.838,"Mount",-0.186,-0.041,-0.049,0.184,0.046,0.069,24,W,29,S,,,754652,140.08,0
872,2030.974,"Mount",-0.164,-0.049,-0.032,0.168,0.022,0.063,11,W,27,S,,,685606,123.48,0
873,2033.324,"Mount",0.107,0.022,0.030,-0.105,-0.001,-0.035,0,,15,N,,,612648,155.38,0
874,2035.631,"Mount",-0.066,0.264,-0.264,-0.063,-0.130,-0.024,68,E,10,N,,,709555,139.43,0
875,2038.034,"Mount",-0.222,-0.066,-0.044,0.228,-0.018,0.081,9,E,35,S,,,792172,145.84,0
876,2040.187,"Mount",0.137,0.002,0.061,-0.123,0.006,-0.041,3,W,17,N,,,634107,134.63,0
877,2042.604,"Mount",-0.015,0.229,-0.210,-0.092,-0.123,-0.035,64,E,15,N,,,698307,154.28,0
878,2044.755,"Mount",-0.193,-0.033,-0.059,0.187,-0.018,0.066,9,E,28,S,,,646581,155.91,0
879,2047.097,"Mount",-0.090,0.049,-0.085,0.057,-0.050,0.000,26,E,0,,,,686121,142.59,0
880,2049.308,"Mount",-0.009,0.269,-0.243,-0.116,-0.113,-0.042,58,E,18,N,,,759640,155.84,0
881,2051.722,"Mount",-0.111,-0.087,0.026,0.139,0.010,0.048,5,W,21,S,,,684543,141.84,0
882,2053.933,"Mount",-0.143,-0.086,0.011,0.167,0.021,0.062,11,W,26,S,,,699759,137.77,0
883,2056.348,"Mount",-0.012,-0.238,0.206,0.120,0.130,0.046,67,W,20,S,,,741533,147.89,0
884,2058.598,"Mount",-0.073,-0.233,0.173,0.172,0.132,0.064,68,W,27,S,,,686012,141.04,0
885,2060.977,"Mount",-0.019,-0.079,0.061,0.053,0.114,0.000,59,W,0,,,,784994,167.24,0
886,2063.191,"Mount",0.074,-0.102,0.125,-0.019,0.161,0.000,84,W,0,,,,653496,170.89,0
887,2065.618,"Mount",0.047,0.059,-0.030,-0.069,0.131,-0.025,68,W,11,N,,,690620,141.01,0
888,2067.833,"Mount",-0.016,-0.082,0.066,0.052,0.183,0.000,95,W,0,,,,687256,154.07,0
889,2070.394,"Mount",-0.101,-0.280,0.202,0.219,0.272,0.079,141,W,34,S,,,692160,128.28,0
890,2072.738,"Mount",-0.012,-0.363,0.317,0.178,0.326,0.067,169,W,29,S,,,793525,143.09,0
891,2075.262,"Mount",-0.087,-0.145,0.089,0.144,0.240,0.055,124,W,23,S,,,662612,130.60,0
892,2077.569,"Mount",-0.001,-0.183,0.162,0.085,0.274,0.033,142,W,14,S,,,626121,121.64,0
893,2079.942,"Mount",-0.077,0.083,-0.109,0.030,0.153,0.000,79,W,0,,,,732236,168.76,0
894,2082.129,"Mount",0.056,-0.128,0.139,0.010,0.234,0.000,121,W,0,,,,659506,146.11,0
895,2084.478,"Mount",-0.044,0.198,-0.196,-0.052,0.077,0.000,40,W,0,,,,733106,131.65,0
896,2086.613,"Mount",0.009,-0.041,0.041,0.010,0.131,0.000,68,W,0,,,,724228,146.15,0
897,2088.958,"Mount",-0.048,0.138,-0.144,-0.021,0.057,0.000,30,W,0,,,,622807,127.72,0
898,2091.048,"Mount",-0.112,0.144,-0.179,0.033,0.017,0.000,9,W,0,,,,668095,138.95,0
899,2093.417,"Mount",-0.133,0.096,-0.146,0.073,0.017,0.026,9,W,11,S,,,729452,138.15,0
900,2095.596,"Mount",-0.026,0.214,-0.201,-0.076,-0.016,-0.026,9,E,11,N,,,758434,151.55,0
901,2098.019,"Mount",-0.001,-0.130,0.115,0.061,0.115,0.021,60,W,9,S,,,598743,133.44,0
902,2100.127,"Mount",-0.022,-0.006,-0.005,0.023,0.048,0.000,25,W,0,,,,652380,132.72,0
903,2102.506,"Mount",0.014,-0.086,0.083,0.027,0.081,0.000,42,W,0,,,,691493,155.75,0
904,2104.658,"Mount",0.152,0.056,0.020,-0.161,0.028,-0.058,14,W,25,N,,,831469,157.37,0
905,2107.063,"Mount",0.069,0.079,-0.039,-0.097,0.031,-0.037,16,W,16,N,,,717479,178.18,0
906,2109.169,"Mount",-0.006,0.065,-0.060,-0.024,-0.004,0.000,2,E,0,,,,646057,135.86,0
907,2111.500,"Mount",0.076,0.080,-0.036,-0.104,0.020,-0.038,10,W,16,N,,,679394,130.82,0
908,2113.667,"Mount",-0.175,0.230,-0.285,0.049,-0.114,0.000,59,E,0,,,,650943,123.37,0
909,2116.065,"Mount",-0.170,-0.141,0.047,0.216,-0.012,0.078,6,E,33,S,,,616084,120.17,0
910,2118.314,"Mount",-0.364,0.098,-0.255,0.278,-0.139,0.103,72,E,44,S,,,681697,137.71,0
911,2120.685,"Mount",0.111,-0.059,0.103,-0.072,0.045,-0.022,24,W,9,N,,,772948,145.31,0
912,2122.710,"Mount",0.040,-0.018,0.034,-0.027,0.000,0.000,0,,0,,,,694817,133.32,0
913,2125.178,"Mount",-0.019,-0.121,0.099,0.073,0.078,0.026,40,W,11,S,,,750328,154.32,0
914,2127.962,"Mount",-1.150,2.436,-2.691,-0.105,-1.171,-0.037,606,E,16,N,,,695810,142.79,0
915,2130.508,"Mount",-0.243,0.764,-0.790,-0.138,-0.319,-0.051,165,E,22,N,,,691969,137.50,0
916,2133.106,"Mount",1.133,-1.606,1.948,-0.263,0.846,-0.097,438,W,41,N,,,763089,148.38,0
917,2135.567,"Mount",-0.177,-0.376,0.252,0.331,0.069,0.115,36,W,49,S,,,687430,126.90,0
918,2137.872,"Mount",-0.136,-0.370,0.266,0.292,0.158,0.110,82,W,47,S,,,652114,125.64,0
919,2140.331,"Mount",-0.224,-0.284,0.149,0.330,0.090,0.123,46,W,53,S,,,692450,133.11,0
920,2142.519,"Mount",-0.206,-0.035,-0.064,0.199,-0.028,0.077,15,E,33,S,,,675998,130.84,0
921,2144.939,"Mount",0.117,-0.093,0.137,-0.061,0.040,-0.019,21,W,8,N,,,721239,127.81,0
922,2147.180,"Mount",-0.186,-0.069,-0.025,0.197,-0.060,0.070,31,E,30,S,,,641660,148.69,0
923,2149.564,"Mount",-0.126,-0.069,0.003,0.144,-0.104,0.055,54,E,23,S,,,655630,149.80,0
924,2151.775,"Mount",-0.102,-0.156,0.092,0.163,-0.094,0.061,49,E,26,S,,,582443,138.38,0
925,2154.191,"Mount",0.053,-0.249,0.245,0.068,-0.066,0.027,34,E,11,S,,,692815,133.45,0
926,2156.252,"Mount",0.057,-0.193,0.198,0.038,0.007,0.000,3,W,0,,,,680095,137.11,0
927,2158.560,"Mount",0.122,-0.125,0.168,-0.050,0.052,0.000,27,W,0,,,,714083,151.76,0
928,2160.767,"Mount",-0.029,-0.301,0.254,0.165,0.124,0.059,64,W,25,S,,,707118,158.11,0
929,2163.134,"Mount",-0.010,0.204,-0.186,-0.085,0.012,-0.028,6,W,12,N,,,596429,125.68,0
930,2165.266,"Mount",0.013,-0.039,0.041,0.007,0.085,0.000,44,W,0,,,,753055,159.18,0
931,2167.680,"Mount",0.098,0.098,-0.042,-0.132,0.061,-0.048,31,W,20,N,,,641400,128.11,0
932,2169.867,"Mount",0.096,0.029,0.019,-0.098,0.037,-0.037,19,W,16,N,,,701233,144.22,0
933,2172.245,"Mount",-0.103,0.046,-0.088,0.070,-0.003,0.024,2,E,10,S,,,664142,144.06,0
934,2174.379,"Mount",0.025,-0.123,0.120,0.035,0.088,0.000,46,W,0,,,,573526,125.14,0
935,2176.789,"Mount",0.135,0.071,-0.001,-0.152,0.028,-0.055,15,W,23,N,,,655208,128.86,0
936,2178.910,"Mount",0.004,0.091,-0.079,-0.045,-0.019,0.000,10,E,0,,,,719780,141.84,0
937,2181.216,"Mount",0.029,0.044,-0.026,-0.046,0.023,0.000,12,W,0,,,,730766,155.79,0
938,2183.406,"Mount",-0.008,0.153,-0.140,-0.064,-0.041,-0.023,21,E,10,N,,,647718,131.96,0
939,2185.814,"Mount",0.060,0.033,-0.002,-0.069,0.014,-0.026,7,W,11,N,,,684152,132.83,0
940,2188.023,"Mount",0.011,-0.259,0.235,0.110,0.111,0.039,58,W,17,S,,,708659,167.78,0
941,2190.331,"Mount",0.005,0.098,-0.084,-0.050,-0.039,0.000,20,E,0,,,,654638,144.05,0
942,2192.481,"Mount",0.118,0.110,-0.043,-0.156,-0.010,-0.056,5,E,24,N,,,678565,131.39,0
943,2194.832,"Mount",-0.068,0.232,-0.237,-0.047,-0.131,0.000,68,E,0,,,,823821,146.26,0
944,2196.935,"Mount",-0.080,0.131,-0.153,0.010,-0.107,0.000,56,E,0,,,,714058,137.12,0
945,2199.347,"Mount",-0.123,0.078,-0.126,0.073,-0.111,0.026,57,E,11,S,,,710576,145.52,0
946,2201.447,"Mount",-0.036,-0.035,0.015,0.048,-0.072,0.000,37,E,0,,,,658477,145.05,0
947,2203.844,"Mount",-0.026,-0.223,0.186,0.126,-0.013,0.045,7,E,19,S,,,710049,156.56,0
948,2206.053,"Mount",-0.082,-0.068,0.023,0.104,-0.097,0.039,50,E,17,S,,,672709,127.45,0
949,2208.382,"Mount",0.093,-0.100,0.132,-0.036,-0.058,0.000,30,E,0,,,,764242,137.77,0
950,2210.492,"Mount",0.077,-0.086,0.112,-0.029,-0.069,0.000,36,E,0,,,,717319,143.15,0
951,2212.940,"Mount",-0.124,-0.018,-0.041,0.119,-0.121,0.043,63,E,18,S,,,713725,152.99,0
952,2215.086,"Mount",0.024,-0.129,0.125,0.039,-0.069,0.000,36,E,0,,,,653876,129.49,0
953,2217.463,"Mount",-0.075,0.076,-0.102,0.032,-0.169,0.000,88,E,0,,,,648314,135.23,0
954,2219.704,"Mount",-0.111,0.065,-0.109,0.069,-0.160,0.025,83,E,11,S,,,610945,122.23,0
955,2222.065,"Mount",0.026,0.013,0.001,-0.029,-0.099,0.000,51,E,0,,,,724812,139.71,0
956,2224.209,"Mount",-0.040,-0.041,0.018,0.054,-0.084,0.000,44,E,0,,,,679081,138.81,0
957,2226.605,"Mount",0.109,-0.038,0.084,-0.079,-0.048,-0.028,25,E,12,N,,,690484,132.87,0
958,2228.827,"Mount",-0.146,0.036,-0.099,0.113,-0.127,0.040,66,E,17,S,,,727365,128.96,0
959,2231.266,"Mount",-0.201,-0.244,0.124,0.291,-0.032,0.106,17,E,46,S,,,645002,139.96,0
960,2233.510,"Mount",-0.233,-0.176,0.049,0.288,-0.086,0.108,45,E,46,S,,,645713,132.32,0
961,2235.949,"Mount",-0.105,0.030,-0.075,0.080,-0.136,0.033,70,E,14,S,,,668219,122.92,0
962,2238.152,"Mount",-0.132,-0.235,0.148,0.225,-0.038,0.082,20,E,35,S,,,680457,146.95,0
963,2240.580,"Mount",-0.143,-0.206,0.118,0.222,-0.047,0.083,24,E,36,S,,,641879,123.40,0
964,2242.729,"Mount",0.124,-0.232,0.263,-0.003,0.031,0.000,16,W,0,,,,692245,140.01,0
965,2245.127,"Mount",0.150,-0.104,0.162,-0.085,0.003,-0.031,2,W,13,N,,,610238,130.81,0
966,2247.239,"Mount",0.157,-0.069,0.133,-0.107,0.001,-0.040,0,,17,N,,,765110,169.45,0
967,2249.671,"Mount",0.173,-0.013,0.091,-0.147,-0.028,-0.055,15,E,23,N,,,665936,157.20,0
968,2251.855,"Mount",0.194,-0.061,0.144,-0.144,-0.010,-0.054,5,E,23,N,,,720808,139.10,0
969,2254.266,"Mount",-0.084,0.161,-0.181,0.000,-0.173,0.000,89,E,0,,,,708555,143.44,0
970,2256.479,"Mount",0.128,0.127,-0.054,-0.172,-0.106,-0.062,55,E,26,N,,,762892,135.59,0
971,2259.002,"Mount",-0.143,0.061,-0.121,0.099,-0.184,0.033,95,E,14,S,,,700872,123.00,0
972,2261.224,"Mount",-0.039,-0.123,0.091,0.091,-0.128,0.034,66,E,15,S,,,665157,142.65,0
973,2263.730,"Mount",0.155,0.076,0.004,-0.173,-0.207,-0.061,107,E,26,N,,,704241,134.25,0
974,2266.066,"Mount",0.062,0.160,-0.114,-0.129,-0.279,-0.049,144,E,21,N,,,766880,152.59,0
975,2268.646,"Mount",-0.253,0.042,-0.154,0.205,-0.332,0.072,172,E,31,S,,,668186,150.25,0
976,2271.003,"Mount",-0.047,-0.069,0.039,0.073,-0.273,0.029,142,E,13,S,,,643415,133.74,0
977,2273.457,"Mount",-0.079,0.094,-0.120,0.026,-0.344,0.000,178,E,0,,,,663973,144.05,0
978,2275.681,"Mount",0.022,-0.173,0.164,0.060,-0.199,0.022,103,E,9,S,,,740956,133.57,0
979,2278.222,"Mount",0.168,0.175,-0.078,-0.230,-0.292,-0.082,151,E,35,N,,,652976,173.35,0
980,2280.544,"Mount",-0.153,0.078,-0.139,0.100,-0.302,0.033,156,E,14,S,,,674789,132.17,0
981,2283.030,"Mount",-0.108,0.110,-0.147,0.045,-0.276,0.000,143,E,0,,,,681308,128.43,0
982,2285.285,"Mount",-0.110,0.084,-0.125,0.059,-0.228,0.000,118,E,0,,,,692195,134.61,0
983,2287.677,"Mount",-0.009,0.054,-0.052,-0.017,-0.161,0.000,83,E,0,,,,730649,134.17,0
984,2289.875,"Mount",0.021,0.057,-0.041,-0.045,-0.124,0.000,64,E,0,,,,679958,150.43,0
985,2292.270,"Mount",-0.047,0.069,-0.082,0.010,-0.159,0.000,82,E,0,,,,611571,117.19,0
986,2294.387,"Mount",-0.039,-0.043,0.020,0.054,-0.103,0.000,53,E,0,,,,765255,156.26,0
987,2296.876,"Mount",-0.321,0.111,-0.247,0.234,-0.224,0.084,116,E,36,S,,,734387,160.76,0
988,2299.051,"Mount",-0.050,0.110,-0.120,-0.006,-0.166,0.000,86,E,0,,,,735863,140.23,0
989,2301.474,"Mount",0.146,0.154,-0.070,-0.200,-0.168,-0.072,87,E,31,N,,,733201,136.05,0
990,2303.761,"Mount",-0.280,-0.132,-0.012,0.309,-0.148,0.108,76,E,46,S,,,703864,122.93,0
991,2306.359,"Mount",-0.109,-0.003,-0.048,0.098,-0.186,0.039,96,E,17,S,,,663916,161.84,0
992,2308.613,"Mount",0.069,-0.085,0.107,-0.022,-0.150,0.000,78,E,0,,,,715191,137.08,0
993,2311.053,"Mount",0.052,0.032,-0.005,-0.060,-0.183,-0.022,95,E,9,N,,,681256,135.74,0
994,2313.228,"Mount",0.054,-0.312,0.302,0.096,-0.030,0.034,16,E,14,S,,,690586,136.26,0
995,2315.535,"Mount",0.168,-0.251,0.300,-0.033,0.006,0.000,3,W,0,,,,761605,144.80,0
996,2317.616,"Mount",0.041,-0.110,0.116,0.015,-0.021,0.000,11,E,0,,,,736067,153.23,0
997,2319.973,"Mount",0.097,-0.025,0.067,-0.075,-0.016,-0.027,8,E,12,N,,,748038,153.19,0
998,2322.119,"Mount",-0.033,-0.116,0.087,0.083,0.039,0.029,20,W,12,S,,,659655,136.68,0
999,2324.496,"Mount",-0.080,0.190,-0.205,-0.017,-0.075,0.000,39,E,0,,,,791757,155.68,0
1000,2326.562,"Mount",0.004,0.054,-0.046,-0.029,0.015,0.000,8,W,0,,,,742910,152.04,0
1001,2328.930,"Mount",-0.110,-0.070,0.011,0.130,0.016,0.047,8,W,20,S,,,706842,139.11,0
1002,2331.157,"Mount",-0.213,0.054,-0.146,0.164,-0.070,0.061,36,E,26,S,,,653378,134.36,0
1003,2333.573,"Mount",-0.156,-0.013,-0.060,0.144,-0.011,0.054,6,E,23,S,,,586395,118.57,0
1004,2335.736,"Mount",0.065,0.108,-0.066,-0.108,-0.031,-0.037,16,E,16,N,,,666903,131.18,0
1005,2338.128,"Mount",0.075,0.024,0.013,-0.077,0.014,-0.029,7,W,12,N,,,795073,146.17,0
1006,2340.215,"Mount",0.025,0.030,-0.015,-0.036,0.026,0.000,13,W,0,,,,720383,125.98,0
1007,2342.642,"Mount",0.016,-0.203,0.188,0.079,0.128,0.029,66,W,12,S,,,695088,141.77,0
1008,2344.792,"Mount",0.092,-0.058,0.094,-0.055,0.097,0.000,50,W,0,,,,647145,138.44,0
1009,2347.184,"Mount",0.093,-0.099,0.130,-0.037,0.135,0.000,70,W,0,,,,700432,148.72,0
1010,2349.363,"Mount",0.123,-0.128,0.171,-0.050,0.160,0.000,83,W,0,,,,675667,133.77,0
1011,2351.862,"Mount",0.262,-0.047,0.162,-0.210,0.173,-0.076,90,W,32,N,,,768304,144.25,0
1012,2354.024,"Mount",0.078,-0.145,0.165,-0.002,0.178,0.000,92,W,0,,,,599537,127.05,0
1013,2356.412,"Mount",0.044,0.027,-0.003,-0.052,0.115,0.000,59,W,0,,,,775159,147.93,0
1014,2358.619,"Mount",-0.104,0.056,-0.097,0.067,0.072,0.024,37,W,10,S,,,671690,151.53,0
1015,2361.107,"Mount",-0.164,-0.275,0.169,0.272,0.192,0.099,100,W,42,S,,,773642,156.37,0
1016,2363.257,"Mount",0.061,-0.023,0.048,-0.043,0.109,0.000,56,W,0,,,,757583,152.54,0
1017,2365.694,"Mount",-0.038,-0.075,0.049,0.068,0.109,0.025,56,W,11,S,,,761501,144.33,0
1018,2367.920,"Mount",-0.036,-0.124,0.093,0.090,0.136,0.033,71,W,14,S,,,720277,146.08,0
1019,2370.258,"Mount",-0.013,-0.004,-0.002,0.014,0.092,0.000,48,W,0,,,,620522,137.41,0
1020,2372.483,"Mount",0.031,0.082,-0.059,-0.066,0.071,-0.024,37,W,10,N,,,615261,147.99,0
1021,2374.915,"Mount",0.067,0.107,-0.064,-0.109,0.027,-0.040,14,W,17,N,,,713286,152.34,0
1022,2377.057,"Mount",-0.056,0.122,-0.134,-0.007,-0.032,0.000,16,E,0,,,,609729,120.62,0
1023,2379.385,"Mount",-0.002,0.080,-0.072,-0.036,-0.027,0.000,14,E,0,,,,716378,141.00,0
1024,2381.520,"Mount",-0.053,-0.030,0.003,0.061,-0.006,0.022,3,E,9,S,,,724745,136.69,0
1025,2383.818,"Mount",-0.031,0.117,-0.118,-0.027,-0.077,0.000,40,E,0,,,,756445,136.79,0
1026,2385.968,"Mount",0.144,-0.052,0.113,-0.104,0.028,-0.037,15,W,16,N,,,756989,149.93,0
1027,2388.335,"Mount",-0.093,-0.103,0.049,0.130,-0.023,0.045,12,E,19,S,,,661737,132.92,0
1028,2390.539,"Mount",0.012,-0.204,0.187,0.084,0.061,0.032,32,W,14,S,,,640397,136.68,0
1029,2392.955,"Mount",-0.172,-0.184,0.084,0.238,0.024,0.087,12,W,37,S,,,709829,158.92,0
1030,2395.131,"Mount",-0.068,-0.125,0.080,0.118,0.035,0.046,18,W,20,S,,,642220,130.94,0
1031,2397.499,"Mount",-0.070,0.000,-0.032,0.062,0.016,0.024,8,W,10,S,,,791406,150.96,0
1032,2399.712,"Mount",-0.180,-0.018,-0.067,0.167,-0.001,0.061,1,E,26,S,,,702971,134.93,0
1033,2402.128,"Mount",0.098,0.049,0.001,-0.110,0.039,-0.037,20,W,16,N,,,658902,177.23,0
1034,2404.224,"Mount",0.029,-0.017,0.028,-0.018,0.051,0.000,26,W,0,,,,831314,148.07,0
1035,2406.575,"Mount",0.009,-0.006,0.010,-0.005,0.069,0.000,36,W,0,,,,689915,122.56,0
1036,2408.740,"Mount",0.017,-0.027,0.032,-0.003,0.082,0.000,42,W,0,,,,757225,139.04,0
1037,2411.163,"Mount",0.053,-0.168,0.173,0.031,0.187,0.000,97,W,0,,,,689132,118.93,0
1038,2413.547,"Mount",-0.011,-0.416,0.364,0.202,0.295,0.073,153,W,31,S,,,643557,145.49,0
1039,2415.989,"Mount",0.171,-0.104,0.171,-0.104,0.228,-0.035,118,W,15,N,,,674432,135.03,0
1040,2418.182,"Mount",0.098,0.015,0.032,-0.094,0.173,-0.035,89,W,15,N,,,771712,150.45,0
1041,2420.574,"Mount",0.049,-0.033,0.052,-0.028,0.199,0.000,103,W,0,,,,675216,142.07,0
1042,2422.802,"Mount",0.063,-0.066,0.088,-0.026,0.231,0.000,120,W,0,,,,632460,129.92,0
1043,2425.247,"Mount",0.060,-0.090,0.108,-0.011,0.255,0.000,132,W,0,,,,694141,145.42,0
1044,2427.435,"Mount",0.019,0.058,-0.043,-0.044,0.181,0.000,94,W,0,,,,681509,161.30,0
1045,2429.873,"Mount",0.028,-0.068,0.073,0.007,0.206,0.000,107,W,0,,,,728837,133.14,0
1046,2432.063,"Mount",-0.091,0.050,-0.086,0.058,0.111,0.000,57,W,0,,,,593176,136.45,0
1047,2434.563,"Mount",0.196,-0.036,0.122,-0.157,0.187,-0.057,97,W,24,N,,,675874,134.30,0
1048,2436.783,"Mount",0.059,0.036,-0.005,-0.069,0.119,-0.027,61,W,12,N,,,666546,142.52,0
1049,2439.155,"Mount",0.015,0.107,-0.088,-0.062,0.063,-0.024,33,W,10,N,,,754046,142.41,0
1050,2441.335,"Mount",0.088,-0.021,0.059,-0.068,0.098,-0.025,51,W,11,N,,,731441,140.18,0
1051,2443.759,"Mount",0.030,0.107,-0.081,-0.076,0.064,-0.028,33,W,12,N,,,704578,144.18,0
1052,2445.902,"Mount",-0.029,-0.061,0.041,0.054,0.079,0.000,41,W,0,,,,679314,146.25,0
1053,2448.311,"Mount",0.136,0.016,0.049,-0.128,0.075,-0.046,39,W,20,N,,,707889,141.11,0
1054,2450.556,"Mount",0.108,0.024,0.028,-0.107,0.061,-0.040,32,W,17,N,,,693710,144.50,0
1055,2452.955,"Mount",-0.008,0.155,-0.142,-0.065,-0.020,-0.025,10,E,11,N,,,696654,151.49,0
1056,2455.055,"Mount",-0.041,-0.024,0.002,0.048,0.031,0.000,16,W,0,,,,714247,146.42,0
1057,2457.375,"Mount",-0.020,-0.054,0.038,0.043,0.014,0.000,7,W,0,,,,623084,144.13,0
1058,2459.630,"Mount",-0.113,-0.098,0.034,0.145,-0.004,0.052,2,E,22,S,,,654745,123.79,0
1059,2461.983,"Mount",0.066,-0.043,0.069,-0.038,0.021,0.000,11,W,0,,,,748423,146.71,0
1060,2464.143,"Mount",-0.038,-0.117,0.087,0.087,-0.001,0.031,1,E,13,S,,,659886,124.28,0
1061,2466.473,"Mount",0.047,0.033,-0.008,-0.057,-0.042,0.000,22,E,0,,,,754529,175.88,0
1062,2468.634,"Mount",-0.083,-0.064,0.019,0.103,-0.022,0.037,11,E,16,S,,,682662,119.99,0
1063,2471.061,"Mount",-0.116,-0.275,0.191,0.230,0.088,0.084,46,W,36,S,,,607709,123.53,0
1064,2473.279,"Mount",-0.250,-0.054,-0.067,0.247,0.007,0.092,4,W,39,S,,,668810,133.49,0
1065,2475.675,"Mount",-0.297,-0.150,-0.004,0.333,0.046,0.123,24,W,53,S,,,668705,175.89,0
1066,2477.832,"Mount",-0.199,0.009,-0.099,0.173,-0.004,0.067,2,E,29,S,,,598164,126.37,0
1067,2480.241,"Mount",0.204,0.051,0.049,-0.205,0.051,-0.071,26,W,30,N,,,691492,140.88,0
1068,2482.436,"Mount",0.089,0.097,-0.045,-0.124,0.040,-0.047,21,W,20,N,,,660318,138.90,0
1069,2484.753,"Mount",-0.037,0.051,-0.062,0.009,-0.002,0.000,1,E,0,,,,646590,124.70,0
1070,2486.871,"Mount",0.007,-0.088,0.081,0.035,0.041,0.000,21,W,0,,,,712191,147.85,0
1071,2489.317,"Mount",-0.171,0.168,-0.228,0.075,-0.115,0.027,60,E,11,S,,,629430,127.86,0
1072,2491.412,"Mount",-0.026,0.073,-0.077,-0.011,-0.059,0.000,31,E,0,,,,701088,148.01,0
1073,2493.743,"Mount",-0.030,0.042,-0.051,0.008,-0.039,0.000,20,E,0,,,,797308,136.14,0
1074,2495.892,"Mount",-0.041,-0.007,-0.012,0.040,-0.073,0.000,38,E,0,,,,688186,141.32,0
1075,2498.333,"Mount",-0.158,0.001,-0.073,0.140,-0.116,0.050,60,E,21,S,,,732223,155.15,0
1076,2500.548,"Mount",0.010,-0.162,0.148,0.066,-0.079,0.026,41,E,11,S,,,742562,138.56,0
1077,2503.067,"Mount",0.186,-0.044,0.125,-0.144,-0.095,-0.051,49,E,22,N,,,759524,147.20,0
1078,2505.163,"Mount",0.045,-0.166,0.168,0.037,0.012,0.000,6,W,0,,,,701072,140.32,0
1079,2507.483,"Mount",0.159,-0.195,0.246,-0.051,0.112,0.000,58,W,0,,,,622567,168.38,0
1080,2509.648,"Mount",0.043,-0.060,0.073,-0.011,0.119,0.000,61,W,0,,,,706138,139.75,0
1081,2512.073,"Mount",0.274,0.082,0.053,-0.280,0.087,-0.101,45,W,43,N,,,704606,151.80,0
1082,2514.259,"Mount",-0.167,-0.095,0.007,0.192,0.085,0.065,44,W,28,S,,,774573,151.96,0
1083,2516.556,"Mount",-0.058,0.019,-0.043,0.043,0.045,0.000,23,W,0,,,,658988,132.32,0
1084,2518.744,"Mount",-0.206,-0.123,0.014,0.240,0.059,0.086,30,W,37,S,,,699701,132.36,0
1085,2521.130,"Mount",0.061,-0.126,0.140,0.004,0.107,0.000,55,W,0,,,,773840,154.47,0
1086,2523.337,"Mount",0.072,0.007,0.027,-0.067,0.035,-0.024,18,W,10,N,,,671178,135.46,0
1087,2525.688,"Mount",0.029,0.042,-0.024,-0.045,0.033,0.000,17,W,0,,,,663286,141.60,0
1088,2527.916,"Mount",-0.099,-0.021,-0.027,0.098,0.034,0.035,17,W,15,S,,,632522,130.77,0
1089,2530.292,"Mount",0.079,-0.017,0.051,-0.062,0.025,-0.021,13,W,9,N,,,561693,137.91,0
1090,2532.381,"Mount",0.020,-0.037,0.042,-0.001,0.013,0.000,7,W,0,,,,631350,143.44,0
1091,2534.690,"Mount",0.048,-0.123,0.132,0.014,0.063,0.000,33,W,0,,,,679233,132.45,0
1092,2536.846,"Mount",0.107,-0.115,0.151,-0.042,0.067,0.000,35,W,0,,,,651575,121.05,0
1093,2539.267,"Mount",0.036,-0.212,0.205,0.066,0.083,0.024,43,W,10,S,,,660162,145.01,0
1094,2541.399,"Mount",0.172,-0.260,0.310,-0.032,0.132,0.000,69,W,0,,,,826212,137.34,0
1095,2543.876,"Mount",0.167,0.016,0.063,-0.155,0.007,-0.056,4,W,24,N,,,672235,129.38,0
1096,2546.083,"Mount",0.187,-0.036,0.118,-0.149,0.033,-0.056,17,W,24,N,,,645845,126.40,0
1097,2548.464,"Mount",0.168,0.095,-0.007,-0.193,-0.036,-0.072,19,E,31,N,,,708207,155.63,0
1098,2550.656,"Mount",0.045,0.247,-0.198,-0.154,-0.137,-0.058,71,E,25,N,,,701070,141.32,0
1099,2553.143,"Mount",-0.304,0.105,-0.233,0.221,-0.170,0.077,88,E,33,S,,,601948,125.39,0
1100,2555.161,"DROP",,,,,,,,,,,,,7049,14.32,7,"Star lost - mass changed"
1100,2555.260,"Mount",0.000,0.000,-0.079,0.000,-0.079,0.000,41,E,0,,,,601948,125.39,7
1101,2557.523,"DROP",,,,,,,,,,,,,0,0.00,2,"Star lost - low SNR"
1101,2557.631,"Mount",0.000,0.000,-0.096,0.000,-0.096,0.000,50,E,0,,,,601948,125.39,2
1102,2559.667,"DROP",,,,,,,,,,,,,0,0.00,2,"Star lost - low SNR"
1102,2559.770,"Mount",0.000,0.000,-0.101,0.000,-0.101,0.000,53,E,0,,,,601948,125.39,2
1103,2562.031,"DROP",,,,,,,,,,,,,0,0.00,2,"Star lost - low SNR"
1103,2562.148,"Mount",0.000,0.000,-0.122,0.000,-0.122,0.000,63,E,0,,,,601948,125.39,2
1104,2564.175,"DROP",,,,,,,,,,,,,0,0.00,2,"Star lost - low SNR"
1104,2564.298,"Mount",0.000,0.000,-0.119,0.000,-0.119,0.000,62,E,0,,,,601948,125.39,2
Guiding Ends at 2026-05-28 02:49:08

Guiding Begins at 2026-05-28 02:49:18
Equipment Profile = 60mmGuide
Dither = both axes, Dither scale = 1.000, Image noise reduction = none, Guide-frame time lapse = 0, Server enabled
Pixel scale = 3.22 arc-sec/px, Binning = 1, Focal length = 240 mm
Search region = 25 px, Star mass tolerance = 50.0%, Multi-star mode, list size = 6
 Camera = ZWO ASI120MM Mini, gain = 37, full size = 1280 x 960, have dark, dark dur = 2000, no defect map, pixel size = 3.8 um
Exposure = 2000 ms
Mount = iOptron CEM120,70,40,26, GEM, HEM, HAE, HAZ series and SkyHunter Mount (ASCOM), connected, guiding enabled, xAngle = -62.6, xRate = 1.931, yAngle = -152.7, yRate = 2.338, parity = +/-
Norm rates RA = 8.3"/s @ dec 0, Dec = 7.5"/s; ortho.err. = 0.1 deg
X guide algorithm = Predictive PEC, Control gain = 0.450
Prediction gain = 0.750
Minimum move = 0.060
Hyperparameters
	Length scale long range SE kernel = 700.000
	Signal variance long range SE kernel = 20.000
	Length scale periodic kernel = 10.000
	Signal variance periodic kernel = 20.000
	Length scale short range SE kernel = 25.000
	Signal variance short range SE kernel = 10.000
	Period length periodic kernel = 348.000
	FFT called after = 2.000 worm cycles
	Auto-adjust period length = Off
Y guide algorithm = Hysteresis, Hysteresis = 0.100, Aggression = 0.400, Minimum move = 0.060
Backlash comp = disabled, pulse = 100 ms
Max RA duration = 2500, Max DEC duration = 2500, DEC guide mode = Auto
RA Guide Speed = 7.5 a-s/s, Dec Guide Speed = 7.5 a-s/s, Cal Dec = 0.0, Last Cal Issue = None, Timestamp = 7/29/2025 9:33:42 PM
RA = 16.80 hr, Dec = -41.2 deg, Hour angle = 0.79 hr, Pier side = East, Rotator pos = N/A, Alt = 16.4 deg, Az = 189.3 deg
Lock position = 182.237, 728.712, Star position = 182.237, 728.712, HFD = 2.50 px
Frame,Time,mount,dx,dy,RARawDistance,DECRawDistance,RAGuideDistance,DECGuideDistance,RADuration,RADirection,DECDuration,DECDirection,XStep,YStep,StarMass,SNR,ErrorCode
INFO: SETTLING STATE CHANGE, Settling started
1,2.170,"DROP",,,,,,,,,,,,,0,0.00,4,"Star lost - low HFD"
1,2.530,"Mount",0.000,0.000,-0.593,0.000,-0.593,0.000,307,E,0,,,,6832,28.93,4
2,4.805,"DROP",,,,,,,,,,,,,0,0.00,4,"Star lost - low HFD"
2,4.914,"Mount",0.000,0.000,-0.110,0.000,-0.110,0.000,57,E,0,,,,6832,28.93,4
3,6.983,"DROP",,,,,,,,,,,,,0,0.00,4,"Star lost - low HFD"
3,7.077,"Mount",0.000,0.000,-0.081,0.000,-0.081,0.000,42,E,0,,,,6832,28.93,4
4,9.390,"DROP",,,,,,,,,,,,,0,0.00,4,"Star lost - low HFD"
4,9.490,"Mount",0.000,0.000,-0.087,0.000,-0.087,0.000,45,E,0,,,,6832,28.93,4
5,11.562,"DROP",,,,,,,,,,,,,0,0.00,4,"Star lost - low HFD"
5,11.659,"Mount",0.000,0.000,-0.082,0.000,-0.082,0.000,42,E,0,,,,6832,28.93,4
6,13.964,"DROP",,,,,,,,,,,,,0,0.00,4,"Star lost - low HFD"
6,14.059,"Mount",0.000,0.000,-0.084,0.000,-0.084,0.000,43,E,0,,,,6832,28.93,4
7,16.173,"DROP",,,,,,,,,,,,,0,0.00,4,"Star lost - low HFD"
7,16.246,"Mount",0.000,0.000,-0.044,0.000,-0.044,0.000,23,E,0,,,,6832,28.93,4
8,18.524,"DROP",,,,,,,,,,,,,0,0.00,4,"Star lost - low HFD"
8,18.599,"Mount",0.000,0.000,-0.041,0.000,-0.041,0.000,21,E,0,,,,6832,28.93,4
9,20.656,"DROP",,,,,,,,,,,,,0,0.00,4,"Star lost - low HFD"
9,20.727,"Mount",0.000,0.000,-0.044,0.000,-0.044,0.000,23,E,0,,,,6832,28.93,4
10,23.056,"DROP",,,,,,,,,,,,,0,0.00,4,"Star lost - low HFD"
10,23.151,"Mount",0.000,0.000,-0.065,0.000,-0.065,0.000,34,E,0,,,,6832,28.93,4
11,25.761,"Mount",-0.421,1.587,-1.602,-0.359,-0.721,-0.129,373,E,55,N,,,8904,32.45,0
12,27.997,"DROP",,,,,,,,,,,,,0,0.00,4,"Star lost - low HFD"
12,28.082,"Mount",0.000,0.000,-0.109,0.000,-0.109,0.000,56,E,0,,,,8904,32.45,4
13,30.192,"DROP",,,,,,,,,,,,,0,0.00,4,"Star lost - low HFD"
13,30.305,"Mount",0.000,0.000,-0.099,0.000,-0.099,0.000,51,E,0,,,,8904,32.45,4
14,32.596,"DROP",,,,,,,,,,,,,0,0.00,4,"Star lost - low HFD"
14,32.724,"Mount",0.000,0.000,-0.123,0.000,-0.123,0.000,64,E,0,,,,8904,32.45,4
15,34.949,"Mount",0.113,0.043,0.013,-0.120,0.006,-0.048,3,W,21,N,,,7640,32.45,0
16,37.206,"DROP",,,,,,,,,,,,,0,0.00,4,"Star lost - low HFD"
16,37.352,"Mount",0.000,0.000,-0.185,0.000,-0.185,0.000,96,E,0,,,,7640,32.45,4
17,39.451,"DROP",,,,,,,,,,,,,0,0.00,4,"Star lost - low HFD"
17,39.608,"Mount",0.000,0.000,-0.194,0.000,-0.194,0.000,100,E,0,,,,7640,32.45,4
18,41.882,"DROP",,,,,,,,,,,,,0,0.00,4,"Star lost - low HFD"
18,42.070,"Mount",0.000,0.000,-0.239,0.000,-0.239,0.000,124,E,0,,,,7640,32.45,4
19,44.102,"DROP",,,,,,,,,,,,,0,0.00,4,"Star lost - low HFD"
19,44.280,"Mount",0.000,0.000,-0.235,0.000,-0.235,0.000,122,E,0,,,,7640,32.45,4
20,46.966,"Mount",-0.446,1.204,-1.275,-0.160,-0.574,-0.060,297,E,25,N,,,7398,32.35,0
21,49.006,"DROP",,,,,,,,,,,,,0,0.00,4,"Star lost - low HFD"
21,49.195,"Mount",0.000,0.000,-0.269,0.000,-0.269,0.000,139,E,0,,,,7398,32.35,4
22,51.459,"DROP",,,,,,,,,,,,,0,0.00,4,"Star lost - low HFD"
22,51.648,"Mount",0.000,0.000,-0.251,0.000,-0.251,0.000,130,E,0,,,,7398,32.35,4
23,54.109,"Mount",-0.268,1.213,-1.201,-0.322,-0.540,-0.118,280,E,51,N,,,8018,35.76,0
24,56.338,"DROP",,,,,,,,,,,,,0,0.00,4,"Star lost - low HFD"
24,56.521,"Mount",0.000,0.000,-0.254,0.000,-0.254,0.000,132,E,0,,,,8018,35.76,4
25,58.552,"DROP",,,,,,,,,,,,,0,0.00,4,"Star lost - low HFD"
25,58.711,"Mount",0.000,0.000,-0.195,0.000,-0.195,0.000,101,E,0,,,,8018,35.76,4
26,60.980,"DROP",,,,,,,,,,,,,0,0.00,4,"Star lost - low HFD"
26,61.136,"Mount",0.000,0.000,-0.184,0.000,-0.184,0.000,95,E,0,,,,8018,35.76,4
27,63.184,"DROP",,,,,,,,,,,,,0,0.00,4,"Star lost - low HFD"
27,63.316,"Mount",0.000,0.000,-0.150,0.000,-0.150,0.000,78,E,0,,,,8018,35.76,4
28,65.609,"DROP",,,,,,,,,,,,,0,0.00,4,"Star lost - low HFD"
28,65.753,"Mount",0.000,0.000,-0.161,0.000,-0.161,0.000,83,E,0,,,,8018,35.76,4
29,67.792,"DROP",,,,,,,,,,,,,0,0.00,4,"Star lost - low HFD"
29,67.922,"Mount",0.000,0.000,-0.133,0.000,-0.133,0.000,69,E,0,,,,8018,35.76,4
30,70.208,"DROP",,,,,,,,,,,,,0,0.00,4,"Star lost - low HFD"
30,70.335,"Mount",0.000,0.000,-0.138,0.000,-0.138,0.000,71,E,0,,,,8018,35.76,4
31,72.354,"DROP",,,,,,,,,,,,,0,0.00,4,"Star lost - low HFD"
31,72.464,"Mount",0.000,0.000,-0.116,0.000,-0.116,0.000,60,E,0,,,,8018,35.76,4
32,74.766,"DROP",,,,,,,,,,,,,0,0.00,4,"Star lost - low HFD"
32,74.898,"Mount",0.000,0.000,-0.133,0.000,-0.133,0.000,69,E,0,,,,8018,35.76,4
33,76.960,"DROP",,,,,,,,,,,,,0,0.00,4,"Star lost - low HFD"
33,77.078,"Mount",0.000,0.000,-0.124,0.000,-0.124,0.000,64,E,0,,,,8018,35.76,4
34,79.374,"DROP",,,,,,,,,,,,,0,0.00,4,"Star lost - low HFD"
34,79.498,"Mount",0.000,0.000,-0.127,0.000,-0.127,0.000,66,E,0,,,,8018,35.76,4
35,81.585,"DROP",,,,,,,,,,,,,0,0.00,4,"Star lost - low HFD"
35,81.716,"Mount",0.000,0.000,-0.137,0.000,-0.137,0.000,71,E,0,,,,8018,35.76,4
36,83.978,"DROP",,,,,,,,,,,,,0,0.00,4,"Star lost - low HFD"
36,84.111,"Mount",0.000,0.000,-0.160,0.000,-0.160,0.000,83,E,0,,,,8018,35.76,4
37,86.169,"DROP",,,,,,,,,,,,,0,0.00,4,"Star lost - low HFD"
37,86.293,"Mount",0.000,0.000,-0.122,0.000,-0.122,0.000,63,E,0,,,,8018,35.76,4
38,88.571,"DROP",,,,,,,,,,,,,0,0.00,4,"Star lost - low HFD"
38,88.703,"Mount",0.000,0.000,-0.158,0.000,-0.158,0.000,82,E,0,,,,8018,35.76,4
39,90.768,"DROP",,,,,,,,,,,,,0,0.00,4,"Star lost - low HFD"
INFO: SETTLING STATE CHANGE, Settling failed
39,90.887,"Mount",0.000,0.000,-0.118,0.000,-0.118,0.000,61,E,0,,,,8018,35.76,4
40,93.179,"DROP",,,,,,,,,,,,,0,0.00,4,"Star lost - low HFD"
40,93.255,"Mount",0.000,0.000,-0.050,0.000,-0.050,0.000,26,E,0,,,,8018,35.76,4
41,95.349,"DROP",,,,,,,,,,,,,0,0.00,4,"Star lost - low HFD"
41,95.422,"Mount",0.000,0.000,-0.038,0.000,-0.038,0.000,20,E,0,,,,8018,35.76,4
42,97.742,"DROP",,,,,,,,,,,,,0,0.00,4,"Star lost - low HFD"
42,97.805,"Mount",0.000,0.000,-0.013,0.000,-0.013,0.000,7,E,0,,,,8018,35.76,4
43,99.906,"DROP",,,,,,,,,,,,,0,0.00,4,"Star lost - low HFD"
43,99.960,"Mount",0.000,0.000,-0.008,0.000,-0.008,0.000,4,E,0,,,,8018,35.76,4
44,102.313,"DROP",,,,,,,,,,,,,0,0.00,4,"Star lost - low HFD"
44,102.376,"Mount",0.000,0.000,-0.018,0.000,-0.018,0.000,10,E,0,,,,8018,35.76,4
45,104.501,"DROP",,,,,,,,,,,,,0,0.00,4,"Star lost - low HFD"
45,104.539,"Mount",0.000,0.000,-0.013,0.000,-0.013,0.000,7,E,0,,,,8018,35.76,4
46,106.911,"DROP",,,,,,,,,,,,,0,0.00,4,"Star lost - low HFD"
46,106.978,"Mount",0.000,0.000,-0.010,0.000,-0.010,0.000,5,E,0,,,,8018,35.76,4
47,109.079,"DROP",,,,,,,,,,,,,0,0.00,4,"Star lost - low HFD"
47,109.144,"Mount",0.000,0.000,0.007,0.000,0.007,0.000,4,W,0,,,,8018,35.76,4
48,111.496,"DROP",,,,,,,,,,,,,0,0.00,4,"Star lost - low HFD"
48,111.565,"Mount",0.000,0.000,0.028,0.000,0.028,0.000,14,W,0,,,,8018,35.76,4
49,113.684,"DROP",,,,,,,,,,,,,0,0.00,4,"Star lost - low HFD"
49,113.755,"Mount",0.000,0.000,0.040,0.000,0.040,0.000,21,W,0,,,,8018,35.76,4
50,116.064,"DROP",,,,,,,,,,,,,0,0.00,4,"Star lost - low HFD"
50,116.148,"Mount",0.000,0.000,0.058,0.000,0.058,0.000,30,W,0,,,,8018,35.76,4
51,118.276,"DROP",,,,,,,,,,,,,0,0.00,4,"Star lost - low HFD"
51,118.358,"Mount",0.000,0.000,0.053,0.000,0.053,0.000,28,W,0,,,,8018,35.76,4
52,120.699,"DROP",,,,,,,,,,,,,0,0.00,4,"Star lost - low HFD"
52,120.800,"Mount",0.000,0.000,0.080,0.000,0.080,0.000,42,W,0,,,,8018,35.76,4
53,122.937,"DROP",,,,,,,,,,,,,0,0.00,4,"Star lost - low HFD"
53,123.037,"Mount",0.000,0.000,0.083,0.000,0.083,0.000,43,W,0,,,,8018,35.76,4
54,125.335,"DROP",,,,,,,,,,,,,0,0.00,4,"Star lost - low HFD"
54,125.438,"Mount",0.000,0.000,0.096,0.000,0.096,0.000,50,W,0,,,,8018,35.76,4
55,127.518,"DROP",,,,,,,,,,,,,0,0.00,4,"Star lost - low HFD"
55,127.629,"Mount",0.000,0.000,0.094,0.000,0.094,0.000,49,W,0,,,,8018,35.76,4
56,129.920,"DROP",,,,,,,,,,,,,0,0.00,4,"Star lost - low HFD"
56,130.007,"Mount",0.000,0.000,0.109,0.000,0.109,0.000,57,W,0,,,,8018,35.76,4
57,132.082,"DROP",,,,,,,,,,,,,0,0.00,4,"Star lost - low HFD"
57,132.191,"Mount",0.000,0.000,0.107,0.000,0.107,0.000,55,W,0,,,,8018,35.76,4
58,134.438,"DROP",,,,,,,,,,,,,0,0.00,4,"Star lost - low HFD"
58,134.556,"Mount",0.000,0.000,0.113,0.000,0.113,0.000,59,W,0,,,,8018,35.76,4
59,136.615,"DROP",,,,,,,,,,,,,0,0.00,4,"Star lost - low HFD"
59,136.716,"Mount",0.000,0.000,0.100,0.000,0.100,0.000,52,W,0,,,,8018,35.76,4
60,139.038,"DROP",,,,,,,,,,,,,0,0.00,4,"Star lost - low HFD"
60,139.145,"Mount",0.000,0.000,0.104,0.000,0.104,0.000,54,W,0,,,,8018,35.76,4
61,141.222,"DROP",,,,,,,,,,,,,0,0.00,4,"Star lost - low HFD"
61,141.328,"Mount",0.000,0.000,0.090,0.000,0.090,0.000,47,W,0,,,,8018,35.76,4
62,143.623,"DROP",,,,,,,,,,,,,0,0.00,4,"Star lost - low HFD"
62,143.726,"Mount",0.000,0.000,0.097,0.000,0.097,0.000,50,W,0,,,,8018,35.76,4
63,145.816,"DROP",,,,,,,,,,,,,0,0.00,4,"Star lost - low HFD"
63,145.922,"Mount",0.000,0.000,0.089,0.000,0.089,0.000,46,W,0,,,,8018,35.76,4
64,148.214,"DROP",,,,,,,,,,,,,0,0.00,4,"Star lost - low HFD"
64,148.314,"Mount",0.000,0.000,0.077,0.000,0.077,0.000,40,W,0,,,,8018,35.76,4
65,150.366,"DROP",,,,,,,,,,,,,0,0.00,4,"Star lost - low HFD"
65,150.450,"Mount",0.000,0.000,0.056,0.000,0.056,0.000,29,W,0,,,,8018,35.76,4
66,152.778,"DROP",,,,,,,,,,,,,0,0.00,4,"Star lost - low HFD"
66,152.858,"Mount",0.000,0.000,0.041,0.000,0.041,0.000,21,W,0,,,,8018,35.76,4
67,154.935,"DROP",,,,,,,,,,,,,0,0.00,4,"Star lost - low HFD"
67,154.972,"Mount",0.000,0.000,0.017,0.000,0.017,0.000,9,W,0,,,,8018,35.76,4
68,157.357,"DROP",,,,,,,,,,,,,0,0.00,4,"Star lost - low HFD"
68,157.414,"Mount",0.000,0.000,-0.007,0.000,-0.007,0.000,4,E,0,,,,8018,35.76,4
69,159.534,"DROP",,,,,,,,,,,,,0,0.00,4,"Star lost - low HFD"
69,159.595,"Mount",0.000,0.000,-0.012,0.000,-0.012,0.000,6,E,0,,,,8018,35.76,4
70,161.926,"DROP",,,,,,,,,,,,,0,0.00,4,"Star lost - low HFD"
70,162.023,"Mount",0.000,0.000,-0.019,0.000,-0.019,0.000,10,E,0,,,,8018,35.76,4
71,164.067,"DROP",,,,,,,,,,,,,0,0.00,4,"Star lost - low HFD"
71,164.105,"Mount",0.000,0.000,-0.019,0.000,-0.019,0.000,10,E,0,,,,8018,35.76,4
72,166.431,"DROP",,,,,,,,,,,,,0,0.00,4,"Star lost - low HFD"
72,166.471,"Mount",0.000,0.000,-0.019,0.000,-0.019,0.000,10,E,0,,,,8018,35.76,4
73,168.612,"DROP",,,,,,,,,,,,,0,0.00,4,"Star lost - low HFD"
73,168.679,"Mount",0.000,0.000,-0.013,0.000,-0.013,0.000,7,E,0,,,,8018,35.76,4
74,170.977,"DROP",,,,,,,,,,,,,0,0.00,4,"Star lost - low HFD"
74,171.032,"Mount",0.000,0.000,0.006,0.000,0.006,0.000,3,W,0,,,,8018,35.76,4
75,173.154,"DROP",,,,,,,,,,,,,0,0.00,4,"Star lost - low HFD"
75,173.225,"Mount",0.000,0.000,0.021,0.000,0.021,0.000,11,W,0,,,,8018,35.76,4
76,175.600,"DROP",,,,,,,,,,,,,0,0.00,4,"Star lost - low HFD"
76,175.682,"Mount",0.000,0.000,0.039,0.000,0.039,0.000,20,W,0,,,,8018,35.76,4
77,177.812,"DROP",,,,,,,,,,,,,0,0.00,4,"Star lost - low HFD"
77,177.891,"Mount",0.000,0.000,0.048,0.000,0.048,0.000,25,W,0,,,,8018,35.76,4
78,180.217,"DROP",,,,,,,,,,,,,0,0.00,4,"Star lost - low HFD"
78,180.301,"Mount",0.000,0.000,0.061,0.000,0.061,0.000,32,W,0,,,,8018,35.76,4
79,182.366,"DROP",,,,,,,,,,,,,0,0.00,4,"Star lost - low HFD"
79,182.452,"Mount",0.000,0.000,0.070,0.000,0.070,0.000,36,W,0,,,,8018,35.76,4
80,184.806,"DROP",,,,,,,,,,,,,0,0.00,4,"Star lost - low HFD"
80,184.892,"Mount",0.000,0.000,0.105,0.000,0.105,0.000,55,W,0,,,,8018,35.76,4
81,186.978,"DROP",,,,,,,,,,,,,0,0.00,4,"Star lost - low HFD"
81,187.065,"Mount",0.000,0.000,0.113,0.000,0.113,0.000,58,W,0,,,,8018,35.76,4
82,189.400,"DROP",,,,,,,,,,,,,0,0.00,4,"Star lost - low HFD"
82,189.526,"Mount",0.000,0.000,0.141,0.000,0.141,0.000,73,W,0,,,,8018,35.76,4
83,191.597,"DROP",,,,,,,,,,,,,0,0.00,4,"Star lost - low HFD"
83,191.726,"Mount",0.000,0.000,0.136,0.000,0.136,0.000,71,W,0,,,,8018,35.76,4
84,194.006,"DROP",,,,,,,,,,,,,0,0.00,4,"Star lost - low HFD"
84,194.243,"Mount",0.000,0.000,0.171,0.000,0.171,0.000,89,W,0,,,,8018,35.76,4
85,196.272,"DROP",,,,,,,,,,,,,0,0.00,4,"Star lost - low HFD"
85,196.461,"Mount",0.000,0.000,0.185,0.000,0.185,0.000,96,W,0,,,,8018,35.76,4
86,198.734,"DROP",,,,,,,,,,,,,0,0.00,4,"Star lost - low HFD"
86,198.906,"Mount",0.000,0.000,0.208,0.000,0.208,0.000,108,W,0,,,,8018,35.76,4
87,200.940,"DROP",,,,,,,,,,,,,0,0.00,4,"Star lost - low HFD"
87,201.091,"Mount",0.000,0.000,0.194,0.000,0.194,0.000,101,W,0,,,,8018,35.76,4
88,203.354,"DROP",,,,,,,,,,,,,0,0.00,4,"Star lost - low HFD"
88,203.510,"Mount",0.000,0.000,0.207,0.000,0.207,0.000,107,W,0,,,,8018,35.76,4
89,205.552,"DROP",,,,,,,,,,,,,0,0.00,4,"Star lost - low HFD"
89,205.705,"Mount",0.000,0.000,0.178,0.000,0.178,0.000,92,W,0,,,,8018,35.76,4
90,207.979,"DROP",,,,,,,,,,,,,0,0.00,4,"Star lost - low HFD"
90,208.119,"Mount",0.000,0.000,0.166,0.000,0.166,0.000,86,W,0,,,,8018,35.76,4
91,210.131,"DROP",,,,,,,,,,,,,0,0.00,4,"Star lost - low HFD"
91,210.248,"Mount",0.000,0.000,0.134,0.000,0.134,0.000,70,W,0,,,,8018,35.76,4
92,212.520,"DROP",,,,,,,,,,,,,0,0.00,4,"Star lost - low HFD"
92,212.648,"Mount",0.000,0.000,0.133,0.000,0.133,0.000,69,W,0,,,,8018,35.76,4
93,214.727,"DROP",,,,,,,,,,,,,0,0.00,4,"Star lost - low HFD"
93,214.838,"Mount",0.000,0.000,0.112,0.000,0.112,0.000,58,W,0,,,,8018,35.76,4
94,217.131,"DROP",,,,,,,,,,,,,0,0.00,4,"Star lost - low HFD"
94,217.235,"Mount",0.000,0.000,0.086,0.000,0.086,0.000,44,W,0,,,,8018,35.76,4
95,219.292,"DROP",,,,,,,,,,,,,0,0.00,4,"Star lost - low HFD"
95,219.382,"Mount",0.000,0.000,0.067,0.000,0.067,0.000,34,W,0,,,,8018,35.76,4
96,222.079,"Mount",-0.214,0.971,-0.961,-0.259,-0.432,-0.098,224,E,42,N,,,9281,34.84,0
97,224.093,"DROP",,,,,,,,,,,,,0,0.00,4,"Star lost - low HFD"
97,224.148,"Mount",0.000,0.000,0.049,0.000,0.049,0.000,25,W,0,,,,9281,34.84,4
98,226.476,"DROP",,,,,,,,,,,,,0,0.00,4,"Star lost - low HFD"
98,226.554,"Mount",0.000,0.000,0.035,0.000,0.035,0.000,18,W,0,,,,9281,34.84,4
99,228.662,"DROP",,,,,,,,,,,,,0,0.00,4,"Star lost - low HFD"
99,228.729,"Mount",0.000,0.000,0.029,0.000,0.029,0.000,15,W,0,,,,9281,34.84,4
100,231.071,"DROP",,,,,,,,,,,,,0,0.00,4,"Star lost - low HFD"
100,231.141,"Mount",0.000,0.000,0.026,0.000,0.026,0.000,13,W,0,,,,9281,34.84,4
101,233.306,"DROP",,,,,,,,,,,,,0,0.00,4,"Star lost - low HFD"
101,233.367,"Mount",0.000,0.000,0.024,0.000,0.024,0.000,13,W,0,,,,9281,34.84,4
102,235.699,"DROP",,,,,,,,,,,,,0,0.00,4,"Star lost - low HFD"
102,235.760,"Mount",0.000,0.000,0.010,0.000,0.010,0.000,5,W,0,,,,9281,34.84,4
103,237.908,"DROP",,,,,,,,,,,,,0,0.00,4,"Star lost - low HFD"
103,237.974,"Mount",0.000,0.000,-0.014,0.000,-0.014,0.000,7,E,0,,,,9281,34.84,4
104,240.320,"DROP",,,,,,,,,,,,,0,0.00,4,"Star lost - low HFD"
104,240.374,"Mount",0.000,0.000,-0.045,0.000,-0.045,0.000,23,E,0,,,,9281,34.84,4
105,242.503,"DROP",,,,,,,,,,,,,0,0.00,4,"Star lost - low HFD"
105,242.581,"Mount",0.000,0.000,-0.037,0.000,-0.037,0.000,19,E,0,,,,9281,34.84,4
106,244.901,"DROP",,,,,,,,,,,,,0,0.00,4,"Star lost - low HFD"
106,244.966,"Mount",0.000,0.000,0.024,0.000,0.024,0.000,12,W,0,,,,9281,34.84,4
107,247.086,"DROP",,,,,,,,,,,,,0,0.00,4,"Star lost - low HFD"
107,247.154,"Mount",0.000,0.000,0.030,0.000,0.030,0.000,15,W,0,,,,9281,34.84,4
108,249.500,"DROP",,,,,,,,,,,,,0,0.00,4,"Star lost - low HFD"
108,249.571,"Mount",0.000,0.000,0.026,0.000,0.026,0.000,14,W,0,,,,9281,34.84,4
109,251.662,"DROP",,,,,,,,,,,,,0,0.00,4,"Star lost - low HFD"
109,251.738,"Mount",0.000,0.000,0.029,0.000,0.029,0.000,15,W,0,,,,9281,34.84,4
110,254.046,"DROP",,,,,,,,,,,,,0,0.00,4,"Star lost - low HFD"
110,254.116,"Mount",0.000,0.000,0.039,0.000,0.039,0.000,20,W,0,,,,9281,34.84,4
111,258.423,"DROP",,,,,,,,,,,,,0,0.00,4,"Star lost - low HFD"
111,258.511,"Mount",0.000,0.000,0.069,0.000,0.069,0.000,36,W,0,,,,9281,34.84,4
Guiding Ends at 2026-05-28 02:53:38

Log Summary: calcnt:0 gcnt:10 gdur:17092 gacnt:0
Log closed at 2026-05-28 06:39:43
