PHD2 version 2.6.14 [Windows], Log version 2.5. Log enabled at 2026-04-22 20:51:01
INFO: Guiding parameter change, MultiStar = true

Guiding Begins at 2026-04-22 21:35:26
Equipment Profile = 60mmGuide
Dither = both axes, Dither scale = 1.000, Image noise reduction = none, Guide-frame time lapse = 0, Server enabled
Pixel scale = 3.22 arc-sec/px, Binning = 1, Focal length = 240 mm
Search region = 25 px, Star mass tolerance = 50.0%, Multi-star mode, list size = 12
 Camera = ZWO ASI120MM Mini, gain = 37, full size = 1280 x 960, have dark, dark dur = 2000, no defect map, pixel size = 3.8 um
Exposure = 2000 ms
Mount = iOptron CEM120,70,40,26, GEM, HEM, HAE, HAZ series and SkyHunter Mount (ASCOM), connected, guiding enabled, xAngle = 117.4, xRate = 2.388, yAngle = -152.7, yRate = 2.338, parity = +/+
Norm rates RA = 8.3"/s @ dec 0, Dec = 7.5"/s; ortho.err. = 0.1 deg
X guide algorithm = Predictive PEC, Control gain = 0.450
Prediction gain = 0.750
Minimum move = 0.060
Hyperparameters
	Length scale long range SE kernel = 700.000
	Signal variance long range SE kernel = 20.000
	Length scale periodic kernel = 10.000
	Signal variance periodic kernel = 20.000
	Length scale short range SE kernel = 25.000
	Signal variance short range SE kernel = 10.000
	Period length periodic kernel = 348.000
	FFT called after = 2.000 worm cycles
	Auto-adjust period length = Off
Y guide algorithm = Hysteresis, Hysteresis = 0.100, Aggression = 0.400, Minimum move = 0.060
Backlash comp = disabled, pulse = 100 ms
Max RA duration = 2500, Max DEC duration = 2500, DEC guide mode = Auto
RA Guide Speed = 7.5 a-s/s, Dec Guide Speed = 7.5 a-s/s, Cal Dec = 0.0, Last Cal Issue = None, Timestamp = 7/29/2025 9:33:42 PM
RA = 12.97 hr, Dec = 21.5 deg, Hour angle = -2.92 hr, Pier side = West, Rotator pos = N/A, Alt = 49.8 deg, Az = 93.4 deg
Lock position = 640.982, 482.125, Star position = 640.982, 482.125, HFD = 4.47 px
Frame,Time,mount,dx,dy,RARawDistance,DECRawDistance,RAGuideDistance,DECGuideDistance,RADuration,RADirection,DECDuration,DECDirection,XStep,YStep,StarMass,SNR,ErrorCode
INFO: SETTLING STATE CHANGE, Settling started
1,2.245,"Mount",-0.128,0.194,0.231,0.024,0.104,0.000,44,W,0,,,,141762,106.25,0
2,4.606,"Mount",-0.087,0.229,0.243,-0.029,0.109,0.000,46,W,0,,,,142715,98.12,0
3,6.795,"Mount",-0.047,0.226,0.222,-0.063,0.100,-0.023,42,W,10,N,,,135622,93.55,0
4,9.283,"Mount",-0.392,0.608,0.720,0.067,0.324,0.023,136,W,10,S,,,146038,100.57,0
5,11.495,"Mount",-0.235,0.304,0.378,0.068,0.170,0.025,71,W,11,S,,,143004,93.10,0
6,13.942,"Mount",-0.383,0.272,0.417,0.214,0.188,0.078,79,W,33,S,,,139001,86.24,0
7,16.239,"Mount",-0.472,0.457,0.623,0.208,0.280,0.078,117,W,33,S,,,127431,82.77,0
8,18.767,"Mount",-0.638,0.607,0.832,0.285,0.375,0.106,157,W,45,S,,,136035,82.57,0
9,20.964,"Mount",-0.202,0.149,0.225,0.110,0.101,0.044,42,W,19,S,,,144331,98.69,0
INFO: SETTLING STATE CHANGE, Settling complete
10,23.462,"Mount",-0.416,0.448,0.589,0.162,0.265,0.060,111,W,26,S,,,134571,94.65,0
11,25.680,"Mount",-0.356,0.339,0.464,0.159,0.200,0.060,84,W,26,S,,,139091,88.71,0
12,28.136,"Mount",-0.310,0.353,0.457,0.112,0.203,0.043,85,W,18,S,,,135428,82.71,0
13,30.408,"Mount",-0.474,0.465,0.631,0.205,0.270,0.076,113,W,32,S,,,133708,89.14,0
14,32.821,"Mount",-0.272,0.207,0.309,0.146,0.131,0.056,55,W,24,S,,,134193,95.65,0
15,35.038,"Mount",-0.394,0.350,0.492,0.188,0.207,0.070,87,W,30,S,,,133398,83.71,0
16,37.470,"Mount",-0.174,0.148,0.211,0.086,0.091,0.034,38,W,15,S,,,144399,96.11,0
17,39.597,"Mount",-0.106,0.075,0.116,0.060,0.056,0.000,23,W,0,,,,156683,107.89,0
18,41.969,"Mount",-0.190,0.079,0.157,0.132,0.079,0.048,33,W,20,S,,,141557,97.03,0
19,44.097,"Mount",-0.114,0.308,0.327,-0.041,0.148,0.000,62,W,0,,,,140452,92.29,0
20,46.485,"Mount",-0.142,0.068,0.126,0.095,0.066,0.034,28,W,15,S,,,146049,95.65,0
21,48.639,"Mount",-0.172,0.125,0.190,0.095,0.095,0.036,40,W,15,S,,,138738,94.97,0
22,51.041,"Mount",-0.153,0.012,0.081,0.130,0.048,0.048,20,W,21,S,,,144830,93.94,0
23,53.192,"Mount",-0.105,-0.092,-0.034,0.136,0.011,0.051,5,W,22,S,,,136185,91.79,0
24,55.576,"Mount",-0.089,-0.162,-0.103,0.154,-0.029,0.058,12,E,25,S,,,149650,101.19,0
25,57.696,"Mount",-0.097,-0.075,-0.022,0.120,-0.003,0.046,1,E,19,S,,,142931,95.22,0
26,60.000,"Mount",0.024,0.050,0.033,-0.045,-0.005,0.000,2,E,0,,,,134597,92.05,0
27,62.069,"Mount",0.003,-0.015,-0.015,0.004,-0.013,0.000,5,E,0,,,,143303,93.40,0
28,64.359,"Mount",-0.074,0.033,0.064,0.051,0.011,0.000,5,W,0,,,,147400,97.07,0
29,66.371,"Mount",-0.003,-0.005,-0.003,0.005,-0.001,0.000,0,,0,,,,145577,94.29,0
30,68.720,"Mount",-0.083,0.021,0.056,0.064,0.001,0.023,1,W,10,S,,,146431,102.68,0
31,70.877,"Mount",-0.076,-0.166,-0.113,0.144,-0.035,0.053,15,E,23,S,,,123261,90.23,0
32,73.167,"Mount",-0.070,0.041,0.069,0.043,0.043,0.000,18,W,0,,,,144676,90.19,0
33,75.350,"Mount",-0.178,-0.025,0.060,0.169,0.040,0.061,17,W,26,S,,,142556,95.58,0
34,77.698,"Mount",-0.100,0.005,0.051,0.086,0.008,0.033,3,W,14,S,,,143501,92.48,0
35,79.892,"Mount",-0.141,0.027,0.089,0.113,0.047,0.042,19,W,18,S,,,144029,101.10,0
36,82.284,"Mount",-0.247,-0.017,0.098,0.227,0.046,0.083,19,W,36,S,,,149642,94.34,0
37,84.445,"Mount",-0.188,0.012,0.097,0.161,0.047,0.061,20,W,26,S,,,125456,81.08,0
38,86.762,"Mount",0.027,-0.062,-0.068,0.004,-0.024,0.000,10,E,0,,,,148241,107.64,0
39,88.849,"Mount",-0.100,-0.009,0.038,0.093,0.001,0.033,0,,14,S,,,153317,98.12,0
40,91.150,"Mount",-0.047,0.048,0.065,0.020,0.024,0.000,10,W,0,,,,128729,86.69,0
41,93.277,"Mount",-0.013,0.086,0.082,-0.028,0.033,0.000,14,W,0,,,,144302,100.02,0
42,95.639,"Mount",-0.043,-0.057,-0.031,0.065,0.007,0.023,3,W,10,S,,,138566,88.54,0
43,97.812,"Mount",-0.020,-0.110,-0.088,0.068,-0.027,0.025,11,E,11,S,,,139856,93.53,0
44,100.198,"Mount",-0.107,-0.131,-0.067,0.155,-0.018,0.057,7,E,24,S,,,137926,92.20,0
45,102.327,"Mount",0.004,-0.133,-0.120,0.058,-0.045,0.000,19,E,0,,,,141878,87.65,0
46,104.706,"Mount",-0.135,-0.204,-0.119,0.214,-0.043,0.077,18,E,33,S,,,120402,84.02,0
47,106.804,"Mount",0.082,-0.143,-0.165,-0.007,-0.073,0.000,31,E,0,,,,138113,83.30,0
48,109.160,"Mount",-0.015,-0.127,-0.106,0.072,-0.049,0.026,20,E,11,S,,,149415,98.10,0
49,111.243,"Mount",0.015,-0.006,-0.012,-0.011,-0.009,0.000,4,E,0,,,,147736,98.76,0
50,113.585,"Mount",0.079,-0.011,-0.046,-0.065,-0.008,-0.023,4,E,10,N,,,136203,89.46,0
51,115.676,"Mount",-0.239,-0.122,0.002,0.268,-0.000,0.096,0,,41,S,,,128665,83.33,0
52,118.032,"Mount",-0.057,-0.044,-0.013,0.071,0.002,0.029,1,W,13,S,,,136513,91.32,0
53,120.130,"Mount",0.010,-0.047,-0.046,0.012,0.005,0.000,2,W,0,,,,135735,91.25,0
54,122.535,"Mount",-0.272,0.140,0.249,0.176,0.115,0.064,48,W,27,S,,,128185,83.96,0
55,124.691,"Mount",-0.197,-0.034,0.060,0.190,0.040,0.071,17,W,30,S,,,157423,94.38,0
56,127.068,"Mount",-0.134,0.105,0.155,0.070,0.094,0.028,39,W,12,S,,,134114,99.44,0
57,129.225,"Mount",-0.169,-0.030,0.051,0.164,0.026,0.060,11,W,26,S,,,146356,96.24,0
58,131.595,"Mount",-0.073,0.135,0.153,0.003,0.078,0.000,32,W,0,,,,139171,101.22,0
59,133.736,"Mount",-0.102,0.116,0.150,0.036,0.072,0.000,30,W,0,,,,142264,99.34,0
60,136.078,"Mount",-0.132,0.264,0.295,-0.005,0.133,0.000,56,W,0,,,,144989,107.13,0
61,138.228,"Mount",-0.084,0.103,0.131,0.027,0.064,0.000,27,W,0,,,,125793,84.92,0
62,140.573,"Mount",-0.077,0.133,0.153,0.007,0.075,0.000,31,W,0,,,,131473,83.18,0
63,142.692,"Mount",-0.093,0.101,0.133,0.036,0.080,0.000,34,W,0,,,,138443,88.39,0
64,145.019,"Mount",-0.131,0.130,0.176,0.056,0.100,0.000,42,W,0,,,,135303,87.91,0
65,147.098,"Mount",0.045,-0.074,-0.086,-0.006,-0.034,0.000,14,E,0,,,,148015,94.34,0
66,149.437,"Mount",0.116,-0.294,-0.314,0.033,-0.130,0.000,54,E,0,,,,135791,87.79,0
67,151.613,"Mount",-0.036,-0.089,-0.063,0.073,-0.035,0.026,14,E,11,S,,,149192,91.38,0
68,154.065,"Mount",-0.087,-0.411,-0.325,0.268,-0.147,0.097,62,E,42,S,,,131852,87.49,0
69,156.354,"Mount",0.038,-0.483,-0.446,0.189,-0.200,0.072,84,E,31,S,,,156571,105.48,0
70,158.747,"Mount",0.179,-0.209,-0.268,-0.062,-0.130,-0.020,54,E,8,N,,,141360,98.90,0
71,160.992,"Mount",0.014,-0.474,-0.427,0.207,-0.218,0.074,91,E,32,S,,,140131,89.44,0
72,163.411,"Mount",0.093,-0.290,-0.301,0.051,-0.163,0.000,68,E,0,,,,148002,91.76,0
73,165.584,"Mount",0.146,-0.225,-0.267,-0.026,-0.147,0.000,62,E,0,,,,148458,96.17,0
74,168.005,"Mount",0.181,-0.198,-0.259,-0.070,-0.134,-0.025,56,E,11,N,,,152904,99.65,0
75,170.131,"Mount",0.083,-0.109,-0.135,-0.023,-0.075,0.000,32,E,0,,,,155458,110.35,0
76,172.455,"Mount",0.028,-0.107,-0.108,0.024,-0.025,0.000,11,E,0,,,,143825,92.72,0
77,174.698,"Mount",0.065,-0.371,-0.360,0.114,-0.121,0.041,51,E,18,S,,,134854,100.79,0
78,176.995,"Mount",0.036,-0.163,-0.161,0.043,-0.042,0.000,17,E,0,,,,152470,107.60,0
79,179.146,"Mount",0.063,0.038,0.005,-0.073,0.028,-0.026,12,W,11,N,,,132643,85.54,0
80,181.495,"Mount",0.034,-0.122,-0.124,0.027,-0.083,0.000,35,E,0,,,,148075,113.38,0
81,183.614,"Mount",0.039,-0.190,-0.186,0.053,-0.108,0.000,45,E,0,,,,151416,111.10,0
82,185.941,"Mount",-0.014,-0.082,-0.067,0.050,-0.053,0.000,22,E,0,,,,147291,100.07,0
83,188.137,"Mount",-0.093,-0.041,0.006,0.102,-0.020,0.037,8,E,16,S,,,150897,96.19,0
84,190.418,"Mount",-0.066,0.071,0.093,0.026,0.020,0.000,9,W,0,,,,136458,89.22,0
85,192.524,"Mount",0.005,-0.013,-0.014,0.001,-0.007,0.000,3,E,0,,,,136862,93.17,0
86,194.868,"Mount",-0.010,-0.076,-0.063,0.044,-0.027,0.000,11,E,0,,,,132891,94.76,0
87,197.049,"Mount",-0.103,-0.139,-0.076,0.156,0.003,0.056,1,W,24,S,,,151740,106.07,0
88,199.331,"Mount",0.010,-0.115,-0.107,0.045,-0.001,0.000,1,E,0,,,,142116,97.27,0
89,201.408,"Mount",0.033,-0.014,-0.028,-0.022,0.017,0.000,7,W,0,,,,143596,89.52,0
90,203.767,"Mount",0.031,-0.156,-0.153,0.045,-0.045,0.000,19,E,0,,,,150554,98.56,0
91,205.966,"Mount",0.024,-0.237,-0.221,0.088,-0.097,0.032,41,E,14,S,,,132558,87.63,0
92,208.457,"Mount",0.178,-0.395,-0.433,0.024,-0.189,0.000,79,E,0,,,,140310,91.50,0
93,210.814,"Mount",0.334,-0.893,-0.946,0.116,-0.406,0.042,170,E,18,S,,,132594,83.02,0
94,213.283,"Mount",0.296,-0.647,-0.710,0.036,-0.349,0.000,146,E,0,,,,146790,88.55,0
95,215.622,"Mount",0.126,-0.601,-0.592,0.166,-0.302,0.060,127,E,26,S,,,141661,100.33,0
96,218.137,"Mount",0.289,-0.739,-0.789,0.085,-0.431,0.033,180,E,14,S,,,128584,85.09,0
97,220.425,"Mount",0.401,-0.767,-0.865,-0.002,-0.452,0.000,189,E,0,,,,143020,89.90,0
98,222.888,"Mount",0.155,-0.581,-0.587,0.131,-0.290,0.047,121,E,20,S,,,135160,91.37,0
99,225.209,"Mount",0.353,-0.757,-0.835,0.036,-0.378,0.000,158,E,0,,,,146269,94.47,0
100,227.663,"Mount",0.308,-0.434,-0.527,-0.073,-0.248,-0.026,104,E,11,N,,,144610,93.65,0
101,229.940,"Mount",0.115,-0.489,-0.487,0.123,-0.218,0.043,91,E,19,S,,,121326,81.96,0
102,232.451,"Mount",0.359,-0.395,-0.515,-0.136,-0.275,-0.047,115,E,20,N,,,149759,96.12,0
103,234.715,"Mount",0.345,-0.512,-0.613,-0.069,-0.303,-0.027,127,E,11,N,,,147429,101.59,0
104,237.244,"Mount",0.451,-0.274,-0.451,-0.273,-0.259,-0.100,109,E,43,N,,,135325,88.18,0
105,239.442,"Mount",0.192,-0.476,-0.511,0.049,-0.272,0.000,114,E,0,,,,135961,86.89,0
106,241.813,"Mount",0.064,-0.253,-0.254,0.060,-0.189,0.000,79,E,0,,,,148736,96.20,0
107,243.936,"Mount",0.063,-0.140,-0.153,0.009,-0.132,0.000,55,E,0,,,,139825,97.47,0
108,246.308,"Mount",0.015,0.072,0.057,-0.047,-0.035,0.000,15,E,0,,,,138743,94.63,0
109,248.458,"Mount",0.139,0.158,0.076,-0.196,0.012,-0.071,5,W,30,N,,,147909,100.21,0
110,250.783,"Mount",0.028,0.014,-0.001,-0.031,0.046,0.000,19,W,0,,,,142800,90.54,0
111,252.931,"Mount",0.007,0.070,0.059,-0.038,0.063,0.000,26,W,0,,,,131995,77.01,0
112,255.352,"Mount",0.112,-0.045,-0.092,-0.079,0.045,-0.028,19,W,12,N,,,135524,94.74,0
113,257.532,"Mount",-0.108,0.133,0.168,0.034,0.145,0.000,61,W,0,,,,137438,96.68,0
114,259.913,"Mount",-0.012,-0.024,-0.016,0.022,0.080,0.000,34,W,0,,,,133020,83.90,0
115,262.001,"Mount",0.055,-0.090,-0.106,-0.007,0.002,0.000,1,W,0,,,,139338,84.24,0
116,264.376,"Mount",0.014,-0.217,-0.199,0.088,-0.041,0.032,17,E,14,S,,,140592,84.21,0
117,266.474,"Mount",0.048,-0.135,-0.142,0.020,-0.086,0.000,36,E,0,,,,135276,92.19,0
118,268.859,"Mount",0.008,-0.117,-0.107,0.047,-0.080,0.000,34,E,0,,,,131157,83.16,0
119,271.002,"Mount",0.048,-0.142,-0.148,0.023,-0.103,0.000,43,E,0,,,,127174,82.26,0
120,273.408,"Mount",-0.052,-0.048,-0.019,0.068,-0.038,0.025,16,E,11,S,,,144456,87.86,0
121,275.531,"Mount",-0.094,0.101,0.133,0.037,0.022,0.000,9,W,0,,,,147182,101.62,0
122,277.871,"Mount",-0.043,0.056,0.069,0.012,0.026,0.000,11,W,0,,,,134498,90.46,0
123,280.064,"Mount",-0.148,0.101,0.158,0.085,0.075,0.031,31,W,13,S,,,145610,93.58,0
124,282.448,"Mount",-0.017,0.026,0.031,0.003,0.059,0.000,25,W,0,,,,139161,88.25,0
125,284.666,"Mount",-0.194,0.049,0.133,0.150,0.124,0.054,52,W,23,S,,,134212,92.19,0
126,286.973,"Mount",-0.031,0.121,0.121,-0.028,0.099,0.000,41,W,0,,,,141265,95.19,0
127,289.101,"Mount",-0.015,0.064,0.064,-0.017,0.075,0.000,32,W,0,,,,144764,100.23,0
128,291.446,"Mount",-0.111,0.153,0.187,0.028,0.113,0.000,47,W,0,,,,140054,94.53,0
129,293.662,"Mount",-0.068,0.304,0.301,-0.080,0.155,-0.029,65,W,12,N,,,135785,95.01,0
130,296.088,"Mount",0.037,0.322,0.269,-0.181,0.145,-0.066,61,W,28,N,,,145697,97.29,0
131,298.224,"Mount",-0.086,0.256,0.267,-0.042,0.139,0.000,58,W,0,,,,138413,84.74,0
132,300.692,"Mount",0.010,0.386,0.338,-0.187,0.162,-0.067,68,W,29,N,,,151196,99.62,0
133,302.938,"Mount",-0.099,0.365,0.370,-0.081,0.215,-0.032,90,W,14,N,,,154948,98.19,0
134,305.387,"Mount",-0.255,0.446,0.513,0.021,0.269,0.000,113,W,0,,,,131811,85.33,0
135,307.609,"Mount",-0.230,0.419,0.478,0.010,0.205,0.000,86,W,0,,,,144247,94.16,0
136,310.080,"Mount",-0.244,0.169,0.262,0.139,0.098,0.050,41,W,21,S,,,136284,96.56,0
137,312.283,"Mount",-0.122,0.136,0.177,0.045,0.089,0.000,37,W,0,,,,145205,99.13,0
138,314.641,"Mount",-0.207,0.283,0.346,0.053,0.140,0.000,59,W,0,,,,136108,86.11,0
139,316.829,"Mount",-0.071,0.274,0.276,-0.064,0.082,-0.023,34,W,10,N,,,138594,97.11,0
140,319.129,"Mount",-0.151,0.204,0.251,0.040,0.048,0.000,20,W,0,,,,132327,87.97,0
141,321.300,"Mount",-0.159,0.101,0.162,0.094,0.072,0.034,30,W,15,S,,,156192,95.84,0
142,323.687,"Mount",-0.058,-0.028,0.002,0.064,-0.019,0.025,8,E,11,S,,,135626,82.39,0
143,325.865,"Mount",0.070,0.075,0.034,-0.096,-0.035,-0.034,14,E,14,N,,,149109,95.82,0
144,328.184,"Mount",-0.097,0.065,0.102,0.056,-0.013,0.000,6,E,0,,,,137495,90.76,0
145,330.286,"Mount",-0.024,0.135,0.131,-0.041,-0.015,0.000,6,E,0,,,,139034,91.30,0
146,332.734,"Mount",0.142,0.018,-0.050,-0.134,-0.101,-0.048,42,E,21,N,,,138656,87.24,0
147,334.933,"Mount",0.036,0.108,0.079,-0.082,-0.071,-0.031,30,E,13,N,,,141178,99.86,0
148,337.303,"Mount",0.022,0.015,0.003,-0.027,-0.082,0.000,34,E,0,,,,152613,97.60,0
149,339.351,"Mount",-0.049,0.102,0.113,-0.003,-0.020,0.000,8,E,0,,,,138565,89.36,0
150,341.768,"Mount",-0.003,0.221,0.197,-0.099,0.062,-0.036,26,W,15,N,,,124482,82.17,0
151,343.968,"Mount",-0.167,0.146,0.206,0.080,0.091,0.028,38,W,12,S,,,145333,93.72,0
152,346.355,"Mount",-0.118,0.108,0.150,0.055,0.113,0.000,47,W,0,,,,135678,86.74,0
153,348.542,"Mount",-0.105,-0.043,0.010,0.113,0.071,0.041,30,W,17,S,,,154351,100.66,0
154,351.060,"Mount",-0.123,0.037,0.089,0.092,0.132,0.035,55,W,15,S,,,137726,101.61,0
155,353.305,"Mount",-0.001,0.163,0.145,-0.074,0.171,-0.025,72,W,11,N,,,137507,89.64,0
156,355.704,"Mount",-0.255,0.396,0.469,0.043,0.326,0.000,136,W,0,,,,130635,83.99,0
157,357.887,"Mount",-0.179,0.281,0.332,0.029,0.245,0.000,103,W,0,,,,136329,85.12,0
158,360.285,"Mount",-0.043,0.200,0.197,-0.054,0.192,0.000,80,W,0,,,,146016,104.02,0
159,362.468,"Mount",-0.141,0.324,0.352,-0.025,0.250,0.000,105,W,0,,,,137505,87.50,0
160,364.976,"Mount",-0.150,0.310,0.344,-0.010,0.235,0.000,99,W,0,,,,128411,85.30,0
161,367.130,"Mount",-0.108,0.216,0.242,-0.004,0.167,0.000,70,W,0,,,,137588,93.49,0
162,369.548,"Mount",-0.049,0.254,0.248,-0.074,0.154,-0.027,64,W,11,N,,,145533,94.77,0
163,371.831,"Mount",-0.263,0.368,0.448,0.064,0.248,0.022,104,W,9,S,,,141854,100.10,0
164,374.248,"Mount",-0.179,0.280,0.331,0.030,0.190,0.000,80,W,0,,,,141527,90.55,0
165,376.446,"Mount",-0.213,0.337,0.397,0.033,0.251,0.000,105,W,0,,,,146048,92.83,0
166,378.811,"Mount",-0.098,0.241,0.259,-0.025,0.193,0.000,81,W,0,,,,145755,91.66,0
167,380.994,"Mount",-0.075,0.176,0.191,-0.015,0.183,0.000,77,W,0,,,,143504,110.40,0
168,383.336,"Mount",-0.035,0.049,0.059,0.009,0.102,0.000,43,W,0,,,,138371,83.97,0
169,385.521,"Mount",-0.101,0.171,0.198,0.011,0.188,0.000,79,W,0,,,,150591,99.37,0
170,387.838,"Mount",0.015,-0.030,-0.034,0.000,0.083,0.000,35,W,0,,,,136671,92.33,0
171,389.932,"Mount",0.017,0.044,0.031,-0.035,0.073,0.000,31,W,0,,,,136344,95.25,0
172,392.278,"Mount",-0.066,-0.032,0.002,0.074,0.017,0.027,7,W,11,S,,,151747,110.96,0
173,394.349,"Mount",-0.027,-0.076,-0.054,0.059,0.003,0.000,1,W,0,,,,159112,105.65,0
174,396.796,"Mount",-0.093,-0.195,-0.130,0.172,-0.073,0.062,31,E,26,S,,,142272,88.39,0
175,399.010,"Mount",-0.044,-0.114,-0.081,0.092,-0.068,0.036,28,E,15,S,,,151193,119.73,0
176,401.413,"Mount",-0.112,0.002,0.053,0.099,-0.031,0.037,13,E,16,S,,,162359,101.62,0
177,403.568,"Mount",0.068,-0.239,-0.243,0.050,-0.146,0.000,61,E,0,,,,136200,91.64,0
178,405.837,"Mount",-0.056,0.010,0.035,0.045,-0.025,0.000,10,E,0,,,,144312,99.55,0
179,408.050,"Mount",-0.009,-0.163,-0.141,0.083,-0.088,0.030,37,E,13,S,,,133398,87.76,0
180,410.329,"Mount",-0.003,0.022,0.021,-0.007,-0.022,0.000,9,E,0,,,,150345,92.89,0
181,412.420,"Mount",0.056,-0.097,-0.112,-0.005,-0.068,0.000,28,E,0,,,,142733,91.75,0
182,414.771,"Mount",0.127,-0.047,-0.100,-0.091,-0.053,-0.033,22,E,14,N,,,136007,88.18,0
183,416.876,"Mount",0.035,0.056,0.033,-0.057,0.009,0.000,4,W,0,,,,138442,86.11,0
184,419.164,"Mount",0.020,0.072,0.055,-0.051,0.020,0.000,8,W,0,,,,139335,89.90,0
185,421.261,"Mount",-0.061,0.047,0.070,0.033,0.061,0.000,25,W,0,,,,145069,93.63,0
186,423.611,"Mount",-0.074,0.057,0.084,0.040,0.074,0.000,31,W,0,,,,141352,92.66,0
187,425.726,"Mount",0.002,0.001,0.000,-0.003,0.032,0.000,13,W,0,,,,154266,104.67,0
188,428.118,"Mount",-0.136,0.107,0.157,0.071,0.101,0.026,42,W,11,S,,,132510,85.60,0
189,430.212,"Mount",0.022,-0.001,-0.011,-0.019,0.027,0.000,11,W,0,,,,129919,79.81,0
190,432.590,"Mount",0.064,0.009,-0.022,-0.061,0.017,-0.022,7,W,9,N,,,138488,87.69,0
191,434.711,"Mount",-0.066,0.048,0.073,0.036,0.040,0.000,17,W,0,,,,146868,96.01,0
192,437.020,"Mount",-0.002,-0.040,-0.035,0.020,-0.013,0.000,5,E,0,,,,144675,91.95,0
193,439.086,"Mount",0.032,0.049,0.029,-0.051,-0.021,0.000,9,E,0,,,,140979,89.22,0
194,441.423,"Mount",0.005,-0.021,-0.021,0.005,-0.024,0.000,10,E,0,,,,135088,94.14,0
195,443.538,"Mount",0.065,-0.085,-0.105,-0.018,-0.076,0.000,32,E,0,,,,141699,92.73,0
196,445.927,"Mount",0.050,0.098,0.064,-0.090,0.001,-0.032,0,,14,N,,,146848,90.35,0
197,448.110,"Mount",0.013,-0.041,-0.042,0.007,-0.029,0.000,12,E,0,,,,137467,89.33,0
198,450.418,"Mount",0.034,0.021,0.003,-0.040,-0.031,0.000,13,E,0,,,,138066,87.61,0
199,452.586,"Mount",0.069,-0.079,-0.101,-0.025,-0.071,0.000,30,E,0,,,,149922,90.16,0
200,454.931,"Mount",-0.060,-0.084,-0.047,0.092,-0.024,0.033,10,E,14,S,,,133185,82.96,0
201,457.004,"Mount",0.005,-0.035,-0.034,0.012,-0.015,0.000,6,E,0,,,,144573,101.03,0
202,459.293,"Mount",0.049,-0.006,-0.028,-0.040,-0.008,0.000,4,E,0,,,,133644,82.00,0
203,461.475,"Mount",-0.067,-0.000,0.031,0.060,0.006,0.022,2,W,9,S,,,141285,105.12,0
204,463.854,"Mount",0.074,0.098,0.053,-0.111,0.016,-0.039,7,W,17,N,,,141995,99.69,0
205,465.967,"Mount",-0.057,-0.069,-0.035,0.083,0.025,0.028,11,W,12,S,,,130520,85.68,0
206,468.329,"Mount",-0.107,0.194,0.221,0.006,0.134,0.000,56,W,0,,,,147811,97.27,0
207,470.496,"Mount",-0.122,0.062,0.112,0.080,0.094,0.029,39,W,12,S,,,139104,91.20,0
208,472.916,"Mount",-0.014,0.159,0.147,-0.061,0.120,-0.021,50,W,9,N,,,159754,118.95,0
209,475.047,"Mount",-0.102,0.181,0.208,0.007,0.150,0.000,63,W,0,,,,136623,93.89,0
210,477.367,"Mount",-0.110,0.103,0.143,0.050,0.129,0.000,54,W,0,,,,148803,112.94,0
211,479.483,"Mount",-0.074,0.082,0.106,0.028,0.109,0.000,46,W,0,,,,138044,92.62,0
212,481.818,"Mount",0.001,-0.034,-0.031,0.015,0.056,0.000,23,W,0,,,,147183,88.59,0
213,483.923,"Mount",-0.060,0.067,0.087,0.022,0.081,0.000,34,W,0,,,,143364,100.30,0
214,486.309,"Mount",-0.127,-0.109,-0.039,0.163,0.023,0.059,10,W,25,S,,,140640,86.62,0
215,488.369,"Mount",-0.035,-0.051,-0.030,0.055,0.002,0.000,1,W,0,,,,143731,92.67,0
216,490.708,"Mount",0.028,-0.146,-0.142,0.043,-0.073,0.000,31,E,0,,,,135220,82.14,0
217,492.829,"Mount",0.031,-0.044,-0.053,-0.007,-0.032,0.000,13,E,0,,,,157433,106.20,0
218,495.234,"Mount",-0.052,-0.106,-0.071,0.095,-0.085,0.034,36,E,15,S,,,154537,99.83,0
219,497.466,"Mount",0.052,-0.246,-0.242,0.067,-0.181,0.026,76,E,11,S,,,135895,90.86,0
220,499.937,"Mount",0.175,-0.158,-0.221,-0.082,-0.186,-0.028,78,E,12,N,,,143739,95.38,0
221,502.093,"Mount",0.066,-0.101,-0.120,-0.012,-0.150,0.000,63,E,0,,,,138901,88.73,0
222,504.485,"Mount",-0.021,0.040,0.045,-0.000,-0.095,0.000,40,E,0,,,,141286,89.97,0
223,506.730,"Mount",0.124,-0.113,-0.158,-0.058,-0.148,0.000,62,E,0,,,,139610,81.06,0
224,509.152,"Mount",0.105,-0.391,-0.395,0.088,-0.245,0.032,103,E,14,S,,,145128,91.35,0
225,511.427,"Mount",0.067,-0.304,-0.300,0.081,-0.193,0.030,81,E,13,S,,,137030,84.37,0
226,513.845,"Mount",0.036,-0.239,-0.229,0.078,-0.158,0.029,66,E,13,S,,,142899,97.13,0
227,516.088,"Mount",0.021,-0.301,-0.277,0.121,-0.218,0.045,91,E,19,S,,,138657,89.77,0
228,518.432,"Mount",0.081,-0.059,-0.090,-0.045,-0.139,0.000,58,E,0,,,,135208,88.37,0
229,520.570,"Mount",-0.030,0.032,0.042,0.012,-0.093,0.000,39,E,0,,,,140781,101.93,0
230,522.917,"Mount",-0.001,0.037,0.033,-0.016,-0.094,0.000,39,E,0,,,,140452,85.89,0
231,525.023,"Mount",-0.024,-0.079,-0.059,0.058,-0.085,0.000,36,E,0,,,,138679,89.08,0
232,527.395,"Mount",0.007,-0.049,-0.047,0.017,-0.022,0.000,9,E,0,,,,135359,84.42,0
233,529.468,"Mount",-0.014,-0.058,-0.045,0.040,-0.009,0.000,4,E,0,,,,142818,91.04,0
234,531.870,"Mount",-0.043,-0.125,-0.092,0.096,-0.034,0.035,14,E,15,S,,,144051,91.95,0
235,533.960,"Mount",-0.028,0.034,0.043,0.010,0.020,0.000,8,W,0,,,,140021,93.24,0
236,536.323,"Mount",-0.021,-0.117,-0.094,0.072,-0.033,0.026,14,E,11,S,,,134453,97.46,0
237,538.398,"Mount",-0.034,-0.048,-0.027,0.053,0.015,0.000,6,W,0,,,,139832,93.57,0
238,540.879,"Mount",-0.057,-0.125,-0.084,0.109,-0.042,0.039,18,E,17,S,,,142862,88.53,0
239,543.091,"Mount",0.040,-0.091,-0.099,0.007,-0.055,0.000,23,E,0,,,,142924,91.93,0
240,545.496,"Mount",0.036,-0.233,-0.223,0.076,-0.126,0.027,53,E,12,S,,,139853,95.89,0
241,547.566,"Mount",0.046,-0.033,-0.051,-0.025,-0.060,0.000,25,E,0,,,,145372,90.74,0
242,549.990,"Mount",0.174,-0.128,-0.194,-0.096,-0.171,-0.034,72,E,15,N,,,147029,93.80,0
243,552.302,"Mount",0.127,-0.405,-0.419,0.074,-0.293,0.025,123,E,11,S,,,139280,92.62,0
244,554.733,"Mount",0.098,-0.258,-0.274,0.032,-0.260,0.000,109,E,0,,,,146147,103.18,0
245,556.954,"Mount",0.207,-0.345,-0.402,-0.024,-0.347,0.000,145,E,0,,,,151701,96.93,0
246,559.421,"Mount",-0.135,-0.070,-0.000,0.152,-0.190,0.055,79,E,23,S,,,134109,80.65,0
247,561.688,"Mount",-0.011,-0.124,-0.105,0.067,-0.248,0.026,104,E,11,S,,,146527,88.10,0
248,564.183,"Mount",0.137,-0.195,-0.237,-0.032,-0.319,0.000,134,E,0,,,,136578,85.34,0
249,566.477,"Mount",0.262,0.002,-0.119,-0.233,-0.243,-0.084,102,E,36,N,,,131763,83.36,0
250,568.964,"Mount",-0.006,-0.128,-0.111,0.064,-0.251,0.020,105,E,8,S,,,133767,94.16,0
251,571.150,"Mount",0.080,-0.113,-0.138,-0.019,-0.277,0.000,116,E,0,,,,146001,84.12,0
252,573.596,"Mount",0.035,-0.148,-0.148,0.037,-0.294,0.000,123,E,0,,,,149828,93.19,0
253,575.833,"Mount",0.164,-0.234,-0.283,-0.038,-0.351,0.000,147,E,0,,,,153305,98.02,0
254,578.297,"Mount",0.111,-0.142,-0.177,-0.032,-0.309,0.000,130,E,0,,,,139438,93.32,0
255,580.542,"Mount",0.144,-0.047,-0.108,-0.107,-0.258,-0.038,108,E,16,N,,,139518,90.40,0
256,582.952,"Mount",0.021,-0.072,-0.074,0.015,-0.244,0.000,102,E,0,,,,136421,87.54,0
257,585.085,"Mount",-0.094,0.057,0.094,0.057,-0.129,0.000,54,E,0,,,,140185,90.98,0
258,587.443,"Mount",0.100,0.120,0.060,-0.144,-0.059,-0.052,25,E,22,N,,,146221,91.23,0
259,589.545,"Mount",0.055,-0.091,-0.106,-0.007,-0.088,0.000,37,E,0,,,,138557,91.10,0
260,591.917,"Mount",0.021,0.162,0.134,-0.094,0.076,-0.034,32,W,14,N,,,143902,103.13,0
261,593.998,"Mount",-0.026,-0.062,-0.043,0.052,0.052,0.000,22,W,0,,,,135262,94.98,0
262,596.294,"Mount",-0.009,-0.021,-0.015,0.018,0.027,0.000,11,W,0,,,,128790,87.18,0
263,598.398,"Mount",0.003,0.074,0.064,-0.037,0.069,0.000,29,W,0,,,,146320,92.35,0
264,600.776,"Mount",-0.083,-0.113,-0.062,0.126,-0.027,0.045,11,E,19,S,,,137553,91.49,0
265,602.838,"Mount",-0.010,0.024,0.025,-0.002,-0.005,0.000,2,E,0,,,,144537,92.52,0
266,605.128,"Mount",0.012,0.052,0.041,-0.034,-0.018,0.000,7,E,0,,,,140620,93.28,0
267,607.183,"Mount",-0.025,-0.029,-0.014,0.036,-0.023,0.000,10,E,0,,,,154883,108.18,0
268,609.453,"Mount",-0.063,0.125,0.140,-0.002,0.021,0.000,9,W,0,,,,144959,109.08,0
269,611.634,"Mount",0.079,0.022,-0.017,-0.080,-0.039,-0.029,16,E,12,N,,,141679,92.60,0
270,614.043,"Mount",0.056,0.166,0.122,-0.126,0.004,-0.047,2,W,20,N,,,129188,85.02,0
271,616.134,"Mount",-0.033,0.014,0.028,0.022,-0.026,0.000,11,E,0,,,,145211,93.58,0
272,618.489,"Mount",-0.014,0.185,0.171,-0.073,0.058,-0.026,24,W,11,N,,,134781,87.50,0
273,620.706,"Mount",0.039,0.106,0.076,-0.084,0.049,-0.031,21,W,13,N,,,134456,85.15,0
274,623.034,"Mount",-0.067,0.044,0.070,0.039,0.071,0.000,30,W,0,,,,151447,96.33,0
275,627.452,"Mount",-0.076,-0.053,-0.012,0.092,0.109,0.033,46,W,14,S,,,147287,99.96,0
276,629.574,"Mount",0.025,0.034,0.019,-0.038,0.111,0.000,47,W,0,,,,139463,91.12,0
INFO: SET LOCK POSITION, new lock pos = 640.982, 482.125
INFO: DITHER by -16.957, 2.162, new lock pos = 646.871, 466.077
INFO: SETTLING STATE CHANGE, Settling started
277,639.912,"Mount",-5.890,16.048,16.957,-2.162,16.957,-2.162,7100,W,925,N,,,142706,96.65,0
278,642.671,"Mount",-1.296,1.165,1.631,0.611,0.734,0.220,307,W,94,S,,,136113,93.38,0
279,645.132,"Mount",-0.823,1.139,1.390,0.204,0.626,0.082,262,W,35,S,,,144738,94.13,0
280,647.710,"Mount",-0.575,0.831,1.002,0.126,0.451,0.049,189,W,21,S,,,145884,94.57,0
281,650.046,"Mount",-0.656,0.611,0.845,0.299,0.380,0.110,159,W,47,S,,,145512,81.41,0
282,652.552,"Mount",-0.440,0.641,0.771,0.094,0.347,0.038,145,W,16,S,,,132857,90.91,0
283,654.893,"Mount",-0.675,0.620,0.861,0.312,0.388,0.114,162,W,49,S,,,149538,93.80,0
284,657.242,"Mount",-0.215,0.415,0.467,-0.001,0.210,0.000,88,W,0,,,,142867,98.06,0
285,659.429,"Mount",-0.238,0.270,0.350,0.087,0.157,0.031,66,W,13,S,,,133729,94.30,0
286,661.924,"Mount",-0.383,0.276,0.421,0.212,0.189,0.078,79,W,33,S,,,131209,86.68,0
287,664.124,"Mount",-0.182,0.390,0.430,-0.019,0.193,0.000,81,W,0,,,,138134,87.56,0
288,666.545,"Mount",-0.229,0.036,0.137,0.186,0.116,0.067,49,W,29,S,,,142280,89.95,0
289,668.737,"Mount",-0.151,0.361,0.390,-0.033,0.205,0.000,86,W,0,,,,139973,90.63,0
290,671.023,"Mount",-0.025,0.024,0.033,0.011,0.012,0.000,5,W,0,,,,134734,87.24,0
291,673.182,"Mount",0.090,-0.029,-0.067,-0.067,-0.042,-0.024,18,E,10,N,,,137993,91.23,0
292,675.516,"Mount",0.072,-0.028,-0.058,-0.051,-0.035,0.000,15,E,0,,,,151964,103.06,0
293,677.727,"Mount",0.166,-0.059,-0.129,-0.120,-0.108,-0.043,45,E,18,N,,,138706,95.89,0
294,680.148,"Mount",-0.093,-0.081,-0.029,0.120,-0.070,0.042,29,E,18,S,,,138521,108.20,0
295,682.275,"Mount",-0.027,-0.071,-0.051,0.057,-0.067,0.000,28,E,0,,,,164675,107.94,0
INFO: SETTLING STATE CHANGE, Settling complete
296,684.625,"Mount",0.003,-0.002,-0.003,-0.002,-0.054,0.000,23,E,0,,,,147460,92.64,0
297,686.844,"Mount",0.093,0.200,0.134,-0.175,0.023,-0.063,9,W,27,N,,,150787,107.00,0
298,689.204,"Mount",-0.155,0.080,0.143,0.101,0.046,0.034,19,W,14,S,,,126415,81.13,0
299,691.286,"Mount",0.025,-0.001,-0.012,-0.022,0.008,0.000,3,W,0,,,,142045,91.69,0
300,693.647,"Mount",-0.107,0.178,0.208,0.013,0.131,0.000,55,W,0,,,,153634,109.17,0
301,695.861,"Mount",-0.206,0.220,0.290,0.081,0.191,0.029,80,W,12,S,,,138365,86.80,0
302,698.304,"Mount",-0.179,0.026,0.105,0.146,0.143,0.054,60,W,23,S,,,143665,91.26,0
303,700.493,"Mount",-0.123,0.278,0.303,-0.019,0.260,0.000,109,W,0,,,,153526,96.30,0
304,702.946,"Mount",-0.123,0.274,0.300,-0.018,0.294,0.000,123,W,0,,,,132402,85.56,0
305,705.214,"Mount",-0.205,0.204,0.276,0.088,0.304,0.032,127,W,13,S,,,154275,97.52,0
306,707.737,"Mount",-0.062,0.294,0.289,-0.081,0.345,-0.028,144,W,12,N,,,138281,100.93,0
307,710.054,"Mount",-0.188,0.231,0.292,0.060,0.360,0.000,151,W,0,,,,135061,88.73,0
308,712.473,"Mount",-0.099,0.128,0.159,0.029,0.321,0.000,135,W,0,,,,150246,85.95,0
309,714.704,"Mount",-0.028,0.110,0.110,-0.026,0.297,0.000,124,W,0,,,,147788,94.97,0
310,717.123,"Mount",-0.015,0.105,0.100,-0.035,0.291,0.000,122,W,0,,,,139784,88.45,0
311,719.321,"Mount",-0.004,0.060,0.055,-0.024,0.227,0.000,95,W,0,,,,133705,87.09,0
312,721.771,"Mount",-0.006,-0.130,-0.112,0.065,0.160,0.024,67,W,10,S,,,151599,101.75,0
313,723.916,"Mount",0.002,-0.077,-0.070,0.033,0.148,0.000,62,W,0,,,,145645,85.82,0
314,726.385,"Mount",-0.127,-0.062,0.003,0.142,0.150,0.051,63,W,22,S,,,136227,86.73,0
315,728.524,"Mount",-0.014,0.015,0.019,0.005,0.123,0.000,51,W,0,,,,134217,88.36,0
316,730.957,"Mount",-0.055,-0.033,-0.004,0.064,0.082,0.023,34,W,10,S,,,133768,80.32,0
317,733.139,"Mount",0.003,-0.246,-0.219,0.111,-0.032,0.041,13,E,18,S,,,156565,104.41,0
318,735.475,"Mount",-0.014,-0.049,-0.037,0.035,0.066,0.000,28,W,0,,,,141612,89.03,0
319,737.614,"Mount",0.016,-0.164,-0.153,0.061,-0.014,0.022,6,E,9,S,,,139388,89.17,0
320,739.917,"Mount",-0.046,-0.013,0.010,0.047,0.058,0.000,24,W,0,,,,144409,101.46,0
321,742.005,"Mount",0.078,-0.175,-0.192,0.012,-0.037,0.000,15,E,0,,,,158405,104.07,0
322,744.348,"Mount",-0.043,-0.127,-0.093,0.096,0.005,0.035,2,W,15,S,,,133283,86.92,0
323,746.521,"Mount",-0.046,-0.284,-0.231,0.172,-0.072,0.063,30,E,27,S,,,152827,105.23,0
324,748.940,"Mount",-0.029,-0.214,-0.177,0.124,-0.064,0.047,27,E,20,S,,,133397,98.40,0
325,751.040,"Mount",0.027,-0.166,-0.160,0.053,-0.080,0.000,34,E,0,,,,134624,86.69,0
326,753.352,"Mount",-0.037,0.002,0.018,0.032,-0.022,0.000,9,E,0,,,,146321,97.94,0
327,755.459,"Mount",-0.008,-0.044,-0.036,0.028,-0.041,0.000,17,E,0,,,,134843,88.39,0
328,757.811,"Mount",0.039,-0.028,-0.043,-0.022,-0.045,0.000,19,E,0,,,,140991,83.55,0
329,759.934,"Mount",-0.124,0.154,0.194,0.039,0.056,0.000,24,W,0,,,,135388,86.28,0
330,762.334,"Mount",-0.076,-0.058,-0.017,0.094,-0.024,0.034,10,E,14,S,,,139827,90.76,0
331,764.412,"Mount",-0.123,-0.127,-0.056,0.168,-0.000,0.062,0,,26,S,,,142413,88.40,0
332,766.839,"Mount",-0.177,-0.024,0.060,0.168,0.039,0.063,16,W,27,S,,,143437,102.52,0
333,769.005,"Mount",-0.110,-0.071,-0.013,0.131,0.023,0.050,10,W,21,S,,,159036,118.21,0
334,771.392,"Mount",-0.075,-0.054,-0.013,0.092,0.022,0.035,9,W,15,S,,,148777,99.59,0
335,773.522,"Mount",-0.043,-0.043,-0.018,0.057,0.027,0.000,12,W,0,,,,140162,85.61,0
336,775.826,"Mount",-0.081,-0.120,-0.069,0.127,-0.000,0.046,0,,20,S,,,136228,97.36,0
337,777.985,"Mount",-0.156,-0.054,0.024,0.163,0.030,0.061,12,W,26,S,,,145952,91.28,0
338,780.470,"Mount",-0.060,-0.049,-0.015,0.076,0.025,0.030,11,W,13,S,,,143983,93.23,0
339,782.745,"Mount",0.021,-0.191,-0.179,0.070,-0.061,0.026,25,E,11,S,,,143446,97.93,0
340,785.108,"Mount",-0.091,-0.101,-0.047,0.127,0.010,0.047,4,W,20,S,,,146946,107.91,0
341,787.197,"Mount",0.074,-0.097,-0.120,-0.021,-0.054,0.000,23,E,0,,,,138570,88.63,0
342,789.643,"Mount",0.057,-0.389,-0.372,0.129,-0.192,0.046,80,E,20,S,,,139619,94.99,0
343,791.781,"Mount",0.059,-0.159,-0.168,0.021,-0.110,0.000,46,E,0,,,,134066,86.86,0
344,794.230,"Mount",0.053,-0.245,-0.242,0.066,-0.155,0.024,65,E,10,S,,,135377,93.50,0
345,796.359,"Mount",0.051,-0.150,-0.156,0.024,-0.134,0.000,56,E,0,,,,148987,94.21,0
346,798.730,"Mount",-0.020,-0.050,-0.035,0.041,-0.067,0.000,28,E,0,,,,144730,96.28,0
347,800.948,"Mount",-0.180,-0.049,0.040,0.183,-0.054,0.066,23,E,28,S,,,131921,96.11,0
348,803.323,"Mount",0.011,-0.115,-0.107,0.043,-0.099,0.000,42,E,0,,,,141973,88.18,0
349,805.578,"Mount",-0.089,-0.275,-0.203,0.206,-0.112,0.074,47,E,32,S,,,136823,89.45,0
350,808.059,"Mount",-0.116,-0.063,-0.003,0.132,-0.009,0.050,4,E,22,S,,,139847,98.30,0
351,810.322,"Mount",-0.066,-0.077,-0.038,0.094,-0.018,0.036,8,E,15,S,,,148807,111.23,0
352,812.564,"Mount",-0.001,0.064,0.057,-0.029,-0.001,0.000,0,,0,,,,133622,88.04,0
353,814.805,"Mount",-0.053,0.299,0.290,-0.091,0.140,-0.033,59,W,14,N,,,139101,92.65,0
354,817.239,"Mount",0.081,0.180,0.122,-0.155,0.085,-0.057,36,W,24,N,,,135830,87.01,0
355,819.414,"Mount",0.050,0.147,0.107,-0.112,0.112,-0.043,47,W,18,N,,,143071,95.00,0
356,821.791,"Mount",-0.082,0.102,0.129,0.025,0.140,0.000,59,W,0,,,,151373,100.67,0
357,823.994,"Mount",-0.076,-0.082,-0.038,0.105,0.089,0.038,37,W,16,S,,,156015,104.15,0
358,826.378,"Mount",0.040,-0.043,-0.056,-0.016,0.109,0.000,45,W,0,,,,148655,102.60,0
359,828.535,"Mount",0.103,-0.036,-0.080,-0.075,0.070,-0.027,29,W,11,N,,,150002,99.48,0
360,830.881,"Mount",0.056,-0.022,-0.045,-0.040,0.085,0.000,36,W,0,,,,133098,83.84,0
361,832.990,"Mount",0.058,-0.061,-0.081,-0.023,0.038,0.000,16,W,0,,,,134802,83.23,0
362,835.380,"Mount",0.181,-0.169,-0.233,-0.082,-0.056,-0.030,23,E,13,N,,,134855,88.35,0
363,837.496,"Mount",0.167,-0.266,-0.313,-0.025,-0.114,0.000,48,E,0,,,,142735,90.44,0
364,839.971,"Mount",-0.084,-0.179,-0.121,0.157,-0.064,0.057,27,E,24,S,,,142933,95.89,0
365,842.253,"Mount",0.072,-0.458,-0.440,0.147,-0.240,0.055,100,E,24,S,,,143451,85.66,0
366,844.724,"Mount",0.409,-0.357,-0.505,-0.198,-0.322,-0.069,135,E,30,N,,,143703,88.75,0
367,847.001,"Mount",0.066,-0.317,-0.312,0.088,-0.266,0.029,111,E,12,S,,,141415,85.09,0
368,849.402,"Mount",0.085,-0.200,-0.217,0.017,-0.253,0.000,106,E,0,,,,128569,83.14,0
369,851.599,"Mount",-0.025,-0.072,-0.052,0.055,-0.196,0.000,82,E,0,,,,136138,86.75,0
370,854.053,"Mount",0.047,-0.168,-0.170,0.036,-0.285,0.000,119,E,0,,,,144474,89.86,0
371,856.261,"Mount",0.166,-0.195,-0.250,-0.057,-0.264,0.000,110,E,0,,,,141841,101.20,0
372,858.695,"Mount",0.087,-0.085,-0.116,-0.038,-0.195,0.000,82,E,0,,,,129569,78.91,0
373,860.830,"Mount",0.011,-0.058,-0.057,0.017,-0.109,0.000,46,E,0,,,,147841,101.17,0
374,863.233,"Mount",0.043,-0.054,-0.068,-0.013,-0.121,0.000,51,E,0,,,,140485,88.30,0
375,865.450,"Mount",-0.043,-0.064,-0.037,0.068,-0.071,0.024,30,E,10,S,,,141557,96.15,0
376,867.872,"Mount",-0.112,-0.154,-0.085,0.170,-0.091,0.062,38,E,27,S,,,134922,92.10,0
377,870.067,"Mount",-0.015,-0.106,-0.087,0.062,-0.113,0.025,47,E,11,S,,,145085,96.95,0
378,872.442,"Mount",-0.079,-0.037,0.004,0.087,-0.067,0.032,28,E,14,S,,,151291,106.44,0
379,874.638,"Mount",-0.085,-0.004,0.036,0.077,-0.090,0.029,38,E,12,S,,,143411,95.96,0
380,877.030,"Mount",-0.174,0.103,0.172,0.107,-0.011,0.040,5,E,17,S,,,141851,97.81,0
381,879.121,"Mount",-0.079,0.130,0.152,0.010,0.003,0.000,1,W,0,,,,139562,102.25,0
382,881.530,"Mount",-0.226,0.069,0.165,0.169,0.015,0.061,6,W,26,S,,,133740,87.90,0
383,883.636,"Mount",-0.043,0.066,0.078,0.007,-0.014,0.000,6,E,0,,,,150548,90.46,0
384,885.989,"Mount",-0.003,0.018,0.018,-0.006,-0.011,0.000,5,E,0,,,,129180,89.80,0
385,888.102,"Mount",0.003,-0.046,-0.042,0.019,-0.005,0.000,2,E,0,,,,146813,90.26,0
386,890.406,"Mount",-0.006,-0.115,-0.099,0.059,-0.054,0.000,23,E,0,,,,149416,106.13,0
387,892.558,"Mount",0.087,-0.212,-0.228,0.020,-0.115,0.000,48,E,0,,,,135054,91.87,0
388,895.015,"Mount",-0.076,-0.229,-0.168,0.173,-0.127,0.062,53,E,27,S,,,150364,103.25,0
389,897.170,"Mount",0.164,-0.306,-0.347,-0.005,-0.223,0.000,93,E,0,,,,144750,86.08,0
390,899.707,"Mount",0.288,-0.786,-0.830,0.108,-0.500,0.039,209,E,17,S,,,132870,81.22,0
391,901.938,"Mount",0.171,-0.327,-0.369,-0.001,-0.319,0.000,134,E,0,,,,138776,108.38,0
392,904.367,"Mount",0.052,-0.090,-0.104,-0.004,-0.235,0.000,98,E,0,,,,143925,99.74,0
393,906.717,"Mount",0.027,-0.279,-0.260,0.105,-0.378,0.038,158,E,16,S,,,129543,80.71,0
394,909.224,"Mount",-0.002,-0.154,-0.136,0.073,-0.352,0.028,147,E,12,S,,,142585,93.84,0
395,911.550,"Mount",0.010,-0.290,-0.262,0.125,-0.361,0.046,151,E,20,S,,,143642,86.60,0
396,914.034,"Mount",0.055,-0.108,-0.121,0.001,-0.315,0.000,132,E,0,,,,150309,115.46,0
397,916.264,"Mount",0.086,-0.097,-0.126,-0.032,-0.286,0.000,120,E,0,,,,149163,91.19,0
398,918.797,"Mount",-0.018,-0.162,-0.136,0.091,-0.295,0.033,123,E,14,S,,,139025,90.10,0
399,921.013,"Mount",0.001,-0.112,-0.100,0.050,-0.272,0.000,114,E,0,,,,142737,100.43,0
400,923.521,"Mount",0.283,0.044,-0.091,-0.271,-0.264,-0.098,110,E,42,N,,,129802,82.09,0
401,925.786,"Mount",0.069,0.028,-0.007,-0.074,-0.243,-0.031,102,E,13,N,,,136318,91.29,0
402,928.211,"Mount",0.024,-0.041,-0.048,-0.003,-0.237,0.000,99,E,0,,,,143298,87.77,0
403,930.431,"Mount",0.037,-0.157,-0.156,0.039,-0.311,0.000,130,E,0,,,,143913,93.15,0
404,932.773,"Mount",-0.018,0.146,0.138,-0.051,-0.168,0.000,70,E,0,,,,135335,95.83,0
405,934.929,"Mount",-0.099,0.160,0.188,0.013,-0.133,0.000,56,E,0,,,,136981,94.24,0
406,937.242,"Mount",-0.161,0.212,0.262,0.045,-0.076,0.000,32,E,0,,,,143456,88.81,0
407,939.304,"Mount",-0.165,0.245,0.294,0.033,-0.007,0.000,3,E,0,,,,146949,88.43,0
408,941.661,"Mount",-0.189,0.186,0.252,0.082,0.005,0.030,2,W,13,S,,,127838,80.11,0
409,943.815,"Mount",-0.119,0.043,0.093,0.086,-0.029,0.032,12,E,14,S,,,143443,90.23,0
410,946.235,"Mount",-0.096,0.306,0.316,-0.056,0.130,0.000,54,W,0,,,,138602,94.42,0
411,948.343,"Mount",-0.027,0.134,0.131,-0.037,0.076,0.000,32,W,0,,,,141384,93.58,0
412,950.655,"Mount",-0.014,0.044,0.045,-0.007,0.061,0.000,25,W,0,,,,130674,86.93,0
413,952.772,"Mount",0.045,-0.016,-0.035,-0.032,0.069,0.000,29,W,0,,,,138241,87.96,0
414,955.133,"Mount",0.141,-0.129,-0.179,-0.066,-0.036,-0.024,15,E,10,N,,,142135,93.51,0
415,957.258,"Mount",-0.057,-0.195,-0.147,0.141,-0.023,0.050,9,E,21,S,,,139370,96.46,0
416,959.487,"Mount",-0.007,0.044,0.043,-0.014,-0.001,0.000,0,,0,,,,143324,94.06,0
417,961.676,"Mount",-0.034,-0.118,-0.089,0.085,-0.049,0.031,21,E,13,S,,,143304,103.89,0
418,963.990,"Mount",0.007,0.020,0.014,-0.015,-0.008,0.000,3,E,0,,,,153247,98.38,0
419,966.095,"Mount",0.005,0.037,0.030,-0.022,-0.026,0.000,11,E,0,,,,152073,93.88,0
420,968.423,"Mount",-0.080,-0.042,-0.001,0.090,-0.025,0.032,11,E,14,S,,,147405,95.05,0
421,970.530,"Mount",-0.087,0.154,0.177,0.006,0.068,0.000,29,W,0,,,,138579,97.39,0
422,972.846,"Mount",-0.048,0.134,0.141,-0.019,0.059,0.000,25,W,0,,,,149835,92.31,0
423,974.982,"Mount",-0.101,0.095,0.131,0.046,0.084,0.000,35,W,0,,,,142741,89.29,0
424,977.299,"Mount",-0.002,-0.039,-0.033,0.019,0.043,0.000,18,W,0,,,,135023,87.25,0
425,979.415,"Mount",-0.057,0.082,0.099,0.013,0.105,0.000,44,W,0,,,,145298,109.30,0
426,981.835,"Mount",-0.200,0.118,0.197,0.122,0.169,0.044,71,W,19,S,,,141813,97.22,0
427,984.007,"Mount",-0.159,0.212,0.261,0.043,0.211,0.000,88,W,0,,,,150983,83.33,0
428,986.488,"Mount",-0.368,0.108,0.265,0.276,0.218,0.099,91,W,43,S,,,137267,100.66,0
429,988.736,"Mount",-0.163,0.051,0.120,0.121,0.157,0.047,66,W,20,S,,,132270,85.72,0
430,991.190,"Mount",-0.003,0.179,0.160,-0.080,0.180,-0.027,75,W,12,N,,,133972,85.90,0
431,993.355,"Mount",-0.015,0.113,0.107,-0.039,0.152,0.000,64,W,0,,,,139442,81.51,0
432,995.723,"Mount",-0.121,0.218,0.250,0.007,0.197,0.000,83,W,0,,,,144070,101.04,0
433,997.925,"Mount",-0.226,0.546,0.589,-0.052,0.348,0.000,146,W,0,,,,144623,86.27,0
434,1000.380,"Mount",-0.003,0.271,0.242,-0.123,0.211,-0.044,88,W,19,N,,,135526,87.66,0
435,1002.603,"Mount",-0.076,0.276,0.280,-0.060,0.224,-0.024,94,W,10,N,,,146792,99.46,0
436,1005.023,"Mount",-0.079,0.128,0.150,0.011,0.234,0.000,98,W,0,,,,150452,91.82,0
437,1007.180,"Mount",0.046,-0.126,-0.133,0.017,0.098,0.000,41,W,0,,,,145109,93.09,0
438,1009.525,"Mount",-0.014,0.085,0.082,-0.027,0.171,0.000,71,W,0,,,,156570,105.84,0
439,1011.697,"Mount",0.051,-0.023,-0.044,-0.034,0.117,0.000,49,W,0,,,,139095,94.96,0
440,1014.057,"Mount",0.032,-0.011,-0.025,-0.023,0.100,0.000,42,W,0,,,,149945,93.02,0
441,1016.119,"Mount",0.070,-0.010,-0.041,-0.057,0.019,0.000,8,W,0,,,,147855,101.16,0
442,1018.466,"Mount",0.082,0.054,0.010,-0.097,-0.020,-0.035,8,E,15,N,,,130107,86.01,0
443,1020.654,"Mount",0.083,-0.112,-0.138,-0.022,-0.142,0.000,59,E,0,,,,148148,102.13,0
444,1023.142,"Mount",0.154,-0.053,-0.118,-0.113,-0.155,-0.041,65,E,17,N,,,151730,101.42,0
445,1025.283,"Mount",0.044,-0.068,-0.081,-0.008,-0.121,0.000,50,E,0,,,,137370,88.43,0
446,1027.712,"Mount",-0.098,0.009,0.053,0.083,-0.091,0.030,38,E,13,S,,,129380,84.09,0
447,1029.848,"Mount",-0.023,-0.015,-0.003,0.027,-0.068,0.000,29,E,0,,,,141466,97.13,0
448,1032.250,"Mount",0.036,0.118,0.088,-0.087,-0.019,-0.031,8,E,13,N,,,134274,97.42,0
449,1034.446,"Mount",0.041,0.324,0.269,-0.186,0.107,-0.068,45,W,29,N,,,132175,80.82,0
450,1036.862,"Mount",0.017,0.167,0.140,-0.092,0.075,-0.036,31,W,15,N,,,135810,99.18,0
451,1039.012,"Mount",-0.034,0.195,0.189,-0.059,0.118,0.000,49,W,0,,,,133160,88.63,0
452,1041.365,"Mount",-0.010,0.042,0.042,-0.011,0.070,0.000,29,W,0,,,,147671,94.30,0
453,1043.550,"Mount",-0.131,0.227,0.262,0.011,0.207,0.000,87,W,0,,,,134588,87.04,0
454,1045.961,"Mount",-0.112,0.177,0.208,0.018,0.207,0.000,87,W,0,,,,142670,95.89,0
455,1048.202,"Mount",-0.003,0.178,0.159,-0.080,0.201,-0.029,84,W,12,N,,,143857,95.29,0
456,1050.782,"Mount",-0.069,0.332,0.327,-0.092,0.324,-0.034,136,W,15,N,,,148236,94.72,0
457,1053.130,"Mount",0.048,0.168,0.127,-0.120,0.255,-0.045,107,W,19,N,,,149217,91.82,0
458,1055.659,"Mount",-0.012,0.176,0.162,-0.071,0.311,-0.027,130,W,12,N,,,144007,89.96,0
459,1057.857,"Mount",-0.017,-0.002,0.006,0.016,0.241,0.000,101,W,0,,,,140939,87.00,0
460,1060.373,"Mount",-0.016,0.222,0.204,-0.089,0.335,-0.032,140,W,14,N,,,134743,84.32,0
461,1062.575,"Mount",-0.071,0.061,0.087,0.035,0.270,0.000,113,W,0,,,,149383,104.09,0
462,1065.022,"Mount",0.065,0.097,0.056,-0.103,0.217,-0.037,91,W,16,N,,,141657,90.78,0
463,1067.362,"Mount",0.115,0.045,-0.013,-0.123,0.192,-0.046,80,W,20,N,,,139868,91.32,0
464,1069.703,"Mount",0.060,-0.128,-0.141,0.005,0.118,0.000,49,W,0,,,,129747,86.31,0
465,1071.860,"Mount",0.004,-0.007,-0.008,0.000,0.148,0.000,62,W,0,,,,149992,100.97,0
466,1074.221,"Mount",0.016,0.013,0.004,-0.020,0.132,0.000,55,W,0,,,,150238,99.07,0
467,1076.358,"Mount",0.131,-0.100,-0.149,-0.070,0.030,-0.025,13,W,11,N,,,137842,92.41,0
468,1078.695,"Mount",0.200,-0.145,-0.221,-0.111,-0.015,-0.041,6,E,17,N,,,132566,97.41,0
469,1080.837,"Mount",0.002,-0.013,-0.013,0.004,0.050,0.000,21,W,0,,,,146033,101.50,0
470,1083.255,"Mount",-0.197,0.022,0.111,0.165,0.099,0.059,41,W,25,S,,,145833,94.84,0
471,1085.425,"Mount",0.003,-0.172,-0.154,0.077,-0.028,0.030,12,E,13,S,,,146849,96.86,0
472,1087.817,"Mount",0.118,-0.060,-0.108,-0.077,-0.009,-0.026,4,E,11,N,,,138990,91.06,0
473,1089.971,"Mount",0.120,-0.020,-0.073,-0.098,0.011,-0.036,4,W,15,N,,,146627,90.69,0
474,1092.337,"Mount",0.011,-0.143,-0.132,0.056,-0.028,0.000,12,E,0,,,,142180,101.98,0
475,1094.400,"Mount",0.028,-0.032,-0.041,-0.010,0.017,0.000,7,W,0,,,,146262,96.51,0
476,1096.834,"Mount",-0.066,-0.203,-0.150,0.152,-0.070,0.055,29,E,23,S,,,144724,87.50,0
477,1099.000,"Mount",-0.042,-0.087,-0.057,0.078,-0.016,0.030,7,E,13,S,,,137971,90.73,0
478,1101.410,"Mount",0.069,0.061,0.022,-0.089,-0.036,-0.031,15,E,13,N,,,137276,91.32,0
479,1103.568,"Mount",-0.013,0.021,0.025,0.001,-0.038,0.000,16,E,0,,,,148307,101.19,0
480,1106.021,"Mount",0.197,-0.167,-0.239,-0.097,-0.136,-0.035,57,E,15,N,,,153294,106.04,0
481,1108.208,"Mount",-0.110,0.076,0.119,0.063,0.032,0.021,14,W,9,S,,,145616,89.41,0
482,1110.586,"Mount",-0.171,0.038,0.113,0.134,0.031,0.049,13,W,21,S,,,133231,88.79,0
483,1112.707,"Mount",-0.097,0.008,0.052,0.082,-0.010,0.032,4,E,14,S,,,146981,101.76,0
484,1115.095,"Mount",-0.148,0.087,0.146,0.091,0.080,0.034,34,W,15,S,,,139761,91.92,0
485,1117.267,"Mount",-0.125,0.019,0.074,0.102,0.050,0.038,21,W,16,S,,,142426,96.82,0
486,1119.564,"Mount",0.096,-0.125,-0.155,-0.028,-0.046,0.000,19,E,0,,,,147144,101.69,0
487,1121.718,"Mount",0.100,-0.007,-0.053,-0.085,0.019,-0.031,8,W,13,N,,,147918,91.13,0
488,1124.046,"Mount",0.089,-0.148,-0.173,-0.011,-0.062,0.000,26,E,0,,,,148287,102.76,0
489,1126.166,"Mount",-0.083,0.035,0.069,0.058,0.035,0.000,14,W,0,,,,129378,89.39,0
490,1128.446,"Mount",-0.046,-0.027,-0.002,0.053,-0.003,0.000,1,E,0,,,,144147,105.98,0
491,1130.644,"Mount",-0.131,-0.025,0.038,0.128,-0.006,0.046,3,E,20,S,,,123157,84.16,0
492,1133.041,"Mount",0.111,-0.069,-0.112,-0.066,-0.065,-0.022,27,E,9,N,,,142206,89.24,0
493,1135.197,"Mount",0.115,-0.002,-0.055,-0.101,-0.023,-0.037,10,E,16,N,,,144276,95.73,0
494,1137.585,"Mount",0.127,0.041,-0.022,-0.131,-0.034,-0.049,14,E,21,N,,,139429,89.47,0
495,1139.690,"Mount",0.046,-0.046,-0.062,-0.019,-0.076,0.000,32,E,0,,,,142345,102.14,0
496,1142.048,"Mount",-0.022,-0.059,-0.042,0.047,-0.059,0.000,25,E,0,,,,127592,81.30,0
497,1144.176,"Mount",-0.015,0.074,0.072,-0.021,-0.025,0.000,11,E,0,,,,142080,98.23,0
498,1146.501,"Mount",0.022,0.037,0.023,-0.036,-0.066,0.000,28,E,0,,,,150776,97.83,0
499,1148.656,"Mount",0.184,0.010,-0.076,-0.168,-0.098,-0.061,41,E,26,N,,,140379,82.65,0
500,1151.067,"Mount",0.102,0.080,0.024,-0.128,-0.052,-0.048,22,E,21,N,,,155643,95.05,0
501,1153.279,"Mount",0.136,0.021,-0.044,-0.130,-0.042,-0.049,18,E,21,N,,,138770,91.25,0
502,1155.718,"Mount",0.194,-0.019,-0.106,-0.163,-0.076,-0.061,32,E,26,N,,,148525,109.70,0
503,1157.890,"Mount",-0.052,-0.052,-0.022,0.070,-0.011,0.023,5,E,10,S,,,153230,129.55,0
504,1160.241,"Mount",-0.112,-0.006,0.046,0.102,0.001,0.038,1,W,16,S,,,155529,99.95,0
505,1162.420,"Mount",-0.185,0.118,0.190,0.110,0.105,0.041,44,W,18,S,,,132353,83.14,0
506,1164.775,"Mount",0.023,0.071,0.053,-0.054,0.046,0.000,19,W,0,,,,142883,93.65,0
507,1166.926,"Mount",-0.084,0.048,0.081,0.053,0.096,0.000,40,W,0,,,,140192,90.78,0
508,1169.301,"Mount",-0.036,0.072,0.081,-0.001,0.119,0.000,50,W,0,,,,142220,86.10,0
509,1171.438,"Mount",-0.067,0.050,0.076,0.037,0.119,0.000,50,W,0,,,,157744,104.33,0
510,1173.821,"Mount",-0.030,-0.079,-0.056,0.063,0.084,0.023,35,W,10,S,,,131252,85.44,0
511,1175.991,"Mount",0.107,-0.051,-0.094,-0.071,0.025,-0.025,11,W,11,N,,,152404,97.26,0
512,1178.347,"Mount",0.002,-0.023,-0.021,0.009,0.053,0.000,22,W,0,,,,147681,101.95,0
513,1180.430,"Mount",0.093,-0.121,-0.150,-0.026,-0.046,0.000,19,E,0,,,,149790,93.47,0
514,1182.804,"Mount",0.186,-0.230,-0.290,-0.058,-0.134,0.000,56,E,0,,,,133949,90.70,0
515,1185.052,"Mount",0.176,-0.154,-0.218,-0.085,-0.121,-0.030,51,E,13,N,,,148775,96.24,0
516,1187.445,"Mount",0.140,-0.213,-0.253,-0.026,-0.162,0.000,68,E,0,,,,141821,89.29,0
517,1189.562,"Mount",0.079,-0.206,-0.219,0.025,-0.172,0.000,72,E,0,,,,153610,104.59,0
518,1191.950,"Mount",0.041,-0.136,-0.140,0.026,-0.158,0.000,66,E,0,,,,141113,90.05,0
519,1194.165,"Mount",0.035,-0.149,-0.149,0.038,-0.181,0.000,76,E,0,,,,153560,95.45,0
520,1196.699,"Mount",0.181,-0.512,-0.538,0.076,-0.378,0.027,158,E,12,S,,,146906,100.28,0
521,1198.824,"Mount",-0.038,-0.045,-0.022,0.054,-0.152,0.000,64,E,0,,,,133198,96.63,0
522,1201.318,"Mount",-0.013,-0.330,-0.287,0.164,-0.295,0.059,124,E,25,S,,,153129,103.61,0
523,1203.500,"Mount",0.028,0.015,0.001,-0.032,-0.172,0.000,72,E,0,,,,129793,100.11,0
524,1205.905,"Mount",0.049,-0.072,-0.087,-0.011,-0.191,0.000,80,E,0,,,,142456,98.69,0
525,1208.056,"Mount",-0.013,0.074,0.072,-0.023,-0.113,0.000,47,E,0,,,,149179,96.76,0
526,1210.457,"Mount",0.071,-0.212,-0.221,0.035,-0.235,0.000,98,E,0,,,,145389,97.25,0
527,1212.710,"Mount",0.132,-0.051,-0.105,-0.094,-0.168,-0.034,70,E,14,N,,,134249,85.39,0
528,1215.208,"Mount",-0.047,-0.172,-0.131,0.121,-0.187,0.042,78,E,18,S,,,147548,97.19,0
529,1217.362,"Mount",-0.059,-0.010,0.019,0.057,-0.106,0.000,44,E,0,,,,148853,95.48,0
530,1219.782,"Mount",-0.138,-0.062,0.009,0.151,-0.102,0.054,43,E,23,S,,,139719,87.06,0
531,1221.902,"Mount",-0.133,0.256,0.289,-0.001,0.048,0.000,20,W,0,,,,149635,92.00,0
532,1224.262,"Mount",-0.084,0.346,0.346,-0.085,0.107,-0.031,45,W,13,N,,,137366,92.37,0
533,1226.406,"Mount",-0.052,0.318,0.306,-0.101,0.100,-0.037,42,W,16,N,,,144120,102.21,0
534,1228.816,"Mount",0.000,0.255,0.226,-0.118,0.066,-0.044,27,W,19,N,,,142525,99.51,0
535,1231.002,"Mount",0.007,0.176,0.153,-0.087,0.076,-0.033,32,W,14,N,,,143091,92.01,0
536,1233.412,"Mount",0.120,0.069,0.006,-0.138,-0.003,-0.051,1,E,22,N,,,144026,102.79,0
537,1235.595,"Mount",0.079,0.020,-0.018,-0.079,-0.025,-0.031,10,E,13,N,,,151445,102.91,0
538,1238.048,"Mount",-0.055,-0.170,-0.126,0.127,-0.101,0.044,42,E,19,S,,,145626,94.21,0
539,1240.172,"Mount",0.027,-0.053,-0.059,0.001,-0.083,0.000,35,E,0,,,,139594,80.47,0
540,1242.579,"Mount",0.148,-0.167,-0.217,-0.054,-0.212,0.000,89,E,0,,,,131611,96.64,0
541,1244.823,"Mount",0.159,-0.065,-0.131,-0.111,-0.199,-0.040,83,E,17,N,,,147930,91.19,0
542,1247.273,"Mount",0.090,-0.092,-0.123,-0.037,-0.217,0.000,91,E,0,,,,140140,95.65,0
543,1249.504,"Mount",0.110,-0.084,-0.125,-0.059,-0.225,0.000,94,E,0,,,,152943,106.14,0
544,1251.926,"Mount",0.074,-0.185,-0.198,0.019,-0.270,0.000,113,E,0,,,,144439,101.97,0
545,1254.180,"Mount",0.206,-0.342,-0.399,-0.025,-0.366,0.000,153,E,0,,,,131310,78.98,0
546,1256.583,"Mount",0.042,-0.155,-0.157,0.034,-0.275,0.000,115,E,0,,,,151697,111.34,0
547,1258.792,"Mount",0.136,-0.281,-0.312,0.009,-0.354,0.000,148,E,0,,,,138501,91.53,0
548,1261.287,"Mount",0.238,-0.275,-0.354,-0.084,-0.395,-0.030,166,E,13,N,,,146607,95.65,0
549,1263.599,"Mount",0.195,-0.126,-0.201,-0.115,-0.343,-0.042,144,E,18,N,,,139236,97.44,0
550,1266.100,"Mount",0.062,-0.163,-0.173,0.021,-0.374,0.000,157,E,0,,,,139123,90.97,0
551,1268.344,"Mount",0.026,-0.154,-0.148,0.048,-0.366,0.000,153,E,0,,,,137329,95.88,0
552,1270.801,"Mount",0.033,-0.090,-0.096,0.012,-0.362,0.000,152,E,0,,,,154096,102.54,0
553,1273.050,"Mount",-0.106,0.016,0.063,0.087,-0.275,0.031,115,E,13,S,,,148277,95.48,0
554,1275.491,"Mount",-0.079,0.140,0.160,0.005,-0.227,0.000,95,E,0,,,,139422,83.68,0
555,1277.754,"Mount",-0.141,0.126,0.177,0.067,-0.178,0.024,75,E,10,S,,,142313,91.62,0
556,1280.150,"Mount",-0.299,0.322,0.424,0.117,-0.025,0.043,11,E,18,S,,,132059,84.47,0
557,1282.302,"Mount",-0.038,0.181,0.178,-0.050,-0.090,0.000,38,E,0,,,,131388,82.21,0
558,1284.775,"Mount",-0.096,0.452,0.445,-0.124,0.080,-0.045,33,W,19,N,,,145425,104.57,0
559,1289.140,"Mount",0.031,0.328,0.277,-0.179,0.049,-0.066,20,W,28,N,,,149720,94.67,0
560,1291.304,"Mount",-0.059,0.251,0.250,-0.064,0.095,-0.026,40,W,11,N,,,147030,99.15,0
Guiding Ends at 2026-04-22 21:56:59

Guiding Begins at 2026-04-22 21:58:02
Equipment Profile = 60mmGuide
Dither = both axes, Dither scale = 1.000, Image noise reduction = none, Guide-frame time lapse = 0, Server enabled
Pixel scale = 3.22 arc-sec/px, Binning = 1, Focal length = 240 mm
Search region = 25 px, Star mass tolerance = 50.0%, Multi-star mode, list size = 12
 Camera = ZWO ASI120MM Mini, gain = 37, full size = 1280 x 960, have dark, dark dur = 2000, no defect map, pixel size = 3.8 um
Exposure = 2000 ms
Mount = iOptron CEM120,70,40,26, GEM, HEM, HAE, HAZ series and SkyHunter Mount (ASCOM), connected, guiding enabled, xAngle = 117.4, xRate = 1.749, yAngle = -152.7, yRate = 2.338, parity = +/+
Norm rates RA = 8.3"/s @ dec 0, Dec = 7.5"/s; ortho.err. = 0.1 deg
X guide algorithm = Predictive PEC, Control gain = 0.450
Prediction gain = 0.750
Minimum move = 0.060
Hyperparameters
	Length scale long range SE kernel = 700.000
	Signal variance long range SE kernel = 20.000
	Length scale periodic kernel = 10.000
	Signal variance periodic kernel = 20.000
	Length scale short range SE kernel = 25.000
	Signal variance short range SE kernel = 10.000
	Period length periodic kernel = 348.000
	FFT called after = 2.000 worm cycles
	Auto-adjust period length = Off
Y guide algorithm = Hysteresis, Hysteresis = 0.100, Aggression = 0.400, Minimum move = 0.060
Backlash comp = disabled, pulse = 100 ms
Max RA duration = 2500, Max DEC duration = 2500, DEC guide mode = Auto
RA Guide Speed = 7.5 a-s/s, Dec Guide Speed = 7.5 a-s/s, Cal Dec = 0.0, Last Cal Issue = None, Timestamp = 7/29/2025 9:33:42 PM
RA = 13.52 hr, Dec = 47.1 deg, Hour angle = -3.10 hr, Pier side = West, Rotator pos = N/A, Alt = 51.5 deg, Az = 52.5 deg
Lock position = 303.732, 71.681, Star position = 303.732, 71.681, HFD = 4.73 px
Frame,Time,mount,dx,dy,RARawDistance,DECRawDistance,RAGuideDistance,DECGuideDistance,RADuration,RADirection,DECDuration,DECDirection,XStep,YStep,StarMass,SNR,ErrorCode
INFO: SETTLING STATE CHANGE, Settling started
1,2.254,"Mount",0.003,-0.099,-0.089,0.043,-0.040,0.000,23,E,0,,,,392082,124.66,0
2,4.774,"Mount",-0.030,0.359,0.333,-0.139,0.150,-0.050,86,W,21,N,,,390764,119.98,0
3,6.926,"Mount",-0.083,0.246,0.256,-0.040,0.115,0.000,66,W,0,,,,399510,128.07,0
4,9.382,"Mount",-0.157,0.393,0.421,-0.042,0.189,0.000,108,W,0,,,,425864,152.64,0
5,11.634,"Mount",0.017,0.272,0.234,-0.141,0.105,-0.051,60,W,22,N,,,447909,141.42,0
6,14.204,"Mount",-0.003,0.269,0.240,-0.122,0.108,-0.046,62,W,20,N,,,394337,129.20,0
7,16.322,"Mount",0.173,0.085,-0.004,-0.192,0.000,-0.071,0,,30,N,,,436308,127.28,0
8,18.708,"Mount",0.011,0.157,0.134,-0.082,0.060,-0.033,35,W,14,N,,,430903,146.89,0
9,20.880,"Mount",-0.244,0.011,0.122,0.211,0.055,0.075,31,W,32,S,,,422380,135.26,0
INFO: SETTLING STATE CHANGE, Settling complete
10,23.327,"Mount",-0.222,0.263,0.336,0.075,0.151,0.030,86,W,13,S,,,422321,132.16,0
11,25.859,"Mount",-0.036,0.206,0.200,-0.063,0.081,-0.022,46,W,9,N,,,402101,130.44,0
12,33.136,"Mount",-0.109,0.403,0.408,-0.089,0.169,-0.033,97,W,14,N,,,423336,147.73,0
13,35.490,"Mount",-0.078,0.043,0.074,0.050,0.039,0.000,22,W,0,,,,393739,143.02,0
14,37.736,"Mount",-0.059,0.202,0.206,-0.041,0.099,0.000,57,W,0,,,,376900,133.68,0
15,40.113,"Mount",0.063,0.086,0.047,-0.096,0.009,-0.034,5,W,15,N,,,393792,127.52,0
16,42.130,"Mount",-0.013,0.002,0.008,0.011,-0.000,0.000,0,,0,,,,429275,143.26,0
17,44.406,"Mount",0.073,-0.011,-0.043,-0.060,-0.001,0.000,0,,0,,,,429355,148.35,0
18,46.563,"Mount",0.021,0.048,0.033,-0.041,-0.006,0.000,3,E,0,,,,392906,132.10,0
19,48.850,"Mount",0.014,-0.002,-0.008,-0.011,-0.007,0.000,4,E,0,,,,410831,146.71,0
20,50.859,"Mount",-0.017,-0.044,-0.031,0.036,-0.000,0.000,0,,0,,,,418531,134.59,0
21,53.232,"Mount",-0.034,0.078,0.085,-0.006,0.035,0.000,20,W,0,,,,422565,145.67,0
22,55.423,"Mount",0.078,0.115,0.066,-0.123,0.028,-0.044,16,W,19,N,,,431889,154.29,0
23,57.714,"Mount",0.017,0.047,0.034,-0.037,0.007,0.000,4,W,0,,,,422657,134.19,0
24,59.822,"Mount",-0.058,0.034,0.057,0.036,0.008,0.000,5,W,0,,,,424850,148.91,0
25,62.135,"Mount",-0.025,0.101,0.101,-0.025,0.050,0.000,28,W,0,,,,416495,152.92,0
26,64.253,"Mount",-0.068,0.117,0.136,0.006,0.064,0.000,37,W,0,,,,422622,142.64,0
27,66.635,"Mount",0.010,0.147,0.125,-0.077,0.058,-0.028,33,W,12,N,,,390758,123.08,0
28,68.725,"Mount",-0.069,0.133,0.150,0.000,0.069,0.000,39,W,0,,,,418287,149.39,0
29,71.049,"Mount",-0.011,0.132,0.122,-0.052,0.059,0.000,34,W,0,,,,418356,134.62,0
30,73.225,"Mount",-0.159,0.099,0.161,0.095,0.076,0.034,43,W,15,S,,,447484,130.97,0
31,75.511,"Mount",0.017,0.046,0.033,-0.037,0.007,0.000,4,W,0,,,,383043,116.60,0
32,77.660,"Mount",0.060,0.033,0.002,-0.069,0.009,-0.025,5,W,11,N,,,394920,118.37,0
33,80.027,"Mount",-0.127,-0.040,0.023,0.131,0.009,0.046,5,W,20,S,,,413419,126.72,0
34,82.115,"Mount",-0.064,0.029,0.055,0.043,-0.006,0.000,3,E,0,,,,412123,142.86,0
35,84.397,"Mount",-0.048,0.011,0.031,0.038,-0.007,0.000,4,E,0,,,,430948,129.12,0
36,86.411,"Mount",-0.034,-0.034,-0.015,0.046,0.000,0.000,0,,0,,,,429080,122.98,0
37,88.835,"Mount",-0.003,-0.229,-0.202,0.108,-0.082,0.039,47,E,17,S,,,403790,152.83,0
38,90.973,"Mount",0.129,-0.236,-0.269,-0.005,-0.109,0.000,62,E,0,,,,390048,120.52,0
39,93.355,"Mount",0.212,-0.351,-0.410,-0.026,-0.169,0.000,97,E,0,,,,417449,158.25,0
40,95.543,"Mount",0.187,-0.221,-0.282,-0.064,-0.117,-0.023,67,E,10,N,,,429765,133.18,0
41,97.943,"Mount",0.263,-0.435,-0.508,-0.032,-0.236,0.000,135,E,0,,,,440992,164.61,0
42,100.124,"Mount",0.167,-0.092,-0.159,-0.106,-0.090,-0.038,51,E,16,N,,,435580,141.74,0
43,102.552,"Mount",0.119,-0.334,-0.352,0.049,-0.168,0.000,96,E,0,,,,422482,139.50,0
44,104.690,"Mount",0.144,-0.303,-0.335,0.012,-0.153,0.000,87,E,0,,,,440836,155.97,0
45,107.057,"Mount",0.141,-0.201,-0.243,-0.032,-0.101,0.000,58,E,0,,,,390034,134.54,0
46,109.207,"Mount",0.148,-0.125,-0.179,-0.074,-0.071,-0.027,41,E,11,N,,,441094,142.51,0
47,111.605,"Mount",0.057,-0.176,-0.182,0.031,-0.089,0.000,51,E,0,,,,431312,161.03,0
48,113.665,"Mount",-0.034,-0.057,-0.035,0.056,-0.009,0.000,5,E,0,,,,408955,136.66,0
49,116.127,"Mount",0.072,0.011,-0.023,-0.069,-0.014,-0.025,8,E,11,N,,,433404,153.79,0
50,118.343,"Mount",0.064,0.022,-0.010,-0.066,-0.012,-0.025,7,E,11,N,,,428741,147.14,0
51,120.656,"Mount",0.042,-0.047,-0.061,-0.015,-0.037,0.000,21,E,0,,,,415138,138.20,0
52,122.717,"Mount",-0.036,-0.044,-0.022,0.052,0.009,0.000,5,W,0,,,,409935,148.83,0
53,125.087,"Mount",-0.076,-0.083,-0.039,0.106,0.013,0.038,7,W,16,S,,,410162,130.62,0
54,127.327,"Mount",-0.084,-0.021,0.020,0.084,0.016,0.032,9,W,14,S,,,400151,129.51,0
55,129.758,"Mount",-0.069,-0.038,-0.002,0.079,0.019,0.030,11,W,13,S,,,424926,150.46,0
56,131.923,"Mount",0.090,-0.119,-0.147,-0.025,-0.052,0.000,30,E,0,,,,387028,126.88,0
57,134.242,"Mount",0.064,-0.140,-0.154,0.008,-0.055,0.000,31,E,0,,,,391974,129.59,0
58,136.359,"Mount",0.031,-0.189,-0.182,0.059,-0.090,0.000,51,E,0,,,,422647,150.78,0
59,138.750,"Mount",0.162,-0.129,-0.189,-0.084,-0.095,-0.030,54,E,13,N,,,426257,154.86,0
60,140.968,"Mount",0.045,-0.329,-0.313,0.112,-0.155,0.039,89,E,17,S,,,437246,138.99,0
61,143.326,"Mount",0.114,-0.181,-0.213,-0.017,-0.116,0.000,66,E,0,,,,403139,141.68,0
62,145.450,"Mount",0.132,-0.183,-0.223,-0.032,-0.120,0.000,68,E,0,,,,410810,152.71,0
63,147.937,"Mount",0.074,-0.275,-0.278,0.061,-0.144,0.022,82,E,9,S,,,422582,123.28,0
64,150.077,"Mount",0.152,-0.220,-0.265,-0.033,-0.134,0.000,77,E,0,,,,437934,138.72,0
65,152.413,"Mount",0.056,-0.233,-0.232,0.058,-0.096,0.000,55,E,0,,,,434430,168.46,0
66,154.546,"Mount",0.139,-0.349,-0.374,0.038,-0.149,0.000,85,E,0,,,,451352,174.09,0
67,157.005,"Mount",0.201,-0.383,-0.432,-0.001,-0.181,0.000,103,E,0,,,,421815,135.69,0
68,159.275,"Mount",0.286,-0.570,-0.637,0.010,-0.265,0.000,151,E,0,,,,404481,126.33,0
69,161.685,"Mount",0.179,-0.340,-0.385,-0.002,-0.216,0.000,123,E,0,,,,383236,138.04,0
70,163.932,"Mount",0.122,-0.378,-0.392,0.066,-0.221,0.024,126,E,10,S,,,420555,164.30,0
71,166.409,"Mount",0.113,-0.231,-0.257,0.006,-0.187,0.000,107,E,0,,,,429736,140.69,0
72,168.629,"Mount",0.210,-0.431,-0.479,0.013,-0.273,0.000,156,E,0,,,,392181,133.17,0
73,171.206,"Mount",0.247,-0.284,-0.366,-0.088,-0.187,-0.032,107,E,14,N,,,378694,122.57,0
74,173.341,"Mount",0.109,-0.210,-0.237,0.000,-0.124,0.000,71,E,0,,,,423635,139.17,0
75,175.676,"Mount",0.086,-0.267,-0.277,0.047,-0.126,0.000,72,E,0,,,,428813,148.34,0
76,177.848,"Mount",0.067,-0.203,-0.211,0.034,-0.094,0.000,54,E,0,,,,436911,143.77,0
77,180.170,"Mount",0.071,-0.133,-0.150,-0.001,-0.060,0.000,34,E,0,,,,428863,136.23,0
78,182.273,"Mount",0.042,-0.097,-0.105,0.008,-0.006,0.000,4,E,0,,,,401003,120.39,0
79,184.580,"Mount",0.114,-0.129,-0.166,-0.041,-0.023,0.000,13,E,0,,,,432939,163.32,0
80,186.685,"Mount",0.111,-0.152,-0.186,-0.028,-0.060,0.000,34,E,0,,,,402847,152.47,0
81,189.031,"Mount",0.119,-0.261,-0.286,0.015,-0.102,0.000,58,E,0,,,,425390,143.24,0
82,191.146,"Mount",0.050,-0.062,-0.078,-0.016,-0.074,0.000,42,E,0,,,,428601,128.36,0
83,193.558,"Mount",0.074,0.015,-0.021,-0.073,-0.047,-0.026,27,E,11,N,,,414916,139.48,0
84,195.686,"Mount",0.077,-0.001,-0.036,-0.067,-0.046,-0.025,26,E,11,N,,,445669,137.46,0
85,198.021,"Mount",-0.023,0.059,0.063,-0.007,-0.022,0.000,13,E,0,,,,452681,141.54,0
86,200.107,"Mount",0.035,0.022,0.003,-0.041,-0.042,0.000,24,E,0,,,,414010,135.69,0
87,202.476,"Mount",-0.107,-0.042,0.012,0.115,0.019,0.041,11,W,18,S,,,416391,136.95,0
88,204.570,"Mount",-0.081,0.048,0.080,0.050,0.059,0.000,34,W,0,,,,376340,126.19,0
89,206.876,"Mount",0.016,-0.010,-0.016,-0.010,0.033,0.000,19,W,0,,,,422197,136.06,0
90,208.995,"Mount",-0.054,-0.178,-0.133,0.130,-0.018,0.047,10,E,20,S,,,428455,149.97,0
91,211.280,"Mount",0.047,0.023,-0.002,-0.052,0.013,0.000,7,W,0,,,,422877,156.27,0
92,213.351,"Mount",-0.016,-0.037,-0.025,0.032,0.011,0.000,6,W,0,,,,390864,133.63,0
93,215.670,"Mount",0.090,-0.047,-0.083,-0.058,-0.053,0.000,30,E,0,,,,430600,151.03,0
94,217.761,"Mount",-0.005,-0.014,-0.011,0.011,-0.023,0.000,13,E,0,,,,426101,154.32,0
95,220.132,"Mount",0.084,0.076,0.029,-0.109,-0.027,-0.039,16,E,17,N,,,412403,132.76,0
96,222.295,"Mount",0.100,-0.037,-0.079,-0.071,-0.050,-0.027,29,E,12,N,,,424789,132.40,0
97,224.598,"Mount",-0.021,0.112,0.110,-0.033,0.028,0.000,16,W,0,,,,415631,139.62,0
98,226.732,"Mount",-0.211,0.110,0.195,0.137,0.072,0.049,41,W,21,S,,,417936,148.72,0
99,229.239,"Mount",-0.229,0.270,0.345,0.078,0.140,0.030,80,W,13,S,,,409813,141.92,0
100,231.404,"Mount",-0.107,0.283,0.300,-0.035,0.164,0.000,94,W,0,,,,405661,130.30,0
101,233.847,"Mount",-0.072,0.270,0.273,-0.061,0.160,-0.022,91,W,9,N,,,466335,170.14,0
102,236.013,"Mount",-0.155,0.208,0.256,0.041,0.174,0.000,100,W,0,,,,414627,135.87,0
103,238.449,"Mount",-0.023,0.157,0.150,-0.052,0.132,0.000,75,W,0,,,,393155,131.26,0
104,240.617,"Mount",-0.046,0.143,0.148,-0.025,0.125,0.000,71,W,0,,,,429207,140.11,0
105,243.029,"Mount",0.045,0.188,0.146,-0.127,0.089,-0.046,51,W,20,N,,,438302,147.09,0
106,245.289,"Mount",-0.301,0.205,0.321,0.172,0.152,0.060,87,W,26,S,,,407406,130.62,0
107,247.691,"Mount",-0.036,0.332,0.311,-0.121,0.092,-0.041,53,W,18,N,,,405210,140.47,0
108,249.868,"Mount",-0.074,0.314,0.312,-0.079,0.086,-0.030,49,W,13,N,,,424987,119.46,0
109,252.252,"Mount",-0.102,0.157,0.186,0.018,0.084,0.000,48,W,0,,,,382562,124.63,0
110,254.401,"Mount",-0.194,0.279,0.337,0.043,0.145,0.000,83,W,0,,,,413217,118.75,0
111,256.730,"Mount",-0.061,0.119,0.134,-0.000,0.087,0.000,50,W,0,,,,403139,139.20,0
112,258.841,"Mount",0.006,0.113,0.098,-0.057,0.072,0.000,41,W,0,,,,421872,144.98,0
113,261.191,"Mount",-0.029,0.103,0.105,-0.022,0.095,0.000,54,W,0,,,,420656,157.40,0
114,263.296,"Mount",0.016,-0.023,-0.028,-0.003,0.044,0.000,25,W,0,,,,441537,155.06,0
115,265.565,"Mount",0.057,-0.123,-0.135,0.006,-0.015,0.000,9,E,0,,,,427574,137.52,0
116,267.714,"Mount",0.116,-0.057,-0.104,-0.077,-0.045,-0.028,26,E,12,N,,,402209,123.41,0
117,270.108,"Mount",0.165,-0.053,-0.123,-0.121,-0.066,-0.045,38,E,19,N,,,420611,130.79,0
118,272.222,"Mount",0.014,-0.131,-0.123,0.048,-0.125,0.000,72,E,0,,,,408262,147.82,0
119,274.696,"Mount",-0.085,-0.120,-0.067,0.131,-0.115,0.047,66,E,20,S,,,415732,127.35,0
120,276.862,"Mount",-0.073,-0.041,-0.003,0.083,-0.054,0.032,31,E,14,S,,,408496,124.35,0
121,279.183,"Mount",-0.037,0.021,0.036,0.023,-0.055,0.000,32,E,0,,,,412735,151.40,0
122,281.258,"Mount",0.026,0.024,0.010,-0.034,-0.009,0.000,5,E,0,,,,395159,141.85,0
123,283.543,"Mount",-0.001,0.031,0.028,-0.014,-0.004,0.000,2,E,0,,,,411700,152.84,0
124,285.661,"Mount",-0.121,0.165,0.202,0.031,0.091,0.000,52,W,0,,,,392770,121.07,0
125,288.169,"Mount",-0.108,0.022,0.070,0.085,0.038,0.031,22,W,13,S,,,420387,146.33,0
126,290.366,"Mount",-0.084,0.207,0.222,-0.021,0.105,0.000,60,W,0,,,,419053,134.71,0
127,292.736,"Mount",-0.084,0.260,0.270,-0.046,0.130,0.000,74,W,0,,,,401689,131.83,0
128,294.963,"Mount",-0.224,0.295,0.365,0.062,0.166,0.022,95,W,10,S,,,424184,136.05,0
129,297.405,"Mount",-0.081,0.296,0.300,-0.065,0.157,-0.022,90,W,10,N,,,388258,135.52,0
130,299.577,"Mount",-0.112,0.324,0.339,-0.050,0.164,0.000,94,W,0,,,,431897,143.84,0
131,302.067,"Mount",-0.068,0.347,0.339,-0.100,0.171,-0.036,98,W,15,N,,,389806,125.64,0
132,304.211,"Mount",-0.136,0.232,0.268,0.014,0.126,0.000,72,W,0,,,,391360,120.66,0
133,306.708,"Mount",-0.080,0.311,0.313,-0.073,0.162,-0.026,93,W,11,N,,,417763,139.36,0
134,308.970,"Mount",-0.340,0.318,0.439,0.155,0.197,0.055,113,W,23,S,,,418837,136.60,0
135,311.397,"Mount",-0.112,0.265,0.286,-0.023,0.143,0.000,82,W,0,,,,442655,153.69,0
136,313.638,"Mount",-0.015,0.204,0.188,-0.081,0.084,-0.029,48,W,12,N,,,434379,134.98,0
137,315.989,"Mount",-0.100,0.099,0.134,0.043,0.079,0.000,45,W,0,,,,415525,146.82,0
138,318.164,"Mount",-0.225,0.046,0.145,0.178,0.067,0.064,38,W,27,S,,,422748,126.25,0
139,320.498,"Mount",-0.033,-0.076,-0.053,0.064,-0.013,0.026,7,E,11,S,,,406491,126.95,0
140,322.648,"Mount",-0.180,0.100,0.171,0.114,0.018,0.042,10,W,18,S,,,406903,145.49,0
141,324.976,"Mount",0.020,0.145,0.119,-0.084,-0.020,-0.029,11,E,12,N,,,433618,154.13,0
142,327.102,"Mount",-0.227,0.339,0.406,0.045,0.116,0.000,67,W,0,,,,420862,138.24,0
143,329.447,"Mount",-0.150,0.064,0.126,0.103,-0.006,0.037,3,E,16,S,,,403163,135.90,0
144,331.598,"Mount",0.054,0.150,0.109,-0.117,0.059,-0.041,34,W,17,N,,,420583,138.26,0
145,333.964,"Mount",0.047,-0.084,-0.096,-0.003,-0.022,0.000,13,E,0,,,,423294,135.70,0
146,336.094,"Mount",0.191,-0.004,-0.091,-0.168,-0.019,-0.060,11,E,26,N,,,434471,183.80,0
147,338.487,"Mount",0.113,-0.070,-0.114,-0.068,-0.022,-0.027,13,E,11,N,,,423515,133.75,0
148,340.570,"Mount",0.022,0.074,0.056,-0.053,0.032,0.000,18,W,0,,,,405824,147.07,0
149,342.997,"Mount",0.013,0.142,0.120,-0.077,0.070,-0.028,40,W,12,N,,,419837,134.58,0
150,345.103,"Mount",0.010,-0.113,-0.105,0.044,-0.021,0.000,12,E,0,,,,400374,125.12,0
151,347.421,"Mount",0.017,-0.052,-0.054,0.009,0.042,0.000,24,W,0,,,,405207,124.38,0
152,349.473,"Mount",-0.002,-0.076,-0.067,0.037,0.013,0.000,7,W,0,,,,426867,143.46,0
153,351.867,"Mount",0.099,0.001,-0.044,-0.088,0.028,-0.032,16,W,14,N,,,435034,156.68,0
154,354.026,"Mount",-0.108,-0.116,-0.053,0.150,0.026,0.053,15,W,23,S,,,397763,128.88,0
155,356.422,"Mount",0.083,-0.096,-0.123,-0.029,-0.025,0.000,14,E,0,,,,390639,128.07,0
156,358.633,"Mount",-0.090,-0.130,-0.074,0.140,-0.007,0.051,4,E,22,S,,,419729,130.92,0
157,360.929,"Mount",0.039,-0.007,-0.024,-0.032,0.026,0.000,15,W,0,,,,422116,132.58,0
158,363.087,"Mount",-0.012,0.066,0.064,-0.020,0.051,0.000,29,W,0,,,,418954,143.15,0
159,365.395,"Mount",-0.013,-0.016,-0.008,0.019,0.025,0.000,14,W,0,,,,419210,139.23,0
160,367.478,"Mount",-0.046,-0.037,-0.012,0.058,0.029,0.000,17,W,0,,,,407023,146.51,0
161,369.786,"Mount",-0.003,-0.047,-0.040,0.024,0.030,0.000,17,W,0,,,,398968,128.30,0
162,371.962,"Mount",-0.037,-0.115,-0.085,0.086,-0.009,0.031,5,E,13,S,,,415723,132.24,0
163,374.347,"Mount",0.134,0.028,-0.037,-0.132,0.026,-0.046,15,W,20,N,,,420800,146.75,0
164,376.400,"Mount",-0.001,0.060,0.054,-0.027,0.018,0.000,10,W,0,,,,411691,129.95,0
165,378.799,"Mount",0.051,-0.263,-0.257,0.076,-0.096,0.027,55,E,12,S,,,399844,144.18,0
166,380.873,"Mount",-0.045,0.027,0.044,0.027,0.010,0.000,5,W,0,,,,415164,138.24,0
167,383.204,"Mount",0.087,-0.138,-0.162,-0.013,-0.068,0.000,39,E,0,,,,418699,131.37,0
168,385.281,"Mount",0.043,-0.060,-0.073,-0.010,-0.032,0.000,18,E,0,,,,397529,126.48,0
169,387.648,"Mount",0.101,-0.015,-0.060,-0.082,-0.021,-0.030,12,E,13,N,,,428743,138.92,0
170,389.730,"Mount",-0.028,-0.040,-0.022,0.043,-0.023,0.000,13,E,0,,,,390298,134.99,0
171,392.049,"Mount",-0.004,-0.116,-0.101,0.057,-0.064,0.000,37,E,0,,,,403660,136.50,0
172,394.095,"Mount",-0.002,0.008,0.008,-0.002,-0.017,0.000,10,E,0,,,,390336,122.49,0
173,396.373,"Mount",-0.067,-0.033,0.001,0.075,-0.001,0.027,0,,11,S,,,412483,132.62,0
174,398.442,"Mount",0.027,-0.090,-0.092,0.018,-0.034,0.000,19,E,0,,,,407822,136.19,0
175,400.764,"Mount",-0.070,0.046,0.073,0.041,0.050,0.000,29,W,0,,,,432555,136.39,0
176,402.872,"Mount",-0.047,0.062,0.077,0.013,0.059,0.000,34,W,0,,,,429181,146.58,0
177,405.171,"Mount",0.044,-0.052,-0.067,-0.015,0.008,0.000,5,W,0,,,,397710,142.67,0
178,407.300,"Mount",0.000,0.042,0.037,-0.020,0.034,0.000,20,W,0,,,,413230,122.65,0
179,409.628,"Mount",-0.011,0.093,0.088,-0.034,0.078,0.000,45,W,0,,,,418984,140.73,0
180,411.744,"Mount",-0.033,0.060,0.069,0.001,0.064,0.000,37,W,0,,,,402521,131.37,0
181,414.045,"Mount",0.039,0.012,-0.007,-0.040,0.034,0.000,20,W,0,,,,395882,142.61,0
182,416.120,"Mount",0.044,0.044,0.018,-0.059,0.031,0.000,18,W,0,,,,395166,138.83,0
183,418.428,"Mount",0.069,-0.014,-0.044,-0.055,0.027,0.000,15,W,0,,,,398718,123.53,0
184,420.551,"Mount",-0.070,0.101,0.122,0.016,0.067,0.000,39,W,0,,,,411827,134.46,0
185,422.878,"Mount",0.047,-0.123,-0.131,0.015,-0.050,0.000,29,E,0,,,,391205,123.39,0
186,424.954,"Mount",0.005,-0.031,-0.029,0.010,-0.003,0.000,2,E,0,,,,413719,138.32,0
187,427.254,"Mount",0.014,-0.008,-0.013,-0.009,-0.015,0.000,8,E,0,,,,408987,127.16,0
188,429.354,"Mount",0.000,-0.114,-0.102,0.052,-0.067,0.000,38,E,0,,,,407688,149.81,0
189,431.723,"Mount",-0.050,-0.047,-0.018,0.066,-0.036,0.024,21,E,10,S,,,423525,141.73,0
190,433.834,"Mount",0.060,-0.088,-0.106,-0.012,-0.091,0.000,52,E,0,,,,393446,117.84,0
191,436.203,"Mount",0.087,-0.119,-0.146,-0.022,-0.115,0.000,66,E,0,,,,389897,138.31,0
192,438.331,"Mount",0.073,-0.110,-0.131,-0.014,-0.115,0.000,66,E,0,,,,398375,122.23,0
193,440.673,"Mount",-0.024,0.009,0.019,0.017,-0.065,0.000,37,E,0,,,,413690,129.70,0
194,442.794,"Mount",0.007,-0.033,-0.033,0.009,-0.072,0.000,41,E,0,,,,411312,126.57,0
195,445.184,"Mount",0.082,-0.139,-0.161,-0.009,-0.148,0.000,85,E,0,,,,422573,143.86,0
196,447.358,"Mount",0.129,-0.095,-0.144,-0.071,-0.119,-0.025,68,E,11,N,,,413086,149.00,0
197,449.711,"Mount",0.103,-0.102,-0.138,-0.044,-0.116,0.000,66,E,0,,,,417525,160.24,0
198,451.843,"Mount",0.111,-0.088,-0.129,-0.058,-0.109,0.000,62,E,0,,,,415286,143.74,0
199,454.243,"Mount",0.104,-0.066,-0.106,-0.062,-0.090,-0.022,52,E,9,N,,,421376,133.69,0
200,456.483,"Mount",0.099,-0.026,-0.069,-0.076,-0.076,-0.028,44,E,12,N,,,415608,124.47,0
201,458.975,"Mount",0.153,-0.131,-0.187,-0.075,-0.114,-0.028,65,E,12,N,,,409294,130.30,0
202,461.064,"Mount",-0.015,-0.058,-0.044,0.040,-0.031,0.000,18,E,0,,,,443336,148.22,0
203,463.383,"Mount",-0.016,-0.026,-0.015,0.026,-0.021,0.000,12,E,0,,,,429698,144.46,0
204,465.514,"Mount",-0.062,-0.066,-0.030,0.086,-0.014,0.031,8,E,13,S,,,411986,141.42,0
205,467.838,"Mount",-0.075,-0.004,0.031,0.068,-0.017,0.026,10,E,11,S,,,409630,139.22,0
206,470.015,"Mount",-0.216,0.057,0.150,0.166,0.047,0.061,27,W,26,S,,,451035,137.04,0
207,472.396,"Mount",0.013,0.123,0.103,-0.069,0.045,-0.022,26,W,10,N,,,414315,134.52,0
208,474.462,"Mount",0.030,0.032,0.015,-0.041,-0.006,0.000,4,E,0,,,,406596,123.03,0
209,476.830,"Mount",0.019,-0.066,-0.067,0.013,-0.031,0.000,18,E,0,,,,406129,130.36,0
210,479.070,"Mount",0.064,0.041,0.007,-0.076,-0.008,-0.027,5,E,12,N,,,434928,149.23,0
211,481.431,"Mount",0.106,-0.006,-0.054,-0.091,-0.029,-0.034,17,E,14,N,,,393310,132.86,0
212,483.602,"Mount",0.118,-0.079,-0.124,-0.068,-0.085,-0.026,49,E,11,N,,,394742,136.48,0
213,485.979,"Mount",0.155,-0.237,-0.282,-0.027,-0.164,0.000,94,E,0,,,,419059,143.37,0
214,488.129,"Mount",0.100,-0.216,-0.238,0.011,-0.147,0.000,84,E,0,,,,412249,148.20,0
215,490.497,"Mount",0.121,-0.149,-0.187,-0.038,-0.133,0.000,76,E,0,,,,403344,129.19,0
216,492.667,"Mount",0.110,-0.217,-0.243,0.003,-0.188,0.000,108,E,0,,,,384412,140.36,0
217,495.072,"Mount",0.125,-0.260,-0.289,0.009,-0.226,0.000,129,E,0,,,,431769,145.05,0
218,497.323,"Mount",0.026,-0.197,-0.187,0.068,-0.192,0.024,110,E,10,S,,,403646,129.31,0
219,499.862,"Mount",0.060,-0.333,-0.323,0.100,-0.277,0.037,159,E,16,S,,,409679,147.84,0
220,502.055,"Mount",0.054,-0.147,-0.156,0.020,-0.222,0.000,127,E,0,,,,400622,139.14,0
221,504.467,"Mount",0.088,-0.202,-0.220,0.015,-0.266,0.000,152,E,0,,,,425193,149.77,0
222,506.740,"Mount",0.012,-0.023,-0.026,-0.000,-0.178,0.000,102,E,0,,,,425585,155.50,0
223,509.109,"Mount",-0.021,-0.066,-0.049,0.050,-0.178,0.000,102,E,0,,,,415561,155.43,0
224,511.363,"Mount",0.161,-0.063,-0.130,-0.113,-0.202,-0.041,115,E,17,N,,,421164,149.38,0
225,513.760,"Mount",0.156,-0.191,-0.241,-0.050,-0.233,0.000,133,E,0,,,,410365,132.79,0
226,515.968,"Mount",0.193,-0.061,-0.143,-0.143,-0.151,-0.052,86,E,22,N,,,386161,112.35,0
227,518.356,"Mount",0.039,-0.148,-0.150,0.034,-0.129,0.000,74,E,0,,,,411628,130.67,0
228,520.575,"Mount",-0.023,-0.125,-0.101,0.078,-0.081,0.028,46,E,12,S,,,414914,147.40,0
229,522.884,"Mount",-0.045,-0.030,-0.006,0.054,-0.039,0.000,22,E,0,,,,421347,139.90,0
230,524.978,"Mount",0.044,-0.046,-0.061,-0.018,-0.054,0.000,31,E,0,,,,391008,125.33,0
231,527.289,"Mount",0.029,-0.176,-0.170,0.055,-0.070,0.000,40,E,0,,,,403115,142.06,0
232,529.395,"Mount",0.100,-0.116,-0.149,-0.036,-0.060,0.000,34,E,0,,,,439669,141.82,0
233,531.821,"Mount",-0.018,-0.118,-0.097,0.070,-0.065,0.025,37,E,11,S,,,418325,132.06,0
234,533.957,"Mount",0.099,-0.155,-0.183,-0.016,-0.105,0.000,60,E,0,,,,437157,172.99,0
235,536.307,"Mount",0.004,0.013,0.010,-0.010,-0.059,0.000,34,E,0,,,,408629,141.38,0
236,538.411,"Mount",-0.042,0.022,0.039,0.027,-0.055,0.000,32,E,0,,,,444864,150.40,0
237,540.869,"Mount",0.027,0.130,0.103,-0.084,-0.013,-0.030,7,E,13,N,,,411479,135.19,0
238,542.941,"Mount",-0.058,0.131,0.143,-0.009,0.014,0.000,8,W,0,,,,416794,138.27,0
239,545.247,"Mount",-0.044,0.054,0.069,0.014,-0.011,0.000,6,E,0,,,,400234,128.32,0
240,547.327,"Mount",-0.071,0.138,0.155,-0.000,0.071,0.000,40,W,0,,,,402528,142.61,0
241,549.691,"Mount",-0.080,0.046,0.078,0.050,0.041,0.000,24,W,0,,,,411753,133.40,0
242,551.776,"Mount",-0.043,0.029,0.045,0.025,0.026,0.000,15,W,0,,,,425824,148.66,0
243,554.146,"Mount",-0.074,0.000,0.035,0.066,0.026,0.024,15,W,10,S,,,400350,134.75,0
244,556.374,"Mount",0.051,0.037,0.010,-0.062,0.013,-0.022,8,W,9,N,,,414077,133.00,0
245,558.724,"Mount",0.079,0.048,0.006,-0.092,0.014,-0.034,8,W,15,N,,,417262,134.57,0
246,560.786,"Mount",0.038,0.020,0.000,-0.043,0.001,0.000,1,W,0,,,,399298,146.82,0
247,563.247,"Mount",-0.181,0.157,0.223,0.088,0.106,0.032,61,W,13,S,,,437857,150.81,0
248,565.425,"Mount",-0.000,0.144,0.128,-0.066,0.074,-0.023,43,W,10,N,,,435610,146.38,0
249,567.782,"Mount",-0.034,-0.036,-0.016,0.047,0.034,0.000,20,W,0,,,,413126,129.66,0
250,569.898,"Mount",-0.025,0.071,0.075,-0.011,0.079,0.000,45,W,0,,,,423930,151.79,0
251,572.215,"Mount",0.023,-0.026,-0.034,-0.008,0.058,0.000,33,W,0,,,,413713,127.94,0
252,574.425,"Mount",-0.182,0.093,0.167,0.119,0.140,0.043,80,W,18,S,,,406107,135.91,0
253,576.822,"Mount",-0.071,-0.029,0.007,0.077,0.076,0.029,44,W,13,S,,,394423,144.05,0
254,579.000,"Mount",-0.099,0.016,0.060,0.080,0.075,0.030,43,W,13,S,,,403378,129.69,0
255,581.463,"Mount",-0.231,0.174,0.261,0.125,0.205,0.046,117,W,20,S,,,401526,119.57,0
256,583.600,"Mount",-0.046,0.174,0.176,-0.039,0.163,0.000,93,W,0,,,,422905,137.64,0
257,586.073,"Mount",0.003,0.137,0.120,-0.065,0.152,-0.024,87,W,10,N,,,412586,135.50,0
258,588.329,"Mount",0.070,0.100,0.057,-0.108,0.094,-0.040,54,W,17,N,,,401519,134.89,0
259,590.652,"Mount",-0.027,0.049,0.056,0.001,0.097,0.000,56,W,0,,,,404594,142.61,0
260,592.777,"Mount",0.030,0.054,0.034,-0.052,0.098,0.000,56,W,0,,,,450080,143.45,0
261,595.252,"Mount",-0.179,0.096,0.168,0.114,0.178,0.041,102,W,18,S,,,424015,135.69,0
262,597.442,"Mount",-0.114,0.088,0.131,0.060,0.123,0.023,70,W,10,S,,,447832,150.62,0
263,599.916,"Mount",-0.126,0.110,0.156,0.061,0.132,0.023,75,W,10,S,,,385209,140.16,0
264,602.061,"Mount",0.012,-0.046,-0.046,0.010,0.058,0.000,33,W,0,,,,417844,131.25,0
265,604.403,"Mount",-0.063,0.158,0.169,-0.017,0.120,0.000,69,W,0,,,,420234,134.09,0
266,606.602,"Mount",0.057,0.028,-0.001,-0.063,0.039,-0.023,22,W,10,N,,,428061,138.98,0
267,608.872,"Mount",0.039,0.006,-0.012,-0.038,0.017,0.000,10,W,0,,,,427854,144.11,0
268,610.999,"Mount",-0.107,-0.056,-0.000,0.121,0.017,0.044,9,W,19,S,,,401169,122.45,0
269,613.302,"Mount",0.002,-0.092,-0.082,0.041,-0.041,0.000,23,E,0,,,,394391,119.57,0
270,615.447,"Mount",0.109,-0.070,-0.112,-0.065,-0.071,-0.023,40,E,10,N,,,401188,134.21,0
271,617.844,"Mount",-0.044,-0.003,0.017,0.041,-0.045,0.000,26,E,0,,,,426595,140.46,0
272,619.956,"Mount",-0.116,0.016,0.068,0.096,-0.019,0.035,11,E,15,S,,,435634,141.76,0
273,622.262,"Mount",-0.074,0.195,0.207,-0.024,0.031,0.000,17,W,0,,,,413550,157.10,0
274,624.405,"Mount",-0.134,0.122,0.169,0.062,0.024,0.022,14,W,10,S,,,412050,132.62,0
275,626.768,"Mount",0.054,0.065,0.033,-0.078,-0.010,-0.027,6,E,12,N,,,406997,136.86,0
276,628.951,"Mount",0.036,0.266,0.219,-0.155,0.107,-0.057,61,W,24,N,,,428538,140.24,0
277,631.338,"Mount",-0.058,0.096,0.112,0.008,0.093,0.000,53,W,0,,,,400976,131.46,0
278,633.521,"Mount",-0.105,0.294,0.309,-0.042,0.201,0.000,115,W,0,,,,397665,130.81,0
279,635.961,"Mount",0.068,0.101,0.058,-0.107,0.107,-0.038,61,W,16,N,,,422870,151.19,0
280,638.117,"Mount",0.004,0.108,0.094,-0.053,0.165,0.000,95,W,0,,,,409198,126.95,0
281,640.564,"Mount",0.115,0.041,-0.017,-0.121,0.144,-0.044,82,W,19,N,,,405818,126.84,0
282,642.846,"Mount",-0.208,0.081,0.168,0.148,0.229,0.051,131,W,22,S,,,409833,130.65,0
283,645.298,"Mount",-0.049,0.154,0.159,-0.028,0.240,0.000,137,W,0,,,,422383,133.19,0
284,647.492,"Mount",-0.034,0.013,0.027,0.024,0.134,0.000,77,W,0,,,,408085,124.05,0
285,649.858,"Mount",-0.045,0.029,0.047,0.027,0.130,0.000,74,W,0,,,,416822,139.66,0
286,652.035,"Mount",-0.077,0.088,0.113,0.028,0.151,0.000,86,W,0,,,,406728,135.79,0
287,654.380,"Mount",0.018,0.093,0.074,-0.059,0.111,0.000,64,W,0,,,,387699,131.73,0
288,656.544,"Mount",-0.052,0.084,0.099,0.008,0.116,0.000,66,W,0,,,,426222,133.90,0
289,658.847,"Mount",-0.050,0.035,0.054,0.028,0.041,0.000,23,W,0,,,,393194,138.63,0
290,661.025,"Mount",-0.028,0.059,0.066,-0.003,0.084,0.000,48,W,0,,,,431748,149.19,0
291,663.377,"Mount",-0.122,0.114,0.157,0.056,0.105,0.000,60,W,0,,,,382981,124.88,0
292,665.537,"Mount",-0.085,0.021,0.058,0.066,0.001,0.024,1,W,10,S,,,395547,131.83,0
293,667.946,"Mount",-0.041,0.232,0.225,-0.071,0.104,-0.025,60,W,10,N,,,401928,137.71,0
294,670.088,"Mount",-0.014,0.144,0.134,-0.054,0.064,0.000,37,W,0,,,,408243,140.95,0
295,672.421,"Mount",-0.126,0.119,0.163,0.057,0.063,0.000,36,W,0,,,,417860,135.37,0
296,674.619,"Mount",0.032,0.104,0.078,-0.076,0.025,-0.027,14,W,12,N,,,409025,154.46,0
297,676.941,"Mount",-0.066,0.117,0.134,0.004,0.057,0.000,33,W,0,,,,416175,138.36,0
298,679.041,"Mount",0.011,0.082,0.067,-0.047,0.033,0.000,19,W,0,,,,434847,159.66,0
299,681.435,"Mount",-0.103,0.026,0.070,0.080,0.056,0.029,32,W,12,S,,,400243,127.19,0
300,683.587,"Mount",-0.055,-0.108,-0.071,0.099,-0.002,0.037,1,E,16,S,,,426613,144.77,0
301,685.950,"Mount",-0.096,-0.079,-0.025,0.122,0.044,0.045,25,W,19,S,,,383620,144.38,0
302,688.014,"Mount",0.069,-0.054,-0.080,-0.037,0.009,0.000,5,W,0,,,,380190,131.93,0
303,690.387,"Mount",0.137,-0.025,-0.085,-0.110,0.010,-0.040,6,W,17,N,,,412725,152.18,0
304,692.474,"Mount",0.110,-0.101,-0.140,-0.051,-0.029,0.000,17,E,0,,,,401944,125.45,0
305,694.915,"Mount",0.065,0.036,0.002,-0.075,0.036,-0.027,21,W,11,N,,,419742,145.50,0
306,697.081,"Mount",-0.093,0.040,0.079,0.064,0.062,0.022,36,W,9,S,,,428146,134.47,0
307,699.495,"Mount",-0.098,0.039,0.079,0.069,0.065,0.026,37,W,11,S,,,409315,134.19,0
308,701.566,"Mount",0.019,-0.143,-0.136,0.049,-0.012,0.000,7,E,0,,,,421542,130.77,0
309,704.009,"Mount",-0.078,-0.130,-0.080,0.129,0.014,0.046,8,W,20,S,,,429426,149.15,0
310,706.077,"Mount",0.095,-0.082,-0.116,-0.046,-0.002,0.000,1,E,0,,,,405911,133.64,0
311,708.445,"Mount",0.039,-0.037,-0.051,-0.017,0.050,0.000,28,W,0,,,,407011,143.14,0
312,710.512,"Mount",0.099,-0.160,-0.188,-0.014,-0.044,0.000,25,E,0,,,,413145,149.99,0
313,712.840,"Mount",0.062,-0.196,-0.202,0.036,-0.053,0.000,31,E,0,,,,403266,123.34,0
314,714.915,"Mount",0.059,-0.026,-0.051,-0.040,0.033,0.000,19,W,0,,,,384489,132.50,0
315,717.221,"Mount",0.032,0.003,-0.012,-0.030,0.022,0.000,13,W,0,,,,413632,134.80,0
316,719.265,"Mount",-0.009,-0.032,-0.024,0.023,0.017,0.000,10,W,0,,,,409177,134.69,0
317,721.616,"Mount",-0.052,-0.120,-0.082,0.101,-0.015,0.037,9,E,16,S,,,406867,123.27,0
318,723.746,"Mount",-0.044,-0.086,-0.056,0.078,0.016,0.030,9,W,13,S,,,414233,140.41,0
319,726.100,"Mount",0.112,-0.086,-0.128,-0.060,-0.048,0.000,27,E,0,,,,450666,145.07,0
320,728.237,"Mount",0.089,-0.000,-0.041,-0.079,0.002,-0.028,1,W,12,N,,,436428,146.45,0
321,730.572,"Mount",0.039,-0.074,-0.084,-0.000,-0.044,0.000,25,E,0,,,,439387,132.40,0
322,732.655,"Mount",0.015,-0.108,-0.103,0.036,-0.062,0.000,35,E,0,,,,442759,154.92,0
323,735.041,"Mount",0.074,-0.069,-0.095,-0.033,-0.070,0.000,40,E,0,,,,413682,128.84,0
324,737.116,"Mount",-0.004,0.011,0.012,-0.002,-0.026,0.000,15,E,0,,,,416048,141.99,0
325,739.415,"Mount",0.065,-0.001,-0.031,-0.057,-0.024,0.000,14,E,0,,,,442101,167.40,0
326,741.520,"Mount",0.073,-0.045,-0.074,-0.043,-0.047,0.000,27,E,0,,,,408531,116.24,0
327,743.853,"Mount",0.086,-0.101,-0.129,-0.030,-0.063,0.000,36,E,0,,,,397177,117.65,0
328,745.934,"Mount",-0.065,0.055,0.079,0.032,0.034,0.000,20,W,0,,,,410972,137.91,0
329,748.300,"Mount",-0.169,0.056,0.127,0.124,0.069,0.045,40,W,19,S,,,390905,123.38,0
330,750.451,"Mount",0.039,0.055,0.031,-0.060,0.023,-0.020,13,W,9,N,,,407744,133.94,0
331,752.851,"Mount",0.022,0.119,0.096,-0.074,0.080,-0.028,46,W,12,N,,,410448,131.45,0
332,754.923,"Mount",0.044,-0.066,-0.079,-0.009,0.006,0.000,3,W,0,,,,418276,132.60,0
333,757.242,"Mount",0.011,0.005,-0.001,-0.012,0.057,0.000,33,W,0,,,,394055,131.32,0
334,759.402,"Mount",0.020,0.113,0.091,-0.069,0.097,-0.025,55,W,11,N,,,411461,165.73,0
335,761.784,"Mount",-0.039,0.137,0.139,-0.029,0.113,0.000,64,W,0,,,,419303,139.76,0
336,763.872,"Mount",-0.023,0.030,0.037,0.006,0.040,0.000,23,W,0,,,,423854,135.61,0
337,766.292,"Mount",-0.062,-0.130,-0.086,0.115,0.007,0.041,4,W,18,S,,,412475,147.54,0
338,768.364,"Mount",0.039,-0.169,-0.168,0.043,-0.045,0.000,26,E,0,,,,402457,124.12,0
339,770.744,"Mount",-0.080,0.010,0.046,0.066,0.005,0.024,3,W,10,S,,,414970,148.11,0
340,772.892,"Mount",-0.020,-0.029,-0.016,0.031,-0.010,0.000,6,E,0,,,,402426,140.45,0
341,775.217,"Mount",0.017,-0.066,-0.066,0.016,-0.056,0.000,32,E,0,,,,383543,128.07,0
342,777.353,"Mount",0.063,-0.008,-0.036,-0.052,-0.046,0.000,26,E,0,,,,382862,132.83,0
343,779.712,"Mount",0.072,-0.140,-0.158,0.001,-0.132,0.000,75,E,0,,,,426666,143.28,0
344,781.861,"Mount",0.037,-0.114,-0.118,0.020,-0.122,0.000,70,E,0,,,,398079,140.84,0
345,784.297,"Mount",0.075,-0.094,-0.118,-0.023,-0.137,0.000,78,E,0,,,,381884,123.58,0
346,786.441,"Mount",0.046,-0.077,-0.090,-0.005,-0.134,0.000,77,E,0,,,,386700,135.59,0
347,788.964,"Mount",0.011,-0.156,-0.144,0.062,-0.177,0.022,101,E,10,S,,,407119,133.29,0
348,791.081,"Mount",0.036,0.041,0.020,-0.050,-0.123,0.000,71,E,0,,,,425508,132.16,0
349,793.502,"Mount",-0.012,0.007,0.012,0.008,-0.137,0.000,78,E,0,,,,402091,129.93,0
350,795.709,"Mount",0.126,0.025,-0.036,-0.124,-0.135,-0.044,77,E,19,N,,,402471,126.61,0
351,798.141,"Mount",0.053,0.067,0.035,-0.078,-0.136,-0.030,78,E,13,N,,,381204,125.99,0
352,800.256,"Mount",-0.020,0.025,0.032,0.006,-0.119,0.000,68,E,0,,,,422413,136.06,0
353,802.597,"Mount",0.046,-0.021,-0.040,-0.031,-0.080,0.000,46,E,0,,,,393920,118.34,0
354,804.695,"Mount",-0.056,0.037,0.058,0.033,-0.057,0.000,33,E,0,,,,449193,141.87,0
355,807.079,"Mount",0.089,-0.022,-0.061,-0.069,-0.055,-0.025,32,E,11,N,,,418453,137.58,0
356,809.168,"Mount",-0.017,0.001,0.008,0.015,-0.006,0.000,3,E,0,,,,421481,132.63,0
357,811.505,"Mount",0.004,0.047,0.040,-0.026,0.004,0.000,2,W,0,,,,408839,147.12,0
358,813.619,"Mount",-0.099,-0.039,0.011,0.106,0.016,0.038,9,W,16,S,,,421090,127.05,0
359,816.051,"Mount",-0.100,-0.170,-0.104,0.167,-0.047,0.062,27,E,26,S,,,378655,132.66,0
360,818.155,"Mount",0.083,-0.097,-0.124,-0.028,-0.061,0.000,35,E,0,,,,403767,131.98,0
361,820.505,"Mount",0.053,-0.006,-0.030,-0.044,-0.018,0.000,10,E,0,,,,418283,154.90,0
362,822.627,"Mount",-0.000,-0.090,-0.080,0.042,-0.087,0.000,50,E,0,,,,430867,148.07,0
363,825.072,"Mount",-0.058,-0.045,-0.013,0.072,-0.074,0.026,42,E,11,S,,,406051,133.97,0
364,827.323,"Mount",-0.013,0.058,0.057,-0.015,-0.070,0.000,40,E,0,,,,401035,159.53,0
365,829.725,"Mount",0.069,0.058,0.020,-0.088,-0.085,-0.032,49,E,14,N,,,417581,130.73,0
366,831.874,"Mount",0.050,0.055,0.026,-0.070,-0.073,-0.026,41,E,11,N,,,398263,123.76,0
367,834.290,"Mount",0.071,-0.063,-0.088,-0.034,-0.121,0.000,69,E,0,,,,418530,136.23,0
368,836.498,"Mount",0.111,-0.087,-0.128,-0.058,-0.146,0.000,83,E,0,,,,407612,142.15,0
369,838.989,"Mount",0.126,-0.045,-0.098,-0.091,-0.148,-0.033,84,E,14,N,,,393704,136.43,0
370,841.245,"Mount",0.137,-0.200,-0.240,-0.029,-0.244,0.000,140,E,0,,,,420353,153.19,0
371,843.738,"Mount",0.010,-0.216,-0.196,0.091,-0.250,0.033,143,E,14,S,,,423081,146.24,0
372,845.962,"Mount",0.106,-0.124,-0.158,-0.037,-0.271,0.000,155,E,0,,,,413332,151.16,0
373,848.518,"Mount",0.117,-0.058,-0.105,-0.077,-0.278,-0.028,159,E,12,N,,,437766,142.33,0
374,850.779,"Mount",0.098,-0.173,-0.199,-0.008,-0.330,0.000,189,E,0,,,,409670,131.21,0
375,853.220,"Mount",-0.021,-0.014,-0.002,0.025,-0.259,0.000,148,E,0,,,,398337,132.39,0
376,855.427,"Mount",-0.001,0.036,0.032,-0.016,-0.243,0.000,139,E,0,,,,426853,135.87,0
377,857.855,"Mount",0.022,0.056,0.039,-0.045,-0.193,0.000,110,E,0,,,,405571,145.94,0
378,860.014,"Mount",0.019,0.010,0.000,-0.022,-0.155,0.000,89,E,0,,,,423645,161.21,0
379,862.414,"Mount",0.103,-0.015,-0.061,-0.084,-0.130,-0.030,74,E,13,N,,,417562,149.28,0
380,864.580,"Mount",0.067,0.067,0.028,-0.090,-0.063,-0.034,36,E,14,N,,,399546,122.80,0
381,866.929,"Mount",-0.005,0.003,0.005,0.003,-0.066,0.000,38,E,0,,,,423933,139.76,0
382,869.049,"Mount",-0.110,0.020,0.068,0.089,-0.015,0.032,8,E,14,S,,,411129,131.79,0
383,871.587,"Mount",-0.007,-0.187,-0.163,0.093,-0.148,0.035,85,E,15,S,,,421145,141.86,0
384,873.708,"Mount",-0.054,0.020,0.043,0.039,-0.070,0.000,40,E,0,,,,415767,120.59,0
385,876.006,"Mount",-0.098,0.105,0.138,0.038,-0.036,0.000,21,E,0,,,,401301,131.33,0
386,878.140,"Mount",-0.048,0.012,0.033,0.037,-0.095,0.000,54,E,0,,,,405297,133.91,0
387,880.519,"Mount",-0.089,0.041,0.077,0.060,-0.066,0.022,38,E,9,S,,,420092,141.52,0
388,882.627,"Mount",0.037,0.037,0.016,-0.050,-0.073,0.000,42,E,0,,,,417868,120.63,0
389,884.977,"Mount",-0.068,0.011,0.041,0.055,-0.065,0.000,37,E,0,,,,425123,137.13,0
390,887.135,"Mount",-0.127,0.065,0.116,0.083,0.031,0.030,17,W,13,S,,,432543,145.20,0
391,889.459,"Mount",-0.063,0.113,0.129,0.004,0.054,0.000,31,W,0,,,,421713,131.60,0
392,891.573,"Mount",-0.038,0.132,0.135,-0.027,0.083,0.000,47,W,0,,,,409184,131.02,0
393,893.971,"Mount",-0.127,0.135,0.178,0.051,0.123,0.000,70,W,0,,,,392331,130.45,0
394,896.042,"Mount",0.048,-0.014,-0.035,-0.036,0.038,0.000,22,W,0,,,,391080,142.92,0
395,898.474,"Mount",0.087,-0.007,-0.046,-0.074,0.040,-0.027,23,W,11,N,,,369722,119.54,0
396,900.627,"Mount",0.087,0.001,-0.039,-0.078,0.035,-0.029,20,W,12,N,,,422962,151.55,0
397,903.088,"Mount",-0.119,0.053,0.101,0.081,0.058,0.028,33,W,12,S,,,398952,131.56,0
398,905.206,"Mount",0.065,-0.197,-0.205,0.033,-0.088,0.000,50,E,0,,,,432072,149.03,0
399,907.528,"Mount",-0.033,-0.061,-0.039,0.058,0.003,0.000,1,W,0,,,,415304,146.07,0
400,909.657,"Mount",-0.122,-0.031,0.029,0.123,0.007,0.044,4,W,19,S,,,421200,136.60,0
401,911.938,"Mount",0.037,0.011,-0.007,-0.038,0.000,0.000,0,,0,,,,401681,131.09,0
402,914.058,"Mount",0.029,-0.058,-0.065,0.001,-0.012,0.000,7,E,0,,,,382102,127.59,0
403,916.379,"Mount",-0.048,0.024,0.043,0.032,0.049,0.000,28,W,0,,,,391418,136.90,0
404,918.512,"Mount",0.032,0.057,0.036,-0.055,0.067,0.000,38,W,0,,,,419503,129.84,0
405,920.928,"Mount",0.061,0.038,0.006,-0.071,0.094,-0.026,54,W,11,N,,,422050,149.98,0
406,923.087,"Mount",-0.032,0.043,0.053,0.009,0.104,0.000,60,W,0,,,,405227,143.34,0
407,925.630,"Mount",-0.187,0.171,0.238,0.087,0.224,0.031,128,W,13,S,,,423020,158.64,0
408,927.801,"Mount",-0.072,0.159,0.175,-0.010,0.195,0.000,111,W,0,,,,400484,134.66,0
409,930.164,"Mount",-0.025,0.028,0.036,0.010,0.115,0.000,66,W,0,,,,362979,120.25,0
410,932.301,"Mount",0.005,-0.029,-0.028,0.009,0.111,0.000,64,W,0,,,,408714,135.13,0
411,934.658,"Mount",-0.070,0.057,0.083,0.036,0.148,0.000,85,W,0,,,,435424,150.53,0
412,936.887,"Mount",-0.075,-0.093,-0.048,0.110,0.088,0.040,51,W,17,S,,,421819,137.95,0
413,939.342,"Mount",-0.173,0.019,0.096,0.145,0.137,0.054,78,W,23,S,,,412252,136.52,0
414,941.493,"Mount",-0.066,0.160,0.172,-0.015,0.184,0.000,105,W,0,,,,415206,132.81,0
415,943.894,"Mount",0.003,0.086,0.075,-0.043,0.150,0.000,86,W,0,,,,405723,129.35,0
416,946.042,"Mount",-0.024,0.039,0.046,0.003,0.137,0.000,78,W,0,,,,394649,132.08,0
417,948.424,"Mount",0.033,0.009,-0.007,-0.034,0.136,0.000,78,W,0,,,,398720,139.13,0
418,950.634,"Mount",0.099,0.133,0.073,-0.149,0.154,-0.054,88,W,23,N,,,385446,153.85,0
419,952.947,"Mount",0.140,-0.241,-0.278,-0.013,-0.031,0.000,18,E,0,,,,450386,163.51,0
420,955.113,"Mount",0.173,-0.177,-0.236,-0.072,-0.042,-0.026,24,E,11,N,,,424909,129.93,0
421,957.479,"Mount",0.055,-0.184,-0.188,0.036,-0.095,0.000,54,E,0,,,,443675,144.99,0
422,959.580,"Mount",0.074,-0.113,-0.134,-0.013,-0.095,0.000,54,E,0,,,,435958,157.95,0
423,961.978,"Mount",0.094,-0.101,-0.133,-0.037,-0.122,0.000,70,E,0,,,,413935,139.55,0
424,964.139,"Mount",0.107,-0.021,-0.067,-0.085,-0.098,-0.031,56,E,13,N,,,388430,130.86,0
425,966.634,"Mount",-0.072,-0.023,0.013,0.075,-0.053,0.026,30,E,11,S,,,405072,129.99,0
426,968.697,"Mount",-0.020,0.019,0.026,0.009,-0.044,0.000,25,E,0,,,,428450,141.35,0
427,971.025,"Mount",0.022,-0.013,-0.022,-0.014,-0.008,0.000,5,E,0,,,,408492,135.78,0
428,973.129,"Mount",-0.001,-0.012,-0.010,0.007,0.009,0.000,5,W,0,,,,388932,126.77,0
429,975.506,"Mount",-0.016,0.022,0.027,0.004,0.034,0.000,19,W,0,,,,422325,136.53,0
430,977.607,"Mount",0.035,-0.002,-0.018,-0.030,0.052,0.000,30,W,0,,,,419153,142.18,0
431,980.036,"Mount",0.061,0.148,0.103,-0.122,0.122,-0.044,70,W,19,N,,,404038,131.18,0
432,982.235,"Mount",0.038,-0.033,-0.047,-0.018,0.093,0.000,53,W,0,,,,425519,152.44,0
433,984.646,"Mount",-0.122,-0.010,0.047,0.113,0.115,0.041,66,W,17,S,,,387561,126.05,0
434,986.820,"Mount",-0.076,0.097,0.121,0.023,0.177,0.000,101,W,0,,,,426078,143.87,0
435,989.294,"Mount",-0.116,0.190,0.222,0.015,0.245,0.000,140,W,0,,,,412743,134.77,0
436,991.549,"Mount",-0.115,0.203,0.233,0.009,0.260,0.000,149,W,0,,,,407322,132.78,0
437,994.113,"Mount",0.008,0.123,0.106,-0.064,0.216,-0.023,124,W,10,N,,,398847,134.93,0
438,996.310,"Mount",-0.067,0.059,0.083,0.032,0.219,0.000,125,W,0,,,,401673,127.65,0
439,998.750,"Mount",-0.048,-0.057,-0.029,0.069,0.180,0.025,103,W,11,S,,,418762,136.77,0
440,1000.916,"Mount",-0.024,0.008,0.018,0.017,0.158,0.000,91,W,0,,,,424127,138.04,0
441,1003.313,"Mount",-0.033,-0.000,0.015,0.030,0.146,0.000,83,W,0,,,,431943,137.34,0
442,1005.431,"Mount",0.026,-0.062,-0.067,0.005,0.091,0.000,52,W,0,,,,394078,130.40,0
443,1007.759,"Mount",-0.021,-0.013,-0.002,0.025,0.089,0.000,51,W,0,,,,401625,116.75,0
444,1009.848,"Mount",0.117,-0.150,-0.187,-0.035,-0.017,0.000,10,E,0,,,,395202,122.61,0
445,1012.148,"Mount",-0.013,-0.008,-0.001,0.015,0.022,0.000,13,W,0,,,,385301,125.92,0
446,1014.285,"Mount",-0.056,0.202,0.205,-0.043,0.098,0.000,56,W,0,,,,384318,113.58,0
447,1016.655,"Mount",-0.081,0.021,0.056,0.062,-0.003,0.022,2,E,10,S,,,395576,128.19,0
448,1018.704,"Mount",0.039,0.038,0.016,-0.052,-0.015,0.000,9,E,0,,,,399618,125.22,0
449,1021.004,"Mount",-0.022,0.014,0.023,0.013,0.025,0.000,14,W,0,,,,418450,138.95,0
450,1023.127,"Mount",0.017,0.052,0.039,-0.039,0.022,0.000,13,W,0,,,,417349,146.73,0
451,1025.418,"Mount",0.019,-0.059,-0.062,0.010,0.002,0.000,1,W,0,,,,429043,144.20,0
452,1027.504,"Mount",0.021,0.019,0.007,-0.027,0.032,0.000,18,W,0,,,,405615,134.74,0
453,1029.839,"Mount",0.141,-0.092,-0.147,-0.083,-0.043,-0.030,24,E,13,N,,,427105,145.59,0
454,1031.919,"Mount",0.120,-0.139,-0.179,-0.042,-0.072,0.000,41,E,0,,,,408471,128.95,0
455,1034.247,"Mount",0.161,-0.201,-0.253,-0.050,-0.095,0.000,54,E,0,,,,419895,165.54,0
456,1036.378,"Mount",0.157,-0.189,-0.240,-0.051,-0.103,0.000,59,E,0,,,,416649,125.60,0
457,1038.675,"Mount",0.030,-0.065,-0.071,0.003,-0.019,0.000,11,E,0,,,,425736,132.44,0
458,1040.739,"Mount",-0.034,-0.012,0.005,0.035,0.003,0.000,2,W,0,,,,443115,152.73,0
459,1043.072,"Mount",-0.021,-0.079,-0.060,0.055,-0.015,0.000,8,E,0,,,,394614,145.19,0
460,1045.270,"Mount",-0.100,0.014,0.058,0.082,0.013,0.030,7,W,13,S,,,419992,143.78,0
461,1047.568,"Mount",-0.035,-0.038,-0.017,0.048,0.031,0.000,18,W,0,,,,437844,162.15,0
462,1049.650,"Mount",0.027,-0.138,-0.135,0.039,-0.026,0.000,15,E,0,,,,408646,126.99,0
463,1051.968,"Mount",-0.058,0.024,0.048,0.040,0.049,0.000,28,W,0,,,,408916,134.79,0
464,1054.066,"Mount",0.031,-0.039,-0.049,-0.009,0.047,0.000,27,W,0,,,,426802,133.55,0
465,1056.386,"Mount",0.049,-0.059,-0.075,-0.017,0.007,0.000,4,W,0,,,,397767,140.83,0
466,1058.564,"Mount",-0.024,0.018,0.027,0.012,0.038,0.000,21,W,0,,,,404145,139.25,0
467,1060.867,"Mount",-0.040,0.033,0.048,0.020,0.028,0.000,16,W,0,,,,419897,150.94,0
468,1063.071,"Mount",-0.179,-0.076,0.015,0.194,0.025,0.070,15,W,30,S,,,396634,141.69,0
469,1065.433,"Mount",0.040,0.063,0.038,-0.065,0.025,-0.020,14,W,9,N,,,408935,142.22,0
470,1067.513,"Mount",0.035,0.038,0.017,-0.049,0.031,0.000,18,W,0,,,,388918,129.47,0
471,1069.870,"Mount",0.120,-0.042,-0.093,-0.087,-0.014,-0.031,8,E,13,N,,,413197,148.07,0
472,1071.952,"Mount",0.069,-0.088,-0.110,-0.021,-0.038,0.000,22,E,0,,,,401176,142.25,0
473,1074.275,"Mount",0.063,-0.085,-0.104,-0.016,-0.045,0.000,26,E,0,,,,422823,147.20,0
474,1076.423,"Mount",0.037,0.060,0.036,-0.061,-0.018,-0.022,11,E,9,N,,,393437,120.10,0
475,1078.720,"Mount",0.002,0.056,0.049,-0.028,-0.029,0.000,17,E,0,,,,413669,137.05,0
476,1080.801,"Mount",0.019,-0.013,-0.020,-0.011,-0.029,0.000,16,E,0,,,,411303,152.60,0
477,1083.094,"Mount",-0.025,0.011,0.021,0.017,-0.033,0.000,19,E,0,,,,417927,150.34,0
478,1085.185,"Mount",-0.045,-0.025,-0.002,0.051,-0.033,0.000,19,E,0,,,,426229,130.09,0
479,1087.565,"Mount",-0.111,-0.180,-0.109,0.182,-0.070,0.066,40,E,28,S,,,404841,140.45,0
480,1089.642,"Mount",-0.001,-0.021,-0.018,0.011,-0.013,0.000,8,E,0,,,,402848,127.33,0
481,1091.929,"Mount",-0.018,0.056,0.058,-0.010,-0.010,0.000,6,E,0,,,,420359,143.75,0
482,1094.013,"Mount",-0.046,0.156,0.160,-0.031,0.073,0.000,42,W,0,,,,399375,128.11,0
483,1096.427,"Mount",0.078,0.168,0.113,-0.146,0.068,-0.053,39,W,23,N,,,418447,168.75,0
484,1098.569,"Mount",-0.114,0.197,0.227,0.011,0.132,0.000,75,W,0,,,,426087,133.23,0
485,1100.888,"Mount",-0.039,0.032,0.046,0.020,0.056,0.000,32,W,0,,,,425073,152.18,0
486,1103.113,"Mount",0.010,0.143,0.122,-0.075,0.119,-0.027,68,W,12,N,,,448042,149.69,0
487,1105.518,"Mount",0.065,0.047,0.011,-0.080,0.073,-0.030,42,W,13,N,,,413347,144.01,0
488,1107.605,"Mount",0.015,0.020,0.011,-0.022,0.074,0.000,42,W,0,,,,407264,138.68,0
489,1109.966,"Mount",0.014,0.030,0.020,-0.026,0.069,0.000,39,W,0,,,,402786,128.45,0
490,1112.038,"Mount",0.077,-0.038,-0.069,-0.051,0.008,0.000,5,W,0,,,,429528,141.61,0
491,1114.344,"Mount",-0.028,-0.006,0.007,0.027,0.024,0.000,14,W,0,,,,396472,117.45,0
492,1116.471,"Mount",-0.084,-0.001,0.037,0.075,-0.003,0.027,2,E,12,S,,,393277,137.65,0
493,1118.772,"Mount",-0.029,-0.009,0.005,0.030,-0.024,0.000,13,E,0,,,,411170,148.41,0
494,1120.854,"Mount",-0.011,-0.040,-0.031,0.028,-0.029,0.000,17,E,0,,,,407000,122.92,0
495,1123.327,"Mount",0.020,-0.214,-0.199,0.081,-0.137,0.029,79,E,13,S,,,418842,140.96,0
496,1125.442,"Mount",0.049,-0.056,-0.073,-0.018,-0.093,0.000,53,E,0,,,,419412,138.67,0
497,1127.851,"Mount",0.122,-0.019,-0.073,-0.100,-0.103,-0.036,59,E,15,N,,,400265,133.94,0
498,1130.050,"Mount",-0.073,-0.105,-0.060,0.113,-0.077,0.039,44,E,17,S,,,416026,151.71,0
499,1132.496,"Mount",0.143,-0.113,-0.166,-0.075,-0.162,-0.025,93,E,11,N,,,412755,138.53,0
500,1134.611,"Mount",0.004,-0.039,-0.036,0.015,-0.090,0.000,51,E,0,,,,398743,143.72,0
501,1137.119,"Mount",0.047,-0.241,-0.235,0.069,-0.205,0.025,117,E,11,S,,,401186,128.32,0
502,1139.316,"Mount",0.085,-0.196,-0.213,0.015,-0.197,0.000,113,E,0,,,,402961,145.54,0
503,1141.755,"Mount",0.174,0.025,-0.058,-0.166,-0.118,-0.060,68,E,26,N,,,418018,141.20,0
504,1143.884,"Mount",0.053,0.003,-0.022,-0.048,-0.118,0.000,67,E,0,,,,419368,138.91,0
505,1146.279,"Mount",0.086,-0.063,-0.096,-0.047,-0.173,0.000,99,E,0,,,,416377,147.68,0
506,1148.519,"Mount",0.027,-0.187,-0.179,0.063,-0.203,0.023,116,E,10,S,,,420746,141.20,0
507,1150.861,"Mount",0.029,0.053,0.034,-0.050,-0.114,0.000,65,E,0,,,,400969,116.32,0
508,1153.006,"Mount",-0.042,0.130,0.135,-0.023,-0.031,0.000,18,E,0,,,,418449,149.38,0
509,1155.376,"Mount",-0.035,0.013,0.027,0.025,-0.072,0.000,41,E,0,,,,410971,123.71,0
510,1157.387,"Mount",-0.007,0.103,0.095,-0.041,-0.000,0.000,0,,0,,,,428016,142.35,0
511,1159.769,"Mount",0.008,-0.009,-0.012,-0.003,-0.022,0.000,12,E,0,,,,433115,132.73,0
512,1161.908,"Mount",0.110,0.016,-0.037,-0.105,0.008,-0.038,5,W,16,N,,,395695,130.79,0
513,1164.337,"Mount",-0.120,0.008,0.062,0.103,0.047,0.035,27,W,15,S,,,416895,138.34,0
514,1166.456,"Mount",-0.115,-0.024,0.032,0.113,0.012,0.042,7,W,18,S,,,411437,128.31,0
515,1168.792,"Mount",0.027,0.010,-0.004,-0.029,0.005,0.000,3,W,0,,,,412407,139.51,0
516,1170.843,"Mount",0.058,0.012,-0.016,-0.057,-0.015,0.000,9,E,0,,,,424942,127.79,0
517,1173.192,"Mount",0.021,-0.046,-0.051,0.003,-0.035,0.000,20,E,0,,,,407127,126.67,0
518,1175.297,"Mount",0.002,-0.058,-0.052,0.025,-0.054,0.000,31,E,0,,,,436661,149.24,0
519,1177.632,"Mount",0.049,-0.071,-0.085,-0.011,-0.125,0.000,71,E,0,,,,419777,142.41,0
520,1179.826,"Mount",0.042,0.001,-0.018,-0.038,-0.104,0.000,59,E,0,,,,408778,146.36,0
521,1182.227,"Mount",0.021,0.012,0.001,-0.024,-0.122,0.000,70,E,0,,,,387964,130.40,0
522,1184.437,"Mount",-0.048,-0.151,-0.112,0.113,-0.179,0.041,103,E,17,S,,,406361,142.78,0
523,1186.978,"Mount",0.110,0.029,-0.025,-0.111,-0.143,-0.038,82,E,16,N,,,421165,141.58,0
524,1189.186,"Mount",0.106,-0.145,-0.178,-0.027,-0.230,0.000,131,E,0,,,,444592,156.29,0
525,1191.677,"Mount",0.187,-0.090,-0.166,-0.124,-0.248,-0.045,142,E,19,N,,,440345,141.58,0
526,1193.877,"Mount",0.023,0.035,0.021,-0.037,-0.181,0.000,104,E,0,,,,398756,134.65,0
527,1196.325,"Mount",-0.023,-0.041,-0.026,0.039,-0.206,0.000,118,E,0,,,,391175,125.81,0
528,1198.555,"Mount",-0.065,-0.066,-0.028,0.088,-0.207,0.032,118,E,14,S,,,421749,137.76,0
529,1201.049,"Mount",0.067,-0.100,-0.120,-0.013,-0.266,0.000,152,E,0,,,,428787,142.02,0
530,1203.296,"Mount",0.102,-0.069,-0.108,-0.059,-0.249,0.000,142,E,0,,,,406292,135.39,0
531,1205.719,"Mount",0.043,0.028,0.005,-0.051,-0.194,0.000,111,E,0,,,,405321,135.30,0
532,1207.896,"Mount",-0.008,-0.010,-0.005,0.012,-0.174,0.000,100,E,0,,,,443531,142.84,0
533,1210.252,"Mount",-0.064,0.098,0.116,0.012,-0.107,0.000,61,E,0,,,,389706,125.17,0
534,1212.361,"Mount",-0.052,0.076,0.091,0.011,-0.073,0.000,42,E,0,,,,403891,129.97,0
535,1214.736,"Mount",0.053,-0.130,-0.140,0.013,-0.160,0.000,91,E,0,,,,403738,141.83,0
536,1216.947,"Mount",-0.046,-0.179,-0.138,0.124,-0.135,0.044,77,E,19,S,,,406794,130.46,0
537,1219.343,"Mount",-0.091,-0.044,0.003,0.101,-0.061,0.038,35,E,16,S,,,431977,135.71,0
538,1221.505,"Mount",-0.067,-0.023,0.010,0.070,-0.085,0.027,49,E,11,S,,,401230,141.68,0
539,1223.879,"Mount",0.081,0.173,0.116,-0.152,-0.025,-0.053,14,E,23,N,,,416410,142.48,0
540,1225.937,"Mount",-0.016,0.155,0.145,-0.058,-0.012,0.000,7,E,0,,,,433257,142.83,0
541,1228.238,"Mount",-0.102,0.180,0.207,0.007,0.024,0.000,14,W,0,,,,418011,140.89,0
542,1230.373,"Mount",0.017,0.222,0.189,-0.118,0.027,-0.042,16,W,18,N,,,396128,122.85,0
543,1234.824,"Mount",0.033,0.035,0.016,-0.046,-0.018,0.000,10,E,0,,,,429377,150.14,0
544,1237.211,"Mount",0.124,0.083,0.017,-0.148,0.019,-0.053,11,W,23,N,,,400512,123.77,0
545,1239.351,"Mount",-0.079,0.177,0.193,-0.012,0.113,0.000,64,W,0,,,,413680,127.44,0
546,1241.748,"Mount",-0.166,0.093,0.159,0.104,0.087,0.038,50,W,16,S,,,396598,133.37,0
547,1243.939,"Mount",-0.021,0.214,0.200,-0.081,0.106,-0.028,60,W,12,N,,,418716,122.92,0
548,1246.253,"Mount",0.012,0.075,0.061,-0.045,0.049,0.000,28,W,0,,,,420432,148.81,0
549,1248.298,"Mount",0.047,-0.018,-0.038,-0.033,0.018,0.000,10,W,0,,,,425969,136.90,0
550,1250.569,"Mount",-0.023,-0.054,-0.037,0.045,0.016,0.000,9,W,0,,,,398565,129.16,0
551,1252.636,"Mount",-0.020,-0.050,-0.036,0.041,0.012,0.000,7,W,0,,,,404779,144.02,0
552,1255.005,"Mount",-0.096,0.150,0.178,0.016,0.093,0.000,53,W,0,,,,413080,124.39,0
553,1257.080,"Mount",0.040,-0.035,-0.049,-0.019,0.004,0.000,2,W,0,,,,433506,159.31,0
554,1259.419,"Mount",0.070,-0.006,-0.037,-0.059,0.013,0.000,7,W,0,,,,446269,155.63,0
555,1261.562,"Mount",-0.017,-0.138,-0.114,0.079,-0.022,0.028,12,E,12,S,,,433178,130.44,0
556,1263.978,"Mount",-0.060,-0.094,-0.056,0.097,0.049,0.036,28,W,15,S,,,418785,150.22,0
557,1266.064,"Mount",0.057,0.005,-0.022,-0.053,0.064,0.000,37,W,0,,,,399311,176.63,0
558,1268.434,"Mount",0.031,-0.030,-0.041,-0.013,0.085,0.000,48,W,0,,,,424646,134.39,0
559,1270.535,"Mount",-0.003,0.020,0.019,-0.007,0.096,0.000,55,W,0,,,,410035,133.22,0
560,1272.984,"Mount",-0.010,0.167,0.153,-0.068,0.180,-0.025,103,W,11,N,,,400406,123.15,0
561,1275.148,"Mount",0.017,0.033,0.021,-0.030,0.118,0.000,67,W,0,,,,423233,133.63,0
562,1277.575,"Mount",-0.062,0.102,0.119,0.008,0.179,0.000,103,W,0,,,,399289,139.03,0
563,1279.736,"Mount",-0.014,0.070,0.068,-0.020,0.151,0.000,86,W,0,,,,411548,126.59,0
564,1282.140,"Mount",0.088,0.113,0.060,-0.130,0.119,-0.047,68,W,20,N,,,410147,143.37,0
565,1284.306,"Mount",-0.072,0.107,0.128,0.014,0.172,0.000,98,W,0,,,,414481,140.19,0
566,1286.758,"Mount",-0.117,0.066,0.113,0.073,0.176,0.026,100,W,11,S,,,397778,126.74,0
567,1288.926,"Mount",-0.037,0.091,0.098,-0.009,0.164,0.000,94,W,0,,,,406591,135.15,0
568,1291.342,"Mount",-0.137,0.137,0.184,0.058,0.215,0.000,123,W,0,,,,436707,135.06,0
569,1293.534,"Mount",0.062,-0.006,-0.033,-0.052,0.120,0.000,69,W,0,,,,422063,133.36,0
570,1295.873,"Mount",-0.012,-0.070,-0.057,0.043,0.110,0.000,63,W,0,,,,463280,166.84,0
571,1298.017,"Mount",0.046,-0.001,-0.022,-0.040,0.089,0.000,51,W,0,,,,400576,134.74,0
572,1300.325,"Mount",0.025,0.057,0.039,-0.048,0.070,0.000,40,W,0,,,,400358,151.86,0
573,1302.438,"Mount",-0.063,0.094,0.112,0.013,0.079,0.000,45,W,0,,,,457189,132.30,0
574,1304.838,"Mount",-0.122,-0.223,-0.142,0.212,-0.056,0.076,32,E,33,S,,,405863,128.38,0
575,1306.995,"Mount",-0.080,-0.158,-0.103,0.144,-0.065,0.055,37,E,24,S,,,419000,146.22,0
576,1309.391,"Mount",0.117,0.025,-0.032,-0.115,-0.035,-0.039,20,E,17,N,,,407775,131.89,0
577,1311.582,"Mount",0.085,-0.016,-0.054,-0.068,-0.042,-0.026,24,E,11,N,,,393744,122.96,0
578,1314.067,"Mount",0.149,-0.116,-0.171,-0.078,-0.122,-0.029,70,E,12,N,,,427113,170.78,0
579,1316.179,"Mount",-0.030,0.144,0.142,-0.040,0.037,0.000,21,W,0,,,,413477,119.76,0
580,1318.537,"Mount",-0.042,-0.058,-0.032,0.064,-0.016,0.023,9,E,10,S,,,404665,125.93,0
581,1320.611,"Mount",-0.029,0.002,0.015,0.025,0.002,0.000,1,W,0,,,,419850,140.09,0
582,1322.973,"Mount",0.050,0.062,0.032,-0.073,0.022,-0.026,12,W,11,N,,,419336,131.28,0
583,1325.044,"Mount",0.022,-0.004,-0.014,-0.017,0.043,0.000,25,W,0,,,,418059,133.33,0
584,1327.420,"Mount",0.073,0.083,0.040,-0.103,0.068,-0.037,39,W,16,N,,,399418,127.17,0
585,1329.552,"Mount",-0.025,0.030,0.038,0.008,0.092,0.000,52,W,0,,,,406746,147.62,0
586,1332.018,"Mount",0.118,0.104,0.039,-0.153,0.119,-0.055,68,W,24,N,,,411273,128.80,0
587,1334.169,"Mount",0.016,-0.019,-0.024,-0.006,0.134,0.000,77,W,0,,,,444870,130.32,0
588,1336.672,"Mount",-0.140,0.168,0.213,0.046,0.248,0.000,142,W,0,,,,421104,130.01,0
589,1338.941,"Mount",-0.108,0.096,0.135,0.052,0.218,0.000,125,W,0,,,,423309,148.96,0
590,1341.521,"Mount",-0.148,0.086,0.145,0.091,0.232,0.033,133,W,14,S,,,422278,171.13,0
591,1343.710,"Mount",-0.071,0.122,0.141,0.007,0.224,0.000,128,W,0,,,,426036,141.02,0
592,1346.140,"Mount",-0.033,0.149,0.148,-0.040,0.234,0.000,134,W,0,,,,393290,129.47,0
593,1348.394,"Mount",-0.184,0.030,0.111,0.149,0.198,0.054,113,W,23,S,,,386765,151.58,0
594,1350.865,"Mount",-0.120,0.016,0.069,0.099,0.168,0.038,96,W,16,S,,,426705,145.72,0
595,1353.033,"Mount",-0.110,0.089,0.130,0.057,0.176,0.000,100,W,0,,,,410276,124.53,0
596,1355.379,"Mount",-0.045,0.023,0.041,0.029,0.104,0.000,59,W,0,,,,422380,131.17,0
597,1357.491,"Mount",-0.018,-0.031,-0.019,0.030,0.064,0.000,37,W,0,,,,392142,135.72,0
598,1359.893,"Mount",-0.044,0.061,0.074,0.011,0.087,0.000,50,W,0,,,,431304,132.66,0
599,1361.971,"Mount",0.029,0.019,0.003,-0.035,0.030,0.000,17,W,0,,,,429783,123.63,0
600,1364.295,"Mount",-0.066,0.152,0.165,-0.011,0.094,0.000,54,W,0,,,,425565,137.47,0
601,1366.555,"Mount",-0.245,0.130,0.228,0.157,0.139,0.057,79,W,24,S,,,430826,144.81,0
602,1368.988,"Mount",0.083,0.230,0.166,-0.180,0.099,-0.063,57,W,27,N,,,401918,124.69,0
603,1371.101,"Mount",0.011,0.021,0.014,-0.020,0.044,0.000,25,W,0,,,,411992,136.29,0
604,1373.560,"Mount",-0.033,-0.074,-0.050,0.063,0.030,0.023,17,W,10,S,,,423446,141.48,0
605,1375.719,"Mount",0.059,-0.049,-0.071,-0.030,-0.025,0.000,14,E,0,,,,406393,131.33,0
606,1378.041,"Mount",0.064,-0.059,-0.082,-0.029,-0.038,0.000,21,E,0,,,,413673,148.56,0
607,1380.105,"Mount",0.019,-0.011,-0.018,-0.012,-0.004,0.000,2,E,0,,,,409721,121.20,0
608,1382.424,"Mount",0.060,-0.056,-0.077,-0.027,-0.055,0.000,32,E,0,,,,432808,145.40,0
609,1384.536,"Mount",0.014,0.007,-0.000,-0.016,-0.013,0.000,7,E,0,,,,405779,132.56,0
610,1386.887,"Mount",0.106,0.048,-0.006,-0.116,-0.009,-0.042,5,E,18,N,,,442364,143.64,0
611,1389.034,"Mount",0.064,-0.176,-0.186,0.025,-0.080,0.000,46,E,0,,,,424205,158.15,0
612,1391.400,"Mount",-0.002,-0.158,-0.139,0.075,-0.039,0.027,22,E,12,S,,,390096,141.36,0
613,1393.561,"Mount",0.073,0.007,-0.028,-0.068,0.029,-0.024,17,W,10,N,,,444248,158.64,0
614,1395.970,"Mount",-0.134,-0.012,0.051,0.124,0.029,0.044,17,W,19,S,,,416369,130.23,0
615,1398.082,"Mount",0.010,-0.052,-0.051,0.015,0.029,0.000,16,W,0,,,,422206,151.41,0
616,1400.414,"Mount",-0.048,0.104,0.114,-0.006,0.077,0.000,44,W,0,,,,431884,147.61,0
617,1402.509,"Mount",0.017,-0.014,-0.020,-0.008,0.033,0.000,19,W,0,,,,414641,144.09,0
618,1405.004,"Mount",-0.066,0.170,0.181,-0.020,0.116,0.000,66,W,0,,,,409107,126.93,0
619,1407.082,"Mount",0.069,-0.019,-0.048,-0.053,0.035,0.000,20,W,0,,,,413338,145.53,0
620,1409.422,"Mount",0.010,-0.135,-0.125,0.054,-0.019,0.000,11,E,0,,,,405416,132.10,0
621,1411.565,"Mount",-0.034,-0.081,-0.057,0.068,0.037,0.024,21,W,10,S,,,428528,127.81,0
622,1414.000,"Mount",0.126,-0.105,-0.151,-0.064,-0.033,-0.022,19,E,9,N,,,395662,134.89,0
623,1416.103,"Mount",0.039,-0.112,-0.117,0.017,-0.036,0.000,21,E,0,,,,421987,145.49,0
624,1418.480,"Mount",0.106,-0.167,-0.197,-0.017,-0.081,0.000,46,E,0,,,,421119,159.12,0
625,1420.562,"Mount",0.051,-0.045,-0.063,-0.025,-0.038,0.000,22,E,0,,,,401738,127.37,0
626,1423.014,"Mount",0.139,-0.040,-0.099,-0.105,-0.065,-0.038,37,E,16,N,,,421684,141.93,0
627,1425.162,"Mount",0.089,-0.150,-0.174,-0.010,-0.108,0.000,62,E,0,,,,404722,139.81,0
628,1427.678,"Mount",0.085,0.029,-0.014,-0.089,-0.035,-0.032,20,E,14,N,,,420679,122.72,0
629,1429.982,"Mount",-0.011,-0.183,-0.157,0.095,-0.104,0.033,59,E,14,S,,,405165,133.53,0
630,1432.285,"Mount",0.031,-0.005,-0.019,-0.025,-0.026,0.000,15,E,0,,,,414074,135.64,0
631,1434.393,"Mount",-0.070,-0.047,-0.009,0.083,-0.019,0.030,11,E,13,S,,,401250,116.46,0
632,1436.743,"Mount",0.099,0.010,-0.037,-0.093,-0.012,-0.032,7,E,14,N,,,410059,133.15,0
633,1438.835,"Mount",0.055,-0.078,-0.095,-0.013,-0.046,0.000,26,E,0,,,,395744,134.68,0
634,1441.156,"Mount",0.063,-0.133,-0.147,0.006,-0.055,0.000,31,E,0,,,,432325,138.77,0
635,1443.307,"Mount",-0.095,-0.003,0.041,0.086,0.021,0.031,12,W,13,S,,,411358,141.67,0
636,1445.603,"Mount",0.003,-0.015,-0.015,0.004,0.035,0.000,20,W,0,,,,421749,132.37,0
637,1447.734,"Mount",0.093,-0.030,-0.069,-0.068,0.007,-0.025,4,W,11,N,,,409888,135.12,0
638,1450.100,"Mount",-0.014,-0.067,-0.053,0.044,0.049,0.000,28,W,0,,,,409502,132.85,0
639,1452.155,"Mount",0.030,-0.073,-0.079,0.007,0.018,0.000,10,W,0,,,,415125,132.32,0
640,1454.528,"Mount",0.024,-0.008,-0.018,-0.018,0.052,0.000,30,W,0,,,,422469,140.26,0
641,1456.659,"Mount",-0.064,-0.052,-0.016,0.081,0.045,0.029,26,W,12,S,,,438401,150.01,0
642,1459.019,"Mount",0.051,-0.020,-0.041,-0.036,0.038,0.000,22,W,0,,,,403528,138.33,0
643,1461.135,"Mount",0.039,-0.130,-0.133,0.026,-0.032,0.000,19,E,0,,,,445151,183.13,0
644,1463.460,"Mount",0.003,-0.079,-0.072,0.034,-0.019,0.000,11,E,0,,,,427283,139.72,0
645,1465.524,"Mount",-0.011,0.006,0.010,0.006,-0.002,0.000,1,E,0,,,,422538,135.12,0
646,1467.919,"Mount",0.009,-0.169,-0.154,0.070,-0.087,0.025,50,E,11,S,,,423417,147.10,0
647,1470.073,"Mount",0.076,-0.015,-0.048,-0.060,-0.032,-0.021,19,E,9,N,,,416183,136.40,0
648,1472.386,"Mount",-0.017,0.003,0.011,0.014,-0.052,0.000,30,E,0,,,,408823,144.14,0
649,1474.484,"Mount",0.016,-0.066,-0.066,0.016,-0.094,0.000,54,E,0,,,,406719,139.15,0
650,1476.847,"Mount",0.028,0.004,-0.009,-0.027,-0.082,0.000,47,E,0,,,,440233,140.52,0
651,1478.995,"Mount",0.010,-0.096,-0.090,0.036,-0.131,0.000,75,E,0,,,,418572,131.94,0
652,1481.378,"Mount",0.039,-0.150,-0.151,0.034,-0.175,0.000,100,E,0,,,,429257,166.32,0
653,1483.650,"Mount",0.011,-0.170,-0.156,0.068,-0.180,0.025,103,E,11,S,,,400823,136.03,0
654,1486.031,"Mount",0.006,-0.121,-0.110,0.051,-0.177,0.000,101,E,0,,,,397961,132.39,0
655,1488.217,"Mount",-0.006,-0.076,-0.065,0.040,-0.154,0.000,88,E,0,,,,406909,138.74,0
656,1490.614,"Mount",0.089,-0.062,-0.096,-0.050,-0.174,0.000,99,E,0,,,,419063,129.51,0
657,1492.792,"Mount",0.071,-0.016,-0.047,-0.056,-0.131,0.000,75,E,0,,,,458628,169.36,0
658,1495.169,"Mount",0.077,-0.044,-0.074,-0.048,-0.163,0.000,93,E,0,,,,427568,147.70,0
659,1497.300,"Mount",-0.001,-0.051,-0.045,0.024,-0.095,0.000,55,E,0,,,,399473,145.26,0
660,1499.608,"Mount",-0.103,0.076,0.115,0.057,-0.029,0.000,17,E,0,,,,424736,128.96,0
661,1501.766,"Mount",-0.048,-0.058,-0.030,0.070,-0.057,0.025,32,E,11,S,,,406997,134.62,0
662,1504.056,"Mount",-0.051,0.094,0.107,0.002,0.009,0.000,5,W,0,,,,420784,139.26,0
663,1506.114,"Mount",-0.029,0.072,0.077,-0.007,0.010,0.000,6,W,0,,,,427023,154.35,0
664,1508.425,"Mount",-0.034,-0.016,0.001,0.037,-0.011,0.000,6,E,0,,,,422187,140.93,0
665,1510.508,"Mount",-0.058,0.047,0.068,0.030,0.025,0.000,14,W,0,,,,427659,133.00,0
666,1512.837,"Mount",-0.003,0.061,0.055,-0.026,-0.003,0.000,2,E,0,,,,396199,132.06,0
667,1514.998,"Mount",-0.024,-0.087,-0.066,0.062,-0.036,0.022,21,E,10,S,,,393936,129.14,0
668,1517.306,"Mount",0.024,-0.069,-0.072,0.011,-0.049,0.000,28,E,0,,,,395695,125.79,0
669,1519.392,"Mount",0.040,-0.079,-0.088,0.001,-0.071,0.000,41,E,0,,,,397096,138.27,0
670,1521.777,"Mount",0.128,-0.142,-0.185,-0.048,-0.135,0.000,77,E,0,,,,407150,138.67,0
671,1523.874,"Mount",0.048,0.016,-0.008,-0.050,-0.069,0.000,40,E,0,,,,416506,124.57,0
672,1526.201,"Mount",0.026,-0.029,-0.038,-0.009,-0.099,0.000,56,E,0,,,,424079,139.61,0
673,1528.330,"Mount",0.052,-0.066,-0.082,-0.016,-0.151,0.000,87,E,0,,,,412314,144.58,0
674,1530.697,"Mount",0.008,0.059,0.049,-0.034,-0.137,0.000,78,E,0,,,,413147,127.00,0
675,1532.934,"Mount",-0.045,-0.122,-0.087,0.097,-0.185,0.035,106,E,15,S,,,411261,136.90,0
676,1535.318,"Mount",0.053,0.003,-0.021,-0.049,-0.164,0.000,94,E,0,,,,419602,146.72,0
677,1537.497,"Mount",0.043,-0.055,-0.069,-0.013,-0.188,0.000,107,E,0,,,,440288,136.80,0
678,1539.930,"Mount",0.036,-0.152,-0.151,0.039,-0.239,0.000,137,E,0,,,,408092,134.19,0
679,1542.113,"Mount",0.008,-0.037,-0.037,0.010,-0.165,0.000,95,E,0,,,,402246,130.02,0
680,1544.527,"Mount",0.027,0.042,0.025,-0.043,-0.178,0.000,102,E,0,,,,404733,126.35,0
681,1546.673,"Mount",0.018,-0.057,-0.059,0.011,-0.180,0.000,103,E,0,,,,397572,127.61,0
682,1549.234,"Mount",0.119,-0.217,-0.248,-0.006,-0.299,0.000,171,E,0,,,,419861,135.61,0
683,1551.534,"Mount",0.021,-0.268,-0.248,0.105,-0.303,0.038,173,E,16,S,,,405344,133.45,0
684,1553.931,"Mount",0.037,0.009,-0.009,-0.037,-0.190,0.000,109,E,0,,,,410997,138.88,0
685,1556.192,"Mount",-0.040,-0.095,-0.066,0.079,-0.222,0.028,127,E,12,S,,,427584,131.22,0
686,1558.605,"Mount",-0.008,-0.033,-0.025,0.022,-0.188,0.000,107,E,0,,,,415187,123.10,0
687,1560.737,"Mount",-0.046,0.135,0.141,-0.021,-0.089,0.000,51,E,0,,,,428325,148.25,0
688,1563.257,"Mount",-0.048,-0.043,-0.016,0.063,-0.140,0.023,80,E,10,S,,,432306,126.91,0
689,1565.380,"Mount",-0.069,0.011,0.042,0.057,-0.113,0.000,65,E,0,,,,435762,123.65,0
690,1567.749,"Mount",0.033,-0.039,-0.050,-0.012,-0.088,0.000,50,E,0,,,,386218,120.85,0
691,1569.823,"Mount",-0.030,0.169,0.163,-0.052,0.003,0.000,1,W,0,,,,407128,136.69,0
692,1572.153,"Mount",-0.077,0.185,0.200,-0.017,0.041,0.000,24,W,0,,,,418703,149.17,0
693,1574.211,"Mount",-0.028,0.112,0.112,-0.026,0.015,0.000,8,W,0,,,,419356,146.01,0
694,1576.530,"Mount",0.004,-0.064,-0.059,0.026,-0.008,0.000,4,E,0,,,,426831,160.79,0
695,1578.592,"Mount",-0.060,0.010,0.037,0.049,0.007,0.000,4,W,0,,,,400917,137.05,0
696,1580.978,"Mount",-0.077,-0.142,-0.090,0.133,-0.040,0.048,23,E,21,S,,,424656,133.72,0
697,1583.110,"Mount",0.108,-0.085,-0.125,-0.056,-0.043,0.000,25,E,0,,,,402035,133.60,0
698,1585.483,"Mount",-0.064,-0.084,-0.045,0.095,0.021,0.034,12,W,15,S,,,377992,126.87,0
699,1587.611,"Mount",-0.051,-0.083,-0.050,0.083,0.005,0.031,3,W,13,S,,,402571,131.14,0
700,1590.088,"Mount",0.029,-0.225,-0.213,0.078,-0.092,0.029,53,E,13,S,,,418217,159.09,0
701,1592.186,"Mount",0.017,-0.144,-0.135,0.051,-0.055,0.000,32,E,0,,,,411497,145.01,0
702,1594.518,"Mount",0.021,-0.077,-0.078,0.017,-0.032,0.000,18,E,0,,,,422556,135.10,0
703,1596.736,"Mount",-0.024,-0.110,-0.086,0.072,-0.044,0.026,25,E,11,S,,,418968,137.69,0
704,1599.040,"Mount",-0.006,-0.082,-0.069,0.043,-0.036,0.000,21,E,0,,,,415462,135.22,0
705,1601.205,"Mount",-0.034,-0.000,0.015,0.030,-0.007,0.000,4,E,0,,,,440296,142.09,0
706,1603.524,"Mount",0.045,-0.046,-0.061,-0.019,-0.033,0.000,19,E,0,,,,397719,131.26,0
707,1605.675,"Mount",0.036,0.090,0.063,-0.073,0.033,-0.026,19,W,11,N,,,410602,141.79,0
708,1608.010,"Mount",0.032,0.005,-0.010,-0.030,0.016,0.000,9,W,0,,,,421191,141.20,0
709,1610.132,"Mount",-0.032,0.082,0.088,-0.009,0.069,0.000,39,W,0,,,,409378,128.11,0
710,1612.449,"Mount",0.045,0.036,0.011,-0.056,0.056,0.000,32,W,0,,,,408527,119.63,0
711,1614.625,"Mount",0.112,0.033,-0.022,-0.115,0.072,-0.041,41,W,18,N,,,439429,147.67,0
712,1617.019,"Mount",-0.096,0.057,0.095,0.059,0.142,0.000,81,W,0,,,,409149,138.41,0
713,1619.147,"Mount",-0.009,0.005,0.009,0.006,0.112,0.000,64,W,0,,,,431486,145.45,0
714,1621.600,"Mount",-0.104,-0.072,-0.016,0.126,0.125,0.045,71,W,19,S,,,415171,140.37,0
715,1623.781,"Mount",-0.089,0.062,0.096,0.050,0.173,0.000,99,W,0,,,,424231,138.80,0
716,1626.249,"Mount",-0.043,0.186,0.185,-0.048,0.228,0.000,131,W,0,,,,419035,145.75,0
717,1628.614,"Mount",-0.001,0.229,0.204,-0.105,0.238,-0.038,136,W,16,N,,,420897,140.08,0
718,1631.046,"Mount",-0.025,0.027,0.036,0.010,0.167,0.000,95,W,0,,,,420139,140.12,0
719,1633.309,"Mount",0.027,0.089,0.066,-0.065,0.186,-0.023,107,W,10,N,,,414541,130.18,0
720,1635.712,"Mount",-0.020,0.089,0.088,-0.023,0.200,0.000,114,W,0,,,,419579,142.58,0
721,1637.879,"Mount",-0.008,0.103,0.095,-0.040,0.183,0.000,105,W,0,,,,426859,127.66,0
722,1640.199,"Mount",-0.013,-0.083,-0.068,0.050,0.095,0.000,54,W,0,,,,394445,127.31,0
723,1642.301,"Mount",0.076,-0.050,-0.080,-0.044,0.045,0.000,26,W,0,,,,410196,146.75,0
724,1644.672,"Mount",-0.035,-0.081,-0.056,0.069,0.059,0.025,34,W,11,S,,,435375,155.32,0
725,1646.823,"Mount",-0.041,-0.053,-0.029,0.061,0.024,0.023,13,W,10,S,,,435175,168.70,0
726,1649.212,"Mount",0.102,-0.063,-0.103,-0.061,-0.039,-0.021,22,E,9,N,,,404833,129.44,0
727,1651.277,"Mount",0.052,-0.038,-0.058,-0.029,0.009,0.000,5,W,0,,,,407631,129.73,0
728,1653.678,"Mount",-0.084,-0.042,0.001,0.094,-0.005,0.034,3,E,14,S,,,420870,135.93,0
729,1655.741,"Mount",-0.013,0.026,0.029,-0.000,0.002,0.000,1,W,0,,,,401042,136.43,0
730,1658.093,"Mount",0.014,-0.088,-0.084,0.028,-0.044,0.000,25,E,0,,,,420337,150.70,0
731,1660.163,"Mount",-0.038,-0.027,-0.006,0.046,-0.011,0.000,6,E,0,,,,426480,134.23,0
732,1662.453,"Mount",0.040,-0.019,-0.035,-0.027,-0.011,0.000,6,E,0,,,,424710,143.78,0
733,1664.566,"Mount",-0.032,0.003,0.017,0.027,-0.012,0.000,7,E,0,,,,407869,135.01,0
734,1666.893,"Mount",0.060,0.073,0.037,-0.087,-0.017,-0.031,9,E,13,N,,,405070,128.08,0
735,1669.105,"Mount",-0.019,-0.119,-0.097,0.072,-0.047,0.025,27,E,10,S,,,412099,135.94,0
736,1671.488,"Mount",0.148,0.029,-0.042,-0.145,0.021,-0.051,12,W,22,N,,,427381,133.92,0
737,1673.623,"Mount",0.067,0.032,-0.002,-0.074,0.045,-0.029,26,W,12,N,,,404547,133.37,0
738,1675.953,"Mount",-0.025,-0.012,0.001,0.028,0.073,0.000,42,W,0,,,,424366,153.18,0
739,1678.098,"Mount",-0.040,0.090,0.099,-0.007,0.142,0.000,81,W,0,,,,417071,135.04,0
740,1680.548,"Mount",-0.068,0.114,0.133,0.007,0.192,0.000,110,W,0,,,,419060,150.03,0
741,1682.820,"Mount",-0.194,0.042,0.127,0.152,0.210,0.055,120,W,23,S,,,411907,136.55,0
742,1685.285,"Mount",0.014,-0.016,-0.021,-0.005,0.174,0.000,100,W,0,,,,415941,143.32,0
743,1687.576,"Mount",0.013,0.113,0.094,-0.064,0.217,-0.023,124,W,10,N,,,383200,130.59,0
744,1689.979,"Mount",-0.082,0.067,0.097,0.041,0.220,0.000,126,W,0,,,,427852,134.69,0
745,1692.179,"Mount",-0.079,0.018,0.053,0.062,0.148,0.022,84,W,10,S,,,441891,162.86,0
746,1694.613,"Mount",-0.032,-0.032,-0.014,0.043,0.136,0.000,78,W,0,,,,427262,159.93,0
747,1696.822,"Mount",-0.122,-0.044,0.017,0.128,0.115,0.046,66,W,20,S,,,419795,165.35,0
748,1699.233,"Mount",-0.041,0.067,0.079,0.005,0.141,0.000,81,W,0,,,,414420,138.23,0
749,1701.385,"Mount",-0.015,0.104,0.099,-0.035,0.142,0.000,81,W,0,,,,420270,144.13,0
750,1703.736,"Mount",-0.054,0.131,0.141,-0.013,0.155,0.000,89,W,0,,,,404169,141.86,0
751,1705.866,"Mount",0.009,0.022,0.016,-0.018,0.104,0.000,60,W,0,,,,415412,137.91,0
752,1708.333,"Mount",-0.164,0.073,0.140,0.112,0.169,0.040,96,W,17,S,,,413089,131.40,0
753,1710.480,"Mount",-0.081,0.064,0.094,0.042,0.143,0.000,82,W,0,,,,454737,152.83,0
754,1712.825,"Mount",-0.037,0.012,0.027,0.027,0.097,0.000,55,W,0,,,,413053,140.18,0
755,1715.037,"Mount",0.050,0.053,0.024,-0.069,0.078,-0.025,44,W,11,N,,,413414,121.50,0
756,1717.336,"Mount",0.090,-0.125,-0.152,-0.022,-0.034,0.000,19,E,0,,,,409365,132.85,0
757,1719.423,"Mount",0.026,-0.071,-0.075,0.010,-0.027,0.000,15,E,0,,,,420083,144.37,0
758,1721.730,"Mount",-0.016,-0.058,-0.044,0.041,-0.029,0.000,17,E,0,,,,406402,125.31,0
759,1723.864,"Mount",0.025,0.050,0.033,-0.046,-0.046,0.000,26,E,0,,,,413985,121.10,0
760,1726.186,"Mount",-0.024,0.010,0.020,0.017,-0.041,0.000,24,E,0,,,,429853,141.54,0
761,1728.341,"Mount",0.004,-0.130,-0.117,0.056,-0.093,0.000,53,E,0,,,,420483,137.36,0
762,1730.634,"Mount",0.006,0.081,0.069,-0.042,-0.007,0.000,4,E,0,,,,404368,138.09,0
763,1732.798,"Mount",-0.113,-0.086,-0.025,0.140,-0.015,0.051,8,E,22,S,,,420022,147.59,0
764,1735.080,"Mount",-0.003,0.010,0.010,-0.002,0.004,0.000,2,W,0,,,,384406,112.12,0
765,1737.168,"Mount",0.037,-0.038,-0.051,-0.015,0.015,0.000,8,W,0,,,,413591,119.47,0
766,1739.465,"Mount",0.004,0.104,0.090,-0.052,0.070,0.000,40,W,0,,,,424887,139.85,0
767,1741.563,"Mount",0.043,-0.018,-0.036,-0.030,0.036,0.000,21,W,0,,,,404649,138.43,0
768,1743.862,"Mount",0.078,-0.058,-0.087,-0.042,0.004,0.000,2,W,0,,,,401229,141.03,0
769,1745.944,"Mount",0.098,-0.128,-0.159,-0.027,-0.030,0.000,17,E,0,,,,404862,127.17,0
770,1748.253,"Mount",0.090,-0.171,-0.193,-0.001,-0.046,0.000,26,E,0,,,,406527,134.00,0
771,1750.412,"Mount",-0.092,-0.045,0.002,0.102,0.038,0.037,22,W,16,S,,,428251,130.99,0
772,1752.720,"Mount",0.046,0.024,0.000,-0.052,0.026,0.000,15,W,0,,,,422901,141.15,0
773,1754.868,"Mount",0.119,-0.035,-0.086,-0.090,-0.018,-0.032,10,E,14,N,,,434766,152.29,0
774,1757.228,"Mount",0.088,0.016,-0.026,-0.086,0.021,-0.032,12,W,14,N,,,411592,129.58,0
775,1759.342,"Mount",0.071,0.008,-0.025,-0.067,0.016,-0.025,9,W,11,N,,,397790,120.44,0
776,1761.729,"Mount",0.093,0.056,0.007,-0.108,0.008,-0.040,5,W,17,N,,,423906,161.48,0
777,1763.864,"Mount",0.148,-0.168,-0.218,-0.054,-0.095,0.000,54,E,0,,,,435802,157.66,0
778,1766.200,"Mount",0.107,-0.248,-0.270,0.020,-0.126,0.000,72,E,0,,,,407737,136.02,0
779,1768.332,"Mount",-0.046,-0.094,-0.062,0.084,-0.040,0.030,23,E,13,S,,,415632,122.92,0
780,1770.664,"Mount",0.068,-0.103,-0.123,-0.013,-0.075,0.000,43,E,0,,,,393599,158.66,0
781,1772.828,"Mount",0.089,-0.022,-0.060,-0.069,-0.061,-0.025,35,E,11,N,,,418919,124.44,0
782,1775.204,"Mount",0.074,0.009,-0.026,-0.070,-0.037,-0.026,21,E,11,N,,,423361,174.14,0
783,1777.287,"Mount",0.036,0.036,0.015,-0.049,-0.028,0.000,16,E,0,,,,428950,149.24,0
784,1779.635,"Mount",0.132,-0.134,-0.180,-0.055,-0.110,0.000,63,E,0,,,,415961,135.87,0
785,1781.802,"Mount",0.032,-0.090,-0.095,0.013,-0.059,0.000,34,E,0,,,,423805,150.89,0
786,1784.070,"Mount",-0.032,-0.041,-0.022,0.048,-0.012,0.000,7,E,0,,,,441298,150.89,0
787,1786.124,"Mount",0.008,0.009,0.005,-0.011,-0.013,0.000,8,E,0,,,,414248,147.21,0
788,1788.438,"Mount",-0.015,-0.017,-0.009,0.021,-0.004,0.000,3,E,0,,,,439739,143.06,0
789,1790.507,"Mount",-0.035,-0.043,-0.022,0.051,0.007,0.000,4,W,0,,,,432499,147.19,0
790,1792.816,"Mount",-0.023,-0.046,-0.030,0.042,0.020,0.000,11,W,0,,,,406883,129.10,0
791,1795.000,"Mount",-0.078,-0.165,-0.110,0.145,-0.022,0.052,12,E,22,S,,,443749,147.93,0
792,1797.322,"Mount",0.021,0.080,0.062,-0.055,0.067,0.000,38,W,0,,,,410881,141.48,0
793,1799.392,"Mount",-0.001,0.063,0.056,-0.029,0.042,0.000,24,W,0,,,,432736,136.65,0
794,1801.761,"Mount",-0.064,0.164,0.175,-0.019,0.129,0.000,74,W,0,,,,415714,133.25,0
795,1803.861,"Mount",0.012,0.041,0.031,-0.029,0.049,0.000,28,W,0,,,,412690,131.53,0
796,1806.221,"Mount",0.027,0.047,0.030,-0.045,0.050,0.000,28,W,0,,,,412091,124.27,0
797,1808.297,"Mount",0.048,-0.075,-0.089,-0.008,-0.003,0.000,2,E,0,,,,404568,137.31,0
798,1810.621,"Mount",0.010,-0.071,-0.068,0.024,-0.007,0.000,4,E,0,,,,421824,141.61,0
799,1812.780,"Mount",-0.133,-0.249,-0.160,0.233,-0.064,0.084,37,E,36,S,,,405623,129.66,0
800,1815.131,"Mount",-0.004,-0.002,0.000,0.005,-0.011,0.000,6,E,0,,,,401986,123.15,0
801,1817.230,"Mount",0.039,-0.014,-0.031,-0.028,-0.037,0.000,21,E,0,,,,434074,160.67,0
802,1819.672,"Mount",0.078,-0.009,-0.044,-0.065,-0.061,-0.024,35,E,10,N,,,394423,133.27,0
803,1821.854,"Mount",0.080,0.020,-0.019,-0.081,-0.077,-0.030,44,E,13,N,,,454119,156.07,0
804,1824.305,"Mount",0.144,-0.080,-0.137,-0.091,-0.160,-0.034,91,E,14,N,,,425258,139.88,0
805,1826.456,"Mount",0.057,-0.062,-0.081,-0.022,-0.141,0.000,81,E,0,,,,420232,123.84,0
806,1828.872,"Mount",0.044,-0.203,-0.200,0.055,-0.209,0.000,120,E,0,,,,419877,128.54,0
807,1830.997,"Mount",0.012,-0.071,-0.069,0.022,-0.154,0.000,88,E,0,,,,428525,168.23,0
808,1833.349,"Mount",0.006,-0.036,-0.034,0.011,-0.125,0.000,71,E,0,,,,420345,150.64,0
809,1835.463,"Mount",0.001,-0.030,-0.027,0.013,-0.124,0.000,71,E,0,,,,425492,134.33,0
810,1837.928,"Mount",0.042,-0.119,-0.125,0.018,-0.188,0.000,107,E,0,,,,406196,140.37,0
811,1842.261,"Mount",-0.101,-0.040,0.011,0.108,-0.157,0.039,90,E,17,S,,,398408,145.69,0
812,1844.366,"Mount",-0.008,-0.061,-0.051,0.036,-0.092,0.000,53,E,0,,,,404151,130.97,0
813,1846.665,"Mount",0.045,-0.027,-0.045,-0.027,-0.072,0.000,41,E,0,,,,411178,127.16,0
814,1848.786,"Mount",0.052,-0.042,-0.061,-0.027,-0.083,0.000,48,E,0,,,,434922,140.82,0
815,1851.230,"Mount",-0.006,0.090,0.082,-0.036,-0.027,0.000,16,E,0,,,,424709,141.29,0
816,1853.299,"Mount",0.015,0.011,0.003,-0.019,-0.046,0.000,26,E,0,,,,394142,128.42,0
817,1855.648,"Mount",0.007,0.038,0.030,-0.024,-0.038,0.000,22,E,0,,,,442727,135.51,0
818,1857.709,"Mount",-0.005,0.065,0.060,-0.026,0.003,0.000,1,W,0,,,,409921,138.92,0
819,1860.122,"Mount",-0.065,-0.041,-0.006,0.077,-0.024,0.028,14,E,12,S,,,428824,150.99,0
820,1862.211,"Mount",0.050,0.027,0.001,-0.056,-0.013,0.000,7,E,0,,,,393387,121.06,0
821,1864.532,"Mount",-0.118,0.113,0.154,0.052,0.052,0.000,30,W,0,,,,426027,147.48,0
822,1866.653,"Mount",-0.064,0.053,0.076,0.032,0.008,0.000,4,W,0,,,,407380,141.51,0
823,1868.944,"Mount",0.010,0.007,0.001,-0.012,-0.043,0.000,24,E,0,,,,414766,149.24,0
824,1871.077,"Mount",0.021,0.031,0.018,-0.033,-0.051,0.000,29,E,0,,,,411546,134.94,0
825,1873.395,"Mount",-0.043,0.046,0.061,0.017,-0.048,0.000,27,E,0,,,,416387,123.00,0
826,1875.548,"Mount",-0.004,0.037,0.035,-0.013,-0.088,0.000,50,E,0,,,,413152,138.89,0
827,1877.970,"Mount",0.048,-0.209,-0.208,0.054,-0.209,0.000,119,E,0,,,,427365,155.43,0
828,1880.191,"Mount",-0.013,-0.105,-0.087,0.060,-0.166,0.022,95,E,9,S,,,432086,136.38,0
829,1882.627,"Mount",0.072,-0.103,-0.125,-0.016,-0.212,0.000,121,E,0,,,,407142,133.66,0
830,1884.863,"Mount",-0.106,-0.159,-0.092,0.168,-0.209,0.060,119,E,26,S,,,421392,138.06,0
831,1887.341,"Mount",0.084,0.044,-0.000,-0.095,-0.191,-0.032,109,E,14,N,,,413963,135.67,0
832,1889.606,"Mount",0.170,0.017,-0.064,-0.159,-0.223,-0.058,127,E,25,N,,,409355,132.03,0
833,1892.143,"Mount",0.029,0.022,0.007,-0.036,-0.213,0.000,122,E,0,,,,424609,145.57,0
834,1894.417,"Mount",0.067,-0.101,-0.121,-0.012,-0.265,0.000,151,E,0,,,,425449,169.70,0
835,1896.840,"Mount",0.040,-0.054,-0.066,-0.011,-0.245,0.000,140,E,0,,,,412332,133.73,0
836,1899.037,"Mount",0.014,-0.055,-0.056,0.013,-0.202,0.000,116,E,0,,,,412576,137.85,0
837,1901.441,"Mount",-0.029,-0.069,-0.047,0.057,-0.207,0.000,118,E,0,,,,437733,164.92,0
838,1903.605,"Mount",-0.029,0.060,0.066,-0.002,-0.157,0.000,90,E,0,,,,412624,134.29,0
839,1906.098,"Mount",0.030,0.012,-0.003,-0.032,-0.167,0.000,96,E,0,,,,421768,134.18,0
840,1908.368,"Mount",-0.063,-0.045,-0.011,0.076,-0.138,0.028,79,E,12,S,,,449619,142.64,0
841,1910.712,"Mount",0.001,0.047,0.041,-0.022,-0.115,0.000,66,E,0,,,,420683,134.17,0
842,1912.885,"Mount",0.071,0.047,0.009,-0.085,-0.086,-0.031,49,E,13,N,,,389725,113.68,0
843,1915.345,"Mount",0.154,0.150,0.062,-0.205,-0.046,-0.075,27,E,32,N,,,375197,128.08,0
844,1917.450,"Mount",-0.088,0.097,0.127,0.033,0.003,0.000,2,W,0,,,,414599,145.78,0
845,1919.734,"Mount",-0.031,0.085,0.090,-0.012,-0.001,0.000,1,E,0,,,,421267,145.33,0
846,1921.905,"Mount",-0.015,0.138,0.129,-0.050,0.025,0.000,14,W,0,,,,406083,126.37,0
847,1924.210,"Mount",0.013,0.023,0.014,-0.022,-0.031,0.000,18,E,0,,,,432768,136.83,0
848,1926.350,"Mount",-0.059,0.014,0.039,0.046,-0.031,0.000,18,E,0,,,,424810,140.28,0
849,1928.653,"Mount",-0.071,0.074,0.099,0.029,0.026,0.000,15,W,0,,,,433997,143.20,0
850,1930.798,"Mount",-0.117,0.089,0.133,0.063,0.035,0.023,20,W,10,S,,,418617,137.19,0
851,1933.126,"Mount",-0.034,0.168,0.165,-0.047,0.060,0.000,34,W,0,,,,442923,180.29,0
852,1935.192,"Mount",-0.034,-0.029,-0.010,0.043,-0.005,0.000,3,E,0,,,,417257,142.51,0
853,1937.509,"Mount",-0.050,0.099,0.111,-0.001,0.057,0.000,32,W,0,,,,430518,146.04,0
854,1939.613,"Mount",-0.034,0.088,0.094,-0.011,0.051,0.000,29,W,0,,,,415618,147.65,0
855,1941.977,"Mount",-0.038,-0.069,-0.044,0.065,0.012,0.024,7,W,10,S,,,408992,139.17,0
856,1944.059,"Mount",0.045,-0.047,-0.062,-0.018,-0.019,0.000,11,E,0,,,,427046,166.96,0
857,1946.343,"Mount",0.039,-0.034,-0.048,-0.019,0.002,0.000,1,W,0,,,,431409,134.88,0
858,1948.404,"Mount",-0.005,0.063,0.058,-0.025,-0.002,0.000,1,E,0,,,,430180,129.08,0
859,1950.718,"Mount",-0.038,0.136,0.138,-0.029,0.056,0.000,32,W,0,,,,411830,157.53,0
860,1952.845,"Mount",-0.056,0.091,0.107,0.007,0.047,0.000,27,W,0,,,,444526,149.50,0
861,1955.181,"Mount",-0.024,0.157,0.151,-0.051,0.081,0.000,47,W,0,,,,427341,143.42,0
862,1957.322,"Mount",0.092,0.041,-0.005,-0.100,0.035,-0.036,20,W,15,N,,,405975,133.84,0
863,1959.639,"Mount",-0.021,0.045,0.050,-0.002,0.057,0.000,32,W,0,,,,396154,128.65,0
864,1961.781,"Mount",-0.034,0.080,0.087,-0.006,0.112,0.000,64,W,0,,,,418068,149.74,0
865,1964.167,"Mount",0.092,0.064,0.015,-0.111,0.096,-0.040,55,W,17,N,,,421927,132.85,0
866,1966.376,"Mount",0.133,0.168,0.088,-0.196,0.152,-0.072,87,W,31,N,,,415683,127.45,0
867,1968.852,"Mount",-0.168,0.162,0.221,0.074,0.234,0.024,134,W,10,S,,,411323,151.42,0
868,1971.033,"Mount",-0.077,0.082,0.108,0.030,0.190,0.000,108,W,0,,,,397908,123.90,0
869,1973.457,"Mount",-0.022,0.140,0.134,-0.045,0.211,0.000,121,W,0,,,,436439,140.57,0
870,1975.680,"Mount",-0.097,0.112,0.144,0.035,0.212,0.000,121,W,0,,,,426824,138.58,0
871,1978.179,"Mount",-0.103,-0.074,-0.019,0.125,0.158,0.045,90,W,19,S,,,409360,123.96,0
872,1980.355,"Mount",-0.045,0.065,0.078,0.011,0.184,0.000,105,W,0,,,,400395,132.07,0
873,1982.720,"Mount",-0.003,-0.125,-0.109,0.060,0.074,0.022,42,W,9,S,,,407969,124.45,0
874,1984.857,"Mount",-0.015,0.007,0.013,0.010,0.109,0.000,62,W,0,,,,424719,134.55,0
875,1987.195,"Mount",-0.057,-0.017,0.011,0.058,0.092,0.000,53,W,0,,,,414672,135.73,0
876,1989.321,"Mount",-0.029,-0.006,0.008,0.028,0.072,0.000,41,W,0,,,,421388,153.45,0
877,1991.622,"Mount",0.030,-0.083,-0.087,0.012,0.036,0.000,21,W,0,,,,426166,132.94,0
878,1993.734,"Mount",0.059,-0.002,-0.029,-0.052,0.061,0.000,35,W,0,,,,396893,120.78,0
879,1996.079,"Mount",-0.014,-0.143,-0.121,0.078,0.006,0.028,3,W,12,S,,,419023,134.56,0
880,1998.208,"Mount",0.124,-0.052,-0.103,-0.086,-0.005,-0.030,3,E,13,N,,,425321,143.95,0
881,2000.503,"Mount",0.008,-0.033,-0.033,0.008,0.030,0.000,17,W,0,,,,414691,127.26,0
882,2002.603,"Mount",0.020,-0.002,-0.011,-0.017,0.011,0.000,6,W,0,,,,425810,137.53,0
883,2004.973,"Mount",0.110,0.078,0.019,-0.134,-0.001,-0.048,1,E,21,N,,,410658,132.95,0
884,2007.107,"Mount",0.024,-0.063,-0.067,0.008,-0.052,0.000,30,E,0,,,,422051,143.12,0
885,2009.412,"Mount",0.051,-0.035,-0.054,-0.029,-0.033,0.000,19,E,0,,,,438654,130.89,0
886,2011.500,"Mount",0.074,-0.019,-0.051,-0.057,-0.033,0.000,19,E,0,,,,427016,137.23,0
887,2013.822,"Mount",0.054,-0.151,-0.159,0.022,-0.098,0.000,56,E,0,,,,424939,123.55,0
888,2015.906,"Mount",-0.066,0.032,0.059,0.044,-0.012,0.000,7,E,0,,,,414087,123.81,0
889,2018.266,"Mount",-0.073,-0.027,0.010,0.078,0.009,0.028,5,W,12,S,,,449049,150.00,0
890,2020.346,"Mount",-0.060,0.034,0.057,0.037,0.030,0.000,17,W,0,,,,409001,130.49,0
891,2022.725,"Mount",0.050,0.064,0.034,-0.074,0.061,-0.027,35,W,11,N,,,437317,140.59,0
892,2024.947,"Mount",-0.014,0.206,0.190,-0.083,0.174,-0.031,99,W,13,N,,,435878,143.56,0
893,2027.311,"Mount",-0.026,0.139,0.135,-0.041,0.182,0.000,104,W,0,,,,461861,165.10,0
894,2029.489,"Mount",-0.021,0.102,0.100,-0.029,0.184,0.000,105,W,0,,,,412826,143.51,0
895,2031.870,"Mount",-0.019,0.078,0.078,-0.019,0.203,0.000,116,W,0,,,,411834,131.18,0
896,2034.082,"Mount",-0.061,0.065,0.086,0.024,0.210,0.000,120,W,0,,,,417070,143.43,0
897,2036.479,"Mount",-0.021,0.039,0.044,0.001,0.181,0.000,104,W,0,,,,416297,128.81,0
898,2038.675,"Mount",0.001,0.118,0.104,-0.056,0.216,0.000,123,W,0,,,,437629,157.55,0
899,2041.082,"Mount",-0.013,0.059,0.058,-0.016,0.167,0.000,96,W,0,,,,406680,122.76,0
900,2043.400,"Mount",-0.046,-0.064,-0.036,0.071,0.150,0.025,86,W,11,S,,,425329,141.82,0
901,2045.783,"Mount",-0.011,-0.013,-0.006,0.015,0.140,0.000,80,W,0,,,,412453,133.43,0
902,2048.026,"Mount",-0.137,0.115,0.165,0.068,0.195,0.025,111,W,10,S,,,422170,143.06,0
903,2050.429,"Mount",-0.038,0.154,0.154,-0.038,0.184,0.000,105,W,0,,,,428436,148.88,0
904,2052.596,"Mount",-0.061,0.146,0.158,-0.013,0.160,0.000,92,W,0,,,,409422,128.34,0
905,2054.933,"Mount",0.054,0.023,-0.004,-0.059,0.085,0.000,49,W,0,,,,419200,150.44,0
906,2057.116,"Mount",-0.064,0.033,0.059,0.042,0.073,0.000,42,W,0,,,,392808,118.38,0
907,2059.423,"Mount",0.049,-0.026,-0.046,-0.031,0.064,0.000,36,W,0,,,,444897,140.73,0
908,2061.535,"Mount",0.112,-0.189,-0.219,-0.012,-0.042,0.000,24,E,0,,,,416180,156.89,0
909,2063.817,"Mount",-0.015,-0.043,-0.031,0.033,0.043,0.000,25,W,0,,,,406132,136.38,0
910,2065.997,"Mount",0.025,-0.224,-0.210,0.081,-0.073,0.029,42,E,12,S,,,424110,148.18,0
911,2068.330,"Mount",0.030,0.023,0.007,-0.037,0.001,0.000,1,W,0,,,,404720,136.15,0
912,2070.473,"Mount",0.148,0.059,-0.016,-0.159,-0.011,-0.057,6,E,24,N,,,413836,139.66,0
913,2072.788,"Mount",0.064,-0.029,-0.056,-0.043,-0.016,0.000,9,E,0,,,,413712,139.57,0
914,2074.869,"Mount",0.050,-0.018,-0.038,-0.036,-0.015,0.000,8,E,0,,,,417748,132.80,0
915,2077.244,"Mount",0.088,-0.167,-0.189,-0.001,-0.109,0.000,62,E,0,,,,404565,123.84,0
916,2079.347,"Mount",0.025,-0.087,-0.089,0.018,-0.057,0.000,32,E,0,,,,410967,136.49,0
917,2081.665,"Mount",0.054,-0.049,-0.069,-0.026,-0.050,0.000,29,E,0,,,,409478,129.67,0
918,2083.749,"Mount",0.096,-0.088,-0.122,-0.044,-0.070,0.000,40,E,0,,,,427003,143.52,0
919,2086.097,"Mount",0.064,0.043,0.008,-0.076,0.001,-0.027,1,W,12,N,,,439924,148.79,0
920,2088.200,"Mount",0.022,-0.070,-0.072,0.013,-0.022,0.000,12,E,0,,,,409360,140.26,0
921,2090.575,"Mount",0.154,-0.111,-0.170,-0.085,-0.054,-0.031,31,E,13,N,,,423903,146.01,0
922,2092.675,"Mount",0.061,-0.036,-0.060,-0.038,0.004,0.000,2,W,0,,,,435311,143.67,0
923,2095.114,"Mount",0.083,0.048,0.005,-0.096,0.036,-0.034,21,W,15,N,,,428049,135.15,0
924,2097.266,"Mount",0.039,0.060,0.035,-0.063,0.036,-0.024,20,W,10,N,,,428959,148.11,0
925,2099.568,"Mount",0.092,-0.092,-0.124,-0.039,-0.029,0.000,16,E,0,,,,425967,140.25,0
926,2101.657,"Mount",0.053,-0.002,-0.026,-0.046,0.024,0.000,14,W,0,,,,425825,137.26,0
927,2104.003,"Mount",0.052,-0.096,-0.109,-0.002,-0.032,0.000,18,E,0,,,,433576,143.81,0
928,2106.067,"Mount",0.030,0.028,0.011,-0.040,0.007,0.000,4,W,0,,,,443732,148.98,0
929,2108.428,"Mount",0.060,-0.124,-0.138,0.004,-0.060,0.000,35,E,0,,,,434178,131.10,0
930,2110.591,"Mount",-0.051,-0.144,-0.105,0.112,-0.047,0.040,27,E,17,S,,,443335,132.96,0
931,2112.952,"Mount",0.028,-0.052,-0.059,-0.001,-0.008,0.000,4,E,0,,,,436441,163.96,0
932,2115.088,"Mount",0.079,-0.021,-0.055,-0.060,-0.013,-0.022,8,E,9,N,,,416751,139.21,0
933,2117.447,"Mount",0.091,-0.090,-0.122,-0.039,-0.074,0.000,42,E,0,,,,412103,140.26,0
934,2119.575,"Mount",0.022,-0.145,-0.139,0.048,-0.092,0.000,52,E,0,,,,424759,147.27,0
935,2121.931,"Mount",0.067,-0.084,-0.106,-0.021,-0.080,0.000,45,E,0,,,,412069,127.06,0
936,2124.089,"Mount",0.043,0.020,-0.002,-0.048,-0.034,0.000,19,E,0,,,,418840,146.49,0
937,2126.425,"Mount",0.049,-0.096,-0.108,0.001,-0.088,0.000,50,E,0,,,,415021,132.82,0
938,2128.556,"Mount",0.009,-0.140,-0.128,0.056,-0.091,0.000,52,E,0,,,,424199,143.64,0
939,2130.920,"Mount",-0.039,-0.097,-0.068,0.080,-0.062,0.029,36,E,12,S,,,418573,131.51,0
940,2133.040,"Mount",-0.001,-0.031,-0.027,0.015,-0.022,0.000,13,E,0,,,,453435,141.34,0
941,2135.379,"Mount",-0.094,0.027,0.067,0.071,0.017,0.025,10,W,11,S,,,419750,138.05,0
942,2137.509,"Mount",0.065,0.027,-0.006,-0.070,-0.003,-0.024,2,E,10,N,,,436893,130.71,0
943,2139.926,"Mount",-0.049,0.245,0.240,-0.070,0.118,-0.026,68,W,11,N,,,398225,124.12,0
944,2142.042,"Mount",-0.011,0.018,0.021,0.002,0.033,0.000,19,W,0,,,,441438,151.36,0
945,2144.392,"Mount",-0.103,-0.005,0.043,0.094,0.045,0.034,26,W,14,S,,,400694,130.97,0
946,2146.629,"Mount",0.086,0.006,-0.034,-0.079,0.058,-0.027,33,W,12,N,,,390905,129.90,0
947,2148.948,"Mount",0.004,-0.033,-0.031,0.012,0.063,0.000,36,W,0,,,,423127,140.18,0
948,2151.098,"Mount",-0.062,0.071,0.092,0.022,0.094,0.000,54,W,0,,,,409327,134.74,0
949,2153.403,"Mount",0.103,-0.132,-0.164,-0.030,-0.029,0.000,17,E,0,,,,414876,147.96,0
950,2155.485,"Mount",0.031,-0.096,-0.099,0.016,-0.016,0.000,9,E,0,,,,447139,164.35,0
951,2157.820,"Mount",0.018,-0.022,-0.028,-0.006,0.012,0.000,7,W,0,,,,443052,157.21,0
952,2159.883,"Mount",0.091,-0.045,-0.082,-0.060,-0.039,0.000,22,E,0,,,,424267,138.39,0
953,2162.267,"Mount",0.030,0.074,0.052,-0.061,-0.023,-0.022,13,E,9,N,,,424155,136.78,0
954,2164.394,"Mount",-0.081,-0.092,-0.045,0.115,-0.040,0.040,23,E,17,S,,,438965,141.09,0
955,2166.743,"Mount",0.023,-0.067,-0.070,0.010,-0.087,0.000,50,E,0,,,,410747,139.34,0
956,2168.879,"Mount",0.002,-0.076,-0.069,0.033,-0.102,0.000,58,E,0,,,,425241,155.40,0
957,2171.271,"Mount",0.072,0.027,-0.009,-0.076,-0.090,-0.027,51,E,12,N,,,417011,142.44,0
958,2173.399,"Mount",0.047,-0.029,-0.048,-0.028,-0.099,0.000,57,E,0,,,,420015,132.54,0
959,2175.872,"Mount",0.081,0.007,-0.031,-0.075,-0.113,-0.027,65,E,12,N,,,413610,137.06,0
960,2178.197,"Mount",0.002,-0.253,-0.225,0.115,-0.217,0.040,124,E,17,S,,,412321,127.64,0
961,2180.634,"Mount",-0.034,-0.121,-0.092,0.086,-0.161,0.033,92,E,14,S,,,434900,146.31,0
962,2182.854,"Mount",0.107,-0.196,-0.224,-0.004,-0.220,0.000,126,E,0,,,,415258,145.70,0
963,2185.237,"Mount",0.067,-0.066,-0.090,-0.029,-0.165,0.000,94,E,0,,,,407698,122.62,0
964,2187.506,"Mount",0.002,-0.176,-0.158,0.079,-0.189,0.029,108,E,12,S,,,412011,131.68,0
965,2189.876,"Mount",0.046,-0.111,-0.120,0.010,-0.178,0.000,102,E,0,,,,430204,173.64,0
966,2192.004,"Mount",0.004,-0.043,-0.040,0.016,-0.107,0.000,61,E,0,,,,407181,136.25,0
967,2194.342,"Mount",0.001,0.010,0.009,-0.005,-0.096,0.000,55,E,0,,,,420661,138.75,0
968,2196.554,"Mount",0.002,-0.041,-0.037,0.017,-0.080,0.000,46,E,0,,,,388955,124.68,0
969,2199.082,"Mount",-0.066,-0.019,0.013,0.068,-0.063,0.024,36,E,10,S,,,435806,148.19,0
970,2201.186,"Mount",-0.037,0.034,0.047,0.018,-0.046,0.000,26,E,0,,,,417018,126.35,0
971,2203.505,"Mount",-0.016,0.142,0.134,-0.051,0.030,0.000,17,W,0,,,,407896,125.47,0
972,2205.646,"Mount",-0.051,0.112,0.123,-0.007,0.038,0.000,22,W,0,,,,401401,147.16,0
973,2208.008,"Mount",0.045,-0.008,-0.028,-0.036,-0.013,0.000,7,E,0,,,,429124,130.84,0
974,2210.190,"Mount",0.059,-0.023,-0.047,-0.042,-0.015,0.000,8,E,0,,,,436363,152.57,0
975,2212.497,"Mount",0.008,-0.034,-0.034,0.008,-0.015,0.000,9,E,0,,,,408045,133.26,0
976,2214.616,"Mount",0.072,-0.019,-0.050,-0.055,-0.027,0.000,16,E,0,,,,424418,139.59,0
977,2217.039,"Mount",-0.046,-0.158,-0.119,0.114,-0.098,0.041,56,E,18,S,,,430714,147.88,0
978,2219.296,"Mount",0.255,-0.162,-0.261,-0.151,-0.180,-0.053,103,E,23,N,,,420278,148.93,0
979,2221.644,"Mount",0.044,-0.048,-0.063,-0.017,-0.115,0.000,66,E,0,,,,438003,135.13,0
980,2223.808,"Mount",0.013,0.053,0.041,-0.036,-0.100,0.000,57,E,0,,,,412189,139.21,0
981,2226.157,"Mount",0.025,0.030,0.015,-0.036,-0.122,0.000,69,E,0,,,,406431,136.45,0
982,2228.403,"Mount",0.093,-0.132,-0.160,-0.022,-0.207,0.000,118,E,0,,,,403778,128.29,0
983,2230.796,"Mount",0.053,-0.072,-0.088,-0.014,-0.197,0.000,113,E,0,,,,444353,146.50,0
984,2233.013,"Mount",0.089,-0.010,-0.049,-0.074,-0.171,-0.027,98,E,11,N,,,417367,129.63,0
985,2235.453,"Mount",0.059,-0.153,-0.163,0.018,-0.277,0.000,158,E,0,,,,419691,148.19,0
986,2237.673,"Mount",0.084,-0.145,-0.167,-0.008,-0.274,0.000,156,E,0,,,,438630,146.89,0
987,2240.129,"Mount",0.012,0.099,0.082,-0.056,-0.185,0.000,106,E,0,,,,415485,139.00,0
988,2242.400,"Mount",0.095,-0.089,-0.123,-0.044,-0.273,0.000,156,E,0,,,,428772,139.79,0
989,2244.814,"Mount",-0.033,0.046,0.056,0.008,-0.220,0.000,126,E,0,,,,417522,131.53,0
990,2247.015,"Mount",-0.032,0.031,0.042,0.014,-0.202,0.000,115,E,0,,,,430042,151.41,0
991,2249.402,"Mount",-0.065,0.049,0.074,0.035,-0.160,0.000,91,E,0,,,,432008,149.43,0
992,2251.564,"Mount",-0.018,-0.059,-0.044,0.043,-0.168,0.000,96,E,0,,,,438649,152.79,0
993,2253.915,"Mount",-0.038,-0.035,-0.014,0.050,-0.151,0.000,87,E,0,,,,442808,150.74,0
994,2256.116,"Mount",-0.110,0.024,0.072,0.086,-0.096,0.031,55,E,13,S,,,421797,147.45,0
995,2258.438,"Mount",-0.032,0.119,0.121,-0.027,-0.054,0.000,31,E,0,,,,400267,136.22,0
996,2260.551,"Mount",0.022,0.063,0.046,-0.049,-0.083,0.000,47,E,0,,,,429004,147.66,0
997,2262.929,"Mount",-0.002,-0.013,-0.011,0.008,-0.078,0.000,45,E,0,,,,417664,133.83,0
998,2265.043,"Mount",-0.010,-0.004,0.001,0.011,-0.075,0.000,43,E,0,,,,429000,140.30,0
999,2267.359,"Mount",-0.008,-0.001,0.003,0.008,-0.056,0.000,32,E,0,,,,430661,138.95,0
1000,2269.452,"Mount",0.045,-0.014,-0.033,-0.033,-0.051,0.000,29,E,0,,,,424335,137.56,0
1001,2271.787,"Mount",-0.059,0.084,0.102,0.013,0.001,0.000,1,W,0,,,,418809,152.28,0
1002,2273.871,"Mount",-0.049,-0.013,0.011,0.050,-0.032,0.000,18,E,0,,,,404693,144.28,0
1003,2276.265,"Mount",-0.069,-0.031,0.004,0.075,-0.027,0.027,16,E,12,S,,,402822,153.65,0
1004,2278.316,"Mount",0.017,0.061,0.046,-0.043,-0.013,0.000,7,E,0,,,,417359,140.17,0
1005,2280.707,"Mount",0.151,-0.098,-0.156,-0.089,-0.077,-0.032,44,E,14,N,,,434235,154.97,0
1006,2282.790,"Mount",0.052,0.042,0.013,-0.066,0.001,-0.025,0,,11,N,,,412872,135.81,0
1007,2285.151,"Mount",0.024,0.087,0.066,-0.061,0.037,-0.023,21,W,10,N,,,430107,144.87,0
1008,2287.201,"Mount",-0.009,0.009,0.012,0.003,0.003,0.000,2,W,0,,,,424301,124.67,0
1009,2289.529,"Mount",-0.168,-0.119,-0.028,0.204,0.000,0.073,0,,31,S,,,434707,147.18,0
1010,2291.631,"Mount",0.007,0.032,0.025,-0.020,0.004,0.000,2,W,0,,,,430830,168.17,0
1011,2293.977,"Mount",-0.033,-0.027,-0.009,0.042,0.002,0.000,1,W,0,,,,430426,151.98,0
1012,2296.043,"Mount",0.051,-0.008,-0.031,-0.042,0.001,0.000,1,W,0,,,,405123,138.38,0
1013,2298.487,"Mount",0.012,0.138,0.117,-0.074,0.060,-0.027,34,W,11,N,,,441428,148.83,0
1014,2300.611,"Mount",-0.015,0.155,0.144,-0.058,0.078,0.000,45,W,0,,,,403585,131.31,0
1015,2302.989,"Mount",-0.089,0.147,0.172,0.011,0.101,0.000,58,W,0,,,,414786,139.00,0
1016,2305.099,"Mount",0.010,0.064,0.052,-0.039,0.036,0.000,21,W,0,,,,431646,127.53,0
1017,2307.454,"Mount",-0.042,0.032,0.048,0.023,0.062,0.000,35,W,0,,,,440152,131.80,0
1018,2309.632,"Mount",0.039,0.066,0.040,-0.065,0.085,-0.023,49,W,10,N,,,433438,144.98,0
1019,2311.995,"Mount",-0.066,0.031,0.058,0.044,0.105,0.000,60,W,0,,,,414668,136.05,0
1020,2314.162,"Mount",-0.042,0.183,0.182,-0.048,0.197,0.000,113,W,0,,,,418970,153.23,0
1021,2316.593,"Mount",-0.127,0.233,0.265,0.006,0.252,0.000,144,W,0,,,,417930,158.93,0
1022,2318.796,"Mount",-0.091,0.173,0.195,0.001,0.226,0.000,129,W,0,,,,430321,140.18,0
1023,2321.264,"Mount",-0.091,0.193,0.213,-0.008,0.246,0.000,140,W,0,,,,415464,131.80,0
1024,2323.419,"Mount",0.053,0.025,-0.002,-0.059,0.142,0.000,81,W,0,,,,426430,148.47,0
1025,2325.797,"Mount",-0.057,0.040,0.062,0.032,0.171,0.000,98,W,0,,,,463460,154.39,0
1026,2328.006,"Mount",-0.085,0.068,0.100,0.044,0.187,0.000,107,W,0,,,,423186,124.93,0
1027,2330.439,"Mount",-0.176,-0.210,-0.106,0.253,0.093,0.091,53,W,39,S,,,414961,129.81,0
1028,2332.601,"Mount",-0.036,0.138,0.139,-0.032,0.169,0.000,97,W,0,,,,433947,144.38,0
1029,2334.946,"Mount",0.002,0.055,0.048,-0.027,0.105,0.000,60,W,0,,,,422247,133.00,0
1030,2337.171,"Mount",0.069,0.051,0.013,-0.084,0.086,-0.030,49,W,13,N,,,409802,129.09,0
1031,2339.511,"Mount",-0.061,0.067,0.088,0.024,0.123,0.000,70,W,0,,,,412142,123.07,0
1032,2341.594,"Mount",-0.037,0.020,0.035,0.024,0.074,0.000,42,W,0,,,,422161,146.95,0
1033,2343.914,"Mount",0.039,-0.027,-0.042,-0.022,0.060,0.000,34,W,0,,,,424053,146.58,0
1034,2346.095,"Mount",-0.058,0.082,0.100,0.014,0.093,0.000,53,W,0,,,,439968,162.25,0
1035,2348.433,"Mount",-0.051,0.016,0.037,0.038,0.028,0.000,16,W,0,,,,418535,137.40,0
1036,2350.628,"Mount",-0.003,0.096,0.086,-0.042,0.043,0.000,24,W,0,,,,407512,137.81,0
1037,2352.916,"Mount",0.014,0.009,0.002,-0.016,-0.006,0.000,4,E,0,,,,407251,130.89,0
1038,2355.128,"Mount",-0.085,-0.035,0.008,0.091,-0.018,0.033,10,E,14,S,,,435479,158.29,0
1039,2357.482,"Mount",-0.004,0.002,0.004,0.002,-0.037,0.000,21,E,0,,,,433040,152.22,0
1040,2359.614,"Mount",0.047,0.121,0.086,-0.098,0.006,-0.035,3,W,15,N,,,409340,143.04,0
1041,2361.938,"Mount",-0.015,0.024,0.028,0.002,-0.026,0.000,15,E,0,,,,425978,137.97,0
1042,2364.001,"Mount",0.034,-0.010,-0.025,-0.026,-0.014,0.000,8,E,0,,,,423674,144.73,0
1043,2366.414,"Mount",0.083,0.005,-0.033,-0.076,0.019,-0.027,11,W,12,N,,,438530,141.54,0
1044,2368.558,"Mount",0.133,0.027,-0.037,-0.130,0.044,-0.048,25,W,21,N,,,427116,145.44,0
1045,2370.972,"Mount",-0.059,0.050,0.072,0.029,0.109,0.000,62,W,0,,,,420445,136.99,0
1046,2373.107,"Mount",0.052,-0.000,-0.024,-0.046,0.102,0.000,58,W,0,,,,413533,132.85,0
1047,2375.472,"Mount",-0.021,0.052,0.056,-0.005,0.132,0.000,75,W,0,,,,399960,132.21,0
1048,2377.676,"Mount",-0.151,0.175,0.225,0.053,0.248,0.000,142,W,0,,,,411374,121.02,0
1049,2380.054,"Mount",0.028,0.045,0.027,-0.046,0.171,0.000,98,W,0,,,,411379,140.19,0
1050,2382.251,"Mount",0.010,0.065,0.053,-0.039,0.172,0.000,98,W,0,,,,409658,140.03,0
1051,2384.619,"Mount",0.015,0.026,0.016,-0.026,0.178,0.000,102,W,0,,,,424479,134.79,0
1052,2386.811,"Mount",-0.051,-0.137,-0.099,0.109,0.114,0.039,65,W,17,S,,,427238,137.88,0
1053,2389.410,"Mount",0.060,0.127,0.085,-0.112,0.192,-0.039,110,W,17,N,,,395146,119.60,0
1054,2391.587,"Mount",-0.027,0.088,0.090,-0.017,0.181,0.000,103,W,0,,,,417447,137.38,0
1055,2393.952,"Mount",0.032,0.046,0.027,-0.049,0.128,0.000,73,W,0,,,,438277,150.82,0
1056,2396.066,"Mount",0.007,-0.048,-0.046,0.016,0.121,0.000,69,W,0,,,,432428,159.66,0
1057,2398.507,"Mount",-0.071,0.148,0.164,-0.005,0.192,0.000,110,W,0,,,,432865,134.63,0
1058,2400.612,"Mount",-0.020,0.047,0.051,-0.003,0.099,0.000,57,W,0,,,,412276,129.12,0
1059,2403.031,"Mount",-0.019,0.137,0.130,-0.047,0.157,0.000,90,W,0,,,,418043,143.99,0
1060,2405.233,"Mount",-0.122,0.085,0.132,0.069,0.150,0.025,86,W,11,S,,,419838,135.76,0
1061,2407.525,"Mount",-0.015,-0.081,-0.065,0.051,0.040,0.000,23,W,0,,,,411564,146.63,0
1062,2409.685,"Mount",0.046,0.083,0.052,-0.080,0.056,-0.029,32,W,12,N,,,405597,137.97,0
1063,2412.032,"Mount",0.059,-0.146,-0.157,0.015,-0.038,0.000,22,E,0,,,,442265,145.76,0
1064,2414.088,"Mount",0.054,-0.016,-0.039,-0.041,0.013,0.000,8,W,0,,,,420358,135.45,0
1065,2416.446,"Mount",0.015,-0.035,-0.038,0.003,0.002,0.000,1,W,0,,,,421031,146.77,0
1066,2418.531,"Mount",-0.000,-0.042,-0.037,0.020,-0.015,0.000,9,E,0,,,,440644,151.60,0
1067,2420.800,"Mount",0.021,0.015,0.004,-0.025,-0.013,0.000,8,E,0,,,,420617,135.70,0
1068,2422.885,"Mount",-0.018,0.007,0.014,0.013,-0.018,0.000,10,E,0,,,,412938,156.38,0
1069,2425.258,"Mount",0.039,0.089,0.061,-0.076,0.005,-0.027,3,W,12,N,,,421985,136.24,0
1070,2427.363,"Mount",0.019,-0.070,-0.071,0.015,-0.048,0.000,27,E,0,,,,408370,142.88,0
1071,2429.704,"Mount",-0.009,0.030,0.031,-0.006,-0.017,0.000,10,E,0,,,,429170,153.32,0
1072,2431.810,"Mount",-0.056,-0.083,-0.048,0.088,-0.015,0.032,8,E,14,S,,,442775,159.26,0
1073,2434.130,"Mount",-0.015,-0.015,-0.007,0.020,0.003,0.000,2,W,0,,,,415410,127.79,0
1074,2436.261,"Mount",-0.076,-0.042,-0.002,0.086,0.009,0.031,5,W,13,S,,,415474,151.40,0
1075,2438.596,"Mount",-0.092,0.011,0.052,0.077,0.020,0.029,11,W,12,S,,,420822,161.57,0
1076,2440.684,"Mount",0.027,-0.014,-0.025,-0.018,0.027,0.000,16,W,0,,,,397126,123.73,0
1077,2442.981,"Mount",0.077,-0.019,-0.052,-0.059,0.030,0.000,17,W,0,,,,399516,119.66,0
1078,2445.176,"Mount",-0.037,0.119,0.123,-0.022,0.085,0.000,49,W,0,,,,441845,144.71,0
1079,2447.520,"Mount",-0.020,0.137,0.131,-0.045,0.081,0.000,46,W,0,,,,429989,160.78,0
1080,2449.612,"Mount",-0.039,-0.033,-0.012,0.050,0.019,0.000,11,W,0,,,,411884,133.52,0
1081,2451.941,"Mount",-0.060,0.060,0.081,0.025,0.057,0.000,33,W,0,,,,434337,153.40,0
1082,2453.990,"Mount",0.001,-0.045,-0.041,0.020,0.015,0.000,8,W,0,,,,427770,130.35,0
1083,2456.281,"Mount",0.032,-0.044,-0.054,-0.008,0.007,0.000,4,W,0,,,,435522,138.07,0
1084,2458.395,"Mount",0.101,-0.177,-0.204,-0.007,-0.090,0.000,51,E,0,,,,409002,142.37,0
1085,2460.711,"Mount",0.040,-0.056,-0.068,-0.010,-0.042,0.000,24,E,0,,,,413168,128.66,0
1086,2462.850,"Mount",-0.038,-0.080,-0.053,0.071,-0.017,0.026,10,E,11,S,,,425469,133.65,0
1087,2465.219,"Mount",0.088,-0.041,-0.077,-0.059,-0.061,0.000,35,E,0,,,,441479,142.43,0
1088,2467.303,"Mount",-0.014,0.027,0.030,-0.000,-0.037,0.000,21,E,0,,,,426196,140.27,0
1089,2469.837,"Mount",0.165,-0.017,-0.092,-0.139,-0.086,-0.050,49,E,21,N,,,437509,143.69,0
1090,2471.983,"Mount",0.126,0.028,-0.033,-0.125,-0.042,-0.047,24,E,20,N,,,430173,134.88,0
1091,2474.363,"Mount",0.079,-0.114,-0.137,-0.017,-0.105,0.000,60,E,0,,,,397611,135.05,0
1092,2476.495,"Mount",0.044,-0.152,-0.155,0.031,-0.104,0.000,60,E,0,,,,407008,147.77,0
1093,2478.844,"Mount",0.021,0.038,0.024,-0.037,-0.028,0.000,16,E,0,,,,402756,121.90,0
1094,2480.929,"Mount",0.020,0.024,0.012,-0.029,-0.019,0.000,11,E,0,,,,416428,138.19,0
1095,2483.319,"Mount",0.022,0.080,0.062,-0.056,0.023,0.000,13,W,0,,,,403738,131.12,0
1096,2485.405,"Mount",-0.041,0.133,0.137,-0.026,0.073,0.000,41,W,0,,,,409794,148.70,0
1097,2487.863,"Mount",0.017,0.240,0.205,-0.126,0.118,-0.045,67,W,19,N,,,422631,136.40,0
1098,2490.057,"Mount",0.003,0.166,0.145,-0.079,0.101,-0.030,58,W,13,N,,,399909,122.38,0
1099,2492.399,"Mount",-0.083,0.215,0.229,-0.026,0.155,0.000,89,W,0,,,,441350,140.72,0
1100,2494.502,"Mount",0.003,-0.036,-0.034,0.014,0.052,0.000,30,W,0,,,,420116,144.69,0
1101,2496.842,"Mount",0.037,-0.065,-0.075,-0.003,0.022,0.000,12,W,0,,,,396558,120.53,0
1102,2499.000,"Mount",-0.088,-0.015,0.028,0.085,0.051,0.031,29,W,13,S,,,399274,135.72,0
1103,2501.306,"Mount",-0.049,-0.028,-0.002,0.056,0.037,0.000,21,W,0,,,,431666,140.64,0
1104,2503.432,"Mount",-0.025,-0.038,-0.023,0.040,0.023,0.000,13,W,0,,,,424196,152.28,0
1105,2505.736,"Mount",0.074,-0.054,-0.082,-0.041,-0.024,0.000,14,E,0,,,,415620,128.16,0
1106,2507.807,"Mount",-0.026,0.045,0.052,0.002,-0.005,0.000,3,E,0,,,,428096,140.11,0
1107,2510.221,"Mount",0.034,0.099,0.072,-0.075,0.015,-0.027,9,W,12,N,,,445376,148.11,0
1108,2512.430,"Mount",-0.015,-0.119,-0.099,0.068,-0.074,0.023,43,E,10,S,,,436813,136.19,0
1109,2514.786,"Mount",0.049,-0.104,-0.115,0.005,-0.102,0.000,58,E,0,,,,410152,125.51,0
1110,2516.981,"Mount",-0.002,-0.089,-0.078,0.043,-0.104,0.000,60,E,0,,,,413643,132.60,0
1111,2519.334,"Mount",0.036,-0.146,-0.146,0.036,-0.157,0.000,90,E,0,,,,413739,131.93,0
1112,2521.486,"Mount",0.058,-0.003,-0.029,-0.050,-0.102,0.000,58,E,0,,,,423103,150.97,0
1113,2523.904,"Mount",-0.074,-0.069,-0.027,0.098,-0.117,0.035,67,E,15,S,,,431380,151.79,0
1114,2526.149,"Mount",-0.060,-0.120,-0.079,0.109,-0.154,0.040,88,E,17,S,,,424309,173.66,0
1115,2528.676,"Mount",-0.034,-0.099,-0.072,0.076,-0.156,0.029,89,E,12,S,,,430668,149.09,0
1116,2530.875,"Mount",0.035,-0.051,-0.062,-0.008,-0.152,0.000,87,E,0,,,,416988,156.57,0
1117,2533.252,"Mount",-0.028,-0.013,0.001,0.031,-0.126,0.000,72,E,0,,,,441573,138.39,0
1118,2535.389,"Mount",0.049,0.035,0.009,-0.060,-0.124,0.000,71,E,0,,,,431156,151.19,0
1119,2537.808,"Mount",0.061,-0.051,-0.073,-0.031,-0.160,0.000,91,E,0,,,,414932,140.38,0
1120,2539.942,"Mount",-0.005,0.033,0.031,-0.011,-0.117,0.000,67,E,0,,,,429897,143.35,0
1121,2542.281,"Mount",0.008,0.052,0.043,-0.031,-0.098,0.000,56,E,0,,,,417065,138.24,0
1122,2544.474,"Mount",-0.044,-0.061,-0.034,0.068,-0.072,0.024,41,E,10,S,,,435107,134.87,0
1123,2546.814,"Mount",-0.054,0.184,0.188,-0.037,0.037,0.000,21,W,0,,,,422024,136.80,0
1124,2548.996,"Mount",0.095,0.131,0.073,-0.144,0.007,-0.052,4,W,22,N,,,432133,152.09,0
1125,2551.356,"Mount",-0.047,0.158,0.162,-0.031,0.057,0.000,33,W,0,,,,419657,142.65,0
1126,2553.458,"Mount",0.003,-0.045,-0.042,0.018,-0.006,0.000,4,E,0,,,,415539,115.53,0
1127,2555.777,"Mount",0.019,-0.067,-0.068,0.014,-0.043,0.000,25,E,0,,,,411502,126.49,0
1128,2557.864,"Mount",0.001,0.015,0.013,-0.008,-0.014,0.000,8,E,0,,,,438819,164.71,0
1129,2560.202,"Mount",0.012,-0.042,-0.043,0.009,-0.030,0.000,17,E,0,,,,417487,139.94,0
1130,2562.302,"Mount",0.022,-0.007,-0.016,-0.016,-0.044,0.000,25,E,0,,,,414450,139.22,0
1131,2564.753,"Mount",0.034,-0.237,-0.226,0.079,-0.160,0.028,92,E,12,S,,,432418,151.24,0
1132,2566.985,"Mount",0.063,0.094,0.055,-0.099,-0.069,-0.035,39,E,15,N,,,425635,147.27,0
1133,2569.388,"Mount",-0.133,0.064,0.118,0.088,-0.034,0.030,20,E,13,S,,,444325,136.12,0
1134,2571.572,"Mount",-0.039,0.097,0.104,-0.010,-0.050,0.000,29,E,0,,,,419228,135.03,0
1135,2574.056,"Mount",-0.020,-0.248,-0.211,0.133,-0.204,0.048,117,E,20,S,,,423389,152.04,0
1136,2576.269,"Mount",0.112,-0.174,-0.206,-0.019,-0.211,0.000,121,E,0,,,,417259,136.39,0
1137,2578.675,"Mount",0.097,-0.175,-0.200,-0.005,-0.227,0.000,130,E,0,,,,435433,147.11,0
1138,2580.867,"Mount",0.034,0.033,0.014,-0.046,-0.168,0.000,96,E,0,,,,421837,131.57,0
1139,2583.350,"Mount",0.116,0.001,-0.052,-0.103,-0.199,-0.037,114,E,16,N,,,401007,144.24,0
1140,2585.676,"Mount",0.115,-0.078,-0.122,-0.066,-0.268,-0.025,153,E,11,N,,,406464,129.62,0
1141,2588.249,"Mount",0.101,-0.020,-0.064,-0.080,-0.266,-0.030,152,E,13,N,,,415109,119.60,0
1142,2590.471,"Mount",0.002,-0.063,-0.057,0.028,-0.239,0.000,137,E,0,,,,438299,146.18,0
1143,2592.954,"Mount",0.042,-0.053,-0.066,-0.013,-0.254,0.000,145,E,0,,,,430879,144.70,0
1144,2595.225,"Mount",-0.024,-0.150,-0.122,0.090,-0.263,0.032,151,E,14,S,,,426907,133.84,0
1145,2597.685,"Mount",0.024,0.101,0.078,-0.067,-0.149,-0.023,85,E,10,N,,,402653,128.84,0
1146,2599.847,"Mount",0.028,0.020,0.005,-0.034,-0.156,0.000,89,E,0,,,,431126,127.76,0
1147,2602.220,"Mount",-0.021,0.042,0.047,-0.000,-0.137,0.000,78,E,0,,,,419349,138.02,0
1148,2604.343,"Mount",-0.013,0.137,0.127,-0.052,-0.043,0.000,24,E,0,,,,436357,147.45,0
1149,2606.717,"Mount",0.068,0.132,0.086,-0.122,-0.046,-0.044,26,E,19,N,,,417626,149.04,0
1150,2608.859,"Mount",0.031,-0.050,-0.059,-0.004,-0.070,0.000,40,E,0,,,,418547,141.85,0
1151,2611.227,"Mount",0.001,0.020,0.017,-0.011,-0.074,0.000,43,E,0,,,,407375,131.89,0
1152,2613.330,"Mount",0.000,0.078,0.070,-0.036,-0.035,0.000,20,E,0,,,,416932,136.79,0
1153,2615.713,"Mount",-0.092,0.083,0.116,0.043,-0.020,0.000,11,E,0,,,,434917,135.72,0
1154,2617.895,"Mount",-0.069,0.051,0.077,0.038,-0.037,0.000,21,E,0,,,,411423,129.77,0
1155,2620.195,"Mount",-0.005,0.083,0.076,-0.034,-0.031,0.000,18,E,0,,,,414927,125.57,0
1156,2622.378,"Mount",-0.061,-0.019,0.011,0.063,-0.041,0.023,24,E,10,S,,,408362,122.05,0
1157,2624.685,"Mount",-0.038,0.091,0.098,-0.008,0.021,0.000,12,W,0,,,,400453,126.06,0
1158,2626.821,"Mount",-0.091,0.122,0.150,0.024,0.069,0.000,39,W,0,,,,435661,151.26,0
1159,2629.143,"Mount",-0.007,0.090,0.083,-0.035,0.049,0.000,28,W,0,,,,409667,134.92,0
1160,2631.320,"Mount",0.033,0.132,0.102,-0.090,0.065,-0.032,37,W,14,N,,,439555,137.45,0
1161,2633.705,"Mount",-0.131,0.016,0.074,0.109,0.057,0.038,33,W,16,S,,,401508,144.53,0
1162,2635.902,"Mount",0.026,0.093,0.070,-0.066,0.048,-0.022,27,W,9,N,,,436109,152.20,0
1163,2638.208,"Mount",0.010,0.064,0.052,-0.038,0.011,0.000,7,W,0,,,,435696,143.49,0
1164,2640.363,"Mount",0.072,0.061,0.021,-0.092,0.008,-0.033,5,W,14,N,,,428711,155.78,0
1165,2642.659,"Mount",-0.027,0.021,0.030,0.014,0.002,0.000,1,W,0,,,,416224,137.72,0
1166,2644.782,"Mount",-0.032,-0.037,-0.018,0.045,0.004,0.000,2,W,0,,,,416146,129.79,0
1167,2647.116,"Mount",-0.079,0.119,0.142,0.015,0.073,0.000,42,W,0,,,,406278,128.37,0
1168,2649.296,"Mount",-0.176,0.339,0.382,-0.000,0.186,0.000,107,W,0,,,,416203,140.13,0
1169,2651.811,"Mount",-0.314,0.530,0.616,0.034,0.312,0.000,178,W,0,,,,449483,170.41,0
1170,2654.007,"Mount",-0.150,0.374,0.401,-0.039,0.236,0.000,135,W,0,,,,421692,132.71,0
1171,2656.600,"Mount",-0.094,0.382,0.382,-0.093,0.280,-0.033,160,W,14,N,,,434990,137.67,0
1172,2658.876,"Mount",0.017,0.243,0.208,-0.127,0.229,-0.047,131,W,20,N,,,441137,159.60,0
1173,2661.262,"Mount",-0.012,-0.004,0.002,0.013,0.158,0.000,91,W,0,,,,401485,122.35,0
1174,2663.424,"Mount",-0.027,-0.164,-0.133,0.100,0.100,0.036,57,W,15,S,,,416081,166.74,0
1175,2665.813,"Mount",0.295,-0.561,-0.634,-0.003,-0.136,0.000,78,E,0,,,,407167,127.35,0
1176,2668.004,"Mount",0.143,-0.468,-0.482,0.089,-0.081,0.032,46,E,14,S,,,418053,138.76,0
1177,2670.439,"Mount",-0.021,-0.099,-0.078,0.065,0.095,0.025,55,W,10,S,,,413596,130.83,0
1178,2672.653,"Mount",-0.113,-0.008,0.045,0.104,0.088,0.039,50,W,16,S,,,418676,120.90,0
1179,2675.083,"Mount",-0.095,-0.056,-0.006,0.111,0.091,0.041,52,W,18,S,,,438079,137.62,0
1180,2677.229,"Mount",-0.009,0.055,0.053,-0.018,0.107,0.000,61,W,0,,,,407974,137.11,0
1181,2679.660,"Mount",-0.024,0.154,0.147,-0.050,0.179,0.000,102,W,0,,,,415827,146.80,0
1182,2681.917,"Mount",-0.103,0.006,0.053,0.089,0.119,0.032,68,W,14,S,,,421273,143.39,0
1183,2684.304,"Mount",0.024,-0.187,-0.177,0.065,0.044,0.025,25,W,11,S,,,415343,133.36,0
1184,2686.453,"Mount",0.024,-0.004,-0.015,-0.020,0.116,0.000,66,W,0,,,,433182,124.73,0
1185,2688.840,"Mount",0.002,-0.010,-0.010,0.002,0.106,0.000,61,W,0,,,,421585,121.53,0
1186,2690.982,"Mount",0.029,-0.010,-0.022,-0.021,0.076,0.000,44,W,0,,,,424408,123.62,0
1187,2693.386,"Mount",0.068,0.066,0.027,-0.091,0.053,-0.033,30,W,14,N,,,397017,128.33,0
1188,2695.502,"Mount",0.009,-0.026,-0.027,0.004,0.028,0.000,16,W,0,,,,416741,130.51,0
1189,2697.918,"Mount",0.115,-0.033,-0.082,-0.087,-0.034,-0.031,20,E,13,N,,,424475,134.63,0
1190,2700.028,"Mount",0.038,0.038,0.016,-0.052,-0.009,0.000,5,E,0,,,,409886,141.61,0
1191,2702.378,"Mount",-0.002,-0.016,-0.013,0.009,-0.023,0.000,13,E,0,,,,422503,137.97,0
1192,2704.570,"Mount",0.063,0.040,0.007,-0.075,-0.028,-0.027,16,E,12,N,,,408728,142.00,0
1193,2706.973,"Mount",0.087,-0.243,-0.255,0.035,-0.135,0.000,77,E,0,,,,433772,142.18,0
1194,2709.108,"Mount",0.049,-0.064,-0.080,-0.014,-0.051,0.000,29,E,0,,,,416820,130.92,0
1195,2711.461,"Mount",0.043,-0.148,-0.151,0.030,-0.069,0.000,39,E,0,,,,433424,157.98,0
1196,2713.548,"Mount",0.053,-0.072,-0.089,-0.014,-0.025,0.000,14,E,0,,,,409122,123.69,0
1197,2715.887,"Mount",-0.056,0.005,0.030,0.047,0.037,0.000,21,W,0,,,,416788,136.16,0
1198,2718.113,"Mount",-0.119,-0.077,-0.014,0.141,0.059,0.051,34,W,22,S,,,431453,145.38,0
1199,2720.456,"Mount",-0.059,0.035,0.058,0.036,0.089,0.000,51,W,0,,,,432414,150.61,0
1200,2722.615,"Mount",-0.043,0.092,0.101,-0.004,0.157,0.000,90,W,0,,,,420517,142.13,0
1201,2725.077,"Mount",-0.031,0.133,0.133,-0.034,0.198,0.000,113,W,0,,,,417517,159.73,0
1202,2727.287,"Mount",-0.055,0.057,0.076,0.023,0.193,0.000,110,W,0,,,,423303,137.00,0
1203,2729.668,"Mount",-0.044,0.008,0.027,0.035,0.178,0.000,102,W,0,,,,430162,135.79,0
1204,2731.825,"Mount",-0.041,-0.001,0.018,0.037,0.180,0.000,103,W,0,,,,438078,143.89,0
1205,2734.292,"Mount",-0.041,0.100,0.108,-0.009,0.235,0.000,134,W,0,,,,442870,152.26,0
1206,2736.551,"Mount",-0.064,-0.009,0.022,0.061,0.170,0.022,97,W,9,S,,,422057,139.35,0
1207,2739.016,"Mount",-0.101,-0.065,-0.011,0.120,0.166,0.044,95,W,19,S,,,413464,132.72,0
1208,2741.306,"Mount",-0.101,0.030,0.073,0.076,0.181,0.029,103,W,12,S,,,423426,150.70,0
1209,2743.727,"Mount",0.058,0.072,0.037,-0.085,0.130,-0.029,74,W,13,N,,,413919,137.18,0
1210,2745.984,"Mount",0.064,0.102,0.062,-0.104,0.142,-0.038,81,W,16,N,,,427065,143.01,0
1211,2748.307,"Mount",0.065,-0.025,-0.052,-0.046,0.103,0.000,59,W,0,,,,431976,135.80,0
1212,2750.464,"Mount",-0.006,0.067,0.062,-0.026,0.116,0.000,66,W,0,,,,420748,141.76,0
1213,2752.889,"Mount",0.087,-0.020,-0.058,-0.068,0.084,-0.024,48,W,10,N,,,428971,135.21,0
1214,2755.099,"Mount",0.056,0.112,0.074,-0.102,0.108,-0.038,62,W,16,N,,,431438,154.70,0
1215,2757.438,"Mount",-0.003,-0.073,-0.064,0.036,0.032,0.000,18,W,0,,,,414267,127.45,0
1216,2759.540,"Mount",0.060,-0.159,-0.168,0.020,-0.034,0.000,19,E,0,,,,404811,135.00,0
1217,2761.898,"Mount",0.002,-0.027,-0.025,0.010,0.027,0.000,16,W,0,,,,398763,122.51,0
1218,2764.091,"Mount",0.023,-0.190,-0.179,0.067,-0.069,0.024,39,E,10,S,,,412643,139.69,0
1219,2766.493,"Mount",0.094,-0.027,-0.067,-0.071,-0.035,-0.025,20,E,11,N,,,421843,145.35,0
1220,2768.594,"Mount",0.070,-0.054,-0.080,-0.037,-0.051,0.000,29,E,0,,,,422316,131.97,0
1221,2770.944,"Mount",0.066,-0.015,-0.044,-0.051,-0.022,0.000,13,E,0,,,,410037,124.65,0
1222,2773.065,"Mount",0.042,-0.020,-0.037,-0.028,-0.026,0.000,15,E,0,,,,433097,139.80,0
1223,2775.407,"Mount",-0.024,0.003,0.013,0.020,-0.025,0.000,15,E,0,,,,417885,135.39,0
1224,2777.523,"Mount",0.048,-0.015,-0.036,-0.036,-0.020,0.000,12,E,0,,,,428123,150.97,0
1225,2779.909,"Mount",-0.054,-0.126,-0.087,0.106,-0.049,0.038,28,E,16,S,,,414111,130.12,0
1226,2782.055,"Mount",-0.048,-0.161,-0.121,0.117,-0.044,0.044,25,E,19,S,,,427304,146.42,0
1227,2784.335,"Mount",0.087,-0.043,-0.078,-0.057,-0.020,0.000,11,E,0,,,,413864,134.43,0
1228,2786.496,"Mount",0.106,0.009,-0.041,-0.098,0.022,-0.035,12,W,15,N,,,425278,134.51,0
1229,2788.838,"Mount",0.039,0.029,0.007,-0.048,0.032,0.000,18,W,0,,,,394241,121.92,0
1230,2790.948,"Mount",0.005,0.036,0.030,-0.022,0.036,0.000,20,W,0,,,,430404,149.81,0
1231,2793.262,"Mount",0.023,0.012,0.000,-0.026,0.032,0.000,18,W,0,,,,410487,132.05,0
1232,2795.450,"Mount",0.134,0.055,-0.013,-0.145,0.024,-0.052,14,W,22,N,,,418595,143.08,0
1233,2797.800,"Mount",0.014,0.026,0.017,-0.025,0.024,0.000,14,W,0,,,,408190,132.23,0
1234,2799.899,"Mount",0.058,0.017,-0.012,-0.059,0.018,0.000,10,W,0,,,,420074,128.73,0
1235,2802.235,"Mount",0.021,0.046,0.031,-0.040,0.009,0.000,5,W,0,,,,411709,139.95,0
1236,2804.354,"Mount",-0.030,0.071,0.077,-0.006,0.037,0.000,21,W,0,,,,416898,123.65,0
1237,2806.678,"Mount",0.086,-0.146,-0.169,-0.008,-0.076,0.000,43,E,0,,,,416630,156.59,0
1238,2808.824,"Mount",0.008,-0.121,-0.111,0.049,-0.059,0.000,34,E,0,,,,408221,127.41,0
1239,2811.236,"Mount",0.088,-0.145,-0.170,-0.011,-0.095,0.000,54,E,0,,,,404626,129.57,0
1240,2813.511,"Mount",0.004,-0.139,-0.125,0.060,-0.084,0.022,48,E,9,S,,,416665,131.13,0
1241,2815.964,"Mount",-0.047,-0.160,-0.120,0.116,-0.098,0.043,56,E,18,S,,,414221,125.38,0
1242,2818.082,"Mount",0.036,-0.041,-0.053,-0.013,-0.045,0.000,26,E,0,,,,416444,141.73,0
1243,2820.514,"Mount",0.108,-0.060,-0.103,-0.069,-0.094,-0.025,54,E,11,N,,,422037,133.70,0
1244,2822.641,"Mount",0.025,-0.101,-0.101,0.025,-0.088,0.000,51,E,0,,,,404558,119.74,0
1245,2824.961,"Mount",-0.001,-0.061,-0.054,0.029,-0.037,0.000,21,E,0,,,,418300,146.82,0
1246,2827.079,"Mount",0.045,-0.024,-0.042,-0.029,-0.018,0.000,10,E,0,,,,411727,149.09,0
1247,2829.419,"Mount",0.031,0.003,-0.012,-0.029,-0.004,0.000,2,E,0,,,,406664,123.86,0
1248,2831.523,"Mount",0.029,-0.034,-0.044,-0.010,0.013,0.000,7,W,0,,,,407414,128.33,0
1249,2833.807,"Mount",0.053,-0.065,-0.083,-0.017,-0.009,0.000,5,E,0,,,,434038,139.71,0
1250,2835.943,"Mount",0.098,-0.144,-0.173,-0.021,-0.047,0.000,27,E,0,,,,428503,147.75,0
1251,2838.282,"Mount",-0.026,0.036,0.044,0.006,0.037,0.000,21,W,0,,,,396288,123.38,0
1252,2840.405,"Mount",-0.051,-0.094,-0.060,0.089,0.015,0.032,9,W,14,S,,,427208,133.98,0
1253,2842.738,"Mount",-0.045,0.067,0.080,0.009,0.076,0.000,44,W,0,,,,422862,145.84,0
1254,2844.906,"Mount",0.034,0.009,-0.007,-0.034,0.041,0.000,24,W,0,,,,419907,150.34,0
1255,2847.226,"Mount",-0.014,0.045,0.047,-0.008,0.042,0.000,24,W,0,,,,431649,148.06,0
1256,2849.311,"Mount",0.003,-0.010,-0.011,0.002,0.035,0.000,20,W,0,,,,429375,146.91,0
1257,2851.724,"Mount",0.045,0.091,0.060,-0.082,0.029,-0.029,17,W,13,N,,,430581,166.22,0
1258,2853.792,"Mount",-0.003,0.003,0.004,0.001,0.016,0.000,9,W,0,,,,420069,134.71,0
1259,2856.069,"Mount",0.020,-0.022,-0.029,-0.007,-0.001,0.000,0,,0,,,,410229,134.44,0
1260,2858.266,"Mount",0.047,-0.091,-0.103,0.000,-0.061,0.000,35,E,0,,,,398336,122.55,0
1261,2860.656,"Mount",-0.034,-0.076,-0.052,0.065,-0.032,0.024,18,E,10,S,,,399949,121.42,0
1262,2862.799,"Mount",0.097,-0.086,-0.121,-0.046,-0.107,0.000,61,E,0,,,,417824,137.34,0
1263,2865.259,"Mount",0.119,-0.031,-0.082,-0.092,-0.115,-0.033,66,E,14,N,,,415695,129.13,0
1264,2867.410,"Mount",0.079,-0.026,-0.059,-0.058,-0.103,0.000,59,E,0,,,,407878,111.97,0
1265,2869.801,"Mount",0.013,-0.041,-0.042,0.007,-0.118,0.000,67,E,0,,,,410499,144.99,0
1266,2871.984,"Mount",-0.038,-0.035,-0.013,0.050,-0.112,0.000,64,E,0,,,,400436,143.35,0
1267,2874.362,"Mount",0.042,-0.020,-0.037,-0.028,-0.119,0.000,68,E,0,,,,403256,130.57,0
1268,2876.521,"Mount",-0.008,0.061,0.058,-0.021,-0.111,0.000,63,E,0,,,,405526,147.40,0
1269,2878.908,"Mount",-0.025,-0.017,-0.004,0.031,-0.113,0.000,65,E,0,,,,433318,131.42,0
1270,2881.072,"Mount",0.005,0.128,0.111,-0.063,-0.058,-0.023,33,E,10,N,,,429666,139.40,0
1271,2883.445,"Mount",-0.012,-0.094,-0.078,0.054,-0.154,0.000,88,E,0,,,,411453,145.78,0
1272,2885.651,"Mount",0.083,-0.138,-0.161,-0.010,-0.187,0.000,107,E,0,,,,419777,135.59,0
1273,2888.099,"Mount",-0.078,-0.034,0.006,0.085,-0.115,0.030,65,E,13,S,,,403636,141.18,0
1274,2890.227,"Mount",-0.039,-0.001,0.017,0.035,-0.100,0.000,57,E,0,,,,412167,140.02,0
1275,2892.581,"Mount",0.021,0.007,-0.003,-0.022,-0.079,0.000,45,E,0,,,,430642,144.90,0
1276,2894.682,"Mount",0.030,0.060,0.039,-0.054,-0.054,0.000,31,E,0,,,,416228,129.91,0
1277,2897.060,"Mount",0.011,0.113,0.095,-0.062,0.010,-0.022,6,W,10,N,,,427294,132.10,0
1278,2899.185,"Mount",-0.086,0.148,0.171,0.008,0.057,0.000,32,W,0,,,,401674,140.37,0
1279,2901.536,"Mount",-0.098,0.014,0.058,0.080,-0.012,0.029,7,E,12,S,,,408110,130.75,0
1280,2903.609,"Mount",0.028,0.004,-0.009,-0.027,-0.012,0.000,7,E,0,,,,416737,136.87,0
1281,2905.933,"Mount",-0.020,-0.068,-0.051,0.049,-0.016,0.000,9,E,0,,,,416510,146.06,0
1282,2908.061,"Mount",0.065,-0.160,-0.172,0.016,-0.103,0.000,59,E,0,,,,421478,141.54,0
1283,2910.390,"Mount",0.006,-0.038,-0.036,0.012,-0.038,0.000,22,E,0,,,,417451,129.39,0
1284,2912.521,"Mount",-0.041,-0.036,-0.013,0.053,-0.056,0.000,32,E,0,,,,441125,151.82,0
1285,2914.921,"Mount",0.020,0.003,-0.007,-0.019,-0.078,0.000,45,E,0,,,,430882,142.09,0
1286,2917.066,"Mount",-0.016,-0.072,-0.056,0.048,-0.091,0.000,52,E,0,,,,425461,156.61,0
1287,2919.542,"Mount",-0.099,-0.152,-0.089,0.158,-0.148,0.057,85,E,24,S,,,433941,141.97,0
1288,2921.784,"Mount",-0.007,-0.150,-0.130,0.075,-0.172,0.029,99,E,13,S,,,420246,138.85,0
1289,2924.261,"Mount",0.120,0.107,0.040,-0.156,-0.138,-0.055,79,E,23,N,,,407929,119.95,0
1290,2926.520,"Mount",0.070,0.008,-0.025,-0.066,-0.148,-0.026,85,E,11,N,,,451812,139.06,0
1291,2928.984,"Mount",0.055,-0.210,-0.212,0.049,-0.268,0.000,153,E,0,,,,436708,143.08,0
1292,2931.292,"Mount",0.067,-0.246,-0.249,0.054,-0.291,0.000,166,E,0,,,,427880,138.57,0
1293,2933.677,"Mount",-0.067,0.038,0.065,0.042,-0.174,0.000,100,E,0,,,,413118,131.76,0
1294,2935.907,"Mount",-0.006,-0.051,-0.042,0.029,-0.209,0.000,119,E,0,,,,438417,145.95,0
1295,2938.422,"Mount",-0.013,-0.155,-0.131,0.083,-0.279,0.030,160,E,13,S,,,422117,134.71,0
1296,2940.643,"Mount",-0.016,0.030,0.034,-0.000,-0.218,0.000,124,E,0,,,,418993,137.59,0
1297,2943.160,"Mount",-0.065,-0.091,-0.051,0.099,-0.201,0.036,115,E,15,S,,,418367,138.30,0
1298,2945.407,"Mount",-0.056,-0.030,-0.001,0.063,-0.191,0.024,109,E,10,S,,,424671,134.80,0
1299,2947.842,"Mount",0.002,0.086,0.076,-0.042,-0.143,0.000,82,E,0,,,,408715,132.78,0
1300,2950.063,"Mount",-0.006,0.164,0.149,-0.070,-0.081,-0.025,46,E,11,N,,,420493,132.69,0
1301,2952.451,"Mount",-0.060,0.065,0.086,0.023,-0.074,0.000,42,E,0,,,,427221,144.91,0
1302,2954.629,"Mount",-0.009,0.101,0.094,-0.038,-0.047,0.000,27,E,0,,,,404312,132.28,0
1303,2957.032,"Mount",0.096,0.123,0.065,-0.142,-0.050,-0.051,29,E,22,N,,,419295,145.61,0
1304,2959.160,"Mount",-0.027,0.013,0.024,0.018,-0.065,0.000,37,E,0,,,,396835,128.44,0
1305,2961.483,"Mount",-0.054,-0.017,0.010,0.056,-0.068,0.000,39,E,0,,,,420448,130.73,0
1306,2963.555,"Mount",-0.093,0.079,0.113,0.046,-0.006,0.000,3,E,0,,,,440666,138.17,0
1307,2965.974,"Mount",-0.075,-0.007,0.029,0.069,-0.057,0.025,33,E,11,S,,,406221,133.80,0
1308,2968.060,"Mount",-0.081,0.112,0.137,0.021,0.012,0.000,7,W,0,,,,419804,141.27,0
1309,2970.385,"Mount",-0.037,0.094,0.101,-0.010,0.013,0.000,7,W,0,,,,427753,147.43,0
1310,2972.521,"Mount",-0.083,0.011,0.048,0.068,-0.014,0.024,8,E,10,S,,,406636,136.12,0
1311,2974.876,"Mount",-0.051,0.053,0.070,0.021,0.031,0.000,18,W,0,,,,415887,147.82,0
1312,2976.991,"Mount",-0.032,-0.052,-0.032,0.052,0.006,0.000,4,W,0,,,,410293,141.01,0
1313,2979.349,"Mount",-0.033,0.004,0.019,0.027,0.007,0.000,4,W,0,,,,405406,128.10,0
1314,2981.510,"Mount",0.085,0.015,-0.026,-0.082,0.004,-0.030,2,W,13,N,,,431699,148.81,0
1315,2983.808,"Mount",0.000,0.037,0.033,-0.017,0.002,0.000,1,W,0,,,,418968,136.45,0
1316,2985.873,"Mount",0.015,0.029,0.019,-0.027,0.005,0.000,3,W,0,,,,420633,130.88,0
1317,2988.227,"Mount",0.013,-0.030,-0.033,0.003,0.010,0.000,6,W,0,,,,422971,159.34,0
1318,2990.329,"Mount",0.028,0.036,0.019,-0.041,0.014,0.000,8,W,0,,,,426697,136.90,0
1319,2992.707,"Mount",-0.108,0.019,0.067,0.087,0.059,0.031,34,W,13,S,,,406308,148.88,0
1320,2994.810,"Mount",-0.042,-0.004,0.016,0.039,0.041,0.000,24,W,0,,,,432833,147.50,0
1321,2997.219,"Mount",-0.075,0.181,0.195,-0.017,0.138,0.000,79,W,0,,,,405858,125.95,0
1322,2999.490,"Mount",-0.280,0.294,0.390,0.113,0.238,0.041,136,W,17,S,,,410091,142.05,0
1323,3001.936,"Mount",-0.080,0.231,0.242,-0.035,0.191,0.000,109,W,0,,,,432650,135.25,0
1324,3004.176,"Mount",-0.099,0.320,0.330,-0.060,0.241,0.000,138,W,0,,,,403225,137.55,0
1325,3006.687,"Mount",-0.058,0.241,0.240,-0.060,0.229,-0.022,131,W,9,N,,,430977,144.65,0
1326,3008.869,"Mount",-0.015,0.094,0.090,-0.030,0.163,0.000,93,W,0,,,,421125,131.49,0
1327,3011.315,"Mount",0.121,0.053,-0.009,-0.132,0.131,-0.047,75,W,20,N,,,400257,129.42,0
1328,3013.459,"Mount",0.090,-0.259,-0.271,0.040,0.004,0.000,2,W,0,,,,420274,140.09,0
1329,3015.910,"Mount",0.117,-0.009,-0.062,-0.099,0.089,-0.036,51,W,15,N,,,441193,151.53,0
1330,3018.108,"Mount",0.062,-0.008,-0.036,-0.052,0.114,0.000,65,W,0,,,,420579,137.44,0
1331,3020.543,"Mount",0.023,0.092,0.071,-0.063,0.143,-0.023,82,W,10,N,,,443132,153.09,0
1332,3022.644,"Mount",0.079,-0.090,-0.116,-0.028,0.052,0.000,30,W,0,,,,427952,144.12,0
1333,3025.034,"Mount",-0.029,-0.018,-0.002,0.034,0.123,0.000,71,W,0,,,,422324,150.16,0
1334,3027.228,"Mount",-0.064,0.039,0.064,0.039,0.156,0.000,89,W,0,,,,410962,137.61,0
1335,3029.598,"Mount",-0.000,-0.108,-0.096,0.050,0.085,0.000,49,W,0,,,,425625,139.94,0
1336,3031.748,"Mount",0.039,-0.065,-0.075,-0.004,0.090,0.000,51,W,0,,,,418320,132.97,0
1337,3034.265,"Mount",-0.210,-0.028,0.072,0.199,0.144,0.072,83,W,31,S,,,415887,147.99,0
1338,3036.415,"Mount",0.009,-0.074,-0.070,0.026,0.069,0.000,39,W,0,,,,423009,140.78,0
1339,3038.739,"Mount",0.074,-0.032,-0.062,-0.051,0.044,0.000,25,W,0,,,,409423,130.16,0
1340,3040.806,"Mount",0.049,-0.113,-0.123,0.009,-0.002,0.000,1,E,0,,,,426843,142.17,0
1341,3043.133,"Mount",0.042,0.006,-0.014,-0.040,0.029,0.000,17,W,0,,,,437441,137.73,0
1342,3045.238,"Mount",0.004,0.003,0.000,-0.005,0.007,0.000,4,W,0,,,,413067,142.53,0
1343,3047.608,"Mount",0.083,0.062,0.017,-0.102,-0.012,-0.037,7,E,16,N,,,402448,140.23,0
1344,3049.679,"Mount",0.033,-0.011,-0.025,-0.024,-0.018,0.000,10,E,0,,,,438697,148.90,0
1345,3052.048,"Mount",0.087,0.073,0.025,-0.111,-0.028,-0.040,16,E,17,N,,,401366,120.85,0
1346,3054.152,"Mount",0.024,-0.051,-0.056,0.002,-0.029,0.000,17,E,0,,,,428399,146.67,0
1347,3056.454,"Mount",0.033,-0.020,-0.033,-0.019,-0.023,0.000,13,E,0,,,,426324,145.10,0
1348,3058.526,"Mount",0.068,-0.023,-0.051,-0.049,-0.011,0.000,6,E,0,,,,396224,129.71,0
1349,3060.820,"Mount",0.005,-0.038,-0.036,0.013,0.007,0.000,4,W,0,,,,425144,134.60,0
1350,3063.017,"Mount",0.078,-0.018,-0.052,-0.061,0.028,-0.022,16,W,9,N,,,412674,129.86,0
1351,3065.339,"Mount",0.035,0.016,-0.002,-0.038,0.053,0.000,30,W,0,,,,414506,124.76,0
1352,3067.475,"Mount",-0.044,0.070,0.082,0.007,0.114,0.000,65,W,0,,,,416223,130.07,0
1353,3069.864,"Mount",-0.001,-0.000,0.000,0.000,0.112,0.000,64,W,0,,,,420510,152.07,0
1354,3072.041,"Mount",-0.009,0.031,0.032,-0.006,0.132,0.000,76,W,0,,,,397596,118.05,0
1355,3074.550,"Mount",-0.150,0.020,0.087,0.124,0.203,0.045,116,W,19,S,,,411598,125.08,0
1356,3076.771,"Mount",0.090,0.062,0.014,-0.109,0.174,-0.037,100,W,16,N,,,394518,120.48,0
1357,3079.315,"Mount",0.016,0.151,0.127,-0.084,0.247,-0.032,141,W,14,N,,,417345,144.48,0
1358,3081.571,"Mount",0.090,0.088,0.037,-0.120,0.187,-0.045,107,W,19,N,,,429283,135.38,0
1359,3084.007,"Mount",-0.081,0.081,0.109,0.034,0.236,0.000,135,W,0,,,,428305,133.67,0
1360,3086.214,"Mount",-0.029,-0.012,0.002,0.032,0.166,0.000,95,W,0,,,,421090,146.67,0
1361,3088.570,"Mount",-0.005,0.061,0.056,-0.024,0.154,0.000,88,W,0,,,,403911,134.75,0
1362,3090.716,"Mount",-0.046,-0.029,-0.005,0.055,0.132,0.000,76,W,0,,,,413573,143.25,0
1363,3093.095,"Mount",-0.025,0.043,0.050,0.002,0.118,0.000,68,W,0,,,,418494,122.05,0
1364,3095.270,"Mount",-0.071,0.109,0.129,0.013,0.155,0.000,89,W,0,,,,410339,127.93,0
1365,3097.667,"Mount",-0.060,-0.132,-0.090,0.114,0.046,0.041,26,W,18,S,,,421496,155.14,0
1366,3099.898,"Mount",-0.103,0.007,0.053,0.088,0.078,0.033,45,W,14,S,,,403992,128.23,0
1367,3102.280,"Mount",-0.036,0.058,0.068,0.006,0.098,0.000,56,W,0,,,,437135,150.16,0
1368,3104.407,"Mount",-0.016,0.032,0.036,-0.001,0.060,0.000,34,W,0,,,,422321,149.66,0
1369,3106.792,"Mount",-0.090,0.006,0.046,0.077,0.055,0.028,31,W,12,S,,,414681,127.37,0
1370,3108.890,"Mount",0.039,-0.068,-0.078,-0.003,0.003,0.000,2,W,0,,,,417635,134.62,0
1371,3111.212,"Mount",0.043,0.009,-0.012,-0.042,0.027,0.000,16,W,0,,,,433658,144.90,0
1372,3113.345,"Mount",0.077,0.014,-0.024,-0.075,0.011,-0.027,6,W,12,N,,,405694,134.42,0
1373,3115.688,"Mount",0.022,-0.105,-0.103,0.029,-0.055,0.000,31,E,0,,,,415701,141.42,0
1374,3117.779,"Mount",0.003,-0.005,-0.006,-0.001,-0.016,0.000,9,E,0,,,,423364,134.65,0
1375,3120.090,"Mount",0.008,-0.041,-0.040,0.012,-0.018,0.000,11,E,0,,,,417931,134.76,0
1376,3122.275,"Mount",0.133,-0.166,-0.208,-0.041,-0.122,0.000,69,E,0,,,,428118,139.66,0
1377,3124.710,"Mount",0.143,0.025,-0.044,-0.138,-0.027,-0.050,15,E,21,N,,,419113,141.08,0
1378,3127.017,"Mount",0.180,-0.079,-0.153,-0.124,-0.089,-0.046,51,E,20,N,,,433798,152.13,0
1379,3129.352,"Mount",0.123,-0.143,-0.183,-0.044,-0.088,0.000,50,E,0,,,,402122,127.98,0
1380,3131.479,"Mount",0.070,-0.005,-0.036,-0.060,0.004,-0.022,2,W,9,N,,,409993,124.62,0
1381,3133.770,"Mount",0.013,0.013,0.005,-0.018,0.013,0.000,8,W,0,,,,429084,150.59,0
1382,3135.930,"Mount",0.046,0.100,0.068,-0.087,0.055,-0.031,32,W,13,N,,,431577,142.80,0
1383,3138.254,"Mount",-0.013,-0.083,-0.068,0.050,0.004,0.000,2,W,0,,,,419304,138.52,0
1384,3140.342,"Mount",-0.040,0.010,0.027,0.031,0.031,0.000,18,W,0,,,,423014,137.18,0
1385,3142.650,"Mount",-0.032,0.009,0.022,0.024,0.030,0.000,17,W,0,,,,436830,143.29,0
1386,3144.829,"Mount",-0.107,0.048,0.092,0.072,0.069,0.026,40,W,11,S,,,396168,120.51,0
1387,3147.185,"Mount",0.022,-0.021,-0.028,-0.009,0.022,0.000,12,W,0,,,,442286,145.91,0
1388,3149.254,"Mount",0.028,0.003,-0.011,-0.026,0.009,0.000,5,W,0,,,,399847,127.55,0
1389,3151.597,"Mount",0.018,-0.121,-0.115,0.040,-0.054,0.000,31,E,0,,,,409026,141.18,0
1390,3153.666,"Mount",0.011,0.027,0.018,-0.022,-0.008,0.000,5,E,0,,,,409868,135.28,0
1391,3156.007,"Mount",0.019,0.043,0.029,-0.037,-0.012,0.000,7,E,0,,,,420634,135.40,0
1392,3158.123,"Mount",-0.089,0.050,0.085,0.055,0.018,0.000,10,W,0,,,,411069,144.66,0
1393,3160.460,"Mount",-0.007,0.047,0.045,-0.016,-0.030,0.000,17,E,0,,,,425247,150.92,0
1394,3162.685,"Mount",-0.062,-0.178,-0.130,0.138,-0.090,0.050,52,E,21,S,,,425414,142.96,0
1395,3165.017,"Mount",0.022,0.054,0.037,-0.045,-0.040,0.000,23,E,0,,,,423164,137.98,0
1396,3167.202,"Mount",0.085,0.007,-0.033,-0.078,-0.043,-0.028,25,E,12,N,,,420517,143.70,0
1397,3169.522,"Mount",0.035,0.015,-0.003,-0.038,-0.044,0.000,25,E,0,,,,410508,129.76,0
1398,3171.639,"Mount",-0.007,0.029,0.029,-0.007,-0.035,0.000,20,E,0,,,,435698,163.51,0
1399,3173.994,"Mount",0.051,-0.115,-0.125,0.008,-0.081,0.000,46,E,0,,,,406401,125.03,0
1400,3176.128,"Mount",0.073,-0.052,-0.080,-0.041,-0.049,0.000,28,E,0,,,,412149,144.81,0
1401,3178.423,"Mount",0.072,-0.011,-0.043,-0.059,0.000,0.000,0,,0,,,,413803,128.50,0
1402,3180.574,"Mount",-0.009,0.068,0.065,-0.023,0.034,0.000,20,W,0,,,,421521,151.24,0
1403,3182.902,"Mount",-0.031,0.045,0.054,0.007,0.019,0.000,11,W,0,,,,430956,132.73,0
1404,3185.026,"Mount",-0.076,0.026,0.059,0.056,0.022,0.000,13,W,0,,,,433246,155.71,0
1405,3187.364,"Mount",-0.039,-0.024,-0.003,0.046,0.034,0.000,19,W,0,,,,414552,127.69,0
1406,3189.482,"Mount",0.048,0.033,0.007,-0.058,0.040,0.000,23,W,0,,,,430124,141.37,0
1407,3191.884,"Mount",-0.061,0.153,0.163,-0.017,0.124,0.000,71,W,0,,,,420820,133.94,0
1408,3194.047,"Mount",-0.039,0.110,0.115,-0.017,0.099,0.000,57,W,0,,,,403667,132.74,0
1409,3196.462,"Mount",-0.043,0.089,0.099,-0.003,0.090,0.000,52,W,0,,,,434458,146.93,0
1410,3198.582,"Mount",-0.012,0.108,0.102,-0.039,0.084,0.000,48,W,0,,,,410957,144.06,0
1411,3200.889,"Mount",-0.036,-0.014,0.004,0.038,0.027,0.000,15,W,0,,,,418225,144.29,0
1412,3202.960,"Mount",-0.037,-0.016,0.003,0.040,0.009,0.000,5,W,0,,,,413709,142.43,0
1413,3205.282,"Mount",-0.014,0.047,0.048,-0.009,-0.008,0.000,4,E,0,,,,435548,141.00,0
1414,3207.519,"Mount",-0.066,-0.094,-0.053,0.102,-0.022,0.037,12,E,16,S,,,423502,148.25,0
1415,3209.813,"Mount",0.026,-0.048,-0.055,-0.001,-0.045,0.000,26,E,0,,,,420683,126.09,0
1416,3211.931,"Mount",0.020,-0.037,-0.042,-0.000,-0.070,0.000,40,E,0,,,,429803,152.47,0
1417,3214.316,"Mount",0.120,-0.116,-0.158,-0.053,-0.162,0.000,93,E,0,,,,430422,141.10,0
1418,3216.510,"Mount",0.071,-0.102,-0.123,-0.016,-0.162,0.000,93,E,0,,,,419147,143.54,0
1419,3218.858,"Mount",0.031,-0.045,-0.055,-0.007,-0.121,0.000,69,E,0,,,,428529,137.81,0
1420,3221.006,"Mount",0.020,-0.075,-0.076,0.016,-0.150,0.000,86,E,0,,,,410523,133.93,0
1421,3223.393,"Mount",-0.001,0.028,0.025,-0.012,-0.119,0.000,68,E,0,,,,399711,146.40,0
1422,3225.560,"Mount",-0.009,0.033,0.033,-0.008,-0.117,0.000,67,E,0,,,,419650,152.01,0
1423,3227.985,"Mount",-0.002,-0.059,-0.052,0.029,-0.113,0.000,65,E,0,,,,426237,141.65,0
1424,3230.145,"Mount",-0.002,0.013,0.012,-0.004,-0.113,0.000,64,E,0,,,,417702,130.40,0
1425,3232.548,"Mount",-0.004,-0.005,-0.002,0.006,-0.115,0.000,66,E,0,,,,393536,124.47,0
1426,3234.676,"Mount",0.017,-0.013,-0.019,-0.009,-0.106,0.000,61,E,0,,,,443524,152.61,0
1427,3237.064,"Mount",0.010,-0.046,-0.045,0.012,-0.095,0.000,54,E,0,,,,407997,127.10,0
1428,3239.289,"Mount",-0.040,-0.098,-0.069,0.081,-0.108,0.029,62,E,12,S,,,415173,134.05,0
1429,3241.611,"Mount",-0.028,0.147,0.144,-0.043,-0.011,0.000,6,E,0,,,,430629,160.48,0
1430,3243.693,"Mount",-0.105,0.145,0.177,0.026,0.026,0.000,15,W,0,,,,424026,135.95,0
1431,3246.030,"Mount",-0.044,0.111,0.118,-0.012,0.009,0.000,5,W,0,,,,430472,142.94,0
1432,3248.165,"Mount",-0.053,0.123,0.134,-0.010,0.028,0.000,16,W,0,,,,397316,126.94,0
1433,3250.559,"Mount",0.023,0.077,0.057,-0.056,-0.022,0.000,13,E,0,,,,432462,146.91,0
1434,3252.629,"Mount",0.030,0.009,-0.006,-0.031,-0.011,0.000,7,E,0,,,,431012,147.01,0
1435,3254.966,"Mount",-0.026,0.072,0.076,-0.010,0.015,0.000,8,W,0,,,,408735,145.40,0
1436,3257.098,"Mount",-0.040,-0.009,0.010,0.040,-0.023,0.000,13,E,0,,,,405179,142.50,0
1437,3259.435,"Mount",0.006,0.038,0.031,-0.023,-0.037,0.000,21,E,0,,,,440236,150.93,0
1438,3261.503,"Mount",-0.014,0.080,0.077,-0.024,-0.015,0.000,9,E,0,,,,432190,174.60,0
1439,3263.953,"Mount",-0.019,-0.115,-0.093,0.070,-0.114,0.025,65,E,11,S,,,419148,125.78,0
1440,3266.072,"Mount",-0.021,0.010,0.018,0.014,-0.101,0.000,58,E,0,,,,405639,142.25,0
1441,3268.426,"Mount",0.023,0.030,0.016,-0.034,-0.119,0.000,68,E,0,,,,428509,131.66,0
1442,3270.593,"Mount",0.066,-0.048,-0.073,-0.036,-0.165,0.000,94,E,0,,,,411139,136.14,0
1443,3273.087,"Mount",0.066,0.042,0.007,-0.077,-0.157,-0.028,90,E,12,N,,,421210,152.31,0
1444,3275.345,"Mount",0.150,-0.020,-0.087,-0.123,-0.206,-0.045,118,E,19,N,,,400910,124.01,0
1445,3277.863,"Mount",0.071,-0.215,-0.224,0.036,-0.285,0.000,163,E,0,,,,407412,143.82,0
1446,3280.087,"Mount",0.008,-0.134,-0.122,0.055,-0.239,0.000,137,E,0,,,,414507,125.08,0
1447,3282.515,"Mount",0.065,-0.003,-0.033,-0.056,-0.197,0.000,112,E,0,,,,430088,144.53,0
1448,3284.723,"Mount",0.048,-0.036,-0.054,-0.026,-0.196,0.000,112,E,0,,,,409999,141.17,0
1449,3287.141,"Mount",0.025,0.009,-0.004,-0.026,-0.198,0.000,113,E,0,,,,441424,145.21,0
1450,3289.350,"Mount",0.009,-0.026,-0.028,0.004,-0.189,0.000,108,E,0,,,,405300,144.68,0
1451,3291.799,"Mount",0.039,0.002,-0.016,-0.036,-0.198,0.000,113,E,0,,,,423969,147.01,0
1452,3294.005,"Mount",-0.023,-0.064,-0.046,0.050,-0.175,0.000,100,E,0,,,,416974,134.47,0
1453,3296.512,"Mount",-0.052,-0.071,-0.039,0.079,-0.185,0.028,106,E,12,S,,,422634,136.63,0
1454,3298.645,"Mount",-0.049,-0.001,0.021,0.044,-0.157,0.000,90,E,0,,,,423787,142.24,0
1455,3301.048,"Mount",0.007,0.033,0.026,-0.021,-0.136,0.000,78,E,0,,,,425448,150.53,0
1456,3303.212,"Mount",0.037,0.041,0.019,-0.052,-0.108,0.000,62,E,0,,,,426422,149.41,0
1457,3305.582,"Mount",-0.013,0.062,0.061,-0.017,-0.069,0.000,39,E,0,,,,439834,133.69,0
1458,3307.709,"Mount",-0.021,0.086,0.086,-0.021,-0.034,0.000,19,E,0,,,,409969,138.20,0
1459,3310.156,"Mount",0.016,0.103,0.083,-0.062,-0.026,-0.022,15,E,10,N,,,425318,151.46,0
1460,3312.319,"Mount",-0.012,0.075,0.072,-0.024,-0.010,0.000,6,E,0,,,,414529,138.78,0
1461,3314.673,"Mount",0.026,0.082,0.061,-0.061,-0.005,-0.022,3,E,9,N,,,422879,142.80,0
1462,3316.776,"Mount",0.031,-0.005,-0.019,-0.026,-0.019,0.000,11,E,0,,,,418807,132.26,0
1463,3319.081,"Mount",-0.011,0.090,0.085,-0.032,0.031,0.000,18,W,0,,,,418481,127.07,0
1464,3321.156,"Mount",-0.017,0.031,0.035,0.001,-0.008,0.000,5,E,0,,,,412472,135.95,0
1465,3323.440,"Mount",0.023,-0.033,-0.040,-0.005,-0.001,0.000,1,E,0,,,,422111,144.00,0
1466,3325.560,"Mount",-0.021,0.066,0.069,-0.012,0.023,0.000,13,W,0,,,,424545,139.36,0
1467,3327.871,"Mount",-0.080,0.054,0.085,0.046,0.029,0.000,16,W,0,,,,435093,145.63,0
1468,3330.084,"Mount",-0.011,-0.148,-0.126,0.078,-0.067,0.028,39,E,12,S,,,409942,138.50,0
1469,3332.406,"Mount",0.045,0.004,-0.017,-0.042,-0.002,0.000,1,E,0,,,,418440,133.87,0
1470,3334.509,"Mount",0.087,-0.077,-0.108,-0.042,-0.050,0.000,29,E,0,,,,418716,128.86,0
1471,3336.832,"Mount",-0.024,-0.031,-0.017,0.036,0.014,0.000,8,W,0,,,,420750,144.25,0
1472,3338.915,"Mount",0.048,-0.001,-0.023,-0.042,0.030,0.000,17,W,0,,,,407637,124.10,0
1473,3341.235,"Mount",-0.026,-0.026,-0.011,0.035,0.051,0.000,29,W,0,,,,429449,121.61,0
1474,3343.329,"Mount",0.012,-0.060,-0.059,0.018,0.061,0.000,35,W,0,,,,425182,139.34,0
1475,3345.761,"Mount",-0.066,0.150,0.164,-0.011,0.142,0.000,81,W,0,,,,440787,159.92,0
1476,3347.957,"Mount",-0.114,0.120,0.159,0.046,0.146,0.000,83,W,0,,,,420943,142.14,0
1477,3350.435,"Mount",-0.092,0.214,0.232,-0.017,0.195,0.000,111,W,0,,,,417816,135.78,0
1478,3352.707,"Mount",-0.029,0.239,0.225,-0.085,0.198,-0.031,113,W,13,N,,,400642,127.84,0
1479,3355.185,"Mount",0.006,0.148,0.128,-0.074,0.168,-0.028,96,W,12,N,,,403417,138.71,0
1480,3357.381,"Mount",0.056,0.074,0.040,-0.084,0.113,-0.031,65,W,13,N,,,442594,156.56,0
1481,3359.740,"Mount",0.059,-0.175,-0.182,0.029,0.032,0.000,18,W,0,,,,411255,147.47,0
1482,3361.892,"Mount",0.179,-0.232,-0.289,-0.052,-0.027,0.000,16,E,0,,,,403701,129.71,0
1483,3364.243,"Mount",-0.013,-0.072,-0.058,0.045,0.115,0.000,66,W,0,,,,417051,142.48,0
1484,3366.410,"Mount",-0.053,0.024,0.046,0.036,0.110,0.000,63,W,0,,,,426038,133.61,0
1485,3368.764,"Mount",-0.037,-0.057,-0.034,0.059,0.109,0.000,63,W,0,,,,446056,142.18,0
1486,3370.899,"Mount",-0.023,-0.011,0.000,0.026,0.123,0.000,71,W,0,,,,416379,134.40,0
1487,3373.354,"Mount",-0.063,-0.015,0.016,0.063,0.143,0.023,82,W,10,S,,,398323,134.66,0
1488,3375.533,"Mount",-0.050,0.032,0.051,0.030,0.140,0.000,80,W,0,,,,408820,121.82,0
1489,3377.950,"Mount",-0.009,0.006,0.009,0.005,0.143,0.000,82,W,0,,,,431380,149.00,0
1490,3380.081,"Mount",-0.046,-0.022,0.001,0.052,0.125,0.000,71,W,0,,,,413274,125.65,0
1491,3382.435,"Mount",-0.003,-0.056,-0.049,0.029,0.105,0.000,60,W,0,,,,436642,156.57,0
1492,3384.571,"Mount",0.043,-0.115,-0.122,0.015,0.038,0.000,22,W,0,,,,420390,131.04,0
1493,3387.020,"Mount",0.018,-0.184,-0.172,0.069,-0.012,0.025,7,E,11,S,,,400337,145.51,0
1494,3389.121,"Mount",0.006,-0.097,-0.089,0.040,-0.006,0.000,4,E,0,,,,450859,159.93,0
1495,3391.450,"Mount",0.032,-0.144,-0.143,0.038,-0.049,0.000,28,E,0,,,,418338,134.21,0
1496,3393.552,"Mount",-0.006,-0.101,-0.087,0.052,-0.044,0.000,25,E,0,,,,424559,141.38,0
1497,3395.900,"Mount",-0.012,-0.047,-0.037,0.032,-0.012,0.000,7,E,0,,,,411763,125.24,0
1498,3397.969,"Mount",0.033,-0.043,-0.053,-0.009,-0.017,0.000,10,E,0,,,,427529,132.54,0
1499,3400.322,"Mount",-0.003,-0.042,-0.036,0.022,-0.023,0.000,13,E,0,,,,428654,142.17,0
1500,3402.504,"Mount",-0.047,-0.098,-0.066,0.087,-0.052,0.031,30,E,13,S,,,420967,153.49,0
1501,3404.892,"Mount",0.081,-0.103,-0.129,-0.024,-0.076,0.000,43,E,0,,,,408957,144.19,0
1502,3407.145,"Mount",0.091,-0.035,-0.073,-0.064,-0.039,-0.023,22,E,10,N,,,409322,134.86,0
1503,3409.432,"Mount",-0.034,-0.029,-0.010,0.044,0.012,0.000,7,W,0,,,,431643,138.66,0
1504,3411.609,"Mount",-0.123,0.061,0.110,0.081,0.079,0.029,45,W,12,S,,,420776,124.84,0
1505,3413.963,"Mount",-0.027,0.017,0.028,0.016,0.061,0.000,35,W,0,,,,417283,132.86,0
1506,3416.137,"Mount",-0.028,0.047,0.054,0.003,0.089,0.000,51,W,0,,,,422464,133.54,0
1507,3418.546,"Mount",0.000,0.084,0.074,-0.039,0.154,0.000,88,W,0,,,,419252,132.39,0
1508,3420.809,"Mount",-0.010,0.196,0.179,-0.082,0.224,-0.029,128,W,13,N,,,410786,151.65,0
1509,3423.246,"Mount",-0.016,0.032,0.036,-0.001,0.176,0.000,100,W,0,,,,428737,143.66,0
1510,3425.536,"Mount",-0.118,0.071,0.118,0.072,0.235,0.026,134,W,11,S,,,408168,142.22,0
1511,3428.049,"Mount",0.014,0.100,0.082,-0.058,0.238,0.000,136,W,0,,,,438451,142.39,0
1512,3430.275,"Mount",-0.007,0.068,0.064,-0.026,0.219,0.000,125,W,0,,,,412837,147.39,0
1513,3432.658,"Mount",0.037,-0.048,-0.060,-0.010,0.181,0.000,103,W,0,,,,411382,136.17,0
1514,3434.829,"Mount",-0.022,0.005,0.015,0.017,0.154,0.000,88,W,0,,,,404157,140.64,0
1515,3437.219,"Mount",-0.019,-0.014,-0.004,0.023,0.134,0.000,76,W,0,,,,417575,140.17,0
1516,3439.342,"Mount",0.025,-0.008,-0.018,-0.019,0.111,0.000,63,W,0,,,,431204,137.52,0
1517,3441.729,"Mount",-0.048,-0.070,-0.040,0.075,0.102,0.027,58,W,12,S,,,403257,133.45,0
1518,3443.906,"Mount",-0.013,-0.023,-0.014,0.022,0.090,0.000,52,W,0,,,,421720,123.46,0
1519,3446.353,"Mount",0.070,-0.005,-0.036,-0.060,0.096,-0.022,55,W,9,N,,,445571,166.46,0
1520,3448.506,"Mount",0.034,0.002,-0.014,-0.031,0.085,0.000,49,W,0,,,,431325,138.58,0
1521,3450.874,"Mount",0.034,-0.032,-0.044,-0.015,0.088,0.000,50,W,0,,,,412019,138.58,0
1522,3453.009,"Mount",-0.007,-0.076,-0.064,0.042,0.049,0.000,28,W,0,,,,428361,145.31,0
1523,3455.348,"Mount",0.080,-0.197,-0.212,0.020,-0.033,0.000,19,E,0,,,,417901,157.27,0
1524,3457.462,"Mount",0.048,-0.173,-0.176,0.037,-0.040,0.000,23,E,0,,,,435980,166.18,0
1525,3459.894,"Mount",0.059,-0.215,-0.218,0.047,-0.079,0.000,45,E,0,,,,414289,148.92,0
1526,3462.097,"Mount",0.093,-0.093,-0.125,-0.040,-0.071,0.000,40,E,0,,,,428759,158.21,0
1527,3464.451,"Mount",0.065,-0.145,-0.159,0.009,-0.106,0.000,61,E,0,,,,419930,153.45,0
1528,3466.569,"Mount",0.004,-0.064,-0.059,0.026,-0.039,0.000,22,E,0,,,,400542,149.78,0
1529,3469.003,"Mount",-0.014,-0.104,-0.086,0.061,-0.078,0.022,44,E,9,S,,,431171,151.03,0
1530,3471.123,"Mount",-0.024,-0.025,-0.011,0.033,-0.035,0.000,20,E,0,,,,430984,157.68,0
1531,3473.529,"Mount",-0.065,-0.008,0.023,0.061,-0.032,0.022,18,E,9,S,,,431399,142.47,0
1532,3475.691,"Mount",-0.039,-0.083,-0.056,0.073,-0.012,0.027,7,E,12,S,,,427364,137.17,0
1533,3478.079,"Mount",0.030,0.095,0.070,-0.070,0.035,-0.024,20,W,10,N,,,420334,134.12,0
1534,3480.254,"Mount",0.068,0.117,0.072,-0.114,0.046,-0.042,26,W,18,N,,,438535,143.70,0
1535,3482.591,"Mount",-0.002,0.015,0.015,-0.005,0.022,0.000,13,W,0,,,,445726,158.81,0
1536,3484.735,"Mount",0.050,0.041,0.013,-0.063,0.033,-0.023,19,W,10,N,,,411850,150.03,0
1537,3487.131,"Mount",0.114,0.087,0.025,-0.141,0.042,-0.052,24,W,22,N,,,432685,141.37,0
1538,3489.282,"Mount",0.039,0.062,0.038,-0.063,0.038,-0.025,22,W,11,N,,,440746,155.59,0
1539,3491.625,"Mount",-0.013,-0.010,-0.002,0.016,0.027,0.000,15,W,0,,,,421443,132.38,0
1540,3493.725,"Mount",-0.025,0.088,0.090,-0.019,0.059,0.000,34,W,0,,,,415318,137.66,0
1541,3496.145,"Mount",-0.060,-0.050,-0.016,0.076,0.010,0.027,6,W,12,S,,,410162,129.83,0
1542,3498.264,"Mount",-0.018,-0.076,-0.059,0.051,0.002,0.000,1,W,0,,,,421949,136.65,0
1543,3500.636,"Mount",-0.037,-0.110,-0.081,0.083,-0.043,0.030,24,E,13,S,,,419696,147.43,0
1544,3502.708,"Mount",-0.003,-0.029,-0.024,0.016,-0.010,0.000,5,E,0,,,,417212,146.54,0
1545,3505.093,"Mount",0.017,0.052,0.039,-0.039,-0.015,0.000,9,E,0,,,,411729,141.56,0
1546,3507.208,"Mount",-0.005,-0.104,-0.090,0.053,-0.062,0.000,35,E,0,,,,430439,136.67,0
1547,3509.556,"Mount",0.040,-0.066,-0.077,-0.005,-0.064,0.000,37,E,0,,,,415588,139.62,0
1548,3511.684,"Mount",0.012,0.014,0.007,-0.017,-0.039,0.000,22,E,0,,,,382761,125.55,0
1549,3514.150,"Mount",0.048,0.065,0.035,-0.072,-0.045,-0.026,26,E,11,N,,,409927,121.03,0
1550,3516.268,"Mount",0.040,-0.022,-0.038,-0.026,-0.047,0.000,27,E,0,,,,419464,146.10,0
1551,3518.565,"Mount",0.052,0.016,-0.010,-0.053,-0.046,0.000,26,E,0,,,,421011,139.97,0
1552,3520.771,"Mount",0.171,0.011,-0.069,-0.157,-0.069,-0.057,39,E,24,N,,,426045,153.74,0
1553,3523.111,"Mount",0.043,-0.021,-0.039,-0.029,-0.027,0.000,16,E,0,,,,423494,141.47,0
1554,3525.272,"Mount",-0.050,-0.125,-0.088,0.102,-0.055,0.037,31,E,16,S,,,417096,135.07,0
1555,3527.610,"Mount",-0.007,-0.003,0.001,0.008,-0.002,0.000,1,E,0,,,,414688,139.57,0
1556,3529.722,"Mount",-0.010,-0.020,-0.014,0.018,0.015,0.000,9,W,0,,,,399963,126.93,0
1557,3532.051,"Mount",0.037,0.003,-0.015,-0.034,0.028,0.000,16,W,0,,,,402679,125.90,0
1558,3534.233,"Mount",0.072,0.069,0.028,-0.096,0.036,-0.035,21,W,15,N,,,425568,165.97,0
1559,3536.584,"Mount",-0.042,-0.007,0.013,0.040,0.045,0.000,26,W,0,,,,414677,128.31,0
1560,3538.684,"Mount",0.058,-0.020,-0.044,-0.043,0.055,0.000,32,W,0,,,,418032,134.44,0
1561,3541.181,"Mount",0.029,0.129,0.101,-0.085,0.105,-0.031,60,W,13,N,,,433266,165.88,0
1562,3543.282,"Mount",0.016,0.062,0.048,-0.043,0.049,0.000,28,W,0,,,,423056,140.82,0
1563,3545.622,"Mount",-0.028,-0.010,0.004,0.029,0.041,0.000,23,W,0,,,,405400,135.97,0
1564,3547.786,"Mount",-0.077,0.049,0.079,0.046,0.060,0.000,35,W,0,,,,426057,151.31,0
1565,3550.195,"Mount",-0.133,0.010,0.070,0.113,0.036,0.041,21,W,17,S,,,422941,124.04,0
1566,3552.305,"Mount",0.035,0.005,-0.012,-0.033,-0.016,0.000,9,E,0,,,,432622,150.50,0
1567,3554.612,"Mount",-0.008,-0.028,-0.022,0.020,-0.030,0.000,17,E,0,,,,420451,149.83,0
1568,3556.716,"Mount",-0.018,0.003,0.011,0.015,-0.043,0.000,24,E,0,,,,409706,138.21,0
1569,3559.152,"Mount",-0.065,-0.073,-0.035,0.091,-0.065,0.033,37,E,14,S,,,402114,124.51,0
1570,3561.328,"Mount",-0.073,-0.012,0.023,0.070,-0.078,0.027,44,E,11,S,,,419677,147.18,0
1571,3563.806,"Mount",0.067,0.029,-0.005,-0.073,-0.103,-0.025,59,E,11,N,,,426614,137.16,0
1572,3566.066,"Mount",0.155,-0.116,-0.174,-0.084,-0.186,-0.031,106,E,13,N,,,426119,140.82,0
1573,3568.468,"Mount",0.036,0.019,0.000,-0.040,-0.110,0.000,63,E,0,,,,426188,143.11,0
1574,3570.689,"Mount",0.074,-0.011,-0.044,-0.061,-0.106,-0.022,61,E,9,N,,,415774,119.73,0
1575,3573.095,"Mount",-0.026,-0.068,-0.048,0.055,-0.114,0.000,65,E,0,,,,439518,154.50,0
1576,3575.271,"Mount",0.076,-0.064,-0.092,-0.038,-0.145,0.000,83,E,0,,,,423345,125.19,0
1577,3577.674,"Mount",0.005,-0.022,-0.022,0.005,-0.112,0.000,64,E,0,,,,410812,147.78,0
1578,3579.834,"Mount",0.021,-0.042,-0.047,0.001,-0.116,0.000,66,E,0,,,,406307,136.61,0
1579,3582.218,"Mount",0.038,-0.054,-0.065,-0.009,-0.144,0.000,82,E,0,,,,408603,140.38,0
1580,3584.369,"Mount",-0.001,-0.048,-0.042,0.023,-0.103,0.000,59,E,0,,,,415650,143.84,0
1581,3586.694,"Mount",-0.004,0.092,0.084,-0.039,-0.055,0.000,31,E,0,,,,435510,161.75,0
1582,3588.819,"Mount",-0.022,0.058,0.062,-0.007,-0.047,0.000,27,E,0,,,,423566,136.24,0
1583,3591.167,"Mount",-0.041,0.065,0.076,0.006,-0.028,0.000,16,E,0,,,,402107,128.89,0
1584,3593.254,"Mount",-0.065,0.159,0.171,-0.016,0.033,0.000,19,W,0,,,,432274,142.90,0
1585,3595.671,"Mount",-0.077,0.008,0.042,0.064,-0.032,0.023,18,E,10,S,,,413366,131.74,0
1586,3597.784,"Mount",-0.061,0.040,0.064,0.036,0.010,0.000,6,W,0,,,,444257,142.41,0
1587,3600.182,"Mount",-0.124,0.006,0.063,0.107,0.016,0.039,9,W,17,S,,,399857,122.36,0
1588,3602.424,"Mount",-0.107,-0.058,-0.003,0.122,-0.014,0.045,8,E,19,S,,,416456,135.25,0
1589,3604.732,"Mount",0.074,-0.019,-0.051,-0.057,-0.025,0.000,14,E,0,,,,387044,129.77,0
1590,3606.851,"Mount",0.078,-0.043,-0.074,-0.050,-0.070,0.000,40,E,0,,,,422571,141.35,0
1591,3609.269,"Mount",0.104,0.063,0.008,-0.121,-0.056,-0.044,32,E,19,N,,,434446,153.18,0
1592,3611.466,"Mount",0.093,-0.047,-0.084,-0.061,-0.115,-0.024,66,E,10,N,,,423932,150.51,0
1593,3613.900,"Mount",-0.033,-0.109,-0.081,0.080,-0.142,0.028,81,E,12,S,,,410601,136.42,0
1594,3616.126,"Mount",0.108,-0.164,-0.195,-0.020,-0.210,0.000,120,E,0,,,,419987,147.65,0
1595,3618.544,"Mount",0.050,-0.091,-0.104,-0.003,-0.182,0.000,104,E,0,,,,422824,136.35,0
1596,3620.798,"Mount",-0.008,-0.191,-0.165,0.095,-0.223,0.034,128,E,15,S,,,413796,134.54,0
1597,3623.229,"Mount",0.084,-0.145,-0.168,-0.007,-0.249,0.000,143,E,0,,,,408038,142.52,0
1598,3625.387,"Mount",-0.011,-0.058,-0.046,0.036,-0.177,0.000,101,E,0,,,,422270,153.34,0
1599,3627.850,"Mount",0.035,-0.069,-0.078,0.001,-0.229,0.000,131,E,0,,,,449850,152.06,0
1600,3630.138,"Mount",0.046,0.061,0.033,-0.069,-0.198,-0.025,113,E,11,N,,,445078,151.80,0
1601,3632.580,"Mount",0.027,-0.074,-0.078,0.010,-0.242,0.000,139,E,0,,,,419381,150.00,0
1602,3634.795,"Mount",0.046,-0.080,-0.092,-0.004,-0.242,0.000,138,E,0,,,,423757,144.57,0
1603,3637.214,"Mount",-0.053,0.073,0.089,0.013,-0.162,0.000,93,E,0,,,,416964,135.52,0
1604,3639.425,"Mount",0.033,-0.019,-0.032,-0.020,-0.187,0.000,107,E,0,,,,422841,144.71,0
1605,3641.835,"Mount",-0.065,0.097,0.116,0.013,-0.136,0.000,78,E,0,,,,436528,136.68,0
1606,3644.020,"Mount",-0.028,0.054,0.061,0.000,-0.148,0.000,84,E,0,,,,408145,133.60,0
1607,3646.419,"Mount",-0.023,0.044,0.050,0.000,-0.166,0.000,95,E,0,,,,438080,158.93,0
1608,3648.571,"Mount",-0.054,0.015,0.038,0.041,-0.126,0.000,72,E,0,,,,430901,147.47,0
1609,3650.985,"Mount",-0.110,0.031,0.078,0.083,-0.069,0.030,40,E,13,S,,,438013,149.01,0
1610,3653.165,"Mount",-0.019,0.184,0.172,-0.068,-0.009,-0.023,5,E,10,N,,,413901,131.89,0
1611,3655.537,"Mount",0.037,0.171,0.134,-0.112,-0.010,-0.041,6,E,18,N,,,408515,132.29,0
1612,3657.610,"Mount",-0.051,0.105,0.117,-0.003,-0.004,0.000,2,E,0,,,,419972,129.23,0
1613,3662.058,"Mount",-0.058,0.021,0.045,0.042,-0.065,0.000,37,E,0,,,,422964,153.70,0
1614,3664.436,"Mount",-0.040,0.216,0.210,-0.064,0.061,-0.023,35,W,10,N,,,417557,135.16,0
Guiding Ends at 2026-04-22 22:59:08

Guiding Begins at 2026-04-22 23:02:12
Equipment Profile = 60mmGuide
Dither = both axes, Dither scale = 1.000, Image noise reduction = none, Guide-frame time lapse = 0, Server enabled
Pixel scale = 3.22 arc-sec/px, Binning = 1, Focal length = 240 mm
Search region = 25 px, Star mass tolerance = 50.0%, Multi-star mode, list size = 12
 Camera = ZWO ASI120MM Mini, gain = 37, full size = 1280 x 960, have dark, dark dur = 2000, no defect map, pixel size = 3.8 um
Exposure = 2000 ms
Mount = iOptron CEM120,70,40,26, GEM, HEM, HAE, HAZ series and SkyHunter Mount (ASCOM), connected, guiding enabled, xAngle = 117.4, xRate = 1.749, yAngle = -152.7, yRate = 2.338, parity = +/+
Norm rates RA = 8.3"/s @ dec 0, Dec = 7.5"/s; ortho.err. = 0.1 deg
X guide algorithm = Predictive PEC, Control gain = 0.450
Prediction gain = 0.750
Minimum move = 0.060
Hyperparameters
	Length scale long range SE kernel = 700.000
	Signal variance long range SE kernel = 20.000
	Length scale periodic kernel = 10.000
	Signal variance periodic kernel = 20.000
	Length scale short range SE kernel = 25.000
	Signal variance short range SE kernel = 10.000
	Period length periodic kernel = 348.000
	FFT called after = 2.000 worm cycles
	Auto-adjust period length = Off
Y guide algorithm = Hysteresis, Hysteresis = 0.100, Aggression = 0.400, Minimum move = 0.060
Backlash comp = disabled, pulse = 100 ms
Max RA duration = 2500, Max DEC duration = 2500, DEC guide mode = Auto
RA Guide Speed = 7.5 a-s/s, Dec Guide Speed = 7.5 a-s/s, Cal Dec = 0.0, Last Cal Issue = None, Timestamp = 7/29/2025 9:33:42 PM
RA = 13.52 hr, Dec = 47.1 deg, Hour angle = -2.02 hr, Pier side = West, Rotator pos = N/A, Alt = 62.1 deg, Az = 47.4 deg
Lock position = 301.670, 76.152, Star position = 301.670, 76.152, HFD = 4.96 px
Frame,Time,mount,dx,dy,RARawDistance,DECRawDistance,RAGuideDistance,DECGuideDistance,RADuration,RADirection,DECDuration,DECDirection,XStep,YStep,StarMass,SNR,ErrorCode
INFO: SETTLING STATE CHANGE, Settling started
1,2.244,"Mount",-0.072,-0.087,-0.044,0.105,0.000,0.038,0,,16,S,,,405914,128.91,0
2,4.571,"Mount",0.069,-0.160,-0.173,0.013,-0.078,0.000,45,E,0,,,,408781,159.71,0
3,6.660,"Mount",0.091,-0.019,-0.059,-0.072,0.000,-0.026,0,,11,N,,,409691,125.10,0
4,9.007,"Mount",0.173,0.041,-0.043,-0.172,0.000,-0.063,0,,27,N,,,416900,131.43,0
5,11.104,"Mount",0.045,-0.112,-0.120,0.012,-0.054,0.000,31,E,0,,,,439372,169.29,0
6,13.451,"Mount",0.060,-0.181,-0.188,0.031,-0.085,0.000,48,E,0,,,,402565,136.19,0
7,15.669,"Mount",-0.052,-0.264,-0.211,0.168,-0.095,0.060,54,E,26,S,,,388835,147.91,0
8,18.018,"Mount",0.103,-0.152,-0.183,-0.021,-0.082,0.000,47,E,0,,,,422031,131.57,0
9,20.129,"Mount",0.137,0.076,0.005,-0.156,0.000,-0.056,0,,24,N,,,431479,154.69,0
INFO: SETTLING STATE CHANGE, Settling complete
10,22.431,"Mount",-0.150,-0.073,0.004,0.167,0.000,0.058,0,,25,S,,,416476,146.07,0
11,24.508,"Mount",-0.021,0.026,0.033,0.006,-0.004,0.000,3,E,0,,,,416313,149.48,0
12,26.813,"Mount",0.096,-0.086,-0.121,-0.045,-0.045,0.000,26,E,0,,,,414453,121.80,0
13,28.917,"Mount",-0.023,0.046,0.051,-0.001,0.005,0.000,3,W,0,,,,423238,129.03,0
14,31.213,"Mount",0.010,0.029,0.022,-0.022,0.001,0.000,1,W,0,,,,414277,132.36,0
15,33.311,"Mount",-0.027,0.175,0.168,-0.057,0.070,0.000,40,W,0,,,,425937,161.26,0
16,35.745,"Mount",-0.155,0.063,0.127,0.108,0.053,0.039,30,W,17,S,,,421423,133.03,0
17,37.854,"Mount",-0.002,-0.018,-0.015,0.010,0.001,0.000,1,W,0,,,,414424,140.99,0
18,40.205,"Mount",-0.051,0.119,0.129,-0.010,0.056,0.000,32,W,0,,,,407389,131.48,0
19,42.337,"Mount",-0.050,0.107,0.118,-0.005,0.050,0.000,29,W,0,,,,408818,141.38,0
20,44.672,"Mount",-0.134,0.167,0.210,0.042,0.090,0.000,51,W,0,,,,413027,160.56,0
21,46.793,"Mount",-0.012,0.088,0.084,-0.030,0.038,0.000,22,W,0,,,,417194,159.68,0
22,49.118,"Mount",0.029,0.059,0.039,-0.053,0.001,0.000,1,W,0,,,,390689,127.53,0
23,51.187,"Mount",-0.033,0.037,0.048,0.012,0.003,0.000,2,W,0,,,,419775,131.67,0
24,53.543,"Mount",0.035,0.083,0.058,-0.069,0.003,-0.025,2,W,11,N,,,408305,138.11,0
25,55.660,"Mount",0.044,0.083,0.053,-0.077,0.000,-0.029,0,,12,N,,,402988,127.90,0
26,58.082,"Mount",-0.009,-0.119,-0.101,0.063,-0.041,0.021,24,E,9,S,,,423673,167.58,0
27,60.200,"Mount",0.060,-0.072,-0.092,-0.020,-0.038,0.000,22,E,0,,,,415324,150.20,0
28,62.536,"Mount",0.028,-0.111,-0.111,0.026,-0.050,0.000,29,E,0,,,,411280,141.58,0
29,64.790,"Mount",0.146,-0.150,-0.200,-0.060,-0.087,-0.022,50,E,9,N,,,404225,139.04,0
30,67.239,"Mount",0.104,-0.360,-0.367,0.074,-0.159,0.026,91,E,11,S,,,436422,156.13,0
31,69.359,"Mount",0.092,-0.176,-0.199,-0.001,-0.092,0.000,53,E,0,,,,410994,133.04,0
32,71.738,"Mount",0.156,-0.308,-0.346,0.004,-0.162,0.000,93,E,0,,,,409225,132.70,0
33,73.899,"Mount",0.127,-0.347,-0.366,0.048,-0.168,0.000,96,E,0,,,,411059,147.92,0
34,76.363,"Mount",0.049,-0.240,-0.236,0.068,-0.116,0.024,66,E,10,S,,,419720,149.07,0
35,78.511,"Mount",0.135,-0.226,-0.263,-0.015,-0.126,0.000,72,E,0,,,,402552,127.09,0
36,80.976,"Mount",0.182,-0.149,-0.216,-0.093,-0.107,-0.033,61,E,14,N,,,414513,140.19,0
37,83.139,"Mount",0.105,-0.090,-0.128,-0.051,-0.070,0.000,40,E,0,,,,395151,135.27,0
38,85.494,"Mount",0.064,-0.159,-0.170,0.017,-0.085,0.000,49,E,0,,,,419463,147.80,0
39,87.622,"Mount",0.070,-0.128,-0.146,-0.004,-0.062,0.000,36,E,0,,,,400972,134.91,0
40,90.020,"Mount",-0.113,-0.088,-0.026,0.141,0.003,0.051,2,W,22,S,,,413072,140.54,0
41,92.181,"Mount",0.007,0.049,0.040,-0.029,0.011,0.000,6,W,0,,,,405895,132.63,0
42,94.503,"Mount",0.014,-0.148,-0.138,0.056,-0.044,0.000,25,E,0,,,,413311,131.44,0
43,96.591,"Mount",0.086,-0.064,-0.096,-0.046,-0.030,0.000,17,E,0,,,,425345,159.24,0
44,98.944,"Mount",0.037,-0.122,-0.125,0.024,-0.044,0.000,25,E,0,,,,431145,151.56,0
45,101.111,"Mount",0.134,-0.152,-0.197,-0.049,-0.100,0.000,57,E,0,,,,394483,139.65,0
46,103.519,"Mount",-0.028,-0.089,-0.066,0.066,-0.051,0.024,29,E,10,S,,,428956,138.23,0
47,105.652,"Mount",0.047,-0.032,-0.051,-0.027,-0.022,0.000,12,E,0,,,,407313,135.38,0
48,107.991,"Mount",0.061,-0.124,-0.138,0.003,-0.082,0.000,47,E,0,,,,424556,151.44,0
49,110.158,"Mount",0.081,0.036,-0.005,-0.089,-0.023,-0.032,13,E,14,N,,,432429,158.17,0
50,112.527,"Mount",0.137,-0.219,-0.258,-0.021,-0.110,0.000,63,E,0,,,,410615,142.53,0
51,114.643,"Mount",0.068,-0.215,-0.223,0.039,-0.090,0.000,52,E,0,,,,409616,137.42,0
52,117.113,"Mount",0.063,-0.326,-0.319,0.094,-0.132,0.034,76,E,15,S,,,427737,139.10,0
53,119.276,"Mount",0.157,-0.383,-0.412,0.038,-0.168,0.000,96,E,0,,,,427024,166.06,0
54,121.750,"Mount",0.096,-0.398,-0.398,0.099,-0.185,0.036,106,E,15,S,,,420203,129.94,0
55,123.963,"Mount",0.226,-0.423,-0.480,-0.005,-0.221,0.000,126,E,0,,,,421942,134.71,0
56,126.483,"Mount",0.143,-0.433,-0.450,0.073,-0.239,0.026,137,E,11,S,,,409566,138.79,0
57,128.695,"Mount",0.163,-0.423,-0.450,0.051,-0.242,0.000,138,E,0,,,,414641,132.85,0
58,131.265,"Mount",0.331,-0.433,-0.537,-0.094,-0.280,-0.034,160,E,14,N,,,413561,143.72,0
59,133.473,"Mount",0.231,-0.418,-0.477,-0.012,-0.253,0.000,145,E,0,,,,406177,134.28,0
60,135.927,"Mount",0.128,-0.299,-0.325,0.025,-0.188,0.000,107,E,0,,,,418320,140.49,0
61,138.072,"Mount",0.106,-0.221,-0.245,0.008,-0.138,0.000,79,E,0,,,,447438,153.34,0
62,140.471,"Mount",0.139,-0.393,-0.413,0.058,-0.199,0.000,114,E,0,,,,405762,134.74,0
63,142.545,"Mount",0.105,-0.225,-0.248,0.010,-0.071,0.000,41,E,0,,,,407870,131.12,0
64,144.915,"Mount",0.152,-0.367,-0.396,0.035,-0.125,0.000,72,E,0,,,,437622,146.74,0
65,147.145,"Mount",0.191,-0.234,-0.295,-0.061,-0.114,-0.022,65,E,9,N,,,417494,139.09,0
66,149.544,"Mount",0.096,-0.300,-0.310,0.054,-0.122,0.000,70,E,0,,,,423293,147.07,0
67,151.748,"Mount",0.150,-0.325,-0.357,0.017,-0.200,0.000,114,E,0,,,,432787,152.82,0
68,154.226,"Mount",0.039,-0.165,-0.164,0.042,-0.129,0.000,74,E,0,,,,434898,141.76,0
69,156.405,"Mount",0.011,-0.105,-0.098,0.039,-0.116,0.000,66,E,0,,,,411755,138.54,0
70,158.712,"Mount",-0.069,0.096,0.117,0.017,-0.027,0.000,15,E,0,,,,421233,142.90,0
71,160.876,"Mount",-0.093,-0.009,0.035,0.087,-0.014,0.031,8,E,13,S,,,410691,138.92,0
72,163.166,"Mount",-0.062,0.043,0.066,0.035,0.022,0.000,12,W,0,,,,410001,130.86,0
73,165.255,"Mount",-0.047,0.088,0.100,0.001,0.045,0.000,25,W,0,,,,423934,145.54,0
74,167.564,"Mount",-0.010,-0.060,-0.049,0.036,0.046,0.000,26,W,0,,,,432642,160.28,0
75,169.740,"Mount",0.082,0.026,-0.015,-0.085,0.052,-0.031,29,W,13,N,,,409656,153.36,0
76,172.045,"Mount",0.019,-0.062,-0.064,0.012,0.002,0.000,1,W,0,,,,427901,131.67,0
77,174.130,"Mount",-0.009,-0.035,-0.027,0.025,0.024,0.000,14,W,0,,,,410767,139.09,0
78,176.564,"Mount",-0.031,-0.156,-0.124,0.099,-0.065,0.036,37,E,15,S,,,437093,164.05,0
79,178.681,"Mount",0.098,-0.103,-0.137,-0.039,-0.076,0.000,44,E,0,,,,421077,156.54,0
80,181.000,"Mount",0.055,-0.026,-0.049,-0.037,-0.038,0.000,22,E,0,,,,418190,136.38,0
81,183.137,"Mount",0.041,-0.059,-0.071,-0.009,-0.075,0.000,43,E,0,,,,416081,140.07,0
82,185.462,"Mount",-0.107,0.110,0.148,0.044,0.012,0.000,7,W,0,,,,421380,136.89,0
83,187.624,"Mount",-0.075,-0.013,0.023,0.072,-0.031,0.026,18,E,11,S,,,416901,146.06,0
84,189.979,"Mount",-0.135,0.037,0.095,0.102,0.009,0.038,5,W,16,S,,,412299,135.56,0
85,192.083,"Mount",-0.052,0.078,0.093,0.010,0.053,0.000,30,W,0,,,,417633,144.25,0
86,194.419,"Mount",-0.066,0.061,0.085,0.030,0.057,0.000,33,W,0,,,,412561,130.66,0
87,196.548,"Mount",-0.075,0.063,0.091,0.038,0.064,0.000,36,W,0,,,,399354,128.86,0
88,198.946,"Mount",0.072,0.048,0.009,-0.086,0.026,-0.031,15,W,13,N,,,418856,140.59,0
89,201.048,"Mount",0.058,-0.005,-0.031,-0.049,0.006,0.000,3,W,0,,,,410377,134.07,0
90,203.387,"Mount",0.103,0.061,0.006,-0.119,0.001,-0.043,0,,18,N,,,414522,138.34,0
91,205.471,"Mount",0.042,0.018,-0.003,-0.045,-0.004,0.000,3,E,0,,,,418808,139.11,0
92,207.833,"Mount",-0.178,0.240,0.295,0.048,0.095,0.000,55,W,0,,,,420179,136.73,0
93,209.978,"Mount",-0.194,0.265,0.325,0.050,0.103,0.000,59,W,0,,,,413809,138.48,0
94,212.423,"Mount",-0.224,0.150,0.236,0.129,0.100,0.046,57,W,20,S,,,420080,149.83,0
95,214.659,"Mount",-0.098,0.376,0.379,-0.087,0.159,-0.029,91,W,13,N,,,434418,139.61,0
96,217.205,"Mount",-0.127,0.435,0.445,-0.089,0.204,-0.033,117,W,14,N,,,428306,148.98,0
97,219.357,"Mount",-0.137,0.372,0.394,-0.050,0.182,0.000,104,W,0,,,,432940,153.82,0
98,221.819,"Mount",-0.223,0.365,0.426,0.029,0.243,0.000,139,W,0,,,,428972,143.28,0
99,224.013,"Mount",-0.127,0.204,0.239,0.019,0.160,0.000,91,W,0,,,,411225,138.78,0
100,226.455,"Mount",0.009,0.199,0.173,-0.100,0.127,-0.036,72,W,15,N,,,416134,133.84,0
101,228.617,"Mount",0.179,0.079,-0.012,-0.195,0.036,-0.072,21,W,31,N,,,408326,129.86,0
102,231.062,"Mount",-0.171,-0.152,-0.056,0.222,-0.010,0.077,6,E,33,S,,,431745,146.18,0
103,233.151,"Mount",0.039,-0.031,-0.045,-0.020,-0.024,0.000,14,E,0,,,,431384,147.26,0
104,235.478,"Mount",-0.058,0.125,0.138,-0.007,0.019,0.000,11,W,0,,,,409145,133.89,0
105,237.593,"Mount",-0.020,0.122,0.117,-0.039,-0.021,0.000,12,E,0,,,,414648,145.12,0
106,239.941,"Mount",0.046,0.025,0.000,-0.052,-0.081,0.000,47,E,0,,,,402488,148.29,0
107,242.055,"Mount",0.007,0.117,0.101,-0.060,0.017,0.000,10,W,0,,,,415351,131.01,0
108,244.392,"Mount",-0.147,0.160,0.209,0.056,0.061,0.000,35,W,0,,,,421694,163.17,0
109,246.496,"Mount",-0.023,-0.031,-0.017,0.035,-0.002,0.000,1,E,0,,,,421397,140.48,0
110,248.900,"Mount",0.117,-0.037,-0.087,-0.087,-0.035,-0.031,20,E,13,N,,,429749,152.46,0
111,250.972,"Mount",-0.004,-0.080,-0.069,0.041,-0.019,0.000,11,E,0,,,,408895,156.91,0
112,253.325,"Mount",-0.075,-0.034,0.004,0.082,0.010,0.030,6,W,13,S,,,419147,155.64,0
113,255.515,"Mount",-0.143,0.039,0.101,0.109,0.048,0.040,28,W,17,S,,,415705,137.79,0
114,257.852,"Mount",-0.043,0.157,0.159,-0.034,0.032,0.000,19,W,0,,,,426582,151.43,0
115,260.111,"Mount",0.098,0.256,0.183,-0.205,0.038,-0.074,22,W,32,N,,,432029,141.17,0
116,262.430,"Mount",-0.067,0.090,0.110,0.018,0.049,0.000,28,W,0,,,,416942,128.45,0
117,264.625,"Mount",-0.224,0.095,0.187,0.155,0.077,0.056,44,W,24,S,,,407487,145.23,0
118,267.125,"Mount",-0.282,0.343,0.434,0.092,0.180,0.035,103,W,15,S,,,431727,139.77,0
119,269.341,"Mount",-0.099,0.354,0.360,-0.075,0.144,-0.026,83,W,11,N,,,410759,129.79,0
120,271.786,"Mount",-0.226,0.353,0.418,0.038,0.224,0.000,128,W,0,,,,438991,164.79,0
121,274.030,"Mount",-0.285,0.427,0.510,0.055,0.256,0.000,146,W,0,,,,402707,130.55,0
122,276.478,"Mount",-0.116,0.283,0.304,-0.028,0.198,0.000,113,W,0,,,,415684,151.81,0
123,278.673,"Mount",-0.230,0.347,0.413,0.044,0.233,0.000,133,W,0,,,,431909,153.02,0
124,281.154,"Mount",-0.240,0.182,0.272,0.129,0.181,0.047,103,W,20,S,,,427777,145.62,0
125,283.349,"Mount",-0.016,0.167,0.156,-0.063,0.116,-0.021,66,W,9,N,,,407426,139.57,0
126,285.677,"Mount",0.052,0.008,-0.017,-0.050,0.026,0.000,15,W,0,,,,410477,139.71,0
127,287.750,"Mount",-0.009,-0.005,-0.000,0.010,-0.009,0.000,5,E,0,,,,436227,145.48,0
128,290.072,"Mount",0.004,0.087,0.075,-0.044,0.003,0.000,2,W,0,,,,428489,137.43,0
129,292.219,"Mount",-0.051,0.273,0.266,-0.081,0.003,-0.029,2,W,13,N,,,401472,141.28,0
130,294.510,"Mount",-0.100,0.319,0.329,-0.059,0.008,0.000,5,W,0,,,,409361,150.99,0
131,296.641,"Mount",-0.161,0.285,0.327,0.011,0.110,0.000,63,W,0,,,,446068,156.68,0
132,299.092,"Mount",-0.036,0.282,0.267,-0.099,0.082,-0.035,47,W,15,N,,,402791,136.33,0
133,301.290,"Mount",0.032,0.188,0.152,-0.116,0.115,-0.043,66,W,18,N,,,407486,149.04,0
134,303.679,"Mount",0.162,0.003,-0.072,-0.145,0.025,-0.054,14,W,23,N,,,410861,144.01,0
135,305.779,"Mount",0.003,-0.130,-0.116,0.058,-0.021,0.000,12,E,0,,,,404807,148.34,0
136,308.194,"Mount",-0.137,-0.062,0.007,0.150,0.019,0.054,11,W,23,S,,,422866,140.31,0
137,310.347,"Mount",-0.019,-0.103,-0.082,0.064,-0.027,0.025,16,E,11,S,,,424812,156.92,0
138,312.685,"Mount",-0.009,-0.072,-0.060,0.041,-0.093,0.000,53,E,0,,,,406980,135.59,0
139,314.817,"Mount",0.047,-0.014,-0.034,-0.036,-0.078,0.000,45,E,0,,,,430501,139.79,0
140,317.194,"Mount",0.112,0.018,-0.036,-0.108,-0.054,-0.039,31,E,17,N,,,407394,150.41,0
141,319.408,"Mount",0.074,0.060,0.019,-0.093,-0.055,-0.035,32,E,15,N,,,414514,154.52,0
142,321.842,"Mount",-0.081,0.011,0.047,0.067,-0.018,0.023,10,E,10,S,,,403969,127.01,0
143,324.009,"Mount",-0.091,0.141,0.167,0.016,0.058,0.000,33,W,0,,,,402383,143.29,0
144,326.339,"Mount",-0.026,0.110,0.110,-0.028,0.069,0.000,40,W,0,,,,401752,133.52,0
145,328.483,"Mount",-0.062,0.088,0.107,0.014,0.076,0.000,43,W,0,,,,435029,155.35,0
146,330.785,"Mount",0.042,-0.021,-0.038,-0.028,0.045,0.000,26,W,0,,,,421244,157.15,0
147,332.954,"Mount",-0.033,-0.082,-0.058,0.067,0.045,0.024,26,W,10,S,,,415025,147.65,0
148,335.260,"Mount",-0.052,0.007,0.030,0.042,0.045,0.000,26,W,0,,,,420635,151.83,0
149,337.333,"Mount",0.087,-0.055,-0.089,-0.052,-0.020,0.000,11,E,0,,,,408402,124.14,0
150,339.649,"Mount",0.049,-0.088,-0.100,-0.003,-0.031,0.000,18,E,0,,,,414743,147.88,0
151,341.730,"Mount",-0.020,0.088,0.087,-0.023,0.032,0.000,18,W,0,,,,418830,141.41,0
152,344.082,"Mount",0.005,-0.086,-0.079,0.035,-0.049,0.000,28,E,0,,,,417619,144.76,0
153,346.235,"Mount",0.089,-0.027,-0.065,-0.067,-0.044,-0.024,25,E,10,N,,,404099,132.31,0
154,348.543,"Mount",0.031,-0.027,-0.038,-0.015,-0.025,0.000,14,E,0,,,,403042,132.85,0
155,350.611,"Mount",-0.006,0.068,0.063,-0.026,-0.004,0.000,2,E,0,,,,416036,134.44,0
156,352.968,"Mount",0.013,0.011,0.004,-0.017,-0.035,0.000,20,E,0,,,,413790,135.18,0
157,355.135,"Mount",-0.089,-0.056,-0.009,0.105,-0.036,0.038,21,E,16,S,,,420806,173.78,0
158,357.522,"Mount",0.039,-0.089,-0.096,0.007,-0.065,0.000,37,E,0,,,,406921,136.17,0
159,359.640,"Mount",-0.022,-0.072,-0.053,0.053,-0.020,0.000,12,E,0,,,,433764,160.97,0
160,362.023,"Mount",0.072,-0.002,-0.034,-0.063,-0.018,-0.023,10,E,10,N,,,402840,147.31,0
161,364.121,"Mount",-0.002,0.015,0.014,-0.005,-0.013,0.000,8,E,0,,,,421062,163.90,0
162,366.477,"Mount",-0.024,-0.017,-0.004,0.029,-0.005,0.000,3,E,0,,,,393291,126.58,0
163,368.627,"Mount",-0.056,-0.153,-0.110,0.120,-0.047,0.043,27,E,19,S,,,414471,132.20,0
164,370.921,"Mount",0.020,-0.011,-0.019,-0.013,0.004,0.000,2,W,0,,,,407757,139.80,0
165,373.005,"Mount",0.053,-0.059,-0.077,-0.019,-0.026,0.000,15,E,0,,,,392363,127.28,0
166,375.409,"Mount",0.040,0.055,0.031,-0.061,0.012,-0.022,7,W,9,N,,,415561,134.89,0
167,377.607,"Mount",0.234,-0.003,-0.110,-0.206,-0.046,-0.075,26,E,32,N,,,399229,126.81,0
168,379.991,"Mount",-0.122,0.023,0.076,0.097,0.037,0.032,21,W,14,S,,,422131,146.63,0
169,382.093,"Mount",0.006,0.054,0.046,-0.030,0.006,0.000,3,W,0,,,,408886,138.81,0
170,384.520,"Mount",-0.207,0.115,0.197,0.130,0.093,0.047,53,W,20,S,,,389619,129.26,0
171,386.701,"Mount",-0.018,0.174,0.163,-0.065,0.092,-0.021,53,W,9,N,,,438164,146.76,0
172,389.087,"Mount",0.031,0.007,-0.008,-0.031,0.024,0.000,14,W,0,,,,415659,139.53,0
173,391.349,"Mount",-0.097,-0.024,0.023,0.097,0.033,0.035,19,W,15,S,,,412917,160.45,0
174,393.659,"Mount",0.030,-0.040,-0.049,-0.008,0.033,0.000,19,W,0,,,,453325,169.94,0
175,395.746,"Mount",-0.059,-0.004,0.024,0.054,0.013,0.000,8,W,0,,,,420762,151.84,0
176,398.061,"Mount",-0.033,0.116,0.118,-0.024,0.058,0.000,33,W,0,,,,421340,150.19,0
177,400.179,"Mount",-0.036,0.135,0.137,-0.030,0.056,0.000,32,W,0,,,,398383,133.13,0
178,402.592,"Mount",0.134,-0.076,-0.129,-0.084,-0.073,-0.030,42,E,13,N,,,421698,151.85,0
179,404.845,"Mount",0.263,-0.100,-0.210,-0.187,-0.122,-0.069,70,E,29,N,,,416487,133.55,0
180,407.234,"Mount",0.104,-0.236,-0.257,0.017,-0.168,0.000,96,E,0,,,,419404,149.91,0
181,409.398,"Mount",0.057,-0.084,-0.101,-0.012,-0.114,0.000,65,E,0,,,,418875,142.18,0
182,411.753,"Mount",0.006,0.017,0.013,-0.013,-0.091,0.000,52,E,0,,,,411077,131.61,0
183,413.965,"Mount",0.050,0.042,0.014,-0.063,-0.095,-0.023,54,E,10,N,,,403503,161.80,0
184,416.381,"Mount",-0.237,-0.030,0.082,0.224,-0.046,0.080,26,E,34,S,,,402645,139.31,0
185,418.571,"Mount",-0.052,-0.092,-0.058,0.089,-0.073,0.035,42,E,15,S,,,412087,140.21,0
186,420.937,"Mount",0.044,-0.113,-0.120,0.013,-0.104,0.000,59,E,0,,,,418359,151.51,0
187,423.199,"Mount",-0.041,-0.077,-0.049,0.072,-0.038,0.026,22,E,11,S,,,410762,144.64,0
188,425.635,"Mount",0.033,-0.208,-0.200,0.067,-0.115,0.025,65,E,11,S,,,397742,126.50,0
189,427.855,"Mount",0.089,-0.316,-0.321,0.067,-0.161,0.025,92,E,11,S,,,407278,126.35,0
190,430.224,"Mount",0.099,-0.026,-0.069,-0.076,-0.045,-0.026,26,E,11,N,,,430387,156.16,0
191,432.419,"Mount",0.156,-0.145,-0.200,-0.071,-0.109,-0.027,62,E,11,N,,,422360,138.65,0
192,434.791,"Mount",0.090,-0.180,-0.201,0.004,-0.105,0.000,60,E,0,,,,439591,151.65,0
193,437.024,"Mount",-0.045,-0.205,-0.162,0.134,-0.090,0.048,51,E,21,S,,,414331,126.96,0
194,439.429,"Mount",0.144,-0.003,-0.069,-0.126,-0.052,-0.043,30,E,19,N,,,391534,133.99,0
195,441.543,"Mount",0.043,0.032,0.009,-0.053,-0.040,0.000,23,E,0,,,,415153,136.39,0
196,443.867,"Mount",0.016,-0.002,-0.009,-0.013,-0.043,0.000,25,E,0,,,,418035,151.23,0
197,446.081,"Mount",-0.055,-0.041,-0.011,0.067,-0.039,0.024,22,E,10,S,,,415683,159.02,0
198,448.475,"Mount",0.045,0.070,0.042,-0.072,-0.042,-0.025,24,E,11,N,,,441424,163.71,0
199,450.540,"Mount",-0.019,0.010,0.018,0.013,-0.043,0.000,25,E,0,,,,413696,156.46,0
200,452.886,"Mount",0.039,0.044,0.021,-0.055,-0.036,0.000,21,E,0,,,,424685,141.22,0
201,455.065,"Mount",0.081,-0.014,-0.050,-0.065,-0.043,-0.023,25,E,10,N,,,422936,133.07,0
202,457.449,"Mount",0.066,-0.109,-0.128,-0.008,-0.098,0.000,56,E,0,,,,423714,154.17,0
203,459.581,"Mount",0.020,-0.031,-0.037,-0.004,-0.055,0.000,32,E,0,,,,418849,156.11,0
204,461.971,"Mount",-0.003,0.012,0.012,-0.003,-0.082,0.000,47,E,0,,,,418657,143.95,0
205,464.205,"Mount",0.076,-0.148,-0.167,0.001,-0.168,0.000,96,E,0,,,,435393,148.73,0
206,466.604,"Mount",0.077,-0.170,-0.186,0.010,-0.192,0.000,110,E,0,,,,433457,155.06,0
207,468.767,"Mount",0.039,-0.135,-0.138,0.028,-0.173,0.000,99,E,0,,,,391649,116.26,0
208,471.186,"Mount",0.034,-0.164,-0.161,0.046,-0.207,0.000,119,E,0,,,,402403,145.31,0
209,473.469,"Mount",0.048,-0.305,-0.293,0.099,-0.252,0.035,144,E,15,S,,,425234,141.70,0
210,475.877,"Mount",0.054,-0.106,-0.119,0.001,-0.171,0.000,98,E,0,,,,427765,163.60,0
211,478.107,"Mount",0.077,-0.197,-0.210,0.023,-0.199,0.000,114,E,0,,,,422697,142.72,0
212,480.682,"Mount",0.020,-0.222,-0.207,0.085,-0.189,0.031,108,E,13,S,,,414355,141.41,0
213,482.936,"Mount",0.035,-0.160,-0.158,0.043,-0.128,0.000,73,E,0,,,,414606,132.45,0
214,485.320,"Mount",0.111,-0.201,-0.229,-0.006,-0.160,0.000,91,E,0,,,,416609,133.35,0
215,487.543,"Mount",0.185,-0.178,-0.243,-0.082,-0.160,-0.029,91,E,13,N,,,429102,158.97,0
216,489.912,"Mount",0.044,-0.163,-0.165,0.036,-0.137,0.000,78,E,0,,,,431745,178.88,0
217,492.091,"Mount",0.048,-0.205,-0.204,0.052,-0.189,0.000,108,E,0,,,,424709,157.30,0
218,494.494,"Mount",0.050,-0.054,-0.071,-0.020,-0.139,0.000,80,E,0,,,,413782,154.74,0
219,496.721,"Mount",0.109,-0.067,-0.110,-0.065,-0.172,-0.024,98,E,10,N,,,423378,156.71,0
220,499.077,"Mount",-0.029,-0.010,0.005,0.031,-0.117,0.000,67,E,0,,,,429938,133.08,0
221,501.161,"Mount",-0.002,0.081,0.073,-0.035,-0.066,0.000,37,E,0,,,,409342,152.85,0
222,503.549,"Mount",0.081,0.193,0.134,-0.161,-0.020,-0.058,11,E,25,N,,,437521,158.67,0
223,505.699,"Mount",0.051,-0.037,-0.056,-0.028,-0.031,0.000,18,E,0,,,,413300,129.41,0
224,508.041,"Mount",-0.025,-0.051,-0.034,0.045,-0.010,0.000,6,E,0,,,,428851,140.18,0
225,510.255,"Mount",-0.066,-0.137,-0.091,0.121,-0.036,0.044,20,E,19,S,,,434736,148.28,0
226,512.604,"Mount",-0.054,0.095,0.110,0.004,0.074,0.000,42,W,0,,,,412473,145.99,0
227,514.784,"Mount",-0.003,-0.101,-0.089,0.049,-0.011,0.000,6,E,0,,,,415769,145.64,0
228,517.205,"Mount",-0.231,-0.047,0.065,0.226,0.064,0.082,37,W,35,S,,,442714,150.08,0
229,519.294,"Mount",-0.013,-0.027,-0.018,0.024,0.029,0.000,17,W,0,,,,417976,150.75,0
230,521.647,"Mount",0.010,0.098,0.082,-0.054,0.033,0.000,19,W,0,,,,399638,124.33,0
231,523.789,"Mount",0.042,0.133,0.099,-0.098,0.036,-0.035,21,W,15,N,,,426018,133.79,0
232,526.121,"Mount",0.059,-0.076,-0.094,-0.017,-0.056,0.000,32,E,0,,,,423121,144.99,0
233,528.207,"Mount",-0.045,0.057,0.071,0.014,0.018,0.000,10,W,0,,,,407355,139.71,0
234,530.510,"Mount",0.013,0.015,0.007,-0.018,-0.011,0.000,6,E,0,,,,440164,139.16,0
235,532.581,"Mount",-0.013,-0.029,-0.020,0.025,-0.002,0.000,1,E,0,,,,422478,162.13,0
236,534.967,"Mount",-0.088,-0.006,0.035,0.081,0.001,0.029,1,W,12,S,,,423581,144.09,0
237,537.163,"Mount",0.059,0.089,0.051,-0.093,0.004,-0.032,2,W,14,N,,,432775,147.37,0
238,539.563,"Mount",-0.078,-0.036,0.004,0.086,0.005,0.030,3,W,13,S,,,402665,130.37,0
239,541.664,"Mount",0.041,0.044,0.020,-0.056,0.008,0.000,4,W,0,,,,395242,127.15,0
240,544.081,"Mount",0.151,-0.000,-0.070,-0.134,-0.021,-0.048,12,E,21,N,,,418946,128.09,0
241,546.182,"Mount",0.043,0.001,-0.019,-0.039,0.006,0.000,3,W,0,,,,426262,164.84,0
242,548.488,"Mount",0.024,0.081,0.060,-0.059,0.041,0.000,24,W,0,,,,414684,144.11,0
243,550.651,"Mount",0.029,0.114,0.088,-0.078,0.062,-0.028,35,W,12,N,,,419292,146.21,0
244,553.097,"Mount",-0.016,0.263,0.241,-0.108,0.149,-0.040,85,W,17,N,,,425045,153.51,0
245,555.244,"Mount",-0.043,0.200,0.198,-0.054,0.149,0.000,85,W,0,,,,425004,145.11,0
246,557.691,"Mount",-0.162,0.226,0.275,0.039,0.233,0.000,133,W,0,,,,463235,149.28,0
247,560.077,"Mount",-0.191,0.113,0.188,0.117,0.209,0.042,119,W,18,S,,,437704,153.14,0
248,562.456,"Mount",-0.061,0.104,0.120,0.006,0.208,0.000,119,W,0,,,,430677,141.14,0
249,564.640,"Mount",-0.051,0.062,0.078,0.016,0.181,0.000,104,W,0,,,,418645,146.57,0
250,567.136,"Mount",0.020,0.147,0.121,-0.085,0.179,-0.031,103,W,13,N,,,411041,140.00,0
251,569.394,"Mount",-0.281,0.106,0.223,0.200,0.204,0.071,116,W,30,S,,,427621,137.50,0
252,571.828,"Mount",0.175,0.145,0.048,-0.222,0.079,-0.077,45,W,33,N,,,428915,152.62,0
253,574.041,"Mount",0.090,0.119,0.064,-0.135,0.082,-0.052,47,W,22,N,,,422140,142.91,0
254,576.449,"Mount",-0.006,0.036,0.034,-0.011,0.044,0.000,25,W,0,,,,413076,134.01,0
255,578.531,"Mount",-0.033,0.011,0.025,0.025,0.022,0.000,13,W,0,,,,402386,137.28,0
256,580.945,"Mount",-0.229,-0.074,0.040,0.238,0.003,0.086,2,W,37,S,,,419807,139.76,0
257,583.078,"Mount",0.014,-0.015,-0.020,-0.006,-0.009,0.000,5,E,0,,,,436167,176.30,0
258,585.463,"Mount",0.003,0.067,0.058,-0.034,-0.019,0.000,11,E,0,,,,429187,155.60,0
259,587.581,"Mount",-0.037,0.026,0.040,0.021,-0.028,0.000,16,E,0,,,,428817,160.44,0
260,589.936,"Mount",0.034,0.052,0.030,-0.054,-0.033,0.000,19,E,0,,,,396307,133.48,0
261,592.095,"Mount",-0.011,0.019,0.022,0.001,-0.033,0.000,19,E,0,,,,405878,150.62,0
262,594.396,"Mount",-0.011,0.123,0.114,-0.047,0.017,0.000,10,W,0,,,,427873,144.54,0
263,596.525,"Mount",-0.039,0.114,0.120,-0.018,0.032,0.000,18,W,0,,,,419329,156.31,0
264,598.810,"Mount",0.038,-0.011,-0.027,-0.028,-0.013,0.000,8,E,0,,,,425899,151.60,0
265,601.068,"Mount",-0.276,-0.067,0.068,0.276,0.047,0.099,27,W,42,S,,,429905,155.21,0
266,603.498,"Mount",0.021,0.112,0.090,-0.070,0.078,-0.021,45,W,9,N,,,423668,148.29,0
267,605.693,"Mount",0.086,0.011,-0.030,-0.082,0.060,-0.030,34,W,13,N,,,406842,134.65,0
268,608.159,"Mount",0.013,0.143,0.121,-0.078,0.141,-0.029,81,W,13,N,,,430511,159.37,0
269,610.352,"Mount",-0.112,0.212,0.240,0.001,0.216,0.000,124,W,0,,,,417589,136.63,0
270,612.827,"Mount",-0.170,0.096,0.164,0.107,0.212,0.038,121,W,16,S,,,402035,151.22,0
271,615.114,"Mount",0.006,0.151,0.131,-0.075,0.211,-0.026,121,W,11,N,,,404679,127.00,0
272,617.625,"Mount",0.043,0.128,0.094,-0.098,0.209,-0.036,119,W,15,N,,,432908,134.10,0
273,619.803,"Mount",0.004,-0.059,-0.055,0.024,0.155,0.000,88,W,0,,,,432512,159.57,0
274,622.237,"Mount",-0.075,0.034,0.065,0.051,0.161,0.000,92,W,0,,,,413099,139.86,0
275,626.534,"Mount",-0.080,0.093,0.120,0.028,0.171,0.000,98,W,0,,,,443094,193.34,0
276,628.733,"Mount",-0.129,0.089,0.139,0.074,0.112,0.027,64,W,11,S,,,433334,170.21,0
277,631.200,"Mount",-0.177,0.163,0.226,0.081,0.158,0.030,90,W,13,S,,,422921,151.90,0
278,633.439,"Mount",-0.142,0.089,0.144,0.085,0.104,0.032,60,W,14,S,,,411647,140.11,0
279,635.788,"Mount",-0.105,0.136,0.170,0.030,0.107,0.000,61,W,0,,,,423378,142.40,0
280,638.075,"Mount",-0.036,0.276,0.261,-0.095,0.194,-0.034,111,W,15,N,,,415619,139.15,0
281,640.461,"Mount",-0.013,0.103,0.097,-0.036,0.122,0.000,70,W,0,,,,398903,147.11,0
282,642.574,"Mount",0.004,0.089,0.077,-0.045,0.082,0.000,47,W,0,,,,427767,132.27,0
283,644.992,"Mount",-0.028,-0.018,-0.003,0.033,0.042,0.000,24,W,0,,,,423524,148.47,0
284,647.205,"Mount",0.039,0.056,0.031,-0.060,0.007,-0.022,4,W,9,N,,,402116,133.13,0
285,649.499,"Mount",-0.029,0.026,0.037,0.014,-0.006,0.000,3,E,0,,,,434103,174.77,0
286,651.613,"Mount",0.009,0.066,0.055,-0.039,-0.010,0.000,6,E,0,,,,432444,159.41,0
287,653.889,"Mount",0.006,-0.029,-0.029,0.008,-0.016,0.000,9,E,0,,,,448085,155.54,0
288,656.112,"Mount",-0.131,-0.032,0.031,0.131,-0.006,0.047,3,E,20,S,,,409292,143.34,0
289,658.497,"Mount",0.113,0.166,0.095,-0.177,0.025,-0.062,14,W,26,N,,,425186,144.88,0
290,660.628,"Mount",0.042,0.102,0.071,-0.084,0.011,-0.033,7,W,14,N,,,396368,139.36,0
291,663.076,"Mount",0.057,0.140,0.098,-0.115,0.030,-0.043,17,W,18,N,,,407534,136.28,0
292,665.197,"Mount",0.112,-0.006,-0.056,-0.096,-0.009,-0.036,5,E,16,N,,,428453,138.05,0
293,667.522,"Mount",0.028,-0.017,-0.028,-0.017,0.008,0.000,4,W,0,,,,440826,136.03,0
294,669.620,"Mount",-0.016,-0.036,-0.025,0.031,0.023,0.000,13,W,0,,,,421350,153.87,0
295,671.912,"Mount",0.011,-0.073,-0.069,0.024,-0.005,0.000,3,E,0,,,,427601,136.83,0
296,673.996,"Mount",0.020,0.007,-0.003,-0.022,0.032,0.000,18,W,0,,,,421624,147.71,0
297,676.337,"Mount",0.035,0.036,0.016,-0.048,0.028,0.000,16,W,0,,,,404434,147.17,0
298,678.453,"Mount",-0.029,-0.033,-0.016,0.041,0.024,0.000,14,W,0,,,,409432,140.99,0
299,680.793,"Mount",-0.032,0.001,0.015,0.028,0.028,0.000,16,W,0,,,,439253,142.46,0
300,682.926,"Mount",-0.026,-0.056,-0.038,0.049,0.018,0.000,10,W,0,,,,416336,144.16,0
301,685.361,"Mount",-0.211,-0.016,0.083,0.194,0.043,0.070,25,W,30,S,,,413847,133.49,0
302,687.463,"Mount",-0.033,0.012,0.026,0.024,-0.006,0.000,4,E,0,,,,398431,131.72,0
303,689.739,"Mount",0.062,-0.029,-0.054,-0.042,-0.018,0.000,10,E,0,,,,415042,133.18,0
304,691.873,"Mount",0.044,-0.030,-0.047,-0.025,-0.021,0.000,12,E,0,,,,424744,143.94,0
305,694.267,"Mount",0.022,-0.165,-0.157,0.057,-0.100,0.000,57,E,0,,,,402559,133.54,0
306,696.475,"Mount",0.127,-0.053,-0.106,-0.088,-0.085,-0.032,49,E,14,N,,,396885,140.40,0
307,698.871,"Mount",0.069,0.077,0.036,-0.096,-0.045,-0.036,25,E,15,N,,,440547,184.41,0
308,701.005,"Mount",0.043,-0.008,-0.027,-0.035,-0.049,0.000,28,E,0,,,,439053,148.72,0
309,703.481,"Mount",0.100,-0.057,-0.096,-0.062,-0.097,-0.022,55,E,10,N,,,417940,148.33,0
310,705.703,"Mount",0.002,0.053,0.046,-0.026,-0.054,0.000,31,E,0,,,,440560,140.60,0
311,707.991,"Mount",-0.012,0.013,0.017,0.005,-0.047,0.000,27,E,0,,,,403701,133.69,0
312,710.106,"Mount",0.038,-0.008,-0.024,-0.030,-0.043,0.000,24,E,0,,,,444399,137.40,0
313,712.416,"Mount",-0.053,0.021,0.044,0.038,-0.028,0.000,16,E,0,,,,436832,162.27,0
314,714.533,"Mount",0.010,-0.079,-0.075,0.028,-0.055,0.000,31,E,0,,,,407416,150.40,0
315,716.887,"Mount",0.125,-0.182,-0.219,-0.027,-0.113,0.000,65,E,0,,,,411952,142.64,0
316,718.976,"Mount",-0.032,0.062,0.070,-0.001,0.027,0.000,15,W,0,,,,424932,147.23,0
317,721.323,"Mount",-0.089,-0.021,0.022,0.089,-0.015,0.032,9,E,14,S,,,412551,138.32,0
318,723.423,"Mount",-0.020,0.147,0.140,-0.050,0.060,0.000,34,W,0,,,,434593,141.93,0
319,725.748,"Mount",-0.025,0.089,0.091,-0.019,0.060,0.000,34,W,0,,,,413920,141.47,0
320,727.863,"Mount",0.036,0.023,0.004,-0.043,0.027,0.000,16,W,0,,,,430662,143.30,0
321,730.184,"Mount",-0.035,0.051,0.061,0.007,0.061,0.000,35,W,0,,,,416033,134.41,0
322,732.296,"Mount",0.015,0.093,0.076,-0.056,0.083,0.000,48,W,0,,,,439444,144.56,0
323,734.581,"Mount",-0.012,-0.094,-0.078,0.055,0.015,0.000,8,W,0,,,,417103,145.18,0
324,736.701,"Mount",0.000,0.075,0.066,-0.034,0.075,0.000,43,W,0,,,,403976,143.99,0
325,739.072,"Mount",-0.067,-0.167,-0.117,0.136,-0.010,0.049,6,E,21,S,,,446122,140.61,0
326,741.226,"Mount",-0.001,-0.142,-0.126,0.066,-0.038,0.026,22,E,11,S,,,444259,145.52,0
327,743.582,"Mount",0.079,-0.003,-0.039,-0.068,0.004,-0.024,3,W,10,N,,,403442,150.74,0
328,745.717,"Mount",0.049,-0.048,-0.065,-0.021,-0.050,0.000,29,E,0,,,,422002,159.63,0
329,748.085,"Mount",0.038,-0.113,-0.118,0.019,-0.091,0.000,52,E,0,,,,425477,144.82,0
330,750.253,"Mount",0.047,-0.137,-0.143,0.022,-0.117,0.000,67,E,0,,,,432679,149.06,0
331,752.643,"Mount",0.056,0.027,-0.002,-0.062,-0.063,-0.022,36,E,10,N,,,438272,150.98,0
332,754.793,"Mount",-0.029,-0.036,-0.018,0.042,-0.078,0.000,45,E,0,,,,406481,141.73,0
333,757.165,"Mount",0.022,0.009,-0.002,-0.024,-0.091,0.000,52,E,0,,,,423629,129.73,0
334,759.313,"Mount",0.020,-0.052,-0.055,0.006,-0.099,0.000,57,E,0,,,,432683,165.27,0
335,761.687,"Mount",0.005,-0.037,-0.036,0.013,-0.106,0.000,61,E,0,,,,420988,129.04,0
336,763.832,"Mount",0.021,-0.083,-0.084,0.020,-0.143,0.000,82,E,0,,,,423520,132.62,0
337,766.262,"Mount",0.123,-0.115,-0.159,-0.056,-0.185,0.000,106,E,0,,,,416506,133.71,0
338,768.611,"Mount",0.179,-0.171,-0.234,-0.080,-0.212,-0.029,121,E,12,N,,,411438,130.52,0
339,770.945,"Mount",0.008,-0.020,-0.022,0.002,-0.122,0.000,70,E,0,,,,410840,134.50,0
340,773.174,"Mount",-0.023,-0.117,-0.094,0.075,-0.146,0.027,84,E,11,S,,,414277,150.85,0
341,775.556,"Mount",-0.004,0.056,0.051,-0.023,-0.097,0.000,55,E,0,,,,417679,134.01,0
342,777.716,"Mount",-0.004,0.050,0.047,-0.019,-0.091,0.000,52,E,0,,,,418392,139.45,0
343,780.082,"Mount",0.005,0.033,0.027,-0.019,-0.083,0.000,48,E,0,,,,423997,150.00,0
344,782.276,"Mount",0.116,0.022,-0.033,-0.113,-0.038,-0.041,21,E,17,N,,,439984,161.78,0
345,784.559,"Mount",-0.055,0.073,0.091,0.015,0.009,0.000,5,W,0,,,,420424,139.18,0
346,786.659,"Mount",-0.036,0.051,0.062,0.009,0.008,0.000,5,W,0,,,,423467,144.62,0
347,788.982,"Mount",-0.055,0.039,0.060,0.031,0.012,0.000,7,W,0,,,,407296,145.58,0
348,791.049,"Mount",0.010,0.045,0.035,-0.030,-0.012,0.000,7,E,0,,,,423058,147.60,0
349,793.336,"Mount",0.031,-0.046,-0.055,-0.006,-0.010,0.000,6,E,0,,,,416749,140.58,0
350,795.423,"Mount",0.051,-0.032,-0.052,-0.030,-0.010,0.000,6,E,0,,,,408974,130.42,0
351,797.780,"Mount",0.111,-0.140,-0.176,-0.034,-0.108,0.000,62,E,0,,,,441829,154.08,0
352,799.922,"Mount",0.030,-0.126,-0.126,0.032,-0.092,0.000,53,E,0,,,,406699,141.78,0
353,802.341,"Mount",0.113,-0.195,-0.225,-0.010,-0.168,0.000,96,E,0,,,,401423,138.52,0
354,804.551,"Mount",0.085,-0.064,-0.096,-0.046,-0.130,0.000,74,E,0,,,,406905,139.46,0
355,806.983,"Mount",0.120,-0.103,-0.147,-0.059,-0.198,0.000,113,E,0,,,,401940,141.61,0
356,809.163,"Mount",0.035,0.021,0.003,-0.040,-0.156,0.000,89,E,0,,,,431544,160.29,0
357,811.608,"Mount",0.037,-0.100,-0.106,0.013,-0.233,0.000,133,E,0,,,,440430,151.30,0
358,813.788,"Mount",0.050,-0.022,-0.043,-0.034,-0.194,0.000,111,E,0,,,,418242,139.17,0
359,816.326,"Mount",-0.083,-0.018,0.022,0.082,-0.198,0.030,113,E,13,S,,,421155,143.46,0
360,818.537,"Mount",-0.006,-0.086,-0.073,0.044,-0.219,0.000,125,E,0,,,,423057,150.06,0
361,820.966,"Mount",0.069,-0.043,-0.070,-0.041,-0.197,0.000,113,E,0,,,,418084,154.13,0
362,823.180,"Mount",0.114,-0.163,-0.197,-0.026,-0.229,0.000,131,E,0,,,,425235,154.40,0
363,825.669,"Mount",0.123,-0.062,-0.112,-0.080,-0.174,-0.029,99,E,12,N,,,420356,143.98,0
364,827.972,"Mount",0.217,-0.117,-0.204,-0.138,-0.211,-0.051,120,E,22,N,,,428665,148.05,0
365,831.075,"Mount",0.075,-0.199,-0.211,0.025,-0.224,0.000,128,E,0,,,,416433,159.06,0
366,833.423,"Mount",0.024,-0.159,-0.152,0.052,-0.184,0.000,105,E,0,,,,411981,125.65,0
367,835.894,"Mount",0.117,-0.116,-0.157,-0.050,-0.200,0.000,114,E,0,,,,411897,126.03,0
368,838.200,"Mount",-0.054,-0.235,-0.183,0.157,-0.229,0.056,131,E,24,S,,,434368,149.68,0
369,840.696,"Mount",-0.034,-0.133,-0.102,0.091,-0.209,0.035,120,E,15,S,,,401281,125.88,0
370,842.857,"Mount",0.008,-0.016,-0.018,0.000,-0.144,0.000,82,E,0,,,,432679,151.40,0
371,845.230,"Mount",-0.002,-0.063,-0.055,0.030,-0.133,0.000,76,E,0,,,,415954,148.33,0
372,847.389,"Mount",-0.023,-0.007,0.005,0.024,-0.096,0.000,55,E,0,,,,425099,162.40,0
373,849.840,"Mount",0.031,0.076,0.053,-0.062,-0.066,-0.022,38,E,10,N,,,421553,137.45,0
374,852.060,"Mount",-0.206,0.245,0.312,0.070,0.096,0.024,55,W,10,S,,,438812,157.05,0
375,854.478,"Mount",-0.169,0.121,0.185,0.094,0.075,0.035,43,W,15,S,,,422158,136.16,0
376,856.570,"Mount",-0.049,0.093,0.105,0.000,0.044,0.000,25,W,0,,,,422664,141.01,0
377,858.911,"Mount",-0.024,0.008,0.018,0.017,0.009,0.000,5,W,0,,,,416120,136.90,0
378,861.000,"Mount",0.003,-0.009,-0.009,0.001,-0.005,0.000,3,E,0,,,,430316,151.47,0
379,863.401,"Mount",0.094,0.055,0.005,-0.109,-0.006,-0.039,3,E,17,N,,,431137,142.24,0
380,865.551,"Mount",0.075,0.044,0.005,-0.087,-0.013,-0.033,8,E,14,N,,,417308,128.52,0
381,867.933,"Mount",0.049,0.073,0.042,-0.077,-0.023,-0.029,13,E,12,N,,,424206,142.91,0
382,870.021,"Mount",-0.092,0.048,0.085,0.060,0.009,0.000,5,W,0,,,,431047,138.07,0
383,872.353,"Mount",0.011,0.000,-0.005,-0.009,-0.011,0.000,6,E,0,,,,422070,150.92,0
384,874.462,"Mount",-0.037,-0.055,-0.032,0.058,-0.008,0.000,4,E,0,,,,426195,157.83,0
385,876.791,"Mount",0.086,-0.018,-0.056,-0.068,0.000,-0.024,0,,10,N,,,414959,134.71,0
386,878.911,"Mount",-0.037,-0.053,-0.030,0.057,0.006,0.000,4,W,0,,,,434607,172.50,0
387,881.211,"Mount",-0.029,-0.009,0.005,0.030,0.003,0.000,2,W,0,,,,422383,137.29,0
388,883.336,"Mount",-0.020,-0.031,-0.019,0.033,0.008,0.000,5,W,0,,,,424895,179.76,0
389,885.670,"Mount",0.110,0.062,0.005,-0.126,0.010,-0.045,6,W,19,N,,,410087,146.07,0
390,887.739,"Mount",0.009,0.029,0.022,-0.021,0.015,0.000,9,W,0,,,,429415,146.17,0
391,890.069,"Mount",-0.016,-0.031,-0.020,0.028,0.021,0.000,12,W,0,,,,403544,139.60,0
392,892.194,"Mount",-0.054,0.036,0.057,0.032,0.024,0.000,14,W,0,,,,398827,156.75,0
393,894.621,"Mount",-0.189,-0.023,0.066,0.178,0.065,0.064,37,W,27,S,,,426759,129.68,0
394,896.746,"Mount",0.053,0.014,-0.011,-0.053,0.051,0.000,29,W,0,,,,428446,145.34,0
395,899.214,"Mount",-0.161,0.117,0.178,0.089,0.154,0.032,88,W,14,S,,,403261,149.55,0
396,901.561,"Mount",-0.282,0.340,0.432,0.093,0.292,0.035,167,W,15,S,,,433986,162.85,0
397,903.955,"Mount",-0.030,0.163,0.158,-0.049,0.203,0.000,116,W,0,,,,416558,135.82,0
398,906.214,"Mount",0.048,0.137,0.099,-0.106,0.221,-0.038,126,W,16,N,,,413704,132.90,0
399,908.656,"Mount",-0.042,0.087,0.096,-0.003,0.245,0.000,140,W,0,,,,410044,151.95,0
400,910.829,"Mount",-0.023,-0.036,-0.021,0.037,0.193,0.000,110,W,0,,,,427355,141.02,0
401,913.281,"Mount",0.108,0.012,-0.039,-0.101,0.194,-0.036,111,W,16,N,,,432473,145.07,0
402,915.480,"Mount",-0.008,0.022,0.023,-0.003,0.175,0.000,100,W,0,,,,432280,139.10,0
403,917.899,"Mount",-0.004,-0.027,-0.022,0.016,0.132,0.000,76,W,0,,,,430717,137.49,0
404,920.133,"Mount",-0.166,-0.180,-0.083,0.230,0.059,0.083,34,W,35,S,,,438450,160.55,0
405,922.573,"Mount",0.133,-0.069,-0.122,-0.086,-0.015,-0.028,8,E,12,N,,,429811,136.80,0
406,924.718,"Mount",0.032,-0.072,-0.079,0.004,-0.027,0.000,15,E,0,,,,400130,137.70,0
407,927.093,"Mount",0.056,-0.141,-0.151,0.016,-0.091,0.000,52,E,0,,,,430296,150.10,0
408,929.181,"Mount",0.012,0.099,0.082,-0.056,-0.004,0.000,2,E,0,,,,420107,142.30,0
409,931.481,"Mount",-0.010,0.057,0.056,-0.018,-0.030,0.000,17,E,0,,,,432026,154.29,0
410,933.568,"Mount",0.057,-0.005,-0.031,-0.048,-0.033,0.000,19,E,0,,,,422567,140.64,0
411,935.872,"Mount",0.038,0.041,0.019,-0.053,0.002,0.000,1,W,0,,,,424793,140.50,0
412,938.045,"Mount",0.044,0.135,0.100,-0.101,0.050,-0.036,29,W,16,N,,,412825,137.64,0
413,940.436,"Mount",0.060,0.132,0.090,-0.114,0.054,-0.043,31,W,18,N,,,425506,128.37,0
414,942.606,"Mount",-0.115,0.074,0.119,0.068,0.068,0.023,39,W,10,S,,,405429,131.80,0
415,944.996,"Mount",0.073,0.003,-0.031,-0.065,0.023,-0.023,13,W,10,N,,,431885,166.38,0
416,947.138,"Mount",-0.003,0.120,0.108,-0.053,0.079,0.000,45,W,0,,,,418322,139.60,0
417,949.587,"Mount",0.058,0.023,-0.006,-0.062,0.047,-0.022,27,W,10,N,,,420884,139.57,0
418,951.702,"Mount",-0.032,-0.016,0.000,0.036,0.054,0.000,31,W,0,,,,421611,151.16,0
419,954.053,"Mount",-0.004,-0.012,-0.009,0.009,0.080,0.000,45,W,0,,,,420169,127.21,0
420,956.187,"Mount",-0.015,-0.019,-0.010,0.022,0.091,0.000,52,W,0,,,,450448,157.99,0
421,958.554,"Mount",0.050,0.016,-0.008,-0.052,0.120,0.000,68,W,0,,,,405678,135.66,0
422,960.822,"Mount",-0.005,0.158,0.143,-0.068,0.202,-0.025,115,W,10,N,,,426335,148.90,0
423,963.332,"Mount",0.112,0.060,0.001,-0.127,0.163,-0.047,93,W,20,N,,,415871,143.96,0
424,965.533,"Mount",0.038,0.015,-0.004,-0.041,0.169,0.000,96,W,0,,,,411319,128.56,0
425,968.015,"Mount",-0.150,0.035,0.100,0.117,0.223,0.042,128,W,18,S,,,423286,148.20,0
426,970.283,"Mount",-0.238,0.134,0.229,0.149,0.266,0.055,152,W,24,S,,,421761,153.75,0
427,972.718,"Mount",-0.089,-0.035,0.010,0.095,0.142,0.036,81,W,16,S,,,402338,135.68,0
428,974.959,"Mount",-0.028,-0.082,-0.060,0.062,0.115,0.024,66,W,10,S,,,430891,132.91,0
429,977.385,"Mount",0.057,0.085,0.049,-0.089,0.093,-0.031,53,W,13,N,,,445395,158.56,0
430,979.571,"Mount",-0.026,0.130,0.128,-0.037,0.125,0.000,72,W,0,,,,423827,153.81,0
431,982.097,"Mount",-0.115,0.089,0.132,0.061,0.124,0.022,71,W,9,S,,,410268,137.37,0
432,984.298,"Mount",0.011,0.069,0.056,-0.042,0.057,0.000,32,W,0,,,,403911,131.94,0
433,986.700,"Mount",-0.121,0.004,0.059,0.105,0.077,0.038,44,W,16,S,,,405771,131.64,0
434,988.872,"Mount",0.038,0.075,0.049,-0.068,0.072,-0.023,41,W,10,N,,,411244,128.17,0
435,991.191,"Mount",0.043,-0.049,-0.063,-0.016,0.046,0.000,26,W,0,,,,424196,172.96,0
436,993.324,"Mount",-0.026,0.090,0.092,-0.018,0.108,0.000,61,W,0,,,,408886,142.37,0
437,995.676,"Mount",0.016,0.057,0.043,-0.041,0.060,0.000,35,W,0,,,,419053,151.71,0
438,997.779,"Mount",0.085,-0.117,-0.143,-0.021,-0.032,0.000,18,E,0,,,,412548,140.60,0
439,1000.129,"Mount",0.108,-0.094,-0.133,-0.053,-0.044,0.000,25,E,0,,,,421952,144.52,0
440,1002.227,"Mount",-0.017,-0.001,0.008,0.016,-0.023,0.000,13,E,0,,,,435734,146.33,0
441,1004.545,"Mount",0.001,-0.007,-0.007,0.002,-0.039,0.000,23,E,0,,,,421246,152.49,0
442,1006.717,"Mount",-0.068,-0.066,-0.027,0.091,-0.038,0.033,22,E,14,S,,,402657,140.78,0
443,1009.077,"Mount",-0.062,0.126,0.140,-0.003,0.026,0.000,15,W,0,,,,416035,153.87,0
444,1011.159,"Mount",0.001,0.049,0.043,-0.023,-0.019,0.000,11,E,0,,,,428800,144.55,0
445,1013.442,"Mount",0.034,0.024,0.006,-0.041,-0.014,0.000,8,E,0,,,,418591,153.98,0
446,1015.589,"Mount",0.072,-0.087,-0.111,-0.023,-0.036,0.000,20,E,0,,,,434101,161.60,0
447,1017.905,"Mount",-0.009,0.043,0.042,-0.012,0.023,0.000,13,W,0,,,,436782,149.04,0
448,1020.035,"Mount",-0.042,0.052,0.065,0.013,0.061,0.000,35,W,0,,,,429191,150.51,0
449,1022.450,"Mount",-0.144,0.040,0.102,0.109,0.071,0.039,41,W,17,S,,,434943,159.90,0
450,1024.606,"Mount",-0.122,0.001,0.057,0.107,0.024,0.040,14,W,17,S,,,408116,153.55,0
451,1026.967,"Mount",0.051,-0.146,-0.153,0.022,-0.036,0.000,21,E,0,,,,434028,144.58,0
452,1029.071,"Mount",0.053,-0.088,-0.102,-0.006,-0.020,0.000,11,E,0,,,,425578,143.40,0
453,1031.374,"Mount",0.032,-0.082,-0.087,0.010,-0.034,0.000,19,E,0,,,,412115,136.98,0
454,1033.497,"Mount",0.072,0.036,-0.001,-0.081,-0.005,-0.029,3,E,12,N,,,420042,150.69,0
455,1035.852,"Mount",0.022,-0.067,-0.070,0.011,-0.046,0.000,26,E,0,,,,440467,137.08,0
456,1037.949,"Mount",-0.066,0.045,0.070,0.038,0.009,0.000,5,W,0,,,,415638,145.58,0
457,1040.264,"Mount",0.035,0.036,0.016,-0.048,-0.042,0.000,24,E,0,,,,406131,127.33,0
458,1042.465,"Mount",-0.148,0.068,0.128,0.100,0.024,0.036,14,W,15,S,,,412783,136.38,0
459,1044.794,"Mount",-0.049,-0.015,0.009,0.050,-0.035,0.000,20,E,0,,,,414013,140.75,0
460,1046.929,"Mount",0.033,0.044,0.024,-0.049,-0.024,0.000,14,E,0,,,,413943,149.05,0
461,1049.231,"Mount",0.037,0.031,0.010,-0.047,-0.029,0.000,17,E,0,,,,434433,144.53,0
462,1051.337,"Mount",-0.023,0.072,0.074,-0.012,-0.004,0.000,2,E,0,,,,386896,126.24,0
463,1053.649,"Mount",0.009,0.064,0.053,-0.037,-0.041,0.000,23,E,0,,,,420621,142.36,0
464,1055.853,"Mount",0.099,0.092,0.036,-0.130,-0.045,-0.047,26,E,20,N,,,445285,152.74,0
465,1058.325,"Mount",0.075,0.005,-0.031,-0.069,-0.046,-0.027,26,E,11,N,,,412486,131.95,0
466,1060.434,"Mount",-0.017,-0.008,0.001,0.019,-0.040,0.000,23,E,0,,,,422668,160.60,0
467,1062.733,"Mount",0.041,-0.017,-0.034,-0.028,-0.033,0.000,19,E,0,,,,439214,164.60,0
468,1064.837,"Mount",-0.018,-0.049,-0.035,0.038,-0.022,0.000,12,E,0,,,,416295,142.60,0
469,1067.123,"Mount",0.013,0.025,0.016,-0.023,-0.006,0.000,3,E,0,,,,410156,138.25,0
470,1069.228,"Mount",-0.021,-0.050,-0.035,0.041,0.006,0.000,3,W,0,,,,410243,139.85,0
471,1071.517,"Mount",0.021,0.079,0.060,-0.055,0.047,0.000,27,W,0,,,,421343,139.56,0
472,1073.695,"Mount",-0.067,-0.004,0.027,0.061,0.028,0.022,16,W,9,S,,,441377,158.24,0
473,1076.006,"Mount",0.015,0.045,0.033,-0.034,0.034,0.000,20,W,0,,,,423363,157.83,0
474,1078.121,"Mount",-0.022,0.060,0.063,-0.009,0.065,0.000,37,W,0,,,,419792,137.57,0
475,1080.421,"Mount",-0.019,-0.056,-0.041,0.043,0.038,0.000,22,W,0,,,,433242,152.50,0
476,1082.531,"Mount",-0.009,-0.046,-0.037,0.029,0.031,0.000,18,W,0,,,,424229,156.41,0
477,1084.935,"Mount",-0.154,0.071,0.134,0.104,0.085,0.037,49,W,16,S,,,435145,161.69,0
478,1087.000,"Mount",-0.003,0.051,0.046,-0.020,0.012,0.000,7,W,0,,,,415894,145.63,0
479,1089.343,"Mount",-0.112,-0.013,0.040,0.105,0.004,0.038,2,W,16,S,,,425960,145.26,0
480,1091.474,"Mount",-0.066,-0.074,-0.035,0.093,0.009,0.035,5,W,15,S,,,412029,128.23,0
481,1093.827,"Mount",0.059,0.039,0.008,-0.070,-0.003,-0.024,2,E,10,N,,,422941,141.79,0
482,1096.029,"Mount",0.096,-0.038,-0.078,-0.067,-0.050,-0.025,28,E,11,N,,,416697,164.76,0
483,1098.440,"Mount",0.059,-0.164,-0.173,0.023,-0.111,0.000,64,E,0,,,,429106,145.29,0
484,1100.559,"Mount",0.060,-0.048,-0.070,-0.031,-0.082,0.000,47,E,0,,,,436602,137.10,0
485,1102.967,"Mount",0.033,-0.133,-0.133,0.033,-0.142,0.000,81,E,0,,,,417255,134.74,0
486,1105.138,"Mount",0.004,-0.079,-0.072,0.032,-0.130,0.000,75,E,0,,,,409669,134.93,0
487,1107.548,"Mount",-0.056,-0.020,0.008,0.059,-0.127,0.000,73,E,0,,,,411004,137.89,0
488,1109.739,"Mount",0.072,-0.046,-0.074,-0.042,-0.167,0.000,95,E,0,,,,422443,140.76,0
489,1112.142,"Mount",0.090,-0.090,-0.122,-0.038,-0.186,0.000,106,E,0,,,,395657,129.13,0
490,1114.323,"Mount",-0.012,-0.105,-0.087,0.059,-0.163,0.000,93,E,0,,,,411721,137.27,0
491,1116.784,"Mount",-0.167,0.062,0.132,0.119,-0.066,0.043,38,E,18,S,,,422371,144.47,0
492,1118.930,"Mount",-0.023,0.095,0.095,-0.023,-0.066,0.000,38,E,0,,,,436669,155.96,0
493,1121.327,"Mount",0.092,0.071,0.020,-0.114,-0.089,-0.041,51,E,18,N,,,430310,138.53,0
494,1123.440,"Mount",0.050,-0.001,-0.024,-0.044,-0.071,0.000,41,E,0,,,,418158,143.78,0
495,1125.773,"Mount",0.008,0.016,0.010,-0.015,-0.055,0.000,32,E,0,,,,419750,147.03,0
496,1127.873,"Mount",0.034,0.010,-0.007,-0.035,-0.044,0.000,25,E,0,,,,421128,151.36,0
497,1130.279,"Mount",0.152,-0.005,-0.075,-0.133,-0.072,-0.048,41,E,20,N,,,415915,153.38,0
498,1132.358,"Mount",0.017,0.035,0.023,-0.031,-0.043,0.000,25,E,0,,,,434991,134.72,0
499,1134.701,"Mount",-0.166,0.059,0.128,0.120,0.014,0.043,8,W,19,S,,,429318,148.79,0
500,1136.864,"Mount",0.029,0.080,0.057,-0.063,-0.033,-0.021,19,E,9,N,,,414942,144.16,0
501,1139.158,"Mount",-0.026,0.119,0.118,-0.032,0.019,0.000,11,W,0,,,,410667,130.50,0
502,1141.248,"Mount",-0.036,-0.038,-0.017,0.050,-0.023,0.000,13,E,0,,,,419488,144.93,0
503,1143.553,"Mount",-0.018,-0.003,0.005,0.018,-0.026,0.000,15,E,0,,,,429437,141.73,0
504,1145.651,"Mount",0.023,0.027,0.014,-0.033,-0.038,0.000,22,E,0,,,,412996,137.39,0
505,1148.068,"Mount",0.054,0.081,0.047,-0.085,-0.052,-0.031,30,E,13,N,,,413401,129.38,0
506,1150.166,"Mount",0.066,-0.017,-0.045,-0.051,-0.067,0.000,38,E,0,,,,435533,144.08,0
507,1152.530,"Mount",0.081,-0.052,-0.083,-0.048,-0.141,0.000,80,E,0,,,,429363,151.98,0
508,1154.698,"Mount",0.065,-0.014,-0.042,-0.052,-0.125,0.000,71,E,0,,,,437921,157.44,0
509,1157.128,"Mount",0.032,-0.055,-0.064,-0.003,-0.188,0.000,108,E,0,,,,424702,166.43,0
510,1159.383,"Mount",0.118,-0.064,-0.111,-0.075,-0.226,-0.027,129,E,12,N,,,413959,147.48,0
511,1161.795,"Mount",-0.043,0.040,0.055,0.019,-0.193,0.000,111,E,0,,,,409806,144.74,0
512,1163.991,"Mount",0.032,0.014,-0.003,-0.035,-0.189,0.000,108,E,0,,,,423527,170.52,0
513,1166.458,"Mount",0.032,0.005,-0.010,-0.031,-0.184,0.000,105,E,0,,,,427974,140.40,0
514,1168.786,"Mount",0.118,-0.086,-0.131,-0.064,-0.221,-0.023,127,E,10,N,,,418553,150.08,0
515,1171.183,"Mount",0.097,-0.088,-0.123,-0.046,-0.214,0.000,122,E,0,,,,426012,145.18,0
516,1173.421,"Mount",-0.020,-0.125,-0.102,0.075,-0.177,0.027,101,E,12,S,,,410113,168.59,0
517,1175.818,"Mount",0.018,-0.082,-0.081,0.022,-0.159,0.000,91,E,0,,,,421567,139.34,0
518,1177.992,"Mount",-0.011,-0.088,-0.073,0.050,-0.160,0.000,92,E,0,,,,414741,135.64,0
519,1180.500,"Mount",0.169,-0.045,-0.118,-0.130,-0.186,-0.047,106,E,20,N,,,424671,141.51,0
520,1182.742,"Mount",0.197,-0.130,-0.206,-0.115,-0.212,-0.043,121,E,18,N,,,407450,135.46,0
521,1185.187,"Mount",0.087,-0.184,-0.203,0.008,-0.228,0.000,130,E,0,,,,427495,139.93,0
522,1187.400,"Mount",0.054,-0.153,-0.161,0.023,-0.208,0.000,119,E,0,,,,424741,179.50,0
523,1189.771,"Mount",-0.046,-0.029,-0.004,0.054,-0.144,0.000,82,E,0,,,,435307,151.86,0
524,1191.917,"Mount",0.009,-0.020,-0.022,0.001,-0.143,0.000,82,E,0,,,,409123,165.43,0
525,1194.283,"Mount",-0.073,0.165,0.180,-0.012,-0.052,0.000,30,E,0,,,,424721,145.46,0
526,1196.416,"Mount",-0.080,0.038,0.070,0.053,-0.082,0.000,47,E,0,,,,411757,131.65,0
527,1198.814,"Mount",-0.122,0.017,0.071,0.100,-0.058,0.036,33,E,15,S,,,418562,150.03,0
528,1200.999,"Mount",-0.006,0.146,0.132,-0.062,-0.001,-0.021,1,E,9,N,,,422737,138.67,0
529,1203.392,"Mount",0.033,0.130,0.100,-0.089,0.009,-0.033,5,W,14,N,,,438902,151.83,0
530,1205.472,"Mount",-0.007,0.078,0.072,-0.030,0.017,0.000,10,W,0,,,,419206,148.50,0
531,1207.911,"Mount",-0.209,0.130,0.211,0.125,0.095,0.045,54,W,19,S,,,421733,129.95,0
532,1210.014,"Mount",-0.025,0.102,0.102,-0.025,0.054,0.000,31,W,0,,,,439677,161.11,0
533,1212.325,"Mount",-0.028,0.031,0.041,0.011,0.032,0.000,18,W,0,,,,411246,119.72,0
534,1214.436,"Mount",-0.039,0.032,0.046,0.020,0.030,0.000,17,W,0,,,,408433,136.20,0
535,1216.874,"Mount",0.053,0.062,0.030,-0.076,0.021,-0.027,12,W,12,N,,,426831,142.50,0
536,1218.976,"Mount",0.065,-0.017,-0.045,-0.050,0.015,0.000,9,W,0,,,,425608,144.49,0
537,1221.302,"Mount",0.045,-0.068,-0.081,-0.009,-0.040,0.000,23,E,0,,,,420293,147.74,0
538,1223.415,"Mount",0.023,0.038,0.024,-0.038,-0.009,0.000,5,E,0,,,,414548,145.90,0
539,1225.777,"Mount",-0.054,0.059,0.077,0.020,0.012,0.000,7,W,0,,,,428585,138.77,0
540,1227.894,"Mount",-0.030,-0.036,-0.018,0.043,-0.022,0.000,13,E,0,,,,415562,140.68,0
541,1230.231,"Mount",-0.045,0.038,0.055,0.023,-0.021,0.000,12,E,0,,,,422650,166.98,0
542,1232.294,"Mount",-0.063,0.028,0.054,0.043,-0.008,0.000,5,E,0,,,,425358,153.14,0
543,1234.803,"Mount",-0.156,0.038,0.105,0.121,0.048,0.043,28,W,19,S,,,417253,139.29,0
544,1237.012,"Mount",0.067,0.116,0.072,-0.113,0.053,-0.039,30,W,17,N,,,413704,135.98,0
545,1239.420,"Mount",-0.028,0.190,0.182,-0.063,0.120,-0.024,68,W,10,N,,,423065,166.54,0
546,1241.684,"Mount",-0.257,0.169,0.269,0.150,0.182,0.053,104,W,23,S,,,415055,124.59,0
547,1244.152,"Mount",0.114,0.141,0.073,-0.166,0.120,-0.058,69,W,25,N,,,408229,143.64,0
548,1246.384,"Mount",0.060,0.094,0.055,-0.097,0.118,-0.037,68,W,16,N,,,414664,147.40,0
549,1248.840,"Mount",-0.092,-0.009,0.035,0.085,0.144,0.029,82,W,12,S,,,434349,139.35,0
550,1251.012,"Mount",0.014,0.055,0.042,-0.038,0.147,0.000,84,W,0,,,,404787,131.97,0
551,1253.470,"Mount",-0.060,0.103,0.119,0.005,0.217,0.000,124,W,0,,,,414774,153.48,0
552,1255.692,"Mount",-0.090,0.062,0.097,0.051,0.208,0.000,119,W,0,,,,402980,141.94,0
553,1258.151,"Mount",0.033,0.078,0.054,-0.065,0.157,-0.024,90,W,10,N,,,435220,155.08,0
554,1260.420,"Mount",-0.193,0.012,0.099,0.166,0.188,0.059,107,W,25,S,,,420258,147.47,0
555,1262.787,"Mount",-0.039,0.066,0.077,0.004,0.153,0.000,88,W,0,,,,417289,138.93,0
556,1264.925,"Mount",-0.075,0.016,0.049,0.059,0.094,0.000,54,W,0,,,,413296,138.81,0
557,1267.320,"Mount",-0.030,0.066,0.072,-0.004,0.109,0.000,62,W,0,,,,425517,134.78,0
558,1269.432,"Mount",0.005,0.035,0.029,-0.021,0.052,0.000,30,W,0,,,,400905,137.72,0
559,1271.813,"Mount",0.082,0.028,-0.012,-0.086,0.050,-0.031,29,W,13,N,,,422095,142.36,0
560,1273.905,"Mount",-0.014,0.056,0.056,-0.014,0.033,0.000,19,W,0,,,,414316,145.37,0
561,1276.344,"Mount",0.021,0.097,0.076,-0.064,0.072,-0.023,41,W,10,N,,,418509,152.37,0
562,1278.515,"Mount",0.074,0.012,-0.023,-0.071,0.025,-0.027,15,W,11,N,,,418832,156.96,0
563,1280.938,"Mount",-0.234,-0.083,0.034,0.246,0.028,0.087,16,W,37,S,,,423890,143.24,0
564,1283.137,"Mount",-0.111,0.059,0.103,0.071,0.068,0.029,39,W,12,S,,,399881,135.60,0
565,1285.595,"Mount",0.157,-0.102,-0.163,-0.092,-0.055,-0.032,31,E,14,N,,,423488,159.29,0
566,1287.702,"Mount",-0.047,-0.036,-0.010,0.058,0.004,0.000,2,W,0,,,,421971,146.63,0
567,1290.107,"Mount",0.147,-0.038,-0.101,-0.113,-0.038,-0.041,22,E,17,N,,,428817,147.07,0
568,1292.294,"Mount",-0.062,-0.095,-0.056,0.099,-0.006,0.034,4,E,15,S,,,413178,134.97,0
569,1294.667,"Mount",0.083,0.111,0.061,-0.125,0.032,-0.044,19,W,19,N,,,431287,152.87,0
570,1296.740,"Mount",0.010,-0.012,-0.015,-0.003,0.016,0.000,9,W,0,,,,432667,154.18,0
571,1299.155,"Mount",-0.147,-0.110,-0.030,0.181,0.032,0.065,19,W,28,S,,,421548,145.50,0
572,1301.286,"Mount",-0.109,0.091,0.130,0.054,0.124,0.000,71,W,0,,,,429897,139.21,0
573,1303.690,"Mount",0.069,0.077,0.036,-0.096,0.086,-0.035,49,W,15,N,,,426230,171.17,0
574,1305.891,"Mount",0.023,0.042,0.026,-0.040,0.115,0.000,66,W,0,,,,433274,147.03,0
575,1308.378,"Mount",0.017,0.103,0.084,-0.062,0.177,-0.022,101,W,10,N,,,399051,125.74,0
576,1310.575,"Mount",-0.025,0.020,0.029,0.013,0.152,0.000,87,W,0,,,,405703,123.07,0
577,1313.031,"Mount",-0.106,0.105,0.142,0.046,0.234,0.000,134,W,0,,,,426108,161.95,0
578,1315.293,"Mount",0.042,0.068,0.041,-0.069,0.173,-0.025,99,W,11,N,,,418896,142.48,0
579,1317.708,"Mount",-0.065,0.059,0.082,0.030,0.205,0.000,117,W,0,,,,408902,132.04,0
580,1319.911,"Mount",-0.019,0.038,0.043,-0.001,0.154,0.000,88,W,0,,,,427186,132.66,0
581,1322.309,"Mount",0.003,0.092,0.081,-0.045,0.175,0.000,100,W,0,,,,424650,147.74,0
582,1324.480,"Mount",-0.093,0.059,0.096,0.055,0.161,0.000,92,W,0,,,,401811,131.28,0
583,1326.950,"Mount",-0.066,-0.035,-0.001,0.075,0.115,0.027,65,W,12,S,,,413383,138.84,0
584,1329.115,"Mount",0.017,0.009,0.000,-0.019,0.093,0.000,53,W,0,,,,425713,150.62,0
585,1331.533,"Mount",-0.174,-0.056,0.030,0.180,0.093,0.065,53,W,28,S,,,416557,156.48,0
586,1333.660,"Mount",0.106,-0.017,-0.064,-0.086,0.047,-0.028,27,W,12,N,,,416750,146.68,0
587,1336.077,"Mount",0.065,0.082,0.043,-0.096,0.069,-0.036,40,W,15,N,,,422204,148.17,0
588,1338.197,"Mount",0.005,-0.043,-0.040,0.015,0.055,0.000,31,W,0,,,,424366,152.66,0
589,1340.527,"Mount",-0.064,0.005,0.034,0.055,0.043,0.000,25,W,0,,,,416580,138.32,0
590,1342.612,"Mount",-0.044,-0.037,-0.012,0.056,0.025,0.000,14,W,0,,,,434415,146.01,0
591,1345.042,"Mount",0.097,0.035,-0.014,-0.103,0.015,-0.037,8,W,16,N,,,433256,139.03,0
592,1347.207,"Mount",0.069,0.062,0.024,-0.090,-0.007,-0.034,4,E,15,N,,,413698,137.22,0
593,1349.673,"Mount",-0.124,-0.117,-0.047,0.164,-0.014,0.058,8,E,25,S,,,402543,138.52,0
594,1351.876,"Mount",0.041,-0.110,-0.116,0.015,-0.067,0.000,38,E,0,,,,417010,142.57,0
595,1354.185,"Mount",0.065,-0.035,-0.061,-0.042,-0.046,0.000,26,E,0,,,,423257,162.31,0
596,1356.389,"Mount",-0.059,-0.163,-0.117,0.128,-0.063,0.046,36,E,20,S,,,424798,159.72,0
597,1358.780,"Mount",0.103,-0.191,-0.217,-0.003,-0.108,0.000,62,E,0,,,,430217,140.74,0
598,1360.918,"Mount",0.010,-0.101,-0.094,0.038,-0.050,0.000,28,E,0,,,,425942,139.39,0
599,1363.243,"Mount",0.026,-0.126,-0.124,0.036,-0.060,0.000,34,E,0,,,,421150,148.85,0
600,1365.369,"Mount",0.062,-0.047,-0.070,-0.033,-0.032,0.000,18,E,0,,,,427033,143.24,0
601,1367.700,"Mount",0.005,-0.089,-0.081,0.037,-0.044,0.000,25,E,0,,,,437533,163.09,0
602,1369.827,"Mount",0.045,-0.106,-0.115,0.009,-0.055,0.000,31,E,0,,,,432893,155.67,0
603,1372.137,"Mount",-0.038,0.030,0.044,0.020,0.005,0.000,3,W,0,,,,428893,156.34,0
604,1374.244,"Mount",0.010,-0.049,-0.049,0.014,0.005,0.000,3,W,0,,,,415544,132.21,0
605,1376.596,"Mount",-0.103,-0.009,0.040,0.095,0.012,0.034,7,W,15,S,,,432966,143.52,0
606,1378.664,"Mount",-0.003,0.030,0.028,-0.011,0.007,0.000,4,W,0,,,,448367,166.08,0
607,1381.056,"Mount",0.005,0.083,0.071,-0.043,0.032,0.000,18,W,0,,,,412526,131.77,0
608,1383.155,"Mount",0.011,0.061,0.049,-0.038,-0.006,0.000,3,E,0,,,,424037,154.49,0
609,1385.575,"Mount",0.162,0.071,-0.012,-0.176,-0.010,-0.064,6,E,27,N,,,420274,137.94,0
610,1387.693,"Mount",0.000,-0.031,-0.028,0.014,-0.013,0.000,7,E,0,,,,413507,143.24,0
611,1389.994,"Mount",0.071,-0.017,-0.048,-0.055,-0.017,0.000,10,E,0,,,,416693,170.35,0
612,1392.155,"Mount",0.120,-0.039,-0.089,-0.088,-0.064,-0.032,36,E,14,N,,,416640,145.70,0
613,1394.538,"Mount",0.099,0.066,0.013,-0.118,-0.030,-0.044,17,E,19,N,,,425114,148.86,0
614,1396.681,"Mount",0.082,-0.111,-0.136,-0.022,-0.098,0.000,56,E,0,,,,452853,171.04,0
615,1399.086,"Mount",-0.060,-0.075,-0.039,0.088,-0.042,0.032,24,E,13,S,,,397357,119.55,0
616,1401.181,"Mount",-0.048,0.017,0.037,0.035,-0.046,0.000,26,E,0,,,,426055,153.02,0
617,1403.509,"Mount",0.041,-0.007,-0.025,-0.033,-0.051,0.000,29,E,0,,,,420613,138.19,0
618,1405.681,"Mount",0.042,-0.097,-0.106,0.008,-0.096,0.000,55,E,0,,,,431135,156.24,0
619,1408.078,"Mount",0.083,-0.077,-0.107,-0.038,-0.095,0.000,54,E,0,,,,282563,138.67,0
620,1410.095,"DROP",,,,,,,,,,,,,0,0.00,4,"Star lost - low HFD"
620,1410.175,"Mount",0.000,0.000,-0.032,0.000,-0.032,0.000,18,E,0,,,,282563,138.67,4
621,1412.497,"DROP",,,,,,,,,,,,,0,0.00,2,"Star lost - low SNR"
621,1412.570,"Mount",0.000,0.000,-0.025,0.000,-0.025,0.000,14,E,0,,,,282563,138.67,2
622,1414.718,"DROP",,,,,,,,,,,,,0,0.00,2,"Star lost - low SNR"
622,1414.773,"Mount",0.000,0.000,-0.010,0.000,-0.010,0.000,5,E,0,,,,282563,138.67,2
623,1417.191,"DROP",,,,,,,,,,,,,3356,14.14,7,"Star lost - mass changed"
623,1417.248,"Mount",0.000,0.000,0.003,0.000,0.003,0.000,2,W,0,,,,282563,138.67,7
624,1419.430,"DROP",,,,,,,,,,,,,4175,16.11,7,"Star lost - mass changed"
624,1419.497,"Mount",0.000,0.000,0.017,0.000,0.017,0.000,10,W,0,,,,282563,138.67,7
625,1421.919,"DROP",,,,,,,,,,,,,3208,17.11,7,"Star lost - mass changed"
625,1421.991,"Mount",0.000,0.000,0.031,0.000,0.031,0.000,18,W,0,,,,282563,138.67,7
626,1424.142,"DROP",,,,,,,,,,,,,2626,14.17,7,"Star lost - mass changed"
626,1424.224,"Mount",0.000,0.000,0.033,0.000,0.033,0.000,19,W,0,,,,282563,138.67,7
627,1426.629,"DROP",,,,,,,,,,,,,3416,17.55,7,"Star lost - mass changed"
627,1426.701,"Mount",0.000,0.000,0.040,0.000,0.040,0.000,23,W,0,,,,282563,138.67,7
628,1428.856,"DROP",,,,,,,,,,,,,2902,16.15,7,"Star lost - mass changed"
628,1428.935,"Mount",0.000,0.000,0.036,0.000,0.036,0.000,20,W,0,,,,282563,138.67,7
629,1431.292,"DROP",,,,,,,,,,,,,4049,21.46,7,"Star lost - mass changed"
629,1431.358,"Mount",0.000,0.000,0.032,0.000,0.032,0.000,19,W,0,,,,282563,138.67,7
630,1433.490,"DROP",,,,,,,,,,,,,2324,14.01,7,"Star lost - mass changed"
630,1433.556,"Mount",0.000,0.000,0.022,0.000,0.022,0.000,12,W,0,,,,282563,138.67,7
631,1435.931,"DROP",,,,,,,,,,,,,3480,19.49,7,"Star lost - mass changed"
631,1435.999,"Mount",0.000,0.000,0.019,0.000,0.019,0.000,11,W,0,,,,282563,138.67,7
632,1443.284,"Mount",7.479,22.061,16.139,-16.820,7.270,-6.055,2500,W,2500,N,,,3468,19.58,0
633,1445.563,"DROP",,,,,,,,,,,,,1871,12.59,7,"Star lost - mass changed"
633,1445.697,"Mount",0.000,0.000,-0.075,0.000,-0.075,0.000,43,E,0,,,,3468,19.58,7
634,1447.804,"DROP",,,,,,,,,,,,,0,0.00,4,"Star lost - low HFD"
634,1447.899,"Mount",0.000,0.000,-0.059,0.000,-0.059,0.000,34,E,0,,,,3468,19.58,4
635,1450.243,"DROP",,,,,,,,,,,,,4276,23.09,8,"No star found"
635,1450.342,"Mount",0.000,0.000,-0.088,0.000,-0.088,0.000,50,E,0,,,,3468,19.58,8
636,1457.567,"Mount",13.814,39.092,28.340,-30.303,12.656,-11.151,2500,W,2500,N,,,2976,15.63,0
637,1464.940,"Mount",7.411,22.475,16.537,-16.951,7.204,-6.548,2500,W,2500,N,,,3218,18.43,0
638,1467.758,"Mount",-2.475,0.353,1.453,2.033,0.444,0.470,254,W,201,S,,,4017,21.54,0
639,1469.788,"DROP",,,,,,,,,,,,,4073,19.88,8,"No star found"
639,1469.967,"Mount",0.000,0.000,-0.094,0.000,-0.094,0.000,54,E,0,,,,4017,21.54,8
640,1472.207,"DROP",,,,,,,,,,,,,0,0.00,4,"Star lost - low HFD"
640,1472.297,"Mount",0.000,0.000,-0.070,0.000,-0.070,0.000,40,E,0,,,,4017,21.54,4
641,1474.986,"Mount",-1.727,0.482,1.223,1.310,0.491,0.490,281,W,210,S,,,3587,19.20,0
642,1480.255,"Mount",10.262,9.175,3.419,-13.339,1.484,-4.782,848,W,2045,N,,,4726,20.25,0
643,1487.268,"Mount",19.683,-8.527,-16.633,-13.522,-7.554,-5.059,2500,E,2164,N,,,2661,16.75,0
644,1494.666,"Mount",41.562,-4.017,-22.704,-35.012,-10.299,-12.807,2500,E,2500,N,,,3641,18.57,0
645,1496.954,"DROP",,,,,,,,,,,,,1617,12.48,7,"Star lost - mass changed"
645,1497.132,"Mount",0.000,0.000,-0.217,0.000,-0.217,0.000,124,E,0,,,,3641,18.57,7
646,1499.161,"DROP",,,,,,,,,,,,,4971,21.16,8,"No star found"
646,1499.281,"Mount",0.000,0.000,-0.105,0.000,-0.105,0.000,60,E,0,,,,3641,18.57,8
647,1501.610,"DROP",,,,,,,,,,,,,4524,20.73,8,"No star found"
647,1501.749,"Mount",0.000,0.000,-0.145,0.000,-0.145,0.000,83,E,0,,,,3641,18.57,8
648,1508.925,"Mount",24.327,0.063,-11.146,-21.608,-5.176,-8.291,2500,E,2500,N,,,3691,19.95,0
649,1516.280,"Mount",6.556,22.557,17.004,-16.230,7.290,-6.175,2500,W,2500,N,,,3292,19.20,0
650,1522.406,"Mount",-9.133,34.222,34.583,-7.699,15.265,-3.019,2500,W,1291,N,,,3589,19.19,0
651,1528.135,"Mount",-20.512,50.173,53.983,-4.970,24.060,-1.910,2500,W,817,N,,,3424,17.47,0
652,1530.395,"DROP",,,,,,,,,,,,,0,0.00,4,"Star lost - low HFD"
652,1530.670,"Mount",0.000,0.000,-0.394,0.000,-0.394,0.000,226,E,0,,,,3424,17.47,4
653,1532.712,"DROP",,,,,,,,,,,,,0,0.00,4,"Star lost - low HFD"
653,1532.888,"Mount",0.000,0.000,-0.223,0.000,-0.223,0.000,127,E,0,,,,3424,17.47,4
654,1535.178,"DROP",,,,,,,,,,,,,0,0.00,4,"Star lost - low HFD"
654,1535.384,"Mount",0.000,0.000,-0.262,0.000,-0.262,0.000,150,E,0,,,,3424,17.47,4
655,1537.392,"DROP",,,,,,,,,,,,,0,0.00,4,"Star lost - low HFD"
655,1537.595,"Mount",0.000,0.000,-0.246,0.000,-0.246,0.000,141,E,0,,,,3424,17.47,4
656,1539.851,"DROP",,,,,,,,,,,,,0,0.00,4,"Star lost - low HFD"
656,1540.060,"Mount",0.000,0.000,-0.266,0.000,-0.266,0.000,152,E,0,,,,3424,17.47,4
657,1542.121,"DROP",,,,,,,,,,,,,0,0.00,4,"Star lost - low HFD"
657,1542.301,"Mount",0.000,0.000,-0.230,0.000,-0.230,0.000,131,E,0,,,,3424,17.47,4
658,1544.541,"DROP",,,,,,,,,,,,,0,0.00,4,"Star lost - low HFD"
658,1544.726,"Mount",0.000,0.000,-0.215,0.000,-0.215,0.000,123,E,0,,,,3424,17.47,4
659,1546.775,"DROP",,,,,,,,,,,,,0,0.00,4,"Star lost - low HFD"
659,1546.922,"Mount",0.000,0.000,-0.165,0.000,-0.165,0.000,94,E,0,,,,3424,17.47,4
660,1549.235,"DROP",,,,,,,,,,,,,0,0.00,4,"Star lost - low HFD"
660,1549.406,"Mount",0.000,0.000,-0.144,0.000,-0.144,0.000,82,E,0,,,,3424,17.47,4
661,1551.468,"DROP",,,,,,,,,,,,,0,0.00,4,"Star lost - low HFD"
661,1551.574,"Mount",0.000,0.000,-0.097,0.000,-0.097,0.000,56,E,0,,,,3424,17.47,4
662,1553.902,"DROP",,,,,,,,,,,,,0,0.00,4,"Star lost - low HFD"
662,1554.003,"Mount",0.000,0.000,-0.077,0.000,-0.077,0.000,44,E,0,,,,3424,17.47,4
663,1556.104,"DROP",,,,,,,,,,,,,0,0.00,4,"Star lost - low HFD"
663,1556.185,"Mount",0.000,0.000,-0.047,0.000,-0.047,0.000,27,E,0,,,,3424,17.47,4
664,1558.512,"DROP",,,,,,,,,,,,,0,0.00,4,"Star lost - low HFD"
664,1558.588,"Mount",0.000,0.000,-0.034,0.000,-0.034,0.000,20,E,0,,,,3424,17.47,4
665,1560.732,"DROP",,,,,,,,,,,,,0,0.00,4,"Star lost - low HFD"
665,1560.797,"Mount",0.000,0.000,-0.020,0.000,-0.020,0.000,12,E,0,,,,3424,17.47,4
666,1563.154,"DROP",,,,,,,,,,,,,0,0.00,4,"Star lost - low HFD"
666,1563.212,"Mount",0.000,0.000,-0.013,0.000,-0.013,0.000,7,E,0,,,,3424,17.47,4
667,1565.350,"DROP",,,,,,,,,,,,,0,0.00,4,"Star lost - low HFD"
667,1565.410,"Mount",0.000,0.000,-0.006,0.000,-0.006,0.000,3,E,0,,,,3424,17.47,4
668,1567.785,"DROP",,,,,,,,,,,,,0,0.00,4,"Star lost - low HFD"
668,1567.837,"Mount",0.000,0.000,0.004,0.000,0.004,0.000,2,W,0,,,,3424,17.47,4
669,1569.982,"DROP",,,,,,,,,,,,,0,0.00,4,"Star lost - low HFD"
669,1570.040,"Mount",0.000,0.000,0.007,0.000,0.007,0.000,4,W,0,,,,3424,17.47,4
670,1572.365,"DROP",,,,,,,,,,,,,0,0.00,4,"Star lost - low HFD"
670,1572.499,"Mount",0.000,0.000,0.015,0.000,0.015,0.000,9,W,0,,,,3424,17.47,4
671,1574.566,"DROP",,,,,,,,,,,,,0,0.00,4,"Star lost - low HFD"
671,1574.700,"Mount",0.000,0.000,0.020,0.000,0.020,0.000,11,W,0,,,,3424,17.47,4
672,1576.957,"DROP",,,,,,,,,,,,,0,0.00,4,"Star lost - low HFD"
672,1577.032,"Mount",0.000,0.000,0.035,0.000,0.035,0.000,20,W,0,,,,3424,17.47,4
673,1579.162,"DROP",,,,,,,,,,,,,0,0.00,4,"Star lost - low HFD"
673,1579.248,"Mount",0.000,0.000,0.038,0.000,0.038,0.000,22,W,0,,,,3424,17.47,4
674,1581.626,"DROP",,,,,,,,,,,,,0,0.00,4,"Star lost - low HFD"
674,1581.716,"Mount",0.000,0.000,0.058,0.000,0.058,0.000,33,W,0,,,,3424,17.47,4
675,1583.849,"DROP",,,,,,,,,,,,,0,0.00,4,"Star lost - low HFD"
675,1583.945,"Mount",0.000,0.000,0.062,0.000,0.062,0.000,35,W,0,,,,3424,17.47,4
676,1586.291,"DROP",,,,,,,,,,,,,0,0.00,4,"Star lost - low HFD"
676,1586.389,"Mount",0.000,0.000,0.086,0.000,0.086,0.000,49,W,0,,,,3424,17.47,4
677,1588.447,"DROP",,,,,,,,,,,,,0,0.00,4,"Star lost - low HFD"
677,1588.553,"Mount",0.000,0.000,0.088,0.000,0.088,0.000,50,W,0,,,,3424,17.47,4
678,1590.870,"DROP",,,,,,,,,,,,,0,0.00,4,"Star lost - low HFD"
678,1590.998,"Mount",0.000,0.000,0.116,0.000,0.116,0.000,67,W,0,,,,3424,17.47,4
679,1593.069,"DROP",,,,,,,,,,,,,0,0.00,4,"Star lost - low HFD"
679,1593.199,"Mount",0.000,0.000,0.118,0.000,0.118,0.000,67,W,0,,,,3424,17.47,4
680,1595.526,"DROP",,,,,,,,,,,,,0,0.00,4,"Star lost - low HFD"
680,1595.727,"Mount",0.000,0.000,0.145,0.000,0.145,0.000,83,W,0,,,,3424,17.47,4
681,1597.781,"DROP",,,,,,,,,,,,,0,0.00,4,"Star lost - low HFD"
681,1597.930,"Mount",0.000,0.000,0.147,0.000,0.147,0.000,84,W,0,,,,3424,17.47,4
682,1600.244,"DROP",,,,,,,,,,,,,0,0.00,4,"Star lost - low HFD"
682,1600.391,"Mount",0.000,0.000,0.166,0.000,0.166,0.000,95,W,0,,,,3424,17.47,4
683,1602.434,"DROP",,,,,,,,,,,,,0,0.00,4,"Star lost - low HFD"
683,1602.574,"Mount",0.000,0.000,0.155,0.000,0.155,0.000,89,W,0,,,,3424,17.47,4
684,1604.892,"DROP",,,,,,,,,,,,,0,0.00,4,"Star lost - low HFD"
684,1605.045,"Mount",0.000,0.000,0.176,0.000,0.176,0.000,101,W,0,,,,3424,17.47,4
685,1607.089,"DROP",,,,,,,,,,,,,0,0.00,4,"Star lost - low HFD"
685,1607.230,"Mount",0.000,0.000,0.158,0.000,0.158,0.000,90,W,0,,,,3424,17.47,4
686,1609.541,"DROP",,,,,,,,,,,,,0,0.00,4,"Star lost - low HFD"
686,1609.701,"Mount",0.000,0.000,0.172,0.000,0.172,0.000,98,W,0,,,,3424,17.47,4
687,1611.781,"DROP",,,,,,,,,,,,,0,0.00,4,"Star lost - low HFD"
687,1611.915,"Mount",0.000,0.000,0.147,0.000,0.147,0.000,84,W,0,,,,3424,17.47,4
688,1614.208,"DROP",,,,,,,,,,,,,0,0.00,4,"Star lost - low HFD"
688,1614.353,"Mount",0.000,0.000,0.145,0.000,0.145,0.000,83,W,0,,,,3424,17.47,4
689,1616.411,"DROP",,,,,,,,,,,,,0,0.00,4,"Star lost - low HFD"
689,1616.538,"Mount",0.000,0.000,0.115,0.000,0.115,0.000,66,W,0,,,,3424,17.47,4
690,1618.852,"DROP",,,,,,,,,,,,,0,0.00,4,"Star lost - low HFD"
690,1618.967,"Mount",0.000,0.000,0.101,0.000,0.101,0.000,58,W,0,,,,3424,17.47,4
691,1621.060,"DROP",,,,,,,,,,,,,0,0.00,4,"Star lost - low HFD"
691,1621.152,"Mount",0.000,0.000,0.073,0.000,0.073,0.000,42,W,0,,,,3424,17.47,4
692,1623.442,"DROP",,,,,,,,,,,,,0,0.00,4,"Star lost - low HFD"
692,1623.528,"Mount",0.000,0.000,0.058,0.000,0.058,0.000,33,W,0,,,,3424,17.47,4
693,1625.603,"DROP",,,,,,,,,,,,,0,0.00,4,"Star lost - low HFD"
693,1625.678,"Mount",0.000,0.000,0.038,0.000,0.038,0.000,22,W,0,,,,3424,17.47,4
694,1628.021,"DROP",,,,,,,,,,,,,0,0.00,4,"Star lost - low HFD"
694,1628.088,"Mount",0.000,0.000,0.032,0.000,0.032,0.000,18,W,0,,,,3424,17.47,4
695,1630.224,"DROP",,,,,,,,,,,,,0,0.00,4,"Star lost - low HFD"
695,1630.264,"Mount",0.000,0.000,0.018,0.000,0.018,0.000,10,W,0,,,,3424,17.47,4
696,1632.616,"DROP",,,,,,,,,,,,,0,0.00,4,"Star lost - low HFD"
696,1632.655,"Mount",0.000,0.000,0.014,0.000,0.014,0.000,8,W,0,,,,3424,17.47,4
697,1634.833,"DROP",,,,,,,,,,,,,0,0.00,4,"Star lost - low HFD"
697,1634.893,"Mount",0.000,0.000,0.014,0.000,0.014,0.000,8,W,0,,,,3424,17.47,4
698,1637.239,"DROP",,,,,,,,,,,,,0,0.00,4,"Star lost - low HFD"
698,1637.310,"Mount",0.000,0.000,0.023,0.000,0.023,0.000,13,W,0,,,,3424,17.47,4
699,1639.427,"DROP",,,,,,,,,,,,,0,0.00,4,"Star lost - low HFD"
699,1639.505,"Mount",0.000,0.000,0.032,0.000,0.032,0.000,19,W,0,,,,3424,17.47,4
700,1641.883,"DROP",,,,,,,,,,,,,0,0.00,4,"Star lost - low HFD"
700,1641.970,"Mount",0.000,0.000,0.052,0.000,0.052,0.000,30,W,0,,,,3424,17.47,4
701,1644.097,"DROP",,,,,,,,,,,,,0,0.00,4,"Star lost - low HFD"
701,1644.185,"Mount",0.000,0.000,0.063,0.000,0.063,0.000,36,W,0,,,,3424,17.47,4
Guiding Ends at 2026-04-22 23:29:40

Log Summary: calcnt:0 gcnt:3 gdur:6608 gacnt:0
Log closed at 2026-04-23 07:07:26
