PHD2 version 2.6.14 [Windows], Log version 2.5. Log enabled at 2026-04-02 19:31:07
INFO: Guiding parameter change, MultiStar = true

Guiding Begins at 2026-04-02 20:52:18
Equipment Profile = 60mmGuide
Dither = both axes, Dither scale = 1.000, Image noise reduction = none, Guide-frame time lapse = 0, Server enabled
Pixel scale = 3.22 arc-sec/px, Binning = 1, Focal length = 240 mm
Search region = 25 px, Star mass tolerance = 50.0%, Multi-star mode, list size = 12
 Camera = ZWO ASI120MM Mini, gain = 37, full size = 1280 x 960, have dark, dark dur = 2000, no defect map, pixel size = 3.8 um
Exposure = 2000 ms
Mount = iOptron CEM120,70,40,26, GEM, HEM, HAE, HAZ series and SkyHunter Mount (ASCOM), connected, guiding enabled, xAngle = -62.6, xRate = 2.346, yAngle = -152.7, yRate = 2.338, parity = +/-
Norm rates RA = 8.3"/s @ dec 0, Dec = 7.5"/s; ortho.err. = 0.1 deg
X guide algorithm = Predictive PEC, Control gain = 0.450
Prediction gain = 0.750
Minimum move = 0.060
Hyperparameters
	Length scale long range SE kernel = 700.000
	Signal variance long range SE kernel = 20.000
	Length scale periodic kernel = 10.000
	Signal variance periodic kernel = 20.000
	Length scale short range SE kernel = 25.000
	Signal variance short range SE kernel = 10.000
	Period length periodic kernel = 348.000
	FFT called after = 2.000 worm cycles
	Auto-adjust period length = Off
Y guide algorithm = Hysteresis, Hysteresis = 0.100, Aggression = 0.400, Minimum move = 0.060
Backlash comp = disabled, pulse = 100 ms
Max RA duration = 2500, Max DEC duration = 2500, DEC guide mode = Auto
RA Guide Speed = 7.5 a-s/s, Dec Guide Speed = 7.5 a-s/s, Cal Dec = 0.0, Last Cal Issue = None, Timestamp = 7/29/2025 9:33:42 PM
RA = 6.87 hr, Dec = -24.0 deg, Hour angle = 1.13 hr, Pier side = East, Rotator pos = N/A, Alt = 32.1 deg, Az = 198.4 deg
Lock position = 698.941, 452.534, Star position = 698.941, 452.534, HFD = 5.00 px
Frame,Time,mount,dx,dy,RARawDistance,DECRawDistance,RAGuideDistance,DECGuideDistance,RADuration,RADirection,DECDuration,DECDirection,XStep,YStep,StarMass,SNR,ErrorCode
INFO: SETTLING STATE CHANGE, Settling started
1,2.229,"Mount",0.104,-0.171,0.200,-0.013,0.090,0.000,38,W,0,,,,583667,139.51,0
2,4.560,"Mount",0.138,-0.257,0.292,-0.004,0.131,0.000,56,W,0,,,,556423,140.21,0
3,6.719,"Mount",0.196,-0.276,0.336,-0.046,0.151,0.000,64,W,0,,,,584865,134.43,0
4,9.091,"Mount",0.166,-0.193,0.248,-0.059,0.112,0.000,48,W,0,,,,552897,137.99,0
5,11.303,"Mount",0.260,-0.173,0.273,-0.151,0.123,-0.054,52,W,23,N,,,582437,151.48,0
6,13.726,"Mount",0.020,-0.196,0.183,0.072,0.082,0.024,35,W,10,S,,,561891,144.83,0
7,15.881,"Mount",-0.041,-0.118,0.086,0.091,0.039,0.034,17,W,14,S,,,567664,137.06,0
8,18.205,"Mount",0.134,0.013,0.051,-0.125,0.000,-0.044,0,,19,N,,,580165,144.71,0
9,20.350,"Mount",0.139,-0.093,0.146,-0.080,0.066,-0.031,28,W,13,N,,,555602,137.97,0
INFO: SETTLING STATE CHANGE, Settling complete
10,22.702,"Mount",-0.107,0.211,-0.236,-0.002,-0.106,0.000,45,E,0,,,,557137,132.35,0
11,24.881,"Mount",0.063,0.297,-0.235,-0.193,-0.093,-0.070,39,E,30,N,,,557135,142.98,0
12,27.271,"Mount",0.126,0.104,-0.035,-0.160,-0.007,-0.060,3,E,26,N,,,589060,140.64,0
13,29.454,"Mount",0.095,0.135,-0.076,-0.147,-0.042,-0.055,18,E,24,N,,,570332,157.12,0
14,31.854,"Mount",0.083,0.146,-0.092,-0.141,-0.039,-0.053,17,E,23,N,,,560724,143.07,0
15,34.118,"Mount",0.174,0.368,-0.247,-0.325,-0.103,-0.119,44,E,51,N,,,589300,132.87,0
16,36.505,"Mount",0.171,0.197,-0.096,-0.243,-0.040,-0.092,17,E,39,N,,,603290,154.05,0
17,38.592,"Mount",-0.129,0.191,-0.229,0.026,-0.095,0.000,41,E,0,,,,586568,137.37,0
18,41.013,"Mount",0.214,0.221,-0.097,-0.291,-0.045,-0.105,19,E,45,N,,,609061,159.53,0
19,43.172,"Mount",-0.004,0.227,-0.203,-0.101,-0.090,-0.041,38,E,17,N,,,579063,158.87,0
20,45.529,"Mount",-0.175,0.267,-0.317,0.032,-0.135,0.000,57,E,0,,,,613275,159.12,0
21,47.679,"Mount",-0.131,0.316,-0.341,-0.030,-0.147,0.000,63,E,0,,,,553538,143.12,0
22,50.010,"Mount",-0.018,0.147,-0.139,-0.052,-0.067,0.000,28,E,0,,,,561975,143.22,0
23,52.211,"Mount",-0.000,0.144,-0.128,-0.066,-0.064,-0.024,27,E,10,N,,,560469,152.84,0
24,54.615,"Mount",0.040,0.242,-0.196,-0.147,-0.089,-0.054,38,E,23,N,,,520489,130.45,0
25,56.788,"Mount",0.115,0.139,-0.071,-0.166,-0.028,-0.062,12,E,27,N,,,536190,154.03,0
26,59.219,"Mount",-0.015,0.205,-0.189,-0.081,-0.076,-0.032,32,E,14,N,,,569917,148.69,0
27,61.324,"Mount",-0.068,0.139,-0.155,-0.004,-0.068,0.000,29,E,0,,,,626659,160.13,0
28,63.731,"Mount",0.019,0.205,-0.174,-0.111,-0.078,-0.040,33,E,17,N,,,585743,153.02,0
29,65.852,"Mount",-0.087,0.134,-0.159,0.015,-0.078,0.000,33,E,0,,,,532789,133.95,0
30,68.179,"Mount",-0.086,0.271,-0.280,-0.049,-0.129,0.000,55,E,0,,,,526217,128.29,0
31,70.283,"Mount",-0.028,0.166,-0.160,-0.052,-0.080,0.000,34,E,0,,,,613738,177.27,0
32,72.708,"Mount",0.115,0.148,-0.078,-0.171,-0.046,-0.061,20,E,26,N,,,559760,149.31,0
33,74.848,"Mount",0.046,0.095,-0.063,-0.084,-0.037,-0.033,16,E,14,N,,,585720,163.06,0
34,77.354,"Mount",-0.014,0.174,-0.160,-0.068,-0.060,-0.026,26,E,11,N,,,517500,138.82,0
35,79.539,"Mount",-0.016,0.276,-0.253,-0.114,-0.095,-0.042,41,E,18,N,,,536603,144.75,0
36,81.846,"Mount",-0.054,0.176,-0.181,-0.034,-0.077,0.000,33,E,0,,,,595084,150.00,0
37,83.965,"Mount",-0.121,0.334,-0.352,-0.047,-0.148,0.000,63,E,0,,,,553601,145.88,0
38,86.296,"Mount",-0.100,0.198,-0.222,-0.002,-0.112,0.000,48,E,0,,,,578740,140.39,0
39,88.403,"Mount",-0.040,0.201,-0.197,-0.057,-0.106,0.000,45,E,0,,,,611731,136.54,0
40,90.856,"Mount",0.182,0.283,-0.167,-0.292,-0.098,-0.105,42,E,45,N,,,528959,139.88,0
41,93.051,"Mount",-0.004,0.147,-0.133,-0.064,-0.084,-0.027,36,E,12,N,,,540168,126.72,0
42,95.460,"Mount",0.056,0.104,-0.066,-0.098,-0.057,-0.036,24,E,16,N,,,530732,142.58,0
43,97.612,"Mount",0.088,0.050,-0.003,-0.101,-0.003,-0.038,1,E,16,N,,,590214,165.53,0
44,99.894,"Mount",0.002,-0.013,0.013,0.005,0.001,0.000,0,,0,,,,583702,134.35,0
45,102.090,"Mount",0.157,-0.031,0.099,-0.125,0.061,-0.045,26,W,19,N,,,548364,146.62,0
46,104.510,"Mount",0.163,0.015,0.062,-0.152,0.050,-0.056,21,W,24,N,,,599418,166.69,0
47,106.632,"Mount",0.054,-0.128,0.138,0.011,0.073,0.000,31,W,0,,,,536008,141.69,0
48,108.980,"Mount",0.089,-0.062,0.096,-0.050,0.055,0.000,24,W,0,,,,563448,144.85,0
49,111.067,"Mount",0.074,0.021,0.015,-0.075,-0.001,-0.027,0,,12,N,,,600034,146.46,0
50,113.399,"Mount",0.131,-0.140,0.185,-0.051,0.074,0.000,32,W,0,,,,584135,187.44,0
51,115.585,"Mount",0.170,-0.020,0.096,-0.141,0.035,-0.051,15,W,22,N,,,603907,154.56,0
52,117.893,"Mount",0.064,0.006,0.025,-0.059,-0.008,0.000,3,E,0,,,,581422,145.30,0
53,119.987,"Mount",0.038,-0.016,0.032,-0.026,-0.010,0.000,4,E,0,,,,581276,143.52,0
54,122.419,"Mount",0.148,0.008,0.061,-0.135,0.027,-0.049,12,W,21,N,,,613424,145.13,0
55,124.697,"Mount",0.665,-0.105,0.400,-0.542,0.167,-0.197,71,W,84,N,,,545944,146.63,0
56,127.112,"Mount",-0.015,0.272,-0.248,-0.113,-0.105,-0.048,45,E,21,N,,,575174,126.82,0
57,129.233,"Mount",-0.087,-0.014,-0.027,0.083,-0.004,0.028,2,E,12,S,,,578579,140.44,0
58,131.636,"Mount",-0.136,0.051,-0.108,0.096,-0.049,0.036,21,E,15,S,,,614196,153.49,0
59,133.841,"Mount",-0.234,0.215,-0.299,0.108,-0.124,0.040,53,E,17,S,,,577102,151.92,0
60,136.263,"Mount",-0.065,0.291,-0.288,-0.076,-0.136,-0.026,58,E,11,N,,,586754,154.61,0
61,138.419,"Mount",-0.065,0.253,-0.254,-0.059,-0.125,0.000,53,E,0,,,,553524,149.10,0
62,140.912,"Mount",-0.158,0.638,-0.639,-0.155,-0.314,-0.056,134,E,24,N,,,598821,178.04,0
63,143.133,"Mount",-0.076,0.292,-0.295,-0.067,-0.173,-0.026,74,E,11,N,,,557253,136.00,0
64,145.621,"Mount",0.043,0.074,-0.046,-0.072,-0.048,-0.027,21,E,12,N,,,544370,155.68,0
65,147.852,"Mount",-0.072,0.197,-0.208,-0.027,-0.136,0.000,58,E,0,,,,563583,141.75,0
66,150.202,"Mount",-0.071,0.245,-0.251,-0.050,-0.146,0.000,62,E,0,,,,556066,143.05,0
67,152.387,"Mount",0.005,0.372,-0.328,-0.176,-0.114,-0.063,49,E,27,N,,,559782,164.44,0
68,154.748,"Mount",-0.086,0.271,-0.280,-0.049,-0.085,0.000,36,E,0,,,,630228,165.25,0
69,156.883,"Mount",-0.107,0.196,-0.223,0.004,-0.097,0.000,41,E,0,,,,553940,151.30,0
70,159.293,"Mount",-0.019,0.252,-0.232,-0.099,-0.099,-0.036,42,E,15,N,,,591229,137.96,0
71,161.464,"Mount",0.076,0.050,-0.009,-0.090,-0.031,-0.034,13,E,15,N,,,544149,140.62,0
72,163.813,"Mount",-0.109,0.097,-0.136,0.052,-0.095,0.000,41,E,0,,,,566616,145.95,0
73,165.912,"Mount",-0.061,0.113,-0.129,0.002,-0.086,0.000,37,E,0,,,,570657,136.69,0
74,168.309,"Mount",-0.020,0.170,-0.160,-0.060,-0.102,-0.022,44,E,9,N,,,565835,154.56,0
75,170.467,"Mount",0.120,-0.017,0.070,-0.099,-0.004,-0.036,2,E,16,N,,,574684,151.84,0
76,172.757,"Mount",-0.047,0.024,-0.043,0.030,-0.018,0.000,7,E,0,,,,554772,159.10,0
77,174.896,"Mount",0.036,0.013,0.005,-0.038,-0.013,0.000,6,E,0,,,,546936,163.56,0
78,177.233,"Mount",-0.026,0.037,-0.044,0.006,0.026,0.000,11,W,0,,,,585131,179.96,0
79,179.352,"Mount",-0.060,0.201,-0.206,-0.040,-0.056,0.000,24,E,0,,,,591475,144.45,0
80,181.741,"Mount",-0.003,0.165,-0.148,-0.074,-0.048,-0.027,21,E,11,N,,,531861,129.89,0
81,183.879,"Mount",-0.142,0.227,-0.266,0.021,-0.101,0.000,43,E,0,,,,522040,153.68,0
82,186.263,"Mount",-0.155,0.402,-0.429,-0.048,-0.217,0.000,93,E,0,,,,530261,155.01,0
83,188.398,"Mount",-0.131,0.246,-0.279,0.003,-0.161,0.000,69,E,0,,,,565255,147.61,0
84,190.941,"Mount",-0.163,0.745,-0.736,-0.200,-0.385,-0.072,164,E,31,N,,,571034,173.23,0
85,193.332,"Mount",-0.176,0.703,-0.706,-0.169,-0.374,-0.064,160,E,27,N,,,583279,155.51,0
86,195.935,"Mount",-0.520,0.581,-0.755,0.193,-0.405,0.067,173,E,29,S,,,608935,143.58,0
87,198.199,"Mount",-0.202,0.495,-0.532,-0.049,-0.322,0.000,137,E,0,,,,556413,155.57,0
88,200.619,"Mount",-0.231,0.397,-0.458,0.022,-0.285,0.000,122,E,0,,,,557943,139.63,0
89,202.800,"Mount",-0.168,0.361,-0.398,-0.018,-0.194,0.000,83,E,0,,,,609621,170.68,0
90,205.262,"Mount",-0.119,0.094,-0.138,0.062,-0.070,0.022,30,E,10,S,,,573561,157.27,0
91,207.476,"Mount",-0.298,0.261,-0.369,0.144,-0.129,0.053,55,E,23,S,,,562219,135.95,0
92,209.869,"Mount",-0.289,0.303,-0.402,0.116,-0.128,0.044,54,E,19,S,,,562910,133.21,0
93,212.006,"Mount",-0.182,0.320,-0.368,0.013,-0.161,0.000,69,E,0,,,,553428,164.97,0
94,214.413,"Mount",-0.077,0.301,-0.302,-0.071,-0.134,-0.025,57,E,11,N,,,563820,173.52,0
95,216.771,"Mount",-0.504,0.750,-0.898,0.101,-0.468,0.035,200,E,15,S,,,545078,154.45,0
96,219.268,"Mount",-0.050,0.413,-0.390,-0.147,-0.266,-0.051,113,E,22,N,,,546447,157.57,0
97,221.485,"Mount",-0.237,0.331,-0.403,0.057,-0.324,0.000,138,E,0,,,,553045,159.38,0
98,223.842,"Mount",-0.020,0.039,-0.044,-0.000,-0.141,0.000,60,E,0,,,,557974,164.06,0
99,225.985,"Mount",0.047,-0.058,0.073,-0.015,-0.035,0.000,15,E,0,,,,588925,162.63,0
100,228.279,"Mount",0.050,0.010,0.014,-0.049,-0.038,0.000,16,E,0,,,,575399,147.57,0
101,230.489,"Mount",0.049,0.118,-0.082,-0.098,-0.054,-0.035,23,E,15,N,,,574346,154.44,0
102,232.919,"Mount",0.033,0.135,-0.105,-0.092,0.037,-0.034,16,W,15,N,,,591512,160.17,0
103,235.055,"Mount",-0.105,0.169,-0.198,0.015,0.013,0.000,6,W,0,,,,567381,160.07,0
104,237.365,"Mount",-0.137,0.214,-0.253,0.023,-0.038,0.000,16,E,0,,,,606616,156.25,0
105,239.583,"Mount",-0.046,0.309,-0.295,-0.102,-0.059,-0.037,25,E,16,N,,,618585,149.89,0
106,241.976,"Mount",-0.009,0.241,-0.218,-0.103,-0.122,-0.039,52,E,16,N,,,546659,167.01,0
107,244.163,"Mount",-0.045,0.314,-0.300,-0.105,-0.167,-0.039,71,E,17,N,,,534575,132.63,0
108,246.569,"Mount",-0.079,0.255,-0.263,-0.048,-0.201,0.000,86,E,0,,,,575566,144.23,0
109,248.816,"Mount",-0.007,0.206,-0.185,-0.089,-0.174,-0.032,74,E,14,N,,,590678,143.94,0
110,251.279,"Mount",0.029,0.188,-0.154,-0.112,-0.158,-0.042,67,E,18,N,,,598489,157.79,0
111,253.416,"Mount",-0.000,0.066,-0.059,-0.030,-0.080,0.000,34,E,0,,,,567853,151.49,0
112,255.744,"Mount",0.060,-0.028,0.052,-0.040,-0.027,0.000,11,E,0,,,,551252,136.67,0
113,257.900,"Mount",0.235,-0.334,0.405,-0.055,0.157,0.000,67,W,0,,,,577913,144.93,0
114,260.381,"Mount",0.482,-0.345,0.528,-0.268,0.224,-0.097,96,W,41,N,,,557146,144.93,0
115,262.575,"Mount",0.200,-0.355,0.407,-0.014,0.246,0.000,105,W,0,,,,540895,156.56,0
116,264.912,"Mount",-0.027,0.033,-0.041,0.009,0.082,0.000,35,W,0,,,,576712,154.93,0
117,267.021,"Mount",-0.105,0.138,-0.171,0.030,0.046,0.000,20,W,0,,,,583169,156.81,0
118,269.381,"Mount",-0.091,0.127,-0.154,0.022,0.050,0.000,21,W,0,,,,557494,135.03,0
119,271.602,"Mount",-0.114,0.124,-0.162,0.044,-0.111,0.000,47,E,0,,,,610230,146.38,0
120,273.911,"Mount",-0.017,-0.008,-0.000,0.019,-0.067,0.000,29,E,0,,,,588312,149.42,0
121,276.082,"Mount",0.118,-0.358,0.372,0.061,0.094,0.022,40,W,9,S,,,572413,135.82,0
122,278.382,"Mount",0.099,-0.257,0.274,0.031,0.038,0.000,16,W,0,,,,581998,151.53,0
123,280.476,"Mount",0.047,-0.052,0.068,-0.018,-0.048,0.000,20,E,0,,,,542698,148.50,0
124,282.878,"Mount",0.208,-0.187,0.262,-0.098,0.138,-0.035,59,W,15,N,,,552678,133.70,0
125,285.006,"Mount",0.125,-0.231,0.263,-0.004,0.138,0.000,59,W,0,,,,564067,135.15,0
126,287.354,"Mount",0.130,-0.185,0.225,-0.030,0.090,0.000,38,W,0,,,,595951,183.85,0
127,289.493,"Mount",0.224,-0.409,0.466,-0.010,0.190,0.000,81,W,0,,,,562210,147.48,0
128,291.816,"Mount",0.121,-0.145,0.184,-0.041,0.103,0.000,44,W,0,,,,566028,147.92,0
129,293.999,"Mount",-0.074,-0.181,0.127,0.149,0.076,0.054,32,W,23,S,,,543982,136.68,0
130,296.324,"Mount",0.101,-0.117,0.150,-0.035,0.112,0.000,48,W,0,,,,569840,140.74,0
131,298.402,"Mount",0.056,-0.133,0.144,0.012,0.098,0.000,42,W,0,,,,593369,158.77,0
132,300.716,"Mount",0.039,-0.042,0.055,-0.015,-0.004,0.000,2,E,0,,,,577272,155.31,0
133,302.778,"Mount",0.021,0.070,-0.052,-0.051,-0.021,0.000,9,E,0,,,,559941,148.17,0
134,305.184,"Mount",0.089,-0.019,0.058,-0.070,-0.042,-0.025,18,E,11,N,,,561277,141.96,0
135,307.303,"Mount",0.051,-0.095,0.107,-0.001,-0.021,0.000,9,E,0,,,,537208,147.20,0
136,309.613,"Mount",0.011,0.007,-0.001,-0.013,-0.086,0.000,37,E,0,,,,570130,148.01,0
137,311.712,"Mount",0.091,-0.084,0.116,-0.041,-0.033,0.000,14,E,0,,,,585844,142.21,0
138,314.046,"Mount",0.090,-0.107,0.137,-0.030,-0.041,0.000,18,E,0,,,,556729,144.00,0
139,316.245,"Mount",0.099,0.126,-0.067,-0.146,-0.092,-0.052,39,E,22,N,,,552044,138.89,0
140,318.616,"Mount",0.131,-0.109,0.157,-0.066,-0.004,-0.026,2,E,11,N,,,597870,179.96,0
141,320.783,"Mount",-0.012,-0.157,0.134,0.084,0.016,0.029,7,W,12,S,,,576996,162.34,0
142,323.167,"Mount",0.035,0.062,-0.039,-0.060,-0.038,-0.020,16,E,9,N,,,605534,144.88,0
143,325.285,"Mount",0.049,-0.150,0.155,0.025,0.032,0.000,14,W,0,,,,583872,143.66,0
144,327.614,"Mount",0.044,-0.124,0.130,0.018,0.047,0.000,20,W,0,,,,561824,165.92,0
145,329.768,"Mount",0.077,0.016,0.021,-0.076,-0.002,-0.027,1,E,12,N,,,622848,156.33,0
146,332.182,"Mount",0.206,0.021,0.076,-0.192,0.057,-0.070,24,W,30,N,,,555887,147.41,0
147,334.272,"Mount",0.044,-0.064,0.077,-0.009,0.061,0.000,26,W,0,,,,523481,149.01,0
148,336.581,"Mount",0.069,-0.132,0.149,0.000,0.082,0.000,35,W,0,,,,567137,152.61,0
149,338.671,"Mount",0.032,0.003,0.012,-0.029,0.022,0.000,9,W,0,,,,613637,152.47,0
150,341.049,"Mount",0.128,-0.232,0.265,-0.006,0.149,0.000,63,W,0,,,,577856,158.62,0
151,343.278,"Mount",0.181,-0.179,0.242,-0.078,0.142,-0.028,60,W,12,N,,,604166,158.27,0
152,345.789,"Mount",0.275,-0.290,0.384,-0.110,0.212,-0.041,90,W,17,N,,,585756,167.62,0
153,348.014,"Mount",0.236,-0.234,0.316,-0.102,0.194,-0.038,83,W,16,N,,,572438,170.99,0
154,350.513,"Mount",0.314,-0.442,0.537,-0.075,0.290,-0.028,123,W,12,N,,,558033,139.64,0
155,352.692,"Mount",0.056,-0.201,0.204,0.043,0.145,0.000,62,W,0,,,,544839,141.37,0
156,355.138,"Mount",0.235,-0.188,0.275,-0.122,0.168,-0.044,72,W,19,N,,,558869,143.84,0
157,357.296,"Mount",0.122,-0.323,0.343,0.040,0.183,0.000,78,W,0,,,,555655,139.68,0
158,359.684,"Mount",0.184,-0.382,0.423,0.013,0.205,0.000,87,W,0,,,,542642,149.32,0
159,361.912,"Mount",0.043,-0.307,0.292,0.104,0.150,0.037,64,W,16,S,,,566482,167.11,0
160,364.238,"Mount",0.075,-0.152,0.170,0.004,0.083,0.000,36,W,0,,,,508888,136.54,0
161,366.373,"Mount",0.024,-0.154,0.148,0.050,0.085,0.000,36,W,0,,,,565544,155.39,0
162,368.681,"Mount",-0.016,-0.089,0.072,0.055,0.039,0.000,17,W,0,,,,512920,137.57,0
163,370.821,"Mount",-0.038,-0.109,0.080,0.084,0.033,0.030,14,W,13,S,,,559306,143.75,0
164,373.252,"Mount",-0.085,-0.104,0.053,0.124,-0.013,0.046,5,E,20,S,,,599298,179.78,0
165,375.421,"Mount",0.058,-0.053,0.074,-0.027,0.013,0.000,5,W,0,,,,581819,136.14,0
166,377.768,"Mount",0.133,-0.034,0.092,-0.102,0.007,-0.037,3,W,16,N,,,497980,145.07,0
167,379.886,"Mount",0.041,-0.025,0.042,-0.025,-0.035,0.000,15,E,0,,,,555747,158.62,0
168,382.166,"Mount",0.080,-0.035,0.068,-0.055,-0.015,0.000,7,E,0,,,,591082,146.43,0
169,384.341,"Mount",0.085,-0.027,0.063,-0.063,-0.020,-0.023,8,E,10,N,,,620325,159.96,0
170,386.685,"Mount",0.113,-0.024,0.073,-0.089,-0.012,-0.033,5,E,14,N,,,508766,152.79,0
171,388.772,"Mount",0.032,-0.049,0.058,-0.006,-0.045,0.000,19,E,0,,,,562932,141.94,0
172,391.070,"Mount",0.075,-0.085,0.110,-0.027,0.011,0.000,5,W,0,,,,562101,162.31,0
173,393.224,"Mount",-0.065,-0.022,-0.010,0.068,-0.040,0.024,17,E,10,S,,,550317,146.78,0
174,395.520,"Mount",0.013,-0.057,0.057,0.015,-0.047,0.000,20,E,0,,,,587799,176.63,0
175,397.677,"Mount",0.095,-0.009,0.051,-0.080,-0.041,-0.029,18,E,12,N,,,548570,137.97,0
176,400.063,"Mount",-0.053,-0.087,0.053,0.087,-0.047,0.030,20,E,13,S,,,614679,167.06,0
177,402.176,"Mount",-0.025,-0.115,0.091,0.075,-0.001,0.028,0,,12,S,,,604200,151.80,0
178,404.502,"Mount",0.011,-0.077,0.073,0.026,-0.010,0.000,4,E,0,,,,575911,144.86,0
179,406.577,"Mount",0.056,-0.083,0.099,-0.011,0.012,0.000,5,W,0,,,,596500,152.51,0
180,408.951,"Mount",0.165,-0.050,0.121,-0.124,0.021,-0.045,9,W,19,N,,,534507,134.77,0
181,411.044,"Mount",0.060,-0.040,0.063,-0.035,0.004,0.000,2,W,0,,,,579339,156.51,0
182,413.384,"Mount",0.004,-0.084,0.076,0.035,0.007,0.000,3,W,0,,,,559662,155.44,0
183,415.430,"Mount",-0.010,-0.045,0.036,0.030,-0.025,0.000,10,E,0,,,,546958,149.11,0
184,417.756,"Mount",-0.053,0.055,-0.074,0.022,-0.065,0.000,28,E,0,,,,654085,199.90,0
185,419.911,"Mount",-0.107,0.030,-0.076,0.081,-0.074,0.029,32,E,12,S,,,575414,135.51,0
186,422.332,"Mount",-0.258,-0.036,-0.087,0.245,-0.096,0.089,41,E,38,S,,,587361,144.38,0
187,424.512,"Mount",-0.131,0.009,-0.068,0.113,-0.098,0.044,42,E,19,S,,,592827,154.08,0
188,426.882,"Mount",0.104,0.023,0.028,-0.103,-0.084,-0.035,36,E,15,N,,,593067,153.18,0
189,428.970,"Mount",0.054,-0.083,0.099,-0.009,-0.046,0.000,19,E,0,,,,549358,139.19,0
190,431.387,"Mount",0.066,0.036,-0.002,-0.075,-0.077,-0.027,33,E,12,N,,,616269,161.69,0
191,433.573,"Mount",0.039,0.055,-0.031,-0.061,-0.071,-0.023,30,E,10,N,,,538605,138.24,0
192,435.921,"Mount",-0.010,-0.019,0.012,0.017,-0.049,0.000,21,E,0,,,,608509,172.92,0
193,438.135,"Mount",-0.111,-0.027,-0.027,0.111,-0.036,0.040,15,E,17,S,,,576298,142.75,0
194,440.535,"Mount",-0.045,-0.121,0.086,0.096,0.011,0.036,5,W,15,S,,,560899,190.63,0
195,442.664,"Mount",-0.024,-0.084,0.063,0.060,0.017,0.000,7,W,0,,,,552662,165.84,0
196,444.920,"Mount",0.041,0.002,0.017,-0.037,0.001,0.000,0,,0,,,,528929,140.50,0
197,447.057,"Mount",-0.030,-0.036,0.018,0.044,0.027,0.000,12,W,0,,,,552507,137.26,0
198,449.568,"Mount",0.103,0.024,0.026,-0.103,0.035,-0.037,15,W,16,N,,,576571,150.72,0
199,451.753,"Mount",0.137,-0.098,0.150,-0.077,0.096,-0.029,41,W,12,N,,,551519,152.03,0
200,454.076,"Mount",0.027,-0.063,0.068,0.006,0.062,0.000,27,W,0,,,,575573,156.55,0
201,456.227,"Mount",0.039,-0.085,0.093,0.004,0.068,0.000,29,W,0,,,,559115,150.02,0
202,458.536,"Mount",0.040,-0.010,0.028,-0.031,0.023,0.000,10,W,0,,,,563294,150.17,0
203,460.658,"Mount",0.087,-0.115,0.142,-0.025,0.081,0.000,35,W,0,,,,579351,158.10,0
204,462.938,"Mount",0.045,0.021,0.002,-0.049,0.010,0.000,4,W,0,,,,575555,164.48,0
205,465.029,"Mount",0.008,-0.091,0.084,0.035,0.035,0.000,15,W,0,,,,582416,162.69,0
206,467.319,"Mount",-0.003,0.049,-0.045,-0.020,-0.011,0.000,5,E,0,,,,602664,150.33,0
207,469.399,"Mount",0.049,-0.087,0.100,-0.003,0.017,0.000,7,W,0,,,,554164,135.05,0
208,471.763,"Mount",-0.078,0.017,-0.051,0.061,-0.048,0.022,20,E,9,S,,,555371,180.73,0
209,473.872,"Mount",0.014,-0.019,0.023,-0.003,-0.064,0.000,27,E,0,,,,578413,160.10,0
210,476.246,"Mount",0.073,0.037,0.001,-0.082,-0.063,-0.029,27,E,13,N,,,599107,150.14,0
211,478.403,"Mount",-0.073,-0.015,-0.020,0.072,-0.073,0.025,31,E,11,S,,,574118,175.18,0
212,480.850,"Mount",-0.197,0.194,-0.263,0.085,-0.186,0.032,79,E,13,S,,,534955,169.91,0
213,483.024,"Mount",-0.136,0.167,-0.211,0.043,-0.165,0.000,70,E,0,,,,559528,177.19,0
214,485.410,"Mount",-0.065,0.123,-0.139,0.001,-0.137,0.000,59,E,0,,,,585338,163.58,0
215,487.681,"Mount",-0.235,0.167,-0.256,0.131,-0.200,0.047,85,E,20,S,,,562437,142.74,0
216,490.131,"Mount",-0.202,0.126,-0.204,0.121,-0.180,0.045,77,E,19,S,,,562145,147.50,0
217,492.302,"Mount",0.050,0.055,-0.025,-0.070,-0.079,-0.023,34,E,10,N,,,569088,150.96,0
218,494.661,"Mount",-0.002,0.088,-0.079,-0.039,-0.121,0.000,51,E,0,,,,618393,152.88,0
219,496.857,"Mount",-0.180,0.024,-0.104,0.149,-0.121,0.054,52,E,23,S,,,594345,141.62,0
220,499.252,"Mount",-0.071,0.078,-0.102,0.027,-0.128,0.000,55,E,0,,,,621280,146.04,0
221,501.486,"Mount",-0.096,-0.058,0.007,0.112,-0.091,0.040,39,E,17,S,,,604058,161.38,0
222,503.888,"Mount",-0.162,0.003,-0.077,0.143,-0.128,0.053,54,E,23,S,,,596478,170.91,0
223,506.027,"Mount",-0.031,-0.222,0.182,0.130,-0.006,0.049,3,E,21,S,,,599756,154.96,0
224,508.351,"Mount",0.122,-0.280,0.305,0.021,0.057,0.000,24,W,0,,,,574605,164.48,0
225,510.458,"Mount",0.101,-0.233,0.253,0.018,0.053,0.000,23,W,0,,,,543647,142.92,0
226,512.849,"Mount",-0.090,-0.220,0.154,0.182,0.053,0.065,23,W,28,S,,,494756,154.11,0
227,514.959,"Mount",0.086,-0.102,0.130,-0.029,0.054,0.000,23,W,0,,,,524594,136.74,0
228,517.297,"Mount",0.041,0.013,0.008,-0.042,0.031,0.000,13,W,0,,,,548653,149.16,0
229,519.522,"Mount",0.235,0.038,0.075,-0.226,0.058,-0.081,25,W,35,N,,,523346,140.25,0
230,521.815,"Mount",0.014,-0.026,0.029,-0.000,-0.001,0.000,1,E,0,,,,535854,141.44,0
231,524.025,"Mount",0.136,0.194,-0.110,-0.210,-0.073,-0.076,31,E,32,N,,,581911,161.39,0
232,526.476,"Mount",0.076,0.226,-0.166,-0.172,-0.146,-0.065,62,E,28,N,,,564981,135.77,0
233,528.789,"Mount",0.084,0.239,-0.173,-0.185,-0.182,-0.069,78,E,30,N,,,547424,132.97,0
234,531.337,"Mount",0.124,0.205,-0.125,-0.205,-0.221,-0.077,94,E,33,N,,,549642,140.38,0
235,533.602,"Mount",0.064,0.197,-0.145,-0.148,-0.245,-0.056,104,E,24,N,,,535591,132.70,0
236,536.023,"Mount",-0.012,0.150,-0.139,-0.059,-0.252,0.000,107,E,0,,,,572000,178.76,0
237,538.283,"Mount",0.036,0.149,-0.116,-0.100,-0.230,-0.036,98,E,15,N,,,537173,130.76,0
238,540.802,"Mount",-0.233,0.198,-0.284,0.115,-0.299,0.040,127,E,17,S,,,542045,133.51,0
239,543.023,"Mount",-0.185,0.182,-0.247,0.080,-0.245,0.031,104,E,13,S,,,594105,143.22,0
240,545.540,"Mount",-0.142,0.368,-0.392,-0.044,-0.306,0.000,130,E,0,,,,546225,164.42,0
241,547.835,"Mount",-0.154,0.356,-0.387,-0.028,-0.270,0.000,115,E,0,,,,545876,151.36,0
242,550.293,"Mount",0.057,0.234,-0.182,-0.159,-0.195,-0.057,83,E,24,N,,,503056,132.89,0
243,552.526,"Mount",-0.029,0.268,-0.251,-0.098,-0.253,-0.038,108,E,16,N,,,585680,150.69,0
244,554.986,"Mount",-0.079,0.314,-0.315,-0.075,-0.310,-0.028,132,E,12,N,,,564501,140.21,0
245,557.202,"Mount",-0.100,0.161,-0.189,0.014,-0.283,0.000,121,E,0,,,,553441,147.45,0
246,559.695,"Mount",-0.183,0.108,-0.180,0.112,-0.297,0.040,127,E,17,S,,,537694,155.63,0
247,561.963,"Mount",-0.174,0.160,-0.223,0.081,-0.338,0.031,144,E,13,S,,,542851,145.04,0
248,564.429,"Mount",0.079,-0.013,0.048,-0.064,-0.230,-0.022,98,E,9,N,,,527688,141.54,0
249,566.677,"Mount",-0.056,-0.032,0.002,0.064,-0.197,0.022,84,E,10,S,,,587148,151.15,0
250,569.060,"Mount",-0.072,0.018,-0.049,0.056,-0.160,0.000,68,E,0,,,,585098,150.84,0
251,571.195,"Mount",-0.013,-0.103,0.085,0.059,-0.049,0.000,21,E,0,,,,550507,148.39,0
252,573.536,"Mount",-0.030,-0.037,0.019,0.044,-0.050,0.000,21,E,0,,,,544833,137.70,0
253,575.624,"Mount",0.027,-0.098,0.099,0.022,0.025,0.000,10,W,0,,,,576593,152.34,0
254,578.026,"Mount",-0.104,-0.028,-0.023,0.105,-0.007,0.038,3,E,16,S,,,557082,141.89,0
255,580.116,"Mount",-0.035,0.007,-0.022,0.028,-0.007,0.000,3,E,0,,,,562337,158.74,0
256,582.506,"Mount",-0.029,-0.095,0.071,0.070,0.010,0.025,4,W,11,S,,,526047,143.41,0
257,584.682,"Mount",-0.067,-0.099,0.057,0.105,-0.040,0.039,17,E,17,S,,,517703,132.85,0
258,587.098,"Mount",0.027,0.092,-0.070,-0.067,-0.090,-0.022,38,E,10,N,,,521412,142.80,0
259,589.246,"Mount",-0.011,0.084,-0.080,-0.029,-0.108,0.000,46,E,0,,,,548788,135.65,0
260,591.586,"Mount",0.086,-0.127,0.153,-0.018,-0.031,0.000,13,E,0,,,,568305,145.93,0
261,593.785,"Mount",0.104,0.080,-0.023,-0.130,-0.088,-0.047,37,E,20,N,,,560773,144.69,0
262,596.112,"Mount",0.065,-0.228,0.232,0.048,0.034,0.000,14,W,0,,,,586246,168.24,0
263,598.182,"Mount",0.056,-0.069,0.087,-0.018,-0.002,0.000,1,E,0,,,,553734,142.02,0
264,600.444,"Mount",0.020,-0.085,0.085,0.022,0.027,0.000,11,W,0,,,,600295,169.20,0
265,602.632,"Mount",-0.006,-0.235,0.206,0.114,0.125,0.041,53,W,18,S,,,547439,154.13,0
266,605.094,"Mount",0.043,-0.285,0.273,0.094,0.184,0.035,78,W,15,S,,,529823,160.69,0
267,607.326,"Mount",0.300,-0.476,0.560,-0.047,0.341,0.000,145,W,0,,,,576046,147.51,0
268,609.777,"Mount",0.237,-0.276,0.354,-0.083,0.258,-0.030,110,W,13,N,,,572832,135.20,0
269,611.950,"Mount",0.036,0.073,-0.048,-0.066,0.121,-0.025,52,W,11,N,,,566300,136.79,0
270,614.319,"Mount",0.046,0.186,-0.144,-0.127,0.048,-0.047,20,W,20,N,,,586217,140.10,0
271,616.504,"Mount",-0.238,0.249,-0.331,0.096,-0.092,0.033,39,E,14,S,,,509706,135.24,0
272,618.895,"Mount",-0.216,0.149,-0.232,0.123,-0.065,0.046,28,E,20,S,,,534135,138.73,0
273,621.130,"Mount",-0.196,0.102,-0.180,0.127,-0.105,0.047,45,E,20,S,,,559490,152.67,0
274,623.545,"Mount",-0.047,-0.240,0.192,0.153,0.055,0.057,23,W,24,S,,,562202,174.81,0
275,625.660,"Mount",0.104,-0.291,0.307,0.042,0.117,0.000,50,W,0,,,,554390,141.10,0
276,628.019,"Mount",-0.058,-0.189,0.141,0.138,0.056,0.050,24,W,21,S,,,580707,144.53,0
277,630.223,"Mount",-0.064,-0.362,0.292,0.224,0.138,0.083,59,W,35,S,,,579918,145.72,0
278,632.674,"Mount",0.054,-0.313,0.303,0.097,0.239,0.038,102,W,16,S,,,588411,132.11,0
INFO: SET LOCK POSITION, new lock pos = 698.941, 452.534
INFO: DITHER by -16.957, 2.162, new lock pos = 689.213, 466.591
INFO: SETTLING STATE CHANGE, Settling started
279,642.933,"Mount",9.728,-14.057,16.957,-2.162,16.957,-2.162,7229,W,925,N,,,551656,150.64,0
280,645.760,"Mount",1.584,-1.044,1.656,-0.923,0.745,-0.332,318,W,142,N,,,592062,141.63,0
281,648.264,"Mount",1.189,-0.512,1.002,-0.819,0.451,-0.308,192,W,132,N,,,553610,134.22,0
282,650.740,"Mount",0.476,-0.256,0.447,-0.304,0.201,-0.122,86,W,52,N,,,584651,160.77,0
283,652.833,"Mount",0.053,-0.062,0.080,-0.018,0.036,0.000,15,W,0,,,,574084,138.97,0
284,655.186,"Mount",-0.156,0.176,-0.228,0.057,-0.102,0.000,44,E,0,,,,527706,135.40,0
285,657.313,"Mount",-0.055,0.179,-0.184,-0.034,-0.083,0.000,35,E,0,,,,570084,131.40,0
286,659.693,"Mount",0.058,0.101,-0.063,-0.098,-0.028,-0.035,12,E,15,N,,,552355,141.63,0
287,661.884,"Mount",0.191,0.179,-0.071,-0.252,-0.032,-0.092,14,E,39,N,,,555774,150.61,0
288,664.186,"Mount",0.003,-0.024,0.023,0.009,0.010,0.000,4,W,0,,,,564203,144.25,0
289,666.263,"Mount",-0.092,0.073,-0.107,0.048,-0.048,0.000,21,E,0,,,,523570,150.93,0
290,668.682,"Mount",-0.259,0.082,-0.192,0.192,-0.099,0.069,42,E,30,S,,,555708,139.08,0
291,670.813,"Mount",0.076,0.006,0.030,-0.070,-0.018,-0.022,8,E,10,N,,,563730,158.09,0
292,673.179,"Mount",0.100,-0.265,0.281,0.034,0.117,0.000,50,W,0,,,,581582,165.86,0
293,675.364,"Mount",-0.016,-0.224,0.191,0.118,0.100,0.042,43,W,18,S,,,500537,144.16,0
INFO: SETTLING STATE CHANGE, Settling complete
294,677.782,"Mount",-0.024,-0.180,0.148,0.104,0.091,0.039,39,W,17,S,,,543158,148.97,0
295,679.959,"Mount",-0.155,0.048,-0.114,0.115,-0.021,0.043,9,E,18,S,,,522001,169.84,0
296,682.316,"Mount",0.073,-0.213,0.223,0.034,0.137,0.000,59,W,0,,,,533638,147.38,0
297,684.504,"Mount",0.174,-0.309,0.355,-0.012,0.195,0.000,83,W,0,,,,530078,124.03,0
298,687.018,"Mount",0.030,-0.417,0.384,0.166,0.224,0.060,96,W,26,S,,,560828,159.48,0
299,689.324,"Mount",0.069,-0.299,0.297,0.077,0.195,0.030,83,W,13,S,,,552847,154.84,0
300,691.704,"Mount",0.179,-0.312,0.360,-0.015,0.241,0.000,103,W,0,,,,560262,133.54,0
301,693.917,"Mount",0.013,-0.235,0.215,0.097,0.186,0.035,79,W,15,S,,,613384,147.26,0
302,696.326,"Mount",0.214,-0.342,0.402,-0.032,0.292,0.000,124,W,0,,,,566848,146.96,0
303,698.556,"Mount",0.235,-0.370,0.436,-0.037,0.318,0.000,135,W,0,,,,540603,134.35,0
304,701.082,"Mount",0.244,-0.238,0.323,-0.107,0.286,-0.039,122,W,16,N,,,577520,151.72,0
305,703.279,"Mount",0.107,-0.172,0.202,-0.016,0.233,0.000,100,W,0,,,,537182,170.29,0
306,705.671,"Mount",-0.016,-0.030,0.020,0.028,0.151,0.000,64,W,0,,,,578091,144.78,0
307,707.857,"Mount",-0.019,0.026,-0.032,0.004,0.135,0.000,57,W,0,,,,553703,145.83,0
308,710.198,"Mount",-0.059,0.122,-0.136,-0.004,0.063,0.000,27,W,0,,,,585931,159.20,0
309,712.382,"Mount",-0.081,0.129,-0.152,0.013,0.031,0.000,13,W,0,,,,557907,153.58,0
310,714.673,"Mount",-0.040,0.137,-0.140,-0.028,0.014,0.000,6,W,0,,,,581470,142.75,0
311,716.871,"Mount",-0.091,0.325,-0.331,-0.069,-0.107,-0.025,46,E,11,N,,,572221,146.29,0
312,719.211,"Mount",-0.021,0.106,-0.103,-0.030,-0.034,0.000,14,E,0,,,,536794,189.29,0
313,721.331,"Mount",-0.139,0.152,-0.199,0.053,-0.105,0.000,45,E,0,,,,548469,142.87,0
314,723.708,"Mount",-0.112,0.201,-0.230,0.006,-0.141,0.000,60,E,0,,,,547283,131.23,0
315,725.848,"Mount",-0.034,0.089,-0.094,-0.011,-0.105,0.000,45,E,0,,,,534068,160.35,0
316,728.217,"Mount",-0.064,0.095,-0.114,0.013,-0.126,0.000,54,E,0,,,,521886,138.87,0
317,730.311,"Mount",0.004,-0.056,0.051,0.023,-0.072,0.000,31,E,0,,,,572870,147.36,0
318,732.651,"Mount",0.006,-0.013,0.014,0.001,-0.074,0.000,32,E,0,,,,568310,139.63,0
319,734.757,"Mount",0.129,-0.192,0.230,-0.026,0.044,0.000,19,W,0,,,,527281,134.32,0
320,737.147,"Mount",0.049,0.064,-0.034,-0.073,-0.057,-0.026,24,E,11,N,,,600157,163.47,0
321,739.253,"Mount",-0.011,0.066,-0.064,-0.021,-0.066,0.000,28,E,0,,,,602152,142.72,0
322,741.592,"Mount",0.065,-0.012,0.041,-0.052,-0.036,0.000,16,E,0,,,,539399,131.21,0
323,743.716,"Mount",0.105,-0.117,0.152,-0.039,0.033,0.000,14,W,0,,,,569651,152.25,0
324,746.052,"Mount",-0.001,0.001,-0.001,0.000,-0.038,0.000,16,E,0,,,,595087,143.02,0
325,748.161,"Mount",-0.035,-0.014,-0.004,0.038,-0.040,0.000,17,E,0,,,,603858,164.14,0
326,750.472,"Mount",0.013,0.002,0.004,-0.013,-0.035,0.000,15,E,0,,,,540792,137.35,0
327,752.626,"Mount",0.083,0.061,-0.016,-0.102,-0.037,-0.037,16,E,16,N,,,571124,146.17,0
328,754.982,"Mount",0.027,-0.031,0.040,-0.010,-0.045,0.000,19,E,0,,,,579782,173.67,0
329,757.086,"Mount",-0.059,0.033,-0.056,0.037,-0.044,0.000,19,E,0,,,,571653,151.23,0
330,759.440,"Mount",-0.044,-0.011,-0.011,0.044,-0.049,0.000,21,E,0,,,,596543,135.61,0
331,761.622,"Mount",-0.128,0.105,-0.152,0.065,-0.116,0.023,49,E,10,S,,,570547,147.36,0
332,763.964,"Mount",-0.044,-0.038,0.013,0.057,-0.053,0.000,22,E,0,,,,611368,149.65,0
333,766.126,"Mount",-0.067,-0.040,0.005,0.078,-0.061,0.028,26,E,12,S,,,587943,149.57,0
334,768.529,"Mount",-0.082,-0.050,0.006,0.096,-0.072,0.036,31,E,15,S,,,554835,141.27,0
335,770.742,"Mount",-0.106,-0.097,0.037,0.139,-0.065,0.051,28,E,22,S,,,515378,139.98,0
336,773.129,"Mount",-0.086,0.075,-0.106,0.042,-0.129,0.000,55,E,0,,,,580442,144.30,0
337,775.394,"Mount",-0.130,0.037,-0.093,0.098,-0.127,0.035,54,E,15,S,,,583366,144.94,0
338,777.703,"Mount",0.006,-0.107,0.098,0.044,-0.055,0.000,23,E,0,,,,555983,140.89,0
339,779.933,"Mount",-0.089,-0.060,0.012,0.107,-0.107,0.038,46,E,16,S,,,552956,148.43,0
340,782.325,"Mount",-0.069,-0.088,0.046,0.102,-0.107,0.038,46,E,16,S,,,608112,173.94,0
341,784.478,"Mount",-0.021,0.013,-0.021,0.013,-0.078,0.000,33,E,0,,,,540076,135.56,0
342,786.762,"Mount",-0.011,-0.069,0.056,0.042,-0.062,0.000,26,E,0,,,,556191,146.09,0
343,788.904,"Mount",-0.004,0.069,-0.063,-0.028,-0.069,0.000,30,E,0,,,,528322,152.18,0
344,791.294,"Mount",-0.031,-0.186,0.151,0.114,0.049,0.041,21,W,17,S,,,577341,165.70,0
345,793.463,"Mount",-0.158,0.045,-0.113,0.119,-0.048,0.044,21,E,19,S,,,544429,139.27,0
346,795.865,"Mount",-0.044,-0.130,0.095,0.099,0.075,0.038,32,W,16,S,,,572375,131.58,0
347,798.018,"Mount",0.060,-0.092,0.109,-0.011,0.094,0.000,40,W,0,,,,570232,149.76,0
348,800.449,"Mount",-0.015,-0.178,0.151,0.096,0.107,0.035,46,W,15,S,,,556478,139.93,0
349,802.545,"Mount",-0.052,0.042,-0.061,0.027,0.013,0.000,6,W,0,,,,551777,136.81,0
350,804.872,"Mount",0.030,-0.010,0.023,-0.022,0.046,0.000,20,W,0,,,,550425,129.40,0
351,806.981,"Mount",-0.005,0.005,-0.006,0.003,0.044,0.000,19,W,0,,,,596466,166.54,0
352,809.308,"Mount",-0.057,0.172,-0.179,-0.029,-0.042,0.000,18,E,0,,,,573598,158.35,0
353,811.415,"Mount",-0.044,0.042,-0.057,0.020,0.032,0.000,14,W,0,,,,547362,141.41,0
354,813.744,"Mount",-0.046,0.043,-0.059,0.021,0.024,0.000,10,W,0,,,,596349,154.21,0
355,815.900,"Mount",-0.076,0.192,-0.205,-0.021,-0.085,0.000,36,E,0,,,,562054,150.62,0
356,818.241,"Mount",-0.164,0.222,-0.272,0.043,-0.131,0.000,56,E,0,,,,553518,152.68,0
357,820.411,"Mount",-0.145,0.282,-0.317,-0.002,-0.175,0.000,75,E,0,,,,563766,156.98,0
358,822.769,"Mount",-0.093,0.105,-0.136,0.034,-0.115,0.000,49,E,0,,,,574014,151.10,0
359,825.005,"Mount",-0.190,0.209,-0.273,0.072,-0.211,0.026,90,E,11,S,,,533073,132.97,0
360,827.382,"Mount",-0.126,0.169,-0.208,0.033,-0.209,0.000,89,E,0,,,,600518,159.05,0
361,829.571,"Mount",-0.113,0.130,-0.168,0.040,-0.201,0.000,86,E,0,,,,524754,134.18,0
362,831.980,"Mount",-0.139,0.181,-0.225,0.039,-0.241,0.000,103,E,0,,,,556753,141.82,0
363,834.132,"Mount",-0.086,0.137,-0.161,0.013,-0.211,0.000,90,E,0,,,,538657,131.32,0
364,836.579,"Mount",-0.143,0.059,-0.118,0.100,-0.204,0.036,87,E,15,S,,,528497,141.72,0
365,838.736,"Mount",0.026,-0.013,0.023,-0.017,-0.144,0.000,61,E,0,,,,549718,139.63,0
366,841.152,"Mount",-0.103,-0.042,-0.010,0.111,-0.113,0.040,48,E,17,S,,,598811,165.29,0
367,843.338,"Mount",-0.036,-0.046,0.024,0.053,-0.105,0.000,45,E,0,,,,544148,126.96,0
368,845.742,"Mount",-0.091,-0.162,0.102,0.155,-0.040,0.056,17,E,24,S,,,568520,168.96,0
369,847.883,"Mount",-0.076,0.049,-0.078,0.045,-0.110,0.000,47,E,0,,,,567265,132.61,0
370,850.196,"Mount",0.010,-0.115,0.107,0.044,-0.042,0.000,18,E,0,,,,565048,156.83,0
371,852.255,"Mount",0.033,-0.120,0.122,0.026,-0.020,0.000,9,E,0,,,,559628,140.96,0
372,854.649,"Mount",-0.026,-0.090,0.068,0.064,-0.059,0.023,25,E,10,S,,,559344,147.56,0
373,856.735,"Mount",0.095,-0.147,0.174,-0.017,0.010,0.000,4,W,0,,,,553817,151.27,0
374,859.046,"Mount",0.106,-0.139,0.172,-0.030,0.035,0.000,15,W,0,,,,567321,151.43,0
375,861.169,"Mount",-0.013,-0.014,0.006,0.018,-0.014,0.000,6,E,0,,,,551325,138.01,0
376,863.680,"Mount",-0.024,-0.122,0.097,0.078,0.045,0.028,19,W,12,S,,,542561,136.82,0
377,865.879,"Mount",0.036,0.012,0.006,-0.038,0.030,0.000,13,W,0,,,,565106,142.22,0
378,868.190,"Mount",-0.058,0.217,-0.220,-0.049,-0.072,0.000,31,E,0,,,,573370,156.31,0
379,870.340,"Mount",0.068,0.130,-0.084,-0.120,-0.041,-0.043,18,E,18,N,,,562938,154.24,0
380,872.704,"Mount",-0.044,0.175,-0.176,-0.042,-0.111,0.000,47,E,0,,,,550047,153.72,0
381,874.809,"Mount",-0.053,0.144,-0.152,-0.020,-0.166,0.000,71,E,0,,,,546056,139.57,0
382,877.229,"Mount",-0.125,0.170,-0.208,0.032,-0.234,0.000,100,E,0,,,,597007,146.82,0
383,879.398,"Mount",-0.039,0.045,-0.058,0.014,-0.186,0.000,79,E,0,,,,549618,139.86,0
384,881.896,"Mount",-0.139,0.098,-0.151,0.078,-0.287,0.028,122,E,12,S,,,570040,153.67,0
385,884.098,"Mount",0.013,0.003,0.003,-0.012,-0.230,0.000,98,E,0,,,,580561,133.60,0
386,886.511,"Mount",-0.038,0.034,-0.047,0.018,-0.224,0.000,95,E,0,,,,597966,153.02,0
387,888.800,"Mount",-0.202,0.124,-0.203,0.122,-0.297,0.044,127,E,19,S,,,585829,154.12,0
388,891.286,"Mount",-0.085,0.164,-0.185,-0.001,-0.236,0.000,101,E,0,,,,566304,152.96,0
389,893.476,"Mount",-0.088,0.083,-0.114,0.040,-0.182,0.000,78,E,0,,,,551534,136.74,0
390,895.850,"Mount",-0.073,0.178,-0.192,-0.017,-0.216,0.000,92,E,0,,,,553743,146.95,0
391,898.083,"Mount",-0.234,0.247,-0.327,0.093,-0.274,0.034,117,E,14,S,,,615067,162.02,0
392,900.609,"Mount",-0.302,0.155,-0.277,0.196,-0.313,0.072,133,E,31,S,,,548380,144.13,0
393,902.872,"Mount",-0.129,0.021,-0.078,0.105,-0.242,0.041,103,E,17,S,,,527193,132.79,0
394,905.310,"Mount",-0.000,-0.103,0.091,0.048,-0.263,0.000,112,E,0,,,,519706,143.46,0
395,907.588,"Mount",-0.020,-0.178,0.149,0.100,-0.248,0.036,106,E,15,S,,,570259,139.71,0
396,910.073,"Mount",0.049,-0.305,0.293,0.097,-0.197,0.036,84,E,16,S,,,536346,143.22,0
397,912.310,"Mount",-0.029,-0.304,0.257,0.166,-0.195,0.061,83,E,26,S,,,565326,146.52,0
398,914.727,"Mount",0.082,-0.310,0.313,0.071,-0.099,0.028,42,E,12,S,,,573070,143.14,0
399,916.807,"Mount",0.113,-0.287,0.307,0.032,-0.051,0.000,22,E,0,,,,576446,135.86,0
400,919.224,"Mount",-0.102,-0.437,0.340,0.292,0.018,0.105,8,W,45,S,,,525547,136.29,0
401,921.442,"Mount",-0.136,-0.370,0.266,0.292,0.061,0.109,26,W,47,S,,,555819,165.77,0
402,923.987,"Mount",-0.419,-0.655,0.389,0.674,0.165,0.247,71,W,106,S,,,599978,150.67,0
403,926.367,"Mount",-0.818,-0.667,0.215,1.033,0.141,0.382,60,W,163,S,,,611291,143.22,0
404,928.939,"Mount",-0.558,-0.489,0.177,0.721,0.142,0.275,61,W,117,S,,,560767,150.47,0
405,931.175,"Mount",-0.571,-0.374,0.069,0.679,0.058,0.255,25,W,109,S,,,567493,150.45,0
406,933.687,"Mount",-0.552,0.125,-0.365,0.432,-0.158,0.166,67,E,71,S,,,567402,167.27,0
407,935.996,"Mount",-0.666,0.003,-0.309,0.589,-0.207,0.219,88,E,94,S,,,538731,139.12,0
408,938.428,"Mount",-0.159,-0.038,-0.040,0.159,-0.092,0.066,39,E,28,S,,,590612,153.00,0
409,940.659,"Mount",-0.197,-0.069,-0.029,0.207,-0.150,0.077,64,E,33,S,,,576575,153.42,0
410,943.142,"Mount",-0.123,-0.155,0.081,0.181,-0.119,0.068,51,E,29,S,,,546240,151.17,0
411,945.311,"Mount",-0.024,-0.215,0.180,0.121,-0.017,0.046,7,E,20,S,,,561580,155.63,0
412,947.685,"Mount",0.046,-0.349,0.331,0.120,0.076,0.045,33,W,19,S,,,543399,152.03,0
413,950.004,"Mount",-0.152,-0.649,0.506,0.434,0.238,0.158,101,W,68,S,,,553197,140.96,0
414,952.537,"Mount",-0.111,-0.721,0.589,0.431,0.313,0.162,133,W,69,S,,,515755,141.66,0
415,954.702,"Mount",0.104,-0.183,0.210,-0.008,0.224,0.000,96,W,0,,,,580670,152.92,0
416,957.086,"Mount",0.057,0.140,-0.098,-0.115,0.106,-0.041,45,W,18,N,,,568188,138.69,0
417,959.319,"Mount",0.080,0.276,-0.208,-0.198,0.059,-0.073,25,W,31,N,,,541115,129.72,0
418,961.679,"Mount",-0.028,0.229,-0.217,-0.081,0.049,-0.032,21,W,14,N,,,587239,172.13,0
419,963.772,"Mount",-0.060,0.212,-0.215,-0.044,0.032,0.000,14,W,0,,,,537553,154.37,0
420,966.050,"Mount",-0.037,0.069,-0.078,0.001,-0.005,0.000,2,E,0,,,,529699,143.09,0
421,968.132,"Mount",0.030,-0.069,0.075,0.005,0.051,0.000,22,W,0,,,,555321,157.69,0
422,970.477,"Mount",0.110,-0.112,0.150,-0.046,0.053,0.000,23,W,0,,,,561142,137.74,0
423,972.667,"Mount",-0.015,-0.179,0.152,0.096,0.056,0.035,24,W,15,S,,,577032,150.63,0
424,975.136,"Mount",0.041,-0.204,0.200,0.057,0.127,0.000,54,W,0,,,,584088,141.77,0
425,977.473,"Mount",-0.009,-0.332,0.290,0.161,0.181,0.058,77,W,25,S,,,578127,154.77,0
426,979.987,"Mount",0.059,-0.377,0.362,0.122,0.287,0.046,123,W,20,S,,,504791,144.48,0
427,982.177,"Mount",0.090,-0.253,0.266,0.036,0.254,0.000,108,W,0,,,,605663,162.15,0
428,984.590,"Mount",0.016,-0.132,0.125,0.047,0.238,0.000,102,W,0,,,,568055,194.62,0
429,986.739,"Mount",-0.090,0.082,-0.114,0.043,0.129,0.000,55,W,0,,,,563924,147.91,0
430,989.160,"Mount",0.028,-0.114,0.114,0.028,0.260,0.000,111,W,0,,,,561051,152.56,0
431,991.312,"Mount",0.008,0.112,-0.096,-0.059,0.102,0.000,44,W,0,,,,621937,164.72,0
432,993.651,"Mount",-0.122,0.194,-0.228,0.019,0.020,0.000,8,W,0,,,,533962,127.77,0
433,995.850,"Mount",-0.028,0.245,-0.231,-0.088,-0.088,-0.032,37,E,14,N,,,591943,138.11,0
434,998.268,"Mount",-0.212,0.227,-0.299,0.083,-0.146,0.029,62,E,12,S,,,565477,143.55,0
435,1000.433,"Mount",-0.074,0.155,-0.172,-0.006,-0.168,0.000,72,E,0,,,,527903,128.92,0
436,1002.820,"Mount",-0.037,0.061,-0.071,0.005,-0.140,0.000,60,E,0,,,,547882,142.69,0
437,1004.990,"Mount",-0.028,0.044,-0.052,0.004,-0.078,0.000,33,E,0,,,,521334,124.58,0
438,1007.382,"Mount",-0.118,0.046,-0.096,0.084,-0.121,0.030,52,E,13,S,,,584105,137.03,0
439,1009.449,"Mount",-0.010,-0.073,0.060,0.042,-0.006,0.000,3,E,0,,,,547519,154.98,0
440,1011.820,"Mount",0.071,-0.169,0.182,0.015,0.058,0.000,25,W,0,,,,558495,171.73,0
441,1013.881,"Mount",-0.070,0.010,-0.041,0.057,-0.011,0.000,5,E,0,,,,546025,157.08,0
442,1016.211,"Mount",-0.072,-0.031,-0.005,0.079,0.018,0.028,8,W,12,S,,,517634,145.01,0
443,1018.289,"Mount",-0.014,-0.011,0.003,0.018,0.052,0.000,22,W,0,,,,536562,131.05,0
444,1020.674,"Mount",-0.060,-0.134,0.091,0.115,0.113,0.041,48,W,18,S,,,546315,132.60,0
445,1022.767,"Mount",-0.024,0.003,-0.013,0.020,0.086,0.000,37,W,0,,,,572463,139.27,0
446,1025.185,"Mount",0.015,-0.108,0.103,0.036,0.140,0.000,60,W,0,,,,578203,145.68,0
447,1027.335,"Mount",-0.006,0.082,-0.076,-0.032,0.070,0.000,30,W,0,,,,556777,167.30,0
448,1029.710,"Mount",0.069,-0.114,0.133,-0.009,0.160,0.000,68,W,0,,,,539717,139.19,0
449,1031.862,"Mount",0.028,0.032,-0.015,-0.039,0.104,0.000,44,W,0,,,,528850,152.69,0
450,1034.321,"Mount",0.025,-0.191,0.181,0.066,0.183,0.024,78,W,10,S,,,525423,135.48,0
451,1036.515,"Mount",0.164,-0.233,0.282,-0.038,0.240,0.000,102,W,0,,,,546212,144.18,0
452,1038.930,"Mount",0.101,-0.032,0.074,-0.075,0.155,-0.027,66,W,11,N,,,594619,152.96,0
453,1041.137,"Mount",0.112,-0.202,0.231,-0.006,0.233,0.000,99,W,0,,,,558114,135.61,0
454,1043.628,"Mount",-0.017,-0.229,0.196,0.121,0.226,0.043,96,W,19,S,,,579018,152.59,0
455,1045.868,"Mount",0.060,-0.214,0.217,0.046,0.240,0.000,102,W,0,,,,558760,155.56,0
456,1048.347,"Mount",0.081,-0.302,0.305,0.068,0.284,0.024,121,W,10,S,,,570702,133.88,0
457,1050.608,"Mount",0.143,-0.367,0.392,0.043,0.345,0.000,147,W,0,,,,508847,140.78,0
458,1053.010,"Mount",0.048,-0.088,0.100,-0.002,0.216,0.000,92,W,0,,,,584450,146.86,0
459,1055.194,"Mount",-0.011,-0.049,0.038,0.033,0.180,0.000,77,W,0,,,,561001,150.89,0
460,1057.594,"Mount",-0.022,0.056,-0.060,-0.007,0.162,0.000,69,W,0,,,,592905,126.64,0
461,1059.715,"Mount",-0.115,0.200,-0.230,0.010,0.008,0.000,3,W,0,,,,511945,155.89,0
462,1062.133,"Mount",-0.151,-0.049,-0.026,0.157,0.072,0.056,31,W,24,S,,,587384,156.63,0
463,1064.213,"Mount",-0.009,0.145,-0.133,-0.059,-0.040,0.000,17,E,0,,,,544660,147.39,0
464,1066.556,"Mount",-0.037,0.190,-0.185,-0.055,-0.099,0.000,42,E,0,,,,545980,149.95,0
465,1068.596,"Mount",0.029,-0.086,0.090,0.014,0.001,0.000,0,,0,,,,600152,155.80,0
466,1070.965,"Mount",-0.125,0.135,-0.177,0.049,-0.128,0.000,55,E,0,,,,524468,128.93,0
467,1073.165,"Mount",-0.091,0.003,-0.044,0.079,-0.059,0.029,25,E,12,S,,,556898,160.01,0
468,1075.555,"Mount",-0.031,0.078,-0.084,-0.009,-0.105,0.000,45,E,0,,,,596181,148.69,0
469,1077.708,"Mount",0.026,-0.040,0.047,-0.005,-0.061,0.000,26,E,0,,,,567804,145.62,0
470,1079.998,"Mount",0.034,-0.129,0.131,0.029,0.005,0.000,2,W,0,,,,553454,125.96,0
471,1082.207,"Mount",-0.039,-0.150,0.115,0.103,0.002,0.037,1,W,16,S,,,613532,159.34,0
472,1084.592,"Mount",-0.103,0.044,-0.086,0.071,-0.073,0.027,31,E,12,S,,,537331,150.75,0
473,1086.774,"Mount",-0.137,0.063,-0.119,0.093,-0.086,0.034,37,E,15,S,,,539458,159.79,0
474,1089.109,"Mount",-0.035,0.037,-0.049,0.014,-0.033,0.000,14,E,0,,,,565364,145.63,0
475,1091.307,"Mount",-0.114,-0.060,0.001,0.128,-0.040,0.046,17,E,20,S,,,612977,154.29,0
476,1093.682,"Mount",-0.049,0.162,-0.167,-0.031,-0.120,0.000,51,E,0,,,,559653,134.48,0
477,1095.786,"Mount",-0.010,0.048,-0.047,-0.013,-0.040,0.000,17,E,0,,,,568307,156.84,0
478,1098.122,"Mount",-0.008,-0.048,0.039,0.029,-0.046,0.000,20,E,0,,,,548915,145.24,0
479,1100.195,"Mount",-0.037,0.033,-0.047,0.017,-0.053,0.000,23,E,0,,,,595755,158.31,0
480,1102.538,"Mount",-0.036,0.057,-0.067,0.005,-0.089,0.000,38,E,0,,,,576839,174.23,0
481,1104.630,"Mount",0.065,-0.061,0.084,-0.029,-0.017,0.000,7,E,0,,,,539027,136.24,0
482,1106.994,"Mount",0.008,0.085,-0.072,-0.047,-0.090,0.000,38,E,0,,,,539858,138.75,0
483,1109.195,"Mount",-0.084,-0.088,0.039,0.115,-0.056,0.041,24,E,18,S,,,584709,139.22,0
484,1111.597,"Mount",-0.059,-0.080,0.044,0.089,-0.057,0.034,24,E,14,S,,,522252,132.39,0
485,1113.769,"Mount",-0.021,-0.098,0.077,0.063,-0.025,0.024,11,E,10,S,,,569873,142.42,0
486,1116.182,"Mount",-0.097,-0.063,0.011,0.115,-0.055,0.042,23,E,18,S,,,530363,147.88,0
487,1118.248,"Mount",-0.024,-0.065,0.046,0.052,-0.062,0.000,27,E,0,,,,551384,136.37,0
488,1120.616,"Mount",-0.049,0.066,-0.081,0.014,-0.108,0.000,46,E,0,,,,542855,150.14,0
489,1122.736,"Mount",-0.053,0.002,-0.026,0.046,-0.079,0.000,34,E,0,,,,580489,131.27,0
490,1125.091,"Mount",-0.075,0.016,-0.049,0.059,-0.097,0.000,41,E,0,,,,532204,127.37,0
491,1127.277,"Mount",-0.066,-0.168,0.119,0.137,-0.042,0.049,18,E,21,S,,,541496,142.89,0
492,1129.636,"Mount",-0.051,-0.009,-0.016,0.049,-0.098,0.000,42,E,0,,,,594784,143.51,0
493,1131.808,"Mount",-0.016,-0.051,0.038,0.038,-0.086,0.000,37,E,0,,,,535531,130.00,0
494,1134.133,"Mount",0.012,-0.097,0.091,0.034,-0.033,0.000,14,E,0,,,,581770,150.38,0
495,1136.211,"Mount",-0.009,-0.018,0.012,0.016,-0.043,0.000,18,E,0,,,,543295,150.89,0
496,1138.595,"Mount",-0.046,-0.235,0.188,0.149,0.059,0.054,25,W,23,S,,,525738,142.52,0
497,1140.787,"Mount",-0.027,-0.223,0.185,0.127,0.090,0.048,38,W,20,S,,,577514,157.55,0
498,1143.130,"Mount",0.034,-0.104,0.108,0.017,0.074,0.000,31,W,0,,,,577429,146.87,0
499,1145.236,"Mount",0.069,-0.022,0.051,-0.051,0.043,0.000,19,W,0,,,,539669,132.49,0
500,1147.614,"Mount",0.001,-0.042,0.037,0.018,0.052,0.000,22,W,0,,,,518837,147.98,0
501,1149.740,"Mount",-0.022,0.012,-0.021,0.014,0.040,0.000,17,W,0,,,,544007,153.01,0
502,1152.083,"Mount",-0.118,0.119,-0.160,0.050,-0.033,0.000,14,E,0,,,,568873,164.37,0
503,1154.264,"Mount",-0.059,-0.146,0.103,0.120,0.068,0.043,29,W,18,S,,,527813,145.21,0
504,1156.590,"Mount",0.010,-0.030,0.031,0.005,0.015,0.000,6,W,0,,,,502561,121.55,0
505,1158.757,"Mount",-0.055,-0.129,0.089,0.108,0.044,0.039,19,W,17,S,,,625814,166.50,0
506,1161.099,"Mount",0.076,-0.195,0.208,0.023,0.082,0.000,35,W,0,,,,483718,125.51,0
507,1163.253,"Mount",-0.028,-0.093,0.070,0.068,0.004,0.024,2,W,10,S,,,555536,144.69,0
508,1165.608,"Mount",-0.011,0.090,-0.085,-0.032,-0.065,0.000,28,E,0,,,,534123,134.86,0
509,1167.716,"Mount",-0.048,0.105,-0.115,-0.006,-0.095,0.000,40,E,0,,,,564401,151.03,0
510,1170.132,"Mount",-0.082,0.008,-0.045,0.069,-0.060,0.025,26,E,11,S,,,539869,136.08,0
511,1172.281,"Mount",-0.071,0.166,-0.180,-0.014,-0.156,0.000,67,E,0,,,,557188,153.99,0
512,1174.666,"Mount",-0.078,0.134,-0.155,0.007,-0.165,0.000,70,E,0,,,,538981,131.74,0
513,1176.789,"Mount",-0.058,0.221,-0.223,-0.050,-0.202,0.000,86,E,0,,,,593126,154.61,0
514,1179.180,"Mount",-0.068,0.124,-0.141,0.004,-0.178,0.000,76,E,0,,,,511554,132.66,0
515,1181.364,"Mount",-0.126,0.200,-0.235,0.020,-0.234,0.000,100,E,0,,,,561869,168.62,0
516,1183.770,"Mount",-0.151,0.162,-0.214,0.059,-0.232,0.000,99,E,0,,,,532792,145.93,0
517,1185.993,"Mount",-0.170,0.060,-0.132,0.123,-0.187,0.044,80,E,19,S,,,554462,140.06,0
518,1188.401,"Mount",-0.101,0.151,-0.180,0.020,-0.211,0.000,90,E,0,,,,537728,142.16,0
519,1190.595,"Mount",-0.083,0.185,-0.203,-0.012,-0.211,0.000,90,E,0,,,,555185,124.15,0
520,1192.982,"Mount",-0.000,0.026,-0.023,-0.012,-0.124,0.000,53,E,0,,,,583875,167.54,0
521,1195.182,"Mount",-0.052,-0.064,0.033,0.075,-0.129,0.027,55,E,12,S,,,520327,140.63,0
522,1197.508,"Mount",0.102,-0.131,0.163,-0.030,-0.054,0.000,23,E,0,,,,532836,136.54,0
523,1199.601,"Mount",0.079,-0.254,0.262,0.047,0.019,0.000,8,W,0,,,,552065,154.51,0
524,1201.955,"Mount",0.100,-0.228,0.249,0.017,0.032,0.000,14,W,0,,,,622073,172.68,0
525,1204.085,"Mount",0.098,-0.214,0.235,0.012,0.050,0.000,21,W,0,,,,589846,167.32,0
526,1206.457,"Mount",0.100,-0.200,0.224,0.004,0.089,0.000,38,W,0,,,,557486,126.75,0
527,1208.604,"Mount",0.055,-0.178,0.183,0.033,0.085,0.000,36,W,0,,,,590960,143.95,0
528,1211.023,"Mount",-0.008,-0.127,0.109,0.066,0.070,0.024,30,W,10,S,,,585459,146.01,0
529,1213.127,"Mount",-0.035,-0.061,0.038,0.059,0.017,0.000,7,W,0,,,,571295,164.50,0
530,1215.484,"Mount",-0.047,0.090,-0.102,0.000,-0.049,0.000,21,E,0,,,,536613,135.70,0
531,1217.634,"Mount",-0.048,0.156,-0.161,-0.030,-0.096,0.000,41,E,0,,,,548736,127.84,0
532,1220.020,"Mount",-0.097,0.144,-0.172,0.020,-0.152,0.000,65,E,0,,,,535734,152.71,0
533,1222.299,"Mount",-0.263,0.117,-0.225,0.179,-0.197,0.065,84,E,28,S,,,548405,135.82,0
534,1224.801,"Mount",-0.253,0.117,-0.221,0.170,-0.250,0.064,107,E,27,S,,,551231,149.45,0
535,1227.097,"Mount",-0.251,0.199,-0.292,0.131,-0.297,0.050,127,E,21,S,,,530288,142.42,0
536,1229.564,"Mount",-0.135,0.184,-0.226,0.035,-0.296,0.000,126,E,0,,,,531649,134.73,0
537,1231.746,"Mount",0.033,0.018,-0.001,-0.038,-0.201,0.000,86,E,0,,,,571618,147.93,0
538,1234.151,"Mount",0.042,-0.039,0.054,-0.020,-0.212,0.000,90,E,0,,,,590027,150.23,0
539,1236.292,"Mount",0.004,0.021,-0.017,-0.013,-0.176,0.000,75,E,0,,,,516350,135.80,0
540,1238.693,"Mount",-0.023,0.081,-0.082,-0.017,-0.219,0.000,93,E,0,,,,555644,148.72,0
541,1240.865,"Mount",-0.115,0.161,-0.196,0.028,-0.245,0.000,104,E,0,,,,548773,131.78,0
542,1243.271,"Mount",-0.181,0.253,-0.308,0.044,-0.313,0.000,134,E,0,,,,543315,144.39,0
543,1245.492,"Mount",-0.101,0.240,-0.259,-0.021,-0.316,0.000,135,E,0,,,,534807,147.82,0
544,1248.049,"Mount",-0.108,0.071,-0.112,0.063,-0.279,0.023,119,E,10,S,,,529871,131.70,0
545,1250.256,"Mount",-0.017,0.048,-0.050,-0.007,-0.273,0.000,116,E,0,,,,575588,141.09,0
546,1252.703,"Mount",0.060,-0.006,0.033,-0.051,-0.288,0.000,123,E,0,,,,537237,150.25,0
547,1254.869,"Mount",0.027,-0.117,0.116,0.030,-0.223,0.000,95,E,0,,,,563488,148.66,0
548,1257.336,"Mount",0.009,-0.027,0.028,0.004,-0.265,0.000,113,E,0,,,,537048,168.69,0
549,1259.549,"Mount",-0.017,-0.333,0.288,0.168,-0.079,0.061,34,E,26,S,,,522300,151.41,0
550,1261.905,"Mount",0.111,-0.120,0.158,-0.042,-0.104,0.000,44,E,0,,,,543416,141.02,0
551,1264.062,"Mount",0.089,-0.108,0.137,-0.029,-0.071,0.000,30,E,0,,,,567571,163.88,0
552,1266.355,"Mount",0.127,-0.235,0.267,-0.005,0.036,0.000,15,W,0,,,,544801,147.35,0
553,1268.494,"Mount",0.136,-0.242,0.277,-0.008,0.074,0.000,31,W,0,,,,540916,176.27,0
554,1270.772,"Mount",0.016,-0.024,0.029,-0.003,-0.009,0.000,4,E,0,,,,533782,128.37,0
555,1272.944,"Mount",0.076,0.049,-0.008,-0.090,-0.005,-0.033,2,E,14,N,,,546559,145.82,0
556,1275.291,"Mount",0.053,0.063,-0.032,-0.077,-0.021,-0.029,9,E,12,N,,,550536,141.32,0
557,1277.399,"Mount",-0.033,0.124,-0.126,-0.028,-0.090,0.000,38,E,0,,,,564287,131.75,0
558,1281.902,"Mount",-0.078,0.076,-0.103,0.034,-0.162,0.000,69,E,0,,,,530538,137.81,0
559,1284.273,"Mount",-0.150,0.201,-0.248,0.040,-0.205,0.000,88,E,0,,,,514426,133.18,0
560,1286.352,"Mount",-0.057,0.027,-0.050,0.038,-0.094,0.000,40,E,0,,,,529414,136.95,0
INFO: SET LOCK POSITION, new lock pos = 689.213, 466.591
INFO: DITHER by -10.428, 10.497, new lock pos = 675.093, 471.014
INFO: SETTLING STATE CHANGE, Settling started
561,1297.645,"Mount",14.120,-4.423,10.428,-10.497,10.428,-10.497,4445,W,4490,N,,,491457,133.83,0
562,1299.975,"Mount",0.017,-0.104,0.100,0.033,0.045,0.000,19,W,0,,,,536288,149.97,0
563,1302.097,"Mount",-0.040,0.173,-0.172,-0.044,-0.077,0.000,33,E,0,,,,551207,138.23,0
564,1304.516,"Mount",-0.240,0.024,-0.132,0.202,-0.059,0.073,25,E,31,S,,,516482,137.76,0
565,1306.633,"Mount",0.026,-0.075,0.079,0.012,0.035,0.000,15,W,0,,,,575178,159.72,0
566,1308.949,"Mount",0.028,-0.042,0.050,-0.005,0.023,0.000,10,W,0,,,,615500,154.41,0
567,1311.065,"Mount",0.096,-0.067,0.103,-0.055,0.047,0.000,20,W,0,,,,548956,145.14,0
568,1313.553,"Mount",0.011,-0.385,0.347,0.168,0.156,0.060,66,W,26,S,,,558544,134.57,0
569,1315.780,"Mount",0.039,-0.298,0.283,0.103,0.127,0.039,54,W,17,S,,,549192,135.74,0
570,1318.193,"Mount",-0.089,-0.256,0.187,0.197,0.084,0.073,36,W,31,S,,,562917,138.33,0
INFO: SETTLING STATE CHANGE, Settling complete
571,1320.390,"Mount",-0.140,-0.271,0.176,0.249,0.079,0.093,34,W,40,S,,,600858,148.41,0
572,1322.950,"Mount",0.101,-0.407,0.408,0.099,0.277,0.039,118,W,17,S,,,498725,131.94,0
573,1325.171,"Mount",0.254,-0.406,0.478,-0.038,0.323,0.000,138,W,0,,,,562250,140.81,0
574,1327.619,"Mount",-0.151,-0.163,0.076,0.209,0.156,0.075,67,W,32,S,,,556554,146.90,0
575,1329.773,"Mount",0.073,-0.082,0.106,-0.027,0.173,0.000,74,W,0,,,,560730,144.51,0
576,1332.160,"Mount",-0.008,0.017,-0.019,-0.001,0.132,0.000,56,W,0,,,,582201,149.76,0
577,1334.327,"Mount",0.084,0.030,0.012,-0.088,0.118,-0.032,50,W,14,N,,,559864,152.00,0
578,1336.686,"Mount",-0.002,0.041,-0.037,-0.017,0.127,0.000,54,W,0,,,,578025,140.48,0
579,1338.789,"Mount",0.007,-0.001,0.004,-0.006,0.101,0.000,43,W,0,,,,593122,171.51,0
580,1341.086,"Mount",-0.025,0.142,-0.138,-0.043,0.011,0.000,5,W,0,,,,541652,141.16,0
581,1343.258,"Mount",0.062,0.040,-0.007,-0.073,0.043,-0.026,18,W,11,N,,,551290,133.96,0
582,1345.631,"Mount",-0.121,-0.027,-0.032,0.120,0.011,0.042,5,W,18,S,,,483770,126.83,0
583,1347.754,"Mount",-0.057,0.107,-0.122,0.001,-0.068,0.000,29,E,0,,,,536692,136.94,0
584,1350.098,"Mount",0.013,0.086,-0.070,-0.051,-0.067,0.000,28,E,0,,,,515558,151.36,0
585,1352.268,"Mount",-0.116,0.030,-0.080,0.089,-0.078,0.032,33,E,14,S,,,518004,147.29,0
586,1354.699,"Mount",-0.131,0.167,-0.209,0.039,-0.144,0.000,61,E,0,,,,542398,155.33,0
587,1356.837,"Mount",-0.110,-0.032,-0.022,0.112,-0.047,0.040,20,E,17,S,,,548041,126.05,0
588,1359.238,"Mount",-0.099,0.012,-0.056,0.083,-0.040,0.031,17,E,13,S,,,522596,129.78,0
589,1361.366,"Mount",-0.073,0.035,-0.065,0.049,-0.053,0.000,23,E,0,,,,529708,134.68,0
590,1363.677,"Mount",0.107,-0.096,0.135,-0.051,0.048,0.000,20,W,0,,,,534164,125.25,0
591,1365.792,"Mount",0.066,-0.012,0.041,-0.053,0.007,0.000,3,W,0,,,,541979,136.94,0
592,1368.103,"Mount",-0.049,-0.004,-0.019,0.045,0.030,0.000,13,W,0,,,,599580,151.35,0
593,1370.289,"Mount",0.045,0.061,-0.034,-0.068,0.042,-0.025,18,W,11,N,,,560314,154.59,0
594,1372.596,"Mount",0.119,-0.159,0.196,-0.032,0.133,0.000,56,W,0,,,,558439,145.62,0
595,1374.766,"Mount",-0.056,-0.051,0.020,0.073,0.064,0.026,27,W,11,S,,,508579,141.25,0
596,1377.138,"Mount",0.077,-0.207,0.219,0.027,0.172,0.000,73,W,0,,,,588493,148.71,0
597,1379.301,"Mount",0.101,-0.218,0.240,0.012,0.184,0.000,78,W,0,,,,536956,141.84,0
598,1381.757,"Mount",-0.019,-0.140,0.115,0.082,0.146,0.029,62,W,13,S,,,560179,146.23,0
599,1383.882,"Mount",0.034,0.005,0.012,-0.032,0.102,0.000,44,W,0,,,,569058,140.07,0
600,1386.289,"Mount",0.102,-0.272,0.288,0.035,0.246,0.000,105,W,0,,,,564437,160.33,0
601,1388.568,"Mount",0.043,-0.239,0.232,0.072,0.249,0.026,106,W,11,S,,,518299,146.49,0
602,1391.005,"Mount",0.121,-0.287,0.311,0.026,0.311,0.000,133,W,0,,,,540389,137.54,0
603,1393.239,"Mount",0.193,-0.271,0.330,-0.046,0.324,0.000,138,W,0,,,,573243,163.58,0
604,1395.752,"Mount",-0.028,-0.237,0.197,0.135,0.286,0.048,122,W,21,S,,,568799,126.76,0
605,1397.975,"Mount",0.048,-0.066,0.081,-0.012,0.242,0.000,103,W,0,,,,536709,131.87,0
606,1400.382,"Mount",-0.094,0.015,-0.056,0.076,0.205,0.027,87,W,12,S,,,528200,137.06,0
607,1402.628,"Mount",-0.072,-0.017,-0.018,0.072,0.181,0.027,77,W,12,S,,,527713,139.88,0
608,1404.962,"Mount",-0.124,0.203,-0.237,0.016,0.055,0.000,24,W,0,,,,545109,142.16,0
609,1407.136,"Mount",-0.213,0.225,-0.298,0.085,-0.017,0.030,7,E,13,S,,,540621,150.39,0
610,1409.524,"Mount",-0.196,0.236,-0.300,0.064,-0.056,0.024,24,E,10,S,,,557703,144.03,0
611,1411.646,"Mount",-0.061,0.109,-0.125,0.004,-0.025,0.000,11,E,0,,,,569253,158.88,0
612,1414.067,"Mount",-0.140,0.084,-0.139,0.086,-0.065,0.031,28,E,13,S,,,559520,126.15,0
613,1416.216,"Mount",-0.103,0.170,-0.198,0.013,-0.117,0.000,50,E,0,,,,552372,136.22,0
614,1418.603,"Mount",-0.121,0.011,-0.066,0.102,-0.070,0.037,30,E,16,S,,,623786,152.48,0
615,1420.739,"Mount",-0.041,0.093,-0.102,-0.006,-0.092,0.000,39,E,0,,,,568455,137.90,0
616,1423.126,"Mount",-0.101,0.095,-0.131,0.045,-0.108,0.000,46,E,0,,,,625314,168.97,0
617,1425.336,"Mount",-0.146,0.103,-0.159,0.082,-0.121,0.030,52,E,13,S,,,545500,136.02,0
618,1427.680,"Mount",-0.014,0.032,-0.035,-0.002,-0.047,0.000,20,E,0,,,,519612,160.32,0
619,1429.789,"Mount",-0.091,0.059,-0.094,0.053,-0.088,0.000,37,E,0,,,,561565,164.13,0
620,1432.190,"Mount",0.067,0.014,0.018,-0.066,-0.044,-0.024,19,E,10,N,,,536431,150.80,0
621,1434.278,"Mount",0.037,0.014,0.004,-0.039,-0.040,0.000,17,E,0,,,,549919,149.71,0
622,1436.607,"Mount",-0.017,0.116,-0.110,-0.039,-0.094,0.000,40,E,0,,,,559653,128.70,0
623,1438.777,"Mount",-0.081,-0.018,-0.021,0.080,-0.044,0.029,19,E,12,S,,,556995,150.33,0
624,1441.086,"Mount",0.008,-0.032,0.032,0.007,-0.048,0.000,20,E,0,,,,573581,148.24,0
625,1443.246,"Mount",0.146,-0.114,0.169,-0.077,0.025,-0.028,11,W,12,N,,,582156,142.29,0
626,1445.603,"Mount",0.005,-0.034,0.032,0.011,-0.053,0.000,23,E,0,,,,552205,168.41,0
627,1447.679,"Mount",0.031,0.066,-0.045,-0.058,-0.041,0.000,18,E,0,,,,557612,158.17,0
628,1450.072,"Mount",-0.085,0.004,-0.043,0.073,-0.045,0.026,19,E,11,S,,,543801,128.35,0
629,1452.231,"Mount",-0.082,0.003,-0.040,0.071,-0.047,0.027,20,E,11,S,,,578616,165.41,0
630,1454.551,"Mount",-0.004,-0.040,0.034,0.023,-0.046,0.000,19,E,0,,,,528790,139.45,0
631,1456.750,"Mount",-0.132,0.104,-0.153,0.069,-0.115,0.025,49,E,11,S,,,613352,153.22,0
632,1459.182,"Mount",-0.137,0.006,-0.068,0.119,-0.079,0.044,34,E,19,S,,,495961,137.03,0
633,1461.355,"Mount",-0.096,0.003,-0.047,0.084,-0.050,0.032,21,E,14,S,,,564378,151.78,0
634,1463.759,"Mount",-0.049,-0.059,0.030,0.071,-0.064,0.027,27,E,11,S,,,548681,145.99,0
635,1465.944,"Mount",-0.130,0.070,-0.122,0.084,-0.124,0.031,53,E,13,S,,,547269,141.93,0
636,1468.359,"Mount",-0.161,0.033,-0.104,0.127,-0.122,0.047,52,E,20,S,,,561781,134.84,0
637,1470.496,"Mount",-0.039,0.011,-0.027,0.030,-0.085,0.000,36,E,0,,,,559813,138.37,0
638,1472.836,"Mount",-0.067,0.084,-0.105,0.021,-0.146,0.000,62,E,0,,,,510238,132.52,0
639,1474.972,"Mount",0.021,0.051,-0.036,-0.042,-0.098,0.000,42,E,0,,,,531535,142.89,0
640,1477.378,"Mount",0.003,0.049,-0.042,-0.026,-0.096,0.000,41,E,0,,,,613479,159.26,0
641,1479.624,"Mount",-0.092,0.192,-0.213,-0.007,-0.181,0.000,77,E,0,,,,514712,123.95,0
642,1481.935,"Mount",-0.040,0.045,-0.058,0.015,-0.076,0.000,33,E,0,,,,523036,137.02,0
643,1484.045,"Mount",-0.014,0.061,-0.060,-0.016,-0.082,0.000,35,E,0,,,,564815,173.40,0
644,1486.325,"Mount",0.095,-0.064,0.100,-0.055,0.006,0.000,3,W,0,,,,616477,144.18,0
645,1488.447,"Mount",0.069,-0.143,0.159,0.005,0.040,0.000,17,W,0,,,,548913,165.97,0
646,1490.743,"Mount",0.027,-0.111,0.110,0.027,0.034,0.000,14,W,0,,,,508389,136.42,0
647,1492.910,"Mount",0.159,-0.103,0.164,-0.093,0.095,-0.034,40,W,14,N,,,544581,157.72,0
648,1495.214,"Mount",-0.027,0.043,-0.050,0.004,0.030,0.000,13,W,0,,,,497466,131.53,0
649,1497.326,"Mount",0.016,-0.045,0.047,0.007,0.041,0.000,18,W,0,,,,546797,126.59,0
650,1499.726,"Mount",0.178,0.021,0.063,-0.167,0.077,-0.060,33,W,26,N,,,533267,126.60,0
651,1501.808,"Mount",-0.013,0.024,-0.027,0.000,0.037,0.000,16,W,0,,,,570835,153.68,0
652,1504.180,"Mount",-0.166,0.223,-0.275,0.044,-0.088,0.000,38,E,0,,,,507741,138.60,0
653,1506.225,"Mount",-0.024,-0.018,0.005,0.030,0.027,0.000,11,W,0,,,,518977,128.66,0
654,1508.596,"Mount",-0.073,-0.011,-0.024,0.070,0.009,0.025,4,W,11,S,,,555736,157.67,0
655,1510.746,"Mount",-0.042,-0.107,0.076,0.086,0.033,0.032,14,W,14,S,,,533969,126.79,0
656,1513.062,"Mount",0.042,0.015,0.006,-0.044,-0.015,0.000,6,E,0,,,,586570,133.55,0
657,1515.263,"Mount",-0.258,0.027,-0.142,0.217,-0.094,0.078,40,E,33,S,,,526327,126.29,0
658,1517.692,"Mount",0.032,0.105,-0.078,-0.077,-0.080,-0.025,34,E,11,N,,,550525,134.99,0
659,1519.928,"Mount",0.056,0.274,-0.217,-0.177,-0.155,-0.065,66,E,28,N,,,589777,142.38,0
660,1522.445,"Mount",0.018,0.516,-0.449,-0.254,-0.292,-0.094,125,E,40,N,,,509610,122.30,0
661,1524.755,"Mount",-0.058,0.272,-0.268,-0.074,-0.232,-0.031,99,E,13,N,,,563208,141.84,0
662,1527.265,"Mount",-0.019,0.352,-0.321,-0.146,-0.291,-0.054,124,E,23,N,,,563862,152.62,0
663,1529.449,"Mount",-0.032,0.178,-0.173,-0.054,-0.234,0.000,100,E,0,,,,573259,143.50,0
664,1531.835,"Mount",-0.102,0.181,-0.208,0.007,-0.266,0.000,114,E,0,,,,586296,160.96,0
665,1534.054,"Mount",-0.130,0.276,-0.305,-0.012,-0.303,0.000,129,E,0,,,,545916,157.87,0
666,1536.432,"Mount",-0.080,0.029,-0.063,0.057,-0.199,0.000,85,E,0,,,,524117,131.45,0
667,1538.635,"Mount",-0.023,-0.138,0.112,0.084,-0.107,0.030,46,E,13,S,,,556651,137.89,0
668,1541.049,"Mount",-0.039,-0.317,0.264,0.181,-0.031,0.066,13,E,28,S,,,549758,132.16,0
669,1543.139,"Mount",0.090,-0.239,0.253,0.030,0.019,0.000,8,W,0,,,,605206,163.36,0
670,1545.537,"Mount",0.050,-0.228,0.226,0.061,0.025,0.022,11,W,9,S,,,622973,158.20,0
671,1547.660,"Mount",0.067,-0.232,0.237,0.047,0.074,0.000,31,W,0,,,,536098,141.03,0
672,1549.999,"Mount",0.098,-0.205,0.227,0.008,0.091,0.000,39,W,0,,,,526168,154.51,0
673,1552.200,"Mount",-0.024,-0.116,0.092,0.075,0.032,0.027,13,W,12,S,,,521599,131.65,0
674,1554.560,"Mount",0.005,-0.111,0.101,0.047,0.046,0.000,20,W,0,,,,502503,136.87,0
675,1556.669,"Mount",0.012,-0.093,0.088,0.032,0.023,0.000,10,W,0,,,,575618,152.47,0
676,1559.093,"Mount",-0.091,0.002,-0.044,0.079,-0.021,0.029,9,E,12,S,,,557065,158.28,0
677,1561.307,"Mount",-0.142,0.001,-0.066,0.125,-0.062,0.046,27,E,20,S,,,534891,138.58,0
678,1563.632,"Mount",-0.025,0.116,-0.114,-0.032,-0.109,0.000,47,E,0,,,,524593,127.99,0
679,1565.865,"Mount",-0.241,0.225,-0.311,0.109,-0.207,0.039,88,E,17,S,,,584155,149.47,0
680,1568.297,"Mount",-0.165,0.167,-0.224,0.069,-0.187,0.027,80,E,11,S,,,551087,142.58,0
681,1570.512,"Mount",-0.078,0.174,-0.191,-0.011,-0.184,0.000,78,E,0,,,,560423,145.66,0
682,1572.903,"Mount",-0.136,-0.009,-0.054,0.125,-0.118,0.045,50,E,19,S,,,576277,137.88,0
683,1575.137,"Mount",-0.138,0.138,-0.186,0.058,-0.213,0.000,91,E,0,,,,594972,143.44,0
684,1577.599,"Mount",-0.164,0.141,-0.200,0.080,-0.233,0.029,99,E,12,S,,,568168,146.55,0
685,1579.862,"Mount",-0.179,0.209,-0.268,0.062,-0.278,0.024,118,E,10,S,,,550007,165.76,0
686,1582.350,"Mount",-0.199,0.266,-0.328,0.053,-0.337,0.000,143,E,0,,,,549008,147.68,0
687,1584.661,"Mount",-0.239,0.194,-0.282,0.123,-0.327,0.044,139,E,19,S,,,608194,147.77,0
688,1587.218,"Mount",-0.291,0.142,-0.260,0.192,-0.358,0.071,153,E,30,S,,,559810,147.33,0
689,1589.451,"Mount",-0.076,0.190,-0.204,-0.020,-0.331,0.000,141,E,0,,,,553406,157.72,0
690,1591.886,"Mount",-0.048,0.146,-0.152,-0.025,-0.333,0.000,142,E,0,,,,568700,136.87,0
691,1594.115,"Mount",0.007,0.112,-0.097,-0.058,-0.304,0.000,130,E,0,,,,582018,142.82,0
692,1596.657,"Mount",0.112,-0.139,0.175,-0.035,-0.195,0.000,83,E,0,,,,531584,137.77,0
693,1598.966,"Mount",0.098,0.047,0.004,-0.109,-0.252,-0.039,107,E,17,N,,,520896,143.50,0
694,1601.402,"Mount",0.008,0.010,-0.005,-0.012,-0.259,0.000,110,E,0,,,,582553,145.56,0
695,1603.651,"Mount",0.147,-0.080,0.139,-0.094,-0.137,-0.034,58,E,14,N,,,531182,143.52,0
696,1606.131,"Mount",-0.046,-0.095,0.063,0.085,-0.164,0.029,70,E,12,S,,,573480,154.47,0
697,1608.252,"Mount",0.037,-0.074,0.083,0.002,-0.117,0.000,50,E,0,,,,488902,133.52,0
698,1610.573,"Mount",0.203,-0.276,0.338,-0.052,0.017,0.000,7,W,0,,,,555626,154.32,0
699,1612.687,"Mount",0.089,-0.164,0.186,-0.003,-0.037,0.000,16,E,0,,,,558301,137.29,0
700,1615.040,"Mount",0.007,0.005,-0.002,-0.008,-0.092,0.000,39,E,0,,,,536595,151.60,0
701,1617.131,"Mount",0.073,-0.186,0.199,0.021,0.005,0.000,2,W,0,,,,544011,160.24,0
702,1619.446,"Mount",0.053,-0.135,0.144,0.015,0.005,0.000,2,W,0,,,,500631,133.71,0
703,1621.571,"Mount",0.039,-0.009,0.026,-0.031,-0.079,0.000,34,E,0,,,,595349,145.14,0
704,1623.960,"Mount",0.055,-0.244,0.242,0.064,0.027,0.023,12,W,10,S,,,551294,145.92,0
705,1626.068,"Mount",0.074,-0.141,0.159,-0.000,-0.014,0.000,6,E,0,,,,552973,160.22,0
706,1628.440,"Mount",0.005,0.008,-0.004,-0.008,-0.094,0.000,40,E,0,,,,567503,138.63,0
707,1630.543,"Mount",-0.043,-0.045,0.020,0.059,-0.092,0.000,39,E,0,,,,585044,145.02,0
708,1632.886,"Mount",-0.017,-0.097,0.078,0.060,-0.049,0.000,21,E,0,,,,584779,150.08,0
709,1635.211,"Mount",-0.162,-0.065,-0.017,0.173,-0.081,0.062,34,E,27,S,,,514149,129.67,0
710,1637.473,"Mount",0.112,-0.152,0.187,-0.029,0.021,0.000,9,W,0,,,,538456,145.29,0
711,1639.639,"Mount",-0.029,-0.183,0.149,0.110,0.020,0.040,9,W,17,S,,,532817,130.49,0
712,1641.963,"Mount",0.105,-0.203,0.229,0.001,0.084,0.000,36,W,0,,,,549996,140.56,0
713,1644.099,"Mount",0.065,-0.107,0.124,-0.008,0.076,0.000,33,W,0,,,,547078,146.15,0
714,1646.562,"Mount",-0.022,-0.328,0.281,0.171,0.168,0.062,72,W,26,S,,,571966,180.93,0
715,1648.807,"Mount",0.071,-0.371,0.362,0.108,0.223,0.041,95,W,18,S,,,589592,158.51,0
716,1651.241,"Mount",0.230,-0.146,0.235,-0.137,0.182,-0.048,78,W,20,N,,,599641,134.40,0
717,1653.379,"Mount",-0.016,0.027,-0.031,0.001,0.072,0.000,31,W,0,,,,567461,150.99,0
718,1655.749,"Mount",0.012,0.071,-0.057,-0.043,0.064,0.000,27,W,0,,,,618348,158.98,0
719,1657.884,"Mount",-0.031,-0.064,0.043,0.057,0.033,0.000,14,W,0,,,,589280,150.26,0
720,1660.206,"Mount",0.035,-0.031,0.043,-0.016,0.037,0.000,16,W,0,,,,617797,136.82,0
721,1662.341,"Mount",0.096,-0.136,0.165,-0.022,0.123,0.000,52,W,0,,,,502120,142.65,0
722,1664.771,"Mount",-0.017,-0.146,0.121,0.083,0.122,0.030,52,W,13,S,,,515287,124.95,0
723,1666.877,"Mount",0.034,-0.086,0.092,0.009,0.123,0.000,53,W,0,,,,561808,151.81,0
724,1669.435,"Mount",0.009,-0.196,0.178,0.082,0.183,0.030,78,W,13,S,,,580639,148.48,0
725,1671.699,"Mount",0.111,-0.203,0.232,-0.004,0.219,0.000,93,W,0,,,,544028,145.81,0
726,1674.070,"Mount",0.064,-0.158,0.170,0.016,0.204,0.000,87,W,0,,,,573259,140.44,0
727,1676.210,"Mount",0.083,-0.239,0.251,0.037,0.241,0.000,103,W,0,,,,592789,140.98,0
728,1678.601,"Mount",0.107,-0.172,0.202,-0.016,0.214,0.000,91,W,0,,,,514918,131.89,0
729,1680.741,"Mount",0.078,-0.022,0.056,-0.059,0.110,0.000,47,W,0,,,,624950,159.89,0
730,1683.195,"Mount",-0.088,-0.123,0.069,0.134,0.122,0.048,52,W,21,S,,,605297,151.19,0
731,1685.305,"Mount",-0.020,0.033,-0.039,0.003,0.073,0.000,31,W,0,,,,564550,146.44,0
732,1687.630,"Mount",-0.002,0.001,-0.002,0.002,0.058,0.000,25,W,0,,,,570607,141.09,0
733,1689.750,"Mount",-0.047,0.033,-0.051,0.026,0.038,0.000,16,W,0,,,,547157,143.35,0
734,1692.215,"Mount",-0.255,0.134,-0.237,0.164,-0.072,0.059,31,E,25,S,,,521309,141.03,0
735,1694.347,"Mount",-0.077,-0.076,0.032,0.103,0.015,0.040,6,W,17,S,,,618930,147.88,0
736,1696.696,"Mount",-0.133,0.142,-0.187,0.053,-0.090,0.000,38,E,0,,,,565366,146.41,0
737,1698.769,"Mount",-0.029,-0.026,0.010,0.037,-0.019,0.000,8,E,0,,,,538157,130.93,0
738,1701.139,"Mount",-0.086,0.059,-0.091,0.049,-0.075,0.000,32,E,0,,,,529923,146.10,0
739,1703.264,"Mount",-0.045,0.106,-0.115,-0.009,-0.095,0.000,40,E,0,,,,563571,134.55,0
740,1705.587,"Mount",-0.045,-0.043,0.017,0.060,-0.046,0.000,19,E,0,,,,599858,150.91,0
741,1707.721,"Mount",-0.026,0.034,-0.042,0.008,-0.042,0.000,18,E,0,,,,544295,129.53,0
742,1710.062,"Mount",-0.019,-0.025,0.014,0.028,-0.031,0.000,13,E,0,,,,585639,164.00,0
743,1712.243,"Mount",0.136,-0.043,0.101,-0.101,0.039,-0.036,17,W,15,N,,,530772,128.31,0
744,1714.595,"Mount",0.109,-0.099,0.138,-0.052,0.075,0.000,32,W,0,,,,584446,143.58,0
745,1716.717,"Mount",-0.013,-0.103,0.085,0.059,0.071,0.000,30,W,0,,,,572152,124.41,0
746,1719.119,"Mount",0.038,-0.112,0.117,0.018,0.100,0.000,43,W,0,,,,509393,128.39,0
747,1721.367,"Mount",0.077,-0.177,0.192,0.013,0.143,0.000,61,W,0,,,,541893,135.73,0
748,1723.694,"Mount",0.003,-0.078,0.070,0.033,0.106,0.000,45,W,0,,,,536902,125.89,0
749,1725.863,"Mount",0.070,-0.179,0.191,0.020,0.166,0.000,71,W,0,,,,584413,172.49,0
750,1728.251,"Mount",0.087,-0.253,0.265,0.040,0.215,0.000,92,W,0,,,,590197,149.68,0
751,1730.481,"Mount",0.098,-0.355,0.360,0.077,0.280,0.028,119,W,12,S,,,569112,153.65,0
752,1732.948,"Mount",-0.004,-0.217,0.191,0.104,0.231,0.038,99,W,16,S,,,586568,149.53,0
753,1735.213,"Mount",0.017,-0.242,0.223,0.097,0.252,0.036,107,W,16,S,,,509954,136.86,0
754,1737.649,"Mount",0.145,-0.308,0.340,0.013,0.337,0.000,144,W,0,,,,549071,146.10,0
755,1739.865,"Mount",0.086,-0.217,0.232,0.023,0.287,0.000,122,W,0,,,,596522,173.63,0
756,1742.381,"Mount",0.186,-0.225,0.286,-0.061,0.342,-0.022,146,W,9,N,,,589554,133.06,0
757,1744.616,"Mount",0.110,-0.131,0.167,-0.037,0.283,0.000,120,W,0,,,,575971,178.45,0
758,1747.020,"Mount",0.050,-0.073,0.088,-0.010,0.246,0.000,105,W,0,,,,555442,138.02,0
759,1749.208,"Mount",0.048,0.032,-0.007,-0.057,0.199,0.000,85,W,0,,,,528052,129.90,0
760,1751.546,"Mount",-0.055,0.167,-0.173,-0.029,0.094,0.000,40,W,0,,,,525798,127.87,0
761,1753.687,"Mount",-0.028,0.122,-0.121,-0.031,0.071,0.000,30,W,0,,,,564397,147.80,0
762,1756.011,"Mount",-0.108,0.228,-0.252,-0.009,-0.021,0.000,9,E,0,,,,546449,132.32,0
763,1758.118,"Mount",-0.121,0.130,-0.171,0.047,-0.051,0.000,22,E,0,,,,581903,142.02,0
764,1760.494,"Mount",-0.157,0.181,-0.233,0.056,-0.113,0.000,48,E,0,,,,598607,139.76,0
765,1762.666,"Mount",-0.110,0.189,-0.218,0.011,-0.132,0.000,56,E,0,,,,616164,144.93,0
766,1765.100,"Mount",-0.112,-0.015,-0.038,0.106,-0.052,0.038,22,E,16,S,,,563240,159.71,0
767,1767.274,"Mount",-0.084,0.006,-0.044,0.072,-0.044,0.027,19,E,12,S,,,574781,147.37,0
768,1769.646,"Mount",-0.104,0.158,-0.188,0.020,-0.144,0.000,61,E,0,,,,605636,128.90,0
769,1771.788,"Mount",-0.085,0.134,-0.158,0.014,-0.109,0.000,47,E,0,,,,489214,138.11,0
770,1774.115,"Mount",-0.041,-0.050,0.026,0.059,-0.042,0.000,18,E,0,,,,534215,129.74,0
771,1776.210,"Mount",-0.037,0.069,-0.078,0.001,-0.072,0.000,31,E,0,,,,565595,145.76,0
772,1778.568,"Mount",-0.045,0.092,-0.103,-0.003,-0.086,0.000,37,E,0,,,,560846,141.76,0
773,1780.752,"Mount",-0.091,0.008,-0.049,0.077,-0.043,0.028,18,E,12,S,,,576911,132.18,0
774,1783.239,"Mount",-0.126,0.048,-0.101,0.089,-0.093,0.033,40,E,14,S,,,543799,139.81,0
775,1785.425,"Mount",-0.098,0.117,-0.149,0.033,-0.113,0.000,48,E,0,,,,559447,144.81,0
776,1787.718,"Mount",-0.012,0.030,-0.032,-0.003,-0.052,0.000,22,E,0,,,,590948,145.27,0
777,1789.758,"Mount",0.066,-0.086,0.107,-0.019,0.001,0.000,0,,0,,,,553427,135.45,0
778,1792.057,"Mount",0.024,0.014,-0.002,-0.028,-0.056,0.000,24,E,0,,,,533140,142.17,0
779,1794.333,"Mount",-0.145,0.113,-0.168,0.076,-0.139,0.027,59,E,12,S,,,604305,146.66,0
780,1796.704,"Mount",-0.086,0.005,-0.044,0.073,-0.060,0.028,26,E,12,S,,,575872,142.07,0
781,1798.872,"Mount",0.052,0.054,-0.024,-0.071,-0.054,-0.024,23,E,10,N,,,586616,159.15,0
782,1801.256,"Mount",-0.024,-0.091,0.070,0.063,-0.023,0.022,10,E,9,S,,,538438,134.53,0
783,1803.353,"Mount",0.090,-0.139,0.165,-0.016,0.026,0.000,11,W,0,,,,532129,146.75,0
784,1805.682,"Mount",0.049,-0.076,0.090,-0.008,-0.011,0.000,5,E,0,,,,570921,140.13,0
785,1807.818,"Mount",0.058,-0.003,0.030,-0.050,-0.038,0.000,16,E,0,,,,609904,158.18,0
786,1810.124,"Mount",0.070,-0.051,0.077,-0.039,-0.006,0.000,2,E,0,,,,625736,161.32,0
787,1812.290,"Mount",0.076,0.020,0.017,-0.076,-0.052,-0.028,22,E,12,N,,,587440,153.94,0
788,1814.654,"Mount",0.025,0.054,-0.037,-0.047,-0.073,0.000,31,E,0,,,,561002,126.96,0
789,1816.791,"Mount",-0.036,0.105,-0.110,-0.016,-0.138,0.000,59,E,0,,,,533499,133.54,0
790,1819.160,"Mount",-0.070,0.112,-0.132,0.011,-0.169,0.000,72,E,0,,,,553388,154.63,0
791,1821.298,"Mount",-0.016,0.049,-0.050,-0.008,-0.108,0.000,46,E,0,,,,523665,137.20,0
792,1823.637,"Mount",0.031,0.045,-0.025,-0.048,-0.115,0.000,49,E,0,,,,614347,159.83,0
793,1825.816,"Mount",-0.055,-0.104,0.067,0.097,-0.072,0.035,31,E,15,S,,,553343,145.98,0
794,1828.145,"Mount",0.095,-0.069,0.105,-0.052,-0.027,0.000,12,E,0,,,,606165,179.83,0
795,1830.224,"Mount",0.057,-0.111,0.125,0.001,0.005,0.000,2,W,0,,,,539933,150.96,0
796,1832.576,"Mount",0.097,-0.264,0.279,0.036,0.100,0.000,43,W,0,,,,544506,154.31,0
797,1834.760,"Mount",0.191,-0.141,0.213,-0.104,0.090,-0.037,39,W,16,N,,,620112,167.59,0
798,1837.053,"Mount",0.056,0.018,0.010,-0.058,0.004,0.000,2,W,0,,,,516262,134.68,0
799,1839.146,"Mount",-0.036,-0.060,0.037,0.060,0.008,0.000,3,W,0,,,,582158,162.35,0
800,1841.545,"Mount",-0.093,0.046,-0.083,0.061,-0.029,0.022,13,E,9,S,,,541002,143.84,0
801,1843.717,"Mount",-0.052,-0.112,0.075,0.098,0.051,0.036,22,W,16,S,,,540387,148.95,0
802,1846.086,"Mount",-0.099,0.125,-0.157,0.030,-0.046,0.000,20,E,0,,,,527110,138.46,0
803,1848.133,"Mount",0.002,-0.017,0.016,0.006,0.022,0.000,9,W,0,,,,543830,124.27,0
804,1850.474,"Mount",-0.084,0.057,-0.089,0.048,-0.013,0.000,6,E,0,,,,553651,137.50,0
805,1852.691,"Mount",-0.039,-0.121,0.090,0.091,0.068,0.033,29,W,14,S,,,544999,148.07,0
806,1854.964,"Mount",-0.014,-0.027,0.017,0.025,0.020,0.000,8,W,0,,,,535839,146.78,0
807,1857.194,"Mount",-0.210,0.037,-0.130,0.169,-0.047,0.061,20,E,26,S,,,549695,154.71,0
808,1859.611,"Mount",-0.229,0.149,-0.238,0.134,-0.115,0.051,49,E,22,S,,,547992,133.53,0
809,1861.782,"Mount",-0.167,0.125,-0.188,0.090,-0.120,0.035,51,E,15,S,,,586566,128.05,0
810,1864.176,"Mount",-0.102,-0.035,-0.016,0.107,-0.057,0.040,24,E,17,S,,,574296,155.83,0
811,1866.268,"Mount",-0.041,-0.031,0.009,0.051,-0.084,0.000,36,E,0,,,,517222,133.09,0
812,1868.713,"Mount",-0.141,0.118,-0.169,0.071,-0.202,0.025,86,E,11,S,,,554982,134.16,0
813,1870.869,"Mount",-0.100,0.196,-0.221,-0.002,-0.238,0.000,101,E,0,,,,554592,174.32,0
814,1873.257,"Mount",-0.129,0.131,-0.176,0.054,-0.220,0.000,94,E,0,,,,515624,149.43,0
815,1875.534,"Mount",-0.283,0.174,-0.285,0.170,-0.281,0.061,120,E,26,S,,,547656,153.05,0
816,1878.012,"Mount",-0.040,0.241,-0.233,-0.076,-0.253,-0.025,108,E,11,N,,,549505,146.89,0
817,1880.227,"Mount",-0.078,0.014,-0.048,0.063,-0.128,0.022,54,E,9,S,,,551552,138.86,0
818,1882.679,"Mount",-0.104,0.245,-0.265,-0.021,-0.254,0.000,108,E,0,,,,558563,142.47,0
819,1884.926,"Mount",-0.153,0.083,-0.144,0.097,-0.178,0.035,76,E,15,S,,,514392,141.94,0
820,1887.255,"Mount",0.058,0.008,0.020,-0.055,-0.121,0.000,52,E,0,,,,556924,123.74,0
821,1889.362,"Mount",-0.032,-0.029,0.011,0.042,-0.119,0.000,51,E,0,,,,558824,143.07,0
822,1891.778,"Mount",-0.095,-0.055,0.005,0.110,-0.106,0.039,45,E,17,S,,,534282,145.65,0
823,1893.916,"Mount",0.031,0.010,0.005,-0.032,-0.087,0.000,37,E,0,,,,603620,151.44,0
824,1896.227,"Mount",-0.001,0.024,-0.022,-0.010,-0.074,0.000,31,E,0,,,,567336,136.80,0
825,1898.319,"Mount",0.028,-0.176,0.170,0.056,0.027,0.000,12,W,0,,,,563107,141.71,0
826,1900.639,"Mount",0.020,-0.166,0.156,0.059,0.026,0.000,11,W,0,,,,535336,147.90,0
827,1902.744,"Mount",0.127,-0.156,0.197,-0.040,0.067,0.000,29,W,0,,,,566800,131.49,0
828,1905.105,"Mount",0.103,-0.087,0.125,-0.051,0.042,0.000,18,W,0,,,,551337,143.04,0
829,1907.217,"Mount",-0.019,-0.049,0.035,0.039,-0.015,0.000,7,E,0,,,,564482,164.92,0
830,1909.639,"Mount",-0.144,0.139,-0.190,0.064,-0.096,0.023,41,E,10,S,,,545065,136.08,0
831,1911.840,"Mount",-0.171,0.174,-0.233,0.071,-0.143,0.026,61,E,11,S,,,568105,135.15,0
832,1914.240,"Mount",-0.176,0.233,-0.288,0.049,-0.185,0.000,79,E,0,,,,545225,130.93,0
833,1916.486,"Mount",-0.206,0.228,-0.297,0.077,-0.209,0.028,89,E,12,S,,,579023,154.00,0
834,1918.879,"Mount",-0.147,0.156,-0.207,0.058,-0.222,0.000,95,E,0,,,,539057,143.07,0
835,1921.061,"Mount",-0.028,-0.014,-0.001,0.031,-0.144,0.000,61,E,0,,,,543058,137.94,0
836,1923.466,"Mount",-0.040,0.191,-0.188,-0.052,-0.251,0.000,107,E,0,,,,588433,145.59,0
837,1925.669,"Mount",-0.063,0.142,-0.155,-0.009,-0.254,0.000,108,E,0,,,,554738,145.33,0
838,1928.083,"Mount",-0.025,0.066,-0.070,-0.009,-0.225,0.000,96,E,0,,,,546488,163.30,0
Guiding Ends at 2026-04-02 21:24:28

Guiding Begins at 2026-04-02 21:25:04
Equipment Profile = 60mmGuide
Dither = both axes, Dither scale = 1.000, Image noise reduction = none, Guide-frame time lapse = 0, Server enabled
Pixel scale = 3.22 arc-sec/px, Binning = 1, Focal length = 240 mm
Search region = 25 px, Star mass tolerance = 50.0%, Multi-star mode, list size = 12
 Camera = ZWO ASI120MM Mini, gain = 37, full size = 1280 x 960, have dark, dark dur = 2000, no defect map, pixel size = 3.8 um
Exposure = 2000 ms
Mount = iOptron CEM120,70,40,26, GEM, HEM, HAE, HAZ series and SkyHunter Mount (ASCOM), connected, guiding enabled, xAngle = -62.6, xRate = 2.371, yAngle = -152.7, yRate = 2.338, parity = +/-
Norm rates RA = 8.3"/s @ dec 0, Dec = 7.5"/s; ortho.err. = 0.1 deg
X guide algorithm = Predictive PEC, Control gain = 0.450
Prediction gain = 0.750
Minimum move = 0.060
Hyperparameters
	Length scale long range SE kernel = 700.000
	Signal variance long range SE kernel = 20.000
	Length scale periodic kernel = 10.000
	Signal variance periodic kernel = 20.000
	Length scale short range SE kernel = 25.000
	Signal variance short range SE kernel = 10.000
	Period length periodic kernel = 348.000
	FFT called after = 2.000 worm cycles
	Auto-adjust period length = Off
Y guide algorithm = Hysteresis, Hysteresis = 0.100, Aggression = 0.400, Minimum move = 0.060
Backlash comp = disabled, pulse = 100 ms
Max RA duration = 2500, Max DEC duration = 2500, DEC guide mode = Auto
RA Guide Speed = 7.5 a-s/s, Dec Guide Speed = 7.5 a-s/s, Cal Dec = 0.0, Last Cal Issue = None, Timestamp = 7/29/2025 9:33:42 PM
RA = 6.87 hr, Dec = -22.6 deg, Hour angle = 1.68 hr, Pier side = East, Rotator pos = N/A, Alt = 30.7 deg, Az = 207.3 deg
Lock position = 890.431, 408.888, Star position = 890.431, 408.888, HFD = 4.71 px
Frame,Time,mount,dx,dy,RARawDistance,DECRawDistance,RAGuideDistance,DECGuideDistance,RADuration,RADirection,DECDuration,DECDirection,XStep,YStep,StarMass,SNR,ErrorCode
INFO: SETTLING STATE CHANGE, Settling started
1,2.259,"Mount",-0.122,-0.129,0.058,0.167,0.026,0.060,11,W,26,S,,,672404,158.27,0
2,4.641,"Mount",0.063,0.049,-0.014,-0.079,-0.006,-0.026,3,E,11,N,,,581698,134.66,0
3,6.761,"Mount",-0.026,0.098,-0.099,-0.023,-0.045,0.000,19,E,0,,,,675759,146.55,0
4,9.174,"Mount",-0.116,-0.115,0.049,0.156,0.022,0.056,9,W,24,S,,,635139,146.68,0
5,11.272,"Mount",0.041,0.007,0.013,-0.040,0.006,0.000,2,W,0,,,,780850,154.58,0
6,13.701,"Mount",-0.214,0.073,-0.163,0.156,-0.074,0.056,31,E,24,S,,,673890,172.87,0
7,15.894,"Mount",0.099,0.132,-0.071,-0.149,-0.032,-0.051,14,E,22,N,,,645031,146.36,0
8,18.259,"Mount",-0.108,0.305,-0.320,-0.045,-0.144,0.000,61,E,0,,,,703210,172.01,0
9,20.437,"Mount",0.087,0.199,-0.136,-0.169,-0.061,-0.061,26,E,26,N,,,654437,148.61,0
INFO: SETTLING STATE CHANGE, Settling complete
10,22.842,"Mount",0.163,0.029,0.049,-0.158,0.022,-0.059,9,W,25,N,,,728422,152.02,0
11,25.010,"Mount",0.189,0.141,-0.038,-0.232,-0.026,-0.086,11,E,37,N,,,641196,135.93,0
12,27.523,"Mount",-0.233,0.197,-0.282,0.116,-0.123,0.038,52,E,16,S,,,669884,159.06,0
13,29.711,"Mount",-0.021,0.034,-0.040,0.002,0.061,0.000,26,W,0,,,,684547,149.07,0
14,32.110,"Mount",0.213,-0.348,0.408,-0.028,0.256,0.000,108,W,0,,,,613602,149.31,0
15,34.251,"Mount",0.100,-0.160,0.188,-0.015,0.187,0.000,79,W,0,,,,640987,154.54,0
16,36.618,"Mount",0.089,0.265,-0.194,-0.202,0.002,-0.073,1,W,31,N,,,657699,155.16,0
17,38.807,"Mount",0.003,0.395,-0.349,-0.185,-0.102,-0.070,43,E,30,N,,,693952,159.17,0
18,41.137,"Mount",-0.140,0.180,-0.224,0.042,-0.043,0.000,18,E,0,,,,700491,163.40,0
19,43.352,"Mount",-0.131,-0.068,0.000,0.147,0.079,0.053,33,W,23,S,,,656157,142.77,0
20,45.788,"Mount",-0.093,-0.058,0.008,0.109,0.083,0.041,35,W,18,S,,,681271,167.44,0
21,48.039,"Mount",-0.199,-0.088,-0.013,0.217,0.086,0.080,36,W,34,S,,,644996,165.18,0
22,50.493,"Mount",-0.112,-0.183,0.111,0.184,0.149,0.069,63,W,30,S,,,624777,160.78,0
23,52.694,"Mount",-0.027,-0.129,0.102,0.083,0.130,0.033,55,W,14,S,,,693827,151.10,0
24,55.067,"Mount",0.115,-0.234,0.261,0.006,0.218,0.000,92,W,0,,,,677397,150.83,0
25,57.333,"Mount",-0.005,-0.187,0.164,0.091,0.182,0.033,77,W,14,S,,,747391,156.13,0
26,59.743,"Mount",-0.121,-0.174,0.099,0.188,0.177,0.069,74,W,30,S,,,667391,144.79,0
27,61.910,"Mount",0.034,-0.156,0.154,0.042,0.196,0.000,83,W,0,,,,646799,140.19,0
28,64.327,"Mount",0.023,0.019,-0.006,-0.029,0.138,0.000,58,W,0,,,,677084,155.25,0
29,66.454,"Mount",0.065,-0.037,0.063,-0.040,0.147,0.000,62,W,0,,,,666325,138.55,0
30,68.798,"Mount",-0.039,0.069,-0.079,0.003,0.074,0.000,31,W,0,,,,694172,155.77,0
31,70.879,"Mount",-0.104,0.110,-0.145,0.042,0.018,0.000,8,W,0,,,,642310,144.58,0
32,73.179,"Mount",-0.085,0.098,-0.126,0.030,-0.011,0.000,5,E,0,,,,686222,157.07,0
33,75.362,"Mount",-0.155,0.148,-0.202,0.069,-0.070,0.025,30,E,11,S,,,616994,160.68,0
34,77.741,"Mount",-0.094,0.170,-0.194,0.005,-0.106,0.000,45,E,0,,,,743659,159.04,0
35,79.868,"Mount",-0.010,0.037,-0.037,-0.008,-0.031,0.000,13,E,0,,,,701011,163.18,0
36,82.259,"Mount",-0.119,0.105,-0.148,0.057,-0.109,0.000,46,E,0,,,,683405,180.63,0
37,84.488,"Mount",-0.183,0.077,-0.152,0.127,-0.117,0.046,49,E,20,S,,,726667,173.44,0
38,86.910,"Mount",-0.160,0.059,-0.126,0.115,-0.099,0.043,42,E,18,S,,,666765,162.03,0
39,89.016,"Mount",-0.058,0.056,-0.076,0.026,-0.072,0.000,30,E,0,,,,702448,147.75,0
40,91.356,"Mount",-0.074,0.080,-0.105,0.029,-0.072,0.000,30,E,0,,,,714504,155.30,0
41,93.461,"Mount",-0.054,0.023,-0.045,0.037,-0.015,0.000,6,E,0,,,,618766,154.50,0
42,95.710,"Mount",-0.025,-0.060,0.041,0.050,0.001,0.000,0,,0,,,,720841,152.76,0
43,97.831,"Mount",-0.035,-0.019,0.001,0.040,0.015,0.000,6,W,0,,,,666485,156.89,0
44,100.147,"Mount",-0.079,0.078,-0.106,0.034,-0.014,0.000,6,E,0,,,,767425,173.47,0
45,102.223,"Mount",-0.003,0.042,-0.039,-0.017,0.047,0.000,20,W,0,,,,715574,154.66,0
46,104.580,"Mount",-0.091,-0.110,0.056,0.131,0.059,0.047,25,W,20,S,,,704580,178.05,0
47,106.761,"Mount",-0.082,-0.040,-0.003,0.091,0.068,0.035,29,W,15,S,,,662054,167.71,0
48,109.295,"Mount",0.190,-0.176,0.244,-0.087,0.208,-0.030,88,W,13,N,,,655345,136.50,0
49,111.529,"Mount",-0.026,-0.142,0.114,0.089,0.173,0.031,73,W,13,S,,,654131,142.45,0
50,113.934,"Mount",0.148,-0.221,0.264,-0.029,0.283,0.000,119,W,0,,,,726116,145.61,0
51,116.197,"Mount",-0.216,-0.075,-0.033,0.226,0.180,0.082,76,W,35,S,,,691252,170.39,0
52,118.695,"Mount",-0.055,-0.142,0.101,0.115,0.251,0.045,106,W,19,S,,,681085,173.46,0
53,120.926,"Mount",0.059,0.022,0.007,-0.062,0.213,-0.021,90,W,9,N,,,686090,151.73,0
54,123.344,"Mount",0.064,-0.194,0.202,0.033,0.302,0.000,127,W,0,,,,664764,147.54,0
55,125.662,"Mount",0.158,-0.168,0.222,-0.063,0.293,-0.023,124,W,10,N,,,639229,142.69,0
56,128.113,"Mount",0.166,-0.060,0.130,-0.119,0.258,-0.044,109,W,19,N,,,672188,136.10,0
57,130.332,"Mount",-0.017,-0.114,0.093,0.067,0.219,0.023,92,W,10,S,,,652416,157.47,0
58,132.825,"Mount",0.172,-0.029,0.105,-0.139,0.218,-0.049,92,W,21,N,,,694138,161.05,0
59,134.989,"Mount",0.002,0.003,-0.001,-0.003,0.134,0.000,56,W,0,,,,679613,156.83,0
60,137.345,"Mount",-0.008,0.043,-0.042,-0.013,0.107,0.000,45,W,0,,,,694167,171.44,0
61,139.561,"Mount",0.121,0.083,-0.018,-0.146,0.065,-0.053,28,W,22,N,,,721481,142.41,0
62,141.904,"Mount",-0.160,0.227,-0.275,0.038,-0.086,0.000,36,E,0,,,,704634,165.11,0
63,144.131,"Mount",-0.233,0.137,-0.229,0.144,-0.088,0.052,37,E,22,S,,,697304,164.32,0
64,146.500,"Mount",0.069,0.118,-0.073,-0.116,-0.034,-0.040,14,E,17,N,,,645864,141.71,0
65,148.619,"Mount",-0.019,0.108,-0.105,-0.033,-0.080,0.000,34,E,0,,,,653206,150.14,0
66,151.038,"Mount",-0.242,0.508,-0.562,-0.020,-0.294,0.000,124,E,0,,,,642589,171.72,0
67,153.130,"Mount",0.004,0.042,-0.035,-0.023,-0.060,0.000,25,E,0,,,,622580,154.63,0
68,155.504,"Mount",-0.039,0.050,-0.062,0.012,-0.091,0.000,39,E,0,,,,699657,175.13,0
69,157.782,"Mount",-0.133,0.120,-0.168,0.063,-0.149,0.023,63,E,10,S,,,670612,183.37,0
70,160.111,"Mount",0.004,0.013,-0.009,-0.010,-0.074,0.000,31,E,0,,,,654370,142.46,0
71,162.202,"Mount",-0.001,0.022,-0.020,-0.009,-0.065,0.000,27,E,0,,,,699586,160.67,0
72,164.571,"Mount",-0.076,0.012,-0.046,0.062,-0.070,0.022,30,E,10,S,,,712052,201.38,0
73,166.647,"Mount",0.017,0.043,-0.031,-0.035,-0.059,0.000,25,E,0,,,,627186,149.18,0
74,168.953,"Mount",-0.009,-0.029,0.021,0.021,-0.050,0.000,21,E,0,,,,656203,163.33,0
75,171.030,"Mount",0.006,-0.031,0.031,0.009,-0.051,0.000,21,E,0,,,,656911,146.43,0
76,173.383,"Mount",-0.027,-0.035,0.019,0.040,-0.057,0.000,24,E,0,,,,673339,150.32,0
77,175.479,"Mount",0.099,-0.236,0.256,0.021,0.054,0.000,23,W,0,,,,626349,143.80,0
78,177.866,"Mount",0.134,-0.053,0.109,-0.095,-0.008,-0.034,3,E,15,N,,,725926,175.87,0
79,180.022,"Mount",0.149,-0.072,0.132,-0.099,0.008,-0.037,3,W,16,N,,,673720,157.53,0
80,182.401,"Mount",0.145,-0.028,0.091,-0.116,0.004,-0.043,2,W,18,N,,,705108,160.45,0
81,184.478,"Mount",0.019,-0.000,0.009,-0.017,-0.028,0.000,12,E,0,,,,749730,145.15,0
82,186.821,"Mount",0.047,0.013,0.010,-0.048,-0.033,0.000,14,E,0,,,,694677,181.92,0
83,188.914,"Mount",-0.037,-0.058,0.034,0.060,-0.024,0.000,10,E,0,,,,681190,183.64,0
84,191.254,"Mount",0.018,-0.132,0.126,0.045,0.020,0.000,8,W,0,,,,647282,170.71,0
85,193.345,"Mount",0.105,-0.110,0.146,-0.042,0.008,0.000,3,W,0,,,,625021,157.84,0
86,195.751,"Mount",-0.095,-0.050,0.000,0.107,-0.080,0.039,34,E,16,S,,,644775,176.34,0
87,197.903,"Mount",-0.015,0.039,-0.042,-0.004,-0.086,0.000,36,E,0,,,,636155,139.01,0
88,200.261,"Mount",-0.004,-0.008,0.005,0.007,-0.101,0.000,43,E,0,,,,714713,145.47,0
89,202.400,"Mount",-0.004,-0.058,0.050,0.030,-0.106,0.000,45,E,0,,,,642490,148.98,0
90,204.831,"Mount",-0.077,-0.107,0.059,0.117,-0.113,0.042,48,E,18,S,,,730067,198.68,0
91,207.026,"Mount",-0.102,-0.106,0.047,0.139,-0.096,0.052,40,E,22,S,,,645849,171.06,0
92,209.414,"Mount",-0.036,-0.118,0.088,0.086,-0.045,0.033,19,E,14,S,,,641042,149.56,0
93,211.506,"Mount",0.044,-0.090,0.100,0.003,-0.017,0.000,7,E,0,,,,696635,167.77,0
94,213.975,"Mount",-0.069,-0.063,0.024,0.090,-0.037,0.032,15,E,14,S,,,668547,164.10,0
95,216.152,"Mount",-0.042,-0.113,0.081,0.090,0.012,0.034,5,W,14,S,,,714217,140.66,0
96,218.445,"Mount",-0.051,0.040,-0.059,0.027,-0.017,0.000,7,E,0,,,,643089,156.25,0
97,220.549,"Mount",-0.009,0.008,-0.011,0.004,-0.007,0.000,3,E,0,,,,640727,146.74,0
98,222.872,"Mount",-0.104,-0.036,-0.016,0.109,0.001,0.039,0,,17,S,,,682590,146.88,0
99,225.051,"Mount",-0.066,-0.102,0.061,0.105,0.035,0.039,15,W,17,S,,,608718,133.91,0
100,227.406,"Mount",-0.079,-0.045,0.003,0.091,0.012,0.034,5,W,15,S,,,729202,180.42,0
101,229.535,"Mount",-0.046,-0.052,0.025,0.065,0.015,0.025,6,W,11,S,,,673918,150.17,0
102,231.880,"Mount",0.042,-0.064,0.076,-0.008,0.057,0.000,24,W,0,,,,666006,134.83,0
103,233.988,"Mount",-0.067,-0.014,-0.019,0.066,0.021,0.024,9,W,10,S,,,678351,150.42,0
104,236.308,"Mount",0.088,-0.050,0.085,-0.055,0.059,0.000,25,W,0,,,,623522,152.82,0
105,238.431,"Mount",0.110,-0.062,0.106,-0.069,0.058,-0.025,25,W,11,N,,,676125,158.45,0
106,240.854,"Mount",0.193,-0.082,0.162,-0.134,0.070,-0.049,29,W,21,N,,,654046,155.82,0
107,242.976,"Mount",-0.076,0.134,-0.154,0.006,-0.082,0.000,35,E,0,,,,706946,201.75,0
108,245.314,"Mount",-0.019,0.143,-0.136,-0.049,-0.093,0.000,39,E,0,,,,628847,173.80,0
109,247.511,"Mount",0.106,0.213,-0.140,-0.192,-0.126,-0.069,53,E,30,N,,,744008,151.21,0
110,249.883,"Mount",-0.029,0.060,-0.066,-0.002,-0.127,0.000,54,E,0,,,,604611,141.65,0
111,252.114,"Mount",-0.244,0.413,-0.480,0.026,-0.336,0.000,141,E,0,,,,666758,143.76,0
112,254.480,"Mount",-0.040,0.050,-0.063,0.012,-0.191,0.000,81,E,0,,,,733014,164.36,0
113,256.741,"Mount",-0.123,0.082,-0.130,0.071,-0.224,0.026,94,E,11,S,,,707372,171.96,0
114,259.155,"Mount",-0.018,0.064,-0.065,-0.013,-0.212,0.000,90,E,0,,,,649034,158.38,0
115,261.345,"Mount",0.012,0.106,-0.088,-0.060,-0.215,0.000,91,E,0,,,,675701,165.15,0
116,263.703,"Mount",0.007,0.044,-0.036,-0.027,-0.148,0.000,63,E,0,,,,711304,174.21,0
117,265.917,"Mount",-0.013,0.130,-0.121,-0.048,-0.191,0.000,81,E,0,,,,652977,150.78,0
118,268.307,"Mount",-0.021,0.065,-0.068,-0.011,-0.161,0.000,68,E,0,,,,634504,147.18,0
119,270.415,"Mount",0.010,0.011,-0.005,-0.014,-0.122,0.000,51,E,0,,,,646798,158.93,0
120,272.785,"Mount",-0.045,-0.166,0.126,0.117,-0.053,0.042,23,E,18,S,,,652485,151.77,0
121,274.923,"Mount",-0.035,0.011,-0.026,0.026,-0.092,0.000,39,E,0,,,,689325,180.20,0
122,277.268,"Mount",-0.024,0.024,-0.033,0.010,-0.082,0.000,35,E,0,,,,659195,159.30,0
123,279.406,"Mount",-0.005,-0.003,0.000,0.005,-0.052,0.000,22,E,0,,,,630873,141.48,0
124,281.757,"Mount",0.069,-0.070,0.094,-0.029,-0.010,0.000,4,E,0,,,,668230,135.24,0
125,283.944,"Mount",-0.055,-0.078,0.044,0.085,-0.040,0.031,17,E,13,S,,,690270,147.53,0
126,286.357,"Mount",0.167,-0.016,0.091,-0.141,-0.003,-0.049,1,E,21,N,,,728322,155.76,0
127,288.419,"Mount",0.006,-0.138,0.125,0.058,0.019,0.000,8,W,0,,,,658694,153.37,0
128,290.728,"Mount",-0.036,-0.028,0.008,0.045,-0.036,0.000,15,E,0,,,,632260,139.04,0
129,292.845,"Mount",-0.026,0.006,-0.017,0.020,-0.032,0.000,14,E,0,,,,665173,146.74,0
130,295.237,"Mount",-0.027,0.040,-0.047,0.005,-0.052,0.000,22,E,0,,,,632054,138.53,0
131,297.382,"Mount",-0.027,0.047,-0.055,0.002,-0.078,0.000,33,E,0,,,,673563,160.78,0
132,299.766,"Mount",-0.009,0.092,-0.086,-0.034,-0.135,0.000,57,E,0,,,,685844,164.70,0
133,301.942,"Mount",-0.016,0.061,-0.062,-0.014,-0.141,0.000,60,E,0,,,,679846,157.33,0
134,304.377,"Mount",-0.085,0.164,-0.185,-0.001,-0.225,0.000,95,E,0,,,,666520,170.59,0
135,306.538,"Mount",-0.115,0.178,-0.211,0.020,-0.244,0.000,103,E,0,,,,699481,172.99,0
136,309.048,"Mount",-0.121,0.065,-0.114,0.077,-0.236,0.028,99,E,12,S,,,658806,141.64,0
137,311.231,"Mount",-0.079,0.068,-0.097,0.039,-0.240,0.000,101,E,0,,,,706056,163.06,0
138,313.742,"Mount",-0.193,0.182,-0.251,0.087,-0.336,0.031,142,E,13,S,,,618905,149.67,0
139,315.978,"Mount",-0.085,0.263,-0.273,-0.046,-0.343,0.000,144,E,0,,,,655001,160.03,0
140,318.412,"Mount",-0.113,0.129,-0.166,0.040,-0.313,0.000,132,E,0,,,,707542,170.36,0
141,320.691,"Mount",-0.201,0.187,-0.258,0.092,-0.335,0.033,141,E,14,S,,,637235,183.55,0
142,323.128,"Mount",-0.144,0.197,-0.241,0.037,-0.338,0.000,143,E,0,,,,697588,165.83,0
143,325.439,"Mount",-0.194,0.052,-0.135,0.148,-0.277,0.053,117,E,23,S,,,715834,160.11,0
144,327.886,"Mount",0.139,0.002,0.063,-0.124,-0.226,-0.043,95,E,18,N,,,723691,153.30,0
145,330.020,"Mount",0.079,-0.136,0.157,-0.007,-0.174,0.000,73,E,0,,,,656367,139.91,0
146,332.456,"Mount",-0.024,-0.117,0.093,0.076,-0.199,0.027,84,E,12,S,,,672163,165.54,0
147,334.668,"Mount",-0.028,-0.180,0.147,0.108,-0.178,0.040,75,E,17,S,,,657268,142.66,0
148,337.023,"Mount",0.035,-0.143,0.143,0.035,-0.153,0.000,64,E,0,,,,668494,157.33,0
149,339.253,"Mount",0.152,-0.065,0.128,-0.105,-0.129,-0.038,55,E,16,N,,,683094,154.55,0
150,341.611,"Mount",0.043,-0.076,0.087,-0.003,-0.122,0.000,51,E,0,,,,712526,147.43,0
151,343.766,"Mount",0.036,-0.101,0.107,0.014,-0.057,0.000,24,E,0,,,,646799,143.84,0
152,346.097,"Mount",-0.001,-0.126,0.111,0.058,-0.039,0.000,16,E,0,,,,615581,141.83,0
153,348.220,"Mount",-0.002,-0.059,0.052,0.030,-0.056,0.000,24,E,0,,,,618044,164.69,0
154,350.563,"Mount",-0.003,0.022,-0.021,-0.008,-0.049,0.000,20,E,0,,,,658951,175.73,0
155,352.746,"Mount",-0.078,-0.085,0.039,0.108,-0.045,0.039,19,E,17,S,,,704288,157.90,0
156,355.102,"Mount",0.148,-0.042,0.106,-0.112,-0.006,-0.039,3,E,17,N,,,698586,166.63,0
157,357.405,"Mount",0.115,-0.020,0.071,-0.093,-0.043,-0.035,18,E,15,N,,,669334,145.98,0
158,359.772,"Mount",-0.019,-0.117,0.095,0.071,-0.051,0.024,21,E,10,S,,,669524,150.85,0
159,361.868,"Mount",0.082,-0.199,0.214,0.019,0.014,0.000,6,W,0,,,,636666,140.20,0
160,364.175,"Mount",0.091,-0.057,0.093,-0.054,-0.046,0.000,19,E,0,,,,706405,169.12,0
161,366.356,"Mount",0.133,0.015,0.048,-0.125,-0.071,-0.045,30,E,19,N,,,613214,158.27,0
162,368.712,"Mount",0.002,-0.037,0.033,0.015,-0.050,0.000,21,E,0,,,,674307,155.35,0
163,370.824,"Mount",-0.067,-0.005,-0.027,0.061,-0.025,0.022,11,E,9,S,,,587933,126.06,0
164,373.150,"Mount",0.022,-0.072,0.074,0.013,0.036,0.000,15,W,0,,,,656447,158.89,0
165,375.262,"Mount",0.090,-0.117,0.145,-0.026,0.105,0.000,44,W,0,,,,688355,152.33,0
166,377.657,"Mount",-0.116,0.065,-0.111,0.073,0.010,0.026,4,W,11,S,,,666542,170.53,0
167,379.859,"Mount",-0.079,-0.016,-0.022,0.077,0.092,0.029,39,W,12,S,,,658767,154.85,0
168,382.225,"Mount",-0.017,-0.068,0.053,0.047,0.084,0.000,36,W,0,,,,633676,152.34,0
169,384.335,"Mount",0.025,0.077,-0.057,-0.058,0.041,0.000,17,W,0,,,,663416,168.46,0
170,386.727,"Mount",-0.095,0.051,-0.089,0.061,0.014,0.022,6,W,9,S,,,723554,165.23,0
171,388.836,"Mount",-0.027,-0.073,0.052,0.057,0.058,0.000,25,W,0,,,,749057,171.79,0
172,391.225,"Mount",-0.085,-0.020,-0.021,0.085,0.073,0.031,31,W,13,S,,,612641,161.41,0
173,393.413,"Mount",-0.060,-0.057,0.023,0.079,0.090,0.030,38,W,13,S,,,677920,147.81,0
174,395.786,"Mount",0.031,-0.092,0.096,0.015,0.140,0.000,59,W,0,,,,612486,134.64,0
175,397.985,"Mount",0.114,-0.004,0.056,-0.099,0.102,-0.036,43,W,15,N,,,659829,150.97,0
176,400.541,"Mount",0.248,-0.122,0.222,-0.163,0.196,-0.060,83,W,26,N,,,728245,172.82,0
177,402.717,"Mount",0.043,-0.105,0.113,0.011,0.158,0.000,67,W,0,,,,679042,153.65,0
178,405.090,"Mount",0.131,-0.139,0.184,-0.052,0.214,0.000,90,W,0,,,,750805,174.69,0
179,407.290,"Mount",-0.013,-0.139,0.117,0.075,0.192,0.027,81,W,12,S,,,672802,153.84,0
180,409.777,"Mount",-0.085,-0.163,0.106,0.151,0.196,0.055,83,W,24,S,,,697233,150.67,0
181,411.959,"Mount",0.061,-0.074,0.094,-0.020,0.176,0.000,74,W,0,,,,706498,165.97,0
182,414.451,"Mount",0.118,-0.091,0.135,-0.063,0.176,-0.023,74,W,10,N,,,704982,149.10,0
183,416.637,"Mount",0.085,-0.226,0.240,0.029,0.203,0.000,86,W,0,,,,602919,136.51,0
184,418.971,"Mount",-0.047,-0.002,-0.020,0.043,0.069,0.000,29,W,0,,,,716311,175.58,0
185,421.169,"Mount",-0.085,-0.013,-0.028,0.082,0.043,0.029,18,W,13,S,,,571475,136.28,0
186,423.563,"Mount",-0.002,-0.023,0.019,0.012,0.005,0.000,2,W,0,,,,683988,151.88,0
187,425.672,"Mount",-0.028,-0.017,0.003,0.033,-0.024,0.000,10,E,0,,,,655754,137.97,0
188,428.087,"Mount",-0.119,-0.059,-0.003,0.133,-0.041,0.048,17,E,20,S,,,683303,153.14,0
189,430.227,"Mount",-0.019,-0.020,0.009,0.026,-0.056,0.000,24,E,0,,,,658289,150.59,0
190,432.613,"Mount",-0.163,0.019,-0.092,0.136,-0.090,0.049,38,E,21,S,,,651944,170.51,0
191,434.704,"Mount",-0.032,0.010,-0.024,0.024,-0.051,0.000,21,E,0,,,,617342,145.04,0
192,437.106,"Mount",0.200,0.068,0.032,-0.208,-0.040,-0.075,17,E,32,N,,,698629,146.64,0
193,439.276,"Mount",0.219,0.159,-0.041,-0.268,-0.028,-0.099,12,E,43,N,,,717104,150.66,0
194,441.682,"Mount",0.110,0.092,-0.031,-0.140,-0.014,-0.054,6,E,23,N,,,655253,148.62,0
195,443.854,"Mount",0.037,0.072,-0.047,-0.066,0.006,-0.026,3,W,11,N,,,671428,164.85,0
196,446.162,"Mount",-0.007,0.054,-0.051,-0.018,0.021,0.000,9,W,0,,,,666485,167.25,0
197,448.348,"Mount",-0.072,0.002,-0.035,0.063,0.034,0.023,14,W,10,S,,,727402,196.88,0
198,450.667,"Mount",-0.022,0.044,-0.049,-0.001,0.045,0.000,19,W,0,,,,652696,157.84,0
199,452.833,"Mount",0.093,-0.009,0.051,-0.078,0.057,-0.028,24,W,12,N,,,655093,143.81,0
200,455.203,"Mount",0.004,-0.082,0.074,0.034,0.113,0.000,47,W,0,,,,651585,157.55,0
201,457.340,"Mount",-0.001,-0.049,0.042,0.024,0.096,0.000,41,W,0,,,,646112,158.81,0
202,459.793,"Mount",0.144,-0.291,0.325,0.007,0.264,0.000,111,W,0,,,,626241,154.53,0
203,461.995,"Mount",0.051,-0.223,0.221,0.057,0.251,0.000,106,W,0,,,,634882,151.57,0
204,464.504,"Mount",0.122,-0.130,0.172,-0.048,0.260,0.000,110,W,0,,,,676138,136.85,0
205,466.797,"Mount",-0.030,-0.165,0.133,0.103,0.263,0.037,111,W,16,S,,,681429,149.92,0
206,469.236,"Mount",0.017,-0.142,0.134,0.051,0.307,0.000,129,W,0,,,,626959,131.58,0
207,471.456,"Mount",0.065,-0.175,0.185,0.023,0.321,0.000,136,W,0,,,,678591,139.11,0
208,473.939,"Mount",-0.044,-0.067,0.039,0.070,0.233,0.025,98,W,11,S,,,664359,153.01,0
209,476.199,"Mount",-0.070,-0.098,0.055,0.107,0.220,0.040,93,W,17,S,,,682443,162.16,0
210,478.598,"Mount",-0.020,-0.053,0.038,0.042,0.192,0.000,81,W,0,,,,730773,154.34,0
211,480.736,"Mount",0.079,-0.058,0.088,-0.044,0.193,0.000,81,W,0,,,,602845,135.72,0
212,483.066,"Mount",-0.017,-0.034,0.022,0.030,0.131,0.000,55,W,0,,,,658073,135.17,0
213,485.222,"Mount",-0.018,-0.014,0.004,0.023,0.087,0.000,37,W,0,,,,641091,159.39,0
214,487.677,"Mount",-0.158,0.019,-0.090,0.131,0.023,0.047,10,W,20,S,,,682120,180.46,0
215,489.863,"Mount",-0.079,-0.024,-0.015,0.081,0.023,0.031,10,W,13,S,,,648457,146.29,0
216,492.127,"Mount",-0.080,0.062,-0.092,0.043,-0.026,0.000,11,E,0,,,,728234,173.23,0
217,494.222,"Mount",-0.023,-0.012,-0.000,0.026,-0.020,0.000,8,E,0,,,,611305,133.20,0
218,496.517,"Mount",0.011,0.069,-0.056,-0.042,-0.037,0.000,16,E,0,,,,667184,157.08,0
219,498.657,"Mount",-0.054,0.070,-0.087,0.016,-0.091,0.000,38,E,0,,,,658912,170.00,0
220,501.029,"Mount",-0.077,-0.051,0.010,0.092,-0.064,0.033,27,E,14,S,,,644546,155.71,0
221,503.149,"Mount",-0.014,0.062,-0.062,-0.016,-0.103,0.000,43,E,0,,,,720090,157.39,0
222,505.555,"Mount",-0.103,-0.064,0.009,0.121,-0.078,0.043,33,E,19,S,,,639028,151.29,0
223,507.632,"Mount",-0.056,0.044,-0.065,0.029,-0.096,0.000,40,E,0,,,,636898,151.74,0
224,510.033,"Mount",-0.157,-0.050,-0.027,0.162,-0.065,0.058,27,E,25,S,,,667235,160.97,0
225,512.218,"Mount",-0.155,-0.045,-0.031,0.158,-0.051,0.059,22,E,25,S,,,727712,169.15,0
226,514.610,"Mount",-0.068,-0.014,-0.019,0.067,-0.047,0.026,20,E,11,S,,,728120,162.76,0
227,516.839,"Mount",-0.172,-0.018,-0.063,0.161,-0.069,0.059,29,E,25,S,,,694486,161.62,0
228,519.163,"Mount",0.086,-0.055,0.089,-0.051,-0.010,0.000,4,E,0,,,,734053,165.84,0
229,521.360,"Mount",0.103,-0.046,0.088,-0.070,-0.013,-0.025,5,E,11,N,,,707295,151.04,0
230,523.635,"Mount",0.053,-0.182,0.187,0.037,0.024,0.000,10,W,0,,,,695411,163.72,0
231,525.738,"Mount",-0.063,0.030,-0.055,0.042,-0.055,0.000,23,E,0,,,,654666,142.31,0
232,528.067,"Mount",-0.021,-0.065,0.048,0.049,-0.043,0.000,18,E,0,,,,732901,163.22,0
233,530.193,"Mount",0.008,0.044,-0.035,-0.027,-0.039,0.000,16,E,0,,,,627321,131.68,0
234,532.562,"Mount",0.193,-0.085,0.164,-0.132,0.038,-0.048,16,W,20,N,,,670985,153.84,0
235,534.725,"Mount",0.073,0.011,0.024,-0.070,-0.033,-0.027,14,E,12,N,,,606312,142.47,0
236,537.130,"Mount",0.086,-0.007,0.046,-0.073,-0.035,-0.027,15,E,12,N,,,632313,137.89,0
237,539.316,"Mount",-0.074,-0.017,-0.019,0.074,-0.049,0.025,20,E,11,S,,,685009,161.30,0
238,541.672,"Mount",-0.008,0.067,-0.064,-0.024,-0.097,0.000,41,E,0,,,,643141,161.31,0
239,543.987,"Mount",-0.163,0.081,-0.147,0.108,-0.142,0.039,60,E,17,S,,,692104,152.99,0
240,546.362,"Mount",-0.080,-0.033,-0.008,0.087,-0.095,0.033,40,E,14,S,,,694905,134.96,0
241,548.519,"Mount",0.066,0.006,0.025,-0.061,-0.091,-0.021,38,E,9,N,,,653156,169.06,0
242,551.000,"Mount",-0.189,-0.005,-0.083,0.169,-0.144,0.060,61,E,26,S,,,620454,151.29,0
243,553.077,"Mount",-0.024,-0.038,0.022,0.038,-0.094,0.000,40,E,0,,,,670177,156.89,0
244,555.418,"Mount",0.024,-0.020,0.029,-0.013,-0.089,0.000,38,E,0,,,,668703,144.56,0
245,557.541,"Mount",-0.008,0.003,-0.006,0.006,-0.071,0.000,30,E,0,,,,573624,127.92,0
246,559.958,"Mount",-0.128,0.024,-0.080,0.102,-0.089,0.037,38,E,16,S,,,617031,151.35,0
247,562.132,"Mount",-0.093,-0.014,-0.031,0.089,-0.043,0.034,18,E,14,S,,,658963,148.53,0
248,564.427,"Mount",-0.010,0.018,-0.021,0.000,-0.036,0.000,15,E,0,,,,691934,179.57,0
249,566.567,"Mount",-0.068,0.075,-0.097,0.026,-0.069,0.000,29,E,0,,,,675988,154.25,0
250,568.957,"Mount",-0.059,-0.061,0.027,0.081,-0.018,0.029,8,E,12,S,,,730180,167.58,0
251,571.111,"Mount",-0.031,-0.091,0.066,0.069,0.023,0.026,10,W,11,S,,,672975,138.26,0
252,573.480,"Mount",0.054,-0.133,0.143,0.013,0.074,0.000,31,W,0,,,,643240,162.96,0
253,575.583,"Mount",0.028,-0.049,0.056,-0.002,0.022,0.000,9,W,0,,,,692388,156.99,0
254,577.927,"Mount",-0.024,-0.025,0.011,0.033,0.037,0.000,16,W,0,,,,684650,185.12,0
255,580.097,"Mount",-0.074,0.013,-0.046,0.060,0.044,0.022,19,W,9,S,,,687317,166.27,0
256,582.488,"Mount",-0.072,-0.033,-0.004,0.079,0.035,0.029,15,W,13,S,,,649716,172.00,0
257,584.730,"Mount",0.114,0.016,0.038,-0.108,0.024,-0.038,10,W,16,N,,,722693,154.82,0
258,586.956,"Mount",-0.032,-0.022,0.005,0.039,0.000,0.000,0,,0,,,,656864,176.76,0
259,589.095,"Mount",-0.036,0.004,-0.020,0.030,-0.018,0.000,8,E,0,,,,614820,149.68,0
260,591.391,"Mount",0.017,0.053,-0.040,-0.040,-0.038,0.000,16,E,0,,,,753795,159.39,0
261,593.575,"Mount",0.062,0.056,-0.021,-0.081,-0.054,-0.029,23,E,12,N,,,644878,134.88,0
262,595.884,"Mount",-0.010,0.060,-0.058,-0.019,-0.089,0.000,37,E,0,,,,686630,159.46,0
263,598.042,"Mount",-0.125,0.152,-0.192,0.041,-0.184,0.000,78,E,0,,,,660534,139.64,0
264,600.411,"Mount",-0.133,0.215,-0.252,0.019,-0.242,0.000,102,E,0,,,,676959,170.52,0
265,602.566,"Mount",-0.090,0.172,-0.194,0.000,-0.228,0.000,96,E,0,,,,685275,155.08,0
266,605.051,"Mount",-0.112,0.065,-0.109,0.070,-0.195,0.025,82,E,11,S,,,663051,160.83,0
267,607.316,"Mount",-0.259,0.066,-0.178,0.200,-0.250,0.073,106,E,31,S,,,660491,174.85,0
268,609.743,"Mount",-0.002,0.002,-0.003,0.001,-0.179,0.000,76,E,0,,,,626543,147.27,0
269,611.973,"Mount",-0.100,0.011,-0.056,0.084,-0.158,0.030,66,E,13,S,,,625287,154.20,0
270,614.477,"Mount",0.021,0.094,-0.073,-0.062,-0.211,-0.021,89,E,9,N,,,648943,151.49,0
271,616.819,"Mount",-0.191,0.122,-0.196,0.113,-0.261,0.040,110,E,17,S,,,626557,137.67,0
272,619.294,"Mount",0.145,0.037,0.034,-0.146,-0.158,-0.051,67,E,22,N,,,643459,160.66,0
273,621.523,"Mount",0.197,-0.106,0.184,-0.126,-0.043,-0.047,18,E,20,N,,,619451,136.36,0
274,623.851,"Mount",0.022,-0.135,0.130,0.043,-0.016,0.000,7,E,0,,,,661688,169.84,0
275,626.008,"Mount",-0.171,-0.067,-0.020,0.183,-0.048,0.066,20,E,28,S,,,624682,141.52,0
276,628.391,"Mount",-0.073,-0.079,0.036,0.102,-0.019,0.039,8,E,17,S,,,681165,160.12,0
277,630.536,"Mount",-0.034,-0.139,0.107,0.094,0.046,0.035,19,W,15,S,,,624312,131.88,0
INFO: SET LOCK POSITION, new lock pos = 890.431, 408.888
INFO: DITHER by 2.890, -0.684, new lock pos = 892.370, 406.637
INFO: SETTLING STATE CHANGE, Settling started
278,634.411,"Mount",-1.938,2.251,-2.890,0.684,-2.890,0.684,1219,E,293,S,,,751607,157.05,0
279,637.028,"Mount",-1.350,0.848,-1.374,0.806,-0.618,0.290,261,E,124,S,,,663578,142.70,0
280,639.453,"Mount",0.259,-0.267,0.356,-0.107,0.160,-0.027,68,W,11,N,,,612057,146.50,0
281,641.554,"Mount",0.030,-0.047,0.056,-0.005,0.025,0.000,11,W,0,,,,579967,151.65,0
282,643.883,"Mount",0.022,-0.039,0.045,-0.002,0.020,0.000,9,W,0,,,,657804,157.02,0
283,645.968,"Mount",-0.035,0.111,-0.115,-0.021,-0.052,0.000,22,E,0,,,,680872,171.32,0
284,648.397,"Mount",0.229,0.141,-0.020,-0.269,-0.009,-0.097,4,E,41,N,,,609510,158.03,0
285,650.556,"Mount",-0.223,0.335,-0.400,0.044,-0.180,0.000,76,E,0,,,,664995,138.20,0
286,653.070,"Mount",-0.334,0.341,-0.457,0.139,-0.206,0.050,87,E,21,S,,,679739,138.13,0
287,655.251,"Mount",-0.217,0.410,-0.464,0.003,-0.209,0.000,88,E,0,,,,662351,151.77,0
288,657.724,"Mount",0.074,0.440,-0.356,-0.268,-0.160,-0.097,68,E,41,N,,,633841,129.99,0
289,660.005,"Mount",-0.152,0.400,-0.425,-0.050,-0.403,0.000,170,E,0,,,,687571,168.11,0
290,662.545,"Mount",-0.319,0.539,-0.625,0.034,-0.520,0.000,219,E,0,,,,651427,155.82,0
291,664.829,"Mount",-0.217,0.469,-0.517,-0.024,-0.485,0.000,205,E,0,,,,648526,145.86,0
INFO: SETTLING STATE CHANGE, Settling complete
292,667.266,"Mount",0.019,0.071,-0.055,-0.049,-0.277,0.000,117,E,0,,,,713775,157.63,0
293,669.550,"Mount",0.022,0.143,-0.117,-0.086,-0.308,-0.031,130,E,13,N,,,679675,157.55,0
294,672.075,"Mount",-0.100,0.084,-0.121,0.050,-0.316,0.000,133,E,0,,,,625015,146.14,0
295,674.256,"Mount",-0.028,0.009,-0.021,0.020,-0.240,0.000,101,E,0,,,,659600,145.78,0
296,676.609,"Mount",-0.044,0.043,-0.059,0.020,-0.241,0.000,102,E,0,,,,724463,181.11,0
297,678.789,"Mount",0.027,0.014,-0.000,-0.030,-0.230,0.000,97,E,0,,,,682385,190.13,0
298,681.161,"Mount",0.116,-0.189,0.221,-0.015,-0.140,0.000,59,E,0,,,,641187,146.90,0
299,683.297,"Mount",-0.061,0.005,-0.032,0.052,-0.202,0.000,85,E,0,,,,595927,147.62,0
300,685.665,"Mount",0.101,-0.127,0.159,-0.031,-0.118,0.000,50,E,0,,,,638313,141.18,0
301,687.832,"Mount",-0.040,0.011,-0.029,0.031,-0.144,0.000,61,E,0,,,,621699,148.30,0
302,690.190,"Mount",-0.004,0.001,-0.002,0.004,-0.116,0.000,49,E,0,,,,686759,152.43,0
303,692.332,"Mount",-0.031,-0.043,0.024,0.047,-0.087,0.000,37,E,0,,,,632084,154.06,0
304,694.660,"Mount",-0.076,0.065,-0.092,0.038,-0.100,0.000,42,E,0,,,,601383,142.17,0
305,696.789,"Mount",0.001,0.039,-0.034,-0.018,-0.053,0.000,22,E,0,,,,649018,132.28,0
306,699.142,"Mount",-0.028,-0.027,0.011,0.037,-0.054,0.000,23,E,0,,,,692673,168.40,0
307,701.268,"Mount",-0.041,-0.018,-0.003,0.045,-0.057,0.000,24,E,0,,,,673096,137.99,0
308,703.624,"Mount",-0.054,-0.023,-0.005,0.059,-0.083,0.000,35,E,0,,,,724512,153.19,0
309,705.835,"Mount",-0.117,-0.021,-0.035,0.113,-0.076,0.041,32,E,17,S,,,668044,152.19,0
310,708.175,"Mount",0.004,0.058,-0.050,-0.030,-0.068,0.000,29,E,0,,,,628359,141.21,0
311,710.327,"Mount",0.065,-0.013,0.042,-0.051,-0.069,0.000,29,E,0,,,,655526,142.36,0
312,712.667,"Mount",-0.044,-0.039,0.015,0.057,-0.060,0.000,25,E,0,,,,627687,150.05,0
313,714.808,"Mount",0.116,-0.131,0.170,-0.043,0.028,0.000,12,W,0,,,,673568,145.95,0
314,717.211,"Mount",0.021,-0.064,0.066,0.011,0.018,0.000,8,W,0,,,,675542,158.53,0
315,719.302,"Mount",0.022,0.076,-0.058,-0.055,0.017,0.000,7,W,0,,,,675026,149.73,0
316,721.645,"Mount",-0.094,0.083,-0.118,0.045,-0.019,0.000,8,E,0,,,,671477,155.20,0
317,723.738,"Mount",-0.102,0.078,-0.116,0.054,0.002,0.000,1,W,0,,,,658991,198.03,0
318,726.051,"Mount",-0.074,0.087,-0.111,0.025,0.012,0.000,5,W,0,,,,662523,164.11,0
319,728.155,"Mount",-0.116,0.132,-0.170,0.042,-0.029,0.000,12,E,0,,,,681654,168.96,0
320,730.550,"Mount",-0.290,0.011,-0.143,0.252,-0.022,0.091,9,E,39,S,,,644254,147.62,0
321,732.721,"Mount",-0.094,0.044,-0.082,0.063,-0.004,0.026,2,E,11,S,,,703470,163.37,0
322,735.076,"Mount",-0.068,-0.025,-0.010,0.072,0.036,0.027,15,W,11,S,,,666826,159.19,0
323,737.253,"Mount",0.043,-0.241,0.234,0.073,0.168,0.028,71,W,12,S,,,664181,156.91,0
324,739.720,"Mount",0.302,-0.118,0.244,-0.214,0.184,-0.076,78,W,32,N,,,644755,140.16,0
325,741.860,"Mount",-0.005,-0.043,0.036,0.024,0.106,0.000,45,W,0,,,,642295,161.24,0
326,744.253,"Mount",-0.001,-0.118,0.105,0.055,0.185,0.000,78,W,0,,,,646671,143.93,0
327,746.434,"Mount",0.078,-0.065,0.094,-0.039,0.174,0.000,73,W,0,,,,606209,126.67,0
328,748.817,"Mount",-0.042,-0.006,-0.014,0.040,0.157,0.000,66,W,0,,,,675414,157.44,0
329,750.952,"Mount",0.012,-0.055,0.054,0.014,0.168,0.000,71,W,0,,,,647317,134.67,0
330,753.402,"Mount",0.138,-0.132,0.181,-0.062,0.231,-0.022,98,W,10,N,,,664993,145.36,0
331,755.568,"Mount",0.010,-0.045,0.044,0.012,0.142,0.000,60,W,0,,,,615842,131.60,0
332,758.114,"Mount",0.022,-0.179,0.169,0.063,0.198,0.023,83,W,10,S,,,664877,149.56,0
333,760.317,"Mount",-0.067,-0.054,0.017,0.085,0.103,0.031,43,W,13,S,,,653949,135.06,0
334,762.700,"Mount",-0.064,-0.022,-0.010,0.067,0.078,0.025,33,W,11,S,,,675136,154.67,0
335,764.836,"Mount",-0.060,-0.112,0.071,0.105,0.091,0.039,38,W,17,S,,,665337,141.40,0
336,767.191,"Mount",-0.052,-0.023,-0.003,0.056,0.049,0.000,21,W,0,,,,598311,148.22,0
337,769.377,"Mount",-0.163,-0.143,0.052,0.211,0.031,0.076,13,W,32,S,,,614800,156.96,0
338,771.688,"Mount",-0.010,-0.049,0.039,0.031,0.022,0.000,9,W,0,,,,682667,164.53,0
339,773.808,"Mount",-0.032,0.015,-0.028,0.021,0.007,0.000,3,W,0,,,,616944,142.31,0
340,776.136,"Mount",-0.012,0.067,-0.065,-0.020,-0.041,0.000,17,E,0,,,,652593,134.74,0
341,778.276,"Mount",-0.113,0.142,-0.178,0.035,-0.099,0.000,42,E,0,,,,622166,146.40,0
342,780.664,"Mount",-0.114,-0.001,-0.051,0.101,-0.030,0.036,13,E,16,S,,,681215,149.30,0
343,782.785,"Mount",-0.026,0.011,-0.022,0.018,-0.049,0.000,21,E,0,,,,626196,155.16,0
344,785.175,"Mount",0.069,0.010,0.023,-0.066,-0.047,-0.024,20,E,10,N,,,658765,132.69,0
345,787.306,"Mount",-0.070,0.014,-0.044,0.055,-0.042,0.000,18,E,0,,,,681908,161.59,0
346,789.712,"Mount",-0.077,-0.062,0.020,0.097,-0.028,0.035,12,E,15,S,,,655392,137.95,0
347,791.817,"Mount",0.037,-0.070,0.079,-0.001,0.034,0.000,14,W,0,,,,644326,141.71,0
348,794.219,"Mount",-0.014,-0.141,0.119,0.078,0.078,0.028,33,W,12,S,,,666914,156.33,0
349,796.462,"Mount",0.001,-0.195,0.173,0.089,0.124,0.033,52,W,14,S,,,616834,160.36,0
350,798.833,"Mount",-0.003,-0.082,0.071,0.040,0.107,0.000,45,W,0,,,,646921,137.64,0
351,801.061,"Mount",-0.026,-0.107,0.083,0.072,0.132,0.026,55,W,11,S,,,621537,137.81,0
352,803.390,"Mount",0.022,-0.006,0.016,-0.016,0.117,0.000,49,W,0,,,,630912,156.40,0
353,805.513,"Mount",0.025,-0.028,0.036,-0.009,0.127,0.000,54,W,0,,,,632544,148.78,0
354,807.981,"Mount",0.269,-0.449,0.522,-0.031,0.377,0.000,159,W,0,,,,631913,150.36,0
355,810.222,"Mount",0.242,-0.337,0.410,-0.059,0.337,0.000,142,W,0,,,,687946,142.57,0
356,812.722,"Mount",0.270,-0.118,0.229,-0.185,0.302,-0.067,127,W,29,N,,,705683,163.51,0
357,814.908,"Mount",-0.046,0.025,-0.043,0.030,0.209,0.000,88,W,0,,,,645280,178.06,0
358,817.345,"Mount",-0.177,0.097,-0.168,0.112,0.158,0.040,67,W,17,S,,,674897,174.02,0
359,819.730,"Mount",-0.053,-0.032,0.004,0.062,0.226,0.024,95,W,10,S,,,623985,140.73,0
360,822.184,"Mount",-0.035,-0.120,0.090,0.086,0.260,0.032,109,W,14,S,,,648772,156.91,0
361,824.321,"Mount",-0.019,-0.045,0.032,0.038,0.204,0.000,86,W,0,,,,653869,144.89,0
362,826.755,"Mount",0.035,-0.115,0.118,0.022,0.254,0.000,107,W,0,,,,649594,144.77,0
363,829.002,"Mount",-0.127,-0.060,-0.005,0.140,0.172,0.051,72,W,22,S,,,672867,149.17,0
364,831.375,"Mount",-0.004,-0.046,0.039,0.025,0.144,0.000,61,W,0,,,,676591,146.47,0
365,833.526,"Mount",-0.191,0.118,-0.193,0.115,0.019,0.041,8,W,18,S,,,586083,134.09,0
366,835.914,"Mount",-0.051,-0.081,0.049,0.083,0.065,0.032,27,W,13,S,,,623898,151.14,0
367,838.022,"Mount",-0.050,0.029,-0.049,0.031,0.020,0.000,9,W,0,,,,611592,138.99,0
368,840.348,"Mount",-0.109,0.094,-0.133,0.053,-0.065,0.000,27,E,0,,,,641166,156.70,0
369,842.421,"Mount",-0.054,0.093,-0.107,0.005,-0.092,0.000,39,E,0,,,,655420,160.61,0
370,844.879,"Mount",-0.189,0.110,-0.185,0.117,-0.147,0.042,62,E,18,S,,,728922,152.04,0
371,846.988,"Mount",-0.067,0.070,-0.093,0.028,-0.119,0.000,50,E,0,,,,671672,176.57,0
372,849.417,"Mount",-0.073,-0.027,-0.010,0.077,-0.092,0.028,39,E,12,S,,,662181,144.85,0
373,851.604,"Mount",0.050,0.069,-0.038,-0.076,-0.082,-0.026,35,E,11,N,,,641400,153.98,0
374,854.098,"Mount",-0.088,0.008,-0.048,0.075,-0.079,0.026,33,E,11,S,,,732286,166.27,0
375,856.219,"Mount",0.062,-0.016,0.043,-0.048,-0.064,0.000,27,E,0,,,,674557,167.25,0
376,858.541,"Mount",0.018,0.080,-0.063,-0.053,-0.075,0.000,32,E,0,,,,624803,141.33,0
377,860.634,"Mount",0.054,-0.091,0.106,-0.006,0.005,0.000,2,W,0,,,,693396,145.99,0
378,862.976,"Mount",0.084,-0.025,0.061,-0.063,-0.015,-0.023,6,E,10,N,,,677789,137.99,0
379,865.107,"Mount",-0.012,0.133,-0.123,-0.051,-0.091,0.000,38,E,0,,,,682587,150.55,0
380,867.406,"Mount",-0.015,0.001,-0.008,0.013,-0.034,0.000,14,E,0,,,,659532,136.28,0
381,869.521,"Mount",0.026,0.056,-0.038,-0.048,-0.046,0.000,19,E,0,,,,686975,149.13,0
382,871.817,"Mount",0.052,0.021,0.005,-0.056,-0.052,0.000,22,E,0,,,,627091,133.71,0
383,873.924,"Mount",0.010,-0.112,0.104,0.043,-0.005,0.000,2,E,0,,,,662511,160.90,0
384,876.204,"Mount",0.079,-0.065,0.094,-0.040,-0.008,0.000,3,E,0,,,,647039,135.77,0
385,878.337,"Mount",0.054,-0.093,0.107,-0.005,0.014,0.000,6,W,0,,,,654752,161.73,0
386,880.629,"Mount",-0.101,0.090,-0.126,0.049,-0.092,0.000,39,E,0,,,,704724,152.60,0
387,882.813,"Mount",-0.186,-0.141,0.040,0.230,-0.032,0.083,13,E,35,S,,,615984,146.72,0
388,885.173,"Mount",-0.093,-0.016,-0.029,0.090,-0.030,0.036,13,E,15,S,,,644694,161.92,0
389,887.274,"Mount",-0.081,0.028,-0.063,0.059,-0.071,0.000,30,E,0,,,,605197,154.42,0
390,889.635,"Mount",-0.023,0.011,-0.020,0.015,-0.067,0.000,28,E,0,,,,778122,171.59,0
391,891.824,"Mount",-0.092,0.009,-0.050,0.077,-0.079,0.028,33,E,12,S,,,669601,163.58,0
392,894.156,"Mount",-0.009,-0.074,0.062,0.043,-0.068,0.000,29,E,0,,,,633515,153.29,0
393,896.312,"Mount",-0.102,0.070,-0.109,0.058,-0.148,0.000,62,E,0,,,,619839,146.00,0
394,898.689,"Mount",-0.021,-0.042,0.028,0.038,-0.117,0.000,50,E,0,,,,635636,152.25,0
395,900.893,"Mount",-0.089,-0.215,0.150,0.178,-0.046,0.064,20,E,27,S,,,711189,143.51,0
396,903.283,"Mount",-0.072,-0.033,-0.004,0.079,-0.092,0.031,39,E,13,S,,,594689,130.52,0
397,905.484,"Mount",-0.129,-0.134,0.059,0.177,-0.071,0.065,30,E,28,S,,,644241,142.99,0
398,907.885,"Mount",-0.021,-0.277,0.237,0.146,0.072,0.055,30,W,24,S,,,690150,171.65,0
399,909.977,"Mount",0.000,-0.069,0.062,0.032,0.005,0.000,2,W,0,,,,641686,150.89,0
400,912.379,"Mount",-0.082,-0.020,-0.020,0.082,-0.019,0.030,8,E,13,S,,,614864,151.89,0
401,914.439,"Mount",-0.056,-0.020,-0.008,0.059,-0.009,0.000,4,E,0,,,,658710,161.53,0
402,916.891,"Mount",-0.073,-0.093,0.049,0.107,-0.007,0.039,3,E,16,S,,,689502,166.94,0
403,918.987,"Mount",-0.075,0.081,-0.106,0.030,-0.054,0.000,23,E,0,,,,691842,151.96,0
404,921.345,"Mount",-0.063,0.134,-0.148,-0.006,-0.065,0.000,28,E,0,,,,723383,164.73,0
405,923.489,"Mount",-0.009,0.001,-0.005,0.007,0.015,0.000,6,W,0,,,,672536,154.63,0
406,925.798,"Mount",0.099,-0.068,0.106,-0.056,0.069,0.000,29,W,0,,,,629728,134.87,0
407,927.941,"Mount",0.028,-0.151,0.147,0.045,0.093,0.000,39,W,0,,,,623477,137.49,0
408,930.251,"Mount",0.055,-0.136,0.146,0.013,0.092,0.000,39,W,0,,,,708657,150.40,0
409,932.361,"Mount",0.008,0.017,-0.011,-0.015,0.027,0.000,11,W,0,,,,672756,138.76,0
410,934.645,"Mount",-0.046,0.011,-0.031,0.036,0.009,0.000,4,W,0,,,,604925,145.63,0
411,936.780,"Mount",-0.138,0.159,-0.205,0.049,-0.097,0.000,41,E,0,,,,616338,154.88,0
412,939.166,"Mount",-0.153,0.135,-0.191,0.073,-0.114,0.026,48,E,11,S,,,642760,153.38,0
413,941.394,"Mount",-0.277,0.233,-0.335,0.138,-0.214,0.051,90,E,22,S,,,603572,174.11,0
414,943.888,"Mount",-0.272,0.140,-0.249,0.176,-0.229,0.065,96,E,28,S,,,674968,174.94,0
415,946.026,"Mount",-0.083,0.068,-0.098,0.042,-0.185,0.000,78,E,0,,,,684455,161.90,0
416,948.413,"Mount",-0.077,0.084,-0.110,0.030,-0.210,0.000,89,E,0,,,,653309,151.16,0
417,950.621,"Mount",0.010,0.109,-0.092,-0.059,-0.212,0.000,89,E,0,,,,731766,153.19,0
418,953.024,"Mount",-0.069,0.079,-0.102,0.025,-0.212,0.000,89,E,0,,,,703237,176.70,0
419,955.177,"Mount",-0.009,0.030,-0.031,-0.006,-0.164,0.000,69,E,0,,,,686148,137.57,0
420,957.641,"Mount",0.130,0.041,0.023,-0.134,-0.165,-0.048,69,E,21,N,,,626980,145.44,0
421,959.806,"Mount",0.017,-0.009,0.016,-0.011,-0.141,0.000,59,E,0,,,,605334,153.92,0
422,962.244,"Mount",0.054,0.031,-0.003,-0.062,-0.137,-0.022,58,E,10,N,,,741937,159.10,0
423,964.418,"Mount",0.014,-0.043,0.045,0.007,-0.144,0.000,61,E,0,,,,657571,142.45,0
424,966.738,"Mount",0.038,0.035,-0.014,-0.050,-0.138,0.000,58,E,0,,,,605062,138.22,0
425,968.862,"Mount",0.058,-0.013,0.038,-0.045,-0.108,0.000,45,E,0,,,,659129,136.88,0
426,971.186,"Mount",0.105,-0.115,0.150,-0.040,-0.018,0.000,8,E,0,,,,671814,147.14,0
427,973.322,"Mount",0.203,-0.165,0.240,-0.104,0.054,-0.037,23,W,16,N,,,680595,149.16,0
428,975.723,"Mount",-0.055,-0.127,0.087,0.108,0.005,0.037,2,W,16,S,,,684941,160.51,0
429,977.919,"Mount",0.223,-0.213,0.292,-0.100,0.106,-0.034,45,W,15,N,,,612993,149.99,0
430,980.259,"Mount",0.012,-0.026,0.029,0.002,-0.024,0.000,10,E,0,,,,682120,144.59,0
431,982.367,"Mount",0.025,-0.116,0.115,0.031,0.037,0.000,16,W,0,,,,633618,154.63,0
432,984.785,"Mount",-0.086,-0.017,-0.024,0.084,-0.017,0.030,7,E,13,S,,,626308,155.05,0
433,986.894,"Mount",-0.013,-0.072,0.058,0.045,-0.031,0.000,13,E,0,,,,645175,136.35,0
434,989.252,"Mount",-0.029,0.060,-0.067,-0.002,-0.083,0.000,35,E,0,,,,604980,150.78,0
435,991.377,"Mount",-0.069,0.030,-0.058,0.047,-0.076,0.000,32,E,0,,,,682729,156.26,0
436,993.767,"Mount",-0.099,-0.028,-0.021,0.101,-0.098,0.036,41,E,16,S,,,636407,153.81,0
437,995.939,"Mount",0.012,0.015,-0.008,-0.017,-0.114,0.000,48,E,0,,,,585984,142.62,0
438,998.425,"Mount",-0.204,0.148,-0.225,0.113,-0.226,0.041,95,E,17,S,,,607555,130.66,0
439,1000.561,"Mount",-0.045,-0.024,0.000,0.051,-0.141,0.000,60,E,0,,,,694288,142.30,0
440,1003.026,"Mount",-0.057,0.021,-0.045,0.041,-0.179,0.000,75,E,0,,,,691945,166.01,0
441,1005.287,"Mount",-0.065,0.180,-0.189,-0.026,-0.292,0.000,123,E,0,,,,697080,156.82,0
442,1007.785,"Mount",-0.156,0.102,-0.162,0.091,-0.308,0.033,130,E,14,S,,,668496,168.89,0
443,1009.953,"Mount",0.106,-0.120,0.155,-0.039,-0.168,0.000,71,E,0,,,,662942,152.55,0
444,1012.463,"Mount",-0.124,0.133,-0.175,0.048,-0.352,0.000,148,E,0,,,,640933,156.58,0
445,1014.879,"Mount",-0.072,0.306,-0.305,-0.078,-0.415,-0.028,175,E,12,N,,,635909,157.21,0
446,1017.469,"Mount",0.112,0.043,0.013,-0.120,-0.275,-0.044,116,E,19,N,,,668520,142.65,0
447,1019.755,"Mount",0.137,0.135,-0.056,-0.184,-0.241,-0.068,102,E,29,N,,,689303,158.34,0
448,1022.177,"Mount",0.034,0.034,-0.014,-0.046,-0.250,0.000,106,E,0,,,,659635,156.34,0
449,1024.395,"Mount",0.022,0.044,-0.029,-0.040,-0.256,0.000,108,E,0,,,,644677,136.81,0
450,1026.935,"Mount",-0.109,0.046,-0.091,0.075,-0.279,0.027,118,E,12,S,,,583931,157.03,0
451,1029.089,"Mount",0.008,-0.028,0.029,0.005,-0.232,0.000,98,E,0,,,,626356,142.28,0
452,1031.477,"Mount",0.042,-0.006,0.025,-0.035,-0.207,0.000,87,E,0,,,,624907,127.54,0
453,1033.666,"Mount",0.141,-0.096,0.150,-0.081,-0.083,-0.029,35,E,12,N,,,687077,163.62,0
454,1035.988,"Mount",0.071,-0.121,0.140,-0.007,-0.073,0.000,31,E,0,,,,677090,145.35,0
455,1038.164,"Mount",-0.058,-0.126,0.085,0.109,-0.094,0.039,39,E,17,S,,,704143,158.85,0
456,1040.554,"Mount",-0.016,-0.192,0.163,0.103,-0.031,0.039,13,E,17,S,,,649191,145.85,0
457,1042.771,"Mount",-0.115,0.026,-0.076,0.090,-0.104,0.034,44,E,15,S,,,630063,150.08,0
458,1045.096,"Mount",-0.031,-0.034,0.015,0.043,-0.053,0.000,22,E,0,,,,617907,137.42,0
459,1047.237,"Mount",-0.051,-0.174,0.131,0.126,0.015,0.045,6,W,19,S,,,689834,146.79,0
460,1049.537,"Mount",0.057,-0.146,0.156,0.017,0.011,0.000,5,W,0,,,,625701,127.49,0
461,1051.609,"Mount",-0.000,-0.090,0.080,0.041,-0.029,0.000,12,E,0,,,,639776,154.75,0
462,1053.921,"Mount",0.009,-0.005,0.008,-0.006,-0.062,0.000,26,E,0,,,,673049,151.89,0
463,1055.996,"Mount",0.012,-0.036,0.038,0.006,-0.058,0.000,24,E,0,,,,628032,138.37,0
464,1058.272,"Mount",0.019,-0.017,0.024,-0.009,-0.057,0.000,24,E,0,,,,659782,142.78,0
465,1060.457,"Mount",-0.092,0.019,-0.060,0.073,-0.061,0.026,26,E,11,S,,,601075,158.35,0
466,1062.783,"Mount",0.008,-0.010,0.012,-0.003,-0.052,0.000,22,E,0,,,,674341,146.75,0
467,1064.859,"Mount",0.008,0.020,-0.014,-0.016,-0.032,0.000,14,E,0,,,,607168,153.96,0
468,1067.236,"Mount",-0.036,-0.139,0.107,0.096,0.031,0.035,13,W,15,S,,,744221,156.70,0
469,1069.298,"Mount",0.013,-0.007,0.012,-0.009,0.005,0.000,2,W,0,,,,698875,147.67,0
470,1071.691,"Mount",-0.088,0.008,-0.047,0.074,0.031,0.027,13,W,11,S,,,655774,147.73,0
471,1073.783,"Mount",-0.029,-0.008,-0.007,0.029,0.034,0.000,14,W,0,,,,639432,167.09,0
472,1076.170,"Mount",-0.079,0.005,-0.041,0.068,0.039,0.024,16,W,10,S,,,606325,168.12,0
473,1078.329,"Mount",0.014,-0.120,0.113,0.043,0.112,0.000,47,W,0,,,,662877,148.31,0
474,1080.703,"Mount",0.084,-0.161,0.181,-0.001,0.128,0.000,54,W,0,,,,634953,140.30,0
475,1082.853,"Mount",-0.018,-0.073,0.056,0.049,0.067,0.000,28,W,0,,,,662151,171.80,0
476,1085.272,"Mount",0.291,-0.437,0.522,-0.056,0.326,0.000,138,W,0,,,,722229,164.05,0
477,1087.548,"Mount",-0.080,-0.365,0.288,0.240,0.234,0.086,99,W,37,S,,,679805,133.33,0
478,1089.976,"Mount",-0.288,0.034,-0.163,0.240,0.051,0.090,21,W,38,S,,,599677,141.76,0
479,1092.111,"Mount",-0.053,0.146,-0.154,-0.021,0.077,0.000,32,W,0,,,,647458,149.97,0
480,1094.466,"Mount",-0.009,0.083,-0.078,-0.031,0.108,0.000,45,W,0,,,,667659,173.20,0
481,1096.650,"Mount",-0.001,0.026,-0.023,-0.011,0.117,0.000,49,W,0,,,,628940,145.82,0
482,1099.021,"Mount",0.049,-0.036,0.054,-0.027,0.129,0.000,54,W,0,,,,618143,147.24,0
483,1101.282,"Mount",0.025,-0.125,0.123,0.035,0.178,0.000,75,W,0,,,,690005,147.73,0
484,1103.690,"Mount",0.156,-0.183,0.235,-0.053,0.238,0.000,100,W,0,,,,668914,146.42,0
485,1105.864,"Mount",0.105,-0.068,0.108,-0.062,0.167,-0.022,71,W,10,N,,,657165,135.01,0
486,1108.219,"Mount",0.032,-0.014,0.027,-0.022,0.131,0.000,55,W,0,,,,604983,130.60,0
487,1110.432,"Mount",-0.015,-0.146,0.123,0.081,0.167,0.029,70,W,13,S,,,625856,135.35,0
488,1112.791,"Mount",-0.001,-0.026,0.023,0.013,0.090,0.000,38,W,0,,,,694566,153.60,0
489,1114.987,"Mount",-0.067,-0.052,0.015,0.084,0.068,0.030,29,W,13,S,,,628628,139.06,0
490,1117.331,"Mount",-0.005,0.028,-0.027,-0.009,0.044,0.000,19,W,0,,,,654453,143.91,0
491,1119.424,"Mount",-0.001,-0.034,0.029,0.017,0.015,0.000,6,W,0,,,,648259,154.75,0
492,1121.731,"Mount",0.086,-0.115,0.142,-0.023,0.064,0.000,27,W,0,,,,617667,165.67,0
493,1123.822,"Mount",-0.028,-0.053,0.034,0.050,-0.020,0.000,9,E,0,,,,659776,145.05,0
494,1126.195,"Mount",-0.071,-0.022,-0.013,0.073,-0.024,0.026,10,E,11,S,,,646298,139.04,0
495,1128.310,"Mount",0.008,0.036,-0.028,-0.024,-0.026,0.000,11,E,0,,,,639274,154.56,0
496,1130.709,"Mount",-0.096,-0.045,-0.005,0.106,-0.034,0.038,14,E,16,S,,,641102,163.02,0
497,1132.819,"Mount",0.043,-0.035,0.050,-0.022,-0.035,0.000,15,E,0,,,,667734,149.83,0
498,1135.144,"Mount",0.026,0.007,0.005,-0.026,-0.026,0.000,11,E,0,,,,689661,142.07,0
499,1137.252,"Mount",-0.027,0.039,-0.047,0.005,-0.012,0.000,5,E,0,,,,629827,147.75,0
500,1139.659,"Mount",-0.162,-0.003,-0.072,0.145,-0.028,0.052,12,E,22,S,,,655044,155.35,0
501,1141.776,"Mount",-0.001,0.018,-0.016,-0.008,0.022,0.000,9,W,0,,,,578229,137.65,0
502,1144.114,"Mount",0.100,-0.073,0.111,-0.055,0.090,0.000,38,W,0,,,,663079,145.10,0
503,1146.251,"Mount",0.023,0.070,-0.052,-0.052,0.062,0.000,26,W,0,,,,637550,151.06,0
504,1148.624,"Mount",0.039,-0.005,0.023,-0.032,0.089,0.000,38,W,0,,,,643719,163.01,0
505,1150.914,"Mount",-0.010,-0.048,0.038,0.031,0.104,0.000,44,W,0,,,,676748,176.51,0
506,1153.283,"Mount",0.089,-0.162,0.185,-0.004,0.213,0.000,90,W,0,,,,654952,150.88,0
507,1155.450,"Mount",0.057,-0.090,0.106,-0.009,0.191,0.000,81,W,0,,,,634939,156.91,0
508,1157.958,"Mount",0.181,-0.048,0.126,-0.138,0.238,-0.050,100,W,21,N,,,687437,161.22,0
509,1160.175,"Mount",0.135,-0.204,0.244,-0.025,0.310,0.000,131,W,0,,,,650733,168.85,0
510,1162.628,"Mount",0.022,-0.136,0.131,0.043,0.278,0.000,117,W,0,,,,614211,151.22,0
511,1164.810,"Mount",-0.001,-0.089,0.079,0.042,0.265,0.000,112,W,0,,,,630482,171.47,0
512,1167.222,"Mount",0.011,-0.031,0.032,0.004,0.243,0.000,103,W,0,,,,676093,170.39,0
513,1169.407,"Mount",0.006,-0.139,0.126,0.059,0.280,0.000,118,W,0,,,,667944,152.57,0
514,1172.049,"Mount",0.287,-0.493,0.570,-0.027,0.490,0.000,207,W,0,,,,643149,154.95,0
515,1174.343,"Mount",0.248,-0.097,0.200,-0.176,0.294,-0.063,124,W,27,N,,,684093,162.40,0
516,1176.727,"Mount",-0.068,0.105,-0.125,0.012,0.141,0.000,60,W,0,,,,657509,161.14,0
517,1178.850,"Mount",-0.186,0.330,-0.378,0.013,-0.013,0.000,5,E,0,,,,665686,156.74,0
518,1181.174,"Mount",-0.121,0.109,-0.152,0.057,0.039,0.000,17,W,0,,,,723944,163.79,0
519,1183.419,"Mount",-0.387,0.211,-0.365,0.246,-0.098,0.088,41,E,38,S,,,684249,162.17,0
520,1185.758,"Mount",-0.111,0.088,-0.129,0.058,-0.038,0.000,16,E,0,,,,623505,182.87,0
521,1187.898,"Mount",-0.150,0.173,-0.223,0.054,-0.124,0.000,52,E,0,,,,708746,155.75,0
522,1190.362,"Mount",-0.281,0.004,-0.133,0.248,-0.118,0.089,50,E,38,S,,,686437,155.84,0
523,1192.545,"Mount",-0.151,0.034,-0.100,0.118,-0.114,0.046,48,E,20,S,,,637283,144.17,0
524,1194.903,"Mount",0.018,0.068,-0.052,-0.048,-0.080,0.000,34,E,0,,,,666336,148.23,0
525,1197.003,"Mount",-0.015,0.015,-0.020,0.007,-0.066,0.000,28,E,0,,,,653120,152.80,0
526,1199.555,"Mount",-0.209,-0.051,-0.051,0.209,-0.075,0.075,32,E,32,S,,,604499,130.24,0
527,1201.761,"Mount",-0.083,0.142,-0.164,0.008,-0.136,0.000,57,E,0,,,,593328,139.92,0
528,1204.039,"Mount",0.061,-0.038,0.062,-0.036,-0.027,0.000,11,E,0,,,,668343,141.88,0
529,1206.203,"Mount",0.238,-0.046,0.150,-0.190,0.021,-0.068,9,W,29,N,,,618958,164.24,0
530,1208.528,"Mount",-0.036,0.101,-0.106,-0.015,-0.101,0.000,42,E,0,,,,678731,200.18,0
531,1210.665,"Mount",-0.082,0.112,-0.137,0.021,-0.111,0.000,47,E,0,,,,619720,137.29,0
532,1212.982,"Mount",-0.023,0.085,-0.086,-0.019,-0.086,0.000,36,E,0,,,,645978,158.96,0
533,1215.076,"Mount",0.017,0.089,-0.071,-0.057,-0.071,0.000,30,E,0,,,,570469,146.96,0
534,1217.431,"Mount",-0.056,0.071,-0.089,0.016,-0.087,0.000,37,E,0,,,,627895,153.92,0
535,1219.597,"Mount",0.050,0.148,-0.108,-0.113,-0.096,-0.041,41,E,17,N,,,660179,145.69,0
536,1221.924,"Mount",-0.048,0.038,-0.056,0.026,-0.051,0.000,21,E,0,,,,667832,139.28,0
537,1224.115,"Mount",-0.168,0.135,-0.198,0.087,-0.125,0.031,53,E,13,S,,,624149,162.27,0
538,1226.409,"Mount",-0.015,0.023,-0.027,0.002,-0.035,0.000,15,E,0,,,,605548,141.71,0
539,1228.545,"Mount",0.116,0.013,0.042,-0.109,-0.038,-0.039,16,E,17,N,,,615675,144.63,0
540,1230.950,"Mount",0.046,0.098,-0.066,-0.086,-0.076,-0.033,32,E,14,N,,,654242,143.05,0
541,1233.058,"Mount",0.064,-0.043,0.068,-0.037,-0.021,0.000,9,E,0,,,,662467,145.60,0
542,1235.413,"Mount",-0.097,0.064,-0.101,0.056,-0.106,0.000,45,E,0,,,,681319,161.46,0
543,1237.580,"Mount",-0.078,0.018,-0.052,0.061,-0.067,0.022,28,E,9,S,,,686466,169.56,0
544,1239.924,"Mount",-0.009,-0.033,0.025,0.023,-0.075,0.000,31,E,0,,,,574675,129.28,0
545,1242.088,"Mount",-0.079,0.138,-0.158,0.006,-0.151,0.000,64,E,0,,,,646524,165.53,0
546,1244.397,"Mount",0.018,-0.090,0.088,0.025,-0.047,0.000,20,E,0,,,,722054,174.62,0
547,1246.489,"Mount",-0.013,-0.001,-0.005,0.012,-0.092,0.000,39,E,0,,,,671750,148.49,0
548,1248.894,"Mount",0.018,-0.228,0.211,0.090,0.002,0.032,1,W,14,S,,,707873,158.27,0
549,1250.984,"Mount",0.005,-0.019,0.020,0.004,-0.079,0.000,34,E,0,,,,686659,144.41,0
550,1253.326,"Mount",-0.028,0.000,-0.013,0.024,-0.051,0.000,22,E,0,,,,616970,148.72,0
551,1255.467,"Mount",-0.025,-0.126,0.101,0.081,0.003,0.029,1,W,12,S,,,665134,156.22,0
552,1257.802,"Mount",-0.028,-0.006,-0.007,0.028,-0.037,0.000,15,E,0,,,,654385,149.19,0
553,1259.968,"Mount",-0.048,-0.084,0.053,0.081,-0.034,0.029,15,E,13,S,,,613524,151.99,0
554,1262.298,"Mount",-0.047,0.044,-0.060,0.022,-0.049,0.000,21,E,0,,,,648703,158.34,0
555,1264.390,"Mount",-0.015,0.069,-0.068,-0.019,-0.040,0.000,17,E,0,,,,645248,137.58,0
556,1266.717,"Mount",-0.007,0.012,-0.014,0.000,-0.003,0.000,1,E,0,,,,626658,147.65,0
557,1271.084,"Mount",0.127,-0.140,0.182,-0.048,0.104,0.000,44,W,0,,,,678505,147.19,0
558,1273.162,"Mount",0.043,-0.014,0.032,-0.032,0.029,0.000,12,W,0,,,,646019,137.19,0
INFO: SET LOCK POSITION, new lock pos = 892.370, 406.637
INFO: DITHER by -5.090, 13.463, new lock pos = 878.075, 404.956
INFO: SETTLING STATE CHANGE, Settling started
559,1283.395,"Mount",14.294,1.681,5.090,-13.463,5.090,-13.463,2147,W,5758,N,,,696610,157.77,0
560,1286.020,"Mount",0.011,1.100,-0.972,-0.518,-0.437,-0.186,184,E,80,N,,,682381,147.23,0
561,1288.335,"Mount",0.139,0.681,-0.540,-0.438,-0.243,-0.165,102,E,71,N,,,646300,177.36,0
562,1290.782,"Mount",-0.072,0.269,-0.272,-0.060,-0.122,-0.028,52,E,12,N,,,658107,167.37,0
563,1293.021,"Mount",-0.258,0.352,-0.431,0.067,-0.194,0.023,82,E,10,S,,,716931,165.23,0
564,1295.492,"Mount",-0.395,0.383,-0.522,0.174,-0.235,0.063,99,E,27,S,,,680525,164.33,0
565,1297.639,"Mount",-0.228,0.337,-0.405,0.047,-0.182,0.000,77,E,0,,,,654491,167.46,0
566,1300.159,"Mount",-0.270,0.378,-0.460,0.065,-0.207,0.023,87,E,10,S,,,672556,164.67,0
567,1302.460,"Mount",-0.442,0.344,-0.509,0.234,-0.229,0.085,97,E,36,S,,,649089,180.93,0
568,1304.954,"Mount",-0.384,0.361,-0.498,0.174,-0.224,0.066,94,E,28,S,,,618679,168.45,0
569,1307.118,"Mount",-0.205,0.288,-0.350,0.049,-0.157,0.000,66,E,0,,,,651936,142.38,0
570,1309.579,"Mount",-0.230,0.333,-0.401,0.050,-0.334,0.000,141,E,0,,,,659671,167.29,0
571,1311.873,"Mount",-0.289,0.436,-0.520,0.055,-0.398,0.000,168,E,0,,,,690343,139.46,0
572,1314.376,"Mount",0.046,0.089,-0.058,-0.082,-0.152,-0.029,64,E,13,N,,,671397,161.14,0
573,1316.489,"Mount",0.052,0.007,0.018,-0.050,-0.121,0.000,51,E,0,,,,645639,134.81,0
INFO: SETTLING STATE CHANGE, Settling complete
574,1318.956,"Mount",-0.191,0.011,-0.098,0.164,-0.119,0.059,50,E,25,S,,,720287,168.31,0
Guiding Ends at 2026-04-02 21:47:05

Guiding Begins at 2026-04-02 21:49:42
Equipment Profile = 60mmGuide
Dither = both axes, Dither scale = 1.000, Image noise reduction = none, Guide-frame time lapse = 0, Server enabled
Pixel scale = 3.22 arc-sec/px, Binning = 1, Focal length = 240 mm
Search region = 25 px, Star mass tolerance = 50.0%, Multi-star mode, list size = 12
 Camera = ZWO ASI120MM Mini, gain = 37, full size = 1280 x 960, have dark, dark dur = 2000, no defect map, pixel size = 3.8 um
Exposure = 2000 ms
Mount = iOptron CEM120,70,40,26, GEM, HEM, HAE, HAZ series and SkyHunter Mount (ASCOM), connected, guiding enabled, xAngle = -62.6, xRate = 2.371, yAngle = -152.7, yRate = 2.338, parity = +/-
Norm rates RA = 8.3"/s @ dec 0, Dec = 7.5"/s; ortho.err. = 0.1 deg
X guide algorithm = Predictive PEC, Control gain = 0.450
Prediction gain = 0.750
Minimum move = 0.060
Hyperparameters
	Length scale long range SE kernel = 700.000
	Signal variance long range SE kernel = 20.000
	Length scale periodic kernel = 10.000
	Signal variance periodic kernel = 20.000
	Length scale short range SE kernel = 25.000
	Signal variance short range SE kernel = 10.000
	Period length periodic kernel = 348.000
	FFT called after = 2.000 worm cycles
	Auto-adjust period length = Off
Y guide algorithm = Hysteresis, Hysteresis = 0.100, Aggression = 0.400, Minimum move = 0.060
Backlash comp = disabled, pulse = 100 ms
Max RA duration = 2500, Max DEC duration = 2500, DEC guide mode = Auto
RA Guide Speed = 7.5 a-s/s, Dec Guide Speed = 7.5 a-s/s, Cal Dec = 0.0, Last Cal Issue = None, Timestamp = 7/29/2025 9:33:42 PM
RA = 6.87 hr, Dec = -22.6 deg, Hour angle = 2.09 hr, Pier side = East, Rotator pos = N/A, Alt = 28.1 deg, Az = 213.0 deg
Lock position = 876.839, 406.909, Star position = 876.839, 406.909, HFD = 4.59 px
Frame,Time,mount,dx,dy,RARawDistance,DECRawDistance,RAGuideDistance,DECGuideDistance,RADuration,RADirection,DECDuration,DECDirection,XStep,YStep,StarMass,SNR,ErrorCode
INFO: SETTLING STATE CHANGE, Settling started
1,2.215,"Mount",0.088,-0.146,0.170,-0.010,0.077,0.000,32,W,0,,,,680555,173.21,0
2,4.563,"Mount",-0.078,-0.026,-0.013,0.082,-0.006,0.029,2,E,13,S,,,629169,153.49,0
3,6.733,"Mount",-0.212,0.145,-0.227,0.121,-0.102,0.045,43,E,19,S,,,673432,135.85,0
4,9.038,"Mount",-0.015,0.077,-0.075,-0.022,-0.034,0.000,14,E,0,,,,670552,156.48,0
5,11.147,"Mount",-0.021,0.155,-0.147,-0.053,-0.066,0.000,28,E,0,,,,678569,150.76,0
6,13.512,"Mount",-0.198,-0.117,0.013,0.230,0.006,0.083,2,W,35,S,,,659303,155.89,0
7,15.645,"Mount",0.109,-0.131,0.166,-0.036,0.075,0.000,32,W,0,,,,663815,158.43,0
8,17.978,"Mount",0.121,-0.223,0.254,-0.004,0.114,0.000,48,W,0,,,,642570,139.04,0
9,20.128,"Mount",0.114,-0.229,0.256,0.005,0.115,0.000,49,W,0,,,,650370,162.32,0
INFO: SETTLING STATE CHANGE, Settling complete
10,22.505,"Mount",0.015,-0.197,0.181,0.078,0.082,0.028,34,W,12,S,,,687901,150.33,0
11,24.754,"Mount",0.283,-0.515,0.587,-0.013,0.373,0.000,157,W,0,,,,674471,146.72,0
12,27.148,"Mount",0.146,-0.237,0.278,-0.020,0.262,0.000,110,W,0,,,,641395,137.88,0
13,29.379,"Mount",0.130,-0.236,0.270,-0.007,0.284,0.000,120,W,0,,,,640344,135.49,0
14,31.938,"Mount",0.162,-0.119,0.180,-0.088,0.292,-0.032,123,W,14,N,,,616852,161.25,0
15,34.154,"Mount",0.001,-0.025,0.022,0.011,0.226,0.000,95,W,0,,,,664923,132.88,0
16,36.524,"Mount",0.008,-0.078,0.073,0.029,0.282,0.000,119,W,0,,,,679109,168.42,0
17,38.680,"Mount",-0.073,0.040,-0.069,0.047,0.227,0.000,96,W,0,,,,637682,141.62,0
18,41.051,"Mount",-0.060,0.075,-0.094,0.019,0.213,0.000,90,W,0,,,,623413,88.05,0
19,43.271,"Mount",0.042,-0.051,0.064,-0.014,0.274,0.000,116,W,0,,,,646786,157.20,0
20,45.684,"Mount",-0.031,0.121,-0.122,-0.029,0.196,0.000,83,W,0,,,,672996,143.40,0
21,47.919,"Mount",0.046,0.044,-0.018,-0.061,0.202,-0.022,85,W,9,N,,,673151,163.34,0
22,50.290,"Mount",0.050,0.022,0.004,-0.054,0.174,0.000,73,W,0,,,,617018,151.70,0
23,52.410,"Mount",-0.015,0.075,-0.074,-0.021,0.070,0.000,29,W,0,,,,648212,144.52,0
24,54.733,"Mount",0.076,0.170,-0.116,-0.145,0.000,-0.052,0,,22,N,,,681408,154.64,0
25,56.948,"Mount",-0.213,0.149,-0.230,0.120,-0.087,0.041,37,E,18,S,,,641281,155.31,0
26,59.310,"Mount",-0.122,0.167,-0.204,0.031,-0.121,0.000,51,E,0,,,,661898,140.73,0
27,61.449,"Mount",-0.036,0.117,-0.120,-0.022,-0.109,0.000,46,E,0,,,,701731,154.52,0
28,63.905,"Mount",-0.081,0.193,-0.209,-0.017,-0.155,0.000,65,E,0,,,,575247,137.78,0
29,66.139,"Mount",-0.152,0.019,-0.087,0.126,-0.093,0.045,39,E,19,S,,,663445,139.82,0
30,68.424,"Mount",0.022,-0.084,0.085,0.020,-0.019,0.000,8,E,0,,,,651270,150.61,0
31,70.558,"Mount",-0.112,0.021,-0.070,0.089,-0.094,0.032,39,E,14,S,,,631920,140.27,0
32,72.974,"Mount",-0.092,0.007,-0.049,0.078,-0.065,0.029,27,E,13,S,,,628261,133.28,0
33,75.103,"Mount",-0.023,0.034,-0.041,0.005,-0.055,0.000,23,E,0,,,,648266,142.52,0
34,77.457,"Mount",-0.054,-0.013,-0.013,0.054,-0.053,0.000,22,E,0,,,,680114,161.44,0
35,79.621,"Mount",-0.080,0.020,-0.055,0.062,-0.043,0.022,18,E,9,S,,,620741,139.06,0
36,81.964,"Mount",-0.040,-0.005,-0.014,0.037,-0.053,0.000,22,E,0,,,,651518,139.87,0
37,84.134,"Mount",-0.063,0.054,-0.077,0.031,-0.082,0.000,34,E,0,,,,743392,165.55,0
38,86.458,"Mount",-0.069,0.036,-0.064,0.045,-0.087,0.000,37,E,0,,,,650788,156.18,0
39,88.627,"Mount",0.043,0.018,0.004,-0.047,-0.056,0.000,24,E,0,,,,648698,151.93,0
40,90.939,"Mount",0.032,-0.072,0.079,0.005,-0.022,0.000,9,E,0,,,,695013,170.06,0
41,93.030,"Mount",0.002,-0.046,0.041,0.019,-0.052,0.000,22,E,0,,,,675291,168.13,0
42,95.354,"Mount",0.012,-0.073,0.071,0.023,-0.010,0.000,4,E,0,,,,654951,156.62,0
43,97.456,"Mount",-0.034,-0.040,0.020,0.048,-0.023,0.000,10,E,0,,,,623418,154.68,0
44,99.813,"Mount",-0.022,0.091,-0.091,-0.022,-0.065,0.000,27,E,0,,,,640985,148.91,0
45,101.963,"Mount",-0.086,0.015,-0.052,0.069,-0.022,0.025,9,E,11,S,,,613331,153.39,0
46,104.396,"Mount",-0.152,-0.075,-0.004,0.169,-0.035,0.062,15,E,26,S,,,630878,152.31,0
47,106.561,"Mount",-0.121,-0.031,-0.028,0.122,-0.065,0.046,27,E,20,S,,,696823,155.33,0
48,108.968,"Mount",-0.112,0.011,-0.061,0.095,-0.096,0.036,41,E,15,S,,,644661,148.41,0
49,111.184,"Mount",-0.105,-0.081,0.023,0.131,-0.074,0.048,31,E,21,S,,,680084,157.40,0
50,113.537,"Mount",-0.034,0.010,-0.025,0.025,-0.080,0.000,34,E,0,,,,675638,161.20,0
51,115.757,"Mount",0.091,-0.063,0.098,-0.051,-0.040,0.000,17,E,0,,,,644157,154.14,0
52,118.052,"Mount",0.010,0.019,-0.012,-0.018,-0.097,0.000,41,E,0,,,,705008,160.63,0
53,120.191,"Mount",-0.022,-0.044,0.029,0.040,-0.075,0.000,31,E,0,,,,705983,168.06,0
54,122.483,"Mount",0.042,-0.077,0.088,-0.002,-0.006,0.000,2,E,0,,,,678865,170.67,0
55,124.623,"Mount",-0.031,-0.076,0.053,0.063,-0.034,0.023,14,E,10,S,,,709377,148.85,0
56,126.963,"Mount",0.097,-0.040,0.080,-0.068,0.004,-0.024,2,W,10,N,,,659673,154.41,0
57,129.034,"Mount",0.036,-0.064,0.073,-0.003,-0.006,0.000,3,E,0,,,,593758,141.88,0
58,131.329,"Mount",-0.013,-0.037,0.027,0.029,-0.044,0.000,19,E,0,,,,676579,183.84,0
59,133.436,"Mount",0.028,-0.036,0.045,-0.008,-0.034,0.000,14,E,0,,,,640651,154.61,0
60,135.746,"Mount",-0.060,0.067,-0.087,0.022,-0.074,0.000,31,E,0,,,,685709,165.38,0
61,137.944,"Mount",-0.179,0.092,-0.164,0.116,-0.094,0.042,40,E,18,S,,,701727,151.77,0
62,140.286,"Mount",0.030,0.020,-0.004,-0.036,-0.006,0.000,2,E,0,,,,676879,158.03,0
63,142.424,"Mount",0.068,0.020,0.014,-0.070,0.014,-0.025,6,W,11,N,,,632965,147.39,0
64,144.763,"Mount",0.059,-0.098,0.114,-0.007,0.081,0.000,34,W,0,,,,672130,157.61,0
65,146.965,"Mount",0.258,-0.117,0.223,-0.175,0.146,-0.063,61,W,27,N,,,644813,147.71,0
66,149.325,"Mount",0.011,-0.060,0.059,0.018,0.050,0.000,21,W,0,,,,618318,140.64,0
67,151.486,"Mount",0.028,0.120,-0.094,-0.080,-0.016,-0.029,7,E,12,N,,,678456,148.31,0
68,153.849,"Mount",0.023,0.028,-0.014,-0.034,0.024,0.000,10,W,0,,,,647988,171.41,0
69,156.047,"Mount",-0.110,0.056,-0.100,0.072,-0.063,0.026,27,E,11,S,,,728778,157.42,0
70,158.387,"Mount",-0.051,0.104,-0.116,-0.003,-0.093,0.000,39,E,0,,,,715543,158.30,0
71,160.515,"Mount",-0.053,0.173,-0.178,-0.033,-0.142,0.000,60,E,0,,,,732957,177.04,0
72,162.882,"Mount",-0.020,0.076,-0.077,-0.017,-0.124,0.000,52,E,0,,,,644931,165.46,0
73,165.021,"Mount",-0.044,0.115,-0.123,-0.014,-0.154,0.000,65,E,0,,,,645935,167.14,0
74,167.450,"Mount",-0.118,0.094,-0.138,0.061,-0.197,0.022,83,E,9,S,,,676861,146.83,0
75,169.590,"Mount",-0.010,0.040,-0.040,-0.009,-0.136,0.000,57,E,0,,,,573689,134.33,0
76,172.032,"Mount",-0.137,0.243,-0.278,0.009,-0.270,0.000,114,E,0,,,,659907,148.87,0
77,174.250,"Mount",-0.126,0.230,-0.262,0.005,-0.276,0.000,116,E,0,,,,651896,145.76,0
78,176.690,"Mount",0.044,0.101,-0.070,-0.086,-0.218,-0.031,92,E,13,N,,,720122,137.65,0
79,178.836,"Mount",-0.028,0.089,-0.092,-0.016,-0.205,0.000,86,E,0,,,,642411,142.20,0
80,181.259,"Mount",-0.034,-0.062,0.040,0.058,-0.211,0.000,89,E,0,,,,689038,145.11,0
81,183.411,"Mount",-0.010,-0.093,0.078,0.051,-0.146,0.000,62,E,0,,,,660073,148.33,0
82,185.833,"Mount",-0.024,-0.115,0.091,0.075,-0.118,0.027,50,E,12,S,,,680575,168.17,0
83,187.957,"Mount",0.047,-0.085,0.097,-0.002,-0.070,0.000,29,E,0,,,,646884,154.63,0
84,190.283,"Mount",0.016,-0.117,0.112,0.040,-0.008,0.000,4,E,0,,,,697218,164.67,0
85,192.456,"Mount",-0.019,-0.163,0.136,0.092,0.047,0.033,20,W,14,S,,,647698,134.43,0
86,194.829,"Mount",-0.086,-0.082,0.033,0.114,0.005,0.042,2,W,18,S,,,660329,169.73,0
87,197.074,"Mount",-0.123,-0.331,0.237,0.262,0.113,0.096,48,W,41,S,,,721249,149.27,0
88,199.418,"Mount",0.073,-0.120,0.140,-0.009,0.063,0.000,27,W,0,,,,659609,166.33,0
89,201.590,"Mount",-0.098,-0.039,-0.010,0.105,-0.033,0.038,14,E,16,S,,,661226,141.20,0
90,203.931,"Mount",-0.091,0.070,-0.105,0.049,-0.076,0.000,32,E,0,,,,684916,144.66,0
91,206.036,"Mount",-0.030,0.023,-0.034,0.016,-0.038,0.000,16,E,0,,,,605387,144.73,0
92,208.366,"Mount",-0.004,-0.048,0.041,0.025,-0.058,0.000,25,E,0,,,,646830,134.12,0
93,210.471,"Mount",-0.026,0.011,-0.022,0.018,-0.079,0.000,33,E,0,,,,704446,157.82,0
94,212.844,"Mount",-0.140,0.168,-0.213,0.047,-0.165,0.000,70,E,0,,,,672207,150.37,0
95,214.950,"Mount",0.021,-0.086,0.086,0.021,-0.041,0.000,17,E,0,,,,680943,152.71,0
96,217.381,"Mount",-0.026,0.067,-0.071,-0.007,-0.115,0.000,49,E,0,,,,707647,164.71,0
97,219.647,"Mount",-0.083,0.180,-0.198,-0.009,-0.183,0.000,77,E,0,,,,661320,144.97,0
98,222.030,"Mount",-0.092,0.158,-0.183,0.009,-0.210,0.000,89,E,0,,,,677228,147.84,0
99,224.201,"Mount",-0.070,0.189,-0.200,-0.025,-0.249,0.000,105,E,0,,,,651488,141.62,0
100,226.607,"Mount",-0.108,0.180,-0.210,0.012,-0.301,0.000,127,E,0,,,,668453,182.09,0
101,228.835,"Mount",-0.049,0.141,-0.148,-0.021,-0.312,0.000,132,E,0,,,,682784,157.84,0
102,231.316,"Mount",-0.084,0.178,-0.197,-0.008,-0.375,0.000,158,E,0,,,,701904,147.08,0
103,233.547,"Mount",-0.045,0.117,-0.124,-0.014,-0.341,0.000,144,E,0,,,,579618,154.74,0
104,236.017,"Mount",-0.017,0.100,-0.097,-0.032,-0.318,0.000,134,E,0,,,,717908,164.69,0
105,238.378,"Mount",-0.119,0.081,-0.127,0.068,-0.318,0.024,134,E,10,S,,,601635,128.45,0
106,240.810,"Mount",0.061,-0.012,0.039,-0.049,-0.300,0.000,127,E,0,,,,672899,179.13,0
107,242.966,"Mount",0.056,-0.028,0.051,-0.037,-0.241,0.000,102,E,0,,,,689893,167.63,0
108,245.383,"Mount",0.010,-0.087,0.082,0.031,-0.201,0.000,85,E,0,,,,638552,136.79,0
109,247.529,"Mount",0.031,-0.100,0.103,0.019,-0.133,0.000,56,E,0,,,,668307,153.11,0
110,249.944,"Mount",-0.027,-0.178,0.145,0.106,-0.101,0.038,43,E,16,S,,,664817,160.23,0
111,252.160,"Mount",-0.114,-0.030,-0.026,0.115,-0.139,0.043,59,E,18,S,,,654754,152.45,0
112,254.581,"Mount",-0.148,-0.025,-0.046,0.143,-0.136,0.053,57,E,23,S,,,657887,164.33,0
113,256.735,"Mount",-0.017,0.006,-0.013,0.012,-0.135,0.000,57,E,0,,,,733226,165.01,0
114,259.056,"Mount",0.059,-0.037,0.060,-0.035,-0.089,0.000,37,E,0,,,,646493,134.71,0
115,261.177,"Mount",0.042,-0.182,0.181,0.047,-0.047,0.000,20,E,0,,,,708280,160.41,0
116,263.569,"Mount",0.131,-0.102,0.150,-0.069,-0.027,-0.025,11,E,11,N,,,663907,150.27,0
117,265.692,"Mount",0.039,-0.086,0.094,0.005,-0.072,0.000,30,E,0,,,,644900,139.39,0
118,268.047,"Mount",0.008,-0.223,0.202,0.096,0.022,0.035,9,W,15,S,,,648179,152.24,0
119,270.167,"Mount",0.080,-0.099,0.125,-0.026,-0.004,0.000,2,E,0,,,,700700,162.59,0
120,272.448,"Mount",0.028,0.024,-0.008,-0.036,-0.012,0.000,5,E,0,,,,670111,160.13,0
121,274.575,"Mount",0.024,-0.113,0.111,0.031,0.047,0.000,20,W,0,,,,682431,154.71,0
122,276.904,"Mount",0.082,-0.159,0.179,0.001,0.046,0.000,20,W,0,,,,658521,155.36,0
123,279.004,"Mount",0.084,-0.269,0.277,0.049,0.081,0.000,34,W,0,,,,662023,148.84,0
124,281.314,"Mount",0.094,-0.262,0.276,0.038,0.095,0.000,40,W,0,,,,631898,171.42,0
125,283.401,"Mount",0.072,-0.085,0.109,-0.025,0.018,0.000,8,W,0,,,,623339,141.60,0
126,285.716,"Mount",0.045,-0.063,0.077,-0.010,-0.002,0.000,1,E,0,,,,642879,159.72,0
127,287.810,"Mount",0.009,-0.075,0.071,0.026,0.013,0.000,5,W,0,,,,605442,150.20,0
128,290.124,"Mount",-0.071,0.022,-0.052,0.053,0.008,0.000,3,W,0,,,,682012,160.86,0
129,292.286,"Mount",-0.053,-0.067,0.035,0.077,0.020,0.028,8,W,12,S,,,659340,153.91,0
130,294.625,"Mount",0.045,0.044,-0.018,-0.060,0.024,0.000,10,W,0,,,,645968,147.14,0
131,296.733,"Mount",0.045,-0.060,0.074,-0.012,0.057,0.000,24,W,0,,,,595154,133.12,0
132,299.170,"Mount",0.084,-0.179,0.197,0.008,0.121,0.000,51,W,0,,,,660519,135.78,0
133,301.482,"Mount",0.012,-0.344,0.311,0.148,0.204,0.053,86,W,23,S,,,629888,145.18,0
134,303.869,"Mount",0.043,-0.017,0.035,-0.030,0.084,0.000,35,W,0,,,,702338,176.00,0
135,306.022,"Mount",0.048,-0.114,0.123,0.010,0.163,0.000,69,W,0,,,,711831,153.96,0
136,308.425,"Mount",0.045,-0.148,0.152,0.028,0.200,0.000,85,W,0,,,,635554,169.48,0
137,310.562,"Mount",0.058,-0.026,0.050,-0.039,0.164,0.000,69,W,0,,,,687558,165.73,0
138,312.920,"Mount",0.081,-0.054,0.085,-0.047,0.181,0.000,76,W,0,,,,733990,161.70,0
139,315.047,"Mount",0.005,-0.038,0.036,0.013,0.135,0.000,57,W,0,,,,704176,147.56,0
140,317.514,"Mount",-0.039,-0.071,0.045,0.068,0.134,0.024,57,W,10,S,,,650608,149.32,0
141,319.654,"Mount",0.041,-0.027,0.043,-0.024,0.122,0.000,51,W,0,,,,654661,148.50,0
142,322.033,"Mount",-0.005,-0.081,0.070,0.042,0.158,0.000,67,W,0,,,,684876,150.55,0
143,324.185,"Mount",0.027,-0.106,0.107,0.025,0.172,0.000,72,W,0,,,,657052,149.39,0
144,326.513,"Mount",0.015,-0.012,0.018,-0.007,0.110,0.000,46,W,0,,,,667090,152.80,0
145,328.637,"Mount",0.063,-0.064,0.086,-0.027,0.146,0.000,61,W,0,,,,686986,159.72,0
146,330.990,"Mount",-0.048,0.048,-0.065,0.020,0.095,0.000,40,W,0,,,,658825,147.05,0
147,333.144,"Mount",0.011,0.055,-0.044,-0.035,0.114,0.000,48,W,0,,,,611845,136.49,0
148,335.533,"Mount",0.047,-0.019,0.039,-0.032,0.116,0.000,49,W,0,,,,658456,150.18,0
149,337.684,"Mount",-0.083,0.058,-0.090,0.047,0.024,0.000,10,W,0,,,,707582,144.64,0
150,340.023,"Mount",-0.172,0.263,-0.312,0.031,-0.101,0.000,43,E,0,,,,712356,156.02,0
151,342.243,"Mount",-0.190,0.168,-0.237,0.091,-0.112,0.033,47,E,14,S,,,657015,140.90,0
152,344.597,"Mount",-0.090,0.023,-0.062,0.070,-0.047,0.026,20,E,11,S,,,717093,147.96,0
153,346.763,"Mount",-0.185,0.296,-0.348,0.028,-0.195,0.000,82,E,0,,,,667172,149.51,0
154,349.091,"Mount",-0.057,0.016,-0.040,0.044,-0.054,0.000,23,E,0,,,,628092,144.85,0
155,351.244,"Mount",-0.087,0.110,-0.138,0.026,-0.105,0.000,44,E,0,,,,628803,135.70,0
156,353.576,"Mount",-0.028,-0.034,0.018,0.040,-0.040,0.000,17,E,0,,,,682912,154.32,0
157,355.762,"Mount",0.007,0.137,-0.118,-0.069,-0.086,-0.025,36,E,11,N,,,658202,157.91,0
158,358.087,"Mount",-0.036,0.090,-0.097,-0.010,-0.060,0.000,25,E,0,,,,633748,146.66,0
159,360.177,"Mount",-0.015,0.024,-0.028,0.002,0.025,0.000,10,W,0,,,,637885,129.80,0
160,362.475,"Mount",0.019,-0.023,0.029,-0.006,0.034,0.000,14,W,0,,,,729899,165.64,0
161,364.615,"Mount",0.046,-0.018,0.037,-0.032,0.066,0.000,28,W,0,,,,675509,165.04,0
162,367.000,"Mount",-0.118,0.026,-0.077,0.093,0.042,0.033,18,W,14,S,,,619457,143.67,0
163,369.203,"Mount",-0.067,-0.018,-0.015,0.068,0.079,0.026,33,W,11,S,,,654718,154.98,0
164,371.613,"Mount",0.090,-0.215,0.233,0.019,0.189,0.000,80,W,0,,,,605868,150.10,0
165,373.955,"Mount",0.111,-0.611,0.594,0.184,0.382,0.066,161,W,28,S,,,663173,154.66,0
166,376.439,"Mount",0.126,-0.322,0.344,0.037,0.304,0.000,128,W,0,,,,652075,132.61,0
167,378.737,"Mount",0.073,-0.370,0.362,0.106,0.330,0.038,139,W,16,S,,,644574,150.26,0
168,381.277,"Mount",-0.012,-0.281,0.244,0.140,0.367,0.052,155,W,22,S,,,614630,134.41,0
169,383.515,"Mount",0.105,-0.087,0.126,-0.052,0.338,0.000,143,W,0,,,,749698,159.44,0
170,385.970,"Mount",0.065,-0.022,0.049,-0.048,0.293,0.000,124,W,0,,,,673835,159.40,0
171,388.245,"Mount",0.038,0.064,-0.039,-0.063,0.268,-0.023,113,W,10,N,,,633729,135.91,0
172,390.804,"Mount",-0.100,-0.030,-0.019,0.103,0.288,0.036,122,W,15,S,,,663487,170.29,0
173,392.970,"Mount",0.006,0.016,-0.012,-0.013,0.221,0.000,93,W,0,,,,620072,155.29,0
174,395.372,"Mount",-0.010,-0.021,0.014,0.018,0.179,0.000,75,W,0,,,,679396,147.43,0
175,397.477,"Mount",-0.037,0.099,-0.105,-0.012,0.080,0.000,34,W,0,,,,677394,154.09,0
176,399.802,"Mount",-0.017,0.145,-0.136,-0.052,0.013,0.000,6,W,0,,,,654878,131.26,0
177,401.881,"Mount",-0.063,0.120,-0.136,0.000,-0.012,0.000,5,E,0,,,,707262,143.09,0
178,404.205,"Mount",-0.031,0.117,-0.118,-0.026,-0.031,0.000,13,E,0,,,,681948,144.59,0
179,406.325,"Mount",-0.113,0.195,-0.225,0.010,-0.101,0.000,43,E,0,,,,741004,187.00,0
180,408.747,"Mount",-0.161,0.117,-0.178,0.088,-0.096,0.032,41,E,14,S,,,678902,170.71,0
181,410.905,"Mount",-0.060,0.190,-0.197,-0.035,-0.110,0.000,46,E,0,,,,646149,133.12,0
182,413.305,"Mount",0.015,0.117,-0.097,-0.067,-0.076,-0.024,32,E,10,N,,,667095,154.04,0
183,415.460,"Mount",-0.077,-0.017,-0.020,0.076,-0.050,0.026,21,E,11,S,,,657198,144.71,0
184,417.844,"Mount",-0.064,0.090,-0.109,0.015,-0.131,0.000,55,E,0,,,,679941,143.75,0
185,419.998,"Mount",-0.016,0.145,-0.136,-0.053,-0.146,0.000,62,E,0,,,,654387,144.31,0
186,422.396,"Mount",-0.110,0.089,-0.130,0.056,-0.138,0.000,58,E,0,,,,669313,130.42,0
187,424.578,"Mount",-0.158,0.053,-0.120,0.116,-0.110,0.042,46,E,18,S,,,687488,146.06,0
188,427.075,"Mount",-0.065,-0.017,-0.015,0.066,-0.058,0.025,24,E,11,S,,,622742,148.19,0
189,429.184,"Mount",-0.040,-0.020,-0.001,0.045,-0.052,0.000,22,E,0,,,,686903,155.09,0
190,431.515,"Mount",-0.007,0.043,-0.042,-0.013,-0.053,0.000,22,E,0,,,,715397,151.18,0
191,433.721,"Mount",0.055,-0.014,0.038,-0.042,-0.058,0.000,25,E,0,,,,610403,148.92,0
192,436.028,"Mount",-0.029,0.027,-0.037,0.013,-0.051,0.000,21,E,0,,,,646950,148.32,0
193,438.219,"Mount",0.111,0.006,0.046,-0.101,-0.052,-0.036,22,E,16,N,,,675099,162.61,0
194,440.523,"Mount",-0.022,0.014,-0.023,0.013,-0.048,0.000,20,E,0,,,,631861,149.69,0
195,442.614,"Mount",-0.066,0.065,-0.088,0.029,-0.074,0.000,31,E,0,,,,691454,156.31,0
196,444.889,"Mount",0.009,-0.008,0.011,-0.004,-0.018,0.000,8,E,0,,,,638832,147.59,0
197,446.951,"Mount",-0.019,0.066,-0.067,-0.013,-0.059,0.000,25,E,0,,,,684447,185.53,0
198,449.282,"Mount",-0.075,0.062,-0.089,0.038,-0.081,0.000,34,E,0,,,,760099,175.64,0
199,451.422,"Mount",-0.003,0.088,-0.080,-0.038,-0.090,0.000,38,E,0,,,,666041,151.69,0
200,453.748,"Mount",-0.105,0.088,-0.126,0.053,-0.126,0.000,53,E,0,,,,672847,145.88,0
201,455.948,"Mount",-0.140,0.067,-0.124,0.093,-0.124,0.033,52,E,14,S,,,660719,163.88,0
202,458.348,"Mount",-0.016,-0.048,0.036,0.037,-0.079,0.000,33,E,0,,,,671138,136.49,0
203,460.440,"Mount",0.014,-0.026,0.030,-0.001,-0.085,0.000,36,E,0,,,,600741,146.62,0
204,462.795,"Mount",-0.041,0.083,-0.093,-0.002,-0.131,0.000,55,E,0,,,,590573,138.19,0
205,465.008,"Mount",-0.158,-0.108,0.023,0.190,-0.087,0.068,37,E,29,S,,,620183,145.76,0
206,467.440,"Mount",-0.153,-0.013,-0.059,0.141,-0.064,0.054,27,E,23,S,,,656247,139.72,0
207,469.628,"Mount",-0.090,0.029,-0.067,0.067,-0.077,0.026,33,E,11,S,,,674230,143.01,0
208,471.966,"Mount",-0.054,0.026,-0.048,0.036,-0.039,0.000,16,E,0,,,,650453,159.36,0
209,474.146,"Mount",-0.065,-0.008,-0.023,0.061,-0.039,0.022,16,E,9,S,,,641550,144.59,0
210,476.474,"Mount",0.021,-0.011,0.020,-0.014,-0.048,0.000,20,E,0,,,,667927,158.63,0
211,478.600,"Mount",-0.046,-0.006,-0.016,0.043,-0.049,0.000,21,E,0,,,,621575,155.35,0
212,480.939,"Mount",-0.007,0.044,-0.042,-0.015,-0.049,0.000,21,E,0,,,,689835,143.35,0
213,483.087,"Mount",-0.113,0.058,-0.104,0.073,-0.091,0.026,39,E,11,S,,,651492,160.33,0
214,485.503,"Mount",0.151,-0.112,0.169,-0.082,0.042,-0.028,18,W,12,N,,,665709,148.72,0
215,487.671,"Mount",0.001,-0.082,0.073,0.036,0.022,0.000,9,W,0,,,,693164,138.16,0
216,490.083,"Mount",0.145,-0.220,0.262,-0.028,0.129,0.000,54,W,0,,,,688324,140.31,0
217,492.288,"Mount",0.102,-0.123,0.156,-0.034,0.114,0.000,48,W,0,,,,659958,167.81,0
218,494.631,"Mount",-0.066,-0.031,-0.003,0.073,0.062,0.026,26,W,11,S,,,685680,146.29,0
219,496.726,"Mount",-0.026,0.035,-0.043,0.007,0.060,0.000,25,W,0,,,,670769,159.97,0
220,499.047,"Mount",0.003,0.041,-0.035,-0.022,0.033,0.000,14,W,0,,,,702636,172.97,0
221,501.121,"Mount",-0.067,0.020,-0.048,0.050,0.030,0.000,13,W,0,,,,693538,153.18,0
222,503.402,"Mount",-0.048,0.022,-0.041,0.032,-0.008,0.000,3,E,0,,,,662272,159.08,0
223,505.522,"Mount",-0.053,0.018,-0.040,0.039,-0.036,0.000,15,E,0,,,,643347,136.86,0
224,507.929,"Mount",-0.159,0.144,-0.201,0.075,-0.155,0.027,65,E,11,S,,,724812,169.31,0
225,510.065,"Mount",-0.133,0.148,-0.193,0.050,-0.173,0.000,73,E,0,,,,719852,162.62,0
226,512.437,"Mount",-0.044,0.108,-0.116,-0.011,-0.166,0.000,70,E,0,,,,630578,142.50,0
227,514.637,"Mount",-0.095,0.044,-0.082,0.064,-0.177,0.023,75,E,10,S,,,647239,172.67,0
228,517.009,"Mount",-0.065,0.089,-0.109,0.017,-0.203,0.000,86,E,0,,,,651523,167.21,0
229,519.304,"Mount",-0.243,0.085,-0.188,0.176,-0.263,0.064,111,E,27,S,,,601767,137.95,0
230,521.738,"Mount",-0.112,0.109,-0.148,0.049,-0.260,0.000,110,E,0,,,,669356,153.25,0
231,523.938,"Mount",0.023,0.024,-0.011,-0.031,-0.209,0.000,88,E,0,,,,629541,141.90,0
232,526.494,"Mount",0.015,0.140,-0.118,-0.078,-0.230,-0.028,97,E,12,N,,,665736,155.44,0
233,528.684,"Mount",-0.035,0.104,-0.108,-0.017,-0.232,0.000,98,E,0,,,,705515,165.48,0
234,531.125,"Mount",0.086,0.116,-0.064,-0.130,-0.185,-0.047,78,E,20,N,,,627782,129.67,0
235,533.259,"Mount",0.000,0.013,-0.012,-0.006,-0.135,0.000,57,E,0,,,,653652,145.99,0
236,535.629,"Mount",-0.046,0.027,-0.045,0.028,-0.097,0.000,41,E,0,,,,623067,138.90,0
237,537.870,"Mount",-0.200,0.093,-0.175,0.135,-0.142,0.048,60,E,21,S,,,628165,155.15,0
238,540.285,"Mount",-0.107,-0.104,0.043,0.143,-0.039,0.054,16,E,23,S,,,650309,137.19,0
239,542.391,"Mount",-0.035,0.056,-0.066,0.006,-0.045,0.000,19,E,0,,,,597653,156.13,0
240,544.786,"Mount",0.132,-0.009,0.069,-0.114,0.004,-0.041,2,W,17,N,,,657055,142.14,0
241,546.959,"Mount",-0.051,-0.046,0.017,0.066,-0.032,0.022,14,E,10,S,,,598426,133.52,0
242,549.302,"Mount",0.009,-0.028,0.029,0.005,-0.045,0.000,19,E,0,,,,686499,158.61,0
243,551.413,"Mount",0.023,-0.095,0.095,0.023,0.012,0.000,5,W,0,,,,663567,161.97,0
244,553.828,"Mount",0.123,0.013,0.045,-0.115,-0.025,-0.041,11,E,18,N,,,626915,167.80,0
245,556.021,"Mount",0.172,-0.033,0.109,-0.137,0.014,-0.051,6,W,22,N,,,628063,150.75,0
246,558.378,"Mount",0.093,-0.046,0.084,-0.062,-0.022,-0.024,9,E,10,N,,,616421,151.82,0
247,560.519,"Mount",0.016,-0.190,0.176,0.074,0.037,0.025,16,W,11,S,,,644881,146.37,0
248,562.968,"Mount",-0.077,-0.077,0.033,0.104,-0.068,0.038,29,E,16,S,,,652677,141.85,0
249,565.203,"Mount",-0.047,-0.080,0.049,0.079,-0.102,0.030,43,E,13,S,,,681464,156.95,0
250,567.645,"Mount",0.060,0.024,0.006,-0.064,-0.115,-0.022,48,E,9,N,,,617144,136.47,0
251,569.880,"Mount",-0.112,0.057,-0.102,0.073,-0.220,0.025,93,E,11,S,,,672318,146.50,0
252,572.302,"Mount",-0.031,0.071,-0.077,-0.005,-0.257,0.000,109,E,0,,,,668514,155.31,0
253,574.474,"Mount",-0.047,-0.027,0.002,0.054,-0.230,0.000,97,E,0,,,,633905,133.67,0
254,576.991,"Mount",-0.150,0.130,-0.185,0.073,-0.357,0.026,151,E,11,S,,,667538,142.95,0
255,579.219,"Mount",-0.023,-0.031,0.017,0.035,-0.252,0.000,106,E,0,,,,649152,152.70,0
256,581.656,"Mount",-0.128,0.140,-0.183,0.049,-0.326,0.000,138,E,0,,,,659323,172.56,0
257,583.937,"Mount",-0.138,0.265,-0.299,-0.000,-0.351,0.000,148,E,0,,,,632748,153.51,0
258,586.451,"Mount",-0.294,0.199,-0.312,0.169,-0.371,0.061,156,E,26,S,,,601214,140.66,0
259,588.665,"Mount",-0.044,0.087,-0.098,-0.002,-0.271,0.000,114,E,0,,,,653644,154.00,0
260,591.083,"Mount",-0.058,0.070,-0.089,0.019,-0.304,0.000,128,E,0,,,,620319,153.39,0
261,593.288,"Mount",-0.003,0.034,-0.032,-0.013,-0.260,0.000,110,E,0,,,,678105,168.34,0
262,595.739,"Mount",0.024,-0.180,0.171,0.061,-0.178,0.022,75,E,9,S,,,606795,137.55,0
263,597.955,"Mount",0.002,-0.052,0.047,0.022,-0.213,0.000,90,E,0,,,,604458,145.63,0
264,600.444,"Mount",0.004,-0.076,0.069,0.031,-0.197,0.000,83,E,0,,,,716568,163.17,0
265,602.628,"Mount",-0.060,0.018,-0.044,0.045,-0.161,0.000,68,E,0,,,,605775,139.19,0
266,604.922,"Mount",0.034,-0.085,0.091,0.009,-0.100,0.000,42,E,0,,,,678708,165.83,0
267,607.077,"Mount",-0.040,-0.208,0.166,0.131,-0.027,0.047,11,E,20,S,,,669262,163.19,0
268,609.387,"Mount",0.064,-0.019,0.047,-0.048,-0.087,0.000,37,E,0,,,,667622,133.65,0
269,611.539,"Mount",0.204,-0.090,0.174,-0.139,0.025,-0.050,11,W,21,N,,,670982,145.78,0
270,613.936,"Mount",0.173,-0.110,0.177,-0.103,0.027,-0.039,11,W,17,N,,,692626,166.66,0
271,616.051,"Mount",-0.024,0.017,-0.026,0.013,-0.050,0.000,21,E,0,,,,603429,147.39,0
272,618.388,"Mount",-0.016,0.038,-0.041,-0.003,-0.040,0.000,17,E,0,,,,636595,148.74,0
273,620.469,"Mount",-0.025,0.042,-0.049,0.003,-0.034,0.000,14,E,0,,,,644875,158.90,0
274,622.796,"Mount",0.059,-0.042,0.064,-0.033,-0.008,0.000,4,E,0,,,,716600,181.82,0
275,624.950,"Mount",-0.103,-0.058,0.004,0.118,-0.047,0.042,20,E,18,S,,,627834,155.73,0
276,627.323,"Mount",-0.065,-0.037,0.003,0.074,-0.038,0.028,16,E,12,S,,,621179,137.00,0
277,629.422,"Mount",-0.002,0.132,-0.118,-0.059,-0.084,0.000,36,E,0,,,,609742,138.80,0
INFO: SET LOCK POSITION, new lock pos = 876.839, 406.909
INFO: DITHER by 10.977, 8.385, new lock pos = 874.451, 393.304
INFO: SETTLING STATE CHANGE, Settling started
278,640.044,"Mount",2.388,13.604,-10.977,-8.385,-10.977,-8.385,4629,E,3586,N,,,635334,148.13,0
279,642.815,"Mount",-1.278,1.104,-1.568,0.624,-0.706,0.224,298,E,96,S,,,646851,141.93,0
280,645.212,"Mount",-0.794,0.578,-0.879,0.437,-0.396,0.166,167,E,71,S,,,641779,162.46,0
281,647.639,"Mount",-0.301,-0.005,-0.134,0.269,-0.060,0.103,25,E,44,S,,,630220,140.69,0
282,649.871,"Mount",-0.473,0.015,-0.231,0.413,-0.104,0.153,44,E,65,S,,,692760,148.97,0
283,652.358,"Mount",-0.180,-0.242,0.132,0.272,0.059,0.104,25,W,44,S,,,654826,140.42,0
284,654.613,"Mount",-0.128,-0.144,0.069,0.180,0.031,0.069,13,W,30,S,,,651844,145.97,0
285,657.062,"Mount",0.121,-0.475,0.478,0.112,0.215,0.043,91,W,18,S,,,609521,132.14,0
286,659.293,"Mount",0.130,-0.390,0.406,0.064,0.183,0.025,77,W,11,S,,,631786,142.51,0
287,661.759,"Mount",0.086,-0.344,0.345,0.083,0.155,0.031,66,W,13,S,,,652189,148.43,0
288,664.014,"Mount",0.161,-0.463,0.485,0.070,0.218,0.027,92,W,11,S,,,692547,180.63,0
289,666.619,"Mount",0.080,-0.699,0.657,0.252,0.439,0.092,185,W,39,S,,,623974,134.40,0
290,668.835,"Mount",0.198,-0.309,0.365,-0.033,0.293,0.000,124,W,0,,,,649296,145.60,0
291,671.241,"Mount",0.083,-0.156,0.177,-0.001,0.228,0.000,96,W,0,,,,616472,139.03,0
292,673.452,"Mount",-0.066,-0.066,0.028,0.089,0.122,0.032,52,W,14,S,,,642552,148.84,0
INFO: SETTLING STATE CHANGE, Settling complete
293,675.833,"Mount",0.098,-0.094,0.129,-0.044,0.185,0.000,78,W,0,,,,596746,136.08,0
294,677.968,"Mount",0.155,-0.183,0.234,-0.052,0.208,0.000,88,W,0,,,,614559,144.35,0
295,680.489,"Mount",0.253,-0.188,0.283,-0.137,0.215,-0.049,91,W,21,N,,,646385,159.86,0
296,682.661,"Mount",0.109,-0.081,0.122,-0.060,0.111,0.000,47,W,0,,,,599165,134.82,0
297,684.951,"Mount",-0.030,-0.028,0.011,0.040,0.015,0.000,6,W,0,,,,627564,141.02,0
298,687.136,"Mount",-0.177,0.044,-0.121,0.137,-0.059,0.049,25,E,21,S,,,686061,163.72,0
299,689.591,"Mount",-0.242,0.137,-0.233,0.151,-0.126,0.056,53,E,24,S,,,626296,164.51,0
300,691.717,"Mount",-0.079,0.088,-0.115,0.029,-0.074,0.000,31,E,0,,,,677917,147.84,0
301,694.077,"Mount",0.040,0.030,-0.008,-0.050,-0.037,0.000,15,E,0,,,,682315,147.37,0
302,696.288,"Mount",0.098,0.068,-0.015,-0.119,-0.042,-0.043,18,E,18,N,,,680392,150.72,0
303,698.753,"Mount",-0.099,0.014,-0.058,0.081,-0.038,0.028,16,E,12,S,,,656328,148.81,0
304,700.938,"Mount",-0.161,0.012,-0.085,0.138,-0.080,0.051,34,E,22,S,,,595885,164.00,0
305,703.252,"Mount",-0.093,0.083,-0.117,0.044,-0.091,0.000,38,E,0,,,,604306,143.79,0
306,705.417,"Mount",-0.091,-0.006,-0.037,0.084,-0.024,0.030,10,E,13,S,,,615764,158.69,0
307,707.804,"Mount",-0.092,-0.014,-0.030,0.088,0.002,0.033,1,W,14,S,,,680433,167.73,0
308,709.879,"Mount",-0.049,-0.001,-0.021,0.044,0.028,0.000,12,W,0,,,,615742,144.04,0
309,712.298,"Mount",0.105,0.030,0.022,-0.108,0.072,-0.039,31,W,17,N,,,591945,148.38,0
310,714.419,"Mount",-0.079,0.045,-0.077,0.050,0.082,0.000,35,W,0,,,,658675,163.41,0
311,716.803,"Mount",0.041,-0.051,0.064,-0.013,0.165,0.000,70,W,0,,,,623731,140.65,0
312,719.003,"Mount",-0.198,0.040,-0.126,0.157,0.085,0.057,36,W,24,S,,,661164,185.94,0
313,721.426,"Mount",0.014,-0.120,0.113,0.043,0.218,0.000,92,W,0,,,,614868,139.85,0
314,723.616,"Mount",0.068,-0.107,0.127,-0.011,0.242,0.000,102,W,0,,,,613616,160.80,0
315,726.053,"Mount",0.089,0.033,0.011,-0.095,0.208,-0.034,88,W,15,N,,,604527,131.73,0
316,728.332,"Mount",0.146,-0.066,0.126,-0.099,0.266,-0.037,112,W,16,N,,,633135,141.42,0
317,730.864,"Mount",0.178,-0.152,0.217,-0.088,0.353,-0.033,149,W,14,N,,,608657,142.75,0
318,733.159,"Mount",0.098,-0.001,0.046,-0.087,0.212,-0.033,89,W,14,N,,,654335,152.67,0
319,735.610,"Mount",0.090,-0.042,0.079,-0.061,0.247,-0.023,104,W,10,N,,,589174,144.40,0
320,737.818,"Mount",0.077,-0.114,0.137,-0.016,0.260,0.000,109,W,0,,,,620400,154.74,0
321,740.281,"Mount",-0.029,-0.094,0.070,0.069,0.203,0.025,85,W,11,S,,,638617,141.14,0
322,742.541,"Mount",-0.132,-0.068,-0.000,0.148,0.156,0.054,66,W,23,S,,,647199,160.93,0
323,745.092,"Mount",-0.062,-0.342,0.275,0.213,0.239,0.079,101,W,34,S,,,642349,152.22,0
324,747.396,"Mount",-0.024,-0.091,0.070,0.063,0.127,0.026,54,W,11,S,,,610514,141.31,0
325,749.735,"Mount",0.093,-0.092,0.125,-0.040,0.109,0.000,46,W,0,,,,611598,149.68,0
326,751.860,"Mount",0.072,-0.109,0.130,-0.013,0.083,0.000,35,W,0,,,,644951,145.92,0
327,754.231,"Mount",0.140,-0.120,0.171,-0.068,0.077,-0.025,33,W,11,N,,,674491,157.15,0
328,756.353,"Mount",0.117,0.022,0.034,-0.114,-0.020,-0.042,8,E,18,N,,,655261,138.50,0
329,758.674,"Mount",0.009,0.073,-0.060,-0.042,-0.065,0.000,27,E,0,,,,610432,135.01,0
330,760.843,"Mount",-0.138,0.066,-0.122,0.091,-0.100,0.033,42,E,14,S,,,634504,138.74,0
331,763.243,"Mount",0.074,0.001,0.033,-0.066,-0.064,-0.022,27,E,10,N,,,631500,158.53,0
332,765.379,"Mount",-0.049,-0.008,-0.015,0.047,-0.075,0.000,32,E,0,,,,618754,144.94,0
333,767.747,"Mount",-0.047,-0.027,0.002,0.054,-0.082,0.000,35,E,0,,,,587613,130.74,0
334,769.918,"Mount",-0.074,0.002,-0.036,0.065,-0.070,0.023,29,E,10,S,,,659946,178.26,0
335,772.328,"Mount",-0.097,-0.136,0.076,0.149,-0.023,0.055,10,E,23,S,,,708165,213.00,0
336,774.438,"Mount",-0.078,0.050,-0.080,0.046,-0.084,0.000,36,E,0,,,,629813,165.66,0
337,776.853,"Mount",-0.108,0.068,-0.111,0.065,-0.105,0.023,44,E,10,S,,,582021,118.47,0
338,778.991,"Mount",-0.081,0.078,-0.107,0.036,-0.101,0.000,43,E,0,,,,620562,142.59,0
339,781.363,"Mount",0.106,-0.068,0.109,-0.063,-0.007,-0.023,3,E,10,N,,,638141,144.97,0
340,783.484,"Mount",0.029,0.047,-0.029,-0.047,-0.044,0.000,19,E,0,,,,603299,124.62,0
341,785.888,"Mount",-0.124,-0.015,-0.044,0.117,-0.049,0.042,21,E,18,S,,,572434,143.51,0
342,787.909,"Mount",0.023,-0.110,0.108,0.031,0.000,0.000,0,,0,,,,621448,158.03,0
343,790.302,"Mount",0.044,0.006,0.015,-0.041,-0.046,0.000,19,E,0,,,,597763,128.60,0
344,792.456,"Mount",-0.154,0.024,-0.093,0.126,-0.082,0.045,34,E,19,S,,,643538,145.72,0
345,794.887,"Mount",0.090,0.086,-0.035,-0.119,-0.059,-0.041,25,E,18,N,,,621151,149.45,0
346,797.008,"Mount",0.057,-0.108,0.122,-0.001,-0.002,0.000,1,E,0,,,,657915,146.84,0
347,799.377,"Mount",0.165,-0.002,0.078,-0.145,-0.033,-0.052,14,E,22,N,,,680879,156.21,0
348,801.533,"Mount",0.163,-0.121,0.182,-0.088,0.009,-0.034,4,W,15,N,,,613840,141.30,0
349,803.942,"Mount",0.160,-0.036,0.106,-0.125,-0.025,-0.046,10,E,20,N,,,628941,154.31,0
350,806.145,"Mount",0.096,0.002,0.042,-0.086,-0.070,-0.033,30,E,14,N,,,648233,147.34,0
351,808.499,"Mount",0.091,-0.034,0.072,-0.065,-0.037,-0.025,16,E,11,N,,,682540,178.16,0
352,810.653,"Mount",0.181,-0.124,0.194,-0.104,0.026,-0.038,11,W,16,N,,,633780,141.57,0
353,812.996,"Mount",-0.038,0.063,-0.074,0.005,-0.102,0.000,43,E,0,,,,624576,140.77,0
354,815.194,"Mount",-0.102,0.048,-0.090,0.069,-0.099,0.025,42,E,11,S,,,588672,143.56,0
355,817.610,"Mount",-0.158,-0.086,0.003,0.180,-0.056,0.066,23,E,28,S,,,587751,131.24,0
356,819.813,"Mount",-0.113,0.020,-0.070,0.091,-0.083,0.036,35,E,15,S,,,615231,148.75,0
357,822.138,"Mount",-0.007,-0.055,0.046,0.031,-0.055,0.000,23,E,0,,,,650622,140.33,0
358,824.338,"Mount",-0.056,-0.031,0.002,0.064,-0.053,0.023,22,E,10,S,,,656572,157.89,0
359,826.773,"Mount",-0.052,-0.044,0.016,0.066,-0.047,0.025,20,E,11,S,,,612021,158.52,0
360,828.911,"Mount",-0.084,0.068,-0.099,0.043,-0.076,0.000,32,E,0,,,,647840,167.62,0
361,831.295,"Mount",-0.050,-0.079,0.047,0.080,-0.017,0.029,7,E,12,S,,,666569,160.05,0
362,833.408,"Mount",-0.103,-0.081,0.025,0.129,0.001,0.047,0,,20,S,,,615874,129.96,0
363,835.703,"Mount",-0.014,-0.004,-0.002,0.014,0.027,0.000,11,W,0,,,,635043,141.44,0
364,837.859,"Mount",-0.114,0.059,-0.105,0.074,-0.005,0.026,2,E,11,S,,,616959,144.74,0
365,840.167,"Mount",-0.067,-0.000,-0.031,0.060,0.045,0.000,19,W,0,,,,655149,153.56,0
366,842.263,"Mount",-0.063,0.036,-0.061,0.039,0.014,0.000,6,W,0,,,,581835,146.68,0
367,844.545,"Mount",0.011,-0.038,0.039,0.008,0.021,0.000,9,W,0,,,,601398,138.99,0
368,846.663,"Mount",-0.095,-0.070,0.018,0.117,0.000,0.042,0,,18,S,,,596375,134.67,0
369,849.033,"Mount",-0.123,0.016,-0.071,0.102,-0.030,0.038,13,E,16,S,,,578521,128.90,0
370,851.126,"Mount",0.080,-0.056,0.086,-0.045,0.009,0.000,4,W,0,,,,696924,144.42,0
371,853.437,"Mount",-0.020,0.075,-0.076,-0.017,-0.094,0.000,40,E,0,,,,654975,147.39,0
372,855.576,"Mount",0.019,0.041,-0.028,-0.036,-0.056,0.000,24,E,0,,,,628900,129.27,0
373,857.932,"Mount",0.110,-0.050,0.095,-0.075,-0.051,-0.027,22,E,12,N,,,634434,139.83,0
374,860.121,"Mount",-0.034,-0.219,0.179,0.131,-0.051,0.046,22,E,20,S,,,651635,138.62,0
375,862.458,"Mount",0.075,-0.065,0.092,-0.036,-0.122,0.000,51,E,0,,,,639151,143.86,0
376,864.594,"Mount",0.011,0.060,-0.048,-0.038,-0.177,0.000,75,E,0,,,,594871,147.72,0
377,867.094,"Mount",-0.112,0.022,-0.071,0.090,-0.218,0.032,92,E,14,S,,,588664,125.85,0
378,869.263,"Mount",0.054,-0.072,0.089,-0.015,-0.150,0.000,63,E,0,,,,582549,136.14,0
379,871.695,"Mount",0.086,0.087,-0.037,-0.116,-0.188,-0.042,79,E,18,N,,,645673,141.25,0
380,873.927,"Mount",-0.086,0.021,-0.059,0.067,-0.164,0.022,69,E,10,S,,,590540,145.57,0
381,876.314,"Mount",-0.020,0.029,-0.035,0.004,-0.159,0.000,67,E,0,,,,592306,133.41,0
382,878.488,"Mount",-0.076,0.102,-0.126,0.020,-0.189,0.000,80,E,0,,,,619324,153.47,0
383,880.857,"Mount",0.046,-0.069,0.082,-0.009,-0.060,0.000,25,E,0,,,,605627,147.43,0
384,882.979,"Mount",-0.043,0.060,-0.073,0.011,-0.104,0.000,44,E,0,,,,615077,150.03,0
385,885.427,"Mount",0.084,0.070,-0.024,-0.107,-0.023,-0.039,10,E,16,N,,,583944,164.67,0
386,887.609,"Mount",0.088,0.090,-0.040,-0.119,-0.017,-0.044,7,E,19,N,,,625645,133.08,0
387,890.020,"Mount",0.054,0.233,-0.182,-0.155,-0.102,-0.058,43,E,25,N,,,621396,154.91,0
388,892.181,"Mount",-0.040,0.221,-0.215,-0.066,-0.130,-0.026,55,E,11,N,,,619014,141.32,0
389,894.505,"Mount",-0.083,0.089,-0.117,0.032,-0.107,0.000,45,E,0,,,,594083,138.07,0
390,896.643,"Mount",-0.160,-0.030,-0.047,0.156,-0.060,0.056,25,E,24,S,,,707321,170.22,0
391,898.943,"Mount",-0.026,0.051,-0.057,-0.000,-0.059,0.000,25,E,0,,,,657632,138.09,0
392,901.050,"Mount",-0.014,-0.079,0.064,0.049,-0.030,0.000,13,E,0,,,,704578,151.33,0
393,903.465,"Mount",-0.073,-0.143,0.094,0.131,-0.012,0.047,5,E,20,S,,,651773,157.28,0
394,905.559,"Mount",0.054,-0.083,0.098,-0.009,-0.010,0.000,4,E,0,,,,659570,145.37,0
395,907.918,"Mount",-0.063,0.038,-0.063,0.039,-0.082,0.000,35,E,0,,,,608434,150.82,0
396,910.044,"Mount",-0.041,0.096,-0.104,-0.008,-0.100,0.000,42,E,0,,,,630097,129.72,0
397,912.429,"Mount",-0.053,0.044,-0.063,0.027,-0.115,0.000,49,E,0,,,,644847,145.63,0
398,914.577,"Mount",-0.031,0.009,-0.023,0.024,-0.129,0.000,54,E,0,,,,655847,152.55,0
399,917.071,"Mount",-0.184,0.194,-0.257,0.074,-0.301,0.027,127,E,11,S,,,629752,168.81,0
400,919.279,"Mount",-0.039,0.003,-0.021,0.033,-0.233,0.000,98,E,0,,,,616834,136.59,0
401,921.699,"Mount",0.025,0.078,-0.058,-0.058,-0.271,0.000,114,E,0,,,,661840,146.46,0
402,923.886,"Mount",0.084,-0.036,0.071,-0.058,-0.262,0.000,111,E,0,,,,666094,138.40,0
403,926.410,"Mount",-0.041,-0.056,0.031,0.063,-0.301,0.023,127,E,10,S,,,613929,147.86,0
404,928.583,"Mount",-0.031,-0.049,0.029,0.050,-0.270,0.000,114,E,0,,,,593590,130.57,0
405,931.061,"Mount",0.067,0.034,0.000,-0.075,-0.249,-0.027,105,E,12,N,,,629977,169.80,0
406,933.248,"Mount",-0.061,0.001,-0.028,0.054,-0.217,0.000,92,E,0,,,,673228,160.49,0
407,935.718,"Mount",0.034,0.086,-0.061,-0.070,-0.238,-0.025,100,E,11,N,,,657923,139.39,0
408,937.984,"Mount",-0.138,0.066,-0.123,0.092,-0.255,0.032,107,E,14,S,,,611137,148.79,0
409,940.415,"Mount",0.006,-0.018,0.019,0.003,-0.177,0.000,75,E,0,,,,668004,147.28,0
410,942.556,"Mount",-0.027,-0.012,-0.002,0.029,-0.167,0.000,70,E,0,,,,608025,139.63,0
411,945.026,"Mount",-0.070,0.077,-0.101,0.027,-0.226,0.000,95,E,0,,,,659047,142.56,0
412,947.203,"Mount",-0.007,0.134,-0.122,-0.056,-0.211,0.000,89,E,0,,,,645618,147.06,0
413,949.594,"Mount",0.046,0.034,-0.009,-0.056,-0.185,0.000,78,E,0,,,,653386,158.88,0
414,951.699,"Mount",0.047,-0.084,0.096,-0.002,-0.112,0.000,47,E,0,,,,654656,153.57,0
415,954.131,"Mount",0.086,0.001,0.038,-0.077,-0.140,-0.028,59,E,12,N,,,627497,145.61,0
416,956.369,"Mount",-0.150,0.038,-0.103,0.115,-0.172,0.040,73,E,17,S,,,633236,148.63,0
417,958.730,"Mount",-0.067,0.008,-0.038,0.056,-0.083,0.000,35,E,0,,,,658425,159.39,0
418,960.856,"Mount",-0.037,0.005,-0.022,0.031,-0.077,0.000,32,E,0,,,,699365,150.16,0
419,963.278,"Mount",-0.151,0.024,-0.091,0.123,-0.092,0.044,39,E,19,S,,,648276,146.92,0
420,965.403,"Mount",-0.026,-0.001,-0.011,0.023,-0.052,0.000,22,E,0,,,,684083,176.34,0
421,967.765,"Mount",-0.009,-0.105,0.089,0.056,0.010,0.000,4,W,0,,,,605455,123.25,0
422,969.890,"Mount",0.017,-0.069,0.069,0.017,0.018,0.000,8,W,0,,,,621885,137.96,0
423,972.278,"Mount",-0.077,0.002,-0.038,0.067,-0.025,0.024,10,E,10,S,,,626091,149.81,0
424,974.450,"Mount",-0.085,0.019,-0.056,0.066,-0.039,0.025,16,E,11,S,,,603639,145.07,0
425,976.948,"Mount",0.040,0.226,-0.182,-0.139,-0.107,-0.049,45,E,21,N,,,672874,146.91,0
426,979.042,"Mount",-0.104,0.089,-0.127,0.051,-0.087,0.000,37,E,0,,,,662627,142.03,0
427,981.383,"Mount",-0.105,0.208,-0.233,-0.003,-0.158,0.000,67,E,0,,,,584496,128.21,0
428,983.502,"Mount",-0.013,0.031,-0.033,-0.003,-0.036,0.000,15,E,0,,,,629667,145.94,0
429,985.792,"Mount",0.006,0.010,-0.006,-0.010,-0.020,0.000,8,E,0,,,,650368,157.40,0
430,987.886,"Mount",-0.098,0.085,-0.120,0.048,-0.027,0.000,11,E,0,,,,661314,147.97,0
431,990.263,"Mount",-0.125,-0.079,0.013,0.147,0.054,0.053,23,W,23,S,,,564662,131.26,0
432,992.427,"Mount",-0.039,-0.098,0.069,0.080,0.090,0.031,38,W,13,S,,,594001,151.12,0
433,994.864,"Mount",-0.038,-0.057,0.033,0.060,0.079,0.023,33,W,10,S,,,644470,157.27,0
434,996.993,"Mount",-0.014,0.008,-0.013,0.009,0.094,0.000,40,W,0,,,,597803,153.16,0
435,999.381,"Mount",-0.178,0.111,-0.180,0.107,0.011,0.038,5,W,16,S,,,650882,158.45,0
436,1001.505,"Mount",-0.006,0.064,-0.060,-0.024,0.094,0.000,39,W,0,,,,596632,132.79,0
437,1003.891,"Mount",-0.166,0.092,-0.158,0.105,0.032,0.038,14,W,16,S,,,577156,158.58,0
438,1006.162,"Mount",-0.053,-0.184,0.139,0.132,0.192,0.049,81,W,21,S,,,600223,162.52,0
439,1008.551,"Mount",-0.090,-0.003,-0.038,0.081,0.123,0.031,52,W,13,S,,,670165,161.45,0
440,1010.739,"Mount",0.070,-0.118,0.137,-0.008,0.178,0.000,75,W,0,,,,590171,143.82,0
441,1013.098,"Mount",0.061,-0.214,0.218,0.045,0.238,0.000,101,W,0,,,,574639,133.80,0
442,1015.363,"Mount",0.171,-0.081,0.151,-0.114,0.193,-0.041,82,W,18,N,,,633008,141.68,0
443,1017.766,"Mount",0.095,0.041,0.007,-0.104,0.139,-0.039,59,W,17,N,,,596598,136.87,0
444,1019.930,"Mount",0.030,-0.152,0.149,0.044,0.213,0.000,90,W,0,,,,631403,156.20,0
445,1022.334,"Mount",0.098,-0.149,0.177,-0.018,0.222,0.000,93,W,0,,,,668369,144.63,0
446,1024.473,"Mount",0.066,-0.086,0.107,-0.019,0.176,0.000,74,W,0,,,,602299,152.33,0
447,1026.834,"Mount",-0.030,-0.056,0.036,0.053,0.108,0.000,46,W,0,,,,597295,137.49,0
448,1028.972,"Mount",0.099,-0.079,0.115,-0.051,0.134,0.000,57,W,0,,,,663952,138.85,0
449,1031.289,"Mount",-0.052,0.038,-0.058,0.029,0.059,0.000,25,W,0,,,,611080,135.29,0
450,1033.409,"Mount",-0.066,0.008,-0.037,0.055,0.029,0.000,12,W,0,,,,591544,129.42,0
451,1035.812,"Mount",-0.165,0.081,-0.148,0.109,-0.057,0.039,24,E,17,S,,,686327,140.18,0
452,1038.027,"Mount",-0.210,0.254,-0.322,0.069,-0.145,0.027,61,E,11,S,,,673063,148.00,0
453,1040.448,"Mount",-0.153,-0.004,-0.067,0.138,-0.056,0.051,24,E,22,S,,,652376,162.20,0
454,1042.582,"Mount",-0.001,0.015,-0.013,-0.006,-0.043,0.000,18,E,0,,,,646851,130.45,0
455,1044.973,"Mount",0.165,-0.018,0.092,-0.138,-0.023,-0.050,10,E,21,N,,,589551,143.35,0
456,1047.159,"Mount",0.092,-0.002,0.044,-0.081,-0.067,-0.031,28,E,13,N,,,677106,168.96,0
457,1049.498,"Mount",-0.021,-0.011,-0.000,0.024,-0.051,0.000,21,E,0,,,,687104,167.38,0
458,1051.701,"Mount",-0.127,-0.064,-0.002,0.142,-0.045,0.051,19,E,22,S,,,640974,150.85,0
459,1054.026,"Mount",-0.053,0.019,-0.041,0.038,-0.016,0.000,7,E,0,,,,638887,136.33,0
460,1056.269,"Mount",-0.118,-0.090,0.026,0.147,0.015,0.053,7,W,23,S,,,625471,137.10,0
461,1058.577,"Mount",-0.074,0.267,-0.271,-0.058,-0.075,0.000,31,E,0,,,,645587,144.02,0
462,1060.702,"Mount",-0.108,0.098,-0.136,0.050,0.025,0.000,11,W,0,,,,713699,180.56,0
463,1063.028,"Mount",-0.017,-0.032,0.020,0.030,0.126,0.000,53,W,0,,,,669162,154.39,0
464,1065.138,"Mount",-0.098,0.076,-0.112,0.052,0.060,0.000,25,W,0,,,,592524,126.49,0
465,1067.483,"Mount",0.023,0.001,0.010,-0.021,0.148,0.000,62,W,0,,,,666388,138.74,0
466,1069.690,"Mount",-0.119,-0.007,-0.049,0.109,0.160,0.039,68,W,17,S,,,653596,146.37,0
467,1072.127,"Mount",-0.142,0.008,-0.073,0.122,0.158,0.046,67,W,20,S,,,679580,148.43,0
468,1074.406,"Mount",-0.179,-0.153,0.053,0.229,0.216,0.084,91,W,36,S,,,637342,183.64,0
469,1076.855,"Mount",-0.148,0.074,-0.134,0.097,0.174,0.038,73,W,16,S,,,641299,133.94,0
470,1079.053,"Mount",0.011,-0.097,0.091,0.035,0.270,0.000,114,W,0,,,,605689,129.67,0
471,1081.615,"Mount",-0.111,-0.004,-0.047,0.100,0.221,0.036,93,W,15,S,,,634063,138.48,0
472,1083.851,"Mount",-0.042,0.007,-0.025,0.034,0.207,0.000,88,W,0,,,,635208,154.90,0
473,1086.219,"Mount",-0.012,0.026,-0.029,-0.001,0.190,0.000,80,W,0,,,,676123,136.81,0
474,1088.356,"Mount",0.057,-0.028,0.051,-0.038,0.165,0.000,70,W,0,,,,659512,145.52,0
475,1090.779,"Mount",0.101,-0.043,0.085,-0.069,0.186,-0.025,78,W,11,N,,,631323,163.58,0
476,1093.071,"Mount",-0.001,-0.321,0.284,0.149,0.252,0.053,106,W,23,S,,,584535,123.48,0
477,1095.443,"Mount",0.038,-0.103,0.109,0.014,0.145,0.000,61,W,0,,,,652743,141.66,0
478,1097.551,"Mount",0.005,-0.033,0.032,0.011,0.049,0.000,21,W,0,,,,646167,144.26,0
479,1099.941,"Mount",-0.128,-0.018,-0.043,0.122,0.032,0.044,13,W,19,S,,,644508,159.66,0
480,1102.048,"Mount",-0.026,0.091,-0.092,-0.019,-0.042,0.000,18,E,0,,,,651631,161.14,0
481,1104.356,"Mount",-0.037,-0.004,-0.014,0.035,-0.021,0.000,9,E,0,,,,644178,147.90,0
482,1106.532,"Mount",0.049,0.129,-0.092,-0.103,-0.080,-0.037,34,E,16,N,,,579298,134.31,0
483,1108.886,"Mount",-0.044,0.100,-0.110,-0.007,-0.098,0.000,41,E,0,,,,627516,137.81,0
484,1111.008,"Mount",-0.034,0.160,-0.158,-0.044,-0.131,0.000,55,E,0,,,,614273,155.16,0
485,1113.410,"Mount",-0.110,0.003,-0.053,0.097,-0.067,0.035,28,E,15,S,,,612885,140.47,0
486,1115.532,"Mount",-0.025,-0.029,0.015,0.035,-0.064,0.000,27,E,0,,,,576087,140.26,0
487,1118.016,"Mount",-0.298,0.247,-0.357,0.150,-0.226,0.054,95,E,23,S,,,695734,176.03,0
488,1120.172,"Mount",-0.108,0.110,-0.147,0.045,-0.124,0.000,52,E,0,,,,690521,150.25,0
489,1122.465,"Mount",-0.067,0.038,-0.065,0.042,-0.093,0.000,39,E,0,,,,595619,134.83,0
490,1124.648,"Mount",0.008,0.030,-0.023,-0.021,-0.073,0.000,31,E,0,,,,606658,131.45,0
491,1127.028,"Mount",0.085,-0.004,0.043,-0.074,-0.073,-0.027,31,E,11,N,,,614896,138.91,0
492,1129.202,"Mount",0.072,-0.002,0.035,-0.063,-0.064,-0.024,27,E,10,N,,,642612,142.76,0
493,1131.619,"Mount",-0.150,-0.057,-0.018,0.160,-0.053,0.056,22,E,24,S,,,653859,161.24,0
494,1133.777,"Mount",-0.084,0.063,-0.094,0.045,-0.097,0.000,41,E,0,,,,589957,144.07,0
495,1136.162,"Mount",0.198,-0.290,0.349,-0.042,0.106,0.000,45,W,0,,,,667961,168.93,0
496,1138.333,"Mount",0.017,-0.202,0.187,0.079,0.040,0.028,17,W,12,S,,,575271,147.09,0
497,1140.621,"Mount",0.007,-0.092,0.085,0.037,-0.000,0.000,0,,0,,,,660557,140.54,0
498,1142.778,"Mount",0.037,0.009,0.009,-0.037,-0.054,0.000,23,E,0,,,,691680,162.87,0
499,1145.109,"Mount",0.091,-0.179,0.201,0.002,0.037,0.000,16,W,0,,,,627731,134.95,0
500,1147.198,"Mount",0.034,-0.182,0.177,0.054,0.022,0.000,9,W,0,,,,627743,135.10,0
501,1149.567,"Mount",0.072,-0.268,0.272,0.060,0.057,0.000,24,W,0,,,,666530,136.44,0
502,1151.747,"Mount",0.027,-0.095,0.097,0.020,-0.022,0.000,9,E,0,,,,667343,157.10,0
503,1154.075,"Mount",0.051,-0.013,0.035,-0.039,-0.061,0.000,26,E,0,,,,618194,161.38,0
504,1156.202,"Mount",-0.027,-0.048,0.030,0.046,-0.057,0.000,24,E,0,,,,622172,154.53,0
505,1158.589,"Mount",-0.143,0.044,-0.105,0.107,-0.114,0.038,48,E,16,S,,,718560,161.29,0
506,1160.777,"Mount",-0.114,-0.013,-0.042,0.107,-0.065,0.040,27,E,17,S,,,606201,152.79,0
507,1163.154,"Mount",-0.089,0.270,-0.281,-0.045,-0.200,0.000,84,E,0,,,,616385,133.74,0
508,1165.395,"Mount",0.035,0.089,-0.063,-0.072,-0.100,-0.026,42,E,11,N,,,636976,149.94,0
509,1167.904,"Mount",-0.228,0.286,-0.359,0.070,-0.229,0.024,97,E,10,S,,,775724,169.21,0
510,1170.168,"Mount",-0.299,0.344,-0.443,0.106,-0.265,0.039,112,E,17,S,,,595968,136.37,0
511,1172.481,"Mount",-0.055,0.006,-0.031,0.046,-0.070,0.000,30,E,0,,,,627236,144.44,0
512,1174.593,"Mount",0.003,0.093,-0.081,-0.046,-0.104,0.000,44,E,0,,,,637772,147.70,0
513,1176.921,"Mount",0.022,0.031,-0.018,-0.034,-0.050,0.000,21,E,0,,,,635844,138.30,0
514,1178.998,"Mount",0.023,0.044,-0.028,-0.041,-0.021,0.000,9,E,0,,,,648839,143.32,0
515,1181.355,"Mount",0.113,-0.024,0.073,-0.089,0.035,-0.032,15,W,14,N,,,634401,130.43,0
516,1183.542,"Mount",0.131,-0.112,0.160,-0.064,0.084,-0.024,36,W,10,N,,,613959,129.25,0
517,1185.867,"Mount",0.025,0.059,-0.041,-0.050,0.028,0.000,12,W,0,,,,676212,152.37,0
518,1187.989,"Mount",0.033,-0.113,0.115,0.023,0.087,0.000,37,W,0,,,,736870,161.50,0
519,1190.375,"Mount",-0.060,-0.086,0.049,0.093,0.035,0.033,15,W,14,S,,,594502,151.75,0
520,1192.480,"Mount",0.136,-0.170,0.213,-0.043,0.114,0.000,48,W,0,,,,653083,153.50,0
521,1194.794,"Mount",0.043,0.009,0.011,-0.042,0.009,0.000,4,W,0,,,,591864,145.35,0
522,1196.980,"Mount",0.201,-0.055,0.141,-0.152,0.065,-0.055,27,W,23,N,,,619218,134.72,0
523,1199.289,"Mount",-0.012,0.007,-0.011,0.007,-0.013,0.000,5,E,0,,,,588016,143.66,0
524,1201.365,"Mount",-0.008,-0.083,0.070,0.045,-0.010,0.000,4,E,0,,,,614080,157.99,0
525,1203.689,"Mount",0.018,-0.088,0.086,0.025,-0.023,0.000,10,E,0,,,,618975,157.50,0
526,1205.871,"Mount",-0.069,-0.076,0.036,0.097,-0.088,0.035,37,E,15,S,,,657226,149.46,0
527,1208.311,"Mount",-0.039,-0.008,-0.011,0.038,-0.145,0.000,61,E,0,,,,743554,165.31,0
528,1210.450,"Mount",0.045,-0.040,0.056,-0.022,-0.155,0.000,66,E,0,,,,619582,136.33,0
529,1212.839,"Mount",0.021,-0.036,0.042,-0.002,-0.181,0.000,76,E,0,,,,654570,153.43,0
530,1215.003,"Mount",0.133,-0.068,0.121,-0.087,-0.132,-0.031,56,E,13,N,,,587518,130.27,0
531,1217.532,"Mount",-0.109,-0.042,-0.013,0.116,-0.204,0.040,86,E,17,S,,,610514,171.31,0
532,1219.686,"Mount",-0.044,0.001,-0.021,0.039,-0.179,0.000,75,E,0,,,,677505,156.42,0
533,1222.202,"Mount",-0.309,0.032,-0.171,0.259,-0.238,0.093,100,E,40,S,,,587645,158.55,0
534,1224.466,"Mount",-0.152,0.032,-0.099,0.120,-0.190,0.047,80,E,20,S,,,655581,147.27,0
535,1226.822,"Mount",-0.010,0.042,-0.042,-0.011,-0.112,0.000,47,E,0,,,,600136,156.02,0
536,1228.978,"Mount",-0.008,0.066,-0.063,-0.023,-0.121,0.000,51,E,0,,,,650364,148.54,0
537,1231.393,"Mount",-0.119,-0.005,-0.050,0.108,-0.082,0.039,34,E,17,S,,,631819,170.88,0
538,1233.517,"Mount",-0.018,-0.034,0.022,0.031,-0.068,0.000,29,E,0,,,,641301,158.53,0
539,1235.875,"Mount",-0.013,0.021,-0.025,0.002,-0.071,0.000,30,E,0,,,,660031,158.39,0
540,1237.993,"Mount",-0.050,0.065,-0.081,0.015,-0.104,0.000,44,E,0,,,,660979,167.65,0
541,1240.444,"Mount",-0.124,-0.029,-0.032,0.124,-0.066,0.044,28,E,19,S,,,631813,135.51,0
542,1242.553,"Mount",-0.032,-0.116,0.089,0.082,-0.025,0.031,10,E,13,S,,,651651,142.60,0
543,1245.004,"Mount",-0.042,-0.079,0.051,0.074,-0.041,0.028,17,E,12,S,,,601343,133.48,0
544,1247.185,"Mount",0.117,-0.023,0.074,-0.093,-0.003,-0.033,1,E,14,N,,,640695,162.73,0
545,1249.448,"Mount",0.036,-0.009,0.024,-0.028,-0.022,0.000,9,E,0,,,,616468,143.60,0
546,1251.605,"Mount",0.034,0.012,0.005,-0.035,-0.023,0.000,10,E,0,,,,664971,135.01,0
547,1253.915,"Mount",-0.038,0.075,-0.084,-0.001,-0.077,0.000,32,E,0,,,,600046,143.47,0
548,1256.037,"Mount",0.005,0.040,-0.033,-0.023,-0.051,0.000,21,E,0,,,,606611,156.94,0
549,1258.452,"Mount",0.184,0.068,0.024,-0.195,-0.099,-0.070,42,E,30,N,,,597899,130.67,0
550,1260.558,"Mount",0.053,-0.044,0.063,-0.027,-0.109,0.000,46,E,0,,,,640518,137.56,0
551,1263.009,"Mount",-0.172,0.078,-0.149,0.117,-0.244,0.042,103,E,18,S,,,727444,152.01,0
552,1265.192,"Mount",-0.042,-0.013,-0.008,0.043,-0.212,0.000,90,E,0,,,,621026,139.56,0
553,1267.655,"Mount",0.112,-0.039,0.086,-0.082,-0.215,-0.029,91,E,13,N,,,641839,177.76,0
554,1269.888,"Mount",-0.094,0.052,-0.090,0.060,-0.304,0.000,128,E,0,,,,607537,142.64,0
555,1272.354,"Mount",-0.011,-0.110,0.093,0.061,-0.238,0.022,100,E,9,S,,,661122,144.88,0
556,1274.566,"Mount",-0.094,-0.031,-0.016,0.098,-0.247,0.036,104,E,15,S,,,610737,173.98,0
557,1279.315,"Mount",-0.422,0.339,-0.495,0.218,-0.505,0.080,213,E,34,S,,,567381,141.73,0
558,1281.870,"Mount",-0.294,0.072,-0.199,0.228,-0.317,0.085,134,E,36,S,,,629341,157.15,0
INFO: SET LOCK POSITION, new lock pos = 874.451, 393.304
INFO: DITHER by -11.080, 12.204, new lock pos = 858.516, 397.520
INFO: SETTLING STATE CHANGE, Settling started
559,1293.877,"Mount",15.935,-4.216,11.080,-12.204,11.080,-12.204,4673,W,5220,N,,,661267,157.89,0
560,1296.551,"Mount",-0.546,1.417,-1.509,-0.169,-0.679,-0.061,286,E,26,N,,,684373,165.96,0
561,1298.985,"Mount",-0.381,1.174,-1.218,-0.204,-0.548,-0.076,231,E,32,N,,,613750,153.07,0
562,1301.605,"Mount",-0.403,0.575,-0.696,0.092,-0.313,0.030,132,E,13,S,,,593670,138.45,0
563,1303.818,"Mount",-0.327,0.529,-0.620,0.046,-0.279,0.000,118,E,0,,,,622388,160.20,0
564,1306.155,"Mount",-0.160,0.253,-0.298,0.025,-0.134,0.000,57,E,0,,,,629976,148.68,0
565,1308.326,"Mount",0.034,0.105,-0.078,-0.079,-0.035,-0.028,15,E,12,N,,,671142,151.19,0
566,1310.709,"Mount",-0.157,0.011,-0.082,0.134,-0.037,0.047,16,E,20,S,,,650822,145.13,0
567,1312.792,"Mount",0.078,-0.062,0.091,-0.041,0.041,0.000,17,W,0,,,,606413,146.91,0
568,1315.218,"Mount",-0.172,0.176,-0.235,0.071,-0.106,0.026,45,E,11,S,,,667258,163.81,0
569,1317.315,"Mount",0.030,-0.102,0.105,0.021,0.047,0.000,20,W,0,,,,635842,137.25,0
570,1319.714,"Mount",0.153,0.077,0.003,-0.171,-0.006,-0.062,2,E,26,N,,,576653,139.45,0
571,1321.885,"Mount",-0.098,-0.003,-0.043,0.088,-0.034,0.029,14,E,13,S,,,630774,153.96,0
572,1324.302,"Mount",-0.214,-0.163,0.047,0.265,-0.037,0.097,16,E,41,S,,,653940,147.85,0
573,1326.512,"Mount",-0.190,0.142,-0.214,0.103,-0.145,0.041,61,E,18,S,,,587787,129.81,0
574,1328.937,"Mount",0.022,-0.386,0.353,0.159,0.091,0.059,38,W,25,S,,,573986,149.41,0
INFO: SETTLING STATE CHANGE, Settling complete
575,1331.131,"Mount",-0.002,0.141,-0.126,-0.064,-0.102,-0.021,43,E,9,N,,,651936,144.13,0
576,1333.521,"Mount",-0.057,-0.246,0.192,0.164,0.036,0.058,15,W,25,S,,,593548,136.64,0
577,1335.754,"Mount",-0.172,-0.168,0.070,0.230,0.052,0.085,22,W,36,S,,,557177,140.56,0
578,1338.200,"Mount",-0.150,-0.066,-0.011,0.163,0.057,0.062,24,W,27,S,,,630498,135.61,0
579,1340.350,"Mount",0.036,-0.042,0.054,-0.012,0.074,0.000,31,W,0,,,,592439,141.71,0
580,1342.663,"Mount",0.053,0.015,0.011,-0.054,0.090,0.000,38,W,0,,,,649296,149.09,0
581,1344.788,"Mount",0.016,-0.038,0.041,0.003,0.066,0.000,28,W,0,,,,616770,151.99,0
582,1347.100,"Mount",0.009,-0.037,0.037,0.010,0.074,0.000,31,W,0,,,,626983,179.54,0
583,1349.232,"Mount",0.079,-0.067,0.096,-0.039,0.116,0.000,49,W,0,,,,617891,148.76,0
584,1351.610,"Mount",0.059,-0.124,0.137,0.005,0.139,0.000,59,W,0,,,,650959,158.05,0
585,1353.779,"Mount",-0.059,-0.086,0.050,0.092,0.105,0.033,44,W,14,S,,,641565,139.12,0
586,1356.177,"Mount",0.074,-0.104,0.127,-0.018,0.151,0.000,64,W,0,,,,651993,147.10,0
587,1358.346,"Mount",0.136,-0.213,0.252,-0.022,0.199,0.000,84,W,0,,,,601629,132.29,0
588,1360.905,"Mount",0.356,-0.534,0.638,-0.070,0.408,-0.025,172,W,11,N,,,646307,147.42,0
589,1363.112,"Mount",0.162,-0.402,0.431,0.041,0.319,0.000,135,W,0,,,,588936,140.95,0
590,1365.518,"Mount",0.049,-0.062,0.078,-0.015,0.206,0.000,87,W,0,,,,669648,151.78,0
591,1367.750,"Mount",-0.044,-0.061,0.034,0.067,0.171,0.024,72,W,10,S,,,685592,182.36,0
592,1370.186,"Mount",0.010,-0.115,0.107,0.044,0.234,0.000,99,W,0,,,,600754,155.70,0
593,1372.436,"Mount",-0.127,-0.182,0.103,0.197,0.210,0.071,88,W,30,S,,,742732,176.45,0
594,1374.845,"Mount",-0.008,-0.014,0.009,0.013,0.152,0.000,64,W,0,,,,594996,133.13,0
595,1377.045,"Mount",-0.058,-0.100,0.063,0.097,0.148,0.035,63,W,15,S,,,590532,160.55,0
596,1379.449,"Mount",-0.092,-0.034,-0.012,0.097,0.083,0.036,35,W,16,S,,,634175,142.54,0
597,1381.559,"Mount",0.006,-0.017,0.018,0.003,0.039,0.000,17,W,0,,,,632203,148.36,0
598,1383.891,"Mount",-0.058,0.016,-0.041,0.044,0.011,0.000,5,W,0,,,,576792,132.63,0
599,1386.124,"Mount",-0.394,0.085,-0.257,0.310,-0.114,0.112,48,E,48,S,,,598943,141.80,0
600,1388.468,"Mount",-0.108,0.170,-0.201,0.017,-0.108,0.000,45,E,0,,,,677961,155.02,0
601,1390.711,"Mount",-0.213,0.248,-0.319,0.075,-0.176,0.027,74,E,11,S,,,588408,142.56,0
602,1393.055,"Mount",0.120,-0.056,0.105,-0.081,-0.004,-0.028,1,E,12,N,,,617872,143.31,0
603,1395.265,"Mount",0.119,0.102,-0.036,-0.152,-0.053,-0.056,22,E,24,N,,,686350,141.44,0
604,1397.700,"Mount",0.116,0.008,0.046,-0.107,-0.051,-0.041,22,E,17,N,,,668223,161.93,0
605,1399.889,"Mount",0.052,-0.042,0.061,-0.027,-0.026,0.000,11,E,0,,,,662229,154.56,0
606,1402.383,"Mount",-0.519,0.244,-0.456,0.347,-0.248,0.125,104,E,53,S,,,626562,140.61,0
607,1404.492,"Mount",0.172,-0.240,0.292,-0.042,0.121,0.000,51,W,0,,,,628592,144.31,0
608,1406.972,"Mount",0.363,-0.382,0.506,-0.146,0.220,-0.053,93,W,22,N,,,638239,157.37,0
609,1409.085,"Mount",0.028,-0.061,0.067,0.004,0.062,0.000,26,W,0,,,,643172,144.33,0
610,1411.412,"Mount",0.013,0.028,-0.019,-0.024,0.095,0.000,40,W,0,,,,623577,140.27,0
611,1413.740,"Mount",-0.141,-0.572,0.443,0.389,0.320,0.140,135,W,60,S,,,628953,127.78,0
612,1416.254,"Mount",0.302,-0.220,0.335,-0.167,0.316,-0.054,133,W,23,N,,,633670,179.66,0
613,1418.630,"Mount",0.232,-0.281,0.356,-0.076,0.327,-0.030,138,W,13,N,,,617173,151.84,0
614,1421.083,"Mount",0.165,0.139,-0.048,-0.211,0.213,-0.077,90,W,33,N,,,624383,138.37,0
615,1423.301,"Mount",0.091,0.013,0.031,-0.087,0.232,-0.034,98,W,15,N,,,671594,146.44,0
616,1425.755,"Mount",0.086,-0.067,0.098,-0.045,0.299,0.000,126,W,0,,,,669545,148.05,0
617,1427.983,"Mount",0.112,-0.050,0.096,-0.077,0.274,-0.028,116,W,12,N,,,597636,143.12,0
618,1430.375,"Mount",0.049,-0.024,0.044,-0.032,0.196,0.000,83,W,0,,,,649237,143.29,0
619,1432.515,"Mount",0.001,-0.045,0.040,0.020,0.186,0.000,78,W,0,,,,691607,172.70,0
620,1435.006,"Mount",0.117,-0.091,0.134,-0.062,0.216,-0.022,91,W,10,N,,,643065,157.19,0
621,1437.172,"Mount",0.073,-0.031,0.061,-0.050,0.174,0.000,73,W,0,,,,619026,139.13,0
622,1439.660,"Mount",-0.210,-0.126,0.015,0.245,0.149,0.088,63,W,38,S,,,574152,130.38,0
623,1441.929,"Mount",-0.129,-0.032,-0.031,0.129,0.134,0.050,57,W,21,S,,,632546,134.28,0
624,1444.425,"Mount",-0.316,-0.212,0.043,0.378,0.126,0.138,53,W,59,S,,,625190,150.25,0
625,1446.732,"Mount",-0.710,0.364,-0.650,0.461,-0.194,0.172,82,E,73,S,,,639101,163.60,0
626,1449.046,"Mount",-0.028,-0.033,0.016,0.040,0.071,0.000,30,W,0,,,,675343,139.30,0
627,1451.152,"Mount",-0.004,0.030,-0.028,-0.011,0.032,0.000,13,W,0,,,,576703,148.57,0
628,1453.615,"Mount",-0.083,-0.116,0.064,0.127,0.034,0.046,14,W,20,S,,,619764,157.21,0
629,1455.783,"Mount",0.156,0.101,-0.018,-0.185,-0.013,-0.065,5,E,28,N,,,685337,158.56,0
630,1458.249,"Mount",0.302,0.306,-0.133,-0.409,-0.089,-0.150,38,E,64,N,,,722221,168.20,0
631,1460.406,"Mount",0.145,0.118,-0.038,-0.183,-0.046,-0.072,19,E,31,N,,,658831,131.29,0
632,1462.781,"Mount",0.065,-0.001,0.031,-0.057,-0.067,0.000,28,E,0,,,,618341,152.54,0
633,1465.039,"Mount",-0.045,-0.107,0.075,0.090,-0.058,0.032,25,E,14,S,,,616116,129.79,0
634,1467.404,"Mount",0.157,-0.096,0.158,-0.095,0.003,-0.033,1,W,14,N,,,596036,143.37,0
635,1469.576,"Mount",0.019,0.097,-0.077,-0.061,-0.103,-0.023,44,E,10,N,,,689932,156.82,0
636,1472.028,"Mount",0.001,0.152,-0.134,-0.071,-0.135,-0.027,57,E,11,N,,,578024,143.77,0
637,1474.231,"Mount",0.003,0.148,-0.130,-0.071,-0.122,-0.027,52,E,11,N,,,656569,148.55,0
638,1476.594,"Mount",0.182,-0.132,0.201,-0.101,0.007,-0.037,3,W,16,N,,,608113,150.43,0
639,1478.764,"Mount",0.266,-0.036,0.154,-0.219,0.011,-0.080,5,W,34,N,,,570105,149.08,0
640,1481.150,"Mount",-0.056,-0.354,0.288,0.213,0.066,0.074,28,W,31,S,,,570335,136.75,0
641,1483.240,"Mount",-0.017,-0.049,0.036,0.038,-0.055,0.000,23,E,0,,,,631050,141.99,0
642,1485.574,"Mount",0.000,-0.064,0.057,0.029,-0.047,0.000,20,E,0,,,,570153,132.63,0
643,1487.693,"Mount",0.068,-0.128,0.145,-0.001,0.040,0.000,17,W,0,,,,632725,165.11,0
644,1490.110,"Mount",-0.085,-0.133,0.079,0.137,0.005,0.049,2,W,21,S,,,629611,137.37,0
645,1492.292,"Mount",-0.085,-0.170,0.112,0.154,0.016,0.058,7,W,25,S,,,634707,154.77,0
646,1494.737,"Mount",-0.158,-0.148,0.058,0.208,-0.038,0.077,16,E,33,S,,,586940,135.56,0
647,1496.950,"Mount",-0.092,-0.198,0.133,0.173,0.013,0.065,5,W,28,S,,,540512,142.20,0
648,1499.311,"Mount",0.014,-0.194,0.179,0.078,0.045,0.031,19,W,13,S,,,548206,124.48,0
649,1501.404,"Mount",0.126,-0.188,0.225,-0.025,0.064,0.000,27,W,0,,,,599834,139.91,0
650,1503.700,"Mount",0.104,-0.215,0.239,0.007,0.057,0.000,24,W,0,,,,575460,144.27,0
651,1505.809,"Mount",0.095,-0.135,0.164,-0.022,0.034,0.000,14,W,0,,,,595277,140.41,0
652,1508.136,"Mount",-0.045,0.093,-0.103,-0.003,-0.102,0.000,43,E,0,,,,536457,134.40,0
653,1510.354,"Mount",-0.170,-0.004,-0.075,0.152,-0.120,0.055,51,E,23,S,,,621382,129.74,0
654,1512.742,"Mount",-0.106,-0.036,-0.017,0.110,-0.063,0.042,26,E,18,S,,,576797,132.49,0
655,1514.878,"Mount",-0.019,-0.007,-0.003,0.020,-0.074,0.000,31,E,0,,,,560707,145.08,0
656,1517.308,"Mount",0.163,-0.043,0.113,-0.125,-0.037,-0.045,15,E,19,N,,,646804,135.31,0
657,1519.428,"Mount",0.060,0.013,0.016,-0.059,-0.097,0.000,41,E,0,,,,615664,153.17,0
658,1521.834,"Mount",-0.070,0.078,-0.102,0.026,-0.133,0.000,56,E,0,,,,594277,152.59,0
659,1524.036,"Mount",-0.149,-0.056,-0.019,0.158,-0.070,0.057,30,E,24,S,,,521630,124.57,0
660,1526.439,"Mount",-0.114,-0.257,0.175,0.220,0.037,0.081,15,W,35,S,,,532056,159.64,0
661,1528.562,"Mount",0.096,-0.090,0.124,-0.044,0.042,0.000,18,W,0,,,,552028,146.61,0
662,1530.942,"Mount",-0.071,-0.116,0.071,0.116,0.037,0.042,16,W,18,S,,,556603,156.98,0
663,1533.072,"Mount",0.064,0.024,0.008,-0.068,0.021,-0.023,9,W,10,N,,,626980,132.87,0
664,1535.425,"Mount",-0.001,0.046,-0.041,-0.020,0.031,0.000,13,W,0,,,,580324,139.25,0
665,1537.562,"Mount",0.045,-0.083,0.094,-0.001,0.083,0.000,35,W,0,,,,620016,132.70,0
666,1539.984,"Mount",0.106,0.041,0.013,-0.112,0.033,-0.040,14,W,17,N,,,600479,143.93,0
667,1542.125,"Mount",0.052,-0.098,0.111,-0.001,0.060,0.000,25,W,0,,,,525466,134.21,0
668,1544.432,"Mount",0.019,0.031,-0.019,-0.031,0.030,0.000,13,W,0,,,,594131,142.82,0
669,1546.567,"Mount",0.056,-0.044,0.065,-0.029,0.047,0.000,20,W,0,,,,547504,150.42,0
670,1548.856,"Mount",0.021,0.070,-0.052,-0.051,-0.012,0.000,5,E,0,,,,597078,141.36,0
671,1551.020,"Mount",0.166,0.030,0.050,-0.161,-0.017,-0.058,7,E,25,N,,,555601,126.15,0
672,1553.365,"Mount",0.115,-0.023,0.073,-0.091,-0.011,-0.035,5,E,15,N,,,602581,136.50,0
673,1555.510,"Mount",-0.117,0.149,-0.186,0.035,-0.172,0.000,72,E,0,,,,630376,140.02,0
674,1557.957,"Mount",-0.140,-0.004,-0.061,0.126,-0.142,0.045,60,E,19,S,,,598328,141.95,0
675,1560.218,"Mount",-0.218,0.057,-0.152,0.167,-0.231,0.062,98,E,27,S,,,647896,143.06,0
676,1562.699,"Mount",0.064,0.113,-0.071,-0.108,-0.220,-0.037,93,E,16,N,,,636819,150.65,0
677,1564.911,"Mount",-0.069,0.067,-0.091,0.030,-0.241,0.000,102,E,0,,,,624253,157.38,0
678,1567.318,"Mount",-0.033,0.078,-0.085,-0.007,-0.246,0.000,104,E,0,,,,605645,158.69,0
679,1569.471,"Mount",-0.036,-0.023,0.004,0.042,-0.171,0.000,72,E,0,,,,594991,128.60,0
680,1571.878,"Mount",-0.008,0.096,-0.089,-0.037,-0.215,0.000,91,E,0,,,,640884,156.59,0
681,1574.154,"Mount",-0.104,-0.070,0.015,0.125,-0.158,0.045,66,E,19,S,,,603344,132.60,0
682,1576.570,"Mount",0.019,0.138,-0.114,-0.080,-0.169,-0.027,71,E,12,N,,,614774,141.62,0
683,1578.726,"Mount",-0.061,0.095,-0.112,0.010,-0.140,0.000,59,E,0,,,,610269,142.49,0
684,1581.091,"Mount",-0.078,0.032,-0.064,0.054,-0.110,0.000,47,E,0,,,,579944,133.15,0
685,1583.246,"Mount",-0.136,0.004,-0.066,0.119,-0.093,0.043,39,E,18,S,,,668297,130.68,0
686,1585.663,"Mount",-0.147,-0.129,0.047,0.190,-0.072,0.070,31,E,30,S,,,666118,162.46,0
687,1587.786,"Mount",0.111,-0.125,0.162,-0.041,0.005,0.000,2,W,0,,,,533503,125.36,0
688,1590.189,"Mount",-0.033,-0.069,0.046,0.061,-0.068,0.022,29,E,9,S,,,633618,149.44,0
689,1592.356,"Mount",0.081,-0.004,0.041,-0.070,-0.042,-0.024,18,E,10,N,,,621139,167.93,0
690,1594.775,"Mount",-0.172,0.132,-0.196,0.091,-0.121,0.032,51,E,14,S,,,629793,144.68,0
691,1596.959,"Mount",-0.038,-0.070,0.045,0.066,-0.028,0.025,12,E,11,S,,,610890,125.65,0
692,1599.291,"Mount",0.051,-0.007,0.030,-0.041,-0.013,0.000,5,E,0,,,,632041,141.88,0
693,1601.503,"Mount",0.069,0.130,-0.083,-0.122,-0.067,-0.044,28,E,19,N,,,585556,150.75,0
694,1603.896,"Mount",0.103,0.037,0.015,-0.108,-0.038,-0.041,16,E,17,N,,,596237,151.60,0
695,1606.098,"Mount",0.064,0.077,-0.038,-0.092,-0.083,-0.035,35,E,15,N,,,615930,151.63,0
696,1608.453,"Mount",-0.003,0.095,-0.085,-0.041,-0.146,0.000,61,E,0,,,,670050,153.36,0
697,1610.749,"Mount",-0.165,0.187,-0.241,0.060,-0.240,0.022,101,E,9,S,,,626751,155.44,0
698,1613.108,"Mount",-0.024,0.070,-0.073,-0.011,-0.204,0.000,86,E,0,,,,634348,135.26,0
699,1615.296,"Mount",-0.037,0.178,-0.175,-0.050,-0.285,0.000,120,E,0,,,,669915,147.68,0
700,1617.749,"Mount",-0.053,0.190,-0.193,-0.041,-0.325,0.000,137,E,0,,,,592075,135.20,0
701,1620.044,"Mount",-0.207,0.114,-0.196,0.131,-0.322,0.047,136,E,20,S,,,599097,140.37,0
702,1622.546,"Mount",-0.166,0.051,-0.122,0.123,-0.307,0.046,130,E,20,S,,,640009,175.97,0
703,1624.839,"Mount",-0.146,0.067,-0.126,0.098,-0.293,0.037,123,E,16,S,,,614979,140.41,0
704,1627.350,"Mount",-0.103,0.115,-0.150,0.039,-0.312,0.000,132,E,0,,,,599232,131.66,0
705,1629.684,"Mount",-0.229,0.236,-0.315,0.095,-0.385,0.034,162,E,15,S,,,629278,141.42,0
706,1632.117,"Mount",-0.046,0.027,-0.045,0.028,-0.263,0.000,111,E,0,,,,571299,147.93,0
707,1634.331,"Mount",-0.094,0.078,-0.112,0.047,-0.305,0.000,129,E,0,,,,556528,133.55,0
708,1636.826,"Mount",0.044,0.047,-0.022,-0.061,-0.244,-0.022,103,E,9,N,,,606965,157.53,0
709,1638.994,"Mount",0.075,-0.084,0.109,-0.028,-0.183,0.000,77,E,0,,,,647134,145.85,0
710,1641.396,"Mount",0.050,-0.059,0.075,-0.017,-0.222,0.000,94,E,0,,,,585764,138.55,0
711,1643.601,"Mount",0.012,-0.033,0.035,0.004,-0.226,0.000,96,E,0,,,,579644,139.14,0
712,1646.046,"Mount",-0.051,-0.173,0.130,0.125,-0.150,0.045,63,E,19,S,,,729872,148.99,0
713,1648.321,"Mount",-0.439,-0.546,0.282,0.641,-0.041,0.233,17,E,100,S,,,593364,130.33,0
714,1650.658,"Mount",0.208,-0.411,0.461,0.006,0.068,0.000,29,W,0,,,,654351,134.28,0
715,1652.783,"Mount",0.204,-0.516,0.552,0.057,0.140,0.000,59,W,0,,,,637954,136.54,0
716,1655.095,"Mount",0.061,-0.061,0.082,-0.026,-0.046,0.000,19,E,0,,,,548056,142.26,0
717,1657.245,"Mount",0.122,-0.032,0.085,-0.094,0.005,-0.034,2,W,14,N,,,627232,128.67,0
718,1659.657,"Mount",0.245,0.006,0.107,-0.220,0.060,-0.080,25,W,34,N,,,638272,140.33,0
719,1661.848,"Mount",0.156,-0.054,0.120,-0.113,0.044,-0.044,19,W,19,N,,,653815,137.93,0
720,1664.252,"Mount",0.170,0.025,0.056,-0.162,-0.012,-0.060,5,E,26,N,,,646430,161.08,0
721,1666.420,"Mount",0.035,0.098,-0.071,-0.076,-0.053,-0.030,23,E,13,N,,,599881,134.25,0
722,1668.795,"Mount",0.053,0.061,-0.030,-0.075,-0.044,-0.028,18,E,12,N,,,607565,136.41,0
723,1670.952,"Mount",-0.053,0.084,-0.099,0.008,-0.135,0.000,57,E,0,,,,628947,153.48,0
724,1673.355,"Mount",-0.080,-0.045,0.003,0.092,-0.078,0.033,33,E,14,S,,,537440,140.13,0
725,1675.542,"Mount",-0.063,-0.078,0.040,0.092,-0.087,0.034,37,E,15,S,,,683563,175.78,0
726,1677.804,"Mount",0.079,-0.119,0.142,-0.015,0.000,0.000,0,,0,,,,565918,129.10,0
727,1679.919,"Mount",0.012,-0.144,0.133,0.055,0.032,0.000,14,W,0,,,,603876,137.95,0
728,1682.311,"Mount",0.016,-0.171,0.159,0.065,0.078,0.023,33,W,10,S,,,603568,158.27,0
729,1684.456,"Mount",0.088,-0.020,0.059,-0.069,0.051,-0.024,21,W,10,N,,,623966,153.10,0
730,1686.997,"Mount",0.174,-0.110,0.178,-0.103,0.173,-0.038,73,W,16,N,,,696260,188.41,0
731,1689.154,"Mount",0.058,-0.072,0.091,-0.018,0.131,0.000,55,W,0,,,,676913,155.14,0
732,1691.463,"Mount",0.043,-0.035,0.051,-0.021,0.063,0.000,27,W,0,,,,642270,137.48,0
733,1693.580,"Mount",0.010,-0.114,0.105,0.044,0.109,0.000,46,W,0,,,,619003,157.78,0
734,1695.983,"Mount",0.131,-0.114,0.161,-0.064,0.154,-0.023,65,W,10,N,,,586754,136.52,0
735,1698.149,"Mount",0.146,0.109,-0.030,-0.180,0.075,-0.066,32,W,28,N,,,664210,152.64,0
736,1700.442,"Mount",0.013,0.028,-0.019,-0.025,0.095,0.000,40,W,0,,,,569730,123.24,0
737,1702.577,"Mount",0.043,0.082,-0.053,-0.076,0.098,-0.027,41,W,12,N,,,604720,157.03,0
738,1704.999,"Mount",-0.009,-0.128,0.110,0.067,0.155,0.023,65,W,10,S,,,595986,154.82,0
739,1707.224,"Mount",-0.026,-0.111,0.086,0.074,0.148,0.028,62,W,12,S,,,588788,144.43,0
740,1709.655,"Mount",0.038,-0.149,0.150,0.035,0.187,0.000,79,W,0,,,,707454,137.54,0
741,1711.843,"Mount",0.110,-0.210,0.237,-0.000,0.250,0.000,105,W,0,,,,613449,168.71,0
742,1714.220,"Mount",0.035,-0.030,0.042,-0.017,0.166,0.000,70,W,0,,,,634611,136.16,0
743,1716.392,"Mount",0.039,-0.069,0.079,-0.003,0.223,0.000,94,W,0,,,,668926,171.56,0
744,1718.768,"Mount",-0.050,0.103,-0.114,-0.003,0.139,0.000,59,W,0,,,,591904,148.88,0
745,1721.145,"Mount",0.166,-0.110,0.174,-0.096,0.254,-0.035,107,W,15,N,,,588368,141.97,0
746,1723.519,"Mount",0.017,-0.111,0.106,0.036,0.215,0.000,91,W,0,,,,560075,134.18,0
747,1725.706,"Mount",-0.177,-0.015,-0.068,0.164,0.091,0.059,38,W,25,S,,,601181,137.67,0
748,1728.172,"Mount",-0.215,0.200,-0.277,0.098,-0.039,0.038,17,E,16,S,,,684913,151.02,0
749,1730.327,"Mount",-0.204,0.130,-0.209,0.121,-0.043,0.045,18,E,19,S,,,630922,143.79,0
750,1732.749,"Mount",-0.219,0.111,-0.200,0.143,-0.094,0.053,40,E,23,S,,,670472,168.00,0
751,1734.966,"Mount",-0.155,0.137,-0.193,0.074,-0.120,0.029,51,E,12,S,,,627065,139.32,0
752,1737.276,"Mount",0.015,0.025,-0.015,-0.025,-0.062,0.000,26,E,0,,,,584454,149.94,0
753,1739.549,"Mount",-0.358,0.206,-0.347,0.223,-0.232,0.080,98,E,34,S,,,649701,154.61,0
754,1742.046,"Mount",-0.602,-0.162,-0.133,0.609,-0.120,0.223,51,E,95,S,,,671666,140.68,0
755,1744.297,"Mount",0.073,0.014,0.022,-0.071,-0.062,-0.017,26,E,7,N,,,612880,130.89,0
756,1746.672,"Mount",0.114,-0.007,0.059,-0.098,-0.069,-0.036,29,E,15,N,,,611950,134.69,0
757,1748.837,"Mount",0.024,0.099,-0.077,-0.067,-0.076,-0.026,32,E,11,N,,,596255,145.31,0
758,1751.222,"Mount",0.146,-0.101,0.157,-0.083,0.050,-0.031,21,W,13,N,,,563296,143.03,0
759,1753.422,"Mount",0.130,-0.086,0.136,-0.076,0.078,-0.029,33,W,12,N,,,637935,140.64,0
760,1755.881,"Mount",0.156,-0.021,0.090,-0.129,0.123,-0.048,52,W,20,N,,,620956,142.41,0
761,1757.992,"Mount",-0.006,-0.019,0.014,0.014,0.099,0.000,42,W,0,,,,689644,138.78,0
762,1760.389,"Mount",0.021,-0.105,0.103,0.030,0.187,0.000,79,W,0,,,,625783,150.36,0
763,1762.480,"Mount",-0.061,0.134,-0.147,-0.008,0.085,0.000,36,W,0,,,,587733,141.37,0
764,1764.858,"Mount",0.039,-0.008,0.025,-0.031,0.154,0.000,65,W,0,,,,565634,147.46,0
765,1767.047,"Mount",0.100,-0.172,0.199,-0.009,0.249,0.000,105,W,0,,,,666805,143.94,0
766,1769.635,"Mount",0.559,-0.200,0.435,-0.403,0.367,-0.145,155,W,62,N,,,646246,150.08,0
767,1771.922,"Mount",0.256,0.022,0.098,-0.237,0.246,-0.091,104,W,39,N,,,662309,163.96,0
768,1774.432,"Mount",-0.164,-0.228,0.127,0.251,0.258,0.087,109,W,37,S,,,629466,141.76,0
769,1776.615,"Mount",-0.292,0.114,-0.235,0.206,0.107,0.078,45,W,33,S,,,647513,148.98,0
770,1779.144,"Mount",-0.157,-0.323,0.214,0.288,0.306,0.107,129,W,46,S,,,640509,137.36,0
771,1781.445,"Mount",-0.116,-0.274,0.190,0.229,0.294,0.087,124,W,37,S,,,650251,144.72,0
772,1783.911,"Mount",-0.263,0.007,-0.128,0.230,0.141,0.086,59,W,37,S,,,577091,129.37,0
773,1786.241,"Mount",-0.122,-0.282,0.194,0.238,0.275,0.089,116,W,38,S,,,628657,145.74,0
774,1788.736,"Mount",0.417,0.089,0.113,-0.411,0.223,-0.144,94,W,62,N,,,616868,144.56,0
775,1790.889,"Mount",0.011,0.051,-0.040,-0.033,0.130,0.000,55,W,0,,,,528241,134.07,0
776,1793.296,"Mount",0.020,0.191,-0.161,-0.106,0.019,-0.038,8,W,16,N,,,590441,136.42,0
777,1795.485,"Mount",0.151,0.217,-0.123,-0.234,0.012,-0.086,5,W,37,N,,,583969,143.07,0
778,1797.842,"Mount",-0.024,0.160,-0.153,-0.053,-0.042,0.000,18,E,0,,,,687557,156.99,0
779,1799.983,"Mount",-0.143,0.238,-0.276,0.017,-0.122,0.000,52,E,0,,,,616011,154.80,0
780,1802.418,"Mount",-0.117,-0.134,0.065,0.166,0.016,0.060,7,W,26,S,,,584117,137.32,0
781,1804.516,"Mount",-0.034,0.006,-0.021,0.028,-0.028,0.000,12,E,0,,,,664713,153.52,0
782,1806.919,"Mount",-0.137,0.054,-0.111,0.097,-0.074,0.035,31,E,15,S,,,585240,145.19,0
783,1808.979,"Mount",0.087,-0.058,0.091,-0.050,-0.006,0.000,2,E,0,,,,532397,136.70,0
784,1811.408,"Mount",-0.124,0.169,-0.208,0.032,-0.146,0.000,62,E,0,,,,549091,142.39,0
785,1813.578,"Mount",-0.086,-0.009,-0.032,0.080,-0.063,0.029,26,E,12,S,,,639375,141.87,0
786,1816.035,"Mount",-0.226,-0.073,-0.040,0.234,-0.058,0.085,24,E,37,S,,,589749,125.53,0
787,1818.294,"Mount",-0.092,0.003,-0.045,0.081,-0.066,0.032,28,E,14,S,,,570820,125.94,0
788,1820.620,"Mount",-0.078,0.040,-0.071,0.050,-0.105,0.000,44,E,0,,,,701321,145.91,0
789,1822.734,"Mount",0.001,0.056,-0.049,-0.027,-0.072,0.000,30,E,0,,,,638922,125.46,0
790,1825.124,"Mount",0.132,0.052,0.014,-0.141,-0.066,-0.051,28,E,22,N,,,627226,144.41,0
791,1827.213,"Mount",0.063,-0.139,0.152,0.008,0.008,0.000,3,W,0,,,,646658,148.80,0
792,1829.599,"Mount",0.151,-0.080,0.140,-0.097,0.003,-0.035,1,W,15,N,,,562683,153.02,0
793,1831.765,"Mount",0.187,0.018,0.070,-0.174,-0.012,-0.064,5,E,27,N,,,628288,138.89,0
794,1834.124,"Mount",-0.029,0.069,-0.075,-0.006,-0.077,0.000,33,E,0,,,,629057,150.41,0
795,1836.227,"Mount",0.059,-0.086,0.104,-0.013,0.014,0.000,6,W,0,,,,564159,135.07,0
796,1838.583,"Mount",0.101,-0.027,0.071,-0.077,-0.011,-0.028,5,E,12,N,,,585599,147.67,0
797,1840.736,"Mount",0.034,0.032,-0.013,-0.045,-0.030,0.000,13,E,0,,,,620854,150.19,0
798,1843.166,"Mount",-0.154,-0.084,0.004,0.175,-0.029,0.063,12,E,27,S,,,598503,147.37,0
799,1845.300,"Mount",0.039,-0.116,0.121,0.019,0.032,0.000,14,W,0,,,,597857,163.31,0
800,1847.637,"Mount",0.005,-0.102,0.093,0.043,0.018,0.000,8,W,0,,,,629444,140.32,0
801,1849.889,"Mount",-0.262,-0.305,0.150,0.373,0.046,0.134,19,W,57,S,,,639434,152.90,0
802,1852.232,"Mount",-0.017,-0.042,0.029,0.034,-0.026,0.000,11,E,0,,,,670573,150.08,0
803,1854.409,"Mount",-0.021,0.190,-0.178,-0.069,-0.112,-0.025,47,E,11,N,,,627808,133.42,0
804,1856.733,"Mount",-0.053,0.002,-0.026,0.046,-0.063,0.000,27,E,0,,,,612690,155.54,0
805,1858.840,"Mount",0.046,-0.063,0.077,-0.012,-0.038,0.000,16,E,0,,,,604676,141.47,0
806,1861.198,"Mount",-0.010,0.112,-0.105,-0.043,-0.129,0.000,55,E,0,,,,650313,151.97,0
807,1863.318,"Mount",-0.029,0.081,-0.085,-0.012,-0.130,0.000,55,E,0,,,,542881,123.95,0
808,1865.788,"Mount",-0.105,-0.030,-0.022,0.107,-0.096,0.039,41,E,17,S,,,593318,150.45,0
809,1867.937,"Mount",-0.045,-0.023,-0.001,0.051,-0.094,0.000,39,E,0,,,,591421,141.12,0
810,1870.330,"Mount",0.134,0.068,0.001,-0.151,-0.082,-0.054,35,E,23,N,,,661969,168.30,0
811,1872.548,"Mount",-0.168,0.183,-0.240,0.064,-0.151,0.021,64,E,9,S,,,658168,155.93,0
812,1874.890,"Mount",0.018,0.077,-0.060,-0.052,-0.023,0.000,10,E,0,,,,656013,177.12,0
813,1877.080,"Mount",-0.227,0.146,-0.234,0.134,-0.112,0.048,47,E,21,S,,,530792,141.23,0
814,1879.375,"Mount",-0.004,0.057,-0.052,-0.023,0.002,0.000,1,W,0,,,,612194,129.14,0
815,1881.530,"Mount",-0.088,-0.104,0.051,0.126,0.010,0.045,4,W,19,S,,,557830,142.56,0
816,1883.945,"Mount",-0.000,-0.233,0.207,0.108,0.115,0.041,48,W,17,S,,,660568,130.72,0
817,1886.093,"Mount",0.103,-0.072,0.111,-0.059,0.083,0.000,35,W,0,,,,541835,130.87,0
818,1888.469,"Mount",-0.051,-0.125,0.087,0.103,0.061,0.037,26,W,16,S,,,610765,134.09,0
819,1890.584,"Mount",0.051,-0.078,0.093,-0.010,0.048,0.000,20,W,0,,,,626937,133.59,0
820,1892.988,"Mount",-0.127,-0.153,0.077,0.183,0.061,0.066,26,W,28,S,,,575378,154.57,0
821,1895.150,"Mount",-0.043,-0.091,0.061,0.080,0.043,0.031,18,W,13,S,,,657855,135.18,0
822,1897.450,"Mount",-0.010,-0.039,0.030,0.026,0.004,0.000,2,W,0,,,,536997,152.69,0
823,1899.541,"Mount",-0.060,-0.003,-0.025,0.054,-0.009,0.000,4,E,0,,,,588708,149.71,0
824,1901.881,"Mount",0.004,-0.063,0.058,0.026,-0.047,0.000,20,E,0,,,,539497,132.68,0
825,1904.029,"Mount",0.025,0.013,0.000,-0.028,-0.084,0.000,35,E,0,,,,580880,141.81,0
826,1906.390,"Mount",-0.068,0.139,-0.155,-0.003,-0.192,0.000,81,E,0,,,,543700,153.70,0
827,1908.562,"Mount",-0.092,0.228,-0.244,-0.024,-0.256,0.000,108,E,0,,,,587651,136.38,0
828,1910.999,"Mount",0.074,0.080,-0.037,-0.103,-0.176,-0.037,74,E,16,N,,,595372,135.83,0
829,1913.269,"Mount",-0.127,0.048,-0.101,0.091,-0.244,0.031,103,E,13,S,,,544092,130.27,0
830,1915.677,"Mount",0.086,0.103,-0.052,-0.124,-0.207,-0.043,87,E,19,N,,,556998,141.92,0
831,1917.911,"Mount",0.214,-0.053,0.146,-0.165,-0.123,-0.061,52,E,26,N,,,620849,134.40,0
832,1920.395,"Mount",0.201,0.160,-0.049,-0.252,-0.191,-0.093,81,E,40,N,,,585184,136.22,0
833,1922.596,"Mount",0.126,0.134,-0.061,-0.174,-0.158,-0.066,66,E,28,N,,,579108,140.80,0
834,1924.953,"Mount",-0.035,0.050,-0.061,0.008,-0.136,0.000,57,E,0,,,,649658,151.34,0
835,1927.078,"Mount",0.129,-0.115,0.161,-0.061,-0.003,-0.022,1,E,9,N,,,685990,148.15,0
836,1929.479,"Mount",-0.039,-0.066,0.041,0.065,-0.073,0.022,31,E,10,S,,,657919,139.06,0
837,1931.623,"Mount",-0.057,0.066,-0.085,0.020,-0.098,0.000,41,E,0,,,,586864,168.32,0
838,1934.004,"Mount",-0.069,-0.105,0.061,0.110,-0.031,0.040,13,E,17,S,,,562053,129.26,0
839,1936.117,"Mount",-0.050,0.095,-0.107,0.000,-0.115,0.000,48,E,0,,,,620115,164.29,0
840,1938.408,"Mount",-0.031,0.039,-0.048,0.009,-0.077,0.000,32,E,0,,,,581634,144.89,0
INFO: SET LOCK POSITION, new lock pos = 858.516, 397.520
INFO: DITHER by 7.157, 0.460, new lock pos = 861.403, 390.955
INFO: SETTLING STATE CHANGE, Settling started
841,1943.773,"Mount",-2.887,6.565,-7.157,-0.460,-7.157,-0.460,3019,E,197,N,,,552463,127.36,0
842,1946.407,"Mount",-1.081,0.202,-0.677,0.866,-0.305,0.312,128,E,133,S,,,590247,146.60,0
843,1948.628,"Mount",-0.526,-0.157,-0.103,0.540,-0.046,0.207,20,E,88,S,,,574324,126.52,0
844,1951.124,"Mount",-0.635,-0.009,-0.284,0.567,-0.128,0.212,54,E,91,S,,,563119,135.80,0
845,1953.299,"Mount",0.212,-0.059,0.150,-0.161,0.067,-0.049,28,W,21,N,,,599265,124.29,0
846,1955.725,"Mount",0.131,0.199,-0.117,-0.209,-0.052,-0.077,22,E,33,N,,,590180,131.78,0
847,1957.879,"Mount",-0.148,0.345,-0.375,-0.028,-0.169,0.000,71,E,0,,,,560369,128.99,0
848,1960.339,"Mount",-0.051,0.302,-0.292,-0.095,-0.131,-0.034,55,E,15,N,,,605840,127.82,0
849,1962.587,"Mount",-0.410,0.235,-0.397,0.255,-0.179,0.090,75,E,39,S,,,600546,154.28,0
850,1965.135,"Mount",-0.573,0.333,-0.559,0.355,-0.252,0.131,106,E,56,S,,,570473,129.43,0
851,1967.508,"Mount",-0.420,0.463,-0.605,0.159,-0.272,0.063,115,E,27,S,,,597136,134.37,0
852,1970.055,"Mount",0.266,0.433,-0.262,-0.436,-0.391,-0.155,165,E,66,N,,,587390,145.34,0
853,1972.506,"Mount",-0.137,0.801,-0.774,-0.249,-0.600,-0.096,253,E,41,N,,,668210,161.86,0
854,1975.039,"Mount",-0.289,0.448,-0.531,0.049,-0.496,0.000,209,E,0,,,,623160,125.20,0
855,1977.434,"Mount",-0.436,0.305,-0.471,0.245,-0.456,0.088,193,E,38,S,,,660268,156.09,0
856,1979.925,"Mount",-0.223,0.011,-0.113,0.193,-0.313,0.073,132,E,31,S,,,654657,156.77,0
857,1982.128,"Mount",-0.060,-0.091,0.053,0.095,-0.247,0.037,104,E,16,S,,,630943,144.27,0
858,1984.511,"Mount",0.245,-0.299,0.378,-0.079,-0.086,-0.027,36,E,12,N,,,607731,146.35,0
859,1986.747,"Mount",0.398,-0.145,0.312,-0.286,-0.095,-0.104,40,E,45,N,,,668069,184.99,0
860,1989.174,"Mount",0.260,-0.138,0.243,-0.167,-0.124,-0.064,52,E,28,N,,,592999,140.09,0
861,1991.400,"Mount",0.177,-0.069,0.143,-0.125,-0.122,-0.048,51,E,20,N,,,600305,152.71,0
862,1993.782,"Mount",0.050,-0.260,0.254,0.076,-0.033,0.025,14,E,11,S,,,571710,128.78,0
INFO: SETTLING STATE CHANGE, Settling complete
863,1996.034,"Mount",-0.252,0.027,-0.140,0.211,-0.180,0.077,76,E,33,S,,,569472,125.63,0
Guiding Ends at 2026-04-02 22:23:00

Guiding Begins at 2026-04-02 22:23:54
Equipment Profile = 60mmGuide
Dither = both axes, Dither scale = 1.000, Image noise reduction = none, Guide-frame time lapse = 0, Server enabled
Pixel scale = 3.22 arc-sec/px, Binning = 1, Focal length = 240 mm
Search region = 25 px, Star mass tolerance = 50.0%, Multi-star mode, list size = 12
 Camera = ZWO ASI120MM Mini, gain = 37, full size = 1280 x 960, have dark, dark dur = 2000, no defect map, pixel size = 3.8 um
Exposure = 2000 ms
Mount = iOptron CEM120,70,40,26, GEM, HEM, HAE, HAZ series and SkyHunter Mount (ASCOM), connected, guiding enabled, xAngle = -62.6, xRate = 2.371, yAngle = -152.7, yRate = 2.338, parity = +/-
Norm rates RA = 8.3"/s @ dec 0, Dec = 7.5"/s; ortho.err. = 0.1 deg
X guide algorithm = Predictive PEC, Control gain = 0.450
Prediction gain = 0.750
Minimum move = 0.060
Hyperparameters
	Length scale long range SE kernel = 700.000
	Signal variance long range SE kernel = 20.000
	Length scale periodic kernel = 10.000
	Signal variance periodic kernel = 20.000
	Length scale short range SE kernel = 25.000
	Signal variance short range SE kernel = 10.000
	Period length periodic kernel = 348.000
	FFT called after = 2.000 worm cycles
	Auto-adjust period length = Off
Y guide algorithm = Hysteresis, Hysteresis = 0.100, Aggression = 0.400, Minimum move = 0.060
Backlash comp = disabled, pulse = 100 ms
Max RA duration = 2500, Max DEC duration = 2500, DEC guide mode = Auto
RA Guide Speed = 7.5 a-s/s, Dec Guide Speed = 7.5 a-s/s, Cal Dec = 0.0, Last Cal Issue = None, Timestamp = 7/29/2025 9:33:42 PM
RA = 6.87 hr, Dec = -22.6 deg, Hour angle = 2.66 hr, Pier side = East, Rotator pos = N/A, Alt = 23.7 deg, Az = 220.4 deg
Lock position = 907.574, 391.582, Star position = 907.574, 391.582, HFD = 4.98 px
Frame,Time,mount,dx,dy,RARawDistance,DECRawDistance,RAGuideDistance,DECGuideDistance,RADuration,RADirection,DECDuration,DECDirection,XStep,YStep,StarMass,SNR,ErrorCode
INFO: SETTLING STATE CHANGE, Settling started
1,2.274,"Mount",0.073,-0.223,0.232,0.038,0.104,0.000,44,W,0,,,,564366,140.21,0
2,4.744,"Mount",-0.316,-0.357,0.171,0.445,0.077,0.160,32,W,69,S,,,587741,143.31,0
3,6.982,"Mount",0.019,-0.339,0.309,0.140,0.139,0.057,59,W,24,S,,,622769,143.33,0
4,9.502,"Mount",0.176,-0.520,0.543,0.084,0.244,0.032,103,W,14,S,,,549575,130.94,0
5,11.660,"Mount",0.200,-0.270,0.331,-0.053,0.149,0.000,63,W,0,,,,535233,136.15,0
6,14.102,"Mount",0.344,-0.544,0.642,-0.054,0.289,0.000,122,W,0,,,,574705,133.65,0
7,16.295,"Mount",0.239,-0.434,0.495,-0.012,0.223,0.000,94,W,0,,,,608425,164.27,0
8,18.723,"Mount",0.269,-0.576,0.635,0.027,0.286,0.000,121,W,0,,,,572987,139.52,0
9,20.947,"Mount",-0.287,-0.292,0.127,0.389,0.057,0.140,24,W,60,S,,,605923,146.18,0
INFO: SETTLING STATE CHANGE, Settling complete
10,23.323,"Mount",0.200,-0.378,0.427,-0.003,0.192,0.000,81,W,0,,,,637181,126.39,0
11,25.503,"Mount",0.188,-0.315,0.366,-0.021,0.165,0.000,70,W,0,,,,630820,132.26,0
12,27.979,"Mount",0.036,-0.387,0.360,0.147,0.143,0.053,60,W,23,S,,,628910,132.44,0
13,30.285,"Mount",0.669,-0.440,0.698,-0.390,0.280,-0.138,118,W,59,N,,,540248,128.22,0
14,32.749,"Mount",0.347,-0.497,0.601,-0.079,0.228,-0.034,96,W,15,N,,,608269,148.59,0
15,34.917,"Mount",0.079,0.081,-0.036,-0.107,-0.050,-0.040,21,E,17,N,,,588194,162.42,0
16,37.318,"Mount",0.157,-0.118,0.177,-0.085,0.038,-0.032,16,W,14,N,,,627111,140.34,0
17,39.473,"Mount",0.140,0.077,-0.004,-0.160,-0.039,-0.059,17,E,25,N,,,601524,130.39,0
18,41.827,"Mount",-0.082,0.091,-0.118,0.031,-0.088,0.000,37,E,0,,,,619934,137.35,0
19,44.016,"Mount",-0.109,0.058,-0.102,0.070,-0.072,0.025,30,E,11,S,,,551284,129.18,0
20,46.440,"Mount",-0.029,0.280,-0.262,-0.104,-0.112,-0.036,47,E,16,N,,,574020,151.86,0
21,48.554,"Mount",-0.054,-0.013,-0.013,0.054,0.041,0.000,17,W,0,,,,629307,142.76,0
22,50.863,"Mount",-0.107,0.140,-0.174,0.031,0.009,0.000,4,W,0,,,,668703,158.99,0
23,52.960,"Mount",-0.085,0.100,-0.128,0.029,0.063,0.000,26,W,0,,,,653076,152.47,0
24,55.362,"Mount",-0.185,0.139,-0.208,0.100,0.053,0.036,22,W,15,S,,,579039,144.31,0
25,57.535,"Mount",-0.196,0.139,-0.214,0.109,0.039,0.041,17,W,17,S,,,596529,128.38,0
26,59.928,"Mount",-0.292,0.230,-0.339,0.153,0.019,0.057,8,W,24,S,,,616860,129.55,0
27,62.051,"Mount",-0.031,0.173,-0.168,-0.052,0.086,0.000,36,W,0,,,,576725,146.33,0
28,64.469,"Mount",0.044,-0.149,0.153,0.030,0.279,0.000,118,W,0,,,,558395,145.97,0
29,66.765,"Mount",0.038,-0.245,0.235,0.080,0.328,0.029,138,W,12,S,,,613503,168.85,0
30,69.129,"Mount",-0.002,0.011,-0.010,-0.003,0.247,0.000,104,W,0,,,,610334,137.00,0
31,71.396,"Mount",-0.057,-0.164,0.119,0.126,0.268,0.045,113,W,19,S,,,624918,135.29,0
32,73.866,"Mount",0.105,-0.266,0.284,0.029,0.357,0.000,150,W,0,,,,669785,141.98,0
33,76.143,"Mount",-0.125,-0.137,0.064,0.174,0.227,0.063,96,W,27,S,,,631509,149.99,0
34,78.527,"Mount",-0.152,0.075,-0.136,0.100,0.116,0.038,49,W,16,S,,,650972,139.28,0
35,80.743,"Mount",-0.085,-0.039,-0.005,0.093,0.150,0.035,63,W,15,S,,,712877,143.54,0
36,83.315,"Mount",0.146,-0.085,0.143,-0.090,0.195,-0.031,82,W,13,N,,,545547,123.63,0
37,85.523,"Mount",0.025,-0.002,0.013,-0.021,0.098,0.000,41,W,0,,,,551250,139.71,0
38,87.889,"Mount",0.120,-0.277,0.302,0.022,0.190,0.000,80,W,0,,,,517009,137.03,0
39,90.005,"Mount",0.016,-0.136,0.128,0.048,0.087,0.000,37,W,0,,,,605969,130.99,0
40,92.360,"Mount",0.183,-0.322,0.370,-0.014,0.182,0.000,77,W,0,,,,629852,145.26,0
41,94.533,"Mount",0.036,-0.284,0.269,0.100,0.117,0.036,49,W,15,S,,,508656,118.05,0
42,96.843,"Mount",0.020,-0.093,0.092,0.025,0.034,0.000,14,W,0,,,,612637,154.19,0
43,98.980,"Mount",0.078,-0.005,0.040,-0.067,-0.017,-0.024,7,E,10,N,,,580605,135.93,0
44,101.291,"Mount",0.004,-0.078,0.071,0.033,0.013,0.000,6,W,0,,,,591297,134.72,0
45,103.458,"Mount",0.114,-0.086,0.129,-0.062,0.026,-0.022,11,W,9,N,,,609554,144.97,0
46,105.878,"Mount",0.104,-0.048,0.091,-0.070,-0.005,-0.026,2,E,11,N,,,576262,146.29,0
47,108.034,"Mount",-0.070,0.117,-0.136,0.008,-0.122,0.000,51,E,0,,,,656422,137.29,0
48,110.361,"Mount",-0.007,-0.062,0.052,0.035,-0.063,0.000,27,E,0,,,,637141,131.08,0
49,112.424,"Mount",-0.010,0.035,-0.036,-0.007,-0.060,0.000,25,E,0,,,,551145,121.03,0
50,114.745,"Mount",0.087,-0.091,0.121,-0.035,-0.008,0.000,3,E,0,,,,667340,156.82,0
51,116.912,"Mount",0.119,-0.092,0.136,-0.063,-0.004,-0.023,2,E,10,N,,,509913,132.20,0
52,119.304,"Mount",0.086,0.041,0.003,-0.095,-0.063,-0.035,26,E,15,N,,,630299,141.96,0
53,121.457,"Mount",0.155,-0.062,0.126,-0.109,0.013,-0.041,5,W,17,N,,,622017,148.06,0
54,123.787,"Mount",0.089,-0.093,0.124,-0.036,0.003,0.000,1,W,0,,,,637137,148.33,0
55,125.957,"Mount",0.158,0.004,0.069,-0.142,-0.014,-0.051,6,E,22,N,,,625590,139.59,0
56,128.359,"Mount",0.071,0.057,-0.018,-0.089,-0.047,-0.034,20,E,15,N,,,627921,158.99,0
57,130.475,"Mount",0.094,-0.147,0.174,-0.016,0.038,0.000,16,W,0,,,,595707,145.81,0
58,132.846,"Mount",0.063,0.042,-0.008,-0.076,-0.029,-0.027,12,E,12,N,,,623325,134.89,0
59,134.984,"Mount",0.175,-0.036,0.113,-0.138,0.015,-0.051,6,W,22,N,,,639314,160.07,0
60,137.365,"Mount",-0.028,0.012,-0.024,0.020,-0.016,0.000,7,E,0,,,,588523,156.05,0
61,139.564,"Mount",-0.063,-0.023,-0.009,0.066,-0.015,0.024,7,E,10,S,,,580556,135.50,0
62,141.988,"Mount",-0.209,0.079,-0.166,0.149,-0.097,0.054,41,E,23,S,,,576717,128.35,0
63,144.159,"Mount",-0.138,0.039,-0.098,0.105,-0.074,0.040,31,E,17,S,,,530229,131.32,0
64,146.531,"Mount",-0.113,-0.075,0.014,0.135,-0.048,0.050,20,E,21,S,,,556445,137.72,0
65,148.732,"Mount",-0.221,0.087,-0.179,0.155,-0.138,0.058,58,E,25,S,,,578196,135.75,0
66,151.150,"Mount",-0.086,-0.218,0.154,0.177,-0.003,0.066,1,E,28,S,,,615081,135.43,0
67,153.291,"Mount",-0.029,-0.177,0.144,0.108,-0.019,0.041,8,E,18,S,,,566782,126.13,0
68,155.706,"Mount",-0.084,0.016,-0.053,0.067,-0.083,0.026,35,E,11,S,,,622772,140.02,0
69,157.832,"Mount",-0.018,0.056,-0.058,-0.010,-0.079,0.000,34,E,0,,,,614281,140.83,0
70,160.258,"Mount",-0.198,-0.062,-0.037,0.204,-0.087,0.074,37,E,31,S,,,655219,146.63,0
71,162.455,"Mount",-0.202,0.032,-0.121,0.164,-0.128,0.062,54,E,27,S,,,544831,126.64,0
72,164.948,"Mount",-0.244,0.245,-0.330,0.103,-0.216,0.040,91,E,17,S,,,581358,118.48,0
73,167.180,"Mount",-0.189,0.219,-0.281,0.067,-0.172,0.026,73,E,11,S,,,595680,130.71,0
74,169.519,"Mount",-0.003,0.028,-0.026,-0.010,-0.027,0.000,12,E,0,,,,581289,139.03,0
75,171.644,"Mount",-0.053,0.164,-0.170,-0.029,-0.098,0.000,41,E,0,,,,651722,140.43,0
76,174.002,"Mount",-0.135,0.044,-0.101,0.100,-0.054,0.036,23,E,15,S,,,623082,158.44,0
77,176.177,"Mount",-0.070,-0.193,0.139,0.151,0.079,0.056,33,W,24,S,,,575223,139.67,0
78,178.586,"Mount",0.110,-0.064,0.107,-0.068,0.076,-0.022,32,W,9,N,,,641519,160.81,0
79,180.698,"Mount",-0.050,0.136,-0.144,-0.019,-0.030,0.000,13,E,0,,,,602316,132.70,0
80,182.980,"Mount",0.023,0.085,-0.064,-0.060,0.002,0.000,1,W,0,,,,619690,138.31,0
81,185.090,"Mount",-0.033,0.083,-0.089,-0.009,-0.023,0.000,10,E,0,,,,544941,145.93,0
82,187.538,"Mount",0.164,-0.174,0.230,-0.065,0.123,-0.023,52,W,10,N,,,597471,132.40,0
83,189.722,"Mount",0.127,0.089,-0.020,-0.154,-0.010,-0.056,4,E,24,N,,,693077,146.56,0
84,192.046,"Mount",-0.010,-0.027,0.020,0.021,-0.026,0.000,11,E,0,,,,632938,138.51,0
85,194.238,"Mount",0.068,0.121,-0.076,-0.116,-0.080,-0.042,34,E,18,N,,,567904,138.15,0
86,196.629,"Mount",0.213,-0.153,0.234,-0.119,0.016,-0.044,7,W,19,N,,,606529,165.34,0
87,198.810,"Mount",0.069,-0.003,0.034,-0.060,-0.127,0.000,54,E,0,,,,605534,126.35,0
88,201.165,"Mount",0.055,-0.007,0.032,-0.045,-0.144,0.000,61,E,0,,,,592278,118.35,0
89,203.244,"Mount",0.198,-0.276,0.336,-0.049,-0.012,0.000,5,E,0,,,,547671,131.23,0
90,205.599,"Mount",0.064,-0.222,0.226,0.046,-0.076,0.000,32,E,0,,,,571047,129.05,0
91,207.733,"Mount",0.085,-0.060,0.093,-0.048,-0.122,0.000,52,E,0,,,,590350,127.61,0
92,210.186,"Mount",0.093,0.053,-0.005,-0.107,-0.184,-0.039,78,E,17,N,,,571576,138.05,0
93,212.311,"Mount",0.027,-0.082,0.085,0.014,-0.095,0.000,40,E,0,,,,588344,135.83,0
94,214.784,"Mount",-0.181,0.021,-0.102,0.151,-0.177,0.054,74,E,23,S,,,594560,147.38,0
95,217.035,"Mount",-0.167,0.059,-0.129,0.121,-0.185,0.046,78,E,20,S,,,580698,134.63,0
96,219.473,"Mount",-0.166,-0.046,-0.036,0.169,-0.101,0.063,43,E,27,S,,,632390,139.54,0
97,221.718,"Mount",-0.210,-0.022,-0.077,0.196,-0.124,0.073,52,E,31,S,,,536538,149.15,0
98,224.127,"Mount",-0.154,0.311,-0.347,-0.007,-0.241,0.000,102,E,0,,,,571092,136.50,0
99,226.406,"Mount",0.013,0.263,-0.228,-0.133,-0.178,-0.048,75,E,20,N,,,625305,132.33,0
100,228.938,"Mount",0.029,0.155,-0.124,-0.097,-0.133,-0.037,56,E,16,N,,,572231,150.13,0
101,231.050,"Mount",0.045,-0.025,0.043,-0.028,-0.080,0.000,34,E,0,,,,626370,156.15,0
102,233.467,"Mount",-0.093,0.030,-0.070,0.069,-0.114,0.025,48,E,11,S,,,605812,149.96,0
103,235.712,"Mount",-0.180,0.049,-0.126,0.137,-0.137,0.050,58,E,22,S,,,541510,128.13,0
104,238.059,"Mount",-0.083,0.030,-0.065,0.060,-0.079,0.000,33,E,0,,,,597146,139.04,0
105,240.229,"Mount",-0.124,-0.044,-0.018,0.130,-0.038,0.047,16,E,20,S,,,621546,150.74,0
106,242.570,"Mount",0.008,-0.045,0.044,0.013,-0.043,0.000,18,E,0,,,,545254,130.62,0
107,244.802,"Mount",-0.202,-0.124,0.017,0.236,-0.051,0.085,22,E,36,S,,,552201,151.29,0
108,247.129,"Mount",-0.022,-0.010,-0.002,0.024,-0.064,0.000,27,E,0,,,,579235,138.56,0
109,249.252,"Mount",-0.024,0.015,-0.025,0.014,-0.090,0.000,38,E,0,,,,642473,140.25,0
110,251.711,"Mount",0.134,0.053,0.014,-0.143,-0.134,-0.052,57,E,22,N,,,565812,131.48,0
111,253.896,"Mount",0.086,-0.037,0.073,-0.059,-0.137,0.000,58,E,0,,,,579386,148.33,0
112,256.267,"Mount",0.044,-0.085,0.095,0.000,-0.174,0.000,73,E,0,,,,506226,131.38,0
113,258.501,"Mount",0.065,0.046,-0.011,-0.079,-0.226,-0.028,95,E,12,N,,,653689,139.79,0
114,261.033,"Mount",0.167,-0.136,0.197,-0.086,-0.174,-0.032,73,E,14,N,,,647036,154.84,0
115,263.310,"Mount",-0.042,-0.054,0.029,0.062,-0.255,0.021,107,E,9,S,,,557234,125.65,0
116,265.712,"Mount",0.025,-0.158,0.152,0.051,-0.208,0.000,88,E,0,,,,587231,130.18,0
117,267.975,"Mount",-0.087,-0.081,0.032,0.114,-0.247,0.041,104,E,18,S,,,614454,134.86,0
118,270.470,"Mount",-0.151,0.091,-0.151,0.092,-0.315,0.035,133,E,15,S,,,633771,152.35,0
119,272.700,"Mount",-0.154,0.182,-0.232,0.052,-0.338,0.000,143,E,0,,,,605301,129.61,0
120,275.057,"Mount",0.089,-0.111,0.139,-0.028,-0.182,0.000,77,E,0,,,,645171,161.74,0
121,277.353,"Mount",-0.124,0.089,-0.136,0.068,-0.299,0.025,126,E,11,S,,,601942,148.57,0
122,279.833,"Mount",-0.166,0.305,-0.347,0.007,-0.385,0.000,162,E,0,,,,586504,137.96,0
123,282.064,"Mount",-0.182,0.270,-0.323,0.037,-0.337,0.000,142,E,0,,,,549647,129.09,0
124,284.543,"Mount",-0.177,0.142,-0.208,0.091,-0.290,0.033,122,E,14,S,,,615265,162.22,0
125,286.728,"Mount",-0.135,0.181,-0.223,0.036,-0.284,0.000,120,E,0,,,,611141,132.11,0
126,289.117,"Mount",-0.073,-0.035,-0.002,0.081,-0.168,0.029,71,E,12,S,,,575661,125.10,0
127,291.373,"Mount",-0.214,-0.080,-0.028,0.227,-0.135,0.083,57,E,35,S,,,554120,143.47,0
128,293.699,"Mount",0.013,-0.134,0.124,0.050,-0.058,0.000,24,E,0,,,,523878,125.81,0
129,295.892,"Mount",-0.095,-0.113,0.056,0.137,-0.076,0.049,32,E,21,S,,,665775,157.86,0
130,298.281,"Mount",-0.132,-0.010,-0.052,0.121,-0.024,0.046,10,E,20,S,,,515730,133.81,0
131,300.425,"Mount",-0.068,-0.068,0.029,0.092,-0.034,0.035,14,E,15,S,,,611394,124.13,0
132,302.847,"Mount",-0.182,0.098,-0.171,0.117,-0.097,0.043,41,E,19,S,,,599577,148.03,0
133,305.044,"Mount",-0.066,-0.105,0.063,0.108,0.008,0.040,3,W,17,S,,,557104,131.40,0
134,307.340,"Mount",0.070,-0.022,0.052,-0.052,-0.033,0.000,14,E,0,,,,611281,135.50,0
135,309.553,"Mount",0.163,-0.119,0.181,-0.089,0.037,-0.032,15,W,14,N,,,584695,140.62,0
136,311.878,"Mount",0.012,0.099,-0.082,-0.057,-0.103,0.000,43,E,0,,,,603743,134.53,0
137,314.018,"Mount",0.174,-0.201,0.258,-0.061,0.033,-0.022,14,W,9,N,,,608348,154.07,0
138,316.330,"Mount",0.039,-0.075,0.084,-0.000,-0.021,0.000,9,E,0,,,,583064,151.68,0
139,318.472,"Mount",-0.004,-0.160,0.140,0.078,0.034,0.028,14,W,12,S,,,563757,153.03,0
140,320.875,"Mount",0.097,-0.335,0.342,0.068,0.129,0.026,54,W,11,S,,,573144,133.07,0
141,322.996,"Mount",0.078,-0.177,0.193,0.013,0.113,0.000,48,W,0,,,,659734,158.93,0
142,325.412,"Mount",-0.143,-0.031,-0.038,0.142,0.039,0.051,16,W,22,S,,,550709,114.74,0
143,327.597,"Mount",-0.184,0.041,-0.121,0.144,0.015,0.054,6,W,23,S,,,557000,128.78,0
144,329.928,"Mount",0.034,0.011,0.006,-0.036,0.090,0.000,38,W,0,,,,578869,140.15,0
145,332.075,"Mount",-0.122,0.069,-0.118,0.076,-0.009,0.027,4,E,12,S,,,660681,144.32,0
146,334.433,"Mount",0.057,0.079,-0.044,-0.087,0.043,-0.030,18,W,13,N,,,596514,146.24,0
147,336.602,"Mount",0.103,0.027,0.023,-0.104,0.052,-0.039,22,W,17,N,,,633789,162.92,0
148,338.962,"Mount",0.022,0.194,-0.162,-0.109,-0.011,-0.041,5,E,17,N,,,600264,142.44,0
149,341.112,"Mount",-0.071,0.016,-0.047,0.056,0.072,0.000,30,W,0,,,,570226,131.42,0
150,343.501,"Mount",0.043,-0.053,0.067,-0.013,0.124,0.000,52,W,0,,,,583027,164.45,0
151,345.671,"Mount",0.031,-0.027,0.038,-0.015,0.112,0.000,47,W,0,,,,553082,136.82,0
152,348.101,"Mount",-0.051,0.017,-0.039,0.037,0.116,0.000,49,W,0,,,,591027,140.96,0
153,350.331,"Mount",-0.129,0.048,-0.102,0.092,0.086,0.033,36,W,14,S,,,567842,129.76,0
154,352.706,"Mount",0.032,0.064,-0.042,-0.058,0.170,0.000,72,W,0,,,,631894,147.41,0
155,354.910,"Mount",-0.072,-0.119,0.073,0.119,0.197,0.043,83,W,18,S,,,626615,151.94,0
156,357.404,"Mount",0.124,-0.070,0.120,-0.077,0.232,-0.026,98,W,11,N,,,667253,169.48,0
157,359.598,"Mount",0.064,-0.053,0.076,-0.033,0.201,0.000,85,W,0,,,,551185,139.42,0
158,361.959,"Mount",-0.024,0.149,-0.143,-0.047,0.089,0.000,37,W,0,,,,549257,128.46,0
159,364.129,"Mount",-0.181,0.147,-0.214,0.093,0.029,0.033,12,W,14,S,,,534541,129.15,0
160,366.452,"Mount",0.053,0.001,0.024,-0.048,0.098,0.000,41,W,0,,,,602652,153.11,0
161,368.588,"Mount",0.002,-0.038,0.035,0.016,0.064,0.000,27,W,0,,,,570385,141.10,0
162,370.932,"Mount",0.081,-0.134,0.156,-0.010,0.098,0.000,41,W,0,,,,565008,133.65,0
163,373.052,"Mount",0.161,-0.338,0.375,0.013,0.172,0.000,72,W,0,,,,637289,155.60,0
164,375.379,"Mount",0.114,-0.214,0.243,-0.002,0.093,0.000,39,W,0,,,,563460,141.60,0
165,377.469,"Mount",0.116,-0.161,0.196,-0.028,0.088,0.000,37,W,0,,,,642075,150.53,0
166,379.833,"Mount",0.079,-0.106,0.131,-0.021,0.042,0.000,18,W,0,,,,639311,143.56,0
167,381.987,"Mount",0.171,-0.153,0.215,-0.081,0.059,-0.029,25,W,13,N,,,633277,140.21,0
168,384.309,"Mount",0.079,-0.074,0.102,-0.035,-0.009,0.000,4,E,0,,,,629220,142.57,0
169,386.457,"Mount",-0.084,-0.012,-0.028,0.080,-0.047,0.029,20,E,12,S,,,583320,127.42,0
170,388.904,"Mount",-0.124,0.153,-0.193,0.039,-0.134,0.000,57,E,0,,,,603577,138.67,0
171,390.983,"Mount",0.061,-0.155,0.165,0.017,0.039,0.000,16,W,0,,,,603366,133.85,0
172,393.338,"Mount",-0.173,-0.138,0.043,0.217,-0.001,0.078,0,,33,S,,,578099,151.82,0
173,395.521,"Mount",-0.004,-0.090,0.078,0.045,0.059,0.000,25,W,0,,,,566691,124.27,0
174,397.904,"Mount",-0.172,0.004,-0.083,0.150,0.029,0.054,12,W,23,S,,,600143,146.16,0
175,400.043,"Mount",-0.147,0.057,-0.118,0.104,0.041,0.040,17,W,17,S,,,662537,150.43,0
176,402.383,"Mount",0.015,0.092,-0.075,-0.055,0.082,0.000,35,W,0,,,,566977,139.02,0
177,404.551,"Mount",-0.151,-0.028,-0.045,0.147,0.126,0.053,53,W,23,S,,,537503,129.10,0
178,407.047,"Mount",-0.058,-0.168,0.122,0.128,0.210,0.048,89,W,21,S,,,610455,133.65,0
179,409.238,"Mount",-0.133,0.053,-0.108,0.093,0.117,0.035,49,W,15,S,,,587354,125.94,0
180,411.608,"Mount",-0.016,0.131,-0.124,-0.047,0.154,0.000,65,W,0,,,,558691,148.82,0
181,413.808,"Mount",-0.092,0.055,-0.091,0.057,0.196,0.000,83,W,0,,,,681280,163.02,0
182,416.228,"Mount",0.073,-0.014,0.046,-0.058,0.255,0.000,108,W,0,,,,595501,126.22,0
183,418.447,"Mount",0.167,-0.200,0.254,-0.055,0.356,0.000,150,W,0,,,,594468,134.72,0
184,421.033,"Mount",0.083,0.051,-0.007,-0.097,0.228,-0.035,96,W,15,N,,,582350,136.21,0
185,423.266,"Mount",-0.082,0.025,-0.059,0.061,0.196,0.021,83,W,9,S,,,600548,143.71,0
186,425.713,"Mount",0.054,0.056,-0.025,-0.074,0.173,-0.026,73,W,11,N,,,594715,153.09,0
187,427.973,"Mount",-0.016,-0.175,0.148,0.095,0.219,0.033,92,W,14,S,,,541072,129.92,0
188,430.391,"Mount",0.042,-0.185,0.183,0.048,0.221,0.000,93,W,0,,,,641707,147.02,0
189,432.607,"Mount",-0.009,-0.253,0.221,0.125,0.185,0.045,78,W,19,S,,,595309,153.40,0
190,434.961,"Mount",0.069,-0.168,0.181,0.017,0.144,0.000,61,W,0,,,,573767,134.47,0
191,437.071,"Mount",0.035,-0.052,0.062,-0.007,0.058,0.000,24,W,0,,,,605693,120.29,0
192,439.426,"Mount",0.018,-0.064,0.065,0.014,0.059,0.000,25,W,0,,,,574582,123.63,0
193,441.519,"Mount",-0.001,-0.017,0.014,0.009,0.024,0.000,10,W,0,,,,649915,133.97,0
194,443.876,"Mount",0.067,-0.168,0.180,0.018,0.092,0.000,39,W,0,,,,539422,120.98,0
195,446.041,"Mount",0.177,-0.072,0.145,-0.123,0.072,-0.044,30,W,19,N,,,506028,129.01,0
196,448.347,"Mount",-0.005,-0.081,0.069,0.042,0.028,0.000,12,W,0,,,,681593,147.73,0
197,450.514,"Mount",-0.193,0.147,-0.220,0.104,-0.120,0.037,51,E,16,S,,,666408,142.38,0
198,452.966,"Mount",-0.171,0.127,-0.191,0.093,-0.123,0.035,52,E,15,S,,,563072,151.83,0
199,455.180,"Mount",0.098,0.043,0.007,-0.107,-0.060,-0.037,25,E,16,N,,,593650,156.04,0
200,457.569,"Mount",-0.157,0.022,-0.092,0.130,-0.120,0.045,51,E,19,S,,,674246,163.27,0
201,459.665,"Mount",-0.096,0.097,-0.130,0.040,-0.132,0.000,56,E,0,,,,533910,122.09,0
202,461.992,"Mount",0.028,-0.161,0.156,0.050,-0.008,0.000,3,E,0,,,,567399,139.24,0
203,464.067,"Mount",0.083,-0.141,0.164,-0.008,0.001,0.000,1,W,0,,,,591693,144.29,0
204,466.356,"Mount",0.003,-0.013,0.013,0.004,-0.060,0.000,25,E,0,,,,576580,138.38,0
205,468.432,"Mount",0.006,-0.138,0.125,0.059,0.009,0.000,4,W,0,,,,642546,152.71,0
206,470.728,"Mount",-0.040,0.000,-0.018,0.035,-0.045,0.000,19,E,0,,,,564205,136.58,0
207,472.899,"Mount",-0.117,0.214,-0.244,0.005,-0.147,0.000,62,E,0,,,,605282,142.66,0
208,475.235,"Mount",0.069,-0.021,0.051,-0.052,-0.038,0.000,16,E,0,,,,636689,140.77,0
209,477.393,"Mount",-0.092,-0.218,0.151,0.182,0.040,0.065,17,W,28,S,,,526848,122.06,0
210,479.778,"Mount",-0.050,-0.214,0.167,0.143,0.052,0.054,22,W,23,S,,,555291,127.88,0
211,481.990,"Mount",-0.175,0.059,-0.133,0.128,-0.082,0.048,35,E,21,S,,,543526,126.85,0
212,484.379,"Mount",-0.126,-0.024,-0.036,0.123,-0.024,0.046,10,E,20,S,,,580688,140.08,0
213,486.518,"Mount",-0.088,-0.010,-0.032,0.083,-0.029,0.032,12,E,14,S,,,582750,135.57,0
214,488.889,"Mount",-0.017,-0.131,0.109,0.075,0.012,0.028,5,W,12,S,,,571684,142.40,0
215,491.050,"Mount",0.179,-0.136,0.203,-0.096,0.048,-0.033,20,W,14,N,,,558834,144.15,0
216,493.436,"Mount",-0.056,-0.042,0.011,0.069,-0.053,0.024,22,E,10,S,,,600331,135.42,0
217,495.624,"Mount",-0.043,-0.100,0.070,0.084,-0.031,0.031,13,E,13,S,,,668269,140.95,0
218,497.970,"Mount",-0.029,-0.074,0.052,0.060,-0.051,0.000,21,E,0,,,,643145,151.27,0
219,500.156,"Mount",-0.041,-0.065,0.039,0.066,-0.062,0.024,26,E,10,S,,,609026,139.49,0
220,502.607,"Mount",-0.098,-0.064,0.012,0.117,-0.074,0.043,31,E,18,S,,,601578,130.06,0
221,504.822,"Mount",-0.165,-0.103,0.015,0.194,-0.073,0.071,31,E,31,S,,,537314,130.46,0
222,507.052,"Mount",0.036,-0.165,0.164,0.044,0.000,0.000,0,,0,,,,587000,153.90,0
223,509.204,"Mount",-0.028,-0.143,0.114,0.091,-0.021,0.033,9,E,14,S,,,653600,164.18,0
224,511.597,"Mount",-0.128,-0.109,0.037,0.164,-0.078,0.060,33,E,26,S,,,577629,137.38,0
225,513.721,"Mount",-0.028,-0.175,0.143,0.105,-0.007,0.040,3,E,17,S,,,626327,143.42,0
226,516.108,"Mount",-0.167,-0.028,-0.052,0.161,-0.045,0.060,19,E,25,S,,,654135,149.29,0
227,518.308,"Mount",-0.183,0.030,-0.111,0.148,-0.083,0.056,35,E,24,S,,,632581,140.56,0
228,520.705,"Mount",-0.091,-0.136,0.079,0.143,0.021,0.054,9,W,23,S,,,600795,125.94,0
229,522.813,"Mount",-0.027,0.074,-0.078,-0.010,-0.026,0.000,11,E,0,,,,543525,136.10,0
230,525.203,"Mount",-0.067,-0.008,-0.024,0.063,0.028,0.023,12,W,10,S,,,608887,140.74,0
231,527.339,"Mount",-0.013,-0.076,0.061,0.046,0.065,0.000,27,W,0,,,,615839,137.27,0
232,529.712,"Mount",0.058,0.025,0.004,-0.063,0.040,-0.023,17,W,10,N,,,538386,131.18,0
233,531.819,"Mount",0.019,-0.001,0.009,-0.017,0.026,0.000,11,W,0,,,,604291,155.67,0
234,534.141,"Mount",-0.028,0.028,-0.038,0.012,0.011,0.000,5,W,0,,,,571665,134.60,0
235,536.330,"Mount",-0.176,0.338,-0.381,-0.000,-0.168,0.000,71,E,0,,,,567907,154.44,0
236,538.641,"Mount",0.016,-0.087,0.085,0.026,0.011,0.000,5,W,0,,,,563806,133.53,0
237,540.827,"Mount",-0.070,-0.078,0.037,0.098,-0.066,0.035,28,E,15,S,,,634365,137.43,0
238,543.134,"Mount",0.049,-0.128,0.136,0.015,-0.024,0.000,10,E,0,,,,600966,134.76,0
239,545.223,"Mount",0.096,-0.226,0.245,0.019,0.006,0.000,3,W,0,,,,560253,135.26,0
240,547.659,"Mount",-0.116,-0.226,0.147,0.207,-0.052,0.075,22,E,32,S,,,522031,134.55,0
241,549.958,"Mount",-0.456,-0.515,0.247,0.642,-0.014,0.234,6,E,100,S,,,597682,142.45,0
242,552.300,"Mount",0.089,-0.061,0.095,-0.051,-0.098,0.000,41,E,0,,,,540155,135.62,0
243,554.534,"Mount",0.175,-0.075,0.147,-0.121,-0.070,-0.043,30,E,19,N,,,661844,141.24,0
244,556.907,"Mount",0.219,0.003,0.098,-0.196,-0.094,-0.072,40,E,31,N,,,583981,133.15,0
245,559.029,"Mount",0.045,-0.024,0.042,-0.028,-0.136,0.000,58,E,0,,,,640190,160.85,0
246,561.480,"Mount",-0.141,0.069,-0.126,0.093,-0.198,0.034,84,E,14,S,,,591736,142.87,0
247,563.687,"Mount",0.055,0.037,-0.007,-0.066,-0.145,-0.022,61,E,10,N,,,596271,142.61,0
248,566.061,"Mount",-0.076,0.053,-0.082,0.043,-0.178,0.000,75,E,0,,,,559864,134.57,0
249,568.305,"Mount",-0.066,-0.008,-0.023,0.063,-0.128,0.023,54,E,10,S,,,565654,140.84,0
250,570.709,"Mount",-0.051,0.094,-0.107,0.002,-0.174,0.000,73,E,0,,,,569697,165.97,0
251,572.817,"Mount",0.082,-0.043,0.076,-0.053,-0.067,0.000,28,E,0,,,,621543,143.36,0
252,575.158,"Mount",-0.048,-0.019,-0.005,0.052,-0.100,0.000,42,E,0,,,,612255,150.10,0
253,577.327,"Mount",0.043,0.058,-0.032,-0.064,-0.060,-0.023,25,E,10,N,,,644182,156.21,0
254,579.712,"Mount",-0.041,0.057,-0.070,0.010,-0.087,0.000,37,E,0,,,,588912,145.24,0
255,581.880,"Mount",-0.142,0.171,-0.217,0.047,-0.126,0.000,53,E,0,,,,594972,137.02,0
256,584.303,"Mount",0.116,0.046,0.013,-0.124,-0.014,-0.045,6,E,19,N,,,564281,146.57,0
257,586.555,"Mount",0.115,0.045,0.013,-0.123,-0.034,-0.046,14,E,20,N,,,637883,152.02,0
258,588.837,"Mount",0.023,-0.058,0.062,0.006,-0.013,0.000,5,E,0,,,,574679,130.07,0
259,590.994,"Mount",-0.057,-0.045,0.014,0.071,-0.057,0.026,24,E,11,S,,,609210,130.20,0
260,593.415,"Mount",-0.157,-0.232,0.133,0.246,-0.019,0.090,8,E,38,S,,,613023,135.41,0
261,595.522,"Mount",0.038,-0.157,0.157,0.039,-0.037,0.000,16,E,0,,,,585528,124.76,0
262,597.892,"Mount",0.009,-0.157,0.143,0.065,-0.072,0.023,30,E,10,S,,,549142,135.63,0
263,600.054,"Mount",0.018,-0.122,0.117,0.041,-0.117,0.000,49,E,0,,,,567951,134.42,0
264,602.472,"Mount",-0.062,-0.143,0.099,0.121,-0.127,0.043,54,E,19,S,,,513273,135.95,0
265,604.657,"Mount",-0.018,0.034,-0.038,0.000,-0.182,0.000,77,E,0,,,,581399,148.81,0
266,607.009,"Mount",0.012,-0.139,0.129,0.053,-0.151,0.000,64,E,0,,,,605347,134.46,0
267,609.252,"Mount",-0.058,-0.216,0.165,0.151,-0.136,0.054,57,E,23,S,,,584811,142.14,0
268,611.684,"Mount",-0.026,-0.176,0.144,0.105,-0.146,0.040,62,E,17,S,,,647566,129.80,0
269,613.900,"Mount",0.104,-0.070,0.110,-0.060,-0.165,-0.020,69,E,9,N,,,568095,123.80,0
270,616.334,"Mount",-0.019,-0.074,0.057,0.051,-0.231,0.000,98,E,0,,,,515700,154.44,0
271,618.518,"Mount",-0.026,0.011,-0.022,0.018,-0.203,0.000,86,E,0,,,,525291,150.22,0
272,620.877,"Mount",-0.005,-0.094,0.081,0.048,-0.186,0.000,79,E,0,,,,645446,156.68,0
273,623.160,"Mount",-0.260,0.058,-0.171,0.203,-0.324,0.073,136,E,31,S,,,517664,135.55,0
274,627.983,"Mount",-0.440,0.614,-0.748,0.107,-0.704,0.041,297,E,18,S,,,538437,131.04,0
INFO: SET LOCK POSITION, new lock pos = 907.574, 391.582
INFO: DITHER by -6.664, -16.491, new lock pos = 919.144, 405.091
INFO: SETTLING STATE CHANGE, Settling started
275,630.606,"Mount",-0.364,0.312,-0.444,0.179,-0.457,0.066,193,E,28,S,,,547920,140.84,0
276,642.533,"Mount",-11.383,-13.292,6.557,16.225,6.557,16.225,2765,W,6940,S,,,587555,139.85,0
277,644.900,"Mount",0.163,-0.277,0.321,-0.017,0.145,0.000,61,W,0,,,,500200,143.18,0
278,647.171,"Mount",0.419,-0.365,0.517,-0.203,0.233,-0.073,98,W,31,N,,,613785,135.25,0
279,649.539,"Mount",-0.121,-0.106,0.038,0.156,0.017,0.053,7,W,23,S,,,581915,140.62,0
280,651.709,"Mount",0.244,-0.109,0.209,-0.166,0.094,-0.058,40,W,25,N,,,663578,165.68,0
281,654.136,"Mount",0.224,-0.137,0.224,-0.135,0.101,-0.051,43,W,22,N,,,694476,149.26,0
282,656.231,"Mount",-0.004,0.008,-0.009,0.000,-0.004,0.000,2,E,0,,,,578868,133.33,0
283,658.626,"Mount",-0.198,0.051,-0.136,0.152,-0.061,0.055,26,E,23,S,,,527963,125.42,0
284,660.810,"Mount",-0.222,0.023,-0.122,0.186,-0.055,0.069,23,E,30,S,,,544435,130.98,0
285,663.234,"Mount",-0.335,-0.030,-0.127,0.311,-0.057,0.115,24,E,49,S,,,577650,134.18,0
INFO: SETTLING STATE CHANGE, Settling complete
286,665.453,"Mount",-0.206,-0.098,-0.008,0.228,-0.004,0.087,1,E,37,S,,,588175,141.64,0
287,667.886,"Mount",0.229,0.047,0.064,-0.225,-0.011,-0.077,5,E,33,N,,,552742,124.95,0
288,670.083,"Mount",0.134,-0.116,0.165,-0.065,0.075,-0.027,32,W,11,N,,,542024,121.91,0
289,672.391,"Mount",-0.025,-0.059,0.041,0.050,0.028,0.000,12,W,0,,,,583666,153.91,0
290,674.515,"Mount",-0.004,-0.090,0.078,0.045,0.075,0.000,32,W,0,,,,629196,134.05,0
291,676.915,"Mount",-0.096,0.062,-0.100,0.057,-0.002,0.000,1,E,0,,,,588585,150.69,0
292,679.006,"Mount",0.062,-0.031,0.056,-0.041,0.049,0.000,21,W,0,,,,515243,120.01,0
293,681.392,"Mount",0.074,0.007,0.027,-0.069,0.043,-0.025,18,W,11,N,,,630630,136.93,0
294,683.527,"Mount",-0.045,0.026,-0.044,0.028,0.047,0.000,20,W,0,,,,585301,140.28,0
295,685.899,"Mount",-0.108,-0.025,-0.027,0.107,0.071,0.039,30,W,16,S,,,647067,154.54,0
296,688.054,"Mount",-0.111,0.072,-0.115,0.065,0.015,0.025,6,W,11,S,,,590177,164.36,0
297,690.442,"Mount",-0.022,-0.089,0.069,0.060,0.112,0.023,47,W,10,S,,,557819,141.94,0
298,692.641,"Mount",-0.099,-0.180,0.114,0.171,0.152,0.063,64,W,27,S,,,629725,147.50,0
299,694.971,"Mount",0.066,-0.029,0.056,-0.045,0.104,0.000,44,W,0,,,,573801,131.81,0
300,697.140,"Mount",0.068,-0.133,0.149,0.001,0.180,0.000,76,W,0,,,,617271,154.88,0
301,699.635,"Mount",0.252,-0.258,0.345,-0.104,0.283,-0.037,119,W,16,N,,,526835,136.39,0
302,701.897,"Mount",0.058,-0.244,0.244,0.061,0.251,0.021,106,W,9,S,,,632286,149.95,0
303,704.345,"Mount",0.041,-0.152,0.153,0.034,0.249,0.000,105,W,0,,,,587099,129.47,0
304,706.666,"Mount",0.389,-0.293,0.439,-0.209,0.368,-0.075,155,W,32,N,,,548336,144.02,0
305,709.102,"Mount",0.146,-0.074,0.133,-0.095,0.229,-0.037,96,W,16,N,,,553629,123.04,0
306,711.303,"Mount",0.037,-0.161,0.159,0.042,0.216,0.000,91,W,0,,,,613837,146.20,0
307,713.766,"Mount",0.116,-0.084,0.128,-0.064,0.178,-0.023,75,W,10,N,,,684220,134.44,0
308,715.893,"Mount",0.007,-0.125,0.114,0.051,0.133,0.000,56,W,0,,,,616751,161.14,0
309,718.283,"Mount",-0.038,-0.008,-0.011,0.037,0.066,0.000,28,W,0,,,,563865,128.62,0
310,720.456,"Mount",-0.027,-0.162,0.131,0.099,0.103,0.036,43,W,15,S,,,536586,139.96,0
311,722.793,"Mount",-0.013,0.036,-0.038,-0.005,0.032,0.000,13,W,0,,,,590067,153.71,0
312,724.957,"Mount",0.050,0.085,-0.052,-0.084,0.011,-0.030,5,W,13,N,,,558265,142.22,0
313,727.267,"Mount",0.021,-0.036,0.041,-0.002,-0.013,0.000,5,E,0,,,,629559,152.42,0
314,729.356,"Mount",0.014,-0.010,0.016,-0.008,-0.016,0.000,7,E,0,,,,580124,145.63,0
315,731.759,"Mount",-0.101,-0.109,0.050,0.140,-0.027,0.050,11,E,22,S,,,616067,127.65,0
316,733.979,"Mount",-0.169,0.056,-0.128,0.124,-0.093,0.046,39,E,20,S,,,609474,148.28,0
317,736.307,"Mount",-0.037,-0.015,-0.003,0.040,-0.050,0.000,21,E,0,,,,586662,133.25,0
318,738.369,"Mount",-0.013,-0.090,0.074,0.053,-0.009,0.000,4,E,0,,,,530180,133.41,0
319,740.746,"Mount",-0.093,-0.037,-0.010,0.099,-0.022,0.036,9,E,15,S,,,679361,140.82,0
320,742.868,"Mount",0.043,-0.078,0.089,-0.002,0.045,0.000,19,W,0,,,,649642,138.81,0
321,745.221,"Mount",0.023,-0.081,0.082,0.017,0.066,0.000,28,W,0,,,,572225,132.17,0
322,747.439,"Mount",0.030,-0.238,0.225,0.083,0.173,0.030,73,W,13,S,,,591565,140.36,0
323,749.889,"Mount",-0.013,-0.187,0.160,0.097,0.163,0.036,69,W,15,S,,,597588,141.44,0
324,752.033,"Mount",0.043,-0.050,0.064,-0.015,0.111,0.000,47,W,0,,,,560132,125.88,0
325,754.375,"Mount",-0.016,-0.014,0.005,0.020,0.127,0.000,54,W,0,,,,589586,147.13,0
326,756.550,"Mount",-0.143,0.072,-0.129,0.094,0.100,0.034,42,W,14,S,,,662419,144.30,0
327,758.909,"Mount",-0.064,0.051,-0.075,0.033,0.161,0.000,68,W,0,,,,644199,162.50,0
328,761.060,"Mount",-0.097,0.077,-0.113,0.050,0.176,0.000,74,W,0,,,,645390,145.47,0
329,763.479,"Mount",-0.027,-0.025,0.010,0.035,0.254,0.000,107,W,0,,,,558627,129.85,0
330,765.743,"Mount",-0.128,-0.015,-0.046,0.120,0.236,0.043,100,W,19,S,,,575487,130.15,0
331,768.144,"Mount",0.047,-0.020,0.040,-0.033,0.244,0.000,103,W,0,,,,591553,149.95,0
332,770.316,"Mount",-0.033,0.044,-0.054,0.009,0.215,0.000,91,W,0,,,,554455,126.09,0
333,772.738,"Mount",-0.059,0.027,-0.051,0.040,0.208,0.000,88,W,0,,,,645663,147.89,0
334,774.986,"Mount",-0.086,-0.087,0.038,0.116,0.175,0.042,74,W,18,S,,,567066,141.11,0
335,777.454,"Mount",0.186,-0.124,0.195,-0.108,0.229,-0.037,96,W,16,N,,,576540,144.49,0
336,779.612,"Mount",0.004,-0.118,0.107,0.051,0.161,0.000,68,W,0,,,,602946,150.57,0
337,781.970,"Mount",-0.004,-0.117,0.102,0.057,0.132,0.000,56,W,0,,,,581909,132.02,0
338,784.164,"Mount",-0.081,-0.169,0.113,0.150,0.122,0.054,51,W,23,S,,,528257,123.02,0
339,786.490,"Mount",0.041,-0.093,0.101,0.006,0.108,0.000,45,W,0,,,,600631,143.40,0
340,788.613,"Mount",0.014,-0.100,0.095,0.033,0.081,0.000,34,W,0,,,,562744,153.17,0
341,790.938,"Mount",0.084,-0.143,0.166,-0.008,0.113,0.000,48,W,0,,,,545216,126.33,0
342,793.056,"Mount",0.021,-0.027,0.033,-0.006,0.031,0.000,13,W,0,,,,618465,148.60,0
343,795.462,"Mount",-0.124,0.049,-0.100,0.087,-0.032,0.031,14,E,13,S,,,594229,162.16,0
344,797.649,"Mount",-0.177,0.111,-0.180,0.106,-0.088,0.039,37,E,17,S,,,592924,137.61,0
345,799.977,"Mount",-0.061,0.008,-0.035,0.051,-0.042,0.000,18,E,0,,,,561741,151.53,0
346,802.243,"Mount",-0.190,0.108,-0.183,0.119,-0.137,0.043,58,E,18,S,,,570510,129.26,0
347,804.651,"Mount",-0.066,0.049,-0.074,0.036,-0.102,0.000,43,E,0,,,,495535,126.90,0
348,806.862,"Mount",0.030,0.137,-0.108,-0.090,-0.106,-0.032,45,E,14,N,,,616501,127.21,0
349,809.250,"Mount",-0.126,0.208,-0.243,0.016,-0.164,0.000,69,E,0,,,,522143,135.49,0
350,811.449,"Mount",-0.122,0.132,-0.173,0.047,-0.138,0.000,58,E,0,,,,563560,148.08,0
351,813.779,"Mount",-0.078,0.104,-0.128,0.021,-0.118,0.000,50,E,0,,,,602800,138.15,0
352,815.897,"Mount",-0.062,0.113,-0.129,0.003,-0.102,0.000,43,E,0,,,,601080,155.81,0
353,818.305,"Mount",-0.115,-0.038,-0.019,0.119,-0.050,0.043,21,E,18,S,,,568649,142.48,0
354,820.410,"Mount",-0.036,-0.097,0.069,0.077,-0.020,0.029,8,E,13,S,,,704998,163.98,0
355,822.847,"Mount",-0.047,-0.053,0.025,0.066,-0.050,0.025,21,E,11,S,,,538765,121.62,0
356,825.001,"Mount",0.035,0.106,-0.078,-0.080,-0.079,-0.028,33,E,12,N,,,580602,132.72,0
357,827.328,"Mount",-0.040,-0.049,0.025,0.058,-0.032,0.000,13,E,0,,,,619953,152.69,0
358,829.418,"Mount",-0.006,-0.114,0.098,0.058,0.020,0.000,9,W,0,,,,593362,129.12,0
359,831.756,"Mount",-0.028,-0.052,0.033,0.049,-0.024,0.000,10,E,0,,,,519722,123.83,0
360,833.863,"Mount",0.038,-0.021,0.036,-0.024,-0.026,0.000,11,E,0,,,,536065,124.83,0
361,836.199,"Mount",-0.003,-0.007,0.005,0.006,-0.032,0.000,13,E,0,,,,625051,141.98,0
362,838.382,"Mount",0.168,-0.191,0.247,-0.061,0.073,-0.022,31,W,9,N,,,528910,138.39,0
363,840.753,"Mount",-0.082,-0.102,0.053,0.120,-0.038,0.042,16,E,18,S,,,512525,138.15,0
364,842.935,"Mount",-0.043,-0.055,0.029,0.064,-0.037,0.025,16,E,11,S,,,585262,153.28,0
365,845.335,"Mount",-0.026,-0.081,0.060,0.061,-0.040,0.023,17,E,10,S,,,570100,146.31,0
366,847.428,"Mount",0.013,-0.096,0.092,0.033,-0.012,0.000,5,E,0,,,,572648,126.29,0
367,849.878,"Mount",-0.168,0.035,-0.108,0.132,-0.118,0.048,50,E,20,S,,,565884,135.85,0
368,852.106,"Mount",-0.139,-0.036,-0.032,0.140,-0.059,0.052,25,E,22,S,,,529923,125.59,0
369,854.462,"Mount",0.034,-0.057,0.067,-0.004,-0.046,0.000,19,E,0,,,,636192,127.34,0
370,856.573,"Mount",0.041,-0.018,0.035,-0.028,-0.081,0.000,34,E,0,,,,519914,137.33,0
371,858.943,"Mount",-0.018,-0.149,0.124,0.085,-0.025,0.031,11,E,13,S,,,601334,145.32,0
372,861.128,"Mount",-0.052,0.030,-0.050,0.032,-0.070,0.000,30,E,0,,,,591964,150.74,0
373,863.437,"Mount",0.008,0.104,-0.088,-0.055,-0.082,0.000,34,E,0,,,,562097,157.79,0
374,865.574,"Mount",-0.098,0.110,-0.143,0.036,-0.094,0.000,39,E,0,,,,583092,132.08,0
375,867.919,"Mount",0.089,-0.038,0.075,-0.061,0.011,-0.022,5,W,9,N,,,584661,126.44,0
376,870.074,"Mount",-0.147,-0.007,-0.062,0.134,-0.033,0.047,14,E,20,S,,,598150,122.78,0
377,872.365,"Mount",-0.008,-0.055,0.045,0.032,0.007,0.000,3,W,0,,,,591473,153.29,0
378,874.457,"Mount",0.027,-0.177,0.169,0.057,0.087,0.000,37,W,0,,,,549780,125.92,0
379,876.843,"Mount",-0.097,-0.059,0.008,0.113,0.010,0.041,4,W,17,S,,,594103,137.47,0
380,879.018,"Mount",-0.226,0.072,-0.168,0.167,-0.065,0.062,28,E,26,S,,,631004,165.28,0
381,881.340,"Mount",0.100,-0.117,0.150,-0.035,0.064,0.000,27,W,0,,,,583591,137.86,0
382,883.478,"Mount",-0.081,-0.049,0.007,0.095,0.002,0.034,1,W,15,S,,,558284,137.25,0
383,885.847,"Mount",-0.062,-0.021,-0.010,0.065,-0.010,0.025,4,E,11,S,,,668226,175.91,0
384,888.002,"Mount",-0.069,0.139,-0.155,-0.003,-0.104,0.000,44,E,0,,,,656161,157.02,0
385,890.322,"Mount",0.023,-0.069,0.072,0.012,-0.008,0.000,4,E,0,,,,530741,143.08,0
386,892.455,"Mount",-0.061,-0.082,0.044,0.092,-0.063,0.033,26,E,14,S,,,630921,162.54,0
387,894.846,"Mount",0.071,-0.021,0.051,-0.053,-0.083,0.000,35,E,0,,,,615197,138.08,0
388,896.951,"Mount",0.016,0.006,0.002,-0.016,-0.093,0.000,39,E,0,,,,618963,129.97,0
389,899.350,"Mount",0.155,-0.151,0.206,-0.067,-0.031,-0.024,13,E,10,N,,,565604,143.20,0
390,901.519,"Mount",-0.027,0.146,-0.142,-0.043,-0.187,0.000,79,E,0,,,,571073,148.99,0
391,903.895,"Mount",0.007,-0.004,0.007,-0.004,-0.143,0.000,60,E,0,,,,608000,135.53,0
392,906.110,"Mount",0.038,0.130,-0.098,-0.093,-0.186,-0.034,79,E,14,N,,,568662,139.25,0
393,908.531,"Mount",0.091,-0.032,0.070,-0.066,-0.116,-0.025,49,E,11,N,,,552633,147.33,0
394,910.864,"Mount",0.072,0.079,-0.037,-0.100,-0.153,-0.037,65,E,16,N,,,530432,138.63,0
395,913.250,"Mount",-0.023,0.126,-0.123,-0.038,-0.208,0.000,88,E,0,,,,547471,128.55,0
396,915.513,"Mount",0.024,0.254,-0.215,-0.139,-0.223,-0.050,94,E,21,N,,,539401,127.01,0
397,918.003,"Mount",-0.172,0.140,-0.203,0.088,-0.214,0.030,90,E,13,S,,,533349,140.27,0
398,920.230,"Mount",-0.103,0.049,-0.092,0.069,-0.140,0.026,59,E,11,S,,,475234,118.19,0
399,922.578,"Mount",0.004,-0.068,0.062,0.027,-0.076,0.000,32,E,0,,,,602524,127.72,0
400,924.822,"Mount",-0.055,-0.026,-0.003,0.061,-0.098,0.022,41,E,9,S,,,554325,133.87,0
401,927.201,"Mount",-0.076,0.109,-0.132,0.017,-0.141,0.000,60,E,0,,,,506334,136.01,0
402,929.375,"Mount",-0.114,0.148,-0.184,0.033,-0.162,0.000,68,E,0,,,,524928,129.26,0
403,931.813,"Mount",-0.287,-0.106,-0.038,0.303,-0.076,0.109,32,E,47,S,,,613837,139.32,0
404,933.976,"Mount",0.121,-0.061,0.110,-0.079,-0.012,-0.024,5,E,10,N,,,506620,135.66,0
405,936.352,"Mount",-0.133,-0.226,0.139,0.223,0.021,0.079,9,W,34,S,,,571109,134.88,0
406,938.503,"Mount",-0.168,-0.166,0.070,0.226,0.003,0.084,1,W,36,S,,,595669,122.40,0
407,940.819,"Mount",0.035,-0.150,0.149,0.038,0.024,0.000,10,W,0,,,,552011,140.45,0
408,942.939,"Mount",-0.002,-0.205,0.181,0.096,0.018,0.035,8,W,15,S,,,613696,148.56,0
409,945.298,"Mount",0.134,-0.352,0.374,0.044,0.087,0.000,37,W,0,,,,609178,135.50,0
410,947.543,"Mount",-0.067,-0.074,0.035,0.093,-0.108,0.034,45,E,14,S,,,599456,169.82,0
411,949.980,"Mount",-0.057,-0.031,0.002,0.065,-0.143,0.025,60,E,11,S,,,572253,143.37,0
412,952.246,"Mount",0.096,0.058,-0.007,-0.112,-0.153,-0.039,65,E,17,N,,,550130,130.65,0
413,954.692,"Mount",-0.010,-0.189,0.163,0.097,-0.122,0.033,51,E,14,S,,,548271,148.93,0
414,956.858,"Mount",0.048,-0.105,0.116,0.006,-0.161,0.000,68,E,0,,,,648163,177.61,0
415,959.278,"Mount",0.053,-0.054,0.072,-0.022,-0.189,0.000,80,E,0,,,,521195,127.25,0
416,961.549,"Mount",-0.097,0.035,-0.075,0.070,-0.241,0.025,102,E,11,S,,,502535,118.31,0
417,963.967,"Mount",0.083,0.011,0.028,-0.079,-0.201,-0.027,85,E,12,N,,,565653,131.83,0
418,966.259,"Mount",-0.020,0.231,-0.215,-0.089,-0.285,-0.033,120,E,14,N,,,543013,145.40,0
419,968.833,"Mount",-0.098,0.400,-0.400,-0.098,-0.399,-0.037,168,E,16,N,,,612893,134.47,0
420,971.095,"Mount",-0.010,0.218,-0.199,-0.092,-0.335,-0.035,141,E,15,N,,,537920,130.59,0
421,973.634,"Mount",-0.091,0.021,-0.061,0.071,-0.314,0.024,133,E,10,S,,,622557,138.08,0
422,975.923,"Mount",0.052,0.099,-0.064,-0.092,-0.317,-0.032,134,E,14,N,,,513199,129.36,0
423,978.396,"Mount",-0.101,-0.089,0.032,0.131,-0.280,0.046,118,E,20,S,,,552390,129.45,0
424,980.565,"Mount",-0.032,-0.050,0.030,0.051,-0.263,0.000,111,E,0,,,,546307,143.34,0
425,983.046,"Mount",-0.077,-0.179,0.124,0.151,-0.167,0.054,70,E,23,S,,,553606,134.41,0
426,985.245,"Mount",-0.022,-0.125,0.101,0.077,-0.129,0.030,54,E,13,S,,,580186,148.47,0
427,987.554,"Mount",0.088,-0.188,0.207,0.008,-0.057,0.000,24,E,0,,,,516789,121.32,0
428,989.763,"Mount",-0.090,-0.094,0.042,0.123,-0.096,0.044,40,E,19,S,,,559068,137.54,0
429,992.099,"Mount",0.052,-0.087,0.101,-0.006,-0.019,0.000,8,E,0,,,,592323,129.83,0
430,994.284,"Mount",0.076,0.011,0.025,-0.072,-0.044,-0.026,18,E,11,N,,,577641,133.25,0
431,996.718,"Mount",-0.226,-0.012,-0.094,0.206,-0.084,0.073,35,E,31,S,,,586932,130.15,0
432,998.886,"Mount",-0.107,-0.011,-0.040,0.100,-0.035,0.039,15,E,17,S,,,508294,128.19,0
433,1001.303,"Mount",0.102,-0.055,0.096,-0.065,0.019,-0.022,8,W,9,N,,,602639,147.74,0
434,1003.426,"Mount",0.100,-0.203,0.226,0.005,0.057,0.000,24,W,0,,,,565874,147.76,0
435,1005.771,"Mount",0.102,-0.238,0.258,0.019,0.069,0.000,29,W,0,,,,543506,142.85,0
436,1007.908,"Mount",-0.001,-0.029,0.025,0.014,-0.047,0.000,20,E,0,,,,543014,140.53,0
437,1010.264,"Mount",0.165,-0.175,0.231,-0.065,0.046,-0.024,19,W,10,N,,,579328,132.68,0
438,1012.373,"Mount",-0.029,-0.045,0.026,0.046,-0.031,0.000,13,E,0,,,,594971,138.34,0
439,1014.695,"Mount",0.132,-0.223,0.258,-0.014,0.086,0.000,36,W,0,,,,561011,136.37,0
440,1016.838,"Mount",0.073,-0.182,0.195,0.020,0.080,0.000,34,W,0,,,,640700,166.69,0
441,1019.118,"Mount",-0.022,0.052,-0.057,-0.005,0.020,0.000,9,W,0,,,,602064,146.98,0
442,1021.290,"Mount",0.065,0.034,-0.001,-0.073,0.036,-0.026,15,W,11,N,,,526666,126.59,0
443,1023.629,"Mount",-0.122,0.020,-0.074,0.099,0.009,0.035,4,W,15,S,,,520574,133.12,0
444,1025.767,"Mount",-0.188,0.119,-0.192,0.112,-0.030,0.042,13,E,18,S,,,578229,125.03,0
445,1028.137,"Mount",-0.146,0.073,-0.132,0.096,-0.022,0.036,9,E,15,S,,,539141,140.75,0
446,1030.255,"Mount",0.034,-0.017,0.030,-0.023,0.033,0.000,14,W,0,,,,511640,131.39,0
447,1032.609,"Mount",0.046,-0.110,0.119,0.010,0.091,0.000,38,W,0,,,,502017,136.49,0
448,1034.721,"Mount",0.062,-0.052,0.074,-0.031,0.088,0.000,37,W,0,,,,571684,144.17,0
449,1037.017,"Mount",-0.014,-0.010,0.002,0.017,0.091,0.000,39,W,0,,,,559009,135.85,0
450,1039.237,"Mount",-0.129,-0.149,0.072,0.183,0.132,0.066,56,W,28,S,,,484669,142.29,0
451,1041.608,"Mount",-0.004,-0.110,0.096,0.054,0.160,0.000,68,W,0,,,,540997,132.57,0
452,1043.828,"Mount",-0.128,-0.115,0.044,0.167,0.119,0.060,50,W,26,S,,,619432,136.60,0
453,1046.306,"Mount",-0.010,-0.074,0.061,0.043,0.164,0.000,69,W,0,,,,521668,156.92,0
454,1048.457,"Mount",0.039,-0.077,0.087,0.001,0.189,0.000,80,W,0,,,,524237,129.93,0
455,1051.026,"Mount",-0.254,-0.302,0.151,0.365,0.225,0.131,95,W,56,S,,,677729,147.29,0
456,1053.332,"Mount",-0.029,-0.205,0.168,0.121,0.233,0.049,98,W,21,S,,,511909,156.16,0
457,1055.731,"Mount",0.007,-0.085,0.078,0.033,0.201,0.000,85,W,0,,,,515830,121.14,0
458,1057.962,"Mount",-0.122,-0.116,0.047,0.162,0.145,0.058,61,W,25,S,,,568351,123.76,0
459,1060.414,"Mount",-0.050,-0.137,0.099,0.107,0.191,0.041,80,W,18,S,,,556111,133.22,0
460,1062.567,"Mount",0.078,-0.166,0.183,0.008,0.212,0.000,90,W,0,,,,505072,126.60,0
461,1064.972,"Mount",-0.116,-0.042,-0.016,0.122,0.095,0.044,40,W,19,S,,,548740,125.10,0
462,1067.176,"Mount",-0.123,-0.001,-0.056,0.110,0.084,0.041,35,W,18,S,,,575175,138.61,0
463,1069.709,"Mount",0.153,-0.118,0.175,-0.081,0.131,-0.028,55,W,12,N,,,579942,137.29,0
464,1071.803,"Mount",-0.045,0.073,-0.086,0.007,-0.017,0.000,7,E,0,,,,545344,127.46,0
465,1074.127,"Mount",-0.045,0.032,-0.049,0.025,-0.009,0.000,4,E,0,,,,582224,144.44,0
466,1076.413,"Mount",-0.126,0.073,-0.123,0.078,-0.096,0.028,41,E,12,S,,,599260,134.73,0
467,1078.692,"Mount",-0.009,0.039,-0.039,-0.010,-0.058,0.000,24,E,0,,,,580163,132.65,0
468,1080.830,"Mount",-0.039,0.175,-0.173,-0.046,-0.107,0.000,45,E,0,,,,557361,145.97,0
469,1083.157,"Mount",-0.029,-0.050,0.031,0.049,-0.028,0.000,12,E,0,,,,591303,144.85,0
470,1085.245,"Mount",-0.039,0.017,-0.033,0.027,-0.032,0.000,14,E,0,,,,587582,146.13,0
471,1087.627,"Mount",-0.162,0.028,-0.100,0.131,-0.065,0.047,27,E,20,S,,,612913,134.58,0
472,1089.728,"Mount",-0.109,0.101,-0.140,0.050,-0.069,0.000,29,E,0,,,,555883,139.38,0
473,1092.085,"Mount",0.011,0.013,-0.006,-0.015,0.053,0.000,22,W,0,,,,553917,124.75,0
474,1094.192,"Mount",0.020,-0.118,0.114,0.037,0.115,0.000,48,W,0,,,,694395,152.46,0
475,1096.566,"Mount",-0.057,-0.088,0.052,0.091,0.059,0.033,25,W,14,S,,,526262,133.26,0
476,1098.736,"Mount",-0.119,0.053,-0.102,0.081,0.026,0.030,11,W,13,S,,,587605,143.20,0
477,1101.031,"Mount",-0.100,0.098,-0.133,0.044,0.031,0.000,13,W,0,,,,518498,122.54,0
478,1103.228,"Mount",-0.028,-0.085,0.063,0.065,0.136,0.023,57,W,10,S,,,616781,142.79,0
479,1105.632,"Mount",-0.095,0.133,-0.162,0.023,0.073,0.000,31,W,0,,,,557335,149.91,0
480,1107.795,"Mount",-0.102,0.068,-0.107,0.059,0.128,0.000,54,W,0,,,,545728,131.17,0
481,1110.260,"Mount",-0.094,-0.046,-0.003,0.104,0.226,0.038,95,W,16,S,,,607111,124.78,0
482,1112.464,"Mount",0.015,-0.034,0.037,0.003,0.264,0.000,111,W,0,,,,603802,141.14,0
483,1114.927,"Mount",0.080,-0.035,0.068,-0.055,0.303,0.000,128,W,0,,,,595757,136.95,0
484,1117.157,"Mount",0.055,0.024,0.004,-0.061,0.245,-0.022,103,W,9,N,,,601856,130.94,0
485,1119.540,"Mount",-0.029,-0.050,0.031,0.049,0.233,0.000,98,W,0,,,,570750,144.89,0
486,1121.754,"Mount",-0.073,-0.074,0.032,0.099,0.165,0.036,69,W,15,S,,,523255,136.52,0
487,1124.189,"Mount",0.115,-0.341,0.355,0.056,0.282,0.000,119,W,0,,,,478639,120.35,0
488,1126.456,"Mount",0.053,-0.298,0.289,0.091,0.239,0.033,101,W,14,S,,,652452,139.83,0
489,1128.922,"Mount",0.402,-0.651,0.763,-0.056,0.429,0.000,181,W,0,,,,588944,131.24,0
490,1131.029,"Mount",0.030,-0.114,0.115,0.025,0.114,0.000,48,W,0,,,,547882,120.64,0
491,1133.416,"Mount",-0.096,0.050,-0.088,0.062,0.037,0.022,16,W,10,S,,,558818,125.70,0
492,1135.557,"Mount",-0.049,0.006,-0.028,0.040,0.076,0.000,32,W,0,,,,616431,159.55,0
493,1137.880,"Mount",0.033,0.014,0.003,-0.035,0.061,0.000,26,W,0,,,,582329,164.62,0
494,1140.106,"Mount",0.015,-0.217,0.199,0.087,0.134,0.031,57,W,13,S,,,593113,138.59,0
495,1142.400,"Mount",-0.013,0.022,-0.026,0.001,0.036,0.000,15,W,0,,,,575339,160.14,0
496,1144.613,"Mount",-0.147,0.127,-0.181,0.072,-0.070,0.026,29,E,11,S,,,524759,144.97,0
497,1147.002,"Mount",-0.188,0.087,-0.164,0.126,-0.094,0.047,39,E,20,S,,,558980,141.94,0
498,1149.269,"Mount",-0.223,0.143,-0.230,0.132,-0.142,0.049,60,E,21,S,,,586973,130.65,0
499,1151.683,"Mount",-0.171,0.051,-0.124,0.128,-0.116,0.048,49,E,21,S,,,560289,137.78,0
500,1153.841,"Mount",-0.058,0.182,-0.189,-0.032,-0.154,0.000,65,E,0,,,,583947,138.37,0
501,1156.291,"Mount",-0.115,0.056,-0.103,0.076,-0.107,0.027,45,E,12,S,,,565400,123.89,0
502,1158.364,"Mount",0.008,-0.054,0.051,0.018,-0.056,0.000,24,E,0,,,,594652,134.61,0
503,1160.770,"Mount",-0.095,-0.051,0.002,0.107,-0.072,0.039,30,E,17,S,,,553015,125.24,0
504,1162.969,"Mount",-0.187,0.085,-0.162,0.127,-0.138,0.047,58,E,20,S,,,585967,150.26,0
505,1165.357,"Mount",0.027,0.094,-0.071,-0.068,-0.094,-0.022,40,E,10,N,,,524579,122.65,0
506,1167.589,"Mount",-0.018,0.168,-0.157,-0.062,-0.136,-0.023,57,E,10,N,,,544272,128.59,0
507,1170.068,"Mount",-0.033,-0.083,0.058,0.068,-0.060,0.023,25,E,10,S,,,561762,140.49,0
508,1172.331,"Mount",0.069,-0.283,0.283,0.069,0.073,0.026,31,W,11,S,,,525254,126.95,0
509,1174.706,"Mount",-0.060,-0.192,0.143,0.142,0.028,0.052,12,W,22,S,,,537446,124.78,0
510,1176.864,"Mount",0.210,-0.151,0.231,-0.116,0.069,-0.040,29,W,17,N,,,508423,134.46,0
511,1179.219,"Mount",0.151,-0.217,0.262,-0.034,0.091,0.000,38,W,0,,,,572659,135.83,0
512,1181.464,"Mount",0.341,-0.346,0.464,-0.142,0.190,-0.051,80,W,22,N,,,659875,154.05,0
513,1183.834,"Mount",0.156,-0.195,0.245,-0.048,0.082,0.000,35,W,0,,,,556184,135.54,0
514,1185.922,"Mount",0.035,-0.043,0.054,-0.011,-0.039,0.000,16,E,0,,,,513179,132.86,0
515,1188.252,"Mount",0.016,-0.067,0.067,0.017,-0.008,0.000,3,E,0,,,,577183,142.03,0
516,1190.361,"Mount",0.109,-0.130,0.166,-0.037,0.040,0.000,17,W,0,,,,582806,140.09,0
517,1192.807,"Mount",0.237,-0.119,0.214,-0.155,0.065,-0.056,27,W,24,N,,,555268,135.88,0
518,1194.900,"Mount",-0.011,-0.084,0.069,0.048,-0.010,0.000,4,E,0,,,,605009,137.96,0
519,1197.254,"Mount",-0.101,0.087,-0.124,0.049,-0.107,0.000,45,E,0,,,,523217,124.92,0
520,1199.457,"Mount",-0.215,-0.015,-0.086,0.198,-0.089,0.071,38,E,30,S,,,541438,145.45,0
521,1201.849,"Mount",-0.058,-0.084,0.048,0.090,-0.057,0.035,24,E,15,S,,,542773,122.30,0
522,1204.034,"Mount",-0.117,-0.041,-0.018,0.123,-0.074,0.046,31,E,19,S,,,519067,126.82,0
523,1206.428,"Mount",-0.026,0.093,-0.094,-0.020,-0.113,0.000,48,E,0,,,,555540,138.77,0
524,1208.630,"Mount",-0.014,0.047,-0.049,-0.009,-0.072,0.000,30,E,0,,,,512469,131.62,0
525,1211.036,"Mount",-0.006,0.155,-0.140,-0.066,-0.125,-0.024,53,E,10,N,,,516651,126.31,0
526,1213.190,"Mount",-0.150,-0.099,0.019,0.179,-0.041,0.064,17,E,27,S,,,591496,137.49,0
527,1215.554,"Mount",-0.034,0.003,-0.018,0.028,-0.029,0.000,12,E,0,,,,645273,141.53,0
528,1217.689,"Mount",-0.004,0.035,-0.033,-0.013,-0.010,0.000,4,E,0,,,,557723,129.80,0
529,1220.111,"Mount",-0.294,-0.033,-0.106,0.276,-0.041,0.099,17,E,43,S,,,525034,130.65,0
530,1222.233,"Mount",-0.025,-0.032,0.017,0.037,-0.002,0.000,1,E,0,,,,601668,144.18,0
531,1224.541,"Mount",-0.034,-0.026,0.007,0.043,0.010,0.000,4,W,0,,,,610453,127.69,0
532,1226.724,"Mount",-0.135,0.047,-0.104,0.098,-0.044,0.035,19,E,15,S,,,468715,111.67,0
533,1229.064,"Mount",-0.003,-0.044,0.038,0.023,0.002,0.000,1,W,0,,,,599500,141.09,0
534,1231.262,"Mount",-0.152,-0.099,0.018,0.181,-0.005,0.065,2,E,28,S,,,544427,134.47,0
535,1233.596,"Mount",0.020,-0.151,0.143,0.052,0.041,0.000,17,W,0,,,,582457,129.80,0
536,1235.782,"Mount",0.042,-0.226,0.220,0.067,0.057,0.024,24,W,10,S,,,627916,132.92,0
537,1238.093,"Mount",0.074,-0.075,0.100,-0.032,-0.006,0.000,3,E,0,,,,542491,156.11,0
538,1240.207,"Mount",0.104,-0.287,0.302,0.041,0.078,0.000,33,W,0,,,,625152,144.51,0
539,1242.593,"Mount",0.039,-0.022,0.038,-0.025,-0.074,0.000,31,E,0,,,,553363,130.07,0
540,1244.689,"Mount",0.016,-0.147,0.138,0.053,-0.019,0.000,8,E,0,,,,593437,154.13,0
541,1246.966,"Mount",0.067,-0.061,0.085,-0.031,-0.055,0.000,23,E,0,,,,621797,132.83,0
542,1249.196,"Mount",-0.224,0.042,-0.141,0.179,-0.165,0.064,69,E,28,S,,,545495,141.81,0
543,1251.563,"Mount",-0.012,0.026,-0.029,-0.001,-0.113,0.000,48,E,0,,,,530322,133.09,0
544,1253.718,"Mount",-0.008,-0.032,0.025,0.022,-0.141,0.000,59,E,0,,,,531945,114.87,0
545,1256.204,"Mount",0.147,0.079,-0.003,-0.167,-0.142,-0.060,60,E,26,N,,,560519,149.21,0
546,1258.374,"Mount",0.024,0.045,-0.028,-0.042,-0.150,0.000,63,E,0,,,,563552,142.61,0
547,1260.783,"Mount",0.013,0.156,-0.133,-0.083,-0.212,-0.030,89,E,13,N,,,535108,117.75,0
548,1262.904,"Mount",-0.004,0.054,-0.050,-0.022,-0.139,0.000,58,E,0,,,,537531,131.87,0
549,1265.276,"Mount",0.056,-0.032,0.054,-0.035,-0.126,0.000,53,E,0,,,,594324,138.61,0
550,1269.778,"Mount",-0.004,0.232,-0.207,-0.103,-0.244,-0.037,103,E,16,N,,,571962,132.57,0
551,1271.947,"Mount",-0.000,0.113,-0.100,-0.052,-0.162,0.000,68,E,0,,,,525270,124.09,0
552,1274.291,"Mount",0.184,-0.044,0.124,-0.143,-0.038,-0.051,16,E,22,N,,,493159,119.71,0
Guiding Ends at 2026-04-02 22:45:10

Guiding Begins at 2026-04-02 22:55:42
Equipment Profile = 60mmGuide
Dither = both axes, Dither scale = 1.000, Image noise reduction = none, Guide-frame time lapse = 0, Server enabled
Pixel scale = 3.22 arc-sec/px, Binning = 1, Focal length = 240 mm
Search region = 25 px, Star mass tolerance = 50.0%, Multi-star mode, list size = 12
 Camera = ZWO ASI120MM Mini, gain = 37, full size = 1280 x 960, have dark, dark dur = 2000, no defect map, pixel size = 3.8 um
Exposure = 2000 ms
Mount = iOptron CEM120,70,40,26, GEM, HEM, HAE, HAZ series and SkyHunter Mount (ASCOM), connected, guiding enabled, xAngle = -62.6, xRate = 2.372, yAngle = -152.7, yRate = 2.338, parity = +/-
Norm rates RA = 8.3"/s @ dec 0, Dec = 7.5"/s; ortho.err. = 0.1 deg
X guide algorithm = Predictive PEC, Control gain = 0.450
Prediction gain = 0.750
Minimum move = 0.060
Hyperparameters
	Length scale long range SE kernel = 700.000
	Signal variance long range SE kernel = 20.000
	Length scale periodic kernel = 10.000
	Signal variance periodic kernel = 20.000
	Length scale short range SE kernel = 25.000
	Signal variance short range SE kernel = 10.000
	Period length periodic kernel = 348.000
	FFT called after = 2.000 worm cycles
	Auto-adjust period length = Off
Y guide algorithm = Hysteresis, Hysteresis = 0.100, Aggression = 0.400, Minimum move = 0.060
Backlash comp = disabled, pulse = 100 ms
Max RA duration = 2500, Max DEC duration = 2500, DEC guide mode = Auto
RA Guide Speed = 7.5 a-s/s, Dec Guide Speed = 7.5 a-s/s, Cal Dec = 0.0, Last Cal Issue = None, Timestamp = 7/29/2025 9:33:42 PM
RA = 7.05 hr, Dec = -22.5 deg, Hour angle = 3.02 hr, Pier side = East, Rotator pos = N/A, Alt = 20.7 deg, Az = 224.6 deg
Lock position = 516.550, 463.238, Star position = 516.550, 463.238, HFD = 6.25 px
Frame,Time,mount,dx,dy,RARawDistance,DECRawDistance,RAGuideDistance,DECGuideDistance,RADuration,RADirection,DECDuration,DECDirection,XStep,YStep,StarMass,SNR,ErrorCode
INFO: SETTLING STATE CHANGE, Settling started
1,4.541,"Mount",3.401,-7.541,8.260,0.465,3.717,0.167,1567,W,72,S,,,967894,132.64,0
2,9.408,"Mount",5.606,-11.503,12.793,0.338,5.757,0.128,2427,W,55,S,,,1153531,158.53,0
3,13.342,"Mount",3.683,-6.883,7.805,-0.089,3.512,-0.027,1481,W,11,N,,,1236324,152.80,0
4,16.760,"Mount",3.253,-5.828,6.671,-0.195,3.002,-0.071,1266,W,30,N,,,1051350,170.90,0
5,19.439,"Mount",0.881,-0.989,1.284,-0.325,0.578,-0.120,244,W,51,N,,,1172163,193.14,0
6,21.819,"Mount",0.648,-0.397,0.651,-0.392,0.293,-0.146,124,W,62,N,,,1046097,156.09,0
7,24.167,"Mount",0.187,-0.270,0.326,-0.041,0.147,0.000,62,W,0,,,,1180833,179.30,0
8,26.310,"Mount",-0.278,-0.118,-0.024,0.301,0.000,0.108,0,,46,S,,,1028745,156.15,0
9,28.784,"Mount",-0.174,0.516,-0.538,-0.084,-0.242,-0.026,102,E,11,N,,,1015017,169.73,0
10,30.960,"Mount",0.064,0.104,-0.063,-0.104,-0.028,-0.039,12,E,17,N,,,1026218,163.90,0
11,33.439,"Mount",-0.036,0.546,-0.501,-0.221,-0.151,-0.081,64,E,35,N,,,1163371,144.53,0
12,35.711,"Mount",-0.256,0.761,-0.794,-0.124,-0.240,-0.048,101,E,20,N,,,1123460,161.79,0
13,38.205,"Mount",-0.168,0.922,-0.896,-0.277,-0.294,-0.102,124,E,43,N,,,1166060,140.91,0
14,40.468,"Mount",-0.036,0.734,-0.668,-0.307,-0.188,-0.114,79,E,49,N,,,1024396,141.65,0
15,42.986,"Mount",-0.476,0.783,-0.914,0.061,-0.342,0.017,144,E,7,S,,,1216200,166.74,0
16,45.250,"Mount",-0.568,0.493,-0.699,0.277,-0.242,0.100,102,E,43,S,,,1110923,158.31,0
17,47.803,"Mount",-0.544,0.823,-0.982,0.103,-0.392,0.041,165,E,18,S,,,1084036,147.18,0
18,50.064,"Mount",-0.514,0.553,-0.727,0.200,-0.276,0.074,116,E,32,S,,,1080996,142.58,0
19,52.605,"Mount",-0.652,0.596,-0.829,0.303,-0.334,0.112,141,E,48,S,,,1154526,160.43,0
20,54.950,"Mount",-0.446,0.462,-0.615,0.182,-0.229,0.070,97,E,30,S,,,1164221,175.37,0
21,57.313,"Mount",-0.188,0.005,-0.091,0.164,-0.011,0.062,5,E,26,S,,,1138420,154.11,0
22,59.484,"Mount",0.154,0.077,0.003,-0.172,0.055,-0.060,23,W,25,N,,,1155828,153.03,0
23,61.915,"Mount",-0.071,0.442,-0.425,-0.141,-0.104,-0.053,44,E,23,N,,,1210792,192.46,0
24,64.130,"Mount",-0.149,0.524,-0.533,-0.110,-0.128,-0.042,54,E,18,N,,,1097214,151.59,0
25,66.554,"Mount",-0.365,0.463,-0.579,0.110,-0.181,0.038,76,E,16,S,,,1073974,136.61,0
26,68.740,"Mount",0.092,0.078,-0.027,-0.117,0.073,-0.041,31,W,17,N,,,1055797,151.29,0
27,71.046,"Mount",-0.061,0.042,-0.066,0.035,-0.009,0.000,4,E,0,,,,1041090,144.10,0
28,73.238,"Mount",-0.205,0.258,-0.324,0.062,-0.097,0.022,41,E,10,S,,,1075359,141.34,0
29,75.646,"Mount",-0.029,-0.221,0.183,0.128,0.120,0.047,51,W,20,S,,,1077164,154.28,0
30,77.815,"Mount",0.142,-0.058,0.116,-0.099,0.102,-0.034,43,W,14,N,,,1093671,158.07,0
INFO: SETTLING STATE CHANGE, Settling complete
31,80.190,"Mount",0.073,0.125,-0.078,-0.122,0.051,-0.045,22,W,19,N,,,1157304,154.86,0
Guiding Ends at 2026-04-02 22:57:04

Guiding Begins at 2026-04-02 22:58:26
Equipment Profile = 60mmGuide
Dither = both axes, Dither scale = 1.000, Image noise reduction = none, Guide-frame time lapse = 0, Server enabled
Pixel scale = 3.22 arc-sec/px, Binning = 1, Focal length = 240 mm
Search region = 25 px, Star mass tolerance = 50.0%, Multi-star mode, list size = 12
 Camera = ZWO ASI120MM Mini, gain = 37, full size = 1280 x 960, have dark, dark dur = 2000, no defect map, pixel size = 3.8 um
Exposure = 2000 ms
Mount = iOptron CEM120,70,40,26, GEM, HEM, HAE, HAZ series and SkyHunter Mount (ASCOM), connected, guiding enabled, xAngle = -62.6, xRate = 0.917, yAngle = -152.7, yRate = 2.338, parity = +/-
Norm rates RA = 8.3"/s @ dec 0, Dec = 7.5"/s; ortho.err. = 0.1 deg
X guide algorithm = Predictive PEC, Control gain = 0.450
Prediction gain = 0.750
Minimum move = 0.060
Hyperparameters
	Length scale long range SE kernel = 700.000
	Signal variance long range SE kernel = 20.000
	Length scale periodic kernel = 10.000
	Signal variance periodic kernel = 20.000
	Length scale short range SE kernel = 25.000
	Signal variance short range SE kernel = 10.000
	Period length periodic kernel = 348.000
	FFT called after = 2.000 worm cycles
	Auto-adjust period length = Off
Y guide algorithm = Hysteresis, Hysteresis = 0.100, Aggression = 0.400, Minimum move = 0.060
Backlash comp = disabled, pulse = 100 ms
Max RA duration = 2500, Max DEC duration = 2500, DEC guide mode = Auto
RA Guide Speed = 7.5 a-s/s, Dec Guide Speed = 7.5 a-s/s, Cal Dec = 0.0, Last Cal Issue = None, Timestamp = 7/29/2025 9:33:42 PM
RA = 9.99 hr, Dec = 69.1 deg, Hour angle = 0.12 hr, Pier side = East, Rotator pos = N/A, Alt = 52.5 deg, Az = 358.9 deg
Lock position = 687.227, 726.071, Star position = 687.227, 726.071, HFD = 4.82 px
Frame,Time,mount,dx,dy,RARawDistance,DECRawDistance,RAGuideDistance,DECGuideDistance,RADuration,RADirection,DECDuration,DECDirection,XStep,YStep,StarMass,SNR,ErrorCode
INFO: SETTLING STATE CHANGE, Settling started
1,2.277,"Mount",-0.000,0.117,-0.104,-0.054,-0.047,0.000,51,E,0,,,,610030,134.11,0
2,4.746,"Mount",-0.165,0.276,-0.321,0.019,-0.144,0.000,158,E,0,,,,655081,174.08,0
3,6.958,"Mount",-0.253,0.037,-0.150,0.207,-0.067,0.075,74,E,32,S,,,621732,136.88,0
4,9.338,"Mount",-0.370,-0.161,-0.028,0.403,0.000,0.148,0,,63,S,,,603491,155.67,0
5,11.551,"Mount",-0.141,0.104,-0.157,0.077,-0.071,0.034,77,E,14,S,,,602043,177.19,0
6,13.802,"Mount",-0.031,-0.069,0.047,0.059,0.000,0.000,0,,0,,,,639150,145.89,0
7,15.985,"Mount",0.008,0.098,-0.083,-0.052,-0.037,0.000,41,E,0,,,,635882,159.27,0
8,18.282,"Mount",-0.096,0.010,-0.053,0.081,0.000,0.029,0,,12,S,,,652273,150.96,0
9,20.303,"Mount",0.003,0.018,-0.015,-0.011,0.000,0.000,0,,0,,,,617226,134.25,0
INFO: SETTLING STATE CHANGE, Settling complete
10,22.547,"Mount",0.010,0.032,-0.024,-0.023,0.000,0.000,0,,0,,,,610242,159.31,0
11,24.693,"Mount",-0.121,-0.029,-0.030,0.121,-0.001,0.043,1,E,19,S,,,656336,166.22,0
12,27.046,"Mount",-0.004,0.111,-0.100,-0.048,-0.040,0.000,44,E,0,,,,668245,160.15,0
13,29.144,"Mount",0.161,0.063,0.018,-0.172,0.000,-0.062,0,,27,N,,,643100,151.44,0
14,31.447,"Mount",-0.065,0.003,-0.032,0.056,-0.003,0.000,3,E,0,,,,643462,153.36,0
15,33.565,"Mount",-0.061,0.077,-0.096,0.019,-0.042,0.000,46,E,0,,,,646193,151.30,0
16,35.944,"Mount",-0.120,-0.040,-0.019,0.125,-0.002,0.045,3,E,19,S,,,607341,132.25,0
17,38.159,"Mount",-0.104,-0.033,-0.019,0.107,-0.003,0.040,3,E,17,S,,,645072,179.94,0
18,40.516,"Mount",0.093,0.017,0.028,-0.090,-0.003,-0.031,4,E,13,N,,,603880,161.41,0
19,42.704,"Mount",-0.123,-0.189,0.111,0.196,0.042,0.069,46,W,30,S,,,605556,157.14,0
20,45.135,"Mount",0.148,-0.092,0.150,-0.089,0.058,-0.029,63,W,13,N,,,602471,135.55,0
21,47.223,"Mount",-0.031,0.028,-0.039,0.014,0.004,0.000,5,W,0,,,,602533,186.31,0
22,49.529,"Mount",-0.068,0.063,-0.087,0.031,-0.028,0.000,31,E,0,,,,623393,172.15,0
23,51.651,"Mount",-0.038,0.010,-0.026,0.029,0.001,0.000,1,W,0,,,,622439,136.54,0
24,53.902,"Mount",0.037,-0.029,0.042,-0.020,0.000,0.000,0,,0,,,,627051,156.38,0
25,56.081,"Mount",-0.000,-0.016,0.014,0.007,-0.004,0.000,4,E,0,,,,615352,160.98,0
26,58.446,"Mount",-0.115,-0.106,0.041,0.151,-0.005,0.054,6,E,23,S,,,623525,141.77,0
27,60.534,"Mount",-0.069,0.015,-0.046,0.055,-0.006,0.000,7,E,0,,,,645369,149.88,0
28,62.895,"Mount",0.140,-0.144,0.193,-0.058,0.077,0.000,84,W,0,,,,646250,158.09,0
29,65.062,"Mount",0.093,-0.184,0.206,0.002,0.082,0.000,90,W,0,,,,612844,162.55,0
30,67.365,"Mount",0.023,-0.076,0.078,0.015,0.038,0.000,42,W,0,,,,599079,134.26,0
31,69.485,"Mount",0.035,0.034,-0.014,-0.047,0.003,0.000,3,W,0,,,,636484,178.20,0
32,71.845,"Mount",-0.150,-0.018,-0.053,0.142,0.001,0.051,1,W,22,S,,,601696,154.22,0
33,73.957,"Mount",0.002,-0.086,0.078,0.038,0.033,0.000,36,W,0,,,,656925,172.78,0
34,76.236,"Mount",0.044,0.026,-0.003,-0.051,-0.004,0.000,5,E,0,,,,644516,177.73,0
35,78.316,"Mount",-0.001,0.054,-0.049,-0.024,-0.005,0.000,6,E,0,,,,633096,160.09,0
36,80.602,"Mount",0.045,0.008,0.014,-0.044,0.001,0.000,1,W,0,,,,641238,148.97,0
37,82.728,"Mount",0.056,-0.051,0.071,-0.026,0.030,0.000,32,W,0,,,,631233,151.25,0
38,85.020,"Mount",0.046,-0.014,0.034,-0.035,0.001,0.000,1,W,0,,,,593975,129.16,0
39,87.132,"Mount",-0.080,0.047,-0.078,0.049,-0.033,0.000,36,E,0,,,,615198,148.86,0
40,89.433,"Mount",-0.006,0.037,-0.036,-0.012,-0.003,0.000,3,E,0,,,,619094,159.36,0
41,91.617,"Mount",-0.088,-0.002,-0.038,0.079,-0.005,0.028,5,E,12,S,,,655893,188.81,0
42,94.011,"Mount",-0.096,0.039,-0.079,0.068,-0.038,0.026,41,E,11,S,,,645603,156.27,0
43,96.193,"Mount",0.017,0.117,-0.096,-0.069,-0.042,-0.024,45,E,10,N,,,626932,164.99,0
44,98.462,"Mount",0.059,0.007,0.021,-0.055,-0.002,0.000,2,E,0,,,,618624,158.11,0
45,100.592,"Mount",-0.043,0.074,-0.085,0.004,-0.040,0.000,44,E,0,,,,613455,148.85,0
46,102.919,"Mount",-0.079,0.050,-0.081,0.047,-0.038,0.000,41,E,0,,,,644771,158.58,0
47,105.010,"Mount",0.088,-0.076,0.108,-0.043,0.038,0.000,42,W,0,,,,616811,145.03,0
48,107.392,"Mount",-0.031,-0.100,0.074,0.074,0.027,0.027,29,W,11,S,,,604592,145.81,0
49,109.473,"Mount",0.065,-0.001,0.031,-0.057,-0.002,0.000,3,E,0,,,,628273,151.34,0
50,111.744,"Mount",0.031,-0.020,0.032,-0.019,0.008,0.000,9,W,0,,,,597879,151.72,0
51,113.906,"Mount",0.090,-0.142,0.167,-0.014,0.077,0.000,84,W,0,,,,643159,172.51,0
52,116.249,"Mount",0.080,-0.118,0.142,-0.017,0.059,0.000,64,W,0,,,,609183,150.76,0
53,118.322,"Mount",0.056,0.010,0.017,-0.054,-0.001,0.000,1,E,0,,,,622194,143.80,0
54,120.733,"Mount",0.173,-0.063,0.136,-0.125,0.065,-0.045,71,W,19,N,,,607200,136.03,0
55,122.843,"Mount",0.071,-0.063,0.089,-0.034,0.043,0.000,47,W,0,,,,601955,152.19,0
56,125.418,"Mount",-0.017,-0.543,0.475,0.266,0.204,0.096,222,W,41,S,,,589433,133.99,0
57,127.698,"Mount",0.035,-0.335,0.314,0.124,0.130,0.048,142,W,21,S,,,638757,155.04,0
58,130.138,"Mount",0.208,0.028,0.071,-0.197,0.034,-0.069,37,W,29,N,,,612637,149.66,0
59,132.343,"Mount",0.197,0.032,0.062,-0.190,0.055,-0.071,60,W,30,N,,,612899,146.82,0
60,134.835,"Mount",0.309,-0.018,0.158,-0.266,0.092,-0.099,101,W,42,N,,,595921,140.84,0
61,137.076,"Mount",-0.068,-0.281,0.218,0.191,0.088,0.065,96,W,28,S,,,615507,141.89,0
62,139.521,"Mount",0.101,-0.246,0.265,0.024,0.105,0.000,114,W,0,,,,593198,153.74,0
63,141.692,"Mount",-0.107,-0.016,-0.035,0.102,0.012,0.037,13,W,16,S,,,600165,138.63,0
64,144.066,"Mount",-0.192,-0.025,-0.066,0.182,-0.013,0.067,14,E,29,S,,,604456,153.06,0
65,146.197,"Mount",-0.044,-0.079,0.049,0.076,0.005,0.030,5,W,13,S,,,619658,148.14,0
66,148.501,"Mount",0.002,0.025,-0.022,-0.013,0.003,0.000,3,W,0,,,,599722,164.43,0
67,150.691,"Mount",0.015,0.128,-0.107,-0.072,-0.055,-0.026,60,E,11,N,,,608341,136.35,0
68,152.989,"Mount",-0.038,0.041,-0.054,0.015,-0.015,0.000,16,E,0,,,,639978,158.66,0
69,155.110,"Mount",-0.016,0.062,-0.062,-0.014,-0.044,0.000,48,E,0,,,,573865,130.35,0
70,157.463,"Mount",0.074,-0.107,0.129,-0.016,0.036,0.000,39,W,0,,,,626348,156.05,0
71,159.547,"Mount",0.051,0.026,0.000,-0.057,-0.017,0.000,18,E,0,,,,638176,178.08,0
72,161.950,"Mount",0.010,0.154,-0.132,-0.080,-0.044,-0.029,48,E,12,N,,,613611,141.00,0
73,164.115,"Mount",0.097,0.066,-0.014,-0.116,0.012,-0.043,13,W,18,N,,,586323,137.22,0
74,166.436,"Mount",-0.044,0.038,-0.054,0.021,-0.006,0.000,7,E,0,,,,642297,154.90,0
75,168.497,"Mount",-0.004,-0.023,0.019,0.014,-0.006,0.000,7,E,0,,,,574123,144.29,0
76,170.873,"Mount",-0.147,-0.034,-0.038,0.146,-0.001,0.053,1,E,22,S,,,613426,151.18,0
77,172.977,"Mount",-0.026,-0.039,0.022,0.041,-0.001,0.000,1,E,0,,,,589211,142.05,0
78,175.295,"Mount",0.062,-0.028,0.054,-0.042,-0.001,0.000,1,E,0,,,,610670,147.92,0
79,177.383,"Mount",-0.023,-0.070,0.051,0.053,0.004,0.000,4,W,0,,,,604188,154.40,0
80,179.708,"Mount",-0.069,0.093,-0.114,0.019,-0.044,0.000,48,E,0,,,,592406,137.63,0
81,181.859,"Mount",0.081,0.007,0.031,-0.075,0.004,-0.027,4,W,11,N,,,566679,134.20,0
82,184.293,"Mount",-0.178,0.029,-0.107,0.144,-0.043,0.051,47,E,22,S,,,592996,164.21,0
83,186.431,"Mount",-0.030,-0.025,0.009,0.039,-0.015,0.000,16,E,0,,,,589391,143.38,0
84,188.728,"Mount",0.048,0.002,0.020,-0.043,-0.017,0.000,18,E,0,,,,595609,174.25,0
85,190.893,"Mount",0.123,0.124,-0.054,-0.166,-0.012,-0.060,13,E,26,N,,,598761,159.10,0
86,193.228,"Mount",-0.027,-0.009,-0.005,0.029,-0.012,0.000,14,E,0,,,,593289,152.41,0
87,195.315,"Mount",-0.062,0.018,-0.045,0.047,-0.011,0.000,12,E,0,,,,577261,155.42,0
88,197.713,"Mount",-0.129,-0.028,-0.034,0.128,0.006,0.046,6,W,20,S,,,639002,166.58,0
89,199.759,"Mount",-0.037,0.017,-0.032,0.025,0.008,0.000,9,W,0,,,,623249,167.92,0
90,202.065,"Mount",-0.010,0.022,-0.024,-0.002,0.009,0.000,10,W,0,,,,604833,175.07,0
91,204.189,"Mount",0.142,0.134,-0.054,-0.188,0.009,-0.068,10,W,29,N,,,576556,155.12,0
92,206.551,"Mount",-0.041,-0.118,0.086,0.091,0.038,0.030,42,W,13,S,,,615357,147.03,0
93,208.702,"Mount",-0.161,-0.043,-0.036,0.163,0.001,0.060,1,W,26,S,,,579733,154.55,0
94,211.035,"Mount",-0.020,0.062,-0.064,-0.011,-0.024,0.000,26,E,0,,,,599273,148.56,0
95,213.119,"Mount",-0.032,-0.011,-0.005,0.033,0.001,0.000,1,W,0,,,,587414,155.44,0
96,215.588,"Mount",0.021,0.159,-0.131,-0.092,-0.056,-0.033,61,E,14,N,,,596757,163.14,0
97,217.767,"Mount",-0.085,0.211,-0.227,-0.022,-0.102,0.000,111,E,0,,,,587996,149.41,0
98,220.191,"Mount",-0.124,0.021,-0.076,0.101,-0.041,0.036,45,E,16,S,,,568508,126.72,0
99,222.327,"Mount",-0.009,-0.012,0.006,0.014,-0.026,0.000,29,E,0,,,,580894,146.32,0
100,224.641,"Mount",-0.051,-0.009,-0.016,0.049,-0.027,0.000,29,E,0,,,,577987,144.63,0
101,226.896,"Mount",-0.070,-0.204,0.149,0.156,0.070,0.056,76,W,24,S,,,612430,168.35,0
102,229.230,"Mount",0.009,0.057,-0.047,-0.034,0.013,0.000,14,W,0,,,,604232,141.07,0
103,231.312,"Mount",0.018,-0.041,0.045,0.003,0.016,0.000,18,W,0,,,,611211,176.71,0
104,233.617,"Mount",-0.025,0.043,-0.050,0.002,0.019,0.000,21,W,0,,,,588880,156.26,0
105,235.687,"Mount",-0.008,0.026,-0.027,-0.005,-0.001,0.000,1,E,0,,,,598760,134.29,0
106,238.085,"Mount",-0.019,-0.106,0.085,0.066,0.034,0.024,37,W,10,S,,,575737,139.27,0
107,240.215,"Mount",0.062,-0.129,0.143,0.005,0.056,0.000,61,W,0,,,,598089,159.35,0
108,242.529,"Mount",0.029,0.015,0.000,-0.033,-0.002,0.000,2,E,0,,,,587478,141.07,0
109,244.691,"Mount",0.095,-0.036,0.076,-0.067,0.031,-0.024,34,W,10,N,,,564355,141.43,0
110,246.989,"Mount",-0.040,-0.051,0.027,0.059,0.009,0.000,9,W,0,,,,595607,163.51,0
111,249.032,"Mount",-0.021,0.041,-0.046,-0.000,0.008,0.000,9,W,0,,,,546816,133.86,0
112,251.336,"Mount",-0.021,-0.024,0.012,0.030,0.011,0.000,12,W,0,,,,586936,153.66,0
113,253.501,"Mount",-0.061,-0.020,-0.010,0.063,0.011,0.023,12,W,10,S,,,548202,136.13,0
114,255.899,"Mount",-0.160,0.252,-0.298,0.025,-0.126,0.000,137,E,0,,,,550286,142.87,0
115,257.979,"Mount",-0.049,-0.004,-0.019,0.045,-0.002,0.000,3,E,0,,,,567712,145.69,0
116,260.254,"Mount",-0.012,0.004,-0.009,0.009,-0.004,0.000,4,E,0,,,,543971,133.75,0
117,262.345,"Mount",-0.010,0.047,-0.046,-0.013,-0.023,0.000,25,E,0,,,,586302,155.74,0
118,264.669,"Mount",-0.014,-0.015,0.007,0.020,-0.025,0.000,27,E,0,,,,607940,159.76,0
119,266.803,"Mount",-0.084,0.098,-0.126,0.029,-0.050,0.000,54,E,0,,,,607031,142.80,0
120,269.110,"Mount",-0.032,0.054,-0.063,0.004,-0.020,0.000,22,E,0,,,,600537,169.46,0
121,271.304,"Mount",-0.113,0.059,-0.104,0.073,-0.051,0.026,56,E,11,S,,,595417,154.95,0
122,273.623,"Mount",-0.034,0.048,-0.058,0.008,-0.004,0.000,5,E,0,,,,567341,139.74,0
123,276.037,"Mount",-0.097,0.551,-0.534,-0.168,-0.243,-0.060,265,E,26,N,,,589453,157.36,0
124,278.351,"Mount",0.002,-0.051,0.046,0.022,-0.016,0.000,18,E,0,,,,577627,137.67,0
125,280.554,"Mount",-0.133,0.018,-0.077,0.109,-0.053,0.039,57,E,17,S,,,566727,145.66,0
126,282.883,"Mount",0.011,-0.056,0.055,0.016,-0.040,0.000,44,E,0,,,,580819,164.75,0
127,285.033,"Mount",-0.098,-0.069,0.016,0.118,-0.035,0.043,38,E,18,S,,,597452,166.18,0
128,287.418,"Mount",0.054,0.118,-0.080,-0.102,0.006,-0.035,7,W,15,N,,,583188,150.45,0
129,289.534,"Mount",0.010,-0.035,0.036,0.007,0.047,0.000,52,W,0,,,,609955,163.43,0
130,292.072,"Mount",0.126,-0.109,0.155,-0.062,0.072,-0.022,79,W,9,N,,,587060,161.28,0
131,294.184,"Mount",0.076,0.087,-0.042,-0.108,0.009,-0.040,9,W,17,N,,,557764,135.62,0
132,296.563,"Mount",0.049,0.049,-0.021,-0.066,0.023,-0.025,25,W,11,N,,,574666,147.95,0
133,298.727,"Mount",-0.037,-0.052,0.029,0.057,0.024,0.000,27,W,0,,,,579108,139.44,0
134,301.019,"Mount",0.004,0.000,0.002,-0.004,-0.004,0.000,4,E,0,,,,599867,172.40,0
135,303.110,"Mount",-0.014,0.034,-0.037,-0.004,-0.004,0.000,4,E,0,,,,598015,146.50,0
136,305.484,"Mount",-0.059,-0.113,0.073,0.104,0.028,0.037,30,W,16,S,,,583123,139.28,0
137,307.572,"Mount",-0.064,0.013,-0.041,0.051,0.015,0.000,16,W,0,,,,584960,161.34,0
138,309.977,"Mount",0.058,0.134,-0.092,-0.114,-0.020,-0.041,22,E,18,N,,,621475,140.54,0
139,312.080,"Mount",-0.010,0.045,-0.045,-0.012,0.012,0.000,13,W,0,,,,580984,145.60,0
140,314.395,"Mount",-0.092,0.055,-0.091,0.056,-0.025,0.000,27,E,0,,,,597829,152.34,0
141,316.662,"Mount",-0.249,0.204,-0.296,0.126,-0.124,0.045,135,E,19,S,,,594587,162.91,0
142,319.045,"Mount",-0.051,0.168,-0.173,-0.033,-0.074,0.000,81,E,0,,,,590639,168.82,0
143,321.299,"Mount",-0.088,0.296,-0.303,-0.059,-0.169,0.000,184,E,0,,,,574382,144.13,0
144,323.864,"Mount",-0.277,0.464,-0.539,0.031,-0.275,0.000,300,E,0,,,,564170,157.25,0
145,326.224,"Mount",-0.219,0.196,-0.275,0.104,-0.204,0.037,223,E,16,S,,,562690,142.15,0
146,328.757,"Mount",-0.177,-0.010,-0.073,0.162,-0.129,0.060,141,E,26,S,,,546290,142.77,0
147,330.920,"Mount",0.025,-0.024,0.033,-0.011,-0.105,0.000,115,E,0,,,,574240,153.42,0
148,333.318,"Mount",0.032,0.051,-0.031,-0.053,-0.105,0.000,114,E,0,,,,592962,145.94,0
149,335.529,"Mount",-0.055,0.116,-0.128,-0.005,-0.152,0.000,166,E,0,,,,620117,162.46,0
150,337.866,"Mount",0.060,-0.023,0.048,-0.043,-0.013,0.000,14,E,0,,,,602726,158.91,0
151,339.980,"Mount",0.037,0.023,-0.003,-0.043,-0.008,0.000,9,E,0,,,,584053,136.60,0
152,342.374,"Mount",0.071,0.113,-0.068,-0.115,-0.035,-0.041,38,E,18,N,,,569670,141.36,0
153,344.514,"Mount",-0.059,-0.035,0.004,0.069,-0.005,0.023,5,E,10,S,,,567242,143.54,0
154,346.943,"Mount",0.083,0.121,-0.069,-0.130,-0.051,-0.046,56,E,20,N,,,602281,160.23,0
155,349.030,"Mount",-0.034,-0.019,0.001,0.039,-0.020,0.000,21,E,0,,,,602763,150.44,0
156,351.351,"Mount",0.057,-0.014,0.038,-0.044,-0.028,0.000,30,E,0,,,,567830,158.73,0
157,353.449,"Mount",0.062,-0.100,0.117,-0.009,0.026,0.000,28,W,0,,,,570700,155.28,0
158,355.813,"Mount",0.071,-0.094,0.117,-0.020,0.034,0.000,37,W,0,,,,593823,155.02,0
159,357.893,"Mount",0.005,0.005,-0.002,-0.007,-0.010,0.000,11,E,0,,,,598338,152.64,0
160,360.155,"Mount",0.034,-0.025,0.038,-0.019,-0.006,0.000,7,E,0,,,,586224,155.73,0
161,362.305,"Mount",0.066,-0.127,0.143,-0.000,0.068,0.000,74,W,0,,,,582457,144.74,0
162,364.611,"Mount",0.034,0.060,-0.038,-0.058,0.009,0.000,9,W,0,,,,599374,164.36,0
163,366.663,"Mount",0.022,0.015,-0.003,-0.026,0.008,0.000,9,W,0,,,,581208,130.08,0
164,369.062,"Mount",-0.174,0.004,-0.084,0.152,-0.030,0.055,32,E,23,S,,,591776,149.84,0
165,371.176,"Mount",-0.013,0.058,-0.058,-0.016,-0.011,0.000,12,E,0,,,,576004,140.81,0
166,373.477,"Mount",0.000,0.029,-0.025,-0.013,-0.014,0.000,16,E,0,,,,588390,173.99,0
167,375.567,"Mount",0.023,0.048,-0.032,-0.042,-0.019,0.000,21,E,0,,,,607554,129.40,0
168,377.878,"Mount",0.016,0.072,-0.057,-0.047,-0.020,0.000,22,E,0,,,,582911,156.90,0
169,379.971,"Mount",0.066,-0.021,0.049,-0.049,-0.018,0.000,20,E,0,,,,570926,140.46,0
170,382.275,"Mount",0.008,-0.001,0.005,-0.007,-0.007,0.000,8,E,0,,,,584351,140.11,0
171,384.469,"Mount",0.169,0.002,0.076,-0.151,0.028,-0.054,31,W,23,N,,,643938,166.54,0
172,386.777,"Mount",-0.011,0.041,-0.041,-0.009,0.009,0.000,9,W,0,,,,622632,152.43,0
173,388.865,"Mount",-0.030,-0.011,-0.004,0.031,0.011,0.000,12,W,0,,,,562330,138.33,0
174,391.216,"Mount",0.041,-0.069,0.080,-0.004,0.047,0.000,51,W,0,,,,566432,138.03,0
175,393.315,"Mount",-0.041,-0.008,-0.011,0.040,0.013,0.000,15,W,0,,,,584124,143.42,0
176,395.697,"Mount",0.048,-0.129,0.137,0.018,0.072,0.000,79,W,0,,,,596573,142.89,0
177,397.918,"Mount",0.010,-0.159,0.146,0.065,0.076,0.023,83,W,10,S,,,609319,164.90,0
178,400.278,"Mount",0.063,-0.115,0.131,-0.003,0.071,0.000,77,W,0,,,,589602,159.48,0
179,402.388,"Mount",0.026,0.028,-0.013,-0.036,0.016,0.000,17,W,0,,,,622898,158.85,0
180,404.743,"Mount",0.068,-0.123,0.140,-0.003,0.078,0.000,85,W,0,,,,640379,161.98,0
181,406.875,"Mount",0.051,-0.087,0.101,-0.005,0.054,0.000,59,W,0,,,,585243,136.78,0
182,409.286,"Mount",0.113,-0.038,0.086,-0.083,0.048,-0.030,53,W,13,N,,,602002,128.82,0
183,411.575,"Mount",-0.050,-0.211,0.165,0.142,0.092,0.050,100,W,21,S,,,619153,173.95,0
184,413.975,"Mount",0.116,0.037,0.020,-0.120,0.019,-0.041,21,W,18,N,,,582394,137.50,0
185,416.071,"Mount",0.047,-0.000,0.022,-0.042,0.023,0.000,25,W,0,,,,589963,144.90,0
186,418.455,"Mount",0.050,-0.048,0.065,-0.022,0.049,0.000,54,W,0,,,,579190,135.79,0
187,420.569,"Mount",0.045,-0.104,0.113,0.008,0.066,0.000,72,W,0,,,,601564,137.75,0
188,422.929,"Mount",-0.027,-0.105,0.080,0.072,0.041,0.026,44,W,11,S,,,604906,167.43,0
189,424.982,"Mount",0.038,0.086,-0.059,-0.073,0.000,-0.025,0,,11,N,,,615792,161.04,0
190,427.366,"Mount",-0.117,0.049,-0.098,0.081,-0.049,0.028,54,E,12,S,,,594805,148.42,0
191,429.469,"Mount",-0.035,-0.021,0.002,0.041,-0.012,0.000,13,E,0,,,,612072,141.27,0
192,431.787,"Mount",0.001,0.066,-0.058,-0.031,-0.024,0.000,26,E,0,,,,609059,152.70,0
193,433.886,"Mount",-0.023,0.044,-0.049,-0.000,-0.026,0.000,28,E,0,,,,603492,145.03,0
194,436.299,"Mount",-0.148,0.043,-0.106,0.111,-0.063,0.040,69,E,17,S,,,644004,166.80,0
195,438.533,"Mount",-0.143,0.143,-0.192,0.061,-0.100,0.023,109,E,10,S,,,601245,145.53,0
196,440.861,"Mount",0.008,0.079,-0.067,-0.044,-0.047,0.000,51,E,0,,,,575951,132.67,0
197,442.969,"Mount",0.053,0.004,0.021,-0.049,-0.015,0.000,16,E,0,,,,614074,137.85,0
198,445.275,"Mount",-0.017,0.063,-0.064,-0.014,-0.041,0.000,44,E,0,,,,567954,138.81,0
199,447.435,"Mount",0.202,-0.034,0.124,-0.163,0.038,-0.059,42,W,25,N,,,584570,146.05,0
200,449.730,"Mount",-0.026,-0.054,0.036,0.048,-0.011,0.000,12,E,0,,,,591809,152.90,0
201,451.867,"Mount",0.087,-0.084,0.114,-0.038,0.061,0.000,66,W,0,,,,587640,137.84,0
202,454.178,"Mount",-0.002,-0.036,0.031,0.019,0.016,0.000,18,W,0,,,,602370,150.70,0
203,456.277,"Mount",0.017,0.052,-0.039,-0.039,0.025,0.000,28,W,0,,,,608575,139.76,0
204,458.633,"Mount",0.057,-0.054,0.074,-0.026,0.064,0.000,69,W,0,,,,591462,143.39,0
205,460.777,"Mount",0.019,-0.108,0.105,0.034,0.073,0.000,79,W,0,,,,622266,162.07,0
206,463.169,"Mount",0.002,-0.099,0.089,0.044,0.072,0.000,78,W,0,,,,612801,154.52,0
207,465.332,"Mount",0.093,-0.103,0.134,-0.035,0.094,0.000,103,W,0,,,,601192,151.40,0
208,467.749,"Mount",0.048,-0.087,0.099,-0.002,0.091,0.000,99,W,0,,,,648724,156.17,0
209,470.110,"Mount",-0.114,-0.278,0.195,0.230,0.134,0.083,146,W,35,S,,,659700,169.21,0
210,472.492,"Mount",0.069,-0.108,0.128,-0.011,0.106,0.000,116,W,0,,,,633959,165.68,0
211,474.841,"Mount",0.360,-0.113,0.266,-0.267,0.164,-0.096,179,W,41,N,,,616290,142.30,0
212,477.252,"Mount",0.048,-0.050,0.067,-0.020,0.086,0.000,94,W,0,,,,613613,155.81,0
213,479.382,"Mount",0.006,0.024,-0.018,-0.016,0.048,0.000,53,W,0,,,,603262,142.76,0
214,481.814,"Mount",0.092,-0.146,0.171,-0.014,0.127,0.000,139,W,0,,,,625334,157.90,0
215,483.964,"Mount",0.047,0.027,-0.002,-0.054,0.042,0.000,45,W,0,,,,583444,148.44,0
216,486.318,"Mount",0.013,0.022,-0.013,-0.022,0.029,0.000,32,W,0,,,,597811,154.82,0
217,488.376,"Mount",-0.014,0.062,-0.062,-0.016,-0.009,0.000,10,E,0,,,,643207,183.74,0
218,490.610,"Mount",0.014,-0.013,0.018,-0.006,-0.000,0.000,0,,0,,,,633451,148.24,0
219,492.679,"Mount",-0.048,-0.029,0.003,0.056,-0.010,0.000,11,E,0,,,,611164,173.95,0
220,495.063,"Mount",-0.082,-0.086,0.038,0.112,-0.019,0.040,21,E,17,S,,,648634,160.38,0
221,497.220,"Mount",-0.038,-0.063,0.038,0.063,-0.024,0.024,27,E,10,S,,,642129,152.33,0
222,499.618,"Mount",0.040,0.074,-0.047,-0.070,-0.029,-0.024,32,E,10,N,,,592026,138.20,0
223,501.729,"Mount",-0.028,-0.010,-0.004,0.029,-0.023,0.000,25,E,0,,,,618239,162.48,0
224,504.096,"Mount",0.070,0.042,-0.005,-0.082,-0.021,-0.029,23,E,13,N,,,650071,172.04,0
225,506.190,"Mount",-0.021,0.003,-0.012,0.017,-0.014,0.000,15,E,0,,,,620962,175.53,0
226,508.500,"Mount",0.013,-0.043,0.044,0.008,-0.010,0.000,11,E,0,,,,596465,139.25,0
227,510.520,"Mount",-0.034,0.018,-0.032,0.022,0.000,0.000,0,,0,,,,601429,141.62,0
228,512.855,"Mount",0.019,0.015,-0.004,-0.024,0.003,0.000,4,W,0,,,,608578,135.49,0
229,514.951,"Mount",-0.009,0.025,-0.026,-0.004,0.004,0.000,5,W,0,,,,587870,136.04,0
230,517.317,"Mount",-0.083,0.016,-0.053,0.066,0.004,0.024,5,W,10,S,,,612202,160.13,0
231,519.475,"Mount",-0.091,-0.040,-0.006,0.099,0.002,0.037,2,W,16,S,,,591727,134.37,0
232,521.874,"Mount",-0.006,0.051,-0.048,-0.018,-0.008,0.000,9,E,0,,,,613790,162.09,0
233,524.080,"Mount",-0.086,0.160,-0.182,0.003,-0.093,0.000,101,E,0,,,,592753,167.04,0
234,526.459,"Mount",0.089,0.085,-0.034,-0.119,-0.022,-0.043,24,E,18,N,,,596626,157.82,0
235,528.623,"Mount",-0.017,0.082,-0.081,-0.023,-0.061,0.000,66,E,0,,,,622668,162.39,0
236,530.971,"Mount",-0.055,0.041,-0.062,0.030,-0.064,0.000,69,E,0,,,,577556,157.85,0
237,533.210,"Mount",0.032,0.181,-0.146,-0.112,-0.099,-0.040,108,E,17,N,,,641705,145.32,0
238,535.608,"Mount",-0.074,-0.032,-0.006,0.080,-0.033,0.027,36,E,12,S,,,601169,138.15,0
239,537.713,"Mount",-0.024,0.016,-0.025,0.014,-0.023,0.000,25,E,0,,,,627210,163.09,0
240,540.086,"Mount",-0.066,-0.006,-0.025,0.061,-0.018,0.022,19,E,9,S,,,610728,148.06,0
241,542.221,"Mount",-0.092,-0.010,-0.033,0.087,0.003,0.032,3,W,14,S,,,590709,140.52,0
242,544.514,"Mount",-0.023,-0.001,-0.010,0.021,0.007,0.000,7,W,0,,,,583303,151.97,0
243,546.633,"Mount",-0.007,-0.087,0.075,0.046,0.043,0.000,47,W,0,,,,583321,139.28,0
244,548.928,"Mount",-0.026,0.040,-0.047,0.005,0.010,0.000,11,W,0,,,,583050,158.40,0
245,551.050,"Mount",-0.005,0.133,-0.121,-0.057,-0.047,0.000,52,E,0,,,,631822,151.43,0
246,553.353,"Mount",-0.027,0.082,-0.085,-0.014,-0.036,0.000,39,E,0,,,,603549,146.82,0
247,555.551,"Mount",-0.141,0.171,-0.217,0.046,-0.098,0.000,107,E,0,,,,627089,161.61,0
248,557.947,"Mount",-0.031,0.123,-0.124,-0.029,-0.082,0.000,90,E,0,,,,637240,173.39,0
249,560.161,"Mount",-0.114,0.036,-0.084,0.085,-0.067,0.031,74,E,13,S,,,620484,191.34,0
250,562.535,"Mount",0.006,0.074,-0.063,-0.039,-0.067,0.000,73,E,0,,,,599517,163.19,0
251,564.614,"Mount",0.020,-0.004,0.012,-0.016,-0.036,0.000,39,E,0,,,,580361,138.22,0
252,566.930,"Mount",0.074,-0.090,0.114,-0.024,0.024,0.000,26,W,0,,,,605545,157.72,0
253,569.010,"Mount",0.039,-0.057,0.068,-0.008,0.009,0.000,9,W,0,,,,635883,161.30,0
254,571.319,"Mount",0.060,-0.003,0.030,-0.052,-0.001,0.000,1,E,0,,,,611488,134.33,0
255,573.397,"Mount",0.026,-0.050,0.056,0.000,0.005,0.000,6,W,0,,,,634852,164.06,0
256,575.701,"Mount",0.002,0.023,-0.019,-0.013,0.009,0.000,10,W,0,,,,605109,141.63,0
257,577.789,"Mount",0.007,-0.030,0.030,0.008,0.014,0.000,15,W,0,,,,604736,167.84,0
258,580.125,"Mount",0.029,-0.099,0.101,0.020,0.064,0.000,70,W,0,,,,600872,159.93,0
259,582.387,"Mount",-0.193,-0.280,0.160,0.301,0.086,0.108,94,W,46,S,,,611721,138.41,0
260,584.758,"Mount",0.163,0.169,-0.075,-0.222,-0.013,-0.076,14,E,32,N,,,597210,146.45,0
261,586.943,"Mount",0.134,0.130,-0.054,-0.179,0.032,-0.067,35,W,29,N,,,619120,135.77,0
262,589.332,"Mount",0.061,0.082,-0.045,-0.092,0.034,-0.036,37,W,15,N,,,579420,130.02,0
263,591.468,"Mount",-0.011,0.144,-0.133,-0.057,-0.051,0.000,56,E,0,,,,596899,133.70,0
264,593.907,"Mount",-0.034,0.222,-0.213,-0.072,-0.090,-0.026,98,E,11,N,,,647700,153.94,0
265,596.236,"Mount",-0.179,0.315,-0.362,0.013,-0.171,0.000,186,E,0,,,,617090,152.40,0
266,598.599,"Mount",-0.148,-0.065,-0.011,0.161,-0.017,0.058,19,E,25,S,,,620334,149.82,0
267,600.764,"Mount",-0.033,0.080,-0.087,-0.008,-0.088,0.000,96,E,0,,,,642608,155.55,0
268,603.113,"Mount",-0.021,-0.045,0.030,0.039,-0.058,0.000,63,E,0,,,,621810,138.38,0
269,605.238,"Mount",-0.028,0.006,-0.018,0.022,-0.061,0.000,67,E,0,,,,633339,162.49,0
270,607.605,"Mount",-0.031,0.063,-0.070,-0.001,-0.074,0.000,81,E,0,,,,601509,136.38,0
271,609.718,"Mount",-0.024,-0.018,0.005,0.030,-0.044,0.000,48,E,0,,,,613901,138.27,0
272,612.007,"Mount",0.070,-0.058,0.083,-0.035,0.002,0.000,2,W,0,,,,614080,145.71,0
273,614.121,"Mount",0.013,-0.060,0.059,0.016,-0.033,0.000,35,E,0,,,,631430,155.95,0
274,616.499,"Mount",-0.064,0.031,-0.057,0.042,-0.019,0.000,21,E,0,,,,601360,134.65,0
275,618.588,"Mount",0.027,-0.049,0.055,-0.001,-0.014,0.000,15,E,0,,,,640048,151.06,0
276,620.930,"Mount",-0.070,0.059,-0.085,0.035,-0.060,0.000,66,E,0,,,,632052,164.50,0
277,623.146,"Mount",-0.207,-0.007,-0.089,0.187,-0.056,0.067,61,E,29,S,,,622493,151.16,0
278,627.614,"Mount",-0.060,0.086,-0.104,0.014,-0.055,0.000,60,E,0,,,,603520,142.40,0
279,630.004,"Mount",0.097,0.075,-0.022,-0.121,-0.015,-0.044,17,E,19,N,,,655404,156.35,0
INFO: SET LOCK POSITION, new lock pos = 687.227, 726.071
INFO: DITHER by -13.892, -4.609, new lock pos = 684.921, 740.525
INFO: SETTLING STATE CHANGE, Settling started
280,649.248,"Mount",2.306,-14.454,13.892,4.609,13.892,4.609,15149,W,1971,S,,,609559,147.21,0
281,652.151,"Mount",1.022,-0.468,0.886,-0.691,0.399,-0.249,435,W,106,N,,,588166,131.92,0
282,654.648,"Mount",0.680,-0.356,0.629,-0.438,0.283,-0.168,309,W,72,N,,,572243,127.01,0
283,657.173,"Mount",-0.628,-0.439,0.100,0.760,0.045,0.267,49,W,114,S,,,563380,154.08,0
284,659.328,"Mount",-0.064,0.087,-0.107,0.017,-0.048,0.000,52,E,0,,,,578278,151.48,0
285,661.721,"Mount",0.039,0.120,-0.089,-0.090,-0.040,-0.032,44,E,14,N,,,592167,181.96,0
286,663.955,"Mount",0.047,0.180,-0.138,-0.124,-0.062,-0.046,68,E,20,N,,,580447,148.66,0
287,666.436,"Mount",-0.234,0.149,-0.240,0.139,-0.108,0.048,118,E,21,S,,,576151,160.95,0
288,668.635,"Mount",0.101,0.110,-0.052,-0.140,-0.023,-0.049,25,E,21,N,,,601874,158.05,0
289,670.982,"Mount",-0.049,0.100,-0.112,-0.003,-0.050,0.000,55,E,0,,,,554743,133.70,0
290,673.170,"Mount",-0.066,0.184,-0.194,-0.026,-0.087,0.000,95,E,0,,,,573269,143.67,0
291,675.714,"Mount",-0.076,0.245,-0.252,-0.045,-0.227,0.000,248,E,0,,,,589101,136.64,0
292,678.031,"Mount",-0.107,0.167,-0.198,0.017,-0.201,0.000,219,E,0,,,,591415,153.44,0
293,680.428,"Mount",-0.009,-0.137,0.118,0.072,-0.055,0.026,60,E,11,S,,,581353,151.53,0
INFO: SETTLING STATE CHANGE, Settling complete
294,682.580,"Mount",-0.122,-0.271,0.185,0.233,-0.009,0.085,10,E,36,S,,,622547,165.22,0
295,685.041,"Mount",0.203,0.075,0.027,-0.214,-0.085,-0.074,93,E,32,N,,,602788,164.29,0
296,687.195,"Mount",-0.003,-0.197,0.174,0.093,0.006,0.031,6,W,13,S,,,584264,153.85,0
297,689.639,"Mount",0.093,0.103,-0.049,-0.130,-0.063,-0.046,69,E,20,N,,,608635,149.93,0
298,691.827,"Mount",-0.129,-0.006,-0.054,0.117,-0.059,0.040,64,E,17,S,,,582079,153.56,0
299,694.204,"Mount",-0.061,-0.145,0.100,0.121,-0.013,0.045,14,E,19,S,,,598550,151.32,0
300,696.355,"Mount",-0.015,-0.111,0.091,0.065,-0.012,0.025,13,E,11,S,,,581465,134.35,0
301,698.643,"Mount",0.058,-0.094,0.110,-0.008,-0.003,0.000,3,E,0,,,,601367,152.70,0
302,700.767,"Mount",-0.000,0.074,-0.066,-0.034,-0.076,0.000,83,E,0,,,,607789,139.56,0
303,703.098,"Mount",0.060,-0.032,0.056,-0.038,-0.044,0.000,48,E,0,,,,637440,150.94,0
304,705.209,"Mount",0.104,-0.075,0.114,-0.058,0.015,0.000,16,W,0,,,,616732,141.09,0
305,707.585,"Mount",0.047,-0.007,0.028,-0.039,-0.030,0.000,32,E,0,,,,590520,137.30,0
306,709.781,"Mount",0.128,0.041,0.023,-0.133,-0.020,-0.048,22,E,20,N,,,597915,172.75,0
307,712.103,"Mount",-0.006,-0.098,0.084,0.050,0.023,0.000,26,W,0,,,,611964,130.88,0
308,714.225,"Mount",0.044,-0.084,0.095,-0.000,0.034,0.000,37,W,0,,,,582354,147.78,0
309,716.566,"Mount",0.064,-0.067,0.089,-0.026,0.034,0.000,37,W,0,,,,607822,135.29,0
310,718.698,"Mount",-0.085,-0.032,-0.011,0.090,-0.003,0.032,4,E,14,S,,,592798,151.48,0
311,721.048,"Mount",0.065,-0.091,0.111,-0.015,0.045,0.000,49,W,0,,,,601501,148.16,0
312,723.167,"Mount",0.084,-0.067,0.099,-0.044,0.037,0.000,40,W,0,,,,573912,133.86,0
313,725.538,"Mount",-0.074,0.076,-0.102,0.030,-0.057,0.000,62,E,0,,,,598727,152.93,0
314,727.630,"Mount",0.012,-0.100,0.095,0.036,0.029,0.000,32,W,0,,,,599339,153.97,0
315,730.030,"Mount",0.094,-0.011,0.053,-0.078,-0.012,-0.028,13,E,12,N,,,597338,155.92,0
316,732.156,"Mount",0.118,-0.102,0.144,-0.057,0.055,0.000,60,W,0,,,,583241,138.94,0
317,734.494,"Mount",-0.005,-0.044,0.037,0.025,-0.003,0.000,4,E,0,,,,571019,140.05,0
318,736.572,"Mount",0.054,-0.008,0.032,-0.044,0.001,0.000,1,W,0,,,,566945,141.25,0
319,738.925,"Mount",0.077,-0.073,0.100,-0.034,0.054,0.000,59,W,0,,,,569917,153.08,0
320,741.041,"Mount",0.046,-0.053,0.068,-0.016,0.044,0.000,48,W,0,,,,628796,170.39,0
321,743.503,"Mount",0.062,-0.139,0.152,0.009,0.086,0.000,94,W,0,,,,602217,184.50,0
322,745.682,"Mount",-0.000,-0.088,0.078,0.041,0.056,0.000,62,W,0,,,,594735,139.47,0
323,748.184,"Mount",-0.161,-0.321,0.211,0.291,0.120,0.105,131,W,45,S,,,608095,146.07,0
324,750.334,"Mount",-0.061,-0.029,-0.003,0.068,0.037,0.029,40,W,12,S,,,558563,145.99,0
325,752.772,"Mount",0.163,-0.025,0.097,-0.133,0.082,-0.047,90,W,20,N,,,629258,148.62,0
326,754.852,"Mount",-0.019,0.110,-0.106,-0.034,-0.009,0.000,10,E,0,,,,597097,161.00,0
327,757.179,"Mount",0.017,0.041,-0.029,-0.034,0.040,0.000,44,W,0,,,,573517,151.74,0
328,759.357,"Mount",0.088,-0.072,0.105,-0.044,0.084,0.000,92,W,0,,,,603196,152.02,0
329,761.685,"Mount",0.016,-0.013,0.019,-0.008,0.039,0.000,43,W,0,,,,618694,163.84,0
330,763.958,"Mount",0.092,-0.005,0.047,-0.079,0.046,-0.029,50,W,12,N,,,592201,133.50,0
331,766.276,"Mount",-0.006,0.068,-0.063,-0.027,0.014,0.000,16,W,0,,,,583929,154.16,0
332,768.502,"Mount",0.096,0.109,-0.053,-0.136,0.036,-0.049,40,W,21,N,,,559429,139.55,0
333,770.885,"Mount",-0.127,0.040,-0.094,0.094,-0.012,0.032,13,E,14,S,,,589934,137.17,0
334,772.957,"Mount",-0.042,0.086,-0.096,-0.003,-0.022,0.000,24,E,0,,,,634273,179.34,0
335,775.283,"Mount",-0.003,0.075,-0.068,-0.032,-0.029,0.000,32,E,0,,,,618881,163.28,0
336,777.444,"Mount",-0.023,0.121,-0.118,-0.035,-0.060,0.000,65,E,0,,,,612251,155.32,0
337,779.730,"Mount",-0.024,-0.007,-0.005,0.025,-0.022,0.000,24,E,0,,,,582664,138.91,0
338,781.850,"Mount",-0.044,0.072,-0.084,0.006,-0.066,0.000,72,E,0,,,,619012,137.35,0
339,784.249,"Mount",-0.094,0.117,-0.147,0.030,-0.098,0.000,107,E,0,,,,623221,169.86,0
340,786.378,"Mount",-0.036,0.036,-0.049,0.016,-0.035,0.000,38,E,0,,,,599228,141.69,0
341,788.822,"Mount",-0.123,-0.360,0.263,0.275,0.079,0.099,87,W,42,S,,,594476,173.91,0
342,790.896,"Mount",0.066,-0.049,0.074,-0.036,-0.003,0.000,4,E,0,,,,634893,159.06,0
343,793.340,"Mount",0.143,0.067,0.006,-0.157,-0.034,-0.057,37,E,24,N,,,594732,149.18,0
344,795.612,"Mount",0.272,-0.083,0.199,-0.203,0.087,-0.075,94,W,32,N,,,566997,124.14,0
Guiding Ends at 2026-04-02 23:11:44

Guiding Begins at 2026-04-02 23:14:28
Equipment Profile = 60mmGuide
Dither = both axes, Dither scale = 1.000, Image noise reduction = none, Guide-frame time lapse = 0, Server enabled
Pixel scale = 3.22 arc-sec/px, Binning = 1, Focal length = 240 mm
Search region = 25 px, Star mass tolerance = 50.0%, Multi-star mode, list size = 12
 Camera = ZWO ASI120MM Mini, gain = 37, full size = 1280 x 960, have dark, dark dur = 2000, no defect map, pixel size = 3.8 um
Exposure = 2000 ms
Mount = iOptron CEM120,70,40,26, GEM, HEM, HAE, HAZ series and SkyHunter Mount (ASCOM), connected, guiding enabled, xAngle = -62.6, xRate = 0.917, yAngle = -152.7, yRate = 2.338, parity = +/-
Norm rates RA = 8.3"/s @ dec 0, Dec = 7.5"/s; ortho.err. = 0.1 deg
X guide algorithm = Predictive PEC, Control gain = 0.450
Prediction gain = 0.750
Minimum move = 0.060
Hyperparameters
	Length scale long range SE kernel = 700.000
	Signal variance long range SE kernel = 20.000
	Length scale periodic kernel = 10.000
	Signal variance periodic kernel = 20.000
	Length scale short range SE kernel = 25.000
	Signal variance short range SE kernel = 10.000
	Period length periodic kernel = 348.000
	FFT called after = 2.000 worm cycles
	Auto-adjust period length = Off
Y guide algorithm = Hysteresis, Hysteresis = 0.100, Aggression = 0.400, Minimum move = 0.060
Backlash comp = disabled, pulse = 100 ms
Max RA duration = 2500, Max DEC duration = 2500, DEC guide mode = Auto
RA Guide Speed = 7.5 a-s/s, Dec Guide Speed = 7.5 a-s/s, Cal Dec = 0.0, Last Cal Issue = None, Timestamp = 7/29/2025 9:33:42 PM
RA = 9.99 hr, Dec = 69.1 deg, Hour angle = 0.39 hr, Pier side = East, Rotator pos = N/A, Alt = 52.3 deg, Az = 356.6 deg
Lock position = 683.576, 740.384, Star position = 683.576, 740.384, HFD = 4.94 px
Frame,Time,mount,dx,dy,RARawDistance,DECRawDistance,RAGuideDistance,DECGuideDistance,RADuration,RADirection,DECDuration,DECDirection,XStep,YStep,StarMass,SNR,ErrorCode
INFO: SETTLING STATE CHANGE, Settling started
1,2.303,"Mount",0.272,0.146,-0.004,-0.308,0.000,-0.111,0,,47,N,,,602311,152.75,0
2,4.780,"Mount",0.152,0.250,-0.152,-0.250,-0.068,-0.094,74,E,40,N,,,628764,154.22,0
3,7.022,"Mount",0.231,-0.041,0.143,-0.186,0.064,-0.071,70,W,30,N,,,575711,155.64,0
4,9.500,"Mount",-0.349,-0.301,0.106,0.449,0.048,0.159,52,W,68,S,,,604784,139.91,0
5,11.762,"Mount",0.100,-0.270,0.286,0.036,0.129,0.000,140,W,0,,,,616457,162.53,0
6,14.226,"Mount",0.117,-0.088,0.132,-0.063,0.059,-0.023,65,W,10,N,,,602567,137.13,0
7,16.465,"Mount",0.216,0.206,-0.084,-0.286,-0.038,-0.104,41,E,45,N,,,589640,152.10,0
8,18.960,"Mount",-0.277,0.018,-0.143,0.237,-0.064,0.081,70,E,35,S,,,544070,124.38,0
9,21.055,"Mount",-0.162,-0.063,-0.018,0.173,0.000,0.066,0,,28,S,,,634133,139.31,0
INFO: SETTLING STATE CHANGE, Settling complete
10,23.541,"Mount",0.110,0.247,-0.169,-0.211,-0.076,-0.073,83,E,31,N,,,609994,157.73,0
11,25.777,"Mount",-0.239,0.109,-0.207,0.161,-0.088,0.055,96,E,24,S,,,628298,148.48,0
12,28.190,"Mount",0.118,-0.050,0.098,-0.081,0.029,-0.027,31,W,12,N,,,614544,169.57,0
Guiding Ends at 2026-04-02 23:14:58

Guiding Begins at 2026-04-02 23:15:32
Equipment Profile = 60mmGuide
Dither = both axes, Dither scale = 1.000, Image noise reduction = none, Guide-frame time lapse = 0, Server enabled
Pixel scale = 3.22 arc-sec/px, Binning = 1, Focal length = 240 mm
Search region = 25 px, Star mass tolerance = 50.0%, Multi-star mode, list size = 12
 Camera = ZWO ASI120MM Mini, gain = 37, full size = 1280 x 960, have dark, dark dur = 2000, no defect map, pixel size = 3.8 um
Exposure = 2000 ms
Mount = iOptron CEM120,70,40,26, GEM, HEM, HAE, HAZ series and SkyHunter Mount (ASCOM), connected, guiding enabled, xAngle = -62.6, xRate = 0.917, yAngle = -152.7, yRate = 2.338, parity = +/-
Norm rates RA = 8.3"/s @ dec 0, Dec = 7.5"/s; ortho.err. = 0.1 deg
X guide algorithm = Predictive PEC, Control gain = 0.450
Prediction gain = 0.750
Minimum move = 0.060
Hyperparameters
	Length scale long range SE kernel = 700.000
	Signal variance long range SE kernel = 20.000
	Length scale periodic kernel = 10.000
	Signal variance periodic kernel = 20.000
	Length scale short range SE kernel = 25.000
	Signal variance short range SE kernel = 10.000
	Period length periodic kernel = 348.000
	FFT called after = 2.000 worm cycles
	Auto-adjust period length = Off
Y guide algorithm = Hysteresis, Hysteresis = 0.100, Aggression = 0.400, Minimum move = 0.060
Backlash comp = disabled, pulse = 100 ms
Max RA duration = 2500, Max DEC duration = 2500, DEC guide mode = Auto
RA Guide Speed = 7.5 a-s/s, Dec Guide Speed = 7.5 a-s/s, Cal Dec = 0.0, Last Cal Issue = None, Timestamp = 7/29/2025 9:33:42 PM
RA = 9.99 hr, Dec = 69.1 deg, Hour angle = 0.41 hr, Pier side = East, Rotator pos = N/A, Alt = 52.3 deg, Az = 356.4 deg
Lock position = 682.448, 727.652, Star position = 682.448, 727.652, HFD = 4.99 px
Frame,Time,mount,dx,dy,RARawDistance,DECRawDistance,RAGuideDistance,DECGuideDistance,RADuration,RADirection,DECDuration,DECDirection,XStep,YStep,StarMass,SNR,ErrorCode
INFO: SETTLING STATE CHANGE, Settling started
1,2.224,"Mount",0.020,-0.024,0.031,-0.007,0.014,0.000,15,W,0,,,,570706,153.29,0
2,4.582,"Mount",-0.131,-0.079,0.009,0.153,0.004,0.055,5,W,24,S,,,628416,175.01,0
3,6.866,"Mount",-0.457,0.001,-0.211,0.404,-0.095,0.148,104,E,63,S,,,617872,157.67,0
4,9.198,"Mount",-0.039,0.080,-0.089,-0.002,-0.040,0.000,44,E,0,,,,584993,136.14,0
5,11.393,"Mount",0.142,0.183,-0.098,-0.210,-0.044,-0.076,48,E,32,N,,,587120,142.23,0
6,13.765,"Mount",-0.135,-0.075,0.005,0.154,0.002,0.053,2,W,22,S,,,597686,134.00,0
7,15.864,"Mount",-0.004,0.069,-0.063,-0.028,-0.028,0.000,31,E,0,,,,599360,141.95,0
8,18.234,"Mount",0.145,0.080,-0.004,-0.166,-0.002,-0.060,2,E,26,N,,,583887,134.87,0
9,20.412,"Mount",-0.102,-0.031,-0.020,0.104,-0.009,0.035,10,E,15,S,,,563199,141.31,0
INFO: SETTLING STATE CHANGE, Settling complete
10,22.738,"Mount",-0.053,0.076,-0.092,0.011,-0.041,0.000,45,E,0,,,,601884,150.65,0
11,24.888,"Mount",-0.024,-0.091,0.069,0.063,0.022,0.023,24,W,10,S,,,615552,157.14,0
12,27.265,"Mount",-0.093,0.104,-0.135,0.034,-0.063,0.000,68,E,0,,,,637481,146.39,0
13,29.418,"Mount",-0.036,0.080,-0.088,-0.006,-0.041,0.000,45,E,0,,,,579894,144.59,0
14,31.775,"Mount",-0.074,-0.010,-0.025,0.070,-0.007,0.025,7,E,11,S,,,605152,156.37,0
15,33.902,"Mount",-0.037,-0.062,0.038,0.061,-0.007,0.023,7,E,10,S,,,585303,145.48,0
16,36.422,"Mount",0.300,-0.025,0.161,-0.255,0.061,-0.091,66,W,39,N,,,583428,145.88,0
17,38.707,"Mount",-0.153,-0.005,-0.066,0.138,-0.033,0.046,36,E,20,S,,,624823,167.51,0
18,40.974,"Mount",-0.002,0.021,-0.019,-0.008,-0.005,0.000,5,E,0,,,,586775,147.48,0
19,43.201,"Mount",-0.177,0.072,-0.145,0.124,-0.066,0.045,72,E,19,S,,,608699,162.57,0
20,45.592,"Mount",0.174,-0.016,0.095,-0.147,0.034,-0.051,37,W,22,N,,,621962,150.95,0
21,47.658,"Mount",-0.053,0.020,-0.042,0.038,-0.005,0.000,5,E,0,,,,577395,140.23,0
22,50.057,"Mount",-0.122,-0.036,-0.024,0.125,-0.004,0.045,5,E,19,S,,,663941,174.21,0
23,52.153,"Mount",-0.002,0.091,-0.082,-0.040,-0.038,0.000,42,E,0,,,,592352,155.11,0
24,54.590,"Mount",0.268,0.042,0.086,-0.257,0.031,-0.092,34,W,40,N,,,647636,162.91,0
25,56.704,"Mount",-0.069,0.063,-0.088,0.032,-0.042,0.000,46,E,0,,,,616078,148.24,0
26,59.116,"Mount",-0.070,-0.127,0.081,0.121,0.030,0.043,32,W,19,S,,,577349,150.49,0
27,61.278,"Mount",-0.077,-0.158,0.105,0.141,0.038,0.053,42,W,22,S,,,602340,137.89,0
28,63.667,"Mount",0.079,0.004,0.033,-0.072,-0.004,-0.024,5,E,10,N,,,611178,150.75,0
29,65.911,"Mount",0.244,-0.172,0.265,-0.137,0.108,-0.050,118,W,21,N,,,582210,146.56,0
30,68.362,"Mount",-0.014,-0.147,0.124,0.080,0.048,0.027,53,W,11,S,,,604908,155.71,0
31,70.446,"Mount",-0.109,-0.042,-0.013,0.116,0.000,0.043,0,,18,S,,,631219,176.78,0
32,72.912,"Mount",0.122,-0.092,0.138,-0.066,0.058,-0.022,63,W,9,N,,,613471,148.70,0
33,75.027,"Mount",0.002,-0.079,0.071,0.034,0.029,0.000,32,W,0,,,,606410,175.39,0
34,77.390,"Mount",0.130,-0.134,0.179,-0.053,0.075,0.000,81,W,0,,,,642399,186.38,0
35,79.618,"Mount",0.230,-0.079,0.176,-0.168,0.077,-0.060,83,W,26,N,,,580152,133.57,0
36,81.962,"Mount",0.063,-0.107,0.124,-0.007,0.056,0.000,61,W,0,,,,598488,131.76,0
37,84.110,"Mount",-0.099,-0.100,0.043,0.134,0.008,0.048,9,W,21,S,,,610280,156.41,0
38,86.469,"Mount",0.113,-0.016,0.066,-0.093,0.036,-0.032,39,W,14,N,,,614872,142.00,0
39,88.591,"Mount",0.001,-0.095,0.085,0.043,0.040,0.000,44,W,0,,,,635994,146.94,0
40,90.993,"Mount",-0.140,-0.050,-0.020,0.148,-0.002,0.053,2,E,23,S,,,627314,148.66,0
41,93.125,"Mount",-0.064,-0.024,-0.009,0.068,-0.003,0.027,4,E,11,S,,,652192,154.38,0
42,95.390,"Mount",0.020,0.045,-0.031,-0.039,-0.010,0.000,11,E,0,,,,636888,147.67,0
43,97.495,"Mount",-0.035,0.088,-0.094,-0.009,-0.050,0.000,54,E,0,,,,603314,152.36,0
44,99.903,"Mount",0.125,0.076,-0.010,-0.146,-0.006,-0.052,7,E,22,N,,,612401,170.78,0
45,102.020,"Mount",0.052,0.067,-0.035,-0.077,-0.006,-0.030,7,E,13,N,,,650204,152.08,0
46,104.361,"Mount",-0.097,0.092,-0.126,0.044,-0.058,0.000,63,E,0,,,,629550,182.57,0
47,106.550,"Mount",-0.161,0.007,-0.081,0.140,-0.038,0.050,41,E,22,S,,,630925,161.26,0
48,108.853,"Mount",-0.011,0.052,-0.051,-0.014,-0.004,0.000,4,E,0,,,,671077,149.32,0
49,110.912,"Mount",0.010,-0.012,0.016,-0.003,-0.006,0.000,6,E,0,,,,600784,141.45,0
50,113.224,"Mount",-0.023,0.004,-0.015,0.019,-0.006,0.000,6,E,0,,,,648498,151.15,0
51,115.331,"Mount",-0.060,0.059,-0.080,0.026,-0.025,0.000,28,E,0,,,,625690,138.52,0
52,117.632,"Mount",-0.013,-0.010,0.003,0.016,0.009,0.000,10,W,0,,,,641606,159.31,0
53,119.784,"Mount",-0.070,0.081,-0.104,0.025,-0.049,0.000,54,E,0,,,,633539,156.31,0
54,122.064,"Mount",0.036,-0.028,0.041,-0.018,-0.006,0.000,7,E,0,,,,620436,144.91,0
55,124.136,"Mount",0.051,-0.059,0.076,-0.018,0.023,0.000,25,W,0,,,,608707,145.00,0
56,126.513,"Mount",0.053,-0.140,0.149,0.018,0.053,0.000,58,W,0,,,,613267,141.08,0
57,128.600,"Mount",-0.015,-0.036,0.025,0.030,-0.009,0.000,10,E,0,,,,621503,136.81,0
58,131.094,"Mount",0.218,-0.220,0.296,-0.092,0.136,-0.033,148,W,14,N,,,635628,147.85,0
59,133.257,"Mount",0.037,-0.111,0.116,0.018,0.060,0.000,65,W,0,,,,614176,148.50,0
60,135.677,"Mount",-0.040,-0.128,0.095,0.094,0.067,0.034,73,W,15,S,,,617669,165.58,0
61,137.961,"Mount",-0.024,-0.223,0.187,0.124,0.102,0.046,111,W,20,S,,,633115,157.43,0
62,140.504,"Mount",0.040,-0.239,0.230,0.075,0.102,0.029,112,W,12,S,,,613627,152.39,0
63,142.681,"Mount",0.152,-0.171,0.222,-0.056,0.097,0.000,106,W,0,,,,621784,160.63,0
64,145.170,"Mount",0.207,-0.055,0.144,-0.159,0.090,-0.057,99,W,24,N,,,627108,151.81,0
65,147.380,"Mount",0.152,-0.040,0.106,-0.116,0.072,-0.044,79,W,19,N,,,615659,156.75,0
66,149.760,"Mount",-0.178,-0.115,0.020,0.211,0.020,0.074,22,W,32,S,,,658878,156.99,0
67,151.911,"Mount",-0.051,-0.054,0.025,0.070,0.016,0.028,18,W,12,S,,,624137,153.14,0
68,154.258,"Mount",0.098,0.099,-0.043,-0.132,-0.007,-0.047,8,E,20,N,,,615165,149.10,0
69,156.315,"Mount",-0.056,0.036,-0.058,0.033,-0.012,0.000,13,E,0,,,,643305,155.38,0
70,158.612,"Mount",0.032,0.060,-0.038,-0.056,-0.017,0.000,18,E,0,,,,608415,145.81,0
71,160.725,"Mount",-0.035,0.084,-0.091,-0.008,-0.064,0.000,70,E,0,,,,660971,144.19,0
72,163.046,"Mount",0.020,-0.119,0.115,0.037,0.019,0.000,20,W,0,,,,628558,160.74,0
73,165.267,"Mount",0.225,-0.172,0.256,-0.120,0.093,-0.043,102,W,18,N,,,611436,141.51,0
74,167.591,"Mount",0.055,-0.007,0.032,-0.046,-0.011,0.000,12,E,0,,,,629053,152.49,0
75,169.738,"Mount",-0.073,0.004,-0.037,0.063,0.036,0.023,39,W,10,S,,,603635,148.59,0
76,172.034,"Mount",-0.039,0.064,-0.075,0.005,0.010,0.000,11,W,0,,,,650451,186.11,0
77,174.154,"Mount",-0.044,0.079,-0.090,0.002,-0.039,0.000,43,E,0,,,,629642,146.15,0
78,176.455,"Mount",-0.008,-0.051,0.041,0.031,-0.006,0.000,7,E,0,,,,633430,165.19,0
79,178.625,"Mount",-0.083,0.029,-0.064,0.061,-0.037,0.022,40,E,9,S,,,579967,143.24,0
80,181.074,"Mount",-0.141,0.064,-0.122,0.096,-0.072,0.035,79,E,15,S,,,616710,131.90,0
81,183.314,"Mount",-0.162,0.113,-0.175,0.092,-0.097,0.034,106,E,15,S,,,623397,155.87,0
82,185.744,"Mount",0.033,0.114,-0.087,-0.082,-0.063,-0.028,69,E,12,N,,,640292,190.11,0
83,187.906,"Mount",-0.060,-0.015,-0.014,0.060,-0.023,0.020,25,E,9,S,,,638790,182.77,0
84,190.276,"Mount",-0.079,0.060,-0.090,0.042,-0.055,0.000,60,E,0,,,,619793,150.35,0
85,192.440,"Mount",-0.084,-0.060,0.015,0.102,-0.012,0.037,13,E,16,S,,,585297,137.18,0
86,194.789,"Mount",-0.032,-0.049,0.028,0.051,0.003,0.000,3,W,0,,,,653037,162.17,0
87,197.049,"Mount",0.117,0.053,0.007,-0.129,0.007,-0.046,8,W,20,N,,,649160,151.66,0
88,199.354,"Mount",0.020,0.033,-0.020,-0.033,0.014,0.000,16,W,0,,,,646569,184.45,0
89,201.531,"Mount",0.064,0.031,0.002,-0.071,0.016,-0.026,17,W,11,N,,,609719,144.28,0
90,203.900,"Mount",-0.081,-0.098,0.050,0.117,0.018,0.041,20,W,18,S,,,650741,161.19,0
91,206.070,"Mount",-0.057,-0.115,0.076,0.104,0.034,0.039,37,W,17,S,,,588655,130.50,0
92,208.410,"Mount",0.086,0.025,0.017,-0.088,0.001,-0.030,1,W,13,N,,,601857,130.70,0
93,210.526,"Mount",-0.042,0.114,-0.121,-0.015,-0.040,0.000,43,E,0,,,,591498,164.58,0
94,212.855,"Mount",-0.034,0.130,-0.131,-0.030,-0.045,0.000,49,E,0,,,,622819,147.76,0
95,215.011,"Mount",-0.173,-0.052,-0.034,0.177,-0.019,0.064,20,E,27,S,,,623069,164.72,0
96,217.316,"Mount",-0.035,0.038,-0.050,0.014,-0.021,0.000,23,E,0,,,,656449,138.84,0
97,219.477,"Mount",-0.125,0.146,-0.187,0.044,-0.093,0.000,101,E,0,,,,649436,154.78,0
98,221.763,"Mount",0.026,-0.011,0.021,-0.019,-0.012,0.000,13,E,0,,,,628211,150.63,0
99,223.845,"Mount",0.003,0.070,-0.061,-0.035,-0.037,0.000,40,E,0,,,,643044,160.55,0
100,226.191,"Mount",-0.055,0.075,-0.092,0.014,-0.042,0.000,46,E,0,,,,621085,157.12,0
101,228.307,"Mount",-0.052,0.094,-0.107,0.003,-0.045,0.000,49,E,0,,,,621167,154.03,0
102,230.609,"Mount",-0.004,0.085,-0.077,-0.036,-0.020,0.000,21,E,0,,,,607884,135.17,0
103,232.705,"Mount",-0.018,0.098,-0.095,-0.030,-0.023,0.000,25,E,0,,,,635995,144.30,0
104,235.078,"Mount",-0.152,0.065,-0.128,0.104,-0.051,0.038,56,E,16,S,,,598875,143.66,0
105,237.154,"Mount",0.024,0.007,0.005,-0.024,0.006,0.000,7,W,0,,,,609950,169.07,0
106,239.558,"Mount",-0.131,0.017,-0.076,0.109,-0.047,0.039,51,E,17,S,,,613256,153.10,0
107,241.636,"Mount",-0.060,0.027,-0.051,0.041,-0.011,0.000,12,E,0,,,,598999,136.10,0
108,244.016,"Mount",-0.068,-0.029,-0.006,0.074,-0.008,0.027,9,E,11,S,,,625973,149.15,0
109,246.081,"Mount",-0.008,0.044,-0.043,-0.014,0.006,0.000,6,W,0,,,,612217,149.69,0
110,248.426,"Mount",-0.051,0.055,-0.072,0.020,-0.020,0.000,22,E,0,,,,636821,155.43,0
111,250.607,"Mount",-0.007,0.160,-0.145,-0.067,-0.038,-0.024,41,E,10,N,,,619492,148.03,0
112,253.022,"Mount",0.112,0.093,-0.031,-0.143,0.028,-0.052,31,W,22,N,,,630476,151.02,0
113,255.188,"Mount",0.255,0.071,0.055,-0.259,-0.002,-0.095,2,E,41,N,,,634175,163.94,0
114,257.568,"Mount",-0.059,-0.107,0.068,0.101,0.026,0.033,28,W,14,S,,,622452,153.29,0
115,259.811,"Mount",-0.503,-0.113,-0.131,0.498,-0.046,0.181,50,E,77,S,,,642793,157.35,0
116,262.265,"Mount",0.104,0.175,-0.108,-0.173,-0.038,-0.055,41,E,24,N,,,597893,157.80,0
117,264.506,"Mount",0.007,0.189,-0.164,-0.093,-0.094,-0.036,103,E,15,N,,,586458,132.08,0
118,266.897,"Mount",0.129,0.021,0.041,-0.124,-0.031,-0.046,33,E,20,N,,,645096,147.39,0
119,269.119,"Mount",-0.115,0.051,-0.098,0.079,-0.079,0.026,86,E,11,S,,,633184,183.08,0
120,271.503,"Mount",-0.037,-0.039,0.018,0.050,-0.054,0.000,59,E,0,,,,618724,156.03,0
121,273.689,"Mount",0.186,0.086,0.010,-0.205,-0.053,-0.074,58,E,32,N,,,648702,181.48,0
122,276.161,"Mount",-0.232,0.098,-0.193,0.161,-0.102,0.055,112,E,24,S,,,620613,150.57,0
123,278.449,"Mount",-0.260,0.179,-0.279,0.148,-0.135,0.055,147,E,24,S,,,618235,181.37,0
124,280.917,"Mount",0.039,0.178,-0.140,-0.116,-0.084,-0.040,92,E,17,N,,,615257,139.00,0
125,283.008,"Mount",-0.017,0.046,-0.049,-0.006,-0.014,0.000,15,E,0,,,,639521,160.43,0
126,285.422,"Mount",-0.129,-0.054,-0.011,0.139,-0.016,0.050,17,E,21,S,,,638754,164.79,0
127,287.601,"Mount",-0.053,0.115,-0.127,-0.006,-0.060,0.000,66,E,0,,,,610214,148.30,0
128,290.010,"Mount",-0.107,0.172,-0.202,0.016,-0.077,0.000,84,E,0,,,,626423,147.79,0
129,292.182,"Mount",-0.015,0.071,-0.070,-0.020,-0.013,0.000,14,E,0,,,,689840,160.04,0
130,294.534,"Mount",-0.047,0.133,-0.140,-0.020,-0.055,0.000,60,E,0,,,,624791,161.12,0
131,296.694,"Mount",0.133,0.099,-0.026,-0.164,0.008,-0.059,9,W,25,N,,,640978,158.84,0
132,299.013,"Mount",-0.049,0.056,-0.073,0.018,-0.024,0.000,27,E,0,,,,631180,165.71,0
133,301.204,"Mount",-0.152,0.001,-0.071,0.135,-0.029,0.048,31,E,21,S,,,634967,167.51,0
134,303.588,"Mount",0.160,0.095,-0.011,-0.186,-0.005,-0.065,6,E,28,N,,,618993,178.02,0
135,305.747,"Mount",0.119,-0.019,0.071,-0.097,0.022,-0.037,24,W,16,N,,,597956,144.04,0
136,308.129,"Mount",-0.069,-0.079,0.039,0.097,-0.019,0.034,21,E,14,S,,,651313,142.95,0
137,310.197,"Mount",-0.013,0.014,-0.018,0.005,-0.022,0.000,24,E,0,,,,627646,137.19,0
138,312.562,"Mount",-0.010,0.107,-0.099,-0.041,-0.076,0.000,83,E,0,,,,628559,165.70,0
139,314.680,"Mount",-0.025,0.044,-0.051,0.002,-0.046,0.000,50,E,0,,,,636389,176.44,0
140,317.177,"Mount",-0.161,0.077,-0.143,0.107,-0.116,0.039,127,E,16,S,,,600779,145.70,0
141,319.323,"Mount",0.041,0.037,-0.014,-0.053,-0.064,0.000,70,E,0,,,,614507,150.36,0
142,321.759,"Mount",-0.049,-0.039,0.012,0.062,-0.063,0.022,68,E,9,S,,,624320,147.36,0
143,323.920,"Mount",-0.049,0.006,-0.028,0.041,-0.054,0.000,59,E,0,,,,623833,132.82,0
144,326.316,"Mount",-0.034,-0.070,0.047,0.063,-0.025,0.023,27,E,10,S,,,612184,143.31,0
145,328.509,"Mount",-0.101,0.120,-0.153,0.034,-0.077,0.000,84,E,0,,,,606473,137.16,0
146,330.933,"Mount",-0.029,0.217,-0.206,-0.075,-0.051,-0.027,55,E,11,N,,,601388,149.64,0
147,333.093,"Mount",-0.134,0.286,-0.316,-0.013,-0.088,0.000,96,E,0,,,,640486,160.25,0
148,335.529,"Mount",-0.127,0.074,-0.124,0.078,-0.072,0.028,78,E,12,S,,,604593,147.03,0
149,337.648,"Mount",-0.068,0.016,-0.045,0.053,-0.012,0.000,13,E,0,,,,611139,165.01,0
150,340.114,"Mount",-0.149,0.250,-0.291,0.017,-0.158,0.000,173,E,0,,,,612310,141.31,0
151,342.361,"Mount",-0.148,0.123,-0.177,0.075,-0.102,0.027,111,E,11,S,,,613789,139.24,0
152,344.850,"Mount",0.056,0.176,-0.131,-0.131,-0.091,-0.046,100,E,20,N,,,585349,140.82,0
153,347.007,"Mount",-0.018,0.153,-0.144,-0.055,-0.085,0.000,93,E,0,,,,620993,148.79,0
154,349.383,"Mount",-0.065,0.116,-0.133,0.004,-0.082,0.000,89,E,0,,,,689221,177.40,0
155,351.635,"Mount",-0.189,0.155,-0.224,0.096,-0.107,0.035,117,E,15,S,,,623039,166.09,0
156,353.934,"Mount",-0.009,0.010,-0.013,0.003,0.007,0.000,7,W,0,,,,594888,134.89,0
157,356.035,"Mount",-0.056,0.031,-0.053,0.035,0.011,0.000,12,W,0,,,,593372,147.88,0
158,358.505,"Mount",-0.222,0.149,-0.234,0.128,-0.075,0.046,82,E,20,S,,,612602,137.14,0
159,360.650,"Mount",-0.181,0.144,-0.211,0.094,-0.021,0.036,22,E,15,S,,,618185,149.39,0
160,363.052,"Mount",-0.094,0.201,-0.222,-0.009,-0.014,0.000,16,E,0,,,,616601,149.23,0
161,365.168,"Mount",-0.035,0.174,-0.170,-0.049,-0.058,0.000,63,E,0,,,,570109,136.52,0
162,367.594,"Mount",0.082,0.194,-0.135,-0.162,-0.039,-0.058,43,E,25,N,,,598405,159.99,0
163,369.796,"Mount",-0.125,0.045,-0.098,0.090,-0.050,0.030,54,E,13,S,,,631190,133.77,0
164,372.224,"Mount",-0.011,0.180,-0.165,-0.073,-0.075,-0.025,82,E,11,N,,,638123,163.95,0
165,374.315,"Mount",-0.022,0.096,-0.095,-0.025,-0.043,0.000,47,E,0,,,,629226,154.64,0
166,376.746,"Mount",0.162,-0.067,0.134,-0.113,0.063,-0.041,68,W,17,N,,,622912,146.04,0
167,378.972,"Mount",-0.180,0.150,-0.216,0.090,-0.081,0.031,88,E,13,S,,,640602,163.38,0
168,381.359,"Mount",-0.198,0.028,-0.116,0.162,-0.028,0.060,30,E,25,S,,,625030,140.00,0
169,383.443,"Mount",-0.042,0.084,-0.094,-0.002,-0.014,0.000,16,E,0,,,,633338,138.47,0
170,385.755,"Mount",0.013,0.000,0.005,-0.011,0.015,0.000,16,W,0,,,,613824,144.74,0
171,387.905,"Mount",0.062,0.065,-0.029,-0.085,0.019,-0.031,20,W,13,N,,,652489,173.62,0
172,390.369,"Mount",0.087,-0.025,0.062,-0.066,0.054,-0.025,59,W,11,N,,,594674,141.50,0
173,392.488,"Mount",-0.045,0.127,-0.134,-0.019,-0.029,0.000,32,E,0,,,,650874,206.99,0
174,394.886,"Mount",-0.120,0.092,-0.137,0.064,-0.040,0.023,44,E,10,S,,,619671,136.35,0
175,397.047,"Mount",0.063,0.061,-0.025,-0.084,0.019,-0.029,21,W,13,N,,,611231,137.93,0
176,399.356,"Mount",0.005,0.004,-0.001,-0.007,-0.010,0.000,11,E,0,,,,605281,133.64,0
177,401.456,"Mount",0.013,-0.017,0.021,-0.004,-0.006,0.000,7,E,0,,,,615480,142.61,0
178,403.849,"Mount",-0.102,0.034,-0.078,0.075,-0.034,0.027,37,E,12,S,,,651196,168.66,0
179,405.962,"Mount",0.025,0.043,-0.027,-0.043,0.023,0.000,25,W,0,,,,598606,145.32,0
180,408.301,"Mount",-0.024,-0.012,-0.000,0.027,0.033,0.000,36,W,0,,,,594190,159.39,0
181,410.567,"Mount",0.160,-0.049,0.118,-0.119,0.079,-0.043,86,W,18,N,,,608963,161.27,0
182,412.877,"Mount",-0.009,0.046,-0.045,-0.013,0.039,0.000,42,W,0,,,,647538,151.59,0
183,415.053,"Mount",0.017,-0.037,0.041,0.003,0.049,0.000,54,W,0,,,,606026,143.02,0
184,417.397,"Mount",-0.008,-0.021,0.015,0.017,0.056,0.000,61,W,0,,,,606456,142.79,0
185,419.607,"Mount",-0.037,-0.090,0.063,0.074,0.071,0.027,77,W,11,S,,,623551,181.68,0
186,422.038,"Mount",-0.050,-0.054,0.025,0.070,0.044,0.026,48,W,11,S,,,627857,156.65,0
187,424.218,"Mount",0.095,0.055,-0.005,-0.109,0.039,-0.038,42,W,16,N,,,637294,158.45,0
188,426.660,"Mount",0.149,-0.020,0.086,-0.123,0.073,-0.046,79,W,20,N,,,658902,159.95,0
189,428.757,"Mount",0.019,-0.046,0.050,0.004,0.027,0.000,30,W,0,,,,594963,152.20,0
190,431.058,"Mount",0.002,0.009,-0.007,-0.006,0.017,0.000,18,W,0,,,,596530,147.75,0
191,433.271,"Mount",0.000,-0.158,0.141,0.073,0.071,0.026,78,W,11,S,,,629985,149.49,0
192,435.564,"Mount",0.012,-0.039,0.040,0.007,-0.009,0.000,9,E,0,,,,571377,151.21,0
193,437.816,"Mount",0.001,-0.241,0.214,0.110,0.082,0.040,90,W,17,S,,,619222,138.21,0
194,440.103,"Mount",0.037,-0.027,0.041,-0.021,-0.001,0.000,1,E,0,,,,625511,145.43,0
195,442.288,"Mount",-0.092,0.031,-0.070,0.067,-0.031,0.024,34,E,10,S,,,618651,151.87,0
196,444.618,"Mount",0.062,-0.049,0.072,-0.032,0.041,0.000,45,W,0,,,,607207,140.86,0
197,446.701,"Mount",0.053,-0.003,0.027,-0.045,0.011,0.000,11,W,0,,,,618819,193.07,0
198,449.083,"Mount",0.042,-0.128,0.133,0.022,0.071,0.000,77,W,0,,,,633275,149.72,0
199,451.234,"Mount",-0.073,0.040,-0.069,0.047,-0.033,0.000,36,E,0,,,,626529,153.22,0
200,453.518,"Mount",0.020,0.067,-0.050,-0.049,-0.002,0.000,2,E,0,,,,634825,152.85,0
201,455.662,"Mount",-0.067,0.034,-0.061,0.044,-0.041,0.000,44,E,0,,,,626908,152.43,0
202,458.093,"Mount",-0.132,0.027,-0.085,0.105,-0.052,0.038,56,E,16,S,,,584850,140.19,0
203,460.195,"Mount",-0.039,-0.022,0.001,0.045,-0.014,0.000,15,E,0,,,,598784,138.91,0
204,462.559,"Mount",0.051,0.032,-0.005,-0.061,-0.013,-0.022,15,E,9,N,,,587572,142.79,0
205,464.616,"Mount",0.033,0.023,-0.006,-0.040,-0.008,0.000,9,E,0,,,,622853,159.28,0
206,467.054,"Mount",-0.038,0.197,-0.192,-0.057,-0.088,0.000,96,E,0,,,,610978,150.78,0
207,469.218,"Mount",0.053,0.096,-0.061,-0.091,-0.026,-0.033,28,E,14,N,,,595556,150.71,0
208,471.642,"Mount",0.141,-0.102,0.155,-0.078,0.078,-0.029,85,W,13,N,,,632443,153.14,0
209,473.738,"Mount",0.011,0.030,-0.022,-0.023,0.022,0.000,24,W,0,,,,594183,158.55,0
210,476.144,"Mount",0.099,-0.114,0.147,-0.036,0.088,0.000,96,W,0,,,,611446,144.50,0
211,478.426,"Mount",0.161,-0.002,0.076,-0.142,0.067,-0.051,73,W,22,N,,,590463,147.11,0
212,480.959,"Mount",-0.065,-0.274,0.213,0.184,0.160,0.064,174,W,27,S,,,626695,184.02,0
213,483.104,"Mount",-0.021,0.038,-0.043,0.001,0.069,0.000,75,W,0,,,,588778,166.91,0
214,485.552,"Mount",0.077,-0.005,0.040,-0.066,0.078,-0.024,85,W,10,N,,,599748,157.79,0
215,487.796,"Mount",0.040,-0.206,0.202,0.060,0.160,0.000,175,W,0,,,,628296,143.69,0
216,490.303,"Mount",-0.138,-0.210,0.123,0.220,0.104,0.079,113,W,34,S,,,612304,149.52,0
217,492.449,"Mount",-0.023,0.010,-0.019,0.016,0.035,0.000,39,W,0,,,,602691,154.66,0
218,494.746,"Mount",-0.025,0.057,-0.062,-0.004,0.012,0.000,13,W,0,,,,612156,145.66,0
219,496.866,"Mount",-0.043,0.024,-0.041,0.027,0.026,0.000,29,W,0,,,,627529,154.98,0
220,499.293,"Mount",0.093,-0.077,0.111,-0.047,0.050,0.000,54,W,0,,,,578321,147.93,0
221,501.527,"Mount",0.192,0.017,0.073,-0.178,0.026,-0.064,29,W,27,N,,,640907,158.35,0
222,503.906,"Mount",-0.055,-0.137,0.097,0.112,0.032,0.038,35,W,16,S,,,637150,151.46,0
223,506.075,"Mount",-0.018,-0.132,0.109,0.077,0.046,0.029,50,W,13,S,,,647637,190.40,0
224,508.419,"Mount",0.003,-0.094,0.085,0.040,0.034,0.000,37,W,0,,,,646972,165.45,0
225,510.485,"Mount",0.017,0.047,-0.034,-0.037,0.003,0.000,3,W,0,,,,590651,154.22,0
226,512.762,"Mount",-0.032,-0.012,-0.004,0.034,0.000,0.000,0,,0,,,,635003,167.50,0
227,514.831,"Mount",-0.009,-0.028,0.021,0.021,-0.004,0.000,4,E,0,,,,624271,153.72,0
228,517.250,"Mount",0.173,-0.128,0.193,-0.095,0.075,-0.034,81,W,15,N,,,631602,169.55,0
229,519.366,"Mount",-0.024,0.095,-0.096,-0.022,-0.049,0.000,54,E,0,,,,585542,171.94,0
230,521.735,"Mount",-0.119,-0.020,-0.037,0.115,-0.016,0.041,17,E,18,S,,,591221,153.79,0
231,523.871,"Mount",-0.038,-0.082,0.056,0.071,-0.023,0.027,25,E,12,S,,,613741,147.94,0
232,526.215,"Mount",0.029,0.069,-0.048,-0.058,-0.025,0.000,27,E,0,,,,628275,142.17,0
233,528.363,"Mount",-0.016,-0.004,-0.004,0.015,-0.027,0.000,30,E,0,,,,577696,135.73,0
234,530.732,"Mount",-0.020,0.067,-0.069,-0.013,-0.067,0.000,73,E,0,,,,628476,176.46,0
235,532.823,"Mount",0.019,-0.040,0.045,0.001,-0.033,0.000,36,E,0,,,,627033,154.30,0
236,535.133,"Mount",0.026,-0.034,0.042,-0.007,-0.031,0.000,34,E,0,,,,587156,126.31,0
237,537.246,"Mount",0.039,-0.001,0.019,-0.034,-0.025,0.000,27,E,0,,,,598464,168.07,0
238,539.559,"Mount",0.109,-0.099,0.138,-0.051,0.047,0.000,52,W,0,,,,593151,135.20,0
239,541.774,"Mount",0.178,-0.062,0.137,-0.129,0.052,-0.046,56,W,20,N,,,641396,150.82,0
240,544.139,"Mount",-0.058,-0.033,0.002,0.067,-0.006,0.022,7,E,9,S,,,621694,144.52,0
241,546.286,"Mount",-0.094,-0.009,-0.035,0.088,0.001,0.032,1,W,14,S,,,651591,182.82,0
242,548.670,"Mount",-0.149,-0.007,-0.063,0.135,-0.030,0.050,32,E,21,S,,,627649,141.26,0
243,550.824,"Mount",0.116,0.053,0.006,-0.127,-0.010,-0.044,11,E,19,N,,,622520,147.46,0
244,553.121,"Mount",-0.021,-0.031,0.017,0.033,-0.017,0.000,18,E,0,,,,646664,159.24,0
245,555.301,"Mount",0.211,0.013,0.086,-0.193,0.020,-0.069,22,W,30,N,,,606515,135.50,0
246,557.686,"Mount",-0.054,-0.061,0.030,0.076,-0.024,0.024,26,E,10,S,,,617904,173.34,0
247,559.784,"Mount",-0.019,-0.051,0.037,0.041,-0.018,0.000,20,E,0,,,,627539,184.57,0
248,562.131,"Mount",-0.088,0.017,-0.056,0.070,-0.023,0.025,25,E,11,S,,,626824,151.52,0
249,564.354,"Mount",-0.140,0.063,-0.121,0.095,-0.079,0.035,87,E,15,S,,,618182,175.98,0
250,566.743,"Mount",-0.132,-0.010,-0.052,0.122,-0.030,0.045,32,E,19,S,,,602185,159.86,0
251,568.833,"Mount",-0.019,0.046,-0.050,-0.004,-0.030,0.000,33,E,0,,,,636505,158.29,0
252,571.169,"Mount",-0.001,0.038,-0.034,-0.016,-0.048,0.000,53,E,0,,,,607714,161.14,0
253,573.295,"Mount",-0.052,0.036,-0.056,0.029,-0.048,0.000,52,E,0,,,,592325,130.21,0
254,575.775,"Mount",0.113,0.011,0.042,-0.105,-0.032,-0.038,35,E,16,N,,,606435,142.88,0
255,577.926,"Mount",-0.083,0.068,-0.099,0.042,-0.075,0.000,81,E,0,,,,624907,161.19,0
256,580.371,"Mount",0.066,0.018,0.014,-0.067,-0.020,-0.024,22,E,10,N,,,632267,145.77,0
257,582.619,"Mount",0.042,0.065,-0.038,-0.067,-0.017,-0.025,19,E,11,N,,,620118,147.88,0
258,584.978,"Mount",-0.098,0.016,-0.060,0.080,-0.030,0.028,33,E,12,S,,,643779,163.46,0
259,587.380,"Mount",-0.444,0.185,-0.369,0.308,-0.190,0.112,207,E,48,S,,,575689,139.69,0
260,589.853,"Mount",0.139,0.022,0.045,-0.133,-0.046,-0.043,50,E,19,N,,,626560,139.64,0
261,592.029,"Mount",0.171,0.010,0.070,-0.157,-0.011,-0.058,12,E,25,N,,,625145,169.50,0
262,594.336,"Mount",0.090,-0.051,0.087,-0.057,-0.009,0.000,10,E,0,,,,570728,141.21,0
263,596.506,"Mount",0.175,-0.042,0.118,-0.136,0.008,-0.049,8,W,21,N,,,632095,152.37,0
264,598.911,"Mount",-0.026,-0.224,0.187,0.127,0.036,0.044,39,W,19,S,,,598365,141.67,0
265,601.129,"Mount",-0.004,-0.215,0.189,0.103,0.077,0.039,84,W,17,S,,,637002,145.56,0
266,603.503,"Mount",0.160,0.026,0.051,-0.153,-0.012,-0.054,13,E,23,N,,,593412,146.95,0
267,605.769,"Mount",0.216,-0.128,0.213,-0.133,0.097,-0.050,106,W,21,N,,,622288,154.62,0
268,608.184,"Mount",-0.055,-0.152,0.109,0.119,0.044,0.041,49,W,17,S,,,620084,140.08,0
269,610.367,"Mount",-0.106,-0.131,0.068,0.155,0.017,0.057,18,W,25,S,,,612222,157.03,0
270,612.679,"Mount",0.010,0.026,-0.018,-0.021,-0.021,0.000,22,E,0,,,,606543,152.06,0
271,614.758,"Mount",0.009,-0.074,0.070,0.026,-0.005,0.000,5,E,0,,,,607818,141.29,0
272,617.088,"Mount",-0.014,0.053,-0.053,-0.012,-0.045,0.000,49,E,0,,,,596726,156.76,0
273,619.217,"Mount",0.067,-0.032,0.060,-0.045,-0.057,0.000,62,E,0,,,,605931,148.38,0
274,621.542,"Mount",-0.002,0.034,-0.031,-0.014,-0.065,0.000,71,E,0,,,,627584,166.43,0
275,623.777,"Mount",-0.077,0.149,-0.168,-0.000,-0.143,0.000,156,E,0,,,,593456,173.07,0
276,626.130,"Mount",0.017,-0.013,0.019,-0.009,-0.077,0.000,83,E,0,,,,600038,144.86,0
277,628.274,"Mount",-0.031,0.008,-0.021,0.024,-0.072,0.000,78,E,0,,,,633513,163.14,0
INFO: SET LOCK POSITION, new lock pos = 682.448, 727.652
INFO: DITHER by -11.991, -11.359, new lock pos = 687.010, 743.527
INFO: SETTLING STATE CHANGE, Settling started
278,648.570,"Mount",-4.562,-15.875,11.991,11.359,11.991,11.359,13076,W,4859,S,,,604885,144.65,0
279,651.652,"Mount",1.446,-0.537,1.143,-1.035,0.514,-0.373,561,W,159,N,,,561521,127.35,0
280,654.305,"Mount",0.803,-0.609,0.911,-0.431,0.410,-0.170,447,W,73,N,,,588165,139.93,0
281,656.958,"Mount",-0.936,-0.793,0.273,1.196,0.123,0.424,134,W,181,S,,,587624,152.61,0
282,659.279,"Mount",0.517,-0.043,0.277,-0.439,0.124,-0.141,136,W,60,N,,,629132,183.89,0
283,661.698,"Mount",0.226,0.069,0.043,-0.232,0.019,-0.089,21,W,38,N,,,619850,152.11,0
284,663.833,"Mount",-0.052,0.059,-0.076,0.019,-0.034,0.000,37,E,0,,,,632995,188.32,0
285,666.173,"Mount",-0.042,0.038,-0.053,0.019,-0.024,0.000,26,E,0,,,,607983,170.47,0
286,668.366,"Mount",-0.166,0.061,-0.130,0.119,-0.059,0.043,64,E,18,S,,,597935,145.89,0
287,670.686,"Mount",-0.025,-0.012,-0.001,0.028,-0.000,0.000,1,E,0,,,,584842,143.58,0
288,672.913,"Mount",-0.206,0.033,-0.124,0.167,-0.056,0.060,61,E,26,S,,,574283,159.88,0
289,675.485,"Mount",0.016,0.308,-0.266,-0.157,-0.174,-0.054,190,E,23,N,,,613785,143.66,0
290,677.800,"Mount",0.063,0.252,-0.195,-0.173,-0.133,-0.064,146,E,28,N,,,635788,159.55,0
291,680.188,"Mount",-0.109,-0.014,-0.038,0.103,-0.046,0.035,50,E,15,S,,,582383,132.77,0
292,682.344,"Mount",-0.114,-0.159,0.089,0.175,-0.004,0.064,5,E,28,S,,,600742,150.44,0
293,684.880,"Mount",-0.175,0.207,-0.264,0.060,-0.169,0.024,184,E,10,S,,,587395,148.36,0
INFO: SETTLING STATE CHANGE, Settling complete
294,687.156,"Mount",0.273,0.224,-0.073,-0.346,-0.092,-0.124,100,E,53,N,,,627947,163.88,0
295,689.586,"Mount",-0.209,-0.190,0.073,0.273,-0.033,0.093,36,E,40,S,,,606482,155.08,0
296,691.828,"Mount",-0.027,0.172,-0.166,-0.055,-0.155,0.000,169,E,0,,,,581368,136.68,0
297,694.230,"Mount",0.002,0.041,-0.035,-0.020,-0.081,0.000,89,E,0,,,,639463,176.29,0
298,696.393,"Mount",-0.044,0.022,-0.039,0.029,-0.074,0.000,81,E,0,,,,622560,159.17,0
299,698.818,"Mount",-0.087,0.007,-0.046,0.074,-0.066,0.027,72,E,11,S,,,607447,166.05,0
300,700.949,"Mount",0.004,-0.020,0.019,0.006,-0.055,0.000,59,E,0,,,,617836,158.19,0
301,703.282,"Mount",0.037,-0.136,0.138,0.030,0.015,0.000,17,W,0,,,,572923,140.83,0
302,705.397,"Mount",-0.044,-0.000,-0.020,0.039,-0.036,0.000,39,E,0,,,,634672,175.35,0
303,707.766,"Mount",0.111,-0.136,0.172,-0.036,0.047,0.000,51,W,0,,,,561312,139.37,0
304,709.892,"Mount",0.062,-0.001,0.029,-0.054,-0.025,0.000,27,E,0,,,,614141,155.75,0
305,712.240,"Mount",-0.018,0.075,-0.075,-0.019,-0.056,0.000,61,E,0,,,,621128,161.32,0
306,714.349,"Mount",0.047,0.031,-0.006,-0.056,-0.024,0.000,26,E,0,,,,589805,139.33,0
307,716.668,"Mount",0.004,0.040,-0.034,-0.022,-0.027,0.000,29,E,0,,,,608112,160.29,0
308,718.903,"Mount",-0.290,-0.071,-0.070,0.290,-0.063,0.105,69,E,45,S,,,594750,140.39,0
309,721.277,"Mount",0.095,0.101,-0.046,-0.131,-0.034,-0.043,37,E,18,N,,,582905,144.51,0
310,723.487,"Mount",0.277,0.103,0.036,-0.294,-0.030,-0.107,33,E,46,N,,,572923,153.01,0
311,725.837,"Mount",0.071,-0.169,0.183,0.015,0.052,0.000,57,W,0,,,,608983,162.75,0
312,727.913,"Mount",0.002,0.022,-0.019,-0.011,-0.022,0.000,24,E,0,,,,583481,141.43,0
313,730.217,"Mount",-0.034,0.044,-0.055,0.010,-0.015,0.000,17,E,0,,,,600175,148.35,0
314,732.335,"Mount",-0.002,-0.023,0.019,0.012,0.001,0.000,1,W,0,,,,603449,163.95,0
315,734.640,"Mount",-0.052,0.000,-0.024,0.046,0.008,0.000,9,W,0,,,,604518,145.20,0
316,736.774,"Mount",-0.105,-0.000,-0.048,0.094,0.005,0.034,6,W,14,S,,,608636,138.53,0
317,739.067,"Mount",0.001,0.028,-0.024,-0.013,0.004,0.000,4,W,0,,,,610573,169.49,0
318,741.168,"Mount",-0.058,0.040,-0.062,0.033,-0.030,0.000,33,E,0,,,,523365,128.26,0
319,743.568,"Mount",-0.087,0.035,-0.072,0.061,-0.038,0.022,42,E,9,S,,,646772,193.17,0
320,745.681,"Mount",-0.076,-0.018,-0.019,0.076,-0.009,0.028,10,E,12,S,,,566910,134.27,0
321,748.068,"Mount",-0.058,-0.099,0.061,0.097,0.017,0.036,19,W,15,S,,,586235,145.29,0
322,750.227,"Mount",0.099,-0.001,0.046,-0.087,-0.009,-0.030,10,E,13,N,,,613787,153.34,0
323,752.645,"Mount",0.152,-0.078,0.139,-0.099,0.057,-0.037,62,W,16,N,,,619405,150.83,0
324,754.831,"Mount",0.059,-0.227,0.228,0.053,0.103,0.000,113,W,0,,,,624422,146.93,0
325,757.211,"Mount",0.133,0.014,0.049,-0.124,0.025,-0.045,27,W,19,N,,,586941,160.22,0
326,759.464,"Mount",-0.044,-0.140,0.104,0.103,0.079,0.035,86,W,15,S,,,582597,148.27,0
327,761.963,"Mount",-0.043,-0.166,0.127,0.115,0.109,0.043,119,W,18,S,,,582874,142.69,0
328,764.099,"Mount",-0.004,0.015,-0.015,-0.004,0.059,0.000,64,W,0,,,,591855,140.59,0
329,766.551,"Mount",-0.119,-0.015,-0.041,0.113,0.067,0.041,73,W,17,S,,,626831,165.11,0
330,768.696,"Mount",-0.053,-0.003,-0.021,0.048,0.068,0.000,74,W,0,,,,587500,149.35,0
331,771.109,"Mount",0.087,0.003,0.037,-0.079,0.055,-0.029,60,W,12,N,,,629058,163.24,0
332,773.317,"Mount",0.053,-0.160,0.167,0.027,0.127,0.000,138,W,0,,,,586021,155.45,0
333,775.656,"Mount",-0.028,0.046,-0.054,0.004,0.051,0.000,55,W,0,,,,570208,133.29,0
334,777.740,"Mount",-0.033,0.081,-0.087,-0.008,0.011,0.000,12,W,0,,,,593914,161.10,0
335,780.088,"Mount",-0.024,0.012,-0.022,0.016,0.044,0.000,48,W,0,,,,592192,163.57,0
336,782.205,"Mount",0.004,0.044,-0.037,-0.024,0.017,0.000,19,W,0,,,,615681,157.23,0
337,784.539,"Mount",-0.062,0.074,-0.094,0.020,-0.033,0.000,36,E,0,,,,611567,153.06,0
338,786.637,"Mount",-0.003,-0.003,0.002,0.004,0.006,0.000,6,W,0,,,,604633,136.20,0
339,789.026,"Mount",-0.099,-0.004,-0.042,0.090,-0.002,0.032,3,E,14,S,,,597525,140.93,0
340,791.225,"Mount",-0.130,0.101,-0.149,0.069,-0.063,0.026,69,E,11,S,,,603189,150.79,0
341,793.534,"Mount",-0.039,0.070,-0.081,0.002,-0.037,0.000,41,E,0,,,,614644,148.21,0
342,795.661,"Mount",-0.069,0.060,-0.085,0.033,-0.043,0.000,47,E,0,,,,571953,136.68,0
343,798.023,"Mount",0.050,0.076,-0.044,-0.080,-0.008,-0.029,9,E,12,N,,,636435,162.96,0
344,800.158,"Mount",-0.039,0.071,-0.082,0.002,-0.046,0.000,51,E,0,,,,611833,161.95,0
345,802.535,"Mount",-0.087,0.093,-0.123,0.034,-0.073,0.000,80,E,0,,,,633616,174.60,0
346,804.673,"Mount",-0.063,0.056,-0.079,0.030,-0.054,0.000,59,E,0,,,,585680,150.91,0
347,807.009,"Mount",-0.054,0.019,-0.042,0.039,-0.025,0.000,27,E,0,,,,615461,162.41,0
348,809.177,"Mount",-0.072,-0.013,-0.021,0.070,-0.025,0.025,27,E,11,S,,,585810,148.49,0
349,811.518,"Mount",0.078,-0.089,0.115,-0.028,0.025,0.000,28,W,0,,,,602835,146.45,0
350,813.627,"Mount",0.041,-0.035,0.050,-0.021,-0.025,0.000,28,E,0,,,,609591,152.41,0
351,815.944,"Mount",0.050,-0.054,0.071,-0.020,0.017,0.000,19,W,0,,,,639240,158.63,0
352,818.125,"Mount",-0.076,-0.140,0.089,0.132,0.030,0.047,32,W,20,S,,,613840,147.40,0
353,820.438,"Mount",-0.001,-0.005,0.004,0.003,-0.003,0.000,4,E,0,,,,622599,163.09,0
354,822.673,"Mount",0.012,-0.209,0.191,0.086,0.099,0.031,108,W,13,S,,,605433,169.53,0
355,825.282,"Mount",0.306,-0.287,0.396,-0.139,0.208,-0.049,227,W,21,N,,,592476,158.64,0
356,827.592,"Mount",0.324,0.078,0.080,-0.324,0.090,-0.118,98,W,51,N,,,614214,162.74,0
357,830.097,"Mount",-0.184,-0.201,0.094,0.256,0.116,0.087,126,W,37,S,,,614334,141.78,0
358,832.318,"Mount",-0.110,-0.074,0.015,0.132,0.095,0.051,103,W,22,S,,,625457,159.74,0
359,834.781,"Mount",0.123,0.056,0.007,-0.135,0.108,-0.047,118,W,20,N,,,620867,162.78,0
360,837.009,"Mount",0.006,-0.101,0.092,0.041,0.139,0.000,151,W,0,,,,610943,149.68,0
361,839.515,"Mount",0.077,0.040,0.000,-0.087,0.098,-0.031,107,W,13,N,,,610663,154.89,0
362,841.647,"Mount",-0.039,0.033,-0.048,0.019,0.079,0.000,86,W,0,,,,588065,157.26,0
363,844.192,"Mount",-0.064,-0.138,0.093,0.121,0.107,0.043,116,W,19,S,,,636758,145.26,0
364,846.326,"Mount",0.038,0.030,-0.009,-0.048,0.045,0.000,49,W,0,,,,619136,164.16,0
365,848.647,"Mount",-0.102,0.134,-0.166,0.029,-0.049,0.000,53,E,0,,,,663774,177.14,0
366,850.738,"Mount",-0.053,0.112,-0.124,-0.004,-0.031,0.000,34,E,0,,,,613206,162.21,0
367,853.084,"Mount",-0.024,0.151,-0.145,-0.049,-0.050,0.000,55,E,0,,,,617703,159.35,0
368,855.215,"Mount",-0.022,0.153,-0.145,-0.051,-0.056,0.000,61,E,0,,,,623238,158.01,0
369,857.565,"Mount",-0.012,0.116,-0.108,-0.043,-0.058,0.000,63,E,0,,,,569205,146.20,0
370,859.620,"Mount",-0.033,0.047,-0.057,0.008,-0.007,0.000,7,E,0,,,,556146,153.01,0
371,862.014,"Mount",-0.143,0.018,-0.082,0.119,-0.041,0.043,45,E,18,S,,,571281,132.99,0
372,864.162,"Mount",-0.041,0.132,-0.136,-0.025,-0.062,0.000,68,E,0,,,,590647,148.09,0
373,866.497,"Mount",-0.084,0.047,-0.081,0.053,-0.029,0.000,31,E,0,,,,619290,166.56,0
374,868.600,"Mount",-0.004,-0.072,0.062,0.037,0.033,0.000,36,W,0,,,,603263,144.00,0
375,870.936,"Mount",-0.040,0.085,-0.094,-0.004,-0.046,0.000,50,E,0,,,,609050,133.14,0
376,873.064,"Mount",-0.090,0.051,-0.087,0.056,-0.050,0.000,54,E,0,,,,603504,158.06,0
377,875.405,"Mount",0.069,0.072,-0.032,-0.095,-0.021,-0.034,23,E,15,N,,,588098,139.13,0
378,877.581,"Mount",0.077,0.094,-0.047,-0.112,-0.025,-0.042,27,E,18,N,,,583101,147.96,0
379,879.891,"Mount",-0.055,0.013,-0.037,0.043,-0.033,0.000,36,E,0,,,,547626,162.97,0
380,882.053,"Mount",-0.098,0.138,-0.167,0.023,-0.110,0.000,120,E,0,,,,588552,148.28,0
381,884.456,"Mount",-0.088,0.049,-0.084,0.055,-0.075,0.000,82,E,0,,,,675723,156.23,0
382,886.600,"Mount",-0.054,-0.102,0.065,0.095,-0.011,0.034,13,E,15,S,,,615833,147.61,0
383,888.995,"Mount",-0.162,-0.149,0.057,0.213,-0.035,0.078,38,E,33,S,,,636937,153.42,0
384,891.063,"Mount",0.028,0.016,-0.002,-0.032,-0.022,0.000,24,E,0,,,,579183,136.58,0
385,893.375,"Mount",0.039,0.021,-0.001,-0.044,-0.013,0.000,15,E,0,,,,601978,145.08,0
386,895.547,"Mount",0.093,0.030,0.017,-0.096,-0.006,-0.035,6,E,15,N,,,617300,148.69,0
387,897.971,"Mount",0.027,0.097,-0.073,-0.069,-0.034,-0.026,37,E,11,N,,,636836,153.43,0
388,900.018,"Mount",0.023,0.020,-0.007,-0.030,0.000,0.000,0,,0,,,,627580,148.67,0
389,902.337,"Mount",-0.025,0.004,-0.015,0.020,-0.007,0.000,7,E,0,,,,571399,145.66,0
390,904.477,"Mount",-0.009,0.092,-0.086,-0.034,-0.048,0.000,53,E,0,,,,580449,137.46,0
391,906.854,"Mount",0.067,0.019,0.014,-0.068,-0.012,-0.025,13,E,11,N,,,628434,166.02,0
392,909.081,"Mount",-0.108,0.039,-0.085,0.078,-0.054,0.027,59,E,12,S,,,577512,152.28,0
393,911.418,"Mount",-0.064,-0.004,-0.026,0.058,-0.024,0.000,26,E,0,,,,606406,177.26,0
394,913.487,"Mount",0.010,0.029,-0.021,-0.023,-0.024,0.000,27,E,0,,,,629964,153.59,0
395,915.825,"Mount",-0.002,-0.008,0.007,0.005,-0.031,0.000,34,E,0,,,,623155,172.60,0
396,917.983,"Mount",-0.092,0.056,-0.092,0.056,-0.072,0.000,78,E,0,,,,625783,142.87,0
397,920.321,"Mount",-0.023,-0.073,0.054,0.054,-0.032,0.000,35,E,0,,,,578123,132.33,0
398,922.500,"Mount",-0.025,0.125,-0.122,-0.035,-0.085,0.000,93,E,0,,,,620303,164.95,0
399,924.864,"Mount",-0.011,-0.078,0.064,0.046,-0.007,0.000,8,E,0,,,,627225,143.62,0
400,927.069,"Mount",-0.049,-0.036,0.009,0.060,-0.041,0.022,45,E,9,S,,,619691,145.66,0
401,929.548,"Mount",-0.257,-0.457,0.287,0.439,0.081,0.159,88,W,68,S,,,605455,171.21,0
402,931.777,"Mount",0.314,0.168,-0.005,-0.357,-0.040,-0.122,44,E,52,N,,,558850,126.25,0
403,934.227,"Mount",0.177,0.148,-0.050,-0.225,-0.042,-0.086,46,E,37,N,,,593047,167.20,0
404,936.356,"Mount",0.027,0.024,-0.009,-0.035,-0.031,0.000,34,E,0,,,,598877,139.20,0
405,938.735,"Mount",-0.033,-0.083,0.058,0.068,-0.025,0.024,28,E,10,S,,,612008,129.09,0
406,940.965,"Mount",0.019,-0.217,0.201,0.084,0.060,0.031,65,W,13,S,,,674521,165.88,0
407,943.244,"Mount",0.052,-0.011,0.034,-0.042,-0.019,0.000,21,E,0,,,,582741,143.95,0
408,945.349,"Mount",0.052,-0.044,0.063,-0.026,0.021,0.000,23,W,0,,,,604437,152.31,0
409,947.773,"Mount",0.094,-0.123,0.152,-0.027,0.083,0.000,90,W,0,,,,595777,130.03,0
410,949.908,"Mount",-0.043,-0.061,0.034,0.066,0.022,0.024,24,W,10,S,,,626811,192.62,0
411,952.239,"Mount",0.043,0.018,0.004,-0.047,0.030,0.000,33,W,0,,,,585465,134.76,0
412,954.361,"Mount",0.012,0.121,-0.102,-0.066,-0.023,-0.024,25,E,10,N,,,623946,156.69,0
413,956.757,"Mount",-0.075,-0.020,-0.017,0.075,0.005,0.026,6,W,11,S,,,639462,170.72,0
414,958.827,"Mount",0.026,0.021,-0.007,-0.033,-0.003,0.000,3,E,0,,,,580356,130.14,0
415,961.194,"Mount",-0.036,0.153,-0.153,-0.039,-0.094,0.000,102,E,0,,,,585408,144.86,0
416,963.418,"Mount",-0.111,0.117,-0.155,0.044,-0.105,0.000,114,E,0,,,,561971,140.60,0
417,965.912,"Mount",-0.013,0.156,-0.144,-0.060,-0.121,-0.022,132,E,9,N,,,614007,142.20,0
418,968.135,"Mount",-0.060,0.083,-0.101,0.015,-0.111,0.000,121,E,0,,,,583741,153.76,0
419,970.613,"Mount",0.065,0.034,0.000,-0.073,-0.071,-0.026,77,E,11,N,,,613584,134.69,0
420,972.838,"Mount",0.104,0.013,0.036,-0.098,-0.085,-0.036,93,E,16,N,,,571159,170.11,0
421,975.207,"Mount",0.047,0.007,0.016,-0.045,-0.094,0.000,103,E,0,,,,523721,138.83,0
422,977.274,"Mount",0.092,-0.173,0.196,-0.002,0.021,0.000,23,W,0,,,,627187,162.33,0
423,979.608,"Mount",0.019,-0.019,0.025,-0.008,-0.065,0.000,71,E,0,,,,611842,153.85,0
424,981.692,"Mount",0.065,-0.038,0.064,-0.040,-0.019,0.000,21,E,0,,,,647846,161.21,0
425,984.029,"Mount",0.051,-0.169,0.174,0.033,0.035,0.000,38,W,0,,,,634195,168.36,0
426,986.159,"Mount",0.063,-0.032,0.058,-0.041,-0.047,0.000,51,E,0,,,,639576,157.13,0
427,988.583,"Mount",-0.005,-0.211,0.185,0.102,0.046,0.037,51,W,16,S,,,642839,149.58,0
428,990.757,"Mount",0.012,-0.154,0.142,0.061,0.046,0.023,50,W,10,S,,,579820,149.48,0
429,993.111,"Mount",0.076,0.091,-0.046,-0.110,-0.002,-0.039,2,E,17,N,,,609611,162.91,0
430,995.190,"Mount",-0.061,-0.008,-0.021,0.058,0.011,0.000,12,W,0,,,,612205,162.12,0
431,997.574,"Mount",-0.136,0.002,-0.064,0.120,-0.008,0.043,9,E,18,S,,,587137,144.28,0
432,999.705,"Mount",0.021,0.007,0.004,-0.021,0.026,0.000,28,W,0,,,,591439,152.40,0
433,1002.147,"Mount",-0.046,-0.050,0.023,0.064,0.007,0.023,8,W,10,S,,,610519,150.11,0
434,1004.337,"Mount",-0.035,0.048,-0.059,0.009,-0.007,0.000,7,E,0,,,,605278,147.13,0
435,1006.717,"Mount",-0.047,0.130,-0.137,-0.018,-0.084,0.000,91,E,0,,,,559799,134.46,0
436,1008.832,"Mount",-0.013,0.003,-0.008,0.010,-0.033,0.000,36,E,0,,,,665792,162.26,0
437,1011.234,"Mount",-0.083,0.090,-0.118,0.032,-0.106,0.000,116,E,0,,,,549072,151.27,0
438,1013.399,"Mount",-0.042,0.087,-0.097,-0.003,-0.100,0.000,109,E,0,,,,620325,174.09,0
439,1015.860,"Mount",-0.023,0.113,-0.111,-0.032,-0.111,0.000,121,E,0,,,,569475,129.86,0
440,1018.058,"Mount",-0.030,0.136,-0.135,-0.036,-0.115,0.000,126,E,0,,,,550733,142.55,0
441,1020.492,"Mount",-0.052,-0.066,0.034,0.077,-0.051,0.028,56,E,12,S,,,622240,150.98,0
442,1022.660,"Mount",-0.081,-0.025,-0.015,0.084,-0.067,0.031,73,E,13,S,,,589878,153.18,0
443,1025.318,"Mount",0.108,0.366,-0.275,-0.264,-0.196,-0.094,213,E,40,N,,,597153,158.44,0
444,1027.442,"Mount",-0.028,0.038,-0.047,0.007,-0.052,0.000,57,E,0,,,,638200,145.84,0
445,1029.831,"Mount",-0.040,-0.010,-0.010,0.040,-0.057,0.000,63,E,0,,,,562615,137.00,0
446,1032.172,"Mount",-0.088,0.222,-0.237,-0.024,-0.183,0.000,199,E,0,,,,564197,146.08,0
447,1034.556,"Mount",-0.029,-0.041,0.023,0.045,-0.087,0.000,94,E,0,,,,536909,130.97,0
448,1036.798,"Mount",-0.075,0.127,-0.147,0.008,-0.161,0.000,175,E,0,,,,603989,150.11,0
449,1039.193,"Mount",-0.013,-0.053,0.041,0.036,-0.096,0.000,105,E,0,,,,628136,167.35,0
450,1041.365,"Mount",0.001,-0.047,0.042,0.021,-0.089,0.000,97,E,0,,,,629708,152.97,0
451,1043.826,"Mount",-0.098,-0.047,-0.004,0.109,-0.085,0.039,93,E,17,S,,,616806,158.72,0
452,1046.005,"Mount",-0.126,-0.169,0.092,0.190,-0.019,0.070,21,E,30,S,,,612176,151.93,0
453,1048.482,"Mount",0.090,0.084,-0.033,-0.119,-0.047,-0.040,51,E,17,N,,,640050,161.25,0
454,1050.752,"Mount",0.357,0.145,0.035,-0.383,-0.034,-0.140,37,E,60,N,,,579659,137.42,0
455,1053.129,"Mount",-0.125,-0.026,-0.034,0.123,-0.033,0.039,36,E,16,S,,,591074,138.58,0
456,1055.270,"Mount",-0.114,-0.072,0.011,0.135,-0.022,0.050,24,E,21,S,,,584875,133.62,0
457,1057.616,"Mount",-0.059,0.052,-0.073,0.029,-0.043,0.000,47,E,0,,,,636924,160.54,0
458,1059.717,"Mount",-0.007,-0.097,0.083,0.051,0.028,0.000,31,W,0,,,,590252,157.10,0
459,1062.026,"Mount",0.046,-0.003,0.024,-0.039,-0.014,0.000,15,E,0,,,,618093,152.17,0
460,1064.108,"Mount",0.017,-0.009,0.016,-0.011,-0.016,0.000,17,E,0,,,,605431,162.81,0
461,1066.568,"Mount",-0.272,0.012,-0.136,0.236,-0.077,0.085,84,E,36,S,,,627324,164.48,0
462,1068.732,"Mount",-0.127,-0.077,0.010,0.148,-0.014,0.057,15,E,24,S,,,642224,174.81,0
463,1071.134,"Mount",0.077,0.054,-0.013,-0.093,-0.039,-0.031,43,E,13,N,,,619552,138.89,0
464,1073.331,"Mount",0.160,0.054,0.025,-0.167,-0.036,-0.061,39,E,26,N,,,633396,143.63,0
465,1075.670,"Mount",0.011,0.066,-0.054,-0.041,-0.033,0.000,36,E,0,,,,615326,190.92,0
466,1077.868,"Mount",0.187,-0.117,0.189,-0.112,0.061,-0.040,66,W,17,N,,,626000,177.54,0
467,1080.311,"Mount",0.012,-0.154,0.142,0.061,0.046,0.020,50,W,9,S,,,567239,137.17,0
468,1082.407,"Mount",-0.113,0.090,-0.132,0.058,-0.050,0.000,55,E,0,,,,628114,145.19,0
469,1084.833,"Mount",-0.049,-0.162,0.122,0.118,0.067,0.042,74,W,18,S,,,618336,144.44,0
470,1086.962,"Mount",-0.083,-0.044,0.000,0.094,0.001,0.036,1,W,15,S,,,601381,155.61,0
471,1089.379,"Mount",0.166,0.002,0.075,-0.148,0.036,-0.052,40,W,22,N,,,651795,160.21,0
472,1091.618,"Mount",0.108,-0.072,0.114,-0.062,0.060,-0.024,66,W,10,N,,,569315,161.31,0
473,1093.973,"Mount",-0.058,-0.044,0.012,0.072,0.012,0.025,14,W,11,S,,,545221,135.33,0
474,1096.229,"Mount",-0.021,-0.173,0.144,0.099,0.086,0.037,93,W,16,S,,,622215,142.14,0
475,1098.616,"Mount",-0.136,-0.135,0.057,0.183,0.028,0.067,31,W,29,S,,,632347,144.42,0
476,1100.768,"Mount",0.102,0.056,-0.003,-0.116,0.031,-0.039,34,W,17,N,,,572310,162.23,0
477,1103.134,"Mount",0.082,-0.051,0.082,-0.049,0.077,0.000,84,W,0,,,,561619,124.59,0
478,1105.254,"Mount",0.016,-0.056,0.057,0.012,0.044,0.000,48,W,0,,,,605932,145.87,0
479,1107.719,"Mount",0.120,-0.070,0.117,-0.074,0.098,-0.027,106,W,11,N,,,576433,138.44,0
480,1109.866,"Mount",-0.002,0.064,-0.057,-0.028,0.046,0.000,50,W,0,,,,607248,150.75,0
481,1112.277,"Mount",0.036,-0.104,0.109,0.016,0.098,0.000,107,W,0,,,,657696,156.55,0
482,1114.502,"Mount",0.063,-0.064,0.086,-0.026,0.087,0.000,95,W,0,,,,583836,150.44,0
483,1116.826,"Mount",0.015,0.055,-0.042,-0.039,0.049,0.000,53,W,0,,,,586605,143.36,0
484,1118.975,"Mount",0.028,-0.000,0.013,-0.025,0.044,0.000,48,W,0,,,,595851,159.83,0
485,1121.284,"Mount",0.036,0.002,0.015,-0.033,0.051,0.000,56,W,0,,,,616875,162.33,0
486,1123.491,"Mount",0.091,0.028,0.017,-0.094,0.047,-0.034,51,W,14,N,,,661376,170.85,0
487,1125.886,"Mount",0.023,-0.089,0.090,0.020,0.092,0.000,100,W,0,,,,602865,175.95,0
488,1128.038,"Mount",0.021,0.101,-0.080,-0.065,0.009,-0.023,10,W,10,N,,,610197,171.51,0
489,1130.298,"Mount",-0.089,0.054,-0.089,0.054,-0.000,0.000,0,,0,,,,654874,146.14,0
490,1132.389,"Mount",-0.031,0.052,-0.061,0.004,0.001,0.000,1,W,0,,,,580542,146.21,0
491,1134.713,"Mount",-0.052,0.063,-0.079,0.017,-0.013,0.000,14,E,0,,,,617499,144.87,0
492,1136.780,"Mount",-0.041,-0.017,-0.003,0.044,-0.003,0.000,3,E,0,,,,596977,161.42,0
493,1139.114,"Mount",-0.021,0.060,-0.063,-0.009,-0.039,0.000,42,E,0,,,,615289,152.97,0
494,1141.284,"Mount",-0.045,-0.106,0.074,0.089,0.016,0.032,17,W,14,S,,,556124,143.11,0
495,1143.610,"Mount",0.030,-0.025,0.037,-0.015,-0.025,0.000,27,E,0,,,,589398,139.04,0
496,1145.725,"Mount",0.001,0.004,-0.003,-0.003,-0.017,0.000,18,E,0,,,,631226,172.72,0
497,1148.032,"Mount",-0.027,0.003,-0.015,0.022,-0.017,0.000,19,E,0,,,,576973,159.16,0
498,1150.145,"Mount",-0.015,0.056,-0.057,-0.012,-0.017,0.000,18,E,0,,,,554167,130.05,0
499,1152.471,"Mount",-0.055,-0.016,-0.011,0.056,-0.011,0.000,12,E,0,,,,595995,171.52,0
500,1154.653,"Mount",-0.040,-0.145,0.110,0.103,0.041,0.037,45,W,16,S,,,533597,144.10,0
501,1157.022,"Mount",0.011,0.069,-0.056,-0.042,-0.007,0.000,8,E,0,,,,547390,137.23,0
502,1159.079,"Mount",-0.042,-0.016,-0.005,0.045,-0.009,0.000,9,E,0,,,,618944,147.07,0
503,1161.427,"Mount",-0.056,0.010,-0.035,0.045,-0.009,0.000,10,E,0,,,,589486,180.70,0
504,1163.658,"Mount",-0.086,-0.077,0.029,0.112,-0.003,0.040,4,E,17,S,,,564327,129.45,0
505,1165.979,"Mount",0.031,-0.113,0.115,0.025,0.050,0.000,54,W,0,,,,645717,182.45,0
506,1168.239,"Mount",0.208,-0.129,0.210,-0.125,0.100,-0.045,109,W,19,N,,,640928,167.44,0
507,1170.540,"Mount",0.025,-0.053,0.059,0.002,0.017,0.000,19,W,0,,,,633346,176.65,0
508,1172.741,"Mount",-0.053,-0.119,0.081,0.102,0.075,0.037,82,W,16,S,,,622079,144.11,0
509,1175.221,"Mount",0.085,-0.274,0.283,0.052,0.183,0.000,199,W,0,,,,631616,180.76,0
510,1177.513,"Mount",-0.006,-0.204,0.178,0.100,0.147,0.036,160,W,15,S,,,634997,155.96,0
511,1179.890,"Mount",0.030,0.015,0.001,-0.033,0.084,0.000,91,W,0,,,,617029,130.34,0
512,1182.071,"Mount",-0.012,-0.071,0.058,0.044,0.099,0.000,108,W,0,,,,663933,168.54,0
513,1184.553,"Mount",0.065,0.055,-0.019,-0.084,0.105,-0.030,115,W,13,N,,,610460,154.61,0
514,1186.799,"Mount",-0.131,-0.032,-0.031,0.131,0.094,0.046,102,W,20,S,,,550274,151.67,0
515,1189.196,"Mount",-0.037,0.023,-0.037,0.022,0.084,0.000,91,W,0,,,,658208,148.83,0
516,1191.333,"Mount",-0.036,0.097,-0.103,-0.013,0.010,0.000,11,W,0,,,,638807,157.18,0
517,1193.652,"Mount",-0.063,0.110,-0.127,0.005,-0.018,0.000,20,E,0,,,,625443,162.81,0
518,1195.781,"Mount",-0.036,0.109,-0.113,-0.018,-0.029,0.000,32,E,0,,,,571447,137.47,0
519,1198.147,"Mount",-0.093,0.151,-0.177,0.012,-0.074,0.000,81,E,0,,,,583912,151.38,0
520,1200.237,"Mount",0.001,0.044,-0.039,-0.022,-0.006,0.000,6,E,0,,,,615692,143.59,0
521,1202.595,"Mount",-0.045,0.095,-0.105,-0.004,-0.063,0.000,68,E,0,,,,618830,153.16,0
522,1204.683,"Mount",-0.022,-0.042,0.027,0.039,-0.015,0.000,16,E,0,,,,558012,151.35,0
523,1207.208,"Mount",-0.374,-0.467,0.242,0.547,0.099,0.197,108,W,84,S,,,580003,159.05,0
524,1209.493,"Mount",0.256,0.357,-0.199,-0.392,-0.097,-0.133,106,E,57,N,,,551455,156.69,0
525,1211.895,"Mount",0.105,0.062,-0.007,-0.122,0.019,-0.049,20,W,21,N,,,641751,130.15,0
526,1213.992,"Mount",0.001,0.054,-0.048,-0.026,0.017,0.000,19,W,0,,,,619856,157.89,0
527,1216.280,"Mount",0.006,0.052,-0.043,-0.029,-0.004,0.000,5,E,0,,,,590195,155.62,0
528,1218.459,"Mount",-0.024,-0.127,0.102,0.080,0.040,0.029,43,W,12,S,,,555638,132.28,0
529,1220.820,"Mount",0.124,0.031,0.030,-0.124,-0.012,-0.044,13,E,19,N,,,603167,144.70,0
530,1222.987,"Mount",-0.111,-0.057,-0.000,0.125,-0.022,0.043,24,E,19,S,,,582980,152.13,0
531,1225.365,"Mount",-0.024,0.075,-0.078,-0.013,-0.069,0.000,75,E,0,,,,596212,147.55,0
532,1227.588,"Mount",-0.128,0.064,-0.116,0.083,-0.080,0.030,87,E,13,S,,,561537,135.48,0
533,1230.009,"Mount",0.037,0.068,-0.043,-0.064,-0.034,-0.022,37,E,9,N,,,610041,145.54,0
534,1232.136,"Mount",0.028,-0.047,0.055,-0.003,-0.044,0.000,48,E,0,,,,602292,166.30,0
535,1234.568,"Mount",0.130,-0.032,0.088,-0.101,-0.005,-0.036,5,E,16,N,,,612787,162.65,0
536,1236.667,"Mount",0.066,-0.006,0.035,-0.055,-0.033,0.000,36,E,0,,,,592987,146.06,0
537,1239.055,"Mount",0.085,-0.026,0.063,-0.063,0.002,-0.023,2,W,10,N,,,614026,142.70,0
538,1241.197,"Mount",0.007,0.018,-0.012,-0.014,-0.016,0.000,17,E,0,,,,637649,172.10,0
539,1243.480,"Mount",-0.021,0.018,-0.026,0.011,-0.011,0.000,12,E,0,,,,593702,135.96,0
540,1245.662,"Mount",0.058,0.023,0.006,-0.062,-0.010,-0.022,11,E,10,N,,,613917,148.37,0
541,1248.049,"Mount",-0.027,-0.127,0.101,0.083,0.033,0.029,36,W,12,S,,,594521,163.07,0
542,1250.207,"Mount",-0.114,-0.094,0.031,0.145,-0.015,0.053,16,E,23,S,,,594050,148.01,0
543,1252.544,"Mount",-0.059,0.080,-0.098,0.015,-0.064,0.000,70,E,0,,,,620330,153.19,0
544,1254.668,"Mount",-0.014,0.071,-0.070,-0.021,-0.054,0.000,59,E,0,,,,622205,143.14,0
545,1256.993,"Mount",0.023,-0.040,0.046,-0.002,-0.030,0.000,32,E,0,,,,606964,147.59,0
546,1259.175,"Mount",-0.050,0.135,-0.143,-0.018,-0.094,0.000,103,E,0,,,,572037,148.24,0
547,1261.500,"Mount",-0.004,0.045,-0.042,-0.017,-0.025,0.000,28,E,0,,,,574358,139.61,0
548,1263.574,"Mount",0.055,0.020,0.008,-0.058,-0.023,0.000,26,E,0,,,,596563,139.69,0
549,1265.987,"Mount",-0.068,-0.030,-0.004,0.074,-0.033,0.027,36,E,11,S,,,635793,155.27,0
550,1268.177,"Mount",0.229,-0.124,0.215,-0.146,0.065,-0.052,71,W,22,N,,,598386,155.73,0
551,1270.569,"Mount",-0.039,-0.172,0.135,0.114,0.027,0.039,29,W,17,S,,,618259,145.85,0
552,1272.731,"Mount",-0.033,-0.102,0.075,0.077,0.009,0.029,10,W,12,S,,,588387,157.50,0
553,1275.051,"Mount",0.003,0.031,-0.027,-0.017,-0.031,0.000,33,E,0,,,,618996,155.07,0
554,1277.168,"Mount",0.029,0.052,-0.033,-0.050,-0.026,0.000,28,E,0,,,,636388,154.34,0
555,1279.562,"Mount",0.054,0.070,-0.037,-0.080,-0.031,-0.029,33,E,12,N,,,641103,167.07,0
556,1281.707,"Mount",-0.044,-0.059,0.032,0.066,-0.037,0.023,40,E,10,S,,,632781,160.66,0
557,1284.067,"Mount",0.036,-0.004,0.020,-0.030,-0.033,0.000,36,E,0,,,,536253,134.69,0
558,1286.199,"Mount",0.069,-0.097,0.118,-0.016,0.029,0.000,32,W,0,,,,629234,136.94,0
559,1291.003,"Mount",0.437,-0.273,0.444,-0.261,0.188,-0.094,205,W,40,N,,,567897,139.97,0
INFO: SET LOCK POSITION, new lock pos = 687.010, 743.527
INFO: DITHER by 16.610, -1.846, new lock pos = 696.297, 729.634
INFO: SETTLING STATE CHANGE, Settling started
560,1293.588,"Mount",-0.066,-0.075,0.037,0.093,0.011,0.030,12,W,13,S,,,613209,199.88,0
561,1314.684,"Mount",-9.288,13.894,-16.610,1.846,-16.610,1.846,18112,E,790,S,,,590802,142.44,0
562,1317.974,"Mount",-1.517,0.996,-1.582,0.886,-0.712,0.319,776,E,136,S,,,611825,138.40,0
563,1320.738,"Mount",-1.177,0.536,-1.018,0.796,-0.458,0.299,499,E,128,S,,,619284,137.91,0
564,1323.510,"Mount",-0.540,0.610,-0.791,0.198,-0.356,0.083,388,E,36,S,,,589115,143.14,0
565,1326.008,"Mount",-0.423,0.503,-0.642,0.143,-0.289,0.055,315,E,23,S,,,575544,150.73,0
566,1328.497,"Mount",-0.236,0.364,-0.432,0.041,-0.194,0.000,212,E,0,,,,625856,155.21,0
567,1330.667,"Mount",-0.086,0.211,-0.227,-0.022,-0.102,0.000,111,E,0,,,,580580,133.80,0
568,1333.143,"Mount",0.055,0.237,-0.185,-0.158,-0.083,-0.057,91,E,24,N,,,594283,140.46,0
569,1335.388,"Mount",0.021,0.188,-0.157,-0.106,-0.071,-0.040,77,E,17,N,,,634874,164.24,0
570,1337.796,"Mount",-0.067,0.159,-0.172,-0.014,-0.077,0.000,84,E,0,,,,641067,139.63,0
571,1340.070,"Mount",-0.155,0.137,-0.193,0.074,-0.087,0.027,95,E,11,S,,,618457,148.27,0
572,1342.455,"Mount",-0.062,0.103,-0.120,0.007,-0.060,0.000,66,E,0,,,,593220,150.24,0
573,1344.591,"Mount",-0.081,-0.101,0.052,0.119,-0.021,0.043,23,E,18,S,,,592317,153.38,0
574,1347.006,"Mount",-0.209,-0.105,-0.003,0.234,-0.038,0.086,41,E,37,S,,,600264,141.36,0
575,1349.177,"Mount",-0.032,0.138,-0.137,-0.036,-0.107,0.000,117,E,0,,,,607535,145.62,0
576,1351.535,"Mount",0.064,-0.019,0.046,-0.048,-0.056,0.000,61,E,0,,,,571260,143.55,0
INFO: SETTLING STATE CHANGE, Settling complete
577,1353.644,"Mount",-0.001,-0.098,0.087,0.046,-0.014,0.000,15,E,0,,,,603895,144.12,0
578,1355.952,"Mount",0.085,-0.084,0.114,-0.037,0.001,0.000,1,W,0,,,,597982,139.79,0
579,1358.090,"Mount",-0.013,-0.112,0.093,0.063,-0.007,0.023,7,E,10,S,,,614185,146.91,0
580,1360.472,"Mount",0.047,-0.060,0.075,-0.014,-0.023,0.000,25,E,0,,,,584107,140.65,0
581,1362.658,"Mount",0.067,0.005,0.026,-0.062,-0.057,-0.022,63,E,10,N,,,578344,137.27,0
582,1365.026,"Mount",-0.041,-0.005,-0.014,0.039,-0.066,0.000,72,E,0,,,,599164,138.84,0
583,1367.175,"Mount",-0.021,0.052,-0.056,-0.005,-0.070,0.000,77,E,0,,,,608769,173.91,0
584,1369.487,"Mount",0.136,-0.135,0.183,-0.059,-0.002,0.000,2,E,0,,,,593282,135.43,0
585,1371.664,"Mount",0.028,-0.035,0.044,-0.009,-0.086,0.000,94,E,0,,,,580077,141.51,0
586,1374.105,"Mount",0.002,0.015,-0.013,-0.009,-0.094,0.000,103,E,0,,,,628657,140.35,0
587,1376.261,"Mount",0.025,0.014,-0.001,-0.028,-0.093,0.000,101,E,0,,,,633416,139.01,0
588,1378.739,"Mount",0.108,0.105,-0.044,-0.145,-0.089,-0.052,97,E,22,N,,,619623,154.59,0
589,1380.994,"Mount",0.060,0.111,-0.071,-0.104,-0.111,-0.040,122,E,17,N,,,559011,138.23,0
590,1383.486,"Mount",-0.118,0.015,-0.068,0.097,-0.099,0.033,108,E,14,S,,,623525,154.63,0
591,1385.775,"Mount",-0.208,0.139,-0.219,0.120,-0.150,0.045,163,E,19,S,,,657374,162.25,0
592,1388.209,"Mount",0.030,0.129,-0.100,-0.086,-0.086,-0.029,94,E,13,N,,,612871,154.32,0
593,1390.329,"Mount",0.008,0.043,-0.034,-0.027,-0.029,0.000,32,E,0,,,,620575,137.70,0
594,1392.707,"Mount",0.055,0.095,-0.059,-0.093,-0.032,-0.033,34,E,14,N,,,547144,122.83,0
595,1394.965,"Mount",-0.172,0.069,-0.141,0.120,-0.093,0.042,101,E,18,S,,,576051,138.54,0
596,1397.381,"Mount",-0.015,0.093,-0.089,-0.030,-0.075,0.000,82,E,0,,,,584053,146.37,0
597,1399.702,"Mount",-0.032,0.214,-0.204,-0.070,-0.129,-0.025,140,E,11,N,,,626576,175.89,0
598,1402.096,"Mount",-0.155,-0.092,0.010,0.180,-0.049,0.064,53,E,27,S,,,563578,137.97,0
599,1404.265,"Mount",-0.054,0.092,-0.106,0.005,-0.092,0.000,100,E,0,,,,625520,171.33,0
600,1406.661,"Mount",0.053,0.094,-0.059,-0.090,-0.044,-0.032,48,E,14,N,,,626375,175.62,0
601,1408.836,"Mount",-0.038,0.081,-0.089,-0.004,-0.080,0.000,87,E,0,,,,585346,147.29,0
602,1411.247,"Mount",-0.117,0.145,-0.183,0.036,-0.117,0.000,127,E,0,,,,619305,174.79,0
603,1413.402,"Mount",-0.098,0.083,-0.118,0.049,-0.067,0.000,74,E,0,,,,567417,128.99,0
604,1415.742,"Mount",-0.046,-0.018,-0.005,0.049,-0.006,0.000,6,E,0,,,,614041,141.46,0
605,1417.947,"Mount",0.073,0.132,-0.083,-0.126,-0.039,-0.045,43,E,19,N,,,574177,134.83,0
606,1420.366,"Mount",-0.065,-0.124,0.080,0.115,0.041,0.040,44,W,17,S,,,642103,164.41,0
607,1422.480,"Mount",0.025,-0.061,0.066,0.006,0.035,0.000,39,W,0,,,,590290,160.21,0
608,1424.818,"Mount",-0.031,0.011,-0.025,0.023,0.011,0.000,12,W,0,,,,592184,145.59,0
609,1427.006,"Mount",-0.092,-0.033,-0.013,0.096,0.015,0.035,16,W,15,S,,,620265,157.84,0
610,1429.500,"Mount",-0.188,0.228,-0.289,0.062,-0.111,0.024,122,E,10,S,,,587367,139.73,0
611,1431.661,"Mount",0.057,0.061,-0.028,-0.079,0.020,-0.027,22,W,12,N,,,610391,143.36,0
612,1433.984,"Mount",0.038,0.043,-0.021,-0.053,0.011,0.000,12,W,0,,,,592959,145.58,0
613,1436.085,"Mount",-0.033,0.028,-0.039,0.016,0.016,0.000,17,W,0,,,,593882,131.91,0
614,1438.533,"Mount",-0.063,-0.156,0.109,0.128,0.072,0.046,79,W,20,S,,,609612,161.52,0
615,1440.712,"Mount",-0.129,-0.003,-0.057,0.116,0.028,0.044,30,W,19,S,,,591410,167.80,0
616,1443.134,"Mount",0.082,0.204,-0.143,-0.167,-0.025,-0.058,27,E,25,N,,,582617,153.89,0
617,1445.255,"Mount",0.021,0.074,-0.056,-0.053,0.043,0.000,47,W,0,,,,589968,142.79,0
618,1447.645,"Mount",-0.018,0.210,-0.195,-0.081,-0.049,-0.029,54,E,12,N,,,578388,142.44,0
619,1449.768,"Mount",-0.077,0.019,-0.052,0.060,0.046,0.000,50,W,0,,,,614058,153.99,0
620,1452.083,"Mount",-0.094,0.114,-0.145,0.031,-0.015,0.000,17,E,0,,,,601174,150.39,0
621,1454.218,"Mount",-0.006,0.061,-0.057,-0.023,0.049,0.000,54,W,0,,,,562286,133.12,0
622,1456.565,"Mount",-0.019,0.048,-0.051,-0.005,0.051,0.000,55,W,0,,,,605693,148.63,0
623,1458.667,"Mount",-0.024,0.035,-0.042,0.005,0.048,0.000,53,W,0,,,,617956,148.82,0
624,1461.046,"Mount",-0.136,0.029,-0.088,0.107,0.008,0.039,9,W,17,S,,,579608,139.73,0
625,1463.229,"Mount",0.082,0.026,0.014,-0.085,0.044,-0.029,48,W,12,N,,,666891,180.85,0
626,1465.652,"Mount",0.147,-0.003,0.071,-0.129,0.071,-0.048,77,W,20,N,,,666866,147.69,0
627,1467.823,"Mount",-0.109,-0.059,0.003,0.124,0.032,0.043,35,W,18,S,,,599202,151.89,0
628,1470.176,"Mount",0.077,-0.044,0.075,-0.048,0.060,0.000,66,W,0,,,,564238,134.92,0
629,1472.328,"Mount",0.121,-0.109,0.152,-0.057,0.091,0.000,99,W,0,,,,584327,137.53,0
630,1474.710,"Mount",-0.040,-0.002,-0.017,0.036,0.018,0.000,20,W,0,,,,597240,159.07,0
631,1476.916,"Mount",0.079,0.000,0.036,-0.070,0.016,-0.025,17,W,11,N,,,584307,156.89,0
632,1479.221,"Mount",0.042,-0.019,0.036,-0.029,0.008,0.000,9,W,0,,,,589339,132.41,0
633,1481.386,"Mount",0.017,-0.063,0.064,0.014,0.033,0.000,36,W,0,,,,607598,142.03,0
634,1483.768,"Mount",0.002,-0.137,0.123,0.061,0.051,0.022,56,W,9,S,,,608456,145.26,0
635,1485.827,"Mount",-0.012,-0.037,0.028,0.027,-0.007,0.000,8,E,0,,,,615147,189.29,0
636,1488.118,"Mount",0.020,-0.031,0.037,-0.004,-0.013,0.000,14,E,0,,,,541684,123.92,0
637,1490.349,"Mount",0.000,-0.223,0.198,0.103,0.077,0.037,84,W,16,S,,,599772,142.34,0
638,1492.791,"Mount",-0.138,0.090,-0.143,0.081,-0.081,0.031,88,E,13,S,,,566599,132.54,0
639,1494.867,"Mount",0.027,-0.057,0.063,0.003,0.013,0.000,14,W,0,,,,569455,126.21,0
640,1497.169,"Mount",-0.041,-0.029,0.007,0.050,-0.010,0.000,11,E,0,,,,617745,153.64,0
641,1499.223,"Mount",0.000,0.035,-0.031,-0.017,-0.007,0.000,8,E,0,,,,602882,140.32,0
642,1501.465,"Mount",0.036,0.021,-0.002,-0.042,-0.000,0.000,0,,0,,,,597533,163.76,0
643,1503.611,"Mount",-0.045,0.167,-0.169,-0.037,-0.069,0.000,75,E,0,,,,665305,145.03,0
644,1506.021,"Mount",0.105,0.012,0.038,-0.099,0.018,-0.036,20,W,15,N,,,621327,148.65,0
645,1508.228,"Mount",-0.026,-0.158,0.128,0.096,0.076,0.033,83,W,14,S,,,571719,125.68,0
646,1510.542,"Mount",-0.031,-0.016,0.000,0.035,0.034,0.000,37,W,0,,,,543289,131.87,0
647,1512.677,"Mount",0.002,0.133,-0.117,-0.063,-0.002,-0.023,2,E,10,N,,,598812,137.80,0
648,1515.040,"Mount",-0.107,0.193,-0.221,0.006,-0.033,0.000,35,E,0,,,,631366,165.03,0
649,1517.222,"Mount",-0.081,0.003,-0.040,0.070,0.066,0.025,72,W,11,S,,,622595,153.95,0
650,1519.591,"Mount",-0.024,-0.052,0.036,0.045,0.077,0.000,84,W,0,,,,559933,128.66,0
651,1521.801,"Mount",0.119,0.022,0.035,-0.115,0.073,-0.042,80,W,18,N,,,613574,161.28,0
652,1524.186,"Mount",-0.069,0.030,-0.059,0.047,0.078,0.000,85,W,0,,,,610488,148.87,0
653,1526.260,"Mount",-0.102,0.151,-0.181,0.021,-0.011,0.000,12,E,0,,,,604195,144.24,0
654,1528.720,"Mount",-0.072,-0.116,0.070,0.117,0.102,0.042,112,W,18,S,,,561888,150.10,0
655,1530.887,"Mount",0.046,-0.056,0.071,-0.015,0.086,0.000,94,W,0,,,,577631,135.37,0
656,1533.223,"Mount",0.014,0.098,-0.080,-0.058,-0.005,0.000,5,E,0,,,,582238,148.26,0
657,1535.454,"Mount",0.202,-0.003,0.095,-0.178,0.055,-0.064,60,W,27,N,,,550129,135.93,0
658,1537.773,"Mount",0.020,-0.118,0.115,0.037,0.051,0.000,55,W,0,,,,606569,146.95,0
659,1540.015,"Mount",0.036,-0.213,0.205,0.066,0.087,0.024,95,W,10,S,,,580470,149.38,0
660,1542.427,"Mount",0.051,-0.192,0.193,0.043,0.097,0.000,106,W,0,,,,540861,137.22,0
661,1544.653,"Mount",-0.067,-0.249,0.190,0.175,0.096,0.063,105,W,27,S,,,559993,142.65,0
662,1547.171,"Mount",-0.019,-0.226,0.192,0.121,0.115,0.046,125,W,20,S,,,583647,147.55,0
663,1549.365,"Mount",-0.093,-0.034,-0.013,0.098,0.031,0.037,34,W,16,S,,,543607,154.26,0
664,1551.743,"Mount",0.025,0.109,-0.085,-0.073,-0.012,-0.025,13,E,11,N,,,600597,167.77,0
665,1553.847,"Mount",-0.003,0.101,-0.091,-0.044,-0.020,0.000,22,E,0,,,,575449,133.06,0
666,1556.223,"Mount",0.102,0.109,-0.050,-0.141,0.012,-0.051,13,W,22,N,,,574219,161.20,0
667,1558.331,"Mount",0.039,0.022,-0.001,-0.045,-0.018,0.000,19,E,0,,,,577396,148.84,0
668,1560.666,"Mount",0.045,0.036,-0.011,-0.057,-0.027,0.000,29,E,0,,,,577856,134.97,0
669,1562.762,"Mount",-0.045,0.006,-0.026,0.037,-0.037,0.000,40,E,0,,,,576483,174.86,0
670,1565.099,"Mount",0.021,0.038,-0.024,-0.036,-0.045,0.000,49,E,0,,,,580862,134.24,0
671,1567.297,"Mount",-0.069,-0.049,0.011,0.084,-0.042,0.030,46,E,13,S,,,569285,127.37,0
672,1569.729,"Mount",0.131,-0.013,0.072,-0.111,-0.013,-0.039,15,E,17,N,,,576976,140.23,0
673,1571.935,"Mount",0.114,-0.046,0.094,-0.080,0.007,-0.030,8,W,13,N,,,573507,138.72,0
674,1574.230,"Mount",-0.004,-0.119,0.104,0.059,0.013,0.000,14,W,0,,,,557844,130.92,0
675,1576.393,"Mount",-0.052,0.051,-0.069,0.023,-0.060,0.000,65,E,0,,,,592312,130.49,0
676,1578.730,"Mount",-0.084,0.032,-0.067,0.059,-0.046,0.000,50,E,0,,,,550666,133.49,0
677,1580.810,"Mount",0.032,-0.007,0.021,-0.025,-0.011,0.000,12,E,0,,,,574174,144.74,0
678,1583.112,"Mount",0.011,0.031,-0.022,-0.024,-0.015,0.000,16,E,0,,,,581364,165.29,0
679,1585.200,"Mount",0.004,0.037,-0.032,-0.021,-0.015,0.000,17,E,0,,,,592373,155.63,0
680,1587.552,"Mount",-0.042,-0.124,0.090,0.094,0.023,0.034,25,W,15,S,,,611655,162.57,0
681,1589.710,"Mount",-0.079,-0.115,0.066,0.124,0.010,0.046,11,W,20,S,,,543105,137.88,0
682,1592.098,"Mount",0.062,0.087,-0.049,-0.095,-0.021,-0.032,22,E,14,N,,,527278,132.32,0
683,1594.279,"Mount",0.128,0.092,-0.023,-0.156,-0.025,-0.057,27,E,25,N,,,562257,144.35,0
684,1596.631,"Mount",0.098,-0.028,0.070,-0.075,0.005,-0.029,5,W,12,N,,,539543,130.16,0
685,1598.794,"Mount",-0.098,0.005,-0.049,0.085,-0.024,0.029,26,E,13,S,,,531408,159.51,0
686,1601.179,"Mount",-0.111,0.093,-0.134,0.055,-0.082,0.000,90,E,0,,,,565587,147.72,0
687,1603.405,"Mount",-0.109,0.020,-0.068,0.087,-0.048,0.031,53,E,13,S,,,571881,148.75,0
688,1605.731,"Mount",-0.062,0.026,-0.052,0.043,-0.016,0.000,17,E,0,,,,565036,127.74,0
689,1607.875,"Mount",-0.103,-0.027,-0.023,0.104,-0.020,0.037,22,E,16,S,,,564041,159.94,0
690,1610.296,"Mount",0.016,0.116,-0.096,-0.068,-0.066,-0.023,72,E,10,N,,,575282,129.28,0
691,1612.505,"Mount",-0.092,-0.017,-0.028,0.089,-0.029,0.031,32,E,13,S,,,577738,186.26,0
692,1614.863,"Mount",-0.005,-0.020,0.016,0.014,-0.038,0.000,41,E,0,,,,529607,139.92,0
693,1617.169,"Mount",-0.174,0.138,-0.203,0.090,-0.132,0.033,144,E,14,S,,,558554,150.36,0
694,1619.490,"Mount",0.043,0.024,-0.001,-0.050,-0.042,0.000,46,E,0,,,,533836,141.79,0
695,1621.625,"Mount",0.019,-0.044,0.048,0.004,-0.034,0.000,37,E,0,,,,544095,135.73,0
696,1623.909,"Mount",-0.014,-0.075,0.060,0.047,0.002,0.000,2,W,0,,,,561274,153.73,0
697,1626.084,"Mount",0.063,-0.237,0.239,0.053,0.097,0.000,106,W,0,,,,563109,158.57,0
698,1628.494,"Mount",-0.092,0.024,-0.064,0.071,-0.021,0.025,23,E,11,S,,,543679,153.78,0
699,1630.570,"Mount",0.013,0.078,-0.064,-0.047,-0.011,0.000,12,E,0,,,,539945,132.19,0
700,1632.893,"Mount",-0.056,-0.003,-0.023,0.051,0.029,0.000,31,W,0,,,,526962,145.13,0
701,1634.999,"Mount",-0.008,0.034,-0.034,-0.009,0.031,0.000,34,W,0,,,,543272,138.78,0
702,1637.300,"Mount",0.005,0.088,-0.076,-0.045,-0.019,0.000,20,E,0,,,,515121,126.49,0
703,1639.428,"Mount",-0.098,0.092,-0.127,0.044,-0.056,0.000,61,E,0,,,,521282,129.35,0
704,1641.752,"Mount",0.074,-0.146,0.163,0.001,0.065,0.000,71,W,0,,,,493096,142.92,0
705,1643.916,"Mount",0.071,0.044,-0.006,-0.083,-0.016,-0.030,18,E,13,N,,,515792,152.02,0
706,1646.253,"Mount",0.009,0.036,-0.028,-0.025,-0.024,0.000,27,E,0,,,,501934,128.49,0
707,1648.444,"Mount",-0.096,0.040,-0.079,0.067,-0.056,0.024,62,E,10,S,,,499988,151.61,0
708,1650.784,"Mount",0.013,-0.005,0.010,-0.009,-0.028,0.000,30,E,0,,,,501215,133.41,0
709,1652.963,"Mount",-0.100,0.028,-0.071,0.076,-0.067,0.027,73,E,12,S,,,497818,142.00,0
710,1655.316,"Mount",-0.016,-0.020,0.010,0.024,-0.045,0.000,49,E,0,,,,503112,124.53,0
711,1657.388,"Mount",0.037,-0.083,0.091,0.006,-0.003,0.000,3,E,0,,,,484456,118.69,0
712,1659.709,"Mount",0.055,-0.068,0.086,-0.018,-0.008,0.000,9,E,0,,,,517481,144.69,0
713,1661.892,"Mount",0.071,-0.002,0.034,-0.062,-0.044,-0.022,48,E,10,N,,,495669,126.60,0
714,1664.308,"Mount",0.130,0.007,0.053,-0.119,-0.045,-0.044,49,E,19,N,,,528817,150.45,0
715,1666.429,"Mount",0.031,-0.047,0.056,-0.005,-0.049,0.000,53,E,0,,,,497705,128.36,0
716,1668.865,"Mount",-0.225,-0.048,-0.061,0.222,-0.080,0.080,87,E,34,S,,,492362,167.20,0
717,1671.048,"Mount",0.064,0.023,0.009,-0.067,-0.038,-0.021,42,E,9,N,,,500777,122.52,0
718,1673.400,"Mount",-0.009,0.025,-0.026,-0.004,-0.041,0.000,45,E,0,,,,521489,137.41,0
719,1675.563,"Mount",0.109,0.075,-0.016,-0.132,-0.036,-0.047,39,E,20,N,,,486063,149.25,0
720,1677.946,"Mount",-0.059,0.150,-0.160,-0.017,-0.094,0.000,102,E,0,,,,512518,129.19,0
721,1680.156,"Mount",-0.096,0.184,-0.208,0.000,-0.099,0.000,108,E,0,,,,502499,130.00,0
722,1682.567,"Mount",0.017,0.101,-0.082,-0.062,-0.045,-0.022,49,E,10,N,,,468058,126.51,0
723,1684.669,"Mount",-0.047,0.054,-0.070,0.017,-0.029,0.000,32,E,0,,,,468724,120.85,0
724,1687.105,"Mount",-0.135,0.064,-0.119,0.090,-0.059,0.032,65,E,14,S,,,489578,134.64,0
725,1689.290,"Mount",-0.128,0.045,-0.099,0.093,-0.058,0.035,63,E,15,S,,,495321,134.15,0
726,1691.735,"Mount",-0.105,0.044,-0.088,0.072,-0.069,0.027,75,E,12,S,,,512349,130.60,0
727,1693.929,"Mount",-0.072,-0.064,0.024,0.094,-0.035,0.035,38,E,15,S,,,500703,136.11,0
728,1696.339,"Mount",0.002,0.075,-0.066,-0.037,-0.076,0.000,83,E,0,,,,521311,132.44,0
729,1698.505,"Mount",0.150,-0.057,0.119,-0.107,0.026,-0.038,28,W,16,N,,,535802,146.71,0
730,1700.878,"Mount",0.122,-0.017,0.071,-0.100,0.015,-0.038,17,W,16,N,,,521983,146.75,0
731,1703.031,"Mount",0.056,0.058,-0.026,-0.077,-0.015,-0.029,17,E,12,N,,,520519,129.92,0
732,1705.404,"Mount",-0.051,-0.042,0.014,0.065,-0.025,0.022,27,E,9,S,,,511474,141.10,0
733,1707.535,"Mount",-0.040,-0.007,-0.012,0.038,-0.043,0.000,47,E,0,,,,515321,139.41,0
734,1709.943,"Mount",0.052,-0.167,0.172,0.031,0.025,0.000,27,W,0,,,,546115,128.46,0
735,1712.126,"Mount",0.075,-0.092,0.116,-0.024,-0.011,0.000,13,E,0,,,,507830,124.32,0
736,1714.591,"Mount",-0.080,0.147,-0.168,0.003,-0.150,0.000,164,E,0,,,,513212,144.72,0
737,1716.733,"Mount",-0.045,0.016,-0.035,0.033,-0.073,0.000,80,E,0,,,,500051,123.23,0
738,1719.120,"Mount",-0.040,-0.168,0.131,0.113,-0.022,0.041,24,E,17,S,,,540494,147.19,0
739,1721.268,"Mount",-0.029,-0.054,0.034,0.051,-0.075,0.000,82,E,0,,,,514831,123.28,0
740,1723.710,"Mount",-0.011,-0.005,-0.001,0.012,-0.100,0.000,109,E,0,,,,511341,143.85,0
741,1725.912,"Mount",0.133,0.001,0.060,-0.118,-0.073,-0.043,79,E,18,N,,,553579,143.29,0
742,1728.306,"Mount",-0.047,0.030,-0.048,0.028,-0.085,0.000,92,E,0,,,,544267,147.97,0
743,1730.525,"Mount",-0.060,0.069,-0.089,0.021,-0.113,0.000,123,E,0,,,,466672,129.01,0
744,1732.928,"Mount",-0.120,-0.022,-0.036,0.117,-0.063,0.042,68,E,18,S,,,505632,132.05,0
745,1735.242,"Mount",0.008,0.152,-0.132,-0.077,-0.111,-0.026,121,E,11,N,,,507252,134.25,0
746,1737.617,"Mount",-0.029,0.107,-0.108,-0.024,-0.107,0.000,117,E,0,,,,475612,143.34,0
747,1739.749,"Mount",-0.015,0.017,-0.022,0.005,-0.050,0.000,54,E,0,,,,501001,118.90,0
748,1742.209,"Mount",-0.154,-0.002,-0.069,0.138,-0.093,0.050,101,E,21,S,,,508500,133.25,0
749,1744.465,"Mount",-0.140,0.066,-0.123,0.094,-0.115,0.036,125,E,15,S,,,493051,138.84,0
750,1746.802,"Mount",-0.069,0.029,-0.058,0.048,-0.057,0.000,62,E,0,,,,482423,124.61,0
751,1749.064,"Mount",0.018,0.109,-0.089,-0.067,-0.090,-0.024,98,E,10,N,,,485372,133.30,0
752,1751.567,"Mount",-0.228,0.039,-0.139,0.184,-0.105,0.065,115,E,28,S,,,492414,141.89,0
753,1753.905,"Mount",-0.403,-0.019,-0.169,0.366,-0.115,0.134,125,E,58,S,,,497218,144.09,0
754,1756.332,"Mount",-0.159,-0.176,0.083,0.223,0.001,0.086,2,W,37,S,,,454154,120.18,0
755,1758.509,"Mount",-0.026,0.025,-0.034,0.012,-0.028,0.000,30,E,0,,,,477757,151.96,0
756,1760.888,"Mount",-0.059,-0.032,0.001,0.067,-0.025,0.024,28,E,10,S,,,455764,134.90,0
757,1763.056,"Mount",-0.111,-0.135,0.069,0.161,0.020,0.059,22,W,25,S,,,436397,114.19,0
758,1765.396,"Mount",-0.105,-0.049,-0.005,0.116,-0.007,0.044,8,E,19,S,,,476863,117.36,0
759,1767.467,"Mount",0.004,-0.007,0.008,0.000,-0.005,0.000,5,E,0,,,,446570,127.30,0
760,1769.747,"Mount",0.049,-0.035,0.053,-0.027,-0.001,0.000,1,E,0,,,,448456,133.12,0
761,1771.830,"Mount",0.016,0.019,-0.010,-0.023,-0.003,0.000,4,E,0,,,,470563,137.90,0
762,1774.197,"Mount",0.178,0.026,0.059,-0.170,0.001,-0.061,1,W,26,N,,,426044,127.28,0
763,1776.349,"Mount",0.063,-0.115,0.131,-0.003,0.065,0.000,71,W,0,,,,443635,123.71,0
764,1778.747,"Mount",-0.159,0.059,-0.125,0.114,-0.046,0.041,51,E,17,S,,,480162,137.96,0
765,1780.894,"Mount",-0.088,-0.021,-0.022,0.088,0.011,0.033,12,W,14,S,,,423163,126.09,0
766,1783.253,"Mount",-0.118,0.140,-0.179,0.040,-0.068,0.000,74,E,0,,,,452622,161.47,0
767,1785.374,"Mount",0.003,-0.069,0.063,0.030,0.045,0.000,49,W,0,,,,453659,117.68,0
768,1787.757,"Mount",-0.134,-0.074,0.004,0.153,0.017,0.055,18,W,24,S,,,443072,123.60,0
769,1789.941,"Mount",0.097,-0.158,0.185,-0.013,0.102,0.000,111,W,0,,,,467046,144.09,0
770,1792.369,"Mount",0.087,0.074,-0.025,-0.111,0.029,-0.040,32,W,17,N,,,469895,144.17,0
771,1794.578,"Mount",0.095,-0.029,0.069,-0.071,0.064,-0.027,70,W,12,N,,,461077,122.52,0
772,1796.927,"Mount",-0.010,0.025,-0.027,-0.003,0.046,0.000,50,W,0,,,,476230,144.22,0
773,1799.135,"Mount",-0.196,0.341,-0.393,0.017,-0.129,0.000,140,E,0,,,,436685,115.45,0
774,1801.428,"Mount",-0.058,0.057,-0.077,0.025,0.022,0.000,25,W,0,,,,446395,117.68,0
775,1803.556,"Mount",-0.135,0.047,-0.104,0.099,-0.000,0.035,0,,15,S,,,437071,128.06,0
776,1806.049,"Mount",-0.055,-0.029,0.001,0.062,0.052,0.024,57,W,10,S,,,451320,147.30,0
777,1808.252,"Mount",0.101,0.017,0.031,-0.097,0.046,-0.034,50,W,15,N,,,432775,126.43,0
778,1810.591,"Mount",-0.025,-0.073,0.054,0.056,0.041,0.000,44,W,0,,,,485636,132.64,0
779,1812.843,"Mount",-0.195,0.226,-0.290,0.069,-0.091,0.025,99,E,11,S,,,486074,128.02,0
780,1815.208,"Mount",0.075,0.018,0.018,-0.075,0.039,-0.026,42,W,11,N,,,512358,124.57,0
781,1817.417,"Mount",0.112,-0.062,0.106,-0.071,0.072,-0.026,79,W,11,N,,,522192,143.19,0
782,1819.873,"Mount",-0.059,-0.190,0.141,0.140,0.083,0.049,91,W,21,S,,,533035,141.68,0
783,1822.072,"Mount",0.112,-0.036,0.084,-0.082,0.060,-0.028,66,W,12,N,,,508222,130.21,0
784,1824.571,"Mount",0.413,0.026,0.167,-0.378,0.090,-0.137,98,W,59,N,,,509165,138.47,0
785,1826.720,"Mount",0.015,-0.154,0.144,0.058,0.079,0.000,86,W,0,,,,529085,141.56,0
786,1829.226,"Mount",-0.187,-0.330,0.207,0.318,0.101,0.115,110,W,49,S,,,556808,157.40,0
787,1831.447,"Mount",0.039,-0.222,0.215,0.068,0.095,0.029,104,W,12,S,,,500413,162.98,0
788,1833.823,"Mount",0.069,0.092,-0.050,-0.104,0.000,-0.036,0,,16,N,,,489119,119.77,0
789,1836.003,"Mount",0.047,0.109,-0.075,-0.092,-0.033,-0.034,36,E,15,N,,,522528,164.61,0
790,1838.325,"Mount",-0.010,-0.105,0.089,0.057,0.028,0.000,30,W,0,,,,519879,121.14,0
791,1840.560,"Mount",-0.039,-0.223,0.180,0.138,0.072,0.050,79,W,21,S,,,509530,126.20,0
792,1842.884,"Mount",-0.039,-0.067,0.042,0.065,-0.012,0.026,13,E,11,S,,,510818,126.36,0
793,1844.981,"Mount",0.019,0.050,-0.036,-0.040,-0.014,0.000,15,E,0,,,,551865,138.11,0
794,1847.371,"Mount",0.031,0.102,-0.076,-0.074,-0.040,-0.027,43,E,11,N,,,528522,148.14,0
795,1849.449,"Mount",0.078,0.003,0.033,-0.070,0.000,-0.026,0,,11,N,,,505699,125.98,0
796,1851.739,"Mount",0.018,0.028,-0.016,-0.029,0.002,0.000,2,W,0,,,,510180,135.12,0
797,1853.920,"Mount",-0.027,-0.081,0.060,0.061,0.013,0.022,14,W,9,S,,,545679,163.91,0
798,1856.246,"Mount",-0.063,0.013,-0.040,0.050,0.026,0.000,29,W,0,,,,545916,131.17,0
799,1858.336,"Mount",0.036,0.023,-0.004,-0.042,0.035,0.000,38,W,0,,,,495061,128.54,0
800,1860.669,"Mount",0.051,-0.019,0.040,-0.037,0.045,0.000,49,W,0,,,,507129,130.33,0
801,1862.821,"Mount",0.062,0.103,-0.063,-0.103,0.022,-0.037,24,W,16,N,,,462512,128.39,0
802,1865.165,"Mount",-0.052,0.009,-0.032,0.042,0.060,0.000,66,W,0,,,,446619,113.31,0
803,1867.357,"Mount",-0.238,0.120,-0.216,0.156,-0.034,0.056,37,E,24,S,,,475238,149.28,0
804,1869.747,"Mount",0.009,0.001,0.003,-0.009,0.077,0.000,84,W,0,,,,466494,163.65,0
805,1871.957,"Mount",-0.091,0.011,-0.052,0.076,0.070,0.027,76,W,12,S,,,399242,118.21,0
806,1874.325,"Mount",-0.041,-0.031,0.009,0.050,0.068,0.000,74,W,0,,,,450176,147.44,0
807,1876.411,"Mount",-0.064,0.089,-0.108,0.016,0.013,0.000,14,W,0,,,,428652,140.73,0
808,1878.783,"Mount",-0.004,0.023,-0.022,-0.007,0.060,0.000,65,W,0,,,,415298,130.23,0
809,1880.989,"Mount",0.140,0.032,0.036,-0.139,0.045,-0.050,49,W,21,N,,,434725,129.44,0
810,1883.507,"Mount",-0.025,-0.091,0.069,0.064,0.067,0.021,73,W,9,S,,,418613,114.36,0
811,1885.705,"Mount",0.088,-0.144,0.168,-0.012,0.098,0.000,107,W,0,,,,419979,118.39,0
812,1888.238,"Mount",0.062,-0.337,0.327,0.101,0.167,0.036,183,W,16,S,,,435439,140.08,0
813,1890.516,"Mount",0.258,-0.139,0.242,-0.165,0.129,-0.058,140,W,25,N,,,440244,133.97,0
814,1893.065,"Mount",-0.031,-0.265,0.221,0.150,0.129,0.052,141,W,22,S,,,466131,135.45,0
815,1895.168,"Mount",-0.005,0.038,-0.036,-0.013,0.026,0.000,28,W,0,,,,440264,119.14,0
816,1897.537,"Mount",0.026,-0.108,0.108,0.027,0.071,0.000,77,W,0,,,,461009,124.11,0
817,1899.783,"Mount",-0.129,-0.174,0.095,0.195,0.052,0.070,57,W,30,S,,,502431,137.12,0
818,1902.086,"Mount",-0.006,0.033,-0.032,-0.010,-0.002,0.000,3,E,0,,,,481500,141.52,0
819,1904.263,"Mount",0.028,0.084,-0.062,-0.064,-0.035,-0.023,39,E,10,N,,,519647,158.21,0
820,1906.686,"Mount",0.058,0.041,-0.010,-0.070,-0.011,-0.026,12,E,11,N,,,501148,126.69,0
821,1908.911,"Mount",0.041,0.081,-0.053,-0.073,-0.017,-0.027,19,E,12,N,,,474488,127.54,0
822,1911.308,"Mount",0.085,0.101,-0.050,-0.122,-0.026,-0.045,29,E,19,N,,,486812,135.38,0
823,1913.495,"Mount",-0.087,-0.205,0.142,0.172,0.031,0.060,33,W,26,S,,,462527,125.84,0
824,1915.804,"Mount",-0.041,-0.017,-0.004,0.045,-0.037,0.000,40,E,0,,,,520107,131.42,0
825,1917.907,"Mount",0.005,-0.042,0.040,0.015,-0.028,0.000,30,E,0,,,,497917,135.92,0
826,1920.205,"Mount",0.037,-0.004,0.021,-0.031,-0.027,0.000,30,E,0,,,,506742,130.18,0
827,1922.349,"Mount",-0.075,0.074,-0.100,0.032,-0.071,0.000,78,E,0,,,,513710,131.53,0
828,1924.690,"Mount",0.086,-0.090,0.119,-0.034,0.029,0.000,32,W,0,,,,497291,141.49,0
829,1926.809,"Mount",-0.020,0.058,-0.061,-0.009,-0.055,0.000,60,E,0,,,,506177,129.61,0
830,1929.190,"Mount",-0.084,-0.015,-0.026,0.082,-0.025,0.029,28,E,13,S,,,541980,133.65,0
831,1931.346,"Mount",-0.073,-0.082,0.039,0.103,-0.019,0.038,21,E,16,S,,,533178,143.88,0
832,1933.722,"Mount",0.104,-0.002,0.049,-0.091,-0.015,-0.031,16,E,13,N,,,526278,134.43,0
833,1935.906,"Mount",0.000,-0.165,0.147,0.076,0.053,0.026,58,W,11,S,,,471799,115.88,0
834,1938.295,"Mount",0.213,0.009,0.090,-0.194,0.029,-0.069,32,W,29,N,,,505244,130.98,0
835,1940.458,"Mount",-0.058,-0.121,0.081,0.107,0.018,0.036,20,W,15,S,,,444203,118.16,0
836,1942.774,"Mount",0.029,-0.052,0.060,-0.002,-0.018,0.000,19,E,0,,,,495936,140.85,0
837,1944.983,"Mount",-0.055,-0.159,0.116,0.122,0.034,0.044,37,W,19,S,,,493817,150.92,0
838,1947.346,"Mount",0.160,-0.032,0.102,-0.127,0.023,-0.044,25,W,19,N,,,499046,132.38,0
839,1949.446,"Mount",-0.015,-0.060,0.046,0.041,-0.023,0.000,25,E,0,,,,507772,145.22,0
840,1951.790,"Mount",0.006,-0.015,0.016,0.002,-0.025,0.000,27,E,0,,,,532817,156.64,0
841,1953.936,"Mount",0.037,-0.160,0.159,0.041,0.047,0.000,51,W,0,,,,537934,130.35,0
842,1956.349,"Mount",-0.090,0.142,-0.168,0.014,-0.101,0.000,110,E,0,,,,494019,137.02,0
843,1958.554,"Mount",-0.037,-0.065,0.041,0.063,-0.030,0.023,33,E,10,S,,,464664,126.47,0
INFO: SET LOCK POSITION, new lock pos = 696.297, 729.634
INFO: DITHER by -12.951, -16.841, new lock pos = 705.283, 748.885
INFO: SETTLING STATE CHANGE, Settling started
844,1978.489,"Mount",-7.402,-15.858,10.668,13.872,10.668,13.872,11633,W,5933,S,,,502304,154.82,0
845,1984.631,"Mount",-1.584,-3.394,2.283,2.969,2.283,2.969,2490,W,1270,S,,,457432,115.60,0
846,1988.014,"Mount",0.449,-1.906,1.898,0.482,0.854,0.173,932,W,74,S,,,501307,140.28,0
847,1990.930,"Mount",0.482,-1.308,1.382,0.177,0.622,0.071,678,W,30,S,,,472122,121.75,0
848,1993.541,"Mount",0.090,-0.533,0.515,0.166,0.232,0.063,253,W,27,S,,,430607,131.36,0
849,1995.800,"Mount",0.147,-0.333,0.363,0.023,0.163,0.000,178,W,0,,,,442924,128.77,0
850,1998.192,"Mount",0.094,0.000,0.043,-0.083,0.019,-0.030,21,W,13,N,,,486260,123.81,0
851,2000.435,"Mount",0.140,-0.096,0.150,-0.080,0.067,-0.030,73,W,13,N,,,492576,142.04,0
852,2002.823,"Mount",-0.085,0.143,-0.166,0.010,-0.075,0.000,81,E,0,,,,436078,133.08,0
853,2004.960,"Mount",-0.055,0.053,-0.072,0.025,-0.033,0.000,35,E,0,,,,437048,127.64,0
854,2007.371,"Mount",-0.056,0.230,-0.230,-0.056,-0.103,0.000,113,E,0,,,,434726,128.25,0
855,2009.719,"Mount",-0.171,0.180,-0.238,0.069,-0.107,0.025,117,E,11,S,,,450008,126.24,0
856,2012.151,"Mount",0.044,0.152,-0.115,-0.109,-0.088,-0.038,96,E,16,N,,,468096,127.04,0
857,2014.342,"Mount",-0.077,0.142,-0.162,0.003,-0.114,0.000,124,E,0,,,,495236,137.91,0
858,2016.707,"Mount",-0.080,0.045,-0.077,0.050,-0.066,0.000,72,E,0,,,,472930,128.81,0
859,2018.857,"Mount",0.037,0.057,-0.033,-0.059,-0.036,0.000,40,E,0,,,,442923,146.88,0
860,2021.292,"Mount",-0.087,-0.013,-0.028,0.083,-0.053,0.030,58,E,13,S,,,462274,145.45,0
INFO: SETTLING STATE CHANGE, Settling complete
861,2023.571,"Mount",-0.133,0.021,-0.080,0.108,-0.090,0.040,99,E,17,S,,,435196,114.91,0
862,2026.031,"Mount",-0.074,0.149,-0.166,-0.003,-0.123,0.000,134,E,0,,,,451299,128.99,0
863,2028.107,"Mount",0.048,-0.045,0.062,-0.021,-0.019,0.000,20,E,0,,,,447350,121.13,0
864,2030.445,"Mount",-0.073,0.017,-0.049,0.056,-0.023,0.000,25,E,0,,,,445386,124.82,0
865,2032.570,"Mount",-0.040,0.094,-0.102,-0.008,-0.057,0.000,62,E,0,,,,410742,134.60,0
866,2034.820,"Mount",-0.013,-0.054,0.042,0.036,0.000,0.000,0,,0,,,,455822,137.17,0
867,2036.937,"Mount",-0.082,0.055,-0.087,0.048,-0.048,0.000,52,E,0,,,,469680,125.20,0
868,2039.301,"Mount",-0.044,-0.136,0.101,0.101,0.038,0.037,42,W,16,S,,,455780,123.19,0
869,2041.459,"Mount",0.064,0.026,0.006,-0.069,-0.023,-0.023,26,E,10,N,,,441846,126.53,0
870,2043.898,"Mount",0.056,0.064,-0.031,-0.079,-0.030,-0.029,33,E,13,N,,,434293,118.35,0
871,2046.095,"Mount",-0.056,-0.046,0.015,0.071,-0.031,0.024,34,E,10,S,,,447136,119.81,0
872,2048.462,"Mount",-0.044,0.077,-0.088,0.004,-0.072,0.000,78,E,0,,,,433301,115.14,0
873,2050.538,"Mount",0.009,-0.024,0.025,0.003,-0.012,0.000,13,E,0,,,,444733,125.96,0
874,2052.846,"Mount",0.018,-0.078,0.077,0.020,0.016,0.000,17,W,0,,,,442611,132.73,0
875,2054.977,"Mount",-0.046,0.059,-0.074,0.013,-0.050,0.000,54,E,0,,,,473314,130.33,0
876,2057.323,"Mount",-0.071,0.034,-0.063,0.047,-0.057,0.000,62,E,0,,,,413307,122.77,0
877,2059.495,"Mount",-0.081,0.017,-0.053,0.063,-0.044,0.023,48,E,10,S,,,461848,117.56,0
878,2061.911,"Mount",-0.082,0.138,-0.161,0.009,-0.129,0.000,141,E,0,,,,459541,130.64,0
879,2064.220,"Mount",-0.020,0.256,-0.236,-0.101,-0.173,-0.036,189,E,16,N,,,441648,133.52,0
880,2066.662,"Mount",-0.085,0.123,-0.148,0.019,-0.134,0.000,146,E,0,,,,427999,124.98,0
881,2068.785,"Mount",-0.059,0.019,-0.044,0.044,-0.078,0.000,85,E,0,,,,441326,128.24,0
882,2071.173,"Mount",-0.011,-0.054,0.043,0.035,-0.087,0.000,95,E,0,,,,410605,117.44,0
883,2073.350,"Mount",-0.018,0.086,-0.085,-0.024,-0.124,0.000,135,E,0,,,,427494,127.26,0
884,2075.841,"Mount",-0.113,0.123,-0.161,0.044,-0.174,0.000,190,E,0,,,,431441,117.19,0
885,2078.210,"Mount",-0.135,-0.013,-0.051,0.126,-0.098,0.045,107,E,19,S,,,442902,158.73,0
886,2080.609,"Mount",0.016,0.045,-0.033,-0.035,-0.084,0.000,92,E,0,,,,410507,130.82,0
887,2082.839,"Mount",-0.071,-0.015,-0.020,0.070,-0.077,0.025,84,E,11,S,,,410971,156.03,0
888,2085.187,"Mount",-0.052,-0.029,0.002,0.060,-0.059,0.000,64,E,0,,,,392188,119.16,0
889,2087.416,"Mount",0.047,0.125,-0.089,-0.099,-0.096,-0.036,105,E,15,N,,,364447,108.39,0
890,2089.785,"Mount",0.083,-0.047,0.080,-0.052,-0.042,0.000,46,E,0,,,,385281,115.76,0
891,2091.927,"Mount",0.008,0.057,-0.047,-0.033,-0.075,0.000,82,E,0,,,,403562,142.68,0
892,2094.331,"Mount",0.028,0.071,-0.050,-0.058,-0.083,0.000,91,E,0,,,,381868,113.48,0
893,2096.620,"Mount",0.108,0.155,-0.087,-0.168,-0.114,-0.060,124,E,26,N,,,399125,143.26,0
894,2099.001,"Mount",0.057,0.006,0.021,-0.053,-0.074,0.000,81,E,0,,,,404627,111.14,0
895,2101.104,"Mount",0.073,-0.182,0.195,0.019,0.028,0.000,31,W,0,,,,423390,129.46,0
896,2103.458,"Mount",0.021,0.040,-0.026,-0.037,-0.056,0.000,61,E,0,,,,418408,115.41,0
897,2105.608,"Mount",0.122,-0.019,0.073,-0.100,-0.008,-0.036,9,E,15,N,,,417133,125.58,0
898,2108.015,"Mount",-0.078,-0.029,-0.010,0.083,-0.030,0.028,33,E,12,S,,,406857,107.81,0
899,2110.219,"Mount",-0.067,-0.056,0.019,0.086,-0.017,0.032,18,E,14,S,,,426168,127.02,0
900,2112.517,"Mount",-0.022,-0.068,0.050,0.051,-0.013,0.000,14,E,0,,,,419918,133.25,0
901,2114.715,"Mount",0.018,0.105,-0.085,-0.065,-0.048,-0.023,52,E,10,N,,,420055,124.65,0
902,2117.125,"Mount",-0.099,0.051,-0.091,0.064,-0.045,0.022,49,E,10,S,,,447164,133.05,0
903,2119.278,"Mount",-0.044,-0.050,0.024,0.062,-0.017,0.023,18,E,10,S,,,423557,124.43,0
904,2121.603,"Mount",0.033,-0.016,0.029,-0.022,-0.024,0.000,26,E,0,,,,441619,125.38,0
905,2123.696,"Mount",0.015,-0.118,0.112,0.041,0.029,0.000,32,W,0,,,,461279,146.81,0
906,2126.018,"Mount",0.020,0.013,-0.003,-0.024,-0.025,0.000,27,E,0,,,,458930,147.80,0
907,2128.098,"Mount",0.022,-0.065,0.068,0.010,0.012,0.000,13,W,0,,,,404364,124.36,0
908,2130.443,"Mount",0.069,-0.064,0.088,-0.032,0.044,0.000,48,W,0,,,,438661,129.43,0
909,2132.612,"Mount",0.128,0.053,0.012,-0.138,0.011,-0.050,12,W,21,N,,,421578,128.36,0
910,2134.901,"Mount",-0.036,-0.056,0.034,0.058,0.020,0.000,21,W,0,,,,409388,115.20,0
911,2137.066,"Mount",-0.089,-0.032,-0.013,0.094,0.026,0.034,28,W,14,S,,,410614,126.03,0
912,2139.384,"Mount",-0.053,0.064,-0.081,0.018,-0.005,0.000,6,E,0,,,,438313,141.79,0
913,2141.476,"Mount",-0.019,-0.055,0.040,0.042,0.032,0.000,35,W,0,,,,387501,118.47,0
914,2143.861,"Mount",0.014,-0.098,0.094,0.033,0.069,0.000,75,W,0,,,,423380,137.96,0
915,2145.964,"Mount",0.025,0.009,0.004,-0.027,0.027,0.000,29,W,0,,,,423462,116.05,0
916,2148.400,"Mount",0.217,-0.008,0.107,-0.189,0.077,-0.068,84,W,29,N,,,414117,114.93,0
917,2150.589,"Mount",-0.072,-0.085,0.042,0.103,0.046,0.034,50,W,15,S,,,392594,113.22,0
918,2153.111,"Mount",-0.051,-0.166,0.124,0.122,0.103,0.045,113,W,19,S,,,433081,123.77,0
919,2155.202,"Mount",0.038,-0.009,0.026,-0.030,0.032,0.000,35,W,0,,,,407616,116.93,0
920,2157.589,"Mount",-0.052,-0.075,0.043,0.081,0.031,0.029,33,W,12,S,,,440946,120.48,0
921,2159.772,"Mount",0.013,-0.142,0.132,0.054,0.092,0.000,100,W,0,,,,453620,118.09,0
922,2162.177,"Mount",0.036,-0.123,0.126,0.025,0.095,0.000,103,W,0,,,,446731,139.14,0
923,2164.367,"Mount",0.063,-0.086,0.105,-0.016,0.092,0.000,100,W,0,,,,385578,116.96,0
924,2166.772,"Mount",0.001,-0.033,0.029,0.015,0.055,0.000,60,W,0,,,,439765,120.55,0
925,2169.012,"Mount",-0.100,-0.132,0.071,0.150,0.085,0.054,93,W,23,S,,,424690,117.21,0
926,2171.449,"Mount",0.087,-0.030,0.067,-0.063,0.086,-0.021,93,W,9,N,,,405115,118.37,0
927,2173.591,"Mount",0.012,0.011,-0.004,-0.016,0.053,0.000,58,W,0,,,,415010,119.65,0
928,2175.991,"Mount",-0.121,0.058,-0.107,0.080,-0.011,0.029,12,E,12,S,,,431023,130.21,0
929,2178.154,"Mount",0.045,0.059,-0.032,-0.067,0.028,-0.023,31,W,10,N,,,413440,145.51,0
930,2180.542,"Mount",0.244,0.113,0.012,-0.269,0.007,-0.098,7,W,42,N,,,389013,122.14,0
931,2182.762,"Mount",0.067,0.215,-0.161,-0.159,-0.072,-0.061,79,E,26,N,,,383159,113.97,0
932,2185.228,"Mount",-0.300,0.033,-0.168,0.251,-0.077,0.088,84,E,38,S,,,364672,108.91,0
933,2187.377,"Mount",-0.061,0.118,-0.132,-0.000,-0.060,0.000,65,E,0,,,,374543,106.39,0
934,2189.684,"Mount",-0.016,-0.045,0.033,0.035,-0.013,0.000,14,E,0,,,,425636,128.54,0
935,2191.762,"Mount",-0.002,-0.027,0.023,0.014,-0.015,0.000,16,E,0,,,,381177,117.67,0
936,2194.128,"Mount",-0.103,0.026,-0.071,0.079,-0.037,0.029,40,E,12,S,,,397169,124.56,0
937,2196.234,"Mount",-0.020,0.056,-0.059,-0.008,-0.016,0.000,17,E,0,,,,398540,113.92,0
938,2198.537,"Mount",-0.006,0.032,-0.032,-0.009,-0.016,0.000,17,E,0,,,,395007,112.94,0
939,2200.624,"Mount",0.023,0.012,-0.000,-0.026,-0.015,0.000,16,E,0,,,,400883,117.31,0
940,2202.980,"Mount",-0.003,0.004,-0.005,0.001,-0.006,0.000,7,E,0,,,,404429,121.12,0
941,2205.125,"Mount",-0.066,-0.048,0.012,0.081,0.013,0.029,14,W,12,S,,,396679,132.33,0
942,2207.411,"Mount",0.075,-0.015,0.048,-0.060,0.024,0.000,27,W,0,,,,385158,130.73,0
943,2209.600,"Mount",0.093,-0.159,0.184,-0.009,0.107,0.000,117,W,0,,,,385651,107.52,0
944,2211.952,"Mount",0.058,-0.040,0.062,-0.033,0.052,0.000,56,W,0,,,,401934,123.43,0
945,2214.136,"Mount",0.049,-0.130,0.138,0.016,0.103,0.000,113,W,0,,,,429001,124.58,0
946,2216.586,"Mount",0.017,-0.077,0.076,0.021,0.108,0.000,118,W,0,,,,408900,133.31,0
947,2218.828,"Mount",0.029,-0.102,0.104,0.021,0.122,0.000,133,W,0,,,,411701,116.61,0
948,2221.230,"Mount",0.017,-0.077,0.076,0.021,0.124,0.000,135,W,0,,,,398957,114.52,0
949,2223.394,"Mount",-0.001,0.006,-0.006,-0.001,0.084,0.000,91,W,0,,,,457101,136.40,0
950,2225.918,"Mount",0.162,-0.091,0.156,-0.102,0.136,-0.037,148,W,16,N,,,413405,132.23,0
951,2228.254,"Mount",-0.082,-0.317,0.243,0.219,0.171,0.077,187,W,33,S,,,396776,122.91,0
952,2230.677,"Mount",-0.277,-0.143,-0.001,0.312,0.050,0.115,55,W,49,S,,,388286,110.00,0
953,2232.918,"Mount",-0.378,-0.247,0.045,0.450,0.047,0.167,51,W,71,S,,,388721,105.93,0
954,2235.341,"Mount",-0.163,-0.146,0.054,0.212,0.038,0.083,41,W,35,S,,,440882,138.40,0
955,2237.543,"Mount",-0.216,-0.055,-0.051,0.217,0.043,0.082,47,W,35,S,,,398239,122.25,0
956,2239.956,"Mount",-0.160,-0.052,-0.027,0.166,0.045,0.063,49,W,27,S,,,400864,115.86,0
957,2242.155,"Mount",-0.054,-0.062,0.030,0.077,0.056,0.030,61,W,13,S,,,453298,145.85,0
958,2244.464,"Mount",-0.001,0.097,-0.086,-0.044,0.012,0.000,14,W,0,,,,435673,122.32,0
959,2246.554,"Mount",-0.041,-0.009,-0.011,0.041,0.034,0.000,37,W,0,,,,449280,130.93,0
960,2248.884,"Mount",0.005,0.012,-0.008,-0.010,0.026,0.000,28,W,0,,,,408814,125.40,0
961,2251.072,"Mount",0.011,0.123,-0.104,-0.067,-0.021,-0.024,23,E,10,N,,,413630,131.55,0
962,2253.517,"Mount",-0.153,0.131,-0.186,0.075,-0.060,0.026,66,E,11,S,,,432617,126.14,0
963,2255.746,"Mount",-0.124,0.079,-0.127,0.074,-0.050,0.028,54,E,12,S,,,400221,120.77,0
964,2258.108,"Mount",-0.085,0.121,-0.146,0.020,-0.073,0.000,79,E,0,,,,432144,125.55,0
965,2260.282,"Mount",0.141,0.111,-0.034,-0.176,-0.021,-0.064,22,E,27,N,,,461088,155.29,0
966,2262.617,"Mount",-0.037,-0.014,-0.005,0.039,-0.029,0.000,31,E,0,,,,448689,131.55,0
967,2264.782,"Mount",0.096,-0.002,0.046,-0.085,-0.029,-0.030,32,E,13,N,,,455351,135.14,0
968,2267.102,"Mount",-0.018,0.005,-0.013,0.013,-0.029,0.000,32,E,0,,,,426163,128.05,0
969,2269.263,"Mount",-0.041,0.061,-0.072,0.008,-0.056,0.000,61,E,0,,,,427032,114.75,0
970,2271.618,"Mount",-0.026,-0.018,0.004,0.032,-0.026,0.000,28,E,0,,,,459509,123.96,0
971,2273.764,"Mount",-0.042,-0.032,0.009,0.051,-0.030,0.000,33,E,0,,,,444291,147.55,0
972,2276.221,"Mount",-0.078,-0.086,0.040,0.109,-0.034,0.039,37,E,17,S,,,478526,150.42,0
973,2278.425,"Mount",0.048,0.039,-0.012,-0.060,-0.029,-0.020,32,E,9,N,,,480990,124.07,0
974,2280.721,"Mount",-0.018,0.059,-0.061,-0.012,-0.036,0.000,40,E,0,,,,485484,143.32,0
975,2282.913,"Mount",-0.081,0.022,-0.056,0.062,-0.005,0.022,5,E,9,S,,,413299,119.49,0
976,2285.218,"Mount",0.020,-0.052,0.055,0.006,-0.006,0.000,7,E,0,,,,414322,104.41,0
977,2287.323,"Mount",-0.004,0.042,-0.039,-0.016,-0.008,0.000,8,E,0,,,,451340,147.24,0
978,2289.626,"Mount",-0.012,-0.020,0.012,0.020,-0.011,0.000,11,E,0,,,,423658,127.77,0
979,2291.740,"Mount",-0.013,0.062,-0.061,-0.017,-0.040,0.000,44,E,0,,,,446339,135.99,0
980,2294.126,"Mount",-0.096,0.009,-0.052,0.081,-0.022,0.029,24,E,12,S,,,417934,118.02,0
981,2296.358,"Mount",0.037,0.061,-0.037,-0.061,-0.028,-0.021,31,E,9,N,,,396434,112.69,0
982,2298.666,"Mount",0.038,-0.047,0.059,-0.012,-0.030,0.000,33,E,0,,,,434086,124.27,0
983,2300.764,"Mount",0.009,-0.001,0.005,-0.008,-0.015,0.000,17,E,0,,,,445790,142.95,0
984,2303.073,"Mount",-0.044,0.025,-0.043,0.027,-0.017,0.000,18,E,0,,,,451670,125.50,0
985,2305.187,"Mount",-0.015,0.065,-0.064,-0.017,-0.033,0.000,36,E,0,,,,413781,148.91,0
986,2307.569,"Mount",-0.038,0.176,-0.174,-0.047,-0.089,0.000,97,E,0,,,,446861,127.20,0
987,2309.674,"Mount",-0.047,0.038,-0.055,0.024,-0.027,0.000,29,E,0,,,,429846,135.05,0
988,2311.980,"Mount",0.068,-0.023,0.052,-0.050,-0.037,0.000,40,E,0,,,,409529,125.98,0
989,2314.067,"Mount",0.069,-0.057,0.082,-0.035,-0.009,0.000,9,E,0,,,,370766,127.14,0
990,2316.466,"Mount",-0.182,-0.255,0.143,0.279,-0.004,0.100,4,E,43,S,,,387704,109.59,0
991,2318.654,"Mount",0.051,0.039,-0.011,-0.063,-0.046,-0.019,50,E,8,N,,,402080,126.85,0
992,2321.027,"Mount",-0.067,-0.056,0.019,0.085,-0.028,0.030,31,E,13,S,,,426446,121.93,0
993,2323.118,"Mount",-0.007,0.001,-0.004,0.006,-0.019,0.000,21,E,0,,,,419133,132.66,0
994,2325.429,"Mount",0.002,-0.007,0.007,0.002,0.005,0.000,5,W,0,,,,384355,136.55,0
995,2327.561,"Mount",0.022,-0.107,0.105,0.030,0.057,0.000,63,W,0,,,,381062,102.66,0
996,2329.925,"Mount",0.037,-0.070,0.080,-0.001,0.046,0.000,51,W,0,,,,391677,121.76,0
997,2332.017,"Mount",-0.016,-0.051,0.038,0.038,0.021,0.000,23,W,0,,,,346130,118.00,0
998,2334.353,"Mount",-0.010,0.013,-0.016,0.003,0.017,0.000,19,W,0,,,,338928,113.74,0
999,2336.502,"Mount",-0.106,-0.001,-0.048,0.095,0.010,0.034,10,W,15,S,,,394179,119.70,0
1000,2338.870,"Mount",0.058,0.052,-0.019,-0.075,0.003,-0.026,3,W,11,N,,,393041,138.00,0
1001,2341.081,"Mount",0.230,0.109,0.010,-0.254,-0.013,-0.093,14,E,40,N,,,401174,116.51,0
1002,2343.510,"Mount",-0.136,-0.215,0.128,0.220,0.039,0.076,42,W,32,S,,,410241,121.38,0
1003,2345.658,"Mount",-0.034,0.063,-0.072,0.001,-0.059,0.000,65,E,0,,,,391696,112.04,0
1004,2347.970,"Mount",0.025,-0.034,0.041,-0.007,-0.023,0.000,25,E,0,,,,434385,118.70,0
1005,2350.094,"Mount",-0.003,-0.080,0.069,0.040,0.018,0.000,19,W,0,,,,389824,142.54,0
1006,2352.503,"Mount",-0.113,0.107,-0.147,0.050,-0.091,0.000,100,E,0,,,,378073,112.93,0
1007,2354.640,"Mount",-0.023,0.069,-0.071,-0.012,-0.054,0.000,59,E,0,,,,358287,112.68,0
1008,2357.164,"Mount",0.058,0.138,-0.096,-0.116,-0.072,-0.042,79,E,18,N,,,400264,119.41,0
1009,2359.364,"Mount",-0.121,-0.023,-0.035,0.118,-0.043,0.041,47,E,17,S,,,354992,116.14,0
1010,2361.681,"Mount",-0.003,0.018,-0.018,-0.005,-0.027,0.000,30,E,0,,,,392571,115.72,0
1011,2363.917,"Mount",-0.169,0.047,-0.119,0.128,-0.085,0.046,92,E,20,S,,,379026,116.20,0
1012,2366.290,"Mount",0.007,0.089,-0.075,-0.048,-0.072,0.000,78,E,0,,,,389072,131.41,0
1013,2368.543,"Mount",-0.101,0.214,-0.237,-0.010,-0.150,0.000,163,E,0,,,,367035,112.03,0
1014,2371.636,"Mount",0.032,0.112,-0.084,-0.080,-0.076,-0.029,82,E,12,N,,,386545,120.13,0
1015,2373.901,"Mount",0.067,0.147,-0.100,-0.127,-0.088,-0.047,96,E,20,N,,,381537,113.56,0
1016,2376.352,"Mount",-0.123,0.075,-0.123,0.075,-0.094,0.025,103,E,11,S,,,389702,124.99,0
1017,2378.533,"Mount",-0.002,-0.012,0.010,0.008,-0.026,0.000,29,E,0,,,,355338,107.15,0
1018,2380.857,"Mount",-0.037,0.051,-0.062,0.009,-0.043,0.000,47,E,0,,,,377814,114.38,0
1019,2382.923,"Mount",0.058,-0.049,0.070,-0.028,0.008,0.000,9,W,0,,,,360392,137.09,0
1020,2385.290,"Mount",0.070,-0.004,0.035,-0.061,-0.013,-0.022,14,E,9,N,,,364202,121.95,0
1021,2387.377,"Mount",-0.007,0.038,-0.037,-0.012,-0.011,0.000,12,E,0,,,,362304,127.34,0
1022,2389.686,"Mount",-0.000,-0.025,0.022,0.012,-0.012,0.000,13,E,0,,,,343906,112.55,0
1023,2391.798,"Mount",0.046,-0.003,0.024,-0.040,-0.014,0.000,15,E,0,,,,359870,122.31,0
1024,2394.111,"Mount",0.010,-0.049,0.048,0.014,-0.027,0.000,29,E,0,,,,358328,115.35,0
1025,2396.275,"Mount",0.035,-0.123,0.125,0.026,0.028,0.000,31,W,0,,,,362935,107.17,0
1026,2398.742,"Mount",-0.547,-0.263,-0.019,0.607,-0.037,0.218,41,E,93,S,,,332526,107.16,0
1027,2400.853,"Mount",0.011,-0.132,0.123,0.051,0.033,0.000,36,W,0,,,,334790,113.48,0
1028,2403.194,"Mount",0.020,-0.038,0.043,0.000,-0.034,0.000,37,E,0,,,,323123,122.34,0
1029,2405.328,"Mount",-0.049,0.079,-0.092,0.007,-0.082,0.000,90,E,0,,,,278968,109.38,0
1030,2407.762,"Mount",0.068,0.084,-0.044,-0.099,-0.062,-0.036,67,E,15,N,,,324585,113.72,0
1031,2409.910,"Mount",0.007,0.061,-0.051,-0.034,-0.069,0.000,75,E,0,,,,310070,91.86,0
1032,2412.245,"Mount",-0.046,0.030,-0.048,0.027,-0.067,0.000,73,E,0,,,,304358,99.78,0
1033,2414.460,"Mount",-0.056,0.040,-0.061,0.031,-0.095,0.000,103,E,0,,,,263522,93.39,0
1034,2416.938,"Mount",0.030,0.123,-0.095,-0.084,-0.120,-0.030,130,E,13,N,,,270611,87.44,0
1035,2419.239,"Mount",0.066,0.140,-0.094,-0.123,-0.119,-0.045,130,E,19,N,,,283838,94.70,0
1036,2421.701,"Mount",-0.141,-0.007,-0.059,0.128,-0.081,0.044,89,E,19,S,,,284127,114.79,0
1037,2424.006,"Mount",-0.127,0.072,-0.122,0.079,-0.143,0.030,156,E,13,S,,,254529,104.52,0
1038,2426.437,"Mount",-0.074,0.085,-0.110,0.027,-0.139,0.000,152,E,0,,,,233475,90.90,0
1039,2428.667,"Mount",-0.067,0.064,-0.088,0.030,-0.131,0.000,143,E,0,,,,224456,86.72,0
1040,2431.164,"Mount",-0.054,0.184,-0.188,-0.037,-0.160,0.000,175,E,0,,,,207853,78.79,0
1041,2433.334,"Mount",-0.020,-0.007,-0.003,0.021,-0.077,0.000,85,E,0,,,,255691,89.28,0
1042,2435.746,"Mount",-0.022,-0.015,0.003,0.026,-0.090,0.000,98,E,0,,,,267279,113.10,0
1043,2437.911,"Mount",0.038,-0.021,0.036,-0.024,-0.086,0.000,94,E,0,,,,255540,88.29,0
1044,2440.315,"Mount",-0.019,0.029,-0.034,0.003,-0.074,0.000,81,E,0,,,,262752,89.59,0
1045,2442.493,"Mount",-0.013,-0.025,0.016,0.023,-0.064,0.000,70,E,0,,,,256114,86.13,0
1046,2444.869,"Mount",-0.006,-0.041,0.033,0.024,-0.065,0.000,71,E,0,,,,266659,103.40,0
1047,2447.146,"Mount",-0.545,-0.417,0.119,0.676,-0.010,0.243,11,E,104,S,,,258231,92.95,0
1048,2449.562,"Mount",0.377,-0.029,0.200,-0.321,0.028,-0.106,30,W,45,N,,,249868,97.30,0
1049,2451.684,"Mount",0.088,-0.211,0.228,0.020,0.057,0.000,62,W,0,,,,223978,77.22,0
1050,2454.003,"Mount",-0.035,-0.058,0.036,0.058,-0.035,0.000,38,E,0,,,,238607,87.20,0
1051,2456.108,"Mount",0.069,-0.113,0.132,-0.009,0.030,0.000,33,W,0,,,,220873,85.55,0
1052,2458.426,"Mount",0.096,-0.078,0.113,-0.049,0.024,0.000,26,W,0,,,,190148,72.79,0
1053,2460.596,"Mount",-0.188,-0.059,-0.034,0.194,-0.020,0.070,22,E,30,S,,,197240,81.52,0
1054,2463.023,"Mount",0.025,-0.208,0.197,0.074,0.070,0.029,77,W,13,S,,,170646,70.90,0
1055,2465.183,"Mount",0.175,0.016,0.066,-0.162,0.021,-0.057,23,W,24,N,,,174149,73.43,0
1056,2467.496,"Mount",-0.001,-0.003,0.002,0.003,-0.012,0.000,13,E,0,,,,161775,67.29,0
1057,2469.645,"Mount",-0.011,-0.102,0.085,0.057,0.038,0.000,41,W,0,,,,192075,81.71,0
1058,2471.982,"Mount",-0.005,-0.030,0.024,0.019,-0.009,0.000,10,E,0,,,,184434,77.14,0
1059,2474.129,"Mount",0.058,0.056,-0.023,-0.077,-0.003,-0.028,3,E,12,N,,,193496,82.99,0
1060,2476.496,"Mount",0.085,0.033,0.010,-0.091,0.007,-0.034,8,W,14,N,,,188278,82.49,0
1061,2478.604,"Mount",0.052,0.036,-0.008,-0.063,0.009,-0.024,10,W,10,N,,,165293,68.97,0
1062,2481.108,"Mount",-0.007,-0.290,0.254,0.140,0.120,0.049,131,W,21,S,,,193314,73.88,0
1063,2483.192,"Mount",0.005,0.069,-0.059,-0.036,0.009,0.000,10,W,0,,,,196931,93.27,0
1064,2485.656,"Mount",0.126,-0.097,0.144,-0.067,0.083,-0.024,91,W,10,N,,,176755,79.30,0
1065,2487.837,"Mount",0.123,-0.114,0.158,-0.057,0.092,0.000,100,W,0,,,,177108,87.16,0
1066,2490.224,"Mount",-0.019,-0.072,0.055,0.050,0.027,0.000,29,W,0,,,,184260,74.20,0
1067,2492.407,"Mount",-0.173,-0.007,-0.073,0.157,-0.002,0.057,2,E,24,S,,,171493,83.22,0
1068,2494.935,"Mount",0.263,-0.137,0.243,-0.170,0.154,-0.059,168,W,25,N,,,192254,78.21,0
1069,2497.059,"Mount",0.010,0.130,-0.111,-0.069,0.002,-0.027,2,W,12,N,,,182406,74.74,0
1070,2499.418,"Mount",-0.122,0.061,-0.110,0.081,-0.006,0.028,7,E,12,S,,,181932,78.11,0
1071,2501.537,"Mount",0.069,-0.028,0.057,-0.048,0.042,0.000,46,W,0,,,,173863,68.41,0
1072,2503.909,"Mount",-0.076,-0.039,-0.000,0.085,0.037,0.031,41,W,13,S,,,147090,61.34,0
1073,2506.213,"Mount",0.257,-0.141,0.243,-0.163,0.145,-0.057,158,W,25,N,,,145710,72.85,0
1074,2508.582,"Mount",-0.109,-0.121,0.057,0.153,0.039,0.053,42,W,23,S,,,149148,63.80,0
1075,2510.767,"Mount",0.095,0.037,0.011,-0.101,0.048,-0.034,53,W,15,N,,,167267,67.63,0
1076,2513.179,"Mount",0.078,-0.012,0.046,-0.064,0.051,-0.024,55,W,10,N,,,182002,81.54,0
1077,2515.392,"Mount",-0.208,-0.061,-0.042,0.212,0.053,0.075,58,W,32,S,,,175990,78.80,0
1078,2517.792,"Mount",0.035,-0.103,0.108,0.016,0.096,0.000,105,W,0,,,,206619,87.80,0
1079,2519.967,"Mount",0.011,-0.137,0.127,0.053,0.095,0.000,104,W,0,,,,203085,84.32,0
1080,2522.319,"Mount",0.056,-0.030,0.052,-0.036,0.026,0.000,29,W,0,,,,217387,87.48,0
1081,2524.427,"Mount",-0.002,0.048,-0.043,-0.020,0.030,0.000,32,W,0,,,,225834,90.52,0
1082,2526.819,"Mount",0.154,0.084,-0.004,-0.175,0.018,-0.063,20,W,27,N,,,244956,95.40,0
1083,2529.000,"Mount",-0.071,0.207,-0.216,-0.032,-0.085,0.000,93,E,0,,,,224140,77.13,0
1084,2531.412,"Mount",-0.013,-0.113,0.094,0.063,0.049,0.023,54,W,10,S,,,234937,82.72,0
1085,2533.602,"Mount",-0.145,0.036,-0.098,0.112,-0.035,0.041,38,E,18,S,,,231954,85.35,0
1086,2535.865,"Mount",0.004,0.030,-0.025,-0.017,0.005,0.000,6,W,0,,,,242577,86.06,0
1087,2538.015,"Mount",-0.099,0.117,-0.150,0.034,-0.069,0.000,76,E,0,,,,271560,99.72,0
1088,2540.297,"Mount",0.041,-0.004,0.023,-0.034,-0.002,0.000,2,E,0,,,,275334,94.94,0
1089,2542.416,"Mount",-0.039,0.021,-0.036,0.025,-0.012,0.000,14,E,0,,,,309165,111.19,0
1090,2544.829,"Mount",-0.085,-0.191,0.130,0.164,0.044,0.059,49,W,25,S,,,277140,103.75,0
1091,2546.995,"Mount",0.087,0.086,-0.037,-0.117,-0.016,-0.040,18,E,17,N,,,300987,98.84,0
1092,2549.273,"Mount",-0.036,0.030,-0.043,0.018,-0.004,0.000,4,E,0,,,,311272,107.92,0
1093,2551.405,"Mount",-0.062,0.092,-0.110,0.013,-0.043,0.000,47,E,0,,,,312468,107.34,0
1094,2553.714,"Mount",0.002,-0.060,0.055,0.026,0.014,0.000,15,W,0,,,,307646,95.04,0
1095,2555.915,"Mount",0.133,0.060,0.008,-0.145,0.027,-0.052,30,W,22,N,,,321603,105.17,0
1096,2558.431,"Mount",-0.040,-0.185,0.146,0.121,0.100,0.041,109,W,18,S,,,330677,111.98,0
1097,2560.684,"Mount",-0.005,-0.199,0.174,0.096,0.112,0.036,122,W,16,S,,,322364,117.23,0
1098,2563.031,"Mount",0.017,-0.011,0.018,-0.009,0.053,0.000,58,W,0,,,,325584,100.13,0
1099,2565.180,"Mount",0.004,-0.013,0.014,0.002,0.073,0.000,80,W,0,,,,344934,125.32,0
1100,2567.602,"Mount",-0.038,-0.040,0.018,0.052,0.098,0.000,107,W,0,,,,333502,108.72,0
1101,2569.873,"Mount",0.138,-0.031,0.091,-0.108,0.127,-0.039,138,W,17,N,,,287799,93.55,0
1102,2572.228,"Mount",-0.019,-0.002,-0.007,0.018,0.069,0.000,75,W,0,,,,301920,101.16,0
1103,2574.411,"Mount",-0.122,-0.124,0.054,0.166,0.043,0.060,47,W,25,S,,,302408,101.59,0
1104,2576.902,"Mount",-0.019,-0.170,0.142,0.095,0.103,0.037,112,W,16,S,,,321957,106.79,0
1105,2579.084,"Mount",0.105,0.010,0.040,-0.097,0.048,-0.034,52,W,14,N,,,301969,97.18,0
1106,2581.610,"Mount",0.216,-0.117,0.203,-0.137,0.145,-0.051,158,W,22,N,,,300070,114.33,0
1107,2583.744,"Mount",0.044,-0.030,0.047,-0.025,0.063,0.000,68,W,0,,,,301391,109.12,0
1108,2586.122,"Mount",0.039,0.015,0.005,-0.041,0.063,0.000,69,W,0,,,,264994,94.06,0
1109,2588.236,"Mount",-0.025,-0.005,-0.007,0.024,0.066,0.000,72,W,0,,,,295040,103.17,0
1110,2590.501,"Mount",-0.047,0.088,-0.100,0.001,0.008,0.000,8,W,0,,,,300797,97.21,0
1111,2592.651,"Mount",-0.104,0.067,-0.107,0.062,-0.008,0.022,9,E,9,S,,,301315,110.07,0
1112,2594.967,"Mount",-0.036,0.098,-0.104,-0.013,-0.017,0.000,19,E,0,,,,284636,104.72,0
1113,2597.059,"Mount",-0.006,-0.016,0.011,0.012,0.019,0.000,21,W,0,,,,295808,101.06,0
1114,2599.365,"Mount",-0.036,0.044,-0.055,0.012,0.018,0.000,20,W,0,,,,259461,94.21,0
1115,2601.441,"Mount",-0.063,0.084,-0.103,0.017,-0.039,0.000,43,E,0,,,,296784,99.80,0
1116,2603.844,"Mount",-0.234,-0.010,-0.099,0.212,-0.033,0.076,36,E,33,S,,,281068,93.57,0
1117,2605.978,"Mount",-0.102,0.075,-0.113,0.056,-0.057,0.000,62,E,0,,,,311039,125.23,0
1118,2608.381,"Mount",0.058,0.065,-0.031,-0.081,-0.014,-0.029,16,E,12,N,,,299707,102.04,0
1119,2610.503,"Mount",-0.056,0.048,-0.068,0.028,-0.044,0.000,49,E,0,,,,286131,94.69,0
1120,2612.825,"Mount",-0.035,-0.010,-0.008,0.035,-0.020,0.000,21,E,0,,,,318761,109.90,0
1121,2614.990,"Mount",-0.048,0.115,-0.125,-0.010,-0.080,0.000,87,E,0,,,,332260,106.67,0
1122,2617.449,"Mount",-0.107,0.057,-0.100,0.068,-0.077,0.025,84,E,11,S,,,311267,106.82,0
1123,2619.627,"Mount",0.095,-0.014,0.056,-0.078,-0.035,-0.027,38,E,12,N,,,301872,105.17,0
1124,2621.971,"Mount",0.020,-0.026,0.033,-0.006,-0.039,0.000,42,E,0,,,,329473,98.16,0
1125,2624.048,"Mount",-0.008,-0.040,0.032,0.025,-0.038,0.000,42,E,0,,,,302429,109.80,0
1126,2626.383,"Mount",0.041,-0.115,0.121,0.017,0.030,0.000,33,W,0,,,,318340,99.33,0
1127,2628.429,"Mount",0.048,-0.043,0.060,-0.023,-0.007,0.000,8,E,0,,,,303717,108.43,0
INFO: SET LOCK POSITION, new lock pos = 705.283, 748.885
INFO: DITHER by -16.697, -4.152, new lock pos = 701.280, 765.618
INFO: SETTLING STATE CHANGE, Settling started
1128,2650.727,"Mount",4.003,-16.733,16.697,4.152,16.697,4.152,18207,W,1776,S,,,305807,109.13,0
1129,2653.809,"Mount",1.343,-0.708,1.246,-0.864,0.561,-0.311,612,W,133,N,,,271563,95.56,0
1130,2656.540,"Mount",0.800,-0.577,0.881,-0.443,0.396,-0.172,432,W,74,N,,,265034,86.08,0
1131,2659.294,"Mount",-0.834,-0.972,0.479,1.189,0.215,0.421,235,W,180,S,,,293994,100.74,0
1132,2661.556,"Mount",0.072,-0.270,0.273,0.061,0.123,0.039,134,W,17,S,,,251415,83.80,0
1133,2664.034,"Mount",0.578,0.183,0.104,-0.597,0.047,-0.213,51,W,91,N,,,280548,102.61,0
1134,2666.252,"Mount",0.102,-0.233,0.254,0.018,0.114,0.000,125,W,0,,,,255945,86.07,0
1135,2668.614,"Mount",-0.107,-0.027,-0.025,0.108,-0.011,0.039,12,E,17,S,,,260961,97.04,0
1136,2670.798,"Mount",-0.085,0.000,-0.039,0.075,-0.018,0.029,19,E,12,S,,,235768,84.68,0
1137,2673.216,"Mount",-0.094,-0.163,0.101,0.159,0.046,0.058,50,W,25,S,,,263008,106.48,0
1138,2675.400,"Mount",0.100,-0.012,0.057,-0.083,0.026,-0.028,28,W,12,N,,,249343,83.28,0
1139,2677.814,"Mount",0.147,0.075,0.001,-0.165,-0.016,-0.060,18,E,26,N,,,249544,99.85,0
1140,2679.983,"Mount",0.091,-0.204,0.223,0.014,0.097,0.000,105,W,0,,,,219638,80.83,0
1141,2682.400,"Mount",-0.103,0.067,-0.107,0.061,-0.042,0.022,46,E,9,S,,,221334,84.15,0
1142,2684.582,"Mount",0.046,0.125,-0.090,-0.098,-0.047,-0.034,51,E,15,N,,,208558,97.14,0
1143,2686.884,"Mount",-0.034,-0.058,0.036,0.057,-0.011,0.000,12,E,0,,,,203201,77.53,0
INFO: SETTLING STATE CHANGE, Settling complete
1144,2689.114,"Mount",-0.010,0.154,-0.141,-0.063,-0.077,-0.023,84,E,10,N,,,208596,84.86,0
1145,2691.456,"Mount",0.106,-0.141,0.173,-0.029,0.052,0.000,57,W,0,,,,207137,80.84,0
1146,2693.631,"Mount",-0.102,-0.101,0.043,0.137,-0.030,0.049,33,E,21,S,,,226782,77.08,0
1147,2696.046,"Mount",0.026,0.142,-0.114,-0.088,-0.050,-0.030,54,E,13,N,,,217721,91.19,0
1148,2698.150,"Mount",0.056,-0.061,0.080,-0.021,0.032,0.000,35,W,0,,,,207894,84.80,0
1149,2700.517,"Mount",-0.088,0.094,-0.124,0.035,-0.051,0.000,56,E,0,,,,185825,76.90,0
1150,2702.625,"Mount",-0.086,0.060,-0.093,0.048,-0.046,0.000,51,E,0,,,,210667,83.54,0
1151,2705.085,"Mount",-0.114,0.232,-0.259,-0.006,-0.129,0.000,140,E,0,,,,230792,91.82,0
1152,2707.471,"Mount",-0.312,0.252,-0.368,0.160,-0.191,0.058,208,E,25,S,,,193436,80.46,0
1153,2709.924,"Mount",-0.007,0.226,-0.204,-0.098,-0.100,-0.033,109,E,14,N,,,179740,70.98,0
1154,2712.025,"Mount",-0.017,0.081,-0.080,-0.022,-0.050,0.000,55,E,0,,,,177080,72.44,0
1155,2714.460,"Mount",-0.030,0.183,-0.177,-0.058,-0.134,0.000,146,E,0,,,,149313,63.06,0
1156,2716.623,"Mount",-0.051,0.050,-0.068,0.022,-0.087,0.000,95,E,0,,,,147203,63.59,0
1157,2719.054,"Mount",-0.066,0.125,-0.142,0.000,-0.112,0.000,123,E,0,,,,168281,67.31,0
1158,2721.228,"Mount",-0.031,-0.143,0.113,0.093,0.013,0.033,15,W,14,S,,,149189,64.42,0
1159,2723.594,"Mount",0.038,0.049,-0.026,-0.056,-0.061,0.000,67,E,0,,,,148395,65.58,0
1160,2725.854,"Mount",-0.144,0.083,-0.140,0.089,-0.116,0.032,127,E,14,S,,,135305,66.80,0
1161,2728.154,"Mount",0.027,-0.097,0.099,0.021,0.013,0.000,14,W,0,,,,117405,56.01,0
1162,2730.268,"Mount",0.005,0.053,-0.045,-0.029,-0.034,0.000,37,E,0,,,,125592,61.11,0
1163,2732.563,"Mount",-0.021,-0.033,0.019,0.034,-0.035,0.000,38,E,0,,,,115182,52.15,0
1164,2734.749,"Mount",0.271,0.099,0.037,-0.286,-0.032,-0.103,35,E,44,N,,,110783,49.16,0
1165,2737.319,"Mount",-0.069,-0.379,0.305,0.236,0.090,0.081,98,W,35,S,,,138935,73.01,0
1166,2739.432,"Mount",0.057,-0.025,0.049,-0.039,-0.034,0.000,37,E,0,,,,134428,61.83,0
1167,2741.788,"Mount",0.001,0.086,-0.076,-0.041,-0.061,0.000,66,E,0,,,,137323,67.61,0
1168,2743.968,"Mount",-0.119,0.015,-0.068,0.098,-0.044,0.035,48,E,15,S,,,136089,58.47,0
1169,2746.410,"Mount",0.022,0.158,-0.130,-0.092,-0.060,-0.032,65,E,14,N,,,129501,62.96,0
1170,2748.759,"Mount",-0.073,0.407,-0.395,-0.123,-0.184,-0.045,201,E,19,N,,,101729,51.44,0
1171,2751.146,"Mount",-0.031,-0.157,0.125,0.100,0.048,0.034,53,W,15,S,,,107451,50.97,0
1172,2753.438,"Mount",-0.206,0.126,-0.207,0.124,-0.131,0.046,143,E,20,S,,,96629,50.99,0
1173,2755.890,"Mount",0.023,0.151,-0.123,-0.091,-0.095,-0.031,104,E,13,N,,,110543,50.93,0
1174,2758.166,"Mount",-0.130,0.234,-0.267,0.007,-0.154,0.000,168,E,0,,,,96680,50.20,0
1175,2760.599,"Mount",-0.063,0.041,-0.065,0.037,-0.081,0.000,89,E,0,,,,113580,52.08,0
1176,2763.000,"Mount",-0.055,0.339,-0.326,-0.108,-0.207,-0.039,225,E,17,N,,,106697,51.30,0
1177,2765.519,"Mount",-0.191,-0.022,-0.069,0.180,-0.131,0.063,143,E,27,S,,,113912,51.67,0
1178,2767.710,"Mount",-0.017,-0.034,0.022,0.031,-0.108,0.000,118,E,0,,,,132462,60.75,0
1179,2770.159,"Mount",-0.045,0.133,-0.138,-0.021,-0.140,0.000,152,E,0,,,,135760,66.84,0
1180,2772.361,"Mount",0.165,0.025,0.054,-0.158,-0.078,-0.057,85,E,24,N,,,131836,64.35,0
1181,2774.787,"Mount",0.089,0.091,-0.040,-0.121,-0.079,-0.046,86,E,20,N,,,140217,59.70,0
1182,2777.013,"Mount",-0.145,-0.085,0.009,0.168,-0.070,0.059,77,E,25,S,,,173959,75.53,0
1183,2779.426,"Mount",0.037,-0.269,0.256,0.092,0.055,0.035,60,W,15,S,,,170619,77.70,0
1184,2781.518,"Mount",0.034,-0.082,0.088,0.008,-0.004,0.000,5,E,0,,,,156321,72.44,0
1185,2783.982,"Mount",0.038,0.133,-0.101,-0.095,-0.103,-0.034,112,E,15,N,,,182715,72.96,0
1186,2786.101,"Mount",0.004,0.014,-0.010,-0.010,-0.067,0.000,73,E,0,,,,173125,71.65,0
1187,2788.490,"Mount",-0.001,0.004,-0.004,-0.001,-0.091,0.000,99,E,0,,,,162696,70.52,0
1188,2790.622,"Mount",0.074,-0.087,0.112,-0.025,-0.060,0.000,65,E,0,,,,172358,70.50,0
1189,2793.051,"Mount",-0.011,-0.180,0.155,0.093,-0.046,0.033,50,E,14,S,,,193201,69.02,0
1190,2795.167,"Mount",0.061,-0.130,0.144,0.006,-0.045,0.000,49,E,0,,,,181156,71.15,0
1191,2797.474,"Mount",0.096,-0.177,0.201,-0.003,-0.008,0.000,8,E,0,,,,186955,74.60,0
1192,2799.644,"Mount",0.178,0.022,0.063,-0.167,-0.025,-0.060,27,E,26,N,,,188109,69.69,0
1193,2802.035,"Mount",-0.048,-0.182,0.140,0.127,0.015,0.043,17,W,19,S,,,146469,60.49,0
1194,2804.252,"Mount",0.068,0.144,-0.097,-0.127,-0.074,-0.044,81,E,19,N,,,175737,73.33,0
1195,2806.721,"Mount",0.044,-0.307,0.293,0.102,0.116,0.035,127,W,15,S,,,196808,79.04,0
1196,2808.882,"Mount",0.061,0.072,-0.036,-0.088,-0.021,-0.030,23,E,13,N,,,188436,82.16,0
1197,2811.326,"Mount",-0.177,-0.055,-0.033,0.182,-0.008,0.064,9,E,27,S,,,192684,80.78,0
1198,2813.406,"Mount",0.001,0.041,-0.036,-0.020,-0.008,0.000,9,E,0,,,,175988,70.79,0
1199,2815.769,"Mount",0.044,-0.133,0.138,0.023,0.048,0.000,53,W,0,,,,189836,84.57,0
1200,2818.012,"Mount",0.139,-0.004,0.067,-0.121,0.004,-0.044,5,W,19,N,,,177336,75.59,0
1201,2820.431,"Mount",0.000,-0.244,0.216,0.112,0.077,0.039,84,W,17,S,,,191449,81.39,0
1202,2822.588,"Mount",-0.067,-0.056,0.019,0.085,-0.015,0.032,17,E,14,S,,,192545,75.13,0
1203,2824.958,"Mount",0.067,-0.066,0.089,-0.029,0.047,0.000,51,W,0,,,,184372,70.65,0
1204,2827.182,"Mount",-0.063,-0.174,0.125,0.136,0.061,0.049,67,W,21,S,,,191067,87.84,0
1205,2829.557,"Mount",0.085,0.006,0.034,-0.078,0.001,-0.026,1,W,11,N,,,185106,76.76,0
1206,2831.617,"Mount",0.034,0.007,0.009,-0.033,-0.005,0.000,5,E,0,,,,161256,69.02,0
1207,2834.032,"Mount",0.141,-0.143,0.192,-0.059,0.103,0.000,112,W,0,,,,207005,83.18,0
1208,2836.516,"Mount",0.524,-0.412,0.607,-0.274,0.293,-0.099,320,W,42,N,,,187263,77.27,0
1209,2838.833,"Mount",-0.020,-0.052,0.037,0.042,0.030,0.000,33,W,0,,,,198849,74.75,0
1210,2841.005,"Mount",-0.101,-0.014,-0.034,0.097,0.044,0.035,48,W,15,S,,,184176,69.87,0
1211,2843.416,"Mount",-0.009,-0.110,0.093,0.059,0.102,0.000,111,W,0,,,,236244,86.28,0
1212,2845.632,"Mount",-0.186,-0.112,0.014,0.217,0.057,0.078,62,W,33,S,,,226989,87.45,0
1213,2847.949,"Mount",0.000,-0.029,0.026,0.013,0.033,0.000,36,W,0,,,,217411,87.96,0
1214,2850.130,"Mount",0.203,0.046,0.053,-0.202,0.024,-0.073,26,W,31,N,,,184634,73.99,0
1215,2852.598,"Mount",-0.068,-0.167,0.117,0.137,0.082,0.046,89,W,20,S,,,216578,85.05,0
1216,2854.809,"Mount",-0.020,-0.173,0.144,0.097,0.070,0.037,76,W,16,S,,,196928,75.76,0
1217,2857.173,"Mount",0.117,0.029,0.028,-0.117,0.014,-0.041,15,W,17,N,,,213595,84.17,0
1218,2859.349,"Mount",0.141,0.024,0.044,-0.136,0.023,-0.050,25,W,22,N,,,206448,78.05,0
1219,2861.694,"Mount",0.026,-0.067,0.071,0.007,0.063,0.000,69,W,0,,,,209299,83.01,0
1220,2863.767,"Mount",-0.056,0.115,-0.128,-0.004,-0.003,0.000,3,E,0,,,,217289,79.53,0
1221,2866.207,"Mount",-0.110,-0.055,-0.002,0.123,0.063,0.044,69,W,19,S,,,210385,83.07,0
1222,2868.376,"Mount",-0.022,-0.048,0.032,0.042,0.063,0.000,69,W,0,,,,231825,86.31,0
1223,2870.791,"Mount",0.090,0.081,-0.030,-0.117,0.059,-0.042,65,W,18,N,,,224967,85.92,0
1224,2872.957,"Mount",-0.016,-0.037,0.025,0.031,0.062,0.000,67,W,0,,,,232270,95.54,0
1225,2875.294,"Mount",-0.081,0.065,-0.095,0.041,0.010,0.000,11,W,0,,,,221096,87.66,0
1226,2877.382,"Mount",-0.108,0.105,-0.143,0.048,-0.018,0.000,19,E,0,,,,224430,85.77,0
1227,2879.693,"Mount",-0.067,0.053,-0.078,0.035,-0.011,0.000,12,E,0,,,,235675,88.80,0
1228,2881.778,"Mount",-0.064,0.054,-0.077,0.032,-0.015,0.000,16,E,0,,,,245688,90.85,0
1229,2884.144,"Mount",-0.016,0.151,-0.141,-0.056,-0.052,0.000,56,E,0,,,,247987,94.54,0
1230,2886.205,"Mount",-0.003,0.007,-0.008,-0.000,-0.003,0.000,3,E,0,,,,241782,87.28,0
1231,2888.607,"Mount",-0.133,0.006,-0.067,0.115,-0.041,0.041,44,E,18,S,,,248420,90.85,0
1232,2890.682,"Mount",0.069,-0.020,0.050,-0.052,-0.006,0.000,6,E,0,,,,223334,79.26,0
1233,2893.189,"Mount",0.186,0.079,0.015,-0.202,-0.003,-0.073,3,E,31,N,,,252314,87.30,0
1234,2895.398,"Mount",-0.075,-0.051,0.011,0.090,-0.016,0.030,17,E,13,S,,,251121,84.91,0
1235,2897.777,"Mount",-0.121,-0.056,-0.006,0.133,-0.012,0.049,13,E,21,S,,,274083,87.67,0
1236,2899.969,"Mount",0.099,-0.180,0.205,-0.005,0.090,0.000,98,W,0,,,,274079,96.00,0
1237,2902.408,"Mount",0.120,-0.029,0.081,-0.093,0.030,-0.034,33,W,14,N,,,273097,103.60,0
1238,2904.558,"Mount",0.093,-0.162,0.187,-0.008,0.072,0.000,79,W,0,,,,278986,102.07,0
1239,2907.191,"Mount",0.369,-0.455,0.573,-0.117,0.256,-0.042,279,W,18,N,,,244650,80.73,0
1240,2909.559,"Mount",0.056,-0.481,0.453,0.173,0.194,0.061,212,W,26,S,,,288574,100.13,0
1241,2911.979,"Mount",-0.051,-0.048,0.019,0.068,0.025,0.027,27,W,11,S,,,273698,90.81,0
1242,2914.317,"Mount",0.166,-0.028,0.101,-0.134,0.115,-0.047,126,W,20,N,,,259156,85.70,0
1243,2916.687,"Mount",-0.019,-0.069,0.052,0.049,0.088,0.000,95,W,0,,,,288919,95.66,0
1244,2918.865,"Mount",-0.037,0.027,-0.041,0.021,0.061,0.000,66,W,0,,,,307968,101.29,0
1245,2921.255,"Mount",0.065,0.037,-0.003,-0.075,0.039,-0.027,43,W,12,N,,,294951,93.05,0
1246,2923.464,"Mount",-0.111,-0.078,0.018,0.135,0.031,0.047,34,W,20,S,,,304248,112.40,0
1247,2925.911,"Mount",0.111,-0.126,0.163,-0.040,0.128,0.000,139,W,0,,,,313498,102.28,0
1248,2928.108,"Mount",0.107,0.034,0.019,-0.111,0.060,-0.040,66,W,17,N,,,293402,96.59,0
1249,2930.554,"Mount",-0.139,0.086,-0.140,0.084,0.030,0.029,33,W,12,S,,,330119,114.53,0
1250,2932.769,"Mount",0.126,0.019,0.041,-0.121,0.075,-0.042,82,W,18,N,,,327025,105.88,0
1251,2935.232,"Mount",-0.283,0.214,-0.320,0.152,-0.071,0.053,77,E,23,S,,,310497,106.78,0
1252,2937.319,"Mount",-0.124,0.112,-0.156,0.059,-0.006,0.000,7,E,0,,,,264903,94.22,0
1253,2939.755,"Mount",-0.422,0.012,-0.205,0.369,-0.043,0.133,47,E,57,S,,,302267,113.63,0
1254,2942.018,"Mount",-0.008,0.393,-0.352,-0.174,-0.120,-0.057,130,E,25,N,,,278870,110.77,0
1255,2944.310,"Mount",0.032,0.048,-0.028,-0.050,0.025,0.000,27,W,0,,,,305077,106.45,0
1256,2946.484,"Mount",0.045,0.152,-0.114,-0.110,-0.016,-0.040,17,E,17,N,,,309282,99.68,0
1257,2948.868,"Mount",0.102,0.146,-0.082,-0.158,-0.003,-0.058,4,E,25,N,,,286459,96.27,0
1258,2951.045,"Mount",0.154,0.109,-0.026,-0.187,0.013,-0.070,14,W,30,N,,,312587,110.73,0
1259,2953.379,"Mount",0.074,-0.020,0.052,-0.056,0.007,0.000,8,W,0,,,,261195,90.75,0
1260,2955.502,"Mount",-0.005,0.067,-0.062,-0.027,-0.017,0.000,19,E,0,,,,256401,89.53,0
1261,2957.882,"Mount",0.055,0.032,-0.003,-0.064,0.015,-0.023,16,W,10,N,,,289833,102.24,0
1262,2960.020,"Mount",-0.061,-0.050,0.016,0.077,0.014,0.027,15,W,12,S,,,267876,92.60,0
1263,2962.355,"Mount",-0.066,0.060,-0.084,0.031,-0.033,0.000,36,E,0,,,,273701,102.66,0
1264,2964.509,"Mount",-0.079,0.036,-0.068,0.054,-0.054,0.000,58,E,0,,,,253465,100.88,0
1265,2966.955,"Mount",-0.294,-0.086,-0.059,0.300,-0.039,0.108,42,E,46,S,,,239649,88.63,0
1266,2969.355,"Mount",-0.179,0.145,-0.211,0.092,-0.150,0.037,164,E,16,S,,,252528,90.32,0
1267,2971.765,"Mount",0.087,0.053,-0.007,-0.101,-0.053,-0.035,58,E,15,N,,,262683,90.64,0
1268,2973.925,"Mount",0.102,-0.020,0.064,-0.081,-0.021,-0.031,22,E,13,N,,,250497,88.86,0
1269,2976.241,"Mount",0.090,-0.080,0.112,-0.043,0.012,0.000,13,W,0,,,,248000,96.95,0
1270,2978.426,"Mount",0.206,-0.026,0.118,-0.171,0.041,-0.062,45,W,26,N,,,264128,96.25,0
1271,2980.726,"Mount",0.005,0.068,-0.058,-0.035,-0.011,0.000,11,E,0,,,,254838,104.30,0
1272,2982.858,"Mount",0.104,-0.113,0.148,-0.040,0.058,0.000,63,W,0,,,,268778,90.44,0
1273,2985.177,"Mount",-0.014,0.019,-0.023,0.004,-0.005,0.000,5,E,0,,,,234220,81.55,0
1274,2987.279,"Mount",0.057,0.014,0.014,-0.057,-0.005,0.000,5,E,0,,,,247258,84.67,0
1275,2989.605,"Mount",0.035,0.083,-0.057,-0.070,-0.008,-0.025,9,E,11,N,,,221738,84.03,0
1276,2991.720,"Mount",-0.024,-0.038,0.023,0.039,-0.015,0.000,17,E,0,,,,235954,91.51,0
1277,2994.121,"Mount",-0.135,-0.027,-0.038,0.132,-0.019,0.048,20,E,20,S,,,237123,85.56,0
1278,2996.243,"Mount",-0.037,-0.015,-0.004,0.040,-0.011,0.000,12,E,0,,,,243172,90.66,0
1279,2998.656,"Mount",0.193,-0.026,0.112,-0.159,0.044,-0.057,49,W,25,N,,,237843,82.14,0
1280,3000.739,"Mount",0.006,-0.010,0.012,-0.001,-0.017,0.000,19,E,0,,,,207021,79.64,0
1281,3003.040,"Mount",-0.002,-0.038,0.032,0.019,-0.011,0.000,12,E,0,,,,212980,87.26,0
1282,3005.209,"Mount",0.151,-0.026,0.092,-0.122,0.027,-0.044,30,W,19,N,,,211237,79.88,0
1283,3007.655,"Mount",-0.125,0.017,-0.072,0.104,-0.074,0.036,81,E,15,S,,,209493,73.59,0
1284,3009.902,"Mount",-0.126,0.064,-0.115,0.082,-0.088,0.031,96,E,13,S,,,210487,87.65,0
1285,3012.297,"Mount",-0.138,-0.194,0.109,0.212,0.032,0.077,35,W,33,S,,,205523,78.35,0
1286,3014.512,"Mount",0.067,0.005,0.026,-0.062,-0.040,-0.019,44,E,8,N,,,196256,81.64,0
1287,3016.891,"Mount",-0.045,-0.041,0.016,0.059,-0.041,0.000,44,E,0,,,,203223,79.27,0
1288,3018.972,"Mount",-0.001,0.041,-0.037,-0.018,-0.003,0.000,3,E,0,,,,182950,69.44,0
1289,3021.389,"Mount",0.096,0.023,0.023,-0.096,-0.017,-0.034,18,E,15,N,,,169680,71.37,0
1290,3023.584,"Mount",-0.103,0.015,-0.060,0.084,-0.053,0.029,58,E,12,S,,,166999,67.87,0
1291,3026.057,"Mount",-0.222,0.094,-0.186,0.153,-0.096,0.056,105,E,24,S,,,156883,69.23,0
1292,3028.252,"Mount",0.116,-0.053,0.100,-0.079,0.033,-0.026,36,W,11,N,,,137055,60.76,0
1293,3030.586,"Mount",-0.069,-0.090,0.048,0.103,-0.010,0.036,10,E,15,S,,,155511,65.11,0
1294,3032.737,"Mount",0.110,-0.010,0.060,-0.092,-0.015,-0.032,17,E,14,N,,,166476,68.85,0
1295,3035.121,"Mount",0.080,0.006,0.032,-0.074,-0.029,-0.028,31,E,12,N,,,161879,58.76,0
1296,3037.239,"Mount",-0.031,-0.070,0.048,0.059,-0.043,0.000,47,E,0,,,,154958,66.80,0
1297,3039.654,"Mount",0.085,0.035,0.008,-0.092,-0.023,-0.033,25,E,14,N,,,160980,65.16,0
1298,3041.808,"Mount",-0.156,-0.020,-0.054,0.148,0.011,0.052,12,W,22,S,,,160659,70.61,0
1299,3044.229,"Mount",-0.003,0.193,-0.173,-0.086,-0.073,-0.029,79,E,12,N,,,169319,74.04,0
1300,3046.303,"Mount",0.030,0.030,-0.013,-0.040,0.006,0.000,6,W,0,,,,166567,67.44,0
1301,3048.690,"Mount",0.072,0.112,-0.066,-0.116,-0.047,-0.042,52,E,18,N,,,173034,73.62,0
1302,3051.029,"Mount",-0.032,0.307,-0.287,-0.113,-0.170,-0.042,185,E,18,N,,,181432,77.01,0
1303,3053.554,"Mount",-0.256,0.095,-0.202,0.183,-0.142,0.064,155,E,28,S,,,187256,74.51,0
1304,3055.846,"Mount",-0.182,0.089,-0.163,0.120,-0.133,0.046,145,E,20,S,,,176885,76.06,0
1305,3058.198,"Mount",0.136,-0.016,0.077,-0.114,-0.038,-0.039,42,E,17,N,,,203933,85.26,0
1306,3060.430,"Mount",0.153,0.052,0.024,-0.160,-0.075,-0.059,82,E,25,N,,,192638,76.76,0
1307,3062.784,"Mount",0.115,-0.107,0.148,-0.053,-0.024,0.000,26,E,0,,,,180945,70.14,0
1308,3064.961,"Mount",0.028,0.060,-0.041,-0.053,-0.086,0.000,94,E,0,,,,197329,85.59,0
1309,3067.356,"Mount",-0.001,-0.058,0.051,0.028,-0.085,0.000,93,E,0,,,,206487,74.80,0
1310,3069.477,"Mount",0.034,-0.070,0.077,0.002,-0.025,0.000,27,E,0,,,,191584,74.81,0
1311,3071.985,"Mount",0.234,-0.296,0.370,-0.071,0.116,-0.026,126,W,11,N,,,192564,79.08,0
1312,3074.159,"Mount",0.077,-0.206,0.218,0.027,0.072,0.000,78,W,0,,,,197024,72.52,0
1313,3076.549,"Mount",-0.030,-0.044,0.026,0.047,0.007,0.000,8,W,0,,,,194306,78.36,0
1314,3078.647,"Mount",-0.003,0.041,-0.037,-0.016,0.010,0.000,11,W,0,,,,224922,84.84,0
1315,3081.021,"Mount",-0.043,0.169,-0.170,-0.039,-0.046,0.000,50,E,0,,,,225264,90.62,0
1316,3083.142,"Mount",-0.065,0.008,-0.037,0.054,-0.001,0.000,1,E,0,,,,239528,87.79,0
1317,3085.460,"Mount",-0.014,0.052,-0.053,-0.012,-0.028,0.000,31,E,0,,,,235548,92.58,0
1318,3087.870,"Mount",-0.420,0.064,-0.250,0.343,-0.158,0.124,172,E,53,S,,,223756,77.76,0
1319,3090.378,"Mount",0.068,0.153,-0.104,-0.131,-0.110,-0.042,120,E,18,N,,,210551,80.15,0
1320,3092.538,"Mount",0.037,0.005,0.013,-0.035,-0.051,0.000,55,E,0,,,,253466,90.81,0
1321,3095.059,"Mount",0.066,0.231,-0.175,-0.166,-0.118,-0.060,129,E,26,N,,,249194,93.01,0
1322,3097.178,"Mount",0.011,-0.047,0.047,0.012,-0.039,0.000,43,E,0,,,,264438,94.59,0
1323,3099.564,"Mount",-0.036,0.088,-0.095,-0.009,-0.079,0.000,86,E,0,,,,254533,89.23,0
1324,3101.981,"Mount",0.053,0.327,-0.266,-0.198,-0.162,-0.071,177,E,30,N,,,215854,86.23,0
1325,3104.221,"DROP",,,,,,,,,,,,,19083,25.33,7,"Star lost - mass changed"
1325,3104.351,"Mount",0.000,0.000,-0.057,0.000,-0.057,0.000,63,E,0,,,,215854,86.23,7
1326,3106.373,"DROP",,,,,,,,,,,,,0,0.00,2,"Star lost - low SNR"
1326,3106.500,"Mount",0.000,0.000,-0.059,0.000,-0.059,0.000,64,E,0,,,,215854,86.23,2
1327,3108.738,"DROP",,,,,,,,,,,,,0,0.00,2,"Star lost - low SNR"
1327,3108.849,"Mount",0.000,0.000,-0.055,0.000,-0.055,0.000,60,E,0,,,,215854,86.23,2
1328,3110.878,"DROP",,,,,,,,,,,,,0,0.00,2,"Star lost - low SNR"
1328,3110.983,"Mount",0.000,0.000,-0.042,0.000,-0.042,0.000,45,E,0,,,,215854,86.23,2
1329,3113.265,"DROP",,,,,,,,,,,,,0,0.00,2,"Star lost - low SNR"
1329,3113.363,"Mount",0.000,0.000,-0.041,0.000,-0.041,0.000,45,E,0,,,,215854,86.23,2
1330,3115.411,"DROP",,,,,,,,,,,,,0,0.00,2,"Star lost - low SNR"
1330,3115.496,"Mount",0.000,0.000,-0.051,0.000,-0.051,0.000,56,E,0,,,,215854,86.23,2
1331,3117.814,"DROP",,,,,,,,,,,,,3941,17.50,7,"Star lost - mass changed"
1331,3117.944,"Mount",0.000,0.000,-0.065,0.000,-0.065,0.000,70,E,0,,,,215854,86.23,7
1332,3119.966,"DROP",,,,,,,,,,,,,1995,12.31,7,"Star lost - mass changed"
1332,3120.083,"Mount",0.000,0.000,-0.061,0.000,-0.061,0.000,66,E,0,,,,215854,86.23,7
1333,3122.339,"DROP",,,,,,,,,,,,,2429,14.21,7,"Star lost - mass changed"
1333,3122.465,"Mount",0.000,0.000,-0.072,0.000,-0.072,0.000,78,E,0,,,,215854,86.23,7
1334,3124.490,"DROP",,,,,,,,,,,,,4340,21.40,7,"Star lost - mass changed"
1334,3124.619,"Mount",0.000,0.000,-0.074,0.000,-0.074,0.000,80,E,0,,,,215854,86.23,7
1335,3126.851,"DROP",,,,,,,,,,,,,1635,11.20,7,"Star lost - mass changed"
1335,3126.994,"Mount",0.000,0.000,-0.072,0.000,-0.072,0.000,78,E,0,,,,215854,86.23,7
1336,3129.017,"DROP",,,,,,,,,,,,,4049,19.11,7,"Star lost - mass changed"
1336,3129.147,"Mount",0.000,0.000,-0.073,0.000,-0.073,0.000,79,E,0,,,,215854,86.23,7
1337,3131.426,"DROP",,,,,,,,,,,,,3352,17.68,7,"Star lost - mass changed"
1337,3131.573,"Mount",0.000,0.000,-0.086,0.000,-0.086,0.000,94,E,0,,,,215854,86.23,7
1338,3133.586,"DROP",,,,,,,,,,,,,3308,15.27,7,"Star lost - mass changed"
1338,3133.727,"Mount",0.000,0.000,-0.085,0.000,-0.085,0.000,93,E,0,,,,215854,86.23,7
1339,3135.979,"DROP",,,,,,,,,,,,,0,0.00,2,"Star lost - low SNR"
1339,3136.155,"Mount",0.000,0.000,-0.103,0.000,-0.103,0.000,112,E,0,,,,215854,86.23,2
1340,3141.173,"Mount",-18.585,-8.967,-0.598,20.625,-0.353,7.422,385,E,2500,S,,,3799,17.80,0
1341,3146.771,"Mount",-31.771,-14.981,-1.332,35.098,-0.689,12.932,751,E,2500,S,,,2518,13.05,0
1342,3149.001,"DROP",,,,,,,,,,,,,0,0.00,2,"Star lost - low SNR"
1342,3149.135,"Mount",0.000,0.000,-0.071,0.000,-0.071,0.000,78,E,0,,,,2518,13.05,2
1343,3151.148,"DROP",,,,,,,,,,,,,3989,20.06,8,"No star found"
1343,3151.230,"Mount",0.000,0.000,-0.020,0.000,-0.020,0.000,22,E,0,,,,2518,13.05,8
1344,3153.509,"DROP",,,,,,,,,,,,,4024,19.27,8,"No star found"
1344,3153.588,"Mount",0.000,0.000,-0.026,0.000,-0.026,0.000,28,E,0,,,,2518,13.05,8
1345,3160.314,"Mount",-48.947,-30.113,4.191,57.321,1.876,21.153,2046,W,0,,,,2206,14.89,0
Guiding Ends at 2026-04-03 00:08:12

Guiding Begins at 2026-04-03 00:27:26
Equipment Profile = 60mmGuide
Dither = both axes, Dither scale = 1.000, Image noise reduction = none, Guide-frame time lapse = 0, Server enabled
Pixel scale = 3.22 arc-sec/px, Binning = 1, Focal length = 240 mm
Search region = 25 px, Star mass tolerance = 50.0%, Multi-star mode, list size = 7
 Camera = ZWO ASI120MM Mini, gain = 37, full size = 1280 x 960, have dark, dark dur = 2000, no defect map, pixel size = 3.8 um
Exposure = 2000 ms
Mount = iOptron CEM120,70,40,26, GEM, HEM, HAE, HAZ series and SkyHunter Mount (ASCOM), connected, guiding enabled, xAngle = -62.6, xRate = 0.917, yAngle = -152.7, yRate = 2.338, parity = +/-
Norm rates RA = 8.3"/s @ dec 0, Dec = 7.5"/s; ortho.err. = 0.1 deg
X guide algorithm = Predictive PEC, Control gain = 0.450
Prediction gain = 0.750
Minimum move = 0.060
Hyperparameters
	Length scale long range SE kernel = 700.000
	Signal variance long range SE kernel = 20.000
	Length scale periodic kernel = 10.000
	Signal variance periodic kernel = 20.000
	Length scale short range SE kernel = 25.000
	Signal variance short range SE kernel = 10.000
	Period length periodic kernel = 348.000
	FFT called after = 2.000 worm cycles
	Auto-adjust period length = Off
Y guide algorithm = Hysteresis, Hysteresis = 0.100, Aggression = 0.400, Minimum move = 0.060
Backlash comp = disabled, pulse = 100 ms
Max RA duration = 2500, Max DEC duration = 2500, DEC guide mode = Auto
RA Guide Speed = 7.5 a-s/s, Dec Guide Speed = 7.5 a-s/s, Cal Dec = 0.0, Last Cal Issue = None, Timestamp = 7/29/2025 9:33:42 PM
RA = 9.99 hr, Dec = 69.1 deg, Hour angle = 1.61 hr, Pier side = East, Rotator pos = N/A, Alt = 50.0 deg, Az = 346.9 deg
Lock position = 678.266, 740.086, Star position = 678.266, 740.086, HFD = 4.27 px
Frame,Time,mount,dx,dy,RARawDistance,DECRawDistance,RAGuideDistance,DECGuideDistance,RADuration,RADirection,DECDuration,DECDirection,XStep,YStep,StarMass,SNR,ErrorCode
INFO: SETTLING STATE CHANGE, Settling started
1,2.361,"Mount",0.102,-0.310,0.323,0.053,0.145,0.000,158,W,0,,,,191837,76.80,0
2,4.795,"Mount",0.032,-0.220,0.210,0.073,0.094,0.026,103,W,11,S,,,184513,75.22,0
3,7.273,"Mount",-0.376,-0.740,0.484,0.675,0.218,0.244,237,W,104,S,,,175060,65.54,0
4,9.684,"Mount",0.187,0.180,-0.074,-0.249,-0.033,-0.080,36,E,34,N,,,183706,75.90,0
5,11.894,"Mount",0.141,0.157,-0.074,-0.198,-0.033,-0.074,36,E,32,N,,,166668,71.41,0
6,14.414,"Mount",0.030,-0.232,0.220,0.080,0.099,0.026,108,W,11,S,,,155397,61.43,0
7,16.520,"Mount",-0.194,-0.151,0.045,0.242,0.000,0.088,0,,38,S,,,141293,60.23,0
8,18.827,"Mount",0.079,0.095,-0.048,-0.114,0.000,-0.037,0,,16,N,,,159475,61.56,0
9,21.071,"Mount",0.286,0.037,0.099,-0.270,0.044,-0.099,48,W,42,N,,,146847,61.99,0
INFO: SETTLING STATE CHANGE, Settling complete
10,23.568,"Mount",-0.244,0.178,-0.270,0.134,-0.122,0.044,133,E,19,S,,,162701,64.91,0
Guiding Ends at 2026-04-03 00:27:51

Guiding Begins at 2026-04-03 00:28:26
Equipment Profile = 60mmGuide
Dither = both axes, Dither scale = 1.000, Image noise reduction = none, Guide-frame time lapse = 0, Server enabled
Pixel scale = 3.22 arc-sec/px, Binning = 1, Focal length = 240 mm
Search region = 25 px, Star mass tolerance = 50.0%, Multi-star mode, list size = 11
 Camera = ZWO ASI120MM Mini, gain = 37, full size = 1280 x 960, have dark, dark dur = 2000, no defect map, pixel size = 3.8 um
Exposure = 2000 ms
Mount = iOptron CEM120,70,40,26, GEM, HEM, HAE, HAZ series and SkyHunter Mount (ASCOM), connected, guiding enabled, xAngle = -62.6, xRate = 0.917, yAngle = -152.7, yRate = 2.338, parity = +/-
Norm rates RA = 8.3"/s @ dec 0, Dec = 7.5"/s; ortho.err. = 0.1 deg
X guide algorithm = Predictive PEC, Control gain = 0.450
Prediction gain = 0.750
Minimum move = 0.060
Hyperparameters
	Length scale long range SE kernel = 700.000
	Signal variance long range SE kernel = 20.000
	Length scale periodic kernel = 10.000
	Signal variance periodic kernel = 20.000
	Length scale short range SE kernel = 25.000
	Signal variance short range SE kernel = 10.000
	Period length periodic kernel = 348.000
	FFT called after = 2.000 worm cycles
	Auto-adjust period length = Off
Y guide algorithm = Hysteresis, Hysteresis = 0.100, Aggression = 0.400, Minimum move = 0.060
Backlash comp = disabled, pulse = 100 ms
Max RA duration = 2500, Max DEC duration = 2500, DEC guide mode = Auto
RA Guide Speed = 7.5 a-s/s, Dec Guide Speed = 7.5 a-s/s, Cal Dec = 0.0, Last Cal Issue = None, Timestamp = 7/29/2025 9:33:42 PM
RA = 9.99 hr, Dec = 69.1 deg, Hour angle = 1.63 hr, Pier side = East, Rotator pos = N/A, Alt = 50.0 deg, Az = 346.7 deg
Lock position = 678.361, 739.819, Star position = 678.361, 739.819, HFD = 4.16 px
Frame,Time,mount,dx,dy,RARawDistance,DECRawDistance,RAGuideDistance,DECGuideDistance,RADuration,RADirection,DECDuration,DECDirection,XStep,YStep,StarMass,SNR,ErrorCode
INFO: SETTLING STATE CHANGE, Settling started
1,2.343,"Mount",0.014,0.242,-0.209,-0.124,-0.094,-0.045,102,E,19,N,,,217382,74.97,0
2,4.818,"Mount",-0.738,-0.389,0.005,0.835,0.002,0.299,3,W,128,S,,,204330,73.73,0
3,7.089,"Mount",0.203,0.360,-0.226,-0.346,-0.102,-0.113,111,E,48,N,,,247130,111.83,0
4,9.575,"Mount",0.411,0.375,-0.144,-0.538,-0.065,-0.198,71,E,85,N,,,224890,85.96,0
5,11.821,"Mount",-0.503,-0.348,0.078,0.607,0.035,0.210,38,W,90,S,,,249775,98.32,0
6,14.200,"Mount",-0.007,0.133,-0.121,-0.056,-0.054,0.000,59,E,0,,,,244740,85.67,0
7,16.394,"Mount",0.065,0.143,-0.097,-0.124,-0.043,-0.045,47,E,19,N,,,252442,94.10,0
8,18.701,"Mount",-0.008,0.025,-0.026,-0.005,-0.012,0.000,13,E,0,,,,231567,79.44,0
9,20.829,"Mount",-0.061,0.069,-0.089,0.023,-0.040,0.000,44,E,0,,,,248861,89.16,0
INFO: SETTLING STATE CHANGE, Settling complete
10,23.211,"Mount",0.024,-0.154,0.148,0.050,0.067,0.000,73,W,0,,,,228902,79.31,0
11,25.394,"Mount",-0.228,-0.041,-0.068,0.221,-0.019,0.080,21,E,34,S,,,277376,106.31,0
12,27.820,"Mount",0.045,0.227,-0.181,-0.144,-0.066,-0.049,72,E,21,N,,,228327,77.50,0
13,29.952,"Mount",-0.019,0.130,-0.124,-0.043,-0.043,0.000,47,E,0,,,,268012,90.50,0
14,32.443,"Mount",-0.150,0.133,-0.187,0.072,-0.072,0.026,78,E,11,S,,,256239,86.72,0
15,34.653,"Mount",0.229,-0.010,0.114,-0.199,0.053,-0.071,58,W,30,N,,,266865,90.84,0
16,37.091,"Mount",-0.268,-0.262,0.109,0.359,0.049,0.126,54,W,54,S,,,267047,88.36,0
17,39.213,"Mount",-0.206,-0.063,-0.039,0.212,0.007,0.081,8,W,35,S,,,286046,104.10,0
18,41.612,"Mount",0.260,0.095,0.036,-0.275,0.006,-0.096,7,W,41,N,,,276933,101.89,0
19,43.844,"Mount",0.371,0.083,0.097,-0.367,0.047,-0.136,51,W,58,N,,,270954,91.53,0
20,46.296,"Mount",-0.459,-0.152,-0.077,0.478,-0.026,0.167,28,E,71,S,,,248096,88.36,0
21,48.488,"Mount",0.424,0.212,0.007,-0.474,0.006,-0.164,6,W,70,N,,,277725,95.46,0
22,50.983,"Mount",-0.246,-0.383,0.226,0.395,0.097,0.136,106,W,58,S,,,265108,101.01,0
23,53.203,"Mount",0.210,0.271,-0.144,-0.311,-0.054,-0.107,59,E,46,N,,,268495,88.66,0
24,55.598,"Mount",-0.005,-0.079,0.068,0.041,0.038,0.000,41,W,0,,,,268332,105.83,0
25,57.857,"Mount",-0.098,-0.029,-0.019,0.100,0.005,0.036,5,W,15,S,,,283062,95.16,0
26,60.140,"Mount",-0.003,-0.006,0.004,0.006,0.006,0.000,6,W,0,,,,283216,96.40,0
27,62.263,"Mount",-0.089,0.019,-0.058,0.070,0.003,0.025,3,W,11,S,,,294399,116.22,0
28,64.636,"Mount",0.043,0.129,-0.094,-0.098,-0.035,-0.034,38,E,15,N,,,272952,86.44,0
29,66.832,"Mount",0.024,0.180,-0.149,-0.105,-0.059,-0.039,64,E,17,N,,,291095,104.25,0
30,69.248,"Mount",-0.285,-0.062,-0.076,0.281,-0.029,0.100,32,E,43,S,,,287121,95.49,0
31,71.433,"Mount",-0.009,0.149,-0.137,-0.060,-0.060,-0.018,65,E,8,N,,,309116,108.53,0
32,73.822,"Mount",-0.082,0.179,-0.197,-0.010,-0.083,0.000,90,E,0,,,,266579,92.81,0
33,76.004,"Mount",0.028,0.214,-0.177,-0.123,-0.080,-0.044,87,E,19,N,,,286656,93.07,0
34,78.419,"Mount",-0.116,0.085,-0.129,0.064,-0.060,0.021,65,E,9,S,,,329083,105.97,0
35,80.594,"Mount",-0.098,0.049,-0.088,0.065,-0.042,0.024,45,E,10,S,,,302778,104.16,0
36,82.982,"Mount",-0.073,0.150,-0.167,-0.004,-0.083,0.000,91,E,0,,,,293016,94.56,0
37,85.164,"Mount",0.100,0.060,-0.007,-0.117,-0.010,-0.042,11,E,18,N,,,282862,95.06,0
38,87.669,"Mount",-0.112,0.021,-0.070,0.089,-0.026,0.031,29,E,13,S,,,304630,102.77,0
39,89.730,"Mount",-0.063,0.004,-0.033,0.054,0.008,0.000,9,W,0,,,,305918,104.47,0
40,92.176,"Mount",-0.134,0.096,-0.147,0.075,-0.048,0.027,53,E,12,S,,,297978,104.02,0
41,94.344,"Mount",-0.093,0.150,-0.176,0.013,-0.058,0.000,63,E,0,,,,272416,100.70,0
42,96.699,"Mount",0.044,0.062,-0.034,-0.068,-0.007,-0.024,8,E,10,N,,,273604,90.48,0
43,98.806,"Mount",-0.113,-0.039,-0.017,0.118,-0.007,0.042,8,E,18,S,,,292476,103.36,0
44,101.109,"Mount",0.055,0.017,0.011,-0.057,-0.014,0.000,15,E,0,,,,293493,96.16,0
45,103.283,"Mount",0.017,0.152,-0.127,-0.085,-0.066,-0.031,72,E,13,N,,,310629,110.02,0
46,105.635,"Mount",-0.010,0.058,-0.056,-0.018,-0.013,0.000,14,E,0,,,,323890,101.90,0
47,107.728,"Mount",-0.067,0.049,-0.074,0.037,-0.030,0.000,33,E,0,,,,306597,104.03,0
48,110.011,"Mount",-0.064,0.021,-0.049,0.047,0.006,0.000,6,W,0,,,,276132,95.37,0
49,112.236,"Mount",0.178,0.288,-0.173,-0.291,-0.067,-0.105,73,E,45,N,,,276003,105.18,0
50,114.536,"Mount",-0.061,0.042,-0.065,0.035,-0.018,0.000,20,E,0,,,,297108,105.16,0
51,116.685,"Mount",-0.216,-0.049,-0.056,0.214,-0.003,0.077,3,E,33,S,,,283606,99.18,0
52,119.144,"Mount",-0.208,0.186,-0.261,0.099,-0.112,0.039,122,E,16,S,,,306079,102.73,0
53,121.279,"Mount",-0.047,0.130,-0.137,-0.018,-0.065,0.000,71,E,0,,,,300195,97.23,0
54,123.652,"Mount",-0.070,0.163,-0.177,-0.013,-0.085,0.000,92,E,0,,,,273870,110.06,0
55,125.895,"Mount",-0.162,0.087,-0.152,0.103,-0.094,0.037,103,E,16,S,,,257407,93.04,0
56,128.307,"Mount",-0.084,0.242,-0.254,-0.037,-0.139,0.000,151,E,0,,,,224197,77.95,0
57,130.530,"Mount",-0.079,0.167,-0.185,-0.007,-0.108,0.000,118,E,0,,,,272370,108.65,0
58,133.018,"Mount",-0.130,0.245,-0.278,0.002,-0.138,0.000,150,E,0,,,,224625,85.61,0
59,135.031,"DROP",,,,,,,,,,,,,217927,89.16,8,"No star found"
60,137.623,"Mount",0.018,0.242,-0.206,-0.128,-0.098,-0.046,107,E,20,N,,,219394,84.02,0
61,139.864,"Mount",0.066,0.266,-0.206,-0.182,-0.088,-0.067,96,E,29,N,,,229285,92.02,0
62,142.286,"Mount",-0.169,0.016,-0.092,0.143,-0.038,0.049,41,E,21,S,,,245705,91.16,0
63,144.467,"Mount",-0.087,0.211,-0.227,-0.020,-0.090,0.000,98,E,0,,,,264337,105.53,0
64,146.867,"Mount",-0.115,0.182,-0.215,0.018,-0.080,0.000,87,E,0,,,,260651,87.95,0
65,149.094,"Mount",-0.153,0.102,-0.161,0.088,-0.057,0.032,62,E,14,S,,,312827,98.59,0
66,151.618,"Mount",-0.102,0.357,-0.363,-0.075,-0.141,-0.026,154,E,11,N,,,286036,96.64,0
67,153.819,"Mount",-0.089,0.138,-0.164,0.015,-0.056,0.000,61,E,0,,,,298326,103.77,0
68,156.159,"Mount",-0.105,0.110,-0.145,0.042,-0.058,0.000,63,E,0,,,,278741,89.60,0
69,158.248,"Mount",-0.022,0.135,-0.130,-0.043,-0.048,0.000,52,E,0,,,,296765,104.31,0
70,160.608,"Mount",-0.076,0.178,-0.193,-0.015,-0.073,0.000,79,E,0,,,,283681,111.27,0
71,162.786,"Mount",-0.116,0.057,-0.104,0.076,-0.041,0.028,44,E,12,S,,,331973,108.17,0
72,165.228,"Mount",-0.203,0.099,-0.181,0.135,-0.072,0.050,78,E,21,S,,,275267,92.03,0
73,167.316,"Mount",-0.013,0.098,-0.093,-0.033,-0.036,0.000,39,E,0,,,,300767,99.25,0
74,169.808,"Mount",-0.200,0.165,-0.238,0.101,-0.095,0.036,104,E,16,S,,,305052,116.12,0
75,171.986,"Mount",0.058,0.143,-0.100,-0.117,-0.040,-0.041,44,E,17,N,,,290439,92.28,0
76,174.390,"Mount",0.029,0.088,-0.065,-0.066,-0.025,-0.026,27,E,11,N,,,295364,116.30,0
77,176.452,"Mount",-0.001,0.052,-0.046,-0.023,-0.002,0.000,2,E,0,,,,295578,87.32,0
78,178.871,"Mount",0.022,0.137,-0.111,-0.083,-0.047,-0.030,51,E,13,N,,,295994,95.69,0
79,181.084,"Mount",-0.166,0.059,-0.129,0.120,-0.056,0.042,61,E,18,S,,,262948,89.78,0
80,183.436,"Mount",-0.082,-0.084,0.037,0.112,0.001,0.042,1,W,18,S,,,272863,90.42,0
81,185.551,"Mount",-0.006,-0.082,0.070,0.043,0.031,0.000,34,W,0,,,,289771,95.47,0
82,187.875,"Mount",-0.097,0.001,-0.045,0.085,-0.000,0.031,0,,13,S,,,316094,107.16,0
83,189.998,"Mount",0.046,0.086,-0.055,-0.081,0.002,-0.028,3,W,12,N,,,304290,113.79,0
84,192.369,"Mount",-0.105,0.035,-0.079,0.077,-0.021,0.026,23,E,11,S,,,282754,105.64,0
85,194.467,"Mount",-0.032,0.067,-0.074,-0.002,-0.017,0.000,19,E,0,,,,275544,89.39,0
86,196.772,"Mount",-0.016,-0.015,0.006,0.021,0.005,0.000,5,W,0,,,,243107,79.51,0
87,198.844,"Mount",0.027,0.033,-0.017,-0.039,0.005,0.000,5,W,0,,,,308891,107.03,0
88,201.253,"Mount",0.009,-0.003,0.007,-0.007,-0.001,0.000,1,E,0,,,,319773,129.32,0
89,203.371,"Mount",0.041,-0.056,0.069,-0.010,0.028,0.000,31,W,0,,,,281277,93.91,0
90,205.739,"Mount",-0.048,-0.070,0.040,0.075,0.002,0.027,2,W,12,S,,,246508,83.91,0
91,207.932,"Mount",-0.080,-0.085,0.038,0.110,0.002,0.041,2,W,17,S,,,267323,95.74,0
92,210.226,"Mount",0.023,-0.007,0.016,-0.017,0.002,0.000,3,W,0,,,,259436,90.93,0
93,212.338,"Mount",0.045,-0.042,0.058,-0.020,0.011,0.000,12,W,0,,,,275527,107.91,0
94,214.753,"Mount",0.147,-0.038,0.101,-0.113,0.054,-0.041,59,W,17,N,,,274817,92.38,0
95,216.878,"Mount",0.085,-0.021,0.058,-0.066,-0.005,-0.025,6,E,11,N,,,275179,96.54,0
96,219.248,"Mount",0.030,-0.099,0.102,0.019,0.037,0.000,40,W,0,,,,276292,102.28,0
97,221.452,"Mount",-0.020,-0.208,0.175,0.113,0.073,0.041,79,W,17,S,,,272996,93.73,0
98,223.824,"Mount",0.031,-0.141,0.140,0.038,0.057,0.000,62,W,0,,,,246381,93.90,0
99,225.939,"Mount",0.089,-0.081,0.113,-0.042,0.064,0.000,70,W,0,,,,247304,93.98,0
100,228.418,"Mount",0.030,-0.244,0.230,0.086,0.112,0.031,122,W,13,S,,,247975,88.48,0
101,230.478,"Mount",0.021,-0.030,0.036,-0.005,0.009,0.000,10,W,0,,,,247311,91.83,0
102,232.910,"Mount",0.220,0.016,0.087,-0.202,0.056,-0.073,61,W,31,N,,,259946,103.22,0
103,235.062,"Mount",0.101,-0.134,0.166,-0.028,0.080,0.000,88,W,0,,,,229503,77.90,0
104,237.404,"Mount",0.046,-0.008,0.028,-0.037,-0.031,0.000,33,E,0,,,,228200,78.98,0
105,239.548,"Mount",-0.073,0.033,-0.063,0.050,-0.063,0.000,69,E,0,,,,242567,99.42,0
106,241.945,"Mount",-0.034,-0.068,0.044,0.061,-0.028,0.022,31,E,9,S,,,227083,80.66,0
107,244.068,"Mount",-0.016,-0.100,0.081,0.061,-0.001,0.023,1,E,10,S,,,240861,95.78,0
108,246.529,"Mount",0.042,0.064,-0.038,-0.066,-0.030,-0.023,33,E,10,N,,,253497,97.63,0
109,248.589,"Mount",-0.012,-0.083,0.068,0.049,-0.004,0.000,5,E,0,,,,231344,82.76,0
110,250.968,"Mount",0.003,0.042,-0.035,-0.022,-0.016,0.000,18,E,0,,,,239967,82.08,0
111,253.043,"Mount",0.071,-0.040,0.068,-0.045,0.013,0.000,15,W,0,,,,213938,81.61,0
112,255.410,"Mount",-0.029,-0.012,-0.002,0.032,-0.015,0.000,17,E,0,,,,223384,81.47,0
113,257.608,"Mount",-0.089,-0.012,-0.030,0.084,-0.004,0.030,4,E,13,S,,,216165,84.03,0
114,260.027,"Mount",-0.124,-0.240,0.156,0.220,0.065,0.081,71,W,34,S,,,203716,77.79,0
115,262.224,"Mount",0.421,0.188,0.027,-0.460,0.002,-0.162,2,W,69,N,,,194445,70.85,0
116,264.589,"Mount",-0.171,-0.097,0.008,0.197,0.007,0.064,8,W,28,S,,,216364,86.78,0
117,266.683,"Mount",-0.036,0.014,-0.029,0.025,0.029,0.000,32,W,0,,,,206545,87.20,0
118,269.067,"Mount",0.090,-0.083,0.115,-0.041,0.087,0.000,95,W,0,,,,186366,76.34,0
119,271.231,"Mount",-0.019,-0.094,0.075,0.060,0.053,0.022,57,W,9,S,,,222935,81.65,0
120,273.606,"Mount",0.056,-0.057,0.076,-0.024,0.061,0.000,66,W,0,,,,186249,65.90,0
121,275.904,"Mount",-0.262,-0.270,0.119,0.357,0.098,0.129,107,W,55,S,,,213299,92.62,0
122,278.377,"Mount",0.100,-0.045,0.086,-0.068,0.091,-0.019,99,W,8,N,,,209403,81.66,0
123,280.699,"Mount",0.451,0.080,0.137,-0.437,0.112,-0.158,122,W,68,N,,,206940,77.53,0
124,283.063,"Mount",-0.008,-0.036,0.028,0.024,0.051,0.000,55,W,0,,,,225413,91.19,0
125,285.223,"Mount",0.020,-0.062,0.064,0.011,0.073,0.000,80,W,0,,,,208069,80.23,0
126,287.573,"Mount",-0.001,-0.074,0.065,0.035,0.056,0.000,61,W,0,,,,202327,75.99,0
127,289.721,"Mount",-0.087,-0.011,-0.031,0.082,0.020,0.030,22,W,13,S,,,196421,78.89,0
128,292.157,"Mount",-0.046,-0.107,0.074,0.090,0.044,0.034,48,W,14,S,,,198271,74.43,0
129,294.338,"Mount",0.123,-0.152,0.192,-0.039,0.087,0.000,95,W,0,,,,227844,82.47,0
130,296.723,"Mount",0.156,0.015,0.059,-0.145,0.008,-0.052,9,W,22,N,,,225203,82.13,0
131,298.872,"Mount",0.094,-0.065,0.101,-0.053,0.048,0.000,52,W,0,,,,202445,87.08,0
132,301.318,"Mount",-0.034,-0.178,0.142,0.112,0.078,0.040,85,W,17,S,,,238642,89.77,0
133,303.425,"Mount",0.013,-0.078,0.076,0.025,0.044,0.000,48,W,0,,,,201360,75.00,0
134,305.794,"Mount",-0.083,-0.092,0.043,0.116,0.006,0.042,6,W,18,S,,,227370,85.77,0
135,307.927,"Mount",0.053,-0.194,0.197,0.043,0.084,0.000,91,W,0,,,,247401,83.29,0
136,310.374,"Mount",-0.112,0.050,-0.096,0.076,-0.050,0.027,54,E,12,S,,,242251,118.84,0
137,312.576,"Mount",0.014,0.117,-0.097,-0.066,-0.059,-0.023,65,E,10,N,,,221591,81.01,0
138,314.898,"Mount",-0.012,-0.056,0.044,0.037,-0.026,0.000,28,E,0,,,,212444,82.09,0
139,317.013,"Mount",-0.063,0.002,-0.031,0.055,-0.065,0.000,71,E,0,,,,236098,78.80,0
140,319.382,"Mount",0.008,-0.083,0.077,0.031,-0.038,0.000,41,E,0,,,,243409,92.64,0
141,321.454,"Mount",-0.014,-0.081,0.065,0.050,0.002,0.000,2,W,0,,,,229480,78.66,0
142,323.888,"Mount",-0.160,0.027,-0.098,0.129,-0.063,0.047,69,E,20,S,,,257644,89.48,0
143,326.113,"Mount",0.221,0.016,0.088,-0.204,0.042,-0.071,46,W,31,N,,,244012,82.15,0
144,328.545,"Mount",-0.030,-0.138,0.109,0.091,0.055,0.030,60,W,13,S,,,252726,92.81,0
145,330.677,"Mount",0.062,0.053,-0.018,-0.080,-0.004,-0.028,5,E,12,N,,,247227,89.84,0
146,333.048,"Mount",-0.148,-0.032,-0.040,0.146,-0.004,0.051,5,E,22,S,,,237871,87.67,0
147,335.286,"Mount",-0.265,0.004,-0.125,0.233,-0.059,0.086,64,E,37,S,,,208650,82.04,0
148,337.652,"Mount",0.055,0.104,-0.067,-0.097,-0.010,-0.031,11,E,13,N,,,225289,90.91,0
149,339.798,"Mount",0.082,0.059,-0.015,-0.100,0.015,-0.037,16,W,16,N,,,238663,86.40,0
150,342.218,"Mount",0.121,0.147,-0.075,-0.175,-0.057,-0.065,62,E,28,N,,,216337,77.97,0
151,344.405,"Mount",-0.082,0.160,-0.179,-0.001,-0.106,0.000,115,E,0,,,,230130,88.67,0
152,346.795,"Mount",-0.109,-0.015,-0.037,0.104,-0.028,0.037,31,E,16,S,,,200959,71.53,0
153,348.928,"Mount",0.042,-0.029,0.045,-0.024,-0.029,0.000,32,E,0,,,,198759,70.24,0
154,351.253,"Mount",-0.011,-0.075,0.062,0.044,-0.011,0.000,12,E,0,,,,196457,75.51,0
155,353.356,"Mount",-0.008,-0.036,0.028,0.023,-0.035,0.000,38,E,0,,,,201483,87.15,0
156,355.756,"Mount",-0.081,-0.083,0.037,0.111,0.010,0.040,10,W,17,S,,,186621,82.43,0
157,357.846,"Mount",-0.016,0.024,-0.029,0.003,0.014,0.000,15,W,0,,,,160450,64.11,0
158,360.226,"Mount",0.053,0.034,-0.006,-0.063,0.018,-0.023,19,W,10,N,,,194920,88.09,0
159,362.396,"Mount",-0.069,-0.053,0.015,0.086,0.005,0.030,5,W,13,S,,,199778,83.56,0
160,364.741,"Mount",-0.040,0.067,-0.078,0.004,-0.028,0.000,31,E,0,,,,192135,77.08,0
161,366.882,"Mount",0.075,0.079,-0.035,-0.103,0.008,-0.037,9,W,16,N,,,208944,78.86,0
162,369.197,"Mount",-0.071,0.032,-0.062,0.048,-0.020,0.000,21,E,0,,,,199199,80.17,0
163,371.320,"Mount",-0.047,-0.004,-0.018,0.043,-0.012,0.000,14,E,0,,,,183781,71.59,0
164,373.770,"Mount",-0.175,0.030,-0.108,0.142,-0.059,0.051,65,E,22,S,,,185708,81.73,0
165,375.934,"Mount",-0.037,0.195,-0.190,-0.057,-0.091,0.000,99,E,0,,,,206683,85.60,0
166,378.385,"Mount",-0.008,0.191,-0.174,-0.081,-0.080,-0.029,87,E,12,N,,,161550,63.53,0
167,380.584,"Mount",0.109,-0.047,0.092,-0.075,0.040,-0.028,44,W,12,N,,,176089,78.20,0
168,382.965,"Mount",-0.130,-0.058,-0.008,0.142,-0.018,0.050,20,E,21,S,,,142717,59.40,0
169,385.102,"Mount",0.210,0.120,-0.009,-0.242,-0.009,-0.085,10,E,36,N,,,137338,61.66,0
170,387.501,"Mount",-0.075,0.001,-0.036,0.066,0.042,0.020,45,W,9,S,,,147890,66.87,0
171,389.701,"Mount",0.026,-0.132,0.129,0.038,0.101,0.000,110,W,0,,,,166126,84.06,0
172,392.059,"Mount",-0.032,-0.028,0.010,0.041,0.034,0.000,37,W,0,,,,139052,64.38,0
173,394.259,"Mount",0.038,0.065,-0.040,-0.063,0.031,-0.023,33,W,10,N,,,133928,59.90,0
174,396.752,"Mount",-0.301,-0.243,0.077,0.379,0.061,0.135,67,W,58,S,,,157932,66.12,0
175,398.949,"Mount",0.043,0.249,-0.201,-0.153,-0.068,-0.050,74,E,21,N,,,164655,73.00,0
176,401.254,"Mount",-0.014,0.011,-0.017,0.008,-0.003,0.000,4,E,0,,,,158434,62.05,0
177,403.435,"Mount",-0.083,0.182,-0.200,-0.011,-0.101,0.000,110,E,0,,,,152846,66.29,0
178,405.777,"Mount",-0.043,-0.022,-0.000,0.049,-0.040,0.000,43,E,0,,,,157293,67.00,0
179,407.954,"Mount",-0.082,-0.034,-0.007,0.088,-0.045,0.032,49,E,14,S,,,146279,61.01,0
180,410.333,"Mount",-0.022,0.057,-0.061,-0.007,-0.078,0.000,85,E,0,,,,181305,80.15,0
181,412.572,"Mount",-0.042,0.054,-0.067,0.012,-0.070,0.000,76,E,0,,,,172383,65.92,0
182,414.862,"Mount",0.078,-0.051,0.081,-0.045,-0.005,0.000,6,E,0,,,,131116,58.48,0
183,417.107,"Mount",-0.004,0.182,-0.164,-0.080,-0.097,-0.029,106,E,12,N,,,155853,65.34,0
184,419.453,"Mount",0.082,0.012,0.027,-0.078,-0.022,-0.029,24,E,12,N,,,154185,66.19,0
185,421.634,"Mount",-0.099,0.027,-0.070,0.076,-0.044,0.026,48,E,11,S,,,130548,56.88,0
186,424.109,"Mount",0.078,0.269,-0.203,-0.193,-0.098,-0.069,107,E,29,N,,,184939,102.48,0
187,426.271,"Mount",-0.024,0.092,-0.093,-0.021,-0.056,0.000,61,E,0,,,,150616,63.64,0
188,428.701,"Mount",-0.170,0.021,-0.097,0.141,-0.057,0.051,62,E,22,S,,,132220,59.33,0
189,431.017,"Mount",-0.204,0.106,-0.188,0.132,-0.122,0.050,133,E,21,S,,,141144,72.96,0
190,433.443,"Mount",0.186,0.104,-0.007,-0.213,-0.039,-0.075,43,E,32,N,,,130641,57.90,0
191,435.520,"Mount",-0.044,0.036,-0.052,0.023,-0.036,0.000,39,E,0,,,,128119,62.24,0
192,437.936,"Mount",-0.092,0.064,-0.099,0.052,-0.078,0.000,85,E,0,,,,125882,57.86,0
193,440.156,"Mount",-0.045,-0.067,0.039,0.071,-0.030,0.025,33,E,11,S,,,124698,61.56,0
194,442.508,"Mount",-0.044,0.116,-0.123,-0.014,-0.066,0.000,72,E,0,,,,124570,56.68,0
195,444.742,"Mount",-0.035,-0.249,0.205,0.146,0.082,0.053,89,W,22,S,,,112124,51.67,0
196,447.083,"Mount",-0.065,-0.043,0.008,0.078,-0.004,0.030,4,E,13,S,,,113700,55.24,0
197,449.282,"Mount",0.305,0.243,-0.076,-0.383,-0.034,-0.137,37,E,58,N,,,108854,55.87,0
198,451.697,"Mount",-0.019,-0.133,0.109,0.078,0.055,0.023,60,W,10,S,,,105985,46.17,0
199,453.759,"Mount",-0.033,-0.017,0.000,0.037,0.006,0.000,6,W,0,,,,115257,53.29,0
200,456.153,"Mount",-0.145,-0.099,0.021,0.175,-0.014,0.063,15,E,27,S,,,128677,59.11,0
201,458.233,"Mount",0.031,-0.045,0.055,-0.007,-0.019,0.000,20,E,0,,,,118715,53.55,0
202,460.678,"Mount",0.122,0.158,-0.084,-0.181,-0.064,-0.065,69,E,28,N,,,109030,51.06,0
203,462.831,"Mount",-0.099,-0.138,0.077,0.152,-0.004,0.052,4,E,22,S,,,132992,59.71,0
204,465.160,"Mount",-0.027,0.051,-0.058,0.001,-0.048,0.000,52,E,0,,,,107437,46.85,0
205,467.297,"Mount",-0.012,-0.130,0.110,0.071,-0.006,0.026,6,E,11,S,,,119598,55.80,0
206,469.772,"Mount",0.165,0.159,-0.065,-0.219,-0.094,-0.078,103,E,33,N,,,147282,64.75,0
207,472.134,"Mount",-0.330,-0.001,-0.151,0.293,-0.130,0.102,142,E,44,S,,,147322,64.07,0
208,474.673,"Mount",0.008,0.257,-0.224,-0.126,-0.172,-0.041,188,E,18,N,,,132441,59.36,0
209,476.903,"Mount",-0.083,-0.093,0.044,0.117,-0.090,0.040,98,E,17,S,,,151278,66.65,0
210,479.338,"Mount",0.038,0.064,-0.040,-0.063,-0.091,-0.021,99,E,9,N,,,135086,57.04,0
211,481.544,"Mount",0.055,0.088,-0.053,-0.089,-0.080,-0.033,88,E,14,N,,,156835,66.43,0
212,483.985,"Mount",0.054,0.105,-0.069,-0.097,-0.106,-0.036,115,E,15,N,,,153416,63.72,0
213,486.201,"Mount",0.071,0.071,-0.030,-0.096,-0.056,-0.036,61,E,15,N,,,168634,72.00,0
214,488.680,"Mount",-0.223,0.029,-0.128,0.184,-0.105,0.065,115,E,28,S,,,169519,66.21,0
215,490.794,"Mount",0.015,0.018,-0.009,-0.021,-0.040,0.000,43,E,0,,,,185352,80.00,0
216,493.254,"Mount",0.131,0.192,-0.110,-0.205,-0.083,-0.074,90,E,32,N,,,178794,69.67,0
217,495.514,"Mount",0.054,0.198,-0.151,-0.139,-0.095,-0.053,103,E,23,N,,,185138,73.38,0
218,497.952,"Mount",-0.161,0.013,-0.086,0.137,-0.076,0.047,82,E,20,S,,,188189,84.59,0
219,500.237,"Mount",-0.298,0.044,-0.177,0.244,-0.113,0.090,123,E,38,S,,,169268,66.36,0
220,502.623,"Mount",-0.069,0.102,-0.123,0.014,-0.085,0.000,93,E,0,,,,156088,64.22,0
221,504.946,"Mount",0.024,0.349,-0.298,-0.182,-0.162,-0.066,177,E,28,N,,,185258,72.07,0
222,507.403,"Mount",0.126,-0.089,0.137,-0.071,0.012,-0.028,13,W,12,N,,,164645,75.63,0
223,509.510,"Mount",0.056,-0.036,0.057,-0.033,-0.046,0.000,50,E,0,,,,149942,61.33,0
224,511.889,"Mount",-0.022,0.082,-0.083,-0.019,-0.081,0.000,88,E,0,,,,163874,70.90,0
225,514.038,"Mount",-0.061,-0.148,0.103,0.122,0.004,0.044,4,W,19,S,,,163900,65.27,0
226,516.470,"Mount",-0.180,-0.038,-0.049,0.177,-0.042,0.066,46,E,28,S,,,165178,70.56,0
227,518.590,"Mount",-0.001,0.003,-0.003,-0.001,-0.037,0.000,40,E,0,,,,169509,76.01,0
228,520.961,"Mount",0.095,0.101,-0.046,-0.131,-0.025,-0.047,27,E,20,N,,,162938,69.67,0
229,523.202,"Mount",0.237,-0.151,0.243,-0.141,0.089,-0.053,97,W,23,N,,,131669,55.90,0
230,525.682,"Mount",-0.308,0.047,-0.184,0.252,-0.094,0.088,103,E,38,S,,,156746,74.42,0
231,527.816,"Mount",-0.012,0.075,-0.072,-0.024,-0.034,0.000,37,E,0,,,,139882,56.62,0
232,530.238,"Mount",0.176,-0.011,0.091,-0.151,0.042,-0.054,46,W,23,N,,,130687,63.61,0
233,532.388,"Mount",-0.039,0.049,-0.062,0.012,-0.032,0.000,35,E,0,,,,137513,68.42,0
234,534.802,"Mount",-0.136,0.091,-0.143,0.078,-0.063,0.028,69,E,12,S,,,140451,61.32,0
235,536.949,"Mount",0.079,0.105,-0.057,-0.119,0.008,-0.042,9,W,18,N,,,131283,59.96,0
236,539.235,"Mount",-0.017,0.014,-0.020,0.008,0.010,0.000,11,W,0,,,,134103,60.48,0
237,541.386,"Mount",0.059,-0.159,0.169,0.021,0.068,0.000,74,W,0,,,,164467,72.27,0
238,543.729,"Mount",-0.074,-0.025,-0.012,0.077,-0.007,0.028,7,E,12,S,,,148675,63.64,0
239,545.907,"Mount",0.200,0.111,-0.007,-0.229,0.010,-0.081,11,W,35,N,,,161618,70.80,0
240,548.206,"Mount",0.020,0.035,-0.022,-0.034,0.012,0.000,13,W,0,,,,177866,70.49,0
241,550.371,"Mount",-0.177,-0.148,0.050,0.225,0.013,0.081,14,W,35,S,,,160463,65.81,0
242,552.875,"Mount",0.149,-0.031,0.096,-0.118,0.053,-0.039,58,W,17,N,,,199596,80.31,0
243,554.966,"Mount",0.061,-0.007,0.034,-0.051,0.014,0.000,15,W,0,,,,195819,72.12,0
244,557.410,"Mount",-0.029,-0.094,0.070,0.069,0.057,0.025,62,W,11,S,,,177436,73.73,0
245,559.544,"Mount",0.032,-0.010,0.024,-0.024,0.030,0.000,33,W,0,,,,187509,72.03,0
246,561.973,"Mount",-0.020,-0.117,0.095,0.072,0.075,0.026,82,W,11,S,,,162435,64.14,0
247,564.225,"Mount",-0.032,-0.214,0.175,0.127,0.115,0.047,125,W,20,S,,,174199,67.13,0
248,566.560,"Mount",0.007,-0.012,0.014,-0.001,0.047,0.000,51,W,0,,,,166340,64.92,0
249,568.667,"Mount",0.009,-0.035,0.035,0.008,0.045,0.000,49,W,0,,,,159989,68.77,0
250,571.083,"Mount",-0.011,-0.093,0.078,0.053,0.090,0.000,98,W,0,,,,204970,75.80,0
251,573.250,"Mount",0.074,-0.052,0.081,-0.041,0.085,0.000,93,W,0,,,,173441,77.92,0
252,575.658,"Mount",0.066,-0.088,0.108,-0.018,0.093,0.000,102,W,0,,,,173096,67.37,0
253,577.761,"Mount",0.005,0.056,-0.047,-0.030,0.031,0.000,33,W,0,,,,198095,80.88,0
254,580.065,"Mount",-0.033,0.011,-0.025,0.025,0.022,0.000,24,W,0,,,,171765,67.98,0
255,582.304,"Mount",0.355,-0.001,0.165,-0.315,0.067,-0.113,73,W,48,N,,,180147,68.10,0
256,584.775,"Mount",-0.182,0.132,-0.201,0.100,-0.106,0.031,115,E,13,S,,,209268,90.51,0
257,587.092,"Mount",-0.173,0.102,-0.171,0.106,-0.083,0.040,91,E,17,S,,,190963,81.82,0
258,589.386,"Mount",0.063,-0.028,0.054,-0.043,-0.014,0.000,15,E,0,,,,205645,91.99,0
259,591.478,"Mount",0.015,-0.009,0.015,-0.009,-0.036,0.000,40,E,0,,,,190450,72.18,0
260,593.777,"Mount",0.002,-0.101,0.091,0.045,-0.001,0.000,1,E,0,,,,195290,81.44,0
261,595.878,"Mount",0.078,-0.054,0.083,-0.044,0.026,0.000,28,W,0,,,,220686,91.79,0
262,598.325,"Mount",-0.104,0.069,-0.109,0.061,-0.057,0.022,63,E,9,S,,,226574,84.61,0
263,600.451,"Mount",0.013,-0.102,0.096,0.035,0.032,0.000,35,W,0,,,,203726,74.60,0
264,602.822,"Mount",-0.227,-0.151,0.029,0.271,0.003,0.098,4,W,42,S,,,168995,76.60,0
265,604.836,"DROP",,,,,,,,,,,,,0,0.00,2,"Star lost - low SNR"
266,607.217,"DROP",,,,,,,,,,,,,3355,14.59,7,"Star lost - mass changed"
267,609.424,"DROP",,,,,,,,,,,,,2479,12.29,7,"Star lost - mass changed"
268,611.796,"DROP",,,,,,,,,,,,,0,0.00,4,"Star lost - low HFD"
269,613.935,"DROP",,,,,,,,,,,,,0,0.00,4,"Star lost - low HFD"
270,616.316,"DROP",,,,,,,,,,,,,1844,10.10,7,"Star lost - mass changed"
271,618.457,"DROP",,,,,,,,,,,,,3273,16.44,7,"Star lost - mass changed"
272,620.832,"DROP",,,,,,,,,,,,,3906,18.98,7,"Star lost - mass changed"
273,622.963,"DROP",,,,,,,,,,,,,0,0.00,4,"Star lost - low HFD"
274,627.462,"DROP",,,,,,,,,,,,,2797,14.94,7,"Star lost - mass changed"
275,629.833,"DROP",,,,,,,,,,,,,0,0.00,4,"Star lost - low HFD"
Guiding Ends at 2026-04-03 00:38:58

Guiding Begins at 2026-04-03 00:39:05
Equipment Profile = 60mmGuide
Dither = both axes, Dither scale = 1.000, Image noise reduction = none, Guide-frame time lapse = 0, Server enabled
Pixel scale = 3.22 arc-sec/px, Binning = 1, Focal length = 240 mm
Search region = 25 px, Star mass tolerance = 50.0%, Multi-star mode, list size = 12
 Camera = ZWO ASI120MM Mini, gain = 37, full size = 1280 x 960, have dark, dark dur = 2000, no defect map, pixel size = 3.8 um
Exposure = 2000 ms
Mount = iOptron CEM120,70,40,26, GEM, HEM, HAE, HAZ series and SkyHunter Mount (ASCOM), connected, guiding enabled, xAngle = -62.6, xRate = 0.917, yAngle = -152.7, yRate = 2.338, parity = +/-
Norm rates RA = 8.3"/s @ dec 0, Dec = 7.5"/s; ortho.err. = 0.1 deg
X guide algorithm = Predictive PEC, Control gain = 0.450
Prediction gain = 0.750
Minimum move = 0.060
Hyperparameters
	Length scale long range SE kernel = 700.000
	Signal variance long range SE kernel = 20.000
	Length scale periodic kernel = 10.000
	Signal variance periodic kernel = 20.000
	Length scale short range SE kernel = 25.000
	Signal variance short range SE kernel = 10.000
	Period length periodic kernel = 348.000
	FFT called after = 2.000 worm cycles
	Auto-adjust period length = Off
Y guide algorithm = Hysteresis, Hysteresis = 0.100, Aggression = 0.400, Minimum move = 0.060
Backlash comp = disabled, pulse = 100 ms
Max RA duration = 2500, Max DEC duration = 2500, DEC guide mode = Auto
RA Guide Speed = 7.5 a-s/s, Dec Guide Speed = 7.5 a-s/s, Cal Dec = 0.0, Last Cal Issue = None, Timestamp = 7/29/2025 9:33:42 PM
RA = 9.99 hr, Dec = 69.1 deg, Hour angle = 1.80 hr, Pier side = East, Rotator pos = N/A, Alt = 49.4 deg, Az = 345.5 deg
Lock position = 69.466, 375.963, Star position = 69.466, 375.963, HFD = 7.73 px
Frame,Time,mount,dx,dy,RARawDistance,DECRawDistance,RAGuideDistance,DECGuideDistance,RADuration,RADirection,DECDuration,DECDirection,XStep,YStep,StarMass,SNR,ErrorCode
INFO: SETTLING STATE CHANGE, Settling started
1,2.502,"Mount",-0.683,-0.022,-0.295,0.616,-0.133,0.222,145,E,95,S,,,4433,19.83,0
2,8.179,"Mount",14.938,-16.918,21.896,-5.440,9.853,-1.949,2500,W,834,N,,,3638,16.45,0
3,15.528,"Mount",-4.569,-28.127,22.864,17.040,10.289,6.056,2500,W,2500,S,,,3723,18.91,0
4,20.433,"Mount",16.727,-29.902,34.246,-1.031,15.411,-0.129,2500,W,55,N,,,4438,19.63,0
5,26.974,"Mount",3.762,-30.995,29.246,10.973,13.161,3.945,2500,W,1687,S,,,2013,13.12,0
6,29.208,"DROP",,,,,,,,,,,,,0,0.00,2,"Star lost - low SNR"
6,29.373,"Mount",0.000,0.000,-0.104,0.000,-0.104,0.000,113,E,0,,,,2013,13.12,2
7,36.510,"Mount",-0.829,-35.975,31.552,17.345,14.198,6.402,2500,W,2500,S,,,2569,14.50,0
8,41.431,"Mount",15.361,-28.953,32.774,-0.258,14.748,0.163,2500,W,70,S,,,4215,19.07,0
9,47.303,"Mount",15.119,-14.586,19.910,-6.677,8.959,-2.397,2500,W,1025,N,,,4090,18.97,0
10,54.666,"Mount",32.784,7.014,8.870,-32.319,3.991,-11.731,2500,W,2500,N,,,3847,17.43,0
11,62.019,"Mount",23.587,24.105,-10.536,-32.052,-4.741,-12.008,2500,E,2500,N,,,3466,16.24,0
12,69.414,"Mount",2.879,29.207,-24.600,-16.039,-11.083,-6.254,2500,E,2500,N,,,3240,15.88,0
13,75.111,"Mount",-16.200,17.549,-23.038,6.267,-10.368,2.006,2500,E,858,S,,,3390,17.01,0
14,82.037,"Mount",-35.512,39.360,-51.291,13.328,-23.035,4.878,2500,E,2086,S,,,4449,20.85,0
15,89.161,"Mount",-35.417,37.567,-49.656,14.071,-22.151,5.261,2500,E,2250,S,,,4050,22.58,0
16,91.408,"DROP",,,,,,,,,,,,,6884,29.48,7,"Star lost - mass changed"
INFO: SETTLING STATE CHANGE, Settling failed
16,91.625,"Mount",0.000,0.000,0.121,0.000,0.121,0.000,131,W,0,,,,4050,22.58,7
17,98.727,"Mount",-36.193,36.666,-49.213,15.175,-21.817,5.674,2500,E,2427,S,,,4444,22.02,0
18,104.612,"Mount",-15.332,16.342,-21.566,6.055,-8.701,2.407,2500,E,1029,S,,,2784,16.54,0
19,106.875,"DROP",,,,,,,,,,,,,0,0.00,4,"Star lost - low HFD"
19,108.607,"Mount",0.000,0.000,1.479,0.000,1.479,0.000,1613,W,0,,,,2784,16.54,4
20,115.731,"Mount",-32.481,-7.899,-7.945,32.458,-2.889,11.781,2500,E,2500,S,,,4057,18.93,0
21,123.088,"Mount",-42.733,8.228,-26.981,34.107,-11.310,12.750,2500,E,2500,S,,,3429,16.14,0
22,130.452,"Mount",-66.298,17.206,-45.803,50.865,-20.003,18.821,2500,E,2500,S,,,1822,13.21,0
23,137.828,"Mount",-45.672,4.381,-24.920,38.490,-10.510,14.609,2500,E,2500,S,,,5048,20.92,0
24,140.092,"DROP",,,,,,,,,,,,,0,0.00,4,"Star lost - low HFD"
24,142.080,"Mount",0.000,0.000,1.765,0.000,1.765,0.000,1925,W,0,,,,5048,20.92,4
25,149.443,"Mount",-66.684,-3.848,-27.291,60.928,-11.454,22.518,2500,E,2500,S,,,4427,20.39,0
26,151.679,"DROP",,,,,,,,,,,,,0,0.00,2,"Star lost - low SNR"
26,153.805,"Mount",0.000,0.000,1.899,0.000,1.899,0.000,2070,W,0,,,,4427,20.39,2
27,156.060,"DROP",,,,,,,,,,,,,1778,12.49,7,"Star lost - mass changed"
27,157.207,"Mount",0.000,0.000,1.007,0.000,1.007,0.000,1098,W,0,,,,4427,20.39,7
28,164.346,"Mount",-66.948,17.214,-46.109,51.437,-20.205,19.418,2500,E,2500,S,,,3073,18.58,0
29,166.582,"DROP",,,,,,,,,,,,,0,0.00,2,"Star lost - low SNR"
29,167.807,"Mount",0.000,0.000,1.078,0.000,1.078,0.000,1176,W,0,,,,3073,18.58,2
30,174.908,"Mount",-47.523,38.504,-56.063,24.377,-24.971,9.552,2500,E,2500,S,,,2712,14.05,0
31,182.116,"Mount",-35.880,37.964,-50.222,14.299,-22.402,5.530,2500,E,2365,S,,,5597,25.28,0
32,184.356,"DROP",,,,,,,,,,,,,0,0.00,2,"Star lost - low SNR"
32,184.598,"Mount",0.000,0.000,0.176,0.000,0.176,0.000,192,W,0,,,,5597,25.28,2
33,191.445,"Mount",-35.216,37.633,-49.622,13.862,-22.282,5.212,2500,E,2229,S,,,3726,17.58,0
34,198.511,"Mount",-35.236,37.721,-49.709,13.839,-22.109,5.191,2500,E,2220,S,,,4108,19.11,0
35,205.950,"Mount",-38.405,36.421,-50.015,17.250,-21.789,6.418,2500,E,2500,S,,,3516,18.93,0
36,212.141,"Mount",-15.739,13.013,-18.799,7.953,-6.412,3.120,2500,E,1334,S,,,3128,17.26,0
37,214.374,"DROP",,,,,,,,,,,,,0,0.00,4,"Star lost - low HFD"
37,216.923,"Mount",0.000,0.000,4.405,0.000,4.405,0.000,2500,W,0,,,,3128,17.26,4
38,221.962,"Mount",2.586,-1.353,2.392,-1.670,3.303,-0.476,2500,W,204,N,,,2976,17.15,0
39,226.611,"Mount",1.853,2.341,-1.225,-2.725,1.692,-1.000,1845,W,428,N,,,2616,14.40,0
40,232.212,"Mount",4.570,1.156,1.078,-4.588,2.479,-1.692,2500,W,724,N,,,2432,13.85,0
41,235.737,"Mount",2.410,4.737,-3.095,-4.325,0.445,-1.625,486,W,695,N,,,3442,17.25,0
42,237.744,"DROP",,,,,,,,,,,,,0,0.00,4,"Star lost - low HFD"
42,239.296,"Mount",0.000,0.000,1.395,0.000,1.395,0.000,1521,W,0,,,,3442,17.25,4
43,241.521,"DROP",,,,,,,,,,,,,0,0.00,4,"Star lost - low HFD"
43,243.093,"Mount",0.000,0.000,1.395,0.000,1.395,0.000,1521,W,0,,,,3442,17.25,4
44,248.460,"Mount",1.320,8.382,-6.832,-5.041,-2.172,-1.880,2369,E,804,N,,,5900,25.54,0
45,251.778,"Mount",-0.650,3.602,-3.496,-1.087,-0.709,-0.466,773,E,199,N,,,4057,20.12,0
46,257.120,"Mount",-5.089,20.012,-20.107,-4.725,-8.548,-1.720,2500,E,736,N,,,3547,17.48,0
47,262.116,"Mount",-2.981,7.468,-8.002,-0.804,-3.165,-0.358,2500,E,153,N,,,4518,20.73,0
48,267.308,"Mount",-11.814,18.001,-21.419,2.168,-9.369,0.766,2500,E,328,S,,,5897,25.16,0
49,272.371,"Mount",-8.744,14.375,-16.787,1.119,-7.210,0.434,2500,E,185,S,,,3919,18.76,0
50,277.612,"Mount",-3.893,-5.523,3.110,6.003,1.831,2.178,1997,W,932,S,,,2007,12.22,0
51,284.365,"Mount",-18.755,9.890,-17.415,12.070,-7.362,4.432,2500,E,1896,S,,,3948,20.65,0
Guiding Ends at 2026-04-03 00:43:54

Log Summary: calcnt:0 gcnt:11 gdur:11540 gacnt:0
Log closed at 2026-04-03 07:31:40
