PHD2 version 2.6.14 [Windows], Log version 2.5. Log enabled at 2026-05-18 20:08:50
INFO: Guiding parameter change, MultiStar = true

Guiding Begins at 2026-05-18 21:29:44
Equipment Profile = 60mmGuide
Dither = both axes, Dither scale = 1.000, Image noise reduction = none, Guide-frame time lapse = 0, Server enabled
Pixel scale = 3.22 arc-sec/px, Binning = 1, Focal length = 240 mm
Search region = 25 px, Star mass tolerance = 50.0%, Multi-star mode, list size = 12
 Camera = ZWO ASI120MM Mini, gain = 37, full size = 1280 x 960, have dark, dark dur = 2000, no defect map, pixel size = 3.8 um
Exposure = 2000 ms
Mount = iOptron CEM120,70,40,26, GEM, HEM, HAE, HAZ series and SkyHunter Mount (ASCOM), connected, guiding enabled, xAngle = 117.4, xRate = 1.749, yAngle = -152.7, yRate = 2.338, parity = +/+
Norm rates RA = 8.3"/s @ dec 0, Dec = 7.5"/s; ortho.err. = 0.1 deg
X guide algorithm = Predictive PEC, Control gain = 0.450
Prediction gain = 0.750
Minimum move = 0.060
Hyperparameters
	Length scale long range SE kernel = 700.000
	Signal variance long range SE kernel = 20.000
	Length scale periodic kernel = 10.000
	Signal variance periodic kernel = 20.000
	Length scale short range SE kernel = 25.000
	Signal variance short range SE kernel = 10.000
	Period length periodic kernel = 348.000
	FFT called after = 2.000 worm cycles
	Auto-adjust period length = Off
Y guide algorithm = Hysteresis, Hysteresis = 0.100, Aggression = 0.400, Minimum move = 0.060
Backlash comp = disabled, pulse = 100 ms
Max RA duration = 2500, Max DEC duration = 2500, DEC guide mode = Auto
RA Guide Speed = 7.5 a-s/s, Dec Guide Speed = 7.5 a-s/s, Cal Dec = 0.0, Last Cal Issue = None, Timestamp = 7/29/2025 9:33:42 PM
RA = 13.52 hr, Dec = 47.1 deg, Hour angle = -1.86 hr, Pier side = West, Rotator pos = N/A, Alt = 63.6 deg, Az = 45.9 deg
Lock position = 321.000, 56.222, Star position = 321.000, 56.222, HFD = 4.49 px
Frame,Time,mount,dx,dy,RARawDistance,DECRawDistance,RAGuideDistance,DECGuideDistance,RADuration,RADirection,DECDuration,DECDirection,XStep,YStep,StarMass,SNR,ErrorCode
INFO: SETTLING STATE CHANGE, Settling started
1,2.323,"Mount",-0.143,-0.091,-0.015,0.169,0.000,0.061,0,,26,S,,,368234,128.70,0
2,4.770,"Mount",-0.221,-0.238,-0.110,0.306,-0.049,0.113,28,E,48,S,,,362991,127.66,0
3,6.882,"Mount",-0.104,0.085,0.123,0.053,0.056,0.000,32,W,0,,,,343219,127.38,0
4,9.191,"Mount",0.040,-0.075,-0.085,-0.001,-0.038,0.000,22,E,0,,,,360654,131.00,0
5,11.475,"Mount",-0.122,-0.451,-0.344,0.316,-0.155,0.114,89,E,49,S,,,361149,126.88,0
6,13.935,"Mount",-0.020,-0.244,-0.208,0.130,-0.094,0.052,53,E,22,S,,,364873,146.54,0
7,16.039,"Mount",-0.100,-0.088,-0.032,0.130,0.000,0.049,0,,21,S,,,370661,129.31,0
8,18.585,"Mount",-0.027,0.548,0.499,-0.230,0.225,-0.081,128,W,35,N,,,375704,137.70,0
9,20.746,"Mount",0.023,0.115,0.091,-0.074,0.041,-0.030,23,W,13,N,,,346355,123.46,0
INFO: SETTLING STATE CHANGE, Settling complete
10,23.086,"Mount",-0.020,0.159,0.150,-0.056,0.067,0.000,39,W,0,,,,368242,139.99,0
11,25.225,"Mount",-0.103,0.164,0.193,0.016,0.084,0.000,48,W,0,,,,361675,135.13,0
12,27.643,"Mount",-0.244,0.370,0.440,0.046,0.189,0.000,108,W,0,,,,362727,131.32,0
13,29.918,"Mount",-0.132,0.476,0.483,-0.102,0.208,-0.037,119,W,16,N,,,369435,128.64,0
14,32.427,"Mount",-0.352,0.232,0.368,0.205,0.167,0.072,95,W,31,S,,,394350,127.82,0
15,34.700,"Mount",-0.165,0.488,0.510,-0.079,0.226,-0.025,129,W,11,N,,,360459,119.31,0
16,37.180,"Mount",-0.232,0.574,0.617,-0.059,0.268,0.000,153,W,0,,,,351115,129.27,0
17,39.451,"Mount",-0.368,0.394,0.519,0.144,0.231,0.052,132,W,22,S,,,355999,127.19,0
18,41.952,"Mount",-0.103,0.485,0.478,-0.132,0.222,-0.046,127,W,19,N,,,404142,145.35,0
19,44.181,"Mount",-0.189,0.217,0.280,0.067,0.140,0.022,80,W,10,S,,,386424,127.40,0
20,46.692,"Mount",-0.184,0.523,0.549,-0.078,0.244,-0.027,139,W,12,N,,,354263,121.36,0
21,48.898,"Mount",-0.102,0.264,0.282,-0.032,0.130,0.000,74,W,0,,,,388356,138.82,0
22,51.316,"Mount",-0.299,-0.032,0.109,0.280,0.060,0.101,35,W,43,S,,,362509,134.57,0
23,53.544,"Mount",-0.059,0.401,0.384,-0.133,0.166,-0.044,95,W,19,N,,,358923,128.72,0
24,55.923,"Mount",-0.192,0.080,0.159,0.133,0.071,0.046,41,W,20,S,,,381307,135.48,0
25,58.025,"Mount",0.020,0.070,0.053,-0.050,0.003,0.000,1,W,0,,,,364311,129.74,0
26,60.416,"Mount",0.193,0.067,-0.030,-0.203,0.002,-0.073,1,W,31,N,,,361499,126.60,0
27,62.569,"Mount",0.083,0.076,0.029,-0.109,-0.005,-0.042,3,E,18,N,,,355302,123.33,0
28,64.893,"Mount",-0.026,-0.045,-0.028,0.044,-0.006,0.000,3,E,0,,,,354207,135.49,0
29,66.927,"Mount",0.023,-0.011,-0.020,-0.015,0.000,0.000,0,,0,,,,356673,109.76,0
30,69.265,"Mount",0.055,-0.070,-0.087,-0.016,-0.034,0.000,20,E,0,,,,363938,131.99,0
31,71.384,"Mount",-0.002,-0.089,-0.078,0.043,-0.024,0.000,14,E,0,,,,374614,124.91,0
32,73.799,"Mount",-0.048,-0.190,-0.147,0.131,-0.051,0.047,29,E,20,S,,,364253,115.18,0
33,75.962,"Mount",0.053,0.040,0.011,-0.066,0.005,-0.022,3,W,9,N,,,371240,127.76,0
34,78.309,"Mount",-0.080,-0.074,-0.029,0.105,0.006,0.037,4,W,16,S,,,353262,114.23,0
35,80.428,"Mount",0.050,-0.059,-0.076,-0.017,-0.024,0.000,14,E,0,,,,375011,139.95,0
36,82.762,"Mount",0.107,0.041,-0.013,-0.114,0.001,-0.041,0,,18,N,,,357303,125.66,0
37,84.978,"Mount",0.008,-0.158,-0.144,0.066,-0.059,0.022,34,E,9,S,,,343194,113.45,0
38,87.332,"Mount",-0.049,-0.073,-0.042,0.077,0.001,0.029,1,W,12,S,,,348677,117.55,0
39,89.433,"Mount",-0.025,0.033,0.041,0.007,0.002,0.000,1,W,0,,,,363694,134.06,0
40,91.815,"Mount",0.046,-0.189,-0.189,0.046,-0.077,0.000,44,E,0,,,,346709,112.68,0
41,94.097,"Mount",-0.272,-0.441,-0.266,0.445,-0.107,0.160,61,E,69,S,,,374401,143.65,0
42,96.497,"Mount",0.055,0.124,0.085,-0.106,0.032,-0.032,18,W,14,N,,,357339,127.27,0
43,98.703,"Mount",0.060,0.184,0.136,-0.138,0.054,-0.051,31,W,22,N,,,368109,120.48,0
44,101.052,"Mount",0.069,0.043,0.006,-0.081,0.002,-0.031,1,W,13,N,,,370503,126.76,0
45,103.152,"Mount",-0.029,0.132,0.130,-0.035,0.060,0.000,34,W,0,,,,343456,116.69,0
46,105.478,"Mount",0.053,0.011,-0.015,-0.052,0.006,0.000,3,W,0,,,,357204,132.04,0
47,107.571,"Mount",-0.011,0.075,0.071,-0.025,0.055,0.000,32,W,0,,,,364432,147.00,0
48,109.951,"Mount",0.108,0.005,-0.045,-0.098,0.027,-0.035,15,W,15,N,,,351531,117.01,0
49,112.101,"Mount",0.108,-0.008,-0.057,-0.092,0.009,-0.035,5,W,15,N,,,362418,135.25,0
50,114.468,"Mount",-0.042,-0.040,-0.017,0.056,0.009,0.000,5,W,0,,,,342587,114.80,0
51,116.677,"Mount",-0.043,-0.173,-0.133,0.118,-0.062,0.043,35,E,18,S,,,364227,136.53,0
52,119.127,"Mount",-0.049,-0.237,-0.188,0.153,-0.086,0.057,49,E,24,S,,,346761,123.77,0
53,121.297,"Mount",0.035,-0.113,-0.116,0.021,-0.056,0.000,32,E,0,,,,348141,121.87,0
54,123.705,"Mount",0.002,-0.148,-0.132,0.067,-0.062,0.024,36,E,10,S,,,377759,132.90,0
55,125.804,"Mount",-0.041,0.001,0.020,0.036,-0.008,0.000,5,E,0,,,,373653,135.31,0
56,128.085,"Mount",0.047,-0.027,-0.046,-0.030,-0.006,0.000,4,E,0,,,,317683,107.54,0
57,130.212,"Mount",0.078,0.034,-0.006,-0.085,-0.003,-0.031,2,E,13,N,,,363335,122.42,0
58,132.646,"Mount",0.062,0.024,-0.007,-0.067,0.011,-0.025,7,W,11,N,,,353553,128.74,0
59,134.806,"Mount",0.052,0.062,0.031,-0.075,0.015,-0.028,8,W,12,N,,,367782,137.70,0
60,137.209,"Mount",0.044,-0.046,-0.062,-0.018,-0.005,0.000,3,E,0,,,,365625,129.33,0
61,139.436,"Mount",-0.103,0.017,0.063,0.083,0.049,0.030,28,W,13,S,,,352603,127.94,0
62,141.800,"Mount",-0.050,-0.134,-0.096,0.106,-0.029,0.039,17,E,17,S,,,369648,135.34,0
63,143.913,"Mount",0.063,-0.091,-0.109,-0.014,-0.033,0.000,19,E,0,,,,364575,133.27,0
64,146.290,"Mount",0.015,0.198,0.168,-0.105,0.068,-0.038,39,W,16,N,,,380379,147.51,0
65,148.424,"Mount",-0.072,-0.057,-0.017,0.090,-0.001,0.031,1,E,13,S,,,351426,122.46,0
66,150.829,"Mount",-0.046,-0.124,-0.089,0.098,-0.036,0.037,20,E,16,S,,,363620,137.18,0
67,153.059,"Mount",-0.073,-0.139,-0.090,0.129,-0.035,0.048,20,E,20,S,,,371390,115.01,0
68,155.446,"Mount",0.098,0.005,-0.040,-0.089,0.004,-0.030,2,W,13,N,,,376971,136.57,0
69,157.563,"Mount",-0.032,0.015,0.028,0.022,-0.008,0.000,4,E,0,,,,339642,121.60,0
70,159.884,"Mount",0.027,-0.077,-0.081,0.012,-0.039,0.000,22,E,0,,,,358452,122.58,0
71,161.989,"Mount",0.060,-0.013,-0.039,-0.047,0.015,0.000,9,W,0,,,,364025,146.63,0
72,164.325,"Mount",0.058,-0.034,-0.057,-0.036,0.020,0.000,12,W,0,,,,372337,139.25,0
73,166.425,"Mount",-0.039,0.023,0.038,0.024,0.006,0.000,4,W,0,,,,342511,116.01,0
74,168.766,"Mount",-0.036,-0.008,0.010,0.035,0.008,0.000,5,W,0,,,,360517,119.02,0
75,170.919,"Mount",0.052,-0.193,-0.195,0.043,-0.070,0.000,40,E,0,,,,385100,135.23,0
76,173.353,"Mount",-0.008,-0.260,-0.227,0.128,-0.081,0.046,46,E,20,S,,,356577,125.30,0
77,175.559,"Mount",0.001,-0.265,-0.236,0.121,-0.086,0.045,49,E,19,S,,,385801,139.87,0
78,177.899,"Mount",0.040,-0.134,-0.137,0.026,-0.071,0.000,41,E,0,,,,387096,143.15,0
79,180.042,"Mount",0.060,-0.083,-0.101,-0.014,-0.056,0.000,32,E,0,,,,368831,132.72,0
80,182.400,"Mount",0.099,-0.218,-0.239,0.013,-0.112,0.000,64,E,0,,,,384220,122.33,0
81,184.673,"Mount",0.243,-0.271,-0.353,-0.090,-0.156,-0.032,89,E,14,N,,,381788,129.76,0
82,187.005,"Mount",0.078,-0.177,-0.194,0.012,-0.098,0.000,56,E,0,,,,383450,133.04,0
83,189.211,"Mount",-0.025,-0.189,-0.157,0.110,-0.079,0.040,45,E,17,S,,,354606,130.74,0
84,191.607,"Mount",-0.188,-0.117,-0.017,0.221,-0.026,0.081,15,E,35,S,,,362654,132.80,0
85,193.756,"Mount",0.074,-0.041,-0.071,-0.046,-0.054,0.000,31,E,0,,,,372100,124.53,0
86,196.274,"Mount",-0.221,-0.670,-0.493,0.505,-0.205,0.182,117,E,78,S,,,361518,133.91,0
87,198.456,"Mount",0.080,0.072,0.027,-0.104,0.009,-0.030,5,W,13,N,,,374092,129.61,0
88,200.889,"Mount",0.055,0.119,0.080,-0.104,0.044,-0.039,25,W,16,N,,,357933,132.11,0
89,203.082,"Mount",0.056,0.161,0.117,-0.124,0.045,-0.046,26,W,20,N,,,376807,137.85,0
90,205.439,"Mount",0.120,0.103,0.036,-0.154,-0.000,-0.057,0,,24,N,,,363165,128.47,0
91,207.556,"Mount",0.054,-0.058,-0.077,-0.021,0.027,0.000,15,W,0,,,,369300,127.61,0
92,209.879,"Mount",0.003,-0.090,-0.081,0.039,0.031,0.000,18,W,0,,,,352448,133.03,0
93,212.088,"Mount",0.116,-0.044,-0.092,-0.083,-0.035,-0.030,20,E,13,N,,,355597,118.11,0
94,214.501,"Mount",0.053,-0.045,-0.065,-0.026,-0.026,0.000,15,E,0,,,,372011,147.35,0
95,216.713,"Mount",0.112,-0.118,-0.156,-0.045,-0.085,0.000,49,E,0,,,,384915,128.91,0
96,219.043,"Mount",0.108,-0.134,-0.168,-0.034,-0.093,0.000,53,E,0,,,,362066,124.84,0
97,221.241,"Mount",0.116,-0.058,-0.104,-0.076,-0.070,-0.027,40,E,12,N,,,370107,133.09,0
98,223.677,"Mount",0.228,-0.075,-0.171,-0.167,-0.097,-0.061,55,E,26,N,,,373924,114.99,0
99,225.855,"Mount",0.089,-0.224,-0.240,0.025,-0.123,0.000,70,E,0,,,,363704,126.76,0
100,228.210,"Mount",0.102,-0.243,-0.263,0.022,-0.128,0.000,73,E,0,,,,348448,114.96,0
101,230.440,"Mount",0.033,-0.269,-0.253,0.095,-0.117,0.034,67,E,15,S,,,363277,127.72,0
102,232.849,"Mount",0.147,-0.344,-0.373,0.028,-0.176,0.000,101,E,0,,,,382666,125.09,0
103,235.236,"Mount",0.308,-0.773,-0.828,0.084,-0.359,0.030,205,E,13,S,,,384869,141.29,0
104,237.764,"Mount",0.132,-0.505,-0.509,0.116,-0.225,0.043,129,E,18,S,,,367139,132.02,0
105,240.159,"Mount",0.024,-0.836,-0.753,0.365,-0.325,0.133,186,E,57,S,,,393283,152.94,0
106,242.698,"Mount",0.394,-0.281,-0.431,-0.220,-0.260,-0.074,149,E,32,N,,,399309,139.86,0
107,244.966,"Mount",0.157,-0.076,-0.140,-0.104,-0.133,-0.040,76,E,17,N,,,378779,132.13,0
108,247.392,"Mount",0.101,-0.184,-0.210,-0.004,-0.161,0.000,92,E,0,,,,371881,126.47,0
109,249.633,"Mount",0.182,-0.136,-0.204,-0.099,-0.141,-0.036,81,E,15,N,,,358836,139.85,0
110,252.082,"Mount",0.173,-0.122,-0.188,-0.097,-0.064,-0.036,37,E,16,N,,,374597,124.79,0
111,254.294,"Mount",0.215,-0.212,-0.288,-0.093,-0.090,-0.035,51,E,15,N,,,362835,124.42,0
112,256.650,"Mount",0.151,-0.269,-0.308,-0.009,-0.126,0.000,72,E,0,,,,348731,124.12,0
113,258.790,"Mount",0.140,-0.333,-0.360,0.029,-0.140,0.000,80,E,0,,,,379010,116.74,0
114,261.187,"Mount",0.120,-0.251,-0.278,0.009,-0.162,0.000,93,E,0,,,,371156,136.55,0
115,263.385,"Mount",0.200,-0.329,-0.384,-0.026,-0.203,0.000,116,E,0,,,,383478,125.98,0
116,265.838,"Mount",-0.000,-0.260,-0.231,0.120,-0.136,0.043,78,E,18,S,,,374252,116.42,0
117,268.062,"Mount",-0.028,-0.132,-0.104,0.086,-0.098,0.033,56,E,14,S,,,346779,129.52,0
118,270.399,"Mount",0.030,0.016,0.001,-0.034,-0.041,0.000,23,E,0,,,,365516,137.39,0
119,272.593,"Mount",-0.081,-0.108,-0.059,0.122,0.036,0.044,21,W,19,S,,,353540,126.59,0
120,275.033,"Mount",0.132,0.136,0.060,-0.179,0.052,-0.063,30,W,27,N,,,353752,129.81,0
121,277.220,"Mount",0.131,0.118,0.045,-0.171,0.046,-0.064,26,W,27,N,,,362196,113.81,0
122,279.647,"Mount",-0.045,0.019,0.038,0.031,0.054,0.000,31,W,0,,,,345828,123.33,0
123,281.827,"Mount",0.004,-0.058,-0.053,0.023,0.025,0.000,15,W,0,,,,368840,128.93,0
124,284.162,"Mount",0.082,-0.267,-0.274,0.051,-0.090,0.000,51,E,0,,,,358818,134.49,0
125,286.307,"Mount",0.000,-0.086,-0.077,0.039,-0.061,0.000,35,E,0,,,,381778,131.56,0
126,288.660,"Mount",0.125,-0.116,-0.161,-0.057,-0.106,0.000,61,E,0,,,,358817,114.54,0
127,290.837,"Mount",0.077,0.054,0.012,-0.093,-0.061,-0.034,35,E,14,N,,,369586,141.32,0
128,293.265,"Mount",-0.026,-0.104,-0.080,0.071,-0.103,0.024,59,E,10,S,,,365306,151.68,0
129,295.390,"Mount",0.037,0.054,0.031,-0.057,-0.063,0.000,36,E,0,,,,379099,127.31,0
130,297.779,"Mount",-0.041,0.145,0.147,-0.030,0.042,0.000,24,W,0,,,,352222,127.16,0
131,299.904,"Mount",-0.044,0.134,0.139,-0.023,0.046,0.000,26,W,0,,,,376673,135.21,0
132,302.348,"Mount",-0.239,0.060,0.163,0.184,0.103,0.066,59,W,28,S,,,371702,116.88,0
133,304.575,"Mount",-0.177,0.047,0.123,0.135,0.091,0.051,52,W,22,S,,,371461,139.26,0
134,307.020,"Mount",-0.178,-0.024,0.061,0.169,0.060,0.063,34,W,27,S,,,365356,150.05,0
135,309.174,"Mount",-0.091,0.065,0.100,0.051,0.073,0.000,42,W,0,,,,361519,133.75,0
136,311.683,"Mount",0.033,0.465,0.397,-0.244,0.170,-0.088,97,W,38,N,,,338959,121.33,0
137,313.986,"Mount",-0.258,0.467,0.534,0.013,0.221,0.000,126,W,0,,,,368772,138.42,0
138,316.416,"Mount",-0.182,0.301,0.350,0.022,0.198,0.000,113,W,0,,,,374540,124.44,0
139,318.567,"Mount",-0.119,0.177,0.212,0.024,0.136,0.000,78,W,0,,,,376631,138.14,0
140,320.976,"Mount",-0.103,0.265,0.283,-0.031,0.211,0.000,120,W,0,,,,357746,119.24,0
141,323.277,"Mount",-0.047,0.386,0.365,-0.136,0.241,-0.049,138,W,21,N,,,369257,127.39,0
142,325.759,"Mount",-0.141,0.131,0.181,0.064,0.165,0.021,95,W,9,S,,,380132,128.17,0
143,327.969,"Mount",-0.107,0.021,0.068,0.085,0.057,0.032,32,W,13,S,,,370851,131.81,0
144,330.303,"Mount",-0.062,0.053,0.075,0.030,0.051,0.000,29,W,0,,,,368758,130.94,0
145,332.410,"Mount",-0.066,0.040,0.066,0.040,0.008,0.000,5,W,0,,,,364860,151.10,0
146,334.854,"Mount",-0.068,-0.009,0.023,0.064,-0.026,0.023,15,E,10,S,,,370315,156.68,0
147,336.962,"Mount",-0.086,0.097,0.125,0.032,0.041,0.000,23,W,0,,,,383366,131.08,0
148,339.286,"Mount",-0.013,0.006,0.011,0.009,-0.014,0.000,8,E,0,,,,388296,167.43,0
149,341.424,"Mount",-0.062,0.111,0.127,0.004,0.059,0.000,34,W,0,,,,374791,134.97,0
150,343.755,"Mount",-0.048,0.081,0.094,0.005,0.041,0.000,23,W,0,,,,377579,133.11,0
151,345.904,"Mount",-0.012,0.074,0.072,-0.023,0.036,0.000,21,W,0,,,,369193,127.91,0
152,348.240,"Mount",0.059,0.036,0.005,-0.069,-0.002,-0.025,1,E,11,N,,,370716,120.45,0
153,350.331,"Mount",0.025,-0.032,-0.040,-0.008,-0.008,0.000,4,E,0,,,,355994,123.61,0
154,352.614,"Mount",0.018,0.062,0.047,-0.045,-0.014,0.000,8,E,0,,,,367231,134.24,0
155,354.732,"Mount",0.009,0.001,-0.003,-0.008,-0.017,0.000,10,E,0,,,,375870,138.18,0
156,357.030,"Mount",-0.029,0.110,0.111,-0.025,0.019,0.000,11,W,0,,,,374111,133.39,0
157,359.278,"Mount",-0.098,-0.010,0.036,0.092,-0.025,0.033,14,E,14,S,,,346406,115.17,0
158,361.635,"Mount",0.067,0.006,-0.026,-0.062,-0.011,-0.021,6,E,9,N,,,374015,133.33,0
159,363.766,"Mount",0.072,0.102,0.057,-0.111,0.001,-0.041,1,W,17,N,,,352492,128.16,0
160,366.111,"Mount",-0.017,0.124,0.118,-0.042,0.072,0.000,41,W,0,,,,350446,126.48,0
161,368.217,"Mount",-0.001,0.093,0.084,-0.042,0.073,0.000,42,W,0,,,,384093,134.20,0
162,370.614,"Mount",-0.013,0.154,0.143,-0.060,0.121,0.000,69,W,0,,,,356951,126.28,0
163,372.842,"Mount",-0.032,0.247,0.234,-0.086,0.182,-0.031,104,W,13,N,,,397472,135.29,0
164,375.246,"Mount",-0.079,0.177,0.193,-0.011,0.187,0.000,107,W,0,,,,355835,120.90,0
165,377.508,"Mount",-0.178,0.326,0.372,0.008,0.274,0.000,157,W,0,,,,376143,128.74,0
166,380.030,"Mount",-0.260,0.188,0.287,0.144,0.251,0.052,143,W,22,S,,,366551,133.73,0
167,382.366,"Mount",-0.057,0.277,0.272,-0.078,0.242,-0.026,139,W,11,N,,,384250,147.21,0
168,384.771,"Mount",-0.063,0.200,0.206,-0.037,0.214,0.000,122,W,0,,,,378362,142.34,0
169,387.012,"Mount",-0.178,0.123,0.191,0.101,0.190,0.037,109,W,16,S,,,383938,161.40,0
170,389.427,"Mount",-0.066,0.180,0.190,-0.024,0.177,0.000,101,W,0,,,,365953,131.05,0
171,391.635,"Mount",-0.110,0.267,0.288,-0.025,0.198,0.000,113,W,0,,,,348742,122.80,0
172,394.064,"Mount",-0.145,0.229,0.270,0.023,0.172,0.000,98,W,0,,,,355547,123.76,0
173,396.257,"Mount",-0.152,0.127,0.183,0.076,0.129,0.028,74,W,12,S,,,363175,125.58,0
174,398.676,"Mount",-0.067,0.121,0.138,0.004,0.092,0.000,52,W,0,,,,381199,144.30,0
175,400.785,"Mount",-0.033,0.073,0.080,-0.004,0.063,0.000,36,W,0,,,,355203,132.06,0
176,403.165,"Mount",-0.031,0.095,0.098,-0.016,0.060,0.000,34,W,0,,,,341873,110.48,0
177,405.256,"Mount",-0.038,0.007,0.024,0.030,0.008,0.000,4,W,0,,,,373160,144.51,0
178,407.659,"Mount",-0.161,0.087,0.152,0.103,0.064,0.037,37,W,16,S,,,378692,131.96,0
179,409.846,"Mount",-0.113,-0.148,-0.080,0.169,-0.038,0.062,22,E,27,S,,,369773,118.29,0
180,412.231,"Mount",-0.045,0.038,0.054,0.022,-0.011,0.000,6,E,0,,,,363198,131.88,0
181,414.445,"Mount",-0.005,0.094,0.086,-0.039,0.026,0.000,15,W,0,,,,366897,131.78,0
182,416.799,"Mount",0.059,0.038,0.007,-0.070,-0.013,-0.025,8,E,11,N,,,362835,120.11,0
183,418.897,"Mount",0.025,-0.039,-0.046,-0.005,-0.014,0.000,8,E,0,,,,363613,128.77,0
184,421.255,"Mount",0.054,0.051,0.020,-0.072,-0.009,-0.026,5,E,11,N,,,393349,131.38,0
185,423.319,"Mount",-0.025,-0.021,-0.007,0.031,-0.013,0.000,7,E,0,,,,353793,146.75,0
186,425.731,"Mount",-0.047,-0.147,-0.109,0.109,-0.066,0.039,37,E,17,S,,,337647,123.60,0
187,427.892,"Mount",-0.041,-0.108,-0.077,0.086,-0.055,0.032,32,E,14,S,,,360411,130.67,0
188,430.216,"Mount",-0.059,0.062,0.082,0.024,0.008,0.000,5,W,0,,,,393370,123.18,0
189,432.303,"Mount",-0.015,0.089,0.086,-0.028,0.007,0.000,4,W,0,,,,385273,143.55,0
190,434.677,"Mount",0.069,0.006,-0.026,-0.063,-0.028,-0.023,16,E,10,N,,,360911,141.33,0
191,436.810,"Mount",0.013,-0.019,-0.023,-0.003,-0.004,0.000,2,E,0,,,,369402,126.06,0
192,439.183,"Mount",0.038,0.077,0.051,-0.069,0.004,-0.025,2,W,11,N,,,363036,130.95,0
193,441.357,"Mount",-0.162,-0.041,0.038,0.162,0.008,0.057,5,W,25,S,,,363423,123.00,0
194,443.642,"Mount",-0.071,0.021,0.052,0.054,0.015,0.000,9,W,0,,,,376850,122.96,0
195,445.776,"Mount",-0.063,0.092,0.110,0.013,0.069,0.000,39,W,0,,,,351974,124.22,0
196,448.125,"Mount",-0.079,0.050,0.081,0.047,0.058,0.000,33,W,0,,,,353056,121.74,0
197,450.211,"Mount",-0.041,-0.017,0.004,0.045,0.019,0.000,11,W,0,,,,369299,130.10,0
198,452.559,"Mount",-0.003,-0.036,-0.030,0.019,0.013,0.000,7,W,0,,,,353263,116.63,0
199,454.657,"Mount",-0.046,-0.035,-0.010,0.057,0.003,0.000,2,W,0,,,,362405,133.56,0
200,457.059,"Mount",0.034,0.164,0.130,-0.106,0.037,-0.038,21,W,16,N,,,373287,136.47,0
201,459.223,"Mount",0.050,0.080,0.048,-0.081,-0.030,-0.031,17,E,13,N,,,342489,137.65,0
202,461.610,"Mount",0.088,-0.021,-0.059,-0.069,-0.027,-0.026,16,E,11,N,,,374079,117.26,0
203,463.717,"Mount",-0.010,-0.002,0.003,0.010,-0.032,0.000,18,E,0,,,,357645,116.43,0
204,466.090,"Mount",0.021,-0.124,-0.120,0.039,-0.083,0.000,47,E,0,,,,347094,117.81,0
205,468.173,"Mount",-0.048,-0.029,-0.004,0.056,-0.028,0.000,16,E,0,,,,359614,124.26,0
206,470.571,"Mount",0.087,-0.000,-0.040,-0.077,-0.024,-0.028,14,E,12,N,,,354835,127.92,0
207,472.763,"Mount",0.132,-0.063,-0.116,-0.088,-0.066,-0.033,38,E,14,N,,,372797,145.44,0
208,475.148,"Mount",-0.049,-0.025,0.000,0.055,-0.008,0.000,4,E,0,,,,365552,126.33,0
209,477.348,"Mount",-0.099,0.054,0.093,0.063,0.043,0.023,25,W,10,S,,,363101,138.58,0
210,479.738,"Mount",-0.185,-0.168,-0.064,0.242,-0.019,0.088,11,E,38,S,,,386721,135.42,0
211,481.861,"Mount",-0.072,0.054,0.081,0.039,0.055,0.000,32,W,0,,,,353577,135.09,0
212,484.252,"Mount",-0.004,0.164,0.147,-0.072,0.083,-0.026,47,W,11,N,,,367527,131.63,0
213,486.356,"Mount",-0.005,0.139,0.126,-0.060,0.060,0.000,34,W,0,,,,358311,126.65,0
214,488.769,"Mount",0.123,-0.039,-0.091,-0.091,-0.040,-0.033,23,E,14,N,,,374383,141.30,0
215,490.886,"Mount",-0.079,0.072,0.101,0.037,0.045,0.000,26,W,0,,,,334995,118.19,0
216,493.213,"Mount",-0.059,0.007,0.033,0.049,-0.006,0.000,3,E,0,,,,362097,126.32,0
217,495.324,"Mount",-0.036,0.091,0.098,-0.010,0.033,0.000,19,W,0,,,,367777,131.58,0
218,497.738,"Mount",-0.141,0.057,0.115,0.099,0.033,0.036,19,W,15,S,,,365304,132.75,0
219,499.889,"Mount",-0.136,0.164,0.208,0.045,0.074,0.000,42,W,0,,,,348579,127.18,0
220,502.271,"Mount",-0.123,0.085,0.132,0.069,0.054,0.025,31,W,11,S,,,347876,130.22,0
221,504.370,"Mount",-0.003,-0.020,-0.016,0.012,-0.001,0.000,1,E,0,,,,365334,141.70,0
222,506.702,"Mount",0.006,-0.030,-0.029,0.008,0.021,0.000,12,W,0,,,,356249,142.76,0
223,508.824,"Mount",0.046,-0.071,-0.084,-0.008,-0.016,0.000,9,E,0,,,,379772,136.12,0
224,511.208,"Mount",0.101,-0.199,-0.223,0.002,-0.089,0.000,51,E,0,,,,359581,119.62,0
225,513.315,"Mount",-0.004,-0.057,-0.049,0.030,0.003,0.000,2,W,0,,,,360745,123.95,0
226,515.847,"Mount",0.058,-0.370,-0.355,0.119,-0.164,0.043,94,E,18,S,,,377765,138.75,0
227,518.091,"Mount",0.029,-0.194,-0.185,0.064,-0.123,0.025,70,E,11,S,,,377875,154.52,0
228,520.540,"Mount",0.127,-0.330,-0.351,0.040,-0.215,0.000,123,E,0,,,,381098,145.31,0
229,522.754,"Mount",0.092,-0.236,-0.252,0.027,-0.194,0.000,111,E,0,,,,349482,124.18,0
230,525.172,"Mount",0.078,-0.174,-0.190,0.011,-0.185,0.000,106,E,0,,,,355851,122.32,0
231,527.368,"Mount",0.037,-0.147,-0.148,0.035,-0.177,0.000,101,E,0,,,,356313,141.86,0
232,529.855,"Mount",-0.039,-0.167,-0.131,0.112,-0.176,0.040,101,E,17,S,,,369497,130.84,0
233,532.018,"Mount",-0.037,-0.040,-0.018,0.051,-0.096,0.000,55,E,0,,,,382721,149.68,0
234,534.453,"Mount",-0.106,0.010,0.058,0.090,-0.087,0.032,50,E,14,S,,,378252,139.39,0
235,536.593,"Mount",-0.058,0.002,0.029,0.050,-0.059,0.000,34,E,0,,,,354692,132.60,0
236,538.974,"Mount",-0.099,0.021,0.064,0.078,-0.015,0.028,8,E,12,S,,,360912,127.28,0
237,541.085,"Mount",-0.095,0.093,0.127,0.042,0.042,0.000,24,W,0,,,,376799,124.74,0
238,543.436,"Mount",-0.058,0.118,0.132,-0.003,0.063,0.000,36,W,0,,,,349552,123.84,0
239,545.567,"Mount",-0.095,0.090,0.124,0.043,0.074,0.000,42,W,0,,,,378509,135.18,0
240,548.077,"Mount",0.076,0.142,0.091,-0.133,0.075,-0.048,43,W,20,N,,,328599,123.39,0
241,550.201,"Mount",-0.086,0.134,0.158,0.014,0.108,0.000,62,W,0,,,,354799,128.03,0
242,552.536,"Mount",0.018,0.003,-0.006,-0.017,0.041,0.000,23,W,0,,,,359322,144.54,0
243,554.758,"Mount",-0.032,-0.015,0.001,0.035,0.033,0.000,19,W,0,,,,351105,130.25,0
244,557.154,"Mount",0.200,-0.074,-0.158,-0.143,-0.061,-0.052,35,E,22,N,,,339932,119.01,0
245,559.272,"Mount",0.113,-0.250,-0.274,0.015,-0.127,0.000,72,E,0,,,,343799,130.40,0
246,561.623,"Mount",0.119,-0.120,-0.162,-0.050,-0.119,0.000,68,E,0,,,,377835,147.48,0
247,563.774,"Mount",0.080,-0.155,-0.175,0.000,-0.142,0.000,81,E,0,,,,347596,122.24,0
248,566.247,"Mount",0.002,-0.180,-0.161,0.082,-0.177,0.029,101,E,13,S,,,383863,146.28,0
249,568.456,"Mount",0.039,-0.153,-0.153,0.036,-0.190,0.000,108,E,0,,,,385737,127.82,0
250,570.840,"Mount",0.070,-0.019,-0.049,-0.054,-0.140,0.000,80,E,0,,,,366145,135.18,0
251,573.153,"Mount",-0.056,-0.245,-0.192,0.163,-0.228,0.059,130,E,25,S,,,379300,133.16,0
252,575.581,"Mount",0.039,-0.088,-0.096,0.006,-0.202,0.000,115,E,0,,,,373332,127.18,0
253,577.803,"Mount",0.088,-0.127,-0.153,-0.020,-0.192,0.000,110,E,0,,,,369552,133.22,0
254,580.211,"Mount",0.083,-0.015,-0.051,-0.066,-0.128,-0.024,73,E,10,N,,,376562,133.64,0
255,582.411,"Mount",0.049,-0.128,-0.136,0.016,-0.165,0.000,94,E,0,,,,366027,139.42,0
256,584.900,"Mount",0.061,-0.348,-0.337,0.107,-0.254,0.038,145,E,16,S,,,381934,143.47,0
257,587.216,"Mount",0.049,-0.260,-0.254,0.076,-0.221,0.029,127,E,12,S,,,368668,129.64,0
258,589.653,"Mount",0.158,-0.205,-0.255,-0.045,-0.221,0.000,127,E,0,,,,372783,134.25,0
259,591.882,"Mount",0.086,-0.099,-0.128,-0.031,-0.215,0.000,123,E,0,,,,359088,116.77,0
260,594.305,"Mount",0.068,-0.114,-0.132,-0.007,-0.218,0.000,125,E,0,,,,377335,141.93,0
261,596.499,"Mount",-0.014,-0.042,-0.031,0.032,-0.166,0.000,95,E,0,,,,374860,143.35,0
262,598.993,"Mount",-0.004,-0.022,-0.018,0.014,-0.164,0.000,94,E,0,,,,379000,146.03,0
263,601.168,"Mount",-0.031,-0.035,-0.017,0.044,-0.137,0.000,78,E,0,,,,376726,123.46,0
264,603.512,"Mount",-0.023,-0.076,-0.057,0.056,-0.125,0.000,71,E,0,,,,360622,121.36,0
265,605.656,"Mount",0.029,-0.175,-0.168,0.055,-0.180,0.000,103,E,0,,,,353585,119.42,0
266,608.002,"Mount",-0.033,0.031,0.043,0.015,-0.070,0.000,40,E,0,,,,365777,141.17,0
267,610.099,"Mount",-0.036,-0.010,0.008,0.037,-0.047,0.000,27,E,0,,,,368009,143.17,0
268,612.498,"Mount",-0.150,-0.062,0.014,0.162,0.013,0.058,8,W,25,S,,,363012,124.53,0
269,614.606,"Mount",-0.012,-0.015,-0.008,0.017,0.032,0.000,18,W,0,,,,366820,124.23,0
270,616.993,"Mount",0.040,0.077,0.050,-0.071,0.035,-0.025,20,W,11,N,,,344863,111.58,0
271,619.140,"Mount",-0.041,0.104,0.111,-0.012,0.092,0.000,53,W,0,,,,348197,137.98,0
272,621.455,"Mount",0.042,-0.038,-0.053,-0.019,0.010,0.000,6,W,0,,,,380389,126.05,0
273,623.589,"Mount",0.063,-0.068,-0.089,-0.024,-0.034,0.000,19,E,0,,,,336115,126.59,0
274,625.889,"Mount",0.036,0.048,0.026,-0.054,-0.028,0.000,16,E,0,,,,370823,129.81,0
275,628.040,"Mount",0.098,0.046,-0.004,-0.109,-0.040,-0.039,23,E,17,N,,,385210,126.61,0
276,630.353,"Mount",-0.039,0.036,0.050,0.018,-0.055,0.000,32,E,0,,,,345477,125.02,0
Guiding Ends at 2026-05-18 21:40:16

Guiding Begins at 2026-05-18 21:42:59
Equipment Profile = 60mmGuide
Dither = both axes, Dither scale = 1.000, Image noise reduction = none, Guide-frame time lapse = 0, Server enabled
Pixel scale = 3.22 arc-sec/px, Binning = 1, Focal length = 240 mm
Search region = 25 px, Star mass tolerance = 50.0%, Multi-star mode, list size = 12
 Camera = ZWO ASI120MM Mini, gain = 37, full size = 1280 x 960, have dark, dark dur = 2000, no defect map, pixel size = 3.8 um
Exposure = 2000 ms
Mount = iOptron CEM120,70,40,26, GEM, HEM, HAE, HAZ series and SkyHunter Mount (ASCOM), connected, guiding enabled, xAngle = 117.4, xRate = 1.749, yAngle = -152.7, yRate = 2.338, parity = +/+
Norm rates RA = 8.3"/s @ dec 0, Dec = 7.5"/s; ortho.err. = 0.1 deg
X guide algorithm = Predictive PEC, Control gain = 0.450
Prediction gain = 0.750
Minimum move = 0.060
Hyperparameters
	Length scale long range SE kernel = 700.000
	Signal variance long range SE kernel = 20.000
	Length scale periodic kernel = 10.000
	Signal variance periodic kernel = 20.000
	Length scale short range SE kernel = 25.000
	Signal variance short range SE kernel = 10.000
	Period length periodic kernel = 348.000
	FFT called after = 2.000 worm cycles
	Auto-adjust period length = Off
Y guide algorithm = Hysteresis, Hysteresis = 0.100, Aggression = 0.400, Minimum move = 0.060
Backlash comp = disabled, pulse = 100 ms
Max RA duration = 2500, Max DEC duration = 2500, DEC guide mode = Auto
RA Guide Speed = 7.5 a-s/s, Dec Guide Speed = 7.5 a-s/s, Cal Dec = 0.0, Last Cal Issue = None, Timestamp = 7/29/2025 9:33:42 PM
RA = 13.52 hr, Dec = 47.1 deg, Hour angle = -1.64 hr, Pier side = West, Rotator pos = N/A, Alt = 65.6 deg, Az = 43.4 deg
Lock position = 318.676, 60.189, Star position = 318.676, 60.189, HFD = 4.93 px
Frame,Time,mount,dx,dy,RARawDistance,DECRawDistance,RAGuideDistance,DECGuideDistance,RADuration,RADirection,DECDuration,DECDirection,XStep,YStep,StarMass,SNR,ErrorCode
INFO: SETTLING STATE CHANGE, Settling started
1,2.288,"Mount",0.114,-0.043,-0.091,-0.081,-0.041,-0.029,23,E,12,N,,,369245,129.56,0
2,4.647,"Mount",0.125,0.026,-0.034,-0.122,0.000,-0.045,0,,19,N,,,372832,147.69,0
3,6.800,"Mount",-0.024,0.135,0.131,-0.041,0.059,0.000,34,W,0,,,,381259,131.72,0
4,9.193,"Mount",0.141,-0.143,-0.192,-0.059,-0.086,0.000,49,E,0,,,,376695,140.21,0
5,11.286,"Mount",0.152,0.126,0.041,-0.193,0.000,-0.069,0,,30,N,,,387449,125.57,0
6,13.554,"Mount",-0.019,0.048,0.051,-0.006,0.000,0.000,0,,0,,,,355761,131.31,0
7,15.666,"Mount",-0.038,0.065,0.075,0.004,0.034,0.000,19,W,0,,,,367478,134.48,0
8,18.015,"Mount",0.212,0.088,-0.019,-0.229,0.000,-0.082,0,,35,N,,,350992,122.13,0
9,20.206,"Mount",0.006,0.184,0.161,-0.090,0.072,-0.036,41,W,15,N,,,375000,127.94,0
INFO: SETTLING STATE CHANGE, Settling complete
10,22.556,"Mount",0.049,-0.146,-0.152,0.024,-0.069,0.000,39,E,0,,,,356289,128.51,0
11,24.768,"Mount",-0.024,-0.176,-0.145,0.103,-0.053,0.037,31,E,16,S,,,357213,138.46,0
12,27.247,"Mount",-0.051,-0.155,-0.114,0.117,-0.051,0.043,29,E,19,S,,,360144,126.32,0
13,29.350,"Mount",0.032,-0.010,-0.024,-0.024,-0.002,0.000,1,E,0,,,,357947,135.81,0
14,31.648,"Mount",0.026,0.072,0.052,-0.056,-0.003,0.000,2,E,0,,,,374115,141.54,0
15,33.871,"Mount",-0.079,0.117,0.140,0.016,0.053,0.000,30,W,0,,,,369013,122.73,0
16,36.195,"Mount",-0.045,-0.018,0.005,0.048,0.002,0.000,1,W,0,,,,359513,135.50,0
17,38.289,"Mount",-0.045,0.024,0.042,0.029,0.002,0.000,1,W,0,,,,356775,119.49,0
18,40.607,"Mount",-0.089,0.059,0.093,0.052,0.042,0.000,24,W,0,,,,345736,129.51,0
19,42.666,"Mount",-0.026,0.045,0.052,0.003,0.004,0.000,2,W,0,,,,327777,131.04,0
20,45.060,"Mount",-0.179,-0.086,0.006,0.198,0.004,0.071,3,W,31,S,,,365251,125.11,0
21,47.099,"Mount",-0.035,-0.001,0.015,0.032,0.000,0.000,0,,0,,,,395486,168.15,0
22,49.411,"Mount",-0.056,-0.058,-0.026,0.077,-0.001,0.028,0,,12,S,,,352985,121.86,0
23,51.542,"Mount",0.010,0.031,0.023,-0.023,-0.005,0.000,3,E,0,,,,372754,142.37,0
24,53.824,"Mount",-0.059,0.031,0.055,0.038,-0.006,0.000,3,E,0,,,,362432,140.74,0
25,55.947,"Mount",-0.027,-0.008,0.005,0.027,-0.002,0.000,1,E,0,,,,369973,123.06,0
26,58.294,"Mount",0.091,0.095,0.043,-0.124,-0.002,-0.045,1,E,19,N,,,372566,133.75,0
27,60.365,"Mount",-0.008,0.039,0.039,-0.011,-0.002,0.000,1,E,0,,,,354771,147.02,0
28,62.649,"Mount",0.028,0.011,-0.003,-0.030,0.002,0.000,1,W,0,,,,377628,143.03,0
29,64.836,"Mount",-0.006,-0.155,-0.135,0.077,-0.052,0.028,30,E,12,S,,,384056,171.26,0
30,67.141,"Mount",0.054,-0.099,-0.113,-0.002,-0.046,0.000,26,E,0,,,,357114,141.97,0
31,69.255,"Mount",-0.011,-0.075,-0.061,0.044,-0.027,0.000,15,E,0,,,,347554,137.95,0
32,71.581,"Mount",0.104,-0.110,-0.146,-0.041,-0.070,0.000,40,E,0,,,,371307,135.27,0
33,73.798,"Mount",0.201,-0.247,-0.312,-0.065,-0.137,-0.023,79,E,10,N,,,370576,127.29,0
34,76.204,"Mount",0.152,-0.289,-0.326,-0.001,-0.147,0.000,84,E,0,,,,367163,133.16,0
35,78.375,"Mount",0.129,-0.278,-0.306,0.014,-0.142,0.000,81,E,0,,,,364822,149.29,0
36,80.928,"Mount",0.055,-0.428,-0.405,0.149,-0.196,0.054,112,E,23,S,,,346881,118.91,0
37,83.135,"Mount",0.090,-0.220,-0.237,0.022,-0.128,0.000,73,E,0,,,,383571,150.29,0
38,85.506,"Mount",0.074,-0.161,-0.178,0.009,-0.106,0.000,60,E,0,,,,367604,151.27,0
39,87.714,"Mount",0.150,-0.134,-0.188,-0.071,-0.097,-0.026,55,E,11,N,,,361722,127.73,0
40,90.224,"Mount",0.022,-0.177,-0.167,0.062,-0.086,0.021,49,E,9,S,,,357858,159.27,0
41,92.366,"Mount",0.081,-0.159,-0.179,0.002,-0.063,0.000,36,E,0,,,,359551,121.83,0
42,94.679,"Mount",0.076,-0.099,-0.123,-0.022,-0.035,0.000,20,E,0,,,,353761,135.97,0
43,96.816,"Mount",0.067,-0.153,-0.166,0.011,-0.066,0.000,38,E,0,,,,344755,129.23,0
44,99.105,"Mount",-0.017,-0.042,-0.030,0.035,0.005,0.000,3,W,0,,,,345517,118.44,0
45,101.224,"Mount",0.027,-0.065,-0.070,0.006,-0.044,0.000,25,E,0,,,,382742,144.25,0
46,103.556,"Mount",0.057,-0.175,-0.181,0.031,-0.091,0.000,52,E,0,,,,353580,135.19,0
47,105.728,"Mount",-0.048,-0.174,-0.132,0.123,-0.072,0.044,41,E,19,S,,,380999,138.98,0
48,108.061,"Mount",0.022,0.073,0.055,-0.053,-0.018,0.000,10,E,0,,,,371321,126.50,0
49,110.123,"Mount",-0.000,0.006,0.005,-0.003,-0.018,0.000,10,E,0,,,,355797,125.12,0
50,112.493,"Mount",-0.127,-0.079,-0.011,0.149,-0.014,0.054,8,E,23,S,,,381991,137.02,0
51,114.570,"Mount",0.024,-0.025,-0.033,-0.010,-0.012,0.000,7,E,0,,,,360230,138.31,0
52,116.935,"Mount",0.081,-0.168,-0.186,0.005,-0.067,0.000,38,E,0,,,,384008,161.40,0
53,119.043,"Mount",0.038,-0.125,-0.129,0.024,-0.040,0.000,23,E,0,,,,356995,125.70,0
54,121.432,"Mount",0.052,-0.138,-0.146,0.017,-0.063,0.000,36,E,0,,,,363359,149.13,0
55,123.722,"Mount",0.192,-0.180,-0.248,-0.088,-0.104,-0.032,60,E,13,N,,,358518,129.95,0
56,126.116,"Mount",0.063,-0.221,-0.225,0.046,-0.113,0.000,65,E,0,,,,367355,137.17,0
57,128.273,"Mount",0.146,-0.153,-0.203,-0.059,-0.107,0.000,61,E,0,,,,374251,134.62,0
58,130.864,"Mount",0.241,-0.769,-0.794,0.141,-0.354,0.051,202,E,22,S,,,368235,143.55,0
59,133.165,"Mount",0.294,-0.687,-0.745,0.056,-0.346,0.000,198,E,0,,,,348252,131.43,0
60,135.525,"Mount",0.099,-0.158,-0.186,-0.014,-0.125,0.000,71,E,0,,,,345796,127.95,0
61,137.716,"Mount",0.152,-0.196,-0.244,-0.044,-0.167,0.000,95,E,0,,,,345521,117.97,0
62,140.200,"Mount",0.184,-0.184,-0.248,-0.078,-0.160,-0.028,92,E,12,N,,,364639,140.34,0
63,142.362,"Mount",0.197,-0.347,-0.399,-0.014,-0.148,0.000,85,E,0,,,,356196,120.26,0
64,144.870,"Mount",0.154,-0.533,-0.544,0.109,-0.199,0.039,114,E,17,S,,,370220,140.51,0
65,147.263,"Mount",0.167,-0.816,-0.801,0.228,-0.349,0.084,200,E,36,S,,,350426,125.05,0
66,149.742,"Mount",0.311,-0.219,-0.338,-0.175,-0.159,-0.060,91,E,25,N,,,349551,126.84,0
67,151.962,"Mount",0.188,-0.246,-0.305,-0.053,-0.221,0.000,126,E,0,,,,371756,133.38,0
68,154.448,"Mount",0.245,-0.243,-0.329,-0.106,-0.230,-0.038,132,E,16,N,,,372365,148.79,0
69,156.723,"Mount",0.339,-0.146,-0.285,-0.234,-0.165,-0.086,94,E,37,N,,,373421,134.36,0
70,159.150,"Mount",0.131,-0.219,-0.255,-0.015,-0.147,0.000,84,E,0,,,,383792,158.14,0
71,161.352,"Mount",0.134,-0.094,-0.145,-0.075,-0.085,-0.027,48,E,12,N,,,368348,132.67,0
72,163.784,"Mount",0.040,-0.215,-0.209,0.064,-0.103,0.022,59,E,9,S,,,343689,121.21,0
73,165.966,"Mount",0.158,-0.109,-0.169,-0.090,-0.076,-0.032,43,E,13,N,,,351418,127.98,0
74,168.330,"Mount",0.138,-0.149,-0.196,-0.054,-0.081,0.000,46,E,0,,,,354193,112.71,0
75,170.428,"Mount",0.044,-0.185,-0.185,0.046,-0.071,0.000,41,E,0,,,,359822,141.77,0
76,172.914,"Mount",-0.014,-0.146,-0.123,0.080,-0.058,0.029,33,E,12,S,,,384704,133.20,0
77,175.203,"Mount",-0.010,-0.112,-0.095,0.060,-0.045,0.023,26,E,10,S,,,374144,158.16,0
78,177.548,"Mount",0.088,-0.115,-0.143,-0.025,-0.058,0.000,33,E,0,,,,375353,135.08,0
79,179.613,"Mount",-0.008,-0.061,-0.050,0.035,0.003,0.000,2,W,0,,,,371404,139.11,0
80,181.967,"Mount",0.092,-0.055,-0.091,-0.056,-0.056,0.000,32,E,0,,,,368434,131.15,0
81,184.028,"Mount",0.043,-0.022,-0.040,-0.028,-0.017,0.000,10,E,0,,,,356190,128.16,0
82,186.311,"Mount",-0.010,0.032,0.033,-0.006,-0.019,0.000,11,E,0,,,,360711,137.89,0
83,188.463,"Mount",0.092,-0.033,-0.071,-0.067,-0.049,-0.024,28,E,10,N,,,369407,126.26,0
84,190.771,"Mount",0.046,-0.004,-0.025,-0.039,-0.013,0.000,8,E,0,,,,346282,130.18,0
85,192.908,"Mount",-0.101,0.015,0.060,0.083,-0.012,0.030,7,E,13,S,,,373477,132.27,0
86,195.225,"Mount",-0.020,-0.023,-0.012,0.028,-0.012,0.000,7,E,0,,,,365142,142.01,0
87,197.291,"Mount",0.032,-0.001,-0.015,-0.028,-0.009,0.000,5,E,0,,,,377684,132.05,0
88,199.623,"Mount",-0.052,0.098,0.111,0.001,0.037,0.000,21,W,0,,,,367026,143.93,0
89,201.642,"Mount",-0.055,0.023,0.046,0.038,0.001,0.000,0,,0,,,,372698,132.02,0
90,204.000,"Mount",0.101,0.066,0.012,-0.120,0.001,-0.043,1,W,19,N,,,367328,137.51,0
91,206.191,"Mount",0.021,0.130,0.106,-0.079,0.054,-0.030,31,W,13,N,,,360126,136.36,0
92,208.608,"Mount",-0.163,0.272,0.317,0.019,0.141,0.000,81,W,0,,,,377781,142.93,0
93,210.756,"Mount",-0.100,0.157,0.185,0.017,0.084,0.000,48,W,0,,,,380927,128.93,0
94,213.216,"Mount",-0.044,0.314,0.299,-0.106,0.131,-0.038,75,W,16,N,,,364928,141.86,0
95,215.414,"Mount",-0.177,0.327,0.372,0.006,0.156,0.000,89,W,0,,,,369258,142.47,0
96,217.865,"Mount",-0.147,0.381,0.406,-0.046,0.208,0.000,119,W,0,,,,381095,137.35,0
97,220.000,"Mount",-0.129,0.126,0.171,0.056,0.105,0.000,60,W,0,,,,377581,146.54,0
98,222.400,"Mount",-0.177,0.341,0.385,-0.000,0.183,0.000,105,W,0,,,,364142,130.21,0
99,224.599,"Mount",-0.166,0.321,0.361,-0.001,0.162,0.000,93,W,0,,,,388106,148.39,0
100,227.063,"Mount",-0.145,0.313,0.345,-0.016,0.141,0.000,81,W,0,,,,372347,152.13,0
101,229.223,"Mount",-0.159,0.259,0.303,0.021,0.114,0.000,65,W,0,,,,352966,131.13,0
102,231.628,"Mount",-0.195,0.158,0.231,0.100,0.126,0.036,72,W,15,S,,,388334,139.68,0
103,233.794,"Mount",-0.112,0.083,0.125,0.061,0.076,0.023,43,W,10,S,,,353261,155.34,0
104,236.190,"Mount",-0.114,0.180,0.212,0.018,0.119,0.000,68,W,0,,,,375399,149.97,0
105,238.329,"Mount",-0.023,0.147,0.141,-0.047,0.080,0.000,46,W,0,,,,384000,159.64,0
106,240.654,"Mount",0.006,0.060,0.050,-0.033,0.011,0.000,6,W,0,,,,357544,133.05,0
107,242.835,"Mount",-0.110,-0.042,0.014,0.117,-0.008,0.042,5,E,18,S,,,359636,141.47,0
108,245.148,"Mount",0.014,-0.010,-0.015,-0.008,-0.019,0.000,11,E,0,,,,334945,127.93,0
109,247.336,"Mount",0.054,0.056,0.025,-0.074,-0.064,-0.027,36,E,11,N,,,374724,139.34,0
110,249.719,"Mount",0.023,0.078,0.058,-0.056,-0.078,0.000,44,E,0,,,,358928,134.61,0
111,251.855,"Mount",0.022,0.077,0.058,-0.055,-0.037,0.000,21,E,0,,,,357579,133.33,0
112,254.243,"Mount",0.061,0.100,0.061,-0.101,-0.016,-0.036,9,E,15,N,,,372266,134.82,0
113,256.394,"Mount",0.063,0.117,0.075,-0.110,0.029,-0.041,17,W,18,N,,,376305,137.94,0
114,258.806,"Mount",0.144,0.150,0.067,-0.197,0.028,-0.073,16,W,31,N,,,386309,130.75,0
115,260.928,"Mount",-0.062,-0.003,0.026,0.056,0.003,0.000,2,W,0,,,,369000,130.15,0
116,263.290,"Mount",-0.034,-0.013,0.004,0.036,0.001,0.000,1,W,0,,,,375850,130.84,0
117,265.401,"Mount",-0.002,0.008,0.008,-0.002,-0.003,0.000,2,E,0,,,,376030,139.38,0
118,267.730,"Mount",-0.032,0.105,0.108,-0.020,0.031,0.000,18,W,0,,,,373588,141.36,0
119,269.908,"Mount",-0.028,0.053,0.060,0.000,-0.021,0.000,12,E,0,,,,370952,141.20,0
120,272.306,"Mount",-0.215,0.200,0.276,0.098,0.100,0.035,57,W,15,S,,,364116,133.95,0
121,274.448,"Mount",-0.143,0.369,0.394,-0.044,0.142,0.000,81,W,0,,,,383963,131.32,0
122,276.855,"Mount",-0.165,0.437,0.464,-0.055,0.198,0.000,113,W,0,,,,372575,168.78,0
123,279.069,"Mount",-0.252,0.377,0.451,0.050,0.188,0.000,107,W,0,,,,367410,140.23,0
124,281.576,"Mount",-0.109,0.360,0.370,-0.070,0.224,-0.025,128,W,11,N,,,376493,138.88,0
125,283.802,"Mount",-0.156,0.334,0.368,-0.016,0.218,0.000,125,W,0,,,,356118,147.96,0
126,286.257,"Mount",-0.136,0.383,0.403,-0.057,0.243,0.000,139,W,0,,,,354280,140.50,0
127,288.532,"Mount",-0.131,0.414,0.427,-0.075,0.241,-0.027,138,W,12,N,,,359455,135.51,0
128,290.965,"Mount",-0.132,0.315,0.340,-0.028,0.203,0.000,116,W,0,,,,363383,151.88,0
129,293.237,"Mount",-0.222,0.226,0.303,0.092,0.168,0.033,96,W,14,S,,,353307,129.05,0
130,295.633,"Mount",-0.150,0.248,0.289,0.018,0.142,0.000,81,W,0,,,,382829,152.18,0
131,297.799,"Mount",-0.141,0.280,0.314,-0.004,0.148,0.000,85,W,0,,,,366757,154.50,0
132,300.166,"Mount",-0.134,0.214,0.251,0.020,0.102,0.000,58,W,0,,,,364947,149.40,0
133,302.309,"Mount",-0.139,0.265,0.299,0.001,0.075,0.000,43,W,0,,,,372891,129.21,0
134,304.676,"Mount",-0.215,0.288,0.355,0.057,0.078,0.000,45,W,0,,,,366283,151.97,0
135,306.820,"Mount",-0.079,0.144,0.164,0.003,0.041,0.000,23,W,0,,,,360628,131.94,0
136,309.151,"Mount",-0.076,0.170,0.185,-0.011,0.042,0.000,24,W,0,,,,371351,135.67,0
137,311.335,"Mount",-0.139,0.243,0.280,0.011,0.142,0.000,81,W,0,,,,368302,155.82,0
138,313.707,"Mount",-0.086,0.023,0.060,0.065,0.020,0.023,11,W,10,S,,,362045,141.17,0
139,315.874,"Mount",-0.060,0.089,0.106,0.012,0.085,0.000,49,W,0,,,,357301,134.46,0
140,318.210,"Mount",-0.048,0.042,0.059,0.023,0.029,0.000,17,W,0,,,,359016,123.08,0
141,320.279,"Mount",-0.046,-0.040,-0.015,0.060,0.018,0.000,10,W,0,,,,360992,123.27,0
142,322.614,"Mount",0.088,-0.067,-0.100,-0.048,-0.072,0.000,41,E,0,,,,362166,130.10,0
143,324.780,"Mount",0.099,-0.003,-0.048,-0.086,-0.043,-0.031,24,E,13,N,,,367576,158.13,0
144,327.230,"Mount",-0.051,-0.132,-0.094,0.106,-0.124,0.037,71,E,16,S,,,370442,144.66,0
145,329.377,"Mount",0.048,0.003,-0.019,-0.044,-0.089,0.000,51,E,0,,,,370995,133.65,0
146,331.887,"Mount",-0.146,-0.246,-0.152,0.243,-0.122,0.087,70,E,37,S,,,367520,130.04,0
147,334.015,"Mount",0.028,0.055,0.036,-0.050,-0.053,0.000,30,E,0,,,,363594,133.20,0
148,336.379,"Mount",0.022,0.168,0.139,-0.097,0.023,-0.035,13,W,15,N,,,357424,131.40,0
149,338.443,"Mount",-0.077,0.042,0.073,0.049,0.002,0.000,1,W,0,,,,373438,147.44,0
150,340.729,"Mount",0.002,0.049,0.043,-0.024,-0.002,0.000,1,E,0,,,,373911,165.72,0
151,342.846,"Mount",-0.072,0.037,0.066,0.046,0.031,0.000,17,W,0,,,,364433,134.78,0
152,345.173,"Mount",-0.048,0.154,0.158,-0.029,0.073,0.000,42,W,0,,,,346255,107.99,0
153,347.340,"Mount",0.020,0.145,0.119,-0.085,0.058,-0.030,33,W,13,N,,,361757,136.77,0
154,349.739,"Mount",0.151,0.047,-0.027,-0.156,0.006,-0.057,3,W,25,N,,,372117,135.96,0
155,351.918,"Mount",0.081,0.078,0.032,-0.108,0.009,-0.041,5,W,18,N,,,350921,141.89,0
156,354.333,"Mount",-0.092,-0.109,-0.054,0.132,0.006,0.046,3,W,20,S,,,356089,136.14,0
157,356.509,"Mount",-0.039,-0.125,-0.093,0.093,-0.049,0.035,28,E,15,S,,,365972,143.63,0
158,358.830,"Mount",-0.002,0.006,0.006,-0.001,-0.014,0.000,8,E,0,,,,335912,118.32,0
159,360.967,"Mount",-0.056,0.100,0.114,0.003,0.028,0.000,16,W,0,,,,392089,160.66,0
160,363.297,"Mount",0.004,0.113,0.098,-0.056,0.019,0.000,11,W,0,,,,356576,117.70,0
161,365.452,"Mount",0.088,0.051,0.005,-0.101,-0.022,-0.036,13,E,16,N,,,341238,134.63,0
162,367.786,"Mount",-0.028,0.136,0.133,-0.037,0.056,0.000,32,W,0,,,,388254,150.90,0
163,369.963,"Mount",0.046,0.137,0.100,-0.104,0.042,-0.038,24,W,16,N,,,410064,157.91,0
164,372.364,"Mount",0.050,0.126,0.089,-0.102,0.045,-0.038,26,W,16,N,,,362568,133.26,0
165,374.548,"Mount",0.132,0.052,-0.014,-0.141,0.006,-0.052,4,W,22,N,,,372231,135.95,0
166,377.071,"Mount",0.020,0.173,0.145,-0.098,0.071,-0.037,41,W,16,N,,,367505,135.18,0
167,379.257,"Mount",0.047,0.001,-0.021,-0.042,0.007,0.000,4,W,0,,,,351767,121.01,0
168,381.579,"Mount",0.068,-0.062,-0.086,-0.032,-0.029,0.000,17,E,0,,,,369520,124.40,0
169,383.710,"Mount",-0.007,0.056,0.053,-0.020,0.004,0.000,2,W,0,,,,355534,134.57,0
170,386.075,"Mount",-0.143,0.061,0.120,0.099,0.046,0.036,26,W,15,S,,,366153,143.05,0
171,388.181,"Mount",-0.057,0.083,0.099,0.012,0.036,0.000,21,W,0,,,,358971,123.46,0
172,390.476,"Mount",0.017,0.091,0.073,-0.058,0.025,0.000,14,W,0,,,,354295,134.08,0
173,392.618,"Mount",-0.046,0.091,0.102,-0.001,0.051,0.000,29,W,0,,,,364437,135.40,0
174,394.925,"Mount",0.011,-0.031,-0.033,0.005,0.007,0.000,4,W,0,,,,377689,137.34,0
175,397.032,"Mount",0.009,0.096,0.081,-0.052,0.044,0.000,25,W,0,,,,350280,143.91,0
176,399.322,"Mount",-0.030,0.039,0.048,0.008,0.007,0.000,4,W,0,,,,355324,138.60,0
177,401.438,"Mount",0.033,-0.075,-0.081,0.006,-0.030,0.000,17,E,0,,,,395952,131.99,0
178,403.755,"Mount",0.048,-0.126,-0.134,0.016,-0.059,0.000,34,E,0,,,,370440,131.06,0
179,405.888,"Mount",0.047,-0.138,-0.144,0.022,-0.076,0.000,43,E,0,,,,362969,145.37,0
180,408.202,"Mount",0.086,-0.060,-0.093,-0.049,-0.066,0.000,38,E,0,,,,341649,129.46,0
181,410.378,"Mount",0.056,0.026,-0.003,-0.062,-0.036,-0.022,21,E,9,N,,,387892,145.12,0
182,412.730,"Mount",0.103,-0.073,-0.112,-0.058,-0.112,0.000,64,E,0,,,,356573,123.46,0
183,414.900,"Mount",-0.033,-0.153,-0.120,0.100,-0.125,0.036,71,E,15,S,,,368038,125.41,0
184,417.235,"Mount",0.022,-0.040,-0.046,-0.001,-0.073,0.000,42,E,0,,,,366301,127.98,0
185,419.372,"Mount",0.009,0.015,0.009,-0.015,-0.075,0.000,43,E,0,,,,395814,160.99,0
186,421.808,"Mount",-0.122,-0.092,-0.026,0.151,-0.067,0.054,38,E,23,S,,,343430,129.50,0
187,423.980,"Mount",0.064,-0.081,-0.101,-0.019,-0.108,0.000,62,E,0,,,,368677,119.59,0
188,426.332,"Mount",0.016,-0.083,-0.081,0.024,-0.086,0.000,49,E,0,,,,369436,135.00,0
189,428.465,"Mount",0.111,-0.094,-0.134,-0.055,-0.101,0.000,58,E,0,,,,366178,121.15,0
190,430.800,"Mount",0.082,-0.043,-0.076,-0.053,-0.081,0.000,46,E,0,,,,359828,122.96,0
191,433.034,"Mount",0.159,-0.175,-0.228,-0.061,-0.140,-0.022,80,E,9,N,,,353076,132.63,0
192,435.463,"Mount",0.125,-0.082,-0.130,-0.073,-0.093,-0.027,53,E,12,N,,,377459,139.13,0
193,437.641,"Mount",0.144,-0.163,-0.211,-0.053,-0.136,0.000,78,E,0,,,,364911,132.56,0
194,439.973,"Mount",0.058,-0.031,-0.054,-0.037,-0.042,0.000,24,E,0,,,,366498,117.40,0
195,442.088,"Mount",0.054,-0.029,-0.051,-0.035,-0.036,0.000,20,E,0,,,,352485,130.23,0
196,444.522,"Mount",0.092,-0.033,-0.072,-0.066,-0.068,-0.024,39,E,10,N,,,344234,126.79,0
197,446.754,"Mount",0.130,0.030,-0.033,-0.129,-0.022,-0.047,13,E,20,N,,,363174,135.88,0
198,449.058,"Mount",-0.034,-0.053,-0.031,0.054,-0.022,0.000,12,E,0,,,,375302,126.36,0
199,451.185,"Mount",-0.004,-0.088,-0.076,0.044,-0.058,0.000,33,E,0,,,,358989,131.62,0
200,453.581,"Mount",-0.058,-0.137,-0.095,0.115,-0.067,0.041,38,E,18,S,,,374474,137.38,0
201,455.678,"Mount",-0.023,-0.060,-0.042,0.047,-0.031,0.000,17,E,0,,,,363748,125.07,0
202,458.062,"Mount",-0.133,-0.056,0.011,0.144,-0.033,0.052,19,E,22,S,,,365597,133.04,0
203,460.144,"Mount",-0.068,0.023,0.052,0.050,-0.036,0.000,21,E,0,,,,378923,146.42,0
204,462.470,"Mount",-0.005,-0.078,-0.067,0.041,-0.070,0.000,40,E,0,,,,374047,134.59,0
205,464.594,"Mount",0.052,-0.068,-0.084,-0.015,-0.082,0.000,47,E,0,,,,396378,126.68,0
206,467.016,"Mount",-0.109,-0.112,-0.049,0.149,-0.043,0.054,25,E,23,S,,,351024,124.66,0
207,469.174,"Mount",0.098,-0.140,-0.169,-0.023,-0.123,0.000,70,E,0,,,,378134,135.41,0
208,471.616,"Mount",0.116,-0.228,-0.256,0.003,-0.171,0.000,98,E,0,,,,365443,133.58,0
209,473.797,"Mount",0.068,-0.198,-0.207,0.031,-0.156,0.000,89,E,0,,,,361277,121.43,0
210,476.254,"Mount",0.082,-0.201,-0.216,0.020,-0.191,0.000,109,E,0,,,,361877,121.46,0
211,478.493,"Mount",-0.003,-0.215,-0.190,0.102,-0.183,0.037,105,E,16,S,,,353879,123.69,0
212,480.943,"Mount",0.111,-0.160,-0.194,-0.025,-0.209,0.000,120,E,0,,,,381203,162.29,0
213,483.175,"Mount",0.079,-0.120,-0.143,-0.015,-0.190,0.000,109,E,0,,,,367259,139.11,0
214,485.572,"Mount",0.082,-0.034,-0.068,-0.057,-0.170,0.000,97,E,0,,,,365482,147.26,0
215,487.807,"Mount",0.122,-0.197,-0.231,-0.017,-0.240,0.000,137,E,0,,,,344990,128.42,0
216,490.255,"Mount",0.023,-0.159,-0.152,0.053,-0.220,0.000,126,E,0,,,,362351,133.66,0
217,492.528,"Mount",0.061,-0.262,-0.261,0.067,-0.241,0.024,138,E,10,S,,,382762,133.68,0
218,494.942,"Mount",0.071,-0.058,-0.084,-0.036,-0.172,0.000,98,E,0,,,,363984,161.94,0
219,497.159,"Mount",0.118,-0.102,-0.145,-0.058,-0.186,0.000,107,E,0,,,,322467,130.20,0
220,499.616,"Mount",-0.062,-0.012,0.018,0.060,-0.116,0.022,66,E,9,S,,,370423,133.69,0
221,501.834,"Mount",0.047,-0.074,-0.088,-0.007,-0.147,0.000,84,E,0,,,,369562,141.57,0
222,504.339,"Mount",-0.035,-0.093,-0.067,0.074,-0.121,0.027,69,E,11,S,,,338535,110.61,0
223,506.450,"Mount",-0.038,0.045,0.057,0.013,-0.077,0.000,44,E,0,,,,367648,132.57,0
224,508.772,"Mount",-0.058,-0.014,0.014,0.058,-0.057,0.000,33,E,0,,,,383395,128.53,0
225,510.903,"Mount",0.028,0.046,0.028,-0.046,-0.046,0.000,26,E,0,,,,354429,129.67,0
226,513.309,"Mount",0.075,-0.011,-0.044,-0.061,-0.032,-0.022,18,E,9,N,,,387955,137.72,0
227,515.419,"Mount",-0.054,-0.027,0.001,0.060,-0.021,0.000,12,E,0,,,,359839,125.06,0
228,517.775,"Mount",0.019,-0.091,-0.089,0.025,-0.060,0.000,34,E,0,,,,357403,121.84,0
229,519.952,"Mount",0.162,0.052,-0.029,-0.168,-0.019,-0.060,11,E,26,N,,,362268,131.61,0
230,522.345,"Mount",-0.048,-0.070,-0.040,0.075,-0.014,0.025,8,E,11,S,,,355281,124.00,0
231,524.388,"Mount",-0.024,-0.001,0.010,0.021,-0.018,0.000,10,E,0,,,,347266,116.07,0
232,526.719,"Mount",-0.011,0.070,0.067,-0.023,0.005,0.000,3,W,0,,,,359702,143.81,0
233,528.885,"Mount",0.022,0.091,0.070,-0.062,0.003,-0.022,2,W,9,N,,,381804,151.68,0
234,531.236,"Mount",-0.019,0.003,0.011,0.015,-0.029,0.000,17,E,0,,,,386370,163.48,0
235,533.453,"Mount",0.161,-0.013,-0.086,-0.137,-0.065,-0.049,37,E,21,N,,,350175,124.68,0
236,535.782,"Mount",0.024,-0.052,-0.057,0.003,-0.026,0.000,15,E,0,,,,374781,128.66,0
237,537.914,"Mount",0.017,-0.059,-0.060,0.012,-0.044,0.000,25,E,0,,,,374705,156.54,0
238,540.231,"Mount",0.059,-0.047,-0.068,-0.030,-0.037,0.000,21,E,0,,,,377670,157.47,0
239,542.328,"Mount",-0.076,0.114,0.137,0.015,0.052,0.000,30,W,0,,,,357147,126.21,0
240,544.658,"Mount",0.072,-0.032,-0.061,-0.049,-0.022,0.000,13,E,0,,,,368952,140.65,0
241,546.783,"Mount",-0.009,0.062,0.059,-0.021,0.036,0.000,20,W,0,,,,358155,118.86,0
242,549.167,"Mount",-0.088,0.116,0.143,0.024,0.112,0.000,64,W,0,,,,392566,143.63,0
243,551.339,"Mount",-0.073,0.005,0.038,0.063,0.051,0.023,29,W,10,S,,,360336,125.61,0
244,553.863,"Mount",-0.100,0.001,0.047,0.088,0.063,0.033,36,W,14,S,,,355646,133.83,0
245,556.085,"Mount",-0.168,-0.166,-0.070,0.226,0.043,0.083,25,W,35,S,,,386078,153.00,0
246,558.414,"Mount",0.009,-0.009,-0.012,-0.004,0.085,0.000,48,W,0,,,,367528,149.74,0
247,560.579,"Mount",-0.054,0.076,0.092,0.012,0.131,0.000,75,W,0,,,,360987,133.14,0
248,562.994,"Mount",-0.029,0.095,0.097,-0.018,0.129,0.000,74,W,0,,,,383374,128.27,0
249,565.187,"Mount",-0.056,0.223,0.223,-0.053,0.189,0.000,108,W,0,,,,361192,129.39,0
250,567.697,"Mount",0.068,0.187,0.134,-0.147,0.160,-0.053,91,W,23,N,,,392433,137.82,0
251,569.986,"Mount",0.045,0.191,0.149,-0.128,0.166,-0.048,95,W,21,N,,,345950,118.32,0
252,572.371,"Mount",-0.034,0.116,0.118,-0.023,0.156,0.000,89,W,0,,,,368303,138.78,0
253,574.525,"Mount",-0.121,0.112,0.155,0.055,0.160,0.000,91,W,0,,,,364598,127.37,0
254,577.037,"Mount",-0.231,0.129,0.221,0.145,0.190,0.052,108,W,22,S,,,370719,136.91,0
255,579.212,"Mount",-0.050,0.152,0.158,-0.026,0.143,0.000,82,W,0,,,,374095,134.39,0
256,581.541,"Mount",-0.019,0.020,0.026,0.008,0.076,0.000,44,W,0,,,,361203,134.89,0
257,583.735,"Mount",0.085,-0.012,-0.050,-0.069,0.057,-0.025,33,W,11,N,,,367780,142.92,0
258,586.115,"Mount",0.082,0.017,-0.023,-0.081,0.042,-0.030,24,W,13,N,,,353917,136.54,0
259,588.273,"Mount",0.115,-0.016,-0.067,-0.095,-0.002,-0.035,1,E,15,N,,,352564,124.96,0
260,590.594,"Mount",-0.008,0.015,0.017,0.001,0.017,0.000,10,W,0,,,,344881,125.13,0
261,592.711,"Mount",0.039,-0.020,-0.035,-0.025,-0.011,0.000,6,E,0,,,,393806,140.05,0
262,595.074,"Mount",0.088,-0.092,-0.122,-0.035,-0.070,0.000,40,E,0,,,,362604,123.56,0
263,597.137,"Mount",0.005,0.093,0.080,-0.047,-0.000,0.000,0,,0,,,,381540,131.12,0
264,599.548,"Mount",0.096,-0.024,-0.065,-0.074,-0.068,-0.027,39,E,11,N,,,375562,133.33,0
265,601.708,"Mount",0.060,-0.171,-0.179,0.026,-0.108,0.000,62,E,0,,,,376485,141.36,0
266,604.071,"Mount",0.061,-0.091,-0.109,-0.012,-0.077,0.000,44,E,0,,,,360279,129.33,0
267,606.193,"Mount",-0.021,0.045,0.050,-0.002,-0.032,0.000,18,E,0,,,,355967,128.85,0
268,608.635,"Mount",-0.004,-0.179,-0.157,0.086,-0.096,0.031,55,E,13,S,,,357456,124.42,0
269,610.766,"Mount",-0.069,0.030,0.058,0.047,-0.009,0.000,5,E,0,,,,359457,131.18,0
270,613.174,"Mount",-0.117,0.066,0.113,0.073,0.060,0.026,34,W,11,S,,,351016,121.94,0
271,615.325,"Mount",-0.042,0.054,0.067,0.013,0.064,0.000,36,W,0,,,,353594,125.44,0
272,617.801,"Mount",0.025,0.243,0.204,-0.135,0.158,-0.048,90,W,21,N,,,340298,135.71,0
273,620.084,"Mount",-0.072,0.203,0.213,-0.030,0.193,0.000,110,W,0,,,,368482,141.21,0
274,622.503,"Mount",-0.041,0.128,0.133,-0.023,0.220,0.000,126,W,0,,,,374770,126.50,0
275,627.024,"Mount",-0.114,0.255,0.279,-0.017,0.380,0.000,217,W,0,,,,369453,119.04,0
INFO: SET LOCK POSITION, new lock pos = 318.676, 60.189
INFO: DITHER by -16.957, 2.162, new lock pos = 324.566, 44.141
INFO: SETTLING STATE CHANGE, Settling started
276,629.280,"Mount",0.039,0.178,0.140,-0.117,0.263,-0.042,150,W,18,N,,,360637,130.56,0
277,642.270,"Mount",-5.889,16.048,16.957,-2.162,16.957,-2.162,9695,W,925,N,,,362781,120.74,0
278,645.162,"Mount",-1.351,1.164,1.655,0.661,0.745,0.238,426,W,102,S,,,351264,129.28,0
279,647.661,"Mount",-0.860,0.762,1.073,0.411,0.483,0.157,276,W,67,S,,,349266,132.25,0
280,650.205,"Mount",-0.413,0.572,0.698,0.102,0.314,0.043,180,W,18,S,,,369566,129.12,0
281,652.527,"Mount",-0.394,0.502,0.627,0.117,0.282,0.044,161,W,19,S,,,370918,139.77,0
282,654.903,"Mount",-0.132,0.033,0.090,0.102,0.041,0.039,23,W,16,S,,,378087,152.25,0
283,657.037,"Mount",-0.092,0.060,0.095,0.054,0.043,0.000,24,W,0,,,,372576,125.94,0
284,659.373,"Mount",-0.037,0.102,0.108,-0.015,0.048,0.000,28,W,0,,,,363139,118.99,0
285,661.471,"Mount",-0.076,0.027,0.059,0.055,0.027,0.000,15,W,0,,,,356648,129.15,0
286,663.757,"Mount",0.014,0.054,0.041,-0.038,0.019,0.000,11,W,0,,,,376991,140.30,0
287,665.925,"Mount",-0.013,-0.107,-0.089,0.061,-0.040,0.022,23,E,9,S,,,370426,130.24,0
288,668.336,"Mount",0.187,-0.152,-0.221,-0.095,-0.087,-0.033,50,E,14,N,,,394462,151.07,0
289,670.424,"Mount",0.045,-0.051,-0.066,-0.017,-0.044,0.000,25,E,0,,,,386038,148.85,0
290,672.873,"Mount",0.229,-0.101,-0.195,-0.157,-0.125,-0.056,72,E,24,N,,,377646,139.04,0
291,675.048,"Mount",0.081,0.101,0.052,-0.119,-0.052,-0.045,30,E,19,N,,,376356,132.63,0
292,677.545,"Mount",-0.107,0.051,0.095,0.071,-0.022,0.024,12,E,10,S,,,391456,151.67,0
INFO: SETTLING STATE CHANGE, Settling complete
293,679.739,"Mount",-0.180,0.076,0.150,0.125,0.004,0.046,2,W,20,S,,,374051,146.49,0
294,682.064,"Mount",0.029,0.037,0.020,-0.043,-0.056,0.000,32,E,0,,,,345143,122.00,0
295,684.164,"Mount",-0.031,0.029,0.040,0.014,-0.044,0.000,25,E,0,,,,349779,127.18,0
296,686.525,"Mount",0.033,0.177,0.142,-0.111,0.028,-0.040,16,W,17,N,,,362371,131.12,0
297,688.625,"Mount",-0.094,0.255,0.270,-0.035,0.100,0.000,57,W,0,,,,373875,129.35,0
298,690.969,"Mount",-0.055,0.111,0.124,-0.002,0.048,0.000,28,W,0,,,,383455,142.40,0
299,693.073,"Mount",-0.047,0.104,0.114,-0.006,0.053,0.000,30,W,0,,,,368987,125.04,0
300,695.402,"Mount",0.056,-0.012,-0.037,-0.044,0.008,0.000,4,W,0,,,,375063,150.42,0
301,697.464,"Mount",-0.025,-0.006,0.006,0.025,0.009,0.000,5,W,0,,,,353581,127.81,0
302,699.813,"Mount",0.082,0.001,-0.037,-0.073,0.010,-0.026,6,W,11,N,,,361585,144.57,0
303,701.873,"Mount",-0.021,-0.036,-0.023,0.036,0.011,0.000,6,W,0,,,,361851,132.42,0
304,704.226,"Mount",0.065,-0.143,-0.157,0.008,-0.061,0.000,35,E,0,,,,370483,147.34,0
305,706.304,"Mount",0.043,-0.166,-0.167,0.038,-0.068,0.000,39,E,0,,,,357825,121.55,0
306,708.708,"Mount",-0.042,-0.123,-0.090,0.094,-0.035,0.034,20,E,14,S,,,364003,124.38,0
307,710.884,"Mount",0.087,0.012,-0.030,-0.083,0.003,-0.028,2,W,12,N,,,367315,140.03,0
308,713.267,"Mount",-0.122,-0.088,-0.022,0.149,0.002,0.053,1,W,23,S,,,378366,122.64,0
309,715.362,"Mount",-0.016,-0.032,-0.021,0.029,0.002,0.000,1,W,0,,,,362162,135.47,0
310,717.679,"Mount",-0.027,-0.060,-0.041,0.052,0.002,0.000,1,W,0,,,,390152,140.73,0
311,719.762,"Mount",0.009,-0.041,-0.040,0.011,0.004,0.000,2,W,0,,,,386057,139.95,0
312,722.116,"Mount",0.043,-0.016,-0.034,-0.031,0.008,0.000,5,W,0,,,,384267,134.45,0
313,724.291,"Mount",-0.031,-0.096,-0.071,0.072,-0.021,0.026,12,E,11,S,,,361905,128.63,0
314,726.626,"Mount",0.056,0.004,-0.023,-0.051,0.013,0.000,7,W,0,,,,336762,97.59,0
315,728.776,"Mount",0.026,0.065,0.045,-0.053,0.015,0.000,9,W,0,,,,372870,126.20,0
316,731.158,"Mount",-0.033,0.118,0.120,-0.026,0.073,0.000,42,W,0,,,,360950,141.27,0
317,733.290,"Mount",-0.042,0.030,0.046,0.023,0.023,0.000,13,W,0,,,,366740,138.25,0
318,735.660,"Mount",-0.007,0.104,0.095,-0.041,0.070,0.000,40,W,0,,,,377825,134.31,0
319,737.815,"Mount",0.042,0.087,0.058,-0.077,0.026,-0.028,15,W,12,N,,,392330,152.44,0
320,740.133,"Mount",0.017,-0.008,-0.015,-0.012,0.020,0.000,12,W,0,,,,387985,163.74,0
321,742.337,"Mount",0.081,0.220,0.157,-0.174,0.085,-0.063,48,W,27,N,,,375213,129.49,0
322,744.809,"Mount",0.069,0.208,0.153,-0.157,0.080,-0.059,46,W,25,N,,,366739,135.53,0
323,746.983,"Mount",-0.014,0.043,0.045,-0.007,0.005,0.000,3,W,0,,,,382076,127.54,0
324,749.272,"Mount",-0.064,0.017,0.044,0.049,0.004,0.000,3,W,0,,,,366475,128.81,0
325,751.474,"Mount",-0.117,-0.029,0.028,0.117,0.004,0.042,2,W,18,S,,,396889,142.82,0
326,753.798,"Mount",-0.019,0.151,0.143,-0.053,0.065,0.000,37,W,0,,,,397912,146.11,0
327,755.955,"Mount",-0.097,0.003,0.047,0.085,-0.005,0.031,3,E,13,S,,,366592,135.14,0
328,758.290,"Mount",0.000,-0.107,-0.095,0.049,-0.058,0.000,33,E,0,,,,381032,128.54,0
329,760.416,"Mount",0.129,-0.133,-0.177,-0.053,-0.105,0.000,60,E,0,,,,374321,154.64,0
330,762.812,"Mount",0.155,-0.247,-0.291,-0.024,-0.174,0.000,99,E,0,,,,353829,139.22,0
331,765.025,"Mount",0.145,-0.212,-0.255,-0.031,-0.176,0.000,101,E,0,,,,356917,125.83,0
332,767.463,"Mount",0.146,-0.196,-0.241,-0.039,-0.225,0.000,129,E,0,,,,370645,132.18,0
333,769.689,"Mount",0.036,-0.142,-0.142,0.034,-0.191,0.000,109,E,0,,,,371193,137.17,0
334,772.144,"Mount",-0.101,0.004,0.050,0.087,-0.149,0.031,85,E,13,S,,,391744,129.18,0
335,774.337,"Mount",0.013,-0.001,-0.007,-0.012,-0.146,0.000,83,E,0,,,,362805,129.95,0
336,776.802,"Mount",0.102,-0.043,-0.085,-0.071,-0.162,-0.026,93,E,11,N,,,376704,147.52,0
337,779.099,"Mount",0.051,0.089,0.055,-0.086,-0.113,-0.032,65,E,14,N,,,384399,132.42,0
338,781.541,"Mount",0.037,0.081,0.055,-0.071,-0.104,-0.027,59,E,11,N,,,386970,151.55,0
339,783.676,"Mount",-0.053,0.049,0.068,0.024,-0.054,0.000,31,E,0,,,,357899,136.81,0
340,786.031,"Mount",-0.011,-0.009,-0.003,0.014,-0.071,0.000,40,E,0,,,,368275,137.07,0
341,788.165,"Mount",-0.017,0.059,0.060,-0.012,-0.056,0.000,32,E,0,,,,359907,127.83,0
342,790.456,"Mount",-0.005,0.106,0.097,-0.044,-0.015,0.000,8,E,0,,,,365376,129.50,0
343,792.556,"Mount",-0.007,0.071,0.066,-0.027,-0.023,0.000,13,E,0,,,,362232,131.30,0
344,794.904,"Mount",0.011,0.047,0.037,-0.032,-0.056,0.000,32,E,0,,,,349831,113.38,0
345,797.083,"Mount",0.136,0.104,0.030,-0.169,-0.044,-0.061,25,E,26,N,,,383738,149.24,0
346,799.434,"Mount",-0.047,0.021,0.040,0.032,-0.036,0.000,20,E,0,,,,367228,135.48,0
347,801.556,"Mount",-0.025,0.093,0.094,-0.020,0.016,0.000,9,W,0,,,,363299,119.66,0
348,803.875,"Mount",-0.013,-0.033,-0.023,0.027,-0.019,0.000,11,E,0,,,,352671,119.56,0
349,806.090,"Mount",0.104,0.054,0.000,-0.117,-0.018,-0.042,10,E,18,N,,,374732,149.02,0
350,808.396,"Mount",0.024,-0.033,-0.041,-0.006,-0.021,0.000,12,E,0,,,,357842,142.22,0
351,810.552,"Mount",0.050,-0.050,-0.067,-0.022,-0.076,0.000,43,E,0,,,,380785,133.25,0
352,812.944,"Mount",0.064,-0.175,-0.185,0.024,-0.143,0.000,82,E,0,,,,397673,137.83,0
353,815.191,"Mount",-0.072,-0.127,-0.079,0.123,-0.111,0.044,63,E,19,S,,,374988,120.65,0
354,817.681,"Mount",-0.010,-0.195,-0.168,0.099,-0.182,0.037,104,E,16,S,,,369160,133.70,0
355,820.019,"Mount",0.118,-0.076,-0.122,-0.070,-0.176,-0.024,101,E,10,N,,,377089,137.54,0
356,822.418,"Mount",0.099,-0.167,-0.194,-0.011,-0.226,0.000,129,E,0,,,,373492,122.38,0
357,824.685,"Mount",0.088,-0.239,-0.253,0.032,-0.256,0.000,146,E,0,,,,361242,135.45,0
358,827.178,"Mount",0.151,-0.229,-0.273,-0.028,-0.274,0.000,157,E,0,,,,362788,135.43,0
359,829.436,"Mount",0.165,-0.201,-0.254,-0.054,-0.257,0.000,147,E,0,,,,354729,135.36,0
360,832.040,"Mount",0.197,-0.143,-0.218,-0.109,-0.261,-0.039,149,E,17,N,,,377889,132.44,0
361,834.234,"Mount",0.083,-0.061,-0.092,-0.046,-0.201,0.000,115,E,0,,,,366682,152.33,0
362,836.659,"Mount",0.083,-0.111,-0.137,-0.023,-0.238,0.000,136,E,0,,,,346336,123.89,0
363,838.917,"Mount",0.086,-0.029,-0.066,-0.063,-0.204,-0.023,117,E,10,N,,,366090,143.74,0
364,841.363,"Mount",0.054,-0.074,-0.090,-0.013,-0.230,0.000,132,E,0,,,,376878,128.72,0
365,843.657,"Mount",0.135,0.038,-0.028,-0.138,-0.189,-0.050,108,E,21,N,,,374732,133.86,0
366,846.065,"Mount",-0.075,0.126,0.146,0.009,-0.141,0.000,81,E,0,,,,360361,121.68,0
367,848.359,"Mount",0.072,0.049,0.010,-0.087,-0.197,-0.031,113,E,13,N,,,381649,134.03,0
368,850.742,"Mount",-0.098,0.087,0.122,0.047,-0.132,0.000,76,E,0,,,,364121,140.50,0
369,852.961,"Mount",-0.219,0.150,0.233,0.125,-0.058,0.045,33,E,19,S,,,363268,144.71,0
370,855.370,"Mount",-0.226,0.168,0.253,0.123,-0.022,0.046,13,E,20,S,,,366770,128.62,0
371,857.629,"Mount",-0.372,0.331,0.465,0.177,0.113,0.066,65,W,28,S,,,368758,127.30,0
372,859.923,"Mount",-0.039,0.188,0.185,-0.053,0.002,0.000,1,W,0,,,,366399,144.74,0
373,862.012,"Mount",-0.102,0.157,0.186,0.018,0.073,0.000,42,W,0,,,,348333,119.38,0
374,864.429,"Mount",-0.020,0.174,0.164,-0.062,0.084,-0.022,48,W,10,N,,,362142,139.30,0
375,866.553,"Mount",0.039,0.000,-0.018,-0.035,0.010,0.000,6,W,0,,,,376523,135.94,0
376,868.968,"Mount",0.110,0.084,0.024,-0.136,0.020,-0.049,11,W,21,N,,,372415,128.63,0
377,871.163,"Mount",-0.005,0.185,0.166,-0.081,0.071,-0.031,41,W,13,N,,,393365,155.08,0
378,873.577,"Mount",0.104,0.075,0.018,-0.127,-0.008,-0.047,5,E,20,N,,,383022,134.60,0
379,875.729,"Mount",0.071,-0.054,-0.081,-0.038,-0.068,0.000,39,E,0,,,,372147,141.74,0
380,878.176,"Mount",-0.061,-0.156,-0.110,0.126,-0.094,0.045,53,E,19,S,,,357617,126.28,0
381,880.268,"Mount",-0.057,0.053,0.073,0.026,-0.020,0.000,11,E,0,,,,366314,117.18,0
382,882.693,"Mount",-0.071,-0.015,0.019,0.070,-0.072,0.025,41,E,11,S,,,376433,141.60,0
383,884.904,"Mount",0.048,0.120,0.085,-0.098,-0.034,-0.034,20,E,15,N,,,372805,135.75,0
384,887.298,"Mount",-0.086,0.117,0.144,0.022,0.012,0.000,7,W,0,,,,381977,132.17,0
385,889.415,"Mount",-0.162,0.191,0.245,0.056,0.072,0.000,41,W,0,,,,386794,143.43,0
386,891.753,"Mount",-0.043,0.116,0.123,-0.016,0.051,0.000,29,W,0,,,,370402,150.48,0
387,894.000,"Mount",-0.186,0.122,0.194,0.108,0.098,0.039,56,W,17,S,,,391119,134.78,0
388,896.398,"Mount",-0.108,0.036,0.082,0.079,0.078,0.030,45,W,13,S,,,391822,170.07,0
389,898.613,"Mount",-0.205,0.116,0.197,0.128,0.144,0.047,83,W,20,S,,,380371,130.32,0
390,901.162,"Mount",-0.106,0.349,0.359,-0.067,0.233,-0.022,133,W,10,N,,,358409,136.38,0
391,903.350,"Mount",-0.083,0.177,0.195,-0.008,0.168,0.000,96,W,0,,,,376175,147.74,0
392,905.766,"Mount",-0.090,0.159,0.183,0.007,0.184,0.000,105,W,0,,,,397595,142.04,0
393,908.028,"Mount",-0.003,0.139,0.124,-0.061,0.163,-0.022,93,W,9,N,,,390147,133.75,0
394,910.497,"Mount",0.037,0.235,0.191,-0.142,0.202,-0.052,116,W,22,N,,,376038,132.86,0
395,912.683,"Mount",-0.082,0.131,0.154,0.012,0.191,0.000,109,W,0,,,,364732,123.07,0
396,915.049,"Mount",0.033,-0.002,-0.017,-0.028,0.132,0.000,75,W,0,,,,377490,143.15,0
397,917.279,"Mount",0.036,0.080,0.055,-0.069,0.120,-0.025,69,W,11,N,,,373933,136.99,0
398,919.766,"Mount",-0.076,-0.059,-0.018,0.095,0.134,0.033,77,W,14,S,,,370765,137.35,0
399,921.993,"Mount",-0.118,0.200,0.231,0.012,0.224,0.000,128,W,0,,,,376932,130.42,0
400,924.396,"Mount",-0.081,0.043,0.076,0.052,0.159,0.000,91,W,0,,,,384938,147.72,0
401,926.566,"Mount",-0.033,-0.013,0.004,0.035,0.134,0.000,77,W,0,,,,350181,125.09,0
402,928.936,"Mount",0.002,-0.086,-0.077,0.037,0.089,0.000,51,W,0,,,,385302,145.01,0
403,931.120,"Mount",0.007,-0.166,-0.150,0.071,0.045,0.026,26,W,11,S,,,371285,133.49,0
404,933.436,"Mount",0.104,-0.152,-0.182,-0.022,0.007,0.000,4,W,0,,,,376819,136.80,0
405,935.584,"Mount",0.186,-0.065,-0.143,-0.135,-0.018,-0.049,10,E,21,N,,,372726,160.30,0
406,937.912,"Mount",0.074,-0.061,-0.088,-0.037,-0.019,0.000,11,E,0,,,,362402,130.36,0
407,940.008,"Mount",0.075,-0.060,-0.088,-0.039,-0.043,0.000,25,E,0,,,,374303,129.48,0
408,942.347,"Mount",-0.004,-0.087,-0.075,0.043,-0.064,0.000,37,E,0,,,,376574,125.09,0
409,944.510,"Mount",0.121,0.036,-0.024,-0.124,-0.039,-0.045,22,E,19,N,,,355694,118.31,0
410,946.916,"Mount",0.011,-0.123,-0.114,0.047,-0.101,0.000,58,E,0,,,,357896,146.23,0
411,949.171,"Mount",-0.125,-0.047,0.016,0.132,-0.054,0.048,31,E,20,S,,,383040,126.74,0
412,951.577,"Mount",-0.150,-0.038,0.035,0.151,-0.045,0.056,26,E,24,S,,,349342,130.45,0
413,953.756,"Mount",-0.170,0.081,0.150,0.113,0.029,0.043,17,W,18,S,,,394840,154.37,0
414,956.119,"Mount",-0.030,0.175,0.169,-0.054,0.056,0.000,32,W,0,,,,370380,136.77,0
415,958.233,"Mount",-0.026,0.162,0.156,-0.052,0.058,0.000,33,W,0,,,,360199,123.89,0
416,960.635,"Mount",-0.110,0.257,0.279,-0.021,0.138,0.000,79,W,0,,,,383650,146.75,0
417,962.912,"Mount",-0.229,0.544,0.589,-0.048,0.292,0.000,167,W,0,,,,369064,137.28,0
418,965.405,"Mount",-0.054,0.283,0.276,-0.083,0.183,-0.030,104,W,13,N,,,366442,132.61,0
419,967.663,"Mount",-0.130,0.077,0.128,0.080,0.164,0.028,94,W,12,S,,,380697,126.86,0
420,970.174,"Mount",-0.167,0.267,0.314,0.025,0.286,0.000,163,W,0,,,,369859,136.28,0
421,972.389,"Mount",-0.130,0.201,0.238,0.022,0.266,0.000,152,W,0,,,,403114,155.85,0
422,974.868,"Mount",-0.119,0.126,0.167,0.047,0.267,0.000,153,W,0,,,,369891,121.36,0
423,977.140,"Mount",-0.101,0.152,0.182,0.019,0.292,0.000,167,W,0,,,,351746,123.83,0
424,979.587,"Mount",-0.011,0.052,0.052,-0.014,0.224,0.000,128,W,0,,,,362149,120.54,0
425,981.865,"Mount",0.076,0.078,0.035,-0.103,0.211,-0.037,121,W,16,N,,,366502,144.95,0
426,984.392,"Mount",-0.112,0.011,0.061,0.095,0.222,0.033,127,W,14,S,,,409662,138.54,0
427,986.653,"Mount",0.005,-0.180,-0.162,0.078,0.088,0.030,51,W,13,S,,,380596,138.23,0
428,989.021,"Mount",0.019,-0.005,-0.013,-0.014,0.134,0.000,76,W,0,,,,378282,123.52,0
429,991.189,"Mount",-0.046,-0.132,-0.097,0.102,0.057,0.037,33,W,16,S,,,364877,122.83,0
430,993.534,"Mount",-0.002,0.053,0.048,-0.022,0.074,0.000,42,W,0,,,,390769,150.62,0
431,995.778,"Mount",0.075,0.074,0.031,-0.101,0.075,-0.036,43,W,15,N,,,364086,118.75,0
432,998.275,"Mount",0.105,0.139,0.075,-0.158,0.095,-0.058,54,W,25,N,,,374329,142.15,0
433,1000.457,"Mount",0.094,0.093,0.039,-0.126,0.049,-0.048,28,W,20,N,,,370154,133.32,0
434,1002.789,"Mount",0.025,-0.069,-0.073,0.009,0.035,0.000,20,W,0,,,,377630,138.84,0
435,1004.890,"Mount",0.018,-0.110,-0.106,0.035,0.018,0.000,10,W,0,,,,355863,126.55,0
436,1007.290,"Mount",-0.054,-0.063,-0.031,0.077,0.027,0.028,16,W,12,S,,,401046,167.60,0
437,1009.423,"Mount",0.074,-0.072,-0.098,-0.032,-0.037,0.000,21,E,0,,,,386687,134.15,0
438,1011.808,"Mount",0.087,-0.171,-0.192,0.002,-0.098,0.000,56,E,0,,,,368791,133.44,0
439,1013.976,"Mount",0.066,-0.166,-0.178,0.019,-0.112,0.000,64,E,0,,,,353040,128.55,0
440,1016.465,"Mount",0.175,-0.158,-0.221,-0.083,-0.170,-0.030,97,E,13,N,,,369570,129.42,0
441,1018.690,"Mount",0.105,-0.050,-0.093,-0.070,-0.130,-0.026,74,E,11,N,,,368214,125.13,0
442,1021.084,"Mount",-0.138,0.082,0.136,0.084,-0.043,0.029,25,E,13,S,,,385144,143.07,0
443,1023.252,"Mount",-0.159,0.175,0.229,0.061,-0.006,0.023,4,E,10,S,,,372348,140.43,0
444,1025.587,"Mount",-0.153,0.188,0.237,0.049,0.027,0.000,16,W,0,,,,361732,134.11,0
445,1027.720,"Mount",-0.050,0.102,0.113,-0.003,-0.021,0.000,12,E,0,,,,375924,150.78,0
446,1030.066,"Mount",-0.069,0.220,0.227,-0.041,0.040,0.000,23,W,0,,,,379982,129.42,0
447,1032.260,"Mount",0.056,0.165,0.121,-0.126,0.042,-0.046,24,W,19,N,,,393011,142.53,0
448,1034.590,"Mount",-0.100,0.094,0.129,0.046,0.043,0.000,24,W,0,,,,380060,132.21,0
449,1036.770,"Mount",-0.111,0.013,0.063,0.093,0.026,0.033,15,W,14,S,,,369671,134.56,0
450,1039.214,"Mount",0.034,0.148,0.115,-0.098,0.051,-0.034,29,W,15,N,,,362247,149.71,0
451,1041.383,"Mount",-0.018,0.170,0.159,-0.062,0.068,-0.024,39,W,10,N,,,367513,137.62,0
452,1043.763,"Mount",0.046,0.060,0.032,-0.068,-0.011,-0.025,6,E,11,N,,,377723,135.70,0
453,1045.945,"Mount",-0.049,-0.048,-0.020,0.066,-0.004,0.023,3,E,10,S,,,366429,127.62,0
454,1048.364,"Mount",0.112,0.022,-0.032,-0.109,-0.011,-0.038,7,E,16,N,,,363285,130.70,0
455,1050.449,"Mount",-0.041,0.129,0.134,-0.023,0.046,0.000,26,W,0,,,,361751,128.44,0
456,1052.786,"Mount",-0.014,0.043,0.045,-0.008,-0.013,0.000,7,E,0,,,,365968,132.97,0
457,1054.950,"Mount",-0.044,-0.018,0.005,0.047,-0.012,0.000,7,E,0,,,,363367,133.90,0
458,1057.272,"Mount",-0.032,0.108,0.110,-0.021,0.049,0.000,28,W,0,,,,376152,151.46,0
459,1059.373,"Mount",-0.052,0.086,0.101,0.007,0.045,0.000,26,W,0,,,,371363,123.05,0
460,1061.717,"Mount",-0.061,-0.017,0.013,0.062,0.008,0.022,4,W,9,S,,,371228,130.51,0
461,1063.888,"Mount",-0.080,-0.033,0.007,0.086,0.008,0.032,4,W,14,S,,,380089,136.48,0
462,1066.191,"Mount",-0.014,-0.003,0.004,0.014,0.007,0.000,4,W,0,,,,360866,128.92,0
463,1068.328,"Mount",0.072,-0.141,-0.158,0.001,-0.066,0.000,38,E,0,,,,383650,135.98,0
464,1070.664,"Mount",0.054,0.017,-0.010,-0.056,0.004,0.000,2,W,0,,,,378757,139.09,0
465,1072.732,"Mount",0.039,-0.024,-0.039,-0.023,0.003,0.000,2,W,0,,,,364861,131.80,0
466,1075.052,"Mount",0.041,0.003,-0.016,-0.038,0.010,0.000,6,W,0,,,,352122,151.64,0
467,1077.169,"Mount",-0.043,0.129,0.135,-0.022,0.068,0.000,39,W,0,,,,364003,137.51,0
468,1079.505,"Mount",0.005,0.069,0.059,-0.036,0.012,0.000,7,W,0,,,,361261,115.74,0
469,1081.642,"Mount",-0.084,0.240,0.252,-0.036,0.142,0.000,81,W,0,,,,374833,150.79,0
470,1084.079,"Mount",0.036,0.245,0.201,-0.145,0.121,-0.052,69,W,22,N,,,386012,148.60,0
471,1086.242,"Mount",0.060,0.040,0.008,-0.072,0.045,-0.028,26,W,12,N,,,371354,137.27,0
472,1088.568,"Mount",-0.048,-0.019,0.005,0.051,0.042,0.000,24,W,0,,,,388336,158.67,0
473,1090.681,"Mount",0.048,-0.053,-0.069,-0.018,0.008,0.000,5,W,0,,,,376956,145.63,0
474,1093.007,"Mount",-0.019,-0.049,-0.035,0.040,0.032,0.000,18,W,0,,,,362456,116.90,0
475,1095.124,"Mount",-0.033,0.037,0.048,0.013,0.023,0.000,13,W,0,,,,359923,141.30,0
476,1097.493,"Mount",0.035,-0.195,-0.189,0.059,-0.088,0.000,50,E,0,,,,368048,129.91,0
477,1099.742,"Mount",-0.024,-0.207,-0.173,0.117,-0.090,0.042,52,E,18,S,,,398946,138.24,0
478,1102.222,"Mount",-0.086,-0.263,-0.194,0.197,-0.121,0.073,69,E,31,S,,,362675,135.58,0
479,1104.482,"Mount",-0.084,-0.288,-0.217,0.207,-0.142,0.077,81,E,33,S,,,402847,154.90,0
480,1106.864,"Mount",-0.053,-0.007,0.018,0.050,-0.063,0.000,36,E,0,,,,381369,131.48,0
481,1109.111,"Mount",0.036,-0.135,-0.136,0.031,-0.137,0.000,78,E,0,,,,367210,137.56,0
482,1111.441,"Mount",0.056,0.006,-0.021,-0.052,-0.086,0.000,49,E,0,,,,381428,149.34,0
483,1113.656,"Mount",-0.083,-0.086,-0.038,0.113,-0.098,0.041,56,E,17,S,,,365115,120.63,0
484,1116.074,"Mount",0.057,-0.039,-0.060,-0.033,-0.142,0.000,81,E,0,,,,372473,127.59,0
485,1118.260,"Mount",0.074,-0.044,-0.073,-0.046,-0.153,0.000,88,E,0,,,,380023,146.04,0
486,1120.649,"Mount",0.028,0.075,0.054,-0.059,-0.126,0.000,72,E,0,,,,378263,137.49,0
487,1122.874,"Mount",-0.049,-0.051,-0.023,0.066,-0.122,0.024,70,E,10,S,,,374601,124.08,0
488,1125.320,"Mount",-0.106,-0.000,0.049,0.094,-0.119,0.035,68,E,15,S,,,379505,151.91,0
489,1127.472,"Mount",0.008,0.059,0.049,-0.034,-0.100,0.000,57,E,0,,,,376674,125.48,0
490,1129.853,"Mount",0.070,0.209,0.153,-0.158,-0.015,-0.057,9,E,24,N,,,363692,138.54,0
491,1131.953,"Mount",-0.039,0.169,0.168,-0.044,0.017,0.000,9,W,0,,,,364369,120.56,0
492,1134.342,"Mount",-0.012,0.195,0.179,-0.079,0.031,-0.028,18,W,12,N,,,380785,165.58,0
493,1136.508,"Mount",0.082,0.193,0.133,-0.162,0.026,-0.059,15,W,25,N,,,373337,130.77,0
494,1138.924,"Mount",-0.083,0.208,0.223,-0.022,0.069,0.000,39,W,0,,,,368596,131.44,0
495,1141.115,"Mount",-0.057,0.142,0.152,-0.015,0.034,0.000,19,W,0,,,,361640,117.08,0
496,1143.419,"Mount",-0.057,0.017,0.041,0.042,-0.037,0.000,21,E,0,,,,347382,138.04,0
497,1145.539,"Mount",-0.027,0.056,0.062,-0.002,-0.005,0.000,3,E,0,,,,372339,130.62,0
498,1147.906,"Mount",-0.030,-0.075,-0.052,0.061,-0.036,0.022,20,E,9,S,,,369243,143.09,0
499,1149.938,"Mount",-0.035,0.071,0.079,-0.002,-0.000,0.000,0,,0,,,,371961,140.67,0
500,1152.309,"Mount",0.131,0.042,-0.023,-0.136,-0.046,-0.049,26,E,21,N,,,381033,160.99,0
501,1154.472,"Mount",-0.084,-0.077,-0.030,0.110,-0.047,0.037,27,E,16,S,,,378071,125.36,0
502,1156.886,"Mount",0.012,-0.056,-0.055,0.015,-0.047,0.000,27,E,0,,,,378864,130.38,0
503,1159.099,"Mount",0.195,-0.123,-0.199,-0.116,-0.144,-0.042,82,E,18,N,,,360105,129.05,0
504,1161.498,"Mount",0.059,-0.171,-0.179,0.026,-0.155,0.000,88,E,0,,,,358536,123.06,0
505,1163.701,"Mount",0.148,-0.176,-0.224,-0.050,-0.192,0.000,110,E,0,,,,371698,136.65,0
506,1166.129,"Mount",0.058,-0.095,-0.111,-0.007,-0.184,0.000,105,E,0,,,,390445,161.91,0
507,1168.353,"Mount",0.050,-0.174,-0.177,0.036,-0.228,0.000,130,E,0,,,,389931,149.56,0
508,1170.821,"Mount",0.014,-0.112,-0.106,0.039,-0.224,0.000,128,E,0,,,,382480,153.65,0
509,1173.154,"Mount",-0.056,-0.202,-0.153,0.143,-0.248,0.051,142,E,22,S,,,374246,122.76,0
510,1175.612,"Mount",0.143,-0.200,-0.243,-0.034,-0.303,0.000,173,E,0,,,,362147,127.06,0
511,1177.953,"Mount",0.217,-0.087,-0.177,-0.152,-0.262,-0.055,150,E,23,N,,,378819,137.88,0
512,1180.524,"Mount",0.219,-0.166,-0.249,-0.118,-0.300,-0.044,171,E,19,N,,,385604,142.19,0
513,1182.766,"Mount",0.126,-0.160,-0.200,-0.038,-0.257,0.000,147,E,0,,,,369496,123.03,0
514,1185.238,"Mount",0.082,-0.190,-0.207,0.015,-0.263,0.000,150,E,0,,,,368899,129.80,0
515,1187.527,"Mount",0.136,-0.123,-0.172,-0.064,-0.240,-0.023,137,E,10,N,,,385771,151.27,0
516,1190.021,"Mount",-0.074,-0.176,-0.122,0.147,-0.226,0.052,129,E,22,S,,,351360,127.63,0
517,1192.190,"Mount",-0.066,0.076,0.098,0.023,-0.124,0.000,71,E,0,,,,370376,134.75,0
518,1194.607,"Mount",0.002,0.178,0.157,-0.084,-0.091,-0.030,52,E,13,N,,,369741,117.73,0
519,1196.769,"Mount",-0.065,0.098,0.117,0.012,-0.093,0.000,53,E,0,,,,393765,158.07,0
520,1199.217,"Mount",-0.193,0.001,0.089,0.170,-0.094,0.061,54,E,26,S,,,360701,127.72,0
521,1201.458,"Mount",-0.134,-0.013,0.050,0.125,-0.117,0.048,67,E,20,S,,,384167,141.48,0
522,1203.789,"Mount",-0.112,0.256,0.279,-0.019,0.025,0.000,14,W,0,,,,386829,138.53,0
523,1205.975,"Mount",-0.220,0.113,0.201,0.143,0.003,0.051,2,W,22,S,,,393954,174.49,0
524,1208.313,"Mount",-0.044,0.208,0.204,-0.057,0.020,0.000,12,W,0,,,,406182,146.62,0
525,1210.461,"Mount",0.232,0.227,0.095,-0.311,0.009,-0.112,5,W,48,N,,,363267,117.91,0
526,1212.920,"Mount",0.089,0.091,0.039,-0.121,-0.024,-0.048,14,E,20,N,,,356116,136.34,0
527,1215.029,"Mount",0.031,-0.027,-0.038,-0.015,-0.015,0.000,8,E,0,,,,379337,133.57,0
528,1217.336,"Mount",-0.081,0.057,0.088,0.046,0.029,0.000,17,W,0,,,,374424,136.35,0
529,1219.476,"Mount",0.026,-0.077,-0.080,0.013,-0.046,0.000,26,E,0,,,,392166,142.79,0
530,1221.840,"Mount",0.109,-0.075,-0.116,-0.062,-0.070,-0.022,40,E,10,N,,,370691,134.81,0
531,1224.000,"Mount",-0.048,-0.086,-0.054,0.082,-0.022,0.029,12,E,12,S,,,391615,128.65,0
532,1226.405,"Mount",-0.023,-0.159,-0.131,0.094,-0.100,0.035,57,E,15,S,,,362191,132.73,0
533,1228.527,"Mount",0.113,-0.096,-0.137,-0.056,-0.101,0.000,58,E,0,,,,387458,146.64,0
534,1230.860,"Mount",0.007,0.091,0.078,-0.049,-0.009,0.000,5,E,0,,,,382290,147.96,0
535,1232.962,"Mount",-0.029,0.062,0.069,-0.003,0.002,0.000,1,W,0,,,,368860,139.69,0
536,1235.340,"Mount",0.075,0.037,-0.002,-0.084,-0.019,-0.030,11,E,13,N,,,364698,132.77,0
537,1237.471,"Mount",0.070,0.040,0.003,-0.081,0.003,-0.030,2,W,13,N,,,367035,143.79,0
538,1239.834,"Mount",-0.021,0.080,0.081,-0.019,0.058,0.000,33,W,0,,,,358650,124.11,0
539,1241.981,"Mount",-0.033,-0.011,0.006,0.034,0.045,0.000,26,W,0,,,,374996,131.03,0
540,1244.331,"Mount",-0.065,0.019,0.047,0.049,0.063,0.000,36,W,0,,,,383583,139.26,0
541,1246.526,"Mount",-0.104,0.030,0.074,0.078,0.107,0.028,61,W,12,S,,,352152,121.68,0
542,1248.945,"Mount",-0.069,0.181,0.193,-0.023,0.173,0.000,99,W,0,,,,388872,146.90,0
543,1251.147,"Mount",-0.084,0.203,0.219,-0.020,0.181,0.000,103,W,0,,,,376484,133.85,0
544,1253.568,"Mount",-0.160,0.224,0.273,0.038,0.211,0.000,121,W,0,,,,351594,123.06,0
545,1255.855,"Mount",-0.023,0.195,0.184,-0.070,0.187,-0.025,107,W,11,N,,,348419,138.79,0
546,1258.309,"Mount",0.009,0.113,0.096,-0.060,0.162,0.000,92,W,0,,,,383822,134.65,0
547,1260.539,"Mount",-0.141,0.021,0.084,0.116,0.158,0.042,90,W,18,S,,,364105,116.80,0
548,1263.004,"Mount",-0.084,0.070,0.100,0.042,0.194,0.000,111,W,0,,,,389677,153.99,0
549,1265.177,"Mount",-0.063,0.009,0.037,0.052,0.151,0.000,86,W,0,,,,375484,137.10,0
550,1267.632,"Mount",0.054,0.068,0.035,-0.079,0.146,-0.029,83,W,12,N,,,381043,139.91,0
551,1269.816,"Mount",0.029,0.015,-0.000,-0.032,0.150,0.000,86,W,0,,,,363541,129.57,0
552,1272.285,"Mount",-0.089,-0.218,-0.153,0.179,0.068,0.065,39,W,28,S,,,366016,126.40,0
553,1274.446,"Mount",-0.068,-0.350,-0.279,0.222,-0.003,0.083,2,E,35,S,,,378226,126.07,0
554,1276.861,"Mount",-0.040,-0.188,-0.149,0.122,0.036,0.047,21,W,20,S,,,355929,120.89,0
555,1278.991,"Mount",0.069,-0.015,-0.045,-0.054,0.076,0.000,43,W,0,,,,375678,135.16,0
556,1283.483,"Mount",0.064,0.100,0.059,-0.103,0.040,-0.037,23,W,16,N,,,353136,128.00,0
557,1285.940,"Mount",0.146,-0.082,-0.140,-0.092,-0.065,-0.035,37,E,15,N,,,358635,140.30,0
INFO: SET LOCK POSITION, new lock pos = 324.566, 44.141
INFO: DITHER by -10.428, 10.497, new lock pos = 320.049, 30.051
INFO: SETTLING STATE CHANGE, Settling started
558,1298.569,"Mount",4.516,14.090,10.428,-10.497,10.428,-10.497,5962,W,4490,N,,,401686,153.88,0
559,1301.220,"Mount",-0.819,0.508,0.829,0.492,0.373,0.177,213,W,76,S,,,377270,135.70,0
560,1303.595,"Mount",-0.563,0.385,0.601,0.322,0.271,0.123,155,W,53,S,,,375632,137.90,0
561,1306.049,"Mount",-0.274,0.218,0.319,0.142,0.144,0.056,82,W,24,S,,,373220,141.52,0
562,1308.214,"Mount",-0.169,0.350,0.389,-0.011,0.175,0.000,100,W,0,,,,377973,145.87,0
563,1310.723,"Mount",-0.323,0.314,0.427,0.141,0.192,0.051,110,W,22,S,,,369005,136.94,0
564,1313.035,"Mount",-0.198,0.556,0.585,-0.081,0.263,-0.027,151,W,12,N,,,376839,139.84,0
565,1315.686,"Mount",-0.218,0.608,0.640,-0.087,0.288,-0.033,165,W,14,N,,,382935,148.22,0
566,1317.975,"Mount",-0.150,0.510,0.522,-0.102,0.235,-0.038,134,W,16,N,,,361107,141.38,0
567,1320.397,"Mount",-0.204,0.176,0.250,0.100,0.112,0.034,64,W,15,S,,,377075,141.13,0
568,1322.613,"Mount",-0.309,0.513,0.597,0.037,0.269,0.000,154,W,0,,,,375428,152.73,0
569,1325.211,"Mount",-0.307,0.361,0.461,0.106,0.373,0.038,213,W,16,S,,,380582,142.26,0
570,1327.496,"Mount",-0.233,-0.090,0.027,0.248,0.183,0.091,105,W,39,S,,,378993,126.15,0
571,1330.037,"Mount",0.012,0.155,0.133,-0.082,0.256,-0.026,147,W,11,N,,,353610,126.66,0
INFO: SETTLING STATE CHANGE, Settling complete
572,1332.395,"Mount",0.131,0.065,-0.003,-0.146,0.190,-0.054,108,W,23,N,,,366034,138.28,0
573,1334.856,"Mount",-0.080,0.121,0.145,0.015,0.255,0.000,146,W,0,,,,370369,126.47,0
574,1337.089,"Mount",0.104,-0.039,-0.083,-0.074,0.127,-0.027,73,W,11,N,,,380027,165.11,0
575,1339.519,"Mount",0.133,-0.109,-0.158,-0.068,0.080,-0.026,46,W,11,N,,,364437,124.92,0
576,1341.717,"Mount",-0.019,-0.144,-0.119,0.083,0.062,0.029,35,W,12,S,,,361489,126.00,0
577,1344.071,"Mount",0.114,-0.104,-0.145,-0.053,0.031,0.000,18,W,0,,,,369156,119.20,0
578,1346.198,"Mount",0.041,-0.200,-0.197,0.056,-0.014,0.000,8,E,0,,,,396072,164.73,0
579,1348.620,"Mount",0.093,-0.018,-0.059,-0.074,0.058,-0.027,33,W,11,N,,,378671,163.14,0
580,1350.835,"Mount",0.208,-0.085,-0.171,-0.146,-0.028,-0.054,16,E,23,N,,,361884,139.12,0
581,1353.185,"Mount",0.051,-0.171,-0.176,0.034,-0.043,0.000,25,E,0,,,,378776,133.34,0
582,1355.375,"Mount",0.142,-0.239,-0.278,-0.015,-0.105,0.000,60,E,0,,,,383696,133.86,0
583,1357.800,"Mount",-0.052,-0.243,-0.192,0.158,-0.078,0.057,44,E,24,S,,,375330,145.95,0
584,1360.069,"Mount",0.015,-0.405,-0.367,0.173,-0.178,0.065,102,E,28,S,,,374220,131.28,0
585,1362.365,"Mount",0.058,-0.017,-0.042,-0.043,-0.023,0.000,13,E,0,,,,364805,142.03,0
586,1364.546,"Mount",0.109,0.035,-0.019,-0.113,-0.035,-0.041,20,E,17,N,,,365264,137.93,0
587,1366.874,"Mount",-0.032,-0.009,0.007,0.033,-0.043,0.000,24,E,0,,,,383166,130.14,0
588,1368.987,"Mount",-0.131,0.015,0.074,0.110,-0.001,0.039,0,,17,S,,,373241,139.73,0
589,1371.308,"Mount",0.025,0.080,0.059,-0.059,-0.031,0.000,18,E,0,,,,390322,142.50,0
590,1373.429,"Mount",-0.026,0.064,0.069,-0.006,0.008,0.000,5,W,0,,,,360109,121.17,0
591,1375.770,"Mount",0.029,-0.029,-0.039,-0.012,-0.017,0.000,10,E,0,,,,372975,137.29,0
592,1377.952,"Mount",0.102,0.003,-0.044,-0.092,-0.016,-0.033,9,E,14,N,,,386742,152.83,0
593,1380.256,"Mount",-0.016,0.001,0.008,0.014,-0.019,0.000,11,E,0,,,,360222,119.81,0
594,1382.354,"Mount",-0.013,0.095,0.091,-0.033,0.026,0.000,15,W,0,,,,365645,131.26,0
595,1384.781,"Mount",0.137,0.102,0.027,-0.168,-0.018,-0.061,10,E,26,N,,,371205,136.04,0
596,1386.967,"Mount",0.083,0.116,0.064,-0.127,0.013,-0.048,7,W,21,N,,,377619,132.26,0
597,1389.294,"Mount",0.051,0.008,-0.016,-0.049,-0.013,0.000,7,E,0,,,,371074,139.61,0
598,1391.490,"Mount",0.142,0.040,-0.030,-0.144,-0.016,-0.052,9,E,22,N,,,374143,128.71,0
599,1393.815,"Mount",-0.070,0.084,0.107,0.023,0.035,0.000,20,W,0,,,,396131,149.75,0
600,1395.975,"Mount",-0.091,-0.034,0.012,0.096,-0.010,0.035,6,E,15,S,,,378275,132.07,0
601,1398.305,"Mount",0.019,-0.086,-0.085,0.023,-0.044,0.000,25,E,0,,,,384747,141.37,0
602,1400.381,"Mount",0.045,0.028,0.004,-0.053,-0.002,0.000,1,E,0,,,,399317,150.44,0
603,1402.715,"Mount",0.050,-0.050,-0.068,-0.021,-0.032,0.000,18,E,0,,,,375773,141.04,0
604,1404.834,"Mount",0.012,-0.053,-0.053,0.014,-0.002,0.000,1,E,0,,,,381016,135.44,0
605,1407.215,"Mount",0.045,-0.024,-0.042,-0.028,-0.002,0.000,1,E,0,,,,387887,131.05,0
606,1409.456,"Mount",-0.077,-0.005,0.031,0.071,-0.005,0.026,3,E,11,S,,,383657,147.68,0
607,1411.803,"Mount",0.125,0.007,-0.051,-0.114,-0.008,-0.040,5,E,17,N,,,372376,135.52,0
608,1413.932,"Mount",0.051,-0.058,-0.075,-0.019,-0.040,0.000,23,E,0,,,,376290,134.76,0
609,1416.380,"Mount",-0.004,-0.291,-0.256,0.137,-0.125,0.049,71,E,21,S,,,373811,125.51,0
610,1418.521,"Mount",-0.112,0.057,0.102,0.073,0.038,0.028,21,W,12,S,,,361401,121.30,0
611,1420.892,"Mount",-0.069,0.167,0.179,-0.016,0.080,0.000,46,W,0,,,,360683,136.16,0
612,1423.085,"Mount",-0.072,0.136,0.154,0.001,0.080,0.000,46,W,0,,,,381456,146.46,0
613,1425.460,"Mount",-0.041,0.160,0.161,-0.038,0.098,0.000,56,W,0,,,,355678,139.96,0
614,1427.689,"Mount",0.081,0.175,0.118,-0.152,0.087,-0.055,50,W,23,N,,,369824,123.31,0
615,1430.053,"Mount",0.010,0.101,0.086,-0.056,0.092,0.000,53,W,0,,,,376210,132.91,0
616,1432.216,"Mount",-0.025,-0.012,0.001,0.028,0.054,0.000,31,W,0,,,,378426,156.16,0
617,1434.570,"Mount",0.019,0.048,0.034,-0.039,0.054,0.000,31,W,0,,,,361052,136.13,0
618,1436.781,"Mount",0.069,0.099,0.056,-0.107,0.048,-0.039,28,W,17,N,,,386412,138.30,0
619,1439.232,"Mount",0.240,-0.211,-0.298,-0.115,-0.098,-0.043,56,E,18,N,,,368992,141.66,0
620,1441.337,"Mount",0.034,-0.053,-0.063,-0.006,-0.004,0.000,2,E,0,,,,388271,159.11,0
621,1443.660,"Mount",0.042,-0.005,-0.024,-0.035,0.003,0.000,2,W,0,,,,378520,132.94,0
622,1445.884,"Mount",0.045,-0.092,-0.103,0.003,-0.052,0.000,30,E,0,,,,369988,130.91,0
623,1448.282,"Mount",0.157,-0.093,-0.155,-0.097,-0.088,-0.035,51,E,15,N,,,376798,150.20,0
624,1450.387,"Mount",0.075,-0.034,-0.064,-0.051,-0.059,0.000,34,E,0,,,,379473,134.61,0
625,1452.779,"Mount",0.110,-0.164,-0.196,-0.022,-0.129,0.000,74,E,0,,,,374858,140.76,0
626,1454.950,"Mount",0.138,-0.196,-0.238,-0.032,-0.155,0.000,88,E,0,,,,388553,139.73,0
627,1457.368,"Mount",0.080,-0.040,-0.072,-0.053,-0.095,0.000,54,E,0,,,,378985,147.26,0
628,1459.566,"Mount",0.128,-0.118,-0.164,-0.060,-0.148,0.000,85,E,0,,,,371084,150.27,0
629,1462.039,"Mount",-0.001,-0.138,-0.122,0.065,-0.146,0.023,83,E,10,S,,,391979,145.52,0
630,1464.213,"Mount",0.084,-0.170,-0.189,0.004,-0.183,0.000,105,E,0,,,,369949,129.29,0
631,1466.615,"Mount",0.014,-0.009,-0.014,-0.009,-0.113,0.000,65,E,0,,,,373208,138.55,0
632,1468.778,"Mount",0.012,0.017,0.010,-0.018,-0.117,0.000,67,E,0,,,,351586,116.63,0
633,1471.178,"Mount",-0.002,0.038,0.035,-0.015,-0.129,0.000,74,E,0,,,,383222,147.10,0
634,1473.456,"Mount",0.100,0.013,-0.035,-0.094,-0.116,-0.034,66,E,15,N,,,384157,146.29,0
635,1475.781,"Mount",-0.078,0.027,0.060,0.057,-0.101,0.000,58,E,0,,,,375550,125.54,0
636,1477.979,"Mount",-0.109,-0.000,0.050,0.097,-0.082,0.035,47,E,15,S,,,368591,139.93,0
637,1480.301,"Mount",-0.048,0.173,0.176,-0.037,0.023,0.000,13,W,0,,,,375397,134.88,0
638,1482.403,"Mount",-0.059,0.233,0.234,-0.056,0.063,0.000,36,W,0,,,,396208,141.32,0
639,1484.807,"Mount",-0.229,-0.045,0.066,0.224,-0.007,0.081,4,E,35,S,,,392957,147.36,0
640,1486.912,"Mount",-0.018,0.071,0.071,-0.017,0.001,0.000,1,W,0,,,,386232,136.97,0
641,1489.233,"Mount",-0.055,-0.007,0.019,0.052,-0.035,0.000,20,E,0,,,,362549,127.20,0
642,1491.381,"Mount",0.028,0.017,0.002,-0.033,-0.034,0.000,20,E,0,,,,391275,123.79,0
643,1493.720,"Mount",-0.024,0.071,0.074,-0.012,-0.014,0.000,8,E,0,,,,382696,129.02,0
644,1495.916,"Mount",0.109,0.089,0.029,-0.138,-0.045,-0.050,26,E,21,N,,,352459,123.52,0
645,1498.382,"Mount",0.166,-0.033,-0.106,-0.131,-0.095,-0.049,54,E,21,N,,,378019,153.03,0
646,1500.529,"Mount",0.078,-0.183,-0.199,0.015,-0.135,0.000,77,E,0,,,,390587,141.48,0
647,1502.953,"Mount",0.083,-0.231,-0.243,0.033,-0.158,0.000,90,E,0,,,,383326,128.38,0
648,1505.140,"Mount",0.107,-0.139,-0.172,-0.031,-0.131,0.000,75,E,0,,,,374705,127.28,0
649,1507.555,"Mount",0.104,-0.107,-0.143,-0.043,-0.129,0.000,74,E,0,,,,373484,131.31,0
650,1509.754,"Mount",0.083,-0.131,-0.154,-0.013,-0.147,0.000,84,E,0,,,,366262,132.95,0
651,1512.182,"Mount",0.110,-0.145,-0.179,-0.031,-0.183,0.000,105,E,0,,,,373939,151.68,0
652,1514.428,"Mount",0.091,-0.182,-0.203,0.003,-0.215,0.000,123,E,0,,,,379656,153.29,0
653,1516.986,"Mount",0.238,-0.134,-0.228,-0.150,-0.250,-0.054,143,E,23,N,,,381102,142.59,0
654,1519.232,"Mount",0.045,-0.148,-0.152,0.028,-0.233,0.000,133,E,0,,,,374573,139.81,0
655,1521.703,"Mount",0.042,-0.197,-0.194,0.054,-0.265,0.000,152,E,0,,,,355987,152.80,0
656,1524.011,"Mount",-0.014,-0.144,-0.121,0.079,-0.230,0.028,131,E,12,S,,,364191,134.00,0
657,1526.516,"Mount",0.218,-0.101,-0.190,-0.146,-0.262,-0.052,150,E,22,N,,,372219,132.84,0
658,1528.816,"Mount",-0.008,-0.134,-0.115,0.069,-0.227,0.023,130,E,10,S,,,369787,139.28,0
659,1531.227,"Mount",-0.009,-0.034,-0.026,0.024,-0.173,0.000,99,E,0,,,,406188,189.68,0
660,1533.477,"Mount",-0.140,-0.051,0.019,0.147,-0.171,0.053,98,E,23,S,,,377018,139.34,0
661,1535.957,"Mount",-0.092,0.046,0.083,0.061,-0.159,0.024,91,E,10,S,,,374014,126.84,0
662,1538.170,"Mount",-0.008,-0.011,-0.006,0.012,-0.189,0.000,108,E,0,,,,387762,140.16,0
663,1540.553,"Mount",-0.002,0.094,0.084,-0.041,-0.129,0.000,74,E,0,,,,378470,138.93,0
664,1542.741,"Mount",-0.032,0.276,0.260,-0.099,-0.036,-0.036,21,E,15,N,,,381250,133.67,0
665,1545.202,"Mount",-0.095,-0.004,0.041,0.086,-0.140,0.030,80,E,13,S,,,363254,138.58,0
666,1547.475,"Mount",-0.190,0.147,0.218,0.100,-0.028,0.037,16,E,16,S,,,387620,146.60,0
667,1549.814,"Mount",-0.085,0.200,0.216,-0.017,-0.030,0.000,17,E,0,,,,378205,131.00,0
668,1551.991,"Mount",-0.141,0.051,0.110,0.102,-0.051,0.037,29,E,16,S,,,390872,153.36,0
669,1554.380,"Mount",0.006,0.290,0.255,-0.139,0.025,-0.049,14,W,21,N,,,373989,144.83,0
670,1556.479,"Mount",-0.080,0.175,0.193,-0.010,0.018,0.000,11,W,0,,,,380994,141.67,0
671,1558.944,"Mount",-0.051,-0.118,-0.081,0.100,-0.095,0.036,55,E,15,S,,,370737,139.74,0
672,1561.084,"Mount",-0.177,0.217,0.274,0.057,0.083,0.000,47,W,0,,,,362959,137.58,0
673,1563.480,"Mount",-0.027,0.217,0.206,-0.076,0.060,-0.027,34,W,12,N,,,394432,137.79,0
674,1565.655,"Mount",0.030,0.155,0.124,-0.098,0.034,-0.036,20,W,16,N,,,364096,138.43,0
675,1568.068,"Mount",0.090,0.048,0.001,-0.102,-0.023,-0.038,13,E,16,N,,,351767,122.22,0
676,1570.169,"Mount",0.035,0.010,-0.007,-0.035,-0.014,0.000,8,E,0,,,,379786,159.46,0
677,1572.534,"Mount",0.087,-0.017,-0.056,-0.070,-0.023,-0.025,13,E,11,N,,,385112,152.55,0
678,1574.732,"Mount",-0.013,-0.181,-0.155,0.095,-0.104,0.033,60,E,14,S,,,381733,145.04,0
679,1577.189,"Mount",0.020,-0.177,-0.166,0.063,-0.118,0.024,68,E,10,S,,,381303,133.72,0
680,1579.431,"Mount",-0.046,-0.086,-0.055,0.081,-0.056,0.030,32,E,13,S,,,389071,122.68,0
681,1581.732,"Mount",0.006,0.114,0.099,-0.058,-0.007,0.000,4,E,0,,,,392991,143.10,0
682,1583.920,"Mount",-0.133,0.095,0.145,0.074,0.027,0.027,15,W,11,S,,,387379,140.22,0
683,1586.320,"Mount",-0.020,0.260,0.240,-0.102,0.084,-0.036,48,W,15,N,,,411196,137.79,0
684,1588.507,"Mount",-0.050,0.239,0.235,-0.066,0.105,-0.025,60,W,11,N,,,379566,128.13,0
685,1590.986,"Mount",-0.023,0.361,0.331,-0.147,0.194,-0.054,111,W,23,N,,,395750,186.57,0
686,1593.239,"Mount",-0.099,0.147,0.176,0.020,0.151,0.000,87,W,0,,,,377628,143.38,0
687,1595.710,"Mount",-0.136,0.111,0.162,0.070,0.175,0.025,100,W,11,S,,,382578,137.79,0
688,1598.006,"Mount",-0.226,0.087,0.182,0.160,0.197,0.059,113,W,25,S,,,366880,129.22,0
689,1600.485,"Mount",-0.107,0.099,0.137,0.049,0.178,0.000,102,W,0,,,,399799,143.49,0
690,1602.727,"Mount",-0.060,0.194,0.200,-0.036,0.202,0.000,115,W,0,,,,380757,122.77,0
691,1605.241,"Mount",-0.018,0.207,0.192,-0.080,0.193,-0.029,110,W,12,N,,,373326,136.49,0
692,1607.451,"Mount",-0.065,0.160,0.172,-0.016,0.174,0.000,100,W,0,,,,390926,132.73,0
693,1609.924,"Mount",-0.019,0.199,0.186,-0.075,0.184,-0.027,105,W,12,N,,,367406,129.57,0
694,1612.116,"Mount",-0.082,0.059,0.090,0.045,0.142,0.000,81,W,0,,,,381491,142.52,0
695,1614.567,"Mount",-0.106,0.035,0.079,0.078,0.157,0.028,90,W,12,S,,,380764,138.35,0
696,1616.897,"Mount",-0.137,0.083,0.137,0.083,0.192,0.031,110,W,13,S,,,386395,156.72,0
697,1619.303,"Mount",0.028,-0.017,-0.028,-0.017,0.150,0.000,85,W,0,,,,396708,140.99,0
698,1621.494,"Mount",0.039,-0.063,-0.073,-0.006,0.117,0.000,67,W,0,,,,413978,150.76,0
699,1623.859,"Mount",0.092,-0.085,-0.118,-0.042,0.093,0.000,53,W,0,,,,375716,123.52,0
700,1626.071,"Mount",0.092,0.036,-0.010,-0.098,0.131,-0.035,75,W,15,N,,,384738,142.35,0
701,1628.371,"Mount",0.060,-0.196,-0.202,0.037,0.027,0.000,16,W,0,,,,378650,132.09,0
702,1630.447,"Mount",0.080,-0.253,-0.262,0.046,-0.039,0.000,22,E,0,,,,374357,130.64,0
703,1632.818,"Mount",0.120,-0.314,-0.334,0.038,-0.088,0.000,50,E,0,,,,390530,134.22,0
704,1635.022,"Mount",0.116,-0.432,-0.437,0.096,-0.179,0.035,102,E,15,S,,,374955,129.53,0
705,1637.396,"Mount",0.155,-0.204,-0.253,-0.043,-0.108,0.000,62,E,0,,,,382851,126.21,0
706,1639.582,"Mount",0.142,0.008,-0.058,-0.130,-0.018,-0.047,10,E,20,N,,,391912,152.54,0
707,1641.944,"Mount",0.047,-0.108,-0.117,0.008,-0.078,0.000,45,E,0,,,,388131,128.93,0
708,1644.041,"Mount",0.031,-0.051,-0.059,-0.004,-0.005,0.000,3,E,0,,,,387858,132.62,0
709,1646.362,"Mount",-0.003,-0.102,-0.089,0.050,-0.049,0.000,28,E,0,,,,377192,141.32,0
710,1648.430,"Mount",0.035,0.017,-0.000,-0.039,0.002,0.000,1,W,0,,,,366205,121.95,0
711,1650.784,"Mount",-0.011,-0.020,-0.013,0.019,0.001,0.000,1,W,0,,,,380586,139.54,0
712,1652.907,"Mount",-0.044,0.137,0.142,-0.024,0.067,0.000,38,W,0,,,,359524,117.41,0
713,1655.304,"Mount",-0.142,0.204,0.246,0.032,0.120,0.000,69,W,0,,,,384581,136.34,0
714,1657.478,"Mount",-0.108,0.268,0.287,-0.027,0.147,0.000,84,W,0,,,,373983,150.85,0
715,1660.170,"Mount",0.044,0.816,0.704,-0.416,0.361,-0.150,207,W,64,N,,,362279,132.61,0
716,1662.540,"Mount",-0.291,0.349,0.444,0.097,0.264,0.029,151,W,12,S,,,392887,155.19,0
717,1665.105,"Mount",-0.504,-0.052,0.186,0.472,0.211,0.171,121,W,73,S,,,371653,135.97,0
718,1667.454,"Mount",-0.282,0.312,0.407,0.106,0.328,0.045,188,W,19,S,,,379864,139.76,0
719,1669.950,"Mount",-0.176,0.314,0.360,0.011,0.335,0.000,191,W,0,,,,382799,149.05,0
720,1672.207,"Mount",0.008,0.101,0.086,-0.054,0.223,0.000,127,W,0,,,,391726,135.71,0
721,1674.774,"Mount",0.045,0.197,0.155,-0.131,0.273,-0.047,156,W,20,N,,,365848,145.87,0
722,1677.006,"Mount",0.041,0.072,0.045,-0.070,0.201,-0.027,115,W,12,N,,,385327,142.87,0
723,1679.509,"Mount",0.087,0.097,0.046,-0.122,0.191,-0.045,109,W,19,N,,,387944,138.69,0
724,1681.792,"Mount",-0.045,-0.094,-0.063,0.084,0.144,0.028,82,W,12,S,,,361572,140.76,0
725,1684.276,"Mount",-0.076,-0.024,0.014,0.079,0.156,0.029,89,W,13,S,,,362380,128.16,0
726,1686.458,"Mount",0.082,0.008,-0.031,-0.077,0.128,-0.026,73,W,11,N,,,390694,140.38,0
727,1688.891,"Mount",0.067,-0.109,-0.127,-0.009,0.049,0.000,28,W,0,,,,376285,130.75,0
728,1690.999,"Mount",0.102,-0.159,-0.188,-0.017,-0.012,0.000,7,E,0,,,,350913,127.09,0
729,1693.426,"Mount",-0.023,-0.245,-0.207,0.133,-0.036,0.048,21,E,21,S,,,391339,151.21,0
730,1695.658,"Mount",-0.039,-0.313,-0.260,0.179,-0.076,0.066,43,E,28,S,,,408850,150.95,0
731,1698.020,"Mount",0.134,-0.138,-0.184,-0.055,-0.057,0.000,33,E,0,,,,380386,136.18,0
732,1700.200,"Mount",0.186,-0.033,-0.115,-0.150,-0.058,-0.054,33,E,23,N,,,369170,136.15,0
733,1702.536,"Mount",0.093,-0.089,-0.122,-0.042,-0.074,0.000,42,E,0,,,,385688,133.82,0
734,1704.683,"Mount",0.135,0.040,-0.026,-0.138,-0.015,-0.050,9,E,21,N,,,373892,136.08,0
735,1707.148,"Mount",-0.074,-0.187,-0.132,0.152,-0.083,0.053,47,E,23,S,,,390793,160.23,0
736,1709.316,"Mount",0.079,0.022,-0.017,-0.081,-0.020,-0.027,11,E,12,N,,,377576,127.12,0
737,1711.791,"Mount",-0.202,-0.285,-0.160,0.311,-0.093,0.111,53,E,47,S,,,400980,152.36,0
738,1713.988,"Mount",-0.094,-0.080,-0.028,0.120,-0.024,0.048,14,E,20,S,,,376790,142.66,0
739,1716.370,"Mount",0.185,0.109,0.012,-0.215,-0.027,-0.075,16,E,32,N,,,396420,155.98,0
740,1718.500,"Mount",-0.073,0.212,0.222,-0.033,0.071,0.000,41,W,0,,,,375947,127.28,0
741,1721.089,"Mount",-0.063,-0.431,-0.354,0.255,-0.193,0.092,110,E,39,S,,,397362,190.48,0
742,1723.321,"Mount",-0.076,-0.318,-0.247,0.214,-0.147,0.081,84,E,34,S,,,396162,138.43,0
743,1725.911,"Mount",0.096,0.675,0.555,-0.397,0.217,-0.140,124,W,60,N,,,355430,123.93,0
744,1728.143,"Mount",-0.030,0.321,0.299,-0.122,0.105,-0.049,60,W,21,N,,,376712,142.40,0
745,1730.568,"Mount",-0.015,0.319,0.290,-0.134,0.125,-0.050,71,W,21,N,,,371838,150.85,0
746,1732.748,"Mount",-0.205,0.287,0.349,0.049,0.153,0.000,87,W,0,,,,353313,121.84,0
747,1735.103,"Mount",-0.010,0.142,0.131,-0.056,0.062,0.000,36,W,0,,,,389227,151.28,0
748,1737.223,"Mount",0.090,0.069,0.020,-0.111,0.001,-0.040,0,,17,N,,,385644,124.50,0
749,1739.669,"Mount",-0.086,-0.146,-0.089,0.144,-0.034,0.050,19,E,21,S,,,361799,137.83,0
750,1741.852,"Mount",0.004,0.084,0.072,-0.042,0.036,0.000,21,W,0,,,,374044,143.83,0
751,1744.154,"Mount",0.024,0.081,0.061,-0.058,0.011,0.000,6,W,0,,,,365948,121.33,0
752,1746.345,"Mount",0.083,0.033,-0.009,-0.089,-0.017,-0.032,10,E,14,N,,,377924,143.06,0
753,1748.663,"Mount",0.027,0.066,0.046,-0.055,-0.012,0.000,7,E,0,,,,387844,153.02,0
754,1750.747,"Mount",-0.033,-0.018,-0.001,0.037,-0.010,0.000,6,E,0,,,,368975,129.37,0
755,1753.154,"Mount",0.157,-0.026,-0.095,-0.128,-0.055,-0.046,31,E,20,N,,,364015,145.45,0
756,1755.307,"Mount",0.090,0.032,-0.013,-0.095,-0.006,-0.036,4,E,15,N,,,369641,145.95,0
757,1757.629,"Mount",-0.037,0.064,0.074,0.004,0.021,0.000,12,W,0,,,,380974,148.42,0
758,1759.738,"Mount",0.015,0.036,0.025,-0.030,-0.023,0.000,13,E,0,,,,384395,138.37,0
759,1762.128,"Mount",0.015,0.144,0.121,-0.080,0.033,-0.029,19,W,12,N,,,390948,162.03,0
760,1764.308,"Mount",-0.065,-0.054,-0.018,0.083,-0.011,0.029,6,E,12,S,,,373205,130.56,0
761,1766.710,"Mount",-0.004,-0.124,-0.108,0.061,-0.047,0.023,27,E,10,S,,,389883,144.02,0
762,1768.872,"Mount",-0.079,-0.089,-0.043,0.111,0.018,0.041,10,W,17,S,,,361737,120.96,0
763,1771.264,"Mount",0.053,0.072,0.039,-0.080,0.029,-0.027,17,W,12,N,,,359817,145.99,0
764,1773.458,"Mount",-0.002,-0.006,-0.004,0.005,0.039,0.000,23,W,0,,,,357619,120.98,0
765,1775.809,"Mount",0.012,0.057,0.045,-0.037,0.037,0.000,21,W,0,,,,364977,138.56,0
766,1777.953,"Mount",-0.002,0.078,0.070,-0.034,0.071,0.000,41,W,0,,,,369415,138.53,0
767,1780.271,"Mount",0.037,0.011,-0.007,-0.038,0.044,0.000,25,W,0,,,,374791,133.26,0
768,1782.444,"Mount",0.027,0.111,0.086,-0.075,0.075,-0.027,43,W,12,N,,,389595,128.60,0
769,1784.828,"Mount",0.088,0.093,0.042,-0.121,0.029,-0.045,16,W,19,N,,,384281,122.57,0
770,1786.950,"Mount",-0.065,0.096,0.115,0.013,0.071,0.000,41,W,0,,,,373987,130.58,0
771,1789.379,"Mount",0.075,-0.001,-0.036,-0.066,0.022,-0.024,12,W,10,N,,,362961,125.12,0
772,1791.580,"Mount",-0.054,-0.137,-0.096,0.111,-0.033,0.039,19,E,17,S,,,386892,147.33,0
773,1793.863,"Mount",-0.004,0.043,0.040,-0.016,0.003,0.000,2,W,0,,,,364628,123.36,0
774,1796.033,"Mount",0.030,-0.173,-0.167,0.053,-0.086,0.000,49,E,0,,,,393649,142.24,0
775,1798.378,"Mount",0.057,-0.163,-0.171,0.025,-0.105,0.000,60,E,0,,,,356422,124.77,0
776,1800.535,"Mount",0.042,-0.141,-0.145,0.028,-0.113,0.000,65,E,0,,,,374236,133.73,0
777,1802.925,"Mount",0.084,-0.236,-0.248,0.035,-0.177,0.000,101,E,0,,,,395502,145.96,0
778,1805.080,"Mount",0.079,-0.177,-0.193,0.011,-0.161,0.000,92,E,0,,,,354205,130.38,0
779,1807.529,"Mount",0.113,-0.045,-0.092,-0.079,-0.132,-0.029,75,E,12,N,,,374441,130.22,0
780,1809.752,"Mount",-0.076,-0.080,-0.036,0.105,-0.100,0.036,57,E,16,S,,,391193,135.89,0
781,1812.137,"Mount",-0.037,-0.004,0.014,0.034,-0.109,0.000,62,E,0,,,,385666,143.32,0
782,1814.329,"Mount",-0.024,-0.084,-0.063,0.060,-0.145,0.000,83,E,0,,,,377104,130.57,0
783,1817.006,"Mount",0.031,-0.698,-0.634,0.295,-0.400,0.106,229,E,45,S,,,371748,145.01,0
784,1819.217,"Mount",-0.022,0.067,0.069,-0.011,-0.084,0.000,48,E,0,,,,380410,144.09,0
785,1821.509,"Mount",-0.143,0.157,0.205,0.054,-0.010,0.000,6,E,0,,,,362600,134.34,0
786,1823.669,"Mount",-0.015,-0.011,-0.003,0.018,-0.097,0.000,55,E,0,,,,384015,140.24,0
787,1826.115,"Mount",0.134,-0.065,-0.119,-0.089,-0.142,-0.032,81,E,14,N,,,374755,131.02,0
788,1828.267,"Mount",0.024,0.056,0.039,-0.047,-0.079,0.000,45,E,0,,,,378019,134.49,0
789,1830.605,"Mount",-0.139,0.056,0.114,0.097,0.000,0.035,0,,15,S,,,378181,130.81,0
790,1832.719,"Mount",0.014,0.051,0.039,-0.036,-0.046,0.000,26,E,0,,,,389059,126.85,0
791,1835.059,"Mount",0.009,0.110,0.094,-0.059,0.010,0.000,6,W,0,,,,375855,137.59,0
792,1837.232,"Mount",0.100,0.039,-0.011,-0.107,-0.032,-0.039,18,E,16,N,,,371086,130.85,0
793,1839.644,"Mount",0.051,0.054,0.025,-0.070,-0.046,-0.027,26,E,11,N,,,395601,154.54,0
794,1841.842,"Mount",0.090,0.004,-0.038,-0.082,-0.043,-0.030,24,E,13,N,,,364676,140.42,0
795,1844.290,"Mount",0.124,-0.015,-0.071,-0.103,-0.088,-0.038,51,E,16,N,,,342927,130.98,0
796,1846.397,"Mount",-0.013,-0.038,-0.028,0.029,-0.053,0.000,30,E,0,,,,392608,167.22,0
797,1848.780,"Mount",-0.018,-0.068,-0.052,0.047,-0.054,0.000,31,E,0,,,,387829,177.59,0
798,1851.065,"Mount",-0.025,-0.323,-0.275,0.171,-0.179,0.062,102,E,26,S,,,373700,125.62,0
799,1853.489,"Mount",0.050,-0.179,-0.182,0.038,-0.153,0.000,88,E,0,,,,393657,157.98,0
800,1855.761,"Mount",0.148,-0.118,-0.173,-0.077,-0.157,-0.028,90,E,12,N,,,362879,133.85,0
801,1858.204,"Mount",0.098,-0.203,-0.225,0.007,-0.208,0.000,119,E,0,,,,381567,137.09,0
802,1860.379,"Mount",0.099,-0.081,-0.118,-0.051,-0.165,0.000,94,E,0,,,,365845,132.02,0
803,1862.908,"Mount",0.171,-0.161,-0.222,-0.077,-0.241,-0.028,138,E,12,N,,,374675,132.72,0
804,1865.253,"Mount",0.017,-0.330,-0.301,0.137,-0.311,0.048,178,E,21,S,,,388200,139.80,0
805,1867.848,"Mount",0.195,-0.175,-0.245,-0.093,-0.300,-0.031,172,E,13,N,,,380653,149.95,0
806,1870.309,"Mount",0.010,-0.510,-0.457,0.226,-0.405,0.080,231,E,34,S,,,372231,141.76,0
807,1872.811,"Mount",0.043,-0.136,-0.141,0.025,-0.260,0.000,148,E,0,,,,368232,132.60,0
808,1875.020,"Mount",-0.047,-0.031,-0.006,0.056,-0.163,0.000,93,E,0,,,,377159,135.50,0
809,1877.547,"Mount",0.201,0.182,0.069,-0.262,-0.130,-0.094,75,E,40,N,,,371051,144.91,0
810,1879.789,"Mount",0.046,0.169,0.129,-0.119,-0.106,-0.047,60,E,20,N,,,388099,131.71,0
811,1882.321,"Mount",-0.203,-0.268,-0.144,0.304,-0.231,0.108,132,E,46,S,,,364725,140.55,0
812,1884.487,"Mount",-0.024,-0.001,0.010,0.022,-0.158,0.000,91,E,0,,,,368401,133.30,0
813,1886.865,"Mount",-0.049,-0.001,0.021,0.044,-0.161,0.000,92,E,0,,,,386940,137.80,0
814,1888.961,"Mount",-0.021,0.139,0.133,-0.046,-0.098,0.000,56,E,0,,,,392606,154.91,0
815,1891.405,"Mount",0.043,0.204,0.161,-0.132,-0.087,-0.048,50,E,20,N,,,393885,138.11,0
816,1893.521,"Mount",-0.089,0.277,0.287,-0.049,-0.026,0.000,15,E,0,,,,391352,149.05,0
817,1895.880,"Mount",-0.121,0.110,0.153,0.056,-0.078,0.000,44,E,0,,,,374267,131.64,0
818,1898.011,"Mount",-0.058,0.131,0.143,-0.009,-0.059,0.000,34,E,0,,,,383853,147.07,0
819,1900.334,"Mount",-0.077,0.136,0.156,0.006,-0.021,0.000,12,E,0,,,,357944,122.84,0
820,1902.411,"Mount",-0.045,0.217,0.213,-0.060,0.029,0.000,17,W,0,,,,387668,152.11,0
821,1904.805,"Mount",0.032,0.189,0.153,-0.116,0.033,-0.042,19,W,18,N,,,371166,131.23,0
822,1906.907,"Mount",-0.002,0.068,0.061,-0.030,0.004,0.000,2,W,0,,,,383838,147.21,0
823,1909.335,"Mount",-0.111,-0.034,0.021,0.114,-0.004,0.041,2,E,18,S,,,380010,162.51,0
824,1911.509,"Mount",0.020,0.095,0.075,-0.062,0.028,-0.021,16,W,9,N,,,369212,135.88,0
825,1913.847,"Mount",-0.051,0.063,0.080,0.016,0.009,0.000,5,W,0,,,,386959,148.05,0
826,1915.916,"Mount",-0.038,0.060,0.071,0.006,0.004,0.000,2,W,0,,,,364512,138.60,0
827,1918.316,"Mount",0.008,0.121,0.104,-0.063,0.011,-0.023,6,W,10,N,,,362140,129.45,0
828,1920.391,"Mount",-0.050,0.070,0.086,0.012,0.005,0.000,3,W,0,,,,378157,134.58,0
829,1922.670,"Mount",-0.040,0.075,0.085,0.001,-0.000,0.000,0,,0,,,,385541,148.73,0
830,1924.829,"Mount",-0.148,0.033,0.098,0.116,0.013,0.042,7,W,18,S,,,379318,134.62,0
831,1927.172,"Mount",-0.000,0.063,0.056,-0.029,-0.027,0.000,15,E,0,,,,386334,141.45,0
832,1929.339,"Mount",0.053,0.153,0.111,-0.118,0.032,-0.042,18,W,18,N,,,373953,136.25,0
833,1931.655,"Mount",0.025,0.015,0.002,-0.029,-0.003,0.000,2,E,0,,,,366852,127.57,0
834,1936.082,"Mount",-0.012,0.198,0.181,-0.081,0.117,-0.029,67,W,12,N,,,374914,136.43,0
835,1938.213,"Mount",-0.058,0.123,0.136,-0.005,0.108,0.000,62,W,0,,,,377317,145.89,0
INFO: SET LOCK POSITION, new lock pos = 320.049, 30.051
INFO: DITHER by 2.890, -0.684, new lock pos = 319.326, 32.931
INFO: SETTLING STATE CHANGE, Settling started
836,1942.585,"Mount",0.723,-2.881,-2.890,0.684,-2.890,0.684,1652,E,293,S,,,363516,129.56,0
837,1945.218,"Mount",0.103,0.894,0.747,-0.504,0.336,-0.181,192,W,78,N,,,387951,148.79,0
838,1947.529,"Mount",0.091,0.637,0.523,-0.375,0.236,-0.142,135,W,61,N,,,360512,122.60,0
839,1949.968,"Mount",-0.166,0.173,0.230,0.067,0.103,0.018,59,W,8,S,,,400293,174.55,0
840,1952.247,"Mount",-0.044,0.357,0.338,-0.126,0.152,-0.045,87,W,19,N,,,388932,152.47,0
841,1954.646,"Mount",-0.180,0.216,0.275,0.060,0.124,0.000,71,W,0,,,,367985,145.92,0
842,1956.882,"Mount",-0.296,-0.020,0.119,0.271,0.053,0.098,31,W,42,S,,,383461,133.87,0
843,1959.398,"Mount",-0.113,0.501,0.497,-0.130,0.223,-0.043,128,W,18,N,,,372678,145.44,0
844,1961.720,"Mount",-0.055,0.338,0.326,-0.107,0.147,-0.040,84,W,17,N,,,386308,142.38,0
845,1964.083,"Mount",-0.059,0.084,0.102,0.013,0.046,0.000,26,W,0,,,,382399,127.80,0
846,1966.341,"Mount",-0.097,0.365,0.369,-0.083,0.166,-0.030,95,W,13,N,,,361206,139.30,0
847,1968.801,"Mount",-0.062,0.153,0.165,-0.015,0.205,0.000,117,W,0,,,,396493,135.35,0
848,1970.987,"Mount",-0.050,0.053,0.070,0.020,0.154,0.000,88,W,0,,,,381240,149.57,0
INFO: SETTLING STATE CHANGE, Settling complete
849,1973.406,"Mount",-0.048,-0.125,-0.088,0.101,0.064,0.036,37,W,15,S,,,356545,133.13,0
850,1975.586,"Mount",0.035,-0.220,-0.211,0.070,-0.016,0.027,9,E,11,S,,,382172,128.04,0
851,1977.988,"Mount",0.134,-0.028,-0.087,-0.106,0.021,-0.037,12,W,16,N,,,392516,139.10,0
852,1980.122,"Mount",0.056,-0.112,-0.125,0.002,-0.027,0.000,15,E,0,,,,376539,124.72,0
853,1982.461,"Mount",0.085,-0.011,-0.049,-0.071,0.016,-0.025,9,W,11,N,,,383284,145.46,0
854,1984.622,"Mount",0.147,-0.069,-0.129,-0.099,-0.054,-0.036,31,E,16,N,,,377061,129.63,0
855,1986.979,"Mount",-0.035,0.020,0.034,0.022,-0.002,0.000,1,E,0,,,,360237,128.73,0
856,1989.175,"Mount",0.158,-0.006,-0.078,-0.137,-0.042,-0.049,24,E,21,N,,,386723,156.15,0
857,1991.488,"Mount",0.018,-0.059,-0.060,0.011,-0.032,0.000,18,E,0,,,,384100,145.72,0
858,1993.616,"Mount",0.032,-0.069,-0.076,0.004,-0.039,0.000,22,E,0,,,,364681,136.87,0
859,1995.900,"Mount",0.028,0.031,0.015,-0.039,-0.001,0.000,1,E,0,,,,382136,144.48,0
860,1998.053,"Mount",0.038,0.068,0.043,-0.065,0.012,-0.023,7,W,10,N,,,386571,134.31,0
861,2000.440,"Mount",-0.170,0.071,0.142,0.118,0.088,0.041,50,W,18,S,,,384925,128.51,0
862,2002.571,"Mount",-0.030,0.175,0.169,-0.054,0.116,0.000,67,W,0,,,,366471,121.97,0
863,2005.048,"Mount",-0.181,0.200,0.261,0.068,0.170,0.024,97,W,10,S,,,353622,131.92,0
864,2007.259,"Mount",-0.099,0.244,0.262,-0.025,0.191,0.000,109,W,0,,,,352173,141.01,0
865,2009.730,"Mount",-0.139,0.229,0.267,0.018,0.230,0.000,132,W,0,,,,359549,136.43,0
866,2012.037,"Mount",-0.012,0.288,0.261,-0.122,0.241,-0.044,138,W,19,N,,,387694,139.00,0
867,2014.466,"Mount",-0.017,0.125,0.119,-0.042,0.218,0.000,125,W,0,,,,381375,151.64,0
868,2016.704,"Mount",-0.033,0.162,0.159,-0.046,0.240,0.000,137,W,0,,,,377391,136.00,0
869,2019.231,"Mount",-0.176,-0.010,0.072,0.161,0.212,0.058,121,W,25,S,,,372828,129.21,0
870,2021.450,"Mount",-0.095,-0.239,-0.168,0.195,0.108,0.072,62,W,31,S,,,362378,122.44,0
871,2024.022,"Mount",0.098,0.195,0.128,-0.177,0.255,-0.061,146,W,26,N,,,368288,123.66,0
872,2026.251,"Mount",-0.031,0.156,0.153,-0.044,0.256,0.000,146,W,0,,,,374857,142.13,0
873,2028.712,"Mount",0.003,-0.050,-0.046,0.021,0.182,0.000,104,W,0,,,,367022,144.43,0
874,2030.904,"Mount",0.061,-0.025,-0.050,-0.042,0.149,0.000,85,W,0,,,,367375,149.99,0
875,2033.355,"Mount",0.128,-0.042,-0.096,-0.094,0.091,-0.034,52,W,14,N,,,345539,125.53,0
876,2035.625,"Mount",-0.040,-0.304,-0.251,0.175,-0.022,0.062,12,E,26,S,,,368342,137.56,0
877,2037.947,"Mount",0.086,-0.037,-0.072,-0.059,0.033,0.000,19,W,0,,,,381260,155.56,0
878,2040.020,"Mount",0.059,-0.013,-0.039,-0.047,0.044,0.000,25,W,0,,,,363304,133.11,0
879,2042.394,"Mount",0.228,-0.007,-0.112,-0.199,-0.021,-0.072,12,E,31,N,,,391787,143.03,0
880,2044.500,"Mount",0.099,-0.064,-0.103,-0.058,-0.035,0.000,20,E,0,,,,368926,144.40,0
881,2046.839,"Mount",0.039,-0.082,-0.091,0.003,-0.041,0.000,23,E,0,,,,356413,120.08,0
882,2048.941,"Mount",0.018,-0.144,-0.136,0.051,-0.076,0.000,43,E,0,,,,372636,140.15,0
883,2051.242,"Mount",0.053,-0.003,-0.027,-0.045,-0.016,0.000,9,E,0,,,,377350,152.80,0
884,2053.439,"Mount",0.018,-0.218,-0.201,0.085,-0.117,0.031,67,E,13,S,,,397032,155.85,0
885,2055.795,"Mount",0.029,-0.058,-0.064,0.001,-0.055,0.000,32,E,0,,,,365649,124.32,0
886,2057.975,"Mount",-0.012,0.024,0.027,-0.001,-0.021,0.000,12,E,0,,,,381675,128.79,0
887,2060.386,"Mount",-0.177,-0.132,-0.036,0.218,-0.023,0.078,13,E,34,S,,,387018,133.69,0
888,2062.502,"Mount",-0.031,0.048,0.057,0.006,-0.019,0.000,11,E,0,,,,376077,138.92,0
889,2064.888,"Mount",0.095,0.086,0.032,-0.124,-0.018,-0.045,10,E,19,N,,,397489,146.64,0
890,2067.054,"Mount",0.090,0.055,0.007,-0.105,-0.011,-0.040,6,E,17,N,,,384200,135.43,0
891,2069.387,"Mount",0.020,0.026,0.014,-0.030,-0.006,0.000,3,E,0,,,,372901,137.54,0
892,2071.567,"Mount",0.063,0.122,0.080,-0.112,0.036,-0.040,20,W,17,N,,,346236,120.74,0
893,2073.984,"Mount",-0.002,0.140,0.125,-0.063,0.063,-0.024,36,W,10,N,,,390051,138.00,0
894,2076.052,"Mount",0.019,0.047,0.033,-0.039,0.000,0.000,0,,0,,,,368098,129.04,0
895,2078.357,"Mount",-0.021,0.066,0.068,-0.012,0.033,0.000,19,W,0,,,,360247,130.33,0
896,2080.458,"Mount",-0.099,0.073,0.110,0.054,0.050,0.000,29,W,0,,,,343045,124.52,0
897,2082.793,"Mount",0.007,0.034,0.027,-0.022,-0.004,0.000,2,E,0,,,,384706,132.53,0
898,2084.940,"Mount",-0.093,0.106,0.137,0.033,0.063,0.000,36,W,0,,,,364159,142.08,0
899,2087.331,"Mount",-0.155,-0.100,-0.018,0.184,-0.003,0.066,2,E,28,S,,,371711,127.32,0
900,2089.424,"Mount",-0.005,-0.020,-0.015,0.014,-0.009,0.000,5,E,0,,,,378886,136.40,0
901,2091.893,"Mount",0.045,0.086,0.056,-0.079,-0.010,-0.029,5,E,12,N,,,370847,122.93,0
902,2094.139,"Mount",-0.170,-0.017,0.063,0.159,0.015,0.056,9,W,24,S,,,381564,133.65,0
903,2096.430,"Mount",0.036,0.041,0.020,-0.051,-0.012,0.000,7,E,0,,,,355115,150.16,0
904,2098.629,"Mount",0.028,0.156,0.126,-0.097,0.050,-0.035,29,W,15,N,,,383351,156.44,0
905,2100.965,"Mount",-0.018,0.120,0.115,-0.039,0.048,0.000,27,W,0,,,,341156,113.48,0
906,2103.031,"Mount",0.001,0.011,0.009,-0.006,-0.005,0.000,3,E,0,,,,384569,143.71,0
907,2105.363,"Mount",0.009,0.017,0.010,-0.016,-0.018,0.000,10,E,0,,,,372165,156.39,0
908,2107.411,"Mount",-0.037,-0.037,-0.015,0.050,-0.017,0.000,10,E,0,,,,377767,142.53,0
909,2109.690,"Mount",0.004,0.049,0.042,-0.026,-0.014,0.000,8,E,0,,,,372836,146.98,0
910,2111.813,"Mount",-0.107,0.162,0.194,0.020,0.080,0.000,45,W,0,,,,381744,145.43,0
911,2114.249,"Mount",0.030,0.154,0.123,-0.098,0.054,-0.035,31,W,15,N,,,371939,137.15,0
912,2116.441,"Mount",0.050,0.152,0.112,-0.115,0.064,-0.043,37,W,18,N,,,385491,134.08,0
913,2118.853,"Mount",-0.051,-0.055,-0.026,0.071,0.032,0.024,18,W,10,S,,,379461,136.90,0
914,2120.993,"Mount",-0.032,0.071,0.078,-0.005,0.075,0.000,43,W,0,,,,368126,144.18,0
915,2123.380,"Mount",0.004,-0.035,-0.033,0.013,0.052,0.000,30,W,0,,,,402851,141.46,0
916,2125.493,"Mount",0.013,-0.022,-0.026,-0.001,0.049,0.000,28,W,0,,,,362852,144.97,0
917,2127.850,"Mount",-0.015,0.013,0.018,0.007,0.047,0.000,27,W,0,,,,385785,143.31,0
918,2129.915,"Mount",0.017,-0.081,-0.079,0.023,0.001,0.000,0,,0,,,,383060,142.62,0
919,2132.347,"Mount",-0.068,-0.250,-0.191,0.176,-0.055,0.063,31,E,27,S,,,337713,127.84,0
920,2134.510,"Mount",0.081,0.035,-0.006,-0.088,0.029,-0.029,17,W,13,N,,,362012,128.03,0
921,2136.839,"Mount",0.009,0.027,0.020,-0.020,0.016,0.000,9,W,0,,,,370287,147.28,0
922,2138.962,"Mount",0.081,-0.017,-0.053,-0.064,0.000,-0.023,0,,10,N,,,380432,150.70,0
923,2141.346,"Mount",0.122,-0.303,-0.325,0.031,-0.160,0.000,91,E,0,,,,350221,130.97,0
924,2143.604,"Mount",-0.143,-0.270,-0.173,0.252,-0.104,0.091,60,E,39,S,,,375704,137.68,0
925,2146.253,"Mount",0.125,-0.679,-0.660,0.203,-0.346,0.077,198,E,33,S,,,372758,176.08,0
926,2148.467,"Mount",0.200,-0.156,-0.230,-0.106,-0.176,-0.035,101,E,15,N,,,363001,126.46,0
927,2150.953,"Mount",0.406,0.182,-0.026,-0.444,-0.100,-0.161,57,E,69,N,,,365301,155.11,0
928,2153.099,"Mount",0.006,0.110,0.095,-0.056,-0.078,0.000,44,E,0,,,,352240,133.89,0
929,2155.561,"Mount",-0.177,-0.001,0.081,0.158,-0.096,0.057,55,E,24,S,,,366762,142.99,0
930,2157.756,"Mount",-0.061,0.033,0.057,0.039,-0.105,0.000,60,E,0,,,,377355,139.51,0
931,2160.275,"Mount",0.055,0.078,0.044,-0.084,-0.122,-0.030,70,E,13,N,,,369738,134.05,0
932,2162.433,"Mount",0.047,-0.044,-0.061,-0.022,-0.141,0.000,80,E,0,,,,352475,131.18,0
933,2164.847,"Mount",0.053,-0.196,-0.199,0.044,-0.195,0.000,112,E,0,,,,369470,141.20,0
934,2166.993,"Mount",-0.048,-0.006,0.017,0.046,-0.085,0.000,49,E,0,,,,348677,126.21,0
935,2169.394,"Mount",0.070,0.157,0.107,-0.135,-0.037,-0.049,21,E,21,N,,,355721,140.81,0
936,2171.463,"Mount",-0.067,0.121,0.139,0.004,0.003,0.000,2,W,0,,,,368597,149.25,0
937,2173.787,"Mount",-0.027,0.142,0.139,-0.042,0.015,0.000,9,W,0,,,,353721,156.77,0
938,2175.861,"Mount",-0.100,0.055,0.095,0.063,-0.000,0.023,0,,10,S,,,370364,142.17,0
939,2178.303,"Mount",-0.106,-0.023,0.028,0.105,-0.044,0.039,25,E,17,S,,,365407,146.96,0
940,2180.439,"Mount",-0.131,0.052,0.107,0.092,0.006,0.035,3,W,15,S,,,342190,121.01,0
941,2182.855,"Mount",0.059,0.041,0.009,-0.072,-0.052,-0.024,30,E,10,N,,,373565,154.35,0
942,2184.981,"Mount",-0.001,0.017,0.015,-0.007,-0.056,0.000,32,E,0,,,,363536,136.61,0
943,2187.414,"Mount",0.043,-0.175,-0.175,0.043,-0.143,0.000,82,E,0,,,,378195,125.47,0
944,2189.563,"Mount",0.043,-0.021,-0.038,-0.028,-0.062,0.000,36,E,0,,,,363697,140.56,0
945,2191.916,"Mount",-0.014,0.015,0.020,0.005,-0.061,0.000,35,E,0,,,,368921,128.22,0
946,2194.088,"Mount",0.014,0.162,0.137,-0.087,0.007,-0.031,4,W,13,N,,,368550,141.52,0
947,2196.470,"Mount",0.111,0.000,-0.051,-0.098,-0.051,-0.037,29,E,16,N,,,368805,124.22,0
948,2198.998,"Mount",-0.033,-0.831,-0.722,0.413,-0.371,0.147,212,E,63,S,,,368178,159.58,0
949,2201.348,"Mount",-0.003,0.161,0.145,-0.072,-0.004,-0.020,2,E,9,N,,,362574,126.09,0
950,2203.501,"Mount",0.048,-0.008,-0.029,-0.039,-0.108,0.000,62,E,0,,,,386740,149.02,0
951,2205.928,"Mount",0.029,0.097,0.073,-0.071,-0.100,-0.025,57,E,11,N,,,352301,128.31,0
952,2208.109,"Mount",0.041,-0.025,-0.041,-0.025,-0.137,0.000,78,E,0,,,,372934,133.93,0
953,2210.547,"Mount",0.133,-0.157,-0.200,-0.045,-0.260,0.000,149,E,0,,,,358490,131.30,0
954,2212.834,"Mount",0.244,0.086,-0.036,-0.257,-0.175,-0.092,100,E,40,N,,,373865,146.06,0
955,2215.374,"Mount",0.212,-0.283,-0.349,-0.057,-0.371,0.000,212,E,0,,,,362781,144.99,0
956,2217.584,"Mount",-0.003,0.031,0.029,-0.012,-0.200,0.000,114,E,0,,,,346769,130.35,0
957,2220.012,"Mount",-0.047,0.068,0.082,0.011,-0.151,0.000,86,E,0,,,,375812,159.07,0
958,2222.332,"Mount",-0.008,-0.252,-0.220,0.124,-0.269,0.045,154,E,19,S,,,348432,120.84,0
959,2224.812,"Mount",0.021,0.105,0.083,-0.067,-0.129,-0.022,74,E,10,N,,,360603,133.37,0
960,2227.089,"Mount",0.122,0.106,0.038,-0.157,-0.153,-0.057,88,E,25,N,,,363053,150.07,0
961,2229.566,"Mount",0.098,-0.134,-0.164,-0.025,-0.247,0.000,141,E,0,,,,377406,145.18,0
962,2231.816,"Mount",0.069,0.112,0.068,-0.114,-0.132,-0.041,75,E,17,N,,,371604,128.59,0
963,2234.237,"Mount",-0.046,-0.006,0.016,0.044,-0.171,0.000,98,E,0,,,,358778,123.86,0
964,2236.380,"Mount",0.028,0.026,0.010,-0.036,-0.146,0.000,83,E,0,,,,368213,136.54,0
965,2238.752,"Mount",-0.010,0.125,0.115,-0.049,-0.097,0.000,55,E,0,,,,346928,129.43,0
966,2240.990,"Mount",-0.004,0.053,0.049,-0.021,-0.134,0.000,77,E,0,,,,369438,146.72,0
967,2243.367,"Mount",-0.154,0.075,0.137,0.102,-0.063,0.037,36,E,16,S,,,365288,133.54,0
968,2245.439,"Mount",-0.122,0.183,0.219,0.024,-0.002,0.000,1,E,0,,,,373056,134.21,0
969,2247.799,"Mount",0.044,0.177,0.137,-0.120,-0.022,-0.043,13,E,19,N,,,355124,120.61,0
970,2249.947,"Mount",-0.009,0.198,0.180,-0.083,0.016,-0.032,9,W,14,N,,,374769,159.86,0
971,2252.341,"Mount",-0.118,0.087,0.132,0.064,0.006,0.022,4,W,9,S,,,371057,136.11,0
972,2254.554,"Mount",-0.225,-0.244,-0.114,0.312,-0.064,0.113,37,E,48,S,,,381542,149.99,0
973,2256.889,"Mount",-0.019,-0.056,-0.041,0.043,-0.013,0.000,8,E,0,,,,365423,122.45,0
974,2259.041,"Mount",-0.027,0.136,0.133,-0.039,0.048,0.000,28,W,0,,,,365635,147.97,0
975,2261.472,"Mount",0.042,0.230,0.185,-0.143,0.066,-0.052,38,W,22,N,,,363791,144.60,0
976,2263.667,"Mount",0.107,0.058,0.002,-0.121,-0.018,-0.046,10,E,20,N,,,363452,144.94,0
977,2266.080,"Mount",0.018,0.097,0.078,-0.060,0.014,-0.024,8,W,10,N,,,367052,139.28,0
978,2268.196,"Mount",-0.015,0.040,0.042,-0.005,-0.025,0.000,14,E,0,,,,368387,143.69,0
979,2270.534,"Mount",-0.048,0.043,0.060,0.023,-0.026,0.000,15,E,0,,,,382618,158.67,0
980,2272.647,"Mount",-0.044,0.049,0.064,0.017,0.005,0.000,3,W,0,,,,380219,144.88,0
981,2275.184,"Mount",-0.192,-0.143,-0.039,0.236,-0.023,0.085,13,E,36,S,,,382649,160.22,0
982,2277.437,"Mount",-0.133,-0.055,0.012,0.144,-0.014,0.055,8,E,24,S,,,364494,128.50,0
983,2279.769,"Mount",-0.038,0.187,0.183,-0.052,0.081,0.000,46,W,0,,,,379122,150.29,0
984,2281.947,"Mount",-0.107,-0.008,0.042,0.099,0.013,0.036,7,W,15,S,,,360269,118.74,0
985,2284.338,"Mount",0.053,0.168,0.125,-0.125,0.097,-0.044,55,W,19,N,,,360154,132.56,0
986,2286.523,"Mount",-0.148,0.099,0.156,0.086,0.129,0.029,74,W,12,S,,,378457,139.23,0
987,2289.006,"Mount",-0.022,0.236,0.219,-0.089,0.186,-0.031,106,W,13,N,,,375172,155.44,0
988,2291.308,"Mount",0.013,0.335,0.292,-0.166,0.233,-0.061,133,W,26,N,,,363725,131.99,0
989,2293.790,"Mount",0.011,0.109,0.092,-0.060,0.162,-0.024,93,W,10,N,,,362648,139.07,0
990,2295.985,"Mount",0.002,0.071,0.062,-0.035,0.157,0.000,90,W,0,,,,355515,136.63,0
991,2298.491,"Mount",-0.050,0.091,0.104,0.002,0.194,0.000,111,W,0,,,,380262,134.93,0
992,2300.685,"Mount",-0.001,0.071,0.064,-0.032,0.161,0.000,92,W,0,,,,370981,141.47,0
993,2303.175,"Mount",0.034,0.118,0.089,-0.084,0.170,-0.030,97,W,13,N,,,358069,121.73,0
994,2305.423,"Mount",0.048,0.051,0.024,-0.066,0.122,-0.025,70,W,11,N,,,365191,127.05,0
995,2307.837,"Mount",-0.003,0.062,0.056,-0.026,0.130,0.000,74,W,0,,,,378913,147.51,0
996,2310.082,"Mount",0.063,0.045,0.011,-0.077,0.141,-0.028,80,W,12,N,,,357072,119.70,0
997,2312.455,"Mount",-0.012,0.012,0.016,0.006,0.142,0.000,81,W,0,,,,369569,125.01,0
998,2314.621,"Mount",0.014,-0.029,-0.032,0.001,0.120,0.000,69,W,0,,,,374448,133.08,0
999,2316.999,"Mount",0.024,-0.058,-0.062,0.005,0.085,0.000,48,W,0,,,,362100,120.45,0
1000,2319.144,"Mount",0.030,-0.077,-0.082,0.009,0.058,0.000,33,W,0,,,,354596,130.75,0
1001,2321.487,"Mount",0.078,-0.176,-0.192,0.012,-0.007,0.000,4,E,0,,,,356523,129.76,0
1002,2323.720,"Mount",0.123,0.006,-0.052,-0.112,0.063,-0.040,36,W,17,N,,,344376,125.34,0
1003,2326.061,"Mount",0.141,-0.225,-0.265,-0.021,-0.083,0.000,48,E,0,,,,358019,129.50,0
1004,2328.305,"Mount",0.113,-0.358,-0.370,0.064,-0.143,0.023,82,E,10,S,,,356752,139.19,0
1005,2330.661,"Mount",0.076,-0.070,-0.097,-0.035,-0.028,0.000,16,E,0,,,,354396,125.51,0
1006,2332.776,"Mount",0.077,-0.078,-0.105,-0.032,-0.066,0.000,38,E,0,,,,348245,129.14,0
1007,2335.111,"Mount",0.047,-0.033,-0.051,-0.027,-0.031,0.000,18,E,0,,,,354796,145.21,0
1008,2337.247,"Mount",-0.045,0.017,0.036,0.032,-0.030,0.000,17,E,0,,,,345664,143.70,0
1009,2339.591,"Mount",0.006,-0.031,-0.030,0.009,-0.036,0.000,20,E,0,,,,343295,121.28,0
1010,2341.667,"Mount",-0.018,-0.010,-0.001,0.021,-0.021,0.000,12,E,0,,,,365336,150.78,0
1011,2344.082,"Mount",-0.009,0.147,0.134,-0.060,0.062,-0.022,35,W,9,N,,,356359,132.27,0
1012,2346.308,"Mount",0.022,0.244,0.207,-0.132,0.108,-0.049,62,W,21,N,,,359817,143.04,0
1013,2348.763,"Mount",-0.163,0.151,0.209,0.075,0.144,0.025,82,W,11,S,,,348678,138.07,0
1014,2351.017,"Mount",-0.192,0.151,0.222,0.100,0.165,0.037,94,W,16,S,,,383096,140.39,0
1015,2353.491,"Mount",-0.110,0.286,0.305,-0.034,0.244,0.000,139,W,0,,,,363929,138.93,0
1016,2355.817,"Mount",-0.034,0.308,0.289,-0.112,0.240,-0.040,137,W,17,N,,,347812,122.55,0
1017,2358.253,"Mount",-0.148,0.234,0.276,0.023,0.266,0.000,152,W,0,,,,359985,149.25,0
1018,2360.544,"Mount",-0.202,0.056,0.142,0.153,0.236,0.055,135,W,24,S,,,353868,131.94,0
1019,2363.051,"Mount",-0.157,0.311,0.349,-0.004,0.352,0.000,202,W,0,,,,358327,146.49,0
1020,2365.295,"Mount",-0.053,0.142,0.150,-0.019,0.276,0.000,158,W,0,,,,356918,115.94,0
1021,2367.767,"Mount",0.025,0.055,0.037,-0.048,0.216,0.000,123,W,0,,,,342331,122.12,0
1022,2369.978,"Mount",-0.021,-0.001,0.009,0.019,0.212,0.000,121,W,0,,,,326643,120.97,0
1023,2372.372,"Mount",-0.044,-0.009,0.013,0.043,0.209,0.000,119,W,0,,,,348422,150.48,0
1024,2374.663,"Mount",-0.337,-0.545,-0.329,0.551,0.016,0.198,9,W,85,S,,,336691,127.70,0
1025,2377.158,"Mount",-0.212,0.078,0.167,0.152,0.223,0.063,128,W,27,S,,,354827,139.47,0
1026,2379.345,"Mount",-0.049,0.111,0.121,-0.008,0.157,0.000,90,W,0,,,,350738,131.48,0
1027,2381.700,"Mount",0.028,0.039,0.021,-0.042,0.064,0.000,37,W,0,,,,344896,131.96,0
1028,2383.947,"Mount",0.156,0.093,0.011,-0.181,0.082,-0.065,47,W,28,N,,,338704,124.91,0
1029,2386.359,"Mount",0.119,0.088,0.023,-0.146,0.062,-0.055,35,W,24,N,,,372293,162.50,0
1030,2388.526,"Mount",0.110,0.101,0.039,-0.144,0.054,-0.054,31,W,23,N,,,357848,155.42,0
1031,2390.938,"Mount",0.205,-0.092,-0.176,-0.139,-0.043,-0.052,25,E,22,N,,,345891,126.07,0
1032,2393.137,"Mount",0.142,-0.060,-0.118,-0.098,-0.031,-0.037,18,E,16,N,,,338558,112.74,0
1033,2395.593,"Mount",0.189,-0.089,-0.166,-0.126,-0.061,-0.047,35,E,20,N,,,356745,146.10,0
1034,2397.809,"Mount",0.084,-0.098,-0.126,-0.029,-0.072,0.000,41,E,0,,,,360168,151.15,0
1035,2400.114,"Mount",-0.010,-0.036,-0.027,0.025,-0.035,0.000,20,E,0,,,,349853,130.33,0
1036,2402.324,"Mount",-0.013,-0.144,-0.122,0.078,-0.088,0.028,50,E,12,S,,,322554,115.49,0
1037,2404.720,"Mount",0.074,-0.101,-0.124,-0.020,-0.106,0.000,61,E,0,,,,344844,134.26,0
1038,2406.933,"Mount",0.110,-0.044,-0.089,-0.077,-0.080,-0.028,46,E,12,N,,,342443,118.49,0
1039,2409.382,"Mount",-0.044,-0.187,-0.145,0.125,-0.087,0.044,50,E,19,S,,,332525,129.91,0
1040,2411.476,"Mount",-0.033,0.035,0.046,0.013,-0.016,0.000,9,E,0,,,,324591,136.11,0
1041,2413.812,"Mount",-0.038,0.061,0.072,0.006,0.025,0.000,14,W,0,,,,322336,121.57,0
1042,2415.931,"Mount",-0.027,0.031,0.040,0.010,-0.009,0.000,5,E,0,,,,354452,160.27,0
1043,2418.251,"Mount",0.056,-0.035,-0.057,-0.034,0.003,0.000,2,W,0,,,,335512,147.76,0
1044,2420.399,"Mount",0.072,0.051,0.012,-0.087,0.010,-0.031,6,W,13,N,,,324605,143.53,0
1045,2422.802,"Mount",-0.058,-0.124,-0.083,0.109,-0.032,0.038,18,E,16,S,,,330327,131.58,0
1046,2424.920,"Mount",-0.032,-0.058,-0.037,0.055,0.007,0.000,4,W,0,,,,346005,140.34,0
1047,2427.339,"Mount",-0.050,-0.142,-0.103,0.110,-0.042,0.040,24,E,17,S,,,325889,124.34,0
1048,2429.473,"Mount",-0.016,0.150,0.141,-0.055,0.069,0.000,39,W,0,,,,342617,132.62,0
1049,2431.793,"Mount",0.034,0.056,0.034,-0.056,0.003,0.000,1,W,0,,,,324977,163.05,0
1050,2433.943,"Mount",-0.019,0.046,0.050,-0.004,0.004,0.000,3,W,0,,,,324159,134.67,0
1051,2436.236,"Mount",0.039,0.041,0.018,-0.053,-0.005,0.000,3,E,0,,,,348642,149.92,0
1052,2438.376,"Mount",-0.099,0.040,0.081,0.069,0.034,0.025,20,W,11,S,,,344954,135.30,0
1053,2440.817,"Mount",0.108,0.007,-0.044,-0.099,-0.003,-0.035,2,E,15,N,,,344082,134.85,0
1054,2443.023,"Mount",0.197,-0.010,-0.099,-0.170,-0.047,-0.063,27,E,27,N,,,336963,133.34,0
1055,2445.302,"Mount",0.002,-0.055,-0.050,0.024,0.004,0.000,2,W,0,,,,363306,166.30,0
1056,2447.423,"Mount",0.033,0.020,0.002,-0.038,0.007,0.000,4,W,0,,,,320140,121.68,0
1057,2449.792,"Mount",0.012,-0.162,-0.149,0.064,-0.073,0.023,42,E,10,S,,,309475,116.87,0
1058,2451.919,"Mount",0.079,-0.063,-0.092,-0.041,-0.057,0.000,33,E,0,,,,320815,133.95,0
1059,2454.302,"Mount",0.055,0.115,0.076,-0.102,0.012,-0.037,7,W,16,N,,,310670,123.15,0
1060,2456.388,"Mount",0.007,0.011,0.007,-0.012,-0.021,0.000,12,E,0,,,,348478,131.33,0
1061,2458.751,"Mount",0.015,0.113,0.094,-0.065,0.029,-0.024,16,W,10,N,,,311658,117.57,0
1062,2460.821,"Mount",-0.028,0.032,0.041,0.010,-0.006,0.000,4,E,0,,,,313768,124.15,0
1063,2463.169,"Mount",-0.053,0.145,0.153,-0.020,0.081,0.000,47,W,0,,,,363771,143.08,0
1064,2465.256,"Mount",-0.048,0.034,0.052,0.027,0.024,0.000,13,W,0,,,,340906,125.17,0
1065,2467.580,"Mount",-0.033,-0.011,0.005,0.035,0.039,0.000,22,W,0,,,,343327,118.21,0
1066,2469.745,"Mount",-0.088,-0.018,0.025,0.086,0.054,0.031,31,W,13,S,,,350289,143.08,0
1067,2472.099,"Mount",0.027,0.020,0.005,-0.033,0.064,0.000,36,W,0,,,,330245,119.25,0
1068,2474.237,"Mount",0.044,-0.026,-0.043,-0.027,0.052,0.000,30,W,0,,,,352074,138.22,0
1069,2476.614,"Mount",-0.049,-0.119,-0.083,0.099,0.008,0.036,5,W,15,S,,,332862,123.72,0
1070,2478.750,"Mount",0.072,-0.097,-0.119,-0.019,-0.025,0.000,15,E,0,,,,340289,141.43,0
1071,2481.151,"Mount",-0.040,-0.067,-0.041,0.066,0.016,0.024,9,W,10,S,,,320114,126.97,0
1072,2483.289,"Mount",0.001,-0.096,-0.086,0.043,-0.035,0.000,20,E,0,,,,321575,124.09,0
1073,2485.615,"Mount",0.004,-0.027,-0.026,0.008,-0.008,0.000,5,E,0,,,,314931,122.18,0
1074,2487.758,"Mount",0.099,-0.009,-0.054,-0.084,-0.017,-0.030,10,E,13,N,,,325481,149.37,0
1075,2490.192,"Mount",0.150,-0.039,-0.104,-0.115,-0.084,-0.042,48,E,18,N,,,316389,128.66,0
1076,2492.363,"Mount",0.115,-0.189,-0.221,-0.014,-0.150,0.000,86,E,0,,,,303290,124.03,0
1077,2494.896,"Mount",0.128,-0.053,-0.106,-0.089,-0.113,-0.032,65,E,14,N,,,298594,117.76,0
1078,2497.156,"Mount",0.109,-0.139,-0.173,-0.033,-0.155,0.000,88,E,0,,,,326232,137.39,0
1079,2499.488,"Mount",0.050,-0.071,-0.086,-0.012,-0.127,0.000,73,E,0,,,,334800,130.44,0
1080,2501.653,"Mount",0.078,-0.071,-0.099,-0.036,-0.134,0.000,77,E,0,,,,361502,141.72,0
1081,2504.045,"Mount",-0.010,-0.083,-0.069,0.047,-0.139,0.000,80,E,0,,,,346191,138.12,0
1082,2506.296,"Mount",0.134,-0.057,-0.113,-0.093,-0.157,-0.033,90,E,14,N,,,367406,138.90,0
1083,2508.713,"Mount",0.073,-0.094,-0.117,-0.022,-0.185,0.000,106,E,0,,,,335945,128.36,0
1084,2510.934,"Mount",0.014,-0.139,-0.130,0.052,-0.184,0.000,105,E,0,,,,321739,133.05,0
1085,2513.391,"Mount",0.091,0.006,-0.037,-0.084,-0.124,-0.030,71,E,13,N,,,319955,121.53,0
1086,2515.621,"Mount",0.059,0.035,0.004,-0.069,-0.108,-0.026,62,E,11,N,,,353826,130.09,0
1087,2518.004,"Mount",-0.061,0.004,0.032,0.052,-0.089,0.000,51,E,0,,,,355122,140.63,0
1088,2520.106,"Mount",-0.077,0.090,0.115,0.027,-0.017,0.000,10,E,0,,,,357060,142.87,0
1089,2522.615,"Mount",-0.044,-0.139,-0.103,0.104,-0.110,0.037,63,E,16,S,,,351534,129.67,0
1090,2524.789,"Mount",-0.160,-0.076,0.006,0.177,-0.040,0.065,23,E,28,S,,,335201,115.93,0
1091,2527.187,"Mount",0.034,0.077,0.052,-0.066,-0.037,-0.021,21,E,9,N,,,345811,125.53,0
1092,2529.319,"Mount",-0.007,0.143,0.130,-0.060,0.019,0.000,11,W,0,,,,342032,149.54,0
1093,2531.674,"Mount",-0.035,0.000,0.016,0.031,-0.040,0.000,23,E,0,,,,328015,129.55,0
1094,2533.844,"Mount",-0.053,-0.035,-0.007,0.063,-0.042,0.023,24,E,10,S,,,360629,146.99,0
1095,2536.238,"Mount",0.069,0.075,0.035,-0.096,-0.042,-0.034,24,E,14,N,,,328453,121.49,0
1096,2538.308,"Mount",-0.022,0.106,0.104,-0.029,-0.007,0.000,4,E,0,,,,344913,127.12,0
1097,2540.781,"Mount",-0.059,-0.261,-0.204,0.173,-0.144,0.062,82,E,27,S,,,330177,130.70,0
1098,2542.910,"Mount",0.059,0.004,-0.023,-0.054,-0.054,0.000,31,E,0,,,,352897,132.52,0
1099,2545.286,"Mount",0.045,-0.098,-0.108,0.005,-0.108,0.000,62,E,0,,,,320069,113.71,0
1100,2547.421,"Mount",0.037,0.004,-0.014,-0.035,-0.075,0.000,43,E,0,,,,346718,139.22,0
1101,2549.851,"Mount",0.092,-0.164,-0.188,-0.006,-0.187,0.000,107,E,0,,,,346859,119.96,0
1102,2552.085,"Mount",0.109,-0.044,-0.089,-0.077,-0.159,-0.028,91,E,12,N,,,356244,134.79,0
1103,2554.530,"Mount",0.077,0.045,0.005,-0.089,-0.143,-0.033,82,E,14,N,,,353796,123.94,0
1104,2556.887,"Mount",0.107,0.027,-0.025,-0.107,-0.161,-0.040,92,E,17,N,,,359134,135.16,0
1105,2559.437,"Mount",0.204,-0.201,-0.272,-0.089,-0.298,-0.033,171,E,14,N,,,341081,134.28,0
1106,2561.681,"Mount",0.114,-0.202,-0.232,-0.008,-0.279,0.000,160,E,0,,,,344223,126.72,0
1107,2564.252,"Mount",0.229,-0.006,-0.111,-0.201,-0.256,-0.072,146,E,31,N,,,352191,145.89,0
1108,2566.461,"Mount",0.070,-0.205,-0.214,0.033,-0.286,0.000,164,E,0,,,,368585,149.88,0
1109,2568.915,"Mount",0.060,-0.084,-0.102,-0.014,-0.227,0.000,130,E,0,,,,336309,133.75,0
1110,2571.251,"Mount",0.112,-0.274,-0.295,0.027,-0.296,0.000,169,E,0,,,,328157,131.02,0
1111,2573.694,"Mount",-0.011,-0.052,-0.041,0.034,-0.194,0.000,111,E,0,,,,358458,129.72,0
1112,2578.132,"Mount",-0.049,-0.130,-0.092,0.104,-0.301,0.037,172,E,16,S,,,349542,135.15,0
1113,2580.306,"Mount",0.022,0.006,-0.005,-0.022,-0.198,0.000,113,E,0,,,,321125,132.80,0
INFO: SET LOCK POSITION, new lock pos = 319.326, 32.931
INFO: DITHER by -5.090, 13.463, new lock pos = 305.031, 31.250
INFO: SETTLING STATE CHANGE, Settling started
1114,2591.372,"Mount",14.294,1.681,-5.090,-13.463,-5.090,-13.463,2910,E,5758,N,,,317391,134.93,0
1115,2593.733,"Mount",-0.089,0.080,0.112,0.042,0.050,0.000,29,W,0,,,,339749,125.16,0
1116,2595.929,"Mount",0.063,0.038,0.005,-0.073,0.002,-0.026,1,W,11,N,,,335156,120.80,0
1117,2598.269,"Mount",0.046,-0.107,-0.116,0.008,-0.052,0.000,30,E,0,,,,353988,144.67,0
1118,2600.433,"Mount",0.001,-0.162,-0.144,0.074,-0.065,0.027,37,E,11,S,,,353192,121.69,0
1119,2602.715,"Mount",-0.050,-0.025,0.001,0.056,0.000,0.000,0,,0,,,,331015,124.90,0
1120,2604.952,"Mount",-0.151,-0.251,-0.153,0.249,-0.069,0.090,39,E,38,S,,,312269,123.30,0
1121,2607.300,"Mount",-0.063,0.027,0.053,0.043,0.024,0.000,14,W,0,,,,338799,150.20,0
1122,2609.473,"Mount",0.128,-0.161,-0.202,-0.039,-0.091,0.000,52,E,0,,,,312295,117.52,0
1123,2611.830,"Mount",0.060,-0.056,-0.078,-0.028,-0.035,0.000,20,E,0,,,,318362,132.05,0
INFO: SETTLING STATE CHANGE, Settling complete
1124,2614.027,"Mount",-0.116,0.024,0.075,0.092,0.034,0.033,19,W,14,S,,,327712,131.47,0
Guiding Ends at 2026-05-18 22:26:36

Guiding Begins at 2026-05-18 22:27:12
Equipment Profile = 60mmGuide
Dither = both axes, Dither scale = 1.000, Image noise reduction = none, Guide-frame time lapse = 0, Server enabled
Pixel scale = 3.22 arc-sec/px, Binning = 1, Focal length = 240 mm
Search region = 25 px, Star mass tolerance = 50.0%, Multi-star mode, list size = 12
 Camera = ZWO ASI120MM Mini, gain = 37, full size = 1280 x 960, have dark, dark dur = 2000, no defect map, pixel size = 3.8 um
Exposure = 2000 ms
Mount = iOptron CEM120,70,40,26, GEM, HEM, HAE, HAZ series and SkyHunter Mount (ASCOM), connected, guiding enabled, xAngle = 117.4, xRate = 1.749, yAngle = -152.7, yRate = 2.338, parity = +/+
Norm rates RA = 8.3"/s @ dec 0, Dec = 7.5"/s; ortho.err. = 0.1 deg
X guide algorithm = Predictive PEC, Control gain = 0.450
Prediction gain = 0.750
Minimum move = 0.060
Hyperparameters
	Length scale long range SE kernel = 700.000
	Signal variance long range SE kernel = 20.000
	Length scale periodic kernel = 10.000
	Signal variance periodic kernel = 20.000
	Length scale short range SE kernel = 25.000
	Signal variance short range SE kernel = 10.000
	Period length periodic kernel = 348.000
	FFT called after = 2.000 worm cycles
	Auto-adjust period length = Off
Y guide algorithm = Hysteresis, Hysteresis = 0.100, Aggression = 0.400, Minimum move = 0.060
Backlash comp = disabled, pulse = 100 ms
Max RA duration = 2500, Max DEC duration = 2500, DEC guide mode = Auto
RA Guide Speed = 7.5 a-s/s, Dec Guide Speed = 7.5 a-s/s, Cal Dec = 0.0, Last Cal Issue = None, Timestamp = 7/29/2025 9:33:42 PM
RA = 13.52 hr, Dec = 47.1 deg, Hour angle = -0.90 hr, Pier side = West, Rotator pos = N/A, Alt = 71.4 deg, Az = 29.9 deg
Lock position = 786.998, 214.436, Star position = 786.998, 214.436, HFD = 4.92 px
Frame,Time,mount,dx,dy,RARawDistance,DECRawDistance,RAGuideDistance,DECGuideDistance,RADuration,RADirection,DECDuration,DECDirection,XStep,YStep,StarMass,SNR,ErrorCode
INFO: SETTLING STATE CHANGE, Settling started
1,2.298,"Mount",-0.073,-0.046,-0.007,0.085,-0.003,0.031,2,E,13,S,,,287530,113.24,0
2,4.668,"Mount",-0.042,0.200,0.197,-0.055,0.089,0.000,51,W,0,,,,303161,118.77,0
3,6.887,"Mount",-0.166,0.352,0.389,-0.016,0.175,0.000,100,W,0,,,,318484,156.48,0
4,9.250,"Mount",0.056,0.081,0.046,-0.087,0.021,-0.031,12,W,13,N,,,298638,128.95,0
5,11.522,"Mount",-0.145,0.428,0.446,-0.069,0.201,-0.026,115,W,11,N,,,314809,143.01,0
6,13.970,"Mount",0.036,0.280,0.232,-0.162,0.104,-0.059,60,W,25,N,,,320776,151.44,0
7,16.181,"Mount",0.004,0.165,0.145,-0.080,0.065,-0.031,37,W,13,N,,,303801,148.04,0
8,18.627,"Mount",-0.015,0.312,0.283,-0.131,0.128,-0.048,73,W,21,N,,,303832,132.39,0
9,20.784,"Mount",-0.117,0.074,0.120,0.070,0.054,0.023,31,W,10,S,,,316009,130.79,0
INFO: SETTLING STATE CHANGE, Settling complete
10,23.101,"Mount",0.007,0.041,0.033,-0.025,0.015,0.000,9,W,0,,,,314730,128.54,0
11,25.227,"Mount",0.058,-0.093,-0.110,-0.008,-0.070,0.000,40,E,0,,,,307846,128.38,0
12,27.637,"Mount",-0.174,-0.106,-0.014,0.204,-0.030,0.073,17,E,31,S,,,305525,140.93,0
13,29.800,"Mount",0.040,0.155,0.119,-0.108,0.016,-0.036,9,W,15,N,,,314701,133.96,0
14,32.233,"Mount",0.056,0.153,0.110,-0.120,0.023,-0.045,13,W,19,N,,,308199,130.37,0
15,34.396,"Mount",-0.127,-0.096,-0.027,0.157,-0.025,0.055,14,E,23,S,,,317629,125.15,0
16,36.733,"Mount",-0.026,-0.062,-0.043,0.052,-0.004,0.000,3,E,0,,,,321302,141.39,0
17,38.849,"Mount",-0.026,-0.009,0.004,0.027,0.028,0.000,16,W,0,,,,297973,122.72,0
18,41.200,"Mount",-0.043,0.012,0.030,0.033,0.060,0.000,34,W,0,,,,304999,127.10,0
19,43.378,"Mount",-0.028,0.170,0.164,-0.053,0.151,0.000,86,W,0,,,,284706,121.57,0
20,45.830,"Mount",-0.070,-0.027,0.008,0.075,0.106,0.027,61,W,12,S,,,304521,131.55,0
21,48.044,"Mount",-0.063,0.200,0.206,-0.036,0.217,0.000,124,W,0,,,,298744,135.40,0
22,50.429,"Mount",-0.045,0.042,0.058,0.020,0.142,0.000,81,W,0,,,,308428,130.69,0
23,52.643,"Mount",0.006,0.087,0.075,-0.045,0.190,0.000,109,W,0,,,,307951,122.77,0
24,55.054,"Mount",-0.021,0.127,0.123,-0.040,0.229,0.000,131,W,0,,,,316478,141.95,0
25,57.246,"Mount",-0.066,0.200,0.208,-0.034,0.262,0.000,150,W,0,,,,307832,123.58,0
26,59.799,"Mount",-0.005,0.246,0.221,-0.110,0.285,-0.039,163,W,17,N,,,310974,127.86,0
27,62.101,"Mount",-0.136,0.257,0.291,0.002,0.314,0.000,180,W,0,,,,298684,142.98,0
28,64.543,"Mount",0.014,-0.004,-0.010,-0.010,0.187,0.000,107,W,0,,,,313732,156.91,0
29,66.762,"Mount",-0.015,-0.049,-0.037,0.036,0.183,0.000,104,W,0,,,,321510,124.77,0
30,69.224,"Mount",0.083,0.024,-0.017,-0.085,0.183,-0.031,105,W,13,N,,,310673,133.86,0
31,71.435,"Mount",-0.017,0.059,0.061,-0.012,0.197,0.000,113,W,0,,,,317503,121.45,0
32,73.897,"Mount",0.064,0.068,0.031,-0.088,0.155,-0.032,89,W,14,N,,,323866,116.68,0
33,76.089,"Mount",0.108,-0.082,-0.123,-0.058,0.061,0.000,35,W,0,,,,335658,140.09,0
34,78.415,"Mount",0.042,-0.104,-0.112,0.011,0.035,0.000,20,W,0,,,,305943,137.92,0
35,80.641,"Mount",-0.076,-0.066,-0.023,0.098,0.061,0.035,35,W,15,S,,,324956,124.48,0
36,83.013,"Mount",-0.056,-0.117,-0.078,0.104,-0.004,0.039,2,E,17,S,,,320356,119.43,0
37,85.208,"Mount",-0.007,-0.134,-0.115,0.068,-0.056,0.026,32,E,11,S,,,321140,136.42,0
38,87.549,"Mount",-0.055,0.045,0.065,0.028,0.015,0.000,9,W,0,,,,299801,123.12,0
39,89.680,"Mount",0.028,0.067,0.046,-0.055,-0.027,0.000,16,E,0,,,,337249,138.33,0
40,92.090,"Mount",0.171,0.189,0.089,-0.239,0.003,-0.086,2,W,37,N,,,300772,132.45,0
41,94.190,"Mount",-0.032,0.042,0.052,0.009,-0.020,0.000,12,E,0,,,,328623,144.54,0
42,96.576,"Mount",-0.044,0.118,0.125,-0.016,0.026,0.000,15,W,0,,,,313347,126.62,0
43,98.726,"Mount",-0.033,0.139,0.138,-0.035,0.046,0.000,26,W,0,,,,323536,145.73,0
44,101.175,"Mount",0.069,0.008,-0.025,-0.065,-0.016,-0.023,9,E,10,N,,,321925,126.73,0
45,103.471,"Mount",-0.070,-0.203,-0.148,0.156,-0.076,0.055,44,E,24,S,,,334899,138.06,0
46,105.877,"Mount",-0.006,-0.147,-0.128,0.073,-0.061,0.028,35,E,12,S,,,344638,133.12,0
47,107.892,"Mount",-0.028,-0.038,-0.021,0.042,0.001,0.000,0,,0,,,,344841,129.24,0
48,110.256,"Mount",0.021,0.110,0.088,-0.070,0.026,-0.025,15,W,11,N,,,325832,144.68,0
49,112.299,"Mount",0.022,-0.022,-0.029,-0.010,-0.014,0.000,8,E,0,,,,347461,159.10,0
50,114.558,"Mount",0.036,0.016,-0.002,-0.040,0.001,0.000,0,,0,,,,331830,130.78,0
51,116.720,"Mount",0.069,0.007,-0.026,-0.065,0.006,-0.023,4,W,10,N,,,325660,141.67,0
52,119.145,"Mount",0.039,0.146,0.111,-0.102,0.056,-0.038,32,W,16,N,,,343732,147.90,0
53,121.229,"Mount",-0.064,0.031,0.057,0.042,0.009,0.000,5,W,0,,,,334911,124.18,0
54,123.559,"Mount",0.014,0.000,-0.006,-0.012,0.007,0.000,4,W,0,,,,341627,157.90,0
55,125.657,"Mount",0.017,0.016,0.006,-0.022,0.009,0.000,5,W,0,,,,332142,128.22,0
56,127.886,"Mount",-0.014,-0.025,-0.016,0.023,-0.000,0.000,0,,0,,,,313790,122.60,0
57,129.991,"Mount",0.063,-0.117,-0.133,-0.002,-0.065,0.000,37,E,0,,,,299279,114.75,0
58,132.294,"Mount",-0.018,0.102,0.099,-0.032,0.038,0.000,21,W,0,,,,325641,130.62,0
59,134.359,"Mount",-0.078,0.114,0.137,0.016,0.047,0.000,27,W,0,,,,346988,145.46,0
60,136.657,"Mount",-0.037,0.089,0.097,-0.008,0.029,0.000,16,W,0,,,,325474,116.92,0
61,138.746,"Mount",-0.025,0.090,0.091,-0.020,0.034,0.000,19,W,0,,,,331209,139.09,0
62,141.092,"Mount",-0.072,-0.023,0.013,0.075,-0.001,0.027,1,E,11,S,,,353761,138.69,0
63,143.159,"Mount",-0.000,0.060,0.053,-0.027,0.002,0.000,1,W,0,,,,326709,140.86,0
64,145.526,"Mount",-0.079,-0.076,-0.031,0.105,0.001,0.038,1,W,16,S,,,364354,169.20,0
65,147.769,"Mount",-0.159,-0.362,-0.248,0.308,-0.121,0.112,69,E,48,S,,,348737,149.99,0
66,150.207,"Mount",0.108,0.229,0.154,-0.201,0.059,-0.068,33,W,29,N,,,342161,134.45,0
67,152.303,"Mount",-0.025,0.138,0.134,-0.041,0.055,0.000,31,W,0,,,,348120,133.57,0
68,154.740,"Mount",0.060,0.031,-0.000,-0.067,-0.005,-0.024,3,E,10,N,,,317436,125.82,0
69,156.932,"Mount",0.140,-0.021,-0.083,-0.115,-0.025,-0.042,15,E,18,N,,,315169,132.92,0
70,159.317,"Mount",0.078,-0.007,-0.042,-0.066,0.024,-0.026,14,W,11,N,,,331255,133.95,0
71,161.476,"Mount",0.005,-0.040,-0.038,0.014,0.031,0.000,18,W,0,,,,337998,152.62,0
72,163.822,"Mount",0.064,-0.139,-0.153,0.007,-0.034,0.000,19,E,0,,,,337878,145.75,0
73,165.943,"Mount",0.032,-0.071,-0.078,0.005,0.007,0.000,4,W,0,,,,327467,160.95,0
74,168.261,"Mount",0.020,0.066,0.049,-0.048,0.042,0.000,24,W,0,,,,320119,120.42,0
75,170.379,"Mount",-0.017,0.129,0.122,-0.045,0.088,0.000,50,W,0,,,,323867,134.51,0
76,172.729,"Mount",-0.043,0.023,0.040,0.028,0.024,0.000,14,W,0,,,,332915,134.93,0
77,174.850,"Mount",-0.014,0.080,0.078,-0.025,0.055,0.000,31,W,0,,,,344587,142.95,0
78,177.206,"Mount",0.020,0.008,-0.002,-0.021,0.005,0.000,3,W,0,,,,314977,125.53,0
79,179.321,"Mount",-0.030,0.016,0.028,0.019,-0.007,0.000,4,E,0,,,,309844,130.15,0
80,181.636,"Mount",-0.019,0.071,0.072,-0.016,0.012,0.000,7,W,0,,,,309556,130.09,0
81,183.770,"Mount",0.046,-0.053,-0.068,-0.016,-0.062,0.000,35,E,0,,,,336604,132.79,0
82,186.147,"Mount",0.052,0.016,-0.010,-0.054,-0.045,0.000,26,E,0,,,,336415,141.63,0
83,188.273,"Mount",-0.040,0.037,0.051,0.018,-0.068,0.000,39,E,0,,,,332145,137.43,0
84,190.737,"Mount",-0.016,-0.037,-0.025,0.031,-0.077,0.000,44,E,0,,,,344504,161.96,0
85,192.920,"Mount",0.052,-0.036,-0.056,-0.029,-0.091,0.000,52,E,0,,,,332412,135.96,0
86,195.269,"Mount",0.063,-0.034,-0.059,-0.041,-0.106,0.000,61,E,0,,,,343232,161.62,0
87,197.464,"Mount",0.090,-0.076,-0.109,-0.045,-0.164,0.000,94,E,0,,,,313011,126.91,0
88,199.964,"Mount",-0.016,-0.138,-0.115,0.078,-0.179,0.028,102,E,12,S,,,316724,145.31,0
89,202.134,"Mount",-0.031,0.070,0.076,-0.005,-0.094,0.000,54,E,0,,,,321327,123.12,0
90,204.573,"Mount",0.047,0.126,0.090,-0.100,-0.101,-0.036,58,E,15,N,,,344909,142.78,0
91,206.735,"Mount",0.029,0.050,0.031,-0.049,-0.117,0.000,67,E,0,,,,329115,119.45,0
92,209.033,"Mount",-0.004,0.137,0.123,-0.059,-0.041,0.000,23,E,0,,,,306979,128.05,0
93,211.228,"Mount",0.044,0.089,0.058,-0.080,-0.073,-0.029,42,E,12,N,,,329339,134.14,0
94,213.648,"Mount",0.030,0.072,0.050,-0.060,-0.058,-0.023,33,E,10,N,,,316617,120.19,0
95,215.844,"Mount",0.105,0.014,-0.036,-0.099,-0.044,-0.037,25,E,16,N,,,318366,121.25,0
96,218.184,"Mount",0.010,0.077,0.064,-0.044,-0.011,0.000,6,E,0,,,,327613,143.92,0
97,220.347,"Mount",0.047,0.087,0.056,-0.081,-0.036,-0.029,20,E,13,N,,,316204,128.89,0
98,222.702,"Mount",-0.039,-0.012,0.007,0.040,-0.041,0.000,24,E,0,,,,322630,123.77,0
99,224.909,"Mount",0.030,-0.024,-0.035,-0.016,-0.045,0.000,26,E,0,,,,327250,143.02,0
100,227.292,"Mount",-0.023,-0.120,-0.096,0.076,-0.100,0.027,57,E,12,S,,,335516,132.66,0
101,229.518,"Mount",-0.025,-0.115,-0.090,0.075,-0.105,0.028,60,E,12,S,,,326337,141.29,0
102,231.991,"Mount",-0.112,-0.170,-0.099,0.177,-0.112,0.065,64,E,28,S,,,325671,144.79,0
103,234.136,"Mount",-0.033,0.115,0.117,-0.024,-0.024,0.000,14,E,0,,,,315151,122.92,0
104,236.505,"Mount",0.002,-0.023,-0.022,0.009,-0.078,0.000,45,E,0,,,,321436,129.58,0
105,238.663,"Mount",0.057,-0.115,-0.129,0.003,-0.126,0.000,72,E,0,,,,329346,129.93,0
106,241.115,"Mount",0.087,0.096,0.046,-0.122,-0.077,-0.044,44,E,19,N,,,355670,144.55,0
107,243.310,"Mount",0.031,0.018,0.001,-0.036,-0.092,0.000,53,E,0,,,,328889,126.33,0
108,245.767,"Mount",0.137,-0.047,-0.105,-0.100,-0.155,-0.036,89,E,15,N,,,346716,134.89,0
109,247.982,"Mount",0.097,-0.112,-0.144,-0.035,-0.197,0.000,113,E,0,,,,346083,129.16,0
110,250.395,"Mount",0.098,-0.130,-0.161,-0.027,-0.228,0.000,131,E,0,,,,350250,134.52,0
111,252.699,"Mount",0.096,-0.130,-0.160,-0.025,-0.254,0.000,145,E,0,,,,356864,131.69,0
112,255.230,"Mount",0.133,-0.007,-0.067,-0.115,-0.235,-0.041,135,E,18,N,,,351113,121.59,0
113,257.533,"Mount",0.092,0.004,-0.039,-0.083,-0.212,-0.032,121,E,14,N,,,343797,134.55,0
114,260.054,"Mount",-0.075,-0.070,-0.027,0.099,-0.219,0.034,125,E,15,S,,,342857,132.32,0
115,262.258,"Mount",-0.007,-0.058,-0.048,0.033,-0.200,0.000,114,E,0,,,,339750,138.82,0
116,264.749,"Mount",-0.062,-0.096,-0.056,0.100,-0.181,0.036,104,E,15,S,,,342732,141.90,0
117,267.020,"Mount",0.040,-0.092,-0.100,0.007,-0.215,0.000,123,E,0,,,,324762,129.31,0
118,269.507,"Mount",0.093,0.017,-0.028,-0.091,-0.194,-0.033,111,E,14,N,,,356527,154.79,0
119,271.735,"Mount",-0.017,-0.033,-0.022,0.030,-0.182,0.000,104,E,0,,,,356190,140.77,0
120,274.220,"Mount",-0.105,-0.035,0.017,0.110,-0.183,0.040,104,E,17,S,,,345530,123.44,0
121,276.393,"Mount",0.082,-0.045,-0.078,-0.052,-0.199,0.000,114,E,0,,,,337202,140.14,0
122,278.870,"Mount",0.094,0.109,0.053,-0.133,-0.150,-0.048,86,E,21,N,,,320480,124.88,0
123,281.005,"Mount",-0.047,0.073,0.086,0.008,-0.095,0.000,54,E,0,,,,340831,125.93,0
124,283.479,"Mount",-0.040,-0.152,-0.116,0.106,-0.175,0.038,100,E,16,S,,,345923,141.88,0
125,285.705,"Mount",-0.044,0.017,0.035,0.031,-0.096,0.000,55,E,0,,,,359510,153.73,0
126,288.044,"Mount",-0.019,0.037,0.041,0.000,-0.091,0.000,52,E,0,,,,352748,153.40,0
127,290.217,"Mount",-0.095,0.034,0.074,0.069,-0.027,0.025,16,E,11,S,,,322987,135.16,0
128,292.559,"Mount",-0.006,0.058,0.054,-0.021,-0.041,0.000,24,E,0,,,,341964,136.42,0
129,294.668,"Mount",-0.079,0.154,0.173,-0.001,0.056,0.000,32,W,0,,,,343372,155.68,0
130,297.049,"Mount",-0.082,-0.041,0.001,0.092,-0.008,0.033,5,E,14,S,,,327084,131.85,0
131,299.278,"Mount",-0.049,-0.219,-0.172,0.145,-0.082,0.054,47,E,23,S,,,317142,147.79,0
132,301.580,"Mount",0.075,-0.014,-0.047,-0.060,-0.013,0.000,7,E,0,,,,333716,131.96,0
133,303.773,"Mount",0.169,0.081,-0.006,-0.188,-0.036,-0.068,20,E,29,N,,,343688,117.98,0
134,306.217,"Mount",0.094,0.089,0.035,-0.124,-0.039,-0.048,22,E,20,N,,,324999,125.98,0
135,308.288,"Mount",-0.012,0.076,0.073,-0.025,-0.008,0.000,4,E,0,,,,342491,130.77,0
136,310.624,"Mount",-0.001,-0.016,-0.014,0.008,-0.037,0.000,21,E,0,,,,368557,139.74,0
137,312.772,"Mount",-0.284,-0.062,0.076,0.281,0.000,0.101,0,,43,S,,,330111,119.43,0
138,315.232,"Mount",-0.175,-0.337,-0.219,0.311,-0.124,0.116,71,E,50,S,,,315003,135.95,0
139,317.323,"Mount",-0.023,0.034,0.041,0.005,-0.016,0.000,9,E,0,,,,341581,127.73,0
140,319.824,"Mount",0.013,0.439,0.383,-0.214,0.171,-0.077,98,W,33,N,,,342283,136.44,0
141,322.028,"Mount",0.141,0.190,0.103,-0.213,0.054,-0.080,31,W,34,N,,,340697,152.68,0
142,324.498,"Mount",0.154,0.167,0.077,-0.214,0.065,-0.080,37,W,34,N,,,334033,121.40,0
143,326.673,"Mount",0.054,0.012,-0.014,-0.054,0.052,0.000,30,W,0,,,,336618,128.36,0
144,328.979,"Mount",0.044,0.021,-0.002,-0.049,0.074,0.000,43,W,0,,,,340920,136.73,0
145,331.145,"Mount",-0.028,0.020,0.031,0.015,0.103,0.000,59,W,0,,,,344985,127.93,0
146,333.677,"Mount",-0.602,-0.223,0.079,0.637,0.161,0.229,92,W,98,S,,,360851,149.78,0
147,335.923,"Mount",0.127,0.068,0.002,-0.144,0.117,-0.043,67,W,18,N,,,342047,151.08,0
148,338.396,"Mount",0.040,0.146,0.111,-0.103,0.177,-0.039,101,W,17,N,,,344139,131.26,0
149,340.652,"Mount",0.065,0.101,0.060,-0.104,0.151,-0.039,86,W,17,N,,,348779,126.67,0
150,343.070,"Mount",-0.076,-0.233,-0.171,0.175,0.031,0.062,18,W,26,S,,,326467,130.94,0
151,345.315,"Mount",-0.108,0.022,0.069,0.086,0.141,0.033,81,W,14,S,,,321753,132.47,0
152,347.848,"Mount",0.125,0.337,0.242,-0.267,0.234,-0.095,134,W,40,N,,,339163,148.81,0
153,350.071,"Mount",0.010,0.130,0.111,-0.068,0.172,-0.028,99,W,12,N,,,326037,120.31,0
154,352.466,"Mount",0.003,-0.061,-0.056,0.026,0.137,0.000,79,W,0,,,,350678,138.93,0
155,354.684,"Mount",-0.132,0.004,0.064,0.115,0.167,0.041,95,W,18,S,,,347089,128.38,0
156,357.083,"Mount",0.034,-0.025,-0.037,-0.019,0.131,0.000,75,W,0,,,,348783,126.82,0
157,359.305,"Mount",0.043,0.125,0.091,-0.096,0.154,-0.035,88,W,15,N,,,339928,137.55,0
158,361.760,"Mount",0.164,0.053,-0.029,-0.170,0.101,-0.063,58,W,27,N,,,322597,118.41,0
159,363.895,"Mount",0.072,-0.058,-0.085,-0.037,0.040,0.000,23,W,0,,,,335177,133.27,0
160,366.383,"Mount",0.144,-0.072,-0.130,-0.095,-0.016,-0.034,9,E,15,N,,,357449,149.53,0
161,368.656,"Mount",0.151,-0.023,-0.090,-0.124,-0.033,-0.046,19,E,20,N,,,328583,132.50,0
162,370.994,"Mount",0.052,0.013,-0.013,-0.052,-0.018,0.000,11,E,0,,,,336474,134.21,0
163,373.154,"Mount",-0.116,-0.007,0.047,0.106,-0.027,0.038,16,E,16,S,,,332668,129.44,0
164,375.569,"Mount",-0.119,-0.017,0.040,0.114,-0.049,0.042,28,E,18,S,,,345996,136.31,0
165,377.801,"Mount",-0.093,-0.153,-0.093,0.153,-0.098,0.057,56,E,24,S,,,345437,136.20,0
166,380.204,"Mount",0.057,0.137,0.095,-0.114,-0.011,-0.039,6,E,17,N,,,327109,123.35,0
167,382.265,"Mount",0.006,0.097,0.083,-0.050,0.011,0.000,6,W,0,,,,320173,129.93,0
168,384.615,"Mount",-0.033,0.105,0.108,-0.019,0.053,0.000,30,W,0,,,,341177,135.16,0
169,386.712,"Mount",0.040,-0.051,-0.064,-0.012,0.007,0.000,4,W,0,,,,338040,143.62,0
170,389.039,"Mount",0.004,-0.030,-0.029,0.010,0.073,0.000,42,W,0,,,,330241,126.94,0
171,391.242,"Mount",0.117,0.031,-0.027,-0.118,0.095,-0.042,54,W,18,N,,,352711,144.60,0
172,393.662,"Mount",0.201,-0.111,-0.191,-0.127,0.028,-0.047,16,W,20,N,,,322945,133.55,0
173,395.849,"Mount",0.131,-0.083,-0.134,-0.078,0.065,-0.030,37,W,13,N,,,313595,129.69,0
174,398.272,"Mount",-0.019,0.128,0.122,-0.042,0.203,0.000,116,W,0,,,,338827,131.45,0
175,400.579,"Mount",0.022,0.200,0.167,-0.111,0.214,-0.040,123,W,17,N,,,318750,121.89,0
176,403.026,"Mount",-0.043,-0.049,-0.024,0.061,0.160,0.020,92,W,9,S,,,334700,141.38,0
177,405.219,"Mount",0.031,-0.014,-0.026,-0.021,0.175,0.000,100,W,0,,,,343987,134.32,0
178,407.761,"Mount",-0.111,0.064,0.108,0.069,0.230,0.025,132,W,11,S,,,345511,140.23,0
179,410.022,"Mount",-0.047,0.177,0.179,-0.040,0.260,0.000,148,W,0,,,,325633,130.86,0
180,412.536,"Mount",0.083,0.183,0.124,-0.158,0.248,-0.057,142,W,24,N,,,323133,130.38,0
181,414.794,"Mount",-0.112,0.108,0.148,0.050,0.267,0.000,152,W,0,,,,360556,139.05,0
182,417.224,"Mount",-0.037,-0.026,-0.007,0.045,0.189,0.000,108,W,0,,,,347937,131.33,0
183,419.539,"Mount",-0.124,-0.057,0.007,0.137,0.171,0.049,98,W,21,S,,,342127,137.16,0
184,421.980,"Mount",-0.059,-0.044,-0.012,0.073,0.146,0.028,84,W,12,S,,,312015,126.11,0
185,424.224,"Mount",0.067,0.004,-0.027,-0.062,0.097,-0.021,55,W,9,N,,,332228,126.81,0
186,426.626,"Mount",0.091,0.049,0.001,-0.103,0.068,-0.038,39,W,16,N,,,352538,129.09,0
187,428.757,"Mount",-0.021,-0.015,-0.003,0.026,0.035,0.000,20,W,0,,,,339872,131.24,0
188,431.154,"Mount",0.149,-0.009,-0.077,-0.128,-0.016,-0.046,9,E,20,N,,,348296,135.93,0
189,433.353,"Mount",0.106,-0.049,-0.092,-0.072,-0.025,-0.028,14,E,12,N,,,344930,135.79,0
190,435.768,"Mount",-0.147,0.074,0.133,0.096,0.068,0.033,39,W,14,S,,,351327,137.88,0
191,437.922,"Mount",-0.071,0.005,0.037,0.060,-0.004,0.023,2,E,10,S,,,354986,140.23,0
192,440.333,"Mount",-0.110,-0.151,-0.083,0.168,-0.053,0.061,30,E,26,S,,,350192,138.41,0
193,442.535,"Mount",-0.078,-0.092,-0.046,0.112,-0.031,0.043,18,E,18,S,,,334163,141.84,0
194,444.835,"Mount",-0.055,-0.006,0.020,0.051,-0.034,0.000,20,E,0,,,,342184,140.68,0
195,446.971,"Mount",0.011,-0.008,-0.012,-0.006,-0.030,0.000,17,E,0,,,,328408,131.73,0
196,449.265,"Mount",-0.057,0.018,0.042,0.042,-0.030,0.000,17,E,0,,,,346828,156.60,0
197,451.375,"Mount",-0.059,0.067,0.087,0.021,0.012,0.000,7,W,0,,,,328436,132.87,0
198,453.639,"Mount",-0.019,-0.024,-0.012,0.028,-0.015,0.000,8,E,0,,,,344459,166.21,0
199,455.828,"Mount",0.062,-0.105,-0.121,-0.006,-0.064,0.000,37,E,0,,,,342003,138.49,0
200,458.183,"Mount",0.095,-0.040,-0.079,-0.066,-0.046,-0.024,26,E,10,N,,,333111,135.78,0
201,460.314,"Mount",-0.129,-0.043,0.021,0.135,-0.005,0.048,3,E,20,S,,,357705,140.15,0
202,462.752,"Mount",-0.199,0.081,0.163,0.139,0.077,0.052,44,W,22,S,,,342715,125.78,0
203,464.962,"Mount",-0.079,0.006,0.042,0.068,0.005,0.026,3,W,11,S,,,343192,136.14,0
204,467.329,"Mount",-0.091,0.111,0.141,0.030,0.073,0.000,42,W,0,,,,351272,131.80,0
205,469.556,"Mount",-0.036,-0.229,-0.186,0.138,-0.073,0.050,42,E,21,S,,,330261,136.48,0
206,471.995,"Mount",-0.151,0.152,0.204,0.064,0.101,0.025,58,W,11,S,,,314984,127.62,0
207,474.239,"Mount",0.161,0.286,0.180,-0.275,0.088,-0.098,51,W,42,N,,,330776,132.25,0
208,476.651,"Mount",0.196,0.145,0.038,-0.241,0.002,-0.091,1,W,39,N,,,347073,127.08,0
209,478.840,"Mount",0.131,0.043,-0.023,-0.136,0.007,-0.053,4,W,23,N,,,322209,130.23,0
210,481.177,"Mount",0.011,0.052,0.041,-0.034,0.005,0.000,3,W,0,,,,345362,130.49,0
211,483.275,"Mount",0.022,-0.048,-0.052,0.003,0.002,0.000,1,W,0,,,,328213,134.01,0
212,485.728,"Mount",-0.201,-0.392,-0.255,0.359,-0.118,0.129,67,E,55,S,,,346400,125.16,0
213,487.900,"Mount",0.011,0.150,0.128,-0.079,0.060,-0.023,34,W,10,N,,,349426,155.66,0
214,490.318,"Mount",-0.057,-0.117,-0.077,0.104,-0.040,0.037,23,E,16,S,,,331833,151.10,0
215,492.497,"Mount",0.007,0.122,0.105,-0.063,0.033,-0.021,19,W,9,N,,,353981,142.22,0
216,494.812,"Mount",0.014,0.052,0.040,-0.037,-0.010,0.000,6,E,0,,,,321127,137.89,0
217,497.004,"Mount",0.032,0.121,0.093,-0.084,0.027,-0.030,16,W,13,N,,,342550,129.71,0
218,499.418,"Mount",0.104,-0.033,-0.077,-0.077,-0.040,-0.029,23,E,12,N,,,338005,130.78,0
219,501.611,"Mount",0.143,0.005,-0.061,-0.129,-0.027,-0.048,16,E,20,N,,,315442,128.84,0
220,503.947,"Mount",0.018,-0.009,-0.016,-0.012,0.010,0.000,6,W,0,,,,336712,115.55,0
221,506.064,"Mount",-0.022,0.096,0.096,-0.025,0.059,0.000,34,W,0,,,,339698,145.29,0
222,508.363,"Mount",-0.003,-0.094,-0.082,0.046,-0.010,0.000,6,E,0,,,,338774,133.78,0
223,510.472,"Mount",0.098,-0.117,-0.149,-0.033,-0.039,0.000,22,E,0,,,,310984,130.00,0
224,512.846,"Mount",-0.040,0.097,0.105,-0.010,0.086,0.000,49,W,0,,,,308764,124.99,0
225,514.979,"Mount",0.031,0.013,-0.002,-0.034,0.037,0.000,21,W,0,,,,336392,132.38,0
226,517.342,"Mount",0.035,-0.013,-0.028,-0.025,0.035,0.000,20,W,0,,,,353165,148.10,0
227,519.479,"Mount",0.030,0.000,-0.014,-0.027,0.035,0.000,20,W,0,,,,341711,128.00,0
228,521.800,"Mount",0.086,-0.049,-0.083,-0.054,-0.009,0.000,5,E,0,,,,327670,122.15,0
229,523.962,"Mount",0.059,0.027,-0.004,-0.065,0.018,-0.023,10,W,10,N,,,314487,128.01,0
230,526.288,"Mount",0.094,-0.107,-0.138,-0.034,-0.059,0.000,34,E,0,,,,325122,125.26,0
231,528.450,"Mount",0.044,-0.060,-0.073,-0.012,-0.045,0.000,26,E,0,,,,342061,138.83,0
232,530.922,"Mount",0.164,-0.015,-0.089,-0.139,-0.069,-0.050,40,E,21,N,,,356601,131.78,0
233,533.045,"Mount",0.039,0.027,0.006,-0.047,-0.042,0.000,24,E,0,,,,334838,133.50,0
234,535.370,"Mount",0.011,0.020,0.013,-0.019,-0.070,0.000,40,E,0,,,,317896,131.46,0
235,537.514,"Mount",0.014,-0.065,-0.065,0.017,-0.099,0.000,57,E,0,,,,340166,145.81,0
236,539.894,"Mount",-0.001,-0.092,-0.081,0.043,-0.120,0.000,68,E,0,,,,343832,127.26,0
237,542.039,"Mount",0.038,-0.102,-0.108,0.013,-0.146,0.000,84,E,0,,,,338414,134.53,0
238,544.385,"Mount",0.083,-0.046,-0.079,-0.053,-0.151,0.000,87,E,0,,,,335458,141.68,0
239,546.593,"Mount",0.045,-0.075,-0.087,-0.005,-0.163,0.000,93,E,0,,,,323540,137.54,0
240,548.979,"Mount",0.023,-0.029,-0.036,-0.007,-0.131,0.000,75,E,0,,,,316367,129.76,0
241,551.176,"Mount",0.031,0.000,-0.014,-0.027,-0.137,0.000,78,E,0,,,,337269,145.09,0
242,553.667,"Mount",-0.039,-0.110,-0.080,0.085,-0.163,0.031,93,E,13,S,,,336616,139.46,0
243,555.883,"Mount",0.010,-0.130,-0.120,0.051,-0.158,0.000,91,E,0,,,,349344,136.48,0
244,558.248,"Mount",0.047,0.018,-0.005,-0.050,-0.079,0.000,45,E,0,,,,314869,121.97,0
245,560.365,"Mount",0.050,-0.072,-0.087,-0.011,-0.092,0.000,52,E,0,,,,316943,121.33,0
246,562.734,"Mount",0.016,-0.090,-0.087,0.027,-0.084,0.000,48,E,0,,,,324418,131.59,0
247,564.894,"Mount",0.025,-0.152,-0.146,0.048,-0.103,0.000,59,E,0,,,,331716,147.80,0
248,567.375,"Mount",-0.010,-0.111,-0.094,0.060,-0.075,0.022,43,E,9,S,,,341052,144.74,0
249,569.548,"Mount",-0.200,0.307,0.365,0.036,0.115,0.000,66,W,0,,,,326780,129.35,0
250,571.881,"Mount",-0.059,0.053,0.074,0.028,-0.027,0.000,15,E,0,,,,327599,145.10,0
251,574.047,"Mount",-0.217,-0.007,0.094,0.196,-0.021,0.070,12,E,30,S,,,351946,155.57,0
252,576.420,"Mount",-0.146,0.051,0.112,0.106,-0.026,0.041,15,E,18,S,,,349189,150.74,0
253,578.538,"Mount",0.013,0.073,0.059,-0.045,-0.065,0.000,37,E,0,,,,319102,118.89,0
254,580.979,"Mount",-0.077,-0.035,0.004,0.085,-0.071,0.031,41,E,13,S,,,337155,131.89,0
255,583.181,"Mount",0.078,0.067,0.023,-0.100,-0.065,-0.035,37,E,15,N,,,327033,122.57,0
256,585.584,"Mount",0.030,0.134,0.105,-0.088,-0.012,-0.033,7,E,14,N,,,335076,130.04,0
257,587.692,"Mount",-0.012,0.136,0.126,-0.053,-0.002,0.000,1,E,0,,,,337427,145.50,0
258,590.091,"Mount",0.085,0.135,0.081,-0.137,-0.035,-0.049,20,E,21,N,,,342548,147.77,0
259,592.231,"Mount",-0.018,-0.051,-0.037,0.040,-0.088,0.000,50,E,0,,,,322557,126.40,0
260,594.684,"Mount",0.080,0.098,0.050,-0.116,-0.117,-0.042,67,E,18,N,,,341162,125.03,0
261,596.920,"Mount",0.044,-0.205,-0.202,0.056,-0.231,0.000,132,E,0,,,,334719,168.17,0
262,599.338,"Mount",0.057,0.146,0.104,-0.118,-0.134,-0.043,77,E,18,N,,,321039,147.93,0
263,601.585,"Mount",0.140,0.115,0.038,-0.178,-0.188,-0.066,107,E,28,N,,,327381,117.17,0
264,604.043,"Mount",0.019,-0.065,-0.066,0.013,-0.240,0.000,137,E,0,,,,310634,135.27,0
265,606.257,"Mount",0.007,-0.059,-0.055,0.021,-0.213,0.000,122,E,0,,,,309329,133.56,0
266,608.748,"Mount",0.078,-0.084,-0.110,-0.031,-0.265,0.000,152,E,0,,,,323159,123.38,0
267,611.023,"Mount",0.095,-0.174,-0.198,-0.004,-0.275,0.000,157,E,0,,,,330805,136.49,0
268,613.568,"Mount",0.105,-0.069,-0.109,-0.061,-0.235,-0.022,134,E,9,N,,,330747,153.91,0
269,615.833,"Mount",0.093,-0.156,-0.181,-0.010,-0.277,0.000,158,E,0,,,,315760,124.06,0
270,618.290,"Mount",0.032,-0.088,-0.093,0.012,-0.237,0.000,135,E,0,,,,326797,149.71,0
271,620.474,"Mount",0.010,-0.059,-0.057,0.018,-0.181,0.000,103,E,0,,,,301385,135.18,0
272,622.861,"Mount",0.058,-0.010,-0.035,-0.047,-0.175,0.000,100,E,0,,,,308316,132.02,0
273,627.404,"Mount",-0.013,-0.210,-0.181,0.108,-0.272,0.039,156,E,17,S,,,323361,133.93,0
274,629.622,"Mount",-0.018,-0.132,-0.108,0.077,-0.161,0.029,92,E,13,S,,,308091,120.53,0
INFO: SET LOCK POSITION, new lock pos = 786.998, 214.436
INFO: DITHER by 10.977, 8.385, new lock pos = 774.501, 220.319
INFO: SETTLING STATE CHANGE, Settling started
275,641.845,"Mount",12.497,-5.883,-10.977,-8.385,-10.977,-8.385,6275,E,3586,N,,,302697,122.29,0
276,644.331,"Mount",0.277,-0.586,-0.648,0.025,-0.291,0.000,167,E,0,,,,316439,121.19,0
277,646.582,"Mount",0.337,-0.186,-0.320,-0.213,-0.144,-0.077,82,E,33,N,,,319778,146.95,0
278,648.973,"Mount",0.132,-0.116,-0.164,-0.064,-0.074,-0.026,42,E,11,N,,,295875,136.12,0
279,651.249,"Mount",-0.331,-0.381,-0.185,0.469,-0.083,0.168,48,E,72,S,,,318787,141.48,0
280,653.718,"Mount",0.229,0.051,-0.061,-0.226,-0.027,-0.075,16,E,32,N,,,303233,133.46,0
281,655.880,"Mount",0.040,0.065,0.039,-0.066,0.017,-0.027,10,W,11,N,,,302407,119.20,0
282,658.254,"Mount",0.167,0.120,0.029,-0.203,0.013,-0.074,8,W,32,N,,,316470,155.47,0
283,660.408,"Mount",0.199,0.048,-0.049,-0.198,-0.022,-0.074,13,E,32,N,,,303597,127.65,0
284,662.883,"Mount",0.214,-0.220,-0.294,-0.088,-0.132,-0.035,76,E,15,N,,,313888,141.97,0
285,665.102,"Mount",0.155,0.167,0.076,-0.215,0.034,-0.079,20,W,34,N,,,310227,119.22,0
INFO: SETTLING STATE CHANGE, Settling complete
286,667.516,"Mount",0.095,0.021,-0.025,-0.094,0.034,-0.037,19,W,16,N,,,297526,121.46,0
287,669.656,"Mount",-0.041,-0.022,-0.001,0.047,0.038,0.000,22,W,0,,,,290563,130.31,0
288,671.998,"Mount",0.047,0.029,0.004,-0.055,0.052,0.000,30,W,0,,,,276865,126.55,0
289,674.125,"Mount",0.035,-0.158,-0.157,0.042,-0.003,0.000,2,E,0,,,,293222,130.57,0
290,676.556,"Mount",-0.103,-0.028,0.022,0.105,0.091,0.038,52,W,16,S,,,300445,139.99,0
291,678.782,"Mount",-0.151,-0.486,-0.362,0.359,-0.051,0.131,29,E,56,S,,,313688,134.61,0
292,681.297,"Mount",0.275,0.162,0.017,-0.318,0.121,-0.109,69,W,47,N,,,299262,131.89,0
293,683.507,"Mount",0.006,-0.019,-0.019,0.003,0.119,0.000,68,W,0,,,,280054,116.68,0
294,685.974,"Mount",0.207,0.194,0.077,-0.274,0.160,-0.098,91,W,42,N,,,295015,140.41,0
295,688.131,"Mount",0.039,0.036,0.014,-0.051,0.120,0.000,69,W,0,,,,292797,126.23,0
296,690.478,"Mount",0.087,-0.092,-0.122,-0.034,0.063,0.000,36,W,0,,,,312959,141.44,0
297,692.715,"Mount",-0.074,-0.024,0.013,0.077,0.119,0.028,68,W,12,S,,,287568,124.97,0
298,695.274,"Mount",-0.320,0.076,0.215,0.248,0.233,0.091,133,W,39,S,,,303665,128.00,0
299,697.501,"Mount",-0.038,0.145,0.146,-0.033,0.201,0.000,115,W,0,,,,283285,113.36,0
300,699.987,"Mount",0.163,-0.031,-0.103,-0.130,0.089,-0.047,51,W,20,N,,,276261,137.80,0
301,702.233,"Mount",0.067,0.057,0.020,-0.086,0.132,-0.033,76,W,14,N,,,264355,119.00,0
302,704.569,"Mount",0.061,-0.061,-0.083,-0.026,0.082,0.000,47,W,0,,,,272581,124.27,0
303,706.819,"Mount",0.042,0.132,0.098,-0.098,0.141,-0.035,80,W,15,N,,,285819,129.04,0
304,709.194,"Mount",0.117,0.060,-0.001,-0.132,0.076,-0.049,43,W,21,N,,,285770,125.51,0
305,711.313,"Mount",-0.047,-0.023,0.001,0.052,0.050,0.000,28,W,0,,,,293230,124.41,0
306,713.645,"Mount",-0.004,-0.039,-0.033,0.021,0.016,0.000,9,W,0,,,,316777,130.37,0
307,715.834,"Mount",0.039,0.077,0.051,-0.071,-0.005,-0.025,3,E,11,N,,,291652,128.01,0
308,718.199,"Mount",-0.075,0.014,0.047,0.060,-0.017,0.021,10,E,9,S,,,299929,115.68,0
309,720.379,"Mount",-0.212,-0.088,0.019,0.228,-0.014,0.083,8,E,36,S,,,314396,127.27,0
310,722.747,"Mount",-0.057,-0.086,-0.050,0.091,-0.015,0.036,9,E,15,S,,,329390,127.18,0
311,724.867,"Mount",0.020,-0.053,-0.057,0.007,-0.011,0.000,6,E,0,,,,325351,122.93,0
312,727.229,"Mount",-0.079,0.026,0.059,0.058,-0.007,0.000,4,E,0,,,,325523,148.53,0
313,729.366,"Mount",-0.073,0.060,0.087,0.037,0.045,0.000,26,W,0,,,,329550,147.66,0
314,731.707,"Mount",-0.091,-0.124,-0.068,0.138,0.000,0.050,0,,21,S,,,342995,133.33,0
315,733.906,"Mount",0.101,0.093,0.036,-0.132,0.049,-0.046,28,W,20,N,,,341472,133.27,0
316,736.325,"Mount",0.096,0.079,0.026,-0.122,0.072,-0.046,41,W,20,N,,,350171,127.12,0
317,738.628,"Mount",0.052,0.178,0.134,-0.128,0.146,-0.048,83,W,21,N,,,356374,143.72,0
318,740.952,"Mount",0.036,-0.030,-0.043,-0.018,0.102,0.000,58,W,0,,,,352741,139.84,0
319,743.122,"Mount",-0.003,-0.250,-0.221,0.118,0.021,0.042,12,W,18,S,,,340579,129.05,0
320,745.573,"Mount",-0.237,-0.562,-0.389,0.470,-0.031,0.171,18,E,73,S,,,343271,155.64,0
321,747.756,"Mount",0.015,-0.048,-0.050,0.009,0.155,0.000,89,W,0,,,,333600,129.41,0
322,750.364,"Mount",0.102,0.449,0.351,-0.298,0.333,-0.107,190,W,46,N,,,338307,142.30,0
323,752.735,"Mount",0.057,0.307,0.247,-0.192,0.284,-0.073,162,W,31,N,,,333813,124.86,0
324,755.297,"Mount",-0.078,0.092,0.118,0.027,0.242,0.000,138,W,0,,,,349582,130.30,0
325,757.616,"Mount",-0.170,0.036,0.110,0.135,0.251,0.048,144,W,21,S,,,361856,153.45,0
326,760.080,"Mount",-0.111,0.100,0.140,0.052,0.271,0.000,155,W,0,,,,380223,139.46,0
327,762.292,"Mount",-0.045,0.004,0.024,0.038,0.185,0.000,106,W,0,,,,339942,148.75,0
328,764.772,"Mount",0.065,0.078,0.039,-0.094,0.170,-0.034,97,W,14,N,,,346569,127.08,0
329,767.009,"Mount",0.048,0.084,0.053,-0.081,0.132,-0.031,76,W,13,N,,,355706,140.47,0
330,769.451,"Mount",0.004,0.131,0.115,-0.064,0.155,-0.024,89,W,10,N,,,368809,154.77,0
331,771.583,"Mount",0.031,0.002,-0.012,-0.029,0.063,0.000,36,W,0,,,,366056,135.36,0
332,774.021,"Mount",-0.090,0.076,0.109,0.044,0.088,0.000,50,W,0,,,,337493,129.48,0
333,776.310,"Mount",-0.145,0.100,0.156,0.082,0.099,0.030,56,W,13,S,,,353654,143.99,0
334,778.824,"Mount",-0.441,0.334,0.500,0.237,0.241,0.086,138,W,37,S,,,357155,158.84,0
335,781.005,"Mount",-0.065,0.240,0.243,-0.053,0.130,0.000,74,W,0,,,,339550,138.17,0
336,783.388,"Mount",0.060,0.022,-0.008,-0.063,0.015,-0.023,9,W,10,N,,,360944,135.42,0
337,785.494,"Mount",-0.054,0.012,0.036,0.042,0.013,0.000,8,W,0,,,,333171,133.12,0
338,787.831,"Mount",-0.081,0.028,0.062,0.059,0.034,0.000,19,W,0,,,,336237,151.81,0
339,790.005,"Mount",0.094,-0.006,-0.049,-0.080,-0.003,-0.029,1,E,12,N,,,343938,153.70,0
340,792.357,"Mount",-0.162,0.278,0.322,0.016,0.119,0.000,68,W,0,,,,328049,131.03,0
341,794.548,"Mount",0.081,0.012,-0.027,-0.078,-0.025,-0.028,15,E,12,N,,,339251,136.78,0
342,796.879,"Mount",0.043,0.001,-0.019,-0.038,-0.023,0.000,13,E,0,,,,339072,134.93,0
343,799.000,"Mount",0.050,0.020,-0.005,-0.054,-0.016,0.000,9,E,0,,,,323858,129.26,0
344,801.495,"Mount",0.339,-0.102,-0.246,-0.254,-0.123,-0.091,70,E,39,N,,,336010,132.06,0
345,803.682,"Mount",-0.053,-0.194,-0.147,0.136,-0.076,0.045,43,E,19,S,,,340460,139.83,0
346,806.056,"Mount",-0.069,0.029,0.058,0.048,-0.008,0.000,5,E,0,,,,319884,135.00,0
347,808.183,"Mount",0.107,-0.075,-0.115,-0.060,-0.055,0.000,31,E,0,,,,345084,146.50,0
348,810.623,"Mount",-0.167,-0.267,-0.160,0.271,-0.066,0.098,38,E,42,S,,,349306,153.43,0
349,812.775,"Mount",0.119,0.068,0.006,-0.137,0.005,-0.045,3,W,19,N,,,332131,135.81,0
350,815.186,"Mount",0.010,0.199,0.172,-0.101,0.083,-0.038,48,W,16,N,,,337894,143.77,0
351,817.223,"Mount",0.045,-0.002,-0.022,-0.039,0.000,0.000,0,,0,,,,314921,119.96,0
352,819.641,"Mount",-0.085,-0.012,0.028,0.082,-0.004,0.029,2,E,13,S,,,318902,117.32,0
353,821.753,"Mount",-0.030,-0.035,-0.017,0.043,0.005,0.000,3,W,0,,,,343263,139.60,0
354,824.062,"Mount",-0.041,-0.018,0.003,0.045,0.004,0.000,2,W,0,,,,327782,159.85,0
355,826.258,"Mount",-0.094,-0.159,-0.097,0.157,-0.044,0.056,25,E,24,S,,,323725,121.40,0
356,828.710,"Mount",0.028,0.170,0.139,-0.103,0.061,-0.035,35,W,15,N,,,324175,125.91,0
357,830.858,"Mount",-0.070,0.141,0.157,-0.003,0.067,0.000,38,W,0,,,,345868,128.00,0
358,833.365,"Mount",0.218,0.511,0.353,-0.429,0.156,-0.154,89,W,66,N,,,323802,125.63,0
359,835.632,"Mount",0.178,0.285,0.171,-0.290,0.087,-0.110,50,W,47,N,,,337661,129.45,0
360,838.045,"Mount",-0.079,0.033,0.066,0.055,0.039,0.000,22,W,0,,,,305349,121.77,0
361,840.171,"Mount",-0.080,0.140,0.161,0.006,0.075,0.000,43,W,0,,,,326641,145.53,0
362,842.490,"Mount",-0.039,-0.022,-0.001,0.045,0.006,0.000,3,W,0,,,,343525,128.32,0
363,844.653,"Mount",-0.037,-0.041,-0.019,0.052,0.005,0.000,3,W,0,,,,362205,122.74,0
364,846.942,"Mount",0.081,-0.076,-0.105,-0.037,-0.047,0.000,27,E,0,,,,346945,162.93,0
365,849.069,"Mount",-0.015,-0.064,-0.050,0.043,0.007,0.000,4,W,0,,,,317307,126.59,0
366,851.547,"Mount",-0.081,-0.347,-0.271,0.232,-0.113,0.084,64,E,36,S,,,347974,150.11,0
367,853.708,"Mount",-0.124,0.029,0.083,0.097,0.054,0.038,31,W,16,S,,,324179,128.30,0
368,856.035,"Mount",-0.051,0.035,0.054,0.029,0.023,0.000,13,W,0,,,,337488,139.77,0
369,858.136,"Mount",0.046,-0.006,-0.027,-0.038,0.027,0.000,15,W,0,,,,333056,138.68,0
370,860.571,"Mount",0.159,0.032,-0.045,-0.155,0.046,-0.056,26,W,24,N,,,322256,129.93,0
371,862.740,"Mount",0.121,-0.059,-0.108,-0.080,-0.008,-0.031,4,E,13,N,,,334721,141.24,0
372,865.073,"Mount",0.071,-0.018,-0.049,-0.055,0.033,0.000,19,W,0,,,,339121,144.98,0
373,867.193,"Mount",-0.019,-0.068,-0.052,0.048,0.020,0.000,11,W,0,,,,320171,118.12,0
374,869.545,"Mount",-0.007,-0.066,-0.055,0.037,0.007,0.000,4,W,0,,,,336949,129.12,0
375,871.695,"Mount",-0.079,0.166,0.184,-0.006,0.074,0.000,42,W,0,,,,319615,126.50,0
376,874.015,"Mount",-0.044,0.119,0.126,-0.016,0.032,0.000,18,W,0,,,,327235,134.86,0
377,876.192,"Mount",0.063,0.197,0.146,-0.147,0.034,-0.053,19,W,23,N,,,309731,142.48,0
378,878.494,"Mount",-0.031,0.104,0.107,-0.021,0.001,0.000,1,W,0,,,,327680,127.74,0
379,880.608,"Mount",-0.080,0.068,0.097,0.040,-0.009,0.000,5,E,0,,,,339116,125.33,0
380,883.041,"Mount",-0.100,-0.006,0.041,0.091,-0.072,0.033,41,E,14,S,,,363148,138.98,0
381,885.220,"Mount",-0.018,-0.054,-0.039,0.041,-0.082,0.000,47,E,0,,,,347027,137.53,0
382,887.760,"Mount",-0.188,-0.065,0.029,0.196,-0.094,0.071,54,E,30,S,,,363698,150.07,0
383,889.912,"Mount",-0.047,0.046,0.063,0.020,-0.079,0.000,45,E,0,,,,339306,130.38,0
384,892.330,"Mount",0.081,0.038,-0.003,-0.089,-0.117,-0.032,67,E,14,N,,,326567,130.87,0
385,894.454,"Mount",0.005,-0.004,-0.006,-0.003,-0.112,0.000,64,E,0,,,,351756,137.63,0
386,896.917,"Mount",-0.176,-0.025,0.059,0.167,-0.109,0.060,63,E,26,S,,,358343,140.54,0
387,899.149,"Mount",0.199,0.119,0.014,-0.231,-0.105,-0.081,60,E,35,N,,,331178,144.48,0
388,901.499,"Mount",-0.024,0.132,0.128,-0.040,-0.030,0.000,17,E,0,,,,329429,122.63,0
389,903.604,"Mount",0.032,0.062,0.040,-0.057,-0.073,0.000,42,E,0,,,,336083,134.76,0
390,905.933,"Mount",-0.043,0.038,0.053,0.021,-0.069,0.000,39,E,0,,,,352981,145.61,0
391,908.123,"Mount",-0.087,0.025,0.062,0.066,-0.031,0.024,18,E,10,S,,,340023,128.62,0
392,910.563,"Mount",0.086,-0.035,-0.071,-0.060,-0.091,-0.021,52,E,9,N,,,330632,124.91,0
393,912.818,"Mount",-0.052,-0.222,-0.173,0.149,-0.137,0.053,78,E,23,S,,,333698,133.71,0
394,915.285,"Mount",0.147,-0.133,-0.186,-0.069,-0.141,-0.023,81,E,10,N,,,353600,139.78,0
395,917.493,"Mount",0.001,0.046,0.040,-0.022,-0.057,0.000,32,E,0,,,,329902,137.15,0
396,919.879,"Mount",0.086,0.060,0.014,-0.104,-0.066,-0.038,37,E,16,N,,,342665,141.75,0
397,921.984,"Mount",0.036,0.020,0.001,-0.041,-0.060,0.000,34,E,0,,,,327273,123.38,0
398,924.315,"Mount",0.063,0.134,0.090,-0.118,-0.016,-0.042,9,E,18,N,,,327981,107.97,0
399,926.379,"Mount",-0.093,0.094,0.127,0.039,0.004,0.000,3,W,0,,,,329996,137.58,0
400,928.761,"Mount",-0.054,0.019,0.041,0.039,-0.060,0.000,34,E,0,,,,335013,133.48,0
401,930.847,"Mount",-0.001,0.079,0.071,-0.036,-0.026,0.000,15,E,0,,,,333972,139.04,0
402,933.315,"Mount",-0.285,-0.114,0.030,0.306,-0.068,0.110,39,E,47,S,,,322517,132.73,0
403,935.545,"Mount",-0.069,-0.003,0.029,0.063,-0.085,0.027,49,E,12,S,,,311718,144.04,0
404,937.872,"Mount",-0.066,0.242,0.245,-0.054,-0.003,0.000,2,E,0,,,,330490,143.70,0
405,940.140,"Mount",0.179,0.108,0.013,-0.209,-0.130,-0.075,74,E,32,N,,,355341,149.25,0
406,942.516,"Mount",0.045,0.019,-0.004,-0.049,-0.159,0.000,91,E,0,,,,341119,123.39,0
407,944.794,"Mount",0.182,0.081,-0.012,-0.199,-0.168,-0.072,96,E,31,N,,,320508,124.46,0
408,947.277,"Mount",0.097,0.013,-0.033,-0.092,-0.187,-0.036,107,E,15,N,,,349957,128.37,0
409,949.466,"Mount",0.003,0.033,0.028,-0.018,-0.183,0.000,105,E,0,,,,329173,130.18,0
410,951.860,"Mount",-0.011,0.046,0.046,-0.011,-0.183,0.000,105,E,0,,,,359959,127.76,0
411,954.060,"Mount",-0.027,0.189,0.180,-0.063,-0.103,-0.023,59,E,10,N,,,335457,127.54,0
412,956.527,"Mount",-0.127,-0.032,0.031,0.127,-0.188,0.045,108,E,19,S,,,350785,128.09,0
413,958.774,"Mount",-0.072,-0.057,-0.018,0.090,-0.166,0.034,95,E,15,S,,,361547,136.44,0
414,961.274,"Mount",0.162,-0.033,-0.104,-0.128,-0.224,-0.045,128,E,19,N,,,352984,151.03,0
415,963.572,"Mount",0.123,-0.098,-0.143,-0.064,-0.248,-0.025,142,E,11,N,,,359120,134.78,0
416,966.104,"Mount",0.006,-0.175,-0.159,0.075,-0.265,0.026,151,E,11,S,,,343768,135.17,0
417,968.412,"Mount",0.007,-0.126,-0.115,0.052,-0.239,0.000,136,E,0,,,,344066,135.93,0
418,970.817,"Mount",0.004,0.014,0.010,-0.010,-0.175,0.000,100,E,0,,,,327177,130.84,0
419,972.992,"Mount",-0.001,0.047,0.043,-0.021,-0.148,0.000,85,E,0,,,,337550,143.60,0
420,975.401,"Mount",-0.068,0.089,0.110,0.020,-0.088,0.000,50,E,0,,,,344954,122.63,0
421,977.540,"Mount",0.006,0.092,0.078,-0.048,-0.068,0.000,39,E,0,,,,346617,135.49,0
422,979.940,"Mount",-0.152,0.092,0.151,0.092,-0.021,0.033,12,E,14,S,,,351122,155.96,0
423,982.183,"Mount",0.101,-0.029,-0.072,-0.077,-0.103,-0.026,59,E,11,N,,,345752,138.71,0
424,984.659,"Mount",-0.067,-0.207,-0.153,0.155,-0.126,0.055,72,E,23,S,,,347532,145.14,0
425,986.798,"Mount",0.020,-0.067,-0.069,0.013,-0.076,0.000,43,E,0,,,,367872,148.01,0
426,989.229,"Mount",0.080,0.017,-0.021,-0.079,-0.035,-0.028,20,E,12,N,,,337785,138.15,0
427,991.443,"Mount",0.080,-0.066,-0.095,-0.041,-0.078,0.000,45,E,0,,,,342243,132.91,0
428,993.817,"Mount",0.072,0.062,0.022,-0.093,-0.035,-0.033,20,E,14,N,,,359586,142.86,0
429,995.939,"Mount",0.102,-0.070,-0.109,-0.058,-0.087,0.000,50,E,0,,,,344156,136.49,0
430,998.315,"Mount",0.057,0.038,0.008,-0.068,-0.043,-0.024,25,E,10,N,,,342741,156.69,0
431,1000.419,"Mount",-0.036,-0.032,-0.011,0.047,-0.030,0.000,17,E,0,,,,340549,144.72,0
432,1002.813,"Mount",-0.168,-0.111,-0.021,0.201,-0.027,0.072,15,E,31,S,,,366509,148.11,0
433,1004.980,"Mount",0.127,-0.007,-0.064,-0.109,-0.048,-0.036,27,E,16,N,,,361812,156.40,0
434,1007.380,"Mount",0.119,-0.011,-0.064,-0.100,-0.036,-0.038,21,E,16,N,,,372676,156.59,0
435,1009.535,"Mount",0.083,-0.012,-0.049,-0.068,-0.002,-0.026,1,E,11,N,,,351601,130.60,0
436,1011.922,"Mount",0.072,0.075,0.033,-0.099,0.002,-0.037,1,W,16,N,,,351851,135.64,0
437,1014.047,"Mount",-0.001,0.113,0.100,-0.052,0.059,0.000,34,W,0,,,,369360,133.50,0
438,1016.389,"Mount",0.028,0.008,-0.006,-0.028,0.024,0.000,14,W,0,,,,344831,141.50,0
439,1018.480,"Mount",-0.011,-0.069,-0.056,0.042,0.031,0.000,18,W,0,,,,366810,144.58,0
440,1020.926,"Mount",-0.144,-0.357,-0.251,0.293,-0.070,0.105,40,E,45,S,,,355880,140.16,0
441,1023.120,"Mount",-0.002,0.050,0.046,-0.022,0.064,0.000,37,W,0,,,,357176,140.88,0
442,1025.555,"Mount",0.104,-0.007,-0.054,-0.089,0.089,-0.032,51,W,14,N,,,337484,136.60,0
443,1027.738,"Mount",0.120,-0.072,-0.119,-0.073,0.040,-0.028,23,W,12,N,,,347739,129.64,0
444,1030.215,"Mount",0.146,0.038,-0.034,-0.147,0.103,-0.054,59,W,23,N,,,326751,134.88,0
445,1032.401,"Mount",0.066,0.101,0.059,-0.106,0.104,-0.040,59,W,17,N,,,334362,127.78,0
446,1034.826,"Mount",-0.195,-0.305,-0.181,0.313,0.032,0.111,18,W,48,S,,,306073,121.17,0
447,1037.082,"Mount",-0.258,-0.167,-0.029,0.306,0.117,0.115,67,W,49,S,,,334442,140.40,0
448,1039.539,"Mount",0.226,0.035,-0.073,-0.217,0.097,-0.073,56,W,31,N,,,352016,145.88,0
449,1041.814,"Mount",0.073,0.178,0.124,-0.147,0.178,-0.056,101,W,24,N,,,338219,132.68,0
450,1044.232,"Mount",-0.035,0.023,0.036,0.021,0.140,0.000,80,W,0,,,,354439,151.60,0
451,1046.535,"Mount",-0.086,-0.859,-0.722,0.473,-0.187,0.170,107,E,73,S,,,352912,154.27,0
452,1048.951,"Mount",0.023,0.025,0.012,-0.032,0.146,0.000,83,W,0,,,,333583,128.84,0
453,1051.309,"Mount",0.389,0.381,0.159,-0.521,0.183,-0.188,104,W,80,N,,,330517,131.98,0
454,1053.853,"Mount",-0.044,0.351,0.332,-0.123,0.242,-0.052,138,W,22,N,,,353219,134.10,0
455,1056.072,"Mount",-0.177,0.272,0.322,0.031,0.237,0.000,135,W,0,,,,350408,142.23,0
456,1058.481,"Mount",0.078,0.030,-0.009,-0.083,0.075,-0.030,43,W,13,N,,,351590,148.61,0
457,1060.710,"Mount",0.129,0.045,-0.020,-0.135,0.061,-0.050,35,W,21,N,,,339209,117.87,0
458,1063.145,"Mount",-0.189,-0.136,-0.033,0.231,0.040,0.081,23,W,35,S,,,339925,143.35,0
459,1065.253,"Mount",-0.004,0.031,0.030,-0.011,0.022,0.000,12,W,0,,,,349478,144.03,0
460,1067.694,"Mount",0.070,0.127,0.080,-0.121,0.033,-0.043,19,W,19,N,,,349891,131.19,0
461,1069.974,"Mount",0.137,-0.023,-0.083,-0.111,-0.043,-0.042,24,E,18,N,,,342064,145.56,0
462,1072.347,"Mount",0.175,-0.114,-0.182,-0.102,-0.100,-0.039,57,E,16,N,,,333813,131.45,0
463,1074.497,"Mount",0.117,-0.088,-0.132,-0.063,-0.073,-0.024,42,E,10,N,,,346358,141.88,0
464,1076.851,"Mount",0.083,-0.052,-0.084,-0.050,-0.052,0.000,30,E,0,,,,372471,152.70,0
465,1079.187,"Mount",-0.256,-0.639,-0.449,0.522,-0.202,0.188,116,E,80,S,,,365791,144.39,0
466,1081.516,"Mount",-0.007,-0.076,-0.064,0.041,0.009,0.000,5,W,0,,,,357266,130.09,0
467,1083.697,"Mount",-0.095,-0.168,-0.105,0.161,0.007,0.058,4,W,25,S,,,341506,124.03,0
468,1086.193,"Mount",0.021,0.229,0.193,-0.124,0.160,-0.042,92,W,18,N,,,363010,126.93,0
469,1088.411,"Mount",0.213,0.140,0.026,-0.254,0.084,-0.093,48,W,40,N,,,355850,128.21,0
470,1090.893,"Mount",0.107,0.027,-0.025,-0.107,0.127,-0.042,73,W,18,N,,,354782,147.62,0
471,1093.138,"Mount",0.004,0.066,0.057,-0.034,0.150,0.000,86,W,0,,,,350501,130.82,0
472,1095.555,"Mount",0.014,-0.060,-0.060,0.015,0.145,0.000,83,W,0,,,,363811,138.92,0
473,1097.733,"Mount",-0.044,0.045,0.060,0.019,0.191,0.000,109,W,0,,,,356636,128.69,0
474,1100.200,"Mount",0.004,-0.037,-0.035,0.013,0.197,0.000,113,W,0,,,,346928,137.54,0
475,1102.459,"Mount",0.078,0.109,0.061,-0.119,0.213,-0.043,122,W,18,N,,,354744,124.35,0
476,1104.891,"Mount",0.013,0.020,0.012,-0.021,0.200,0.000,114,W,0,,,,380349,150.08,0
477,1107.192,"Mount",0.016,0.177,0.150,-0.096,0.247,-0.035,141,W,15,N,,,355050,125.24,0
478,1109.724,"Mount",-0.037,0.231,0.222,-0.074,0.285,-0.028,163,W,12,N,,,351297,121.53,0
479,1111.969,"Mount",-0.098,0.173,0.199,0.007,0.260,0.000,148,W,0,,,,348994,134.34,0
480,1114.421,"Mount",-0.264,-0.272,-0.120,0.360,0.096,0.130,55,W,55,S,,,352754,131.92,0
481,1116.634,"Mount",-0.086,0.103,0.131,0.029,0.191,0.000,109,W,0,,,,358193,160.60,0
482,1119.149,"Mount",0.021,0.312,0.267,-0.163,0.229,-0.059,131,W,25,N,,,359919,140.72,0
483,1121.368,"Mount",0.119,0.010,-0.046,-0.110,0.085,-0.042,49,W,18,N,,,346782,157.48,0
484,1123.790,"Mount",0.122,0.129,0.058,-0.167,0.064,-0.062,37,W,26,N,,,354065,135.13,0
485,1125.942,"Mount",-0.070,0.114,0.133,0.010,0.110,0.000,63,W,0,,,,350577,130.75,0
486,1128.298,"Mount",-0.099,0.125,0.156,0.030,0.105,0.000,60,W,0,,,,358541,137.67,0
487,1130.436,"Mount",-0.022,0.094,0.094,-0.024,0.058,0.000,33,W,0,,,,370226,136.39,0
488,1132.773,"Mount",0.001,0.066,0.059,-0.031,0.002,0.000,1,W,0,,,,360547,131.12,0
489,1134.930,"Mount",-0.000,0.031,0.028,-0.014,-0.007,0.000,4,E,0,,,,355121,132.39,0
490,1137.265,"Mount",0.068,0.073,0.034,-0.094,-0.017,-0.034,10,E,14,N,,,346388,135.06,0
491,1139.364,"Mount",-0.042,0.044,0.058,0.017,-0.025,0.000,14,E,0,,,,348480,149.43,0
492,1141.671,"Mount",-0.021,0.018,0.026,0.011,-0.028,0.000,16,E,0,,,,324050,119.52,0
493,1143.850,"Mount",0.094,-0.005,-0.048,-0.081,-0.029,-0.029,17,E,13,N,,,324103,130.13,0
494,1146.214,"Mount",0.119,0.004,-0.051,-0.108,-0.022,-0.040,12,E,17,N,,,349296,134.17,0
495,1148.428,"Mount",-0.131,-0.325,-0.228,0.266,-0.115,0.094,66,E,40,S,,,336194,133.42,0
496,1150.750,"Mount",0.051,-0.006,-0.029,-0.043,-0.010,0.000,6,E,0,,,,342175,149.17,0
497,1152.950,"Mount",-0.095,-0.144,-0.084,0.150,-0.048,0.054,28,E,23,S,,,340727,137.54,0
498,1155.283,"Mount",-0.037,-0.019,-0.000,0.041,-0.005,0.000,3,E,0,,,,355068,154.80,0
499,1157.423,"Mount",0.096,-0.066,-0.103,-0.055,-0.049,0.000,28,E,0,,,,362063,182.54,0
500,1159.767,"Mount",0.098,0.072,0.019,-0.120,0.001,-0.043,0,,19,N,,,362816,141.45,0
501,1162.005,"Mount",0.150,0.279,0.179,-0.262,0.084,-0.096,48,W,41,N,,,341411,131.50,0
502,1164.286,"Mount",-0.051,-0.019,0.007,0.054,0.008,0.000,4,W,0,,,,342200,146.28,0
503,1166.350,"Mount",-0.016,0.037,0.040,-0.003,0.015,0.000,8,W,0,,,,344623,136.28,0
504,1168.750,"Mount",-0.073,0.144,0.162,-0.002,0.090,0.000,51,W,0,,,,336665,130.88,0
505,1170.870,"Mount",0.018,0.024,0.013,-0.027,0.015,0.000,8,W,0,,,,338765,130.25,0
506,1173.446,"Mount",-0.724,-0.616,-0.213,0.927,-0.085,0.334,48,E,143,S,,,337196,123.52,0
507,1175.784,"Mount",-0.374,0.050,0.217,0.309,0.107,0.124,61,W,53,S,,,359174,129.14,0
508,1178.247,"Mount",0.359,0.376,0.168,-0.492,0.084,-0.172,48,W,74,N,,,357982,145.85,0
509,1180.440,"Mount",0.305,0.250,0.082,-0.386,0.045,-0.146,25,W,62,N,,,350866,117.41,0
510,1182.760,"Mount",0.001,-0.068,-0.061,0.031,-0.016,0.000,9,E,0,,,,368124,139.80,0
511,1184.920,"Mount",0.177,0.081,-0.009,-0.194,0.005,-0.070,3,W,30,N,,,351533,145.25,0
512,1187.242,"Mount",-0.009,-0.041,-0.032,0.027,-0.003,0.000,2,E,0,,,,334527,130.74,0
513,1189.415,"Mount",0.166,0.019,-0.059,-0.156,-0.010,-0.056,6,E,24,N,,,325500,136.51,0
514,1191.881,"Mount",-0.150,-0.236,-0.140,0.242,-0.076,0.085,44,E,36,S,,,345357,126.96,0
515,1194.063,"Mount",-0.096,-0.102,-0.047,0.132,-0.009,0.051,5,E,22,S,,,331557,132.78,0
516,1196.303,"Mount",-0.042,-0.037,-0.013,0.055,-0.000,0.000,0,,0,,,,340813,132.68,0
517,1198.547,"Mount",0.156,-0.097,-0.157,-0.094,-0.063,-0.034,36,E,14,N,,,336014,123.18,0
518,1200.939,"Mount",0.154,-0.014,-0.083,-0.130,-0.014,-0.048,8,E,21,N,,,322037,134.24,0
519,1203.138,"Mount",0.166,0.016,-0.062,-0.155,-0.001,-0.058,1,E,25,N,,,347376,155.07,0
520,1205.599,"Mount",-0.121,-0.249,-0.165,0.222,-0.045,0.078,26,E,33,S,,,341002,148.36,0
521,1207.821,"Mount",0.050,0.133,0.095,-0.105,0.082,-0.035,47,W,15,N,,,339600,124.97,0
522,1210.167,"Mount",-0.028,0.137,0.135,-0.039,0.095,0.000,54,W,0,,,,330448,138.07,0
523,1212.260,"Mount",-0.024,0.039,0.046,0.003,0.029,0.000,17,W,0,,,,324620,141.23,0
524,1214.669,"Mount",0.057,0.199,0.150,-0.142,0.091,-0.051,52,W,22,N,,,299283,116.59,0
525,1216.849,"Mount",0.023,0.154,0.126,-0.092,0.076,-0.035,43,W,15,N,,,311581,132.46,0
526,1219.178,"Mount",-0.032,-0.013,0.003,0.034,0.009,0.000,5,W,0,,,,311610,122.90,0
527,1221.343,"Mount",-0.178,-0.024,0.061,0.169,0.023,0.061,13,W,26,S,,,329646,135.94,0
528,1223.668,"Mount",-0.053,0.142,0.150,-0.018,0.045,0.000,25,W,0,,,,341885,126.80,0
529,1225.789,"Mount",0.045,0.027,0.003,-0.052,-0.033,0.000,19,E,0,,,,326996,129.86,0
530,1228.156,"Mount",0.085,-0.054,-0.087,-0.051,-0.090,0.000,52,E,0,,,,336006,142.28,0
531,1230.274,"Mount",0.067,-0.001,-0.031,-0.059,-0.060,0.000,34,E,0,,,,332481,153.57,0
532,1232.696,"Mount",-0.075,-0.087,-0.043,0.107,-0.073,0.039,42,E,16,S,,,323880,128.55,0
533,1234.864,"Mount",-0.020,0.067,0.069,-0.014,-0.059,0.000,34,E,0,,,,337083,161.78,0
534,1237.347,"Mount",0.150,-0.082,-0.142,-0.095,-0.177,-0.034,101,E,15,N,,,324282,126.72,0
535,1239.559,"Mount",0.080,-0.024,-0.058,-0.060,-0.118,0.000,68,E,0,,,,307738,122.74,0
536,1241.972,"Mount",0.039,0.006,-0.012,-0.038,-0.121,0.000,69,E,0,,,,322930,118.48,0
537,1244.154,"Mount",-0.019,-0.085,-0.067,0.056,-0.141,0.000,81,E,0,,,,326234,133.12,0
538,1246.534,"Mount",-0.060,-0.004,0.024,0.055,-0.100,0.000,57,E,0,,,,316562,146.05,0
539,1248.793,"Mount",-0.019,-0.102,-0.082,0.064,-0.126,0.023,72,E,10,S,,,317161,124.93,0
540,1251.166,"Mount",0.033,0.036,0.017,-0.046,-0.086,0.000,49,E,0,,,,301138,124.83,0
541,1253.395,"Mount",0.145,0.029,-0.041,-0.142,-0.075,-0.051,43,E,22,N,,,288298,111.63,0
542,1255.838,"Mount",0.182,0.004,-0.081,-0.163,-0.108,-0.061,62,E,26,N,,,316240,138.92,0
543,1257.992,"Mount",0.035,-0.021,-0.035,-0.021,-0.062,0.000,36,E,0,,,,324840,131.17,0
544,1260.365,"Mount",0.069,-0.167,-0.180,0.016,-0.142,0.000,81,E,0,,,,292092,120.44,0
545,1262.522,"Mount",0.023,-0.021,-0.029,-0.010,-0.056,0.000,32,E,0,,,,300098,123.02,0
546,1264.934,"Mount",0.057,0.089,0.053,-0.092,-0.054,-0.033,31,E,14,N,,,296299,122.42,0
547,1267.031,"Mount",0.002,0.077,0.067,-0.037,-0.021,0.000,12,E,0,,,,304609,117.00,0
548,1271.498,"Mount",-0.029,-0.068,-0.047,0.058,-0.074,0.000,42,E,0,,,,317312,120.18,0
549,1273.816,"Mount",0.007,-0.024,-0.024,0.005,-0.055,0.000,32,E,0,,,,345808,131.84,0
INFO: SET LOCK POSITION, new lock pos = 774.501, 220.319
INFO: DITHER by -11.080, 12.204, new lock pos = 768.770, 204.863
INFO: SETTLING STATE CHANGE, Settling started
550,1287.482,"Mount",5.731,15.455,11.080,-12.204,11.080,-12.204,6335,W,5220,N,,,331957,139.16,0
551,1290.083,"Mount",-0.085,0.700,0.661,-0.248,0.297,-0.089,170,W,38,N,,,311148,131.23,0
552,1292.376,"Mount",0.100,0.435,0.340,-0.289,0.153,-0.108,87,W,46,N,,,303939,132.84,0
553,1294.731,"Mount",0.058,-0.125,-0.138,0.006,-0.062,0.000,35,E,0,,,,286738,113.69,0
554,1296.913,"Mount",-0.050,-0.093,-0.059,0.087,-0.027,0.031,15,E,13,S,,,297612,122.23,0
555,1299.393,"Mount",0.145,-0.087,-0.144,-0.088,-0.065,-0.031,37,E,13,N,,,291263,120.30,0
556,1301.576,"Mount",0.199,-0.139,-0.215,-0.113,-0.097,-0.042,55,E,18,N,,,299041,152.17,0
557,1303.939,"Mount",0.094,-0.259,-0.273,0.037,-0.123,0.000,70,E,0,,,,311196,127.67,0
558,1306.241,"Mount",-0.075,-0.508,-0.416,0.301,-0.187,0.108,107,E,46,S,,,279043,124.70,0
559,1308.775,"Mount",0.197,-0.606,-0.628,0.105,-0.283,0.042,162,E,18,S,,,298947,124.92,0
560,1311.151,"Mount",0.285,-0.813,-0.853,0.122,-0.384,0.046,219,E,20,S,,,310150,139.79,0
561,1313.775,"Mount",0.258,0.114,-0.017,-0.282,-0.204,-0.100,117,E,43,N,,,289527,131.52,0
INFO: SETTLING STATE CHANGE, Settling complete
562,1316.173,"Mount",0.248,-0.180,-0.274,-0.137,-0.328,-0.053,188,E,23,N,,,287525,126.01,0
563,1318.790,"Mount",0.065,-0.392,-0.378,0.123,-0.374,0.042,214,E,18,S,,,269872,119.36,0
564,1321.225,"Mount",-0.079,-0.712,-0.595,0.399,-0.429,0.145,245,E,62,S,,,263049,119.97,0
565,1323.879,"Mount",-0.330,-0.375,-0.181,0.466,-0.235,0.174,134,E,74,S,,,284388,129.82,0
566,1326.077,"Mount",0.133,0.448,0.336,-0.325,0.041,-0.110,23,W,47,N,,,299864,113.39,0
567,1328.522,"Mount",0.282,0.502,0.316,-0.483,0.062,-0.178,35,W,76,N,,,284116,129.09,0
568,1330.787,"Mount",0.072,0.108,0.062,-0.114,-0.048,-0.048,27,E,21,N,,,288023,128.70,0
569,1333.207,"Mount",-0.060,-0.027,0.003,0.066,-0.073,0.022,42,E,9,S,,,304416,139.82,0
570,1335.424,"Mount",-0.027,-0.091,-0.069,0.067,-0.091,0.025,52,E,11,S,,,284993,118.37,0
571,1337.824,"Mount",-0.069,-0.069,-0.029,0.093,-0.034,0.034,19,E,15,S,,,308212,142.74,0
572,1339.945,"Mount",0.013,0.008,0.001,-0.015,-0.046,0.000,26,E,0,,,,291201,126.59,0
573,1342.267,"Mount",-0.024,-0.036,-0.021,0.038,-0.046,0.000,26,E,0,,,,290295,128.87,0
574,1344.365,"Mount",0.052,0.021,-0.005,-0.056,-0.051,0.000,29,E,0,,,,280485,123.69,0
575,1346.751,"Mount",0.106,-0.079,-0.119,-0.057,-0.108,0.000,62,E,0,,,,273220,128.29,0
576,1348.949,"Mount",-0.123,-0.052,0.010,0.134,-0.046,0.048,26,E,21,S,,,285898,124.31,0
577,1351.378,"Mount",-0.041,0.211,0.206,-0.061,0.054,-0.020,31,W,9,N,,,294977,131.91,0
578,1353.578,"Mount",0.014,0.213,0.183,-0.111,0.052,-0.041,30,W,17,N,,,290076,134.10,0
579,1355.902,"Mount",-0.032,0.167,0.163,-0.049,0.059,0.000,34,W,0,,,,274944,127.28,0
580,1358.054,"Mount",0.041,0.095,0.065,-0.080,0.020,-0.029,12,W,12,N,,,266045,122.20,0
581,1360.350,"Mount",-0.012,-0.085,-0.070,0.050,-0.042,0.000,24,E,0,,,,272797,128.73,0
582,1362.474,"Mount",-0.039,-0.069,-0.043,0.067,-0.005,0.024,3,E,10,S,,,267921,120.25,0
583,1364.864,"Mount",0.123,0.067,0.002,-0.140,0.002,-0.050,1,W,21,N,,,266838,122.64,0
584,1367.025,"Mount",0.073,0.049,0.010,-0.087,0.026,-0.033,15,W,14,N,,,258279,123.96,0
585,1369.400,"Mount",-0.023,0.047,0.052,-0.001,0.043,0.000,25,W,0,,,,240290,123.62,0
586,1371.540,"Mount",-0.036,0.107,0.112,-0.017,0.103,0.000,59,W,0,,,,232988,110.82,0
587,1374.018,"Mount",0.008,0.116,0.100,-0.061,0.134,-0.022,77,W,9,N,,,249776,130.84,0
588,1376.157,"Mount",-0.023,-0.035,-0.020,0.036,0.092,0.000,53,W,0,,,,240062,129.14,0
589,1378.618,"Mount",-0.162,-0.103,-0.016,0.191,0.108,0.069,62,W,29,S,,,230306,117.15,0
590,1380.763,"Mount",0.051,-0.027,-0.047,-0.033,0.108,0.000,61,W,0,,,,226576,140.41,0
591,1383.233,"Mount",0.030,0.085,0.062,-0.066,0.138,-0.024,79,W,10,N,,,232804,112.94,0
592,1385.499,"Mount",-0.326,-0.051,0.105,0.313,0.130,0.112,74,W,48,S,,,236437,114.18,0
593,1388.009,"Mount",0.099,0.367,0.281,-0.257,0.212,-0.088,121,W,38,N,,,225400,111.96,0
594,1390.411,"Mount",0.104,0.688,0.563,-0.410,0.353,-0.151,202,W,65,N,,,224726,110.10,0
595,1392.852,"Mount",-0.260,-0.321,-0.165,0.379,0.048,0.130,27,W,56,S,,,236513,122.44,0
596,1395.127,"Mount",-0.096,0.015,0.057,0.078,0.125,0.033,71,W,14,S,,,216935,114.39,0
597,1397.528,"Mount",-0.012,0.008,0.013,0.007,0.153,0.000,88,W,0,,,,231557,120.22,0
598,1399.728,"Mount",0.006,0.051,0.043,-0.028,0.144,0.000,82,W,0,,,,237396,110.18,0
599,1402.161,"Mount",0.201,-0.137,-0.214,-0.115,0.063,-0.041,36,W,18,N,,,231283,105.07,0
600,1404.372,"Mount",0.154,-0.006,-0.076,-0.134,0.103,-0.050,59,W,21,N,,,239957,138.26,0
601,1406.709,"Mount",0.064,-0.086,-0.106,-0.017,0.067,0.000,38,W,0,,,,238632,115.69,0
602,1408.819,"Mount",0.021,0.049,0.033,-0.041,0.084,0.000,48,W,0,,,,235404,113.55,0
603,1411.256,"Mount",0.138,0.019,-0.046,-0.131,0.057,-0.047,33,W,20,N,,,228866,111.10,0
604,1413.411,"Mount",0.136,0.003,-0.060,-0.122,-0.007,-0.046,4,E,20,N,,,237580,121.80,0
605,1415.816,"Mount",-0.022,-0.117,-0.094,0.074,-0.037,0.025,21,E,11,S,,,250852,126.36,0
606,1417.983,"Mount",0.121,-0.178,-0.213,-0.025,-0.109,0.000,62,E,0,,,,213476,104.92,0
607,1420.324,"Mount",0.037,-0.123,-0.126,0.024,-0.085,0.000,49,E,0,,,,228856,107.96,0
608,1422.460,"Mount",0.073,-0.059,-0.086,-0.038,-0.072,0.000,41,E,0,,,,209175,115.55,0
609,1424.799,"Mount",-0.014,0.081,0.079,-0.025,0.002,0.000,1,W,0,,,,206039,106.80,0
610,1426.878,"Mount",0.002,0.022,0.018,-0.011,-0.020,0.000,11,E,0,,,,219948,124.06,0
611,1429.203,"Mount",-0.036,0.086,0.093,-0.008,0.055,0.000,32,W,0,,,,227143,121.84,0
612,1431.291,"Mount",-0.014,0.051,0.052,-0.011,0.038,0.000,22,W,0,,,,236348,113.17,0
613,1433.786,"Mount",0.318,0.319,0.137,-0.430,0.114,-0.155,65,W,66,N,,,225952,108.81,0
614,1435.956,"Mount",0.001,0.115,0.102,-0.053,0.110,0.000,63,W,0,,,,226661,108.62,0
615,1438.433,"Mount",-0.202,-0.034,0.063,0.195,0.127,0.070,73,W,30,S,,,212551,102.39,0
616,1440.613,"Mount",-0.036,0.055,0.065,0.007,0.148,0.000,85,W,0,,,,220175,115.40,0
617,1443.018,"Mount",-0.074,0.074,0.100,0.031,0.186,0.000,106,W,0,,,,222283,127.65,0
618,1445.371,"Mount",-0.510,0.009,0.243,0.449,0.231,0.161,132,W,69,S,,,216530,121.43,0
619,1447.927,"Mount",0.053,0.339,0.277,-0.203,0.284,-0.067,162,W,29,N,,,222218,123.40,0
620,1450.328,"Mount",0.267,0.483,0.305,-0.460,0.300,-0.168,172,W,72,N,,,198313,94.73,0
621,1452.861,"Mount",-0.212,0.024,0.119,0.177,0.244,0.057,139,W,24,S,,,188389,99.97,0
622,1455.138,"Mount",-0.106,0.232,0.255,-0.013,0.308,0.000,176,W,0,,,,198988,114.48,0
623,1457.683,"Mount",0.055,0.169,0.124,-0.126,0.273,-0.045,156,W,19,N,,,209216,101.19,0
624,1459.890,"Mount",-0.023,0.035,0.042,0.004,0.202,0.000,116,W,0,,,,205769,126.04,0
625,1462.323,"Mount",-0.013,0.114,0.107,-0.041,0.236,0.000,135,W,0,,,,184595,106.64,0
626,1464.535,"Mount",-0.124,-0.162,-0.087,0.185,0.126,0.066,72,W,28,S,,,210256,117.84,0
627,1466.931,"Mount",0.052,-0.012,-0.034,-0.041,0.141,0.000,81,W,0,,,,208614,132.56,0
628,1469.113,"Mount",0.010,-0.173,-0.158,0.071,0.051,0.026,29,W,11,S,,,196247,100.88,0
629,1471.610,"Mount",0.233,-0.018,-0.124,-0.198,0.044,-0.070,25,W,30,N,,,196626,105.36,0
630,1473.791,"Mount",0.161,-0.065,-0.131,-0.113,0.014,-0.043,8,W,19,N,,,195610,111.52,0
631,1476.096,"Mount",0.085,-0.038,-0.073,-0.058,0.035,0.000,20,W,0,,,,193392,101.35,0
632,1478.261,"Mount",-0.045,-0.106,-0.073,0.089,0.011,0.032,6,W,14,S,,,195606,105.88,0
633,1480.661,"Mount",-0.056,-0.147,-0.105,0.118,-0.020,0.044,11,E,19,S,,,203452,118.67,0
634,1482.764,"Mount",0.072,-0.017,-0.048,-0.056,0.012,0.000,7,W,0,,,,201158,109.29,0
635,1485.116,"Mount",0.036,-0.100,-0.105,0.014,-0.052,0.000,30,E,0,,,,202390,112.96,0
636,1487.277,"Mount",0.085,-0.163,-0.184,0.000,-0.105,0.000,60,E,0,,,,201666,114.53,0
637,1489.639,"Mount",0.097,-0.094,-0.127,-0.042,-0.077,0.000,44,E,0,,,,205243,113.59,0
638,1491.764,"Mount",0.043,-0.053,-0.066,-0.013,-0.062,0.000,35,E,0,,,,207275,106.63,0
639,1494.135,"Mount",0.013,0.016,0.009,-0.019,-0.029,0.000,17,E,0,,,,203332,115.80,0
640,1496.249,"Mount",-0.009,-0.032,-0.024,0.022,-0.026,0.000,15,E,0,,,,204874,110.40,0
641,1498.635,"Mount",0.176,0.066,-0.023,-0.187,-0.022,-0.067,13,E,29,N,,,201652,116.09,0
642,1500.825,"Mount",-0.048,-0.127,-0.090,0.102,-0.061,0.034,35,E,14,S,,,188278,110.32,0
643,1503.206,"Mount",0.064,0.038,0.005,-0.074,-0.014,-0.025,8,E,11,N,,,198699,97.80,0
644,1505.358,"Mount",0.088,0.079,0.030,-0.115,0.001,-0.042,1,W,18,N,,,208490,119.04,0
645,1507.757,"Mount",-0.080,-0.047,-0.005,0.093,0.014,0.032,8,W,14,S,,,208275,107.03,0
646,1509.967,"Mount",-0.094,-0.260,-0.188,0.204,-0.070,0.075,40,E,32,S,,,177434,87.22,0
647,1512.402,"Mount",0.005,0.171,0.149,-0.084,0.079,-0.027,45,W,12,N,,,186459,96.41,0
648,1514.587,"Mount",-0.216,-0.053,0.052,0.216,0.006,0.077,3,W,33,S,,,192112,103.42,0
649,1516.990,"Mount",0.035,0.190,0.153,-0.119,0.081,-0.040,46,W,17,N,,,197186,118.40,0
650,1519.169,"Mount",0.095,0.205,0.138,-0.179,0.072,-0.066,41,W,28,N,,,202418,120.07,0
651,1521.501,"Mount",-0.012,-0.064,-0.051,0.041,0.009,0.000,5,W,0,,,,177787,103.32,0
652,1523.738,"Mount",-0.111,-0.299,-0.214,0.237,-0.090,0.085,51,E,36,S,,,198355,120.70,0
653,1526.122,"Mount",-0.061,0.090,0.108,0.013,0.054,0.000,31,W,0,,,,179070,92.48,0
654,1528.317,"Mount",0.108,0.087,0.027,-0.136,0.008,-0.049,5,W,21,N,,,182503,102.13,0
655,1530.775,"Mount",0.057,0.251,0.197,-0.167,0.107,-0.062,61,W,27,N,,,192020,100.02,0
656,1532.888,"Mount",0.019,0.016,0.005,-0.024,0.010,0.000,6,W,0,,,,196059,115.00,0
657,1535.309,"Mount",-0.151,0.000,0.070,0.134,0.045,0.048,26,W,21,S,,,198260,121.89,0
658,1537.478,"Mount",0.051,0.045,0.016,-0.066,0.011,-0.022,7,W,9,N,,,185650,123.78,0
659,1539.974,"Mount",0.058,0.027,-0.003,-0.063,-0.003,-0.024,2,E,10,N,,,189040,109.83,0
660,1542.110,"Mount",0.049,0.006,-0.018,-0.046,-0.006,0.000,3,E,0,,,,190652,102.84,0
661,1544.430,"Mount",0.124,0.091,0.024,-0.152,-0.000,-0.055,0,,23,N,,,189450,100.14,0
662,1546.644,"Mount",-0.035,-0.129,-0.098,0.091,-0.049,0.031,28,E,13,S,,,182993,99.16,0
663,1548.977,"Mount",-0.053,0.146,0.154,-0.020,0.074,0.000,42,W,0,,,,192296,111.21,0
664,1551.106,"Mount",-0.042,0.115,0.122,-0.016,0.066,0.000,38,W,0,,,,189015,113.92,0
665,1553.538,"Mount",-0.289,-0.171,-0.019,0.335,0.018,0.121,10,W,52,S,,,177081,102.19,0
666,1555.687,"Mount",-0.045,0.072,0.084,0.006,0.070,0.000,40,W,0,,,,165949,96.48,0
667,1558.126,"Mount",-0.145,0.077,0.136,0.093,0.093,0.034,53,W,14,S,,,196496,108.45,0
668,1560.354,"Mount",-0.194,0.125,0.200,0.114,0.124,0.042,71,W,18,S,,,199963,104.13,0
669,1562.775,"Mount",-0.116,0.287,0.308,-0.029,0.173,0.000,99,W,0,,,,206385,123.30,0
670,1564.984,"Mount",0.123,0.172,0.096,-0.189,0.080,-0.068,46,W,29,N,,,177202,93.31,0
671,1567.404,"Mount",0.094,0.055,0.006,-0.109,0.026,-0.042,15,W,18,N,,,179548,97.05,0
672,1569.508,"Mount",0.067,-0.058,-0.082,-0.032,-0.016,0.000,9,E,0,,,,186395,100.91,0
673,1571.979,"Mount",0.132,0.036,-0.029,-0.134,0.006,-0.048,3,W,21,N,,,207873,135.96,0
674,1574.243,"Mount",0.081,0.048,0.005,-0.094,-0.018,-0.036,10,E,15,N,,,188895,104.52,0
675,1576.580,"Mount",-0.108,0.103,0.142,0.048,0.052,0.000,30,W,0,,,,209081,107.70,0
676,1578.725,"Mount",-0.088,0.013,0.053,0.072,-0.036,0.026,21,E,11,S,,,199552,109.00,0
677,1581.079,"Mount",-0.034,-0.033,-0.014,0.045,-0.055,0.000,31,E,0,,,,196113,111.91,0
678,1583.349,"Mount",-0.357,-0.379,-0.173,0.491,-0.150,0.177,86,E,76,S,,,206617,111.36,0
679,1585.775,"Mount",0.098,0.041,-0.008,-0.106,-0.094,-0.031,54,E,13,N,,,184416,114.91,0
680,1588.047,"Mount",0.259,0.034,-0.089,-0.246,-0.141,-0.090,80,E,38,N,,,184851,96.34,0
681,1590.478,"Mount",0.155,0.017,-0.056,-0.146,-0.121,-0.056,69,E,24,N,,,178870,96.95,0
682,1592.698,"Mount",0.042,0.090,0.061,-0.079,-0.091,-0.031,52,E,13,N,,,187036,104.83,0
683,1595.199,"Mount",-0.079,-0.055,-0.012,0.096,-0.106,0.033,61,E,14,S,,,181267,105.00,0
684,1597.363,"Mount",-0.013,0.026,0.029,-0.000,-0.107,0.000,61,E,0,,,,170881,95.24,0
685,1599.672,"Mount",-0.011,0.070,0.067,-0.022,-0.071,0.000,40,E,0,,,,176340,118.56,0
686,1601.858,"Mount",0.041,0.095,0.065,-0.080,-0.057,-0.029,33,E,12,N,,,191208,103.47,0
687,1604.250,"Mount",0.032,0.118,0.090,-0.083,-0.037,-0.031,21,E,13,N,,,220303,147.75,0
688,1606.408,"Mount",0.119,0.131,0.062,-0.167,-0.034,-0.061,19,E,26,N,,,216703,113.87,0
689,1608.826,"Mount",-0.089,-0.026,0.018,0.091,-0.061,0.030,35,E,13,S,,,207704,126.95,0
690,1610.955,"Mount",-0.058,-0.017,0.012,0.059,-0.053,0.000,30,E,0,,,,202727,123.95,0
691,1613.369,"Mount",-0.198,0.023,0.112,0.165,0.001,0.059,1,W,25,S,,,201425,120.89,0
692,1615.545,"Mount",-0.172,0.092,0.161,0.110,0.020,0.042,12,W,18,S,,,203017,108.34,0
693,1617.857,"Mount",-0.030,0.096,0.099,-0.018,-0.012,0.000,7,E,0,,,,210524,118.32,0
694,1619.974,"Mount",0.006,0.034,0.027,-0.021,-0.046,0.000,26,E,0,,,,199542,109.51,0
695,1622.361,"Mount",0.034,0.219,0.179,-0.131,0.023,-0.047,13,W,20,N,,,201893,110.46,0
696,1624.596,"Mount",-0.007,-0.184,-0.160,0.091,-0.140,0.031,80,E,13,S,,,207782,109.84,0
697,1626.939,"Mount",-0.060,0.003,0.031,0.052,-0.048,0.000,27,E,0,,,,220930,113.50,0
698,1629.042,"Mount",-0.037,0.038,0.050,0.015,-0.048,0.000,27,E,0,,,,210369,113.43,0
699,1631.509,"Mount",0.015,0.105,0.087,-0.062,-0.024,-0.022,14,E,10,N,,,207646,119.26,0
700,1633.729,"Mount",0.150,-0.030,-0.096,-0.120,-0.128,-0.044,73,E,19,N,,,193993,95.57,0
701,1636.164,"Mount",-0.110,-0.046,0.010,0.119,-0.114,0.041,65,E,18,S,,,197563,105.51,0
702,1638.371,"Mount",-0.068,-0.068,-0.029,0.092,-0.136,0.035,78,E,15,S,,,195666,107.10,0
703,1640.836,"Mount",0.089,-0.021,-0.059,-0.069,-0.155,-0.023,88,E,10,N,,,210121,107.49,0
704,1643.017,"Mount",-0.017,0.028,0.033,0.002,-0.154,0.000,88,E,0,,,,196660,107.22,0
705,1645.430,"Mount",-0.003,-0.004,-0.002,0.005,-0.151,0.000,86,E,0,,,,210497,120.39,0
706,1647.722,"Mount",-0.016,-0.107,-0.088,0.063,-0.193,0.023,110,E,10,S,,,226793,122.66,0
707,1650.202,"Mount",0.156,-0.199,-0.248,-0.046,-0.290,0.000,166,E,0,,,,208697,108.12,0
708,1652.408,"Mount",0.131,-0.141,-0.186,-0.051,-0.258,0.000,147,E,0,,,,222775,117.03,0
709,1654.876,"Mount",0.100,0.014,-0.034,-0.096,-0.197,-0.034,113,E,15,N,,,229984,110.35,0
710,1657.054,"Mount",0.013,-0.046,-0.047,0.010,-0.189,0.000,108,E,0,,,,209708,99.83,0
711,1659.580,"Mount",-0.037,-0.097,-0.069,0.077,-0.244,0.028,140,E,12,S,,,220973,115.79,0
712,1661.900,"Mount",-0.034,-0.155,-0.122,0.101,-0.280,0.038,160,E,16,S,,,214527,110.20,0
713,1664.330,"Mount",0.093,-0.048,-0.085,-0.060,-0.255,0.000,146,E,0,,,,223040,116.99,0
714,1666.593,"Mount",-0.057,-0.047,-0.016,0.073,-0.189,0.026,108,E,11,S,,,207117,107.71,0
715,1669.088,"Mount",0.097,-0.022,-0.064,-0.076,-0.200,-0.026,115,E,11,N,,,214850,116.75,0
716,1671.414,"Mount",-0.055,-0.153,-0.110,0.120,-0.184,0.042,105,E,18,S,,,211820,101.80,0
717,1673.822,"Mount",-0.141,0.114,0.167,0.073,-0.038,0.028,22,E,12,S,,,214995,102.44,0
718,1676.035,"Mount",0.054,0.045,0.015,-0.069,-0.079,-0.024,45,E,10,N,,,209456,116.13,0
719,1678.436,"Mount",-0.072,-0.085,-0.043,0.103,-0.083,0.036,47,E,15,S,,,223145,123.04,0
720,1680.664,"Mount",-0.102,0.011,0.057,0.085,-0.068,0.032,39,E,14,S,,,233103,115.32,0
721,1683.041,"Mount",-0.005,-0.115,-0.100,0.058,-0.108,0.000,62,E,0,,,,226837,130.70,0
722,1685.194,"Mount",0.083,0.107,0.057,-0.123,-0.048,-0.044,27,E,19,N,,,213704,112.93,0
723,1687.604,"Mount",0.115,0.068,0.008,-0.133,-0.054,-0.050,31,E,21,N,,,216994,109.34,0
724,1689.755,"Mount",0.017,-0.023,-0.028,-0.004,-0.055,0.000,31,E,0,,,,216107,105.68,0
725,1692.175,"Mount",0.129,-0.146,-0.189,-0.047,-0.136,0.000,78,E,0,,,,223502,124.30,0
726,1694.495,"Mount",0.015,-0.417,-0.377,0.179,-0.238,0.065,136,E,28,S,,,232187,118.76,0
727,1696.867,"Mount",-0.034,0.211,0.203,-0.068,0.023,-0.022,13,W,9,N,,,223831,103.30,0
728,1699.069,"Mount",-0.058,-0.030,-0.000,0.066,-0.067,0.023,38,E,10,S,,,234221,109.12,0
729,1701.469,"Mount",0.082,0.145,0.091,-0.140,-0.015,-0.049,8,E,21,N,,,217326,112.11,0
730,1703.699,"Mount",0.003,0.285,0.251,-0.134,0.095,-0.050,54,W,22,N,,,217066,121.39,0
731,1706.122,"Mount",0.033,0.088,0.063,-0.070,0.027,-0.027,15,W,12,N,,,219304,140.33,0
732,1708.324,"Mount",-0.155,0.097,0.157,0.092,0.073,0.032,42,W,14,S,,,218889,121.56,0
733,1710.692,"Mount",-0.046,0.156,0.160,-0.031,0.096,0.000,55,W,0,,,,222390,127.10,0
734,1712.835,"Mount",-0.092,0.102,0.133,0.035,0.083,0.000,47,W,0,,,,197046,110.90,0
735,1715.259,"Mount",-0.230,-0.195,-0.067,0.294,0.006,0.106,3,W,45,S,,,197249,102.00,0
736,1717.381,"Mount",-0.039,-0.035,-0.013,0.050,0.050,0.000,29,W,0,,,,217882,106.41,0
737,1719.743,"Mount",-0.028,0.011,0.023,0.020,0.065,0.000,37,W,0,,,,219539,124.34,0
738,1721.883,"Mount",-0.043,0.030,0.047,0.024,0.077,0.000,44,W,0,,,,221728,114.10,0
739,1724.272,"Mount",-0.058,0.144,0.155,-0.015,0.157,0.000,90,W,0,,,,222115,114.04,0
740,1726.386,"Mount",0.054,-0.026,-0.048,-0.036,0.093,0.000,53,W,0,,,,219663,116.21,0
741,1728.773,"Mount",0.072,-0.084,-0.107,-0.025,0.064,0.000,37,W,0,,,,240850,139.58,0
742,1731.096,"Mount",0.159,0.136,0.047,-0.204,0.106,-0.073,61,W,31,N,,,230536,108.69,0
743,1733.685,"Mount",0.002,0.505,0.447,-0.235,0.295,-0.088,169,W,37,N,,,235731,120.14,0
744,1735.896,"Mount",-0.068,0.123,0.140,0.003,0.162,0.000,93,W,0,,,,239693,128.33,0
745,1738.400,"Mount",-0.281,-0.004,0.126,0.251,0.173,0.090,99,W,39,S,,,246475,111.00,0
746,1740.719,"Mount",-0.210,0.043,0.135,0.166,0.197,0.064,112,W,27,S,,,250521,118.40,0
747,1743.140,"Mount",0.002,-0.121,-0.108,0.054,0.096,0.000,55,W,0,,,,260199,126.19,0
748,1745.405,"Mount",-0.029,-0.501,-0.431,0.257,-0.045,0.092,26,E,40,S,,,261393,121.32,0
749,1747.776,"Mount",-0.008,-0.071,-0.059,0.040,0.152,0.000,87,W,0,,,,249407,125.68,0
750,1749.909,"Mount",0.009,0.041,0.033,-0.027,0.129,0.000,73,W,0,,,,241683,115.78,0
751,1752.312,"Mount",0.402,-0.037,-0.218,-0.339,0.014,-0.122,8,W,52,N,,,252406,123.02,0
752,1754.519,"Mount",0.229,0.021,-0.087,-0.213,0.056,-0.082,32,W,35,N,,,244923,118.53,0
753,1756.853,"Mount",0.166,-0.132,-0.193,-0.086,-0.001,-0.034,0,,15,N,,,251843,110.33,0
754,1758.959,"Mount",0.026,-0.098,-0.099,0.022,0.005,0.000,3,W,0,,,,260820,120.41,0
755,1761.343,"Mount",-0.037,-0.116,-0.086,0.087,-0.010,0.031,6,E,13,S,,,256464,144.55,0
756,1763.463,"Mount",0.003,-0.091,-0.082,0.039,-0.029,0.000,17,E,0,,,,226698,109.60,0
757,1765.850,"Mount",0.087,-0.249,-0.261,0.038,-0.125,0.000,71,E,0,,,,246149,108.68,0
758,1768.068,"Mount",0.048,-0.254,-0.247,0.075,-0.122,0.027,70,E,12,S,,,242215,121.91,0
759,1770.423,"Mount",0.036,-0.098,-0.104,0.014,-0.073,0.000,42,E,0,,,,228230,112.18,0
760,1772.565,"Mount",0.114,-0.011,-0.062,-0.097,-0.042,-0.035,24,E,15,N,,,232992,114.77,0
761,1775.061,"Mount",0.094,0.039,-0.009,-0.102,-0.012,-0.038,7,E,16,N,,,221394,110.26,0
762,1777.273,"Mount",-0.084,-0.197,-0.136,0.165,-0.051,0.058,29,E,25,S,,,240605,111.60,0
763,1779.660,"Mount",0.094,0.139,0.081,-0.148,0.069,-0.051,40,W,22,N,,,225710,115.63,0
764,1781.774,"Mount",-0.000,0.122,0.109,-0.056,0.091,0.000,52,W,0,,,,240426,117.20,0
765,1784.169,"Mount",0.063,0.121,0.079,-0.112,0.091,-0.040,52,W,17,N,,,247520,125.55,0
766,1786.290,"Mount",0.046,0.037,0.012,-0.057,0.078,0.000,44,W,0,,,,242377,112.97,0
767,1788.735,"Mount",0.048,0.052,0.024,-0.067,0.118,-0.024,67,W,10,N,,,229171,113.91,0
768,1791.044,"Mount",-0.187,0.176,0.242,0.084,0.244,0.029,140,W,13,S,,,250044,119.17,0
769,1793.584,"Mount",-0.174,0.085,0.156,0.115,0.219,0.043,125,W,18,S,,,226400,103.05,0
770,1795.923,"Mount",-0.358,0.053,0.212,0.293,0.259,0.107,148,W,46,S,,,242978,108.62,0
771,1798.574,"Mount",0.155,0.470,0.346,-0.355,0.348,-0.123,199,W,53,N,,,239669,124.64,0
772,1800.848,"Mount",-0.002,0.155,0.139,-0.070,0.261,-0.030,149,W,13,N,,,238458,116.15,0
773,1803.351,"Mount",-0.285,-0.448,-0.267,0.460,0.100,0.164,57,W,70,S,,,232399,115.51,0
774,1805.645,"Mount",0.013,0.133,0.112,-0.073,0.259,-0.020,148,W,8,N,,,220270,112.10,0
775,1808.268,"Mount",0.052,0.187,0.142,-0.132,0.266,-0.048,152,W,21,N,,,224286,109.62,0
776,1810.540,"Mount",0.090,0.262,0.191,-0.200,0.262,-0.074,150,W,32,N,,,213303,118.12,0
777,1812.905,"Mount",0.133,-0.197,-0.236,-0.028,0.055,0.000,31,W,0,,,,215176,108.83,0
778,1814.983,"Mount",0.085,-0.198,-0.215,0.016,0.033,0.000,19,W,0,,,,223160,112.79,0
779,1817.308,"Mount",0.108,-0.206,-0.233,-0.000,0.004,0.000,3,W,0,,,,230859,121.39,0
780,1819.468,"Mount",0.206,-0.168,-0.244,-0.105,-0.027,-0.038,15,E,16,N,,,242271,127.78,0
781,1821.883,"Mount",0.150,0.027,-0.045,-0.145,0.073,-0.054,41,W,23,N,,,240539,121.94,0
782,1824.062,"Mount",0.057,0.042,0.011,-0.070,0.056,-0.027,32,W,12,N,,,222944,117.47,0
783,1826.399,"Mount",0.008,-0.004,-0.008,-0.005,0.040,0.000,23,W,0,,,,220747,107.70,0
784,1828.504,"Mount",0.034,-0.029,-0.041,-0.017,0.036,0.000,20,W,0,,,,220990,112.12,0
785,1830.938,"Mount",-0.149,-0.131,-0.048,0.192,0.019,0.069,11,W,30,S,,,223742,106.86,0
786,1833.209,"Mount",-0.034,-0.467,-0.399,0.246,-0.171,0.091,98,E,39,S,,,222703,109.92,0
787,1835.632,"Mount",0.221,-0.022,-0.121,-0.186,-0.068,-0.063,39,E,27,N,,,203922,108.03,0
788,1837.904,"Mount",0.382,-0.006,-0.181,-0.336,-0.089,-0.124,51,E,53,N,,,211363,121.90,0
789,1840.385,"Mount",0.130,-0.087,-0.138,-0.075,-0.093,-0.032,53,E,14,N,,,203891,107.46,0
790,1842.540,"Mount",0.120,0.002,-0.053,-0.107,-0.030,-0.040,17,E,17,N,,,219033,114.77,0
791,1844.901,"Mount",0.135,0.019,-0.046,-0.128,-0.032,-0.048,18,E,20,N,,,215590,116.61,0
792,1847.047,"Mount",0.101,0.024,-0.025,-0.101,-0.033,-0.038,19,E,16,N,,,207503,115.69,0
793,1849.498,"Mount",0.186,0.008,-0.078,-0.168,-0.066,-0.062,38,E,27,N,,,197900,103.02,0
794,1851.613,"Mount",0.016,0.068,0.053,-0.045,-0.014,0.000,8,E,0,,,,224708,119.51,0
795,1854.024,"Mount",0.116,0.072,0.011,-0.136,0.008,-0.049,4,W,21,N,,,201355,100.89,0
796,1856.156,"Mount",0.058,-0.055,-0.075,-0.026,-0.022,0.000,13,E,0,,,,203003,117.41,0
797,1858.475,"Mount",0.002,0.022,0.018,-0.012,0.009,0.000,5,W,0,,,,197715,97.75,0
798,1860.689,"Mount",0.095,0.076,0.023,-0.119,0.007,-0.043,4,W,18,N,,,186908,101.19,0
799,1863.019,"Mount",-0.000,0.039,0.035,-0.018,0.008,0.000,5,W,0,,,,214654,114.85,0
800,1865.142,"Mount",-0.056,0.083,0.100,0.012,0.062,0.000,35,W,0,,,,189886,100.32,0
801,1867.456,"Mount",0.019,0.014,0.003,-0.023,0.006,0.000,4,W,0,,,,203640,106.15,0
802,1869.573,"Mount",-0.017,-0.059,-0.045,0.043,0.005,0.000,3,W,0,,,,203753,120.97,0
803,1871.898,"Mount",0.030,-0.037,-0.047,-0.010,0.004,0.000,3,W,0,,,,204193,113.92,0
804,1874.003,"Mount",0.045,0.011,-0.011,-0.045,0.007,0.000,4,W,0,,,,203713,106.46,0
805,1876.390,"Mount",-0.006,-0.222,-0.194,0.108,-0.070,0.039,40,E,17,S,,,201994,114.33,0
806,1878.491,"Mount",-0.035,-0.028,-0.009,0.044,0.018,0.000,11,W,0,,,,193733,95.16,0
807,1880.832,"Mount",0.015,-0.000,-0.007,-0.013,0.011,0.000,6,W,0,,,,197660,109.77,0
808,1882.926,"Mount",-0.016,0.008,0.015,0.011,0.007,0.000,4,W,0,,,,198431,113.53,0
809,1885.326,"Mount",0.083,-0.009,-0.046,-0.069,0.004,-0.025,2,W,11,N,,,198020,107.80,0
810,1887.562,"Mount",0.054,-0.310,-0.301,0.095,-0.144,0.033,82,E,14,S,,,198401,123.67,0
811,1889.955,"Mount",0.060,0.053,0.019,-0.077,-0.011,-0.026,7,E,11,N,,,197318,112.81,0
812,1892.231,"Mount",-0.030,-0.102,-0.077,0.073,-0.046,0.025,26,E,11,S,,,205173,113.60,0
813,1894.636,"Mount",-0.062,-0.049,-0.015,0.078,-0.009,0.029,5,E,12,S,,,216487,128.42,0
814,1896.730,"Mount",-0.027,-0.011,0.003,0.029,0.001,0.000,1,W,0,,,,184501,100.13,0
815,1899.074,"Mount",-0.005,0.066,0.061,-0.027,0.035,0.000,20,W,0,,,,197230,118.30,0
816,1901.232,"Mount",0.062,0.093,0.054,-0.098,0.019,-0.035,11,W,15,N,,,202777,114.10,0
817,1903.661,"Mount",0.072,0.161,0.110,-0.138,0.088,-0.051,51,W,22,N,,,197184,113.38,0
818,1905.779,"Mount",0.027,0.069,0.049,-0.056,0.037,0.000,21,W,0,,,,214541,127.30,0
819,1908.177,"Mount",0.046,0.057,0.029,-0.067,0.037,-0.024,21,W,10,N,,,210939,105.91,0
820,1910.313,"Mount",-0.030,0.151,0.148,-0.043,0.108,0.000,62,W,0,,,,197132,101.20,0
821,1912.672,"Mount",-0.011,0.076,0.073,-0.025,0.074,0.000,42,W,0,,,,208769,110.29,0
822,1914.797,"Mount",0.022,0.034,0.020,-0.035,0.027,0.000,15,W,0,,,,219374,120.89,0
823,1917.149,"Mount",-0.003,0.054,0.050,-0.022,0.019,0.000,11,W,0,,,,211191,108.18,0
824,1919.341,"Mount",-0.007,0.146,0.133,-0.062,0.060,-0.022,34,W,9,N,,,216810,105.38,0
825,1921.669,"Mount",0.022,0.022,0.009,-0.030,-0.011,0.000,7,E,0,,,,212575,119.22,0
826,1923.771,"Mount",0.005,0.055,0.047,-0.029,-0.009,0.000,5,E,0,,,,221185,108.12,0
827,1926.205,"Mount",0.128,-0.066,-0.117,-0.083,-0.089,-0.030,51,E,13,N,,,219388,120.19,0
828,1928.348,"Mount",0.162,0.183,0.088,-0.228,-0.005,-0.083,3,E,36,N,,,222818,117.42,0
829,1930.884,"Mount",0.196,-0.102,-0.180,-0.127,-0.151,-0.049,87,E,21,N,,,205851,104.95,0
830,1933.072,"Mount",0.101,-0.105,-0.140,-0.041,-0.153,0.000,87,E,0,,,,215752,120.54,0
831,1935.429,"Mount",0.008,-0.012,-0.014,-0.001,-0.105,0.000,60,E,0,,,,206912,99.64,0
832,1937.895,"Mount",-0.545,-0.909,-0.556,0.903,-0.361,0.325,206,E,139,S,,,210396,103.45,0
833,1940.462,"Mount",0.676,0.270,-0.071,-0.725,-0.167,-0.248,95,E,106,N,,,212333,112.22,0
834,1942.723,"Mount",0.404,0.220,0.010,-0.460,-0.107,-0.175,61,E,75,N,,,230857,128.60,0
835,1945.146,"Mount",0.003,-0.009,-0.010,0.001,-0.124,0.000,71,E,0,,,,213344,112.92,0
836,1947.414,"Mount",0.041,-0.194,-0.192,0.053,-0.196,0.000,112,E,0,,,,218297,122.40,0
837,1949.798,"Mount",0.058,-0.147,-0.157,0.016,-0.170,0.000,97,E,0,,,,236607,140.94,0
838,1952.031,"Mount",-0.004,-0.204,-0.179,0.098,-0.164,0.035,94,E,15,S,,,229607,137.75,0
839,1954.498,"Mount",-0.159,-0.254,-0.153,0.258,-0.141,0.094,81,E,40,S,,,242208,114.60,0
840,1956.730,"Mount",-0.047,-0.156,-0.117,0.113,-0.124,0.045,71,E,19,S,,,246806,114.09,0
841,1959.164,"Mount",0.162,0.179,0.084,-0.226,-0.028,-0.080,16,E,34,N,,,238991,120.53,0
842,1961.319,"Mount",-0.005,-0.035,-0.029,0.021,-0.059,0.000,34,E,0,,,,224763,114.35,0
843,1963.638,"Mount",-0.098,0.137,0.166,0.023,0.020,0.000,11,W,0,,,,235564,115.53,0
844,1965.807,"Mount",0.077,0.188,0.131,-0.155,0.004,-0.056,2,W,24,N,,,242274,116.86,0
845,1968.277,"Mount",-0.096,-0.063,-0.012,0.114,-0.055,0.039,32,E,17,S,,,234270,115.24,0
846,1970.346,"Mount",-0.008,0.140,0.128,-0.058,-0.009,0.000,5,E,0,,,,233877,109.64,0
847,1972.751,"Mount",-0.026,0.213,0.201,-0.075,0.022,-0.027,13,W,12,N,,,240091,122.18,0
848,1974.876,"Mount",-0.102,0.090,0.127,0.049,0.005,0.000,3,W,0,,,,215251,115.52,0
849,1977.171,"Mount",0.005,0.106,0.092,-0.054,-0.013,0.000,7,E,0,,,,220939,107.40,0
850,1979.424,"Mount",-0.067,-0.215,-0.160,0.158,-0.132,0.057,76,E,24,S,,,210852,104.82,0
851,1981.761,"Mount",0.003,-0.063,-0.058,0.026,-0.097,0.000,55,E,0,,,,232082,123.08,0
852,1983.951,"Mount",0.013,0.111,0.093,-0.063,-0.066,-0.023,38,E,10,N,,,231967,121.79,0
853,1986.336,"Mount",0.075,-0.080,-0.105,-0.030,-0.183,0.000,104,E,0,,,,241653,123.02,0
854,1988.574,"Mount",0.067,0.020,-0.013,-0.068,-0.129,-0.025,74,E,11,N,,,248573,122.09,0
855,1991.187,"Mount",-0.043,-0.476,-0.403,0.258,-0.340,0.092,194,E,39,S,,,245267,120.21,0
856,1993.643,"Mount",-0.047,-0.661,-0.565,0.347,-0.417,0.129,238,E,55,S,,,243471,122.05,0
857,1996.183,"Mount",0.515,0.318,0.045,-0.604,-0.187,-0.212,107,E,91,N,,,242163,121.31,0
858,1998.459,"Mount",0.057,0.087,0.051,-0.090,-0.200,-0.041,115,E,18,N,,,239151,112.47,0
859,2000.896,"Mount",0.012,-0.063,-0.061,0.018,-0.236,0.000,135,E,0,,,,252321,136.74,0
860,2003.134,"Mount",0.048,-0.096,-0.107,0.002,-0.245,0.000,140,E,0,,,,249129,118.28,0
861,2005.645,"Mount",-0.190,-0.115,-0.015,0.222,-0.212,0.080,121,E,34,S,,,237726,126.54,0
862,2007.888,"Mount",0.019,0.116,0.094,-0.070,-0.180,-0.022,103,E,9,N,,,254328,118.05,0
863,2010.467,"Mount",0.075,0.043,0.004,-0.086,-0.232,-0.032,133,E,14,N,,,264244,120.78,0
864,2012.632,"Mount",-0.047,0.131,0.138,-0.019,-0.155,0.000,89,E,0,,,,254983,120.45,0
865,2015.185,"Mount",-0.024,0.330,0.304,-0.132,-0.056,-0.047,32,E,20,N,,,264250,113.91,0
866,2017.416,"Mount",0.022,0.111,0.089,-0.070,-0.099,-0.027,57,E,12,N,,,270546,126.29,0
867,2019.846,"Mount",0.027,0.095,0.072,-0.068,-0.084,-0.025,48,E,11,N,,,244339,119.65,0
868,2021.933,"Mount",-0.074,0.136,0.155,0.003,-0.017,0.000,10,E,0,,,,251443,120.86,0
869,2024.266,"Mount",-0.011,-0.036,-0.027,0.026,-0.067,0.000,38,E,0,,,,258204,123.02,0
870,2026.352,"Mount",-0.004,0.026,0.025,-0.008,-0.072,0.000,41,E,0,,,,253260,124.04,0
871,2028.783,"Mount",-0.066,-0.057,-0.020,0.085,-0.080,0.031,46,E,13,S,,,235697,115.87,0
872,2031.027,"Mount",-0.044,-0.135,-0.099,0.101,-0.132,0.038,75,E,16,S,,,246019,113.58,0
873,2033.526,"Mount",0.195,-0.376,-0.424,0.000,-0.275,0.000,157,E,0,,,,239895,110.42,0
874,2035.738,"Mount",0.014,0.124,0.104,-0.070,-0.043,-0.025,24,E,11,N,,,244757,119.25,0
875,2038.219,"Mount",0.044,-0.280,-0.269,0.090,-0.207,0.031,118,E,13,S,,,240246,115.05,0
876,2040.425,"Mount",-0.217,-0.088,0.021,0.233,-0.082,0.085,47,E,36,S,,,229201,119.39,0
877,2042.793,"Mount",-0.072,0.219,0.228,-0.038,0.028,0.000,16,W,0,,,,230819,125.14,0
878,2044.898,"Mount",-0.029,0.123,0.122,-0.031,-0.012,0.000,7,E,0,,,,231167,112.59,0
879,2047.321,"Mount",-0.028,0.313,0.290,-0.120,0.080,-0.043,46,W,18,N,,,224624,114.92,0
880,2049.517,"Mount",0.076,0.138,0.087,-0.131,0.022,-0.049,13,W,21,N,,,238155,126.98,0
881,2051.854,"Mount",0.003,0.070,0.061,-0.035,0.027,0.000,16,W,0,,,,230392,123.43,0
882,2054.071,"Mount",-0.306,-0.071,0.078,0.304,0.038,0.109,22,W,47,S,,,237626,134.99,0
883,2056.458,"Mount",0.097,0.158,0.096,-0.159,0.040,-0.053,23,W,23,N,,,250098,109.87,0
884,2058.628,"Mount",0.050,0.111,0.075,-0.095,0.043,-0.036,25,W,16,N,,,241217,112.05,0
885,2060.966,"Mount",0.002,-0.098,-0.088,0.044,-0.030,0.000,17,E,0,,,,244479,112.03,0
886,2063.148,"Mount",-0.048,-0.120,-0.084,0.098,-0.019,0.035,11,E,15,S,,,237268,114.83,0
887,2065.618,"Mount",0.037,0.226,0.184,-0.137,0.120,-0.048,68,W,20,N,,,244931,119.82,0
888,2067.848,"Mount",0.057,0.197,0.149,-0.141,0.125,-0.053,71,W,23,N,,,255968,119.37,0
889,2070.333,"Mount",0.134,0.206,0.121,-0.214,0.138,-0.079,79,W,34,N,,,247626,126.41,0
890,2072.531,"Mount",-0.073,0.213,0.223,-0.033,0.198,0.000,113,W,0,,,,248551,110.00,0
891,2074.984,"Mount",-0.115,-0.013,0.042,0.108,0.108,0.039,62,W,17,S,,,238172,114.17,0
892,2077.243,"Mount",-0.135,0.038,0.096,0.102,0.158,0.038,90,W,16,S,,,227213,110.77,0
893,2079.652,"Mount",-0.071,0.126,0.144,0.005,0.169,0.000,97,W,0,,,,248590,132.99,0
894,2081.794,"Mount",-0.009,0.011,0.013,0.003,0.098,0.000,56,W,0,,,,262452,131.60,0
895,2084.318,"Mount",-0.252,0.009,0.124,0.219,0.158,0.079,90,W,34,S,,,255061,120.38,0
896,2086.610,"Mount",-0.181,-0.063,0.027,0.190,0.104,0.071,59,W,31,S,,,251569,130.24,0
897,2089.105,"Mount",-0.044,0.216,0.212,-0.061,0.220,-0.019,126,W,8,N,,,251886,114.94,0
898,2091.269,"Mount",0.010,0.062,0.051,-0.038,0.126,0.000,72,W,0,,,,242671,122.64,0
899,2093.801,"Mount",0.153,0.142,0.055,-0.201,0.154,-0.072,88,W,31,N,,,260136,119.10,0
900,2096.016,"Mount",0.110,-0.033,-0.080,-0.082,0.102,-0.033,58,W,14,N,,,244852,120.19,0
901,2098.386,"Mount",0.065,0.004,-0.026,-0.060,0.142,0.000,81,W,0,,,,232873,114.09,0
902,2100.539,"Mount",0.069,-0.100,-0.120,-0.015,0.052,0.000,30,W,0,,,,247461,110.05,0
903,2102.877,"Mount",0.175,-0.218,-0.274,-0.055,-0.044,0.000,25,E,0,,,,242289,125.91,0
904,2105.051,"Mount",0.200,-0.133,-0.210,-0.116,-0.029,-0.042,16,E,18,N,,,249453,140.43,0
905,2107.534,"Mount",0.187,-0.087,-0.163,-0.126,-0.041,-0.047,23,E,20,N,,,228421,121.90,0
906,2109.751,"Mount",0.026,-0.193,-0.183,0.066,-0.080,0.022,46,E,9,S,,,244622,130.23,0
907,2112.076,"Mount",0.079,-0.121,-0.144,-0.014,-0.082,0.000,47,E,0,,,,225675,120.10,0
908,2114.180,"Mount",-0.049,0.002,0.024,0.043,-0.020,0.000,12,E,0,,,,216229,108.21,0
909,2116.480,"Mount",0.027,0.024,0.009,-0.035,-0.029,0.000,17,E,0,,,,224844,122.43,0
910,2118.609,"Mount",0.001,0.051,0.044,-0.025,-0.026,0.000,15,E,0,,,,212066,103.25,0
911,2120.938,"Mount",-0.070,0.104,0.124,0.014,0.035,0.000,20,W,0,,,,217910,124.01,0
912,2123.028,"Mount",-0.001,-0.058,-0.051,0.028,-0.004,0.000,2,E,0,,,,216126,120.14,0
913,2125.408,"Mount",0.073,0.106,0.061,-0.113,0.047,-0.041,27,W,17,N,,,191082,108.72,0
914,2127.574,"Mount",0.025,0.087,0.065,-0.062,0.062,-0.024,35,W,10,N,,,211749,114.54,0
915,2129.948,"Mount",0.003,0.083,0.072,-0.041,0.083,0.000,47,W,0,,,,209485,127.38,0
916,2132.178,"Mount",0.094,0.029,-0.017,-0.097,0.058,-0.035,33,W,15,N,,,204186,120.37,0
917,2134.586,"Mount",-0.037,0.144,0.145,-0.034,0.154,0.000,88,W,0,,,,230085,126.20,0
918,2136.793,"Mount",-0.123,0.140,0.181,0.045,0.190,0.000,109,W,0,,,,226795,105.97,0
919,2139.318,"Mount",-0.033,0.286,0.269,-0.103,0.239,-0.037,137,W,16,N,,,220188,106.81,0
920,2141.559,"Mount",-0.111,0.227,0.252,-0.006,0.269,0.000,154,W,0,,,,227273,116.54,0
921,2144.094,"Mount",-0.075,0.210,0.221,-0.031,0.284,0.000,163,W,0,,,,229888,131.90,0
922,2146.417,"Mount",0.011,0.195,0.168,-0.099,0.261,-0.036,149,W,15,N,,,230702,116.72,0
923,2148.972,"Mount",-0.024,0.216,0.203,-0.079,0.308,-0.030,176,W,13,N,,,201461,100.50,0
924,2151.266,"Mount",-0.094,0.261,0.275,-0.037,0.331,0.000,190,W,0,,,,225580,104.28,0
925,2153.733,"Mount",-0.068,0.078,0.101,0.024,0.251,0.000,143,W,0,,,,215041,114.41,0
926,2155.943,"Mount",-0.014,0.029,0.032,-0.001,0.177,0.000,101,W,0,,,,215162,111.59,0
927,2158.343,"Mount",0.058,-0.086,-0.103,-0.012,0.120,0.000,69,W,0,,,,215009,119.49,0
928,2160.599,"Mount",0.011,-0.156,-0.144,0.062,0.067,0.022,38,W,10,S,,,224225,116.47,0
929,2162.954,"Mount",0.056,-0.062,-0.080,-0.021,0.085,0.000,48,W,0,,,,206903,99.62,0
930,2165.146,"Mount",0.127,0.031,-0.032,-0.127,0.099,-0.046,56,W,20,N,,,220758,123.48,0
931,2167.483,"Mount",0.024,-0.151,-0.145,0.048,0.026,0.000,15,W,0,,,,231914,109.52,0
932,2169.712,"Mount",-0.034,-0.074,-0.050,0.064,0.081,0.023,46,W,10,S,,,217999,112.19,0
933,2172.039,"Mount",0.051,-0.112,-0.123,0.007,0.014,0.000,8,W,0,,,,223527,98.63,0
934,2174.286,"Mount",-0.202,-0.385,-0.249,0.357,-0.058,0.128,33,E,55,S,,,228213,110.45,0
935,2176.637,"Mount",-0.006,0.094,0.086,-0.038,0.076,0.000,43,W,0,,,,229750,113.51,0
936,2178.817,"Mount",0.079,0.088,0.042,-0.111,0.017,-0.040,10,W,17,N,,,223543,109.53,0
937,2181.346,"Mount",0.197,0.156,0.048,-0.247,-0.004,-0.091,3,E,39,N,,,246137,141.59,0
938,2183.497,"Mount",0.074,-0.077,-0.103,-0.030,-0.064,0.000,37,E,0,,,,234092,110.11,0
939,2185.834,"Mount",0.055,-0.048,-0.068,-0.026,-0.053,0.000,30,E,0,,,,242048,126.85,0
940,2187.933,"Mount",0.029,-0.013,-0.025,-0.020,-0.034,0.000,19,E,0,,,,239528,135.69,0
941,2190.377,"Mount",-0.061,-0.013,0.017,0.060,-0.039,0.022,22,E,9,S,,,246105,140.03,0
942,2192.528,"Mount",0.056,0.005,-0.021,-0.052,-0.042,0.000,24,E,0,,,,251004,127.62,0
943,2194.887,"Mount",0.110,0.030,-0.024,-0.111,-0.028,-0.040,16,E,17,N,,,241672,121.40,0
944,2197.013,"Mount",0.031,-0.062,-0.069,0.001,-0.057,0.000,33,E,0,,,,236409,119.36,0
945,2199.325,"Mount",-0.019,0.148,0.140,-0.052,0.050,0.000,29,W,0,,,,230683,107.87,0
946,2201.567,"Mount",0.071,0.292,0.226,-0.198,0.102,-0.071,58,W,30,N,,,246980,132.11,0
947,2203.971,"Mount",0.027,0.155,0.125,-0.096,0.066,-0.037,38,W,16,N,,,243915,109.53,0
948,2206.102,"Mount",-0.079,0.115,0.138,0.018,0.075,0.000,43,W,0,,,,266219,125.99,0
949,2208.521,"Mount",0.002,0.172,0.152,-0.081,0.081,-0.029,46,W,12,N,,,240951,108.98,0
950,2210.686,"Mount",-0.058,-0.083,-0.047,0.090,0.009,0.031,5,W,13,S,,,241045,121.22,0
951,2213.043,"Mount",-0.046,0.115,0.124,-0.012,0.072,0.000,41,W,0,,,,223477,118.15,0
952,2215.210,"Mount",0.084,0.012,-0.027,-0.080,0.002,-0.029,1,W,12,N,,,240388,114.99,0
953,2217.531,"Mount",0.035,-0.040,-0.052,-0.012,-0.003,0.000,2,E,0,,,,234811,119.19,0
954,2219.694,"Mount",0.120,0.043,-0.017,-0.126,-0.002,-0.045,1,E,19,N,,,241889,140.60,0
955,2222.038,"Mount",-0.014,0.084,0.081,-0.026,0.042,0.000,24,W,0,,,,252120,125.73,0
956,2224.187,"Mount",0.103,-0.175,-0.203,-0.011,-0.079,0.000,45,E,0,,,,253777,116.20,0
957,2226.606,"Mount",0.039,0.111,0.080,-0.086,0.053,-0.031,31,W,13,N,,,231387,104.40,0
958,2228.743,"Mount",0.084,-0.080,-0.110,-0.038,-0.037,0.000,21,E,0,,,,243119,114.70,0
959,2231.268,"Mount",0.060,-0.278,-0.274,0.075,-0.125,0.027,71,E,12,S,,,239128,108.52,0
960,2233.370,"Mount",0.069,-0.004,-0.035,-0.059,-0.001,0.000,1,E,0,,,,242484,119.79,0
961,2235.727,"Mount",-0.063,-0.111,-0.070,0.107,-0.047,0.039,27,E,17,S,,,237777,114.45,0
962,2237.893,"Mount",0.040,0.096,0.067,-0.080,0.014,-0.027,8,W,12,N,,,235927,115.08,0
963,2240.236,"Mount",-0.062,0.046,0.070,0.034,0.020,0.000,11,W,0,,,,220788,104.14,0
964,2242.308,"Mount",-0.035,0.043,0.055,0.012,-0.008,0.000,4,E,0,,,,232677,128.87,0
965,2244.678,"Mount",-0.084,0.100,0.128,0.028,0.063,0.000,36,W,0,,,,221258,114.67,0
966,2246.891,"Mount",-0.000,0.158,0.140,-0.072,0.081,-0.026,46,W,11,N,,,216171,113.69,0
967,2249.311,"Mount",0.000,0.133,0.118,-0.062,0.083,-0.023,48,W,10,N,,,213103,114.21,0
968,2251.459,"Mount",-0.064,0.046,0.070,0.036,0.060,0.000,34,W,0,,,,222794,119.98,0
969,2253.863,"Mount",-0.128,0.136,0.179,0.051,0.117,0.000,67,W,0,,,,211847,118.54,0
970,2256.058,"Mount",-0.072,0.197,0.208,-0.027,0.133,0.000,76,W,0,,,,228505,111.80,0
971,2258.366,"Mount",0.035,0.049,0.028,-0.054,0.043,0.000,24,W,0,,,,224594,110.45,0
972,2260.535,"Mount",0.063,0.020,-0.011,-0.065,0.040,-0.023,23,W,10,N,,,211326,105.31,0
973,2262.970,"Mount",-0.124,-0.253,-0.168,0.227,-0.044,0.081,25,E,35,S,,,220003,124.79,0
974,2265.093,"Mount",0.032,0.003,-0.012,-0.030,0.018,0.000,10,W,0,,,,225034,124.20,0
975,2267.460,"Mount",0.055,0.075,0.041,-0.083,0.001,-0.030,1,W,13,N,,,234013,124.13,0
976,2269.637,"Mount",0.087,0.003,-0.037,-0.079,-0.013,-0.030,7,E,13,N,,,229178,118.92,0
977,2272.005,"Mount",0.071,-0.054,-0.081,-0.038,-0.059,0.000,34,E,0,,,,233403,113.18,0
978,2274.279,"Mount",0.074,0.084,0.040,-0.105,-0.034,-0.038,19,E,16,N,,,224989,114.47,0
979,2276.728,"Mount",-0.025,-0.247,-0.208,0.137,-0.151,0.048,86,E,20,S,,,195130,97.81,0
980,2278.981,"Mount",-0.021,-0.279,-0.238,0.148,-0.186,0.055,106,E,24,S,,,212013,96.18,0
981,2281.369,"Mount",0.073,-0.106,-0.128,-0.016,-0.155,0.000,88,E,0,,,,240306,121.61,0
982,2283.541,"Mount",0.067,-0.179,-0.189,0.023,-0.181,0.000,104,E,0,,,,248099,123.91,0
983,2286.012,"Mount",0.132,-0.087,-0.138,-0.077,-0.183,-0.028,105,E,12,N,,,246713,112.08,0
984,2288.286,"Mount",0.196,0.000,-0.090,-0.174,-0.168,-0.064,96,E,27,N,,,241956,124.91,0
985,2290.681,"Mount",0.066,-0.022,-0.050,-0.048,-0.112,0.000,64,E,0,,,,243733,129.85,0
986,2292.925,"Mount",0.154,-0.262,-0.303,-0.015,-0.254,0.000,145,E,0,,,,251872,130.35,0
987,2295.388,"Mount",-0.053,-0.119,-0.081,0.102,-0.156,0.037,89,E,16,S,,,228570,110.31,0
988,2297.623,"Mount",-0.095,-0.057,-0.007,0.111,-0.110,0.041,63,E,18,S,,,229620,116.86,0
989,2300.041,"Mount",0.089,-0.023,-0.061,-0.069,-0.127,-0.023,72,E,10,N,,,237634,123.37,0
990,2302.187,"Mount",-0.027,0.086,0.089,-0.016,-0.048,0.000,28,E,0,,,,231464,126.01,0
991,2304.542,"Mount",-0.080,0.045,0.077,0.051,-0.046,0.000,27,E,0,,,,225393,115.17,0
992,2306.715,"Mount",-0.007,-0.092,-0.078,0.049,-0.101,0.000,58,E,0,,,,230379,125.46,0
993,2309.080,"Mount",0.024,0.073,0.054,-0.055,-0.053,0.000,31,E,0,,,,221778,117.80,0
994,2311.220,"Mount",-0.028,0.014,0.025,0.019,-0.043,0.000,25,E,0,,,,230935,133.43,0
995,2313.603,"Mount",-0.090,0.036,0.073,0.063,-0.020,0.023,11,E,10,S,,,237896,118.66,0
996,2315.678,"Mount",0.016,0.119,0.099,-0.069,0.000,-0.024,0,,10,N,,,248068,113.51,0
997,2318.126,"Mount",-0.040,0.262,0.250,-0.086,0.053,-0.032,30,W,14,N,,,228137,107.28,0
998,2320.247,"Mount",-0.033,0.033,0.045,0.014,-0.059,0.000,34,E,0,,,,219009,123.47,0
999,2322.619,"Mount",0.047,-0.058,-0.073,-0.015,-0.087,0.000,49,E,0,,,,203819,118.24,0
1000,2324.741,"Mount",0.015,-0.030,-0.033,0.000,-0.045,0.000,26,E,0,,,,201671,105.03,0
1001,2327.257,"Mount",0.164,-0.160,-0.217,-0.072,-0.159,-0.026,91,E,11,N,,,254356,133.17,0
1002,2329.609,"Mount",-0.041,-0.266,-0.217,0.159,-0.195,0.056,111,E,24,S,,,235000,114.85,0
1003,2332.030,"Mount",0.023,-0.127,-0.124,0.039,-0.182,0.000,104,E,0,,,,228098,100.57,0
1004,2334.238,"Mount",0.060,-0.018,-0.044,-0.045,-0.148,0.000,85,E,0,,,,265626,126.04,0
1005,2336.674,"Mount",-0.012,-0.032,-0.023,0.025,-0.157,0.000,90,E,0,,,,237470,135.29,0
1006,2338.849,"Mount",0.083,-0.137,-0.160,-0.011,-0.228,0.000,130,E,0,,,,227577,123.56,0
1007,2341.364,"Mount",0.126,-0.092,-0.139,-0.070,-0.229,-0.025,131,E,11,N,,,227254,113.08,0
1008,2343.659,"Mount",0.134,-0.065,-0.119,-0.089,-0.221,-0.033,126,E,14,N,,,232136,114.47,0
1009,2346.188,"Mount",-0.017,-0.108,-0.087,0.065,-0.229,0.022,131,E,9,S,,,237165,129.62,0
1010,2348.437,"Mount",0.109,-0.038,-0.084,-0.080,-0.218,-0.028,125,E,12,N,,,220713,109.16,0
1011,2350.949,"Mount",-0.032,-0.137,-0.107,0.092,-0.235,0.032,135,E,14,S,,,223099,108.58,0
1012,2353.308,"Mount",-0.016,-0.285,-0.246,0.146,-0.308,0.054,176,E,23,S,,,232158,119.91,0
1013,2355.763,"Mount",0.022,-0.031,-0.037,-0.005,-0.221,0.000,127,E,0,,,,229001,113.87,0
1014,2357.980,"Mount",0.038,-0.005,-0.022,-0.031,-0.215,0.000,123,E,0,,,,221594,114.36,0
1015,2360.406,"Mount",0.016,0.173,0.146,-0.094,-0.146,-0.034,84,E,15,N,,,225433,105.77,0
1016,2362.579,"Mount",0.005,0.101,0.088,-0.051,-0.139,0.000,80,E,0,,,,243161,120.14,0
1017,2364.985,"Mount",-0.011,-0.004,0.002,0.011,-0.152,0.000,87,E,0,,,,228833,117.73,0
1018,2367.120,"Mount",-0.078,0.093,0.118,0.026,-0.065,0.000,37,E,0,,,,233462,114.80,0
1019,2369.507,"Mount",0.037,0.050,0.028,-0.056,-0.112,0.000,64,E,0,,,,220994,118.68,0
1020,2371.724,"Mount",0.144,0.122,0.042,-0.184,-0.090,-0.066,52,E,28,N,,,241838,134.00,0
1021,2374.144,"Mount",0.053,0.253,0.200,-0.164,-0.008,-0.062,4,E,26,N,,,229125,127.02,0
1022,2376.266,"Mount",0.078,-0.028,-0.061,-0.056,-0.124,0.000,71,E,0,,,,242900,130.54,0
1023,2378.675,"Mount",0.070,0.209,0.154,-0.159,-0.025,-0.057,15,E,24,N,,,253855,133.80,0
1024,2380.779,"Mount",-0.046,0.183,0.184,-0.044,0.003,0.000,2,W,0,,,,235805,124.24,0
1025,2383.192,"Mount",0.006,0.142,0.124,-0.071,-0.025,-0.026,14,E,11,N,,,228395,115.66,0
1026,2385.448,"Mount",0.084,0.064,0.019,-0.104,-0.064,-0.038,36,E,16,N,,,230561,117.21,0
1027,2387.802,"Mount",-0.039,0.028,0.043,0.022,-0.059,0.000,34,E,0,,,,248286,127.17,0
1028,2389.931,"Mount",0.012,-0.059,-0.058,0.017,-0.053,0.000,30,E,0,,,,232103,129.10,0
1029,2392.329,"Mount",0.031,0.112,0.085,-0.079,-0.012,-0.028,7,E,12,N,,,242970,118.23,0
1030,2394.513,"Mount",0.078,-0.031,-0.063,-0.055,-0.075,0.000,43,E,0,,,,252352,112.83,0
1031,2396.856,"Mount",-0.095,0.141,0.169,0.019,0.054,0.000,31,W,0,,,,267325,129.23,0
1032,2398.977,"Mount",-0.008,0.137,0.125,-0.056,0.048,0.000,27,W,0,,,,248962,120.39,0
1033,2401.267,"Mount",0.023,-0.029,-0.036,-0.007,-0.009,0.000,5,E,0,,,,265933,137.32,0
1034,2403.342,"Mount",-0.046,-0.039,-0.014,0.058,-0.006,0.000,3,E,0,,,,228895,107.90,0
1035,2405.670,"Mount",-0.072,0.109,0.130,0.014,0.050,0.000,29,W,0,,,,246174,128.44,0
1036,2407.840,"Mount",0.124,0.038,-0.023,-0.128,0.001,-0.046,1,W,20,N,,,226420,123.86,0
1037,2410.232,"Mount",0.057,0.054,0.022,-0.076,0.012,-0.029,7,W,12,N,,,223184,112.05,0
1038,2412.324,"Mount",-0.028,0.030,0.039,0.011,0.023,0.000,13,W,0,,,,199859,116.42,0
1039,2414.709,"Mount",0.110,0.050,-0.006,-0.120,0.047,-0.043,27,W,19,N,,,181758,105.81,0
1040,2416.849,"Mount",0.026,0.071,0.051,-0.055,0.072,0.000,41,W,0,,,,192835,105.61,0
1041,2419.300,"Mount",0.105,0.124,0.062,-0.151,0.120,-0.054,69,W,23,N,,,195794,115.11,0
1042,2421.547,"Mount",0.031,0.123,0.095,-0.084,0.149,-0.032,85,W,14,N,,,199792,113.64,0
1043,2423.950,"Mount",0.092,-0.107,-0.137,-0.032,0.061,0.000,35,W,0,,,,187579,113.29,0
1044,2426.111,"Mount",-0.033,-0.014,0.002,0.036,0.125,0.000,72,W,0,,,,212737,119.97,0
1045,2428.489,"Mount",-0.018,0.124,0.119,-0.041,0.172,0.000,98,W,0,,,,197762,108.87,0
1046,2430.677,"Mount",-0.042,0.105,0.112,-0.011,0.162,0.000,93,W,0,,,,214348,134.19,0
1047,2433.157,"Mount",0.015,-0.328,-0.298,0.138,-0.019,0.050,11,E,21,S,,,190413,119.64,0
1048,2435.323,"Mount",0.012,0.030,0.021,-0.025,0.109,0.000,62,W,0,,,,183373,106.84,0
1049,2437.756,"Mount",0.059,0.087,0.050,-0.092,0.114,-0.033,65,W,14,N,,,173906,93.29,0
1050,2439.993,"Mount",0.152,0.077,-0.002,-0.171,0.108,-0.063,62,W,27,N,,,177832,107.30,0
1051,2442.337,"Mount",0.022,0.062,0.045,-0.048,0.123,0.000,70,W,0,,,,187696,120.96,0
1052,2444.486,"Mount",-0.012,-0.025,-0.017,0.022,0.114,0.000,65,W,0,,,,187203,110.72,0
1053,2446.888,"Mount",-0.043,-0.147,-0.111,0.106,0.058,0.038,33,W,16,S,,,214994,124.57,0
1054,2449.108,"Mount",-0.020,-0.125,-0.102,0.075,0.050,0.029,28,W,12,S,,,221688,114.18,0
1055,2451.452,"Mount",0.051,-0.058,-0.075,-0.018,0.037,0.000,21,W,0,,,,208703,105.83,0
1056,2453.632,"Mount",0.013,-0.202,-0.185,0.082,-0.026,0.030,15,E,13,S,,,204213,120.02,0
1057,2456.008,"Mount",0.174,-0.043,-0.118,-0.135,-0.018,-0.047,11,E,20,N,,,182038,96.00,0
1058,2458.222,"Mount",0.159,-0.118,-0.178,-0.086,-0.062,-0.033,36,E,14,N,,,217306,134.69,0
1059,2460.649,"Mount",-0.038,-0.161,-0.125,0.108,-0.059,0.038,34,E,16,S,,,205652,107.86,0
1060,2462.872,"Mount",-0.075,-0.209,-0.151,0.163,-0.080,0.060,46,E,26,S,,,201553,114.80,0
1061,2465.204,"Mount",0.003,-0.009,-0.009,0.002,-0.033,0.000,19,E,0,,,,180036,108.74,0
1062,2467.395,"Mount",0.044,0.094,0.063,-0.083,-0.011,-0.030,6,E,13,N,,,193293,109.15,0
1063,2469.691,"Mount",0.057,-0.036,-0.058,-0.034,-0.036,0.000,21,E,0,,,,204863,113.17,0
1064,2471.856,"Mount",0.073,-0.208,-0.219,0.031,-0.121,0.000,69,E,0,,,,197829,112.39,0
1065,2474.165,"Mount",-0.031,0.030,0.041,0.014,0.012,0.000,7,W,0,,,,189524,106.71,0
1066,2476.313,"Mount",-0.039,-0.155,-0.119,0.106,-0.014,0.038,8,E,16,S,,,200587,128.83,0
1067,2478.583,"Mount",0.078,-0.072,-0.100,-0.037,0.000,0.000,0,,0,,,,188253,100.16,0
1068,2480.892,"Mount",0.115,0.398,0.300,-0.285,0.200,-0.103,114,W,44,N,,,169835,102.85,0
1069,2483.442,"Mount",-0.051,0.349,0.333,-0.116,0.255,-0.046,146,W,20,N,,,186094,112.76,0
1070,2485.725,"Mount",-0.159,0.391,0.420,-0.039,0.335,0.000,192,W,0,,,,195751,118.39,0
1071,2488.319,"Mount",-0.018,0.354,0.323,-0.147,0.308,-0.053,176,W,23,N,,,178534,109.42,0
1072,2490.765,"Mount",-0.063,0.324,0.317,-0.093,0.324,-0.036,185,W,15,N,,,184775,112.75,0
1073,2493.362,"Mount",0.042,0.210,0.167,-0.134,0.281,-0.050,161,W,21,N,,,195650,94.29,0
1074,2495.592,"Mount",-0.035,0.092,0.098,-0.011,0.238,0.000,136,W,0,,,,196474,116.24,0
1075,2498.123,"Mount",-0.007,0.178,0.162,-0.076,0.279,-0.027,159,W,12,N,,,191121,117.48,0
1076,2500.475,"Mount",-0.165,-0.064,0.020,0.176,0.186,0.062,107,W,27,S,,,189008,98.65,0
1077,2502.831,"Mount",0.054,-0.115,-0.127,0.005,0.116,0.000,66,W,0,,,,182999,110.82,0
1078,2505.063,"Mount",-0.085,-0.120,-0.068,0.131,0.115,0.047,66,W,20,S,,,182763,105.26,0
1079,2507.479,"Mount",-0.055,0.055,0.074,0.023,0.172,0.000,98,W,0,,,,172619,101.39,0
1080,2509.674,"Mount",0.001,0.080,0.070,-0.037,0.154,0.000,88,W,0,,,,186384,121.02,0
1081,2512.093,"Mount",-0.011,0.145,0.134,-0.057,0.178,0.000,102,W,0,,,,181462,118.84,0
1082,2514.291,"Mount",-0.043,-0.092,-0.062,0.081,0.106,0.029,61,W,12,S,,,178472,106.27,0
1083,2516.668,"Mount",0.164,-0.183,-0.238,-0.061,0.012,-0.021,7,W,9,N,,,178812,104.61,0
1084,2518.790,"Mount",0.253,-0.079,-0.187,-0.188,0.016,-0.068,9,W,29,N,,,173096,100.58,0
1085,2521.197,"Mount",0.120,-0.054,-0.103,-0.082,0.030,-0.032,17,W,14,N,,,180771,101.66,0
INFO: SET LOCK POSITION, new lock pos = 768.770, 204.863
INFO: DITHER by 7.157, 0.460, new lock pos = 765.065, 211.004
INFO: SETTLING STATE CHANGE, Settling started
1086,2527.607,"Mount",3.704,-6.141,-7.157,-0.460,-7.157,-0.460,4092,E,197,N,,,193751,108.14,0
1087,2530.242,"Mount",0.722,-0.548,-0.819,-0.387,-0.369,-0.139,211,E,60,N,,,195649,107.95,0
1088,2532.487,"Mount",0.362,-0.273,-0.409,-0.195,-0.184,-0.076,105,E,32,N,,,168228,98.30,0
1089,2534.938,"Mount",0.218,-0.143,-0.227,-0.127,-0.102,-0.049,58,E,21,N,,,166320,99.41,0
1090,2537.064,"Mount",0.039,0.023,0.002,-0.045,0.001,0.000,1,W,0,,,,166643,107.62,0
1091,2539.369,"Mount",0.004,-0.092,-0.083,0.039,-0.037,0.000,21,E,0,,,,168622,99.83,0
1092,2541.506,"Mount",0.036,-0.192,-0.187,0.056,-0.084,0.000,48,E,0,,,,163946,97.19,0
1093,2543.893,"Mount",0.165,0.177,0.081,-0.228,0.037,-0.082,21,W,35,N,,,157387,96.30,0
1094,2545.940,"Mount",-0.014,0.039,0.041,-0.006,0.019,0.000,11,W,0,,,,162402,98.81,0
1095,2548.339,"Mount",-0.194,0.073,0.154,0.139,0.069,0.050,40,W,21,S,,,162286,106.71,0
1096,2550.415,"Mount",0.011,0.037,0.028,-0.026,0.012,0.000,7,W,0,,,,154213,105.85,0
1097,2552.770,"Mount",0.019,0.092,0.073,-0.059,0.050,0.000,29,W,0,,,,163888,98.63,0
1098,2554.875,"Mount",-0.109,0.093,0.133,0.054,0.072,0.000,41,W,0,,,,181561,109.04,0
INFO: SETTLING STATE CHANGE, Settling complete
1099,2557.253,"Mount",-0.139,-0.066,0.005,0.154,0.009,0.055,5,W,24,S,,,163538,94.04,0
Guiding Ends at 2026-05-18 23:09:51

Guiding Begins at 2026-05-18 23:36:52
Equipment Profile = 60mmGuide
Dither = both axes, Dither scale = 1.000, Image noise reduction = none, Guide-frame time lapse = 0, Server enabled
Pixel scale = 3.22 arc-sec/px, Binning = 1, Focal length = 240 mm
Search region = 25 px, Star mass tolerance = 50.0%, Multi-star mode, list size = 12
 Camera = ZWO ASI120MM Mini, gain = 37, full size = 1280 x 960, have dark, dark dur = 2000, no defect map, pixel size = 3.8 um
Exposure = 2000 ms
Mount = iOptron CEM120,70,40,26, GEM, HEM, HAE, HAZ series and SkyHunter Mount (ASCOM), connected, guiding enabled, xAngle = -62.6, xRate = 1.749, yAngle = -152.7, yRate = 2.338, parity = +/-
Norm rates RA = 8.3"/s @ dec 0, Dec = 7.5"/s; ortho.err. = 0.1 deg
X guide algorithm = Predictive PEC, Control gain = 0.450
Prediction gain = 0.750
Minimum move = 0.060
Hyperparameters
	Length scale long range SE kernel = 700.000
	Signal variance long range SE kernel = 20.000
	Length scale periodic kernel = 10.000
	Signal variance periodic kernel = 20.000
	Length scale short range SE kernel = 25.000
	Signal variance short range SE kernel = 10.000
	Period length periodic kernel = 348.000
	FFT called after = 2.000 worm cycles
	Auto-adjust period length = Off
Y guide algorithm = Hysteresis, Hysteresis = 0.100, Aggression = 0.400, Minimum move = 0.060
Backlash comp = disabled, pulse = 100 ms
Max RA duration = 2500, Max DEC duration = 2500, DEC guide mode = Auto
RA Guide Speed = 7.5 a-s/s, Dec Guide Speed = 7.5 a-s/s, Cal Dec = 0.0, Last Cal Issue = None, Timestamp = 7/29/2025 9:33:42 PM
RA = 13.52 hr, Dec = 47.1 deg, Hour angle = 0.26 hr, Pier side = East, Rotator pos = N/A, Alt = 74.2 deg, Az = 350.1 deg
Lock position = 587.809, 556.903, Star position = 587.809, 556.903, HFD = 4.49 px
Frame,Time,mount,dx,dy,RARawDistance,DECRawDistance,RAGuideDistance,DECGuideDistance,RADuration,RADirection,DECDuration,DECDirection,XStep,YStep,StarMass,SNR,ErrorCode
INFO: SETTLING STATE CHANGE, Settling started
1,2.167,"Mount",-0.050,0.014,-0.036,0.038,0.000,0.000,0,,0,,,,381783,147.60,0
2,4.640,"Mount",0.070,-0.066,0.091,-0.031,0.041,0.000,23,W,0,,,,376186,132.78,0
3,6.732,"Mount",0.044,-0.135,0.141,0.023,0.063,0.000,36,W,0,,,,365386,159.51,0
4,9.147,"Mount",0.016,-0.171,0.160,0.065,0.072,0.023,41,W,10,S,,,404549,149.48,0
5,11.324,"Mount",-0.144,-0.202,0.113,0.221,0.051,0.081,29,W,34,S,,,414883,158.04,0
6,13.751,"Mount",0.114,-0.090,0.132,-0.060,0.059,-0.018,34,W,8,N,,,419438,139.46,0
7,15.970,"Mount",-0.056,-0.170,0.125,0.128,0.056,0.045,32,W,19,S,,,394583,135.41,0
8,18.306,"Mount",0.071,0.065,-0.025,-0.093,0.000,-0.032,0,,13,N,,,369627,155.58,0
9,20.467,"Mount",0.029,-0.065,0.071,0.004,0.032,0.000,18,W,0,,,,362722,145.38,0
INFO: SETTLING STATE CHANGE, Settling complete
10,22.841,"Mount",-0.159,0.022,-0.093,0.131,-0.042,0.047,24,E,20,S,,,392519,152.01,0
11,24.970,"Mount",0.051,-0.069,0.085,-0.013,0.036,0.000,21,W,0,,,,388814,145.53,0
12,27.342,"Mount",0.021,0.130,-0.106,-0.079,-0.050,-0.028,28,E,12,N,,,375964,141.49,0
13,29.538,"Mount",0.046,0.135,-0.099,-0.103,-0.044,-0.038,25,E,16,N,,,390976,149.00,0
14,31.822,"Mount",0.009,0.022,-0.015,-0.018,-0.001,0.000,1,E,0,,,,403976,142.73,0
15,34.012,"Mount",-0.122,0.150,-0.189,0.039,-0.080,0.000,46,E,0,,,,383170,142.66,0
16,36.410,"Mount",0.107,-0.025,0.071,-0.083,0.029,-0.030,17,W,13,N,,,369652,139.99,0
17,38.464,"Mount",-0.002,0.034,-0.031,-0.014,0.001,0.000,0,,0,,,,390756,131.36,0
18,40.819,"Mount",0.002,-0.082,0.073,0.036,0.031,0.000,18,W,0,,,,386554,146.41,0
19,42.826,"Mount",-0.009,0.002,-0.006,0.007,-0.000,0.000,0,,0,,,,406037,126.70,0
20,45.207,"Mount",-0.046,0.087,-0.099,0.000,-0.039,0.000,22,E,0,,,,358701,126.49,0
21,47.298,"Mount",0.005,0.080,-0.068,-0.042,-0.025,0.000,14,E,0,,,,377630,129.64,0
22,49.671,"Mount",-0.062,0.242,-0.244,-0.057,-0.097,0.000,56,E,0,,,,395229,141.12,0
23,51.767,"Mount",0.044,0.018,0.004,-0.047,-0.004,0.000,2,E,0,,,,394845,139.53,0
24,54.141,"Mount",0.177,0.073,0.017,-0.190,-0.005,-0.069,3,E,29,N,,,392922,147.74,0
25,56.312,"Mount",-0.095,-0.004,-0.040,0.086,-0.006,0.028,3,E,12,S,,,366319,154.40,0
26,58.658,"Mount",-0.062,-0.045,0.011,0.076,-0.007,0.028,4,E,12,S,,,380673,130.81,0
27,60.671,"Mount",0.059,-0.001,0.028,-0.052,0.001,0.000,0,,0,,,,354973,121.81,0
28,63.012,"Mount",-0.023,0.092,-0.092,-0.023,-0.037,0.000,21,E,0,,,,389611,159.84,0
29,65.149,"Mount",-0.079,0.132,-0.154,0.009,-0.061,0.000,35,E,0,,,,379186,138.43,0
30,67.430,"Mount",-0.036,0.028,-0.042,0.019,0.004,0.000,2,W,0,,,,390579,126.55,0
31,69.544,"Mount",-0.010,0.083,-0.078,-0.030,-0.031,0.000,17,E,0,,,,358699,125.06,0
32,71.829,"Mount",0.028,0.026,-0.010,-0.036,-0.004,0.000,2,E,0,,,,384545,150.58,0
33,73.933,"Mount",0.026,0.020,-0.006,-0.032,-0.004,0.000,2,E,0,,,,402620,156.18,0
34,76.309,"Mount",0.055,0.114,-0.076,-0.102,-0.035,-0.037,20,E,16,N,,,363361,126.10,0
35,78.388,"Mount",-0.074,0.138,-0.157,0.002,-0.069,0.000,39,E,0,,,,364206,141.87,0
36,80.715,"Mount",-0.055,0.096,-0.111,0.005,-0.052,0.000,30,E,0,,,,369821,150.81,0
37,82.824,"Mount",-0.077,-0.009,-0.027,0.072,-0.006,0.026,3,E,11,S,,,403307,156.28,0
38,85.143,"Mount",0.030,-0.020,0.032,-0.017,-0.006,0.000,3,E,0,,,,409888,146.56,0
39,87.252,"Mount",-0.008,-0.089,0.076,0.049,0.022,0.000,13,W,0,,,,386512,160.49,0
40,89.534,"Mount",0.028,-0.112,0.112,0.027,0.037,0.000,21,W,0,,,,386237,143.65,0
41,91.660,"Mount",-0.012,-0.091,0.075,0.053,0.042,0.000,24,W,0,,,,391902,156.17,0
42,93.952,"Mount",-0.041,-0.040,0.017,0.055,0.013,0.000,7,W,0,,,,366165,133.17,0
43,96.150,"Mount",-0.113,-0.150,0.081,0.170,0.046,0.061,26,W,26,S,,,389263,149.71,0
44,98.485,"Mount",0.080,-0.110,0.135,-0.020,0.068,0.000,39,W,0,,,,391604,148.16,0
45,100.585,"Mount",0.057,-0.126,0.138,0.007,0.061,0.000,35,W,0,,,,377750,162.27,0
46,102.899,"Mount",0.009,-0.005,0.008,-0.006,0.001,0.000,1,W,0,,,,383909,160.98,0
47,104.963,"Mount",-0.011,0.048,-0.048,-0.013,-0.001,0.000,1,E,0,,,,397917,162.78,0
48,107.276,"Mount",0.010,0.063,-0.051,-0.038,0.002,0.000,1,W,0,,,,391729,137.73,0
49,109.366,"Mount",0.065,-0.035,0.061,-0.041,0.025,0.000,14,W,0,,,,398292,148.72,0
50,111.716,"Mount",0.117,0.062,-0.001,-0.132,-0.015,-0.047,8,E,20,N,,,418099,187.54,0
51,113.777,"Mount",0.026,-0.031,0.039,-0.008,-0.016,0.000,9,E,0,,,,399564,151.71,0
52,116.008,"Mount",0.002,-0.039,0.036,0.016,-0.000,0.000,0,,0,,,,400122,151.34,0
53,118.138,"Mount",-0.037,0.078,-0.087,-0.003,-0.035,0.000,20,E,0,,,,362327,136.37,0
54,120.525,"Mount",-0.167,0.105,-0.170,0.100,-0.068,0.036,39,E,15,S,,,366951,126.02,0
55,122.610,"Mount",-0.042,0.052,-0.065,0.013,-0.024,0.000,14,E,0,,,,390313,139.41,0
56,125.002,"Mount",-0.069,0.133,-0.150,-0.000,-0.060,0.000,34,E,0,,,,393988,143.05,0
57,127.189,"Mount",0.074,0.262,-0.199,-0.186,-0.089,-0.067,51,E,29,N,,,416068,199.33,0
58,129.648,"Mount",-0.210,0.399,-0.450,0.002,-0.196,0.000,112,E,0,,,,363814,132.85,0
59,131.841,"Mount",-0.150,0.258,-0.298,0.013,-0.148,0.000,84,E,0,,,,364267,127.20,0
60,134.317,"Mount",-0.368,0.203,-0.350,0.233,-0.175,0.084,100,E,36,S,,,399918,139.17,0
61,136.527,"Mount",-0.171,0.199,-0.256,0.060,-0.153,0.025,88,E,11,S,,,403626,165.31,0
62,139.101,"Mount",0.082,0.438,-0.351,-0.276,-0.195,-0.098,112,E,42,N,,,388546,148.43,0
63,141.243,"Mount",-0.105,0.225,-0.248,-0.011,-0.137,0.000,78,E,0,,,,369346,121.21,0
64,143.540,"Mount",0.023,0.071,-0.052,-0.053,-0.024,0.000,14,E,0,,,,388160,161.30,0
65,145.721,"Mount",-0.136,-0.026,-0.040,0.132,-0.009,0.048,5,E,20,S,,,382206,151.20,0
66,148.106,"Mount",-0.167,0.055,-0.126,0.123,-0.055,0.046,32,E,20,S,,,383917,144.83,0
67,150.175,"Mount",-0.075,0.018,-0.050,0.058,0.003,0.000,2,W,0,,,,390815,137.32,0
68,152.521,"Mount",-0.102,0.031,-0.074,0.076,-0.001,0.027,1,E,12,S,,,393642,155.06,0
69,154.598,"Mount",-0.023,0.050,-0.055,-0.002,0.035,0.000,20,W,0,,,,385288,142.25,0
70,157.013,"Mount",0.039,0.112,-0.081,-0.087,-0.018,-0.031,10,E,13,N,,,386506,159.73,0
71,159.100,"Mount",-0.014,0.106,-0.100,-0.037,-0.027,0.000,15,E,0,,,,381471,142.46,0
72,161.564,"Mount",-0.015,0.225,-0.206,-0.090,-0.099,-0.033,57,E,14,N,,,404201,168.23,0
73,163.693,"Mount",-0.077,0.215,-0.226,-0.031,-0.112,0.000,64,E,0,,,,388674,153.52,0
74,166.144,"Mount",-0.012,0.232,-0.211,-0.096,-0.128,-0.035,73,E,15,N,,,386887,139.06,0
75,168.262,"Mount",-0.112,0.177,-0.208,0.018,-0.129,0.000,74,E,0,,,,395700,151.39,0
76,170.608,"Mount",0.020,0.059,-0.043,-0.045,-0.041,0.000,23,E,0,,,,368693,138.15,0
77,172.761,"Mount",-0.150,0.186,-0.234,0.048,-0.138,0.000,79,E,0,,,,394225,166.80,0
78,175.260,"Mount",-0.353,0.198,-0.339,0.222,-0.176,0.080,101,E,34,S,,,372454,162.92,0
79,177.415,"Mount",-0.156,0.311,-0.348,-0.005,-0.140,0.000,80,E,0,,,,366670,155.17,0
80,179.956,"Mount",-0.151,0.460,-0.478,-0.078,-0.188,-0.028,107,E,12,N,,,370271,137.87,0
81,182.109,"Mount",-0.112,0.302,-0.320,-0.040,-0.149,0.000,85,E,0,,,,376805,138.78,0
82,184.533,"Mount",-0.155,0.305,-0.342,-0.003,-0.158,0.000,90,E,0,,,,392231,148.97,0
83,186.922,"Mount",-0.252,0.852,-0.872,-0.170,-0.413,-0.061,236,E,26,N,,,374580,125.12,0
84,189.501,"Mount",-0.381,0.498,-0.617,0.108,-0.311,0.037,178,E,16,S,,,349309,137.64,0
85,191.758,"Mount",-0.293,0.438,-0.524,0.058,-0.324,0.000,185,E,0,,,,370719,143.42,0
86,194.222,"Mount",-0.194,0.401,-0.446,-0.013,-0.289,0.000,165,E,0,,,,360140,131.63,0
87,196.393,"Mount",-0.066,0.083,-0.104,0.020,-0.124,0.000,71,E,0,,,,381755,147.72,0
88,198.820,"Mount",0.072,0.115,-0.069,-0.117,-0.099,-0.042,57,E,18,N,,,379334,154.58,0
89,201.011,"Mount",0.024,0.097,-0.075,-0.066,-0.029,-0.025,16,E,11,N,,,360282,128.45,0
90,203.405,"Mount",-0.205,0.145,-0.223,0.115,-0.073,0.040,42,E,17,S,,,383974,141.83,0
91,205.547,"Mount",-0.194,0.258,-0.318,0.053,-0.097,0.000,55,E,0,,,,378045,137.51,0
92,208.023,"Mount",-0.250,0.308,-0.388,0.080,-0.114,0.029,65,E,12,S,,,392616,151.93,0
93,210.135,"Mount",-0.169,0.288,-0.334,0.017,-0.088,0.000,50,E,0,,,,390415,147.34,0
94,212.619,"Mount",-0.080,0.412,-0.402,-0.119,-0.178,-0.043,102,E,18,N,,,402190,137.23,0
95,214.758,"Mount",-0.112,0.273,-0.294,-0.027,-0.135,0.000,77,E,0,,,,389116,153.60,0
96,217.152,"Mount",-0.113,0.152,-0.187,0.030,-0.132,0.000,75,E,0,,,,373351,143.10,0
97,219.285,"Mount",-0.106,0.124,-0.159,0.037,-0.121,0.000,69,E,0,,,,421075,171.29,0
98,221.816,"Mount",-0.175,0.144,-0.209,0.089,-0.143,0.032,82,E,14,S,,,362899,138.84,0
99,223.914,"Mount",0.017,0.046,-0.033,-0.037,-0.047,0.000,27,E,0,,,,367345,133.96,0
100,226.304,"Mount",0.016,0.157,-0.132,-0.086,-0.096,-0.031,55,E,13,N,,,386951,131.24,0
101,228.427,"Mount",-0.075,0.187,-0.200,-0.020,-0.114,0.000,65,E,0,,,,386240,139.72,0
102,230.873,"Mount",0.050,0.145,-0.105,-0.111,-0.055,-0.040,31,E,17,N,,,367887,148.24,0
103,232.949,"Mount",-0.032,0.078,-0.084,-0.007,-0.037,0.000,21,E,0,,,,350425,129.86,0
104,235.347,"Mount",0.024,0.159,-0.130,-0.095,-0.045,-0.034,26,E,15,N,,,375836,131.97,0
105,237.475,"Mount",-0.157,0.219,-0.266,0.038,-0.118,0.000,67,E,0,,,,395657,141.15,0
106,239.932,"Mount",-0.149,0.136,-0.189,0.069,-0.081,0.025,47,E,11,S,,,383714,154.68,0
107,242.110,"Mount",-0.143,0.074,-0.132,0.092,-0.062,0.034,35,E,15,S,,,406448,156.24,0
108,244.498,"Mount",-0.001,0.185,-0.165,-0.084,-0.073,-0.029,42,E,12,N,,,373236,127.67,0
109,246.638,"Mount",-0.046,0.039,-0.056,0.023,-0.012,0.000,7,E,0,,,,369842,144.05,0
110,248.957,"Mount",-0.083,0.068,-0.099,0.042,-0.055,0.000,32,E,0,,,,351833,144.66,0
111,251.096,"Mount",-0.081,0.030,-0.064,0.058,-0.053,0.000,31,E,0,,,,383592,166.83,0
112,253.531,"Mount",-0.134,-0.039,-0.028,0.137,-0.027,0.049,16,E,21,S,,,385097,153.96,0
113,255.664,"Mount",0.025,-0.111,0.111,0.029,0.028,0.000,16,W,0,,,,384966,150.61,0
114,257.964,"Mount",0.020,-0.047,0.051,0.004,-0.015,0.000,9,E,0,,,,391814,155.79,0
115,260.916,"Mount",-0.067,-0.012,-0.020,0.065,-0.012,0.023,7,E,10,S,,,399219,163.33,0
116,263.764,"Mount",0.149,-0.077,0.137,-0.096,0.078,-0.034,45,W,14,N,,,365589,137.91,0
117,268.286,"Mount",0.191,-0.214,0.278,-0.070,0.141,-0.027,80,W,11,N,,,367000,135.27,0
118,272.879,"Mount",0.161,-0.372,0.404,0.029,0.195,0.000,112,W,0,,,,364138,125.20,0
119,275.110,"Mount",0.234,-0.423,0.483,-0.012,0.230,0.000,132,W,0,,,,398768,160.51,0
120,277.532,"Mount",0.103,-0.149,0.179,-0.023,0.146,0.000,83,W,0,,,,361193,164.90,0
121,279.692,"Mount",0.109,-0.242,0.265,0.014,0.174,0.000,99,W,0,,,,337144,163.94,0
122,282.172,"Mount",0.205,-0.207,0.278,-0.087,0.117,-0.031,67,W,13,N,,,366320,144.95,0
123,284.362,"Mount",0.036,-0.200,0.194,0.061,0.069,0.021,40,W,9,S,,,365193,149.77,0
124,286.742,"Mount",-0.013,-0.182,0.156,0.095,0.054,0.035,31,W,15,S,,,350950,134.91,0
125,288.898,"Mount",0.006,-0.187,0.169,0.081,0.050,0.030,29,W,13,S,,,360420,146.95,0
126,291.220,"Mount",0.073,-0.113,0.134,-0.012,0.049,0.000,28,W,0,,,,346704,133.94,0
127,293.265,"Mount",0.048,-0.040,0.058,-0.023,-0.014,0.000,8,E,0,,,,351485,141.38,0
128,295.632,"Mount",0.050,-0.089,0.102,-0.004,0.046,0.000,26,W,0,,,,375563,130.91,0
129,297.736,"Mount",0.115,-0.110,0.150,-0.051,0.062,0.000,35,W,0,,,,343613,155.29,0
130,300.084,"Mount",0.063,-0.149,0.162,0.013,0.063,0.000,36,W,0,,,,330774,121.04,0
131,302.158,"Mount",0.010,0.070,-0.057,-0.041,-0.017,0.000,10,E,0,,,,336813,140.97,0
132,304.537,"Mount",-0.023,0.019,-0.027,0.012,-0.026,0.000,15,E,0,,,,364149,143.31,0
133,306.701,"Mount",0.268,0.035,0.093,-0.254,0.005,-0.091,3,W,39,N,,,339195,131.40,0
134,309.044,"Mount",-0.120,-0.141,0.070,0.171,-0.017,0.058,9,E,25,S,,,363526,151.07,0
135,311.166,"Mount",-0.057,-0.105,0.066,0.099,0.003,0.038,2,W,16,S,,,338078,128.14,0
136,313.504,"Mount",0.014,-0.070,0.069,0.020,-0.007,0.000,4,E,0,,,,335285,141.84,0
137,315.570,"Mount",0.035,-0.173,0.169,0.049,0.044,0.000,25,W,0,,,,360733,129.73,0
138,317.908,"Mount",-0.003,-0.067,0.058,0.034,-0.039,0.000,22,E,0,,,,358899,136.84,0
139,320.078,"Mount",-0.038,-0.231,0.187,0.140,0.033,0.050,19,W,22,S,,,355889,140.80,0
140,322.447,"Mount",0.148,-0.164,0.214,-0.055,0.053,0.000,30,W,0,,,,324352,140.05,0
141,324.602,"Mount",0.225,-0.097,0.189,-0.155,0.039,-0.056,22,W,24,N,,,387218,153.37,0
142,327.027,"Mount",0.148,-0.333,0.364,0.023,0.134,0.000,77,W,0,,,,396305,148.69,0
143,329.198,"Mount",0.051,-0.258,0.252,0.074,0.083,0.027,47,W,11,S,,,363770,143.93,0
144,331.607,"Mount",0.152,-0.304,0.340,0.005,0.155,0.000,89,W,0,,,,348032,133.96,0
145,333.859,"Mount",0.340,-0.326,0.446,-0.151,0.198,-0.054,113,W,23,N,,,376506,145.44,0
146,336.218,"Mount",0.125,-0.234,0.265,-0.003,0.149,0.000,85,W,0,,,,363793,139.97,0
147,338.453,"Mount",0.042,-0.371,0.348,0.134,0.183,0.048,105,W,21,S,,,385705,172.83,0
148,340.901,"Mount",0.071,-0.301,0.300,0.076,0.162,0.029,93,W,13,S,,,384672,130.42,0
149,343.155,"Mount",0.117,-0.377,0.388,0.071,0.220,0.027,126,W,11,S,,,374636,141.12,0
150,345.694,"Mount",0.246,-0.130,0.229,-0.158,0.151,-0.056,86,W,24,N,,,363327,155.51,0
151,347.833,"Mount",0.113,-0.194,0.224,-0.011,0.130,0.000,74,W,0,,,,371298,144.39,0
152,350.178,"Mount",0.098,-0.158,0.186,-0.014,0.108,0.000,62,W,0,,,,412261,138.70,0
153,352.348,"Mount",0.140,-0.137,0.186,-0.061,0.091,-0.022,52,W,9,N,,,360066,150.01,0
154,354.767,"Mount",0.051,-0.159,0.165,0.029,0.076,0.000,43,W,0,,,,396377,172.70,0
155,356.887,"Mount",0.113,-0.141,0.177,-0.036,0.089,0.000,51,W,0,,,,368238,140.25,0
156,359.263,"Mount",0.017,-0.150,0.141,0.054,0.068,0.000,39,W,0,,,,384148,145.90,0
157,361.410,"Mount",0.165,-0.201,0.254,-0.053,0.135,0.000,77,W,0,,,,386382,132.01,0
158,363.863,"Mount",0.394,0.042,0.144,-0.369,0.080,-0.133,46,W,57,N,,,366240,144.80,0
159,366.037,"Mount",0.002,-0.170,0.152,0.077,0.094,0.022,54,W,10,S,,,394391,151.28,0
160,368.494,"Mount",-0.110,-0.074,0.015,0.132,0.019,0.048,11,W,21,S,,,390451,141.55,0
161,370.688,"Mount",-0.101,-0.086,0.030,0.129,0.011,0.048,6,W,21,S,,,375517,153.18,0
162,373.054,"Mount",0.016,-0.131,0.123,0.046,0.055,0.000,31,W,0,,,,380676,133.19,0
163,375.234,"Mount",-0.033,-0.108,0.081,0.079,0.032,0.029,18,W,12,S,,,406252,145.23,0
164,377.566,"Mount",0.021,0.011,0.000,-0.024,-0.023,0.000,13,E,0,,,,419081,164.64,0
165,379.670,"Mount",-0.011,-0.078,0.064,0.045,0.004,0.000,2,W,0,,,,387093,157.09,0
166,381.961,"Mount",-0.011,-0.089,0.074,0.051,0.005,0.000,3,W,0,,,,405963,157.60,0
167,384.035,"Mount",0.024,-0.097,0.097,0.024,0.015,0.000,9,W,0,,,,363350,142.67,0
168,386.364,"Mount",0.106,-0.098,0.136,-0.049,0.049,0.000,28,W,0,,,,388433,150.79,0
169,388.527,"Mount",0.139,-0.136,0.185,-0.061,0.069,-0.022,39,W,9,N,,,357600,140.00,0
170,390.865,"Mount",0.039,-0.037,0.051,-0.018,0.005,0.000,3,W,0,,,,378154,138.01,0
171,393.197,"Mount",0.448,0.110,0.109,-0.448,0.051,-0.161,29,W,69,N,,,350246,129.94,0
172,395.618,"Mount",-0.141,-0.195,0.108,0.216,0.048,0.071,27,W,30,S,,,409470,174.66,0
173,397.700,"Mount",0.011,-0.067,0.064,0.021,0.034,0.000,19,W,0,,,,383871,146.19,0
174,400.137,"Mount",-0.191,-0.020,-0.070,0.179,-0.026,0.064,15,E,27,S,,,365783,145.87,0
175,402.303,"Mount",-0.048,-0.087,0.055,0.082,-0.006,0.032,4,E,14,S,,,375926,136.11,0
176,404.614,"Mount",-0.087,0.106,-0.134,0.028,-0.067,0.000,39,E,0,,,,375032,135.89,0
177,406.788,"Mount",-0.093,0.002,-0.044,0.081,-0.019,0.029,11,E,13,S,,,375191,138.39,0
178,409.157,"Mount",-0.142,-0.012,-0.055,0.132,-0.025,0.049,15,E,21,S,,,395615,138.00,0
179,411.274,"Mount",-0.042,0.078,-0.088,0.001,-0.076,0.000,43,E,0,,,,389142,144.37,0
180,413.639,"Mount",0.158,0.121,-0.034,-0.196,-0.045,-0.071,26,E,30,N,,,355093,125.44,0
181,415.747,"Mount",-0.065,0.084,-0.104,0.019,-0.086,0.000,49,E,0,,,,385098,138.08,0
182,418.029,"Mount",-0.008,-0.102,0.087,0.055,-0.009,0.000,5,E,0,,,,372938,156.14,0
183,420.128,"Mount",-0.045,-0.025,0.002,0.051,-0.046,0.000,26,E,0,,,,377450,152.21,0
184,422.471,"Mount",-0.058,-0.130,0.089,0.111,0.005,0.040,3,W,17,S,,,382109,145.87,0
185,424.553,"Mount",-0.015,0.025,-0.028,0.002,-0.029,0.000,16,E,0,,,,365089,134.82,0
186,426.846,"Mount",0.019,-0.033,0.038,-0.002,-0.003,0.000,1,E,0,,,,359303,149.18,0
187,428.963,"Mount",-0.027,0.104,-0.105,-0.024,-0.040,0.000,23,E,0,,,,357826,139.13,0
188,431.333,"Mount",-0.063,-0.104,0.064,0.104,0.040,0.037,23,W,16,S,,,350774,148.14,0
189,433.418,"Mount",0.004,0.009,-0.006,-0.008,0.020,0.000,11,W,0,,,,366662,137.38,0
190,435.704,"Mount",-0.012,0.134,-0.124,-0.051,-0.039,0.000,22,E,0,,,,377875,128.20,0
191,437.889,"Mount",0.134,0.088,-0.016,-0.159,0.016,-0.057,9,W,25,N,,,408452,156.23,0
192,440.236,"Mount",-0.035,-0.097,0.070,0.076,0.046,0.025,26,W,11,S,,,389630,146.15,0
193,442.347,"Mount",0.000,-0.105,0.093,0.048,0.046,0.000,27,W,0,,,,392046,138.48,0
194,444.651,"Mount",0.026,-0.089,0.091,0.018,0.041,0.000,23,W,0,,,,375684,139.80,0
195,446.764,"Mount",-0.010,-0.085,0.071,0.048,0.039,0.000,22,W,0,,,,366008,141.34,0
196,449.101,"Mount",-0.090,-0.020,-0.024,0.089,0.002,0.032,1,W,14,S,,,365960,138.43,0
197,451.188,"Mount",-0.042,0.070,-0.082,0.005,-0.031,0.000,18,E,0,,,,381156,128.86,0
198,453.543,"Mount",-0.014,-0.107,0.088,0.062,0.039,0.022,22,W,10,S,,,372975,127.43,0
199,455.685,"Mount",0.132,-0.037,0.093,-0.100,0.037,-0.035,21,W,15,N,,,373482,117.09,0
200,458.089,"Mount",0.120,-0.092,0.137,-0.064,0.054,-0.024,31,W,10,N,,,332259,140.91,0
201,460.158,"Mount",-0.009,0.019,-0.021,-0.001,-0.011,0.000,6,E,0,,,,349624,128.31,0
202,462.513,"Mount",-0.126,0.003,-0.060,0.110,-0.024,0.040,14,E,17,S,,,362556,136.41,0
203,464.576,"Mount",0.018,0.038,-0.025,-0.033,-0.011,0.000,6,E,0,,,,358035,129.28,0
204,466.979,"Mount",0.129,0.193,-0.112,-0.204,-0.089,-0.073,51,E,31,N,,,351153,142.15,0
205,469.084,"Mount",0.001,-0.016,0.015,0.006,-0.058,0.000,33,E,0,,,,363333,147.70,0
206,471.428,"Mount",-0.095,0.129,-0.158,0.025,-0.153,0.000,87,E,0,,,,367374,128.82,0
207,473.586,"Mount",-0.066,0.072,-0.094,0.026,-0.140,0.000,80,E,0,,,,367192,133.77,0
208,475.994,"Mount",0.006,0.016,-0.012,-0.012,-0.114,0.000,65,E,0,,,,394882,137.26,0
209,478.127,"Mount",-0.010,0.023,-0.025,-0.001,-0.114,0.000,65,E,0,,,,352990,135.82,0
210,480.604,"Mount",-0.201,0.082,-0.165,0.141,-0.190,0.051,108,E,22,S,,,380943,145.91,0
211,482.709,"Mount",-0.020,-0.054,0.039,0.042,-0.097,0.000,55,E,0,,,,364229,135.46,0
212,485.138,"Mount",-0.097,-0.034,-0.014,0.102,-0.081,0.037,46,E,16,S,,,384139,153.19,0
213,487.214,"Mount",-0.032,0.077,-0.083,-0.008,-0.071,0.000,40,E,0,,,,372444,135.04,0
214,489.641,"Mount",0.046,0.154,-0.115,-0.112,-0.066,-0.040,38,E,17,N,,,368642,144.93,0
215,491.724,"Mount",-0.012,0.075,-0.072,-0.024,-0.033,0.000,19,E,0,,,,360410,137.28,0
216,494.025,"Mount",-0.028,-0.063,0.043,0.054,0.009,0.000,5,W,0,,,,349986,138.21,0
217,496.096,"Mount",-0.020,0.011,-0.020,0.013,-0.012,0.000,7,E,0,,,,361301,133.93,0
218,498.399,"Mount",-0.018,-0.006,-0.002,0.019,-0.015,0.000,8,E,0,,,,375737,143.52,0
219,500.624,"Mount",-0.128,0.087,-0.136,0.074,-0.088,0.027,51,E,11,S,,,341311,140.72,0
220,502.952,"Mount",-0.069,0.086,-0.108,0.021,-0.087,0.000,50,E,0,,,,326535,132.42,0
221,505.170,"Mount",-0.058,0.133,-0.144,-0.010,-0.112,0.000,64,E,0,,,,347287,126.36,0
222,507.491,"Mount",0.002,0.011,-0.009,-0.006,-0.063,0.000,36,E,0,,,,336161,125.44,0
223,509.567,"Mount",0.031,-0.055,0.063,-0.002,-0.041,0.000,23,E,0,,,,334038,147.11,0
224,511.932,"Mount",-0.035,-0.027,0.008,0.044,-0.059,0.000,34,E,0,,,,381112,134.13,0
225,514.120,"Mount",-0.111,-0.018,-0.035,0.107,-0.063,0.038,36,E,16,S,,,398861,138.28,0
226,516.488,"Mount",0.001,0.057,-0.050,-0.027,-0.056,0.000,32,E,0,,,,384005,151.63,0
227,518.782,"Mount",0.017,0.162,-0.136,-0.090,-0.127,-0.032,73,E,14,N,,,337471,131.13,0
228,521.175,"Mount",0.045,0.094,-0.062,-0.084,-0.124,-0.031,71,E,13,N,,,349085,145.28,0
229,523.337,"Mount",-0.069,0.118,-0.137,0.006,-0.172,0.000,99,E,0,,,,366080,140.85,0
230,525.763,"Mount",-0.087,0.202,-0.220,-0.017,-0.235,0.000,134,E,0,,,,358491,135.04,0
231,528.020,"Mount",-0.125,0.061,-0.112,0.083,-0.212,0.030,121,E,13,S,,,349427,142.07,0
232,530.440,"Mount",-0.029,0.108,-0.109,-0.024,-0.234,0.000,134,E,0,,,,363766,126.24,0
233,532.685,"Mount",0.040,0.161,-0.124,-0.110,-0.224,-0.040,128,E,17,N,,,363660,141.44,0
234,535.101,"Mount",-0.096,0.132,-0.161,0.024,-0.243,0.000,139,E,0,,,,380583,147.83,0
235,537.440,"Mount",-0.191,0.175,-0.243,0.089,-0.245,0.032,140,E,14,S,,,371767,143.36,0
236,539.874,"Mount",0.049,0.121,-0.085,-0.099,-0.158,-0.034,90,E,15,N,,,341960,132.14,0
237,542.085,"Mount",-0.149,0.080,-0.139,0.095,-0.169,0.033,97,E,14,S,,,355266,129.37,0
238,544.527,"Mount",0.117,0.066,-0.005,-0.135,-0.083,-0.047,47,E,20,N,,,353010,139.56,0
239,546.735,"Mount",-0.093,0.175,-0.198,0.002,-0.158,0.000,90,E,0,,,,366253,157.44,0
240,549.093,"Mount",-0.148,0.241,-0.282,0.020,-0.180,0.000,103,E,0,,,,352945,128.89,0
241,551.349,"Mount",-0.183,0.152,-0.219,0.092,-0.166,0.033,95,E,14,S,,,333451,121.43,0
242,553.775,"Mount",-0.086,0.192,-0.210,-0.012,-0.167,0.000,96,E,0,,,,370816,165.63,0
243,556.038,"Mount",-0.235,0.134,-0.228,0.147,-0.212,0.053,121,E,23,S,,,367541,144.29,0
244,558.547,"Mount",-0.019,0.209,-0.194,-0.080,-0.217,-0.027,124,E,11,N,,,329707,130.30,0
245,560.763,"Mount",0.117,0.169,-0.096,-0.181,-0.181,-0.066,103,E,28,N,,,354569,150.36,0
246,563.211,"Mount",-0.118,-0.066,0.005,0.135,-0.147,0.046,84,E,20,S,,,351185,129.63,0
247,565.483,"Mount",-0.052,-0.085,0.051,0.085,-0.146,0.033,83,E,14,S,,,335795,126.00,0
248,567.925,"Mount",-0.114,-0.081,0.020,0.138,-0.082,0.051,47,E,22,S,,,342006,140.81,0
249,570.032,"Mount",0.048,0.007,0.016,-0.046,-0.067,0.000,39,E,0,,,,340439,137.01,0
250,572.431,"Mount",-0.002,0.114,-0.102,-0.051,-0.075,0.000,43,E,0,,,,349185,137.94,0
251,574.489,"Mount",0.055,-0.016,0.040,-0.041,-0.012,0.000,7,E,0,,,,364356,143.01,0
252,576.955,"Mount",0.130,0.065,0.002,-0.146,-0.020,-0.053,11,E,22,N,,,362602,140.31,0
253,579.103,"Mount",0.050,0.096,-0.062,-0.089,-0.034,-0.034,19,E,15,N,,,329160,124.43,0
254,581.438,"Mount",0.053,0.028,-0.001,-0.060,-0.027,0.000,16,E,0,,,,337341,134.40,0
255,583.537,"Mount",0.011,0.091,-0.076,-0.052,-0.056,0.000,32,E,0,,,,341447,122.79,0
256,586.035,"Mount",0.072,0.023,0.013,-0.074,-0.059,-0.027,33,E,11,N,,,349644,151.19,0
257,588.144,"Mount",0.005,-0.097,0.088,0.040,-0.022,0.000,12,E,0,,,,376423,128.17,0
258,590.540,"Mount",-0.105,-0.085,0.027,0.132,-0.067,0.048,38,E,20,S,,,349263,137.97,0
259,592.722,"Mount",0.082,-0.016,0.053,-0.065,-0.066,-0.022,38,E,9,N,,,350282,123.75,0
260,595.061,"Mount",0.085,-0.035,0.070,-0.059,-0.039,0.000,22,E,0,,,,340588,116.58,0
261,597.137,"Mount",-0.016,0.030,-0.034,0.001,-0.037,0.000,21,E,0,,,,353514,130.77,0
262,599.531,"Mount",0.163,0.056,0.025,-0.170,-0.028,-0.061,16,E,26,N,,,364163,135.75,0
263,601.695,"Mount",-0.037,-0.174,0.138,0.113,0.057,0.038,32,W,16,S,,,358832,146.83,0
264,604.110,"Mount",-0.068,-0.175,0.124,0.141,0.072,0.052,41,W,22,S,,,385828,154.91,0
265,606.311,"Mount",0.017,-0.179,0.167,0.068,0.128,0.027,73,W,11,S,,,353313,132.20,0
266,608.665,"Mount",0.027,-0.145,0.141,0.043,0.145,0.000,83,W,0,,,,378745,159.60,0
267,610.846,"Mount",0.101,-0.205,0.229,0.005,0.210,0.000,120,W,0,,,,371257,123.22,0
268,613.322,"Mount",0.107,-0.062,0.104,-0.066,0.180,-0.024,103,W,10,N,,,387673,169.70,0
269,615.571,"Mount",0.064,-0.077,0.098,-0.022,0.186,0.000,106,W,0,,,,346486,125.67,0
270,617.973,"Mount",0.031,-0.130,0.130,0.033,0.210,0.000,120,W,0,,,,367572,151.48,0
271,620.152,"Mount",0.028,-0.114,0.114,0.028,0.193,0.000,110,W,0,,,,393898,143.07,0
272,622.609,"Mount",0.074,0.050,-0.010,-0.089,0.101,-0.032,58,W,14,N,,,379312,134.96,0
273,624.715,"Mount",0.049,-0.002,0.024,-0.042,0.081,0.000,46,W,0,,,,351480,126.50,0
274,627.105,"Mount",-0.028,-0.114,0.088,0.078,0.077,0.028,44,W,12,S,,,377163,132.37,0
275,629.155,"Mount",0.049,-0.026,0.046,-0.031,0.019,0.000,11,W,0,,,,356713,129.90,0
276,631.472,"Mount",0.030,-0.083,0.088,0.012,0.069,0.000,39,W,0,,,,377058,145.46,0
277,633.612,"Mount",0.102,0.031,0.020,-0.104,0.017,-0.038,10,W,16,N,,,375726,147.48,0
278,636.122,"Mount",-0.070,-0.189,0.136,0.149,0.103,0.052,59,W,22,S,,,398263,156.51,0
279,638.261,"Mount",-0.072,-0.069,0.028,0.096,0.036,0.037,20,W,16,S,,,357905,138.06,0
280,640.625,"Mount",0.001,0.056,-0.049,-0.027,0.034,0.000,19,W,0,,,,394939,164.00,0
281,642.686,"Mount",-0.042,0.015,-0.032,0.030,0.043,0.000,25,W,0,,,,390173,161.38,0
282,645.037,"Mount",-0.058,0.003,-0.030,0.050,0.042,0.000,24,W,0,,,,350642,132.23,0
283,647.167,"Mount",0.020,0.122,-0.099,-0.074,-0.040,-0.027,23,E,11,N,,,379253,136.51,0
284,649.581,"Mount",0.053,0.098,-0.063,-0.092,-0.029,-0.034,16,E,15,N,,,372497,139.78,0
285,651.658,"Mount",-0.026,0.133,-0.130,-0.038,-0.073,0.000,42,E,0,,,,375234,161.13,0
286,654.087,"Mount",-0.191,0.068,-0.149,0.138,-0.078,0.050,44,E,21,S,,,355290,128.04,0
287,656.258,"Mount",0.121,0.158,-0.084,-0.181,-0.050,-0.063,29,E,27,N,,,358299,150.65,0
288,658.645,"Mount",-0.039,0.007,-0.024,0.032,0.002,0.000,1,W,0,,,,348531,124.13,0
289,660.722,"Mount",-0.044,-0.050,0.024,0.062,-0.000,0.022,0,,10,S,,,403534,138.84,0
290,663.098,"Mount",0.041,0.093,-0.063,-0.079,-0.016,-0.028,9,E,12,N,,,392532,141.62,0
291,665.148,"Mount",-0.010,0.024,-0.026,-0.002,0.017,0.000,10,W,0,,,,361580,139.11,0
292,667.505,"Mount",-0.160,-0.008,-0.067,0.146,0.016,0.052,9,W,22,S,,,344589,118.84,0
293,669.601,"Mount",-0.037,-0.056,0.033,0.059,0.067,0.000,38,W,0,,,,339703,131.26,0
294,671.925,"Mount",-0.004,-0.017,0.013,0.011,0.097,0.000,55,W,0,,,,379762,137.79,0
295,674.066,"Mount",0.019,0.042,-0.028,-0.036,0.107,0.000,61,W,0,,,,373331,149.25,0
296,676.492,"Mount",-0.035,0.011,-0.026,0.026,0.125,0.000,71,W,0,,,,382383,150.33,0
297,678.766,"Mount",-0.023,-0.089,0.068,0.062,0.152,0.022,87,W,9,S,,,376983,185.84,0
298,681.154,"Mount",-0.066,0.074,-0.096,0.025,0.066,0.000,38,W,0,,,,378628,151.54,0
299,683.325,"Mount",-0.028,-0.032,0.015,0.040,0.091,0.000,52,W,0,,,,370247,134.35,0
300,685.751,"Mount",0.201,0.155,-0.045,-0.250,0.080,-0.090,46,W,38,N,,,360130,130.07,0
301,687.956,"Mount",-0.008,-0.148,0.128,0.076,0.128,0.024,73,W,10,S,,,353177,137.34,0
302,690.347,"Mount",-0.063,-0.102,0.062,0.103,0.092,0.038,53,W,16,S,,,391970,155.58,0
303,692.510,"Mount",-0.071,-0.042,0.004,0.083,0.053,0.031,30,W,13,S,,,371801,149.61,0
304,695.039,"Mount",0.047,-0.287,0.276,0.091,0.185,0.034,106,W,15,S,,,370927,153.84,0
305,697.252,"Mount",0.103,-0.204,0.228,0.003,0.166,0.000,95,W,0,,,,371685,137.89,0
306,699.769,"Mount",-0.032,-0.218,0.179,0.129,0.156,0.047,89,W,20,S,,,373338,146.31,0
307,701.896,"Mount",-0.006,-0.044,0.037,0.026,0.118,0.000,68,W,0,,,,380908,140.34,0
308,704.412,"Mount",0.130,-0.074,0.126,-0.082,0.178,-0.029,102,W,13,N,,,369117,142.92,0
309,706.534,"Mount",0.003,0.025,-0.021,-0.015,0.116,0.000,66,W,0,,,,352020,148.29,0
310,708.851,"Mount",-0.042,0.092,-0.101,-0.006,0.055,0.000,31,W,0,,,,361921,125.14,0
311,711.006,"Mount",0.129,0.047,0.018,-0.136,0.066,-0.049,38,W,21,N,,,365575,132.54,0
312,713.332,"Mount",-0.015,-0.083,0.067,0.051,0.072,0.000,41,W,0,,,,358023,141.58,0
313,715.408,"Mount",-0.005,-0.003,0.000,0.006,0.019,0.000,11,W,0,,,,354714,124.48,0
314,717.713,"Mount",0.006,0.076,-0.065,-0.040,-0.039,0.000,22,E,0,,,,340974,131.47,0
315,719.812,"Mount",-0.024,-0.007,-0.005,0.024,-0.020,0.000,12,E,0,,,,367223,125.19,0
316,722.160,"Mount",-0.103,-0.032,-0.019,0.106,-0.042,0.038,24,E,16,S,,,374976,161.05,0
317,724.283,"Mount",-0.083,-0.037,-0.006,0.091,-0.039,0.034,22,E,15,S,,,355518,134.08,0
318,726.646,"Mount",-0.059,-0.128,0.087,0.111,0.023,0.042,13,W,18,S,,,362052,137.71,0
319,728.825,"Mount",0.161,0.017,0.059,-0.151,-0.007,-0.053,4,E,22,N,,,345516,133.30,0
320,731.183,"Mount",0.005,0.064,-0.055,-0.035,0.027,0.000,15,W,0,,,,325788,149.47,0
321,733.340,"Mount",0.027,0.099,-0.075,-0.069,-0.006,-0.025,3,E,11,N,,,350630,132.87,0
322,735.761,"Mount",-0.127,-0.049,-0.015,0.135,0.025,0.048,14,W,20,S,,,370347,142.50,0
323,737.807,"Mount",0.011,0.059,-0.048,-0.038,0.018,0.000,10,W,0,,,,336268,134.06,0
324,740.125,"Mount",-0.051,0.089,-0.102,0.004,-0.035,0.000,20,E,0,,,,309568,122.19,0
325,742.200,"Mount",-0.048,0.042,-0.059,0.023,-0.014,0.000,8,E,0,,,,303423,117.07,0
326,744.614,"Mount",-0.076,-0.018,-0.019,0.076,-0.022,0.027,12,E,12,S,,,334368,133.04,0
327,746.809,"Mount",0.098,-0.016,0.060,-0.080,-0.035,-0.028,20,E,12,N,,,326456,135.17,0
328,749.115,"Mount",-0.019,0.020,-0.026,0.008,-0.042,0.000,24,E,0,,,,327350,122.89,0
329,751.192,"Mount",0.029,0.018,-0.003,-0.034,-0.028,0.000,16,E,0,,,,315503,144.98,0
330,753.583,"Mount",-0.085,-0.019,-0.022,0.084,-0.030,0.030,17,E,13,S,,,320592,150.57,0
331,755.710,"Mount",-0.035,-0.103,0.075,0.079,0.006,0.029,3,W,13,S,,,290622,127.16,0
332,758.143,"Mount",0.020,0.129,-0.105,-0.077,-0.076,-0.027,44,E,11,N,,,277504,118.25,0
333,760.254,"Mount",0.030,0.009,0.006,-0.030,-0.029,0.000,17,E,0,,,,295572,126.91,0
334,762.728,"Mount",0.104,0.049,0.005,-0.115,-0.030,-0.041,17,E,18,N,,,293718,126.79,0
335,764.833,"Mount",-0.040,0.083,-0.092,-0.003,-0.073,0.000,42,E,0,,,,297449,134.14,0
336,767.132,"Mount",-0.050,0.014,-0.035,0.038,-0.033,0.000,19,E,0,,,,311352,131.84,0
337,769.331,"Mount",-0.040,0.170,-0.169,-0.043,-0.107,0.000,61,E,0,,,,301786,136.94,0
338,771.686,"Mount",-0.072,-0.009,-0.025,0.068,-0.039,0.024,22,E,10,S,,,294011,121.92,0
339,773.828,"Mount",0.019,0.078,-0.061,-0.053,-0.058,0.000,33,E,0,,,,307337,121.36,0
340,776.122,"Mount",0.014,0.085,-0.069,-0.052,-0.066,0.000,38,E,0,,,,300269,127.28,0
341,778.251,"Mount",0.029,-0.082,0.086,0.012,0.015,0.000,8,W,0,,,,292245,129.71,0
342,780.674,"Mount",0.034,-0.035,0.047,-0.014,-0.014,0.000,8,E,0,,,,276647,134.50,0
343,782.892,"Mount",0.026,-0.043,0.051,-0.003,0.003,0.000,2,W,0,,,,291976,135.33,0
344,785.254,"Mount",-0.067,-0.101,0.059,0.107,0.012,0.038,7,W,16,S,,,291922,135.37,0
345,787.378,"Mount",0.074,-0.019,0.051,-0.057,0.038,0.000,22,W,0,,,,301515,119.98,0
346,789.658,"Mount",0.027,0.006,0.007,-0.027,0.043,0.000,25,W,0,,,,309239,132.77,0
347,791.829,"Mount",0.060,0.021,0.009,-0.064,0.042,-0.023,24,W,10,N,,,293974,142.62,0
348,794.126,"Mount",0.071,-0.037,0.065,-0.046,0.070,0.000,40,W,0,,,,294621,134.57,0
349,796.213,"Mount",0.003,-0.093,0.083,0.040,0.063,0.000,36,W,0,,,,278368,120.07,0
350,798.681,"Mount",0.045,0.048,-0.022,-0.062,0.022,-0.022,12,W,10,N,,,301860,127.30,0
351,800.794,"Mount",-0.067,0.035,-0.062,0.044,-0.008,0.000,5,E,0,,,,295796,128.82,0
352,803.167,"Mount",-0.043,0.162,-0.164,-0.036,-0.061,0.000,35,E,0,,,,289034,110.87,0
353,805.293,"Mount",-0.092,0.018,-0.058,0.073,0.006,0.026,4,W,11,S,,,303773,116.92,0
354,807.695,"Mount",-0.104,0.033,-0.077,0.077,-0.051,0.029,29,E,12,S,,,308575,123.80,0
355,809.861,"Mount",0.024,0.166,-0.136,-0.098,-0.091,-0.034,52,E,15,N,,,309781,144.94,0
356,812.204,"Mount",-0.084,0.113,-0.139,0.022,-0.113,0.000,65,E,0,,,,319624,140.97,0
357,814.363,"Mount",-0.128,0.206,-0.242,0.018,-0.175,0.000,100,E,0,,,,307566,121.26,0
358,816.862,"Mount",-0.178,0.041,-0.118,0.139,-0.151,0.050,86,E,21,S,,,337353,142.01,0
359,819.070,"Mount",-0.010,0.118,-0.110,-0.046,-0.165,0.000,94,E,0,,,,294605,116.15,0
360,821.488,"Mount",0.005,0.048,-0.040,-0.027,-0.143,0.000,82,E,0,,,,321103,137.67,0
361,823.629,"Mount",0.021,0.020,-0.008,-0.028,-0.147,0.000,84,E,0,,,,318080,127.09,0
362,826.071,"Mount",-0.056,0.075,-0.092,0.015,-0.190,0.000,109,E,0,,,,322732,124.80,0
363,828.221,"Mount",-0.010,0.082,-0.078,-0.030,-0.174,0.000,99,E,0,,,,307089,118.84,0
364,830.591,"Mount",0.037,-0.021,0.036,-0.023,-0.127,0.000,72,E,0,,,,293067,134.07,0
365,832.773,"Mount",0.084,0.103,-0.053,-0.122,-0.100,-0.044,57,E,19,N,,,277140,129.33,0
366,835.116,"Mount",0.015,-0.003,0.010,-0.012,-0.080,0.000,46,E,0,,,,281597,127.94,0
367,837.208,"Mount",0.021,-0.016,0.024,-0.012,-0.038,0.000,22,E,0,,,,268302,132.58,0
368,839.480,"Mount",-0.066,0.000,-0.031,0.059,-0.018,0.000,10,E,0,,,,271679,114.21,0
369,841.686,"Mount",-0.144,0.055,-0.115,0.102,-0.058,0.037,33,E,16,S,,,292567,139.64,0
370,844.007,"Mount",0.072,0.035,0.002,-0.080,0.000,-0.027,0,,12,N,,,263105,123.21,0
371,846.146,"Mount",-0.115,0.006,-0.058,0.099,-0.032,0.035,18,E,15,S,,,272622,135.39,0
372,848.584,"Mount",0.013,0.138,-0.117,-0.075,-0.091,-0.026,52,E,11,N,,,278593,151.04,0
373,850.691,"Mount",0.050,-0.013,0.034,-0.038,-0.063,0.000,36,E,0,,,,277622,149.68,0
374,853.060,"Mount",-0.033,-0.059,0.037,0.057,-0.075,0.000,43,E,0,,,,295022,129.31,0
375,855.241,"Mount",-0.057,0.060,-0.080,0.023,-0.118,0.000,68,E,0,,,,280670,131.58,0
376,857.632,"Mount",0.002,-0.022,0.020,0.009,-0.085,0.000,49,E,0,,,,260289,114.45,0
377,859.801,"Mount",-0.088,0.003,-0.043,0.077,-0.087,0.028,50,E,12,S,,,273160,115.95,0
378,862.123,"Mount",0.027,0.027,-0.012,-0.036,-0.084,0.000,48,E,0,,,,287888,127.82,0
379,864.229,"Mount",0.035,0.041,-0.020,-0.050,-0.085,0.000,49,E,0,,,,250143,127.14,0
380,866.582,"Mount",-0.022,-0.022,0.010,0.030,-0.099,0.000,57,E,0,,,,268217,117.86,0
381,868.751,"Mount",0.038,-0.016,0.031,-0.026,-0.109,0.000,62,E,0,,,,288831,133.16,0
382,871.219,"Mount",0.023,0.103,-0.081,-0.068,-0.173,-0.025,99,E,11,N,,,272055,146.61,0
383,873.363,"Mount",0.009,0.073,-0.061,-0.042,-0.179,0.000,102,E,0,,,,275634,124.40,0
384,875.887,"Mount",-0.098,0.095,-0.129,0.044,-0.235,0.000,134,E,0,,,,280213,126.84,0
385,878.189,"Mount",-0.147,0.145,-0.196,0.064,-0.290,0.023,166,E,10,S,,,258653,108.42,0
386,880.713,"Mount",-0.091,0.209,-0.227,-0.016,-0.328,0.000,188,E,0,,,,287515,126.49,0
387,883.057,"Mount",-0.009,0.212,-0.192,-0.090,-0.305,-0.032,174,E,14,N,,,258946,120.10,0
388,885.530,"Mount",-0.018,0.030,-0.035,0.002,-0.221,0.000,126,E,0,,,,298299,133.16,0
389,887.898,"Mount",0.081,0.009,0.029,-0.076,-0.198,-0.027,113,E,12,N,,,281373,138.61,0
390,890.359,"Mount",-0.130,-0.042,-0.023,0.135,-0.184,0.048,105,E,20,S,,,256565,126.51,0
391,892.535,"Mount",-0.038,0.103,-0.109,-0.014,-0.194,0.000,111,E,0,,,,258065,118.07,0
392,894.936,"Mount",0.010,0.056,-0.045,-0.035,-0.128,0.000,73,E,0,,,,261289,129.76,0
393,897.158,"Mount",0.047,0.141,-0.104,-0.107,-0.168,-0.039,96,E,16,N,,,278408,144.25,0
394,899.586,"Mount",-0.033,0.063,-0.071,0.000,-0.145,0.000,83,E,0,,,,278788,132.53,0
395,901.847,"Mount",-0.118,0.022,-0.074,0.094,-0.146,0.034,83,E,15,S,,,276919,132.82,0
396,904.242,"Mount",-0.127,0.151,-0.192,0.043,-0.200,0.000,114,E,0,,,,290096,131.79,0
397,906.447,"Mount",-0.042,0.134,-0.138,-0.025,-0.187,0.000,107,E,0,,,,255958,119.12,0
398,908.913,"Mount",0.028,0.088,-0.066,-0.066,-0.158,-0.024,90,E,10,N,,,274520,119.37,0
399,911.184,"Mount",-0.160,0.039,-0.108,0.124,-0.190,0.044,108,E,19,S,,,258237,128.35,0
400,913.551,"Mount",0.021,-0.000,0.010,-0.019,-0.148,0.000,84,E,0,,,,256133,121.28,0
401,915.671,"Mount",0.055,-0.059,0.078,-0.021,-0.092,0.000,52,E,0,,,,289211,140.55,0
402,918.133,"Mount",-0.050,-0.039,0.012,0.063,-0.127,0.023,73,E,10,S,,,260593,127.51,0
403,920.290,"Mount",-0.012,-0.131,0.110,0.071,-0.064,0.026,36,E,11,S,,,270206,117.23,0
404,922.631,"Mount",0.052,-0.170,0.175,0.032,-0.008,0.000,4,E,0,,,,220470,104.85,0
405,924.740,"Mount",0.019,-0.054,0.057,0.008,-0.069,0.000,39,E,0,,,,269105,125.54,0
406,927.114,"Mount",0.020,0.013,-0.003,-0.023,-0.032,0.000,18,E,0,,,,240930,107.50,0
407,929.194,"Mount",0.039,0.041,-0.019,-0.054,-0.019,0.000,11,E,0,,,,270154,137.99,0
408,931.589,"Mount",0.015,-0.033,0.036,0.002,-0.025,0.000,14,E,0,,,,260311,118.72,0
409,933.631,"Mount",0.007,-0.027,0.027,0.006,-0.014,0.000,8,E,0,,,,245427,125.55,0
410,935.930,"Mount",0.062,-0.006,0.033,-0.052,-0.035,0.000,20,E,0,,,,244382,120.23,0
411,938.132,"Mount",0.247,0.099,0.026,-0.265,-0.027,-0.095,16,E,41,N,,,243432,110.84,0
412,940.520,"Mount",-0.047,-0.144,0.106,0.108,0.023,0.035,13,W,15,S,,,257709,120.14,0
413,942.597,"Mount",0.040,-0.086,0.094,0.004,0.015,0.000,8,W,0,,,,240291,109.01,0
414,944.890,"Mount",0.039,-0.039,0.053,-0.017,-0.019,0.000,11,E,0,,,,248872,132.30,0
415,947.046,"Mount",0.043,-0.135,0.140,0.024,0.065,0.000,37,W,0,,,,262585,129.16,0
416,949.312,"Mount",-0.002,-0.050,0.043,0.025,0.019,0.000,11,W,0,,,,246204,120.79,0
417,951.450,"Mount",0.111,-0.001,0.052,-0.098,0.038,-0.035,21,W,15,N,,,227616,106.47,0
418,953.960,"Mount",-0.008,-0.209,0.182,0.104,0.142,0.036,81,W,15,S,,,247991,129.24,0
419,956.175,"Mount",0.166,-0.082,0.149,-0.109,0.143,-0.038,82,W,16,N,,,233008,114.58,0
420,958.633,"Mount",-0.051,-0.105,0.070,0.093,0.130,0.032,74,W,14,S,,,235780,112.63,0
421,960.864,"Mount",-0.051,-0.152,0.112,0.116,0.170,0.043,97,W,18,S,,,243510,115.19,0
422,963.317,"Mount",0.022,-0.109,0.107,0.031,0.187,0.000,107,W,0,,,,226635,109.11,0
423,965.545,"Mount",0.162,0.000,0.075,-0.144,0.169,-0.052,97,W,22,N,,,223554,106.17,0
424,968.011,"Mount",-0.118,-0.027,-0.031,0.117,0.143,0.040,82,W,17,S,,,247582,129.24,0
425,970.156,"Mount",0.003,-0.061,0.055,0.025,0.132,0.000,75,W,0,,,,245513,146.53,0
426,972.547,"Mount",-0.029,-0.048,0.030,0.048,0.103,0.000,59,W,0,,,,240658,129.69,0
427,974.716,"Mount",0.050,-0.053,0.070,-0.020,0.118,0.000,68,W,0,,,,235594,139.14,0
428,977.241,"Mount",-0.057,-0.064,0.030,0.080,0.072,0.029,41,W,12,S,,,253804,137.15,0
429,979.458,"Mount",-0.060,-0.079,0.043,0.090,0.056,0.034,32,W,14,S,,,238567,125.32,0
430,981.816,"Mount",0.071,-0.143,0.160,0.003,0.127,0.000,73,W,0,,,,235284,112.35,0
431,983.987,"Mount",0.096,-0.038,0.078,-0.067,0.078,-0.024,45,W,10,N,,,249625,125.55,0
432,986.362,"Mount",0.015,-0.119,0.113,0.042,0.102,0.000,58,W,0,,,,232834,110.26,0
433,988.458,"Mount",0.031,-0.128,0.128,0.032,0.095,0.000,54,W,0,,,,223567,117.09,0
434,990.844,"Mount",-0.129,0.021,-0.078,0.104,0.001,0.038,1,W,16,S,,,223762,115.41,0
435,992.930,"Mount",-0.017,0.023,-0.028,0.005,0.026,0.000,15,W,0,,,,214434,106.82,0
436,995.258,"Mount",-0.001,0.001,-0.001,0.000,0.016,0.000,9,W,0,,,,209798,123.04,0
437,997.363,"Mount",-0.098,0.120,-0.152,0.032,-0.068,0.000,39,E,0,,,,181088,104.32,0
438,999.722,"Mount",-0.117,0.033,-0.083,0.089,-0.042,0.032,24,E,14,S,,,200808,112.33,0
439,1001.831,"Mount",-0.044,0.076,-0.088,0.004,-0.070,0.000,40,E,0,,,,196120,98.11,0
440,1004.127,"Mount",-0.052,0.023,-0.044,0.035,-0.032,0.000,18,E,0,,,,201473,114.49,0
441,1006.283,"Mount",-0.109,0.003,-0.053,0.096,-0.031,0.034,18,E,15,S,,,197366,116.17,0
442,1008.608,"Mount",0.011,0.027,-0.018,-0.022,-0.023,0.000,13,E,0,,,,195997,110.76,0
443,1010.751,"Mount",0.071,-0.023,0.053,-0.053,-0.003,0.000,2,E,0,,,,203244,115.24,0
444,1013.233,"Mount",0.190,-0.100,0.176,-0.122,0.093,-0.044,53,W,19,N,,,186680,100.40,0
445,1015.376,"Mount",0.073,-0.009,0.042,-0.060,0.032,-0.023,18,W,10,N,,,187541,110.82,0
446,1017.842,"Mount",-0.009,-0.262,0.228,0.129,0.172,0.045,98,W,19,S,,,177948,101.74,0
447,1020.093,"Mount",-0.122,-0.152,0.078,0.179,0.126,0.066,72,W,28,S,,,181229,105.64,0
448,1022.584,"Mount",0.064,0.014,0.017,-0.063,0.119,-0.020,68,W,9,N,,,181745,105.98,0
449,1024.770,"Mount",0.053,-0.105,0.118,0.002,0.170,0.000,97,W,0,,,,187646,117.79,0
450,1027.170,"Mount",0.135,-0.151,0.196,-0.051,0.194,0.000,111,W,0,,,,179211,112.32,0
451,1029.341,"Mount",0.089,-0.156,0.179,-0.007,0.170,0.000,97,W,0,,,,179903,96.47,0
452,1031.746,"Mount",0.084,-0.067,0.098,-0.043,0.141,0.000,81,W,0,,,,165563,102.89,0
453,1034.007,"Mount",0.133,-0.101,0.151,-0.071,0.153,-0.026,87,W,11,N,,,183749,109.57,0
454,1036.437,"Mount",0.073,-0.194,0.205,0.025,0.187,0.000,107,W,0,,,,192250,100.67,0
455,1038.665,"Mount",0.124,-0.069,0.119,-0.078,0.143,-0.028,82,W,12,N,,,189941,102.40,0
456,1041.076,"Mount",0.055,-0.056,0.075,-0.023,0.145,0.000,83,W,0,,,,194820,111.10,0
457,1043.316,"Mount",0.052,-0.174,0.178,0.034,0.195,0.000,111,W,0,,,,195930,106.13,0
458,1045.747,"Mount",0.086,-0.097,0.126,-0.032,0.182,0.000,104,W,0,,,,205934,119.71,0
459,1047.886,"Mount",0.013,-0.027,0.030,0.001,0.122,0.000,70,W,0,,,,193182,99.67,0
460,1050.304,"Mount",0.113,0.099,-0.036,-0.146,0.121,-0.053,69,W,22,N,,,194945,116.37,0
461,1052.490,"Mount",-0.162,-0.100,0.014,0.190,0.085,0.066,48,W,28,S,,,187109,101.71,0
462,1054.854,"Mount",-0.048,0.014,-0.034,0.036,0.071,0.000,40,W,0,,,,187154,101.74,0
463,1056.938,"Mount",-0.024,0.017,-0.026,0.014,0.033,0.000,19,W,0,,,,183500,117.22,0
464,1059.387,"Mount",-0.073,-0.104,0.059,0.113,0.011,0.041,6,W,17,S,,,196623,109.71,0
465,1061.450,"Mount",-0.052,-0.021,-0.005,0.056,0.007,0.000,4,W,0,,,,196192,110.33,0
466,1063.738,"Mount",0.040,-0.024,0.040,-0.025,-0.009,0.000,5,E,0,,,,197542,104.96,0
467,1065.943,"Mount",-0.042,-0.085,0.056,0.076,0.009,0.027,5,W,12,S,,,193840,103.89,0
468,1068.252,"Mount",0.099,-0.186,0.211,-0.002,0.100,0.000,57,W,0,,,,208897,125.87,0
469,1070.360,"Mount",-0.005,0.057,-0.053,-0.021,0.006,0.000,3,W,0,,,,196313,119.14,0
470,1072.838,"Mount",-0.029,-0.234,0.195,0.134,0.111,0.048,63,W,21,S,,,185237,106.16,0
471,1074.973,"Mount",-0.001,-0.045,0.040,0.021,0.028,0.000,16,W,0,,,,191605,109.30,0
472,1077.278,"Mount",0.041,-0.046,0.060,-0.016,0.020,0.000,12,W,0,,,,183385,104.22,0
473,1079.506,"Mount",0.191,-0.022,0.107,-0.159,0.069,-0.057,39,W,24,N,,,207649,121.23,0
474,1081.832,"Mount",-0.019,-0.074,0.057,0.051,0.005,0.000,3,W,0,,,,190687,100.85,0
475,1083.954,"Mount",0.011,-0.090,0.085,0.031,0.039,0.000,23,W,0,,,,207740,122.79,0
476,1086.317,"Mount",0.098,-0.165,0.192,-0.010,0.087,0.000,50,W,0,,,,189059,122.47,0
477,1088.437,"Mount",0.020,-0.070,0.071,0.015,0.025,0.000,14,W,0,,,,198553,104.36,0
478,1090.717,"Mount",0.014,0.030,-0.020,-0.027,-0.001,0.000,0,,0,,,,193306,108.27,0
479,1092.910,"Mount",0.082,0.043,-0.001,-0.093,-0.008,-0.034,5,E,14,N,,,184164,105.69,0
480,1095.302,"Mount",0.005,0.048,-0.041,-0.027,-0.017,0.000,10,E,0,,,,204389,107.27,0
481,1097.579,"Mount",0.073,0.034,0.003,-0.080,-0.019,-0.029,11,E,12,N,,,185040,99.56,0
482,1099.964,"Mount",-0.123,-0.091,0.024,0.151,-0.025,0.053,14,E,23,S,,,224245,112.65,0
483,1102.137,"Mount",-0.126,-0.096,0.027,0.156,-0.033,0.058,19,E,25,S,,,220630,108.94,0
484,1104.422,"Mount",-0.041,0.018,-0.035,0.028,-0.038,0.000,22,E,0,,,,224111,114.08,0
485,1106.542,"Mount",-0.036,0.102,-0.107,-0.015,-0.089,0.000,51,E,0,,,,217009,113.41,0
486,1108.880,"Mount",-0.074,0.034,-0.064,0.050,-0.076,0.000,44,E,0,,,,209550,101.82,0
487,1110.972,"Mount",-0.043,0.031,-0.048,0.024,-0.053,0.000,30,E,0,,,,215921,110.78,0
488,1113.456,"Mount",0.018,0.102,-0.083,-0.063,-0.096,-0.023,55,E,10,N,,,205107,113.29,0
489,1115.618,"Mount",0.025,-0.054,0.059,0.003,-0.057,0.000,33,E,0,,,,198295,108.54,0
490,1118.049,"Mount",-0.172,-0.122,0.029,0.209,-0.055,0.075,31,E,32,S,,,193838,109.76,0
491,1120.143,"Mount",0.017,0.006,0.003,-0.017,-0.049,0.000,28,E,0,,,,200261,96.68,0
492,1122.472,"Mount",0.036,-0.033,0.046,-0.017,-0.026,0.000,15,E,0,,,,207339,113.12,0
493,1124.672,"Mount",0.127,-0.035,0.090,-0.097,0.025,-0.035,14,W,15,N,,,211687,126.50,0
494,1127.123,"Mount",0.216,-0.029,0.125,-0.178,0.059,-0.066,34,W,28,N,,,224305,128.11,0
495,1129.214,"Mount",0.036,-0.082,0.089,0.006,0.055,0.000,32,W,0,,,,195381,104.49,0
496,1131.668,"Mount",-0.037,-0.083,0.056,0.071,0.026,0.026,15,W,11,S,,,197380,106.95,0
497,1133.864,"Mount",-0.024,-0.187,0.155,0.108,0.102,0.040,58,W,17,S,,,184922,97.69,0
498,1136.222,"Mount",0.054,-0.130,0.140,0.012,0.099,0.000,57,W,0,,,,197186,122.71,0
499,1138.499,"Mount",-0.083,-0.164,0.107,0.149,0.084,0.054,48,W,23,S,,,189930,98.08,0
500,1140.841,"Mount",-0.028,0.006,-0.018,0.022,0.042,0.000,24,W,0,,,,204357,121.62,0
501,1142.920,"Mount",0.010,-0.083,0.078,0.029,0.070,0.000,40,W,0,,,,211028,118.72,0
502,1145.321,"Mount",0.049,-0.063,0.079,-0.015,0.062,0.000,36,W,0,,,,202551,102.18,0
503,1147.419,"Mount",0.002,-0.088,0.079,0.039,0.054,0.000,31,W,0,,,,200288,106.02,0
504,1149.700,"Mount",0.069,-0.018,0.048,-0.053,0.005,0.000,3,W,0,,,,208216,109.90,0
505,1151.758,"Mount",-0.014,-0.060,0.047,0.040,-0.007,0.000,4,E,0,,,,203888,105.87,0
506,1154.085,"Mount",0.067,-0.033,0.060,-0.044,-0.024,0.000,14,E,0,,,,204589,105.99,0
507,1156.141,"Mount",0.017,-0.063,0.064,0.014,-0.011,0.000,6,E,0,,,,206826,110.23,0
508,1158.462,"Mount",-0.034,-0.038,0.018,0.047,-0.059,0.000,33,E,0,,,,194733,104.98,0
509,1160.703,"Mount",0.013,0.119,-0.099,-0.066,-0.113,-0.024,65,E,10,N,,,225776,120.39,0
510,1163.100,"Mount",0.039,-0.036,0.050,-0.018,-0.093,0.000,53,E,0,,,,200087,105.78,0
511,1165.297,"Mount",-0.026,0.032,-0.040,0.008,-0.103,0.000,59,E,0,,,,198312,110.25,0
512,1167.731,"Mount",-0.087,0.022,-0.060,0.067,-0.116,0.024,66,E,10,S,,,192347,112.71,0
513,1169.906,"Mount",-0.101,0.127,-0.160,0.031,-0.192,0.000,110,E,0,,,,170109,104.80,0
514,1172.302,"Mount",-0.021,0.026,-0.033,0.006,-0.120,0.000,69,E,0,,,,191518,121.87,0
515,1174.529,"Mount",-0.134,0.046,-0.102,0.098,-0.161,0.035,92,E,15,S,,,171701,107.17,0
516,1176.990,"Mount",-0.061,-0.036,0.004,0.071,-0.119,0.027,68,E,12,S,,,200283,122.92,0
517,1179.221,"Mount",0.059,0.065,-0.031,-0.083,-0.106,-0.029,61,E,12,N,,,177464,102.45,0
518,1181.600,"Mount",-0.031,0.153,-0.150,-0.043,-0.171,0.000,98,E,0,,,,180244,106.89,0
519,1183.794,"Mount",0.068,0.067,-0.029,-0.091,-0.089,-0.033,51,E,14,N,,,172946,97.26,0
520,1186.140,"Mount",-0.036,0.050,-0.060,0.009,-0.116,0.000,66,E,0,,,,188122,109.11,0
521,1188.249,"Mount",-0.026,-0.045,0.028,0.044,-0.075,0.000,43,E,0,,,,185166,100.73,0
522,1190.545,"Mount",-0.027,-0.004,-0.009,0.026,-0.069,0.000,40,E,0,,,,213925,120.34,0
523,1192.731,"Mount",-0.115,0.009,-0.061,0.098,-0.083,0.035,48,E,15,S,,,221946,121.02,0
524,1195.078,"Mount",-0.004,-0.024,0.019,0.015,-0.055,0.000,32,E,0,,,,220835,114.99,0
525,1197.142,"Mount",0.082,-0.055,0.087,-0.047,0.007,0.000,4,W,0,,,,205652,119.02,0
526,1199.508,"Mount",-0.014,-0.132,0.110,0.074,0.013,0.026,8,W,11,S,,,220053,108.92,0
527,1201.683,"Mount",0.133,-0.044,0.100,-0.097,0.012,-0.034,7,W,15,N,,,220457,122.15,0
528,1203.996,"Mount",0.040,-0.057,0.069,-0.009,-0.011,0.000,6,E,0,,,,199874,104.08,0
529,1206.101,"Mount",-0.010,0.009,-0.012,0.005,-0.054,0.000,31,E,0,,,,205070,102.78,0
530,1208.460,"Mount",0.049,-0.005,0.027,-0.042,-0.067,0.000,38,E,0,,,,221237,112.21,0
531,1210.602,"Mount",0.055,0.019,0.009,-0.057,-0.087,0.000,50,E,0,,,,210845,121.18,0
532,1213.058,"Mount",0.137,0.112,-0.036,-0.173,-0.104,-0.062,59,E,27,N,,,213298,125.41,0
533,1215.356,"Mount",-0.245,0.026,-0.136,0.206,-0.178,0.072,102,E,31,S,,,190965,105.45,0
534,1217.780,"Mount",-0.079,0.164,-0.182,-0.006,-0.229,0.000,131,E,0,,,,176220,96.80,0
535,1219.974,"Mount",0.066,-0.042,0.067,-0.039,-0.127,0.000,73,E,0,,,,184877,114.81,0
536,1222.490,"Mount",0.045,0.092,-0.061,-0.083,-0.207,-0.030,118,E,13,N,,,176426,99.33,0
537,1226.923,"Mount",-0.131,0.159,-0.202,0.042,-0.355,0.000,203,E,0,,,,178429,105.92,0
538,1229.148,"Mount",-0.100,0.045,-0.086,0.068,-0.229,0.024,131,E,10,S,,,184885,107.53,0
539,1231.555,"Mount",0.007,0.035,-0.028,-0.022,-0.209,0.000,119,E,0,,,,163065,96.80,0
540,1233.750,"Mount",-0.105,0.082,-0.122,0.055,-0.259,0.000,148,E,0,,,,179366,110.09,0
541,1236.193,"Mount",-0.038,-0.048,0.025,0.056,-0.225,0.000,129,E,0,,,,160446,96.94,0
542,1238.444,"Mount",-0.061,0.031,-0.056,0.040,-0.215,0.000,123,E,0,,,,162430,90.72,0
543,1240.894,"Mount",-0.029,0.054,-0.061,0.001,-0.239,0.000,137,E,0,,,,167761,108.14,0
544,1243.129,"Mount",-0.099,-0.085,0.030,0.128,-0.188,0.046,108,E,20,S,,,180770,124.18,0
545,1245.650,"Mount",0.221,0.104,0.010,-0.244,-0.186,-0.086,106,E,37,N,,,183349,105.53,0
546,1247.917,"Mount",0.151,-0.017,0.085,-0.126,-0.098,-0.049,56,E,21,N,,,200904,120.84,0
547,1250.357,"Mount",-0.204,-0.049,-0.051,0.204,-0.125,0.071,72,E,31,S,,,185730,104.00,0
548,1252.478,"Mount",-0.002,0.004,-0.005,0.000,-0.095,0.000,55,E,0,,,,186792,101.18,0
549,1254.872,"Mount",-0.027,0.010,-0.022,0.019,-0.085,0.000,49,E,0,,,,174949,108.45,0
550,1257.022,"Mount",-0.073,0.079,-0.104,0.029,-0.136,0.000,78,E,0,,,,206385,126.72,0
551,1259.410,"Mount",-0.069,-0.006,-0.027,0.064,-0.085,0.023,48,E,10,S,,,195767,105.43,0
552,1261.534,"Mount",0.028,0.033,-0.016,-0.040,-0.105,0.000,60,E,0,,,,200719,123.07,0
553,1263.936,"Mount",0.048,0.010,0.014,-0.047,-0.106,0.000,61,E,0,,,,208980,107.66,0
554,1266.121,"Mount",-0.074,-0.036,-0.002,0.082,-0.110,0.029,63,E,13,S,,,201357,105.43,0
555,1268.607,"Mount",-0.006,-0.059,0.050,0.033,-0.115,0.000,66,E,0,,,,193682,101.80,0
556,1270.867,"Mount",-0.129,0.051,-0.105,0.091,-0.141,0.033,80,E,14,S,,,196605,101.45,0
557,1273.307,"Mount",0.098,-0.014,0.058,-0.080,-0.093,-0.028,53,E,12,N,,,198891,115.38,0
558,1275.503,"Mount",-0.068,-0.129,0.084,0.120,-0.047,0.042,27,E,18,S,,,174683,104.91,0
559,1277.812,"Mount",-0.013,-0.024,0.015,0.022,-0.066,0.000,38,E,0,,,,180931,103.50,0
560,1280.011,"Mount",0.084,-0.007,0.045,-0.071,-0.058,-0.025,33,E,11,N,,,184249,114.56,0
561,1282.303,"Mount",-0.023,-0.040,0.025,0.038,-0.038,0.000,22,E,0,,,,178901,121.62,0
562,1284.378,"Mount",0.024,-0.009,0.020,-0.017,-0.028,0.000,16,E,0,,,,182553,105.37,0
563,1286.815,"Mount",-0.144,-0.111,0.032,0.179,-0.021,0.065,12,E,28,S,,,172122,106.19,0
564,1288.976,"Mount",0.145,0.134,-0.052,-0.190,-0.007,-0.066,4,E,28,N,,,191594,108.53,0
565,1291.360,"Mount",-0.067,-0.095,0.053,0.103,-0.008,0.035,4,E,15,S,,,210093,113.58,0
566,1293.528,"Mount",0.026,0.108,-0.084,-0.073,-0.030,-0.025,17,E,11,N,,,207049,104.77,0
567,1295.836,"Mount",0.032,0.007,0.008,-0.032,0.016,0.000,9,W,0,,,,187584,109.17,0
568,1297.941,"Mount",0.018,-0.040,0.044,0.003,0.031,0.000,18,W,0,,,,205222,103.32,0
569,1300.281,"Mount",0.038,-0.118,0.122,0.021,0.103,0.000,59,W,0,,,,218156,111.34,0
570,1302.493,"Mount",0.133,-0.135,0.181,-0.056,0.147,0.000,84,W,0,,,,232054,120.39,0
571,1304.946,"Mount",-0.092,-0.113,0.058,0.133,0.081,0.048,46,W,21,S,,,209963,114.88,0
572,1307.187,"Mount",0.137,-0.035,0.094,-0.105,0.148,-0.036,85,W,15,N,,,221277,123.84,0
573,1309.574,"Mount",-0.034,-0.011,-0.006,0.035,0.119,0.000,68,W,0,,,,232947,106.82,0
574,1311.699,"Mount",-0.022,-0.013,0.001,0.025,0.115,0.000,66,W,0,,,,238059,133.71,0
575,1314.083,"Mount",0.107,-0.083,0.123,-0.057,0.181,0.000,103,W,0,,,,205695,103.69,0
576,1316.332,"Mount",0.040,0.067,-0.041,-0.067,0.119,-0.024,68,W,10,N,,,214913,112.65,0
577,1318.704,"Mount",-0.015,-0.084,0.068,0.051,0.158,0.000,90,W,0,,,,232585,144.88,0
578,1320.850,"Mount",0.065,0.003,0.027,-0.059,0.128,0.000,73,W,0,,,,229828,120.38,0
579,1323.316,"Mount",-0.097,-0.010,-0.036,0.091,0.130,0.033,74,W,14,S,,,234463,116.09,0
580,1325.465,"Mount",0.016,0.097,-0.079,-0.059,0.083,0.000,47,W,0,,,,216534,113.06,0
581,1327.858,"Mount",-0.033,0.031,-0.042,0.015,0.108,0.000,62,W,0,,,,239888,133.89,0
582,1330.039,"Mount",0.007,-0.047,0.045,0.016,0.088,0.000,50,W,0,,,,248857,126.48,0
583,1332.396,"Mount",0.068,-0.025,0.054,-0.049,0.044,0.000,25,W,0,,,,267454,133.03,0
584,1334.522,"Mount",-0.075,0.065,-0.092,0.037,-0.019,0.000,11,E,0,,,,234275,111.24,0
585,1336.882,"Mount",-0.067,0.084,-0.105,0.021,-0.041,0.000,23,E,0,,,,251297,147.01,0
586,1338.990,"Mount",-0.073,0.013,-0.045,0.059,-0.009,0.000,5,E,0,,,,239818,119.88,0
587,1341.459,"Mount",-0.089,0.031,-0.069,0.065,-0.050,0.023,28,E,10,S,,,235491,112.77,0
588,1343.582,"Mount",-0.078,0.031,-0.063,0.055,-0.054,0.000,31,E,0,,,,230116,115.50,0
589,1346.108,"Mount",0.071,0.181,-0.128,-0.147,-0.077,-0.053,44,E,23,N,,,223180,105.46,0
590,1348.295,"Mount",-0.163,-0.034,-0.045,0.160,-0.019,0.056,11,E,24,S,,,217292,106.77,0
591,1350.600,"Mount",0.028,0.050,-0.031,-0.048,-0.016,0.000,9,E,0,,,,234877,122.85,0
592,1352.765,"Mount",0.089,0.101,-0.048,-0.126,-0.015,-0.045,8,E,19,N,,,245827,120.95,0
593,1355.129,"Mount",-0.122,-0.112,0.043,0.160,-0.005,0.056,3,E,24,S,,,229300,109.09,0
594,1357.313,"Mount",0.121,-0.041,0.092,-0.088,0.048,-0.030,28,W,13,N,,,250615,139.96,0
595,1359.681,"Mount",-0.012,0.019,-0.022,0.002,0.024,0.000,14,W,0,,,,249514,117.61,0
596,1361.848,"Mount",-0.149,0.014,-0.081,0.126,0.013,0.045,8,W,19,S,,,261502,131.16,0
597,1364.204,"Mount",0.062,0.155,-0.109,-0.126,0.024,-0.044,14,W,19,N,,,241529,135.27,0
598,1366.359,"Mount",0.001,-0.014,0.013,0.006,0.076,0.000,44,W,0,,,,235845,116.72,0
599,1368.715,"Mount",-0.007,-0.005,0.001,0.009,0.097,0.000,56,W,0,,,,239487,123.95,0
600,1370.870,"Mount",-0.043,0.003,-0.022,0.036,0.103,0.000,59,W,0,,,,234680,120.87,0
601,1373.268,"Mount",0.060,-0.016,0.041,-0.046,0.117,0.000,67,W,0,,,,224782,103.20,0
602,1375.407,"Mount",0.034,-0.022,0.035,-0.020,0.119,0.000,68,W,0,,,,229625,114.96,0
603,1377.759,"Mount",-0.006,-0.022,0.017,0.016,0.128,0.000,73,W,0,,,,228296,134.71,0
604,1379.950,"Mount",-0.041,-0.108,0.077,0.086,0.151,0.031,86,W,13,S,,,214380,108.05,0
605,1382.316,"Mount",0.089,-0.007,0.048,-0.076,0.099,-0.026,57,W,11,N,,,217201,117.13,0
606,1384.469,"Mount",0.051,-0.174,0.178,0.035,0.167,0.000,95,W,0,,,,210500,109.51,0
607,1386.857,"Mount",0.027,-0.103,0.104,0.023,0.136,0.000,78,W,0,,,,211818,105.04,0
608,1388.988,"Mount",0.029,-0.155,0.151,0.046,0.153,0.000,88,W,0,,,,224660,116.47,0
609,1391.532,"Mount",-0.035,-0.223,0.182,0.134,0.189,0.048,108,W,21,S,,,222446,117.76,0
610,1393.793,"Mount",-0.030,-0.200,0.164,0.119,0.185,0.045,105,W,19,S,,,216155,108.32,0
611,1396.202,"Mount",0.140,0.038,0.030,-0.142,0.127,-0.049,72,W,21,N,,,217056,106.83,0
612,1398.505,"Mount",0.153,0.134,-0.049,-0.197,0.124,-0.073,71,W,31,N,,,234939,123.77,0
613,1401.067,"Mount",-0.165,-0.212,0.113,0.244,0.161,0.085,92,W,36,S,,,230654,123.96,0
614,1403.303,"Mount",0.097,0.040,0.010,-0.105,0.092,-0.034,53,W,15,N,,,225895,109.98,0
615,1405.802,"Mount",0.136,0.121,-0.045,-0.176,0.077,-0.065,44,W,28,N,,,215103,109.90,0
616,1407.963,"Mount",-0.231,-0.060,-0.053,0.232,0.043,0.081,24,W,35,S,,,211084,124.88,0
617,1410.286,"Mount",0.021,0.120,-0.097,-0.074,-0.014,-0.023,8,E,10,N,,,210053,117.94,0
618,1412.434,"Mount",-0.092,-0.002,-0.041,0.082,0.002,0.029,1,W,12,S,,,219784,126.23,0
619,1414.755,"Mount",-0.032,0.072,-0.079,-0.005,-0.046,0.000,26,E,0,,,,239087,129.51,0
620,1416.893,"Mount",0.092,0.067,-0.017,-0.113,-0.012,-0.041,7,E,17,N,,,227928,127.26,0
621,1419.286,"Mount",-0.142,0.086,-0.141,0.087,-0.074,0.030,42,E,13,S,,,244896,135.02,0
622,1421.408,"Mount",-0.106,-0.032,-0.021,0.109,0.005,0.040,3,W,17,S,,,231251,115.90,0
623,1423.839,"Mount",0.089,0.089,-0.038,-0.120,0.014,-0.041,8,W,18,N,,,235585,118.29,0
624,1425.949,"Mount",-0.062,0.094,-0.112,0.011,-0.031,0.000,18,E,0,,,,240925,121.09,0
625,1428.331,"Mount",0.116,0.093,-0.029,-0.145,0.025,-0.052,14,W,22,N,,,222092,110.56,0
626,1430.566,"Mount",-0.336,0.062,-0.210,0.269,-0.072,0.095,41,E,41,S,,,214839,118.02,0
627,1432.951,"Mount",0.074,0.117,-0.070,-0.119,-0.015,-0.039,9,E,17,N,,,201912,109.40,0
628,1435.088,"Mount",0.116,0.117,-0.051,-0.157,0.011,-0.058,6,W,25,N,,,217562,123.90,0
629,1437.476,"Mount",-0.052,-0.124,0.086,0.103,0.035,0.035,20,W,15,S,,,211224,114.39,0
630,1439.567,"Mount",-0.066,0.092,-0.112,0.016,-0.064,0.000,36,E,0,,,,212448,112.18,0
631,1442.029,"Mount",-0.137,-0.034,-0.033,0.137,-0.016,0.049,9,E,21,S,,,222167,104.38,0
632,1444.176,"Mount",0.066,0.140,-0.094,-0.123,-0.066,-0.042,38,E,18,N,,,218354,123.07,0
633,1446.643,"Mount",0.074,0.114,-0.067,-0.119,-0.069,-0.044,39,E,19,N,,,227922,113.54,0
634,1448.845,"Mount",-0.047,-0.059,0.031,0.069,-0.041,0.023,23,E,10,S,,,234650,123.52,0
635,1451.185,"Mount",-0.042,-0.096,0.066,0.082,-0.017,0.030,10,E,13,S,,,228418,113.60,0
636,1453.303,"Mount",0.041,-0.038,0.053,-0.018,-0.044,0.000,25,E,0,,,,254974,112.96,0
637,1455.614,"Mount",0.048,0.016,0.008,-0.050,-0.046,0.000,26,E,0,,,,259505,122.88,0
638,1457.707,"Mount",-0.001,-0.075,0.066,0.036,-0.007,0.000,4,E,0,,,,249689,121.60,0
639,1460.059,"Mount",-0.005,-0.027,0.022,0.017,-0.037,0.000,21,E,0,,,,248416,113.22,0
640,1462.248,"Mount",0.078,0.042,-0.001,-0.089,-0.035,-0.032,20,E,14,N,,,238320,115.69,0
641,1464.575,"Mount",0.007,0.011,-0.007,-0.012,-0.037,0.000,21,E,0,,,,239011,111.52,0
642,1466.688,"Mount",0.016,0.007,0.001,-0.018,-0.034,0.000,19,E,0,,,,268332,111.04,0
643,1468.980,"Mount",0.031,0.047,-0.027,-0.049,-0.028,0.000,16,E,0,,,,274083,122.60,0
644,1471.115,"Mount",-0.079,0.109,-0.133,0.019,-0.079,0.000,45,E,0,,,,267345,113.55,0
645,1473.456,"Mount",-0.063,-0.045,0.011,0.076,-0.006,0.027,4,E,12,S,,,278467,128.66,0
646,1475.486,"Mount",0.008,-0.050,0.048,0.016,-0.000,0.000,0,,0,,,,282822,123.76,0
647,1477.838,"Mount",0.040,-0.054,0.066,-0.010,0.041,0.000,24,W,0,,,,283856,129.27,0
648,1479.960,"Mount",-0.017,0.035,-0.039,-0.001,0.018,0.000,10,W,0,,,,295772,133.52,0
649,1482.327,"Mount",0.098,0.011,0.036,-0.092,0.031,-0.033,18,W,14,N,,,280796,125.74,0
650,1484.438,"Mount",0.002,-0.074,0.067,0.032,0.065,0.000,37,W,0,,,,276546,129.71,0
651,1486.776,"Mount",0.005,0.007,-0.004,-0.007,0.041,0.000,23,W,0,,,,273448,121.92,0
652,1488.851,"Mount",-0.014,-0.013,0.005,0.018,0.037,0.000,21,W,0,,,,279251,124.08,0
653,1491.188,"Mount",-0.017,0.023,-0.028,0.005,0.035,0.000,20,W,0,,,,300074,142.84,0
654,1493.322,"Mount",0.086,0.015,0.027,-0.083,0.026,-0.030,15,W,13,N,,,283478,114.22,0
655,1495.736,"Mount",-0.066,-0.076,0.037,0.094,0.018,0.033,10,W,14,S,,,312839,134.28,0
656,1497.874,"Mount",-0.137,0.013,-0.075,0.116,-0.026,0.043,15,E,18,S,,,304950,126.79,0
657,1500.239,"Mount",-0.029,-0.084,0.061,0.064,0.020,0.025,11,W,11,S,,,270148,134.42,0
658,1502.389,"Mount",0.068,0.034,0.001,-0.076,-0.028,-0.026,16,E,11,N,,,278363,130.19,0
659,1504.754,"Mount",-0.007,0.070,-0.065,-0.026,-0.074,0.000,42,E,0,,,,296735,119.37,0
660,1506.945,"Mount",0.022,0.146,-0.120,-0.087,-0.107,-0.031,61,E,13,N,,,300543,131.53,0
661,1509.340,"Mount",-0.020,0.128,-0.123,-0.041,-0.128,0.000,73,E,0,,,,294128,125.74,0
662,1511.442,"Mount",-0.030,0.076,-0.081,-0.008,-0.125,0.000,71,E,0,,,,297598,136.90,0
663,1513.826,"Mount",-0.017,0.032,-0.036,0.000,-0.106,0.000,61,E,0,,,,334757,147.16,0
664,1516.008,"Mount",-0.101,0.028,-0.072,0.076,-0.150,0.028,86,E,12,S,,,315382,124.86,0
665,1518.444,"Mount",-0.019,-0.010,0.000,0.022,-0.135,0.000,77,E,0,,,,303896,131.51,0
666,1520.744,"Mount",-0.110,0.055,-0.099,0.073,-0.177,0.026,101,E,11,S,,,319075,131.89,0
667,1523.194,"Mount",-0.132,0.051,-0.106,0.094,-0.183,0.035,105,E,15,S,,,330891,143.50,0
668,1525.365,"Mount",-0.016,0.145,-0.136,-0.053,-0.184,0.000,105,E,0,,,,365505,136.15,0
669,1527.769,"Mount",-0.004,0.041,-0.038,-0.016,-0.109,0.000,62,E,0,,,,352148,147.25,0
670,1529.905,"Mount",0.017,0.016,-0.007,-0.023,-0.091,0.000,52,E,0,,,,347603,133.39,0
671,1532.232,"Mount",0.038,-0.002,0.019,-0.032,-0.075,0.000,43,E,0,,,,341472,139.69,0
672,1534.408,"Mount",0.054,0.098,-0.062,-0.093,-0.087,-0.034,50,E,14,N,,,357699,146.92,0
673,1536.754,"Mount",-0.068,0.056,-0.081,0.035,-0.089,0.000,51,E,0,,,,309191,118.33,0
674,1538.842,"Mount",0.027,-0.070,0.074,0.009,-0.008,0.000,5,E,0,,,,358694,132.02,0
675,1541.165,"Mount",0.010,-0.088,0.083,0.032,-0.018,0.000,10,E,0,,,,317652,121.37,0
676,1543.286,"Mount",0.042,-0.127,0.132,0.021,0.007,0.000,4,W,0,,,,322459,139.43,0
677,1545.570,"Mount",0.043,-0.079,0.090,-0.002,-0.012,0.000,7,E,0,,,,330979,131.67,0
678,1547.732,"Mount",-0.060,-0.127,0.085,0.112,-0.014,0.040,8,E,17,S,,,351829,143.01,0
679,1550.151,"Mount",0.133,0.035,0.030,-0.134,-0.062,-0.047,35,E,20,N,,,341485,137.00,0
680,1552.296,"Mount",-0.032,-0.030,0.011,0.042,-0.051,0.000,29,E,0,,,,330146,134.49,0
681,1554.669,"Mount",-0.039,-0.137,0.104,0.098,-0.016,0.035,9,E,15,S,,,330850,121.67,0
682,1556.833,"Mount",0.016,-0.078,0.076,0.022,-0.036,0.000,21,E,0,,,,380425,150.48,0
683,1559.269,"Mount",0.036,0.069,-0.045,-0.063,-0.080,-0.023,46,E,10,N,,,365919,129.39,0
684,1561.436,"Mount",-0.055,0.081,-0.097,0.012,-0.137,0.000,78,E,0,,,,361307,145.16,0
685,1563.930,"Mount",-0.097,0.031,-0.073,0.072,-0.145,0.026,83,E,11,S,,,372649,159.91,0
686,1566.210,"Mount",-0.193,0.088,-0.167,0.131,-0.220,0.048,126,E,21,S,,,371500,156.79,0
687,1568.657,"Mount",-0.144,0.149,-0.199,0.059,-0.263,0.000,151,E,0,,,,363389,142.82,0
688,1570.922,"Mount",-0.005,0.097,-0.089,-0.041,-0.239,0.000,137,E,0,,,,354369,121.08,0
689,1573.460,"Mount",-0.028,0.156,-0.152,-0.047,-0.292,0.000,167,E,0,,,,379484,164.71,0
690,1575.657,"Mount",0.017,0.076,-0.059,-0.050,-0.224,0.000,128,E,0,,,,373218,145.62,0
691,1578.140,"Mount",0.002,0.090,-0.079,-0.044,-0.269,0.000,154,E,0,,,,381973,129.83,0
692,1580.433,"Mount",0.018,0.078,-0.061,-0.052,-0.245,0.000,140,E,0,,,,356385,123.90,0
693,1582.857,"Mount",0.011,0.073,-0.060,-0.044,-0.186,0.000,106,E,0,,,,353535,125.89,0
694,1585.046,"Mount",-0.001,0.085,-0.076,-0.038,-0.198,0.000,113,E,0,,,,369505,134.59,0
695,1587.423,"Mount",-0.003,0.075,-0.068,-0.031,-0.180,0.000,103,E,0,,,,374846,124.49,0
696,1589.647,"Mount",0.043,0.103,-0.071,-0.086,-0.166,-0.031,95,E,13,N,,,384536,150.59,0
697,1592.089,"Mount",-0.008,0.100,-0.092,-0.039,-0.194,0.000,111,E,0,,,,381783,152.72,0
698,1594.307,"Mount",0.033,0.102,-0.076,-0.076,-0.174,-0.028,100,E,12,N,,,376381,144.60,0
699,1596.788,"Mount",-0.000,0.082,-0.072,-0.037,-0.206,0.000,118,E,0,,,,367590,135.92,0
700,1598.983,"Mount",0.084,-0.091,0.120,-0.033,-0.109,0.000,62,E,0,,,,367495,136.08,0
701,1601.443,"Mount",0.007,-0.040,0.039,0.012,-0.170,0.000,97,E,0,,,,340725,134.28,0
702,1603.578,"Mount",0.011,-0.095,0.089,0.035,-0.115,0.000,66,E,0,,,,379601,174.52,0
703,1606.006,"Mount",0.037,-0.043,0.055,-0.013,-0.135,0.000,77,E,0,,,,380356,137.47,0
704,1608.202,"Mount",-0.062,-0.168,0.121,0.132,-0.068,0.048,39,E,20,S,,,368114,134.09,0
705,1610.617,"Mount",0.079,0.016,0.023,-0.078,-0.111,-0.026,63,E,11,N,,,349144,127.08,0
706,1612.749,"Mount",0.017,-0.187,0.174,0.071,-0.009,0.025,5,E,11,S,,,374704,137.58,0
707,1615.161,"Mount",-0.016,0.064,-0.064,-0.015,-0.105,0.000,60,E,0,,,,349079,143.74,0
708,1617.352,"Mount",-0.046,0.107,-0.116,-0.009,-0.103,0.000,59,E,0,,,,393936,149.54,0
709,1619.745,"Mount",-0.048,-0.056,0.028,0.069,-0.044,0.025,25,E,11,S,,,368910,144.48,0
710,1621.905,"Mount",0.022,0.046,-0.030,-0.041,-0.057,0.000,33,E,0,,,,352365,136.69,0
711,1624.277,"Mount",0.043,0.061,-0.035,-0.066,-0.053,-0.024,30,E,10,N,,,355936,135.35,0
712,1626.415,"Mount",-0.020,0.047,-0.051,-0.003,-0.060,0.000,34,E,0,,,,349682,132.84,0
713,1628.869,"Mount",-0.030,0.054,-0.062,0.002,-0.089,0.000,51,E,0,,,,374717,177.53,0
714,1631.043,"Mount",-0.016,-0.002,-0.005,0.015,-0.062,0.000,35,E,0,,,,350383,137.20,0
715,1633.349,"Mount",0.007,-0.092,0.085,0.037,-0.019,0.000,11,E,0,,,,346800,139.61,0
716,1635.576,"Mount",0.124,-0.071,0.121,-0.077,0.006,-0.028,3,W,12,N,,,366091,141.89,0
717,1637.977,"Mount",-0.049,-0.158,0.118,0.116,0.020,0.041,11,W,17,S,,,360141,137.37,0
718,1640.089,"Mount",0.071,-0.054,0.080,-0.038,0.018,0.000,10,W,0,,,,369455,133.25,0
719,1642.411,"Mount",0.042,-0.123,0.128,0.020,0.078,0.000,45,W,0,,,,353060,137.59,0
720,1644.518,"Mount",-0.037,-0.038,0.017,0.051,0.041,0.000,24,W,0,,,,356572,144.54,0
721,1646.890,"Mount",0.070,-0.142,0.159,0.003,0.137,0.000,78,W,0,,,,345225,144.82,0
722,1649.109,"Mount",0.006,-0.149,0.135,0.064,0.143,0.023,82,W,10,S,,,358781,145.57,0
723,1651.419,"Mount",-0.020,-0.018,0.007,0.026,0.098,0.000,56,W,0,,,,363807,138.40,0
724,1653.669,"Mount",0.003,-0.182,0.163,0.081,0.178,0.029,102,W,13,S,,,360912,137.06,0
725,1656.045,"Mount",0.083,-0.056,0.088,-0.047,0.159,0.000,91,W,0,,,,365813,174.24,0
726,1658.238,"Mount",0.084,0.024,0.018,-0.086,0.118,-0.031,67,W,13,N,,,356471,136.09,0
727,1660.618,"Mount",0.021,-0.016,0.024,-0.011,0.124,0.000,71,W,0,,,,373141,144.35,0
728,1662.731,"Mount",-0.045,-0.016,-0.006,0.048,0.126,0.000,72,W,0,,,,331845,126.85,0
729,1665.190,"Mount",-0.110,-0.034,-0.021,0.114,0.130,0.041,74,W,18,S,,,370264,127.31,0
730,1667.313,"Mount",0.021,0.044,-0.029,-0.039,0.110,0.000,63,W,0,,,,346769,128.85,0
731,1669.744,"Mount",-0.093,0.033,-0.072,0.067,0.080,0.024,46,W,10,S,,,327395,121.04,0
732,1671.851,"Mount",-0.006,0.075,-0.069,-0.029,0.065,0.000,37,W,0,,,,340599,131.67,0
733,1674.223,"Mount",0.071,0.119,-0.073,-0.118,0.052,-0.042,29,W,18,N,,,368535,139.96,0
734,1676.391,"Mount",0.078,-0.012,0.047,-0.063,0.074,-0.024,43,W,10,N,,,334742,152.90,0
735,1678.813,"Mount",0.062,-0.061,0.083,-0.027,0.098,0.000,56,W,0,,,,347188,141.57,0
736,1680.968,"Mount",-0.069,-0.040,0.004,0.079,0.051,0.029,29,W,12,S,,,326942,137.18,0
737,1683.385,"Mount",-0.008,0.056,-0.054,-0.019,0.035,0.000,20,W,0,,,,333744,140.24,0
738,1685.431,"Mount",0.034,0.007,0.009,-0.033,0.019,0.000,11,W,0,,,,332193,138.91,0
739,1687.780,"Mount",-0.056,0.073,-0.091,0.016,-0.028,0.000,16,E,0,,,,325210,136.78,0
740,1689.978,"Mount",-0.080,-0.007,-0.031,0.075,0.004,0.027,2,W,11,S,,,323243,121.47,0
741,1692.276,"Mount",-0.019,-0.007,-0.003,0.020,-0.020,0.000,11,E,0,,,,306336,121.37,0
742,1694.449,"Mount",0.062,0.058,-0.023,-0.082,-0.021,-0.029,12,E,13,N,,,289793,127.24,0
743,1696.744,"Mount",0.026,0.050,-0.032,-0.046,-0.023,0.000,13,E,0,,,,299285,126.62,0
744,1698.855,"Mount",0.037,0.011,0.007,-0.038,-0.021,0.000,12,E,0,,,,304384,139.15,0
745,1701.210,"Mount",0.058,0.079,-0.044,-0.087,-0.010,-0.031,5,E,13,N,,,304337,156.63,0
746,1703.298,"Mount",-0.082,-0.003,-0.035,0.074,0.000,0.025,0,,11,S,,,301014,118.98,0
747,1705.643,"Mount",-0.082,-0.022,-0.018,0.083,0.010,0.031,6,W,13,S,,,302510,134.81,0
748,1707.731,"Mount",0.035,-0.016,0.030,-0.023,0.025,0.000,14,W,0,,,,290815,128.21,0
749,1710.106,"Mount",-0.074,-0.095,0.051,0.109,0.039,0.039,23,W,17,S,,,289852,133.90,0
750,1712.201,"Mount",0.015,-0.006,0.012,-0.011,0.056,0.000,32,W,0,,,,267920,115.75,0
751,1714.556,"Mount",0.090,-0.128,0.155,-0.021,0.143,0.000,82,W,0,,,,289835,124.58,0
752,1716.703,"Mount",0.045,-0.089,0.100,0.002,0.130,0.000,74,W,0,,,,291904,132.64,0
753,1719.052,"Mount",0.015,-0.049,0.051,0.009,0.105,0.000,60,W,0,,,,276564,133.47,0
754,1721.233,"Mount",0.112,-0.147,0.182,-0.031,0.199,0.000,114,W,0,,,,284426,124.55,0
755,1723.713,"Mount",0.096,-0.133,0.162,-0.024,0.206,0.000,118,W,0,,,,276332,131.33,0
756,1726.025,"Mount",0.113,-0.062,0.107,-0.072,0.189,-0.026,108,W,11,N,,,286236,131.42,0
757,1728.517,"Mount",-0.050,-0.112,0.077,0.096,0.182,0.034,104,W,14,S,,,285997,134.30,0
758,1730.692,"Mount",0.021,-0.136,0.130,0.044,0.198,0.000,113,W,0,,,,268488,117.92,0
759,1733.211,"Mount",-0.038,-0.101,0.073,0.080,0.179,0.029,103,W,12,S,,,257549,133.47,0
760,1735.445,"Mount",-0.043,-0.093,0.062,0.081,0.153,0.030,87,W,13,S,,,248355,121.07,0
761,1737.861,"Mount",0.027,-0.056,0.062,0.002,0.138,0.000,79,W,0,,,,268988,137.48,0
762,1740.097,"Mount",0.077,0.001,0.034,-0.069,0.106,-0.025,61,W,11,N,,,265707,115.68,0
763,1742.474,"Mount",0.025,-0.050,0.056,0.001,0.097,0.000,55,W,0,,,,265502,129.43,0
764,1744.642,"Mount",0.037,-0.034,0.047,-0.017,0.088,0.000,50,W,0,,,,254750,112.93,0
765,1747.131,"Mount",-0.031,-0.091,0.067,0.070,0.119,0.025,68,W,11,S,,,257891,110.90,0
766,1749.240,"Mount",0.036,0.007,0.010,-0.035,0.072,0.000,41,W,0,,,,260314,112.85,0
767,1751.642,"Mount",-0.038,0.044,-0.056,0.014,0.073,0.000,42,W,0,,,,275645,123.47,0
768,1753.746,"Mount",-0.045,0.023,-0.041,0.029,0.056,0.000,32,W,0,,,,279681,138.25,0
769,1756.146,"Mount",0.055,0.077,-0.043,-0.084,0.046,-0.030,27,W,13,N,,,237824,124.05,0
770,1758.161,"Mount",-0.059,0.055,-0.076,0.027,-0.000,0.000,0,,0,,,,229682,112.14,0
771,1760.537,"Mount",-0.085,0.062,-0.094,0.047,-0.021,0.000,12,E,0,,,,260267,115.27,0
772,1762.671,"Mount",-0.018,0.036,-0.041,-0.001,0.016,0.000,9,W,0,,,,249525,119.69,0
773,1765.029,"Mount",-0.013,0.030,-0.032,-0.002,0.016,0.000,9,W,0,,,,266940,126.74,0
774,1767.227,"Mount",-0.027,0.050,-0.057,0.001,0.003,0.000,2,W,0,,,,266976,123.23,0
775,1769.506,"Mount",0.030,0.020,-0.004,-0.036,0.006,0.000,3,W,0,,,,301081,150.32,0
776,1771.644,"Mount",-0.027,0.003,-0.015,0.023,0.007,0.000,4,W,0,,,,281200,123.83,0
777,1773.993,"Mount",-0.108,-0.087,0.028,0.136,0.009,0.049,5,W,21,S,,,283478,125.58,0
778,1776.093,"Mount",-0.036,0.118,-0.121,-0.023,-0.039,0.000,22,E,0,,,,282487,117.55,0
779,1778.456,"Mount",0.024,0.103,-0.081,-0.069,-0.021,-0.025,12,E,11,N,,,292007,122.14,0
780,1780.585,"Mount",0.034,-0.072,0.080,0.003,0.043,0.000,24,W,0,,,,281115,126.45,0
781,1782.881,"Mount",0.002,-0.026,0.024,0.010,0.000,0.000,0,,0,,,,262537,121.64,0
782,1784.996,"Mount",0.008,0.004,-0.000,-0.009,-0.010,0.000,6,E,0,,,,268326,124.19,0
783,1787.329,"Mount",0.064,0.047,-0.013,-0.079,-0.018,-0.028,10,E,12,N,,,246047,111.83,0
784,1789.407,"Mount",-0.003,-0.024,0.020,0.014,-0.022,0.000,12,E,0,,,,282668,126.93,0
785,1791.719,"Mount",-0.046,-0.012,-0.010,0.047,-0.027,0.000,16,E,0,,,,270610,136.52,0
786,1793.793,"Mount",-0.011,0.011,-0.015,0.005,-0.030,0.000,17,E,0,,,,258531,122.93,0
787,1796.187,"Mount",-0.108,0.024,-0.071,0.085,-0.061,0.030,35,E,13,S,,,268615,129.59,0
788,1798.299,"Mount",-0.081,0.039,-0.072,0.054,-0.064,0.000,37,E,0,,,,266670,121.37,0
789,1800.593,"Mount",0.044,-0.010,0.029,-0.035,-0.034,0.000,19,E,0,,,,267761,115.75,0
790,1802.759,"Mount",0.120,-0.034,0.085,-0.091,0.002,-0.033,1,W,14,N,,,280906,129.04,0
791,1805.167,"Mount",0.080,0.028,0.012,-0.084,-0.043,-0.032,25,E,13,N,,,279799,158.37,0
792,1807.258,"Mount",-0.037,-0.041,0.020,0.052,-0.039,0.000,22,E,0,,,,292050,131.05,0
793,1809.702,"Mount",-0.068,-0.091,0.050,0.102,-0.044,0.037,25,E,16,S,,,278514,118.53,0
794,1811.865,"Mount",-0.045,-0.091,0.060,0.081,-0.045,0.031,26,E,13,S,,,257238,109.93,0
795,1814.225,"Mount",-0.107,-0.078,0.020,0.131,-0.046,0.048,26,E,21,S,,,258132,124.02,0
796,1816.381,"Mount",-0.060,-0.067,0.032,0.084,-0.037,0.032,21,E,14,S,,,237637,119.66,0
797,1818.709,"Mount",0.086,-0.052,0.086,-0.052,0.011,0.000,6,W,0,,,,218952,107.03,0
798,1820.756,"Mount",0.017,-0.004,0.011,-0.013,-0.017,0.000,10,E,0,,,,209518,108.64,0
799,1823.102,"Mount",0.076,0.055,-0.014,-0.093,-0.002,-0.033,1,E,14,N,,,219204,120.13,0
800,1825.262,"Mount",0.063,-0.111,0.128,-0.005,0.069,0.000,39,W,0,,,,226920,109.98,0
801,1827.655,"Mount",0.080,-0.020,0.055,-0.062,0.024,-0.022,14,W,10,N,,,244585,123.04,0
802,1829.783,"Mount",0.082,-0.068,0.098,-0.041,0.078,0.000,45,W,0,,,,251206,126.73,0
803,1832.094,"Mount",0.060,-0.024,0.049,-0.043,0.047,0.000,27,W,0,,,,267672,129.35,0
804,1834.202,"Mount",0.048,-0.063,0.078,-0.013,0.080,0.000,46,W,0,,,,267797,132.34,0
805,1836.574,"Mount",0.024,-0.147,0.141,0.047,0.106,0.000,61,W,0,,,,261045,129.38,0
806,1838.730,"Mount",0.060,-0.060,0.081,-0.025,0.071,0.000,41,W,0,,,,258429,119.47,0
807,1841.223,"Mount",-0.108,0.001,-0.051,0.096,0.030,0.034,17,W,15,S,,,212988,113.19,0
808,1843.406,"Mount",0.034,0.025,-0.007,-0.042,0.015,0.000,9,W,0,,,,236682,117.59,0
809,1845.772,"Mount",0.104,0.002,0.046,-0.093,0.002,-0.034,1,W,14,N,,,228637,123.11,0
810,1847.858,"Mount",-0.012,0.054,-0.053,-0.015,-0.013,0.000,7,E,0,,,,221545,104.03,0
811,1850.244,"Mount",0.060,0.108,-0.068,-0.103,-0.059,-0.037,34,E,16,N,,,232128,110.93,0
812,1852.363,"Mount",-0.040,0.027,-0.043,0.023,-0.049,0.000,28,E,0,,,,250301,119.83,0
813,1854.748,"Mount",-0.104,-0.013,-0.036,0.098,-0.068,0.035,39,E,15,S,,,249021,136.68,0
814,1856.868,"Mount",0.000,0.069,-0.061,-0.032,-0.105,0.000,60,E,0,,,,252310,119.07,0
815,1859.244,"Mount",-0.020,0.033,-0.039,0.003,-0.097,0.000,55,E,0,,,,248612,125.81,0
816,1861.434,"Mount",-0.055,-0.010,-0.017,0.053,-0.101,0.000,58,E,0,,,,243099,117.05,0
817,1863.898,"Mount",-0.148,0.035,-0.099,0.115,-0.157,0.041,90,E,18,S,,,263243,122.25,0
818,1866.043,"Mount",-0.042,0.030,-0.046,0.023,-0.115,0.000,66,E,0,,,,249830,137.51,0
819,1868.475,"Mount",-0.051,0.020,-0.041,0.036,-0.125,0.000,72,E,0,,,,265275,134.35,0
820,1870.602,"Mount",0.020,0.060,-0.044,-0.045,-0.119,0.000,68,E,0,,,,260748,144.72,0
821,1873.050,"Mount",-0.017,0.086,-0.084,-0.024,-0.170,0.000,97,E,0,,,,222429,111.41,0
822,1875.205,"Mount",-0.020,0.070,-0.072,-0.015,-0.153,0.000,88,E,0,,,,215615,100.39,0
823,1877.603,"Mount",-0.044,0.044,-0.059,0.019,-0.110,0.000,63,E,0,,,,232352,105.47,0
824,1879.793,"Mount",-0.027,0.012,-0.023,0.018,-0.093,0.000,53,E,0,,,,245447,127.66,0
825,1882.285,"Mount",-0.138,-0.077,0.005,0.158,-0.076,0.057,43,E,24,S,,,224306,107.07,0
826,1884.435,"Mount",0.006,-0.055,0.052,0.020,-0.061,0.000,35,E,0,,,,229876,118.27,0
827,1886.714,"Mount",0.032,-0.017,0.030,-0.021,-0.047,0.000,27,E,0,,,,235363,115.49,0
828,1888.818,"Mount",0.035,0.049,-0.027,-0.054,-0.033,0.000,19,E,0,,,,216331,117.30,0
829,1891.141,"Mount",0.046,0.008,0.014,-0.045,-0.034,0.000,20,E,0,,,,211542,131.25,0
830,1893.224,"Mount",0.006,-0.053,0.049,0.019,-0.030,0.000,17,E,0,,,,207927,137.50,0
831,1895.526,"Mount",-0.068,0.059,-0.083,0.033,-0.074,0.000,42,E,0,,,,228004,133.92,0
832,1897.646,"Mount",0.039,0.029,-0.008,-0.048,-0.051,0.000,29,E,0,,,,202050,101.71,0
833,1899.968,"Mount",-0.008,-0.027,0.020,0.019,-0.063,0.000,36,E,0,,,,219892,123.93,0
834,1902.154,"Mount",-0.199,-0.068,-0.031,0.208,-0.071,0.075,40,E,32,S,,,202165,110.92,0
835,1904.560,"Mount",-0.020,0.047,-0.051,-0.004,-0.091,0.000,52,E,0,,,,188242,106.33,0
836,1906.681,"Mount",-0.046,0.021,-0.040,0.031,-0.101,0.000,58,E,0,,,,184304,98.70,0
837,1909.057,"Mount",0.076,-0.022,0.054,-0.057,-0.122,0.000,70,E,0,,,,205475,105.03,0
838,1911.159,"Mount",0.023,-0.093,0.093,0.023,-0.093,0.000,53,E,0,,,,222512,111.18,0
839,1913.617,"Mount",-0.054,0.162,-0.168,-0.027,-0.227,0.000,130,E,0,,,,217595,120.72,0
840,1915.814,"Mount",-0.003,0.119,-0.107,-0.052,-0.211,0.000,121,E,0,,,,204234,110.01,0
841,1918.211,"Mount",0.015,0.075,-0.060,-0.048,-0.205,0.000,117,E,0,,,,204001,116.55,0
842,1920.497,"Mount",-0.102,-0.060,0.006,0.118,-0.182,0.042,104,E,18,S,,,229892,123.60,0
843,1922.988,"Mount",-0.088,0.159,-0.182,0.005,-0.292,0.000,167,E,0,,,,241370,123.74,0
844,1925.265,"Mount",0.050,0.099,-0.065,-0.091,-0.228,-0.033,131,E,14,N,,,243725,125.21,0
845,1927.654,"Mount",-0.041,0.021,-0.038,0.027,-0.195,0.000,112,E,0,,,,231769,117.91,0
846,1929.847,"Mount",0.005,0.082,-0.071,-0.042,-0.209,0.000,120,E,0,,,,256903,123.63,0
847,1932.185,"Mount",0.080,-0.027,0.060,-0.058,-0.150,0.000,85,E,0,,,,213328,107.00,0
848,1934.402,"Mount",0.050,0.060,-0.030,-0.072,-0.166,-0.026,95,E,11,N,,,212236,124.20,0
849,1936.881,"Mount",-0.113,0.185,-0.216,0.015,-0.282,0.000,161,E,0,,,,197927,119.14,0
850,1939.172,"Mount",-0.126,0.064,-0.114,0.082,-0.235,0.030,134,E,13,S,,,221336,129.24,0
851,1941.789,"Mount",-0.104,-0.029,-0.022,0.106,-0.205,0.039,117,E,17,S,,,210195,113.81,0
852,1944.008,"Mount",-0.018,0.036,-0.041,-0.000,-0.187,0.000,107,E,0,,,,213736,115.37,0
853,1946.482,"Mount",0.021,0.092,-0.072,-0.061,-0.212,-0.022,121,E,9,N,,,218600,117.60,0
854,1948.650,"Mount",0.014,0.007,0.000,-0.016,-0.160,0.000,92,E,0,,,,201276,105.18,0
855,1951.093,"Mount",-0.142,-0.013,-0.054,0.132,-0.137,0.047,78,E,20,S,,,216487,116.99,0
856,1953.255,"Mount",0.009,0.113,-0.096,-0.060,-0.163,0.000,93,E,0,,,,236058,113.43,0
857,1955.657,"Mount",-0.056,0.041,-0.062,0.030,-0.133,0.000,76,E,0,,,,213049,121.17,0
858,1957.774,"Mount",-0.068,0.038,-0.065,0.043,-0.123,0.000,70,E,0,,,,207519,126.76,0
859,1960.174,"Mount",0.083,0.044,-0.001,-0.094,-0.087,-0.034,50,E,14,N,,,206549,101.67,0
860,1962.284,"Mount",0.013,0.061,-0.048,-0.040,-0.075,0.000,43,E,0,,,,227416,118.19,0
861,1964.670,"Mount",-0.040,0.082,-0.091,-0.002,-0.115,0.000,66,E,0,,,,201288,106.40,0
862,1966.747,"Mount",0.051,0.025,0.002,-0.057,-0.072,0.000,41,E,0,,,,191940,102.69,0
863,1969.122,"Mount",0.138,-0.042,0.101,-0.104,-0.028,-0.037,16,E,16,N,,,213127,126.74,0
864,1971.308,"Mount",0.027,-0.056,0.062,0.002,-0.050,0.000,29,E,0,,,,195304,113.56,0
865,1973.733,"Mount",-0.004,0.078,-0.071,-0.033,-0.102,0.000,58,E,0,,,,221394,117.44,0
866,1975.824,"Mount",-0.039,-0.041,0.019,0.053,-0.066,0.000,38,E,0,,,,213508,115.37,0
867,1978.221,"Mount",-0.060,-0.085,0.048,0.093,-0.060,0.033,34,E,14,S,,,186041,103.66,0
868,1980.325,"Mount",-0.041,0.030,-0.046,0.022,-0.050,0.000,28,E,0,,,,204794,106.91,0
869,1982.772,"Mount",0.020,-0.045,0.049,0.003,-0.042,0.000,24,E,0,,,,200285,111.11,0
870,1984.850,"Mount",-0.004,-0.017,0.014,0.012,-0.023,0.000,13,E,0,,,,212288,113.35,0
871,1987.193,"Mount",0.039,-0.101,0.108,0.012,0.051,0.000,29,W,0,,,,189560,118.48,0
872,1989.241,"Mount",-0.020,0.074,-0.075,-0.017,-0.008,0.000,5,E,0,,,,211605,115.82,0
873,1991.630,"Mount",-0.013,-0.023,0.015,0.022,0.044,0.000,25,W,0,,,,215973,109.60,0
874,1993.815,"Mount",0.001,-0.033,0.029,0.014,0.060,0.000,35,W,0,,,,188555,106.01,0
875,1996.274,"Mount",-0.402,-0.238,0.027,0.466,0.066,0.168,38,W,72,S,,,199487,110.38,0
876,1998.474,"Mount",-0.119,-0.007,-0.049,0.109,0.080,0.046,45,W,20,S,,,215561,124.18,0
877,2000.873,"Mount",0.009,-0.107,0.099,0.041,0.134,0.000,77,W,0,,,,248605,119.33,0
878,2003.056,"Mount",-0.037,-0.063,0.039,0.062,0.095,0.022,54,W,10,S,,,241309,116.24,0
879,2005.566,"Mount",0.029,-0.231,0.219,0.081,0.202,0.030,115,W,13,S,,,215467,107.51,0
880,2007.840,"Mount",0.171,-0.052,0.125,-0.128,0.164,-0.045,94,W,19,N,,,241833,116.88,0
881,2010.213,"Mount",0.008,-0.130,0.119,0.053,0.169,0.000,97,W,0,,,,233619,115.62,0
882,2012.426,"Mount",-0.004,-0.112,0.098,0.055,0.164,0.000,94,W,0,,,,242467,125.63,0
883,2014.898,"Mount",-0.047,-0.084,0.053,0.081,0.125,0.029,72,W,12,S,,,237245,117.90,0
884,2017.068,"Mount",0.067,-0.127,0.143,-0.000,0.184,0.000,105,W,0,,,,235160,127.31,0
885,2019.451,"Mount",0.019,-0.065,0.067,0.013,0.150,0.000,86,W,0,,,,222660,117.01,0
886,2021.619,"Mount",-0.017,0.074,-0.073,-0.019,0.073,0.000,42,W,0,,,,238174,124.93,0
887,2023.978,"Mount",0.064,-0.036,0.062,-0.040,0.124,0.000,71,W,0,,,,228849,111.46,0
888,2026.188,"Mount",0.061,0.016,0.014,-0.062,0.078,-0.022,45,W,10,N,,,200861,109.69,0
889,2028.544,"Mount",-0.101,0.041,-0.083,0.070,0.024,0.024,14,W,10,S,,,219481,131.92,0
890,2030.614,"Mount",-0.024,-0.046,0.030,0.043,0.043,0.000,25,W,0,,,,208199,121.37,0
891,2033.016,"Mount",-0.164,0.006,-0.081,0.142,-0.011,0.051,6,E,22,S,,,213149,116.97,0
892,2035.163,"Mount",0.053,0.110,-0.073,-0.098,-0.024,-0.033,14,E,14,N,,,198978,123.09,0
893,2037.596,"Mount",-0.013,0.233,-0.213,-0.096,-0.107,-0.036,61,E,15,N,,,194091,104.99,0
894,2039.737,"Mount",-0.092,0.128,-0.156,0.023,-0.093,0.000,53,E,0,,,,206667,111.25,0
895,2042.096,"Mount",0.009,0.098,-0.083,-0.053,-0.076,0.000,44,E,0,,,,205643,105.07,0
896,2044.274,"Mount",0.016,0.118,-0.097,-0.069,-0.077,-0.025,44,E,11,N,,,192736,104.24,0
897,2046.702,"Mount",0.028,0.139,-0.111,-0.089,-0.079,-0.033,45,E,14,N,,,230194,128.83,0
898,2048.812,"Mount",0.026,0.020,-0.006,-0.032,-0.022,0.000,12,E,0,,,,207279,113.90,0
899,2051.242,"Mount",-0.021,0.042,-0.047,-0.000,-0.011,0.000,6,E,0,,,,206148,123.37,0
900,2053.427,"Mount",-0.163,-0.076,-0.008,0.180,0.001,0.065,1,W,28,S,,,205288,113.96,0
901,2055.757,"Mount",-0.050,0.006,-0.029,0.042,0.023,0.000,13,W,0,,,,213631,119.86,0
902,2057.917,"Mount",0.007,-0.061,0.058,0.022,0.040,0.000,23,W,0,,,,204573,107.31,0
903,2060.239,"Mount",0.023,0.052,-0.036,-0.044,0.061,0.000,35,W,0,,,,209252,107.94,0
904,2062.393,"Mount",0.000,-0.103,0.092,0.047,0.123,0.000,71,W,0,,,,200586,103.15,0
905,2064.832,"Mount",0.003,-0.121,0.108,0.053,0.157,0.000,90,W,0,,,,205643,116.90,0
906,2067.065,"Mount",0.030,-0.156,0.153,0.046,0.190,0.000,109,W,0,,,,220697,107.91,0
907,2069.531,"Mount",-0.098,0.028,-0.070,0.074,0.107,0.027,61,W,11,S,,,232867,114.33,0
908,2071.769,"Mount",-0.130,-0.150,0.073,0.185,0.168,0.068,96,W,29,S,,,217953,109.03,0
909,2074.233,"Mount",-0.143,-0.175,0.089,0.207,0.178,0.077,102,W,33,S,,,223769,125.49,0
910,2076.419,"Mount",0.010,-0.036,0.037,0.007,0.128,0.000,73,W,0,,,,217198,118.31,0
911,2078.820,"Mount",0.027,-0.103,0.104,0.024,0.169,0.000,97,W,0,,,,244001,145.20,0
912,2081.118,"Mount",-0.012,-0.169,0.144,0.089,0.192,0.032,110,W,14,S,,,228689,127.03,0
913,2083.598,"Mount",0.076,-0.135,0.155,-0.005,0.202,0.000,115,W,0,,,,205109,107.97,0
914,2085.799,"Mount",-0.089,-0.139,0.083,0.143,0.149,0.051,85,W,22,S,,,198915,115.99,0
915,2088.161,"Mount",-0.022,-0.025,0.013,0.031,0.122,0.000,70,W,0,,,,220329,126.57,0
916,2090.413,"Mount",-0.032,-0.076,0.052,0.063,0.114,0.023,65,W,10,S,,,216654,118.84,0
917,2092.766,"Mount",0.032,-0.025,0.037,-0.017,0.102,0.000,58,W,0,,,,211569,113.33,0
918,2094.884,"Mount",0.013,-0.006,0.012,-0.009,0.094,0.000,54,W,0,,,,202828,111.67,0
919,2097.337,"Mount",0.094,0.051,-0.002,-0.107,0.078,-0.039,45,W,17,N,,,203007,113.52,0
920,2099.525,"Mount",0.049,0.084,-0.052,-0.082,0.062,-0.031,36,W,13,N,,,201889,98.40,0
921,2101.944,"Mount",-0.158,-0.021,-0.054,0.150,0.051,0.053,29,W,23,S,,,244478,113.47,0
922,2103.991,"Mount",-0.001,0.128,-0.114,-0.058,-0.019,0.000,11,E,0,,,,230193,121.07,0
923,2106.316,"Mount",0.007,0.058,-0.048,-0.032,0.029,0.000,17,W,0,,,,223832,116.73,0
924,2108.381,"Mount",-0.099,0.097,-0.131,0.043,-0.042,0.000,24,E,0,,,,214521,108.87,0
925,2110.755,"Mount",-0.090,0.071,-0.105,0.047,-0.032,0.000,18,E,0,,,,215675,127.83,0
926,2112.798,"Mount",-0.040,0.055,-0.067,0.011,-0.016,0.000,9,E,0,,,,215976,118.81,0
927,2115.148,"Mount",0.047,0.076,-0.046,-0.077,0.012,-0.028,7,W,12,N,,,226776,112.50,0
928,2117.253,"Mount",0.031,0.026,-0.008,-0.040,0.008,0.000,4,W,0,,,,197388,109.01,0
929,2119.609,"Mount",-0.088,0.195,-0.213,-0.012,-0.085,0.000,48,E,0,,,,193273,116.92,0
930,2121.750,"Mount",-0.096,0.126,-0.156,0.028,-0.061,0.000,35,E,0,,,,192558,110.55,0
931,2124.110,"Mount",-0.100,0.024,-0.067,0.077,-0.021,0.028,12,E,12,S,,,201599,102.19,0
932,2126.281,"Mount",-0.238,-0.002,-0.107,0.212,-0.048,0.078,28,E,33,S,,,183252,110.50,0
933,2128.749,"Mount",-0.209,-0.008,-0.089,0.190,-0.047,0.071,27,E,31,S,,,229894,112.72,0
934,2130.895,"Mount",-0.159,-0.027,-0.049,0.153,-0.011,0.058,6,E,25,S,,,222284,109.86,0
935,2133.377,"Mount",-0.084,-0.010,-0.030,0.079,-0.019,0.031,11,E,13,S,,,210697,110.09,0
936,2135.454,"Mount",-0.072,0.016,-0.047,0.057,-0.023,0.000,13,E,0,,,,209014,110.38,0
937,2137.874,"Mount",-0.098,0.021,-0.063,0.078,-0.052,0.028,30,E,12,S,,,186723,108.41,0
938,2140.095,"Mount",-0.063,-0.017,-0.014,0.064,-0.024,0.024,14,E,10,S,,,194622,116.65,0
939,2142.410,"Mount",0.034,-0.020,0.034,-0.021,-0.023,0.000,13,E,0,,,,208336,112.09,0
940,2144.609,"Mount",0.095,-0.051,0.089,-0.060,0.016,-0.022,9,W,9,N,,,208936,114.25,0
941,2146.904,"Mount",-0.012,-0.070,0.056,0.043,-0.026,0.000,15,E,0,,,,197628,102.22,0
942,2149.041,"Mount",0.041,0.059,-0.033,-0.064,-0.029,-0.023,17,E,10,N,,,226082,107.15,0
943,2151.404,"Mount",-0.073,-0.018,-0.018,0.073,-0.034,0.025,20,E,11,S,,,205408,116.37,0
944,2153.569,"Mount",-0.078,-0.017,-0.021,0.077,-0.036,0.029,21,E,12,S,,,200362,102.11,0
945,2156.009,"Mount",0.194,0.070,0.027,-0.204,-0.052,-0.072,29,E,31,N,,,199038,119.28,0
946,2158.119,"Mount",-0.005,0.073,-0.067,-0.029,-0.082,0.000,47,E,0,,,,217733,127.84,0
947,2160.463,"Mount",-0.050,-0.004,-0.019,0.046,-0.056,0.000,32,E,0,,,,196725,118.79,0
948,2162.614,"Mount",-0.070,-0.132,0.085,0.123,-0.011,0.044,7,E,19,S,,,205060,104.67,0
949,2165.038,"Mount",0.045,-0.232,0.226,0.067,0.061,0.026,35,W,11,S,,,200196,115.96,0
950,2167.088,"Mount",0.004,0.036,-0.030,-0.020,-0.018,0.000,10,E,0,,,,197809,108.59,0
951,2169.505,"Mount",-0.102,0.027,-0.071,0.078,-0.033,0.028,19,E,12,S,,,192747,96.24,0
952,2171.652,"Mount",0.133,-0.064,0.118,-0.089,0.069,-0.031,39,W,13,N,,,186778,96.93,0
953,2174.059,"Mount",0.063,0.017,0.014,-0.064,0.030,-0.024,17,W,10,N,,,193748,104.01,0
954,2176.245,"Mount",-0.073,-0.176,0.122,0.146,0.089,0.051,51,W,22,S,,,243317,129.96,0
955,2178.643,"Mount",-0.008,-0.094,0.079,0.050,0.079,0.000,45,W,0,,,,231286,106.84,0
956,2180.826,"Mount",-0.085,-0.184,0.124,0.160,0.099,0.058,56,W,25,S,,,254142,133.05,0
957,2183.180,"Mount",0.085,-0.082,0.112,-0.038,0.092,0.000,52,W,0,,,,246834,119.95,0
958,2185.256,"Mount",-0.014,-0.101,0.083,0.059,0.071,0.000,41,W,0,,,,241115,126.04,0
959,2187.645,"Mount",-0.077,-0.048,0.007,0.090,0.033,0.033,19,W,14,S,,,194991,93.71,0
960,2189.763,"Mount",0.051,0.030,-0.003,-0.059,0.022,0.000,13,W,0,,,,206018,105.01,0
961,2192.117,"Mount",-0.089,0.017,-0.056,0.071,0.005,0.026,3,W,11,S,,,210560,122.17,0
962,2194.178,"Mount",0.045,0.024,-0.001,-0.051,-0.007,0.000,4,E,0,,,,213200,116.44,0
963,2196.473,"Mount",0.004,-0.011,0.012,0.002,-0.024,0.000,14,E,0,,,,224785,127.17,0
964,2198.682,"Mount",-0.152,-0.020,-0.052,0.144,-0.040,0.052,23,E,22,S,,,231459,111.50,0
965,2201.125,"Mount",-0.037,0.083,-0.090,-0.006,-0.095,0.000,54,E,0,,,,230919,106.43,0
966,2203.237,"Mount",-0.047,0.058,-0.073,0.015,-0.097,0.000,56,E,0,,,,248619,123.53,0
967,2205.666,"Mount",0.054,-0.022,0.045,-0.038,-0.083,0.000,48,E,0,,,,234186,120.19,0
968,2207.814,"Mount",-0.068,0.071,-0.094,0.027,-0.134,0.000,77,E,0,,,,245710,109.01,0
969,2210.157,"Mount",0.017,0.011,-0.002,-0.020,-0.107,0.000,61,E,0,,,,216489,101.79,0
970,2212.280,"Mount",-0.020,-0.003,-0.006,0.020,-0.106,0.000,60,E,0,,,,235215,122.49,0
971,2214.676,"Mount",0.004,0.053,-0.046,-0.028,-0.118,0.000,68,E,0,,,,238377,125.04,0
972,2216.935,"Mount",-0.304,-0.036,-0.108,0.286,-0.160,0.103,91,E,44,S,,,251468,124.70,0
973,2219.357,"Mount",-0.057,0.025,-0.049,0.039,-0.122,0.000,70,E,0,,,,238488,114.66,0
974,2221.465,"Mount",-0.017,-0.016,0.007,0.023,-0.124,0.000,71,E,0,,,,241853,135.63,0
975,2223.896,"Mount",-0.030,0.083,-0.087,-0.012,-0.167,0.000,95,E,0,,,,238755,126.09,0
976,2226.154,"Mount",-0.120,0.070,-0.117,0.074,-0.170,0.027,97,E,11,S,,,235287,127.61,0
977,2228.577,"Mount",0.060,0.017,0.013,-0.061,-0.109,-0.021,62,E,9,N,,,242427,119.26,0
978,2230.721,"Mount",-0.009,0.132,-0.121,-0.053,-0.145,0.000,83,E,0,,,,234077,114.31,0
979,2233.183,"Mount",-0.121,-0.071,0.007,0.140,-0.078,0.050,45,E,22,S,,,222893,118.23,0
980,2235.353,"Mount",-0.005,0.118,-0.107,-0.050,-0.107,0.000,61,E,0,,,,227553,116.44,0
981,2237.793,"Mount",0.099,0.094,-0.038,-0.131,-0.042,-0.047,24,E,20,N,,,241309,110.70,0
982,2239.972,"Mount",-0.074,-0.078,0.035,0.102,-0.034,0.035,19,E,15,S,,,239913,116.82,0
983,2242.312,"Mount",0.002,-0.098,0.088,0.043,0.016,0.000,9,W,0,,,,254214,123.58,0
984,2244.468,"Mount",-0.119,-0.184,0.108,0.191,0.018,0.069,10,W,29,S,,,238788,117.97,0
985,2246.787,"Mount",0.047,-0.103,0.113,0.006,0.005,0.000,3,W,0,,,,233628,128.05,0
986,2248.880,"Mount",0.019,0.051,-0.036,-0.040,-0.060,0.000,34,E,0,,,,236899,115.44,0
987,2251.303,"Mount",-0.072,-0.003,-0.031,0.066,-0.084,0.024,48,E,10,S,,,240199,126.92,0
988,2253.400,"Mount",-0.029,0.036,-0.045,0.009,-0.101,0.000,58,E,0,,,,231665,139.20,0
989,2255.825,"Mount",0.006,0.087,-0.075,-0.046,-0.160,0.000,92,E,0,,,,232683,114.25,0
990,2258.025,"Mount",0.074,0.071,-0.029,-0.099,-0.137,-0.036,78,E,15,N,,,242521,118.54,0
991,2260.476,"Mount",0.030,-0.033,0.043,-0.012,-0.158,0.000,90,E,0,,,,236814,115.18,0
992,2262.776,"Mount",-0.032,0.063,-0.071,-0.001,-0.191,0.000,109,E,0,,,,244902,129.01,0
993,2265.160,"Mount",-0.001,-0.071,0.063,0.034,-0.149,0.000,85,E,0,,,,250585,107.95,0
994,2267.378,"Mount",-0.130,0.029,-0.086,0.102,-0.203,0.037,116,E,16,S,,,227679,102.59,0
995,2269.834,"Mount",-0.058,0.047,-0.068,0.030,-0.217,0.000,124,E,0,,,,245131,114.04,0
996,2272.112,"Mount",0.049,0.201,-0.156,-0.137,-0.251,-0.049,143,E,21,N,,,239421,116.27,0
997,2274.649,"Mount",-0.216,-0.038,-0.066,0.209,-0.223,0.073,127,E,31,S,,,254829,132.51,0
998,2276.971,"Mount",0.002,0.079,-0.069,-0.038,-0.239,0.000,137,E,0,,,,247708,135.88,0
999,2279.449,"Mount",-0.075,0.034,-0.064,0.051,-0.242,0.000,138,E,0,,,,258139,121.02,0
1000,2281.707,"Mount",-0.096,0.051,-0.090,0.062,-0.256,0.022,146,E,10,S,,,266057,115.13,0
1001,2284.172,"Mount",-0.071,0.141,-0.158,-0.003,-0.297,0.000,170,E,0,,,,249662,121.13,0
1002,2286.432,"Mount",0.073,-0.009,0.042,-0.060,-0.213,-0.022,122,E,9,N,,,233412,107.93,0
1003,2288.916,"Mount",-0.045,-0.140,0.104,0.105,-0.170,0.037,97,E,16,S,,,250658,108.77,0
1004,2291.060,"Mount",0.016,0.004,0.004,-0.016,-0.180,0.000,103,E,0,,,,270532,116.29,0
1005,2293.455,"Mount",0.031,-0.011,0.024,-0.022,-0.164,0.000,94,E,0,,,,269193,118.68,0
1006,2295.716,"Mount",0.397,0.168,0.034,-0.430,-0.140,-0.155,80,E,66,N,,,271573,142.59,0
1007,2298.180,"Mount",-0.075,-0.187,0.132,0.153,-0.059,0.049,34,E,21,S,,,280077,129.06,0
1008,2300.411,"Mount",-0.090,-0.092,0.040,0.123,-0.103,0.046,59,E,20,S,,,285644,128.89,0
1009,2302.739,"Mount",0.032,-0.005,0.019,-0.026,-0.085,0.000,49,E,0,,,,284350,118.90,0
1010,2304.858,"Mount",-0.008,0.046,-0.045,-0.014,-0.081,0.000,47,E,0,,,,305093,127.24,0
1011,2307.231,"Mount",-0.012,-0.012,0.005,0.016,-0.093,0.000,53,E,0,,,,275341,129.61,0
1012,2309.502,"Mount",-0.071,-0.145,0.096,0.130,-0.046,0.047,26,E,20,S,,,303080,140.08,0
1013,2311.892,"Mount",0.023,-0.035,0.041,-0.004,-0.108,0.000,62,E,0,,,,279267,108.64,0
1014,2314.046,"Mount",0.035,0.053,-0.031,-0.056,-0.100,0.000,57,E,0,,,,288353,138.35,0
1015,2316.431,"Mount",0.025,-0.106,0.105,0.027,-0.056,0.000,32,E,0,,,,284280,125.66,0
1016,2318.553,"Mount",0.023,-0.098,0.098,0.025,-0.048,0.000,27,E,0,,,,292788,127.10,0
1017,2320.952,"Mount",-0.050,-0.094,0.060,0.088,-0.052,0.032,30,E,14,S,,,289130,118.59,0
1018,2323.112,"Mount",0.087,-0.030,0.067,-0.063,-0.037,-0.022,21,E,9,N,,,294037,129.84,0
1019,2325.452,"Mount",-0.003,-0.041,0.035,0.021,-0.059,0.000,34,E,0,,,,284193,119.58,0
1020,2327.568,"Mount",-0.020,-0.129,0.106,0.077,0.010,0.028,6,W,12,S,,,311999,139.75,0
1021,2330.001,"Mount",0.120,0.005,0.051,-0.108,-0.032,-0.038,18,E,16,N,,,305439,135.03,0
1022,2332.088,"Mount",0.015,0.021,-0.012,-0.024,-0.012,0.000,7,E,0,,,,303177,131.19,0
1023,2334.395,"Mount",-0.037,0.005,-0.022,0.030,0.004,0.000,2,W,0,,,,300167,136.66,0
1024,2336.578,"Mount",0.115,0.019,0.037,-0.111,0.012,-0.040,7,W,17,N,,,310310,130.76,0
1025,2338.906,"Mount",-0.017,0.012,-0.018,0.009,0.026,0.000,15,W,0,,,,308169,121.80,0
1026,2341.033,"Mount",-0.003,0.036,-0.033,-0.014,0.036,0.000,21,W,0,,,,303728,122.37,0
1027,2343.427,"Mount",0.009,-0.078,0.073,0.028,0.088,0.000,51,W,0,,,,287394,117.56,0
1028,2345.670,"Mount",-0.088,0.012,-0.051,0.073,0.067,0.026,38,W,11,S,,,304384,140.95,0
1029,2347.994,"Mount",0.002,0.020,-0.017,-0.010,0.082,0.000,47,W,0,,,,306349,127.43,0
1030,2350.127,"Mount",-0.015,-0.061,0.047,0.042,0.094,0.000,54,W,0,,,,269042,126.33,0
1031,2352.506,"Mount",0.019,-0.048,0.051,0.005,0.107,0.000,61,W,0,,,,269638,110.34,0
1032,2354.626,"Mount",-0.014,0.066,-0.065,-0.018,0.080,0.000,46,W,0,,,,275249,116.50,0
1033,2356.989,"Mount",-0.017,-0.024,0.013,0.026,0.122,0.000,70,W,0,,,,279952,126.68,0
1034,2359.166,"Mount",0.058,0.022,0.007,-0.062,0.123,-0.022,71,W,10,N,,,283195,122.57,0
1035,2361.500,"Mount",-0.009,-0.040,0.031,0.026,0.129,0.000,74,W,0,,,,283633,130.14,0
1036,2363.669,"Mount",-0.017,-0.059,0.045,0.043,0.125,0.000,72,W,0,,,,282705,130.75,0
1037,2366.045,"Mount",-0.063,0.025,-0.051,0.044,0.132,0.000,76,W,0,,,,283383,122.18,0
1038,2368.166,"Mount",0.045,-0.056,0.070,-0.014,0.153,0.000,87,W,0,,,,258827,116.62,0
1039,2370.589,"Mount",-0.045,-0.059,0.031,0.067,0.110,0.024,63,W,10,S,,,295588,139.24,0
1040,2372.770,"Mount",0.007,0.004,-0.001,-0.008,0.091,0.000,52,W,0,,,,274126,116.51,0
1041,2375.144,"Mount",-0.046,-0.039,0.013,0.059,0.066,0.000,38,W,0,,,,264005,131.04,0
1042,2377.232,"Mount",-0.021,-0.076,0.058,0.054,0.030,0.000,17,W,0,,,,285685,118.87,0
1043,2379.537,"Mount",-0.004,-0.021,0.017,0.013,0.009,0.000,5,W,0,,,,256663,121.23,0
1044,2381.650,"Mount",0.066,-0.035,0.062,-0.042,0.020,0.000,12,W,0,,,,250957,112.57,0
1045,2384.040,"Mount",-0.056,-0.029,0.000,0.063,-0.018,0.023,10,E,10,S,,,273804,133.85,0
1046,2386.083,"Mount",-0.013,-0.059,0.047,0.039,-0.016,0.000,9,E,0,,,,236437,121.20,0
1047,2388.503,"Mount",-0.114,-0.063,0.003,0.130,-0.020,0.047,12,E,20,S,,,259590,135.49,0
1048,2390.599,"Mount",0.028,-0.016,0.027,-0.018,-0.012,0.000,7,E,0,,,,239189,113.85,0
1049,2393.069,"Mount",-0.161,-0.088,0.004,0.184,-0.010,0.066,6,E,28,S,,,256910,124.31,0
1050,2395.255,"Mount",-0.098,-0.045,-0.005,0.108,-0.008,0.042,4,E,18,S,,,264577,116.80,0
1051,2397.640,"Mount",-0.065,-0.151,0.104,0.127,0.041,0.047,24,W,20,S,,,242550,114.81,0
1052,2399.794,"Mount",-0.105,-0.055,0.000,0.118,0.001,0.045,1,W,19,S,,,228065,115.28,0
1053,2402.137,"Mount",-0.071,-0.093,0.050,0.105,0.011,0.040,6,W,17,S,,,247144,111.52,0
1054,2404.286,"Mount",-0.094,-0.003,-0.041,0.084,0.027,0.032,15,W,14,S,,,264204,124.38,0
1055,2406.669,"Mount",-0.043,-0.041,0.017,0.057,0.047,0.000,27,W,0,,,,264264,126.81,0
1056,2408.939,"Mount",0.412,0.147,0.059,-0.433,0.064,-0.156,37,W,67,N,,,267471,123.74,0
1057,2411.571,"Mount",-0.506,-0.487,0.200,0.674,0.183,0.236,105,W,101,S,,,271573,127.25,0
1058,2413.873,"Mount",-0.260,-0.227,0.082,0.335,0.149,0.130,85,W,56,S,,,286108,125.81,0
1059,2416.242,"Mount",-0.017,-0.089,0.071,0.056,0.170,0.000,97,W,0,,,,285702,138.31,0
1060,2418.461,"Mount",-0.023,-0.090,0.069,0.062,0.173,0.022,99,W,10,S,,,297922,138.73,0
1061,2420.912,"Mount",0.092,-0.026,0.065,-0.070,0.176,-0.024,101,W,10,N,,,277318,114.27,0
1062,2423.062,"Mount",0.012,-0.003,0.008,-0.009,0.137,0.000,78,W,0,,,,293456,109.15,0
1063,2425.466,"Mount",0.010,-0.073,0.070,0.025,0.161,0.000,92,W,0,,,,282815,138.95,0
1064,2427.661,"Mount",0.037,-0.009,0.025,-0.029,0.121,0.000,69,W,0,,,,300563,138.47,0
1065,2430.114,"Mount",0.058,0.069,-0.035,-0.084,0.121,-0.030,69,W,13,N,,,299711,133.48,0
1066,2432.338,"Mount",-0.093,-0.112,0.056,0.134,0.104,0.047,59,W,20,S,,,286616,123.44,0
1067,2434.717,"Mount",0.037,-0.134,0.136,0.029,0.163,0.000,93,W,0,,,,288625,128.52,0
INFO: SET LOCK POSITION, new lock pos = 587.809, 556.903
INFO: DITHER by -6.664, -16.491, new lock pos = 599.378, 570.412
INFO: SETTLING STATE CHANGE, Settling started
1068,2447.576,"Mount",-11.383,-13.292,6.557,16.225,6.557,16.225,3749,W,6940,S,,,285324,127.55,0
1069,2450.669,"Mount",0.554,-2.245,2.248,0.545,1.011,0.196,578,W,84,S,,,294429,123.28,0
1070,2453.233,"Mount",0.289,-1.366,1.345,0.375,0.605,0.143,346,W,61,S,,,321531,140.57,0
1071,2455.708,"Mount",0.185,-0.435,0.471,0.036,0.212,0.000,121,W,0,,,,324557,130.12,0
1072,2457.985,"Mount",-0.069,-0.305,0.239,0.203,0.108,0.073,62,W,31,S,,,307964,126.77,0
1073,2460.414,"Mount",0.022,-0.260,0.241,0.100,0.108,0.039,62,W,17,S,,,308378,125.83,0
1074,2462.579,"Mount",0.055,-0.189,0.193,0.038,0.087,0.000,50,W,0,,,,292616,126.44,0
1075,2465.085,"Mount",0.210,-0.169,0.246,-0.108,0.111,-0.039,63,W,17,N,,,327209,140.63,0
1076,2467.278,"Mount",0.045,0.137,-0.101,-0.103,-0.045,-0.038,26,E,16,N,,,295708,115.84,0
1077,2469.691,"Mount",0.096,-0.050,0.089,-0.062,0.040,-0.024,23,W,10,N,,,290366,122.84,0
1078,2471.847,"Mount",-0.167,-0.137,0.044,0.211,0.020,0.075,11,W,32,S,,,309699,148.85,0
1079,2474.163,"Mount",-0.037,0.122,-0.125,-0.023,-0.053,0.000,30,E,0,,,,326821,141.83,0
1080,2476.369,"Mount",0.079,0.182,-0.125,-0.155,-0.055,-0.056,31,E,24,N,,,315308,141.14,0
1081,2478.833,"Mount",-0.131,-0.284,0.192,0.247,0.084,0.087,48,W,37,S,,,299955,129.32,0
1082,2481.105,"Mount",0.329,-0.188,0.318,-0.205,0.136,-0.070,78,W,30,N,,,303643,125.81,0
1083,2483.529,"Mount",-0.217,-0.037,-0.067,0.210,-0.039,0.073,22,E,31,S,,,326149,140.01,0
INFO: SETTLING STATE CHANGE, Settling complete
1084,2485.724,"Mount",-0.138,0.019,-0.081,0.114,-0.050,0.044,29,E,19,S,,,291778,130.30,0
1085,2488.219,"Mount",0.208,0.196,-0.078,-0.275,-0.053,-0.097,30,E,42,N,,,309635,128.92,0
1086,2490.435,"Mount",-0.121,-0.167,0.093,0.184,0.019,0.062,11,W,27,S,,,290435,127.02,0
1087,2492.797,"Mount",0.159,-0.063,0.129,-0.111,0.032,-0.038,18,W,16,N,,,289865,137.67,0
1088,2494.884,"Mount",0.014,-0.018,0.023,-0.004,-0.027,0.000,15,E,0,,,,303329,126.03,0
1089,2497.207,"Mount",-0.019,0.049,-0.053,-0.006,-0.035,0.000,20,E,0,,,,299688,121.59,0
1090,2499.326,"Mount",-0.058,0.079,-0.097,0.015,-0.080,0.000,46,E,0,,,,307375,124.22,0
1091,2501.780,"Mount",-0.146,0.041,-0.103,0.111,-0.087,0.040,50,E,17,S,,,302430,125.25,0
1092,2503.968,"Mount",0.107,0.022,0.030,-0.105,-0.047,-0.036,27,E,16,N,,,335565,122.64,0
1093,2506.355,"Mount",0.051,0.065,-0.034,-0.076,-0.050,-0.029,29,E,12,N,,,349222,137.07,0
1094,2508.524,"Mount",-0.165,0.031,-0.103,0.132,-0.098,0.046,56,E,20,S,,,297398,125.91,0
1095,2511.115,"Mount",-0.227,0.029,-0.130,0.188,-0.113,0.069,65,E,30,S,,,319972,129.84,0
1096,2513.208,"Mount",0.001,-0.059,0.052,0.027,-0.045,0.000,26,E,0,,,,340665,131.07,0
1097,2515.574,"Mount",0.020,-0.059,0.062,0.009,-0.005,0.000,3,E,0,,,,360879,133.78,0
1098,2517.772,"Mount",0.230,-0.044,0.145,-0.184,0.054,-0.066,31,W,28,N,,,342752,131.54,0
1099,2520.150,"Mount",0.091,0.035,0.010,-0.097,0.004,-0.037,2,W,16,N,,,322225,123.54,0
1100,2522.194,"Mount",-0.043,0.052,-0.066,0.014,-0.014,0.000,8,E,0,,,,344119,146.52,0
1101,2524.537,"Mount",0.031,-0.023,0.035,-0.017,0.034,0.000,20,W,0,,,,339214,151.87,0
1102,2526.650,"Mount",0.030,-0.056,0.064,-0.001,0.070,0.000,40,W,0,,,,303921,125.03,0
1103,2528.990,"Mount",0.033,-0.089,0.094,0.011,0.090,0.000,51,W,0,,,,325524,139.47,0
1104,2531.096,"Mount",-0.016,-0.032,0.021,0.029,0.044,0.000,25,W,0,,,,328302,132.47,0
1105,2533.411,"Mount",0.018,0.047,-0.034,-0.038,0.043,0.000,24,W,0,,,,327396,127.41,0
1106,2535.487,"Mount",0.056,0.006,0.021,-0.052,0.036,0.000,20,W,0,,,,309104,136.48,0
1107,2537.849,"Mount",0.066,-0.064,0.087,-0.029,0.061,0.000,35,W,0,,,,357885,164.03,0
1108,2540.046,"Mount",-0.106,0.049,-0.092,0.072,-0.026,0.026,15,E,11,S,,,340026,139.20,0
1109,2542.470,"Mount",-0.160,0.158,-0.214,0.069,-0.090,0.026,51,E,11,S,,,333452,154.56,0
1110,2544.572,"Mount",-0.059,0.034,-0.057,0.036,-0.007,0.000,4,E,0,,,,345376,135.40,0
1111,2546.911,"Mount",-0.109,0.096,-0.135,0.052,-0.084,0.000,48,E,0,,,,328159,120.57,0
1112,2549.012,"Mount",-0.047,-0.004,-0.018,0.044,-0.042,0.000,24,E,0,,,,331817,136.44,0
1113,2551.366,"Mount",-0.043,0.104,-0.112,-0.010,-0.106,0.000,61,E,0,,,,330038,138.80,0
1114,2553.598,"Mount",-0.204,0.138,-0.216,0.117,-0.165,0.042,94,E,18,S,,,329727,133.86,0
1115,2555.966,"Mount",-0.027,0.161,-0.155,-0.051,-0.155,0.000,89,E,0,,,,318095,117.10,0
1116,2558.196,"Mount",0.060,0.178,-0.130,-0.135,-0.158,-0.049,90,E,21,N,,,330547,137.64,0
1117,2560.780,"Mount",-0.269,0.101,-0.214,0.192,-0.214,0.067,122,E,29,S,,,309751,137.35,0
1118,2562.981,"Mount",-0.108,0.238,-0.261,-0.014,-0.247,0.000,141,E,0,,,,333256,145.19,0
1119,2565.433,"Mount",-0.069,0.116,-0.134,0.007,-0.199,0.000,114,E,0,,,,300122,129.88,0
1120,2567.662,"Mount",0.046,0.098,-0.065,-0.086,-0.164,-0.031,94,E,13,N,,,334315,131.71,0
1121,2570.143,"Mount",-0.025,0.006,-0.017,0.020,-0.150,0.000,86,E,0,,,,316063,138.02,0
1122,2572.401,"Mount",0.363,0.017,0.152,-0.329,-0.073,-0.119,42,E,51,N,,,326568,152.09,0
1123,2574.896,"Mount",-0.159,-0.095,0.011,0.185,-0.121,0.062,69,E,26,S,,,303311,114.00,0
1124,2577.054,"Mount",0.149,0.009,0.061,-0.136,-0.068,-0.046,39,E,20,N,,,314060,131.15,0
1125,2579.410,"Mount",-0.007,-0.064,0.053,0.035,-0.073,0.000,42,E,0,,,,313169,132.18,0
1126,2581.542,"Mount",-0.106,-0.151,0.085,0.164,-0.016,0.059,9,E,25,S,,,312906,134.16,0
1127,2584.011,"Mount",0.350,-0.062,0.216,-0.282,0.054,-0.099,31,W,42,N,,,315449,132.02,0
1128,2586.150,"Mount",-0.092,-0.134,0.076,0.143,0.005,0.048,3,W,20,S,,,325968,128.21,0
1129,2588.582,"Mount",-0.062,-0.188,0.138,0.142,0.028,0.053,16,W,23,S,,,332560,133.09,0
1130,2590.740,"Mount",-0.008,-0.034,0.027,0.023,-0.029,0.000,17,E,0,,,,339048,158.40,0
1131,2593.067,"Mount",-0.003,-0.075,0.065,0.037,-0.018,0.000,10,E,0,,,,325542,133.67,0
1132,2595.246,"Mount",-0.158,-0.036,-0.040,0.157,-0.056,0.056,32,E,24,S,,,323711,141.62,0
1133,2597.621,"Mount",-0.009,0.100,-0.093,-0.038,-0.119,0.000,68,E,0,,,,342466,142.44,0
1134,2599.902,"Mount",-0.107,0.057,-0.100,0.068,-0.133,0.025,76,E,11,S,,,342850,134.98,0
1135,2602.320,"Mount",-0.092,-0.020,-0.025,0.091,-0.103,0.034,59,E,14,S,,,326420,137.67,0
1136,2604.494,"Mount",-0.080,0.089,-0.116,0.030,-0.161,0.000,92,E,0,,,,336827,130.11,0
1137,2607.014,"Mount",0.067,0.122,-0.077,-0.116,-0.166,-0.042,95,E,18,N,,,337298,160.53,0
1138,2609.295,"Mount",0.041,0.197,-0.156,-0.127,-0.200,-0.047,114,E,20,N,,,319590,150.82,0
1139,2611.815,"Mount",-0.202,0.046,-0.134,0.158,-0.204,0.055,117,E,24,S,,,338012,134.15,0
1140,2614.064,"Mount",-0.083,0.102,-0.129,0.026,-0.214,0.000,122,E,0,,,,327069,133.79,0
1141,2616.617,"Mount",-0.029,0.189,-0.181,-0.062,-0.256,-0.022,146,E,10,N,,,341424,130.59,0
1142,2618.867,"Mount",-0.120,0.140,-0.179,0.041,-0.279,0.000,160,E,0,,,,326964,154.19,0
1143,2621.371,"Mount",-0.025,0.079,-0.082,-0.015,-0.255,0.000,146,E,0,,,,327075,162.36,0
1144,2623.689,"Mount",-0.082,0.209,-0.224,-0.024,-0.322,0.000,184,E,0,,,,339046,141.58,0
1145,2626.214,"Mount",-0.168,-0.003,-0.075,0.150,-0.269,0.054,154,E,23,S,,,325156,132.42,0
1146,2628.513,"Mount",-0.101,0.095,-0.131,0.046,-0.289,0.000,165,E,0,,,,352211,147.05,0
1147,2630.981,"Mount",-0.016,0.072,-0.071,-0.019,-0.267,0.000,152,E,0,,,,323304,129.35,0
1148,2633.206,"Mount",-0.025,0.100,-0.101,-0.024,-0.259,0.000,148,E,0,,,,331364,141.47,0
1149,2635.666,"Mount",0.155,-0.065,0.129,-0.108,-0.148,-0.039,85,E,17,N,,,324510,139.68,0
1150,2637.912,"Mount",0.099,-0.068,0.106,-0.057,-0.143,0.000,82,E,0,,,,357174,147.28,0
1151,2640.223,"Mount",0.064,-0.128,0.143,0.002,-0.100,0.000,57,E,0,,,,314126,131.16,0
1152,2642.412,"Mount",-0.015,-0.021,0.012,0.023,-0.142,0.000,81,E,0,,,,330239,124.62,0
1153,2644.849,"Mount",-0.084,0.120,-0.145,0.019,-0.187,0.000,107,E,0,,,,354569,146.25,0
1154,2647.111,"Mount",0.124,0.108,-0.039,-0.160,-0.106,-0.058,61,E,25,N,,,341039,132.00,0
1155,2649.500,"Mount",-0.027,0.039,-0.047,0.006,-0.109,0.000,62,E,0,,,,320592,139.31,0
1156,2651.688,"Mount",-0.039,-0.014,-0.006,0.041,-0.103,0.000,59,E,0,,,,316662,115.58,0
1157,2654.075,"Mount",-0.085,0.052,-0.086,0.051,-0.146,0.000,84,E,0,,,,368371,132.74,0
1158,2656.326,"Mount",-0.146,0.013,-0.079,0.123,-0.141,0.044,81,E,19,S,,,369187,153.61,0
1159,2658.771,"Mount",0.124,-0.083,0.131,-0.072,-0.062,-0.024,35,E,10,N,,,345793,135.73,0
1160,2660.956,"Mount",-0.063,-0.025,-0.006,0.067,-0.113,0.023,65,E,10,S,,,362711,137.01,0
1161,2663.316,"Mount",-0.005,-0.025,0.019,0.016,-0.120,0.000,68,E,0,,,,341530,142.34,0
1162,2665.504,"Mount",-0.078,-0.019,-0.020,0.078,-0.104,0.028,60,E,12,S,,,356917,146.44,0
1163,2667.961,"Mount",-0.149,-0.034,-0.039,0.148,-0.091,0.054,52,E,23,S,,,347112,131.88,0
1164,2670.043,"Mount",0.003,-0.134,0.121,0.059,-0.013,0.000,8,E,0,,,,361206,136.48,0
1165,2672.482,"Mount",0.053,0.044,-0.014,-0.067,-0.057,-0.024,32,E,10,N,,,359109,153.03,0
1166,2674.646,"Mount",0.130,-0.039,0.094,-0.097,-0.002,-0.036,1,E,15,N,,,344398,136.42,0
1167,2676.998,"Mount",-0.034,-0.082,0.057,0.068,-0.039,0.023,22,E,10,S,,,344064,132.63,0
1168,2679.139,"Mount",0.063,0.068,-0.031,-0.087,-0.025,-0.030,14,E,13,N,,,354097,141.26,0
1169,2681.621,"Mount",-0.051,-0.131,0.093,0.105,0.023,0.037,13,W,16,S,,,356938,152.86,0
1170,2683.769,"Mount",0.093,-0.126,0.155,-0.024,0.054,0.000,31,W,0,,,,355653,140.49,0
1171,2686.064,"Mount",-0.016,-0.076,0.060,0.050,0.028,0.000,16,W,0,,,,347046,122.00,0
1172,2688.189,"Mount",0.012,-0.111,0.104,0.040,0.060,0.000,34,W,0,,,,361631,137.78,0
1173,2690.486,"Mount",0.036,0.008,0.010,-0.036,0.034,0.000,19,W,0,,,,340540,131.72,0
1174,2692.680,"Mount",-0.070,-0.044,0.006,0.082,0.046,0.030,26,W,13,S,,,348006,145.91,0
1175,2695.124,"Mount",0.076,-0.014,0.048,-0.061,0.072,-0.021,41,W,9,N,,,344950,123.62,0
1176,2697.304,"Mount",0.054,-0.166,0.172,0.029,0.162,0.000,93,W,0,,,,359203,149.86,0
1177,2699.754,"Mount",0.263,-0.035,0.152,-0.217,0.163,-0.078,93,W,33,N,,,355276,135.46,0
1178,2702.035,"Mount",0.122,-0.099,0.144,-0.062,0.175,-0.026,100,W,11,N,,,349958,133.52,0
1179,2704.461,"Mount",0.024,-0.083,0.085,0.017,0.161,0.000,92,W,0,,,,372284,131.70,0
1180,2706.668,"Mount",-0.190,-0.073,-0.023,0.202,0.115,0.073,66,W,31,S,,,344141,124.90,0
1181,2709.174,"Mount",0.177,-0.153,0.217,-0.086,0.227,-0.028,130,W,12,N,,,343363,145.24,0
1182,2711.441,"Mount",0.047,-0.114,0.123,0.011,0.186,0.000,106,W,0,,,,366699,149.11,0
1183,2713.835,"Mount",0.034,-0.019,0.032,-0.022,0.136,0.000,78,W,0,,,,382638,141.72,0
1184,2716.086,"Mount",-0.056,-0.156,0.113,0.122,0.174,0.044,100,W,19,S,,,339077,136.55,0
1185,2718.534,"Mount",0.030,0.021,-0.005,-0.036,0.120,0.000,69,W,0,,,,367215,138.42,0
1186,2720.638,"Mount",-0.032,-0.019,0.002,0.037,0.096,0.000,55,W,0,,,,348227,131.86,0
1187,2723.059,"Mount",-0.104,0.011,-0.058,0.087,0.083,0.031,47,W,13,S,,,346505,126.47,0
1188,2725.215,"Mount",-0.127,-0.012,-0.048,0.119,0.060,0.044,35,W,19,S,,,356098,154.82,0
1189,2727.673,"Mount",-0.221,-0.050,-0.057,0.219,0.039,0.081,22,W,35,S,,,331703,127.62,0
1190,2729.802,"Mount",-0.220,-0.021,-0.083,0.205,-0.015,0.077,9,E,33,S,,,359006,138.11,0
1191,2732.157,"Mount",-0.123,0.040,-0.092,0.091,-0.035,0.036,20,E,15,S,,,361499,143.42,0
1192,2734.340,"Mount",-0.154,0.145,-0.200,0.069,-0.102,0.026,59,E,11,S,,,342755,141.22,0
1193,2736.856,"Mount",0.123,0.255,-0.170,-0.227,-0.097,-0.081,55,E,34,N,,,369735,141.70,0
1194,2738.981,"Mount",-0.004,0.061,-0.056,-0.024,-0.029,0.000,17,E,0,,,,360224,162.55,0
1195,2741.381,"Mount",-0.215,-0.015,-0.086,0.198,-0.069,0.071,39,E,30,S,,,365307,154.52,0
1196,2743.499,"Mount",-0.114,0.097,-0.139,0.056,-0.089,0.000,51,E,0,,,,343455,123.62,0
1197,2745.849,"Mount",-0.049,0.012,-0.033,0.037,-0.023,0.000,13,E,0,,,,338065,132.90,0
1198,2747.930,"Mount",-0.039,0.011,-0.028,0.030,-0.011,0.000,7,E,0,,,,352302,139.42,0
1199,2750.285,"Mount",-0.088,-0.028,-0.016,0.091,-0.002,0.033,1,E,14,S,,,356925,130.15,0
1200,2752.405,"Mount",0.096,-0.128,0.157,-0.026,0.083,0.000,47,W,0,,,,353069,141.23,0
1201,2754.849,"Mount",0.161,-0.126,0.186,-0.085,0.120,-0.031,68,W,13,N,,,356124,140.21,0
1202,2757.082,"Mount",0.094,-0.044,0.083,-0.063,0.095,-0.024,54,W,10,N,,,362958,172.66,0
1203,2759.575,"Mount",-0.103,-0.150,0.085,0.161,0.131,0.057,75,W,24,S,,,374137,161.05,0
1204,2761.835,"Mount",0.208,-0.123,0.205,-0.128,0.205,-0.044,117,W,19,N,,,384744,150.66,0
1205,2764.285,"Mount",-0.104,-0.088,0.030,0.132,0.135,0.046,77,W,20,S,,,353053,141.65,0
1206,2766.458,"Mount",0.051,-0.203,0.204,0.049,0.233,0.000,133,W,0,,,,339323,140.52,0
1207,2768.942,"Mount",0.147,-0.047,0.110,-0.109,0.195,-0.039,112,W,17,N,,,355861,130.22,0
1208,2771.280,"Mount",0.054,-0.147,0.155,0.020,0.208,0.000,119,W,0,,,,364292,138.78,0
1209,2773.731,"Mount",-0.065,-0.210,0.157,0.154,0.206,0.056,118,W,24,S,,,353419,125.39,0
1210,2775.958,"Mount",-0.006,-0.172,0.150,0.085,0.191,0.033,109,W,14,S,,,370766,132.09,0
1211,2778.394,"Mount",0.011,-0.127,0.118,0.048,0.176,0.000,100,W,0,,,,360373,135.38,0
1212,2780.599,"Mount",0.146,0.061,0.013,-0.158,0.115,-0.057,66,W,24,N,,,371677,119.86,0
1213,2783.020,"Mount",0.055,-0.122,0.134,0.007,0.170,0.000,97,W,0,,,,362582,126.43,0
1214,2785.246,"Mount",0.116,-0.094,0.137,-0.059,0.163,0.000,93,W,0,,,,379678,161.13,0
1215,2787.587,"Mount",-0.034,-0.038,0.018,0.048,0.104,0.000,60,W,0,,,,357494,132.73,0
1216,2789.909,"Mount",-0.178,-0.067,-0.023,0.189,0.110,0.068,63,W,29,S,,,355731,152.05,0
1217,2792.224,"Mount",-0.037,0.118,-0.122,-0.021,0.059,0.000,34,W,0,,,,359144,132.31,0
1218,2794.366,"Mount",-0.011,0.023,-0.026,-0.001,0.083,0.000,48,W,0,,,,382834,172.13,0
1219,2796.661,"Mount",-0.064,0.088,-0.108,0.016,0.023,0.000,13,W,0,,,,362402,128.86,0
1220,2798.831,"Mount",0.027,0.245,-0.206,-0.137,-0.042,-0.049,24,E,21,N,,,350480,131.60,0
1221,2801.094,"Mount",-0.038,0.091,-0.098,-0.009,-0.011,0.000,6,E,0,,,,349762,132.56,0
1222,2803.291,"Mount",0.136,0.090,-0.017,-0.163,0.024,-0.059,14,W,25,N,,,335696,127.89,0
1223,2805.676,"Mount",-0.144,-0.058,-0.015,0.154,0.022,0.053,12,W,23,S,,,349338,121.76,0
1224,2807.833,"Mount",-0.135,-0.130,0.053,0.180,0.021,0.067,12,W,29,S,,,350615,147.66,0
1225,2810.256,"Mount",0.389,0.348,-0.130,-0.506,-0.041,-0.179,23,E,77,N,,,350726,140.90,0
1226,2812.396,"Mount",-0.108,-0.054,-0.002,0.121,0.016,0.036,9,W,15,S,,,359795,138.15,0
1227,2814.831,"Mount",-0.288,-0.183,0.030,0.340,0.009,0.124,5,W,53,S,,,357586,148.79,0
1228,2816.968,"Mount",-0.085,-0.037,-0.007,0.092,0.007,0.038,4,W,16,S,,,333171,133.48,0
1229,2819.402,"Mount",0.278,0.027,0.104,-0.259,0.049,-0.092,28,W,39,N,,,347981,146.90,0
1230,2821.466,"Mount",-0.035,0.012,-0.027,0.025,0.004,0.000,2,W,0,,,,348554,134.41,0
1231,2823.902,"Mount",-0.217,-0.020,-0.082,0.202,-0.035,0.073,20,E,31,S,,,332575,135.76,0
1232,2825.958,"Mount",-0.050,-0.040,0.012,0.062,0.000,0.025,0,,11,S,,,351891,124.22,0
1233,2828.487,"Mount",-0.093,-0.040,-0.007,0.101,-0.006,0.037,4,E,16,S,,,366893,135.94,0
1234,2830.550,"Mount",-0.001,0.095,-0.085,-0.043,-0.045,0.000,25,E,0,,,,365627,151.98,0
1235,2832.973,"Mount",0.163,0.019,0.058,-0.154,-0.008,-0.055,5,E,24,N,,,378681,139.44,0
1236,2835.161,"Mount",0.021,0.121,-0.097,-0.075,-0.057,-0.029,33,E,12,N,,,368857,141.96,0
1237,2837.489,"Mount",-0.114,-0.039,-0.018,0.119,-0.020,0.042,11,E,18,S,,,349858,120.82,0
1238,2839.640,"Mount",-0.102,-0.011,-0.037,0.095,-0.023,0.036,13,E,15,S,,,352195,132.12,0
1239,2841.937,"Mount",-0.040,-0.006,-0.013,0.038,-0.029,0.000,16,E,0,,,,355151,123.68,0
1240,2844.093,"Mount",0.085,0.008,0.032,-0.079,-0.035,-0.029,20,E,12,N,,,366894,157.83,0
1241,2846.454,"Mount",0.087,-0.068,0.101,-0.046,0.002,0.000,1,W,0,,,,367412,141.39,0
1242,2848.517,"Mount",0.045,-0.089,0.099,0.001,0.007,0.000,4,W,0,,,,359806,137.57,0
1243,2850.798,"Mount",-0.001,-0.120,0.106,0.056,0.004,0.000,2,W,0,,,,375653,151.71,0
1244,2852.875,"Mount",-0.058,0.005,-0.031,0.049,-0.038,0.000,22,E,0,,,,333234,124.36,0
1245,2855.280,"Mount",-0.078,-0.038,-0.002,0.087,-0.044,0.031,25,E,13,S,,,387888,130.90,0
1246,2857.418,"Mount",-0.065,-0.034,0.001,0.073,-0.044,0.028,25,E,12,S,,,350527,138.55,0
1247,2859.910,"Mount",0.110,0.167,-0.097,-0.175,-0.088,-0.062,50,E,26,N,,,362919,147.09,0
1248,2862.130,"Mount",0.219,0.103,0.009,-0.242,-0.032,-0.089,18,E,38,N,,,348724,133.98,0
1249,2864.557,"Mount",-0.235,-0.174,0.046,0.289,-0.017,0.101,10,E,43,S,,,361304,156.05,0
1250,2866.712,"Mount",-0.035,-0.161,0.126,0.105,0.053,0.042,30,W,18,S,,,359052,128.39,0
1251,2869.011,"Mount",0.015,-0.030,0.034,0.001,0.013,0.000,7,W,0,,,,356526,130.46,0
1252,2871.220,"Mount",-0.064,-0.095,0.055,0.101,0.022,0.036,13,W,16,S,,,339369,128.42,0
1253,2873.590,"Mount",0.021,-0.115,0.112,0.034,0.086,0.000,49,W,0,,,,340303,141.48,0
1254,2875.749,"Mount",0.185,0.168,-0.064,-0.242,0.012,-0.087,7,W,37,N,,,375583,144.35,0
1255,2878.217,"Mount",-0.032,-0.174,0.140,0.109,0.105,0.036,60,W,15,S,,,366856,144.80,0
1256,2880.433,"Mount",-0.128,-0.163,0.086,0.189,0.080,0.069,46,W,30,S,,,347868,137.06,0
1257,2882.763,"Mount",0.019,-0.107,0.103,0.033,0.083,0.000,47,W,0,,,,343534,143.34,0
1258,2884.861,"Mount",0.006,-0.071,0.066,0.028,0.052,0.000,30,W,0,,,,363191,148.57,0
1259,2887.202,"Mount",-0.001,-0.005,0.004,0.003,0.020,0.000,11,W,0,,,,363694,137.85,0
1260,2889.249,"Mount",-0.036,0.022,-0.036,0.022,0.017,0.000,9,W,0,,,,340031,135.50,0
1261,2891.639,"Mount",-0.114,-0.011,-0.043,0.106,0.001,0.038,1,W,16,S,,,325407,135.89,0
1262,2893.770,"Mount",-0.046,0.196,-0.195,-0.049,-0.108,0.000,61,E,0,,,,339416,147.34,0
1263,2896.115,"Mount",-0.037,0.092,-0.099,-0.010,-0.087,0.000,50,E,0,,,,357695,140.17,0
1264,2898.318,"Mount",0.286,0.188,-0.035,-0.340,-0.061,-0.123,35,E,52,N,,,367570,134.54,0
1265,2900.780,"Mount",-0.008,0.162,-0.148,-0.068,-0.152,-0.029,87,E,13,N,,,354328,140.37,0
1266,2903.032,"Mount",-0.441,-0.195,-0.030,0.481,-0.094,0.172,54,E,74,S,,,339913,136.33,0
1267,2905.481,"Mount",-0.120,0.149,-0.188,0.038,-0.196,0.000,112,E,0,,,,369699,148.56,0
1268,2907.733,"Mount",-0.085,0.263,-0.273,-0.046,-0.241,0.000,138,E,0,,,,358866,133.59,0
1269,2910.226,"Mount",-0.194,0.115,-0.192,0.119,-0.215,0.043,123,E,18,S,,,352025,128.43,0
1270,2912.441,"Mount",-0.157,-0.016,-0.058,0.147,-0.121,0.055,69,E,23,S,,,350321,150.10,0
1271,2914.896,"Mount",-0.242,0.000,-0.112,0.214,-0.168,0.079,96,E,34,S,,,343363,142.76,0
1272,2917.135,"Mount",-0.233,0.009,-0.115,0.203,-0.168,0.076,96,E,33,S,,,344880,153.47,0
1273,2919.523,"Mount",-0.063,0.011,-0.039,0.051,-0.114,0.000,65,E,0,,,,353034,144.30,0
1274,2921.785,"Mount",-0.140,0.106,-0.159,0.076,-0.176,0.027,100,E,12,S,,,366337,127.43,0
1275,2924.205,"Mount",-0.118,-0.060,-0.001,0.132,-0.108,0.049,62,E,21,S,,,336953,124.51,0
1276,2926.561,"Mount",-0.094,-0.002,-0.041,0.084,-0.089,0.032,51,E,14,S,,,339724,147.85,0
1277,2928.895,"Mount",-0.025,-0.018,0.005,0.030,-0.086,0.000,49,E,0,,,,353468,138.74,0
1278,2930.984,"Mount",-0.039,-0.020,0.000,0.043,-0.070,0.000,40,E,0,,,,348651,143.03,0
1279,2933.353,"Mount",0.004,-0.168,0.151,0.074,0.006,0.026,3,W,11,S,,,349366,128.29,0
1280,2935.441,"Mount",0.050,-0.067,0.082,-0.013,-0.018,0.000,10,E,0,,,,349769,135.49,0
1281,2937.780,"Mount",0.076,-0.037,0.068,-0.050,-0.012,0.000,7,E,0,,,,344642,142.26,0
1282,2939.948,"Mount",-0.118,-0.048,-0.011,0.127,-0.044,0.046,25,E,20,S,,,328981,146.04,0
1283,2942.321,"Mount",-0.067,0.075,-0.098,0.025,-0.095,0.000,55,E,0,,,,342827,132.21,0
1284,2944.391,"Mount",0.012,-0.123,0.115,0.046,-0.001,0.000,1,E,0,,,,322353,117.51,0
1285,2946.748,"Mount",0.024,-0.042,0.049,-0.001,-0.068,0.000,39,E,0,,,,330355,135.08,0
1286,2948.952,"Mount",-0.085,-0.004,-0.036,0.078,-0.075,0.028,43,E,12,S,,,328518,130.98,0
1287,2951.403,"Mount",0.203,0.157,-0.046,-0.253,-0.092,-0.090,53,E,38,N,,,326060,130.87,0
1288,2953.615,"Mount",-0.008,0.168,-0.153,-0.070,-0.178,-0.029,102,E,12,N,,,315550,142.96,0
1289,2956.091,"Mount",-0.121,-0.010,-0.047,0.112,-0.133,0.039,76,E,17,S,,,330835,137.68,0
1290,2958.236,"Mount",-0.022,-0.052,0.036,0.043,-0.143,0.000,82,E,0,,,,325306,134.56,0
1291,2960.768,"Mount",-0.178,0.108,-0.178,0.109,-0.243,0.039,139,E,17,S,,,321746,119.20,0
1292,2963.122,"Mount",-0.049,-0.072,0.041,0.076,-0.181,0.029,104,E,12,S,,,353350,143.15,0
1293,2965.594,"Mount",-0.102,0.112,-0.146,0.038,-0.279,0.000,159,E,0,,,,305652,121.23,0
1294,2967.915,"Mount",-0.167,0.066,-0.136,0.118,-0.280,0.042,160,E,18,S,,,315579,133.45,0
1295,2970.437,"Mount",-0.148,0.154,-0.205,0.060,-0.327,0.023,187,E,10,S,,,334671,132.83,0
1296,2972.678,"Mount",-0.049,0.119,-0.128,-0.012,-0.290,0.000,166,E,0,,,,341153,128.40,0
1297,2975.359,"Mount",0.137,0.203,-0.117,-0.215,-0.290,-0.078,166,E,33,N,,,347178,127.65,0
1298,2977.565,"Mount",0.001,-0.055,0.050,0.024,-0.224,0.000,128,E,0,,,,330408,123.02,0
1299,2980.152,"Mount",-0.132,-0.044,-0.022,0.138,-0.206,0.050,118,E,21,S,,,338962,126.27,0
1300,2982.465,"Mount",-0.052,-0.058,0.027,0.073,-0.188,0.028,108,E,12,S,,,314172,125.55,0
1301,2984.951,"Mount",0.204,0.020,0.076,-0.190,-0.141,-0.067,81,E,29,N,,,322405,129.35,0
1302,2987.070,"Mount",0.041,-0.128,0.132,0.023,-0.088,0.000,50,E,0,,,,343050,151.18,0
1303,2989.512,"Mount",-0.069,0.007,-0.039,0.058,-0.141,0.000,81,E,0,,,,332469,144.81,0
1304,2991.789,"Mount",-0.155,-0.006,-0.066,0.140,-0.144,0.050,83,E,22,S,,,362552,156.58,0
1305,2994.154,"Mount",0.051,0.006,0.019,-0.048,-0.124,0.000,71,E,0,,,,315966,136.63,0
1306,2996.291,"Mount",-0.036,0.023,-0.037,0.021,-0.117,0.000,67,E,0,,,,322526,125.73,0
1307,2998.766,"Mount",0.042,0.050,-0.025,-0.060,-0.138,-0.022,79,E,9,N,,,329054,158.06,0
1308,3000.970,"Mount",0.007,0.027,-0.021,-0.019,-0.135,0.000,77,E,0,,,,311738,122.56,0
1309,3003.352,"Mount",0.076,-0.140,0.159,-0.003,-0.071,0.000,41,E,0,,,,341878,135.76,0
1310,3005.597,"Mount",-0.042,-0.077,0.049,0.073,-0.132,0.026,75,E,11,S,,,326712,143.07,0
1311,3008.060,"Mount",0.102,0.031,0.020,-0.105,-0.121,-0.037,69,E,16,N,,,323119,128.23,0
1312,3010.217,"Mount",0.220,-0.078,0.170,-0.159,-0.036,-0.059,21,E,25,N,,,345419,142.05,0
1313,3012.669,"Mount",-0.041,-0.213,0.170,0.135,-0.027,0.046,15,E,20,S,,,322584,137.06,0
1314,3014.742,"Mount",0.040,-0.144,0.146,0.031,-0.007,0.000,4,E,0,,,,339738,143.74,0
1315,3017.150,"Mount",-0.042,-0.172,0.133,0.117,0.003,0.042,2,W,18,S,,,350810,168.93,0
1316,3019.355,"Mount",-0.056,-0.092,0.056,0.093,-0.037,0.035,21,E,15,S,,,323926,143.89,0
1317,3021.854,"Mount",0.610,0.024,0.259,-0.552,0.091,-0.197,52,W,84,N,,,343786,136.62,0
1318,3024.111,"Mount",-0.347,-0.420,0.213,0.502,0.072,0.173,41,W,74,S,,,323250,125.85,0
1319,3026.519,"Mount",-0.104,0.021,-0.067,0.083,-0.053,0.037,30,E,16,S,,,319366,131.22,0
1320,3028.702,"Mount",0.200,0.124,-0.019,-0.234,-0.019,-0.083,11,E,35,N,,,322915,134.92,0
1321,3031.061,"Mount",-0.193,-0.059,-0.037,0.199,-0.016,0.068,9,E,29,S,,,327051,134.81,0
1322,3033.106,"Mount",0.000,0.017,-0.015,-0.008,-0.013,0.000,7,E,0,,,,302508,131.89,0
1323,3035.516,"Mount",-0.041,-0.054,0.029,0.061,0.001,0.022,1,W,9,S,,,282083,127.66,0
1324,3037.670,"Mount",-0.018,-0.046,0.032,0.038,0.022,0.000,13,W,0,,,,336475,163.71,0
1325,3040.041,"Mount",0.033,-0.096,0.101,0.015,0.086,0.000,49,W,0,,,,319239,167.22,0
1326,3042.187,"Mount",0.109,-0.111,0.148,-0.045,0.126,0.000,72,W,0,,,,328957,142.48,0
1327,3044.576,"Mount",0.060,-0.100,0.117,-0.007,0.134,0.000,77,W,0,,,,306886,124.69,0
1328,3046.725,"Mount",0.085,-0.049,0.083,-0.052,0.129,0.000,74,W,0,,,,349704,134.84,0
1329,3049.220,"Mount",-0.029,-0.174,0.141,0.106,0.175,0.038,100,W,16,S,,,318627,150.54,0
1330,3051.380,"Mount",0.114,-0.147,0.183,-0.034,0.205,0.000,117,W,0,,,,332028,141.28,0
1331,3053.762,"Mount",0.034,-0.052,0.062,-0.006,0.163,0.000,93,W,0,,,,307769,127.66,0
1332,3056.010,"Mount",0.206,-0.032,0.124,-0.168,0.189,-0.060,108,W,26,N,,,322989,134.32,0
1333,3058.559,"Mount",0.038,-0.286,0.271,0.098,0.270,0.033,155,W,14,S,,,309295,128.20,0
1334,3060.782,"Mount",0.065,-0.150,0.163,0.012,0.219,0.000,125,W,0,,,,330912,123.75,0
1335,3063.146,"Mount",0.037,0.035,-0.015,-0.049,0.144,0.000,82,W,0,,,,301854,125.36,0
1336,3065.356,"Mount",-0.073,-0.036,-0.002,0.082,0.129,0.029,74,W,13,S,,,336235,143.10,0
1337,3067.861,"Mount",0.215,0.133,-0.019,-0.252,0.118,-0.090,68,W,38,N,,,346642,148.63,0
1338,3070.021,"Mount",-0.010,-0.009,0.004,0.013,0.091,0.000,52,W,0,,,,340875,140.60,0
1339,3072.427,"Mount",-0.170,0.005,-0.083,0.148,0.027,0.053,15,W,23,S,,,322362,138.20,0
1340,3074.648,"Mount",-0.181,0.077,-0.152,0.125,-0.035,0.047,20,E,20,S,,,327258,140.07,0
1341,3077.049,"Mount",-0.196,0.038,-0.124,0.156,-0.038,0.058,22,E,25,S,,,311761,127.09,0
1342,3079.231,"Mount",-0.154,0.137,-0.192,0.073,-0.097,0.029,56,E,12,S,,,344370,146.84,0
1343,3081.572,"Mount",-0.027,0.034,-0.042,0.009,-0.022,0.000,13,E,0,,,,305246,126.51,0
1344,3083.746,"Mount",-0.093,-0.054,0.006,0.107,-0.025,0.039,14,E,17,S,,,339318,149.10,0
1345,3086.047,"Mount",-0.079,0.044,-0.075,0.050,-0.064,0.000,36,E,0,,,,312988,126.79,0
1346,3088.177,"Mount",-0.101,0.105,-0.139,0.041,-0.080,0.000,46,E,0,,,,323648,124.08,0
1347,3090.557,"Mount",-0.128,-0.017,-0.044,0.121,-0.015,0.044,9,E,19,S,,,324198,136.03,0
1348,3092.659,"Mount",0.029,-0.050,0.057,-0.003,-0.012,0.000,7,E,0,,,,339493,137.69,0
1349,3094.937,"Mount",0.029,-0.028,0.038,-0.012,-0.004,0.000,2,E,0,,,,305953,127.61,0
1350,3097.051,"Mount",0.006,0.005,-0.002,-0.008,0.004,0.000,2,W,0,,,,324699,145.47,0
1351,3099.502,"Mount",0.032,-0.206,0.198,0.067,0.102,0.024,59,W,10,S,,,350657,166.64,0
1352,3101.690,"Mount",0.000,-0.178,0.158,0.082,0.102,0.030,59,W,13,S,,,354413,149.49,0
1353,3104.063,"Mount",0.078,-0.058,0.088,-0.042,0.092,0.000,53,W,0,,,,324566,140.97,0
1354,3106.278,"Mount",0.208,-0.063,0.152,-0.156,0.142,-0.056,81,W,24,N,,,340553,135.56,0
1355,3108.733,"Mount",-0.001,-0.077,0.068,0.037,0.138,0.000,79,W,0,,,,346551,135.82,0
1356,3111.106,"Mount",0.365,-0.172,0.321,-0.244,0.271,-0.088,155,W,38,N,,,359786,153.72,0
1357,3113.711,"Mount",-0.307,-0.448,0.256,0.480,0.273,0.169,156,W,72,S,,,326846,127.69,0
1358,3115.899,"Mount",0.077,-0.096,0.121,-0.024,0.217,0.000,124,W,0,,,,335097,131.73,0
1359,3118.349,"Mount",0.202,0.081,0.021,-0.217,0.172,-0.078,98,W,33,N,,,328388,146.11,0
1360,3120.566,"Mount",-0.082,-0.013,-0.026,0.079,0.157,0.025,90,W,11,S,,,354192,141.42,0
1361,3123.022,"Mount",-0.016,0.030,-0.034,0.000,0.145,0.000,83,W,0,,,,328544,139.81,0
1362,3125.223,"Mount",0.023,-0.084,0.085,0.018,0.165,0.000,94,W,0,,,,348576,140.42,0
1363,3127.623,"Mount",0.039,-0.089,0.097,0.006,0.166,0.000,95,W,0,,,,341914,133.75,0
1364,3129.861,"Mount",0.131,0.089,-0.019,-0.157,0.096,-0.057,55,W,24,N,,,338181,140.90,0
1365,3132.286,"Mount",-0.055,-0.148,0.106,0.117,0.134,0.040,76,W,17,S,,,344814,137.21,0
1366,3134.475,"Mount",-0.198,-0.063,-0.036,0.205,0.078,0.075,45,W,32,S,,,345634,141.66,0
1367,3136.853,"Mount",0.034,0.007,0.009,-0.034,0.087,0.000,50,W,0,,,,320403,134.45,0
1368,3139.039,"Mount",0.236,0.201,-0.070,-0.302,0.062,-0.109,35,W,47,N,,,330184,122.36,0
1369,3141.373,"Mount",-0.053,0.150,-0.157,-0.022,0.025,0.000,14,W,0,,,,364734,161.50,0
1370,3143.528,"Mount",-0.276,0.030,-0.154,0.231,0.017,0.083,10,W,36,S,,,346325,126.60,0
1371,3145.905,"Mount",-0.015,-0.071,0.056,0.046,0.080,0.000,46,W,0,,,,353480,132.81,0
1372,3147.984,"Mount",-0.068,0.074,-0.097,0.026,0.015,0.000,9,W,0,,,,357443,154.20,0
1373,3150.370,"Mount",-0.129,-0.020,-0.042,0.123,0.047,0.044,27,W,19,S,,,346326,142.87,0
1374,3152.451,"Mount",-0.097,0.091,-0.125,0.044,-0.015,0.000,9,E,0,,,,321792,146.28,0
1375,3154.779,"Mount",-0.010,0.117,-0.108,-0.045,-0.018,0.000,10,E,0,,,,335960,135.67,0
1376,3156.908,"Mount",-0.034,0.005,-0.020,0.028,0.024,0.000,14,W,0,,,,345933,153.33,0
1377,3159.356,"Mount",-0.106,0.023,-0.069,0.083,-0.024,0.030,14,E,13,S,,,338789,131.09,0
1378,3161.551,"Mount",-0.006,0.120,-0.110,-0.050,-0.051,0.000,29,E,0,,,,344294,175.59,0
1379,3163.868,"Mount",-0.059,0.058,-0.079,0.026,-0.038,0.000,22,E,0,,,,319406,141.58,0
1380,3166.109,"Mount",0.109,0.271,-0.190,-0.221,-0.088,-0.080,50,E,34,N,,,310408,137.30,0
1381,3168.465,"Mount",0.004,-0.067,0.061,0.028,0.030,0.000,17,W,0,,,,342091,155.11,0
1382,3170.556,"Mount",-0.175,-0.090,-0.001,0.196,0.000,0.071,0,,30,S,,,335386,144.99,0
1383,3172.942,"Mount",-0.143,0.063,-0.122,0.098,-0.053,0.038,30,E,16,S,,,331136,155.98,0
1384,3175.175,"Mount",-0.096,-0.107,0.051,0.134,-0.005,0.050,3,E,21,S,,,331757,143.95,0
1385,3177.598,"Mount",-0.206,-0.080,-0.023,0.219,-0.006,0.081,3,E,35,S,,,319760,130.83,0
1386,3179.738,"Mount",-0.090,-0.013,-0.030,0.085,-0.013,0.034,8,E,15,S,,,322569,143.35,0
1387,3182.133,"Mount",-0.135,-0.006,-0.057,0.122,-0.019,0.045,11,E,19,S,,,322142,135.04,0
1388,3184.276,"Mount",-0.107,-0.025,-0.027,0.107,-0.019,0.040,11,E,17,S,,,312625,133.86,0
1389,3186.608,"Mount",-0.008,0.039,-0.038,-0.011,-0.021,0.000,12,E,0,,,,323573,137.41,0
1390,3188.868,"Mount",-0.320,0.255,-0.374,0.166,-0.191,0.060,109,E,26,S,,,317436,129.63,0
1391,3191.382,"Mount",-0.245,-0.124,-0.002,0.275,-0.028,0.101,16,E,43,S,,,327029,128.50,0
1392,3193.681,"Mount",-0.178,-0.132,0.035,0.219,-0.040,0.083,23,E,35,S,,,334019,174.76,0
1393,3196.073,"Mount",0.208,-0.033,0.125,-0.169,0.012,-0.057,7,W,25,N,,,328782,131.83,0
1394,3198.219,"Mount",-0.185,-0.149,0.047,0.233,-0.038,0.081,22,E,35,S,,,318488,119.62,0
1395,3200.557,"Mount",0.122,0.057,0.005,-0.135,-0.038,-0.045,22,E,19,N,,,335984,143.14,0
1396,3202.796,"Mount",-0.144,-0.054,-0.019,0.153,-0.039,0.053,22,E,23,S,,,324346,144.14,0
1397,3205.199,"Mount",-0.146,-0.043,-0.029,0.149,-0.045,0.056,26,E,24,S,,,372610,153.28,0
1398,3207.332,"Mount",-0.092,-0.020,-0.024,0.091,-0.042,0.035,24,E,15,S,,,357182,155.55,0
1399,3209.678,"Mount",0.005,-0.028,0.027,0.008,-0.039,0.000,22,E,0,,,,344755,123.47,0
1400,3211.736,"Mount",0.002,-0.076,0.068,0.034,0.007,0.000,4,W,0,,,,352183,157.54,0
1401,3214.106,"Mount",0.127,-0.050,0.102,-0.089,0.041,-0.032,24,W,14,N,,,302780,124.02,0
1402,3216.281,"Mount",0.152,-0.082,0.143,-0.097,0.072,-0.036,41,W,16,N,,,329256,129.27,0
1403,3218.617,"Mount",0.072,-0.044,0.073,-0.043,0.057,0.000,33,W,0,,,,336321,126.70,0
1404,3220.737,"Mount",0.070,-0.040,0.068,-0.043,0.068,0.000,39,W,0,,,,327953,140.24,0
1405,3223.155,"Mount",0.107,-0.084,0.124,-0.056,0.104,0.000,59,W,0,,,,314010,130.24,0
1406,3225.254,"Mount",0.031,-0.044,0.053,-0.007,0.051,0.000,29,W,0,,,,340880,152.14,0
1407,3227.730,"Mount",-0.274,0.101,-0.216,0.196,-0.041,0.071,24,E,30,S,,,332637,128.42,0
1408,3229.827,"Mount",-0.060,0.033,-0.057,0.037,0.047,0.000,27,W,0,,,,320065,130.72,0
1409,3232.205,"Mount",0.063,0.081,-0.043,-0.093,0.034,-0.034,19,W,14,N,,,315862,126.60,0
1410,3234.358,"Mount",-0.030,0.120,-0.121,-0.028,-0.035,0.000,20,E,0,,,,337866,132.20,0
1411,3236.726,"Mount",0.023,0.100,-0.078,-0.067,-0.028,-0.024,16,E,10,N,,,314776,124.67,0
1412,3238.889,"Mount",0.188,0.192,-0.084,-0.256,-0.042,-0.093,24,E,40,N,,,325946,130.20,0
1413,3241.319,"Mount",-0.145,0.047,-0.109,0.107,-0.079,0.035,45,E,15,S,,,342059,136.41,0
1414,3243.503,"Mount",-0.097,0.051,-0.090,0.063,-0.088,0.024,50,E,10,S,,,313907,128.21,0
1415,3245.904,"Mount",-0.081,0.157,-0.177,-0.001,-0.146,0.000,83,E,0,,,,320758,125.24,0
1416,3248.077,"Mount",-0.078,-0.025,-0.013,0.081,-0.078,0.029,45,E,12,S,,,330486,147.60,0
1417,3250.498,"Mount",-0.028,0.097,-0.099,-0.020,-0.138,0.000,79,E,0,,,,326782,149.92,0
1418,3252.790,"Mount",-0.051,-0.043,0.014,0.065,-0.099,0.023,57,E,10,S,,,333451,125.57,0
1419,3255.180,"Mount",-0.008,0.032,-0.032,-0.008,-0.114,0.000,65,E,0,,,,299622,122.44,0
1420,3257.402,"Mount",-0.014,0.011,-0.016,0.007,-0.118,0.000,68,E,0,,,,330283,128.33,0
1421,3259.810,"Mount",-0.002,0.026,-0.024,-0.011,-0.116,0.000,67,E,0,,,,303281,118.60,0
1422,3262.005,"Mount",-0.071,0.008,-0.040,0.060,-0.110,0.000,63,E,0,,,,305362,124.54,0
1423,3264.347,"Mount",-0.025,-0.052,0.034,0.046,-0.116,0.000,66,E,0,,,,307398,130.06,0
1424,3266.589,"Mount",-0.174,0.112,-0.179,0.103,-0.195,0.037,111,E,16,S,,,323729,131.12,0
1425,3269.067,"Mount",0.023,0.110,-0.087,-0.071,-0.159,-0.024,91,E,10,N,,,311221,150.97,0
1426,3271.270,"Mount",0.261,0.064,0.063,-0.261,-0.086,-0.095,49,E,41,N,,,329334,126.79,0
1427,3273.738,"Mount",-0.134,-0.048,-0.019,0.141,-0.114,0.047,65,E,20,S,,,312937,127.26,0
1428,3275.998,"Mount",-0.167,-0.136,0.044,0.211,-0.093,0.078,53,E,33,S,,,308847,121.21,0
1429,3278.507,"Mount",-0.003,-0.138,0.121,0.066,-0.019,0.027,11,E,11,S,,,286739,135.40,0
1430,3280.788,"Mount",-0.107,0.124,-0.159,0.038,-0.129,0.000,74,E,0,,,,312510,131.67,0
1431,3283.161,"Mount",0.056,0.068,-0.034,-0.081,-0.043,-0.029,25,E,12,N,,,289422,136.42,0
1432,3285.238,"Mount",0.009,-0.106,0.098,0.041,0.011,0.000,7,W,0,,,,297515,130.73,0
1433,3287.534,"Mount",-0.032,-0.033,0.015,0.044,-0.038,0.000,22,E,0,,,,304755,143.76,0
1434,3289.654,"Mount",-0.024,-0.037,0.022,0.038,-0.042,0.000,24,E,0,,,,320265,126.15,0
1435,3291.975,"Mount",-0.011,-0.062,0.050,0.038,-0.052,0.000,30,E,0,,,,288779,119.70,0
1436,3294.179,"Mount",-0.127,-0.048,-0.016,0.135,-0.056,0.048,32,E,21,S,,,293901,130.99,0
1437,3296.541,"Mount",-0.104,0.112,-0.148,0.041,-0.141,0.000,81,E,0,,,,289515,120.78,0
1438,3298.666,"Mount",-0.023,0.064,-0.067,-0.010,-0.120,0.000,69,E,0,,,,280123,113.08,0
1439,3301.160,"Mount",0.050,0.247,-0.196,-0.158,-0.201,-0.057,115,E,24,N,,,277731,116.56,0
1440,3303.408,"Mount",-0.117,0.318,-0.336,-0.043,-0.292,0.000,167,E,0,,,,290496,136.89,0
1441,3305.849,"Mount",-0.020,0.043,-0.047,-0.002,-0.162,0.000,92,E,0,,,,293841,124.13,0
1442,3308.146,"Mount",0.143,0.170,-0.085,-0.206,-0.214,-0.074,123,E,32,N,,,277588,127.65,0
1443,3310.586,"Mount",0.011,0.069,-0.056,-0.042,-0.208,0.000,119,E,0,,,,266022,116.61,0
1444,3312.741,"Mount",-0.043,-0.032,0.009,0.053,-0.204,0.000,116,E,0,,,,280486,135.54,0
1445,3315.189,"Mount",-0.054,0.005,-0.029,0.046,-0.220,0.000,126,E,0,,,,311004,129.21,0
1446,3317.489,"Mount",-0.226,0.028,-0.129,0.187,-0.271,0.067,155,E,29,S,,,298395,146.58,0
1447,3319.982,"Mount",-0.190,0.024,-0.109,0.157,-0.259,0.059,148,E,25,S,,,273488,135.19,0
1448,3322.203,"Mount",-0.034,0.105,-0.108,-0.018,-0.251,0.000,144,E,0,,,,278952,118.31,0
1449,3324.716,"Mount",0.072,0.077,-0.035,-0.099,-0.191,-0.036,109,E,15,N,,,273139,118.76,0
1450,3326.902,"Mount",-0.065,0.045,-0.069,0.037,-0.208,0.000,119,E,0,,,,275067,120.85,0
1451,3329.421,"Mount",0.145,0.146,-0.063,-0.196,-0.210,-0.071,120,E,30,N,,,289888,131.97,0
1452,3331.559,"Mount",0.030,-0.093,0.097,0.016,-0.128,0.000,73,E,0,,,,304178,134.95,0
1453,3333.950,"Mount",0.079,-0.051,0.082,-0.047,-0.143,0.000,82,E,0,,,,305323,145.76,0
1454,3336.123,"Mount",0.025,-0.125,0.122,0.035,-0.111,0.000,64,E,0,,,,298860,118.98,0
1455,3338.553,"Mount",-0.089,0.066,-0.100,0.049,-0.210,0.000,120,E,0,,,,301617,148.85,0
1456,3340.844,"Mount",-0.208,-0.153,0.039,0.255,-0.151,0.092,86,E,39,S,,,285631,127.89,0
1457,3343.238,"Mount",0.025,-0.074,0.077,0.012,-0.120,0.000,69,E,0,,,,292388,136.57,0
1458,3345.379,"Mount",-0.020,-0.027,0.015,0.030,-0.141,0.000,81,E,0,,,,282854,132.25,0
1459,3347.847,"Mount",0.113,-0.025,0.074,-0.089,-0.106,-0.032,61,E,14,N,,,300651,132.31,0
1460,3350.016,"Mount",0.003,-0.044,0.040,0.018,-0.124,0.000,71,E,0,,,,296544,150.05,0
1461,3352.449,"Mount",0.018,0.009,0.000,-0.020,-0.117,0.000,67,E,0,,,,275879,132.04,0
1462,3354.616,"Mount",-0.014,-0.046,0.035,0.033,-0.099,0.000,56,E,0,,,,285927,145.81,0
1463,3357.042,"Mount",-0.096,-0.180,0.115,0.168,-0.041,0.061,24,E,26,S,,,302466,143.66,0
1464,3359.161,"Mount",0.045,0.015,0.007,-0.047,-0.073,0.000,42,E,0,,,,293295,122.65,0
1465,3361.579,"Mount",0.056,0.007,0.020,-0.053,-0.062,0.000,35,E,0,,,,317033,127.15,0
1466,3363.674,"Mount",-0.033,0.006,-0.020,0.027,-0.054,0.000,31,E,0,,,,300718,122.17,0
1467,3366.188,"Mount",0.020,0.135,-0.111,-0.080,-0.096,-0.029,55,E,12,N,,,306740,144.48,0
1468,3368.387,"Mount",0.180,0.093,0.000,-0.202,-0.047,-0.074,27,E,32,N,,,298137,110.88,0
1469,3370.770,"Mount",0.110,-0.058,0.102,-0.071,0.002,-0.029,1,W,12,N,,,290392,125.58,0
1470,3372.967,"Mount",-0.198,0.006,-0.097,0.173,-0.087,0.061,49,E,26,S,,,309318,140.04,0
1471,3375.380,"Mount",-0.098,0.027,-0.069,0.074,-0.075,0.029,43,E,13,S,,,270085,124.25,0
1472,3377.590,"Mount",-0.081,-0.042,-0.000,0.091,-0.040,0.034,23,E,15,S,,,279980,125.82,0
1473,3380.028,"Mount",-0.113,-0.079,0.018,0.137,-0.022,0.051,12,E,22,S,,,312363,128.51,0
1474,3382.100,"Mount",0.020,-0.020,0.027,-0.009,-0.008,0.000,4,E,0,,,,281123,123.42,0
1475,3384.396,"Mount",0.035,-0.096,0.102,0.014,0.072,0.000,41,W,0,,,,318602,129.24,0
1476,3386.513,"Mount",0.035,-0.054,0.064,-0.006,0.071,0.000,41,W,0,,,,322338,173.91,0
1477,3388.963,"Mount",-0.002,-0.162,0.143,0.076,0.128,0.027,73,W,12,S,,,322813,134.52,0
1478,3391.186,"Mount",-0.064,-0.038,0.004,0.074,0.081,0.028,47,W,12,S,,,292014,123.08,0
1479,3393.707,"Mount",0.160,-0.138,0.196,-0.079,0.185,-0.027,106,W,12,N,,,283009,126.58,0
1480,3395.835,"Mount",0.085,-0.039,0.073,-0.058,0.147,0.000,84,W,0,,,,286141,131.53,0
1481,3398.206,"Mount",0.039,-0.056,0.067,-0.009,0.154,0.000,88,W,0,,,,319005,173.43,0
1482,3400.420,"Mount",0.040,-0.083,0.092,0.003,0.175,0.000,100,W,0,,,,325043,147.17,0
1483,3402.842,"Mount",0.075,-0.076,0.102,-0.031,0.194,0.000,111,W,0,,,,332951,136.45,0
1484,3404.966,"Mount",-0.049,-0.015,-0.010,0.051,0.147,0.000,84,W,0,,,,316977,130.87,0
1485,3407.491,"Mount",0.085,-0.016,0.053,-0.068,0.156,-0.024,89,W,10,N,,,320839,133.37,0
1486,3409.739,"Mount",-0.068,-0.010,-0.022,0.065,0.141,0.022,81,W,10,S,,,286254,125.99,0
1487,3412.172,"Mount",-0.107,-0.023,-0.029,0.106,0.132,0.039,76,W,17,S,,,303351,134.37,0
1488,3414.378,"Mount",-0.128,0.028,-0.084,0.100,0.070,0.038,40,W,16,S,,,284306,115.01,0
1489,3416.747,"Mount",-0.030,-0.028,0.011,0.040,0.084,0.000,48,W,0,,,,302217,135.41,0
1490,3418.948,"Mount",0.170,-0.023,0.099,-0.141,0.100,-0.051,57,W,22,N,,,312837,124.60,0
1491,3421.437,"Mount",-0.070,-0.016,-0.018,0.069,0.031,0.023,18,W,10,S,,,319106,137.98,0
1492,3423.576,"Mount",0.030,-0.040,0.050,-0.008,0.023,0.000,13,W,0,,,,310163,132.96,0
1493,3425.951,"Mount",0.066,0.015,0.017,-0.065,0.015,-0.023,9,W,10,N,,,306738,126.14,0
1494,3428.062,"Mount",0.006,0.090,-0.077,-0.047,-0.027,0.000,16,E,0,,,,332050,136.44,0
1495,3430.391,"Mount",0.199,0.119,-0.014,-0.231,0.001,-0.083,0,,36,N,,,301913,129.87,0
1496,3432.565,"Mount",-0.185,-0.001,-0.084,0.165,-0.047,0.056,27,E,24,S,,,298382,128.81,0
1497,3434.969,"Mount",-0.014,0.197,-0.182,-0.078,-0.096,-0.026,55,E,11,N,,,288149,123.23,0
1498,3437.016,"Mount",-0.022,-0.069,0.051,0.051,-0.015,0.000,8,E,0,,,,274820,120.08,0
1499,3439.316,"Mount",0.025,-0.049,0.055,0.000,-0.021,0.000,12,E,0,,,,320251,142.50,0
1500,3441.468,"Mount",-0.114,-0.081,0.019,0.138,-0.015,0.050,9,E,21,S,,,292771,132.41,0
1501,3443.783,"Mount",0.007,0.020,-0.015,-0.016,-0.010,0.000,6,E,0,,,,297112,124.64,0
1502,3445.946,"Mount",-0.108,-0.101,0.040,0.142,0.003,0.051,2,W,22,S,,,306824,132.61,0
1503,3448.254,"Mount",-0.014,-0.035,0.024,0.029,0.022,0.000,13,W,0,,,,300544,118.22,0
1504,3450.388,"Mount",0.121,-0.117,0.159,-0.053,0.116,0.000,66,W,0,,,,320443,150.35,0
1505,3452.762,"Mount",0.026,-0.048,0.054,-0.001,0.072,0.000,41,W,0,,,,307878,111.17,0
1506,3454.964,"Mount",0.007,-0.044,0.043,0.014,0.096,0.000,55,W,0,,,,292522,123.94,0
1507,3457.426,"Mount",0.153,-0.052,0.116,-0.112,0.178,-0.040,102,W,17,N,,,290219,115.99,0
1508,3459.582,"Mount",0.049,-0.046,0.064,-0.022,0.170,0.000,97,W,0,,,,285619,131.87,0
1509,3462.028,"Mount",0.086,-0.058,0.091,-0.049,0.195,0.000,112,W,0,,,,308934,139.59,0
1510,3464.229,"Mount",-0.087,-0.112,0.060,0.129,0.153,0.046,87,W,20,S,,,319522,143.16,0
1511,3466.609,"Mount",-0.054,-0.017,-0.010,0.056,0.154,0.000,88,W,0,,,,314421,133.72,0
1512,3468.825,"Mount",-0.030,-0.210,0.173,0.124,0.206,0.045,118,W,19,S,,,314966,125.18,0
1513,3471.297,"Mount",-0.099,-0.031,-0.018,0.103,0.124,0.039,71,W,17,S,,,319294,138.74,0
1514,3473.583,"Mount",-0.084,-0.225,0.160,0.179,0.185,0.066,106,W,28,S,,,324361,162.07,0
1515,3476.015,"Mount",-0.003,-0.003,0.002,0.004,0.112,0.000,64,W,0,,,,318817,146.97,0
1516,3478.162,"Mount",0.044,-0.059,0.073,-0.011,0.135,0.000,77,W,0,,,,318161,128.79,0
1517,3480.536,"Mount",-0.032,-0.013,-0.003,0.034,0.099,0.000,57,W,0,,,,313515,132.39,0
1518,3482.771,"Mount",-0.194,-0.205,0.093,0.266,0.142,0.096,81,W,41,S,,,297153,132.52,0
1519,3485.242,"Mount",-0.162,-0.110,0.023,0.195,0.114,0.074,65,W,32,S,,,288243,118.15,0
1520,3487.481,"Mount",-0.056,-0.027,-0.002,0.062,0.112,0.025,64,W,11,S,,,314441,141.03,0
1521,3489.979,"Mount",-0.279,0.031,-0.156,0.233,0.033,0.085,19,W,36,S,,,284125,133.01,0
1522,3492.123,"Mount",0.047,0.038,-0.012,-0.059,0.090,0.000,51,W,0,,,,300779,134.08,0
1523,3494.514,"Mount",-0.291,0.024,-0.155,0.247,-0.013,0.089,7,E,38,S,,,291954,126.79,0
1524,3496.660,"Mount",-0.161,0.073,-0.139,0.109,-0.024,0.043,14,E,18,S,,,318664,128.00,0
1525,3498.966,"Mount",0.049,0.023,0.002,-0.055,0.023,0.000,13,W,0,,,,318168,142.04,0
1526,3501.109,"Mount",-0.113,-0.082,0.021,0.138,0.010,0.050,6,W,21,S,,,295166,131.75,0
1527,3503.448,"Mount",-0.024,-0.083,0.062,0.060,0.037,0.000,21,W,0,,,,301143,149.69,0
1528,3505.580,"Mount",0.139,-0.031,0.092,-0.108,0.045,-0.039,26,W,17,N,,,292426,124.97,0
1529,3507.936,"Mount",-0.022,-0.040,0.026,0.038,0.009,0.000,5,W,0,,,,296477,128.64,0
1530,3510.092,"Mount",-0.103,-0.083,0.026,0.130,0.007,0.047,4,W,20,S,,,297546,130.16,0
1531,3512.537,"Mount",0.207,0.187,-0.071,-0.270,-0.025,-0.095,14,E,41,N,,,304220,148.09,0
1532,3514.783,"Mount",-0.077,-0.066,0.023,0.099,0.010,0.032,6,W,14,S,,,291952,129.79,0
1533,3517.214,"Mount",-0.050,-0.111,0.075,0.095,0.048,0.036,28,W,15,S,,,307356,118.87,0
1534,3519.365,"Mount",0.147,0.151,-0.067,-0.200,-0.024,-0.071,14,E,30,N,,,284909,117.25,0
1535,3521.792,"Mount",-0.215,-0.014,-0.086,0.198,-0.044,0.068,25,E,29,S,,,286129,145.45,0
1536,3523.839,"Mount",0.068,-0.038,0.065,-0.043,0.013,0.000,8,W,0,,,,298399,127.47,0
1537,3526.139,"Mount",-0.009,-0.001,-0.003,0.008,-0.018,0.000,10,E,0,,,,278324,129.27,0
1538,3528.237,"Mount",-0.051,0.048,-0.066,0.023,-0.047,0.000,27,E,0,,,,277045,129.83,0
1539,3530.594,"Mount",-0.032,-0.016,-0.001,0.036,-0.020,0.000,12,E,0,,,,305232,131.67,0
1540,3532.761,"Mount",-0.098,0.007,-0.051,0.083,-0.022,0.030,13,E,13,S,,,301870,127.84,0
1541,3535.177,"Mount",-0.026,0.093,-0.095,-0.020,-0.067,0.000,38,E,0,,,,263294,111.27,0
1542,3537.366,"Mount",0.024,0.092,-0.070,-0.064,-0.059,-0.023,34,E,10,N,,,263613,144.04,0
1543,3539.726,"Mount",-0.103,-0.049,-0.004,0.115,-0.033,0.040,19,E,17,S,,,266614,113.62,0
1544,3541.891,"Mount",-0.054,-0.131,0.092,0.108,0.003,0.041,2,W,17,S,,,268595,122.47,0
1545,3544.233,"Mount",0.086,0.019,0.022,-0.085,-0.044,-0.029,25,E,12,N,,,266572,121.47,0
1546,3546.482,"Mount",0.537,0.272,0.005,-0.602,-0.038,-0.218,22,E,93,N,,,270580,119.19,0
1547,3548.935,"Mount",-0.484,-0.357,0.094,0.595,0.004,0.205,2,W,88,S,,,296685,134.20,0
1548,3551.060,"Mount",-0.044,-0.100,0.068,0.085,-0.012,0.039,7,E,17,S,,,319189,137.75,0
1549,3553.498,"Mount",-0.001,-0.030,0.026,0.015,-0.045,0.000,26,E,0,,,,296480,127.18,0
1550,3555.625,"Mount",-0.119,-0.007,-0.048,0.109,-0.040,0.039,23,E,17,S,,,272318,129.84,0
1551,3558.050,"Mount",-0.084,-0.009,-0.030,0.079,-0.031,0.030,17,E,13,S,,,273682,120.04,0
1552,3560.155,"Mount",-0.105,0.079,-0.118,0.057,-0.065,0.000,37,E,0,,,,273003,118.21,0
1553,3562.567,"Mount",0.211,0.171,-0.054,-0.266,0.001,-0.096,1,W,41,N,,,280324,131.34,0
1554,3564.754,"Mount",-0.035,-0.295,0.246,0.167,0.120,0.056,69,W,24,S,,,278454,122.84,0
1555,3567.097,"Mount",0.008,-0.118,0.109,0.047,0.076,0.000,43,W,0,,,,291367,136.44,0
1556,3569.225,"Mount",-0.078,-0.041,0.001,0.088,0.043,0.032,25,W,14,S,,,261943,117.78,0
1557,3571.665,"Mount",0.108,-0.096,0.135,-0.051,0.109,0.000,62,W,0,,,,275117,123.62,0
1558,3573.837,"Mount",-0.014,0.005,-0.011,0.010,0.048,0.000,27,W,0,,,,268887,130.56,0
1559,3576.253,"Mount",-0.133,-0.202,0.118,0.212,0.102,0.076,58,W,33,S,,,252911,118.48,0
1560,3578.339,"Mount",-0.033,-0.055,0.034,0.054,0.034,0.000,20,W,0,,,,266422,123.83,0
1561,3580.817,"Mount",-0.048,-0.090,0.058,0.084,0.020,0.030,11,W,13,S,,,276093,120.63,0
1562,3583.006,"Mount",-0.153,-0.037,-0.037,0.152,0.015,0.056,9,W,24,S,,,285657,139.49,0
1563,3585.388,"Mount",-0.123,-0.001,-0.056,0.109,0.006,0.042,4,W,18,S,,,269909,131.76,0
1564,3587.575,"Mount",-0.018,0.012,-0.019,0.011,-0.016,0.000,9,E,0,,,,262302,120.65,0
1565,3589.961,"Mount",-0.005,0.087,-0.079,-0.036,-0.074,0.000,42,E,0,,,,255134,113.72,0
1566,3592.091,"Mount",-0.050,0.026,-0.046,0.033,-0.053,0.000,30,E,0,,,,255107,126.67,0
1567,3594.389,"Mount",0.010,0.054,-0.043,-0.033,-0.070,0.000,40,E,0,,,,240989,119.58,0
1568,3596.619,"Mount",-0.144,0.107,-0.161,0.078,-0.150,0.028,86,E,12,S,,,253161,125.95,0
1569,3599.093,"Mount",0.021,0.116,-0.093,-0.072,-0.134,-0.025,77,E,11,N,,,280751,132.09,0
1570,3601.251,"Mount",-0.066,0.120,-0.137,0.003,-0.159,0.000,91,E,0,,,,268363,118.51,0
1571,3603.774,"Mount",-0.132,-0.034,-0.031,0.133,-0.109,0.048,62,E,20,S,,,262051,122.35,0
1572,3605.967,"Mount",-0.098,0.200,-0.222,-0.005,-0.214,0.000,122,E,0,,,,266734,143.08,0
1573,3608.326,"Mount",-0.097,0.103,-0.136,0.038,-0.179,0.000,102,E,0,,,,244695,115.20,0
1574,3610.530,"Mount",0.019,0.036,-0.023,-0.034,-0.115,0.000,66,E,0,,,,272306,136.73,0
1575,3612.962,"Mount",-0.077,-0.046,0.005,0.090,-0.133,0.032,76,E,14,S,,,258028,117.24,0
1576,3615.130,"Mount",-0.005,-0.056,0.047,0.031,-0.136,0.000,78,E,0,,,,271217,118.03,0
1577,3617.518,"Mount",-0.069,0.090,-0.112,0.020,-0.192,0.000,110,E,0,,,,259050,130.27,0
1578,3619.669,"Mount",0.043,-0.085,0.095,0.001,-0.087,0.000,50,E,0,,,,266733,120.98,0
1579,3622.031,"Mount",0.026,-0.063,0.068,0.006,-0.078,0.000,45,E,0,,,,293222,146.81,0
1580,3624.195,"Mount",0.109,-0.073,0.115,-0.063,-0.022,-0.023,13,E,10,N,,,254486,112.18,0
1581,3626.486,"Mount",0.125,-0.137,0.179,-0.047,0.022,0.000,12,W,0,,,,243643,113.30,0
1582,3628.606,"Mount",-0.015,-0.084,0.068,0.052,-0.007,0.000,4,E,0,,,,276769,119.32,0
1583,3631.008,"Mount",0.140,-0.075,0.131,-0.090,0.030,-0.032,17,W,14,N,,,292240,134.99,0
1584,3633.219,"Mount",-0.012,-0.186,0.160,0.096,0.047,0.033,27,W,14,S,,,281270,129.55,0
1585,3635.559,"Mount",0.068,-0.070,0.093,-0.028,0.011,0.000,6,W,0,,,,266169,121.67,0
1586,3637.692,"Mount",-0.018,0.021,-0.027,0.006,-0.039,0.000,22,E,0,,,,277358,118.10,0
1587,3640.111,"Mount",-0.069,-0.050,0.013,0.084,-0.055,0.030,31,E,13,S,,,263818,118.08,0
1588,3642.213,"Mount",0.074,-0.045,0.074,-0.045,-0.037,0.000,21,E,0,,,,263587,113.69,0
1589,3644.662,"Mount",-0.134,0.032,-0.090,0.104,-0.135,0.037,77,E,16,S,,,265499,122.30,0
1590,3647.038,"Mount",0.028,0.159,-0.128,-0.098,-0.168,-0.034,96,E,14,N,,,271297,123.28,0
1591,3649.574,"Mount",0.005,0.279,-0.245,-0.133,-0.247,-0.049,141,E,21,N,,,275935,137.46,0
1592,3651.817,"Mount",-0.032,0.173,-0.168,-0.051,-0.228,0.000,130,E,0,,,,261926,114.64,0
1593,3654.186,"Mount",0.031,0.000,0.014,-0.028,-0.171,0.000,98,E,0,,,,285030,138.41,0
1594,3656.466,"Mount",-0.063,-0.079,0.041,0.092,-0.179,0.033,102,E,14,S,,,263901,120.63,0
1595,3658.906,"Mount",-0.040,-0.020,-0.001,0.045,-0.186,0.000,106,E,0,,,,294088,141.46,0
1596,3661.144,"Mount",-0.077,0.065,-0.093,0.039,-0.237,0.000,136,E,0,,,,282704,130.71,0
1597,3663.616,"Mount",-0.053,0.147,-0.155,-0.021,-0.277,0.000,158,E,0,,,,281575,114.49,0
1598,3665.822,"Mount",-0.019,0.028,-0.033,0.004,-0.198,0.000,113,E,0,,,,279823,136.18,0
1599,3668.269,"Mount",-0.126,0.132,-0.176,0.051,-0.287,0.000,164,E,0,,,,266605,124.03,0
1600,3670.567,"Mount",-0.219,0.049,-0.144,0.172,-0.264,0.062,151,E,26,S,,,277694,135.93,0
1601,3673.113,"Mount",0.096,0.103,-0.047,-0.133,-0.212,-0.045,121,E,19,N,,,243602,123.35,0
1602,3675.362,"Mount",-0.079,0.060,-0.089,0.042,-0.243,0.000,139,E,0,,,,259836,126.82,0
1603,3677.849,"Mount",-0.052,0.000,-0.024,0.046,-0.204,0.000,116,E,0,,,,278005,125.80,0
1604,3680.028,"Mount",0.057,-0.139,0.150,0.014,-0.129,0.000,74,E,0,,,,258022,125.14,0
1605,3682.501,"Mount",-0.150,-0.109,0.028,0.184,-0.196,0.066,112,E,28,S,,,236831,118.35,0
1606,3684.819,"Mount",-0.129,-0.115,0.043,0.168,-0.162,0.063,92,E,27,S,,,271735,114.78,0
1607,3689.329,"Mount",0.022,-0.071,0.073,0.013,-0.151,0.000,87,E,0,,,,314966,139.60,0
1608,3691.831,"Mount",-0.319,-0.200,0.030,0.376,-0.125,0.135,71,E,58,S,,,278935,122.65,0
INFO: SET LOCK POSITION, new lock pos = 599.378, 570.412
INFO: DITHER by -13.892, -4.609, new lock pos = 597.072, 584.866
INFO: SETTLING STATE CHANGE, Settling started
1609,3703.859,"Mount",2.306,-14.454,13.892,4.609,13.892,4.609,7942,W,1971,S,,,274455,128.41,0
1610,3706.384,"Mount",0.417,-0.840,0.938,0.018,0.422,0.000,241,W,0,,,,269262,116.23,0
1611,3708.671,"Mount",0.344,-0.595,0.687,-0.031,0.309,0.000,177,W,0,,,,256992,129.92,0
1612,3711.149,"Mount",0.289,-0.083,0.206,-0.218,0.093,-0.079,53,W,34,N,,,265750,122.67,0
1613,3713.297,"Mount",0.091,-0.153,0.178,-0.011,0.080,0.000,46,W,0,,,,249884,121.37,0
1614,3715.660,"Mount",0.079,-0.024,0.058,-0.059,0.026,0.000,15,W,0,,,,254648,120.93,0
1615,3717.794,"Mount",0.146,-0.292,0.326,0.005,0.147,0.000,84,W,0,,,,255961,111.18,0
1616,3720.145,"Mount",-0.123,0.041,-0.093,0.091,-0.042,0.033,24,E,14,S,,,254110,116.74,0
1617,3722.270,"Mount",0.066,0.039,-0.004,-0.077,-0.002,-0.026,1,E,11,N,,,239726,131.79,0
1618,3724.679,"Mount",-0.147,-0.018,-0.052,0.139,-0.023,0.049,13,E,21,S,,,271423,139.91,0
1619,3726.771,"Mount",-0.054,-0.015,-0.012,0.055,-0.005,0.000,3,E,0,,,,250323,122.20,0
1620,3729.186,"Mount",0.235,-0.047,0.150,-0.187,0.032,-0.067,18,W,29,N,,,247188,113.18,0
1621,3731.340,"Mount",0.071,-0.097,0.119,-0.019,0.042,0.000,24,W,0,,,,263781,129.25,0
INFO: SETTLING STATE CHANGE, Settling complete
1622,3733.730,"Mount",-0.012,-0.138,0.117,0.075,0.064,0.027,37,W,11,S,,,278391,154.45,0
1623,3735.986,"Mount",0.180,-0.197,0.258,-0.069,0.142,-0.024,81,W,10,N,,,271170,137.08,0
1624,3738.464,"Mount",-0.001,-0.387,0.343,0.180,0.203,0.064,116,W,27,S,,,254750,117.04,0
1625,3740.923,"Mount",0.047,-0.276,0.267,0.086,0.189,0.034,108,W,14,S,,,279944,133.26,0
1626,3743.324,"Mount",0.130,-0.190,0.228,-0.027,0.190,0.000,109,W,0,,,,280637,145.67,0
1627,3745.446,"Mount",0.016,-0.004,0.011,-0.012,0.086,0.000,49,W,0,,,,280831,139.13,0
1628,3747.874,"Mount",0.127,0.012,0.048,-0.118,0.112,-0.042,64,W,18,N,,,248574,112.20,0
1629,3750.074,"Mount",0.108,-0.100,0.139,-0.049,0.181,0.000,103,W,0,,,,278341,132.85,0
1630,3752.491,"Mount",-0.015,-0.067,0.053,0.044,0.138,0.000,79,W,0,,,,290446,125.56,0
1631,3754.739,"Mount",-0.073,-0.048,0.009,0.087,0.152,0.031,87,W,13,S,,,253840,121.99,0
1632,3757.114,"Mount",-0.030,0.012,-0.024,0.021,0.153,0.000,88,W,0,,,,247912,118.81,0
1633,3759.272,"Mount",-0.033,0.071,-0.078,-0.003,0.114,0.000,65,W,0,,,,250682,152.79,0
1634,3761.686,"Mount",-0.025,-0.007,-0.005,0.026,0.152,0.000,87,W,0,,,,270402,123.47,0
1635,3763.921,"Mount",-0.012,0.101,-0.095,-0.036,0.090,0.000,51,W,0,,,,242314,118.21,0
1636,3766.278,"Mount",-0.018,0.111,-0.107,-0.035,0.075,0.000,43,W,0,,,,248943,121.84,0
1637,3768.415,"Mount",0.058,0.267,-0.211,-0.175,-0.003,-0.063,2,E,27,N,,,228968,101.49,0
1638,3770.753,"Mount",-0.080,0.221,-0.233,-0.031,-0.043,0.000,24,E,0,,,,234538,108.22,0
1639,3772.972,"Mount",0.129,0.283,-0.192,-0.246,-0.045,-0.088,26,E,38,N,,,269340,124.40,0
1640,3775.394,"Mount",-0.289,0.116,-0.236,0.203,-0.081,0.069,46,E,30,S,,,279337,132.72,0
1641,3777.490,"Mount",-0.081,0.110,-0.135,0.021,-0.055,0.000,31,E,0,,,,247668,121.61,0
1642,3779.936,"Mount",-0.128,0.061,-0.113,0.085,-0.055,0.031,32,E,13,S,,,251755,112.34,0
1643,3782.050,"Mount",-0.081,0.113,-0.138,0.019,-0.076,0.000,44,E,0,,,,264096,125.09,0
1644,3784.393,"Mount",-0.056,0.064,-0.083,0.020,-0.064,0.000,36,E,0,,,,247675,111.75,0
1645,3786.475,"Mount",0.029,-0.011,0.023,-0.020,-0.031,0.000,18,E,0,,,,249424,124.79,0
1646,3788.815,"Mount",0.039,-0.010,0.027,-0.030,-0.026,0.000,15,E,0,,,,255501,127.07,0
1647,3790.982,"Mount",-0.111,-0.053,-0.004,0.123,-0.020,0.044,11,E,19,S,,,253455,129.19,0
1648,3793.313,"Mount",-0.026,-0.013,-0.000,0.029,-0.018,0.000,10,E,0,,,,258596,130.98,0
1649,3795.396,"Mount",-0.009,-0.084,0.070,0.047,0.021,0.000,12,W,0,,,,233528,110.18,0
1650,3797.843,"Mount",0.090,-0.011,0.051,-0.075,0.013,-0.027,8,W,12,N,,,240570,140.12,0
1651,3799.992,"Mount",-0.055,-0.034,0.005,0.065,0.028,0.022,16,W,9,S,,,253222,122.32,0
1652,3802.425,"Mount",-0.053,-0.124,0.086,0.104,0.092,0.038,53,W,16,S,,,231866,118.16,0
1653,3804.550,"Mount",0.118,-0.113,0.155,-0.052,0.153,0.000,88,W,0,,,,250241,128.47,0
1654,3806.981,"Mount",0.170,-0.176,0.234,-0.070,0.208,-0.025,119,W,11,N,,,225610,110.81,0
1655,3809.170,"Mount",0.114,-0.186,0.217,-0.015,0.216,0.000,124,W,0,,,,240016,134.36,0
1656,3811.745,"Mount",0.131,-0.112,0.160,-0.065,0.221,-0.023,127,W,10,N,,,248458,123.06,0
1657,3813.918,"Mount",0.041,-0.080,0.090,0.001,0.198,0.000,113,W,0,,,,230746,124.47,0
1658,3816.420,"Mount",-0.100,-0.218,0.147,0.190,0.241,0.068,138,W,29,S,,,229086,109.74,0
1659,3818.576,"Mount",-0.016,-0.008,-0.001,0.018,0.158,0.000,91,W,0,,,,227083,124.28,0
1660,3820.979,"Mount",-0.022,-0.004,-0.007,0.021,0.154,0.000,88,W,0,,,,228189,109.27,0
1661,3823.167,"Mount",0.034,0.089,-0.063,-0.071,0.109,-0.026,62,W,11,N,,,229644,114.84,0
1662,3825.704,"Mount",0.073,0.086,-0.043,-0.104,0.135,-0.039,77,W,17,N,,,235022,121.62,0
1663,3827.836,"Mount",-0.077,0.080,-0.106,0.031,0.065,0.000,37,W,0,,,,249532,111.71,0
1664,3830.311,"Mount",0.096,0.064,-0.013,-0.114,0.111,-0.041,64,W,18,N,,,244655,120.63,0
1665,3832.489,"Mount",-0.010,0.009,-0.013,0.005,0.105,0.000,60,W,0,,,,250913,112.17,0
1666,3834.896,"Mount",-0.094,-0.001,-0.043,0.083,0.106,0.030,61,W,13,S,,,264516,126.55,0
1667,3837.093,"Mount",-0.095,0.003,-0.047,0.083,0.097,0.031,55,W,13,S,,,247264,105.10,0
1668,3839.487,"Mount",-0.209,0.005,-0.100,0.183,0.049,0.067,28,W,29,S,,,256439,121.37,0
1669,3841.608,"Mount",0.046,0.128,-0.093,-0.100,0.041,-0.033,24,W,14,N,,,253409,137.13,0
1670,3844.029,"Mount",-0.251,0.088,-0.194,0.182,-0.025,0.064,14,E,27,S,,,235996,130.21,0
1671,3846.158,"Mount",0.034,0.159,-0.126,-0.104,-0.008,-0.035,4,E,15,N,,,247694,108.00,0
1672,3848.583,"Mount",-0.063,0.337,-0.328,-0.100,-0.106,-0.037,60,E,16,N,,,230308,108.12,0
1673,3850.780,"Mount",-0.089,0.337,-0.340,-0.076,-0.116,-0.029,66,E,12,N,,,248681,128.63,0
1674,3853.183,"Mount",0.224,0.098,0.016,-0.244,0.016,-0.089,9,W,38,N,,,231556,119.66,0
1675,3855.332,"Mount",-0.148,0.039,-0.102,0.113,-0.033,0.037,19,E,16,S,,,247073,123.34,0
1676,3857.771,"Mount",-0.195,0.047,-0.131,0.151,-0.055,0.056,32,E,24,S,,,243687,117.82,0
1677,3860.021,"Mount",-0.082,0.010,-0.046,0.069,0.001,0.027,1,W,12,S,,,220136,111.16,0
1678,3862.429,"Mount",0.120,0.028,0.030,-0.119,0.001,-0.042,1,W,18,N,,,217521,111.26,0
1679,3864.604,"Mount",-0.023,-0.044,0.028,0.041,0.005,0.000,3,W,0,,,,213213,126.97,0
1680,3866.966,"Mount",-0.136,0.022,-0.082,0.111,-0.024,0.040,14,E,17,S,,,220340,122.44,0
1681,3869.111,"Mount",-0.022,-0.089,0.068,0.061,0.034,0.023,20,W,10,S,,,219469,119.33,0
1682,3871.397,"Mount",0.073,-0.022,0.053,-0.054,-0.009,0.000,5,E,0,,,,225159,131.62,0
1683,3873.584,"Mount",0.183,0.006,0.079,-0.165,0.030,-0.059,17,W,25,N,,,212365,104.40,0
1684,3875.977,"Mount",-0.035,-0.082,0.056,0.069,-0.010,0.022,6,E,10,S,,,199508,93.84,0
1685,3878.121,"Mount",-0.058,-0.060,0.027,0.080,-0.013,0.030,8,E,13,S,,,222154,110.16,0
1686,3880.553,"Mount",-0.341,0.223,-0.355,0.200,-0.179,0.073,103,E,31,S,,,243449,132.73,0
1687,3882.738,"Mount",-0.077,0.005,-0.040,0.066,-0.021,0.027,12,E,11,S,,,222403,118.88,0
1688,3885.128,"Mount",0.152,0.048,0.027,-0.157,-0.017,-0.055,10,E,24,N,,,235185,117.31,0
1689,3887.203,"Mount",0.039,-0.001,0.019,-0.034,-0.029,0.000,16,E,0,,,,230291,114.66,0
1690,3889.624,"Mount",0.021,0.137,-0.112,-0.082,-0.084,-0.030,48,E,13,N,,,228972,119.28,0
1691,3891.798,"Mount",-0.099,-0.027,-0.022,0.100,-0.036,0.035,20,E,15,S,,,220321,120.30,0
1692,3894.134,"Mount",-0.040,0.102,-0.109,-0.011,-0.083,0.000,47,E,0,,,,217699,108.15,0
1693,3896.374,"Mount",0.101,0.106,-0.048,-0.138,-0.033,-0.050,19,E,21,N,,,238120,127.56,0
1694,3898.735,"Mount",-0.081,0.051,-0.083,0.048,-0.081,0.000,46,E,0,,,,238057,137.75,0
1695,3900.917,"Mount",-0.127,0.013,-0.070,0.107,-0.084,0.039,48,E,16,S,,,222162,116.96,0
1696,3903.252,"Mount",-0.007,-0.074,0.062,0.040,-0.028,0.000,16,E,0,,,,225775,108.49,0
1697,3905.368,"Mount",-0.053,0.049,-0.068,0.025,-0.082,0.000,47,E,0,,,,224125,102.99,0
1698,3907.734,"Mount",0.066,-0.128,0.144,0.001,0.030,0.000,17,W,0,,,,235916,128.80,0
1699,3909.830,"Mount",0.032,-0.155,0.152,0.043,0.051,0.000,29,W,0,,,,226419,111.28,0
1700,3912.217,"Mount",-0.012,-0.167,0.143,0.088,0.054,0.032,31,W,14,S,,,217485,109.72,0
1701,3914.350,"Mount",0.027,-0.073,0.077,0.010,0.038,0.000,22,W,0,,,,244389,124.66,0
1702,3916.711,"Mount",-0.028,-0.079,0.057,0.061,0.026,0.022,15,W,9,S,,,251523,119.64,0
1703,3918.894,"Mount",-0.054,-0.080,0.046,0.085,0.043,0.032,25,W,14,S,,,251935,130.76,0
1704,3921.332,"Mount",-0.103,-0.002,-0.046,0.092,0.051,0.034,29,W,15,S,,,238238,117.36,0
1705,3923.425,"Mount",0.038,-0.012,0.028,-0.028,0.053,0.000,30,W,0,,,,241355,114.38,0
1706,3925.743,"Mount",-0.013,0.101,-0.095,-0.035,0.009,0.000,5,W,0,,,,231845,113.20,0
1707,3927.904,"Mount",0.045,-0.005,0.026,-0.037,0.035,0.000,20,W,0,,,,240463,115.96,0
1708,3930.275,"Mount",0.210,0.078,0.027,-0.223,0.036,-0.080,21,W,34,N,,,245050,139.99,0
1709,3932.487,"Mount",-0.054,-0.068,0.036,0.080,0.028,0.026,16,W,11,S,,,268434,139.49,0
1710,3934.850,"Mount",-0.084,0.018,-0.055,0.066,0.021,0.025,12,W,11,S,,,248616,146.68,0
1711,3936.912,"Mount",0.008,0.023,-0.017,-0.017,0.001,0.000,1,W,0,,,,236915,120.52,0
1712,3939.345,"Mount",0.023,0.211,-0.177,-0.117,-0.098,-0.042,56,E,18,N,,,255506,133.33,0
1713,3941.423,"Mount",-0.050,0.023,-0.043,0.033,-0.033,0.000,19,E,0,,,,242923,108.44,0
1714,3943.933,"Mount",-0.123,0.074,-0.123,0.075,-0.117,0.027,67,E,12,S,,,244188,108.99,0
1715,3946.078,"Mount",0.002,0.120,-0.105,-0.057,-0.123,0.000,70,E,0,,,,260246,117.77,0
1716,3948.480,"Mount",-0.020,0.106,-0.103,-0.031,-0.145,0.000,83,E,0,,,,249558,115.39,0
1717,3950.608,"Mount",-0.032,0.111,-0.113,-0.022,-0.159,0.000,91,E,0,,,,250325,114.12,0
1718,3953.131,"Mount",-0.032,0.157,-0.154,-0.044,-0.201,0.000,115,E,0,,,,268674,121.73,0
1719,3955.336,"Mount",-0.047,0.134,-0.141,-0.021,-0.183,0.000,105,E,0,,,,258866,126.76,0
1720,3957.771,"Mount",-0.097,0.137,-0.166,0.022,-0.197,0.000,113,E,0,,,,240515,123.61,0
1721,3959.995,"Mount",-0.023,0.045,-0.050,-0.000,-0.116,0.000,66,E,0,,,,252822,124.51,0
1722,3962.495,"Mount",0.025,0.133,-0.107,-0.084,-0.183,-0.030,104,E,13,N,,,254891,122.46,0
1723,3964.828,"Mount",0.323,0.475,-0.273,-0.506,-0.250,-0.183,143,E,78,N,,,226809,110.99,0
1724,3967.306,"Mount",-0.349,-0.516,0.298,0.548,-0.016,0.190,9,E,81,S,,,232824,115.43,0
1725,3969.628,"Mount",-0.275,-0.325,0.162,0.394,-0.055,0.150,32,E,64,S,,,234327,105.85,0
1726,3972.042,"Mount",-0.182,-0.212,0.105,0.260,-0.060,0.099,34,E,43,S,,,233765,108.67,0
1727,3974.191,"Mount",0.132,-0.084,0.135,-0.078,-0.025,-0.024,14,E,10,N,,,248188,124.84,0
1728,3976.538,"Mount",0.006,-0.167,0.151,0.072,-0.005,0.025,3,E,11,S,,,240803,119.25,0
1729,3978.691,"Mount",-0.053,-0.068,0.036,0.078,-0.042,0.029,24,E,13,S,,,242895,118.50,0
1730,3981.079,"Mount",0.050,-0.012,0.034,-0.039,-0.032,0.000,19,E,0,,,,236061,135.72,0
1731,3983.258,"Mount",0.231,-0.082,0.179,-0.167,0.050,-0.060,29,W,26,N,,,252956,122.37,0
1732,3985.728,"Mount",-0.146,-0.060,-0.014,0.157,-0.030,0.054,17,E,23,S,,,236907,107.63,0
1733,3987.888,"Mount",-0.018,0.109,-0.105,-0.035,-0.085,0.000,49,E,0,,,,220562,104.94,0
1734,3990.303,"Mount",0.121,0.163,-0.088,-0.183,-0.087,-0.066,50,E,28,N,,,258930,140.86,0
1735,3992.475,"Mount",-0.082,0.033,-0.067,0.057,-0.101,0.000,58,E,0,,,,228812,113.86,0
1736,3995.014,"Mount",-0.184,0.063,-0.141,0.134,-0.138,0.048,79,E,21,S,,,256749,129.68,0
1737,3997.277,"Mount",-0.064,0.058,-0.081,0.030,-0.139,0.000,80,E,0,,,,237352,127.30,0
1738,3999.641,"Mount",-0.011,0.116,-0.109,-0.044,-0.174,0.000,100,E,0,,,,244158,133.33,0
1739,4001.830,"Mount",-0.126,0.167,-0.207,0.035,-0.226,0.000,129,E,0,,,,221488,103.06,0
1740,4004.295,"Mount",-0.213,-0.006,-0.093,0.192,-0.200,0.069,114,E,29,S,,,217464,105.86,0
1741,4006.521,"Mount",-0.003,0.025,-0.024,-0.009,-0.163,0.000,93,E,0,,,,242341,120.44,0
1742,4009.081,"Mount",-0.032,0.255,-0.241,-0.089,-0.311,-0.032,178,E,14,N,,,237069,121.09,0
1743,4011.340,"Mount",-0.071,0.193,-0.204,-0.026,-0.309,0.000,177,E,0,,,,251024,117.30,0
1744,4013.935,"Mount",0.054,0.089,-0.054,-0.089,-0.234,-0.032,134,E,14,N,,,262683,140.28,0
1745,4016.272,"Mount",-0.023,0.207,-0.195,-0.075,-0.310,-0.028,177,E,12,N,,,261386,135.28,0
1746,4018.737,"Mount",-0.044,0.053,-0.068,0.015,-0.269,0.000,154,E,0,,,,239043,130.77,0
1747,4020.930,"Mount",-0.025,0.050,-0.056,-0.001,-0.213,0.000,122,E,0,,,,241202,124.28,0
1748,4023.398,"Mount",-0.102,0.079,-0.117,0.054,-0.264,0.000,151,E,0,,,,246141,114.48,0
1749,4025.671,"Mount",-0.141,-0.001,-0.064,0.125,-0.226,0.045,129,E,19,S,,,245395,116.99,0
1750,4028.152,"Mount",0.096,0.013,0.033,-0.091,-0.200,-0.031,114,E,13,N,,,245105,110.93,0
1751,4030.356,"Mount",0.007,-0.077,0.071,0.029,-0.142,0.000,81,E,0,,,,226247,123.17,0
1752,4032.729,"Mount",0.001,-0.014,0.013,0.006,-0.168,0.000,96,E,0,,,,251262,126.44,0
1753,4034.859,"Mount",0.031,-0.074,0.080,0.007,-0.112,0.000,64,E,0,,,,259722,128.41,0
1754,4037.152,"Mount",0.054,-0.169,0.174,0.030,-0.072,0.000,41,E,0,,,,220167,108.53,0
1755,4039.369,"Mount",-0.174,-0.227,0.121,0.260,-0.089,0.093,51,E,40,S,,,231453,126.67,0
1756,4041.765,"Mount",0.073,-0.117,0.138,-0.011,-0.072,0.000,41,E,0,,,,247846,125.81,0
1757,4043.936,"Mount",0.029,-0.205,0.196,0.069,-0.038,0.025,22,E,11,S,,,238765,124.55,0
1758,4046.344,"Mount",0.056,-0.028,0.051,-0.037,-0.135,0.000,77,E,0,,,,220338,102.98,0
1759,4048.481,"Mount",0.173,-0.124,0.189,-0.096,-0.030,-0.035,17,E,15,N,,,235541,125.91,0
1760,4050.840,"Mount",0.054,-0.104,0.117,-0.000,-0.052,0.000,30,E,0,,,,230098,115.85,0
1761,4052.935,"Mount",0.031,-0.098,0.102,0.017,-0.053,0.000,30,E,0,,,,233580,114.66,0
1762,4055.305,"Mount",0.059,-0.116,0.130,0.001,-0.030,0.000,17,E,0,,,,245028,133.44,0
1763,4057.375,"Mount",0.053,-0.075,0.090,-0.012,-0.046,0.000,26,E,0,,,,219578,105.81,0
1764,4059.721,"Mount",0.123,-0.138,0.179,-0.045,0.003,0.000,2,W,0,,,,227141,107.58,0
1765,4061.840,"Mount",0.046,-0.036,0.054,-0.024,-0.075,0.000,43,E,0,,,,242284,113.13,0
1766,4064.138,"Mount",-0.025,-0.035,0.019,0.038,-0.064,0.000,37,E,0,,,,239917,129.63,0
1767,4066.230,"Mount",-0.013,-0.061,0.048,0.039,-0.048,0.000,27,E,0,,,,222207,114.00,0
1768,4068.653,"Mount",-0.062,-0.056,0.021,0.081,-0.049,0.029,28,E,13,S,,,214951,104.15,0
1769,4070.780,"Mount",0.040,0.025,-0.004,-0.047,-0.046,0.000,26,E,0,,,,215334,109.07,0
1770,4073.275,"Mount",-0.204,-0.112,0.006,0.232,-0.041,0.084,23,E,36,S,,,212010,111.50,0
1771,4075.398,"Mount",-0.003,-0.007,0.005,0.005,-0.027,0.000,15,E,0,,,,211934,117.55,0
1772,4077.761,"Mount",0.031,0.016,0.000,-0.034,-0.027,0.000,15,E,0,,,,216644,109.13,0
1773,4080.026,"Mount",0.137,-0.078,0.133,-0.085,0.055,-0.031,31,W,13,N,,,216185,111.44,0
1774,4082.396,"Mount",0.115,-0.115,0.155,-0.048,0.083,0.000,47,W,0,,,,198841,106.46,0
1775,4084.540,"Mount",0.096,0.035,0.013,-0.101,0.020,-0.037,12,W,16,N,,,204360,117.90,0
1776,4086.998,"Mount",0.134,-0.240,0.275,-0.008,0.173,0.000,99,W,0,,,,221587,107.51,0
1777,4089.329,"Mount",0.030,-0.552,0.504,0.228,0.301,0.082,172,W,35,S,,,232175,148.11,0
1778,4091.763,"Mount",0.100,-0.179,0.205,-0.006,0.169,0.000,97,W,0,,,,221332,112.68,0
1779,4093.956,"Mount",0.080,-0.155,0.175,0.000,0.181,0.000,103,W,0,,,,223012,116.64,0
1780,4096.481,"Mount",-0.126,-0.134,0.061,0.174,0.151,0.063,87,W,27,S,,,211460,115.15,0
1781,4098.654,"Mount",0.054,-0.147,0.155,0.020,0.202,0.000,115,W,0,,,,237690,139.64,0
1782,4101.037,"Mount",0.045,-0.024,0.042,-0.029,0.149,0.000,85,W,0,,,,215487,109.59,0
1783,4103.232,"Mount",0.103,-0.112,0.147,-0.039,0.208,0.000,119,W,0,,,,213271,115.21,0
1784,4105.621,"Mount",-0.099,0.090,-0.125,0.046,0.082,0.000,47,W,0,,,,218987,118.07,0
1785,4107.802,"Mount",-0.050,-0.045,0.017,0.066,0.125,0.024,72,W,10,S,,,224141,115.36,0
1786,4110.137,"Mount",-0.057,-0.017,-0.011,0.058,0.129,0.000,74,W,0,,,,230966,130.88,0
1787,4112.243,"Mount",-0.068,0.088,-0.109,0.019,0.071,0.000,40,W,0,,,,212840,124.11,0
1788,4114.687,"Mount",0.038,0.035,-0.013,-0.049,0.104,0.000,59,W,0,,,,216498,114.03,0
1789,4116.771,"Mount",-0.070,0.218,-0.225,-0.039,-0.027,0.000,15,E,0,,,,207315,110.18,0
1790,4119.177,"Mount",-0.181,0.194,-0.255,0.072,-0.058,0.026,33,E,11,S,,,212829,113.01,0
1791,4121.268,"Mount",-0.078,0.232,-0.242,-0.038,-0.058,0.000,33,E,0,,,,221184,111.52,0
1792,4123.615,"Mount",-0.051,0.014,-0.036,0.039,0.026,0.000,15,W,0,,,,215588,107.37,0
1793,4125.764,"Mount",-0.098,0.053,-0.092,0.062,-0.035,0.022,20,E,10,S,,,209676,109.57,0
1794,4128.093,"Mount",-0.058,0.089,-0.106,0.011,-0.069,0.000,40,E,0,,,,229127,126.70,0
1795,4130.228,"Mount",-0.115,-0.012,-0.042,0.108,-0.030,0.039,17,E,17,S,,,212090,110.91,0
1796,4132.597,"Mount",0.038,-0.106,0.111,0.015,0.008,0.000,5,W,0,,,,215140,115.63,0
1797,4134.717,"Mount",-0.067,-0.041,0.006,0.078,-0.041,0.028,23,E,12,S,,,213067,116.66,0
1798,4137.134,"Mount",0.019,-0.019,0.026,-0.007,-0.024,0.000,14,E,0,,,,221172,119.38,0
1799,4139.280,"Mount",0.110,-0.009,0.059,-0.093,-0.024,-0.034,14,E,14,N,,,229042,119.41,0
1800,4141.732,"Mount",0.092,-0.044,0.081,-0.062,0.021,-0.024,12,W,10,N,,,232031,117.54,0
1801,4143.943,"Mount",0.087,0.003,0.038,-0.079,-0.002,-0.029,1,E,13,N,,,210537,114.29,0
1802,4146.328,"Mount",-0.010,-0.147,0.126,0.077,0.081,0.027,46,W,11,S,,,223743,128.96,0
1803,4148.473,"Mount",-0.052,-0.114,0.077,0.098,0.072,0.037,41,W,16,S,,,225784,125.66,0
1804,4150.951,"Mount",0.241,-0.060,0.165,-0.186,0.142,-0.065,81,W,28,N,,,222514,113.72,0
1805,4153.182,"Mount",0.207,-0.295,0.357,-0.047,0.253,0.000,145,W,0,,,,209226,107.86,0
1806,4155.583,"Mount",0.090,-0.094,0.125,-0.036,0.172,0.000,98,W,0,,,,213878,115.37,0
1807,4157.859,"Mount",-0.080,-0.288,0.218,0.204,0.224,0.073,128,W,31,S,,,214566,113.43,0
1808,4160.250,"Mount",0.052,-0.077,0.092,-0.011,0.196,0.000,112,W,0,,,,197492,113.55,0
1809,4162.415,"Mount",0.003,-0.101,0.091,0.044,0.183,0.000,104,W,0,,,,214541,112.28,0
1810,4164.861,"Mount",-0.028,0.046,-0.054,0.004,0.154,0.000,88,W,0,,,,241076,146.32,0
1811,4167.181,"Mount",-0.026,-0.164,0.134,0.099,0.208,0.036,119,W,15,S,,,232632,122.79,0
1812,4169.673,"Mount",-0.040,-0.053,0.028,0.060,0.144,0.023,82,W,10,S,,,231401,127.86,0
1813,4171.809,"Mount",0.006,-0.031,0.031,0.009,0.145,0.000,83,W,0,,,,217092,119.32,0
1814,4174.152,"Mount",-0.060,0.042,-0.065,0.034,0.112,0.000,64,W,0,,,,218520,116.44,0
1815,4176.303,"Mount",0.008,0.158,-0.137,-0.080,0.073,-0.029,42,W,12,N,,,212183,108.16,0
1816,4178.656,"Mount",0.063,0.005,0.025,-0.058,0.126,0.000,72,W,0,,,,216677,122.26,0
1817,4180.781,"Mount",-0.035,-0.036,0.016,0.047,0.120,0.000,68,W,0,,,,222988,119.70,0
1818,4183.167,"Mount",-0.048,0.050,-0.067,0.019,0.080,0.000,46,W,0,,,,206912,111.74,0
1819,4185.318,"Mount",-0.095,0.032,-0.072,0.069,0.053,0.025,30,W,11,S,,,218627,121.35,0
1820,4187.755,"Mount",0.159,0.076,0.006,-0.176,0.072,-0.062,41,W,27,N,,,209253,108.57,0
1821,4189.921,"Mount",0.115,0.015,0.039,-0.109,0.057,-0.042,33,W,18,N,,,198328,109.58,0
1822,4192.251,"Mount",-0.043,-0.014,-0.008,0.045,0.047,0.000,27,W,0,,,,221266,121.56,0
1823,4194.404,"Mount",-0.156,-0.118,0.032,0.193,0.028,0.069,16,W,30,S,,,208229,110.68,0
1824,4196.764,"Mount",0.019,0.008,0.002,-0.021,0.037,0.000,21,W,0,,,,222361,129.58,0
1825,4198.918,"Mount",0.104,0.054,-0.000,-0.117,0.024,-0.042,14,W,18,N,,,206770,108.05,0
1826,4201.380,"Mount",0.166,0.046,0.036,-0.169,0.025,-0.063,15,W,27,N,,,214317,104.57,0
1827,4203.549,"Mount",-0.094,0.033,-0.073,0.068,-0.019,0.022,11,E,9,S,,,205629,106.26,0
1828,4205.921,"Mount",-0.140,0.112,-0.163,0.072,-0.062,0.027,35,E,12,S,,,209293,117.29,0
1829,4208.070,"Mount",-0.008,0.167,-0.152,-0.070,-0.064,-0.024,36,E,10,N,,,210323,108.50,0
1830,4210.499,"Mount",-0.353,0.235,-0.372,0.204,-0.157,0.073,90,E,31,S,,,211888,125.08,0
1831,4212.618,"Mount",-0.020,0.080,-0.080,-0.019,-0.032,0.000,18,E,0,,,,205519,116.42,0
1832,4214.942,"Mount",-0.058,0.037,-0.059,0.034,0.010,0.000,5,W,0,,,,210645,107.03,0
1833,4217.145,"Mount",-0.146,0.203,-0.247,0.036,-0.114,0.000,65,E,0,,,,190200,106.78,0
1834,4219.534,"Mount",-0.098,-0.085,0.030,0.126,-0.011,0.045,6,E,19,S,,,195332,109.01,0
1835,4221.748,"Mount",-0.094,0.031,-0.071,0.069,-0.043,0.027,25,E,11,S,,,198529,104.44,0
1836,4224.155,"Mount",0.015,0.182,-0.155,-0.098,-0.088,-0.034,50,E,15,N,,,195368,102.79,0
1837,4226.317,"Mount",-0.097,-0.096,0.040,0.131,-0.030,0.046,17,E,20,S,,,192368,107.62,0
1838,4228.871,"Mount",-0.207,-0.017,-0.080,0.192,-0.066,0.071,38,E,30,S,,,195582,115.38,0
1839,4230.960,"Mount",-0.014,-0.024,0.015,0.024,-0.025,0.000,14,E,0,,,,198133,105.28,0
1840,4233.356,"Mount",-0.074,-0.041,0.002,0.085,-0.028,0.030,16,E,13,S,,,188977,113.13,0
1841,4235.564,"Mount",0.233,0.130,-0.008,-0.267,-0.027,-0.095,16,E,41,N,,,207757,114.97,0
1842,4237.941,"Mount",-0.064,-0.174,0.125,0.137,0.024,0.046,14,W,19,S,,,214582,120.80,0
1843,4240.086,"Mount",-0.063,-0.068,0.031,0.088,-0.036,0.033,20,E,14,S,,,212157,108.30,0
1844,4242.449,"Mount",-0.037,0.070,-0.079,0.001,-0.067,0.000,39,E,0,,,,211661,117.95,0
1845,4244.592,"Mount",-0.080,-0.071,0.026,0.104,-0.034,0.037,19,E,16,S,,,194557,106.09,0
1846,4247.001,"Mount",-0.083,-0.148,0.093,0.142,-0.006,0.053,4,E,22,S,,,196543,116.16,0
1847,4249.094,"Mount",-0.062,0.021,-0.047,0.045,-0.050,0.000,29,E,0,,,,186809,113.61,0
1848,4251.452,"Mount",0.051,-0.015,0.036,-0.038,-0.051,0.000,29,E,0,,,,189310,106.82,0
1849,4253.597,"Mount",0.011,-0.173,0.159,0.070,0.029,0.025,17,W,11,S,,,185087,104.92,0
1850,4256.026,"Mount",0.129,-0.091,0.141,-0.073,0.039,-0.025,23,W,11,N,,,201679,106.32,0
1851,4258.116,"Mount",0.087,-0.134,0.159,-0.015,0.061,0.000,35,W,0,,,,192441,123.42,0
1852,4260.537,"Mount",-0.039,-0.203,0.162,0.129,0.072,0.046,41,W,20,S,,,192269,113.27,0
1853,4262.639,"Mount",0.053,-0.050,0.068,-0.024,0.049,0.000,28,W,0,,,,185494,108.32,0
1854,4265.058,"Mount",0.103,-0.211,0.234,0.006,0.138,0.000,79,W,0,,,,200001,107.98,0
1855,4267.300,"Mount",0.276,-0.140,0.251,-0.180,0.153,-0.065,87,W,28,N,,,178261,111.53,0
1856,4269.746,"Mount",-0.053,-0.128,0.090,0.106,0.088,0.036,51,W,15,S,,,180685,101.10,0
1857,4271.888,"Mount",0.046,-0.002,0.022,-0.040,0.058,0.000,33,W,0,,,,193743,101.39,0
1858,4274.412,"Mount",0.706,0.116,0.222,-0.680,0.159,-0.245,91,W,105,N,,,196122,108.85,0
1859,4276.616,"Mount",-0.313,-0.084,-0.070,0.316,0.007,0.104,4,W,44,S,,,199972,104.19,0
1860,4279.128,"Mount",-0.788,-0.070,-0.301,0.731,-0.101,0.267,58,E,114,S,,,191430,110.07,0
1861,4281.294,"Mount",-0.283,-0.070,-0.069,0.283,0.004,0.113,2,W,48,S,,,182172,103.45,0
1862,4283.625,"Mount",-0.069,0.061,-0.086,0.033,-0.033,0.000,19,E,0,,,,177694,108.88,0
1863,4285.785,"Mount",-0.161,-0.025,-0.052,0.154,-0.009,0.056,5,E,24,S,,,184176,112.02,0
1864,4288.171,"Mount",-0.125,0.024,-0.079,0.100,-0.064,0.038,37,E,16,S,,,173506,99.79,0
1865,4290.371,"Mount",-0.171,0.124,-0.189,0.095,-0.130,0.036,74,E,15,S,,,173787,99.85,0
1866,4292.813,"Mount",-0.126,0.229,-0.261,0.006,-0.181,0.000,104,E,0,,,,187121,102.48,0
1867,4295.015,"Mount",-0.056,0.079,-0.096,0.014,-0.120,0.000,69,E,0,,,,187661,113.03,0
1868,4297.393,"Mount",0.027,0.076,-0.055,-0.059,-0.109,0.000,62,E,0,,,,209028,119.69,0
1869,4299.640,"Mount",0.028,0.126,-0.099,-0.083,-0.168,-0.030,96,E,13,N,,,197614,124.50,0
1870,4302.144,"Mount",0.209,0.067,0.037,-0.216,-0.144,-0.079,82,E,34,N,,,198007,110.85,0
1871,4304.371,"Mount",-0.127,0.041,-0.095,0.094,-0.171,0.031,98,E,13,S,,,189951,111.60,0
1872,4306.833,"Mount",-0.187,0.025,-0.108,0.155,-0.180,0.057,103,E,24,S,,,187788,109.32,0
1873,4309.091,"Mount",-0.057,-0.030,0.001,0.065,-0.142,0.026,81,E,11,S,,,204481,108.48,0
1874,4311.618,"Mount",-0.047,-0.049,0.022,0.064,-0.140,0.024,80,E,10,S,,,202880,116.92,0
1875,4313.781,"Mount",0.097,-0.072,0.108,-0.052,-0.090,0.000,51,E,0,,,,192962,108.23,0
1876,4316.215,"Mount",0.297,0.039,0.102,-0.281,-0.081,-0.101,46,E,43,N,,,186645,100.70,0
1877,4318.408,"Mount",0.113,0.002,0.051,-0.101,-0.094,-0.040,54,E,17,N,,,186982,95.31,0
1878,4320.777,"Mount",-0.015,-0.153,0.128,0.084,-0.012,0.029,7,E,12,S,,,192145,109.54,0
1879,4322.941,"Mount",-0.103,-0.044,-0.009,0.112,-0.058,0.041,33,E,18,S,,,190864,121.20,0
1880,4325.384,"Mount",-0.055,-0.200,0.152,0.141,0.025,0.052,15,W,22,S,,,187099,101.07,0
1881,4327.443,"Mount",-0.011,-0.092,0.077,0.053,0.005,0.000,3,W,0,,,,183852,104.45,0
1882,4329.881,"Mount",0.185,-0.026,0.108,-0.152,0.022,-0.055,13,W,23,N,,,188401,104.16,0
1883,4331.972,"Mount",0.015,-0.056,0.056,0.013,-0.036,0.000,20,E,0,,,,198579,117.46,0
1884,4334.437,"Mount",-0.171,-0.109,0.018,0.202,-0.040,0.073,23,E,31,S,,,199026,117.27,0
1885,4336.675,"Mount",-0.122,-0.092,0.025,0.151,-0.050,0.057,29,E,24,S,,,192635,112.21,0
1886,4339.096,"Mount",0.082,0.098,-0.050,-0.118,-0.074,-0.040,42,E,17,N,,,206681,111.07,0
1887,4341.382,"Mount",0.124,0.187,-0.109,-0.197,-0.133,-0.072,76,E,31,N,,,183423,94.47,0
1888,4343.823,"Mount",-0.015,-0.061,0.047,0.041,-0.099,0.000,56,E,0,,,,186525,100.32,0
1889,4346.123,"Mount",0.012,0.168,-0.144,-0.088,-0.183,-0.032,104,E,14,N,,,199709,118.27,0
1890,4348.602,"Mount",-0.083,-0.038,-0.004,0.091,-0.133,0.031,76,E,13,S,,,184851,118.15,0
1891,4350.786,"Mount",-0.011,-0.026,0.018,0.022,-0.126,0.000,72,E,0,,,,186994,105.47,0
1892,4353.172,"Mount",-0.026,0.161,-0.155,-0.051,-0.230,0.000,132,E,0,,,,189771,111.02,0
1893,4355.495,"Mount",-0.095,0.194,-0.216,-0.005,-0.268,0.000,153,E,0,,,,182615,103.34,0
1894,4358.004,"Mount",-0.142,0.061,-0.120,0.098,-0.255,0.035,146,E,15,S,,,176706,93.46,0
1895,4360.294,"Mount",0.024,0.178,-0.147,-0.104,-0.273,-0.036,156,E,15,N,,,184436,94.25,0
1896,4362.816,"Mount",-0.157,0.095,-0.156,0.096,-0.296,0.033,170,E,14,S,,,201639,117.82,0
1897,4365.113,"Mount",-0.159,0.008,-0.080,0.138,-0.265,0.051,152,E,22,S,,,195440,109.26,0
1898,4367.561,"Mount",0.024,-0.008,0.018,-0.018,-0.238,0.000,136,E,0,,,,203875,131.79,0
1899,4369.805,"Mount",0.003,0.040,-0.034,-0.021,-0.229,0.000,131,E,0,,,,207542,109.91,0
1900,4372.207,"Mount",-0.038,-0.044,0.021,0.054,-0.214,0.000,122,E,0,,,,187320,110.06,0
1901,4374.452,"Mount",0.060,0.047,-0.014,-0.075,-0.197,-0.027,112,E,12,N,,,189814,102.36,0
1902,4376.946,"Mount",0.119,0.036,0.023,-0.122,-0.205,-0.045,117,E,19,N,,,189716,110.90,0
1903,4379.151,"Mount",-0.058,0.138,-0.149,-0.012,-0.241,0.000,138,E,0,,,,181491,89.44,0
1904,4381.637,"Mount",0.112,0.099,-0.036,-0.145,-0.168,-0.052,96,E,22,N,,,185801,104.99,0
1905,4383.931,"Mount",0.397,-0.011,0.193,-0.347,-0.079,-0.127,45,E,54,N,,,209391,119.51,0
1906,4386.452,"Mount",-0.262,-0.719,0.517,0.564,0.093,0.198,53,W,85,S,,,188075,104.83,0
1907,4388.651,"Mount",0.124,0.044,0.018,-0.130,-0.138,-0.039,79,E,17,N,,,197767,109.80,0
1908,4391.079,"Mount",0.228,-0.077,0.174,-0.166,-0.040,-0.061,23,E,26,N,,,188665,99.21,0
1909,4393.232,"Mount",0.228,0.046,0.065,-0.223,-0.068,-0.083,39,E,35,N,,,180512,103.87,0
1910,4395.731,"Mount",-0.294,-0.160,0.007,0.335,-0.097,0.117,56,E,50,S,,,177515,102.83,0
1911,4397.947,"Mount",-0.073,-0.002,-0.032,0.066,-0.098,0.028,56,E,12,S,,,200483,127.89,0
1912,4400.318,"Mount",-0.037,-0.150,0.116,0.102,-0.050,0.038,29,E,16,S,,,177984,109.76,0
1913,4402.487,"Mount",-0.008,0.013,-0.015,0.001,-0.103,0.000,59,E,0,,,,194196,105.43,0
1914,4404.858,"Mount",-0.011,-0.043,0.033,0.030,-0.096,0.000,55,E,0,,,,179831,92.78,0
1915,4407.076,"Mount",0.086,-0.018,0.056,-0.068,-0.094,-0.024,53,E,10,N,,,196547,110.92,0
1916,4409.412,"Mount",0.097,-0.081,0.117,-0.049,-0.023,0.000,13,E,0,,,,171976,95.81,0
1917,4411.738,"Mount",0.544,0.229,0.047,-0.588,-0.063,-0.212,36,E,91,N,,,187793,116.37,0
1918,4414.265,"Mount",-0.953,-0.690,0.174,1.164,0.014,0.410,8,W,176,S,,,194562,120.79,0
1919,4416.544,"Mount",-0.213,-0.155,0.040,0.260,-0.053,0.110,30,E,47,S,,,178072,98.27,0
1920,4418.856,"Mount",-0.022,0.041,-0.047,0.001,-0.051,0.000,29,E,0,,,,184218,123.29,0
1921,4421.013,"Mount",-0.098,-0.049,-0.002,0.109,-0.042,0.039,24,E,17,S,,,192291,100.93,0
1922,4423.317,"Mount",-0.027,-0.057,0.038,0.050,-0.029,0.000,17,E,0,,,,198227,120.83,0
1923,4425.454,"Mount",-0.059,-0.053,0.019,0.077,-0.019,0.028,11,E,12,S,,,191751,107.04,0
1924,4427.847,"Mount",0.189,-0.104,0.179,-0.119,0.085,-0.042,49,W,18,N,,,179952,97.92,0
1925,4430.017,"Mount",-0.006,-0.131,0.113,0.065,0.075,0.022,43,W,9,S,,,204298,117.70,0
1926,4432.442,"Mount",0.072,-0.197,0.208,0.027,0.132,0.000,75,W,0,,,,196015,114.74,0
1927,4434.698,"Mount",0.208,-0.150,0.229,-0.115,0.156,-0.042,89,W,18,N,,,180163,100.92,0
1928,4437.063,"Mount",-0.001,-0.040,0.035,0.019,0.082,0.000,47,W,0,,,,193857,108.23,0
1929,4439.264,"Mount",0.078,-0.186,0.201,0.017,0.172,0.000,98,W,0,,,,180928,97.23,0
1930,4441.795,"Mount",0.017,-0.209,0.193,0.081,0.188,0.029,107,W,12,S,,,176271,103.48,0
1931,4444.120,"Mount",-0.014,-0.179,0.153,0.095,0.199,0.035,114,W,15,S,,,178609,107.74,0
1932,4446.504,"Mount",0.006,-0.082,0.075,0.032,0.172,0.000,98,W,0,,,,177204,101.48,0
1933,4448.676,"Mount",0.001,-0.054,0.049,0.024,0.146,0.000,83,W,0,,,,176146,98.99,0
1934,4451.094,"Mount",-0.004,-0.009,0.007,0.007,0.163,0.000,93,W,0,,,,166474,112.02,0
1935,4453.310,"Mount",0.135,0.019,0.045,-0.128,0.135,-0.046,77,W,20,N,,,156233,92.62,0
1936,4455.764,"Mount",-0.090,-0.018,-0.025,0.088,0.143,0.030,82,W,13,S,,,168124,106.99,0
1937,4457.901,"Mount",-0.012,-0.007,0.001,0.013,0.130,0.000,74,W,0,,,,166573,112.51,0
1938,4460.306,"Mount",0.079,0.140,-0.087,-0.135,0.081,-0.049,46,W,21,N,,,166765,103.35,0
1939,4462.462,"Mount",-0.205,0.070,-0.157,0.149,0.028,0.052,16,W,22,S,,,179233,106.48,0
1940,4464.961,"Mount",0.175,0.489,-0.353,-0.381,-0.091,-0.135,52,E,58,N,,,190593,103.11,0
1941,4467.113,"Mount",-0.282,-0.017,-0.115,0.259,-0.009,0.088,5,E,38,S,,,179926,100.66,0
1942,4469.534,"Mount",-0.060,-0.050,0.017,0.076,0.027,0.031,15,W,13,S,,,185820,103.28,0
1943,4471.783,"Mount",-0.177,0.063,-0.137,0.128,-0.053,0.047,30,E,20,S,,,173046,104.25,0
1944,4474.066,"Mount",-0.009,0.087,-0.081,-0.032,-0.043,0.000,25,E,0,,,,169522,99.91,0
1945,4476.233,"Mount",-0.118,0.085,-0.130,0.066,-0.074,0.024,42,E,10,S,,,177558,100.34,0
1946,4478.702,"Mount",0.134,0.192,-0.109,-0.207,-0.073,-0.074,42,E,31,N,,,174455,110.07,0
1947,4480.798,"Mount",-0.033,-0.058,0.036,0.057,-0.031,0.000,18,E,0,,,,165728,99.92,0
1948,4483.117,"Mount",0.129,-0.144,0.187,-0.048,0.057,0.000,33,W,0,,,,173336,113.28,0
1949,4485.301,"Mount",0.104,-0.241,0.261,0.019,0.096,0.000,55,W,0,,,,155973,96.18,0
1950,4487.661,"Mount",-0.012,-0.074,0.061,0.045,0.015,0.000,9,W,0,,,,178618,104.39,0
1951,4489.781,"Mount",0.027,-0.005,0.017,-0.021,-0.008,0.000,5,E,0,,,,184351,98.14,0
1952,4492.107,"Mount",-0.191,-0.135,0.032,0.232,0.000,0.083,0,,36,S,,,187561,110.38,0
1953,4494.304,"Mount",-0.025,-0.170,0.140,0.101,0.091,0.040,52,W,17,S,,,194995,114.00,0
1954,4496.743,"Mount",0.132,-0.018,0.077,-0.108,0.083,-0.037,47,W,16,N,,,196906,112.72,0
1955,4499.075,"Mount",0.677,0.027,0.288,-0.613,0.204,-0.222,117,W,95,N,,,188008,103.06,0
1956,4501.721,"Mount",-0.407,-0.710,0.443,0.689,0.307,0.239,176,W,102,S,,,183049,96.35,0
1957,4503.933,"Mount",-0.088,-0.104,0.052,0.126,0.137,0.055,78,W,24,S,,,181339,106.10,0
1958,4506.470,"Mount",0.263,0.057,0.070,-0.260,0.200,-0.092,114,W,39,N,,,180203,100.46,0
1959,4508.739,"Mount",-0.206,-0.145,0.034,0.250,0.159,0.086,91,W,37,S,,,180039,102.00,0
1960,4511.176,"Mount",0.012,-0.060,0.059,0.017,0.156,0.000,89,W,0,,,,208682,125.76,0
1961,4513.453,"Mount",0.061,0.038,-0.006,-0.071,0.149,-0.026,85,W,11,N,,,209342,138.59,0
1962,4515.947,"Mount",-0.092,-0.113,0.058,0.134,0.143,0.047,82,W,20,S,,,186115,113.34,0
1963,4518.149,"Mount",0.067,-0.072,0.095,-0.026,0.179,0.000,102,W,0,,,,190653,102.77,0
1964,4520.580,"Mount",0.011,-0.001,0.005,-0.009,0.138,0.000,79,W,0,,,,176193,106.10,0
1965,4522.871,"Mount",0.507,0.289,-0.023,-0.583,0.111,-0.210,63,W,90,N,,,179476,109.95,0
1966,4525.369,"Mount",-0.216,-0.156,0.039,0.264,0.114,0.087,65,W,37,S,,,177734,102.19,0
1967,4527.562,"Mount",-0.115,-0.024,-0.032,0.113,0.112,0.044,64,W,19,S,,,160811,104.93,0
1968,4530.025,"Mount",-0.147,-0.043,-0.029,0.150,0.120,0.056,69,W,24,S,,,170689,109.20,0
1969,4532.108,"Mount",-0.147,0.243,-0.283,0.018,-0.016,0.000,9,E,0,,,,169000,97.75,0
1970,4534.530,"Mount",-0.089,0.112,-0.140,0.028,0.045,0.000,26,W,0,,,,162597,96.32,0
1971,4536.655,"Mount",-0.009,0.190,-0.173,-0.080,0.010,-0.029,5,W,12,N,,,157444,91.93,0
1972,4539.049,"Mount",0.010,0.224,-0.194,-0.112,-0.012,-0.042,7,E,18,N,,,187786,111.09,0
1973,4541.233,"Mount",-0.012,0.240,-0.219,-0.100,-0.046,-0.038,26,E,16,N,,,165833,95.51,0
1974,4543.543,"Mount",-0.075,0.139,-0.158,0.002,-0.032,0.000,18,E,0,,,,181677,108.80,0
1975,4545.596,"Mount",-0.058,0.060,-0.080,0.024,-0.016,0.000,9,E,0,,,,172485,99.89,0
1976,4548.029,"Mount",0.099,0.335,-0.252,-0.242,-0.107,-0.087,61,E,37,N,,,164385,99.70,0
1977,4550.151,"Mount",-0.125,-0.044,-0.018,0.131,-0.005,0.044,3,E,19,S,,,184547,99.26,0
1978,4552.552,"Mount",-0.208,0.005,-0.100,0.182,-0.055,0.067,31,E,29,S,,,179935,117.53,0
1979,4554.661,"Mount",-0.063,-0.048,0.014,0.078,-0.017,0.031,10,E,13,S,,,158270,92.25,0
1980,4557.038,"Mount",0.050,-0.110,0.121,0.006,0.044,0.000,25,W,0,,,,190549,119.08,0
1981,4559.164,"Mount",-0.116,0.005,-0.058,0.101,-0.004,0.036,2,E,16,S,,,174393,100.42,0
1982,4561.582,"Mount",-0.133,-0.056,-0.012,0.144,0.005,0.053,3,W,23,S,,,180088,93.22,0
1983,4563.629,"Mount",0.004,-0.035,0.032,0.013,0.014,0.000,8,W,0,,,,180846,107.65,0
1984,4565.967,"Mount",-0.009,0.009,-0.012,0.003,0.012,0.000,7,W,0,,,,160622,90.41,0
1985,4568.045,"Mount",0.056,0.000,0.026,-0.050,0.001,0.000,1,W,0,,,,166275,101.38,0
1986,4570.456,"Mount",0.149,0.037,0.036,-0.149,-0.006,-0.054,3,E,23,N,,,163736,102.29,0
1987,4572.647,"Mount",-0.136,-0.022,-0.043,0.130,-0.012,0.045,7,E,19,S,,,169505,113.60,0
1988,4574.968,"Mount",0.086,-0.054,0.088,-0.051,0.020,0.000,11,W,0,,,,166545,106.73,0
1989,4577.199,"Mount",0.141,0.035,0.034,-0.142,-0.022,-0.051,13,E,22,N,,,163098,96.43,0
1990,4579.630,"Mount",0.097,0.060,-0.008,-0.114,-0.023,-0.043,13,E,18,N,,,169447,101.95,0
1991,4581.711,"Mount",0.045,-0.006,0.026,-0.038,-0.023,0.000,13,E,0,,,,173181,115.31,0
1992,4584.147,"Mount",0.445,-0.218,0.399,-0.294,0.157,-0.106,90,W,45,N,,,167097,105.59,0
1993,4586.324,"Mount",-0.207,-0.117,0.008,0.238,-0.028,0.081,16,E,35,S,,,170077,109.76,0
1994,4588.855,"Mount",-0.334,0.070,-0.216,0.264,-0.140,0.098,80,E,42,S,,,168173,105.17,0
1995,4591.082,"Mount",-0.198,0.064,-0.148,0.146,-0.106,0.056,61,E,24,S,,,159221,104.06,0
1996,4593.469,"Mount",-0.099,0.091,-0.126,0.046,-0.115,0.000,66,E,0,,,,151153,93.57,0
1997,4595.600,"Mount",-0.048,-0.021,-0.003,0.052,-0.058,0.000,33,E,0,,,,156229,89.90,0
1998,4597.957,"Mount",0.018,0.057,-0.042,-0.042,-0.054,0.000,31,E,0,,,,178720,110.88,0
1999,4600.136,"Mount",0.129,0.044,0.020,-0.135,-0.041,-0.049,24,E,21,N,,,185549,116.07,0
2000,4602.508,"Mount",-0.057,-0.043,0.012,0.070,-0.030,0.023,17,E,10,S,,,182517,114.10,0
2001,4604.674,"Mount",-0.090,-0.020,-0.023,0.089,-0.009,0.033,5,E,14,S,,,180520,100.82,0
2002,4607.068,"Mount",0.060,-0.142,0.154,0.012,0.076,0.000,43,W,0,,,,181803,104.27,0
2003,4609.281,"Mount",0.169,-0.072,0.142,-0.116,0.080,-0.042,45,W,18,N,,,176232,101.42,0
2004,4611.623,"Mount",0.010,-0.014,0.017,-0.003,0.035,0.000,20,W,0,,,,183761,107.85,0
2005,4613.772,"Mount",0.014,0.030,-0.020,-0.027,0.047,0.000,27,W,0,,,,179998,116.97,0
2006,4616.082,"Mount",-0.038,0.055,-0.066,0.008,0.015,0.000,9,W,0,,,,181181,126.09,0
2007,4618.179,"Mount",-0.053,0.014,-0.036,0.041,0.053,0.000,30,W,0,,,,172534,107.46,0
2008,4620.523,"Mount",-0.017,0.031,-0.035,0.001,0.061,0.000,35,W,0,,,,180706,105.28,0
2009,4622.721,"Mount",0.066,0.069,-0.031,-0.090,0.041,-0.033,23,W,14,N,,,182074,104.12,0
2010,4625.077,"Mount",-0.106,-0.051,-0.004,0.118,0.020,0.041,12,W,18,S,,,197387,112.51,0
2011,4627.216,"Mount",-0.151,0.009,-0.077,0.130,-0.011,0.048,6,E,21,S,,,194259,108.33,0
2012,4629.651,"Mount",0.076,0.120,-0.071,-0.123,-0.006,-0.042,3,E,18,N,,,188311,112.89,0
2013,4631.855,"Mount",-0.113,0.179,-0.211,0.018,-0.086,0.000,49,E,0,,,,188531,101.68,0
2014,4634.217,"Mount",-0.179,-0.011,-0.073,0.164,-0.045,0.059,25,E,25,S,,,188984,108.38,0
2015,4636.366,"Mount",-0.114,0.069,-0.114,0.069,-0.074,0.027,43,E,12,S,,,192492,110.17,0
2016,4638.721,"Mount",0.007,0.039,-0.031,-0.024,-0.053,0.000,30,E,0,,,,189780,105.89,0
2017,4640.945,"Mount",0.037,0.084,-0.058,-0.072,-0.069,-0.026,40,E,11,N,,,213560,129.17,0
2018,4643.352,"Mount",-0.071,0.084,-0.108,0.024,-0.135,0.000,77,E,0,,,,200502,105.32,0
2019,4645.550,"Mount",-0.111,0.223,-0.249,-0.005,-0.225,0.000,129,E,0,,,,188021,108.92,0
2020,4647.981,"Mount",-0.109,0.118,-0.155,0.043,-0.200,0.000,114,E,0,,,,199724,97.32,0
2021,4650.232,"Mount",-0.007,0.166,-0.151,-0.070,-0.193,-0.025,110,E,11,N,,,198416,124.61,0
2022,4652.744,"Mount",-0.261,-0.043,-0.082,0.252,-0.174,0.090,100,E,38,S,,,201340,107.05,0
2023,4655.075,"Mount",-0.173,-0.056,-0.030,0.179,-0.137,0.068,79,E,29,S,,,191670,99.35,0
2024,4657.497,"Mount",-0.013,0.047,-0.048,-0.010,-0.147,0.000,84,E,0,,,,195384,110.34,0
2025,4659.785,"Mount",-0.157,-0.122,0.036,0.195,-0.136,0.070,78,E,30,S,,,192871,115.33,0
2026,4662.197,"Mount",-0.083,-0.103,0.053,0.121,-0.126,0.046,72,E,20,S,,,189706,107.43,0
2027,4664.368,"Mount",0.054,-0.104,0.117,0.000,-0.057,0.000,33,E,0,,,,209196,113.68,0
2028,4666.667,"Mount",0.049,-0.191,0.192,0.045,0.001,0.000,0,,0,,,,199895,106.08,0
2029,4668.821,"Mount",0.093,-0.092,0.124,-0.040,-0.013,0.000,8,E,0,,,,195893,111.50,0
2030,4671.207,"Mount",-0.157,-0.114,0.029,0.192,-0.064,0.069,37,E,30,S,,,203653,122.69,0
2031,4673.427,"Mount",-0.162,-0.197,0.100,0.234,0.008,0.087,5,W,37,S,,,195284,110.32,0
2032,4675.754,"Mount",0.029,-0.162,0.157,0.049,0.041,0.000,24,W,0,,,,201358,103.69,0
2033,4677.877,"Mount",0.023,-0.074,0.077,0.014,0.007,0.000,4,W,0,,,,203991,110.67,0
2034,4680.250,"Mount",-0.177,-0.085,-0.006,0.196,-0.022,0.071,12,E,30,S,,,203815,105.66,0
2035,4682.395,"Mount",-0.019,-0.080,0.062,0.053,-0.002,0.000,1,E,0,,,,211987,118.46,0
2036,4684.858,"Mount",0.105,-0.002,0.050,-0.092,-0.045,-0.033,26,E,14,N,,,201300,107.05,0
2037,4687.074,"Mount",-0.042,0.109,-0.116,-0.013,-0.117,0.000,67,E,0,,,,201760,111.74,0
2038,4689.523,"Mount",0.046,0.203,-0.159,-0.135,-0.157,-0.049,90,E,21,N,,,212922,110.05,0
2039,4691.764,"Mount",0.581,0.182,0.106,-0.600,-0.046,-0.218,27,E,93,N,,,218896,131.72,0
2040,4694.375,"Mount",-0.802,-0.009,-0.361,0.715,-0.291,0.249,166,E,106,S,,,221518,118.73,0
2041,4696.745,"Mount",-0.444,0.126,-0.317,0.335,-0.275,0.131,157,E,56,S,,,203274,106.99,0
2042,4699.255,"Mount",-0.011,0.109,-0.102,-0.040,-0.191,0.000,109,E,0,,,,209015,117.14,0
2043,4701.553,"Mount",0.012,0.189,-0.162,-0.099,-0.238,-0.035,136,E,15,N,,,217286,112.72,0
2044,4704.138,"Mount",0.356,0.313,-0.114,-0.460,-0.240,-0.167,137,E,71,N,,,215427,112.28,0
2045,4706.453,"Mount",-0.217,0.083,-0.174,0.155,-0.294,0.049,168,E,21,S,,,206120,102.61,0
2046,4708.903,"Mount",0.014,0.085,-0.069,-0.052,-0.254,0.000,145,E,0,,,,219608,110.24,0
2047,4711.257,"Mount",-0.214,0.052,-0.145,0.165,-0.282,0.060,161,E,25,S,,,224479,107.36,0
2048,4713.741,"Mount",-0.110,-0.003,-0.049,0.099,-0.245,0.038,140,E,16,S,,,223726,126.51,0
2049,4716.020,"Mount",-0.161,0.058,-0.126,0.116,-0.276,0.043,158,E,19,S,,,235818,141.29,0
2050,4718.597,"Mount",-0.153,-0.020,-0.053,0.145,-0.234,0.054,134,E,23,S,,,210957,104.59,0
2051,4720.858,"Mount",-0.157,0.058,-0.123,0.113,-0.258,0.043,148,E,18,S,,,211028,114.18,0
2052,4723.356,"Mount",0.056,0.086,-0.051,-0.090,-0.214,-0.031,122,E,13,N,,,216580,110.75,0
2053,4725.551,"Mount",-0.044,-0.015,-0.007,0.046,-0.180,0.000,103,E,0,,,,232562,128.75,0
2054,4728.010,"Mount",-0.079,-0.003,-0.033,0.071,-0.169,0.026,96,E,11,S,,,214455,121.70,0
2055,4730.205,"Mount",0.120,-0.057,0.106,-0.080,-0.113,-0.028,65,E,12,N,,,203298,111.74,0
2056,4732.683,"Mount",-0.133,-0.024,-0.040,0.129,-0.148,0.045,84,E,19,S,,,191647,102.24,0
2057,4734.785,"Mount",0.026,-0.178,0.170,0.059,-0.053,0.000,30,E,0,,,,206625,110.64,0
2058,4737.176,"Mount",0.033,-0.070,0.077,0.003,-0.089,0.000,51,E,0,,,,210710,102.38,0
2059,4739.261,"Mount",0.076,-0.122,0.144,-0.011,-0.042,0.000,24,E,0,,,,202882,117.29,0
2060,4741.656,"Mount",0.003,-0.098,0.088,0.043,-0.090,0.000,51,E,0,,,,185517,104.53,0
2061,4743.766,"Mount",0.002,-0.095,0.085,0.042,-0.073,0.000,42,E,0,,,,194643,102.80,0
2062,4746.191,"Mount",-0.087,-0.013,-0.029,0.083,-0.115,0.030,65,E,13,S,,,181459,101.73,0
2063,4748.268,"Mount",0.081,-0.031,0.065,-0.057,-0.073,0.000,42,E,0,,,,201728,119.14,0
2064,4750.627,"Mount",0.071,-0.064,0.090,-0.033,-0.050,0.000,29,E,0,,,,184326,111.98,0
2065,4752.733,"Mount",0.159,-0.234,0.281,-0.033,0.039,0.000,22,W,0,,,,174057,114.96,0
2066,4755.192,"Mount",0.214,-0.010,0.107,-0.185,-0.030,-0.067,17,E,28,N,,,183515,103.66,0
2067,4757.332,"Mount",-0.049,-0.130,0.092,0.103,-0.014,0.035,8,E,15,S,,,184098,119.29,0
2068,4759.677,"Mount",-0.031,-0.070,0.048,0.060,-0.051,0.000,29,E,0,,,,170485,102.10,0
2069,4761.860,"Mount",0.236,-0.153,0.244,-0.139,0.060,-0.050,34,W,21,N,,,170947,114.71,0
2070,4764.265,"Mount",-0.125,-0.026,-0.035,0.123,-0.051,0.042,29,E,18,S,,,162772,105.28,0
2071,4766.484,"Mount",0.149,0.004,0.065,-0.134,-0.021,-0.047,12,E,20,N,,,181146,115.50,0
2072,4768.814,"Mount",0.145,-0.084,0.142,-0.090,0.015,-0.034,8,W,15,N,,,174718,117.02,0
2073,4770.902,"Mount",-0.086,-0.131,0.076,0.137,0.001,0.048,0,,20,S,,,189597,112.23,0
2074,4773.229,"Mount",0.017,-0.059,0.060,0.012,-0.021,0.000,12,E,0,,,,190444,125.13,0
2075,4775.469,"Mount",-0.004,-0.151,0.133,0.073,0.067,0.026,38,W,11,S,,,183285,102.31,0
2076,4777.761,"Mount",-0.023,-0.073,0.054,0.054,0.032,0.000,18,W,0,,,,169403,96.38,0
2077,4779.936,"Mount",-0.093,-0.110,0.055,0.133,0.044,0.048,25,W,21,S,,,189694,112.80,0
2078,4782.295,"Mount",0.098,-0.149,0.177,-0.018,0.141,0.000,81,W,0,,,,181352,106.89,0
2079,4784.459,"Mount",0.034,-0.176,0.172,0.051,0.162,0.000,93,W,0,,,,187654,102.11,0
2080,4786.911,"Mount",-0.018,-0.226,0.193,0.121,0.171,0.043,98,W,19,S,,,168466,103.96,0
2081,4789.052,"Mount",0.029,-0.062,0.069,0.003,0.130,0.000,74,W,0,,,,191814,119.70,0
2082,4791.490,"Mount",0.020,-0.052,0.056,0.006,0.123,0.000,70,W,0,,,,188689,99.10,0
2083,4793.763,"Mount",0.229,-0.114,0.206,-0.151,0.223,-0.054,127,W,23,N,,,166808,92.82,0
2084,4796.176,"Mount",0.059,-0.047,0.069,-0.031,0.181,0.000,103,W,0,,,,185809,111.35,0
2085,4798.374,"Mount",0.017,0.048,-0.035,-0.037,0.139,0.000,79,W,0,,,,173167,110.98,0
2086,4800.862,"Mount",-0.087,0.008,-0.047,0.074,0.143,0.027,82,W,11,S,,,168403,98.36,0
2087,4803.053,"Mount",0.058,-0.076,0.094,-0.016,0.173,0.000,99,W,0,,,,172000,96.72,0
2088,4805.550,"Mount",-0.022,-0.118,0.094,0.074,0.182,0.027,104,W,11,S,,,176905,97.34,0
2089,4807.727,"Mount",0.071,0.113,-0.068,-0.115,0.090,-0.040,52,W,17,N,,,203929,128.82,0
2090,4810.176,"Mount",0.145,-0.058,0.119,-0.102,0.157,-0.038,90,W,16,N,,,207441,109.36,0
2091,4812.334,"Mount",0.042,0.030,-0.007,-0.051,0.078,0.000,45,W,0,,,,191663,114.13,0
2092,4814.705,"Mount",-0.034,0.002,-0.018,0.029,0.050,0.000,29,W,0,,,,186445,93.90,0
2093,4816.824,"Mount",-0.118,0.150,-0.188,0.036,-0.041,0.000,23,E,0,,,,181177,99.42,0
2094,4819.241,"Mount",0.088,0.237,-0.170,-0.188,-0.047,-0.068,27,E,29,N,,,201490,113.86,0
2095,4821.446,"Mount",-0.205,0.134,-0.214,0.120,-0.091,0.040,52,E,17,S,,,178543,96.03,0
2096,4824.019,"Mount",-0.284,-0.020,-0.113,0.262,-0.073,0.096,42,E,41,S,,,189476,117.60,0
2097,4826.206,"Mount",0.013,0.168,-0.143,-0.089,-0.090,-0.028,52,E,12,N,,,178836,96.34,0
2098,4828.543,"Mount",-0.005,0.044,-0.042,-0.016,-0.039,0.000,23,E,0,,,,188211,111.25,0
2099,4830.694,"Mount",-0.099,0.190,-0.214,-0.000,-0.132,0.000,76,E,0,,,,194453,109.85,0
2100,4833.051,"Mount",-0.078,-0.008,-0.029,0.073,-0.026,0.026,15,E,11,S,,,192802,115.89,0
2101,4835.176,"Mount",-0.009,-0.166,0.143,0.085,0.045,0.032,25,W,13,S,,,189947,101.22,0
2102,4837.514,"Mount",0.015,-0.016,0.021,-0.006,-0.008,0.000,5,E,0,,,,202490,122.94,0
2103,4839.590,"Mount",0.026,-0.075,0.078,0.012,0.037,0.000,21,W,0,,,,201414,104.10,0
2104,4841.931,"Mount",0.004,-0.049,0.045,0.019,0.036,0.000,21,W,0,,,,197596,103.70,0
2105,4844.098,"Mount",-0.051,-0.082,0.049,0.083,0.054,0.030,31,W,13,S,,,202314,108.66,0
2106,4846.490,"Mount",0.069,-0.215,0.222,0.038,0.181,0.000,104,W,0,,,,208600,107.61,0
2107,4848.643,"Mount",0.068,-0.108,0.127,-0.010,0.162,0.000,93,W,0,,,,208500,125.07,0
2108,4851.154,"Mount",0.260,-0.016,0.134,-0.223,0.183,-0.080,105,W,34,N,,,217081,111.99,0
2109,4853.495,"Mount",0.009,-0.213,0.193,0.090,0.221,0.029,126,W,13,S,,,222729,108.66,0
2110,4855.931,"Mount",0.080,-0.107,0.131,-0.022,0.212,0.000,121,W,0,,,,217979,120.60,0
2111,4858.254,"Mount",0.158,-0.128,0.186,-0.081,0.232,-0.029,133,W,12,N,,,221121,117.57,0
2112,4860.762,"Mount",0.188,-0.112,0.186,-0.115,0.242,-0.042,138,W,18,N,,,204874,116.91,0
2113,4862.995,"Mount",-0.025,-0.127,0.101,0.081,0.201,0.027,115,W,12,S,,,218312,127.17,0
2114,4865.400,"Mount",0.019,-0.023,0.030,-0.006,0.157,0.000,90,W,0,,,,199487,110.28,0
2115,4867.666,"Mount",-0.049,-0.139,0.101,0.107,0.199,0.039,114,W,17,S,,,194298,119.54,0
2116,4870.113,"Mount",-0.134,-0.040,-0.026,0.138,0.151,0.051,86,W,22,S,,,190689,106.05,0
2117,4872.254,"Mount",0.072,-0.060,0.086,-0.036,0.176,0.000,100,W,0,,,,186531,122.84,0
2118,4874.626,"Mount",-0.002,0.111,-0.100,-0.050,0.087,0.000,49,W,0,,,,184711,107.55,0
2119,4876.686,"Mount",-0.057,0.157,-0.166,-0.022,0.040,0.000,23,W,0,,,,193420,122.53,0
2120,4879.159,"Mount",0.056,0.076,-0.041,-0.084,0.112,-0.030,64,W,13,N,,,183527,98.82,0
2121,4881.237,"Mount",-0.175,0.211,-0.268,0.058,-0.029,0.000,17,E,0,,,,190545,107.16,0
2122,4883.633,"Mount",-0.148,0.046,-0.109,0.110,0.036,0.040,21,W,17,S,,,194937,106.59,0
2123,4885.746,"Mount",-0.047,0.218,-0.215,-0.059,-0.028,0.000,16,E,0,,,,208405,114.27,0
2124,4888.036,"Mount",-0.047,0.089,-0.101,0.001,-0.008,0.000,5,E,0,,,,194176,112.42,0
2125,4890.217,"Mount",-0.146,0.135,-0.187,0.067,-0.062,0.024,36,E,10,S,,,179959,100.33,0
2126,4892.479,"Mount",-0.072,0.062,-0.088,0.036,-0.018,0.000,10,E,0,,,,183041,118.19,0
2127,4894.608,"Mount",-0.081,0.112,-0.136,0.020,-0.051,0.000,29,E,0,,,,197777,116.09,0
2128,4896.882,"Mount",0.029,0.023,-0.008,-0.036,0.011,0.000,6,W,0,,,,188395,106.15,0
2129,4899.066,"Mount",0.015,0.133,-0.111,-0.075,-0.051,-0.027,29,E,12,N,,,198242,122.18,0
2130,4901.483,"Mount",-0.143,0.080,-0.137,0.090,-0.067,0.031,38,E,13,S,,,192936,117.95,0
2131,4903.696,"Mount",0.049,0.087,-0.055,-0.083,-0.004,-0.029,2,E,12,N,,,199865,116.17,0
2132,4906.083,"Mount",-0.068,-0.003,-0.029,0.061,-0.002,0.021,1,E,9,S,,,207972,120.98,0
2133,4908.168,"Mount",-0.073,-0.047,0.008,0.087,0.000,0.032,0,,14,S,,,190253,102.56,0
2134,4910.534,"Mount",-0.129,-0.063,-0.003,0.143,0.005,0.053,3,W,23,S,,,178742,97.08,0
2135,4912.764,"Mount",-0.309,-0.225,0.057,0.378,0.001,0.138,1,W,59,S,,,189501,110.70,0
2136,4915.192,"Mount",-0.307,-0.293,0.119,0.408,0.048,0.152,27,W,65,S,,,186808,105.87,0
2137,4917.332,"Mount",-0.100,0.039,-0.081,0.071,-0.038,0.032,22,E,13,S,,,169503,94.33,0
2138,4919.774,"Mount",-0.250,-0.083,-0.041,0.260,-0.003,0.095,2,E,41,S,,,183009,108.32,0
2139,4921.848,"Mount",-0.025,-0.082,0.061,0.060,0.011,0.000,7,W,0,,,,186415,138.30,0
2140,4924.212,"Mount",-0.118,-0.057,-0.004,0.131,-0.020,0.047,11,E,20,S,,,177045,104.44,0
2141,4926.302,"Mount",0.047,-0.041,0.058,-0.023,-0.018,0.000,10,E,0,,,,193888,114.28,0
2142,4928.791,"Mount",0.004,0.137,-0.120,-0.067,-0.069,-0.024,39,E,10,N,,,182885,107.16,0
2143,4930.959,"Mount",0.030,-0.114,0.115,0.026,0.034,0.000,19,W,0,,,,170133,105.03,0
2144,4933.266,"Mount",0.070,-0.026,0.055,-0.050,-0.032,0.000,18,E,0,,,,179106,108.49,0
2145,4937.640,"Mount",-0.045,0.119,-0.126,-0.015,-0.122,0.000,70,E,0,,,,175857,106.71,0
2146,4940.017,"Mount",-0.079,-0.118,0.068,0.124,-0.017,0.045,10,E,19,S,,,185689,113.74,0
INFO: SET LOCK POSITION, new lock pos = 597.072, 584.866
INFO: DITHER by -11.991, -11.359, new lock pos = 601.634, 600.741
INFO: SETTLING STATE CHANGE, Settling started
2147,4954.063,"Mount",-4.562,-15.875,11.991,11.359,11.991,11.359,6856,W,4859,S,,,205177,121.29,0
2148,4956.984,"Mount",0.983,-1.442,1.733,-0.206,0.780,-0.074,446,W,32,N,,,159848,99.76,0
2149,4959.515,"Mount",0.758,-1.037,1.269,-0.194,0.571,-0.073,327,W,31,N,,,183266,111.06,0
2150,4962.048,"Mount",0.189,-0.639,0.654,0.127,0.294,0.043,168,W,18,S,,,169909,99.75,0
2151,4964.211,"Mount",0.114,-0.341,0.355,0.057,0.160,0.000,91,W,0,,,,171050,109.46,0
2152,4966.655,"Mount",0.207,-0.178,0.253,-0.102,0.114,-0.037,65,W,16,N,,,164396,106.53,0
2153,4968.838,"Mount",-0.155,-0.117,0.032,0.192,0.014,0.068,8,W,29,S,,,159706,95.92,0
2154,4971.393,"Mount",0.374,-0.009,0.181,-0.327,0.081,-0.115,46,W,49,N,,,166798,105.40,0
2155,4973.540,"Mount",0.020,-0.142,0.135,0.048,0.061,0.000,35,W,0,,,,160998,105.16,0
2156,4976.060,"Mount",-0.200,-0.243,0.123,0.289,0.056,0.104,32,W,45,S,,,158910,91.75,0
2157,4978.296,"Mount",0.113,0.301,-0.215,-0.239,-0.097,-0.082,55,E,35,N,,,150447,92.63,0
2158,4980.732,"Mount",-0.320,0.091,-0.228,0.242,-0.090,0.084,52,E,36,S,,,155019,95.68,0
2159,4983.055,"Mount",-0.310,0.276,-0.388,0.148,-0.172,0.056,98,E,24,S,,,155740,96.00,0
2160,4985.544,"Mount",-0.307,0.262,-0.374,0.152,-0.170,0.057,97,E,24,S,,,162156,104.73,0
2161,4987.707,"Mount",0.017,0.206,-0.175,-0.110,-0.100,-0.037,57,E,16,N,,,153297,91.84,0
2162,4990.180,"Mount",0.012,0.363,-0.316,-0.178,-0.188,-0.066,108,E,28,N,,,165277,100.65,0
INFO: SETTLING STATE CHANGE, Settling complete
2163,4992.358,"Mount",-0.068,0.226,-0.232,-0.044,-0.182,0.000,104,E,0,,,,172484,102.67,0
2164,4994.781,"Mount",-0.060,0.074,-0.093,0.019,-0.155,0.000,89,E,0,,,,180770,105.70,0
2165,4996.907,"Mount",-0.033,0.025,-0.037,0.017,-0.112,0.000,64,E,0,,,,177382,98.11,0
2166,4999.417,"Mount",-0.154,0.026,-0.094,0.124,-0.185,0.045,106,E,19,S,,,184076,101.73,0
2167,5001.650,"Mount",-0.088,0.084,-0.115,0.039,-0.199,0.000,114,E,0,,,,183580,110.40,0
2168,5004.044,"Mount",-0.005,0.021,-0.021,-0.006,-0.174,0.000,99,E,0,,,,198167,108.18,0
2169,5006.323,"Mount",0.147,0.189,-0.100,-0.217,-0.214,-0.078,122,E,33,N,,,201503,132.04,0
2170,5008.730,"Mount",-0.064,-0.181,0.131,0.141,-0.097,0.047,55,E,20,S,,,183842,103.95,0
2171,5010.916,"Mount",-0.040,-0.201,0.160,0.128,-0.065,0.048,37,E,21,S,,,185935,111.62,0
2172,5013.329,"Mount",0.087,-0.040,0.075,-0.058,-0.085,0.000,49,E,0,,,,172534,111.29,0
2173,5015.416,"Mount",0.118,-0.135,0.174,-0.043,-0.006,0.000,4,E,0,,,,184356,113.06,0
2174,5017.725,"Mount",-0.008,-0.105,0.090,0.056,-0.033,0.000,19,E,0,,,,163712,113.49,0
2175,5019.847,"Mount",0.025,-0.221,0.207,0.080,0.035,0.029,20,W,12,S,,,166275,100.62,0
2176,5022.216,"Mount",0.175,-0.095,0.165,-0.111,0.046,-0.039,26,W,17,N,,,165759,96.24,0
2177,5024.369,"Mount",0.151,-0.095,0.154,-0.090,0.066,-0.034,37,W,14,N,,,154563,105.65,0
2178,5026.706,"Mount",-0.015,0.035,-0.038,-0.003,-0.001,0.000,1,E,0,,,,161610,90.01,0
2179,5028.843,"Mount",0.002,0.112,-0.099,-0.053,-0.051,0.000,29,E,0,,,,158386,106.80,0
2180,5031.225,"Mount",-0.119,0.162,-0.199,0.031,-0.100,0.000,57,E,0,,,,144955,101.03,0
2181,5033.389,"Mount",-0.054,0.087,-0.102,0.008,-0.079,0.000,45,E,0,,,,157000,101.00,0
2182,5035.881,"Mount",-0.258,0.409,-0.482,0.040,-0.289,0.000,165,E,0,,,,158198,104.91,0
2183,5038.084,"Mount",-0.105,0.031,-0.075,0.079,-0.126,0.028,72,E,12,S,,,143017,95.37,0
2184,5040.545,"Mount",-0.121,0.207,-0.240,0.011,-0.219,0.000,125,E,0,,,,154940,104.51,0
2185,5042.911,"Mount",-0.164,0.224,-0.274,0.042,-0.248,0.000,142,E,0,,,,152118,96.74,0
2186,5045.297,"Mount",-0.036,0.146,-0.146,-0.036,-0.202,0.000,115,E,0,,,,148254,108.52,0
2187,5047.542,"Mount",-0.019,0.173,-0.162,-0.063,-0.205,-0.023,117,E,10,N,,,155038,99.34,0
2188,5050.161,"Mount",-0.228,0.274,-0.348,0.076,-0.308,0.026,176,E,11,S,,,175174,112.05,0
2189,5052.525,"Mount",-0.196,0.304,-0.360,0.033,-0.330,0.000,189,E,0,,,,164152,105.16,0
2190,5055.131,"Mount",0.084,0.561,-0.460,-0.334,-0.398,-0.120,228,E,51,N,,,168022,100.31,0
2191,5057.497,"Mount",-0.308,0.251,-0.365,0.158,-0.365,0.052,209,E,22,S,,,161023,94.53,0
2192,5060.027,"Mount",-0.236,0.051,-0.154,0.186,-0.286,0.069,164,E,30,S,,,164443,100.00,0
2193,5062.232,"Mount",0.020,-0.023,0.030,-0.007,-0.245,0.000,140,E,0,,,,159229,91.84,0
2194,5064.677,"Mount",0.031,0.046,-0.027,-0.049,-0.247,0.000,141,E,0,,,,159779,104.08,0
2195,5066.938,"Mount",-0.058,-0.022,-0.008,0.062,-0.222,0.022,127,E,10,S,,,174334,116.96,0
2196,5069.367,"Mount",0.027,0.020,-0.006,-0.034,-0.226,0.000,129,E,0,,,,180559,104.85,0
2197,5071.676,"Mount",-0.000,-0.033,0.029,0.015,-0.214,0.000,122,E,0,,,,171927,105.07,0
2198,5074.099,"Mount",0.017,0.037,-0.025,-0.033,-0.235,0.000,135,E,0,,,,176549,116.07,0
2199,5076.307,"Mount",0.127,-0.096,0.144,-0.069,-0.141,-0.025,81,E,11,N,,,170984,107.23,0
2200,5078.729,"Mount",-0.008,-0.236,0.206,0.116,-0.100,0.041,57,E,17,S,,,187553,110.26,0
2201,5080.910,"Mount",0.125,-0.149,0.190,-0.043,-0.100,0.000,57,E,0,,,,179991,109.28,0
2202,5083.322,"Mount",0.281,-0.185,0.293,-0.164,-0.019,-0.059,11,E,25,N,,,185988,101.77,0
2203,5085.436,"Mount",0.061,-0.179,0.187,0.029,-0.035,0.000,20,E,0,,,,190291,106.91,0
2204,5087.776,"Mount",0.078,-0.159,0.177,0.004,-0.025,0.000,14,E,0,,,,191813,113.66,0
2205,5089.979,"Mount",-0.047,-0.157,0.118,0.115,-0.052,0.041,30,E,18,S,,,198529,118.57,0
2206,5092.446,"Mount",-0.055,0.040,-0.060,0.030,-0.130,0.000,74,E,0,,,,209125,113.47,0
2207,5094.685,"Mount",-0.033,-0.068,0.045,0.061,-0.079,0.022,45,E,9,S,,,189079,107.93,0
2208,5097.103,"Mount",-0.057,-0.096,0.059,0.095,-0.101,0.035,58,E,15,S,,,180835,101.33,0
2209,5099.256,"Mount",0.112,-0.029,0.078,-0.086,-0.055,-0.030,32,E,13,N,,,184034,112.08,0
2210,5101.637,"Mount",0.045,0.028,-0.005,-0.053,-0.083,0.000,47,E,0,,,,187277,108.93,0
2211,5103.709,"Mount",0.039,-0.125,0.129,0.023,-0.007,0.000,4,E,0,,,,175436,110.03,0
2212,5106.127,"Mount",0.089,-0.301,0.308,0.060,0.074,0.022,42,W,9,S,,,184762,101.98,0
2213,5108.249,"Mount",-0.023,-0.156,0.128,0.092,-0.009,0.034,5,E,15,S,,,164973,110.62,0
2214,5110.588,"Mount",-0.023,-0.035,0.020,0.037,-0.058,0.000,33,E,0,,,,189958,107.62,0
2215,5112.734,"Mount",0.008,-0.184,0.167,0.078,0.023,0.028,13,W,12,S,,,189244,106.62,0
2216,5115.175,"Mount",0.105,0.081,-0.024,-0.131,-0.062,-0.046,36,E,20,N,,,182233,120.04,0
2217,5117.265,"Mount",-0.024,-0.049,0.032,0.044,-0.065,0.000,37,E,0,,,,179476,100.38,0
2218,5119.675,"Mount",0.152,-0.134,0.189,-0.073,0.037,-0.026,21,W,11,N,,,164031,95.68,0
2219,5121.815,"Mount",-0.010,-0.147,0.126,0.077,0.017,0.027,10,W,11,S,,,174294,108.43,0
2220,5124.216,"Mount",0.025,-0.192,0.182,0.067,0.073,0.025,42,W,11,S,,,178213,110.87,0
2221,5126.513,"Mount",0.109,-0.401,0.406,0.088,0.208,0.033,119,W,14,S,,,156068,95.62,0
2222,5128.941,"Mount",0.187,-0.150,0.219,-0.096,0.158,-0.033,90,W,14,N,,,169844,104.63,0
2223,5131.373,"Mount",0.250,-0.234,0.323,-0.114,0.219,-0.042,125,W,18,N,,,187179,121.48,0
2224,5133.837,"Mount",0.034,-0.074,0.082,0.004,0.147,0.000,84,W,0,,,,197746,125.28,0
2225,5136.010,"Mount",0.030,-0.162,0.157,0.048,0.173,0.000,99,W,0,,,,187531,111.34,0
2226,5138.422,"Mount",-0.030,-0.053,0.033,0.051,0.115,0.000,66,W,0,,,,196897,114.16,0
2227,5140.597,"Mount",-0.050,-0.032,0.005,0.059,0.116,0.000,67,W,0,,,,189696,114.24,0
2228,5142.985,"Mount",0.010,-0.048,0.047,0.014,0.105,0.000,60,W,0,,,,183787,102.22,0
2229,5145.218,"Mount",0.053,-0.126,0.136,0.011,0.173,0.000,99,W,0,,,,199561,121.80,0
2230,5147.607,"Mount",0.008,-0.031,0.031,0.007,0.129,0.000,74,W,0,,,,194730,113.53,0
2231,5149.765,"Mount",0.068,-0.047,0.073,-0.038,0.161,0.000,92,W,0,,,,185471,100.52,0
2232,5152.313,"Mount",-0.318,-0.032,-0.118,0.297,0.103,0.107,59,W,46,S,,,195973,119.36,0
2233,5154.582,"Mount",-0.243,-0.044,-0.073,0.236,0.131,0.089,75,W,38,S,,,175276,111.49,0
2234,5156.974,"Mount",-0.218,0.254,-0.326,0.077,-0.005,0.031,3,E,13,S,,,161977,109.05,0
2235,5159.156,"Mount",-0.255,0.247,-0.337,0.112,-0.023,0.042,13,E,18,S,,,163249,94.69,0
2236,5161.674,"Mount",0.279,0.495,-0.311,-0.475,-0.060,-0.170,34,E,73,N,,,177548,97.98,0
2237,5163.826,"Mount",-0.190,0.191,-0.257,0.080,-0.055,0.022,32,E,9,S,,,171428,100.01,0
2238,5166.255,"Mount",-0.213,-0.096,-0.013,0.233,0.035,0.085,20,W,36,S,,,180185,111.08,0
2239,5168.365,"Mount",-0.104,0.123,-0.157,0.035,-0.072,0.000,41,E,0,,,,168622,105.93,0
2240,5170.770,"Mount",-0.112,0.085,-0.127,0.060,-0.065,0.022,37,E,9,S,,,178246,106.92,0
2241,5172.860,"Mount",-0.078,0.147,-0.166,0.001,-0.096,0.000,55,E,0,,,,172585,98.74,0
2242,5175.277,"Mount",0.073,-0.006,0.039,-0.062,-0.027,-0.022,15,E,10,N,,,178736,129.96,0
2243,5177.424,"Mount",-0.035,-0.069,0.045,0.063,-0.037,0.022,21,E,9,S,,,167189,100.57,0
2244,5179.861,"Mount",-0.147,-0.146,0.062,0.198,-0.020,0.072,11,E,31,S,,,162882,100.96,0
2245,5181.971,"Mount",-0.053,-0.011,-0.015,0.052,-0.032,0.000,18,E,0,,,,184235,115.68,0
2246,5184.401,"Mount",-0.017,-0.244,0.208,0.127,0.065,0.046,37,W,20,S,,,189015,117.65,0
2247,5186.598,"Mount",0.221,-0.001,0.103,-0.195,0.021,-0.068,12,W,29,N,,,184577,111.40,0
2248,5189.063,"Mount",-0.023,-0.251,0.212,0.137,0.101,0.046,58,W,20,S,,,181795,102.28,0
2249,5191.265,"Mount",0.222,-0.149,0.235,-0.128,0.133,-0.044,76,W,19,N,,,195503,111.56,0
2250,5193.873,"Mount",-0.015,-0.497,0.434,0.243,0.261,0.086,149,W,37,S,,,198639,118.95,0
2251,5196.103,"Mount",0.141,-0.134,0.184,-0.063,0.176,-0.019,101,W,8,N,,,177518,105.39,0
2252,5198.700,"Mount",0.186,-0.176,0.242,-0.083,0.208,-0.031,119,W,13,N,,,179354,96.36,0
2253,5200.909,"Mount",0.108,-0.154,0.186,-0.025,0.199,0.000,114,W,0,,,,201328,123.72,0
2254,5203.324,"Mount",0.095,-0.093,0.126,-0.041,0.202,0.000,115,W,0,,,,186871,116.30,0
2255,5205.552,"Mount",0.216,0.036,0.068,-0.209,0.165,-0.075,95,W,32,N,,,176051,101.81,0
2256,5207.941,"Mount",0.047,-0.024,0.043,-0.030,0.158,0.000,90,W,0,,,,188425,105.09,0
2257,5210.196,"Mount",0.092,0.064,-0.015,-0.111,0.156,-0.040,89,W,17,N,,,204086,106.82,0
2258,5212.700,"Mount",0.007,-0.136,0.124,0.057,0.204,0.000,117,W,0,,,,210406,117.10,0
2259,5215.019,"Mount",-0.057,-0.106,0.067,0.099,0.206,0.036,118,W,15,S,,,219319,108.43,0
2260,5217.458,"Mount",-0.002,-0.082,0.072,0.040,0.195,0.000,111,W,0,,,,201135,107.01,0
2261,5219.582,"Mount",-0.055,0.067,-0.085,0.018,0.116,0.000,66,W,0,,,,220087,136.95,0
2262,5221.966,"Mount",-0.055,0.074,-0.091,0.014,0.099,0.000,56,W,0,,,,212983,121.97,0
2263,5224.117,"Mount",-0.086,0.085,-0.115,0.037,0.072,0.000,41,W,0,,,,199351,110.66,0
2264,5226.424,"Mount",-0.085,0.154,-0.175,0.004,0.033,0.000,19,W,0,,,,199962,102.58,0
2265,5228.558,"Mount",-0.004,0.172,-0.154,-0.076,0.023,-0.027,13,W,12,N,,,196793,109.21,0
2266,5230.969,"Mount",-0.253,0.146,-0.246,0.157,-0.025,0.055,14,E,24,S,,,201976,106.31,0
2267,5233.056,"Mount",-0.048,0.073,-0.087,0.008,0.030,0.000,17,W,0,,,,206348,111.37,0
2268,5235.449,"Mount",0.043,0.072,-0.044,-0.071,0.045,-0.026,26,W,11,N,,,200350,113.99,0
2269,5237.630,"Mount",0.062,0.344,-0.277,-0.214,-0.097,-0.078,55,E,33,N,,,197819,110.28,0
2270,5239.958,"Mount",0.022,0.087,-0.068,-0.060,0.005,0.000,3,W,0,,,,182843,104.61,0
2271,5242.132,"Mount",-0.232,0.040,-0.142,0.187,-0.042,0.067,24,E,29,S,,,201356,104.36,0
2272,5244.598,"Mount",0.043,0.146,-0.110,-0.106,-0.034,-0.035,20,E,15,N,,,192182,100.78,0
2273,5246.771,"Mount",-0.073,-0.017,-0.018,0.072,-0.010,0.025,6,E,11,S,,,187772,113.31,0
2274,5249.093,"Mount",-0.083,0.031,-0.065,0.059,-0.035,0.000,20,E,0,,,,190357,104.09,0
2275,5251.153,"Mount",0.005,0.092,-0.079,-0.047,-0.047,0.000,27,E,0,,,,203203,106.91,0
2276,5253.467,"Mount",0.022,0.042,-0.027,-0.039,-0.007,0.000,4,E,0,,,,194274,106.93,0
2277,5255.536,"Mount",-0.009,-0.063,0.052,0.037,-0.004,0.000,2,E,0,,,,210174,122.56,0
2278,5257.877,"Mount",-0.001,-0.083,0.073,0.039,0.037,0.000,21,W,0,,,,201722,107.55,0
2279,5260.068,"Mount",0.140,0.016,0.050,-0.132,0.005,-0.047,3,W,20,N,,,206728,111.47,0
2280,5262.469,"Mount",-0.069,-0.064,0.025,0.091,-0.002,0.031,1,E,13,S,,,205221,115.49,0
2281,5264.607,"Mount",-0.128,-0.183,0.104,0.198,0.040,0.072,23,W,31,S,,,179946,101.53,0
2282,5266.933,"Mount",-0.075,0.029,-0.061,0.053,-0.029,0.000,17,E,0,,,,197166,126.05,0
2283,5269.099,"Mount",0.179,0.006,0.077,-0.162,0.025,-0.058,14,W,25,N,,,193425,103.76,0
2284,5271.550,"Mount",0.094,-0.005,0.048,-0.081,-0.026,-0.032,15,E,14,N,,,188120,95.04,0
2285,5273.751,"Mount",-0.181,-0.114,0.017,0.213,-0.009,0.075,5,E,32,S,,,189195,99.73,0
2286,5276.031,"Mount",-0.014,-0.005,-0.002,0.015,-0.007,0.000,4,E,0,,,,182326,111.45,0
2287,5278.114,"Mount",0.011,-0.047,0.046,0.012,-0.017,0.000,10,E,0,,,,179380,111.79,0
2288,5280.465,"Mount",-0.037,0.162,-0.161,-0.042,-0.099,0.000,57,E,0,,,,172645,101.19,0
2289,5282.626,"Mount",0.165,0.139,-0.047,-0.210,-0.032,-0.076,18,E,32,N,,,184120,101.61,0
2290,5285.051,"Mount",-0.093,-0.112,0.056,0.135,-0.040,0.045,23,E,19,S,,,179223,98.28,0
2291,5287.141,"Mount",0.047,-0.025,0.044,-0.031,-0.050,0.000,29,E,0,,,,194249,118.14,0
2292,5289.534,"Mount",-0.086,0.076,-0.107,0.042,-0.100,0.000,57,E,0,,,,195543,108.60,0
2293,5291.693,"Mount",-0.194,-0.202,0.090,0.265,-0.014,0.095,8,E,41,S,,,183919,102.37,0
2294,5294.088,"Mount",0.301,0.015,0.125,-0.274,-0.006,-0.095,4,E,41,N,,,201533,113.41,0
2295,5296.217,"Mount",-0.070,-0.152,0.103,0.132,-0.012,0.044,7,E,19,S,,,210703,126.60,0
2296,5298.658,"Mount",-0.243,-0.191,0.057,0.304,-0.037,0.111,21,E,48,S,,,208352,116.08,0
2297,5300.867,"Mount",0.001,-0.295,0.263,0.135,0.101,0.053,58,W,23,S,,,194574,120.20,0
2298,5303.192,"Mount",0.023,-0.012,0.021,-0.015,-0.006,0.000,4,E,0,,,,201396,121.25,0
2299,5305.346,"Mount",0.319,0.121,0.039,-0.339,0.010,-0.122,6,W,52,N,,,207058,121.47,0
2300,5307.849,"Mount",-0.135,-0.242,0.152,0.231,0.101,0.078,58,W,34,S,,,189814,102.34,0
2301,5310.075,"Mount",-0.046,-0.104,0.071,0.089,0.069,0.035,40,W,15,S,,,175848,104.43,0
2302,5312.383,"Mount",-0.068,0.095,-0.116,0.017,-0.006,0.000,4,E,0,,,,198110,121.28,0
2303,5314.528,"Mount",0.041,0.007,0.013,-0.040,0.056,0.000,32,W,0,,,,201349,120.55,0
2304,5316.831,"Mount",0.031,-0.026,0.037,-0.015,0.038,0.000,22,W,0,,,,187997,101.76,0
2305,5318.957,"Mount",-0.031,0.178,-0.172,-0.055,-0.052,0.000,30,E,0,,,,193571,125.54,0
2306,5321.352,"Mount",0.099,0.021,0.027,-0.098,0.030,-0.035,17,W,15,N,,,173256,105.42,0
2307,5323.480,"Mount",0.015,-0.025,0.030,-0.002,0.030,0.000,17,W,0,,,,179480,99.74,0
2308,5325.862,"Mount",-0.235,0.075,-0.175,0.173,-0.047,0.062,27,E,27,S,,,195849,124.57,0
2309,5327.944,"Mount",-0.012,0.050,-0.050,-0.012,0.030,0.000,17,W,0,,,,176967,104.97,0
2310,5330.352,"Mount",-0.001,0.260,-0.232,-0.119,-0.093,-0.043,53,E,18,N,,,205681,109.56,0
2311,5332.492,"Mount",-0.162,0.084,-0.149,0.105,-0.074,0.036,42,E,15,S,,,198164,135.25,0
2312,5334.972,"Mount",-0.009,0.284,-0.256,-0.123,-0.138,-0.043,79,E,18,N,,,214591,119.81,0
2313,5337.209,"Mount",-0.106,0.168,-0.198,0.017,-0.138,0.000,79,E,0,,,,192739,117.74,0
2314,5339.785,"Mount",-0.391,0.509,-0.632,0.112,-0.368,0.040,210,E,17,S,,,208464,123.92,0
2315,5342.081,"Mount",-0.304,0.227,-0.341,0.165,-0.270,0.061,154,E,26,S,,,196420,120.02,0
2316,5344.650,"Mount",0.208,0.249,-0.125,-0.300,-0.206,-0.105,118,E,45,N,,,199346,109.89,0
2317,5346.801,"Mount",0.051,-0.008,0.030,-0.042,-0.158,0.000,90,E,0,,,,199458,110.68,0
2318,5349.308,"Mount",-0.106,-0.096,0.036,0.139,-0.187,0.050,107,E,21,S,,,194468,123.38,0
2319,5351.397,"Mount",0.127,-0.172,0.211,-0.033,-0.071,0.000,40,E,0,,,,200276,119.17,0
2320,5353.832,"Mount",-0.104,-0.191,0.122,0.180,-0.096,0.065,55,E,28,S,,,193603,112.47,0
2321,5355.973,"Mount",0.061,0.011,0.018,-0.059,-0.128,0.000,73,E,0,,,,207851,108.64,0
2322,5358.344,"Mount",-0.001,0.038,-0.034,-0.017,-0.113,0.000,65,E,0,,,,202530,111.67,0
2323,5360.504,"Mount",0.143,-0.029,0.091,-0.113,-0.059,-0.041,34,E,17,N,,,195058,104.18,0
2324,5362.937,"Mount",-0.130,-0.307,0.212,0.257,0.009,0.091,5,W,39,S,,,182631,106.65,0
2325,5365.056,"Mount",0.017,-0.130,0.123,0.044,-0.015,0.000,9,E,0,,,,179692,116.14,0
2326,5367.370,"Mount",0.042,-0.073,0.085,-0.004,-0.016,0.000,9,E,0,,,,192302,126.22,0
2327,5369.464,"Mount",0.065,-0.155,0.168,0.014,0.052,0.000,30,W,0,,,,181937,106.04,0
2328,5371.802,"Mount",0.069,-0.192,0.202,0.028,0.097,0.000,56,W,0,,,,185765,112.48,0
2329,5373.821,"Mount",0.038,-0.033,0.047,-0.019,-0.001,0.000,0,,0,,,,180595,109.65,0
2330,5376.197,"Mount",-0.086,-0.070,0.022,0.108,0.006,0.039,3,W,17,S,,,182057,109.57,0
2331,5378.313,"Mount",0.035,-0.061,0.070,-0.003,0.027,0.000,15,W,0,,,,202783,113.65,0
2332,5380.724,"Mount",0.043,0.086,-0.056,-0.078,-0.038,-0.028,22,E,12,N,,,176287,115.11,0
2333,5382.974,"Mount",0.076,0.171,-0.116,-0.146,-0.121,-0.054,69,E,23,N,,,189945,110.31,0
2334,5385.471,"Mount",-0.001,0.201,-0.178,-0.092,-0.189,-0.035,108,E,15,N,,,190489,132.57,0
2335,5387.692,"Mount",-0.140,0.126,-0.177,0.066,-0.197,0.022,113,E,10,S,,,184920,102.80,0
2336,5390.216,"Mount",-0.178,0.192,-0.252,0.069,-0.248,0.026,142,E,11,S,,,194488,120.04,0
2337,5392.556,"Mount",0.045,0.332,-0.274,-0.193,-0.274,-0.068,157,E,29,N,,,183434,115.56,0
2338,5395.052,"Mount",-0.262,0.082,-0.193,0.195,-0.232,0.067,133,E,29,S,,,176276,101.77,0
2339,5397.285,"Mount",-0.176,0.284,-0.333,0.025,-0.306,0.000,175,E,0,,,,182217,107.63,0
2340,5399.922,"Mount",-0.374,0.519,-0.633,0.092,-0.451,0.033,258,E,14,S,,,194044,113.59,0
2341,5402.178,"Mount",-0.108,0.292,-0.308,-0.039,-0.306,0.000,175,E,0,,,,183431,116.01,0
2342,5404.657,"Mount",-0.088,0.254,-0.266,-0.039,-0.301,0.000,172,E,0,,,,180523,108.13,0
2343,5406.904,"Mount",0.010,0.077,-0.063,-0.044,-0.223,0.000,127,E,0,,,,194014,119.49,0
2344,5409.341,"Mount",0.068,-0.011,0.041,-0.055,-0.233,0.000,133,E,0,,,,186898,107.17,0
2345,5411.577,"Mount",0.004,0.009,-0.006,-0.007,-0.234,0.000,134,E,0,,,,184370,105.77,0
2346,5414.120,"Mount",-0.059,-0.111,0.072,0.104,-0.213,0.037,122,E,16,S,,,180913,106.93,0
2347,5416.350,"Mount",0.127,-0.008,0.065,-0.109,-0.210,-0.038,120,E,16,N,,,172527,102.80,0
2348,5418.769,"Mount",0.091,-0.117,0.145,-0.026,-0.202,0.000,115,E,0,,,,178215,103.86,0
2349,5421.058,"Mount",-0.037,-0.148,0.114,0.102,-0.197,0.037,112,E,16,S,,,187243,115.28,0
2350,5423.478,"Mount",0.110,-0.423,0.426,0.097,-0.041,0.037,24,E,16,S,,,172057,114.84,0
2351,5425.601,"Mount",0.132,-0.184,0.224,-0.032,-0.093,0.000,53,E,0,,,,177293,111.22,0
2352,5428.035,"Mount",0.056,-0.072,0.089,-0.016,-0.133,0.000,76,E,0,,,,186388,103.51,0
2353,5430.138,"Mount",0.085,-0.174,0.194,0.005,-0.041,0.000,23,E,0,,,,183925,98.53,0
2354,5432.515,"Mount",0.105,-0.122,0.156,-0.037,-0.055,0.000,31,E,0,,,,178433,102.28,0
2355,5434.652,"Mount",0.173,-0.038,0.113,-0.135,-0.046,-0.049,26,E,21,N,,,190330,119.68,0
2356,5436.999,"Mount",0.132,-0.353,0.375,0.046,0.063,0.000,36,W,0,,,,206395,117.49,0
2357,5439.155,"Mount",-0.066,-0.130,0.085,0.119,-0.057,0.043,33,E,18,S,,,188710,99.24,0
2358,5441.634,"Mount",-0.049,-0.166,0.125,0.120,-0.023,0.045,13,E,19,S,,,172985,94.76,0
2359,5443.804,"Mount",0.015,0.003,0.004,-0.015,-0.077,0.000,44,E,0,,,,183699,109.81,0
2360,5446.209,"Mount",0.055,0.065,-0.032,-0.079,-0.081,-0.028,46,E,12,N,,,181731,101.21,0
2361,5448.333,"Mount",-0.010,0.064,-0.061,-0.020,-0.100,0.000,57,E,0,,,,189701,108.36,0
2362,5450.742,"Mount",-0.144,0.161,-0.209,0.053,-0.177,0.000,101,E,0,,,,193940,110.55,0
2363,5452.901,"Mount",-0.013,0.055,-0.054,-0.014,-0.065,0.000,37,E,0,,,,169240,110.81,0
2364,5455.269,"Mount",0.063,-0.099,0.117,-0.010,-0.033,0.000,19,E,0,,,,177854,105.58,0
2365,5457.383,"Mount",0.027,-0.021,0.031,-0.015,-0.077,0.000,44,E,0,,,,164471,98.03,0
2366,5459.865,"Mount",-0.255,-0.112,-0.018,0.278,-0.087,0.100,50,E,43,S,,,184044,106.66,0
2367,5462.067,"Mount",-0.081,-0.278,0.210,0.200,0.023,0.076,13,W,32,S,,,166738,90.30,0
2368,5464.472,"Mount",0.131,-0.079,0.131,-0.080,-0.019,-0.026,11,E,11,N,,,189516,115.17,0
2369,5466.578,"Mount",0.034,-0.181,0.176,0.053,0.038,0.000,22,W,0,,,,186605,116.62,0
2370,5468.869,"Mount",0.065,-0.207,0.213,0.038,0.068,0.000,39,W,0,,,,180685,111.41,0
2371,5471.111,"Mount",0.035,-0.316,0.297,0.115,0.141,0.041,81,W,18,S,,,207051,130.38,0
2372,5473.476,"Mount",0.138,-0.228,0.266,-0.017,0.159,0.000,91,W,0,,,,185862,102.44,0
2373,5475.668,"Mount",0.101,-0.113,0.147,-0.037,0.127,0.000,73,W,0,,,,185422,125.18,0
2374,5478.227,"Mount",-0.067,-0.318,0.252,0.206,0.200,0.074,115,W,32,S,,,195243,134.43,0
2375,5480.504,"Mount",0.413,-0.090,0.270,-0.325,0.223,-0.114,127,W,49,N,,,192178,113.13,0
2376,5482.969,"Mount",-0.160,-0.111,0.024,0.193,0.109,0.065,62,W,28,S,,,183061,108.86,0
2377,5485.239,"Mount",-0.168,-0.056,-0.027,0.175,0.113,0.065,65,W,28,S,,,203708,124.93,0
2378,5487.712,"Mount",0.115,-0.108,0.149,-0.052,0.197,0.000,113,W,0,,,,217086,107.49,0
2379,5489.892,"Mount",-0.049,-0.068,0.038,0.075,0.123,0.027,70,W,12,S,,,216587,114.19,0
2380,5492.331,"Mount",0.057,-0.070,0.089,-0.018,0.161,0.000,92,W,0,,,,213414,107.31,0
2381,5494.545,"Mount",-0.009,-0.077,0.065,0.043,0.157,0.000,90,W,0,,,,200164,107.48,0
2382,5497.033,"Mount",0.219,-0.004,0.105,-0.193,0.171,-0.069,98,W,30,N,,,217689,116.86,0
2383,5499.196,"Mount",0.022,-0.166,0.158,0.057,0.204,0.000,116,W,0,,,,184870,103.33,0
2384,5501.641,"Mount",-0.317,-0.079,-0.076,0.318,0.106,0.114,61,W,49,S,,,188465,110.82,0
2385,5503.848,"Mount",-0.250,0.326,-0.405,0.072,-0.057,0.030,32,E,13,S,,,191257,110.97,0
2386,5506.239,"Mount",0.063,0.148,-0.103,-0.124,0.074,-0.043,42,W,19,N,,,165726,99.57,0
2387,5508.380,"Mount",0.009,0.182,-0.157,-0.092,0.014,-0.035,8,W,15,N,,,179890,109.62,0
2388,5510.732,"Mount",0.049,-0.021,0.041,-0.034,0.066,0.000,38,W,0,,,,162412,107.37,0
2389,5512.901,"Mount",-0.270,0.288,-0.380,0.106,-0.123,0.038,70,E,16,S,,,164904,114.56,0
2390,5515.372,"Mount",-0.334,0.092,-0.235,0.253,-0.082,0.093,47,E,40,S,,,169705,107.88,0
2391,5517.494,"Mount",-0.137,0.192,-0.233,0.033,-0.103,0.000,59,E,0,,,,166476,112.32,0
2392,5519.871,"Mount",0.020,0.091,-0.072,-0.060,-0.054,0.000,31,E,0,,,,164865,117.50,0
2393,5522.053,"Mount",0.074,0.122,-0.074,-0.122,-0.073,-0.044,42,E,19,N,,,159962,94.55,0
2394,5524.454,"Mount",-0.023,-0.074,0.055,0.054,-0.064,0.000,37,E,0,,,,167569,97.97,0
2395,5526.709,"Mount",0.068,0.001,0.030,-0.061,-0.051,-0.022,29,E,9,N,,,185211,115.51,0
2396,5529.020,"Mount",0.054,-0.161,0.167,0.026,0.025,0.000,14,W,0,,,,173843,103.97,0
2397,5531.213,"Mount",-0.005,-0.191,0.167,0.092,0.037,0.033,21,W,14,S,,,174671,106.12,0
2398,5533.580,"Mount",0.066,-0.207,0.214,0.037,0.068,0.000,39,W,0,,,,170427,107.01,0
2399,5535.753,"Mount",0.176,-0.107,0.176,-0.107,0.086,-0.039,49,W,16,N,,,173029,103.54,0
2400,5538.139,"Mount",0.141,-0.178,0.223,-0.043,0.150,0.000,86,W,0,,,,188168,114.40,0
2401,5540.315,"Mount",0.069,-0.241,0.246,0.050,0.185,0.000,106,W,0,,,,179910,119.13,0
2402,5542.830,"Mount",0.039,-0.334,0.314,0.119,0.231,0.043,132,W,18,S,,,169236,100.23,0
2403,5545.079,"Mount",0.092,-0.276,0.287,0.046,0.245,0.000,140,W,0,,,,179736,103.95,0
2404,5547.533,"Mount",0.127,-0.145,0.187,-0.045,0.212,0.000,121,W,0,,,,208470,122.00,0
2405,5549.851,"Mount",0.175,-0.124,0.190,-0.098,0.229,-0.035,131,W,15,N,,,205784,124.90,0
2406,5552.257,"Mount",-0.043,-0.058,0.032,0.065,0.153,0.022,87,W,9,S,,,177461,98.27,0
2407,5554.537,"Mount",-0.037,-0.201,0.161,0.126,0.220,0.046,126,W,20,S,,,194557,110.64,0
2408,5556.931,"Mount",-0.006,0.047,-0.045,-0.017,0.158,0.000,90,W,0,,,,193850,113.92,0
2409,5559.144,"Mount",-0.101,0.005,-0.051,0.087,0.142,0.031,81,W,13,S,,,177261,97.95,0
2410,5561.536,"Mount",0.067,-0.006,0.036,-0.057,0.155,0.000,89,W,0,,,,202645,120.73,0
2411,5563.709,"Mount",0.062,-0.146,0.158,0.012,0.198,0.000,113,W,0,,,,198991,115.52,0
2412,5566.114,"Mount",0.087,-0.082,0.113,-0.039,0.204,0.000,117,W,0,,,,195006,109.21,0
2413,5568.265,"Mount",0.019,0.022,-0.011,-0.027,0.139,0.000,79,W,0,,,,174519,105.50,0
2414,5570.758,"Mount",0.009,0.116,-0.099,-0.061,0.108,-0.022,62,W,9,N,,,190406,97.25,0
2415,5572.912,"Mount",-0.099,0.112,-0.145,0.036,0.091,0.000,52,W,0,,,,191788,114.35,0
2416,5575.283,"Mount",0.005,0.098,-0.085,-0.049,0.105,0.000,60,W,0,,,,198779,108.23,0
2417,5577.427,"Mount",0.032,0.276,-0.231,-0.155,0.006,-0.056,3,W,24,N,,,217803,118.99,0
2418,5579.724,"Mount",-0.091,0.128,-0.155,0.022,0.036,0.000,20,W,0,,,,200654,119.73,0
2419,5581.817,"Mount",-0.101,0.233,-0.253,-0.018,-0.048,0.000,28,E,0,,,,193127,100.23,0
2420,5584.213,"Mount",0.081,0.178,-0.121,-0.154,-0.013,-0.055,7,E,24,N,,,204062,107.94,0
2421,5586.410,"Mount",-0.154,0.053,-0.118,0.112,-0.038,0.038,22,E,16,S,,,216661,116.71,0
2422,5588.744,"Mount",0.021,0.003,0.007,-0.020,-0.013,0.000,8,E,0,,,,210969,116.00,0
2423,5590.787,"Mount",-0.007,0.002,-0.005,0.006,-0.011,0.000,7,E,0,,,,191097,105.53,0
2424,5593.209,"Mount",-0.186,0.012,-0.096,0.160,-0.067,0.057,38,E,25,S,,,191421,100.56,0
2425,5595.280,"Mount",-0.066,0.045,-0.071,0.038,-0.038,0.000,22,E,0,,,,201970,106.44,0
2426,5597.674,"Mount",-0.103,0.003,-0.050,0.090,-0.010,0.032,5,E,14,S,,,206709,107.49,0
2427,5599.778,"Mount",-0.118,0.158,-0.195,0.032,-0.093,0.000,53,E,0,,,,192632,108.08,0
2428,5602.018,"Mount",0.009,-0.030,0.031,0.006,-0.001,0.000,0,,0,,,,191922,104.18,0
2429,5604.112,"Mount",0.025,-0.031,0.039,-0.008,0.007,0.000,4,W,0,,,,207976,107.80,0
2430,5606.458,"Mount",0.006,-0.020,0.021,0.004,0.015,0.000,9,W,0,,,,213579,146.86,0
2431,5608.533,"Mount",0.050,-0.144,0.151,0.022,0.072,0.000,41,W,0,,,,196150,101.64,0
2432,5610.891,"Mount",0.045,-0.173,0.174,0.040,0.071,0.000,40,W,0,,,,194699,112.47,0
2433,5612.969,"Mount",0.089,-0.091,0.121,-0.037,0.039,0.000,22,W,0,,,,187606,106.12,0
2434,5615.352,"Mount",-0.047,-0.063,0.034,0.070,-0.006,0.025,3,E,11,S,,,186002,101.27,0
2435,5617.364,"Mount",-0.065,0.009,-0.038,0.054,0.000,0.000,0,,0,,,,182059,105.87,0
2436,5619.723,"Mount",-0.026,-0.017,0.003,0.031,-0.008,0.000,5,E,0,,,,196299,106.52,0
2437,5621.864,"Mount",-0.165,-0.028,-0.051,0.159,-0.003,0.057,2,E,24,S,,,184286,95.32,0
2438,5624.136,"Mount",0.033,0.008,0.008,-0.033,-0.012,0.000,7,E,0,,,,191945,105.12,0
2439,5626.227,"Mount",-0.058,0.049,-0.070,0.028,-0.053,0.000,31,E,0,,,,175028,103.32,0
2440,5628.615,"Mount",-0.156,0.060,-0.125,0.111,-0.089,0.040,51,E,17,S,,,191412,106.87,0
2441,5630.815,"Mount",-0.142,0.065,-0.123,0.096,-0.094,0.036,54,E,15,S,,,181924,113.37,0
2442,5633.306,"Mount",-0.175,0.195,-0.254,0.066,-0.159,0.025,91,E,11,S,,,194117,108.24,0
2443,5635.472,"Mount",0.048,0.060,-0.031,-0.071,-0.048,-0.024,28,E,10,N,,,185816,118.60,0
2444,5637.895,"Mount",0.073,0.057,-0.017,-0.091,-0.055,-0.034,32,E,14,N,,,179733,99.02,0
2445,5640.050,"Mount",0.157,-0.005,0.077,-0.137,-0.032,-0.051,18,E,22,N,,,191955,118.41,0
2446,5642.461,"Mount",-0.049,-0.106,0.072,0.092,-0.034,0.031,19,E,13,S,,,196975,121.91,0
2447,5644.574,"Mount",-0.034,-0.184,0.148,0.115,0.011,0.043,6,W,18,S,,,204597,116.22,0
2448,5647.082,"Mount",0.082,-0.324,0.325,0.077,0.123,0.029,70,W,13,S,,,180500,102.89,0
2449,5649.176,"Mount",0.033,-0.176,0.172,0.052,0.068,0.000,39,W,0,,,,193463,96.83,0
2450,5651.605,"Mount",-0.118,-0.116,0.049,0.158,0.015,0.057,9,W,24,S,,,198011,128.30,0
2451,5653.741,"Mount",-0.031,0.006,-0.020,0.025,0.043,0.000,24,W,0,,,,204277,110.33,0
2452,5656.124,"Mount",0.170,0.197,-0.096,-0.242,0.002,-0.087,1,W,37,N,,,184799,105.84,0
2453,5658.227,"Mount",0.020,0.029,-0.016,-0.031,0.049,0.000,28,W,0,,,,198822,104.34,0
2454,5660.660,"Mount",-0.271,-0.112,-0.025,0.292,0.039,0.105,23,W,45,S,,,207690,123.20,0
2455,5662.785,"Mount",-0.066,0.015,-0.043,0.051,0.038,0.000,22,W,0,,,,195380,108.87,0
2456,5665.120,"Mount",-0.071,0.059,-0.085,0.036,0.004,0.000,2,W,0,,,,185614,102.98,0
2457,5667.207,"Mount",-0.059,-0.014,-0.015,0.058,0.031,0.000,18,W,0,,,,209553,99.86,0
2458,5669.593,"Mount",0.009,0.118,-0.100,-0.063,-0.005,-0.023,3,E,10,N,,,204799,109.57,0
2459,5671.710,"Mount",-0.068,0.036,-0.063,0.043,0.010,0.000,6,W,0,,,,196594,101.30,0
2460,5674.083,"Mount",-0.135,0.070,-0.124,0.087,-0.030,0.031,17,E,13,S,,,199225,114.89,0
2461,5676.185,"Mount",-0.032,0.128,-0.128,-0.031,-0.045,0.000,26,E,0,,,,179109,96.32,0
2462,5678.574,"Mount",-0.009,0.087,-0.081,-0.032,-0.051,0.000,29,E,0,,,,184788,98.99,0
2463,5680.774,"Mount",-0.239,0.404,-0.469,0.025,-0.237,0.000,136,E,0,,,,193499,121.75,0
2464,5683.254,"Mount",0.105,0.283,-0.203,-0.224,-0.131,-0.081,75,E,34,N,,,180094,105.20,0
2465,5685.531,"Mount",0.035,0.215,-0.174,-0.130,-0.152,-0.050,87,E,21,N,,,158625,91.72,0
2466,5688.107,"Mount",-0.375,0.065,-0.231,0.303,-0.223,0.107,127,E,46,S,,,163860,96.69,0
2467,5690.335,"Mount",-0.064,0.244,-0.246,-0.055,-0.254,0.000,145,E,0,,,,158119,104.40,0
2468,5692.809,"Mount",0.077,0.034,0.005,-0.084,-0.156,-0.030,89,E,13,N,,,159487,98.37,0
2469,5695.061,"Mount",0.057,0.054,-0.022,-0.076,-0.149,-0.028,85,E,12,N,,,155714,99.62,0
2470,5697.518,"Mount",-0.076,0.063,-0.091,0.038,-0.213,0.000,122,E,0,,,,152021,91.61,0
2471,5699.675,"Mount",-0.035,0.002,-0.017,0.030,-0.161,0.000,92,E,0,,,,167080,107.71,0
2472,5702.144,"Mount",-0.109,0.008,-0.057,0.093,-0.145,0.034,83,E,14,S,,,181468,117.37,0
2473,5704.284,"Mount",-0.023,-0.061,0.044,0.049,-0.137,0.000,78,E,0,,,,169231,96.91,0
2474,5706.688,"Mount",0.058,-0.199,0.203,0.041,-0.042,0.000,24,E,0,,,,200798,123.04,0
2475,5708.934,"Mount",-0.120,-0.410,0.309,0.296,0.039,0.106,22,W,46,S,,,182882,99.03,0
2476,5711.340,"Mount",-0.144,-0.322,0.220,0.276,0.026,0.104,15,W,44,S,,,181301,100.19,0
2477,5713.604,"Mount",-0.213,-0.451,0.303,0.397,0.100,0.147,57,W,63,S,,,198135,119.76,0
2478,5716.019,"Mount",-0.036,-0.205,0.165,0.126,0.070,0.051,40,W,22,S,,,208066,107.85,0
2479,5718.098,"Mount",0.041,-0.014,0.031,-0.030,0.012,0.000,7,W,0,,,,210226,108.28,0
2480,5720.428,"Mount",0.021,0.035,-0.022,-0.034,0.008,0.000,5,W,0,,,,215717,120.38,0
2481,5722.563,"Mount",-0.052,0.011,-0.033,0.041,0.007,0.000,4,W,0,,,,212695,126.55,0
2482,5725.029,"Mount",0.057,0.290,-0.231,-0.185,-0.111,-0.066,64,E,28,N,,,219094,122.81,0
2483,5727.195,"Mount",-0.025,-0.020,0.007,0.032,-0.033,0.000,19,E,0,,,,191873,107.57,0
2484,5729.620,"Mount",-0.115,0.206,-0.235,0.007,-0.159,0.000,91,E,0,,,,210942,112.36,0
2485,5731.864,"Mount",-0.267,0.158,-0.263,0.164,-0.205,0.059,117,E,25,S,,,210891,117.48,0
2486,5734.338,"Mount",-0.203,0.361,-0.414,0.013,-0.301,0.000,172,E,0,,,,210212,120.73,0
2487,5736.693,"Mount",-0.148,0.142,-0.195,0.066,-0.214,0.024,122,E,10,S,,,223224,117.05,0
2488,5739.061,"Mount",0.039,0.046,-0.023,-0.056,-0.160,0.000,91,E,0,,,,213414,108.94,0
2489,5741.283,"Mount",-0.069,0.052,-0.078,0.037,-0.187,0.000,107,E,0,,,,214232,110.50,0
2490,5743.781,"Mount",-0.030,0.111,-0.112,-0.025,-0.228,0.000,131,E,0,,,,211705,120.96,0
2491,5745.999,"Mount",-0.016,0.144,-0.135,-0.052,-0.226,0.000,129,E,0,,,,238008,123.57,0
2492,5748.526,"Mount",-0.184,0.190,-0.253,0.075,-0.289,0.027,165,E,12,S,,,205045,118.12,0
2493,5750.751,"Mount",-0.030,0.157,-0.154,-0.046,-0.257,0.000,147,E,0,,,,207909,121.95,0
2494,5753.245,"Mount",-0.123,0.027,-0.081,0.097,-0.225,0.035,129,E,15,S,,,227008,116.11,0
2495,5755.612,"Mount",-0.144,0.141,-0.192,0.063,-0.303,0.024,173,E,10,S,,,222867,131.43,0
2496,5758.217,"Mount",0.026,0.220,-0.184,-0.124,-0.328,-0.044,188,E,19,N,,,198648,116.81,0
2497,5760.477,"Mount",0.122,0.060,0.003,-0.136,-0.254,-0.051,145,E,22,N,,,193286,100.31,0
2498,5762.990,"Mount",-0.060,0.069,-0.089,0.021,-0.309,0.000,177,E,0,,,,197024,103.13,0
2499,5765.299,"Mount",-0.181,-0.037,-0.050,0.177,-0.263,0.064,151,E,27,S,,,197799,104.52,0
2500,5767.777,"Mount",0.019,-0.004,0.013,-0.015,-0.268,0.000,153,E,0,,,,221303,129.78,0
2501,5769.974,"Mount",0.030,0.005,0.009,-0.029,-0.215,0.000,123,E,0,,,,202678,99.88,0
2502,5772.393,"Mount",0.054,-0.138,0.147,0.016,-0.127,0.000,72,E,0,,,,206645,116.62,0
2503,5774.492,"Mount",0.101,-0.129,0.161,-0.030,-0.095,0.000,55,E,0,,,,209250,117.28,0
2504,5776.863,"Mount",0.012,-0.069,0.067,0.022,-0.091,0.000,52,E,0,,,,198830,106.10,0
2505,5778.941,"Mount",0.082,-0.130,0.153,-0.012,-0.034,0.000,20,E,0,,,,190116,106.21,0
2506,5781.375,"Mount",0.071,0.011,0.023,-0.068,-0.085,-0.024,48,E,10,N,,,208039,114.48,0
2507,5783.484,"Mount",-0.031,-0.027,0.010,0.040,-0.080,0.000,46,E,0,,,,195787,108.18,0
2508,5785.912,"Mount",0.073,-0.020,0.051,-0.056,-0.101,0.000,58,E,0,,,,193961,111.05,0
2509,5788.006,"Mount",0.019,-0.090,0.088,0.025,-0.060,0.000,34,E,0,,,,203699,106.98,0
2510,5790.393,"Mount",-0.014,-0.033,0.023,0.028,-0.109,0.000,62,E,0,,,,194130,101.94,0
2511,5792.536,"Mount",0.077,-0.283,0.286,0.062,0.018,0.022,10,W,10,S,,,191692,109.38,0
2512,5794.903,"Mount",0.016,-0.090,0.087,0.028,-0.078,0.000,44,E,0,,,,205147,125.95,0
2513,5797.029,"Mount",0.013,-0.043,0.044,0.008,-0.100,0.000,57,E,0,,,,177784,96.73,0
2514,5799.412,"Mount",0.019,-0.111,0.107,0.035,-0.050,0.000,29,E,0,,,,184999,100.57,0
2515,5801.489,"Mount",-0.030,-0.035,0.017,0.042,-0.070,0.000,40,E,0,,,,180431,96.87,0
2516,5804.065,"Mount",-0.113,0.043,-0.090,0.080,-0.120,0.029,69,E,12,S,,,194482,127.13,0
2517,5806.158,"Mount",0.036,0.046,-0.024,-0.054,-0.056,0.000,32,E,0,,,,178965,126.02,0
2518,5808.614,"Mount",0.059,-0.381,0.365,0.123,0.114,0.044,65,W,19,S,,,188293,113.45,0
2519,5810.654,"Mount",0.055,-0.135,0.145,0.014,0.001,0.000,0,,0,,,,179770,125.96,0
2520,5812.998,"Mount",0.011,-0.007,0.011,-0.007,-0.050,0.000,29,E,0,,,,190769,128.31,0
2521,5815.058,"Mount",0.126,-0.112,0.157,-0.060,0.043,0.000,25,W,0,,,,214881,125.17,0
2522,5817.403,"Mount",0.081,-0.216,0.229,0.028,0.099,0.000,57,W,0,,,,192604,101.65,0
2523,5819.570,"Mount",0.066,-0.231,0.236,0.048,0.140,0.000,80,W,0,,,,216891,121.22,0
2524,5821.933,"Mount",0.121,-0.144,0.183,-0.041,0.138,0.000,79,W,0,,,,199927,98.49,0
2525,5824.189,"Mount",0.251,-0.114,0.217,-0.170,0.174,-0.061,100,W,26,N,,,193625,97.28,0
2526,5826.580,"Mount",0.023,-0.089,0.089,0.021,0.137,0.000,78,W,0,,,,175219,92.02,0
2527,5828.789,"Mount",0.113,-0.050,0.096,-0.077,0.146,-0.028,84,W,12,N,,,200915,115.99,0
2528,5831.237,"Mount",-0.083,-0.027,-0.014,0.086,0.108,0.030,61,W,13,S,,,193770,101.90,0
2529,5833.449,"Mount",0.123,-0.006,0.062,-0.107,0.138,-0.037,79,W,16,N,,,188539,112.61,0
2530,5835.835,"Mount",0.022,-0.115,0.112,0.034,0.169,0.000,97,W,0,,,,175351,105.02,0
2531,5838.050,"Mount",0.034,-0.097,0.102,0.014,0.160,0.000,91,W,0,,,,194164,111.03,0
2532,5840.595,"Mount",-0.130,0.007,-0.066,0.112,0.103,0.040,59,W,17,S,,,203410,124.08,0
2533,5842.820,"Mount",-0.064,-0.039,0.005,0.075,0.142,0.029,81,W,12,S,,,201786,103.66,0
2534,5845.237,"Mount",0.076,0.028,0.010,-0.080,0.147,-0.028,84,W,12,N,,,219741,125.20,0
2535,5847.409,"Mount",-0.202,0.101,-0.182,0.132,0.061,0.047,35,W,20,S,,,209279,110.84,0
2536,5849.770,"Mount",-0.016,0.137,-0.128,-0.049,0.091,0.000,52,W,0,,,,221855,120.24,0
2537,5851.969,"Mount",-0.069,0.166,-0.179,-0.015,0.040,0.000,23,W,0,,,,221969,124.23,0
2538,5854.265,"Mount",-0.035,0.093,-0.099,-0.011,0.069,0.000,40,W,0,,,,207806,121.86,0
2539,5856.418,"Mount",0.114,0.179,-0.107,-0.184,0.017,-0.066,10,W,28,N,,,222606,125.96,0
2540,5858.795,"Mount",-0.180,0.236,-0.292,0.051,-0.090,0.000,51,E,0,,,,196943,110.38,0
2541,5861.022,"Mount",-0.319,0.212,-0.335,0.185,-0.129,0.067,74,E,28,S,,,200142,112.39,0
2542,5863.477,"Mount",-0.193,0.073,-0.153,0.138,-0.079,0.052,45,E,22,S,,,228126,123.99,0
2543,5865.638,"Mount",-0.052,0.097,-0.110,0.002,-0.081,0.000,46,E,0,,,,208076,100.21,0
2544,5867.945,"Mount",-0.029,0.037,-0.046,0.009,-0.049,0.000,28,E,0,,,,222508,122.72,0
2545,5870.169,"Mount",-0.204,0.024,-0.115,0.170,-0.099,0.061,57,E,26,S,,,224471,126.63,0
2546,5872.619,"Mount",-0.126,-0.094,0.026,0.155,-0.050,0.058,28,E,25,S,,,215125,112.45,0
2547,5874.820,"Mount",-0.106,-0.182,0.113,0.178,0.007,0.066,4,W,28,S,,,208378,112.19,0
2548,5877.224,"Mount",-0.050,-0.273,0.219,0.171,0.073,0.064,42,W,27,S,,,220661,118.05,0
2549,5879.348,"Mount",0.122,-0.198,0.233,-0.017,0.094,0.000,54,W,0,,,,230045,126.85,0
2550,5881.809,"Mount",0.235,-0.342,0.411,-0.051,0.195,0.000,111,W,0,,,,224245,110.54,0
2551,5884.087,"Mount",0.012,-0.178,0.163,0.072,0.132,0.026,76,W,11,S,,,220172,102.81,0
2552,5886.538,"Mount",-0.139,-0.047,-0.022,0.145,0.073,0.053,42,W,23,S,,,217175,104.78,0
2553,5888.740,"Mount",0.065,-0.166,0.177,0.019,0.158,0.000,90,W,0,,,,197368,104.61,0
2554,5891.269,"Mount",-0.046,-0.286,0.232,0.173,0.194,0.062,111,W,27,S,,,209958,116.79,0
2555,5893.466,"Mount",0.098,-0.278,0.292,0.041,0.219,0.000,125,W,0,,,,197194,109.10,0
2556,5895.968,"Mount",-0.025,-0.205,0.170,0.116,0.191,0.042,109,W,18,S,,,222887,107.30,0
2557,5898.165,"Mount",0.083,-0.167,0.187,0.004,0.217,0.000,124,W,0,,,,210824,112.04,0
2558,5900.617,"Mount",0.093,-0.117,0.147,-0.029,0.220,0.000,126,W,0,,,,202105,110.46,0
2559,5902.938,"Mount",0.182,-0.101,0.174,-0.115,0.240,-0.041,137,W,18,N,,,205065,104.68,0
2560,5905.404,"Mount",0.082,-0.048,0.081,-0.051,0.232,0.000,132,W,0,,,,199788,106.59,0
2561,5907.622,"Mount",0.007,-0.087,0.080,0.033,0.206,0.000,118,W,0,,,,182194,100.32,0
2562,5910.107,"Mount",0.022,-0.106,0.104,0.030,0.244,0.000,140,W,0,,,,191041,117.11,0
2563,5912.244,"Mount",-0.001,-0.010,0.008,0.005,0.180,0.000,103,W,0,,,,193015,103.00,0
2564,5914.668,"Mount",-0.108,0.034,-0.080,0.080,0.136,0.029,78,W,12,S,,,187959,96.07,0
2565,5916.811,"Mount",-0.028,0.037,-0.046,0.008,0.142,0.000,81,W,0,,,,206864,121.60,0
2566,5919.188,"Mount",0.027,0.268,-0.226,-0.147,0.022,-0.053,13,W,23,N,,,198094,120.24,0
2567,5921.263,"Mount",-0.092,0.179,-0.201,-0.001,0.018,0.000,10,W,0,,,,182701,111.61,0
2568,5923.562,"Mount",-0.082,0.085,-0.113,0.034,0.036,0.000,21,W,0,,,,186541,108.04,0
2569,5925.667,"Mount",-0.108,0.086,-0.126,0.056,0.020,0.000,11,W,0,,,,189080,109.63,0
2570,5928.067,"Mount",-0.187,0.164,-0.232,0.090,-0.047,0.032,27,E,14,S,,,174015,94.15,0
2571,5930.223,"Mount",0.104,0.033,0.018,-0.107,0.056,-0.037,32,W,16,N,,,176603,100.95,0
2572,5932.633,"Mount",0.030,0.151,-0.121,-0.097,-0.023,-0.036,13,E,16,N,,,181775,101.71,0
2573,5934.769,"Mount",0.034,0.050,-0.029,-0.053,0.036,0.000,20,W,0,,,,160962,92.85,0
2574,5937.190,"Mount",-0.233,-0.112,-0.007,0.258,0.010,0.093,6,W,40,S,,,176168,110.86,0
2575,5939.391,"Mount",-0.118,0.087,-0.131,0.065,-0.049,0.027,28,E,12,S,,,165865,109.91,0
2576,5941.777,"Mount",-0.143,0.195,-0.239,0.036,-0.125,0.000,71,E,0,,,,183358,112.43,0
2577,5943.989,"Mount",0.055,0.028,0.000,-0.062,-0.023,-0.022,13,E,9,N,,,157300,96.44,0
2578,5946.330,"Mount",-0.058,0.105,-0.120,0.003,-0.092,0.000,53,E,0,,,,174996,106.29,0
2579,5948.444,"Mount",-0.052,0.098,-0.112,0.001,-0.074,0.000,43,E,0,,,,140437,89.03,0
2580,5950.749,"Mount",0.019,0.050,-0.035,-0.040,-0.010,0.000,6,E,0,,,,158161,94.00,0
2581,5952.948,"Mount",0.076,-0.013,0.047,-0.061,0.007,-0.022,4,W,9,N,,,150099,90.16,0
2582,5955.243,"Mount",0.003,-0.039,0.036,0.015,0.017,0.000,10,W,0,,,,165134,97.65,0
2583,5957.454,"Mount",0.108,-0.047,0.091,-0.074,0.060,-0.027,34,W,11,N,,,172217,120.35,0
2584,5959.973,"Mount",-0.296,-0.324,0.151,0.413,0.088,0.147,50,W,63,S,,,184465,106.77,0
2585,5962.172,"Mount",-0.197,-0.211,0.097,0.272,0.055,0.104,31,W,44,S,,,187306,115.67,0
2586,5964.551,"Mount",-0.196,0.030,-0.117,0.160,-0.037,0.062,21,E,26,S,,,180767,110.08,0
2587,5966.614,"Mount",0.035,-0.065,0.074,-0.001,0.043,0.000,25,W,0,,,,176815,107.44,0
2588,5968.940,"Mount",0.011,0.033,-0.024,-0.025,-0.006,0.000,3,E,0,,,,179863,114.63,0
2589,5971.096,"Mount",-0.101,-0.055,0.002,0.115,-0.022,0.042,13,E,18,S,,,182740,114.88,0
2590,5973.432,"Mount",0.020,-0.107,0.104,0.031,-0.002,0.000,1,E,0,,,,181366,101.05,0
2591,5975.612,"Mount",0.074,-0.038,0.068,-0.048,-0.018,0.000,10,E,0,,,,183452,111.81,0
2592,5978.049,"Mount",-0.094,0.071,-0.106,0.051,-0.100,0.000,57,E,0,,,,192558,113.14,0
2593,5980.119,"Mount",-0.033,0.049,-0.059,0.007,-0.045,0.000,26,E,0,,,,179126,109.05,0
2594,5982.544,"Mount",0.188,0.060,0.033,-0.194,-0.043,-0.070,24,E,30,N,,,182843,103.48,0
2595,5984.650,"Mount",-0.125,0.153,-0.193,0.040,-0.124,0.000,71,E,0,,,,200918,125.15,0
2596,5987.070,"Mount",-0.152,-0.148,0.061,0.203,-0.025,0.073,15,E,31,S,,,184159,110.76,0
2597,5989.153,"Mount",0.081,-0.059,0.090,-0.044,0.002,0.000,1,W,0,,,,178942,110.34,0
2598,5991.572,"Mount",0.173,-0.199,0.256,-0.062,0.082,-0.022,47,W,9,N,,,180954,123.94,0
2599,5993.678,"Mount",0.070,-0.199,0.209,0.029,0.079,0.000,45,W,0,,,,188828,115.50,0
2600,5996.051,"Mount",0.107,-0.164,0.194,-0.019,0.086,0.000,49,W,0,,,,182120,105.59,0
2601,5998.125,"Mount",-0.010,-0.015,0.009,0.016,0.016,0.000,9,W,0,,,,179941,106.63,0
2602,6000.454,"Mount",-0.005,-0.051,0.043,0.028,0.018,0.000,10,W,0,,,,182715,110.97,0
2603,6002.605,"Mount",-0.065,-0.072,0.034,0.091,0.029,0.033,17,W,14,S,,,169593,97.73,0
2604,6005.048,"Mount",0.008,0.044,-0.035,-0.028,0.041,0.000,23,W,0,,,,177394,105.69,0
2605,6007.124,"Mount",0.025,0.038,-0.022,-0.040,0.021,0.000,12,W,0,,,,164538,91.59,0
2606,6009.511,"Mount",0.027,0.145,-0.116,-0.091,-0.004,-0.033,2,E,14,N,,,174237,106.79,0
2607,6011.723,"Mount",-0.097,-0.002,-0.043,0.087,0.060,0.030,35,W,13,S,,,176271,98.38,0
2608,6014.039,"Mount",-0.047,-0.038,0.012,0.059,0.061,0.000,35,W,0,,,,165628,100.04,0
2609,6016.177,"Mount",0.042,0.116,-0.084,-0.091,0.013,-0.033,7,W,14,N,,,188082,105.63,0
2610,6018.589,"Mount",-0.080,-0.015,-0.023,0.078,0.051,0.027,29,W,11,S,,,181328,103.34,0
2611,6020.713,"Mount",-0.096,0.044,-0.083,0.065,-0.001,0.025,1,E,11,S,,,175217,102.82,0
2612,6023.045,"Mount",-0.022,0.041,-0.047,0.001,0.015,0.000,9,W,0,,,,166882,98.94,0
2613,6025.248,"Mount",-0.034,0.254,-0.241,-0.087,-0.117,-0.031,67,E,13,N,,,181095,105.22,0
2614,6027.661,"Mount",-0.029,0.186,-0.178,-0.060,-0.116,0.000,66,E,0,,,,195714,113.41,0
2615,6029.867,"Mount",0.023,0.205,-0.171,-0.115,-0.137,-0.041,78,E,18,N,,,180934,105.36,0
2616,6032.345,"Mount",-0.256,0.193,-0.289,0.138,-0.215,0.048,123,E,21,S,,,194819,112.24,0
2617,6034.697,"Mount",-0.310,0.313,-0.420,0.131,-0.301,0.049,172,E,21,S,,,188950,110.60,0
2618,6037.160,"Mount",0.008,-0.073,0.069,0.026,-0.123,0.000,70,E,0,,,,192476,116.28,0
2619,6039.365,"Mount",0.049,-0.067,0.082,-0.012,-0.115,0.000,66,E,0,,,,194031,123.07,0
2620,6041.723,"Mount",-0.013,-0.059,0.047,0.039,-0.143,0.000,82,E,0,,,,176540,104.76,0
2621,6043.925,"Mount",-0.064,-0.024,-0.008,0.068,-0.137,0.024,78,E,10,S,,,180580,119.78,0
2622,6046.264,"Mount",0.024,-0.077,0.079,0.014,-0.104,0.000,59,E,0,,,,189591,117.01,0
2623,6048.412,"Mount",0.188,-0.155,0.224,-0.095,-0.033,-0.034,19,E,15,N,,,195303,114.67,0
2624,6050.891,"Mount",-0.160,-0.030,-0.046,0.156,-0.137,0.055,78,E,23,S,,,174984,104.49,0
2625,6053.143,"Mount",-0.117,-0.192,0.116,0.193,-0.077,0.072,44,E,31,S,,,188882,112.09,0
2626,6055.529,"Mount",-0.080,-0.240,0.176,0.182,-0.037,0.068,21,E,29,S,,,176102,107.36,0
2627,6057.769,"Mount",-0.057,-0.422,0.349,0.245,0.081,0.091,46,W,39,S,,,169714,98.91,0
2628,6060.181,"Mount",-0.129,-0.102,0.031,0.162,-0.040,0.062,23,E,26,S,,,193404,125.22,0
2629,6062.275,"Mount",0.117,-0.107,0.149,-0.055,0.050,0.000,29,W,0,,,,175857,100.32,0
2630,6064.666,"Mount",0.085,-0.176,0.195,0.006,0.096,0.000,55,W,0,,,,179966,120.71,0
2631,6066.786,"Mount",0.104,-0.089,0.127,-0.051,0.076,0.000,43,W,0,,,,175858,96.27,0
2632,6069.158,"Mount",-0.077,0.072,-0.100,0.035,-0.030,0.000,17,E,0,,,,181471,99.23,0
2633,6071.442,"Mount",-0.166,0.003,-0.079,0.146,-0.034,0.053,19,E,22,S,,,169336,107.71,0
2634,6073.773,"Mount",-0.026,0.123,-0.122,-0.034,-0.073,0.000,42,E,0,,,,181096,135.38,0
2635,6075.989,"Mount",-0.202,0.076,-0.160,0.144,-0.122,0.052,69,E,22,S,,,178444,118.69,0
2636,6078.374,"Mount",0.026,0.020,-0.006,-0.032,-0.088,0.000,50,E,0,,,,162720,114.20,0
2637,6080.596,"Mount",-0.134,0.094,-0.145,0.075,-0.168,0.027,96,E,12,S,,,158121,107.07,0
2638,6083.092,"Mount",0.082,0.283,-0.214,-0.203,-0.211,-0.072,121,E,31,N,,,153525,97.81,0
2639,6085.321,"Mount",-0.033,0.181,-0.176,-0.055,-0.211,0.000,121,E,0,,,,156132,90.92,0
2640,6087.780,"Mount",-0.064,0.230,-0.234,-0.049,-0.255,0.000,146,E,0,,,,164318,94.35,0
2641,6090.062,"Mount",-0.226,0.196,-0.278,0.110,-0.275,0.040,157,E,17,S,,,158483,115.63,0
2642,6092.535,"Mount",-0.024,0.105,-0.104,-0.027,-0.231,0.000,132,E,0,,,,147284,90.75,0
2643,6094.843,"Mount",-0.232,0.362,-0.428,0.038,-0.383,0.000,219,E,0,,,,160509,90.42,0
2644,6097.398,"Mount",-0.001,0.240,-0.214,-0.110,-0.295,-0.039,169,E,17,N,,,165157,98.07,0
2645,6099.603,"Mount",-0.073,0.078,-0.103,0.029,-0.260,0.000,149,E,0,,,,171401,109.75,0
2646,6102.162,"Mount",-0.169,0.043,-0.116,0.130,-0.273,0.047,156,E,20,S,,,167055,100.31,0
2647,6104.525,"Mount",0.094,0.081,-0.029,-0.121,-0.248,-0.042,142,E,18,N,,,188737,123.69,0
2648,6106.942,"Mount",-0.024,0.003,-0.014,0.019,-0.253,0.000,144,E,0,,,,164843,98.98,0
2649,6109.154,"Mount",-0.045,-0.026,0.003,0.052,-0.249,0.000,142,E,0,,,,161012,92.44,0
2650,6111.526,"Mount",0.136,-0.173,0.216,-0.041,-0.152,0.000,87,E,0,,,,183082,111.62,0
2651,6113.714,"Mount",0.093,-0.132,0.160,-0.022,-0.144,0.000,82,E,0,,,,169943,105.22,0
2652,6116.199,"Mount",0.109,-0.075,0.117,-0.062,-0.167,-0.022,95,E,10,N,,,171740,97.34,0
2653,6118.373,"Mount",-0.022,-0.225,0.190,0.124,-0.094,0.044,54,E,19,S,,,178686,99.85,0
2654,6120.775,"Mount",0.021,-0.070,0.072,0.014,-0.138,0.000,79,E,0,,,,186405,116.24,0
2655,6122.997,"Mount",0.030,-0.202,0.193,0.066,-0.058,0.024,33,E,10,S,,,174770,107.63,0
2656,6125.397,"Mount",-0.007,-0.047,0.039,0.028,-0.140,0.000,80,E,0,,,,176507,114.19,0
2657,6127.490,"Mount",0.060,-0.167,0.176,0.024,-0.056,0.000,32,E,0,,,,173289,110.98,0
2658,6129.908,"Mount",0.072,-0.227,0.235,0.041,-0.020,0.000,12,E,0,,,,173360,110.29,0
2659,6132.120,"Mount",0.077,0.025,0.013,-0.079,-0.104,-0.029,59,E,12,N,,,172239,98.33,0
2660,6134.491,"Mount",0.075,-0.282,0.285,0.064,0.023,0.022,13,W,9,S,,,159410,102.29,0
2661,6136.514,"DROP",,,,,,,,,,,,,72916,66.21,7,"Star lost - mass changed"
2661,6136.606,"Mount",0.000,0.000,-0.076,0.000,-0.076,0.000,43,E,0,,,,159410,102.29,7
2662,6138.931,"DROP",,,,,,,,,,,,,0,0.00,2,"Star lost - low SNR"
2662,6139.034,"Mount",0.000,0.000,-0.095,0.000,-0.095,0.000,54,E,0,,,,159410,102.29,2
2663,6141.121,"DROP",,,,,,,,,,,,,0,0.00,5,"No star found"
2663,6141.223,"Mount",0.000,0.000,-0.076,0.000,-0.076,0.000,43,E,0,,,,159410,102.29,5
2664,6143.600,"DROP",,,,,,,,,,,,,4864,18.99,7,"Star lost - mass changed"
2664,6143.694,"Mount",0.000,0.000,-0.075,0.000,-0.075,0.000,43,E,0,,,,159410,102.29,7
2665,6145.908,"DROP",,,,,,,,,,,,,4195,16.37,7,"Star lost - mass changed"
2665,6145.999,"Mount",0.000,0.000,-0.069,0.000,-0.069,0.000,39,E,0,,,,159410,102.29,7
2666,6148.354,"DROP",,,,,,,,,,,,,0,0.00,2,"Star lost - low SNR"
2666,6148.448,"Mount",0.000,0.000,-0.056,0.000,-0.056,0.000,32,E,0,,,,159410,102.29,2
2667,6150.569,"DROP",,,,,,,,,,,,,0,0.00,2,"Star lost - low SNR"
2667,6150.666,"Mount",0.000,0.000,-0.057,0.000,-0.057,0.000,32,E,0,,,,159410,102.29,2
2668,6152.999,"DROP",,,,,,,,,,,,,0,0.00,2,"Star lost - low SNR"
2668,6153.084,"Mount",0.000,0.000,-0.064,0.000,-0.064,0.000,37,E,0,,,,159410,102.29,2
2669,6155.168,"DROP",,,,,,,,,,,,,0,0.00,2,"Star lost - low SNR"
2669,6155.251,"Mount",0.000,0.000,-0.057,0.000,-0.057,0.000,33,E,0,,,,159410,102.29,2
2670,6157.592,"DROP",,,,,,,,,,,,,2226,12.65,7,"Star lost - mass changed"
2670,6157.674,"Mount",0.000,0.000,-0.054,0.000,-0.054,0.000,31,E,0,,,,159410,102.29,7
2671,6159.794,"DROP",,,,,,,,,,,,,4366,18.82,7,"Star lost - mass changed"
2671,6159.873,"Mount",0.000,0.000,-0.050,0.000,-0.050,0.000,29,E,0,,,,159410,102.29,7
2672,6162.179,"DROP",,,,,,,,,,,,,3745,17.91,7,"Star lost - mass changed"
2672,6162.245,"Mount",0.000,0.000,-0.031,0.000,-0.031,0.000,18,E,0,,,,159410,102.29,7
2673,6164.366,"DROP",,,,,,,,,,,,,4139,16.10,7,"Star lost - mass changed"
2673,6164.431,"Mount",0.000,0.000,-0.009,0.000,-0.009,0.000,5,E,0,,,,159410,102.29,7
2674,6166.781,"DROP",,,,,,,,,,,,,3250,14.82,7,"Star lost - mass changed"
2674,6166.847,"Mount",0.000,0.000,0.033,0.000,0.033,0.000,19,W,0,,,,159410,102.29,7
2675,6169.049,"DROP",,,,,,,,,,,,,3948,16.45,7,"Star lost - mass changed"
2675,6169.140,"Mount",0.000,0.000,0.059,0.000,0.059,0.000,34,W,0,,,,159410,102.29,7
2676,6174.492,"Mount",-0.691,9.960,-9.159,-3.986,-4.039,-1.434,2309,E,613,N,,,2577,12.69,0
2677,6178.345,"Mount",-3.444,-4.480,2.391,5.124,1.239,1.787,708,W,764,S,,,2461,14.15,0
2678,6180.396,"DROP",,,,,,,,,,,,,0,0.00,2,"Star lost - low SNR"
2678,6180.528,"Mount",0.000,0.000,0.178,0.000,0.178,0.000,102,W,0,,,,2461,14.15,2
2679,6182.826,"DROP",,,,,,,,,,,,,3934,16.28,8,"No star found"
2679,6182.958,"Mount",0.000,0.000,0.137,0.000,0.137,0.000,78,W,0,,,,2461,14.15,8
2680,6185.071,"DROP",,,,,,,,,,,,,0,0.00,2,"Star lost - low SNR"
2680,6185.192,"Mount",0.000,0.000,0.123,0.000,0.123,0.000,71,W,0,,,,2461,14.15,2
2681,6187.481,"DROP",,,,,,,,,,,,,0,0.00,2,"Star lost - low SNR"
2681,6187.653,"Mount",0.000,0.000,0.135,0.000,0.135,0.000,77,W,0,,,,2461,14.15,2
2682,6194.726,"Mount",-22.783,10.641,-19.937,15.296,-8.815,5.578,2500,E,2386,S,,,3557,15.87,0
INFO: SET LOCK POSITION, new lock pos = 601.634, 600.741
INFO: DITHER by 16.610, -1.846, new lock pos = 610.921, 586.847
INFO: SETTLING STATE CHANGE, Settling started
2683,6200.676,"Mount",-20.433,-5.847,-4.219,20.825,-1.640,7.720,938,E,2500,S,,,5576,22.55,0
2684,6213.293,"Mount",-9.288,13.894,-16.610,1.846,-16.610,1.846,9496,E,790,S,,,2883,13.49,0
2685,6215.527,"DROP",,,,,,,,,,,,,0,0.00,2,"Star lost - low SNR"
2685,6215.643,"Mount",0.000,0.000,-0.111,0.000,-0.111,0.000,63,E,0,,,,2883,13.49,2
2686,6222.800,"Mount",-30.586,7.670,-20.892,23.590,-9.401,8.492,2500,E,2500,S,,,2528,13.18,0
2687,6225.029,"DROP",,,,,,,,,,,,,0,0.00,2,"Star lost - low SNR"
2687,6225.098,"Mount",0.000,0.000,-0.029,0.000,-0.029,0.000,17,E,0,,,,2528,13.18,2
2688,6230.748,"Mount",-21.883,-7.252,-3.639,22.759,-1.638,8.533,936,E,2500,S,,,2435,11.88,0
2689,6232.980,"DROP",,,,,,,,,,,,,0,0.00,2,"Star lost - low SNR"
2689,6233.112,"Mount",0.000,0.000,0.179,0.000,0.179,0.000,102,W,0,,,,2435,11.88,2
2690,6240.261,"Mount",-23.347,6.711,-16.708,17.611,-7.518,6.681,2500,E,2500,S,,,2791,13.51,0
2691,6247.267,"Mount",-34.924,-8.632,-8.419,34.964,-3.789,12.854,2166,E,2500,S,,,4453,19.33,0
2692,6254.602,"Mount",-24.408,3.326,-14.192,20.115,-6.386,7.756,2500,E,2500,S,,,3120,15.47,0
2693,6259.666,"Mount",-9.447,-8.075,2.817,12.108,1.268,4.669,725,W,1997,S,,,3811,17.31,0
2694,6261.899,"DROP",,,,,,,,,,,,,0,0.00,4,"Star lost - low HFD"
2694,6262.076,"Mount",0.000,0.000,0.261,0.000,0.261,0.000,149,W,0,,,,3811,17.31,4
2695,6264.089,"DROP",,,,,,,,,,,,,0,0.00,2,"Star lost - low SNR"
2695,6264.203,"Mount",0.000,0.000,0.099,0.000,0.099,0.000,56,W,0,,,,3811,17.31,2
2696,6271.586,"Mount",-6.321,-24.569,18.899,16.951,8.504,6.289,2500,W,2500,S,,,3816,18.64,0
2697,6278.935,"Mount",-3.676,-45.295,38.514,24.174,17.331,8.954,2500,W,2500,S,,,3249,15.95,0
2698,6286.269,"Mount",-10.384,-61.276,49.611,37.502,22.325,13.859,2500,W,2500,S,,,2799,14.76,0
2699,6293.604,"Mount",-1.676,-46.589,40.584,22.997,18.263,8.833,2500,W,0,,,,2875,15.39,0
Guiding Ends at 2026-05-19 01:21:45
INFO: SETTLING STATE CHANGE, Settling failed

Log Summary: calcnt:0 gcnt:4 gdur:12101 gacnt:0
Log closed at 2026-05-19 06:43:08
