PHD2 version 2.6.14 [Windows], Log version 2.5. Log enabled at 2026-05-13 20:04:41
INFO: Guiding parameter change, MultiStar = true

Guiding Begins at 2026-05-13 21:22:33
Equipment Profile = 60mmGuide
Dither = both axes, Dither scale = 1.000, Image noise reduction = none, Guide-frame time lapse = 0, Server enabled
Pixel scale = 3.22 arc-sec/px, Binning = 1, Focal length = 240 mm
Search region = 25 px, Star mass tolerance = 50.0%, Multi-star mode, list size = 12
 Camera = ZWO ASI120MM Mini, gain = 37, full size = 1280 x 960, have dark, dark dur = 2000, no defect map, pixel size = 3.8 um
Exposure = 2000 ms
Mount = iOptron CEM120,70,40,26, GEM, HEM, HAE, HAZ series and SkyHunter Mount (ASCOM), connected, guiding enabled, xAngle = 117.4, xRate = 0.045, yAngle = -152.7, yRate = 2.338, parity = +/+
Norm rates RA = 8.3"/s @ dec 0, Dec = 7.5"/s; ortho.err. = 0.1 deg
X guide algorithm = Predictive PEC, Control gain = 0.450
Prediction gain = 0.750
Minimum move = 0.060
Hyperparameters
	Length scale long range SE kernel = 700.000
	Signal variance long range SE kernel = 20.000
	Length scale periodic kernel = 10.000
	Signal variance periodic kernel = 20.000
	Length scale short range SE kernel = 25.000
	Signal variance short range SE kernel = 10.000
	Period length periodic kernel = 348.000
	FFT called after = 2.000 worm cycles
	Auto-adjust period length = Off
Y guide algorithm = Hysteresis, Hysteresis = 0.100, Aggression = 0.400, Minimum move = 0.060
Backlash comp = disabled, pulse = 100 ms
Max RA duration = 2500, Max DEC duration = 2500, DEC guide mode = Auto
RA Guide Speed = 7.5 a-s/s, Dec Guide Speed = 7.5 a-s/s, Cal Dec = 0.0, Last Cal Issue = None, Timestamp = 7/29/2025 9:33:42 PM
RA = 17.09 hr, Dec = 90.0 deg, Hour angle = -5.88 hr, Pier side = Unknown, Rotator pos = N/A, Alt = 31.5 deg, Az = 0.0 deg
Lock position = 937.121, 215.187, Star position = 937.121, 215.187, HFD = 4.13 px
Frame,Time,mount,dx,dy,RARawDistance,DECRawDistance,RAGuideDistance,DECGuideDistance,RADuration,RADirection,DECDuration,DECDirection,XStep,YStep,StarMass,SNR,ErrorCode
INFO: SETTLING STATE CHANGE, Settling started
1,4.748,"Mount",0.059,-0.455,-0.431,0.158,-0.194,0.057,2500,E,24,S,,,144518,79.04,0
2,9.684,"Mount",0.115,0.675,0.546,-0.414,0.246,-0.147,2500,W,63,N,,,118270,66.05,0
3,14.654,"Mount",0.274,-0.163,-0.270,-0.168,-0.122,-0.066,2500,E,28,N,,,148905,87.08,0
4,19.532,"Mount",-0.293,0.165,0.281,0.184,0.126,0.064,2500,W,27,S,,,144860,85.56,0
5,23.043,"Mount",0.058,-0.103,-0.118,-0.004,-0.053,0.000,1184,E,0,,,,151221,79.11,0
INFO: SETTLING STATE CHANGE, Settling complete
6,25.163,"Mount",-0.089,-0.057,-0.009,0.105,0.000,0.038,0,,16,S,,,146043,68.83,0
Guiding Ends at 2026-05-13 21:23:00

Guiding Begins at 2026-05-13 21:23:36
Equipment Profile = 60mmGuide
Dither = both axes, Dither scale = 1.000, Image noise reduction = none, Guide-frame time lapse = 0, Server enabled
Pixel scale = 3.22 arc-sec/px, Binning = 1, Focal length = 240 mm
Search region = 25 px, Star mass tolerance = 50.0%, Multi-star mode, list size = 12
 Camera = ZWO ASI120MM Mini, gain = 37, full size = 1280 x 960, have dark, dark dur = 2000, no defect map, pixel size = 3.8 um
Exposure = 2000 ms
Mount = iOptron CEM120,70,40,26, GEM, HEM, HAE, HAZ series and SkyHunter Mount (ASCOM), connected, guiding enabled, xAngle = -62.6, xRate = 0.217, yAngle = -152.7, yRate = 2.338, parity = +/-
Norm rates RA = 8.3"/s @ dec 0, Dec = 7.5"/s; ortho.err. = 0.1 deg
X guide algorithm = Predictive PEC, Control gain = 0.450
Prediction gain = 0.750
Minimum move = 0.060
Hyperparameters
	Length scale long range SE kernel = 700.000
	Signal variance long range SE kernel = 20.000
	Length scale periodic kernel = 10.000
	Signal variance periodic kernel = 20.000
	Length scale short range SE kernel = 25.000
	Signal variance short range SE kernel = 10.000
	Period length periodic kernel = 348.000
	FFT called after = 2.000 worm cycles
	Auto-adjust period length = Off
Y guide algorithm = Hysteresis, Hysteresis = 0.100, Aggression = 0.400, Minimum move = 0.060
Backlash comp = disabled, pulse = 100 ms
Max RA duration = 2500, Max DEC duration = 2500, DEC guide mode = Auto
RA Guide Speed = 7.5 a-s/s, Dec Guide Speed = 7.5 a-s/s, Cal Dec = 0.0, Last Cal Issue = None, Timestamp = 7/29/2025 9:33:42 PM
RA = 0.02 hr, Dec = 85.1 deg, Hour angle = 11.21 hr, Pier side = East, Rotator pos = N/A, Alt = 26.8 deg, Az = 358.9 deg
Lock position = 183.380, 571.179, Star position = 183.380, 571.179, HFD = 3.63 px
Frame,Time,mount,dx,dy,RARawDistance,DECRawDistance,RAGuideDistance,DECGuideDistance,RADuration,RADirection,DECDuration,DECDirection,XStep,YStep,StarMass,SNR,ErrorCode
INFO: SETTLING STATE CHANGE, Settling started
1,2.493,"Mount",0.238,0.048,0.067,-0.233,0.030,-0.084,138,W,36,N,,,57240,52.17,0
2,5.304,"Mount",0.047,0.255,-0.204,-0.160,-0.092,-0.061,423,E,26,N,,,63473,48.99,0
3,7.945,"Mount",0.131,0.335,-0.237,-0.271,-0.107,-0.100,490,E,43,N,,,58750,43.90,0
4,11.040,"Mount",-0.323,0.207,-0.332,0.191,-0.149,0.065,687,E,28,S,,,66701,63.47,0
5,14.572,"Mount",0.185,0.794,-0.620,-0.531,-0.279,-0.189,1283,E,81,N,,,56380,47.18,0
6,18.958,"Mount",0.088,1.062,-0.902,-0.568,-0.406,-0.212,1868,E,91,N,,,51303,44.38,0
7,22.966,"Mount",-0.411,0.645,-0.761,0.067,-0.343,0.015,1576,E,7,S,,,55629,49.81,0
8,26.909,"Mount",-0.208,0.694,-0.712,-0.135,-0.320,-0.048,1473,E,21,N,,,47972,43.39,0
9,31.122,"Mount",-0.112,1.004,-0.943,-0.364,-0.424,-0.133,1951,E,57,N,,,36729,34.08,0
10,35.978,"Mount",-0.765,0.889,-1.142,0.268,-0.514,0.091,2364,E,39,S,,,41194,40.70,0
11,40.928,"Mount",-0.325,1.802,-1.749,-0.543,-0.740,-0.192,2500,E,82,N,,,40622,39.29,0
12,45.838,"Mount",-0.303,1.560,-1.524,-0.451,-0.638,-0.170,2500,E,73,N,,,37338,39.01,0
13,50.730,"Mount",-0.705,1.170,-1.363,0.085,-0.647,0.024,2500,E,10,S,,,34361,33.79,0
14,55.745,"Mount",-0.592,1.513,-1.616,-0.173,-0.720,-0.061,2500,E,26,N,,,40601,37.89,0
15,60.627,"Mount",-1.186,1.357,-1.751,0.425,-0.744,0.151,2500,E,64,S,,,48278,46.32,0
16,65.546,"Mount",-0.634,1.888,-1.968,-0.310,-0.853,-0.105,2500,E,45,N,,,48951,43.45,0
17,70.584,"Mount",-0.512,2.550,-2.499,-0.723,-1.101,-0.265,2500,E,113,N,,,47092,43.92,0
18,75.478,"Mount",-1.109,2.263,-2.519,-0.061,-1.142,-0.033,2500,E,14,N,,,39694,40.80,0
19,80.319,"Mount",-0.910,1.885,-2.092,-0.063,-0.972,-0.024,2500,E,10,N,,,46644,40.76,0
20,85.192,"Mount",-1.234,2.121,-2.451,0.115,-1.079,0.041,2500,E,17,S,,,45490,41.85,0
21,90.110,"Mount",-1.536,2.034,-2.513,0.423,-1.101,0.154,2500,E,66,S,,,41953,41.40,0
INFO: SETTLING STATE CHANGE, Settling failed
22,95.009,"Mount",-1.086,2.995,-3.158,-0.419,-1.422,-0.145,2500,E,62,N,,,43271,45.05,0
23,99.922,"Mount",-3.170,6.901,-7.585,-0.375,-3.285,-0.141,2500,E,60,N,,,47463,42.93,0
Guiding Ends at 2026-05-13 21:25:18

Guiding Begins at 2026-05-13 21:27:35
Equipment Profile = 60mmGuide
Dither = both axes, Dither scale = 1.000, Image noise reduction = none, Guide-frame time lapse = 0, Server enabled
Pixel scale = 3.22 arc-sec/px, Binning = 1, Focal length = 240 mm
Search region = 25 px, Star mass tolerance = 50.0%, Multi-star mode, list size = 12
 Camera = ZWO ASI120MM Mini, gain = 37, full size = 1280 x 960, have dark, dark dur = 2000, no defect map, pixel size = 3.8 um
Exposure = 2000 ms
Mount = iOptron CEM120,70,40,26, GEM, HEM, HAE, HAZ series and SkyHunter Mount (ASCOM), connected, guiding enabled, xAngle = -62.6, xRate = 0.217, yAngle = -152.7, yRate = 2.338, parity = +/-
Norm rates RA = 8.3"/s @ dec 0, Dec = 7.5"/s; ortho.err. = 0.1 deg
X guide algorithm = Predictive PEC, Control gain = 0.450
Prediction gain = 0.750
Minimum move = 0.060
Hyperparameters
	Length scale long range SE kernel = 700.000
	Signal variance long range SE kernel = 20.000
	Length scale periodic kernel = 10.000
	Signal variance periodic kernel = 20.000
	Length scale short range SE kernel = 25.000
	Signal variance short range SE kernel = 10.000
	Period length periodic kernel = 348.000
	FFT called after = 2.000 worm cycles
	Auto-adjust period length = Off
Y guide algorithm = Hysteresis, Hysteresis = 0.100, Aggression = 0.400, Minimum move = 0.060
Backlash comp = disabled, pulse = 100 ms
Max RA duration = 2500, Max DEC duration = 2500, DEC guide mode = Auto
RA Guide Speed = 7.5 a-s/s, Dec Guide Speed = 7.5 a-s/s, Cal Dec = 0.0, Last Cal Issue = None, Timestamp = 7/29/2025 9:33:42 PM
RA = 0.02 hr, Dec = 85.1 deg, Hour angle = 11.27 hr, Pier side = East, Rotator pos = N/A, Alt = 26.8 deg, Az = 359.0 deg
Lock position = 182.627, 575.803, Star position = 182.627, 575.803, HFD = 3.47 px
Frame,Time,mount,dx,dy,RARawDistance,DECRawDistance,RAGuideDistance,DECGuideDistance,RADuration,RADirection,DECDuration,DECDirection,XStep,YStep,StarMass,SNR,ErrorCode
INFO: SETTLING STATE CHANGE, Settling started
1,2.609,"Mount",0.000,0.146,-0.130,-0.068,-0.058,-0.024,268,E,10,N,,,38534,39.88,0
2,5.241,"Mount",0.009,-0.114,0.105,0.045,0.047,0.000,217,W,0,,,,50466,47.02,0
3,7.455,"Mount",-0.169,-0.054,-0.030,0.175,-0.014,0.063,63,E,27,S,,,39662,39.46,0
4,9.896,"Mount",0.129,0.026,0.036,-0.126,0.016,-0.043,75,W,18,N,,,41626,46.89,0
5,12.127,"Mount",0.039,-0.052,0.064,-0.011,0.029,0.000,132,W,0,,,,43766,43.76,0
6,15.232,"Mount",0.063,-0.367,0.355,0.113,0.160,0.041,734,W,17,S,,,37489,41.33,0
7,17.537,"Mount",0.041,0.118,-0.085,-0.091,-0.038,-0.031,177,E,13,N,,,38084,39.24,0
8,20.062,"Mount",0.003,0.092,-0.081,-0.045,-0.036,0.000,167,E,0,,,,37444,43.81,0
9,23.137,"Mount",0.694,-0.091,0.400,-0.574,0.180,-0.207,828,W,88,N,,,35570,37.44,0
INFO: SETTLING STATE CHANGE, Settling complete
10,25.453,"Mount",-0.004,0.001,-0.003,0.003,-0.001,0.000,5,E,0,,,,47010,43.36,0
11,27.948,"Mount",-0.122,-0.171,0.096,0.187,-0.076,0.067,0,,0,,,,39790,40.89,0
Guiding Ends at 2026-05-13 21:28:03

Guiding Begins at 2026-05-13 21:28:59
Equipment Profile = 60mmGuide
Dither = both axes, Dither scale = 1.000, Image noise reduction = none, Guide-frame time lapse = 0, Server enabled
Pixel scale = 3.22 arc-sec/px, Binning = 1, Focal length = 240 mm
Search region = 25 px, Star mass tolerance = 50.0%, Multi-star mode, list size = 12
 Camera = ZWO ASI120MM Mini, gain = 37, full size = 1280 x 960, have dark, dark dur = 2000, no defect map, pixel size = 3.8 um
Exposure = 2000 ms
Mount = iOptron CEM120,70,40,26, GEM, HEM, HAE, HAZ series and SkyHunter Mount (ASCOM), connected, guiding enabled, xAngle = 117.4, xRate = 1.749, yAngle = -152.7, yRate = 2.338, parity = +/+
Norm rates RA = 8.3"/s @ dec 0, Dec = 7.5"/s; ortho.err. = 0.1 deg
X guide algorithm = Predictive PEC, Control gain = 0.450
Prediction gain = 0.750
Minimum move = 0.060
Hyperparameters
	Length scale long range SE kernel = 700.000
	Signal variance long range SE kernel = 20.000
	Length scale periodic kernel = 10.000
	Signal variance periodic kernel = 20.000
	Length scale short range SE kernel = 25.000
	Signal variance short range SE kernel = 10.000
	Period length periodic kernel = 348.000
	FFT called after = 2.000 worm cycles
	Auto-adjust period length = Off
Y guide algorithm = Hysteresis, Hysteresis = 0.100, Aggression = 0.400, Minimum move = 0.060
Backlash comp = disabled, pulse = 100 ms
Max RA duration = 2500, Max DEC duration = 2500, DEC guide mode = Auto
RA Guide Speed = 7.5 a-s/s, Dec Guide Speed = 7.5 a-s/s, Cal Dec = 0.0, Last Cal Issue = None, Timestamp = 7/29/2025 9:33:42 PM
RA = 13.52 hr, Dec = 47.1 deg, Hour angle = -2.20 hr, Pier side = West, Rotator pos = N/A, Alt = 60.4 deg, Az = 48.8 deg
Lock position = 781.594, 225.404, Star position = 781.594, 225.404, HFD = 4.88 px
Frame,Time,mount,dx,dy,RARawDistance,DECRawDistance,RAGuideDistance,DECGuideDistance,RADuration,RADirection,DECDuration,DECDirection,XStep,YStep,StarMass,SNR,ErrorCode
INFO: SETTLING STATE CHANGE, Settling started
1,2.143,"Mount",-0.017,0.049,0.051,-0.008,0.000,0.000,0,,0,,,,385555,139.64,0
2,4.523,"Mount",-0.105,0.035,0.079,0.078,0.036,0.028,20,W,12,S,,,366661,127.31,0
3,6.735,"Mount",-0.166,-0.202,-0.103,0.240,-0.046,0.088,26,E,37,S,,,387087,138.54,0
4,9.058,"Mount",0.025,-0.069,-0.073,0.010,-0.033,0.000,19,E,0,,,,367012,130.40,0
5,11.193,"Mount",0.150,-0.287,-0.324,-0.000,-0.146,0.000,83,E,0,,,,369422,141.38,0
6,13.550,"Mount",0.136,-0.167,-0.211,-0.043,-0.095,0.000,54,E,0,,,,395892,160.95,0
7,15.657,"Mount",0.057,-0.211,-0.214,0.047,-0.096,0.000,55,E,0,,,,392890,137.22,0
8,18.015,"Mount",0.035,-0.181,-0.177,0.053,-0.080,0.000,46,E,0,,,,371221,139.29,0
9,20.168,"Mount",0.160,-0.224,-0.272,-0.039,-0.123,0.000,70,E,0,,,,386378,142.70,0
INFO: SETTLING STATE CHANGE, Settling complete
10,22.645,"Mount",0.059,-0.355,-0.342,0.111,-0.154,0.040,88,E,17,S,,,395138,141.56,0
11,24.859,"Mount",0.014,-0.341,-0.309,0.145,-0.134,0.054,76,E,23,S,,,377128,135.45,0
12,27.211,"Mount",0.077,-0.115,-0.137,-0.015,-0.062,0.000,35,E,0,,,,376544,132.48,0
13,29.313,"Mount",0.086,-0.064,-0.096,-0.047,-0.044,0.000,25,E,0,,,,378017,135.31,0
14,31.640,"Mount",-0.073,0.060,0.087,0.037,0.034,0.000,19,W,0,,,,365588,144.35,0
15,33.828,"Mount",0.181,-0.290,-0.341,-0.026,-0.139,0.000,80,E,0,,,,388212,143.18,0
16,36.180,"Mount",0.036,-0.080,-0.088,0.005,-0.034,0.000,20,E,0,,,,372789,136.98,0
17,38.344,"Mount",-0.152,0.041,0.106,0.116,0.037,0.042,21,W,18,S,,,363259,124.22,0
18,40.620,"Mount",-0.007,0.003,0.006,0.005,-0.007,0.000,4,E,0,,,,393682,155.12,0
19,42.771,"Mount",-0.031,-0.134,-0.105,0.089,-0.049,0.032,28,E,14,S,,,380756,145.54,0
20,45.217,"Mount",-0.113,0.083,0.125,0.062,0.042,0.024,24,W,10,S,,,376652,144.23,0
21,47.314,"Mount",-0.090,0.054,0.089,0.055,0.041,0.000,23,W,0,,,,371031,135.00,0
22,49.689,"Mount",-0.057,-0.058,-0.025,0.077,0.008,0.028,5,W,12,S,,,377629,135.07,0
23,51.922,"Mount",-0.102,0.045,0.087,0.070,0.045,0.026,26,W,11,S,,,361082,119.91,0
24,54.242,"Mount",0.053,-0.054,-0.073,-0.022,-0.020,0.000,12,E,0,,,,378821,132.25,0
25,56.320,"Mount",0.018,-0.033,-0.037,-0.001,-0.002,0.000,1,E,0,,,,382687,136.38,0
26,58.603,"Mount",0.021,-0.049,-0.053,0.004,-0.003,0.000,2,E,0,,,,366377,127.72,0
27,60.755,"Mount",0.117,-0.014,-0.066,-0.097,-0.035,-0.035,20,E,15,N,,,359625,138.81,0
28,63.083,"Mount",0.111,-0.177,-0.208,-0.017,-0.095,0.000,54,E,0,,,,391572,157.36,0
29,65.200,"Mount",0.033,-0.191,-0.185,0.059,-0.087,0.000,50,E,0,,,,386137,145.11,0
30,67.536,"Mount",0.059,-0.174,-0.182,0.029,-0.083,0.000,48,E,0,,,,393333,167.08,0
31,69.662,"Mount",0.167,-0.223,-0.275,-0.045,-0.120,0.000,69,E,0,,,,376420,156.01,0
32,72.160,"Mount",0.275,-0.642,-0.697,0.053,-0.293,0.000,167,E,0,,,,374970,157.82,0
33,74.363,"Mount",0.174,-0.425,-0.457,0.042,-0.195,0.000,112,E,0,,,,383501,131.89,0
34,76.813,"Mount",0.240,-0.281,-0.360,-0.083,-0.184,-0.030,105,E,13,N,,,353740,131.92,0
35,79.028,"Mount",0.067,-0.301,-0.298,0.079,-0.155,0.027,89,E,12,S,,,372750,143.47,0
36,81.507,"Mount",0.238,-0.244,-0.326,-0.098,-0.162,-0.034,92,E,15,N,,,360981,123.04,0
37,83.743,"Mount",0.191,-0.470,-0.505,0.047,-0.232,0.000,133,E,0,,,,373478,149.36,0
38,86.220,"Mount",0.087,-0.359,-0.359,0.089,-0.168,0.032,96,E,14,S,,,364471,136.53,0
39,88.419,"Mount",0.063,-0.172,-0.182,0.023,-0.095,0.000,54,E,0,,,,375552,133.07,0
40,90.786,"Mount",0.135,-0.236,-0.272,-0.011,-0.134,0.000,76,E,0,,,,380453,136.00,0
41,92.953,"Mount",0.092,-0.279,-0.290,0.047,-0.136,0.000,78,E,0,,,,362465,134.77,0
42,95.349,"Mount",0.189,-0.257,-0.315,-0.049,-0.146,0.000,83,E,0,,,,386090,141.39,0
43,97.582,"Mount",0.044,-0.293,-0.280,0.096,-0.115,0.035,66,E,15,S,,,382494,153.27,0
44,99.984,"Mount",0.094,-0.263,-0.276,0.038,-0.111,0.000,63,E,0,,,,379575,142.18,0
45,102.118,"Mount",0.077,-0.098,-0.123,-0.023,-0.057,0.000,32,E,0,,,,366019,148.94,0
46,104.457,"Mount",0.027,-0.059,-0.065,0.003,-0.033,0.000,19,E,0,,,,379033,136.55,0
47,106.625,"Mount",-0.044,-0.118,-0.084,0.093,-0.048,0.034,27,E,14,S,,,339375,119.18,0
48,108.960,"Mount",0.036,-0.084,-0.091,0.007,-0.052,0.000,30,E,0,,,,358538,141.98,0
49,111.141,"Mount",-0.061,-0.074,-0.037,0.088,-0.014,0.032,8,E,14,S,,,348922,145.97,0
50,113.538,"Mount",0.090,-0.151,-0.175,-0.010,-0.089,0.000,51,E,0,,,,363344,127.70,0
51,115.723,"Mount",0.145,-0.055,-0.116,-0.103,-0.061,-0.037,35,E,16,N,,,360430,137.97,0
52,118.063,"Mount",0.053,-0.065,-0.082,-0.017,-0.050,0.000,29,E,0,,,,360300,136.82,0
53,120.192,"Mount",0.066,-0.090,-0.110,-0.017,-0.059,0.000,34,E,0,,,,361111,144.98,0
54,122.671,"Mount",-0.027,-0.104,-0.079,0.072,-0.044,0.026,25,E,11,S,,,359057,133.31,0
55,124.864,"Mount",0.120,-0.005,-0.060,-0.104,-0.008,-0.036,4,E,16,N,,,361283,120.65,0
56,127.172,"Mount",0.067,-0.066,-0.089,-0.029,-0.034,0.000,20,E,0,,,,355459,134.38,0
57,129.333,"Mount",0.087,-0.018,-0.056,-0.069,0.005,-0.025,3,W,11,N,,,345410,128.40,0
58,131.748,"Mount",0.149,-0.243,-0.285,-0.020,-0.119,0.000,68,E,0,,,,373837,152.54,0
59,133.918,"Mount",0.129,-0.115,-0.162,-0.062,-0.068,-0.022,39,E,9,N,,,356410,156.54,0
60,136.251,"Mount",-0.045,-0.041,-0.015,0.059,-0.022,0.000,13,E,0,,,,357025,149.15,0
61,138.325,"Mount",-0.005,-0.023,-0.018,0.015,-0.024,0.000,14,E,0,,,,346829,141.60,0
62,140.599,"Mount",-0.056,0.004,0.030,0.048,-0.016,0.000,9,E,0,,,,351185,132.52,0
63,142.754,"Mount",-0.007,-0.124,-0.107,0.063,-0.060,0.023,34,E,10,S,,,356873,133.87,0
64,145.121,"Mount",-0.081,-0.003,0.035,0.073,-0.016,0.027,9,E,12,S,,,347157,138.84,0
65,147.250,"Mount",-0.041,0.051,0.064,0.013,0.026,0.000,15,W,0,,,,354978,125.98,0
66,149.662,"Mount",-0.127,0.273,0.301,-0.014,0.127,0.000,73,W,0,,,,362385,167.06,0
67,151.835,"Mount",-0.082,0.140,0.162,0.008,0.078,0.000,44,W,0,,,,351276,146.10,0
68,154.266,"Mount",-0.038,0.214,0.207,-0.065,0.100,-0.023,57,W,10,N,,,358132,164.21,0
69,156.430,"Mount",-0.073,0.224,0.233,-0.039,0.121,0.000,69,W,0,,,,352571,147.98,0
70,158.862,"Mount",-0.234,0.264,0.342,0.086,0.166,0.031,95,W,13,S,,,340097,121.78,0
71,161.033,"Mount",-0.097,0.064,0.101,0.057,0.064,0.000,36,W,0,,,,334451,130.76,0
72,163.477,"Mount",-0.142,0.175,0.221,0.045,0.111,0.000,63,W,0,,,,352106,149.12,0
73,165.709,"Mount",-0.124,0.263,0.290,-0.011,0.131,0.000,75,W,0,,,,346604,136.10,0
74,168.008,"Mount",-0.021,0.084,0.084,-0.020,0.044,0.000,25,W,0,,,,340937,124.83,0
75,170.221,"Mount",-0.099,0.351,0.357,-0.074,0.153,-0.027,87,W,11,N,,,340213,116.61,0
76,172.675,"Mount",-0.264,0.308,0.395,0.092,0.140,0.032,80,W,14,S,,,356101,168.98,0
77,174.853,"Mount",-0.205,0.282,0.344,0.052,0.117,0.000,67,W,0,,,,349644,141.11,0
78,177.219,"Mount",-0.093,0.076,0.110,0.047,0.065,0.000,37,W,0,,,,344246,141.57,0
79,179.366,"Mount",-0.026,0.158,0.152,-0.050,0.081,0.000,46,W,0,,,,347740,132.76,0
80,181.709,"Mount",-0.029,0.097,0.100,-0.020,0.055,0.000,32,W,0,,,,355377,163.29,0
81,183.856,"Mount",-0.101,0.163,0.191,0.014,0.091,0.000,52,W,0,,,,343911,142.77,0
82,186.189,"Mount",0.066,-0.023,-0.051,-0.048,0.014,0.000,8,W,0,,,,341100,121.59,0
83,188.379,"Mount",-0.107,0.030,0.076,0.081,0.044,0.029,25,W,13,S,,,346552,142.82,0
84,190.735,"Mount",-0.017,-0.100,-0.081,0.061,-0.032,0.023,18,E,10,S,,,342468,137.75,0
85,192.867,"Mount",0.036,-0.110,-0.114,0.019,-0.050,0.000,29,E,0,,,,335217,134.95,0
86,195.298,"Mount",0.055,0.073,0.039,-0.082,-0.011,-0.030,6,E,13,N,,,348150,145.24,0
87,197.481,"Mount",0.050,0.036,0.009,-0.061,-0.034,-0.023,19,E,10,N,,,358184,138.02,0
88,199.821,"Mount",0.011,0.044,0.034,-0.031,-0.041,0.000,23,E,0,,,,341942,140.86,0
89,201.929,"Mount",0.011,0.053,0.042,-0.034,-0.022,0.000,13,E,0,,,,337444,138.49,0
90,204.319,"Mount",-0.026,0.145,0.141,-0.044,0.033,0.000,19,W,0,,,,346193,135.36,0
91,206.566,"Mount",-0.253,0.203,0.297,0.130,0.116,0.047,66,W,20,S,,,359146,147.88,0
92,208.909,"Mount",-0.099,0.251,0.268,-0.027,0.106,0.000,61,W,0,,,,332343,137.25,0
93,211.081,"Mount",-0.119,0.293,0.315,-0.030,0.164,0.000,94,W,0,,,,342824,143.11,0
94,213.563,"Mount",0.008,0.385,0.338,-0.185,0.176,-0.067,100,W,28,N,,,340564,136.17,0
95,215.859,"Mount",-0.028,0.407,0.374,-0.163,0.190,-0.061,109,W,26,N,,,338434,136.89,0
96,218.294,"Mount",-0.200,0.255,0.319,0.060,0.185,0.000,106,W,0,,,,342162,135.58,0
97,220.553,"Mount",-0.217,0.210,0.287,0.096,0.164,0.034,94,W,15,S,,,336793,146.75,0
98,223.060,"Mount",-0.191,0.226,0.289,0.065,0.126,0.025,72,W,11,S,,,332699,134.93,0
99,225.302,"Mount",-0.195,0.329,0.382,0.021,0.152,0.000,87,W,0,,,,324629,121.87,0
100,227.737,"Mount",-0.274,0.360,0.446,0.077,0.164,0.028,94,W,12,S,,,321785,139.18,0
101,229.942,"Mount",-0.220,0.223,0.299,0.092,0.095,0.034,54,W,15,S,,,330518,133.73,0
102,232.345,"Mount",-0.161,0.246,0.293,0.029,0.151,0.000,87,W,0,,,,316327,122.17,0
103,234.558,"Mount",-0.177,0.311,0.358,0.013,0.173,0.000,99,W,0,,,,335655,129.43,0
104,236.973,"Mount",-0.115,0.257,0.281,-0.016,0.156,0.000,89,W,0,,,,328505,132.24,0
105,239.228,"Mount",-0.073,0.270,0.273,-0.060,0.147,-0.022,84,W,9,N,,,341667,156.21,0
106,241.812,"Mount",-0.038,0.239,0.230,-0.077,0.156,-0.028,89,W,12,N,,,329443,130.26,0
107,243.984,"Mount",-0.051,0.217,0.216,-0.055,0.141,0.000,81,W,0,,,,333956,127.77,0
108,246.326,"Mount",0.097,-0.054,-0.092,-0.061,-0.002,-0.022,1,E,9,N,,,317467,137.53,0
109,248.416,"Mount",-0.002,0.052,0.048,-0.022,0.019,0.000,11,W,0,,,,326234,147.93,0
110,250.723,"Mount",-0.065,0.014,0.043,0.051,-0.027,0.000,16,E,0,,,,320896,129.52,0
111,252.835,"Mount",0.040,0.013,-0.007,-0.042,-0.041,0.000,24,E,0,,,,326956,136.91,0
112,255.176,"Mount",-0.114,0.070,0.115,0.069,-0.009,0.025,5,E,11,S,,,332727,136.61,0
113,257.313,"Mount",-0.023,0.029,0.036,0.007,-0.056,0.000,32,E,0,,,,320722,145.95,0
114,259.620,"Mount",-0.038,0.104,0.110,-0.015,-0.019,0.000,11,E,0,,,,325364,138.62,0
115,261.784,"Mount",-0.082,0.214,0.228,-0.026,0.067,0.000,38,W,0,,,,330792,145.22,0
116,264.086,"Mount",-0.019,-0.044,-0.030,0.038,-0.028,0.000,16,E,0,,,,319705,131.87,0
117,266.220,"Mount",-0.034,0.112,0.115,-0.021,0.067,0.000,38,W,0,,,,329440,137.40,0
118,268.632,"Mount",0.041,0.080,0.052,-0.073,0.020,-0.026,12,W,11,N,,,333207,133.49,0
119,270.689,"Mount",0.059,0.040,0.009,-0.071,0.001,-0.027,0,,11,N,,,317653,130.25,0
120,272.984,"Mount",0.073,-0.013,-0.046,-0.058,-0.003,0.000,2,E,0,,,,328395,131.56,0
121,275.153,"Mount",-0.124,0.041,0.093,0.091,0.032,0.033,18,W,14,S,,,315008,116.23,0
122,277.485,"Mount",-0.106,0.025,0.071,0.082,0.018,0.031,10,W,13,S,,,310176,114.44,0
123,279.629,"Mount",0.062,0.086,0.048,-0.094,-0.018,-0.033,10,E,14,N,,,323087,129.95,0
124,282.040,"Mount",0.102,0.175,0.108,-0.171,0.038,-0.063,22,W,27,N,,,327598,128.39,0
125,284.209,"Mount",-0.194,0.030,0.116,0.158,0.035,0.054,20,W,23,S,,,336129,159.35,0
126,286.535,"Mount",-0.020,0.013,0.021,0.012,-0.011,0.000,6,E,0,,,,317872,125.21,0
127,288.623,"Mount",-0.002,-0.016,-0.013,0.009,-0.015,0.000,9,E,0,,,,316215,143.00,0
128,290.990,"Mount",-0.066,-0.019,0.013,0.068,-0.009,0.024,5,E,10,S,,,314640,133.27,0
129,293.138,"Mount",0.017,0.093,0.075,-0.057,0.019,0.000,11,W,0,,,,326091,132.05,0
130,295.471,"Mount",-0.089,0.175,0.196,-0.002,0.067,0.000,38,W,0,,,,310433,120.27,0
131,297.665,"Mount",0.056,0.157,0.114,-0.122,0.031,-0.044,18,W,19,N,,,326206,148.56,0
132,300.026,"Mount",0.026,0.048,0.030,-0.045,-0.021,0.000,12,E,0,,,,321311,122.39,0
133,302.133,"Mount",-0.039,-0.016,0.004,0.042,0.015,0.000,9,W,0,,,,319670,129.07,0
134,304.540,"Mount",-0.007,0.150,0.137,-0.063,0.073,-0.023,42,W,10,N,,,313311,126.44,0
135,306.644,"Mount",-0.080,0.050,0.081,0.048,0.033,0.000,19,W,0,,,,333127,136.67,0
136,308.976,"Mount",-0.063,0.009,0.037,0.052,-0.003,0.000,2,E,0,,,,336628,136.50,0
137,311.163,"Mount",-0.106,-0.018,0.033,0.102,0.027,0.037,15,W,16,S,,,298705,118.99,0
138,313.567,"Mount",-0.103,-0.098,-0.040,0.137,0.032,0.051,18,W,22,S,,,326104,144.15,0
139,315.709,"Mount",-0.050,-0.051,-0.022,0.068,0.015,0.027,9,W,11,S,,,316501,124.48,0
140,318.084,"Mount",-0.083,0.117,0.142,0.020,0.080,0.000,46,W,0,,,,311795,122.27,0
141,320.192,"Mount",0.006,-0.097,-0.089,0.039,-0.015,0.000,9,E,0,,,,321655,123.21,0
142,322.585,"Mount",-0.124,0.003,0.060,0.109,0.024,0.039,14,W,17,S,,,332234,139.19,0
143,324.739,"Mount",0.065,0.118,0.074,-0.112,0.060,-0.039,35,W,17,N,,,325934,133.62,0
144,327.118,"Mount",0.006,-0.080,-0.073,0.032,0.006,0.000,3,W,0,,,,305292,110.42,0
145,329.235,"Mount",-0.038,0.059,0.070,0.007,0.072,0.000,41,W,0,,,,311731,131.80,0
146,331.652,"Mount",0.034,0.149,0.116,-0.099,0.088,-0.036,51,W,15,N,,,315451,123.87,0
147,333.782,"Mount",-0.074,0.048,0.077,0.043,0.074,0.000,42,W,0,,,,319716,131.00,0
148,336.072,"Mount",0.027,-0.110,-0.110,0.026,0.011,0.000,6,W,0,,,,330956,146.18,0
149,338.217,"Mount",0.005,-0.013,-0.014,0.002,0.050,0.000,29,W,0,,,,294082,108.01,0
150,340.550,"Mount",-0.042,0.061,0.073,0.009,0.076,0.000,43,W,0,,,,307063,130.81,0
151,342.692,"Mount",-0.070,-0.112,-0.067,0.113,-0.010,0.041,6,E,17,S,,,297282,122.51,0
152,345.040,"Mount",-0.006,-0.135,-0.117,0.068,-0.043,0.026,24,E,11,S,,,323023,148.92,0
153,347.234,"Mount",-0.070,-0.149,-0.100,0.131,-0.058,0.048,33,E,21,S,,,314930,127.38,0
154,349.583,"Mount",-0.026,0.014,0.024,0.016,-0.029,0.000,16,E,0,,,,307478,120.68,0
155,351.672,"Mount",-0.051,0.122,0.132,-0.011,0.016,0.000,9,W,0,,,,302153,122.52,0
156,354.016,"Mount",0.030,0.031,0.013,-0.041,-0.048,0.000,27,E,0,,,,309825,123.54,0
157,356.103,"Mount",-0.006,-0.037,-0.030,0.022,-0.027,0.000,15,E,0,,,,313212,124.05,0
158,358.517,"Mount",0.101,-0.227,-0.248,0.015,-0.138,0.000,79,E,0,,,,299104,130.93,0
159,360.654,"Mount",0.067,-0.144,-0.159,0.007,-0.106,0.000,61,E,0,,,,309613,126.06,0
160,363.047,"Mount",-0.111,-0.020,0.033,0.108,-0.039,0.039,23,E,17,S,,,287767,121.02,0
161,365.170,"Mount",0.054,-0.013,-0.036,-0.042,-0.037,0.000,21,E,0,,,,296235,130.70,0
162,367.600,"Mount",-0.112,-0.157,-0.088,0.172,-0.090,0.062,52,E,26,S,,,300979,132.16,0
163,369.804,"Mount",0.157,-0.182,-0.234,-0.055,-0.148,0.000,85,E,0,,,,295737,132.59,0
164,372.156,"Mount",0.049,-0.014,-0.035,-0.037,-0.027,0.000,15,E,0,,,,283270,115.08,0
165,374.402,"Mount",0.202,-0.225,-0.292,-0.076,-0.148,-0.027,85,E,12,N,,,294463,120.16,0
166,376.726,"Mount",-0.001,-0.028,-0.025,0.014,-0.018,0.000,10,E,0,,,,299462,140.83,0
167,378.817,"Mount",0.041,-0.030,-0.046,-0.022,-0.011,0.000,6,E,0,,,,310069,156.90,0
168,381.217,"Mount",-0.100,-0.064,-0.011,0.119,-0.018,0.043,10,E,18,S,,,297738,117.60,0
169,383.334,"Mount",0.020,-0.119,-0.115,0.037,-0.062,0.000,35,E,0,,,,305746,128.46,0
170,385.679,"Mount",0.065,-0.120,-0.137,-0.002,-0.062,0.000,35,E,0,,,,288970,128.51,0
171,387.824,"Mount",0.099,-0.123,-0.155,-0.031,-0.066,0.000,38,E,0,,,,305226,133.57,0
172,390.235,"Mount",0.034,-0.007,-0.022,-0.027,0.006,0.000,3,W,0,,,,298510,133.74,0
173,392.317,"Mount",0.051,-0.066,-0.082,-0.015,-0.037,0.000,21,E,0,,,,286006,127.15,0
174,394.749,"Mount",0.141,-0.080,-0.137,-0.088,-0.058,-0.032,33,E,14,N,,,289459,118.77,0
175,396.906,"Mount",0.088,-0.181,-0.201,0.006,-0.081,0.000,46,E,0,,,,299404,133.41,0
176,399.197,"Mount",-0.024,-0.073,-0.054,0.055,0.004,0.000,2,W,0,,,,297386,145.27,0
177,401.345,"Mount",0.044,-0.119,-0.126,0.016,-0.068,0.000,39,E,0,,,,285941,131.68,0
178,403.735,"Mount",-0.001,-0.130,-0.115,0.061,-0.070,0.022,40,E,9,S,,,282961,114.85,0
179,405.906,"Mount",-0.046,-0.138,-0.101,0.104,-0.075,0.038,43,E,16,S,,,296496,121.56,0
180,408.401,"Mount",0.081,-0.300,-0.304,0.067,-0.176,0.026,101,E,11,S,,,293819,121.98,0
181,410.585,"Mount",0.092,-0.163,-0.188,-0.007,-0.138,0.000,79,E,0,,,,289718,118.22,0
182,413.014,"Mount",0.131,-0.201,-0.239,-0.024,-0.186,0.000,107,E,0,,,,292916,132.39,0
183,415.259,"Mount",0.076,-0.010,-0.044,-0.063,-0.091,-0.023,52,E,10,N,,,279032,112.85,0
184,417.709,"Mount",0.094,-0.257,-0.271,0.036,-0.221,0.000,126,E,0,,,,285439,114.45,0
185,420.071,"Mount",0.234,-0.222,-0.305,-0.105,-0.237,-0.038,136,E,16,N,,,287442,126.80,0
186,422.471,"Mount",0.036,-0.190,-0.185,0.055,-0.183,0.000,104,E,0,,,,281203,115.49,0
187,424.689,"Mount",0.208,-0.292,-0.355,-0.050,-0.248,0.000,142,E,0,,,,279499,121.58,0
188,427.135,"Mount",0.041,-0.162,-0.163,0.038,-0.169,0.000,97,E,0,,,,290752,137.45,0
189,429.405,"Mount",0.194,-0.146,-0.219,-0.105,-0.179,-0.038,102,E,16,N,,,290406,144.90,0
190,431.845,"Mount",0.044,-0.037,-0.053,-0.022,-0.088,0.000,50,E,0,,,,265625,112.51,0
191,434.089,"Mount",0.198,-0.304,-0.361,-0.035,-0.228,0.000,130,E,0,,,,281360,122.24,0
192,436.532,"Mount",0.151,-0.272,-0.311,-0.008,-0.200,0.000,114,E,0,,,,269804,111.38,0
193,438.720,"Mount",0.153,-0.265,-0.305,-0.014,-0.186,0.000,106,E,0,,,,288472,119.59,0
194,441.247,"Mount",0.249,-0.143,-0.242,-0.155,-0.178,-0.056,102,E,24,N,,,283432,142.24,0
195,443.424,"Mount",0.101,-0.177,-0.203,-0.008,-0.155,0.000,89,E,0,,,,277544,114.08,0
196,445.799,"Mount",0.017,-0.074,-0.074,0.020,-0.097,0.000,56,E,0,,,,257001,111.05,0
197,447.891,"Mount",0.017,-0.042,-0.045,0.005,-0.064,0.000,37,E,0,,,,265148,111.65,0
198,450.390,"Mount",-0.105,-0.142,-0.078,0.158,-0.101,0.057,58,E,24,S,,,271355,133.11,0
199,452.533,"Mount",0.002,-0.007,-0.007,0.002,-0.021,0.000,12,E,0,,,,284374,147.65,0
200,454.875,"Mount",-0.109,0.161,0.193,0.022,0.066,0.000,38,W,0,,,,277556,125.47,0
201,456.988,"Mount",0.075,0.064,0.022,-0.096,-0.000,-0.035,0,,15,N,,,281691,119.02,0
202,459.361,"Mount",-0.061,-0.039,-0.007,0.072,0.007,0.025,4,W,10,S,,,289046,128.51,0
203,461.569,"Mount",-0.131,0.047,0.102,0.094,0.052,0.035,30,W,15,S,,,285705,148.04,0
204,464.005,"Mount",-0.143,0.102,0.157,0.079,0.082,0.030,47,W,13,S,,,288923,129.74,0
205,466.111,"Mount",0.029,-0.004,-0.017,-0.024,-0.002,0.000,1,E,0,,,,287670,130.79,0
206,468.426,"Mount",0.023,-0.024,-0.032,-0.009,-0.001,0.000,1,E,0,,,,267039,117.49,0
207,470.593,"Mount",0.057,0.024,-0.005,-0.061,-0.011,-0.022,6,E,9,N,,,298688,136.15,0
208,472.893,"Mount",0.064,-0.006,-0.035,-0.054,-0.016,0.000,9,E,0,,,,285350,127.53,0
209,475.079,"Mount",0.206,0.043,-0.057,-0.203,-0.020,-0.073,12,E,31,N,,,295588,135.01,0
210,477.520,"Mount",0.153,-0.209,-0.256,-0.039,-0.151,0.000,86,E,0,,,,296907,128.91,0
211,479.675,"Mount",-0.003,-0.108,-0.094,0.053,-0.082,0.000,47,E,0,,,,292879,132.55,0
212,482.047,"Mount",0.006,-0.064,-0.060,0.024,-0.050,0.000,29,E,0,,,,293865,122.23,0
213,484.232,"Mount",0.096,0.021,-0.026,-0.095,-0.042,-0.034,24,E,15,N,,,277350,126.06,0
214,486.533,"Mount",-0.040,0.094,0.101,-0.008,0.026,0.000,15,W,0,,,,273636,120.65,0
215,488.704,"Mount",0.026,0.087,0.065,-0.064,0.026,-0.023,15,W,10,N,,,291564,120.61,0
216,491.031,"Mount",0.028,0.072,0.051,-0.058,0.034,0.000,20,W,0,,,,280673,124.32,0
217,493.210,"Mount",-0.038,-0.058,-0.034,0.060,0.050,0.022,29,W,9,S,,,284457,110.31,0
218,495.567,"Mount",-0.027,-0.025,-0.010,0.036,0.070,0.000,40,W,0,,,,286276,112.63,0
219,497.769,"Mount",-0.103,0.031,0.075,0.077,0.109,0.028,62,W,12,S,,,289214,125.97,0
220,500.175,"Mount",-0.021,0.093,0.093,-0.024,0.129,0.000,74,W,0,,,,296720,136.30,0
221,502.422,"Mount",-0.126,0.263,0.291,-0.009,0.206,0.000,118,W,0,,,,301223,134.13,0
222,504.797,"Mount",-0.046,0.175,0.176,-0.040,0.158,0.000,90,W,0,,,,265902,111.50,0
223,507.045,"Mount",-0.031,0.230,0.218,-0.079,0.171,-0.028,98,W,12,N,,,275302,119.99,0
224,509.537,"Mount",-0.056,0.241,0.240,-0.062,0.179,-0.023,103,W,10,N,,,282157,123.13,0
225,511.740,"Mount",-0.099,0.230,0.249,-0.019,0.181,0.000,103,W,0,,,,276757,127.53,0
226,514.103,"Mount",-0.000,0.095,0.084,-0.043,0.109,0.000,62,W,0,,,,288235,120.97,0
227,516.278,"Mount",0.014,0.093,0.076,-0.056,0.122,0.000,70,W,0,,,,295279,123.77,0
228,518.656,"Mount",-0.088,0.109,0.137,0.027,0.151,0.000,86,W,0,,,,285908,124.47,0
229,520.863,"Mount",0.039,0.156,0.120,-0.107,0.133,-0.038,76,W,16,N,,,283871,126.87,0
230,523.258,"Mount",-0.055,0.042,0.062,0.029,0.108,0.000,62,W,0,,,,290555,121.96,0
231,525.372,"Mount",-0.040,-0.010,0.010,0.040,0.068,0.000,39,W,0,,,,288809,132.63,0
232,527.733,"Mount",-0.074,0.069,0.095,0.034,0.101,0.000,58,W,0,,,,291149,132.18,0
233,529.817,"Mount",0.041,-0.103,-0.110,0.011,-0.005,0.000,3,E,0,,,,289782,110.93,0
234,532.143,"Mount",0.006,-0.008,-0.009,-0.002,-0.000,0.000,0,,0,,,,297768,123.03,0
235,534.232,"Mount",-0.029,-0.012,0.003,0.031,-0.015,0.000,9,E,0,,,,286323,120.84,0
236,536.538,"Mount",-0.079,0.113,0.137,0.018,0.022,0.000,13,W,0,,,,301007,135.03,0
237,538.584,"Mount",-0.096,0.098,0.131,0.040,0.013,0.000,8,W,0,,,,293814,122.47,0
238,540.909,"Mount",-0.025,0.050,0.056,-0.002,-0.009,0.000,5,E,0,,,,293742,133.36,0
239,543.007,"Mount",0.004,0.029,0.023,-0.017,-0.003,0.000,2,E,0,,,,294642,128.64,0
240,545.382,"Mount",0.085,0.104,0.053,-0.123,0.007,-0.044,4,W,19,N,,,302502,135.42,0
241,547.457,"Mount",0.021,-0.134,-0.129,0.043,-0.013,0.000,7,E,0,,,,284800,142.51,0
242,549.874,"Mount",-0.078,-0.088,-0.042,0.110,0.060,0.040,35,W,17,S,,,292199,130.69,0
243,551.999,"Mount",-0.017,0.005,0.012,0.012,0.049,0.000,28,W,0,,,,293450,121.00,0
244,554.407,"Mount",-0.056,-0.022,0.006,0.060,0.062,0.022,35,W,9,S,,,292578,141.67,0
245,556.549,"Mount",-0.003,0.015,0.014,-0.005,0.061,0.000,35,W,0,,,,307828,151.58,0
246,558.992,"Mount",-0.162,0.006,0.080,0.141,0.103,0.051,59,W,22,S,,,280218,117.60,0
247,561.160,"Mount",-0.108,0.132,0.167,0.035,0.135,0.000,77,W,0,,,,295671,129.21,0
248,563.550,"Mount",-0.109,0.110,0.148,0.046,0.129,0.000,74,W,0,,,,296934,133.44,0
249,565.768,"Mount",-0.143,0.282,0.316,-0.003,0.219,0.000,125,W,0,,,,309194,136.71,0
250,568.339,"Mount",-0.128,0.408,0.421,-0.075,0.272,-0.027,156,W,12,N,,,294498,115.09,0
251,570.602,"Mount",-0.093,0.326,0.332,-0.068,0.239,-0.025,137,W,11,N,,,293632,120.28,0
252,573.060,"Mount",-0.130,0.255,0.287,-0.003,0.268,0.000,153,W,0,,,,298841,124.99,0
253,575.294,"Mount",-0.073,0.198,0.209,-0.027,0.238,0.000,136,W,0,,,,305287,127.77,0
254,577.768,"Mount",-0.153,0.318,0.353,-0.011,0.305,0.000,174,W,0,,,,302883,131.18,0
255,580.039,"Mount",0.016,0.160,0.134,-0.088,0.207,-0.032,118,W,14,N,,,305834,125.74,0
256,582.633,"Mount",0.012,0.153,0.130,-0.081,0.203,-0.031,116,W,13,N,,,314357,177.45,0
257,584.773,"Mount",-0.033,0.017,0.031,0.021,0.128,0.000,73,W,0,,,,299903,134.87,0
258,587.218,"Mount",-0.079,-0.067,-0.024,0.101,0.104,0.036,59,W,16,S,,,321164,151.49,0
259,589.419,"Mount",0.050,0.070,0.039,-0.076,0.077,-0.026,44,W,11,N,,,308322,123.77,0
260,591.752,"Mount",0.056,-0.180,-0.185,0.033,-0.030,0.000,17,E,0,,,,331498,151.16,0
261,593.940,"Mount",0.012,-0.184,-0.169,0.074,-0.052,0.027,30,E,11,S,,,315698,124.27,0
262,596.285,"Mount",0.002,-0.130,-0.116,0.058,-0.054,0.000,31,E,0,,,,309504,119.13,0
263,598.505,"Mount",0.180,-0.040,-0.118,-0.141,-0.075,-0.051,43,E,22,N,,,304493,111.67,0
264,600.896,"Mount",-0.127,-0.007,0.052,0.116,-0.044,0.040,25,E,17,S,,,314871,136.06,0
265,603.046,"Mount",-0.035,-0.017,0.001,0.039,-0.049,0.000,28,E,0,,,,301438,124.37,0
266,605.388,"Mount",0.030,0.043,0.025,-0.047,-0.050,0.000,29,E,0,,,,322665,137.87,0
267,607.505,"Mount",-0.021,0.100,0.098,-0.028,0.015,0.000,9,W,0,,,,311456,124.97,0
268,609.894,"Mount",0.008,0.131,0.112,-0.068,0.031,-0.024,17,W,10,N,,,310667,125.21,0
269,612.004,"Mount",-0.027,-0.076,-0.055,0.059,0.010,0.000,6,W,0,,,,327487,128.73,0
270,614.411,"Mount",-0.104,-0.041,0.011,0.111,0.020,0.040,11,W,17,S,,,307109,119.42,0
271,616.524,"Mount",-0.002,-0.060,-0.052,0.029,0.027,0.000,16,W,0,,,,304900,118.45,0
272,618.857,"Mount",0.000,0.013,0.012,-0.006,0.031,0.000,18,W,0,,,,309290,112.92,0
273,621.110,"Mount",-0.111,0.142,0.177,0.033,0.101,0.000,58,W,0,,,,313948,119.57,0
274,623.407,"Mount",-0.012,-0.030,-0.021,0.025,0.019,0.000,11,W,0,,,,320740,123.59,0
275,625.500,"Mount",-0.041,-0.049,-0.025,0.059,0.012,0.000,7,W,0,,,,328702,136.45,0
276,627.875,"Mount",0.041,0.127,0.094,-0.095,0.056,-0.034,32,W,15,N,,,310827,132.24,0
277,629.988,"Mount",-0.046,0.141,0.146,-0.024,0.073,0.000,42,W,0,,,,322341,133.41,0
278,632.283,"Mount",-0.077,0.038,0.070,0.051,0.025,0.000,15,W,0,,,,328044,139.37,0
279,634.572,"Mount",-0.031,-0.091,-0.066,0.070,-0.037,0.025,21,E,11,S,,,318834,130.70,0
280,637.045,"Mount",-0.093,0.041,0.079,0.064,0.037,0.024,21,W,10,S,,,323569,127.18,0
281,639.251,"Mount",0.064,0.072,0.034,-0.090,0.003,-0.031,2,W,13,N,,,312152,119.67,0
282,641.599,"Mount",-0.064,-0.013,0.018,0.063,0.014,0.021,8,W,9,S,,,332830,126.82,0
283,643.782,"Mount",-0.095,0.042,0.081,0.064,0.052,0.024,30,W,10,S,,,318800,126.42,0
284,646.175,"Mount",-0.131,-0.022,0.041,0.127,0.027,0.047,15,W,20,S,,,320591,132.99,0
285,648.265,"Mount",0.030,-0.059,-0.066,0.000,-0.004,0.000,2,E,0,,,,333081,130.04,0
286,650.598,"Mount",-0.009,0.015,0.018,0.001,0.024,0.000,14,W,0,,,,315538,124.33,0
287,652.760,"Mount",0.039,0.097,0.068,-0.079,0.050,-0.029,29,W,12,N,,,326892,127.34,0
288,655.095,"Mount",-0.010,-0.003,0.002,0.010,0.020,0.000,11,W,0,,,,336137,133.87,0
289,657.239,"Mount",0.114,-0.037,-0.086,-0.084,-0.029,-0.030,17,E,13,N,,,341130,138.09,0
290,659.628,"Mount",-0.045,-0.098,-0.066,0.085,-0.023,0.030,13,E,13,S,,,347348,137.63,0
291,661.779,"Mount",0.067,-0.046,-0.071,-0.038,-0.038,0.000,22,E,0,,,,327125,120.92,0
292,664.112,"Mount",0.018,0.045,0.032,-0.037,0.007,0.000,4,W,0,,,,340494,163.26,0
293,666.270,"Mount",0.106,0.047,-0.007,-0.116,0.014,-0.042,8,W,18,N,,,345526,139.78,0
294,668.680,"Mount",0.052,0.110,0.074,-0.097,0.057,-0.037,33,W,16,N,,,325614,118.48,0
295,670.779,"Mount",0.023,-0.123,-0.119,0.037,-0.008,0.000,5,E,0,,,,343662,134.28,0
296,673.182,"Mount",0.080,-0.005,-0.041,-0.069,0.056,-0.025,32,W,11,N,,,344835,139.18,0
297,675.383,"Mount",0.051,0.124,0.087,-0.102,0.099,-0.038,57,W,16,N,,,338050,131.34,0
298,677.742,"Mount",0.035,-0.032,-0.044,-0.016,0.069,0.000,39,W,0,,,,349709,153.29,0
299,679.944,"Mount",-0.056,-0.088,-0.053,0.090,0.067,0.032,38,W,14,S,,,333860,132.01,0
300,682.323,"Mount",-0.098,0.077,0.114,0.052,0.116,0.000,66,W,0,,,,331296,138.33,0
301,684.563,"Mount",-0.077,-0.028,0.011,0.082,0.055,0.029,32,W,13,S,,,353677,155.58,0
302,686.953,"Mount",-0.107,-0.061,-0.004,0.123,0.051,0.046,29,W,19,S,,,348403,136.88,0
303,689.100,"Mount",-0.028,-0.053,-0.035,0.049,0.035,0.000,20,W,0,,,,357706,160.44,0
304,691.459,"Mount",-0.090,0.002,0.043,0.079,0.016,0.029,9,W,12,S,,,370609,160.43,0
305,693.579,"Mount",-0.043,-0.042,-0.018,0.057,-0.002,0.000,1,E,0,,,,346845,125.23,0
306,695.995,"Mount",-0.006,-0.151,-0.131,0.075,-0.074,0.027,42,E,12,S,,,347433,136.21,0
307,698.165,"Mount",0.120,-0.186,-0.220,-0.020,-0.131,0.000,75,E,0,,,,353787,124.76,0
308,700.551,"Mount",0.070,-0.178,-0.191,0.020,-0.136,0.000,78,E,0,,,,361241,147.65,0
309,702.681,"Mount",0.013,-0.082,-0.079,0.026,-0.108,0.000,62,E,0,,,,362454,151.21,0
310,705.078,"Mount",0.003,-0.096,-0.086,0.042,-0.126,0.000,72,E,0,,,,351386,131.63,0
311,707.299,"Mount",0.069,-0.052,-0.078,-0.037,-0.131,0.000,75,E,0,,,,352741,132.09,0
312,709.732,"Mount",-0.096,-0.022,0.025,0.096,-0.103,0.035,59,E,15,S,,,356671,159.73,0
313,711.956,"Mount",0.099,0.008,-0.038,-0.091,-0.096,-0.031,55,E,13,N,,,375330,140.87,0
314,714.484,"Mount",0.135,-0.110,-0.160,-0.069,-0.169,-0.026,97,E,11,N,,,367710,137.15,0
315,716.639,"Mount",0.047,-0.058,-0.073,-0.015,-0.121,0.000,69,E,0,,,,363875,154.56,0
316,719.083,"Mount",-0.082,-0.029,0.013,0.086,-0.082,0.031,47,E,13,S,,,353250,124.30,0
317,721.216,"Mount",0.058,-0.062,-0.082,-0.023,-0.119,0.000,68,E,0,,,,353904,134.28,0
318,723.625,"Mount",0.086,-0.059,-0.092,-0.049,-0.115,0.000,66,E,0,,,,331742,118.30,0
319,725.752,"Mount",-0.023,0.008,0.017,0.017,-0.058,0.000,33,E,0,,,,370525,157.05,0
320,728.068,"Mount",-0.055,0.077,0.094,0.014,-0.004,0.000,2,E,0,,,,355202,128.74,0
321,730.193,"Mount",0.013,0.089,0.073,-0.052,-0.003,0.000,2,E,0,,,,339916,113.70,0
322,732.558,"Mount",0.111,0.146,0.078,-0.166,0.014,-0.060,8,W,26,N,,,353750,139.05,0
323,734.637,"Mount",-0.051,-0.022,0.004,0.055,-0.011,0.000,7,E,0,,,,352876,128.09,0
324,736.999,"Mount",-0.037,0.093,0.100,-0.010,0.058,0.000,33,W,0,,,,375912,150.57,0
325,739.077,"Mount",-0.002,-0.117,-0.103,0.056,-0.031,0.000,18,E,0,,,,366622,131.49,0
326,741.506,"Mount",0.003,-0.263,-0.235,0.119,-0.096,0.043,55,E,18,S,,,368585,139.70,0
327,743.667,"Mount",0.126,-0.180,-0.218,-0.029,-0.094,0.000,54,E,0,,,,376627,175.56,0
328,746.103,"Mount",0.101,-0.191,-0.216,-0.001,-0.137,0.000,78,E,0,,,,364500,131.13,0
329,748.279,"Mount",0.118,-0.257,-0.282,0.014,-0.174,0.000,100,E,0,,,,365868,129.56,0
330,750.754,"Mount",-0.052,-0.272,-0.217,0.171,-0.160,0.062,91,E,26,S,,,375667,133.28,0
331,752.940,"Mount",0.103,-0.212,-0.236,0.007,-0.198,0.000,113,E,0,,,,357948,142.27,0
332,755.331,"Mount",0.053,-0.166,-0.172,0.030,-0.187,0.000,107,E,0,,,,359092,147.10,0
333,757.509,"Mount",0.008,-0.138,-0.126,0.057,-0.162,0.000,93,E,0,,,,365436,134.22,0
334,759.983,"Mount",-0.047,-0.211,-0.165,0.139,-0.196,0.050,112,E,21,S,,,369385,147.23,0
335,762.186,"Mount",0.054,-0.080,-0.096,-0.011,-0.170,0.000,97,E,0,,,,374472,159.65,0
336,764.589,"Mount",-0.010,-0.047,-0.037,0.031,-0.151,0.000,87,E,0,,,,389331,144.63,0
337,766.791,"Mount",0.023,-0.146,-0.141,0.047,-0.235,0.000,135,E,0,,,,364178,144.25,0
338,769.330,"Mount",-0.062,-0.135,-0.091,0.117,-0.238,0.042,136,E,18,S,,,377352,138.89,0
339,771.712,"Mount",0.024,-0.240,-0.224,0.090,-0.313,0.034,179,E,15,S,,,377921,129.76,0
340,774.233,"Mount",0.149,-0.041,-0.105,-0.113,-0.267,-0.039,153,E,17,N,,,382801,150.91,0
341,776.419,"Mount",0.012,-0.020,-0.023,-0.001,-0.217,0.000,124,E,0,,,,362050,144.38,0
342,778.859,"Mount",0.059,-0.018,-0.043,-0.044,-0.204,0.000,117,E,0,,,,354749,114.75,0
343,781.055,"Mount",-0.007,0.036,0.035,-0.011,-0.170,0.000,97,E,0,,,,371906,138.42,0
344,783.507,"Mount",0.100,-0.006,-0.051,-0.086,-0.144,-0.031,83,E,13,N,,,372306,147.99,0
345,785.725,"Mount",0.084,-0.072,-0.103,-0.041,-0.161,0.000,92,E,0,,,,377352,138.27,0
346,788.142,"Mount",0.078,-0.020,-0.054,-0.060,-0.076,-0.022,44,E,9,N,,,369268,134.27,0
347,790.331,"Mount",0.053,0.081,0.047,-0.085,-0.054,-0.031,31,E,13,N,,,379314,137.39,0
348,792.696,"Mount",0.086,0.013,-0.028,-0.083,-0.013,-0.031,7,E,13,N,,,379710,132.89,0
349,794.813,"Mount",0.077,-0.130,-0.151,-0.008,-0.065,0.000,37,E,0,,,,380568,145.53,0
350,797.237,"Mount",0.085,-0.142,-0.165,-0.010,-0.069,0.000,39,E,0,,,,373597,142.99,0
351,799.428,"Mount",-0.046,-0.088,-0.057,0.082,0.008,0.029,5,W,13,S,,,397006,162.30,0
352,801.741,"Mount",0.016,-0.142,-0.134,0.051,-0.101,0.000,57,E,0,,,,384901,144.46,0
353,803.835,"Mount",0.029,-0.040,-0.048,-0.007,-0.039,0.000,22,E,0,,,,366635,143.45,0
354,806.136,"Mount",0.035,0.052,0.030,-0.055,-0.068,0.000,39,E,0,,,,370054,145.69,0
355,808.358,"Mount",0.025,0.088,0.067,-0.062,-0.037,-0.022,21,E,10,N,,,385127,141.50,0
356,810.676,"Mount",-0.027,0.001,0.013,0.023,-0.058,0.000,33,E,0,,,,375232,150.72,0
357,812.784,"Mount",-0.054,-0.010,0.016,0.052,-0.055,0.000,32,E,0,,,,369867,140.23,0
358,815.112,"Mount",-0.025,0.132,0.128,-0.039,-0.001,0.000,1,E,0,,,,376440,149.61,0
359,817.236,"Mount",-0.105,0.068,0.109,0.062,0.015,0.022,9,W,10,S,,,398834,168.66,0
360,819.582,"Mount",-0.085,0.139,0.162,0.011,0.038,0.000,22,W,0,,,,383827,152.25,0
361,821.737,"Mount",-0.029,-0.110,-0.084,0.076,-0.050,0.028,29,E,12,S,,,381680,138.82,0
362,824.062,"Mount",-0.058,-0.005,0.022,0.054,-0.012,0.000,7,E,0,,,,378478,154.92,0
363,826.177,"Mount",-0.008,0.119,0.109,-0.048,0.032,0.000,18,W,0,,,,375381,151.24,0
364,828.585,"Mount",-0.052,0.147,0.154,-0.022,0.057,0.000,33,W,0,,,,384204,151.05,0
365,830.682,"Mount",-0.134,0.131,0.178,0.059,0.070,0.000,40,W,0,,,,371507,145.20,0
366,833.013,"Mount",-0.017,-0.040,-0.028,0.034,0.004,0.000,2,W,0,,,,350784,125.51,0
367,835.119,"Mount",0.031,0.009,-0.007,-0.032,0.021,0.000,12,W,0,,,,354389,135.00,0
368,837.447,"Mount",-0.024,-0.017,-0.003,0.029,0.043,0.000,25,W,0,,,,385119,151.35,0
369,839.586,"Mount",-0.032,0.015,0.028,0.022,0.063,0.000,36,W,0,,,,367760,138.08,0
370,842.017,"Mount",-0.090,0.115,0.143,0.027,0.134,0.000,76,W,0,,,,394594,167.38,0
371,844.241,"Mount",-0.065,0.123,0.139,0.001,0.148,0.000,85,W,0,,,,380356,139.57,0
372,846.648,"Mount",-0.067,0.007,0.037,0.056,0.108,0.000,62,W,0,,,,372856,133.71,0
373,848.924,"Mount",0.075,0.166,0.113,-0.144,0.166,-0.052,95,W,22,N,,,375917,133.56,0
374,851.414,"Mount",-0.016,0.150,0.141,-0.055,0.197,0.000,113,W,0,,,,378184,153.95,0
375,853.609,"Mount",0.004,-0.026,-0.025,0.008,0.131,0.000,75,W,0,,,,392679,148.16,0
376,856.034,"Mount",-0.073,0.048,0.076,0.042,0.172,0.000,98,W,0,,,,376693,144.88,0
377,858.206,"Mount",0.002,-0.142,-0.127,0.064,0.068,0.023,39,W,10,S,,,363996,132.95,0
378,860.628,"Mount",0.120,-0.100,-0.144,-0.060,0.059,-0.021,34,W,9,N,,,368221,140.99,0
379,862.715,"Mount",0.096,-0.152,-0.179,-0.015,0.017,0.000,10,W,0,,,,385197,131.51,0
380,865.141,"Mount",-0.083,-0.010,0.029,0.078,0.093,0.028,53,W,12,S,,,379256,153.89,0
381,867.272,"Mount",0.038,0.014,-0.005,-0.040,0.052,0.000,30,W,0,,,,355562,142.41,0
382,869.693,"Mount",-0.129,0.012,0.070,0.109,0.079,0.039,45,W,17,S,,,358832,153.84,0
383,871.832,"Mount",-0.014,-0.013,-0.005,0.018,0.057,0.000,32,W,0,,,,356371,139.40,0
384,874.276,"Mount",-0.111,-0.018,0.035,0.107,0.051,0.039,29,W,17,S,,,375741,135.81,0
385,876.490,"Mount",0.002,-0.032,-0.029,0.013,0.065,0.000,37,W,0,,,,373262,140.81,0
386,878.834,"Mount",0.016,-0.017,-0.022,-0.006,0.054,0.000,31,W,0,,,,393397,169.72,0
387,881.014,"Mount",-0.018,-0.115,-0.094,0.069,0.005,0.025,3,W,11,S,,,366622,134.51,0
388,883.401,"Mount",0.065,-0.165,-0.176,0.019,-0.042,0.000,24,E,0,,,,356111,122.92,0
389,885.585,"Mount",0.025,-0.104,-0.104,0.026,-0.021,0.000,12,E,0,,,,383289,149.26,0
390,887.894,"Mount",0.050,-0.100,-0.112,0.002,-0.045,0.000,26,E,0,,,,369465,147.70,0
391,890.032,"Mount",0.074,-0.060,-0.088,-0.038,-0.031,0.000,18,E,0,,,,381014,151.95,0
392,892.315,"Mount",0.032,-0.026,-0.038,-0.016,-0.009,0.000,5,E,0,,,,377796,145.33,0
393,894.533,"Mount",0.171,-0.149,-0.211,-0.083,-0.093,-0.030,53,E,13,N,,,388495,152.21,0
394,896.923,"Mount",0.036,0.061,0.037,-0.060,0.017,-0.023,10,W,10,N,,,369655,140.82,0
395,899.032,"Mount",-0.039,0.095,0.103,-0.010,0.083,0.000,47,W,0,,,,382960,148.38,0
396,901.397,"Mount",-0.027,0.069,0.073,-0.008,0.092,0.000,53,W,0,,,,372579,144.73,0
397,903.625,"Mount",-0.086,0.155,0.177,0.004,0.156,0.000,89,W,0,,,,390487,139.27,0
398,906.101,"Mount",-0.175,0.084,0.155,0.117,0.183,0.042,104,W,18,S,,,380043,139.29,0
399,908.354,"Mount",-0.164,0.163,0.220,0.070,0.221,0.027,126,W,11,S,,,393958,133.57,0
400,910.829,"Mount",-0.155,0.366,0.396,-0.031,0.313,0.000,179,W,0,,,,399307,150.93,0
401,913.178,"Mount",-0.004,0.158,0.143,-0.069,0.222,-0.025,127,W,11,N,,,378086,143.77,0
402,915.587,"Mount",-0.028,0.089,0.092,-0.017,0.214,0.000,122,W,0,,,,398768,153.14,0
403,917.821,"Mount",0.036,0.090,0.063,-0.073,0.187,-0.026,107,W,11,N,,,394892,147.64,0
404,920.290,"Mount",-0.123,-0.055,0.008,0.134,0.174,0.047,99,W,20,S,,,389678,164.95,0
405,922.513,"Mount",-0.067,0.053,0.078,0.035,0.186,0.000,106,W,0,,,,378280,134.66,0
406,924.940,"Mount",-0.017,0.000,0.008,0.015,0.162,0.000,92,W,0,,,,389053,132.89,0
407,927.149,"Mount",-0.111,0.095,0.136,0.055,0.213,0.000,122,W,0,,,,394632,158.87,0
408,929.615,"Mount",0.111,-0.019,-0.068,-0.089,0.122,-0.032,70,W,14,N,,,384876,129.64,0
409,931.757,"Mount",0.005,-0.002,-0.004,-0.003,0.150,0.000,86,W,0,,,,408560,158.30,0
410,934.169,"Mount",0.036,-0.074,-0.082,0.002,0.095,0.000,54,W,0,,,,391712,149.64,0
411,936.364,"Mount",0.164,-0.165,-0.222,-0.070,0.010,-0.025,6,W,11,N,,,381411,146.17,0
412,938.644,"Mount",0.115,-0.160,-0.195,-0.029,-0.003,0.000,2,E,0,,,,390477,137.76,0
413,940.882,"Mount",0.039,-0.210,-0.204,0.063,-0.048,0.023,27,E,10,S,,,400779,137.21,0
414,943.249,"Mount",-0.026,-0.167,-0.136,0.100,-0.043,0.037,25,E,16,S,,,370158,124.35,0
415,945.350,"Mount",0.070,-0.097,-0.119,-0.018,-0.056,0.000,32,E,0,,,,375575,121.40,0
416,947.723,"Mount",-0.008,-0.053,-0.043,0.031,-0.035,0.000,20,E,0,,,,390325,142.81,0
417,949.865,"Mount",0.096,-0.143,-0.171,-0.019,-0.117,0.000,67,E,0,,,,397997,148.88,0
418,952.197,"Mount",-0.016,-0.015,-0.006,0.021,-0.044,0.000,25,E,0,,,,410284,156.71,0
419,954.336,"Mount",0.051,0.128,0.090,-0.105,0.007,-0.038,4,W,16,N,,,380309,138.94,0
420,956.604,"Mount",-0.037,-0.005,0.013,0.036,-0.018,0.000,10,E,0,,,,401098,143.14,0
421,958.667,"Mount",0.081,-0.046,-0.078,-0.050,-0.042,0.000,24,E,0,,,,387713,142.82,0
422,961.013,"Mount",0.023,0.017,0.004,-0.028,0.017,0.000,9,W,0,,,,389187,132.19,0
423,963.098,"Mount",-0.027,-0.038,-0.022,0.042,0.024,0.000,13,W,0,,,,403956,174.01,0
424,965.440,"Mount",0.038,0.009,-0.010,-0.038,0.030,0.000,17,W,0,,,,396220,135.41,0
425,967.563,"Mount",-0.076,0.047,0.076,0.046,0.057,0.000,33,W,0,,,,383750,135.02,0
426,969.894,"Mount",-0.054,0.003,0.027,0.047,0.025,0.000,14,W,0,,,,396626,143.88,0
427,972.053,"Mount",0.044,0.127,0.093,-0.097,0.069,-0.035,39,W,15,N,,,405647,150.50,0
428,974.460,"Mount",0.051,0.093,0.059,-0.088,0.026,-0.033,15,W,14,N,,,378621,131.19,0
429,976.569,"Mount",-0.036,0.023,0.037,0.021,0.023,0.000,13,W,0,,,,393418,136.31,0
430,979.006,"Mount",-0.188,0.056,0.137,0.141,0.082,0.051,47,W,22,S,,,395989,156.22,0
431,981.118,"Mount",0.009,0.068,0.056,-0.039,0.021,0.000,12,W,0,,,,406838,149.29,0
432,983.453,"Mount",-0.036,0.082,0.089,-0.006,0.062,0.000,35,W,0,,,,395865,141.53,0
433,985.573,"Mount",-0.042,-0.004,0.015,0.039,0.028,0.000,16,W,0,,,,391309,151.63,0
434,987.953,"Mount",-0.045,0.093,0.104,-0.003,0.077,0.000,44,W,0,,,,397413,157.05,0
435,990.076,"Mount",-0.046,-0.039,-0.013,0.059,0.030,0.000,17,W,0,,,,401352,176.84,0
436,992.435,"Mount",-0.059,0.054,0.075,0.028,0.061,0.000,35,W,0,,,,388920,132.56,0
437,994.548,"Mount",-0.036,0.013,0.028,0.025,0.024,0.000,14,W,0,,,,403457,159.62,0
438,996.879,"Mount",0.076,-0.086,-0.111,-0.028,-0.037,0.000,21,E,0,,,,383765,134.33,0
439,998.985,"Mount",0.058,-0.111,-0.125,-0.001,-0.050,0.000,29,E,0,,,,396530,152.36,0
440,1001.360,"Mount",0.087,-0.059,-0.092,-0.050,-0.051,0.000,29,E,0,,,,385455,146.83,0
441,1003.535,"Mount",0.081,0.060,0.015,-0.100,-0.014,-0.036,8,E,15,N,,,391919,140.05,0
442,1006.018,"Mount",-0.044,-0.054,-0.028,0.064,-0.020,0.022,12,E,9,S,,,416018,172.87,0
443,1008.224,"Mount",-0.080,-0.018,0.021,0.080,-0.020,0.030,11,E,13,S,,,393496,157.86,0
444,1010.531,"Mount",0.010,-0.043,-0.043,0.011,-0.016,0.000,9,E,0,,,,403699,146.36,0
445,1012.663,"Mount",-0.099,-0.048,0.003,0.110,0.007,0.040,4,W,17,S,,,393288,132.18,0
446,1014.978,"Mount",-0.061,-0.010,0.019,0.058,0.019,0.000,11,W,0,,,,394733,142.93,0
447,1017.054,"Mount",0.085,-0.109,-0.136,-0.025,-0.027,0.000,16,E,0,,,,394948,151.98,0
448,1019.342,"Mount",0.027,-0.062,-0.068,0.005,0.011,0.000,7,W,0,,,,392950,137.30,0
449,1021.459,"Mount",-0.010,-0.013,-0.007,0.014,0.040,0.000,23,W,0,,,,392139,141.55,0
450,1023.786,"Mount",0.047,-0.040,-0.057,-0.023,0.052,0.000,30,W,0,,,,391982,148.25,0
451,1025.884,"Mount",0.058,-0.165,-0.173,0.025,-0.030,0.000,17,E,0,,,,393590,163.55,0
452,1028.169,"Mount",0.028,-0.132,-0.130,0.036,-0.008,0.000,5,E,0,,,,396890,139.57,0
453,1030.295,"Mount",0.004,-0.036,-0.034,0.013,0.049,0.000,28,W,0,,,,396823,143.92,0
454,1032.623,"Mount",0.070,-0.240,-0.246,0.048,-0.077,0.000,44,E,0,,,,406809,163.00,0
455,1034.741,"Mount",0.075,-0.246,-0.253,0.047,-0.089,0.000,51,E,0,,,,392115,145.68,0
456,1037.057,"Mount",0.008,-0.120,-0.110,0.048,-0.041,0.000,23,E,0,,,,405646,156.41,0
457,1039.116,"Mount",-0.015,0.043,0.045,-0.006,-0.006,0.000,3,E,0,,,,418466,169.34,0
458,1041.413,"Mount",-0.017,0.018,0.024,0.007,-0.018,0.000,10,E,0,,,,401552,135.76,0
459,1043.575,"Mount",0.136,-0.151,-0.197,-0.051,-0.119,0.000,68,E,0,,,,399417,150.80,0
460,1045.930,"Mount",0.095,-0.114,-0.145,-0.032,-0.104,0.000,60,E,0,,,,404588,166.80,0
461,1048.032,"Mount",0.037,-0.096,-0.102,0.012,-0.099,0.000,56,E,0,,,,394161,153.95,0
462,1050.333,"Mount",0.038,0.004,-0.014,-0.036,-0.071,0.000,40,E,0,,,,413312,148.73,0
463,1052.472,"Mount",0.051,-0.025,-0.046,-0.034,-0.101,0.000,58,E,0,,,,390886,148.12,0
464,1054.855,"Mount",0.076,-0.104,-0.127,-0.019,-0.173,0.000,99,E,0,,,,407160,151.18,0
465,1057.028,"Mount",0.028,-0.089,-0.092,0.016,-0.146,0.000,84,E,0,,,,400909,173.53,0
466,1059.453,"Mount",0.101,-0.189,-0.215,-0.002,-0.205,0.000,117,E,0,,,,402423,145.04,0
467,1061.627,"Mount",0.056,-0.172,-0.178,0.030,-0.184,0.000,105,E,0,,,,408369,148.86,0
468,1064.083,"Mount",0.088,0.039,-0.006,-0.096,-0.097,-0.034,56,E,15,N,,,399555,140.98,0
469,1066.333,"Mount",0.050,0.073,0.042,-0.078,-0.099,-0.030,57,E,13,N,,,401276,155.08,0
470,1068.771,"Mount",0.001,-0.142,-0.126,0.065,-0.143,0.022,82,E,9,S,,,402861,163.53,0
471,1071.007,"Mount",-0.048,-0.145,-0.106,0.109,-0.115,0.040,66,E,17,S,,,410481,140.46,0
472,1073.368,"Mount",-0.031,-0.025,-0.008,0.039,-0.054,0.000,31,E,0,,,,402840,144.17,0
473,1075.499,"Mount",-0.015,0.027,0.031,0.001,-0.038,0.000,22,E,0,,,,395502,152.97,0
474,1077.833,"Mount",-0.048,0.009,0.030,0.038,-0.035,0.000,20,E,0,,,,394096,149.24,0
475,1080.007,"Mount",-0.073,-0.001,0.033,0.066,-0.029,0.024,17,E,10,S,,,393004,136.42,0
476,1082.434,"Mount",-0.045,0.149,0.153,-0.029,0.060,0.000,35,W,0,,,,395939,148.33,0
477,1084.538,"Mount",-0.021,-0.003,0.007,0.020,-0.011,0.000,6,E,0,,,,398436,147.35,0
478,1086.857,"Mount",-0.022,0.031,0.038,0.006,-0.021,0.000,12,E,0,,,,398623,143.90,0
479,1089.068,"Mount",0.081,-0.051,-0.082,-0.049,-0.063,0.000,36,E,0,,,,401788,165.26,0
480,1091.412,"Mount",0.037,-0.107,-0.112,0.017,-0.099,0.000,57,E,0,,,,389791,140.69,0
481,1093.543,"Mount",0.032,0.000,-0.014,-0.028,-0.050,0.000,29,E,0,,,,410688,148.75,0
482,1095.882,"Mount",-0.001,-0.095,-0.084,0.045,-0.104,0.000,60,E,0,,,,405186,157.62,0
483,1098.022,"Mount",0.040,-0.131,-0.135,0.025,-0.128,0.000,73,E,0,,,,395696,133.53,0
484,1100.404,"Mount",0.053,-0.060,-0.078,-0.019,-0.111,0.000,63,E,0,,,,404058,147.38,0
485,1102.567,"Mount",0.079,-0.046,-0.077,-0.049,-0.118,0.000,68,E,0,,,,411842,170.73,0
486,1104.961,"Mount",0.066,-0.174,-0.185,0.022,-0.188,0.000,107,E,0,,,,408994,140.04,0
487,1107.179,"Mount",-0.153,-0.133,-0.048,0.198,-0.113,0.071,65,E,30,S,,,391910,127.85,0
488,1109.709,"Mount",0.145,-0.129,-0.181,-0.069,-0.228,-0.022,131,E,9,N,,,391156,134.59,0
489,1111.988,"Mount",0.119,-0.040,-0.090,-0.087,-0.220,-0.032,126,E,14,N,,,406968,136.00,0
490,1114.600,"Mount",0.125,-0.100,-0.146,-0.065,-0.277,-0.025,159,E,10,N,,,415535,150.25,0
491,1116.785,"Mount",0.012,-0.006,-0.011,-0.007,-0.235,0.000,134,E,0,,,,407870,146.14,0
492,1119.254,"Mount",0.118,-0.155,-0.192,-0.033,-0.329,0.000,188,E,0,,,,411320,172.39,0
493,1121.461,"Mount",0.022,-0.041,-0.046,-0.000,-0.231,0.000,132,E,0,,,,392991,138.02,0
494,1123.996,"Mount",0.186,-0.004,-0.089,-0.164,-0.261,-0.059,149,E,25,N,,,403327,144.30,0
495,1126.281,"Mount",0.114,-0.050,-0.097,-0.078,-0.234,-0.031,134,E,13,N,,,400633,144.33,0
496,1128.780,"Mount",-0.017,-0.113,-0.093,0.067,-0.206,0.023,118,E,10,S,,,417378,154.36,0
497,1130.936,"Mount",0.041,-0.011,-0.029,-0.031,-0.129,0.000,74,E,0,,,,397153,146.08,0
498,1133.404,"Mount",0.128,-0.085,-0.134,-0.074,-0.164,-0.027,94,E,11,N,,,389763,160.30,0
499,1135.613,"Mount",-0.013,-0.092,-0.076,0.054,-0.114,0.000,65,E,0,,,,399786,136.04,0
500,1138.037,"Mount",-0.012,-0.154,-0.131,0.082,-0.130,0.029,74,E,13,S,,,405249,153.04,0
501,1140.199,"Mount",-0.025,-0.108,-0.084,0.072,-0.098,0.027,56,E,12,S,,,403652,168.86,0
502,1142.547,"Mount",-0.022,0.082,0.083,-0.018,-0.009,0.000,5,E,0,,,,411708,147.22,0
503,1144.635,"Mount",-0.046,0.161,0.164,-0.034,0.033,0.000,19,W,0,,,,388716,149.60,0
504,1146.958,"Mount",-0.009,-0.059,-0.048,0.035,-0.038,0.000,22,E,0,,,,403193,154.56,0
505,1149.068,"Mount",-0.058,0.146,0.157,-0.016,0.038,0.000,22,W,0,,,,407525,146.80,0
506,1151.475,"Mount",0.141,0.055,-0.017,-0.150,-0.045,-0.054,26,E,23,N,,,391969,145.06,0
507,1153.678,"Mount",0.105,0.005,-0.044,-0.095,-0.037,-0.036,21,E,16,N,,,397252,139.24,0
508,1156.103,"Mount",0.104,0.064,0.009,-0.121,-0.035,-0.045,20,E,19,N,,,392371,136.76,0
509,1158.301,"Mount",0.091,-0.031,-0.070,-0.066,-0.057,-0.026,33,E,11,N,,,398522,146.85,0
510,1160.672,"Mount",-0.114,0.044,0.091,0.081,0.021,0.028,12,W,12,S,,,401125,151.90,0
511,1162.815,"Mount",-0.078,-0.055,-0.013,0.094,-0.025,0.035,14,E,15,S,,,412669,158.45,0
512,1165.209,"Mount",0.058,-0.122,-0.135,0.005,-0.089,0.000,51,E,0,,,,406881,158.08,0
513,1167.343,"Mount",0.060,-0.005,-0.032,-0.051,-0.023,0.000,13,E,0,,,,408454,158.61,0
514,1169.731,"Mount",0.034,-0.053,-0.063,-0.006,-0.058,0.000,33,E,0,,,,398856,138.12,0
515,1171.891,"Mount",0.058,-0.114,-0.128,0.001,-0.092,0.000,53,E,0,,,,392084,148.18,0
516,1174.380,"Mount",-0.119,-0.035,0.024,0.122,-0.036,0.044,21,E,19,S,,,387172,138.35,0
517,1176.495,"Mount",0.014,-0.030,-0.033,0.002,-0.036,0.000,21,E,0,,,,408077,140.69,0
518,1178.904,"Mount",-0.006,0.176,0.159,-0.076,0.048,-0.027,27,W,12,N,,,422580,160.73,0
519,1181.089,"Mount",0.046,0.065,0.036,-0.070,-0.003,-0.026,2,E,11,N,,,391642,140.45,0
520,1183.390,"Mount",-0.015,0.027,0.031,0.001,0.020,0.000,12,W,0,,,,410788,156.89,0
521,1185.531,"Mount",-0.031,0.064,0.071,-0.002,0.079,0.000,45,W,0,,,,417101,173.80,0
522,1187.928,"Mount",-0.106,-0.029,0.023,0.108,0.073,0.039,42,W,17,S,,,411658,158.29,0
523,1190.122,"Mount",-0.074,0.181,0.194,-0.018,0.180,0.000,103,W,0,,,,395266,143.94,0
524,1192.530,"Mount",-0.082,0.125,0.149,0.015,0.173,0.000,99,W,0,,,,405645,151.04,0
525,1194.692,"Mount",-0.029,0.163,0.158,-0.050,0.184,0.000,105,W,0,,,,414346,134.53,0
526,1197.139,"Mount",-0.073,0.220,0.229,-0.037,0.234,0.000,134,W,0,,,,433191,180.41,0
527,1199.443,"Mount",0.112,0.154,0.085,-0.170,0.167,-0.061,96,W,26,N,,,413107,149.78,0
528,1201.840,"Mount",-0.028,0.021,0.031,0.015,0.131,0.000,75,W,0,,,,405446,127.39,0
529,1204.069,"Mount",-0.030,0.120,0.120,-0.029,0.174,0.000,99,W,0,,,,393449,146.53,0
530,1206.484,"Mount",-0.087,0.104,0.132,0.030,0.169,0.000,97,W,0,,,,391055,133.29,0
531,1208.647,"Mount",0.017,0.045,0.032,-0.036,0.101,0.000,58,W,0,,,,403714,142.27,0
532,1211.033,"Mount",-0.022,0.081,0.082,-0.017,0.142,0.000,81,W,0,,,,413070,161.83,0
533,1213.238,"Mount",-0.074,0.101,0.124,0.019,0.156,0.000,89,W,0,,,,396965,125.14,0
534,1215.599,"Mount",-0.011,0.021,0.024,-0.000,0.101,0.000,57,W,0,,,,421773,132.84,0
535,1217.705,"Mount",0.049,-0.018,-0.039,-0.035,0.092,0.000,53,W,0,,,,399486,153.32,0
536,1220.129,"Mount",0.181,0.015,-0.070,-0.168,0.056,-0.060,32,W,26,N,,,402736,147.05,0
537,1222.307,"Mount",0.151,-0.141,-0.195,-0.069,-0.036,-0.027,21,E,12,N,,,417020,141.66,0
538,1224.694,"Mount",0.001,-0.154,-0.138,0.070,-0.026,0.024,15,E,10,S,,,395236,121.25,0
539,1226.808,"Mount",0.024,-0.162,-0.155,0.054,-0.062,0.000,35,E,0,,,,398834,151.98,0
540,1229.174,"Mount",0.030,-0.106,-0.108,0.022,-0.057,0.000,33,E,0,,,,400682,127.23,0
541,1231.226,"Mount",0.030,-0.026,-0.036,-0.014,-0.017,0.000,10,E,0,,,,408947,160.00,0
542,1233.652,"Mount",-0.004,-0.167,-0.146,0.080,-0.094,0.029,54,E,12,S,,,416954,171.35,0
543,1235.870,"Mount",0.128,0.054,-0.011,-0.139,-0.021,-0.049,12,E,21,N,,,422912,140.58,0
544,1238.167,"Mount",0.057,-0.036,-0.059,-0.034,-0.015,0.000,9,E,0,,,,404163,147.57,0
545,1240.261,"Mount",0.053,-0.136,-0.146,0.016,-0.067,0.000,38,E,0,,,,407568,139.53,0
546,1242.577,"Mount",0.067,-0.047,-0.073,-0.037,-0.015,0.000,9,E,0,,,,370176,127.42,0
547,1244.733,"Mount",-0.081,-0.050,-0.007,0.095,0.040,0.034,23,W,15,S,,,399078,155.22,0
548,1247.208,"Mount",0.042,0.124,0.091,-0.095,0.106,-0.033,61,W,14,N,,,395161,137.34,0
549,1249.398,"Mount",-0.013,0.119,0.111,-0.043,0.136,0.000,78,W,0,,,,402108,148.71,0
550,1251.881,"Mount",0.026,0.150,0.121,-0.093,0.166,-0.033,95,W,14,N,,,410371,154.41,0
551,1254.091,"Mount",-0.103,0.218,0.241,-0.010,0.230,0.000,132,W,0,,,,405651,146.95,0
552,1256.537,"Mount",-0.081,0.183,0.200,-0.012,0.224,0.000,128,W,0,,,,403856,135.58,0
553,1258.737,"Mount",-0.037,0.198,0.193,-0.058,0.220,0.000,126,W,0,,,,406372,159.75,0
554,1261.217,"Mount",-0.134,0.235,0.270,0.011,0.274,0.000,157,W,0,,,,398630,162.81,0
555,1263.520,"Mount",-0.005,0.157,0.142,-0.069,0.217,-0.025,124,W,11,N,,,387401,130.58,0
556,1266.019,"Mount",-0.130,0.071,0.123,0.082,0.222,0.029,127,W,12,S,,,403554,159.19,0
557,1268.237,"Mount",-0.121,-0.006,0.050,0.110,0.178,0.041,102,W,17,S,,,404002,161.37,0
558,1270.733,"Mount",-0.078,-0.035,0.005,0.085,0.192,0.032,110,W,14,S,,,384798,123.16,0
559,1272.927,"Mount",0.015,0.028,0.018,-0.026,0.155,0.000,88,W,0,,,,410730,161.95,0
560,1275.410,"Mount",-0.058,0.195,0.200,-0.038,0.246,0.000,140,W,0,,,,401013,161.37,0
561,1277.563,"Mount",0.018,0.055,0.040,-0.041,0.126,0.000,72,W,0,,,,401704,148.43,0
562,1280.008,"Mount",-0.050,0.048,0.066,0.022,0.141,0.000,81,W,0,,,,410330,143.27,0
563,1282.245,"Mount",0.146,0.126,0.044,-0.188,0.100,-0.068,57,W,29,N,,,403434,132.57,0
564,1284.701,"Mount",-0.124,0.030,0.084,0.096,0.110,0.032,63,W,14,S,,,402279,138.83,0
565,1286.879,"Mount",-0.075,0.012,0.045,0.061,0.057,0.023,33,W,10,S,,,405780,147.47,0
566,1289.190,"Mount",0.017,-0.091,-0.089,0.027,-0.013,0.000,7,E,0,,,,387295,133.89,0
567,1291.380,"Mount",-0.121,-0.030,0.029,0.121,0.024,0.044,14,W,19,S,,,418651,147.24,0
568,1293.707,"Mount",0.053,-0.002,-0.027,-0.046,0.007,0.000,4,W,0,,,,399147,132.28,0
569,1295.819,"Mount",-0.007,0.135,0.123,-0.056,0.049,0.000,28,W,0,,,,401250,150.69,0
570,1298.137,"Mount",-0.035,0.028,0.041,0.018,-0.011,0.000,6,E,0,,,,408472,161.03,0
571,1300.289,"Mount",0.000,-0.108,-0.096,0.050,-0.052,0.000,29,E,0,,,,402665,168.85,0
572,1302.622,"Mount",0.004,0.057,0.049,-0.030,-0.008,0.000,5,E,0,,,,408313,159.94,0
573,1304.767,"Mount",0.128,0.037,-0.026,-0.130,-0.001,-0.047,1,E,20,N,,,398161,134.30,0
574,1307.143,"Mount",0.061,-0.169,-0.178,0.024,-0.092,0.000,53,E,0,,,,404070,136.06,0
575,1309.273,"Mount",0.027,-0.060,-0.066,0.004,-0.034,0.000,19,E,0,,,,416664,149.70,0
576,1311.665,"Mount",0.121,-0.220,-0.251,-0.006,-0.118,0.000,67,E,0,,,,400395,142.84,0
577,1313.846,"Mount",0.061,0.065,0.029,-0.084,0.000,-0.030,0,,13,N,,,426450,186.78,0
578,1316.172,"Mount",-0.064,0.035,0.060,0.041,0.035,0.000,20,W,0,,,,403312,139.32,0
579,1318.329,"Mount",-0.059,-0.055,-0.021,0.078,0.009,0.028,5,W,12,S,,,417761,146.25,0
580,1320.690,"Mount",-0.085,-0.068,-0.021,0.106,0.024,0.039,13,W,17,S,,,410616,141.43,0
581,1322.813,"Mount",-0.026,0.064,0.069,-0.007,0.054,0.000,31,W,0,,,,417414,165.79,0
582,1325.278,"Mount",-0.078,-0.038,0.002,0.086,0.023,0.031,13,W,13,S,,,407453,136.75,0
583,1327.421,"Mount",0.012,0.065,0.052,-0.040,0.023,0.000,13,W,0,,,,393821,135.90,0
584,1329.797,"Mount",0.036,0.088,0.061,-0.072,0.049,-0.026,28,W,11,N,,,413011,146.13,0
585,1331.976,"Mount",0.037,0.097,0.069,-0.078,0.053,-0.029,30,W,12,N,,,409536,135.08,0
586,1334.385,"Mount",-0.160,0.045,0.113,0.121,0.071,0.042,41,W,18,S,,,410664,166.58,0
587,1336.500,"Mount",0.001,-0.115,-0.103,0.052,-0.027,0.000,15,E,0,,,,419355,157.09,0
588,1338.814,"Mount",0.070,-0.033,-0.061,-0.047,-0.011,0.000,6,E,0,,,,403069,131.80,0
589,1340.956,"Mount",0.051,0.085,0.052,-0.084,0.009,-0.030,5,W,13,N,,,403729,138.95,0
590,1343.361,"Mount",-0.152,-0.004,0.066,0.137,0.035,0.048,20,W,21,S,,,404070,144.28,0
591,1345.484,"Mount",0.111,-0.007,-0.057,-0.095,0.001,-0.032,1,W,14,N,,,404699,155.68,0
592,1347.888,"Mount",0.140,-0.152,-0.199,-0.054,-0.092,0.000,53,E,0,,,,394835,146.25,0
593,1350.063,"Mount",0.032,-0.141,-0.140,0.037,-0.068,0.000,39,E,0,,,,395939,132.28,0
594,1352.430,"Mount",0.129,-0.124,-0.169,-0.057,-0.097,0.000,56,E,0,,,,409181,147.48,0
595,1354.654,"Mount",0.195,-0.129,-0.204,-0.113,-0.112,-0.041,64,E,17,N,,,411156,153.60,0
596,1357.047,"Mount",0.134,0.015,-0.049,-0.125,-0.017,-0.047,10,E,20,N,,,406749,126.51,0
597,1359.233,"Mount",0.099,-0.036,-0.078,-0.071,-0.048,-0.027,27,E,12,N,,,393498,140.47,0
598,1361.614,"Mount",0.059,0.019,-0.010,-0.061,-0.005,-0.023,3,E,10,N,,,396190,139.67,0
599,1363.802,"Mount",-0.030,-0.097,-0.072,0.072,-0.030,0.025,17,E,11,S,,,403151,143.44,0
600,1366.142,"Mount",-0.000,-0.023,-0.021,0.011,0.013,0.000,8,W,0,,,,407470,148.87,0
601,1368.369,"Mount",0.041,-0.091,-0.100,0.005,-0.026,0.000,15,E,0,,,,410141,160.79,0
602,1370.676,"Mount",-0.018,0.015,0.022,0.009,0.025,0.000,14,W,0,,,,401764,144.54,0
603,1372.898,"Mount",-0.045,-0.102,-0.070,0.087,-0.008,0.031,4,E,13,S,,,424756,177.54,0
604,1375.194,"Mount",0.030,-0.096,-0.099,0.018,-0.023,0.000,13,E,0,,,,403759,153.17,0
605,1377.311,"Mount",0.031,-0.079,-0.084,0.008,-0.017,0.000,10,E,0,,,,402842,146.52,0
606,1379.584,"Mount",0.027,-0.070,-0.075,0.009,-0.016,0.000,9,E,0,,,,412702,147.64,0
607,1381.711,"Mount",0.032,-0.092,-0.096,0.014,-0.032,0.000,18,E,0,,,,411847,149.53,0
608,1384.011,"Mount",0.006,-0.055,-0.052,0.021,0.007,0.000,4,W,0,,,,418993,163.63,0
609,1386.153,"Mount",0.104,-0.107,-0.143,-0.043,-0.069,0.000,39,E,0,,,,401745,138.93,0
610,1388.446,"Mount",-0.038,0.093,0.100,-0.009,0.028,0.000,16,W,0,,,,403625,146.67,0
611,1390.630,"Mount",-0.097,-0.068,-0.016,0.117,-0.027,0.042,15,E,18,S,,,384168,127.19,0
612,1393.041,"Mount",0.035,-0.150,-0.149,0.038,-0.113,0.000,64,E,0,,,,409818,146.92,0
613,1395.183,"Mount",0.120,-0.132,-0.173,-0.045,-0.137,0.000,78,E,0,,,,411853,141.63,0
614,1397.609,"Mount",0.077,0.029,-0.010,-0.081,-0.076,-0.029,44,E,13,N,,,391487,139.95,0
615,1399.849,"Mount",0.135,-0.112,-0.161,-0.068,-0.164,-0.026,94,E,11,N,,,403475,140.11,0
616,1402.271,"Mount",0.053,-0.120,-0.131,0.008,-0.179,0.000,102,E,0,,,,415624,135.38,0
617,1404.516,"Mount",-0.046,-0.068,-0.039,0.072,-0.126,0.026,72,E,11,S,,,402898,132.20,0
618,1406.923,"Mount",0.045,-0.009,-0.029,-0.036,-0.144,0.000,82,E,0,,,,400662,161.29,0
619,1409.187,"Mount",0.186,-0.016,-0.100,-0.158,-0.177,-0.057,101,E,24,N,,,412769,167.74,0
620,1411.599,"Mount",0.066,-0.040,-0.065,-0.040,-0.156,0.000,89,E,0,,,,417393,173.07,0
621,1413.795,"Mount",0.050,-0.010,-0.031,-0.040,-0.107,0.000,61,E,0,,,,407232,155.20,0
622,1416.190,"Mount",-0.114,-0.018,0.037,0.110,-0.091,0.039,52,E,17,S,,,402282,142.91,0
623,1418.317,"Mount",-0.001,-0.097,-0.085,0.046,-0.109,0.000,62,E,0,,,,415777,153.19,0
624,1420.635,"Mount",0.047,0.025,0.001,-0.053,-0.050,0.000,28,E,0,,,,408007,133.46,0
625,1422.786,"Mount",0.079,0.040,-0.001,-0.089,-0.032,-0.032,18,E,14,N,,,414294,142.05,0
626,1425.206,"Mount",-0.073,0.000,0.034,0.064,-0.023,0.022,13,E,9,S,,,411867,154.09,0
627,1427.350,"Mount",0.066,0.006,-0.025,-0.061,-0.010,-0.021,6,E,9,N,,,423087,178.25,0
628,1429.662,"Mount",0.014,0.034,0.024,-0.028,-0.014,0.000,8,E,0,,,,391401,131.92,0
629,1431.818,"Mount",0.135,0.057,-0.012,-0.146,-0.027,-0.053,15,E,23,N,,,381981,130.38,0
630,1434.192,"Mount",0.049,-0.088,-0.101,-0.003,-0.087,0.000,50,E,0,,,,395246,143.25,0
631,1436.350,"Mount",-0.085,-0.042,0.002,0.095,-0.059,0.034,34,E,15,S,,,394088,143.56,0
632,1438.719,"Mount",0.045,-0.129,-0.135,0.020,-0.130,0.000,74,E,0,,,,409232,170.13,0
633,1440.918,"Mount",0.115,-0.188,-0.220,-0.016,-0.175,0.000,100,E,0,,,,394775,131.73,0
634,1443.380,"Mount",-0.008,-0.159,-0.138,0.080,-0.143,0.029,82,E,12,S,,,411968,146.14,0
635,1445.586,"Mount",-0.139,-0.004,0.060,0.126,-0.047,0.046,27,E,20,S,,,393821,140.27,0
636,1447.979,"Mount",0.020,-0.000,-0.009,-0.018,-0.088,0.000,50,E,0,,,,392905,146.47,0
637,1450.237,"Mount",0.060,0.059,0.025,-0.081,-0.094,-0.029,54,E,12,N,,,394006,142.09,0
638,1452.598,"Mount",-0.022,-0.043,-0.028,0.039,-0.098,0.000,56,E,0,,,,422995,159.72,0
639,1454.755,"Mount",0.030,-0.093,-0.096,0.016,-0.160,0.000,92,E,0,,,,412821,160.59,0
640,1457.178,"Mount",0.030,-0.117,-0.118,0.028,-0.203,0.000,116,E,0,,,,399769,136.89,0
641,1459.411,"Mount",0.134,-0.142,-0.188,-0.053,-0.259,0.000,148,E,0,,,,398923,133.81,0
642,1461.866,"Mount",0.003,-0.042,-0.039,0.017,-0.226,0.000,129,E,0,,,,396647,138.13,0
643,1464.154,"Mount",0.143,-0.030,-0.093,-0.113,-0.276,-0.041,158,E,17,N,,,389337,136.84,0
644,1466.680,"Mount",0.068,-0.120,-0.137,-0.005,-0.326,0.000,186,E,0,,,,390203,156.62,0
645,1469.037,"Mount",0.054,0.036,0.007,-0.064,-0.250,-0.023,143,E,10,N,,,388399,126.57,0
646,1471.546,"Mount",0.111,-0.001,-0.052,-0.098,-0.243,-0.036,139,E,16,N,,,408971,152.95,0
647,1473.821,"Mount",0.129,-0.044,-0.098,-0.094,-0.250,-0.035,143,E,15,N,,,392139,143.36,0
648,1476.249,"Mount",0.014,-0.041,-0.043,0.006,-0.172,0.000,98,E,0,,,,399326,169.74,0
649,1478.480,"Mount",-0.054,-0.035,-0.006,0.064,-0.131,0.023,75,E,10,S,,,403373,132.51,0
650,1480.892,"Mount",0.105,-0.108,-0.144,-0.043,-0.173,0.000,99,E,0,,,,417668,159.00,0
651,1483.129,"Mount",-0.084,-0.078,-0.030,0.110,-0.080,0.040,45,E,17,S,,,395577,134.15,0
652,1485.540,"Mount",0.109,-0.188,-0.217,-0.010,-0.165,0.000,95,E,0,,,,404232,152.57,0
653,1487.665,"Mount",0.052,-0.060,-0.077,-0.019,-0.095,0.000,54,E,0,,,,407087,165.30,0
654,1490.141,"Mount",-0.051,-0.163,-0.121,0.121,-0.111,0.043,64,E,19,S,,,403742,136.81,0
655,1492.297,"Mount",0.032,-0.104,-0.107,0.020,-0.103,0.000,59,E,0,,,,396680,131.60,0
656,1494.625,"Mount",0.073,-0.035,-0.064,-0.049,-0.084,0.000,48,E,0,,,,386953,133.80,0
657,1496.716,"Mount",0.000,0.069,0.061,-0.032,-0.032,0.000,18,E,0,,,,391614,130.85,0
658,1499.109,"Mount",0.104,0.020,-0.030,-0.102,-0.059,-0.037,34,E,16,N,,,414355,141.63,0
659,1501.282,"Mount",0.182,0.099,0.004,-0.207,-0.052,-0.076,30,E,33,N,,,409545,161.84,0
660,1503.694,"Mount",0.049,0.053,0.025,-0.069,-0.043,-0.028,25,E,12,N,,,412560,138.85,0
661,1505.886,"Mount",-0.100,-0.063,-0.010,0.118,-0.041,0.041,23,E,18,S,,,418556,162.71,0
662,1508.218,"Mount",-0.081,0.134,0.157,0.010,0.035,0.000,20,W,0,,,,406701,139.41,0
663,1510.349,"Mount",0.036,0.005,-0.012,-0.034,-0.033,0.000,19,E,0,,,,387502,128.79,0
664,1512.652,"Mount",0.003,-0.015,-0.015,0.004,-0.028,0.000,16,E,0,,,,412752,154.30,0
665,1514.840,"Mount",0.239,0.137,0.012,-0.275,-0.026,-0.099,15,E,42,N,,,416567,167.93,0
666,1517.257,"Mount",-0.001,-0.130,-0.115,0.061,-0.079,0.018,45,E,8,S,,,400482,153.67,0
667,1519.448,"Mount",-0.047,-0.099,-0.067,0.087,-0.057,0.032,32,E,14,S,,,422482,172.13,0
668,1521.813,"Mount",-0.020,0.067,0.069,-0.014,-0.003,0.000,2,E,0,,,,395749,146.78,0
669,1523.924,"Mount",-0.096,0.104,0.136,0.037,0.034,0.000,20,W,0,,,,414762,158.55,0
670,1526.287,"Mount",-0.115,0.129,0.167,0.043,0.054,0.000,31,W,0,,,,408995,136.51,0
671,1528.401,"Mount",-0.029,0.100,0.102,-0.020,0.041,0.000,24,W,0,,,,405666,153.18,0
672,1530.785,"Mount",-0.117,-0.106,-0.041,0.153,0.022,0.055,13,W,24,S,,,417702,157.96,0
673,1532.981,"Mount",-0.089,-0.074,-0.025,0.113,0.043,0.043,25,W,18,S,,,408453,141.76,0
674,1535.341,"Mount",-0.079,0.038,0.070,0.053,0.103,0.000,59,W,0,,,,402334,158.32,0
675,1537.648,"Mount",-0.153,0.100,0.160,0.089,0.159,0.032,91,W,14,S,,,410888,144.61,0
676,1540.098,"Mount",0.012,0.092,0.076,-0.053,0.154,0.000,88,W,0,,,,417593,151.66,0
677,1542.271,"Mount",-0.040,0.032,0.047,0.021,0.130,0.000,74,W,0,,,,408380,146.02,0
678,1544.693,"Mount",-0.072,0.107,0.128,0.015,0.199,0.000,114,W,0,,,,411945,146.01,0
679,1546.865,"Mount",-0.083,0.033,0.068,0.059,0.158,0.000,90,W,0,,,,399842,146.17,0
680,1549.310,"Mount",-0.040,0.141,0.143,-0.030,0.192,0.000,110,W,0,,,,409483,159.56,0
681,1551.480,"Mount",0.017,0.007,-0.001,-0.019,0.116,0.000,66,W,0,,,,404787,143.49,0
682,1553.860,"Mount",0.063,-0.011,-0.039,-0.050,0.108,0.000,62,W,0,,,,399107,132.64,0
683,1556.089,"Mount",-0.085,0.013,0.051,0.069,0.102,0.025,58,W,11,S,,,382639,128.96,0
684,1558.430,"Mount",0.003,0.011,0.008,-0.008,0.094,0.000,54,W,0,,,,404683,148.46,0
685,1560.585,"Mount",0.040,0.046,0.023,-0.057,0.086,0.000,49,W,0,,,,399152,154.67,0
686,1563.031,"Mount",0.131,0.046,-0.020,-0.138,0.079,-0.050,45,W,21,N,,,388054,127.81,0
687,1565.258,"Mount",0.034,0.153,0.120,-0.101,0.126,-0.038,72,W,16,N,,,391793,141.18,0
688,1567.539,"Mount",0.058,-0.122,-0.134,0.005,-0.007,0.000,4,E,0,,,,401093,145.70,0
689,1569.605,"Mount",0.051,-0.103,-0.115,0.003,-0.011,0.000,7,E,0,,,,393328,144.84,0
690,1571.915,"Mount",-0.029,-0.009,0.005,0.030,0.030,0.000,17,W,0,,,,398793,139.98,0
691,1574.012,"Mount",0.031,0.020,0.004,-0.036,0.016,0.000,9,W,0,,,,412218,149.07,0
692,1576.315,"Mount",0.025,-0.062,-0.066,0.006,-0.022,0.000,13,E,0,,,,405373,136.43,0
693,1578.414,"Mount",0.027,0.046,0.028,-0.046,-0.005,0.000,3,E,0,,,,417781,163.39,0
694,1580.702,"Mount",0.017,0.049,0.035,-0.038,-0.007,0.000,4,E,0,,,,406150,143.64,0
695,1582.855,"Mount",0.045,-0.049,-0.065,-0.018,-0.043,0.000,25,E,0,,,,407501,156.23,0
696,1585.235,"Mount",0.144,0.052,-0.020,-0.151,-0.011,-0.054,6,E,23,N,,,424740,166.96,0
697,1587.362,"Mount",0.054,0.060,0.028,-0.075,-0.005,-0.029,3,E,12,N,,,388400,129.80,0
698,1589.735,"Mount",-0.064,-0.052,-0.017,0.081,0.014,0.028,8,W,12,S,,,409747,131.71,0
699,1591.871,"Mount",0.085,-0.024,-0.061,-0.064,0.007,-0.022,4,W,9,N,,,410803,140.37,0
700,1594.235,"Mount",0.047,0.000,-0.021,-0.041,0.068,0.000,39,W,0,,,,399362,142.30,0
701,1596.428,"Mount",-0.095,-0.011,0.034,0.090,0.086,0.032,49,W,14,S,,,395329,129.36,0
702,1598.779,"Mount",-0.007,-0.025,-0.019,0.017,0.116,0.000,66,W,0,,,,401968,171.31,0
703,1601.012,"Mount",0.038,0.096,0.068,-0.078,0.153,-0.028,87,W,12,N,,,405297,144.30,0
704,1603.462,"Mount",0.073,0.099,0.054,-0.111,0.134,-0.041,77,W,18,N,,,416700,142.99,0
705,1605.684,"Mount",-0.038,0.071,0.080,0.001,0.166,0.000,95,W,0,,,,404603,142.01,0
706,1608.116,"Mount",-0.090,0.105,0.135,0.031,0.192,0.000,110,W,0,,,,416523,160.26,0
707,1610.410,"Mount",-0.198,0.124,0.202,0.118,0.213,0.043,122,W,18,S,,,392707,141.41,0
708,1612.820,"Mount",-0.079,0.194,0.209,-0.019,0.216,0.000,124,W,0,,,,412734,154.51,0
709,1615.011,"Mount",-0.152,0.171,0.221,0.056,0.222,0.000,127,W,0,,,,394269,148.01,0
710,1617.466,"Mount",-0.019,0.102,0.099,-0.030,0.188,0.000,107,W,0,,,,405181,165.17,0
711,1619.614,"Mount",-0.049,-0.006,0.017,0.046,0.147,0.000,84,W,0,,,,407900,152.03,0
712,1622.037,"Mount",-0.007,-0.042,-0.034,0.025,0.172,0.000,99,W,0,,,,395419,155.00,0
713,1624.254,"Mount",0.001,-0.065,-0.058,0.029,0.169,0.000,96,W,0,,,,407616,158.81,0
714,1626.727,"Mount",-0.051,-0.075,-0.043,0.080,0.172,0.029,98,W,12,S,,,389164,156.58,0
715,1628.990,"Mount",-0.087,-0.067,-0.019,0.108,0.152,0.040,87,W,17,S,,,375907,134.73,0
716,1631.474,"Mount",-0.140,-0.065,0.007,0.154,0.133,0.057,76,W,24,S,,,387153,159.17,0
717,1633.621,"Mount",0.022,-0.094,-0.094,0.024,0.054,0.000,31,W,0,,,,389561,151.33,0
718,1636.027,"Mount",0.074,0.043,0.004,-0.085,0.069,-0.031,39,W,13,N,,,387334,161.17,0
719,1638.124,"Mount",0.071,-0.077,-0.101,-0.027,-0.011,0.000,7,E,0,,,,382611,149.98,0
720,1640.469,"Mount",0.058,-0.143,-0.154,0.015,-0.058,0.000,33,E,0,,,,382791,135.85,0
721,1642.613,"Mount",0.006,-0.003,-0.005,-0.004,-0.019,0.000,11,E,0,,,,381678,134.81,0
722,1644.989,"Mount",0.093,-0.197,-0.218,0.008,-0.134,0.000,77,E,0,,,,369716,137.00,0
723,1647.165,"Mount",0.117,-0.159,-0.195,-0.030,-0.141,0.000,81,E,0,,,,376190,136.89,0
724,1649.624,"Mount",0.122,0.034,-0.026,-0.124,-0.056,-0.045,32,E,19,N,,,386585,150.50,0
725,1651.753,"Mount",-0.015,0.064,0.064,-0.016,-0.025,0.000,15,E,0,,,,377355,160.82,0
726,1654.168,"Mount",0.009,-0.145,-0.133,0.059,-0.108,0.000,62,E,0,,,,353006,127.61,0
727,1656.257,"Mount",0.021,-0.030,-0.037,-0.005,-0.016,0.000,9,E,0,,,,349755,129.13,0
728,1658.667,"Mount",-0.021,-0.193,-0.161,0.107,-0.078,0.039,45,E,17,S,,,335356,122.94,0
729,1660.826,"Mount",-0.074,-0.006,0.029,0.069,0.005,0.026,3,W,11,S,,,332256,136.79,0
730,1663.219,"Mount",0.036,0.063,0.039,-0.061,0.015,-0.021,8,W,9,N,,,310901,129.01,0
731,1665.428,"Mount",0.123,0.135,0.063,-0.171,0.052,-0.062,30,W,27,N,,,314416,136.26,0
732,1667.872,"Mount",0.135,0.069,-0.001,-0.151,0.026,-0.057,15,W,24,N,,,295209,125.98,0
733,1670.050,"Mount",-0.111,-0.018,0.035,0.107,0.028,0.036,16,W,15,S,,,282038,113.49,0
734,1672.449,"Mount",-0.039,0.104,0.111,-0.013,0.082,0.000,47,W,0,,,,297372,149.64,0
735,1674.624,"Mount",-0.042,-0.043,-0.019,0.057,0.030,0.000,17,W,0,,,,274269,108.31,0
736,1676.975,"Mount",-0.090,0.169,0.191,0.002,0.119,0.000,68,W,0,,,,277027,122.80,0
737,1679.110,"Mount",-0.053,0.049,0.068,0.024,0.058,0.000,33,W,0,,,,270485,115.93,0
738,1681.497,"Mount",-0.148,-0.034,0.038,0.147,0.026,0.053,15,W,23,S,,,267289,122.80,0
739,1683.572,"Mount",0.012,0.020,0.012,-0.020,0.019,0.000,11,W,0,,,,277872,128.54,0
740,1685.889,"Mount",-0.018,-0.029,-0.017,0.030,0.010,0.000,6,W,0,,,,275533,130.93,0
741,1687.949,"Mount",0.039,-0.001,-0.019,-0.034,0.002,0.000,1,W,0,,,,289175,125.30,0
742,1690.278,"Mount",0.047,-0.037,-0.054,-0.025,-0.006,0.000,3,E,0,,,,293377,117.20,0
743,1692.344,"Mount",-0.005,-0.024,-0.019,0.016,-0.016,0.000,9,E,0,,,,291951,129.79,0
744,1694.647,"Mount",0.023,-0.025,-0.033,-0.009,-0.022,0.000,12,E,0,,,,314508,127.35,0
745,1696.809,"Mount",-0.124,-0.051,0.012,0.134,-0.025,0.048,14,E,21,S,,,327458,138.64,0
746,1699.139,"Mount",0.003,-0.049,-0.044,0.020,-0.029,0.000,17,E,0,,,,359051,142.96,0
747,1701.311,"Mount",0.183,-0.078,-0.154,-0.126,-0.091,-0.045,52,E,19,N,,,363973,147.24,0
748,1703.669,"Mount",0.021,-0.106,-0.104,0.031,-0.066,0.000,38,E,0,,,,363084,147.24,0
749,1705.782,"Mount",0.047,-0.016,-0.036,-0.034,-0.018,0.000,10,E,0,,,,372251,142.44,0
750,1708.043,"Mount",0.051,-0.009,-0.031,-0.041,-0.014,0.000,8,E,0,,,,361502,138.08,0
751,1710.186,"Mount",0.035,-0.050,-0.060,-0.008,-0.035,0.000,20,E,0,,,,365734,146.06,0
752,1712.560,"Mount",-0.017,0.123,0.117,-0.042,0.048,0.000,27,W,0,,,,352614,145.50,0
753,1714.689,"Mount",0.115,0.043,-0.015,-0.121,0.001,-0.044,1,W,19,N,,,342294,129.15,0
754,1717.048,"Mount",0.001,0.107,0.094,-0.050,0.059,0.000,34,W,0,,,,353612,140.46,0
755,1719.213,"Mount",-0.063,-0.052,-0.017,0.080,0.021,0.029,12,W,12,S,,,360616,152.98,0
756,1721.565,"Mount",-0.042,0.071,0.082,0.005,0.061,0.000,35,W,0,,,,331007,125.78,0
757,1723.723,"Mount",0.039,0.076,0.049,-0.070,0.022,-0.025,13,W,11,N,,,337203,119.35,0
758,1726.054,"Mount",0.014,-0.073,-0.071,0.021,-0.014,0.000,8,E,0,,,,345658,133.88,0
759,1728.220,"Mount",-0.129,-0.031,0.032,0.128,0.013,0.046,7,W,20,S,,,351261,131.48,0
760,1730.633,"Mount",0.197,0.018,-0.075,-0.183,-0.025,-0.064,14,E,27,N,,,342032,144.54,0
761,1732.800,"Mount",0.175,-0.136,-0.202,-0.093,-0.090,-0.036,51,E,15,N,,,346992,141.68,0
762,1735.151,"Mount",0.039,-0.140,-0.142,0.030,-0.066,0.000,38,E,0,,,,353175,136.01,0
763,1737.372,"Mount",-0.019,-0.176,-0.147,0.098,-0.090,0.035,51,E,15,S,,,342735,131.83,0
764,1739.782,"Mount",-0.026,0.021,0.030,0.013,-0.043,0.000,25,E,0,,,,337305,126.97,0
765,1742.009,"Mount",-0.022,-0.119,-0.095,0.074,-0.108,0.027,62,E,11,S,,,347669,141.84,0
766,1744.380,"Mount",0.034,-0.154,-0.152,0.041,-0.159,0.000,91,E,0,,,,343798,154.18,0
767,1746.555,"Mount",0.030,-0.118,-0.119,0.028,-0.159,0.000,91,E,0,,,,341863,139.11,0
768,1749.009,"Mount",0.096,-0.048,-0.087,-0.063,-0.168,-0.023,96,E,10,N,,,329451,136.67,0
769,1751.257,"Mount",0.110,0.048,-0.008,-0.120,-0.142,-0.044,81,E,19,N,,,335310,135.06,0
770,1753.701,"Mount",-0.153,0.021,0.089,0.126,-0.113,0.044,64,E,19,S,,,336642,132.23,0
771,1755.877,"Mount",0.031,0.020,0.004,-0.037,-0.141,0.000,81,E,0,,,,311769,115.62,0
772,1758.273,"Mount",-0.051,0.034,0.053,0.030,-0.133,0.000,76,E,0,,,,334796,139.23,0
773,1760.442,"Mount",-0.015,0.211,0.194,-0.084,-0.025,-0.030,14,E,13,N,,,334021,163.34,0
774,1762.786,"Mount",-0.003,-0.064,-0.055,0.032,-0.082,0.000,47,E,0,,,,330428,145.79,0
775,1765.006,"Mount",-0.034,-0.115,-0.086,0.084,-0.093,0.030,53,E,13,S,,,302285,126.71,0
776,1767.449,"Mount",0.074,0.057,0.016,-0.092,-0.031,-0.032,18,E,14,N,,,297654,112.28,0
777,1769.530,"Mount",-0.054,0.033,0.054,0.033,-0.019,0.000,11,E,0,,,,320314,124.77,0
778,1772.010,"Mount",0.038,0.163,0.127,-0.109,0.035,-0.039,20,W,17,N,,,313416,128.32,0
779,1774.231,"Mount",0.033,0.199,0.161,-0.122,0.046,-0.045,27,W,19,N,,,296887,132.25,0
780,1776.637,"Mount",-0.176,0.123,0.190,0.099,0.044,0.034,25,W,15,S,,,316039,140.30,0
781,1778.787,"Mount",-0.163,0.017,0.090,0.137,-0.006,0.051,4,E,22,S,,,290504,110.72,0
782,1781.126,"Mount",-0.013,-0.003,0.003,0.013,-0.057,0.000,32,E,0,,,,301695,123.32,0
783,1783.410,"Mount",-0.057,-0.145,-0.102,0.118,-0.109,0.042,63,E,18,S,,,298172,127.47,0
784,1785.801,"Mount",-0.047,-0.046,-0.019,0.063,-0.072,0.024,41,E,10,S,,,302383,134.29,0
785,1787.962,"Mount",-0.022,0.038,0.044,0.001,-0.068,0.000,39,E,0,,,,277084,118.16,0
786,1790.289,"Mount",-0.010,0.146,0.134,-0.058,-0.002,0.000,1,E,0,,,,297573,152.10,0
787,1792.403,"Mount",-0.015,0.136,0.128,-0.050,0.005,0.000,3,W,0,,,,295075,131.02,0
788,1794.843,"Mount",0.197,-0.152,-0.226,-0.104,-0.157,-0.038,90,E,16,N,,,310137,133.52,0
789,1797.027,"Mount",0.125,-0.132,-0.175,-0.050,-0.142,0.000,81,E,0,,,,300677,130.50,0
790,1799.433,"Mount",0.146,-0.208,-0.252,-0.033,-0.201,0.000,115,E,0,,,,320663,133.83,0
791,1801.767,"Mount",-0.024,-0.203,-0.169,0.115,-0.211,0.041,121,E,18,S,,,323953,136.70,0
792,1804.190,"Mount",0.032,-0.146,-0.144,0.039,-0.247,0.000,141,E,0,,,,324115,141.13,0
793,1806.485,"Mount",0.025,-0.216,-0.204,0.077,-0.306,0.028,175,E,12,S,,,327958,138.53,0
794,1809.030,"Mount",0.056,0.037,0.007,-0.067,-0.259,-0.023,148,E,10,N,,,302075,125.38,0
795,1811.390,"Mount",0.147,-0.113,-0.168,-0.078,-0.337,-0.029,193,E,12,N,,,308279,132.21,0
796,1813.861,"Mount",0.015,0.073,0.058,-0.047,-0.276,0.000,158,E,0,,,,316384,130.20,0
797,1816.094,"Mount",0.023,0.079,0.060,-0.057,-0.247,0.000,141,E,0,,,,311580,136.96,0
798,1818.459,"Mount",-0.092,0.162,0.186,0.006,-0.153,0.000,87,E,0,,,,327863,135.30,0
799,1820.810,"Mount",0.061,0.133,0.090,-0.115,-0.160,-0.041,92,E,18,N,,,320377,135.71,0
800,1823.270,"Mount",-0.133,0.048,0.103,0.096,-0.124,0.033,71,E,14,S,,,317872,122.66,0
801,1825.470,"Mount",0.027,0.012,-0.002,-0.030,-0.127,0.000,72,E,0,,,,323468,136.52,0
802,1827.858,"Mount",0.042,-0.114,-0.121,0.015,-0.143,0.000,82,E,0,,,,320257,130.57,0
803,1830.082,"Mount",-0.142,0.025,0.087,0.114,-0.022,0.041,12,E,18,S,,,317349,135.98,0
804,1832.462,"Mount",0.003,-0.130,-0.117,0.057,-0.112,0.000,64,E,0,,,,326313,143.39,0
805,1834.624,"Mount",0.051,-0.118,-0.128,0.009,-0.112,0.000,64,E,0,,,,334292,131.45,0
806,1836.970,"Mount",0.027,0.057,0.038,-0.050,-0.068,0.000,39,E,0,,,,331406,144.99,0
807,1839.164,"Mount",0.051,0.056,0.027,-0.071,-0.071,-0.026,40,E,11,N,,,320132,130.63,0
808,1841.519,"Mount",0.034,-0.066,-0.074,0.001,-0.124,0.000,71,E,0,,,,338277,132.60,0
809,1845.912,"Mount",0.046,-0.062,-0.077,-0.012,-0.146,0.000,83,E,0,,,,320396,115.42,0
810,1847.999,"Mount",-0.075,0.087,0.112,0.026,-0.027,0.000,15,E,0,,,,329353,140.95,0
Guiding Ends at 2026-05-13 21:59:49

Guiding Begins at 2026-05-13 22:02:19
Equipment Profile = 60mmGuide
Dither = both axes, Dither scale = 1.000, Image noise reduction = none, Guide-frame time lapse = 0, Server enabled
Pixel scale = 3.22 arc-sec/px, Binning = 1, Focal length = 240 mm
Search region = 25 px, Star mass tolerance = 50.0%, Multi-star mode, list size = 12
 Camera = ZWO ASI120MM Mini, gain = 37, full size = 1280 x 960, have dark, dark dur = 2000, no defect map, pixel size = 3.8 um
Exposure = 2000 ms
Mount = iOptron CEM120,70,40,26, GEM, HEM, HAE, HAZ series and SkyHunter Mount (ASCOM), connected, guiding enabled, xAngle = 117.4, xRate = 1.749, yAngle = -152.7, yRate = 2.338, parity = +/+
Norm rates RA = 8.3"/s @ dec 0, Dec = 7.5"/s; ortho.err. = 0.1 deg
X guide algorithm = Predictive PEC, Control gain = 0.450
Prediction gain = 0.750
Minimum move = 0.060
Hyperparameters
	Length scale long range SE kernel = 700.000
	Signal variance long range SE kernel = 20.000
	Length scale periodic kernel = 10.000
	Signal variance periodic kernel = 20.000
	Length scale short range SE kernel = 25.000
	Signal variance short range SE kernel = 10.000
	Period length periodic kernel = 348.000
	FFT called after = 2.000 worm cycles
	Auto-adjust period length = Off
Y guide algorithm = Hysteresis, Hysteresis = 0.100, Aggression = 0.400, Minimum move = 0.060
Backlash comp = disabled, pulse = 100 ms
Max RA duration = 2500, Max DEC duration = 2500, DEC guide mode = Auto
RA Guide Speed = 7.5 a-s/s, Dec Guide Speed = 7.5 a-s/s, Cal Dec = 0.0, Last Cal Issue = None, Timestamp = 7/29/2025 9:33:42 PM
RA = 13.52 hr, Dec = 47.1 deg, Hour angle = -1.65 hr, Pier side = West, Rotator pos = N/A, Alt = 65.6 deg, Az = 43.5 deg
Lock position = 779.763, 230.100, Star position = 779.763, 230.100, HFD = 4.85 px
Frame,Time,mount,dx,dy,RARawDistance,DECRawDistance,RAGuideDistance,DECGuideDistance,RADuration,RADirection,DECDuration,DECDirection,XStep,YStep,StarMass,SNR,ErrorCode
INFO: SETTLING STATE CHANGE, Settling started
1,2.190,"Mount",0.070,-0.036,-0.065,-0.046,-0.029,0.000,17,E,0,,,,404302,141.06,0
2,4.564,"Mount",0.147,-0.114,-0.169,-0.078,-0.076,-0.028,43,E,12,N,,,409387,172.17,0
3,6.787,"Mount",-0.051,-0.394,-0.326,0.227,-0.147,0.081,84,E,34,S,,,405372,141.88,0
4,9.184,"Mount",-0.178,-0.125,-0.029,0.216,-0.013,0.081,8,E,35,S,,,388975,139.16,0
5,11.298,"Mount",-0.045,-0.021,0.003,0.050,0.001,0.000,1,W,0,,,,394713,143.42,0
6,13.617,"Mount",0.001,0.016,0.014,-0.008,0.006,0.000,4,W,0,,,,394040,147.04,0
7,15.820,"Mount",-0.195,0.068,0.150,0.141,0.068,0.051,39,W,22,S,,,391764,135.96,0
8,18.210,"Mount",-0.131,0.012,0.070,0.110,0.032,0.042,18,W,18,S,,,394268,132.98,0
9,20.328,"Mount",0.051,-0.072,-0.087,-0.012,-0.039,0.000,22,E,0,,,,414807,162.32,0
INFO: SETTLING STATE CHANGE, Settling complete
10,22.786,"Mount",-0.328,0.039,0.186,0.273,0.084,0.098,48,W,42,S,,,392396,145.10,0
11,24.903,"Mount",0.062,-0.003,-0.032,-0.054,0.034,0.000,20,W,0,,,,404482,154.45,0
12,27.255,"Mount",0.215,0.032,-0.071,-0.206,0.000,-0.074,0,,32,N,,,394279,139.02,0
13,29.448,"Mount",0.193,0.065,-0.031,-0.201,0.026,-0.075,15,W,32,N,,,405123,155.80,0
14,31.916,"Mount",0.147,-0.098,-0.154,-0.085,-0.050,-0.034,28,E,14,N,,,413539,159.61,0
15,34.119,"Mount",-0.100,-0.074,-0.019,0.123,0.012,0.043,7,W,18,S,,,386257,143.60,0
16,36.435,"Mount",-0.092,0.083,0.116,0.043,0.053,0.000,30,W,0,,,,415038,167.68,0
17,38.651,"Mount",-0.083,-0.001,0.038,0.074,-0.008,0.027,4,E,11,S,,,398837,158.30,0
18,40.944,"Mount",0.010,-0.018,-0.021,-0.000,-0.016,0.000,9,E,0,,,,385803,127.14,0
19,43.024,"Mount",-0.011,-0.035,-0.026,0.026,-0.019,0.000,11,E,0,,,,411737,152.86,0
20,45.357,"Mount",-0.027,0.013,0.024,0.018,-0.025,0.000,14,E,0,,,,387042,137.39,0
21,47.437,"Mount",-0.030,0.018,0.030,0.018,-0.026,0.000,15,E,0,,,,368969,123.00,0
22,49.772,"Mount",0.003,-0.038,-0.035,0.015,-0.028,0.000,16,E,0,,,,367718,139.92,0
23,51.850,"Mount",-0.021,-0.045,-0.030,0.039,-0.023,0.000,13,E,0,,,,397057,146.34,0
24,54.258,"Mount",-0.027,-0.089,-0.066,0.065,-0.048,0.023,28,E,10,S,,,385872,144.46,0
25,56.326,"Mount",0.037,0.018,-0.001,-0.041,-0.011,0.000,6,E,0,,,,380184,136.62,0
26,58.609,"Mount",0.010,0.003,-0.002,-0.011,-0.007,0.000,4,E,0,,,,393702,160.10,0
27,60.682,"Mount",-0.031,0.052,0.060,0.004,0.028,0.000,16,W,0,,,,406569,168.33,0
28,62.961,"Mount",0.036,0.019,0.000,-0.041,0.009,0.000,5,W,0,,,,408420,150.27,0
29,65.102,"Mount",-0.017,0.155,0.145,-0.056,0.080,0.000,46,W,0,,,,383281,122.45,0
30,67.398,"Mount",0.047,-0.022,-0.041,-0.032,0.021,0.000,12,W,0,,,,404474,127.13,0
31,69.595,"Mount",0.053,0.106,0.069,-0.096,0.054,-0.035,31,W,15,N,,,400241,143.19,0
32,71.925,"Mount",0.051,0.012,-0.013,-0.051,0.022,0.000,13,W,0,,,,425281,179.51,0
33,73.970,"Mount",-0.003,-0.014,-0.011,0.009,0.016,0.000,9,W,0,,,,408804,148.71,0
34,76.283,"Mount",-0.002,0.073,0.066,-0.032,0.041,0.000,23,W,0,,,,402666,130.45,0
35,78.363,"Mount",0.063,-0.058,-0.080,-0.029,-0.035,0.000,20,E,0,,,,410243,167.52,0
36,80.656,"Mount",0.024,0.038,0.023,-0.039,-0.007,0.000,4,E,0,,,,404457,147.23,0
37,82.740,"Mount",0.019,0.019,0.008,-0.026,-0.015,0.000,9,E,0,,,,422062,163.86,0
38,85.043,"Mount",0.027,0.065,0.046,-0.054,-0.021,0.000,12,E,0,,,,391548,132.47,0
39,87.180,"Mount",0.016,-0.007,-0.013,-0.011,-0.031,0.000,18,E,0,,,,392060,130.28,0
40,89.509,"Mount",0.022,0.058,0.042,-0.046,-0.050,0.000,29,E,0,,,,407128,138.15,0
41,91.761,"Mount",0.142,-0.030,-0.093,-0.112,-0.109,-0.040,62,E,17,N,,,405872,138.66,0
42,94.125,"Mount",0.067,-0.007,-0.037,-0.056,-0.099,0.000,57,E,0,,,,407597,143.60,0
43,96.270,"Mount",0.105,-0.118,-0.153,-0.039,-0.174,0.000,100,E,0,,,,415643,142.14,0
44,98.678,"Mount",0.081,0.016,-0.023,-0.079,-0.121,-0.028,69,E,12,N,,,423994,149.52,0
45,100.837,"Mount",0.008,0.016,0.011,-0.014,-0.125,0.000,71,E,0,,,,416585,165.32,0
46,103.258,"Mount",0.072,-0.103,-0.124,-0.016,-0.187,0.000,107,E,0,,,,415226,157.31,0
47,105.382,"Mount",0.069,-0.016,-0.046,-0.054,-0.122,0.000,69,E,0,,,,400356,142.63,0
48,107.805,"Mount",-0.016,-0.017,-0.008,0.022,-0.118,0.000,68,E,0,,,,406377,164.39,0
49,110.020,"Mount",0.067,-0.033,-0.060,-0.044,-0.130,0.000,75,E,0,,,,407196,137.16,0
50,112.433,"Mount",-0.041,-0.053,-0.028,0.060,-0.086,0.022,49,E,9,S,,,399830,138.67,0
51,114.558,"Mount",0.005,0.004,0.001,-0.006,-0.071,0.000,41,E,0,,,,394766,136.46,0
52,116.920,"Mount",0.071,-0.013,-0.044,-0.057,-0.056,0.000,32,E,0,,,,398427,131.20,0
53,119.106,"Mount",0.033,0.071,0.048,-0.062,-0.046,-0.022,26,E,10,N,,,411985,141.42,0
54,121.439,"Mount",0.031,0.012,-0.004,-0.033,-0.042,0.000,24,E,0,,,,409259,157.83,0
55,123.572,"Mount",-0.012,0.015,0.019,0.003,-0.030,0.000,17,E,0,,,,410568,158.66,0
56,125.894,"Mount",0.023,-0.008,-0.018,-0.017,-0.028,0.000,16,E,0,,,,413730,155.44,0
57,128.069,"Mount",-0.005,-0.013,-0.009,0.010,-0.034,0.000,20,E,0,,,,406918,149.07,0
58,130.415,"Mount",0.063,0.081,0.043,-0.094,-0.042,-0.034,24,E,14,N,,,398600,164.86,0
59,132.575,"Mount",-0.045,-0.039,-0.014,0.058,-0.050,0.000,29,E,0,,,,401930,137.92,0
60,134.890,"Mount",-0.003,-0.018,-0.014,0.011,-0.054,0.000,31,E,0,,,,398261,146.90,0
61,137.030,"Mount",0.069,-0.011,-0.042,-0.056,-0.052,0.000,29,E,0,,,,418505,140.90,0
62,139.342,"Mount",0.041,-0.072,-0.083,-0.003,-0.098,0.000,56,E,0,,,,426190,155.63,0
63,141.475,"Mount",-0.005,-0.037,-0.031,0.022,-0.065,0.000,37,E,0,,,,419965,155.70,0
64,143.806,"Mount",-0.025,-0.065,-0.046,0.052,-0.080,0.000,46,E,0,,,,422359,168.75,0
65,145.915,"Mount",-0.029,-0.034,-0.016,0.041,-0.093,0.000,53,E,0,,,,420288,149.98,0
66,148.328,"Mount",0.104,-0.216,-0.240,0.007,-0.221,0.000,127,E,0,,,,420351,147.80,0
67,150.569,"Mount",0.158,-0.038,-0.106,-0.122,-0.192,-0.044,110,E,19,N,,,415677,161.42,0
68,153.025,"Mount",0.039,-0.085,-0.093,0.005,-0.229,0.000,131,E,0,,,,416387,139.49,0
69,155.262,"Mount",0.092,-0.099,-0.130,-0.036,-0.266,0.000,152,E,0,,,,421897,156.71,0
70,157.713,"Mount",-0.014,-0.036,-0.026,0.029,-0.239,0.000,136,E,0,,,,403622,136.36,0
71,159.961,"Mount",0.038,0.005,-0.013,-0.036,-0.234,0.000,134,E,0,,,,407452,146.23,0
72,162.390,"Mount",-0.074,0.100,0.123,0.019,-0.187,0.000,107,E,0,,,,398298,136.16,0
73,164.631,"Mount",0.044,-0.056,-0.070,-0.013,-0.261,0.000,149,E,0,,,,410174,154.38,0
74,167.148,"Mount",-0.064,-0.027,0.006,0.069,-0.224,0.025,128,E,11,S,,,406707,143.57,0
75,169.324,"Mount",-0.018,-0.003,0.006,0.018,-0.185,0.000,106,E,0,,,,423158,164.82,0
76,171.744,"Mount",-0.043,-0.020,0.001,0.047,-0.164,0.000,94,E,0,,,,408805,131.00,0
77,173.914,"Mount",0.061,-0.033,-0.057,-0.039,-0.131,0.000,75,E,0,,,,420177,150.91,0
78,176.360,"Mount",0.087,0.011,-0.030,-0.082,-0.108,-0.030,62,E,13,N,,,405940,156.90,0
79,178.591,"Mount",0.129,-0.055,-0.108,-0.089,-0.145,-0.033,83,E,14,N,,,407207,143.82,0
80,181.030,"Mount",-0.008,-0.152,-0.131,0.077,-0.153,0.026,87,E,11,S,,,411924,151.49,0
81,183.210,"Mount",0.038,-0.062,-0.072,-0.005,-0.132,0.000,76,E,0,,,,406678,134.40,0
82,185.602,"Mount",0.010,-0.019,-0.022,0.000,-0.105,0.000,60,E,0,,,,430016,171.03,0
83,187.757,"Mount",0.018,-0.050,-0.053,0.007,-0.109,0.000,62,E,0,,,,424069,150.77,0
84,190.163,"Mount",0.020,-0.034,-0.039,-0.002,-0.112,0.000,64,E,0,,,,426055,164.98,0
85,192.349,"Mount",0.030,0.013,-0.003,-0.033,-0.091,0.000,52,E,0,,,,402993,138.44,0
86,194.665,"Mount",-0.028,0.065,0.070,-0.005,-0.050,0.000,29,E,0,,,,412210,143.55,0
87,196.747,"Mount",0.006,0.055,0.046,-0.031,-0.067,0.000,38,E,0,,,,420440,156.58,0
88,199.050,"Mount",-0.038,0.140,0.142,-0.031,0.025,0.000,14,W,0,,,,398779,133.62,0
89,201.219,"Mount",0.035,0.142,0.110,-0.097,0.022,-0.035,12,W,15,N,,,399400,128.46,0
90,203.570,"Mount",-0.082,0.111,0.137,0.021,0.048,0.000,28,W,0,,,,390598,126.13,0
91,205.651,"Mount",-0.064,0.065,0.087,0.027,0.031,0.000,17,W,0,,,,399671,126.50,0
92,207.934,"Mount",-0.011,0.081,0.077,-0.028,0.016,0.000,9,W,0,,,,425323,175.00,0
93,210.025,"Mount",-0.023,-0.033,-0.018,0.035,-0.024,0.000,14,E,0,,,,418065,156.34,0
94,212.322,"Mount",-0.025,0.051,0.057,-0.001,-0.037,0.000,21,E,0,,,,419760,162.18,0
95,214.382,"Mount",0.030,-0.034,-0.044,-0.010,-0.041,0.000,24,E,0,,,,405525,146.94,0
96,216.759,"Mount",0.052,0.052,0.022,-0.070,-0.037,-0.025,21,E,11,N,,,416284,178.66,0
97,218.868,"Mount",0.020,-0.031,-0.037,-0.003,-0.033,0.000,19,E,0,,,,412589,136.20,0
98,221.312,"Mount",-0.425,0.089,0.275,0.335,0.099,0.121,56,W,52,S,,,412093,141.02,0
99,223.518,"Mount",0.142,0.220,0.130,-0.228,0.046,-0.077,26,W,33,N,,,406546,138.42,0
100,225.779,"Mount",-0.039,-0.049,-0.026,0.057,-0.000,0.000,0,,0,,,,404898,122.47,0
101,227.890,"Mount",-0.008,0.079,0.074,-0.030,0.060,0.000,35,W,0,,,,396453,135.58,0
102,230.269,"Mount",-0.047,0.086,0.098,0.003,0.094,0.000,54,W,0,,,,390512,133.28,0
103,232.493,"Mount",-0.015,0.238,0.218,-0.097,0.161,-0.035,92,W,15,N,,,395126,126.55,0
104,234.915,"Mount",-0.075,0.119,0.140,0.011,0.159,0.000,91,W,0,,,,400868,138.31,0
105,237.119,"Mount",-0.016,0.158,0.148,-0.059,0.183,0.000,105,W,0,,,,412272,139.22,0
106,239.556,"Mount",-0.052,0.106,0.118,-0.003,0.195,0.000,112,W,0,,,,404791,138.53,0
107,241.826,"Mount",-0.002,0.129,0.115,-0.058,0.201,0.000,115,W,0,,,,395563,133.13,0
108,244.395,"Mount",-0.148,0.093,0.151,0.089,0.208,0.032,119,W,14,S,,,399079,142.79,0
109,246.591,"Mount",-0.017,0.124,0.118,-0.042,0.183,0.000,104,W,0,,,,392631,142.52,0
110,248.983,"Mount",-0.057,0.056,0.076,0.024,0.152,0.000,87,W,0,,,,406910,154.83,0
111,251.184,"Mount",-0.082,0.022,0.057,0.063,0.101,0.023,58,W,10,S,,,423195,151.38,0
112,253.601,"Mount",-0.021,0.151,0.144,-0.051,0.161,0.000,92,W,0,,,,409208,143.44,0
113,255.853,"Mount",-0.004,0.162,0.146,-0.071,0.151,-0.026,87,W,11,N,,,414281,172.93,0
114,258.251,"Mount",-0.016,0.018,0.023,0.006,0.090,0.000,51,W,0,,,,399690,134.99,0
115,260.363,"Mount",-0.027,0.034,0.043,0.008,0.079,0.000,45,W,0,,,,409075,145.18,0
116,262.782,"Mount",-0.026,-0.080,-0.059,0.060,0.083,0.022,47,W,9,S,,,399395,131.63,0
117,264.889,"Mount",-0.031,0.008,0.022,0.024,0.076,0.000,44,W,0,,,,422833,159.91,0
118,267.209,"Mount",-0.007,-0.113,-0.097,0.058,0.023,0.000,13,W,0,,,,408469,147.24,0
119,269.322,"Mount",0.017,-0.088,-0.086,0.026,0.010,0.000,6,W,0,,,,415839,151.53,0
120,271.706,"Mount",-0.011,-0.128,-0.109,0.069,-0.010,0.025,6,E,11,S,,,395294,129.63,0
121,273.861,"Mount",0.056,-0.172,-0.178,0.030,-0.071,0.000,41,E,0,,,,399515,153.08,0
122,276.265,"Mount",0.078,-0.054,-0.084,-0.044,-0.049,0.000,28,E,0,,,,426463,172.79,0
123,278.368,"Mount",0.052,-0.036,-0.056,-0.029,-0.033,0.000,19,E,0,,,,419679,167.06,0
124,280.787,"Mount",0.123,-0.048,-0.100,-0.087,-0.085,-0.031,49,E,13,N,,,410001,151.35,0
125,282.929,"Mount",-0.037,-0.016,0.003,0.040,-0.031,0.000,18,E,0,,,,408050,185.98,0
126,285.274,"Mount",0.036,0.088,0.061,-0.073,0.011,-0.026,6,W,11,N,,,410081,144.38,0
127,287.361,"Mount",0.028,-0.043,-0.051,-0.005,0.014,0.000,8,W,0,,,,414683,139.93,0
128,289.736,"Mount",0.071,0.031,-0.005,-0.078,0.047,-0.028,27,W,12,N,,,401434,137.08,0
129,291.867,"Mount",-0.027,0.078,0.082,-0.012,0.112,0.000,64,W,0,,,,416332,151.70,0
130,294.320,"Mount",-0.142,-0.044,0.026,0.146,0.103,0.053,59,W,22,S,,,413195,153.96,0
131,296.447,"Mount",-0.004,0.000,0.002,0.004,0.122,0.000,70,W,0,,,,402672,136.32,0
132,298.828,"Mount",-0.043,0.161,0.163,-0.037,0.207,0.000,118,W,0,,,,416891,154.42,0
133,301.182,"Mount",-0.315,0.315,0.424,0.134,0.322,0.048,184,W,21,S,,,404137,134.78,0
134,303.684,"Mount",-0.117,0.316,0.334,-0.042,0.285,0.000,163,W,0,,,,404575,144.81,0
135,306.049,"Mount",0.106,0.270,0.190,-0.219,0.213,-0.079,122,W,34,N,,,408387,154.83,0
136,308.540,"Mount",0.043,0.177,0.137,-0.120,0.216,-0.046,124,W,20,N,,,399891,145.31,0
137,310.700,"Mount",-0.036,0.031,0.044,0.018,0.154,0.000,88,W,0,,,,406711,175.40,0
138,313.110,"Mount",-0.003,0.006,0.006,0.000,0.168,0.000,96,W,0,,,,398300,146.82,0
139,315.375,"Mount",-0.105,-0.001,0.048,0.094,0.169,0.034,97,W,14,S,,,391991,129.19,0
140,317.816,"Mount",-0.069,0.060,0.085,0.033,0.218,0.000,125,W,0,,,,413376,162.74,0
141,320.115,"Mount",-0.113,0.032,0.080,0.085,0.214,0.031,122,W,13,S,,,404024,133.39,0
142,322.476,"Mount",0.027,-0.023,-0.033,-0.013,0.180,0.000,103,W,0,,,,411708,157.66,0
143,324.765,"Mount",0.008,-0.147,-0.134,0.061,0.097,0.022,56,W,9,S,,,403327,162.09,0
144,327.119,"Mount",0.025,-0.213,-0.201,0.076,0.046,0.028,26,W,12,S,,,386549,120.82,0
145,329.212,"Mount",-0.037,-0.059,-0.036,0.060,0.100,0.000,57,W,0,,,,411098,148.64,0
146,331.548,"Mount",-0.040,0.003,0.021,0.034,0.072,0.000,41,W,0,,,,396788,139.38,0
147,333.649,"Mount",0.060,-0.155,-0.165,0.018,-0.045,0.000,26,E,0,,,,408027,135.48,0
148,335.966,"Mount",0.036,-0.118,-0.122,0.023,-0.053,0.000,30,E,0,,,,406308,144.14,0
149,338.092,"Mount",0.009,0.002,-0.002,-0.009,-0.018,0.000,10,E,0,,,,402700,160.61,0
150,340.486,"Mount",-0.059,-0.145,-0.101,0.119,-0.078,0.043,44,E,18,S,,,389724,124.06,0
151,342.650,"Mount",0.017,0.118,0.097,-0.070,0.012,-0.023,7,W,10,N,,,411081,147.81,0
152,344.952,"Mount",-0.033,-0.019,-0.002,0.039,-0.037,0.000,21,E,0,,,,397106,130.36,0
153,347.064,"Mount",-0.041,-0.032,-0.010,0.051,-0.030,0.000,17,E,0,,,,392575,140.32,0
154,349.365,"Mount",-0.027,0.027,0.036,0.012,-0.037,0.000,21,E,0,,,,410747,138.28,0
155,351.474,"Mount",0.024,-0.013,-0.023,-0.016,-0.028,0.000,16,E,0,,,,419209,157.54,0
156,353.748,"Mount",-0.020,0.022,0.029,0.008,-0.018,0.000,10,E,0,,,,387160,119.91,0
157,355.852,"Mount",0.027,-0.036,-0.045,-0.007,-0.007,0.000,4,E,0,,,,404733,149.16,0
158,358.240,"Mount",-0.043,-0.097,-0.066,0.083,-0.025,0.030,14,E,13,S,,,395081,151.53,0
159,360.324,"Mount",0.007,0.015,0.010,-0.013,0.011,0.000,6,W,0,,,,399014,144.35,0
160,362.638,"Mount",-0.005,-0.001,0.002,0.004,0.018,0.000,10,W,0,,,,398802,165.07,0
161,364.780,"Mount",-0.016,-0.046,-0.033,0.036,0.022,0.000,12,W,0,,,,405537,142.46,0
162,367.089,"Mount",0.043,-0.002,-0.022,-0.037,0.030,0.000,17,W,0,,,,397732,139.47,0
163,369.279,"Mount",0.083,0.107,0.057,-0.123,0.031,-0.044,17,W,19,N,,,399201,138.51,0
164,371.582,"Mount",0.023,-0.020,-0.028,-0.011,0.033,0.000,19,W,0,,,,410305,135.84,0
165,373.691,"Mount",0.050,-0.002,-0.024,-0.044,0.040,0.000,23,W,0,,,,410055,152.68,0
166,375.993,"Mount",-0.006,-0.107,-0.092,0.055,-0.004,0.000,2,E,0,,,,408853,154.76,0
167,378.107,"Mount",-0.013,-0.092,-0.075,0.054,-0.007,0.000,4,E,0,,,,375188,133.39,0
168,380.415,"Mount",0.039,0.027,0.006,-0.047,0.022,0.000,13,W,0,,,,388841,131.51,0
169,382.608,"Mount",0.038,0.058,0.034,-0.061,0.007,-0.022,4,W,9,N,,,393858,144.95,0
170,384.899,"Mount",0.018,-0.012,-0.019,-0.010,-0.003,0.000,2,E,0,,,,392928,150.15,0
171,387.062,"Mount",0.070,0.025,-0.010,-0.073,-0.012,-0.026,7,E,11,N,,,406921,158.49,0
172,389.462,"Mount",-0.102,-0.035,0.016,0.107,-0.010,0.037,6,E,16,S,,,403571,138.21,0
173,391.550,"Mount",-0.074,0.074,0.100,0.031,0.029,0.000,17,W,0,,,,396462,129.51,0
174,393.927,"Mount",0.055,0.129,0.089,-0.109,0.020,-0.039,11,W,17,N,,,402795,141.49,0
175,395.986,"Mount",-0.061,0.061,0.082,0.026,0.013,0.000,7,W,0,,,,385997,142.79,0
176,398.303,"Mount",-0.012,-0.045,-0.035,0.031,-0.014,0.000,8,E,0,,,,395790,147.30,0
177,400.386,"Mount",-0.033,-0.036,-0.017,0.046,-0.011,0.000,7,E,0,,,,402732,141.23,0
178,402.736,"Mount",-0.069,0.000,0.032,0.061,-0.007,0.022,4,E,9,S,,,398007,144.80,0
179,404.830,"Mount",-0.095,0.095,0.128,0.040,0.057,0.000,32,W,0,,,,390743,136.29,0
180,407.123,"Mount",-0.021,0.039,0.044,0.000,0.008,0.000,5,W,0,,,,387646,132.84,0
181,409.219,"Mount",0.018,-0.029,-0.034,-0.002,0.013,0.000,7,W,0,,,,402605,143.45,0
182,411.541,"Mount",-0.018,0.061,0.063,-0.013,0.049,0.000,28,W,0,,,,387943,138.93,0
183,413.728,"Mount",0.019,0.188,0.159,-0.104,0.094,-0.037,54,W,16,N,,,410619,157.42,0
184,416.042,"Mount",-0.005,-0.047,-0.040,0.026,0.024,0.000,14,W,0,,,,406616,158.64,0
185,418.124,"Mount",0.004,-0.005,-0.006,-0.002,0.024,0.000,14,W,0,,,,408752,143.19,0
186,420.412,"Mount",-0.016,-0.095,-0.077,0.058,-0.015,0.000,9,E,0,,,,397061,144.98,0
187,422.516,"Mount",0.044,-0.171,-0.172,0.040,-0.064,0.000,36,E,0,,,,389336,145.80,0
188,424.878,"Mount",-0.078,-0.136,-0.085,0.132,-0.027,0.048,16,E,20,S,,,375009,126.13,0
189,427.008,"Mount",-0.092,0.004,0.046,0.080,0.004,0.031,2,W,13,S,,,396710,165.61,0
190,429.354,"Mount",-0.061,0.129,0.143,-0.006,0.055,0.000,32,W,0,,,,390265,130.34,0
191,431.468,"Mount",0.103,-0.082,-0.120,-0.053,-0.072,0.000,41,E,0,,,,399870,142.04,0
192,433.847,"Mount",0.010,0.024,0.017,-0.020,-0.018,0.000,10,E,0,,,,395091,157.55,0
193,435.959,"Mount",0.049,-0.031,-0.050,-0.029,-0.030,0.000,17,E,0,,,,386054,132.19,0
194,438.436,"Mount",0.183,-0.175,-0.239,-0.082,-0.163,-0.030,93,E,13,N,,,391986,146.56,0
195,440.582,"Mount",-0.051,-0.002,0.021,0.046,-0.079,0.000,45,E,0,,,,391788,145.49,0
196,443.012,"Mount",0.097,-0.115,-0.147,-0.033,-0.175,0.000,100,E,0,,,,403748,136.91,0
197,445.268,"Mount",0.089,-0.028,-0.066,-0.066,-0.151,-0.024,87,E,10,N,,,390768,149.74,0
198,447.674,"Mount",-0.024,-0.019,-0.005,0.030,-0.133,0.000,76,E,0,,,,379608,130.09,0
199,449.864,"Mount",0.006,-0.077,-0.071,0.030,-0.158,0.000,91,E,0,,,,398804,151.02,0
200,452.349,"Mount",-0.091,-0.080,-0.029,0.117,-0.128,0.042,73,E,18,S,,,381625,129.60,0
201,454.478,"Mount",-0.042,0.021,0.038,0.028,-0.121,0.000,69,E,0,,,,394810,162.82,0
202,456.805,"Mount",-0.041,0.050,0.063,0.013,-0.080,0.000,46,E,0,,,,388887,152.83,0
203,459.007,"Mount",0.082,0.048,0.005,-0.095,-0.080,-0.034,46,E,15,N,,,373150,133.53,0
204,461.397,"Mount",-0.115,0.028,0.078,0.089,-0.031,0.031,18,E,13,S,,,367405,140.10,0
205,463.505,"Mount",-0.007,-0.027,-0.021,0.018,-0.046,0.000,26,E,0,,,,377925,167.75,0
206,465.834,"Mount",-0.037,0.012,0.028,0.027,-0.035,0.000,20,E,0,,,,358404,120.54,0
207,467.912,"Mount",-0.020,-0.052,-0.037,0.042,-0.035,0.000,20,E,0,,,,363515,144.64,0
208,470.271,"Mount",-0.037,0.032,0.046,0.018,-0.033,0.000,19,E,0,,,,376790,144.52,0
209,472.352,"Mount",0.004,0.059,0.051,-0.031,-0.034,0.000,20,E,0,,,,350852,141.16,0
210,474.747,"Mount",-0.006,0.170,0.154,-0.073,0.033,-0.026,19,W,11,N,,,359298,125.58,0
211,476.897,"Mount",-0.047,0.013,0.033,0.035,-0.042,0.000,24,E,0,,,,374679,138.18,0
212,479.238,"Mount",-0.035,-0.006,0.011,0.034,-0.047,0.000,27,E,0,,,,357413,142.40,0
213,481.368,"Mount",0.026,-0.028,-0.037,-0.010,-0.050,0.000,29,E,0,,,,365372,149.88,0
214,483.803,"Mount",0.089,-0.035,-0.072,-0.063,-0.077,-0.023,44,E,10,N,,,357086,143.75,0
215,485.948,"Mount",-0.022,-0.080,-0.061,0.057,-0.077,0.000,44,E,0,,,,342790,137.78,0
216,488.327,"Mount",0.093,-0.060,-0.096,-0.055,-0.103,0.000,59,E,0,,,,362988,135.59,0
217,490.444,"Mount",-0.052,-0.013,0.012,0.052,-0.075,0.000,43,E,0,,,,361104,126.53,0
218,492.823,"Mount",0.034,-0.101,-0.105,0.016,-0.152,0.000,87,E,0,,,,369493,146.56,0
219,494.958,"Mount",0.069,-0.108,-0.127,-0.012,-0.178,0.000,102,E,0,,,,376562,156.32,0
220,497.429,"Mount",-0.090,-0.084,-0.033,0.119,-0.156,0.043,89,E,18,S,,,371163,141.51,0
221,499.662,"Mount",0.026,-0.177,-0.169,0.059,-0.250,0.000,143,E,0,,,,368907,140.99,0
222,502.253,"Mount",-0.026,-0.136,-0.109,0.086,-0.252,0.031,144,E,13,S,,,363576,146.75,0
223,504.456,"Mount",0.005,-0.075,-0.069,0.030,-0.241,0.000,138,E,0,,,,378132,135.91,0
224,506.891,"Mount",-0.014,-0.005,0.002,0.015,-0.211,0.000,121,E,0,,,,381995,165.56,0
225,509.129,"Mount",0.014,-0.075,-0.074,0.022,-0.232,0.000,133,E,0,,,,372024,145.51,0
226,511.548,"Mount",-0.053,0.055,0.073,0.022,-0.168,0.000,96,E,0,,,,391148,153.74,0
227,513.773,"Mount",-0.027,-0.037,-0.020,0.041,-0.183,0.000,104,E,0,,,,380215,162.15,0
228,516.162,"Mount",-0.057,0.060,0.080,0.023,-0.147,0.000,84,E,0,,,,392363,165.18,0
229,518.408,"Mount",0.059,0.103,0.065,-0.100,-0.142,-0.036,81,E,15,N,,,380323,146.34,0
230,520.911,"Mount",0.043,-0.046,-0.061,-0.017,-0.200,0.000,114,E,0,,,,367473,128.58,0
231,523.070,"Mount",0.033,-0.018,-0.032,-0.021,-0.154,0.000,88,E,0,,,,389822,161.84,0
232,525.438,"Mount",-0.072,0.028,0.058,0.051,-0.143,0.000,82,E,0,,,,378473,148.55,0
233,527.585,"Mount",-0.013,-0.065,-0.052,0.041,-0.137,0.000,78,E,0,,,,380040,141.96,0
234,529.962,"Mount",-0.061,0.065,0.086,0.025,-0.085,0.000,48,E,0,,,,377619,141.37,0
235,532.140,"Mount",-0.089,0.035,0.072,0.063,-0.077,0.023,44,E,10,S,,,378150,160.86,0
236,534.560,"Mount",0.045,0.076,0.047,-0.075,-0.097,-0.026,56,E,11,N,,,386313,162.31,0
237,536.679,"Mount",-0.026,0.085,0.088,-0.016,-0.040,0.000,23,E,0,,,,377317,129.21,0
238,538.992,"Mount",-0.094,0.117,0.147,0.030,0.016,0.000,9,W,0,,,,370604,135.61,0
239,541.181,"Mount",-0.164,0.073,0.140,0.112,0.028,0.040,16,W,17,S,,,387530,143.48,0
240,543.548,"Mount",-0.155,0.265,0.306,0.015,0.107,0.000,61,W,0,,,,391840,159.02,0
241,545.662,"Mount",-0.114,0.173,0.206,0.021,0.070,0.000,40,W,0,,,,377374,154.97,0
242,548.038,"Mount",0.034,0.011,-0.006,-0.035,-0.027,0.000,15,E,0,,,,377691,142.90,0
243,550.210,"Mount",0.041,0.042,0.018,-0.056,-0.023,0.000,13,E,0,,,,396714,140.92,0
244,552.550,"Mount",-0.035,0.008,0.023,0.027,-0.033,0.000,19,E,0,,,,374027,122.90,0
245,554.688,"Mount",0.058,0.026,-0.003,-0.063,-0.038,-0.023,22,E,10,N,,,391762,151.50,0
246,557.130,"Mount",0.137,-0.093,-0.146,-0.079,-0.111,-0.029,63,E,12,N,,,386211,148.96,0
247,559.227,"Mount",0.002,0.060,0.053,-0.029,-0.051,0.000,29,E,0,,,,389900,157.16,0
248,561.559,"Mount",-0.057,0.069,0.087,0.019,-0.010,0.000,6,E,0,,,,377726,149.73,0
249,563.729,"Mount",-0.113,0.043,0.090,0.080,0.013,0.029,7,W,12,S,,,415661,160.82,0
250,566.094,"Mount",-0.110,0.094,0.134,0.054,0.041,0.000,24,W,0,,,,381479,133.55,0
251,568.193,"Mount",0.002,0.038,0.033,-0.019,-0.001,0.000,1,E,0,,,,377477,145.03,0
252,570.584,"Mount",-0.104,0.019,0.065,0.084,0.037,0.030,21,W,13,S,,,382053,132.39,0
253,572.742,"Mount",-0.085,0.034,0.069,0.060,0.044,0.000,25,W,0,,,,401797,165.07,0
254,575.072,"Mount",-0.054,0.066,0.083,0.018,0.066,0.000,38,W,0,,,,379168,130.41,0
255,577.177,"Mount",-0.009,0.061,0.058,-0.020,0.038,0.000,22,W,0,,,,391696,160.87,0
256,579.509,"Mount",0.006,0.042,0.034,-0.024,0.062,0.000,35,W,0,,,,387512,136.67,0
257,581.678,"Mount",0.026,0.057,0.039,-0.049,0.081,0.000,46,W,0,,,,400487,157.12,0
258,584.211,"Mount",-0.326,0.325,0.439,0.139,0.305,0.050,174,W,21,S,,,394429,155.58,0
259,586.416,"Mount",-0.125,0.247,0.277,-0.003,0.247,0.000,141,W,0,,,,381751,131.02,0
260,588.819,"Mount",-0.053,-0.014,0.011,0.054,0.147,0.000,84,W,0,,,,378089,135.87,0
261,591.032,"Mount",0.006,0.091,0.078,-0.048,0.186,0.000,106,W,0,,,,375949,133.43,0
262,593.421,"Mount",0.034,-0.010,-0.024,-0.026,0.152,0.000,87,W,0,,,,370662,126.88,0
263,595.679,"Mount",0.049,0.094,0.061,-0.087,0.172,-0.031,98,W,13,N,,,369548,136.10,0
264,598.038,"Mount",-0.003,0.065,0.059,-0.027,0.135,0.000,77,W,0,,,,397931,140.47,0
265,600.225,"Mount",0.065,0.008,-0.023,-0.062,0.120,-0.022,68,W,9,N,,,399655,168.56,0
266,602.643,"Mount",0.010,-0.025,-0.027,0.002,0.130,0.000,74,W,0,,,,402391,152.65,0
267,604.837,"Mount",-0.039,-0.036,-0.014,0.052,0.109,0.000,63,W,0,,,,373759,137.58,0
268,607.202,"Mount",0.111,-0.015,-0.064,-0.091,0.069,-0.033,39,W,14,N,,,388493,132.10,0
269,609.299,"Mount",0.002,-0.092,-0.082,0.040,0.038,0.000,22,W,0,,,,388261,155.29,0
270,611.654,"Mount",0.132,-0.020,-0.079,-0.108,0.032,-0.039,19,W,17,N,,,398032,155.45,0
271,613.755,"Mount",0.119,-0.167,-0.203,-0.028,-0.047,0.000,27,E,0,,,,390631,142.86,0
272,616.061,"Mount",0.080,-0.038,-0.071,-0.053,0.004,0.000,2,W,0,,,,399258,129.89,0
273,618.174,"Mount",0.008,0.005,0.001,-0.009,0.016,0.000,9,W,0,,,,373862,132.06,0
274,620.461,"Mount",-0.034,-0.011,0.006,0.035,0.008,0.000,5,W,0,,,,388873,137.21,0
275,622.596,"Mount",0.080,-0.087,-0.114,-0.031,-0.046,0.000,27,E,0,,,,385999,145.89,0
276,627.023,"Mount",-0.006,-0.058,-0.049,0.032,-0.017,0.000,10,E,0,,,,387900,131.76,0
277,629.402,"Mount",-0.027,-0.097,-0.073,0.068,-0.045,0.025,25,E,11,S,,,383467,137.98,0
278,631.497,"Mount",0.041,-0.079,-0.089,0.000,-0.044,0.000,25,E,0,,,,387370,141.02,0
279,633.828,"Mount",0.053,-0.204,-0.205,0.047,-0.085,0.000,49,E,0,,,,376267,123.56,0
280,635.901,"Mount",0.065,-0.094,-0.113,-0.015,-0.020,0.000,11,E,0,,,,387786,144.35,0
281,638.193,"Mount",0.014,-0.128,-0.120,0.047,-0.003,0.000,2,E,0,,,,403091,155.44,0
282,640.320,"Mount",-0.014,-0.014,-0.006,0.019,0.075,0.000,43,W,0,,,,400314,136.25,0
283,642.756,"Mount",-0.114,0.065,0.110,0.071,0.152,0.025,87,W,11,S,,,391324,128.12,0
284,644.906,"Mount",-0.060,0.067,0.087,0.022,0.165,0.000,94,W,0,,,,389224,138.69,0
285,647.348,"Mount",-0.023,0.100,0.099,-0.026,0.186,0.000,106,W,0,,,,396890,150.61,0
286,649.581,"Mount",-0.062,0.115,0.131,0.002,0.210,0.000,120,W,0,,,,406134,161.55,0
287,652.069,"Mount",-0.196,0.270,0.330,0.049,0.307,0.000,176,W,0,,,,398326,134.94,0
288,654.307,"Mount",0.020,0.089,0.070,-0.059,0.183,0.000,105,W,0,,,,376365,125.25,0
289,656.798,"Mount",-0.071,0.258,0.261,-0.056,0.281,0.000,161,W,0,,,,392582,143.83,0
290,659.034,"Mount",0.011,0.077,0.064,-0.045,0.189,0.000,108,W,0,,,,380979,127.97,0
291,661.547,"Mount",-0.015,0.192,0.178,-0.075,0.243,-0.027,139,W,12,N,,,394150,150.35,0
292,663.759,"Mount",-0.052,0.154,0.160,-0.025,0.243,0.000,139,W,0,,,,384058,131.81,0
293,666.197,"Mount",-0.080,0.081,0.108,0.034,0.226,0.000,129,W,0,,,,389021,136.81,0
294,668.417,"Mount",-0.074,0.070,0.096,0.033,0.224,0.000,128,W,0,,,,399699,152.80,0
295,670.848,"Mount",0.030,-0.010,-0.023,-0.023,0.178,0.000,102,W,0,,,,401029,171.86,0
296,672.981,"Mount",0.093,-0.212,-0.231,0.015,0.051,0.000,29,W,0,,,,404026,156.29,0
297,675.339,"Mount",0.079,-0.054,-0.085,-0.045,0.096,0.000,55,W,0,,,,381664,145.73,0
298,677.548,"Mount",0.300,-0.138,-0.260,-0.202,-0.023,-0.073,13,E,31,N,,,374750,126.85,0
299,679.926,"Mount",0.110,-0.256,-0.278,0.020,-0.057,0.000,33,E,0,,,,402290,142.45,0
300,682.147,"Mount",0.002,-0.238,-0.212,0.108,-0.057,0.039,32,E,17,S,,,398930,134.80,0
301,684.470,"Mount",0.015,-0.147,-0.137,0.055,-0.049,0.000,28,E,0,,,,395238,134.71,0
302,686.615,"Mount",-0.116,-0.099,-0.034,0.149,-0.003,0.054,2,E,23,S,,,387201,151.98,0
303,688.973,"Mount",0.009,-0.012,-0.015,-0.003,-0.023,0.000,13,E,0,,,,398611,152.61,0
304,691.048,"Mount",0.054,0.014,-0.012,-0.054,-0.032,0.000,18,E,0,,,,396361,160.36,0
305,693.431,"Mount",0.039,-0.016,-0.033,-0.027,-0.035,0.000,20,E,0,,,,400378,139.94,0
306,695.634,"Mount",0.038,-0.018,-0.033,-0.026,-0.037,0.000,21,E,0,,,,407889,157.03,0
307,697.947,"Mount",0.001,-0.054,-0.049,0.024,-0.034,0.000,20,E,0,,,,408346,163.58,0
308,700.054,"Mount",0.028,0.047,0.028,-0.047,-0.026,0.000,15,E,0,,,,389502,130.12,0
309,702.351,"Mount",0.010,-0.017,-0.020,-0.001,-0.014,0.000,8,E,0,,,,397915,131.53,0
310,704.484,"Mount",0.093,-0.004,-0.047,-0.081,-0.003,-0.029,1,E,12,N,,,392575,145.87,0
311,706.811,"Mount",0.106,-0.186,-0.214,-0.009,-0.090,0.000,51,E,0,,,,413692,155.20,0
312,708.883,"Mount",0.002,0.002,0.000,-0.003,0.013,0.000,7,W,0,,,,393478,129.21,0
313,711.179,"Mount",0.001,0.018,0.016,-0.009,0.024,0.000,14,W,0,,,,403639,175.17,0
314,713.287,"Mount",0.026,-0.013,-0.024,-0.017,0.025,0.000,14,W,0,,,,374271,132.37,0
315,715.591,"Mount",-0.021,0.015,0.023,0.011,0.033,0.000,19,W,0,,,,384208,145.67,0
316,717.748,"Mount",0.047,0.062,0.034,-0.071,0.032,-0.025,18,W,11,N,,,394170,158.53,0
317,720.060,"Mount",-0.008,0.052,0.049,-0.017,0.034,0.000,19,W,0,,,,389798,135.43,0
318,722.154,"Mount",-0.000,-0.051,-0.045,0.024,0.032,0.000,18,W,0,,,,384334,129.41,0
319,724.450,"Mount",0.035,0.024,0.005,-0.042,0.033,0.000,19,W,0,,,,403760,143.75,0
320,726.570,"Mount",0.029,-0.095,-0.098,0.018,-0.014,0.000,8,E,0,,,,395662,123.99,0
321,728.866,"Mount",0.014,0.001,-0.006,-0.013,0.020,0.000,12,W,0,,,,401272,156.32,0
322,730.961,"Mount",0.016,-0.027,-0.032,-0.002,0.013,0.000,7,W,0,,,,414638,144.19,0
323,733.288,"Mount",0.060,-0.121,-0.135,0.003,-0.059,0.000,34,E,0,,,,401875,153.39,0
324,735.407,"Mount",0.054,-0.077,-0.094,-0.012,-0.047,0.000,27,E,0,,,,383735,132.68,0
325,737.841,"Mount",0.114,0.184,0.111,-0.186,0.040,-0.067,23,W,29,N,,,391917,127.50,0
326,740.040,"Mount",-0.008,-0.144,-0.124,0.074,-0.070,0.024,40,E,10,S,,,407243,136.88,0
327,742.371,"Mount",0.012,-0.119,-0.111,0.044,-0.066,0.000,38,E,0,,,,395234,139.20,0
328,744.499,"Mount",0.045,-0.083,-0.095,-0.001,-0.054,0.000,31,E,0,,,,403475,149.52,0
329,746.822,"Mount",0.042,0.039,0.015,-0.056,-0.011,0.000,6,E,0,,,,389570,146.03,0
330,748.968,"Mount",0.076,-0.036,-0.067,-0.051,-0.039,0.000,22,E,0,,,,393571,147.40,0
331,751.344,"Mount",0.101,-0.040,-0.082,-0.071,-0.044,-0.026,25,E,11,N,,,400595,138.67,0
332,753.414,"Mount",0.007,0.020,0.014,-0.015,0.003,0.000,2,W,0,,,,400446,146.80,0
333,755.768,"Mount",-0.067,0.042,0.068,0.040,0.039,0.000,23,W,0,,,,417157,161.65,0
334,757.951,"Mount",-0.088,-0.021,0.021,0.088,0.014,0.032,8,W,14,S,,,397563,144.07,0
335,760.284,"Mount",0.011,0.051,0.040,-0.033,0.022,0.000,13,W,0,,,,409108,150.93,0
336,762.440,"Mount",0.048,0.124,0.088,-0.100,0.065,-0.036,37,W,15,N,,,395466,139.01,0
337,764.817,"Mount",-0.017,0.112,0.107,-0.036,0.076,0.000,43,W,0,,,,409180,132.53,0
338,766.914,"Mount",-0.073,0.038,0.067,0.047,0.052,0.000,30,W,0,,,,408915,153.31,0
339,769.387,"Mount",-0.169,0.041,0.115,0.131,0.076,0.047,43,W,20,S,,,408314,144.53,0
340,771.583,"Mount",-0.124,0.060,0.111,0.082,0.071,0.031,40,W,13,S,,,386289,138.90,0
341,774.044,"Mount",0.114,-0.088,-0.131,-0.060,-0.041,-0.020,24,E,9,N,,,409584,148.23,0
342,776.253,"Mount",0.059,-0.049,-0.071,-0.030,-0.027,0.000,16,E,0,,,,407911,178.23,0
343,778.549,"Mount",0.035,-0.009,-0.024,-0.027,-0.011,0.000,7,E,0,,,,401639,143.94,0
344,780.685,"Mount",0.080,-0.059,-0.089,-0.044,-0.067,0.000,38,E,0,,,,420223,168.93,0
345,783.047,"Mount",0.130,0.009,-0.051,-0.119,-0.036,-0.043,21,E,18,N,,,402022,141.63,0
346,785.259,"Mount",0.185,-0.103,-0.177,-0.117,-0.131,-0.044,75,E,19,N,,,402609,177.06,0
347,787.709,"Mount",-0.018,-0.157,-0.132,0.088,-0.134,0.030,77,E,13,S,,,389536,137.26,0
348,789.852,"Mount",-0.008,0.007,0.010,0.004,-0.094,0.000,54,E,0,,,,389303,145.61,0
349,792.244,"Mount",0.009,-0.065,-0.062,0.022,-0.140,0.000,80,E,0,,,,403397,140.26,0
350,794.398,"Mount",0.070,-0.042,-0.069,-0.043,-0.148,0.000,85,E,0,,,,423765,140.71,0
351,796.838,"Mount",0.043,-0.179,-0.179,0.045,-0.198,0.000,113,E,0,,,,401742,142.70,0
352,799.040,"Mount",-0.006,-0.086,-0.074,0.045,-0.147,0.000,84,E,0,,,,401241,157.83,0
353,801.489,"Mount",0.043,-0.107,-0.114,0.012,-0.166,0.000,95,E,0,,,,410149,141.85,0
354,803.656,"Mount",0.055,-0.122,-0.134,0.008,-0.161,0.000,92,E,0,,,,397592,141.73,0
355,806.080,"Mount",0.010,0.071,0.058,-0.041,-0.094,0.000,54,E,0,,,,416601,160.39,0
356,808.346,"Mount",0.162,0.103,0.017,-0.191,-0.086,-0.069,49,E,29,N,,,414564,151.01,0
357,810.678,"Mount",0.048,-0.011,-0.032,-0.038,-0.071,0.000,41,E,0,,,,384934,127.29,0
358,812.867,"Mount",-0.083,-0.008,0.031,0.077,-0.052,0.028,30,E,12,S,,,394270,148.34,0
359,815.180,"Mount",-0.042,0.078,0.088,0.002,-0.008,0.000,5,E,0,,,,401142,136.52,0
360,817.240,"Mount",0.016,0.028,0.017,-0.027,-0.039,0.000,22,E,0,,,,406370,154.66,0
361,819.661,"Mount",-0.063,-0.015,0.016,0.062,-0.029,0.022,17,E,10,S,,,410501,143.48,0
362,821.773,"Mount",0.002,0.004,0.003,-0.003,-0.024,0.000,14,E,0,,,,390488,138.73,0
363,824.101,"Mount",0.001,0.024,0.020,-0.012,-0.029,0.000,17,E,0,,,,407082,160.08,0
364,826.220,"Mount",0.019,0.057,0.042,-0.043,-0.033,0.000,19,E,0,,,,419357,150.37,0
365,828.553,"Mount",0.031,0.050,0.031,-0.050,-0.037,0.000,21,E,0,,,,412026,147.27,0
366,830.619,"Mount",0.039,-0.034,-0.048,-0.019,-0.041,0.000,23,E,0,,,,400927,144.13,0
367,833.025,"Mount",0.050,0.042,0.014,-0.063,-0.053,-0.023,30,E,10,N,,,413668,138.43,0
368,835.155,"Mount",0.081,-0.078,-0.107,-0.036,-0.113,0.000,64,E,0,,,,407591,139.42,0
369,837.535,"Mount",-0.051,-0.022,0.004,0.055,-0.091,0.000,52,E,0,,,,418377,187.66,0
370,839.723,"Mount",-0.015,-0.084,-0.067,0.052,-0.133,0.000,76,E,0,,,,410942,161.31,0
371,842.133,"Mount",0.026,-0.109,-0.108,0.027,-0.174,0.000,100,E,0,,,,405849,141.05,0
372,844.337,"Mount",0.046,-0.004,-0.024,-0.039,-0.139,0.000,80,E,0,,,,423428,173.96,0
373,846.757,"Mount",0.025,-0.080,-0.082,0.015,-0.195,0.000,112,E,0,,,,406265,146.96,0
374,848.945,"Mount",-0.008,-0.024,-0.018,0.018,-0.157,0.000,90,E,0,,,,409719,133.55,0
375,851.366,"Mount",-0.049,0.016,0.037,0.036,-0.181,0.000,104,E,0,,,,395669,147.91,0
376,853.588,"Mount",0.070,-0.056,-0.082,-0.036,-0.216,0.000,124,E,0,,,,406247,155.99,0
377,856.020,"Mount",0.196,0.193,0.081,-0.263,-0.152,-0.095,87,E,41,N,,,413179,151.32,0
378,858.208,"Mount",0.045,-0.060,-0.074,-0.012,-0.233,0.000,133,E,0,,,,386758,131.97,0
379,860.678,"Mount",0.084,-0.098,-0.126,-0.030,-0.263,0.000,150,E,0,,,,427573,179.73,0
380,862.901,"Mount",0.033,-0.011,-0.025,-0.024,-0.207,0.000,118,E,0,,,,402131,136.22,0
381,865.339,"Mount",0.031,0.057,0.036,-0.054,-0.213,0.000,122,E,0,,,,428422,141.99,0
382,867.586,"Mount",0.018,0.097,0.078,-0.061,-0.166,-0.022,95,E,9,N,,,406986,137.32,0
383,869.933,"Mount",-0.146,0.206,0.250,0.034,-0.070,0.000,40,E,0,,,,401212,127.09,0
384,872.103,"Mount",-0.068,0.068,0.092,0.028,-0.117,0.000,67,E,0,,,,419916,169.95,0
385,874.580,"Mount",0.051,0.084,0.051,-0.084,-0.123,-0.030,70,E,13,N,,,391016,134.22,0
386,876.701,"Mount",0.025,-0.032,-0.039,-0.007,-0.096,0.000,55,E,0,,,,417155,149.54,0
387,879.016,"Mount",0.015,-0.007,-0.013,-0.010,-0.070,0.000,40,E,0,,,,407410,153.07,0
388,881.142,"Mount",0.016,0.029,0.019,-0.027,-0.060,0.000,34,E,0,,,,413247,139.06,0
389,883.464,"Mount",-0.023,-0.043,-0.028,0.040,-0.060,0.000,34,E,0,,,,420025,165.69,0
390,885.591,"Mount",-0.050,0.011,0.033,0.039,-0.049,0.000,28,E,0,,,,429369,168.84,0
391,887.937,"Mount",0.099,-0.083,-0.120,-0.049,-0.112,0.000,64,E,0,,,,412376,135.47,0
392,890.063,"Mount",0.001,0.131,0.116,-0.061,-0.002,-0.022,1,E,9,N,,,409259,141.72,0
393,892.374,"Mount",0.022,0.078,0.059,-0.055,-0.064,0.000,37,E,0,,,,410460,146.45,0
394,894.470,"Mount",-0.015,0.015,0.021,0.006,-0.057,0.000,33,E,0,,,,413695,160.73,0
395,896.843,"Mount",0.089,0.156,0.098,-0.151,-0.006,-0.054,4,E,23,N,,,387798,131.63,0
396,898.921,"Mount",-0.044,0.165,0.167,-0.037,0.039,0.000,22,W,0,,,,414717,129.73,0
397,901.288,"Mount",-0.010,0.061,0.059,-0.019,-0.037,0.000,21,E,0,,,,424640,152.35,0
398,903.426,"Mount",-0.051,0.105,0.117,-0.003,0.032,0.000,18,W,0,,,,413036,158.10,0
399,905.821,"Mount",-0.133,0.047,0.103,0.096,0.025,0.035,14,W,15,S,,,413213,132.48,0
400,907.962,"Mount",0.031,0.079,0.056,-0.064,-0.021,-0.022,12,E,9,N,,,417434,143.84,0
401,910.314,"Mount",-0.076,0.136,0.155,0.005,0.056,0.000,32,W,0,,,,417887,163.89,0
402,912.412,"Mount",-0.030,0.172,0.166,-0.053,0.064,0.000,37,W,0,,,,400922,123.39,0
403,914.766,"Mount",-0.051,0.063,0.080,0.016,0.033,0.000,19,W,0,,,,408487,131.86,0
404,916.924,"Mount",-0.057,0.185,0.190,-0.035,0.089,0.000,51,W,0,,,,425697,152.29,0
405,919.248,"Mount",-0.029,0.030,0.040,0.012,0.008,0.000,5,W,0,,,,406001,145.21,0
406,921.392,"Mount",0.009,0.081,0.068,-0.045,0.048,0.000,27,W,0,,,,416209,157.18,0
407,923.843,"Mount",-0.013,0.160,0.148,-0.062,0.100,-0.022,57,W,10,N,,,406241,145.51,0
408,926.021,"Mount",-0.101,0.088,0.124,0.049,0.108,0.000,62,W,0,,,,422209,135.49,0
409,928.383,"Mount",-0.044,0.147,0.150,-0.028,0.150,0.000,86,W,0,,,,414466,160.41,0
410,930.525,"Mount",0.009,0.082,0.069,-0.046,0.132,0.000,76,W,0,,,,419362,146.45,0
411,932.917,"Mount",-0.003,0.013,0.012,-0.004,0.129,0.000,74,W,0,,,,408184,131.71,0
412,935.127,"Mount",-0.105,0.107,0.143,0.043,0.205,0.000,117,W,0,,,,423804,137.90,0
413,937.666,"Mount",0.039,0.144,0.110,-0.101,0.207,-0.036,118,W,16,N,,,412136,142.76,0
414,939.866,"Mount",-0.090,0.063,0.097,0.050,0.201,0.000,115,W,0,,,,406262,131.06,0
415,942.314,"Mount",-0.070,0.076,0.099,0.027,0.201,0.000,115,W,0,,,,416095,150.62,0
416,944.456,"Mount",0.046,0.015,-0.008,-0.048,0.141,0.000,80,W,0,,,,423291,149.23,0
417,946.865,"Mount",-0.014,0.034,0.037,-0.003,0.131,0.000,75,W,0,,,,408406,123.60,0
418,949.059,"Mount",-0.044,0.076,0.087,0.004,0.144,0.000,82,W,0,,,,437330,151.17,0
419,951.463,"Mount",-0.022,0.001,0.011,0.019,0.103,0.000,59,W,0,,,,423015,163.21,0
420,953.622,"Mount",-0.036,0.082,0.089,-0.006,0.119,0.000,68,W,0,,,,411530,148.03,0
421,955.981,"Mount",-0.031,0.056,0.064,0.002,0.096,0.000,55,W,0,,,,432483,144.28,0
422,958.071,"Mount",0.012,-0.017,-0.021,-0.002,0.066,0.000,38,W,0,,,,417269,144.72,0
423,960.474,"Mount",0.227,0.063,-0.048,-0.230,0.062,-0.083,35,W,35,N,,,419952,164.97,0
424,962.574,"Mount",0.039,0.022,0.001,-0.045,0.062,0.000,35,W,0,,,,392094,126.87,0
425,964.942,"Mount",0.029,-0.034,-0.044,-0.010,0.055,0.000,31,W,0,,,,410002,148.90,0
426,967.057,"Mount",0.101,-0.117,-0.150,-0.036,-0.024,0.000,14,E,0,,,,406704,153.14,0
427,969.369,"Mount",0.043,-0.054,-0.068,-0.013,-0.003,0.000,2,E,0,,,,423666,162.74,0
428,971.466,"Mount",-0.025,-0.059,-0.041,0.050,0.011,0.000,7,W,0,,,,398566,133.84,0
429,973.831,"Mount",0.046,-0.184,-0.185,0.044,-0.095,0.000,54,E,0,,,,410597,143.22,0
430,975.967,"Mount",0.066,-0.106,-0.125,-0.009,-0.075,0.000,43,E,0,,,,405173,132.16,0
431,978.333,"Mount",-0.012,0.025,0.028,-0.001,-0.033,0.000,19,E,0,,,,398898,139.78,0
432,980.409,"Mount",-0.007,0.062,0.058,-0.023,-0.024,0.000,14,E,0,,,,425455,166.90,0
433,982.916,"Mount",0.160,0.229,0.129,-0.248,0.065,-0.089,37,W,38,N,,,418462,164.12,0
434,985.073,"Mount",-0.045,0.073,0.085,0.006,0.073,0.000,41,W,0,,,,408796,153.68,0
435,987.372,"Mount",0.037,-0.005,-0.021,-0.030,0.073,0.000,42,W,0,,,,395462,136.84,0
436,989.562,"Mount",-0.082,0.078,0.106,0.037,0.146,0.000,84,W,0,,,,414834,144.28,0
437,991.962,"Mount",-0.082,0.058,0.089,0.046,0.168,0.000,96,W,0,,,,413316,161.99,0
438,994.165,"Mount",-0.058,0.046,0.067,0.030,0.168,0.000,96,W,0,,,,437101,160.52,0
439,996.603,"Mount",-0.155,0.052,0.117,0.114,0.208,0.041,119,W,17,S,,,408942,147.13,0
440,998.821,"Mount",-0.070,0.104,0.124,0.014,0.208,0.000,119,W,0,,,,416461,143.48,0
441,1001.283,"Mount",-0.109,0.139,0.173,0.033,0.237,0.000,135,W,0,,,,407706,136.42,0
442,1003.595,"Mount",-0.165,0.187,0.242,0.060,0.265,0.022,151,W,9,S,,,403575,130.59,0
443,1006.086,"Mount",-0.130,0.280,0.308,-0.013,0.319,0.000,182,W,0,,,,398078,137.61,0
444,1008.411,"Mount",-0.134,0.130,0.177,0.059,0.269,0.000,154,W,0,,,,417950,153.10,0
445,1010.893,"Mount",-0.105,0.047,0.090,0.071,0.239,0.026,136,W,11,S,,,429915,159.53,0
446,1013.111,"Mount",-0.029,0.041,0.050,0.007,0.202,0.000,116,W,0,,,,431914,173.10,0
447,1015.547,"Mount",-0.025,-0.006,0.007,0.025,0.203,0.000,116,W,0,,,,402169,142.71,0
448,1017.722,"Mount",-0.044,-0.039,-0.015,0.057,0.178,0.000,102,W,0,,,,418700,167.41,0
449,1020.115,"Mount",0.082,-0.092,-0.119,-0.030,0.101,0.000,58,W,0,,,,423083,159.27,0
450,1022.256,"Mount",0.024,-0.078,-0.080,0.014,0.079,0.000,45,W,0,,,,408339,137.49,0
451,1024.616,"Mount",0.003,0.027,0.022,-0.015,0.084,0.000,48,W,0,,,,411377,152.22,0
452,1026.801,"Mount",0.072,0.000,-0.033,-0.064,0.053,-0.023,30,W,10,N,,,418090,134.75,0
453,1029.235,"Mount",-0.009,-0.128,-0.109,0.067,-0.017,0.023,10,E,10,S,,,410761,157.21,0
454,1031.330,"Mount",-0.006,0.025,0.025,-0.006,0.016,0.000,9,W,0,,,,406998,144.96,0
455,1033.660,"Mount",-0.005,-0.107,-0.093,0.053,-0.042,0.000,24,E,0,,,,426243,156.19,0
456,1035.867,"Mount",0.101,-0.093,-0.129,-0.046,-0.068,0.000,39,E,0,,,,413436,150.08,0
457,1038.267,"Mount",-0.006,-0.161,-0.140,0.080,-0.080,0.029,45,E,12,S,,,419712,144.05,0
458,1040.397,"Mount",0.106,-0.160,-0.191,-0.020,-0.105,0.000,60,E,0,,,,413199,167.11,0
459,1042.758,"Mount",0.113,0.011,-0.042,-0.106,-0.030,-0.038,17,E,16,N,,,407415,133.84,0
460,1044.888,"Mount",0.071,-0.188,-0.200,0.024,-0.121,0.000,69,E,0,,,,405890,149.40,0
461,1047.345,"Mount",0.201,-0.050,-0.137,-0.155,-0.094,-0.056,53,E,24,N,,,409020,152.03,0
462,1049.431,"Mount",0.062,0.004,-0.025,-0.057,-0.020,0.000,12,E,0,,,,418899,153.85,0
463,1051.778,"Mount",0.002,-0.012,-0.012,0.004,-0.008,0.000,5,E,0,,,,406679,140.13,0
464,1053.887,"Mount",-0.066,0.126,0.142,0.000,0.061,0.000,35,W,0,,,,414199,138.99,0
465,1056.224,"Mount",-0.047,0.057,0.073,0.015,0.034,0.000,20,W,0,,,,406311,164.02,0
466,1058.349,"Mount",-0.059,0.122,0.136,-0.004,0.083,0.000,48,W,0,,,,423015,151.13,0
467,1060.750,"Mount",-0.052,-0.072,-0.040,0.079,0.030,0.029,17,W,12,S,,,419905,152.20,0
468,1062.906,"Mount",-0.093,0.077,0.112,0.047,0.092,0.000,52,W,0,,,,419185,148.99,0
469,1065.328,"Mount",-0.062,-0.013,0.017,0.061,0.044,0.022,25,W,9,S,,,428629,147.19,0
470,1067.436,"Mount",-0.059,0.019,0.044,0.043,0.038,0.000,21,W,0,,,,409813,148.36,0
471,1069.819,"Mount",0.017,0.020,0.010,-0.025,0.033,0.000,19,W,0,,,,415962,144.10,0
472,1072.041,"Mount",-0.109,0.052,0.096,0.073,0.073,0.026,42,W,11,S,,,413351,164.08,0
473,1074.347,"Mount",0.023,0.049,0.032,-0.043,0.029,0.000,17,W,0,,,,416869,163.28,0
474,1076.428,"Mount",-0.004,-0.013,-0.009,0.009,0.021,0.000,12,W,0,,,,388027,128.05,0
475,1078.739,"Mount",0.019,-0.107,-0.104,0.033,-0.037,0.000,21,E,0,,,,408981,129.64,0
476,1080.896,"Mount",0.084,0.025,-0.016,-0.086,-0.002,-0.031,1,E,13,N,,,425157,160.61,0
477,1083.341,"Mount",0.023,-0.077,-0.078,0.015,-0.047,0.000,27,E,0,,,,410955,140.07,0
478,1085.527,"Mount",0.019,-0.019,-0.026,-0.008,-0.013,0.000,7,E,0,,,,418750,165.91,0
479,1087.817,"Mount",-0.031,0.020,0.032,0.019,-0.015,0.000,9,E,0,,,,403697,162.25,0
480,1089.924,"Mount",-0.013,0.049,0.049,-0.011,-0.018,0.000,10,E,0,,,,400437,156.03,0
481,1092.225,"Mount",-0.022,0.026,0.033,0.007,-0.011,0.000,7,E,0,,,,394197,134.18,0
482,1094.398,"Mount",0.079,0.005,-0.032,-0.072,-0.009,-0.026,5,E,11,N,,,419131,179.33,0
483,1096.686,"Mount",-0.013,-0.061,-0.048,0.039,-0.003,0.000,2,E,0,,,,396719,131.05,0
484,1098.796,"Mount",0.028,0.011,-0.003,-0.030,0.001,0.000,1,W,0,,,,408471,169.10,0
485,1101.081,"Mount",0.001,0.026,0.023,-0.013,0.005,0.000,3,W,0,,,,401103,130.17,0
486,1103.194,"Mount",-0.052,0.125,0.135,-0.012,0.071,0.000,40,W,0,,,,406577,143.04,0
487,1105.494,"Mount",0.061,-0.020,-0.046,-0.045,0.015,0.000,8,W,0,,,,400361,147.59,0
488,1107.632,"Mount",-0.041,0.043,0.057,0.016,0.025,0.000,14,W,0,,,,382233,131.68,0
489,1109.951,"Mount",-0.042,0.048,0.062,0.016,0.058,0.000,33,W,0,,,,389222,138.76,0
490,1112.149,"Mount",0.028,0.102,0.077,-0.072,0.063,-0.026,36,W,11,N,,,404087,159.03,0
491,1114.450,"Mount",-0.031,-0.027,-0.010,0.039,0.025,0.000,14,W,0,,,,381432,146.04,0
492,1116.527,"Mount",-0.054,0.012,0.035,0.042,0.019,0.000,11,W,0,,,,375680,140.52,0
493,1118.797,"Mount",-0.002,-0.089,-0.078,0.042,-0.015,0.000,8,E,0,,,,380647,143.70,0
494,1120.936,"Mount",0.056,-0.073,-0.090,-0.016,-0.027,0.000,15,E,0,,,,397820,142.55,0
495,1123.304,"Mount",0.070,0.012,-0.022,-0.068,0.004,-0.024,2,W,10,N,,,379464,149.20,0
496,1125.375,"Mount",0.021,-0.042,-0.047,0.001,-0.010,0.000,6,E,0,,,,373487,120.17,0
497,1127.725,"Mount",0.095,-0.174,-0.198,-0.004,-0.114,0.000,65,E,0,,,,384671,138.73,0
498,1129.805,"Mount",-0.008,0.051,0.049,-0.016,-0.031,0.000,18,E,0,,,,369136,126.85,0
499,1132.208,"Mount",-0.040,-0.138,-0.104,0.099,-0.094,0.036,54,E,15,S,,,363273,131.81,0
500,1134.393,"Mount",-0.048,-0.110,-0.075,0.093,-0.095,0.035,54,E,15,S,,,366887,143.81,0
501,1136.795,"Mount",0.041,-0.132,-0.136,0.024,-0.142,0.000,81,E,0,,,,375647,155.11,0
502,1139.019,"Mount",0.030,-0.168,-0.163,0.051,-0.171,0.000,98,E,0,,,,364855,133.22,0
503,1141.488,"Mount",-0.002,-0.130,-0.115,0.062,-0.160,0.022,92,E,10,S,,,374806,159.71,0
504,1143.679,"Mount",0.061,-0.168,-0.177,0.023,-0.198,0.000,113,E,0,,,,381635,160.13,0
505,1146.076,"Mount",-0.021,-0.064,-0.047,0.048,-0.123,0.000,71,E,0,,,,381036,130.60,0
506,1148.205,"Mount",0.004,-0.039,-0.036,0.014,-0.121,0.000,69,E,0,,,,367732,131.33,0
507,1150.567,"Mount",0.001,0.033,0.029,-0.016,-0.123,0.000,70,E,0,,,,370138,121.47,0
508,1152.729,"Mount",-0.051,-0.024,0.003,0.056,-0.105,0.000,60,E,0,,,,385484,141.78,0
509,1155.147,"Mount",-0.056,0.063,0.082,0.021,-0.063,0.000,36,E,0,,,,362562,145.82,0
510,1157.260,"Mount",-0.048,0.110,0.120,-0.008,-0.024,0.000,14,E,0,,,,375896,136.09,0
511,1159.607,"Mount",-0.007,0.027,0.027,-0.006,-0.053,0.000,30,E,0,,,,378016,131.85,0
512,1161.756,"Mount",0.017,0.045,0.032,-0.036,-0.038,0.000,22,E,0,,,,359564,127.58,0
513,1164.114,"Mount",0.073,0.068,0.027,-0.096,-0.033,-0.034,19,E,15,N,,,382386,158.86,0
514,1166.229,"Mount",0.001,0.025,0.022,-0.013,-0.022,0.000,12,E,0,,,,373359,144.02,0
515,1168.495,"Mount",0.033,0.014,-0.003,-0.036,-0.018,0.000,10,E,0,,,,373946,132.88,0
516,1170.611,"Mount",-0.083,0.050,0.083,0.050,0.019,0.000,11,W,0,,,,391570,151.98,0
517,1172.883,"Mount",-0.071,0.094,0.116,0.019,0.019,0.000,11,W,0,,,,378895,139.04,0
518,1175.033,"Mount",0.033,-0.019,-0.032,-0.020,-0.046,0.000,26,E,0,,,,376464,147.37,0
519,1177.349,"Mount",0.022,0.047,0.031,-0.041,-0.053,0.000,30,E,0,,,,380040,140.73,0
520,1179.472,"Mount",0.034,-0.043,-0.054,-0.011,-0.054,0.000,31,E,0,,,,367706,133.29,0
521,1181.799,"Mount",-0.044,-0.007,0.013,0.042,-0.063,0.000,36,E,0,,,,374498,139.38,0
522,1183.936,"Mount",0.045,-0.028,-0.045,-0.027,-0.069,0.000,39,E,0,,,,374190,132.66,0
523,1186.301,"Mount",0.037,0.015,-0.003,-0.040,-0.083,0.000,47,E,0,,,,383792,135.75,0
524,1188.471,"Mount",0.085,0.134,0.079,-0.137,-0.058,-0.049,33,E,21,N,,,381017,150.46,0
525,1190.915,"Mount",0.056,-0.158,-0.167,0.023,-0.190,0.000,109,E,0,,,,392970,139.67,0
526,1193.174,"Mount",0.054,-0.120,-0.131,0.007,-0.185,0.000,106,E,0,,,,403183,153.45,0
527,1195.662,"Mount",-0.060,-0.120,-0.079,0.109,-0.185,0.039,106,E,17,S,,,387523,130.16,0
528,1197.976,"Mount",-0.020,-0.155,-0.128,0.089,-0.237,0.034,135,E,14,S,,,372203,130.63,0
529,1200.441,"Mount",0.052,-0.143,-0.150,0.020,-0.273,0.000,156,E,0,,,,388449,140.75,0
530,1202.698,"Mount",0.056,-0.071,-0.089,-0.017,-0.251,0.000,143,E,0,,,,398582,147.45,0
531,1205.254,"Mount",0.125,-0.104,-0.150,-0.063,-0.294,-0.023,168,E,10,N,,,404278,162.05,0
532,1207.446,"Mount",-0.013,0.020,0.024,0.002,-0.221,0.000,126,E,0,,,,397246,133.81,0
533,1209.878,"Mount",0.052,-0.022,-0.043,-0.036,-0.219,0.000,125,E,0,,,,401740,160.81,0
534,1212.082,"Mount",0.054,-0.179,-0.184,0.035,-0.291,0.000,166,E,0,,,,389794,132.34,0
535,1214.565,"Mount",0.110,-0.062,-0.106,-0.068,-0.240,-0.025,137,E,11,N,,,395048,152.98,0
536,1216.754,"Mount",0.018,-0.018,-0.024,-0.008,-0.165,0.000,94,E,0,,,,391141,150.16,0
537,1219.145,"Mount",-0.020,0.018,0.025,0.009,-0.124,0.000,71,E,0,,,,394493,143.44,0
538,1221.315,"Mount",-0.002,-0.059,-0.052,0.029,-0.104,0.000,59,E,0,,,,397116,134.63,0
539,1223.710,"Mount",-0.058,0.005,0.031,0.049,-0.093,0.000,53,E,0,,,,399588,139.76,0
540,1225.847,"Mount",-0.059,0.023,0.047,0.042,-0.079,0.000,45,E,0,,,,379979,123.37,0
541,1228.207,"Mount",-0.026,-0.030,-0.015,0.037,-0.089,0.000,51,E,0,,,,396069,146.56,0
542,1232.826,"Mount",-0.056,-0.146,-0.104,0.117,-0.151,0.042,86,E,18,S,,,386520,149.61,0
543,1234.950,"Mount",0.022,-0.051,-0.055,0.004,-0.082,0.000,47,E,0,,,,393887,144.47,0
544,1237.282,"Mount",-0.035,-0.029,-0.009,0.044,-0.073,0.000,42,E,0,,,,391526,143.19,0
545,1239.404,"Mount",-0.132,0.104,0.153,0.069,0.007,0.025,4,W,11,S,,,376378,141.73,0
546,1241.826,"Mount",0.075,0.076,0.033,-0.101,-0.051,-0.036,29,E,15,N,,,387831,142.29,0
547,1243.932,"Mount",-0.019,0.129,0.123,-0.042,0.033,0.000,19,W,0,,,,390460,158.84,0
548,1246.283,"Mount",0.180,0.128,0.031,-0.218,-0.015,-0.079,9,E,34,N,,,391615,153.04,0
549,1248.345,"Mount",-0.019,-0.004,0.005,0.019,-0.002,0.000,1,E,0,,,,377041,142.06,0
550,1250.693,"Mount",-0.098,-0.044,0.006,0.107,-0.008,0.038,5,E,16,S,,,367099,143.20,0
551,1252.791,"Mount",-0.049,-0.014,0.010,0.050,-0.017,0.000,10,E,0,,,,364850,138.96,0
552,1255.109,"Mount",-0.013,-0.089,-0.073,0.053,-0.055,0.000,31,E,0,,,,366278,132.71,0
553,1257.221,"Mount",-0.028,0.053,0.060,0.001,-0.026,0.000,15,E,0,,,,361081,130.77,0
554,1259.524,"Mount",-0.084,0.091,0.119,0.032,0.034,0.000,19,W,0,,,,369015,128.40,0
555,1261.593,"Mount",0.018,0.020,0.009,-0.025,-0.011,0.000,6,E,0,,,,396231,164.01,0
556,1263.883,"Mount",0.016,0.068,0.054,-0.045,-0.004,0.000,2,E,0,,,,381310,143.23,0
557,1266.036,"Mount",-0.026,0.110,0.110,-0.028,0.051,0.000,29,W,0,,,,384116,146.67,0
558,1268.336,"Mount",-0.013,0.028,0.031,-0.001,0.018,0.000,10,W,0,,,,380086,140.71,0
559,1270.413,"Mount",0.025,-0.002,-0.014,-0.021,0.032,0.000,18,W,0,,,,381152,131.77,0
560,1272.767,"Mount",-0.046,0.135,0.141,-0.021,0.120,0.000,69,W,0,,,,379206,142.44,0
561,1275.009,"Mount",0.078,0.145,0.093,-0.136,0.122,-0.049,70,W,21,N,,,389154,134.82,0
562,1277.422,"Mount",-0.169,0.200,0.255,0.058,0.220,0.000,126,W,0,,,,386425,136.67,0
563,1279.549,"Mount",0.019,0.033,0.020,-0.032,0.119,0.000,68,W,0,,,,388293,145.19,0
564,1281.963,"Mount",-0.066,0.048,0.073,0.036,0.170,0.000,97,W,0,,,,385400,144.95,0
565,1284.137,"Mount",0.089,-0.045,-0.081,-0.058,0.108,0.000,61,W,0,,,,386191,142.19,0
566,1286.487,"Mount",-0.011,-0.088,-0.073,0.050,0.119,0.000,68,W,0,,,,382809,155.27,0
567,1288.735,"Mount",0.089,0.036,-0.009,-0.096,0.139,-0.034,79,W,15,N,,,382477,157.40,0
568,1291.187,"Mount",0.077,0.054,0.013,-0.093,0.135,-0.035,77,W,15,N,,,401521,152.26,0
569,1293.376,"Mount",-0.036,0.089,0.096,-0.010,0.161,0.000,92,W,0,,,,392816,138.91,0
570,1295.850,"Mount",-0.088,-0.011,0.031,0.083,0.110,0.030,63,W,13,S,,,403406,146.44,0
571,1298.066,"Mount",-0.028,0.022,0.032,0.015,0.120,0.000,69,W,0,,,,396354,148.03,0
572,1300.432,"Mount",-0.038,0.062,0.072,0.005,0.144,0.000,82,W,0,,,,392459,126.22,0
573,1302.576,"Mount",-0.071,0.066,0.092,0.032,0.141,0.000,81,W,0,,,,404535,148.18,0
574,1304.930,"Mount",0.033,-0.078,-0.084,0.007,0.056,0.000,32,W,0,,,,414224,155.51,0
575,1307.038,"Mount",0.025,-0.057,-0.063,0.004,0.055,0.000,31,W,0,,,,407804,140.46,0
576,1309.370,"Mount",0.052,-0.164,-0.169,0.029,-0.001,0.000,1,E,0,,,,402779,151.30,0
577,1311.485,"Mount",0.060,-0.054,-0.075,-0.029,0.026,0.000,15,W,0,,,,402145,161.12,0
578,1313.815,"Mount",0.010,-0.125,-0.115,0.049,-0.021,0.000,12,E,0,,,,395900,130.33,0
579,1315.939,"Mount",0.089,-0.108,-0.136,-0.029,-0.051,0.000,29,E,0,,,,406248,157.65,0
580,1318.336,"Mount",0.031,0.093,0.068,-0.071,0.020,-0.025,12,W,11,N,,,393146,147.17,0
581,1320.445,"Mount",0.086,-0.105,-0.133,-0.027,-0.081,0.000,46,E,0,,,,408008,161.21,0
582,1322.835,"Mount",0.094,0.016,-0.029,-0.091,-0.020,-0.033,11,E,14,N,,,412896,177.27,0
583,1325.028,"Mount",0.098,-0.026,-0.068,-0.075,-0.053,-0.028,30,E,12,N,,,414552,148.72,0
584,1327.346,"Mount",0.027,0.012,-0.002,-0.029,-0.019,0.000,11,E,0,,,,412054,150.53,0
585,1329.455,"Mount",-0.010,0.081,0.077,-0.029,0.040,0.000,23,W,0,,,,413877,161.36,0
586,1331.868,"Mount",0.047,0.049,0.022,-0.065,0.031,-0.023,18,W,10,N,,,426929,169.31,0
587,1334.090,"Mount",-0.015,0.167,0.155,-0.064,0.124,-0.024,71,W,10,N,,,402492,133.21,0
588,1336.431,"Mount",-0.028,0.068,0.073,-0.007,0.122,0.000,69,W,0,,,,424676,146.57,0
589,1338.595,"Mount",-0.087,0.088,0.118,0.037,0.163,0.000,93,W,0,,,,421397,151.80,0
590,1341.036,"Mount",-0.041,0.150,0.152,-0.033,0.205,0.000,117,W,0,,,,418641,144.81,0
591,1343.305,"Mount",-0.097,-0.015,0.032,0.093,0.146,0.033,84,W,14,S,,,416810,173.60,0
592,1345.749,"Mount",-0.122,0.203,0.236,0.015,0.271,0.000,155,W,0,,,,399857,144.59,0
593,1347.990,"Mount",-0.173,0.252,0.303,0.037,0.306,0.000,175,W,0,,,,411004,143.82,0
594,1350.414,"Mount",-0.027,0.094,0.096,-0.019,0.218,0.000,125,W,0,,,,409012,142.09,0
595,1352.639,"Mount",-0.008,0.032,0.032,-0.008,0.192,0.000,110,W,0,,,,417228,172.00,0
596,1355.108,"Mount",-0.024,0.107,0.106,-0.028,0.255,0.000,146,W,0,,,,413828,149.62,0
597,1357.359,"Mount",-0.069,0.109,0.128,0.011,0.255,0.000,146,W,0,,,,404557,130.72,0
598,1359.758,"Mount",0.028,-0.160,-0.155,0.049,0.134,0.000,77,W,0,,,,408388,158.52,0
599,1361.927,"Mount",-0.060,0.009,0.036,0.049,0.189,0.000,108,W,0,,,,431052,153.92,0
600,1364.302,"Mount",0.038,-0.152,-0.152,0.037,0.110,0.000,63,W,0,,,,392334,140.09,0
601,1366.589,"Mount",0.093,0.089,0.036,-0.124,0.149,-0.045,85,W,19,N,,,409934,153.55,0
602,1368.945,"Mount",0.015,0.044,0.032,-0.033,0.124,0.000,71,W,0,,,,411700,173.63,0
603,1371.116,"Mount",0.218,-0.219,-0.295,-0.092,-0.044,-0.033,25,E,14,N,,,414083,152.97,0
604,1373.448,"Mount",0.106,-0.078,-0.119,-0.058,0.014,0.000,8,W,0,,,,419970,167.62,0
605,1375.575,"Mount",0.083,-0.199,-0.215,0.018,-0.054,0.000,31,E,0,,,,416839,134.37,0
606,1377.913,"Mount",0.041,-0.120,-0.125,0.019,-0.033,0.000,19,E,0,,,,418926,157.45,0
607,1380.066,"Mount",0.083,-0.191,-0.208,0.015,-0.085,0.000,49,E,0,,,,394789,133.74,0
608,1382.444,"Mount",-0.026,-0.141,-0.113,0.088,-0.056,0.032,32,E,14,S,,,408982,131.28,0
609,1384.573,"Mount",0.010,-0.073,-0.069,0.025,-0.050,0.000,29,E,0,,,,419216,155.08,0
610,1386.899,"Mount",-0.019,-0.051,-0.037,0.040,-0.023,0.000,13,E,0,,,,402191,131.86,0
611,1389.032,"Mount",0.011,0.053,0.042,-0.034,-0.031,0.000,17,E,0,,,,405481,142.95,0
612,1391.430,"Mount",0.005,0.122,0.106,-0.061,0.010,-0.022,6,W,9,N,,,391781,133.60,0
613,1393.592,"Mount",0.057,0.074,0.040,-0.085,-0.036,-0.031,20,E,13,N,,,414215,146.35,0
614,1395.928,"Mount",-0.058,0.082,0.099,0.013,0.022,0.000,13,W,0,,,,390381,124.67,0
615,1398.062,"Mount",-0.077,-0.059,-0.017,0.095,-0.003,0.034,2,E,15,S,,,385289,145.73,0
616,1400.365,"Mount",0.046,0.025,0.001,-0.052,0.013,0.000,7,W,0,,,,413034,144.68,0
617,1402.419,"Mount",0.078,-0.022,-0.055,-0.059,0.017,0.000,10,W,0,,,,404785,154.89,0
618,1404.767,"Mount",-0.039,0.063,0.074,0.006,0.055,0.000,32,W,0,,,,399674,133.05,0
619,1406.909,"Mount",0.016,-0.010,-0.017,-0.010,0.027,0.000,16,W,0,,,,406633,147.88,0
620,1409.235,"Mount",-0.057,-0.008,0.019,0.054,0.032,0.000,18,W,0,,,,407540,153.36,0
621,1411.351,"Mount",0.044,0.016,-0.006,-0.047,0.033,0.000,19,W,0,,,,405226,138.54,0
622,1413.681,"Mount",0.025,0.019,0.005,-0.031,0.031,0.000,18,W,0,,,,402923,152.61,0
623,1415.791,"Mount",0.076,-0.084,-0.110,-0.029,-0.025,0.000,14,E,0,,,,388795,133.17,0
624,1418.272,"Mount",0.120,0.039,-0.020,-0.125,0.020,-0.045,12,W,19,N,,,383659,127.77,0
625,1420.444,"Mount",-0.054,-0.031,-0.003,0.063,0.019,0.021,11,W,9,S,,,415583,150.26,0
626,1422.802,"Mount",-0.044,-0.130,-0.095,0.099,-0.026,0.037,15,E,16,S,,,400909,148.45,0
627,1424.913,"Mount",0.043,-0.076,-0.087,-0.003,-0.028,0.000,16,E,0,,,,406690,144.61,0
628,1427.195,"Mount",-0.021,0.002,0.012,0.018,0.003,0.000,1,W,0,,,,410165,153.03,0
629,1429.305,"Mount",-0.015,0.120,0.113,-0.042,0.046,0.000,26,W,0,,,,406694,164.10,0
630,1431.615,"Mount",0.048,-0.106,-0.116,0.006,-0.062,0.000,35,E,0,,,,398614,140.10,0
631,1433.734,"Mount",0.017,-0.038,-0.042,0.003,-0.009,0.000,5,E,0,,,,406483,147.09,0
632,1436.053,"Mount",0.057,-0.076,-0.094,-0.015,-0.054,0.000,31,E,0,,,,406828,158.07,0
633,1438.284,"Mount",0.123,0.009,-0.048,-0.113,-0.020,-0.041,11,E,17,N,,,391046,135.75,0
634,1440.673,"Mount",-0.022,-0.108,-0.086,0.069,-0.057,0.023,33,E,10,S,,,417659,159.89,0
635,1442.765,"Mount",0.033,-0.044,-0.054,-0.009,-0.013,0.000,7,E,0,,,,407274,167.24,0
636,1445.092,"Mount",0.009,-0.020,-0.022,0.002,-0.006,0.000,3,E,0,,,,419847,152.14,0
637,1447.178,"Mount",0.028,-0.056,-0.062,0.001,-0.030,0.000,17,E,0,,,,412539,153.72,0
638,1449.524,"Mount",-0.007,-0.009,-0.005,0.010,0.005,0.000,3,W,0,,,,413493,139.86,0
639,1451.707,"Mount",0.045,0.132,0.097,-0.101,0.055,-0.036,31,W,16,N,,,409665,173.17,0
640,1454.087,"Mount",-0.072,-0.031,0.005,0.079,0.019,0.027,11,W,11,S,,,415922,158.07,0
641,1456.265,"Mount",-0.001,0.082,0.073,-0.037,0.054,0.000,31,W,0,,,,423049,147.37,0
642,1458.643,"Mount",-0.009,0.129,0.119,-0.052,0.083,0.000,47,W,0,,,,412401,169.05,0
643,1460.807,"Mount",-0.024,0.157,0.150,-0.051,0.094,0.000,54,W,0,,,,408928,141.86,0
644,1463.140,"Mount",-0.021,0.022,0.030,0.009,0.024,0.000,13,W,0,,,,409345,138.25,0
645,1465.244,"Mount",-0.054,0.020,0.042,0.039,0.018,0.000,10,W,0,,,,397933,125.54,0
646,1467.587,"Mount",-0.036,0.073,0.081,-0.002,0.050,0.000,29,W,0,,,,422913,165.74,0
647,1469.685,"Mount",-0.000,0.021,0.019,-0.009,0.011,0.000,6,W,0,,,,412740,151.34,0
648,1472.096,"Mount",0.088,0.118,0.064,-0.133,0.029,-0.048,17,W,20,N,,,425472,150.89,0
649,1474.190,"Mount",0.034,-0.040,-0.051,-0.012,-0.014,0.000,8,E,0,,,,432585,164.58,0
650,1476.520,"Mount",-0.016,-0.046,-0.033,0.036,-0.033,0.000,19,E,0,,,,426367,160.86,0
651,1478.674,"Mount",0.061,-0.071,-0.091,-0.021,-0.081,0.000,46,E,0,,,,418847,162.40,0
652,1481.060,"Mount",0.049,-0.062,-0.078,-0.015,-0.090,0.000,51,E,0,,,,418052,159.28,0
653,1483.253,"Mount",0.002,-0.058,-0.052,0.025,-0.076,0.000,44,E,0,,,,391416,131.38,0
654,1485.695,"Mount",0.022,-0.115,-0.112,0.034,-0.153,0.000,87,E,0,,,,425245,149.44,0
655,1487.917,"Mount",0.059,-0.077,-0.096,-0.017,-0.151,0.000,87,E,0,,,,408113,148.16,0
656,1490.293,"Mount",0.064,-0.078,-0.099,-0.021,-0.165,0.000,94,E,0,,,,418877,150.28,0
657,1492.426,"Mount",-0.007,0.020,0.021,-0.003,-0.120,0.000,69,E,0,,,,426659,152.19,0
658,1494.860,"Mount",0.078,0.083,0.038,-0.108,-0.131,-0.039,75,E,17,N,,,423101,162.76,0
659,1497.022,"Mount",0.003,0.014,0.011,-0.009,-0.124,0.000,71,E,0,,,,421836,167.69,0
660,1499.400,"Mount",0.062,-0.012,-0.039,-0.050,-0.114,0.000,65,E,0,,,,417718,157.00,0
661,1501.552,"Mount",-0.035,-0.049,-0.028,0.053,-0.104,0.000,59,E,0,,,,426465,161.72,0
662,1503.986,"Mount",-0.050,-0.116,-0.080,0.098,-0.118,0.035,67,E,15,S,,,401766,132.65,0
663,1506.111,"Mount",-0.029,0.029,0.039,0.012,-0.058,0.000,33,E,0,,,,417992,152.15,0
664,1508.389,"Mount",-0.033,0.025,0.037,0.017,-0.044,0.000,25,E,0,,,,402148,152.64,0
665,1510.483,"Mount",0.008,0.019,0.013,-0.016,-0.035,0.000,20,E,0,,,,414197,149.14,0
666,1512.810,"Mount",0.009,0.014,0.008,-0.014,-0.035,0.000,20,E,0,,,,393473,141.54,0
667,1514.956,"Mount",-0.137,0.144,0.191,0.055,0.060,0.000,34,W,0,,,,406365,159.83,0
668,1517.279,"Mount",-0.050,-0.003,0.020,0.046,-0.032,0.000,18,E,0,,,,406558,141.02,0
669,1519.390,"Mount",-0.016,0.053,0.055,-0.011,-0.039,0.000,22,E,0,,,,403204,151.96,0
670,1521.729,"Mount",-0.071,0.038,0.066,0.045,-0.023,0.000,13,E,0,,,,383246,127.43,0
671,1523.838,"Mount",-0.010,-0.041,-0.032,0.028,-0.048,0.000,28,E,0,,,,404335,157.05,0
672,1526.240,"Mount",0.117,0.006,-0.049,-0.107,-0.053,-0.038,31,E,16,N,,,395681,143.72,0
673,1528.310,"Mount",-0.003,0.084,0.076,-0.036,-0.011,0.000,6,E,0,,,,394705,157.69,0
674,1530.726,"Mount",0.103,-0.051,-0.093,-0.068,-0.095,-0.024,54,E,10,N,,,383507,143.01,0
675,1533.024,"Mount",-0.060,-0.109,-0.069,0.104,-0.103,0.036,59,E,16,S,,,367786,134.58,0
676,1535.391,"Mount",0.002,-0.088,-0.079,0.039,-0.127,0.000,72,E,0,,,,365986,119.42,0
677,1537.543,"Mount",0.042,-0.010,-0.029,-0.032,-0.108,0.000,62,E,0,,,,387901,164.00,0
678,1540.044,"Mount",0.055,-0.139,-0.149,0.015,-0.210,0.000,120,E,0,,,,348271,145.75,0
679,1542.296,"Mount",-0.014,-0.145,-0.123,0.079,-0.211,0.029,120,E,12,S,,,369972,136.91,0
680,1544.834,"Mount",0.121,-0.084,-0.130,-0.069,-0.254,-0.024,145,E,10,N,,,360351,132.32,0
681,1547.071,"Mount",0.043,-0.095,-0.104,0.005,-0.255,0.000,146,E,0,,,,376617,165.56,0
682,1549.647,"Mount",-0.028,-0.154,-0.123,0.096,-0.271,0.035,155,E,15,S,,,370477,128.32,0
683,1551.854,"Mount",-0.018,-0.001,0.007,0.017,-0.220,0.000,126,E,0,,,,372335,136.12,0
684,1554.217,"Mount",-0.091,0.143,0.169,0.015,-0.129,0.000,74,E,0,,,,357573,128.32,0
685,1556.478,"Mount",0.110,0.014,-0.038,-0.104,-0.193,-0.037,110,E,16,N,,,365306,134.87,0
686,1558.915,"Mount",-0.015,-0.039,-0.028,0.032,-0.184,0.000,105,E,0,,,,377512,127.28,0
687,1561.116,"Mount",-0.007,0.043,0.041,-0.014,-0.170,0.000,97,E,0,,,,379691,153.68,0
688,1563.523,"Mount",-0.035,0.057,0.067,0.004,-0.144,0.000,83,E,0,,,,388616,159.86,0
689,1565.618,"Mount",-0.006,0.099,0.091,-0.041,-0.099,0.000,56,E,0,,,,377387,126.51,0
690,1568.020,"Mount",-0.054,-0.000,0.025,0.048,-0.141,0.000,81,E,0,,,,367272,126.24,0
691,1570.204,"Mount",-0.004,-0.019,-0.015,0.013,-0.124,0.000,71,E,0,,,,372504,140.62,0
692,1572.561,"Mount",0.006,-0.015,-0.016,0.001,-0.116,0.000,66,E,0,,,,369366,135.56,0
693,1574.811,"Mount",-0.116,-0.062,-0.001,0.131,-0.115,0.047,66,E,20,S,,,361948,127.88,0
694,1577.195,"Mount",-0.052,0.136,0.145,-0.017,-0.052,0.000,30,E,0,,,,375038,147.59,0
695,1579.474,"Mount",-0.122,0.078,0.125,0.072,-0.037,0.026,21,E,11,S,,,355748,127.31,0
696,1581.801,"Mount",0.067,0.256,0.196,-0.178,0.000,-0.063,0,,27,N,,,369744,163.52,0
697,1583.983,"Mount",0.052,0.061,0.030,-0.074,-0.049,-0.029,28,E,13,N,,,331229,124.05,0
698,1586.298,"Mount",-0.070,0.050,0.076,0.040,-0.006,0.000,4,E,0,,,,357909,168.18,0
699,1588.350,"Mount",-0.053,0.079,0.095,0.011,0.019,0.000,11,W,0,,,,362394,143.85,0
700,1590.696,"Mount",-0.021,-0.093,-0.072,0.062,-0.045,0.022,26,E,9,S,,,337086,132.93,0
701,1592.773,"Mount",-0.045,0.075,0.087,0.005,0.024,0.000,14,W,0,,,,352506,146.02,0
702,1595.134,"Mount",0.017,-0.153,-0.143,0.055,-0.077,0.000,44,E,0,,,,375076,156.95,0
703,1597.279,"Mount",-0.060,-0.047,-0.014,0.074,-0.029,0.027,17,E,11,S,,,360726,127.72,0
704,1599.608,"Mount",0.011,-0.007,-0.011,-0.007,-0.041,0.000,23,E,0,,,,364050,140.06,0
705,1601.808,"Mount",0.040,0.071,0.045,-0.068,-0.041,-0.024,23,E,10,N,,,373386,155.38,0
706,1604.134,"Mount",-0.058,0.119,0.132,-0.004,0.023,0.000,13,W,0,,,,375009,149.10,0
707,1606.258,"Mount",-0.007,-0.030,-0.023,0.020,-0.030,0.000,17,E,0,,,,381176,140.52,0
708,1608.586,"Mount",-0.018,-0.051,-0.037,0.039,-0.005,0.000,3,E,0,,,,380518,142.24,0
709,1610.700,"Mount",-0.011,-0.093,-0.078,0.052,-0.029,0.000,16,E,0,,,,373164,137.50,0
710,1613.110,"Mount",-0.014,-0.137,-0.115,0.075,-0.037,0.027,21,E,12,S,,,383995,155.26,0
711,1615.201,"Mount",-0.052,-0.001,0.023,0.047,0.018,0.000,10,W,0,,,,370837,125.50,0
712,1617.593,"Mount",-0.050,0.225,0.223,-0.059,0.126,0.000,72,W,0,,,,387026,147.69,0
713,1619.802,"Mount",-0.052,0.076,0.091,0.011,0.087,0.000,50,W,0,,,,380002,146.34,0
714,1622.214,"Mount",0.074,0.028,-0.009,-0.078,0.069,-0.028,40,W,12,N,,,392615,153.35,0
715,1624.379,"Mount",-0.068,0.078,0.101,0.025,0.129,0.000,74,W,0,,,,387567,137.98,0
716,1626.815,"Mount",-0.033,0.066,0.073,-0.001,0.144,0.000,83,W,0,,,,402011,141.97,0
717,1628.976,"Mount",-0.073,0.083,0.107,0.027,0.167,0.000,95,W,0,,,,397981,153.90,0
718,1631.467,"Mount",-0.165,0.163,0.220,0.071,0.234,0.026,134,W,11,S,,,388804,164.05,0
719,1633.722,"Mount",-0.020,0.133,0.127,-0.044,0.198,0.000,113,W,0,,,,402830,143.61,0
720,1636.134,"Mount",-0.056,0.083,0.100,0.012,0.200,0.000,114,W,0,,,,399062,181.35,0
721,1638.304,"Mount",-0.011,0.082,0.078,-0.028,0.187,0.000,107,W,0,,,,408660,154.89,0
722,1640.712,"Mount",0.001,0.082,0.072,-0.039,0.174,0.000,100,W,0,,,,380362,139.37,0
723,1642.915,"Mount",0.003,0.112,0.098,-0.054,0.176,0.000,101,W,0,,,,401790,136.26,0
724,1645.407,"Mount",0.067,0.127,0.082,-0.118,0.172,-0.042,98,W,18,N,,,373070,145.32,0
725,1647.611,"Mount",-0.015,0.071,0.070,-0.020,0.148,0.000,85,W,0,,,,362969,129.12,0
726,1649.990,"Mount",-0.010,-0.022,-0.015,0.019,0.105,0.000,60,W,0,,,,383941,142.57,0
727,1652.155,"Mount",0.038,-0.075,-0.084,0.000,0.045,0.000,26,W,0,,,,380145,134.92,0
728,1654.442,"Mount",0.023,-0.161,-0.153,0.053,0.004,0.000,3,W,0,,,,372813,141.10,0
729,1656.549,"Mount",0.130,-0.177,-0.217,-0.034,-0.037,0.000,21,E,0,,,,355660,131.16,0
730,1658.940,"Mount",-0.060,-0.167,-0.121,0.130,-0.014,0.047,8,E,20,S,,,343464,130.01,0
731,1661.052,"Mount",0.086,-0.030,-0.066,-0.063,0.001,-0.021,0,,9,N,,,330194,119.05,0
732,1663.561,"Mount",0.197,-0.168,-0.239,-0.097,-0.095,-0.036,54,E,15,N,,,354773,143.34,0
733,1665.725,"Mount",0.114,-0.127,-0.165,-0.042,-0.079,0.000,45,E,0,,,,331747,131.50,0
734,1668.057,"Mount",0.122,-0.117,-0.160,-0.055,-0.086,0.000,49,E,0,,,,353573,161.08,0
735,1670.272,"Mount",0.211,-0.134,-0.216,-0.125,-0.120,-0.045,69,E,19,N,,,317474,123.83,0
736,1672.590,"Mount",0.077,-0.045,-0.076,-0.047,-0.063,0.000,36,E,0,,,,320726,130.38,0
737,1674.688,"Mount",0.024,-0.058,-0.062,0.005,-0.055,0.000,31,E,0,,,,314223,131.17,0
738,1677.019,"Mount",0.015,0.040,0.029,-0.032,-0.007,0.000,4,E,0,,,,322567,126.74,0
739,1679.174,"Mount",-0.151,0.050,0.114,0.111,0.065,0.040,37,W,17,S,,,348744,128.89,0
740,1681.566,"Mount",0.045,0.070,0.041,-0.072,0.043,-0.024,25,W,10,N,,,347872,139.81,0
741,1683.697,"Mount",0.105,-0.025,-0.070,-0.082,0.047,-0.030,27,W,13,N,,,319203,134.48,0
742,1686.173,"Mount",-0.117,0.053,0.102,0.079,0.162,0.027,93,W,12,S,,,305893,124.58,0
743,1688.440,"Mount",-0.157,0.070,0.134,0.107,0.198,0.040,113,W,17,S,,,306767,128.90,0
744,1690.959,"Mount",-0.079,0.235,0.245,-0.039,0.272,0.000,156,W,0,,,,301091,141.84,0
745,1693.162,"Mount",-0.045,0.145,0.150,-0.027,0.242,0.000,138,W,0,,,,301964,125.06,0
746,1695.632,"Mount",-0.065,0.052,0.076,0.034,0.210,0.000,120,W,0,,,,319472,140.68,0
747,1697.868,"Mount",-0.076,0.127,0.147,0.009,0.243,0.000,139,W,0,,,,284785,131.08,0
748,1700.323,"Mount",-0.035,0.162,0.160,-0.044,0.267,0.000,153,W,0,,,,281945,130.01,0
749,1702.506,"Mount",0.002,0.108,0.095,-0.051,0.233,0.000,133,W,0,,,,318753,126.88,0
750,1704.967,"Mount",-0.074,0.136,0.155,0.003,0.266,0.000,152,W,0,,,,338577,138.41,0
751,1707.235,"Mount",-0.043,0.161,0.162,-0.036,0.260,0.000,149,W,0,,,,340696,120.58,0
752,1709.711,"Mount",-0.016,0.067,0.067,-0.017,0.222,0.000,127,W,0,,,,342374,131.02,0
753,1712.072,"Mount",0.056,0.074,0.039,-0.084,0.170,-0.030,97,W,13,N,,,332986,140.78,0
754,1714.507,"Mount",-0.081,-0.023,0.017,0.083,0.147,0.029,84,W,12,S,,,360976,136.36,0
755,1716.633,"Mount",0.001,0.014,0.011,-0.007,0.120,0.000,69,W,0,,,,343472,129.06,0
756,1718.944,"Mount",0.037,-0.062,-0.072,-0.004,0.058,0.000,33,W,0,,,,369180,144.52,0
757,1721.023,"Mount",0.099,-0.093,-0.128,-0.045,0.002,0.000,1,W,0,,,,354585,148.11,0
758,1723.308,"Mount",0.048,-0.072,-0.086,-0.010,0.004,0.000,2,W,0,,,,361255,150.03,0
759,1725.520,"Mount",0.144,-0.082,-0.139,-0.090,-0.041,-0.032,23,E,14,N,,,388738,134.28,0
760,1727.834,"Mount",0.084,-0.094,-0.122,-0.032,-0.039,0.000,22,E,0,,,,373412,137.99,0
761,1729.933,"Mount",0.069,-0.059,-0.084,-0.034,-0.038,0.000,22,E,0,,,,375088,126.20,0
762,1732.243,"Mount",0.068,-0.080,-0.103,-0.023,-0.057,0.000,33,E,0,,,,369979,120.03,0
763,1734.317,"Mount",0.027,0.041,0.024,-0.043,-0.011,0.000,6,E,0,,,,378378,126.06,0
764,1736.649,"Mount",0.019,0.002,-0.007,-0.017,-0.020,0.000,11,E,0,,,,368790,144.16,0
765,1738.748,"Mount",0.042,0.016,-0.005,-0.045,-0.035,0.000,20,E,0,,,,358241,130.76,0
766,1741.143,"Mount",0.071,0.031,-0.005,-0.078,-0.037,-0.028,21,E,12,N,,,371789,160.91,0
767,1743.241,"Mount",0.051,-0.057,-0.074,-0.019,-0.061,0.000,35,E,0,,,,355470,132.34,0
768,1745.603,"Mount",0.049,0.033,0.006,-0.059,-0.010,0.000,6,E,0,,,,369631,154.60,0
769,1747.648,"Mount",0.013,0.045,0.034,-0.032,-0.000,0.000,0,,0,,,,312696,116.62,0
770,1749.999,"Mount",-0.080,0.062,0.092,0.042,0.048,0.000,27,W,0,,,,325184,143.03,0
771,1752.092,"Mount",-0.028,0.098,0.099,-0.020,0.059,0.000,34,W,0,,,,307519,128.43,0
772,1754.383,"Mount",0.007,-0.039,-0.038,0.012,0.021,0.000,12,W,0,,,,296752,128.75,0
773,1756.466,"Mount",-0.015,0.112,0.107,-0.039,0.073,0.000,42,W,0,,,,293505,134.74,0
774,1758.781,"Mount",0.011,0.073,0.060,-0.044,0.034,0.000,19,W,0,,,,292439,125.10,0
775,1760.917,"Mount",-0.090,0.137,0.163,0.016,0.105,0.000,60,W,0,,,,291418,147.80,0
776,1763.265,"Mount",0.028,-0.029,-0.038,-0.011,0.033,0.000,19,W,0,,,,263287,133.55,0
777,1765.472,"Mount",0.093,0.141,0.082,-0.148,0.063,-0.053,36,W,23,N,,,250585,126.93,0
778,1767.859,"Mount",-0.054,-0.104,-0.067,0.096,-0.005,0.032,3,E,14,S,,,256044,136.11,0
779,1769.972,"Mount",-0.020,-0.021,-0.009,0.027,0.021,0.000,12,W,0,,,,239661,109.35,0
780,1772.305,"Mount",-0.009,-0.019,-0.013,0.016,0.017,0.000,10,W,0,,,,259515,120.50,0
781,1774.398,"Mount",-0.091,0.078,0.111,0.045,0.056,0.000,32,W,0,,,,238788,120.76,0
782,1776.725,"Mount",-0.012,-0.088,-0.073,0.052,-0.037,0.000,21,E,0,,,,235823,143.19,0
783,1778.836,"Mount",0.028,0.003,-0.010,-0.026,-0.007,0.000,4,E,0,,,,233373,108.00,0
784,1781.243,"Mount",0.142,-0.044,-0.105,-0.105,-0.057,-0.038,32,E,16,N,,,237129,110.66,0
785,1783.398,"Mount",0.027,-0.123,-0.122,0.033,-0.075,0.000,43,E,0,,,,264912,149.04,0
786,1785.763,"Mount",-0.033,-0.064,-0.042,0.059,-0.026,0.000,15,E,0,,,,269712,129.47,0
787,1787.936,"Mount",-0.057,-0.073,-0.039,0.084,-0.026,0.030,15,E,13,S,,,276446,119.32,0
788,1790.343,"Mount",-0.047,-0.051,-0.024,0.066,-0.023,0.025,13,E,11,S,,,280434,138.67,0
789,1792.423,"Mount",0.001,0.104,0.092,-0.049,0.031,0.000,17,W,0,,,,301896,134.60,0
790,1794.765,"Mount",-0.057,0.109,0.123,0.001,0.053,0.000,30,W,0,,,,288185,115.51,0
791,1796.930,"Mount",-0.087,-0.020,0.022,0.087,0.005,0.031,3,W,13,S,,,287641,118.14,0
792,1799.292,"Mount",-0.122,0.071,0.119,0.076,0.071,0.029,40,W,12,S,,,315350,135.88,0
793,1801.444,"Mount",-0.092,0.151,0.177,0.012,0.103,0.000,59,W,0,,,,324818,147.61,0
794,1803.772,"Mount",-0.066,0.053,0.078,0.034,0.065,0.000,37,W,0,,,,298219,135.65,0
795,1806.040,"Mount",0.022,0.124,0.100,-0.077,0.078,-0.028,44,W,12,N,,,266782,124.69,0
796,1808.368,"Mount",-0.095,0.057,0.094,0.058,0.075,0.000,43,W,0,,,,291603,145.02,0
797,1810.540,"Mount",0.145,0.031,-0.040,-0.143,0.026,-0.051,15,W,22,N,,,282064,125.49,0
798,1812.841,"Mount",-0.031,0.030,0.041,0.014,0.024,0.000,13,W,0,,,,268257,119.82,0
799,1815.026,"Mount",-0.155,0.111,0.170,0.086,0.092,0.031,52,W,13,S,,,252043,120.61,0
800,1817.324,"Mount",0.032,-0.043,-0.053,-0.008,0.011,0.000,6,W,0,,,,273908,120.36,0
801,1819.462,"Mount",0.132,0.049,-0.017,-0.140,0.004,-0.050,2,W,22,N,,,294976,138.06,0
802,1821.831,"Mount",0.058,-0.123,-0.136,0.005,-0.077,0.000,44,E,0,,,,272411,124.19,0
803,1823.940,"Mount",0.058,-0.061,-0.081,-0.023,-0.065,0.000,37,E,0,,,,276444,134.64,0
804,1826.351,"Mount",-0.059,-0.058,-0.024,0.079,-0.040,0.028,23,E,12,S,,,272844,114.71,0
805,1828.541,"Mount",-0.024,-0.137,-0.111,0.085,-0.106,0.032,61,E,13,S,,,311909,123.07,0
806,1830.948,"Mount",0.099,-0.152,-0.181,-0.018,-0.163,0.000,93,E,0,,,,303689,141.44,0
807,1833.220,"Mount",0.179,-0.158,-0.223,-0.086,-0.197,-0.031,113,E,13,N,,,295921,151.19,0
808,1835.639,"Mount",0.032,-0.109,-0.112,0.022,-0.166,0.000,95,E,0,,,,317955,139.42,0
809,1839.962,"Mount",0.025,-0.071,-0.074,0.010,-0.198,0.000,113,E,0,,,,292277,130.19,0
810,1842.148,"Mount",0.076,-0.068,-0.095,-0.036,-0.172,0.000,98,E,0,,,,302280,126.91,0
811,1844.537,"Mount",0.099,-0.107,-0.141,-0.038,-0.187,0.000,107,E,0,,,,298114,129.67,0
812,1846.751,"Mount",0.156,-0.172,-0.225,-0.059,-0.213,0.000,122,E,0,,,,297113,141.02,0
813,1849.132,"Mount",0.000,-0.039,-0.035,0.018,-0.107,0.000,61,E,0,,,,299603,146.79,0
814,1851.293,"Mount",0.014,0.065,0.051,-0.042,-0.089,0.000,51,E,0,,,,285589,132.17,0
815,1853.657,"Mount",-0.037,-0.047,-0.025,0.054,-0.065,0.000,37,E,0,,,,292683,122.76,0
816,1855.815,"Mount",-0.005,0.001,0.004,0.004,-0.050,0.000,28,E,0,,,,295214,130.10,0
817,1858.209,"Mount",0.130,0.272,0.181,-0.241,0.038,-0.087,22,W,37,N,,,313816,120.54,0
818,1860.292,"Mount",-0.078,0.085,0.112,0.030,0.012,0.000,7,W,0,,,,322794,123.68,0
819,1862.653,"Mount",-0.072,-0.076,-0.035,0.099,-0.026,0.036,15,E,15,S,,,317612,119.79,0
820,1864.795,"Mount",-0.151,0.052,0.115,0.110,0.026,0.041,15,W,17,S,,,320509,141.83,0
821,1867.119,"Mount",-0.087,0.092,0.122,0.035,0.022,0.000,13,W,0,,,,303353,127.86,0
822,1869.197,"Mount",0.011,-0.055,-0.054,0.016,-0.038,0.000,22,E,0,,,,313457,118.23,0
823,1871.554,"Mount",0.067,-0.147,-0.162,0.009,-0.122,0.000,70,E,0,,,,303557,125.23,0
824,1873.699,"Mount",0.095,-0.168,-0.193,-0.007,-0.134,0.000,77,E,0,,,,284793,110.60,0
825,1876.144,"Mount",-0.017,-0.164,-0.137,0.090,-0.113,0.033,65,E,14,S,,,303237,153.98,0
826,1878.381,"Mount",-0.012,-0.166,-0.142,0.087,-0.136,0.033,78,E,14,S,,,258674,117.38,0
827,1880.789,"Mount",0.038,0.044,0.021,-0.054,-0.092,0.000,52,E,0,,,,280946,134.67,0
828,1882.914,"Mount",-0.024,-0.059,-0.041,0.049,-0.102,0.000,59,E,0,,,,266974,127.43,0
829,1885.334,"Mount",0.090,-0.127,-0.154,-0.021,-0.192,0.000,110,E,0,,,,246180,104.55,0
830,1887.603,"Mount",0.132,-0.047,-0.103,-0.095,-0.181,-0.034,104,E,15,N,,,252240,112.30,0
831,1890.057,"Mount",0.032,-0.133,-0.133,0.033,-0.216,0.000,123,E,0,,,,240242,126.30,0
832,1892.367,"Mount",0.035,-0.114,-0.117,0.022,-0.217,0.000,124,E,0,,,,235102,121.86,0
833,1894.863,"Mount",0.028,-0.160,-0.155,0.049,-0.268,0.000,153,E,0,,,,238352,112.91,0
834,1897.179,"Mount",0.064,-0.225,-0.229,0.047,-0.301,0.000,172,E,0,,,,207438,107.96,0
835,1899.620,"Mount",0.033,0.046,0.025,-0.050,-0.209,0.000,120,E,0,,,,219052,111.26,0
836,1901.862,"Mount",0.064,-0.056,-0.079,-0.031,-0.235,0.000,134,E,0,,,,233865,141.37,0
837,1904.354,"Mount",0.107,-0.114,-0.151,-0.042,-0.268,0.000,153,E,0,,,,240153,119.29,0
838,1906.535,"Mount",-0.022,0.011,0.020,0.015,-0.190,0.000,109,E,0,,,,238068,111.47,0
839,1909.009,"Mount",-0.059,-0.034,-0.003,0.068,-0.206,0.025,118,E,11,S,,,238213,119.10,0
840,1911.148,"Mount",-0.104,0.122,0.156,0.036,-0.110,0.000,63,E,0,,,,241540,121.41,0
841,1913.545,"Mount",-0.022,0.165,0.157,-0.056,-0.094,0.000,54,E,0,,,,226356,108.71,0
842,1915.695,"Mount",-0.016,0.122,0.116,-0.042,-0.085,0.000,49,E,0,,,,243819,116.34,0
843,1918.096,"Mount",-0.060,0.009,0.036,0.049,-0.129,0.000,74,E,0,,,,240275,109.17,0
844,1920.183,"Mount",-0.036,0.071,0.079,-0.001,-0.069,0.000,40,E,0,,,,266178,126.74,0
845,1922.568,"Mount",-0.044,0.015,0.034,0.032,-0.106,0.000,61,E,0,,,,276836,126.29,0
846,1924.728,"Mount",-0.033,0.029,0.041,0.016,-0.094,0.000,54,E,0,,,,286736,138.46,0
847,1927.097,"Mount",0.011,0.018,0.011,-0.018,-0.081,0.000,46,E,0,,,,307439,160.62,0
848,1929.188,"Mount",-0.076,0.110,0.133,0.016,-0.007,0.000,4,E,0,,,,302272,147.24,0
849,1931.594,"Mount",0.062,0.078,0.041,-0.091,-0.058,-0.033,33,E,14,N,,,283993,132.32,0
850,1933.722,"Mount",-0.003,0.063,0.057,-0.027,-0.045,0.000,26,E,0,,,,281509,126.87,0
851,1936.066,"Mount",-0.011,-0.039,-0.030,0.028,-0.040,0.000,23,E,0,,,,292534,136.50,0
852,1938.362,"Mount",-0.369,0.177,0.327,0.245,0.110,0.088,63,W,38,S,,,298966,142.46,0
853,1940.809,"Mount",0.166,0.072,-0.012,-0.181,-0.028,-0.062,16,E,26,N,,,272908,124.46,0
854,1943.008,"Mount",0.115,0.046,-0.012,-0.123,-0.025,-0.047,14,E,20,N,,,267838,138.12,0
855,1945.328,"Mount",-0.035,0.006,0.022,0.029,-0.031,0.000,18,E,0,,,,264615,114.46,0
856,1947.501,"Mount",0.066,0.055,0.018,-0.083,-0.036,-0.030,21,E,13,N,,,235443,110.23,0
857,1949.793,"Mount",-0.055,-0.008,0.018,0.052,-0.035,0.000,20,E,0,,,,241222,113.61,0
858,1951.893,"Mount",-0.084,0.085,0.114,0.035,0.025,0.000,14,W,0,,,,261035,126.42,0
859,1954.190,"Mount",-0.088,0.055,0.089,0.052,0.024,0.000,14,W,0,,,,247704,125.53,0
860,1956.375,"Mount",-0.144,0.033,0.096,0.113,0.039,0.041,23,W,17,S,,,255164,129.98,0
861,1958.664,"Mount",-0.037,0.032,0.046,0.018,0.009,0.000,5,W,0,,,,261011,134.66,0
862,1960.791,"Mount",-0.099,0.198,0.221,-0.004,0.111,0.000,63,W,0,,,,261099,121.01,0
863,1963.121,"Mount",0.006,0.003,0.000,-0.006,0.015,0.000,9,W,0,,,,280497,137.05,0
864,1965.221,"Mount",-0.067,0.037,0.064,0.042,0.056,0.000,32,W,0,,,,275407,136.99,0
865,1967.594,"Mount",0.116,-0.059,-0.106,-0.076,0.003,-0.027,2,W,12,N,,,280168,132.45,0
866,1969.746,"Mount",0.007,0.076,0.064,-0.041,0.098,0.000,56,W,0,,,,265299,118.09,0
867,1972.147,"Mount",-0.068,0.045,0.071,0.040,0.115,0.000,66,W,0,,,,278815,130.19,0
868,1974.400,"Mount",0.009,0.149,0.128,-0.077,0.154,-0.028,88,W,12,N,,,248578,110.07,0
869,1976.795,"Mount",-0.088,0.078,0.110,0.042,0.172,0.000,98,W,0,,,,255535,119.48,0
870,1979.046,"Mount",-0.099,0.015,0.059,0.081,0.132,0.029,76,W,12,S,,,255283,116.60,0
871,1981.610,"Mount",-0.225,0.101,0.193,0.153,0.236,0.056,135,W,24,S,,,265620,111.67,0
872,1983.970,"Mount",-0.307,0.242,0.356,0.161,0.322,0.060,184,W,26,S,,,263266,113.62,0
873,1986.320,"Mount",0.231,-0.120,-0.213,-0.149,0.068,-0.051,39,W,22,N,,,285566,127.89,0
874,1988.532,"Mount",0.158,0.002,-0.071,-0.141,0.118,-0.053,67,W,23,N,,,291228,125.82,0
875,1990.939,"Mount",0.020,-0.071,-0.072,0.015,0.111,0.000,63,W,0,,,,285499,120.78,0
876,1993.098,"Mount",0.014,0.062,0.049,-0.041,0.121,0.000,69,W,0,,,,305530,135.33,0
877,1995.472,"Mount",0.006,-0.029,-0.029,0.008,0.111,0.000,63,W,0,,,,291100,133.83,0
878,1997.613,"Mount",-0.029,-0.044,-0.025,0.046,0.088,0.000,50,W,0,,,,265040,118.68,0
879,2000.033,"Mount",-0.075,-0.083,-0.039,0.104,0.070,0.038,40,W,16,S,,,270155,116.48,0
880,2002.209,"Mount",0.021,-0.091,-0.091,0.024,0.018,0.000,10,W,0,,,,279908,116.90,0
881,2004.584,"Mount",0.140,-0.219,-0.259,-0.023,-0.064,0.000,37,E,0,,,,296377,138.09,0
882,2006.710,"Mount",0.015,-0.053,-0.054,0.012,0.036,0.000,20,W,0,,,,293660,129.12,0
883,2009.214,"Mount",0.185,-0.207,-0.269,-0.068,-0.096,-0.025,55,E,11,N,,,284863,138.18,0
884,2011.370,"Mount",0.161,-0.252,-0.298,-0.027,-0.120,0.000,69,E,0,,,,277991,116.42,0
885,2013.693,"Mount",-0.086,0.043,0.078,0.056,0.026,0.000,15,W,0,,,,300557,161.11,0
886,2015.777,"Mount",-0.027,-0.073,-0.052,0.058,-0.018,0.000,10,E,0,,,,288922,130.29,0
887,2018.193,"Mount",-0.085,-0.042,0.002,0.095,-0.025,0.034,14,E,15,S,,,295682,129.17,0
888,2020.384,"Mount",0.013,0.039,0.029,-0.030,-0.031,0.000,18,E,0,,,,285939,116.13,0
889,2022.677,"Mount",-0.016,0.056,0.057,-0.012,-0.025,0.000,14,E,0,,,,311300,135.14,0
890,2024.898,"Mount",-0.006,0.158,0.143,-0.068,0.061,-0.024,35,W,10,N,,,294771,128.75,0
891,2027.243,"Mount",-0.087,0.151,0.174,0.007,0.105,0.000,60,W,0,,,,327495,147.82,0
892,2029.365,"Mount",-0.023,0.122,0.119,-0.036,0.103,0.000,59,W,0,,,,300571,121.04,0
893,2031.783,"Mount",0.041,0.067,0.040,-0.067,0.087,-0.024,50,W,10,N,,,317758,123.91,0
894,2034.111,"Mount",-0.289,0.289,0.389,0.123,0.296,0.043,169,W,18,S,,,306096,137.23,0
895,2036.504,"Mount",-0.002,0.113,0.101,-0.051,0.199,0.000,114,W,0,,,,307099,125.21,0
896,2038.705,"Mount",-0.011,0.087,0.083,-0.031,0.205,0.000,117,W,0,,,,313200,117.72,0
897,2041.188,"Mount",-0.135,0.177,0.219,0.038,0.292,0.000,167,W,0,,,,314390,129.36,0
898,2043.476,"Mount",-0.105,0.038,0.082,0.076,0.215,0.027,123,W,12,S,,,328831,137.74,0
899,2045.944,"Mount",-0.001,0.069,0.062,-0.031,0.209,0.000,120,W,0,,,,331197,155.73,0
900,2048.135,"Mount",-0.060,0.040,0.063,0.035,0.211,0.000,120,W,0,,,,307476,127.18,0
901,2050.524,"Mount",-0.008,0.053,0.051,-0.017,0.187,0.000,107,W,0,,,,308283,115.86,0
902,2052.792,"Mount",0.101,0.142,0.080,-0.155,0.214,-0.056,122,W,24,N,,,322834,139.30,0
903,2055.236,"Mount",-0.080,0.031,0.064,0.057,0.211,0.000,121,W,0,,,,326437,121.59,0
904,2057.437,"Mount",0.012,0.005,-0.001,-0.013,0.172,0.000,98,W,0,,,,321548,141.77,0
905,2059.851,"Mount",0.042,0.009,-0.011,-0.041,0.168,0.000,96,W,0,,,,321357,131.16,0
906,2062.004,"Mount",0.035,-0.001,-0.017,-0.030,0.144,0.000,82,W,0,,,,324839,143.44,0
907,2064.366,"Mount",0.057,0.010,-0.017,-0.055,0.133,0.000,76,W,0,,,,331919,140.81,0
908,2066.508,"Mount",0.154,-0.077,-0.139,-0.101,0.042,-0.036,24,W,16,N,,,340853,155.19,0
909,2068.834,"Mount",0.048,-0.104,-0.115,0.006,0.022,0.000,13,W,0,,,,304373,116.91,0
910,2070.962,"Mount",0.025,-0.165,-0.158,0.054,-0.024,0.000,14,E,0,,,,310745,136.65,0
911,2073.377,"Mount",0.131,-0.108,-0.156,-0.066,-0.043,-0.024,24,E,10,N,,,306572,139.11,0
912,2075.600,"Mount",0.224,-0.168,-0.252,-0.122,-0.105,-0.045,60,E,19,N,,,306983,131.87,0
913,2077.946,"Mount",0.013,-0.037,-0.039,0.006,-0.005,0.000,3,E,0,,,,305603,120.67,0
914,2080.034,"Mount",0.044,-0.106,-0.115,0.010,-0.070,0.000,40,E,0,,,,306038,126.27,0
915,2082.367,"Mount",0.011,-0.023,-0.025,0.001,-0.019,0.000,11,E,0,,,,324695,138.80,0
916,2084.568,"Mount",-0.099,-0.010,0.036,0.092,-0.028,0.033,16,E,14,S,,,296675,114.98,0
917,2086.900,"Mount",-0.005,-0.082,-0.071,0.043,-0.072,0.000,41,E,0,,,,316357,128.53,0
918,2089.022,"Mount",-0.020,0.013,0.021,0.011,-0.035,0.000,20,E,0,,,,302068,118.52,0
919,2091.322,"Mount",-0.018,0.001,0.009,0.015,-0.022,0.000,12,E,0,,,,297936,115.73,0
920,2093.445,"Mount",0.044,-0.068,-0.080,-0.008,-0.045,0.000,26,E,0,,,,307423,133.14,0
921,2095.755,"Mount",-0.050,0.097,0.110,-0.001,0.055,0.000,31,W,0,,,,329512,164.95,0
922,2097.873,"Mount",-0.072,0.061,0.087,0.036,0.050,0.000,28,W,0,,,,313036,142.97,0
923,2100.243,"Mount",-0.125,0.072,0.121,0.078,0.073,0.028,42,W,12,S,,,294309,116.53,0
924,2102.387,"Mount",0.043,0.048,0.023,-0.061,0.027,-0.021,16,W,9,N,,,313255,130.34,0
925,2104.739,"Mount",-0.010,0.072,0.069,-0.024,0.070,0.000,40,W,0,,,,302526,135.50,0
926,2106.801,"Mount",0.025,0.028,0.014,-0.035,0.040,0.000,23,W,0,,,,306825,137.84,0
927,2109.176,"Mount",0.112,0.037,-0.019,-0.116,0.041,-0.042,24,W,18,N,,,306782,142.60,0
928,2111.319,"Mount",0.076,0.047,0.007,-0.089,0.034,-0.034,20,W,14,N,,,302847,115.81,0
929,2113.672,"Mount",0.016,0.078,0.062,-0.050,0.054,0.000,31,W,0,,,,320158,122.37,0
930,2115.768,"Mount",-0.010,-0.090,-0.076,0.050,-0.015,0.000,9,E,0,,,,304514,133.42,0
931,2118.085,"Mount",-0.014,0.002,0.008,0.011,0.019,0.000,11,W,0,,,,303189,146.42,0
932,2120.184,"Mount",0.009,0.043,0.034,-0.028,0.012,0.000,7,W,0,,,,319489,138.40,0
933,2122.561,"Mount",-0.078,-0.020,0.018,0.078,-0.002,0.028,1,E,12,S,,,315470,138.29,0
934,2124.687,"Mount",0.011,0.032,0.023,-0.025,-0.011,0.000,6,E,0,,,,303154,131.94,0
935,2127.065,"Mount",0.067,-0.164,-0.177,0.016,-0.094,0.000,53,E,0,,,,313271,134.76,0
936,2129.283,"Mount",0.113,-0.059,-0.104,-0.073,-0.057,-0.026,33,E,11,N,,,326413,144.75,0
937,2131.690,"Mount",-0.036,-0.091,-0.065,0.074,-0.047,0.026,27,E,11,S,,,303394,123.01,0
938,2133.782,"Mount",0.000,-0.000,-0.000,0.000,-0.026,0.000,15,E,0,,,,308566,122.89,0
939,2136.139,"Mount",0.021,-0.037,-0.042,-0.001,-0.024,0.000,14,E,0,,,,318195,144.68,0
940,2138.248,"Mount",-0.069,0.020,0.050,0.052,-0.015,0.000,9,E,0,,,,325811,155.49,0
941,2140.583,"Mount",-0.025,0.033,0.040,0.007,-0.003,0.000,2,E,0,,,,323084,140.90,0
942,2142.780,"Mount",-0.108,0.072,0.114,0.063,0.054,0.023,31,W,10,S,,,316588,129.14,0
943,2145.214,"Mount",0.002,0.241,0.213,-0.113,0.106,-0.040,61,W,17,N,,,318441,132.12,0
944,2147.268,"Mount",-0.010,0.003,0.007,0.007,0.018,0.000,10,W,0,,,,320691,137.08,0
945,2149.623,"Mount",-0.004,0.088,0.080,-0.037,0.066,0.000,38,W,0,,,,320312,134.08,0
946,2151.753,"Mount",0.031,0.022,0.006,-0.038,0.033,0.000,19,W,0,,,,322905,134.89,0
947,2154.096,"Mount",0.038,-0.004,-0.021,-0.032,0.038,0.000,22,W,0,,,,336129,131.79,0
948,2156.238,"Mount",-0.000,-0.061,-0.055,0.028,0.037,0.000,21,W,0,,,,327281,129.28,0
949,2158.663,"Mount",0.002,-0.080,-0.072,0.035,-0.003,0.000,2,E,0,,,,326014,145.02,0
950,2160.899,"Mount",0.022,-0.121,-0.118,0.036,-0.033,0.000,19,E,0,,,,305737,120.48,0
951,2163.257,"Mount",0.110,-0.053,-0.098,-0.073,-0.031,-0.026,17,E,11,N,,,325260,143.69,0
952,2165.357,"Mount",-0.053,-0.004,0.021,0.049,0.008,0.000,5,W,0,,,,304937,130.52,0
953,2167.658,"Mount",0.092,-0.109,-0.139,-0.031,-0.070,0.000,40,E,0,,,,294401,128.04,0
954,2169.753,"Mount",0.012,-0.013,-0.017,-0.005,-0.024,0.000,14,E,0,,,,309166,136.67,0
955,2172.051,"Mount",-0.021,-0.026,-0.013,0.030,-0.044,0.000,25,E,0,,,,303689,133.11,0
956,2174.270,"Mount",-0.043,-0.071,-0.043,0.071,-0.051,0.026,29,E,11,S,,,315374,136.58,0
957,2176.695,"Mount",0.056,-0.064,-0.083,-0.020,-0.104,0.000,59,E,0,,,,330573,137.22,0
958,2178.897,"Mount",0.153,-0.055,-0.120,-0.110,-0.132,-0.040,75,E,17,N,,,322885,152.59,0
959,2181.295,"Mount",0.080,-0.053,-0.084,-0.046,-0.144,0.000,82,E,0,,,,315058,124.60,0
960,2183.486,"Mount",0.021,-0.138,-0.132,0.045,-0.171,0.000,98,E,0,,,,324601,154.75,0
961,2185.885,"Mount",-0.015,-0.028,-0.018,0.026,-0.122,0.000,70,E,0,,,,310092,125.12,0
962,2188.044,"Mount",-0.010,-0.036,-0.027,0.025,-0.119,0.000,68,E,0,,,,328464,136.05,0
963,2190.466,"Mount",-0.051,-0.032,-0.005,0.060,-0.122,0.022,70,E,9,S,,,320414,121.87,0
964,2192.587,"Mount",-0.004,-0.059,-0.051,0.030,-0.119,0.000,68,E,0,,,,345890,146.59,0
965,2194.995,"Mount",0.046,-0.092,-0.103,0.002,-0.159,0.000,91,E,0,,,,340041,122.16,0
966,2197.161,"Mount",0.020,-0.009,-0.017,-0.014,-0.110,0.000,63,E,0,,,,330843,142.63,0
967,2199.544,"Mount",0.022,-0.007,-0.016,-0.017,-0.093,0.000,53,E,0,,,,332629,133.39,0
968,2201.733,"Mount",0.030,0.073,0.050,-0.060,-0.070,-0.022,40,E,9,N,,,327145,126.69,0
969,2204.113,"Mount",0.034,0.255,0.211,-0.148,0.038,-0.054,22,W,23,N,,,340831,127.09,0
970,2206.212,"Mount",-0.014,0.100,0.095,-0.034,-0.005,0.000,3,E,0,,,,344997,124.87,0
971,2208.580,"Mount",0.057,0.085,0.049,-0.090,-0.031,-0.032,18,E,14,N,,,329589,131.35,0
972,2210.665,"Mount",-0.042,0.085,0.095,-0.002,0.021,0.000,12,W,0,,,,332189,130.92,0
973,2213.053,"Mount",0.020,0.098,0.078,-0.063,0.015,-0.023,8,W,10,N,,,354009,152.66,0
974,2215.161,"Mount",0.015,0.070,0.055,-0.046,-0.026,0.000,15,E,0,,,,357477,142.57,0
975,2217.547,"Mount",-0.007,-0.113,-0.097,0.058,-0.087,0.000,50,E,0,,,,344936,126.54,0
976,2219.720,"Mount",0.081,-0.136,-0.158,-0.009,-0.123,0.000,71,E,0,,,,348050,137.06,0
977,2222.133,"Mount",0.058,-0.119,-0.132,0.003,-0.121,0.000,69,E,0,,,,340936,151.75,0
978,2224.257,"Mount",0.065,-0.019,-0.046,-0.049,-0.063,0.000,36,E,0,,,,356262,123.63,0
979,2226.632,"Mount",-0.047,0.000,0.022,0.041,-0.085,0.000,49,E,0,,,,359600,164.16,0
980,2228.884,"Mount",0.118,-0.062,-0.109,-0.076,-0.146,-0.028,83,E,12,N,,,360164,151.11,0
981,2231.292,"Mount",0.007,-0.115,-0.105,0.047,-0.162,0.000,93,E,0,,,,339374,119.22,0
982,2233.507,"Mount",0.085,-0.173,-0.193,0.005,-0.207,0.000,118,E,0,,,,352611,122.71,0
983,2236.007,"Mount",0.105,-0.097,-0.135,-0.049,-0.200,0.000,115,E,0,,,,359372,143.50,0
984,2238.218,"Mount",0.037,-0.088,-0.095,0.008,-0.192,0.000,110,E,0,,,,361130,132.49,0
985,2240.643,"Mount",0.019,-0.111,-0.108,0.034,-0.222,0.000,127,E,0,,,,362681,154.17,0
986,2242.836,"Mount",0.019,-0.075,-0.076,0.017,-0.219,0.000,125,E,0,,,,347428,133.91,0
987,2245.323,"Mount",0.104,-0.184,-0.211,-0.007,-0.292,0.000,167,E,0,,,,369019,149.59,0
988,2247.525,"Mount",-0.030,-0.044,-0.025,0.047,-0.208,0.000,119,E,0,,,,350190,128.71,0
989,2249.960,"Mount",-0.014,0.040,0.042,-0.006,-0.215,0.000,123,E,0,,,,359113,141.74,0
990,2252.235,"Mount",0.089,0.151,0.093,-0.149,-0.166,-0.054,95,E,23,N,,,363074,142.07,0
991,2254.665,"Mount",-0.031,0.038,0.048,0.010,-0.216,0.000,123,E,0,,,,346281,123.69,0
992,2256.863,"Mount",0.008,-0.018,-0.020,0.002,-0.210,0.000,120,E,0,,,,351844,126.17,0
993,2259.259,"Mount",-0.340,0.271,0.397,0.176,-0.009,0.063,5,E,27,S,,,357672,145.75,0
994,2261.516,"Mount",0.021,0.036,0.022,-0.036,-0.161,0.000,92,E,0,,,,370083,156.66,0
995,2263.876,"Mount",0.019,0.065,0.049,-0.047,-0.129,0.000,74,E,0,,,,334708,119.75,0
996,2266.031,"Mount",0.003,0.162,0.142,-0.078,-0.047,-0.028,27,E,12,N,,,346311,124.24,0
997,2268.382,"Mount",0.046,-0.027,-0.045,-0.028,-0.103,0.000,59,E,0,,,,360291,150.51,0
998,2270.556,"Mount",0.070,0.001,-0.031,-0.063,-0.092,-0.023,53,E,10,N,,,376226,150.31,0
999,2272.924,"Mount",-0.042,0.069,0.080,0.006,-0.063,0.000,36,E,0,,,,362872,138.22,0
1000,2275.072,"Mount",0.015,0.045,0.033,-0.035,-0.082,0.000,47,E,0,,,,362968,150.06,0
1001,2277.470,"Mount",0.058,0.001,-0.026,-0.051,-0.074,0.000,42,E,0,,,,349088,129.03,0
1002,2279.587,"Mount",-0.073,0.138,0.156,0.001,0.010,0.000,6,W,0,,,,344208,129.54,0
1003,2281.912,"Mount",-0.054,0.102,0.115,0.001,-0.009,0.000,5,E,0,,,,350003,165.42,0
1004,2284.155,"Mount",-0.067,-0.006,0.025,0.062,-0.049,0.022,28,E,10,S,,,334907,120.27,0
1005,2286.475,"Mount",0.027,-0.020,-0.030,-0.015,-0.043,0.000,25,E,0,,,,360225,167.30,0
1006,2288.597,"Mount",-0.003,-0.010,-0.007,0.007,-0.027,0.000,15,E,0,,,,340774,132.71,0
1007,2290.930,"Mount",0.028,-0.024,-0.034,-0.014,-0.022,0.000,13,E,0,,,,329299,125.00,0
1008,2293.077,"Mount",0.079,-0.027,-0.060,-0.058,-0.053,0.000,31,E,0,,,,330965,121.21,0
1009,2295.521,"Mount",0.093,0.002,-0.042,-0.084,-0.027,-0.030,16,E,13,N,,,353163,142.17,0
1010,2297.635,"Mount",-0.058,0.047,0.069,0.030,0.000,0.000,0,,0,,,,341028,122.75,0
1011,2300.050,"Mount",-0.072,0.113,0.134,0.012,0.036,0.000,20,W,0,,,,349100,135.22,0
1012,2302.240,"Mount",-0.065,0.090,0.110,0.016,0.032,0.000,19,W,0,,,,341043,131.55,0
1013,2304.526,"Mount",-0.088,0.071,0.103,0.045,0.043,0.000,25,W,0,,,,352483,142.48,0
1014,2306.749,"Mount",0.053,0.135,0.095,-0.109,0.048,-0.039,27,W,17,N,,,362455,144.58,0
1015,2309.139,"Mount",0.071,0.036,-0.001,-0.080,0.007,-0.030,4,W,13,N,,,361046,138.86,0
1016,2311.250,"Mount",-0.081,-0.022,0.018,0.082,0.016,0.028,9,W,12,S,,,351404,139.04,0
1017,2313.579,"Mount",0.022,0.070,0.052,-0.052,0.038,0.000,22,W,0,,,,359263,134.02,0
1018,2315.707,"Mount",-0.101,0.094,0.130,0.046,0.110,0.000,63,W,0,,,,370302,142.40,0
1019,2318.281,"Mount",-0.037,0.474,0.438,-0.186,0.267,-0.067,153,W,29,N,,,368780,150.58,0
1020,2320.523,"Mount",-0.253,0.250,0.338,0.109,0.238,0.037,136,W,16,S,,,353964,131.14,0
1021,2323.041,"Mount",-0.172,0.038,0.113,0.135,0.169,0.050,97,W,21,S,,,349284,150.32,0
1022,2325.209,"Mount",0.028,-0.052,-0.060,-0.001,0.131,0.000,75,W,0,,,,346458,131.95,0
1023,2327.633,"Mount",-0.114,0.218,0.246,0.000,0.262,0.000,150,W,0,,,,353064,124.73,0
1024,2329.787,"Mount",-0.014,0.035,0.038,-0.003,0.156,0.000,89,W,0,,,,341691,132.26,0
1025,2332.194,"Mount",-0.024,0.058,0.063,-0.005,0.206,0.000,118,W,0,,,,351727,127.01,0
1026,2334.431,"Mount",0.067,0.069,0.030,-0.091,0.156,-0.033,89,W,14,N,,,349725,146.73,0
1027,2336.792,"Mount",0.024,-0.074,-0.077,0.013,0.118,0.000,67,W,0,,,,362166,151.36,0
1028,2338.949,"Mount",0.028,-0.026,-0.036,-0.013,0.120,0.000,69,W,0,,,,348680,120.68,0
1029,2341.345,"Mount",-0.035,-0.039,-0.019,0.049,0.118,0.000,67,W,0,,,,352178,137.57,0
1030,2343.470,"Mount",-0.022,-0.031,-0.017,0.034,0.099,0.000,56,W,0,,,,354308,125.04,0
1031,2345.912,"Mount",-0.055,-0.031,-0.002,0.064,0.081,0.023,46,W,10,S,,,344063,132.34,0
1032,2348.022,"Mount",0.009,-0.077,-0.073,0.027,0.037,0.000,21,W,0,,,,338035,133.43,0
1033,2350.342,"Mount",0.097,-0.148,-0.176,-0.018,-0.021,0.000,12,E,0,,,,334588,135.20,0
1034,2352.411,"Mount",0.026,-0.113,-0.112,0.029,0.003,0.000,2,W,0,,,,333073,116.09,0
1035,2354.749,"Mount",0.004,-0.071,-0.065,0.030,0.007,0.000,4,W,0,,,,342834,130.35,0
1036,2356.929,"Mount",-0.089,-0.086,-0.035,0.119,0.023,0.043,13,W,18,S,,,356791,147.04,0
1037,2359.307,"Mount",0.158,-0.233,-0.279,-0.032,-0.116,0.000,66,E,0,,,,330705,118.10,0
1038,2361.481,"Mount",-0.046,-0.055,-0.028,0.067,-0.005,0.024,3,E,10,S,,,364023,155.50,0
1039,2363.844,"Mount",0.069,-0.075,-0.099,-0.027,-0.069,0.000,40,E,0,,,,342173,125.82,0
1040,2366.038,"Mount",0.099,-0.036,-0.078,-0.071,-0.059,-0.025,34,E,11,N,,,348737,139.58,0
1041,2368.344,"Mount",0.014,0.009,0.001,-0.017,-0.025,0.000,14,E,0,,,,353997,144.61,0
1042,2370.390,"Mount",-0.018,-0.024,-0.013,0.027,-0.018,0.000,10,E,0,,,,355948,129.82,0
1043,2372.741,"Mount",-0.001,0.109,0.097,-0.049,0.049,0.000,28,W,0,,,,367225,153.92,0
1044,2374.948,"Mount",0.037,0.140,0.107,-0.097,0.078,-0.035,45,W,15,N,,,370353,150.40,0
1045,2377.403,"Mount",0.080,0.023,-0.017,-0.082,0.059,-0.031,34,W,13,N,,,354205,135.58,0
1046,2379.602,"Mount",-0.067,0.034,0.061,0.044,0.111,0.000,64,W,0,,,,361683,144.90,0
1047,2381.996,"Mount",-0.029,0.070,0.075,-0.007,0.155,0.000,88,W,0,,,,356975,136.28,0
1048,2384.184,"Mount",-0.079,0.159,0.177,-0.004,0.221,0.000,126,W,0,,,,367959,130.02,0
1049,2386.774,"Mount",-0.332,0.302,0.421,0.155,0.359,0.056,205,W,24,S,,,375022,149.29,0
1050,2389.009,"Mount",-0.129,0.219,0.254,0.014,0.299,0.000,171,W,0,,,,364175,140.35,0
1051,2391.542,"Mount",0.041,0.158,0.121,-0.109,0.241,-0.039,138,W,17,N,,,365949,127.94,0
1052,2393.882,"Mount",0.028,0.164,0.133,-0.101,0.248,-0.038,142,W,16,N,,,363207,124.64,0
1053,2396.279,"Mount",0.042,0.007,-0.013,-0.041,0.202,0.000,116,W,0,,,,370202,141.09,0
1054,2398.453,"Mount",0.009,0.035,0.027,-0.024,0.192,0.000,110,W,0,,,,356643,127.18,0
1055,2400.957,"Mount",-0.097,0.029,0.071,0.072,0.220,0.026,126,W,11,S,,,354446,133.83,0
1056,2403.143,"Mount",0.012,-0.005,-0.010,-0.009,0.176,0.000,101,W,0,,,,348136,128.67,0
1057,2405.564,"Mount",-0.072,0.051,0.078,0.040,0.207,0.000,118,W,0,,,,358511,139.83,0
1058,2407.835,"Mount",0.049,0.053,0.024,-0.068,0.157,-0.024,90,W,10,N,,,359972,142.15,0
1059,2410.274,"Mount",0.023,-0.044,-0.049,0.000,0.143,0.000,82,W,0,,,,363620,150.18,0
1060,2412.380,"Mount",0.019,-0.034,-0.039,-0.001,0.123,0.000,70,W,0,,,,355675,144.03,0
1061,2414.755,"Mount",0.052,-0.188,-0.191,0.041,0.017,0.000,10,W,0,,,,356057,160.45,0
1062,2416.851,"Mount",0.092,-0.094,-0.126,-0.038,0.015,0.000,8,W,0,,,,364588,163.05,0
1063,2419.145,"Mount",0.066,-0.052,-0.077,-0.035,0.012,0.000,7,W,0,,,,349776,132.94,0
1064,2421.252,"Mount",0.066,-0.149,-0.163,0.010,-0.043,0.000,25,E,0,,,,354879,139.50,0
1065,2423.704,"Mount",0.113,-0.060,-0.106,-0.072,-0.039,-0.026,22,E,11,N,,,365149,145.34,0
1066,2425.770,"Mount",0.054,0.002,-0.023,-0.048,-0.009,0.000,5,E,0,,,,361380,130.84,0
1067,2428.125,"Mount",-0.020,-0.016,-0.005,0.025,-0.025,0.000,14,E,0,,,,368176,141.23,0
1068,2430.262,"Mount",0.044,-0.077,-0.088,-0.003,-0.064,0.000,37,E,0,,,,375649,136.13,0
1069,2432.651,"Mount",-0.066,-0.039,-0.004,0.077,-0.025,0.028,14,E,12,S,,,382500,165.97,0
1070,2434.792,"Mount",-0.010,-0.034,-0.025,0.025,-0.033,0.000,19,E,0,,,,389696,170.00,0
1071,2437.139,"Mount",0.102,-0.167,-0.195,-0.013,-0.122,0.000,70,E,0,,,,386025,139.60,0
1072,2439.236,"Mount",0.038,-0.011,-0.028,-0.029,-0.019,0.000,11,E,0,,,,380747,134.66,0
1073,2441.535,"Mount",-0.075,0.060,0.088,0.039,0.035,0.000,20,W,0,,,,382990,153.11,0
1074,2445.938,"Mount",-0.053,-0.004,0.021,0.049,0.013,0.000,7,W,0,,,,368455,138.17,0
1075,2448.300,"Mount",-0.029,0.051,0.058,0.002,0.019,0.000,11,W,0,,,,365209,136.43,0
Guiding Ends at 2026-05-13 22:43:09

Guiding Begins at 2026-05-13 22:45:37
Equipment Profile = 60mmGuide
Dither = both axes, Dither scale = 1.000, Image noise reduction = none, Guide-frame time lapse = 0, Server enabled
Pixel scale = 3.22 arc-sec/px, Binning = 1, Focal length = 240 mm
Search region = 25 px, Star mass tolerance = 50.0%, Multi-star mode, list size = 12
 Camera = ZWO ASI120MM Mini, gain = 37, full size = 1280 x 960, have dark, dark dur = 2000, no defect map, pixel size = 3.8 um
Exposure = 2000 ms
Mount = iOptron CEM120,70,40,26, GEM, HEM, HAE, HAZ series and SkyHunter Mount (ASCOM), connected, guiding enabled, xAngle = 117.4, xRate = 1.749, yAngle = -152.7, yRate = 2.338, parity = +/+
Norm rates RA = 8.3"/s @ dec 0, Dec = 7.5"/s; ortho.err. = 0.1 deg
X guide algorithm = Predictive PEC, Control gain = 0.450
Prediction gain = 0.750
Minimum move = 0.060
Hyperparameters
	Length scale long range SE kernel = 700.000
	Signal variance long range SE kernel = 20.000
	Length scale periodic kernel = 10.000
	Signal variance periodic kernel = 20.000
	Length scale short range SE kernel = 25.000
	Signal variance short range SE kernel = 10.000
	Period length periodic kernel = 348.000
	FFT called after = 2.000 worm cycles
	Auto-adjust period length = Off
Y guide algorithm = Hysteresis, Hysteresis = 0.100, Aggression = 0.400, Minimum move = 0.060
Backlash comp = disabled, pulse = 100 ms
Max RA duration = 2500, Max DEC duration = 2500, DEC guide mode = Auto
RA Guide Speed = 7.5 a-s/s, Dec Guide Speed = 7.5 a-s/s, Cal Dec = 0.0, Last Cal Issue = None, Timestamp = 7/29/2025 9:33:42 PM
RA = 13.52 hr, Dec = 47.1 deg, Hour angle = -0.92 hr, Pier side = West, Rotator pos = N/A, Alt = 71.2 deg, Az = 30.4 deg
Lock position = 316.218, 66.814, Star position = 316.218, 66.814, HFD = 4.67 px
Frame,Time,mount,dx,dy,RARawDistance,DECRawDistance,RAGuideDistance,DECGuideDistance,RADuration,RADirection,DECDuration,DECDirection,XStep,YStep,StarMass,SNR,ErrorCode
INFO: SETTLING STATE CHANGE, Settling started
1,2.257,"Mount",0.062,-0.112,-0.128,-0.003,-0.058,0.000,33,E,0,,,,396098,125.16,0
2,4.705,"Mount",0.113,-0.365,-0.376,0.068,-0.169,0.025,97,E,10,S,,,398528,139.52,0
3,6.992,"Mount",-0.040,-0.439,-0.372,0.238,-0.167,0.087,96,E,37,S,,,403643,133.09,0
4,9.460,"Mount",-0.019,-0.349,-0.301,0.178,-0.136,0.068,77,E,29,S,,,411004,128.51,0
5,11.661,"Mount",0.014,-0.201,-0.184,0.081,-0.083,0.032,47,E,14,S,,,427135,169.45,0
6,14.100,"Mount",0.181,-0.208,-0.268,-0.064,-0.121,-0.022,69,E,9,N,,,409526,136.31,0
7,16.242,"Mount",0.069,-0.165,-0.178,0.015,-0.080,0.000,46,E,0,,,,416698,144.01,0
8,18.666,"Mount",0.319,-0.228,-0.349,-0.178,-0.157,-0.064,90,E,27,N,,,412921,142.52,0
9,20.799,"Mount",0.137,-0.182,-0.224,-0.037,-0.101,0.000,58,E,0,,,,405309,151.64,0
INFO: SETTLING STATE CHANGE, Settling complete
10,23.193,"Mount",-0.002,-0.129,-0.113,0.061,-0.051,0.022,29,E,9,S,,,394518,126.18,0
11,25.401,"Mount",0.119,-0.064,-0.112,-0.076,-0.128,-0.027,73,E,11,N,,,411292,152.85,0
12,27.807,"Mount",-0.050,-0.081,-0.049,0.082,-0.063,0.029,36,E,12,S,,,411052,170.88,0
13,29.955,"Mount",0.019,-0.063,-0.065,0.013,-0.082,0.000,47,E,0,,,,412072,151.99,0
14,32.293,"Mount",-0.020,0.108,0.105,-0.032,-0.005,0.000,3,E,0,,,,405515,130.96,0
15,34.386,"Mount",-0.011,0.121,0.112,-0.046,0.010,0.000,6,W,0,,,,410843,150.82,0
16,36.732,"Mount",0.021,-0.046,-0.051,0.002,-0.033,0.000,19,E,0,,,,421127,155.87,0
17,38.845,"Mount",0.001,-0.014,-0.013,0.005,-0.029,0.000,16,E,0,,,,417272,133.85,0
18,41.178,"Mount",-0.012,-0.018,-0.010,0.019,-0.024,0.000,14,E,0,,,,425942,159.50,0
19,43.303,"Mount",0.083,-0.063,-0.094,-0.044,-0.070,0.000,40,E,0,,,,407455,143.91,0
20,45.641,"Mount",0.022,0.024,0.011,-0.031,-0.027,0.000,15,E,0,,,,410997,131.17,0
21,47.747,"Mount",-0.017,0.051,0.053,-0.009,-0.027,0.000,16,E,0,,,,413340,151.22,0
22,50.134,"Mount",0.061,0.118,0.076,-0.109,0.009,-0.039,5,W,17,N,,,425339,149.91,0
23,52.279,"Mount",-0.138,0.149,0.196,0.054,0.076,0.000,43,W,0,,,,404023,152.25,0
24,54.654,"Mount",-0.047,0.045,0.062,0.021,0.025,0.000,15,W,0,,,,416741,133.13,0
25,56.789,"Mount",-0.026,0.021,0.030,0.013,0.007,0.000,4,W,0,,,,404304,129.10,0
26,59.234,"Mount",-0.069,0.136,0.153,-0.002,0.078,0.000,45,W,0,,,,432331,162.52,0
27,61.384,"Mount",-0.045,0.050,0.065,0.017,0.052,0.000,30,W,0,,,,419999,164.11,0
28,63.773,"Mount",0.093,0.036,-0.011,-0.099,0.048,-0.036,27,W,15,N,,,419918,136.49,0
29,65.964,"Mount",-0.053,0.082,0.097,0.009,0.112,0.000,64,W,0,,,,418314,140.94,0
30,68.353,"Mount",-0.058,0.061,0.081,0.023,0.120,0.000,69,W,0,,,,407398,137.98,0
31,70.481,"Mount",-0.012,0.042,0.043,-0.009,0.094,0.000,54,W,0,,,,409167,152.74,0
32,72.972,"Mount",0.029,0.135,0.107,-0.088,0.164,-0.032,94,W,14,N,,,423572,146.83,0
33,75.165,"Mount",-0.060,0.085,0.103,0.014,0.174,0.000,100,W,0,,,,410515,138.24,0
34,77.579,"Mount",-0.045,0.034,0.051,0.024,0.141,0.000,80,W,0,,,,418835,145.32,0
35,79.768,"Mount",-0.043,0.060,0.073,0.011,0.170,0.000,97,W,0,,,,423867,139.51,0
36,82.194,"Mount",-0.080,0.040,0.072,0.053,0.189,0.000,108,W,0,,,,430705,160.53,0
37,84.445,"Mount",-0.057,-0.043,-0.012,0.070,0.150,0.025,85,W,11,S,,,397103,123.96,0
38,86.874,"Mount",-0.015,0.018,0.023,0.005,0.148,0.000,84,W,0,,,,409782,130.00,0
39,89.057,"Mount",-0.036,-0.032,-0.012,0.046,0.137,0.000,79,W,0,,,,419639,157.29,0
40,91.431,"Mount",0.004,-0.017,-0.017,0.005,0.129,0.000,74,W,0,,,,400488,147.35,0
41,93.595,"Mount",0.043,-0.055,-0.068,-0.013,0.082,0.000,47,W,0,,,,395273,135.75,0
42,96.016,"Mount",0.009,-0.112,-0.103,0.044,0.052,0.000,29,W,0,,,,387752,139.81,0
43,98.191,"Mount",0.058,-0.060,-0.080,-0.024,0.037,0.000,21,W,0,,,,393040,148.04,0
44,100.512,"Mount",0.002,-0.012,-0.011,0.004,0.054,0.000,31,W,0,,,,397461,124.15,0
45,102.677,"Mount",0.095,-0.050,-0.088,-0.061,-0.008,-0.022,4,E,9,N,,,385040,134.50,0
46,105.096,"Mount",0.259,-0.252,-0.343,-0.113,-0.138,-0.042,79,E,18,N,,,393397,130.81,0
47,107.210,"Mount",-0.055,0.166,0.173,-0.027,0.089,0.000,51,W,0,,,,418279,155.72,0
48,109.509,"Mount",-0.038,-0.046,-0.023,0.055,-0.001,0.000,1,E,0,,,,426651,155.37,0
49,111.569,"Mount",-0.030,-0.046,-0.026,0.048,-0.013,0.000,7,E,0,,,,393398,142.04,0
50,113.896,"Mount",-0.050,-0.012,0.012,0.050,-0.010,0.000,6,E,0,,,,412105,159.09,0
51,115.996,"Mount",0.066,-0.069,-0.092,-0.027,-0.052,0.000,29,E,0,,,,387377,136.67,0
52,118.329,"Mount",0.060,-0.038,-0.061,-0.036,-0.039,0.000,22,E,0,,,,399321,135.87,0
53,120.399,"Mount",-0.098,0.080,0.116,0.051,0.044,0.000,25,W,0,,,,401418,152.46,0
54,122.787,"Mount",-0.090,0.064,0.098,0.050,0.059,0.000,33,W,0,,,,375350,134.13,0
55,124.969,"Mount",-0.140,0.038,0.098,0.107,0.081,0.038,46,W,16,S,,,402399,141.62,0
56,127.382,"Mount",-0.182,0.262,0.316,0.041,0.206,0.000,118,W,0,,,,381827,127.74,0
57,129.620,"Mount",-0.120,0.231,0.261,-0.001,0.208,0.000,119,W,0,,,,408026,152.77,0
58,132.175,"Mount",-0.083,0.345,0.344,-0.086,0.285,-0.031,163,W,13,N,,,397064,148.76,0
59,134.454,"Mount",0.005,0.130,0.113,-0.064,0.213,-0.024,122,W,10,N,,,409985,127.97,0
60,136.923,"Mount",-0.035,0.140,0.141,-0.034,0.251,0.000,143,W,0,,,,426541,166.14,0
61,139.170,"Mount",0.004,0.101,0.088,-0.050,0.237,0.000,136,W,0,,,,409556,137.76,0
62,141.579,"Mount",-0.059,0.018,0.043,0.044,0.199,0.000,114,W,0,,,,400817,126.31,0
63,143.892,"Mount",-0.201,0.173,0.246,0.098,0.302,0.035,172,W,15,S,,,386252,132.47,0
64,146.314,"Mount",0.007,0.067,0.056,-0.038,0.203,0.000,116,W,0,,,,411659,142.25,0
65,148.564,"Mount",0.072,0.041,0.003,-0.083,0.190,-0.030,109,W,13,N,,,408187,130.62,0
66,151.057,"Mount",-0.074,0.008,0.041,0.062,0.182,0.021,104,W,9,S,,,412281,128.64,0
67,153.372,"Mount",0.103,-0.031,-0.075,-0.077,0.139,-0.027,79,W,11,N,,,423663,135.26,0
68,155.748,"Mount",-0.027,0.046,0.054,0.003,0.165,0.000,94,W,0,,,,422421,139.86,0
69,157.923,"Mount",-0.027,-0.000,0.012,0.024,0.142,0.000,81,W,0,,,,417036,132.76,0
70,160.373,"Mount",-0.029,-0.167,-0.135,0.103,0.074,0.037,42,W,16,S,,,401846,131.27,0
71,162.504,"Mount",-0.001,-0.045,-0.040,0.022,0.112,0.000,64,W,0,,,,404099,132.89,0
72,164.835,"Mount",0.069,-0.151,-0.165,0.008,0.014,0.000,8,W,0,,,,413705,136.15,0
73,166.951,"Mount",0.005,-0.073,-0.067,0.029,0.033,0.000,19,W,0,,,,405709,140.66,0
74,169.274,"Mount",0.042,-0.118,-0.124,0.017,-0.009,0.000,5,E,0,,,,407138,134.19,0
75,171.498,"Mount",0.091,-0.311,-0.317,0.063,-0.111,0.023,63,E,10,S,,,423036,158.08,0
76,173.829,"Mount",0.053,-0.050,-0.069,-0.024,-0.017,0.000,10,E,0,,,,408361,144.95,0
77,176.056,"Mount",0.184,-0.056,-0.135,-0.137,-0.070,-0.049,40,E,21,N,,,399141,130.32,0
78,178.415,"Mount",0.097,-0.093,-0.127,-0.043,-0.072,0.000,41,E,0,,,,423271,152.81,0
79,180.494,"Mount",-0.001,-0.035,-0.031,0.017,-0.023,0.000,13,E,0,,,,427613,145.30,0
80,182.872,"Mount",0.013,-0.116,-0.109,0.042,-0.081,0.000,46,E,0,,,,404591,141.71,0
81,184.996,"Mount",-0.018,-0.047,-0.033,0.037,-0.037,0.000,21,E,0,,,,412992,141.17,0
82,187.426,"Mount",0.008,-0.103,-0.095,0.040,-0.079,0.000,45,E,0,,,,394527,132.47,0
83,189.518,"Mount",0.034,-0.043,-0.054,-0.010,-0.015,0.000,9,E,0,,,,395523,129.68,0
84,191.912,"Mount",-0.074,0.035,0.065,0.049,0.027,0.000,15,W,0,,,,425290,153.68,0
85,194.020,"Mount",0.002,0.032,0.028,-0.017,0.009,0.000,5,W,0,,,,398233,134.62,0
86,196.314,"Mount",-0.025,0.038,0.045,0.004,0.015,0.000,9,W,0,,,,404003,125.95,0
87,198.491,"Mount",0.015,0.111,0.091,-0.065,0.062,-0.023,35,W,10,N,,,419406,145.61,0
88,200.840,"Mount",-0.017,0.030,0.035,0.001,0.030,0.000,17,W,0,,,,422128,136.84,0
89,202.947,"Mount",-0.020,-0.044,-0.030,0.038,0.033,0.000,19,W,0,,,,418827,142.28,0
90,205.337,"Mount",-0.070,-0.019,0.015,0.071,0.035,0.026,20,W,11,S,,,410834,136.99,0
91,207.530,"Mount",0.006,0.018,0.014,-0.013,0.036,0.000,20,W,0,,,,406748,121.79,0
92,209.829,"Mount",0.033,0.034,0.015,-0.045,0.027,0.000,16,W,0,,,,419388,142.64,0
93,211.958,"Mount",-0.036,-0.002,0.015,0.032,0.025,0.000,14,W,0,,,,404058,133.80,0
94,214.257,"Mount",-0.022,0.001,0.011,0.019,0.022,0.000,12,W,0,,,,388499,124.61,0
95,216.406,"Mount",0.020,-0.001,-0.010,-0.017,0.016,0.000,9,W,0,,,,415502,123.61,0
96,218.717,"Mount",-0.001,-0.029,-0.025,0.014,0.007,0.000,4,W,0,,,,409075,129.47,0
97,220.928,"Mount",-0.006,-0.154,-0.134,0.076,-0.065,0.027,37,E,12,S,,,413613,133.44,0
98,223.252,"Mount",0.030,0.040,0.022,-0.045,-0.014,0.000,8,E,0,,,,422858,153.35,0
99,225.355,"Mount",0.083,-0.043,-0.076,-0.054,-0.052,0.000,30,E,0,,,,418844,135.22,0
100,227.691,"Mount",0.045,-0.109,-0.117,0.011,-0.077,0.000,44,E,0,,,,418322,140.93,0
101,229.787,"Mount",0.038,-0.018,-0.033,-0.025,-0.022,0.000,13,E,0,,,,422793,139.19,0
102,232.108,"Mount",-0.027,-0.001,0.012,0.024,-0.021,0.000,12,E,0,,,,404905,130.07,0
103,234.191,"Mount",0.002,0.033,0.028,-0.017,-0.016,0.000,9,E,0,,,,412019,128.69,0
104,236.491,"Mount",-0.071,0.069,0.094,0.031,0.033,0.000,19,W,0,,,,402005,135.22,0
105,238.684,"Mount",0.077,0.012,-0.025,-0.073,0.005,-0.026,3,W,11,N,,,414677,139.52,0
106,241.005,"Mount",-0.075,0.068,0.095,0.035,0.053,0.000,31,W,0,,,,401510,127.42,0
107,243.118,"Mount",-0.018,0.107,0.104,-0.034,0.059,0.000,34,W,0,,,,406720,151.59,0
108,245.414,"Mount",-0.035,0.094,0.099,-0.012,0.068,0.000,39,W,0,,,,418703,153.20,0
109,247.515,"Mount",-0.045,0.022,0.040,0.029,0.027,0.000,15,W,0,,,,430320,145.34,0
110,249.840,"Mount",-0.025,0.029,0.037,0.009,0.033,0.000,19,W,0,,,,407603,133.16,0
111,251.944,"Mount",-0.041,0.048,0.062,0.014,0.059,0.000,34,W,0,,,,401943,135.61,0
112,254.344,"Mount",-0.086,0.030,0.066,0.062,0.059,0.022,34,W,10,S,,,403385,136.21,0
113,256.427,"Mount",0.051,-0.027,-0.048,-0.032,0.023,0.000,13,W,0,,,,428879,141.47,0
114,258.763,"Mount",0.000,0.002,0.002,-0.001,0.020,0.000,11,W,0,,,,414814,136.82,0
115,260.907,"Mount",-0.034,0.123,0.125,-0.026,0.072,0.000,41,W,0,,,,421754,139.82,0
116,263.242,"Mount",0.034,0.041,0.021,-0.049,0.009,0.000,5,W,0,,,,424420,136.61,0
117,265.411,"Mount",0.092,-0.094,-0.126,-0.038,-0.059,0.000,34,E,0,,,,412162,139.25,0
118,267.725,"Mount",-0.001,-0.053,-0.047,0.025,-0.016,0.000,9,E,0,,,,418072,147.67,0
119,269.877,"Mount",0.049,-0.096,-0.108,0.001,-0.087,0.000,50,E,0,,,,416894,130.02,0
120,272.285,"Mount",0.120,-0.046,-0.096,-0.086,-0.094,-0.031,54,E,13,N,,,413291,136.08,0
121,274.456,"Mount",0.106,-0.090,-0.129,-0.053,-0.119,0.000,68,E,0,,,,425346,147.48,0
122,276.897,"Mount",0.082,-0.011,-0.047,-0.067,-0.086,-0.024,49,E,10,N,,,416105,125.44,0
123,279.060,"Mount",0.011,-0.118,-0.109,0.045,-0.156,0.000,89,E,0,,,,424619,139.42,0
124,281.494,"Mount",-0.047,-0.045,-0.018,0.063,-0.124,0.023,71,E,10,S,,,421907,141.16,0
125,283.658,"Mount",-0.017,-0.045,-0.032,0.036,-0.122,0.000,70,E,0,,,,423517,154.59,0
126,286.224,"Mount",0.072,0.027,-0.009,-0.077,-0.129,-0.028,74,E,12,N,,,406471,136.45,0
127,288.393,"Mount",0.047,-0.009,-0.030,-0.037,-0.129,0.000,74,E,0,,,,409502,137.49,0
128,290.769,"Mount",0.007,-0.047,-0.044,0.016,-0.116,0.000,66,E,0,,,,427022,136.45,0
129,292.865,"Mount",-0.016,0.046,0.048,-0.007,-0.104,0.000,59,E,0,,,,416690,137.23,0
130,295.287,"Mount",-0.059,-0.035,-0.004,0.068,-0.099,0.025,57,E,10,S,,,400226,132.25,0
131,297.376,"Mount",-0.030,0.123,0.122,-0.030,-0.024,0.000,14,E,0,,,,420837,145.13,0
132,299.726,"Mount",-0.151,0.197,0.244,0.044,0.050,0.000,28,W,0,,,,408315,122.48,0
133,301.867,"Mount",0.002,0.055,0.048,-0.027,-0.043,0.000,25,E,0,,,,425679,158.09,0
134,304.288,"Mount",0.052,0.071,0.039,-0.079,-0.036,-0.029,21,E,12,N,,,380988,125.59,0
135,306.446,"Mount",0.025,0.112,0.088,-0.074,0.005,-0.028,3,W,12,N,,,406553,145.46,0
136,308.803,"Mount",-0.024,0.022,0.031,0.011,-0.030,0.000,17,E,0,,,,410476,134.85,0
137,310.986,"Mount",-0.068,-0.027,0.007,0.073,-0.028,0.026,16,E,11,S,,,410307,146.63,0
138,313.399,"Mount",-0.087,-0.053,-0.007,0.101,-0.039,0.037,22,E,16,S,,,401730,129.57,0
139,315.589,"Mount",0.085,-0.023,-0.060,-0.064,-0.044,-0.022,25,E,9,N,,,404380,124.14,0
140,317.947,"Mount",0.016,-0.030,-0.034,-0.000,-0.054,0.000,31,E,0,,,,407773,153.85,0
141,320.117,"Mount",0.069,-0.103,-0.124,-0.014,-0.112,0.000,64,E,0,,,,397905,134.23,0
142,322.502,"Mount",0.060,-0.232,-0.234,0.054,-0.162,0.000,93,E,0,,,,402163,143.44,0
143,324.836,"Mount",0.135,-0.065,-0.120,-0.090,-0.129,-0.032,74,E,14,N,,,393170,145.22,0
144,327.225,"Mount",0.062,-0.136,-0.149,0.008,-0.171,0.000,98,E,0,,,,389923,134.96,0
145,329.418,"Mount",0.009,-0.132,-0.122,0.053,-0.179,0.000,102,E,0,,,,386196,146.19,0
146,331.907,"Mount",-0.037,-0.090,-0.063,0.074,-0.179,0.027,102,E,11,S,,,395032,148.15,0
147,334.203,"Mount",0.006,-0.184,-0.166,0.079,-0.233,0.030,133,E,13,S,,,381932,137.54,0
148,336.590,"Mount",-0.004,-0.068,-0.059,0.035,-0.175,0.000,100,E,0,,,,398184,140.04,0
149,338.897,"Mount",0.208,-0.320,-0.379,-0.037,-0.354,0.000,202,E,0,,,,392497,134.39,0
150,341.429,"Mount",0.131,-0.116,-0.163,-0.063,-0.267,-0.023,153,E,10,N,,,410560,153.30,0
151,343.705,"Mount",0.020,0.020,0.009,-0.027,-0.189,0.000,108,E,0,,,,411798,139.31,0
152,346.142,"Mount",-0.018,-0.045,-0.031,0.036,-0.202,0.000,115,E,0,,,,385261,128.47,0
153,348.319,"Mount",-0.006,-0.004,-0.001,0.007,-0.181,0.000,104,E,0,,,,399424,136.99,0
154,350.733,"Mount",-0.001,-0.018,-0.016,0.009,-0.182,0.000,104,E,0,,,,395356,126.68,0
155,352.914,"Mount",0.035,0.003,-0.014,-0.032,-0.179,0.000,102,E,0,,,,392775,140.67,0
156,355.340,"Mount",0.015,0.060,0.046,-0.041,-0.195,0.000,111,E,0,,,,387511,117.64,0
157,357.546,"Mount",0.019,-0.036,-0.041,-0.000,-0.175,0.000,100,E,0,,,,405606,127.36,0
158,359.977,"Mount",0.011,0.023,0.015,-0.020,-0.177,0.000,101,E,0,,,,414055,168.14,0
159,362.151,"Mount",0.003,0.094,0.082,-0.047,-0.109,0.000,62,E,0,,,,388989,144.59,0
160,364.547,"Mount",0.199,0.289,0.165,-0.310,-0.072,-0.111,41,E,48,N,,,386371,131.56,0
161,366.831,"Mount",-0.168,0.105,0.171,0.101,-0.040,0.032,23,E,14,S,,,385688,125.18,0
162,369.145,"Mount",-0.080,0.115,0.139,0.018,-0.039,0.000,23,E,0,,,,412826,140.62,0
163,371.295,"Mount",-0.038,0.027,0.041,0.021,-0.081,0.000,46,E,0,,,,401900,135.75,0
164,373.660,"Mount",-0.117,0.046,0.094,0.082,-0.022,0.030,13,E,13,S,,,392688,134.74,0
165,375.754,"Mount",-0.048,0.054,0.070,0.018,-0.015,0.000,8,E,0,,,,382242,141.42,0
166,378.032,"Mount",-0.064,0.050,0.074,0.034,-0.009,0.000,5,E,0,,,,390209,156.65,0
167,380.174,"Mount",-0.031,-0.016,-0.000,0.035,-0.043,0.000,24,E,0,,,,402027,132.60,0
168,382.536,"Mount",-0.164,0.056,0.125,0.120,0.020,0.043,12,W,18,S,,,389106,140.23,0
169,384.642,"Mount",-0.091,0.059,0.094,0.054,0.005,0.000,3,W,0,,,,408033,136.98,0
170,386.927,"Mount",-0.082,0.062,0.093,0.044,0.012,0.000,7,W,0,,,,395122,162.05,0
171,389.007,"Mount",-0.068,0.077,0.099,0.025,0.020,0.000,12,W,0,,,,386950,134.43,0
172,391.309,"Mount",-0.028,0.049,0.056,0.003,-0.026,0.000,15,E,0,,,,393713,144.71,0
173,393.430,"Mount",-0.063,0.103,0.121,0.008,0.031,0.000,18,W,0,,,,374449,135.34,0
174,395.733,"Mount",-0.023,0.118,0.116,-0.034,0.030,0.000,17,W,0,,,,390755,155.64,0
175,397.844,"Mount",0.011,0.085,0.070,-0.049,0.012,0.000,7,W,0,,,,379968,132.81,0
176,400.129,"Mount",0.008,0.058,0.048,-0.034,-0.010,0.000,6,E,0,,,,359877,134.71,0
177,402.317,"Mount",-0.098,0.017,0.060,0.079,0.028,0.028,16,W,12,S,,,378627,123.09,0
178,404.707,"Mount",-0.201,0.377,0.427,0.004,0.203,0.000,116,W,0,,,,375435,135.89,0
179,406.829,"Mount",-0.064,0.214,0.220,-0.042,0.108,0.000,62,W,0,,,,360528,129.10,0
180,409.247,"Mount",-0.082,0.010,0.047,0.068,0.028,0.025,16,W,11,S,,,377801,142.77,0
181,411.407,"Mount",-0.059,0.128,0.141,-0.007,0.113,0.000,65,W,0,,,,379463,137.16,0
182,413.798,"Mount",-0.045,0.030,0.047,0.026,0.082,0.000,47,W,0,,,,373267,138.15,0
183,416.072,"Mount",-0.131,0.199,0.237,0.024,0.194,0.000,111,W,0,,,,358990,128.48,0
184,418.475,"Mount",-0.019,0.135,0.128,-0.046,0.167,0.000,96,W,0,,,,382448,153.05,0
185,420.675,"Mount",-0.040,0.065,0.076,0.006,0.151,0.000,86,W,0,,,,384091,149.91,0
186,423.075,"Mount",-0.029,0.068,0.073,-0.006,0.169,0.000,97,W,0,,,,390950,158.75,0
187,425.277,"Mount",-0.116,0.051,0.099,0.079,0.177,0.028,101,W,12,S,,,383320,145.64,0
188,427.728,"Mount",-0.015,0.111,0.105,-0.038,0.193,0.000,110,W,0,,,,371994,135.53,0
189,429.935,"Mount",-0.028,0.082,0.085,-0.013,0.194,0.000,111,W,0,,,,371933,125.08,0
190,432.306,"Mount",0.073,-0.015,-0.047,-0.058,0.154,0.000,88,W,0,,,,375963,129.91,0
191,434.508,"Mount",0.100,0.081,0.026,-0.126,0.142,-0.045,81,W,19,N,,,397225,145.52,0
192,436.884,"Mount",0.077,-0.078,-0.105,-0.032,0.093,0.000,53,W,0,,,,392268,141.27,0
193,439.058,"Mount",0.026,0.020,0.006,-0.032,0.120,0.000,69,W,0,,,,389819,132.11,0
194,441.457,"Mount",0.031,0.005,-0.009,-0.030,0.110,0.000,63,W,0,,,,373135,122.82,0
195,443.601,"Mount",-0.010,-0.027,-0.020,0.022,0.084,0.000,48,W,0,,,,351690,131.31,0
196,445.948,"Mount",-0.009,-0.080,-0.067,0.045,0.033,0.000,19,W,0,,,,369239,120.19,0
197,448.131,"Mount",0.086,-0.034,-0.070,-0.060,0.025,-0.022,14,W,9,N,,,380811,132.85,0
198,450.498,"Mount",-0.044,-0.088,-0.058,0.079,0.039,0.028,22,W,12,S,,,376239,123.83,0
199,452.605,"Mount",0.021,-0.114,-0.111,0.034,-0.029,0.000,16,E,0,,,,383728,123.31,0
200,454.937,"Mount",0.112,-0.092,-0.133,-0.057,-0.043,0.000,24,E,0,,,,384243,155.59,0
201,457.123,"Mount",0.016,-0.100,-0.096,0.032,-0.040,0.000,23,E,0,,,,388312,140.63,0
202,459.417,"Mount",-0.038,0.007,0.023,0.030,-0.008,0.000,5,E,0,,,,380930,133.02,0
203,461.554,"Mount",0.057,-0.087,-0.104,-0.011,-0.062,0.000,35,E,0,,,,391459,149.93,0
204,463.866,"Mount",-0.008,-0.055,-0.045,0.032,-0.017,0.000,9,E,0,,,,389590,154.31,0
205,465.961,"Mount",-0.026,-0.053,-0.035,0.048,-0.016,0.000,9,E,0,,,,393150,146.10,0
206,468.312,"Mount",0.015,-0.055,-0.056,0.012,-0.008,0.000,5,E,0,,,,374542,115.24,0
207,470.427,"Mount",-0.032,0.100,0.103,-0.018,0.059,0.000,33,W,0,,,,390201,151.45,0
208,472.945,"Mount",0.036,0.092,0.065,-0.074,0.076,-0.027,43,W,11,N,,,379544,157.66,0
209,475.226,"Mount",-0.033,0.183,0.178,-0.055,0.154,0.000,88,W,0,,,,386012,126.12,0
210,477.628,"Mount",-0.200,0.278,0.339,0.050,0.261,0.000,149,W,0,,,,383901,138.52,0
211,479.806,"Mount",-0.078,0.093,0.118,0.026,0.193,0.000,110,W,0,,,,382946,126.48,0
212,482.303,"Mount",-0.065,-0.006,0.024,0.061,0.169,0.022,97,W,9,S,,,391221,145.26,0
213,484.523,"Mount",-0.038,0.201,0.196,-0.059,0.264,0.000,151,W,0,,,,384979,149.53,0
214,487.036,"Mount",-0.103,0.047,0.089,0.070,0.235,0.025,134,W,11,S,,,360713,137.65,0
215,489.315,"Mount",-0.103,0.047,0.089,0.069,0.221,0.026,126,W,11,S,,,371978,137.56,0
216,491.881,"Mount",-0.076,0.248,0.255,-0.047,0.299,0.000,171,W,0,,,,358768,135.97,0
217,494.094,"Mount",-0.050,0.074,0.089,0.010,0.224,0.000,128,W,0,,,,360128,140.84,0
218,496.563,"Mount",0.041,0.066,0.040,-0.067,0.192,-0.024,110,W,10,N,,,365695,130.85,0
219,498.768,"Mount",0.010,0.024,0.017,-0.020,0.180,0.000,103,W,0,,,,359509,148.02,0
220,501.122,"Mount",0.060,-0.160,-0.170,0.021,0.099,0.000,56,W,0,,,,354843,133.43,0
221,503.308,"Mount",0.039,0.031,0.009,-0.049,0.164,0.000,94,W,0,,,,365713,130.16,0
222,505.678,"Mount",-0.030,0.046,0.055,0.005,0.151,0.000,86,W,0,,,,364169,138.79,0
223,507.902,"Mount",0.093,-0.024,-0.064,-0.071,0.097,-0.026,55,W,11,N,,,354538,135.11,0
224,510.264,"Mount",0.017,-0.004,-0.012,-0.013,0.122,0.000,70,W,0,,,,341591,125.33,0
225,512.372,"Mount",0.062,-0.108,-0.125,-0.005,0.031,0.000,18,W,0,,,,340400,124.68,0
226,514.702,"Mount",0.155,-0.169,-0.222,-0.060,-0.023,0.000,13,E,0,,,,362815,135.59,0
227,517.049,"Mount",0.190,-0.529,-0.557,0.076,-0.200,0.027,114,E,12,S,,,360088,137.07,0
228,519.453,"Mount",0.060,-0.318,-0.310,0.094,-0.109,0.035,62,E,15,S,,,375375,151.88,0
229,521.611,"Mount",0.073,0.015,-0.020,-0.072,0.008,-0.025,5,W,11,N,,,378063,136.57,0
230,523.913,"Mount",-0.047,-0.018,0.006,0.050,-0.012,0.000,7,E,0,,,,363006,143.99,0
231,525.998,"Mount",0.052,-0.076,-0.091,-0.011,-0.071,0.000,41,E,0,,,,373181,132.56,0
232,528.350,"Mount",0.048,-0.117,-0.126,0.011,-0.091,0.000,52,E,0,,,,386133,145.47,0
233,530.429,"Mount",0.015,-0.092,-0.088,0.029,-0.075,0.000,43,E,0,,,,376173,129.07,0
234,532.773,"Mount",0.026,0.005,-0.008,-0.025,-0.043,0.000,25,E,0,,,,380286,156.59,0
235,534.916,"Mount",-0.125,-0.030,0.031,0.125,-0.027,0.045,15,E,19,S,,,378261,149.76,0
236,537.221,"Mount",0.026,-0.007,-0.018,-0.020,-0.015,0.000,9,E,0,,,,369405,137.43,0
237,539.329,"Mount",0.026,0.040,0.023,-0.042,0.002,0.000,1,W,0,,,,370924,150.88,0
238,541.726,"Mount",-0.028,0.118,0.118,-0.029,0.070,0.000,40,W,0,,,,379580,151.14,0
239,543.883,"Mount",0.101,0.047,-0.005,-0.111,0.021,-0.040,12,W,17,N,,,361739,140.39,0
240,546.209,"Mount",-0.001,-0.015,-0.013,0.008,0.026,0.000,15,W,0,,,,361701,135.51,0
241,548.333,"Mount",0.089,-0.096,-0.127,-0.034,-0.028,0.000,16,E,0,,,,360516,132.46,0
242,550.671,"Mount",-0.060,0.010,0.036,0.049,0.034,0.000,20,W,0,,,,359007,135.19,0
243,552.838,"Mount",-0.087,0.114,0.141,0.024,0.097,0.000,56,W,0,,,,361616,146.56,0
244,555.171,"Mount",0.058,-0.026,-0.050,-0.039,0.034,0.000,19,W,0,,,,374670,145.62,0
245,557.289,"Mount",0.011,-0.028,-0.030,0.003,0.027,0.000,15,W,0,,,,347991,143.54,0
246,559.639,"Mount",0.048,-0.010,-0.031,-0.038,0.024,0.000,14,W,0,,,,362109,146.81,0
247,561.752,"Mount",0.004,-0.016,-0.016,0.004,0.019,0.000,11,W,0,,,,355489,136.10,0
248,564.072,"Mount",0.049,0.001,-0.022,-0.044,0.017,0.000,10,W,0,,,,350463,129.26,0
249,566.260,"Mount",0.169,-0.010,-0.087,-0.145,-0.031,-0.052,17,E,22,N,,,350824,130.21,0
250,568.633,"Mount",-0.003,-0.076,-0.066,0.037,-0.035,0.000,20,E,0,,,,351598,128.14,0
251,570.733,"Mount",-0.041,0.007,0.025,0.033,-0.010,0.000,5,E,0,,,,339542,133.51,0
252,573.101,"Mount",0.018,-0.149,-0.141,0.053,-0.079,0.000,45,E,0,,,,346437,132.92,0
253,575.275,"Mount",-0.055,-0.096,-0.060,0.093,-0.020,0.034,11,E,14,S,,,354734,130.72,0
254,577.617,"Mount",0.023,-0.080,-0.082,0.016,-0.061,0.000,35,E,0,,,,345834,136.75,0
255,579.730,"Mount",-0.017,-0.024,-0.013,0.026,-0.021,0.000,12,E,0,,,,323915,126.95,0
256,582.162,"Mount",0.077,-0.008,-0.043,-0.065,-0.018,-0.023,10,E,10,N,,,308111,123.03,0
257,584.282,"Mount",-0.058,0.138,0.149,-0.012,0.059,0.000,34,W,0,,,,337111,138.69,0
258,586.707,"Mount",-0.104,0.018,0.064,0.084,0.034,0.030,20,W,13,S,,,316685,143.68,0
259,588.885,"Mount",-0.043,0.096,0.105,-0.006,0.058,0.000,33,W,0,,,,322159,131.61,0
260,591.201,"Mount",-0.026,0.107,0.107,-0.027,0.066,0.000,38,W,0,,,,329700,145.38,0
261,593.311,"Mount",-0.043,0.011,0.030,0.033,0.024,0.000,14,W,0,,,,336181,130.42,0
262,595.652,"Mount",0.131,-0.013,-0.072,-0.110,0.002,-0.040,1,W,17,N,,,333619,120.32,0
263,597.695,"Mount",0.094,-0.082,-0.115,-0.045,-0.015,0.000,9,E,0,,,,324481,127.74,0
264,600.002,"Mount",0.056,0.020,-0.008,-0.059,0.032,0.000,19,W,0,,,,316038,119.00,0
265,602.116,"Mount",-0.049,0.007,0.029,0.040,0.027,0.000,15,W,0,,,,336192,140.91,0
266,604.410,"Mount",-0.020,0.033,0.038,0.003,0.020,0.000,12,W,0,,,,337477,139.10,0
267,606.492,"Mount",0.052,-0.030,-0.050,-0.032,0.017,0.000,10,W,0,,,,342752,140.29,0
268,608.844,"Mount",0.112,0.017,-0.036,-0.107,0.013,-0.038,7,W,16,N,,,338621,120.47,0
269,611.079,"Mount",0.202,-0.178,-0.251,-0.097,-0.105,-0.036,60,E,16,N,,,339013,130.37,0
270,613.501,"Mount",0.085,-0.105,-0.132,-0.027,-0.066,0.000,38,E,0,,,,359716,151.98,0
271,615.718,"Mount",0.016,-0.169,-0.157,0.064,-0.094,0.023,54,E,10,S,,,364717,153.33,0
272,618.080,"Mount",0.054,-0.106,-0.119,0.001,-0.098,0.000,56,E,0,,,,378184,149.25,0
273,620.266,"Mount",0.092,-0.187,-0.208,0.005,-0.153,0.000,87,E,0,,,,372187,127.53,0
274,622.655,"Mount",0.055,-0.129,-0.140,0.010,-0.134,0.000,77,E,0,,,,383917,124.22,0
275,627.129,"Mount",0.168,-0.255,-0.303,-0.031,-0.281,0.000,160,E,0,,,,394882,149.66,0
276,629.335,"Mount",0.085,-0.192,-0.210,0.013,-0.213,0.000,122,E,0,,,,383074,126.87,0
277,631.726,"Mount",0.034,-0.066,-0.074,0.001,-0.160,0.000,92,E,0,,,,383038,156.05,0
278,633.887,"Mount",0.069,-0.072,-0.096,-0.028,-0.167,0.000,96,E,0,,,,372418,126.12,0
279,636.282,"Mount",0.010,-0.020,-0.022,-0.000,-0.127,0.000,72,E,0,,,,369664,125.60,0
280,638.500,"Mount",0.089,0.091,0.040,-0.121,-0.115,-0.043,66,E,19,N,,,376643,139.52,0
281,640.858,"Mount",-0.031,-0.036,-0.018,0.044,-0.104,0.000,60,E,0,,,,378881,151.45,0
282,643.061,"Mount",0.033,-0.086,-0.091,0.011,-0.133,0.000,76,E,0,,,,375403,135.36,0
283,645.531,"Mount",-0.049,-0.003,0.020,0.045,-0.081,0.000,46,E,0,,,,384007,131.86,0
284,647.710,"Mount",-0.052,0.092,0.106,0.004,-0.009,0.000,5,E,0,,,,397311,138.36,0
285,650.028,"Mount",-0.091,0.161,0.185,0.007,0.035,0.000,20,W,0,,,,388833,137.47,0
286,652.141,"Mount",-0.125,0.033,0.086,0.096,0.001,0.034,0,,15,S,,,379958,137.38,0
287,654.425,"Mount",-0.025,0.057,0.062,-0.004,-0.008,0.000,4,E,0,,,,381177,126.30,0
288,656.532,"Mount",0.016,-0.028,-0.032,-0.001,-0.025,0.000,14,E,0,,,,374007,121.29,0
289,658.830,"Mount",0.007,0.005,0.001,-0.009,-0.027,0.000,15,E,0,,,,393881,132.88,0
290,660.958,"Mount",-0.055,-0.012,0.015,0.054,-0.034,0.000,19,E,0,,,,400395,152.99,0
291,663.277,"Mount",-0.020,-0.025,-0.014,0.029,-0.048,0.000,27,E,0,,,,374789,122.81,0
292,665.453,"Mount",0.038,-0.122,-0.126,0.023,-0.110,0.000,63,E,0,,,,396178,145.70,0
293,667.797,"Mount",0.013,-0.034,-0.037,0.004,-0.062,0.000,35,E,0,,,,389554,138.72,0
294,669.906,"Mount",0.039,-0.058,-0.069,-0.008,-0.092,0.000,52,E,0,,,,381804,130.45,0
295,672.282,"Mount",0.021,-0.028,-0.035,-0.005,-0.083,0.000,47,E,0,,,,394998,136.31,0
296,674.504,"Mount",0.272,0.152,0.010,-0.311,-0.108,-0.112,62,E,48,N,,,386691,136.67,0
297,676.962,"Mount",0.088,-0.163,-0.185,-0.002,-0.217,0.000,124,E,0,,,,401610,162.09,0
298,679.213,"Mount",0.111,-0.190,-0.220,-0.011,-0.239,0.000,136,E,0,,,,404016,137.31,0
299,681.614,"Mount",0.035,-0.044,-0.055,-0.011,-0.155,0.000,89,E,0,,,,388627,136.78,0
300,683.993,"Mount",-0.046,-0.407,-0.340,0.228,-0.314,0.082,179,E,35,S,,,396709,134.81,0
301,686.506,"Mount",0.131,-0.031,-0.088,-0.102,-0.225,-0.033,129,E,14,N,,,391007,134.44,0
302,688.842,"Mount",0.024,-0.263,-0.244,0.100,-0.293,0.035,167,E,15,S,,,408254,140.47,0
303,691.319,"Mount",0.076,-0.112,-0.135,-0.016,-0.250,0.000,143,E,0,,,,406977,149.23,0
304,693.589,"Mount",0.075,-0.120,-0.141,-0.011,-0.260,0.000,149,E,0,,,,406294,129.90,0
305,696.054,"Mount",0.051,-0.140,-0.148,0.019,-0.262,0.000,150,E,0,,,,413757,133.31,0
306,698.335,"Mount",0.078,-0.015,-0.049,-0.062,-0.189,-0.022,108,E,10,N,,,405275,151.88,0
307,700.770,"Mount",0.048,-0.034,-0.052,-0.027,-0.204,0.000,116,E,0,,,,407475,138.40,0
308,703.020,"Mount",0.090,-0.107,-0.136,-0.030,-0.260,0.000,149,E,0,,,,404975,148.88,0
309,705.438,"Mount",0.015,-0.028,-0.032,-0.000,-0.198,0.000,113,E,0,,,,410065,141.22,0
310,707.611,"Mount",0.028,0.140,0.112,-0.089,-0.126,-0.032,72,E,14,N,,,417918,170.49,0
311,710.033,"Mount",0.022,0.080,0.061,-0.057,-0.132,0.000,75,E,0,,,,404092,139.44,0
312,712.298,"Mount",-0.075,-0.033,0.005,0.082,-0.138,0.029,79,E,13,S,,,405070,147.03,0
313,714.704,"Mount",0.006,0.144,0.126,-0.072,-0.057,-0.025,32,E,11,N,,,414731,145.29,0
314,716.897,"Mount",0.011,0.201,0.173,-0.103,-0.021,-0.038,12,E,16,N,,,397446,138.41,0
315,719.288,"Mount",-0.161,0.122,0.182,0.087,-0.007,0.030,4,E,13,S,,,404093,141.66,0
316,721.370,"Mount",-0.064,0.098,0.116,0.012,-0.013,0.000,7,E,0,,,,397667,132.81,0
317,723.700,"Mount",-0.098,0.119,0.151,0.032,0.016,0.000,9,W,0,,,,397705,130.10,0
318,725.803,"Mount",-0.050,0.111,0.121,-0.007,0.014,0.000,8,W,0,,,,400638,133.14,0
319,728.135,"Mount",-0.015,0.058,0.058,-0.014,-0.043,0.000,25,E,0,,,,407458,147.20,0
320,730.261,"Mount",0.009,0.047,0.038,-0.030,-0.039,0.000,22,E,0,,,,396129,136.92,0
321,732.573,"Mount",-0.098,0.082,0.118,0.049,0.013,0.000,8,W,0,,,,416127,157.27,0
322,734.718,"Mount",-0.058,0.025,0.049,0.041,-0.035,0.000,20,E,0,,,,389638,130.31,0
323,737.054,"Mount",-0.029,0.078,0.082,-0.011,0.009,0.000,5,W,0,,,,412590,144.81,0
324,739.202,"Mount",-0.081,0.145,0.166,0.005,0.048,0.000,28,W,0,,,,397042,167.39,0
325,741.658,"Mount",0.121,0.142,0.070,-0.173,0.008,-0.062,5,W,27,N,,,396213,159.05,0
326,743.924,"Mount",0.110,0.031,-0.023,-0.112,-0.022,-0.043,12,E,18,N,,,389037,138.77,0
327,746.187,"Mount",0.011,0.041,0.031,-0.028,-0.013,0.000,8,E,0,,,,402863,153.11,0
328,748.310,"Mount",-0.047,0.052,0.068,0.017,0.027,0.000,15,W,0,,,,375222,132.58,0
329,750.598,"Mount",-0.030,-0.020,-0.004,0.036,0.009,0.000,5,W,0,,,,395535,132.70,0
330,752.705,"Mount",0.050,-0.019,-0.040,-0.036,0.013,0.000,7,W,0,,,,398021,137.05,0
331,754.971,"Mount",0.029,0.034,0.017,-0.042,0.017,0.000,9,W,0,,,,399979,126.98,0
332,757.179,"Mount",0.054,0.079,0.045,-0.084,0.023,-0.030,13,W,13,N,,,411808,149.74,0
333,759.704,"Mount",0.008,0.148,0.128,-0.075,0.104,-0.028,59,W,12,N,,,408615,145.14,0
334,761.789,"Mount",-0.028,0.031,0.040,0.010,0.068,0.000,39,W,0,,,,408410,138.19,0
335,764.207,"Mount",-0.052,0.103,0.115,-0.001,0.133,0.000,76,W,0,,,,396754,148.95,0
336,766.364,"Mount",-0.052,0.057,0.074,0.020,0.125,0.000,72,W,0,,,,390741,124.03,0
337,768.792,"Mount",-0.104,0.092,0.130,0.050,0.180,0.000,103,W,0,,,,383565,137.73,0
338,770.997,"Mount",-0.109,0.093,0.133,0.054,0.197,0.000,113,W,0,,,,383715,127.66,0
339,773.501,"Mount",-0.111,0.077,0.120,0.063,0.200,0.023,114,W,10,S,,,404103,129.37,0
340,775.706,"Mount",0.002,-0.011,-0.011,0.003,0.153,0.000,88,W,0,,,,392811,137.00,0
341,778.117,"Mount",-0.070,0.029,0.058,0.048,0.168,0.000,96,W,0,,,,387739,136.43,0
342,780.270,"Mount",-0.063,0.019,0.046,0.047,0.147,0.000,84,W,0,,,,406752,143.63,0
343,782.695,"Mount",-0.003,0.041,0.037,-0.016,0.140,0.000,80,W,0,,,,405581,141.16,0
344,784.931,"Mount",0.100,-0.030,-0.073,-0.075,0.095,-0.027,55,W,12,N,,,408891,136.09,0
345,787.357,"Mount",-0.049,-0.038,-0.012,0.061,0.119,0.021,68,W,9,S,,,402768,129.93,0
346,789.503,"Mount",0.017,-0.193,-0.179,0.074,0.009,0.028,5,W,12,S,,,387106,129.58,0
347,791.935,"Mount",0.078,0.024,-0.015,-0.080,0.077,-0.028,44,W,12,N,,,410155,142.60,0
348,794.103,"Mount",0.118,-0.095,-0.138,-0.061,-0.008,-0.023,4,E,10,N,,,413685,136.00,0
349,796.477,"Mount",-0.070,-0.120,-0.074,0.118,0.021,0.042,12,W,18,S,,,416263,148.51,0
350,798.554,"Mount",0.018,-0.132,-0.125,0.044,-0.018,0.000,10,E,0,,,,412011,138.29,0
351,800.916,"Mount",0.032,-0.180,-0.175,0.055,-0.055,0.000,31,E,0,,,,401974,131.01,0
352,803.023,"Mount",0.057,-0.093,-0.109,-0.008,-0.032,0.000,18,E,0,,,,408830,136.80,0
353,805.439,"Mount",0.065,-0.098,-0.117,-0.012,-0.058,0.000,33,E,0,,,,394463,129.00,0
354,807.631,"Mount",-0.056,-0.034,-0.005,0.065,-0.022,0.023,13,E,10,S,,,413283,121.35,0
355,809.959,"Mount",0.026,-0.019,-0.029,-0.014,-0.029,0.000,17,E,0,,,,412877,143.72,0
356,812.094,"Mount",0.005,0.030,0.024,-0.018,-0.024,0.000,14,E,0,,,,411424,146.53,0
357,814.453,"Mount",0.104,0.007,-0.042,-0.096,-0.017,-0.034,10,E,15,N,,,400762,127.20,0
358,816.571,"Mount",0.067,-0.047,-0.072,-0.038,-0.038,0.000,22,E,0,,,,417657,145.54,0
359,818.989,"Mount",0.108,0.055,-0.001,-0.121,0.021,-0.044,12,W,19,N,,,413149,136.52,0
360,821.212,"Mount",-0.096,0.050,0.089,0.062,0.094,0.021,54,W,9,S,,,402579,134.82,0
361,823.658,"Mount",-0.114,0.191,0.223,0.013,0.193,0.000,110,W,0,,,,398112,128.41,0
362,825.850,"Mount",-0.090,0.187,0.207,-0.007,0.208,0.000,119,W,0,,,,392616,123.32,0
363,828.331,"Mount",0.043,0.121,0.087,-0.094,0.196,-0.034,112,W,15,N,,,429258,139.45,0
364,830.524,"Mount",-0.005,0.077,0.071,-0.031,0.202,0.000,116,W,0,,,,423570,148.05,0
365,832.998,"Mount",-0.080,0.223,0.235,-0.032,0.289,0.000,165,W,0,,,,416096,147.47,0
366,835.271,"Mount",-0.156,0.201,0.250,0.046,0.293,0.000,167,W,0,,,,414880,137.55,0
367,837.737,"Mount",-0.059,0.104,0.119,0.004,0.225,0.000,128,W,0,,,,408743,138.78,0
368,839.967,"Mount",-0.080,0.007,0.043,0.068,0.174,0.025,99,W,10,S,,,417330,139.25,0
369,842.454,"Mount",0.120,0.027,-0.032,-0.119,0.182,-0.042,104,W,18,N,,,417237,142.70,0
370,844.786,"Mount",0.103,0.026,-0.025,-0.104,0.171,-0.039,98,W,17,N,,,419162,140.73,0
371,847.207,"Mount",-0.028,0.015,0.026,0.017,0.183,0.000,105,W,0,,,,415666,155.51,0
372,849.383,"Mount",0.038,-0.070,-0.080,-0.002,0.135,0.000,77,W,0,,,,401273,147.17,0
373,851.889,"Mount",-0.063,-0.035,-0.002,0.072,0.176,0.026,100,W,11,S,,,405692,148.35,0
374,854.165,"Mount",-0.143,0.127,0.178,0.068,0.235,0.026,134,W,11,S,,,403587,135.28,0
375,856.553,"Mount",0.117,-0.092,-0.135,-0.061,0.073,-0.021,41,W,9,N,,,421168,154.99,0
376,858.694,"Mount",0.052,-0.048,-0.067,-0.024,0.079,0.000,45,W,0,,,,413217,152.02,0
377,861.121,"Mount",0.100,-0.043,-0.084,-0.069,0.042,-0.025,24,W,11,N,,,394576,147.92,0
378,863.232,"Mount",0.112,-0.117,-0.156,-0.045,-0.014,0.000,8,E,0,,,,395388,124.28,0
379,865.579,"Mount",0.038,-0.141,-0.142,0.032,-0.040,0.000,23,E,0,,,,407863,137.14,0
380,867.786,"Mount",0.046,-0.117,-0.125,0.013,-0.053,0.000,30,E,0,,,,408404,148.55,0
381,870.116,"Mount",0.080,-0.138,-0.159,-0.007,-0.086,0.000,49,E,0,,,,411275,136.68,0
382,872.299,"Mount",0.164,-0.257,-0.303,-0.027,-0.167,0.000,95,E,0,,,,416371,125.51,0
383,874.592,"Mount",0.009,0.003,-0.002,-0.009,-0.030,0.000,17,E,0,,,,421188,141.51,0
384,876.690,"Mount",0.052,0.002,-0.022,-0.047,-0.029,0.000,17,E,0,,,,442474,171.37,0
385,878.999,"Mount",-0.003,-0.067,-0.058,0.034,-0.035,0.000,20,E,0,,,,432122,151.31,0
386,881.185,"Mount",0.240,0.112,-0.011,-0.265,-0.037,-0.095,21,E,41,N,,,426696,140.93,0
387,883.582,"Mount",0.076,0.019,-0.018,-0.076,-0.027,-0.031,15,E,13,N,,,419294,124.18,0
388,885.701,"Mount",-0.067,0.078,0.100,0.023,0.034,0.000,19,W,0,,,,402676,124.37,0
389,888.148,"Mount",0.227,-0.197,-0.280,-0.110,-0.123,-0.040,71,E,17,N,,,440896,144.03,0
390,890.264,"Mount",0.017,-0.062,-0.063,0.014,-0.015,0.000,9,E,0,,,,424942,141.36,0
391,892.546,"Mount",0.005,-0.021,-0.021,0.005,0.017,0.000,10,W,0,,,,436578,148.55,0
392,894.727,"Mount",-0.055,-0.046,-0.015,0.070,0.015,0.025,8,W,11,S,,,425850,127.52,0
393,897.131,"Mount",-0.117,0.100,0.143,0.057,0.088,0.000,50,W,0,,,,428353,153.97,0
394,899.242,"Mount",-0.016,0.006,0.013,0.012,0.027,0.000,16,W,0,,,,411928,129.71,0
395,901.581,"Mount",-0.057,0.033,0.056,0.036,0.030,0.000,17,W,0,,,,406955,136.23,0
396,903.704,"Mount",-0.035,0.036,0.048,0.014,0.028,0.000,16,W,0,,,,414984,129.51,0
397,906.073,"Mount",-0.048,0.082,0.094,0.005,0.072,0.000,41,W,0,,,,418004,147.18,0
398,908.199,"Mount",-0.021,0.093,0.092,-0.024,0.069,0.000,40,W,0,,,,429575,140.60,0
399,910.519,"Mount",-0.003,-0.024,-0.020,0.013,0.021,0.000,12,W,0,,,,411288,139.23,0
400,912.585,"Mount",0.009,0.078,0.065,-0.044,0.044,0.000,25,W,0,,,,436425,152.60,0
401,915.013,"Mount",0.076,0.151,0.099,-0.137,0.044,-0.049,25,W,21,N,,,435145,154.34,0
402,917.125,"Mount",0.070,0.089,0.047,-0.103,-0.015,-0.039,9,E,17,N,,,418865,154.89,0
403,919.499,"Mount",0.098,-0.030,-0.072,-0.073,-0.047,-0.028,27,E,12,N,,,404042,135.35,0
404,921.626,"Mount",-0.021,-0.007,0.003,0.022,-0.017,0.000,10,E,0,,,,401803,131.14,0
405,923.955,"Mount",0.062,-0.075,-0.095,-0.021,-0.067,0.000,38,E,0,,,,425057,145.36,0
406,926.047,"Mount",0.012,-0.036,-0.038,0.006,-0.022,0.000,13,E,0,,,,417746,150.34,0
407,928.436,"Mount",-0.009,-0.016,-0.010,0.016,-0.019,0.000,11,E,0,,,,418044,158.97,0
408,930.613,"Mount",-0.006,-0.002,0.001,0.006,-0.018,0.000,10,E,0,,,,428467,158.84,0
409,932.911,"Mount",0.038,-0.025,-0.040,-0.022,-0.007,0.000,4,E,0,,,,412775,134.61,0
410,935.019,"Mount",0.053,0.016,-0.010,-0.054,0.005,0.000,3,W,0,,,,416053,134.44,0
411,937.306,"Mount",-0.000,-0.014,-0.012,0.007,0.009,0.000,5,W,0,,,,417090,131.17,0
412,939.540,"Mount",0.028,0.177,0.144,-0.107,0.077,-0.038,44,W,16,N,,,443914,151.61,0
413,941.926,"Mount",0.010,0.134,0.115,-0.071,0.076,-0.027,44,W,12,N,,,418813,136.55,0
414,944.006,"Mount",0.021,0.057,0.041,-0.045,0.030,0.000,17,W,0,,,,433413,149.90,0
415,946.436,"Mount",0.085,0.144,0.089,-0.142,0.072,-0.051,41,W,22,N,,,415541,146.40,0
416,948.592,"Mount",0.071,0.077,0.036,-0.098,0.030,-0.037,17,W,16,N,,,426154,143.47,0
417,950.938,"Mount",-0.040,-0.035,-0.012,0.051,0.026,0.000,15,W,0,,,,424250,141.07,0
418,953.124,"Mount",-0.055,-0.087,-0.052,0.089,0.027,0.032,15,W,14,S,,,410984,131.19,0
419,955.419,"Mount",-0.067,0.029,0.057,0.046,0.012,0.000,7,W,0,,,,409473,165.11,0
420,957.572,"Mount",-0.048,0.106,0.117,-0.007,0.055,0.000,31,W,0,,,,425727,137.47,0
421,959.945,"Mount",0.074,-0.007,-0.040,-0.063,-0.010,-0.023,6,E,10,N,,,408913,151.87,0
422,962.060,"Mount",-0.012,-0.033,-0.024,0.026,-0.021,0.000,12,E,0,,,,424741,140.32,0
423,964.390,"Mount",-0.028,-0.062,-0.042,0.053,-0.037,0.000,21,E,0,,,,415804,143.38,0
424,966.493,"Mount",0.018,-0.017,-0.024,-0.008,-0.053,0.000,30,E,0,,,,423041,135.51,0
425,968.888,"Mount",0.018,-0.123,-0.117,0.040,-0.126,0.000,72,E,0,,,,400584,131.51,0
426,971.046,"Mount",-0.009,-0.112,-0.096,0.060,-0.121,0.000,69,E,0,,,,409967,131.53,0
427,973.422,"Mount",0.018,-0.061,-0.063,0.012,-0.119,0.000,68,E,0,,,,425311,141.17,0
428,975.646,"Mount",0.105,-0.009,-0.056,-0.089,-0.110,-0.032,63,E,14,N,,,428381,144.42,0
429,978.070,"Mount",0.024,-0.110,-0.109,0.030,-0.161,0.000,92,E,0,,,,403057,127.16,0
430,980.232,"Mount",-0.050,-0.016,0.009,0.052,-0.116,0.000,67,E,0,,,,417352,139.93,0
431,982.702,"Mount",0.047,-0.166,-0.169,0.035,-0.200,0.000,114,E,0,,,,406626,140.09,0
432,984.972,"Mount",-0.091,-0.067,-0.017,0.112,-0.121,0.040,69,E,17,S,,,423273,145.60,0
433,987.392,"Mount",0.039,-0.022,-0.037,-0.024,-0.119,0.000,68,E,0,,,,421342,151.86,0
434,989.539,"Mount",-0.050,0.003,0.026,0.043,-0.113,0.000,65,E,0,,,,405818,128.45,0
435,991.898,"Mount",-0.053,-0.020,0.006,0.056,-0.104,0.000,60,E,0,,,,424058,148.07,0
436,994.028,"Mount",0.024,-0.037,-0.044,-0.004,-0.088,0.000,50,E,0,,,,423975,133.93,0
437,996.393,"Mount",-0.112,0.224,0.251,-0.004,0.044,0.000,25,W,0,,,,415977,151.27,0
438,998.457,"Mount",-0.083,0.090,0.118,0.032,0.005,0.000,3,W,0,,,,428479,146.49,0
439,1000.754,"Mount",-0.033,0.147,0.146,-0.039,0.026,0.000,15,W,0,,,,422807,148.06,0
440,1002.885,"Mount",-0.017,-0.007,0.002,0.018,-0.029,0.000,17,E,0,,,,432505,144.69,0
441,1005.335,"Mount",0.212,0.268,0.140,-0.312,0.043,-0.112,24,W,48,N,,,427870,138.63,0
442,1007.441,"Mount",-0.003,-0.050,-0.043,0.026,-0.022,0.000,13,E,0,,,,414730,133.71,0
443,1009.769,"Mount",0.043,-0.039,-0.054,-0.020,-0.038,0.000,22,E,0,,,,401731,125.62,0
444,1011.991,"Mount",-0.116,-0.040,0.018,0.121,-0.047,0.044,27,E,19,S,,,419046,142.37,0
445,1014.333,"Mount",-0.050,0.052,0.069,0.020,-0.038,0.000,22,E,0,,,,416097,136.10,0
446,1016.423,"Mount",0.007,0.034,0.027,-0.022,-0.071,0.000,41,E,0,,,,414573,145.65,0
447,1018.811,"Mount",0.027,-0.030,-0.039,-0.010,-0.087,0.000,50,E,0,,,,442173,157.23,0
448,1021.029,"Mount",-0.092,0.029,0.069,0.068,-0.067,0.025,38,E,11,S,,,437005,152.94,0
449,1023.491,"Mount",0.097,-0.004,-0.048,-0.084,-0.125,-0.029,71,E,12,N,,,427638,137.96,0
450,1025.671,"Mount",0.017,-0.036,-0.040,0.001,-0.134,0.000,76,E,0,,,,428622,144.24,0
451,1028.077,"Mount",-0.007,-0.090,-0.077,0.048,-0.176,0.000,100,E,0,,,,423958,130.57,0
452,1030.314,"Mount",0.024,-0.110,-0.109,0.030,-0.198,0.000,113,E,0,,,,433186,142.24,0
453,1032.695,"Mount",0.048,-0.080,-0.094,-0.006,-0.203,0.000,116,E,0,,,,424050,139.64,0
454,1034.958,"Mount",0.175,-0.208,-0.265,-0.059,-0.294,0.000,168,E,0,,,,446322,139.13,0
455,1037.418,"Mount",0.069,-0.085,-0.107,-0.022,-0.234,0.000,134,E,0,,,,426052,138.69,0
456,1039.759,"Mount",0.148,-0.091,-0.149,-0.089,-0.273,-0.032,156,E,14,N,,,424413,149.63,0
457,1042.269,"Mount",0.100,-0.168,-0.196,-0.011,-0.304,0.000,174,E,0,,,,424068,132.32,0
458,1044.538,"Mount",0.104,0.010,-0.039,-0.097,-0.204,-0.035,116,E,15,N,,,418805,134.35,0
459,1047.069,"Mount",0.050,0.035,0.008,-0.061,-0.211,-0.023,121,E,10,N,,,431727,144.53,0
460,1049.259,"Mount",-0.059,0.101,0.117,0.006,-0.162,0.000,92,E,0,,,,425003,144.05,0
461,1051.755,"Mount",-0.161,0.115,0.176,0.090,-0.141,0.032,80,E,14,S,,,441998,170.29,0
462,1053.963,"Mount",0.012,0.068,0.055,-0.042,-0.194,0.000,111,E,0,,,,435336,131.35,0
463,1056.378,"Mount",-0.013,0.138,0.128,-0.052,-0.113,0.000,64,E,0,,,,432671,141.66,0
464,1058.496,"Mount",-0.045,0.124,0.131,-0.017,-0.076,0.000,43,E,0,,,,443464,155.77,0
465,1060.818,"Mount",-0.172,0.307,0.351,0.011,0.054,0.000,31,W,0,,,,414067,119.96,0
466,1063.045,"Mount",-0.278,0.311,0.404,0.103,0.092,0.037,53,W,16,S,,,426294,142.78,0
467,1065.420,"Mount",-0.011,0.053,0.052,-0.015,-0.086,0.000,49,E,0,,,,428045,152.80,0
468,1067.517,"Mount",-0.076,0.161,0.178,-0.007,0.017,0.000,10,W,0,,,,435228,146.04,0
469,1069.848,"Mount",-0.050,0.083,0.097,0.006,-0.016,0.000,9,E,0,,,,427830,141.15,0
470,1071.867,"Mount",-0.068,0.069,0.093,0.028,-0.000,0.000,0,,0,,,,426142,154.74,0
471,1074.207,"Mount",0.054,-0.003,-0.027,-0.047,-0.048,0.000,27,E,0,,,,427229,141.32,0
472,1076.417,"Mount",0.091,0.068,0.019,-0.112,-0.047,-0.040,27,E,17,N,,,424452,141.74,0
473,1078.763,"Mount",0.043,0.021,-0.001,-0.048,-0.048,0.000,27,E,0,,,,418053,133.63,0
474,1080.938,"Mount",-0.105,0.047,0.090,0.071,-0.006,0.026,3,E,11,S,,,435888,174.81,0
475,1083.336,"Mount",0.010,0.004,-0.001,-0.011,-0.039,0.000,22,E,0,,,,414912,139.74,0
476,1085.445,"Mount",-0.020,0.019,0.026,0.009,-0.022,0.000,12,E,0,,,,424475,136.27,0
477,1087.814,"Mount",-0.095,0.204,0.225,-0.010,0.076,0.000,44,W,0,,,,415061,136.47,0
478,1089.949,"Mount",-0.020,0.085,0.085,-0.021,0.018,0.000,10,W,0,,,,432161,144.45,0
479,1092.217,"Mount",-0.062,0.022,0.048,0.045,-0.017,0.000,10,E,0,,,,382017,131.09,0
480,1094.343,"Mount",-0.099,0.098,0.132,0.043,0.052,0.000,30,W,0,,,,393128,142.39,0
481,1096.719,"Mount",0.066,0.028,-0.006,-0.072,-0.001,-0.026,1,E,11,N,,,403411,140.72,0
482,1098.844,"Mount",-0.095,0.053,0.090,0.060,0.049,0.000,28,W,0,,,,402017,136.19,0
483,1101.158,"Mount",-0.047,0.060,0.075,0.014,0.049,0.000,28,W,0,,,,383050,129.82,0
484,1103.275,"Mount",-0.013,0.133,0.124,-0.050,0.073,0.000,42,W,0,,,,383345,147.50,0
485,1105.696,"Mount",0.058,0.105,0.066,-0.100,0.062,-0.036,36,W,15,N,,,400844,133.67,0
486,1107.902,"Mount",0.024,0.111,0.088,-0.073,0.093,-0.028,53,W,12,N,,,413538,150.92,0
487,1110.280,"Mount",-0.054,0.060,0.078,0.021,0.116,0.000,66,W,0,,,,396301,124.24,0
488,1112.415,"Mount",-0.076,0.050,0.079,0.045,0.113,0.000,65,W,0,,,,403286,139.14,0
489,1114.859,"Mount",0.101,0.001,-0.046,-0.090,0.105,-0.032,60,W,14,N,,,409834,134.29,0
490,1117.063,"Mount",-0.093,0.111,0.141,0.031,0.190,0.000,109,W,0,,,,407112,144.26,0
491,1119.463,"Mount",-0.073,0.023,0.054,0.054,0.149,0.000,85,W,0,,,,411531,133.93,0
492,1121.666,"Mount",-0.109,0.114,0.151,0.044,0.210,0.000,120,W,0,,,,405101,161.99,0
493,1124.138,"Mount",-0.081,0.011,0.047,0.067,0.159,0.024,91,W,10,S,,,410120,138.00,0
494,1126.298,"Mount",-0.036,-0.015,0.003,0.038,0.163,0.000,93,W,0,,,,423367,141.76,0
495,1128.721,"Mount",-0.045,0.004,0.025,0.038,0.157,0.000,90,W,0,,,,419727,151.65,0
496,1130.887,"Mount",0.048,-0.016,-0.037,-0.036,0.141,0.000,80,W,0,,,,408371,146.33,0
497,1133.314,"Mount",0.139,-0.116,-0.167,-0.069,0.054,-0.025,31,W,11,N,,,391090,122.97,0
498,1135.427,"Mount",0.050,-0.173,-0.176,0.036,0.023,0.000,13,W,0,,,,381590,133.44,0
499,1137.750,"Mount",0.061,-0.074,-0.094,-0.020,0.046,0.000,26,W,0,,,,396607,125.81,0
500,1139.856,"Mount",0.047,-0.207,-0.206,0.054,-0.032,0.000,19,E,0,,,,389874,128.43,0
501,1142.085,"Mount",0.053,-0.088,-0.103,-0.006,-0.001,0.000,0,,0,,,,413679,123.04,0
502,1144.264,"Mount",0.070,-0.143,-0.159,0.004,-0.026,0.000,15,E,0,,,,395240,133.54,0
503,1146.578,"Mount",0.067,-0.161,-0.173,0.015,-0.050,0.000,29,E,0,,,,408252,137.64,0
504,1148.694,"Mount",0.030,-0.104,-0.106,0.021,-0.028,0.000,16,E,0,,,,422743,135.57,0
505,1151.010,"Mount",0.106,-0.138,-0.171,-0.030,-0.061,0.000,35,E,0,,,,431530,148.67,0
506,1153.165,"Mount",0.282,0.121,-0.023,-0.306,0.000,-0.110,0,,47,N,,,416210,139.87,0
507,1155.489,"Mount",0.042,-0.088,-0.097,0.003,-0.062,0.000,36,E,0,,,,440389,137.78,0
508,1157.608,"Mount",0.001,-0.018,-0.016,0.007,-0.025,0.000,14,E,0,,,,426818,139.01,0
509,1160.004,"Mount",-0.024,-0.170,-0.140,0.099,-0.081,0.036,46,E,15,S,,,428903,142.84,0
510,1162.049,"Mount",-0.020,-0.037,-0.024,0.035,-0.015,0.000,8,E,0,,,,426070,134.58,0
511,1164.383,"Mount",-0.046,0.076,0.089,0.006,0.033,0.000,19,W,0,,,,411892,132.48,0
512,1166.472,"Mount",-0.051,0.045,0.063,0.024,0.046,0.000,26,W,0,,,,442777,157.86,0
513,1168.835,"Mount",0.013,0.033,0.023,-0.027,0.051,0.000,29,W,0,,,,424467,142.79,0
514,1171.007,"Mount",-0.000,0.083,0.074,-0.038,0.113,0.000,65,W,0,,,,433144,159.53,0
515,1173.445,"Mount",-0.101,0.236,0.256,-0.019,0.230,0.000,131,W,0,,,,413526,134.10,0
516,1175.639,"Mount",-0.027,0.164,0.157,-0.052,0.225,0.000,128,W,0,,,,418060,143.90,0
517,1178.161,"Mount",0.055,0.119,0.080,-0.104,0.212,-0.037,121,W,16,N,,,420877,146.09,0
518,1180.501,"Mount",-0.044,0.274,0.263,-0.087,0.304,-0.033,174,W,14,N,,,435888,141.40,0
519,1183.037,"Mount",-0.118,0.148,0.186,0.036,0.280,0.000,160,W,0,,,,418389,135.60,0
520,1185.239,"Mount",-0.029,0.067,0.073,-0.005,0.214,0.000,123,W,0,,,,428136,135.71,0
521,1187.677,"Mount",-0.105,0.202,0.228,-0.000,0.284,0.000,162,W,0,,,,433442,134.09,0
522,1189.875,"Mount",0.029,0.033,0.016,-0.040,0.177,0.000,101,W,0,,,,406211,124.80,0
523,1192.317,"Mount",-0.069,0.077,0.100,0.025,0.224,0.000,128,W,0,,,,425355,138.44,0
524,1194.491,"Mount",0.009,0.003,-0.001,-0.009,0.174,0.000,99,W,0,,,,431332,142.72,0
525,1196.974,"Mount",0.146,-0.024,-0.088,-0.119,0.149,-0.043,85,W,18,N,,,427397,146.60,0
526,1199.164,"Mount",0.006,-0.036,-0.035,0.011,0.170,0.000,97,W,0,,,,429039,143.10,0
527,1201.518,"Mount",-0.005,-0.085,-0.073,0.043,0.122,0.000,70,W,0,,,,419776,142.00,0
528,1203.705,"Mount",0.013,-0.032,-0.035,0.003,0.134,0.000,76,W,0,,,,434653,136.40,0
529,1206.079,"Mount",0.096,-0.102,-0.135,-0.038,0.048,0.000,27,W,0,,,,430328,157.45,0
530,1208.274,"Mount",0.063,-0.164,-0.174,0.020,-0.003,0.000,2,E,0,,,,412943,150.09,0
531,1210.663,"Mount",0.292,-0.473,-0.554,-0.041,-0.203,0.000,116,E,0,,,,399650,128.17,0
532,1212.805,"Mount",0.191,-0.143,-0.215,-0.104,-0.073,-0.037,42,E,16,N,,,413283,127.84,0
533,1215.116,"Mount",-0.032,-0.057,-0.036,0.055,0.002,0.000,1,W,0,,,,404260,126.14,0
534,1217.209,"Mount",0.021,-0.112,-0.109,0.033,-0.058,0.000,33,E,0,,,,409321,135.29,0
535,1219.545,"Mount",0.022,-0.126,-0.122,0.039,-0.072,0.000,41,E,0,,,,415883,137.81,0
536,1221.693,"Mount",-0.054,-0.062,-0.031,0.076,-0.019,0.028,11,E,12,S,,,428853,144.61,0
537,1223.976,"Mount",-0.029,-0.049,-0.030,0.048,-0.019,0.000,11,E,0,,,,411221,123.57,0
538,1226.087,"Mount",0.105,-0.083,-0.122,-0.055,-0.078,0.000,44,E,0,,,,415430,129.37,0
539,1228.427,"Mount",0.114,-0.093,-0.135,-0.059,-0.092,0.000,52,E,0,,,,422923,142.82,0
540,1230.519,"Mount",0.060,-0.018,-0.044,-0.045,-0.029,0.000,17,E,0,,,,429851,139.72,0
541,1232.821,"Mount",0.008,-0.008,-0.010,-0.003,-0.019,0.000,11,E,0,,,,430406,154.35,0
542,1234.900,"Mount",-0.021,-0.008,0.002,0.022,-0.009,0.000,5,E,0,,,,427540,148.14,0
543,1237.305,"Mount",0.114,-0.021,-0.071,-0.092,-0.027,-0.033,16,E,14,N,,,437937,152.49,0
544,1239.452,"Mount",0.066,0.101,0.059,-0.105,0.011,-0.039,6,W,17,N,,,421490,126.09,0
545,1241.763,"Mount",-0.008,0.013,0.015,0.001,0.014,0.000,8,W,0,,,,414819,130.76,0
546,1243.852,"Mount",0.024,0.034,0.019,-0.037,0.019,0.000,11,W,0,,,,415239,121.36,0
547,1246.165,"Mount",-0.007,0.015,0.016,-0.000,0.028,0.000,16,W,0,,,,423346,145.10,0
548,1248.296,"Mount",0.018,0.006,-0.003,-0.019,0.032,0.000,18,W,0,,,,423797,136.38,0
549,1250.726,"Mount",0.032,-0.044,-0.053,-0.008,0.037,0.000,21,W,0,,,,452686,141.41,0
550,1252.801,"Mount",0.071,-0.082,-0.105,-0.025,-0.015,0.000,8,E,0,,,,461752,154.85,0
551,1255.100,"Mount",0.058,-0.072,-0.091,-0.018,-0.015,0.000,8,E,0,,,,441504,147.68,0
552,1257.248,"Mount",-0.018,-0.153,-0.127,0.087,-0.035,0.031,20,E,13,S,,,428293,141.50,0
553,1259.547,"Mount",-0.011,0.010,0.014,0.005,0.018,0.000,10,W,0,,,,440811,163.40,0
554,1261.650,"Mount",-0.003,0.008,0.009,-0.001,0.004,0.000,2,W,0,,,,430569,137.26,0
555,1263.975,"Mount",0.003,0.026,0.022,-0.014,-0.010,0.000,6,E,0,,,,430233,129.85,0
556,1266.113,"Mount",-0.070,-0.039,-0.002,0.080,-0.017,0.029,10,E,12,S,,,434294,139.13,0
557,1268.438,"Mount",0.030,-0.062,-0.069,0.002,-0.054,0.000,31,E,0,,,,414591,138.26,0
558,1270.492,"Mount",-0.019,-0.022,-0.011,0.027,-0.019,0.000,11,E,0,,,,421489,134.70,0
559,1272.842,"Mount",0.036,0.014,-0.004,-0.039,-0.020,0.000,11,E,0,,,,418628,140.66,0
560,1274.945,"Mount",-0.049,-0.019,0.006,0.052,-0.022,0.000,13,E,0,,,,426634,137.06,0
561,1277.242,"Mount",0.005,0.018,0.014,-0.013,-0.016,0.000,9,E,0,,,,434771,148.13,0
562,1279.334,"Mount",-0.050,0.104,0.115,-0.004,0.043,0.000,24,W,0,,,,432110,143.35,0
563,1281.667,"Mount",0.024,0.046,0.030,-0.043,0.003,0.000,2,W,0,,,,431279,142.51,0
564,1283.770,"Mount",0.015,-0.003,-0.009,-0.012,0.009,0.000,5,W,0,,,,416762,128.65,0
565,1286.192,"Mount",0.182,0.047,-0.042,-0.184,0.016,-0.066,9,W,28,N,,,427838,139.49,0
566,1288.323,"Mount",0.021,0.038,0.023,-0.036,0.021,0.000,12,W,0,,,,430604,125.95,0
567,1290.721,"Mount",-0.082,0.142,0.163,0.007,0.103,0.000,59,W,0,,,,458685,193.10,0
568,1292.812,"Mount",-0.036,0.139,0.140,-0.032,0.093,0.000,53,W,0,,,,424932,137.45,0
569,1295.282,"Mount",-0.145,0.106,0.161,0.080,0.105,0.029,60,W,12,S,,,436398,146.80,0
570,1297.411,"Mount",-0.050,0.016,0.038,0.037,0.032,0.000,18,W,0,,,,430264,137.61,0
571,1299.749,"Mount",0.022,0.000,-0.010,-0.020,0.027,0.000,15,W,0,,,,417307,126.78,0
572,1301.857,"Mount",0.022,-0.054,-0.058,0.006,0.018,0.000,11,W,0,,,,441148,145.60,0
573,1304.203,"Mount",0.083,-0.121,-0.146,-0.018,-0.054,0.000,31,E,0,,,,427801,139.31,0
574,1306.471,"Mount",0.262,-0.288,-0.377,-0.099,-0.172,-0.036,98,E,15,N,,,420687,134.82,0
575,1308.801,"Mount",-0.019,0.024,0.030,0.006,-0.014,0.000,8,E,0,,,,439851,136.71,0
576,1311.107,"Mount",-0.024,-0.137,-0.111,0.084,-0.078,0.030,45,E,13,S,,,441881,146.13,0
577,1313.469,"Mount",0.080,-0.077,-0.105,-0.035,-0.105,0.000,60,E,0,,,,428715,141.20,0
578,1315.580,"Mount",0.054,0.002,-0.023,-0.049,-0.065,0.000,37,E,0,,,,430432,154.39,0
579,1317.983,"Mount",0.030,-0.145,-0.142,0.040,-0.135,0.000,77,E,0,,,,427053,145.48,0
580,1320.222,"Mount",0.070,-0.098,-0.119,-0.016,-0.138,0.000,79,E,0,,,,419475,136.14,0
581,1322.595,"Mount",0.068,-0.138,-0.153,0.004,-0.177,0.000,101,E,0,,,,422103,132.76,0
582,1324.876,"Mount",0.168,-0.150,-0.210,-0.080,-0.212,-0.029,121,E,12,N,,,413592,140.23,0
583,1327.396,"Mount",0.091,-0.149,-0.174,-0.012,-0.202,0.000,115,E,0,,,,399313,134.14,0
584,1329.505,"Mount",-0.027,-0.070,-0.050,0.057,-0.126,0.000,72,E,0,,,,415139,137.73,0
585,1331.903,"Mount",-0.013,-0.044,-0.033,0.032,-0.136,0.000,78,E,0,,,,437486,154.42,0
586,1334.090,"Mount",-0.016,-0.035,-0.024,0.030,-0.129,0.000,73,E,0,,,,430732,144.47,0
587,1336.465,"Mount",-0.045,-0.029,-0.005,0.053,-0.123,0.000,70,E,0,,,,407025,125.35,0
588,1338.556,"Mount",-0.092,0.073,0.107,0.048,-0.059,0.000,34,E,0,,,,422707,158.70,0
589,1340.895,"Mount",-0.077,0.050,0.080,0.045,-0.048,0.000,27,E,0,,,,411227,127.35,0
590,1343.053,"Mount",-0.060,0.102,0.118,0.006,-0.005,0.000,3,E,0,,,,428675,138.39,0
591,1345.507,"Mount",0.087,0.476,0.382,-0.297,0.131,-0.107,75,W,46,N,,,414330,143.75,0
592,1347.555,"Mount",-0.036,0.079,0.087,-0.005,0.011,0.000,6,W,0,,,,403700,131.43,0
593,1349.929,"Mount",-0.122,-0.070,-0.006,0.141,-0.021,0.051,12,E,22,S,,,419608,143.50,0
594,1351.972,"Mount",-0.037,-0.002,0.015,0.034,-0.014,0.000,8,E,0,,,,419063,150.65,0
595,1354.396,"Mount",-0.006,-0.140,-0.122,0.070,-0.083,0.025,48,E,11,S,,,410128,127.75,0
596,1356.488,"Mount",-0.048,-0.010,0.013,0.047,-0.048,0.000,28,E,0,,,,434258,166.86,0
597,1358.914,"Mount",-0.029,-0.075,-0.054,0.060,-0.054,0.022,31,E,9,S,,,415143,135.21,0
598,1361.132,"Mount",-0.082,-0.078,-0.031,0.109,-0.064,0.040,37,E,17,S,,,435397,151.95,0
599,1363.582,"Mount",-0.030,-0.087,-0.063,0.067,-0.110,0.026,63,E,11,S,,,424007,151.22,0
600,1365.801,"Mount",0.128,-0.030,-0.086,-0.100,-0.102,-0.035,59,E,15,N,,,428500,135.57,0
601,1368.209,"Mount",-0.070,-0.085,-0.043,0.101,-0.084,0.035,48,E,15,S,,,426643,136.97,0
602,1370.479,"Mount",0.007,-0.154,-0.140,0.065,-0.170,0.025,97,E,11,S,,,425941,147.02,0
603,1372.933,"Mount",0.065,-0.120,-0.136,-0.003,-0.190,0.000,109,E,0,,,,422686,155.60,0
604,1375.126,"Mount",0.061,-0.047,-0.070,-0.032,-0.163,0.000,93,E,0,,,,416896,147.21,0
605,1377.519,"Mount",0.029,-0.092,-0.095,0.017,-0.195,0.000,112,E,0,,,,407745,137.08,0
606,1379.709,"Mount",0.013,-0.074,-0.072,0.023,-0.200,0.000,114,E,0,,,,429611,147.28,0
607,1382.223,"Mount",0.106,-0.026,-0.072,-0.082,-0.224,-0.030,128,E,13,N,,,409371,143.54,0
608,1384.438,"Mount",0.064,-0.017,-0.045,-0.049,-0.196,0.000,112,E,0,,,,427471,145.09,0
609,1386.907,"Mount",0.051,-0.079,-0.094,-0.009,-0.261,0.000,149,E,0,,,,407450,139.89,0
610,1389.127,"Mount",0.019,-0.017,-0.023,-0.009,-0.217,0.000,124,E,0,,,,412186,143.08,0
611,1391.589,"Mount",0.025,-0.040,-0.047,-0.004,-0.218,0.000,125,E,0,,,,398416,136.98,0
612,1393.798,"Mount",0.066,-0.015,-0.044,-0.051,-0.201,0.000,115,E,0,,,,411125,134.17,0
613,1396.208,"Mount",0.052,0.012,-0.013,-0.051,-0.198,0.000,113,E,0,,,,391337,139.70,0
614,1398.406,"Mount",0.023,0.076,0.057,-0.055,-0.192,0.000,110,E,0,,,,357589,130.72,0
615,1400.801,"Mount",-0.035,0.084,0.091,-0.007,-0.141,0.000,81,E,0,,,,345901,132.54,0
616,1403.103,"Mount",0.136,0.162,0.081,-0.195,-0.116,-0.070,66,E,30,N,,,340737,142.63,0
617,1405.561,"Mount",-0.094,-0.046,0.002,0.105,-0.140,0.035,80,E,15,S,,,377278,142.56,0
618,1407.736,"Mount",-0.037,-0.036,-0.015,0.049,-0.114,0.000,65,E,0,,,,367795,118.89,0
619,1410.091,"Mount",-0.038,-0.016,0.003,0.041,-0.097,0.000,56,E,0,,,,378325,135.66,0
620,1412.209,"Mount",-0.037,0.138,0.140,-0.031,-0.034,0.000,19,E,0,,,,357636,132.50,0
621,1414.567,"Mount",-0.034,-0.002,0.014,0.031,-0.098,0.000,56,E,0,,,,358448,138.32,0
622,1416.681,"Mount",-0.079,0.027,0.060,0.057,-0.057,0.000,32,E,0,,,,352476,139.92,0
623,1419.086,"Mount",-0.156,0.020,0.089,0.129,-0.026,0.046,15,E,20,S,,,355213,119.94,0
624,1421.273,"Mount",-0.000,0.137,0.122,-0.063,-0.001,-0.021,1,E,9,N,,,343925,119.84,0
625,1423.609,"Mount",-0.072,0.174,0.188,-0.017,0.023,0.000,13,W,0,,,,336848,122.46,0
626,1425.763,"Mount",-0.010,0.051,0.050,-0.015,-0.043,0.000,25,E,0,,,,331334,141.09,0
627,1428.108,"Mount",0.004,0.108,0.094,-0.053,0.003,0.000,2,W,0,,,,344934,129.75,0
628,1430.221,"Mount",-0.022,0.037,0.043,0.002,-0.023,0.000,13,E,0,,,,352292,147.22,0
629,1432.509,"Mount",-0.005,0.028,0.027,-0.008,-0.009,0.000,5,E,0,,,,351969,139.96,0
630,1434.633,"Mount",0.034,0.058,0.036,-0.057,-0.012,0.000,7,E,0,,,,340321,127.08,0
631,1437.033,"Mount",-0.084,0.018,0.055,0.067,-0.015,0.024,9,E,10,S,,,356309,144.71,0
632,1439.271,"Mount",0.076,0.227,0.166,-0.172,0.056,-0.061,32,W,26,N,,,332924,118.53,0
633,1441.609,"Mount",0.022,0.058,0.042,-0.047,-0.014,0.000,8,E,0,,,,355114,138.12,0
634,1443.676,"Mount",0.036,0.005,-0.012,-0.034,-0.012,0.000,7,E,0,,,,354737,119.29,0
635,1445.987,"Mount",-0.038,0.146,0.147,-0.034,0.064,0.000,36,W,0,,,,349307,132.91,0
636,1448.079,"Mount",0.005,0.095,0.082,-0.048,0.051,0.000,29,W,0,,,,357816,129.11,0
637,1450.375,"Mount",0.019,0.065,0.049,-0.047,0.014,0.000,8,W,0,,,,362029,152.21,0
638,1452.489,"Mount",-0.041,0.153,0.154,-0.034,0.089,0.000,51,W,0,,,,366553,140.30,0
639,1454.920,"Mount",0.074,0.156,0.104,-0.137,0.094,-0.049,54,W,21,N,,,354940,136.57,0
640,1457.157,"Mount",-0.167,0.164,0.222,0.073,0.169,0.024,96,W,10,S,,,345107,128.97,0
641,1459.580,"Mount",0.039,0.069,0.043,-0.066,0.090,-0.023,52,W,10,N,,,340066,121.64,0
642,1461.756,"Mount",-0.055,0.056,0.075,0.023,0.135,0.000,77,W,0,,,,361352,128.48,0
643,1464.149,"Mount",-0.082,0.027,0.062,0.060,0.153,0.000,88,W,0,,,,360075,141.08,0
644,1466.337,"Mount",-0.063,0.003,0.032,0.055,0.146,0.000,84,W,0,,,,378627,155.47,0
645,1468.700,"Mount",-0.024,0.043,0.050,0.001,0.146,0.000,84,W,0,,,,362743,121.65,0
646,1470.913,"Mount",-0.048,0.085,0.098,0.003,0.186,0.000,107,W,0,,,,378316,139.33,0
647,1473.350,"Mount",-0.063,0.097,0.115,0.011,0.208,0.000,119,W,0,,,,383531,143.30,0
648,1475.554,"Mount",-0.075,0.050,0.079,0.044,0.186,0.000,106,W,0,,,,362986,122.26,0
649,1477.923,"Mount",-0.042,0.035,0.050,0.021,0.133,0.000,76,W,0,,,,373133,140.98,0
650,1480.187,"Mount",0.113,0.168,0.097,-0.178,0.162,-0.064,93,W,27,N,,,376269,144.71,0
651,1482.534,"Mount",-0.011,-0.069,-0.056,0.041,0.109,0.000,62,W,0,,,,380345,132.43,0
652,1484.766,"Mount",0.103,-0.056,-0.098,-0.066,0.046,-0.024,26,W,10,N,,,376710,133.17,0
653,1487.205,"Mount",-0.050,-0.074,-0.042,0.079,0.076,0.027,44,W,12,S,,,373090,138.87,0
654,1489.392,"Mount",0.023,-0.225,-0.211,0.083,-0.047,0.031,27,E,13,S,,,396486,144.23,0
655,1491.821,"Mount",-0.042,-0.075,-0.047,0.072,0.052,0.027,29,W,12,S,,,384121,161.64,0
656,1493.947,"Mount",0.036,-0.130,-0.132,0.028,-0.027,0.000,15,E,0,,,,396325,135.44,0
657,1496.360,"Mount",-0.006,-0.151,-0.131,0.075,-0.038,0.027,22,E,12,S,,,393223,129.42,0
658,1498.439,"Mount",0.018,-0.118,-0.113,0.038,-0.036,0.000,21,E,0,,,,385140,134.85,0
659,1500.953,"Mount",0.305,-0.220,-0.336,-0.169,-0.153,-0.061,88,E,26,N,,,400013,135.81,0
660,1503.216,"Mount",0.099,-0.046,-0.086,-0.066,-0.059,-0.026,34,E,11,N,,,395568,128.45,0
661,1505.642,"Mount",0.102,0.073,0.018,-0.125,-0.032,-0.046,18,E,20,N,,,391016,139.47,0
662,1507.717,"Mount",0.037,-0.003,-0.020,-0.031,-0.022,0.000,13,E,0,,,,407285,143.76,0
663,1510.076,"Mount",0.098,0.207,0.138,-0.183,0.045,-0.066,26,W,28,N,,,397150,142.14,0
664,1512.258,"Mount",-0.118,-0.096,-0.031,0.149,-0.008,0.051,5,E,22,S,,,397126,144.02,0
665,1514.721,"Mount",-0.147,0.079,0.138,0.094,0.082,0.036,47,W,15,S,,,393515,141.17,0
666,1516.867,"Mount",-0.000,0.095,0.084,-0.044,0.096,0.000,55,W,0,,,,405435,144.49,0
667,1519.265,"Mount",-0.043,0.110,0.117,-0.012,0.137,0.000,78,W,0,,,,395072,146.07,0
668,1521.501,"Mount",-0.171,0.249,0.300,0.037,0.248,0.000,142,W,0,,,,406446,143.83,0
669,1523.912,"Mount",-0.083,0.091,0.119,0.032,0.216,0.000,123,W,0,,,,398165,137.43,0
670,1526.266,"Mount",-0.012,0.155,0.143,-0.061,0.242,-0.022,138,W,9,N,,,391826,151.51,0
671,1528.773,"Mount",-0.064,0.261,0.261,-0.064,0.315,-0.024,180,W,10,N,,,364502,122.54,0
672,1531.068,"Mount",-0.181,0.174,0.237,0.080,0.302,0.028,173,W,12,S,,,389430,134.11,0
673,1533.644,"Mount",-0.221,0.389,0.447,0.016,0.398,0.000,227,W,0,,,,392025,147.36,0
674,1536.033,"Mount",-0.240,0.268,0.348,0.089,0.352,0.032,201,W,14,S,,,360960,135.37,0
675,1538.460,"Mount",0.008,0.032,0.025,-0.022,0.197,0.000,113,W,0,,,,344284,126.42,0
676,1540.779,"Mount",-0.059,0.055,0.076,0.027,0.212,0.000,121,W,0,,,,339504,147.21,0
677,1543.212,"Mount",0.038,-0.037,-0.050,-0.016,0.190,0.000,109,W,0,,,,338119,118.01,0
678,1545.484,"Mount",0.075,0.003,-0.032,-0.068,0.161,-0.024,92,W,10,N,,,351999,139.40,0
679,1547.869,"Mount",0.013,-0.087,-0.083,0.029,0.123,0.000,70,W,0,,,,363633,134.18,0
680,1550.008,"Mount",-0.006,-0.047,-0.039,0.027,0.132,0.000,76,W,0,,,,377160,144.45,0
681,1552.476,"Mount",-0.052,-0.486,-0.408,0.271,-0.074,0.097,42,E,42,S,,,381823,137.15,0
682,1554.585,"Mount",0.133,-0.365,-0.386,0.051,-0.085,0.000,49,E,0,,,,376260,141.71,0
683,1557.031,"Mount",0.302,-0.129,-0.253,-0.208,-0.051,-0.075,29,E,32,N,,,386156,159.27,0
684,1559.188,"Mount",0.089,-0.194,-0.213,0.011,-0.061,0.000,35,E,0,,,,365192,127.40,0
685,1561.524,"Mount",-0.003,-0.102,-0.089,0.050,-0.021,0.000,12,E,0,,,,376662,132.64,0
686,1563.661,"Mount",0.124,0.009,-0.049,-0.114,0.006,-0.041,4,W,18,N,,,365689,125.08,0
687,1566.100,"Mount",0.088,-0.140,-0.165,-0.013,-0.075,0.000,43,E,0,,,,363846,132.81,0
688,1568.365,"Mount",0.003,-0.150,-0.134,0.066,-0.078,0.024,44,E,10,S,,,363656,123.53,0
689,1570.735,"Mount",0.080,-0.020,-0.054,-0.062,-0.024,-0.021,14,E,9,N,,,356023,131.21,0
690,1572.836,"Mount",-0.011,-0.023,-0.015,0.021,-0.024,0.000,14,E,0,,,,353939,145.71,0
691,1575.162,"Mount",0.003,-0.046,-0.042,0.018,-0.038,0.000,22,E,0,,,,340756,150.98,0
692,1577.304,"Mount",0.121,0.030,-0.030,-0.121,-0.039,-0.044,22,E,19,N,,,341950,129.74,0
693,1579.694,"Mount",-0.068,-0.058,-0.021,0.087,-0.023,0.030,13,E,13,S,,,334926,123.23,0
694,1581.811,"Mount",0.020,0.020,0.009,-0.027,-0.013,0.000,7,E,0,,,,358940,131.41,0
695,1584.205,"Mount",0.098,-0.025,-0.067,-0.076,-0.033,-0.027,19,E,12,N,,,338210,135.65,0
696,1586.384,"Mount",-0.097,0.151,0.179,0.017,0.088,0.000,51,W,0,,,,334390,131.66,0
697,1588.708,"Mount",-0.004,-0.002,0.000,0.004,0.013,0.000,8,W,0,,,,339149,130.52,0
698,1590.822,"Mount",-0.010,-0.073,-0.061,0.042,-0.010,0.000,6,E,0,,,,333450,132.00,0
699,1593.180,"Mount",-0.045,0.065,0.078,0.009,0.063,0.000,36,W,0,,,,328859,137.63,0
700,1595.291,"Mount",-0.062,0.005,0.033,0.052,0.027,0.000,16,W,0,,,,321379,136.12,0
701,1597.601,"Mount",0.083,-0.033,-0.067,-0.059,-0.001,0.000,1,E,0,,,,331094,129.40,0
702,1599.714,"Mount",0.040,0.012,-0.007,-0.041,0.032,0.000,18,W,0,,,,319620,133.93,0
703,1602.049,"Mount",0.000,0.017,0.015,-0.008,0.026,0.000,15,W,0,,,,331014,133.32,0
704,1604.219,"Mount",0.047,0.192,0.149,-0.131,0.092,-0.047,53,W,20,N,,,321206,127.47,0
705,1606.576,"Mount",-0.065,-0.073,-0.035,0.092,0.021,0.031,12,W,13,S,,,312394,141.73,0
706,1608.763,"Mount",0.146,-0.137,-0.189,-0.066,-0.072,-0.022,41,E,10,N,,,323257,134.24,0
707,1611.112,"Mount",0.035,-0.052,-0.063,-0.007,-0.025,0.000,14,E,0,,,,307908,120.63,0
708,1613.314,"Mount",0.025,0.111,0.087,-0.074,0.027,-0.027,15,W,11,N,,,337683,152.46,0
709,1615.656,"Mount",0.046,-0.041,-0.058,-0.022,-0.019,0.000,11,E,0,,,,341171,129.85,0
710,1617.853,"Mount",-0.049,-0.114,-0.078,0.096,-0.054,0.034,31,E,15,S,,,354490,141.12,0
711,1620.355,"Mount",-0.020,-0.161,-0.134,0.092,-0.089,0.034,51,E,15,S,,,358417,141.78,0
712,1622.477,"Mount",-0.012,-0.077,-0.063,0.046,-0.053,0.000,30,E,0,,,,351101,123.61,0
713,1624.802,"Mount",-0.087,-0.004,0.037,0.079,-0.017,0.029,10,E,12,S,,,364604,140.93,0
714,1626.951,"Mount",-0.111,0.178,0.209,0.016,0.081,0.000,46,W,0,,,,346733,137.48,0
715,1629.422,"Mount",-0.105,0.391,0.396,-0.087,0.183,-0.031,104,W,13,N,,,345477,128.84,0
716,1631.546,"Mount",0.040,0.064,0.038,-0.065,0.013,-0.025,8,W,10,N,,,346602,133.20,0
717,1633.936,"Mount",-0.045,0.058,0.072,0.013,0.051,0.000,29,W,0,,,,373347,147.24,0
718,1636.068,"Mount",-0.030,0.078,0.083,-0.010,0.066,0.000,38,W,0,,,,361238,142.24,0
719,1638.416,"Mount",0.034,0.036,0.017,-0.047,0.040,0.000,23,W,0,,,,364447,128.42,0
720,1640.568,"Mount",-0.008,0.111,0.102,-0.044,0.081,0.000,46,W,0,,,,386076,135.90,0
721,1642.896,"Mount",0.010,-0.003,-0.007,-0.008,0.033,0.000,19,W,0,,,,378562,136.86,0
722,1645.022,"Mount",-0.042,0.048,0.062,0.015,0.053,0.000,30,W,0,,,,374953,141.82,0
723,1647.413,"Mount",0.060,0.045,0.012,-0.074,0.021,-0.027,12,W,11,N,,,386696,130.62,0
724,1649.492,"Mount",-0.060,-0.004,0.024,0.055,0.018,0.000,10,W,0,,,,383345,128.36,0
725,1651.824,"Mount",-0.025,-0.009,0.004,0.026,0.006,0.000,3,W,0,,,,406777,149.49,0
726,1653.938,"Mount",-0.011,-0.091,-0.075,0.052,-0.036,0.000,21,E,0,,,,404050,150.60,0
727,1656.269,"Mount",-0.058,0.056,0.076,0.025,0.028,0.000,16,W,0,,,,379962,128.56,0
728,1658.439,"Mount",-0.077,-0.015,0.022,0.075,-0.016,0.027,9,E,12,S,,,379521,127.93,0
729,1660.736,"Mount",0.003,0.005,0.003,-0.005,-0.035,0.000,20,E,0,,,,368969,141.01,0
730,1662.884,"Mount",0.004,-0.039,-0.037,0.014,-0.058,0.000,33,E,0,,,,379884,135.49,0
731,1665.260,"Mount",0.100,-0.065,-0.104,-0.059,-0.122,0.000,70,E,0,,,,374952,125.62,0
732,1667.377,"Mount",0.034,0.064,0.041,-0.059,-0.084,0.000,48,E,0,,,,369186,132.99,0
733,1669.764,"Mount",0.037,-0.129,-0.131,0.027,-0.166,0.000,95,E,0,,,,406372,152.02,0
734,1671.941,"Mount",0.067,-0.030,-0.058,-0.046,-0.122,0.000,70,E,0,,,,377585,134.76,0
735,1674.435,"Mount",0.106,-0.049,-0.092,-0.072,-0.171,-0.026,97,E,11,N,,,362223,145.07,0
736,1676.609,"Mount",0.071,0.009,-0.024,-0.067,-0.127,-0.025,73,E,11,N,,,354086,122.76,0
737,1678.972,"Mount",-0.030,-0.042,-0.024,0.046,-0.132,0.000,76,E,0,,,,344009,123.25,0
738,1681.133,"Mount",0.022,-0.055,-0.059,0.006,-0.121,0.000,69,E,0,,,,370464,157.11,0
739,1683.514,"Mount",-0.031,-0.071,-0.049,0.060,-0.110,0.000,63,E,0,,,,369469,125.69,0
740,1685.751,"Mount",0.095,-0.049,-0.087,-0.062,-0.125,-0.022,72,E,10,N,,,348076,149.25,0
741,1688.190,"Mount",0.048,0.051,0.023,-0.066,-0.069,-0.025,40,E,11,N,,,343765,129.12,0
742,1690.363,"Mount",-0.014,-0.004,0.003,0.014,-0.057,0.000,32,E,0,,,,340228,121.76,0
743,1692.756,"Mount",-0.108,0.054,0.098,0.071,-0.008,0.026,5,E,11,S,,,344492,132.74,0
744,1694.960,"Mount",-0.235,0.138,0.230,0.144,0.069,0.053,40,W,23,S,,,343043,136.89,0
745,1697.364,"Mount",-0.048,-0.070,-0.040,0.075,-0.036,0.029,21,E,12,S,,,339342,136.32,0
746,1699.489,"Mount",0.024,0.060,0.042,-0.049,-0.034,0.000,20,E,0,,,,320128,117.06,0
747,1701.832,"Mount",-0.023,0.041,0.047,0.001,-0.036,0.000,20,E,0,,,,319550,143.21,0
748,1703.923,"Mount",-0.068,0.047,0.073,0.039,-0.010,0.000,5,E,0,,,,300980,116.88,0
749,1706.317,"Mount",-0.001,0.051,0.046,-0.022,-0.052,0.000,30,E,0,,,,294562,132.59,0
750,1708.383,"Mount",-0.076,0.139,0.158,0.004,0.019,0.000,11,W,0,,,,274010,132.03,0
751,1710.749,"Mount",-0.044,-0.012,0.010,0.045,-0.060,0.000,34,E,0,,,,265725,119.27,0
752,1712.882,"Mount",0.007,0.036,0.029,-0.023,-0.060,0.000,35,E,0,,,,287409,151.94,0
753,1715.273,"Mount",0.051,-0.101,-0.113,0.002,-0.122,0.000,70,E,0,,,,261813,124.08,0
754,1717.586,"Mount",0.419,0.087,-0.115,-0.412,-0.150,-0.148,86,E,63,N,,,244173,121.75,0
755,1720.063,"Mount",-0.033,-0.221,-0.181,0.132,-0.207,0.041,118,E,18,S,,,209286,107.11,0
756,1722.305,"Mount",-0.103,-0.223,-0.151,0.194,-0.201,0.072,115,E,31,S,,,186849,98.29,0
757,1724.538,"DROP",,,,,,,,,,,,,157831,95.67,7,"Star lost - mass changed"
757,1724.685,"Mount",0.000,0.000,-0.171,0.000,-0.171,0.000,98,E,0,,,,186849,98.29,7
758,1726.727,"DROP",,,,,,,,,,,,,161199,92.56,8,"No star found"
758,1726.880,"Mount",0.000,0.000,-0.161,0.000,-0.161,0.000,92,E,0,,,,186849,98.29,8
759,1729.163,"DROP",,,,,,,,,,,,,156767,99.17,7,"Star lost - mass changed"
759,1729.331,"Mount",0.000,0.000,-0.202,0.000,-0.202,0.000,115,E,0,,,,186849,98.29,7
760,1731.368,"DROP",,,,,,,,,,,,,136429,86.92,7,"Star lost - mass changed"
760,1731.531,"Mount",0.000,0.000,-0.194,0.000,-0.194,0.000,111,E,0,,,,186849,98.29,7
761,1733.801,"DROP",,,,,,,,,,,,,133187,96.79,7,"Star lost - mass changed"
761,1733.976,"Mount",0.000,0.000,-0.209,0.000,-0.209,0.000,120,E,0,,,,186849,98.29,7
762,1736.037,"DROP",,,,,,,,,,,,,134003,92.08,7,"Star lost - mass changed"
762,1736.210,"Mount",0.000,0.000,-0.204,0.000,-0.204,0.000,117,E,0,,,,186849,98.29,7
763,1738.759,"Mount",0.144,-0.181,-0.227,-0.044,-0.307,0.000,176,E,0,,,,153294,90.32,0
764,1741.018,"Mount",0.125,-0.187,-0.223,-0.025,-0.287,0.000,164,E,0,,,,175918,99.57,0
765,1743.276,"DROP",,,,,,,,,,,,,176099,119.04,8,"No star found"
765,1743.436,"Mount",0.000,0.000,-0.189,0.000,-0.189,0.000,108,E,0,,,,175918,99.57,8
766,1745.490,"DROP",,,,,,,,,,,,,154280,93.95,8,"No star found"
766,1745.645,"Mount",0.000,0.000,-0.180,0.000,-0.180,0.000,103,E,0,,,,175918,99.57,8
767,1747.925,"DROP",,,,,,,,,,,,,149967,90.31,8,"No star found"
767,1748.096,"Mount",0.000,0.000,-0.190,0.000,-0.190,0.000,109,E,0,,,,175918,99.57,8
768,1750.399,"Mount",0.212,-0.012,-0.108,-0.182,-0.219,-0.066,125,E,28,N,,,180672,122.44,0
769,1752.982,"Mount",0.075,-0.360,-0.354,0.100,-0.319,0.033,182,E,14,S,,,163381,91.77,0
770,1755.324,"Mount",0.197,-0.033,-0.119,-0.159,-0.186,-0.056,106,E,24,N,,,142577,90.29,0
771,1757.587,"DROP",,,,,,,,,,,,,146520,94.91,8,"No star found"
771,1757.696,"Mount",0.000,0.000,-0.102,0.000,-0.102,0.000,58,E,0,,,,142577,90.29,8
772,1759.719,"DROP",,,,,,,,,,,,,145231,96.13,8,"No star found"
772,1759.820,"Mount",0.000,0.000,-0.082,0.000,-0.082,0.000,47,E,0,,,,142577,90.29,8
773,1762.256,"Mount",-0.071,0.012,0.043,0.058,-0.093,0.000,53,E,0,,,,138700,91.55,0
774,1764.467,"Mount",-0.104,-0.046,0.007,0.114,-0.073,0.041,42,E,18,S,,,141914,99.42,0
775,1766.876,"Mount",-0.114,0.086,0.129,0.061,-0.002,0.024,1,E,10,S,,,155709,113.32,0
776,1768.985,"Mount",-0.056,0.104,0.118,0.001,0.007,0.000,4,W,0,,,,157203,96.43,0
777,1771.286,"Mount",-0.145,0.154,0.203,0.058,0.046,0.000,26,W,0,,,,180710,93.81,0
778,1773.532,"Mount",-0.277,0.351,0.439,0.083,0.162,0.030,93,W,13,S,,,204673,111.74,0
779,1775.892,"Mount",0.042,-0.090,-0.099,0.004,-0.081,0.000,46,E,0,,,,195912,117.84,0
780,1778.037,"Mount",0.056,-0.017,-0.041,-0.042,-0.023,0.000,13,E,0,,,,222293,118.91,0
781,1780.355,"Mount",0.060,-0.009,-0.035,-0.049,-0.014,0.000,8,E,0,,,,202708,106.69,0
782,1782.453,"Mount",0.079,-0.053,-0.084,-0.046,-0.055,0.000,31,E,0,,,,206162,105.53,0
783,1784.804,"Mount",-0.014,-0.046,-0.035,0.033,-0.019,0.000,11,E,0,,,,193050,107.93,0
784,1786.848,"Mount",-0.034,0.059,0.068,0.003,0.014,0.000,8,W,0,,,,184502,112.72,0
785,1789.198,"Mount",0.028,-0.042,-0.050,-0.006,-0.016,0.000,9,E,0,,,,172817,103.96,0
786,1791.431,"Mount",0.108,0.071,0.014,-0.129,-0.011,-0.046,6,E,20,N,,,185694,114.66,0
787,1793.903,"Mount",-0.113,0.013,0.063,0.095,0.029,0.032,17,W,14,S,,,207308,109.50,0
788,1796.100,"Mount",-0.071,-0.020,0.015,0.073,0.020,0.027,12,W,12,S,,,216647,110.69,0
789,1798.414,"Mount",-0.033,0.174,0.170,-0.051,0.098,0.000,56,W,0,,,,211190,112.84,0
790,1800.506,"Mount",-0.089,0.121,0.149,0.023,0.096,0.000,55,W,0,,,,207988,104.48,0
791,1802.899,"Mount",0.058,0.107,0.068,-0.101,0.081,-0.036,46,W,16,N,,,217632,121.12,0
792,1805.118,"Mount",-0.037,0.228,0.220,-0.073,0.172,-0.028,98,W,12,N,,,222933,123.05,0
793,1807.606,"Mount",-0.142,0.117,0.169,0.072,0.165,0.025,94,W,11,S,,,215831,107.17,0
794,1809.884,"Mount",0.042,0.225,0.181,-0.141,0.180,-0.050,103,W,21,N,,,237675,117.25,0
795,1812.405,"Mount",-0.077,0.009,0.043,0.064,0.135,0.021,77,W,9,S,,,226368,113.55,0
796,1814.548,"Mount",-0.001,0.067,0.060,-0.030,0.141,0.000,81,W,0,,,,250010,121.25,0
797,1816.984,"Mount",-0.098,0.163,0.190,0.011,0.223,0.000,128,W,0,,,,242494,112.55,0
798,1819.162,"Mount",-0.031,0.040,0.050,0.009,0.146,0.000,84,W,0,,,,274459,139.95,0
799,1821.568,"Mount",-0.005,-0.048,-0.040,0.027,0.160,0.000,92,W,0,,,,267972,113.56,0
800,1823.797,"Mount",-0.079,-0.088,-0.042,0.111,0.155,0.040,89,W,17,S,,,280862,127.14,0
801,1826.217,"Mount",-0.024,-0.004,0.008,0.023,0.145,0.000,83,W,0,,,,258548,124.97,0
802,1828.452,"Mount",0.162,0.004,-0.071,-0.145,0.101,-0.052,58,W,22,N,,,250439,104.19,0
803,1830.830,"Mount",0.030,-0.098,-0.100,0.019,0.068,0.000,39,W,0,,,,229192,106.36,0
804,1832.955,"Mount",0.061,-0.145,-0.156,0.013,0.021,0.000,12,W,0,,,,256564,123.47,0
805,1835.285,"Mount",0.024,-0.126,-0.123,0.037,0.006,0.000,3,W,0,,,,245283,125.58,0
806,1837.459,"Mount",-0.038,-0.160,-0.124,0.107,-0.014,0.039,8,E,17,S,,,221574,115.70,0
807,1841.936,"Mount",-0.024,-0.143,-0.116,0.087,-0.014,0.033,8,E,14,S,,,214834,114.15,0
808,1844.266,"Mount",0.041,-0.152,-0.153,0.034,-0.054,0.000,31,E,0,,,,230772,111.49,0
Guiding Ends at 2026-05-13 23:16:23

Guiding Begins at 2026-05-13 23:17:33
Equipment Profile = 60mmGuide
Dither = both axes, Dither scale = 1.000, Image noise reduction = none, Guide-frame time lapse = 0, Server enabled
Pixel scale = 3.22 arc-sec/px, Binning = 1, Focal length = 240 mm
Search region = 25 px, Star mass tolerance = 50.0%, Multi-star mode, list size = 12
 Camera = ZWO ASI120MM Mini, gain = 37, full size = 1280 x 960, have dark, dark dur = 2000, no defect map, pixel size = 3.8 um
Exposure = 2000 ms
Mount = iOptron CEM120,70,40,26, GEM, HEM, HAE, HAZ series and SkyHunter Mount (ASCOM), connected, guiding enabled, xAngle = 117.4, xRate = 2.411, yAngle = -152.7, yRate = 2.338, parity = +/+
Norm rates RA = 8.3"/s @ dec 0, Dec = 7.5"/s; ortho.err. = 0.1 deg
X guide algorithm = Predictive PEC, Control gain = 0.450
Prediction gain = 0.750
Minimum move = 0.060
Hyperparameters
	Length scale long range SE kernel = 700.000
	Signal variance long range SE kernel = 20.000
	Length scale periodic kernel = 10.000
	Signal variance periodic kernel = 20.000
	Length scale short range SE kernel = 25.000
	Signal variance short range SE kernel = 10.000
	Period length periodic kernel = 348.000
	FFT called after = 2.000 worm cycles
	Auto-adjust period length = Off
Y guide algorithm = Hysteresis, Hysteresis = 0.100, Aggression = 0.400, Minimum move = 0.060
Backlash comp = disabled, pulse = 100 ms
Max RA duration = 2500, Max DEC duration = 2500, DEC guide mode = Auto
RA Guide Speed = 7.5 a-s/s, Dec Guide Speed = 7.5 a-s/s, Cal Dec = 0.0, Last Cal Issue = None, Timestamp = 7/29/2025 9:33:42 PM
RA = 16.26 hr, Dec = -20.1 deg, Hour angle = -3.13 hr, Pier side = West, Rotator pos = N/A, Alt = 21.5 deg, Az = 132.5 deg
Lock position = 275.508, 70.339, Star position = 275.508, 70.339, HFD = 5.06 px
Frame,Time,mount,dx,dy,RARawDistance,DECRawDistance,RAGuideDistance,DECGuideDistance,RADuration,RADirection,DECDuration,DECDirection,XStep,YStep,StarMass,SNR,ErrorCode
INFO: SETTLING STATE CHANGE, Settling started
1,2.250,"Mount",-0.090,0.279,0.289,-0.049,0.130,0.000,54,W,0,,,,872018,139.86,0
2,4.614,"Mount",-0.053,0.195,0.198,-0.043,0.089,0.000,37,W,0,,,,877328,155.72,0
3,6.752,"Mount",-0.049,0.201,0.201,-0.049,0.090,0.000,37,W,0,,,,868591,144.26,0
4,9.149,"Mount",-0.210,0.391,0.444,0.006,0.200,0.000,83,W,0,,,,923320,166.81,0
5,11.366,"Mount",-0.376,-0.063,0.118,0.363,0.053,0.131,22,W,56,S,,,920827,162.50,0
6,13.931,"Mount",-0.242,-0.329,-0.180,0.367,-0.081,0.137,34,E,59,S,,,891110,148.33,0
7,16.167,"Mount",-0.184,-0.234,-0.123,0.271,-0.055,0.103,23,E,44,S,,,920448,160.10,0
8,18.500,"Mount",-0.283,-0.112,0.031,0.303,0.000,0.113,0,,48,S,,,920586,152.89,0
9,20.676,"Mount",-0.032,-0.195,-0.158,0.118,-0.071,0.047,30,E,20,S,,,861581,146.97,0
INFO: SETTLING STATE CHANGE, Settling complete
10,23.099,"Mount",-0.098,-0.251,-0.178,0.203,-0.080,0.075,33,E,32,S,,,924226,171.55,0
11,25.331,"Mount",-0.132,-0.260,-0.170,0.237,-0.080,0.088,33,E,38,S,,,884744,156.98,0
12,28.377,"Mount",-1.710,3.586,3.971,-0.139,1.611,-0.046,668,W,20,N,,,849292,152.72,0
13,30.913,"Mount",-1.120,1.849,2.157,0.139,0.876,0.048,363,W,21,S,,,857353,162.74,0
14,33.620,"Mount",0.502,-2.078,-2.076,0.514,-0.700,0.187,290,E,80,S,,,890326,172.96,0
15,35.979,"Mount",0.197,-1.086,-1.055,0.327,-0.309,0.125,128,E,53,S,,,858541,157.82,0
16,38.449,"Mount",-0.230,-0.383,-0.234,0.381,-0.180,0.142,75,E,61,S,,,960586,148.71,0
17,40.571,"Mount",-0.168,0.169,0.227,0.071,0.016,0.031,7,W,13,S,,,959349,169.31,0
18,43.004,"Mount",-0.355,0.072,0.227,0.282,0.068,0.103,28,W,44,S,,,832149,154.65,0
19,45.253,"Mount",-0.253,0.303,0.386,0.085,0.142,0.035,59,W,15,S,,,941168,147.94,0
20,47.730,"Mount",-0.295,0.401,0.491,0.076,0.234,0.029,97,W,12,S,,,868993,155.69,0
21,50.026,"Mount",-0.405,0.395,0.538,0.177,0.264,0.065,109,W,28,S,,,921785,194.38,0
22,52.519,"Mount",-0.490,0.528,0.695,0.191,0.339,0.071,141,W,30,S,,,907876,164.44,0
23,54.868,"Mount",-0.470,0.525,0.682,0.174,0.341,0.066,142,W,28,S,,,883964,150.48,0
24,57.199,"Mount",-0.134,0.129,0.177,0.059,0.122,0.000,51,W,0,,,,856484,154.79,0
25,59.449,"Mount",-0.376,0.091,0.254,0.292,0.152,0.105,63,W,45,S,,,902045,165.39,0
26,61.903,"Mount",-0.352,0.105,0.255,0.264,0.115,0.099,48,W,42,S,,,842940,165.69,0
27,64.117,"Mount",-0.229,0.290,0.363,0.070,0.156,0.029,65,W,12,S,,,815493,123.95,0
28,66.536,"Mount",-0.010,0.192,0.175,-0.079,0.075,-0.027,31,W,12,N,,,780311,161.41,0
29,68.725,"Mount",-0.146,0.141,0.193,0.064,0.082,0.022,34,W,9,S,,,824952,143.60,0
30,71.130,"Mount",0.032,0.193,0.156,-0.118,0.080,-0.041,33,W,18,N,,,852243,174.42,0
31,73.266,"Mount",0.084,0.106,0.056,-0.123,0.016,-0.046,7,W,20,N,,,787529,148.94,0
32,75.615,"Mount",-0.028,0.061,0.067,-0.004,0.051,0.000,21,W,0,,,,820885,168.07,0
33,77.722,"Mount",0.011,0.092,0.076,-0.052,0.051,0.000,21,W,0,,,,774021,150.63,0
34,80.051,"Mount",0.015,-0.075,-0.074,0.022,-0.004,0.000,2,E,0,,,,825767,156.71,0
35,82.176,"Mount",0.057,-0.143,-0.154,0.015,-0.051,0.000,21,E,0,,,,889688,157.02,0
36,84.494,"Mount",-0.012,0.003,0.008,0.009,0.013,0.000,5,W,0,,,,920555,169.70,0
37,86.720,"Mount",0.184,-0.222,-0.281,-0.061,-0.118,-0.022,49,E,9,N,,,915062,182.20,0
38,89.084,"Mount",-0.080,0.136,0.157,0.008,0.066,0.000,27,W,0,,,,911147,139.61,0
39,91.177,"Mount",-0.054,-0.010,0.016,0.053,0.005,0.000,2,W,0,,,,945508,158.58,0
40,93.536,"Mount",-0.018,0.020,0.026,0.006,0.009,0.000,4,W,0,,,,868900,153.66,0
41,95.760,"Mount",-0.199,-0.074,0.026,0.210,0.023,0.076,9,W,32,S,,,1055103,169.73,0
42,98.147,"Mount",-0.153,0.097,0.156,0.091,0.094,0.036,39,W,15,S,,,960846,147.32,0
43,100.344,"Mount",-0.209,0.068,0.156,0.154,0.098,0.057,41,W,24,S,,,947385,164.54,0
44,102.762,"Mount",-0.272,-0.107,0.031,0.291,0.018,0.107,8,W,46,S,,,1006530,180.26,0
45,104.948,"Mount",-0.138,-0.134,-0.056,0.184,0.020,0.071,8,W,30,S,,,989779,145.98,0
46,107.391,"Mount",-0.158,0.053,0.119,0.115,0.063,0.044,26,W,19,S,,,1015194,161.95,0
47,109.524,"Mount",0.099,-0.003,-0.048,-0.086,0.014,-0.029,6,W,12,N,,,951562,178.80,0
48,111.943,"Mount",-0.134,-0.042,0.024,0.138,0.011,0.049,5,W,21,S,,,995764,189.59,0
49,114.126,"Mount",-0.049,-0.201,-0.156,0.136,-0.051,0.051,21,E,22,S,,,922919,155.61,0
50,116.485,"Mount",-0.022,-0.096,-0.075,0.064,-0.022,0.025,9,E,11,S,,,983839,195.01,0
51,118.644,"Mount",0.024,-0.086,-0.087,0.018,-0.027,0.000,11,E,0,,,,974458,155.43,0
52,121.114,"Mount",0.075,0.007,-0.028,-0.070,0.004,-0.025,1,W,11,N,,,1009347,158.49,0
53,123.330,"Mount",-0.057,-0.121,-0.081,0.106,-0.028,0.037,12,E,16,S,,,978352,185.46,0
54,125.691,"Mount",-0.165,-0.064,0.019,0.175,0.010,0.065,4,W,28,S,,,968044,155.30,0
55,127.816,"Mount",-0.054,0.173,0.178,-0.031,0.089,0.000,37,W,0,,,,979748,184.86,0
56,130.228,"Mount",0.038,-0.270,-0.257,0.091,-0.085,0.033,35,E,14,S,,,947951,161.20,0
57,132.367,"Mount",0.135,-0.106,-0.156,-0.070,-0.030,-0.024,12,E,10,N,,,932079,164.89,0
58,134.684,"Mount",0.050,-0.027,-0.047,-0.032,0.038,0.000,16,W,0,,,,982525,141.91,0
59,136.818,"Mount",0.102,-0.200,-0.224,0.002,-0.101,0.000,42,E,0,,,,1005985,157.60,0
60,139.188,"Mount",-0.073,-0.067,-0.026,0.095,-0.007,0.034,3,E,15,S,,,960948,152.63,0
61,141.367,"Mount",-0.149,-0.052,0.022,0.156,0.002,0.057,1,W,25,S,,,936851,152.93,0
62,143.770,"Mount",0.029,-0.196,-0.187,0.065,-0.072,0.026,30,E,11,S,,,970609,147.76,0
63,145.911,"Mount",-0.025,0.052,0.058,-0.002,0.019,0.000,8,W,0,,,,902299,158.43,0
64,148.237,"Mount",-0.107,0.127,0.162,0.036,0.090,0.000,37,W,0,,,,1002584,159.13,0
65,150.428,"Mount",-0.220,0.108,0.197,0.145,0.113,0.052,47,W,22,S,,,1006238,169.31,0
66,152.826,"Mount",-0.158,-0.054,0.025,0.165,0.021,0.061,9,W,26,S,,,968036,173.58,0
67,155.020,"Mount",-0.009,-0.245,-0.213,0.121,-0.060,0.046,25,E,20,S,,,982226,135.31,0
68,157.399,"Mount",-0.066,-0.134,-0.088,0.120,-0.011,0.045,4,E,19,S,,,882198,142.90,0
69,159.584,"Mount",-0.129,-0.058,0.008,0.141,0.028,0.053,11,W,22,S,,,978086,155.29,0
70,161.981,"Mount",-0.083,-0.030,0.012,0.087,0.003,0.034,1,W,14,S,,,887490,139.90,0
71,164.095,"Mount",0.023,-0.112,-0.110,0.031,-0.041,0.000,17,E,0,,,,970820,143.56,0
72,166.518,"Mount",-0.128,0.072,0.123,0.080,0.071,0.029,30,W,12,S,,,966819,149.26,0
73,168.677,"Mount",-0.108,-0.048,0.007,0.118,0.024,0.044,10,W,19,S,,,973429,172.86,0
74,171.050,"Mount",0.244,0.037,-0.080,-0.234,-0.009,-0.082,4,E,35,N,,,976380,153.43,0
75,173.237,"Mount",0.255,-0.202,-0.297,-0.132,-0.098,-0.051,41,E,22,N,,,996330,157.95,0
76,175.587,"Mount",0.032,-0.181,-0.175,0.055,-0.043,0.000,18,E,0,,,,926377,139.36,0
77,177.720,"Mount",0.143,-0.248,-0.286,-0.013,-0.115,0.000,48,E,0,,,,1068380,160.54,0
78,180.148,"Mount",0.134,-0.313,-0.340,0.026,-0.133,0.000,55,E,0,,,,1061234,162.22,0
79,182.292,"Mount",0.256,-0.369,-0.446,-0.057,-0.201,0.000,83,E,0,,,,957380,140.94,0
80,184.735,"Mount",-0.035,-0.363,-0.306,0.199,-0.140,0.071,58,E,31,S,,,1037048,145.77,0
81,186.998,"Mount",0.049,-0.508,-0.473,0.191,-0.228,0.072,95,E,31,S,,,1017248,148.89,0
82,189.501,"Mount",0.010,-0.244,-0.221,0.104,-0.115,0.040,48,E,17,S,,,1064009,165.86,0
83,191.754,"Mount",0.054,-0.470,-0.442,0.169,-0.214,0.062,89,E,27,S,,,1109447,164.65,0
84,194.096,"Mount",0.104,-0.290,-0.305,0.041,-0.144,0.000,60,E,0,,,,1076269,172.96,0
85,196.317,"Mount",-0.161,-0.278,-0.173,0.271,-0.093,0.098,39,E,42,S,,,1022663,161.13,0
86,198.773,"Mount",0.033,-0.375,-0.349,0.144,-0.154,0.056,64,E,24,S,,,978834,171.17,0
87,200.995,"Mount",0.062,-0.497,-0.469,0.174,-0.203,0.065,84,E,28,S,,,1019671,144.56,0
88,203.374,"Mount",0.149,-0.075,-0.135,-0.097,-0.053,-0.032,22,E,14,N,,,963413,144.98,0
89,205.503,"Mount",-0.001,0.016,0.015,-0.007,0.018,0.000,7,W,0,,,,978828,141.45,0
90,207.855,"Mount",0.124,-0.163,-0.202,-0.035,-0.095,0.000,40,E,0,,,,1076696,184.84,0
91,210.039,"Mount",0.101,-0.035,-0.077,-0.073,-0.032,-0.026,13,E,11,N,,,1006300,157.04,0
92,212.338,"Mount",0.034,-0.029,-0.041,-0.017,0.055,0.000,23,W,0,,,,909603,146.28,0
93,214.455,"Mount",0.072,-0.252,-0.257,0.053,-0.046,0.000,19,E,0,,,,973562,158.90,0
94,216.777,"Mount",0.027,-0.120,-0.119,0.032,-0.006,0.000,3,E,0,,,,977226,163.88,0
95,218.987,"Mount",-0.173,-0.038,0.047,0.171,0.044,0.062,18,W,26,S,,,961871,159.43,0
96,221.422,"Mount",-0.066,-0.267,-0.207,0.182,-0.098,0.068,41,E,29,S,,,1046602,155.64,0
97,223.554,"Mount",-0.034,0.039,0.051,0.012,-0.012,0.000,5,E,0,,,,978920,187.80,0
98,225.934,"Mount",0.070,-0.082,-0.105,-0.024,-0.047,0.000,20,E,0,,,,1027229,192.65,0
99,228.187,"Mount",-0.060,-0.337,-0.272,0.209,-0.110,0.075,46,E,32,S,,,1043745,143.38,0
100,230.526,"Mount",0.171,-0.264,-0.313,-0.030,-0.122,0.000,50,E,0,,,,999554,151.40,0
101,232.693,"Mount",0.256,-0.410,-0.482,-0.037,-0.201,0.000,83,E,0,,,,1008558,154.16,0
102,235.050,"Mount",0.104,-0.321,-0.333,0.056,-0.130,0.000,54,E,0,,,,986328,167.64,0
103,237.243,"Mount",0.292,-0.485,-0.565,-0.035,-0.269,0.000,112,E,0,,,,1068809,208.85,0
104,239.712,"Mount",0.039,-0.416,-0.387,0.158,-0.185,0.057,77,E,24,S,,,975778,149.62,0
105,241.962,"Mount",0.153,-0.446,-0.466,0.070,-0.230,0.028,96,E,12,S,,,1007291,141.17,0
106,244.332,"Mount",0.240,-0.413,-0.477,-0.022,-0.222,0.000,92,E,0,,,,911714,140.82,0
107,246.571,"Mount",0.249,-0.611,-0.657,0.061,-0.326,0.022,135,E,9,S,,,1076435,163.78,0
108,248.994,"Mount",0.266,-0.616,-0.669,0.048,-0.320,0.000,133,E,0,,,,1107418,167.79,0
109,251.335,"Mount",0.198,-0.620,-0.641,0.111,-0.364,0.040,151,E,17,S,,,1021891,147.51,0
110,253.848,"Mount",0.070,-0.634,-0.595,0.230,-0.335,0.084,139,E,36,S,,,1053166,160.02,0
111,256.026,"Mount",0.224,-0.353,-0.416,-0.036,-0.278,0.000,115,E,0,,,,998133,190.30,0
112,258.447,"Mount",0.221,-0.451,-0.502,0.013,-0.296,0.000,123,E,0,,,,1041081,156.68,0
113,260.716,"Mount",0.270,-0.340,-0.426,-0.083,-0.239,-0.030,99,E,13,N,,,1018876,161.00,0
114,263.122,"Mount",0.219,-0.462,-0.511,0.018,-0.228,0.000,95,E,0,,,,983931,163.46,0
115,265.361,"Mount",0.272,-0.316,-0.406,-0.095,-0.157,-0.034,65,E,15,N,,,974891,164.61,0
116,267.623,"Mount",0.067,-0.149,-0.164,0.009,-0.001,0.000,0,,0,,,,932292,162.54,0
117,269.878,"Mount",0.052,-0.630,-0.583,0.245,-0.163,0.088,68,E,38,S,,,962961,144.30,0
118,272.261,"Mount",0.231,-0.529,-0.576,0.040,-0.170,0.000,70,E,0,,,,1003723,170.26,0
119,274.411,"Mount",0.009,-0.316,-0.285,0.137,-0.049,0.049,20,E,21,S,,,964667,159.04,0
120,276.847,"Mount",0.181,-0.364,-0.406,0.007,-0.276,0.000,115,E,0,,,,999629,156.33,0
121,279.065,"Mount",-0.128,-0.072,-0.005,0.147,-0.105,0.053,44,E,23,S,,,1011410,165.79,0
122,281.400,"Mount",0.058,-0.024,-0.048,-0.040,-0.090,0.000,37,E,0,,,,977722,139.11,0
123,283.495,"Mount",-0.004,0.064,0.058,-0.026,-0.082,0.000,34,E,0,,,,1002390,164.76,0
124,285.871,"Mount",-0.068,0.264,0.265,-0.061,0.104,-0.022,43,W,9,N,,,1053270,150.43,0
125,288.010,"Mount",-0.114,0.066,0.111,0.071,0.053,0.025,22,W,11,S,,,982672,152.59,0
126,290.369,"Mount",-0.084,-0.117,-0.065,0.128,-0.003,0.047,1,E,20,S,,,1033687,153.95,0
127,292.484,"Mount",0.014,-0.036,-0.038,0.004,0.055,0.000,23,W,0,,,,988131,147.19,0
128,294.879,"Mount",0.162,-0.092,-0.156,-0.101,-0.005,-0.036,2,E,16,N,,,963208,141.83,0
129,297.043,"Mount",-0.101,0.027,0.070,0.077,0.026,0.026,11,W,11,S,,,995236,168.35,0
130,299.358,"Mount",0.064,-0.067,-0.089,-0.026,-0.056,0.000,23,E,0,,,,1029317,179.87,0
131,301.503,"Mount",0.118,-0.113,-0.155,-0.052,-0.111,0.000,46,E,0,,,,1044691,164.06,0
132,303.847,"Mount",-0.023,0.039,0.045,0.003,-0.063,0.000,26,E,0,,,,1041709,156.39,0
133,306.035,"Mount",-0.076,-0.054,-0.013,0.092,-0.087,0.033,36,E,14,S,,,1054649,173.52,0
134,308.424,"Mount",0.158,0.031,-0.045,-0.154,-0.099,-0.054,41,E,23,N,,,986149,163.10,0
135,310.602,"Mount",-0.145,0.074,0.132,0.094,-0.042,0.032,17,E,14,S,,,1059297,169.19,0
136,313.013,"Mount",-0.298,-0.020,0.120,0.273,0.007,0.100,3,W,43,S,,,1076441,157.03,0
137,315.189,"Mount",-0.123,-0.073,-0.008,0.143,-0.023,0.055,10,E,24,S,,,1016025,167.43,0
138,317.702,"Mount",-0.253,0.025,0.139,0.213,0.111,0.079,46,W,34,S,,,1029349,154.60,0
139,319.988,"Mount",-0.374,0.145,0.301,0.264,0.209,0.098,87,W,42,S,,,1012628,169.12,0
140,322.415,"Mount",-0.102,0.321,0.331,-0.058,0.237,0.000,98,W,0,,,,961375,149.27,0
141,324.625,"Mount",0.010,0.210,0.182,-0.105,0.199,-0.038,82,W,16,N,,,945445,138.24,0
142,327.137,"Mount",-0.203,0.008,0.101,0.177,0.208,0.062,86,W,27,S,,,1066170,175.96,0
143,329.410,"Mount",-0.206,0.419,0.467,-0.010,0.379,0.000,157,W,0,,,,978229,151.09,0
144,331.876,"Mount",-0.140,-0.025,0.042,0.136,0.134,0.049,56,W,21,S,,,1034087,157.20,0
145,336.347,"Mount",-0.206,0.544,0.578,-0.068,0.428,-0.023,177,W,10,N,,,973829,157.55,0
146,338.568,"Mount",-0.256,0.042,0.155,0.208,0.189,0.074,78,W,32,S,,,988875,148.88,0
147,341.236,"Mount",-0.200,0.045,0.132,0.156,0.159,0.059,66,W,25,S,,,979389,149.88,0
148,343.413,"Mount",-0.142,-0.052,0.019,0.150,0.064,0.056,27,W,24,S,,,1046471,168.28,0
149,345.776,"Mount",-0.116,0.148,0.184,0.034,0.119,0.000,49,W,0,,,,1004218,140.32,0
150,347.963,"Mount",-0.092,0.198,0.219,-0.010,0.089,0.000,37,W,0,,,,1106609,154.04,0
151,350.333,"Mount",-0.231,0.029,0.132,0.191,0.039,0.069,16,W,29,S,,,1011080,157.38,0
152,352.459,"Mount",-0.038,-0.062,-0.038,0.063,-0.022,0.025,9,E,11,S,,,988934,149.05,0
153,354.831,"Mount",0.074,-0.006,-0.039,-0.063,-0.017,-0.022,7,E,9,N,,,1030237,162.03,0
154,356.974,"Mount",-0.064,0.188,0.196,-0.030,0.088,0.000,36,W,0,,,,1099141,180.02,0
155,359.327,"Mount",-0.089,0.063,0.097,0.050,0.066,0.000,27,W,0,,,,1006074,176.74,0
156,361.547,"Mount",0.071,0.163,0.112,-0.138,0.126,-0.050,52,W,21,N,,,939748,145.75,0
157,363.963,"Mount",-0.075,-0.091,-0.046,0.108,0.099,0.037,41,W,16,S,,,959576,183.15,0
158,366.136,"Mount",0.043,-0.227,-0.221,0.067,0.010,0.026,4,W,11,S,,,1010551,142.42,0
159,368.508,"Mount",-0.045,-0.022,0.001,0.050,0.106,0.000,44,W,0,,,,899495,155.90,0
160,370.691,"Mount",0.076,0.098,0.052,-0.113,0.053,-0.041,22,W,17,N,,,961025,187.36,0
161,373.138,"Mount",0.320,0.028,-0.122,-0.297,-0.012,-0.109,5,E,46,N,,,950158,140.97,0
162,375.395,"Mount",0.249,0.068,-0.054,-0.252,0.018,-0.095,8,W,41,N,,,1003624,158.48,0
163,377.786,"Mount",0.087,0.006,-0.035,-0.080,-0.011,-0.032,5,E,14,N,,,1053002,157.95,0
164,380.056,"Mount",0.239,-0.201,-0.289,-0.119,-0.145,-0.044,60,E,19,N,,,993164,161.68,0
165,382.426,"Mount",-0.172,-0.107,-0.016,0.202,-0.032,0.071,13,E,30,S,,,999564,160.96,0
166,384.615,"Mount",-0.255,0.137,0.239,0.163,0.076,0.062,32,W,26,S,,,986025,150.75,0
167,387.091,"Mount",-0.385,0.475,0.599,0.122,0.260,0.046,108,W,20,S,,,1013308,156.97,0
168,389.309,"Mount",-0.264,0.454,0.525,0.025,0.255,0.000,106,W,0,,,,1015473,160.29,0
169,391.858,"Mount",-0.373,0.440,0.562,0.128,0.369,0.046,153,W,20,S,,,1057526,178.93,0
170,394.291,"Mount",-0.498,0.396,0.581,0.260,0.402,0.095,167,W,41,S,,,1001427,163.93,0
171,396.870,"Mount",-0.274,0.657,0.710,-0.061,0.515,-0.018,214,W,8,N,,,1029346,152.87,0
172,399.156,"Mount",-0.221,0.482,0.530,-0.027,0.442,0.000,183,W,0,,,,1019929,146.51,0
173,401.658,"Mount",-0.267,0.050,0.167,0.213,0.286,0.077,119,W,33,S,,,1014372,157.03,0
174,403.922,"Mount",-0.140,0.108,0.161,0.075,0.262,0.030,109,W,13,S,,,1055106,147.92,0
175,406.325,"Mount",-0.076,-0.043,-0.004,0.087,0.116,0.033,48,W,14,S,,,1007698,143.94,0
176,408.656,"Mount",-0.063,-0.084,-0.045,0.094,0.085,0.035,35,W,15,S,,,998672,134.16,0
177,411.036,"Mount",-0.162,-0.147,-0.056,0.211,0.011,0.078,4,W,33,S,,,1018441,162.84,0
178,413.121,"Mount",-0.074,0.036,0.066,0.049,0.012,0.000,5,W,0,,,,1019940,141.19,0
179,415.492,"Mount",-0.074,-0.042,-0.003,0.085,-0.044,0.031,18,E,13,S,,,1016988,154.64,0
180,417.608,"Mount",0.016,0.058,0.045,-0.041,-0.063,0.000,26,E,0,,,,1103345,139.47,0
181,419.999,"Mount",-0.064,-0.046,-0.011,0.078,-0.080,0.028,33,E,12,S,,,1023771,173.96,0
182,422.197,"Mount",-0.051,-0.134,-0.095,0.107,-0.103,0.040,43,E,17,S,,,925460,131.40,0
183,424.598,"Mount",0.287,0.072,-0.068,-0.288,-0.096,-0.102,40,E,44,N,,,945563,152.48,0
184,426.726,"Mount",0.165,0.170,0.075,-0.225,-0.000,-0.085,0,,36,N,,,1124618,159.84,0
185,429.129,"Mount",-0.018,-0.136,-0.112,0.079,-0.073,0.025,30,E,11,S,,,1094091,193.95,0
186,431.248,"Mount",-0.075,0.034,0.065,0.051,0.040,0.000,17,W,0,,,,1087168,138.19,0
187,433.691,"Mount",0.088,0.211,0.147,-0.176,0.088,-0.063,37,W,27,N,,,1108611,168.20,0
188,435.899,"Mount",0.291,0.114,-0.033,-0.311,0.035,-0.114,14,W,49,N,,,1056318,162.27,0
189,438.287,"Mount",0.299,-0.010,-0.147,-0.261,-0.015,-0.099,6,E,42,N,,,1100680,183.94,0
190,440.422,"Mount",0.141,0.018,-0.049,-0.134,0.053,-0.052,22,W,22,N,,,1020254,157.39,0
191,442.860,"Mount",0.177,-0.067,-0.141,-0.126,-0.012,-0.047,5,E,20,N,,,1064737,175.73,0
192,445.065,"Mount",0.139,-0.101,-0.153,-0.077,-0.019,-0.029,8,E,13,N,,,1065748,155.90,0
193,447.518,"Mount",0.101,0.074,0.019,-0.124,0.015,-0.046,6,W,20,N,,,1070791,157.88,0
194,449.756,"Mount",0.256,-0.081,-0.189,-0.189,-0.076,-0.070,32,E,30,N,,,1090009,177.84,0
195,452.133,"Mount",0.178,-0.010,-0.091,-0.154,-0.056,-0.058,23,E,25,N,,,1064642,145.30,0
196,454.277,"Mount",0.095,0.039,-0.009,-0.103,-0.024,-0.039,10,E,17,N,,,1062238,166.74,0
197,456.632,"Mount",-0.082,-0.006,0.032,0.076,-0.042,0.026,18,E,11,S,,,1020137,151.34,0
198,458.758,"Mount",-0.119,0.033,0.084,0.090,-0.010,0.033,4,E,14,S,,,1016636,143.41,0
199,461.125,"Mount",-0.077,-0.033,0.006,0.083,-0.023,0.031,10,E,13,S,,,1050237,144.47,0
200,463.205,"Mount",-0.095,0.137,0.165,0.021,0.050,0.000,21,W,0,,,,1068011,161.37,0
201,465.583,"Mount",-0.151,0.014,0.082,0.127,0.014,0.046,6,W,20,S,,,1026063,175.70,0
202,467.743,"Mount",-0.162,0.135,0.195,0.081,0.090,0.031,37,W,13,S,,,1061668,158.45,0
203,470.070,"Mount",-0.046,-0.014,0.008,0.048,0.007,0.000,3,W,0,,,,996761,155.54,0
204,472.227,"Mount",-0.111,0.006,0.057,0.096,0.023,0.034,10,W,15,S,,,1041987,189.43,0
205,474.632,"Mount",-0.148,-0.073,0.003,0.165,0.026,0.061,11,W,26,S,,,1029910,195.67,0
206,476.775,"Mount",-0.144,-0.049,0.023,0.151,0.008,0.057,3,W,24,S,,,1003367,143.63,0
207,479.125,"Mount",0.031,-0.155,-0.151,0.044,-0.058,0.000,24,E,0,,,,1111353,160.00,0
208,481.344,"Mount",-0.079,-0.213,-0.153,0.168,-0.075,0.061,31,E,26,S,,,1023289,165.30,0
209,483.769,"Mount",-0.061,-0.140,-0.097,0.119,-0.053,0.045,22,E,19,S,,,1032301,175.49,0
210,485.895,"Mount",0.052,-0.122,-0.132,0.011,-0.090,0.000,38,E,0,,,,990966,155.32,0
211,488.276,"Mount",-0.082,-0.003,0.035,0.074,-0.033,0.027,14,E,11,S,,,1090571,143.23,0
212,490.434,"Mount",-0.133,0.001,0.062,0.118,-0.006,0.043,3,E,19,S,,,1051588,159.60,0
213,492.903,"Mount",-0.154,0.136,0.191,0.074,0.056,0.028,23,W,12,S,,,1037082,164.60,0
214,495.077,"Mount",0.027,-0.124,-0.122,0.033,-0.077,0.000,32,E,0,,,,1042263,158.66,0
215,497.375,"Mount",-0.032,-0.026,-0.008,0.040,0.013,0.000,5,W,0,,,,1002906,153.22,0
216,499.584,"Mount",-0.104,-0.024,0.026,0.103,0.016,0.037,7,W,16,S,,,997212,145.20,0
217,501.954,"Mount",-0.182,-0.007,0.078,0.165,0.043,0.061,18,W,26,S,,,1084052,154.22,0
218,504.136,"Mount",-0.109,0.035,0.082,0.081,0.048,0.032,20,W,13,S,,,991061,138.86,0
219,506.525,"Mount",-0.127,0.023,0.079,0.102,0.055,0.038,23,W,16,S,,,1028869,150.93,0
220,508.697,"Mount",-0.106,-0.023,0.029,0.105,0.020,0.039,8,W,17,S,,,1092569,148.02,0
221,511.121,"Mount",-0.168,0.052,0.123,0.125,0.079,0.047,33,W,20,S,,,1043020,176.34,0
222,513.254,"Mount",-0.136,0.148,0.194,0.052,0.103,0.000,43,W,0,,,,1004407,157.66,0
223,515.760,"Mount",-0.353,0.152,0.298,0.243,0.139,0.088,58,W,37,S,,,1015596,141.25,0
224,517.871,"Mount",-0.063,-0.003,0.026,0.057,0.004,0.000,2,W,0,,,,1154525,160.13,0
225,520.308,"Mount",0.042,-0.323,-0.306,0.112,-0.147,0.040,61,E,17,S,,,1032697,176.49,0
226,522.484,"Mount",-0.028,-0.187,-0.153,0.111,-0.106,0.042,44,E,18,S,,,999450,155.79,0
227,525.068,"Mount",-0.009,-0.352,-0.308,0.171,-0.200,0.063,83,E,27,S,,,1001132,153.81,0
228,527.275,"Mount",-0.134,-0.024,0.040,0.130,-0.126,0.049,52,E,21,S,,,1043234,149.72,0
229,529.652,"Mount",-0.033,0.021,0.034,0.019,-0.150,0.000,62,E,0,,,,1054014,144.50,0
230,531.806,"Mount",-0.063,-0.076,-0.038,0.091,-0.135,0.033,56,E,14,S,,,1010959,144.27,0
231,534.224,"Mount",0.046,-0.206,-0.205,0.054,-0.240,0.000,100,E,0,,,,982302,155.23,0
232,536.392,"Mount",0.066,-0.241,-0.245,0.053,-0.234,0.000,97,E,0,,,,1081284,149.81,0
233,538.818,"Mount",0.125,-0.263,-0.291,0.010,-0.253,0.000,105,E,0,,,,1013512,151.47,0
234,541.036,"Mount",-0.030,-0.152,-0.121,0.097,-0.182,0.035,76,E,15,S,,,1023942,146.02,0
235,543.510,"Mount",-0.053,-0.168,-0.125,0.124,-0.171,0.046,71,E,20,S,,,1070284,143.70,0
236,545.808,"Mount",0.012,-0.187,-0.171,0.075,-0.165,0.029,68,E,12,S,,,1085219,178.92,0
237,548.115,"Mount",-0.028,-0.072,-0.051,0.058,-0.078,0.000,32,E,0,,,,1038686,149.06,0
238,550.208,"Mount",-0.066,0.083,0.104,0.021,-0.010,0.000,4,E,0,,,,1030478,146.46,0
239,552.517,"Mount",-0.052,0.067,0.084,0.015,0.041,0.000,17,W,0,,,,1072776,157.56,0
240,554.643,"Mount",-0.066,0.010,0.039,0.054,0.017,0.000,7,W,0,,,,1049495,141.88,0
241,557.005,"Mount",-0.103,0.064,0.104,0.062,0.097,0.022,40,W,10,S,,,1073955,164.30,0
242,559.160,"Mount",-0.020,-0.123,-0.100,0.074,0.007,0.028,3,W,12,S,,,1111660,175.63,0
243,561.559,"Mount",0.214,-0.260,-0.329,-0.070,-0.129,-0.024,53,E,10,N,,,1033244,166.53,0
244,563.735,"Mount",0.040,-0.332,-0.313,0.118,-0.128,0.041,53,E,18,S,,,974774,141.17,0
245,566.114,"Mount",0.081,-0.201,-0.216,0.021,-0.163,0.000,68,E,0,,,,1101287,181.22,0
246,568.307,"Mount",-0.011,-0.185,-0.159,0.095,-0.144,0.034,60,E,15,S,,,1090637,180.97,0
247,570.714,"Mount",-0.244,0.052,0.158,0.192,-0.019,0.071,8,E,30,S,,,1005394,163.63,0
248,572.825,"Mount",-0.032,0.160,0.157,-0.045,-0.045,0.000,19,E,0,,,,1074467,149.60,0
249,575.216,"Mount",-0.011,-0.091,-0.076,0.052,-0.165,0.000,68,E,0,,,,1029764,157.73,0
250,577.343,"Mount",0.037,-0.069,-0.079,-0.001,-0.107,0.000,44,E,0,,,,1014633,152.17,0
251,579.806,"Mount",-0.114,-0.182,-0.109,0.185,-0.148,0.067,61,E,28,S,,,1063677,157.22,0
252,582.104,"Mount",0.015,-0.246,-0.225,0.100,-0.224,0.039,93,E,17,S,,,1024316,165.55,0
253,584.633,"Mount",0.056,-0.245,-0.243,0.064,-0.271,0.024,112,E,10,S,,,1058095,174.86,0
254,586.794,"Mount",0.044,-0.164,-0.166,0.037,-0.284,0.000,118,E,0,,,,1073145,172.82,0
255,589.230,"Mount",0.063,-0.049,-0.072,-0.033,-0.267,0.000,111,E,0,,,,1080683,169.72,0
256,591.455,"Mount",0.050,-0.206,-0.206,0.050,-0.346,0.000,143,E,0,,,,1043236,157.16,0
257,593.880,"Mount",-0.027,-0.036,-0.019,0.041,-0.259,0.000,107,E,0,,,,979360,159.91,0
258,596.248,"Mount",0.104,-0.449,-0.447,0.115,-0.429,0.042,178,E,18,S,,,1059559,159.44,0
259,598.777,"Mount",0.062,-0.361,-0.349,0.112,-0.369,0.042,153,E,18,S,,,1031227,170.66,0
260,601.103,"Mount",-0.014,-0.136,-0.114,0.075,-0.254,0.029,106,E,12,S,,,1030930,153.16,0
261,603.516,"Mount",-0.119,0.026,0.078,0.094,-0.140,0.035,58,E,15,S,,,1009359,180.11,0
262,605.660,"Mount",0.068,-0.147,-0.162,0.008,-0.211,0.000,87,E,0,,,,1105472,163.76,0
263,608.021,"Mount",0.052,-0.077,-0.092,-0.011,-0.175,0.000,72,E,0,,,,1037202,172.24,0
264,610.142,"Mount",0.072,-0.065,-0.091,-0.034,-0.157,0.000,65,E,0,,,,1065422,156.69,0
265,612.495,"Mount",0.040,-0.055,-0.067,-0.011,-0.090,0.000,37,E,0,,,,1013683,195.99,0
266,614.763,"Mount",0.113,-0.486,-0.483,0.125,-0.272,0.045,113,E,19,S,,,996739,163.37,0
267,617.235,"Mount",0.071,-0.395,-0.383,0.119,-0.229,0.045,95,E,19,S,,,1080371,159.30,0
268,619.447,"Mount",-0.113,-0.147,-0.078,0.168,-0.093,0.062,38,E,27,S,,,959791,161.71,0
269,621.842,"Mount",0.003,0.132,0.116,-0.064,-0.098,-0.020,41,E,9,N,,,926114,128.70,0
270,624.060,"Mount",-0.035,-0.084,-0.059,0.070,-0.134,0.024,56,E,10,S,,,1047194,158.17,0
271,626.402,"Mount",0.040,-0.023,-0.038,-0.025,-0.104,0.000,43,E,0,,,,1011409,144.21,0
272,628.637,"Mount",-0.170,0.130,0.194,0.091,0.007,0.033,3,W,14,S,,,933591,158.28,0
273,631.007,"Mount",-0.095,0.002,0.046,0.084,-0.043,0.031,18,E,13,S,,,1034358,160.71,0
274,633.180,"Mount",-0.155,0.048,0.114,0.115,0.032,0.043,13,W,18,S,,,999804,178.30,0
275,635.542,"Mount",-0.013,-0.129,-0.108,0.071,-0.049,0.027,20,E,12,S,,,1006327,156.67,0
276,637.618,"Mount",-0.030,0.018,0.029,0.018,0.042,0.000,18,W,0,,,,991461,200.51,0
277,639.944,"Mount",-0.100,0.067,0.105,0.058,0.095,0.000,39,W,0,,,,1027512,137.00,0
278,642.121,"Mount",-0.111,0.050,0.095,0.075,0.078,0.027,32,W,12,S,,,969869,155.23,0
279,644.528,"Mount",-0.176,-0.052,0.035,0.180,0.028,0.066,12,W,28,S,,,1030979,165.94,0
280,648.913,"Mount",0.118,0.032,-0.026,-0.120,-0.005,-0.040,2,E,17,N,,,984584,136.01,0
281,650.974,"Mount",-0.012,-0.071,-0.057,0.043,-0.014,0.000,6,E,0,,,,1013944,177.34,0
282,653.292,"Mount",0.017,0.026,0.015,-0.027,-0.050,0.000,21,E,0,,,,972504,143.18,0
283,655.426,"Mount",-0.153,0.253,0.295,0.019,0.085,0.000,35,W,0,,,,1040734,167.79,0
284,658.491,"Mount",-2.105,2.942,3.581,0.509,1.563,0.183,648,W,78,S,,,1035034,160.01,0
285,660.995,"Mount",-1.085,1.247,1.607,0.387,0.693,0.147,288,W,63,S,,,899471,141.33,0
286,663.676,"Mount",0.834,-2.182,-2.321,0.267,-0.706,0.102,293,E,44,S,,,996866,139.83,0
287,666.100,"Mount",0.620,-1.875,-1.950,0.315,-0.514,0.118,213,E,50,S,,,1029916,165.64,0
288,668.598,"Mount",0.459,-0.960,-1.064,0.036,-0.476,0.000,198,E,0,,,,1020610,182.63,0
289,670.818,"Mount",0.405,-0.027,-0.210,-0.347,-0.030,-0.125,13,E,53,N,,,945781,146.84,0
290,673.195,"Mount",-0.075,-0.131,-0.081,0.127,0.009,0.041,4,W,17,S,,,1004535,157.97,0
291,675.418,"Mount",-0.135,-0.170,-0.089,0.198,0.028,0.073,12,W,31,S,,,872693,149.60,0
292,677.821,"Mount",-0.087,0.212,0.229,-0.021,0.299,0.000,124,W,0,,,,946163,154.52,0
293,680.059,"Mount",-0.190,0.013,0.099,0.163,0.249,0.059,103,W,25,S,,,972078,171.61,0
294,682.463,"Mount",0.075,-0.067,-0.094,-0.035,0.188,0.000,78,W,0,,,,899236,150.03,0
295,684.723,"Mount",-0.047,-0.081,-0.050,0.079,0.189,0.028,78,W,12,S,,,955408,154.64,0
296,687.108,"Mount",0.181,-0.167,-0.232,-0.084,0.004,-0.029,1,W,12,N,,,1054501,159.46,0
297,689.342,"Mount",-0.204,0.010,0.103,0.177,0.118,0.063,49,W,27,S,,,976386,147.30,0
298,691.782,"Mount",-0.117,-0.078,-0.016,0.140,0.042,0.053,17,W,23,S,,,976091,156.72,0
299,693.894,"Mount",-0.040,0.070,0.080,0.003,0.062,0.000,26,W,0,,,,1005999,139.51,0
300,696.354,"Mount",0.200,0.033,-0.063,-0.193,0.014,-0.069,6,W,30,N,,,981524,159.52,0
301,698.511,"Mount",0.006,-0.090,-0.083,0.036,0.014,0.000,6,W,0,,,,986135,144.67,0
302,700.902,"Mount",-0.105,0.301,0.315,-0.045,0.203,0.000,84,W,0,,,,897917,137.39,0
303,703.029,"Mount",-0.064,0.018,0.045,0.049,0.081,0.000,34,W,0,,,,990944,150.03,0
304,705.451,"Mount",0.204,0.147,0.037,-0.248,0.106,-0.089,44,W,38,N,,,1077711,164.79,0
305,707.619,"Mount",0.082,0.027,-0.014,-0.085,0.110,-0.034,46,W,15,N,,,1020274,155.29,0
306,710.021,"Mount",0.240,-0.062,-0.166,-0.184,0.049,-0.068,20,W,29,N,,,996674,182.37,0
307,712.206,"Mount",0.282,-0.112,-0.229,-0.199,-0.016,-0.074,7,E,32,N,,,961827,157.52,0
308,714.595,"Mount",0.181,-0.113,-0.184,-0.109,-0.006,-0.042,3,E,18,N,,,952308,157.84,0
309,716.705,"Mount",0.088,-0.074,-0.106,-0.044,-0.012,0.000,5,E,0,,,,953114,158.62,0
310,719.052,"Mount",0.094,-0.106,-0.138,-0.034,-0.047,0.000,19,E,0,,,,956666,158.17,0
311,721.254,"Mount",0.146,-0.050,-0.112,-0.107,-0.046,-0.038,19,E,16,N,,,914659,156.52,0
312,723.690,"Mount",0.131,0.053,-0.013,-0.141,-0.009,-0.052,4,E,22,N,,,956770,181.20,0
313,725.819,"Mount",-0.077,0.168,0.184,-0.009,0.088,0.000,36,W,0,,,,938993,153.62,0
314,728.222,"Mount",-0.169,-0.131,-0.038,0.210,0.022,0.076,9,W,32,S,,,969928,156.99,0
315,730.399,"Mount",-0.246,-0.064,0.057,0.248,0.042,0.092,17,W,39,S,,,909661,149.69,0
316,732.910,"Mount",-0.335,0.026,0.177,0.285,0.209,0.106,87,W,45,S,,,1004050,159.72,0
317,735.231,"Mount",-0.153,0.442,0.463,-0.069,0.384,-0.020,159,W,9,N,,,952790,154.94,0
318,737.775,"Mount",-0.297,-0.037,0.104,0.281,0.298,0.100,124,W,43,S,,,977836,153.64,0
319,740.164,"Mount",-0.344,0.369,0.486,0.135,0.517,0.053,215,W,22,S,,,907791,153.55,0
320,742.708,"Mount",-0.103,0.245,0.265,-0.022,0.443,0.000,184,W,0,,,,962683,188.34,0
321,745.090,"Mount",0.165,0.150,0.057,-0.216,0.315,-0.078,131,W,33,N,,,961156,163.85,0
322,747.591,"Mount",0.175,0.095,0.004,-0.199,0.287,-0.075,119,W,32,N,,,958331,166.28,0
323,749.862,"Mount",0.147,0.154,0.069,-0.202,0.230,-0.076,95,W,32,N,,,1004831,145.28,0
324,752.312,"Mount",0.021,0.113,0.091,-0.071,0.187,-0.028,78,W,12,N,,,893802,153.61,0
325,754.491,"Mount",0.060,-0.017,-0.043,-0.045,0.117,0.000,49,W,0,,,,910961,148.65,0
326,756.895,"Mount",0.109,0.021,-0.032,-0.107,0.077,-0.038,32,W,16,N,,,940416,147.59,0
327,759.052,"Mount",0.207,0.002,-0.093,-0.185,-0.014,-0.068,6,E,29,N,,,920462,155.83,0
328,761.505,"Mount",0.007,0.142,0.123,-0.072,0.066,-0.029,27,W,12,N,,,947532,163.73,0
329,763.709,"Mount",0.099,0.109,0.051,-0.138,-0.013,-0.051,6,E,22,N,,,920668,163.25,0
330,766.009,"Mount",-0.063,0.048,0.072,0.034,0.031,0.000,13,W,0,,,,987351,158.60,0
331,768.120,"Mount",-0.070,0.045,0.072,0.041,0.024,0.000,10,W,0,,,,1038034,155.59,0
332,770.418,"Mount",-0.049,0.042,0.060,0.024,0.018,0.000,7,W,0,,,,935054,153.65,0
333,772.636,"Mount",0.088,0.061,0.014,-0.106,0.003,-0.038,1,W,16,N,,,1005979,156.43,0
334,775.066,"Mount",0.182,-0.066,-0.143,-0.131,-0.054,-0.049,22,E,21,N,,,997342,157.08,0
335,777.232,"Mount",0.166,-0.111,-0.175,-0.096,-0.083,-0.037,34,E,16,N,,,950141,181.53,0
336,779.690,"Mount",0.164,-0.153,-0.211,-0.075,-0.088,-0.028,37,E,12,N,,,1007825,174.46,0
337,781.822,"Mount",0.041,-0.118,-0.123,0.018,-0.074,0.000,31,E,0,,,,965943,173.38,0
338,784.241,"Mount",0.033,-0.248,-0.235,0.085,-0.121,0.030,50,E,13,S,,,1015353,145.43,0
339,786.315,"Mount",-0.083,0.094,0.122,0.031,0.029,0.000,12,W,0,,,,975566,166.35,0
340,788.722,"Mount",-0.159,-0.045,0.033,0.162,-0.030,0.058,12,E,25,S,,,1034105,173.09,0
341,790.832,"Mount",0.027,-0.049,-0.056,-0.002,-0.020,0.000,8,E,0,,,,998678,157.59,0
342,793.233,"Mount",-0.070,-0.025,0.010,0.074,-0.025,0.026,10,E,11,S,,,1033901,150.43,0
343,795.402,"Mount",-0.166,0.138,0.199,0.083,0.060,0.031,25,W,13,S,,,999973,154.71,0
344,797.764,"Mount",-0.084,0.223,0.237,-0.029,0.101,0.000,42,W,0,,,,962207,149.93,0
345,799.886,"Mount",-0.016,0.094,0.091,-0.029,0.036,0.000,15,W,0,,,,896429,131.97,0
346,802.300,"Mount",-0.118,0.039,0.089,0.086,0.074,0.031,31,W,13,S,,,1033746,181.02,0
347,804.384,"Mount",0.009,-0.048,-0.046,0.014,0.038,0.000,16,W,0,,,,1013088,150.30,0
348,806.817,"Mount",0.128,-0.020,-0.077,-0.104,-0.002,-0.037,1,E,16,N,,,1057130,164.43,0
349,809.084,"Mount",-0.167,-0.017,0.062,0.156,0.062,0.055,26,W,23,S,,,1003864,149.06,0
350,811.426,"Mount",-0.093,-0.041,0.006,0.101,0.013,0.039,6,W,17,S,,,966593,151.92,0
351,813.563,"Mount",-0.122,0.036,0.089,0.092,0.048,0.035,20,W,15,S,,,924094,160.07,0
352,815.967,"Mount",-0.028,-0.174,-0.142,0.105,-0.061,0.039,25,E,17,S,,,1001054,173.51,0
353,818.173,"Mount",-0.100,-0.161,-0.097,0.163,-0.050,0.060,21,E,26,S,,,979846,163.86,0
354,820.506,"Mount",-0.041,0.047,0.061,0.015,0.009,0.000,4,W,0,,,,952667,151.60,0
355,822.618,"Mount",0.017,0.016,0.006,-0.023,-0.035,0.000,15,E,0,,,,975042,179.15,0
356,825.040,"Mount",-0.061,-0.140,-0.096,0.118,-0.088,0.043,37,E,18,S,,,979352,167.24,0
357,827.190,"Mount",0.024,-0.160,-0.153,0.052,-0.112,0.000,46,E,0,,,,998393,168.26,0
358,829.660,"Mount",0.006,-0.157,-0.142,0.067,-0.111,0.024,46,E,10,S,,,1030953,183.26,0
359,831.837,"Mount",-0.083,0.016,0.052,0.067,-0.050,0.025,21,E,11,S,,,997085,151.90,0
360,834.164,"Mount",-0.074,0.015,0.048,0.059,-0.047,0.000,19,E,0,,,,996515,181.23,0
361,836.305,"Mount",-0.064,-0.096,-0.056,0.101,-0.029,0.036,12,E,16,S,,,944024,162.92,0
362,838.696,"Mount",-0.096,-0.076,-0.023,0.121,-0.022,0.045,9,E,19,S,,,1014924,181.29,0
363,840.889,"Mount",-0.127,-0.136,-0.063,0.175,-0.038,0.065,16,E,28,S,,,979621,175.79,0
364,843.251,"Mount",-0.058,0.162,0.171,-0.024,0.074,0.000,31,W,0,,,,979495,150.28,0
365,845.355,"Mount",-0.014,0.139,0.130,-0.052,0.062,0.000,26,W,0,,,,974396,162.65,0
366,847.871,"Mount",-0.154,0.164,0.216,0.061,0.113,0.022,47,W,9,S,,,937626,187.01,0
367,850.166,"Mount",-0.037,-0.079,-0.053,0.069,0.019,0.026,8,W,11,S,,,992710,159.03,0
368,852.671,"Mount",-0.202,0.205,0.275,0.085,0.178,0.031,74,W,13,S,,,997600,165.80,0
369,854.876,"Mount",-0.168,-0.009,0.069,0.153,0.089,0.056,37,W,24,S,,,995806,179.28,0
370,857.223,"Mount",-0.066,0.095,0.115,0.015,0.109,0.000,45,W,0,,,,970335,162.49,0
371,859.379,"Mount",-0.032,-0.074,-0.051,0.062,0.049,0.022,20,W,10,S,,,936271,149.00,0
372,861.705,"Mount",0.001,-0.003,-0.003,0.001,0.028,0.000,11,W,0,,,,953751,148.11,0
373,863.900,"Mount",0.103,-0.031,-0.075,-0.077,-0.027,-0.028,11,E,12,N,,,937191,159.24,0
374,866.229,"Mount",0.077,-0.053,-0.083,-0.044,-0.065,0.000,27,E,0,,,,964840,169.61,0
375,868.349,"Mount",0.100,0.077,0.022,-0.125,-0.057,-0.045,24,E,19,N,,,959044,174.83,0
376,870.831,"Mount",0.147,0.006,-0.063,-0.133,-0.125,-0.050,52,E,21,N,,,972607,143.24,0
377,873.065,"Mount",-0.010,-0.147,-0.126,0.076,-0.186,0.025,77,E,11,S,,,908763,165.51,0
378,875.467,"Mount",-0.009,-0.111,-0.095,0.060,-0.213,0.000,88,E,0,,,,924096,157.46,0
379,877.595,"Mount",-0.054,0.117,0.128,-0.006,-0.124,0.000,51,E,0,,,,944506,147.36,0
380,880.048,"Mount",-0.205,0.098,0.182,0.137,-0.119,0.049,49,E,21,S,,,1039144,156.86,0
381,882.302,"Mount",0.102,-0.270,-0.286,0.034,-0.309,0.000,128,E,0,,,,942918,153.45,0
382,884.756,"Mount",-0.178,-0.022,0.062,0.168,-0.148,0.060,61,E,26,S,,,969916,150.22,0
383,886.941,"Mount",-0.107,0.069,0.110,0.063,-0.100,0.025,41,E,11,S,,,915875,139.99,0
384,889.342,"Mount",-0.173,0.002,0.081,0.153,-0.089,0.056,37,E,24,S,,,872310,146.82,0
385,891.495,"Mount",-0.082,-0.030,0.011,0.087,-0.082,0.033,34,E,14,S,,,1019196,159.65,0
386,893.966,"Mount",0.220,-0.275,-0.345,-0.069,-0.212,-0.023,88,E,10,N,,,987060,142.43,0
387,896.121,"Mount",-0.040,-0.016,0.004,0.043,-0.060,0.000,25,E,0,,,,1036513,167.50,0
388,898.494,"Mount",-0.130,0.002,0.062,0.114,-0.022,0.041,9,E,18,S,,,999611,168.81,0
389,900.621,"Mount",0.073,-0.134,-0.153,-0.003,-0.142,0.000,59,E,0,,,,942577,155.10,0
390,902.930,"Mount",0.011,-0.022,-0.024,0.000,-0.076,0.000,31,E,0,,,,1001009,177.18,0
391,905.051,"Mount",-0.023,0.035,0.042,0.004,-0.075,0.000,31,E,0,,,,996925,147.02,0
392,907.462,"Mount",-0.061,-0.037,-0.004,0.071,-0.058,0.026,24,E,11,S,,,1031137,183.50,0
393,909.573,"Mount",-0.076,0.102,0.125,0.020,-0.003,0.000,1,E,0,,,,997821,176.24,0
394,911.912,"Mount",-0.037,0.039,0.052,0.014,-0.035,0.000,14,E,0,,,,1027834,176.13,0
395,914.094,"Mount",0.019,0.037,0.024,-0.034,-0.034,0.000,14,E,0,,,,1049565,154.60,0
396,916.552,"Mount",-0.049,-0.222,-0.175,0.146,-0.104,0.053,43,E,22,S,,,996531,171.66,0
397,918.658,"Mount",0.128,-0.117,-0.163,-0.059,-0.102,0.000,42,E,0,,,,1048579,155.65,0
398,921.033,"Mount",0.068,-0.154,-0.168,0.011,-0.145,0.000,60,E,0,,,,1043007,160.30,0
399,923.282,"Mount",-0.167,-0.079,0.006,0.184,-0.086,0.066,36,E,28,S,,,1009391,170.43,0
400,925.717,"Mount",0.124,-0.256,-0.284,0.008,-0.246,0.000,102,E,0,,,,970234,176.54,0
401,927.938,"Mount",0.147,-0.335,-0.365,0.024,-0.338,0.000,140,E,0,,,,978028,163.12,0
402,930.408,"Mount",-0.135,-0.206,-0.120,0.215,-0.282,0.077,117,E,33,S,,,1001749,150.22,0
403,932.624,"Mount",0.125,-0.211,-0.245,-0.014,-0.382,0.000,158,E,0,,,,1024579,136.44,0
404,935.093,"Mount",0.091,-0.127,-0.155,-0.022,-0.389,0.000,161,E,0,,,,1007089,172.30,0
405,937.430,"Mount",0.126,0.085,0.017,-0.151,-0.310,-0.054,129,E,23,N,,,1006433,142.65,0
406,940.014,"Mount",0.242,-0.016,-0.125,-0.207,-0.383,-0.077,159,E,33,N,,,1052217,153.42,0
407,942.189,"Mount",-0.036,0.051,0.062,0.009,-0.265,0.000,110,E,0,,,,968538,169.05,0
408,944.676,"Mount",0.141,-0.052,-0.111,-0.101,-0.322,-0.036,133,E,16,N,,,967426,150.39,0
409,946.898,"Mount",0.021,-0.104,-0.101,0.030,-0.285,0.000,118,E,0,,,,970025,146.14,0
410,949.359,"Mount",-0.151,-0.047,0.028,0.155,-0.203,0.056,84,E,24,S,,,997848,153.50,0
411,951.641,"Mount",-0.090,-0.189,-0.126,0.167,-0.239,0.062,99,E,27,S,,,1013007,158.88,0
412,954.097,"Mount",-0.043,-0.149,-0.112,0.107,-0.204,0.041,84,E,18,S,,,999958,154.29,0
413,956.370,"Mount",0.054,-0.397,-0.377,0.135,-0.318,0.050,132,E,21,S,,,924047,135.81,0
414,958.855,"Mount",0.070,-0.276,-0.278,0.066,-0.269,0.026,112,E,11,S,,,1048931,181.78,0
415,961.037,"Mount",0.036,-0.142,-0.143,0.034,-0.239,0.000,99,E,0,,,,1017241,151.44,0
416,963.537,"Mount",0.147,-0.057,-0.118,-0.105,-0.231,-0.038,96,E,16,N,,,1080837,174.58,0
417,965.678,"Mount",-0.074,0.056,0.084,0.039,-0.138,0.000,57,E,0,,,,1104840,161.61,0
418,968.041,"Mount",-0.020,0.158,0.150,-0.055,-0.107,0.000,44,E,0,,,,1111433,173.24,0
419,970.262,"Mount",-0.232,0.094,0.190,0.162,-0.074,0.058,31,E,25,S,,,1015276,157.97,0
420,972.643,"Mount",-0.163,0.085,0.150,0.106,-0.003,0.040,1,E,17,S,,,1006515,164.58,0
421,974.828,"Mount",-0.151,-0.057,0.019,0.160,-0.041,0.059,17,E,25,S,,,1026928,159.85,0
422,977.317,"Mount",0.110,-0.030,-0.077,-0.084,-0.031,-0.028,13,E,12,N,,,1048013,156.58,0
423,979.540,"Mount",0.158,0.091,0.008,-0.182,0.035,-0.067,14,W,29,N,,,1026226,148.62,0
424,981.908,"Mount",0.051,0.068,0.037,-0.076,0.014,-0.030,6,W,13,N,,,1041117,155.12,0
425,984.111,"Mount",-0.143,0.116,0.169,0.073,0.111,0.025,46,W,11,S,,,998763,138.55,0
426,986.425,"Mount",0.057,-0.161,-0.169,0.024,-0.045,0.000,19,E,0,,,,1012921,145.86,0
427,988.539,"Mount",0.072,-0.093,-0.116,-0.021,-0.003,0.000,1,E,0,,,,1031633,133.97,0
428,990.883,"Mount",-0.113,0.115,0.154,0.047,0.115,0.000,48,W,0,,,,1067508,176.71,0
429,992.966,"Mount",0.075,-0.065,-0.092,-0.037,0.009,0.000,4,W,0,,,,1017511,160.27,0
430,995.280,"Mount",-0.031,-0.016,0.000,0.035,0.050,0.000,21,W,0,,,,1083745,195.25,0
431,997.505,"Mount",-0.043,-0.326,-0.270,0.188,-0.087,0.068,36,E,29,S,,,1087625,154.47,0
432,999.878,"Mount",-0.088,-0.022,0.021,0.088,0.018,0.034,8,W,15,S,,,1042436,149.97,0
433,1002.112,"Mount",-0.005,-0.200,-0.176,0.097,-0.100,0.036,42,E,15,S,,,1048935,142.31,0
434,1004.448,"Mount",-0.041,0.017,0.034,0.029,-0.041,0.000,17,E,0,,,,1091094,161.09,0
435,1006.517,"Mount",-0.050,0.102,0.114,-0.003,0.011,0.000,5,W,0,,,,1047149,165.49,0
436,1008.890,"Mount",0.031,0.158,0.126,-0.100,0.015,-0.036,6,W,15,N,,,1078672,154.20,0
437,1011.028,"Mount",-0.097,0.276,0.290,-0.042,0.127,0.000,53,W,0,,,,1025834,163.71,0
438,1013.401,"Mount",-0.133,0.168,0.210,0.040,0.121,0.000,50,W,0,,,,1046380,147.78,0
439,1015.528,"Mount",-0.070,0.226,0.233,-0.042,0.166,0.000,69,W,0,,,,1041387,154.88,0
440,1017.995,"Mount",-0.134,0.116,0.164,0.065,0.210,0.024,87,W,10,S,,,1042234,153.59,0
441,1020.304,"Mount",-0.213,0.241,0.312,0.077,0.303,0.029,126,W,12,S,,,1009650,142.10,0
442,1022.808,"Mount",0.019,0.188,0.158,-0.104,0.277,-0.036,115,W,15,N,,,1053541,164.15,0
443,1025.137,"Mount",0.032,0.099,0.073,-0.074,0.258,-0.028,107,W,12,N,,,1027182,141.99,0
444,1027.594,"Mount",-0.100,0.004,0.049,0.087,0.229,0.030,95,W,13,S,,,1060607,149.05,0
445,1029.862,"Mount",-0.088,-0.007,0.035,0.081,0.214,0.030,89,W,13,S,,,1072703,162.52,0
446,1032.269,"Mount",-0.031,0.136,0.135,-0.035,0.228,0.000,94,W,0,,,,1032730,166.67,0
447,1036.751,"Mount",-0.096,0.290,0.302,-0.048,0.317,0.000,132,W,0,,,,1006600,154.04,0
448,1038.935,"Mount",-0.159,0.135,0.193,0.078,0.176,0.028,73,W,12,S,,,1063268,169.57,0
449,1041.371,"Mount",-0.051,-0.035,-0.008,0.061,0.078,0.023,32,W,10,S,,,1005121,142.37,0
450,1043.465,"Mount",0.015,-0.016,-0.022,-0.006,0.057,0.000,24,W,0,,,,1054635,149.16,0
451,1045.868,"Mount",0.040,-0.212,-0.206,0.062,-0.018,0.022,7,E,10,S,,,1106216,196.26,0
452,1048.010,"Mount",0.086,-0.233,-0.247,0.032,-0.055,0.000,23,E,0,,,,1031886,148.57,0
453,1050.350,"Mount",0.017,-0.235,-0.217,0.093,-0.008,0.034,3,E,14,S,,,1007914,140.98,0
454,1052.523,"Mount",-0.106,-0.161,-0.094,0.168,0.017,0.062,7,W,26,S,,,1058195,154.96,0
455,1054.976,"Mount",0.362,-0.224,-0.366,-0.218,-0.130,-0.076,54,E,32,N,,,958203,166.23,0
456,1057.231,"Mount",0.417,-0.304,-0.461,-0.229,-0.179,-0.086,74,E,37,N,,,1046207,177.49,0
457,1059.619,"Mount",0.129,-0.098,-0.146,-0.069,-0.030,-0.028,12,E,12,N,,,1013222,146.68,0
458,1061.768,"Mount",0.034,-0.119,-0.121,0.025,-0.035,0.000,14,E,0,,,,1045451,150.85,0
459,1064.145,"Mount",0.171,-0.134,-0.198,-0.089,-0.073,-0.032,30,E,14,N,,,1074879,159.56,0
460,1066.196,"Mount",0.000,-0.094,-0.083,0.043,-0.015,0.000,6,E,0,,,,1058414,150.64,0
461,1068.489,"Mount",-0.012,-0.098,-0.081,0.056,-0.024,0.000,10,E,0,,,,1061653,134.21,0
462,1070.584,"Mount",0.001,-0.094,-0.084,0.042,-0.026,0.000,11,E,0,,,,1027806,178.00,0
463,1072.942,"Mount",-0.206,-0.054,0.047,0.208,0.020,0.075,8,W,32,S,,,992747,139.23,0
464,1075.145,"Mount",-0.233,-0.136,-0.014,0.269,0.035,0.100,15,W,43,S,,,1050012,155.42,0
465,1077.589,"Mount",-0.218,0.101,0.190,0.147,0.173,0.057,72,W,24,S,,,1017175,144.45,0
466,1079.821,"Mount",-0.203,0.145,0.222,0.113,0.230,0.043,95,W,18,S,,,1010527,154.68,0
467,1082.385,"Mount",-0.402,0.046,0.226,0.335,0.310,0.122,129,W,52,S,,,979006,170.58,0
468,1084.714,"Mount",-0.346,0.253,0.384,0.190,0.433,0.073,180,W,31,S,,,1038356,159.29,0
469,1087.313,"Mount",-0.156,0.149,0.204,0.069,0.380,0.028,158,W,12,S,,,990317,155.51,0
470,1089.579,"Mount",-0.088,0.005,0.045,0.076,0.284,0.028,118,W,12,S,,,991553,168.40,0
471,1092.016,"Mount",-0.108,-0.040,0.015,0.114,0.285,0.042,118,W,18,S,,,1037949,168.45,0
472,1094.298,"Mount",-0.153,-0.061,0.016,0.164,0.263,0.061,109,W,26,S,,,1069516,161.00,0
473,1096.786,"Mount",-0.130,0.046,0.101,0.094,0.268,0.036,111,W,16,S,,,998216,152.03,0
474,1099.020,"Mount",-0.130,0.003,0.063,0.114,0.209,0.043,87,W,18,S,,,1029748,161.10,0
475,1101.521,"Mount",0.168,-0.036,-0.109,-0.132,0.107,-0.046,45,W,20,N,,,1037985,151.99,0
476,1103.722,"Mount",0.040,0.057,0.033,-0.062,0.114,-0.024,47,W,10,N,,,958889,153.32,0
477,1106.178,"Mount",0.328,0.079,-0.081,-0.327,0.051,-0.119,21,W,51,N,,,1054284,153.57,0
478,1108.334,"Mount",-0.172,-0.055,0.030,0.179,0.053,0.060,22,W,25,S,,,976122,161.10,0
479,1110.750,"Mount",-0.101,-0.111,-0.052,0.141,0.022,0.053,9,W,23,S,,,1022905,168.98,0
480,1112.957,"Mount",0.047,0.155,0.116,-0.114,0.052,-0.039,22,W,17,N,,,1017646,152.08,0
481,1115.364,"Mount",0.111,0.205,0.131,-0.193,0.037,-0.071,15,W,30,N,,,1005172,145.14,0
482,1117.522,"Mount",0.128,-0.163,-0.204,-0.038,-0.136,0.000,56,E,0,,,,1081129,156.28,0
483,1119.950,"Mount",-0.168,-0.021,0.058,0.159,-0.052,0.057,22,E,24,S,,,1039362,176.60,0
484,1122.103,"Mount",-0.120,0.067,0.115,0.075,-0.006,0.029,3,E,13,S,,,1064096,169.51,0
485,1124.456,"Mount",0.064,0.165,0.117,-0.133,0.001,-0.047,0,,20,N,,,1040585,177.34,0
486,1126.633,"Mount",0.061,0.125,0.083,-0.112,0.022,-0.042,9,W,18,N,,,1040402,170.65,0
487,1129.099,"Mount",0.162,0.029,-0.049,-0.157,-0.003,-0.058,1,E,25,N,,,994508,166.76,0
488,1131.350,"Mount",0.182,-0.039,-0.118,-0.143,-0.039,-0.054,16,E,23,N,,,1012683,156.18,0
489,1133.753,"Mount",0.280,-0.225,-0.329,-0.144,-0.126,-0.054,52,E,23,N,,,1058697,169.69,0
490,1135.948,"Mount",0.279,-0.067,-0.188,-0.216,-0.083,-0.080,35,E,34,N,,,1011388,178.41,0
491,1138.361,"Mount",0.325,-0.062,-0.205,-0.260,-0.090,-0.097,38,E,41,N,,,1083160,184.05,0
492,1140.490,"Mount",0.091,0.091,0.039,-0.123,-0.000,-0.048,0,,21,N,,,1026579,179.58,0
493,1142.880,"Mount",-0.058,-0.075,-0.040,0.086,-0.027,0.029,11,E,12,S,,,945821,151.61,0
494,1145.044,"Mount",0.066,0.180,0.129,-0.142,0.031,-0.050,13,W,21,N,,,1002091,170.04,0
495,1147.406,"Mount",-0.139,0.211,0.251,0.025,0.106,0.000,44,W,0,,,,967648,149.16,0
496,1149.605,"Mount",-0.191,0.047,0.129,0.147,0.053,0.053,22,W,23,S,,,971175,149.63,0
497,1152.012,"Mount",-0.115,-0.117,-0.051,0.156,0.032,0.058,13,W,25,S,,,986593,157.51,0
498,1154.198,"Mount",-0.139,-0.046,0.023,0.144,0.034,0.054,14,W,23,S,,,968493,160.48,0
499,1156.560,"Mount",0.003,0.099,0.087,-0.048,0.066,0.000,27,W,0,,,,977455,144.75,0
500,1158.754,"Mount",-0.050,0.242,0.238,-0.067,0.130,-0.024,54,W,10,N,,,955839,166.37,0
501,1161.130,"Mount",0.045,0.075,0.045,-0.075,0.017,-0.028,7,W,12,N,,,991509,152.55,0
502,1163.236,"Mount",-0.026,0.110,0.110,-0.028,0.057,0.000,23,W,0,,,,1022222,149.67,0
503,1165.561,"Mount",-0.023,0.144,0.138,-0.046,0.058,0.000,24,W,0,,,,1031710,177.42,0
504,1167.733,"Mount",0.021,0.101,0.080,-0.065,0.023,-0.023,10,W,10,N,,,974563,138.70,0
505,1170.142,"Mount",-0.018,0.091,0.089,-0.026,0.013,0.000,5,W,0,,,,1034841,166.16,0
506,1172.254,"Mount",0.013,0.175,0.149,-0.092,0.025,-0.033,10,W,14,N,,,1004576,140.78,0
507,1174.595,"Mount",0.019,-0.028,-0.034,-0.004,-0.052,0.000,22,E,0,,,,1031593,157.94,0
508,1176.845,"Mount",0.104,0.043,-0.009,-0.112,-0.047,-0.040,19,E,17,N,,,1066137,159.54,0
509,1179.161,"Mount",0.030,-0.093,-0.097,0.017,-0.090,0.000,37,E,0,,,,1021331,174.60,0
510,1181.357,"Mount",0.166,0.087,0.001,-0.188,-0.038,-0.068,16,E,29,N,,,1033042,143.06,0
511,1183.762,"Mount",0.080,0.023,-0.017,-0.082,-0.029,-0.032,12,E,14,N,,,990325,159.49,0
512,1185.863,"Mount",-0.012,0.008,0.013,0.007,-0.018,0.000,7,E,0,,,,990484,146.62,0
513,1188.239,"Mount",-0.109,-0.048,0.008,0.119,-0.006,0.043,2,E,18,S,,,1029112,186.90,0
514,1190.388,"Mount",-0.123,0.023,0.077,0.099,0.040,0.037,17,W,16,S,,,999082,164.68,0
515,1192.775,"Mount",-0.163,0.200,0.253,0.053,0.136,0.000,57,W,0,,,,1013061,155.93,0
516,1195.020,"Mount",-0.170,0.258,0.307,0.031,0.169,0.000,70,W,0,,,,997010,145.86,0
517,1197.431,"Mount",-0.100,-0.010,0.037,0.094,0.054,0.034,23,W,14,S,,,990105,163.24,0
518,1199.552,"Mount",0.144,-0.067,-0.126,-0.097,-0.003,-0.033,1,E,14,N,,,1031470,162.16,0
519,1201.873,"Mount",0.119,-0.124,-0.165,-0.049,-0.019,0.000,8,E,0,,,,1002391,171.86,0
520,1204.027,"Mount",-0.012,-0.119,-0.100,0.066,0.001,0.024,1,W,10,S,,,1101251,166.23,0
521,1206.307,"Mount",-0.038,0.081,0.089,-0.004,0.054,0.000,23,W,0,,,,1057672,172.18,0
522,1208.434,"Mount",-0.061,0.176,0.184,-0.027,0.085,0.000,35,W,0,,,,994942,146.32,0
523,1210.746,"Mount",0.012,0.029,0.020,-0.025,-0.006,0.000,3,E,0,,,,1003801,142.70,0
524,1212.907,"Mount",0.058,-0.212,-0.215,0.046,-0.121,0.000,50,E,0,,,,1076822,173.28,0
525,1215.344,"Mount",0.062,-0.288,-0.284,0.078,-0.176,0.028,73,E,12,S,,,989698,141.50,0
526,1217.493,"Mount",0.108,-0.096,-0.135,-0.052,-0.116,0.000,48,E,0,,,,979904,148.80,0
527,1219.966,"Mount",0.070,-0.293,-0.292,0.073,-0.217,0.026,90,E,11,S,,,1004692,144.45,0
528,1222.202,"Mount",0.135,-0.172,-0.215,-0.040,-0.229,0.000,95,E,0,,,,1052179,172.17,0
529,1224.660,"Mount",0.077,-0.127,-0.148,-0.010,-0.232,0.000,96,E,0,,,,1026088,167.57,0
530,1227.025,"Mount",0.192,-0.115,-0.191,-0.118,-0.284,-0.042,118,E,18,N,,,1040990,155.39,0
531,1229.446,"Mount",-0.121,0.129,0.170,0.048,-0.147,0.000,61,E,0,,,,1004261,149.76,0
532,1231.713,"Mount",-0.040,-0.064,-0.038,0.065,-0.206,0.023,85,E,10,S,,,1030426,139.74,0
533,1234.162,"Mount",-0.036,-0.033,-0.012,0.047,-0.204,0.000,84,E,0,,,,997742,155.17,0
534,1236.370,"Mount",-0.117,-0.109,-0.043,0.154,-0.147,0.056,61,E,24,S,,,1034582,143.19,0
535,1238.824,"Mount",-0.054,-0.051,-0.021,0.072,-0.123,0.028,51,E,12,S,,,1023551,146.47,0
536,1241.011,"Mount",-0.128,0.099,0.147,0.068,-0.025,0.026,11,E,11,S,,,997445,138.77,0
537,1243.431,"Mount",-0.102,-0.081,-0.025,0.128,-0.065,0.047,27,E,20,S,,,1010726,158.59,0
538,1245.677,"Mount",0.163,0.124,0.035,-0.202,-0.041,-0.071,17,E,30,N,,,1005543,166.09,0
539,1248.001,"Mount",0.004,0.002,0.000,-0.004,-0.035,0.000,15,E,0,,,,1039737,154.22,0
540,1250.196,"Mount",0.073,0.006,-0.028,-0.067,-0.027,-0.024,11,E,10,N,,,1053912,156.93,0
541,1252.635,"Mount",-0.026,-0.108,-0.084,0.073,-0.062,0.025,26,E,11,S,,,987425,161.05,0
542,1254.734,"Mount",-0.018,-0.024,-0.013,0.027,-0.028,0.000,12,E,0,,,,1024561,158.02,0
543,1257.064,"Mount",-0.070,0.009,0.040,0.058,-0.039,0.000,16,E,0,,,,988036,158.11,0
544,1259.314,"Mount",0.191,-0.051,-0.133,-0.146,-0.106,-0.053,44,E,22,N,,,963433,132.64,0
545,1261.664,"Mount",0.072,-0.238,-0.244,0.046,-0.170,0.000,70,E,0,,,,1032034,165.71,0
546,1263.797,"Mount",-0.002,-0.044,-0.038,0.022,-0.065,0.000,27,E,0,,,,949632,143.23,0
547,1266.189,"Mount",0.076,-0.002,-0.037,-0.067,-0.104,-0.024,43,E,10,N,,,1022569,143.50,0
548,1268.299,"Mount",-0.032,-0.013,0.003,0.035,-0.112,0.000,46,E,0,,,,1072152,208.22,0
549,1270.753,"Mount",-0.044,-0.145,-0.109,0.106,-0.180,0.038,74,E,16,S,,,1030960,167.07,0
550,1273.000,"Mount",0.158,-0.083,-0.146,-0.102,-0.210,-0.035,87,E,15,N,,,1019507,159.18,0
551,1275.427,"Mount",0.060,0.022,-0.008,-0.064,-0.176,-0.024,73,E,10,N,,,1018547,146.22,0
552,1277.692,"Mount",-0.038,-0.183,-0.144,0.118,-0.254,0.042,105,E,18,S,,,995308,151.41,0
553,1280.310,"Mount",-0.121,-0.140,-0.068,0.172,-0.264,0.064,110,E,27,S,,,989163,153.21,0
554,1282.549,"Mount",-0.168,-0.096,-0.008,0.193,-0.251,0.072,104,E,31,S,,,1039651,192.90,0
555,1285.019,"Mount",-0.090,0.011,0.051,0.075,-0.287,0.030,119,E,13,S,,,1016832,142.36,0
556,1287.205,"Mount",0.107,-0.101,-0.139,-0.049,-0.362,0.000,150,E,0,,,,1011581,153.77,0
557,1289.635,"Mount",-0.032,0.026,0.037,0.016,-0.318,0.000,132,E,0,,,,1086555,167.69,0
558,1291.938,"Mount",-0.104,0.008,0.055,0.089,-0.313,0.032,130,E,14,S,,,1033887,156.10,0
559,1294.320,"Mount",-0.072,0.161,0.176,-0.011,-0.223,0.000,93,E,0,,,,1077060,180.34,0
560,1296.476,"Mount",-0.026,0.121,0.120,-0.033,-0.205,0.000,85,E,0,,,,1022125,151.60,0
561,1298.905,"Mount",0.131,-0.155,-0.198,-0.045,-0.319,0.000,133,E,0,,,,1025117,192.82,0
562,1301.089,"Mount",0.043,-0.190,-0.188,0.050,-0.286,0.000,119,E,0,,,,1069115,164.11,0
563,1303.548,"Mount",0.131,-0.178,-0.219,-0.034,-0.278,0.000,115,E,0,,,,1019086,147.32,0
564,1305.871,"Mount",-0.026,-0.222,-0.185,0.126,-0.269,0.045,112,E,19,S,,,1097242,161.02,0
565,1308.414,"Mount",-0.051,-0.410,-0.341,0.234,-0.338,0.086,140,E,37,S,,,977085,176.13,0
566,1310.678,"Mount",0.010,-0.255,-0.232,0.109,-0.271,0.043,113,E,18,S,,,1018237,160.00,0
567,1313.097,"Mount",-0.224,-0.016,0.088,0.206,-0.127,0.076,53,E,32,S,,,1041320,184.58,0
568,1315.244,"Mount",-0.024,0.097,0.097,-0.023,-0.103,0.000,43,E,0,,,,1064582,161.81,0
569,1317.634,"Mount",-0.228,0.156,0.243,0.130,0.036,0.047,15,W,20,S,,,1042675,143.75,0
570,1319.810,"Mount",-0.077,0.181,0.196,-0.015,0.034,0.000,14,W,0,,,,1009217,142.39,0
571,1322.184,"Mount",-0.170,0.226,0.279,0.046,0.110,0.000,46,W,0,,,,1076706,166.81,0
572,1324.273,"Mount",-0.049,0.157,0.162,-0.029,0.069,0.000,28,W,0,,,,1029860,158.10,0
573,1326.716,"Mount",-0.095,0.047,0.085,0.063,0.013,0.023,5,W,10,S,,,1041995,175.03,0
574,1328.884,"Mount",0.004,-0.102,-0.092,0.044,-0.057,0.000,24,E,0,,,,1054545,174.29,0
575,1331.200,"Mount",0.008,0.061,0.050,-0.035,-0.037,0.000,16,E,0,,,,1066430,162.38,0
576,1333.343,"Mount",-0.039,0.126,0.130,-0.024,0.041,0.000,17,W,0,,,,1042075,162.88,0
577,1335.729,"Mount",-0.146,0.063,0.123,0.100,0.056,0.036,23,W,15,S,,,1057940,143.17,0
578,1337.876,"Mount",-0.141,-0.028,0.040,0.138,0.022,0.051,9,W,22,S,,,955553,134.22,0
579,1340.284,"Mount",-0.144,0.094,0.150,0.085,0.108,0.032,45,W,14,S,,,1070999,156.38,0
580,1342.460,"Mount",-0.117,0.039,0.088,0.086,0.102,0.032,42,W,14,S,,,1051235,158.01,0
581,1344.823,"Mount",-0.012,0.101,0.095,-0.036,0.107,0.000,44,W,0,,,,1079566,160.09,0
582,1346.933,"Mount",-0.053,-0.012,0.014,0.052,0.057,0.000,23,W,0,,,,1036973,171.18,0
583,1349.260,"Mount",0.030,-0.095,-0.098,0.017,-0.001,0.000,1,E,0,,,,1070974,156.97,0
584,1351.355,"Mount",0.024,-0.058,-0.062,0.006,-0.016,0.000,7,E,0,,,,975298,136.94,0
585,1353.695,"Mount",0.035,-0.121,-0.123,0.025,-0.057,0.000,24,E,0,,,,1029068,147.82,0
586,1355.835,"Mount",-0.137,0.056,0.112,0.095,0.032,0.034,13,W,15,S,,,986561,143.34,0
587,1358.233,"Mount",-0.027,-0.079,-0.058,0.060,-0.015,0.023,6,E,10,S,,,994606,169.12,0
588,1360.327,"Mount",-0.084,0.178,0.196,-0.007,0.091,0.000,38,W,0,,,,1009858,152.93,0
589,1362.770,"Mount",-0.191,0.104,0.181,0.121,0.124,0.044,51,W,19,S,,,988451,146.57,0
590,1364.911,"Mount",-0.022,0.098,0.097,-0.026,0.121,0.000,50,W,0,,,,1061844,166.12,0
591,1367.291,"Mount",-0.039,-0.020,-0.000,0.044,0.151,0.000,63,W,0,,,,959991,166.24,0
592,1369.570,"Mount",-0.173,0.193,0.251,0.065,0.294,0.023,122,W,10,S,,,986307,150.11,0
593,1372.004,"Mount",0.003,0.067,0.058,-0.034,0.217,0.000,90,W,0,,,,945257,146.69,0
594,1374.282,"Mount",0.086,0.026,-0.017,-0.088,0.222,-0.032,92,W,14,N,,,1024966,163.36,0
595,1376.655,"Mount",0.022,0.049,0.033,-0.042,0.185,0.000,77,W,0,,,,1011287,184.24,0
596,1378.874,"Mount",-0.095,0.022,0.063,0.074,0.194,0.027,81,W,11,S,,,933529,153.93,0
597,1381.284,"Mount",0.092,-0.120,-0.149,-0.026,0.136,0.000,56,W,0,,,,1006232,182.86,0
598,1383.457,"Mount",-0.023,-0.051,-0.035,0.044,0.167,0.000,69,W,0,,,,951319,153.58,0
599,1385.876,"Mount",-0.046,-0.184,-0.143,0.126,0.068,0.045,28,W,19,S,,,1015213,180.84,0
600,1388.113,"Mount",-0.142,-0.078,-0.004,0.161,0.102,0.060,42,W,26,S,,,933970,156.72,0
601,1390.485,"Mount",-0.041,0.197,0.193,-0.055,0.156,0.000,65,W,0,,,,970660,179.28,0
602,1392.627,"Mount",-0.033,0.081,0.087,-0.008,0.079,0.000,33,W,0,,,,1016880,153.01,0
603,1394.958,"Mount",0.071,-0.052,-0.079,-0.039,-0.021,0.000,9,E,0,,,,972841,154.21,0
604,1397.111,"Mount",0.034,0.077,0.052,-0.066,0.005,-0.024,2,W,10,N,,,976740,142.44,0
605,1399.485,"Mount",0.070,0.008,-0.025,-0.066,-0.003,-0.025,1,E,11,N,,,937615,156.05,0
606,1401.711,"Mount",0.142,0.075,0.001,-0.161,-0.006,-0.059,2,E,25,N,,,934070,145.04,0
607,1404.051,"Mount",-0.025,-0.009,0.004,0.026,0.005,0.000,2,W,0,,,,1019267,163.78,0
608,1406.152,"Mount",-0.002,0.075,0.067,-0.033,0.069,0.000,29,W,0,,,,994329,150.31,0
609,1408.551,"Mount",-0.115,-0.099,-0.035,0.148,0.054,0.053,23,W,23,S,,,957275,159.49,0
610,1410.693,"Mount",0.036,-0.052,-0.063,-0.008,0.030,0.000,13,W,0,,,,967879,160.82,0
611,1413.037,"Mount",-0.118,-0.261,-0.177,0.225,-0.021,0.081,9,E,35,S,,,989273,169.80,0
612,1415.287,"Mount",-0.118,-0.079,-0.016,0.141,0.047,0.054,19,W,23,S,,,953952,174.11,0
613,1417.692,"Mount",-0.238,-0.059,0.057,0.238,0.028,0.088,12,W,38,S,,,833292,147.00,0
614,1419.920,"Mount",-0.155,0.026,0.095,0.126,0.063,0.049,26,W,21,S,,,790262,137.95,0
615,1422.281,"Mount",-0.130,0.226,0.260,0.011,0.159,0.000,66,W,0,,,,855006,150.33,0
616,1424.517,"Mount",-0.252,0.325,0.405,0.074,0.263,0.027,109,W,11,S,,,843577,170.08,0
617,1426.965,"Mount",-0.161,0.258,0.303,0.023,0.288,0.000,120,W,0,,,,776782,143.86,0
618,1429.152,"Mount",-0.029,0.182,0.175,-0.058,0.279,0.000,116,W,0,,,,829618,153.07,0
619,1431.615,"Mount",-0.120,0.156,0.193,0.034,0.337,0.000,140,W,0,,,,885158,179.41,0
620,1433.912,"Mount",-0.186,0.102,0.176,0.118,0.349,0.042,145,W,18,S,,,789156,150.48,0
621,1436.391,"Mount",-0.052,0.030,0.051,0.032,0.292,0.000,121,W,0,,,,843440,166.76,0
622,1438.661,"Mount",-0.073,-0.048,-0.009,0.087,0.283,0.031,117,W,13,S,,,826414,153.67,0
623,1441.172,"Mount",-0.165,0.125,0.186,0.088,0.354,0.033,147,W,14,S,,,768883,146.49,0
624,1443.425,"Mount",0.074,0.018,-0.018,-0.074,0.235,-0.025,98,W,11,N,,,819832,159.15,0
625,1445.894,"Mount",0.111,0.001,-0.050,-0.099,0.203,-0.037,84,W,16,N,,,772398,149.59,0
626,1447.974,"Mount",0.047,-0.116,-0.124,0.011,0.102,0.000,42,W,0,,,,742641,143.41,0
627,1450.273,"Mount",0.078,-0.042,-0.073,-0.049,0.096,0.000,40,W,0,,,,768413,163.18,0
628,1452.355,"Mount",0.028,-0.069,-0.074,0.007,0.036,0.000,15,W,0,,,,719397,134.81,0
629,1454.826,"Mount",0.144,0.046,-0.025,-0.149,0.041,-0.053,17,W,23,N,,,726778,156.42,0
630,1456.988,"Mount",-0.142,0.165,0.212,0.050,0.112,0.000,46,W,0,,,,699119,161.44,0
631,1459.343,"Mount",-0.166,0.223,0.275,0.044,0.112,0.000,46,W,0,,,,750610,152.02,0
632,1461.605,"Mount",-0.151,0.151,0.204,0.064,0.104,0.023,43,W,10,S,,,718188,156.65,0
633,1463.918,"Mount",-0.025,0.104,0.104,-0.026,0.043,0.000,18,W,0,,,,609471,139.19,0
634,1466.129,"Mount",0.079,0.097,0.050,-0.115,0.021,-0.041,9,W,18,N,,,657843,139.18,0
635,1468.503,"Mount",0.223,-0.028,-0.128,-0.185,-0.045,-0.068,19,E,29,N,,,630947,141.96,0
636,1470.676,"Mount",0.201,-0.052,-0.139,-0.155,-0.069,-0.058,29,E,25,N,,,640029,133.31,0
637,1473.102,"Mount",-0.095,-0.190,-0.125,0.172,-0.064,0.060,26,E,25,S,,,619906,126.62,0
638,1475.295,"Mount",-0.161,0.173,0.228,0.063,0.099,0.025,41,W,11,S,,,584947,146.51,0
639,1477.675,"Mount",0.028,-0.168,-0.162,0.053,-0.112,0.000,46,E,0,,,,639534,153.11,0
640,1479.822,"Mount",0.040,-0.104,-0.111,0.012,-0.089,0.000,37,E,0,,,,644763,153.56,0
641,1482.179,"Mount",0.083,-0.219,-0.232,0.027,-0.134,0.000,55,E,0,,,,592111,147.26,0
642,1484.352,"Mount",-0.082,-0.178,-0.120,0.155,-0.080,0.056,33,E,24,S,,,564554,128.36,0
643,1486.777,"Mount",-0.141,-0.011,0.056,0.130,-0.014,0.049,6,E,21,S,,,538348,137.67,0
644,1488.880,"Mount",-0.152,0.165,0.217,0.059,0.091,0.000,38,W,0,,,,554858,126.57,0
645,1491.290,"Mount",-0.152,0.081,0.142,0.097,0.076,0.035,31,W,15,S,,,517138,121.61,0
646,1493.421,"Mount",-0.078,0.117,0.139,0.015,0.083,0.000,34,W,0,,,,541054,150.60,0
647,1495.806,"Mount",-0.078,0.212,0.224,-0.029,0.140,0.000,58,W,0,,,,593252,173.48,0
648,1498.063,"Mount",-0.227,0.103,0.196,0.154,0.129,0.055,53,W,24,S,,,581751,159.83,0
649,1500.363,"Mount",-0.057,-0.016,0.012,0.058,0.045,0.000,19,W,0,,,,577813,138.95,0
650,1502.568,"Mount",-0.163,-0.135,-0.045,0.207,0.046,0.074,19,W,32,S,,,588894,144.12,0
651,1504.917,"Mount",0.120,-0.218,-0.249,-0.005,-0.069,0.000,29,E,0,,,,512984,137.16,0
652,1507.059,"Mount",-0.005,-0.173,-0.151,0.084,-0.048,0.030,20,E,13,S,,,470126,142.17,0
653,1509.418,"Mount",0.087,-0.158,-0.181,-0.004,-0.071,0.000,29,E,0,,,,452569,124.28,0
654,1511.606,"Mount",0.162,-0.165,-0.221,-0.067,-0.112,-0.024,46,E,10,N,,,478075,147.00,0
655,1514.019,"Mount",0.122,-0.077,-0.124,-0.073,-0.084,-0.027,35,E,12,N,,,496227,171.45,0
656,1516.157,"Mount",0.020,-0.054,-0.057,0.007,-0.045,0.000,19,E,0,,,,427941,125.33,0
657,1518.439,"Mount",-0.068,0.081,0.103,0.022,-0.011,0.000,4,E,0,,,,458385,160.73,0
658,1520.635,"Mount",-0.048,-0.135,-0.098,0.105,-0.092,0.038,38,E,16,S,,,465090,163.28,0
659,1522.967,"Mount",-0.019,0.005,0.013,0.014,-0.054,0.000,22,E,0,,,,490055,151.56,0
660,1525.090,"Mount",0.062,-0.051,-0.074,-0.032,-0.080,0.000,33,E,0,,,,454145,151.05,0
661,1527.490,"Mount",0.103,-0.043,-0.085,-0.072,-0.067,-0.026,28,E,11,N,,,505715,138.60,0
662,1529.603,"Mount",-0.050,0.019,0.040,0.035,-0.017,0.000,7,E,0,,,,476687,148.87,0
663,1532.012,"Mount",-0.146,-0.028,0.042,0.143,-0.010,0.051,4,E,22,S,,,507567,165.35,0
664,1534.120,"Mount",0.024,-0.029,-0.037,-0.007,0.003,0.000,1,W,0,,,,526553,138.86,0
665,1536.465,"Mount",-0.044,0.086,0.096,-0.000,0.056,0.000,23,W,0,,,,491432,139.27,0
666,1538.574,"Mount",0.017,0.021,0.011,-0.025,0.020,0.000,8,W,0,,,,469845,133.77,0
667,1540.885,"Mount",-0.029,0.025,0.036,0.014,0.025,0.000,11,W,0,,,,392483,118.67,0
668,1542.997,"Mount",-0.045,0.138,0.143,-0.024,0.098,0.000,41,W,0,,,,421532,132.81,0
669,1545.325,"Mount",-0.047,0.029,0.047,0.029,0.041,0.000,17,W,0,,,,442556,135.71,0
670,1547.501,"Mount",-0.030,-0.147,-0.117,0.095,-0.006,0.034,2,E,15,S,,,394989,113.77,0
671,1549.908,"Mount",-0.129,0.045,0.099,0.093,0.093,0.035,39,W,15,S,,,444699,130.12,0
672,1552.092,"Mount",-0.145,-0.085,-0.009,0.168,0.034,0.062,14,W,26,S,,,502390,137.60,0
673,1554.447,"Mount",-0.018,0.023,0.028,0.006,0.022,0.000,9,W,0,,,,472606,145.76,0
674,1556.564,"Mount",0.075,-0.018,-0.051,-0.058,0.010,0.000,4,W,0,,,,486699,142.23,0
675,1558.934,"Mount",0.093,0.043,-0.004,-0.102,-0.008,-0.037,3,E,16,N,,,391191,128.04,0
676,1561.191,"Mount",0.241,-0.112,-0.210,-0.162,-0.123,-0.060,51,E,26,N,,,467542,125.53,0
677,1563.604,"Mount",-0.017,-0.247,-0.212,0.129,-0.152,0.044,63,E,19,S,,,502210,158.67,0
678,1565.757,"Mount",-0.013,-0.118,-0.099,0.066,-0.137,0.025,57,E,11,S,,,488253,137.29,0
679,1568.229,"Mount",-0.090,-0.157,-0.098,0.153,-0.171,0.056,71,E,24,S,,,561509,133.50,0
680,1570.345,"Mount",0.012,0.095,0.079,-0.055,-0.117,0.000,48,E,0,,,,576817,129.51,0
681,1572.828,"Mount",-0.240,-0.130,-0.004,0.273,-0.188,0.098,78,E,42,S,,,537516,144.64,0
682,1575.067,"Mount",0.144,-0.077,-0.135,-0.092,-0.261,-0.029,108,E,12,N,,,463442,123.92,0
683,1577.523,"Mount",0.077,-0.017,-0.051,-0.061,-0.193,-0.023,80,E,10,N,,,448838,130.19,0
684,1579.832,"Mount",0.138,-0.032,-0.092,-0.108,-0.222,-0.040,92,E,17,N,,,445072,142.89,0
685,1582.220,"Mount",0.090,-0.209,-0.227,0.016,-0.267,0.000,111,E,0,,,,390608,131.39,0
686,1584.346,"Mount",0.081,-0.043,-0.075,-0.052,-0.165,0.000,69,E,0,,,,389673,125.33,0
687,1586.703,"Mount",0.040,-0.087,-0.095,0.005,-0.164,0.000,68,E,0,,,,341897,127.46,0
688,1588.872,"Mount",-0.118,-0.095,-0.030,0.148,-0.092,0.053,38,E,23,S,,,305333,116.45,0
689,1591.319,"Mount",-0.010,-0.126,-0.107,0.067,-0.125,0.026,52,E,11,S,,,240710,107.65,0
690,1593.544,"Mount",0.195,-0.001,-0.091,-0.173,-0.100,-0.061,41,E,26,N,,,255692,112.17,0
691,1595.990,"Mount",-0.076,-0.287,-0.219,0.200,-0.157,0.070,65,E,30,S,,,277696,133.64,0
692,1598.075,"Mount",0.010,0.004,-0.001,-0.011,-0.055,0.000,23,E,0,,,,304906,127.19,0
693,1600.371,"Mount",0.000,0.073,0.065,-0.034,-0.029,0.000,12,E,0,,,,317321,124.53,0
694,1602.545,"Mount",-0.131,-0.093,-0.022,0.159,-0.061,0.057,25,E,24,S,,,297993,122.21,0
695,1604.869,"Mount",-0.036,0.087,0.094,-0.008,-0.036,0.000,15,E,0,,,,325620,127.34,0
696,1607.049,"Mount",0.082,0.089,0.041,-0.114,-0.059,-0.041,25,E,18,N,,,298270,130.70,0
697,1609.367,"Mount",-0.058,0.114,0.128,-0.002,-0.009,0.000,4,E,0,,,,296324,114.74,0
698,1611.587,"Mount",-0.101,-0.175,-0.109,0.170,-0.112,0.061,47,E,26,S,,,284694,109.47,0
699,1614.004,"Mount",0.038,0.123,0.092,-0.090,-0.034,-0.030,14,E,13,N,,,338765,119.31,0
700,1616.189,"Mount",0.042,0.123,0.090,-0.094,-0.047,-0.035,19,E,15,N,,,354290,139.98,0
701,1618.550,"Mount",-0.052,0.066,0.083,0.016,-0.067,0.000,28,E,0,,,,351200,135.14,0
702,1620.720,"Mount",-0.085,-0.052,-0.007,0.099,-0.113,0.036,47,E,15,S,,,387695,125.47,0
703,1623.151,"Mount",0.045,-0.179,-0.179,0.043,-0.223,0.000,93,E,0,,,,388434,130.17,0
704,1625.356,"Mount",0.089,-0.101,-0.130,-0.032,-0.221,0.000,92,E,0,,,,393217,117.47,0
705,1627.854,"Mount",0.111,-0.171,-0.203,-0.019,-0.300,0.000,124,E,0,,,,406657,114.75,0
706,1630.167,"Mount",-0.006,-0.301,-0.265,0.144,-0.361,0.052,150,E,22,S,,,458716,168.82,0
707,1632.700,"Mount",0.100,0.030,-0.020,-0.103,-0.300,-0.035,124,E,15,N,,,448340,132.93,0
708,1634.933,"Mount",0.050,-0.029,-0.048,-0.031,-0.318,0.000,132,E,0,,,,452373,156.63,0
709,1637.477,"Mount",-0.106,-0.064,-0.009,0.123,-0.341,0.044,142,E,19,S,,,476244,125.71,0
710,1639.795,"Mount",-0.087,-0.087,-0.037,0.117,-0.337,0.044,140,E,19,S,,,467362,142.52,0
711,1642.317,"Mount",0.145,-0.244,-0.284,-0.016,-0.465,0.000,193,E,0,,,,455668,132.88,0
712,1644.556,"Mount",0.118,-0.233,-0.261,0.003,-0.412,0.000,171,E,0,,,,487518,156.15,0
713,1647.007,"Mount",-0.040,0.020,0.036,0.026,-0.281,0.000,117,E,0,,,,482822,149.53,0
714,1649.285,"Mount",-0.084,0.027,0.063,0.062,-0.207,0.022,86,E,9,S,,,503256,163.68,0
715,1651.685,"Mount",-0.042,-0.014,0.007,0.044,-0.206,0.000,86,E,0,,,,506973,140.04,0
716,1653.833,"Mount",-0.004,0.167,0.151,-0.074,-0.100,-0.026,41,E,11,N,,,516748,138.33,0
717,1656.213,"Mount",0.033,0.006,-0.010,-0.032,-0.134,0.000,56,E,0,,,,538406,139.94,0
718,1658.337,"Mount",0.092,-0.079,-0.113,-0.045,-0.161,0.000,67,E,0,,,,535872,127.48,0
719,1660.709,"Mount",-0.070,0.101,0.122,0.015,-0.038,0.000,16,E,0,,,,517332,141.33,0
720,1662.823,"Mount",-0.082,0.154,0.174,0.002,0.005,0.000,2,W,0,,,,529629,134.07,0
721,1665.185,"Mount",0.003,-0.037,-0.034,0.014,-0.064,0.000,27,E,0,,,,551109,140.26,0
722,1667.354,"Mount",-0.080,-0.050,-0.008,0.094,-0.065,0.034,27,E,14,S,,,596470,139.03,0
723,1669.835,"Mount",0.089,0.058,0.011,-0.106,-0.066,-0.037,27,E,16,N,,,542667,136.62,0
724,1672.003,"Mount",0.036,-0.124,-0.127,0.025,-0.114,0.000,47,E,0,,,,563150,131.69,0
725,1674.299,"Mount",0.042,-0.120,-0.125,0.018,-0.104,0.000,43,E,0,,,,552216,124.52,0
726,1676.374,"Mount",0.000,-0.018,-0.016,0.008,-0.033,0.000,14,E,0,,,,629283,145.53,0
727,1678.689,"Mount",0.073,-0.034,-0.064,-0.049,-0.063,0.000,26,E,0,,,,558341,132.61,0
728,1680.860,"Mount",0.025,0.038,0.022,-0.040,-0.022,0.000,9,E,0,,,,617348,149.33,0
729,1683.177,"Mount",-0.021,-0.077,-0.058,0.054,0.016,0.000,7,W,0,,,,629532,151.58,0
730,1685.320,"Mount",-0.003,-0.020,-0.017,0.012,0.034,0.000,14,W,0,,,,617625,140.98,0
731,1687.597,"Mount",0.045,-0.081,-0.093,-0.003,0.011,0.000,5,W,0,,,,619659,129.09,0
732,1689.735,"Mount",-0.037,0.004,0.020,0.031,0.061,0.000,25,W,0,,,,579208,134.77,0
733,1692.133,"Mount",-0.060,-0.284,-0.224,0.184,-0.042,0.066,17,E,28,S,,,656178,158.52,0
734,1694.217,"Mount",0.016,-0.042,-0.045,0.005,0.051,0.000,21,W,0,,,,656287,148.09,0
735,1696.598,"Mount",0.122,-0.084,-0.131,-0.070,-0.030,-0.025,12,E,11,N,,,621938,142.98,0
736,1698.750,"Mount",0.214,-0.059,-0.151,-0.162,-0.057,-0.059,24,E,25,N,,,677596,142.73,0
737,1701.065,"Mount",-0.020,-0.040,-0.026,0.036,-0.007,0.000,3,E,0,,,,650030,145.91,0
738,1703.240,"Mount",0.187,-0.056,-0.136,-0.140,-0.071,-0.051,30,E,22,N,,,673707,144.83,0
739,1705.634,"Mount",0.065,0.056,0.019,-0.084,-0.005,-0.032,2,E,14,N,,,644498,138.86,0
740,1707.767,"Mount",-0.067,0.083,0.105,0.021,0.068,0.000,28,W,0,,,,699457,163.88,0
741,1710.189,"Mount",0.034,0.201,0.163,-0.123,0.129,-0.044,54,W,19,N,,,656292,143.27,0
742,1712.395,"Mount",-0.253,0.241,0.330,0.113,0.253,0.039,105,W,17,S,,,630029,137.55,0
743,1714.822,"Mount",-0.107,0.141,0.175,0.030,0.240,0.000,99,W,0,,,,717651,149.55,0
744,1717.023,"Mount",-0.132,0.158,0.201,0.044,0.273,0.000,113,W,0,,,,700648,149.27,0
745,1719.433,"Mount",-0.074,0.110,0.132,0.015,0.262,0.000,109,W,0,,,,662638,140.78,0
746,1721.616,"Mount",0.020,0.001,-0.008,-0.019,0.207,0.000,86,W,0,,,,668095,141.85,0
747,1724.056,"Mount",0.008,-0.011,-0.013,-0.002,0.217,0.000,90,W,0,,,,724961,145.84,0
748,1726.334,"Mount",-0.075,-0.023,0.014,0.077,0.196,0.028,82,W,12,S,,,691752,127.95,0
749,1728.779,"Mount",-0.074,0.152,0.169,-0.004,0.268,0.000,111,W,0,,,,747146,146.71,0
750,1730.961,"Mount",-0.074,0.051,0.079,0.042,0.187,0.000,77,W,0,,,,712014,149.71,0
751,1733.333,"Mount",0.103,-0.048,-0.090,-0.069,0.085,-0.025,35,W,11,N,,,701169,149.89,0
752,1735.526,"Mount",0.108,-0.057,-0.101,-0.069,0.059,-0.026,24,W,11,N,,,757236,151.60,0
753,1737.880,"Mount",-0.010,-0.033,-0.025,0.024,0.082,0.000,34,W,0,,,,804335,171.52,0
754,1740.037,"Mount",-0.017,0.128,0.121,-0.044,0.113,0.000,47,W,0,,,,812977,166.86,0
755,1742.334,"Mount",0.077,-0.094,-0.119,-0.025,-0.030,0.000,13,E,0,,,,784846,154.43,0
756,1744.444,"Mount",0.111,-0.118,-0.156,-0.044,-0.056,0.000,23,E,0,,,,761629,143.00,0
757,1746.843,"Mount",-0.066,-0.100,-0.059,0.104,0.004,0.038,2,W,16,S,,,767171,143.64,0
758,1748.965,"Mount",-0.057,0.010,0.035,0.046,0.004,0.000,2,W,0,,,,838259,162.70,0
759,1751.294,"Mount",-0.034,0.053,0.062,0.005,0.034,0.000,14,W,0,,,,825166,180.30,0
760,1753.493,"Mount",0.122,-0.056,-0.106,-0.082,-0.048,-0.030,20,E,13,N,,,786999,160.34,0
761,1755.912,"Mount",0.275,-0.222,-0.324,-0.141,-0.096,-0.052,40,E,22,N,,,841312,141.13,0
762,1758.022,"Mount",-0.006,-0.091,-0.078,0.048,0.041,0.000,17,W,0,,,,845261,146.67,0
763,1760.362,"Mount",-0.019,-0.111,-0.090,0.068,0.015,0.025,6,W,11,S,,,852830,162.87,0
764,1762.532,"Mount",-0.089,-0.045,0.001,0.100,0.027,0.037,11,W,16,S,,,826355,140.35,0
765,1764.992,"Mount",0.073,0.043,0.005,-0.085,0.034,-0.029,14,W,12,N,,,917281,157.80,0
766,1767.181,"Mount",0.049,0.079,0.048,-0.080,0.044,-0.030,18,W,13,N,,,829858,178.43,0
767,1769.541,"Mount",-0.102,0.256,0.275,-0.027,0.179,0.000,74,W,0,,,,849548,152.75,0
768,1771.772,"Mount",-0.006,0.214,0.193,-0.093,0.199,-0.034,83,W,14,N,,,825153,146.50,0
769,1774.241,"Mount",-0.082,0.246,0.256,-0.041,0.300,0.000,125,W,0,,,,813334,136.80,0
770,1776.459,"Mount",-0.170,0.282,0.328,0.021,0.365,0.000,151,W,0,,,,818247,161.17,0
771,1778.972,"Mount",-0.169,0.153,0.214,0.079,0.348,0.028,144,W,12,S,,,833902,138.90,0
772,1781.295,"Mount",-0.140,0.130,0.180,0.064,0.347,0.024,144,W,10,S,,,867396,165.48,0
773,1783.714,"Mount",0.028,-0.026,-0.036,-0.013,0.282,0.000,117,W,0,,,,857404,163.38,0
774,1785.957,"Mount",-0.080,0.017,0.052,0.063,0.252,0.023,105,W,10,S,,,857233,156.13,0
775,1788.475,"Mount",-0.256,0.332,0.413,0.074,0.430,0.027,178,W,12,S,,,885626,148.44,0
776,1792.864,"Mount",-0.092,0.214,0.232,-0.017,0.364,0.000,151,W,0,,,,908359,151.05,0
777,1795.118,"Mount",-0.086,0.221,0.236,-0.026,0.269,0.000,112,W,0,,,,911871,148.05,0
778,1797.528,"Mount",-0.103,0.142,0.173,0.025,0.210,0.000,87,W,0,,,,953585,171.11,0
779,1799.686,"Mount",0.136,-0.059,-0.115,-0.093,0.059,-0.033,25,W,14,N,,,928047,138.54,0
780,1802.049,"Mount",0.087,-0.077,-0.108,-0.042,0.086,0.000,36,W,0,,,,950737,164.19,0
781,1804.177,"Mount",0.116,-0.323,-0.340,0.046,-0.040,0.000,17,E,0,,,,924549,160.03,0
782,1806.534,"Mount",0.158,-0.273,-0.315,-0.015,-0.074,0.000,31,E,0,,,,984735,172.32,0
783,1808.650,"Mount",0.082,-0.199,-0.215,0.019,-0.057,0.000,24,E,0,,,,945585,162.21,0
784,1811.050,"Mount",0.245,-0.016,-0.127,-0.210,-0.060,-0.076,25,E,32,N,,,908289,168.44,0
785,1813.291,"Mount",0.012,-0.193,-0.177,0.079,-0.108,0.025,45,E,11,S,,,954507,149.88,0
786,1815.620,"Mount",-0.071,0.201,0.211,-0.030,0.041,0.000,17,W,0,,,,915425,138.57,0
787,1817.817,"Mount",-0.049,0.020,0.040,0.034,-0.063,0.000,26,E,0,,,,930259,148.45,0
788,1820.148,"Mount",-0.074,0.106,0.128,0.017,-0.022,0.000,9,E,0,,,,957108,167.49,0
789,1822.316,"Mount",0.103,-0.061,-0.102,-0.063,-0.100,-0.023,42,E,10,N,,,990955,151.99,0
790,1824.812,"Mount",-0.137,-0.004,0.059,0.123,-0.052,0.043,22,E,19,S,,,1061385,148.98,0
791,1827.087,"Mount",0.096,0.019,-0.027,-0.094,-0.027,-0.032,11,E,14,N,,,1047254,153.64,0
792,1829.448,"Mount",-0.068,-0.104,-0.061,0.108,-0.032,0.038,13,E,16,S,,,982357,174.46,0
793,1831.512,"Mount",0.065,-0.035,-0.061,-0.042,-0.016,0.000,7,E,0,,,,992312,161.72,0
794,1833.883,"Mount",0.106,-0.012,-0.059,-0.089,0.020,-0.032,8,W,14,N,,,945071,156.67,0
795,1836.024,"Mount",0.040,0.084,0.056,-0.074,0.026,-0.028,11,W,12,N,,,1028298,152.96,0
796,1838.337,"Mount",-0.059,0.105,0.121,0.004,0.084,0.000,35,W,0,,,,1014868,159.99,0
797,1840.517,"Mount",-0.185,0.065,0.143,0.135,0.095,0.048,39,W,21,S,,,1015628,157.13,0
798,1842.869,"Mount",-0.119,0.138,0.177,0.042,0.108,0.000,45,W,0,,,,1048809,151.62,0
799,1844.979,"Mount",-0.094,0.165,0.189,0.007,0.104,0.000,43,W,0,,,,1007683,151.22,0
800,1847.321,"Mount",-0.021,0.161,0.152,-0.056,0.092,0.000,38,W,0,,,,959646,139.79,0
801,1849.379,"Mount",0.025,-0.051,-0.057,0.002,0.018,0.000,7,W,0,,,,966766,136.38,0
802,1851.722,"Mount",0.118,-0.216,-0.246,-0.005,-0.093,0.000,39,E,0,,,,1030077,144.71,0
803,1853.844,"Mount",0.089,-0.121,-0.148,-0.023,-0.053,0.000,22,E,0,,,,994119,127.16,0
804,1856.168,"Mount",-0.057,-0.008,0.019,0.054,0.003,0.000,1,W,0,,,,1056882,155.78,0
805,1858.230,"Mount",0.059,0.002,-0.025,-0.053,-0.002,0.000,1,E,0,,,,1100355,143.53,0
806,1860.650,"Mount",-0.029,-0.154,-0.124,0.097,-0.071,0.035,29,E,15,S,,,1036961,170.83,0
807,1862.755,"Mount",0.009,0.046,0.037,-0.029,-0.022,0.000,9,E,0,,,,979331,174.71,0
808,1865.101,"Mount",0.080,-0.045,-0.077,-0.050,-0.069,0.000,29,E,0,,,,966245,156.73,0
809,1867.256,"Mount",0.054,-0.046,-0.066,-0.027,-0.070,0.000,29,E,0,,,,991357,144.19,0
810,1869.614,"Mount",0.028,-0.100,-0.101,0.021,-0.092,0.000,38,E,0,,,,1047546,180.45,0
811,1871.775,"Mount",0.025,-0.098,-0.098,0.023,-0.090,0.000,37,E,0,,,,1117565,169.47,0
812,1874.117,"Mount",-0.027,0.036,0.044,0.007,-0.044,0.000,18,E,0,,,,996336,149.44,0
813,1876.227,"Mount",-0.087,0.227,0.241,-0.027,0.071,0.000,30,W,0,,,,972299,138.03,0
814,1878.663,"Mount",0.087,0.003,-0.037,-0.079,-0.029,-0.028,12,E,12,N,,,966307,170.13,0
815,1880.848,"Mount",-0.112,-0.047,0.009,0.121,-0.010,0.043,4,E,18,S,,,1028142,156.45,0
816,1883.331,"Mount",-0.010,0.194,0.177,-0.081,0.085,-0.027,35,W,12,N,,,1055384,155.79,0
817,1885.441,"Mount",-0.075,0.038,0.068,0.049,0.046,0.000,19,W,0,,,,994059,162.51,0
818,1887.831,"Mount",0.106,-0.011,-0.058,-0.089,0.028,-0.032,12,W,14,N,,,1013178,160.07,0
819,1890.003,"Mount",-0.077,-0.020,0.018,0.078,0.037,0.027,15,W,11,S,,,993058,163.68,0
820,1892.336,"Mount",-0.101,0.138,0.169,0.026,0.121,0.000,50,W,0,,,,1013977,161.28,0
821,1894.450,"Mount",-0.037,0.133,0.135,-0.029,0.106,0.000,44,W,0,,,,934980,141.67,0
822,1896.879,"Mount",-0.144,0.186,0.232,0.042,0.159,0.000,66,W,0,,,,954238,144.26,0
823,1899.025,"Mount",-0.111,0.161,0.194,0.024,0.133,0.000,55,W,0,,,,994412,147.12,0
824,1901.410,"Mount",-0.048,0.193,0.193,-0.047,0.127,0.000,53,W,0,,,,953682,148.46,0
825,1903.494,"Mount",0.067,-0.003,-0.034,-0.058,0.022,0.000,9,W,0,,,,953777,148.48,0
826,1905.954,"Mount",0.193,-0.200,-0.267,-0.079,-0.114,-0.028,47,E,12,N,,,919841,149.75,0
827,1908.081,"Mount",0.110,-0.097,-0.137,-0.053,-0.080,0.000,33,E,0,,,,973041,161.70,0
828,1910.495,"Mount",0.086,0.042,-0.002,-0.096,-0.049,-0.035,20,E,15,N,,,982880,147.36,0
829,1912.671,"Mount",0.061,-0.180,-0.188,0.029,-0.174,0.000,72,E,0,,,,980564,170.25,0
830,1915.019,"Mount",-0.038,0.094,0.101,-0.010,-0.073,0.000,30,E,0,,,,1003262,135.35,0
831,1917.202,"Mount",-0.042,-0.052,-0.027,0.061,-0.138,0.022,57,E,9,S,,,922264,161.05,0
832,1919.588,"Mount",-0.006,-0.084,-0.072,0.044,-0.193,0.000,80,E,0,,,,974952,174.74,0
833,1921.862,"Mount",0.050,-0.444,-0.417,0.161,-0.350,0.058,145,E,25,S,,,972299,145.76,0
834,1924.336,"Mount",0.094,-0.192,-0.214,0.005,-0.285,0.000,118,E,0,,,,954575,146.96,0
835,1926.630,"Mount",-0.019,-0.166,-0.139,0.094,-0.263,0.034,109,E,14,S,,,945924,166.35,0
836,1929.026,"Mount",-0.043,-0.007,0.014,0.042,-0.210,0.000,87,E,0,,,,1045214,170.29,0
837,1931.182,"Mount",-0.040,0.110,0.116,-0.015,-0.139,0.000,58,E,0,,,,984040,162.50,0
838,1933.587,"Mount",0.044,-0.066,-0.079,-0.008,-0.212,0.000,88,E,0,,,,965362,156.90,0
839,1935.744,"Mount",0.013,0.023,0.014,-0.022,-0.129,0.000,53,E,0,,,,1048107,163.18,0
840,1938.166,"Mount",-0.096,-0.000,0.044,0.085,-0.097,0.031,40,E,13,S,,,912363,155.56,0
841,1940.332,"Mount",-0.094,-0.118,-0.062,0.138,-0.097,0.051,40,E,22,S,,,964056,163.95,0
842,1942.659,"Mount",0.015,-0.056,-0.057,0.012,-0.044,0.000,18,E,0,,,,1011197,162.76,0
843,1944.757,"Mount",-0.019,0.099,0.097,-0.029,0.013,0.000,5,W,0,,,,1000070,147.17,0
844,1947.073,"Mount",-0.007,0.090,0.083,-0.035,0.009,0.000,4,W,0,,,,1005691,149.37,0
845,1949.261,"Mount",-0.150,-0.013,0.057,0.139,-0.031,0.050,13,E,21,S,,,978583,158.92,0
846,1951.693,"Mount",-0.182,0.021,0.103,0.152,0.011,0.057,4,W,24,S,,,982213,160.21,0
847,1953.808,"Mount",-0.100,0.180,0.206,0.005,0.046,0.000,19,W,0,,,,1000334,140.70,0
848,1956.258,"Mount",-0.106,0.027,0.073,0.081,-0.024,0.029,10,E,13,S,,,1002204,147.98,0
849,1958.449,"Mount",-0.133,0.015,0.074,0.111,-0.027,0.041,11,E,18,S,,,1033138,174.40,0
850,1960.731,"Mount",-0.130,0.142,0.186,0.050,0.010,0.000,4,W,0,,,,923270,151.26,0
851,1962.959,"Mount",-0.082,0.017,0.053,0.065,-0.080,0.024,33,E,10,S,,,991096,158.37,0
852,1965.347,"Mount",-0.097,-0.016,0.030,0.094,-0.103,0.035,43,E,15,S,,,1001214,171.83,0
853,1967.544,"Mount",-0.120,-0.069,-0.006,0.138,-0.112,0.051,46,E,22,S,,,998955,186.95,0
854,1969.933,"Mount",-0.002,0.055,0.050,-0.024,-0.138,0.000,57,E,0,,,,1031016,149.03,0
855,1972.096,"Mount",0.034,0.008,-0.009,-0.034,-0.154,0.000,64,E,0,,,,938075,157.00,0
856,1974.579,"Mount",0.187,-0.136,-0.206,-0.103,-0.284,-0.037,118,E,16,N,,,1006629,138.65,0
857,1976.846,"Mount",0.076,-0.162,-0.178,0.008,-0.304,0.000,126,E,0,,,,1031193,156.44,0
858,1979.452,"Mount",0.126,-0.036,-0.089,-0.095,-0.305,-0.034,127,E,15,N,,,953183,151.74,0
859,1981.707,"Mount",-0.088,-0.067,-0.018,0.109,-0.312,0.038,129,E,16,S,,,954153,144.23,0
860,1984.140,"Mount",0.048,0.016,-0.008,-0.050,-0.349,0.000,145,E,0,,,,1056454,142.55,0
861,1986.371,"Mount",0.039,-0.094,-0.101,0.009,-0.389,0.000,161,E,0,,,,961964,149.22,0
862,1988.903,"Mount",0.085,0.024,-0.018,-0.086,-0.362,-0.031,150,E,13,N,,,983892,146.17,0
863,1991.214,"Mount",-0.084,0.004,0.042,0.072,-0.331,0.025,137,E,11,S,,,1061219,169.20,0
864,1993.802,"Mount",0.038,0.114,0.084,-0.087,-0.271,-0.030,112,E,13,N,,,1001299,156.12,0
865,1996.099,"Mount",0.022,0.016,0.004,-0.027,-0.262,0.000,109,E,0,,,,1074398,149.66,0
866,1998.478,"Mount",0.018,0.003,-0.006,-0.017,-0.215,0.000,89,E,0,,,,943842,146.14,0
867,2000.667,"Mount",-0.096,0.022,0.063,0.075,-0.146,0.027,61,E,12,S,,,981805,142.81,0
868,2003.054,"Mount",0.060,-0.067,-0.087,-0.023,-0.182,0.000,76,E,0,,,,1123190,184.72,0
869,2005.255,"Mount",-0.064,-0.143,-0.098,0.123,-0.149,0.044,62,E,19,S,,,1089811,165.59,0
870,2007.628,"Mount",-0.004,-0.102,-0.089,0.051,-0.114,0.000,47,E,0,,,,999596,148.36,0
871,2009.745,"Mount",0.018,-0.116,-0.111,0.038,-0.109,0.000,45,E,0,,,,1050845,165.49,0
872,2012.080,"Mount",0.081,-0.054,-0.085,-0.047,-0.101,0.000,42,E,0,,,,1141671,168.47,0
873,2014.186,"Mount",-0.147,0.084,0.142,0.092,-0.001,0.033,0,,14,S,,,994547,148.22,0
874,2016.515,"Mount",0.021,0.041,0.027,-0.037,-0.089,0.000,37,E,0,,,,1061050,160.76,0
875,2018.686,"Mount",-0.010,0.172,0.157,-0.071,-0.012,-0.025,5,E,11,N,,,1112011,165.91,0
876,2021.097,"Mount",-0.091,0.029,0.068,0.068,-0.046,0.023,19,E,10,S,,,1112824,160.99,0
877,2023.269,"Mount",-0.210,0.169,0.247,0.109,0.051,0.040,21,W,17,S,,,1081608,145.98,0
878,2025.627,"Mount",-0.160,0.227,0.275,0.037,0.084,0.000,35,W,0,,,,1079605,155.98,0
879,2027.720,"Mount",-0.102,0.197,0.222,-0.000,0.086,0.000,36,W,0,,,,1034733,161.65,0
880,2030.126,"Mount",-0.143,0.030,0.092,0.113,0.039,0.041,16,W,17,S,,,1046596,157.00,0
881,2032.310,"Mount",-0.052,0.267,0.261,-0.077,0.144,-0.026,60,W,11,N,,,1102380,186.55,0
882,2034.690,"Mount",0.104,-0.084,-0.122,-0.053,-0.009,0.000,4,E,0,,,,1028039,146.70,0
883,2036.802,"Mount",0.059,-0.156,-0.166,0.020,-0.013,0.000,5,E,0,,,,1060554,147.43,0
884,2039.130,"Mount",-0.022,-0.182,-0.152,0.103,-0.000,0.037,0,,16,S,,,1125882,170.64,0
885,2041.330,"Mount",-0.122,0.077,0.125,0.072,0.092,0.028,38,W,12,S,,,1007848,159.23,0
886,2043.599,"Mount",0.002,-0.031,-0.028,0.012,0.025,0.000,10,W,0,,,,1086720,174.93,0
887,2045.821,"Mount",-0.129,-0.106,-0.034,0.163,0.003,0.059,1,W,25,S,,,1113406,159.81,0
888,2048.231,"Mount",-0.163,0.035,0.106,0.128,0.033,0.048,14,W,21,S,,,1056879,159.38,0
889,2050.299,"Mount",-0.067,0.169,0.181,-0.019,0.066,0.000,27,W,0,,,,965765,177.25,0
890,2052.610,"Mount",0.013,0.028,0.019,-0.024,0.007,0.000,3,W,0,,,,1051226,162.51,0
891,2054.715,"Mount",-0.052,-0.098,-0.063,0.091,0.014,0.033,6,W,14,S,,,1059525,143.21,0
892,2057.187,"Mount",-0.148,0.066,0.127,0.100,0.148,0.037,61,W,16,S,,,1040749,190.15,0
893,2059.360,"Mount",-0.079,-0.017,0.021,0.078,0.119,0.030,50,W,13,S,,,1027454,160.46,0
894,2061.864,"Mount",-0.208,0.123,0.205,0.128,0.242,0.047,100,W,20,S,,,1027808,155.28,0
895,2064.043,"Mount",-0.049,0.067,0.082,0.013,0.205,0.000,85,W,0,,,,1082166,144.56,0
896,2066.432,"Mount",0.025,0.033,0.017,-0.038,0.195,0.000,81,W,0,,,,1047375,176.55,0
897,2068.619,"Mount",0.043,-0.037,-0.053,-0.021,0.205,0.000,85,W,0,,,,1011088,157.44,0
898,2071.102,"Mount",0.031,0.202,0.165,-0.121,0.287,-0.043,119,W,19,N,,,983169,140.85,0
899,2073.302,"Mount",-0.072,0.196,0.207,-0.027,0.295,0.000,122,W,0,,,,1021116,146.29,0
900,2075.746,"Mount",-0.115,-0.088,-0.026,0.143,0.187,0.051,77,W,22,S,,,984804,138.06,0
901,2077.951,"Mount",-0.093,0.028,0.067,0.069,0.193,0.027,80,W,12,S,,,1027642,144.49,0
902,2080.377,"Mount",-0.161,0.052,0.120,0.119,0.187,0.044,78,W,19,S,,,1013499,159.32,0
903,2082.423,"Mount",0.086,-0.098,-0.127,-0.031,0.025,0.000,10,W,0,,,,1047738,155.33,0
904,2084.811,"Mount",0.151,-0.143,-0.196,-0.068,-0.015,-0.024,6,E,10,N,,,996866,151.80,0
905,2086.955,"Mount",0.001,0.073,0.064,-0.034,0.078,0.000,32,W,0,,,,1008012,144.58,0
906,2089.343,"Mount",-0.064,-0.062,-0.026,0.085,0.035,0.031,14,W,13,S,,,1041762,194.24,0
907,2091.567,"Mount",-0.191,0.003,0.091,0.168,0.078,0.062,33,W,26,S,,,1061183,168.99,0
908,2093.995,"Mount",-0.173,0.004,0.083,0.152,0.072,0.057,30,W,24,S,,,1059101,198.48,0
909,2096.169,"Mount",-0.087,0.134,0.159,0.015,0.102,0.000,42,W,0,,,,997305,155.82,0
910,2098.468,"Mount",0.049,0.016,-0.009,-0.051,0.026,0.000,11,W,0,,,,1003027,174.17,0
911,2100.689,"Mount",0.059,0.052,0.018,-0.076,0.020,-0.027,8,W,12,N,,,1089193,173.70,0
912,2102.991,"Mount",0.101,-0.073,-0.111,-0.056,-0.029,0.000,12,E,0,,,,1040078,165.49,0
913,2105.153,"Mount",0.177,-0.091,-0.163,-0.115,-0.003,-0.041,1,E,18,N,,,1002872,160.29,0
914,2107.443,"Mount",0.074,-0.095,-0.119,-0.022,0.026,0.000,11,W,0,,,,979725,177.94,0
915,2109.578,"Mount",-0.041,0.038,0.052,0.019,0.063,0.000,26,W,0,,,,918064,154.05,0
916,2111.954,"Mount",0.046,0.104,0.071,-0.089,0.069,-0.032,29,W,14,N,,,947762,140.41,0
917,2114.864,"Mount",-2.028,3.229,3.801,0.308,1.751,0.110,726,W,47,S,,,959722,128.87,0
918,2117.420,"Mount",0.216,-1.120,-1.094,0.325,-0.387,0.122,160,E,52,S,,,1018984,182.60,0
919,2119.687,"Mount",0.544,-1.140,-1.262,0.044,-0.398,0.000,165,E,0,,,,1026833,144.03,0
920,2122.235,"Mount",0.195,0.001,-0.088,-0.174,0.237,-0.062,98,W,27,N,,,1093834,156.51,0
921,2124.483,"Mount",0.078,0.072,0.028,-0.103,0.296,-0.039,123,W,17,N,,,1044435,137.81,0
922,2126.942,"Mount",0.140,0.111,0.034,-0.175,0.210,-0.065,87,W,28,N,,,1025333,143.41,0
923,2129.178,"Mount",0.027,0.144,0.115,-0.090,0.263,-0.035,109,W,15,N,,,1067633,185.64,0
924,2131.695,"Mount",0.109,0.158,0.090,-0.170,0.254,-0.063,106,W,27,N,,,1056709,155.70,0
925,2133.870,"Mount",-0.097,0.063,0.101,0.057,0.248,0.000,103,W,0,,,,1008519,159.66,0
926,2136.326,"Mount",-0.066,0.236,0.240,-0.051,0.335,0.000,139,W,0,,,,1086182,147.33,0
927,2138.618,"Mount",-0.075,0.182,0.196,-0.017,0.291,0.000,121,W,0,,,,1047107,161.23,0
928,2141.230,"Mount",0.144,0.155,0.071,-0.199,0.255,-0.072,106,W,31,N,,,1058363,157.97,0
929,2143.499,"Mount",0.302,0.088,-0.061,-0.309,0.163,-0.114,68,W,49,N,,,1097084,182.19,0
930,2145.939,"Mount",0.081,-0.010,-0.046,-0.067,0.171,-0.029,71,W,12,N,,,1009516,142.11,0
931,2148.054,"Mount",0.080,-0.241,-0.251,0.040,0.029,0.000,12,W,0,,,,1007806,156.69,0
932,2150.478,"Mount",-0.146,-0.116,-0.036,0.183,0.119,0.066,49,W,28,S,,,1029023,155.12,0
933,2152.628,"Mount",-0.032,0.105,0.108,-0.021,0.108,0.000,45,W,0,,,,1108224,179.28,0
934,2154.963,"Mount",-0.013,-0.031,-0.021,0.026,0.028,0.000,12,W,0,,,,1070707,154.41,0
935,2157.088,"Mount",0.077,-0.063,-0.092,-0.039,-0.033,0.000,14,E,0,,,,1035157,171.08,0
936,2159.408,"Mount",0.039,-0.043,-0.057,-0.015,-0.016,0.000,7,E,0,,,,1075626,166.49,0
937,2161.662,"Mount",0.003,-0.430,-0.383,0.196,-0.192,0.070,80,E,30,S,,,1048407,177.35,0
938,2163.989,"Mount",-0.023,-0.026,-0.012,0.032,-0.030,0.000,12,E,0,,,,1093586,163.67,0
939,2166.114,"Mount",0.022,-0.034,-0.041,-0.004,-0.031,0.000,13,E,0,,,,1001433,173.44,0
940,2168.450,"Mount",0.052,0.028,0.001,-0.059,-0.041,0.000,17,E,0,,,,1052457,178.95,0
941,2170.618,"Mount",-0.125,0.089,0.137,0.070,0.036,0.025,15,W,11,S,,,1042505,175.64,0
942,2172.979,"Mount",-0.080,0.140,0.162,0.007,0.049,0.000,20,W,0,,,,911127,149.06,0
943,2175.145,"Mount",0.079,-0.160,-0.178,0.004,-0.095,0.000,39,E,0,,,,1054171,181.65,0
944,2177.562,"Mount",0.121,-0.115,-0.158,-0.054,-0.075,0.000,31,E,0,,,,948039,151.16,0
945,2179.754,"Mount",0.110,-0.106,-0.145,-0.048,-0.065,0.000,27,E,0,,,,1006526,169.69,0
946,2182.050,"Mount",0.005,0.071,0.061,-0.037,0.034,0.000,14,W,0,,,,980074,158.37,0
947,2184.243,"Mount",0.140,-0.118,-0.169,-0.070,-0.058,-0.025,24,E,11,N,,,1022751,165.37,0
948,2186.567,"Mount",0.080,-0.051,-0.082,-0.048,-0.007,0.000,3,E,0,,,,999731,155.85,0
949,2188.716,"Mount",0.254,-0.100,-0.206,-0.179,-0.063,-0.064,26,E,28,N,,,1011547,146.83,0
950,2191.068,"Mount",0.032,-0.006,-0.020,-0.026,0.025,0.000,10,W,0,,,,996482,151.48,0
951,2193.300,"Mount",0.044,-0.360,-0.340,0.127,-0.135,0.046,56,E,20,S,,,971825,159.01,0
952,2195.661,"Mount",0.066,0.044,0.009,-0.079,0.008,-0.027,3,W,11,N,,,994875,148.78,0
953,2197.771,"Mount",0.060,0.094,0.056,-0.096,0.001,-0.036,0,,15,N,,,994171,161.40,0
954,2200.115,"Mount",-0.051,0.078,0.093,0.009,0.039,0.000,16,W,0,,,,962807,155.54,0
955,2202.240,"Mount",-0.015,0.074,0.073,-0.021,0.039,0.000,16,W,0,,,,1031676,147.33,0
956,2204.638,"Mount",-0.045,0.233,0.227,-0.068,0.112,-0.024,46,W,10,N,,,1012197,156.34,0
957,2206.875,"Mount",0.181,0.174,0.071,-0.241,0.041,-0.088,17,W,38,N,,,1026484,159.91,0
958,2209.302,"Mount",0.193,-0.069,-0.150,-0.140,-0.070,-0.054,29,E,23,N,,,1041640,165.54,0
959,2211.427,"Mount",0.086,-0.118,-0.144,-0.021,-0.072,0.000,30,E,0,,,,985462,166.10,0
960,2213.825,"Mount",0.093,-0.028,-0.068,-0.070,-0.051,-0.025,21,E,11,N,,,991909,174.72,0
961,2215.998,"Mount",0.014,-0.198,-0.182,0.079,-0.125,0.028,52,E,12,S,,,1043447,170.17,0
962,2218.419,"Mount",0.212,-0.116,-0.201,-0.134,-0.142,-0.047,59,E,20,N,,,987381,161.79,0
963,2220.610,"Mount",0.096,0.076,0.023,-0.121,-0.045,-0.045,19,E,19,N,,,925978,151.54,0
964,2222.930,"Mount",0.059,-0.065,-0.085,-0.022,-0.082,0.000,34,E,0,,,,942718,176.65,0
965,2225.074,"Mount",-0.164,0.092,0.157,0.103,0.033,0.037,14,W,16,S,,,996271,175.08,0
966,2227.486,"Mount",0.047,0.235,0.187,-0.150,0.067,-0.052,28,W,22,N,,,922981,145.71,0
967,2229.653,"Mount",0.102,-0.019,-0.064,-0.081,-0.032,-0.031,13,E,13,N,,,1061222,173.26,0
968,2232.047,"Mount",0.037,0.080,0.054,-0.070,0.027,-0.026,11,W,11,N,,,1015981,149.95,0
969,2234.217,"Mount",-0.083,0.019,0.055,0.065,0.037,0.022,15,W,10,S,,,1009395,158.78,0
970,2236.587,"Mount",-0.078,0.128,0.150,0.010,0.109,0.000,45,W,0,,,,979012,152.59,0
971,2238.796,"Mount",-0.093,0.043,0.081,0.062,0.085,0.022,35,W,10,S,,,995664,158.16,0
972,2241.187,"Mount",-0.054,-0.033,-0.004,0.064,0.054,0.024,22,W,10,S,,,1053407,146.84,0
973,2243.366,"Mount",-0.160,-0.037,0.041,0.159,0.054,0.058,23,W,25,S,,,1014804,180.86,0
974,2245.825,"Mount",-0.187,-0.020,0.069,0.175,0.089,0.065,37,W,28,S,,,1096740,163.91,0
975,2248.016,"Mount",-0.140,-0.083,-0.009,0.162,0.048,0.061,20,W,26,S,,,1053004,154.82,0
976,2250.424,"Mount",-0.166,-0.174,-0.078,0.228,-0.004,0.084,2,E,36,S,,,1056890,187.85,0
977,2252.552,"Mount",0.029,-0.169,-0.164,0.052,-0.071,0.000,30,E,0,,,,941855,130.35,0
978,2254.868,"Mount",-0.094,-0.095,-0.041,0.127,-0.022,0.046,9,E,20,S,,,1016713,144.73,0
979,2257.082,"Mount",-0.038,-0.163,-0.127,0.108,-0.109,0.041,45,E,17,S,,,1074262,152.52,0
980,2259.417,"Mount",0.027,-0.112,-0.111,0.028,-0.134,0.000,56,E,0,,,,1059011,160.80,0
981,2261.521,"Mount",-0.038,0.049,0.061,0.011,-0.069,0.000,29,E,0,,,,1038216,149.28,0
982,2263.927,"Mount",-0.139,0.036,0.096,0.107,-0.076,0.038,32,E,16,S,,,1100844,170.52,0
983,2266.130,"Mount",-0.102,-0.068,-0.014,0.122,-0.136,0.046,56,E,20,S,,,1048379,193.77,0
984,2268.536,"Mount",0.076,-0.160,-0.177,0.006,-0.244,0.000,101,E,0,,,,1025540,174.72,0
985,2270.739,"Mount",-0.078,-0.006,0.030,0.072,-0.178,0.026,74,E,11,S,,,976979,145.14,0
986,2273.256,"Mount",-0.031,-0.094,-0.069,0.071,-0.232,0.027,96,E,11,S,,,1071490,159.44,0
987,2275.548,"Mount",0.008,-0.164,-0.150,0.068,-0.263,0.026,109,E,11,S,,,1052566,150.09,0
988,2278.055,"Mount",-0.160,0.052,0.120,0.118,-0.144,0.044,60,E,19,S,,,1044512,159.69,0
989,2280.229,"Mount",-0.073,0.014,0.046,0.059,-0.173,0.000,72,E,0,,,,1059451,157.79,0
990,2282.598,"Mount",-0.177,0.086,0.158,0.117,-0.063,0.042,26,E,18,S,,,1075990,152.95,0
991,2284.756,"Mount",-0.112,-0.069,-0.010,0.131,-0.091,0.049,38,E,21,S,,,1052215,171.37,0
992,2287.193,"Mount",-0.117,-0.221,-0.142,0.206,-0.118,0.076,49,E,33,S,,,1086476,143.42,0
993,2289.418,"Mount",-0.070,-0.165,-0.114,0.138,-0.083,0.053,34,E,23,S,,,1072244,160.67,0
994,2291.877,"Mount",0.042,-0.251,-0.242,0.079,-0.142,0.030,59,E,13,S,,,1129534,150.75,0
995,2294.128,"Mount",-0.036,-0.266,-0.219,0.155,-0.135,0.057,56,E,24,S,,,1143497,159.17,0
996,2296.566,"Mount",-0.080,-0.141,-0.088,0.136,-0.101,0.051,42,E,22,S,,,1055582,163.64,0
997,2298.740,"Mount",-0.035,0.003,0.019,0.029,-0.070,0.000,29,E,0,,,,1084351,164.74,0
998,2301.101,"Mount",0.024,-0.004,-0.014,-0.020,-0.070,0.000,29,E,0,,,,1064449,136.24,0
999,2303.231,"Mount",0.035,-0.013,-0.027,-0.025,-0.065,0.000,27,E,0,,,,1050512,158.16,0
1000,2305.645,"Mount",-0.080,-0.031,0.010,0.086,-0.074,0.031,31,E,13,S,,,1081374,154.71,0
1001,2307.848,"Mount",-0.054,-0.057,-0.026,0.074,-0.064,0.028,27,E,12,S,,,1049708,161.28,0
1002,2310.192,"Mount",-0.016,-0.082,-0.065,0.052,-0.106,0.000,44,E,0,,,,1066245,185.98,0
1003,2312.287,"Mount",0.009,0.042,0.033,-0.028,-0.075,0.000,31,E,0,,,,1081442,145.49,0
1004,2314.660,"Mount",0.087,0.043,-0.002,-0.097,-0.093,-0.035,38,E,15,N,,,1049768,166.54,0
1005,2316.737,"Mount",-0.049,0.136,0.144,-0.020,-0.046,0.000,19,E,0,,,,1089485,152.14,0
1006,2319.053,"Mount",-0.020,0.106,0.103,-0.031,-0.096,0.000,40,E,0,,,,990621,138.13,0
1007,2321.190,"Mount",0.045,-0.030,-0.047,-0.026,-0.170,0.000,70,E,0,,,,1073831,160.71,0
1008,2323.642,"Mount",0.091,-0.196,-0.216,0.010,-0.310,0.000,129,E,0,,,,1146169,157.70,0
1009,2325.810,"Mount",0.052,-0.030,-0.050,-0.032,-0.256,0.000,106,E,0,,,,1015487,140.91,0
1010,2328.330,"Mount",0.134,-0.356,-0.378,0.046,-0.473,0.000,196,E,0,,,,1089544,150.17,0
1011,2330.548,"Mount",-0.068,0.009,0.040,0.056,-0.324,0.000,134,E,0,,,,1125777,147.85,0
1012,2332.993,"Mount",0.048,0.002,-0.021,-0.044,-0.362,0.000,150,E,0,,,,1117678,152.72,0
1013,2335.304,"Mount",-0.051,-0.073,-0.041,0.079,-0.347,0.028,144,E,12,S,,,1038582,162.75,0
1014,2337.802,"Mount",0.031,-0.058,-0.066,-0.000,-0.355,0.000,147,E,0,,,,1110572,176.59,0
1015,2340.057,"Mount",0.069,0.257,0.196,-0.179,-0.193,-0.065,80,E,28,N,,,1084343,170.82,0
1016,2342.541,"Mount",0.186,-0.011,-0.095,-0.160,-0.289,-0.060,120,E,26,N,,,1081456,139.02,0
1017,2344.768,"Mount",0.105,-0.100,-0.137,-0.047,-0.261,0.000,108,E,0,,,,1137394,181.36,0
1018,2347.188,"Mount",0.056,0.009,-0.018,-0.054,-0.181,0.000,75,E,0,,,,1026342,137.01,0
1019,2349.454,"Mount",0.171,-0.186,-0.244,-0.066,-0.260,-0.024,108,E,10,N,,,1061506,170.13,0
1020,2351.954,"Mount",0.203,-0.050,-0.138,-0.157,-0.216,-0.057,89,E,25,N,,,1087719,153.36,0
1021,2354.245,"Mount",0.128,-0.024,-0.080,-0.102,-0.168,-0.039,70,E,17,N,,,1087594,151.37,0
1022,2356.689,"Mount",0.234,-0.036,-0.140,-0.191,-0.206,-0.070,85,E,30,N,,,1091044,173.46,0
1023,2358.840,"Mount",0.066,0.138,0.092,-0.123,-0.081,-0.047,34,E,20,N,,,1122601,164.50,0
1024,2361.308,"Mount",0.168,-0.069,-0.139,-0.117,-0.171,-0.044,71,E,19,N,,,1087270,157.76,0
1025,2363.549,"Mount",0.185,0.088,-0.007,-0.205,-0.099,-0.076,41,E,32,N,,,1083490,148.66,0
1026,2365.990,"Mount",0.080,0.112,0.062,-0.123,-0.042,-0.047,18,E,20,N,,,1072177,147.75,0
1027,2368.161,"Mount",0.068,-0.003,-0.034,-0.058,-0.048,0.000,20,E,0,,,,992066,146.84,0
1028,2370.507,"Mount",-0.054,0.037,0.058,0.030,-0.029,0.000,12,E,0,,,,1092438,151.37,0
1029,2372.689,"Mount",0.172,0.038,-0.045,-0.170,-0.008,-0.061,3,E,26,N,,,1114240,147.27,0
1030,2375.035,"Mount",-0.115,0.099,0.140,0.056,0.074,0.000,31,W,0,,,,1085952,149.90,0
1031,2377.269,"Mount",0.010,0.241,0.209,-0.120,0.114,-0.043,47,W,19,N,,,961209,131.05,0
1032,2379.773,"Mount",0.130,0.111,0.039,-0.166,0.032,-0.062,13,W,26,N,,,1059742,154.61,0
1033,2381.925,"Mount",0.112,-0.180,-0.211,-0.016,-0.062,0.000,26,E,0,,,,1089714,156.12,0
1034,2384.230,"Mount",0.068,-0.174,-0.186,0.020,-0.042,0.000,17,E,0,,,,1049991,168.10,0
1035,2386.368,"Mount",0.166,-0.122,-0.185,-0.091,-0.048,-0.033,20,E,14,N,,,1057205,174.68,0
1036,2388.728,"Mount",0.177,-0.066,-0.140,-0.127,-0.001,-0.047,1,E,20,N,,,1043585,162.66,0
1037,2390.808,"Mount",0.032,0.012,-0.004,-0.034,0.016,0.000,7,W,0,,,,1081505,146.42,0
1038,2393.140,"Mount",-0.024,-0.089,-0.068,0.062,-0.024,0.022,10,E,10,S,,,1060300,157.59,0
1039,2395.206,"Mount",0.031,0.008,-0.007,-0.031,-0.004,0.000,2,E,0,,,,1023647,161.75,0
1040,2397.524,"Mount",-0.140,0.157,0.204,0.051,0.082,0.000,34,W,0,,,,1033349,153.49,0
1041,2399.683,"Mount",-0.037,-0.129,-0.097,0.093,-0.046,0.033,19,E,14,S,,,1102259,158.27,0
1042,2402.098,"Mount",-0.090,0.007,0.048,0.076,0.055,0.029,23,W,12,S,,,1083715,147.51,0
1043,2404.257,"Mount",-0.074,0.113,0.134,0.013,0.158,0.000,66,W,0,,,,1037374,151.34,0
1044,2406.746,"Mount",-0.146,0.138,0.190,0.065,0.210,0.024,87,W,10,S,,,1017023,170.29,0
1045,2409.028,"Mount",-0.234,0.235,0.317,0.099,0.284,0.037,118,W,16,S,,,1063380,149.16,0
1046,2411.512,"Mount",-0.008,0.174,0.158,-0.073,0.246,-0.025,102,W,11,N,,,986511,155.11,0
1047,2413.674,"Mount",-0.003,0.135,0.121,-0.060,0.237,0.000,98,W,0,,,,984768,166.13,0
1048,2416.082,"Mount",0.021,0.023,0.010,-0.029,0.209,0.000,87,W,0,,,,1008497,171.31,0
1049,2418.283,"Mount",-0.021,0.119,0.115,-0.036,0.257,0.000,106,W,0,,,,959905,158.23,0
1050,2422.937,"Mount",-0.015,0.185,0.171,-0.072,0.345,-0.026,143,W,11,N,,,961803,142.11,0
1051,2425.344,"Mount",-0.033,0.122,0.124,-0.028,0.228,0.000,95,W,0,,,,954310,153.98,0
1052,2427.572,"Mount",-0.071,0.039,0.068,0.045,0.160,0.000,66,W,0,,,,975772,165.79,0
1053,2429.910,"Mount",-0.097,0.101,0.134,0.040,0.166,0.000,69,W,0,,,,950268,145.39,0
1054,2432.120,"Mount",-0.088,-0.050,-0.004,0.101,0.094,0.036,39,W,16,S,,,963453,151.37,0
1055,2434.535,"Mount",-0.092,-0.009,0.035,0.086,0.086,0.032,36,W,14,S,,,1033320,172.68,0
1056,2436.597,"Mount",0.092,-0.109,-0.139,-0.031,-0.008,0.000,3,E,0,,,,1065893,158.81,0
1057,2438.956,"Mount",-0.072,-0.142,-0.093,0.129,0.000,0.046,0,,20,S,,,971605,167.70,0
1058,2441.043,"Mount",-0.009,0.006,0.010,0.006,0.030,0.000,12,W,0,,,,1072859,152.55,0
1059,2443.380,"Mount",0.107,-0.028,-0.074,-0.082,-0.018,-0.030,8,E,13,N,,,1004833,150.94,0
1060,2445.529,"Mount",-0.060,-0.127,-0.085,0.112,-0.029,0.039,12,E,17,S,,,998678,161.32,0
1061,2447.848,"Mount",0.069,-0.194,-0.204,0.029,-0.083,0.000,35,E,0,,,,1110870,178.65,0
1062,2449.909,"Mount",0.002,-0.037,-0.034,0.015,0.013,0.000,5,W,0,,,,1027291,172.24,0
1063,2452.208,"Mount",0.030,-0.139,-0.137,0.037,-0.036,0.000,15,E,0,,,,1051369,171.56,0
1064,2454.262,"Mount",0.058,-0.124,-0.137,0.005,0.022,0.000,9,W,0,,,,1053052,160.88,0
1065,2456.699,"Mount",0.138,-0.132,-0.180,-0.061,0.071,-0.022,29,W,9,N,,,1018842,151.49,0
1066,2458.805,"Mount",0.122,-0.131,-0.172,-0.047,0.018,0.000,7,W,0,,,,1011420,139.58,0
1067,2461.110,"Mount",0.074,-0.084,-0.109,-0.027,0.027,0.000,11,W,0,,,,1069091,166.18,0
1068,2463.299,"Mount",-0.178,-0.027,0.058,0.170,0.049,0.061,20,W,26,S,,,1043364,154.13,0
1069,2465.734,"Mount",-0.126,0.018,0.074,0.103,0.115,0.040,48,W,17,S,,,1019765,159.47,0
1070,2468.006,"Mount",-0.012,0.199,0.182,-0.081,0.218,-0.028,90,W,12,N,,,1002105,169.58,0
1071,2470.458,"Mount",-0.159,0.104,0.165,0.094,0.237,0.033,98,W,14,S,,,984795,174.87,0
1072,2472.723,"Mount",-0.133,0.115,0.163,0.065,0.258,0.025,107,W,11,S,,,952263,149.47,0
1073,2475.271,"Mount",-0.308,0.009,0.150,0.269,0.293,0.098,122,W,42,S,,,881031,160.87,0
1074,2477.515,"Mount",-0.099,0.209,0.231,-0.008,0.357,0.000,148,W,0,,,,913567,159.94,0
1075,2479.988,"Mount",-0.048,0.149,0.154,-0.026,0.346,0.000,144,W,0,,,,916755,152.36,0
1076,2482.321,"Mount",-0.138,-0.003,0.060,0.124,0.309,0.044,128,W,19,S,,,937848,153.69,0
1077,2484.834,"Mount",-0.126,0.050,0.103,0.089,0.320,0.034,133,W,14,S,,,928579,171.35,0
1078,2487.088,"Mount",-0.067,0.232,0.237,-0.048,0.340,0.000,141,W,0,,,,911077,171.52,0
1079,2489.611,"Mount",-0.006,0.156,0.141,-0.067,0.272,-0.024,113,W,10,N,,,913568,157.91,0
1080,2491.814,"Mount",-0.090,0.145,0.170,0.013,0.241,0.000,100,W,0,,,,981304,148.75,0
1081,2494.229,"Mount",0.087,0.027,-0.016,-0.090,0.135,-0.032,56,W,14,N,,,932803,140.00,0
1082,2496.358,"Mount",0.157,-0.043,-0.110,-0.120,0.054,-0.044,22,W,19,N,,,1039891,145.27,0
1083,2498.782,"Mount",0.015,-0.008,-0.014,-0.010,0.080,0.000,33,W,0,,,,1016008,159.85,0
1084,2500.957,"Mount",0.084,0.023,-0.018,-0.085,0.052,-0.031,22,W,13,N,,,999094,156.55,0
1085,2503.265,"Mount",-0.046,0.004,0.025,0.039,0.040,0.000,17,W,0,,,,978999,142.58,0
1086,2505.377,"Mount",-0.008,0.025,0.025,-0.005,0.029,0.000,12,W,0,,,,873702,167.68,0
1087,2507.708,"Mount",0.015,-0.037,-0.040,0.004,0.004,0.000,2,W,0,,,,932500,160.99,0
1088,2509.886,"Mount",-0.038,-0.092,-0.064,0.076,-0.029,0.027,12,E,12,S,,,974589,164.92,0
1089,2512.274,"Mount",-0.182,-0.105,-0.010,0.210,-0.024,0.077,10,E,33,S,,,912356,154.22,0
1090,2514.445,"Mount",-0.131,-0.001,0.059,0.117,-0.039,0.045,16,E,19,S,,,944509,154.80,0
1091,2516.837,"Mount",-0.170,0.078,0.148,0.115,0.020,0.043,8,W,18,S,,,964795,152.64,0
1092,2519.005,"Mount",-0.145,0.119,0.172,0.074,0.032,0.028,13,W,12,S,,,928023,160.92,0
1093,2521.396,"Mount",-0.064,-0.035,-0.002,0.073,-0.034,0.028,14,E,12,S,,,949629,167.29,0
1094,2523.566,"Mount",0.084,-0.007,-0.045,-0.071,-0.028,-0.024,11,E,10,N,,,883373,143.77,0
1095,2526.028,"Mount",-0.140,0.126,0.176,0.066,0.065,0.023,27,W,10,S,,,929579,159.93,0
1096,2528.242,"Mount",-0.177,0.101,0.171,0.111,0.077,0.041,32,W,17,S,,,899094,147.94,0
1097,2530.606,"Mount",-0.042,-0.156,-0.119,0.109,-0.044,0.041,18,E,18,S,,,798362,128.84,0
1098,2532.713,"Mount",0.122,-0.214,-0.246,-0.009,-0.094,0.000,39,E,0,,,,730407,139.81,0
1099,2534.992,"Mount",-0.057,-0.015,0.013,0.058,0.021,0.000,9,W,0,,,,733327,162.57,0
1100,2537.164,"Mount",-0.146,0.048,0.110,0.108,0.063,0.039,26,W,17,S,,,779786,152.91,0
1101,2539.525,"Mount",-0.183,-0.076,0.017,0.197,0.017,0.073,7,W,31,S,,,865661,146.86,0
1102,2541.694,"Mount",-0.127,0.073,0.123,0.079,0.084,0.031,35,W,13,S,,,954368,147.50,0
1103,2544.035,"Mount",0.045,-0.063,-0.077,-0.011,-0.008,0.000,3,E,0,,,,880083,138.40,0
1104,2546.126,"Mount",0.072,-0.220,-0.228,0.038,-0.078,0.000,32,E,0,,,,812576,152.90,0
1105,2548.535,"Mount",-0.255,0.108,0.214,0.176,0.116,0.063,48,W,27,S,,,829477,138.05,0
1106,2550.705,"Mount",-0.120,-0.006,0.049,0.109,0.007,0.042,3,W,18,S,,,820994,163.26,0
1107,2553.075,"Mount",-0.058,-0.023,0.006,0.062,0.001,0.024,1,W,10,S,,,682781,161.13,0
1108,2555.221,"Mount",0.088,0.002,-0.039,-0.079,-0.010,-0.028,4,E,12,N,,,674372,151.85,0
1109,2557.546,"Mount",0.052,-0.008,-0.031,-0.042,-0.010,0.000,4,E,0,,,,658305,136.35,0
1110,2559.661,"Mount",0.016,0.060,0.046,-0.042,-0.027,0.000,11,E,0,,,,783414,167.93,0
1111,2562.061,"Mount",-0.182,0.042,0.121,0.142,0.007,0.051,3,W,22,S,,,921083,153.14,0
1112,2564.169,"Mount",-0.138,0.140,0.188,0.058,0.033,0.000,14,W,0,,,,969363,152.52,0
1113,2566.562,"Mount",0.051,0.069,0.037,-0.077,-0.045,-0.028,19,E,12,N,,,868140,163.43,0
1114,2568.677,"Mount",-0.043,0.006,0.025,0.035,-0.035,0.000,14,E,0,,,,823978,140.48,0
1115,2571.029,"Mount",-0.092,-0.042,0.005,0.101,-0.019,0.036,8,E,16,S,,,764614,149.51,0
1116,2573.158,"Mount",-0.074,0.118,0.139,0.012,0.050,0.000,21,W,0,,,,745068,139.64,0
1117,2575.582,"Mount",-0.191,0.075,0.155,0.135,0.068,0.048,28,W,21,S,,,782416,138.79,0
1118,2577.787,"Mount",-0.278,0.046,0.169,0.226,0.079,0.083,33,W,36,S,,,831204,159.37,0
1119,2580.232,"Mount",-0.207,0.126,0.207,0.126,0.107,0.049,44,W,21,S,,,819472,164.76,0
1120,2582.410,"Mount",-0.173,0.118,0.184,0.099,0.115,0.038,48,W,16,S,,,968645,156.81,0
1121,2584.787,"Mount",-0.092,0.061,0.097,0.053,0.086,0.000,36,W,0,,,,887068,158.86,0
1122,2586.957,"Mount",0.044,0.020,-0.002,-0.048,0.047,0.000,20,W,0,,,,922669,155.32,0
1123,2589.376,"Mount",-0.238,0.129,0.224,0.151,0.158,0.054,65,W,23,S,,,923157,158.91,0
1124,2591.435,"Mount",0.035,-0.031,-0.044,-0.016,0.057,0.000,23,W,0,,,,879463,139.21,0
1125,2593.822,"Mount",0.201,-0.026,-0.116,-0.166,0.002,-0.060,1,W,26,N,,,865238,161.43,0
1126,2595.912,"Mount",0.002,0.102,0.090,-0.049,0.086,0.000,36,W,0,,,,946384,153.99,0
1127,2598.212,"Mount",-0.007,-0.023,-0.017,0.017,0.030,0.000,12,W,0,,,,962283,138.09,0
1128,2600.274,"Mount",0.035,-0.144,-0.144,0.035,-0.061,0.000,25,E,0,,,,1014754,161.94,0
1129,2602.656,"Mount",0.034,-0.250,-0.237,0.086,-0.135,0.031,56,E,13,S,,,1050873,193.08,0
1130,2604.765,"Mount",0.104,-0.100,-0.137,-0.046,-0.111,0.000,46,E,0,,,,1020994,188.50,0
1131,2607.237,"Mount",0.229,-0.142,-0.231,-0.138,-0.189,-0.050,79,E,21,N,,,925721,142.86,0
1132,2609.489,"Mount",0.014,-0.177,-0.164,0.069,-0.177,0.023,73,E,10,S,,,933671,141.01,0
1133,2611.909,"Mount",0.057,0.110,0.071,-0.101,-0.097,-0.036,40,E,15,N,,,932010,143.24,0
1134,2616.484,"Mount",0.246,-0.190,-0.282,-0.131,-0.345,-0.049,143,E,21,N,,,955745,138.02,0
1135,2618.754,"Mount",0.272,-0.264,-0.360,-0.119,-0.336,-0.045,139,E,19,N,,,1074058,167.47,0
1136,2621.142,"Mount",-0.090,0.129,0.156,0.021,-0.136,0.000,56,E,0,,,,1058215,173.01,0
1137,2623.218,"Mount",-0.066,0.217,0.223,-0.042,-0.094,0.000,39,E,0,,,,1124587,141.94,0
1138,2625.603,"Mount",-0.005,0.141,0.127,-0.061,-0.127,-0.022,53,E,9,N,,,1093945,144.18,0
1139,2627.725,"Mount",0.049,-0.097,-0.109,0.001,-0.207,0.000,86,E,0,,,,1081966,144.98,0
1140,2630.077,"Mount",0.064,-0.023,-0.050,-0.046,-0.140,0.000,58,E,0,,,,1020102,161.43,0
1141,2632.272,"Mount",-0.026,-0.113,-0.088,0.075,-0.151,0.027,63,E,12,S,,,1028704,162.41,0
1142,2634.724,"Mount",0.074,0.063,0.022,-0.094,-0.093,-0.033,39,E,14,N,,,1054264,159.00,0
1143,2636.886,"Mount",-0.034,-0.005,0.011,0.033,-0.063,0.000,26,E,0,,,,1051552,163.72,0
1144,2639.180,"Mount",-0.046,-0.010,0.013,0.046,-0.049,0.000,20,E,0,,,,1071364,158.93,0
1145,2641.360,"Mount",-0.160,0.112,0.173,0.091,0.028,0.033,11,W,14,S,,,1099665,168.44,0
1146,2643.788,"Mount",-0.078,-0.014,0.023,0.075,-0.049,0.028,20,E,12,S,,,1114422,162.49,0
1147,2645.969,"Mount",-0.126,-0.003,0.055,0.113,-0.048,0.042,20,E,18,S,,,1081385,187.16,0
1148,2648.350,"Mount",-0.120,-0.014,0.043,0.113,-0.047,0.042,19,E,18,S,,,1130817,190.70,0
1149,2650.508,"Mount",-0.064,0.104,0.122,0.008,0.020,0.000,8,W,0,,,,1062656,149.18,0
1150,2652.836,"Mount",-0.082,0.145,0.166,0.006,0.035,0.000,15,W,0,,,,1115751,151.25,0
1151,2655.012,"Mount",0.061,0.057,0.022,-0.081,-0.038,-0.029,16,E,12,N,,,1041313,152.68,0
1152,2657.401,"Mount",0.084,0.048,0.004,-0.096,-0.055,-0.036,23,E,15,N,,,945175,155.85,0
1153,2659.649,"Mount",0.200,-0.050,-0.136,-0.154,-0.140,-0.057,58,E,24,N,,,944042,154.60,0
1154,2662.115,"Mount",-0.082,-0.147,-0.092,0.141,-0.159,0.048,66,E,21,S,,,980751,182.89,0
1155,2664.333,"Mount",-0.102,0.012,0.057,0.085,-0.138,0.032,57,E,14,S,,,952453,132.93,0
1156,2666.736,"Mount",0.116,-0.110,-0.151,-0.052,-0.241,0.000,100,E,0,,,,920153,137.70,0
1157,2668.990,"Mount",-0.039,-0.057,-0.033,0.062,-0.195,0.022,81,E,9,S,,,893262,139.13,0
1158,2671.424,"Mount",0.108,-0.236,-0.259,0.013,-0.346,0.000,144,E,0,,,,1001669,161.53,0
1159,2673.637,"Mount",0.008,-0.054,-0.052,0.018,-0.254,0.000,105,E,0,,,,992748,148.13,0
1160,2676.166,"Mount",0.158,-0.125,-0.184,-0.083,-0.373,-0.030,155,E,13,N,,,1013212,154.21,0
1161,2678.462,"Mount",0.046,-0.239,-0.234,0.070,-0.414,0.024,172,E,10,S,,,975932,155.62,0
1162,2681.042,"Mount",0.062,0.022,-0.009,-0.065,-0.334,-0.022,139,E,10,N,,,814311,135.21,0
1163,2683.263,"Mount",-0.005,0.104,0.095,-0.043,-0.287,0.000,119,E,0,,,,830640,156.93,0
1164,2685.762,"Mount",0.121,-0.097,-0.141,-0.063,-0.378,-0.023,157,E,10,N,,,882419,153.24,0
1165,2687.955,"Mount",-0.181,0.207,0.267,0.065,-0.155,0.022,64,E,10,S,,,864649,154.54,0
1166,2690.394,"Mount",-0.199,0.074,0.157,0.143,-0.180,0.052,75,E,22,S,,,907015,158.21,0
1167,2692.540,"Mount",-0.167,0.229,0.280,0.042,-0.085,0.000,35,E,0,,,,827733,127.03,0
1168,2695.050,"Mount",0.182,-0.027,-0.108,-0.149,-0.247,-0.054,102,E,23,N,,,816607,158.62,0
1169,2697.277,"Mount",0.017,0.145,0.121,-0.082,-0.116,-0.032,48,E,14,N,,,764436,143.24,0
1170,2699.776,"Mount",-0.210,0.042,0.134,0.167,-0.108,0.059,45,E,25,S,,,760280,163.74,0
1171,2702.104,"Mount",-0.141,-0.038,0.031,0.142,-0.166,0.054,69,E,23,S,,,730641,149.73,0
1172,2704.505,"Mount",0.005,0.142,0.124,-0.070,-0.083,-0.023,34,E,10,N,,,686640,147.14,0
1173,2706.604,"Mount",-0.093,0.074,0.109,0.048,-0.070,0.000,29,E,0,,,,779838,147.88,0
1174,2708.977,"Mount",0.019,-0.084,-0.083,0.022,-0.142,0.000,59,E,0,,,,699830,159.46,0
1175,2711.112,"Mount",-0.033,0.077,0.083,-0.006,-0.041,0.000,17,E,0,,,,685722,147.41,0
1176,2713.440,"Mount",-0.026,-0.025,-0.011,0.035,-0.067,0.000,28,E,0,,,,719985,131.32,0
1177,2715.593,"Mount",-0.222,-0.052,0.056,0.221,-0.040,0.080,17,E,34,S,,,815781,164.82,0
1178,2717.903,"Mount",-0.061,0.078,0.097,0.018,0.019,0.000,8,W,0,,,,798173,162.40,0
1179,2720.107,"Mount",-0.204,0.187,0.260,0.095,0.104,0.034,43,W,15,S,,,789666,138.02,0
1180,2722.514,"Mount",-0.181,0.004,0.086,0.159,0.037,0.058,15,W,25,S,,,820836,154.44,0
1181,2724.700,"Mount",-0.041,0.225,0.218,-0.068,0.101,-0.022,42,W,9,N,,,837476,147.52,0
1182,2727.066,"Mount",-0.088,0.192,0.211,-0.011,0.111,0.000,46,W,0,,,,868543,141.96,0
1183,2729.158,"Mount",-0.018,0.122,0.116,-0.041,0.062,0.000,26,W,0,,,,848662,144.47,0
1184,2731.484,"Mount",0.006,0.005,0.001,-0.008,0.013,0.000,5,W,0,,,,909935,143.31,0
1185,2733.549,"Mount",-0.016,-0.045,-0.033,0.035,0.008,0.000,3,W,0,,,,878500,150.53,0
1186,2735.957,"Mount",-0.075,-0.098,-0.053,0.112,0.050,0.040,21,W,17,S,,,956061,157.88,0
1187,2738.025,"Mount",-0.028,-0.046,-0.028,0.046,0.060,0.000,25,W,0,,,,927987,157.03,0
1188,2740.387,"Mount",0.111,-0.007,-0.057,-0.095,0.038,-0.034,16,W,15,N,,,934268,146.40,0
1189,2742.507,"Mount",0.068,-0.153,-0.167,0.011,-0.054,0.000,23,E,0,,,,1020280,158.06,0
1190,2744.882,"Mount",0.086,-0.185,-0.204,0.009,-0.113,0.000,47,E,0,,,,1035494,160.52,0
1191,2747.002,"Mount",-0.034,0.069,0.077,-0.002,0.035,0.000,15,W,0,,,,1051216,159.66,0
1192,2749.392,"Mount",-0.081,0.203,0.217,-0.022,0.160,0.000,66,W,0,,,,1059901,152.61,0
1193,2751.625,"Mount",-0.104,-0.150,-0.085,0.161,0.049,0.058,20,W,25,S,,,1075404,139.86,0
1194,2754.099,"Mount",-0.162,0.124,0.185,0.087,0.206,0.034,86,W,14,S,,,1117503,171.29,0
1195,2756.292,"Mount",-0.128,0.092,0.141,0.071,0.207,0.027,86,W,11,S,,,1071951,153.87,0
1196,2758.699,"Mount",-0.135,0.132,0.179,0.059,0.254,0.000,105,W,0,,,,1129086,179.78,0
1197,2760.929,"Mount",0.031,0.092,0.067,-0.070,0.214,-0.025,89,W,11,N,,,1015187,148.80,0
1198,2763.398,"Mount",-0.180,-0.052,0.037,0.184,0.209,0.065,87,W,28,S,,,974406,133.58,0
1199,2765.611,"Mount",-0.029,0.127,0.125,-0.033,0.259,0.000,107,W,0,,,,1080838,168.49,0
1200,2768.015,"Mount",0.022,0.035,0.021,-0.036,0.197,0.000,82,W,0,,,,1110490,173.69,0
1201,2770.256,"Mount",0.068,0.043,0.007,-0.081,0.185,-0.029,77,W,12,N,,,1091104,165.80,0
1202,2772.689,"Mount",0.083,-0.089,-0.118,-0.033,0.108,0.000,45,W,0,,,,1158912,150.49,0
1203,2774.788,"Mount",-0.020,-0.048,-0.034,0.040,0.139,0.000,58,W,0,,,,1135537,183.58,0
1204,2777.149,"Mount",0.012,-0.036,-0.038,0.006,0.112,0.000,47,W,0,,,,1113246,163.33,0
1205,2779.246,"Mount",0.047,-0.001,-0.022,-0.041,0.085,0.000,35,W,0,,,,1099674,185.39,0
1206,2781.667,"Mount",0.092,0.096,0.043,-0.126,0.089,-0.045,37,W,19,N,,,1090669,167.14,0
1207,2783.833,"Mount",0.141,-0.048,-0.108,-0.102,0.020,-0.039,8,W,17,N,,,1092916,164.66,0
1208,2786.239,"Mount",0.175,0.025,-0.058,-0.167,0.055,-0.062,23,W,26,N,,,1088288,150.74,0
1209,2788.394,"Mount",0.238,-0.097,-0.196,-0.167,-0.043,-0.062,18,E,27,N,,,1074014,143.72,0
1210,2790.721,"Mount",0.007,0.106,0.091,-0.056,0.066,0.000,27,W,0,,,,1105817,158.65,0
1211,2792.891,"Mount",0.143,-0.003,-0.069,-0.126,-0.022,-0.045,9,E,19,N,,,1053120,169.05,0
1212,2795.287,"Mount",-0.035,-0.074,-0.050,0.065,0.004,0.022,1,W,9,S,,,1036602,163.57,0
1213,2797.354,"Mount",0.029,-0.170,-0.164,0.053,-0.062,0.000,26,E,0,,,,1031044,144.77,0
1214,2799.733,"Mount",0.030,-0.202,-0.193,0.067,-0.055,0.024,23,E,10,S,,,1083867,146.49,0
1215,2801.933,"Mount",0.138,0.059,-0.012,-0.149,0.083,-0.053,34,W,23,N,,,993934,143.06,0
1216,2804.254,"Mount",0.107,-0.148,-0.180,-0.027,0.028,0.000,12,W,0,,,,1026343,153.03,0
1217,2806.409,"Mount",0.111,-0.152,-0.186,-0.029,0.004,0.000,2,W,0,,,,1095300,176.10,0
1218,2808.774,"Mount",0.210,-0.280,-0.346,-0.057,-0.081,0.000,34,E,0,,,,1049755,171.66,0
1219,2810.892,"Mount",-0.020,0.078,0.078,-0.018,0.053,0.000,22,W,0,,,,1160096,156.30,0
1220,2813.247,"Mount",-0.036,0.101,0.106,-0.014,0.113,0.000,47,W,0,,,,1103200,157.21,0
1221,2815.438,"Mount",-0.036,0.095,0.101,-0.012,0.163,0.000,68,W,0,,,,1146422,164.54,0
1222,2817.851,"Mount",-0.029,0.185,0.178,-0.060,0.230,0.000,95,W,0,,,,1139552,157.61,0
1223,2820.089,"Mount",-0.124,0.107,0.152,0.060,0.245,0.022,102,W,9,S,,,1092367,162.26,0
1224,2822.573,"Mount",-0.118,0.097,0.140,0.060,0.285,0.000,118,W,0,,,,1086838,165.85,0
1225,2824.896,"Mount",-0.108,0.031,0.078,0.082,0.295,0.029,122,W,13,S,,,1047354,163.08,0
1226,2827.350,"Mount",0.002,0.076,0.066,-0.037,0.335,0.000,139,W,0,,,,1032981,139.05,0
1227,2829.527,"Mount",0.021,-0.071,-0.072,0.014,0.260,0.000,108,W,0,,,,1080371,162.33,0
1228,2831.979,"Mount",-0.039,0.068,0.078,0.003,0.323,0.000,134,W,0,,,,1089726,159.50,0
1229,2834.179,"Mount",-0.028,0.079,0.083,-0.012,0.274,0.000,114,W,0,,,,964270,178.55,0
1230,2836.549,"Mount",0.001,-0.094,-0.084,0.043,0.175,0.000,73,W,0,,,,1039852,144.79,0
1231,2838.718,"Mount",0.002,0.057,0.049,-0.028,0.181,0.000,75,W,0,,,,1107941,176.17,0
1232,2841.126,"Mount",-0.086,0.112,0.139,0.024,0.221,0.000,92,W,0,,,,1084528,143.03,0
1233,2843.201,"Mount",0.094,-0.122,-0.152,-0.027,0.057,0.000,24,W,0,,,,1053303,164.17,0
1234,2845.630,"Mount",0.122,-0.101,-0.145,-0.062,0.033,-0.022,14,W,9,N,,,1114131,161.18,0
1235,2847.853,"Mount",-0.180,-0.010,0.074,0.164,0.105,0.058,43,W,25,S,,,1036362,158.14,0
1236,2850.158,"Mount",0.063,-0.047,-0.071,-0.035,0.012,0.000,5,W,0,,,,1135888,186.70,0
1237,2852.360,"Mount",0.012,0.151,0.128,-0.080,0.076,-0.029,32,W,12,N,,,1116020,174.52,0
1238,2854.612,"Mount",-0.027,0.032,0.041,0.009,-0.001,0.000,0,,0,,,,1077249,151.21,0
1239,2856.799,"Mount",-0.085,-0.071,-0.024,0.108,-0.004,0.039,2,E,17,S,,,1101472,167.57,0
1240,2859.221,"Mount",0.200,-0.149,-0.225,-0.108,-0.117,-0.037,49,E,16,N,,,1090204,149.61,0
1241,2861.303,"Mount",0.070,-0.011,-0.042,-0.057,-0.015,0.000,6,E,0,,,,1035867,148.79,0
1242,2863.639,"Mount",-0.058,0.051,0.072,0.028,0.014,0.000,6,W,0,,,,1035708,152.97,0
1243,2865.841,"Mount",0.207,-0.116,-0.199,-0.130,-0.112,-0.047,46,E,20,N,,,1022538,184.38,0
1244,2868.165,"Mount",0.037,-0.017,-0.033,-0.025,-0.026,0.000,11,E,0,,,,1113491,143.52,0
1245,2870.285,"Mount",0.114,0.040,-0.017,-0.119,-0.022,-0.043,9,E,18,N,,,993470,155.12,0
1246,2872.724,"Mount",0.134,-0.079,-0.131,-0.082,-0.083,-0.031,34,E,13,N,,,992445,146.99,0
1247,2874.832,"Mount",0.012,-0.040,-0.041,0.008,-0.014,0.000,6,E,0,,,,1096548,165.91,0
1248,2877.194,"Mount",0.113,-0.120,-0.159,-0.045,-0.074,0.000,31,E,0,,,,1127137,151.96,0
1249,2879.379,"Mount",0.169,0.030,-0.051,-0.164,0.010,-0.059,4,W,25,N,,,1055858,149.61,0
1250,2881.750,"Mount",-0.131,-0.059,0.008,0.143,0.009,0.049,4,W,21,S,,,1103323,147.99,0
1251,2883.925,"Mount",-0.102,-0.048,0.005,0.112,0.013,0.042,5,W,18,S,,,1104719,143.28,0
1252,2886.332,"Mount",-0.185,0.047,0.126,0.142,0.080,0.053,33,W,23,S,,,1176274,170.10,0
1253,2888.453,"Mount",-0.020,0.110,0.107,-0.033,0.071,0.000,29,W,0,,,,1164619,156.43,0
1254,2890.790,"Mount",-0.009,0.004,0.008,0.006,0.034,0.000,14,W,0,,,,1182068,169.02,0
1255,2892.884,"Mount",0.086,-0.063,-0.096,-0.047,-0.013,0.000,6,E,0,,,,1152227,153.20,0
1256,2895.277,"Mount",0.090,0.004,-0.038,-0.082,0.029,-0.030,12,W,13,N,,,1159972,186.88,0
1257,2897.396,"Mount",0.060,-0.160,-0.170,0.021,-0.053,0.000,22,E,0,,,,1168470,160.49,0
1258,2899.848,"Mount",-0.016,-0.148,-0.124,0.082,-0.046,0.030,19,E,13,S,,,1084868,144.28,0
1259,2902.035,"Mount",0.079,-0.018,-0.053,-0.062,-0.006,-0.021,2,E,9,N,,,1117834,151.76,0
1260,2904.337,"Mount",0.132,-0.145,-0.190,-0.050,-0.095,0.000,40,E,0,,,,1104257,148.03,0
1261,2906.581,"Mount",-0.183,-0.155,-0.053,0.234,-0.027,0.084,11,E,36,S,,,1117434,172.78,0
1262,2908.926,"Mount",0.055,-0.062,-0.080,-0.020,-0.078,0.000,32,E,0,,,,1079708,165.85,0
1263,2911.085,"Mount",-0.052,-0.148,-0.107,0.114,-0.095,0.041,39,E,18,S,,,1051679,160.20,0
1264,2913.503,"Mount",-0.071,-0.132,-0.085,0.124,-0.085,0.046,35,E,20,S,,,1124372,145.61,0
1265,2915.663,"Mount",-0.067,-0.160,-0.112,0.133,-0.089,0.050,37,E,21,S,,,1135241,167.94,0
1266,2918.009,"Mount",-0.006,0.055,0.052,-0.020,-0.032,0.000,13,E,0,,,,1095551,161.83,0
1267,2920.152,"Mount",0.079,0.049,0.007,-0.093,-0.018,-0.033,7,E,14,N,,,1136582,181.96,0
1268,2922.504,"Mount",0.040,-0.111,-0.117,0.015,-0.050,0.000,21,E,0,,,,1076382,149.38,0
1269,2924.690,"Mount",-0.197,0.017,0.106,0.167,0.055,0.060,23,W,26,S,,,1102776,181.51,0
1270,2927.055,"Mount",-0.093,0.085,0.118,0.043,0.067,0.000,28,W,0,,,,1131361,159.79,0
1271,2929.258,"Mount",-0.196,-0.024,0.069,0.185,0.064,0.067,27,W,29,S,,,1082681,160.26,0
1272,2931.650,"Mount",0.073,0.092,0.048,-0.107,0.044,-0.036,18,W,15,N,,,1125621,143.38,0
1273,2933.774,"Mount",-0.096,0.193,0.216,-0.004,0.145,0.000,60,W,0,,,,1136135,164.65,0
1274,2936.303,"Mount",-0.201,0.157,0.232,0.106,0.154,0.038,64,W,16,S,,,1185737,160.84,0
1275,2938.574,"Mount",0.023,0.096,0.074,-0.065,0.087,-0.022,36,W,9,N,,,1162363,176.78,0
1276,2940.916,"Mount",-0.015,0.111,0.106,-0.038,0.108,0.000,45,W,0,,,,1117833,161.38,0
1277,2943.037,"Mount",-0.041,0.120,0.125,-0.019,0.107,0.000,44,W,0,,,,1052190,153.34,0
1278,2945.344,"Mount",0.061,-0.130,-0.143,0.006,-0.033,0.000,14,E,0,,,,1085180,141.12,0
1279,2947.390,"Mount",0.074,-0.041,-0.070,-0.047,-0.023,0.000,10,E,0,,,,1137220,150.04,0
1280,2949.770,"Mount",0.191,-0.178,-0.246,-0.087,-0.127,-0.031,53,E,13,N,,,1064822,156.93,0
1281,2951.921,"Mount",0.244,-0.360,-0.432,-0.050,-0.249,0.000,103,E,0,,,,1094469,158.82,0
1282,2954.219,"Mount",-0.007,0.081,0.075,-0.031,-0.049,0.000,20,E,0,,,,1096622,170.95,0
1283,2956.333,"Mount",0.032,0.002,-0.013,-0.029,-0.106,0.000,44,E,0,,,,1108483,165.09,0
1284,2958.805,"Mount",-0.238,-0.015,0.096,0.218,-0.089,0.078,37,E,34,S,,,1109256,155.81,0
1285,2961.024,"Mount",-0.184,0.006,0.091,0.161,-0.092,0.061,38,E,26,S,,,1028852,155.14,0
1286,2963.423,"Mount",-0.019,-0.028,-0.016,0.030,-0.159,0.000,66,E,0,,,,1031274,161.62,0
1287,2965.662,"Mount",-0.098,-0.085,-0.030,0.126,-0.165,0.045,68,E,19,S,,,1128861,181.41,0
1288,2968.051,"Mount",0.049,-0.077,-0.091,-0.008,-0.216,0.000,89,E,0,,,,1169911,154.69,0
1289,2970.272,"Mount",0.019,0.121,0.099,-0.073,-0.123,-0.026,51,E,11,N,,,1015553,142.16,0
1290,2972.718,"Mount",-0.073,0.102,0.124,0.018,-0.116,0.000,48,E,0,,,,1060407,146.29,0
1291,2974.922,"Mount",0.001,0.103,0.091,-0.049,-0.113,0.000,47,E,0,,,,1130952,167.13,0
1292,2977.284,"Mount",0.002,-0.120,-0.107,0.054,-0.190,0.000,79,E,0,,,,1163212,166.56,0
1293,2979.506,"Mount",0.111,-0.046,-0.092,-0.077,-0.166,-0.028,69,E,12,N,,,1071966,151.60,0
1294,2981.873,"Mount",0.002,-0.037,-0.034,0.016,-0.114,0.000,47,E,0,,,,1127648,184.76,0
1295,2984.033,"Mount",-0.089,-0.043,0.002,0.099,-0.087,0.036,36,E,15,S,,,1058382,158.91,0
1296,2986.330,"Mount",-0.066,0.052,0.076,0.035,-0.047,0.000,20,E,0,,,,1080775,152.30,0
1297,2988.435,"Mount",-0.094,0.110,0.141,0.032,-0.003,0.000,1,E,0,,,,1046705,154.13,0
1298,2990.826,"Mount",-0.106,-0.018,0.032,0.103,-0.055,0.037,23,E,16,S,,,1088910,160.37,0
1299,2992.944,"Mount",0.014,-0.018,-0.023,-0.004,-0.051,0.000,21,E,0,,,,1047876,166.28,0
1300,2995.376,"Mount",-0.115,-0.114,-0.048,0.155,-0.050,0.056,21,E,24,S,,,1124534,162.13,0
1301,2997.541,"Mount",-0.156,-0.069,0.010,0.171,-0.032,0.064,13,E,27,S,,,1016707,152.54,0
1302,2999.938,"Mount",-0.056,-0.032,-0.002,0.064,-0.028,0.026,12,E,11,S,,,1075219,163.02,0
1303,3002.042,"Mount",-0.007,-0.041,-0.033,0.025,-0.026,0.000,11,E,0,,,,1124890,183.92,0
1304,3004.378,"Mount",0.019,-0.047,-0.051,0.005,-0.049,0.000,20,E,0,,,,1097533,171.37,0
1305,3006.532,"Mount",0.075,-0.123,-0.144,-0.010,-0.148,0.000,61,E,0,,,,1102192,197.73,0
1306,3008.935,"Mount",0.135,-0.198,-0.238,-0.029,-0.223,0.000,93,E,0,,,,1101234,143.41,0
1307,3011.111,"Mount",0.094,-0.167,-0.191,-0.006,-0.233,0.000,97,E,0,,,,1034690,152.43,0
1308,3013.534,"Mount",-0.104,0.068,0.108,0.061,-0.129,0.022,54,E,9,S,,,1069431,173.05,0
1309,3015.811,"Mount",0.131,-0.103,-0.152,-0.068,-0.266,-0.024,110,E,10,N,,,1061702,163.08,0
1310,3018.201,"Mount",0.032,-0.040,-0.050,-0.010,-0.232,0.000,96,E,0,,,,987319,155.08,0
1311,3020.401,"Mount",0.079,-0.188,-0.204,0.017,-0.332,0.000,138,E,0,,,,1106585,146.46,0
1312,3022.895,"Mount",-0.023,-0.173,-0.143,0.100,-0.324,0.036,134,E,15,S,,,1062615,145.96,0
1313,3025.128,"Mount",-0.039,-0.081,-0.054,0.072,-0.272,0.027,113,E,12,S,,,1063296,140.32,0
1314,3027.634,"Mount",0.097,0.073,0.020,-0.120,-0.288,-0.042,120,E,18,N,,,1063447,155.16,0
1315,3029.949,"Mount",0.157,-0.115,-0.174,-0.086,-0.360,-0.033,150,E,14,N,,,1100464,184.61,0
1316,3032.460,"Mount",0.169,-0.039,-0.112,-0.132,-0.343,-0.049,142,E,21,N,,,1053462,186.42,0
1317,3034.787,"Mount",0.159,0.030,-0.047,-0.155,-0.272,-0.058,113,E,25,N,,,1086114,167.13,0
1318,3037.211,"Mount",-0.130,0.118,0.165,0.061,-0.202,0.020,84,E,8,S,,,1059812,160.32,0
1319,3039.395,"Mount",-0.020,0.067,0.069,-0.013,-0.229,0.000,95,E,0,,,,1092596,165.24,0
1320,3041.782,"Mount",0.026,0.027,0.012,-0.036,-0.245,0.000,102,E,0,,,,1030827,144.00,0
1321,3043.980,"Mount",0.007,0.081,0.069,-0.043,-0.190,0.000,79,E,0,,,,1046205,162.72,0
1322,3046.410,"Mount",-0.197,0.106,0.184,0.126,-0.130,0.045,54,E,19,S,,,1106349,150.06,0
1323,3048.626,"Mount",-0.120,0.063,0.111,0.077,-0.132,0.030,55,E,13,S,,,1054114,161.52,0
1324,3051.005,"Mount",-0.066,0.085,0.106,0.020,-0.112,0.000,46,E,0,,,,1025521,149.44,0
1325,3053.150,"Mount",-0.082,0.083,0.112,0.035,-0.071,0.000,29,E,0,,,,1056504,163.39,0
1326,3055.510,"Mount",-0.036,0.066,0.075,0.001,-0.078,0.000,32,E,0,,,,989195,144.80,0
1327,3057.615,"Mount",-0.097,0.089,0.124,0.045,-0.027,0.000,11,E,0,,,,1007457,162.68,0
1328,3060.005,"Mount",-0.149,0.032,0.097,0.118,-0.018,0.042,8,E,18,S,,,1013895,155.73,0
1329,3062.301,"Mount",-0.077,-0.139,-0.088,0.133,-0.066,0.049,27,E,21,S,,,1027710,146.18,0
1330,3064.585,"Mount",-0.010,-0.058,-0.047,0.036,-0.006,0.000,2,E,0,,,,1004499,166.53,0
1331,3066.712,"Mount",-0.029,-0.007,0.007,0.029,-0.004,0.000,1,E,0,,,,998947,153.79,0
1332,3069.029,"Mount",-0.031,0.082,0.087,-0.011,0.049,0.000,20,W,0,,,,984542,150.13,0
1333,3071.181,"Mount",-0.046,0.128,0.135,-0.019,0.063,0.000,26,W,0,,,,1043525,160.14,0
1334,3073.462,"Mount",0.053,-0.016,-0.038,-0.040,0.008,0.000,3,W,0,,,,1065270,158.21,0
1335,3075.623,"Mount",0.079,0.047,0.006,-0.092,0.005,-0.033,2,W,14,N,,,1021365,142.41,0
1336,3077.995,"Mount",-0.029,-0.207,-0.171,0.121,-0.081,0.042,34,E,18,S,,,1045977,155.09,0
1337,3080.195,"Mount",0.008,-0.348,-0.312,0.153,-0.153,0.057,63,E,24,S,,,1015455,155.88,0
1338,3082.615,"Mount",0.245,-0.087,-0.190,-0.177,-0.101,-0.061,42,E,26,N,,,980784,157.60,0
1339,3084.724,"Mount",-0.077,0.022,0.055,0.059,0.030,0.000,12,W,0,,,,1039539,177.87,0
1340,3087.069,"Mount",0.052,-0.032,-0.053,-0.031,0.071,0.000,29,W,0,,,,1015002,161.21,0
1341,3089.230,"Mount",-0.098,-0.030,0.019,0.101,0.012,0.036,5,W,16,S,,,913049,138.52,0
1342,3091.640,"Mount",-0.104,-0.115,-0.054,0.145,-0.035,0.054,14,E,23,S,,,982258,158.38,0
1343,3093.809,"Mount",-0.084,0.029,0.065,0.061,0.034,0.024,14,W,10,S,,,990870,165.69,0
1344,3096.162,"Mount",-0.040,0.116,0.121,-0.018,0.090,0.000,37,W,0,,,,939826,169.05,0
1345,3098.358,"Mount",-0.024,0.197,0.186,-0.070,0.170,-0.025,70,W,11,N,,,1024131,170.19,0
1346,3100.776,"Mount",-0.084,0.115,0.140,0.022,0.192,0.000,80,W,0,,,,917582,174.86,0
1347,3102.964,"Mount",-0.060,0.143,0.155,-0.013,0.214,0.000,89,W,0,,,,939639,141.94,0
1348,3105.426,"Mount",0.117,-0.029,-0.079,-0.091,0.130,-0.033,54,W,14,N,,,885349,143.19,0
1349,3107.639,"Mount",-0.085,0.002,0.041,0.075,0.169,0.026,70,W,11,S,,,905367,152.71,0
1350,3110.061,"Mount",-0.124,0.134,0.176,0.048,0.264,0.000,109,W,0,,,,896923,162.63,0
1351,3112.235,"Mount",-0.028,0.041,0.050,0.006,0.171,0.000,71,W,0,,,,932469,152.54,0
1352,3114.669,"Mount",-0.126,-0.114,-0.043,0.164,0.174,0.059,72,W,25,S,,,958675,146.57,0
1353,3116.858,"Mount",-0.041,0.147,0.149,-0.031,0.239,0.000,99,W,0,,,,923348,146.89,0
1354,3119.337,"Mount",-0.106,0.207,0.233,-0.001,0.279,0.000,116,W,0,,,,933132,146.12,0
1355,3121.541,"Mount",-0.082,0.133,0.156,0.011,0.239,0.000,99,W,0,,,,937992,153.59,0
1356,3123.943,"Mount",-0.093,0.145,0.171,0.016,0.237,0.000,98,W,0,,,,900069,149.31,0
1357,3126.252,"Mount",0.136,-0.017,-0.078,-0.113,0.105,-0.041,43,W,17,N,,,926851,149.60,0
1358,3128.680,"Mount",-0.148,0.078,0.138,0.096,0.183,0.033,76,W,14,S,,,949634,165.69,0
1359,3130.853,"Mount",-0.117,-0.070,-0.009,0.136,0.087,0.050,36,W,21,S,,,895709,142.41,0
1360,3133.299,"Mount",0.233,0.088,-0.029,-0.248,0.074,-0.087,31,W,37,N,,,927235,166.59,0
1361,3135.435,"Mount",0.153,-0.029,-0.096,-0.123,0.011,-0.048,4,W,20,N,,,935573,157.35,0
1362,3137.891,"Mount",0.346,-0.084,-0.234,-0.268,-0.085,-0.098,35,E,42,N,,,933935,157.72,0
1363,3140.113,"Mount",0.134,-0.048,-0.105,-0.097,-0.050,-0.039,21,E,17,N,,,908102,172.00,0
1364,3142.520,"Mount",-0.115,-0.068,-0.007,0.133,-0.031,0.046,13,E,20,S,,,945486,155.76,0
1365,3144.649,"Mount",0.101,-0.164,-0.192,-0.014,-0.102,0.000,42,E,0,,,,1009549,166.14,0
1366,3147.054,"Mount",0.159,-0.019,-0.090,-0.132,-0.029,-0.048,12,E,20,N,,,901950,154.30,0
1367,3149.169,"Mount",0.082,-0.065,-0.096,-0.043,-0.016,0.000,6,E,0,,,,922465,150.53,0
1368,3151.567,"Mount",0.056,0.034,0.005,-0.066,0.095,-0.024,39,W,10,N,,,978501,142.56,0
1369,3153.699,"Mount",0.048,-0.101,-0.112,0.004,0.081,0.000,34,W,0,,,,947336,139.53,0
1370,3156.162,"Mount",-0.074,-0.112,-0.065,0.117,0.054,0.042,22,W,18,S,,,985350,148.38,0
1371,3158.255,"Mount",0.092,-0.176,-0.199,-0.001,-0.065,0.000,27,E,0,,,,990292,175.38,0
1372,3160.541,"Mount",0.042,-0.111,-0.117,0.014,0.007,0.000,3,W,0,,,,970889,149.47,0
1373,3162.716,"Mount",-0.070,-0.097,-0.054,0.107,0.108,0.039,45,W,17,S,,,915514,149.93,0
1374,3165.229,"Mount",-0.245,0.068,0.173,0.186,0.227,0.068,94,W,29,S,,,962873,162.86,0
1375,3167.448,"Mount",-0.177,0.258,0.311,0.037,0.313,0.000,130,W,0,,,,904406,135.59,0
1376,3169.932,"Mount",-0.266,0.056,0.172,0.210,0.298,0.076,124,W,32,S,,,981326,185.53,0
1377,3172.304,"Mount",-0.349,0.326,0.450,0.159,0.475,0.060,197,W,26,S,,,987352,154.45,0
1378,3174.772,"Mount",-0.071,0.181,0.194,-0.021,0.394,0.000,164,W,0,,,,1017606,165.87,0
1379,3177.099,"Mount",-0.140,-0.078,-0.004,0.160,0.291,0.058,121,W,25,S,,,961199,156.22,0
1380,3179.611,"Mount",-0.141,0.019,0.082,0.117,0.333,0.044,138,W,19,S,,,992429,184.75,0
1381,3181.851,"Mount",0.034,-0.050,-0.060,-0.007,0.259,0.000,107,W,0,,,,947032,146.86,0
1382,3184.207,"Mount",0.115,-0.124,-0.163,-0.045,0.148,0.000,62,W,0,,,,992634,159.35,0
1383,3186.529,"Mount",0.061,-0.010,-0.037,-0.049,0.180,0.000,75,W,0,,,,982605,157.76,0
1384,3188.964,"Mount",0.062,0.055,0.020,-0.080,0.150,-0.029,62,W,12,N,,,1037447,161.68,0
1385,3191.111,"Mount",0.036,0.001,-0.016,-0.032,0.112,0.000,47,W,0,,,,956294,165.63,0
1386,3193.539,"Mount",-0.203,0.051,0.139,0.157,0.150,0.056,62,W,24,S,,,969797,141.97,0
1387,3195.713,"Mount",-0.099,-0.115,-0.056,0.141,0.067,0.053,28,W,23,S,,,928879,146.16,0
1388,3198.112,"Mount",0.170,-0.070,-0.140,-0.118,-0.016,-0.040,7,E,17,N,,,1002449,155.27,0
1389,3200.203,"Mount",0.011,0.078,0.064,-0.046,0.060,0.000,25,W,0,,,,941613,147.03,0
1390,3202.501,"Mount",-0.000,-0.093,-0.083,0.043,-0.018,0.000,8,E,0,,,,969805,147.85,0
1391,3204.630,"Mount",0.008,-0.168,-0.153,0.071,-0.058,0.025,24,E,11,S,,,967232,142.03,0
1392,3207.084,"Mount",0.192,-0.073,-0.153,-0.136,-0.075,-0.048,31,E,21,N,,,984556,156.77,0
1393,3209.257,"Mount",-0.059,-0.215,-0.164,0.151,-0.090,0.052,37,E,22,S,,,1001441,150.67,0
1394,3211.569,"Mount",0.019,0.028,0.016,-0.030,-0.035,0.000,15,E,0,,,,957561,170.10,0
1395,3213.695,"Mount",-0.025,0.018,0.028,0.014,-0.036,0.000,15,E,0,,,,1023937,174.19,0
1396,3216.004,"Mount",-0.037,0.041,0.054,0.014,-0.037,0.000,16,E,0,,,,961190,136.10,0
1397,3218.110,"Mount",-0.016,0.111,0.106,-0.037,0.008,0.000,3,W,0,,,,985527,147.82,0
1398,3220.438,"Mount",0.015,-0.020,-0.024,-0.004,-0.040,0.000,17,E,0,,,,1013521,146.47,0
1399,3222.590,"Mount",-0.104,0.008,0.055,0.089,-0.022,0.032,9,E,14,S,,,951899,180.88,0
1400,3224.938,"Mount",-0.018,0.105,0.102,-0.033,0.045,0.000,19,W,0,,,,975692,147.25,0
1401,3227.085,"Mount",-0.089,0.044,0.080,0.058,0.054,0.000,22,W,0,,,,1013934,146.70,0
1402,3229.574,"Mount",-0.218,0.126,0.213,0.136,0.122,0.049,50,W,21,S,,,990753,167.90,0
1403,3231.737,"Mount",-0.114,-0.012,0.042,0.107,0.024,0.040,10,W,17,S,,,984305,168.97,0
1404,3234.031,"Mount",-0.025,-0.033,-0.018,0.038,0.025,0.000,10,W,0,,,,934866,145.11,0
1405,3236.222,"Mount",0.178,-0.083,-0.155,-0.119,-0.044,-0.043,18,E,18,N,,,955532,159.55,0
1406,3238.679,"Mount",0.251,0.001,-0.115,-0.223,-0.027,-0.082,11,E,35,N,,,962444,200.99,0
1407,3240.835,"Mount",0.169,-0.091,-0.158,-0.108,-0.056,-0.042,23,E,18,N,,,997899,190.60,0
1408,3243.209,"Mount",0.150,0.095,0.015,-0.177,0.012,-0.066,5,W,28,N,,,980189,150.13,0
1409,3245.381,"Mount",-0.069,-0.005,0.027,0.064,0.004,0.020,2,W,9,S,,,955849,153.74,0
1410,3247.769,"Mount",0.203,-0.078,-0.162,-0.144,-0.083,-0.051,34,E,22,N,,,967717,168.69,0
1411,3249.895,"Mount",-0.144,-0.004,0.063,0.130,0.012,0.045,5,W,19,S,,,970331,174.00,0
1412,3252.222,"Mount",-0.057,0.118,0.131,-0.003,0.045,0.000,19,W,0,,,,1013307,156.48,0
1413,3254.333,"Mount",-0.062,-0.048,-0.014,0.077,-0.021,0.028,9,E,12,S,,,961155,143.66,0
1414,3256.646,"Mount",-0.022,0.048,0.053,-0.003,-0.031,0.000,13,E,0,,,,996910,156.01,0
1415,3258.825,"Mount",-0.092,-0.086,-0.034,0.121,-0.039,0.044,16,E,19,S,,,970537,166.32,0
1416,3261.234,"Mount",-0.185,-0.029,0.060,0.178,-0.040,0.066,17,E,28,S,,,971582,150.23,0
1417,3263.424,"Mount",-0.262,-0.195,-0.053,0.323,-0.032,0.119,13,E,51,S,,,981458,161.63,0
1418,3265.759,"Mount",0.024,0.073,0.053,-0.055,-0.032,0.000,13,E,0,,,,966986,155.14,0
1419,3267.896,"Mount",-0.070,0.012,0.043,0.057,-0.020,0.000,8,E,0,,,,1007606,184.06,0
1420,3270.262,"Mount",0.056,0.063,0.031,-0.078,-0.007,-0.028,3,E,12,N,,,932667,139.66,0
1421,3272.363,"Mount",-0.240,-0.070,0.048,0.245,0.000,0.087,0,,37,S,,,986189,149.97,0
1422,3274.832,"Mount",-0.293,0.185,0.300,0.175,0.154,0.066,64,W,28,S,,,953719,144.80,0
1423,3277.049,"Mount",-0.195,0.076,0.157,0.137,0.113,0.052,47,W,22,S,,,1015065,160.38,0
1424,3279.514,"Mount",0.125,0.045,-0.017,-0.132,0.055,-0.045,23,W,19,N,,,966214,142.83,0
1425,3281.813,"Mount",0.187,0.078,-0.017,-0.201,0.059,-0.074,24,W,32,N,,,1015717,171.10,0
1426,3284.173,"Mount",-0.023,-0.098,-0.076,0.066,0.021,0.021,9,W,9,S,,,974839,163.52,0
1427,3286.234,"Mount",0.004,-0.098,-0.089,0.042,0.006,0.000,3,W,0,,,,937070,154.59,0
1428,3288.672,"Mount",-0.163,-0.016,0.061,0.152,0.070,0.055,29,W,23,S,,,1024110,169.28,0
1429,3290.833,"Mount",0.187,0.057,-0.035,-0.193,0.027,-0.067,11,W,29,N,,,905742,134.99,0
1430,3293.145,"Mount",-0.036,0.109,0.113,-0.019,0.060,0.000,25,W,0,,,,972341,154.84,0
1431,3295.290,"Mount",-0.065,0.158,0.170,-0.015,0.061,0.000,25,W,0,,,,993078,146.84,0
1432,3297.741,"Mount",0.233,-0.131,-0.223,-0.147,-0.133,-0.053,55,E,23,N,,,1011925,156.86,0
1433,3299.958,"Mount",-0.037,-0.127,-0.096,0.092,-0.105,0.031,44,E,13,S,,,942050,162.03,0
1434,3302.246,"Mount",-0.077,0.190,0.204,-0.019,0.015,0.000,6,W,0,,,,1028310,177.21,0
1435,3304.318,"Mount",-0.092,0.164,0.188,0.006,0.001,0.000,1,W,0,,,,978310,151.69,0
1436,3306.649,"Mount",-0.085,0.138,0.161,0.012,-0.026,0.000,11,E,0,,,,977184,139.21,0
1437,3308.786,"Mount",-0.048,0.001,0.023,0.042,-0.110,0.000,46,E,0,,,,901912,149.83,0
1438,3311.273,"Mount",0.185,-0.110,-0.183,-0.113,-0.214,-0.041,89,E,17,N,,,1020274,148.98,0
1439,3313.524,"Mount",0.180,0.024,-0.062,-0.170,-0.173,-0.063,72,E,27,N,,,932269,158.27,0
1440,3315.949,"Mount",-0.133,0.186,0.226,0.033,-0.075,0.000,31,E,0,,,,933011,157.48,0
1441,3318.120,"Mount",-0.174,0.003,0.083,0.153,-0.136,0.055,56,E,24,S,,,1035949,173.38,0
1442,3320.523,"Mount",-0.117,0.033,0.083,0.089,-0.147,0.034,61,E,15,S,,,963204,161.47,0
1443,3322.680,"Mount",-0.150,0.128,0.182,0.074,-0.090,0.028,38,E,12,S,,,988674,141.94,0
1444,3325.079,"Mount",-0.105,0.028,0.073,0.080,-0.133,0.030,55,E,13,S,,,973030,157.39,0
1445,3327.219,"Mount",-0.017,-0.026,-0.016,0.027,-0.140,0.000,58,E,0,,,,908713,153.82,0
1446,3329.575,"Mount",-0.034,0.039,0.051,0.012,-0.116,0.000,48,E,0,,,,992539,169.42,0
1447,3331.735,"Mount",-0.212,0.142,0.223,0.123,0.017,0.044,7,W,19,S,,,985432,170.12,0
1448,3334.221,"Mount",-0.372,0.212,0.359,0.232,0.101,0.085,42,W,36,S,,,1014385,166.06,0
1449,3336.300,"Mount",-0.121,0.170,0.206,0.029,0.052,0.000,22,W,0,,,,980091,154.33,0
1450,3338.621,"Mount",0.009,0.111,0.095,-0.060,0.012,0.000,5,W,0,,,,978702,150.83,0
1451,3340.809,"Mount",-0.146,0.146,0.197,0.062,0.057,0.022,23,W,10,S,,,951471,149.67,0
1452,3343.217,"Mount",-0.197,0.196,0.265,0.084,0.083,0.031,34,W,13,S,,,953034,154.20,0
1453,3345.408,"Mount",-0.212,0.199,0.275,0.096,0.086,0.036,36,W,15,S,,,980383,162.92,0
1454,3347.735,"Mount",-0.013,0.080,0.077,-0.025,-0.007,0.000,3,E,0,,,,910852,164.94,0
1455,3349.899,"Mount",-0.115,0.077,0.121,0.066,0.013,0.024,5,W,10,S,,,938559,163.19,0
1456,3352.300,"Mount",-0.020,-0.134,-0.110,0.080,-0.116,0.030,48,E,13,S,,,946214,160.57,0
1457,3354.518,"Mount",-0.030,-0.111,-0.084,0.078,-0.133,0.029,55,E,13,S,,,926362,167.68,0
1458,3356.893,"Mount",0.037,-0.037,-0.049,-0.016,-0.124,0.000,51,E,0,,,,877262,136.80,0
1459,3359.097,"Mount",-0.095,0.152,0.179,0.014,-0.061,0.000,25,E,0,,,,873542,146.40,0
1460,3361.489,"Mount",-0.002,-0.118,-0.104,0.056,-0.211,0.000,87,E,0,,,,883272,145.13,0
1461,3363.626,"Mount",-0.070,0.086,0.108,0.022,-0.128,0.000,53,E,0,,,,912065,164.29,0
1462,3366.142,"Mount",0.131,0.122,0.048,-0.173,-0.204,-0.062,84,E,27,N,,,1001464,159.13,0
1463,3368.380,"Mount",0.199,0.040,-0.057,-0.195,-0.216,-0.073,90,E,31,N,,,950151,187.27,0
1464,3370.936,"Mount",0.237,-0.241,-0.323,-0.099,-0.396,-0.039,164,E,17,N,,,901789,152.14,0
1465,3373.246,"Mount",0.234,-0.108,-0.203,-0.158,-0.357,-0.058,148,E,25,N,,,922885,169.16,0
1466,3375.692,"Mount",-0.005,0.079,0.073,-0.032,-0.265,0.000,110,E,0,,,,891930,153.99,0
1467,3377.927,"Mount",0.024,0.118,0.094,-0.075,-0.252,-0.027,105,E,12,N,,,864008,152.57,0
1468,3380.517,"Mount",-0.098,-0.068,-0.015,0.118,-0.313,0.042,130,E,18,S,,,886144,148.11,0
1469,3382.757,"Mount",-0.011,-0.116,-0.098,0.064,-0.322,0.025,134,E,11,S,,,873658,149.93,0
1470,3385.273,"Mount",-0.091,-0.160,-0.101,0.154,-0.322,0.057,133,E,24,S,,,892180,164.72,0
1471,3387.509,"Mount",0.055,-0.134,-0.145,0.013,-0.321,0.000,133,E,0,,,,858252,163.00,0
1472,3389.988,"Mount",0.155,-0.044,-0.110,-0.117,-0.285,-0.042,118,E,18,N,,,905276,178.53,0
1473,3392.250,"Mount",0.185,-0.057,-0.136,-0.138,-0.280,-0.051,116,E,22,N,,,847932,171.94,0
1474,3394.626,"Mount",-0.084,0.149,0.171,0.005,-0.126,0.000,52,E,0,,,,883819,172.63,0
1475,3396.783,"Mount",-0.020,0.093,0.091,-0.026,-0.123,0.000,51,E,0,,,,888648,144.98,0
1476,3399.154,"Mount",-0.050,0.029,0.049,0.031,-0.147,0.000,61,E,0,,,,881091,150.21,0
1477,3401.306,"Mount",-0.023,-0.046,-0.030,0.042,-0.118,0.000,49,E,0,,,,898437,151.02,0
1478,3403.634,"Mount",-0.098,0.071,0.109,0.054,-0.052,0.000,21,E,0,,,,863304,165.31,0
1479,3405.797,"Mount",0.046,-0.032,-0.049,-0.026,-0.086,0.000,36,E,0,,,,903356,153.39,0
1480,3408.131,"Mount",-0.011,0.144,0.133,-0.056,-0.008,0.000,3,E,0,,,,880366,150.02,0
1481,3410.162,"Mount",-0.042,0.091,0.100,-0.005,-0.000,0.000,0,,0,,,,855623,147.12,0
1482,3412.485,"Mount",-0.078,0.053,0.083,0.045,0.015,0.000,6,W,0,,,,882908,150.62,0
1483,3414.558,"Mount",0.010,-0.011,-0.014,-0.004,-0.016,0.000,7,E,0,,,,890713,146.72,0
1484,3416.896,"Mount",-0.030,-0.002,0.012,0.028,0.003,0.000,1,W,0,,,,923018,163.95,0
1485,3419.108,"Mount",-0.186,0.018,0.101,0.157,0.051,0.057,21,W,24,S,,,925711,172.11,0
1486,3421.531,"Mount",0.217,-0.070,-0.162,-0.160,-0.067,-0.055,28,E,24,N,,,890736,174.41,0
1487,3423.681,"Mount",-0.072,-0.135,-0.087,0.126,-0.037,0.043,15,E,19,S,,,930788,150.84,0
1488,3426.112,"Mount",-0.033,-0.156,-0.123,0.102,-0.066,0.038,27,E,16,S,,,882288,136.53,0
1489,3428.316,"Mount",-0.123,0.040,0.092,0.090,0.031,0.034,13,W,15,S,,,905000,147.79,0
1490,3430.671,"Mount",-0.097,-0.008,0.038,0.089,-0.005,0.034,2,E,14,S,,,879179,153.64,0
1491,3432.830,"Mount",0.041,0.133,0.099,-0.098,0.084,-0.034,35,W,15,N,,,983735,173.52,0
1492,3435.223,"Mount",-0.105,0.094,0.132,0.050,0.141,0.000,59,W,0,,,,934262,133.56,0
1493,3437.408,"Mount",0.182,-0.109,-0.180,-0.111,-0.046,-0.040,19,E,17,N,,,888978,149.51,0
1494,3439.826,"Mount",0.165,-0.175,-0.231,-0.066,-0.125,-0.025,52,E,11,N,,,907400,135.13,0
1495,3441.990,"Mount",0.076,-0.079,-0.105,-0.031,-0.032,0.000,13,E,0,,,,970691,161.33,0
1496,3444.382,"Mount",-0.146,0.064,0.124,0.100,0.119,0.036,50,W,15,S,,,955152,161.37,0
1497,3446.565,"Mount",-0.155,0.057,0.122,0.111,0.129,0.042,54,W,18,S,,,918495,147.28,0
1498,3448.974,"Mount",-0.099,-0.052,-0.000,0.112,0.104,0.042,43,W,18,S,,,933513,171.99,0
1499,3451.116,"Mount",-0.000,0.058,0.051,-0.026,0.130,0.000,54,W,0,,,,947901,162.46,0
1500,3453.614,"Mount",0.099,0.148,0.086,-0.156,0.183,-0.056,76,W,24,N,,,924517,138.88,0
1501,3455.877,"Mount",0.003,-0.052,-0.048,0.021,0.166,0.000,69,W,0,,,,985908,151.50,0
1502,3458.229,"Mount",0.055,0.017,-0.010,-0.056,0.185,0.000,77,W,0,,,,976070,145.76,0
1503,3460.371,"Mount",0.024,0.037,0.022,-0.038,0.187,0.000,78,W,0,,,,954859,168.53,0
1504,3462.768,"Mount",0.054,-0.062,-0.080,-0.020,0.169,0.000,70,W,0,,,,958950,150.54,0
1505,3464.919,"Mount",-0.034,-0.023,-0.005,0.041,0.202,0.000,84,W,0,,,,909510,145.22,0
1506,3467.329,"Mount",-0.078,0.115,0.138,0.016,0.251,0.000,104,W,0,,,,1008306,169.18,0
1507,3469.521,"Mount",-0.113,0.126,0.164,0.042,0.252,0.000,105,W,0,,,,966602,153.10,0
1508,3471.938,"Mount",0.003,-0.145,-0.130,0.065,0.105,0.023,44,W,10,S,,,1055443,160.15,0
1509,3474.160,"Mount",-0.097,-0.077,-0.024,0.122,0.121,0.045,50,W,19,S,,,938615,172.88,0
1510,3476.502,"Mount",0.039,-0.086,-0.094,0.005,0.047,0.000,20,W,0,,,,982475,160.67,0
1511,3478.698,"Mount",0.070,0.039,0.002,-0.080,0.067,-0.029,28,W,12,N,,,982865,170.04,0
1512,3481.081,"Mount",-0.175,-0.050,0.036,0.179,0.062,0.063,26,W,27,S,,,986564,169.20,0
1513,3483.184,"Mount",0.112,-0.128,-0.165,-0.040,-0.028,0.000,12,E,0,,,,974647,151.53,0
1514,3485.677,"Mount",0.264,-0.321,-0.407,-0.086,-0.157,-0.031,65,E,13,N,,,984743,156.89,0
1515,3487.900,"Mount",0.137,-0.181,-0.224,-0.037,-0.098,0.000,41,E,0,,,,987297,166.97,0
1516,3490.308,"Mount",0.252,-0.108,-0.212,-0.173,-0.102,-0.062,42,E,27,N,,,985962,160.63,0
1517,3492.433,"Mount",-0.144,-0.041,0.030,0.147,-0.016,0.050,7,E,22,S,,,1002171,159.20,0
1518,3494.876,"Mount",-0.154,0.123,0.179,0.080,0.081,0.031,34,W,13,S,,,1027713,176.73,0
1519,3496.987,"Mount",-0.070,-0.087,-0.045,0.102,0.022,0.038,9,W,16,S,,,976407,144.20,0
1520,3499.382,"Mount",-0.076,0.064,0.092,0.038,0.124,0.000,51,W,0,,,,934587,138.46,0
1521,3501.500,"Mount",0.025,0.070,0.051,-0.055,0.123,0.000,51,W,0,,,,1001295,150.18,0
1522,3503.926,"Mount",-0.025,-0.097,-0.074,0.067,0.046,0.024,19,W,10,S,,,1002462,178.18,0
1523,3506.011,"Mount",-0.045,0.011,0.031,0.035,0.039,0.000,16,W,0,,,,982783,164.90,0
1524,3508.363,"Mount",-0.051,0.163,0.169,-0.030,0.148,0.000,61,W,0,,,,1049014,155.84,0
1525,3510.543,"Mount",-0.055,0.120,0.132,-0.007,0.185,0.000,77,W,0,,,,955579,138.37,0
1526,3512.993,"Mount",-0.077,-0.076,-0.032,0.104,0.162,0.037,67,W,16,S,,,1030982,167.53,0
1527,3515.220,"Mount",-0.125,0.076,0.125,0.076,0.249,0.029,103,W,12,S,,,1002988,164.49,0
1528,3517.753,"Mount",-0.200,0.215,0.283,0.078,0.363,0.029,151,W,13,S,,,997627,148.55,0
1529,3520.147,"Mount",-0.144,0.099,0.154,0.082,0.332,0.031,138,W,13,S,,,960240,149.12,0
1530,3522.629,"Mount",-0.145,0.075,0.133,0.094,0.347,0.035,144,W,15,S,,,989796,141.94,0
1531,3524.864,"Mount",-0.075,0.162,0.178,-0.009,0.363,0.000,151,W,0,,,,994508,172.37,0
1532,3527.268,"Mount",-0.006,-0.048,-0.040,0.027,0.287,0.000,119,W,0,,,,1016680,152.68,0
1533,3529.507,"Mount",-0.112,0.159,0.193,0.026,0.341,0.000,141,W,0,,,,993275,152.57,0
1534,3531.893,"Mount",0.029,-0.057,-0.064,0.000,0.204,0.000,85,W,0,,,,1053040,155.92,0
1535,3534.097,"Mount",0.003,0.075,0.066,-0.037,0.225,0.000,93,W,0,,,,957182,146.76,0
1536,3536.551,"Mount",0.027,0.027,0.011,-0.036,0.173,0.000,72,W,0,,,,1016074,163.08,0
1537,3538.800,"Mount",0.062,0.072,0.035,-0.089,0.135,-0.032,56,W,14,N,,,1026482,153.66,0
1538,3541.133,"Mount",0.000,0.056,0.050,-0.026,0.113,0.000,47,W,0,,,,977502,158.57,0
1539,3543.303,"Mount",0.167,0.093,0.005,-0.191,0.082,-0.069,34,W,29,N,,,1048127,178.60,0
1540,3545.713,"Mount",0.237,-0.116,-0.212,-0.156,-0.043,-0.059,18,E,25,N,,,1034218,165.74,0
1541,3547.899,"Mount",0.251,-0.046,-0.157,-0.201,-0.042,-0.075,17,E,32,N,,,1050100,156.60,0
1542,3550.293,"Mount",-0.023,-0.181,-0.150,0.104,-0.061,0.034,25,E,15,S,,,1064645,163.14,0
1543,3552.434,"Mount",0.105,-0.069,-0.110,-0.061,-0.061,-0.021,25,E,9,N,,,973297,148.10,0
1544,3554.760,"Mount",0.045,-0.035,-0.051,-0.023,-0.031,0.000,13,E,0,,,,1000896,142.21,0
1545,3556.925,"Mount",0.065,-0.110,-0.128,-0.007,-0.085,0.000,35,E,0,,,,1048342,175.98,0
1546,3559.274,"Mount",0.080,-0.120,-0.143,-0.015,-0.099,0.000,41,E,0,,,,1057220,181.93,0
1547,3563.656,"Mount",-0.065,0.032,0.058,0.043,-0.037,0.000,15,E,0,,,,1064090,139.17,0
1548,3565.762,"Mount",0.067,-0.089,-0.110,-0.019,-0.072,0.000,30,E,0,,,,979409,147.50,0
1549,3568.075,"Mount",0.063,-0.041,-0.066,-0.037,-0.050,0.000,21,E,0,,,,1045361,152.98,0
1550,3570.235,"Mount",-0.058,-0.080,-0.044,0.089,-0.006,0.032,2,E,14,S,,,1060522,163.80,0
1551,3572.602,"Mount",-0.099,0.143,0.173,0.021,0.082,0.000,34,W,0,,,,1016860,144.72,0
1552,3574.780,"Mount",-0.160,0.249,0.295,0.027,0.146,0.000,61,W,0,,,,1104731,162.31,0
1553,3577.229,"Mount",-0.304,0.044,0.179,0.249,0.102,0.090,42,W,38,S,,,1048874,168.54,0
1554,3579.382,"Mount",-0.167,0.230,0.281,0.042,0.145,0.000,60,W,0,,,,1040989,144.56,0
1555,3581.872,"Mount",-0.088,-0.076,-0.027,0.113,0.025,0.041,10,W,17,S,,,1058098,155.08,0
1556,3583.979,"Mount",-0.098,-0.008,0.038,0.090,0.020,0.034,8,W,15,S,,,1029381,148.53,0
1557,3586.292,"Mount",-0.046,0.085,0.097,0.002,0.066,0.000,27,W,0,,,,1060974,161.87,0
1558,3588.481,"Mount",-0.040,0.127,0.131,-0.023,0.078,0.000,32,W,0,,,,1009233,162.72,0
1559,3590.778,"Mount",-0.038,0.027,0.042,0.021,0.020,0.000,8,W,0,,,,999357,150.24,0
1560,3592.922,"Mount",0.007,0.055,0.045,-0.032,0.016,0.000,7,W,0,,,,994727,155.30,0
1561,3595.231,"Mount",-0.009,0.094,0.087,-0.036,0.048,0.000,20,W,0,,,,948511,150.04,0
1562,3597.341,"Mount",0.015,0.011,0.003,-0.019,-0.004,0.000,2,E,0,,,,983016,142.73,0
1563,3599.647,"Mount",-0.034,0.095,0.100,-0.013,0.039,0.000,16,W,0,,,,965978,153.82,0
1564,3601.886,"Mount",0.167,-0.188,-0.244,-0.061,-0.124,-0.022,51,E,9,N,,,972764,169.00,0
1565,3604.214,"Mount",0.070,-0.134,-0.151,-0.000,-0.100,0.000,41,E,0,,,,968824,149.69,0
1566,3606.378,"Mount",-0.156,-0.131,-0.044,0.199,-0.046,0.072,19,E,31,S,,,976147,166.12,0
1567,3608.752,"Mount",0.059,0.032,0.002,-0.067,-0.049,-0.021,20,E,9,N,,,899395,135.29,0
1568,3610.841,"Mount",-0.044,-0.010,0.011,0.043,-0.038,0.000,16,E,0,,,,957742,165.33,0
1569,3613.253,"Mount",0.149,-0.091,-0.150,-0.090,-0.100,-0.032,41,E,14,N,,,1007219,157.57,0
1570,3615.394,"Mount",-0.030,0.085,0.089,-0.012,0.019,0.000,8,W,0,,,,965165,158.48,0
1571,3617.775,"Mount",0.170,0.037,-0.045,-0.168,-0.006,-0.060,2,E,26,N,,,1018810,158.44,0
1572,3619.961,"Mount",0.176,-0.082,-0.154,-0.118,-0.065,-0.045,27,E,19,N,,,944857,158.76,0
1573,3622.257,"Mount",0.055,-0.102,-0.116,-0.002,-0.027,0.000,11,E,0,,,,965120,134.45,0
1574,3624.400,"Mount",-0.063,0.090,0.109,0.014,0.090,0.000,37,W,0,,,,920633,146.82,0
1575,3626.806,"Mount",-0.018,0.179,0.167,-0.066,0.123,-0.024,51,W,10,N,,,969114,153.36,0
1576,3628.996,"Mount",-0.119,0.115,0.157,0.053,0.116,0.000,48,W,0,,,,941958,160.31,0
1577,3631.323,"Mount",0.124,-0.008,-0.064,-0.106,0.019,-0.038,8,W,16,N,,,1037140,171.40,0
1578,3633.468,"Mount",-0.073,-0.030,0.007,0.078,0.044,0.027,18,W,11,S,,,968171,159.90,0
1579,3635.904,"Mount",-0.133,0.052,0.108,0.094,0.102,0.035,42,W,15,S,,,939065,162.28,0
1580,3638.118,"Mount",-0.224,0.196,0.277,0.108,0.165,0.040,69,W,17,S,,,1018662,142.75,0
1581,3640.510,"Mount",0.009,0.015,0.009,-0.015,0.027,0.000,11,W,0,,,,1018048,171.97,0
1582,3642.744,"Mount",-0.189,0.022,0.107,0.158,0.059,0.057,25,W,24,S,,,982612,146.00,0
1583,3645.091,"Mount",-0.089,0.022,0.060,0.069,0.012,0.027,5,W,12,S,,,1024715,170.73,0
1584,3647.230,"Mount",0.097,0.149,0.088,-0.155,0.002,-0.055,1,W,23,N,,,952908,159.05,0
1585,3649.615,"Mount",0.070,0.084,0.043,-0.101,-0.059,-0.039,24,E,16,N,,,1029108,158.45,0
1586,3651.711,"Mount",-0.069,0.021,0.051,0.051,-0.071,0.000,29,E,0,,,,1043879,145.53,0
1587,3654.019,"Mount",-0.087,0.159,0.181,0.004,-0.008,0.000,3,E,0,,,,1042737,156.04,0
1588,3656.223,"Mount",-0.131,0.028,0.085,0.103,-0.066,0.037,27,E,16,S,,,1003868,152.35,0
1589,3658.651,"Mount",-0.043,-0.088,-0.058,0.078,-0.138,0.030,57,E,13,S,,,1035437,155.35,0
1590,3660.836,"Mount",0.130,-0.326,-0.349,0.035,-0.302,0.000,125,E,0,,,,1021286,152.08,0
1591,3663.278,"Mount",0.151,-0.224,-0.268,-0.030,-0.281,0.000,117,E,0,,,,1041600,177.00,0
1592,3665.499,"Mount",0.087,-0.218,-0.234,0.023,-0.268,0.000,111,E,0,,,,1077051,167.81,0
1593,3667.905,"Mount",0.038,-0.043,-0.056,-0.014,-0.185,0.000,77,E,0,,,,1002808,159.65,0
1594,3670.053,"Mount",-0.079,0.090,0.116,0.029,-0.115,0.000,48,E,0,,,,1032570,161.21,0
1595,3672.455,"Mount",0.072,-0.077,-0.102,-0.028,-0.200,0.000,83,E,0,,,,1013480,146.47,0
1596,3674.625,"Mount",0.040,-0.007,-0.024,-0.033,-0.141,0.000,59,E,0,,,,1016034,172.87,0
1597,3676.974,"Mount",-0.021,-0.031,-0.018,0.033,-0.112,0.000,47,E,0,,,,939422,140.14,0
1598,3679.159,"Mount",-0.198,0.053,0.138,0.151,-0.013,0.054,6,E,23,S,,,1004810,165.77,0
1599,3681.506,"Mount",-0.167,0.076,0.145,0.113,0.007,0.043,3,W,18,S,,,991484,156.37,0
1600,3683.598,"Mount",-0.089,0.099,0.129,0.033,0.020,0.000,8,W,0,,,,1006283,164.46,0
1601,3685.976,"Mount",-0.167,-0.094,-0.006,0.191,-0.033,0.069,14,E,29,S,,,984915,148.24,0
1602,3688.137,"Mount",-0.035,-0.114,-0.086,0.084,-0.067,0.033,28,E,14,S,,,1010869,150.41,0
1603,3690.490,"Mount",0.058,0.089,0.052,-0.093,-0.038,-0.032,16,E,14,N,,,986213,168.83,0
1604,3692.582,"Mount",0.012,0.035,0.025,-0.027,-0.046,0.000,19,E,0,,,,1026704,188.79,0
1605,3694.927,"Mount",-0.030,-0.040,-0.021,0.045,-0.045,0.000,19,E,0,,,,1030048,157.66,0
1606,3697.018,"Mount",0.044,-0.062,-0.075,-0.011,-0.073,0.000,30,E,0,,,,1031933,141.76,0
1607,3699.313,"Mount",-0.052,0.090,0.104,0.004,-0.005,0.000,2,E,0,,,,998730,141.11,0
1608,3701.391,"Mount",-0.039,0.081,0.090,-0.002,-0.034,0.000,14,E,0,,,,1012298,137.44,0
1609,3703.758,"Mount",-0.027,-0.072,-0.051,0.057,-0.104,0.000,43,E,0,,,,1030379,147.85,0
1610,3705.962,"Mount",-0.010,-0.158,-0.135,0.082,-0.180,0.030,75,E,13,S,,,1042099,176.75,0
1611,3708.347,"Mount",0.076,-0.163,-0.180,0.007,-0.227,0.000,94,E,0,,,,1040383,190.12,0
1612,3710.479,"Mount",-0.054,-0.019,0.008,0.057,-0.159,0.000,66,E,0,,,,1042312,146.60,0
1613,3712.881,"Mount",0.009,-0.088,-0.083,0.033,-0.231,0.000,96,E,0,,,,1068936,158.87,0
1614,3715.050,"Mount",0.065,-0.133,-0.148,0.004,-0.273,0.000,113,E,0,,,,1035065,161.67,0
1615,3717.541,"Mount",-0.047,-0.130,-0.094,0.102,-0.271,0.037,112,E,16,S,,,1062428,177.43,0
1616,3719.770,"Mount",0.067,-0.099,-0.118,-0.014,-0.292,0.000,121,E,0,,,,1038005,154.40,0
1617,3722.299,"Mount",0.176,-0.068,-0.141,-0.125,-0.336,-0.045,139,E,19,N,,,1020368,155.66,0
1618,3724.538,"Mount",-0.022,-0.004,0.007,0.021,-0.285,0.000,118,E,0,,,,1067543,167.52,0
1619,3726.978,"Mount",0.106,-0.112,-0.148,-0.042,-0.372,0.000,154,E,0,,,,1050184,153.48,0
1620,3729.213,"Mount",-0.135,0.075,0.129,0.085,-0.243,0.031,101,E,13,S,,,1047609,165.87,0
1621,3731.679,"Mount",-0.056,0.074,0.092,0.016,-0.268,0.000,111,E,0,,,,1021070,154.17,0
1622,3733.884,"Mount",0.055,-0.078,-0.094,-0.013,-0.321,0.000,133,E,0,,,,1020899,163.70,0
1623,3736.333,"Mount",-0.146,0.032,0.095,0.115,-0.222,0.041,92,E,18,S,,,986764,161.70,0
1624,3738.548,"Mount",-0.109,0.069,0.111,0.065,-0.189,0.025,78,E,11,S,,,1013059,161.14,0
1625,3741.035,"Mount",-0.085,0.006,0.044,0.073,-0.214,0.027,89,E,12,S,,,988006,186.79,0
1626,3743.233,"Mount",-0.118,0.122,0.163,0.048,-0.121,0.000,50,E,0,,,,1010584,143.16,0
1627,3745.676,"Mount",-0.137,-0.082,-0.009,0.160,-0.166,0.057,69,E,25,S,,,981594,158.00,0
1628,3747.779,"Mount",-0.079,0.031,0.064,0.056,-0.094,0.000,39,E,0,,,,1023452,162.25,0
1629,3750.182,"Mount",-0.111,0.061,0.106,0.070,-0.054,0.025,22,E,11,S,,,1032533,163.54,0
1630,3752.249,"Mount",-0.140,0.143,0.191,0.058,0.008,0.000,3,W,0,,,,1034079,154.07,0
1631,3754.540,"Mount",-0.062,0.165,0.175,-0.021,0.011,0.000,5,W,0,,,,961821,148.83,0
1632,3756.613,"Mount",-0.010,-0.027,-0.020,0.021,-0.048,0.000,20,E,0,,,,1019396,178.06,0
1633,3758.986,"Mount",-0.100,0.024,0.068,0.077,0.005,0.028,2,W,12,S,,,987994,145.19,0
1634,3761.148,"Mount",-0.109,0.127,0.162,0.038,0.048,0.000,20,W,0,,,,982150,133.89,0
1635,3763.505,"Mount",-0.089,0.175,0.196,-0.002,0.071,0.000,30,W,0,,,,991788,139.91,0
1636,3765.644,"Mount",-0.146,0.086,0.144,0.090,0.052,0.032,21,W,14,S,,,985672,154.24,0
1637,3767.981,"Mount",-0.049,-0.006,0.017,0.047,-0.010,0.000,4,E,0,,,,1033442,153.51,0
1638,3770.104,"Mount",0.093,-0.052,-0.089,-0.059,-0.047,0.000,19,E,0,,,,1042453,156.43,0
1639,3772.507,"Mount",0.169,-0.039,-0.113,-0.132,-0.056,-0.047,23,E,20,N,,,1004947,158.47,0
1640,3774.707,"Mount",0.170,-0.015,-0.091,-0.144,-0.050,-0.054,21,E,23,N,,,1013221,159.69,0
1641,3777.096,"Mount",0.014,0.112,0.093,-0.064,0.037,-0.025,15,W,11,N,,,994851,158.04,0
1642,3779.159,"Mount",-0.061,0.021,0.046,0.044,0.003,0.000,1,W,0,,,,1001424,167.84,0
1643,3781.597,"Mount",-0.186,0.000,0.086,0.165,0.086,0.060,36,W,25,S,,,1010999,151.33,0
1644,3783.800,"Mount",0.040,0.079,0.052,-0.072,0.079,-0.023,33,W,10,N,,,1021140,143.09,0
1645,3786.221,"Mount",-0.179,0.008,0.089,0.155,0.073,0.055,30,W,23,S,,,1053926,162.52,0
1646,3788.363,"Mount",-0.143,0.013,0.077,0.121,0.020,0.046,8,W,20,S,,,1084194,155.85,0
1647,3790.785,"Mount",-0.052,-0.048,-0.018,0.068,0.022,0.026,9,W,11,S,,,1017322,146.50,0
1648,3793.048,"Mount",-0.095,0.025,0.066,0.073,0.102,0.027,42,W,12,S,,,1026270,158.71,0
1649,3795.449,"Mount",-0.080,0.195,0.209,-0.019,0.193,0.000,80,W,0,,,,1013170,153.23,0
1650,3797.698,"Mount",-0.036,0.311,0.293,-0.112,0.246,-0.040,102,W,17,N,,,999340,145.84,0
1651,3800.078,"Mount",-0.055,0.053,0.073,0.024,0.171,0.000,71,W,0,,,,957421,143.06,0
1652,3802.303,"Mount",0.114,0.040,-0.018,-0.120,0.150,-0.043,62,W,18,N,,,1000453,148.16,0
1653,3804.761,"Mount",-0.096,0.048,0.087,0.063,0.215,0.021,89,W,9,S,,,1004819,151.89,0
1654,3806.947,"Mount",-0.044,0.082,0.093,0.001,0.222,0.000,92,W,0,,,,1028473,149.10,0
1655,3809.351,"Mount",-0.002,0.061,0.055,-0.026,0.199,0.000,82,W,0,,,,1041981,161.34,0
1656,3811.561,"Mount",-0.100,0.143,0.174,0.023,0.282,0.000,117,W,0,,,,1031121,153.54,0
1657,3814.041,"Mount",-0.089,0.129,0.156,0.019,0.281,0.000,116,W,0,,,,1014579,160.24,0
1658,3816.338,"Mount",0.047,0.040,0.014,-0.060,0.198,-0.022,82,W,9,N,,,1011507,140.03,0
1659,3818.742,"Mount",0.201,-0.134,-0.211,-0.116,0.090,-0.043,37,W,18,N,,,1081607,161.24,0
1660,3820.941,"Mount",-0.092,-0.013,0.031,0.087,0.151,0.030,63,W,13,S,,,1010422,159.28,0
1661,3823.386,"Mount",-0.022,-0.106,-0.084,0.068,0.080,0.026,33,W,11,S,,,979663,143.28,0
1662,3825.544,"Mount",0.053,0.054,0.023,-0.072,0.078,-0.025,32,W,11,N,,,1003234,167.70,0
1663,3828.009,"Mount",-0.091,0.379,0.379,-0.094,0.221,-0.035,92,W,15,N,,,1046267,152.88,0
1664,3830.138,"Mount",-0.049,0.174,0.177,-0.037,0.118,0.000,49,W,0,,,,962721,155.32,0
1665,3832.534,"Mount",0.197,0.061,-0.037,-0.203,0.019,-0.073,8,W,31,N,,,1014103,163.72,0
1666,3834.769,"Mount",0.045,0.179,0.138,-0.122,0.071,-0.047,29,W,20,N,,,1097653,158.21,0
1667,3837.176,"Mount",0.271,-0.044,-0.163,-0.220,-0.078,-0.081,33,E,35,N,,,1121238,184.73,0
1668,3839.466,"Mount",0.146,0.005,-0.063,-0.132,-0.042,-0.051,18,E,22,N,,,1076858,159.29,0
1669,3841.774,"Mount",0.026,0.053,0.035,-0.047,0.012,0.000,5,W,0,,,,1103325,158.81,0
1670,3843.847,"Mount",0.085,-0.069,-0.100,-0.043,-0.020,0.000,8,E,0,,,,1046528,152.75,0
1671,3846.206,"Mount",0.176,-0.127,-0.193,-0.097,-0.034,-0.035,14,E,15,N,,,1063486,150.52,0
1672,3848.322,"Mount",0.039,-0.007,-0.024,-0.031,0.131,0.000,54,W,0,,,,1090286,159.02,0
1673,3850.695,"Mount",0.142,-0.070,-0.127,-0.094,0.079,-0.034,33,W,14,N,,,1143261,177.04,0
1674,3852.790,"Mount",0.100,-0.151,-0.180,-0.019,-0.055,0.000,23,E,0,,,,1093279,180.57,0
1675,3855.149,"Mount",0.185,-0.032,-0.113,-0.149,-0.017,-0.054,7,E,23,N,,,1140179,172.62,0
1676,3857.273,"Mount",0.223,-0.181,-0.263,-0.114,-0.058,-0.043,24,E,19,N,,,1095229,158.94,0
1677,3859.630,"Mount",-0.031,0.115,0.116,-0.026,0.178,0.000,74,W,0,,,,1176180,182.53,0
1678,3861.818,"Mount",-0.102,-0.010,0.038,0.095,0.158,0.034,66,W,15,S,,,1042170,158.91,0
1679,3864.286,"Mount",-0.134,0.126,0.173,0.061,0.285,0.023,118,W,10,S,,,1067220,150.92,0
1680,3866.537,"Mount",-0.145,0.345,0.373,-0.031,0.415,0.000,172,W,0,,,,1116442,169.01,0
1681,3868.991,"Mount",-0.013,0.139,0.129,-0.053,0.341,0.000,141,W,0,,,,1124238,177.97,0
1682,3871.287,"Mount",-0.129,0.009,0.067,0.110,0.323,0.040,134,W,17,S,,,1149095,153.51,0
1683,3873.787,"Mount",-0.086,0.062,0.094,0.048,0.353,0.000,147,W,0,,,,1068205,137.50,0
1684,3876.063,"Mount",-0.125,0.225,0.257,0.007,0.401,0.000,166,W,0,,,,1123152,163.15,0
1685,3878.556,"Mount",0.049,0.036,0.009,-0.060,0.283,-0.022,118,W,9,N,,,1169685,167.38,0
1686,3880.720,"Mount",-0.028,-0.062,-0.042,0.053,0.236,0.000,98,W,0,,,,1100857,150.39,0
1687,3883.151,"Mount",-0.016,0.072,0.072,-0.019,0.228,0.000,95,W,0,,,,1167016,148.10,0
1688,3885.357,"Mount",0.075,0.017,-0.019,-0.074,0.150,-0.027,62,W,11,N,,,1125587,176.87,0
1689,3888.475,"Mount",-1.777,3.161,3.624,0.117,1.745,0.041,724,W,18,S,,,1094650,143.66,0
1690,3890.982,"Mount",-0.938,1.475,1.742,0.151,0.863,0.056,358,W,24,S,,,1044837,129.14,0
1691,3893.826,"Mount",0.893,-2.457,-2.592,0.342,-1.071,0.125,444,E,54,S,,,1062674,153.19,0
1692,3896.315,"Mount",0.627,-1.651,-1.754,0.206,-0.731,0.079,303,E,34,S,,,1183068,154.61,0
1693,3898.818,"Mount",0.136,-0.582,-0.579,0.149,-0.284,0.057,118,E,24,S,,,1151596,155.58,0
1694,3900.960,"Mount",0.098,-0.092,-0.127,-0.045,-0.092,0.000,38,E,0,,,,1190240,164.12,0
1695,3903.368,"Mount",0.089,-0.036,-0.073,-0.062,-0.074,-0.022,31,E,10,N,,,1094713,149.66,0
1696,3905.555,"Mount",0.170,-0.140,-0.202,-0.086,-0.132,-0.032,55,E,14,N,,,1148694,185.38,0
1697,3907.990,"Mount",0.237,-0.043,-0.148,-0.190,-0.081,-0.070,34,E,30,N,,,1142320,170.13,0
1698,3910.179,"Mount",0.069,-0.202,-0.211,0.032,-0.110,0.000,45,E,0,,,,1181774,164.95,0
1699,3912.501,"Mount",0.036,0.030,0.009,-0.046,-0.015,0.000,6,E,0,,,,1120915,157.53,0
1700,3914.683,"Mount",0.166,-0.035,-0.108,-0.131,-0.064,-0.047,26,E,20,N,,,1157769,161.31,0
1701,3917.088,"Mount",0.077,0.027,-0.012,-0.081,-0.011,-0.031,5,E,13,N,,,1166067,163.19,0
1702,3919.315,"Mount",0.180,-0.017,-0.099,-0.152,-0.039,-0.056,16,E,24,N,,,1109554,156.41,0
1703,3921.693,"Mount",0.026,-0.225,-0.212,0.081,-0.078,0.027,33,E,11,S,,,1143655,150.23,0
1704,3923.816,"Mount",-0.059,-0.108,-0.069,0.103,-0.007,0.038,3,E,16,S,,,1044256,142.49,0
1705,3926.128,"Mount",-0.038,0.045,0.057,0.013,0.022,0.000,9,W,0,,,,1067897,147.96,0
1706,3928.271,"Mount",-0.162,0.110,0.172,0.093,0.098,0.033,40,W,14,S,,,1178400,164.64,0
1707,3930.673,"Mount",-0.176,-0.028,0.056,0.169,0.012,0.062,5,W,27,S,,,1038046,146.77,0
1708,3932.884,"Mount",-0.176,0.130,0.197,0.096,0.108,0.037,45,W,16,S,,,1130719,179.64,0
1709,3935.208,"Mount",0.027,-0.003,-0.015,-0.022,0.020,0.000,8,W,0,,,,1121695,150.97,0
1710,3937.334,"Mount",0.008,-0.099,-0.091,0.038,-0.015,0.000,6,E,0,,,,1110939,153.79,0
1711,3939.709,"Mount",-0.106,0.088,0.127,0.053,0.084,0.000,35,W,0,,,,1074381,162.51,0
1712,3941.815,"Mount",0.035,-0.038,-0.050,-0.013,0.013,0.000,5,W,0,,,,1063219,156.49,0
1713,3944.204,"Mount",-0.126,0.131,0.174,0.051,0.078,0.000,32,W,0,,,,1079122,143.99,0
1714,3946.267,"Mount",-0.042,0.032,0.048,0.023,-0.002,0.000,1,E,0,,,,1107479,141.43,0
1715,3948.632,"Mount",-0.014,-0.039,-0.028,0.031,-0.011,0.000,4,E,0,,,,1123913,163.70,0
1716,3950.798,"Mount",0.054,0.068,0.035,-0.079,-0.013,-0.029,5,E,12,N,,,1110903,157.98,0
1717,3953.277,"Mount",-0.027,-0.290,-0.245,0.158,-0.144,0.056,60,E,24,S,,,1077795,163.99,0
1718,3955.387,"Mount",-0.003,0.062,0.056,-0.026,-0.039,0.000,16,E,0,,,,1181258,143.57,0
1719,3957.719,"Mount",0.045,-0.000,-0.021,-0.040,-0.034,0.000,14,E,0,,,,1134699,163.92,0
1720,3959.890,"Mount",-0.157,0.106,0.166,0.090,0.052,0.032,22,W,14,S,,,1114655,161.80,0
1721,3962.293,"Mount",-0.086,-0.138,-0.083,0.140,-0.058,0.052,24,E,22,S,,,1145339,182.16,0
1722,3964.365,"Mount",-0.039,0.005,0.022,0.032,-0.009,0.000,4,E,0,,,,1108226,170.53,0
1723,3966.724,"Mount",-0.079,0.125,0.147,0.012,0.072,0.000,30,W,0,,,,1134467,141.52,0
1724,3968.801,"Mount",-0.002,-0.111,-0.098,0.053,-0.029,0.000,12,E,0,,,,1101594,153.61,0
1725,3971.164,"Mount",0.085,-0.107,-0.134,-0.026,-0.029,0.000,12,E,0,,,,1124960,157.84,0
1726,3973.353,"Mount",-0.130,0.093,0.142,0.072,0.111,0.026,46,W,11,S,,,1169410,171.63,0
1727,3975.727,"Mount",0.034,0.045,0.025,-0.051,0.056,0.000,23,W,0,,,,1130774,163.36,0
1728,3978.037,"Mount",-0.158,-0.035,0.042,0.156,0.042,0.056,18,W,24,S,,,1162891,155.89,0
1729,3980.342,"Mount",-0.057,0.107,0.122,0.001,0.099,0.000,41,W,0,,,,1126604,165.65,0
1730,3982.567,"Mount",-0.322,0.209,0.334,0.189,0.199,0.068,83,W,29,S,,,1104725,154.09,0
1731,3984.979,"Mount",-0.176,0.026,0.104,0.144,0.101,0.055,42,W,23,S,,,1145041,159.82,0
1732,3987.106,"Mount",-0.030,0.073,0.079,-0.007,0.080,0.000,33,W,0,,,,1065376,158.91,0
1733,3989.471,"Mount",-0.027,0.112,0.112,-0.028,0.076,0.000,32,W,0,,,,1189391,187.54,0
1734,3991.586,"Mount",0.090,-0.103,-0.133,-0.032,-0.047,0.000,20,E,0,,,,1151040,154.31,0
1735,3993.982,"Mount",-0.148,0.026,0.091,0.120,0.023,0.043,10,W,18,S,,,1140783,144.87,0
1736,3996.156,"Mount",0.115,0.039,-0.018,-0.120,-0.039,-0.041,16,E,18,N,,,1203291,162.35,0
1737,3998.527,"Mount",0.102,-0.200,-0.225,0.002,-0.160,0.000,66,E,0,,,,1083424,158.02,0
1738,4000.688,"Mount",0.048,-0.169,-0.172,0.036,-0.151,0.000,63,E,0,,,,1209936,154.86,0
1739,4003.128,"Mount",0.003,-0.161,-0.145,0.072,-0.166,0.026,69,E,11,S,,,1053483,147.77,0
1740,4005.317,"Mount",0.131,-0.178,-0.218,-0.034,-0.224,0.000,93,E,0,,,,1183569,156.83,0
1741,4007.751,"Mount",0.042,0.052,0.027,-0.062,-0.158,-0.022,66,E,9,N,,,1074197,160.34,0
1742,4009.975,"Mount",-0.021,-0.026,-0.013,0.031,-0.171,0.000,71,E,0,,,,1131673,174.27,0
1743,4012.371,"Mount",-0.043,-0.072,-0.045,0.071,-0.168,0.026,70,E,11,S,,,1190026,177.21,0
1744,4014.558,"Mount",0.179,-0.224,-0.281,-0.056,-0.290,0.000,120,E,0,,,,1157949,175.65,0
1745,4016.974,"Mount",0.073,-0.083,-0.107,-0.027,-0.222,0.000,92,E,0,,,,1120839,163.84,0
1746,4019.095,"Mount",-0.015,0.016,0.021,0.006,-0.153,0.000,64,E,0,,,,1112566,152.78,0
1747,4021.550,"Mount",-0.112,0.001,0.052,0.099,-0.152,0.035,63,E,15,S,,,1098597,160.19,0
1748,4023.723,"Mount",-0.049,0.035,0.053,0.027,-0.130,0.000,54,E,0,,,,1070928,153.72,0
1749,4026.130,"Mount",-0.107,-0.048,0.007,0.117,-0.106,0.042,44,E,18,S,,,1159719,164.26,0
1750,4028.301,"Mount",-0.128,-0.057,0.008,0.140,-0.070,0.052,29,E,22,S,,,1098502,155.47,0
1751,4030.681,"Mount",0.035,0.141,0.108,-0.096,-0.002,-0.033,1,E,14,N,,,1104586,144.82,0
1752,4032.881,"Mount",-0.190,0.168,0.237,0.091,0.070,0.032,29,W,13,S,,,1043813,159.68,0
1753,4035.210,"Mount",-0.069,0.172,0.185,-0.018,0.045,0.000,19,W,0,,,,1131832,162.03,0
1754,4037.299,"Mount",0.046,0.003,-0.018,-0.042,-0.023,0.000,10,E,0,,,,1134631,169.42,0
1755,4039.627,"Mount",-0.037,0.040,0.052,0.014,-0.033,0.000,14,E,0,,,,1087024,174.28,0
1756,4041.910,"Mount",0.193,0.013,-0.077,-0.178,-0.079,-0.064,33,E,27,N,,,1118475,160.32,0
1757,4044.294,"Mount",0.176,-0.036,-0.112,-0.139,-0.091,-0.053,38,E,23,N,,,1172696,152.74,0
1758,4046.409,"Mount",0.037,0.044,0.022,-0.053,-0.053,0.000,22,E,0,,,,1129460,148.62,0
1759,4048.864,"Mount",0.202,-0.179,-0.252,-0.097,-0.190,-0.035,79,E,15,N,,,1118458,157.71,0
1760,4051.081,"Mount",0.156,-0.126,-0.184,-0.081,-0.188,-0.030,78,E,13,N,,,1184089,154.50,0
1761,4053.600,"Mount",0.271,-0.181,-0.285,-0.157,-0.257,-0.058,107,E,25,N,,,1078766,159.34,0
1762,4055.755,"Mount",0.179,-0.247,-0.301,-0.044,-0.281,0.000,116,E,0,,,,1143833,181.94,0
1763,4058.303,"Mount",0.055,-0.394,-0.375,0.133,-0.342,0.048,142,E,21,S,,,1111947,164.83,0
1764,4060.694,"Mount",0.205,-0.173,-0.248,-0.102,-0.305,-0.035,126,E,15,N,,,1143741,177.69,0
1765,4063.086,"Mount",0.159,-0.179,-0.232,-0.059,-0.322,0.000,134,E,0,,,,1123053,144.98,0
1766,4065.366,"Mount",-0.026,-0.214,-0.178,0.122,-0.305,0.044,127,E,19,S,,,1088281,153.58,0
1767,4067.833,"Mount",0.101,-0.025,-0.069,-0.078,-0.284,-0.026,118,E,11,N,,,1162597,174.00,0
1768,4070.098,"Mount",0.066,0.051,0.015,-0.082,-0.271,-0.031,112,E,13,N,,,1103462,158.99,0
1769,4072.630,"Mount",-0.031,-0.164,-0.131,0.103,-0.361,0.036,150,E,15,S,,,1103363,160.42,0
1770,4074.848,"Mount",-0.027,-0.045,-0.028,0.045,-0.303,0.000,126,E,0,,,,1094007,191.78,0
1771,4077.281,"Mount",0.059,-0.071,-0.090,-0.020,-0.359,0.000,149,E,0,,,,1123968,174.70,0
1772,4079.567,"Mount",0.102,0.026,-0.024,-0.102,-0.300,-0.037,124,E,16,N,,,1124558,149.12,0
1773,4081.982,"Mount",0.007,0.106,0.091,-0.056,-0.256,0.000,106,E,0,,,,1074144,151.03,0
1774,4084.124,"Mount",0.021,-0.031,-0.037,-0.005,-0.251,0.000,104,E,0,,,,1118029,167.17,0
1775,4086.558,"Mount",0.082,0.079,0.032,-0.109,-0.236,-0.039,98,E,17,N,,,1186200,187.07,0
1776,4088.715,"Mount",-0.016,0.069,0.068,-0.018,-0.168,0.000,70,E,0,,,,1174345,170.97,0
1777,4091.078,"Mount",-0.030,0.160,0.156,-0.048,-0.108,0.000,45,E,0,,,,1114416,164.28,0
1778,4093.325,"Mount",-0.052,-0.127,-0.089,0.105,-0.191,0.038,79,E,16,S,,,1111268,141.79,0
1779,4095.687,"Mount",-0.053,0.028,0.049,0.034,-0.127,0.000,53,E,0,,,,1078723,165.46,0
1780,4097.821,"Mount",-0.064,0.083,0.103,0.019,-0.052,0.000,21,E,0,,,,1034636,149.09,0
1781,4100.152,"Mount",-0.106,0.125,0.159,0.036,-0.023,0.000,9,E,0,,,,1166271,163.87,0
1782,4102.300,"Mount",-0.148,0.007,0.075,0.128,-0.037,0.046,15,E,20,S,,,1095043,160.49,0
1783,4104.719,"Mount",0.046,0.071,0.042,-0.074,-0.054,-0.025,22,E,11,N,,,1147221,166.20,0
1784,4106.887,"Mount",-0.167,0.233,0.284,0.041,0.098,0.000,40,W,0,,,,1113275,164.87,0
1785,4109.358,"Mount",-0.143,0.002,0.068,0.126,0.014,0.045,6,W,19,S,,,1094983,139.01,0
1786,4111.469,"Mount",-0.050,0.140,0.147,-0.020,0.046,0.000,19,W,0,,,,1153961,166.44,0
1787,4113.760,"Mount",0.019,0.042,0.028,-0.036,-0.009,0.000,4,E,0,,,,1122403,165.30,0
1788,4115.910,"Mount",0.092,-0.201,-0.221,0.011,-0.112,0.000,46,E,0,,,,1129860,147.13,0
1789,4118.239,"Mount",-0.004,0.019,0.019,-0.005,-0.008,0.000,3,E,0,,,,1101004,168.94,0
1790,4120.440,"Mount",-0.101,0.040,0.083,0.071,0.028,0.026,12,W,11,S,,,1036821,145.53,0
1791,4122.744,"Mount",-0.037,0.102,0.107,-0.014,0.035,0.000,15,W,0,,,,1072568,159.63,0
1792,4124.912,"Mount",-0.101,0.132,0.163,0.029,0.073,0.000,30,W,0,,,,1115602,191.25,0
1793,4127.284,"Mount",-0.008,0.148,0.135,-0.061,0.077,-0.022,32,W,9,N,,,1162509,167.56,0
1794,4129.474,"Mount",0.253,-0.025,-0.139,-0.212,-0.008,-0.077,3,E,33,N,,,1190654,178.46,0
1795,4131.817,"Mount",0.079,-0.048,-0.079,-0.048,0.048,0.000,20,W,0,,,,1110282,150.86,0
1796,4133.932,"Mount",-0.071,0.026,0.056,0.051,0.035,0.000,14,W,0,,,,1127949,156.44,0
1797,4136.224,"Mount",0.011,0.063,0.051,-0.039,-0.017,0.000,7,E,0,,,,1091574,141.46,0
1798,4138.301,"Mount",-0.074,0.033,0.063,0.050,0.040,0.000,17,W,0,,,,1125196,178.63,0
1799,4140.728,"Mount",-0.080,-0.115,-0.065,0.124,0.030,0.044,13,W,19,S,,,1112248,162.86,0
1800,4142.878,"Mount",-0.003,0.091,0.082,-0.039,0.122,0.000,51,W,0,,,,1055106,147.29,0
1801,4145.309,"Mount",0.016,0.145,0.121,-0.081,0.172,-0.029,71,W,12,N,,,1148689,150.24,0
1802,4147.558,"Mount",-0.108,-0.109,-0.047,0.146,0.136,0.051,56,W,22,S,,,1160343,152.48,0
1803,4149.971,"Mount",-0.088,0.161,0.184,0.003,0.238,0.000,99,W,0,,,,1072520,144.27,0
1804,4152.196,"Mount",-0.078,0.253,0.261,-0.048,0.284,0.000,118,W,0,,,,1165318,156.57,0
1805,4154.621,"Mount",-0.090,0.139,0.165,0.015,0.268,0.000,111,W,0,,,,1135228,163.51,0
1806,4156.899,"Mount",-0.012,0.160,0.147,-0.063,0.272,-0.023,113,W,10,N,,,1078516,146.55,0
1807,4159.276,"Mount",0.042,-0.007,-0.025,-0.034,0.219,0.000,91,W,0,,,,1128184,152.21,0
1808,4161.443,"Mount",0.008,-0.141,-0.129,0.058,0.152,0.000,63,W,0,,,,1148059,159.64,0
1809,4163.879,"Mount",0.031,-0.252,-0.238,0.089,0.092,0.032,38,W,14,S,,,1160077,144.33,0
1810,4166.147,"Mount",-0.067,-0.293,-0.229,0.195,0.061,0.071,25,W,31,S,,,1121431,149.63,0
1811,4168.502,"Mount",0.157,-0.383,-0.412,0.038,-0.046,0.000,19,E,0,,,,1174779,161.48,0
1812,4170.702,"Mount",-0.030,-0.113,-0.087,0.079,0.059,0.028,25,W,12,S,,,1103135,165.59,0
1813,4173.098,"Mount",-0.032,-0.146,-0.115,0.096,0.009,0.036,4,W,15,S,,,1087288,148.93,0
1814,4175.299,"Mount",-0.074,-0.017,0.019,0.074,0.047,0.028,19,W,12,S,,,1166081,148.99,0
1815,4177.655,"Mount",-0.008,0.127,0.117,-0.051,0.093,0.000,39,W,0,,,,1103262,151.00,0
1816,4179.767,"Mount",0.004,0.029,0.024,-0.017,0.030,0.000,12,W,0,,,,1114710,141.15,0
1817,4182.191,"Mount",-0.094,-0.009,0.035,0.088,0.023,0.032,10,W,14,S,,,1092726,141.00,0
1818,4184.256,"Mount",-0.070,0.090,0.112,0.021,0.059,0.000,24,W,0,,,,1123830,162.05,0
1819,4186.583,"Mount",-0.001,0.104,0.092,-0.047,0.042,0.000,17,W,0,,,,1145863,166.98,0
1820,4188.710,"Mount",-0.047,0.185,0.186,-0.044,0.080,0.000,33,W,0,,,,1049955,145.47,0
1821,4191.151,"Mount",0.079,0.010,-0.028,-0.075,0.021,-0.027,9,W,12,N,,,1161094,153.98,0
1822,4193.243,"Mount",0.079,-0.126,-0.148,-0.012,-0.031,0.000,13,E,0,,,,1165010,162.45,0
1823,4195.612,"Mount",-0.035,-0.001,0.016,0.031,0.114,0.000,47,W,0,,,,1106598,152.40,0
1824,4197.753,"Mount",0.005,-0.079,-0.072,0.032,0.089,0.000,37,W,0,,,,1169867,165.12,0
1825,4200.238,"Mount",-0.011,-0.070,-0.058,0.042,0.099,0.000,41,W,0,,,,1136713,147.54,0
1826,4202.494,"Mount",0.022,-0.010,-0.019,-0.015,0.030,0.000,13,W,0,,,,1130075,144.99,0
1827,4204.868,"Mount",-0.114,0.024,0.074,0.090,0.076,0.032,32,W,14,S,,,1145617,166.47,0
1828,4207.087,"Mount",-0.149,0.150,0.202,0.063,0.207,0.024,86,W,10,S,,,1112335,163.32,0
1829,4209.588,"Mount",-0.221,0.175,0.257,0.115,0.293,0.042,121,W,18,S,,,1128982,154.69,0
1830,4211.837,"Mount",-0.233,0.002,0.109,0.206,0.256,0.076,106,W,32,S,,,1204313,162.04,0
1831,4214.382,"Mount",-0.213,0.025,0.120,0.178,0.310,0.067,128,W,29,S,,,1138486,147.76,0
1832,4216.726,"Mount",-0.193,0.084,0.164,0.133,0.354,0.050,147,W,22,S,,,1157797,159.00,0
1833,4219.208,"Mount",-0.144,0.207,0.250,0.033,0.419,0.000,174,W,0,,,,1162988,170.63,0
1834,4221.545,"Mount",-0.177,0.042,0.119,0.138,0.360,0.050,149,W,21,S,,,1125451,150.32,0
1835,4224.051,"Mount",-0.021,-0.106,-0.084,0.067,0.271,0.026,112,W,11,S,,,1124177,152.98,0
1836,4226.207,"Mount",0.057,-0.142,-0.152,0.015,0.213,0.000,88,W,0,,,,1123636,157.47,0
1837,4228.717,"Mount",0.361,0.012,-0.156,-0.326,0.177,-0.117,73,W,50,N,,,1096097,165.57,0
1838,4230.928,"Mount",0.279,-0.163,-0.273,-0.172,0.054,-0.067,22,W,29,N,,,1164942,160.16,0
1839,4233.341,"Mount",0.331,0.016,-0.138,-0.301,0.081,-0.111,34,W,47,N,,,1099171,146.76,0
1840,4235.538,"Mount",0.321,-0.131,-0.264,-0.224,-0.010,-0.085,4,E,36,N,,,1184100,169.24,0
1841,4237.973,"Mount",0.306,0.092,-0.059,-0.314,0.065,-0.116,27,W,50,N,,,1153710,155.69,0
1842,4240.131,"Mount",0.303,-0.074,-0.205,-0.234,-0.059,-0.089,24,E,38,N,,,1127958,158.08,0
1843,4242.535,"Mount",0.235,0.037,-0.075,-0.225,-0.030,-0.085,12,E,36,N,,,1176137,164.30,0
1844,4244.707,"Mount",0.166,0.006,-0.071,-0.150,-0.048,-0.058,20,E,25,N,,,1099426,155.45,0
1845,4247.048,"Mount",0.069,0.036,-0.000,-0.078,-0.004,-0.030,2,E,13,N,,,1095075,166.41,0
1846,4249.151,"Mount",0.081,-0.096,-0.122,-0.028,-0.067,0.000,28,E,0,,,,1164157,171.84,0
1847,4251.476,"Mount",0.010,-0.002,-0.007,-0.008,-0.013,0.000,5,E,0,,,,1129188,154.41,0
1848,4253.623,"Mount",0.083,0.012,-0.028,-0.079,-0.006,-0.029,2,E,12,N,,,1105875,146.80,0
1849,4255.970,"Mount",0.058,-0.119,-0.132,0.003,-0.073,0.000,30,E,0,,,,1200737,175.35,0
1850,4258.063,"Mount",0.080,-0.050,-0.081,-0.048,-0.054,0.000,22,E,0,,,,1110896,144.53,0
1851,4260.394,"Mount",0.071,0.003,-0.030,-0.064,-0.024,-0.023,10,E,10,N,,,1130685,156.93,0
1852,4262.493,"Mount",0.094,-0.087,-0.121,-0.043,-0.087,0.000,36,E,0,,,,1126473,165.99,0
1853,4264.879,"Mount",0.033,0.109,0.082,-0.079,0.013,-0.029,5,W,12,N,,,1203317,156.32,0
1854,4266.985,"Mount",-0.079,-0.086,-0.040,0.110,-0.016,0.038,7,E,16,S,,,1193637,177.18,0
1855,4269.274,"Mount",0.025,0.062,0.044,-0.051,-0.000,0.000,0,,0,,,,1125105,159.98,0
1856,4271.382,"Mount",0.040,0.050,0.026,-0.058,0.021,0.000,9,W,0,,,,1198180,153.48,0
1857,4273.728,"Mount",-0.110,0.210,0.237,0.000,0.136,0.000,56,W,0,,,,1122280,154.75,0
1858,4275.892,"Mount",-0.135,0.054,0.110,0.095,0.073,0.034,30,W,15,S,,,1161773,169.03,0
1859,4278.224,"Mount",-0.008,0.064,0.060,-0.022,0.051,0.000,21,W,0,,,,1191808,141.81,0
1860,4280.306,"Mount",0.099,-0.086,-0.122,-0.048,-0.038,0.000,16,E,0,,,,1152271,161.33,0
1861,4282.728,"Mount",-0.262,-0.068,0.060,0.264,0.046,0.095,19,W,41,S,,,1188428,168.23,0
1862,4284.949,"Mount",0.003,0.157,0.138,-0.075,0.084,-0.023,35,W,10,N,,,1123127,157.60,0
1863,4287.259,"Mount",0.049,-0.094,-0.106,0.000,-0.024,0.000,10,E,0,,,,1142833,165.58,0
1864,4289.355,"Mount",0.000,-0.020,-0.018,0.009,0.014,0.000,6,W,0,,,,1182011,163.06,0
1865,4291.696,"Mount",-0.044,0.063,0.076,0.010,0.029,0.000,12,W,0,,,,1203213,190.29,0
1866,4293.771,"Mount",0.003,0.101,0.088,-0.050,0.025,0.000,10,W,0,,,,1189480,171.78,0
1867,4296.117,"Mount",-0.074,0.131,0.150,0.005,0.053,0.000,22,W,0,,,,1143863,171.68,0
1868,4298.272,"Mount",-0.159,-0.095,-0.011,0.184,-0.020,0.066,8,E,28,S,,,1171542,184.99,0
1869,4300.684,"Mount",-0.069,-0.135,-0.088,0.124,-0.079,0.047,33,E,20,S,,,1070069,158.76,0
1870,4302.858,"Mount",0.050,0.063,0.033,-0.074,-0.044,-0.025,18,E,11,N,,,1049705,140.97,0
1871,4305.276,"Mount",0.144,-0.110,-0.164,-0.077,-0.115,-0.029,48,E,12,N,,,1124986,152.53,0
1872,4307.373,"Mount",0.030,0.025,0.008,-0.038,-0.030,0.000,13,E,0,,,,1105156,157.73,0
1873,4309.745,"Mount",-0.124,0.024,0.078,0.099,0.010,0.036,4,W,15,S,,,1140087,152.52,0
1874,4311.856,"Mount",-0.056,0.138,0.148,-0.014,0.046,0.000,19,W,0,,,,1126652,178.77,0
1875,4314.307,"Mount",-0.169,-0.117,-0.026,0.204,-0.015,0.073,6,E,31,S,,,1133108,155.62,0
1876,4316.572,"Mount",-0.160,-0.091,-0.007,0.184,0.004,0.069,2,W,30,S,,,1079572,146.18,0
1877,4318.931,"Mount",0.070,0.107,0.062,-0.112,0.052,-0.037,21,W,16,N,,,1097743,158.49,0
1878,4321.071,"Mount",-0.136,0.085,0.138,0.081,0.101,0.028,42,W,12,S,,,1132078,140.14,0
1879,4323.427,"Mount",-0.115,0.262,0.286,-0.020,0.179,0.000,74,W,0,,,,1134913,153.29,0
1880,4325.581,"Mount",0.079,0.153,0.099,-0.140,0.091,-0.050,38,W,22,N,,,1163034,163.62,0
1881,4327.960,"Mount",0.103,-0.045,-0.087,-0.071,0.016,-0.028,7,W,12,N,,,1140096,154.37,0
1882,4330.058,"Mount",0.119,-0.106,-0.149,-0.056,-0.012,0.000,5,E,0,,,,1101466,155.62,0
1883,4332.500,"Mount",-0.088,-0.076,-0.027,0.113,0.053,0.041,22,W,17,S,,,1113389,165.95,0
1884,4334.564,"Mount",0.121,-0.186,-0.221,-0.022,-0.063,0.000,26,E,0,,,,1130817,157.54,0
1885,4336.893,"Mount",0.090,-0.079,-0.112,-0.043,-0.034,0.000,14,E,0,,,,1116313,174.68,0
1886,4339.058,"Mount",0.091,0.022,-0.022,-0.091,0.003,-0.033,1,W,14,N,,,1115237,164.80,0
1887,4341.434,"Mount",0.064,0.060,0.024,-0.084,-0.023,-0.032,10,E,14,N,,,1107246,138.26,0
1888,4343.641,"Mount",0.224,0.013,-0.092,-0.205,-0.086,-0.075,36,E,32,N,,,1090737,150.35,0
1889,4346.104,"Mount",0.174,-0.046,-0.121,-0.133,-0.118,-0.051,49,E,22,N,,,1166388,176.93,0
1890,4348.340,"Mount",0.279,-0.085,-0.204,-0.208,-0.167,-0.077,69,E,33,N,,,1152348,166.34,0
1891,4350.824,"Mount",0.194,-0.141,-0.214,-0.108,-0.209,-0.042,87,E,18,N,,,1125154,182.36,0
1892,4353.134,"Mount",0.014,-0.190,-0.175,0.076,-0.213,0.026,88,E,11,S,,,1116776,166.39,0
1893,4355.620,"Mount",0.185,-0.140,-0.210,-0.100,-0.258,-0.035,107,E,15,N,,,1087799,172.59,0
1894,4357.831,"Mount",0.114,0.014,-0.040,-0.108,-0.172,-0.040,71,E,17,N,,,1172183,182.69,0
1895,4360.287,"Mount",0.088,0.023,-0.020,-0.089,-0.179,-0.034,74,E,14,N,,,1061642,146.12,0
1896,4362.457,"Mount",0.099,-0.148,-0.177,-0.019,-0.251,0.000,104,E,0,,,,1138795,146.99,0
1897,4364.956,"Mount",-0.225,-0.013,0.092,0.205,-0.140,0.074,58,E,32,S,,,1171665,172.44,0
1898,4367.136,"Mount",-0.056,0.002,0.027,0.049,-0.163,0.000,67,E,0,,,,1095557,133.69,0
1899,4369.613,"Mount",-0.057,-0.016,0.012,0.058,-0.154,0.000,64,E,0,,,,1104234,149.24,0
1900,4371.799,"Mount",0.015,0.087,0.071,-0.054,-0.091,0.000,38,E,0,,,,1172352,152.01,0
1901,4374.134,"Mount",-0.036,0.035,0.048,0.016,-0.099,0.000,41,E,0,,,,1150557,157.28,0
1902,4376.241,"Mount",-0.044,0.044,0.059,0.019,-0.067,0.000,28,E,0,,,,1142410,144.28,0
1903,4378.537,"Mount",-0.070,0.150,0.166,-0.007,0.032,0.000,13,W,0,,,,1073187,140.27,0
1904,4380.656,"Mount",-0.050,0.143,0.150,-0.022,0.030,0.000,13,W,0,,,,1141394,167.74,0
1905,4383.037,"Mount",0.157,0.055,-0.024,-0.165,-0.040,-0.059,17,E,25,N,,,1068398,151.93,0
1906,4385.121,"Mount",-0.020,0.136,0.130,-0.045,0.015,0.000,6,W,0,,,,1083462,152.52,0
1907,4387.504,"Mount",0.134,0.159,0.079,-0.192,-0.016,-0.069,7,E,30,N,,,1089997,149.67,0
1908,4389.787,"Mount",0.122,-0.041,-0.093,-0.089,-0.109,-0.035,45,E,15,N,,,1162128,157.15,0
1909,4392.243,"Mount",0.145,-0.039,-0.102,-0.110,-0.111,-0.041,46,E,18,N,,,1159179,162.89,0
1910,4394.495,"Mount",0.217,-0.023,-0.120,-0.182,-0.121,-0.067,50,E,29,N,,,1223278,174.36,0
1911,4396.906,"Mount",0.037,0.067,0.042,-0.064,-0.093,-0.026,38,E,11,N,,,1130387,170.49,0
1912,4399.047,"Mount",0.056,-0.044,-0.065,-0.029,-0.137,0.000,57,E,0,,,,1087359,150.08,0
1913,4401.539,"Mount",0.015,-0.164,-0.153,0.062,-0.199,0.022,82,E,10,S,,,1057570,150.08,0
1914,4403.744,"Mount",0.038,-0.083,-0.091,0.005,-0.181,0.000,75,E,0,,,,1046678,141.55,0
1915,4406.243,"Mount",0.157,-0.088,-0.151,-0.099,-0.237,-0.036,98,E,15,N,,,1135150,153.81,0
1916,4408.455,"Mount",0.191,-0.374,-0.420,0.003,-0.377,0.000,156,E,0,,,,1137073,162.40,0
1917,4410.953,"Mount",0.021,-0.189,-0.178,0.068,-0.292,0.025,121,E,11,S,,,1061054,169.82,0
1918,4413.256,"Mount",0.026,-0.123,-0.121,0.033,-0.285,0.000,118,E,0,,,,1098758,167.39,0
1919,4415.772,"Mount",0.040,-0.209,-0.204,0.061,-0.357,0.022,148,E,9,S,,,1083685,155.06,0
1920,4418.075,"Mount",-0.057,-0.132,-0.091,0.111,-0.320,0.041,133,E,18,S,,,1005192,144.22,0
1921,4420.519,"Mount",0.081,-0.059,-0.090,-0.044,-0.356,0.000,148,E,0,,,,1013774,140.31,0
1922,4422.839,"Mount",0.103,-0.031,-0.075,-0.077,-0.344,-0.028,143,E,12,N,,,1106833,177.55,0
1923,4425.306,"Mount",0.000,-0.097,-0.086,0.044,-0.365,0.000,151,E,0,,,,1035407,148.54,0
1924,4427.495,"Mount",0.028,-0.131,-0.129,0.035,-0.358,0.000,149,E,0,,,,1056722,165.50,0
1925,4429.910,"Mount",-0.020,-0.062,-0.046,0.046,-0.293,0.000,121,E,0,,,,998002,145.31,0
1926,4432.152,"Mount",0.093,0.067,0.017,-0.114,-0.259,-0.041,108,E,17,N,,,1054557,141.86,0
1927,4434.612,"Mount",-0.138,0.013,0.075,0.117,-0.209,0.040,87,E,17,S,,,1113440,169.63,0
1928,4436.801,"Mount",-0.074,0.035,0.065,0.050,-0.174,0.000,72,E,0,,,,1151327,161.75,0
1929,4439.241,"Mount",-0.267,0.166,0.270,0.160,-0.059,0.058,24,E,25,S,,,1116131,192.14,0
1930,4441.426,"Mount",-0.038,0.104,0.109,-0.015,-0.105,0.000,44,E,0,,,,1068027,147.93,0
1931,4443.802,"Mount",-0.184,0.167,0.233,0.086,-0.017,0.031,7,E,13,S,,,1083881,145.42,0
1932,4446.014,"Mount",-0.246,0.008,0.121,0.214,-0.041,0.078,17,E,34,S,,,1128436,155.80,0
1933,4448.438,"Mount",-0.270,-0.018,0.108,0.248,-0.046,0.092,19,E,39,S,,,1089458,161.65,0
1934,4450.583,"Mount",-0.044,0.146,0.150,-0.029,-0.015,0.000,6,E,0,,,,1058674,150.96,0
1935,4452.885,"Mount",-0.081,0.164,0.183,-0.004,0.017,0.000,7,W,0,,,,1145665,155.08,0
1936,4455.117,"Mount",-0.208,-0.061,0.042,0.213,-0.044,0.077,18,E,33,S,,,1118092,161.71,0
1937,4457.461,"Mount",-0.143,-0.038,0.032,0.145,-0.023,0.055,10,E,24,S,,,1071195,140.68,0
1938,4459.566,"Mount",-0.117,-0.025,0.032,0.115,-0.014,0.044,6,E,19,S,,,1098486,151.31,0
1939,4461.899,"Mount",-0.144,0.012,0.077,0.122,0.022,0.046,9,W,20,S,,,1169719,158.68,0
1940,4463.990,"Mount",-0.087,0.171,0.192,-0.001,0.076,0.000,32,W,0,,,,1160465,162.12,0
1941,4466.364,"Mount",-0.000,0.188,0.167,-0.087,0.068,-0.031,28,W,13,N,,,1157951,164.32,0
1942,4468.423,"Mount",-0.017,-0.024,-0.014,0.026,-0.008,0.000,3,E,0,,,,1169509,163.88,0
1943,4470.709,"Mount",-0.008,0.043,0.042,-0.013,0.000,0.000,0,,0,,,,1054847,147.40,0
1944,4472.777,"Mount",0.005,-0.058,-0.054,0.022,0.003,0.000,1,W,0,,,,1203789,165.72,0
1945,4475.075,"Mount",0.074,-0.106,-0.128,-0.017,-0.044,0.000,18,E,0,,,,1059527,171.68,0
1946,4477.258,"Mount",0.076,0.009,-0.027,-0.072,0.038,-0.026,16,W,11,N,,,1132680,157.66,0
1947,4479.667,"Mount",0.140,-0.020,-0.082,-0.115,0.030,-0.042,12,W,18,N,,,1110603,138.44,0
1948,4481.802,"Mount",0.097,-0.110,-0.142,-0.035,-0.048,0.000,20,E,0,,,,1105314,154.07,0
1949,4484.148,"Mount",-0.008,0.045,0.044,-0.014,-0.029,0.000,12,E,0,,,,1114789,177.92,0
1950,4486.315,"Mount",-0.165,-0.057,0.025,0.172,-0.010,0.062,4,E,27,S,,,1152298,163.74,0
1951,4488.814,"Mount",-0.191,0.112,0.187,0.117,0.141,0.045,58,W,19,S,,,1124074,180.30,0
1952,4491.006,"Mount",-0.135,0.217,0.255,0.020,0.204,0.000,85,W,0,,,,1094126,154.34,0
1953,4493.432,"Mount",-0.073,-0.097,-0.053,0.110,0.127,0.039,53,W,17,S,,,1143890,153.05,0
1954,4495.661,"Mount",-0.111,-0.061,-0.003,0.126,0.145,0.047,60,W,20,S,,,1149088,147.94,0
1955,4498.232,"Mount",0.029,0.184,0.150,-0.111,0.238,-0.038,99,W,16,N,,,1142710,143.78,0
1956,4500.552,"Mount",-0.170,0.324,0.366,0.002,0.356,0.000,148,W,0,,,,1161936,161.46,0
1957,4503.068,"Mount",-0.117,-0.081,-0.018,0.142,0.197,0.051,82,W,22,S,,,1068913,163.10,0
1958,4505.350,"Mount",-0.185,-0.088,0.007,0.205,0.188,0.076,78,W,32,S,,,1118765,157.53,0
1959,4507.711,"Mount",0.110,-0.125,-0.162,-0.040,0.122,0.000,51,W,0,,,,1174675,170.16,0
1960,4510.009,"Mount",-0.054,0.268,0.262,-0.076,0.302,-0.027,125,W,12,N,,,1150353,160.47,0
1961,4512.407,"Mount",-0.075,-0.057,-0.016,0.093,0.171,0.032,71,W,14,S,,,1094760,176.18,0
1962,4514.599,"Mount",-0.120,0.002,0.057,0.106,0.133,0.039,55,W,17,S,,,1145162,151.61,0
1963,4516.981,"Mount",0.057,-0.004,-0.030,-0.048,0.122,0.000,51,W,0,,,,1108996,157.21,0
1964,4519.248,"Mount",0.051,0.051,0.021,-0.069,0.097,-0.025,40,W,11,N,,,1138064,158.61,0
1965,4521.579,"Mount",0.016,0.035,0.023,-0.030,0.077,0.000,32,W,0,,,,1178332,153.63,0
1966,4523.660,"Mount",0.003,0.070,0.061,-0.035,0.092,0.000,38,W,0,,,,1182810,161.47,0
1967,4526.097,"Mount",0.156,-0.056,-0.121,-0.113,0.010,-0.041,4,W,17,N,,,1148100,173.59,0
1968,4528.285,"Mount",0.197,0.035,-0.060,-0.191,0.048,-0.071,20,W,30,N,,,1224829,175.04,0
1969,4530.680,"Mount",-0.005,-0.162,-0.141,0.079,-0.032,0.026,13,E,11,S,,,1123412,184.57,0
1970,4532.759,"Mount",0.062,-0.122,-0.137,0.001,-0.052,0.000,22,E,0,,,,1104845,187.40,0
1971,4535.205,"Mount",0.201,-0.018,-0.108,-0.170,-0.049,-0.061,20,E,26,N,,,1088898,172.22,0
1972,4537.329,"Mount",-0.075,0.137,0.156,0.003,0.058,0.000,24,W,0,,,,1126116,159.36,0
1973,4539.662,"Mount",0.171,0.049,-0.035,-0.174,0.001,-0.063,0,,27,N,,,1125758,152.69,0
1974,4541.840,"Mount",0.054,0.039,0.010,-0.066,0.017,-0.026,7,W,11,N,,,1099058,154.20,0
1975,4544.263,"Mount",0.141,0.062,-0.010,-0.154,0.094,-0.056,39,W,24,N,,,1144889,152.80,0
1976,4546.408,"Mount",-0.070,0.035,0.063,0.046,0.141,0.000,58,W,0,,,,1092297,149.05,0
1977,4548.808,"Mount",0.068,0.095,0.053,-0.104,0.049,-0.037,20,W,16,N,,,1084572,145.27,0
1978,4550.933,"Mount",-0.083,-0.096,-0.047,0.119,0.015,0.041,6,W,18,S,,,1118848,154.64,0
1979,4553.326,"Mount",-0.159,0.248,0.294,0.027,0.217,0.000,90,W,0,,,,1175522,169.28,0
1980,4555.518,"Mount",-0.187,0.262,0.318,0.045,0.298,0.000,123,W,0,,,,1102726,140.82,0
1981,4558.038,"Mount",-0.256,0.067,0.178,0.196,0.280,0.071,116,W,30,S,,,1119550,166.35,0
1982,4560.325,"Mount",-0.223,0.256,0.329,0.079,0.373,0.031,155,W,13,S,,,1154351,167.84,0
1983,4562.832,"Mount",-0.183,0.296,0.347,0.026,0.426,0.000,177,W,0,,,,1156106,147.45,0
1984,4565.131,"Mount",-0.239,0.437,0.498,0.010,0.503,0.000,208,W,0,,,,1098819,142.71,0
1985,4567.737,"Mount",-0.152,-0.066,0.012,0.165,0.302,0.060,125,W,25,S,,,1158915,156.07,0
1986,4570.032,"Mount",-0.151,-0.074,0.004,0.168,0.297,0.063,123,W,27,S,,,1106023,161.20,0
1987,4572.487,"Mount",0.133,0.042,-0.023,-0.137,0.290,-0.047,120,W,20,N,,,1126762,151.56,0
1988,4574.701,"Mount",-0.063,0.018,0.045,0.048,0.258,0.000,107,W,0,,,,1107685,153.87,0
1989,4577.158,"Mount",0.011,0.127,0.108,-0.068,0.263,-0.024,109,W,10,N,,,1088038,150.85,0
1990,4579.341,"Mount",0.008,0.048,0.039,-0.030,0.153,0.000,64,W,0,,,,1193945,163.09,0
1991,4581.722,"Mount",-0.042,0.157,0.159,-0.035,0.207,0.000,86,W,0,,,,1081589,140.96,0
1992,4583.844,"Mount",-0.071,0.037,0.066,0.046,0.125,0.000,52,W,0,,,,1092344,143.59,0
1993,4586.249,"Mount",0.077,0.063,0.020,-0.097,0.072,-0.035,30,W,15,N,,,1141489,153.63,0
1994,4588.388,"Mount",0.075,0.057,0.016,-0.093,0.043,-0.035,18,W,15,N,,,1180205,164.83,0
1995,4590.689,"Mount",0.014,0.068,0.054,-0.044,0.026,0.000,11,W,0,,,,1093044,152.16,0
1996,4592.842,"Mount",-0.063,-0.087,-0.048,0.097,0.006,0.035,3,W,15,S,,,1112982,154.05,0
1997,4595.199,"Mount",-0.055,0.112,0.125,-0.003,0.068,0.000,28,W,0,,,,1139389,158.74,0
1998,4597.281,"Mount",-0.063,0.005,0.033,0.053,-0.002,0.000,1,E,0,,,,1180379,150.18,0
1999,4599.667,"Mount",-0.014,-0.122,-0.102,0.069,-0.056,0.025,23,E,11,S,,,1098921,152.35,0
2000,4601.840,"Mount",-0.082,-0.063,-0.018,0.102,-0.017,0.038,7,E,16,S,,,1101690,157.27,0
2001,4604.174,"Mount",-0.026,0.091,0.092,-0.019,-0.007,0.000,3,E,0,,,,1105363,160.43,0
2002,4606.224,"Mount",-0.024,0.056,0.060,-0.004,-0.024,0.000,10,E,0,,,,1113446,146.31,0
2003,4608.551,"Mount",-0.007,-0.037,-0.030,0.024,-0.042,0.000,17,E,0,,,,1101242,150.49,0
2004,4610.674,"Mount",0.091,-0.045,-0.081,-0.060,-0.065,0.000,27,E,0,,,,1128747,138.50,0
2005,4613.080,"Mount",0.146,-0.017,-0.082,-0.122,-0.056,-0.044,23,E,19,N,,,1162174,166.27,0
2006,4615.263,"Mount",-0.053,0.097,0.110,0.002,0.043,0.000,18,W,0,,,,1144679,151.90,0
2007,4617.679,"Mount",0.035,0.096,0.069,-0.075,0.043,-0.027,18,W,12,N,,,1080942,162.96,0
2008,4619.890,"Mount",0.001,0.165,0.146,-0.077,0.085,-0.029,35,W,12,N,,,1151528,169.86,0
2009,4622.237,"Mount",-0.032,0.094,0.098,-0.015,0.066,0.000,28,W,0,,,,1172240,163.45,0
2010,4624.366,"Mount",-0.070,0.125,0.143,0.005,0.084,0.000,35,W,0,,,,1225751,196.35,0
2011,4626.785,"Mount",-0.104,0.024,0.069,0.082,0.054,0.029,22,W,13,S,,,1154888,162.36,0
2012,4628.914,"Mount",-0.019,0.067,0.068,-0.014,0.045,0.000,18,W,0,,,,1087231,153.03,0
2013,4631.215,"Mount",0.103,-0.093,-0.130,-0.048,-0.039,0.000,16,E,0,,,,1136863,160.36,0
2014,4633.372,"Mount",0.111,0.003,-0.048,-0.100,0.025,-0.036,10,W,15,N,,,1134568,176.00,0
2015,4635.666,"Mount",-0.033,-0.066,-0.044,0.060,0.023,0.000,9,W,0,,,,1091983,152.96,0
2016,4637.874,"Mount",0.212,-0.178,-0.256,-0.106,-0.103,-0.038,43,E,16,N,,,1184421,165.42,0
2017,4640.198,"Mount",-0.094,0.122,0.151,0.027,0.060,0.000,25,W,0,,,,1090872,148.93,0
2018,4642.275,"Mount",-0.053,0.021,0.043,0.037,-0.017,0.000,7,E,0,,,,1098725,168.60,0
2019,4644.656,"Mount",-0.048,-0.073,-0.043,0.076,-0.022,0.027,9,E,12,S,,,1082113,162.69,0
2020,4646.761,"Mount",0.052,-0.068,-0.084,-0.015,-0.059,0.000,24,E,0,,,,1165395,155.18,0
2021,4649.110,"Mount",0.008,-0.116,-0.107,0.046,-0.090,0.000,37,E,0,,,,1188393,160.48,0
2022,4651.255,"Mount",-0.027,-0.132,-0.104,0.085,-0.097,0.031,40,E,13,S,,,1166707,173.49,0
2023,4653.633,"Mount",0.008,-0.092,-0.085,0.035,-0.081,0.000,34,E,0,,,,1124775,173.30,0
2024,4655.740,"Mount",0.006,-0.096,-0.088,0.039,-0.070,0.000,29,E,0,,,,1151827,136.12,0
2025,4658.166,"Mount",0.065,-0.092,-0.112,-0.016,-0.074,0.000,31,E,0,,,,1046169,140.53,0
2026,4660.235,"Mount",0.032,0.067,0.045,-0.060,-0.015,0.000,6,E,0,,,,1036261,141.88,0
2027,4662.575,"Mount",0.068,-0.031,-0.059,-0.046,-0.009,0.000,4,E,0,,,,1194433,150.00,0
2028,4664.740,"Mount",0.055,0.046,0.016,-0.071,0.002,-0.025,1,W,11,N,,,1127096,149.49,0
2029,4667.060,"Mount",0.002,-0.002,-0.003,-0.001,0.022,0.000,9,W,0,,,,1192009,164.12,0
2030,4669.265,"Mount",-0.018,0.172,0.161,-0.064,0.109,-0.023,45,W,10,N,,,1163080,136.13,0
2031,4671.604,"Mount",0.027,0.066,0.046,-0.055,0.052,0.000,22,W,0,,,,1163231,139.61,0
2032,4673.782,"Mount",-0.097,-0.044,0.005,0.107,0.051,0.038,21,W,16,S,,,1123548,149.12,0
2033,4676.109,"Mount",-0.016,-0.085,-0.068,0.053,0.024,0.000,10,W,0,,,,1135967,162.08,0
2034,4678.240,"Mount",-0.052,0.151,0.158,-0.024,0.123,0.000,51,W,0,,,,1154664,159.96,0
2035,4680.570,"Mount",0.010,-0.097,-0.091,0.036,0.010,0.000,4,W,0,,,,1143312,176.61,0
2036,4682.662,"Mount",0.041,-0.088,-0.097,0.004,-0.015,0.000,6,E,0,,,,1168976,158.75,0
2037,4685.005,"Mount",0.138,-0.213,-0.253,-0.024,-0.103,0.000,43,E,0,,,,1156461,154.84,0
2038,4687.152,"Mount",0.053,-0.189,-0.192,0.041,-0.091,0.000,38,E,0,,,,1210578,146.84,0
2039,4689.598,"Mount",-0.054,-0.153,-0.111,0.119,-0.076,0.043,32,E,18,S,,,1169699,144.74,0
2040,4691.804,"Mount",-0.040,-0.162,-0.125,0.110,-0.106,0.041,44,E,18,S,,,1212706,158.68,0
2041,4694.169,"Mount",0.065,-0.223,-0.228,0.045,-0.173,0.000,72,E,0,,,,1118024,177.44,0
2042,4696.356,"Mount",-0.012,-0.172,-0.147,0.090,-0.146,0.032,60,E,14,S,,,1129222,166.25,0
2043,4698.750,"Mount",0.046,-0.167,-0.169,0.036,-0.198,0.000,82,E,0,,,,1143793,171.20,0
2044,4700.947,"Mount",0.115,-0.165,-0.200,-0.026,-0.228,0.000,94,E,0,,,,1136707,166.32,0
2045,4703.325,"Mount",0.026,-0.107,-0.107,0.026,-0.205,0.000,85,E,0,,,,1139925,166.98,0
2046,4705.501,"Mount",0.047,-0.056,-0.071,-0.016,-0.195,0.000,81,E,0,,,,1119652,166.30,0
2047,4707.922,"Mount",0.110,-0.111,-0.150,-0.046,-0.241,0.000,100,E,0,,,,1090478,155.60,0
2048,4710.060,"Mount",0.108,-0.111,-0.148,-0.045,-0.240,0.000,100,E,0,,,,1116364,149.31,0
2049,4712.498,"Mount",-0.104,0.015,0.061,0.085,-0.154,0.031,64,E,13,S,,,1108837,178.05,0
2050,4714.670,"Mount",-0.002,0.093,0.083,-0.041,-0.129,0.000,54,E,0,,,,1088856,171.56,0
2051,4717.084,"Mount",-0.053,0.123,0.134,-0.009,-0.096,0.000,40,E,0,,,,1073373,147.87,0
2052,4719.227,"Mount",-0.032,0.072,0.079,-0.005,-0.094,0.000,39,E,0,,,,1113605,166.20,0
2053,4721.691,"Mount",-0.086,-0.040,0.004,0.095,-0.105,0.034,43,E,15,S,,,1136460,169.39,0
2054,4723.850,"Mount",-0.119,0.057,0.105,0.079,-0.019,0.030,8,E,13,S,,,1110366,136.00,0
2055,4726.223,"Mount",-0.215,0.077,0.168,0.155,0.025,0.057,10,W,24,S,,,1088716,163.93,0
2056,4728.291,"Mount",-0.079,0.220,0.231,-0.032,0.063,0.000,26,W,0,,,,1155529,176.68,0
2057,4730.607,"Mount",-0.008,0.145,0.132,-0.060,0.021,0.000,9,W,0,,,,1126153,144.35,0
2058,4732.778,"Mount",0.145,0.107,0.028,-0.178,-0.035,-0.064,15,E,27,N,,,1159027,159.47,0
2059,4735.209,"Mount",0.189,-0.025,-0.109,-0.156,-0.098,-0.059,41,E,25,N,,,1107575,141.93,0
2060,4737.468,"Mount",0.293,-0.095,-0.220,-0.216,-0.160,-0.080,66,E,34,N,,,1081924,182.89,0
2061,4739.870,"Mount",0.040,-0.175,-0.174,0.045,-0.142,0.000,59,E,0,,,,1156868,175.95,0
2062,4742.048,"Mount",0.087,-0.204,-0.221,0.017,-0.177,0.000,74,E,0,,,,1145556,161.56,0
2063,4744.455,"Mount",-0.013,-0.105,-0.087,0.060,-0.136,0.022,56,E,9,S,,,1146996,173.77,0
2064,4746.595,"Mount",-0.026,-0.019,-0.005,0.032,-0.116,0.000,48,E,0,,,,1148709,174.01,0
2065,4749.129,"Mount",-0.037,-0.122,-0.091,0.089,-0.175,0.032,72,E,14,S,,,1091981,156.49,0
2066,4751.294,"Mount",0.087,-0.117,-0.144,-0.023,-0.210,0.000,87,E,0,,,,1095022,149.85,0
2067,4753.700,"Mount",0.041,-0.177,-0.176,0.046,-0.245,0.000,102,E,0,,,,1164797,150.42,0
2068,4755.898,"Mount",0.011,-0.139,-0.128,0.054,-0.241,0.000,100,E,0,,,,1111274,148.70,0
2069,4758.258,"Mount",0.005,-0.046,-0.043,0.016,-0.210,0.000,87,E,0,,,,1148402,153.69,0
2070,4760.386,"Mount",0.038,-0.013,-0.029,-0.028,-0.215,0.000,89,E,0,,,,1092003,140.80,0
2071,4762.823,"Mount",0.065,-0.072,-0.094,-0.024,-0.288,0.000,119,E,0,,,,1233767,158.49,0
2072,4767.228,"Mount",0.091,-0.225,-0.241,0.023,-0.491,0.000,204,E,0,,,,1148355,157.77,0
2073,4769.502,"Mount",0.015,-0.145,-0.136,0.053,-0.366,0.000,152,E,0,,,,1169521,135.68,0
2074,4771.967,"Mount",0.043,-0.097,-0.106,0.007,-0.375,0.000,155,E,0,,,,1186378,179.62,0
2075,4774.609,"Mount",-1.794,2.932,3.429,0.237,1.232,0.085,511,W,37,S,,,1070143,131.28,0
2076,4777.341,"Mount",0.279,-1.031,-1.043,0.228,-0.806,0.086,334,E,37,S,,,1142235,152.18,0
2077,4779.732,"Mount",0.254,-0.584,-0.635,0.044,-0.567,0.000,235,E,0,,,,1204358,177.65,0
2078,4782.152,"Mount",0.020,0.038,0.024,-0.035,-0.216,0.000,90,E,0,,,,1125796,164.30,0
2079,4784.289,"Mount",0.047,-0.000,-0.022,-0.042,-0.159,0.000,66,E,0,,,,1151355,143.76,0
2080,4786.647,"Mount",-0.042,0.062,0.074,0.009,-0.145,0.000,60,E,0,,,,1146943,184.05,0
2081,4788.862,"Mount",0.099,0.065,0.012,-0.117,-0.158,-0.042,66,E,18,N,,,1117730,161.33,0
2082,4791.378,"Mount",0.220,-0.257,-0.329,-0.077,-0.289,-0.029,120,E,13,N,,,1184486,169.13,0
2083,4793.572,"Mount",0.065,-0.254,-0.255,0.060,-0.231,0.000,96,E,0,,,,1183489,167.81,0
2084,4795.981,"Mount",0.062,-0.136,-0.149,0.008,-0.178,0.000,74,E,0,,,,1097089,181.02,0
2085,4798.255,"Mount",0.019,-0.196,-0.183,0.073,-0.179,0.026,74,E,11,S,,,1160193,167.11,0
2086,4800.645,"Mount",-0.069,-0.043,-0.007,0.081,-0.078,0.030,33,E,13,S,,,1149799,163.77,0
2087,4802.704,"Mount",-0.038,0.036,0.050,0.017,-0.055,0.000,23,E,0,,,,1107803,144.69,0
2088,4805.052,"Mount",-0.134,0.078,0.130,0.083,0.023,0.030,10,W,13,S,,,1137799,153.84,0
2089,4807.117,"Mount",-0.054,0.143,0.151,-0.018,0.058,0.000,24,W,0,,,,1122708,159.07,0
2090,4809.421,"Mount",0.050,-0.067,-0.082,-0.014,-0.039,0.000,16,E,0,,,,1105682,154.26,0
2091,4811.615,"Mount",0.002,-0.138,-0.123,0.062,-0.054,0.022,22,E,10,S,,,1096506,151.67,0
2092,4813.916,"Mount",-0.007,-0.097,-0.083,0.051,-0.038,0.000,16,E,0,,,,1157278,150.24,0
2093,4816.128,"Mount",-0.016,-0.165,-0.139,0.091,-0.076,0.033,32,E,14,S,,,1055549,156.36,0
2094,4818.554,"Mount",-0.115,-0.090,-0.027,0.144,-0.013,0.053,5,E,23,S,,,1063151,167.60,0
2095,4820.774,"Mount",-0.122,-0.088,-0.022,0.149,-0.011,0.056,5,E,24,S,,,1108621,177.40,0
2096,4823.148,"Mount",-0.062,-0.057,-0.022,0.081,-0.002,0.032,1,E,13,S,,,1083861,148.39,0
2097,4825.278,"Mount",-0.002,0.071,0.064,-0.031,0.081,0.000,33,W,0,,,,1126063,155.93,0
2098,4827.658,"Mount",0.026,0.023,0.009,-0.034,0.063,0.000,26,W,0,,,,1116852,138.60,0
2099,4829.787,"Mount",0.086,-0.109,-0.136,-0.026,-0.038,0.000,16,E,0,,,,1118119,153.57,0
2100,4832.143,"Mount",0.043,0.002,-0.018,-0.039,-0.005,0.000,2,E,0,,,,1150470,161.67,0
2101,4834.244,"Mount",-0.102,0.096,0.132,0.046,0.072,0.000,30,W,0,,,,1171539,154.08,0
2102,4836.686,"Mount",-0.157,0.167,0.221,0.062,0.170,0.022,71,W,10,S,,,1127994,167.50,0
2103,4838.921,"Mount",-0.035,0.212,0.204,-0.066,0.186,-0.023,77,W,10,N,,,1189471,152.28,0
2104,4841.437,"Mount",-0.111,0.068,0.112,0.067,0.176,0.023,73,W,10,S,,,1181310,172.20,0
2105,4843.708,"Mount",-0.264,-0.022,0.102,0.245,0.190,0.089,79,W,38,S,,,1118414,158.73,0
2106,4846.205,"Mount",-0.153,-0.008,0.063,0.139,0.190,0.054,79,W,23,S,,,1110093,143.29,0
2107,4848.412,"Mount",-0.214,-0.024,0.077,0.201,0.211,0.074,87,W,32,S,,,1127167,161.34,0
2108,4850.922,"Mount",0.110,0.099,0.037,-0.143,0.188,-0.048,78,W,21,N,,,1097156,149.39,0
2109,4853.087,"Mount",0.096,-0.072,-0.108,-0.052,0.138,0.000,57,W,0,,,,1137733,145.29,0
2110,4855.459,"Mount",0.127,-0.086,-0.135,-0.073,0.138,-0.026,57,W,11,N,,,1159943,139.18,0
2111,4857.715,"Mount",-0.064,-0.067,-0.030,0.088,0.186,0.031,77,W,13,S,,,1125639,154.98,0
2112,4860.222,"Mount",0.031,0.084,0.060,-0.066,0.208,-0.023,86,W,10,N,,,1146522,142.62,0
2113,4862.417,"Mount",0.047,0.062,0.033,-0.070,0.145,-0.026,60,W,11,N,,,1161861,153.84,0
2114,4864.893,"Mount",0.103,0.052,-0.001,-0.115,0.135,-0.043,56,W,18,N,,,1224769,155.04,0
2115,4867.115,"Mount",0.140,0.013,-0.053,-0.130,0.097,-0.049,40,W,21,N,,,1168435,136.77,0
2116,4869.535,"Mount",0.201,0.030,-0.066,-0.193,0.047,-0.071,19,W,30,N,,,1179095,148.16,0
2117,4871.628,"Mount",0.048,-0.151,-0.156,0.027,-0.006,0.000,3,E,0,,,,1165587,150.86,0
2118,4874.064,"Mount",0.167,0.004,-0.073,-0.150,0.025,-0.054,10,W,23,N,,,1204736,175.75,0
2119,4876.221,"Mount",0.158,-0.052,-0.119,-0.116,-0.016,-0.044,7,E,19,N,,,1158150,156.49,0
2120,4878.550,"Mount",0.079,-0.023,-0.057,-0.059,0.015,0.000,6,W,0,,,,1179838,160.80,0
2121,4880.660,"Mount",0.008,0.014,0.008,-0.014,0.007,0.000,3,W,0,,,,1178537,140.45,0
2122,4882.968,"Mount",0.026,0.030,0.015,-0.037,-0.004,0.000,2,E,0,,,,1160726,150.82,0
2123,4885.142,"Mount",0.092,0.073,0.022,-0.115,-0.009,-0.042,4,E,18,N,,,1138737,135.80,0
2124,4887.464,"Mount",-0.130,-0.019,0.043,0.124,0.000,0.043,0,,18,S,,,1181611,146.17,0
2125,4889.656,"Mount",-0.083,-0.074,-0.027,0.108,0.027,0.040,11,W,17,S,,,1128345,152.82,0
2126,4892.094,"Mount",-0.057,-0.037,-0.007,0.068,0.088,0.026,37,W,11,S,,,1201951,148.11,0
2127,4894.312,"Mount",0.136,0.046,-0.022,-0.142,0.122,-0.050,51,W,21,N,,,1219253,171.52,0
2128,4896.691,"Mount",-0.098,-0.025,0.023,0.099,0.062,0.033,26,W,14,S,,,1143548,151.28,0
2129,4898.804,"Mount",-0.039,0.051,0.063,0.011,0.052,0.000,21,W,0,,,,1139234,138.82,0
2130,4901.180,"Mount",-0.175,0.233,0.287,0.048,0.222,0.000,92,W,0,,,,1209357,173.83,0
2131,4903.398,"Mount",-0.231,0.392,0.455,0.024,0.366,0.000,152,W,0,,,,1167975,164.12,0
2132,4905.881,"Mount",-0.157,0.025,0.095,0.128,0.245,0.046,102,W,20,S,,,1137688,161.47,0
2133,4908.215,"Mount",-0.141,0.403,0.422,-0.061,0.421,-0.020,175,W,9,N,,,1112271,147.63,0
2134,4910.839,"Mount",-0.241,0.330,0.404,0.062,0.449,0.021,186,W,9,S,,,1183025,182.32,0
2135,4913.100,"Mount",-0.125,0.114,0.158,0.058,0.347,0.000,144,W,0,,,,1177804,167.87,0
2136,4915.595,"Mount",-0.151,0.042,0.107,0.115,0.339,0.041,141,W,18,S,,,1182494,144.26,0
2137,4917.813,"Mount",-0.112,-0.011,0.042,0.104,0.286,0.039,119,W,17,S,,,1137465,159.79,0
2138,4920.314,"Mount",0.089,0.072,0.023,-0.112,0.278,-0.039,115,W,17,N,,,1151779,163.95,0
2139,4922.562,"Mount",0.077,0.015,-0.022,-0.075,0.265,-0.029,110,W,12,N,,,1143863,145.39,0
2140,4924.971,"Mount",0.056,-0.043,-0.064,-0.030,0.200,0.000,83,W,0,,,,1139986,150.30,0
2141,4927.206,"Mount",-0.130,-0.098,-0.027,0.160,0.161,0.058,67,W,25,S,,,1168180,159.52,0
2142,4929.738,"Mount",0.104,0.132,0.070,-0.154,0.175,-0.053,72,W,23,N,,,1150349,163.08,0
2143,4931.942,"Mount",-0.072,-0.104,-0.059,0.112,0.111,0.038,46,W,16,S,,,1170773,147.47,0
2144,4934.314,"Mount",0.219,0.022,-0.081,-0.204,0.046,-0.072,19,W,31,N,,,1148434,198.97,0
2145,4936.458,"Mount",-0.014,0.073,0.071,-0.021,0.084,0.000,35,W,0,,,,1196771,155.53,0
2146,4938.814,"Mount",0.149,-0.019,-0.086,-0.124,-0.011,-0.044,5,E,19,N,,,1160011,168.62,0
2147,4940.992,"Mount",0.190,-0.093,-0.170,-0.125,-0.069,-0.047,29,E,20,N,,,1173821,159.33,0
2148,4943.430,"Mount",0.265,-0.014,-0.134,-0.229,-0.046,-0.084,19,E,36,N,,,1124141,151.16,0
2149,4945.636,"Mount",0.164,-0.122,-0.184,-0.089,-0.088,-0.035,36,E,15,N,,,1190621,140.19,0
2150,4948.054,"Mount",0.134,-0.113,-0.162,-0.067,-0.104,-0.026,43,E,11,N,,,1194141,169.30,0
2151,4950.287,"Mount",0.297,-0.136,-0.258,-0.201,-0.146,-0.073,60,E,31,N,,,1252162,163.72,0
2152,4952.698,"Mount",0.101,0.050,-0.002,-0.113,-0.046,-0.044,19,E,19,N,,,1166411,152.99,0
2153,4954.882,"Mount",0.203,0.055,-0.044,-0.205,-0.043,-0.076,18,E,32,N,,,1102007,144.33,0
2154,4957.334,"Mount",-0.070,-0.047,-0.009,0.084,-0.039,0.027,16,E,12,S,,,1183198,160.56,0
2155,4959.522,"Mount",-0.017,-0.001,0.007,0.015,-0.025,0.000,10,E,0,,,,1184213,171.51,0
2156,4961.808,"Mount",-0.013,-0.046,-0.035,0.033,-0.013,0.000,5,E,0,,,,1163773,167.54,0
2157,4963.903,"Mount",-0.067,0.116,0.134,0.005,0.059,0.000,25,W,0,,,,1099158,152.51,0
2158,4966.201,"Mount",0.017,0.041,0.028,-0.034,0.022,0.000,9,W,0,,,,1141935,161.18,0
2159,4968.313,"Mount",-0.008,-0.062,-0.051,0.036,0.024,0.000,10,W,0,,,,1115247,142.90,0
2160,4970.616,"Mount",0.016,0.073,0.058,-0.048,0.021,0.000,9,W,0,,,,1263089,151.99,0
2161,4972.731,"Mount",0.029,0.070,0.049,-0.058,0.018,0.000,7,W,0,,,,1157406,142.85,0
2162,4975.022,"Mount",0.021,0.048,0.033,-0.040,0.019,0.000,8,W,0,,,,1184051,139.19,0
2163,4977.154,"Mount",0.097,-0.088,-0.123,-0.046,-0.044,0.000,18,E,0,,,,1183962,146.41,0
2164,4979.502,"Mount",-0.135,0.187,0.228,0.033,0.113,0.000,47,W,0,,,,1154323,142.32,0
2165,4981.596,"Mount",-0.042,0.029,0.045,0.024,0.017,0.000,7,W,0,,,,1198052,188.35,0
2166,4983.865,"Mount",0.083,-0.066,-0.097,-0.043,-0.021,0.000,9,E,0,,,,1221644,148.54,0
2167,4986.005,"Mount",0.053,-0.144,-0.153,0.019,-0.055,0.000,23,E,0,,,,1187733,161.93,0
2168,4988.317,"Mount",0.104,-0.087,-0.125,-0.052,-0.063,0.000,26,E,0,,,,1199039,163.36,0
2169,4990.463,"Mount",0.069,-0.076,-0.099,-0.026,-0.054,0.000,23,E,0,,,,1174191,151.84,0
2170,4992.735,"Mount",0.031,-0.011,-0.024,-0.022,-0.024,0.000,10,E,0,,,,1135419,148.21,0
2171,4994.846,"Mount",-0.015,-0.040,-0.029,0.031,-0.031,0.000,13,E,0,,,,1152326,152.62,0
2172,4997.170,"Mount",0.027,0.079,0.057,-0.060,-0.051,-0.022,21,E,9,N,,,1181759,153.80,0
2173,4999.377,"Mount",-0.133,-0.098,-0.025,0.163,-0.053,0.058,22,E,25,S,,,1143039,140.47,0
2174,5001.677,"Mount",-0.010,0.143,0.132,-0.057,0.014,0.000,6,W,0,,,,1181257,149.29,0
2175,5003.824,"Mount",0.017,0.121,0.100,-0.071,0.011,-0.026,5,W,11,N,,,1202922,166.90,0
2176,5006.173,"Mount",0.086,0.032,-0.011,-0.091,-0.022,-0.034,9,E,14,N,,,1202582,144.72,0
2177,5008.269,"Mount",0.088,-0.108,-0.136,-0.028,-0.072,0.000,30,E,0,,,,1191740,163.44,0
2178,5010.617,"Mount",-0.042,0.163,0.163,-0.038,0.074,0.000,31,W,0,,,,1182569,151.73,0
2179,5012.772,"Mount",-0.133,0.083,0.135,0.080,0.069,0.029,29,W,12,S,,,1170005,147.38,0
2180,5015.191,"Mount",-0.216,0.019,0.116,0.182,0.077,0.067,32,W,29,S,,,1151962,156.99,0
2181,5017.344,"Mount",-0.079,0.061,0.091,0.042,0.080,0.000,33,W,0,,,,1198990,151.76,0
2182,5019.734,"Mount",-0.136,0.165,0.209,0.045,0.145,0.000,60,W,0,,,,1141444,165.14,0
2183,5021.924,"Mount",-0.151,0.120,0.176,0.079,0.127,0.028,53,W,12,S,,,1149602,134.81,0
2184,5024.304,"Mount",-0.187,0.114,0.187,0.114,0.135,0.042,56,W,18,S,,,1169530,139.66,0
2185,5026.429,"Mount",-0.050,0.095,0.107,0.000,0.098,0.000,41,W,0,,,,1147382,140.43,0
2186,5028.846,"Mount",0.054,0.039,0.010,-0.066,0.045,-0.024,19,W,10,N,,,1210360,140.56,0
2187,5030.953,"Mount",0.040,0.002,-0.017,-0.037,0.020,0.000,8,W,0,,,,1156392,153.31,0
2188,5033.262,"Mount",0.036,-0.128,-0.130,0.028,-0.053,0.000,22,E,0,,,,1285849,160.49,0
2189,5035.509,"Mount",0.258,-0.199,-0.295,-0.137,-0.141,-0.049,58,E,21,N,,,1212443,164.52,0
2190,5037.880,"Mount",0.178,-0.246,-0.300,-0.044,-0.164,0.000,68,E,0,,,,1200432,174.12,0
2191,5040.041,"Mount",0.121,-0.148,-0.187,-0.039,-0.135,0.000,56,E,0,,,,1225081,167.07,0
2192,5042.395,"Mount",0.094,-0.217,-0.236,0.017,-0.188,0.000,78,E,0,,,,1143567,146.85,0
2193,5044.609,"Mount",0.125,-0.141,-0.182,-0.046,-0.177,0.000,73,E,0,,,,1220488,159.32,0
2194,5046.970,"Mount",0.035,-0.091,-0.097,0.011,-0.175,0.000,72,E,0,,,,1176030,152.55,0
2195,5049.099,"Mount",0.037,-0.006,-0.022,-0.030,-0.147,0.000,61,E,0,,,,1167993,165.42,0
2196,5051.550,"Mount",0.120,-0.059,-0.108,-0.079,-0.202,-0.029,84,E,12,N,,,1211707,146.65,0
2197,5053.728,"Mount",-0.002,-0.030,-0.026,0.016,-0.157,0.000,65,E,0,,,,1215419,166.60,0
2198,5056.120,"Mount",-0.019,0.051,0.054,-0.007,-0.165,0.000,69,E,0,,,,1154784,145.39,0
2199,5058.228,"Mount",-0.036,0.104,0.109,-0.016,-0.122,0.000,51,E,0,,,,1166078,133.31,0
2200,5060.657,"Mount",-0.028,-0.003,0.010,0.026,-0.183,0.000,76,E,0,,,,1188468,138.26,0
2201,5062.821,"Mount",-0.044,-0.030,-0.007,0.053,-0.167,0.000,69,E,0,,,,1201248,157.98,0
2202,5065.172,"Mount",-0.075,0.193,0.206,-0.023,-0.066,0.000,27,E,0,,,,1200276,165.23,0
2203,5067.327,"Mount",-0.205,0.142,0.220,0.117,-0.024,0.042,10,E,18,S,,,1240527,154.53,0
2204,5069.638,"Mount",-0.135,0.169,0.212,0.041,-0.004,0.000,2,E,0,,,,1166257,159.16,0
2205,5071.750,"Mount",-0.145,0.158,0.207,0.056,0.037,0.000,15,W,0,,,,1210844,155.62,0
2206,5074.085,"Mount",-0.051,0.139,0.147,-0.018,0.029,0.000,12,W,0,,,,1168542,153.61,0
2207,5076.211,"Mount",-0.207,0.009,0.103,0.179,0.013,0.065,6,W,28,S,,,1159697,161.73,0
2208,5078.617,"Mount",-0.163,0.154,0.211,0.073,0.060,0.029,25,W,12,S,,,1245476,162.57,0
2209,5082.969,"Mount",0.092,-0.128,-0.156,-0.023,-0.132,0.000,55,E,0,,,,1142138,150.42,0
2210,5085.091,"Mount",0.098,-0.099,-0.133,-0.042,-0.125,0.000,52,E,0,,,,1194173,160.88,0
2211,5087.463,"Mount",-0.083,0.015,0.052,0.067,-0.076,0.024,31,E,10,S,,,1205767,157.21,0
2212,5089.739,"Mount",-0.172,0.198,0.255,0.061,0.040,0.023,16,W,10,S,,,1205127,145.04,0
Guiding Ends at 2026-05-14 00:42:25

Guiding Begins at 2026-05-14 00:44:53
Equipment Profile = 60mmGuide
Dither = both axes, Dither scale = 1.000, Image noise reduction = none, Guide-frame time lapse = 0, Server enabled
Pixel scale = 3.22 arc-sec/px, Binning = 1, Focal length = 240 mm
Search region = 25 px, Star mass tolerance = 50.0%, Multi-star mode, list size = 12
 Camera = ZWO ASI120MM Mini, gain = 37, full size = 1280 x 960, have dark, dark dur = 2000, no defect map, pixel size = 3.8 um
Exposure = 2000 ms
Mount = iOptron CEM120,70,40,26, GEM, HEM, HAE, HAZ series and SkyHunter Mount (ASCOM), connected, guiding enabled, xAngle = 117.4, xRate = 2.410, yAngle = -152.7, yRate = 2.338, parity = +/+
Norm rates RA = 8.3"/s @ dec 0, Dec = 7.5"/s; ortho.err. = 0.1 deg
X guide algorithm = Predictive PEC, Control gain = 0.450
Prediction gain = 0.750
Minimum move = 0.060
Hyperparameters
	Length scale long range SE kernel = 700.000
	Signal variance long range SE kernel = 20.000
	Length scale periodic kernel = 10.000
	Signal variance periodic kernel = 20.000
	Length scale short range SE kernel = 25.000
	Signal variance short range SE kernel = 10.000
	Period length periodic kernel = 348.000
	FFT called after = 2.000 worm cycles
	Auto-adjust period length = Off
Y guide algorithm = Hysteresis, Hysteresis = 0.100, Aggression = 0.400, Minimum move = 0.060
Backlash comp = disabled, pulse = 100 ms
Max RA duration = 2500, Max DEC duration = 2500, DEC guide mode = Auto
RA Guide Speed = 7.5 a-s/s, Dec Guide Speed = 7.5 a-s/s, Cal Dec = 0.0, Last Cal Issue = None, Timestamp = 7/29/2025 9:33:42 PM
RA = 16.26 hr, Dec = -20.1 deg, Hour angle = -1.67 hr, Pier side = West, Rotator pos = N/A, Alt = 33.0 deg, Az = 151.7 deg
Lock position = 1141.424, 72.629, Star position = 1141.424, 72.629, HFD = 4.58 px
Frame,Time,mount,dx,dy,RARawDistance,DECRawDistance,RAGuideDistance,DECGuideDistance,RADuration,RADirection,DECDuration,DECDirection,XStep,YStep,StarMass,SNR,ErrorCode
INFO: SETTLING STATE CHANGE, Settling started
1,2.305,"Mount",-0.199,0.395,0.442,-0.006,0.199,0.000,82,W,0,,,,197930,124.91,0
2,4.714,"Mount",-0.120,0.293,0.316,-0.029,0.142,0.000,59,W,0,,,,195363,117.27,0
3,6.951,"Mount",-0.149,0.438,0.457,-0.070,0.206,-0.025,85,W,11,N,,,186837,113.42,0
4,9.315,"Mount",-0.076,0.064,0.091,0.038,0.041,0.000,17,W,0,,,,175877,99.11,0
5,11.598,"Mount",-0.164,0.588,0.598,-0.126,0.269,-0.045,112,W,19,N,,,173401,111.77,0
6,14.127,"Mount",-0.083,0.627,0.595,-0.216,0.268,-0.080,111,W,34,N,,,204024,108.70,0
7,16.474,"Mount",-0.224,0.602,0.638,-0.080,0.287,-0.032,119,W,14,N,,,185911,110.97,0
8,18.969,"Mount",-0.204,0.561,0.592,-0.078,0.266,-0.029,111,W,13,N,,,179133,107.01,0
9,21.290,"Mount",-0.059,0.738,0.683,-0.289,0.307,-0.105,127,W,45,N,,,192319,112.25,0
10,23.756,"Mount",-0.267,0.499,0.566,0.007,0.255,0.000,106,W,0,,,,181997,124.32,0
11,26.117,"Mount",-0.159,0.512,0.527,-0.096,0.511,-0.034,212,W,15,N,,,197995,117.54,0
12,28.661,"Mount",0.038,0.270,0.222,-0.158,0.387,-0.058,161,W,25,N,,,182824,105.96,0
13,30.831,"Mount",-0.067,0.025,0.053,0.048,0.280,0.000,116,W,0,,,,167602,102.09,0
14,33.316,"Mount",-0.069,-0.199,-0.145,0.153,0.190,0.055,79,W,23,S,,,171068,94.25,0
15,35.508,"Mount",0.208,-0.050,-0.141,-0.162,0.125,-0.056,52,W,24,N,,,195981,108.84,0
16,37.839,"Mount",0.149,-0.309,-0.343,0.011,0.023,0.000,9,W,0,,,,176117,91.05,0
17,40.013,"Mount",0.227,-0.139,-0.228,-0.137,0.026,-0.049,11,W,21,N,,,177507,96.12,0
18,42.383,"Mount",-0.016,-0.147,-0.123,0.082,0.041,0.028,17,W,12,S,,,182628,103.45,0
INFO: SETTLING STATE CHANGE, Settling complete
19,44.571,"Mount",0.043,-0.305,-0.290,0.103,-0.081,0.038,34,E,16,S,,,172728,99.51,0
20,46.920,"Mount",-0.020,0.089,0.088,-0.023,0.066,0.000,27,W,0,,,,189625,102.49,0
21,49.060,"Mount",0.058,0.051,0.018,-0.075,0.012,-0.027,5,W,12,N,,,180877,105.43,0
22,51.464,"Mount",0.169,-0.187,-0.244,-0.063,-0.105,-0.024,43,E,10,N,,,192234,122.82,0
23,53.580,"Mount",0.020,-0.122,-0.118,0.039,-0.063,0.000,26,E,0,,,,170376,94.78,0
24,55.936,"Mount",0.131,-0.224,-0.259,-0.013,-0.142,0.000,59,E,0,,,,180201,107.56,0
25,58.166,"Mount",0.228,-0.170,-0.256,-0.123,-0.142,-0.044,59,E,19,N,,,183728,109.35,0
26,60.617,"Mount",-0.108,-0.229,-0.154,0.201,-0.106,0.071,44,E,30,S,,,178560,108.53,0
27,62.748,"Mount",0.003,-0.083,-0.075,0.035,-0.074,0.000,31,E,0,,,,179444,108.01,0
28,65.066,"Mount",0.017,-0.124,-0.118,0.042,-0.094,0.000,39,E,0,,,,179135,98.78,0
29,67.140,"Mount",0.054,-0.036,-0.057,-0.032,-0.024,0.000,10,E,0,,,,166987,106.97,0
30,69.517,"Mount",0.088,0.005,-0.036,-0.080,-0.021,-0.029,9,E,12,N,,,173975,100.42,0
31,71.627,"Mount",0.026,-0.065,-0.070,0.007,-0.038,0.000,16,E,0,,,,181733,90.83,0
32,73.952,"Mount",-0.109,-0.018,0.034,0.105,0.021,0.038,9,W,16,S,,,183054,115.19,0
33,76.066,"Mount",0.036,0.025,0.005,-0.044,0.027,0.000,11,W,0,,,,188772,105.55,0
34,78.331,"Mount",-0.038,0.003,0.020,0.032,0.021,0.000,9,W,0,,,,192800,109.08,0
35,80.530,"Mount",-0.096,0.021,0.063,0.076,0.044,0.027,18,W,12,S,,,177819,99.58,0
36,82.802,"Mount",-0.005,0.026,0.025,-0.007,0.021,0.000,9,W,0,,,,178854,99.96,0
37,84.939,"Mount",-0.051,0.138,0.147,-0.018,0.079,0.000,33,W,0,,,,183047,98.84,0
38,87.221,"Mount",-0.002,0.055,0.050,-0.023,0.010,0.000,4,W,0,,,,189000,98.48,0
39,89.442,"Mount",-0.110,0.005,0.055,0.095,0.021,0.034,9,W,15,S,,,202692,121.85,0
40,91.737,"Mount",0.010,0.032,0.024,-0.023,0.029,0.000,12,W,0,,,,186202,108.37,0
41,93.850,"Mount",0.004,0.054,0.046,-0.028,0.019,0.000,8,W,0,,,,180145,102.53,0
42,96.222,"Mount",-0.072,-0.100,-0.055,0.109,-0.002,0.039,1,E,17,S,,,202698,123.62,0
43,98.313,"Mount",-0.025,0.128,0.125,-0.037,0.048,0.000,20,W,0,,,,186069,103.24,0
44,100.593,"Mount",-0.004,-0.002,0.000,0.005,-0.015,0.000,6,E,0,,,,175295,102.36,0
45,102.688,"Mount",0.004,0.028,0.023,-0.017,-0.020,0.000,8,E,0,,,,176626,89.89,0
46,105.053,"Mount",-0.083,-0.008,0.031,0.077,-0.044,0.028,18,E,12,S,,,185331,117.47,0
47,107.201,"Mount",-0.091,0.007,0.049,0.077,-0.047,0.029,19,E,12,S,,,202967,120.63,0
48,109.592,"Mount",0.067,0.156,0.107,-0.131,0.006,-0.046,3,W,20,N,,,186108,119.28,0
49,111.687,"Mount",0.005,0.026,0.021,-0.016,-0.034,0.000,14,E,0,,,,158687,89.25,0
50,114.074,"Mount",-0.077,-0.107,-0.059,0.117,-0.026,0.042,11,E,18,S,,,184801,106.25,0
51,116.160,"Mount",0.011,-0.073,-0.070,0.024,-0.044,0.000,18,E,0,,,,194673,107.14,0
52,118.412,"Mount",-0.021,0.017,0.024,0.011,-0.000,0.000,0,,0,,,,189858,106.12,0
53,120.508,"Mount",-0.058,0.079,0.097,0.015,0.057,0.000,23,W,0,,,,178511,101.81,0
54,122.914,"Mount",-0.108,0.013,0.062,0.090,0.050,0.032,21,W,14,S,,,178637,107.69,0
55,125.138,"Mount",-0.013,0.250,0.228,-0.104,0.145,-0.036,60,W,15,N,,,184455,99.09,0
56,127.502,"Mount",0.010,0.107,0.090,-0.058,0.095,0.000,40,W,0,,,,187585,101.08,0
57,129.614,"Mount",0.016,-0.069,-0.069,0.018,0.024,0.000,10,W,0,,,,174495,100.06,0
58,131.979,"Mount",-0.019,-0.074,-0.057,0.051,0.058,0.000,24,W,0,,,,186890,115.13,0
59,134.180,"Mount",-0.022,-0.123,-0.099,0.076,0.015,0.027,6,W,12,S,,,171326,93.63,0
60,136.584,"Mount",-0.081,-0.004,0.034,0.074,0.049,0.028,20,W,12,S,,,187432,99.66,0
61,138.704,"Mount",-0.026,-0.015,-0.001,0.030,0.027,0.000,11,W,0,,,,194133,107.45,0
62,141.031,"Mount",0.007,-0.090,-0.083,0.035,-0.031,0.000,13,E,0,,,,182595,105.50,0
63,143.133,"Mount",-0.000,0.041,0.036,-0.019,-0.005,0.000,2,E,0,,,,190507,106.11,0
64,145.623,"Mount",-0.092,-0.448,-0.355,0.288,-0.183,0.104,76,E,44,S,,,188063,116.25,0
65,147.885,"Mount",0.036,-0.289,-0.273,0.101,-0.170,0.041,71,E,17,S,,,186253,104.05,0
66,150.363,"Mount",0.019,-0.257,-0.237,0.101,-0.179,0.038,74,E,16,S,,,171494,113.19,0
67,152.588,"Mount",0.188,-0.055,-0.135,-0.142,-0.150,-0.049,62,E,21,N,,,176434,120.49,0
68,155.114,"Mount",0.337,-0.213,-0.344,-0.201,-0.288,-0.074,119,E,32,N,,,193461,122.83,0
69,157.317,"Mount",0.096,-0.234,-0.252,0.023,-0.263,0.000,109,E,0,,,,192836,111.77,0
70,159.769,"Mount",-0.258,0.002,0.121,0.228,-0.101,0.082,42,E,35,S,,,167368,94.92,0
71,161.976,"Mount",0.062,-0.247,-0.248,0.058,-0.267,0.000,111,E,0,,,,194025,120.96,0
72,164.332,"Mount",-0.045,0.006,0.026,0.037,-0.156,0.000,65,E,0,,,,183770,97.94,0
73,166.558,"Mount",-0.094,0.005,0.048,0.081,-0.160,0.029,66,E,12,S,,,185488,97.63,0
74,169.011,"Mount",0.056,-0.028,-0.050,-0.037,-0.178,0.000,74,E,0,,,,192342,119.59,0
75,171.260,"Mount",0.052,0.068,0.037,-0.078,-0.158,-0.028,66,E,12,N,,,184404,101.17,0
76,173.588,"Mount",-0.040,0.105,0.111,-0.013,-0.103,0.000,43,E,0,,,,189737,103.93,0
77,175.697,"Mount",-0.003,0.091,0.082,-0.040,-0.085,0.000,35,E,0,,,,177867,106.47,0
78,177.993,"Mount",-0.075,0.044,0.074,0.046,-0.059,0.000,24,E,0,,,,191390,106.66,0
79,180.104,"Mount",0.021,0.012,0.001,-0.024,-0.062,0.000,26,E,0,,,,198859,118.07,0
80,182.397,"Mount",0.011,0.054,0.043,-0.035,-0.044,0.000,18,E,0,,,,179864,93.59,0
81,184.504,"Mount",0.007,0.048,0.039,-0.028,-0.040,0.000,16,E,0,,,,187495,100.96,0
82,186.862,"Mount",-0.107,-0.026,0.026,0.106,-0.041,0.038,17,E,16,S,,,189639,100.26,0
83,188.936,"Mount",-0.035,0.051,0.062,0.008,-0.009,0.000,4,E,0,,,,189082,106.53,0
84,191.237,"Mount",0.006,0.062,0.052,-0.034,-0.048,0.000,20,E,0,,,,186147,100.63,0
85,193.329,"Mount",0.007,0.006,0.002,-0.009,-0.068,0.000,28,E,0,,,,173795,97.78,0
86,195.650,"Mount",-0.024,-0.026,-0.012,0.033,-0.078,0.000,32,E,0,,,,197858,116.99,0
87,197.760,"Mount",-0.016,0.062,0.062,-0.014,-0.038,0.000,16,E,0,,,,189381,106.51,0
88,200.080,"Mount",-0.025,0.038,0.045,0.004,-0.084,0.000,35,E,0,,,,196855,135.61,0
89,202.163,"Mount",-0.094,0.220,0.239,-0.019,0.010,0.000,4,W,0,,,,189935,97.71,0
90,204.575,"Mount",0.109,-0.032,-0.079,-0.082,-0.145,-0.029,60,E,13,N,,,193931,117.49,0
91,206.691,"Mount",0.009,-0.050,-0.049,0.016,-0.129,0.000,54,E,0,,,,179185,93.08,0
92,209.179,"Mount",0.252,-0.451,-0.517,-0.015,-0.393,0.000,163,E,0,,,,196970,144.82,0
93,211.354,"Mount",0.067,-0.008,-0.038,-0.056,-0.184,0.000,76,E,0,,,,186192,100.22,0
94,213.786,"Mount",0.026,-0.142,-0.138,0.043,-0.281,0.000,116,E,0,,,,185320,109.98,0
95,216.008,"Mount",0.046,-0.154,-0.158,0.030,-0.291,0.000,121,E,0,,,,179087,102.75,0
96,218.397,"Mount",0.129,-0.204,-0.240,-0.020,-0.323,0.000,134,E,0,,,,187052,97.75,0
97,220.747,"Mount",0.304,-0.308,-0.413,-0.127,-0.415,-0.046,172,E,20,N,,,199546,113.91,0
98,223.238,"Mount",0.042,-0.170,-0.170,0.041,-0.353,0.000,146,E,0,,,,190563,107.60,0
99,225.458,"Mount",-0.012,-0.083,-0.068,0.049,-0.298,0.000,124,E,0,,,,187415,97.62,0
100,227.979,"Mount",0.157,-0.041,-0.109,-0.120,-0.341,-0.043,141,E,19,N,,,202527,122.75,0
101,230.242,"Mount",0.083,-0.171,-0.190,0.005,-0.381,0.000,158,E,0,,,,184784,119.67,0
102,232.695,"Mount",0.019,-0.040,-0.044,0.002,-0.304,0.000,126,E,0,,,,201036,116.96,0
103,234.923,"Mount",0.062,-0.035,-0.060,-0.039,-0.284,0.000,118,E,0,,,,192136,100.02,0
104,237.323,"Mount",-0.016,0.115,0.110,-0.039,-0.239,0.000,99,E,0,,,,189532,119.64,0
105,239.522,"Mount",0.024,0.030,0.015,-0.035,-0.258,0.000,107,E,0,,,,189918,106.73,0
106,241.961,"Mount",-0.123,0.163,0.201,0.034,-0.147,0.000,61,E,0,,,,191719,109.44,0
107,244.204,"Mount",-0.193,0.136,0.210,0.109,-0.107,0.039,44,E,17,S,,,183135,113.87,0
108,246.585,"Mount",-0.189,0.150,0.220,0.098,-0.059,0.037,24,E,16,S,,,179536,103.92,0
109,248.725,"Mount",-0.206,0.127,0.208,0.124,-0.009,0.046,4,E,20,S,,,191497,99.43,0
110,251.133,"Mount",-0.083,-0.044,-0.001,0.094,-0.085,0.036,35,E,15,S,,,184405,96.10,0
111,253.226,"Mount",-0.048,-0.034,-0.008,0.058,-0.075,0.000,31,E,0,,,,188656,117.96,0
112,255.629,"Mount",-0.197,0.117,0.195,0.120,0.022,0.043,9,W,19,S,,,187500,107.38,0
113,257.744,"Mount",-0.103,0.184,0.211,0.007,0.040,0.000,17,W,0,,,,195622,122.29,0
114,260.105,"Mount",-0.208,0.294,0.357,0.048,0.138,0.000,57,W,0,,,,193247,110.79,0
115,262.226,"Mount",-0.119,0.135,0.174,0.043,0.060,0.000,25,W,0,,,,187597,96.72,0
116,264.554,"Mount",-0.056,0.041,0.063,0.031,0.008,0.000,3,W,0,,,,183148,108.05,0
117,266.724,"Mount",-0.053,-0.113,-0.076,0.099,-0.058,0.036,24,E,15,S,,,190251,108.80,0
118,269.044,"Mount",-0.039,-0.028,-0.007,0.048,-0.020,0.000,8,E,0,,,,191463,117.60,0
119,271.214,"Mount",-0.112,0.043,0.090,0.079,0.017,0.029,7,W,12,S,,,172425,104.89,0
120,273.552,"Mount",0.018,0.069,0.053,-0.048,-0.019,0.000,8,E,0,,,,196684,105.42,0
121,275.643,"Mount",-0.052,0.026,0.047,0.034,-0.008,0.000,3,E,0,,,,214499,142.04,0
122,277.978,"Mount",-0.027,0.046,0.053,0.002,0.001,0.000,1,W,0,,,,199643,123.94,0
123,280.113,"Mount",-0.020,0.159,0.150,-0.055,0.073,0.000,30,W,0,,,,194638,108.28,0
124,282.481,"Mount",-0.018,0.119,0.114,-0.039,0.112,0.000,47,W,0,,,,189737,122.11,0
125,284.605,"Mount",-0.008,0.041,0.040,-0.012,0.065,0.000,27,W,0,,,,192140,106.56,0
126,286.933,"Mount",0.002,-0.030,-0.027,0.012,-0.013,0.000,5,E,0,,,,187989,106.80,0
127,289.048,"Mount",0.043,0.011,-0.010,-0.043,0.001,0.000,1,W,0,,,,195861,114.18,0
128,291.538,"Mount",-0.177,0.082,0.154,0.119,0.130,0.043,54,W,18,S,,,186669,104.95,0
129,293.722,"Mount",-0.127,0.224,0.258,0.009,0.193,0.000,80,W,0,,,,194810,105.74,0
130,296.097,"Mount",-0.061,0.106,0.122,0.005,0.165,0.000,68,W,0,,,,195677,104.28,0
131,298.229,"Mount",-0.101,0.173,0.200,0.010,0.211,0.000,88,W,0,,,,202944,114.68,0
132,300.726,"Mount",-0.061,0.281,0.278,-0.076,0.275,-0.027,114,W,12,N,,,193433,110.32,0
133,302.930,"Mount",-0.107,0.241,0.264,-0.017,0.266,0.000,111,W,0,,,,199343,104.56,0
134,305.350,"Mount",-0.097,0.120,0.151,0.031,0.237,0.000,98,W,0,,,,202938,128.90,0
135,307.613,"Mount",-0.148,0.138,0.191,0.067,0.260,0.024,108,W,10,S,,,197456,114.05,0
136,310.040,"Mount",-0.095,0.125,0.155,0.026,0.258,0.000,107,W,0,,,,198018,104.32,0
137,312.283,"Mount",-0.022,0.085,0.085,-0.020,0.240,0.000,100,W,0,,,,208274,110.01,0
138,314.792,"Mount",-0.133,0.084,0.136,0.079,0.272,0.028,113,W,12,S,,,185918,106.49,0
139,316.950,"Mount",-0.066,0.010,0.039,0.054,0.175,0.000,73,W,0,,,,203285,117.38,0
140,319.365,"Mount",0.003,-0.127,-0.114,0.056,0.122,0.000,51,W,0,,,,190431,114.38,0
141,321.506,"Mount",0.072,-0.293,-0.293,0.072,0.009,0.026,4,W,11,S,,,197197,102.80,0
142,323.870,"Mount",-0.015,-0.122,-0.102,0.070,0.064,0.026,27,W,11,S,,,197619,105.17,0
143,325.992,"Mount",0.036,0.030,0.010,-0.045,0.078,0.000,32,W,0,,,,179726,104.29,0
144,328.305,"Mount",0.162,-0.219,-0.269,-0.042,-0.071,0.000,30,E,0,,,,192649,101.90,0
145,330.432,"Mount",0.174,-0.396,-0.432,0.029,-0.149,0.000,62,E,0,,,,184243,101.83,0
146,332.831,"Mount",-0.023,-0.097,-0.075,0.065,0.003,0.023,1,W,10,S,,,184176,103.29,0
147,335.039,"Mount",-0.055,-0.216,-0.167,0.149,-0.067,0.055,28,E,23,S,,,200589,111.04,0
148,337.383,"Mount",0.056,-0.138,-0.148,0.014,-0.080,0.000,33,E,0,,,,185784,100.45,0
149,339.509,"Mount",0.043,-0.018,-0.036,-0.029,-0.011,0.000,5,E,0,,,,210096,104.67,0
150,341.891,"Mount",0.078,-0.015,-0.049,-0.063,0.002,-0.023,1,W,10,N,,,185293,109.03,0
151,344.098,"Mount",0.163,-0.034,-0.105,-0.129,-0.027,-0.047,11,E,20,N,,,202648,116.82,0
152,348.691,"Mount",-0.098,0.146,0.175,0.020,0.204,0.000,85,W,0,,,,197403,112.26,0
153,351.186,"Mount",-0.085,-0.031,0.011,0.090,0.141,0.032,58,W,14,S,,,197158,111.61,0
154,353.299,"Mount",0.005,-0.074,-0.068,0.030,0.042,0.000,17,W,0,,,,200917,109.55,0
155,355.759,"Mount",-0.340,0.719,0.795,-0.030,0.400,0.000,166,W,0,,,,188256,108.99,0
156,358.708,"Mount",-1.718,3.526,3.921,-0.104,1.875,-0.037,778,W,16,N,,,195411,106.69,0
157,361.118,"Mount",0.281,-0.214,-0.319,-0.150,0.064,-0.056,27,W,24,N,,,198927,129.00,0
158,363.251,"Mount",0.372,-0.653,-0.751,-0.029,-0.080,0.000,33,E,0,,,,198330,110.49,0
159,365.615,"Mount",0.201,-0.273,-0.335,-0.052,0.130,0.000,54,W,0,,,,205435,131.83,0
160,367.722,"Mount",0.162,-0.352,-0.387,0.019,0.056,0.000,23,W,0,,,,195485,116.37,0
161,370.210,"Mount",0.004,-0.213,-0.191,0.095,0.169,0.034,70,W,15,S,,,174776,94.23,0
162,372.500,"Mount",0.091,-0.020,-0.059,-0.072,0.244,-0.025,101,W,10,N,,,180306,96.00,0
163,374.892,"Mount",0.012,-0.140,-0.129,0.054,0.197,0.000,82,W,0,,,,193202,118.15,0
164,377.094,"Mount",0.009,0.102,0.086,-0.055,0.314,0.000,130,W,0,,,,183981,111.18,0
165,379.517,"Mount",0.009,0.037,0.029,-0.025,0.269,0.000,111,W,0,,,,190974,103.17,0
166,381.772,"Mount",-0.050,-0.097,-0.063,0.089,0.243,0.032,101,W,14,S,,,192620,108.84,0
167,384.232,"Mount",0.154,-0.156,-0.209,-0.064,0.132,-0.022,55,W,9,N,,,189920,121.32,0
168,386.426,"Mount",0.207,-0.075,-0.162,-0.149,0.105,-0.055,43,W,23,N,,,197404,102.76,0
169,388.860,"Mount",-0.069,-0.101,-0.058,0.108,0.114,0.037,47,W,16,S,,,190871,117.52,0
170,390.976,"Mount",0.003,-0.122,-0.110,0.053,0.017,0.000,7,W,0,,,,184977,109.38,0
171,393.447,"Mount",0.225,-0.152,-0.239,-0.129,-0.061,-0.046,25,E,20,N,,,189224,109.03,0
172,395.659,"Mount",-0.052,-0.208,-0.161,0.142,-0.061,0.049,25,E,21,S,,,195631,111.95,0
173,398.051,"Mount",0.026,-0.238,-0.223,0.087,-0.110,0.033,45,E,14,S,,,191414,119.50,0
174,400.182,"Mount",0.101,-0.143,-0.174,-0.024,-0.104,0.000,43,E,0,,,,205680,121.81,0
175,402.548,"Mount",0.113,-0.172,-0.205,-0.021,-0.124,0.000,52,E,0,,,,202215,106.21,0
176,404.711,"Mount",-0.018,-0.142,-0.118,0.082,-0.085,0.029,35,E,13,S,,,194058,118.90,0
177,407.056,"Mount",0.089,-0.109,-0.137,-0.029,-0.082,0.000,34,E,0,,,,188966,100.69,0
178,409.200,"Mount",-0.067,-0.007,0.025,0.063,-0.027,0.023,11,E,10,S,,,202594,117.76,0
179,411.544,"Mount",0.027,-0.134,-0.131,0.038,-0.088,0.000,37,E,0,,,,202154,106.46,0
180,413.684,"Mount",0.051,-0.114,-0.125,0.007,-0.088,0.000,36,E,0,,,,196952,107.87,0
181,416.068,"Mount",-0.085,-0.021,0.021,0.085,-0.023,0.031,10,E,13,S,,,190839,105.62,0
182,418.170,"Mount",0.044,0.008,-0.013,-0.042,-0.013,0.000,5,E,0,,,,191222,114.01,0
183,420.596,"Mount",-0.000,0.217,0.193,-0.100,0.086,-0.036,36,W,15,N,,,188045,100.46,0
184,422.687,"Mount",0.030,-0.008,-0.021,-0.023,0.022,0.000,9,W,0,,,,198766,104.67,0
185,425.024,"Mount",-0.001,-0.047,-0.042,0.023,0.026,0.000,11,W,0,,,,188279,102.51,0
186,427.127,"Mount",-0.006,0.052,0.048,-0.019,0.022,0.000,9,W,0,,,,193518,103.01,0
187,429.521,"Mount",-0.050,-0.088,-0.055,0.085,0.025,0.031,10,W,13,S,,,177411,97.59,0
188,431.703,"Mount",-0.079,-0.008,0.029,0.074,0.018,0.028,7,W,12,S,,,183939,106.42,0
189,434.097,"Mount",0.139,-0.118,-0.169,-0.069,-0.063,-0.024,26,E,10,N,,,186360,105.39,0
190,436.220,"Mount",0.000,0.000,0.000,-0.000,0.021,0.000,9,W,0,,,,196429,105.42,0
191,438.596,"Mount",-0.091,0.160,0.184,0.007,0.106,0.000,44,W,0,,,,197219,108.76,0
192,440.710,"Mount",0.006,-0.017,-0.018,0.003,0.025,0.000,10,W,0,,,,198236,108.47,0
193,443.024,"Mount",0.012,0.057,0.045,-0.037,0.011,0.000,4,W,0,,,,191768,101.55,0
194,445.133,"Mount",-0.021,0.132,0.126,-0.042,0.050,0.000,21,W,0,,,,184630,100.39,0
195,447.628,"Mount",0.065,0.105,0.063,-0.106,0.015,-0.038,6,W,16,N,,,191816,108.06,0
196,449.864,"Mount",-0.042,0.277,0.265,-0.090,0.100,-0.034,41,W,15,N,,,187637,102.45,0
197,452.195,"Mount",-0.037,-0.018,0.001,0.041,-0.034,0.000,14,E,0,,,,193084,102.34,0
198,454.297,"Mount",-0.008,-0.019,-0.013,0.016,-0.037,0.000,15,E,0,,,,203412,117.87,0
199,456.601,"Mount",-0.061,0.069,0.089,0.022,0.005,0.000,2,W,0,,,,193238,104.60,0
200,458.711,"Mount",-0.105,0.158,0.188,0.020,0.054,0.000,23,W,0,,,,199720,124.15,0
201,461.056,"Mount",0.055,0.104,0.067,-0.097,0.014,-0.035,6,W,15,N,,,187712,94.58,0
202,463.134,"Mount",0.037,-0.051,-0.062,-0.009,-0.044,0.000,18,E,0,,,,187716,101.29,0
203,465.446,"Mount",-0.032,0.109,0.112,-0.022,0.044,0.000,18,W,0,,,,206341,117.28,0
204,467.580,"Mount",-0.078,-0.041,-0.000,0.088,0.007,0.032,3,W,13,S,,,203872,112.97,0
205,469.890,"Mount",-0.016,0.037,0.040,-0.003,0.017,0.000,7,W,0,,,,200002,117.14,0
206,472.034,"Mount",-0.104,-0.061,-0.007,0.120,0.039,0.043,16,W,18,S,,,196072,100.11,0
207,474.376,"Mount",-0.134,0.152,0.197,0.049,0.142,0.000,59,W,0,,,,197138,99.06,0
208,476.428,"Mount",0.032,-0.071,-0.078,0.004,0.023,0.000,10,W,0,,,,190299,107.72,0
209,478.788,"Mount",0.102,0.022,-0.027,-0.100,0.054,-0.036,22,W,15,N,,,190957,103.14,0
210,480.901,"Mount",-0.092,0.108,0.138,0.032,0.113,0.000,47,W,0,,,,197429,105.80,0
211,483.227,"Mount",0.045,-0.100,-0.110,0.006,0.007,0.000,3,W,0,,,,188036,107.09,0
212,485.302,"Mount",0.001,-0.016,-0.015,0.006,0.039,0.000,16,W,0,,,,186767,115.49,0
213,487.611,"Mount",-0.006,-0.053,-0.044,0.030,0.013,0.000,5,W,0,,,,199275,101.63,0
214,489.675,"Mount",-0.057,0.023,0.046,0.040,-0.002,0.000,1,E,0,,,,185448,101.07,0
215,492.028,"Mount",0.094,0.029,-0.017,-0.097,-0.018,-0.035,7,E,15,N,,,192272,110.38,0
216,494.174,"Mount",0.077,-0.012,-0.046,-0.063,-0.037,-0.024,15,E,10,N,,,192294,102.86,0
217,496.501,"Mount",0.014,-0.136,-0.128,0.050,-0.119,0.000,49,E,0,,,,191174,116.02,0
218,498.646,"Mount",0.045,-0.177,-0.178,0.042,-0.158,0.000,65,E,0,,,,184516,108.39,0
219,501.109,"Mount",0.101,-0.324,-0.335,0.060,-0.258,0.000,107,E,0,,,,197543,108.83,0
220,503.300,"Mount",0.081,-0.194,-0.209,0.017,-0.229,0.000,95,E,0,,,,200990,119.69,0
221,505.765,"Mount",-0.006,-0.125,-0.109,0.063,-0.203,0.023,84,E,10,S,,,198165,117.98,0
222,507.894,"Mount",-0.031,0.003,0.017,0.026,-0.148,0.000,61,E,0,,,,183922,95.14,0
223,510.362,"Mount",-0.021,-0.100,-0.079,0.065,-0.191,0.023,79,E,10,S,,,211848,130.21,0
224,512.584,"Mount",-0.045,-0.143,-0.106,0.106,-0.193,0.039,80,E,17,S,,,198685,109.08,0
225,514.961,"Mount",-0.021,0.049,0.054,-0.004,-0.162,0.000,67,E,0,,,,179194,106.19,0
226,517.120,"Mount",-0.073,0.030,0.060,0.051,-0.159,0.000,66,E,0,,,,177744,109.91,0
227,519.461,"Mount",-0.072,0.182,0.195,-0.020,-0.071,0.000,29,E,0,,,,191930,134.97,0
228,521.735,"Mount",-0.114,0.002,0.054,0.100,-0.141,0.036,58,E,15,S,,,188014,115.48,0
229,524.126,"Mount",-0.121,-0.010,0.047,0.112,-0.126,0.042,52,E,18,S,,,193354,113.57,0
230,526.208,"Mount",-0.087,0.178,0.198,-0.005,-0.005,0.000,2,E,0,,,,195350,102.40,0
231,528.545,"Mount",-0.151,0.269,0.308,0.010,0.073,0.000,30,W,0,,,,189275,118.40,0
232,530.638,"Mount",0.011,0.036,0.027,-0.027,-0.050,0.000,21,E,0,,,,193993,106.23,0
233,533.030,"Mount",-0.172,0.177,0.236,0.071,0.072,0.025,30,W,11,S,,,202740,110.77,0
234,535.175,"Mount",0.001,0.176,0.155,-0.082,0.037,-0.029,16,W,12,N,,,187135,113.22,0
235,537.491,"Mount",-0.033,0.152,0.150,-0.041,0.034,0.000,14,W,0,,,,191878,129.40,0
236,539.664,"Mount",-0.172,-0.084,0.004,0.191,-0.040,0.069,17,E,29,S,,,171495,94.89,0
237,542.009,"Mount",0.011,0.006,0.000,-0.013,-0.060,0.000,25,E,0,,,,201748,114.57,0
238,544.123,"Mount",0.012,-0.028,-0.030,0.003,-0.055,0.000,23,E,0,,,,189723,110.41,0
239,546.542,"Mount",-0.076,-0.099,-0.052,0.113,-0.078,0.041,32,E,17,S,,,200348,116.94,0
240,548.683,"Mount",-0.049,-0.016,0.009,0.051,-0.103,0.000,43,E,0,,,,193165,102.86,0
241,551.062,"Mount",0.001,0.060,0.053,-0.028,-0.119,0.000,50,E,0,,,,214301,114.67,0
242,553.204,"Mount",0.026,0.032,0.016,-0.037,-0.119,0.000,49,E,0,,,,180858,102.40,0
243,555.602,"Mount",0.025,-0.053,-0.058,0.002,-0.142,0.000,59,E,0,,,,178066,95.53,0
244,557.738,"Mount",0.003,-0.070,-0.063,0.029,-0.182,0.000,75,E,0,,,,201974,125.19,0
245,560.191,"Mount",0.111,-0.332,-0.346,0.055,-0.344,0.000,143,E,0,,,,216484,130.55,0
246,562.442,"Mount",0.169,-0.377,-0.413,0.024,-0.394,0.000,163,E,0,,,,191789,107.81,0
247,564.972,"Mount",0.182,-0.219,-0.278,-0.061,-0.347,-0.022,144,E,9,N,,,188458,107.71,0
248,567.323,"Mount",-0.042,-0.189,-0.148,0.124,-0.308,0.044,128,E,19,S,,,199299,118.03,0
249,569.767,"Mount",0.067,-0.004,-0.034,-0.057,-0.281,0.000,117,E,0,,,,192053,112.34,0
250,572.020,"Mount",0.116,-0.211,-0.241,-0.006,-0.395,0.000,164,E,0,,,,185954,113.21,0
251,574.447,"Mount",-0.016,-0.083,-0.066,0.053,-0.337,0.000,140,E,0,,,,195919,104.87,0
252,576.708,"Mount",-0.138,0.072,0.127,0.089,-0.237,0.032,98,E,14,S,,,188162,102.09,0
253,579.164,"Mount",0.009,-0.080,-0.075,0.029,-0.342,0.000,142,E,0,,,,199784,118.10,0
254,581.370,"Mount",-0.074,0.087,0.111,0.026,-0.255,0.000,106,E,0,,,,187146,99.35,0
255,583.854,"Mount",0.022,0.160,0.132,-0.093,-0.226,-0.034,94,E,14,N,,,181774,94.54,0
256,586.078,"Mount",-0.056,0.292,0.285,-0.086,-0.117,-0.032,49,E,14,N,,,192715,118.93,0
257,588.449,"Mount",-0.084,0.081,0.111,0.037,-0.155,0.000,64,E,0,,,,189589,111.26,0
258,590.560,"Mount",-0.127,0.347,0.367,-0.047,-0.016,0.000,7,E,0,,,,186652,104.62,0
259,592.958,"Mount",-0.073,0.051,0.079,0.041,-0.117,0.000,48,E,0,,,,187100,100.22,0
260,595.062,"Mount",-0.139,0.149,0.197,0.054,-0.014,0.000,6,E,0,,,,206382,119.96,0
261,597.437,"Mount",-0.163,0.157,0.214,0.073,-0.001,0.026,1,E,11,S,,,182718,114.64,0
262,599.546,"Mount",-0.024,0.138,0.134,-0.043,-0.032,0.000,13,E,0,,,,199443,114.29,0
263,601.967,"Mount",-0.014,0.313,0.284,-0.132,0.049,-0.047,20,W,20,N,,,178936,102.71,0
264,604.087,"Mount",-0.007,0.133,0.121,-0.055,-0.007,0.000,3,E,0,,,,174730,99.31,0
265,606.465,"Mount",0.160,0.080,-0.003,-0.179,-0.052,-0.064,22,E,28,N,,,182275,109.03,0
266,608.577,"Mount",-0.012,-0.048,-0.037,0.033,-0.033,0.000,14,E,0,,,,180148,100.17,0
267,610.893,"Mount",0.056,-0.005,-0.030,-0.047,-0.022,0.000,9,E,0,,,,190347,109.31,0
268,613.069,"Mount",-0.019,-0.110,-0.089,0.068,-0.060,0.024,25,E,10,S,,,187604,104.63,0
269,615.381,"Mount",-0.010,-0.073,-0.060,0.042,-0.018,0.000,7,E,0,,,,203189,138.42,0
270,617.503,"Mount",0.029,-0.023,-0.034,-0.016,-0.010,0.000,4,E,0,,,,192432,115.78,0
271,619.840,"Mount",-0.014,0.085,0.081,-0.027,0.026,0.000,11,W,0,,,,198538,101.92,0
272,621.986,"Mount",0.037,0.093,0.066,-0.076,0.025,-0.027,10,W,12,N,,,205419,113.90,0
273,624.361,"Mount",0.194,0.034,-0.059,-0.187,0.003,-0.069,1,W,29,N,,,193170,106.75,0
274,626.521,"Mount",0.072,0.144,0.095,-0.130,0.054,-0.050,22,W,21,N,,,201240,115.02,0
275,628.843,"Mount",0.047,0.003,-0.019,-0.043,0.014,0.000,6,W,0,,,,174386,98.14,0
276,630.955,"Mount",-0.092,0.080,0.113,0.044,0.114,0.000,47,W,0,,,,198538,120.47,0
277,633.379,"Mount",0.023,0.115,0.091,-0.074,0.107,-0.027,45,W,11,N,,,205114,128.62,0
278,635.507,"Mount",-0.080,0.079,0.107,0.034,0.043,0.000,18,W,0,,,,197600,135.25,0
279,637.834,"Mount",0.062,-0.016,-0.043,-0.047,0.012,0.000,5,W,0,,,,172863,102.49,0
280,639.969,"Mount",0.007,0.012,0.007,-0.012,0.067,0.000,28,W,0,,,,194066,111.38,0
281,642.340,"Mount",-0.089,0.058,0.092,0.052,0.141,0.000,59,W,0,,,,186374,106.02,0
282,644.464,"Mount",-0.056,0.093,0.108,0.007,0.160,0.000,66,W,0,,,,195344,109.13,0
283,646.904,"Mount",-0.095,0.246,0.262,-0.029,0.261,0.000,108,W,0,,,,203218,127.55,0
284,649.173,"Mount",-0.094,0.097,0.129,0.039,0.216,0.000,89,W,0,,,,175141,96.22,0
285,651.574,"Mount",-0.108,0.102,0.140,0.049,0.233,0.000,97,W,0,,,,204931,123.61,0
286,653.784,"Mount",-0.085,0.001,0.040,0.075,0.195,0.027,81,W,12,S,,,181996,98.69,0
287,656.222,"Mount",-0.114,0.122,0.161,0.045,0.277,0.000,115,W,0,,,,198705,110.29,0
288,658.379,"Mount",0.010,0.081,0.067,-0.046,0.213,0.000,88,W,0,,,,206896,119.28,0
289,660.797,"Mount",0.007,0.095,0.081,-0.050,0.237,0.000,98,W,0,,,,193033,106.75,0
290,663.050,"Mount",0.128,0.074,0.007,-0.147,0.186,-0.053,77,W,23,N,,,180313,113.94,0
291,665.429,"Mount",0.134,-0.117,-0.166,-0.065,0.090,-0.026,37,W,11,N,,,185902,102.62,0
292,667.481,"Mount",0.165,-0.253,-0.300,-0.030,0.023,0.000,10,W,0,,,,193159,102.21,0
293,669.850,"Mount",0.248,-0.189,-0.282,-0.133,0.016,-0.048,7,W,21,N,,,179913,99.70,0
294,671.961,"Mount",0.181,-0.210,-0.270,-0.063,-0.024,-0.025,10,E,11,N,,,196497,127.84,0
295,674.312,"Mount",0.176,-0.211,-0.268,-0.058,-0.051,0.000,21,E,0,,,,189256,108.82,0
296,676.375,"Mount",0.001,-0.108,-0.096,0.049,-0.004,0.000,2,E,0,,,,182650,116.60,0
297,678.706,"Mount",0.085,-0.169,-0.190,0.003,-0.048,0.000,20,E,0,,,,176328,97.40,0
298,680.900,"Mount",0.125,-0.101,-0.147,-0.064,-0.037,-0.023,16,E,10,N,,,177527,104.87,0
299,683.306,"Mount",-0.016,-0.203,-0.173,0.108,-0.077,0.038,32,E,16,S,,,193420,106.94,0
300,685.447,"Mount",0.131,-0.193,-0.232,-0.027,-0.114,0.000,47,E,0,,,,187042,102.95,0
301,687.855,"Mount",-0.040,-0.095,-0.066,0.079,-0.047,0.028,19,E,12,S,,,192383,104.11,0
302,690.070,"Mount",-0.130,0.093,0.142,0.072,0.072,0.027,30,W,12,S,,,203598,115.86,0
303,692.359,"Mount",0.043,-0.121,-0.128,0.018,-0.019,0.000,8,E,0,,,,195607,114.84,0
304,694.494,"Mount",0.014,-0.178,-0.164,0.070,-0.015,0.025,6,E,11,S,,,190540,122.52,0
305,696.946,"Mount",-0.040,0.094,0.102,-0.008,0.167,0.000,69,W,0,,,,192828,114.49,0
306,699.134,"Mount",0.013,0.016,0.008,-0.019,0.165,0.000,69,W,0,,,,189360,111.09,0
307,701.431,"Mount",0.096,-0.125,-0.155,-0.027,0.038,0.000,16,W,0,,,,194840,112.10,0
308,703.543,"Mount",-0.059,0.098,0.114,0.007,0.111,0.000,46,W,0,,,,181518,106.26,0
309,705.922,"Mount",-0.113,0.141,0.178,0.035,0.195,0.000,81,W,0,,,,186056,108.55,0
310,708.125,"Mount",-0.126,0.205,0.240,0.017,0.273,0.000,113,W,0,,,,189721,117.77,0
311,710.573,"Mount",-0.070,0.202,0.212,-0.031,0.278,0.000,115,W,0,,,,183349,125.38,0
312,712.791,"Mount",-0.062,0.243,0.244,-0.057,0.311,0.000,129,W,0,,,,166651,105.58,0
313,715.213,"Mount",-0.002,0.045,0.041,-0.020,0.245,0.000,102,W,0,,,,187324,111.06,0
314,717.506,"Mount",-0.134,0.075,0.128,0.084,0.324,0.030,134,W,13,S,,,172671,98.08,0
315,719.957,"Mount",-0.033,0.046,0.056,0.007,0.305,0.000,127,W,0,,,,180332,104.35,0
316,722.206,"Mount",-0.106,0.226,0.250,-0.010,0.398,0.000,165,W,0,,,,185253,118.98,0
317,724.690,"Mount",0.097,0.030,-0.018,-0.100,0.287,-0.036,119,W,15,N,,,195982,103.61,0
318,726.890,"Mount",-0.080,0.026,0.060,0.059,0.317,0.000,132,W,0,,,,185667,98.22,0
319,729.359,"Mount",0.147,-0.132,-0.185,-0.069,0.214,-0.025,89,W,11,N,,,184661,124.72,0
320,731.595,"Mount",0.295,-0.117,-0.239,-0.208,0.110,-0.076,46,W,32,N,,,186924,101.28,0
321,733.940,"Mount",0.081,-0.184,-0.201,0.013,0.034,0.000,14,W,0,,,,175470,104.24,0
322,736.094,"Mount",0.011,-0.153,-0.141,0.061,0.019,0.022,8,W,9,S,,,176874,98.23,0
323,738.436,"Mount",0.135,-0.108,-0.158,-0.070,0.005,-0.024,2,W,10,N,,,195628,107.58,0
324,740.531,"Mount",0.129,-0.196,-0.234,-0.024,-0.062,0.000,26,E,0,,,,179114,104.76,0
325,742.839,"Mount",0.004,0.002,0.000,-0.005,0.014,0.000,6,W,0,,,,181387,115.51,0
326,744.964,"Mount",0.088,-0.083,-0.115,-0.040,-0.055,0.000,23,E,0,,,,194147,122.62,0
327,747.378,"Mount",0.151,-0.148,-0.201,-0.065,-0.096,-0.024,40,E,10,N,,,179592,98.37,0
328,749.497,"Mount",0.001,0.025,0.021,-0.012,-0.018,0.000,7,E,0,,,,197116,111.16,0
329,751.807,"Mount",0.060,-0.040,-0.063,-0.035,-0.056,0.000,23,E,0,,,,191309,100.99,0
330,753.975,"Mount",-0.105,-0.134,-0.070,0.155,-0.053,0.056,22,E,24,S,,,198341,129.72,0
331,756.320,"Mount",0.085,-0.143,-0.166,-0.009,-0.104,0.000,43,E,0,,,,184065,106.56,0
332,758.400,"Mount",0.057,-0.012,-0.038,-0.045,-0.032,0.000,13,E,0,,,,202056,134.45,0
333,760.828,"Mount",0.218,-0.033,-0.130,-0.178,-0.080,-0.064,33,E,27,N,,,193761,115.66,0
334,763.034,"Mount",0.049,0.055,0.026,-0.069,-0.023,-0.027,10,E,12,N,,,198656,103.89,0
335,765.456,"Mount",0.159,0.026,-0.051,-0.153,-0.021,-0.056,9,E,24,N,,,186780,109.45,0
336,767.644,"Mount",0.052,0.070,0.038,-0.079,-0.004,-0.031,2,E,13,N,,,192674,119.54,0
337,769.982,"Mount",-0.058,-0.112,-0.073,0.103,-0.017,0.036,7,E,15,S,,,189304,120.08,0
338,772.064,"Mount",0.023,-0.058,-0.062,0.007,0.005,0.000,2,W,0,,,,192587,113.82,0
339,774.336,"Mount",0.011,0.025,0.017,-0.022,0.019,0.000,8,W,0,,,,183647,104.62,0
340,776.416,"Mount",0.017,0.074,0.058,-0.050,0.021,0.000,9,W,0,,,,203913,115.99,0
341,778.737,"Mount",0.098,-0.022,-0.065,-0.077,-0.017,-0.028,7,E,12,N,,,177913,94.73,0
342,780.852,"Mount",0.080,-0.074,-0.103,-0.037,-0.042,0.000,18,E,0,,,,183941,111.16,0
343,783.131,"Mount",-0.015,0.053,0.054,-0.011,0.015,0.000,6,W,0,,,,188402,108.81,0
344,785.240,"Mount",0.057,-0.109,-0.123,-0.001,-0.033,0.000,14,E,0,,,,189930,120.62,0
345,787.593,"Mount",-0.038,-0.137,-0.104,0.097,-0.013,0.035,6,E,15,S,,,182559,105.68,0
346,789.759,"Mount",0.025,-0.203,-0.192,0.071,-0.061,0.027,25,E,12,S,,,178965,97.94,0
347,792.177,"Mount",0.115,-0.054,-0.100,-0.077,-0.046,-0.027,19,E,11,N,,,193091,110.72,0
348,794.271,"Mount",0.005,0.022,0.017,-0.014,-0.010,0.000,4,E,0,,,,177265,104.71,0
349,796.640,"Mount",0.070,-0.042,-0.069,-0.043,-0.048,0.000,20,E,0,,,,176133,107.83,0
350,798.740,"Mount",0.108,-0.112,-0.149,-0.044,-0.094,0.000,39,E,0,,,,187781,114.48,0
351,801.127,"Mount",0.082,-0.008,-0.045,-0.069,-0.042,-0.025,17,E,11,N,,,190022,102.82,0
352,803.314,"Mount",-0.062,-0.046,-0.013,0.077,-0.041,0.027,17,E,11,S,,,187309,111.01,0
353,805.659,"Mount",0.066,-0.094,-0.114,-0.016,-0.088,0.000,37,E,0,,,,178966,101.41,0
354,807.818,"Mount",0.086,0.019,-0.023,-0.085,-0.025,-0.031,10,E,13,N,,,173779,107.54,0
355,810.245,"Mount",-0.148,0.097,0.154,0.087,0.046,0.030,19,W,13,S,,,176814,117.95,0
356,812.287,"Mount",0.020,-0.035,-0.040,-0.002,-0.016,0.000,7,E,0,,,,182799,105.22,0
357,814.686,"Mount",-0.127,-0.017,0.043,0.121,-0.001,0.043,1,E,19,S,,,185822,106.29,0
358,816.816,"Mount",-0.022,0.127,0.123,-0.039,0.075,0.000,31,W,0,,,,198445,118.15,0
359,819.166,"Mount",-0.101,0.101,0.137,0.043,0.091,0.000,38,W,0,,,,193036,109.08,0
360,821.383,"Mount",-0.146,0.044,0.106,0.109,0.091,0.039,38,W,17,S,,,200549,123.76,0
361,823.833,"Mount",0.073,0.194,0.139,-0.155,0.118,-0.054,49,W,23,N,,,182399,109.70,0
362,825.944,"Mount",0.020,-0.087,-0.086,0.023,0.015,0.000,6,W,0,,,,182835,120.96,0
363,828.330,"Mount",0.002,-0.084,-0.076,0.037,0.024,0.000,10,W,0,,,,172710,98.25,0
364,830.430,"Mount",0.048,-0.086,-0.098,-0.003,0.012,0.000,5,W,0,,,,170617,100.74,0
365,832.770,"Mount",0.013,-0.060,-0.059,0.017,0.040,0.000,16,W,0,,,,182180,110.93,0
366,835.041,"Mount",-0.148,0.127,0.181,0.072,0.096,0.026,40,W,11,S,,,172217,105.19,0
367,837.436,"Mount",0.056,0.030,0.001,-0.063,0.002,-0.022,1,W,9,N,,,183248,110.59,0
368,839.574,"Mount",0.126,-0.013,-0.069,-0.106,-0.044,-0.039,18,E,17,N,,,177944,107.35,0
369,841.911,"Mount",0.046,0.039,0.014,-0.059,-0.033,0.000,14,E,0,,,,188896,120.82,0
370,844.066,"Mount",0.115,-0.227,-0.254,0.003,-0.174,0.000,72,E,0,,,,193509,126.36,0
371,846.399,"Mount",0.046,-0.055,-0.070,-0.015,-0.110,0.000,45,E,0,,,,172912,102.45,0
372,848.526,"Mount",0.039,-0.111,-0.117,0.016,-0.142,0.000,59,E,0,,,,192790,121.32,0
373,850.942,"Mount",0.139,-0.176,-0.220,-0.042,-0.235,0.000,97,E,0,,,,174148,99.09,0
374,853.128,"Mount",0.067,-0.201,-0.209,0.033,-0.253,0.000,105,E,0,,,,171874,103.05,0
375,855.549,"Mount",0.120,-0.173,-0.209,-0.026,-0.254,0.000,105,E,0,,,,157053,95.31,0
376,857.803,"Mount",-0.006,-0.204,-0.178,0.100,-0.245,0.036,102,E,15,S,,,174744,105.26,0
377,860.255,"Mount",-0.056,-0.036,-0.006,0.066,-0.163,0.025,68,E,11,S,,,170024,99.22,0
378,862.400,"Mount",-0.003,0.167,0.150,-0.075,-0.093,-0.026,39,E,11,N,,,169326,101.88,0
379,864.875,"Mount",-0.064,-0.031,0.002,0.071,-0.164,0.024,68,E,10,S,,,172316,115.84,0
380,867.175,"Mount",0.108,0.061,0.005,-0.124,-0.153,-0.044,63,E,19,N,,,173332,104.29,0
381,869.596,"Mount",-0.008,-0.006,-0.001,0.010,-0.149,0.000,62,E,0,,,,178626,113.85,0
382,871.706,"Mount",-0.044,0.011,0.031,0.034,-0.116,0.000,48,E,0,,,,158372,91.95,0
383,874.066,"Mount",-0.005,0.006,0.008,0.001,-0.089,0.000,37,E,0,,,,178373,111.10,0
384,876.193,"Mount",-0.053,0.008,0.032,0.044,-0.064,0.000,27,E,0,,,,183601,107.17,0
385,878.619,"Mount",-0.066,0.287,0.285,-0.074,0.075,-0.027,31,W,11,N,,,172714,101.34,0
386,880.663,"Mount",-0.057,0.039,0.061,0.033,-0.019,0.000,8,E,0,,,,173636,107.94,0
387,882.978,"Mount",-0.050,0.122,0.131,-0.011,0.021,0.000,9,W,0,,,,166510,100.62,0
388,885.116,"Mount",-0.040,0.183,0.181,-0.049,0.046,0.000,19,W,0,,,,181950,99.09,0
389,887.464,"Mount",-0.065,-0.006,0.025,0.060,-0.047,0.000,19,E,0,,,,167096,90.11,0
390,889.611,"Mount",0.034,-0.001,-0.017,-0.030,-0.062,0.000,26,E,0,,,,174252,109.65,0
391,891.956,"Mount",0.028,0.028,0.012,-0.038,-0.063,0.000,26,E,0,,,,189503,117.53,0
392,894.127,"Mount",0.032,-0.019,-0.032,-0.020,-0.062,0.000,26,E,0,,,,174023,97.22,0
393,896.427,"Mount",-0.069,0.098,0.118,0.016,-0.047,0.000,20,E,0,,,,177617,116.20,0
394,898.635,"Mount",0.053,0.141,0.101,-0.112,-0.063,-0.040,26,E,17,N,,,168329,116.22,0
395,901.112,"Mount",0.161,-0.052,-0.120,-0.119,-0.178,-0.045,74,E,19,N,,,179938,111.62,0
396,903.446,"Mount",0.171,-0.108,-0.175,-0.102,-0.217,-0.038,90,E,16,N,,,168570,92.78,0
397,905.871,"Mount",0.111,-0.303,-0.320,0.041,-0.322,0.000,133,E,0,,,,165281,86.04,0
398,908.045,"Mount",0.152,-0.237,-0.280,-0.025,-0.320,0.000,133,E,0,,,,169138,100.80,0
399,910.491,"Mount",0.198,-0.271,-0.331,-0.051,-0.376,0.000,156,E,0,,,,191997,117.07,0
400,912.709,"Mount",0.124,-0.127,-0.170,-0.051,-0.321,0.000,133,E,0,,,,176055,95.88,0
401,915.198,"Mount",0.127,-0.207,-0.243,-0.017,-0.371,0.000,154,E,0,,,,168038,95.80,0
402,917.363,"Mount",-0.023,-0.078,-0.058,0.056,-0.286,0.000,118,E,0,,,,171221,104.13,0
403,919.835,"Mount",-0.009,-0.005,-0.000,0.011,-0.298,0.000,124,E,0,,,,183238,110.06,0
404,922.034,"Mount",0.015,0.029,0.019,-0.027,-0.294,0.000,122,E,0,,,,164035,88.00,0
405,924.518,"Mount",-0.027,-0.095,-0.072,0.068,-0.330,0.024,137,E,10,S,,,168419,100.91,0
406,926.661,"Mount",-0.085,0.278,0.286,-0.053,-0.164,0.000,68,E,0,,,,184888,117.47,0
407,929.063,"Mount",-0.057,0.121,0.134,-0.005,-0.230,0.000,95,E,0,,,,182589,108.26,0
408,931.237,"Mount",0.005,0.094,0.081,-0.048,-0.213,0.000,88,E,0,,,,183527,108.02,0
409,933.626,"Mount",-0.031,0.020,0.032,0.018,-0.241,0.000,100,E,0,,,,183751,108.62,0
410,935.742,"Mount",-0.162,0.189,0.242,0.056,-0.097,0.000,40,E,0,,,,185579,99.44,0
411,938.085,"Mount",-0.141,0.255,0.291,0.008,-0.050,0.000,21,E,0,,,,182379,122.05,0
412,940.306,"Mount",-0.252,0.184,0.279,0.139,-0.038,0.050,16,E,21,S,,,159948,94.12,0
413,942.695,"Mount",-0.258,0.338,0.419,0.073,0.060,0.028,25,W,12,S,,,184782,106.42,0
414,944.877,"Mount",-0.210,0.118,0.201,0.132,-0.006,0.049,2,E,21,S,,,177050,105.40,0
415,947.203,"Mount",-0.090,0.183,0.204,-0.004,-0.007,0.000,3,E,0,,,,186323,112.11,0
416,949.393,"Mount",-0.022,0.232,0.216,-0.088,0.015,-0.032,6,W,14,N,,,175196,103.99,0
417,951.788,"Mount",-0.195,0.195,0.263,0.083,0.047,0.028,19,W,12,S,,,185031,108.95,0
418,953.902,"Mount",-0.044,-0.014,0.008,0.046,-0.057,0.000,23,E,0,,,,179774,104.25,0
419,956.251,"Mount",-0.067,0.171,0.183,-0.020,0.050,0.000,21,W,0,,,,159337,92.42,0
420,958.391,"Mount",-0.129,0.066,0.118,0.084,0.034,0.030,14,W,13,S,,,179967,106.41,0
421,960.736,"Mount",-0.037,0.194,0.189,-0.057,0.065,0.000,27,W,0,,,,161129,104.28,0
422,962.828,"Mount",0.010,0.050,0.040,-0.032,-0.010,0.000,4,E,0,,,,179361,118.31,0
423,965.206,"Mount",0.057,0.034,0.004,-0.067,-0.011,-0.024,5,E,10,N,,,176962,104.89,0
424,967.315,"Mount",-0.021,0.098,0.097,-0.027,0.028,0.000,12,W,0,,,,173583,102.03,0
425,969.675,"Mount",0.015,-0.010,-0.016,-0.009,-0.009,0.000,4,E,0,,,,179116,91.88,0
426,971.804,"Mount",-0.038,0.104,0.110,-0.014,0.049,0.000,20,W,0,,,,186139,124.21,0
427,976.281,"Mount",-0.059,0.119,0.133,-0.002,0.063,0.000,26,W,0,,,,176771,112.46,0
428,978.680,"Mount",0.041,0.059,0.034,-0.064,0.063,-0.023,26,W,10,N,,,185549,108.01,0
429,980.864,"Mount",0.048,0.102,0.069,-0.089,0.097,-0.033,40,W,14,N,,,188874,115.30,0
430,983.272,"Mount",-0.035,0.251,0.239,-0.084,0.102,-0.032,42,W,14,N,,,176869,106.65,0
431,986.194,"Mount",-1.554,3.519,3.839,-0.247,1.740,-0.090,722,W,39,N,,,187830,110.20,0
432,988.457,"Mount",0.096,-0.236,-0.254,0.024,-0.023,0.000,10,E,0,,,,180807,111.45,0
433,990.804,"Mount",0.430,-1.246,-1.304,0.194,-0.485,0.070,201,E,30,S,,,174356,97.90,0
434,993.176,"Mount",0.251,-0.433,-0.500,-0.023,-0.054,0.000,22,E,0,,,,172052,102.34,0
435,995.322,"Mount",0.128,-0.221,-0.255,-0.012,0.063,0.000,26,W,0,,,,177047,89.60,0
436,997.723,"Mount",-0.014,-0.062,-0.048,0.041,0.150,0.000,62,W,0,,,,165735,103.58,0
437,999.878,"Mount",0.016,-0.037,-0.040,0.003,0.145,0.000,60,W,0,,,,175774,93.99,0
438,1002.285,"Mount",-0.024,0.078,0.080,-0.015,0.197,0.000,82,W,0,,,,175621,108.67,0
439,1004.473,"Mount",-0.134,0.171,0.214,0.040,0.257,0.000,107,W,0,,,,183237,112.66,0
440,1006.956,"Mount",-0.154,-0.008,0.064,0.141,0.225,0.051,93,W,22,S,,,185020,99.06,0
441,1009.121,"Mount",-0.042,0.204,0.201,-0.057,0.286,0.000,119,W,0,,,,169689,96.76,0
442,1011.513,"Mount",0.048,-0.010,-0.031,-0.038,0.181,0.000,75,W,0,,,,182860,112.91,0
443,1013.741,"Mount",0.067,0.039,0.004,-0.077,0.162,-0.028,67,W,12,N,,,175531,108.38,0
444,1016.127,"Mount",0.033,-0.048,-0.058,-0.007,0.159,0.000,66,W,0,,,,187991,111.70,0
445,1018.213,"Mount",0.126,-0.224,-0.257,-0.008,0.012,0.000,5,W,0,,,,185558,95.99,0
446,1020.530,"Mount",0.083,-0.224,-0.237,0.030,-0.021,0.000,9,E,0,,,,170680,97.39,0
447,1022.612,"Mount",0.058,-0.153,-0.163,0.020,-0.028,0.000,12,E,0,,,,185558,105.88,0
448,1025.012,"Mount",0.061,-0.249,-0.249,0.061,-0.083,0.022,34,E,9,S,,,189670,120.61,0
449,1027.081,"Mount",0.056,-0.177,-0.184,0.032,-0.058,0.000,24,E,0,,,,191210,109.97,0
450,1029.411,"Mount",-0.032,0.076,0.083,-0.007,0.037,0.000,15,W,0,,,,192096,115.92,0
451,1031.521,"Mount",0.109,-0.238,-0.262,0.013,-0.112,0.000,46,E,0,,,,193385,122.37,0
452,1033.948,"Mount",0.231,-0.002,-0.108,-0.205,-0.052,-0.074,22,E,31,N,,,180949,98.16,0
453,1036.010,"Mount",-0.003,-0.008,-0.006,0.006,-0.005,0.000,2,E,0,,,,166083,96.32,0
454,1038.375,"Mount",-0.080,-0.053,-0.011,0.095,0.009,0.034,4,W,15,S,,,198059,115.33,0
455,1040.625,"Mount",-0.137,0.123,0.172,0.064,0.121,0.025,50,W,10,S,,,187948,101.97,0
456,1043.065,"Mount",-0.001,0.189,0.168,-0.086,0.140,-0.030,58,W,13,N,,,175394,93.63,0
457,1045.266,"Mount",-0.114,0.077,0.121,0.066,0.164,0.023,68,W,10,S,,,199250,115.17,0
458,1047.661,"Mount",-0.042,0.139,0.143,-0.027,0.182,0.000,75,W,0,,,,191556,115.64,0
459,1049.837,"Mount",-0.014,0.104,0.098,-0.036,0.109,0.000,45,W,0,,,,203498,120.28,0
460,1052.273,"Mount",-0.151,0.130,0.185,0.075,0.143,0.027,59,W,11,S,,,181367,109.21,0
461,1054.516,"Mount",-0.221,0.275,0.346,0.069,0.282,0.026,117,W,11,S,,,178590,104.61,0
462,1057.002,"Mount",-0.289,0.253,0.358,0.140,0.356,0.051,148,W,22,S,,,195838,118.67,0
463,1059.314,"Mount",-0.359,0.376,0.499,0.145,0.427,0.054,177,W,23,S,,,176384,107.41,0
464,1061.832,"Mount",-0.254,0.480,0.543,0.004,0.488,0.000,202,W,0,,,,176062,98.20,0
465,1064.144,"Mount",-0.203,0.447,0.491,-0.026,0.497,0.000,206,W,0,,,,172525,106.42,0
466,1066.632,"Mount",-0.251,0.473,0.535,0.004,0.549,0.000,228,W,0,,,,184144,106.77,0
467,1068.946,"Mount",-0.198,0.215,0.282,0.077,0.435,0.028,181,W,12,S,,,172797,86.34,0
468,1071.432,"Mount",-0.131,-0.010,0.052,0.121,0.307,0.045,127,W,19,S,,,195016,114.19,0
469,1073.711,"Mount",-0.003,-0.236,-0.209,0.112,0.165,0.042,68,W,18,S,,,184276,107.46,0
470,1076.218,"Mount",0.059,-0.292,-0.286,0.083,0.154,0.031,64,W,13,S,,,188996,103.02,0
471,1078.343,"Mount",0.029,-0.109,-0.110,0.025,0.161,0.000,67,W,0,,,,183359,102.51,0
472,1080.749,"Mount",-0.056,-0.155,-0.111,0.121,0.058,0.044,24,W,19,S,,,190644,101.76,0
473,1082.934,"Mount",0.016,-0.167,-0.156,0.062,0.019,0.024,8,W,10,S,,,186074,103.60,0
474,1085.258,"Mount",0.087,-0.115,-0.142,-0.024,0.027,0.000,11,W,0,,,,188871,110.08,0
475,1087.414,"Mount",-0.007,-0.137,-0.118,0.070,0.012,0.025,5,W,11,S,,,199766,106.36,0
476,1089.714,"Mount",0.079,-0.051,-0.082,-0.047,0.020,0.000,8,W,0,,,,188897,98.70,0
477,1091.790,"Mount",0.043,-0.171,-0.172,0.041,-0.042,0.000,18,E,0,,,,189302,101.46,0
478,1094.310,"Mount",-0.011,-0.248,-0.215,0.124,-0.075,0.045,31,E,19,S,,,178929,97.54,0
479,1096.488,"Mount",0.040,-0.233,-0.225,0.072,-0.094,0.028,39,E,12,S,,,193063,108.14,0
480,1098.861,"Mount",0.118,-0.091,-0.135,-0.062,-0.078,-0.021,32,E,9,N,,,181687,99.14,0
481,1100.988,"Mount",0.078,-0.217,-0.228,0.031,-0.114,0.000,47,E,0,,,,192396,113.15,0
482,1103.393,"Mount",0.185,-0.207,-0.269,-0.068,-0.149,-0.025,62,E,10,N,,,183443,111.57,0
483,1105.516,"Mount",0.088,-0.155,-0.178,-0.007,-0.123,0.000,51,E,0,,,,193593,107.79,0
484,1107.938,"Mount",-0.201,-0.064,0.036,0.208,-0.049,0.075,20,E,32,S,,,177482,115.71,0
485,1110.052,"Mount",-0.057,0.030,0.053,0.037,-0.043,0.000,18,E,0,,,,194674,121.51,0
486,1112.406,"Mount",0.041,0.121,0.088,-0.093,0.011,-0.033,4,W,14,N,,,189737,110.83,0
487,1114.549,"Mount",-0.177,0.260,0.313,0.037,0.129,0.000,53,W,0,,,,192337,108.19,0
488,1116.979,"Mount",-0.015,0.197,0.182,-0.078,0.097,-0.028,40,W,12,N,,,187922,107.05,0
489,1119.153,"Mount",-0.086,-0.037,0.007,0.093,0.030,0.032,12,W,14,S,,,200553,120.45,0
490,1121.494,"Mount",-0.011,-0.037,-0.028,0.027,0.025,0.000,10,W,0,,,,191674,109.16,0
491,1123.644,"Mount",-0.084,0.056,0.088,0.049,0.062,0.000,26,W,0,,,,184070,106.28,0
492,1126.083,"Mount",-0.157,0.100,0.161,0.093,0.100,0.034,41,W,14,S,,,181770,96.54,0
493,1128.160,"Mount",0.017,0.006,-0.003,-0.018,0.011,0.000,5,W,0,,,,184640,113.85,0
494,1130.510,"Mount",-0.107,0.090,0.129,0.053,0.077,0.000,32,W,0,,,,193562,127.57,0
495,1132.586,"Mount",-0.028,-0.004,0.009,0.026,0.021,0.000,9,W,0,,,,198412,117.50,0
496,1135.008,"Mount",-0.101,0.053,0.094,0.065,0.064,0.023,27,W,10,S,,,192972,117.86,0
497,1137.180,"Mount",-0.079,0.004,0.040,0.068,0.023,0.025,10,W,11,S,,,193911,102.52,0
498,1139.555,"Mount",-0.078,0.095,0.120,0.025,0.060,0.000,25,W,0,,,,184799,100.67,0
499,1141.752,"Mount",0.017,-0.021,-0.027,-0.005,-0.006,0.000,3,E,0,,,,203980,117.53,0
500,1144.128,"Mount",0.114,-0.055,-0.101,-0.076,-0.056,-0.027,23,E,12,N,,,199560,101.01,0
501,1146.267,"Mount",0.057,0.023,-0.006,-0.061,-0.012,-0.023,5,E,10,N,,,198346,119.42,0
502,1148.627,"Mount",0.096,-0.132,-0.162,-0.024,-0.105,0.000,43,E,0,,,,186446,112.10,0
503,1150.749,"Mount",0.135,-0.177,-0.220,-0.038,-0.133,0.000,55,E,0,,,,186943,110.63,0
504,1153.117,"Mount",0.171,0.010,-0.070,-0.157,-0.066,-0.056,27,E,24,N,,,191531,119.41,0
505,1155.333,"Mount",0.258,-0.110,-0.217,-0.178,-0.127,-0.066,53,E,28,N,,,183416,99.34,0
506,1157.701,"Mount",-0.193,0.307,0.362,0.030,0.140,0.000,58,W,0,,,,197856,107.44,0
507,1159.857,"Mount",-0.223,0.327,0.393,0.046,0.161,0.000,67,W,0,,,,208330,126.90,0
508,1162.260,"Mount",-0.114,0.292,0.311,-0.034,0.142,0.000,59,W,0,,,,183147,104.85,0
509,1164.409,"Mount",-0.096,0.042,0.082,0.066,0.054,0.024,22,W,10,S,,,196030,111.33,0
510,1166.844,"Mount",0.090,0.115,0.061,-0.133,0.066,-0.047,27,W,20,N,,,183622,98.55,0
511,1168.988,"Mount",-0.049,0.067,0.082,0.013,0.081,0.000,33,W,0,,,,188706,108.02,0
512,1171.328,"Mount",0.038,-0.010,-0.027,-0.029,0.059,0.000,25,W,0,,,,186230,116.17,0
513,1173.454,"Mount",-0.032,-0.037,-0.018,0.045,0.061,0.000,25,W,0,,,,189169,120.94,0
514,1175.798,"Mount",0.089,-0.048,-0.084,-0.057,0.021,0.000,9,W,0,,,,193751,101.22,0
515,1177.930,"Mount",0.009,0.078,0.065,-0.044,0.074,0.000,31,W,0,,,,188502,114.19,0
516,1180.239,"Mount",0.001,-0.083,-0.074,0.037,0.014,0.000,6,W,0,,,,190008,108.15,0
517,1182.353,"Mount",0.119,-0.219,-0.249,-0.004,-0.087,0.000,36,E,0,,,,204355,120.34,0
518,1184.741,"Mount",0.202,-0.121,-0.201,-0.124,-0.084,-0.044,35,E,19,N,,,184004,111.96,0
519,1186.875,"Mount",0.059,-0.182,-0.188,0.032,-0.091,0.000,38,E,0,,,,199181,110.25,0
520,1189.345,"Mount",-0.050,-0.085,-0.052,0.083,-0.022,0.030,9,E,13,S,,,197012,121.16,0
521,1191.549,"Mount",0.078,-0.120,-0.142,-0.014,-0.122,0.000,51,E,0,,,,180653,91.94,0
522,1193.965,"Mount",-0.032,-0.167,-0.133,0.105,-0.138,0.038,57,E,16,S,,,179980,100.32,0
523,1196.063,"Mount",-0.008,-0.032,-0.025,0.022,-0.093,0.000,38,E,0,,,,178840,107.81,0
524,1198.453,"Mount",0.168,-0.224,-0.277,-0.045,-0.253,0.000,105,E,0,,,,192264,136.67,0
525,1200.627,"Mount",0.112,-0.242,-0.267,0.013,-0.273,0.000,113,E,0,,,,212094,122.46,0
526,1203.017,"Mount",0.068,-0.029,-0.057,-0.047,-0.155,0.000,64,E,0,,,,198659,108.25,0
527,1205.220,"Mount",-0.119,0.027,0.079,0.093,-0.119,0.033,49,E,14,S,,,184233,105.73,0
528,1207.670,"Mount",-0.056,-0.097,-0.061,0.095,-0.186,0.035,77,E,15,S,,,200153,123.17,0
529,1209.839,"Mount",-0.118,0.085,0.130,0.065,-0.094,0.025,39,E,11,S,,,191894,112.09,0
530,1212.220,"Mount",-0.010,0.044,0.044,-0.012,-0.161,0.000,67,E,0,,,,201793,116.70,0
531,1214.360,"Mount",-0.040,-0.032,-0.010,0.050,-0.147,0.000,61,E,0,,,,187899,98.69,0
532,1216.797,"Mount",-0.168,0.075,0.144,0.114,-0.077,0.041,32,E,18,S,,,195241,110.73,0
533,1218.972,"Mount",0.075,0.139,0.089,-0.131,-0.077,-0.046,32,E,19,N,,,191444,95.37,0
534,1221.398,"Mount",-0.037,0.279,0.264,-0.096,0.034,-0.036,14,W,16,N,,,177409,96.56,0
535,1223.596,"Mount",-0.190,0.107,0.182,0.119,0.027,0.041,11,W,18,S,,,197291,123.22,0
536,1225.937,"Mount",-0.213,0.354,0.412,0.026,0.133,0.000,55,W,0,,,,199108,113.06,0
537,1228.078,"Mount",-0.192,0.096,0.173,0.126,0.045,0.045,19,W,19,S,,,186622,116.09,0
538,1230.471,"Mount",-0.240,0.234,0.319,0.105,0.110,0.040,46,W,17,S,,,183364,112.63,0
539,1232.546,"Mount",-0.045,-0.023,0.000,0.050,-0.031,0.000,13,E,0,,,,196455,113.62,0
540,1234.917,"Mount",-0.079,0.120,0.143,0.015,0.029,0.000,12,W,0,,,,202370,111.16,0
541,1237.040,"Mount",0.096,-0.189,-0.212,0.002,-0.148,0.000,61,E,0,,,,190363,106.31,0
542,1239.448,"Mount",0.084,-0.014,-0.051,-0.068,-0.051,-0.025,21,E,10,N,,,197665,105.02,0
543,1241.642,"Mount",0.008,-0.158,-0.143,0.066,-0.123,0.023,51,E,10,S,,,189399,104.83,0
544,1244.079,"Mount",-0.123,-0.087,-0.021,0.149,-0.086,0.055,36,E,23,S,,,191410,108.27,0
545,1246.181,"Mount",-0.050,0.221,0.219,-0.058,-0.012,0.000,5,E,0,,,,203350,131.55,0
546,1248.636,"Mount",-0.081,-0.177,-0.120,0.153,-0.179,0.055,74,E,24,S,,,178824,92.06,0
547,1250.820,"Mount",0.055,-0.143,-0.152,0.017,-0.213,0.000,89,E,0,,,,201044,114.21,0
548,1253.399,"Mount",0.193,-0.158,-0.229,-0.099,-0.264,-0.035,110,E,15,N,,,187058,98.02,0
549,1255.751,"Mount",0.131,-0.367,-0.386,0.054,-0.367,0.000,152,E,0,,,,192987,107.40,0
550,1258.241,"Mount",0.218,-0.307,-0.373,-0.051,-0.397,0.000,165,E,0,,,,196410,103.28,0
551,1260.477,"Mount",0.183,-0.347,-0.392,-0.002,-0.415,0.000,172,E,0,,,,205325,112.76,0
552,1262.936,"Mount",0.104,-0.122,-0.156,-0.036,-0.329,0.000,137,E,0,,,,183045,89.34,0
553,1265.200,"Mount",0.029,-0.157,-0.153,0.047,-0.351,0.000,146,E,0,,,,193187,106.11,0
554,1267.702,"Mount",0.109,-0.134,-0.169,-0.035,-0.382,0.000,159,E,0,,,,181379,91.36,0
555,1269.958,"Mount",0.060,-0.204,-0.209,0.041,-0.377,0.000,156,E,0,,,,181287,101.40,0
556,1272.487,"Mount",0.164,-0.176,-0.231,-0.064,-0.393,-0.023,163,E,10,N,,,187791,98.24,0
557,1274.755,"Mount",-0.014,-0.178,-0.151,0.095,-0.351,0.033,146,E,14,S,,,201862,123.84,0
558,1277.191,"Mount",-0.059,-0.002,0.026,0.053,-0.309,0.000,128,E,0,,,,194287,110.75,0
559,1279.377,"Mount",-0.065,0.182,0.191,-0.026,-0.182,0.000,76,E,0,,,,193037,113.43,0
560,1281.831,"Mount",0.018,0.149,0.124,-0.084,-0.168,-0.030,70,E,13,N,,,186713,116.38,0
561,1283.980,"Mount",-0.115,0.251,0.276,-0.013,-0.068,0.000,28,E,0,,,,201873,116.60,0
562,1286.307,"Mount",-0.070,0.227,0.233,-0.043,-0.061,0.000,25,E,0,,,,191707,111.09,0
563,1288.424,"Mount",-0.057,0.303,0.295,-0.090,-0.027,-0.032,11,E,14,N,,,196482,100.90,0
564,1290.831,"Mount",-0.009,0.169,0.154,-0.070,-0.053,-0.027,22,E,11,N,,,188093,103.04,0
565,1292.901,"Mount",-0.036,0.190,0.185,-0.055,0.005,0.000,2,W,0,,,,197549,125.13,0
566,1295.188,"Mount",-0.070,0.109,0.129,0.012,-0.016,0.000,6,E,0,,,,191949,106.40,0
567,1297.360,"Mount",-0.061,-0.065,-0.029,0.084,-0.061,0.030,25,E,13,S,,,198718,104.36,0
568,1299.660,"Mount",-0.021,0.047,0.051,-0.004,-0.044,0.000,18,E,0,,,,210351,121.59,0
569,1301.831,"Mount",-0.102,0.036,0.078,0.074,-0.010,0.027,4,E,11,S,,,201444,122.38,0
570,1304.158,"Mount",-0.043,-0.005,0.015,0.041,-0.024,0.000,10,E,0,,,,201407,111.84,0
571,1306.253,"Mount",-0.055,0.027,0.050,0.036,-0.018,0.000,7,E,0,,,,195308,101.74,0
572,1308.612,"Mount",0.008,-0.084,-0.078,0.032,-0.066,0.000,27,E,0,,,,205110,109.73,0
573,1310.709,"Mount",-0.033,0.028,0.040,0.017,-0.022,0.000,9,E,0,,,,194356,118.25,0
574,1313.159,"Mount",0.039,0.055,0.031,-0.060,-0.021,-0.022,9,E,9,N,,,204359,111.97,0
575,1315.362,"Mount",-0.070,-0.001,0.032,0.062,-0.020,0.022,8,E,9,S,,,192972,102.72,0
576,1317.726,"Mount",-0.170,-0.044,0.039,0.171,-0.007,0.063,3,E,27,S,,,194454,107.22,0
577,1319.836,"Mount",-0.085,0.120,0.146,0.020,0.078,0.000,32,W,0,,,,204217,115.98,0
578,1322.178,"Mount",-0.032,-0.093,-0.068,0.072,-0.010,0.026,4,E,11,S,,,195246,115.10,0
579,1324.271,"Mount",-0.022,0.092,0.092,-0.023,0.071,0.000,30,W,0,,,,213570,118.78,0
580,1326.691,"Mount",-0.064,-0.045,-0.010,0.077,0.088,0.028,36,W,12,S,,,182733,104.26,0
581,1328.861,"Mount",0.087,0.062,0.015,-0.106,0.095,-0.037,39,W,16,N,,,201274,103.58,0
582,1331.261,"Mount",-0.050,-0.106,-0.071,0.094,-0.014,0.032,6,E,14,S,,,192098,104.69,0
583,1333.427,"Mount",-0.165,0.244,0.293,0.033,0.163,0.000,68,W,0,,,,200931,108.92,0
584,1335.910,"Mount",-0.064,0.310,0.305,-0.087,0.216,-0.031,90,W,13,N,,,188579,109.02,0
585,1338.177,"Mount",-0.073,-0.001,0.033,0.065,0.090,0.022,37,W,10,S,,,194024,105.83,0
586,1340.585,"Mount",-0.083,0.233,0.245,-0.034,0.224,0.000,93,W,0,,,,180595,104.04,0
587,1342.805,"Mount",-0.122,0.191,0.226,0.020,0.228,0.000,95,W,0,,,,204947,126.75,0
588,1345.268,"Mount",-0.165,0.321,0.361,-0.002,0.317,0.000,131,W,0,,,,198180,109.60,0
589,1347.491,"Mount",-0.040,0.134,0.137,-0.026,0.219,0.000,91,W,0,,,,193607,108.12,0
590,1349.946,"Mount",0.090,0.124,0.069,-0.137,0.221,-0.049,92,W,21,N,,,215354,131.29,0
591,1352.192,"Mount",0.164,0.152,0.059,-0.215,0.202,-0.079,84,W,34,N,,,208780,124.24,0
592,1354.651,"Mount",0.241,-0.093,-0.194,-0.171,0.140,-0.065,58,W,28,N,,,209851,125.59,0
593,1356.963,"Mount",-0.152,0.094,0.154,0.091,0.284,0.030,118,W,13,S,,,196533,118.48,0
594,1359.338,"Mount",-0.022,-0.051,-0.035,0.043,0.199,0.000,83,W,0,,,,190663,98.49,0
595,1361.461,"Mount",0.078,-0.202,-0.215,0.024,0.051,0.000,21,W,0,,,,218468,142.10,0
596,1363.794,"Mount",0.187,-0.289,-0.342,-0.033,-0.017,0.000,7,E,0,,,,186141,102.60,0
597,1366.017,"Mount",0.222,-0.138,-0.225,-0.133,0.014,-0.048,6,W,20,N,,,188863,90.77,0
598,1368.485,"Mount",0.249,-0.101,-0.204,-0.175,-0.015,-0.065,6,E,28,N,,,193415,113.53,0
599,1370.690,"Mount",0.158,-0.147,-0.203,-0.073,-0.042,-0.029,17,E,12,N,,,201452,114.94,0
600,1373.084,"Mount",0.127,-0.104,-0.151,-0.065,-0.038,-0.024,16,E,10,N,,,187018,107.53,0
601,1375.161,"Mount",0.050,-0.200,-0.201,0.048,-0.059,0.000,24,E,0,,,,200883,99.44,0
602,1377.588,"Mount",0.051,-0.336,-0.321,0.110,-0.134,0.040,55,E,17,S,,,191813,106.10,0
603,1379.672,"Mount",-0.005,-0.091,-0.079,0.046,-0.033,0.000,14,E,0,,,,184064,101.93,0
604,1381.985,"Mount",0.013,0.034,0.024,-0.027,-0.010,0.000,4,E,0,,,,181851,99.93,0
605,1384.173,"Mount",-0.007,0.201,0.182,-0.087,0.066,-0.031,27,W,13,N,,,183091,103.09,0
606,1386.485,"Mount",0.021,-0.006,-0.015,-0.016,0.007,0.000,3,W,0,,,,191738,104.04,0
607,1388.708,"Mount",-0.167,0.044,0.116,0.127,0.085,0.046,35,W,20,S,,,210446,118.35,0
608,1391.085,"Mount",-0.129,0.185,0.223,0.029,0.164,0.000,68,W,0,,,,195147,105.27,0
609,1393.259,"Mount",-0.113,0.093,0.134,0.058,0.186,0.000,77,W,0,,,,194152,109.82,0
610,1395.754,"Mount",0.074,0.340,0.268,-0.223,0.250,-0.080,104,W,34,N,,,181387,102.13,0
611,1397.990,"Mount",0.013,0.239,0.206,-0.122,0.183,-0.047,76,W,20,N,,,190243,101.21,0
612,1400.524,"Mount",-0.199,-0.028,0.067,0.189,0.154,0.066,64,W,28,S,,,191057,102.35,0
613,1402.778,"Mount",-0.153,0.342,0.374,-0.022,0.354,0.000,147,W,0,,,,192830,105.94,0
614,1405.279,"Mount",-0.044,0.233,0.227,-0.068,0.313,-0.025,130,W,11,N,,,194325,105.40,0
615,1407.508,"Mount",-0.075,0.102,0.126,0.019,0.277,0.000,115,W,0,,,,189646,105.34,0
616,1410.025,"Mount",0.003,0.212,0.187,-0.101,0.324,-0.036,134,W,15,N,,,189808,108.79,0
617,1412.319,"Mount",-0.120,0.065,0.113,0.076,0.318,0.026,132,W,11,S,,,197180,119.24,0
618,1414.805,"Mount",0.131,0.126,0.052,-0.174,0.288,-0.062,119,W,26,N,,,192979,109.42,0
619,1417.066,"Mount",0.195,-0.002,-0.091,-0.172,0.242,-0.064,100,W,28,N,,,204152,130.93,0
620,1419.484,"Mount",-0.032,-0.001,0.014,0.029,0.262,0.000,109,W,0,,,,201465,110.28,0
621,1421.609,"Mount",0.112,-0.186,-0.217,-0.013,0.157,0.000,65,W,0,,,,208439,125.23,0
622,1423.953,"Mount",0.129,-0.317,-0.341,0.032,0.136,0.000,56,W,0,,,,205459,126.85,0
623,1426.110,"Mount",0.066,-0.251,-0.253,0.058,0.119,0.000,49,W,0,,,,194858,111.77,0
624,1428.393,"Mount",0.103,-0.281,-0.297,0.038,0.004,0.000,2,W,0,,,,196935,107.28,0
625,1430.508,"Mount",-0.013,-0.033,-0.023,0.026,0.112,0.000,46,W,0,,,,192180,107.25,0
626,1432.866,"Mount",0.099,-0.165,-0.192,-0.012,0.020,0.000,8,W,0,,,,200291,121.82,0
627,1434.973,"Mount",0.072,-0.065,-0.091,-0.034,0.027,0.000,11,W,0,,,,193244,99.05,0
628,1437.322,"Mount",0.036,0.033,0.013,-0.048,0.053,0.000,22,W,0,,,,188282,105.10,0
629,1439.515,"Mount",0.026,-0.192,-0.182,0.066,-0.062,0.024,26,E,10,S,,,189705,105.42,0
630,1441.826,"Mount",0.109,-0.161,-0.193,-0.022,-0.078,0.000,32,E,0,,,,203225,123.70,0
631,1444.036,"Mount",-0.002,-0.191,-0.169,0.090,-0.085,0.032,35,E,14,S,,,211976,117.61,0
632,1446.350,"Mount",0.053,-0.076,-0.091,-0.012,-0.076,0.000,32,E,0,,,,204059,125.61,0
633,1448.504,"Mount",0.120,-0.238,-0.267,0.003,-0.146,0.000,61,E,0,,,,204525,98.66,0
634,1450.897,"Mount",-0.087,0.004,0.044,0.075,-0.029,0.027,12,E,12,S,,,201314,111.94,0
635,1453.040,"Mount",0.006,0.173,0.151,-0.086,0.027,-0.030,11,W,13,N,,,193267,119.44,0
636,1455.370,"Mount",-0.062,0.074,0.094,0.021,-0.001,0.000,1,E,0,,,,199861,105.32,0
637,1457.496,"Mount",0.024,-0.104,-0.103,0.026,-0.068,0.000,28,E,0,,,,192163,99.65,0
638,1459.809,"Mount",-0.028,0.049,0.056,0.002,-0.013,0.000,5,E,0,,,,191995,117.63,0
639,1461.996,"Mount",-0.173,0.118,0.185,0.099,0.080,0.036,33,W,15,S,,,205757,112.16,0
640,1464.392,"Mount",0.014,0.116,0.096,-0.066,0.056,-0.022,23,W,10,N,,,190895,105.23,0
641,1466.504,"Mount",0.008,0.010,0.005,-0.012,0.028,0.000,12,W,0,,,,186664,107.45,0
642,1468.943,"Mount",-0.277,0.085,0.203,0.206,0.122,0.074,51,W,32,S,,,187969,107.29,0
643,1471.107,"Mount",-0.154,0.129,0.185,0.077,0.099,0.031,41,W,13,S,,,201033,126.33,0
644,1473.519,"Mount",-0.063,0.261,0.261,-0.065,0.141,-0.022,58,W,9,N,,,193852,105.61,0
645,1475.596,"Mount",0.012,-0.076,-0.073,0.025,-0.021,0.000,9,E,0,,,,198081,118.40,0
646,1477.988,"Mount",-0.043,-0.095,-0.065,0.082,-0.010,0.030,4,E,13,S,,,189608,113.40,0
647,1480.119,"Mount",0.057,-0.174,-0.180,0.030,-0.061,0.000,25,E,0,,,,188993,100.07,0
648,1482.389,"Mount",0.026,-0.052,-0.058,0.001,0.021,0.000,9,W,0,,,,199304,114.48,0
649,1484.503,"Mount",-0.125,0.116,0.160,0.057,0.091,0.000,38,W,0,,,,195970,107.42,0
650,1486.801,"Mount",0.048,-0.109,-0.119,0.008,-0.044,0.000,18,E,0,,,,198321,114.38,0
651,1488.875,"Mount",-0.006,-0.086,-0.074,0.045,-0.043,0.000,18,E,0,,,,185961,94.63,0
652,1491.264,"Mount",0.181,0.088,-0.005,-0.201,-0.017,-0.072,7,E,31,N,,,201986,112.36,0
653,1493.391,"Mount",0.145,-0.047,-0.108,-0.107,-0.065,-0.041,27,E,18,N,,,174711,101.68,0
654,1495.753,"Mount",0.006,-0.128,-0.117,0.054,-0.082,0.000,34,E,0,,,,211138,119.97,0
655,1497.939,"Mount",0.093,-0.028,-0.068,-0.069,-0.069,-0.025,29,E,11,N,,,197848,120.18,0
656,1500.295,"Mount",0.100,-0.113,-0.146,-0.037,-0.101,0.000,42,E,0,,,,184171,108.89,0
657,1502.415,"Mount",0.040,0.049,0.025,-0.058,-0.028,0.000,12,E,0,,,,193943,108.38,0
658,1504.741,"Mount",-0.044,0.069,0.081,0.007,0.023,0.000,10,W,0,,,,186106,107.67,0
659,1506.914,"Mount",-0.171,0.295,0.341,0.015,0.146,0.000,61,W,0,,,,190090,103.59,0
660,1509.351,"Mount",-0.153,0.153,0.206,0.065,0.095,0.024,39,W,10,S,,,187602,101.55,0
661,1511.479,"Mount",-0.016,-0.102,-0.083,0.061,-0.010,0.023,4,E,10,S,,,199588,104.53,0
662,1513.870,"Mount",-0.065,-0.059,-0.023,0.085,0.036,0.031,15,W,13,S,,,191320,105.73,0
663,1516.002,"Mount",-0.101,0.101,0.136,0.043,0.099,0.000,41,W,0,,,,194964,98.69,0
664,1518.521,"Mount",-0.104,0.403,0.405,-0.094,0.239,-0.034,99,W,14,N,,,200759,133.11,0
665,1520.734,"Mount",0.010,0.055,0.044,-0.035,0.055,0.000,23,W,0,,,,192759,109.90,0
666,1523.091,"Mount",-0.043,-0.058,-0.032,0.065,0.050,0.023,21,W,10,S,,,176859,88.36,0
667,1525.211,"Mount",0.050,-0.004,-0.027,-0.042,0.053,0.000,22,W,0,,,,190877,115.39,0
668,1527.575,"Mount",-0.059,-0.165,-0.119,0.128,-0.011,0.046,5,E,20,S,,,191738,115.37,0
669,1529.671,"Mount",0.035,-0.075,-0.083,0.003,-0.011,0.000,4,E,0,,,,184494,95.46,0
670,1532.011,"Mount",0.076,-0.252,-0.259,0.049,-0.110,0.000,46,E,0,,,,192228,114.34,0
671,1534.134,"Mount",0.147,-0.055,-0.117,-0.105,-0.058,-0.038,24,E,16,N,,,189870,107.98,0
672,1536.463,"Mount",-0.069,-0.050,-0.013,0.084,-0.023,0.029,10,E,12,S,,,181845,94.88,0
673,1538.547,"Mount",0.031,-0.042,-0.052,-0.008,-0.051,0.000,21,E,0,,,,193751,111.83,0
674,1540.984,"Mount",0.140,-0.136,-0.185,-0.061,-0.162,-0.022,67,E,9,N,,,199572,123.78,0
675,1543.191,"Mount",-0.067,-0.084,-0.044,0.098,-0.086,0.034,36,E,15,S,,,202297,120.19,0
676,1545.658,"Mount",0.163,-0.104,-0.167,-0.096,-0.194,-0.033,80,E,14,N,,,200643,113.21,0
677,1547.859,"Mount",0.141,-0.155,-0.203,-0.053,-0.234,0.000,97,E,0,,,,195208,106.85,0
678,1550.347,"Mount",0.032,-0.252,-0.238,0.088,-0.270,0.032,112,E,14,S,,,189828,116.63,0
679,1552.597,"Mount",-0.041,-0.092,-0.063,0.079,-0.188,0.030,78,E,13,S,,,194880,113.17,0
680,1555.006,"Mount",0.016,0.048,0.036,-0.036,-0.172,0.000,71,E,0,,,,211615,113.04,0
681,1557.319,"Mount",-0.033,-0.250,-0.207,0.145,-0.258,0.052,107,E,22,S,,,199812,106.90,0
682,1559.702,"Mount",0.072,-0.093,-0.116,-0.021,-0.227,0.000,94,E,0,,,,190166,94.71,0
683,1561.892,"Mount",-0.102,0.012,0.058,0.085,-0.154,0.031,64,E,13,S,,,196533,112.25,0
684,1564.274,"Mount",0.043,-0.018,-0.036,-0.030,-0.145,0.000,60,E,0,,,,190976,116.65,0
685,1566.350,"Mount",-0.134,0.160,0.203,0.045,-0.026,0.000,11,E,0,,,,207284,125.77,0
686,1568.744,"Mount",-0.168,0.101,0.167,0.102,-0.016,0.037,7,E,16,S,,,179495,95.70,0
687,1570.845,"Mount",-0.054,0.148,0.156,-0.021,0.013,0.000,6,W,0,,,,196991,108.13,0
688,1573.200,"Mount",-0.004,-0.002,-0.000,0.004,-0.041,0.000,17,E,0,,,,193779,105.20,0
689,1575.434,"Mount",-0.182,0.047,0.125,0.139,0.026,0.050,11,W,21,S,,,201490,117.00,0
690,1577.824,"Mount",-0.070,-0.109,-0.064,0.113,-0.054,0.043,22,E,18,S,,,193833,116.48,0
691,1579.946,"Mount",-0.026,-0.003,0.010,0.025,-0.036,0.000,15,E,0,,,,201278,100.41,0
692,1582.307,"Mount",0.085,-0.088,-0.117,-0.034,-0.091,0.000,38,E,0,,,,194815,109.46,0
693,1584.496,"Mount",0.238,-0.247,-0.329,-0.097,-0.205,-0.035,85,E,15,N,,,193146,104.21,0
694,1586.922,"Mount",0.097,-0.054,-0.092,-0.061,-0.104,-0.023,43,E,10,N,,,184188,104.19,0
695,1589.110,"Mount",0.108,-0.012,-0.061,-0.091,-0.092,-0.034,38,E,14,N,,,195461,106.59,0
696,1591.491,"Mount",-0.027,0.088,0.091,-0.017,-0.044,0.000,18,E,0,,,,194860,103.76,0
697,1593.724,"Mount",-0.000,-0.239,-0.212,0.111,-0.208,0.040,86,E,17,S,,,178832,94.53,0
698,1596.210,"Mount",0.064,-0.267,-0.266,0.067,-0.258,0.026,107,E,11,S,,,198679,115.57,0
699,1598.423,"Mount",-0.095,-0.080,-0.027,0.121,-0.135,0.045,56,E,19,S,,,172624,88.62,0
700,1600.804,"Mount",-0.002,-0.061,-0.053,0.030,-0.167,0.000,69,E,0,,,,185056,102.70,0
701,1602.978,"Mount",0.070,-0.183,-0.195,0.023,-0.260,0.000,108,E,0,,,,192223,108.82,0
702,1605.457,"Mount",0.163,-0.112,-0.175,-0.093,-0.291,-0.033,121,E,14,N,,,202310,126.78,0
703,1607.711,"Mount",0.207,-0.081,-0.167,-0.146,-0.320,-0.054,133,E,23,N,,,193259,105.87,0
704,1610.142,"Mount",0.039,-0.184,-0.182,0.051,-0.343,0.000,142,E,0,,,,195371,106.34,0
705,1612.471,"Mount",0.084,-0.158,-0.179,-0.001,-0.357,0.000,148,E,0,,,,193126,112.87,0
706,1614.941,"Mount",0.060,-0.036,-0.060,-0.037,-0.336,0.000,140,E,0,,,,203632,121.49,0
707,1617.175,"Mount",-0.136,0.001,0.064,0.120,-0.260,0.043,108,E,19,S,,,197689,113.74,0
708,1619.627,"Mount",0.025,-0.022,-0.031,-0.012,-0.299,0.000,124,E,0,,,,182622,112.26,0
709,1621.986,"Mount",0.090,-0.034,-0.071,-0.064,-0.309,-0.023,128,E,10,N,,,188717,107.09,0
710,1624.483,"Mount",-0.057,-0.057,-0.025,0.077,-0.314,0.027,130,E,11,S,,,192979,112.05,0
711,1626.729,"Mount",-0.113,-0.020,0.034,0.109,-0.257,0.040,107,E,17,S,,,195819,95.35,0
712,1629.166,"Mount",-0.065,0.383,0.369,-0.119,-0.060,-0.041,25,E,18,N,,,184758,101.05,0
713,1631.351,"Mount",-0.220,0.276,0.346,0.068,-0.048,0.023,20,E,10,S,,,188344,104.11,0
714,1633.658,"Mount",-0.131,0.295,0.322,-0.020,-0.018,0.000,7,E,0,,,,190617,106.28,0
715,1635.780,"Mount",-0.213,0.294,0.359,0.053,0.012,0.000,5,W,0,,,,209825,121.85,0
716,1638.121,"Mount",-0.077,0.200,0.214,-0.024,-0.023,0.000,9,E,0,,,,200356,115.66,0
717,1640.210,"Mount",-0.004,0.044,0.041,-0.017,-0.085,0.000,35,E,0,,,,200108,111.86,0
718,1642.636,"Mount",-0.088,0.021,0.059,0.068,-0.080,0.024,33,E,10,S,,,201502,114.32,0
719,1644.779,"Mount",-0.087,0.030,0.067,0.063,-0.044,0.024,18,E,10,S,,,200386,114.43,0
720,1647.219,"Mount",-0.117,0.063,0.110,0.074,-0.027,0.028,11,E,12,S,,,216706,117.32,0
721,1649.386,"Mount",-0.055,0.163,0.170,-0.026,0.021,0.000,9,W,0,,,,199199,119.35,0
722,1651.746,"Mount",-0.079,0.002,0.038,0.069,-0.035,0.025,15,E,11,S,,,201302,124.08,0
723,1653.839,"Mount",0.006,0.109,0.094,-0.055,0.015,0.000,6,W,0,,,,198968,112.67,0
724,1656.137,"Mount",0.024,0.074,0.055,-0.056,-0.030,0.000,12,E,0,,,,205045,120.22,0
725,1658.279,"Mount",-0.014,0.035,0.038,-0.004,-0.018,0.000,7,E,0,,,,218693,128.11,0
726,1660.575,"Mount",0.029,-0.092,-0.095,0.017,-0.060,0.000,25,E,0,,,,183814,100.81,0
727,1662.722,"Mount",-0.017,0.102,0.098,-0.032,0.030,0.000,12,W,0,,,,207237,109.68,0
728,1665.101,"Mount",0.138,-0.096,-0.149,-0.078,-0.073,-0.028,30,E,12,N,,,185570,103.69,0
729,1667.242,"Mount",-0.077,0.015,0.049,0.062,0.003,0.021,1,W,9,S,,,193207,102.26,0
730,1669.538,"Mount",-0.013,0.061,0.061,-0.017,0.040,0.000,17,W,0,,,,202519,134.04,0
731,1671.721,"Mount",0.056,0.142,0.100,-0.115,0.063,-0.041,26,W,18,N,,,203953,121.07,0
732,1674.062,"Mount",-0.070,0.009,0.040,0.058,0.079,0.000,33,W,0,,,,187038,95.77,0
733,1676.253,"Mount",-0.152,0.093,0.153,0.092,0.155,0.033,64,W,14,S,,,192159,105.19,0
734,1678.595,"Mount",-0.076,0.035,0.066,0.051,0.046,0.000,19,W,0,,,,195857,124.13,0
735,1680.830,"Mount",-0.102,0.351,0.359,-0.072,0.189,-0.026,78,W,11,N,,,190271,108.17,0
736,1683.238,"Mount",-0.121,0.166,0.203,0.030,0.175,0.000,73,W,0,,,,206773,116.74,0
737,1685.430,"Mount",-0.043,0.194,0.192,-0.052,0.178,0.000,74,W,0,,,,189711,119.87,0
738,1687.857,"Mount",0.073,0.101,0.056,-0.111,0.110,-0.040,46,W,17,N,,,188546,104.61,0
739,1690.041,"Mount",-0.049,0.095,0.107,-0.000,0.179,0.000,74,W,0,,,,188261,100.84,0
740,1692.505,"Mount",-0.093,0.036,0.074,0.066,0.186,0.024,77,W,10,S,,,183331,97.67,0
741,1694.883,"Mount",-0.120,0.378,0.391,-0.068,0.342,-0.024,142,W,10,N,,,193223,114.15,0
742,1697.423,"Mount",0.112,0.280,0.197,-0.228,0.290,-0.083,120,W,36,N,,,203465,112.04,0
743,1699.706,"Mount",-0.018,0.184,0.171,-0.069,0.283,-0.028,117,W,12,N,,,197234,115.85,0
744,1702.140,"Mount",-0.020,0.150,0.143,-0.052,0.275,0.000,114,W,0,,,,209119,137.23,0
745,1704.373,"Mount",-0.118,0.274,0.298,-0.022,0.325,0.000,135,W,0,,,,209644,114.98,0
746,1706.837,"Mount",0.046,0.023,-0.001,-0.051,0.184,0.000,76,W,0,,,,188870,110.76,0
747,1709.032,"Mount",0.026,-0.027,-0.036,-0.011,0.152,0.000,63,W,0,,,,189435,109.05,0
748,1711.324,"Mount",0.169,-0.209,-0.263,-0.053,0.019,0.000,8,W,0,,,,186647,100.24,0
749,1713.416,"Mount",0.056,-0.093,-0.108,-0.006,0.068,0.000,28,W,0,,,,195241,106.69,0
750,1715.761,"Mount",0.133,-0.122,-0.170,-0.062,0.005,-0.022,2,W,10,N,,,202751,123.09,0
751,1717.964,"Mount",0.231,-0.311,-0.382,-0.062,-0.131,-0.023,54,E,10,N,,,201450,122.83,0
752,1720.353,"Mount",0.017,-0.197,-0.183,0.076,-0.063,0.026,26,E,11,S,,,204761,110.67,0
753,1722.415,"Mount",0.043,-0.171,-0.172,0.041,-0.061,0.000,25,E,0,,,,181558,96.62,0
754,1724.768,"Mount",0.126,-0.153,-0.194,-0.041,-0.065,0.000,27,E,0,,,,201208,109.78,0
755,1726.942,"Mount",0.160,-0.054,-0.121,-0.117,-0.045,-0.042,19,E,18,N,,,196044,99.18,0
756,1729.254,"Mount",0.017,-0.006,-0.013,-0.012,0.013,0.000,6,W,0,,,,194494,107.05,0
757,1731.438,"Mount",0.122,0.045,-0.016,-0.130,-0.003,-0.047,1,E,20,N,,,211249,116.71,0
758,1733.824,"Mount",0.202,0.058,-0.042,-0.206,0.006,-0.076,2,W,33,N,,,186244,101.19,0
759,1735.942,"Mount",0.028,-0.141,-0.138,0.040,-0.044,0.000,18,E,0,,,,202235,106.00,0
760,1738.288,"Mount",-0.011,-0.064,-0.052,0.039,0.066,0.000,27,W,0,,,,191846,102.80,0
761,1740.405,"Mount",-0.063,-0.007,0.023,0.059,0.124,0.000,51,W,0,,,,177368,106.11,0
762,1742.928,"Mount",-0.215,0.164,0.244,0.115,0.271,0.041,112,W,18,S,,,189742,101.64,0
763,1745.010,"Mount",-0.035,0.028,0.041,0.018,0.101,0.000,42,W,0,,,,193447,101.00,0
764,1747.404,"Mount",-0.173,0.222,0.277,0.051,0.192,0.000,80,W,0,,,,199990,109.01,0
765,1749.658,"Mount",-0.202,0.294,0.354,0.044,0.294,0.000,122,W,0,,,,204397,116.61,0
766,1752.191,"Mount",-0.248,0.156,0.252,0.149,0.321,0.053,133,W,23,S,,,194219,97.29,0
767,1754.485,"Mount",-0.210,0.267,0.334,0.063,0.371,0.025,154,W,11,S,,,210530,123.36,0
768,1757.005,"Mount",-0.198,0.246,0.309,0.063,0.394,0.024,164,W,10,S,,,191164,102.58,0
769,1759.227,"Mount",-0.204,0.297,0.358,0.044,0.434,0.000,180,W,0,,,,196425,111.72,0
770,1761.664,"Mount",-0.010,0.030,0.031,-0.005,0.284,0.000,118,W,0,,,,200524,119.35,0
771,1763.901,"Mount",-0.009,-0.004,0.001,0.010,0.288,0.000,119,W,0,,,,206604,124.86,0
772,1766.367,"Mount",-0.074,-0.012,0.023,0.071,0.274,0.026,114,W,11,S,,,205006,124.92,0
773,1768.562,"Mount",0.076,-0.045,-0.075,-0.047,0.209,0.000,87,W,0,,,,203781,115.09,0
774,1770.940,"Mount",-0.004,0.047,0.044,-0.018,0.240,0.000,100,W,0,,,,185418,98.42,0
775,1773.051,"Mount",0.114,-0.210,-0.239,-0.004,0.129,0.000,53,W,0,,,,176406,90.97,0
776,1775.457,"Mount",0.041,-0.244,-0.235,0.076,0.051,0.027,21,W,12,S,,,199677,119.83,0
777,1777.564,"Mount",-0.008,0.044,0.043,-0.013,0.109,0.000,45,W,0,,,,193179,117.80,0
778,1779.914,"Mount",0.050,-0.008,-0.030,-0.041,0.080,0.000,33,W,0,,,,196521,95.77,0
779,1782.021,"Mount",0.152,-0.121,-0.178,-0.079,-0.001,-0.028,0,,12,N,,,206390,126.33,0
780,1784.410,"Mount",0.012,0.114,0.096,-0.063,0.115,-0.024,48,W,10,N,,,187037,99.91,0
781,1786.511,"Mount",0.052,-0.042,-0.062,-0.027,0.014,0.000,6,W,0,,,,189190,108.94,0
782,1788.836,"Mount",0.096,-0.154,-0.181,-0.014,-0.060,0.000,25,E,0,,,,200340,102.70,0
783,1790.950,"Mount",0.048,-0.177,-0.179,0.039,-0.073,0.000,30,E,0,,,,189975,101.01,0
784,1793.369,"Mount",0.193,-0.125,-0.199,-0.113,-0.109,-0.041,45,E,17,N,,,178490,95.83,0
785,1795.554,"Mount",-0.008,-0.151,-0.130,0.077,-0.087,0.026,36,E,11,S,,,207159,127.11,0
786,1797.981,"Mount",0.107,-0.048,-0.092,-0.072,-0.078,-0.025,32,E,11,N,,,204156,126.75,0
787,1800.221,"Mount",-0.025,-0.197,-0.163,0.113,-0.114,0.040,47,E,17,S,,,184510,98.95,0
788,1802.602,"Mount",0.036,0.118,0.088,-0.086,-0.014,-0.030,6,E,13,N,,,187839,119.16,0
789,1804.818,"Mount",-0.005,0.231,0.208,-0.102,0.061,-0.038,25,W,16,N,,,196514,108.28,0
790,1807.208,"Mount",-0.074,0.004,0.037,0.063,-0.019,0.021,8,E,9,S,,,183677,101.95,0
791,1809.381,"Mount",-0.091,0.101,0.132,0.034,0.046,0.000,19,W,0,,,,201720,131.67,0
792,1811.797,"Mount",0.009,0.271,0.236,-0.133,0.117,-0.048,48,W,20,N,,,195570,112.37,0
793,1813.984,"Mount",0.021,0.232,0.197,-0.126,0.110,-0.047,46,W,20,N,,,193057,102.08,0
794,1816.290,"Mount",0.053,-0.127,-0.137,0.012,-0.021,0.000,9,E,0,,,,201284,110.52,0
795,1818.417,"Mount",0.099,-0.034,-0.076,-0.072,-0.016,-0.026,7,E,11,N,,,200923,110.05,0
796,1820.846,"Mount",-0.191,0.113,0.188,0.118,0.111,0.041,46,W,18,S,,,199508,118.91,0
797,1822.990,"Mount",0.124,0.089,0.022,-0.151,0.018,-0.053,8,W,23,N,,,191308,98.11,0
798,1825.306,"Mount",0.047,-0.054,-0.069,-0.016,-0.020,0.000,8,E,0,,,,196026,112.72,0
799,1827.470,"Mount",-0.039,-0.083,-0.056,0.073,0.012,0.026,5,W,11,S,,,186040,97.33,0
800,1829.878,"Mount",-0.126,-0.158,-0.082,0.185,-0.019,0.068,8,E,29,S,,,205914,123.50,0
801,1832.056,"Mount",0.071,0.015,-0.019,-0.070,0.029,-0.022,12,W,10,N,,,213938,115.17,0
802,1834.347,"Mount",-0.040,0.098,0.105,-0.010,0.060,0.000,25,W,0,,,,210583,115.90,0
803,1836.486,"Mount",-0.047,-0.127,-0.091,0.100,-0.047,0.036,19,E,15,S,,,203234,118.55,0
804,1838.878,"Mount",-0.124,-0.125,-0.053,0.168,-0.015,0.062,6,E,26,S,,,206981,130.67,0
805,1841.003,"Mount",0.007,-0.087,-0.080,0.033,-0.055,0.000,23,E,0,,,,198092,112.32,0
806,1843.286,"Mount",-0.049,0.053,0.069,0.019,0.002,0.000,1,W,0,,,,176641,98.47,0
807,1845.414,"Mount",0.059,-0.158,-0.168,0.021,-0.116,0.000,48,E,0,,,,192585,111.89,0
808,1847.803,"Mount",-0.125,-0.123,-0.051,0.167,-0.043,0.060,18,E,26,S,,,189065,107.47,0
809,1849.878,"Mount",-0.007,0.073,0.068,-0.028,0.005,0.000,2,W,0,,,,197714,115.40,0
810,1852.285,"Mount",-0.150,0.017,0.085,0.125,0.026,0.045,11,W,19,S,,,198357,108.60,0
811,1854.399,"Mount",-0.086,0.237,0.250,-0.033,0.108,0.000,45,W,0,,,,200284,109.57,0
812,1856.776,"Mount",-0.182,0.309,0.359,0.019,0.165,0.000,68,W,0,,,,198948,107.89,0
813,1858.957,"Mount",-0.195,0.255,0.316,0.055,0.164,0.000,68,W,0,,,,185161,103.61,0
814,1861.384,"Mount",-0.131,0.074,0.126,0.082,0.094,0.029,39,W,13,S,,,194894,107.28,0
815,1863.521,"Mount",-0.006,0.041,0.039,-0.014,0.046,0.000,19,W,0,,,,193043,116.31,0
816,1865.803,"Mount",0.029,0.049,0.030,-0.049,0.054,0.000,23,W,0,,,,200728,112.85,0
817,1867.991,"Mount",-0.118,-0.072,-0.009,0.138,0.047,0.050,20,W,21,S,,,195965,111.32,0
818,1870.367,"Mount",-0.127,-0.011,0.049,0.117,0.042,0.044,18,W,19,S,,,198137,115.86,0
819,1872.468,"Mount",0.009,0.078,0.065,-0.044,0.065,0.000,27,W,0,,,,186829,100.72,0
820,1874.819,"Mount",-0.012,0.030,0.033,-0.003,0.042,0.000,18,W,0,,,,208101,129.07,0
821,1876.922,"Mount",0.024,-0.082,-0.084,0.017,-0.012,0.000,5,E,0,,,,202803,109.87,0
822,1879.315,"Mount",0.007,-0.194,-0.175,0.083,-0.076,0.030,32,E,13,S,,,193696,105.26,0
823,1881.520,"Mount",-0.010,-0.187,-0.162,0.096,-0.085,0.036,35,E,15,S,,,201128,102.40,0
824,1883.853,"Mount",-0.036,-0.033,-0.013,0.047,-0.021,0.000,9,E,0,,,,187841,116.74,0
825,1886.061,"Mount",0.055,0.036,0.006,-0.066,-0.040,-0.024,17,E,10,N,,,198889,108.65,0
826,1888.472,"Mount",0.248,-0.202,-0.293,-0.127,-0.211,-0.047,87,E,20,N,,,201971,114.74,0
827,1890.634,"Mount",0.194,-0.278,-0.336,-0.044,-0.234,0.000,97,E,0,,,,201474,115.83,0
828,1893.078,"Mount",0.164,-0.161,-0.218,-0.071,-0.206,-0.026,86,E,11,N,,,193835,116.53,0
829,1895.287,"Mount",0.173,-0.162,-0.224,-0.078,-0.250,-0.029,104,E,12,N,,,194123,108.93,0
830,1897.852,"Mount",-0.033,-0.109,-0.082,0.080,-0.206,0.028,85,E,12,S,,,189107,103.17,0
831,1900.137,"Mount",0.032,-0.243,-0.231,0.084,-0.278,0.031,115,E,13,S,,,209101,120.02,0
832,1902.571,"Mount",0.159,0.018,-0.058,-0.149,-0.178,-0.052,74,E,22,N,,,202549,124.68,0
833,1904.769,"Mount",0.066,-0.143,-0.158,0.007,-0.247,0.000,102,E,0,,,,184312,94.22,0
834,1907.196,"Mount",0.000,-0.114,-0.102,0.052,-0.220,0.000,91,E,0,,,,192694,107.39,0
835,1909.410,"Mount",0.061,0.037,0.005,-0.071,-0.148,-0.026,61,E,11,N,,,189839,108.73,0
836,1911.841,"Mount",-0.065,0.023,0.050,0.047,-0.153,0.000,63,E,0,,,,186020,108.98,0
837,1914.051,"Mount",-0.191,0.074,0.154,0.135,-0.053,0.049,22,E,21,S,,,202799,120.60,0
838,1916.430,"Mount",-0.235,0.014,0.121,0.202,-0.033,0.075,14,E,32,S,,,207294,122.78,0
839,1918.605,"Mount",-0.239,0.105,0.203,0.164,0.039,0.062,16,W,27,S,,,197680,111.55,0
840,1921.100,"Mount",-0.240,0.198,0.286,0.121,0.087,0.046,36,W,20,S,,,204986,121.34,0
841,1923.284,"Mount",-0.123,0.034,0.087,0.094,0.008,0.036,3,W,15,S,,,199750,114.14,0
842,1925.633,"Mount",-0.070,0.138,0.155,-0.002,0.042,0.000,17,W,0,,,,199100,127.69,0
843,1927.761,"Mount",-0.098,0.147,0.175,0.020,0.040,0.000,17,W,0,,,,207528,114.95,0
844,1930.148,"Mount",0.068,-0.086,-0.108,-0.021,-0.089,0.000,37,E,0,,,,187650,102.83,0
845,1932.321,"Mount",0.141,-0.243,-0.281,-0.013,-0.192,0.000,80,E,0,,,,189295,106.50,0
846,1934.802,"Mount",0.160,-0.232,-0.280,-0.035,-0.185,0.000,77,E,0,,,,196484,100.78,0
847,1937.088,"Mount",0.057,-0.353,-0.340,0.113,-0.225,0.041,93,E,17,S,,,199902,107.33,0
848,1939.537,"Mount",-0.016,-0.101,-0.082,0.060,-0.131,0.023,54,E,10,S,,,197719,116.34,0
849,1941.725,"Mount",0.091,-0.190,-0.210,0.007,-0.220,0.000,91,E,0,,,,197155,110.72,0
850,1944.203,"Mount",0.219,-0.179,-0.260,-0.112,-0.259,-0.040,107,E,17,N,,,194546,105.46,0
851,1946.406,"Mount",0.163,-0.240,-0.288,-0.034,-0.285,0.000,118,E,0,,,,199472,117.74,0
852,1948.875,"Mount",0.134,-0.086,-0.138,-0.079,-0.234,-0.028,97,E,12,N,,,204992,108.53,0
853,1951.147,"Mount",0.125,-0.075,-0.124,-0.076,-0.249,-0.029,103,E,12,N,,,187476,100.74,0
854,1953.705,"Mount",0.231,-0.249,-0.328,-0.089,-0.379,-0.033,157,E,14,N,,,191839,122.91,0
855,1955.970,"Mount",0.166,-0.034,-0.106,-0.131,-0.301,-0.049,125,E,21,N,,,191993,113.53,0
856,1958.425,"Mount",0.077,-0.220,-0.231,0.033,-0.378,0.000,157,E,0,,,,191382,108.09,0
857,1960.671,"Mount",0.081,-0.187,-0.203,0.014,-0.382,0.000,159,E,0,,,,188412,112.38,0
858,1963.203,"Mount",0.179,0.061,-0.029,-0.187,-0.333,-0.067,138,E,29,N,,,201270,112.07,0
859,1965.520,"Mount",0.025,-0.242,-0.227,0.090,-0.387,0.030,161,E,13,S,,,196861,119.23,0
860,1967.961,"Mount",0.028,-0.070,-0.075,0.007,-0.330,0.000,137,E,0,,,,186120,92.81,0
861,1970.259,"Mount",-0.147,0.003,0.070,0.129,-0.258,0.047,107,E,20,S,,,189455,114.17,0
862,1972.705,"Mount",0.009,0.093,0.079,-0.051,-0.267,0.000,111,E,0,,,,199912,116.70,0
863,1974.908,"Mount",-0.010,0.186,0.170,-0.077,-0.154,-0.028,64,E,12,N,,,187258,100.65,0
864,1977.268,"Mount",-0.099,0.224,0.245,-0.015,-0.082,0.000,34,E,0,,,,191554,103.50,0
865,1979.406,"Mount",-0.098,0.320,0.329,-0.061,-0.034,-0.022,14,E,9,N,,,201392,114.50,0
866,1981.838,"Mount",-0.201,0.160,0.235,0.105,-0.040,0.037,17,E,16,S,,,201062,114.39,0
867,1983.898,"Mount",-0.090,0.177,0.199,-0.002,-0.054,0.000,23,E,0,,,,201564,123.06,0
868,1986.275,"Mount",0.023,0.127,0.102,-0.079,-0.067,-0.029,28,E,12,N,,,202370,111.66,0
869,1988.322,"Mount",-0.063,0.164,0.175,-0.020,-0.020,0.000,8,E,0,,,,190240,115.64,0
870,1990.738,"Mount",-0.160,0.088,0.152,0.102,-0.020,0.037,8,E,16,S,,,198025,109.19,0
871,1992.942,"Mount",0.050,-0.092,-0.104,-0.002,-0.121,0.000,50,E,0,,,,179076,95.44,0
872,1995.289,"Mount",0.000,0.017,0.015,-0.008,-0.058,0.000,24,E,0,,,,206436,115.45,0
873,1997.367,"Mount",-0.051,0.032,0.052,0.031,-0.051,0.000,21,E,0,,,,190384,109.84,0
874,1999.869,"Mount",-0.214,0.320,0.383,0.042,0.142,0.000,59,W,0,,,,197663,113.82,0
875,2002.118,"Mount",-0.033,0.233,0.222,-0.079,0.072,-0.028,30,W,12,N,,,205028,132.85,0
876,2004.387,"Mount",0.007,-0.043,-0.042,0.014,-0.021,0.000,9,E,0,,,,191955,115.85,0
877,2006.499,"Mount",-0.088,0.104,0.133,0.030,0.050,0.000,21,W,0,,,,203977,108.98,0
878,2008.780,"Mount",0.072,-0.021,-0.052,-0.054,-0.013,0.000,6,E,0,,,,184025,99.94,0
879,2010.880,"Mount",0.059,-0.011,-0.036,-0.047,-0.017,0.000,7,E,0,,,,195739,114.16,0
880,2013.245,"Mount",0.138,0.078,0.005,-0.159,-0.014,-0.057,6,E,24,N,,,194683,109.36,0
881,2015.438,"Mount",0.179,-0.078,-0.152,-0.123,-0.067,-0.046,28,E,20,N,,,189900,102.27,0
882,2017.813,"Mount",-0.120,-0.003,0.052,0.108,0.014,0.037,6,W,16,S,,,188882,120.62,0
883,2019.950,"Mount",-0.106,0.113,0.149,0.042,0.092,0.000,38,W,0,,,,197600,111.15,0
884,2022.328,"Mount",-0.085,0.053,0.086,0.051,0.134,0.000,56,W,0,,,,207673,127.58,0
885,2024.469,"Mount",-0.055,0.001,0.026,0.048,0.091,0.000,38,W,0,,,,210309,117.32,0
886,2026.879,"Mount",0.033,0.136,0.106,-0.092,0.068,-0.033,28,W,14,N,,,196968,104.38,0
887,2029.028,"Mount",-0.078,0.109,0.132,0.019,0.093,0.000,39,W,0,,,,197339,133.38,0
888,2031.405,"Mount",-0.104,0.114,0.149,0.039,0.149,0.000,62,W,0,,,,183468,95.83,0
889,2033.525,"Mount",-0.067,0.087,0.109,0.019,0.142,0.000,59,W,0,,,,202677,105.46,0
890,2035.994,"Mount",-0.164,0.047,0.117,0.123,0.163,0.044,68,W,19,S,,,192168,113.84,0
891,2038.186,"Mount",-0.123,0.326,0.346,-0.041,0.291,0.000,121,W,0,,,,202930,115.25,0
892,2040.696,"Mount",-0.045,0.277,0.267,-0.088,0.281,-0.032,117,W,14,N,,,202394,112.17,0
893,2042.879,"Mount",-0.073,0.026,0.057,0.052,0.180,0.000,75,W,0,,,,174666,91.11,0
894,2045.338,"Mount",-0.101,-0.114,-0.055,0.142,0.205,0.051,85,W,22,S,,,189511,108.29,0
895,2047.495,"Mount",-0.017,0.078,0.077,-0.021,0.235,0.000,97,W,0,,,,206406,128.98,0
896,2049.896,"Mount",0.012,-0.046,-0.046,0.010,0.200,0.000,83,W,0,,,,186556,111.54,0
897,2052.158,"Mount",0.194,-0.057,-0.140,-0.146,0.130,-0.053,54,W,22,N,,,180779,97.66,0
898,2054.534,"Mount",0.021,-0.057,-0.060,0.008,0.149,0.000,62,W,0,,,,194701,102.19,0
899,2056.690,"Mount",0.115,0.037,-0.021,-0.119,0.135,-0.043,56,W,18,N,,,197507,118.02,0
900,2059.100,"Mount",0.021,-0.205,-0.192,0.076,0.041,0.026,17,W,11,S,,,200811,107.96,0
901,2061.254,"Mount",0.059,-0.212,-0.215,0.045,0.009,0.000,4,W,0,,,,195176,115.11,0
902,2063.692,"Mount",0.009,-0.181,-0.165,0.076,-0.003,0.027,1,E,12,S,,,189180,99.96,0
903,2065.737,"Mount",0.062,-0.135,-0.148,0.007,-0.025,0.000,10,E,0,,,,187749,98.80,0
904,2068.077,"Mount",0.066,-0.146,-0.160,0.009,-0.044,0.000,18,E,0,,,,191459,109.09,0
905,2070.188,"Mount",0.136,-0.214,-0.253,-0.021,-0.094,0.000,39,E,0,,,,192948,106.92,0
906,2072.485,"Mount",0.064,-0.070,-0.092,-0.024,-0.019,0.000,8,E,0,,,,188097,106.53,0
907,2074.596,"Mount",0.047,-0.144,-0.150,0.025,-0.064,0.000,27,E,0,,,,195358,108.89,0
908,2076.974,"Mount",0.143,-0.002,-0.068,-0.126,-0.021,-0.045,9,E,19,N,,,195215,103.30,0
909,2079.082,"Mount",-0.036,-0.044,-0.022,0.052,-0.011,0.000,4,E,0,,,,192330,104.20,0
910,2081.366,"Mount",0.020,0.069,0.052,-0.049,0.000,0.000,0,,0,,,,200977,128.54,0
911,2083.583,"Mount",0.097,0.157,0.095,-0.159,0.055,-0.057,23,W,24,N,,,184736,95.55,0
912,2086.086,"Mount",0.051,0.429,0.357,-0.244,0.209,-0.090,87,W,38,N,,,195112,106.53,0
913,2088.375,"Mount",0.027,0.193,0.159,-0.113,0.195,-0.044,81,W,19,N,,,188371,102.19,0
914,2090.784,"Mount",0.002,0.055,0.048,-0.027,0.197,0.000,82,W,0,,,,199297,122.43,0
915,2092.970,"Mount",-0.126,0.128,0.172,0.052,0.205,0.000,85,W,0,,,,198028,111.58,0
916,2095.452,"Mount",-0.090,0.337,0.340,-0.076,0.244,-0.027,101,W,12,N,,,200037,114.67,0
917,2097.673,"Mount",-0.107,0.271,0.290,-0.030,0.263,0.000,109,W,0,,,,202553,120.10,0
918,2100.223,"Mount",-0.270,0.156,0.263,0.167,0.324,0.060,134,W,26,S,,,205546,109.37,0
919,2102.428,"Mount",-0.213,0.319,0.381,0.041,0.403,0.000,167,W,0,,,,204472,112.72,0
920,2104.880,"Mount",-0.041,0.179,0.177,-0.047,0.325,0.000,135,W,0,,,,189569,99.40,0
921,2107.153,"Mount",0.027,0.110,0.085,-0.075,0.298,-0.027,124,W,12,N,,,200913,110.77,0
922,2109.648,"Mount",0.148,-0.113,-0.169,-0.079,0.192,-0.030,80,W,13,N,,,195155,109.56,0
923,2111.885,"Mount",0.027,-0.192,-0.183,0.064,0.177,0.022,74,W,9,S,,,200869,107.71,0
924,2114.309,"Mount",0.062,-0.088,-0.107,-0.014,0.206,0.000,85,W,0,,,,203907,108.53,0
925,2116.463,"Mount",-0.010,0.006,0.010,0.007,0.221,0.000,92,W,0,,,,205675,116.15,0
926,2119.079,"Mount",0.114,-0.071,-0.116,-0.069,0.191,-0.025,79,W,11,N,,,189278,95.50,0
927,2121.338,"Mount",0.066,-0.090,-0.110,-0.017,0.194,0.000,81,W,0,,,,194381,119.53,0
928,2123.752,"Mount",-0.016,-0.101,-0.082,0.061,0.138,0.022,57,W,9,S,,,201407,108.68,0
929,2125.830,"Mount",0.103,-0.153,-0.183,-0.020,0.040,0.000,17,W,0,,,,207850,138.06,0
930,2128.143,"Mount",0.083,-0.209,-0.223,0.023,-0.011,0.000,5,E,0,,,,192491,108.25,0
931,2130.223,"Mount",0.055,-0.216,-0.217,0.052,-0.029,0.000,12,E,0,,,,191637,104.88,0
932,2132.525,"Mount",0.061,-0.134,-0.147,0.008,-0.017,0.000,7,E,0,,,,205960,123.43,0
933,2134.634,"Mount",-0.075,-0.008,0.027,0.070,0.022,0.025,9,W,11,S,,,193971,116.72,0
934,2136.944,"Mount",0.026,-0.166,-0.160,0.053,-0.075,0.000,31,E,0,,,,183366,101.85,0
935,2139.026,"Mount",0.033,-0.048,-0.058,-0.007,-0.021,0.000,9,E,0,,,,189840,101.07,0
936,2141.432,"Mount",0.127,0.049,-0.015,-0.135,-0.044,-0.049,18,E,21,N,,,182007,94.52,0
937,2143.507,"Mount",0.055,-0.132,-0.142,0.012,-0.099,0.000,41,E,0,,,,200208,114.90,0
938,2145.882,"Mount",0.080,-0.149,-0.169,-0.002,-0.105,0.000,44,E,0,,,,199693,117.75,0
939,2148.071,"Mount",-0.066,-0.067,-0.029,0.089,-0.031,0.032,13,E,14,S,,,194373,109.41,0
940,2150.426,"Mount",-0.106,-0.056,-0.001,0.120,-0.035,0.044,15,E,19,S,,,204436,135.35,0
941,2152.534,"Mount",-0.074,-0.046,-0.007,0.086,-0.026,0.033,11,E,14,S,,,181166,89.36,0
942,2154.925,"Mount",-0.104,0.010,0.056,0.087,-0.015,0.033,6,E,14,S,,,187134,106.49,0
943,2157.067,"Mount",-0.139,0.049,0.108,0.101,0.038,0.038,16,W,16,S,,,176834,96.96,0
944,2159.536,"Mount",-0.054,0.233,0.232,-0.060,0.108,-0.020,45,W,9,N,,,196627,117.55,0
945,2161.666,"Mount",-0.159,0.261,0.306,0.021,0.146,0.000,60,W,0,,,,200300,112.09,0
946,2164.085,"Mount",-0.140,0.018,0.080,0.116,0.071,0.042,29,W,18,S,,,206356,113.02,0
947,2166.258,"Mount",-0.054,0.117,0.128,-0.006,0.069,0.000,29,W,0,,,,179373,93.09,0
948,2168.711,"Mount",-0.195,-0.007,0.083,0.177,0.062,0.064,26,W,27,S,,,188223,98.07,0
949,2170.912,"Mount",-0.025,0.238,0.223,-0.088,0.123,-0.029,51,W,12,N,,,194667,110.30,0
950,2173.196,"Mount",-0.011,0.104,0.097,-0.038,0.059,0.000,24,W,0,,,,201647,109.58,0
951,2175.401,"Mount",0.026,0.135,0.108,-0.086,0.067,-0.031,28,W,13,N,,,186233,111.05,0
952,2177.712,"Mount",-0.037,0.012,0.028,0.027,0.018,0.000,7,W,0,,,,186373,99.21,0
953,2179.865,"Mount",-0.080,-0.048,-0.006,0.094,0.030,0.034,13,W,14,S,,,189791,101.55,0
954,2182.145,"Mount",0.032,-0.058,-0.066,-0.002,-0.014,0.000,6,E,0,,,,183802,94.25,0
955,2184.218,"Mount",0.046,-0.023,-0.042,-0.030,-0.007,0.000,3,E,0,,,,191958,109.66,0
956,2186.504,"Mount",0.061,-0.060,-0.081,-0.027,-0.060,0.000,25,E,0,,,,196079,107.39,0
957,2188.658,"Mount",0.067,0.111,0.067,-0.111,0.008,-0.040,3,W,17,N,,,189675,108.47,0
958,2191.003,"Mount",0.036,0.056,0.034,-0.058,-0.036,0.000,15,E,0,,,,201702,111.43,0
959,2193.142,"Mount",-0.084,-0.040,0.003,0.093,-0.043,0.033,18,E,14,S,,,201264,127.56,0
960,2195.644,"Mount",0.239,0.037,-0.078,-0.229,-0.077,-0.081,32,E,35,N,,,196150,113.66,0
961,2197.755,"Mount",-0.064,0.115,0.132,0.004,0.033,0.000,14,W,0,,,,193976,101.93,0
962,2200.114,"Mount",-0.069,0.152,0.166,-0.009,0.068,0.000,28,W,0,,,,189834,95.40,0
963,2202.300,"Mount",-0.115,-0.060,0.000,0.129,0.007,0.047,3,W,20,S,,,189412,106.61,0
964,2204.685,"Mount",-0.153,0.308,0.344,-0.006,0.159,0.000,66,W,0,,,,203231,114.08,0
965,2206.800,"Mount",-0.113,0.311,0.328,-0.043,0.171,0.000,71,W,0,,,,181182,97.07,0
966,2209.132,"Mount",-0.035,0.018,0.032,0.023,0.039,0.000,16,W,0,,,,204918,107.38,0
967,2211.319,"Mount",0.171,-0.010,-0.088,-0.147,-0.003,-0.053,1,E,23,N,,,198544,101.24,0
968,2213.727,"Mount",0.085,0.056,0.010,-0.101,0.052,-0.039,21,W,17,N,,,196375,107.34,0
969,2215.868,"Mount",-0.048,0.044,0.061,0.022,0.077,0.000,32,W,0,,,,205424,128.64,0
970,2218.194,"Mount",0.030,-0.002,-0.015,-0.026,0.045,0.000,19,W,0,,,,192556,111.53,0
971,2220.290,"Mount",0.104,-0.115,-0.150,-0.039,-0.035,0.000,15,E,0,,,,196423,107.84,0
972,2222.615,"Mount",0.115,-0.130,-0.169,-0.042,-0.036,0.000,15,E,0,,,,207810,116.22,0
973,2224.816,"Mount",0.137,0.018,-0.047,-0.130,0.025,-0.047,10,W,20,N,,,198970,122.44,0
974,2227.258,"Mount",0.162,-0.012,-0.085,-0.139,-0.042,-0.052,17,E,22,N,,,200661,116.72,0
975,2229.358,"Mount",0.015,-0.007,-0.014,-0.010,-0.016,0.000,7,E,0,,,,192662,114.80,0
976,2231.707,"Mount",0.142,-0.006,-0.071,-0.124,-0.061,-0.044,25,E,19,N,,,190891,100.53,0
977,2233.933,"Mount",0.157,-0.033,-0.102,-0.124,-0.090,-0.046,37,E,20,N,,,200229,111.65,0
978,2236.425,"Mount",0.178,-0.157,-0.221,-0.085,-0.184,-0.032,76,E,14,N,,,190534,104.21,0
979,2238.772,"Mount",0.138,-0.135,-0.183,-0.060,-0.173,-0.023,72,E,10,N,,,191540,96.76,0
980,2241.224,"Mount",0.112,-0.068,-0.112,-0.068,-0.174,-0.025,72,E,11,N,,,205357,129.01,0
981,2243.383,"Mount",0.129,-0.119,-0.165,-0.060,-0.230,0.000,95,E,0,,,,208094,110.53,0
982,2245.798,"Mount",0.076,-0.094,-0.118,-0.023,-0.229,0.000,95,E,0,,,,184093,96.28,0
983,2248.097,"Mount",-0.030,-0.268,-0.224,0.150,-0.276,0.054,115,E,23,S,,,194583,114.23,0
984,2250.598,"Mount",-0.022,-0.179,-0.149,0.103,-0.256,0.039,106,E,17,S,,,196892,111.56,0
985,2252.767,"Mount",0.002,0.048,0.042,-0.024,-0.177,0.000,73,E,0,,,,205752,126.43,0
986,2255.167,"Mount",-0.069,0.019,0.048,0.052,-0.178,0.000,74,E,0,,,,195959,108.05,0
987,2257.241,"Mount",-0.107,0.194,0.222,0.005,-0.048,0.000,20,E,0,,,,192984,104.67,0
988,2259.595,"Mount",-0.097,0.303,0.313,-0.054,-0.006,0.000,2,E,0,,,,198683,112.35,0
989,2261.796,"Mount",0.012,0.209,0.180,-0.107,-0.022,-0.038,9,E,16,N,,,219293,125.80,0
990,2264.098,"Mount",-0.112,0.087,0.129,0.060,-0.024,0.000,10,E,0,,,,186853,100.61,0
991,2266.227,"Mount",-0.036,0.180,0.177,-0.051,0.038,0.000,16,W,0,,,,193611,108.40,0
992,2268.572,"Mount",-0.116,0.039,0.088,0.085,0.008,0.031,3,W,13,S,,,195794,100.55,0
993,2270.681,"Mount",-0.041,0.093,0.102,-0.006,0.011,0.000,4,W,0,,,,205402,122.58,0
994,2273.043,"Mount",-0.075,-0.012,0.024,0.072,-0.032,0.026,13,E,11,S,,,193872,97.88,0
995,2275.228,"Mount",-0.079,-0.138,-0.086,0.134,-0.090,0.049,37,E,21,S,,,217174,136.25,0
996,2277.580,"Mount",0.073,-0.036,-0.065,-0.049,-0.087,0.000,36,E,0,,,,198717,116.22,0
997,2279.759,"Mount",-0.027,-0.085,-0.063,0.064,-0.100,0.023,41,E,10,S,,,208627,123.14,0
998,2282.104,"Mount",-0.021,-0.023,-0.011,0.029,-0.090,0.000,37,E,0,,,,203337,111.44,0
999,2284.282,"Mount",0.130,-0.161,-0.203,-0.041,-0.171,0.000,71,E,0,,,,197744,111.17,0
1000,2286.685,"Mount",0.147,-0.155,-0.205,-0.059,-0.185,0.000,77,E,0,,,,191888,110.86,0
1001,2288.870,"Mount",0.120,-0.260,-0.286,0.014,-0.239,0.000,99,E,0,,,,194152,122.34,0
1002,2291.371,"Mount",0.037,-0.234,-0.225,0.076,-0.234,0.027,97,E,12,S,,,206484,121.19,0
1003,2293.566,"Mount",0.079,-0.118,-0.141,-0.015,-0.202,0.000,84,E,0,,,,190296,96.04,0
1004,2296.078,"Mount",0.230,-0.168,-0.255,-0.127,-0.277,-0.046,115,E,20,N,,,211434,124.16,0
1005,2298.473,"Mount",0.206,-0.128,-0.208,-0.123,-0.283,-0.046,118,E,20,N,,,199287,102.84,0
1006,2301.014,"Mount",0.197,-0.215,-0.281,-0.075,-0.355,-0.029,147,E,12,N,,,208408,118.27,0
1007,2303.261,"Mount",0.160,-0.250,-0.296,-0.026,-0.388,0.000,161,E,0,,,,202913,111.79,0
1008,2305.729,"Mount",0.052,-0.191,-0.194,0.042,-0.368,0.000,152,E,0,,,,212490,121.86,0
1009,2308.036,"Mount",0.143,-0.203,-0.246,-0.033,-0.402,0.000,167,E,0,,,,183909,98.63,0
1010,2310.557,"Mount",0.034,-0.138,-0.138,0.034,-0.402,0.000,167,E,0,,,,199343,103.21,0
1011,2312.843,"Mount",-0.133,0.043,0.099,0.098,-0.296,0.035,123,E,15,S,,,223588,140.72,0
1012,2315.301,"Mount",-0.087,0.054,0.088,0.052,-0.263,0.000,109,E,0,,,,205743,112.66,0
1013,2317.504,"Mount",-0.101,0.148,0.178,0.022,-0.209,0.000,87,E,0,,,,194476,112.66,0
1014,2319.945,"Mount",-0.237,0.181,0.270,0.126,-0.170,0.046,70,E,19,S,,,190024,113.65,0
1015,2322.134,"Mount",-0.176,0.183,0.243,0.071,-0.147,0.027,61,E,12,S,,,190636,115.81,0
1016,2324.567,"Mount",-0.307,0.103,0.232,0.225,-0.101,0.082,42,E,35,S,,,190770,100.06,0
1017,2326.712,"Mount",-0.219,0.264,0.335,0.072,-0.027,0.029,11,E,13,S,,,191919,128.78,0
1018,2329.004,"Mount",-0.204,0.275,0.338,0.054,0.017,0.000,7,W,0,,,,182285,100.92,0
1019,2331.166,"Mount",-0.205,0.321,0.379,0.034,0.034,0.000,14,W,0,,,,205883,113.30,0
1020,2333.640,"Mount",-0.223,0.123,0.212,0.141,-0.028,0.051,12,E,22,S,,,202587,130.19,0
1021,2335.794,"Mount",-0.223,0.098,0.190,0.153,-0.021,0.057,9,E,24,S,,,198304,102.50,0
1022,2338.125,"Mount",-0.127,0.095,0.143,0.069,-0.024,0.027,10,E,12,S,,,214171,125.53,0
1023,2340.234,"Mount",-0.057,0.061,0.080,0.023,-0.041,0.000,17,E,0,,,,192469,110.39,0
1024,2342.523,"Mount",-0.070,0.077,0.100,0.027,-0.021,0.000,9,E,0,,,,185799,115.97,0
1025,2344.690,"Mount",-0.115,-0.011,0.043,0.107,-0.051,0.038,21,E,16,S,,,195713,108.67,0
1026,2347.033,"Mount",-0.041,-0.014,0.006,0.042,-0.039,0.000,16,E,0,,,,197518,119.27,0
1027,2349.124,"Mount",-0.018,-0.016,-0.006,0.023,-0.029,0.000,12,E,0,,,,196642,114.14,0
1028,2351.526,"Mount",-0.078,-0.016,0.022,0.076,-0.042,0.027,17,E,12,S,,,198310,95.58,0
1029,2353.697,"Mount",-0.145,0.001,0.067,0.129,0.005,0.047,2,W,20,S,,,205435,109.80,0
1030,2356.022,"Mount",-0.099,0.002,0.048,0.087,-0.026,0.033,11,E,14,S,,,182878,98.40,0
1031,2358.143,"Mount",-0.129,0.193,0.231,0.025,0.085,0.000,35,W,0,,,,206259,116.64,0
1032,2360.535,"Mount",0.025,0.098,0.075,-0.067,0.017,-0.024,7,W,10,N,,,184222,99.54,0
1033,2362.643,"Mount",-0.055,0.078,0.095,0.013,0.043,0.000,18,W,0,,,,198462,118.24,0
1034,2365.061,"Mount",-0.137,0.019,0.079,0.113,0.049,0.041,20,W,17,S,,,187913,101.58,0
1035,2367.186,"Mount",-0.036,0.070,0.079,-0.000,0.056,0.000,23,W,0,,,,195601,124.03,0
1036,2369.618,"Mount",-0.169,0.020,0.096,0.141,0.088,0.051,37,W,22,S,,,190791,100.32,0
1037,2371.815,"Mount",-0.163,0.364,0.399,-0.023,0.279,0.000,116,W,0,,,,192533,115.43,0
1038,2374.203,"Mount",-0.053,0.214,0.215,-0.052,0.163,0.000,68,W,0,,,,202341,107.36,0
1039,2376.342,"Mount",-0.064,0.152,0.164,-0.013,0.107,0.000,45,W,0,,,,190846,115.79,0
1040,2378.837,"Mount",-0.118,0.351,0.365,-0.058,0.254,0.000,105,W,0,,,,195443,115.75,0
1041,2381.039,"Mount",0.100,0.026,-0.022,-0.101,0.100,-0.036,41,W,16,N,,,191240,99.78,0
1042,2383.469,"Mount",-0.139,0.395,0.414,-0.059,0.305,0.000,127,W,0,,,,200511,128.93,0
1043,2385.706,"Mount",-0.069,0.300,0.298,-0.078,0.276,-0.028,114,W,12,N,,,196997,111.55,0
1044,2388.119,"Mount",-0.036,0.074,0.082,-0.002,0.216,0.000,89,W,0,,,,205349,115.16,0
1045,2390.301,"Mount",-0.035,0.011,0.026,0.026,0.178,0.000,74,W,0,,,,189174,105.59,0
1046,2392.789,"Mount",-0.061,-0.055,-0.021,0.080,0.206,0.029,85,W,12,S,,,206851,114.90,0
1047,2395.024,"Mount",0.076,0.027,-0.011,-0.080,0.196,-0.028,81,W,12,N,,,193298,99.63,0
1048,2397.477,"Mount",0.056,0.078,0.043,-0.085,0.200,-0.032,83,W,14,N,,,204738,106.28,0
1049,2399.687,"Mount",0.155,0.007,-0.065,-0.141,0.164,-0.052,68,W,22,N,,,201777,115.92,0
1050,2402.043,"Mount",0.061,-0.133,-0.146,0.008,0.115,0.000,48,W,0,,,,193320,114.22,0
1051,2404.167,"Mount",0.172,-0.233,-0.286,-0.045,0.014,0.000,6,W,0,,,,203303,116.33,0
1052,2406.525,"Mount",0.231,-0.232,-0.312,-0.097,-0.035,-0.035,15,E,15,N,,,195442,112.22,0
1053,2408.672,"Mount",0.231,-0.203,-0.286,-0.112,-0.023,-0.042,10,E,18,N,,,194704,111.61,0
1054,2410.958,"Mount",0.104,-0.083,-0.121,-0.054,0.009,0.000,4,W,0,,,,213671,113.49,0
1055,2413.069,"Mount",-0.034,-0.033,-0.013,0.045,0.033,0.000,14,W,0,,,,190213,110.03,0
1056,2415.464,"Mount",0.215,-0.202,-0.279,-0.097,-0.105,-0.035,44,E,15,N,,,195223,108.95,0
1057,2417.525,"Mount",0.028,-0.045,-0.053,-0.004,0.010,0.000,4,W,0,,,,205450,149.25,0
1058,2419.850,"Mount",0.093,-0.089,-0.121,-0.041,-0.036,0.000,15,E,0,,,,193652,102.09,0
1059,2421.975,"Mount",0.135,-0.164,-0.208,-0.044,-0.093,0.000,39,E,0,,,,187563,115.88,0
1060,2424.323,"Mount",0.046,0.091,0.059,-0.082,-0.003,-0.030,1,E,13,N,,,194399,103.31,0
1061,2426.482,"Mount",0.154,-0.026,-0.094,-0.124,-0.046,-0.046,19,E,20,N,,,199520,105.96,0
1062,2428.862,"Mount",-0.008,0.185,0.168,-0.078,0.071,-0.030,29,W,13,N,,,193555,107.88,0
1063,2430.989,"Mount",-0.110,0.253,0.275,-0.019,0.144,0.000,60,W,0,,,,210186,108.61,0
1064,2433.361,"Mount",-0.115,0.288,0.309,-0.031,0.191,0.000,79,W,0,,,,188923,119.51,0
1065,2435.525,"Mount",-0.068,0.188,0.198,-0.026,0.169,0.000,70,W,0,,,,198392,112.59,0
1066,2437.952,"Mount",-0.093,0.195,0.216,-0.007,0.290,0.000,120,W,0,,,,192303,111.41,0
1067,2440.185,"Mount",-0.141,0.295,0.327,-0.011,0.339,0.000,141,W,0,,,,198496,102.56,0
1068,2442.588,"Mount",-0.107,0.211,0.237,-0.003,0.192,0.000,80,W,0,,,,199979,114.40,0
1069,2444.841,"Mount",-0.237,0.202,0.289,0.117,0.248,0.042,103,W,18,S,,,190763,98.51,0
1070,2447.330,"Mount",-0.193,0.340,0.391,0.014,0.397,0.000,165,W,0,,,,195819,114.48,0
1071,2449.651,"Mount",-0.228,0.471,0.523,-0.015,0.464,0.000,192,W,0,,,,200325,119.96,0
1072,2452.150,"Mount",-0.128,0.375,0.392,-0.059,0.442,0.000,184,W,0,,,,179298,95.57,0
1073,2454.493,"Mount",-0.243,0.280,0.360,0.086,0.424,0.031,176,W,13,S,,,195263,109.16,0
1074,2456.916,"Mount",-0.060,0.022,0.047,0.043,0.281,0.000,117,W,0,,,,186522,108.26,0
1075,2459.185,"Mount",0.074,0.070,0.029,-0.098,0.273,-0.035,113,W,15,N,,,199633,105.40,0
1076,2461.647,"Mount",-0.049,-0.189,-0.145,0.130,0.188,0.046,78,W,19,S,,,206079,122.07,0
1077,2463.963,"Mount",0.037,0.130,0.098,-0.093,0.285,-0.032,118,W,14,N,,,209965,130.52,0
1078,2466.368,"Mount",0.036,-0.032,-0.045,-0.017,0.234,0.000,97,W,0,,,,199252,113.41,0
1079,2468.553,"Mount",0.153,-0.089,-0.150,-0.095,0.163,-0.034,68,W,15,N,,,198752,115.84,0
1080,2470.960,"Mount",0.198,-0.144,-0.219,-0.109,0.062,-0.041,26,W,17,N,,,197215,122.57,0
1081,2473.144,"Mount",0.246,0.099,-0.026,-0.264,0.090,-0.097,37,W,41,N,,,194623,113.56,0
1082,2475.459,"Mount",0.021,-0.145,-0.138,0.048,0.021,0.000,9,W,0,,,,196776,129.78,0
1083,2477.619,"Mount",0.133,-0.074,-0.127,-0.083,0.026,-0.030,11,W,13,N,,,186303,94.36,0
1084,2480.010,"Mount",0.203,-0.116,-0.196,-0.127,-0.021,-0.047,9,E,20,N,,,191626,116.72,0
1085,2482.207,"Mount",0.191,-0.201,-0.267,-0.077,-0.082,-0.030,34,E,13,N,,,187498,108.53,0
1086,2484.631,"Mount",0.169,-0.107,-0.173,-0.101,-0.067,-0.037,28,E,16,N,,,202575,121.66,0
1087,2486.691,"Mount",0.031,-0.027,-0.039,-0.015,-0.005,0.000,2,E,0,,,,193741,115.65,0
1088,2489.188,"Mount",-0.003,-0.202,-0.178,0.096,-0.105,0.035,43,E,15,S,,,203671,110.03,0
1089,2491.346,"Mount",0.069,-0.163,-0.177,0.014,-0.114,0.000,47,E,0,,,,195567,112.59,0
1090,2493.731,"Mount",0.129,-0.039,-0.094,-0.096,-0.073,-0.035,30,E,15,N,,,203070,109.22,0
1091,2495.904,"Mount",0.098,-0.011,-0.055,-0.082,-0.036,-0.031,15,E,13,N,,,191662,105.70,0
1092,2498.189,"Mount",-0.078,0.099,0.124,0.024,0.012,0.000,5,W,0,,,,189838,108.45,0
1093,2500.312,"Mount",-0.028,0.014,0.025,0.019,-0.028,0.000,12,E,0,,,,195916,106.69,0
1094,2502.591,"Mount",0.007,-0.009,-0.011,-0.002,-0.016,0.000,7,E,0,,,,203446,112.72,0
1095,2504.668,"Mount",0.047,-0.007,-0.028,-0.038,-0.010,0.000,4,E,0,,,,200524,103.63,0
1096,2506.968,"Mount",-0.070,0.166,0.180,-0.015,0.091,0.000,38,W,0,,,,185722,109.69,0
1097,2509.069,"Mount",-0.011,0.003,0.008,0.008,0.015,0.000,6,W,0,,,,199627,94.02,0
1098,2511.369,"Mount",-0.046,0.003,0.024,0.039,0.039,0.000,16,W,0,,,,208777,117.71,0
1099,2513.470,"Mount",-0.006,0.061,0.057,-0.023,0.025,0.000,11,W,0,,,,204488,114.42,0
1100,2515.811,"Mount",-0.063,-0.040,-0.007,0.075,0.012,0.027,5,W,11,S,,,206327,114.31,0
1101,2517.891,"Mount",0.040,0.039,0.016,-0.054,0.026,0.000,11,W,0,,,,198307,102.85,0
1102,2520.267,"Mount",-0.143,0.102,0.157,0.080,0.086,0.029,36,W,12,S,,,198907,110.33,0
1103,2522.328,"Mount",0.040,-0.018,-0.034,-0.027,0.015,0.000,6,W,0,,,,188939,109.84,0
1104,2524.617,"Mount",0.048,-0.039,-0.056,-0.024,0.010,0.000,4,W,0,,,,201721,118.26,0
1105,2526.806,"Mount",0.077,0.064,0.021,-0.098,0.014,-0.035,6,W,15,N,,,185512,109.77,0
1106,2529.140,"Mount",0.003,-0.031,-0.029,0.011,0.024,0.000,10,W,0,,,,205518,127.49,0
1107,2531.301,"Mount",0.001,-0.153,-0.137,0.070,-0.063,0.025,26,E,11,S,,,201949,107.04,0
1108,2533.658,"Mount",0.154,-0.016,-0.085,-0.129,-0.056,-0.045,23,E,19,N,,,186416,96.67,0
1109,2538.082,"Mount",0.045,0.097,0.066,-0.085,-0.010,-0.032,4,E,14,N,,,190947,108.35,0
1110,2540.309,"Mount",0.095,-0.145,-0.172,-0.018,-0.114,0.000,47,E,0,,,,208714,132.18,0
1111,2542.689,"Mount",-0.055,-0.058,-0.026,0.076,-0.040,0.027,16,E,12,S,,,200376,97.53,0
1112,2544.921,"Mount",-0.061,0.003,0.031,0.053,-0.027,0.000,11,E,0,,,,193589,105.45,0
1113,2547.197,"Mount",0.021,0.067,0.050,-0.050,-0.008,0.000,3,E,0,,,,184876,97.46,0
1114,2549.382,"Mount",-0.126,0.091,0.139,0.070,0.072,0.025,30,W,11,S,,,187679,112.21,0
1115,2551.706,"Mount",-0.119,0.116,0.158,0.052,0.087,0.000,36,W,0,,,,211187,135.30,0
1116,2553.907,"Mount",-0.179,0.105,0.176,0.110,0.098,0.040,41,W,17,S,,,185401,100.49,0
1117,2556.266,"Mount",0.014,-0.055,-0.055,0.014,0.038,0.000,16,W,0,,,,204348,109.41,0
1118,2558.361,"Mount",-0.082,0.030,0.064,0.059,0.063,0.000,26,W,0,,,,199195,108.48,0
1119,2560.737,"Mount",-0.079,0.065,0.094,0.040,0.076,0.000,31,W,0,,,,206459,118.85,0
1120,2562.887,"Mount",-0.160,-0.032,0.045,0.157,0.040,0.056,16,W,24,S,,,196707,117.74,0
1121,2565.273,"Mount",-0.150,0.214,0.259,0.034,0.156,0.000,65,W,0,,,,189106,105.57,0
1122,2567.415,"Mount",0.000,-0.007,-0.006,0.003,0.038,0.000,16,W,0,,,,192986,110.96,0
1123,2569.788,"Mount",0.067,-0.125,-0.141,-0.002,-0.024,0.000,10,E,0,,,,192830,103.57,0
1124,2571.991,"Mount",0.168,-0.139,-0.200,-0.085,-0.054,-0.031,23,E,13,N,,,191811,108.18,0
1125,2574.301,"Mount",0.053,-0.131,-0.140,0.014,-0.050,0.000,21,E,0,,,,204655,128.16,0
1126,2576.379,"Mount",-0.048,0.080,0.093,0.005,0.032,0.000,13,W,0,,,,194785,105.08,0
1127,2578.708,"Mount",-0.011,-0.095,-0.079,0.054,-0.054,0.000,22,E,0,,,,196230,107.87,0
1128,2580.893,"Mount",0.215,-0.307,-0.372,-0.050,-0.203,0.000,84,E,0,,,,202297,113.33,0
1129,2583.302,"Mount",0.104,-0.251,-0.271,0.024,-0.190,0.000,79,E,0,,,,188037,107.41,0
1130,2585.438,"Mount",0.027,0.000,-0.012,-0.024,-0.090,0.000,37,E,0,,,,205703,110.55,0
1131,2587.890,"Mount",0.083,0.006,-0.033,-0.076,-0.111,-0.027,46,E,12,N,,,197627,127.30,0
1132,2590.220,"Mount",0.168,-0.145,-0.206,-0.082,-0.230,-0.031,95,E,13,N,,,201513,101.92,0
1133,2592.675,"Mount",0.092,-0.013,-0.054,-0.076,-0.175,-0.028,73,E,12,N,,,200146,109.47,0
1134,2594.899,"Mount",0.126,-0.078,-0.127,-0.076,-0.225,-0.028,93,E,12,N,,,186083,99.64,0
1135,2597.411,"Mount",0.185,-0.179,-0.244,-0.082,-0.290,-0.031,120,E,13,N,,,197291,103.45,0
1136,2599.656,"Mount",-0.030,-0.121,-0.093,0.083,-0.210,0.028,87,E,12,S,,,173911,86.47,0
1137,2602.076,"Mount",0.029,-0.089,-0.092,0.015,-0.222,0.000,92,E,0,,,,187880,104.27,0
1138,2604.405,"Mount",0.170,-0.022,-0.098,-0.140,-0.203,-0.050,84,E,22,N,,,203688,106.54,0
1139,2606.751,"Mount",-0.024,-0.032,-0.017,0.036,-0.140,0.000,58,E,0,,,,185404,99.91,0
1140,2608.922,"Mount",-0.191,0.047,0.130,0.147,-0.056,0.053,23,E,23,S,,,188736,103.85,0
1141,2611.281,"Mount",-0.156,0.117,0.176,0.085,-0.007,0.033,3,E,14,S,,,193964,120.18,0
1142,2613.367,"Mount",-0.052,0.183,0.187,-0.038,0.029,0.000,12,W,0,,,,195568,107.21,0
1143,2615.663,"Mount",-0.049,0.021,0.041,0.034,-0.043,0.000,18,E,0,,,,197682,124.31,0
1144,2617.764,"Mount",-0.104,0.173,0.201,0.013,0.058,0.000,24,W,0,,,,195839,103.95,0
1145,2620.113,"Mount",-0.041,0.105,0.112,-0.012,0.018,0.000,7,W,0,,,,204498,116.46,0
1146,2622.197,"Mount",-0.104,0.111,0.146,0.041,0.028,0.000,11,W,0,,,,196750,118.65,0
1147,2624.537,"Mount",-0.106,-0.036,0.017,0.111,-0.063,0.040,26,E,17,S,,,192275,110.26,0
1148,2626.627,"Mount",-0.012,0.007,0.012,0.007,-0.057,0.000,24,E,0,,,,209032,123.84,0
1149,2628.972,"Mount",0.020,0.045,0.030,-0.038,-0.089,0.000,37,E,0,,,,200121,121.03,0
1150,2631.167,"Mount",0.187,-0.048,-0.129,-0.144,-0.127,-0.052,53,E,22,N,,,203309,109.98,0
1151,2633.662,"Mount",0.135,-0.395,-0.413,0.062,-0.263,0.020,109,E,9,S,,,200685,110.28,0
1152,2635.831,"Mount",0.116,-0.302,-0.321,0.037,-0.241,0.000,100,E,0,,,,190033,101.37,0
1153,2638.331,"Mount",0.248,-0.166,-0.261,-0.143,-0.245,-0.052,102,E,22,N,,,188942,101.80,0
1154,2640.540,"Mount",0.185,-0.400,-0.441,0.020,-0.333,0.000,138,E,0,,,,205627,130.49,0
1155,2642.987,"Mount",0.171,-0.229,-0.282,-0.046,-0.291,0.000,121,E,0,,,,194503,106.99,0
1156,2645.207,"Mount",0.145,-0.231,-0.272,-0.022,-0.311,0.000,129,E,0,,,,205135,124.90,0
1157,2647.782,"Mount",0.173,-0.185,-0.244,-0.068,-0.327,-0.024,136,E,10,N,,,216316,130.13,0
1158,2650.016,"Mount",0.135,-0.275,-0.306,0.007,-0.389,0.000,161,E,0,,,,195823,103.35,0
1159,2652.474,"Mount",0.115,-0.236,-0.263,0.007,-0.402,0.000,167,E,0,,,,190964,122.54,0
1160,2654.743,"Mount",0.007,-0.175,-0.158,0.075,-0.348,0.027,144,E,11,S,,,197738,109.24,0
1161,2657.245,"Mount",0.110,-0.116,-0.154,-0.044,-0.400,0.000,166,E,0,,,,189716,109.95,0
1162,2659.496,"Mount",0.135,-0.201,-0.240,-0.027,-0.434,0.000,180,E,0,,,,189667,106.99,0
1163,2661.918,"Mount",-0.106,0.097,0.135,0.050,-0.241,0.000,100,E,0,,,,210221,127.18,0
1164,2664.166,"Mount",-0.216,0.146,0.229,0.124,-0.163,0.045,68,E,19,S,,,195532,110.02,0
1165,2666.602,"Mount",-0.191,0.131,0.204,0.109,-0.192,0.041,80,E,17,S,,,196650,119.32,0
1166,2668.818,"Mount",-0.018,0.186,0.173,-0.069,-0.188,-0.023,78,E,10,N,,,213122,129.86,0
1167,2671.250,"Mount",-0.125,0.033,0.087,0.096,-0.169,0.034,70,E,14,S,,,192839,120.55,0
1168,2673.343,"Mount",-0.027,0.173,0.166,-0.056,-0.086,0.000,36,E,0,,,,204753,125.28,0
1169,2675.694,"Mount",-0.142,0.163,0.210,0.051,-0.052,0.000,21,E,0,,,,188668,97.05,0
1170,2677.896,"Mount",-0.140,-0.011,0.055,0.129,-0.120,0.046,50,E,20,S,,,184634,97.07,0
1171,2680.194,"Mount",-0.062,0.222,0.226,-0.048,-0.020,0.000,8,E,0,,,,199933,111.98,0
1172,2682.282,"Mount",-0.107,0.194,0.221,0.006,-0.003,0.000,1,E,0,,,,178096,104.15,0
1173,2684.624,"Mount",-0.032,0.017,0.030,0.021,-0.099,0.000,41,E,0,,,,210116,123.65,0
1174,2686.689,"Mount",-0.058,0.172,0.180,-0.029,-0.007,0.000,3,E,0,,,,199981,117.29,0
1175,2689.030,"Mount",-0.012,0.040,0.041,-0.008,-0.072,0.000,30,E,0,,,,207081,123.15,0
1176,2691.141,"Mount",-0.069,0.044,0.071,0.041,-0.035,0.000,14,E,0,,,,190085,108.95,0
1177,2693.507,"Mount",-0.001,-0.087,-0.077,0.042,-0.091,0.000,38,E,0,,,,188925,104.20,0
1178,2695.761,"Mount",-0.043,-0.131,-0.096,0.099,-0.090,0.036,37,E,15,S,,,191842,111.77,0
1179,2698.175,"Mount",-0.044,0.217,0.213,-0.061,0.064,-0.021,27,W,9,N,,,179526,100.83,0
1180,2700.251,"Mount",-0.073,0.020,0.051,0.055,-0.020,0.000,8,E,0,,,,213395,118.45,0
1181,2702.568,"Mount",-0.038,0.032,0.046,0.019,-0.007,0.000,3,E,0,,,,193598,108.23,0
1182,2704.743,"Mount",-0.179,-0.011,0.073,0.164,0.022,0.059,9,W,25,S,,,183964,103.65,0
1183,2707.097,"Mount",-0.084,0.209,0.224,-0.022,0.089,0.000,37,W,0,,,,206939,107.28,0
1184,2709.151,"Mount",-0.013,-0.065,-0.052,0.041,-0.000,0.000,0,,0,,,,196168,107.92,0
1185,2711.630,"Mount",-0.084,-0.057,-0.013,0.101,0.011,0.036,4,W,15,S,,,196885,117.81,0
1186,2713.753,"Mount",-0.015,0.116,0.110,-0.041,0.071,0.000,29,W,0,,,,200813,114.34,0
1187,2716.113,"Mount",-0.089,0.124,0.151,0.022,0.102,0.000,42,W,0,,,,183642,97.19,0
1188,2718.457,"Mount",-0.201,0.111,0.191,0.127,0.179,0.046,74,W,20,S,,,211286,129.07,0
1189,2720.836,"Mount",-0.064,0.104,0.122,0.009,0.113,0.000,47,W,0,,,,211742,112.27,0
1190,2722.915,"Mount",-0.013,0.051,0.051,-0.012,0.037,0.000,15,W,0,,,,197070,117.52,0
1191,2725.264,"Mount",0.018,0.088,0.070,-0.057,0.070,0.000,29,W,0,,,,190563,96.46,0
1192,2727.436,"Mount",-0.178,-0.031,0.054,0.172,0.075,0.062,31,W,26,S,,,191737,112.07,0
1193,2729.861,"Mount",-0.212,0.279,0.346,0.059,0.259,0.000,107,W,0,,,,188089,115.69,0
1194,2732.032,"Mount",-0.156,0.295,0.334,0.002,0.271,0.000,112,W,0,,,,203533,123.14,0
1195,2734.427,"Mount",-0.102,0.212,0.235,-0.007,0.263,0.000,109,W,0,,,,197089,97.46,0
1196,2736.660,"Mount",-0.087,0.162,0.184,0.003,0.269,0.000,112,W,0,,,,196075,112.13,0
1197,2739.141,"Mount",0.020,0.127,0.103,-0.077,0.248,-0.028,103,W,12,N,,,199336,113.40,0
1198,2741.327,"Mount",0.049,-0.073,-0.087,-0.010,0.176,0.000,73,W,0,,,,200897,109.27,0
1199,2743.877,"Mount",0.097,0.038,-0.011,-0.104,0.212,-0.037,88,W,16,N,,,181601,96.91,0
1200,2746.149,"Mount",0.156,0.128,0.042,-0.198,0.211,-0.073,88,W,31,N,,,198152,107.67,0
1201,2748.534,"Mount",0.093,-0.127,-0.156,-0.024,0.111,0.000,46,W,0,,,,198490,100.75,0
1202,2750.706,"Mount",-0.030,-0.216,-0.178,0.126,0.062,0.045,26,W,19,S,,,209714,142.65,0
1203,2753.018,"Mount",0.084,-0.200,-0.216,0.018,0.017,0.000,7,W,0,,,,198783,115.11,0
1204,2755.190,"Mount",0.156,-0.071,-0.135,-0.105,0.029,-0.038,12,W,16,N,,,200408,106.34,0
1205,2757.593,"Mount",0.075,0.075,0.032,-0.101,0.090,-0.038,37,W,16,N,,,183660,92.66,0
1206,2759.782,"Mount",0.198,0.040,-0.056,-0.194,0.053,-0.071,22,W,31,N,,,195221,108.50,0
1207,2762.189,"Mount",0.113,-0.055,-0.101,-0.075,-0.014,-0.030,6,E,13,N,,,198716,122.66,0
1208,2764.301,"Mount",0.065,-0.191,-0.200,0.030,-0.062,0.000,26,E,0,,,,206232,118.15,0
1209,2766.642,"Mount",0.090,-0.175,-0.197,0.001,-0.066,0.000,27,E,0,,,,195304,98.63,0
1210,2768.743,"Mount",0.023,-0.018,-0.027,-0.012,0.032,0.000,13,W,0,,,,193085,99.43,0
1211,2771.147,"Mount",-0.135,0.118,0.167,0.065,0.089,0.023,37,W,10,S,,,197673,115.86,0
1212,2773.250,"Mount",0.058,-0.061,-0.080,-0.023,-0.026,0.000,11,E,0,,,,195661,111.69,0
1213,2775.608,"Mount",0.144,-0.157,-0.205,-0.055,-0.094,0.000,39,E,0,,,,190562,114.45,0
1214,2777.754,"Mount",-0.056,-0.098,-0.061,0.095,-0.020,0.034,8,E,15,S,,,210367,130.43,0
1215,2780.131,"Mount",-0.108,0.217,0.242,-0.005,0.131,0.000,54,W,0,,,,174229,91.39,0
1216,2782.334,"Mount",0.004,0.213,0.188,-0.102,0.142,-0.037,59,W,16,N,,,194003,102.94,0
1217,2784.783,"Mount",-0.094,0.167,0.192,0.006,0.215,0.000,89,W,0,,,,203412,105.85,0
1218,2787.017,"Mount",-0.106,0.179,0.208,0.011,0.277,0.000,115,W,0,,,,193423,110.71,0
1219,2789.389,"Mount",-0.121,0.209,0.241,0.011,0.227,0.000,94,W,0,,,,206467,116.64,0
1220,2791.608,"Mount",0.005,0.253,0.222,-0.122,0.186,-0.044,77,W,19,N,,,198833,101.96,0
1221,2794.112,"Mount",-0.273,0.400,0.481,0.058,0.421,0.000,175,W,0,,,,197164,103.37,0
1222,2796.378,"Mount",-0.181,0.420,0.456,-0.034,0.444,0.000,184,W,0,,,,194236,105.73,0
1223,2798.850,"Mount",-0.184,0.255,0.311,0.045,0.394,0.000,163,W,0,,,,193774,109.28,0
1224,2801.103,"Mount",-0.141,0.167,0.213,0.048,0.351,0.000,146,W,0,,,,199023,129.56,0
1225,2803.531,"Mount",-0.057,0.013,0.037,0.044,0.261,0.000,108,W,0,,,,197426,105.80,0
1226,2805.735,"Mount",-0.055,-0.013,0.014,0.055,0.235,0.000,97,W,0,,,,202576,109.41,0
1227,2808.249,"Mount",-0.057,-0.065,-0.031,0.081,0.247,0.029,103,W,12,S,,,185151,101.70,0
1228,2810.407,"Mount",0.013,0.046,0.035,-0.033,0.218,0.000,90,W,0,,,,190752,118.09,0
1229,2812.812,"Mount",-0.021,-0.041,-0.027,0.038,0.215,0.000,89,W,0,,,,194968,110.75,0
1230,2815.001,"Mount",0.161,-0.070,-0.136,-0.111,0.156,-0.040,65,W,17,N,,,192275,97.04,0
1231,2817.361,"Mount",0.071,-0.097,-0.119,-0.019,0.175,0.000,72,W,0,,,,190669,106.89,0
1232,2819.485,"Mount",0.153,-0.225,-0.270,-0.032,0.043,0.000,18,W,0,,,,202079,129.69,0
1233,2821.830,"Mount",0.308,-0.130,-0.257,-0.213,-0.000,-0.077,0,,33,N,,,204344,107.96,0
1234,2823.988,"Mount",0.184,-0.129,-0.199,-0.104,0.034,-0.041,14,W,17,N,,,198032,106.78,0
1235,2826.392,"Mount",0.124,-0.405,-0.416,0.077,-0.104,0.026,43,E,11,S,,,198184,102.68,0
1236,2828.550,"Mount",0.190,-0.303,-0.357,-0.029,-0.103,0.000,43,E,0,,,,181352,96.91,0
1237,2830.925,"Mount",0.131,-0.224,-0.259,-0.013,-0.092,0.000,38,E,0,,,,215394,133.18,0
1238,2833.013,"Mount",0.011,-0.041,-0.041,0.010,-0.015,0.000,6,E,0,,,,201350,113.31,0
1239,2835.464,"Mount",0.145,-0.121,-0.175,-0.073,-0.104,-0.026,43,E,11,N,,,189817,102.77,0
1240,2837.692,"Mount",0.204,0.039,-0.060,-0.199,-0.041,-0.073,17,E,31,N,,,199074,107.20,0
1241,2840.033,"Mount",0.019,-0.048,-0.051,0.005,-0.040,0.000,17,E,0,,,,194973,103.68,0
1242,2842.235,"Mount",0.100,-0.049,-0.090,-0.066,-0.068,-0.024,28,E,10,N,,,194955,109.32,0
1243,2844.683,"Mount",-0.036,-0.155,-0.121,0.104,-0.086,0.036,36,E,16,S,,,203833,115.27,0
1244,2846.887,"Mount",0.090,0.055,0.007,-0.105,-0.029,-0.036,12,E,16,N,,,208784,117.70,0
1245,2849.173,"Mount",0.009,0.085,0.071,-0.047,0.017,0.000,7,W,0,,,,178059,92.78,0
1246,2851.240,"Mount",-0.053,0.037,0.057,0.030,-0.010,0.000,4,E,0,,,,196665,107.74,0
1247,2853.571,"Mount",-0.012,0.027,0.030,-0.002,-0.008,0.000,4,E,0,,,,186763,113.47,0
1248,2855.662,"Mount",-0.104,0.127,0.161,0.034,0.081,0.000,33,W,0,,,,208173,109.84,0
1249,2858.000,"Mount",-0.086,0.116,0.143,0.023,0.086,0.000,36,W,0,,,,199061,123.16,0
1250,2860.105,"Mount",-0.041,0.154,0.156,-0.035,0.110,0.000,46,W,0,,,,204239,125.85,0
1251,2862.423,"Mount",-0.057,0.119,0.132,-0.004,0.079,0.000,33,W,0,,,,207340,121.69,0
1252,2864.624,"Mount",0.009,0.156,0.134,-0.080,0.089,-0.029,37,W,12,N,,,200601,114.25,0
1253,2867.030,"Mount",-0.127,0.067,0.118,0.081,0.077,0.028,32,W,12,S,,,193731,99.51,0
1254,2869.205,"Mount",-0.125,0.016,0.072,0.103,0.054,0.038,22,W,16,S,,,188968,94.11,0
1255,2871.659,"Mount",0.095,-0.012,-0.054,-0.079,0.024,-0.027,10,W,11,N,,,185902,96.30,0
1256,2873.803,"Mount",-0.048,0.014,0.035,0.036,0.021,0.000,9,W,0,,,,199440,107.30,0
1257,2876.179,"Mount",0.123,0.049,-0.013,-0.132,0.028,-0.048,11,W,20,N,,,178692,100.01,0
1258,2878.350,"Mount",0.118,0.034,-0.024,-0.120,0.011,-0.045,4,W,19,N,,,191552,96.04,0
1259,2880.663,"Mount",0.053,0.010,-0.016,-0.052,-0.015,0.000,6,E,0,,,,197281,101.84,0
1260,2882.768,"Mount",0.075,-0.154,-0.171,0.004,-0.106,0.000,44,E,0,,,,203865,119.29,0
1261,2885.099,"Mount",0.018,-0.012,-0.019,-0.011,-0.032,0.000,13,E,0,,,,205479,110.23,0
1262,2887.237,"Mount",-0.105,0.000,0.048,0.093,-0.039,0.034,16,E,14,S,,,208372,116.38,0
1263,2889.551,"Mount",-0.058,0.059,0.079,0.024,-0.007,0.000,3,E,0,,,,196628,94.80,0
1264,2891.670,"Mount",-0.060,-0.015,0.015,0.060,-0.025,0.022,10,E,9,S,,,195759,111.03,0
1265,2894.059,"Mount",0.069,-0.000,-0.032,-0.061,-0.013,-0.021,5,E,9,N,,,214916,131.19,0
1266,2896.200,"Mount",-0.110,0.127,0.163,0.038,0.079,0.000,33,W,0,,,,199313,125.66,0
1267,2898.517,"Mount",0.020,0.040,0.026,-0.037,0.017,0.000,7,W,0,,,,201173,113.37,0
1268,2900.748,"Mount",0.014,0.252,0.217,-0.129,0.111,-0.046,46,W,20,N,,,195222,110.75,0
1269,2903.109,"Mount",-0.068,0.080,0.102,0.023,0.074,0.000,31,W,0,,,,208579,123.10,0
1270,2905.259,"Mount",-0.032,0.174,0.169,-0.052,0.113,0.000,47,W,0,,,,181347,101.41,0
1271,2907.610,"Mount",0.059,-0.077,-0.095,-0.017,-0.007,0.000,3,E,0,,,,187273,92.63,0
1272,2909.754,"Mount",-0.134,0.182,0.223,0.034,0.136,0.000,56,W,0,,,,209121,134.97,0
1273,2912.163,"Mount",0.064,0.059,0.023,-0.084,0.047,-0.030,20,W,13,N,,,218042,129.95,0
1274,2914.261,"Mount",0.053,-0.103,-0.116,0.001,-0.011,0.000,4,E,0,,,,204053,122.38,0
1275,2916.586,"Mount",-0.035,0.028,0.041,0.018,0.029,0.000,12,W,0,,,,193732,96.51,0
1276,2918.714,"Mount",0.130,-0.213,-0.249,-0.017,-0.078,0.000,32,E,0,,,,207583,119.60,0
1277,2921.149,"Mount",-0.014,-0.122,-0.102,0.069,-0.017,0.025,7,E,11,S,,,191965,112.36,0
1278,2923.397,"Mount",-0.036,-0.206,-0.167,0.127,-0.080,0.047,33,E,20,S,,,192812,103.99,0
1279,2925.720,"Mount",0.053,-0.156,-0.163,0.025,-0.106,0.000,44,E,0,,,,184639,110.39,0
1280,2927.828,"Mount",-0.078,0.095,0.120,0.025,0.021,0.000,9,W,0,,,,201828,109.67,0
1281,2930.174,"Mount",-0.071,-0.013,0.021,0.069,-0.059,0.025,24,E,11,S,,,193522,117.81,0
1282,2932.358,"Mount",0.087,-0.046,-0.081,-0.056,-0.123,0.000,51,E,0,,,,200960,103.98,0
1283,2934.784,"Mount",0.171,-0.083,-0.153,-0.113,-0.166,-0.041,69,E,17,N,,,184544,100.19,0
1284,2937.002,"Mount",0.061,-0.250,-0.250,0.061,-0.237,0.020,98,E,9,S,,,193615,111.33,0
1285,2939.417,"Mount",0.011,-0.064,-0.061,0.020,-0.194,0.000,80,E,0,,,,207546,118.88,0
1286,2941.573,"Mount",-0.007,-0.059,-0.049,0.034,-0.177,0.000,73,E,0,,,,194378,103.20,0
1287,2943.971,"Mount",-0.067,0.048,0.073,0.038,-0.158,0.000,66,E,0,,,,188480,117.95,0
1288,2946.164,"Mount",-0.051,0.003,0.026,0.043,-0.184,0.000,76,E,0,,,,200640,102.50,0
1289,2948.493,"Mount",-0.030,0.157,0.153,-0.046,-0.112,0.000,46,E,0,,,,198440,129.20,0
1290,2950.584,"Mount",-0.026,0.079,0.082,-0.014,-0.124,0.000,51,E,0,,,,206706,111.91,0
1291,2953.000,"Mount",-0.126,0.061,0.112,0.083,-0.098,0.030,41,E,13,S,,,187261,97.66,0
1292,2955.209,"Mount",-0.095,0.052,0.090,0.061,-0.092,0.023,38,E,10,S,,,188922,108.98,0
1293,2957.533,"Mount",-0.084,0.101,0.129,0.028,-0.028,0.000,12,E,0,,,,186330,113.93,0
1294,2959.706,"Mount",-0.062,0.250,0.251,-0.060,0.041,-0.022,17,W,9,N,,,188647,118.89,0
1295,2962.055,"Mount",0.057,-0.007,-0.032,-0.048,-0.040,0.000,17,E,0,,,,206305,120.41,0
1296,2964.194,"Mount",-0.155,0.189,0.239,0.050,0.073,0.000,30,W,0,,,,201077,117.00,0
1297,2966.606,"Mount",-0.022,0.295,0.272,-0.117,0.080,-0.042,33,W,18,N,,,183980,102.42,0
1298,2968.740,"Mount",-0.091,0.210,0.229,-0.016,0.062,0.000,26,W,0,,,,199419,118.91,0
1299,2971.143,"Mount",0.023,-0.149,-0.143,0.048,-0.126,0.000,52,E,0,,,,194973,118.30,0
1300,2973.330,"Mount",0.012,0.029,0.020,-0.024,-0.065,0.000,27,E,0,,,,198016,109.04,0
1301,2975.736,"Mount",0.135,-0.089,-0.141,-0.079,-0.142,-0.028,59,E,12,N,,,202416,108.81,0
1302,2977.953,"Mount",0.214,-0.200,-0.276,-0.098,-0.212,-0.036,88,E,16,N,,,196378,118.62,0
1303,2980.360,"Mount",0.160,-0.212,-0.262,-0.044,-0.200,0.000,83,E,0,,,,198025,121.60,0
1304,2982.569,"Mount",0.146,-0.136,-0.188,-0.067,-0.179,-0.024,74,E,10,N,,,199483,123.15,0
1305,2985.071,"Mount",0.278,-0.177,-0.285,-0.165,-0.261,-0.060,108,E,26,N,,,219645,125.84,0
1306,2987.309,"Mount",0.275,-0.086,-0.203,-0.205,-0.237,-0.076,98,E,33,N,,,205442,119.89,0
1307,2989.728,"Mount",0.040,-0.062,-0.073,-0.006,-0.197,0.000,82,E,0,,,,196681,109.24,0
1308,2991.941,"Mount",0.035,-0.084,-0.090,0.007,-0.240,0.000,100,E,0,,,,203610,122.28,0
1309,2994.534,"Mount",0.272,-0.172,-0.278,-0.162,-0.349,-0.058,145,E,25,N,,,197554,106.54,0
1310,2996.869,"Mount",0.063,-0.464,-0.441,0.158,-0.445,0.055,185,E,23,S,,,188988,107.60,0
1311,2999.428,"Mount",0.245,-0.218,-0.307,-0.117,-0.429,-0.040,178,E,17,N,,,206736,114.84,0
1312,3001.775,"Mount",0.283,-0.134,-0.249,-0.189,-0.401,-0.070,166,E,30,N,,,206895,103.98,0
1313,3004.252,"Mount",0.055,-0.072,-0.089,-0.016,-0.357,0.000,148,E,0,,,,200386,112.15,0
1314,3006.443,"Mount",0.020,-0.097,-0.096,0.027,-0.360,0.000,150,E,0,,,,193479,108.98,0
1315,3008.906,"Mount",-0.025,0.209,0.197,-0.074,-0.221,-0.027,92,E,11,N,,,204061,118.51,0
1316,3011.125,"Mount",0.005,0.336,0.296,-0.159,-0.128,-0.058,53,E,25,N,,,200228,107.30,0
1317,3013.529,"Mount",-0.013,0.112,0.105,-0.041,-0.203,0.000,84,E,0,,,,194317,117.08,0
1318,3015.754,"Mount",-0.007,-0.041,-0.033,0.025,-0.242,0.000,100,E,0,,,,196090,106.27,0
1319,3018.156,"Mount",-0.016,0.041,0.044,-0.005,-0.211,0.000,87,E,0,,,,222045,118.66,0
1320,3020.294,"Mount",-0.000,0.051,0.046,-0.023,-0.181,0.000,75,E,0,,,,194996,116.40,0
1321,3022.636,"Mount",-0.100,0.206,0.229,-0.006,-0.081,0.000,34,E,0,,,,188079,101.37,0
1322,3024.759,"Mount",-0.074,0.334,0.331,-0.089,0.009,-0.032,4,W,14,N,,,202571,128.06,0
1323,3027.166,"Mount",0.025,0.009,-0.003,-0.027,-0.169,0.000,70,E,0,,,,201175,108.63,0
1324,3029.409,"Mount",-0.170,0.041,0.115,0.132,-0.089,0.048,37,E,20,S,,,208492,110.44,0
1325,3031.783,"Mount",-0.181,0.198,0.259,0.069,0.001,0.027,1,W,11,S,,,192421,122.62,0
1326,3033.894,"Mount",-0.204,0.197,0.269,0.090,0.020,0.033,8,W,14,S,,,205144,109.63,0
1327,3036.239,"Mount",-0.059,0.095,0.111,0.008,-0.044,0.000,18,E,0,,,,216593,124.41,0
1328,3038.362,"Mount",-0.052,0.306,0.295,-0.095,0.065,-0.034,27,W,15,N,,,206939,126.73,0
1329,3040.833,"Mount",-0.039,0.210,0.204,-0.062,0.044,-0.024,18,W,10,N,,,197402,111.21,0
1330,3042.991,"Mount",-0.100,0.128,0.160,0.029,0.049,0.000,20,W,0,,,,205813,117.93,0
1331,3045.336,"Mount",0.073,0.061,0.020,-0.093,-0.011,-0.034,5,E,14,N,,,187502,113.82,0
1332,3047.442,"Mount",-0.090,0.045,0.081,0.059,0.013,0.000,6,W,0,,,,183376,114.07,0
1333,3049.786,"Mount",0.079,0.090,0.044,-0.112,-0.006,-0.040,2,E,17,N,,,207874,117.35,0
1334,3051.849,"Mount",-0.112,0.137,0.174,0.036,0.062,0.000,26,W,0,,,,208311,122.79,0
1335,3054.259,"Mount",-0.141,0.141,0.190,0.060,0.070,0.022,29,W,9,S,,,197540,100.34,0
1336,3056.398,"Mount",0.032,0.108,0.081,-0.078,0.026,-0.027,11,W,12,N,,,183687,104.90,0
1337,3058.818,"Mount",-0.172,0.130,0.195,0.093,0.088,0.032,36,W,14,S,,,208164,151.74,0
1338,3060.886,"Mount",-0.011,0.046,0.046,-0.012,0.015,0.000,6,W,0,,,,193732,108.34,0
1339,3063.227,"Mount",-0.095,0.026,0.067,0.072,0.060,0.026,25,W,11,S,,,198858,115.83,0
1340,3065.393,"Mount",-0.058,0.056,0.077,0.026,0.076,0.000,31,W,0,,,,197593,120.97,0
1341,3067.847,"Mount",-0.136,0.094,0.146,0.078,0.188,0.028,78,W,12,S,,,209134,114.05,0
1342,3070.017,"Mount",-0.065,0.133,0.148,-0.003,0.160,0.000,66,W,0,,,,211309,120.12,0
1343,3072.345,"Mount",-0.061,0.225,0.228,-0.050,0.119,0.000,50,W,0,,,,204409,122.36,0
1344,3074.503,"Mount",-0.045,0.182,0.182,-0.044,0.149,0.000,62,W,0,,,,198168,106.21,0
1345,3076.941,"Mount",-0.196,0.152,0.226,0.104,0.213,0.037,88,W,16,S,,,207429,121.39,0
1346,3079.113,"Mount",-0.111,0.225,0.250,-0.006,0.254,0.000,106,W,0,,,,205705,121.64,0
1347,3081.520,"Mount",-0.112,0.141,0.177,0.034,0.237,0.000,98,W,0,,,,194270,98.32,0
1348,3083.710,"Mount",-0.075,0.274,0.278,-0.060,0.301,0.000,125,W,0,,,,198358,108.62,0
1349,3086.138,"Mount",-0.042,0.179,0.178,-0.046,0.266,0.000,111,W,0,,,,191959,98.39,0
1350,3088.323,"Mount",-0.029,0.131,0.130,-0.034,0.230,0.000,95,W,0,,,,211947,128.72,0
1351,3090.696,"Mount",-0.001,0.055,0.049,-0.024,0.198,0.000,82,W,0,,,,196159,110.70,0
1352,3092.852,"Mount",0.008,-0.045,-0.043,0.014,0.161,0.000,67,W,0,,,,200881,126.20,0
1353,3095.260,"Mount",0.116,-0.019,-0.071,-0.094,0.151,-0.034,63,W,14,N,,,193904,122.16,0
1354,3097.445,"Mount",0.127,-0.021,-0.078,-0.103,0.128,-0.038,53,W,16,N,,,199317,107.71,0
1355,3099.858,"Mount",0.020,-0.292,-0.268,0.117,0.025,0.040,10,W,17,S,,,181378,98.79,0
1356,3101.988,"Mount",0.032,-0.236,-0.224,0.081,0.015,0.031,6,W,13,S,,,200102,112.50,0
1357,3104.285,"Mount",0.078,-0.168,-0.185,0.008,0.029,0.000,12,W,0,,,,197902,114.10,0
1358,3106.431,"Mount",0.049,-0.276,-0.268,0.084,-0.044,0.030,18,E,13,S,,,188784,100.36,0
1359,3108.845,"Mount",0.029,-0.186,-0.178,0.060,-0.029,0.023,12,E,10,S,,,192565,117.39,0
1360,3111.009,"Mount",0.111,-0.024,-0.073,-0.088,-0.004,-0.031,2,E,13,N,,,193565,100.59,0
1361,3113.397,"Mount",0.182,-0.102,-0.174,-0.114,-0.069,-0.042,29,E,18,N,,,192562,102.30,0
1362,3115.589,"Mount",0.012,-0.196,-0.180,0.080,-0.066,0.027,27,E,12,S,,,192662,107.74,0
1363,3117.979,"Mount",0.038,0.057,0.033,-0.060,-0.010,-0.021,4,E,9,N,,,191827,98.89,0
1364,3120.113,"Mount",0.026,-0.158,-0.152,0.050,-0.079,0.000,33,E,0,,,,207910,116.94,0
1365,3122.394,"Mount",0.052,0.007,-0.018,-0.049,-0.004,0.000,2,E,0,,,,194823,127.07,0
1366,3124.510,"Mount",-0.075,0.057,0.085,0.040,0.042,0.000,17,W,0,,,,204926,111.39,0
1367,3126.884,"Mount",0.054,0.109,0.072,-0.099,0.071,-0.035,29,W,15,N,,,211693,131.93,0
1368,3129.032,"Mount",-0.009,0.111,0.103,-0.044,0.107,0.000,45,W,0,,,,205785,136.65,0
1369,3131.487,"Mount",-0.062,0.207,0.212,-0.041,0.192,0.000,80,W,0,,,,200024,122.32,0
1370,3133.780,"Mount",-0.208,0.093,0.178,0.141,0.230,0.051,95,W,22,S,,,204571,109.98,0
1371,3136.347,"Mount",-0.198,0.166,0.239,0.099,0.323,0.038,134,W,16,S,,,197695,119.97,0
1372,3138.581,"Mount",-0.226,0.352,0.417,0.038,0.318,0.000,132,W,0,,,,190954,101.35,0
1373,3141.005,"Mount",-0.139,0.206,0.247,0.028,0.266,0.000,110,W,0,,,,198484,120.22,0
1374,3143.329,"Mount",-0.067,0.307,0.303,-0.083,0.355,-0.030,147,W,13,N,,,198163,111.66,0
1375,3145.817,"Mount",-0.146,0.201,0.246,0.037,0.360,0.000,149,W,0,,,,202371,116.08,0
1376,3148.056,"Mount",-0.013,0.178,0.164,-0.070,0.310,-0.025,129,W,11,N,,,185794,114.55,0
1377,3150.550,"Mount",-0.039,0.273,0.260,-0.092,0.368,-0.034,153,W,15,N,,,199950,105.73,0
1378,3152.756,"Mount",-0.126,0.143,0.185,0.046,0.331,0.000,137,W,0,,,,212682,118.88,0
1379,3157.337,"Mount",-0.074,0.076,0.102,0.031,0.374,0.000,155,W,0,,,,202187,122.18,0
1380,3159.815,"Mount",0.163,-0.090,-0.155,-0.103,0.184,-0.037,76,W,16,N,,,196554,125.30,0
1381,3161.963,"Mount",0.040,-0.120,-0.125,0.020,0.154,0.000,64,W,0,,,,188456,107.60,0
1382,3164.683,"Mount",-0.747,1.045,1.272,0.180,0.820,0.065,340,W,28,S,,,201829,107.44,0
1383,3167.448,"Mount",-1.590,2.951,3.352,0.048,1.679,0.000,697,W,0,,,,208357,135.68,0
1384,3170.099,"Mount",0.907,-1.810,-2.025,0.031,-0.791,0.000,328,E,0,,,,202709,112.10,0
1385,3172.597,"Mount",0.586,-1.572,-1.665,0.206,-0.590,0.074,245,E,32,S,,,207172,120.61,0
1386,3175.052,"Mount",0.283,-0.852,-0.886,0.142,-0.289,0.054,120,E,23,S,,,202883,114.78,0
1387,3177.276,"Mount",0.397,-0.724,-0.825,-0.018,-0.375,0.000,155,E,0,,,,202521,128.96,0
1388,3179.782,"Mount",0.046,-0.508,-0.473,0.194,-0.255,0.070,106,E,30,S,,,200947,110.65,0
1389,3182.048,"Mount",-0.081,-0.470,-0.380,0.289,-0.233,0.107,97,E,46,S,,,219308,128.01,0
1390,3184.401,"Mount",0.087,-0.171,-0.192,0.002,-0.150,0.000,62,E,0,,,,200815,111.04,0
1391,3186.457,"Mount",-0.061,0.131,0.144,-0.007,0.020,0.000,8,W,0,,,,199129,103.68,0
1392,3188.784,"Mount",-0.019,-0.078,-0.060,0.053,-0.066,0.000,27,E,0,,,,202850,121.58,0
1393,3190.986,"Mount",-0.182,0.155,0.221,0.089,0.063,0.032,26,W,14,S,,,205047,118.46,0
1394,3193.360,"Mount",-0.025,0.207,0.196,-0.073,0.064,-0.025,27,W,11,N,,,201511,123.40,0
1395,3195.440,"Mount",-0.021,0.104,0.102,-0.030,0.027,0.000,11,W,0,,,,203709,113.66,0
1396,3197.946,"Mount",-0.111,0.019,0.068,0.089,0.042,0.032,18,W,14,S,,,199142,111.43,0
1397,3200.226,"Mount",-0.016,0.237,0.218,-0.095,0.104,-0.033,43,W,14,N,,,202005,109.16,0
1398,3202.571,"Mount",0.002,0.107,0.094,-0.051,0.053,0.000,22,W,0,,,,209743,135.63,0
1399,3204.649,"Mount",-0.031,0.049,0.058,0.005,0.022,0.000,9,W,0,,,,201589,129.21,0
1400,3206.960,"Mount",-0.060,0.072,0.091,0.020,0.083,0.000,34,W,0,,,,194605,107.43,0
1401,3209.090,"Mount",-0.069,0.068,0.093,0.030,0.073,0.000,30,W,0,,,,192089,105.76,0
1402,3211.450,"Mount",0.106,0.003,-0.046,-0.095,0.013,-0.034,5,W,15,N,,,181260,94.26,0
1403,3213.531,"Mount",0.017,0.053,0.039,-0.039,0.030,0.000,12,W,0,,,,204341,117.50,0
1404,3215.950,"Mount",-0.158,0.126,0.184,0.082,0.100,0.029,41,W,13,S,,,202136,110.24,0
1405,3218.099,"Mount",-0.070,0.227,0.234,-0.043,0.126,0.000,52,W,0,,,,200066,119.72,0
1406,3220.503,"Mount",-0.045,-0.061,-0.034,0.069,0.015,0.025,6,W,11,S,,,198496,121.28,0
1407,3222.678,"Mount",0.153,-0.079,-0.140,-0.099,-0.047,-0.035,19,E,15,N,,,190798,111.59,0
1408,3225.032,"Mount",0.068,0.001,-0.030,-0.061,0.026,-0.023,11,W,10,N,,,198907,104.48,0
1409,3227.232,"Mount",0.169,-0.083,-0.152,-0.112,-0.081,-0.041,33,E,18,N,,,197912,103.32,0
1410,3229.634,"Mount",0.107,-0.132,-0.166,-0.034,-0.103,0.000,43,E,0,,,,204979,121.73,0
1411,3231.748,"Mount",0.137,-0.147,-0.193,-0.054,-0.113,0.000,47,E,0,,,,200826,108.48,0
1412,3234.172,"Mount",0.120,0.006,-0.050,-0.109,-0.038,-0.039,16,E,17,N,,,193067,102.60,0
1413,3236.290,"Mount",0.063,-0.016,-0.043,-0.049,-0.040,0.000,17,E,0,,,,190601,102.90,0
1414,3238.759,"Mount",-0.034,-0.138,-0.107,0.094,-0.086,0.034,36,E,15,S,,,199095,109.68,0
1415,3240.983,"Mount",-0.083,0.175,0.193,-0.007,0.069,0.000,29,W,0,,,,205802,128.71,0
1416,3243.275,"Mount",-0.032,0.000,0.015,0.028,0.004,0.000,2,W,0,,,,206911,119.28,0
1417,3245.399,"Mount",-0.050,0.065,0.080,0.014,0.054,0.000,22,W,0,,,,197509,101.95,0
1418,3247.800,"Mount",0.003,0.253,0.224,-0.119,0.121,-0.043,50,W,18,N,,,213009,115.72,0
1419,3249.883,"Mount",0.013,-0.039,-0.041,0.007,0.031,0.000,13,W,0,,,,185163,104.40,0
1420,3252.217,"Mount",-0.038,0.085,0.093,-0.006,0.086,0.000,36,W,0,,,,203954,108.48,0
1421,3254.393,"Mount",-0.002,0.139,0.124,-0.063,0.093,-0.023,38,W,10,N,,,201282,117.32,0
1422,3256.819,"Mount",0.106,0.224,0.150,-0.197,0.102,-0.072,42,W,31,N,,,214600,137.95,0
1423,3258.912,"Mount",-0.044,0.085,0.096,0.000,0.084,0.000,35,W,0,,,,200333,105.55,0
1424,3261.305,"Mount",0.119,-0.095,-0.139,-0.062,-0.019,-0.022,8,E,10,N,,,220318,115.45,0
1425,3263.447,"Mount",0.224,0.014,-0.091,-0.205,-0.003,-0.075,1,E,32,N,,,199831,103.72,0
1426,3265.909,"Mount",0.283,-0.028,-0.155,-0.238,-0.036,-0.089,15,E,38,N,,,207641,112.16,0
1427,3268.098,"Mount",0.158,0.041,-0.036,-0.159,0.021,-0.061,9,W,26,N,,,193517,102.69,0
1428,3270.491,"Mount",0.202,-0.162,-0.237,-0.104,-0.113,-0.040,47,E,17,N,,,196994,111.20,0
1429,3272.634,"Mount",0.138,-0.184,-0.227,-0.038,-0.123,0.000,51,E,0,,,,198467,111.78,0
1430,3275.028,"Mount",0.180,-0.314,-0.361,-0.015,-0.193,0.000,80,E,0,,,,207035,130.30,0
1431,3277.289,"Mount",0.271,-0.305,-0.395,-0.100,-0.228,-0.036,95,E,15,N,,,197275,114.32,0
1432,3279.720,"Mount",0.101,-0.044,-0.085,-0.069,-0.126,-0.026,52,E,11,N,,,209731,111.86,0
1433,3282.002,"Mount",0.247,-0.245,-0.331,-0.106,-0.264,-0.039,109,E,17,N,,,205448,129.90,0
1434,3284.392,"Mount",0.164,-0.203,-0.256,-0.052,-0.240,0.000,99,E,0,,,,189504,105.93,0
1435,3286.606,"Mount",0.146,-0.114,-0.169,-0.077,-0.218,-0.028,91,E,12,N,,,210746,116.01,0
1436,3289.024,"Mount",0.092,-0.066,-0.101,-0.052,-0.225,0.000,93,E,0,,,,210878,117.39,0
1437,3291.220,"Mount",0.107,-0.027,-0.073,-0.082,-0.206,-0.030,86,E,13,N,,,201228,115.31,0
1438,3293.617,"Mount",-0.007,-0.093,-0.079,0.049,-0.215,0.000,89,E,0,,,,205404,121.93,0
1439,3295.782,"Mount",0.045,-0.052,-0.067,-0.016,-0.209,0.000,87,E,0,,,,188156,108.27,0
1440,3298.133,"Mount",-0.041,0.166,0.166,-0.040,-0.089,0.000,37,E,0,,,,203157,106.11,0
1441,3300.276,"Mount",-0.105,0.119,0.154,0.038,-0.073,0.000,30,E,0,,,,193722,117.37,0
1442,3302.701,"Mount",-0.141,0.099,0.153,0.079,-0.051,0.029,21,E,12,S,,,211865,125.71,0
1443,3304.816,"Mount",-0.003,0.116,0.105,-0.051,-0.038,0.000,16,E,0,,,,192773,93.35,0
1444,3307.144,"Mount",-0.094,0.300,0.310,-0.055,0.057,0.000,24,W,0,,,,183658,104.69,0
1445,3309.343,"Mount",0.053,0.237,0.186,-0.157,0.029,-0.056,12,W,24,N,,,182497,97.53,0
1446,3311.720,"Mount",0.033,-0.020,-0.033,-0.020,-0.036,0.000,15,E,0,,,,194650,98.45,0
1447,3313.951,"Mount",-0.191,0.032,0.116,0.155,0.022,0.056,9,W,24,S,,,193716,119.66,0
1448,3316.280,"Mount",-0.102,0.321,0.331,-0.058,0.110,0.000,46,W,0,,,,216785,140.30,0
1449,3318.454,"Mount",0.016,0.303,0.262,-0.154,0.074,-0.055,31,W,24,N,,,195722,113.99,0
1450,3320.864,"Mount",0.033,0.084,0.059,-0.068,-0.075,-0.027,31,E,11,N,,,203258,115.83,0
1451,3322.974,"Mount",0.034,-0.094,-0.099,0.013,-0.110,0.000,45,E,0,,,,192979,104.25,0
1452,3325.425,"Mount",0.203,-0.036,-0.125,-0.163,-0.149,-0.059,62,E,25,N,,,187550,108.11,0
1453,3327.652,"Mount",0.216,-0.044,-0.138,-0.171,-0.135,-0.064,56,E,27,N,,,185209,104.93,0
1454,3330.002,"Mount",0.090,-0.048,-0.084,-0.058,-0.138,0.000,57,E,0,,,,214582,135.34,0
1455,3332.267,"Mount",0.187,-0.156,-0.224,-0.094,-0.236,-0.034,98,E,14,N,,,203987,113.07,0
1456,3334.760,"Mount",0.239,-0.253,-0.335,-0.095,-0.315,-0.036,131,E,15,N,,,210698,128.48,0
1457,3337.061,"Mount",0.257,0.001,-0.117,-0.228,-0.238,-0.084,99,E,36,N,,,198240,119.03,0
1458,3339.636,"Mount",0.288,-0.049,-0.176,-0.233,-0.282,-0.087,117,E,37,N,,,188194,102.66,0
1459,3341.916,"Mount",0.199,-0.220,-0.287,-0.075,-0.374,-0.031,155,E,13,N,,,197010,110.95,0
1460,3344.399,"Mount",0.168,-0.317,-0.359,-0.003,-0.412,0.000,171,E,0,,,,177120,96.01,0
1461,3346.703,"Mount",0.180,-0.292,-0.342,-0.025,-0.425,0.000,176,E,0,,,,187553,98.39,0
1462,3349.175,"Mount",0.062,-0.208,-0.213,0.041,-0.377,0.000,156,E,0,,,,197121,109.23,0
1463,3351.473,"Mount",0.153,-0.012,-0.081,-0.131,-0.295,-0.047,122,E,20,N,,,206227,117.07,0
1464,3353.943,"Mount",-0.027,-0.085,-0.063,0.063,-0.327,0.021,136,E,9,S,,,202848,117.80,0
1465,3356.239,"Mount",0.044,0.079,0.050,-0.075,-0.285,-0.026,118,E,11,N,,,196580,109.15,0
1466,3358.735,"Mount",-0.097,-0.066,-0.014,0.117,-0.257,0.041,107,E,18,S,,,191628,107.79,0
1467,3360.929,"Mount",0.016,0.034,0.022,-0.030,-0.251,0.000,104,E,0,,,,207375,117.61,0
1468,3363.436,"Mount",-0.075,-0.062,-0.021,0.096,-0.279,0.034,116,E,15,S,,,207824,107.14,0
1469,3365.628,"Mount",-0.084,0.093,0.121,0.032,-0.192,0.000,79,E,0,,,,204226,122.43,0
1470,3368.017,"Mount",-0.042,0.068,0.080,0.006,-0.181,0.000,75,E,0,,,,187739,113.76,0
1471,3370.298,"Mount",0.008,0.181,0.157,-0.090,-0.126,-0.033,52,E,14,N,,,187142,102.29,0
1472,3372.595,"Mount",-0.149,0.241,0.282,0.021,-0.038,0.000,16,E,0,,,,197759,115.34,0
1473,3374.711,"Mount",-0.184,0.328,0.376,0.012,0.023,0.000,10,W,0,,,,203634,131.94,0
1474,3377.037,"Mount",-0.173,0.201,0.258,0.061,-0.019,0.022,8,E,9,S,,,200961,115.69,0
1475,3379.203,"Mount",-0.251,0.180,0.275,0.140,0.014,0.051,6,W,22,S,,,205397,108.48,0
1476,3381.553,"Mount",-0.150,0.250,0.291,0.017,0.049,0.000,20,W,0,,,,197094,123.38,0
1477,3383.721,"Mount",-0.071,0.324,0.320,-0.087,0.082,-0.031,34,W,13,N,,,211533,118.85,0
1478,3386.008,"Mount",0.023,0.017,0.005,-0.029,-0.058,0.000,24,E,0,,,,193943,103.61,0
1479,3388.059,"Mount",-0.026,0.129,0.127,-0.037,0.019,0.000,8,W,0,,,,203105,107.56,0
1480,3390.362,"Mount",0.029,0.092,0.068,-0.068,0.000,-0.025,0,,11,N,,,204343,110.69,0
1481,3392.404,"Mount",0.014,0.073,0.059,-0.046,-0.017,0.000,7,E,0,,,,199085,119.20,0
1482,3394.764,"Mount",-0.115,-0.034,0.022,0.118,-0.025,0.042,10,E,18,S,,,195025,102.70,0
1483,3396.901,"Mount",-0.162,0.084,0.149,0.104,0.048,0.039,20,W,17,S,,,209403,117.01,0
1484,3399.223,"Mount",-0.009,0.080,0.075,-0.028,0.013,0.000,5,W,0,,,,205141,114.86,0
1485,3401.280,"Mount",0.023,0.012,0.000,-0.026,-0.014,0.000,6,E,0,,,,193258,108.91,0
1486,3403.637,"Mount",-0.115,0.083,0.126,0.064,0.046,0.023,19,W,10,S,,,205765,116.95,0
1487,3405.725,"Mount",0.087,-0.129,-0.155,-0.018,-0.068,0.000,28,E,0,,,,182184,117.11,0
1488,3408.149,"Mount",-0.149,0.151,0.203,0.062,0.107,0.022,44,W,10,S,,,197204,112.11,0
1489,3410.347,"Mount",-0.199,0.147,0.222,0.109,0.128,0.040,53,W,17,S,,,193813,111.77,0
1490,3412.790,"Mount",-0.012,0.275,0.250,-0.116,0.162,-0.040,67,W,17,N,,,207143,117.71,0
1491,3415.037,"Mount",-0.149,0.096,0.154,0.088,0.164,0.030,68,W,13,S,,,210799,125.23,0
1492,3417.502,"Mount",-0.028,0.241,0.227,-0.087,0.196,-0.030,81,W,13,N,,,203725,126.50,0
1493,3419.641,"Mount",-0.103,0.179,0.206,0.009,0.132,0.000,55,W,0,,,,202667,117.48,0
1494,3422.033,"Mount",-0.112,0.136,0.172,0.036,0.168,0.000,70,W,0,,,,202846,111.55,0
1495,3424.303,"Mount",-0.068,0.280,0.280,-0.069,0.237,-0.025,98,W,11,N,,,209985,122.91,0
1496,3426.770,"Mount",-0.169,0.079,0.148,0.113,0.214,0.040,89,W,17,S,,,199705,116.85,0
1497,3428.942,"Mount",-0.091,0.091,0.122,0.039,0.210,0.000,87,W,0,,,,194348,111.75,0
1498,3431.311,"Mount",-0.025,0.105,0.105,-0.026,0.228,0.000,95,W,0,,,,199490,121.53,0
1499,3433.452,"Mount",-0.112,0.110,0.149,0.048,0.242,0.000,100,W,0,,,,212637,116.40,0
1500,3435.935,"Mount",-0.139,0.133,0.182,0.062,0.265,0.022,110,W,9,S,,,204913,107.22,0
1501,3438.142,"Mount",0.017,-0.013,-0.019,-0.009,0.194,0.000,81,W,0,,,,207540,102.90,0
1502,3440.534,"Mount",0.228,-0.099,-0.192,-0.156,0.087,-0.056,36,W,24,N,,,198872,105.84,0
1503,3442.811,"Mount",0.064,0.015,-0.016,-0.064,0.180,-0.025,75,W,11,N,,,195790,109.53,0
1504,3445.265,"Mount",0.057,0.050,0.018,-0.074,0.179,-0.028,74,W,12,N,,,202885,120.38,0
1505,3447.368,"Mount",0.052,-0.132,-0.141,0.015,0.074,0.000,31,W,0,,,,200049,116.66,0
1506,3449.813,"Mount",0.106,-0.154,-0.186,-0.023,0.025,0.000,10,W,0,,,,192567,106.66,0
1507,3452.033,"Mount",0.248,-0.118,-0.219,-0.165,0.004,-0.059,2,W,25,N,,,205716,108.29,0
1508,3454.398,"Mount",0.194,-0.132,-0.206,-0.111,-0.019,-0.042,8,E,18,N,,,187653,92.82,0
1509,3456.598,"Mount",0.251,-0.211,-0.303,-0.126,-0.094,-0.047,39,E,20,N,,,198835,103.79,0
1510,3458.923,"Mount",0.054,-0.072,-0.088,-0.015,-0.028,0.000,12,E,0,,,,202056,118.67,0
1511,3461.050,"Mount",0.099,0.005,-0.041,-0.090,0.002,-0.032,1,W,14,N,,,214616,120.27,0
1512,3463.441,"Mount",0.026,-0.187,-0.178,0.063,-0.068,0.022,28,E,9,S,,,196597,108.12,0
1513,3465.497,"Mount",0.002,-0.065,-0.059,0.028,0.000,0.000,0,,0,,,,201397,116.19,0
1514,3467.830,"Mount",-0.031,0.152,0.149,-0.043,0.055,0.000,23,W,0,,,,200864,119.09,0
1515,3469.907,"Mount",0.063,-0.094,-0.113,-0.013,-0.044,0.000,18,E,0,,,,206586,118.02,0
1516,3474.360,"Mount",-0.100,0.084,0.121,0.050,0.087,0.000,36,W,0,,,,198194,113.52,0
1517,3476.790,"Mount",-0.083,0.250,0.260,-0.042,0.186,0.000,77,W,0,,,,187626,111.93,0
1518,3478.955,"Mount",-0.162,0.250,0.297,0.029,0.244,0.000,101,W,0,,,,191099,98.75,0
1519,3481.381,"Mount",-0.143,0.206,0.248,0.031,0.267,0.000,111,W,0,,,,202457,119.27,0
1520,3483.619,"Mount",-0.118,0.251,0.277,-0.012,0.324,0.000,135,W,0,,,,179259,94.77,0
1521,3486.057,"Mount",-0.139,0.234,0.272,0.015,0.261,0.000,108,W,0,,,,194387,112.57,0
1522,3488.344,"Mount",-0.219,0.208,0.286,0.098,0.257,0.035,107,W,15,S,,,208098,122.77,0
1523,3490.897,"Mount",-0.152,0.289,0.326,0.002,0.359,0.000,149,W,0,,,,201237,117.29,0
1524,3493.142,"Mount",-0.175,0.241,0.295,0.044,0.351,0.000,146,W,0,,,,194474,103.67,0
1525,3495.656,"Mount",-0.212,0.013,0.109,0.182,0.279,0.066,116,W,28,S,,,210972,131.73,0
1526,3497.857,"Mount",-0.157,0.284,0.324,0.008,0.393,0.000,163,W,0,,,,204756,116.64,0
1527,3500.379,"Mount",-0.148,0.037,0.100,0.114,0.321,0.041,133,W,18,S,,,189874,102.54,0
1528,3502.617,"Mount",-0.089,0.131,0.157,0.018,0.348,0.000,144,W,0,,,,192814,102.05,0
1529,3505.117,"Mount",-0.062,-0.026,0.006,0.067,0.296,0.024,123,W,10,S,,,210116,113.33,0
1530,3507.336,"Mount",-0.015,-0.035,-0.024,0.029,0.276,0.000,115,W,0,,,,198608,120.72,0
1531,3509.787,"Mount",-0.012,-0.127,-0.107,0.069,0.191,0.025,79,W,11,S,,,207320,111.18,0
1532,3512.037,"Mount",0.061,0.020,-0.010,-0.064,0.239,-0.022,99,W,9,N,,,207501,126.43,0
1533,3514.425,"Mount",0.190,-0.144,-0.215,-0.102,0.097,-0.038,40,W,16,N,,,194034,107.06,0
1534,3516.479,"Mount",0.091,-0.280,-0.290,0.048,-0.024,0.000,10,E,0,,,,191400,118.29,0
1535,3518.892,"Mount",0.150,-0.133,-0.187,-0.071,-0.031,-0.026,13,E,11,N,,,195710,99.88,0
1536,3521.063,"Mount",0.054,-0.317,-0.306,0.098,-0.104,0.034,43,E,15,S,,,193654,109.31,0
1537,3523.415,"Mount",0.041,-0.166,-0.166,0.040,-0.054,0.000,22,E,0,,,,199838,118.79,0
1538,3525.626,"Mount",0.076,-0.182,-0.196,0.017,-0.107,0.000,45,E,0,,,,210179,115.98,0
1539,3527.983,"Mount",0.116,-0.122,-0.161,-0.046,-0.110,0.000,46,E,0,,,,197690,107.62,0
1540,3530.128,"Mount",0.048,-0.136,-0.143,0.020,-0.090,0.000,37,E,0,,,,202834,110.70,0
1541,3532.447,"Mount",-0.034,0.109,0.112,-0.020,0.032,0.000,13,W,0,,,,201088,114.30,0
1542,3534.610,"Mount",0.107,-0.058,-0.101,-0.068,-0.063,-0.024,26,E,10,N,,,195824,100.68,0
1543,3536.971,"Mount",0.133,-0.150,-0.195,-0.049,-0.095,0.000,39,E,0,,,,210369,141.37,0
1544,3539.068,"Mount",0.045,-0.016,-0.035,-0.032,-0.008,0.000,3,E,0,,,,196888,101.90,0
1545,3541.365,"Mount",0.004,-0.058,-0.053,0.024,-0.024,0.000,10,E,0,,,,189761,108.78,0
1546,3543.481,"Mount",0.032,0.065,0.043,-0.058,-0.023,0.000,9,E,0,,,,198002,102.70,0
1547,3545.879,"Mount",-0.142,0.066,0.124,0.095,0.054,0.034,22,W,15,S,,,203913,124.88,0
1548,3548.060,"Mount",0.062,0.069,0.032,-0.087,-0.012,-0.030,5,E,13,N,,,190995,103.73,0
1549,3550.348,"Mount",-0.048,0.112,0.121,-0.009,0.054,0.000,22,W,0,,,,214297,129.46,0
1550,3552.477,"Mount",-0.101,0.056,0.096,0.064,0.062,0.023,26,W,10,S,,,203685,116.20,0
1551,3554.919,"Mount",-0.177,0.056,0.131,0.131,0.105,0.048,44,W,21,S,,,205178,107.12,0
1552,3557.038,"Mount",-0.053,0.081,0.096,0.010,0.085,0.000,35,W,0,,,,203628,126.87,0
1553,3559.457,"Mount",-0.108,0.234,0.257,-0.012,0.133,0.000,55,W,0,,,,198556,120.36,0
1554,3561.662,"Mount",-0.037,0.135,0.137,-0.029,0.098,0.000,41,W,0,,,,202334,114.72,0
1555,3563.987,"Mount",-0.101,-0.010,0.038,0.094,0.022,0.034,9,W,14,S,,,213475,127.62,0
1556,3566.098,"Mount",-0.125,0.113,0.158,0.059,0.088,0.000,37,W,0,,,,193374,108.94,0
1557,3568.426,"Mount",-0.131,0.151,0.194,0.046,0.107,0.000,44,W,0,,,,191700,110.88,0
1558,3570.623,"Mount",0.054,0.103,0.066,-0.096,0.050,-0.034,21,W,15,N,,,203890,110.55,0
1559,3572.933,"Mount",0.058,-0.042,-0.064,-0.032,-0.008,0.000,3,E,0,,,,201698,111.85,0
1560,3575.001,"Mount",-0.046,0.017,0.037,0.033,-0.011,0.000,4,E,0,,,,203695,108.63,0
1561,3577.328,"Mount",0.073,-0.060,-0.087,-0.036,-0.065,0.000,27,E,0,,,,188001,110.94,0
1562,3579.441,"Mount",0.085,0.072,0.025,-0.108,-0.023,-0.039,10,E,17,N,,,224306,120.48,0
1563,3581.815,"Mount",-0.013,-0.080,-0.065,0.049,-0.064,0.000,27,E,0,,,,197633,105.46,0
1564,3583.977,"Mount",-0.001,-0.129,-0.114,0.060,-0.085,0.022,35,E,9,S,,,190140,103.41,0
1565,3586.290,"Mount",-0.009,0.052,0.050,-0.016,-0.036,0.000,15,E,0,,,,201501,106.47,0
1566,3588.350,"Mount",-0.067,0.137,0.153,-0.004,0.055,0.000,23,W,0,,,,195996,106.75,0
1567,3590.699,"Mount",-0.072,0.025,0.056,0.052,0.008,0.000,3,W,0,,,,190058,123.03,0
1568,3592.897,"Mount",-0.087,0.032,0.069,0.063,0.055,0.023,23,W,10,S,,,207149,121.02,0
1569,3595.224,"Mount",0.061,0.008,-0.021,-0.058,0.018,0.000,7,W,0,,,,216358,134.81,0
1570,3597.348,"Mount",-0.070,0.107,0.128,0.013,0.076,0.000,32,W,0,,,,201586,115.37,0
1571,3599.831,"Mount",-0.037,0.282,0.267,-0.098,0.164,-0.035,68,W,15,N,,,189058,99.67,0
1572,3602.045,"Mount",-0.043,0.294,0.280,-0.097,0.162,-0.037,67,W,16,N,,,216880,118.63,0
1573,3604.437,"Mount",-0.177,0.124,0.191,0.100,0.119,0.035,50,W,15,S,,,194619,109.52,0
1574,3606.630,"Mount",-0.052,-0.033,-0.005,0.061,0.046,0.023,19,W,10,S,,,197574,107.56,0
1575,3608.973,"Mount",-0.035,-0.005,0.012,0.034,0.050,0.000,21,W,0,,,,195481,101.89,0
1576,3611.161,"Mount",-0.131,-0.009,0.052,0.120,0.037,0.043,15,W,19,S,,,211443,134.02,0
1577,3613.519,"Mount",-0.004,-0.044,-0.037,0.024,0.028,0.000,12,W,0,,,,209944,106.34,0
1578,3615.713,"Mount",0.210,-0.038,-0.130,-0.168,-0.034,-0.061,14,E,26,N,,,200809,111.39,0
1579,3618.100,"Mount",0.202,0.012,-0.083,-0.185,-0.046,-0.069,19,E,30,N,,,195408,99.27,0
1580,3620.245,"Mount",0.068,0.093,0.051,-0.103,-0.027,-0.040,11,E,17,N,,,197981,99.73,0
1581,3622.667,"Mount",0.176,-0.115,-0.183,-0.103,-0.125,-0.039,52,E,17,N,,,198167,112.34,0
1582,3624.819,"Mount",0.066,-0.140,-0.154,0.006,-0.137,0.000,57,E,0,,,,205893,115.71,0
1583,3627.286,"Mount",0.162,-0.121,-0.182,-0.088,-0.176,-0.032,73,E,14,N,,,183690,100.58,0
1584,3629.473,"Mount",0.076,-0.095,-0.119,-0.023,-0.160,0.000,66,E,0,,,,192767,103.85,0
1585,3631.960,"Mount",0.174,-0.138,-0.203,-0.091,-0.222,-0.033,92,E,14,N,,,200320,109.33,0
1586,3634.113,"Mount",0.086,-0.127,-0.152,-0.018,-0.210,0.000,87,E,0,,,,199765,123.23,0
1587,3636.553,"Mount",0.147,-0.219,-0.262,-0.029,-0.280,0.000,116,E,0,,,,197798,109.00,0
1588,3638.805,"Mount",0.045,-0.238,-0.232,0.070,-0.265,0.025,110,E,11,S,,,198889,121.84,0
1589,3641.203,"Mount",-0.015,-0.027,-0.017,0.026,-0.170,0.000,70,E,0,,,,202271,116.12,0
1590,3643.342,"Mount",-0.069,0.076,0.099,0.026,-0.112,0.000,46,E,0,,,,194583,107.28,0
1591,3645.728,"Mount",0.014,0.134,0.113,-0.075,-0.105,-0.027,44,E,11,N,,,190464,104.56,0
1592,3647.843,"Mount",0.002,0.119,0.105,-0.056,-0.089,0.000,37,E,0,,,,198897,110.40,0
1593,3650.295,"Mount",-0.186,0.076,0.154,0.130,-0.062,0.047,26,E,20,S,,,199736,119.79,0
1594,3652.357,"Mount",-0.017,0.109,0.104,-0.036,-0.057,0.000,24,E,0,,,,205439,121.18,0
1595,3654.683,"Mount",-0.074,0.035,0.065,0.049,-0.040,0.000,16,E,0,,,,195019,104.56,0
1596,3656.816,"Mount",-0.065,0.030,0.057,0.044,-0.060,0.000,25,E,0,,,,184487,103.02,0
1597,3659.221,"Mount",-0.182,0.196,0.258,0.071,0.073,0.026,30,W,11,S,,,195445,112.07,0
1598,3661.349,"Mount",-0.085,0.199,0.216,-0.016,0.066,0.000,27,W,0,,,,197236,109.18,0
1599,3663.743,"Mount",-0.173,0.104,0.172,0.106,0.040,0.038,17,W,16,S,,,198886,112.18,0
1600,3665.837,"Mount",-0.071,0.123,0.142,0.006,0.026,0.000,11,W,0,,,,193293,101.03,0
1601,3668.146,"Mount",-0.080,0.048,0.080,0.048,-0.020,0.000,8,E,0,,,,198642,105.35,0
1602,3670.329,"Mount",0.006,-0.190,-0.172,0.082,-0.131,0.030,54,E,13,S,,,219001,140.54,0
1603,3672.798,"Mount",0.239,-0.106,-0.205,-0.163,-0.183,-0.058,76,E,25,N,,,200867,113.14,0
1604,3674.956,"Mount",0.097,-0.102,-0.136,-0.039,-0.156,0.000,65,E,0,,,,199342,125.23,0
1605,3677.322,"Mount",0.029,-0.008,-0.020,-0.023,-0.098,0.000,41,E,0,,,,204115,117.86,0
1606,3679.531,"Mount",0.089,-0.047,-0.082,-0.057,-0.170,0.000,71,E,0,,,,213087,110.63,0
1607,3681.954,"Mount",0.119,-0.161,-0.198,-0.032,-0.266,0.000,110,E,0,,,,203828,122.68,0
1608,3684.174,"Mount",0.153,-0.287,-0.326,-0.003,-0.322,0.000,134,E,0,,,,202275,137.52,0
1609,3686.675,"Mount",0.213,-0.122,-0.206,-0.133,-0.295,-0.048,122,E,20,N,,,215877,125.38,0
1610,3688.930,"Mount",-0.012,-0.216,-0.186,0.110,-0.298,0.038,124,E,16,S,,,204505,127.55,0
1611,3691.398,"Mount",0.110,-0.161,-0.194,-0.023,-0.316,0.000,131,E,0,,,,200417,114.00,0
1612,3693.690,"Mount",0.137,-0.097,-0.149,-0.077,-0.295,-0.028,122,E,12,N,,,207481,126.85,0
1613,3696.174,"Mount",0.075,-0.262,-0.267,0.055,-0.383,0.000,159,E,0,,,,194860,114.53,0
1614,3698.460,"Mount",0.143,-0.125,-0.177,-0.069,-0.315,-0.025,131,E,11,N,,,200269,109.18,0
1615,3700.929,"Mount",0.055,-0.027,-0.049,-0.036,-0.276,0.000,115,E,0,,,,212624,116.98,0
1616,3703.210,"Mount",-0.073,-0.014,0.021,0.072,-0.287,0.026,119,E,11,S,,,200503,128.19,0
1617,3705.662,"Mount",-0.050,0.097,0.109,0.000,-0.247,0.000,103,E,0,,,,207132,113.20,0
1618,3707.893,"Mount",-0.187,0.137,0.208,0.102,-0.149,0.037,62,E,16,S,,,195328,109.33,0
1619,3710.320,"Mount",-0.121,0.202,0.235,0.014,-0.183,0.000,76,E,0,,,,209612,128.94,0
1620,3712.561,"Mount",-0.085,-0.008,0.032,0.080,-0.265,0.029,110,E,12,S,,,199007,111.55,0
1621,3714.904,"Mount",-0.150,0.358,0.387,-0.032,-0.070,0.000,29,E,0,,,,211712,116.45,0
1622,3717.066,"Mount",-0.182,0.216,0.275,0.061,-0.059,0.022,25,E,9,S,,,211146,135.49,0
1623,3719.423,"Mount",-0.116,0.138,0.176,0.039,-0.110,0.000,46,E,0,,,,206152,136.14,0
1624,3721.549,"Mount",-0.167,0.260,0.308,0.028,0.025,0.000,11,W,0,,,,203464,115.48,0
1625,3723.905,"Mount",-0.173,0.274,0.323,0.027,0.007,0.000,3,W,0,,,,215078,135.33,0
1626,3726.020,"Mount",-0.126,0.177,0.215,0.030,-0.010,0.000,4,E,0,,,,196785,106.33,0
1627,3728.306,"Mount",-0.076,0.195,0.208,-0.022,0.005,0.000,2,W,0,,,,194134,109.83,0
1628,3730.391,"Mount",-0.169,0.219,0.272,0.049,0.056,0.000,23,W,0,,,,201228,122.46,0
1629,3732.784,"Mount",-0.117,0.043,0.092,0.084,-0.011,0.030,5,E,13,S,,,207374,123.11,0
1630,3734.974,"Mount",0.118,-0.040,-0.090,-0.087,-0.071,-0.030,30,E,13,N,,,209061,124.51,0
1631,3737.438,"Mount",0.053,-0.246,-0.243,0.066,-0.144,0.023,60,E,10,S,,,202880,111.64,0
1632,3739.526,"Mount",-0.030,-0.046,-0.027,0.048,-0.024,0.000,10,E,0,,,,210629,111.18,0
1633,3741.871,"Mount",-0.177,0.305,0.352,0.016,0.121,0.000,50,W,0,,,,201569,108.87,0
1634,3744.026,"Mount",-0.183,0.245,0.301,0.049,0.109,0.000,45,W,0,,,,215348,133.51,0
1635,3746.402,"Mount",-0.041,0.236,0.229,-0.072,0.082,-0.026,34,W,11,N,,,185718,102.15,0
1636,3748.487,"Mount",-0.078,0.116,0.138,0.015,0.048,0.000,20,W,0,,,,193967,105.54,0
1637,3750.811,"Mount",0.026,-0.034,-0.042,-0.008,-0.007,0.000,3,E,0,,,,198796,115.30,0
1638,3752.954,"Mount",0.043,0.080,0.051,-0.076,0.005,-0.027,2,W,12,N,,,193060,105.76,0
1639,3755.280,"Mount",-0.006,-0.005,-0.002,0.008,0.020,0.000,8,W,0,,,,187019,100.81,0
1640,3757.420,"Mount",-0.113,-0.057,0.001,0.126,0.031,0.046,13,W,19,S,,,204414,116.78,0
1641,3759.824,"Mount",-0.111,0.018,0.068,0.090,0.091,0.034,38,W,15,S,,,207155,118.77,0
1642,3761.954,"Mount",0.014,0.088,0.071,-0.053,0.094,0.000,39,W,0,,,,182181,99.77,0
1643,3764.406,"Mount",-0.150,-0.020,0.052,0.142,0.145,0.051,60,W,22,S,,,194917,111.34,0
1644,3766.642,"Mount",-0.137,0.119,0.169,0.067,0.191,0.026,79,W,11,S,,,205959,114.87,0
1645,3769.110,"Mount",-0.252,0.240,0.329,0.112,0.183,0.041,76,W,18,S,,,207593,118.64,0
1646,3771.358,"Mount",-0.035,0.246,0.235,-0.082,0.200,-0.028,83,W,12,N,,,202061,98.83,0
1647,3773.834,"Mount",-0.094,0.170,0.194,0.005,0.226,0.000,94,W,0,,,,208167,140.92,0
1648,3775.989,"Mount",-0.017,0.008,0.015,0.011,0.147,0.000,61,W,0,,,,189421,99.40,0
1649,3778.381,"Mount",-0.115,0.128,0.167,0.043,0.238,0.000,99,W,0,,,,189134,107.49,0
1650,3780.490,"Mount",0.001,-0.002,-0.002,-0.000,0.174,0.000,72,W,0,,,,202304,109.22,0
1651,3782.863,"Mount",-0.052,0.098,0.111,0.001,0.223,0.000,93,W,0,,,,202503,114.12,0
1652,3785.023,"Mount",-0.006,-0.005,-0.002,0.007,0.180,0.000,75,W,0,,,,201164,103.51,0
1653,3787.370,"Mount",-0.058,0.022,0.046,0.042,0.195,0.000,81,W,0,,,,205945,122.51,0
1654,3789.717,"Mount",-0.199,0.109,0.188,0.126,0.262,0.045,109,W,19,S,,,204281,109.59,0
1655,3792.093,"Mount",0.117,-0.129,-0.169,-0.044,0.118,0.000,49,W,0,,,,196607,118.06,0
1656,3794.297,"Mount",0.260,-0.094,-0.203,-0.187,0.069,-0.067,29,W,29,N,,,191497,106.69,0
1657,3796.699,"Mount",0.232,-0.165,-0.253,-0.129,0.008,-0.049,3,W,21,N,,,196721,100.72,0
1658,3798.843,"Mount",0.164,-0.320,-0.359,0.003,-0.068,0.000,28,E,0,,,,188361,100.27,0
1659,3801.256,"Mount",0.108,-0.217,-0.242,0.004,-0.006,0.000,2,E,0,,,,191187,102.89,0
1660,3803.346,"Mount",0.086,-0.215,-0.230,0.023,-0.050,0.000,21,E,0,,,,197914,120.54,0
1661,3805.722,"Mount",0.119,-0.260,-0.286,0.015,-0.106,0.000,44,E,0,,,,212213,120.26,0
1662,3807.931,"Mount",0.065,-0.267,-0.266,0.066,-0.124,0.024,51,E,10,S,,,198806,101.91,0
1663,3810.266,"Mount",0.067,-0.062,-0.086,-0.031,-0.045,0.000,19,E,0,,,,187008,111.56,0
1664,3812.336,"Mount",0.028,-0.034,-0.043,-0.009,0.005,0.000,2,W,0,,,,203707,108.65,0
1665,3814.769,"Mount",0.165,-0.023,-0.096,-0.136,-0.048,-0.049,20,E,21,N,,,190744,102.64,0
1666,3816.879,"Mount",-0.036,-0.005,0.012,0.034,0.019,0.000,8,W,0,,,,198328,103.28,0
1667,3819.205,"Mount",-0.024,-0.035,-0.020,0.037,0.015,0.000,6,W,0,,,,201590,114.34,0
1668,3821.351,"Mount",-0.004,-0.055,-0.047,0.029,0.036,0.000,15,W,0,,,,199062,109.90,0
1669,3823.728,"Mount",-0.015,0.107,0.102,-0.036,0.106,0.000,44,W,0,,,,202710,131.50,0
1670,3825.932,"Mount",-0.118,0.101,0.144,0.057,0.163,0.000,68,W,0,,,,201902,122.40,0
1671,3828.377,"Mount",-0.081,0.200,0.215,-0.021,0.237,0.000,98,W,0,,,,206805,118.60,0
1672,3830.658,"Mount",-0.164,0.061,0.130,0.118,0.265,0.042,110,W,18,S,,,191075,110.88,0
1673,3833.158,"Mount",-0.143,0.101,0.156,0.080,0.235,0.031,98,W,13,S,,,181908,103.84,0
1674,3835.363,"Mount",-0.083,0.023,0.058,0.063,0.118,0.024,49,W,10,S,,,202487,117.66,0
1675,3837.818,"Mount",-0.181,0.408,0.446,-0.028,0.392,0.000,163,W,0,,,,187982,105.95,0
1676,3840.074,"Mount",-0.153,0.312,0.348,-0.008,0.392,0.000,163,W,0,,,,198365,108.07,0
1677,3842.516,"Mount",-0.128,0.302,0.327,-0.026,0.390,0.000,162,W,0,,,,215621,117.92,0
1678,3844.813,"Mount",-0.162,0.107,0.170,0.094,0.319,0.034,132,W,15,S,,,199949,99.70,0
1679,3847.307,"Mount",-0.135,0.066,0.121,0.090,0.336,0.034,139,W,14,S,,,208136,117.21,0
1680,3849.614,"Mount",-0.131,0.069,0.122,0.084,0.335,0.032,139,W,14,S,,,202345,109.51,0
1681,3852.050,"Mount",0.044,-0.028,-0.045,-0.026,0.315,0.000,131,W,0,,,,199688,102.37,0
1682,3854.328,"Mount",0.187,-0.085,-0.162,-0.126,0.204,-0.046,84,W,19,N,,,208558,127.03,0
1683,3856.770,"Mount",0.154,-0.158,-0.211,-0.064,0.143,-0.025,59,W,11,N,,,198954,107.35,0
1684,3858.925,"Mount",0.061,-0.190,-0.197,0.034,0.129,0.000,54,W,0,,,,193189,116.71,0
1685,3861.397,"Mount",0.161,-0.144,-0.202,-0.076,0.126,-0.027,52,W,12,N,,,199791,111.32,0
1686,3863.544,"Mount",0.033,-0.021,-0.034,-0.019,0.122,0.000,50,W,0,,,,198060,105.91,0
1687,3865.960,"Mount",0.200,-0.199,-0.269,-0.085,-0.075,-0.031,31,E,13,N,,,202804,125.50,0
1688,3868.057,"Mount",0.126,-0.203,-0.239,-0.018,-0.053,0.000,22,E,0,,,,205381,117.89,0
1689,3870.390,"Mount",0.126,-0.252,-0.282,0.004,-0.117,0.000,49,E,0,,,,203206,115.02,0
1690,3872.543,"Mount",0.076,0.012,-0.024,-0.072,0.004,-0.026,1,W,11,N,,,185858,98.23,0
1691,3874.877,"Mount",-0.004,-0.034,-0.028,0.019,-0.017,0.000,7,E,0,,,,204324,120.60,0
1692,3876.945,"Mount",0.025,-0.005,-0.016,-0.020,-0.015,0.000,6,E,0,,,,191694,101.24,0
1693,3879.341,"Mount",0.001,-0.199,-0.177,0.091,-0.088,0.033,37,E,14,S,,,213790,106.77,0
1694,3881.410,"Mount",-0.025,0.020,0.030,0.013,-0.017,0.000,7,E,0,,,,200091,108.24,0
1695,3883.869,"Mount",0.120,-0.076,-0.123,-0.071,-0.078,-0.026,32,E,11,N,,,196544,102.57,0
1696,3885.984,"Mount",0.063,-0.038,-0.063,-0.038,-0.051,0.000,21,E,0,,,,205135,116.59,0
1697,3888.314,"Mount",0.095,-0.082,-0.117,-0.047,-0.077,0.000,32,E,0,,,,196114,112.18,0
1698,3890.499,"Mount",0.103,-0.033,-0.077,-0.076,-0.057,-0.027,24,E,12,N,,,204873,117.58,0
1699,3892.893,"Mount",-0.075,-0.092,-0.047,0.109,-0.014,0.038,6,E,16,S,,,204055,115.12,0
1700,3894.969,"Mount",-0.092,0.171,0.194,0.003,0.091,0.000,38,W,0,,,,190920,113.69,0
1701,3897.340,"Mount",-0.094,-0.052,-0.003,0.108,-0.002,0.039,1,E,17,S,,,208667,137.76,0
1702,3899.512,"Mount",-0.086,0.016,0.054,0.069,0.020,0.026,8,W,11,S,,,190975,102.35,0
1703,3901.838,"Mount",0.032,-0.085,-0.090,0.011,-0.004,0.000,2,E,0,,,,193234,110.53,0
1704,3904.001,"Mount",-0.044,-0.147,-0.110,0.107,0.005,0.038,2,W,16,S,,,211380,128.29,0
1705,3906.313,"Mount",0.033,0.009,-0.007,-0.034,0.034,0.000,14,W,0,,,,212101,113.67,0
1706,3908.491,"Mount",-0.135,0.122,0.170,0.063,0.108,0.023,45,W,10,S,,,199169,115.96,0
1707,3910.845,"Mount",0.008,-0.040,-0.039,0.011,0.028,0.000,11,W,0,,,,208009,119.98,0
1708,3912.961,"Mount",-0.048,-0.010,0.013,0.047,0.018,0.000,7,W,0,,,,210237,127.25,0
1709,3915.353,"Mount",-0.107,0.002,0.051,0.094,0.023,0.034,9,W,15,S,,,191801,99.34,0
1710,3917.486,"Mount",-0.015,0.079,0.077,-0.023,0.047,0.000,20,W,0,,,,192065,98.35,0
1711,3919.817,"Mount",0.006,-0.020,-0.021,0.004,0.006,0.000,2,W,0,,,,203582,118.41,0
1712,3921.963,"Mount",0.088,-0.137,-0.162,-0.015,-0.069,0.000,29,E,0,,,,202989,109.07,0
1713,3924.279,"Mount",-0.063,-0.001,0.029,0.057,-0.020,0.000,8,E,0,,,,205848,130.75,0
1714,3926.326,"Mount",0.016,0.015,0.006,-0.021,-0.025,0.000,10,E,0,,,,214981,117.86,0
1715,3928.781,"Mount",0.129,-0.067,-0.119,-0.084,-0.078,-0.030,32,E,13,N,,,205443,115.09,0
1716,3930.973,"Mount",0.096,-0.053,-0.091,-0.061,-0.075,-0.023,31,E,10,N,,,188217,96.51,0
1717,3933.381,"Mount",0.144,-0.107,-0.162,-0.079,-0.107,-0.029,45,E,12,N,,,186476,97.12,0
1718,3935.546,"Mount",0.011,-0.175,-0.161,0.071,-0.088,0.024,37,E,10,S,,,186126,113.99,0
1719,3937.951,"Mount",-0.175,-0.014,0.069,0.162,0.031,0.059,13,W,25,S,,,202895,112.70,0
1720,3940.156,"Mount",-0.154,0.145,0.200,0.069,0.107,0.027,44,W,12,S,,,198400,98.86,0
1721,3942.524,"Mount",-0.109,0.109,0.147,0.046,0.083,0.000,35,W,0,,,,200766,103.75,0
1722,3944.757,"Mount",-0.257,0.148,0.250,0.160,0.131,0.058,54,W,25,S,,,208242,110.06,0
1723,3947.187,"Mount",-0.001,0.180,0.160,-0.082,0.111,-0.027,46,W,12,N,,,184529,110.97,0
1724,3949.410,"Mount",-0.146,0.147,0.198,0.061,0.138,0.021,57,W,9,S,,,211312,119.83,0
1725,3951.755,"Mount",-0.093,0.061,0.097,0.055,0.094,0.000,39,W,0,,,,207705,113.04,0
1726,3953.927,"Mount",-0.192,-0.019,0.072,0.179,0.077,0.065,32,W,28,S,,,196735,106.72,0
1727,3956.300,"Mount",-0.059,0.113,0.128,0.000,0.115,0.000,48,W,0,,,,216547,123.43,0
1728,3958.378,"Mount",-0.005,0.054,0.050,-0.020,0.044,0.000,18,W,0,,,,181549,100.08,0
1729,3960.782,"Mount",0.035,0.042,0.021,-0.051,0.021,0.000,9,W,0,,,,208014,128.25,0
1730,3963.002,"Mount",-0.013,-0.172,-0.147,0.091,-0.051,0.033,21,E,14,S,,,193145,107.05,0
1731,3965.394,"Mount",0.162,-0.067,-0.134,-0.113,-0.067,-0.039,28,E,17,N,,,208939,125.55,0
1732,3967.567,"Mount",-0.147,-0.078,-0.002,0.166,-0.028,0.058,11,E,25,S,,,217629,122.49,0
1733,3969.985,"Mount",0.136,-0.058,-0.114,-0.094,-0.111,-0.032,46,E,14,N,,,195175,106.12,0
1734,3972.235,"Mount",0.218,-0.081,-0.172,-0.156,-0.140,-0.057,58,E,25,N,,,200036,115.03,0
1735,3974.595,"Mount",0.109,-0.160,-0.192,-0.022,-0.179,0.000,74,E,0,,,,197699,117.80,0
1736,3976.830,"Mount",0.185,-0.121,-0.192,-0.108,-0.196,-0.039,81,E,17,N,,,208770,105.85,0
1737,3979.315,"Mount",0.220,-0.264,-0.335,-0.074,-0.269,-0.028,112,E,12,N,,,198068,104.50,0
1738,3981.582,"Mount",0.160,-0.115,-0.176,-0.089,-0.211,-0.033,88,E,14,N,,,207194,124.84,0
1739,3983.984,"Mount",0.064,-0.112,-0.129,-0.005,-0.230,0.000,95,E,0,,,,206699,108.64,0
1740,3986.228,"Mount",0.136,-0.040,-0.098,-0.103,-0.203,-0.037,84,E,16,N,,,193891,114.06,0
1741,3988.572,"Mount",0.051,0.002,-0.021,-0.046,-0.170,0.000,70,E,0,,,,192652,104.89,0
1742,3990.791,"Mount",-0.017,-0.143,-0.119,0.081,-0.208,0.029,86,E,12,S,,,201448,120.79,0
1743,3993.147,"Mount",-0.021,0.109,0.106,-0.032,-0.102,0.000,42,E,0,,,,202789,118.78,0
1744,3995.241,"Mount",-0.060,0.155,0.166,-0.018,-0.070,0.000,29,E,0,,,,202819,105.23,0
1745,3997.550,"Mount",-0.172,0.265,0.315,0.030,0.013,0.000,5,W,0,,,,206251,112.51,0
1746,3999.627,"Mount",-0.106,0.308,0.323,-0.048,0.034,0.000,14,W,0,,,,220512,132.26,0
1747,4002.005,"Mount",-0.163,0.059,0.127,0.117,-0.021,0.042,9,E,18,S,,,211787,121.13,0
1748,4004.065,"Mount",-0.127,0.141,0.184,0.047,0.015,0.000,6,W,0,,,,196149,118.13,0
1749,4006.420,"Mount",-0.068,0.292,0.291,-0.075,0.098,-0.027,40,W,12,N,,,188197,104.67,0
1750,4008.522,"Mount",-0.090,0.231,0.247,-0.027,0.081,0.000,34,W,0,,,,219454,119.39,0
1751,4010.860,"Mount",-0.039,0.203,0.199,-0.059,0.063,0.000,26,W,0,,,,190736,111.86,0
1752,4012.956,"Mount",-0.108,0.111,0.148,0.045,0.033,0.000,14,W,0,,,,184399,102.56,0
1753,4015.278,"Mount",0.013,0.012,0.004,-0.017,-0.052,0.000,22,E,0,,,,191988,111.12,0
1754,4017.423,"Mount",0.017,-0.106,-0.102,0.034,-0.112,0.000,46,E,0,,,,204401,116.44,0
1755,4019.848,"Mount",0.092,0.029,-0.017,-0.095,-0.096,-0.034,40,E,15,N,,,201383,112.26,0
1756,4022.001,"Mount",-0.022,-0.003,0.008,0.020,-0.109,0.000,45,E,0,,,,184006,107.94,0
1757,4024.350,"Mount",0.051,-0.145,-0.152,0.022,-0.172,0.000,71,E,0,,,,199098,109.68,0
1758,4026.542,"Mount",0.103,-0.245,-0.265,0.021,-0.238,0.000,99,E,0,,,,193967,104.24,0
1759,4029.022,"Mount",0.226,-0.034,-0.134,-0.185,-0.216,-0.066,90,E,28,N,,,205555,111.96,0
1760,4031.241,"Mount",0.135,-0.164,-0.207,-0.044,-0.267,0.000,111,E,0,,,,206618,109.66,0
1761,4033.677,"Mount",0.160,-0.252,-0.297,-0.026,-0.322,0.000,134,E,0,,,,204410,114.69,0
1762,4035.909,"Mount",0.166,-0.240,-0.290,-0.037,-0.346,0.000,143,E,0,,,,193828,98.23,0
1763,4038.434,"Mount",0.121,-0.358,-0.373,0.058,-0.390,0.000,162,E,0,,,,199631,110.19,0
1764,4040.673,"Mount",0.175,-0.339,-0.381,0.002,-0.401,0.000,166,E,0,,,,201013,111.57,0
1765,4043.131,"Mount",0.035,-0.161,-0.158,0.043,-0.338,0.000,140,E,0,,,,199894,102.95,0
1766,4045.317,"Mount",0.049,-0.075,-0.089,-0.008,-0.295,0.000,123,E,0,,,,207322,123.48,0
1767,4047.768,"Mount",0.025,-0.094,-0.095,0.021,-0.310,0.000,129,E,0,,,,189281,103.03,0
1768,4049.994,"Mount",-0.010,0.024,0.026,-0.002,-0.296,0.000,123,E,0,,,,197889,120.05,0
1769,4052.539,"Mount",0.079,0.086,0.040,-0.109,-0.298,-0.039,124,E,17,N,,,190318,107.70,0
1770,4054.665,"Mount",-0.077,0.103,0.127,0.020,-0.210,0.000,87,E,0,,,,200572,102.19,0
1771,4057.078,"Mount",0.011,0.090,0.075,-0.051,-0.242,0.000,101,E,0,,,,201898,118.22,0
1772,4059.336,"Mount",-0.139,0.064,0.121,0.094,-0.216,0.034,89,E,14,S,,,207960,120.43,0
1773,4061.736,"Mount",-0.053,0.213,0.213,-0.051,-0.131,0.000,54,E,0,,,,206967,109.69,0
1774,4063.955,"Mount",-0.029,0.194,0.186,-0.064,-0.102,-0.023,42,E,10,N,,,202862,129.11,0
1775,4066.383,"Mount",-0.016,0.178,0.165,-0.068,-0.106,-0.026,44,E,11,N,,,196455,112.78,0
1776,4068.528,"Mount",-0.104,0.115,0.150,0.039,-0.062,0.000,26,E,0,,,,190630,97.42,0
1777,4070.938,"Mount",-0.138,0.123,0.172,0.066,-0.055,0.024,23,E,10,S,,,190873,103.51,0
1778,4073.124,"Mount",0.046,0.152,0.114,-0.111,-0.052,-0.039,21,E,17,N,,,192471,105.75,0
1779,4075.468,"Mount",-0.049,0.194,0.195,-0.046,0.002,0.000,1,W,0,,,,203217,116.38,0
1780,4077.596,"Mount",0.015,0.061,0.047,-0.042,-0.065,0.000,27,E,0,,,,203402,109.10,0
1781,4079.923,"Mount",0.005,0.040,0.033,-0.023,-0.060,0.000,25,E,0,,,,213322,110.92,0
1782,4082.100,"Mount",0.202,0.040,-0.057,-0.198,-0.056,-0.071,23,E,30,N,,,198363,109.13,0
1783,4084.420,"Mount",0.070,-0.086,-0.108,-0.022,-0.092,0.000,38,E,0,,,,186788,103.20,0
1784,4086.594,"Mount",0.187,-0.092,-0.168,-0.123,-0.122,-0.044,50,E,19,N,,,201088,120.75,0
1785,4088.992,"Mount",-0.093,-0.051,-0.002,0.106,-0.030,0.036,12,E,16,S,,,201996,107.72,0
1786,4091.087,"Mount",-0.129,0.195,0.232,0.024,0.069,0.000,29,W,0,,,,216404,130.53,0
1787,4093.414,"Mount",-0.035,0.095,0.100,-0.013,0.024,0.000,10,W,0,,,,192539,111.60,0
1788,4095.583,"Mount",-0.129,0.183,0.222,0.030,0.083,0.000,34,W,0,,,,215232,127.06,0
1789,4097.881,"Mount",-0.028,0.068,0.073,-0.006,0.030,0.000,12,W,0,,,,191000,114.26,0
1790,4099.974,"Mount",-0.010,0.054,0.052,-0.016,0.005,0.000,2,W,0,,,,196051,113.37,0
1791,4102.744,"Mount",-1.129,2.225,2.495,-0.025,1.144,0.000,475,W,0,,,,192741,112.34,0
1792,4105.515,"Mount",-1.522,3.089,3.443,-0.076,1.598,-0.027,663,W,12,N,,,198307,127.23,0
1793,4108.352,"Mount",0.820,-2.267,-2.390,0.319,-0.951,0.114,395,E,49,S,,,196132,118.98,0
1794,4110.849,"Mount",0.420,-1.578,-1.594,0.356,-0.547,0.133,227,E,57,S,,,193721,101.19,0
1795,4113.213,"Mount",0.206,-0.466,-0.509,0.032,-0.096,0.000,40,E,0,,,,202031,123.02,0
1796,4115.366,"Mount",0.186,-0.131,-0.201,-0.104,-0.027,-0.038,11,E,16,N,,,209030,115.17,0
1797,4117.832,"Mount",-0.129,0.076,0.127,0.079,0.096,0.027,40,W,12,S,,,208473,114.09,0
1798,4120.026,"Mount",-0.105,-0.007,0.042,0.096,0.068,0.036,28,W,15,S,,,209742,123.38,0
1799,4122.441,"Mount",-0.157,0.065,0.130,0.109,0.148,0.041,61,W,17,S,,,205564,101.74,0
1800,4124.724,"Mount",-0.261,0.299,0.386,0.093,0.281,0.035,117,W,15,S,,,214332,121.81,0
1801,4127.188,"Mount",-0.079,0.314,0.315,-0.075,0.315,-0.026,131,W,11,N,,,195291,101.33,0
1802,4129.410,"Mount",-0.046,0.211,0.208,-0.056,0.265,0.000,110,W,0,,,,202256,112.05,0
1803,4131.791,"Mount",-0.040,0.053,0.065,0.011,0.239,0.000,99,W,0,,,,209052,113.22,0
1804,4134.007,"Mount",0.084,0.031,-0.012,-0.089,0.225,-0.032,93,W,14,N,,,202021,123.11,0
1805,4136.367,"Mount",0.010,-0.086,-0.081,0.031,0.168,0.000,70,W,0,,,,199070,113.97,0
1806,4138.565,"Mount",0.095,0.046,-0.003,-0.105,0.194,-0.038,81,W,16,N,,,196933,117.16,0
1807,4141.003,"Mount",0.047,-0.241,-0.235,0.070,0.066,0.024,27,W,10,S,,,184136,105.61,0
1808,4143.194,"Mount",0.149,-0.063,-0.124,-0.103,0.062,-0.036,26,W,15,N,,,209934,119.75,0
1809,4145.618,"Mount",0.291,-0.132,-0.251,-0.197,-0.027,-0.072,11,E,31,N,,,197579,114.39,0
1810,4147.724,"Mount",0.130,-0.131,-0.176,-0.055,-0.014,0.000,6,E,0,,,,188870,106.72,0
1811,4150.183,"Mount",0.230,-0.196,-0.280,-0.114,-0.084,-0.041,35,E,18,N,,,193481,109.14,0
1812,4152.337,"Mount",0.169,-0.169,-0.228,-0.072,-0.072,-0.028,30,E,12,N,,,183614,98.50,0
1813,4154.633,"Mount",0.063,-0.213,-0.218,0.043,-0.094,0.000,39,E,0,,,,206276,117.26,0
1814,4156.811,"Mount",0.164,-0.029,-0.101,-0.133,-0.032,-0.048,13,E,20,N,,,203075,105.59,0
1815,4159.250,"Mount",0.006,-0.221,-0.199,0.097,-0.064,0.033,27,E,14,S,,,188300,112.77,0
1816,4161.386,"Mount",0.082,-0.112,-0.138,-0.021,-0.043,0.000,18,E,0,,,,197534,108.39,0
1817,4163.740,"Mount",0.081,0.016,-0.023,-0.079,0.012,-0.029,5,W,12,N,,,201353,118.85,0
1818,4165.820,"Mount",0.019,0.060,0.044,-0.045,0.025,0.000,10,W,0,,,,194583,114.46,0
1819,4168.175,"Mount",-0.102,0.001,0.048,0.090,0.013,0.033,6,W,14,S,,,196005,108.57,0
1820,4170.390,"Mount",0.042,0.067,0.040,-0.068,0.039,-0.023,16,W,10,N,,,193280,104.98,0
1821,4172.761,"Mount",-0.049,0.167,0.171,-0.033,0.136,0.000,56,W,0,,,,199187,109.86,0
1822,4174.995,"Mount",-0.238,0.179,0.268,0.129,0.225,0.046,93,W,20,S,,,196404,113.82,0
1823,4177.491,"Mount",-0.226,0.272,0.346,0.075,0.323,0.029,134,W,12,S,,,220516,129.27,0
1824,4179.773,"Mount",-0.167,0.352,0.389,-0.014,0.403,0.000,167,W,0,,,,187829,98.18,0
1825,4182.237,"Mount",-0.212,0.378,0.433,0.014,0.349,0.000,145,W,0,,,,202275,101.34,0
1826,4184.420,"Mount",-0.160,0.210,0.260,0.045,0.277,0.000,115,W,0,,,,200650,123.32,0
1827,4186.968,"Mount",-0.195,0.243,0.306,0.061,0.394,0.022,164,W,9,S,,,207884,130.55,0
1828,4189.288,"Mount",-0.154,0.297,0.335,-0.001,0.410,0.000,170,W,0,,,,201665,116.78,0
1829,4191.811,"Mount",-0.185,0.023,0.105,0.154,0.307,0.055,127,W,24,S,,,194120,109.59,0
1830,4194.171,"Mount",-0.280,0.222,0.326,0.146,0.419,0.055,174,W,23,S,,,202366,111.03,0
1831,4196.630,"Mount",-0.150,0.263,0.302,0.012,0.422,0.000,175,W,0,,,,205449,119.06,0
1832,4198.923,"Mount",0.032,0.087,0.063,-0.069,0.297,-0.025,123,W,11,N,,,188210,102.04,0
1833,4201.383,"Mount",0.174,-0.084,-0.154,-0.115,0.195,-0.042,81,W,18,N,,,202359,130.38,0
1834,4203.616,"Mount",0.135,-0.092,-0.144,-0.077,0.173,-0.030,72,W,13,N,,,191861,99.54,0
1835,4205.997,"Mount",0.096,-0.068,-0.105,-0.054,0.154,0.000,64,W,0,,,,198876,110.82,0
1836,4208.174,"Mount",0.095,-0.323,-0.330,0.065,0.042,0.023,17,W,10,S,,,211967,119.56,0
1837,4210.640,"Mount",0.234,-0.090,-0.188,-0.166,0.027,-0.059,11,W,25,N,,,198645,108.88,0
1838,4212.837,"Mount",0.150,-0.008,-0.076,-0.129,0.066,-0.049,27,W,21,N,,,208181,120.81,0
1839,4215.181,"Mount",0.072,-0.209,-0.219,0.033,-0.070,0.000,29,E,0,,,,189351,96.34,0
1840,4217.384,"Mount",0.208,-0.148,-0.227,-0.116,-0.062,-0.042,26,E,18,N,,,187657,98.25,0
1841,4219.817,"Mount",0.051,-0.239,-0.235,0.065,-0.081,0.022,34,E,9,S,,,191694,106.67,0
1842,4221.994,"Mount",0.155,-0.053,-0.118,-0.113,-0.042,-0.040,18,E,17,N,,,213031,132.05,0
1843,4224.285,"Mount",0.084,-0.101,-0.129,-0.028,-0.060,0.000,25,E,0,,,,194562,107.20,0
1844,4226.442,"Mount",0.137,-0.104,-0.155,-0.073,-0.088,-0.026,37,E,11,N,,,198558,98.56,0
1845,4228.785,"Mount",0.015,-0.000,-0.007,-0.013,-0.035,0.000,14,E,0,,,,204885,124.46,0
1846,4231.004,"Mount",0.174,-0.092,-0.161,-0.112,-0.099,-0.040,41,E,17,N,,,189162,96.36,0
1847,4233.305,"Mount",0.015,-0.004,-0.010,-0.012,-0.032,0.000,13,E,0,,,,196725,105.21,0
1848,4235.599,"Mount",0.165,-0.019,-0.093,-0.138,-0.075,-0.050,31,E,21,N,,,210227,110.43,0
1849,4237.971,"Mount",-0.139,-0.027,0.040,0.136,-0.033,0.047,14,E,20,S,,,183295,101.09,0
1850,4240.180,"Mount",-0.111,0.044,0.090,0.078,0.020,0.030,8,W,13,S,,,188752,105.51,0
1851,4242.494,"Mount",-0.038,0.193,0.189,-0.055,0.090,0.000,37,W,0,,,,204233,117.43,0
1852,4244.642,"Mount",-0.143,0.365,0.390,-0.042,0.184,0.000,76,W,0,,,,203007,126.88,0
1853,4247.025,"Mount",-0.052,-0.032,-0.005,0.061,0.016,0.022,6,W,9,S,,,194789,105.39,0
1854,4249.161,"Mount",-0.034,-0.144,-0.112,0.097,-0.024,0.036,10,E,15,S,,,193851,98.63,0
1855,4251.614,"Mount",-0.054,0.235,0.234,-0.061,0.159,-0.020,66,W,9,N,,,196240,109.35,0
1856,4253.695,"Mount",-0.052,-0.021,0.006,0.056,0.037,0.000,15,W,0,,,,194082,103.87,0
1857,4256.025,"Mount",0.099,-0.028,-0.070,-0.075,-0.001,-0.027,0,,12,N,,,190876,105.31,0
1858,4258.237,"Mount",-0.082,-0.058,-0.014,0.100,0.036,0.035,15,W,15,S,,,203343,115.77,0
1859,4260.649,"Mount",-0.103,0.065,0.105,0.061,0.064,0.023,26,W,10,S,,,205386,108.34,0
1860,4262.741,"Mount",-0.095,0.069,0.105,0.052,0.063,0.000,26,W,0,,,,210319,121.43,0
1861,4264.999,"Mount",-0.004,-0.034,-0.029,0.019,0.000,0.000,0,,0,,,,198954,104.20,0
1862,4267.120,"Mount",0.067,-0.029,-0.056,-0.046,0.011,0.000,4,W,0,,,,210378,131.20,0
1863,4269.433,"Mount",0.003,0.001,-0.001,-0.003,0.007,0.000,3,W,0,,,,193680,108.13,0
1864,4271.612,"Mount",0.103,-0.135,-0.167,-0.029,-0.088,0.000,37,E,0,,,,204485,118.75,0
1865,4274.026,"Mount",-0.054,-0.150,-0.108,0.117,-0.073,0.042,30,E,18,S,,,195297,108.23,0
1866,4276.269,"Mount",0.091,0.113,0.059,-0.133,-0.026,-0.046,11,E,20,N,,,201124,112.32,0
1867,4278.721,"Mount",0.018,-0.006,-0.014,-0.014,-0.037,0.000,15,E,0,,,,180035,91.82,0
1868,4280.905,"Mount",0.021,0.107,0.086,-0.068,0.004,-0.024,2,W,10,N,,,193197,101.55,0
1869,4283.221,"Mount",-0.115,0.173,0.207,0.022,0.068,0.000,28,W,0,,,,213611,133.61,0
1870,4285.421,"Mount",0.132,0.024,-0.040,-0.128,-0.008,-0.046,3,E,20,N,,,196343,108.99,0
1871,4287.736,"Mount",-0.047,0.115,0.124,-0.011,0.080,0.000,33,W,0,,,,202343,110.59,0
1872,4289.919,"Mount",-0.104,0.257,0.276,-0.026,0.158,0.000,66,W,0,,,,204762,108.97,0
1873,4292.311,"Mount",-0.051,0.362,0.345,-0.122,0.173,-0.044,72,W,19,N,,,193369,117.10,0
1874,4294.407,"Mount",-0.093,0.082,0.116,0.045,0.089,0.000,37,W,0,,,,197479,117.40,0
1875,4296.813,"Mount",-0.233,0.025,0.130,0.195,0.117,0.070,48,W,30,S,,,179942,94.26,0
1876,4298.937,"Mount",-0.088,0.080,0.112,0.041,0.100,0.000,42,W,0,,,,187729,97.87,0
1877,4301.357,"Mount",0.042,0.116,0.084,-0.091,0.088,-0.033,37,W,14,N,,,198593,123.92,0
1878,4303.413,"Mount",-0.010,-0.126,-0.107,0.067,-0.000,0.023,0,,10,S,,,198736,115.15,0
1879,4305.752,"Mount",0.014,0.058,0.045,-0.039,0.032,0.000,13,W,0,,,,200107,104.24,0
1880,4307.863,"Mount",0.056,-0.068,-0.086,-0.018,-0.027,0.000,11,E,0,,,,188693,100.66,0
1881,4310.255,"Mount",0.043,0.092,0.062,-0.081,0.034,-0.029,14,W,12,N,,,200353,116.49,0
1882,4312.410,"Mount",0.062,0.161,0.115,-0.130,0.052,-0.048,21,W,20,N,,,204670,119.11,0
1883,4314.744,"Mount",-0.000,0.001,0.001,-0.000,-0.027,0.000,11,E,0,,,,201015,119.75,0
1884,4316.934,"Mount",0.149,-0.087,-0.146,-0.092,-0.105,-0.033,43,E,14,N,,,210248,114.09,0
1885,4319.401,"Mount",0.202,-0.209,-0.279,-0.082,-0.182,-0.031,76,E,13,N,,,199396,116.40,0
1886,4321.612,"Mount",0.209,-0.120,-0.203,-0.130,-0.164,-0.048,68,E,21,N,,,208066,116.35,0
1887,4324.037,"Mount",0.098,-0.267,-0.282,0.036,-0.234,0.000,97,E,0,,,,204888,113.54,0
1888,4326.290,"Mount",0.075,-0.286,-0.288,0.065,-0.243,0.023,101,E,10,S,,,202476,121.21,0
1889,4328.667,"Mount",0.106,-0.127,-0.161,-0.035,-0.218,0.000,90,E,0,,,,199058,118.10,0
1890,4330.870,"Mount",0.016,-0.160,-0.150,0.060,-0.217,0.000,90,E,0,,,,205988,121.50,0
1891,4333.267,"Mount",0.025,0.048,0.031,-0.044,-0.169,0.000,70,E,0,,,,195982,100.26,0
1892,4335.399,"Mount",0.013,0.071,0.057,-0.044,-0.156,0.000,65,E,0,,,,204690,113.27,0
1893,4337.776,"Mount",-0.042,-0.034,-0.011,0.053,-0.153,0.000,63,E,0,,,,202818,110.81,0
1894,4339.992,"Mount",-0.107,-0.049,0.006,0.117,-0.154,0.042,64,E,18,S,,,188777,98.33,0
1895,4342.317,"Mount",-0.121,0.219,0.250,0.006,-0.045,0.000,19,E,0,,,,202435,122.19,0
1896,4344.473,"Mount",0.081,0.295,0.224,-0.208,-0.032,-0.075,13,E,32,N,,,197262,110.85,0
1897,4346.820,"Mount",-0.062,0.124,0.138,-0.002,-0.067,0.000,28,E,0,,,,184997,104.32,0
1898,4349.029,"Mount",-0.081,-0.041,0.001,0.091,-0.088,0.033,37,E,14,S,,,182443,102.23,0
1899,4351.377,"Mount",-0.217,0.290,0.358,0.059,0.082,0.000,34,W,0,,,,193608,113.36,0
1900,4353.559,"Mount",-0.193,0.041,0.125,0.153,0.011,0.055,4,W,23,S,,,187656,103.94,0
1901,4355.886,"Mount",-0.081,0.134,0.156,0.010,0.038,0.000,16,W,0,,,,202795,122.33,0
1902,4358.115,"Mount",-0.074,0.302,0.302,-0.073,0.116,-0.026,48,W,11,N,,,203883,125.51,0
1903,4360.550,"Mount",-0.003,0.093,0.084,-0.040,0.013,0.000,5,W,0,,,,203011,111.45,0
1904,4362.659,"Mount",-0.170,0.062,0.133,0.122,0.016,0.044,7,W,19,S,,,206855,107.33,0
1905,4365.115,"Mount",0.144,-0.085,-0.142,-0.088,-0.137,-0.030,57,E,13,N,,,206985,124.47,0
1906,4367.258,"Mount",0.117,-0.095,-0.138,-0.060,-0.147,0.000,61,E,0,,,,187138,100.82,0
1907,4369.666,"Mount",-0.075,-0.124,-0.075,0.124,-0.148,0.044,61,E,19,S,,,204955,107.15,0
1908,4371.771,"Mount",0.065,0.002,-0.028,-0.058,-0.107,0.000,45,E,0,,,,195149,113.79,0
1909,4374.244,"Mount",0.106,-0.021,-0.067,-0.084,-0.159,-0.030,66,E,13,N,,,200995,127.11,0
1910,4376.477,"Mount",0.196,-0.167,-0.238,-0.097,-0.260,-0.036,108,E,15,N,,,191980,104.60,0
1911,4378.923,"Mount",0.041,-0.172,-0.172,0.043,-0.259,0.000,108,E,0,,,,198435,104.71,0
1912,4381.187,"Mount",-0.044,-0.114,-0.081,0.092,-0.227,0.033,94,E,14,S,,,195726,105.45,0
1913,4383.675,"Mount",0.140,-0.251,-0.288,-0.008,-0.347,0.000,144,E,0,,,,201710,115.18,0
1914,4386.018,"Mount",0.211,-0.251,-0.320,-0.072,-0.364,-0.026,151,E,11,N,,,188514,105.12,0
1915,4388.537,"Mount",0.314,-0.185,-0.308,-0.193,-0.381,-0.071,158,E,30,N,,,217058,115.29,0
1916,4390.849,"Mount",0.251,-0.263,-0.349,-0.101,-0.413,-0.039,171,E,17,N,,,196232,123.74,0
1917,4393.362,"Mount",0.149,-0.112,-0.168,-0.081,-0.357,-0.031,148,E,13,N,,,195318,108.37,0
1918,4395.740,"Mount",0.147,-0.114,-0.169,-0.078,-0.342,-0.029,142,E,13,N,,,201564,110.39,0
1919,4398.305,"Mount",0.038,-0.249,-0.238,0.082,-0.427,0.028,177,E,12,S,,,209208,107.50,0
1920,4400.528,"Mount",0.023,0.044,0.029,-0.041,-0.293,0.000,121,E,0,,,,203049,120.37,0
1921,4402.998,"Mount",-0.153,0.088,0.149,0.095,-0.205,0.034,85,E,15,S,,,210872,127.63,0
1922,4405.285,"Mount",0.055,0.052,0.021,-0.073,-0.268,-0.025,111,E,11,N,,,211362,123.64,0
1923,4407.781,"Mount",0.078,0.094,0.048,-0.113,-0.289,-0.042,120,E,18,N,,,198147,101.33,0
1924,4409.939,"Mount",-0.106,0.157,0.188,0.021,-0.120,0.000,50,E,0,,,,199297,107.10,0
1925,4412.263,"Mount",-0.111,0.277,0.297,-0.029,-0.041,0.000,17,E,0,,,,208032,114.61,0
1926,4414.469,"Mount",-0.101,0.342,0.350,-0.068,0.010,-0.024,4,W,10,N,,,193891,111.37,0
1927,4416.777,"Mount",-0.057,0.172,0.179,-0.029,-0.040,0.000,17,E,0,,,,194926,112.41,0
1928,4418.926,"Mount",-0.055,0.165,0.171,-0.028,-0.048,0.000,20,E,0,,,,210915,113.59,0
1929,4421.304,"Mount",-0.020,0.045,0.049,-0.003,-0.110,0.000,45,E,0,,,,207355,101.92,0
1930,4423.499,"Mount",0.039,0.049,0.025,-0.058,-0.102,0.000,42,E,0,,,,189833,116.23,0
1931,4425.864,"Mount",0.001,0.051,0.045,-0.024,-0.092,0.000,38,E,0,,,,213163,116.38,0
1932,4428.023,"Mount",-0.037,0.032,0.046,0.018,-0.089,0.000,37,E,0,,,,212532,151.29,0
1933,4430.500,"Mount",-0.053,-0.056,-0.025,0.072,-0.084,0.026,35,E,11,S,,,211098,119.89,0
1934,4432.705,"Mount",-0.198,-0.090,0.011,0.217,-0.069,0.079,29,E,34,S,,,212047,118.82,0
1935,4435.053,"Mount",-0.130,0.101,0.149,0.069,0.016,0.028,7,W,12,S,,,186626,109.14,0
1936,4437.194,"Mount",-0.168,0.255,0.304,0.031,0.120,0.000,50,W,0,,,,200525,117.25,0
1937,4439.564,"Mount",0.026,0.194,0.160,-0.113,0.071,-0.041,30,W,17,N,,,194803,107.83,0
1938,4441.744,"Mount",-0.015,0.189,0.175,-0.074,0.113,-0.028,47,W,12,N,,,192821,114.19,0
1939,4444.065,"Mount",0.052,0.013,-0.012,-0.052,0.040,0.000,17,W,0,,,,200670,104.05,0
1940,4446.160,"Mount",0.064,-0.057,-0.080,-0.030,0.009,0.000,4,W,0,,,,193137,109.06,0
1941,4448.488,"Mount",0.004,0.031,0.026,-0.018,0.042,0.000,18,W,0,,,,197187,110.14,0
1942,4450.596,"Mount",0.007,0.044,0.035,-0.027,0.052,0.000,21,W,0,,,,205925,106.60,0
1943,4453.014,"Mount",-0.117,0.073,0.118,0.070,0.101,0.025,42,W,11,S,,,207912,124.63,0
1944,4455.237,"Mount",-0.177,0.063,0.138,0.128,0.094,0.047,39,W,20,S,,,212089,122.83,0
1945,4457.612,"Mount",-0.067,0.081,0.103,0.022,0.075,0.000,31,W,0,,,,195059,100.91,0
1946,4459.884,"Mount",-0.241,0.293,0.371,0.078,0.242,0.028,101,W,12,S,,,204837,130.52,0
1947,4462.323,"Mount",-0.131,0.074,0.126,0.082,0.133,0.030,55,W,13,S,,,208113,114.14,0
1948,4464.468,"Mount",-0.108,0.049,0.093,0.073,0.060,0.027,25,W,12,S,,,202944,130.98,0
1949,4466.860,"Mount",-0.072,0.164,0.179,-0.012,0.157,0.000,65,W,0,,,,191299,97.81,0
1950,4469.164,"Mount",-0.204,0.199,0.271,0.089,0.257,0.032,107,W,14,S,,,203830,115.98,0
1951,4471.633,"Mount",-0.181,0.216,0.274,0.061,0.284,0.023,118,W,10,S,,,190037,98.60,0
1952,4473.820,"Mount",-0.071,0.237,0.243,-0.047,0.290,0.000,121,W,0,,,,194309,102.59,0
1953,4476.209,"Mount",0.030,0.027,0.010,-0.040,0.209,0.000,87,W,0,,,,195506,101.97,0
1954,4478.441,"Mount",0.052,0.080,0.047,-0.083,0.184,-0.030,76,W,13,N,,,199658,116.28,0
1955,4480.933,"Mount",0.081,0.060,0.016,-0.099,0.193,-0.037,80,W,16,N,,,191891,104.69,0
1956,4483.098,"Mount",0.063,-0.122,-0.137,0.000,0.116,0.000,48,W,0,,,,216024,126.84,0
1957,4485.549,"Mount",0.162,-0.127,-0.187,-0.085,0.070,-0.031,29,W,13,N,,,219903,124.69,0
1958,4487.753,"Mount",-0.013,-0.175,-0.150,0.092,0.083,0.032,35,W,14,S,,,188967,103.79,0
1959,4490.188,"Mount",0.280,-0.073,-0.194,-0.214,0.022,-0.076,9,W,32,N,,,201374,112.49,0
1960,4492.324,"Mount",0.033,0.024,0.006,-0.040,0.101,0.000,42,W,0,,,,185625,120.27,0
1961,4494.748,"Mount",0.157,-0.040,-0.108,-0.121,0.023,-0.043,10,W,19,N,,,199047,114.88,0
1962,4496.925,"Mount",0.208,-0.110,-0.194,-0.134,-0.000,-0.050,0,,21,N,,,202517,128.26,0
1963,4499.335,"Mount",0.257,-0.179,-0.278,-0.146,-0.072,-0.054,30,E,23,N,,,196736,109.26,0
1964,4501.495,"Mount",0.175,-0.185,-0.245,-0.070,-0.087,-0.027,36,E,12,N,,,191721,110.50,0
1965,4503.951,"Mount",0.261,-0.149,-0.253,-0.162,-0.104,-0.060,43,E,25,N,,,201684,108.44,0
1966,4506.090,"Mount",0.151,-0.158,-0.209,-0.061,-0.091,-0.024,38,E,10,N,,,208418,126.79,0
1967,4508.456,"Mount",0.179,-0.037,-0.115,-0.141,-0.059,-0.052,25,E,22,N,,,199439,109.87,0
1968,4510.611,"Mount",-0.017,0.082,0.081,-0.023,0.024,0.000,10,W,0,,,,201179,117.82,0
1969,4513.002,"Mount",0.118,-0.009,-0.062,-0.100,-0.020,-0.036,8,E,15,N,,,199895,103.22,0
1970,4515.139,"Mount",-0.097,0.094,0.128,0.043,0.061,0.000,25,W,0,,,,196424,102.54,0
1971,4517.498,"Mount",-0.003,0.125,0.112,-0.055,0.087,0.000,36,W,0,,,,203178,110.37,0
1972,4519.651,"Mount",-0.042,-0.026,-0.004,0.049,0.059,0.000,24,W,0,,,,193749,108.11,0
1973,4522.030,"Mount",-0.039,0.058,0.069,0.007,0.136,0.000,56,W,0,,,,198006,110.40,0
1974,4524.188,"Mount",-0.137,0.197,0.238,0.031,0.234,0.000,97,W,0,,,,212862,137.44,0
1975,4526.639,"Mount",-0.126,0.200,0.236,0.019,0.334,0.000,138,W,0,,,,188774,107.44,0
1976,4528.829,"Mount",-0.069,0.065,0.090,0.031,0.221,0.000,92,W,0,,,,208350,113.22,0
1977,4531.252,"Mount",-0.168,0.236,0.287,0.040,0.302,0.000,125,W,0,,,,192859,110.80,0
1978,4533.549,"Mount",-0.277,0.234,0.335,0.138,0.341,0.050,141,W,21,S,,,186777,106.68,0
1979,4536.014,"Mount",-0.152,0.212,0.258,0.037,0.378,0.000,157,W,0,,,,206318,120.89,0
1980,4538.350,"Mount",-0.294,0.073,0.200,0.227,0.329,0.082,137,W,35,S,,,195610,105.44,0
1981,4540.914,"Mount",-0.190,0.066,0.146,0.139,0.311,0.053,129,W,23,S,,,203370,130.45,0
1982,4543.236,"Mount",-0.180,0.150,0.216,0.091,0.336,0.035,140,W,15,S,,,188876,105.32,0
1983,4545.647,"Mount",-0.053,0.185,0.189,-0.039,0.315,0.000,131,W,0,,,,206891,126.25,0
1984,4547.823,"Mount",0.005,-0.047,-0.044,0.017,0.257,0.000,107,W,0,,,,192369,99.54,0
1985,4550.270,"Mount",0.007,0.071,0.059,-0.039,0.251,0.000,104,W,0,,,,196307,119.38,0
1986,4552.489,"Mount",0.177,-0.036,-0.113,-0.141,0.182,-0.051,76,W,22,N,,,199825,103.48,0
1987,4554.893,"Mount",-0.018,-0.048,-0.034,0.038,0.246,0.000,102,W,0,,,,191155,96.69,0
1988,4557.020,"Mount",0.077,-0.247,-0.254,0.046,0.098,0.000,41,W,0,,,,196905,99.87,0
1989,4559.349,"Mount",0.165,-0.195,-0.249,-0.056,0.018,0.000,8,W,0,,,,192313,95.03,0
1990,4561.489,"Mount",0.109,-0.334,-0.347,0.058,-0.099,0.000,41,E,0,,,,207399,128.55,0
1991,4563.895,"Mount",0.200,-0.104,-0.184,-0.129,-0.014,-0.046,6,E,20,N,,,199606,107.70,0
1992,4566.088,"Mount",0.139,-0.134,-0.183,-0.061,-0.041,-0.024,17,E,10,N,,,208902,119.11,0
1993,4568.382,"Mount",0.108,-0.105,-0.143,-0.048,-0.044,0.000,18,E,0,,,,210288,127.22,0
1994,4570.506,"Mount",-0.022,-0.102,-0.080,0.066,-0.055,0.024,23,E,10,S,,,191765,102.50,0
1995,4572.901,"Mount",0.100,0.013,-0.034,-0.095,-0.038,-0.033,16,E,14,N,,,200256,120.28,0
1996,4575.105,"Mount",0.108,-0.063,-0.105,-0.066,-0.084,-0.025,35,E,11,N,,,199657,99.73,0
1997,4577.599,"Mount",0.096,-0.053,-0.091,-0.061,-0.083,-0.023,34,E,10,N,,,203232,103.48,0
1998,4579.823,"Mount",0.147,-0.145,-0.197,-0.063,-0.126,-0.024,52,E,10,N,,,207375,121.25,0
1999,4582.249,"Mount",0.154,-0.029,-0.097,-0.123,-0.068,-0.045,28,E,19,N,,,195830,103.04,0
2000,4584.387,"Mount",0.071,0.002,-0.031,-0.064,-0.027,-0.025,11,E,11,N,,,206061,111.31,0
2001,4586.688,"Mount",0.069,-0.011,-0.042,-0.056,-0.023,0.000,10,E,0,,,,193083,107.05,0
2002,4588.786,"Mount",0.006,0.069,0.059,-0.037,-0.010,0.000,4,E,0,,,,191368,106.85,0
2003,4591.125,"Mount",-0.043,0.020,0.037,0.029,0.011,0.000,4,W,0,,,,215687,134.03,0
2004,4593.253,"Mount",-0.017,0.060,0.061,-0.013,0.037,0.000,15,W,0,,,,202524,130.64,0
2005,4595.642,"Mount",-0.185,0.233,0.292,0.056,0.154,0.000,64,W,0,,,,197713,117.33,0
2006,4597.852,"Mount",-0.000,0.144,0.128,-0.066,0.086,-0.024,36,W,10,N,,,205579,119.43,0
2007,4600.275,"Mount",0.152,-0.075,-0.137,-0.101,-0.011,-0.037,4,E,16,N,,,202434,119.88,0
2008,4602.362,"Mount",-0.041,0.005,0.024,0.034,0.027,0.000,11,W,0,,,,190558,108.48,0
2009,4604.769,"Mount",0.034,0.066,0.043,-0.060,0.040,-0.022,17,W,9,N,,,203132,117.52,0
2010,4606.878,"Mount",0.082,-0.099,-0.126,-0.027,-0.028,0.000,12,E,0,,,,192044,107.43,0
2011,4609.188,"Mount",0.016,0.002,-0.006,-0.015,0.013,0.000,6,W,0,,,,183903,100.40,0
2012,4611.393,"Mount",0.103,-0.009,-0.055,-0.087,0.019,-0.031,8,W,13,N,,,199467,109.55,0
2013,4613.737,"Mount",0.074,-0.077,-0.103,-0.030,-0.043,0.000,18,E,0,,,,202260,113.15,0
2014,4615.853,"Mount",0.061,-0.096,-0.113,-0.010,-0.049,0.000,21,E,0,,,,201772,113.47,0
2015,4618.238,"Mount",0.063,0.072,0.034,-0.089,-0.002,-0.032,1,E,14,N,,,186502,109.30,0
2016,4620.404,"Mount",0.170,-0.107,-0.173,-0.101,-0.110,-0.038,46,E,16,N,,,218796,123.49,0
2017,4622.721,"Mount",0.012,0.067,0.054,-0.041,-0.030,0.000,12,E,0,,,,207761,121.46,0
2018,4624.868,"Mount",-0.102,0.184,0.210,0.006,0.067,0.000,28,W,0,,,,218526,128.67,0
2019,4627.211,"Mount",-0.084,0.085,0.115,0.035,0.022,0.000,9,W,0,,,,195511,108.18,0
2020,4629.448,"Mount",-0.139,0.062,0.119,0.094,0.021,0.034,9,W,15,S,,,194919,98.04,0
2021,4631.749,"Mount",-0.093,0.097,0.129,0.038,0.049,0.000,20,W,0,,,,208570,105.72,0
2022,4633.906,"Mount",-0.086,0.278,0.287,-0.052,0.135,0.000,56,W,0,,,,190097,106.85,0
2023,4636.308,"Mount",-0.158,0.013,0.084,0.134,0.071,0.048,30,W,21,S,,,194499,107.86,0
2024,4638.476,"Mount",-0.171,0.047,0.121,0.130,0.087,0.049,36,W,21,S,,,212325,114.33,0
2025,4640.823,"Mount",-0.099,0.168,0.194,0.010,0.115,0.000,48,W,0,,,,197469,118.02,0
2026,4642.994,"Mount",0.048,0.149,0.110,-0.112,0.088,-0.040,37,W,17,N,,,198167,112.46,0
2027,4645.432,"Mount",0.060,0.230,0.177,-0.159,0.125,-0.059,52,W,25,N,,,202282,116.45,0
2028,4647.648,"Mount",-0.031,0.213,0.204,-0.071,0.137,-0.028,57,W,12,N,,,192523,101.48,0
2029,4650.025,"Mount",-0.046,0.188,0.188,-0.046,0.128,0.000,53,W,0,,,,203828,142.68,0
2030,4652.126,"Mount",-0.001,0.069,0.061,-0.031,0.067,0.000,28,W,0,,,,195985,97.55,0
2031,4654.471,"Mount",0.020,0.056,0.040,-0.043,0.035,0.000,15,W,0,,,,190300,107.73,0
2032,4656.612,"Mount",0.015,0.006,-0.002,-0.016,0.020,0.000,8,W,0,,,,202348,112.40,0
2033,4658.946,"Mount",0.105,-0.106,-0.142,-0.044,-0.044,0.000,18,E,0,,,,199936,108.24,0
2034,4661.116,"Mount",0.124,0.042,-0.020,-0.129,-0.003,-0.047,1,E,20,N,,,178473,95.93,0
2035,4663.589,"Mount",-0.043,-0.226,-0.181,0.143,-0.116,0.050,48,E,21,S,,,188169,104.45,0
2036,4665.831,"Mount",0.193,-0.061,-0.143,-0.143,-0.125,-0.050,52,E,21,N,,,209242,134.67,0
2037,4668.281,"Mount",0.174,-0.021,-0.099,-0.144,-0.116,-0.054,48,E,23,N,,,204583,120.87,0
2038,4670.421,"Mount",0.091,-0.174,-0.196,-0.000,-0.185,0.000,77,E,0,,,,198424,103.57,0
2039,4672.846,"Mount",0.074,-0.246,-0.253,0.048,-0.240,0.000,100,E,0,,,,204470,106.80,0
2040,4675.049,"Mount",0.170,-0.296,-0.341,-0.015,-0.275,0.000,114,E,0,,,,202102,113.22,0
2041,4677.533,"Mount",0.024,-0.243,-0.227,0.091,-0.246,0.033,102,E,14,S,,,203293,119.80,0
2042,4679.738,"Mount",0.066,-0.181,-0.191,0.024,-0.252,0.000,105,E,0,,,,193282,106.93,0
2043,4682.129,"Mount",0.017,-0.134,-0.127,0.047,-0.214,0.000,89,E,0,,,,190370,98.99,0
2044,4684.352,"Mount",0.058,0.032,0.002,-0.067,-0.162,-0.024,67,E,10,N,,,192917,117.50,0
2045,4686.742,"Mount",0.001,-0.081,-0.072,0.036,-0.195,0.000,81,E,0,,,,192566,104.97,0
2046,4688.906,"Mount",-0.065,0.045,0.070,0.037,-0.123,0.000,51,E,0,,,,213329,130.48,0
2047,4691.251,"Mount",-0.060,0.181,0.189,-0.031,-0.072,0.000,30,E,0,,,,205010,118.50,0
2048,4693.432,"Mount",-0.094,0.027,0.068,0.071,-0.090,0.026,37,E,11,S,,,192308,105.93,0
2049,4695.856,"Mount",-0.006,0.027,0.027,-0.007,-0.106,0.000,44,E,0,,,,205632,133.13,0
2050,4698.107,"Mount",-0.037,0.246,0.235,-0.080,0.047,-0.029,19,W,12,N,,,208606,120.10,0
2051,4700.488,"Mount",-0.232,0.118,0.212,0.151,0.051,0.053,21,W,23,S,,,217488,137.80,0
2052,4702.594,"Mount",0.015,0.122,0.101,-0.069,0.023,-0.023,10,W,10,N,,,207392,129.68,0
2053,4705.011,"Mount",-0.128,-0.050,0.014,0.136,-0.023,0.048,9,E,21,S,,,196747,138.04,0
2054,4707.207,"Mount",0.049,-0.124,-0.132,0.014,-0.099,0.000,41,E,0,,,,200647,101.47,0
2055,4709.622,"Mount",0.107,0.027,-0.026,-0.107,-0.046,-0.039,19,E,17,N,,,204065,115.76,0
2056,4711.809,"Mount",0.083,0.010,-0.029,-0.078,-0.084,-0.030,35,E,13,N,,,202984,106.78,0
2057,4714.217,"Mount",0.038,0.066,0.041,-0.065,-0.094,-0.024,39,E,10,N,,,218128,129.77,0
2058,4716.406,"Mount",0.115,0.024,-0.031,-0.113,-0.128,-0.042,53,E,18,N,,,201425,111.22,0
2059,4718.785,"Mount",0.085,-0.008,-0.046,-0.072,-0.120,-0.028,50,E,12,N,,,195714,117.16,0
2060,4721.003,"Mount",0.263,-0.288,-0.377,-0.101,-0.280,-0.037,116,E,16,N,,,196204,107.21,0
2061,4723.427,"Mount",0.070,-0.203,-0.212,0.032,-0.233,0.000,97,E,0,,,,193666,94.27,0
2062,4725.864,"Mount",-0.843,1.076,1.344,0.251,0.446,0.090,185,W,39,S,,,200271,106.44,0
2063,4728.442,"Mount",-0.938,1.713,1.953,0.041,0.697,0.000,289,W,0,,,,191650,109.41,0
2064,4731.017,"Mount",0.565,-1.575,-1.658,0.226,-0.942,0.081,391,E,35,S,,,199401,112.27,0
2065,4733.787,"Mount",0.511,-1.233,-1.329,0.116,-0.818,0.045,339,E,19,S,,,201429,111.05,0
2066,4736.199,"Mount",0.260,-0.781,-0.813,0.130,-0.565,0.049,235,E,21,S,,,194941,103.75,0
2067,4738.803,"Mount",0.246,-0.636,-0.678,0.075,-0.620,0.029,257,E,12,S,,,190609,106.78,0
2068,4741.037,"Mount",0.137,-0.176,-0.220,-0.040,-0.408,0.000,169,E,0,,,,188577,94.19,0
2069,4743.472,"Mount",0.049,-0.003,-0.025,-0.042,-0.310,0.000,128,E,0,,,,199627,106.47,0
2070,4745.691,"Mount",-0.022,0.125,0.121,-0.038,-0.282,0.000,117,E,0,,,,198723,120.46,0
2071,4748.104,"Mount",-0.079,0.195,0.209,-0.020,-0.200,0.000,83,E,0,,,,199911,116.11,0
2072,4750.357,"Mount",0.005,0.165,0.144,-0.080,-0.209,-0.029,87,E,12,N,,,201065,105.60,0
2073,4752.775,"Mount",-0.079,0.086,0.113,0.030,-0.206,0.000,85,E,0,,,,187678,110.87,0
2074,4755.028,"Mount",0.035,0.088,0.062,-0.072,-0.203,-0.026,84,E,11,N,,,201276,112.52,0
2075,4757.474,"Mount",0.034,0.332,0.279,-0.183,-0.086,-0.067,36,E,29,N,,,194664,107.43,0
2076,4759.597,"Mount",-0.017,0.149,0.140,-0.054,-0.126,0.000,52,E,0,,,,193345,117.65,0
2077,4761.931,"Mount",-0.046,0.182,0.183,-0.043,-0.099,0.000,41,E,0,,,,194822,110.92,0
2078,4764.047,"Mount",-0.017,0.094,0.091,-0.029,-0.121,0.000,50,E,0,,,,193274,123.09,0
2079,4766.453,"Mount",0.057,0.087,0.051,-0.090,-0.147,-0.032,61,E,14,N,,,207556,121.68,0
2080,4768.568,"Mount",-0.154,0.277,0.317,0.009,0.017,0.000,7,W,0,,,,216946,137.44,0
2081,4770.868,"Mount",-0.146,0.162,0.211,0.055,-0.023,0.000,9,E,0,,,,188113,99.72,0
2082,4772.979,"Mount",-0.101,0.160,0.188,0.016,0.001,0.000,1,W,0,,,,208527,114.46,0
2083,4775.371,"Mount",-0.168,0.149,0.209,0.080,0.014,0.029,6,W,12,S,,,193142,99.84,0
2084,4777.556,"Mount",0.038,0.138,0.105,-0.097,-0.025,-0.034,10,E,14,N,,,215541,114.12,0
2085,4779.962,"Mount",-0.076,-0.024,0.014,0.078,-0.055,0.027,23,E,11,S,,,213530,116.16,0
2086,4782.135,"Mount",0.042,-0.088,-0.098,0.003,-0.089,0.000,37,E,0,,,,192572,104.40,0
2087,4784.533,"Mount",0.036,0.280,0.232,-0.161,0.080,-0.058,33,W,25,N,,,200239,109.61,0
2088,4786.660,"Mount",-0.112,-0.042,0.014,0.119,-0.014,0.040,6,E,17,S,,,194661,115.59,0
2089,4789.080,"Mount",-0.019,0.168,0.158,-0.061,0.082,-0.020,34,W,9,N,,,215910,127.60,0
2090,4791.219,"Mount",-0.137,-0.010,0.054,0.126,0.015,0.045,6,W,19,S,,,187977,96.07,0
2091,4793.596,"Mount",-0.068,-0.007,0.025,0.063,0.027,0.025,11,W,11,S,,,194876,103.91,0
2092,4795.696,"Mount",0.032,0.043,0.024,-0.048,0.022,0.000,9,W,0,,,,207594,108.51,0
2093,4798.087,"Mount",0.003,-0.049,-0.045,0.020,0.041,0.000,17,W,0,,,,207046,120.42,0
2094,4800.237,"Mount",-0.108,0.166,0.197,0.019,0.124,0.000,51,W,0,,,,208698,128.90,0
2095,4802.674,"Mount",-0.018,0.328,0.300,-0.135,0.182,-0.049,76,W,21,N,,,182592,103.85,0
2096,4804.913,"Mount",-0.174,0.188,0.247,0.067,0.156,0.022,65,W,10,S,,,197675,108.27,0
2097,4807.451,"Mount",-0.180,0.162,0.227,0.085,0.211,0.031,88,W,13,S,,,200365,109.71,0
2098,4809.675,"Mount",-0.132,0.100,0.149,0.071,0.160,0.027,66,W,11,S,,,183167,105.04,0
2099,4812.061,"Mount",-0.144,0.133,0.184,0.066,0.121,0.025,50,W,11,S,,,190360,98.22,0
2100,4814.313,"Mount",0.015,0.234,0.201,-0.121,0.183,-0.043,76,W,18,N,,,185275,99.48,0
2101,4816.752,"Mount",-0.071,0.207,0.217,-0.033,0.233,0.000,97,W,0,,,,208965,125.35,0
2102,4819.050,"Mount",-0.019,0.380,0.346,-0.159,0.289,-0.057,120,W,24,N,,,188132,100.29,0
2103,4821.550,"Mount",-0.051,0.361,0.344,-0.121,0.322,-0.046,134,W,20,N,,,219404,128.90,0
2104,4823.716,"Mount",-0.029,0.101,0.103,-0.021,0.210,0.000,87,W,0,,,,196735,119.87,0
2105,4826.127,"Mount",-0.001,0.089,0.080,-0.040,0.205,0.000,85,W,0,,,,209156,116.97,0
2106,4828.427,"Mount",0.064,0.026,-0.007,-0.068,0.172,-0.025,72,W,11,N,,,192087,109.77,0
2107,4830.868,"Mount",-0.082,-0.096,-0.048,0.117,0.194,0.041,81,W,18,S,,,202527,108.49,0
2108,4833.023,"Mount",0.032,-0.196,-0.188,0.062,0.071,0.024,29,W,10,S,,,192544,104.58,0
2109,4835.386,"Mount",0.106,-0.293,-0.309,0.041,0.034,0.000,14,W,0,,,,201111,109.87,0
2110,4837.558,"Mount",0.123,-0.004,-0.060,-0.107,0.124,-0.039,52,W,17,N,,,179812,101.70,0
2111,4839.964,"Mount",0.227,-0.197,-0.280,-0.111,-0.013,-0.041,6,E,18,N,,,188295,101.68,0
2112,4842.160,"Mount",0.248,-0.220,-0.310,-0.119,-0.052,-0.044,22,E,19,N,,,196353,107.56,0
2113,4844.486,"Mount",0.072,-0.205,-0.215,0.030,-0.014,0.000,6,E,0,,,,197399,113.37,0
2114,4846.711,"Mount",0.338,-0.192,-0.326,-0.212,-0.105,-0.076,44,E,33,N,,,193223,106.48,0
2115,4849.050,"Mount",0.094,-0.134,-0.162,-0.022,-0.054,0.000,22,E,0,,,,202381,115.82,0
2116,4851.215,"Mount",0.089,-0.234,-0.249,0.029,-0.126,0.000,52,E,0,,,,202968,110.61,0
2117,4853.536,"Mount",0.015,-0.042,-0.044,0.006,-0.012,0.000,5,E,0,,,,194076,106.96,0
2118,4855.689,"Mount",0.129,-0.088,-0.137,-0.074,-0.054,-0.027,22,E,11,N,,,201152,125.49,0
2119,4858.021,"Mount",-0.072,-0.103,-0.059,0.112,0.000,0.039,0,,17,S,,,200665,117.34,0
2120,4860.181,"Mount",-0.095,-0.036,0.012,0.101,0.009,0.038,4,W,16,S,,,201901,106.10,0
2121,4862.503,"Mount",-0.084,0.139,0.163,0.010,0.083,0.000,34,W,0,,,,200892,109.62,0
2122,4864.665,"Mount",-0.027,0.075,0.079,-0.011,0.070,0.000,29,W,0,,,,195223,106.82,0
2123,4867.116,"Mount",0.001,0.200,0.177,-0.093,0.140,-0.033,58,W,14,N,,,193430,109.28,0
2124,4869.274,"Mount",-0.109,0.248,0.270,-0.018,0.205,0.000,85,W,0,,,,209083,122.55,0
2125,4871.665,"Mount",-0.166,0.195,0.250,0.057,0.237,0.000,98,W,0,,,,207529,130.25,0
2126,4873.878,"Mount",-0.050,0.197,0.198,-0.046,0.277,0.000,115,W,0,,,,202032,134.67,0
2127,4876.406,"Mount",-0.281,0.197,0.304,0.158,0.406,0.057,168,W,24,S,,,208786,103.63,0
2128,4878.599,"Mount",-0.157,0.229,0.276,0.033,0.287,0.000,119,W,0,,,,206343,116.23,0
2129,4881.163,"Mount",-0.363,0.371,0.496,0.151,0.381,0.054,158,W,23,S,,,199312,107.21,0
2130,4883.532,"Mount",-0.352,0.446,0.558,0.107,0.490,0.041,203,W,17,S,,,208461,121.26,0
2131,4886.066,"Mount",-0.036,0.325,0.305,-0.118,0.385,-0.041,160,W,17,N,,,196179,110.82,0
2132,4888.274,"Mount",-0.085,0.146,0.168,0.008,0.317,0.000,131,W,0,,,,205814,103.63,0
2133,4890.743,"Mount",-0.076,0.170,0.186,-0.011,0.345,0.000,143,W,0,,,,202850,116.92,0
2134,4892.969,"Mount",-0.047,-0.002,0.020,0.043,0.257,0.000,107,W,0,,,,199170,106.83,0
2135,4895.393,"Mount",0.041,0.018,-0.003,-0.045,0.279,0.000,116,W,0,,,,213366,122.97,0
2136,4897.697,"Mount",0.085,0.133,0.079,-0.137,0.290,-0.049,120,W,21,N,,,186511,106.46,0
2137,4900.237,"Mount",-0.107,-0.154,-0.088,0.166,0.234,0.058,97,W,25,S,,,184595,105.87,0
2138,4902.408,"Mount",0.064,-0.307,-0.302,0.085,0.113,0.033,47,W,14,S,,,198395,109.74,0
2139,4904.734,"Mount",0.118,-0.261,-0.286,0.016,0.090,0.000,38,W,0,,,,204334,112.17,0
2140,4906.890,"Mount",0.245,-0.157,-0.252,-0.145,-0.021,-0.052,9,E,22,N,,,223302,133.55,0
2141,4909.256,"Mount",0.145,-0.049,-0.110,-0.106,0.026,-0.040,11,W,17,N,,,198021,106.96,0
2142,4911.338,"Mount",0.072,-0.180,-0.192,0.019,-0.020,0.000,8,E,0,,,,193533,115.23,0
2143,4913.661,"Mount",0.134,-0.320,-0.346,0.029,-0.117,0.000,49,E,0,,,,200400,111.29,0
2144,4915.821,"Mount",0.139,0.000,-0.064,-0.124,-0.011,-0.044,5,E,19,N,,,212350,132.09,0
2145,4918.283,"Mount",0.204,-0.175,-0.249,-0.101,-0.123,-0.038,51,E,16,N,,,205691,107.28,0
2146,4920.455,"Mount",-0.011,-0.161,-0.137,0.084,-0.102,0.029,42,E,12,S,,,200559,103.07,0
2147,4922.830,"Mount",0.096,-0.074,-0.110,-0.051,-0.084,0.000,35,E,0,,,,204583,104.57,0
2148,4924.957,"Mount",0.095,-0.084,-0.118,-0.045,-0.093,0.000,38,E,0,,,,202052,111.46,0
2149,4927.365,"Mount",-0.145,0.074,0.132,0.095,0.020,0.034,8,W,15,S,,,191883,116.68,0
2150,4929.549,"Mount",-0.006,0.177,0.160,-0.077,0.044,-0.026,18,W,11,N,,,199613,110.15,0
2151,4931.883,"Mount",-0.119,0.156,0.194,0.033,0.061,0.000,25,W,0,,,,196023,120.67,0
2152,4934.066,"Mount",0.005,0.187,0.164,-0.091,0.055,-0.033,23,W,14,N,,,209433,110.78,0
2153,4936.388,"Mount",-0.114,0.185,0.217,0.016,0.089,0.000,37,W,0,,,,197801,116.08,0
2154,4938.569,"Mount",-0.029,0.208,0.199,-0.070,0.104,-0.025,43,W,11,N,,,195846,110.80,0
2155,4941.067,"Mount",0.180,-0.120,-0.190,-0.104,-0.064,-0.039,27,E,16,N,,,211337,117.90,0
2156,4943.252,"Mount",0.045,-0.024,-0.042,-0.029,0.019,0.000,8,W,0,,,,204248,105.42,0
2157,4945.628,"Mount",0.156,-0.093,-0.154,-0.096,-0.035,-0.034,15,E,15,N,,,192340,99.30,0
2158,4947.706,"Mount",0.017,-0.055,-0.056,0.011,0.042,0.000,18,W,0,,,,204118,111.96,0
2159,4950.038,"Mount",-0.081,-0.051,-0.008,0.096,0.026,0.034,11,W,15,S,,,209511,127.62,0
2160,4952.146,"Mount",-0.061,0.002,0.030,0.053,0.012,0.000,5,W,0,,,,198252,97.05,0
2161,4954.502,"Mount",-0.025,-0.112,-0.088,0.074,-0.020,0.027,8,E,11,S,,,206032,120.10,0
2162,4956.599,"Mount",0.054,-0.025,-0.047,-0.037,0.006,0.000,3,W,0,,,,204271,119.16,0
2163,4958.988,"Mount",0.114,0.060,0.001,-0.128,0.013,-0.046,5,W,20,N,,,200605,123.30,0
2164,4961.049,"Mount",-0.030,-0.036,-0.018,0.044,0.005,0.000,2,W,0,,,,207153,111.77,0
2165,4963.431,"Mount",0.094,0.028,-0.019,-0.096,0.006,-0.035,2,W,15,N,,,215845,118.95,0
2166,4965.525,"Mount",0.012,-0.074,-0.071,0.023,-0.028,0.000,12,E,0,,,,195710,109.27,0
2167,4967.951,"Mount",-0.081,-0.034,0.007,0.087,-0.016,0.031,7,E,13,S,,,203373,102.11,0
2168,4970.045,"Mount",-0.027,-0.071,-0.051,0.056,-0.022,0.000,9,E,0,,,,211115,119.89,0
2169,4972.404,"Mount",-0.030,-0.075,-0.053,0.061,-0.023,0.022,10,E,9,S,,,179300,102.02,0
2170,4974.521,"Mount",0.007,-0.063,-0.059,0.022,-0.027,0.000,11,E,0,,,,203872,136.52,0
2171,4976.922,"Mount",-0.166,0.085,0.152,0.108,0.045,0.039,19,W,17,S,,,203228,109.96,0
2172,4979.041,"Mount",-0.121,0.103,0.147,0.060,0.049,0.000,20,W,0,,,,201941,125.00,0
2173,4981.456,"Mount",-0.161,0.207,0.258,0.047,0.117,0.000,49,W,0,,,,206880,133.68,0
2174,4983.587,"Mount",-0.035,0.130,0.132,-0.029,0.083,0.000,35,W,0,,,,207801,118.86,0
2175,4985.987,"Mount",0.058,0.047,0.016,-0.073,0.038,-0.026,16,W,11,N,,,202948,93.64,0
2176,4988.179,"Mount",-0.112,0.240,0.265,-0.011,0.144,0.000,60,W,0,,,,184147,94.99,0
2177,4990.539,"Mount",-0.049,0.191,0.192,-0.045,0.130,0.000,54,W,0,,,,199151,112.49,0
2178,4992.781,"Mount",-0.025,0.245,0.229,-0.091,0.159,-0.033,66,W,14,N,,,198800,131.32,0
2179,4995.135,"Mount",-0.015,0.055,0.056,-0.012,0.050,0.000,21,W,0,,,,202016,108.36,0
2180,4997.306,"Mount",0.055,0.103,0.067,-0.096,0.071,-0.035,29,W,15,N,,,207209,114.06,0
2181,4999.674,"Mount",0.075,0.043,0.004,-0.087,0.046,-0.033,19,W,14,N,,,213098,119.57,0
2182,5001.768,"Mount",-0.006,0.040,0.039,-0.013,0.038,0.000,16,W,0,,,,206669,105.00,0
2183,5004.113,"Mount",0.144,-0.130,-0.182,-0.068,-0.058,-0.024,24,E,10,N,,,196044,105.71,0
2184,5006.249,"Mount",0.041,-0.131,-0.135,0.024,-0.047,0.000,20,E,0,,,,189531,105.17,0
2185,5008.653,"Mount",0.155,-0.073,-0.136,-0.104,-0.063,-0.037,26,E,16,N,,,188358,99.76,0
2186,5010.796,"Mount",0.041,-0.104,-0.111,0.011,-0.075,0.000,31,E,0,,,,196346,108.06,0
2187,5013.223,"Mount",0.150,-0.311,-0.345,0.010,-0.213,0.000,88,E,0,,,,186958,100.01,0
2188,5015.472,"Mount",0.075,-0.360,-0.354,0.100,-0.228,0.036,95,E,15,S,,,200869,116.02,0
2189,5017.883,"Mount",0.062,-0.199,-0.206,0.037,-0.192,0.000,80,E,0,,,,199958,113.56,0
2190,5020.024,"Mount",0.127,-0.239,-0.270,-0.002,-0.248,0.000,103,E,0,,,,199326,119.36,0
2191,5022.390,"Mount",0.019,-0.118,-0.114,0.037,-0.191,0.000,79,E,0,,,,203282,129.13,0
2192,5024.561,"Mount",0.049,-0.165,-0.169,0.033,-0.221,0.000,92,E,0,,,,197248,104.33,0
2193,5026.976,"Mount",0.073,-0.066,-0.092,-0.034,-0.205,0.000,85,E,0,,,,196544,95.91,0
2194,5029.133,"Mount",0.076,-0.250,-0.257,0.048,-0.280,0.000,116,E,0,,,,199577,116.63,0
2195,5031.534,"Mount",-0.007,-0.111,-0.095,0.057,-0.209,0.000,87,E,0,,,,183870,102.90,0
2196,5033.710,"Mount",-0.144,0.049,0.110,0.105,-0.105,0.038,43,E,16,S,,,202445,105.56,0
2197,5036.168,"Mount",-0.005,0.152,0.137,-0.065,-0.100,-0.022,42,E,9,N,,,206646,124.08,0
2198,5038.549,"Mount",-0.146,0.073,0.132,0.095,-0.088,0.033,36,E,14,S,,,216135,144.49,0
2199,5040.852,"Mount",-0.149,0.188,0.235,0.046,-0.012,0.000,5,E,0,,,,197278,117.77,0
2200,5042.963,"Mount",-0.121,0.190,0.225,0.020,-0.011,0.000,4,E,0,,,,200148,116.08,0
2201,5045.291,"Mount",-0.009,-0.023,-0.016,0.018,-0.090,0.000,37,E,0,,,,196982,101.52,0
2202,5047.514,"Mount",-0.168,0.014,0.090,0.143,-0.037,0.051,16,E,22,S,,,198090,104.46,0
2203,5049.862,"Mount",0.018,0.020,0.009,-0.025,-0.048,0.000,20,E,0,,,,210401,113.61,0
2204,5052.056,"Mount",0.168,-0.123,-0.186,-0.093,-0.130,-0.033,54,E,14,N,,,208106,122.41,0
2205,5054.447,"Mount",0.170,-0.084,-0.153,-0.112,-0.117,-0.041,48,E,18,N,,,213950,112.51,0
2206,5056.611,"Mount",0.047,0.090,0.058,-0.083,-0.056,-0.032,23,E,13,N,,,199314,108.03,0
2207,5059.016,"Mount",-0.020,0.059,0.062,-0.010,-0.044,0.000,18,E,0,,,,201831,105.94,0
2208,5061.219,"Mount",0.105,-0.035,-0.079,-0.077,-0.108,-0.028,45,E,12,N,,,191097,96.48,0
2209,5063.620,"Mount",0.077,-0.100,-0.125,-0.022,-0.142,0.000,59,E,0,,,,208635,104.02,0
2210,5065.758,"Mount",0.019,-0.021,-0.027,-0.007,-0.096,0.000,40,E,0,,,,197889,115.28,0
2211,5068.182,"Mount",-0.052,-0.090,-0.056,0.087,-0.082,0.031,34,E,13,S,,,186409,101.88,0
2212,5070.403,"Mount",0.221,-0.179,-0.261,-0.113,-0.220,-0.039,91,E,17,N,,,192582,110.35,0
2213,5072.856,"Mount",0.166,-0.423,-0.452,0.048,-0.339,0.000,140,E,0,,,,202875,113.08,0
2214,5075.133,"Mount",0.154,-0.381,-0.409,0.040,-0.339,0.000,141,E,0,,,,197241,111.40,0
2215,5077.624,"Mount",0.226,-0.181,-0.265,-0.117,-0.316,-0.042,131,E,18,N,,,196496,104.32,0
2216,5079.859,"Mount",0.193,-0.376,-0.423,0.002,-0.400,0.000,166,E,0,,,,189335,104.86,0
2217,5082.425,"Mount",0.245,-0.121,-0.220,-0.162,-0.350,-0.058,145,E,25,N,,,206058,124.20,0
2218,5084.707,"Mount",0.133,-0.039,-0.096,-0.100,-0.291,-0.038,121,E,16,N,,,203229,114.20,0
2219,5087.284,"Mount",0.097,-0.359,-0.363,0.080,-0.452,0.027,187,E,12,S,,,197133,109.98,0
2220,5089.580,"Mount",-0.057,-0.257,-0.201,0.169,-0.363,0.062,151,E,27,S,,,207347,109.99,0
2221,5092.044,"Mount",0.002,-0.057,-0.052,0.024,-0.293,0.000,121,E,0,,,,188185,109.34,0
2222,5094.248,"Mount",-0.082,0.118,0.142,0.018,-0.233,0.000,97,E,0,,,,186069,110.75,0
2223,5096.690,"Mount",0.004,0.056,0.048,-0.030,-0.304,0.000,126,E,0,,,,184416,91.84,0
2224,5098.876,"Mount",-0.067,0.140,0.155,-0.005,-0.194,0.000,81,E,0,,,,198257,108.85,0
2225,5101.328,"Mount",-0.151,0.154,0.206,0.062,-0.156,0.022,65,E,10,S,,,227605,151.23,0
2226,5103.517,"Mount",-0.127,0.326,0.348,-0.038,-0.114,0.000,47,E,0,,,,185469,106.16,0
2227,5105.877,"Mount",-0.118,0.296,0.317,-0.032,-0.113,0.000,47,E,0,,,,203303,110.27,0
2228,5108.024,"Mount",-0.159,0.251,0.296,0.025,-0.067,0.000,28,E,0,,,,206860,130.00,0
2229,5110.327,"Mount",-0.116,0.313,0.332,-0.041,-0.038,0.000,16,E,0,,,,204665,106.16,0
2230,5112.423,"Mount",-0.101,0.172,0.199,0.010,-0.052,0.000,22,E,0,,,,205246,117.20,0
2231,5114.767,"Mount",-0.088,0.245,0.258,-0.036,-0.011,0.000,5,E,0,,,,208496,118.97,0
2232,5116.858,"Mount",-0.103,0.154,0.184,0.020,-0.039,0.000,16,E,0,,,,196813,117.08,0
2233,5119.213,"Mount",-0.132,0.231,0.266,0.011,0.013,0.000,6,W,0,,,,196569,114.10,0
2234,5121.382,"Mount",-0.051,-0.033,-0.006,0.060,-0.092,0.022,38,E,9,S,,,210559,124.79,0
2235,5123.651,"Mount",-0.074,0.181,0.194,-0.017,0.001,0.000,0,,0,,,,215011,115.71,0
2236,5125.947,"Mount",0.068,0.042,0.005,-0.080,-0.072,-0.029,30,E,12,N,,,201270,112.30,0
2237,5128.310,"Mount",-0.026,0.213,0.201,-0.075,0.022,-0.028,9,W,12,N,,,207061,111.78,0
2238,5130.403,"Mount",-0.023,-0.017,-0.005,0.029,-0.052,0.000,21,E,0,,,,200874,114.46,0
2239,5132.759,"Mount",-0.149,0.071,0.132,0.100,0.018,0.036,7,W,15,S,,,214163,111.99,0
2240,5134.939,"Mount",0.085,0.302,0.229,-0.214,0.080,-0.076,33,W,32,N,,,209500,119.99,0
2241,5137.306,"Mount",-0.101,-0.017,0.032,0.098,-0.006,0.032,2,E,14,S,,,203330,107.21,0
2242,5139.507,"Mount",0.000,0.240,0.213,-0.111,0.104,-0.039,43,W,17,N,,,209398,108.37,0
2243,5141.846,"Mount",-0.063,0.113,0.130,0.003,0.071,0.000,29,W,0,,,,212099,128.79,0
2244,5143.939,"Mount",-0.004,-0.075,-0.065,0.038,-0.013,0.000,5,E,0,,,,194587,103.51,0
2245,5146.267,"Mount",0.067,-0.171,-0.183,0.020,-0.055,0.000,23,E,0,,,,209260,114.57,0
2246,5148.394,"Mount",-0.069,-0.137,-0.090,0.125,-0.003,0.045,1,E,19,S,,,192737,99.81,0
2247,5150.828,"Mount",0.008,0.164,0.142,-0.083,0.105,-0.028,44,W,12,N,,,206919,118.98,0
2248,5152.987,"Mount",-0.056,0.209,0.212,-0.046,0.147,0.000,61,W,0,,,,202349,110.88,0
2249,5155.462,"Mount",-0.022,0.304,0.280,-0.121,0.217,-0.044,90,W,19,N,,,203653,109.26,0
2250,5157.570,"Mount",0.042,-0.007,-0.026,-0.034,0.103,0.000,43,W,0,,,,203710,117.67,0
2251,5159.896,"Mount",-0.003,0.062,0.056,-0.026,0.063,0.000,26,W,0,,,,189788,99.95,0
2252,5162.036,"Mount",-0.081,0.129,0.152,0.012,0.125,0.000,52,W,0,,,,206979,113.00,0
2253,5164.544,"Mount",-0.223,0.115,0.205,0.145,0.194,0.052,80,W,22,S,,,207375,121.21,0
2254,5166.767,"Mount",-0.223,0.296,0.365,0.061,0.291,0.024,121,W,10,S,,,196590,103.21,0
2255,5169.168,"Mount",-0.090,0.242,0.256,-0.032,0.258,0.000,107,W,0,,,,193891,113.95,0
2256,5171.344,"Mount",-0.108,0.150,0.183,0.027,0.238,0.000,99,W,0,,,,199565,119.05,0
2257,5173.735,"Mount",-0.058,0.016,0.041,0.044,0.172,0.000,71,W,0,,,,198611,104.33,0
2258,5175.975,"Mount",0.036,-0.014,-0.029,-0.026,0.171,0.000,71,W,0,,,,200998,107.97,0
2259,5178.338,"Mount",0.061,-0.059,-0.080,-0.026,0.149,0.000,62,W,0,,,,198131,114.47,0
2260,5180.483,"Mount",0.026,-0.080,-0.083,0.014,0.141,0.000,59,W,0,,,,208540,107.46,0
2261,5182.925,"Mount",-0.025,-0.249,-0.209,0.137,0.084,0.049,35,W,21,S,,,204156,124.22,0
2262,5185.054,"Mount",0.085,-0.126,-0.150,-0.017,0.092,0.000,38,W,0,,,,200678,99.98,0
2263,5187.443,"Mount",0.178,-0.134,-0.201,-0.096,0.041,-0.035,17,W,15,N,,,206215,99.02,0
2264,5189.551,"Mount",0.080,-0.277,-0.283,0.057,-0.024,0.000,10,E,0,,,,190019,100.23,0
2265,5191.910,"Mount",0.194,-0.410,-0.453,0.017,-0.112,0.000,46,E,0,,,,203444,119.20,0
2266,5194.067,"Mount",0.205,-0.411,-0.459,0.007,-0.138,0.000,57,E,0,,,,200737,121.70,0
2267,5196.425,"Mount",0.055,0.031,0.002,-0.063,0.037,-0.023,15,W,10,N,,,197592,103.70,0
2268,5198.551,"Mount",0.025,0.008,-0.005,-0.026,0.018,0.000,7,W,0,,,,192316,104.51,0
2269,5200.958,"Mount",0.117,-0.116,-0.157,-0.050,-0.064,0.000,27,E,0,,,,194190,103.36,0
2270,5203.163,"Mount",0.124,-0.147,-0.187,-0.042,-0.072,0.000,30,E,0,,,,210789,127.97,0
2271,5205.543,"Mount",-0.016,0.167,0.156,-0.062,0.073,-0.022,30,W,10,N,,,214191,116.31,0
2272,5207.734,"Mount",-0.032,-0.113,-0.086,0.081,-0.036,0.028,15,E,12,S,,,205582,105.34,0
2273,5210.066,"Mount",-0.011,0.135,0.124,-0.053,0.059,0.000,24,W,0,,,,205303,111.64,0
2274,5212.188,"Mount",-0.160,0.264,0.308,0.020,0.155,0.000,65,W,0,,,,215823,109.86,0
2275,5214.532,"Mount",-0.018,0.161,0.151,-0.059,0.105,0.000,43,W,0,,,,200570,110.56,0
2276,5216.741,"Mount",-0.171,0.170,0.230,0.073,0.166,0.026,69,W,11,S,,,205786,113.26,0
2277,5219.125,"Mount",-0.117,0.303,0.323,-0.036,0.245,0.000,101,W,0,,,,199997,112.68,0
2278,5221.439,"Mount",0.035,0.227,0.186,-0.136,0.257,-0.049,107,W,21,N,,,199114,103.48,0
2279,5223.822,"Mount",-0.003,-0.108,-0.094,0.053,0.162,0.000,67,W,0,,,,211845,123.25,0
2280,5225.993,"Mount",-0.026,0.031,0.039,0.009,0.146,0.000,61,W,0,,,,193159,103.64,0
2281,5228.477,"Mount",-0.334,0.491,0.589,0.070,0.402,0.025,167,W,11,S,,,201825,113.34,0
2282,5230.930,"Mount",-0.292,0.826,0.868,-0.122,0.576,-0.043,239,W,18,N,,,197246,118.37,0
2283,5233.395,"Mount",-0.076,0.250,0.257,-0.048,0.362,0.000,150,W,0,,,,204163,120.96,0
2284,5235.680,"Mount",-0.151,0.136,0.190,0.071,0.321,0.026,133,W,11,S,,,198285,104.49,0
2285,5238.241,"Mount",0.010,0.257,0.224,-0.127,0.355,-0.045,147,W,19,N,,,196955,108.98,0
2286,5240.489,"Mount",0.047,0.143,0.105,-0.108,0.301,-0.041,125,W,17,N,,,209416,126.48,0
2287,5242.869,"Mount",0.034,-0.184,-0.179,0.055,0.199,0.000,83,W,0,,,,195089,102.14,0
2288,5245.087,"Mount",0.225,-0.212,-0.292,-0.101,0.131,-0.036,54,W,16,N,,,202894,110.83,0
2289,5247.568,"Mount",0.129,0.016,-0.045,-0.122,0.255,-0.045,106,W,19,N,,,202506,103.94,0
2290,5249.730,"Mount",0.109,-0.108,-0.146,-0.047,0.191,0.000,79,W,0,,,,191339,105.39,0
2291,5252.118,"Mount",0.269,-0.298,-0.389,-0.101,0.065,-0.036,27,W,16,N,,,200528,102.82,0
2292,5254.192,"Mount",0.160,-0.272,-0.315,-0.016,0.010,0.000,4,W,0,,,,214483,119.28,0
2293,5256.596,"Mount",0.256,-0.298,-0.383,-0.090,-0.086,-0.032,36,E,14,N,,,212192,112.61,0
2294,5258.768,"Mount",0.204,-0.201,-0.272,-0.088,-0.042,-0.033,17,E,14,N,,,202131,131.91,0
2295,5261.121,"Mount",0.080,-0.252,-0.260,0.046,-0.051,0.000,21,E,0,,,,200092,119.62,0
2296,5263.328,"Mount",0.091,-0.325,-0.331,0.070,-0.107,0.025,44,E,11,S,,,199685,110.64,0
2297,5265.800,"Mount",0.052,-0.293,-0.284,0.089,-0.119,0.033,49,E,14,S,,,187095,100.08,0
2298,5267.943,"Mount",0.095,-0.182,-0.205,0.000,-0.103,0.000,43,E,0,,,,213114,115.54,0
2299,5270.375,"Mount",0.174,-0.185,-0.244,-0.069,-0.132,-0.025,55,E,11,N,,,190503,99.54,0
2300,5272.492,"Mount",0.010,0.036,0.027,-0.026,-0.029,0.000,12,E,0,,,,200119,129.93,0
2301,5274.858,"Mount",0.004,0.094,0.082,-0.047,0.006,0.000,3,W,0,,,,201976,131.51,0
2302,5276.983,"Mount",-0.133,0.200,0.239,0.025,0.085,0.000,35,W,0,,,,210196,104.72,0
2303,5279.460,"Mount",0.067,0.275,0.214,-0.187,0.069,-0.067,29,W,29,N,,,201627,117.52,0
2304,5281.538,"Mount",-0.095,0.098,0.131,0.039,0.033,0.000,14,W,0,,,,190923,106.20,0
2305,5283.948,"Mount",-0.007,-0.150,-0.130,0.075,-0.076,0.027,32,E,12,S,,,195930,95.45,0
2306,5286.036,"Mount",-0.031,0.011,0.024,0.022,-0.007,0.000,3,E,0,,,,215582,147.33,0
2307,5288.446,"Mount",0.031,0.291,0.244,-0.162,0.109,-0.058,45,W,25,N,,,198056,106.55,0
2308,5290.591,"Mount",-0.068,0.249,0.252,-0.054,0.118,0.000,49,W,0,,,,191969,101.25,0
2309,5292.921,"Mount",0.030,0.041,0.023,-0.046,0.013,0.000,5,W,0,,,,192106,109.53,0
2310,5295.032,"Mount",-0.032,0.122,0.123,-0.028,0.084,0.000,35,W,0,,,,207338,118.51,0
2311,5297.422,"Mount",0.042,0.154,0.118,-0.108,0.083,-0.039,34,W,17,N,,,206926,107.11,0
2312,5299.520,"Mount",0.004,0.109,0.095,-0.053,0.067,0.000,28,W,0,,,,213198,116.70,0
2313,5301.895,"Mount",-0.137,0.054,0.111,0.096,0.074,0.035,31,W,15,S,,,210901,109.63,0
2314,5303.952,"Mount",0.005,-0.015,-0.016,0.003,0.016,0.000,7,W,0,,,,199736,111.17,0
2315,5306.392,"Mount",0.261,-0.173,-0.273,-0.152,-0.112,-0.055,46,E,23,N,,,204722,119.21,0
2316,5308.448,"Mount",0.082,-0.057,-0.088,-0.046,-0.027,0.000,11,E,0,,,,219606,133.19,0
2317,5310.778,"Mount",0.028,0.018,0.003,-0.034,0.010,0.000,4,W,0,,,,200224,121.43,0
2318,5312.974,"Mount",-0.016,-0.105,-0.086,0.063,-0.030,0.023,12,E,10,S,,,212061,131.91,0
2319,5315.412,"Mount",-0.029,-0.322,-0.273,0.174,-0.132,0.064,55,E,27,S,,,194741,104.99,0
2320,5317.639,"Mount",0.085,-0.321,-0.325,0.073,-0.168,0.029,70,E,12,S,,,186125,100.23,0
2321,5320.086,"Mount",-0.066,-0.166,-0.117,0.135,-0.080,0.050,33,E,21,S,,,198853,111.47,0
2322,5322.193,"Mount",-0.003,-0.010,-0.008,0.007,-0.028,0.000,12,E,0,,,,204228,128.08,0
2323,5324.520,"Mount",0.027,-0.024,-0.034,-0.012,-0.031,0.000,13,E,0,,,,209070,120.79,0
2324,5326.707,"Mount",-0.113,0.185,0.216,0.015,0.073,0.000,30,W,0,,,,202352,122.94,0
2325,5329.135,"Mount",-0.080,0.247,0.256,-0.042,0.099,0.000,41,W,0,,,,193974,113.23,0
2326,5331.418,"Mount",0.048,0.131,0.094,-0.103,0.046,-0.037,19,W,16,N,,,200526,112.78,0
2327,5333.827,"Mount",-0.065,0.309,0.304,-0.085,0.155,-0.032,64,W,14,N,,,201426,117.64,0
2328,5335.946,"Mount",-0.155,0.224,0.270,0.035,0.141,0.000,58,W,0,,,,198669,108.88,0
2329,5338.265,"Mount",-0.005,0.022,0.022,-0.006,0.025,0.000,10,W,0,,,,191270,113.57,0
2330,5342.670,"Mount",-0.036,-0.079,-0.053,0.068,0.059,0.025,25,W,11,S,,,202363,114.52,0
2331,5344.840,"Mount",0.012,0.151,0.128,-0.080,0.094,-0.028,39,W,12,N,,,187981,97.00,0
INFO: SET LOCK POSITION, new lock pos = 1141.424, 72.629
INFO: DITHER by -16.957, 2.162, new lock pos = 1147.313, 56.581
INFO: SETTLING STATE CHANGE, Settling started
2332,5355.159,"Mount",-5.889,16.048,16.957,-2.162,16.957,-2.162,7035,W,925,N,,,198322,111.18,0
2333,5357.798,"Mount",-1.061,0.512,0.943,0.705,0.424,0.254,176,W,109,S,,,191499,101.01,0
2334,5360.201,"Mount",-0.878,0.018,0.420,0.771,0.189,0.288,78,W,123,S,,,192649,103.74,0
2335,5362.680,"Mount",-0.614,-0.246,0.065,0.659,0.029,0.249,12,W,106,S,,,208359,115.97,0
2336,5364.973,"Mount",-0.586,-0.227,0.068,0.625,0.031,0.235,13,W,100,S,,,215466,131.56,0
2337,5367.436,"Mount",-0.385,-0.257,-0.051,0.461,-0.023,0.175,9,E,75,S,,,204984,112.78,0
2338,5369.712,"Mount",-0.277,-0.315,-0.152,0.391,-0.068,0.148,28,E,63,S,,,204139,131.59,0
2339,5372.331,"Mount",-0.140,-0.415,-0.303,0.316,-0.136,0.120,57,E,51,S,,,208651,111.90,0
2340,5374.551,"Mount",-0.331,-0.221,-0.043,0.396,-0.019,0.147,8,E,63,S,,,199021,99.73,0
2341,5376.987,"Mount",-0.120,-0.457,-0.350,0.317,-0.158,0.120,65,E,51,S,,,209445,118.14,0
2342,5379.260,"Mount",-0.150,-0.368,-0.258,0.303,-0.116,0.114,48,E,49,S,,,199839,122.23,0
2343,5381.782,"Mount",0.223,-0.150,-0.236,-0.129,-0.283,-0.042,118,E,18,N,,,200999,116.91,0
2344,5384.058,"Mount",-0.067,-0.147,-0.100,0.128,-0.223,0.044,93,E,19,S,,,188858,101.40,0
2345,5386.429,"Mount",0.055,-0.124,-0.135,0.008,-0.235,0.000,97,E,0,,,,201886,108.34,0
2346,5388.612,"Mount",-0.013,0.115,0.108,-0.042,-0.125,0.000,52,E,0,,,,197295,105.33,0
2347,5390.942,"Mount",-0.107,0.258,0.278,-0.024,-0.051,0.000,21,E,0,,,,205347,129.64,0
INFO: SETTLING STATE CHANGE, Settling complete
2348,5393.064,"Mount",-0.184,0.440,0.475,-0.039,0.075,0.000,31,W,0,,,,200373,111.72,0
2349,5395.510,"Mount",0.036,0.135,0.103,-0.094,-0.066,-0.034,27,E,15,N,,,201920,107.09,0
2350,5397.669,"Mount",-0.010,0.093,0.088,-0.034,-0.044,0.000,18,E,0,,,,218327,119.38,0
2351,5400.000,"Mount",-0.128,0.103,0.150,0.066,0.024,0.024,10,W,10,S,,,193230,113.26,0
2352,5402.129,"Mount",-0.112,0.148,0.183,0.031,0.051,0.000,21,W,0,,,,204295,106.53,0
2353,5404.442,"Mount",0.018,-0.026,-0.031,-0.004,-0.049,0.000,20,E,0,,,,200125,124.68,0
2354,5406.547,"Mount",-0.036,0.021,0.035,0.022,-0.053,0.000,22,E,0,,,,216306,124.21,0
2355,5408.892,"Mount",-0.043,-0.029,-0.006,0.052,-0.074,0.000,31,E,0,,,,206836,115.80,0
2356,5410.975,"Mount",-0.035,0.092,0.098,-0.011,-0.039,0.000,16,E,0,,,,203007,106.20,0
2357,5413.375,"Mount",0.177,-0.359,-0.400,0.009,-0.274,0.000,114,E,0,,,,194403,111.23,0
2358,5415.555,"Mount",0.144,-0.317,-0.348,0.019,-0.251,0.000,104,E,0,,,,189995,99.99,0
2359,5418.041,"Mount",0.094,-0.370,-0.372,0.088,-0.234,0.032,97,E,14,S,,,213176,118.13,0
2360,5420.382,"Mount",0.134,-0.461,-0.471,0.093,-0.288,0.035,120,E,15,S,,,198975,107.84,0
2361,5422.805,"Mount",0.168,-0.357,-0.394,0.016,-0.285,0.000,118,E,0,,,,202235,107.60,0
2362,5425.067,"Mount",0.116,-0.386,-0.396,0.076,-0.295,0.027,123,E,12,S,,,195249,98.89,0
2363,5427.584,"Mount",0.292,-0.524,-0.600,-0.017,-0.425,0.000,176,E,0,,,,196729,103.88,0
2364,5429.911,"Mount",0.299,-0.375,-0.471,-0.092,-0.405,-0.033,168,E,14,N,,,216172,130.53,0
2365,5432.361,"Mount",0.150,-0.182,-0.230,-0.049,-0.330,0.000,137,E,0,,,,205696,133.72,0
2366,5434.668,"Mount",0.043,-0.407,-0.381,0.150,-0.419,0.054,174,E,23,S,,,198659,113.81,0
2367,5437.186,"Mount",0.059,0.025,-0.005,-0.064,-0.300,-0.021,125,E,9,N,,,202418,106.36,0
2368,5439.393,"Mount",0.022,0.026,0.013,-0.031,-0.277,0.000,115,E,0,,,,202446,125.85,0
2369,5441.921,"Mount",-0.061,0.272,0.269,-0.072,-0.165,-0.026,69,E,11,N,,,207748,119.76,0
2370,5444.123,"Mount",0.008,0.111,0.095,-0.058,-0.250,0.000,104,E,0,,,,206383,114.69,0
2371,5446.534,"Mount",0.063,0.003,-0.026,-0.057,-0.306,0.000,127,E,0,,,,190514,90.90,0
2372,5448.682,"Mount",-0.087,0.175,0.196,-0.004,-0.181,0.000,75,E,0,,,,212269,115.91,0
2373,5451.097,"Mount",-0.087,0.104,0.132,0.029,-0.222,0.000,92,E,0,,,,194515,109.71,0
2374,5453.362,"Mount",-0.163,0.164,0.221,0.069,-0.207,0.025,86,E,11,S,,,195002,109.85,0
2375,5455.719,"Mount",-0.233,0.445,0.502,0.002,-0.077,0.000,32,E,0,,,,194698,101.38,0
2376,5457.860,"Mount",-0.118,0.279,0.302,-0.024,-0.101,0.000,42,E,0,,,,205227,112.84,0
2377,5460.232,"Mount",-0.271,0.622,0.677,-0.047,0.100,0.000,41,W,0,,,,204276,119.92,0
2378,5462.284,"Mount",-0.145,0.361,0.387,-0.038,0.018,0.000,7,W,0,,,,211851,100.60,0
2379,5464.644,"Mount",-0.236,0.334,0.405,0.055,0.038,0.000,16,W,0,,,,195678,108.28,0
2380,5466.742,"Mount",-0.145,0.331,0.360,-0.024,0.025,0.000,10,W,0,,,,194996,116.36,0
2381,5469.154,"Mount",0.022,0.311,0.266,-0.163,0.008,-0.059,3,W,25,N,,,201928,117.86,0
2382,5471.362,"Mount",-0.097,0.390,0.391,-0.094,0.079,-0.036,33,W,15,N,,,197907,112.83,0
2383,5473.675,"Mount",-0.123,0.257,0.285,-0.009,0.031,0.000,13,W,0,,,,202753,104.37,0
2384,5475.895,"Mount",0.002,0.173,0.153,-0.082,-0.017,-0.030,7,E,13,N,,,207379,105.40,0
2385,5478.236,"Mount",-0.059,0.227,0.229,-0.052,0.030,0.000,13,W,0,,,,203929,119.95,0
2386,5480.422,"Mount",-0.029,0.333,0.309,-0.128,0.076,-0.046,32,W,20,N,,,198669,113.42,0
2387,5482.783,"Mount",-0.104,0.292,0.307,-0.043,0.082,0.000,34,W,0,,,,204873,106.33,0
2388,5485.015,"Mount",-0.004,0.176,0.158,-0.077,0.029,-0.028,12,W,12,N,,,193454,101.83,0
2389,5487.391,"Mount",-0.044,0.246,0.239,-0.075,0.079,-0.028,33,W,12,N,,,218519,132.89,0
2390,5489.529,"Mount",-0.079,0.193,0.208,-0.019,0.092,0.000,38,W,0,,,,209176,127.01,0
2391,5491.827,"Mount",-0.061,0.216,0.220,-0.046,0.098,0.000,41,W,0,,,,190257,106.50,0
2392,5494.018,"Mount",0.049,0.222,0.175,-0.146,0.085,-0.053,35,W,22,N,,,181984,99.62,0
2393,5496.425,"Mount",-0.037,0.266,0.253,-0.090,0.144,-0.035,60,W,15,N,,,200965,114.83,0
2394,5498.574,"Mount",-0.115,0.344,0.358,-0.057,0.204,0.000,85,W,0,,,,200541,108.75,0
2395,5501.048,"Mount",-0.083,0.368,0.365,-0.097,0.181,-0.035,75,W,15,N,,,200386,118.86,0
2396,5503.204,"Mount",-0.093,0.243,0.259,-0.030,0.176,0.000,73,W,0,,,,215227,112.89,0
2397,5505.604,"Mount",-0.103,0.274,0.291,-0.035,0.218,0.000,90,W,0,,,,225717,121.98,0
2398,5507.889,"Mount",-0.053,0.432,0.408,-0.153,0.284,-0.055,118,W,24,N,,,213565,115.35,0
2399,5510.234,"Mount",-0.078,0.212,0.224,-0.029,0.126,0.000,52,W,0,,,,205250,119.41,0
2400,5512.491,"Mount",-0.082,0.457,0.444,-0.138,0.238,-0.050,99,W,21,N,,,210762,123.98,0
2401,5515.034,"Mount",-0.067,0.477,0.455,-0.161,0.308,-0.060,128,W,26,N,,,206859,135.59,0
2402,5517.298,"Mount",-0.056,0.354,0.340,-0.114,0.264,-0.044,109,W,19,N,,,186499,96.00,0
2403,5519.782,"Mount",0.043,0.235,0.188,-0.147,0.229,-0.055,95,W,23,N,,,203985,113.74,0
2404,5522.060,"Mount",-0.006,0.281,0.252,-0.124,0.266,-0.047,110,W,20,N,,,185805,105.43,0
2405,5524.464,"Mount",-0.079,-0.033,0.007,0.086,0.159,0.029,66,W,12,S,,,204700,120.23,0
2406,5526.710,"Mount",0.134,0.005,-0.058,-0.121,0.173,-0.042,72,W,18,N,,,187983,99.00,0
2407,5529.078,"Mount",0.150,-0.270,-0.308,-0.009,0.041,0.000,17,W,0,,,,200826,113.07,0
2408,5531.401,"Mount",0.096,-0.032,-0.073,-0.071,0.136,-0.026,57,W,11,N,,,195778,105.74,0
2409,5533.789,"Mount",0.156,-0.118,-0.177,-0.083,0.103,-0.031,43,W,13,N,,,193924,105.35,0
2410,5535.960,"Mount",0.252,-0.114,-0.217,-0.171,0.059,-0.063,25,W,27,N,,,198127,106.85,0
2411,5538.377,"Mount",0.338,-0.316,-0.436,-0.154,-0.062,-0.058,26,E,25,N,,,212431,107.87,0
2412,5540.487,"Mount",0.205,-0.236,-0.304,-0.073,-0.028,-0.028,11,E,12,N,,,211344,131.87,0
2413,5542.889,"Mount",0.311,-0.123,-0.253,-0.218,-0.017,-0.080,7,E,34,N,,,205865,117.17,0
2414,5545.063,"Mount",0.169,-0.085,-0.153,-0.111,-0.005,-0.043,2,E,18,N,,,209882,125.97,0
2415,5547.433,"Mount",0.173,-0.222,-0.277,-0.051,-0.095,0.000,39,E,0,,,,199620,111.33,0
2416,5549.638,"Mount",0.257,-0.055,-0.167,-0.203,-0.065,-0.073,27,E,31,N,,,202516,116.91,0
2417,5551.996,"Mount",0.152,-0.198,-0.246,-0.043,-0.097,0.000,40,E,0,,,,187176,115.34,0
2418,5554.165,"Mount",0.222,0.070,-0.040,-0.229,0.012,-0.082,5,W,35,N,,,188581,101.76,0
2419,5556.536,"Mount",0.145,0.015,-0.054,-0.136,-0.009,-0.052,4,E,22,N,,,196530,116.24,0
2420,5558.648,"Mount",-0.008,0.010,0.012,0.003,-0.018,0.000,8,E,0,,,,211284,130.15,0
2421,5561.032,"Mount",-0.233,0.348,0.417,0.046,0.177,0.000,74,W,0,,,,208700,113.09,0
2422,5563.269,"Mount",0.028,0.293,0.247,-0.160,0.104,-0.058,43,W,25,N,,,186318,98.90,0
2423,5565.782,"Mount",-0.207,0.540,0.575,-0.066,0.275,-0.026,114,W,11,N,,,198665,101.51,0
2424,5567.984,"Mount",-0.183,0.479,0.509,-0.058,0.263,0.000,109,W,0,,,,221549,124.38,0
2425,5570.424,"Mount",-0.209,0.466,0.510,-0.030,0.341,0.000,141,W,0,,,,204478,104.56,0
2426,5572.807,"Mount",-0.208,0.830,0.833,-0.199,0.584,-0.072,242,W,31,N,,,192389,105.80,0
2427,5575.256,"Mount",-0.225,0.394,0.454,0.018,0.397,0.000,165,W,0,,,,209054,134.93,0
2428,5577.550,"Mount",-0.024,0.374,0.343,-0.152,0.256,-0.055,106,W,23,N,,,206101,113.66,0
2429,5580.133,"Mount",-0.147,0.442,0.460,-0.074,0.370,-0.029,153,W,12,N,,,187155,97.51,0
2430,5582.350,"Mount",-0.155,0.388,0.416,-0.042,0.413,0.000,171,W,0,,,,211994,111.29,0
2431,5584.830,"Mount",-0.235,0.326,0.398,0.058,0.406,0.000,168,W,0,,,,209045,109.43,0
2432,5587.041,"Mount",-0.065,0.218,0.224,-0.043,0.331,0.000,137,W,0,,,,191880,107.12,0
2433,5589.573,"Mount",0.031,0.218,0.179,-0.128,0.325,-0.046,135,W,20,N,,,208319,115.30,0
2434,5592.010,"Mount",-0.062,0.322,0.314,-0.093,0.403,-0.035,167,W,15,N,,,197832,101.21,0
2435,5594.476,"Mount",0.302,-0.019,-0.156,-0.259,0.201,-0.095,84,W,40,N,,,200889,113.53,0
2436,5596.698,"Mount",0.219,-0.059,-0.154,-0.167,0.177,-0.064,73,W,27,N,,,210087,128.62,0
2437,5599.144,"Mount",0.216,-0.253,-0.324,-0.075,0.152,-0.030,63,W,13,N,,,192428,113.27,0
2438,5601.322,"Mount",0.397,-0.258,-0.412,-0.233,0.097,-0.085,40,W,36,N,,,208038,117.48,0
2439,5603.650,"Mount",0.262,-0.429,-0.501,-0.035,-0.015,0.000,6,E,0,,,,202237,120.42,0
2440,5605.837,"Mount",0.355,-0.194,-0.336,-0.226,-0.059,-0.081,24,E,35,N,,,198467,122.61,0
2441,5608.194,"Mount",0.226,-0.336,-0.402,-0.045,-0.069,0.000,29,E,0,,,,199319,108.97,0
2442,5610.307,"Mount",0.143,-0.259,-0.296,-0.007,-0.061,0.000,25,E,0,,,,208659,109.57,0
2443,5612.684,"Mount",0.222,-0.401,-0.458,-0.012,-0.145,0.000,60,E,0,,,,220823,129.45,0
2444,5614.870,"Mount",0.187,-0.162,-0.230,-0.092,-0.074,-0.033,31,E,14,N,,,195634,127.89,0
2445,5617.442,"Mount",0.256,-0.055,-0.167,-0.201,-0.075,-0.074,31,E,32,N,,,206073,117.93,0
2446,5619.659,"Mount",0.079,-0.226,-0.236,0.035,-0.130,0.000,54,E,0,,,,203192,121.74,0
2447,5621.976,"Mount",-0.037,-0.030,-0.009,0.047,-0.035,0.000,14,E,0,,,,193707,110.22,0
2448,5624.158,"Mount",-0.121,-0.015,0.042,0.114,-0.040,0.041,16,E,18,S,,,206854,106.14,0
2449,5626.535,"Mount",0.050,0.046,0.018,-0.065,-0.032,-0.022,13,E,9,N,,,175512,92.27,0
2450,5628.601,"Mount",-0.077,0.038,0.069,0.051,-0.007,0.000,3,E,0,,,,189696,104.01,0
2451,5630.947,"Mount",0.018,-0.003,-0.011,-0.015,-0.039,0.000,16,E,0,,,,189931,103.46,0
2452,5633.046,"Mount",0.030,0.032,0.014,-0.041,-0.031,0.000,13,E,0,,,,190110,118.98,0
2453,5635.459,"Mount",-0.216,0.172,0.252,0.113,0.098,0.041,41,W,17,S,,,192893,109.29,0
2454,5637.648,"Mount",-0.159,0.094,0.157,0.098,0.064,0.037,27,W,16,S,,,217065,136.80,0
2455,5640.019,"Mount",-0.195,0.323,0.376,0.023,0.161,0.000,67,W,0,,,,209156,115.95,0
2456,5642.160,"Mount",-0.181,0.268,0.321,0.037,0.143,0.000,59,W,0,,,,209506,124.33,0
2457,5644.592,"Mount",0.051,0.192,0.147,-0.134,0.091,-0.048,38,W,21,N,,,200113,119.24,0
2458,5646.689,"Mount",0.003,0.092,0.080,-0.045,0.067,0.000,28,W,0,,,,203565,123.40,0
2459,5648.955,"Mount",-0.023,0.016,0.025,0.013,0.023,0.000,10,W,0,,,,188874,106.29,0
2460,5651.133,"Mount",0.125,0.034,-0.027,-0.127,0.023,-0.046,10,W,20,N,,,191026,120.80,0
2461,5653.496,"Mount",0.079,-0.138,-0.159,-0.007,-0.052,0.000,21,E,0,,,,201887,112.40,0
2462,5655.683,"Mount",0.171,-0.184,-0.242,-0.067,-0.092,-0.024,38,E,10,N,,,218609,123.67,0
2463,5658.191,"Mount",0.164,-0.083,-0.149,-0.107,-0.055,-0.039,23,E,17,N,,,206444,117.87,0
2464,5660.408,"Mount",0.157,0.051,-0.026,-0.163,0.012,-0.060,5,W,26,N,,,202392,106.93,0
2465,5662.796,"Mount",-0.062,-0.257,-0.200,0.174,-0.079,0.060,33,E,26,S,,,206227,127.41,0
2466,5664.922,"Mount",0.082,-0.190,-0.206,0.015,-0.098,0.000,41,E,0,,,,215732,117.28,0
2467,5667.242,"Mount",0.060,-0.061,-0.082,-0.025,-0.057,0.000,24,E,0,,,,213479,104.25,0
2468,5669.319,"Mount",0.008,0.034,0.027,-0.023,-0.025,0.000,10,E,0,,,,205075,102.66,0
2469,5671.616,"Mount",-0.133,0.008,0.069,0.114,0.000,0.041,0,,18,S,,,207338,120.04,0
2470,5673.805,"Mount",-0.049,0.314,0.301,-0.102,0.101,-0.035,42,W,15,N,,,207287,113.49,0
2471,5676.150,"Mount",-0.088,0.239,0.253,-0.033,0.071,0.000,29,W,0,,,,199153,105.11,0
2472,5678.250,"Mount",-0.108,0.150,0.183,0.027,0.047,0.000,19,W,0,,,,201809,103.22,0
2473,5680.577,"Mount",-0.054,0.201,0.203,-0.045,0.082,0.000,34,W,0,,,,203003,113.19,0
2474,5682.727,"Mount",0.052,0.167,0.124,-0.123,0.063,-0.044,26,W,19,N,,,186148,94.05,0
2475,5685.124,"Mount",-0.226,0.362,0.425,0.033,0.204,0.000,85,W,0,,,,204574,112.56,0
2476,5687.342,"Mount",-0.179,0.151,0.216,0.089,0.109,0.032,45,W,14,S,,,197195,111.66,0
2477,5689.752,"Mount",0.038,0.180,0.142,-0.117,0.093,-0.041,38,W,17,N,,,215347,115.71,0
2478,5691.938,"Mount",-0.010,0.212,0.193,-0.089,0.133,-0.034,55,W,14,N,,,202477,109.59,0
2479,5694.272,"Mount",-0.088,0.120,0.147,0.022,0.102,0.000,42,W,0,,,,192739,107.24,0
2480,5696.505,"Mount",-0.020,0.195,0.183,-0.072,0.121,-0.026,50,W,11,N,,,213768,122.21,0
2481,5698.967,"Mount",0.037,0.065,0.041,-0.063,0.039,-0.024,16,W,10,N,,,202282,102.69,0
2482,5701.136,"Mount",0.205,-0.016,-0.109,-0.174,-0.016,-0.064,6,E,27,N,,,215941,129.97,0
Guiding Ends at 2026-05-14 02:19:56

Guiding Begins at 2026-05-14 02:40:37
Equipment Profile = 60mmGuide
Dither = both axes, Dither scale = 1.000, Image noise reduction = none, Guide-frame time lapse = 0, Server enabled
Pixel scale = 3.22 arc-sec/px, Binning = 1, Focal length = 240 mm
Search region = 25 px, Star mass tolerance = 50.0%, Multi-star mode, list size = 12
 Camera = ZWO ASI120MM Mini, gain = 37, full size = 1280 x 960, have dark, dark dur = 2000, no defect map, pixel size = 3.8 um
Exposure = 2000 ms
Mount = iOptron CEM120,70,40,26, GEM, HEM, HAE, HAZ series and SkyHunter Mount (ASCOM), connected, guiding enabled, xAngle = 117.4, xRate = 1.931, yAngle = -152.7, yRate = 2.338, parity = +/+
Norm rates RA = 8.3"/s @ dec 0, Dec = 7.5"/s; ortho.err. = 0.1 deg
X guide algorithm = Predictive PEC, Control gain = 0.450
Prediction gain = 0.750
Minimum move = 0.060
Hyperparameters
	Length scale long range SE kernel = 700.000
	Signal variance long range SE kernel = 20.000
	Length scale periodic kernel = 10.000
	Signal variance periodic kernel = 20.000
	Length scale short range SE kernel = 25.000
	Signal variance short range SE kernel = 10.000
	Period length periodic kernel = 348.000
	FFT called after = 2.000 worm cycles
	Auto-adjust period length = Off
Y guide algorithm = Hysteresis, Hysteresis = 0.100, Aggression = 0.400, Minimum move = 0.060
Backlash comp = disabled, pulse = 100 ms
Max RA duration = 2500, Max DEC duration = 2500, DEC guide mode = Auto
RA Guide Speed = 7.5 a-s/s, Dec Guide Speed = 7.5 a-s/s, Cal Dec = 0.0, Last Cal Issue = None, Timestamp = 7/29/2025 9:33:42 PM
RA = 16.80 hr, Dec = -41.2 deg, Hour angle = -0.27 hr, Pier side = West, Rotator pos = N/A, Alt = 17.1 deg, Az = 176.8 deg
Lock position = 84.127, 822.047, Star position = 84.127, 822.047, HFD = 6.27 px
Frame,Time,mount,dx,dy,RARawDistance,DECRawDistance,RAGuideDistance,DECGuideDistance,RADuration,RADirection,DECDuration,DECDirection,XStep,YStep,StarMass,SNR,ErrorCode
INFO: SETTLING STATE CHANGE, Settling started
1,2.545,"Mount",0.664,-0.786,-1.003,-0.226,-0.452,-0.081,234,E,35,N,,,138548,83.09,0
2,5.019,"Mount",-0.393,0.215,0.372,0.250,0.167,0.087,87,W,37,S,,,120296,64.45,0
3,7.191,"Mount",0.161,0.173,0.079,-0.223,0.036,-0.077,18,W,33,N,,,114541,56.33,0
4,9.670,"Mount",0.481,0.062,-0.166,-0.455,-0.075,-0.167,39,E,71,N,,,122281,70.49,0
5,11.860,"Mount",0.006,0.163,0.142,-0.080,0.064,-0.036,33,W,15,N,,,124157,65.02,0
6,14.524,"Mount",0.746,-0.809,-1.062,-0.288,-0.478,-0.105,247,E,45,N,,,133327,70.98,0
7,16.604,"Mount",-0.119,-0.058,0.004,0.132,0.000,0.043,0,,19,S,,,142676,67.04,0
8,19.246,"Mount",0.780,-0.629,-0.918,-0.401,-0.413,-0.143,214,E,61,N,,,128749,75.45,0
9,21.358,"Mount",0.072,-0.074,-0.099,-0.030,-0.045,0.000,23,E,0,,,,132300,62.45,0
10,23.669,"Mount",-0.066,0.114,0.131,0.006,0.059,0.000,31,W,0,,,,121027,54.62,0
11,25.922,"Mount",0.511,-0.081,-0.307,-0.415,-0.133,-0.150,69,E,64,N,,,142146,72.57,0
12,28.581,"Mount",0.837,-0.905,-1.189,-0.325,-0.487,-0.123,252,E,53,N,,,132731,81.16,0
13,30.741,"Mount",0.196,0.181,0.070,-0.257,0.016,-0.098,8,W,42,N,,,116610,61.20,0
14,33.055,"Mount",0.057,-0.018,-0.042,-0.042,0.006,0.000,3,W,0,,,,128213,57.24,0
15,35.247,"Mount",0.138,0.052,-0.017,-0.147,0.007,-0.053,4,W,23,N,,,123051,55.96,0
16,37.657,"Mount",0.150,-0.019,-0.086,-0.125,-0.025,-0.047,13,E,20,N,,,134384,67.42,0
17,39.921,"Mount",0.628,0.069,-0.228,-0.589,-0.082,-0.214,42,E,92,N,,,135833,63.25,0
18,42.207,"Mount",-0.023,-0.039,-0.024,0.039,-0.004,0.000,2,E,0,,,,137163,70.58,0
19,44.571,"Mount",0.650,-0.331,-0.594,-0.423,-0.251,-0.152,130,E,65,N,,,151383,83.83,0
20,46.937,"Mount",-0.144,-0.065,0.009,0.158,-0.018,0.051,10,E,22,S,,,138686,66.58,0
21,49.057,"Mount",-0.004,-0.111,-0.097,0.054,-0.070,0.000,36,E,0,,,,162773,73.50,0
INFO: SETTLING STATE CHANGE, Settling complete
22,51.377,"Mount",0.072,-0.046,-0.073,-0.042,-0.050,0.000,26,E,0,,,,134822,71.00,0
23,53.806,"Mount",0.810,-0.841,-1.120,-0.330,-0.479,-0.119,248,E,51,N,,,149931,65.20,0
24,56.212,"Mount",-0.191,0.091,0.169,0.127,0.059,0.041,31,W,18,S,,,154595,69.26,0
Guiding Ends at 2026-05-14 02:41:35

Guiding Begins at 2026-05-14 02:43:03
Equipment Profile = 60mmGuide
Dither = both axes, Dither scale = 1.000, Image noise reduction = none, Guide-frame time lapse = 0, Server enabled
Pixel scale = 3.22 arc-sec/px, Binning = 1, Focal length = 240 mm
Search region = 25 px, Star mass tolerance = 50.0%, Multi-star mode, list size = 12
 Camera = ZWO ASI120MM Mini, gain = 37, full size = 1280 x 960, have dark, dark dur = 2000, no defect map, pixel size = 3.8 um
Exposure = 2000 ms
Mount = iOptron CEM120,70,40,26, GEM, HEM, HAE, HAZ series and SkyHunter Mount (ASCOM), connected, guiding enabled, xAngle = 117.4, xRate = 1.931, yAngle = -152.7, yRate = 2.338, parity = +/+
Norm rates RA = 8.3"/s @ dec 0, Dec = 7.5"/s; ortho.err. = 0.1 deg
X guide algorithm = Predictive PEC, Control gain = 0.450
Prediction gain = 0.750
Minimum move = 0.060
Hyperparameters
	Length scale long range SE kernel = 700.000
	Signal variance long range SE kernel = 20.000
	Length scale periodic kernel = 10.000
	Signal variance periodic kernel = 20.000
	Length scale short range SE kernel = 25.000
	Signal variance short range SE kernel = 10.000
	Period length periodic kernel = 348.000
	FFT called after = 2.000 worm cycles
	Auto-adjust period length = Off
Y guide algorithm = Hysteresis, Hysteresis = 0.100, Aggression = 0.400, Minimum move = 0.060
Backlash comp = disabled, pulse = 100 ms
Max RA duration = 2500, Max DEC duration = 2500, DEC guide mode = Auto
RA Guide Speed = 7.5 a-s/s, Dec Guide Speed = 7.5 a-s/s, Cal Dec = 0.0, Last Cal Issue = None, Timestamp = 7/29/2025 9:33:42 PM
RA = 16.80 hr, Dec = -41.2 deg, Hour angle = -0.23 hr, Pier side = West, Rotator pos = N/A, Alt = 17.2 deg, Az = 177.3 deg
Lock position = 86.014, 818.813, Star position = 86.014, 818.813, HFD = 6.04 px
Frame,Time,mount,dx,dy,RARawDistance,DECRawDistance,RAGuideDistance,DECGuideDistance,RADuration,RADirection,DECDuration,DECDirection,XStep,YStep,StarMass,SNR,ErrorCode
INFO: SETTLING STATE CHANGE, Settling started
1,2.335,"Mount",0.159,0.182,0.088,-0.225,0.040,-0.081,21,W,35,N,,,175044,74.11,0
2,4.821,"Mount",0.141,0.126,0.047,-0.183,0.021,-0.069,11,W,30,N,,,175110,68.64,0
3,7.006,"Mount",0.133,0.045,-0.021,-0.139,-0.009,-0.053,5,E,23,N,,,192716,69.99,0
4,9.445,"Mount",0.042,0.402,0.337,-0.222,0.152,-0.082,79,W,35,N,,,194379,92.84,0
5,11.634,"Mount",0.030,0.238,0.198,-0.136,0.089,-0.052,46,W,22,N,,,203181,82.22,0
6,14.088,"Mount",0.120,0.334,0.241,-0.261,0.109,-0.096,56,W,41,N,,,206565,86.06,0
7,16.234,"Mount",-0.082,0.134,0.157,0.011,0.070,0.000,36,W,0,,,,215104,84.79,0
8,18.617,"Mount",-0.150,0.165,0.215,0.057,0.097,0.000,50,W,0,,,,209163,89.30,0
9,20.762,"Mount",-0.105,0.244,0.265,-0.019,0.119,0.000,62,W,0,,,,207247,88.94,0
INFO: SETTLING STATE CHANGE, Settling complete
10,23.280,"Mount",-0.615,0.242,0.498,0.434,0.224,0.156,116,W,67,S,,,207112,81.58,0
11,25.360,"Mount",0.027,-0.057,-0.063,0.002,-0.035,0.000,18,E,0,,,,188150,70.95,0
12,27.802,"Mount",-0.054,0.344,0.330,-0.111,0.128,-0.040,66,W,17,N,,,196513,79.90,0
13,29.989,"Mount",0.269,0.258,0.105,-0.358,0.034,-0.131,17,W,56,N,,,194829,81.33,0
14,32.360,"Mount",-0.184,-0.164,-0.061,0.239,-0.030,0.081,15,E,35,S,,,208137,90.66,0
15,34.749,"Mount",-0.758,0.168,0.498,0.595,0.200,0.217,104,W,93,S,,,217759,92.47,0
16,37.059,"Mount",-0.003,0.160,0.143,-0.072,0.049,-0.017,26,W,7,N,,,204436,84.19,0
17,39.248,"Mount",-0.122,-0.173,-0.097,0.188,-0.043,0.067,22,E,29,S,,,211831,89.46,0
18,41.587,"Mount",0.081,-0.003,-0.040,-0.070,-0.008,-0.023,4,E,10,N,,,213754,80.44,0
19,43.675,"Mount",-0.022,0.070,0.072,-0.013,0.020,0.000,11,W,0,,,,223744,82.42,0
20,46.051,"Mount",0.118,-0.086,-0.130,-0.065,-0.062,-0.023,32,E,10,N,,,209388,91.58,0
21,48.167,"Mount",0.046,-0.160,-0.163,0.033,-0.076,0.000,39,E,0,,,,200167,73.33,0
22,50.522,"Mount",0.089,-0.054,-0.089,-0.054,-0.047,0.000,24,E,0,,,,224586,89.44,0
23,52.665,"Mount",0.145,-0.275,-0.311,-0.001,-0.140,0.000,72,E,0,,,,190923,78.45,0
24,55.026,"Mount",0.002,-0.187,-0.167,0.084,-0.080,0.030,41,E,13,S,,,210606,93.86,0
25,57.118,"Mount",0.028,-0.006,-0.019,-0.022,-0.009,0.000,5,E,0,,,,204212,79.88,0
26,59.715,"Mount",-0.624,0.725,0.931,0.219,0.377,0.079,195,W,34,S,,,213461,91.13,0
27,61.963,"Mount",0.232,0.412,0.259,-0.396,0.101,-0.139,53,W,60,N,,,248681,91.50,0
28,64.394,"Mount",0.022,0.269,0.229,-0.144,0.100,-0.057,52,W,25,N,,,213315,86.48,0
29,66.523,"Mount",-0.127,0.188,0.226,0.026,0.127,0.000,66,W,0,,,,247755,94.55,0
30,68.980,"Mount",0.032,0.174,0.139,-0.109,0.088,-0.039,45,W,17,N,,,251568,112.28,0
31,71.192,"Mount",-0.274,0.443,0.520,0.038,0.233,0.000,121,W,0,,,,214938,81.13,0
32,73.692,"Mount",-0.402,0.583,0.703,0.087,0.303,0.031,157,W,13,S,,,212369,92.72,0
33,75.971,"Mount",0.065,0.584,0.488,-0.327,0.242,-0.117,125,W,50,N,,,220094,86.33,0
34,78.430,"Mount",-0.355,0.614,0.708,0.031,0.330,0.000,171,W,0,,,,241017,85.65,0
35,80.645,"Mount",0.023,0.188,0.156,-0.107,0.161,-0.039,83,W,17,N,,,243128,101.13,0
36,83.069,"Mount",0.175,-0.001,-0.081,-0.155,0.059,-0.057,31,W,25,N,,,238940,100.81,0
37,85.278,"Mount",0.019,0.262,0.224,-0.137,0.168,-0.052,87,W,22,N,,,222363,92.41,0
38,87.722,"Mount",-0.173,0.256,0.307,0.035,0.115,0.000,60,W,0,,,,242564,98.24,0
39,89.974,"Mount",-0.174,0.181,0.241,0.071,0.077,0.026,40,W,11,S,,,249521,101.87,0
40,92.376,"Mount",0.022,0.465,0.402,-0.234,0.139,-0.083,72,W,36,N,,,238779,87.41,0
41,94.560,"Mount",-0.333,0.570,0.659,0.033,0.239,0.000,124,W,0,,,,218097,84.71,0
42,96.966,"Mount",0.253,0.184,0.047,-0.309,-0.004,-0.111,2,E,48,N,,,222657,93.17,0
43,99.136,"Mount",0.044,0.169,0.129,-0.117,0.057,-0.046,29,W,20,N,,,261075,108.44,0
44,101.494,"Mount",-0.064,0.177,0.187,-0.025,0.112,0.000,58,W,0,,,,264428,106.34,0
45,103.850,"Mount",-0.072,0.702,0.656,-0.260,0.310,-0.094,161,W,40,N,,,252213,108.03,0
46,106.193,"Mount",-0.049,-0.027,-0.001,0.056,0.043,0.000,22,W,0,,,,226217,88.55,0
47,108.335,"Mount",-0.059,-0.048,-0.015,0.074,0.036,0.027,18,W,11,S,,,239136,96.01,0
48,110.832,"Mount",-0.438,0.086,0.278,0.349,0.167,0.127,87,W,54,S,,,222944,101.50,0
49,113.090,"Mount",0.148,0.046,-0.027,-0.152,0.040,-0.050,21,W,21,N,,,261394,102.83,0
50,115.391,"Mount",0.014,-0.032,-0.035,0.002,0.031,0.000,16,W,0,,,,243722,95.23,0
51,117.560,"Mount",0.028,0.091,0.068,-0.067,-0.019,-0.024,10,E,10,N,,,223811,93.33,0
52,119.914,"Mount",0.107,-0.154,-0.186,-0.023,-0.141,0.000,73,E,0,,,,235295,99.73,0
53,122.085,"Mount",0.113,-0.068,-0.112,-0.069,-0.098,-0.025,51,E,11,N,,,225336,96.36,0
54,124.404,"Mount",-0.011,0.134,0.124,-0.052,-0.008,0.000,4,E,0,,,,226611,92.34,0
55,126.560,"Mount",0.136,0.076,0.005,-0.156,-0.040,-0.056,21,E,24,N,,,260932,110.92,0
56,128.982,"Mount",0.038,0.060,0.036,-0.061,-0.039,-0.024,20,E,10,N,,,280749,107.83,0
57,131.220,"Mount",-0.261,0.414,0.488,0.041,0.238,0.000,123,W,0,,,,262201,102.10,0
58,133.575,"Mount",-0.015,0.054,0.055,-0.011,0.043,0.000,22,W,0,,,,234398,105.65,0
59,135.806,"Mount",0.041,0.117,0.085,-0.091,0.107,-0.033,55,W,14,N,,,252243,104.64,0
60,138.212,"Mount",0.245,0.006,-0.107,-0.221,0.025,-0.081,13,W,35,N,,,237249,111.22,0
61,140.306,"Mount",-0.035,0.002,0.018,0.030,0.064,0.000,33,W,0,,,,245119,104.73,0
62,142.647,"Mount",0.074,-0.188,-0.201,0.021,-0.089,0.000,46,E,0,,,,266155,112.63,0
63,144.729,"Mount",0.069,-0.050,-0.076,-0.038,-0.045,0.000,23,E,0,,,,254413,97.54,0
64,147.089,"Mount",-0.001,-0.005,-0.004,0.003,-0.058,0.000,30,E,0,,,,252230,113.07,0
65,149.332,"Mount",-0.028,-0.164,-0.132,0.101,-0.122,0.036,63,E,15,S,,,273835,112.38,0
66,151.784,"Mount",-0.161,-0.134,-0.045,0.204,-0.021,0.075,11,E,32,S,,,277025,127.15,0
67,154.035,"Mount",-0.450,-0.141,0.082,0.465,0.013,0.170,7,W,73,S,,,242968,101.80,0
68,156.380,"Mount",-0.063,-0.050,-0.015,0.079,-0.012,0.035,6,E,15,S,,,264848,105.74,0
69,158.505,"Mount",0.068,0.033,-0.002,-0.076,-0.007,-0.026,4,E,11,N,,,254043,105.84,0
70,160.938,"Mount",0.323,-0.110,-0.246,-0.236,-0.078,-0.086,40,E,37,N,,,250149,100.66,0
71,163.044,"Mount",0.114,-0.110,-0.150,-0.051,-0.032,0.000,17,E,0,,,,259993,114.85,0
72,165.450,"Mount",0.038,0.129,0.097,-0.093,0.075,-0.034,39,W,14,N,,,254785,113.75,0
73,167.640,"Mount",-0.016,-0.115,-0.094,0.068,-0.058,0.023,30,E,10,S,,,284442,118.86,0
74,170.043,"Mount",0.091,0.098,0.045,-0.126,-0.018,-0.045,9,E,19,N,,,288466,122.16,0
75,172.272,"Mount",0.008,0.168,0.145,-0.085,0.083,-0.032,43,W,14,N,,,269133,119.46,0
76,174.598,"Mount",0.033,0.038,0.019,-0.047,0.028,0.000,15,W,0,,,,250309,114.31,0
77,176.799,"Mount",0.016,0.128,0.106,-0.073,0.086,-0.026,45,W,11,N,,,251383,119.22,0
78,179.318,"Mount",0.208,0.078,-0.026,-0.221,0.048,-0.080,25,W,34,N,,,259334,103.74,0
79,181.611,"Mount",0.166,0.312,0.201,-0.292,0.116,-0.108,60,W,46,N,,,271324,104.41,0
80,183.918,"Mount",0.002,-0.089,-0.080,0.039,0.003,0.000,2,W,0,,,,272111,115.45,0
81,186.095,"Mount",0.039,0.137,0.103,-0.098,0.093,-0.035,48,W,15,N,,,253301,117.50,0
82,188.458,"Mount",0.029,0.065,0.044,-0.055,0.056,0.000,29,W,0,,,,264415,126.82,0
83,190.633,"Mount",0.241,0.013,-0.099,-0.220,0.011,-0.079,5,W,34,N,,,286511,120.84,0
84,192.955,"Mount",0.075,-0.240,-0.247,0.044,-0.050,0.000,26,E,0,,,,286048,122.56,0
85,195.070,"Mount",-0.048,-0.036,-0.010,0.059,0.051,0.000,26,W,0,,,,267163,117.25,0
86,197.421,"Mount",-0.036,-0.004,0.013,0.033,0.031,0.000,16,W,0,,,,289554,137.43,0
87,199.546,"Mount",-0.052,-0.107,-0.071,0.095,-0.008,0.034,4,E,15,S,,,260138,120.74,0
88,201.927,"Mount",-0.051,-0.083,-0.051,0.083,0.004,0.031,2,W,13,S,,,280714,120.88,0
89,204.086,"Mount",0.064,0.096,0.056,-0.101,-0.012,-0.035,6,E,15,N,,,254673,111.19,0
90,206.497,"Mount",-0.050,-0.184,-0.140,0.129,-0.097,0.045,50,E,19,S,,,272843,124.31,0
91,208.633,"Mount",0.101,-0.113,-0.147,-0.037,-0.116,0.000,60,E,0,,,,287992,119.16,0
Guiding Ends at 2026-05-14 02:46:34

Guiding Begins at 2026-05-14 02:48:31
Equipment Profile = 60mmGuide
Dither = both axes, Dither scale = 1.000, Image noise reduction = none, Guide-frame time lapse = 0, Server enabled
Pixel scale = 3.22 arc-sec/px, Binning = 1, Focal length = 240 mm
Search region = 25 px, Star mass tolerance = 50.0%, Multi-star mode, list size = 12
 Camera = ZWO ASI120MM Mini, gain = 37, full size = 1280 x 960, have dark, dark dur = 2000, no defect map, pixel size = 3.8 um
Exposure = 2000 ms
Mount = iOptron CEM120,70,40,26, GEM, HEM, HAE, HAZ series and SkyHunter Mount (ASCOM), connected, guiding enabled, xAngle = -62.6, xRate = 2.411, yAngle = -152.7, yRate = 2.338, parity = +/-
Norm rates RA = 8.3"/s @ dec 0, Dec = 7.5"/s; ortho.err. = 0.1 deg
X guide algorithm = Predictive PEC, Control gain = 0.450
Prediction gain = 0.750
Minimum move = 0.060
Hyperparameters
	Length scale long range SE kernel = 700.000
	Signal variance long range SE kernel = 20.000
	Length scale periodic kernel = 10.000
	Signal variance periodic kernel = 20.000
	Length scale short range SE kernel = 25.000
	Signal variance short range SE kernel = 10.000
	Period length periodic kernel = 348.000
	FFT called after = 2.000 worm cycles
	Auto-adjust period length = Off
Y guide algorithm = Hysteresis, Hysteresis = 0.100, Aggression = 0.400, Minimum move = 0.060
Backlash comp = disabled, pulse = 100 ms
Max RA duration = 2500, Max DEC duration = 2500, DEC guide mode = Auto
RA Guide Speed = 7.5 a-s/s, Dec Guide Speed = 7.5 a-s/s, Cal Dec = 0.0, Last Cal Issue = None, Timestamp = 7/29/2025 9:33:42 PM
RA = 16.26 hr, Dec = -20.1 deg, Hour angle = 0.40 hr, Pier side = East, Rotator pos = N/A, Alt = 38.0 deg, Az = 187.1 deg
Lock position = 744.346, 864.133, Star position = 744.346, 864.133, HFD = 5.01 px
Frame,Time,mount,dx,dy,RARawDistance,DECRawDistance,RAGuideDistance,DECGuideDistance,RADuration,RADirection,DECDuration,DECDirection,XStep,YStep,StarMass,SNR,ErrorCode
INFO: SETTLING STATE CHANGE, Settling started
1,2.415,"Mount",-0.067,0.560,-0.529,-0.199,-0.238,-0.072,99,E,31,N,,,584707,173.26,0
2,4.920,"Mount",0.213,0.555,-0.395,-0.445,-0.178,-0.163,74,E,70,N,,,604807,156.40,0
3,7.194,"Mount",-0.029,0.477,-0.437,-0.194,-0.196,-0.076,81,E,33,N,,,597186,145.40,0
4,9.604,"Mount",-0.167,0.367,-0.403,-0.021,-0.181,0.000,75,E,0,,,,597523,144.01,0
5,11.840,"Mount",-0.119,0.454,-0.458,-0.104,-0.206,-0.037,85,E,16,N,,,620675,170.70,0
6,14.348,"Mount",0.054,0.408,-0.337,-0.236,-0.152,-0.087,63,E,37,N,,,628813,151.16,0
7,16.495,"Mount",-0.136,0.383,-0.403,-0.056,-0.181,0.000,75,E,0,,,,577830,149.88,0
8,18.825,"Mount",-0.155,-0.024,-0.050,0.149,0.000,0.054,0,,23,S,,,594711,159.21,0
9,21.057,"Mount",0.010,0.337,-0.295,-0.164,-0.133,-0.057,55,E,24,N,,,589954,151.54,0
INFO: SETTLING STATE CHANGE, Settling complete
10,23.318,"Mount",-0.023,0.033,-0.040,0.005,0.000,0.000,0,,0,,,,599442,148.03,0
Guiding Ends at 2026-05-14 02:48:56

Guiding Begins at 2026-05-14 02:51:27
Equipment Profile = 60mmGuide
Dither = both axes, Dither scale = 1.000, Image noise reduction = none, Guide-frame time lapse = 0, Server enabled
Pixel scale = 3.22 arc-sec/px, Binning = 1, Focal length = 240 mm
Search region = 25 px, Star mass tolerance = 50.0%, Multi-star mode, list size = 12
 Camera = ZWO ASI120MM Mini, gain = 37, full size = 1280 x 960, have dark, dark dur = 2000, no defect map, pixel size = 3.8 um
Exposure = 2000 ms
Mount = iOptron CEM120,70,40,26, GEM, HEM, HAE, HAZ series and SkyHunter Mount (ASCOM), connected, guiding enabled, xAngle = -62.6, xRate = 2.411, yAngle = -152.7, yRate = 2.338, parity = +/-
Norm rates RA = 8.3"/s @ dec 0, Dec = 7.5"/s; ortho.err. = 0.1 deg
X guide algorithm = Predictive PEC, Control gain = 0.450
Prediction gain = 0.750
Minimum move = 0.060
Hyperparameters
	Length scale long range SE kernel = 700.000
	Signal variance long range SE kernel = 20.000
	Length scale periodic kernel = 10.000
	Signal variance periodic kernel = 20.000
	Length scale short range SE kernel = 25.000
	Signal variance short range SE kernel = 10.000
	Period length periodic kernel = 348.000
	FFT called after = 2.000 worm cycles
	Auto-adjust period length = Off
Y guide algorithm = Hysteresis, Hysteresis = 0.100, Aggression = 0.400, Minimum move = 0.060
Backlash comp = disabled, pulse = 100 ms
Max RA duration = 2500, Max DEC duration = 2500, DEC guide mode = Auto
RA Guide Speed = 7.5 a-s/s, Dec Guide Speed = 7.5 a-s/s, Cal Dec = 0.0, Last Cal Issue = None, Timestamp = 7/29/2025 9:33:42 PM
RA = 16.26 hr, Dec = -20.1 deg, Hour angle = 0.45 hr, Pier side = East, Rotator pos = N/A, Alt = 37.9 deg, Az = 188.0 deg
Lock position = 865.806, 815.036, Star position = 865.806, 815.036, HFD = 4.78 px
Frame,Time,mount,dx,dy,RARawDistance,DECRawDistance,RAGuideDistance,DECGuideDistance,RADuration,RADirection,DECDuration,DECDirection,XStep,YStep,StarMass,SNR,ErrorCode
INFO: SETTLING STATE CHANGE, Settling started
1,2.254,"Mount",-0.019,0.018,-0.025,0.009,-0.011,0.000,5,E,0,,,,571025,139.69,0
2,4.570,"Mount",-0.095,0.062,-0.099,0.056,-0.044,0.000,18,E,0,,,,582586,152.29,0
3,6.711,"Mount",-0.149,0.024,-0.090,0.121,-0.041,0.044,17,E,19,S,,,563638,148.71,0
4,9.043,"Mount",-0.012,0.091,-0.086,-0.032,-0.039,0.000,16,E,0,,,,549765,154.50,0
5,11.228,"Mount",0.021,0.208,-0.175,-0.115,-0.079,-0.041,33,E,18,N,,,567154,164.56,0
6,13.524,"Mount",0.008,0.051,-0.041,-0.031,-0.019,0.000,8,E,0,,,,567641,150.19,0
7,15.713,"Mount",-0.033,-0.149,0.117,0.098,0.053,0.035,22,W,15,S,,,596764,149.66,0
8,18.092,"Mount",0.096,-0.204,0.225,0.009,0.101,0.000,42,W,0,,,,556972,152.03,0
9,20.290,"Mount",0.164,-0.172,0.228,-0.066,0.103,-0.024,43,W,10,N,,,564426,166.98,0
INFO: SETTLING STATE CHANGE, Settling complete
10,22.639,"Mount",0.123,-0.158,0.197,-0.036,0.089,0.000,37,W,0,,,,550200,139.03,0
11,24.747,"Mount",0.157,-0.285,0.325,-0.008,0.128,0.000,53,W,0,,,,587974,160.36,0
12,27.181,"Mount",0.210,-0.015,0.110,-0.179,0.038,-0.065,16,W,28,N,,,562165,161.82,0
13,29.364,"Mount",0.207,-0.224,0.295,-0.080,0.119,-0.032,50,W,13,N,,,574267,161.20,0
14,31.790,"Mount",0.206,-0.246,0.313,-0.069,0.124,-0.026,52,W,11,N,,,569801,181.62,0
15,34.012,"Mount",0.154,-0.337,0.370,0.019,0.151,0.000,63,W,0,,,,565847,148.48,0
16,36.423,"Mount",0.107,-0.340,0.351,0.062,0.143,0.022,59,W,10,S,,,562522,166.94,0
17,38.674,"Mount",0.301,-0.376,0.473,-0.094,0.195,-0.033,81,W,14,N,,,538736,163.51,0
18,41.038,"Mount",0.168,-0.425,0.455,0.047,0.188,0.000,78,W,0,,,,546803,150.63,0
19,43.274,"Mount",0.158,-0.481,0.500,0.082,0.208,0.029,86,W,13,S,,,589534,144.25,0
20,45.816,"Mount",0.062,-0.672,0.625,0.256,0.262,0.093,109,W,40,S,,,555203,148.62,0
21,47.971,"Mount",0.144,-0.388,0.411,0.051,0.172,0.000,71,W,0,,,,547136,150.77,0
22,50.383,"Mount",0.263,-0.279,0.368,-0.104,0.161,-0.038,67,W,16,N,,,594099,168.75,0
23,52.576,"Mount",0.214,-0.086,0.176,-0.150,0.075,-0.056,31,W,24,N,,,585033,161.66,0
24,54.892,"Mount",0.022,0.023,-0.010,-0.030,-0.007,0.000,3,E,0,,,,586561,178.50,0
25,56.993,"Mount",0.081,0.015,0.024,-0.079,-0.000,-0.028,0,,12,N,,,586359,167.77,0
26,59.332,"Mount",0.027,-0.007,0.019,-0.021,-0.004,0.000,2,E,0,,,,570886,148.43,0
27,61.392,"Mount",-0.013,-0.024,0.016,0.023,-0.010,0.000,4,E,0,,,,574223,154.92,0
28,63.721,"Mount",-0.012,0.059,-0.058,-0.017,-0.012,0.000,5,E,0,,,,584609,156.93,0
29,65.894,"Mount",-0.038,-0.072,0.047,0.067,-0.014,0.024,6,E,10,S,,,576212,160.87,0
30,68.231,"Mount",-0.078,0.077,-0.104,0.034,-0.060,0.000,25,E,0,,,,562115,153.62,0
31,70.292,"Mount",0.010,-0.045,0.045,0.012,-0.013,0.000,6,E,0,,,,574694,166.16,0
32,72.689,"Mount",0.058,0.061,-0.027,-0.079,-0.014,-0.028,6,E,12,N,,,545476,143.55,0
33,74.867,"Mount",0.090,-0.028,0.066,-0.067,0.014,-0.025,6,W,11,N,,,575004,143.73,0
34,77.177,"Mount",0.042,-0.083,0.093,0.001,0.027,0.000,11,W,0,,,,559308,162.35,0
35,79.250,"Mount",0.050,-0.009,0.031,-0.040,-0.010,0.000,4,E,0,,,,572774,175.14,0
36,81.750,"Mount",0.152,-0.025,0.093,-0.123,0.044,-0.044,18,W,19,N,,,570102,145.22,0
37,83.924,"Mount",0.025,0.006,0.006,-0.025,0.004,0.000,2,W,0,,,,555164,150.75,0
38,86.285,"Mount",-0.080,0.010,-0.046,0.066,0.005,0.024,2,W,10,S,,,538215,150.22,0
39,88.378,"Mount",-0.009,0.089,-0.083,-0.033,-0.032,0.000,13,E,0,,,,559149,151.31,0
40,90.680,"Mount",-0.058,0.083,-0.101,0.013,-0.048,0.000,20,E,0,,,,590829,170.35,0
41,92.831,"Mount",0.060,0.016,0.014,-0.061,-0.007,-0.022,3,E,9,N,,,582372,173.19,0
42,95.163,"Mount",0.034,-0.072,0.079,0.003,0.020,0.000,8,W,0,,,,563605,154.92,0
43,97.253,"Mount",0.022,-0.003,0.012,-0.018,-0.012,0.000,5,E,0,,,,576759,154.69,0
44,99.514,"Mount",0.061,-0.058,0.080,-0.027,0.022,0.000,9,W,0,,,,567067,158.47,0
45,101.687,"Mount",0.077,0.110,-0.062,-0.119,-0.017,-0.043,7,E,18,N,,,583182,156.41,0
46,103.975,"Mount",0.009,-0.017,0.019,0.000,0.012,0.000,5,W,0,,,,558434,146.45,0
47,106.068,"Mount",0.038,0.056,-0.033,-0.060,-0.003,0.000,1,E,0,,,,563240,137.55,0
48,108.450,"Mount",-0.072,-0.151,0.101,0.133,0.040,0.048,16,W,21,S,,,563291,148.31,0
49,110.532,"Mount",-0.069,0.059,-0.084,0.034,-0.029,0.000,12,E,0,,,,559688,143.12,0
50,112.893,"Mount",-0.093,-0.031,-0.016,0.097,0.008,0.035,3,W,15,S,,,578951,186.73,0
51,114.987,"Mount",-0.125,0.142,-0.184,0.045,-0.070,0.000,29,E,0,,,,557802,142.63,0
52,117.269,"Mount",0.001,0.050,-0.044,-0.024,0.011,0.000,5,W,0,,,,576548,181.21,0
53,119.430,"Mount",-0.099,0.007,-0.052,0.084,0.012,0.030,5,W,13,S,,,564968,152.88,0
54,121.725,"Mount",-0.032,0.112,-0.114,-0.023,-0.065,0.000,27,E,0,,,,567272,166.24,0
55,123.783,"Mount",-0.015,0.059,-0.059,-0.014,-0.015,0.000,6,E,0,,,,566747,149.97,0
56,126.242,"Mount",-0.068,0.293,-0.291,-0.075,-0.117,-0.027,49,E,12,N,,,589652,165.50,0
57,128.351,"Mount",-0.108,0.290,-0.308,-0.038,-0.117,0.000,49,E,0,,,,559878,142.21,0
58,130.674,"Mount",-0.012,0.028,-0.031,-0.002,-0.016,0.000,7,E,0,,,,590844,142.29,0
59,132.770,"Mount",-0.010,0.124,-0.115,-0.048,-0.062,0.000,26,E,0,,,,571304,162.88,0
60,135.076,"Mount",0.009,-0.005,0.008,-0.006,-0.015,0.000,6,E,0,,,,540021,141.64,0
61,137.256,"Mount",-0.014,-0.120,0.101,0.068,0.034,0.024,14,W,10,S,,,566057,162.19,0
62,139.525,"Mount",0.062,-0.030,0.055,-0.041,0.000,0.000,0,,0,,,,552980,154.96,0
63,141.702,"Mount",0.089,-0.086,0.117,-0.039,0.093,0.000,39,W,0,,,,574897,157.43,0
64,144.140,"Mount",0.126,-0.052,0.104,-0.088,0.097,-0.032,40,W,14,N,,,587934,160.21,0
65,146.301,"Mount",0.111,0.014,0.039,-0.105,0.058,-0.039,24,W,17,N,,,564428,147.62,0
66,148.613,"Mount",0.012,0.062,-0.049,-0.039,0.060,0.000,25,W,0,,,,587131,171.49,0
67,150.720,"Mount",-0.045,0.092,-0.103,-0.002,-0.012,0.000,5,E,0,,,,561727,139.65,0
68,153.140,"Mount",0.126,-0.049,0.101,-0.089,0.068,-0.032,28,W,14,N,,,552374,144.15,0
69,155.260,"Mount",0.053,-0.082,0.097,-0.010,0.032,0.000,13,W,0,,,,558937,151.41,0
70,157.597,"Mount",-0.028,-0.029,0.012,0.038,-0.021,0.000,9,E,0,,,,554860,130.31,0
71,159.710,"Mount",0.006,-0.025,0.025,0.006,-0.031,0.000,13,E,0,,,,587773,178.48,0
72,162.040,"Mount",-0.007,0.107,-0.098,-0.043,-0.057,0.000,23,E,0,,,,555525,159.62,0
73,164.214,"Mount",0.045,0.048,-0.022,-0.062,-0.026,-0.022,11,E,10,N,,,577424,159.48,0
74,166.624,"Mount",-0.056,0.167,-0.174,-0.028,-0.138,0.000,57,E,0,,,,573548,190.49,0
75,168.828,"Mount",-0.124,0.094,-0.141,0.066,-0.130,0.024,54,E,10,S,,,623084,164.77,0
76,171.309,"Mount",-0.188,0.227,-0.288,0.062,-0.201,0.023,83,E,10,S,,,572940,151.30,0
77,173.425,"Mount",-0.038,0.125,-0.128,-0.024,-0.135,0.000,56,E,0,,,,599493,177.12,0
78,175.785,"Mount",-0.047,0.045,-0.061,0.021,-0.113,0.000,47,E,0,,,,595802,186.89,0
79,178.059,"Mount",-0.043,0.274,-0.263,-0.088,-0.194,-0.032,80,E,14,N,,,570169,140.91,0
80,180.390,"Mount",-0.010,0.075,-0.072,-0.026,-0.104,0.000,43,E,0,,,,546609,157.49,0
81,182.552,"Mount",-0.002,0.198,-0.176,-0.089,-0.138,-0.032,57,E,14,N,,,576140,215.98,0
82,185.006,"Mount",-0.182,0.203,-0.264,0.068,-0.166,0.023,69,E,10,S,,,546768,156.49,0
83,187.161,"Mount",-0.118,0.206,-0.237,0.009,-0.150,0.000,62,E,0,,,,600351,159.57,0
84,189.485,"Mount",-0.010,0.000,-0.005,0.009,-0.031,0.000,13,E,0,,,,584673,172.86,0
85,191.694,"Mount",-0.087,0.003,-0.043,0.076,-0.006,0.027,2,E,12,S,,,565834,155.18,0
86,194.034,"Mount",-0.041,0.050,-0.063,0.013,-0.020,0.000,8,E,0,,,,569897,137.41,0
87,196.222,"Mount",0.053,0.155,-0.114,-0.119,-0.014,-0.043,6,E,18,N,,,550147,139.21,0
88,198.617,"Mount",0.100,-0.007,0.053,-0.086,0.046,-0.033,19,W,14,N,,,592970,173.99,0
89,200.743,"Mount",0.035,-0.022,0.035,-0.021,-0.004,0.000,2,E,0,,,,563714,172.09,0
90,203.121,"Mount",-0.066,-0.075,0.036,0.093,-0.004,0.034,1,E,14,S,,,550784,129.16,0
91,205.237,"Mount",-0.025,0.030,-0.039,0.009,-0.006,0.000,3,E,0,,,,561247,158.41,0
92,207.616,"Mount",-0.050,0.028,-0.048,0.031,-0.005,0.000,2,E,0,,,,584628,167.48,0
93,209.744,"Mount",-0.030,0.185,-0.178,-0.059,-0.080,0.000,33,E,0,,,,554669,134.86,0
94,212.115,"Mount",-0.139,0.237,-0.274,0.014,-0.128,0.000,53,E,0,,,,580330,166.14,0
95,214.373,"Mount",-0.234,0.270,-0.348,0.083,-0.156,0.030,65,E,13,S,,,577686,170.93,0
96,216.765,"Mount",-0.140,0.277,-0.311,-0.004,-0.158,0.000,65,E,0,,,,561595,136.98,0
97,219.063,"Mount",-0.248,0.796,-0.821,-0.147,-0.370,-0.053,153,E,23,N,,,576661,137.19,0
98,221.372,"Mount",-0.026,-0.008,-0.005,0.027,-0.038,0.000,16,E,0,,,,579302,174.28,0
99,223.515,"Mount",-0.155,0.195,-0.244,0.048,-0.138,0.000,57,E,0,,,,600555,158.28,0
100,226.040,"Mount",-0.504,0.928,-1.056,0.019,-0.520,0.000,216,E,0,,,,553169,141.13,0
101,228.342,"Mount",-0.255,0.632,-0.678,-0.066,-0.345,-0.024,143,E,10,N,,,563826,130.95,0
102,231.018,"Mount",-0.356,0.838,-0.908,-0.071,-0.556,-0.027,231,E,11,N,,,553919,131.65,0
103,233.255,"Mount",-0.288,0.595,-0.661,-0.019,-0.423,0.000,175,E,0,,,,570948,143.78,0
104,235.832,"Mount",-0.128,0.641,-0.628,-0.182,-0.459,-0.065,191,E,28,N,,,572906,163.71,0
105,238.002,"Mount",-0.110,0.088,-0.128,0.057,-0.205,0.000,85,E,0,,,,577258,161.66,0
106,240.410,"Mount",-0.114,0.074,-0.118,0.067,-0.124,0.024,51,E,10,S,,,591909,170.17,0
107,242.583,"Mount",-0.080,0.088,-0.115,0.031,-0.071,0.000,29,E,0,,,,575643,157.04,0
108,244.964,"Mount",-0.257,0.197,-0.293,0.137,-0.100,0.049,41,E,21,S,,,569125,152.28,0
109,247.180,"Mount",-0.152,0.151,-0.204,0.065,0.066,0.025,27,W,11,S,,,557547,141.64,0
110,249.669,"Mount",-0.310,0.420,-0.516,0.081,-0.026,0.030,11,E,13,S,,,571656,157.05,0
111,251.942,"Mount",-0.427,0.853,-0.954,-0.015,-0.264,0.000,110,E,0,,,,559196,154.34,0
112,254.366,"Mount",-0.544,1.014,-1.151,0.014,-0.335,0.000,139,E,0,,,,573411,153.16,0
113,256.758,"Mount",-0.438,0.977,-1.069,-0.063,-0.569,-0.023,236,E,10,N,,,570672,143.38,0
114,259.293,"Mount",-0.165,0.128,-0.190,0.088,-0.201,0.031,83,E,13,S,,,553599,143.21,0
115,261.552,"Mount",-0.144,0.166,-0.214,0.051,-0.323,0.000,134,E,0,,,,557726,170.86,0
116,263.955,"Mount",0.053,0.013,0.013,-0.053,-0.204,0.000,85,E,0,,,,570079,167.03,0
117,266.144,"Mount",-0.021,-0.114,0.091,0.071,0.061,0.026,25,W,11,S,,,560870,144.91,0
118,268.524,"Mount",0.068,-0.127,0.144,-0.002,0.142,0.000,59,W,0,,,,577273,171.20,0
119,270.653,"Mount",-0.071,0.147,-0.164,-0.005,0.039,0.000,16,W,0,,,,579960,157.66,0
120,272.996,"Mount",-0.243,0.242,-0.326,0.104,0.015,0.037,6,W,16,S,,,570442,151.87,0
121,275.205,"Mount",-0.111,0.412,-0.417,-0.092,-0.108,-0.032,45,E,14,N,,,587195,162.87,0
122,277.607,"Mount",-0.297,0.290,-0.395,0.130,-0.075,0.045,31,E,19,S,,,583098,157.99,0
123,279.683,"Mount",-0.113,0.341,-0.354,-0.058,-0.048,0.000,20,E,0,,,,579124,170.09,0
124,282.120,"Mount",-0.163,0.390,-0.421,-0.035,-0.228,0.000,95,E,0,,,,568704,145.14,0
125,284.320,"Mount",-0.013,0.184,-0.170,-0.074,-0.106,-0.027,44,E,11,N,,,565225,153.72,0
126,286.642,"Mount",-0.044,-0.018,-0.005,0.048,0.002,0.000,1,W,0,,,,571763,161.33,0
127,288.799,"Mount",-0.091,0.029,-0.068,0.068,-0.008,0.024,3,E,10,S,,,575153,164.10,0
128,291.225,"Mount",-0.030,-0.088,0.064,0.068,0.111,0.025,46,W,11,S,,,572111,163.24,0
129,293.378,"Mount",-0.115,0.032,-0.081,0.087,0.073,0.032,30,W,14,S,,,576422,176.13,0
130,295.707,"Mount",-0.015,0.101,-0.097,-0.033,0.038,0.000,16,W,0,,,,578397,143.07,0
131,297.832,"Mount",-0.029,0.018,-0.030,0.017,0.094,0.000,39,W,0,,,,532832,144.78,0
132,300.162,"Mount",-0.009,0.144,-0.132,-0.059,-0.002,0.000,1,E,0,,,,566656,153.65,0
133,302.287,"Mount",0.051,-0.129,0.138,0.014,0.127,0.000,53,W,0,,,,558210,158.91,0
134,304.682,"Mount",-0.121,0.072,-0.119,0.074,0.031,0.027,13,W,11,S,,,561218,159.62,0
135,306.886,"Mount",0.132,0.002,0.059,-0.118,0.089,-0.041,37,W,18,N,,,561216,163.20,0
136,309.261,"Mount",0.083,-0.063,0.095,-0.044,0.147,0.000,61,W,0,,,,557869,147.98,0
137,311.362,"Mount",-0.078,0.039,-0.070,0.051,0.025,0.000,10,W,0,,,,558471,152.51,0
138,313.727,"Mount",-0.003,-0.060,0.052,0.030,0.065,0.000,27,W,0,,,,560743,157.11,0
139,315.954,"Mount",0.092,-0.069,0.103,-0.050,0.093,0.000,38,W,0,,,,583697,158.77,0
140,318.305,"Mount",0.123,0.004,0.054,-0.111,0.060,-0.040,25,W,17,N,,,573320,160.85,0
141,320.450,"Mount",0.084,-0.184,0.202,0.010,0.184,0.000,76,W,0,,,,606445,164.54,0
142,322.872,"Mount",0.106,-0.262,0.281,0.027,0.235,0.000,98,W,0,,,,554693,146.76,0
143,327.198,"Mount",0.098,-0.095,0.130,-0.043,0.233,0.000,97,W,0,,,,570952,157.82,0
144,329.363,"Mount",0.030,-0.125,0.125,0.031,0.192,0.000,80,W,0,,,,556620,135.97,0
145,331.751,"Mount",0.009,-0.093,0.087,0.035,0.166,0.000,69,W,0,,,,580224,167.86,0
146,333.925,"Mount",-0.091,-0.004,-0.038,0.083,0.114,0.030,47,W,13,S,,,561066,145.25,0
147,336.285,"Mount",0.108,0.125,-0.062,-0.153,-0.009,-0.054,4,E,23,N,,,576930,173.27,0
148,338.347,"Mount",-0.027,0.052,-0.059,0.000,0.006,0.000,2,W,0,,,,551844,166.76,0
149,340.738,"Mount",-0.037,-0.080,0.054,0.069,-0.033,0.025,14,E,11,S,,,556711,155.65,0
150,342.815,"Mount",-0.029,0.011,-0.023,0.020,-0.033,0.000,14,E,0,,,,559237,153.39,0
151,345.188,"Mount",-0.133,0.013,-0.073,0.112,-0.012,0.040,5,E,17,S,,,565982,152.80,0
152,347.362,"Mount",-0.080,0.000,-0.037,0.070,0.032,0.027,13,W,12,S,,,572142,151.19,0
153,349.687,"Mount",-0.087,0.054,-0.088,0.052,0.011,0.000,4,W,0,,,,559394,141.44,0
154,351.910,"Mount",-0.213,0.115,-0.200,0.135,-0.073,0.049,30,E,21,S,,,570993,151.29,0
155,354.288,"Mount",0.078,0.141,-0.089,-0.135,-0.011,-0.046,5,E,20,N,,,559891,154.04,0
156,356.370,"Mount",-0.022,0.023,-0.030,0.009,0.001,0.000,0,,0,,,,567615,176.23,0
157,358.670,"Mount",-0.014,-0.018,0.010,0.021,0.011,0.000,5,W,0,,,,567894,160.27,0
158,360.817,"Mount",0.053,-0.126,0.137,0.012,0.091,0.000,38,W,0,,,,556322,157.82,0
159,363.158,"Mount",0.018,0.075,-0.058,-0.051,0.043,0.000,18,W,0,,,,578870,149.92,0
160,365.380,"Mount",0.129,-0.068,0.120,-0.082,0.106,-0.030,44,W,13,N,,,566636,166.56,0
161,367.747,"Mount",0.057,-0.088,0.104,-0.010,0.107,0.000,45,W,0,,,,569622,148.85,0
162,369.916,"Mount",-0.138,0.033,-0.093,0.107,0.023,0.039,9,W,17,S,,,562625,136.19,0
163,372.247,"Mount",-0.021,0.038,-0.044,0.001,0.057,0.000,24,W,0,,,,569567,145.89,0
164,374.386,"Mount",0.083,-0.123,0.147,-0.017,0.119,0.000,49,W,0,,,,599617,187.23,0
165,376.837,"Mount",0.227,-0.243,0.320,-0.089,0.136,-0.032,56,W,14,N,,,567907,151.71,0
166,379.000,"Mount",0.096,-0.190,0.213,0.002,0.087,0.000,36,W,0,,,,543478,146.85,0
167,381.521,"Mount",0.171,-0.365,0.402,0.017,0.269,0.000,112,W,0,,,,559509,150.77,0
168,383.723,"Mount",0.161,-0.434,0.459,0.058,0.292,0.000,121,W,0,,,,594806,174.07,0
169,386.201,"Mount",0.330,-0.372,0.482,-0.120,0.335,-0.043,139,W,19,N,,,545886,147.14,0
170,388.364,"Mount",0.226,-0.341,0.407,-0.043,0.288,0.000,119,W,0,,,,560533,141.71,0
171,390.895,"Mount",0.014,-0.393,0.355,0.169,0.330,0.061,137,W,26,S,,,538796,140.66,0
172,393.093,"Mount",0.045,-0.105,0.114,0.008,0.195,0.000,81,W,0,,,,590157,150.25,0
173,395.533,"Mount",-0.028,-0.102,0.077,0.072,0.151,0.026,63,W,11,S,,,579099,181.63,0
174,397.744,"Mount",-0.058,-0.119,0.079,0.107,0.113,0.040,47,W,17,S,,,572164,171.04,0
175,400.154,"Mount",0.051,-0.122,0.131,0.011,0.066,0.000,28,W,0,,,,585964,157.61,0
176,402.336,"Mount",0.151,-0.034,0.100,-0.118,0.022,-0.043,9,W,18,N,,,595164,166.92,0
177,404.627,"Mount",0.049,-0.076,0.090,-0.008,-0.009,0.000,4,E,0,,,,580812,163.09,0
178,406.813,"Mount",0.103,0.068,-0.012,-0.123,-0.042,-0.044,17,E,19,N,,,585543,186.01,0
179,409.128,"Mount",0.022,0.058,-0.042,-0.046,-0.053,0.000,22,E,0,,,,585767,146.22,0
180,411.270,"Mount",0.053,-0.262,0.257,0.074,0.047,0.026,20,W,11,S,,,562073,141.30,0
181,413.615,"Mount",0.154,-0.130,0.186,-0.077,0.015,-0.027,6,W,11,N,,,566643,162.71,0
182,415.701,"Mount",0.063,-0.006,0.034,-0.054,-0.009,0.000,4,E,0,,,,566733,150.07,0
183,418.040,"Mount",-0.094,0.095,-0.127,0.039,-0.060,0.000,25,E,0,,,,571306,155.16,0
184,420.145,"Mount",-0.009,0.005,-0.009,0.005,0.006,0.000,3,W,0,,,,579980,171.48,0
185,422.510,"Mount",0.093,-0.249,0.264,0.033,0.122,0.000,50,W,0,,,,595620,183.52,0
186,424.626,"Mount",-0.089,-0.048,0.002,0.101,0.001,0.036,0,,16,S,,,577671,153.47,0
187,427.013,"Mount",0.029,0.079,-0.057,-0.062,-0.021,-0.021,9,E,9,N,,,576387,157.21,0
188,429.175,"Mount",-0.074,-0.129,0.080,0.126,0.008,0.044,3,W,19,S,,,553298,139.83,0
189,431.502,"Mount",0.098,-0.118,0.149,-0.032,0.036,0.000,15,W,0,,,,580715,162.87,0
190,433.704,"Mount",0.194,-0.226,0.290,-0.068,0.095,-0.025,39,W,10,N,,,567452,156.09,0
191,436.038,"Mount",0.070,-0.082,0.105,-0.024,0.050,0.000,21,W,0,,,,570384,161.24,0
192,438.215,"Mount",0.107,-0.024,0.070,-0.084,0.034,-0.030,14,W,13,N,,,555364,154.88,0
193,440.542,"Mount",-0.010,-0.070,0.057,0.042,0.025,0.000,10,W,0,,,,565261,151.20,0
194,442.725,"Mount",0.116,-0.081,0.126,-0.065,0.079,-0.024,33,W,10,N,,,547575,150.75,0
195,445.098,"Mount",-0.098,-0.004,-0.041,0.089,0.014,0.031,6,W,13,S,,,583911,155.67,0
196,447.269,"Mount",0.049,0.129,-0.092,-0.103,-0.030,-0.036,12,E,15,N,,,585096,159.13,0
197,449.581,"Mount",-0.019,0.017,-0.024,0.009,0.007,0.000,3,W,0,,,,558323,157.33,0
198,451.679,"Mount",0.009,0.025,-0.018,-0.020,-0.009,0.000,4,E,0,,,,570166,164.28,0
199,454.136,"Mount",-0.154,0.092,-0.153,0.094,-0.085,0.034,35,E,15,S,,,580270,142.75,0
200,456.294,"Mount",-0.070,-0.105,0.061,0.110,-0.003,0.041,1,E,18,S,,,558064,143.18,0
201,458.696,"Mount",-0.084,0.026,-0.062,0.062,-0.072,0.024,30,E,10,S,,,559358,173.40,0
202,460.892,"Mount",-0.088,-0.074,0.025,0.112,-0.055,0.041,23,E,18,S,,,585096,170.31,0
203,463.270,"Mount",0.082,0.019,0.021,-0.081,-0.070,-0.028,29,E,12,N,,,560252,150.86,0
204,465.367,"Mount",-0.012,-0.073,0.059,0.045,-0.070,0.000,29,E,0,,,,561199,165.35,0
205,467.657,"Mount",0.043,-0.045,0.060,-0.017,-0.054,0.000,22,E,0,,,,569754,152.89,0
206,469.760,"Mount",-0.004,0.039,-0.036,-0.015,-0.064,0.000,27,E,0,,,,570090,166.11,0
207,472.082,"Mount",0.032,-0.004,0.018,-0.027,-0.066,0.000,28,E,0,,,,597420,164.01,0
208,474.254,"Mount",-0.084,0.017,-0.054,0.067,-0.060,0.024,25,E,10,S,,,534872,137.70,0
209,476.602,"Mount",0.109,-0.149,0.183,-0.028,0.035,0.000,14,W,0,,,,560927,154.81,0
210,478.760,"Mount",0.035,-0.264,0.251,0.091,0.065,0.033,27,W,14,S,,,584342,174.59,0
211,481.203,"Mount",0.223,-0.102,0.194,-0.151,0.080,-0.053,33,W,23,N,,,570806,148.83,0
212,483.399,"Mount",0.024,-0.179,0.170,0.061,0.091,0.020,38,W,9,S,,,576970,172.66,0
213,485.767,"Mount",0.109,-0.224,0.249,0.006,0.158,0.000,65,W,0,,,,585145,152.31,0
214,487.910,"Mount",0.058,-0.088,0.105,-0.011,0.109,0.000,45,W,0,,,,573332,187.37,0
215,490.262,"Mount",0.014,-0.066,0.065,0.018,0.099,0.000,41,W,0,,,,570586,148.90,0
216,492.362,"Mount",0.057,-0.033,0.056,-0.035,0.068,0.000,28,W,0,,,,586274,150.67,0
217,494.742,"Mount",-0.039,0.062,-0.073,0.007,0.045,0.000,19,W,0,,,,539479,153.81,0
218,496.894,"Mount",0.016,-0.155,0.145,0.057,0.114,0.000,47,W,0,,,,599283,198.63,0
219,499.288,"Mount",-0.057,-0.056,0.024,0.077,0.033,0.028,14,W,12,S,,,603775,175.05,0
220,501.497,"Mount",0.076,-0.304,0.305,0.073,0.131,0.027,54,W,12,S,,,543767,129.18,0
221,503.794,"Mount",0.048,-0.093,0.104,0.001,0.012,0.000,5,W,0,,,,555396,152.73,0
222,505.875,"Mount",0.017,-0.106,0.102,0.034,0.002,0.000,1,W,0,,,,563094,155.16,0
223,508.220,"Mount",-0.018,-0.002,-0.006,0.017,-0.076,0.000,32,E,0,,,,571565,170.40,0
224,510.302,"Mount",0.049,-0.050,0.067,-0.021,-0.055,0.000,23,E,0,,,,565461,159.65,0
225,512.736,"Mount",0.034,0.100,-0.073,-0.076,-0.150,-0.027,62,E,12,N,,,557693,141.37,0
226,514.879,"Mount",0.012,-0.048,0.048,0.012,-0.138,0.000,57,E,0,,,,562437,143.26,0
227,517.242,"Mount",-0.010,-0.095,0.079,0.052,-0.115,0.000,48,E,0,,,,568890,158.18,0
228,519.542,"Mount",-0.185,0.067,-0.144,0.134,-0.219,0.048,91,E,21,S,,,576958,148.93,0
229,521.926,"Mount",-0.043,0.003,-0.022,0.037,-0.156,0.000,65,E,0,,,,587774,153.38,0
230,524.142,"Mount",-0.113,0.059,-0.104,0.073,-0.187,0.026,77,E,11,S,,,593021,201.06,0
231,526.520,"Mount",0.037,-0.049,0.061,-0.010,-0.111,0.000,46,E,0,,,,544417,131.94,0
232,528.720,"Mount",-0.072,0.139,-0.157,-0.000,-0.187,0.000,77,E,0,,,,571512,169.96,0
233,531.158,"Mount",-0.114,-0.060,0.001,0.128,-0.107,0.046,44,E,20,S,,,572583,142.38,0
234,533.260,"Mount",0.030,0.028,-0.011,-0.040,-0.087,0.000,36,E,0,,,,598541,172.43,0
235,535.650,"Mount",0.051,0.052,-0.023,-0.069,-0.093,-0.025,39,E,11,N,,,570508,144.77,0
236,537.798,"Mount",0.007,-0.016,0.018,0.002,-0.077,0.000,32,E,0,,,,553944,172.86,0
237,540.352,"Mount",0.148,0.114,-0.033,-0.184,-0.065,-0.066,27,E,28,N,,,570748,161.22,0
238,542.451,"Mount",-0.013,0.043,-0.044,-0.008,-0.049,0.000,20,E,0,,,,584007,144.02,0
239,544.767,"Mount",-0.023,0.014,-0.023,0.013,-0.034,0.000,14,E,0,,,,577295,167.80,0
240,546.924,"Mount",-0.078,-0.083,0.038,0.108,-0.012,0.039,5,E,17,S,,,601037,170.45,0
241,549.217,"Mount",-0.039,0.007,-0.024,0.031,-0.002,0.000,1,E,0,,,,595613,194.77,0
242,551.394,"Mount",0.094,-0.003,0.046,-0.082,0.033,-0.029,14,W,13,N,,,573119,152.90,0
243,553.761,"Mount",-0.010,0.172,-0.158,-0.071,-0.040,-0.027,17,E,11,N,,,568718,179.57,0
244,555.887,"Mount",-0.115,-0.010,-0.044,0.106,0.007,0.037,3,W,16,S,,,600328,177.94,0
245,558.254,"Mount",-0.128,0.298,-0.323,-0.024,-0.165,0.000,68,E,0,,,,580638,155.24,0
246,560.394,"Mount",-0.110,0.314,-0.329,-0.048,-0.246,0.000,102,E,0,,,,511129,133.91,0
247,562.873,"Mount",-0.062,-0.018,-0.012,0.063,-0.156,0.023,65,E,10,S,,,586548,144.39,0
248,565.089,"Mount",-0.016,0.065,-0.065,-0.015,-0.267,0.000,111,E,0,,,,592585,174.91,0
249,567.600,"Mount",-0.073,-0.039,0.001,0.083,-0.294,0.030,122,E,13,S,,,567108,154.20,0
250,569.826,"Mount",0.012,-0.085,0.081,0.029,-0.286,0.000,119,E,0,,,,557099,139.26,0
251,572.283,"Mount",-0.023,-0.003,-0.008,0.021,-0.305,0.000,126,E,0,,,,567570,145.82,0
252,574.519,"Mount",0.009,0.022,-0.016,-0.018,-0.299,0.000,124,E,0,,,,542759,152.73,0
253,576.919,"Mount",0.013,0.038,-0.028,-0.029,-0.238,0.000,99,E,0,,,,556716,147.44,0
254,579.081,"Mount",0.012,-0.019,0.022,-0.002,-0.196,0.000,81,E,0,,,,546927,148.78,0
255,581.501,"Mount",-0.128,0.104,-0.151,0.066,-0.207,0.024,86,E,10,S,,,570056,178.13,0
256,583.706,"Mount",-0.188,0.054,-0.135,0.142,-0.156,0.052,65,E,22,S,,,549468,144.14,0
257,586.081,"Mount",-0.017,0.122,-0.116,-0.041,-0.158,0.000,65,E,0,,,,565904,161.68,0
258,588.258,"Mount",-0.075,0.248,-0.255,-0.048,-0.195,0.000,81,E,0,,,,547014,138.34,0
259,590.731,"Mount",-0.166,0.020,-0.094,0.139,-0.192,0.050,79,E,21,S,,,577630,171.99,0
260,592.918,"Mount",-0.050,0.197,-0.198,-0.047,-0.242,0.000,100,E,0,,,,583149,163.79,0
261,595.561,"Mount",0.034,0.344,-0.290,-0.190,-0.345,-0.068,143,E,29,N,,,564977,148.53,0
262,597.817,"Mount",0.027,0.072,-0.052,-0.057,-0.233,0.000,97,E,0,,,,568077,140.96,0
263,600.183,"Mount",-0.026,-0.023,0.009,0.034,-0.252,0.000,104,E,0,,,,577252,151.03,0
264,602.337,"Mount",-0.018,0.006,-0.014,0.013,-0.239,0.000,99,E,0,,,,570003,163.59,0
265,604.739,"Mount",-0.017,0.093,-0.090,-0.028,-0.286,0.000,119,E,0,,,,583808,146.19,0
266,606.851,"Mount",0.015,-0.003,0.010,-0.012,-0.129,0.000,53,E,0,,,,542467,144.98,0
267,609.214,"Mount",0.012,0.059,-0.047,-0.038,-0.111,0.000,46,E,0,,,,580925,147.37,0
268,611.345,"Mount",-0.041,-0.032,0.010,0.052,-0.047,0.000,20,E,0,,,,561151,155.64,0
269,613.709,"Mount",0.120,-0.034,0.086,-0.091,0.018,-0.033,7,W,14,N,,,562946,153.39,0
270,615.822,"Mount",-0.006,-0.026,0.020,0.017,-0.038,0.000,16,E,0,,,,572951,154.25,0
271,618.261,"Mount",-0.285,0.038,-0.165,0.235,-0.092,0.085,38,E,36,S,,,574819,152.42,0
272,620.476,"Mount",-0.150,0.007,-0.076,0.130,-0.095,0.050,39,E,21,S,,,548994,153.44,0
273,622.908,"Mount",-0.024,0.181,-0.172,-0.063,-0.129,-0.021,53,E,9,N,,,605583,153.32,0
274,625.053,"Mount",-0.062,0.037,-0.062,0.038,-0.125,0.000,52,E,0,,,,560533,142.13,0
275,627.385,"Mount",-0.029,-0.042,0.024,0.045,-0.092,0.000,38,E,0,,,,610681,178.48,0
276,629.512,"Mount",0.041,-0.016,0.033,-0.028,-0.083,0.000,34,E,0,,,,571918,167.28,0
277,631.844,"Mount",-0.003,0.042,-0.039,-0.017,-0.062,0.000,26,E,0,,,,551541,150.30,0
278,636.303,"Mount",-0.059,-0.018,-0.012,0.060,-0.057,0.022,23,E,9,S,,,575144,152.64,0
279,638.406,"Mount",-0.053,0.068,-0.085,0.016,-0.026,0.000,11,E,0,,,,564359,168.26,0
280,640.715,"Mount",-0.055,0.067,-0.085,0.018,-0.005,0.000,2,E,0,,,,573140,151.10,0
281,642.736,"Mount",-0.050,0.082,-0.096,0.007,0.001,0.000,0,,0,,,,569614,177.36,0
282,645.170,"Mount",-0.144,-0.055,-0.017,0.153,0.015,0.055,6,W,24,S,,,583056,170.82,0
283,647.334,"Mount",-0.071,-0.051,0.013,0.087,0.023,0.033,9,W,14,S,,,596587,152.34,0
284,649.705,"Mount",0.099,-0.247,0.265,0.026,0.159,0.000,66,W,0,,,,589376,158.85,0
285,651.805,"Mount",-0.058,0.078,-0.096,0.015,0.006,0.000,3,W,0,,,,580425,179.40,0
286,654.268,"Mount",0.043,0.065,-0.038,-0.069,0.066,-0.025,28,W,11,N,,,547966,129.73,0
287,656.511,"Mount",0.030,-0.225,0.213,0.077,0.188,0.027,78,W,12,S,,,549007,142.99,0
288,658.925,"Mount",0.104,0.080,-0.023,-0.129,0.110,-0.046,46,W,19,N,,,574971,166.57,0
289,661.020,"Mount",0.026,0.047,-0.030,-0.045,0.140,0.000,58,W,0,,,,556551,138.34,0
290,663.424,"Mount",0.079,-0.199,0.213,0.022,0.254,0.000,105,W,0,,,,593095,172.51,0
291,665.653,"Mount",-0.056,-0.129,0.089,0.109,0.192,0.039,80,W,17,S,,,586316,160.02,0
292,668.027,"Mount",-0.028,0.012,-0.024,0.019,0.166,0.000,69,W,0,,,,590941,151.84,0
293,670.200,"Mount",0.032,0.029,-0.011,-0.042,0.179,0.000,74,W,0,,,,591184,162.90,0
294,672.704,"Mount",-0.176,-0.214,0.109,0.255,0.222,0.092,92,W,39,S,,,563500,154.85,0
295,674.907,"Mount",0.006,0.120,-0.103,-0.061,0.112,-0.018,47,W,8,N,,,595584,146.85,0
296,677.334,"Mount",0.056,0.053,-0.021,-0.074,0.108,-0.027,45,W,12,N,,,573822,170.12,0
297,679.441,"Mount",0.052,-0.108,0.120,0.004,0.132,0.000,55,W,0,,,,562138,147.80,0
298,681.865,"Mount",-0.094,0.056,-0.093,0.057,-0.042,0.000,17,E,0,,,,565056,151.70,0
299,683.915,"Mount",-0.044,-0.008,-0.013,0.043,-0.025,0.000,10,E,0,,,,557678,145.14,0
300,686.259,"Mount",0.001,-0.031,0.028,0.013,-0.039,0.000,16,E,0,,,,609218,159.33,0
301,688.525,"Mount",-0.027,-0.080,0.059,0.061,-0.047,0.022,20,E,9,S,,,575337,169.00,0
302,690.905,"Mount",-0.125,0.108,-0.153,0.061,-0.076,0.023,32,E,10,S,,,578775,153.01,0
303,692.987,"Mount",0.024,-0.097,0.098,0.024,0.042,0.000,17,W,0,,,,556385,153.29,0
304,695.251,"Mount",-0.020,-0.047,0.033,0.039,0.022,0.000,9,W,0,,,,554284,138.96,0
305,697.345,"Mount",-0.009,-0.076,0.063,0.043,0.057,0.000,24,W,0,,,,589499,168.10,0
306,699.705,"Mount",-0.083,-0.030,-0.012,0.087,0.040,0.031,17,W,13,S,,,557036,163.95,0
307,701.769,"Mount",0.001,0.117,-0.103,-0.055,0.002,0.000,1,W,0,,,,566789,164.76,0
308,704.066,"Mount",-0.025,0.028,-0.037,0.010,0.053,0.000,22,W,0,,,,590071,149.49,0
309,706.281,"Mount",-0.156,-0.062,-0.017,0.167,0.021,0.060,9,W,26,S,,,558397,144.20,0
310,708.602,"Mount",0.008,-0.115,0.106,0.046,0.071,0.000,30,W,0,,,,564129,159.37,0
311,710.714,"Mount",0.079,-0.075,0.103,-0.035,0.065,0.000,27,W,0,,,,570896,157.65,0
312,713.041,"Mount",0.018,0.053,-0.039,-0.040,0.028,0.000,11,W,0,,,,562806,146.15,0
313,715.120,"Mount",-0.011,0.062,-0.060,-0.019,0.030,0.000,12,W,0,,,,581483,155.06,0
314,717.432,"Mount",0.103,-0.073,0.113,-0.058,0.133,0.000,55,W,0,,,,585873,146.35,0
315,719.600,"Mount",0.064,0.080,-0.041,-0.094,0.103,-0.034,43,W,14,N,,,539589,152.42,0
316,721.983,"Mount",0.006,0.007,-0.003,-0.008,0.137,0.000,57,W,0,,,,562622,149.33,0
317,724.171,"Mount",0.056,0.039,-0.008,-0.068,0.162,-0.024,67,W,10,N,,,573626,158.00,0
318,726.582,"Mount",0.106,-0.117,0.152,-0.040,0.262,0.000,109,W,0,,,,590489,177.22,0
319,728.785,"Mount",0.041,-0.162,0.162,0.039,0.289,0.000,120,W,0,,,,590013,156.68,0
320,731.316,"Mount",-0.075,-0.186,0.131,0.153,0.307,0.055,127,W,23,S,,,592274,169.94,0
321,733.556,"Mount",-0.194,-0.040,-0.054,0.190,0.241,0.071,100,W,30,S,,,571319,149.96,0
322,736.072,"Mount",0.161,-0.006,0.079,-0.140,0.285,-0.048,118,W,20,N,,,579550,152.57,0
323,738.433,"Mount",0.204,-0.081,0.166,-0.144,0.289,-0.054,120,W,23,N,,,599147,188.10,0
324,740.838,"Mount",-0.009,-0.019,0.013,0.017,0.183,0.000,76,W,0,,,,566354,145.14,0
325,743.058,"Mount",-0.086,-0.007,-0.034,0.080,0.132,0.029,55,W,12,S,,,560004,152.89,0
326,745.481,"Mount",-0.139,-0.104,0.028,0.172,0.102,0.063,42,W,27,S,,,561458,151.31,0
327,747.638,"Mount",-0.061,-0.030,-0.002,0.068,0.061,0.027,25,W,12,S,,,574117,172.96,0
328,749.963,"Mount",-0.006,0.127,-0.116,-0.053,-0.026,0.000,11,E,0,,,,573342,157.74,0
329,752.066,"Mount",0.023,0.015,-0.003,-0.027,-0.008,0.000,4,E,0,,,,569068,158.51,0
330,754.349,"Mount",0.014,-0.086,0.083,0.027,0.011,0.000,5,W,0,,,,575629,148.27,0
331,756.490,"Mount",-0.131,-0.051,-0.015,0.139,-0.060,0.050,25,E,21,S,,,573218,137.44,0
332,758.875,"Mount",-0.018,-0.263,0.225,0.137,0.035,0.051,14,W,22,S,,,586899,138.16,0
333,761.067,"Mount",0.232,-0.249,0.328,-0.091,0.106,-0.031,44,W,13,N,,,570368,144.11,0
334,763.411,"Mount",0.121,-0.103,0.148,-0.060,0.030,0.000,13,W,0,,,,576241,162.58,0
335,765.489,"Mount",0.065,-0.038,0.063,-0.040,0.057,0.000,23,W,0,,,,572394,182.03,0
336,767.833,"Mount",0.012,-0.050,0.050,0.013,0.038,0.000,16,W,0,,,,564659,148.82,0
337,770.003,"Mount",-0.068,-0.006,-0.026,0.063,0.039,0.023,16,W,10,S,,,562938,158.34,0
338,772.303,"Mount",0.023,0.031,-0.017,-0.035,0.044,0.000,18,W,0,,,,584700,164.73,0
339,774.473,"Mount",0.059,0.070,-0.036,-0.085,0.044,-0.030,18,W,13,N,,,544984,149.82,0
340,776.950,"Mount",-0.212,0.063,-0.153,0.159,-0.047,0.056,20,E,24,S,,,541264,145.41,0
341,779.018,"Mount",0.006,0.064,-0.054,-0.035,0.020,0.000,8,W,0,,,,557314,147.20,0
342,781.394,"Mount",0.068,-0.094,0.115,-0.017,0.051,0.000,21,W,0,,,,575111,150.76,0
343,783.660,"Mount",0.050,0.124,-0.087,-0.101,-0.044,-0.036,18,E,16,N,,,563269,141.82,0
344,786.002,"Mount",-0.120,-0.025,-0.033,0.118,0.005,0.041,2,W,18,S,,,551180,146.64,0
345,788.023,"Mount",-0.007,-0.049,0.040,0.029,-0.000,0.000,0,,0,,,,587036,191.44,0
346,790.323,"Mount",0.024,0.031,-0.016,-0.036,-0.006,0.000,2,E,0,,,,592337,160.42,0
347,792.486,"Mount",-0.045,-0.046,0.020,0.062,-0.013,0.022,5,E,9,S,,,580127,180.32,0
348,794.829,"Mount",-0.064,-0.094,0.054,0.100,-0.020,0.037,8,E,16,S,,,569265,148.71,0
349,796.985,"Mount",-0.175,-0.079,-0.011,0.192,-0.012,0.071,5,E,30,S,,,577842,172.08,0
350,799.378,"Mount",-0.082,-0.100,0.051,0.119,-0.020,0.046,8,E,19,S,,,562784,166.24,0
351,801.562,"Mount",-0.092,-0.092,0.039,0.124,-0.022,0.047,9,E,20,S,,,567790,138.29,0
352,803.964,"Mount",0.076,0.055,-0.014,-0.093,-0.030,-0.032,12,E,14,N,,,557417,142.06,0
353,806.173,"Mount",-0.119,-0.052,-0.009,0.130,-0.029,0.045,12,E,19,S,,,581371,154.31,0
354,808.531,"Mount",0.028,-0.052,0.059,-0.000,-0.038,0.000,16,E,0,,,,587448,167.73,0
355,810.643,"Mount",0.014,-0.150,0.140,0.056,0.019,0.000,8,W,0,,,,573646,164.32,0
356,813.034,"Mount",-0.080,-0.004,-0.033,0.073,-0.049,0.026,20,E,11,S,,,578135,151.63,0
357,815.205,"Mount",0.105,-0.052,0.094,-0.069,0.001,-0.024,1,W,10,N,,,565481,149.14,0
358,817.590,"Mount",-0.098,0.061,-0.099,0.059,-0.085,0.000,35,E,0,,,,569719,163.30,0
359,819.738,"Mount",-0.048,-0.071,0.041,0.075,-0.033,0.027,14,E,12,S,,,560562,142.16,0
360,822.137,"Mount",-0.043,0.091,-0.100,-0.004,-0.077,0.000,32,E,0,,,,584166,149.30,0
361,824.244,"Mount",-0.084,-0.087,0.038,0.115,-0.017,0.041,7,E,18,S,,,553758,141.69,0
362,826.696,"Mount",0.078,-0.147,0.167,-0.002,0.068,0.000,28,W,0,,,,591770,155.53,0
363,828.893,"Mount",-0.055,-0.222,0.172,0.152,0.086,0.055,36,W,23,S,,,577005,160.72,0
364,831.292,"Mount",-0.132,-0.085,0.015,0.156,0.041,0.058,17,W,25,S,,,573236,155.76,0
365,833.475,"Mount",-0.126,-0.080,0.013,0.149,0.051,0.056,21,W,24,S,,,582600,159.98,0
366,835.741,"Mount",-0.038,0.079,-0.088,-0.002,0.021,0.000,9,W,0,,,,574565,155.29,0
367,837.868,"Mount",-0.058,-0.040,0.009,0.070,0.062,0.025,26,W,11,S,,,569587,159.06,0
368,840.191,"Mount",0.043,-0.163,0.164,0.037,0.126,0.000,52,W,0,,,,560330,154.80,0
369,842.331,"Mount",-0.043,-0.065,0.038,0.068,0.048,0.024,20,W,10,S,,,586458,170.99,0
370,844.725,"Mount",-0.062,-0.051,0.017,0.079,0.018,0.029,7,W,13,S,,,582716,140.05,0
371,846.822,"Mount",0.004,-0.130,0.117,0.057,0.076,0.000,32,W,0,,,,567591,155.76,0
372,849.219,"Mount",-0.082,0.023,-0.058,0.062,0.009,0.022,4,W,10,S,,,556712,137.82,0
373,851.350,"Mount",-0.042,-0.030,0.008,0.051,-0.007,0.000,3,E,0,,,,574154,150.86,0
374,853.655,"Mount",0.032,-0.084,0.089,0.010,0.018,0.000,8,W,0,,,,579874,159.45,0
375,855.848,"Mount",-0.112,0.011,-0.061,0.095,-0.075,0.034,31,E,15,S,,,585201,160.95,0
376,858.263,"Mount",-0.100,-0.001,-0.045,0.089,-0.068,0.033,28,E,14,S,,,577273,163.39,0
377,860.432,"Mount",-0.108,-0.051,-0.004,0.119,-0.087,0.044,36,E,19,S,,,582995,150.66,0
378,862.909,"Mount",-0.160,0.151,-0.208,0.072,-0.211,0.028,88,E,12,S,,,570982,153.73,0
379,865.119,"Mount",-0.124,0.160,-0.199,0.036,-0.233,0.000,97,E,0,,,,563100,151.08,0
380,867.580,"Mount",-0.161,-0.083,-0.001,0.181,-0.165,0.065,68,E,28,S,,,580535,159.13,0
381,869.885,"Mount",-0.178,-0.074,-0.016,0.192,-0.173,0.072,72,E,31,S,,,564225,147.86,0
382,872.308,"Mount",-0.059,0.091,-0.108,0.011,-0.242,0.000,101,E,0,,,,551774,147.96,0
383,874.450,"Mount",-0.074,0.144,-0.162,-0.001,-0.245,0.000,102,E,0,,,,584016,156.10,0
384,876.874,"Mount",-0.053,-0.111,0.074,0.098,-0.114,0.035,47,E,15,S,,,576578,151.31,0
385,879.090,"Mount",-0.055,-0.073,0.039,0.083,-0.121,0.031,50,E,13,S,,,563164,147.78,0
386,881.418,"Mount",0.040,-0.053,0.065,-0.011,-0.051,0.000,21,E,0,,,,568701,153.80,0
387,883.548,"Mount",0.110,-0.046,0.092,-0.076,-0.011,-0.028,5,E,12,N,,,600712,168.32,0
388,885.921,"Mount",0.041,-0.038,0.053,-0.019,-0.042,0.000,18,E,0,,,,588175,167.53,0
389,887.972,"Mount",-0.010,0.055,-0.053,-0.017,-0.023,0.000,10,E,0,,,,569678,160.52,0
390,890.253,"Mount",-0.007,-0.105,0.090,0.055,0.012,0.000,5,W,0,,,,580455,152.34,0
391,892.354,"Mount",-0.017,0.099,-0.096,-0.031,-0.067,0.000,28,E,0,,,,554018,158.54,0
392,894.685,"Mount",0.057,0.011,0.016,-0.056,-0.024,0.000,10,E,0,,,,570132,149.61,0
393,896.823,"Mount",-0.051,0.140,-0.148,-0.019,-0.109,0.000,45,E,0,,,,571492,144.21,0
394,899.214,"Mount",-0.092,-0.011,-0.032,0.087,-0.056,0.031,23,E,13,S,,,559306,150.56,0
395,901.375,"Mount",-0.033,-0.119,0.090,0.084,-0.012,0.031,5,E,13,S,,,566293,151.55,0
396,903.786,"Mount",-0.040,-0.074,0.047,0.070,-0.070,0.026,29,E,11,S,,,557783,146.25,0
397,905.915,"Mount",0.019,0.015,-0.005,-0.024,-0.064,0.000,27,E,0,,,,570156,170.92,0
398,908.297,"Mount",-0.125,0.158,-0.197,0.038,-0.187,0.000,78,E,0,,,,592116,170.88,0
399,910.484,"Mount",-0.067,0.174,-0.185,-0.021,-0.213,0.000,88,E,0,,,,550049,146.60,0
400,912.847,"Mount",-0.043,0.028,-0.044,0.025,-0.172,0.000,71,E,0,,,,578883,144.10,0
401,915.044,"Mount",-0.024,0.056,-0.061,-0.004,-0.246,0.000,102,E,0,,,,589731,156.50,0
402,917.502,"Mount",-0.079,-0.011,-0.026,0.075,-0.258,0.027,107,E,12,S,,,554710,150.51,0
403,919.677,"Mount",-0.077,0.074,-0.102,0.034,-0.322,0.000,134,E,0,,,,572541,149.22,0
404,922.160,"Mount",-0.039,0.198,-0.194,-0.057,-0.379,0.000,157,E,0,,,,586525,186.18,0
405,924.365,"Mount",-0.077,0.219,-0.230,-0.033,-0.391,0.000,162,E,0,,,,569586,147.96,0
406,926.809,"Mount",-0.038,0.024,-0.039,0.022,-0.272,0.000,113,E,0,,,,584448,153.65,0
407,929.082,"Mount",-0.119,-0.009,-0.047,0.110,-0.245,0.040,102,E,17,S,,,567303,171.83,0
408,931.556,"Mount",-0.162,0.239,-0.287,0.034,-0.350,0.000,145,E,0,,,,554742,154.90,0
409,933.726,"Mount",-0.111,0.133,-0.169,0.037,-0.262,0.000,109,E,0,,,,541355,142.03,0
410,936.179,"Mount",-0.087,0.003,-0.042,0.075,-0.197,0.027,82,E,12,S,,,567582,168.48,0
411,938.370,"Mount",-0.104,-0.034,-0.018,0.108,-0.170,0.040,71,E,17,S,,,569958,155.51,0
412,940.793,"Mount",-0.119,0.119,-0.161,0.050,-0.260,0.000,108,E,0,,,,572601,168.13,0
413,945.229,"Mount",-0.143,0.128,-0.179,0.068,-0.304,0.024,126,E,10,S,,,575777,171.19,0
414,947.487,"Mount",-0.082,-0.045,0.002,0.094,-0.170,0.035,70,E,15,S,,,601722,171.47,0
415,949.923,"Mount",-0.150,-0.026,-0.046,0.145,-0.172,0.053,71,E,23,S,,,555209,145.53,0
416,952.051,"Mount",-0.070,0.022,-0.052,0.051,-0.146,0.000,61,E,0,,,,554967,164.35,0
417,954.469,"Mount",-0.049,0.168,-0.172,-0.034,-0.227,0.000,94,E,0,,,,579333,169.96,0
418,956.598,"Mount",-0.104,0.200,-0.226,-0.001,-0.208,0.000,86,E,0,,,,571923,160.17,0
419,959.040,"Mount",-0.063,-0.075,0.038,0.090,-0.106,0.032,44,E,14,S,,,599817,175.95,0
420,961.199,"Mount",-0.081,0.033,-0.067,0.057,-0.154,0.000,64,E,0,,,,568095,153.35,0
421,963.557,"Mount",-0.048,-0.001,-0.021,0.043,-0.115,0.000,48,E,0,,,,571571,149.54,0
422,965.749,"Mount",-0.051,-0.096,0.062,0.089,-0.097,0.032,40,E,14,S,,,576320,157.22,0
423,968.283,"Mount",-0.227,0.012,-0.115,0.196,-0.163,0.072,68,E,31,S,,,588083,160.20,0
424,970.490,"Mount",-0.057,-0.030,0.001,0.064,-0.100,0.026,41,E,11,S,,,590885,143.34,0
425,972.905,"Mount",0.081,0.017,0.022,-0.080,-0.081,-0.028,34,E,12,N,,,581082,166.43,0
426,975.031,"Mount",-0.036,0.006,-0.022,0.029,-0.060,0.000,25,E,0,,,,601205,171.10,0
427,977.375,"Mount",0.032,-0.000,0.015,-0.028,-0.047,0.000,19,E,0,,,,561078,145.56,0
428,979.566,"Mount",-0.058,-0.076,0.041,0.087,-0.034,0.031,14,E,13,S,,,582056,161.95,0
429,981.892,"Mount",0.042,-0.057,0.070,-0.011,0.013,0.000,5,W,0,,,,572006,152.40,0
430,984.053,"Mount",0.058,0.027,0.003,-0.064,-0.012,-0.023,5,E,10,N,,,592151,159.93,0
431,986.412,"Mount",-0.111,-0.114,0.050,0.151,0.011,0.054,5,W,23,S,,,544580,142.07,0
432,988.528,"Mount",-0.016,-0.049,0.036,0.037,0.020,0.000,8,W,0,,,,587646,161.35,0
433,990.910,"Mount",0.066,0.061,-0.024,-0.086,0.021,-0.031,9,W,13,N,,,581932,167.38,0
434,993.022,"Mount",0.008,-0.045,0.043,0.013,0.035,0.000,14,W,0,,,,565486,160.91,0
435,995.331,"Mount",-0.064,0.040,-0.065,0.038,0.009,0.000,4,W,0,,,,569218,175.19,0
436,997.455,"Mount",0.013,-0.107,0.100,0.038,0.100,0.000,41,W,0,,,,557624,147.93,0
437,999.856,"Mount",0.143,-0.223,0.263,-0.024,0.199,0.000,82,W,0,,,,569822,162.91,0
438,1002.020,"Mount",0.099,-0.082,0.118,-0.050,0.145,0.000,60,W,0,,,,572663,168.79,0
439,1004.363,"Mount",0.125,-0.175,0.213,-0.030,0.210,0.000,87,W,0,,,,575932,163.36,0
440,1006.587,"Mount",0.113,-0.077,0.121,-0.065,0.194,-0.023,80,W,10,N,,,568352,147.14,0
441,1009.062,"Mount",0.078,-0.127,0.148,-0.010,0.227,0.000,94,W,0,,,,581512,133.81,0
442,1011.258,"Mount",0.015,-0.071,0.070,0.019,0.194,0.000,81,W,0,,,,585332,151.43,0
443,1013.613,"Mount",0.007,-0.059,0.055,0.021,0.167,0.000,69,W,0,,,,563475,153.45,0
444,1015.739,"Mount",-0.013,0.051,-0.052,-0.012,0.157,0.000,65,W,0,,,,587681,170.81,0
445,1018.100,"Mount",-0.098,0.116,-0.148,0.033,0.087,0.000,36,W,0,,,,584573,163.94,0
446,1020.217,"Mount",0.051,-0.000,0.024,-0.045,0.118,0.000,49,W,0,,,,566281,146.48,0
447,1022.653,"Mount",0.124,0.034,0.027,-0.126,0.105,-0.045,44,W,19,N,,,572173,141.50,0
448,1024.814,"Mount",0.044,0.017,0.005,-0.047,0.084,0.000,35,W,0,,,,561366,135.45,0
449,1027.123,"Mount",-0.029,0.017,-0.028,0.018,0.060,0.000,25,W,0,,,,593957,153.17,0
450,1029.277,"Mount",-0.126,-0.013,-0.047,0.118,0.040,0.042,17,W,18,S,,,571982,148.78,0
451,1031.592,"Mount",-0.010,-0.058,0.047,0.036,0.003,0.000,1,W,0,,,,572039,152.04,0
452,1033.734,"Mount",-0.158,-0.026,-0.050,0.153,-0.008,0.055,3,E,23,S,,,589829,158.36,0
453,1035.991,"Mount",-0.008,-0.055,0.045,0.033,-0.000,0.000,0,,0,,,,569696,168.95,0
454,1038.106,"Mount",-0.007,-0.006,0.002,0.009,-0.002,0.000,1,E,0,,,,575164,167.20,0
455,1040.420,"Mount",-0.006,0.101,-0.093,-0.041,-0.021,0.000,9,E,0,,,,574071,157.55,0
456,1042.553,"Mount",0.035,-0.100,0.105,0.015,0.070,0.000,29,W,0,,,,575652,152.85,0
457,1044.924,"Mount",-0.126,0.048,-0.101,0.090,-0.017,0.032,7,E,14,S,,,551028,140.75,0
458,1047.035,"Mount",-0.005,-0.008,0.005,0.009,0.035,0.000,14,W,0,,,,585364,149.66,0
459,1049.350,"Mount",-0.042,-0.036,0.013,0.054,0.039,0.000,16,W,0,,,,605612,157.86,0
460,1051.475,"Mount",0.081,-0.097,0.124,-0.027,0.079,0.000,33,W,0,,,,528003,124.54,0
461,1053.803,"Mount",0.004,0.058,-0.050,-0.030,0.023,0.000,10,W,0,,,,575000,151.86,0
462,1055.932,"Mount",0.126,0.040,0.023,-0.130,0.021,-0.047,9,W,20,N,,,586356,160.42,0
463,1058.250,"Mount",0.030,-0.086,0.090,0.014,0.063,0.000,26,W,0,,,,600736,199.75,0
464,1060.310,"Mount",-0.017,-0.026,0.015,0.027,0.019,0.000,8,W,0,,,,563299,146.07,0
465,1062.694,"Mount",0.060,-0.219,0.222,0.047,0.132,0.000,55,W,0,,,,551570,148.04,0
466,1064.940,"Mount",0.066,-0.321,0.315,0.090,0.194,0.032,81,W,14,S,,,577926,150.12,0
467,1067.411,"Mount",0.035,-0.309,0.290,0.112,0.237,0.041,98,W,18,S,,,546977,146.29,0
468,1069.662,"Mount",-0.030,-0.279,0.234,0.155,0.246,0.058,102,W,25,S,,,577189,151.91,0
469,1072.097,"Mount",0.064,-0.026,0.052,-0.044,0.213,0.000,88,W,0,,,,611836,181.82,0
470,1074.357,"Mount",0.073,-0.161,0.177,0.009,0.320,0.000,133,W,0,,,,573037,202.73,0
471,1076.815,"Mount",0.077,-0.111,0.134,-0.017,0.326,0.000,135,W,0,,,,564846,149.37,0
472,1078.995,"Mount",-0.035,-0.020,0.002,0.040,0.269,0.000,111,W,0,,,,555122,147.48,0
473,1081.469,"Mount",0.059,-0.056,0.077,-0.027,0.307,0.000,127,W,0,,,,571417,205.45,0
474,1083.614,"Mount",-0.040,-0.027,0.005,0.048,0.241,0.000,100,W,0,,,,557605,139.57,0
475,1086.102,"Mount",-0.065,-0.039,0.005,0.075,0.206,0.027,86,W,12,S,,,584296,148.81,0
476,1088.240,"Mount",-0.007,-0.083,0.071,0.044,0.189,0.000,79,W,0,,,,581050,166.09,0
477,1090.614,"Mount",0.003,0.072,-0.062,-0.036,0.097,0.000,40,W,0,,,,556255,161.41,0
478,1092.830,"Mount",-0.147,0.033,-0.097,0.115,0.034,0.041,14,W,18,S,,,547458,131.07,0
479,1095.143,"Mount",-0.062,0.037,-0.061,0.038,0.025,0.000,10,W,0,,,,577928,158.79,0
480,1097.321,"Mount",-0.058,-0.107,0.069,0.101,0.056,0.036,23,W,16,S,,,568571,156.68,0
481,1099.660,"Mount",-0.038,-0.028,0.007,0.047,0.009,0.000,4,W,0,,,,591272,170.72,0
482,1101.758,"Mount",-0.056,0.078,-0.095,0.014,-0.043,0.000,18,E,0,,,,553930,143.41,0
483,1104.112,"Mount",-0.034,0.008,-0.023,0.027,-0.002,0.000,1,E,0,,,,549914,142.83,0
484,1106.256,"Mount",-0.049,0.019,-0.040,0.035,-0.017,0.000,7,E,0,,,,578562,160.41,0
485,1108.603,"Mount",-0.087,-0.042,-0.002,0.097,-0.015,0.035,6,E,15,S,,,573126,147.39,0
486,1110.793,"Mount",-0.067,-0.161,0.112,0.134,0.047,0.049,20,W,21,S,,,590334,164.29,0
487,1113.190,"Mount",-0.035,-0.138,0.106,0.095,0.047,0.036,19,W,15,S,,,565464,163.01,0
488,1115.341,"Mount",-0.057,-0.068,0.034,0.082,0.017,0.031,7,W,13,S,,,563514,137.90,0
489,1117.699,"Mount",0.010,-0.069,0.066,0.023,0.047,0.000,20,W,0,,,,558678,165.36,0
490,1119.894,"Mount",-0.050,-0.210,0.163,0.141,0.089,0.051,37,W,22,S,,,574754,164.77,0
491,1122.236,"Mount",0.043,-0.105,0.113,0.010,0.072,0.000,30,W,0,,,,572311,154.83,0
492,1124.339,"Mount",0.025,-0.149,0.143,0.047,0.084,0.000,35,W,0,,,,594968,162.55,0
493,1126.728,"Mount",0.048,0.073,-0.043,-0.076,0.024,-0.027,10,W,12,N,,,535742,133.56,0
494,1128.776,"Mount",0.057,0.014,0.014,-0.057,0.024,0.000,10,W,0,,,,581294,176.79,0
495,1131.148,"Mount",-0.074,0.007,-0.040,0.062,0.013,0.022,5,W,10,S,,,580144,174.79,0
496,1133.278,"Mount",0.052,-0.110,0.121,0.005,0.066,0.000,27,W,0,,,,585576,174.71,0
497,1135.654,"Mount",-0.133,-0.020,-0.044,0.127,0.011,0.046,5,W,20,S,,,574331,157.66,0
498,1137.829,"Mount",-0.021,-0.096,0.076,0.063,0.040,0.024,17,W,10,S,,,555396,145.02,0
499,1140.148,"Mount",-0.038,0.008,-0.025,0.030,0.012,0.000,5,W,0,,,,586671,164.97,0
500,1142.294,"Mount",-0.061,-0.019,-0.011,0.063,0.003,0.023,1,W,10,S,,,568051,160.19,0
501,1144.628,"Mount",-0.040,0.070,-0.080,0.003,-0.041,0.000,17,E,0,,,,568041,154.47,0
502,1146.689,"Mount",-0.042,-0.012,-0.009,0.043,-0.009,0.000,4,E,0,,,,565496,150.90,0
503,1149.081,"Mount",0.037,0.068,-0.043,-0.064,-0.019,-0.023,8,E,10,N,,,571098,170.13,0
504,1151.274,"Mount",-0.043,-0.095,0.064,0.082,-0.003,0.028,1,E,12,S,,,574775,155.08,0
505,1153.614,"Mount",-0.034,0.022,-0.035,0.020,-0.040,0.000,17,E,0,,,,559158,154.57,0
506,1155.722,"Mount",0.046,-0.033,0.051,-0.026,-0.045,0.000,19,E,0,,,,555074,140.32,0
507,1158.047,"Mount",-0.007,0.023,-0.023,-0.005,-0.052,0.000,22,E,0,,,,571548,153.57,0
508,1160.176,"Mount",-0.042,-0.013,-0.008,0.043,-0.049,0.000,20,E,0,,,,603881,181.11,0
509,1162.635,"Mount",-0.045,-0.083,0.053,0.078,-0.050,0.028,21,E,12,S,,,558858,143.28,0
510,1164.742,"Mount",0.010,-0.066,0.063,0.022,-0.017,0.000,7,E,0,,,,564664,150.24,0
511,1167.159,"Mount",-0.126,0.039,-0.093,0.094,-0.077,0.034,32,E,14,S,,,570876,145.72,0
512,1169.223,"Mount",0.000,-0.109,0.097,0.050,0.018,0.000,7,W,0,,,,580925,165.17,0
513,1171.535,"Mount",0.049,-0.172,0.175,0.036,0.068,0.000,28,W,0,,,,566359,146.50,0
514,1173.555,"Mount",-0.039,0.013,-0.030,0.028,0.001,0.000,0,,0,,,,609170,165.66,0
515,1176.013,"Mount",-0.121,-0.260,0.175,0.227,0.105,0.082,44,W,35,S,,,583336,156.25,0
516,1178.249,"Mount",0.023,-0.249,0.232,0.095,0.143,0.037,59,W,16,S,,,575770,145.31,0
517,1180.689,"Mount",0.002,-0.147,0.132,0.066,0.107,0.025,44,W,11,S,,,569364,141.16,0
518,1182.860,"Mount",-0.008,-0.121,0.103,0.063,0.100,0.024,41,W,10,S,,,567776,155.86,0
519,1185.237,"Mount",0.125,-0.123,0.167,-0.054,0.146,0.000,60,W,0,,,,539114,132.28,0
520,1187.369,"Mount",-0.013,-0.016,0.008,0.019,0.070,0.000,29,W,0,,,,579188,172.74,0
521,1189.715,"Mount",-0.038,0.037,-0.050,0.016,0.070,0.000,29,W,0,,,,571941,157.16,0
522,1191.935,"Mount",-0.027,-0.155,0.125,0.096,0.121,0.034,50,W,15,S,,,553971,137.15,0
523,1194.265,"Mount",0.082,-0.069,0.099,-0.041,0.100,0.000,41,W,0,,,,579109,170.92,0
524,1196.379,"Mount",0.060,0.032,-0.001,-0.068,0.028,-0.024,11,W,10,N,,,557300,157.61,0
525,1198.705,"Mount",0.015,-0.016,0.021,-0.006,0.007,0.000,3,W,0,,,,559365,151.88,0
526,1200.846,"Mount",-0.075,0.090,-0.115,0.025,-0.076,0.000,31,E,0,,,,575315,158.28,0
527,1203.269,"Mount",-0.084,-0.015,-0.026,0.082,-0.050,0.029,21,E,13,S,,,543510,141.59,0
528,1205.447,"Mount",-0.037,0.168,-0.166,-0.045,-0.148,0.000,62,E,0,,,,601039,157.03,0
529,1207.887,"Mount",0.030,0.087,-0.063,-0.067,-0.132,-0.024,55,E,10,N,,,568947,171.45,0
530,1210.137,"Mount",-0.051,0.146,-0.153,-0.022,-0.188,0.000,78,E,0,,,,536003,130.21,0
531,1212.479,"Mount",-0.059,0.018,-0.043,0.044,-0.142,0.000,59,E,0,,,,557289,132.60,0
532,1214.650,"Mount",-0.089,0.133,-0.160,0.018,-0.219,0.000,91,E,0,,,,574932,160.12,0
533,1217.120,"Mount",-0.122,0.171,-0.208,0.029,-0.262,0.000,109,E,0,,,,562553,143.30,0
534,1219.320,"Mount",-0.094,0.032,-0.072,0.069,-0.197,0.025,82,E,11,S,,,565310,171.86,0
535,1221.844,"Mount",-0.111,0.022,-0.070,0.088,-0.198,0.033,82,E,14,S,,,584384,156.55,0
536,1224.027,"Mount",-0.010,0.040,-0.040,-0.010,-0.151,0.000,63,E,0,,,,555192,169.97,0
537,1226.437,"Mount",0.024,0.093,-0.071,-0.064,-0.161,-0.023,67,E,10,N,,,573097,165.09,0
538,1228.574,"Mount",-0.006,0.031,-0.030,-0.009,-0.105,0.000,44,E,0,,,,566452,176.02,0
539,1231.059,"Mount",-0.120,0.031,-0.083,0.092,-0.127,0.033,53,E,14,S,,,553144,155.13,0
540,1233.179,"Mount",0.067,-0.092,0.112,-0.017,-0.016,0.000,7,E,0,,,,568000,165.81,0
541,1235.543,"Mount",-0.043,0.076,-0.087,0.003,-0.093,0.000,39,E,0,,,,571764,171.68,0
542,1237.825,"Mount",-0.076,-0.134,0.084,0.129,-0.002,0.047,1,E,20,S,,,542270,144.57,0
543,1240.130,"Mount",-0.013,-0.055,0.043,0.036,-0.031,0.000,13,E,0,,,,580938,153.35,0
544,1242.239,"Mount",0.004,-0.054,0.050,0.021,-0.025,0.000,10,E,0,,,,559110,156.84,0
545,1244.634,"Mount",-0.059,-0.073,0.037,0.085,-0.035,0.031,14,E,13,S,,,541544,135.50,0
546,1246.718,"Mount",-0.025,-0.023,0.008,0.033,-0.033,0.000,14,E,0,,,,564285,141.95,0
547,1249.079,"Mount",-0.124,0.232,-0.263,0.003,-0.172,0.000,71,E,0,,,,576373,153.62,0
548,1251.209,"Mount",-0.061,0.188,-0.195,-0.032,-0.155,0.000,64,E,0,,,,558483,158.70,0
549,1255.832,"Mount",-0.078,0.307,-0.309,-0.073,-0.285,-0.026,118,E,11,N,,,548431,129.74,0
550,1258.262,"Mount",-0.124,0.225,-0.257,0.006,-0.276,0.000,115,E,0,,,,566053,147.17,0
551,1260.442,"Mount",-0.101,0.117,-0.150,0.036,-0.258,0.000,107,E,0,,,,567815,162.90,0
552,1262.845,"Mount",-0.097,0.213,-0.234,-0.012,-0.330,0.000,137,E,0,,,,565487,149.96,0
553,1265.058,"Mount",-0.061,0.219,-0.222,-0.047,-0.344,0.000,143,E,0,,,,563933,153.14,0
554,1267.660,"Mount",-0.114,0.020,-0.070,0.091,-0.312,0.033,129,E,14,S,,,574192,170.23,0
555,1270.027,"Mount",-0.093,-0.105,0.050,0.131,-0.303,0.048,126,E,21,S,,,567217,162.83,0
556,1272.461,"Mount",-0.089,0.058,-0.092,0.052,-0.354,0.000,147,E,0,,,,561264,149.17,0
557,1274.793,"Mount",-0.177,-0.014,-0.069,0.164,-0.330,0.059,137,E,25,S,,,581057,158.52,0
558,1277.240,"Mount",-0.094,0.082,-0.116,0.045,-0.322,0.000,134,E,0,,,,587093,145.97,0
559,1279.427,"Mount",-0.019,0.030,-0.035,0.003,-0.235,0.000,98,E,0,,,,595458,143.99,0
560,1281.873,"Mount",-0.104,0.137,-0.169,0.029,-0.290,0.000,121,E,0,,,,583094,157.07,0
561,1284.055,"Mount",-0.075,0.026,-0.057,0.055,-0.185,0.000,77,E,0,,,,568395,161.97,0
562,1286.528,"Mount",-0.036,0.198,-0.193,-0.059,-0.266,0.000,110,E,0,,,,545508,139.75,0
563,1288.674,"Mount",-0.085,0.046,-0.080,0.055,-0.190,0.000,79,E,0,,,,566101,151.63,0
564,1291.033,"Mount",-0.044,0.195,-0.193,-0.051,-0.250,0.000,104,E,0,,,,572436,144.39,0
565,1293.242,"Mount",-0.202,0.380,-0.430,0.004,-0.345,0.000,143,E,0,,,,559587,145.86,0
566,1295.766,"Mount",-0.249,0.185,-0.279,0.135,-0.307,0.049,127,E,21,S,,,575227,162.63,0
567,1298.003,"Mount",-0.109,0.051,-0.095,0.073,-0.217,0.028,90,E,12,S,,,545864,136.51,0
568,1300.431,"Mount",-0.103,-0.103,0.044,0.139,-0.212,0.051,88,E,22,S,,,573961,159.50,0
569,1302.621,"Mount",0.031,-0.069,0.076,0.004,-0.172,0.000,71,E,0,,,,559215,136.50,0
570,1305.013,"Mount",0.006,0.024,-0.019,-0.016,-0.215,0.000,89,E,0,,,,549993,136.68,0
571,1307.122,"Mount",0.040,-0.108,0.114,0.015,-0.119,0.000,50,E,0,,,,563243,144.10,0
572,1309.517,"Mount",-0.014,0.050,-0.051,-0.011,-0.171,0.000,71,E,0,,,,571753,150.33,0
573,1311.578,"Mount",0.056,-0.111,0.124,0.002,-0.058,0.000,24,E,0,,,,577389,158.02,0
574,1313.999,"Mount",0.044,-0.023,0.041,-0.028,-0.089,0.000,37,E,0,,,,595822,159.72,0
575,1316.112,"Mount",0.091,-0.103,0.133,-0.033,-0.003,0.000,1,E,0,,,,583658,151.99,0
576,1318.442,"Mount",0.024,0.066,-0.047,-0.052,-0.042,0.000,18,E,0,,,,556458,185.85,0
577,1320.750,"Mount",-0.005,0.142,-0.128,-0.061,-0.104,-0.022,43,E,9,N,,,550269,159.25,0
578,1323.196,"Mount",-0.317,0.045,-0.186,0.261,-0.119,0.093,49,E,40,S,,,584934,152.50,0
579,1325.293,"Mount",-0.055,0.047,-0.067,0.027,-0.086,0.000,36,E,0,,,,595942,171.43,0
580,1327.701,"Mount",-0.105,0.021,-0.067,0.084,-0.079,0.030,33,E,13,S,,,565174,140.79,0
581,1329.919,"Mount",0.045,0.059,-0.032,-0.067,-0.043,-0.023,18,E,10,N,,,547043,144.63,0
582,1332.252,"Mount",-0.048,-0.002,-0.020,0.044,-0.047,0.000,19,E,0,,,,586673,163.60,0
583,1334.423,"Mount",-0.020,0.186,-0.174,-0.068,-0.117,-0.024,48,E,10,N,,,563937,150.48,0
584,1336.822,"Mount",0.090,0.093,-0.041,-0.123,-0.003,-0.045,1,E,19,N,,,577400,137.98,0
585,1338.981,"Mount",0.092,0.018,0.027,-0.090,0.020,-0.034,8,W,15,N,,,563386,149.51,0
586,1341.310,"Mount",0.001,0.066,-0.058,-0.032,0.035,0.000,14,W,0,,,,596257,182.04,0
587,1343.517,"Mount",-0.036,-0.117,0.087,0.085,0.097,0.031,40,W,13,S,,,580389,175.37,0
588,1345.953,"Mount",0.014,-0.184,0.170,0.072,0.152,0.027,63,W,12,S,,,570171,162.49,0
589,1348.153,"Mount",-0.104,0.025,-0.070,0.081,0.064,0.030,26,W,13,S,,,595631,156.57,0
590,1350.606,"Mount",0.003,-0.163,0.146,0.073,0.193,0.027,80,W,12,S,,,574619,169.00,0
591,1352.754,"Mount",0.079,-0.030,0.063,-0.056,0.171,0.000,71,W,0,,,,584024,173.66,0
592,1355.110,"Mount",-0.002,-0.088,0.077,0.043,0.190,0.000,79,W,0,,,,567506,155.82,0
593,1357.300,"Mount",-0.070,-0.056,0.017,0.088,0.157,0.032,65,W,14,S,,,629110,168.75,0
594,1359.690,"Mount",-0.019,0.044,-0.047,-0.004,0.169,0.000,70,W,0,,,,559173,154.49,0
595,1361.942,"Mount",0.098,0.030,0.019,-0.101,0.159,-0.036,66,W,16,N,,,531852,140.01,0
596,1364.270,"Mount",-0.084,0.069,-0.100,0.043,0.103,0.000,43,W,0,,,,589881,157.82,0
597,1366.376,"Mount",0.035,-0.042,0.053,-0.011,0.106,0.000,44,W,0,,,,579748,179.98,0
598,1368.757,"Mount",0.054,-0.064,0.081,-0.019,0.132,0.000,55,W,0,,,,585517,168.18,0
599,1370.868,"Mount",0.076,-0.079,0.105,-0.031,0.117,0.000,49,W,0,,,,591554,156.54,0
600,1373.160,"Mount",-0.018,-0.009,0.000,0.020,0.061,0.000,25,W,0,,,,562580,142.07,0
601,1375.274,"Mount",-0.035,0.053,-0.063,0.006,0.038,0.000,16,W,0,,,,541065,130.17,0
602,1377.682,"Mount",0.080,-0.137,0.159,-0.007,0.129,0.000,54,W,0,,,,558318,150.12,0
603,1380.006,"Mount",0.040,-0.234,0.226,0.073,0.156,0.026,65,W,11,S,,,554948,135.03,0
604,1382.305,"Mount",0.025,-0.107,0.107,0.027,0.100,0.000,41,W,0,,,,558670,146.41,0
605,1384.443,"Mount",-0.050,0.025,-0.045,0.033,0.039,0.000,16,W,0,,,,585073,145.88,0
606,1386.789,"Mount",-0.071,0.174,-0.187,-0.017,-0.061,0.000,25,E,0,,,,568771,158.43,0
607,1388.973,"Mount",-0.093,0.294,-0.304,-0.053,-0.120,0.000,50,E,0,,,,575305,143.68,0
608,1391.409,"Mount",-0.069,0.278,-0.279,-0.067,-0.130,-0.024,54,E,10,N,,,601283,158.46,0
609,1393.535,"Mount",-0.120,0.287,-0.310,-0.026,-0.139,0.000,58,E,0,,,,566974,158.06,0
610,1395.882,"Mount",-0.125,0.124,-0.168,0.053,-0.078,0.000,32,E,0,,,,577889,160.59,0
611,1398.114,"Mount",-0.131,0.071,-0.123,0.084,-0.051,0.030,21,E,13,S,,,575828,171.78,0
612,1400.413,"Mount",-0.076,0.144,-0.163,0.001,-0.063,0.000,26,E,0,,,,578141,177.96,0
613,1402.479,"Mount",-0.023,0.012,-0.021,0.015,0.017,0.000,7,W,0,,,,585841,158.85,0
614,1404.831,"Mount",-0.089,-0.011,-0.031,0.084,0.020,0.030,8,W,13,S,,,549393,143.74,0
615,1406.955,"Mount",-0.101,0.062,-0.102,0.060,-0.018,0.023,8,E,10,S,,,557168,151.91,0
616,1409.254,"Mount",-0.026,0.044,-0.051,0.003,0.042,0.000,17,W,0,,,,578418,144.75,0
617,1411.452,"Mount",-0.052,-0.142,0.102,0.112,0.105,0.040,44,W,17,S,,,541722,137.91,0
618,1413.901,"Mount",0.003,-0.140,0.126,0.062,0.142,0.024,59,W,10,S,,,573704,144.14,0
619,1416.159,"Mount",0.129,-0.071,0.123,-0.081,0.180,-0.028,75,W,12,N,,,529853,136.91,0
620,1418.569,"Mount",0.096,-0.121,0.152,-0.029,0.244,0.000,101,W,0,,,,588163,150.45,0
621,1420.795,"Mount",0.064,-0.185,0.193,0.029,0.301,0.000,125,W,0,,,,570714,157.38,0
622,1423.269,"Mount",0.059,-0.058,0.079,-0.025,0.301,0.000,125,W,0,,,,582857,159.20,0
623,1425.457,"Mount",0.021,0.001,0.008,-0.019,0.284,0.000,118,W,0,,,,560748,146.44,0
624,1427.932,"Mount",0.070,-0.087,0.109,-0.022,0.355,0.000,147,W,0,,,,565119,168.34,0
625,1430.153,"Mount",0.043,-0.091,0.101,0.004,0.323,0.000,134,W,0,,,,578565,146.52,0
626,1432.544,"Mount",0.052,-0.013,0.036,-0.041,0.253,0.000,105,W,0,,,,578148,167.65,0
627,1434.771,"Mount",0.151,-0.122,0.178,-0.078,0.283,-0.028,118,W,12,N,,,571183,138.87,0
628,1437.212,"Mount",-0.062,-0.093,0.054,0.098,0.159,0.034,66,W,15,S,,,572510,183.13,0
629,1439.367,"Mount",-0.059,-0.017,-0.012,0.060,0.105,0.000,44,W,0,,,,557830,147.28,0
630,1441.776,"Mount",-0.065,-0.023,-0.010,0.068,0.039,0.025,16,W,11,S,,,578547,177.15,0
631,1443.966,"Mount",-0.066,-0.081,0.041,0.095,0.007,0.035,3,W,15,S,,,561957,139.01,0
632,1446.270,"Mount",0.052,-0.098,0.111,-0.001,0.034,0.000,14,W,0,,,,581615,171.09,0
633,1448.348,"Mount",0.040,-0.102,0.109,0.012,0.029,0.000,12,W,0,,,,556773,149.37,0
634,1450.707,"Mount",0.085,0.031,0.012,-0.090,0.010,-0.032,4,W,14,N,,,561665,168.36,0
635,1452.915,"Mount",0.127,-0.069,0.120,-0.081,0.069,-0.030,29,W,13,N,,,585540,156.40,0
636,1455.332,"Mount",0.013,-0.183,0.168,0.073,0.117,0.025,48,W,11,S,,,561666,157.70,0
637,1457.447,"Mount",-0.016,-0.069,0.054,0.046,0.043,0.000,18,W,0,,,,576847,149.11,0
638,1459.862,"Mount",-0.078,-0.084,0.039,0.108,0.039,0.039,16,W,17,S,,,563554,137.33,0
639,1461.992,"Mount",0.004,-0.051,0.047,0.020,0.035,0.000,15,W,0,,,,543303,143.65,0
640,1464.364,"Mount",-0.171,0.159,-0.220,0.079,-0.070,0.028,29,E,12,S,,,547855,136.83,0
641,1466.496,"Mount",-0.149,0.170,-0.219,0.054,-0.092,0.000,38,E,0,,,,534612,146.67,0
642,1468.857,"Mount",-0.117,0.045,-0.094,0.083,-0.035,0.030,15,E,13,S,,,553654,157.24,0
643,1471.044,"Mount",-0.020,0.204,-0.190,-0.077,-0.098,-0.026,41,E,11,N,,,566324,155.03,0
644,1473.455,"Mount",-0.132,-0.127,0.052,0.175,-0.009,0.062,4,E,27,S,,,560209,144.22,0
645,1475.641,"Mount",-0.173,0.031,-0.107,0.139,-0.047,0.053,19,E,22,S,,,556832,129.57,0
646,1477.961,"Mount",0.029,0.039,-0.022,-0.044,0.006,0.000,2,W,0,,,,586985,145.56,0
647,1480.076,"Mount",-0.030,-0.017,0.001,0.035,0.014,0.000,6,W,0,,,,554847,151.00,0
648,1482.393,"Mount",0.040,0.048,-0.024,-0.058,0.013,0.000,5,W,0,,,,540873,162.35,0
649,1484.463,"Mount",0.043,0.030,-0.007,-0.052,0.010,0.000,4,W,0,,,,579840,158.49,0
650,1486.785,"Mount",0.018,-0.044,0.048,0.004,0.008,0.000,3,W,0,,,,596166,179.18,0
651,1488.845,"Mount",0.057,-0.118,0.131,0.003,0.061,0.000,25,W,0,,,,569220,154.77,0
652,1491.179,"Mount",-0.013,0.063,-0.062,-0.018,-0.029,0.000,12,E,0,,,,583639,173.20,0
653,1493.269,"Mount",0.022,0.030,-0.016,-0.033,-0.009,0.000,4,E,0,,,,577106,143.65,0
654,1495.701,"Mount",-0.150,-0.105,0.024,0.181,-0.019,0.065,8,E,28,S,,,569029,148.88,0
655,1497.815,"Mount",-0.035,0.024,-0.038,0.020,-0.026,0.000,11,E,0,,,,584151,171.95,0
656,1500.149,"Mount",-0.041,-0.003,-0.016,0.038,-0.037,0.000,15,E,0,,,,558933,160.25,0
657,1502.267,"Mount",-0.028,0.126,-0.125,-0.033,-0.097,0.000,40,E,0,,,,568306,158.90,0
658,1504.600,"Mount",0.025,-0.041,0.048,-0.004,-0.046,0.000,19,E,0,,,,568191,142.67,0
659,1506.716,"Mount",0.026,-0.063,0.068,0.006,-0.018,0.000,7,E,0,,,,577596,152.87,0
660,1509.083,"Mount",0.032,0.051,-0.031,-0.052,-0.050,0.000,21,E,0,,,,550695,139.89,0
661,1511.196,"Mount",-0.021,0.022,-0.029,0.009,-0.037,0.000,15,E,0,,,,580316,147.14,0
662,1513.526,"Mount",-0.011,0.024,-0.027,-0.001,-0.031,0.000,13,E,0,,,,572388,150.08,0
663,1515.727,"Mount",-0.234,0.034,-0.138,0.192,-0.085,0.069,35,E,30,S,,,573895,195.42,0
664,1518.047,"Mount",0.005,-0.067,0.062,0.026,0.018,0.000,8,W,0,,,,584362,181.89,0
665,1520.122,"Mount",-0.010,-0.062,0.051,0.037,-0.000,0.000,0,,0,,,,559643,136.63,0
666,1522.441,"Mount",0.012,-0.002,0.007,-0.010,0.015,0.000,6,W,0,,,,605414,174.29,0
667,1524.603,"Mount",0.070,0.026,0.009,-0.074,0.027,-0.027,11,W,11,N,,,584139,164.89,0
668,1526.999,"Mount",-0.113,-0.038,-0.019,0.117,0.041,0.041,17,W,18,S,,,547800,133.25,0
669,1529.086,"Mount",-0.019,-0.047,0.033,0.038,0.045,0.000,19,W,0,,,,597634,177.05,0
670,1531.483,"Mount",-0.040,0.208,-0.203,-0.061,-0.041,-0.022,17,E,9,N,,,548979,139.16,0
671,1533.543,"Mount",0.053,-0.037,0.058,-0.030,0.053,0.000,22,W,0,,,,576058,166.54,0
672,1536.066,"Mount",-0.061,-0.267,0.208,0.178,0.145,0.064,60,W,27,S,,,579049,152.63,0
673,1538.164,"Mount",0.049,-0.196,0.196,0.047,0.138,0.000,57,W,0,,,,588614,168.91,0
674,1540.482,"Mount",0.052,-0.035,0.055,-0.030,0.056,0.000,23,W,0,,,,552035,162.63,0
675,1542.543,"Mount",-0.022,0.103,-0.102,-0.028,-0.002,0.000,1,E,0,,,,567949,163.85,0
676,1544.905,"Mount",0.016,0.011,-0.003,-0.019,0.029,0.000,12,W,0,,,,579192,173.50,0
677,1547.096,"Mount",0.055,0.081,-0.047,-0.086,0.008,-0.031,3,W,13,N,,,575418,166.22,0
678,1549.403,"Mount",0.017,-0.040,0.043,0.004,-0.018,0.000,7,E,0,,,,556947,151.91,0
679,1551.519,"Mount",-0.007,-0.075,0.063,0.041,-0.025,0.000,10,E,0,,,,543478,159.18,0
680,1553.895,"Mount",-0.064,-0.049,0.014,0.080,-0.081,0.029,34,E,12,S,,,567803,149.90,0
681,1556.034,"Mount",-0.061,0.066,-0.087,0.024,-0.133,0.000,55,E,0,,,,574858,150.96,0
682,1558.443,"Mount",-0.144,0.053,-0.113,0.103,-0.173,0.037,72,E,16,S,,,586616,161.38,0
683,1560.707,"Mount",-0.195,0.101,-0.179,0.126,-0.219,0.047,91,E,20,S,,,564440,156.86,0
684,1565.325,"Mount",-0.155,0.377,-0.406,-0.037,-0.401,0.000,167,E,0,,,,568401,149.55,0
685,1567.851,"Mount",-0.040,0.265,-0.254,-0.087,-0.294,-0.031,122,E,13,N,,,571704,168.81,0
686,1569.982,"Mount",-0.050,0.051,-0.069,0.021,-0.201,0.000,83,E,0,,,,565866,147.62,0
687,1572.386,"Mount",-0.001,-0.035,0.031,0.017,-0.177,0.000,74,E,0,,,,598450,189.95,0
688,1574.518,"Mount",-0.052,0.031,-0.051,0.032,-0.159,0.000,66,E,0,,,,570681,161.83,0
689,1576.911,"Mount",-0.072,0.049,-0.076,0.041,-0.146,0.000,61,E,0,,,,560678,148.17,0
690,1579.055,"Mount",-0.030,0.062,-0.069,-0.002,-0.117,0.000,48,E,0,,,,562086,167.96,0
691,1581.414,"Mount",-0.090,0.093,-0.124,0.037,-0.112,0.000,47,E,0,,,,559310,142.91,0
692,1583.544,"Mount",0.018,0.073,-0.056,-0.050,-0.028,0.000,12,E,0,,,,550339,148.61,0
693,1585.869,"Mount",0.052,-0.091,0.105,-0.004,0.016,0.000,7,W,0,,,,547231,134.85,0
694,1588.079,"Mount",-0.172,0.037,-0.112,0.136,-0.073,0.049,30,E,21,S,,,596674,167.25,0
695,1590.460,"Mount",-0.008,0.088,-0.082,-0.034,-0.078,0.000,32,E,0,,,,568671,144.30,0
696,1592.652,"Mount",-0.015,-0.092,0.075,0.056,-0.022,0.000,9,E,0,,,,556886,146.37,0
697,1594.961,"Mount",0.033,-0.064,0.072,-0.000,-0.047,0.000,20,E,0,,,,573404,173.65,0
698,1597.194,"Mount",-0.125,0.093,-0.140,0.069,-0.170,0.025,70,E,11,S,,,555388,162.46,0
699,1599.690,"Mount",0.070,0.050,-0.012,-0.085,-0.147,-0.029,61,E,13,N,,,578758,141.00,0
700,1601.822,"Mount",0.023,-0.001,0.012,-0.020,-0.143,0.000,59,E,0,,,,541136,155.75,0
701,1604.223,"Mount",-0.004,-0.058,0.049,0.031,-0.173,0.000,72,E,0,,,,567099,154.37,0
702,1606.415,"Mount",-0.066,-0.078,0.039,0.095,-0.166,0.034,69,E,15,S,,,587417,167.24,0
703,1608.853,"Mount",-0.029,-0.097,0.073,0.070,-0.155,0.027,64,E,11,S,,,560346,190.69,0
704,1611.024,"Mount",0.009,-0.086,0.080,0.032,-0.159,0.000,66,E,0,,,,553729,167.37,0
705,1613.455,"Mount",-0.062,0.002,-0.030,0.054,-0.214,0.000,89,E,0,,,,556466,154.51,0
706,1615.711,"Mount",-0.071,0.196,-0.207,-0.028,-0.320,0.000,133,E,0,,,,573606,155.32,0
707,1618.231,"Mount",0.018,0.169,-0.141,-0.094,-0.315,-0.034,131,E,14,N,,,565815,155.91,0
708,1620.400,"Mount",-0.002,0.111,-0.100,-0.050,-0.316,0.000,131,E,0,,,,557745,150.40,0
709,1622.939,"Mount",0.029,0.099,-0.074,-0.071,-0.326,-0.025,135,E,11,N,,,558504,151.04,0
710,1625.177,"Mount",-0.024,0.047,-0.053,0.000,-0.296,0.000,123,E,0,,,,548406,153.73,0
711,1627.671,"Mount",-0.097,0.116,-0.148,0.033,-0.369,0.000,153,E,0,,,,550782,147.90,0
712,1629.931,"Mount",-0.167,-0.050,-0.033,0.171,-0.287,0.062,119,E,26,S,,,570167,174.36,0
713,1632.389,"Mount",-0.065,-0.114,0.071,0.110,-0.244,0.042,101,E,18,S,,,548501,146.64,0
714,1634.591,"Mount",0.018,0.084,-0.067,-0.055,-0.291,0.000,121,E,0,,,,561032,154.75,0
715,1637.083,"Mount",-0.025,0.281,-0.261,-0.108,-0.330,-0.039,137,E,17,N,,,582972,153.59,0
716,1639.288,"Mount",-0.111,0.124,-0.161,0.041,-0.264,0.000,110,E,0,,,,552259,158.56,0
717,1641.690,"Mount",-0.002,-0.031,0.027,0.016,-0.175,0.000,72,E,0,,,,577196,164.86,0
718,1643.852,"Mount",0.040,0.013,0.007,-0.042,-0.146,0.000,60,E,0,,,,561147,169.97,0
719,1646.236,"Mount",-0.023,0.037,-0.043,0.003,-0.144,0.000,60,E,0,,,,565233,144.84,0
720,1648.426,"Mount",0.021,0.140,-0.114,-0.084,-0.177,-0.030,73,E,13,N,,,577717,165.58,0
721,1650.809,"Mount",0.028,-0.017,0.028,-0.017,-0.149,0.000,62,E,0,,,,551016,154.97,0
722,1653.022,"Mount",-0.132,0.018,-0.077,0.109,-0.179,0.039,74,E,17,S,,,551369,136.09,0
723,1655.391,"Mount",-0.018,-0.082,0.065,0.054,-0.145,0.000,60,E,0,,,,582660,164.76,0
724,1657.573,"Mount",-0.016,0.059,-0.060,-0.014,-0.170,0.000,71,E,0,,,,574652,155.22,0
725,1660.032,"Mount",-0.055,0.042,-0.062,0.029,-0.195,0.000,81,E,0,,,,567135,168.49,0
726,1662.299,"Mount",-0.004,0.019,-0.019,-0.005,-0.151,0.000,63,E,0,,,,583802,158.49,0
727,1664.707,"Mount",-0.121,-0.144,0.071,0.174,-0.107,0.063,44,E,27,S,,,561686,150.74,0
728,1666.866,"Mount",0.075,-0.004,0.038,-0.065,-0.089,-0.021,37,E,9,N,,,585102,136.71,0
729,1669.200,"Mount",0.067,-0.065,0.089,-0.029,-0.038,0.000,16,E,0,,,,578448,156.44,0
730,1671.268,"Mount",0.074,-0.092,0.116,-0.023,0.006,0.000,3,W,0,,,,577304,177.43,0
731,1673.591,"Mount",-0.051,0.104,-0.116,-0.003,-0.083,0.000,35,E,0,,,,575453,148.33,0
732,1675.675,"Mount",-0.041,-0.096,0.066,0.081,0.001,0.029,0,,12,S,,,551893,145.70,0
733,1678.086,"Mount",-0.062,-0.151,0.105,0.124,0.024,0.046,10,W,20,S,,,537723,151.83,0
734,1680.194,"Mount",-0.014,-0.012,0.004,0.018,-0.033,0.000,14,E,0,,,,581254,165.57,0
735,1682.566,"Mount",0.096,-0.052,0.090,-0.061,0.014,-0.022,6,W,9,N,,,565367,140.09,0
736,1684.665,"Mount",-0.030,0.002,-0.015,0.025,-0.008,0.000,3,E,0,,,,573806,162.75,0
737,1686.986,"Mount",0.057,-0.037,0.059,-0.033,0.010,0.000,4,W,0,,,,554473,139.89,0
738,1689.200,"Mount",0.121,-0.051,0.101,-0.084,0.078,-0.030,32,W,13,N,,,575842,158.35,0
739,1691.529,"Mount",-0.049,-0.034,0.008,0.059,0.065,0.000,27,W,0,,,,571802,176.91,0
740,1693.676,"Mount",0.079,-0.071,0.099,-0.038,0.126,0.000,52,W,0,,,,586829,173.15,0
741,1696.088,"Mount",0.059,0.112,-0.072,-0.104,0.066,-0.037,27,W,16,N,,,590786,159.35,0
742,1698.307,"Mount",-0.070,-0.009,-0.024,0.066,0.114,0.022,47,W,10,S,,,568478,152.75,0
743,1700.676,"Mount",0.021,-0.119,0.115,0.036,0.178,0.000,74,W,0,,,,576917,144.66,0
744,1702.911,"Mount",-0.004,-0.168,0.147,0.081,0.202,0.029,84,W,12,S,,,567632,143.00,0
745,1705.359,"Mount",0.068,0.129,-0.083,-0.120,0.113,-0.042,47,W,18,N,,,580258,149.67,0
746,1707.497,"Mount",0.012,-0.087,0.083,0.029,0.182,0.000,76,W,0,,,,547664,138.12,0
747,1709.900,"Mount",0.104,-0.163,0.193,-0.017,0.234,0.000,97,W,0,,,,563816,136.44,0
748,1711.994,"Mount",-0.033,-0.014,-0.003,0.036,0.138,0.000,57,W,0,,,,576313,155.91,0
749,1714.294,"Mount",-0.029,0.072,-0.078,-0.008,0.097,0.000,40,W,0,,,,579847,155.92,0
750,1716.496,"Mount",-0.091,-0.138,0.081,0.144,0.142,0.052,59,W,22,S,,,590998,145.86,0
751,1718.949,"Mount",0.145,-0.132,0.184,-0.068,0.182,-0.022,76,W,10,N,,,594731,148.67,0
752,1721.093,"Mount",0.048,-0.150,0.155,0.026,0.146,0.000,60,W,0,,,,537124,138.31,0
753,1723.441,"Mount",-0.012,-0.100,0.083,0.057,0.103,0.000,43,W,0,,,,560384,159.25,0
754,1725.539,"Mount",0.015,-0.032,0.035,0.002,0.064,0.000,27,W,0,,,,560021,153.20,0
755,1727.900,"Mount",0.069,-0.181,0.192,0.022,0.137,0.000,57,W,0,,,,560943,163.25,0
756,1730.029,"Mount",0.028,0.053,-0.034,-0.049,0.037,0.000,15,W,0,,,,590308,174.55,0
757,1732.300,"Mount",-0.028,0.048,-0.055,0.003,0.023,0.000,10,W,0,,,,553698,143.27,0
758,1734.400,"Mount",-0.013,-0.030,0.021,0.025,0.009,0.000,4,W,0,,,,586816,158.31,0
759,1736.745,"Mount",0.054,-0.106,0.119,0.001,0.054,0.000,22,W,0,,,,566035,143.08,0
760,1738.941,"Mount",-0.117,-0.135,0.066,0.166,0.024,0.060,10,W,26,S,,,568262,145.61,0
761,1741.332,"Mount",-0.106,0.033,-0.078,0.078,-0.043,0.031,18,E,13,S,,,585041,155.14,0
762,1743.451,"Mount",-0.015,-0.040,0.028,0.032,0.003,0.000,1,W,0,,,,559687,152.20,0
763,1745.802,"Mount",-0.019,-0.001,-0.008,0.018,0.002,0.000,1,W,0,,,,547876,146.49,0
764,1747.913,"Mount",-0.018,0.100,-0.097,-0.031,-0.036,0.000,15,E,0,,,,561206,149.28,0
765,1750.209,"Mount",-0.034,0.000,-0.016,0.030,0.015,0.000,6,W,0,,,,580840,172.11,0
766,1752.356,"Mount",-0.074,-0.099,0.054,0.112,0.018,0.040,8,W,17,S,,,553887,154.55,0
767,1754.754,"Mount",0.010,0.111,-0.094,-0.060,-0.012,0.000,5,E,0,,,,586502,168.28,0
768,1756.885,"Mount",0.046,0.002,0.019,-0.042,0.043,0.000,18,W,0,,,,554864,135.69,0
769,1759.240,"Mount",0.040,-0.028,0.043,-0.022,0.067,0.000,28,W,0,,,,584401,185.50,0
770,1761.382,"Mount",0.033,-0.119,0.121,0.026,0.147,0.000,61,W,0,,,,626223,172.79,0
771,1763.832,"Mount",0.121,-0.208,0.240,-0.011,0.246,0.000,102,W,0,,,,572244,166.21,0
772,1766.163,"Mount",0.007,-0.217,0.196,0.094,0.263,0.034,109,W,14,S,,,561127,169.06,0
773,1768.581,"Mount",0.025,-0.166,0.158,0.055,0.296,0.000,123,W,0,,,,580458,190.20,0
774,1770.755,"Mount",0.040,-0.045,0.059,-0.015,0.249,0.000,103,W,0,,,,562872,161.72,0
775,1773.200,"Mount",0.055,0.005,0.020,-0.051,0.281,0.000,116,W,0,,,,567780,154.05,0
776,1775.495,"Mount",0.126,-0.091,0.139,-0.069,0.330,-0.025,137,W,11,N,,,569203,157.04,0
777,1777.936,"Mount",0.013,0.029,-0.020,-0.025,0.269,0.000,112,W,0,,,,572721,137.67,0
778,1780.174,"Mount",0.066,-0.124,0.140,-0.001,0.285,0.000,118,W,0,,,,562056,150.02,0
779,1782.606,"Mount",0.083,-0.051,0.083,-0.050,0.226,0.000,94,W,0,,,,588529,178.33,0
780,1784.890,"Mount",-0.061,-0.027,-0.004,0.067,0.135,0.024,56,W,10,S,,,548290,150.27,0
781,1787.277,"Mount",-0.043,-0.078,0.049,0.074,0.108,0.028,45,W,12,S,,,558660,170.64,0
782,1789.400,"Mount",0.086,-0.117,0.143,-0.022,0.137,0.000,57,W,0,,,,548674,151.80,0
783,1791.711,"Mount",0.080,-0.046,0.078,-0.050,0.072,0.000,30,W,0,,,,550532,162.28,0
784,1793.894,"Mount",0.134,-0.114,0.163,-0.067,0.099,-0.024,41,W,10,N,,,555180,152.32,0
785,1796.218,"Mount",0.048,-0.016,0.036,-0.035,0.027,0.000,11,W,0,,,,560658,171.79,0
786,1798.300,"Mount",0.066,-0.022,0.050,-0.048,0.028,0.000,12,W,0,,,,576994,161.49,0
787,1800.626,"Mount",0.014,-0.088,0.084,0.028,0.079,0.000,33,W,0,,,,563494,139.09,0
788,1802.708,"Mount",-0.023,-0.070,0.052,0.053,0.034,0.000,14,W,0,,,,568844,160.60,0
789,1805.035,"Mount",0.011,-0.024,0.026,0.001,0.032,0.000,13,W,0,,,,568648,165.21,0
790,1807.105,"Mount",0.058,-0.006,0.032,-0.049,0.019,0.000,8,W,0,,,,544263,146.45,0
791,1809.417,"Mount",-0.052,0.019,-0.040,0.037,0.006,0.000,3,W,0,,,,535726,142.53,0
792,1811.478,"Mount",-0.041,-0.018,-0.003,0.045,-0.003,0.000,1,E,0,,,,588457,159.88,0
793,1813.865,"Mount",-0.205,-0.132,0.023,0.243,-0.010,0.088,4,E,37,S,,,554070,145.58,0
794,1815.928,"Mount",-0.018,-0.075,0.058,0.051,-0.014,0.000,6,E,0,,,,561546,162.06,0
795,1818.329,"Mount",-0.084,-0.253,0.186,0.191,0.077,0.069,32,W,29,S,,,545230,159.15,0
796,1820.409,"Mount",0.014,-0.111,0.105,0.038,0.052,0.000,21,W,0,,,,540858,142.33,0
797,1822.764,"Mount",0.069,-0.123,0.141,-0.004,0.072,0.000,30,W,0,,,,573555,162.04,0
798,1824.843,"Mount",0.031,-0.031,0.042,-0.013,0.027,0.000,11,W,0,,,,552657,143.27,0
799,1827.255,"Mount",0.047,-0.241,0.235,0.069,0.132,0.025,55,W,11,S,,,556337,155.78,0
800,1829.354,"Mount",0.054,-0.053,0.073,-0.024,0.058,0.000,24,W,0,,,,574087,154.69,0
801,1831.716,"Mount",-0.055,-0.030,0.002,0.063,0.021,0.023,9,W,10,S,,,584881,166.89,0
802,1833.844,"Mount",-0.033,-0.029,0.010,0.042,0.014,0.000,6,W,0,,,,567912,162.62,0
803,1836.226,"Mount",-0.078,-0.060,0.018,0.097,-0.003,0.035,1,E,15,S,,,540085,144.88,0
804,1838.386,"Mount",-0.045,-0.092,0.061,0.083,0.016,0.031,7,W,13,S,,,579680,147.53,0
805,1840.697,"Mount",0.008,-0.011,0.013,-0.002,-0.021,0.000,9,E,0,,,,557491,145.96,0
806,1842.784,"Mount",-0.005,-0.021,0.016,0.014,-0.025,0.000,10,E,0,,,,569460,165.24,0
807,1845.221,"Mount",-0.033,0.233,-0.222,-0.079,-0.128,-0.028,53,E,12,N,,,573019,170.36,0
808,1847.424,"Mount",-0.114,0.085,-0.128,0.062,-0.094,0.021,39,E,9,S,,,555876,148.50,0
809,1849.825,"Mount",-0.131,0.005,-0.065,0.114,-0.073,0.042,30,E,18,S,,,558680,156.79,0
810,1851.943,"Mount",0.002,0.045,-0.039,-0.022,-0.054,0.000,22,E,0,,,,541905,137.04,0
811,1854.215,"Mount",0.049,-0.067,0.082,-0.012,-0.024,0.000,10,E,0,,,,570530,160.69,0
812,1856.314,"Mount",-0.067,0.076,-0.098,0.025,-0.095,0.000,39,E,0,,,,572858,158.90,0
813,1858.731,"Mount",-0.138,-0.106,0.031,0.172,-0.049,0.062,20,E,26,S,,,559351,145.67,0
814,1860.814,"Mount",-0.035,-0.028,0.009,0.044,-0.037,0.000,15,E,0,,,,552550,150.84,0
815,1863.125,"Mount",0.033,-0.092,0.097,0.013,0.014,0.000,6,W,0,,,,557319,173.48,0
816,1865.436,"Mount",-0.075,-0.069,0.027,0.099,-0.017,0.036,7,E,15,S,,,543767,157.42,0
817,1867.722,"Mount",0.085,-0.112,0.139,-0.023,0.059,0.000,24,W,0,,,,558797,163.23,0
818,1869.824,"Mount",0.046,-0.025,0.044,-0.030,0.009,0.000,4,W,0,,,,559642,144.89,0
819,1872.238,"Mount",0.006,-0.212,0.191,0.093,0.108,0.034,45,W,14,S,,,564609,149.86,0
820,1876.610,"Mount",0.054,-0.078,0.094,-0.012,0.092,0.000,38,W,0,,,,594259,158.02,0
821,1878.847,"Mount",0.011,-0.034,0.036,0.006,0.053,0.000,22,W,0,,,,567983,164.73,0
822,1881.351,"Mount",0.087,-0.172,0.193,0.002,0.149,0.000,62,W,0,,,,541559,134.39,0
823,1883.570,"Mount",-0.206,0.258,-0.323,0.063,-0.078,0.023,32,E,10,S,,,562300,150.30,0
824,1886.495,"Mount",-1.523,2.724,-3.119,0.094,-1.335,0.035,554,E,15,S,,,537895,158.58,0
825,1888.644,"Mount",-0.048,-0.099,0.066,0.088,0.092,0.033,38,W,14,S,,,511118,122.51,0
826,1891.285,"Mount",0.532,-1.512,1.588,0.226,0.658,0.083,273,W,35,S,,,532448,130.00,0
827,1893.684,"Mount",0.388,-1.015,1.080,0.125,0.409,0.048,170,W,21,S,,,572918,164.06,0
828,1896.132,"Mount",0.259,-0.114,0.220,-0.178,0.104,-0.062,43,W,27,N,,,572136,155.78,0
829,1898.289,"Mount",0.191,-0.025,0.110,-0.157,0.027,-0.059,11,W,25,N,,,593326,156.15,0
830,1900.626,"Mount",0.013,0.029,-0.020,-0.025,-0.010,0.000,4,E,0,,,,574017,157.14,0
831,1902.733,"Mount",-0.020,0.149,-0.141,-0.051,-0.096,0.000,40,E,0,,,,571893,163.12,0
832,1905.213,"Mount",-0.227,0.187,-0.270,0.115,-0.223,0.041,92,E,18,S,,,526079,173.94,0
833,1907.434,"Mount",-0.138,0.141,-0.188,0.057,-0.202,0.000,84,E,0,,,,569592,165.54,0
834,1909.884,"Mount",-0.138,0.263,-0.297,0.001,-0.276,0.000,114,E,0,,,,543760,138.24,0
835,1912.091,"Mount",-0.124,0.199,-0.233,0.018,-0.282,0.000,117,E,0,,,,552258,164.02,0
836,1914.513,"Mount",-0.098,0.301,-0.313,-0.052,-0.322,0.000,133,E,0,,,,563193,191.16,0
837,1916.736,"Mount",0.060,0.016,0.013,-0.061,-0.176,-0.022,73,E,9,N,,,549829,144.62,0
838,1919.047,"Mount",0.021,-0.099,0.098,0.027,-0.127,0.000,53,E,0,,,,569027,148.08,0
839,1921.253,"Mount",0.098,0.086,-0.031,-0.127,-0.140,-0.046,58,E,20,N,,,565734,154.65,0
840,1923.746,"Mount",-0.170,0.160,-0.220,0.077,-0.230,0.026,96,E,11,S,,,593254,167.24,0
841,1925.967,"Mount",-0.129,-0.041,-0.023,0.134,-0.113,0.049,47,E,21,S,,,560753,159.90,0
842,1928.248,"Mount",0.081,-0.032,0.066,-0.057,-0.065,0.000,27,E,0,,,,548666,144.08,0
843,1930.355,"Mount",-0.078,0.070,-0.098,0.037,-0.134,0.000,55,E,0,,,,597440,167.93,0
844,1932.817,"Mount",-0.038,-0.073,0.047,0.068,-0.078,0.024,32,E,10,S,,,587189,174.97,0
845,1935.044,"Mount",0.111,0.032,0.023,-0.113,-0.064,-0.040,27,E,17,N,,,585985,147.81,0
846,1937.516,"Mount",0.131,-0.051,0.106,-0.093,-0.004,-0.035,2,E,15,N,,,550678,150.41,0
847,1939.722,"Mount",0.060,0.015,0.015,-0.060,-0.057,-0.023,24,E,10,N,,,595782,182.10,0
848,1942.041,"Mount",0.002,-0.063,0.057,0.027,-0.056,0.000,23,E,0,,,,569490,148.76,0
849,1944.231,"Mount",0.039,-0.040,0.054,-0.016,-0.063,0.000,26,E,0,,,,585505,148.18,0
850,1946.560,"Mount",-0.043,0.065,-0.077,0.008,-0.114,0.000,47,E,0,,,,578490,158.38,0
851,1948.717,"Mount",-0.039,0.032,-0.047,0.020,-0.093,0.000,39,E,0,,,,602396,183.43,0
852,1951.095,"Mount",-0.083,0.233,-0.245,-0.033,-0.247,0.000,103,E,0,,,,583164,161.80,0
853,1953.288,"Mount",-0.168,0.293,-0.338,0.014,-0.306,0.000,127,E,0,,,,577887,172.50,0
854,1955.784,"Mount",-0.148,0.064,-0.125,0.101,-0.266,0.037,110,E,16,S,,,571281,153.82,0
855,1957.989,"Mount",0.038,0.011,0.007,-0.039,-0.227,0.000,94,E,0,,,,589540,143.28,0
856,1960.444,"Mount",0.052,0.052,-0.022,-0.070,-0.269,-0.025,112,E,11,N,,,554041,146.48,0
857,1962.696,"Mount",-0.103,0.035,-0.079,0.075,-0.314,0.026,130,E,11,S,,,557390,134.36,0
858,1965.197,"Mount",-0.105,0.228,-0.251,-0.012,-0.418,0.000,173,E,0,,,,569253,153.81,0
859,1967.432,"Mount",-0.067,0.077,-0.099,0.023,-0.328,0.000,136,E,0,,,,555072,139.30,0
860,1969.856,"Mount",-0.057,0.052,-0.072,0.026,-0.314,0.000,130,E,0,,,,534355,151.01,0
861,1972.139,"Mount",0.064,0.174,-0.125,-0.137,-0.304,-0.049,126,E,21,N,,,580610,167.00,0
862,1974.638,"Mount",-0.082,0.017,-0.053,0.064,-0.247,0.021,102,E,9,S,,,564604,164.77,0
863,1976.894,"Mount",-0.126,0.060,-0.111,0.083,-0.274,0.031,114,E,13,S,,,571121,181.82,0
864,1979.390,"Mount",-0.219,0.248,-0.321,0.080,-0.367,0.030,152,E,13,S,,,553008,144.11,0
865,1981.683,"Mount",-0.129,0.086,-0.136,0.074,-0.294,0.028,122,E,12,S,,,556249,154.09,0
866,1984.202,"Mount",-0.194,-0.018,-0.073,0.181,-0.268,0.066,111,E,28,S,,,565473,162.86,0
867,1986.395,"Mount",-0.061,0.048,-0.071,0.032,-0.284,0.000,118,E,0,,,,553857,188.71,0
868,1988.834,"Mount",-0.025,0.038,-0.045,0.005,-0.250,0.000,104,E,0,,,,558146,162.06,0
869,1991.050,"Mount",-0.023,0.067,-0.070,-0.010,-0.257,0.000,106,E,0,,,,539667,147.80,0
870,1993.448,"Mount",-0.034,0.061,-0.070,0.002,-0.247,0.000,102,E,0,,,,565245,160.59,0
871,1995.585,"Mount",-0.014,-0.029,0.019,0.026,-0.179,0.000,74,E,0,,,,581268,163.02,0
872,1997.923,"Mount",0.014,0.045,-0.034,-0.034,-0.168,0.000,70,E,0,,,,449887,141.42,0
873,2000.170,"Mount",0.000,-0.019,0.017,0.009,-0.148,0.000,62,E,0,,,,476252,155.73,0
874,2002.543,"Mount",0.007,-0.062,0.058,0.023,-0.147,0.000,61,E,0,,,,447778,132.92,0
875,2004.796,"Mount",-0.243,-0.168,0.037,0.293,-0.137,0.106,57,E,45,S,,,440057,138.27,0
876,2007.207,"Mount",-0.017,-0.051,0.037,0.038,-0.137,0.000,57,E,0,,,,449091,148.74,0
877,2009.482,"Mount",-0.084,0.004,-0.042,0.073,-0.120,0.026,50,E,11,S,,,447531,157.48,0
878,2011.854,"Mount",-0.054,0.071,-0.088,0.015,-0.146,0.000,61,E,0,,,,435141,136.54,0
879,2013.954,"Mount",-0.024,-0.073,0.054,0.055,-0.079,0.000,33,E,0,,,,461526,135.04,0
880,2016.279,"Mount",0.022,-0.013,0.022,-0.014,-0.076,0.000,31,E,0,,,,344505,140.52,0
881,2018.405,"Mount",-0.058,-0.047,0.015,0.073,-0.059,0.026,24,E,11,S,,,468909,139.95,0
882,2020.804,"Mount",-0.113,0.082,-0.125,0.063,-0.119,0.024,50,E,10,S,,,473654,150.31,0
883,2022.930,"Mount",-0.044,0.088,-0.098,-0.002,-0.102,0.000,42,E,0,,,,485422,142.91,0
884,2025.307,"Mount",-0.006,-0.041,0.033,0.024,-0.064,0.000,27,E,0,,,,529710,161.30,0
885,2027.516,"Mount",-0.137,-0.099,0.025,0.168,-0.050,0.060,21,E,26,S,,,520026,175.98,0
886,2029.848,"Mount",0.038,-0.080,0.089,0.004,0.003,0.000,1,W,0,,,,426584,148.92,0
887,2032.055,"Mount",-0.139,-0.050,-0.020,0.147,-0.014,0.053,6,E,23,S,,,438608,137.29,0
888,2034.398,"Mount",-0.050,-0.041,0.013,0.063,0.009,0.025,4,W,11,S,,,437480,137.00,0
889,2036.553,"Mount",0.051,-0.140,0.147,0.019,0.112,0.000,46,W,0,,,,460599,147.78,0
890,2038.953,"Mount",0.091,-0.025,0.064,-0.069,0.100,-0.025,41,W,11,N,,,507058,155.55,0
891,2041.101,"Mount",0.033,-0.004,0.019,-0.028,0.088,0.000,36,W,0,,,,531751,151.22,0
892,2043.451,"Mount",-0.051,0.012,-0.034,0.040,0.108,0.000,45,W,0,,,,562812,138.43,0
893,2045.674,"Mount",0.014,-0.175,0.162,0.069,0.179,0.025,74,W,11,S,,,542265,155.02,0
894,2048.052,"Mount",0.068,-0.043,0.069,-0.041,0.154,0.000,64,W,0,,,,580369,128.42,0
895,2050.191,"Mount",0.107,-0.106,0.143,-0.046,0.189,0.000,78,W,0,,,,620303,172.83,0
896,2052.556,"Mount",0.027,0.002,0.010,-0.025,0.139,0.000,58,W,0,,,,560312,156.74,0
897,2054.742,"Mount",0.051,-0.119,0.129,0.010,0.199,0.000,83,W,0,,,,575065,164.98,0
898,2057.118,"Mount",0.056,-0.110,0.124,0.002,0.209,0.000,87,W,0,,,,541646,158.51,0
899,2059.250,"Mount",0.068,-0.127,0.144,-0.002,0.212,0.000,88,W,0,,,,558799,145.09,0
900,2061.738,"Mount",0.107,-0.013,0.061,-0.088,0.164,-0.032,68,W,14,N,,,564095,180.22,0
901,2063.942,"Mount",0.042,0.055,-0.029,-0.063,0.126,-0.024,52,W,10,N,,,587983,153.65,0
902,2066.294,"Mount",0.009,-0.092,0.086,0.035,0.157,0.000,65,W,0,,,,595123,162.58,0
903,2068.438,"Mount",0.036,0.002,0.014,-0.033,0.103,0.000,43,W,0,,,,552118,152.32,0
904,2070.892,"Mount",-0.098,-0.146,0.085,0.155,0.136,0.056,57,W,24,S,,,576403,153.45,0
905,2073.016,"Mount",-0.008,-0.037,0.029,0.024,0.079,0.000,33,W,0,,,,542001,151.04,0
906,2075.434,"Mount",-0.042,-0.122,0.089,0.093,0.103,0.034,43,W,14,S,,,562954,166.28,0
907,2077.629,"Mount",-0.149,0.115,-0.170,0.079,-0.033,0.030,14,E,13,S,,,526590,138.49,0
908,2079.962,"Mount",-0.045,0.018,-0.037,0.032,0.025,0.000,11,W,0,,,,555649,147.51,0
909,2082.073,"Mount",-0.059,0.110,-0.125,0.002,-0.054,0.000,22,E,0,,,,569958,160.31,0
910,2084.544,"Mount",-0.055,0.299,-0.291,-0.089,-0.135,-0.032,56,E,14,N,,,538849,168.25,0
911,2086.723,"Mount",-0.152,0.188,-0.236,0.048,-0.134,0.000,55,E,0,,,,591516,165.94,0
912,2089.058,"Mount",-0.075,0.190,-0.204,-0.021,-0.119,0.000,49,E,0,,,,555273,146.91,0
913,2091.156,"Mount",-0.052,0.016,-0.038,0.039,-0.027,0.000,11,E,0,,,,559066,137.28,0
914,2093.484,"Mount",0.062,0.066,-0.030,-0.085,-0.019,-0.031,8,E,13,N,,,555601,158.77,0
915,2095.602,"Mount",0.056,0.055,-0.023,-0.075,-0.001,-0.028,0,,12,N,,,581571,163.64,0
916,2097.891,"Mount",-0.102,0.125,-0.158,0.033,-0.061,0.000,26,E,0,,,,559163,167.99,0
917,2100.301,"Mount",-0.021,-0.095,0.075,0.062,0.056,0.022,23,W,10,S,,,586362,156.23,0
918,2102.634,"Mount",0.114,-0.116,0.156,-0.047,0.106,0.000,44,W,0,,,,563289,173.09,0
919,2104.768,"Mount",0.094,-0.130,0.159,-0.024,0.129,0.000,54,W,0,,,,586673,171.04,0
920,2107.087,"Mount",0.089,-0.071,0.104,-0.046,0.134,0.000,56,W,0,,,,571521,167.92,0
921,2109.213,"Mount",0.028,-0.092,0.094,0.018,0.162,0.000,67,W,0,,,,552255,147.51,0
922,2111.609,"Mount",0.037,-0.101,0.107,0.014,0.211,0.000,88,W,0,,,,540496,151.44,0
923,2113.849,"Mount",0.129,-0.238,0.271,-0.004,0.318,0.000,132,W,0,,,,550957,171.79,0
924,2116.360,"Mount",0.038,-0.243,0.233,0.079,0.338,0.028,140,W,12,S,,,578465,181.40,0
925,2118.579,"Mount",0.008,-0.085,0.079,0.032,0.286,0.000,119,W,0,,,,550879,147.75,0
926,2121.153,"Mount",-0.031,-0.090,0.065,0.069,0.304,0.025,126,W,11,S,,,525425,132.09,0
927,2123.431,"Mount",-0.058,-0.019,-0.009,0.060,0.270,0.023,112,W,10,S,,,548863,143.80,0
928,2125.793,"Mount",-0.037,0.041,-0.053,0.014,0.247,0.000,102,W,0,,,,528993,129.57,0
929,2127.995,"Mount",-0.181,-0.036,-0.052,0.177,0.208,0.064,86,W,27,S,,,551633,157.23,0
930,2130.357,"Mount",0.011,-0.036,0.037,0.006,0.179,0.000,74,W,0,,,,544478,135.00,0
931,2132.470,"Mount",0.031,-0.078,0.083,0.008,0.177,0.000,73,W,0,,,,598153,178.33,0
932,2134.862,"Mount",0.030,-0.021,0.033,-0.017,0.111,0.000,46,W,0,,,,569903,151.71,0
933,2137.041,"Mount",0.041,-0.116,0.121,0.017,0.143,0.000,59,W,0,,,,583320,190.01,0
934,2139.486,"Mount",-0.007,-0.137,0.118,0.069,0.130,0.025,54,W,11,S,,,558869,170.45,0
935,2141.739,"Mount",-0.037,-0.312,0.260,0.177,0.172,0.065,71,W,28,S,,,574238,160.56,0
936,2144.218,"Mount",-0.014,-0.172,0.147,0.092,0.116,0.036,48,W,15,S,,,547517,133.44,0
937,2146.299,"Mount",0.049,0.002,0.021,-0.044,0.052,0.000,22,W,0,,,,538772,148.48,0
938,2148.617,"Mount",-0.051,0.023,-0.044,0.035,0.037,0.000,15,W,0,,,,523385,147.36,0
939,2150.748,"Mount",0.058,-0.119,0.132,0.003,0.088,0.000,36,W,0,,,,574821,165.69,0
940,2153.067,"Mount",-0.023,-0.057,0.040,0.046,0.017,0.000,7,W,0,,,,553105,140.58,0
941,2155.147,"Mount",0.080,-0.046,0.078,-0.050,0.047,0.000,20,W,0,,,,585638,157.82,0
942,2157.474,"Mount",-0.013,-0.065,0.052,0.041,0.000,0.000,0,,0,,,,558787,143.00,0
943,2159.638,"Mount",-0.073,-0.000,-0.033,0.065,0.002,0.023,1,W,10,S,,,570128,166.83,0
944,2162.017,"Mount",-0.074,-0.002,-0.033,0.066,0.009,0.025,4,W,11,S,,,589153,167.22,0
945,2164.144,"Mount",0.012,-0.138,0.128,0.053,0.069,0.000,29,W,0,,,,561213,172.33,0
946,2166.543,"Mount",0.096,-0.038,0.078,-0.067,0.045,-0.024,19,W,10,N,,,568338,161.33,0
947,2168.643,"Mount",0.068,-0.011,0.041,-0.055,0.015,0.000,6,W,0,,,,536773,139.84,0
948,2171.055,"Mount",-0.027,0.052,-0.059,-0.000,0.025,0.000,11,W,0,,,,551118,149.57,0
949,2173.230,"Mount",-0.100,0.125,-0.157,0.031,-0.048,0.000,20,E,0,,,,592129,147.87,0
950,2175.535,"Mount",-0.001,0.038,-0.034,-0.016,0.018,0.000,7,W,0,,,,588528,139.69,0
951,2177.633,"Mount",-0.032,0.030,-0.042,0.014,0.010,0.000,4,W,0,,,,589718,148.67,0
952,2179.994,"Mount",-0.111,-0.005,-0.047,0.101,0.010,0.036,4,W,16,S,,,556002,139.03,0
953,2182.098,"Mount",0.024,0.029,-0.015,-0.035,0.003,0.000,1,W,0,,,,573692,155.42,0
954,2184.383,"Mount",-0.045,-0.015,-0.007,0.047,-0.002,0.000,1,E,0,,,,553107,141.80,0
955,2186.473,"Mount",-0.001,0.015,-0.014,-0.006,-0.005,0.000,2,E,0,,,,584603,163.04,0
956,2188.759,"Mount",-0.008,-0.043,0.034,0.027,-0.015,0.000,6,E,0,,,,572292,155.18,0
957,2190.966,"Mount",-0.123,0.081,-0.129,0.071,-0.083,0.026,35,E,11,S,,,561728,153.41,0
958,2193.281,"Mount",-0.019,0.101,-0.099,-0.030,-0.085,0.000,35,E,0,,,,561571,160.58,0
959,2195.508,"Mount",-0.020,0.054,-0.057,-0.008,-0.051,0.000,21,E,0,,,,580726,147.89,0
960,2197.841,"Mount",-0.073,0.025,-0.055,0.053,-0.059,0.000,25,E,0,,,,554542,162.15,0
961,2200.090,"Mount",-0.071,-0.015,-0.019,0.070,-0.057,0.025,24,E,11,S,,,561196,148.57,0
962,2202.399,"Mount",-0.056,0.065,-0.083,0.020,-0.095,0.000,39,E,0,,,,559995,137.84,0
963,2204.466,"Mount",0.077,-0.058,0.087,-0.041,-0.007,0.000,3,E,0,,,,562439,140.10,0
964,2206.774,"Mount",-0.001,0.059,-0.052,-0.026,-0.030,0.000,13,E,0,,,,552167,164.20,0
965,2208.954,"Mount",-0.102,0.006,-0.052,0.088,-0.022,0.032,9,E,14,S,,,544089,160.23,0
966,2211.301,"Mount",0.043,0.066,-0.039,-0.068,-0.004,-0.023,2,E,10,N,,,534465,149.70,0
967,2213.477,"Mount",-0.104,-0.107,0.047,0.141,0.008,0.050,3,W,21,S,,,558270,156.30,0
968,2215.752,"Mount",-0.035,0.055,-0.065,0.006,-0.025,0.000,10,E,0,,,,573628,139.19,0
969,2217.893,"Mount",-0.097,-0.074,0.021,0.120,0.005,0.043,2,W,19,S,,,536297,149.38,0
970,2220.221,"Mount",0.071,-0.163,0.178,0.012,0.082,0.000,34,W,0,,,,568823,154.66,0
971,2222.310,"Mount",0.083,-0.196,0.212,0.017,0.098,0.000,41,W,0,,,,554570,162.25,0
972,2224.629,"Mount",0.063,-0.062,0.084,-0.027,0.039,0.000,16,W,0,,,,552699,168.79,0
973,2226.775,"Mount",-0.067,-0.060,0.023,0.087,0.017,0.031,7,W,13,S,,,564217,170.83,0
974,2229.110,"Mount",0.129,-0.135,0.179,-0.052,0.106,0.000,44,W,0,,,,559421,143.46,0
975,2231.193,"Mount",0.064,-0.034,0.060,-0.041,0.041,0.000,17,W,0,,,,571818,153.39,0
976,2233.516,"Mount",0.092,-0.101,0.132,-0.036,0.116,0.000,48,W,0,,,,575975,157.02,0
977,2235.628,"Mount",0.073,-0.088,0.112,-0.024,0.127,0.000,53,W,0,,,,578703,144.07,0
978,2238.059,"Mount",0.101,-0.020,0.064,-0.080,0.111,-0.029,46,W,12,N,,,560101,158.78,0
979,2240.158,"Mount",0.007,0.027,-0.020,-0.019,0.068,0.000,28,W,0,,,,611383,187.16,0
980,2242.555,"Mount",-0.169,0.079,-0.148,0.113,-0.026,0.041,11,E,17,S,,,552237,152.83,0
981,2244.623,"Mount",-0.020,0.034,-0.039,0.002,0.011,0.000,4,W,0,,,,555762,153.17,0
982,2246.966,"Mount",0.002,0.025,-0.021,-0.013,-0.044,0.000,18,E,0,,,,588949,169.65,0
983,2249.191,"Mount",-0.220,0.024,-0.123,0.184,-0.129,0.066,53,E,28,S,,,543754,153.47,0
984,2251.688,"Mount",-0.241,0.135,-0.231,0.151,-0.232,0.057,96,E,24,S,,,558972,158.73,0
985,2253.910,"Mount",-0.190,0.220,-0.283,0.067,-0.284,0.026,118,E,11,S,,,538864,157.04,0
986,2256.411,"Mount",-0.131,0.390,-0.407,-0.063,-0.358,-0.022,149,E,9,N,,,526182,135.60,0
987,2258.595,"Mount",-0.024,0.086,-0.087,-0.019,-0.224,0.000,93,E,0,,,,550375,151.95,0
988,2260.969,"Mount",0.037,0.053,-0.030,-0.058,-0.180,0.000,75,E,0,,,,537513,157.36,0
989,2263.143,"Mount",-0.049,0.049,-0.066,0.021,-0.202,0.000,84,E,0,,,,592219,180.41,0
990,2265.497,"Mount",-0.010,0.003,-0.007,0.008,-0.161,0.000,67,E,0,,,,566434,154.70,0
991,2267.720,"Mount",0.005,0.192,-0.168,-0.093,-0.225,-0.033,93,E,14,N,,,575846,167.38,0
992,2270.111,"Mount",-0.005,-0.013,0.009,0.011,-0.148,0.000,61,E,0,,,,577623,172.50,0
993,2272.275,"Mount",-0.015,-0.024,0.015,0.025,-0.140,0.000,58,E,0,,,,587565,157.93,0
994,2274.636,"Mount",0.061,-0.041,0.064,-0.035,-0.101,0.000,42,E,0,,,,569988,174.09,0
995,2276.720,"Mount",-0.011,-0.065,0.053,0.040,-0.098,0.000,41,E,0,,,,579901,161.65,0
996,2279.057,"Mount",0.019,-0.052,0.055,0.007,-0.076,0.000,32,E,0,,,,599202,176.89,0
997,2281.220,"Mount",-0.027,-0.121,0.095,0.080,0.004,0.029,2,W,12,S,,,557070,138.92,0
998,2283.552,"Mount",0.044,-0.026,0.043,-0.027,-0.012,0.000,5,E,0,,,,568702,168.16,0
999,2285.728,"Mount",0.094,-0.036,0.075,-0.067,0.018,-0.024,8,W,10,N,,,576205,170.74,0
1000,2288.075,"Mount",0.059,0.003,0.024,-0.054,-0.028,0.000,12,E,0,,,,561604,158.87,0
1001,2290.204,"Mount",0.065,-0.011,0.040,-0.052,-0.056,0.000,23,E,0,,,,555412,141.08,0
1002,2292.597,"Mount",-0.014,0.056,-0.056,-0.013,-0.095,0.000,39,E,0,,,,590435,151.64,0
1003,2294.751,"Mount",-0.036,-0.031,0.011,0.046,-0.114,0.000,47,E,0,,,,560926,165.32,0
1004,2297.197,"Mount",-0.069,0.041,-0.068,0.042,-0.181,0.000,75,E,0,,,,573265,141.62,0
1005,2299.390,"Mount",-0.019,-0.059,0.044,0.044,-0.177,0.000,73,E,0,,,,558377,149.87,0
1006,2301.815,"Mount",0.039,0.060,-0.036,-0.062,-0.189,-0.022,78,E,10,N,,,583570,162.04,0
1007,2303.954,"Mount",-0.029,0.018,-0.030,0.018,-0.209,0.000,87,E,0,,,,575427,150.72,0
1008,2306.332,"Mount",-0.035,0.002,-0.018,0.030,-0.218,0.000,91,E,0,,,,607932,155.28,0
1009,2308.497,"Mount",-0.007,0.037,-0.036,-0.011,-0.227,0.000,94,E,0,,,,601122,178.90,0
1010,2310.904,"Mount",-0.045,0.040,-0.056,0.022,-0.248,0.000,103,E,0,,,,567157,171.07,0
1011,2313.085,"Mount",-0.074,0.068,-0.094,0.035,-0.281,0.000,117,E,0,,,,569898,160.08,0
1012,2315.598,"Mount",-0.172,0.034,-0.110,0.137,-0.315,0.049,131,E,21,S,,,572131,142.21,0
1013,2317.895,"Mount",-0.115,0.050,-0.097,0.079,-0.310,0.030,129,E,13,S,,,575094,159.23,0
1014,2320.433,"Mount",-0.189,0.016,-0.101,0.161,-0.321,0.059,133,E,25,S,,,560828,143.87,0
1015,2322.718,"Mount",-0.174,0.161,-0.223,0.080,-0.375,0.031,156,E,13,S,,,576683,158.18,0
1016,2325.190,"Mount",-0.120,0.051,-0.100,0.083,-0.318,0.031,132,E,13,S,,,570565,135.07,0
1017,2327.385,"Mount",-0.024,0.125,-0.122,-0.036,-0.326,0.000,135,E,0,,,,574565,174.22,0
1018,2329.920,"Mount",-0.037,0.213,-0.206,-0.065,-0.379,-0.024,157,E,10,N,,,581616,176.80,0
1019,2332.188,"Mount",-0.167,0.014,-0.089,0.142,-0.288,0.050,119,E,21,S,,,548918,144.49,0
1020,2334.614,"Mount",-0.048,0.003,-0.025,0.041,-0.267,0.000,111,E,0,,,,569106,142.44,0
1021,2336.821,"Mount",0.001,0.087,-0.076,-0.041,-0.257,0.000,107,E,0,,,,594586,170.59,0
1022,2339.271,"Mount",0.066,-0.101,0.120,-0.012,-0.153,0.000,64,E,0,,,,616676,163.49,0
1023,2341.414,"Mount",-0.028,-0.050,0.032,0.048,-0.185,0.000,77,E,0,,,,547597,150.90,0
1024,2343.842,"Mount",-0.069,0.044,-0.071,0.041,-0.188,0.000,78,E,0,,,,556470,147.18,0
1025,2346.103,"Mount",-0.048,-0.062,0.033,0.071,-0.147,0.026,61,E,11,S,,,562305,136.83,0
1026,2348.485,"Mount",0.125,-0.081,0.129,-0.074,-0.081,-0.025,34,E,11,N,,,571647,173.38,0
1027,2350.585,"Mount",0.020,0.025,-0.013,-0.029,-0.140,0.000,58,E,0,,,,566206,158.04,0
1028,2353.073,"Mount",-0.108,-0.045,-0.010,0.117,-0.144,0.042,60,E,18,S,,,581157,161.36,0
1029,2355.236,"Mount",0.052,-0.084,0.099,-0.007,-0.093,0.000,39,E,0,,,,562705,175.16,0
1030,2357.598,"Mount",0.037,-0.030,0.044,-0.019,-0.141,0.000,58,E,0,,,,573953,160.27,0
1031,2359.697,"Mount",0.053,-0.103,0.116,0.000,-0.077,0.000,32,E,0,,,,589935,166.69,0
1032,2362.137,"Mount",-0.116,-0.200,0.124,0.195,-0.057,0.070,24,E,30,S,,,574192,182.88,0
1033,2364.253,"Mount",0.013,0.019,-0.011,-0.020,-0.102,0.000,42,E,0,,,,547616,145.59,0
1034,2366.646,"Mount",0.115,-0.021,0.071,-0.093,-0.042,-0.033,17,E,14,N,,,552589,150.25,0
1035,2368.781,"Mount",-0.043,0.030,-0.047,0.025,-0.063,0.000,26,E,0,,,,590690,158.12,0
1036,2371.138,"Mount",-0.003,-0.001,-0.001,0.003,-0.053,0.000,22,E,0,,,,574109,156.90,0
1037,2373.316,"Mount",-0.078,-0.030,-0.009,0.083,-0.039,0.030,16,E,13,S,,,559692,143.43,0
1038,2375.729,"Mount",-0.051,-0.052,0.023,0.069,-0.033,0.026,14,E,11,S,,,571389,144.93,0
1039,2377.850,"Mount",0.111,0.030,0.025,-0.112,-0.014,-0.039,6,E,17,N,,,568734,156.06,0
1040,2380.287,"Mount",0.072,0.070,-0.029,-0.096,0.005,-0.036,2,W,15,N,,,570169,166.74,0
1041,2382.447,"Mount",0.056,-0.058,0.077,-0.023,0.063,0.000,26,W,0,,,,579205,170.05,0
1042,2384.772,"Mount",0.033,-0.041,0.052,-0.010,0.051,0.000,21,W,0,,,,580630,174.48,0
1043,2386.901,"Mount",-0.035,-0.055,0.033,0.056,0.067,0.000,28,W,0,,,,577456,146.80,0
1044,2389.274,"Mount",-0.130,-0.015,-0.047,0.123,0.080,0.044,33,W,19,S,,,560927,157.89,0
1045,2391.354,"Mount",-0.042,-0.046,0.022,0.059,0.096,0.000,40,W,0,,,,547427,139.86,0
1046,2393.798,"Mount",0.166,-0.009,0.085,-0.143,0.149,-0.052,62,W,22,N,,,533966,149.94,0
1047,2395.956,"Mount",-0.110,0.017,-0.065,0.089,0.086,0.030,36,W,13,S,,,570157,148.49,0
1048,2398.342,"Mount",0.084,-0.238,0.250,0.035,0.241,0.000,100,W,0,,,,545273,160.22,0
1049,2400.628,"Mount",-0.017,-0.319,0.275,0.163,0.257,0.059,107,W,25,S,,,549451,155.80,0
1050,2403.020,"Mount",0.046,-0.130,0.137,0.020,0.212,0.000,88,W,0,,,,562044,166.25,0
1051,2405.226,"Mount",0.098,-0.190,0.213,0.001,0.258,0.000,107,W,0,,,,515654,127.37,0
1052,2407.613,"Mount",0.039,-0.045,0.058,-0.014,0.171,0.000,71,W,0,,,,554267,142.88,0
1053,2409.752,"Mount",0.102,-0.162,0.191,-0.016,0.247,0.000,102,W,0,,,,535465,166.07,0
1054,2412.386,"Mount",-0.020,-0.146,0.121,0.085,0.217,0.031,90,W,13,S,,,574251,150.61,0
1055,2414.584,"Mount",0.067,-0.193,0.202,0.030,0.241,0.000,100,W,0,,,,556177,152.31,0
1056,2416.941,"Mount",0.006,-0.058,0.054,0.021,0.117,0.000,48,W,0,,,,549770,145.42,0
1057,2419.108,"Mount",-0.084,-0.028,-0.014,0.087,0.094,0.031,39,W,13,S,,,584332,169.81,0
1058,2421.515,"Mount",-0.141,-0.010,-0.056,0.130,0.068,0.048,28,W,21,S,,,554015,185.43,0
1059,2423.695,"Mount",-0.098,-0.061,0.009,0.115,0.039,0.043,16,W,19,S,,,590939,150.47,0
1060,2426.007,"Mount",-0.060,0.062,-0.082,0.025,-0.023,0.000,10,E,0,,,,570829,147.47,0
1061,2428.157,"Mount",-0.124,0.133,-0.175,0.048,-0.087,0.000,36,E,0,,,,569551,171.92,0
1062,2430.483,"Mount",0.024,-0.020,0.029,-0.012,-0.012,0.000,5,E,0,,,,562568,168.81,0
1063,2432.569,"Mount",-0.026,0.016,-0.027,0.016,-0.015,0.000,6,E,0,,,,581212,172.81,0
1064,2434.905,"Mount",-0.003,-0.023,0.019,0.014,-0.016,0.000,6,E,0,,,,558180,165.27,0
1065,2436.988,"Mount",-0.001,0.051,-0.046,-0.022,-0.011,0.000,5,E,0,,,,548852,159.46,0
1066,2439.310,"Mount",-0.036,-0.004,-0.013,0.033,-0.004,0.000,2,E,0,,,,568726,166.32,0
1067,2441.482,"Mount",-0.214,0.139,-0.222,0.126,-0.098,0.045,41,E,19,S,,,522795,139.26,0
1068,2443.881,"Mount",-0.069,-0.047,0.010,0.083,0.013,0.032,5,W,13,S,,,566117,135.57,0
1069,2445.929,"Mount",-0.019,-0.017,0.006,0.024,0.014,0.000,6,W,0,,,,555152,143.78,0
1070,2448.235,"Mount",-0.059,0.066,-0.086,0.022,-0.015,0.000,6,E,0,,,,553914,145.92,0
1071,2450.368,"Mount",0.125,-0.199,0.234,-0.019,0.147,0.000,61,W,0,,,,557324,138.23,0
1072,2452.814,"Mount",0.061,-0.256,0.255,0.064,0.177,0.023,73,W,10,S,,,553240,157.95,0
1073,2454.977,"Mount",0.113,-0.126,0.164,-0.042,0.172,0.000,71,W,0,,,,596398,168.10,0
1074,2457.362,"Mount",0.031,-0.052,0.060,-0.004,0.167,0.000,69,W,0,,,,549870,163.79,0
1075,2459.572,"Mount",0.033,-0.132,0.132,0.032,0.233,0.000,97,W,0,,,,587283,147.47,0
1076,2461.994,"Mount",0.024,-0.072,0.075,0.012,0.261,0.000,108,W,0,,,,566467,159.68,0
1077,2464.135,"Mount",-0.031,0.043,-0.053,0.008,0.247,0.000,103,W,0,,,,569906,153.08,0
1078,2466.616,"Mount",0.072,0.080,-0.038,-0.101,0.257,-0.036,107,W,16,N,,,613388,164.44,0
1079,2468.785,"Mount",0.019,0.082,-0.064,-0.055,0.233,0.000,97,W,0,,,,572834,154.22,0
1080,2471.152,"Mount",0.021,0.022,-0.010,-0.029,0.243,0.000,101,W,0,,,,586623,151.95,0
1081,2473.280,"Mount",0.014,-0.059,0.059,0.015,0.215,0.000,89,W,0,,,,555386,144.74,0
1082,2475.708,"Mount",0.072,-0.034,0.063,-0.048,0.234,0.000,97,W,0,,,,546673,152.77,0
1083,2477.859,"Mount",0.072,-0.035,0.064,-0.048,0.201,0.000,83,W,0,,,,556981,162.52,0
1084,2480.192,"Mount",-0.039,-0.041,0.018,0.054,0.164,0.000,68,W,0,,,,570370,155.01,0
1085,2482.399,"Mount",-0.126,-0.134,0.061,0.174,0.158,0.062,66,W,27,S,,,555829,158.06,0
1086,2484.733,"Mount",0.025,-0.135,0.132,0.040,0.171,0.000,71,W,0,,,,538910,132.81,0
1087,2486.944,"Mount",-0.103,-0.141,0.078,0.157,0.132,0.056,55,W,24,S,,,550629,163.13,0
1088,2489.237,"Mount",-0.006,-0.020,0.016,0.014,0.094,0.000,39,W,0,,,,560725,154.47,0
1089,2491.394,"Mount",0.104,0.053,0.001,-0.117,0.074,-0.042,31,W,18,N,,,572137,165.22,0
1090,2493.775,"Mount",-0.101,-0.031,-0.019,0.103,0.071,0.036,29,W,15,S,,,550232,170.21,0
1091,2495.934,"Mount",-0.164,-0.021,-0.057,0.155,0.051,0.057,21,W,25,S,,,535568,150.80,0
1092,2498.318,"Mount",-0.102,-0.074,0.019,0.124,0.030,0.047,13,W,20,S,,,570025,163.03,0
1093,2500.364,"Mount",0.061,-0.018,0.044,-0.046,0.021,0.000,9,W,0,,,,594587,166.61,0
1094,2502.684,"Mount",-0.005,-0.104,0.090,0.052,0.053,0.000,22,W,0,,,,557519,142.13,0
1095,2504.768,"Mount",-0.037,-0.006,-0.012,0.036,0.015,0.000,6,W,0,,,,595372,182.01,0
1096,2507.206,"Mount",-0.104,0.050,-0.092,0.069,-0.033,0.025,14,E,11,S,,,554340,147.54,0
1097,2509.455,"Mount",-0.058,0.045,-0.067,0.031,-0.019,0.000,8,E,0,,,,545554,145.91,0
1098,2511.805,"Mount",-0.016,0.165,-0.154,-0.062,-0.055,-0.022,23,E,10,N,,,577424,161.86,0
1099,2513.919,"Mount",-0.139,0.025,-0.086,0.112,-0.023,0.039,9,E,17,S,,,587249,150.90,0
1100,2516.290,"Mount",-0.151,-0.000,-0.069,0.134,-0.019,0.050,8,E,21,S,,,549368,180.48,0
1101,2518.368,"Mount",-0.017,-0.005,-0.004,0.017,0.011,0.000,5,W,0,,,,572525,188.76,0
1102,2520.669,"Mount",0.005,0.068,-0.058,-0.036,0.013,0.000,5,W,0,,,,563411,154.25,0
1103,2522.908,"Mount",-0.050,0.268,-0.261,-0.080,-0.104,-0.029,43,E,12,N,,,561305,155.04,0
1104,2525.191,"Mount",-0.035,0.034,-0.046,0.015,0.014,0.000,6,W,0,,,,543061,146.33,0
1105,2527.351,"Mount",-0.224,0.156,-0.241,0.127,-0.099,0.046,41,E,20,S,,,567053,162.53,0
1106,2529.709,"Mount",0.029,0.087,-0.064,-0.065,-0.024,-0.022,10,E,9,N,,,583476,170.93,0
1107,2531.867,"Mount",-0.006,0.151,-0.137,-0.064,-0.072,-0.024,30,E,10,N,,,529467,140.62,0
1108,2534.245,"Mount",0.043,0.099,-0.069,-0.084,-0.048,-0.031,20,E,13,N,,,581452,144.06,0
1109,2536.434,"Mount",0.087,0.044,0.001,-0.097,-0.020,-0.036,8,E,16,N,,,559194,133.15,0
1110,2538.749,"Mount",0.013,-0.106,0.100,0.038,0.016,0.000,7,W,0,,,,554303,168.96,0
1111,2540.876,"Mount",0.127,-0.003,0.061,-0.111,-0.000,-0.040,0,,17,N,,,556157,151.33,0
1112,2543.221,"Mount",-0.001,-0.016,0.014,0.008,-0.037,0.000,15,E,0,,,,561435,135.33,0
1113,2545.327,"Mount",0.079,-0.101,0.126,-0.023,0.021,0.000,9,W,0,,,,531538,144.55,0
1114,2547.770,"Mount",-0.159,-0.050,-0.029,0.164,-0.040,0.059,17,E,25,S,,,551547,148.45,0
1115,2549.900,"Mount",-0.056,0.051,-0.071,0.026,-0.074,0.000,31,E,0,,,,610666,153.09,0
1116,2552.286,"Mount",0.075,0.038,0.001,-0.084,-0.040,-0.030,17,E,13,N,,,563188,138.07,0
1117,2554.361,"Mount",-0.020,-0.003,-0.007,0.019,-0.027,0.000,11,E,0,,,,576215,162.92,0
1118,2556.665,"Mount",0.057,-0.000,0.027,-0.051,-0.024,0.000,10,E,0,,,,570711,145.53,0
1119,2558.708,"Mount",0.032,0.030,-0.012,-0.042,-0.014,0.000,6,E,0,,,,550346,189.69,0
1120,2561.032,"Mount",-0.040,0.017,-0.033,0.028,-0.004,0.000,2,E,0,,,,572439,181.00,0
1121,2563.124,"Mount",0.004,-0.012,0.013,0.002,0.003,0.000,1,W,0,,,,559366,149.99,0
1122,2565.518,"Mount",0.103,-0.030,0.074,-0.078,0.036,-0.028,15,W,12,N,,,567465,151.48,0
1123,2567.588,"Mount",0.054,-0.031,0.052,-0.034,0.003,0.000,1,W,0,,,,574780,156.13,0
1124,2569.919,"Mount",0.068,-0.025,0.054,-0.048,0.008,0.000,4,W,0,,,,570712,156.17,0
1125,2572.020,"Mount",0.012,-0.025,0.028,0.001,0.015,0.000,6,W,0,,,,551542,168.09,0
1126,2574.291,"Mount",0.010,-0.027,0.029,0.004,0.022,0.000,9,W,0,,,,562679,154.11,0
1127,2576.441,"Mount",0.083,-0.161,0.181,0.001,0.118,0.000,49,W,0,,,,570416,150.35,0
1128,2578.821,"Mount",0.032,-0.107,0.109,0.021,0.105,0.000,43,W,0,,,,531840,143.20,0
1129,2580.953,"Mount",0.006,-0.054,0.051,0.020,0.068,0.000,28,W,0,,,,543772,154.78,0
1130,2583.347,"Mount",-0.165,-0.077,-0.007,0.182,0.084,0.066,35,W,28,S,,,519266,139.94,0
1131,2585.537,"Mount",-0.098,-0.052,0.001,0.111,0.085,0.043,35,W,18,S,,,567600,157.85,0
1132,2587.877,"Mount",-0.082,0.136,-0.158,0.010,-0.006,0.000,2,E,0,,,,543089,146.69,0
1133,2589.947,"Mount",-0.087,0.058,-0.091,0.051,-0.011,0.000,4,E,0,,,,563551,167.89,0
1134,2592.262,"Mount",-0.030,0.107,-0.109,-0.023,-0.053,0.000,22,E,0,,,,611049,198.95,0
1135,2594.387,"Mount",-0.006,0.071,-0.066,-0.027,-0.084,0.000,35,E,0,,,,570549,144.15,0
1136,2596.737,"Mount",-0.046,0.014,-0.034,0.035,-0.101,0.000,42,E,0,,,,553091,145.71,0
1137,2598.930,"Mount",-0.132,0.190,-0.230,0.029,-0.243,0.000,101,E,0,,,,567134,154.01,0
1138,2601.496,"Mount",-0.189,0.162,-0.231,0.093,-0.276,0.034,114,E,14,S,,,560938,148.83,0
1139,2603.672,"Mount",-0.126,0.139,-0.181,0.047,-0.235,0.000,98,E,0,,,,552484,154.86,0
1140,2606.158,"Mount",-0.182,-0.070,-0.022,0.194,-0.165,0.070,68,E,30,S,,,535678,160.45,0
1141,2608.363,"Mount",-0.096,0.035,-0.075,0.069,-0.198,0.028,82,E,12,S,,,557652,176.69,0
1142,2610.852,"Mount",-0.095,0.013,-0.055,0.078,-0.176,0.029,73,E,12,S,,,570773,158.01,0
1143,2613.091,"Mount",-0.093,0.013,-0.055,0.077,-0.168,0.029,70,E,12,S,,,567964,167.45,0
1144,2615.479,"Mount",-0.010,0.095,-0.088,-0.035,-0.200,0.000,83,E,0,,,,565235,152.14,0
1145,2617.773,"Mount",0.007,0.334,-0.293,-0.160,-0.273,-0.058,113,E,25,N,,,560904,144.55,0
1146,2620.178,"Mount",-0.025,0.095,-0.096,-0.022,-0.175,0.000,73,E,0,,,,552134,164.17,0
1147,2622.321,"Mount",-0.027,0.153,-0.148,-0.046,-0.179,0.000,74,E,0,,,,542001,136.03,0
1148,2624.730,"Mount",-0.045,0.155,-0.158,-0.032,-0.163,0.000,68,E,0,,,,555483,157.38,0
1149,2626.893,"Mount",0.011,0.077,-0.063,-0.045,-0.094,0.000,39,E,0,,,,565969,140.18,0
1150,2629.218,"Mount",0.015,0.079,-0.063,-0.049,-0.076,0.000,31,E,0,,,,556164,164.85,0
1151,2631.363,"Mount",-0.052,0.116,-0.127,-0.008,-0.087,0.000,36,E,0,,,,571062,168.82,0
1152,2633.684,"Mount",-0.134,0.155,-0.199,0.048,-0.127,0.000,53,E,0,,,,547588,145.57,0
1153,2635.868,"Mount",-0.139,-0.070,-0.002,0.156,-0.055,0.056,23,E,24,S,,,551288,152.75,0
1154,2638.221,"Mount",-0.051,-0.013,-0.012,0.051,-0.072,0.000,30,E,0,,,,575266,163.95,0
1155,2640.317,"Mount",-0.032,0.067,-0.074,-0.003,-0.135,0.000,56,E,0,,,,549159,142.03,0
1156,2642.798,"Mount",-0.167,0.144,-0.205,0.082,-0.218,0.029,90,E,13,S,,,549068,151.34,0
1157,2645.022,"Mount",-0.110,-0.020,-0.033,0.107,-0.143,0.040,59,E,17,S,,,555241,164.48,0
1158,2647.487,"Mount",-0.069,0.121,-0.139,0.006,-0.232,0.000,96,E,0,,,,583668,161.42,0
1159,2649.724,"Mount",-0.086,-0.019,-0.022,0.085,-0.179,0.031,74,E,13,S,,,522106,132.46,0
1160,2652.120,"Mount",0.011,0.059,-0.048,-0.037,-0.197,0.000,82,E,0,,,,542167,140.24,0
1161,2654.285,"Mount",-0.019,-0.020,0.009,0.026,-0.212,0.000,88,E,0,,,,516091,151.99,0
1162,2656.800,"Mount",-0.078,0.110,-0.134,0.018,-0.293,0.000,121,E,0,,,,573090,154.71,0
1163,2659.004,"Mount",0.027,0.046,-0.029,-0.045,-0.252,0.000,105,E,0,,,,586615,153.69,0
1164,2661.436,"Mount",-0.066,0.030,-0.057,0.045,-0.270,0.000,112,E,0,,,,540374,166.44,0
1165,2663.609,"Mount",-0.007,0.023,-0.024,-0.005,-0.269,0.000,112,E,0,,,,563925,165.31,0
1166,2666.050,"Mount",-0.008,-0.030,0.023,0.021,-0.283,0.000,117,E,0,,,,593295,164.75,0
1167,2668.386,"Mount",-0.203,0.159,-0.235,0.107,-0.370,0.039,154,E,16,S,,,534451,144.66,0
1168,2670.892,"Mount",0.063,0.089,-0.050,-0.097,-0.268,-0.033,111,E,14,N,,,586498,168.87,0
1169,2673.083,"Mount",-0.046,0.008,-0.028,0.037,-0.243,0.000,101,E,0,,,,577653,162.22,0
1170,2675.557,"Mount",-0.105,0.156,-0.187,0.021,-0.340,0.000,141,E,0,,,,556507,142.08,0
1171,2677.858,"Mount",-0.148,0.070,-0.130,0.099,-0.315,0.036,131,E,15,S,,,560777,141.59,0
1172,2680.378,"Mount",-0.093,0.037,-0.076,0.065,-0.292,0.025,121,E,11,S,,,580354,152.49,0
1173,2682.660,"Mount",-0.093,0.007,-0.049,0.079,-0.256,0.029,106,E,13,S,,,550290,159.13,0
1174,2685.093,"Mount",0.013,0.058,-0.046,-0.038,-0.254,0.000,105,E,0,,,,559262,154.73,0
1175,2687.343,"Mount",-0.031,-0.094,0.069,0.071,-0.194,0.025,81,E,11,S,,,599593,168.11,0
1176,2689.744,"Mount",-0.029,0.031,-0.041,0.012,-0.223,0.000,93,E,0,,,,568841,167.36,0
1177,2691.916,"Mount",0.014,-0.034,0.037,0.003,-0.165,0.000,68,E,0,,,,561117,155.15,0
1178,2694.368,"Mount",0.192,0.025,0.066,-0.182,-0.129,-0.066,53,E,28,N,,,574743,181.91,0
1179,2696.516,"Mount",-0.001,-0.029,0.025,0.014,-0.131,0.000,54,E,0,,,,519010,132.21,0
1180,2698.907,"Mount",-0.122,-0.025,-0.034,0.120,-0.116,0.043,48,E,19,S,,,566623,153.22,0
1181,2701.007,"Mount",0.040,-0.077,0.087,0.000,-0.076,0.000,31,E,0,,,,543469,143.83,0
1182,2703.362,"Mount",-0.048,-0.001,-0.022,0.043,-0.115,0.000,48,E,0,,,,564704,156.09,0
1183,2705.475,"Mount",-0.038,0.019,-0.034,0.025,-0.128,0.000,53,E,0,,,,573647,167.35,0
1184,2707.911,"Mount",-0.108,0.037,-0.082,0.078,-0.159,0.028,66,E,12,S,,,551051,143.95,0
1185,2710.143,"Mount",-0.103,-0.049,-0.003,0.114,-0.120,0.042,50,E,18,S,,,586437,155.03,0
1186,2712.520,"Mount",-0.078,0.152,-0.171,-0.001,-0.182,0.000,76,E,0,,,,549382,134.75,0
1187,2714.743,"Mount",-0.035,-0.084,0.059,0.070,-0.093,0.025,39,E,11,S,,,579887,148.25,0
1188,2717.153,"Mount",0.098,0.105,-0.048,-0.136,-0.079,-0.048,33,E,20,N,,,555835,162.73,0
1189,2719.305,"Mount",0.095,0.064,-0.013,-0.114,-0.069,-0.043,29,E,18,N,,,575595,155.60,0
1190,2721.720,"Mount",-0.010,0.153,-0.140,-0.062,-0.108,-0.024,45,E,10,N,,,588258,161.68,0
1191,2723.825,"Mount",-0.015,-0.073,0.058,0.046,-0.033,0.000,14,E,0,,,,558067,150.44,0
1192,2726.228,"Mount",-0.016,-0.030,0.019,0.028,-0.011,0.000,5,E,0,,,,555349,166.12,0
1193,2728.287,"Mount",-0.039,-0.006,-0.013,0.037,0.011,0.000,5,W,0,,,,571537,156.50,0
1194,2730.739,"Mount",-0.117,-0.107,0.041,0.153,0.028,0.055,12,W,24,S,,,592084,162.43,0
1195,2732.907,"Mount",-0.059,-0.030,-0.000,0.066,0.045,0.026,19,W,11,S,,,583083,152.94,0
1196,2735.260,"Mount",0.096,-0.105,0.138,-0.037,0.121,0.000,50,W,0,,,,566057,147.00,0
1197,2737.467,"Mount",-0.122,-0.004,-0.053,0.110,0.083,0.040,34,W,17,S,,,546308,149.39,0
1198,2739.848,"Mount",0.106,-0.088,0.127,-0.053,0.164,0.000,68,W,0,,,,566633,151.84,0
1199,2741.979,"Mount",-0.006,-0.096,0.082,0.049,0.152,0.000,63,W,0,,,,539709,138.49,0
1200,2744.383,"Mount",0.160,-0.096,0.159,-0.098,0.210,-0.035,87,W,15,N,,,558889,137.04,0
1201,2746.575,"Mount",0.095,-0.087,0.121,-0.044,0.203,0.000,84,W,0,,,,561263,172.46,0
1202,2748.971,"Mount",-0.041,-0.048,0.024,0.059,0.162,0.000,67,W,0,,,,555591,157.95,0
1203,2751.162,"Mount",0.050,-0.057,0.073,-0.018,0.190,0.000,79,W,0,,,,575441,190.04,0
1204,2753.600,"Mount",0.097,-0.010,0.054,-0.082,0.158,-0.029,65,W,13,N,,,575379,168.04,0
1205,2755.760,"Mount",-0.044,0.016,-0.035,0.031,0.151,0.000,63,W,0,,,,574520,153.83,0
1206,2758.150,"Mount",0.071,-0.010,0.042,-0.058,0.146,0.000,61,W,0,,,,561652,163.94,0
1207,2760.339,"Mount",-0.121,-0.105,0.038,0.156,0.134,0.056,56,W,24,S,,,571875,154.15,0
1208,2762.734,"Mount",-0.008,-0.020,0.014,0.017,0.130,0.000,54,W,0,,,,598410,193.23,0
1209,2764.893,"Mount",0.037,-0.107,0.112,0.017,0.167,0.000,69,W,0,,,,581099,153.07,0
1210,2767.237,"Mount",-0.013,-0.092,0.075,0.054,0.141,0.000,58,W,0,,,,535607,152.78,0
1211,2769.334,"Mount",-0.003,-0.029,0.025,0.017,0.081,0.000,34,W,0,,,,549796,153.91,0
1212,2771.665,"Mount",-0.058,0.060,-0.080,0.024,0.014,0.000,6,W,0,,,,539659,133.20,0
1213,2773.829,"Mount",-0.047,-0.130,0.094,0.102,0.069,0.037,28,W,16,S,,,550041,157.16,0
1214,2776.243,"Mount",-0.125,-0.172,0.095,0.190,0.036,0.070,15,W,30,S,,,571770,160.64,0
1215,2778.306,"Mount",-0.036,0.029,-0.043,0.018,-0.019,0.000,8,E,0,,,,564323,164.34,0
1216,2780.691,"Mount",-0.034,-0.097,0.070,0.075,0.016,0.027,6,W,12,S,,,552782,153.51,0
1217,2782.852,"Mount",-0.098,-0.096,0.040,0.131,-0.019,0.048,8,E,21,S,,,535268,140.88,0
1218,2785.198,"Mount",-0.070,0.119,-0.138,0.007,-0.070,0.000,29,E,0,,,,569391,160.76,0
1219,2787.307,"Mount",-0.096,-0.044,-0.006,0.105,0.000,0.038,0,,16,S,,,568802,163.95,0
1220,2789.613,"Mount",-0.021,0.061,-0.064,-0.010,-0.015,0.000,6,E,0,,,,543019,155.03,0
1221,2791.809,"Mount",-0.062,-0.053,0.018,0.080,0.021,0.029,9,W,12,S,,,535404,128.87,0
1222,2794.258,"Mount",0.141,-0.108,0.161,-0.076,0.104,-0.026,43,W,11,N,,,601080,168.62,0
1223,2796.440,"Mount",0.089,-0.035,0.072,-0.062,0.075,-0.023,31,W,10,N,,,541674,161.73,0
1224,2798.801,"Mount",0.052,-0.073,0.089,-0.013,0.094,0.000,39,W,0,,,,576802,171.49,0
1225,2800.952,"Mount",-0.028,0.009,-0.021,0.020,0.070,0.000,29,W,0,,,,569720,154.24,0
1226,2803.313,"Mount",-0.019,0.034,-0.039,0.002,0.101,0.000,42,W,0,,,,575555,185.48,0
1227,2805.441,"Mount",0.053,-0.048,0.067,-0.025,0.159,0.000,66,W,0,,,,585267,161.85,0
1228,2807.914,"Mount",0.071,-0.051,0.079,-0.040,0.200,0.000,83,W,0,,,,529312,153.12,0
1229,2810.164,"Mount",-0.019,-0.085,0.066,0.056,0.227,0.000,94,W,0,,,,559642,157.63,0
1230,2812.602,"Mount",0.047,0.046,-0.019,-0.063,0.235,-0.023,97,W,10,N,,,567968,127.49,0
1231,2817.005,"Mount",0.095,0.019,0.026,-0.093,0.349,-0.034,145,W,15,N,,,580147,164.31,0
1232,2819.383,"Mount",-0.051,-0.041,0.012,0.064,0.265,0.022,110,W,9,S,,,560771,149.83,0
1233,2821.801,"Mount",0.017,-0.096,0.093,0.029,0.287,0.000,119,W,0,,,,568750,167.03,0
1234,2823.975,"Mount",0.062,-0.125,0.139,0.003,0.267,0.000,111,W,0,,,,580393,171.24,0
1235,2826.373,"Mount",0.084,-0.143,0.165,-0.008,0.259,0.000,107,W,0,,,,569763,170.87,0
1236,2828.548,"Mount",0.113,-0.116,0.155,-0.047,0.218,0.000,90,W,0,,,,563777,152.01,0
1237,2830.901,"Mount",0.034,-0.032,0.044,-0.015,0.129,0.000,54,W,0,,,,575256,138.41,0
1238,2833.094,"Mount",0.036,-0.052,0.063,-0.008,0.121,0.000,50,W,0,,,,576081,155.14,0
1239,2835.470,"Mount",-0.120,0.036,-0.088,0.090,0.043,0.032,18,W,14,S,,,580863,161.95,0
1240,2837.676,"Mount",-0.004,-0.132,0.115,0.064,0.126,0.024,52,W,10,S,,,586097,164.24,0
1241,2840.130,"Mount",-0.045,-0.130,0.094,0.100,0.127,0.037,53,W,16,S,,,546236,169.48,0
1242,2842.349,"Mount",0.164,-0.018,0.091,-0.137,0.116,-0.048,48,W,21,N,,,573365,151.90,0
1243,2844.734,"Mount",-0.060,-0.013,-0.016,0.059,0.070,0.000,29,W,0,,,,571092,155.01,0
1244,2846.805,"Mount",-0.057,0.064,-0.083,0.021,0.002,0.000,1,W,0,,,,573366,176.58,0
1245,2849.198,"Mount",-0.054,-0.096,0.061,0.092,0.048,0.033,20,W,14,S,,,556579,145.14,0
1246,2851.283,"Mount",0.051,-0.094,0.106,-0.002,0.049,0.000,20,W,0,,,,581737,146.14,0
1247,2853.680,"Mount",0.097,-0.007,0.051,-0.083,-0.004,-0.030,2,E,13,N,,,574514,161.26,0
1248,2855.777,"Mount",0.015,-0.039,0.042,0.004,0.001,0.000,1,W,0,,,,574281,164.94,0
1249,2858.097,"Mount",0.067,-0.127,0.144,-0.001,0.065,0.000,27,W,0,,,,554735,143.51,0
1250,2860.292,"Mount",-0.060,-0.095,0.057,0.097,0.012,0.035,5,W,15,S,,,568611,159.36,0
1251,2862.611,"Mount",0.062,-0.073,0.093,-0.021,0.056,0.000,23,W,0,,,,553461,153.94,0
1252,2864.729,"Mount",-0.013,0.013,-0.017,0.005,0.015,0.000,6,W,0,,,,568282,158.19,0
1253,2866.993,"Mount",0.009,-0.040,0.040,0.011,0.020,0.000,8,W,0,,,,566373,158.98,0
1254,2869.122,"Mount",-0.005,-0.084,0.073,0.043,0.049,0.000,21,W,0,,,,545708,158.62,0
1255,2871.425,"Mount",-0.027,0.078,-0.082,-0.013,-0.026,0.000,11,E,0,,,,566579,159.12,0
1256,2873.516,"Mount",0.014,-0.053,0.053,0.012,0.010,0.000,4,W,0,,,,562271,162.87,0
1257,2875.803,"Mount",-0.032,-0.000,-0.015,0.029,0.002,0.000,1,W,0,,,,576629,160.56,0
1258,2877.903,"Mount",-0.095,0.065,-0.101,0.055,-0.049,0.000,20,E,0,,,,573356,167.16,0
1259,2880.282,"Mount",-0.236,-0.025,-0.087,0.221,-0.044,0.079,18,E,34,S,,,587333,171.20,0
1260,2882.410,"Mount",-0.074,0.003,-0.037,0.065,-0.011,0.026,5,E,11,S,,,563160,146.11,0
1261,2884.770,"Mount",0.088,-0.008,0.048,-0.074,-0.018,-0.026,7,E,11,N,,,577565,167.26,0
1262,2886.889,"Mount",-0.074,-0.001,-0.033,0.066,-0.025,0.023,10,E,10,S,,,576067,149.65,0
1263,2889.213,"Mount",0.058,-0.026,0.050,-0.040,-0.033,0.000,14,E,0,,,,550642,145.58,0
1264,2891.360,"Mount",-0.119,-0.042,-0.018,0.125,-0.036,0.045,15,E,19,S,,,567852,167.81,0
1265,2893.650,"Mount",0.019,0.033,-0.021,-0.032,-0.045,0.000,19,E,0,,,,562631,167.62,0
1266,2895.713,"Mount",0.050,-0.058,0.074,-0.018,-0.009,0.000,4,E,0,,,,564900,173.92,0
1267,2898.138,"Mount",-0.057,-0.051,0.019,0.075,-0.050,0.027,21,E,11,S,,,571531,158.40,0
1268,2900.236,"Mount",0.030,-0.039,0.049,-0.009,-0.047,0.000,19,E,0,,,,558906,160.39,0
1269,2902.650,"Mount",0.115,0.058,0.002,-0.129,-0.042,-0.046,17,E,20,N,,,580778,165.66,0
1270,2904.754,"Mount",0.041,0.023,-0.001,-0.047,-0.034,0.000,14,E,0,,,,568693,154.61,0
1271,2907.163,"Mount",0.023,0.119,-0.095,-0.075,-0.056,-0.027,23,E,12,N,,,572550,179.86,0
1272,2909.206,"Mount",-0.062,0.033,-0.057,0.040,0.001,0.000,0,,0,,,,594261,186.06,0
1273,2911.613,"Mount",-0.063,-0.018,-0.013,0.064,0.010,0.023,4,W,10,S,,,537109,148.42,0
1274,2913.704,"Mount",0.055,-0.026,0.048,-0.037,0.010,0.000,4,W,0,,,,564714,151.44,0
1275,2916.117,"Mount",0.023,-0.195,0.183,0.070,0.096,0.025,40,W,11,S,,,525556,136.60,0
1276,2918.220,"Mount",0.051,-0.080,0.094,-0.008,0.057,0.000,24,W,0,,,,580335,179.73,0
1277,2920.634,"Mount",-0.007,-0.127,0.110,0.065,0.075,0.023,31,W,10,S,,,573102,169.15,0
1278,2922.770,"Mount",0.057,-0.115,0.128,0.002,0.090,0.000,37,W,0,,,,588650,160.57,0
1279,2925.114,"Mount",0.071,-0.053,0.080,-0.038,0.085,0.000,35,W,0,,,,531617,128.85,0
1280,2927.267,"Mount",0.034,-0.171,0.168,0.049,0.134,0.000,56,W,0,,,,540855,180.32,0
1281,2929.615,"Mount",-0.056,0.001,-0.027,0.050,0.067,0.000,28,W,0,,,,556390,143.08,0
1282,2931.757,"Mount",-0.004,-0.048,0.041,0.026,0.078,0.000,32,W,0,,,,592979,158.50,0
1283,2934.256,"Mount",-0.121,0.075,-0.122,0.073,0.024,0.026,10,W,11,S,,,542544,136.81,0
1284,2936.321,"Mount",-0.060,0.066,-0.087,0.023,0.007,0.000,3,W,0,,,,563280,165.30,0
1285,2938.675,"Mount",0.003,0.019,-0.015,-0.011,0.010,0.000,4,W,0,,,,573407,162.32,0
1286,2940.790,"Mount",0.008,0.078,-0.065,-0.044,-0.063,0.000,26,E,0,,,,530594,135.88,0
1287,2943.144,"Mount",-0.053,0.013,-0.036,0.041,-0.083,0.000,35,E,0,,,,572111,177.97,0
1288,2945.369,"Mount",0.008,0.068,-0.057,-0.038,-0.105,0.000,44,E,0,,,,563008,165.08,0
1289,2947.751,"Mount",-0.087,0.174,-0.195,-0.003,-0.227,0.000,94,E,0,,,,570207,157.90,0
1290,2949.967,"Mount",-0.220,-0.035,-0.070,0.211,-0.188,0.076,78,E,33,S,,,562068,155.39,0
1291,2952.374,"Mount",-0.199,0.397,-0.444,-0.007,-0.367,0.000,152,E,0,,,,575877,155.68,0
1292,2954.590,"Mount",-0.109,0.303,-0.319,-0.043,-0.309,0.000,128,E,0,,,,565177,145.34,0
1293,2957.043,"Mount",0.088,0.057,-0.010,-0.104,-0.177,-0.037,73,E,16,N,,,561102,170.64,0
1294,2959.220,"Mount",-0.048,0.071,-0.085,0.010,-0.210,0.000,87,E,0,,,,552454,156.19,0
1295,2961.596,"Mount",0.014,-0.037,0.039,0.005,-0.162,0.000,67,E,0,,,,589357,167.19,0
1296,2963.726,"Mount",0.004,-0.030,0.028,0.010,-0.146,0.000,61,E,0,,,,581857,184.43,0
1297,2966.156,"Mount",0.125,-0.052,0.103,-0.087,-0.090,-0.031,37,E,13,N,,,587887,200.77,0
1298,2968.324,"Mount",0.060,0.076,-0.040,-0.089,-0.117,-0.033,48,E,14,N,,,556196,145.58,0
1299,2970.763,"Mount",-0.010,0.016,-0.019,0.001,-0.113,0.000,47,E,0,,,,570164,157.88,0
1300,2972.987,"Mount",-0.057,-0.072,0.038,0.083,-0.092,0.030,38,E,13,S,,,546354,163.29,0
1301,2975.369,"Mount",-0.013,-0.145,0.123,0.078,-0.035,0.029,15,E,13,S,,,579505,164.49,0
1302,2977.527,"Mount",-0.049,-0.062,0.032,0.072,-0.078,0.027,32,E,12,S,,,569546,174.98,0
1303,2979.919,"Mount",0.138,-0.135,0.184,-0.060,0.012,-0.021,5,W,9,N,,,542166,144.97,0
1304,2982.091,"Mount",0.079,0.033,0.008,-0.086,-0.065,-0.032,27,E,14,N,,,543726,162.94,0
1305,2984.454,"Mount",0.007,-0.053,0.050,0.019,-0.074,0.000,31,E,0,,,,563158,163.30,0
1306,2986.580,"Mount",-0.005,-0.011,0.008,0.009,-0.070,0.000,29,E,0,,,,544500,143.31,0
1307,2989.049,"Mount",-0.112,0.060,-0.105,0.072,-0.137,0.026,57,E,11,S,,,580731,168.40,0
1308,2991.178,"Mount",-0.005,0.012,-0.013,-0.001,-0.101,0.000,42,E,0,,,,571608,173.89,0
1309,2993.558,"Mount",-0.040,-0.014,-0.006,0.042,-0.124,0.000,51,E,0,,,,531391,152.35,0
1310,2995.752,"Mount",-0.057,0.110,-0.124,0.000,-0.198,0.000,82,E,0,,,,584858,159.36,0
1311,2998.191,"Mount",-0.042,0.085,-0.095,-0.002,-0.213,0.000,88,E,0,,,,588908,158.81,0
1312,3000.329,"Mount",0.015,-0.042,0.045,0.006,-0.198,0.000,82,E,0,,,,584413,168.69,0
1313,3002.731,"Mount",0.012,-0.135,0.125,0.052,-0.175,0.000,73,E,0,,,,576586,158.86,0
1314,3005.060,"Mount",-0.251,-0.042,-0.078,0.242,-0.282,0.087,117,E,37,S,,,540318,139.31,0
1315,3007.437,"Mount",0.042,-0.139,0.142,0.027,-0.217,0.000,90,E,0,,,,585034,184.62,0
1316,3009.672,"Mount",-0.037,-0.228,0.185,0.138,-0.200,0.050,83,E,21,S,,,588889,147.87,0
1317,3012.105,"Mount",-0.036,0.081,-0.088,-0.005,-0.328,0.000,136,E,0,,,,568266,160.17,0
1318,3014.347,"Mount",-0.097,0.132,-0.162,0.025,-0.353,0.000,146,E,0,,,,589710,151.39,0
1319,3016.782,"Mount",0.041,0.036,-0.012,-0.053,-0.275,0.000,114,E,0,,,,583234,177.67,0
1320,3019.002,"Mount",-0.050,0.073,-0.088,0.011,-0.291,0.000,121,E,0,,,,560005,172.55,0
1321,3021.560,"Mount",-0.194,0.022,-0.109,0.162,-0.304,0.058,126,E,25,S,,,580665,165.48,0
1322,3023.876,"Mount",-0.102,0.076,-0.114,0.055,-0.296,0.000,123,E,0,,,,552671,180.36,0
1323,3026.373,"Mount",-0.152,0.027,-0.094,0.123,-0.307,0.044,127,E,19,S,,,549750,147.27,0
1324,3028.597,"Mount",-0.092,0.099,-0.130,0.036,-0.311,0.000,129,E,0,,,,562046,154.23,0
1325,3031.051,"Mount",-0.083,-0.031,-0.010,0.088,-0.246,0.032,102,E,14,S,,,562939,139.35,0
1326,3033.210,"Mount",0.048,-0.145,0.151,0.025,-0.160,0.000,66,E,0,,,,576231,174.19,0
1327,3035.696,"Mount",0.084,-0.029,0.064,-0.061,-0.193,-0.022,80,E,9,N,,,547466,137.82,0
1328,3037.871,"Mount",0.047,-0.060,0.075,-0.014,-0.165,0.000,68,E,0,,,,555416,164.02,0
1329,3040.269,"Mount",0.012,-0.061,0.059,0.017,-0.179,0.000,74,E,0,,,,550082,152.36,0
1330,3042.380,"Mount",0.032,-0.081,0.086,0.009,-0.122,0.000,51,E,0,,,,590583,178.30,0
1331,3044.845,"Mount",0.052,0.038,-0.010,-0.063,-0.160,-0.023,66,E,10,N,,,553226,164.20,0
1332,3047.002,"Mount",0.041,0.018,0.003,-0.044,-0.143,0.000,59,E,0,,,,563101,155.81,0
1333,3049.364,"Mount",0.011,-0.021,0.024,0.000,-0.143,0.000,59,E,0,,,,581519,158.17,0
1334,3051.532,"Mount",0.046,-0.134,0.140,0.021,-0.064,0.000,27,E,0,,,,557629,162.69,0
1335,3053.862,"Mount",0.061,-0.052,0.075,-0.030,-0.091,0.000,38,E,0,,,,557536,148.74,0
1336,3056.009,"Mount",-0.008,0.038,-0.037,-0.011,-0.105,0.000,44,E,0,,,,543665,136.17,0
1337,3058.384,"Mount",-0.084,-0.030,-0.012,0.089,-0.094,0.032,39,E,14,S,,,579738,170.00,0
1338,3060.490,"Mount",-0.038,-0.010,-0.008,0.038,-0.088,0.000,36,E,0,,,,543693,151.36,0
1339,3062.937,"Mount",-0.142,-0.046,-0.024,0.148,-0.070,0.053,29,E,23,S,,,561599,150.55,0
1340,3065.112,"Mount",0.001,-0.170,0.152,0.077,-0.003,0.030,1,E,13,S,,,564580,160.43,0
1341,3067.520,"Mount",-0.125,0.026,-0.081,0.099,-0.095,0.037,40,E,16,S,,,578803,165.06,0
1342,3069.654,"Mount",-0.076,-0.217,0.158,0.167,0.018,0.062,8,W,26,S,,,581273,168.49,0
1343,3071.980,"Mount",-0.010,-0.017,0.010,0.016,-0.042,0.000,17,E,0,,,,572826,168.79,0
1344,3074.089,"Mount",0.097,-0.062,0.100,-0.058,0.021,0.000,9,W,0,,,,552817,134.65,0
1345,3076.381,"Mount",-0.003,0.005,-0.006,0.001,0.005,0.000,2,W,0,,,,562354,171.32,0
1346,3078.499,"Mount",0.078,-0.074,0.101,-0.035,0.067,0.000,28,W,0,,,,567435,163.70,0
1347,3080.854,"Mount",0.057,0.012,0.016,-0.056,0.044,0.000,18,W,0,,,,574100,171.96,0
1348,3083.048,"Mount",-0.114,-0.043,-0.014,0.121,0.063,0.044,26,W,19,S,,,552223,150.12,0
1349,3085.522,"Mount",-0.003,-0.139,0.122,0.067,0.148,0.026,61,W,11,S,,,574037,165.70,0
1350,3087.773,"Mount",-0.044,-0.067,0.039,0.070,0.111,0.026,46,W,11,S,,,585485,176.60,0
1351,3090.191,"Mount",0.032,0.006,0.009,-0.031,0.130,0.000,54,W,0,,,,548220,151.21,0
1352,3092.395,"Mount",0.133,-0.054,0.109,-0.094,0.194,-0.034,81,W,14,N,,,585117,152.66,0
1353,3094.882,"Mount",0.230,-0.140,0.230,-0.140,0.265,-0.052,110,W,22,N,,,597331,157.84,0
1354,3097.088,"Mount",0.081,-0.076,0.105,-0.036,0.210,0.000,87,W,0,,,,576197,166.06,0
1355,3099.566,"Mount",0.152,-0.123,0.180,-0.078,0.245,-0.028,102,W,12,N,,,565472,168.10,0
1356,3101.723,"Mount",0.036,0.005,0.012,-0.034,0.161,0.000,67,W,0,,,,570517,154.00,0
1357,3104.148,"Mount",-0.014,-0.027,0.017,0.025,0.154,0.000,64,W,0,,,,550893,155.71,0
1358,3106.252,"Mount",-0.012,-0.002,-0.004,0.012,0.135,0.000,56,W,0,,,,569034,170.55,0
1359,3108.611,"Mount",-0.058,0.101,-0.116,0.004,0.075,0.000,31,W,0,,,,584989,165.53,0
1360,3110.786,"Mount",0.005,-0.085,0.077,0.035,0.151,0.000,63,W,0,,,,576800,167.23,0
1361,3113.180,"Mount",0.050,-0.069,0.084,-0.012,0.151,0.000,63,W,0,,,,571423,172.64,0
1362,3115.391,"Mount",-0.068,-0.176,0.125,0.141,0.156,0.051,65,W,22,S,,,558141,159.92,0
1363,3117.808,"Mount",-0.110,-0.023,-0.030,0.108,0.082,0.041,34,W,18,S,,,582928,165.69,0
1364,3120.002,"Mount",-0.248,0.068,-0.174,0.188,-0.018,0.069,7,E,30,S,,,562630,163.42,0
1365,3122.308,"Mount",-0.031,0.157,-0.153,-0.045,-0.026,0.000,11,E,0,,,,576586,204.53,0
1366,3124.466,"Mount",-0.161,0.014,-0.087,0.136,-0.016,0.049,7,E,21,S,,,553051,139.03,0
1367,3126.821,"Mount",0.025,0.093,-0.071,-0.065,-0.041,-0.022,17,E,9,N,,,549267,159.17,0
1368,3129.090,"Mount",-0.088,-0.125,0.071,0.136,0.014,0.048,6,W,20,S,,,575154,156.22,0
1369,3131.459,"Mount",-0.079,0.243,-0.252,-0.042,-0.141,0.000,58,E,0,,,,557954,163.37,0
1370,3133.821,"Mount",-0.262,0.137,-0.242,0.169,-0.128,0.061,53,E,26,S,,,556582,154.08,0
1371,3136.115,"Mount",-0.021,0.086,-0.086,-0.021,-0.047,0.000,19,E,0,,,,570432,172.57,0
1372,3139.020,"Mount",-1.533,3.264,-3.604,-0.147,-1.620,-0.053,672,E,23,N,,,552324,140.75,0
1373,3141.394,"Mount",-0.083,-0.001,-0.037,0.074,0.004,0.024,2,W,10,S,,,546424,148.80,0
1374,3143.894,"Mount",0.584,-1.374,1.489,0.117,0.690,0.043,286,W,18,S,,,534927,163.88,0
1375,3146.363,"Mount",0.395,-0.787,0.880,0.013,0.373,0.000,155,W,0,,,,571061,169.84,0
1376,3148.548,"Mount",0.246,-0.418,0.484,-0.025,0.215,0.000,89,W,0,,,,574829,170.69,0
1377,3151.106,"Mount",0.141,-0.514,0.521,0.113,0.386,0.041,160,W,17,S,,,558417,154.47,0
1378,3153.387,"Mount",0.210,-0.105,0.190,-0.138,0.268,-0.048,111,W,20,N,,,558629,157.69,0
1379,3155.858,"Mount",0.030,0.099,-0.074,-0.073,0.200,-0.028,83,W,12,N,,,547543,150.19,0
1380,3158.050,"Mount",0.077,-0.083,0.109,-0.030,0.303,0.000,126,W,0,,,,571937,158.87,0
1381,3160.443,"Mount",0.023,0.049,-0.033,-0.043,0.245,0.000,102,W,0,,,,558768,153.68,0
1382,3162.643,"Mount",-0.041,0.004,-0.022,0.035,0.257,0.000,107,W,0,,,,529113,133.33,0
1383,3165.130,"Mount",-0.037,-0.094,0.066,0.077,0.311,0.028,129,W,12,S,,,539737,129.33,0
1384,3167.402,"Mount",-0.100,-0.052,-0.000,0.113,0.249,0.042,103,W,18,S,,,546658,139.52,0
1385,3169.804,"Mount",-0.051,0.018,-0.040,0.037,0.245,0.000,102,W,0,,,,553168,132.10,0
1386,3171.937,"Mount",-0.059,0.051,-0.073,0.029,0.166,0.000,69,W,0,,,,570547,162.86,0
1387,3174.258,"Mount",-0.091,0.176,-0.198,-0.000,0.080,0.000,33,W,0,,,,564993,164.05,0
1388,3176.387,"Mount",-0.046,-0.008,-0.014,0.045,0.140,0.000,58,W,0,,,,559368,144.24,0
1389,3178.745,"Mount",0.040,-0.012,0.030,-0.030,0.111,0.000,46,W,0,,,,557657,151.33,0
1390,3180.893,"Mount",-0.036,-0.024,0.005,0.043,0.092,0.000,38,W,0,,,,555477,155.33,0
1391,3183.263,"Mount",-0.085,0.077,-0.108,0.040,0.027,0.000,11,W,0,,,,574698,153.09,0
1392,3185.387,"Mount",-0.037,-0.019,0.000,0.042,0.079,0.000,33,W,0,,,,544449,142.34,0
1393,3187.810,"Mount",-0.283,-0.004,-0.127,0.253,0.030,0.091,12,W,39,S,,,570823,149.93,0
1394,3189.957,"Mount",-0.091,0.041,-0.078,0.062,0.046,0.026,19,W,11,S,,,585829,153.74,0
1395,3192.445,"Mount",0.136,-0.027,0.087,-0.108,0.105,-0.038,43,W,16,N,,,573335,149.02,0
1396,3194.525,"Mount",0.031,-0.013,0.026,-0.022,0.054,0.000,22,W,0,,,,556732,146.91,0
1397,3196.848,"Mount",-0.034,0.070,-0.077,-0.002,-0.005,0.000,2,E,0,,,,547021,155.66,0
1398,3199.138,"Mount",0.126,-0.046,0.099,-0.091,0.066,-0.033,28,W,14,N,,,563663,159.30,0
1399,3201.553,"Mount",-0.135,0.021,-0.081,0.110,-0.026,0.038,11,E,16,S,,,563967,141.94,0
1400,3203.621,"Mount",-0.008,-0.018,0.012,0.015,0.008,0.000,3,W,0,,,,541084,159.38,0
1401,3206.052,"Mount",-0.065,-0.081,0.042,0.095,0.011,0.034,4,W,15,S,,,576359,157.48,0
1402,3208.181,"Mount",0.016,-0.063,0.063,0.015,0.043,0.000,18,W,0,,,,573040,160.77,0
1403,3210.560,"Mount",-0.100,0.028,-0.071,0.076,-0.016,0.027,7,E,12,S,,,580748,170.16,0
1404,3212.737,"Mount",-0.163,-0.009,-0.067,0.149,-0.017,0.055,7,E,23,S,,,545942,153.55,0
1405,3215.072,"Mount",-0.008,0.090,-0.084,-0.034,-0.033,0.000,14,E,0,,,,573067,139.48,0
1406,3217.233,"Mount",0.067,0.021,0.012,-0.069,0.002,-0.025,1,W,11,N,,,556162,152.87,0
1407,3219.610,"Mount",0.117,-0.122,0.162,-0.047,0.074,0.000,31,W,0,,,,583084,164.30,0
1408,3221.739,"Mount",0.003,0.047,-0.041,-0.024,0.004,0.000,2,W,0,,,,555917,175.59,0
1409,3224.111,"Mount",0.047,-0.006,0.027,-0.039,-0.002,0.000,1,E,0,,,,561335,160.68,0
1410,3226.197,"Mount",0.060,-0.095,0.112,-0.009,0.048,0.000,20,W,0,,,,586453,164.42,0
1411,3228.545,"Mount",0.047,-0.032,0.050,-0.027,-0.004,0.000,2,E,0,,,,556687,156.17,0
1412,3230.620,"Mount",-0.055,0.044,-0.064,0.029,-0.031,0.000,13,E,0,,,,549103,128.22,0
1413,3233.125,"Mount",-0.170,-0.051,-0.033,0.174,-0.009,0.063,4,E,27,S,,,567667,167.38,0
1414,3235.290,"Mount",-0.060,-0.053,0.020,0.077,-0.019,0.030,8,E,13,S,,,593215,164.05,0
1415,3237.629,"Mount",-0.028,0.055,-0.061,-0.001,-0.054,0.000,22,E,0,,,,554284,179.63,0
1416,3239.744,"Mount",-0.077,0.211,-0.223,-0.029,-0.134,0.000,55,E,0,,,,557013,158.25,0
1417,3242.153,"Mount",-0.014,-0.016,0.008,0.020,-0.044,0.000,18,E,0,,,,566898,156.21,0
1418,3244.234,"Mount",-0.028,0.049,-0.056,0.002,-0.046,0.000,19,E,0,,,,574957,173.98,0
1419,3246.594,"Mount",-0.018,-0.031,0.019,0.031,-0.055,0.000,23,E,0,,,,568987,150.34,0
1420,3248.882,"Mount",-0.188,0.134,-0.206,0.104,-0.145,0.038,60,E,16,S,,,585435,144.37,0
1421,3251.287,"Mount",-0.056,-0.088,0.052,0.090,-0.047,0.034,19,E,15,S,,,537506,148.01,0
1422,3253.414,"Mount",-0.017,-0.016,0.007,0.023,-0.028,0.000,12,E,0,,,,558437,152.19,0
1423,3255.717,"Mount",0.000,-0.033,0.030,0.015,-0.017,0.000,7,E,0,,,,549994,135.98,0
1424,3257.846,"Mount",-0.054,0.002,-0.027,0.047,-0.010,0.000,4,E,0,,,,568701,156.90,0
1425,3260.243,"Mount",0.082,0.092,-0.044,-0.115,0.005,-0.041,2,W,18,N,,,589820,163.21,0
1426,3262.378,"Mount",0.041,0.064,-0.038,-0.066,0.017,-0.025,7,W,11,N,,,542883,144.19,0
1427,3264.789,"Mount",-0.155,-0.053,-0.025,0.162,0.025,0.057,10,W,24,S,,,557270,170.23,0
1428,3266.921,"Mount",-0.080,0.040,-0.073,0.053,-0.010,0.000,4,E,0,,,,588893,153.84,0
1429,3269.266,"Mount",0.046,-0.091,0.102,0.001,0.077,0.000,32,W,0,,,,575161,164.18,0
1430,3271.375,"Mount",0.067,-0.010,0.040,-0.055,0.041,0.000,17,W,0,,,,563059,158.54,0
1431,3273.753,"Mount",0.054,-0.140,0.150,0.017,0.116,0.000,48,W,0,,,,582403,163.11,0
1432,3275.881,"Mount",-0.041,0.020,-0.037,0.027,0.058,0.000,24,W,0,,,,557027,148.05,0
1433,3278.277,"Mount",-0.100,-0.012,-0.035,0.094,0.066,0.034,27,W,15,S,,,549238,160.44,0
1434,3280.449,"Mount",-0.109,-0.081,0.022,0.134,0.065,0.049,27,W,21,S,,,560972,170.07,0
1435,3282.781,"Mount",-0.017,-0.057,0.043,0.041,0.056,0.000,23,W,0,,,,573349,147.55,0
1436,3284.843,"Mount",-0.045,0.056,-0.071,0.014,-0.010,0.000,4,E,0,,,,580715,146.22,0
1437,3287.388,"Mount",-0.168,0.135,-0.197,0.087,-0.102,0.031,42,E,13,S,,,582644,164.83,0
1438,3289.647,"Mount",-0.067,-0.053,0.016,0.084,-0.046,0.032,19,E,14,S,,,567783,152.21,0
1439,3292.059,"Mount",-0.099,0.210,-0.232,-0.009,-0.187,0.000,78,E,0,,,,551706,151.19,0
1440,3294.205,"Mount",0.017,0.075,-0.059,-0.049,-0.109,0.000,45,E,0,,,,570085,196.78,0
1441,3296.618,"Mount",-0.058,0.074,-0.093,0.018,-0.194,0.000,81,E,0,,,,572306,163.07,0
1442,3298.815,"Mount",-0.033,0.097,-0.102,-0.015,-0.207,0.000,86,E,0,,,,555319,163.62,0
1443,3301.276,"Mount",-0.078,-0.029,-0.010,0.083,-0.165,0.030,69,E,13,S,,,562089,155.28,0
1444,3303.486,"Mount",-0.061,0.147,-0.159,-0.014,-0.239,0.000,99,E,0,,,,560148,163.95,0
1445,3305.927,"Mount",-0.121,0.215,-0.247,0.009,-0.291,0.000,121,E,0,,,,554007,138.87,0
1446,3308.145,"Mount",-0.051,0.145,-0.152,-0.022,-0.244,0.000,101,E,0,,,,567050,159.93,0
1447,3310.578,"Mount",0.075,-0.078,0.104,-0.031,-0.135,0.000,56,E,0,,,,569587,145.75,0
1448,3312.807,"Mount",0.001,-0.021,0.019,0.009,-0.167,0.000,69,E,0,,,,572781,173.82,0
1449,3315.175,"Mount",-0.049,0.126,-0.134,-0.015,-0.209,0.000,87,E,0,,,,559682,156.91,0
1450,3317.322,"Mount",-0.079,0.048,-0.079,0.048,-0.157,0.000,65,E,0,,,,571644,157.56,0
1451,3319.696,"Mount",-0.103,0.172,-0.200,0.012,-0.195,0.000,81,E,0,,,,575032,170.14,0
1452,3321.941,"Mount",-0.371,-0.161,-0.028,0.404,-0.086,0.145,36,E,62,S,,,554892,148.01,0
1453,3324.256,"Mount",-0.040,-0.021,0.000,0.046,-0.068,0.000,28,E,0,,,,600624,168.30,0
1454,3326.342,"Mount",0.049,0.028,-0.002,-0.057,-0.049,0.000,20,E,0,,,,558478,148.59,0
1455,3328.690,"Mount",0.005,-0.030,0.029,0.009,-0.047,0.000,20,E,0,,,,579097,164.32,0
1456,3330.853,"Mount",-0.005,-0.122,0.106,0.061,-0.007,0.022,3,E,9,S,,,575348,199.59,0
1457,3333.182,"Mount",0.078,-0.044,0.075,-0.049,-0.032,0.000,13,E,0,,,,571189,153.75,0
1458,3335.424,"Mount",-0.167,0.015,-0.090,0.142,-0.129,0.051,53,E,22,S,,,536445,144.96,0
1459,3337.909,"Mount",-0.021,0.262,-0.242,-0.102,-0.224,-0.035,93,E,15,N,,,541415,138.76,0
1460,3340.034,"Mount",0.042,-0.104,0.112,0.011,-0.087,0.000,36,E,0,,,,559878,158.34,0
1461,3342.495,"Mount",-0.113,0.048,-0.094,0.078,-0.200,0.028,83,E,12,S,,,545886,145.45,0
1462,3344.627,"Mount",-0.009,0.044,-0.043,-0.012,-0.165,0.000,68,E,0,,,,544817,155.14,0
1463,3346.997,"Mount",0.040,-0.124,0.129,0.022,-0.132,0.000,55,E,0,,,,547002,150.50,0
1464,3349.242,"Mount",-0.045,-0.051,0.025,0.064,-0.202,0.023,84,E,10,S,,,560681,170.57,0
1465,3351.599,"Mount",0.055,-0.052,0.072,-0.025,-0.194,0.000,80,E,0,,,,563101,162.19,0
1466,3353.719,"Mount",0.065,-0.111,0.128,-0.006,-0.171,0.000,71,E,0,,,,555210,164.51,0
1467,3356.076,"Mount",-0.000,0.028,-0.025,-0.013,-0.252,0.000,104,E,0,,,,558498,176.60,0
1468,3358.218,"Mount",0.077,-0.133,0.153,-0.007,-0.191,0.000,79,E,0,,,,564233,161.55,0
1469,3360.660,"Mount",0.033,-0.018,0.032,-0.021,-0.291,0.000,121,E,0,,,,566529,150.20,0
1470,3362.875,"Mount",-0.046,-0.042,0.016,0.061,-0.282,0.022,117,E,9,S,,,572718,143.01,0
1471,3365.353,"Mount",-0.042,-0.092,0.063,0.080,-0.271,0.030,113,E,13,S,,,563329,150.21,0
1472,3367.642,"Mount",-0.100,0.010,-0.054,0.084,-0.282,0.031,117,E,13,S,,,573429,146.82,0
1473,3370.129,"Mount",0.066,0.073,-0.034,-0.092,-0.282,-0.032,117,E,14,N,,,542024,139.30,0
1474,3372.312,"Mount",0.014,-0.041,0.043,0.006,-0.270,0.000,112,E,0,,,,561908,160.06,0
1475,3374.784,"Mount",-0.021,0.102,-0.100,-0.028,-0.318,0.000,132,E,0,,,,564444,142.82,0
1476,3377.007,"Mount",-0.090,0.095,-0.125,0.036,-0.293,0.000,122,E,0,,,,547534,153.11,0
1477,3379.460,"Mount",-0.078,0.123,-0.145,0.013,-0.286,0.000,119,E,0,,,,568027,157.59,0
1478,3381.639,"Mount",-0.029,0.079,-0.083,-0.011,-0.238,0.000,99,E,0,,,,549184,152.24,0
1479,3384.013,"Mount",-0.008,-0.095,0.080,0.051,-0.148,0.000,61,E,0,,,,588820,162.58,0
1480,3386.269,"Mount",-0.209,0.036,-0.128,0.169,-0.235,0.061,98,E,26,S,,,572601,173.56,0
1481,3388.693,"Mount",-0.091,0.170,-0.193,0.002,-0.259,0.000,107,E,0,,,,547794,149.40,0
1482,3390.868,"Mount",0.025,-0.017,0.026,-0.014,-0.175,0.000,73,E,0,,,,596544,204.43,0
1483,3393.358,"Mount",0.052,0.068,-0.036,-0.078,-0.170,-0.028,71,E,12,N,,,566687,155.40,0
1484,3395.598,"Mount",-0.057,-0.086,0.050,0.090,-0.169,0.031,70,E,13,S,,,565684,141.18,0
1485,3397.986,"Mount",0.098,-0.048,0.088,-0.065,-0.123,-0.022,51,E,9,N,,,564009,159.58,0
1486,3400.093,"Mount",0.045,-0.084,0.096,-0.001,-0.104,0.000,43,E,0,,,,565972,163.00,0
1487,3402.482,"Mount",0.095,-0.022,0.063,-0.074,-0.118,-0.027,49,E,11,N,,,571131,155.64,0
1488,3404.582,"Mount",0.048,-0.063,0.079,-0.014,-0.090,0.000,37,E,0,,,,556130,156.56,0
1489,3407.037,"Mount",-0.161,-0.190,0.095,0.231,-0.060,0.083,25,E,36,S,,,535774,134.14,0
1490,3409.178,"Mount",0.014,0.078,-0.063,-0.048,-0.108,0.000,45,E,0,,,,567923,162.18,0
1491,3411.549,"Mount",-0.043,0.079,-0.090,0.002,-0.100,0.000,42,E,0,,,,536900,154.56,0
1492,3413.736,"Mount",0.118,0.047,0.013,-0.127,-0.045,-0.046,18,E,20,N,,,548623,133.77,0
1493,3416.157,"Mount",0.001,0.138,-0.122,-0.065,-0.105,-0.025,43,E,11,N,,,566950,146.82,0
1494,3418.334,"Mount",-0.112,0.075,-0.118,0.065,-0.091,0.022,38,E,10,S,,,581609,174.61,0
1495,3420.671,"Mount",0.039,-0.023,0.038,-0.024,-0.036,0.000,15,E,0,,,,555185,146.39,0
1496,3422.815,"Mount",0.111,-0.026,0.074,-0.086,0.017,-0.031,7,W,13,N,,,542916,149.66,0
1497,3425.141,"Mount",-0.028,0.033,-0.042,0.009,0.001,0.000,1,W,0,,,,588695,160.28,0
1498,3427.305,"Mount",-0.094,0.026,-0.067,0.071,-0.009,0.026,4,E,11,S,,,598289,170.91,0
1499,3429.777,"Mount",0.033,0.073,-0.050,-0.063,0.045,-0.022,18,W,9,N,,,579239,171.74,0
1500,3431.991,"Mount",-0.166,0.089,-0.155,0.107,-0.001,0.038,1,E,16,S,,,570753,149.49,0
1501,3434.290,"Mount",-0.060,0.128,-0.141,-0.006,0.030,0.000,13,W,0,,,,550123,143.54,0
1502,3436.518,"Mount",0.037,0.061,-0.037,-0.061,0.111,-0.022,46,W,9,N,,,563178,153.71,0
1503,3438.895,"Mount",0.026,-0.047,0.054,-0.001,0.144,0.000,60,W,0,,,,541216,146.92,0
1504,3441.098,"Mount",0.109,-0.037,0.083,-0.080,0.187,-0.029,77,W,12,N,,,572559,162.37,0
1505,3443.442,"Mount",-0.007,-0.047,0.039,0.028,0.161,0.000,67,W,0,,,,526325,143.87,0
1506,3445.674,"Mount",-0.053,-0.053,0.023,0.071,0.152,0.026,63,W,11,S,,,540788,141.68,0
1507,3448.133,"Mount",0.009,-0.231,0.209,0.098,0.243,0.036,101,W,16,S,,,586908,161.24,0
1508,3450.288,"Mount",0.076,-0.094,0.119,-0.023,0.203,0.000,84,W,0,,,,551317,146.36,0
1509,3452.785,"Mount",-0.007,-0.193,0.168,0.095,0.225,0.034,93,W,15,S,,,568533,166.82,0
1510,3455.018,"Mount",0.195,-0.081,0.162,-0.136,0.207,-0.047,86,W,20,N,,,568558,143.96,0
1511,3457.418,"Mount",0.084,-0.106,0.133,-0.025,0.207,0.000,86,W,0,,,,542799,145.24,0
1512,3459.612,"Mount",-0.122,-0.083,0.018,0.146,0.136,0.053,56,W,23,S,,,572092,160.43,0
1513,3461.995,"Mount",0.023,-0.099,0.098,0.025,0.168,0.000,70,W,0,,,,543337,152.59,0
1514,3464.187,"Mount",-0.038,0.041,-0.054,0.015,0.109,0.000,45,W,0,,,,543577,154.88,0
1515,3466.508,"Mount",-0.041,0.152,-0.153,-0.034,0.007,0.000,3,W,0,,,,546400,153.85,0
1516,3468.611,"Mount",-0.061,0.017,-0.043,0.046,0.043,0.000,18,W,0,,,,543758,160.59,0
1517,3470.935,"Mount",-0.059,0.133,-0.145,-0.009,-0.055,0.000,23,E,0,,,,559880,162.97,0
1518,3473.067,"Mount",-0.113,-0.021,-0.033,0.110,-0.020,0.040,8,E,17,S,,,547657,155.70,0
1519,3475.495,"Mount",-0.182,-0.067,-0.024,0.192,-0.042,0.071,17,E,30,S,,,561706,168.03,0
1520,3477.684,"Mount",-0.180,0.069,-0.144,0.128,-0.126,0.049,52,E,21,S,,,563354,166.91,0
1521,3480.066,"Mount",-0.060,0.139,-0.151,-0.011,-0.140,0.000,58,E,0,,,,593805,162.52,0
1522,3482.237,"Mount",0.040,0.072,-0.045,-0.069,-0.049,-0.025,20,E,11,N,,,552497,150.20,0
1523,3484.576,"Mount",-0.018,0.069,-0.070,-0.016,-0.063,0.000,26,E,0,,,,550560,148.75,0
1524,3486.699,"Mount",-0.022,0.058,-0.062,-0.007,-0.033,0.000,14,E,0,,,,554250,155.67,0
1525,3489.160,"Mount",-0.034,-0.199,0.161,0.122,0.110,0.044,46,W,19,S,,,557173,140.66,0
1526,3491.276,"Mount",-0.037,0.068,-0.078,0.001,0.035,0.000,14,W,0,,,,561050,147.55,0
1527,3493.642,"Mount",-0.010,0.087,-0.082,-0.031,0.067,0.000,28,W,0,,,,527739,133.52,0
1528,3495.791,"Mount",0.007,-0.037,0.036,0.011,0.112,0.000,47,W,0,,,,589608,172.19,0
1529,3498.173,"Mount",0.007,-0.010,0.012,-0.001,0.136,0.000,56,W,0,,,,560323,161.17,0
1530,3500.302,"Mount",-0.024,0.030,-0.038,0.008,0.133,0.000,55,W,0,,,,587322,160.79,0
1531,3502.792,"Mount",-0.031,0.055,-0.063,0.002,0.134,0.000,56,W,0,,,,568554,182.71,0
1532,3505.111,"Mount",-0.019,-0.182,0.153,0.101,0.235,0.036,97,W,16,S,,,546795,171.19,0
1533,3507.554,"Mount",0.072,-0.146,0.163,0.003,0.251,0.000,104,W,0,,,,560077,160.48,0
1534,3509.695,"Mount",0.050,0.002,0.021,-0.046,0.188,0.000,78,W,0,,,,539999,154.15,0
1535,3512.157,"Mount",0.078,-0.073,0.101,-0.035,0.269,0.000,111,W,0,,,,574969,146.53,0
1536,3514.378,"Mount",0.125,-0.085,0.133,-0.071,0.282,-0.026,117,W,11,N,,,552882,157.89,0
1537,3516.874,"Mount",-0.041,-0.063,0.037,0.065,0.248,0.023,103,W,10,S,,,536299,145.34,0
1538,3519.065,"Mount",-0.025,-0.054,0.036,0.047,0.228,0.000,95,W,0,,,,549383,167.24,0
1539,3521.485,"Mount",-0.063,0.015,-0.042,0.049,0.213,0.000,89,W,0,,,,593897,184.03,0
1540,3523.798,"Mount",-0.126,-0.072,0.006,0.145,0.183,0.052,76,W,22,S,,,556057,162.20,0
1541,3526.185,"Mount",0.042,-0.104,0.112,0.010,0.203,0.000,84,W,0,,,,575556,170.18,0
1542,3528.324,"Mount",0.106,-0.137,0.170,-0.031,0.195,0.000,81,W,0,,,,584582,170.73,0
1543,3530.739,"Mount",0.079,-0.160,0.178,0.004,0.184,0.000,76,W,0,,,,573839,154.70,0
1544,3532.837,"Mount",0.032,-0.009,0.022,-0.024,0.092,0.000,38,W,0,,,,575797,144.42,0
1545,3535.204,"Mount",0.020,0.008,0.002,-0.022,0.090,0.000,38,W,0,,,,584676,149.13,0
1546,3537.298,"Mount",-0.017,-0.046,0.033,0.037,0.082,0.000,34,W,0,,,,573300,156.33,0
1547,3539.697,"Mount",-0.021,-0.086,0.067,0.058,0.107,0.000,44,W,0,,,,584822,157.54,0
1548,3541.887,"Mount",-0.033,-0.138,0.108,0.093,0.094,0.033,39,W,14,S,,,558642,151.38,0
1549,3544.290,"Mount",-0.109,-0.132,0.067,0.158,0.058,0.058,24,W,25,S,,,568437,160.76,0
1550,3546.416,"Mount",0.008,-0.030,0.030,0.007,0.013,0.000,5,W,0,,,,585225,164.18,0
1551,3548.781,"Mount",0.020,-0.107,0.104,0.031,0.052,0.000,22,W,0,,,,568299,139.36,0
1552,3550.904,"Mount",0.079,-0.094,0.119,-0.027,0.063,0.000,26,W,0,,,,564522,140.01,0
1553,3553.285,"Mount",0.053,0.042,-0.013,-0.067,0.006,-0.024,2,W,10,N,,,564479,156.07,0
1554,3555.388,"Mount",0.027,0.020,-0.006,-0.033,0.012,0.000,5,W,0,,,,552598,151.45,0
1555,3557.720,"Mount",0.015,0.091,-0.074,-0.056,-0.017,0.000,7,E,0,,,,571294,177.08,0
1556,3559.835,"Mount",-0.112,0.036,-0.084,0.082,-0.024,0.030,10,E,13,S,,,578379,158.13,0
1557,3562.206,"Mount",-0.132,0.015,-0.074,0.110,-0.026,0.041,11,E,17,S,,,563515,159.80,0
1558,3564.334,"Mount",-0.090,-0.049,0.002,0.103,0.005,0.039,2,W,17,S,,,563282,164.54,0
1559,3566.768,"Mount",-0.111,0.058,-0.102,0.071,-0.046,0.027,19,E,12,S,,,580043,167.47,0
1560,3568.851,"Mount",0.017,-0.044,0.047,0.005,0.005,0.000,2,W,0,,,,540107,145.88,0
1561,3571.161,"Mount",-0.032,0.032,-0.043,0.013,0.002,0.000,1,W,0,,,,595193,169.02,0
1562,3573.354,"Mount",0.085,-0.011,0.049,-0.070,-0.001,-0.025,1,E,11,N,,,561443,152.83,0
1563,3575.738,"Mount",-0.185,0.110,-0.183,0.114,-0.087,0.040,36,E,17,S,,,554267,155.99,0
1564,3577.831,"Mount",-0.000,0.065,-0.057,-0.030,-0.007,0.000,3,E,0,,,,565989,165.15,0
1565,3580.174,"Mount",-0.104,-0.034,-0.018,0.108,-0.014,0.039,6,E,17,S,,,560952,152.65,0
1566,3582.298,"Mount",-0.087,-0.104,0.052,0.126,-0.023,0.047,9,E,20,S,,,547866,136.13,0
1567,3584.660,"Mount",-0.114,-0.031,-0.025,0.116,-0.031,0.044,13,E,19,S,,,541813,143.95,0
1568,3586.791,"Mount",-0.106,0.017,-0.064,0.087,-0.063,0.033,26,E,14,S,,,561444,172.27,0
1569,3589.142,"Mount",-0.053,0.077,-0.093,0.011,-0.084,0.000,35,E,0,,,,572825,155.99,0
1570,3591.328,"Mount",-0.054,-0.135,0.095,0.110,-0.004,0.040,2,E,17,S,,,563296,152.97,0
1571,3593.691,"Mount",-0.084,0.043,-0.077,0.055,-0.089,0.000,37,E,0,,,,575429,158.52,0
1572,3595.805,"Mount",-0.052,-0.026,-0.001,0.058,-0.051,0.000,21,E,0,,,,555230,157.74,0
1573,3598.206,"Mount",-0.098,-0.046,-0.004,0.108,-0.049,0.039,20,E,17,S,,,555370,161.39,0
1574,3600.285,"Mount",-0.039,-0.000,-0.018,0.035,-0.040,0.000,17,E,0,,,,548627,152.98,0
1575,3602.649,"Mount",-0.038,0.121,-0.125,-0.022,-0.082,0.000,34,E,0,,,,549366,142.47,0
1576,3604.762,"Mount",0.035,-0.042,0.053,-0.012,-0.014,0.000,6,E,0,,,,559737,152.70,0
1577,3607.143,"Mount",-0.070,-0.040,0.003,0.081,-0.003,0.029,1,E,12,S,,,552175,147.06,0
1578,3609.273,"Mount",0.099,0.056,-0.004,-0.114,0.011,-0.040,5,W,17,N,,,562551,156.28,0
1579,3611.629,"Mount",0.100,-0.100,0.135,-0.043,0.092,0.000,38,W,0,,,,581559,154.75,0
1580,3613.757,"Mount",0.041,-0.080,0.090,0.000,0.078,0.000,32,W,0,,,,568202,146.08,0
1581,3616.159,"Mount",-0.153,0.148,-0.202,0.068,-0.057,0.024,24,E,10,S,,,553278,142.26,0
1582,3618.274,"Mount",0.107,-0.136,0.170,-0.032,0.110,0.000,46,W,0,,,,544336,136.70,0
1583,3620.640,"Mount",0.043,-0.132,0.137,0.023,0.105,0.000,43,W,0,,,,534496,155.81,0
1584,3622.741,"Mount",0.081,-0.037,0.070,-0.055,0.072,0.000,30,W,0,,,,551238,140.16,0
1585,3625.168,"Mount",0.122,-0.081,0.128,-0.071,0.113,-0.026,47,W,11,N,,,557759,143.32,0
1586,3627.389,"Mount",0.097,-0.049,0.089,-0.064,0.117,-0.024,49,W,10,N,,,563058,148.62,0
1587,3629.836,"Mount",-0.078,-0.131,0.081,0.130,0.103,0.046,43,W,20,S,,,550142,156.83,0
1588,3632.002,"Mount",0.015,-0.136,0.128,0.050,0.089,0.000,37,W,0,,,,571578,156.54,0
1589,3634.318,"Mount",-0.045,0.171,-0.172,-0.039,-0.075,0.000,31,E,0,,,,520458,133.57,0
1590,3636.498,"Mount",-0.055,-0.065,0.032,0.079,-0.035,0.028,14,E,12,S,,,559435,173.34,0
1591,3638.833,"Mount",0.020,0.077,-0.059,-0.053,-0.066,0.000,27,E,0,,,,533242,162.20,0
1592,3640.976,"Mount",-0.073,0.228,-0.236,-0.040,-0.203,0.000,84,E,0,,,,514198,143.94,0
1593,3643.293,"Mount",-0.038,0.026,-0.040,0.022,-0.137,0.000,57,E,0,,,,579761,152.72,0
1594,3645.480,"Mount",0.105,-0.021,0.067,-0.084,-0.128,-0.030,53,E,13,N,,,577629,169.37,0
1595,3647.926,"Mount",-0.153,0.236,-0.280,0.026,-0.305,0.000,127,E,0,,,,538431,153.87,0
1596,3650.146,"Mount",-0.030,-0.103,0.078,0.074,-0.139,0.027,58,E,11,S,,,574312,167.61,0
1597,3652.534,"Mount",-0.019,-0.008,-0.001,0.020,-0.174,0.000,72,E,0,,,,550540,140.64,0
1598,3654.751,"Mount",-0.101,-0.074,0.020,0.124,-0.176,0.044,73,E,19,S,,,550327,136.51,0
1599,3657.228,"Mount",-0.104,0.053,-0.095,0.068,-0.227,0.026,94,E,11,S,,,557222,137.97,0
1600,3659.559,"Mount",0.048,0.051,-0.023,-0.066,-0.170,-0.023,71,E,10,N,,,547046,150.92,0
1601,3661.908,"Mount",-0.101,0.113,-0.147,0.038,-0.217,0.000,90,E,0,,,,581605,154.42,0
1602,3664.104,"Mount",-0.093,-0.070,0.020,0.115,-0.121,0.041,50,E,18,S,,,569036,147.49,0
1603,3666.406,"Mount",-0.002,-0.024,0.020,0.012,-0.100,0.000,42,E,0,,,,554515,162.36,0
1604,3668.509,"Mount",-0.008,0.021,-0.022,-0.003,-0.081,0.000,34,E,0,,,,534011,152.01,0
1605,3670.887,"Mount",-0.042,-0.059,0.033,0.064,-0.075,0.023,31,E,10,S,,,576233,170.14,0
1606,3672.986,"Mount",0.044,0.034,-0.010,-0.054,-0.065,0.000,27,E,0,,,,560404,147.83,0
1607,3675.392,"Mount",-0.042,-0.055,0.030,0.062,-0.072,0.022,30,E,10,S,,,558696,154.76,0
1608,3677.538,"Mount",0.128,-0.015,0.072,-0.107,-0.038,-0.037,16,E,16,N,,,567348,148.82,0
1609,3679.883,"Mount",0.003,-0.117,0.105,0.051,-0.040,0.000,17,E,0,,,,548051,160.34,0
1610,3682.110,"Mount",0.077,-0.004,0.039,-0.066,-0.093,-0.024,39,E,10,N,,,561473,143.70,0
1611,3684.495,"Mount",0.103,-0.060,0.101,-0.064,-0.069,-0.024,29,E,10,N,,,564003,160.39,0
1612,3686.681,"Mount",-0.101,0.064,-0.103,0.060,-0.161,0.000,67,E,0,,,,571769,149.54,0
1613,3689.112,"Mount",-0.040,-0.159,0.123,0.109,-0.074,0.039,31,E,17,S,,,545475,157.22,0
1614,3691.273,"Mount",0.059,-0.117,0.131,0.002,-0.072,0.000,30,E,0,,,,542090,142.73,0
1615,3693.644,"Mount",0.024,-0.045,0.051,-0.000,-0.148,0.000,62,E,0,,,,529283,155.27,0
1616,3695.831,"Mount",-0.071,0.076,-0.100,0.028,-0.213,0.000,88,E,0,,,,555395,141.03,0
1617,3698.331,"Mount",-0.081,-0.042,0.000,0.091,-0.202,0.033,84,E,14,S,,,561338,169.25,0
1618,3700.458,"Mount",0.097,-0.193,0.216,0.003,-0.131,0.000,55,E,0,,,,560854,156.36,0
1619,3702.873,"Mount",-0.004,-0.114,0.100,0.056,-0.215,0.000,89,E,0,,,,536744,132.22,0
1620,3705.135,"Mount",-0.085,-0.174,0.115,0.155,-0.218,0.056,90,E,24,S,,,535228,142.24,0
1621,3707.606,"Mount",0.059,-0.033,0.056,-0.038,-0.302,0.000,125,E,0,,,,562126,157.96,0
1622,3709.799,"Mount",0.043,0.009,0.012,-0.042,-0.292,0.000,121,E,0,,,,574459,172.98,0
1623,3712.321,"Mount",-0.116,0.141,-0.178,0.038,-0.369,0.000,153,E,0,,,,587042,162.86,0
1624,3714.619,"Mount",-0.158,-0.009,-0.065,0.145,-0.295,0.052,122,E,22,S,,,583275,166.04,0
1625,3717.065,"Mount",-0.099,0.202,-0.225,-0.005,-0.369,0.000,153,E,0,,,,558565,153.27,0
1626,3719.255,"Mount",-0.012,0.027,-0.029,-0.002,-0.245,0.000,102,E,0,,,,559576,159.34,0
1627,3721.692,"Mount",-0.082,0.048,-0.081,0.050,-0.281,0.000,117,E,0,,,,571144,174.01,0
1628,3723.829,"Mount",-0.005,-0.010,0.007,0.009,-0.243,0.000,101,E,0,,,,556146,170.46,0
1629,3726.283,"Mount",0.078,0.017,0.021,-0.077,-0.241,-0.028,100,E,12,N,,,552572,151.52,0
1630,3728.507,"Mount",-0.037,-0.080,0.054,0.070,-0.228,0.024,95,E,10,S,,,539606,152.86,0
1631,3730.874,"Mount",0.043,-0.125,0.131,0.019,-0.177,0.000,74,E,0,,,,571308,142.04,0
1632,3733.066,"Mount",0.056,0.016,0.012,-0.058,-0.218,0.000,90,E,0,,,,558755,186.25,0
1633,3735.467,"Mount",-0.033,-0.058,0.037,0.056,-0.206,0.000,85,E,0,,,,538924,138.36,0
1634,3737.738,"Mount",-0.114,-0.061,0.001,0.129,-0.188,0.046,78,E,20,S,,,565500,157.59,0
1635,3740.242,"Mount",-0.024,-0.104,0.081,0.069,-0.145,0.027,60,E,11,S,,,595279,181.27,0
1636,3742.363,"Mount",-0.023,-0.066,0.048,0.051,-0.149,0.000,62,E,0,,,,556862,149.16,0
1637,3744.801,"Mount",0.113,0.061,-0.003,-0.128,-0.146,-0.046,61,E,20,N,,,567748,158.56,0
1638,3747.025,"Mount",-0.155,0.099,-0.159,0.092,-0.191,0.031,79,E,13,S,,,578582,164.17,0
1639,3749.486,"Mount",-0.140,0.018,-0.081,0.116,-0.157,0.043,65,E,18,S,,,533371,143.48,0
1640,3751.717,"Mount",-0.152,-0.008,-0.062,0.138,-0.140,0.052,58,E,22,S,,,551410,143.59,0
1641,3754.161,"Mount",0.068,0.150,-0.101,-0.129,-0.142,-0.045,59,E,19,N,,,556488,145.69,0
1642,3756.370,"Mount",-0.102,0.051,-0.092,0.067,-0.139,0.022,58,E,10,S,,,554520,152.75,0
1643,3758.785,"Mount",-0.140,0.116,-0.168,0.071,-0.161,0.026,67,E,11,S,,,550820,151.05,0
1644,3760.874,"Mount",0.083,-0.030,0.065,-0.060,-0.049,0.000,20,E,0,,,,546328,142.94,0
1645,3763.239,"Mount",-0.050,0.046,-0.064,0.024,-0.100,0.000,42,E,0,,,,580771,160.34,0
1646,3765.393,"Mount",-0.140,0.326,-0.354,-0.026,-0.225,0.000,93,E,0,,,,563425,158.02,0
1647,3768.488,"Mount",-1.618,3.275,-3.652,-0.077,-1.701,-0.028,705,E,12,N,,,542196,130.91,0
1648,3770.721,"Mount",0.104,-0.605,0.585,0.187,0.193,0.066,80,W,28,S,,,533156,129.04,0
1649,3773.346,"Mount",0.641,-1.423,1.558,0.089,0.659,0.035,273,W,15,S,,,560806,152.14,0
1650,3775.655,"Mount",0.257,-0.860,0.882,0.169,0.351,0.062,146,W,27,S,,,559944,152.86,0
1651,3778.097,"Mount",0.293,-0.433,0.519,-0.060,0.220,-0.019,91,W,8,N,,,562759,159.55,0
1652,3780.432,"Mount",0.290,-0.193,0.305,-0.169,0.289,-0.061,120,W,26,N,,,535575,146.87,0
1653,3782.943,"Mount",0.167,-0.015,0.090,-0.141,0.237,-0.053,98,W,23,N,,,550037,153.41,0
1654,3785.181,"Mount",0.102,-0.062,0.102,-0.062,0.252,-0.024,105,W,10,N,,,574442,156.43,0
1655,3787.597,"Mount",-0.042,0.105,-0.112,-0.011,0.162,0.000,67,W,0,,,,539327,145.32,0
1656,3789.761,"Mount",-0.067,0.118,-0.135,0.005,0.145,0.000,60,W,0,,,,565442,157.92,0
1657,3792.126,"Mount",-0.028,0.119,-0.118,-0.030,0.104,0.000,43,W,0,,,,569927,164.31,0
1658,3794.274,"Mount",0.060,0.014,0.015,-0.059,0.149,0.000,62,W,0,,,,568506,169.99,0
1659,3796.825,"Mount",0.141,-0.125,0.176,-0.068,0.205,-0.024,85,W,10,N,,,549907,146.81,0
1660,3798.991,"Mount",-0.015,0.033,-0.037,-0.002,0.121,0.000,50,W,0,,,,540958,153.62,0
1661,3801.416,"Mount",-0.038,-0.069,0.044,0.066,0.134,0.024,56,W,10,S,,,545293,160.30,0
1662,3803.638,"Mount",-0.033,-0.145,0.113,0.096,0.172,0.036,71,W,15,S,,,572847,164.66,0
1663,3806.047,"Mount",0.084,-0.097,0.125,-0.029,0.192,0.000,80,W,0,,,,546870,169.79,0
1664,3808.177,"Mount",0.051,-0.082,0.096,-0.007,0.164,0.000,68,W,0,,,,589137,169.60,0
1665,3810.639,"Mount",-0.069,-0.110,0.066,0.112,0.161,0.040,67,W,17,S,,,544443,155.39,0
1666,3812.846,"Mount",0.014,-0.197,0.182,0.079,0.190,0.030,79,W,13,S,,,554290,140.80,0
1667,3815.267,"Mount",-0.088,-0.013,-0.029,0.084,0.082,0.031,34,W,13,S,,,550901,169.80,0
1668,3817.393,"Mount",0.036,-0.052,0.063,-0.008,0.074,0.000,31,W,0,,,,582133,191.50,0
1669,3819.704,"Mount",-0.042,-0.012,-0.008,0.043,0.017,0.000,7,W,0,,,,579655,179.39,0
1670,3821.821,"Mount",-0.013,-0.004,-0.002,0.013,-0.019,0.000,8,E,0,,,,579793,171.65,0
1671,3824.231,"Mount",-0.049,-0.038,0.011,0.061,-0.044,0.022,18,E,9,S,,,566908,142.80,0
1672,3826.346,"Mount",-0.007,0.086,-0.080,-0.033,-0.102,0.000,43,E,0,,,,558249,144.55,0
1673,3828.738,"Mount",0.100,0.077,-0.022,-0.124,-0.064,-0.045,27,E,19,N,,,566885,166.16,0
1674,3830.911,"Mount",-0.068,-0.063,0.025,0.090,-0.046,0.031,19,E,13,S,,,565736,154.11,0
1675,3833.329,"Mount",0.019,0.092,-0.073,-0.059,-0.062,0.000,26,E,0,,,,539394,138.49,0
1676,3835.516,"Mount",-0.035,-0.039,0.018,0.049,0.015,0.000,6,W,0,,,,579683,173.54,0
1677,3837.854,"Mount",-0.030,-0.063,0.043,0.056,0.056,0.000,23,W,0,,,,582413,160.00,0
1678,3839.998,"Mount",-0.046,-0.030,0.005,0.055,0.083,0.000,34,W,0,,,,548979,142.95,0
1679,3842.352,"Mount",-0.100,0.012,-0.056,0.084,0.099,0.030,41,W,13,S,,,555824,153.49,0
1680,3844.534,"Mount",-0.067,-0.035,0.000,0.076,0.114,0.029,47,W,12,S,,,531288,136.11,0
1681,3846.916,"Mount",0.022,-0.000,0.010,-0.019,0.125,0.000,52,W,0,,,,572605,158.90,0
1682,3849.059,"Mount",-0.004,0.031,-0.029,-0.011,0.126,0.000,52,W,0,,,,559062,164.51,0
1683,3851.475,"Mount",0.049,-0.119,0.128,0.011,0.203,0.000,84,W,0,,,,563780,146.39,0
1684,3853.636,"Mount",0.107,-0.118,0.154,-0.040,0.221,0.000,92,W,0,,,,548069,145.56,0
1685,3856.067,"Mount",0.082,-0.156,0.176,-0.000,0.261,0.000,108,W,0,,,,575824,175.84,0
1686,3858.284,"Mount",0.105,-0.074,0.114,-0.059,0.277,0.000,115,W,0,,,,551512,141.04,0
1687,3860.712,"Mount",-0.045,0.015,-0.034,0.033,0.269,0.000,111,W,0,,,,577443,185.01,0
1688,3862.984,"Mount",0.076,0.024,0.014,-0.078,0.260,-0.028,108,W,12,N,,,581194,170.60,0
1689,3865.440,"Mount",-0.040,0.047,-0.060,0.013,0.263,0.000,109,W,0,,,,564908,158.47,0
1690,3867.628,"Mount",-0.091,0.054,-0.090,0.056,0.193,0.000,80,W,0,,,,529200,137.04,0
1691,3870.055,"Mount",-0.008,0.027,-0.028,-0.006,0.220,0.000,91,W,0,,,,568572,174.90,0
1692,3872.246,"Mount",-0.157,0.063,-0.128,0.110,0.122,0.040,50,W,17,S,,,572736,141.04,0
1693,3874.629,"Mount",-0.020,0.120,-0.116,-0.037,0.117,0.000,48,W,0,,,,542262,161.10,0
1694,3876.722,"Mount",-0.134,0.249,-0.283,0.004,-0.011,0.000,5,E,0,,,,534179,173.22,0
1695,3879.050,"Mount",0.070,-0.058,0.084,-0.036,0.121,0.000,50,W,0,,,,550281,157.60,0
1696,3881.144,"Mount",-0.030,-0.059,0.039,0.054,0.060,0.000,25,W,0,,,,563316,160.15,0
1697,3883.460,"Mount",-0.069,0.042,-0.069,0.042,0.021,0.000,9,W,0,,,,556386,140.87,0
1698,3885.690,"Mount",-0.028,-0.090,0.067,0.066,0.100,0.024,41,W,10,S,,,553170,155.74,0
1699,3888.161,"Mount",-0.098,-0.061,0.009,0.115,0.067,0.042,28,W,18,S,,,563134,160.02,0
1700,3890.231,"Mount",0.011,0.045,-0.035,-0.031,0.052,0.000,22,W,0,,,,541729,148.47,0
1701,3892.632,"Mount",-0.096,-0.024,-0.023,0.096,0.044,0.035,18,W,15,S,,,573700,150.71,0
1702,3894.820,"Mount",-0.081,-0.035,-0.006,0.088,0.034,0.033,14,W,14,S,,,576376,161.65,0
1703,3897.154,"Mount",-0.080,0.098,-0.124,0.025,-0.029,0.000,12,E,0,,,,567971,174.14,0
1704,3899.317,"Mount",-0.068,-0.055,0.018,0.085,0.026,0.031,11,W,13,S,,,569929,167.24,0
1705,3901.740,"Mount",-0.207,0.114,-0.197,0.131,-0.078,0.049,32,E,21,S,,,556747,159.69,0
1706,3903.905,"Mount",-0.135,0.258,-0.291,0.000,-0.119,0.000,49,E,0,,,,565990,153.28,0
1707,3906.238,"Mount",-0.127,0.150,-0.192,0.043,-0.083,0.000,34,E,0,,,,551768,161.36,0
1708,3908.435,"Mount",-0.151,0.120,-0.176,0.079,-0.079,0.028,33,E,12,S,,,552565,183.10,0
1709,3910.829,"Mount",0.089,0.025,0.019,-0.091,-0.008,-0.032,3,E,14,N,,,554402,147.22,0
1710,3913.028,"Mount",0.162,-0.044,0.114,-0.123,0.045,-0.046,19,W,20,N,,,540109,151.01,0
1711,3915.369,"Mount",0.046,-0.016,0.035,-0.034,0.008,0.000,3,W,0,,,,535991,180.85,0
1712,3917.546,"Mount",0.078,-0.272,0.277,0.057,0.135,0.000,56,W,0,,,,569573,144.96,0
1713,3920.004,"Mount",-0.055,-0.176,0.131,0.130,0.066,0.047,27,W,20,S,,,550666,151.74,0
1714,3922.103,"Mount",-0.031,-0.005,-0.010,0.029,0.007,0.000,3,W,0,,,,535826,147.67,0
1715,3924.361,"Mount",-0.011,-0.049,0.038,0.032,-0.001,0.000,0,,0,,,,543728,160.01,0
1716,3926.484,"Mount",-0.058,0.037,-0.059,0.034,-0.006,0.000,3,E,0,,,,552749,166.50,0
1717,3928.881,"Mount",0.028,0.093,-0.070,-0.067,-0.049,-0.024,20,E,10,N,,,553350,160.50,0
1718,3930.990,"Mount",-0.000,0.058,-0.052,-0.026,-0.029,0.000,12,E,0,,,,580778,146.59,0
1719,3933.409,"Mount",-0.108,0.024,-0.071,0.085,-0.065,0.031,27,E,13,S,,,565068,161.80,0
1720,3935.544,"Mount",-0.026,0.077,-0.081,-0.013,-0.072,0.000,30,E,0,,,,579416,140.76,0
1721,3937.880,"Mount",0.046,0.003,0.018,-0.042,-0.044,0.000,18,E,0,,,,561215,165.97,0
1722,3940.067,"Mount",-0.095,0.045,-0.084,0.063,-0.086,0.023,36,E,10,S,,,537283,144.03,0
1723,3942.408,"Mount",-0.050,0.062,-0.077,0.015,-0.087,0.000,36,E,0,,,,537822,158.98,0
1724,3944.538,"Mount",-0.066,0.035,-0.061,0.042,-0.079,0.000,33,E,0,,,,539352,158.99,0
1725,3946.981,"Mount",-0.121,0.011,-0.066,0.102,-0.082,0.037,34,E,16,S,,,549775,149.30,0
1726,3949.197,"Mount",-0.135,-0.031,-0.035,0.134,-0.033,0.050,14,E,21,S,,,575077,159.18,0
1727,3951.565,"Mount",-0.147,-0.028,-0.043,0.144,-0.020,0.054,8,E,23,S,,,579669,155.55,0
1728,3953.726,"Mount",-0.118,-0.097,0.032,0.150,-0.007,0.056,3,E,24,S,,,563496,152.69,0
1729,3956.062,"Mount",0.052,-0.028,0.048,-0.033,0.005,0.000,2,W,0,,,,552933,161.67,0
1730,3958.145,"Mount",0.006,0.069,-0.058,-0.037,0.020,0.000,8,W,0,,,,541016,140.63,0
1731,3960.496,"Mount",-0.063,0.027,-0.053,0.044,0.030,0.000,13,W,0,,,,531173,169.89,0
1732,3962.591,"Mount",0.008,-0.121,0.111,0.049,0.088,0.000,36,W,0,,,,588473,202.87,0
1733,3964.982,"Mount",0.045,0.055,-0.028,-0.066,0.032,-0.024,13,W,10,N,,,561944,164.16,0
1734,3967.180,"Mount",-0.181,-0.027,-0.059,0.173,0.034,0.061,14,W,26,S,,,552040,154.97,0
1735,3969.612,"Mount",0.014,-0.210,0.193,0.085,0.125,0.033,52,W,14,S,,,528641,131.63,0
1736,3971.832,"Mount",0.201,-0.068,0.153,-0.147,0.119,-0.051,49,W,22,N,,,568573,162.88,0
1737,3974.197,"Mount",0.025,0.004,0.008,-0.024,0.087,0.000,36,W,0,,,,556697,162.81,0
1738,3976.315,"Mount",0.001,-0.096,0.086,0.044,0.112,0.000,47,W,0,,,,574525,151.80,0
1739,3978.650,"Mount",-0.134,0.128,-0.175,0.060,-0.024,0.000,10,E,0,,,,560005,155.32,0
1740,3980.824,"Mount",-0.044,-0.134,0.098,0.101,0.066,0.036,27,W,15,S,,,539566,150.31,0
1741,3983.170,"Mount",-0.059,0.038,-0.061,0.035,-0.048,0.000,20,E,0,,,,536648,144.15,0
1742,3985.397,"Mount",-0.113,-0.035,-0.021,0.117,-0.056,0.042,23,E,18,S,,,554114,164.02,0
1743,3987.764,"Mount",0.044,-0.049,0.064,-0.016,-0.065,0.000,27,E,0,,,,529314,148.14,0
1744,3989.890,"Mount",-0.095,0.059,-0.096,0.057,-0.155,0.000,64,E,0,,,,570532,145.71,0
1745,3992.328,"Mount",-0.002,-0.053,0.046,0.027,-0.145,0.000,60,E,0,,,,523335,136.22,0
1746,3994.534,"Mount",-0.098,0.077,-0.113,0.051,-0.207,0.000,86,E,0,,,,569813,137.82,0
1747,3996.982,"Mount",-0.166,-0.067,-0.017,0.178,-0.166,0.064,69,E,27,S,,,531418,139.53,0
1748,3999.151,"Mount",-0.104,0.119,-0.153,0.037,-0.230,0.000,95,E,0,,,,533910,133.71,0
1749,4001.628,"Mount",-0.103,0.022,-0.067,0.082,-0.200,0.029,83,E,13,S,,,544405,164.90,0
1750,4003.811,"Mount",-0.016,0.007,-0.014,0.010,-0.173,0.000,72,E,0,,,,550396,159.09,0
1751,4006.169,"Mount",0.027,-0.052,0.059,-0.000,-0.179,0.000,74,E,0,,,,558600,164.62,0
1752,4008.304,"Mount",0.045,0.002,0.019,-0.041,-0.159,0.000,66,E,0,,,,534248,147.15,0
1753,4010.689,"Mount",0.021,0.009,0.002,-0.023,-0.150,0.000,62,E,0,,,,554702,137.08,0
1754,4012.892,"Mount",0.205,-0.029,0.121,-0.169,-0.066,-0.061,28,E,26,N,,,546214,164.69,0
1755,4015.347,"Mount",0.157,0.015,0.059,-0.146,-0.112,-0.055,47,E,24,N,,,541191,148.64,0
1756,4017.445,"Mount",0.028,0.012,0.002,-0.031,-0.095,0.000,39,E,0,,,,574117,168.46,0
1757,4019.788,"Mount",-0.073,0.026,-0.057,0.053,-0.086,0.000,36,E,0,,,,578664,177.36,0
1758,4021.912,"Mount",-0.009,0.061,-0.058,-0.020,-0.067,0.000,28,E,0,,,,591391,164.94,0
1759,4024.210,"Mount",0.058,-0.121,0.134,0.004,0.003,0.000,1,W,0,,,,566960,156.14,0
1760,4026.341,"Mount",0.128,-0.060,0.112,-0.086,-0.005,-0.031,2,E,13,N,,,554043,135.30,0
1761,4028.686,"Mount",0.059,0.004,0.024,-0.054,-0.067,0.000,28,E,0,,,,531525,140.29,0
1762,4030.828,"Mount",0.032,0.032,-0.014,-0.043,-0.075,0.000,31,E,0,,,,555738,134.74,0
1763,4033.221,"Mount",0.009,-0.059,0.056,0.019,-0.090,0.000,37,E,0,,,,555861,170.84,0
1764,4035.433,"Mount",0.041,0.021,0.001,-0.046,-0.120,0.000,50,E,0,,,,532189,146.76,0
1765,4037.824,"Mount",-0.165,-0.137,0.046,0.209,-0.138,0.075,57,E,32,S,,,573776,183.19,0
1766,4040.034,"Mount",-0.102,0.042,-0.084,0.071,-0.189,0.029,78,E,12,S,,,545073,142.36,0
1767,4042.423,"Mount",-0.034,-0.028,0.009,0.043,-0.176,0.000,73,E,0,,,,565882,159.86,0
1768,4044.701,"Mount",-0.100,0.022,-0.065,0.079,-0.225,0.028,93,E,12,S,,,579009,158.15,0
1769,4047.108,"Mount",-0.034,-0.009,-0.007,0.034,-0.234,0.000,97,E,0,,,,573493,155.66,0
1770,4049.314,"Mount",0.030,0.037,-0.019,-0.044,-0.235,0.000,98,E,0,,,,575223,155.16,0
1771,4051.814,"Mount",-0.079,0.165,-0.183,-0.006,-0.339,0.000,141,E,0,,,,539171,142.08,0
1772,4054.058,"Mount",-0.063,0.151,-0.163,-0.014,-0.334,0.000,139,E,0,,,,570111,147.28,0
1773,4056.584,"Mount",-0.135,0.145,-0.191,0.053,-0.362,0.000,150,E,0,,,,546531,139.24,0
1774,4058.762,"Mount",-0.060,-0.008,-0.021,0.057,-0.270,0.000,112,E,0,,,,561665,147.57,0
1775,4061.223,"Mount",-0.056,0.138,-0.148,-0.015,-0.338,0.000,140,E,0,,,,556805,156.78,0
1776,4063.460,"Mount",-0.113,0.166,-0.199,0.024,-0.353,0.000,147,E,0,,,,572037,152.65,0
1777,4066.045,"Mount",-0.364,0.084,-0.242,0.284,-0.386,0.102,160,E,44,S,,,580223,156.97,0
1778,4068.287,"Mount",-0.091,0.124,-0.152,0.023,-0.338,0.000,140,E,0,,,,563301,153.57,0
1779,4070.836,"Mount",-0.078,-0.085,0.040,0.109,-0.273,0.039,113,E,17,S,,,566402,153.06,0
1780,4073.124,"Mount",-0.047,-0.018,-0.005,0.050,-0.276,0.000,114,E,0,,,,563913,145.65,0
1781,4075.512,"Mount",0.016,-0.024,0.029,-0.003,-0.272,0.000,113,E,0,,,,571099,136.49,0
1782,4077.689,"Mount",0.031,-0.121,0.122,0.029,-0.187,0.000,78,E,0,,,,538388,148.69,0
1783,4080.051,"Mount",0.048,-0.114,0.123,0.010,-0.180,0.000,75,E,0,,,,544635,151.48,0
1784,4082.235,"Mount",-0.002,0.019,-0.018,-0.007,-0.201,0.000,84,E,0,,,,572094,156.09,0
1785,4084.627,"Mount",0.020,-0.022,0.029,-0.008,-0.177,0.000,74,E,0,,,,535445,151.06,0
1786,4086.840,"Mount",0.070,0.023,0.012,-0.072,-0.144,-0.026,60,E,11,N,,,523341,141.43,0
1787,4089.284,"Mount",-0.092,-0.078,0.027,0.118,-0.123,0.041,51,E,18,S,,,555063,159.83,0
1788,4091.493,"Mount",-0.129,-0.002,-0.058,0.115,-0.096,0.043,40,E,18,S,,,558633,171.43,0
1789,4093.856,"Mount",-0.004,0.013,-0.013,-0.002,-0.100,0.000,41,E,0,,,,537366,141.80,0
1790,4096.046,"Mount",-0.024,-0.113,0.090,0.074,-0.068,0.027,28,E,11,S,,,548024,151.67,0
1791,4098.455,"Mount",-0.184,-0.036,-0.053,0.180,-0.124,0.066,51,E,28,S,,,547941,151.54,0
1792,4100.657,"Mount",-0.118,-0.028,-0.030,0.118,-0.141,0.045,58,E,19,S,,,565836,151.85,0
1793,4103.185,"Mount",-0.118,0.070,-0.116,0.072,-0.212,0.028,88,E,12,S,,,557603,148.46,0
1794,4105.333,"Mount",0.081,-0.054,0.085,-0.047,-0.127,0.000,53,E,0,,,,566756,168.36,0
1795,4107.667,"Mount",0.080,-0.271,0.278,0.054,-0.029,0.000,12,E,0,,,,542770,146.39,0
1796,4109.736,"Mount",0.077,-0.128,0.149,-0.009,-0.062,0.000,26,E,0,,,,520034,133.65,0
1797,4112.034,"Mount",0.079,-0.217,0.229,0.030,0.004,0.000,2,W,0,,,,524446,147.51,0
1798,4114.149,"Mount",0.015,-0.034,0.037,0.003,-0.070,0.000,29,E,0,,,,571650,162.51,0
1799,4116.561,"Mount",0.028,0.167,-0.135,-0.101,-0.079,-0.036,33,E,16,N,,,559946,160.03,0
1800,4118.743,"Mount",0.077,0.051,-0.010,-0.092,0.032,-0.035,13,W,15,N,,,538400,152.02,0
1801,4121.155,"Mount",-0.066,-0.071,0.033,0.091,0.058,0.031,24,W,13,S,,,523247,129.91,0
1802,4123.235,"Mount",-0.006,0.119,-0.108,-0.050,0.039,0.000,16,W,0,,,,517247,127.78,0
1803,4125.645,"Mount",-0.099,0.023,-0.066,0.077,0.065,0.028,27,W,12,S,,,553717,167.10,0
1804,4127.775,"Mount",-0.085,0.200,-0.216,-0.017,0.008,0.000,3,W,0,,,,526750,136.22,0
1805,4130.138,"Mount",-0.013,0.002,-0.008,0.011,0.096,0.000,40,W,0,,,,540476,165.96,0
1806,4132.222,"Mount",-0.060,0.052,-0.073,0.029,0.063,0.000,26,W,0,,,,569091,148.78,0
1807,4134.612,"Mount",-0.055,-0.004,-0.022,0.050,0.102,0.000,42,W,0,,,,554872,140.04,0
1808,4136.816,"Mount",-0.068,-0.001,-0.030,0.061,0.106,0.022,44,W,9,S,,,567082,171.40,0
1809,4139.208,"Mount",0.026,-0.072,0.076,0.010,0.149,0.000,62,W,0,,,,567909,149.25,0
1810,4141.326,"Mount",0.064,-0.025,0.052,-0.046,0.126,0.000,52,W,0,,,,575969,143.48,0
1811,4143.742,"Mount",0.084,-0.075,0.106,-0.040,0.187,0.000,78,W,0,,,,583249,143.58,0
1812,4145.936,"Mount",-0.095,-0.082,0.029,0.122,0.167,0.044,69,W,19,S,,,562732,158.07,0
1813,4148.377,"Mount",-0.050,-0.101,0.066,0.091,0.218,0.035,90,W,15,S,,,546993,154.64,0
1814,4150.665,"Mount",-0.074,-0.083,0.040,0.104,0.174,0.039,72,W,17,S,,,556392,154.42,0
1815,4153.085,"Mount",0.058,-0.050,0.071,-0.029,0.208,0.000,86,W,0,,,,557686,141.39,0
1816,4155.217,"Mount",0.056,0.020,0.008,-0.058,0.139,0.000,58,W,0,,,,558093,139.07,0
1817,4157.612,"Mount",0.049,-0.077,0.091,-0.008,0.164,0.000,68,W,0,,,,556575,167.31,0
1818,4159.796,"Mount",0.051,0.080,-0.047,-0.082,0.106,-0.030,44,W,13,N,,,566093,144.01,0
1819,4162.177,"Mount",-0.127,0.072,-0.122,0.080,0.032,0.028,13,W,12,S,,,610430,168.22,0
1820,4164.242,"Mount",-0.027,0.003,-0.015,0.023,0.061,0.000,25,W,0,,,,574938,149.87,0
1821,4166.632,"Mount",-0.113,-0.099,0.036,0.146,0.021,0.053,9,W,23,S,,,545991,131.79,0
1822,4168.771,"Mount",-0.057,-0.117,0.077,0.105,0.018,0.040,8,W,17,S,,,592596,166.53,0
1823,4171.177,"Mount",-0.104,-0.034,-0.018,0.108,-0.039,0.040,16,E,17,S,,,584531,173.94,0
1824,4173.299,"Mount",-0.002,0.047,-0.043,-0.020,-0.056,0.000,23,E,0,,,,583649,182.79,0
1825,4175.634,"Mount",0.051,-0.085,0.099,-0.006,-0.010,0.000,4,E,0,,,,535790,146.75,0
1826,4177.778,"Mount",-0.017,0.082,-0.081,-0.023,-0.077,0.000,32,E,0,,,,535046,145.72,0
1827,4180.097,"Mount",0.062,-0.041,0.065,-0.036,0.003,0.000,1,W,0,,,,539184,156.83,0
1828,4182.192,"Mount",0.016,-0.006,0.013,-0.012,0.004,0.000,2,W,0,,,,546365,141.64,0
1829,4184.545,"Mount",-0.012,-0.038,0.028,0.028,0.034,0.000,14,W,0,,,,541543,145.91,0
1830,4186.649,"Mount",-0.079,0.101,-0.126,0.024,0.003,0.000,1,W,0,,,,520433,152.37,0
1831,4188.990,"Mount",-0.008,-0.057,0.047,0.034,0.085,0.000,35,W,0,,,,566589,167.66,0
1832,4191.160,"Mount",-0.138,-0.054,-0.016,0.148,0.089,0.053,37,W,23,S,,,533586,161.08,0
1833,4193.488,"Mount",-0.085,0.140,-0.163,0.011,0.036,0.000,15,W,0,,,,574515,146.14,0
1834,4195.607,"Mount",0.043,0.037,-0.012,-0.055,0.113,0.000,47,W,0,,,,573320,150.62,0
1835,4198.010,"Mount",0.096,-0.126,0.156,-0.027,0.218,0.000,90,W,0,,,,526385,148.55,0
1836,4200.266,"Mount",-0.082,-0.146,0.092,0.140,0.213,0.050,88,W,22,S,,,511883,138.64,0
1837,4202.664,"Mount",0.073,-0.099,0.121,-0.019,0.255,0.000,106,W,0,,,,530743,141.33,0
1838,4204.877,"Mount",0.053,-0.192,0.195,0.042,0.298,0.000,124,W,0,,,,560221,157.83,0
1839,4207.298,"Mount",-0.033,-0.024,0.006,0.040,0.250,0.000,104,W,0,,,,537922,154.84,0
1840,4209.570,"Mount",0.107,-0.194,0.221,-0.006,0.350,0.000,145,W,0,,,,540003,144.07,0
1841,4212.017,"Mount",-0.015,-0.057,0.044,0.040,0.251,0.000,104,W,0,,,,578921,161.81,0
1842,4214.240,"Mount",0.001,-0.003,0.003,0.001,0.224,0.000,93,W,0,,,,539850,143.18,0
1843,4216.655,"Mount",-0.062,0.091,-0.109,0.013,0.152,0.000,63,W,0,,,,547724,153.13,0
1844,4218.806,"Mount",-0.060,0.035,-0.059,0.037,0.166,0.000,69,W,0,,,,582486,150.80,0
1845,4221.247,"Mount",-0.230,0.095,-0.190,0.160,0.072,0.058,30,W,25,S,,,544321,147.89,0
1846,4223.449,"Mount",-0.169,-0.010,-0.069,0.154,0.102,0.058,42,W,25,S,,,578419,162.38,0
1847,4225.843,"Mount",-0.106,0.040,-0.084,0.076,0.082,0.030,34,W,13,S,,,551189,144.09,0
1848,4227.987,"Mount",0.084,-0.096,0.124,-0.030,0.155,0.000,64,W,0,,,,563838,162.42,0
1849,4230.318,"Mount",0.090,-0.132,0.158,-0.019,0.171,0.000,71,W,0,,,,554275,137.75,0
1850,4232.459,"Mount",0.060,0.021,0.009,-0.063,0.098,-0.023,41,W,10,N,,,583586,177.96,0
1851,4234.785,"Mount",-0.022,0.078,-0.080,-0.017,0.056,0.000,23,W,0,,,,562163,171.42,0
1852,4236.899,"Mount",-0.064,0.064,-0.086,0.027,0.036,0.000,15,W,0,,,,544800,148.21,0
1853,4239.221,"Mount",-0.039,0.044,-0.057,0.014,0.053,0.000,22,W,0,,,,586855,162.91,0
1854,4241.356,"Mount",-0.092,-0.011,-0.033,0.087,0.016,0.031,7,W,13,S,,,543121,166.38,0
1855,4243.674,"Mount",-0.054,-0.012,-0.014,0.053,-0.003,0.000,1,E,0,,,,548841,158.14,0
1856,4245.780,"Mount",-0.028,-0.034,0.017,0.041,-0.002,0.000,1,E,0,,,,564165,172.58,0
1857,4248.207,"Mount",-0.014,-0.116,0.097,0.066,0.040,0.024,16,W,10,S,,,533868,142.51,0
1858,4250.279,"Mount",-0.006,-0.045,0.037,0.026,0.004,0.000,2,W,0,,,,565184,180.41,0
1859,4252.632,"Mount",-0.003,-0.088,0.077,0.043,0.043,0.000,18,W,0,,,,580369,140.43,0
1860,4254.688,"Mount",0.053,-0.026,0.048,-0.035,0.009,0.000,4,W,0,,,,561317,157.54,0
1861,4257.001,"Mount",0.031,0.050,-0.030,-0.050,0.021,0.000,9,W,0,,,,553468,160.40,0
1862,4259.116,"Mount",-0.061,0.022,-0.048,0.044,0.014,0.000,6,W,0,,,,562475,149.29,0
1863,4261.468,"Mount",-0.038,0.079,-0.088,-0.003,-0.030,0.000,13,E,0,,,,545677,137.52,0
1864,4263.647,"Mount",-0.053,-0.071,0.039,0.080,0.017,0.029,7,W,12,S,,,552682,189.05,0
1865,4265.957,"Mount",-0.005,0.014,-0.015,-0.002,0.012,0.000,5,W,0,,,,561422,167.39,0
1866,4268.067,"Mount",-0.012,0.103,-0.097,-0.037,-0.040,0.000,16,E,0,,,,555961,133.16,0
1867,4270.467,"Mount",-0.041,-0.070,0.043,0.068,-0.005,0.025,2,E,11,S,,,566044,160.28,0
1868,4272.566,"Mount",-0.056,0.024,-0.047,0.039,-0.012,0.000,5,E,0,,,,548937,160.55,0
1869,4274.889,"Mount",0.041,0.019,0.002,-0.045,-0.019,0.000,8,E,0,,,,589224,146.44,0
1870,4277.067,"Mount",0.005,-0.118,0.107,0.050,0.023,0.000,10,W,0,,,,567622,149.82,0
1871,4279.478,"Mount",-0.097,-0.012,-0.034,0.092,-0.029,0.033,12,E,14,S,,,551193,161.11,0
1872,4281.611,"Mount",0.055,-0.169,0.175,0.030,0.048,0.000,20,W,0,,,,578671,164.66,0
1873,4283.954,"Mount",-0.086,0.062,-0.095,0.048,-0.078,0.000,32,E,0,,,,567791,154.45,0
1874,4286.067,"Mount",-0.104,0.145,-0.176,0.025,-0.116,0.000,48,E,0,,,,538279,143.19,0
1875,4288.384,"Mount",-0.031,-0.011,-0.005,0.033,-0.046,0.000,19,E,0,,,,580727,159.00,0
1876,4290.487,"Mount",0.018,-0.000,0.009,-0.016,-0.052,0.000,21,E,0,,,,564535,150.46,0
1877,4292.786,"Mount",0.020,-0.091,0.090,0.024,-0.014,0.000,6,E,0,,,,531191,144.47,0
1878,4294.945,"Mount",-0.091,-0.053,0.005,0.105,-0.048,0.038,20,E,16,S,,,579350,190.11,0
1879,4297.408,"Mount",0.062,0.039,-0.006,-0.073,-0.034,-0.025,14,E,11,N,,,557927,138.28,0
1880,4299.510,"Mount",-0.046,0.036,-0.054,0.024,-0.018,0.000,8,E,0,,,,542055,157.03,0
1881,4301.903,"Mount",-0.060,-0.098,0.060,0.098,-0.003,0.035,1,E,15,S,,,552581,158.81,0
1882,4304.145,"Mount",-0.058,-0.297,0.237,0.189,0.114,0.069,47,W,30,S,,,603136,189.04,0
1883,4306.565,"Mount",-0.100,-0.206,0.137,0.183,0.088,0.069,37,W,29,S,,,544471,150.58,0
1884,4308.752,"Mount",-0.065,-0.271,0.211,0.183,0.127,0.069,53,W,29,S,,,557629,153.03,0
1885,4311.102,"Mount",0.039,-0.043,0.056,-0.015,0.050,0.000,21,W,0,,,,565063,167.46,0
1886,4313.231,"Mount",-0.010,-0.004,-0.002,0.011,0.044,0.000,18,W,0,,,,559754,154.61,0
1887,4315.626,"Mount",-0.040,-0.083,0.055,0.074,0.026,0.027,11,W,11,S,,,549520,165.82,0
1888,4317.773,"Mount",0.047,-0.085,0.097,-0.002,0.065,0.000,27,W,0,,,,546008,154.40,0
1889,4320.250,"Mount",0.136,-0.067,0.122,-0.090,0.144,-0.032,60,W,14,N,,,568008,149.02,0
1890,4322.390,"Mount",0.041,0.091,-0.062,-0.079,0.051,-0.030,21,W,13,N,,,513458,147.56,0
1891,4324.705,"Mount",-0.025,0.110,-0.109,-0.029,0.009,0.000,4,W,0,,,,547800,174.48,0
1892,4326.751,"Mount",-0.091,0.061,-0.096,0.052,-0.001,0.000,0,,0,,,,594604,156.76,0
1893,4329.053,"Mount",-0.014,0.092,-0.088,-0.030,-0.021,0.000,9,E,0,,,,574867,144.04,0
1894,4331.135,"Mount",-0.033,0.031,-0.043,0.015,-0.022,0.000,9,E,0,,,,568872,176.78,0
1895,4333.503,"Mount",-0.081,0.155,-0.175,0.000,-0.134,0.000,56,E,0,,,,533415,135.37,0
1896,4335.601,"Mount",0.011,0.038,-0.028,-0.027,-0.079,0.000,33,E,0,,,,546101,146.55,0
1897,4337.979,"Mount",-0.042,-0.022,0.000,0.048,-0.117,0.000,49,E,0,,,,553886,161.26,0
1898,4340.173,"Mount",-0.134,0.010,-0.070,0.115,-0.165,0.041,68,E,18,S,,,526873,136.17,0
1899,4342.588,"Mount",-0.080,0.140,-0.161,0.007,-0.234,0.000,97,E,0,,,,542348,187.23,0
1900,4344.857,"Mount",-0.203,0.162,-0.238,0.106,-0.270,0.038,112,E,16,S,,,565252,132.98,0
1901,4347.287,"Mount",-0.118,-0.116,0.048,0.158,-0.176,0.058,73,E,25,S,,,537558,147.88,0
1902,4349.481,"Mount",-0.114,-0.030,-0.026,0.115,-0.172,0.044,71,E,19,S,,,562527,151.77,0
1903,4351.975,"Mount",-0.195,0.086,-0.166,0.133,-0.257,0.050,106,E,21,S,,,551047,176.08,0
1904,4354.242,"Mount",-0.156,0.086,-0.148,0.098,-0.242,0.037,101,E,16,S,,,538993,150.00,0
1905,4356.622,"Mount",0.007,0.012,-0.008,-0.011,-0.163,0.000,68,E,0,,,,541959,162.83,0
1906,4358.722,"Mount",-0.025,0.045,-0.051,0.001,-0.136,0.000,56,E,0,,,,582517,195.96,0
1907,4361.097,"Mount",0.036,-0.038,0.051,-0.015,-0.121,0.000,50,E,0,,,,541332,147.80,0
1908,4363.336,"Mount",-0.065,-0.075,0.037,0.092,-0.103,0.033,43,E,14,S,,,516510,150.08,0
1909,4365.789,"Mount",-0.089,0.015,-0.055,0.072,-0.091,0.027,38,E,12,S,,,572326,135.17,0
1910,4367.996,"Mount",0.010,-0.020,0.022,0.000,-0.078,0.000,33,E,0,,,,570378,142.94,0
1911,4370.348,"Mount",0.172,-0.108,0.175,-0.102,0.014,-0.037,6,W,16,N,,,557077,155.09,0
1912,4372.521,"Mount",0.169,-0.126,0.190,-0.092,0.025,-0.035,11,W,15,N,,,540008,169.44,0
1913,4374.852,"Mount",-0.011,0.095,-0.090,-0.034,-0.109,0.000,45,E,0,,,,551831,154.54,0
1914,4377.001,"Mount",0.098,-0.039,0.080,-0.069,-0.036,-0.025,15,E,11,N,,,531205,135.82,0
1915,4379.423,"Mount",0.095,-0.007,0.050,-0.081,-0.094,-0.030,39,E,13,N,,,552095,150.84,0
1916,4381.602,"Mount",-0.013,-0.112,0.094,0.063,-0.056,0.021,23,E,9,S,,,577569,168.06,0
1917,4386.200,"Mount",-0.051,0.074,-0.090,0.011,-0.222,0.000,92,E,0,,,,529220,151.63,0
1918,4388.649,"Mount",-0.152,0.110,-0.168,0.084,-0.222,0.030,92,E,13,S,,,530817,167.83,0
1919,4390.860,"Mount",0.085,0.037,0.006,-0.093,-0.168,-0.032,70,E,14,N,,,553116,146.97,0
Guiding Ends at 2026-05-14 04:04:40

Log Summary: calcnt:0 gcnt:12 gdur:21786 gacnt:0
Log closed at 2026-05-14 04:38:05
