PHD2 version 2.6.14 [Windows], Log version 2.5. Log enabled at 2026-05-28 20:17:09
INFO: Guiding parameter change, MultiStar = true

Guiding Begins at 2026-05-28 22:04:27
Equipment Profile = 60mmGuide
Dither = both axes, Dither scale = 1.000, Image noise reduction = none, Guide-frame time lapse = 0, Server enabled
Pixel scale = 3.22 arc-sec/px, Binning = 1, Focal length = 240 mm
Search region = 25 px, Star mass tolerance = 50.0%, Multi-star mode, list size = 12
 Camera = ZWO ASI120MM Mini, gain = 37, full size = 1280 x 960, have dark, dark dur = 2000, no defect map, pixel size = 3.8 um
Exposure = 2000 ms
Mount = iOptron CEM120,70,40,26, GEM, HEM, HAE, HAZ series and SkyHunter Mount (ASCOM), connected, guiding enabled, xAngle = 117.4, xRate = 1.749, yAngle = -152.7, yRate = 2.338, parity = +/+
Norm rates RA = 8.3"/s @ dec 0, Dec = 7.5"/s; ortho.err. = 0.1 deg
X guide algorithm = Predictive PEC, Control gain = 0.450
Prediction gain = 0.750
Minimum move = 0.060
Hyperparameters
	Length scale long range SE kernel = 700.000
	Signal variance long range SE kernel = 20.000
	Length scale periodic kernel = 10.000
	Signal variance periodic kernel = 20.000
	Length scale short range SE kernel = 25.000
	Signal variance short range SE kernel = 10.000
	Period length periodic kernel = 348.000
	FFT called after = 2.000 worm cycles
	Auto-adjust period length = Off
Y guide algorithm = Hysteresis, Hysteresis = 0.100, Aggression = 0.400, Minimum move = 0.060
Backlash comp = disabled, pulse = 100 ms
Max RA duration = 2500, Max DEC duration = 2500, DEC guide mode = Auto
RA Guide Speed = 7.5 a-s/s, Dec Guide Speed = 7.5 a-s/s, Cal Dec = 0.0, Last Cal Issue = None, Timestamp = 7/29/2025 9:33:42 PM
RA = 13.52 hr, Dec = 47.1 deg, Hour angle = -0.62 hr, Pier side = West, Rotator pos = N/A, Alt = 72.9 deg, Az = 22.2 deg
Lock position = 318.166, 51.821, Star position = 318.166, 51.821, HFD = 4.64 px
Frame,Time,mount,dx,dy,RARawDistance,DECRawDistance,RAGuideDistance,DECGuideDistance,RADuration,RADirection,DECDuration,DECDirection,XStep,YStep,StarMass,SNR,ErrorCode
INFO: SETTLING STATE CHANGE, Settling started
1,2.344,"Mount",0.150,-0.032,-0.098,-0.119,-0.044,-0.043,25,E,18,N,,,441518,127.41,0
2,4.615,"Mount",0.020,-0.012,-0.019,-0.012,0.000,0.000,0,,0,,,,438276,143.52,0
3,6.648,"Mount",0.020,-0.045,-0.049,0.003,0.000,0.000,0,,0,,,,422666,118.69,0
4,9.006,"Mount",0.019,-0.156,-0.147,0.055,-0.066,0.000,38,E,0,,,,445101,132.08,0
5,11.032,"Mount",0.019,-0.025,-0.031,-0.005,0.000,0.000,0,,0,,,,439665,131.64,0
6,13.283,"Mount",0.026,0.076,0.056,-0.058,0.000,0.000,0,,0,,,,440547,126.52,0
7,15.413,"Mount",0.185,0.087,-0.008,-0.204,0.000,-0.074,0,,31,N,,,417694,130.71,0
8,17.813,"Mount",0.262,-0.011,-0.130,-0.227,-0.059,-0.085,33,E,36,N,,,460641,138.98,0
9,19.994,"Mount",0.171,0.016,-0.065,-0.159,-0.029,-0.061,17,E,26,N,,,447427,119.50,0
INFO: SETTLING STATE CHANGE, Settling complete
10,22.219,"Mount",0.054,-0.010,-0.034,-0.044,0.000,0.000,0,,0,,,,433464,149.25,0
11,24.376,"Mount",0.008,0.117,0.100,-0.061,0.038,-0.022,22,W,9,N,,,439725,122.76,0
12,26.708,"Mount",0.101,0.099,0.041,-0.135,0.001,-0.049,0,,21,N,,,434051,126.89,0
13,28.890,"Mount",0.002,0.174,0.154,-0.082,0.065,-0.031,37,W,13,N,,,453090,143.64,0
14,31.226,"Mount",-0.068,0.056,0.081,0.034,0.036,0.000,21,W,0,,,,447575,157.76,0
15,33.450,"Mount",0.162,-0.070,-0.137,-0.111,-0.049,-0.040,28,E,17,N,,,442635,134.10,0
16,35.814,"Mount",0.135,-0.027,-0.086,-0.107,-0.032,-0.040,18,E,17,N,,,436995,141.26,0
17,37.924,"Mount",-0.048,0.076,0.089,0.008,0.035,0.000,20,W,0,,,,455561,158.48,0
18,40.241,"Mount",0.001,0.100,0.088,-0.047,0.035,0.000,20,W,0,,,,427142,130.64,0
19,42.431,"Mount",-0.103,0.372,0.378,-0.080,0.148,-0.029,85,W,12,N,,,443541,132.78,0
20,44.783,"Mount",0.011,0.135,0.115,-0.071,0.039,-0.027,22,W,12,N,,,437668,120.35,0
21,46.926,"Mount",-0.002,0.086,0.078,-0.038,0.047,0.000,27,W,0,,,,453727,138.83,0
22,49.333,"Mount",0.020,0.217,0.184,-0.118,0.087,-0.043,50,W,18,N,,,435950,147.38,0
23,51.570,"Mount",-0.055,0.341,0.328,-0.109,0.141,-0.041,81,W,18,N,,,439555,139.28,0
24,54.009,"Mount",0.016,0.288,0.248,-0.147,0.111,-0.055,63,W,23,N,,,428106,129.10,0
25,56.265,"Mount",-0.042,0.373,0.350,-0.135,0.162,-0.051,93,W,22,N,,,459329,179.63,0
26,58.619,"Mount",-0.017,0.145,0.137,-0.052,0.075,0.000,43,W,0,,,,425501,120.50,0
27,60.814,"Mount",0.022,0.194,0.162,-0.109,0.084,-0.039,48,W,17,N,,,464739,146.32,0
28,63.359,"Mount",0.103,0.301,0.220,-0.231,0.104,-0.085,59,W,36,N,,,439825,120.26,0
29,65.568,"Mount",0.156,0.133,0.046,-0.199,0.010,-0.075,6,W,32,N,,,443044,135.91,0
30,67.926,"Mount",0.054,0.109,0.072,-0.099,0.030,-0.039,17,W,16,N,,,438024,136.93,0
31,70.103,"Mount",0.062,0.099,0.059,-0.100,-0.005,-0.038,3,E,16,N,,,440053,134.12,0
32,72.399,"Mount",0.013,-0.062,-0.061,0.018,-0.036,0.000,21,E,0,,,,437638,115.57,0
33,74.496,"Mount",0.088,-0.078,-0.110,-0.042,-0.058,0.000,33,E,0,,,,435808,131.42,0
34,76.776,"Mount",0.060,0.014,-0.016,-0.059,-0.005,0.000,3,E,0,,,,459739,141.83,0
35,78.862,"Mount",0.077,-0.039,-0.070,-0.050,-0.035,0.000,20,E,0,,,,454548,142.42,0
36,81.222,"Mount",0.133,0.052,-0.015,-0.142,0.005,-0.051,3,W,22,N,,,446926,133.38,0
37,83.357,"Mount",0.091,-0.034,-0.071,-0.065,-0.023,-0.025,13,E,11,N,,,455443,137.79,0
38,85.789,"Mount",0.222,-0.038,-0.136,-0.180,-0.045,-0.066,26,E,28,N,,,437508,134.92,0
39,87.949,"Mount",0.128,-0.029,-0.084,-0.100,-0.028,-0.039,16,E,17,N,,,437264,127.02,0
40,90.235,"Mount",0.012,-0.059,-0.058,0.017,0.009,0.000,5,W,0,,,,446508,139.47,0
41,92.366,"Mount",0.071,0.048,0.009,-0.085,-0.001,-0.031,1,E,13,N,,,435305,125.94,0
42,94.732,"Mount",-0.065,0.106,0.124,0.009,0.050,0.000,28,W,0,,,,419701,116.16,0
43,96.820,"Mount",-0.097,0.130,0.160,0.026,0.067,0.000,38,W,0,,,,448178,127.04,0
44,99.152,"Mount",-0.045,0.102,0.111,-0.007,0.049,0.000,28,W,0,,,,441714,131.34,0
45,101.282,"Mount",-0.033,0.145,0.144,-0.038,0.073,0.000,41,W,0,,,,438961,121.89,0
46,103.666,"Mount",-0.054,0.223,0.223,-0.055,0.106,0.000,60,W,0,,,,424989,135.86,0
47,105.876,"Mount",0.001,0.235,0.208,-0.109,0.101,-0.039,58,W,17,N,,,437549,141.21,0
48,108.318,"Mount",-0.039,0.280,0.267,-0.094,0.128,-0.036,73,W,15,N,,,445051,124.96,0
49,110.622,"Mount",-0.093,0.536,0.518,-0.165,0.231,-0.061,132,W,26,N,,,434869,122.59,0
50,113.173,"Mount",-0.109,0.666,0.641,-0.211,0.292,-0.078,167,W,33,N,,,431880,130.40,0
51,115.449,"Mount",-0.090,0.450,0.441,-0.128,0.212,-0.049,121,W,21,N,,,426927,126.29,0
52,117.946,"Mount",-0.196,0.552,0.580,-0.081,0.284,-0.031,163,W,13,N,,,425823,130.05,0
53,120.151,"Mount",-0.221,0.381,0.440,0.020,0.221,0.000,127,W,0,,,,460645,124.73,0
54,122.509,"Mount",-0.186,0.340,0.387,0.009,0.185,0.000,106,W,0,,,,457860,136.83,0
55,124.836,"Mount",-0.207,0.614,0.640,-0.100,0.283,-0.036,162,W,15,N,,,450496,129.84,0
56,127.293,"Mount",-0.090,0.390,0.387,-0.100,0.179,-0.037,102,W,16,N,,,436902,132.20,0
57,129.489,"Mount",-0.061,0.261,0.260,-0.066,0.127,-0.025,73,W,11,N,,,431477,122.69,0
58,131.969,"Mount",-0.240,0.105,0.204,0.164,0.135,0.058,77,W,25,S,,,444394,131.20,0
59,134.184,"Mount",-0.138,0.132,0.181,0.061,0.123,0.024,70,W,10,S,,,454454,154.03,0
60,136.517,"Mount",-0.027,0.147,0.143,-0.043,0.087,0.000,50,W,0,,,,435690,139.67,0
61,138.618,"Mount",-0.007,0.072,0.067,-0.028,0.051,0.000,29,W,0,,,,439540,127.12,0
62,140.924,"Mount",0.043,-0.011,-0.029,-0.033,0.006,0.000,3,W,0,,,,425771,138.17,0
63,143.047,"Mount",0.074,0.070,0.029,-0.098,0.001,-0.035,1,W,15,N,,,433999,125.50,0
64,145.327,"Mount",0.055,-0.032,-0.054,-0.034,-0.003,0.000,1,E,0,,,,440439,125.60,0
65,147.468,"Mount",0.075,0.004,-0.031,-0.069,-0.015,-0.025,8,E,11,N,,,424516,120.97,0
66,149.821,"Mount",0.083,-0.128,-0.152,-0.015,-0.081,0.000,46,E,0,,,,455810,149.27,0
67,151.969,"Mount",0.153,0.087,0.007,-0.175,-0.015,-0.063,8,E,27,N,,,444916,142.97,0
68,154.251,"Mount",0.057,-0.011,-0.036,-0.045,-0.014,0.000,8,E,0,,,,426544,133.89,0
69,156.439,"Mount",0.188,-0.075,-0.153,-0.132,-0.063,-0.048,36,E,20,N,,,442839,125.92,0
70,158.855,"Mount",0.214,-0.034,-0.129,-0.174,-0.049,-0.064,28,E,28,N,,,455670,131.45,0
71,160.950,"Mount",0.034,-0.055,-0.065,-0.005,-0.026,0.000,15,E,0,,,,436930,120.28,0
72,163.268,"Mount",0.075,-0.062,-0.090,-0.038,-0.032,0.000,18,E,0,,,,433269,150.41,0
73,165.370,"Mount",-0.013,0.091,0.086,-0.031,0.044,0.000,25,W,0,,,,442232,134.03,0
74,167.709,"Mount",0.060,0.059,0.024,-0.080,0.002,-0.029,1,W,12,N,,,456587,139.60,0
75,169.825,"Mount",-0.010,0.073,0.070,-0.025,0.034,0.000,19,W,0,,,,437719,145.37,0
76,172.171,"Mount",-0.070,0.032,0.060,0.047,0.046,0.000,26,W,0,,,,458225,146.27,0
77,174.312,"Mount",-0.027,-0.153,-0.123,0.094,-0.028,0.034,16,E,14,S,,,461150,140.73,0
78,176.616,"Mount",-0.013,-0.008,-0.001,0.015,0.015,0.000,8,W,0,,,,423490,136.96,0
79,178.766,"Mount",0.084,0.080,0.032,-0.112,0.014,-0.040,8,W,17,N,,,448728,138.73,0
80,181.138,"Mount",0.082,0.033,-0.008,-0.088,-0.005,-0.033,3,E,14,N,,,444924,129.72,0
81,183.252,"Mount",-0.089,0.051,0.086,0.055,0.030,0.000,17,W,0,,,,431469,143.67,0
82,185.629,"Mount",-0.092,0.025,0.065,0.070,0.020,0.025,12,W,11,S,,,441923,133.83,0
83,187.734,"Mount",-0.055,0.096,0.111,0.005,0.059,0.000,33,W,0,,,,434756,131.69,0
84,190.146,"Mount",0.114,-0.056,-0.102,-0.075,-0.028,-0.027,16,E,12,N,,,428957,126.46,0
85,192.309,"Mount",0.163,0.006,-0.069,-0.148,-0.009,-0.054,5,E,23,N,,,437903,131.07,0
86,194.621,"Mount",-0.007,-0.072,-0.060,0.040,-0.006,0.000,3,E,0,,,,431097,123.67,0
87,196.781,"Mount",-0.084,0.016,0.053,0.067,-0.007,0.024,4,E,10,S,,,462599,133.50,0
88,199.137,"Mount",0.006,-0.087,-0.080,0.035,-0.041,0.000,23,E,0,,,,442724,136.87,0
89,201.240,"Mount",-0.022,0.016,0.025,0.012,0.009,0.000,5,W,0,,,,413276,124.34,0
90,203.571,"Mount",-0.018,0.064,0.065,-0.014,0.037,0.000,21,W,0,,,,443794,145.23,0
91,205.674,"Mount",0.007,0.019,0.014,-0.015,0.008,0.000,4,W,0,,,,464666,134.94,0
92,208.120,"Mount",0.056,0.127,0.087,-0.108,0.048,-0.039,27,W,17,N,,,453060,125.23,0
93,210.311,"Mount",0.063,0.054,0.019,-0.081,0.013,-0.031,7,W,13,N,,,459972,152.37,0
94,212.695,"Mount",-0.108,0.069,0.111,0.064,0.074,0.022,42,W,9,S,,,437216,124.48,0
95,214.854,"Mount",-0.153,0.049,0.114,0.113,0.075,0.041,43,W,18,S,,,441782,126.99,0
96,217.198,"Mount",-0.004,0.076,0.069,-0.031,0.050,0.000,29,W,0,,,,431542,141.52,0
97,219.312,"Mount",-0.054,0.148,0.156,-0.021,0.086,0.000,49,W,0,,,,429008,124.56,0
98,221.683,"Mount",0.118,0.096,0.031,-0.149,0.017,-0.054,10,W,23,N,,,451607,142.38,0
99,223.877,"Mount",0.039,0.207,0.166,-0.130,0.088,-0.049,51,W,21,N,,,457522,150.08,0
100,226.222,"Mount",-0.064,0.090,0.109,0.015,0.072,0.000,41,W,0,,,,450456,152.62,0
101,228.414,"Mount",-0.183,0.075,0.151,0.128,0.092,0.046,52,W,20,S,,,442486,122.96,0
102,230.845,"Mount",0.004,0.172,0.151,-0.083,0.101,-0.028,58,W,12,N,,,456929,154.83,0
103,233.028,"Mount",0.164,0.078,-0.006,-0.182,0.034,-0.067,20,W,29,N,,,440393,126.54,0
104,235.349,"Mount",-0.020,0.034,0.039,0.002,0.035,0.000,20,W,0,,,,432058,127.19,0
105,237.557,"Mount",-0.170,-0.126,-0.033,0.209,0.020,0.075,11,W,32,S,,,433011,122.78,0
106,239.968,"Mount",0.106,0.015,-0.036,-0.101,0.019,-0.033,11,W,14,N,,,439561,133.91,0
107,242.101,"Mount",-0.027,0.051,0.058,0.000,-0.016,0.000,9,E,0,,,,451610,147.49,0
108,244.432,"Mount",0.040,-0.123,-0.128,0.021,-0.072,0.000,41,E,0,,,,463629,132.76,0
109,246.574,"Mount",0.067,-0.205,-0.213,0.035,-0.088,0.000,50,E,0,,,,457690,136.35,0
110,249.052,"Mount",0.197,-0.201,-0.269,-0.081,-0.110,-0.029,63,E,13,N,,,448408,126.80,0
111,251.226,"Mount",-0.058,-0.121,-0.081,0.108,-0.064,0.038,37,E,16,S,,,442442,136.16,0
112,253.658,"Mount",0.142,-0.311,-0.342,0.018,-0.173,0.000,99,E,0,,,,446982,125.56,0
113,255.919,"Mount",0.090,-0.335,-0.339,0.075,-0.173,0.027,99,E,11,S,,,474205,158.25,0
114,258.261,"Mount",0.113,-0.105,-0.145,-0.051,-0.089,0.000,51,E,0,,,,444081,143.88,0
115,260.437,"Mount",0.146,-0.095,-0.151,-0.086,-0.084,-0.031,48,E,13,N,,,441783,150.02,0
116,262.859,"Mount",0.190,-0.185,-0.252,-0.083,-0.135,-0.031,77,E,13,N,,,428031,118.79,0
117,264.991,"Mount",0.145,-0.150,-0.200,-0.060,-0.104,0.000,59,E,0,,,,437801,134.77,0
118,267.361,"Mount",-0.013,-0.195,-0.167,0.102,-0.046,0.037,26,E,16,S,,,442472,141.03,0
119,269.526,"Mount",0.208,-0.038,-0.130,-0.167,-0.019,-0.059,11,E,25,N,,,405422,120.58,0
120,271.841,"Mount",0.079,-0.120,-0.142,-0.015,-0.039,0.000,22,E,0,,,,423694,123.96,0
121,273.953,"Mount",0.105,-0.166,-0.196,-0.017,-0.056,0.000,32,E,0,,,,458755,153.02,0
122,276.280,"Mount",0.056,-0.154,-0.162,0.022,-0.079,0.000,45,E,0,,,,437560,122.65,0
123,278.351,"Mount",0.022,0.017,0.004,-0.028,-0.008,0.000,4,E,0,,,,454482,138.91,0
124,280.688,"Mount",0.001,0.031,0.027,-0.015,-0.026,0.000,15,E,0,,,,451801,136.74,0
125,282.824,"Mount",-0.122,0.076,0.123,0.073,0.030,0.026,17,W,11,S,,,433481,135.02,0
126,285.218,"Mount",-0.046,-0.106,-0.072,0.090,-0.050,0.033,29,E,14,S,,,461719,127.15,0
127,287.317,"Mount",-0.022,0.004,0.013,0.017,0.039,0.000,22,W,0,,,,442461,140.86,0
128,289.708,"Mount",0.119,0.012,-0.044,-0.111,0.049,-0.040,28,W,17,N,,,442015,151.77,0
129,291.838,"Mount",0.102,-0.116,-0.150,-0.037,-0.038,0.000,22,E,0,,,,450949,140.78,0
130,294.219,"Mount",0.091,-0.020,-0.060,-0.071,0.005,-0.026,3,W,11,N,,,451885,143.15,0
131,296.397,"Mount",0.189,-0.150,-0.221,-0.098,-0.093,-0.036,53,E,16,N,,,411944,130.94,0
132,298.835,"Mount",-0.067,-0.108,-0.065,0.110,-0.024,0.038,14,E,16,S,,,426739,142.86,0
133,300.999,"Mount",0.068,-0.148,-0.163,0.008,-0.081,0.000,46,E,0,,,,431375,122.73,0
134,303.491,"Mount",0.318,-0.271,-0.387,-0.157,-0.172,-0.057,99,E,24,N,,,442948,131.85,0
135,305.703,"Mount",0.216,-0.430,-0.481,0.007,-0.209,0.000,120,E,0,,,,451714,136.27,0
136,308.187,"Mount",0.129,-0.395,-0.410,0.068,-0.202,0.024,116,E,10,S,,,436480,120.55,0
137,310.423,"Mount",0.131,-0.387,-0.404,0.063,-0.192,0.024,110,E,10,S,,,443080,123.72,0
138,312.899,"Mount",0.277,-0.235,-0.336,-0.138,-0.184,-0.049,105,E,21,N,,,455340,151.79,0
139,315.077,"Mount",0.231,-0.355,-0.422,-0.041,-0.207,0.000,118,E,0,,,,464289,128.88,0
140,317.507,"Mount",0.239,-0.454,-0.513,-0.003,-0.224,0.000,128,E,0,,,,429548,147.39,0
141,319.780,"Mount",0.190,-0.523,-0.551,0.073,-0.226,0.026,129,E,11,S,,,440554,157.90,0
142,322.225,"Mount",0.127,-0.247,-0.278,0.002,-0.173,0.000,99,E,0,,,,441811,133.95,0
143,324.371,"Mount",0.140,-0.193,-0.236,-0.035,-0.142,0.000,81,E,0,,,,444187,141.07,0
144,326.787,"Mount",0.133,-0.269,-0.300,0.006,-0.183,0.000,105,E,0,,,,445071,133.38,0
145,328.948,"Mount",0.129,-0.228,-0.261,-0.009,-0.153,0.000,88,E,0,,,,465982,150.33,0
146,331.418,"Mount",0.228,-0.175,-0.260,-0.122,-0.155,-0.044,88,E,19,N,,,451786,150.05,0
147,333.579,"Mount",0.058,-0.208,-0.211,0.044,-0.121,0.000,69,E,0,,,,466002,158.92,0
148,336.001,"Mount",-0.028,-0.194,-0.159,0.115,-0.106,0.041,61,E,18,S,,,443331,145.58,0
149,338.159,"Mount",0.077,-0.097,-0.121,-0.023,-0.080,0.000,46,E,0,,,,425872,133.96,0
150,340.536,"Mount",0.071,-0.209,-0.218,0.033,-0.114,0.000,65,E,0,,,,430435,131.12,0
151,342.717,"Mount",0.148,-0.083,-0.142,-0.093,-0.074,-0.033,43,E,14,N,,,439835,129.48,0
152,345.077,"Mount",0.121,-0.152,-0.190,-0.037,-0.092,0.000,53,E,0,,,,438928,126.72,0
153,347.241,"Mount",0.052,-0.186,-0.189,0.040,-0.083,0.000,48,E,0,,,,433965,134.12,0
154,349.608,"Mount",0.057,-0.084,-0.101,-0.011,-0.044,0.000,25,E,0,,,,433074,128.33,0
155,351.724,"Mount",0.092,-0.183,-0.205,0.003,-0.101,0.000,58,E,0,,,,424324,130.02,0
156,354.139,"Mount",-0.035,-0.155,-0.121,0.103,-0.063,0.037,36,E,16,S,,,437922,144.84,0
157,356.320,"Mount",0.145,-0.112,-0.166,-0.077,-0.092,-0.026,53,E,11,N,,,445441,137.06,0
158,358.595,"Mount",0.032,-0.050,-0.059,-0.006,-0.014,0.000,8,E,0,,,,447659,140.77,0
159,360.773,"Mount",0.093,-0.046,-0.084,-0.061,-0.052,-0.022,30,E,9,N,,,422406,118.14,0
160,363.155,"Mount",0.141,-0.058,-0.116,-0.098,-0.058,-0.036,33,E,15,N,,,459618,160.99,0
161,365.227,"Mount",-0.002,-0.041,-0.036,0.021,-0.002,0.000,1,E,0,,,,450271,154.01,0
162,367.607,"Mount",0.124,-0.075,-0.123,-0.075,-0.047,-0.027,27,E,12,N,,,431563,127.40,0
163,369.667,"Mount",0.001,0.035,0.030,-0.017,0.010,0.000,5,W,0,,,,434352,123.91,0
164,371.959,"Mount",-0.010,0.040,0.040,-0.009,0.013,0.000,7,W,0,,,,426828,119.35,0
165,374.074,"Mount",-0.023,-0.086,-0.066,0.060,-0.015,0.022,9,E,9,S,,,437415,124.59,0
166,376.432,"Mount",-0.096,-0.042,0.007,0.105,0.013,0.039,7,W,17,S,,,428335,112.71,0
167,378.514,"Mount",0.081,-0.048,-0.080,-0.050,-0.021,0.000,12,E,0,,,,432024,121.18,0
168,380.822,"Mount",0.109,0.005,-0.045,-0.099,0.001,-0.036,0,,15,N,,,458735,144.71,0
169,382.949,"Mount",0.085,0.040,-0.004,-0.094,0.006,-0.035,3,W,15,N,,,436646,120.25,0
170,385.241,"Mount",0.015,0.083,0.067,-0.052,0.045,0.000,26,W,0,,,,419587,138.33,0
171,387.405,"Mount",0.010,0.115,0.097,-0.062,0.063,-0.022,36,W,10,N,,,428642,122.46,0
172,389.766,"Mount",-0.054,0.098,0.112,0.002,0.085,0.000,49,W,0,,,,440522,126.54,0
173,391.860,"Mount",0.094,-0.074,-0.108,-0.049,0.013,0.000,8,W,0,,,,450086,148.94,0
174,394.199,"Mount",0.043,0.019,-0.003,-0.047,0.071,0.000,41,W,0,,,,461239,146.44,0
175,396.398,"Mount",0.039,0.135,0.102,-0.097,0.110,-0.035,63,W,15,N,,,431336,125.88,0
176,398.757,"Mount",-0.062,0.159,0.170,-0.018,0.146,0.000,83,W,0,,,,466376,142.73,0
177,400.938,"Mount",0.054,0.105,0.069,-0.096,0.096,-0.035,55,W,15,N,,,442544,121.03,0
178,403.353,"Mount",-0.144,0.174,0.220,0.048,0.156,0.000,89,W,0,,,,450038,132.28,0
179,405.507,"Mount",-0.033,0.164,0.161,-0.047,0.117,0.000,67,W,0,,,,428454,120.74,0
180,407.953,"Mount",-0.183,0.070,0.146,0.130,0.106,0.047,61,W,20,S,,,443482,124.80,0
181,410.072,"Mount",0.024,0.009,-0.003,-0.026,0.026,0.000,15,W,0,,,,429804,128.59,0
182,412.310,"Mount",0.001,0.067,0.059,-0.032,-0.000,0.000,0,,0,,,,446092,122.27,0
183,414.489,"Mount",-0.112,0.072,0.116,0.066,0.042,0.024,24,W,10,S,,,415070,112.21,0
184,416.862,"Mount",0.066,0.064,0.026,-0.088,-0.023,-0.031,13,E,13,N,,,446750,131.88,0
185,418.980,"Mount",-0.018,0.001,0.010,0.016,-0.025,0.000,15,E,0,,,,472199,146.30,0
186,421.341,"Mount",0.010,-0.018,-0.021,-0.001,-0.009,0.000,5,E,0,,,,442856,131.31,0
187,423.446,"Mount",0.054,0.002,-0.023,-0.049,-0.006,0.000,4,E,0,,,,428303,123.24,0
188,425.759,"Mount",0.032,-0.040,-0.050,-0.010,0.001,0.000,1,W,0,,,,472595,154.19,0
189,427.856,"Mount",0.083,-0.040,-0.074,-0.055,-0.027,0.000,15,E,0,,,,443252,144.26,0
190,430.261,"Mount",0.084,-0.056,-0.089,-0.049,-0.028,0.000,16,E,0,,,,456474,138.14,0
191,432.515,"Mount",0.126,-0.086,-0.135,-0.072,-0.054,-0.026,31,E,11,N,,,434020,136.72,0
192,434.791,"Mount",0.024,-0.063,-0.067,0.008,-0.018,0.000,10,E,0,,,,421383,126.78,0
193,436.869,"Mount",-0.036,0.004,0.020,0.030,0.004,0.000,2,W,0,,,,437722,129.49,0
194,439.136,"Mount",0.009,0.014,0.009,-0.015,0.011,0.000,7,W,0,,,,448805,136.42,0
195,441.361,"Mount",-0.081,-0.019,0.020,0.080,0.020,0.029,11,W,12,S,,,429555,132.01,0
196,443.660,"Mount",0.023,-0.036,-0.043,-0.004,0.031,0.000,18,W,0,,,,450706,154.74,0
197,445.810,"Mount",-0.026,0.061,0.066,-0.005,0.066,0.000,38,W,0,,,,439055,128.86,0
198,448.219,"Mount",0.142,0.157,0.074,-0.198,0.080,-0.071,46,W,31,N,,,439469,143.59,0
199,450.349,"Mount",-0.081,0.200,0.214,-0.021,0.151,0.000,86,W,0,,,,444387,140.28,0
200,452.707,"Mount",-0.083,0.120,0.145,0.019,0.132,0.000,76,W,0,,,,427919,123.74,0
201,454.902,"Mount",-0.138,0.169,0.214,0.044,0.170,0.000,97,W,0,,,,421052,118.49,0
202,457.318,"Mount",-0.019,0.160,0.151,-0.058,0.164,0.000,94,W,0,,,,436508,122.05,0
203,459.536,"Mount",-0.149,0.284,0.321,0.001,0.244,0.000,140,W,0,,,,450264,167.57,0
204,461.978,"Mount",-0.151,0.333,0.365,-0.020,0.282,0.000,161,W,0,,,,440553,138.54,0
205,464.227,"Mount",-0.155,0.283,0.322,0.007,0.269,0.000,154,W,0,,,,435884,131.80,0
206,466.822,"Mount",-0.117,0.522,0.518,-0.137,0.391,-0.049,224,W,21,N,,,438734,120.97,0
207,469.052,"Mount",-0.074,0.266,0.270,-0.057,0.285,0.000,163,W,0,,,,435752,123.94,0
208,471.590,"Mount",-0.031,0.261,0.246,-0.093,0.294,-0.034,168,W,14,N,,,409027,127.28,0
209,473.835,"Mount",0.025,0.120,0.095,-0.078,0.214,-0.029,122,W,13,N,,,442710,117.44,0
210,476.270,"Mount",-0.070,-0.056,-0.017,0.088,0.137,0.031,78,W,13,S,,,455674,145.28,0
211,478.378,"Mount",-0.016,-0.093,-0.075,0.057,0.082,0.000,47,W,0,,,,443825,138.85,0
212,480.690,"Mount",0.079,-0.114,-0.138,-0.017,0.032,0.000,18,W,0,,,,440289,137.34,0
213,482.763,"Mount",0.002,-0.086,-0.077,0.038,-0.008,0.000,5,E,0,,,,420444,125.23,0
214,485.175,"Mount",-0.045,-0.109,-0.076,0.090,-0.034,0.032,20,E,14,S,,,461807,124.75,0
215,487.284,"Mount",0.034,-0.020,-0.033,-0.021,-0.062,0.000,35,E,0,,,,433119,121.72,0
216,489.593,"Mount",-0.041,0.076,0.086,0.001,-0.047,0.000,27,E,0,,,,452966,133.27,0
217,491.720,"Mount",0.004,0.019,0.015,-0.013,-0.073,0.000,42,E,0,,,,419972,121.69,0
218,494.041,"Mount",-0.085,0.141,0.165,0.010,-0.014,0.000,8,E,0,,,,431324,122.76,0
219,496.216,"Mount",0.051,0.056,0.026,-0.071,-0.031,-0.026,17,E,11,N,,,449962,135.28,0
220,498.682,"Mount",0.070,0.059,0.020,-0.090,-0.028,-0.033,16,E,14,N,,,444733,134.58,0
221,500.785,"Mount",0.031,0.016,-0.001,-0.035,0.006,0.000,3,W,0,,,,431722,136.85,0
222,503.174,"Mount",-0.069,-0.035,0.001,0.077,0.018,0.028,10,W,12,S,,,440023,144.06,0
223,505.424,"Mount",-0.166,0.054,0.124,0.123,0.083,0.045,48,W,19,S,,,430244,132.21,0
224,507.792,"Mount",0.085,-0.022,-0.058,-0.065,0.023,-0.022,13,W,9,N,,,441911,122.78,0
225,509.959,"Mount",0.183,0.044,-0.045,-0.183,0.032,-0.067,18,W,29,N,,,435867,114.69,0
226,512.276,"Mount",0.038,-0.186,-0.183,0.052,-0.049,0.000,28,E,0,,,,450188,141.91,0
227,514.355,"Mount",-0.047,-0.021,0.003,0.051,0.034,0.000,19,W,0,,,,461536,144.23,0
228,516.703,"Mount",0.124,-0.140,-0.182,-0.046,-0.066,0.000,38,E,0,,,,420443,123.21,0
229,518.827,"Mount",0.077,0.019,-0.019,-0.077,0.011,-0.028,7,W,12,N,,,436205,128.49,0
230,521.114,"Mount",0.061,-0.000,-0.029,-0.054,-0.004,0.000,2,E,0,,,,455449,150.20,0
231,523.199,"Mount",-0.021,0.084,0.084,-0.020,0.026,0.000,15,W,0,,,,449586,137.50,0
232,525.595,"Mount",-0.064,-0.019,0.013,0.065,-0.019,0.023,11,E,10,S,,,438909,128.54,0
233,527.693,"Mount",0.060,-0.047,-0.069,-0.031,-0.048,0.000,28,E,0,,,,450919,153.50,0
234,530.051,"Mount",-0.093,0.171,0.195,0.003,0.060,0.000,34,W,0,,,,443213,130.18,0
235,532.161,"Mount",-0.018,0.012,0.019,0.010,-0.025,0.000,14,E,0,,,,425740,146.62,0
236,534.459,"Mount",-0.003,0.014,0.013,-0.004,-0.028,0.000,16,E,0,,,,427788,115.33,0
237,536.576,"Mount",-0.029,0.145,0.142,-0.041,0.062,0.000,36,W,0,,,,463689,139.02,0
238,538.906,"Mount",-0.016,0.057,0.058,-0.012,0.003,0.000,2,W,0,,,,436945,139.27,0
239,540.988,"Mount",0.010,0.052,0.041,-0.033,0.015,0.000,9,W,0,,,,448647,152.37,0
240,543.420,"Mount",0.043,0.277,0.226,-0.166,0.120,-0.060,69,W,26,N,,,452534,145.85,0
241,545.520,"Mount",0.049,0.021,-0.004,-0.053,0.025,0.000,15,W,0,,,,428188,130.28,0
242,547.851,"Mount",-0.040,0.002,0.020,0.034,0.032,0.000,18,W,0,,,,414391,118.27,0
243,549.956,"Mount",0.075,-0.131,-0.151,-0.006,-0.032,0.000,18,E,0,,,,455009,123.82,0
244,552.258,"Mount",0.027,-0.026,-0.035,-0.012,0.023,0.000,13,W,0,,,,443989,130.32,0
245,554.322,"Mount",0.064,-0.045,-0.069,-0.036,-0.006,0.000,3,E,0,,,,440874,128.27,0
246,556.648,"Mount",0.080,-0.030,-0.063,-0.057,-0.019,0.000,11,E,0,,,,459601,162.76,0
247,558.708,"Mount",-0.007,0.039,0.038,-0.012,0.011,0.000,6,W,0,,,,428579,124.59,0
248,561.159,"Mount",0.092,0.202,0.138,-0.175,0.078,-0.063,45,W,27,N,,,437572,137.78,0
249,563.351,"Mount",0.020,0.100,0.080,-0.064,0.057,-0.025,33,W,11,N,,,448788,135.59,0
250,565.719,"Mount",-0.085,0.137,0.161,0.012,0.099,0.000,57,W,0,,,,442043,143.26,0
251,567.817,"Mount",-0.040,0.038,0.052,0.019,0.055,0.000,31,W,0,,,,445971,121.81,0
252,570.357,"Mount",-0.168,0.088,0.155,0.109,0.129,0.039,74,W,17,S,,,444201,140.47,0
253,572.492,"Mount",-0.075,0.064,0.092,0.037,0.098,0.000,56,W,0,,,,423958,135.09,0
254,574.827,"Mount",0.013,0.036,0.026,-0.028,0.053,0.000,31,W,0,,,,459342,145.90,0
255,577.011,"Mount",-0.025,0.045,0.051,0.001,0.046,0.000,27,W,0,,,,447391,146.92,0
256,579.296,"Mount",-0.043,-0.046,-0.020,0.060,0.036,0.000,20,W,0,,,,447225,141.55,0
257,581.396,"Mount",-0.007,0.018,0.020,-0.002,0.018,0.000,10,W,0,,,,462621,132.52,0
258,583.693,"Mount",-0.069,-0.047,-0.010,0.083,0.000,0.030,0,,13,S,,,447064,138.47,0
259,585.826,"Mount",0.020,0.078,0.060,-0.054,0.010,0.000,6,W,0,,,,452946,158.02,0
260,588.193,"Mount",0.027,0.083,0.061,-0.063,-0.010,-0.023,6,E,10,N,,,455922,139.97,0
261,590.322,"Mount",-0.012,0.027,0.029,-0.002,-0.053,0.000,31,E,0,,,,436094,129.77,0
262,592.704,"Mount",-0.064,-0.022,0.010,0.067,-0.059,0.024,34,E,10,S,,,422946,122.25,0
263,594.785,"Mount",0.009,0.054,0.044,-0.033,-0.067,0.000,39,E,0,,,,434877,135.88,0
264,597.164,"Mount",0.005,-0.029,-0.028,0.009,-0.081,0.000,47,E,0,,,,438272,124.17,0
265,599.371,"Mount",0.102,-0.038,-0.081,-0.073,-0.117,-0.026,67,E,11,N,,,453049,127.63,0
266,601.694,"Mount",-0.008,-0.055,-0.045,0.032,-0.079,0.000,45,E,0,,,,433523,156.76,0
267,603.781,"Mount",-0.089,0.057,0.091,0.053,-0.032,0.000,18,E,0,,,,442963,133.94,0
268,606.163,"Mount",0.078,-0.119,-0.142,-0.015,-0.134,0.000,77,E,0,,,,435388,122.84,0
269,608.280,"Mount",0.006,-0.054,-0.051,0.019,-0.064,0.000,36,E,0,,,,428573,125.38,0
270,610.694,"Mount",0.148,-0.168,-0.217,-0.054,-0.157,0.000,90,E,0,,,,421208,113.10,0
271,612.791,"Mount",0.030,-0.012,-0.024,-0.022,-0.055,0.000,31,E,0,,,,442912,117.64,0
272,615.179,"Mount",0.061,-0.184,-0.191,0.030,-0.137,0.000,78,E,0,,,,451946,138.89,0
273,617.349,"Mount",0.170,0.059,-0.026,-0.178,-0.031,-0.064,18,E,27,N,,,434764,129.79,0
274,619.668,"Mount",-0.016,-0.040,-0.028,0.033,-0.027,0.000,16,E,0,,,,432998,125.35,0
275,621.762,"Mount",0.017,-0.030,-0.035,-0.001,-0.030,0.000,17,E,0,,,,444098,138.66,0
276,626.280,"Mount",0.065,0.011,-0.020,-0.063,-0.031,-0.023,18,E,10,N,,,438005,148.12,0
277,628.615,"Mount",0.004,0.011,0.008,-0.009,-0.027,0.000,16,E,0,,,,419034,125.80,0
INFO: SET LOCK POSITION, new lock pos = 318.166, 51.821
INFO: DITHER by -16.957, 2.162, new lock pos = 324.055, 35.773
INFO: SETTLING STATE CHANGE, Settling started
278,641.380,"Mount",-5.890,16.048,16.957,-2.162,16.957,-2.162,9695,W,925,N,,,452276,131.25,0
279,643.911,"Mount",-0.681,0.050,0.358,0.581,0.161,0.209,92,W,89,S,,,467979,148.21,0
280,646.102,"Mount",-0.309,-0.144,0.014,0.341,0.006,0.131,4,W,56,S,,,418614,138.21,0
281,648.484,"Mount",-0.124,0.064,0.114,0.080,0.051,0.034,29,W,15,S,,,457976,152.91,0
282,650.741,"Mount",0.123,-0.451,-0.457,0.099,-0.206,0.037,118,E,16,S,,,447437,137.59,0
283,653.248,"Mount",0.133,-0.462,-0.471,0.095,-0.212,0.036,121,E,15,S,,,449095,142.99,0
284,655.565,"Mount",0.093,-0.457,-0.448,0.129,-0.202,0.048,115,E,20,S,,,461530,156.98,0
285,658.056,"Mount",0.333,-0.483,-0.582,-0.073,-0.262,-0.024,150,E,10,N,,,448678,140.75,0
286,660.379,"Mount",0.359,-0.504,-0.613,-0.086,-0.276,-0.032,158,E,14,N,,,450532,129.38,0
287,662.779,"Mount",0.178,-0.367,-0.408,0.011,-0.183,0.000,105,E,0,,,,429614,126.48,0
288,665.040,"Mount",0.274,-0.371,-0.455,-0.072,-0.205,-0.026,117,E,11,N,,,451249,133.80,0
INFO: SETTLING STATE CHANGE, Settling complete
289,667.630,"Mount",0.028,-0.416,-0.382,0.167,-0.353,0.059,202,E,25,S,,,449156,147.72,0
290,669.870,"Mount",0.095,-0.144,-0.172,-0.018,-0.263,0.000,150,E,0,,,,421924,120.41,0
291,672.317,"Mount",-0.055,0.007,0.032,0.045,-0.191,0.000,109,E,0,,,,429616,129.25,0
292,674.529,"Mount",0.016,0.002,-0.006,-0.015,-0.175,0.000,100,E,0,,,,426369,134.09,0
293,676.885,"Mount",0.001,0.112,0.099,-0.053,-0.120,0.000,69,E,0,,,,425965,129.47,0
294,679.089,"Mount",0.075,0.056,0.015,-0.092,-0.139,-0.033,79,E,14,N,,,447044,133.03,0
295,681.453,"Mount",-0.051,0.015,0.037,0.038,-0.118,0.000,68,E,0,,,,419643,124.12,0
296,683.570,"Mount",0.023,0.044,0.028,-0.041,-0.090,0.000,51,E,0,,,,425249,130.39,0
297,685.902,"Mount",-0.043,0.055,0.069,0.013,-0.036,0.000,21,E,0,,,,431950,144.09,0
298,687.981,"Mount",-0.036,0.073,0.082,-0.002,-0.012,0.000,7,E,0,,,,433354,142.81,0
299,690.325,"Mount",0.083,-0.119,-0.144,-0.018,-0.106,0.000,60,E,0,,,,435527,116.01,0
300,692.446,"Mount",0.032,0.005,-0.010,-0.031,-0.035,0.000,20,E,0,,,,445451,143.61,0
301,694.764,"Mount",-0.075,0.021,0.053,0.057,-0.038,0.000,22,E,0,,,,441038,123.56,0
302,696.945,"Mount",0.122,0.003,-0.053,-0.109,-0.040,-0.039,23,E,17,N,,,442631,142.21,0
303,699.386,"Mount",-0.078,-0.131,-0.080,0.130,-0.085,0.045,49,E,19,S,,,421341,128.15,0
304,701.498,"Mount",0.040,-0.002,-0.020,-0.035,-0.053,0.000,30,E,0,,,,478779,142.91,0
305,703.821,"Mount",-0.086,0.068,0.100,0.045,-0.013,0.000,7,E,0,,,,442309,119.62,0
306,705.997,"Mount",0.111,0.003,-0.048,-0.099,-0.055,-0.036,31,E,15,N,,,440715,127.23,0
307,708.344,"Mount",0.007,0.147,0.128,-0.075,0.006,-0.028,4,W,12,N,,,420213,116.81,0
308,710.465,"Mount",0.026,0.152,0.123,-0.093,0.016,-0.035,9,W,15,N,,,426741,122.29,0
309,712.754,"Mount",0.027,-0.003,-0.016,-0.023,-0.031,0.000,17,E,0,,,,424062,134.11,0
310,714.893,"Mount",0.023,-0.073,-0.075,0.013,-0.053,0.000,30,E,0,,,,441391,130.75,0
311,717.176,"Mount",0.019,-0.043,-0.047,0.003,-0.002,0.000,1,E,0,,,,448883,142.62,0
312,719.286,"Mount",-0.085,0.085,0.115,0.037,0.055,0.000,31,W,0,,,,435917,137.33,0
313,721.595,"Mount",0.036,-0.066,-0.075,-0.001,-0.034,0.000,20,E,0,,,,421895,135.35,0
314,723.791,"Mount",-0.004,-0.137,-0.120,0.067,-0.055,0.024,31,E,10,S,,,434369,130.05,0
315,726.260,"Mount",0.084,0.024,-0.018,-0.086,-0.002,-0.030,1,E,13,N,,,448094,145.84,0
316,728.351,"Mount",-0.041,0.061,0.073,0.009,0.027,0.000,16,W,0,,,,437553,141.35,0
317,730.742,"Mount",-0.150,0.097,0.155,0.089,0.054,0.032,31,W,14,S,,,453471,140.02,0
318,732.893,"Mount",-0.107,0.163,0.194,0.019,0.076,0.000,43,W,0,,,,450063,167.53,0
319,735.285,"Mount",-0.024,0.204,0.192,-0.073,0.083,-0.026,47,W,11,N,,,410379,121.63,0
320,737.528,"Mount",0.025,0.212,0.177,-0.121,0.121,-0.044,69,W,19,N,,,433928,167.47,0
321,739.944,"Mount",-0.132,0.224,0.260,0.013,0.182,0.000,104,W,0,,,,446422,137.94,0
322,742.203,"Mount",-0.020,0.176,0.165,-0.064,0.168,-0.023,96,W,10,N,,,443694,134.64,0
323,744.675,"Mount",0.007,0.149,0.129,-0.075,0.178,-0.028,102,W,12,N,,,423394,133.54,0
324,746.883,"Mount",-0.053,0.131,0.140,-0.013,0.197,0.000,113,W,0,,,,431389,122.75,0
325,749.252,"Mount",-0.021,0.021,0.028,0.009,0.140,0.000,80,W,0,,,,470012,158.58,0
326,751.414,"Mount",-0.034,0.102,0.107,-0.017,0.177,0.000,101,W,0,,,,421427,122.26,0
327,753.795,"Mount",-0.021,-0.014,-0.003,0.025,0.122,0.000,70,W,0,,,,430975,133.01,0
328,755.939,"Mount",0.024,-0.202,-0.190,0.072,0.008,0.026,5,W,11,S,,,420478,129.94,0
329,758.297,"Mount",-0.026,-0.125,-0.099,0.081,0.029,0.030,17,W,13,S,,,441671,123.55,0
330,760.366,"Mount",0.103,-0.079,-0.117,-0.055,-0.001,0.000,1,E,0,,,,439944,136.27,0
331,762.716,"Mount",0.160,-0.210,-0.260,-0.044,-0.099,0.000,57,E,0,,,,432517,133.61,0
332,764.925,"Mount",-0.005,-0.152,-0.133,0.074,-0.068,0.027,39,E,11,S,,,420489,140.59,0
333,767.479,"Mount",0.242,-0.208,-0.296,-0.118,-0.184,-0.041,105,E,18,N,,,433714,143.05,0
334,769.691,"Mount",0.193,-0.023,-0.109,-0.161,-0.104,-0.059,60,E,25,N,,,428936,125.26,0
335,772.007,"Mount",0.052,0.011,-0.014,-0.051,-0.057,0.000,33,E,0,,,,429962,136.14,0
336,774.107,"Mount",-0.005,-0.055,-0.047,0.030,-0.052,0.000,30,E,0,,,,434277,123.90,0
337,776.427,"Mount",0.055,0.013,-0.014,-0.055,-0.026,0.000,15,E,0,,,,463974,139.49,0
338,778.583,"Mount",0.095,-0.036,-0.076,-0.068,-0.054,-0.024,31,E,10,N,,,448816,151.35,0
339,780.904,"Mount",0.031,0.048,0.028,-0.049,-0.008,0.000,4,E,0,,,,451005,149.69,0
340,783.041,"Mount",0.005,-0.037,-0.035,0.012,-0.004,0.000,2,E,0,,,,442426,136.49,0
341,785.396,"Mount",-0.047,0.003,0.024,0.040,0.002,0.000,1,W,0,,,,412985,124.13,0
342,787.577,"Mount",-0.169,-0.059,0.025,0.177,0.005,0.064,3,W,27,S,,,414193,125.18,0
343,789.976,"Mount",0.048,0.139,0.101,-0.107,0.059,-0.036,34,W,15,N,,,436253,128.07,0
344,792.121,"Mount",0.042,-0.036,-0.051,-0.020,0.028,0.000,16,W,0,,,,429271,131.30,0
345,794.535,"Mount",-0.070,0.202,0.212,-0.031,0.136,0.000,78,W,0,,,,439211,158.66,0
346,796.756,"Mount",-0.178,0.132,0.200,0.097,0.143,0.035,82,W,15,S,,,419129,131.25,0
347,799.137,"Mount",-0.052,0.126,0.136,-0.012,0.137,0.000,78,W,0,,,,462458,154.11,0
348,801.328,"Mount",-0.103,0.120,0.154,0.036,0.185,0.000,106,W,0,,,,430724,129.34,0
349,803.823,"Mount",-0.174,0.332,0.375,0.001,0.318,0.000,182,W,0,,,,440517,137.60,0
350,806.166,"Mount",-0.153,0.245,0.288,0.023,0.309,0.000,176,W,0,,,,421560,128.79,0
351,808.696,"Mount",-0.024,0.269,0.250,-0.103,0.327,-0.037,187,W,16,N,,,424027,129.43,0
352,810.970,"Mount",0.095,0.063,0.012,-0.114,0.256,-0.042,146,W,18,N,,,435485,127.50,0
353,813.541,"Mount",0.020,0.170,0.141,-0.096,0.341,-0.036,195,W,16,N,,,453735,130.52,0
354,815.782,"Mount",0.013,0.051,0.039,-0.035,0.277,0.000,158,W,0,,,,450210,149.78,0
355,818.221,"Mount",0.018,-0.040,-0.044,0.002,0.251,0.000,144,W,0,,,,439811,137.32,0
356,820.368,"Mount",0.060,-0.084,-0.103,-0.014,0.179,0.000,103,W,0,,,,423439,143.57,0
357,822.669,"Mount",0.120,-0.288,-0.311,0.027,0.012,0.000,7,W,0,,,,443554,126.84,0
358,824.774,"Mount",0.099,-0.272,-0.287,0.037,-0.013,0.000,7,E,0,,,,434533,121.09,0
359,827.185,"Mount",0.041,-0.253,-0.244,0.080,-0.057,0.029,33,E,12,S,,,428297,125.93,0
360,829.334,"Mount",0.102,-0.189,-0.214,-0.003,-0.081,0.000,46,E,0,,,,453092,142.98,0
361,831.728,"Mount",0.184,-0.128,-0.198,-0.104,-0.073,-0.037,42,E,16,N,,,445287,142.96,0
362,833.868,"Mount",0.130,-0.185,-0.224,-0.030,-0.106,0.000,61,E,0,,,,442256,154.70,0
363,836.202,"Mount",0.112,-0.182,-0.214,-0.016,-0.075,0.000,43,E,0,,,,447188,137.69,0
364,838.371,"Mount",0.180,-0.099,-0.171,-0.114,-0.069,-0.041,39,E,17,N,,,442284,136.09,0
365,840.778,"Mount",0.195,-0.101,-0.180,-0.126,-0.065,-0.047,37,E,20,N,,,428942,137.56,0
366,842.861,"Mount",0.024,-0.056,-0.061,0.005,-0.017,0.000,10,E,0,,,,428415,128.20,0
367,845.197,"Mount",0.004,0.031,0.025,-0.018,0.018,0.000,11,W,0,,,,429632,127.32,0
368,847.294,"Mount",0.031,-0.058,-0.065,-0.001,-0.028,0.000,16,E,0,,,,443875,123.41,0
369,849.627,"Mount",0.107,-0.090,-0.129,-0.053,-0.054,0.000,31,E,0,,,,440843,141.20,0
370,851.729,"Mount",0.079,-0.044,-0.075,-0.050,-0.038,0.000,22,E,0,,,,437283,129.31,0
371,854.061,"Mount",-0.019,0.064,0.066,-0.013,0.029,0.000,17,W,0,,,,452831,142.08,0
372,856.240,"Mount",0.109,0.018,-0.035,-0.105,-0.015,-0.038,9,E,16,N,,,422717,137.12,0
373,858.586,"Mount",-0.097,-0.079,-0.026,0.122,-0.013,0.043,8,E,18,S,,,430641,123.83,0
374,860.798,"Mount",0.114,-0.066,-0.111,-0.071,-0.062,-0.024,36,E,10,N,,,444569,139.68,0
375,863.107,"Mount",0.046,-0.010,-0.030,-0.037,-0.010,0.000,6,E,0,,,,418848,134.26,0
376,865.314,"Mount",0.200,-0.045,-0.132,-0.156,-0.071,-0.056,41,E,24,N,,,424582,124.88,0
377,867.742,"Mount",-0.056,-0.239,-0.187,0.160,-0.095,0.055,54,E,24,S,,,437019,143.91,0
378,869.893,"Mount",-0.121,0.040,0.091,0.088,0.031,0.034,18,W,15,S,,,433592,118.86,0
379,872.224,"Mount",0.090,-0.079,-0.111,-0.043,-0.057,0.000,33,E,0,,,,421179,128.57,0
380,874.292,"Mount",-0.026,0.108,0.108,-0.027,0.043,0.000,24,W,0,,,,441758,142.46,0
381,876.656,"Mount",0.097,-0.014,-0.057,-0.079,0.012,-0.029,7,W,12,N,,,449661,129.02,0
382,878.710,"Mount",-0.014,0.035,0.037,-0.004,0.012,0.000,7,W,0,,,,457480,156.91,0
383,881.067,"Mount",-0.104,-0.016,0.034,0.099,0.022,0.036,12,W,15,S,,,413713,123.05,0
384,883.182,"Mount",0.126,-0.119,-0.164,-0.057,-0.054,0.000,31,E,0,,,,441403,122.82,0
385,885.541,"Mount",0.113,-0.051,-0.097,-0.077,-0.021,-0.028,12,E,12,N,,,417737,123.19,0
386,887.667,"Mount",0.126,0.061,-0.004,-0.140,0.012,-0.052,7,W,22,N,,,466706,139.15,0
387,890.030,"Mount",0.152,-0.274,-0.313,-0.009,-0.134,0.000,76,E,0,,,,471343,144.64,0
388,892.263,"Mount",-0.037,-0.111,-0.082,0.084,-0.035,0.030,20,E,13,S,,,428451,121.29,0
389,894.506,"Mount",-0.019,-0.044,-0.030,0.037,-0.000,0.000,0,,0,,,,412736,121.24,0
390,896.652,"Mount",-0.049,0.033,0.052,0.029,-0.016,0.000,9,E,0,,,,460811,145.44,0
391,898.993,"Mount",0.105,0.124,0.062,-0.150,0.012,-0.054,7,W,23,N,,,433910,139.11,0
392,901.096,"Mount",0.010,0.035,0.026,-0.025,0.002,0.000,1,W,0,,,,456299,167.81,0
393,903.412,"Mount",-0.007,-0.100,-0.085,0.052,-0.030,0.000,17,E,0,,,,432982,141.20,0
394,905.662,"Mount",-0.116,-0.120,-0.053,0.158,0.018,0.057,10,W,24,S,,,466222,155.72,0
395,908.025,"Mount",0.089,-0.007,-0.047,-0.076,0.027,-0.025,15,W,11,N,,,408812,116.98,0
396,910.207,"Mount",-0.016,-0.117,-0.097,0.068,-0.010,0.024,6,E,10,S,,,410973,119.33,0
397,912.636,"Mount",-0.146,0.135,0.187,0.067,0.119,0.025,68,W,11,S,,,438031,131.54,0
398,914.875,"Mount",0.046,0.255,0.205,-0.159,0.138,-0.056,79,W,24,N,,,449450,160.91,0
399,917.339,"Mount",-0.230,0.202,0.285,0.111,0.202,0.038,115,W,16,S,,,409574,131.28,0
400,919.437,"Mount",0.028,-0.072,-0.077,0.009,0.043,0.000,25,W,0,,,,435492,131.57,0
401,921.821,"Mount",0.045,0.043,0.017,-0.060,0.101,0.000,58,W,0,,,,436693,123.54,0
402,923.925,"Mount",0.001,-0.049,-0.044,0.021,0.098,0.000,56,W,0,,,,434078,129.48,0
403,926.318,"Mount",-0.053,-0.083,-0.049,0.085,0.078,0.031,45,W,13,S,,,441758,140.66,0
404,928.384,"Mount",0.122,-0.138,-0.179,-0.044,-0.010,0.000,6,E,0,,,,474553,157.52,0
405,930.735,"Mount",0.015,-0.018,-0.023,-0.005,0.051,0.000,29,W,0,,,,445147,130.86,0
406,932.799,"Mount",-0.001,-0.097,-0.085,0.046,-0.004,0.000,2,E,0,,,,455304,155.00,0
407,935.178,"Mount",0.132,-0.162,-0.205,-0.043,-0.077,0.000,44,E,0,,,,442060,143.71,0
408,937.309,"Mount",0.080,-0.210,-0.224,0.026,-0.111,0.000,64,E,0,,,,452477,134.86,0
409,939.783,"Mount",0.144,-0.135,-0.186,-0.065,-0.118,-0.023,68,E,10,N,,,469134,134.28,0
410,941.964,"Mount",0.032,-0.128,-0.128,0.031,-0.134,0.000,77,E,0,,,,433996,125.58,0
411,944.349,"Mount",0.099,-0.081,-0.117,-0.051,-0.149,0.000,85,E,0,,,,447681,161.50,0
412,946.583,"Mount",0.170,-0.087,-0.155,-0.111,-0.169,-0.040,97,E,17,N,,,427619,118.33,0
413,948.991,"Mount",0.159,-0.178,-0.231,-0.059,-0.215,0.000,123,E,0,,,,443041,136.85,0
414,951.236,"Mount",0.169,-0.117,-0.182,-0.096,-0.187,-0.035,107,E,15,N,,,418782,129.44,0
415,953.627,"Mount",0.047,-0.139,-0.145,0.023,-0.171,0.000,98,E,0,,,,434474,130.11,0
416,955.760,"Mount",-0.024,0.073,0.076,-0.012,-0.072,0.000,41,E,0,,,,431131,131.06,0
417,958.143,"Mount",0.020,-0.090,-0.089,0.023,-0.138,0.000,79,E,0,,,,440193,141.43,0
418,960.334,"Mount",-0.163,-0.049,0.032,0.167,-0.083,0.060,47,E,26,S,,,407694,126.65,0
419,962.698,"Mount",0.017,0.110,0.089,-0.066,-0.027,-0.021,15,E,9,N,,,433219,131.47,0
420,964.892,"Mount",0.161,-0.007,-0.080,-0.140,-0.097,-0.051,56,E,22,N,,,432941,132.39,0
421,967.207,"Mount",0.018,0.046,0.032,-0.037,-0.032,0.000,18,E,0,,,,431990,119.32,0
422,969.296,"Mount",-0.056,0.016,0.040,0.043,-0.025,0.000,14,E,0,,,,450419,139.30,0
423,971.697,"Mount",0.129,0.014,-0.047,-0.120,-0.029,-0.043,17,E,19,N,,,421983,121.29,0
424,973.799,"Mount",0.010,-0.062,-0.059,0.020,-0.021,0.000,12,E,0,,,,429608,134.56,0
425,976.265,"Mount",-0.164,-0.126,-0.036,0.203,-0.036,0.073,20,E,31,S,,,438955,126.36,0
426,978.442,"Mount",0.073,-0.003,-0.036,-0.063,-0.026,-0.020,15,E,9,N,,,437428,140.55,0
427,980.746,"Mount",-0.085,0.079,0.110,0.039,0.020,0.000,12,W,0,,,,429049,137.12,0
428,982.848,"Mount",0.044,0.032,0.008,-0.054,-0.020,0.000,11,E,0,,,,448478,130.87,0
429,985.187,"Mount",0.107,-0.120,-0.156,-0.040,-0.092,0.000,53,E,0,,,,450098,158.09,0
430,987.361,"Mount",0.095,-0.134,-0.162,-0.022,-0.078,0.000,45,E,0,,,,429861,128.19,0
431,989.757,"Mount",0.185,-0.188,-0.252,-0.077,-0.120,-0.028,69,E,12,N,,,432313,130.79,0
432,991.980,"Mount",0.060,-0.265,-0.263,0.069,-0.147,0.024,84,E,10,S,,,443581,120.41,0
433,994.377,"Mount",0.142,-0.335,-0.363,0.029,-0.194,0.000,111,E,0,,,,433630,129.62,0
434,996.634,"Mount",0.249,-0.244,-0.332,-0.108,-0.215,-0.039,123,E,17,N,,,474871,138.06,0
435,999.130,"Mount",0.213,-0.441,-0.490,0.014,-0.297,0.000,170,E,0,,,,448132,119.52,0
436,1001.447,"Mount",0.082,-0.340,-0.340,0.084,-0.265,0.030,152,E,13,S,,,445059,132.32,0
437,1003.968,"Mount",0.166,-0.300,-0.343,-0.008,-0.280,0.000,160,E,0,,,,407685,131.96,0
438,1006.233,"Mount",0.111,-0.293,-0.312,0.037,-0.307,0.000,176,E,0,,,,435816,130.15,0
439,1008.653,"Mount",0.169,-0.194,-0.250,-0.060,-0.290,0.000,166,E,0,,,,417705,128.81,0
440,1010.914,"Mount",0.120,-0.150,-0.189,-0.038,-0.252,0.000,144,E,0,,,,424866,132.43,0
441,1013.393,"Mount",0.126,-0.043,-0.096,-0.093,-0.218,-0.033,125,E,14,N,,,439506,153.10,0
442,1015.617,"Mount",0.060,0.069,0.034,-0.085,-0.166,-0.032,95,E,14,N,,,412870,118.23,0
443,1018.070,"Mount",0.053,-0.157,-0.163,0.025,-0.232,0.000,133,E,0,,,,443270,140.21,0
444,1020.266,"Mount",0.023,-0.036,-0.043,-0.004,-0.148,0.000,84,E,0,,,,428544,119.31,0
445,1022.671,"Mount",0.089,-0.011,-0.051,-0.074,-0.102,-0.027,58,E,11,N,,,442577,135.28,0
446,1024.925,"Mount",-0.051,-0.128,-0.090,0.104,-0.119,0.037,68,E,16,S,,,454706,149.43,0
447,1027.255,"Mount",0.097,-0.124,-0.155,-0.029,-0.125,0.000,72,E,0,,,,440763,152.62,0
448,1029.447,"Mount",0.141,-0.111,-0.163,-0.074,-0.107,-0.027,61,E,11,N,,,438867,119.96,0
449,1031.806,"Mount",0.095,-0.076,-0.111,-0.049,-0.111,0.000,64,E,0,,,,458774,142.45,0
450,1033.946,"Mount",-0.033,-0.081,-0.056,0.066,-0.045,0.024,26,E,10,S,,,405976,119.83,0
451,1036.268,"Mount",-0.006,-0.074,-0.063,0.039,-0.099,0.000,56,E,0,,,,437666,135.02,0
452,1038.415,"Mount",0.106,-0.146,-0.179,-0.027,-0.131,0.000,75,E,0,,,,442395,136.00,0
453,1040.767,"Mount",-0.052,-0.007,0.017,0.049,-0.063,0.000,36,E,0,,,,444939,144.83,0
454,1042.960,"Mount",0.103,0.066,0.011,-0.121,-0.058,-0.044,33,E,19,N,,,460448,138.83,0
455,1045.349,"Mount",-0.044,-0.068,-0.040,0.070,-0.058,0.023,33,E,10,S,,,441767,124.78,0
456,1047.515,"Mount",0.023,0.026,0.012,-0.032,-0.058,0.000,33,E,0,,,,417165,125.50,0
457,1049.876,"Mount",0.100,-0.083,-0.120,-0.050,-0.106,0.000,60,E,0,,,,463179,133.03,0
458,1052.007,"Mount",0.019,-0.060,-0.062,0.010,-0.063,0.000,36,E,0,,,,439836,156.25,0
459,1054.309,"Mount",-0.023,0.036,0.043,0.004,-0.021,0.000,12,E,0,,,,462177,163.18,0
460,1056.391,"Mount",0.001,0.044,0.038,-0.021,-0.027,0.000,15,E,0,,,,447278,155.67,0
461,1058.688,"Mount",-0.003,0.039,0.035,-0.016,-0.016,0.000,9,E,0,,,,439858,133.35,0
462,1060.738,"Mount",0.042,-0.039,-0.054,-0.020,-0.016,0.000,9,E,0,,,,419867,125.34,0
463,1063.051,"Mount",-0.038,0.034,0.048,0.017,-0.009,0.000,5,E,0,,,,447584,134.53,0
464,1065.083,"Mount",-0.006,0.040,0.039,-0.013,0.000,0.000,0,,0,,,,429365,134.36,0
465,1067.452,"Mount",0.175,0.076,-0.013,-0.191,-0.009,-0.069,5,E,29,N,,,438030,137.08,0
466,1069.537,"Mount",0.008,0.037,0.029,-0.025,-0.003,0.000,2,E,0,,,,439586,146.43,0
467,1071.900,"Mount",0.073,0.094,0.050,-0.108,0.003,-0.039,2,W,17,N,,,412472,123.12,0
468,1073.989,"Mount",-0.031,0.000,0.014,0.027,0.006,0.000,4,W,0,,,,453930,138.94,0
469,1076.337,"Mount",-0.105,0.197,0.223,0.003,0.113,0.000,65,W,0,,,,441123,142.63,0
470,1078.541,"Mount",-0.162,0.118,0.179,0.089,0.101,0.032,58,W,14,S,,,441265,129.43,0
471,1080.924,"Mount",-0.114,0.196,0.227,0.011,0.137,0.000,79,W,0,,,,440913,149.15,0
472,1083.088,"Mount",-0.145,0.185,0.232,0.043,0.157,0.000,90,W,0,,,,460146,165.70,0
473,1085.578,"Mount",-0.178,0.253,0.307,0.041,0.216,0.000,123,W,0,,,,443960,132.70,0
474,1087.771,"Mount",-0.107,0.214,0.239,-0.003,0.215,0.000,123,W,0,,,,423327,129.47,0
475,1090.146,"Mount",-0.021,0.098,0.096,-0.027,0.174,0.000,100,W,0,,,,455082,127.07,0
476,1092.402,"Mount",0.025,0.180,0.148,-0.105,0.193,-0.038,110,W,16,N,,,429473,136.09,0
477,1094.764,"Mount",0.041,0.050,0.026,-0.059,0.136,0.000,78,W,0,,,,459500,158.60,0
478,1096.910,"Mount",0.049,0.035,0.008,-0.059,0.109,0.000,62,W,0,,,,433399,127.20,0
479,1099.285,"Mount",0.021,0.049,0.033,-0.041,0.102,0.000,58,W,0,,,,457973,156.74,0
480,1101.498,"Mount",0.129,0.079,0.010,-0.151,0.078,-0.054,45,W,23,N,,,446917,143.84,0
481,1103.851,"Mount",-0.012,-0.029,-0.020,0.025,0.060,0.000,34,W,0,,,,441552,130.88,0
482,1105.982,"Mount",0.092,-0.169,-0.192,-0.003,-0.045,0.000,26,E,0,,,,447231,134.64,0
483,1108.251,"Mount",-0.009,-0.098,-0.082,0.053,-0.015,0.000,9,E,0,,,,430649,139.17,0
484,1110.414,"Mount",0.139,-0.070,-0.126,-0.091,-0.053,-0.033,31,E,14,N,,,455501,130.46,0
485,1112.835,"Mount",0.180,-0.161,-0.226,-0.086,-0.106,-0.032,61,E,14,N,,,442279,138.48,0
486,1114.962,"Mount",0.133,-0.166,-0.209,-0.041,-0.104,0.000,60,E,0,,,,455255,124.67,0
487,1117.362,"Mount",0.037,-0.062,-0.072,-0.004,-0.061,0.000,35,E,0,,,,435215,131.32,0
488,1119.584,"Mount",-0.069,-0.019,0.015,0.070,-0.028,0.025,16,E,11,S,,,447251,168.15,0
489,1121.931,"Mount",0.030,0.085,0.062,-0.066,-0.012,-0.023,7,E,10,N,,,444496,135.86,0
490,1124.108,"Mount",0.129,0.016,-0.045,-0.122,-0.037,-0.045,21,E,19,N,,,429744,138.37,0
491,1126.410,"Mount",-0.029,0.002,0.015,0.025,-0.030,0.000,17,E,0,,,,436395,141.48,0
492,1128.571,"Mount",-0.085,0.017,0.054,0.068,-0.024,0.024,14,E,10,S,,,447898,147.84,0
493,1130.953,"Mount",0.030,0.146,0.116,-0.094,0.032,-0.033,18,W,14,N,,,470075,154.24,0
494,1133.002,"Mount",0.005,-0.021,-0.021,0.005,-0.010,0.000,6,E,0,,,,449164,156.32,0
495,1135.344,"Mount",-0.110,0.206,0.234,0.003,0.108,0.000,62,W,0,,,,430291,134.61,0
496,1137.557,"Mount",-0.234,0.105,0.201,0.159,0.111,0.057,64,W,24,S,,,434959,138.51,0
497,1140.023,"Mount",0.044,0.278,0.226,-0.168,0.149,-0.058,85,W,25,N,,,439724,131.41,0
498,1142.198,"Mount",-0.108,0.108,0.146,0.046,0.148,0.000,85,W,0,,,,435954,133.28,0
499,1144.594,"Mount",-0.137,0.153,0.198,0.051,0.200,0.000,115,W,0,,,,446561,127.75,0
500,1146.787,"Mount",-0.051,0.143,0.150,-0.021,0.199,0.000,114,W,0,,,,450330,153.99,0
501,1149.269,"Mount",-0.105,0.280,0.297,-0.036,0.295,0.000,169,W,0,,,,444104,134.99,0
502,1151.555,"Mount",-0.008,0.182,0.166,-0.077,0.248,-0.028,142,W,12,N,,,437792,123.45,0
503,1154.044,"Mount",-0.118,0.306,0.326,-0.037,0.344,0.000,197,W,0,,,,430960,136.85,0
504,1156.283,"Mount",-0.036,0.157,0.156,-0.041,0.277,0.000,158,W,0,,,,459270,144.07,0
505,1158.820,"Mount",0.168,0.109,0.020,-0.199,0.218,-0.072,124,W,31,N,,,415228,131.33,0
506,1161.047,"Mount",-0.038,0.067,0.077,0.002,0.243,0.000,139,W,0,,,,410097,124.86,0
507,1163.472,"Mount",-0.043,0.025,0.042,0.027,0.203,0.000,116,W,0,,,,432035,126.58,0
508,1165.647,"Mount",-0.037,-0.051,-0.028,0.057,0.169,0.000,97,W,0,,,,430902,146.00,0
509,1168.086,"Mount",-0.041,-0.054,-0.029,0.061,0.153,0.022,87,W,9,S,,,435185,128.68,0
510,1170.280,"Mount",0.014,-0.032,-0.035,0.002,0.132,0.000,75,W,0,,,,415909,120.42,0
511,1172.706,"Mount",-0.009,-0.076,-0.063,0.043,0.082,0.000,47,W,0,,,,428753,129.43,0
512,1174.899,"Mount",0.015,-0.097,-0.093,0.031,0.042,0.000,24,W,0,,,,419541,126.81,0
513,1177.254,"Mount",-0.003,-0.194,-0.171,0.092,-0.015,0.033,9,E,14,S,,,474361,141.80,0
514,1179.417,"Mount",-0.046,-0.121,-0.086,0.097,0.002,0.036,1,W,15,S,,,439645,137.76,0
515,1181.723,"Mount",0.132,-0.159,-0.201,-0.044,-0.068,0.000,39,E,0,,,,431382,135.84,0
516,1183.864,"Mount",0.069,-0.192,-0.202,0.027,-0.081,0.000,46,E,0,,,,469884,149.81,0
517,1186.165,"Mount",-0.027,-0.059,-0.040,0.051,0.006,0.000,3,W,0,,,,437826,140.45,0
518,1188.259,"Mount",0.057,-0.107,-0.121,-0.001,-0.058,0.000,33,E,0,,,,452753,146.87,0
519,1190.565,"Mount",0.031,-0.097,-0.100,0.017,-0.055,0.000,32,E,0,,,,418968,125.29,0
520,1192.673,"Mount",0.073,-0.050,-0.078,-0.041,-0.057,0.000,32,E,0,,,,446925,150.75,0
521,1194.965,"Mount",-0.042,-0.041,-0.017,0.056,-0.024,0.000,14,E,0,,,,440760,132.77,0
522,1197.072,"Mount",0.027,-0.041,-0.048,-0.005,-0.031,0.000,18,E,0,,,,468112,137.59,0
523,1199.410,"Mount",0.024,-0.012,-0.021,-0.016,-0.033,0.000,19,E,0,,,,429145,118.09,0
524,1201.580,"Mount",0.221,0.127,0.011,-0.255,-0.027,-0.092,15,E,39,N,,,463501,127.17,0
525,1203.871,"Mount",-0.063,0.037,0.062,0.039,0.003,0.000,2,W,0,,,,423198,136.68,0
526,1206.067,"Mount",0.031,0.164,0.131,-0.103,0.040,-0.037,23,W,16,N,,,421403,123.46,0
527,1208.428,"Mount",0.018,0.117,0.096,-0.069,0.028,-0.027,16,W,11,N,,,438837,125.69,0
528,1210.547,"Mount",-0.037,0.136,0.138,-0.030,0.057,0.000,33,W,0,,,,449395,130.01,0
529,1212.834,"Mount",-0.000,-0.007,-0.006,0.003,-0.003,0.000,2,E,0,,,,434143,130.07,0
530,1214.859,"Mount",-0.044,0.006,0.025,0.037,-0.000,0.000,0,,0,,,,435435,119.89,0
531,1217.242,"Mount",-0.101,0.056,0.096,0.064,0.051,0.023,29,W,10,S,,,447846,143.73,0
532,1219.407,"Mount",-0.116,-0.023,0.033,0.113,0.010,0.042,6,W,18,S,,,436292,131.07,0
533,1221.739,"Mount",-0.078,0.147,0.167,0.001,0.086,0.000,49,W,0,,,,432713,139.47,0
534,1223.796,"Mount",0.030,0.039,0.021,-0.044,0.012,0.000,7,W,0,,,,448061,134.04,0
535,1226.126,"Mount",0.009,0.078,0.065,-0.044,0.040,0.000,23,W,0,,,,450287,140.30,0
536,1228.264,"Mount",0.075,0.075,0.031,-0.101,0.009,-0.036,5,W,16,N,,,442716,148.96,0
537,1230.571,"Mount",0.010,0.050,0.040,-0.031,0.002,0.000,1,W,0,,,,420947,130.72,0
538,1232.671,"Mount",0.014,0.087,0.071,-0.053,0.029,0.000,16,W,0,,,,441475,145.66,0
539,1234.991,"Mount",0.021,0.051,0.036,-0.042,-0.010,0.000,6,E,0,,,,419421,141.13,0
540,1237.047,"Mount",0.054,-0.006,-0.031,-0.045,-0.013,0.000,7,E,0,,,,433745,123.14,0
541,1239.347,"Mount",0.014,0.060,0.047,-0.040,-0.017,0.000,10,E,0,,,,443694,136.71,0
542,1241.441,"Mount",0.013,0.065,0.052,-0.041,-0.021,0.000,12,E,0,,,,448100,135.92,0
543,1243.820,"Mount",0.128,0.108,0.037,-0.164,-0.021,-0.059,12,E,25,N,,,440534,127.99,0
544,1245.935,"Mount",-0.105,0.152,0.183,0.023,0.074,0.000,42,W,0,,,,463672,141.83,0
545,1248.237,"Mount",-0.072,0.045,0.073,0.043,0.032,0.000,18,W,0,,,,440896,128.04,0
546,1250.321,"Mount",-0.025,0.046,0.052,0.000,0.005,0.000,3,W,0,,,,438474,124.12,0
547,1252.718,"Mount",0.016,0.176,0.149,-0.096,0.088,-0.035,51,W,15,N,,,429314,125.40,0
548,1254.816,"Mount",-0.100,0.095,0.130,0.045,0.090,0.000,51,W,0,,,,457579,146.72,0
549,1257.217,"Mount",0.022,0.145,0.119,-0.086,0.097,-0.031,55,W,13,N,,,454460,145.42,0
550,1259.396,"Mount",0.025,0.090,0.069,-0.063,0.083,-0.024,47,W,10,N,,,449282,163.49,0
551,1261.817,"Mount",-0.133,0.008,0.069,0.114,0.095,0.040,54,W,17,S,,,431623,129.70,0
552,1263.972,"Mount",0.091,0.014,-0.029,-0.087,0.068,-0.030,39,W,13,N,,,440733,132.53,0
553,1266.276,"Mount",-0.047,-0.000,0.021,0.042,0.075,0.000,43,W,0,,,,445963,136.09,0
554,1268.469,"Mount",-0.122,0.019,0.073,0.099,0.106,0.036,61,W,15,S,,,411094,147.09,0
555,1270.912,"Mount",0.119,0.066,0.004,-0.136,0.075,-0.047,43,W,20,N,,,465950,151.14,0
556,1273.097,"Mount",0.035,-0.121,-0.123,0.025,0.012,0.000,7,W,0,,,,421831,127.76,0
INFO: SET LOCK POSITION, new lock pos = 324.055, 35.773
INFO: DITHER by -10.428, 10.497, new lock pos = 309.935, 40.195
INFO: SETTLING STATE CHANGE, Settling started
557,1285.881,"Mount",14.120,-4.423,-10.428,-10.497,-10.428,-10.497,5962,E,4490,N,,,441629,133.29,0
558,1288.475,"Mount",0.727,-0.411,-0.700,-0.455,-0.315,-0.164,180,E,70,N,,,448592,164.24,0
559,1290.809,"Mount",0.588,-0.232,-0.477,-0.414,-0.214,-0.156,123,E,67,N,,,427596,122.50,0
560,1293.288,"Mount",0.283,-0.249,-0.351,-0.136,-0.158,-0.055,90,E,24,N,,,444350,126.74,0
561,1295.516,"Mount",0.202,-0.200,-0.271,-0.087,-0.122,-0.034,70,E,14,N,,,450192,139.84,0
562,1298.013,"Mount",0.278,-0.221,-0.324,-0.145,-0.146,-0.054,83,E,23,N,,,431767,127.65,0
563,1300.255,"Mount",0.249,-0.207,-0.298,-0.125,-0.134,-0.047,77,E,20,N,,,446625,140.27,0
564,1302.594,"Mount",0.057,-0.127,-0.139,0.008,-0.063,0.000,36,E,0,,,,430926,133.83,0
565,1304.713,"Mount",0.132,-0.170,-0.212,-0.039,-0.095,0.000,54,E,0,,,,427881,142.98,0
566,1307.066,"Mount",0.177,-0.278,-0.328,-0.029,-0.148,0.000,84,E,0,,,,447367,140.47,0
567,1309.211,"Mount",0.112,-0.272,-0.293,0.026,-0.132,0.000,75,E,0,,,,427671,125.48,0
568,1311.657,"Mount",-0.028,-0.184,-0.151,0.110,-0.132,0.039,76,E,17,S,,,430179,133.84,0
569,1313.788,"Mount",0.084,-0.102,-0.129,-0.027,-0.117,0.000,67,E,0,,,,448130,138.13,0
INFO: SETTLING STATE CHANGE, Settling complete
570,1316.278,"Mount",0.163,-0.008,-0.082,-0.141,-0.095,-0.051,54,E,22,N,,,422134,122.09,0
571,1318.360,"Mount",-0.076,0.047,0.077,0.046,-0.014,0.000,8,E,0,,,,420741,121.42,0
572,1320.726,"Mount",0.035,0.063,0.040,-0.061,-0.040,-0.022,23,E,9,N,,,438227,129.91,0
573,1322.899,"Mount",0.117,-0.000,-0.054,-0.104,-0.031,-0.038,18,E,16,N,,,455296,125.95,0
574,1325.279,"Mount",0.023,0.179,0.148,-0.103,0.035,-0.038,20,W,16,N,,,436646,121.88,0
575,1327.447,"Mount",0.020,0.136,0.111,-0.081,0.021,-0.031,12,W,13,N,,,448229,130.46,0
576,1329.776,"Mount",0.025,0.045,0.029,-0.043,-0.041,0.000,23,E,0,,,,444328,149.65,0
577,1331.889,"Mount",0.022,-0.031,-0.038,-0.005,-0.053,0.000,30,E,0,,,,440168,138.74,0
578,1334.204,"Mount",-0.078,0.055,0.085,0.044,-0.041,0.000,23,E,0,,,,459594,133.40,0
579,1336.338,"Mount",0.110,-0.089,-0.130,-0.056,-0.153,0.000,88,E,0,,,,426832,138.48,0
580,1338.723,"Mount",0.049,-0.073,-0.087,-0.010,-0.162,0.000,92,E,0,,,,425506,132.18,0
581,1341.065,"Mount",0.135,-0.026,-0.085,-0.108,-0.173,-0.039,99,E,17,N,,,420262,113.63,0
582,1343.494,"Mount",0.099,-0.112,-0.145,-0.036,-0.210,0.000,120,E,0,,,,424238,114.96,0
583,1345.752,"Mount",-0.023,-0.106,-0.083,0.069,-0.185,0.025,106,E,11,S,,,450581,136.96,0
584,1348.263,"Mount",0.107,-0.045,-0.089,-0.075,-0.193,-0.026,110,E,11,N,,,459001,140.84,0
585,1350.464,"Mount",0.151,-0.170,-0.220,-0.056,-0.242,0.000,139,E,0,,,,451661,131.79,0
586,1352.949,"Mount",0.205,-0.076,-0.162,-0.146,-0.211,-0.053,121,E,23,N,,,454627,148.59,0
587,1355.103,"Mount",0.114,-0.154,-0.189,-0.030,-0.208,0.000,119,E,0,,,,466755,139.06,0
588,1357.493,"Mount",0.092,-0.112,-0.142,-0.030,-0.184,0.000,105,E,0,,,,413415,119.92,0
589,1359.709,"Mount",0.050,-0.161,-0.166,0.030,-0.198,0.000,113,E,0,,,,436208,138.51,0
590,1362.172,"Mount",0.118,-0.212,-0.242,-0.007,-0.240,0.000,137,E,0,,,,436921,130.59,0
591,1364.379,"Mount",0.101,-0.219,-0.241,0.012,-0.225,0.000,128,E,0,,,,465861,177.47,0
592,1366.809,"Mount",0.163,-0.206,-0.258,-0.049,-0.244,0.000,140,E,0,,,,451403,148.35,0
593,1368.975,"Mount",0.023,-0.062,-0.066,0.008,-0.171,0.000,98,E,0,,,,446977,144.79,0
594,1371.470,"Mount",0.036,-0.221,-0.212,0.070,-0.246,0.025,141,E,11,S,,,454553,133.94,0
595,1373.759,"Mount",0.176,-0.208,-0.266,-0.060,-0.281,-0.021,161,E,9,N,,,427363,132.85,0
596,1376.146,"Mount",-0.036,0.020,0.034,0.023,-0.159,0.000,91,E,0,,,,428909,133.64,0
597,1378.331,"Mount",0.088,-0.066,-0.099,-0.048,-0.196,0.000,112,E,0,,,,452771,142.94,0
598,1380.730,"Mount",0.047,0.038,0.012,-0.059,-0.132,0.000,75,E,0,,,,442343,144.80,0
599,1382.873,"Mount",0.002,0.165,0.145,-0.078,-0.025,-0.028,14,E,12,N,,,435315,125.89,0
600,1385.172,"Mount",-0.057,0.185,0.191,-0.035,0.016,0.000,9,W,0,,,,440359,137.24,0
601,1387.272,"Mount",-0.026,0.142,0.138,-0.042,0.013,0.000,7,W,0,,,,444527,164.71,0
602,1389.640,"Mount",0.064,0.026,-0.006,-0.069,-0.030,-0.025,17,E,11,N,,,445914,132.27,0
603,1391.796,"Mount",0.081,0.073,0.027,-0.105,-0.025,-0.039,14,E,17,N,,,439570,142.27,0
604,1394.247,"Mount",0.087,0.058,0.011,-0.104,-0.020,-0.039,12,E,17,N,,,465683,158.11,0
605,1396.420,"Mount",0.074,-0.001,-0.035,-0.066,-0.023,-0.025,13,E,11,N,,,419796,125.61,0
606,1398.751,"Mount",0.083,-0.045,-0.078,-0.053,-0.068,0.000,39,E,0,,,,411424,124.54,0
607,1400.947,"Mount",-0.062,-0.037,-0.004,0.072,-0.032,0.026,18,E,11,S,,,450115,148.65,0
608,1403.344,"Mount",-0.041,-0.135,-0.101,0.099,-0.090,0.037,51,E,16,S,,,448081,140.28,0
609,1405.531,"Mount",0.123,-0.078,-0.126,-0.073,-0.093,-0.025,53,E,11,N,,,409392,121.61,0
610,1407.970,"Mount",0.227,-0.012,-0.115,-0.196,-0.089,-0.072,51,E,31,N,,,419580,119.91,0
611,1410.094,"Mount",0.035,-0.054,-0.064,-0.006,-0.053,0.000,30,E,0,,,,440930,136.24,0
612,1412.379,"Mount",0.062,-0.042,-0.066,-0.035,-0.041,0.000,23,E,0,,,,430350,127.69,0
613,1414.449,"Mount",0.003,-0.009,-0.009,0.001,-0.007,0.000,4,E,0,,,,475070,144.97,0
614,1416.695,"Mount",0.001,-0.048,-0.043,0.022,0.001,0.000,0,,0,,,,466052,140.97,0
615,1418.790,"Mount",0.035,0.023,0.004,-0.042,0.018,0.000,11,W,0,,,,430248,128.30,0
616,1421.112,"Mount",-0.051,0.053,0.071,0.020,0.060,0.000,34,W,0,,,,411017,128.71,0
617,1423.199,"Mount",0.016,-0.136,-0.128,0.049,-0.022,0.000,12,E,0,,,,443208,142.99,0
618,1425.512,"Mount",0.010,-0.113,-0.105,0.043,0.001,0.000,1,W,0,,,,458639,154.77,0
619,1427.614,"Mount",0.008,0.011,0.006,-0.012,0.050,0.000,29,W,0,,,,445146,143.77,0
620,1430.095,"Mount",0.049,0.248,0.197,-0.158,0.159,-0.057,91,W,24,N,,,452196,149.22,0
621,1432.290,"Mount",-0.120,0.200,0.233,0.014,0.192,0.000,110,W,0,,,,440883,130.79,0
622,1434.654,"Mount",0.022,0.070,0.052,-0.052,0.100,0.000,57,W,0,,,,446997,146.19,0
623,1436.852,"Mount",-0.029,0.115,0.115,-0.027,0.158,0.000,91,W,0,,,,434940,124.44,0
624,1439.237,"Mount",0.008,0.087,0.073,-0.047,0.159,0.000,91,W,0,,,,440176,155.90,0
625,1441.350,"Mount",0.019,0.053,0.039,-0.041,0.120,0.000,69,W,0,,,,450849,136.84,0
626,1443.762,"Mount",-0.020,0.097,0.095,-0.027,0.158,0.000,90,W,0,,,,463611,147.34,0
627,1445.954,"Mount",-0.123,-0.001,0.056,0.110,0.092,0.040,53,W,17,S,,,431725,123.34,0
628,1448.393,"Mount",-0.118,0.027,0.078,0.092,0.107,0.035,61,W,15,S,,,412553,129.60,0
629,1450.662,"Mount",0.069,0.093,0.051,-0.104,0.047,-0.036,27,W,15,N,,,455659,145.67,0
630,1452.969,"Mount",0.060,-0.183,-0.190,0.031,-0.059,0.000,34,E,0,,,,453486,137.30,0
631,1455.050,"Mount",-0.020,-0.060,-0.044,0.045,0.009,0.000,5,W,0,,,,437052,126.29,0
632,1457.390,"Mount",-0.034,-0.067,-0.043,0.061,-0.005,0.022,3,E,9,S,,,428838,128.39,0
633,1459.507,"Mount",0.010,-0.128,-0.118,0.050,-0.077,0.000,44,E,0,,,,455684,133.65,0
634,1461.852,"Mount",0.086,-0.159,-0.181,-0.003,-0.110,0.000,63,E,0,,,,432509,144.66,0
635,1464.012,"Mount",-0.036,-0.069,-0.044,0.064,-0.038,0.023,21,E,10,S,,,433301,135.83,0
636,1466.348,"Mount",0.009,-0.118,-0.109,0.047,-0.089,0.000,51,E,0,,,,458046,142.57,0
637,1468.434,"Mount",0.065,-0.044,-0.069,-0.038,-0.070,0.000,40,E,0,,,,433097,136.16,0
638,1470.814,"Mount",0.054,0.073,0.040,-0.081,-0.038,-0.029,22,E,13,N,,,423480,116.65,0
639,1472.899,"Mount",-0.014,0.016,0.020,0.005,-0.031,0.000,18,E,0,,,,418095,121.65,0
640,1475.248,"Mount",0.034,-0.070,-0.078,0.002,-0.057,0.000,33,E,0,,,,444003,129.50,0
641,1477.335,"Mount",0.014,-0.028,-0.032,0.000,-0.011,0.000,6,E,0,,,,425343,139.83,0
642,1479.622,"Mount",0.026,0.048,0.030,-0.045,0.008,0.000,5,W,0,,,,433615,145.20,0
643,1481.771,"Mount",0.067,0.028,-0.006,-0.072,0.026,-0.026,15,W,11,N,,,422822,139.76,0
644,1484.086,"Mount",0.023,0.043,0.027,-0.040,0.055,0.000,32,W,0,,,,431169,148.03,0
645,1486.234,"Mount",-0.072,0.086,0.109,0.024,0.127,0.000,73,W,0,,,,420362,127.41,0
646,1488.695,"Mount",-0.180,0.024,0.104,0.148,0.152,0.053,87,W,23,S,,,449240,138.70,0
647,1490.853,"Mount",-0.033,0.021,0.034,0.019,0.133,0.000,76,W,0,,,,407844,117.71,0
648,1493.294,"Mount",-0.060,0.116,0.130,0.000,0.222,0.000,127,W,0,,,,432867,141.72,0
649,1495.564,"Mount",-0.166,-0.007,0.070,0.150,0.210,0.054,120,W,23,S,,,423098,113.40,0
650,1497.948,"Mount",0.034,0.055,0.033,-0.055,0.203,0.000,116,W,0,,,,424323,132.18,0
651,1500.141,"Mount",-0.003,-0.004,-0.002,0.005,0.195,0.000,112,W,0,,,,445274,136.47,0
652,1502.595,"Mount",0.011,0.060,0.048,-0.037,0.199,0.000,114,W,0,,,,439451,146.54,0
653,1504.847,"Mount",-0.085,0.154,0.176,0.004,0.267,0.000,153,W,0,,,,445498,136.93,0
654,1507.259,"Mount",-0.103,0.139,0.171,0.027,0.259,0.000,148,W,0,,,,442602,137.75,0
655,1509.467,"Mount",-0.042,0.159,0.161,-0.036,0.224,0.000,128,W,0,,,,426414,136.85,0
656,1511.929,"Mount",-0.083,0.159,0.180,0.000,0.222,0.000,127,W,0,,,,445694,131.13,0
657,1514.115,"Mount",-0.084,0.141,0.164,0.009,0.191,0.000,109,W,0,,,,435246,148.38,0
658,1516.561,"Mount",0.069,0.099,0.057,-0.107,0.109,-0.038,62,W,16,N,,,415799,121.71,0
659,1518.712,"Mount",0.013,0.066,0.053,-0.042,0.105,0.000,60,W,0,,,,438201,129.80,0
660,1521.074,"Mount",-0.065,0.049,0.074,0.035,0.119,0.000,68,W,0,,,,438522,138.36,0
661,1523.217,"Mount",-0.005,-0.063,-0.053,0.034,0.075,0.000,43,W,0,,,,425905,134.41,0
662,1525.550,"Mount",-0.008,-0.084,-0.071,0.046,0.025,0.000,14,W,0,,,,418572,123.95,0
663,1527.717,"Mount",-0.086,0.031,0.067,0.062,0.069,0.022,40,W,10,S,,,405536,126.98,0
664,1530.180,"Mount",0.064,0.036,0.002,-0.074,0.023,-0.026,13,W,11,N,,,417571,129.89,0
665,1532.390,"Mount",-0.007,-0.214,-0.187,0.105,-0.075,0.037,43,E,16,S,,,407038,132.32,0
666,1534.681,"Mount",0.051,-0.029,-0.050,-0.031,-0.004,0.000,3,E,0,,,,452964,142.79,0
667,1536.838,"Mount",-0.013,-0.107,-0.089,0.061,-0.051,0.022,29,E,9,S,,,432594,154.68,0
668,1539.171,"Mount",0.014,-0.107,-0.102,0.037,-0.084,0.000,48,E,0,,,,411936,121.53,0
669,1541.271,"Mount",0.024,0.046,0.029,-0.043,-0.041,0.000,23,E,0,,,,422758,136.79,0
670,1543.657,"Mount",0.113,-0.061,-0.106,-0.072,-0.091,-0.026,52,E,11,N,,,448324,141.22,0
671,1545.733,"Mount",-0.009,-0.053,-0.043,0.033,-0.044,0.000,25,E,0,,,,444354,157.48,0
672,1548.160,"Mount",0.112,-0.038,-0.085,-0.082,-0.070,-0.029,40,E,13,N,,,424874,140.53,0
673,1550.306,"Mount",0.069,0.017,-0.016,-0.069,-0.023,-0.026,13,E,11,N,,,429226,148.93,0
674,1552.614,"Mount",-0.004,0.046,0.043,-0.018,-0.019,0.000,11,E,0,,,,427712,130.80,0
675,1554.720,"Mount",-0.060,0.109,0.124,0.003,0.045,0.000,26,W,0,,,,426237,149.63,0
676,1557.029,"Mount",0.013,0.048,0.036,-0.034,-0.007,0.000,4,E,0,,,,431922,128.52,0
677,1559.132,"Mount",-0.046,0.089,0.100,0.000,0.044,0.000,25,W,0,,,,443572,134.70,0
678,1561.480,"Mount",-0.001,0.111,0.098,-0.051,0.046,0.000,26,W,0,,,,413379,121.97,0
679,1563.602,"Mount",-0.013,0.124,0.116,-0.046,0.061,0.000,35,W,0,,,,422888,129.77,0
680,1565.966,"Mount",-0.075,0.163,0.179,-0.008,0.092,0.000,53,W,0,,,,423768,128.31,0
681,1568.113,"Mount",0.153,0.119,0.036,-0.190,0.018,-0.069,10,W,29,N,,,415369,125.37,0
682,1570.442,"Mount",-0.010,0.082,0.078,-0.029,0.049,0.000,28,W,0,,,,435485,133.58,0
683,1572.546,"Mount",-0.056,0.061,0.080,0.022,0.051,0.000,29,W,0,,,,403817,124.38,0
684,1574.868,"Mount",-0.068,0.009,0.039,0.056,0.011,0.000,6,W,0,,,,407034,129.64,0
685,1576.987,"Mount",0.040,0.004,-0.015,-0.037,0.005,0.000,3,W,0,,,,401185,121.75,0
686,1579.378,"Mount",0.104,-0.048,-0.091,-0.070,-0.042,-0.025,24,E,11,N,,,409386,137.93,0
687,1581.456,"Mount",-0.033,-0.002,0.013,0.030,-0.006,0.000,3,E,0,,,,393451,126.55,0
688,1583.831,"Mount",0.101,0.021,-0.028,-0.099,-0.023,-0.036,13,E,15,N,,,394359,114.59,0
689,1585.974,"Mount",0.046,0.074,0.045,-0.075,-0.023,-0.028,13,E,12,N,,,413099,135.88,0
690,1588.252,"Mount",0.002,-0.008,-0.008,0.002,-0.017,0.000,10,E,0,,,,386174,135.47,0
691,1590.417,"Mount",-0.041,-0.117,-0.085,0.090,-0.050,0.032,28,E,14,S,,,450388,143.40,0
692,1592.701,"Mount",-0.035,0.011,0.026,0.026,-0.002,0.000,1,E,0,,,,427126,130.33,0
693,1594.777,"Mount",0.022,-0.042,-0.047,-0.000,0.008,0.000,4,W,0,,,,415477,155.72,0
694,1597.094,"Mount",0.022,0.047,0.032,-0.042,0.018,0.000,10,W,0,,,,435620,155.46,0
695,1599.199,"Mount",0.009,-0.036,-0.036,0.009,0.023,0.000,13,W,0,,,,410164,121.56,0
696,1601.604,"Mount",0.047,0.113,0.079,-0.093,0.071,-0.034,41,W,14,N,,,416842,136.08,0
697,1603.743,"Mount",-0.042,0.082,0.092,-0.000,0.089,0.000,51,W,0,,,,404167,139.09,0
698,1606.094,"Mount",-0.021,0.069,0.071,-0.013,0.093,0.000,53,W,0,,,,400192,116.89,0
699,1608.246,"Mount",-0.007,0.111,0.102,-0.045,0.117,0.000,67,W,0,,,,423024,138.23,0
700,1610.584,"Mount",-0.010,-0.027,-0.019,0.021,0.074,0.000,42,W,0,,,,417551,141.95,0
701,1612.635,"Mount",0.101,-0.091,-0.127,-0.048,0.017,0.000,9,W,0,,,,419124,131.19,0
702,1614.981,"Mount",0.048,-0.011,-0.032,-0.038,0.072,0.000,41,W,0,,,,409810,146.13,0
703,1617.157,"Mount",0.098,0.029,-0.019,-0.101,0.062,-0.036,36,W,15,N,,,404541,121.95,0
704,1619.557,"Mount",0.046,0.085,0.054,-0.080,0.053,-0.030,30,W,13,N,,,426018,145.35,0
705,1621.728,"Mount",0.061,0.028,-0.003,-0.067,0.038,-0.025,22,W,11,N,,,426138,144.10,0
706,1624.067,"Mount",-0.072,0.020,0.051,0.055,0.022,0.000,12,W,0,,,,425923,151.32,0
707,1626.166,"Mount",0.023,-0.089,-0.089,0.021,-0.038,0.000,21,E,0,,,,430425,144.30,0
708,1628.472,"Mount",0.081,-0.075,-0.104,-0.037,-0.065,0.000,37,E,0,,,,398743,125.46,0
709,1630.593,"Mount",-0.001,-0.019,-0.016,0.010,-0.042,0.000,24,E,0,,,,405289,125.96,0
710,1633.099,"Mount",0.263,-0.156,-0.260,-0.161,-0.188,-0.058,107,E,25,N,,,415879,138.27,0
711,1635.237,"Mount",0.058,0.008,-0.019,-0.055,-0.087,0.000,50,E,0,,,,377882,120.46,0
712,1637.608,"Mount",0.023,0.003,-0.007,-0.022,-0.108,0.000,62,E,0,,,,429217,149.87,0
713,1639.876,"Mount",0.079,-0.019,-0.053,-0.061,-0.108,-0.022,62,E,9,N,,,420049,144.76,0
714,1642.262,"Mount",0.064,-0.013,-0.041,-0.050,-0.114,0.000,65,E,0,,,,408823,135.39,0
715,1644.412,"Mount",0.073,-0.095,-0.118,-0.021,-0.142,0.000,81,E,0,,,,409113,134.16,0
716,1646.822,"Mount",0.086,-0.006,-0.045,-0.074,-0.082,-0.026,47,E,11,N,,,414473,146.54,0
717,1648.906,"Mount",0.033,0.005,-0.011,-0.031,-0.074,0.000,42,E,0,,,,400006,135.09,0
718,1651.311,"Mount",0.100,0.056,0.004,-0.115,-0.063,-0.041,36,E,18,N,,,413689,120.67,0
719,1653.430,"Mount",0.027,0.013,-0.001,-0.030,-0.063,0.000,36,E,0,,,,403058,117.05,0
720,1655.814,"Mount",0.067,0.017,-0.016,-0.067,-0.068,-0.024,39,E,10,N,,,434550,147.77,0
721,1657.932,"Mount",0.041,0.011,-0.009,-0.042,-0.077,0.000,44,E,0,,,,409738,133.66,0
722,1660.343,"Mount",0.195,0.017,-0.075,-0.181,-0.116,-0.065,66,E,28,N,,,420614,126.46,0
723,1662.477,"Mount",-0.051,0.035,0.055,0.029,-0.075,0.000,43,E,0,,,,399361,121.24,0
724,1664.822,"Mount",0.010,0.002,-0.003,-0.010,-0.058,0.000,33,E,0,,,,404312,133.36,0
725,1666.927,"Mount",-0.070,0.077,0.100,0.027,-0.003,0.000,2,E,0,,,,423410,167.14,0
726,1669.325,"Mount",0.068,0.070,0.031,-0.092,-0.013,-0.033,8,E,14,N,,,387833,132.30,0
727,1671.428,"Mount",0.060,-0.009,-0.036,-0.050,-0.008,0.000,5,E,0,,,,421296,139.94,0
728,1673.846,"Mount",0.172,-0.019,-0.096,-0.144,-0.048,-0.052,27,E,22,N,,,401620,126.13,0
729,1675.918,"Mount",0.022,-0.008,-0.017,-0.016,-0.018,0.000,11,E,0,,,,395619,125.82,0
730,1678.268,"Mount",0.046,-0.080,-0.092,-0.004,-0.098,0.000,56,E,0,,,,396393,130.72,0
731,1680.498,"Mount",0.154,-0.110,-0.169,-0.086,-0.154,-0.031,88,E,13,N,,,390724,118.25,0
732,1682.938,"Mount",0.009,-0.087,-0.081,0.032,-0.149,0.000,85,E,0,,,,392209,136.34,0
733,1685.148,"Mount",0.060,-0.047,-0.069,-0.032,-0.172,0.000,99,E,0,,,,404283,125.95,0
734,1687.627,"Mount",0.132,0.022,-0.041,-0.128,-0.166,-0.046,95,E,20,N,,,387680,113.39,0
735,1689.796,"Mount",-0.044,-0.007,0.014,0.042,-0.177,0.000,101,E,0,,,,397201,133.62,0
736,1692.254,"Mount",0.090,-0.093,-0.124,-0.037,-0.237,0.000,136,E,0,,,,381201,125.96,0
737,1694.398,"Mount",0.033,0.047,0.026,-0.051,-0.143,0.000,82,E,0,,,,378572,121.39,0
738,1696.813,"Mount",0.043,-0.128,-0.133,0.021,-0.198,0.000,113,E,0,,,,381976,137.70,0
739,1698.995,"Mount",0.084,-0.042,-0.076,-0.055,-0.154,0.000,88,E,0,,,,389426,126.02,0
740,1701.402,"Mount",0.060,-0.161,-0.171,0.021,-0.185,0.000,106,E,0,,,,361783,120.00,0
741,1703.606,"Mount",0.103,-0.140,-0.172,-0.027,-0.200,0.000,114,E,0,,,,402792,135.44,0
742,1706.066,"Mount",0.118,-0.213,-0.243,-0.007,-0.244,0.000,139,E,0,,,,390595,119.53,0
743,1708.365,"Mount",0.282,0.027,-0.106,-0.262,-0.214,-0.094,122,E,40,N,,,394238,115.19,0
744,1710.826,"Mount",0.020,-0.166,-0.157,0.059,-0.266,0.000,152,E,0,,,,389953,116.91,0
745,1713.053,"Mount",0.056,-0.102,-0.116,-0.002,-0.256,0.000,146,E,0,,,,395969,120.40,0
746,1715.483,"Mount",-0.046,-0.020,0.004,0.050,-0.224,0.000,128,E,0,,,,388657,133.36,0
747,1717.649,"Mount",-0.018,0.010,0.017,0.011,-0.200,0.000,115,E,0,,,,382933,119.76,0
748,1720.082,"Mount",-0.039,0.010,0.027,0.030,-0.195,0.000,111,E,0,,,,398815,145.37,0
749,1722.272,"Mount",-0.054,0.021,0.044,0.038,-0.168,0.000,96,E,0,,,,389685,116.83,0
750,1724.642,"Mount",-0.033,0.014,0.028,0.023,-0.114,0.000,65,E,0,,,,390317,127.02,0
751,1726.760,"Mount",-0.060,0.102,0.118,0.006,-0.029,0.000,17,E,0,,,,397839,131.55,0
752,1729.160,"Mount",0.094,0.084,0.031,-0.122,-0.045,-0.044,26,E,19,N,,,398729,136.20,0
753,1731.234,"Mount",-0.004,0.072,0.066,-0.029,0.012,0.000,7,W,0,,,,386951,128.94,0
754,1733.548,"Mount",0.019,0.068,0.052,-0.048,-0.016,0.000,9,E,0,,,,377251,130.47,0
755,1735.643,"Mount",0.045,-0.018,-0.037,-0.032,-0.012,0.000,7,E,0,,,,384834,128.45,0
756,1738.013,"Mount",0.086,-0.010,-0.049,-0.071,-0.037,-0.026,21,E,11,N,,,374012,118.99,0
757,1740.140,"Mount",0.016,-0.052,-0.054,0.010,-0.043,0.000,25,E,0,,,,350764,119.20,0
758,1742.444,"Mount",0.006,0.102,0.088,-0.052,-0.008,0.000,4,E,0,,,,375404,131.46,0
759,1744.585,"Mount",-0.009,0.016,0.018,0.001,-0.065,0.000,37,E,0,,,,377741,131.13,0
760,1746.893,"Mount",-0.007,0.086,0.080,-0.034,-0.036,0.000,21,E,0,,,,403621,125.23,0
761,1749.019,"Mount",0.024,-0.098,-0.098,0.024,-0.097,0.000,55,E,0,,,,368264,124.97,0
762,1751.400,"Mount",0.047,0.095,0.062,-0.085,-0.023,-0.031,13,E,13,N,,,390033,134.06,0
763,1753.523,"Mount",-0.021,0.042,0.047,-0.000,-0.035,0.000,20,E,0,,,,378589,138.02,0
764,1755.839,"Mount",-0.084,0.080,0.109,0.037,0.027,0.000,15,W,0,,,,384082,122.90,0
765,1757.936,"Mount",0.021,0.062,0.045,-0.047,-0.011,0.000,6,E,0,,,,387075,120.38,0
766,1760.254,"Mount",0.115,0.083,0.021,-0.140,-0.000,-0.051,0,,22,N,,,375295,126.98,0
767,1762.337,"Mount",0.012,0.020,0.012,-0.020,0.009,0.000,5,W,0,,,,392472,158.24,0
768,1764.646,"Mount",-0.006,0.042,0.040,-0.014,0.012,0.000,7,W,0,,,,406016,135.80,0
769,1766.776,"Mount",-0.036,0.104,0.109,-0.016,0.066,0.000,38,W,0,,,,394346,139.89,0
770,1769.242,"Mount",0.094,-0.007,-0.050,-0.080,0.018,-0.029,10,W,12,N,,,387458,157.14,0
771,1771.424,"Mount",-0.129,-0.016,0.045,0.122,0.029,0.043,17,W,18,S,,,385281,145.96,0
772,1773.818,"Mount",-0.119,0.050,0.099,0.082,0.085,0.031,49,W,13,S,,,383695,139.45,0
773,1775.935,"Mount",-0.005,0.078,0.072,-0.032,0.087,0.000,50,W,0,,,,371905,120.15,0
774,1778.281,"Mount",-0.024,0.109,0.108,-0.029,0.126,0.000,72,W,0,,,,402884,138.33,0
775,1780.510,"Mount",-0.003,0.187,0.167,-0.084,0.170,-0.030,97,W,13,N,,,403651,129.16,0
776,1782.882,"Mount",0.056,-0.028,-0.051,-0.037,0.123,0.000,70,W,0,,,,397233,115.64,0
777,1785.076,"Mount",-0.001,0.085,0.076,-0.038,0.164,0.000,94,W,0,,,,401196,118.72,0
778,1787.413,"Mount",0.042,-0.093,-0.102,0.005,0.097,0.000,55,W,0,,,,427799,164.24,0
779,1789.545,"Mount",0.021,-0.085,-0.085,0.021,0.099,0.000,57,W,0,,,,422565,163.38,0
780,1791.894,"Mount",0.092,-0.092,-0.124,-0.039,0.072,0.000,41,W,0,,,,462609,158.89,0
781,1794.023,"Mount",-0.008,-0.064,-0.053,0.037,0.079,0.000,45,W,0,,,,410126,139.49,0
782,1796.340,"Mount",0.015,-0.002,-0.009,-0.012,0.054,0.000,31,W,0,,,,399659,131.04,0
783,1798.455,"Mount",-0.037,0.060,0.070,0.005,0.054,0.000,31,W,0,,,,384938,126.10,0
784,1800.838,"Mount",0.045,0.100,0.068,-0.087,0.028,-0.031,16,W,13,N,,,398568,128.75,0
785,1802.926,"Mount",-0.052,0.044,0.063,0.026,0.026,0.000,15,W,0,,,,401092,128.89,0
786,1805.213,"Mount",0.049,-0.010,-0.031,-0.039,-0.017,0.000,10,E,0,,,,400128,120.11,0
787,1807.366,"Mount",0.073,0.053,0.013,-0.090,-0.025,-0.032,14,E,14,N,,,415363,132.66,0
788,1809.676,"Mount",0.015,0.086,0.070,-0.053,0.012,0.000,7,W,0,,,,392806,130.22,0
789,1811.853,"Mount",0.008,0.132,0.114,-0.068,0.029,-0.024,17,W,10,N,,,399939,117.23,0
790,1814.147,"Mount",-0.046,0.103,0.113,-0.007,0.015,0.000,8,W,0,,,,401641,139.75,0
791,1816.295,"Mount",0.076,0.114,0.066,-0.120,-0.002,-0.043,1,E,19,N,,,386691,129.41,0
792,1818.665,"Mount",0.026,0.085,0.063,-0.063,-0.001,-0.024,1,E,10,N,,,411989,124.92,0
793,1820.755,"Mount",-0.034,0.119,0.121,-0.024,0.033,0.000,19,W,0,,,,426007,151.85,0
794,1823.064,"Mount",0.006,0.042,0.034,-0.025,-0.011,0.000,6,E,0,,,,438011,135.68,0
795,1825.226,"Mount",-0.125,-0.034,0.027,0.127,0.002,0.046,1,W,20,S,,,412206,136.31,0
796,1827.543,"Mount",0.008,-0.006,-0.009,-0.004,0.020,0.000,12,W,0,,,,419480,112.84,0
797,1829.704,"Mount",0.053,0.036,0.007,-0.063,0.041,-0.023,23,W,10,N,,,385860,134.24,0
798,1832.075,"Mount",-0.050,0.027,0.047,0.032,0.066,0.000,38,W,0,,,,416137,132.29,0
799,1834.248,"Mount",-0.087,0.096,0.125,0.033,0.139,0.000,79,W,0,,,,420755,125.85,0
800,1836.649,"Mount",-0.061,0.007,0.035,0.051,0.113,0.000,64,W,0,,,,396512,122.66,0
801,1838.851,"Mount",-0.017,0.037,0.041,-0.002,0.131,0.000,75,W,0,,,,378952,126.95,0
802,1841.307,"Mount",-0.155,0.109,0.168,0.088,0.236,0.032,135,W,13,S,,,360907,109.71,0
803,1843.534,"Mount",-0.099,0.119,0.151,0.033,0.239,0.000,137,W,0,,,,415580,132.69,0
804,1846.022,"Mount",-0.127,0.172,0.212,0.033,0.282,0.000,161,W,0,,,,383270,111.39,0
805,1848.280,"Mount",-0.044,0.201,0.199,-0.053,0.284,0.000,162,W,0,,,,431550,135.69,0
806,1850.783,"Mount",-0.162,0.127,0.187,0.085,0.281,0.031,161,W,13,S,,,412789,128.76,0
807,1852.999,"Mount",-0.077,0.172,0.188,-0.011,0.282,0.000,161,W,0,,,,373545,111.17,0
808,1855.498,"Mount",-0.113,0.178,0.210,0.018,0.290,0.000,166,W,0,,,,396054,143.04,0
809,1857.833,"Mount",-0.095,0.341,0.347,-0.074,0.340,-0.027,194,W,11,N,,,416944,155.86,0
810,1860.321,"Mount",-0.069,0.175,0.187,-0.020,0.276,0.000,158,W,0,,,,402329,135.19,0
811,1862.565,"Mount",-0.135,0.188,0.229,0.033,0.269,0.000,154,W,0,,,,411252,155.19,0
812,1864.913,"Mount",0.045,-0.075,-0.087,-0.005,0.095,0.000,55,W,0,,,,385467,122.86,0
813,1867.075,"Mount",0.158,-0.066,-0.132,-0.109,0.047,-0.039,27,W,17,N,,,401231,136.02,0
814,1869.377,"Mount",0.027,-0.060,-0.065,0.004,0.031,0.000,18,W,0,,,,399115,135.33,0
815,1871.556,"Mount",0.063,0.014,-0.017,-0.063,0.038,-0.023,22,W,10,N,,,408175,140.37,0
816,1873.880,"Mount",-0.025,0.035,0.043,0.006,0.024,0.000,13,W,0,,,,405586,138.17,0
817,1876.044,"Mount",0.087,0.042,-0.003,-0.096,0.005,-0.035,3,W,15,N,,,412380,134.20,0
818,1878.401,"Mount",-0.108,-0.095,-0.035,0.139,0.018,0.049,10,W,21,S,,,415222,145.46,0
819,1880.506,"Mount",0.026,-0.143,-0.139,0.043,-0.060,0.000,34,E,0,,,,393994,131.09,0
820,1882.878,"Mount",-0.023,-0.094,-0.073,0.064,-0.027,0.023,15,E,10,S,,,399951,136.20,0
821,1885.043,"Mount",-0.167,-0.076,0.010,0.183,-0.002,0.067,1,E,29,S,,,408487,127.80,0
822,1887.426,"Mount",0.167,0.012,-0.066,-0.153,-0.038,-0.052,22,E,22,N,,,410998,124.80,0
823,1889.543,"Mount",0.003,-0.097,-0.088,0.042,-0.062,0.000,36,E,0,,,,403392,130.56,0
824,1892.007,"Mount",0.116,-0.046,-0.094,-0.082,-0.064,-0.029,37,E,13,N,,,413140,146.89,0
825,1894.217,"Mount",0.105,-0.000,-0.048,-0.093,-0.038,-0.035,22,E,15,N,,,397911,126.92,0
826,1896.514,"Mount",0.013,0.038,0.028,-0.029,-0.032,0.000,18,E,0,,,,366855,117.68,0
827,1898.619,"Mount",-0.028,0.123,0.122,-0.032,0.033,0.000,19,W,0,,,,362006,114.96,0
828,1901.017,"Mount",0.206,-0.014,-0.108,-0.176,-0.063,-0.063,36,E,27,N,,,389445,147.62,0
829,1903.181,"Mount",-0.128,0.034,0.089,0.098,0.044,0.033,25,W,14,S,,,384181,126.09,0
830,1905.452,"Mount",-0.026,-0.019,-0.005,0.032,0.012,0.000,7,W,0,,,,359802,133.93,0
831,1907.534,"Mount",0.024,0.054,0.037,-0.046,0.013,0.000,8,W,0,,,,371044,118.15,0
832,1909.897,"Mount",-0.095,0.139,0.167,0.020,0.093,0.000,53,W,0,,,,389307,130.14,0
833,1912.039,"Mount",-0.067,0.181,0.191,-0.024,0.104,0.000,59,W,0,,,,376642,124.29,0
834,1914.351,"Mount",-0.050,0.062,0.078,0.016,0.056,0.000,32,W,0,,,,391332,146.07,0
835,1916.408,"Mount",-0.018,-0.033,-0.021,0.032,0.018,0.000,10,W,0,,,,358726,111.36,0
836,1918.785,"Mount",0.076,0.078,0.035,-0.104,0.016,-0.037,9,W,16,N,,,397160,133.51,0
837,1920.962,"Mount",-0.074,-0.005,0.029,0.068,0.007,0.023,4,W,10,S,,,386872,119.72,0
838,1923.201,"Mount",-0.035,-0.030,-0.011,0.045,-0.001,0.000,0,,0,,,,364786,118.16,0
839,1925.309,"Mount",0.074,-0.055,-0.083,-0.041,-0.046,0.000,26,E,0,,,,372867,139.94,0
840,1927.628,"Mount",-0.018,-0.029,-0.018,0.029,-0.012,0.000,7,E,0,,,,402439,140.48,0
841,1929.707,"Mount",0.050,-0.005,-0.027,-0.042,-0.016,0.000,9,E,0,,,,368510,130.77,0
Guiding Ends at 2026-05-28 22:36:39

Guiding Begins at 2026-05-28 22:50:07
Equipment Profile = 60mmGuide
Dither = both axes, Dither scale = 1.000, Image noise reduction = none, Guide-frame time lapse = 0, Server enabled
Pixel scale = 3.22 arc-sec/px, Binning = 1, Focal length = 240 mm
Search region = 25 px, Star mass tolerance = 50.0%, Multi-star mode, list size = 12
 Camera = ZWO ASI120MM Mini, gain = 37, full size = 1280 x 960, have dark, dark dur = 2000, no defect map, pixel size = 3.8 um
Exposure = 2000 ms
Mount = iOptron CEM120,70,40,26, GEM, HEM, HAE, HAZ series and SkyHunter Mount (ASCOM), connected, guiding enabled, xAngle = 117.4, xRate = 1.749, yAngle = -152.7, yRate = 2.338, parity = +/+
Norm rates RA = 8.3"/s @ dec 0, Dec = 7.5"/s; ortho.err. = 0.1 deg
X guide algorithm = Predictive PEC, Control gain = 0.450
Prediction gain = 0.750
Minimum move = 0.060
Hyperparameters
	Length scale long range SE kernel = 700.000
	Signal variance long range SE kernel = 20.000
	Length scale periodic kernel = 10.000
	Signal variance periodic kernel = 20.000
	Length scale short range SE kernel = 25.000
	Signal variance short range SE kernel = 10.000
	Period length periodic kernel = 348.000
	FFT called after = 2.000 worm cycles
	Auto-adjust period length = Off
Y guide algorithm = Hysteresis, Hysteresis = 0.100, Aggression = 0.400, Minimum move = 0.060
Backlash comp = disabled, pulse = 100 ms
Max RA duration = 2500, Max DEC duration = 2500, DEC guide mode = Auto
RA Guide Speed = 7.5 a-s/s, Dec Guide Speed = 7.5 a-s/s, Cal Dec = 0.0, Last Cal Issue = None, Timestamp = 7/29/2025 9:33:42 PM
RA = 13.74 hr, Dec = 47.1 deg, Hour angle = -0.09 hr, Pier side = West, Rotator pos = N/A, Alt = 74.4 deg, Az = 3.2 deg
Lock position = 594.363, 93.848, Star position = 594.363, 93.848, HFD = 5.51 px
Frame,Time,mount,dx,dy,RARawDistance,DECRawDistance,RAGuideDistance,DECGuideDistance,RADuration,RADirection,DECDuration,DECDirection,XStep,YStep,StarMass,SNR,ErrorCode
INFO: SETTLING STATE CHANGE, Settling started
1,4.718,"Mount",-2.955,6.166,6.835,-0.226,3.076,-0.081,1759,W,35,N,,,173635,81.00,0
2,9.561,"Mount",-4.517,8.879,9.961,-0.092,4.483,-0.036,2500,W,16,N,,,170241,77.86,0
3,13.331,"Mount",-2.597,4.996,5.630,-0.003,2.534,0.000,1449,W,0,,,,189889,97.11,0
4,16.730,"Mount",-2.212,3.971,4.543,0.128,2.044,0.046,1169,W,20,S,,,179420,102.57,0
5,19.409,"Mount",-0.618,1.233,1.380,-0.021,0.621,0.000,355,W,0,,,,192721,94.50,0
6,21.869,"Mount",-0.558,0.816,0.981,0.119,0.442,0.043,253,W,18,S,,,188505,89.39,0
7,24.392,"Mount",-0.359,0.466,0.578,0.103,0.260,0.039,149,W,17,S,,,176166,87.18,0
8,26.638,"Mount",-0.311,0.152,0.278,0.205,0.125,0.076,72,W,32,S,,,178067,88.75,0
9,29.132,"Mount",-0.108,0.365,0.374,-0.072,0.168,-0.023,96,W,10,N,,,179408,92.16,0
10,31.378,"Mount",-0.223,0.144,0.230,0.132,0.104,0.047,59,W,20,S,,,179799,79.94,0
11,33.909,"Mount",0.148,0.329,0.224,-0.283,0.160,-0.100,91,W,43,N,,,186642,106.64,0
12,36.233,"Mount",-0.165,0.125,0.187,0.089,0.134,0.028,77,W,12,S,,,169825,75.49,0
13,38.634,"Mount",0.167,0.013,-0.066,-0.154,0.050,-0.054,28,W,23,N,,,180843,92.10,0
14,40.742,"Mount",-0.064,0.057,0.080,0.030,0.073,0.000,42,W,0,,,,189500,90.42,0
15,43.081,"Mount",0.108,-0.288,-0.305,0.037,-0.080,0.000,46,E,0,,,,193748,91.87,0
16,45.179,"Mount",0.024,-0.055,-0.059,0.004,0.048,0.000,27,W,0,,,,197255,111.83,0
17,47.575,"Mount",0.144,-0.360,-0.386,0.038,-0.142,0.000,81,E,0,,,,184018,83.27,0
18,49.694,"Mount",0.078,-0.090,-0.116,-0.028,-0.020,0.000,11,E,0,,,,190920,91.74,0
19,52.088,"Mount",0.140,-0.374,-0.397,0.049,-0.143,0.000,82,E,0,,,,173095,82.80,0
20,54.302,"Mount",0.147,-0.122,-0.176,-0.075,-0.037,-0.027,21,E,11,N,,,184613,94.64,0
21,56.726,"Mount",-0.020,-0.457,-0.396,0.229,-0.119,0.081,68,E,35,S,,,180421,99.92,0
22,58.902,"Mount",0.192,-0.288,-0.345,-0.037,-0.079,0.000,45,E,0,,,,177311,83.37,0
INFO: SETTLING STATE CHANGE, Settling complete
23,61.364,"Mount",0.020,-0.343,-0.314,0.140,-0.082,0.051,47,E,22,S,,,187148,93.50,0
Guiding Ends at 2026-05-28 22:51:10

Guiding Begins at 2026-05-28 22:52:51
Equipment Profile = 60mmGuide
Dither = both axes, Dither scale = 1.000, Image noise reduction = none, Guide-frame time lapse = 0, Server enabled
Pixel scale = 3.22 arc-sec/px, Binning = 1, Focal length = 240 mm
Search region = 25 px, Star mass tolerance = 50.0%, Multi-star mode, list size = 12
 Camera = ZWO ASI120MM Mini, gain = 37, full size = 1280 x 960, have dark, dark dur = 2000, no defect map, pixel size = 3.8 um
Exposure = 2000 ms
Mount = iOptron CEM120,70,40,26, GEM, HEM, HAE, HAZ series and SkyHunter Mount (ASCOM), connected, guiding enabled, xAngle = -62.6, xRate = 1.749, yAngle = -152.7, yRate = 2.338, parity = +/-
Norm rates RA = 8.3"/s @ dec 0, Dec = 7.5"/s; ortho.err. = 0.1 deg
X guide algorithm = Predictive PEC, Control gain = 0.450
Prediction gain = 0.750
Minimum move = 0.060
Hyperparameters
	Length scale long range SE kernel = 700.000
	Signal variance long range SE kernel = 20.000
	Length scale periodic kernel = 10.000
	Signal variance periodic kernel = 20.000
	Length scale short range SE kernel = 25.000
	Signal variance short range SE kernel = 10.000
	Period length periodic kernel = 348.000
	FFT called after = 2.000 worm cycles
	Auto-adjust period length = Off
Y guide algorithm = Hysteresis, Hysteresis = 0.100, Aggression = 0.400, Minimum move = 0.060
Backlash comp = disabled, pulse = 100 ms
Max RA duration = 2500, Max DEC duration = 2500, DEC guide mode = Auto
RA Guide Speed = 7.5 a-s/s, Dec Guide Speed = 7.5 a-s/s, Cal Dec = 0.0, Last Cal Issue = None, Timestamp = 7/29/2025 9:33:42 PM
RA = 13.52 hr, Dec = 47.1 deg, Hour angle = 0.18 hr, Pier side = East, Rotator pos = N/A, Alt = 74.3 deg, Az = 353.0 deg
Lock position = 590.344, 556.124, Star position = 590.344, 556.124, HFD = 4.92 px
Frame,Time,mount,dx,dy,RARawDistance,DECRawDistance,RAGuideDistance,DECGuideDistance,RADuration,RADirection,DECDuration,DECDirection,XStep,YStep,StarMass,SNR,ErrorCode
INFO: SETTLING STATE CHANGE, Settling started
1,2.239,"Mount",0.106,0.044,0.009,-0.115,0.000,-0.041,0,,18,N,,,317870,116.56,0
2,4.499,"Mount",0.016,-0.029,0.033,-0.000,0.000,0.000,0,,0,,,,308021,103.81,0
3,6.735,"Mount",-0.153,-0.196,0.103,0.226,0.046,0.081,26,W,35,S,,,324400,117.62,0
4,9.132,"Mount",-0.056,0.068,-0.086,0.018,-0.039,0.000,22,E,0,,,,336748,122.03,0
5,11.456,"Mount",-0.257,0.041,-0.155,0.209,-0.070,0.075,40,E,32,S,,,344971,121.34,0
6,13.694,"Mount",0.030,0.018,-0.002,-0.035,0.000,0.000,0,,0,,,,323882,103.83,0
7,15.925,"Mount",-0.053,0.250,-0.246,-0.068,-0.111,-0.025,63,E,11,N,,,316884,113.22,0
8,18.196,"Mount",-0.039,-0.047,0.024,0.056,0.000,0.000,0,,0,,,,333467,112.26,0
9,20.300,"Mount",0.021,-0.096,0.095,0.026,0.043,0.000,25,W,0,,,,339905,119.00,0
INFO: SETTLING STATE CHANGE, Settling complete
10,22.606,"Mount",-0.112,-0.014,-0.040,0.106,0.000,0.038,0,,16,S,,,343811,143.50,0
INFO: SET LOCK POSITION, new lock pos = 590.344, 556.124
INFO: DITHER by 2.890, -0.684, new lock pos = 592.282, 553.873
INFO: SETTLING STATE CHANGE, Settling started
11,26.680,"Mount",-1.938,2.251,-2.890,0.684,-2.890,0.684,1652,E,293,S,,,358827,133.31,0
12,29.396,"Mount",0.862,1.014,-0.503,-1.233,-0.227,-0.444,130,E,190,N,,,321079,123.08,0
13,31.625,"Mount",0.071,0.244,-0.184,-0.175,-0.083,-0.081,47,E,35,N,,,330580,128.95,0
14,34.062,"Mount",-0.279,-0.227,0.073,0.352,0.033,0.124,19,W,53,S,,,313799,110.26,0
15,36.213,"Mount",-0.008,0.008,-0.010,0.003,-0.005,0.000,3,E,0,,,,329414,134.77,0
16,38.614,"Mount",0.081,-0.230,0.241,0.034,0.109,0.000,62,W,0,,,,308935,108.91,0
17,40.827,"Mount",-0.196,0.022,-0.110,0.164,-0.049,0.059,28,E,25,S,,,335217,121.51,0
18,43.222,"Mount",0.064,0.056,-0.020,-0.082,-0.009,-0.027,5,E,12,N,,,326404,127.77,0
19,45.309,"Mount",-0.006,-0.026,0.020,0.017,0.009,0.000,5,W,0,,,,332418,137.49,0
20,47.758,"Mount",-0.066,-0.257,0.197,0.177,0.089,0.064,51,W,27,S,,,302308,105.72,0
21,49.922,"Mount",0.053,-0.226,0.225,0.057,0.101,0.000,58,W,0,,,,314333,116.75,0
22,52.319,"Mount",-0.033,0.061,-0.069,0.001,-0.026,0.000,15,E,0,,,,303490,106.13,0
23,54.560,"Mount",0.107,0.026,0.027,-0.107,0.002,-0.039,1,W,16,N,,,285772,106.37,0
INFO: SETTLING STATE CHANGE, Settling complete
24,56.864,"Mount",-0.044,0.072,-0.084,0.006,-0.033,0.000,19,E,0,,,,300704,105.03,0
Guiding Ends at 2026-05-28 22:53:50

Guiding Begins at 2026-05-28 22:56:35
Equipment Profile = 60mmGuide
Dither = both axes, Dither scale = 1.000, Image noise reduction = none, Guide-frame time lapse = 0, Server enabled
Pixel scale = 3.22 arc-sec/px, Binning = 1, Focal length = 240 mm
Search region = 25 px, Star mass tolerance = 50.0%, Multi-star mode, list size = 12
 Camera = ZWO ASI120MM Mini, gain = 37, full size = 1280 x 960, have dark, dark dur = 2000, no defect map, pixel size = 3.8 um
Exposure = 2000 ms
Mount = iOptron CEM120,70,40,26, GEM, HEM, HAE, HAZ series and SkyHunter Mount (ASCOM), connected, guiding enabled, xAngle = -62.6, xRate = 1.749, yAngle = -152.7, yRate = 2.338, parity = +/-
Norm rates RA = 8.3"/s @ dec 0, Dec = 7.5"/s; ortho.err. = 0.1 deg
X guide algorithm = Predictive PEC, Control gain = 0.450
Prediction gain = 0.750
Minimum move = 0.060
Hyperparameters
	Length scale long range SE kernel = 700.000
	Signal variance long range SE kernel = 20.000
	Length scale periodic kernel = 10.000
	Signal variance periodic kernel = 20.000
	Length scale short range SE kernel = 25.000
	Signal variance short range SE kernel = 10.000
	Period length periodic kernel = 348.000
	FFT called after = 2.000 worm cycles
	Auto-adjust period length = Off
Y guide algorithm = Hysteresis, Hysteresis = 0.100, Aggression = 0.400, Minimum move = 0.060
Backlash comp = disabled, pulse = 100 ms
Max RA duration = 2500, Max DEC duration = 2500, DEC guide mode = Auto
RA Guide Speed = 7.5 a-s/s, Dec Guide Speed = 7.5 a-s/s, Cal Dec = 0.0, Last Cal Issue = None, Timestamp = 7/29/2025 9:33:42 PM
RA = 13.52 hr, Dec = 47.1 deg, Hour angle = 0.25 hr, Pier side = East, Rotator pos = N/A, Alt = 74.2 deg, Az = 350.7 deg
Lock position = 589.987, 558.294, Star position = 589.987, 558.294, HFD = 4.49 px
Frame,Time,mount,dx,dy,RARawDistance,DECRawDistance,RAGuideDistance,DECGuideDistance,RADuration,RADirection,DECDuration,DECDirection,XStep,YStep,StarMass,SNR,ErrorCode
INFO: SETTLING STATE CHANGE, Settling started
1,2.356,"Mount",-0.056,-0.147,0.104,0.118,0.047,0.042,27,W,18,S,,,333171,116.27,0
2,4.783,"Mount",-0.189,-0.300,0.179,0.306,0.081,0.112,46,W,48,S,,,345873,129.35,0
3,6.980,"Mount",0.053,-0.214,0.214,0.052,0.096,0.000,55,W,0,,,,334362,111.30,0
4,9.335,"Mount",0.118,-0.240,0.268,0.006,0.120,0.000,69,W,0,,,,339991,143.79,0
5,11.435,"Mount",0.068,-0.038,0.065,-0.042,0.029,0.000,17,W,0,,,,336724,124.27,0
6,13.756,"Mount",0.042,-0.129,0.134,0.022,0.060,0.000,34,W,0,,,,349621,113.83,0
7,15.935,"Mount",-0.082,-0.131,0.079,0.133,0.035,0.048,20,W,21,S,,,377597,136.01,0
8,18.342,"Mount",-0.119,0.045,-0.095,0.085,-0.043,0.032,24,E,14,S,,,335618,112.28,0
9,20.581,"Mount",0.056,0.141,-0.099,-0.115,-0.045,-0.040,26,E,17,N,,,336331,117.08,0
INFO: SETTLING STATE CHANGE, Settling complete
10,22.963,"Mount",-0.008,0.109,-0.100,-0.043,-0.045,0.000,26,E,0,,,,334889,109.75,0
11,25.040,"Mount",0.067,0.094,-0.053,-0.103,-0.001,-0.037,0,,16,N,,,340426,120.20,0
12,27.445,"Mount",-0.109,0.118,-0.155,0.043,-0.070,0.000,40,E,0,,,,340835,119.71,0
13,29.561,"Mount",0.027,0.059,-0.040,-0.051,-0.005,0.000,3,E,0,,,,337158,126.79,0
14,32.003,"Mount",0.092,-0.009,0.050,-0.077,-0.001,-0.028,1,E,12,N,,,347823,130.62,0
15,34.179,"Mount",0.053,0.070,-0.038,-0.079,-0.001,-0.030,1,E,13,N,,,347832,125.89,0
16,36.580,"Mount",-0.201,-0.053,-0.046,0.203,0.004,0.072,2,W,31,S,,,336002,110.54,0
17,38.742,"Mount",-0.012,-0.128,0.108,0.070,0.049,0.028,28,W,12,S,,,342380,107.90,0
18,41.253,"Mount",0.276,-0.224,0.326,-0.141,0.134,-0.050,77,W,21,N,,,305910,111.66,0
19,43.450,"Mount",0.174,-0.294,0.341,-0.019,0.143,0.000,82,W,0,,,,321104,113.03,0
20,45.853,"Mount",0.174,-0.232,0.286,-0.047,0.124,0.000,71,W,0,,,,312767,114.42,0
21,48.051,"Mount",0.176,-0.333,0.376,-0.002,0.173,0.000,99,W,0,,,,328514,120.80,0
22,50.550,"Mount",0.286,-0.564,0.632,0.007,0.278,0.000,159,W,0,,,,326856,116.20,0
23,52.699,"Mount",0.128,-0.326,0.348,0.037,0.155,0.000,89,W,0,,,,322693,120.19,0
24,55.084,"Mount",0.166,-0.344,0.381,0.012,0.172,0.000,98,W,0,,,,324518,120.29,0
25,57.309,"Mount",0.174,-0.071,0.144,-0.122,0.071,-0.044,41,W,19,N,,,341903,113.98,0
26,59.742,"Mount",-0.120,-0.179,0.104,0.190,0.055,0.066,31,W,28,S,,,311179,115.03,0
27,61.937,"Mount",-0.044,-0.121,0.087,0.095,0.044,0.037,25,W,16,S,,,324807,121.72,0
28,64.413,"Mount",-0.046,-0.151,0.113,0.111,0.053,0.041,31,W,18,S,,,317759,119.13,0
29,66.619,"Mount",0.126,-0.191,0.227,-0.023,0.102,0.000,58,W,0,,,,303319,112.26,0
30,69.039,"Mount",0.062,-0.286,0.282,0.077,0.125,0.028,71,W,12,S,,,306812,110.15,0
31,71.188,"Mount",0.092,-0.264,0.277,0.040,0.131,0.000,75,W,0,,,,319954,118.65,0
32,73.674,"Mount",0.065,-0.288,0.286,0.075,0.137,0.027,78,W,12,S,,,313385,121.38,0
33,75.905,"Mount",0.209,-0.136,0.217,-0.123,0.112,-0.043,64,W,18,N,,,318009,118.97,0
34,78.332,"Mount",0.169,-0.248,0.298,-0.035,0.147,0.000,84,W,0,,,,318047,116.86,0
35,80.546,"Mount",0.116,-0.165,0.200,-0.027,0.105,0.000,60,W,0,,,,321925,115.21,0
36,82.944,"Mount",0.128,-0.130,0.175,-0.054,0.087,0.000,50,W,0,,,,309825,103.74,0
37,85.015,"Mount",-0.001,-0.034,0.030,0.017,0.007,0.000,4,W,0,,,,309041,120.94,0
38,87.418,"Mount",0.132,-0.259,0.291,0.002,0.114,0.000,65,W,0,,,,323356,112.34,0
39,89.577,"Mount",0.062,-0.152,0.163,0.015,0.057,0.000,32,W,0,,,,331281,128.40,0
40,91.930,"Mount",0.086,0.035,0.009,-0.092,-0.000,-0.033,0,,14,N,,,340490,107.12,0
41,94.143,"Mount",0.140,-0.087,0.142,-0.084,0.061,-0.032,35,W,13,N,,,348140,123.48,0
42,96.512,"Mount",0.021,-0.131,0.126,0.042,0.063,0.000,36,W,0,,,,355066,119.03,0
43,98.741,"Mount",-0.019,-0.127,0.104,0.076,0.057,0.027,33,W,12,S,,,340922,126.20,0
44,101.092,"Mount",0.041,-0.039,0.054,-0.019,0.023,0.000,13,W,0,,,,342252,133.32,0
45,103.252,"Mount",-0.051,-0.144,0.104,0.112,0.068,0.040,39,W,17,S,,,351672,123.05,0
46,105.602,"Mount",0.061,-0.099,0.116,-0.008,0.075,0.000,43,W,0,,,,323210,123.15,0
47,107.765,"Mount",0.067,-0.137,0.153,0.004,0.074,0.000,42,W,0,,,,349945,119.98,0
48,110.054,"Mount",-0.010,-0.073,0.060,0.042,0.008,0.000,4,W,0,,,,344160,118.36,0
49,112.188,"Mount",0.015,-0.109,0.104,0.037,0.045,0.000,26,W,0,,,,331594,135.70,0
50,114.524,"Mount",-0.014,-0.089,0.072,0.054,0.027,0.000,16,W,0,,,,334974,114.85,0
51,116.609,"Mount",0.086,-0.043,0.078,-0.056,0.031,0.000,18,W,0,,,,326646,119.28,0
52,119.052,"Mount",-0.000,0.139,-0.124,-0.064,-0.053,-0.023,30,E,10,N,,,327845,107.17,0
53,121.216,"Mount",0.107,-0.032,0.077,-0.080,0.041,-0.030,24,W,13,N,,,328947,115.08,0
54,123.521,"Mount",-0.085,0.034,-0.069,0.059,-0.020,0.000,11,E,0,,,,367094,133.90,0
55,125.627,"Mount",-0.042,0.043,-0.058,0.018,0.005,0.000,3,W,0,,,,355746,115.99,0
56,128.060,"Mount",-0.102,0.011,-0.056,0.085,0.006,0.031,4,W,13,S,,,361391,133.19,0
57,130.196,"Mount",0.058,0.026,0.004,-0.063,0.008,-0.021,4,W,9,N,,,338970,120.69,0
58,132.615,"Mount",0.046,0.132,-0.096,-0.102,-0.036,-0.038,20,E,16,N,,,333831,115.65,0
59,134.781,"Mount",-0.119,-0.020,-0.037,0.115,0.004,0.040,3,W,17,S,,,332142,121.31,0
60,137.119,"Mount",-0.029,0.033,-0.043,0.010,0.005,0.000,3,W,0,,,,334606,124.10,0
61,139.228,"Mount",-0.040,-0.035,0.013,0.051,0.006,0.000,3,W,0,,,,341716,147.80,0
62,141.641,"Mount",-0.091,0.005,-0.046,0.079,0.007,0.028,4,W,12,S,,,331661,111.59,0
63,143.791,"Mount",-0.010,0.068,-0.065,-0.023,-0.019,0.000,11,E,0,,,,348571,113.15,0
64,146.303,"Mount",0.075,0.224,-0.164,-0.170,-0.061,-0.061,35,E,26,N,,,328991,126.49,0
65,148.414,"Mount",0.015,-0.021,0.025,-0.004,0.008,0.000,5,W,0,,,,327682,100.56,0
66,150.769,"Mount",-0.089,-0.015,-0.027,0.086,0.009,0.031,5,W,13,S,,,350427,120.17,0
67,152.942,"Mount",-0.133,0.053,-0.108,0.094,-0.047,0.035,27,E,15,S,,,330525,115.13,0
68,155.261,"Mount",0.024,-0.020,0.028,-0.012,-0.001,0.000,1,E,0,,,,354944,114.32,0
69,157.401,"Mount",-0.132,-0.095,0.023,0.161,0.004,0.058,2,W,25,S,,,355626,110.46,0
70,159.738,"Mount",-0.045,-0.010,-0.012,0.045,0.006,0.000,4,W,0,,,,349081,125.79,0
71,161.875,"Mount",0.059,0.057,-0.023,-0.078,0.016,-0.028,9,W,12,N,,,338807,107.85,0
72,164.212,"Mount",0.002,0.106,-0.093,-0.050,-0.018,0.000,10,E,0,,,,337654,120.22,0
73,166.295,"Mount",-0.007,0.024,-0.025,-0.005,0.004,0.000,2,W,0,,,,336216,111.32,0
74,168.654,"Mount",-0.114,-0.062,0.003,0.129,0.005,0.047,3,W,20,S,,,327380,115.06,0
75,170.777,"Mount",0.088,-0.008,0.048,-0.074,-0.001,-0.025,1,E,11,N,,,352305,129.69,0
76,173.150,"Mount",0.098,-0.096,0.130,-0.042,0.054,0.000,31,W,0,,,,336922,115.97,0
77,175.347,"Mount",-0.049,-0.078,0.046,0.080,0.001,0.029,1,W,12,S,,,314955,103.99,0
78,177.668,"Mount",-0.054,0.055,-0.074,0.022,-0.009,0.000,5,E,0,,,,333278,109.70,0
79,179.862,"Mount",0.120,0.031,0.028,-0.121,0.022,-0.043,13,W,19,N,,,326999,113.09,0
80,182.184,"Mount",-0.008,-0.034,0.026,0.022,0.003,0.000,1,W,0,,,,352571,128.02,0
81,184.275,"Mount",0.018,0.062,-0.047,-0.045,0.003,0.000,2,W,0,,,,333927,119.08,0
82,186.608,"Mount",0.062,0.107,-0.067,-0.104,-0.016,-0.038,9,E,16,N,,,344780,127.18,0
83,188.806,"Mount",-0.152,0.190,-0.239,0.047,-0.086,0.000,49,E,0,,,,332240,115.82,0
84,191.288,"Mount",-0.058,0.329,-0.319,-0.100,-0.139,-0.036,79,E,15,N,,,341360,120.29,0
85,193.567,"Mount",-0.092,0.341,-0.345,-0.076,-0.151,-0.029,86,E,12,N,,,309967,117.09,0
86,196.015,"Mount",0.040,0.178,-0.140,-0.117,-0.106,-0.043,61,E,19,N,,,307100,105.55,0
87,198.243,"Mount",-0.162,0.318,-0.357,-0.003,-0.196,0.000,112,E,0,,,,316016,109.78,0
88,200.645,"Mount",-0.139,0.040,-0.100,0.104,-0.085,0.038,49,E,16,S,,,307539,113.13,0
89,202.810,"Mount",-0.174,0.255,-0.306,0.036,-0.161,0.000,92,E,0,,,,325948,123.19,0
90,205.284,"Mount",-0.360,0.307,-0.439,0.177,-0.205,0.064,117,E,27,S,,,326955,145.52,0
91,207.436,"Mount",-0.030,0.152,-0.149,-0.044,-0.050,0.000,29,E,0,,,,288272,109.18,0
92,209.836,"Mount",-0.115,0.257,-0.281,-0.017,-0.096,0.000,55,E,0,,,,304009,105.01,0
93,212.047,"Mount",-0.093,0.157,-0.182,0.010,-0.063,0.000,36,E,0,,,,298105,104.03,0
94,214.417,"Mount",0.007,0.061,-0.051,-0.034,0.021,0.000,12,W,0,,,,316356,111.31,0
95,216.568,"Mount",-0.053,0.124,-0.135,-0.010,-0.071,0.000,41,E,0,,,,324197,129.99,0
96,218.983,"Mount",-0.154,0.042,-0.108,0.117,-0.056,0.042,32,E,18,S,,,329357,113.98,0
97,221.180,"Mount",0.039,0.070,-0.044,-0.067,-0.004,-0.022,2,E,10,N,,,349396,131.19,0
98,223.557,"Mount",-0.130,0.050,-0.104,0.092,-0.045,0.032,26,E,14,S,,,329988,118.20,0
99,225.736,"Mount",-0.227,0.025,-0.127,0.190,-0.054,0.070,31,E,30,S,,,321231,103.46,0
100,228.151,"Mount",-0.120,0.227,-0.257,0.002,-0.105,0.000,60,E,0,,,,313403,106.81,0
101,230.327,"Mount",-0.063,0.232,-0.235,-0.051,-0.091,0.000,52,E,0,,,,347601,131.50,0
102,232.782,"Mount",-0.160,0.439,-0.464,-0.061,-0.199,-0.022,114,E,9,N,,,350952,118.72,0
103,234.932,"Mount",-0.125,0.345,-0.363,-0.049,-0.152,0.000,87,E,0,,,,334564,114.28,0
104,237.514,"Mount",-0.190,0.661,-0.674,-0.136,-0.316,-0.049,181,E,21,N,,,333245,122.73,0
105,239.745,"Mount",0.102,0.118,-0.058,-0.145,-0.021,-0.054,12,E,23,N,,,354849,124.70,0
106,242.145,"Mount",-0.098,0.157,-0.185,0.014,-0.134,0.000,77,E,0,,,,373167,130.72,0
107,244.486,"Mount",-0.180,0.154,-0.220,0.089,-0.132,0.032,75,E,14,S,,,345580,121.87,0
108,246.982,"Mount",-0.300,0.169,-0.288,0.188,-0.104,0.069,59,E,30,S,,,346553,115.70,0
109,249.190,"Mount",-0.264,0.279,-0.369,0.105,-0.125,0.041,72,E,17,S,,,327513,118.85,0
110,251.765,"Mount",-0.261,0.872,-0.894,-0.171,-0.402,-0.060,230,E,26,N,,,320623,119.01,0
111,254.086,"Mount",-0.000,0.494,-0.439,-0.228,-0.204,-0.084,117,E,36,N,,,303930,103.73,0
112,256.785,"Mount",-0.256,0.677,-0.719,-0.085,-0.416,-0.034,238,E,15,N,,,329226,127.19,0
113,259.217,"Mount",-0.285,0.339,-0.432,0.096,-0.284,0.033,163,E,14,S,,,331817,117.61,0
114,261.697,"Mount",-0.229,0.316,-0.386,0.057,-0.255,0.000,146,E,0,,,,344720,133.17,0
115,264.050,"Mount",-0.343,0.337,-0.457,0.148,-0.261,0.053,149,E,23,S,,,285155,96.88,0
116,266.481,"Mount",-0.075,-0.061,0.019,0.095,-0.021,0.036,12,E,15,S,,,320714,122.14,0
117,268.576,"Mount",0.005,0.116,-0.100,-0.058,-0.048,0.000,27,E,0,,,,307088,121.70,0
118,271.044,"Mount",-0.088,0.318,-0.323,-0.069,-0.099,-0.025,57,E,11,N,,,306788,114.86,0
119,273.195,"Mount",-0.168,0.334,-0.374,-0.005,-0.104,0.000,59,E,0,,,,334395,136.75,0
120,275.658,"Mount",-0.151,0.387,-0.413,-0.045,-0.103,0.000,59,E,0,,,,321247,114.95,0
121,277.944,"Mount",-0.274,0.316,-0.406,0.097,-0.138,0.035,79,E,15,S,,,332153,107.65,0
122,280.341,"Mount",-0.158,0.371,-0.402,-0.031,-0.128,0.000,73,E,0,,,,359053,125.60,0
123,282.580,"Mount",-0.208,0.302,-0.364,0.045,-0.168,0.000,96,E,0,,,,360278,128.59,0
124,285.059,"Mount",-0.319,0.275,-0.391,0.156,-0.178,0.056,102,E,24,S,,,373433,135.09,0
125,287.306,"Mount",-0.171,0.125,-0.189,0.094,-0.129,0.036,74,E,15,S,,,348743,126.29,0
126,289.788,"Mount",-0.025,0.256,-0.239,-0.096,-0.148,-0.033,84,E,14,N,,,350585,123.28,0
127,291.949,"Mount",0.022,0.047,-0.032,-0.041,-0.042,0.000,24,E,0,,,,378518,122.05,0
128,294.409,"Mount",0.076,0.123,-0.074,-0.125,-0.067,-0.045,38,E,19,N,,,344085,128.20,0
129,296.664,"Mount",-0.101,0.030,-0.073,0.076,-0.043,0.026,25,E,11,S,,,351126,132.73,0
130,299.148,"Mount",-0.027,0.205,-0.194,-0.071,-0.081,-0.025,46,E,10,N,,,328752,117.01,0
131,301.238,"Mount",-0.046,0.010,-0.029,0.036,0.007,0.000,4,W,0,,,,321321,114.52,0
132,303.697,"Mount",-0.166,0.162,-0.221,0.073,-0.079,0.026,45,E,11,S,,,321171,105.47,0
133,305.862,"Mount",-0.127,-0.008,-0.051,0.116,-0.013,0.043,7,E,18,S,,,321163,135.58,0
134,308.305,"Mount",-0.026,0.210,-0.198,-0.074,-0.098,-0.025,56,E,11,N,,,323561,114.69,0
135,310.470,"Mount",-0.058,0.141,-0.152,-0.014,-0.076,0.000,43,E,0,,,,326332,112.90,0
136,312.889,"Mount",-0.114,0.017,-0.067,0.094,-0.058,0.034,33,E,14,S,,,331372,106.74,0
137,315.041,"Mount",-0.114,0.057,-0.103,0.075,-0.073,0.028,42,E,12,S,,,308885,106.43,0
138,317.380,"Mount",0.047,-0.098,0.108,0.004,0.023,0.000,13,W,0,,,,323568,122.95,0
139,319.572,"Mount",-0.055,-0.073,0.039,0.082,-0.021,0.029,12,E,13,S,,,326914,118.92,0
140,321.936,"Mount",0.020,-0.078,0.079,0.019,0.026,0.000,15,W,0,,,,334701,126.07,0
141,324.148,"Mount",0.022,-0.002,0.012,-0.018,-0.007,0.000,4,E,0,,,,330784,145.59,0
142,326.453,"Mount",0.037,-0.014,0.029,-0.027,-0.014,0.000,8,E,0,,,,344260,122.75,0
143,328.573,"Mount",0.046,-0.012,0.032,-0.035,-0.012,0.000,7,E,0,,,,338167,126.45,0
144,330.957,"Mount",-0.010,-0.177,0.153,0.091,0.049,0.033,28,W,14,S,,,351986,132.56,0
145,333.139,"Mount",-0.003,-0.132,0.116,0.064,0.038,0.024,22,W,10,S,,,354926,135.68,0
146,335.526,"Mount",0.067,-0.144,0.159,0.007,0.065,0.000,37,W,0,,,,338903,116.03,0
147,337.710,"Mount",0.265,0.019,0.105,-0.244,0.061,-0.088,35,W,38,N,,,321301,114.50,0
148,340.152,"Mount",0.203,-0.246,0.312,-0.067,0.159,-0.028,91,W,12,N,,,334491,131.85,0
149,342.429,"Mount",0.001,-0.365,0.325,0.168,0.174,0.059,99,W,25,S,,,316904,125.50,0
150,344.871,"Mount",0.031,-0.272,0.256,0.099,0.155,0.038,89,W,16,S,,,313510,101.41,0
151,347.037,"Mount",0.082,-0.194,0.210,0.016,0.155,0.000,88,W,0,,,,287000,101.79,0
152,349.547,"Mount",-0.029,-0.156,0.125,0.098,0.121,0.035,69,W,15,S,,,299465,110.87,0
153,351.764,"Mount",0.124,-0.032,0.086,-0.095,0.092,-0.033,53,W,14,N,,,305717,112.52,0
154,354.055,"Mount",-0.074,0.017,-0.049,0.058,0.046,0.000,26,W,0,,,,301836,107.01,0
155,356.283,"Mount",0.121,-0.094,0.139,-0.064,0.082,-0.023,47,W,10,N,,,293779,102.10,0
156,358.607,"Mount",0.050,-0.118,0.128,0.011,0.064,0.000,37,W,0,,,,310892,119.21,0
157,360.676,"Mount",-0.022,-0.049,0.034,0.042,-0.003,0.000,2,E,0,,,,291832,101.20,0
158,363.043,"Mount",-0.028,-0.103,0.079,0.073,0.020,0.026,11,W,11,S,,,314412,121.31,0
159,365.128,"Mount",-0.054,0.019,-0.042,0.039,-0.025,0.000,14,E,0,,,,319235,116.14,0
160,367.502,"Mount",-0.043,-0.169,0.131,0.116,0.038,0.042,22,W,18,S,,,302278,106.76,0
161,369.711,"Mount",0.071,0.001,0.032,-0.063,-0.021,-0.021,12,E,9,N,,,303616,120.46,0
162,372.176,"Mount",-0.094,-0.093,0.040,0.127,-0.022,0.045,12,E,19,S,,,309642,109.22,0
163,374.314,"Mount",0.021,-0.090,0.090,0.023,0.022,0.000,13,W,0,,,,308044,115.71,0
164,376.608,"Mount",0.046,-0.099,0.109,0.004,0.041,0.000,24,W,0,,,,309562,116.82,0
165,378.792,"Mount",0.054,0.027,0.001,-0.061,0.005,-0.022,3,W,9,N,,,346723,128.32,0
166,381.258,"Mount",0.243,-0.075,0.178,-0.181,0.104,-0.066,59,W,28,N,,,319027,120.41,0
167,383.454,"Mount",0.044,-0.147,0.151,0.029,0.102,0.000,59,W,0,,,,307473,113.10,0
168,385.886,"Mount",-0.015,-0.128,0.107,0.072,0.096,0.026,55,W,11,S,,,318160,113.41,0
169,388.020,"Mount",-0.024,-0.011,-0.002,0.026,0.055,0.000,32,W,0,,,,338213,118.23,0
170,390.498,"Mount",0.028,-0.086,0.090,0.015,0.101,0.000,58,W,0,,,,313735,123.76,0
171,392.675,"Mount",-0.056,-0.113,0.075,0.102,0.075,0.037,43,W,16,S,,,303552,111.05,0
172,395.077,"Mount",-0.027,-0.121,0.095,0.079,0.085,0.030,49,W,13,S,,,306751,111.83,0
173,397.227,"Mount",0.099,-0.144,0.173,-0.022,0.113,0.000,65,W,0,,,,292544,114.64,0
174,399.674,"Mount",0.122,-0.081,0.128,-0.071,0.095,-0.025,54,W,11,N,,,286488,122.59,0
175,401.869,"Mount",0.134,-0.125,0.172,-0.061,0.126,-0.023,72,W,10,N,,,283955,102.81,0
176,404.335,"Mount",0.142,-0.229,0.269,-0.020,0.172,0.000,98,W,0,,,,288939,105.94,0
177,406.549,"Mount",0.134,-0.180,0.221,-0.036,0.170,0.000,97,W,0,,,,288413,106.46,0
178,409.031,"Mount",0.067,-0.253,0.255,0.058,0.192,0.000,110,W,0,,,,297569,102.10,0
179,411.432,"Mount",-0.090,-0.320,0.243,0.228,0.205,0.082,117,W,35,S,,,314056,123.22,0
180,413.944,"Mount",0.338,-0.055,0.204,-0.274,0.194,-0.095,111,W,41,N,,,313270,121.79,0
181,416.191,"Mount",-0.079,-0.242,0.179,0.182,0.176,0.062,100,W,26,S,,,293698,114.81,0
182,418.604,"Mount",0.030,-0.121,0.122,0.029,0.146,0.000,84,W,0,,,,316981,111.42,0
183,420.731,"Mount",-0.046,-0.036,0.010,0.058,0.076,0.000,43,W,0,,,,300756,102.06,0
184,423.197,"Mount",0.166,-0.043,0.115,-0.128,0.104,-0.046,59,W,20,N,,,298589,112.96,0
185,425.457,"Mount",-0.007,-0.165,0.143,0.083,0.102,0.028,58,W,12,S,,,306184,127.67,0
186,427.888,"Mount",-0.061,-0.148,0.104,0.122,0.041,0.045,23,W,19,S,,,305277,117.81,0
187,430.003,"Mount",0.114,-0.012,0.063,-0.096,0.015,-0.033,9,W,14,N,,,317866,117.94,0
188,432.373,"Mount",0.201,-0.265,0.327,-0.056,0.130,0.000,74,W,0,,,,299807,111.73,0
189,434.613,"Mount",0.068,0.002,0.029,-0.061,-0.014,-0.022,8,E,9,N,,,296738,100.96,0
190,436.913,"Mount",-0.033,0.092,-0.096,-0.013,-0.013,0.000,8,E,0,,,,314089,111.29,0
191,439.062,"Mount",0.046,-0.060,0.074,-0.013,0.060,0.000,34,W,0,,,,293261,112.48,0
192,441.357,"Mount",0.047,0.019,0.005,-0.050,0.036,0.000,20,W,0,,,,306319,125.03,0
193,443.488,"Mount",-0.078,0.040,-0.071,0.051,0.007,0.000,4,W,0,,,,287777,99.27,0
194,445.824,"Mount",0.009,-0.109,0.101,0.043,0.090,0.000,51,W,0,,,,301669,114.44,0
195,447.988,"Mount",0.041,0.063,-0.037,-0.065,0.043,-0.024,25,W,10,N,,,302168,101.95,0
196,450.297,"Mount",-0.040,-0.017,-0.004,0.043,0.042,0.000,24,W,0,,,,306162,125.24,0
197,452.494,"Mount",0.174,-0.105,0.173,-0.106,0.099,-0.038,57,W,16,N,,,302405,118.93,0
198,454.956,"Mount",-0.071,-0.136,0.088,0.126,0.057,0.044,33,W,19,S,,,310840,114.70,0
199,457.090,"Mount",-0.002,-0.034,0.029,0.017,0.009,0.000,5,W,0,,,,312149,117.00,0
200,459.462,"Mount",0.021,-0.109,0.106,0.032,0.050,0.000,28,W,0,,,,314588,124.44,0
201,461.789,"Mount",-0.007,-0.187,0.163,0.093,0.069,0.034,39,W,14,S,,,315834,109.51,0
202,464.128,"Mount",0.009,-0.007,0.011,-0.004,-0.008,0.000,5,E,0,,,,293969,107.83,0
203,466.250,"Mount",0.091,-0.086,0.118,-0.041,0.058,0.000,33,W,0,,,,294302,107.45,0
204,468.621,"Mount",0.123,0.011,0.047,-0.114,0.003,-0.041,2,W,18,N,,,310508,111.12,0
205,470.770,"Mount",0.129,-0.134,0.178,-0.053,0.082,0.000,47,W,0,,,,289285,110.71,0
206,473.219,"Mount",0.088,-0.064,0.098,-0.048,0.045,0.000,26,W,0,,,,289099,108.95,0
207,475.322,"Mount",-0.048,-0.078,0.047,0.078,0.000,0.028,0,,12,S,,,277120,104.29,0
208,477.722,"Mount",0.082,-0.018,0.054,-0.064,0.007,-0.022,4,W,9,N,,,305588,133.72,0
209,479.889,"Mount",0.044,-0.066,0.079,-0.008,0.040,0.000,23,W,0,,,,291774,98.80,0
210,482.175,"Mount",-0.011,-0.050,0.040,0.033,-0.006,0.000,3,E,0,,,,305301,109.67,0
211,484.280,"Mount",-0.005,0.036,-0.034,-0.012,-0.008,0.000,4,E,0,,,,283172,107.19,0
212,486.571,"Mount",-0.009,-0.036,0.027,0.025,-0.009,0.000,5,E,0,,,,321983,115.92,0
213,488.775,"Mount",0.069,0.099,-0.056,-0.106,-0.011,-0.038,6,E,16,N,,,280356,101.26,0
214,491.060,"Mount",-0.042,-0.043,0.019,0.058,-0.014,0.000,8,E,0,,,,319453,125.21,0
215,493.257,"Mount",-0.122,-0.042,-0.019,0.127,-0.017,0.046,9,E,20,S,,,310021,113.21,0
216,495.613,"Mount",0.099,0.062,-0.010,-0.117,-0.020,-0.040,12,E,17,N,,,304792,106.69,0
217,497.694,"Mount",0.022,-0.105,0.104,0.029,0.026,0.000,15,W,0,,,,304495,104.42,0
218,499.987,"Mount",0.051,-0.067,0.083,-0.014,0.015,0.000,8,W,0,,,,315086,117.10,0
219,502.152,"Mount",0.139,-0.088,0.142,-0.082,0.054,-0.030,31,W,13,N,,,318820,129.71,0
220,504.614,"Mount",0.262,-0.057,0.171,-0.206,0.067,-0.075,38,W,32,N,,,322249,115.67,0
221,506.728,"Mount",0.081,-0.101,0.127,-0.025,0.064,0.000,36,W,0,,,,297144,98.62,0
222,509.127,"Mount",-0.103,-0.063,0.008,0.120,0.011,0.043,6,W,18,S,,,284854,101.70,0
223,511.323,"Mount",-0.051,-0.097,0.062,0.090,0.052,0.034,30,W,15,S,,,308143,113.70,0
224,513.723,"Mount",-0.084,-0.089,0.040,0.116,0.028,0.043,16,W,18,S,,,321575,117.28,0
225,515.819,"Mount",-0.074,0.033,-0.064,0.050,-0.007,0.000,4,E,0,,,,317199,111.68,0
226,518.262,"Mount",-0.044,-0.110,0.077,0.090,0.054,0.032,31,W,14,S,,,315822,105.30,0
227,520.400,"Mount",0.039,-0.097,0.104,0.010,0.061,0.000,35,W,0,,,,333618,134.20,0
228,522.704,"Mount",0.019,-0.091,0.090,0.025,0.041,0.000,23,W,0,,,,308644,108.06,0
229,524.886,"Mount",0.079,0.037,0.004,-0.087,-0.010,-0.031,6,E,13,N,,,328877,115.17,0
230,527.286,"Mount",-0.108,-0.001,-0.049,0.097,-0.020,0.034,12,E,14,S,,,332943,125.71,0
231,529.439,"Mount",-0.009,0.054,-0.052,-0.017,-0.038,0.000,21,E,0,,,,299512,112.11,0
232,531.868,"Mount",-0.076,-0.052,0.011,0.092,-0.064,0.033,36,E,14,S,,,315081,125.17,0
233,534.019,"Mount",0.000,-0.035,0.031,0.016,-0.080,0.000,46,E,0,,,,310676,112.75,0
234,536.372,"Mount",-0.004,0.098,-0.089,-0.042,-0.122,0.000,70,E,0,,,,304432,113.10,0
235,538.618,"Mount",-0.140,0.204,-0.246,0.030,-0.199,0.000,114,E,0,,,,309216,120.32,0
236,541.005,"Mount",0.006,-0.055,0.051,0.020,-0.101,0.000,58,E,0,,,,311695,105.83,0
237,543.265,"Mount",0.091,0.128,-0.072,-0.139,-0.129,-0.050,74,E,21,N,,,300983,100.28,0
238,545.758,"Mount",-0.110,-0.025,-0.028,0.109,-0.096,0.037,55,E,16,S,,,313177,109.22,0
239,547.954,"Mount",-0.062,-0.156,0.110,0.127,-0.044,0.047,25,E,20,S,,,297195,122.80,0
240,550.290,"Mount",0.045,-0.022,0.041,-0.030,-0.081,0.000,46,E,0,,,,317204,111.94,0
241,552.413,"Mount",0.015,0.091,-0.074,-0.055,-0.063,0.000,36,E,0,,,,317260,118.44,0
242,554.876,"Mount",-0.125,0.070,-0.119,0.079,-0.075,0.028,43,E,12,S,,,318467,122.75,0
243,557.053,"Mount",-0.044,0.204,-0.201,-0.055,-0.106,0.000,61,E,0,,,,276461,97.60,0
244,559.423,"Mount",-0.125,0.143,-0.185,0.045,-0.099,0.000,57,E,0,,,,324161,112.77,0
245,561.669,"Mount",0.115,0.021,0.034,-0.111,-0.052,-0.040,30,E,17,N,,,320133,145.36,0
246,563.993,"Mount",0.011,0.051,-0.040,-0.033,-0.062,0.000,35,E,0,,,,292803,107.89,0
247,566.142,"Mount",0.027,0.068,-0.048,-0.056,-0.077,0.000,44,E,0,,,,297965,108.31,0
248,568.462,"Mount",-0.010,-0.085,0.071,0.048,-0.057,0.000,32,E,0,,,,311550,118.17,0
249,570.661,"Mount",-0.066,-0.011,-0.021,0.064,-0.090,0.023,51,E,10,S,,,310912,127.18,0
250,573.039,"Mount",0.061,-0.003,0.031,-0.053,-0.087,0.000,50,E,0,,,,286011,105.32,0
251,575.108,"Mount",0.133,-0.172,0.214,-0.039,0.009,0.000,5,W,0,,,,288319,99.12,0
252,577.527,"Mount",0.138,-0.030,0.090,-0.108,-0.017,-0.039,9,E,17,N,,,293249,112.40,0
253,579.739,"Mount",0.107,-0.032,0.078,-0.080,-0.023,-0.031,13,E,13,N,,,312312,115.39,0
254,582.117,"Mount",-0.098,0.115,-0.147,0.034,-0.105,0.000,60,E,0,,,,306897,113.57,0
255,584.253,"Mount",-0.040,-0.138,0.104,0.100,-0.003,0.036,1,E,15,S,,,308057,122.59,0
256,586.670,"Mount",0.082,0.019,0.021,-0.081,-0.090,-0.028,52,E,12,N,,,305318,101.40,0
257,588.864,"Mount",-0.040,0.117,-0.122,-0.018,-0.163,0.000,93,E,0,,,,286940,107.82,0
258,591.322,"Mount",-0.105,0.100,-0.137,0.047,-0.204,0.000,117,E,0,,,,287637,97.68,0
259,593.676,"Mount",-0.156,-0.039,-0.038,0.157,-0.163,0.056,93,E,24,S,,,314595,130.31,0
260,596.158,"Mount",-0.150,0.199,-0.246,0.041,-0.330,0.000,189,E,0,,,,276861,100.25,0
261,598.351,"Mount",0.003,0.002,-0.000,-0.004,-0.225,0.000,129,E,0,,,,296156,103.28,0
262,600.968,"Mount",-0.021,0.236,-0.219,-0.091,-0.338,-0.033,193,E,14,N,,,317173,125.43,0
263,603.289,"Mount",-0.093,0.027,-0.066,0.070,-0.249,0.024,142,E,10,S,,,301176,115.40,0
264,605.828,"Mount",-0.172,-0.051,-0.034,0.176,-0.206,0.064,118,E,28,S,,,309582,126.35,0
265,608.053,"Mount",0.025,-0.025,0.033,-0.011,-0.130,0.000,74,E,0,,,,313516,129.47,0
266,610.540,"Mount",-0.059,0.277,-0.273,-0.076,-0.225,-0.027,129,E,12,N,,,297889,108.34,0
267,612.629,"Mount",0.033,0.050,-0.030,-0.052,-0.039,0.000,22,E,0,,,,304004,106.48,0
268,614.908,"Mount",-0.030,0.019,-0.030,0.018,-0.018,0.000,10,E,0,,,,280110,105.24,0
269,616.994,"Mount",-0.044,0.038,-0.054,0.021,-0.033,0.000,19,E,0,,,,303022,116.01,0
270,619.455,"Mount",-0.162,0.226,-0.275,0.039,-0.153,0.000,87,E,0,,,,292047,111.29,0
271,621.648,"Mount",-0.114,0.193,-0.224,0.012,-0.170,0.000,97,E,0,,,,309449,118.23,0
272,624.139,"Mount",-0.035,0.277,-0.262,-0.097,-0.201,-0.035,115,E,15,N,,,306525,109.98,0
273,626.367,"Mount",-0.103,0.050,-0.092,0.068,-0.203,0.023,116,E,10,S,,,278077,112.73,0
274,628.712,"Mount",-0.017,-0.084,0.067,0.054,-0.153,0.000,87,E,0,,,,276482,107.55,0
INFO: SET LOCK POSITION, new lock pos = 589.987, 558.294
INFO: DITHER by -5.090, 13.463, new lock pos = 575.693, 556.613
INFO: SETTLING STATE CHANGE, Settling started
275,639.472,"Mount",14.294,1.681,5.090,-13.463,5.090,-13.463,2910,W,5758,N,,,281910,106.64,0
276,642.197,"Mount",-1.843,-0.680,-0.245,1.948,-0.110,0.701,63,E,300,S,,,273731,98.22,0
277,644.549,"Mount",-0.519,0.161,-0.381,0.386,-0.172,0.167,98,E,71,S,,,281841,105.53,0
278,647.150,"Mount",0.533,0.708,-0.383,-0.800,-0.172,-0.281,99,E,120,N,,,274011,102.47,0
279,649.426,"Mount",-0.399,0.142,-0.309,0.288,-0.139,0.092,80,E,40,S,,,280908,112.51,0
280,651.890,"Mount",-0.334,0.004,-0.158,0.295,-0.071,0.110,41,E,47,S,,,276983,118.26,0
281,654.120,"Mount",0.219,0.293,-0.159,-0.330,-0.072,-0.114,41,E,49,N,,,273719,106.44,0
282,656.597,"Mount",-0.340,0.052,-0.203,0.278,-0.091,0.095,52,E,41,S,,,280629,97.83,0
283,658.791,"Mount",-0.245,-0.069,-0.052,0.249,-0.023,0.094,13,E,40,S,,,311052,114.44,0
284,661.280,"Mount",0.450,0.272,-0.035,-0.525,-0.016,-0.185,9,E,79,N,,,290500,101.60,0
285,663.536,"Mount",-0.317,0.079,-0.216,0.244,-0.097,0.081,56,E,34,S,,,278503,113.61,0
286,665.894,"Mount",-0.087,0.048,-0.082,0.055,0.012,0.000,7,W,0,,,,319174,134.00,0
287,668.076,"Mount",-0.087,-0.012,-0.029,0.083,0.041,0.030,23,W,13,S,,,264220,96.80,0
288,670.556,"Mount",0.155,-0.375,0.404,0.036,0.217,0.000,124,W,0,,,,270551,98.66,0
289,672.637,"Mount",-0.025,-0.072,0.052,0.056,0.036,0.000,21,W,0,,,,278790,101.68,0
290,675.071,"Mount",0.150,-0.150,0.202,-0.064,0.136,-0.023,78,W,10,N,,,294655,117.89,0
INFO: SETTLING STATE CHANGE, Settling complete
291,677.206,"Mount",-0.086,0.047,-0.081,0.055,0.017,0.000,10,W,0,,,,285352,100.35,0
292,679.574,"Mount",0.043,0.026,-0.004,-0.050,0.061,0.000,35,W,0,,,,309378,114.94,0
293,681.831,"Mount",-0.024,-0.147,0.120,0.090,0.125,0.032,71,W,14,S,,,294031,107.44,0
294,684.369,"Mount",-0.009,-0.153,0.131,0.079,0.149,0.030,85,W,13,S,,,329100,132.71,0
295,686.626,"Mount",0.189,-0.157,0.227,-0.095,0.196,-0.033,112,W,14,N,,,308138,115.99,0
296,689.038,"Mount",0.112,-0.159,0.193,-0.026,0.189,0.000,108,W,0,,,,316871,124.57,0
297,691.174,"Mount",-0.003,0.027,-0.026,-0.010,0.101,0.000,58,W,0,,,,290959,103.62,0
298,693.607,"Mount",-0.267,0.047,-0.165,0.215,0.035,0.077,20,W,33,S,,,317265,119.16,0
299,695.892,"Mount",0.073,0.176,-0.123,-0.146,0.052,-0.049,30,W,21,N,,,310411,122.05,0
300,698.313,"Mount",0.063,0.166,-0.118,-0.133,0.039,-0.050,22,W,21,N,,,325527,105.34,0
301,700.477,"Mount",0.016,-0.013,0.018,-0.008,0.075,0.000,43,W,0,,,,298622,101.56,0
302,702.904,"Mount",-0.195,0.055,-0.138,0.148,-0.005,0.053,3,E,23,S,,,322668,109.92,0
303,705.040,"Mount",-0.100,0.024,-0.067,0.077,0.007,0.030,4,W,13,S,,,318454,127.23,0
304,707.504,"Mount",0.098,0.238,-0.166,-0.196,-0.049,-0.069,28,E,30,N,,,301019,102.62,0
305,709.712,"Mount",-0.162,0.016,-0.088,0.137,-0.033,0.046,19,E,20,S,,,328783,116.83,0
306,712.063,"Mount",-0.034,0.010,-0.025,0.025,-0.007,0.000,4,E,0,,,,329891,106.03,0
307,714.336,"Mount",-0.062,0.229,-0.232,-0.051,-0.125,0.000,72,E,0,,,,328979,119.32,0
308,716.731,"Mount",-0.105,0.069,-0.110,0.061,-0.078,0.022,44,E,9,S,,,322531,120.28,0
309,718.911,"Mount",0.036,0.107,-0.079,-0.081,-0.068,-0.028,39,E,12,N,,,335394,124.11,0
310,721.437,"Mount",-0.179,-0.012,-0.071,0.164,-0.062,0.058,35,E,25,S,,,318489,114.95,0
311,723.594,"Mount",-0.080,0.113,-0.137,0.019,-0.074,0.000,42,E,0,,,,317519,118.25,0
312,725.993,"Mount",0.056,0.119,-0.080,-0.105,-0.037,-0.038,21,E,16,N,,,302294,119.64,0
313,728.102,"Mount",-0.006,0.022,-0.022,-0.005,0.006,0.000,4,W,0,,,,310525,134.64,0
314,730.470,"Mount",-0.049,0.009,-0.031,0.040,0.025,0.000,14,W,0,,,,297757,123.08,0
315,732.692,"Mount",0.202,-0.135,0.212,-0.117,0.130,-0.042,75,W,18,N,,,281284,105.14,0
316,735.108,"Mount",-0.076,-0.144,0.092,0.134,0.092,0.047,53,W,20,S,,,278108,91.61,0
317,737.273,"Mount",-0.031,0.007,-0.020,0.024,0.080,0.000,46,W,0,,,,298507,122.34,0
318,739.782,"Mount",0.133,0.030,0.035,-0.131,0.094,-0.047,54,W,20,N,,,295898,119.80,0
319,742.087,"Mount",0.016,-0.270,0.247,0.111,0.219,0.038,125,W,16,S,,,313810,127.23,0
320,744.627,"Mount",-0.075,-0.146,0.095,0.134,0.176,0.050,101,W,21,S,,,318544,117.29,0
321,746.818,"Mount",0.044,-0.006,0.026,-0.036,0.141,0.000,81,W,0,,,,290258,116.39,0
322,749.220,"Mount",0.077,-0.085,0.111,-0.029,0.201,0.000,115,W,0,,,,289893,100.99,0
323,751.401,"Mount",0.082,-0.050,0.082,-0.050,0.189,0.000,108,W,0,,,,328535,112.72,0
324,753.813,"Mount",0.056,-0.084,0.100,-0.011,0.193,0.000,110,W,0,,,,306760,119.70,0
325,756.212,"Mount",0.231,-0.155,0.244,-0.133,0.254,-0.048,145,W,20,N,,,321222,122.29,0
326,758.630,"Mount",-0.134,-0.030,-0.036,0.133,0.150,0.046,85,W,20,S,,,338179,134.05,0
327,760.778,"Mount",0.016,-0.005,0.012,-0.012,0.136,0.000,78,W,0,,,,337815,115.03,0
328,763.213,"Mount",0.017,0.105,-0.085,-0.064,0.103,-0.023,59,W,10,N,,,344570,125.04,0
329,765.326,"Mount",-0.081,0.089,-0.116,0.031,0.066,0.000,38,W,0,,,,333639,117.86,0
330,767.710,"Mount",0.030,0.015,0.001,-0.033,0.100,0.000,57,W,0,,,,331791,120.28,0
331,769.925,"Mount",0.022,0.146,-0.119,-0.087,0.027,-0.031,15,W,13,N,,,339679,129.30,0
332,772.349,"Mount",-0.220,-0.036,-0.070,0.212,0.031,0.075,18,W,32,S,,,326442,129.51,0
333,774.469,"Mount",0.051,0.030,-0.003,-0.059,0.046,0.000,26,W,0,,,,326816,137.17,0
334,776.886,"Mount",0.106,-0.016,0.063,-0.087,0.068,-0.031,39,W,13,N,,,323885,110.74,0
335,779.019,"Mount",-0.031,0.021,-0.033,0.018,0.037,0.000,21,W,0,,,,322118,110.77,0
336,781.384,"Mount",-0.016,0.109,-0.104,-0.036,-0.010,0.000,6,E,0,,,,308917,123.31,0
337,783.532,"Mount",0.048,-0.010,0.031,-0.038,0.038,0.000,22,W,0,,,,304678,104.26,0
338,785.905,"Mount",0.053,0.011,0.015,-0.053,0.045,0.000,25,W,0,,,,310425,111.58,0
339,788.037,"Mount",0.102,-0.086,0.123,-0.051,0.101,0.000,58,W,0,,,,339154,126.83,0
340,790.502,"Mount",0.130,-0.000,0.060,-0.116,0.079,-0.042,45,W,18,N,,,289115,111.41,0
341,792.574,"Mount",-0.050,0.086,-0.100,0.005,0.015,0.000,8,W,0,,,,295247,101.50,0
342,794.960,"Mount",-0.135,0.039,-0.097,0.102,0.014,0.037,8,W,16,S,,,295821,105.53,0
343,797.152,"Mount",-0.072,0.024,-0.055,0.053,0.051,0.000,29,W,0,,,,322330,113.13,0
344,799.442,"Mount",-0.069,0.102,-0.123,0.014,-0.009,0.000,5,E,0,,,,323756,116.05,0
345,801.579,"Mount",-0.126,0.132,-0.175,0.051,-0.037,0.000,21,E,0,,,,309665,113.84,0
346,803.890,"Mount",-0.016,0.058,-0.059,-0.013,0.028,0.000,16,W,0,,,,325564,118.03,0
347,806.071,"Mount",-0.090,0.022,-0.061,0.070,-0.003,0.025,2,E,11,S,,,298159,122.40,0
348,808.358,"Mount",-0.059,0.028,-0.052,0.039,0.016,0.000,9,W,0,,,,308316,111.59,0
349,810.585,"Mount",-0.040,0.283,-0.270,-0.095,-0.109,-0.034,63,E,15,N,,,289596,114.83,0
350,813.030,"Mount",-0.127,0.061,-0.113,0.084,-0.038,0.029,22,E,12,S,,,311286,116.29,0
351,815.153,"Mount",-0.092,0.215,-0.233,-0.018,-0.095,0.000,54,E,0,,,,308393,117.02,0
352,817.482,"Mount",0.022,0.017,-0.005,-0.027,-0.009,0.000,5,E,0,,,,324442,116.76,0
353,819.549,"Mount",0.051,-0.024,0.045,-0.034,-0.014,0.000,8,E,0,,,,291972,101.84,0
354,821.948,"Mount",-0.061,-0.069,0.033,0.086,-0.019,0.031,11,E,13,S,,,284231,98.21,0
355,824.098,"Mount",-0.060,0.015,-0.040,0.046,-0.014,0.000,8,E,0,,,,300308,112.52,0
356,826.437,"Mount",0.044,-0.036,0.052,-0.023,-0.016,0.000,9,E,0,,,,287257,119.18,0
357,828.542,"Mount",0.010,0.041,-0.032,-0.028,-0.006,0.000,4,E,0,,,,279273,108.10,0
358,830.880,"Mount",-0.065,0.033,-0.060,0.042,-0.006,0.000,3,E,0,,,,278293,103.91,0
359,833.107,"Mount",-0.035,0.131,-0.132,-0.029,-0.053,0.000,30,E,0,,,,298096,131.84,0
360,835.463,"Mount",0.002,0.053,-0.046,-0.027,0.010,0.000,6,W,0,,,,293106,110.71,0
361,837.678,"Mount",-0.106,-0.150,0.085,0.163,0.041,0.059,24,W,25,S,,,286875,100.05,0
362,840.003,"Mount",-0.053,0.112,-0.124,-0.005,-0.051,0.000,29,E,0,,,,273797,103.27,0
363,842.126,"Mount",-0.038,0.021,-0.036,0.024,0.007,0.000,4,W,0,,,,295027,121.22,0
364,844.654,"Mount",-0.024,0.211,-0.198,-0.076,-0.079,-0.027,45,E,12,N,,,289586,110.43,0
365,846.917,"Mount",0.112,-0.028,0.077,-0.086,0.046,-0.032,26,W,14,N,,,292694,118.91,0
366,849.289,"Mount",-0.095,0.053,-0.091,0.060,-0.043,0.000,25,E,0,,,,294816,112.80,0
367,851.457,"Mount",-0.117,0.061,-0.108,0.076,-0.050,0.027,29,E,12,S,,,291219,108.90,0
368,853.889,"Mount",0.056,0.159,-0.115,-0.123,-0.049,-0.043,28,E,18,N,,,303375,106.60,0
369,855.981,"Mount",0.026,0.060,-0.041,-0.051,0.005,0.000,3,W,0,,,,283912,108.74,0
370,858.301,"Mount",-0.028,0.049,-0.056,0.002,0.003,0.000,2,W,0,,,,294317,111.84,0
371,860.507,"Mount",-0.041,-0.057,0.032,0.062,0.007,0.022,4,W,10,S,,,286481,104.51,0
372,862.912,"Mount",-0.003,0.144,-0.129,-0.064,-0.042,-0.022,24,E,9,N,,,272543,100.34,0
373,865.029,"Mount",0.043,0.105,-0.073,-0.087,-0.015,-0.032,9,E,14,N,,,318396,120.48,0
374,867.400,"Mount",0.025,-0.083,0.085,0.016,0.058,0.000,33,W,0,,,,322360,121.42,0
375,869.508,"Mount",-0.100,0.089,-0.125,0.047,-0.041,0.000,23,E,0,,,,288646,106.71,0
376,871.847,"Mount",-0.037,0.088,-0.095,-0.008,-0.036,0.000,21,E,0,,,,291053,101.77,0
377,874.154,"Mount",-0.031,0.207,-0.198,-0.068,-0.101,-0.025,58,E,11,N,,,294333,109.76,0
378,876.525,"Mount",-0.039,0.104,-0.110,-0.013,-0.080,0.000,46,E,0,,,,292697,120.65,0
379,878.662,"Mount",-0.102,0.158,-0.187,0.017,-0.143,0.000,82,E,0,,,,295272,109.07,0
380,881.140,"Mount",-0.193,0.120,-0.195,0.116,-0.169,0.042,97,E,18,S,,,289354,101.89,0
381,883.412,"Mount",0.003,0.209,-0.184,-0.100,-0.177,-0.034,101,E,15,N,,,312598,112.92,0
382,885.907,"Mount",-0.107,0.049,-0.093,0.072,-0.149,0.025,85,E,11,S,,,321680,115.22,0
383,888.157,"Mount",-0.110,0.101,-0.140,0.051,-0.178,0.000,102,E,0,,,,299131,111.29,0
384,890.558,"Mount",0.015,-0.077,0.075,0.022,-0.081,0.000,46,E,0,,,,293978,112.72,0
385,892.819,"Mount",-0.115,0.044,-0.092,0.082,-0.148,0.029,84,E,13,S,,,269138,96.61,0
386,895.408,"Mount",-0.116,0.042,-0.091,0.084,-0.145,0.031,83,E,13,S,,,288708,102.06,0
387,897.655,"Mount",-0.110,0.075,-0.117,0.063,-0.144,0.024,82,E,10,S,,,277775,99.90,0
388,899.993,"Mount",0.019,-0.038,0.043,0.001,-0.082,0.000,47,E,0,,,,286378,103.59,0
389,902.137,"Mount",0.042,0.043,-0.018,-0.057,-0.071,0.000,41,E,0,,,,292341,106.33,0
390,904.496,"Mount",-0.007,0.077,-0.072,-0.030,-0.116,0.000,66,E,0,,,,296426,113.40,0
391,906.648,"Mount",0.128,0.099,-0.029,-0.159,-0.075,-0.057,43,E,25,N,,,286867,110.16,0
392,908.971,"Mount",0.022,-0.048,0.053,0.003,-0.055,0.000,31,E,0,,,,308783,131.55,0
393,911.068,"Mount",-0.024,-0.020,0.007,0.031,-0.046,0.000,26,E,0,,,,292522,120.41,0
394,913.360,"Mount",-0.019,-0.079,0.062,0.053,-0.003,0.000,1,E,0,,,,273769,107.09,0
395,915.454,"Mount",-0.077,0.026,-0.059,0.057,-0.023,0.000,13,E,0,,,,276022,97.78,0
396,917.837,"Mount",-0.047,-0.077,0.046,0.077,-0.040,0.028,23,E,12,S,,,280435,102.60,0
397,920.000,"Mount",0.025,-0.181,0.172,0.061,0.041,0.023,23,W,10,S,,,288951,106.06,0
398,922.481,"Mount",0.088,-0.024,0.062,-0.067,-0.030,-0.023,17,E,10,N,,,290951,117.49,0
399,924.618,"Mount",-0.045,0.069,-0.082,0.008,-0.097,0.000,56,E,0,,,,268438,105.61,0
400,927.016,"Mount",-0.069,0.045,-0.072,0.040,-0.106,0.000,60,E,0,,,,275083,103.02,0
401,929.209,"Mount",-0.129,0.038,-0.093,0.097,-0.115,0.035,65,E,15,S,,,285716,112.77,0
402,931.729,"Mount",-0.021,0.200,-0.187,-0.074,-0.180,-0.025,103,E,11,N,,,279142,105.60,0
403,934.017,"Mount",-0.246,0.048,-0.156,0.196,-0.191,0.070,109,E,30,S,,,274202,113.71,0
404,936.546,"Mount",0.013,0.180,-0.154,-0.094,-0.215,-0.031,123,E,13,N,,,271601,94.52,0
405,938.743,"Mount",-0.082,0.177,-0.195,-0.009,-0.262,0.000,150,E,0,,,,281628,114.44,0
406,941.207,"Mount",-0.084,0.185,-0.203,-0.011,-0.291,0.000,166,E,0,,,,276682,115.89,0
407,943.468,"Mount",-0.043,0.161,-0.162,-0.036,-0.283,0.000,162,E,0,,,,302012,111.55,0
408,945.966,"Mount",-0.022,0.134,-0.129,-0.042,-0.286,0.000,163,E,0,,,,285575,108.72,0
409,948.205,"Mount",-0.099,0.132,-0.163,0.027,-0.292,0.000,167,E,0,,,,285903,109.18,0
410,950.662,"Mount",-0.057,0.080,-0.098,0.014,-0.261,0.000,149,E,0,,,,306324,132.84,0
411,952.874,"Mount",-0.019,-0.013,0.003,0.022,-0.198,0.000,113,E,0,,,,285281,109.24,0
412,955.261,"Mount",0.018,0.007,0.002,-0.019,-0.178,0.000,102,E,0,,,,285303,122.15,0
413,957.473,"Mount",-0.059,0.074,-0.093,0.018,-0.197,0.000,112,E,0,,,,291712,107.15,0
414,959.915,"Mount",-0.005,-0.040,0.034,0.023,-0.136,0.000,78,E,0,,,,312852,144.69,0
415,962.174,"Mount",-0.110,-0.050,-0.006,0.121,-0.120,0.044,69,E,19,S,,,266744,100.28,0
416,964.624,"Mount",-0.061,0.162,-0.172,-0.021,-0.210,0.000,120,E,0,,,,286771,107.17,0
417,966.870,"Mount",0.045,0.063,-0.035,-0.069,-0.128,-0.025,73,E,11,N,,,286616,114.31,0
418,969.314,"Mount",-0.009,0.140,-0.129,-0.057,-0.184,0.000,105,E,0,,,,277134,118.07,0
419,971.489,"Mount",0.012,0.073,-0.059,-0.044,-0.126,0.000,72,E,0,,,,289992,112.49,0
420,973.965,"Mount",0.043,-0.031,0.047,-0.024,-0.133,0.000,76,E,0,,,,276206,105.56,0
421,976.173,"Mount",0.031,0.040,-0.021,-0.046,-0.130,0.000,75,E,0,,,,277381,100.57,0
422,978.589,"Mount",0.002,-0.028,0.026,0.011,-0.147,0.000,84,E,0,,,,273651,112.98,0
423,980.737,"Mount",-0.049,0.008,-0.030,0.040,-0.138,0.000,79,E,0,,,,266713,103.67,0
424,983.165,"Mount",0.013,-0.090,0.086,0.030,-0.128,0.000,73,E,0,,,,305114,112.30,0
425,985.348,"Mount",0.091,-0.116,0.145,-0.027,-0.077,0.000,44,E,0,,,,299846,107.10,0
426,987.842,"Mount",-0.065,-0.082,0.043,0.095,-0.139,0.034,79,E,15,S,,,303920,115.54,0
427,989.974,"Mount",0.001,-0.060,0.054,0.026,-0.107,0.000,61,E,0,,,,317544,114.05,0
428,992.346,"Mount",0.064,-0.114,0.131,-0.004,-0.019,0.000,11,E,0,,,,281964,106.36,0
429,994.508,"Mount",-0.005,-0.014,0.010,0.011,-0.044,0.000,25,E,0,,,,274080,101.53,0
430,996.846,"Mount",0.033,-0.068,0.076,0.002,0.016,0.000,9,W,0,,,,283564,97.70,0
431,998.932,"Mount",-0.021,-0.051,0.035,0.042,0.008,0.000,4,W,0,,,,277799,109.07,0
432,1001.412,"Mount",-0.076,-0.011,-0.026,0.073,0.033,0.026,19,W,11,S,,,290421,122.32,0
433,1003.598,"Mount",-0.059,0.031,-0.055,0.038,0.066,0.000,37,W,0,,,,283207,116.22,0
434,1005.937,"Mount",-0.081,0.229,-0.240,-0.034,-0.025,0.000,14,E,0,,,,266229,95.78,0
435,1008.129,"Mount",-0.215,0.143,-0.226,0.124,-0.036,0.045,21,E,19,S,,,268455,103.87,0
436,1010.368,"Mount",-0.123,0.108,-0.153,0.059,0.001,0.000,0,,0,,,,272519,102.32,0
437,1012.559,"Mount",-0.121,0.108,-0.152,0.057,-0.040,0.000,23,E,0,,,,270966,111.40,0
438,1014.866,"Mount",-0.090,0.080,-0.113,0.043,-0.028,0.000,16,E,0,,,,275016,130.96,0
439,1017.077,"Mount",-0.183,-0.112,0.015,0.214,0.022,0.077,13,W,33,S,,,253553,95.87,0
440,1019.399,"Mount",-0.023,-0.021,0.008,0.030,0.018,0.000,10,W,0,,,,249631,98.06,0
441,1021.549,"Mount",-0.098,-0.075,0.022,0.121,0.023,0.044,13,W,19,S,,,241870,91.54,0
442,1023.985,"Mount",-0.015,-0.077,0.061,0.049,0.081,0.000,46,W,0,,,,243773,94.53,0
443,1026.151,"Mount",0.028,-0.127,0.125,0.034,0.117,0.000,67,W,0,,,,245546,92.38,0
444,1028.537,"Mount",-0.033,-0.051,0.030,0.053,0.082,0.000,47,W,0,,,,257722,96.69,0
445,1030.704,"Mount",0.046,-0.170,0.172,0.037,0.160,0.000,91,W,0,,,,248929,96.57,0
446,1033.180,"Mount",-0.037,-0.145,0.112,0.100,0.144,0.036,82,W,15,S,,,241500,100.31,0
447,1035.370,"Mount",0.050,-0.079,0.093,-0.008,0.145,0.000,83,W,0,,,,238761,94.21,0
448,1037.787,"Mount",0.037,-0.097,0.103,0.011,0.164,0.000,94,W,0,,,,226942,88.50,0
449,1040.043,"Mount",0.126,-0.083,0.132,-0.073,0.177,-0.026,101,W,11,N,,,232474,98.16,0
450,1042.454,"Mount",0.047,-0.048,0.064,-0.020,0.149,0.000,85,W,0,,,,243793,93.08,0
451,1044.684,"Mount",-0.157,0.071,-0.135,0.106,0.046,0.038,26,W,16,S,,,234672,91.99,0
452,1047.070,"Mount",-0.043,0.021,-0.039,0.029,0.101,0.000,58,W,0,,,,227752,94.77,0
453,1049.160,"Mount",-0.071,0.053,-0.080,0.039,0.036,0.000,21,W,0,,,,227284,90.54,0
454,1051.512,"Mount",-0.088,0.185,-0.205,-0.007,-0.035,0.000,20,E,0,,,,247695,105.66,0
455,1053.671,"Mount",-0.204,0.034,-0.124,0.165,-0.042,0.059,24,E,25,S,,,245205,105.84,0
456,1056.022,"Mount",-0.068,0.175,-0.187,-0.020,-0.089,0.000,51,E,0,,,,249576,107.58,0
457,1058.140,"Mount",-0.084,0.074,-0.105,0.040,-0.075,0.000,43,E,0,,,,251351,106.15,0
458,1060.586,"Mount",-0.124,-0.055,-0.008,0.136,-0.042,0.049,24,E,21,S,,,260400,103.66,0
459,1062.721,"Mount",-0.122,-0.001,-0.055,0.109,-0.044,0.041,25,E,18,S,,,241742,98.30,0
460,1065.108,"Mount",-0.103,-0.017,-0.032,0.099,-0.049,0.037,28,E,16,S,,,245567,103.61,0
461,1067.367,"Mount",-0.134,0.125,-0.173,0.061,-0.106,0.023,61,E,10,S,,,264704,112.62,0
462,1069.765,"Mount",0.086,-0.062,0.094,-0.048,0.024,0.000,14,W,0,,,,222030,89.16,0
463,1071.945,"Mount",-0.056,-0.034,0.004,0.065,-0.002,0.024,1,E,10,S,,,237086,93.61,0
464,1074.226,"Mount",0.069,-0.051,0.077,-0.037,0.046,0.000,26,W,0,,,,254519,106.19,0
465,1076.576,"Mount",0.135,-0.088,0.140,-0.080,0.089,-0.029,51,W,12,N,,,268292,109.48,0
466,1078.946,"Mount",0.045,-0.136,0.142,0.023,0.113,0.000,65,W,0,,,,223607,93.61,0
467,1081.080,"Mount",-0.014,-0.025,0.016,0.024,0.059,0.000,34,W,0,,,,237598,96.66,0
468,1083.469,"Mount",-0.060,0.035,-0.058,0.037,0.075,0.000,43,W,0,,,,248097,110.15,0
469,1085.697,"Mount",-0.048,-0.105,0.072,0.091,0.118,0.033,68,W,14,S,,,240517,99.16,0
470,1088.150,"Mount",-0.098,-0.060,0.008,0.115,0.090,0.043,51,W,18,S,,,227682,92.49,0
471,1090.489,"Mount",0.189,-0.191,0.257,-0.080,0.218,-0.027,125,W,12,N,,,234428,88.87,0
472,1092.921,"Mount",0.028,-0.064,0.070,0.005,0.160,0.000,92,W,0,,,,217758,90.92,0
473,1095.121,"Mount",0.133,-0.133,0.179,-0.057,0.215,0.000,123,W,0,,,,214449,86.79,0
474,1097.547,"Mount",-0.032,-0.065,0.043,0.059,0.168,0.000,96,W,0,,,,217015,88.93,0
475,1099.946,"Mount",-0.120,-0.114,0.046,0.160,0.171,0.057,98,W,25,S,,,241164,95.23,0
476,1102.458,"Mount",0.150,0.033,0.040,-0.148,0.182,-0.051,104,W,22,N,,,235371,92.83,0
477,1104.623,"Mount",-0.006,0.016,-0.017,-0.003,0.165,0.000,94,W,0,,,,233609,98.96,0
478,1107.092,"Mount",-0.051,-0.033,0.006,0.061,0.160,0.022,92,W,9,S,,,230999,100.78,0
479,1109.230,"Mount",-0.024,-0.014,0.002,0.028,0.117,0.000,67,W,0,,,,226477,88.60,0
480,1111.711,"Mount",0.135,0.048,0.020,-0.141,0.101,-0.051,58,W,22,N,,,237296,101.66,0
481,1113.914,"Mount",-0.094,-0.046,-0.003,0.105,0.069,0.036,40,W,15,S,,,224660,98.08,0
482,1116.347,"Mount",-0.162,0.020,-0.092,0.135,0.011,0.050,6,W,21,S,,,239842,94.93,0
483,1118.573,"Mount",-0.168,-0.003,-0.075,0.150,0.015,0.056,9,W,24,S,,,244730,115.53,0
484,1120.890,"Mount",-0.047,0.040,-0.057,0.023,0.039,0.000,22,W,0,,,,257147,109.65,0
485,1123.012,"Mount",-0.017,0.005,-0.012,0.013,0.049,0.000,28,W,0,,,,243738,99.03,0
486,1125.395,"Mount",0.065,0.010,0.022,-0.063,0.049,-0.023,28,W,10,N,,,226488,95.28,0
487,1127.496,"Mount",-0.116,0.132,-0.170,0.042,-0.015,0.000,8,E,0,,,,216147,92.03,0
488,1129.911,"Mount",0.127,-0.057,0.109,-0.086,0.116,-0.031,66,W,13,N,,,223955,87.18,0
489,1132.016,"Mount",-0.020,-0.060,0.044,0.045,0.067,0.000,38,W,0,,,,225377,87.56,0
490,1134.493,"Mount",-0.132,-0.117,0.044,0.171,0.067,0.062,38,W,26,S,,,227290,89.06,0
491,1136.579,"Mount",-0.012,0.085,-0.081,-0.028,0.025,0.000,14,W,0,,,,216813,86.88,0
492,1139.131,"Mount",-0.096,0.015,-0.058,0.078,0.046,0.028,26,W,12,S,,,220044,97.97,0
493,1141.327,"Mount",-0.062,-0.017,-0.014,0.063,0.042,0.024,24,W,10,S,,,236688,98.91,0
494,1143.714,"Mount",-0.037,0.040,-0.053,0.014,0.023,0.000,13,W,0,,,,229029,86.81,0
495,1145.818,"Mount",0.020,-0.046,0.050,0.003,0.016,0.000,9,W,0,,,,245265,98.57,0
496,1148.157,"Mount",-0.066,0.067,-0.090,0.027,-0.021,0.000,12,E,0,,,,241222,94.88,0
497,1150.291,"Mount",-0.066,-0.049,0.013,0.082,0.014,0.029,8,W,13,S,,,242712,120.37,0
498,1152.600,"Mount",0.029,0.051,-0.031,-0.049,0.017,0.000,10,W,0,,,,242299,108.09,0
499,1154.669,"Mount",0.030,0.027,-0.010,-0.039,0.013,0.000,7,W,0,,,,259379,109.10,0
500,1156.991,"Mount",-0.016,-0.022,0.012,0.024,0.010,0.000,6,W,0,,,,232843,91.94,0
501,1159.109,"Mount",-0.037,0.042,-0.054,0.013,0.010,0.000,6,W,0,,,,238105,87.76,0
502,1161.443,"Mount",-0.005,-0.032,0.026,0.020,0.005,0.000,3,W,0,,,,265618,124.85,0
503,1163.576,"Mount",0.012,0.086,-0.071,-0.050,-0.034,0.000,20,E,0,,,,232710,86.77,0
504,1166.006,"Mount",0.064,-0.198,0.205,0.035,0.089,0.000,51,W,0,,,,244579,108.04,0
505,1168.153,"Mount",0.060,-0.205,0.209,0.042,0.090,0.000,51,W,0,,,,251624,94.16,0
506,1170.614,"Mount",-0.152,-0.029,-0.045,0.149,-0.005,0.053,3,E,23,S,,,249453,98.68,0
507,1172.807,"Mount",-0.207,0.012,-0.106,0.178,-0.036,0.066,21,E,28,S,,,247580,90.11,0
508,1175.221,"Mount",-0.288,0.008,-0.140,0.251,-0.053,0.093,30,E,40,S,,,263339,99.10,0
509,1177.433,"Mount",-0.220,0.131,-0.218,0.134,-0.108,0.052,62,E,22,S,,,258696,98.15,0
510,1179.782,"Mount",-0.017,0.033,-0.037,-0.000,-0.015,0.000,8,E,0,,,,273761,115.55,0
511,1181.915,"Mount",0.031,0.040,-0.021,-0.046,-0.018,0.000,10,E,0,,,,258060,93.59,0
512,1184.271,"Mount",-0.035,-0.017,-0.001,0.039,-0.036,0.000,20,E,0,,,,260200,111.79,0
513,1186.477,"Mount",-0.122,-0.023,-0.035,0.119,-0.034,0.043,19,E,18,S,,,232472,85.92,0
514,1188.923,"Mount",-0.131,0.067,-0.120,0.086,-0.071,0.033,41,E,14,S,,,251495,97.66,0
515,1191.055,"Mount",-0.035,0.066,-0.075,0.001,-0.050,0.000,29,E,0,,,,253937,93.18,0
516,1193.450,"Mount",-0.090,-0.013,-0.030,0.086,-0.010,0.031,6,E,13,S,,,242916,97.77,0
517,1195.599,"Mount",0.015,-0.063,0.062,0.016,0.022,0.000,12,W,0,,,,261102,101.59,0
518,1198.031,"Mount",0.132,-0.172,0.214,-0.037,0.094,0.000,54,W,0,,,,241893,101.79,0
519,1200.120,"Mount",0.010,-0.094,0.088,0.034,0.040,0.000,23,W,0,,,,238394,103.21,0
520,1202.564,"Mount",0.164,-0.098,0.163,-0.100,0.085,-0.036,49,W,15,N,,,236646,91.31,0
521,1204.665,"Mount",0.051,-0.089,0.103,-0.004,0.059,0.000,34,W,0,,,,227169,93.04,0
522,1207.076,"Mount",-0.049,-0.150,0.111,0.113,0.064,0.041,37,W,17,S,,,257495,99.61,0
523,1209.271,"Mount",-0.040,-0.095,0.066,0.079,0.052,0.030,29,W,13,S,,,261576,101.95,0
524,1211.611,"Mount",0.020,-0.030,0.036,-0.004,0.025,0.000,14,W,0,,,,253446,95.90,0
525,1213.791,"Mount",0.011,-0.175,0.160,0.071,0.086,0.025,49,W,11,S,,,264874,98.51,0
526,1216.209,"Mount",0.070,-0.027,0.056,-0.050,0.010,0.000,6,W,0,,,,245480,114.49,0
527,1218.486,"Mount",-0.095,0.003,-0.046,0.082,-0.003,0.030,2,E,13,S,,,249396,94.07,0
528,1220.826,"Mount",0.007,0.059,-0.049,-0.034,-0.019,0.000,11,E,0,,,,235411,94.32,0
529,1223.036,"Mount",0.140,0.113,-0.036,-0.176,-0.042,-0.063,24,E,27,N,,,269562,114.89,0
530,1225.431,"Mount",0.015,-0.050,0.051,0.010,-0.067,0.000,38,E,0,,,,256260,106.36,0
531,1227.656,"Mount",-0.142,0.177,-0.222,0.044,-0.180,0.000,103,E,0,,,,247230,92.54,0
532,1230.180,"Mount",-0.123,0.008,-0.064,0.105,-0.131,0.038,75,E,16,S,,,264480,107.84,0
533,1232.452,"Mount",-0.102,0.142,-0.173,0.025,-0.193,0.000,110,E,0,,,,260461,104.00,0
534,1234.858,"Mount",-0.067,0.140,-0.155,-0.005,-0.195,0.000,112,E,0,,,,278670,117.92,0
535,1237.119,"Mount",-0.213,0.080,-0.169,0.152,-0.195,0.055,111,E,23,S,,,259479,103.08,0
536,1239.601,"Mount",0.111,0.088,-0.027,-0.140,-0.130,-0.048,75,E,21,N,,,247263,102.54,0
537,1241.784,"Mount",0.026,-0.045,0.052,-0.002,-0.118,0.000,67,E,0,,,,257690,99.45,0
538,1244.170,"Mount",-0.007,-0.063,0.053,0.035,-0.095,0.000,54,E,0,,,,240121,94.44,0
539,1246.366,"Mount",0.048,0.013,0.011,-0.049,-0.084,0.000,48,E,0,,,,260459,107.62,0
540,1248.689,"Mount",0.009,-0.045,0.044,0.012,-0.067,0.000,38,E,0,,,,248456,116.48,0
541,1250.872,"Mount",-0.007,-0.061,0.051,0.035,-0.061,0.000,35,E,0,,,,243032,89.48,0
542,1253.225,"Mount",-0.025,0.031,-0.040,0.008,-0.071,0.000,41,E,0,,,,252889,105.38,0
543,1255.378,"Mount",-0.019,-0.033,0.020,0.032,-0.065,0.000,37,E,0,,,,257568,109.24,0
544,1257.871,"Mount",-0.102,-0.117,0.057,0.144,-0.077,0.052,44,E,22,S,,,259822,103.81,0
545,1260.082,"Mount",0.004,-0.239,0.214,0.107,0.027,0.041,16,W,17,S,,,261017,93.19,0
546,1262.369,"Mount",0.080,-0.118,0.142,-0.016,0.003,0.000,2,W,0,,,,265260,99.83,0
547,1264.549,"Mount",-0.009,-0.206,0.179,0.103,0.027,0.037,15,W,16,S,,,278546,105.92,0
548,1266.904,"Mount",-0.034,-0.178,0.142,0.112,0.004,0.042,3,W,18,S,,,252589,114.82,0
549,1269.006,"Mount",0.006,-0.050,0.048,0.018,-0.039,0.000,22,E,0,,,,238911,96.18,0
550,1271.423,"Mount",-0.105,-0.235,0.160,0.202,0.025,0.073,14,W,31,S,,,271892,102.05,0
551,1273.608,"Mount",-0.159,0.022,-0.093,0.131,-0.092,0.050,53,E,21,S,,,254451,100.65,0
552,1275.981,"Mount",0.023,0.017,-0.004,-0.028,-0.067,0.000,38,E,0,,,,270187,108.56,0
553,1278.136,"Mount",-0.044,-0.010,-0.011,0.044,-0.093,0.000,53,E,0,,,,286227,122.77,0
554,1280.515,"Mount",-0.089,0.042,-0.078,0.059,-0.155,0.000,89,E,0,,,,273390,111.98,0
555,1282.727,"Mount",-0.133,-0.053,-0.015,0.143,-0.152,0.051,87,E,22,S,,,258006,91.60,0
INFO: SET LOCK POSITION, new lock pos = 575.693, 556.613
INFO: DITHER by 10.977, 8.385, new lock pos = 573.304, 543.009
INFO: SETTLING STATE CHANGE, Settling started
556,1294.917,"Mount",2.388,13.604,-10.977,-8.385,-10.977,-8.385,6276,E,3586,N,,,282037,101.48,0
557,1298.227,"Mount",-3.529,0.099,-1.713,3.085,-0.771,1.111,441,E,475,S,,,259377,94.04,0
558,1301.099,"Mount",-2.493,0.448,-1.546,2.005,-0.696,0.766,398,E,328,S,,,266350,104.39,0
559,1303.816,"Mount",0.089,1.295,-1.109,-0.677,-0.499,-0.213,285,E,91,N,,,269087,100.63,0
560,1306.222,"Mount",-0.486,0.960,-1.076,-0.013,-0.484,0.000,277,E,0,,,,275725,113.67,0
561,1308.857,"Mount",-0.785,0.500,-0.806,0.466,-0.363,0.168,207,E,72,S,,,281429,113.11,0
562,1311.273,"Mount",-0.503,0.534,-0.706,0.199,-0.318,0.078,182,E,34,S,,,266425,97.75,0
563,1313.796,"Mount",0.058,0.559,-0.469,-0.309,-0.211,-0.108,121,E,46,N,,,258736,102.62,0
564,1316.146,"Mount",-0.020,0.601,-0.543,-0.259,-0.244,-0.098,140,E,42,N,,,288008,116.13,0
565,1318.608,"Mount",-0.358,0.016,-0.179,0.310,-0.081,0.108,46,E,46,S,,,271567,99.51,0
566,1320.773,"Mount",-0.206,0.299,-0.360,0.044,-0.162,0.000,93,E,0,,,,265933,100.76,0
567,1323.466,"Mount",-0.031,0.436,-0.401,-0.174,-0.349,-0.062,200,E,27,N,,,266595,106.08,0
568,1325.784,"Mount",0.080,0.318,-0.245,-0.217,-0.273,-0.081,156,E,35,N,,,256518,97.05,0
569,1328.268,"Mount",-0.199,-0.224,0.107,0.280,-0.108,0.097,62,E,42,S,,,277134,97.85,0
570,1330.466,"Mount",0.020,-0.176,0.165,0.063,-0.056,0.027,32,E,11,S,,,304250,105.73,0
571,1332.950,"Mount",-0.089,-0.030,-0.015,0.093,-0.109,0.035,62,E,15,S,,,300932,108.81,0
572,1335.102,"Mount",0.001,-0.040,0.036,0.017,-0.084,0.000,48,E,0,,,,293308,120.95,0
573,1337.534,"Mount",0.108,-0.017,0.065,-0.088,-0.019,-0.032,11,E,14,N,,,294507,105.97,0
574,1339.657,"Mount",-0.014,-0.007,-0.000,0.015,-0.030,0.000,17,E,0,,,,287101,97.04,0
575,1342.103,"Mount",-0.112,0.044,-0.091,0.079,-0.060,0.029,34,E,12,S,,,269351,98.05,0
576,1344.221,"Mount",-0.020,0.154,-0.145,-0.054,-0.073,0.000,42,E,0,,,,283751,103.53,0
INFO: SETTLING STATE CHANGE, Settling complete
577,1346.639,"Mount",-0.047,0.244,-0.238,-0.071,-0.113,-0.026,65,E,11,N,,,300048,115.79,0
578,1348.725,"Mount",-0.099,-0.039,-0.011,0.106,0.000,0.037,0,,16,S,,,291774,110.81,0
579,1351.066,"Mount",-0.003,0.108,-0.097,-0.047,-0.029,0.000,17,E,0,,,,271408,104.32,0
580,1353.183,"Mount",0.091,0.087,-0.036,-0.121,0.018,-0.044,10,W,19,N,,,284687,103.08,0
581,1355.572,"Mount",-0.108,0.031,-0.077,0.081,-0.014,0.027,8,E,12,S,,,280976,110.09,0
582,1357.672,"Mount",-0.024,0.076,-0.078,-0.014,-0.012,0.000,7,E,0,,,,269483,88.53,0
583,1360.038,"Mount",-0.166,0.014,-0.089,0.141,-0.012,0.051,7,E,22,S,,,304223,102.76,0
584,1362.249,"Mount",0.147,0.080,-0.004,-0.167,0.021,-0.058,12,W,25,N,,,277183,101.59,0
585,1364.528,"Mount",-0.083,0.057,-0.089,0.047,-0.011,0.000,6,E,0,,,,272947,101.82,0
586,1366.615,"Mount",0.031,0.028,-0.011,-0.040,0.041,0.000,24,W,0,,,,268419,96.73,0
587,1369.094,"Mount",0.040,0.070,-0.044,-0.067,0.060,-0.024,34,W,10,N,,,272991,103.92,0
588,1371.261,"Mount",-0.043,0.006,-0.025,0.036,0.075,0.000,43,W,0,,,,283300,107.92,0
589,1373.721,"Mount",-0.163,0.011,-0.085,0.139,0.059,0.050,34,W,21,S,,,276665,108.57,0
590,1375.913,"Mount",-0.162,0.093,-0.157,0.101,0.038,0.038,22,W,16,S,,,265883,108.67,0
591,1378.334,"Mount",-0.029,-0.026,0.010,0.038,0.122,0.000,70,W,0,,,,296152,103.63,0
592,1380.528,"Mount",-0.053,0.028,-0.049,0.034,0.108,0.000,62,W,0,,,,294543,131.08,0
593,1382.925,"Mount",0.029,0.069,-0.047,-0.057,0.110,0.000,63,W,0,,,,252184,95.20,0
594,1385.138,"Mount",0.024,0.156,-0.128,-0.094,0.036,-0.034,21,W,14,N,,,267944,106.39,0
595,1387.554,"Mount",-0.097,-0.134,0.074,0.148,0.119,0.052,68,W,22,S,,,256157,96.29,0
596,1389.668,"Mount",0.006,-0.073,0.068,0.028,0.097,0.000,56,W,0,,,,257845,99.48,0
597,1392.112,"Mount",0.030,-0.082,0.086,0.011,0.093,0.000,53,W,0,,,,272046,105.29,0
598,1394.214,"Mount",-0.085,0.050,-0.083,0.053,0.010,0.000,6,W,0,,,,275089,115.58,0
599,1396.647,"Mount",-0.020,-0.165,0.137,0.094,0.098,0.034,56,W,14,S,,,272857,105.79,0
600,1398.758,"Mount",0.004,-0.003,0.005,-0.002,0.022,0.000,13,W,0,,,,278581,108.84,0
601,1401.202,"Mount",0.120,0.166,-0.092,-0.183,-0.031,-0.066,17,E,28,N,,,276082,101.45,0
602,1403.300,"Mount",-0.043,-0.050,0.025,0.061,-0.001,0.019,0,,8,S,,,271929,101.05,0
603,1405.730,"Mount",-0.167,-0.075,-0.010,0.182,-0.025,0.066,14,E,28,S,,,284426,112.93,0
604,1407.939,"Mount",-0.087,0.019,-0.057,0.068,-0.030,0.027,17,E,12,S,,,249007,95.80,0
605,1410.354,"Mount",0.006,0.068,-0.058,-0.037,-0.032,0.000,18,E,0,,,,272847,116.05,0
606,1412.670,"Mount",0.043,0.092,-0.062,-0.081,-0.055,-0.029,32,E,12,N,,,252279,99.79,0
607,1415.053,"Mount",0.095,0.092,-0.038,-0.127,-0.024,-0.047,14,E,20,N,,,251429,102.38,0
608,1417.199,"Mount",-0.120,-0.025,-0.033,0.118,-0.013,0.040,7,E,17,S,,,255603,114.48,0
609,1419.647,"Mount",-0.123,0.086,-0.133,0.069,-0.058,0.027,33,E,11,S,,,267154,108.06,0
610,1421.692,"Mount",0.008,-0.018,0.020,0.001,0.017,0.000,10,W,0,,,,251639,101.06,0
611,1423.993,"Mount",-0.045,0.102,-0.111,-0.007,-0.016,0.000,9,E,0,,,,255742,103.79,0
612,1426.100,"Mount",-0.040,-0.045,0.022,0.056,0.050,0.000,29,W,0,,,,234656,86.05,0
613,1428.445,"Mount",-0.021,0.062,-0.065,-0.010,0.043,0.000,24,W,0,,,,257332,103.21,0
614,1430.547,"Mount",0.001,0.115,-0.102,-0.054,0.038,0.000,22,W,0,,,,261845,109.92,0
615,1432.902,"Mount",-0.031,-0.006,-0.009,0.031,0.102,0.000,58,W,0,,,,225228,95.14,0
616,1435.037,"Mount",-0.039,0.003,-0.021,0.033,0.102,0.000,58,W,0,,,,263298,107.95,0
617,1437.420,"Mount",-0.023,0.065,-0.069,-0.010,0.085,0.000,49,W,0,,,,247048,98.50,0
618,1439.679,"Mount",-0.108,0.066,-0.108,0.065,0.073,0.023,42,W,10,S,,,235733,90.40,0
619,1442.059,"Mount",0.052,-0.017,0.039,-0.038,0.130,0.000,74,W,0,,,,257392,106.16,0
620,1444.299,"Mount",0.019,0.007,0.002,-0.020,0.132,0.000,75,W,0,,,,245128,95.39,0
621,1446.664,"Mount",0.051,-0.036,0.055,-0.029,0.133,0.000,76,W,0,,,,244630,98.39,0
622,1448.887,"Mount",0.017,-0.104,0.100,0.033,0.175,0.000,100,W,0,,,,242204,114.31,0
623,1451.378,"Mount",0.137,-0.043,0.101,-0.102,0.181,-0.037,103,W,16,N,,,230699,92.44,0
624,1453.635,"Mount",0.070,-0.033,0.062,-0.047,0.151,0.000,86,W,0,,,,248772,100.22,0
625,1456.081,"Mount",-0.000,-0.135,0.120,0.062,0.162,0.022,93,W,10,S,,,234419,98.85,0
626,1458.260,"Mount",-0.073,-0.096,0.052,0.109,0.095,0.040,54,W,17,S,,,218763,99.48,0
627,1460.676,"Mount",0.107,-0.284,0.301,0.037,0.220,0.000,126,W,0,,,,233503,93.30,0
628,1462.954,"Mount",0.032,-0.235,0.223,0.080,0.172,0.029,98,W,12,S,,,224666,94.47,0
629,1465.353,"Mount",0.085,-0.075,0.106,-0.040,0.127,0.000,73,W,0,,,,233698,105.98,0
630,1467.584,"Mount",0.137,0.047,0.022,-0.143,0.068,-0.051,39,W,22,N,,,212818,94.80,0
631,1469.981,"Mount",-0.163,0.028,-0.100,0.132,0.029,0.045,16,W,19,S,,,230237,94.40,0
632,1472.069,"Mount",-0.103,0.142,-0.173,0.026,-0.013,0.000,7,E,0,,,,219502,89.90,0
633,1474.457,"Mount",-0.022,0.145,-0.139,-0.048,-0.013,0.000,8,E,0,,,,207944,87.17,0
634,1476.602,"Mount",0.052,0.152,-0.111,-0.117,-0.006,-0.042,4,E,18,N,,,210333,99.55,0
635,1479.051,"Mount",-0.080,-0.000,-0.037,0.071,0.045,0.024,26,W,10,S,,,207677,89.56,0
636,1481.264,"Mount",-0.126,0.273,-0.300,-0.015,-0.113,0.000,64,E,0,,,,205840,82.50,0
637,1483.585,"Mount",-0.040,0.013,-0.030,0.029,0.022,0.000,13,W,0,,,,201703,84.31,0
638,1485.719,"Mount",-0.048,0.148,-0.153,-0.025,-0.061,0.000,35,E,0,,,,204383,96.81,0
639,1488.104,"Mount",0.016,0.139,-0.116,-0.078,-0.047,-0.028,27,E,12,N,,,202336,83.36,0
640,1490.289,"Mount",0.089,0.199,-0.136,-0.171,-0.049,-0.063,28,E,27,N,,,194034,87.88,0
641,1492.643,"Mount",-0.087,0.012,-0.050,0.071,0.008,0.023,5,W,10,S,,,196420,95.98,0
642,1494.776,"Mount",-0.107,-0.057,0.001,0.121,0.012,0.045,7,W,19,S,,,213428,91.67,0
643,1497.156,"Mount",0.010,0.046,-0.037,-0.030,0.010,0.000,6,W,0,,,,202527,98.68,0
644,1499.369,"Mount",-0.136,0.129,-0.177,0.061,-0.065,0.022,37,E,9,S,,,215709,90.21,0
645,1501.797,"Mount",0.018,0.111,-0.090,-0.067,-0.027,-0.023,16,E,10,N,,,230660,102.47,0
646,1503.962,"Mount",0.020,-0.025,0.031,-0.006,0.010,0.000,6,W,0,,,,223024,90.74,0
647,1506.349,"Mount",0.075,-0.180,0.194,0.017,0.089,0.000,51,W,0,,,,210349,86.36,0
648,1508.547,"Mount",0.088,-0.156,0.179,-0.006,0.080,0.000,46,W,0,,,,210955,87.88,0
649,1511.094,"Mount",-0.085,-0.079,0.031,0.112,0.008,0.040,5,W,17,S,,,217674,91.15,0
650,1513.291,"Mount",-0.064,0.030,-0.056,0.043,0.004,0.000,2,W,0,,,,207959,85.84,0
651,1515.607,"Mount",-0.061,0.110,-0.126,0.004,-0.060,0.000,34,E,0,,,,208136,95.97,0
652,1517.742,"Mount",0.002,0.070,-0.061,-0.035,-0.035,0.000,20,E,0,,,,202741,85.00,0
653,1520.159,"Mount",-0.186,0.046,-0.126,0.144,-0.081,0.052,46,E,22,S,,,196529,86.92,0
654,1522.267,"Mount",-0.013,0.112,-0.106,-0.040,-0.076,0.000,43,E,0,,,,207371,111.43,0
655,1524.589,"Mount",-0.015,0.064,-0.064,-0.016,-0.065,0.000,37,E,0,,,,199493,93.29,0
656,1526.671,"Mount",0.006,-0.011,0.013,-0.001,-0.036,0.000,20,E,0,,,,205446,89.18,0
657,1528.974,"Mount",0.000,0.066,-0.059,-0.031,-0.033,0.000,19,E,0,,,,208773,83.50,0
658,1531.077,"Mount",0.022,0.041,-0.027,-0.038,-0.028,0.000,16,E,0,,,,192883,82.04,0
659,1533.465,"Mount",0.078,0.068,-0.024,-0.100,-0.022,-0.036,13,E,15,N,,,208139,91.36,0
660,1535.567,"Mount",0.017,-0.070,0.070,0.018,0.021,0.000,12,W,0,,,,196498,101.05,0
661,1537.950,"Mount",0.072,-0.167,0.182,0.013,0.077,0.000,44,W,0,,,,201197,84.67,0
662,1540.023,"Mount",-0.037,0.021,-0.036,0.023,0.009,0.000,5,W,0,,,,193719,82.86,0
663,1542.454,"Mount",-0.104,-0.099,0.040,0.138,0.013,0.050,7,W,21,S,,,215012,89.19,0
664,1544.602,"Mount",0.090,0.045,0.002,-0.101,0.014,-0.034,8,W,15,N,,,207709,88.76,0
665,1546.966,"Mount",-0.083,-0.108,0.058,0.123,0.017,0.043,10,W,18,S,,,212634,105.67,0
666,1549.177,"Mount",0.159,-0.009,0.082,-0.136,0.052,-0.047,30,W,20,N,,,214542,88.32,0
667,1551.642,"Mount",-0.126,0.086,-0.134,0.072,-0.042,0.024,24,E,10,S,,,209515,90.02,0
668,1553.754,"Mount",-0.059,-0.015,-0.014,0.060,0.018,0.000,10,W,0,,,,201257,91.86,0
669,1556.172,"Mount",-0.025,-0.093,0.071,0.065,0.041,0.023,23,W,10,S,,,201890,96.30,0
670,1558.290,"Mount",0.030,0.029,-0.012,-0.040,0.002,0.000,1,W,0,,,,197160,89.05,0
671,1560.705,"Mount",-0.195,0.148,-0.221,0.104,-0.107,0.038,61,E,16,S,,,210120,93.37,0
672,1562.840,"Mount",-0.007,0.035,-0.034,-0.010,-0.018,0.000,10,E,0,,,,215834,101.22,0
673,1565.239,"Mount",-0.115,-0.053,-0.006,0.127,-0.043,0.046,25,E,20,S,,,219919,99.94,0
674,1567.420,"Mount",-0.057,-0.116,0.077,0.104,-0.026,0.039,15,E,17,S,,,203884,84.61,0
675,1569.738,"Mount",0.029,0.051,-0.032,-0.049,-0.070,0.000,40,E,0,,,,211102,86.28,0
676,1571.909,"Mount",0.028,-0.064,0.070,0.005,-0.051,0.000,29,E,0,,,,188333,76.79,0
677,1574.234,"Mount",0.093,-0.062,0.098,-0.054,-0.050,0.000,29,E,0,,,,199406,87.98,0
678,1576.459,"Mount",-0.102,-0.024,-0.026,0.102,-0.103,0.037,59,E,16,S,,,198736,86.33,0
679,1578.844,"Mount",0.099,-0.052,0.091,-0.063,-0.072,-0.021,41,E,9,N,,,194923,88.28,0
680,1581.073,"Mount",0.029,0.176,-0.143,-0.107,-0.167,-0.039,96,E,17,N,,,184027,86.90,0
681,1583.491,"Mount",0.121,-0.074,0.121,-0.073,-0.050,-0.028,28,E,12,N,,,180024,79.73,0
682,1585.736,"Mount",-0.074,0.084,-0.109,0.027,-0.147,0.000,84,E,0,,,,176270,87.62,0
683,1588.214,"Mount",0.124,0.142,-0.069,-0.176,-0.126,-0.063,72,E,27,N,,,183639,82.18,0
684,1590.397,"Mount",0.021,0.020,-0.008,-0.028,-0.091,0.000,52,E,0,,,,184389,103.46,0
685,1592.798,"Mount",-0.066,0.097,-0.117,0.014,-0.143,0.000,82,E,0,,,,167327,73.63,0
686,1594.979,"Mount",0.050,0.057,-0.027,-0.071,-0.094,-0.026,54,E,11,N,,,197188,85.06,0
687,1597.475,"Mount",-0.208,0.153,-0.231,0.114,-0.197,0.040,113,E,17,S,,,200214,92.33,0
688,1599.735,"Mount",-0.193,0.012,-0.100,0.166,-0.137,0.061,79,E,26,S,,,194266,80.10,0
689,1602.126,"Mount",-0.093,0.065,-0.100,0.053,-0.127,0.000,73,E,0,,,,189559,85.82,0
690,1604.255,"Mount",0.037,-0.030,0.044,-0.019,-0.074,0.000,42,E,0,,,,197064,86.54,0
691,1606.560,"Mount",0.056,-0.064,0.083,-0.021,-0.027,0.000,15,E,0,,,,191049,83.26,0
692,1608.630,"Mount",0.064,-0.075,0.096,-0.022,-0.012,0.000,7,E,0,,,,168063,83.08,0
693,1610.985,"Mount",0.020,-0.072,0.073,0.016,-0.009,0.000,5,E,0,,,,193782,83.30,0
694,1613.151,"Mount",0.037,0.018,0.001,-0.041,-0.043,0.000,25,E,0,,,,198612,86.42,0
695,1615.506,"Mount",0.009,0.007,-0.003,-0.011,-0.034,0.000,20,E,0,,,,182070,89.45,0
696,1617.682,"Mount",-0.023,-0.109,0.086,0.071,-0.009,0.026,5,E,11,S,,,203985,101.51,0
697,1620.013,"Mount",0.029,-0.021,0.032,-0.016,-0.077,0.000,44,E,0,,,,191483,100.27,0
698,1622.149,"Mount",-0.016,-0.060,0.046,0.042,-0.096,0.000,55,E,0,,,,207335,99.75,0
699,1624.559,"Mount",0.060,-0.051,0.072,-0.029,-0.100,0.000,57,E,0,,,,194966,88.49,0
700,1626.755,"Mount",-0.042,-0.115,0.083,0.090,-0.111,0.032,64,E,14,S,,,214979,98.94,0
701,1629.235,"Mount",-0.030,-0.064,0.043,0.057,-0.188,0.000,108,E,0,,,,190399,88.52,0
702,1631.434,"Mount",0.042,-0.071,0.082,-0.004,-0.170,0.000,97,E,0,,,,199267,91.16,0
703,1633.867,"Mount",0.037,-0.114,0.118,0.020,-0.176,0.000,101,E,0,,,,183092,79.86,0
704,1636.045,"Mount",0.046,-0.075,0.088,-0.007,-0.185,0.000,106,E,0,,,,205808,88.53,0
705,1638.494,"Mount",0.048,-0.003,0.025,-0.041,-0.232,0.000,133,E,0,,,,188016,91.07,0
706,1640.674,"Mount",-0.038,0.004,-0.021,0.032,-0.200,0.000,115,E,0,,,,207839,91.80,0
707,1643.264,"Mount",-0.096,0.042,-0.081,0.066,-0.227,0.024,130,E,10,S,,,215440,89.45,0
708,1645.546,"Mount",-0.179,-0.048,-0.039,0.181,-0.171,0.066,98,E,28,S,,,225738,94.28,0
709,1648.098,"Mount",-0.144,-0.104,0.026,0.176,-0.162,0.066,92,E,28,S,,,231926,96.04,0
710,1650.469,"Mount",-0.165,-0.111,0.023,0.198,-0.160,0.074,91,E,32,S,,,221836,91.18,0
711,1652.943,"Mount",-0.176,0.102,-0.172,0.109,-0.225,0.042,129,E,18,S,,,214042,93.57,0
712,1655.140,"Mount",-0.054,0.170,-0.176,-0.031,-0.218,0.000,125,E,0,,,,215388,97.11,0
713,1657.593,"Mount",-0.115,0.112,-0.152,0.050,-0.209,0.000,119,E,0,,,,231744,99.36,0
714,1659.772,"Mount",0.038,0.039,-0.017,-0.052,-0.159,0.000,91,E,0,,,,257558,94.02,0
715,1662.347,"Mount",0.008,0.265,-0.232,-0.129,-0.275,-0.047,157,E,20,N,,,249572,111.70,0
716,1664.574,"Mount",-0.021,0.022,-0.030,0.009,-0.182,0.000,104,E,0,,,,240142,96.16,0
717,1667.065,"Mount",-0.076,-0.045,0.005,0.088,-0.194,0.032,111,E,14,S,,,247796,90.56,0
718,1669.249,"Mount",-0.011,0.010,-0.014,0.005,-0.186,0.000,106,E,0,,,,283246,114.99,0
719,1671.670,"Mount",-0.024,-0.020,0.007,0.031,-0.191,0.000,109,E,0,,,,280856,112.47,0
720,1673.904,"Mount",0.016,-0.139,0.130,0.050,-0.107,0.000,61,E,0,,,,264806,102.27,0
721,1676.304,"Mount",-0.067,0.021,-0.049,0.050,-0.127,0.000,73,E,0,,,,285428,117.83,0
722,1678.562,"Mount",-0.095,-0.051,0.002,0.108,-0.105,0.039,60,E,17,S,,,262458,110.51,0
723,1680.994,"Mount",-0.078,-0.032,-0.008,0.084,-0.075,0.032,43,E,14,S,,,309413,114.17,0
724,1683.114,"Mount",0.022,-0.063,0.066,0.009,-0.022,0.000,12,E,0,,,,288885,110.41,0
725,1685.564,"Mount",0.122,-0.095,0.141,-0.064,0.016,-0.023,9,W,10,N,,,286877,114.79,0
726,1687.744,"Mount",-0.094,0.109,-0.140,0.033,-0.088,0.000,50,E,0,,,,291612,107.40,0
727,1690.086,"Mount",-0.026,0.048,-0.054,0.001,-0.039,0.000,23,E,0,,,,289012,107.82,0
728,1692.347,"Mount",-0.078,0.144,-0.164,0.003,-0.103,0.000,59,E,0,,,,286177,110.95,0
729,1694.730,"Mount",-0.045,-0.049,0.022,0.063,-0.058,0.023,33,E,10,S,,,309712,113.54,0
730,1696.878,"Mount",-0.109,0.158,-0.190,0.023,-0.136,0.000,78,E,0,,,,311005,116.53,0
731,1699.249,"Mount",-0.058,0.112,-0.126,-0.000,-0.095,0.000,54,E,0,,,,299697,128.40,0
732,1701.448,"Mount",-0.139,-0.038,-0.030,0.141,-0.032,0.051,19,E,22,S,,,320009,113.31,0
733,1703.877,"Mount",-0.118,-0.062,0.001,0.134,-0.025,0.050,14,E,21,S,,,315541,109.40,0
734,1706.001,"Mount",-0.043,-0.006,-0.015,0.041,-0.012,0.000,7,E,0,,,,281618,98.55,0
735,1708.497,"Mount",-0.148,0.032,-0.096,0.117,-0.047,0.042,27,E,18,S,,,305599,134.00,0
736,1710.578,"Mount",0.064,-0.017,0.045,-0.049,0.033,0.000,19,W,0,,,,272815,102.90,0
737,1712.943,"Mount",0.014,-0.064,0.063,0.017,0.075,0.000,43,W,0,,,,276793,103.71,0
738,1715.110,"Mount",-0.061,-0.033,0.001,0.069,0.050,0.025,29,W,11,S,,,257388,106.68,0
739,1717.539,"Mount",0.154,0.013,0.059,-0.142,0.067,-0.050,38,W,21,N,,,257600,98.68,0
740,1719.716,"Mount",0.009,-0.097,0.090,0.037,0.115,0.000,66,W,0,,,,274015,109.60,0
741,1722.134,"Mount",-0.007,-0.066,0.055,0.036,0.095,0.000,54,W,0,,,,288865,105.40,0
742,1724.332,"Mount",-0.024,-0.009,-0.003,0.026,0.104,0.000,59,W,0,,,,272288,92.01,0
743,1726.682,"Mount",-0.005,-0.009,0.006,0.009,0.121,0.000,69,W,0,,,,261351,110.39,0
744,1728.874,"Mount",-0.076,-0.057,0.016,0.094,0.120,0.034,69,W,15,S,,,274430,101.96,0
745,1731.290,"Mount",-0.036,0.012,-0.028,0.027,0.115,0.000,66,W,0,,,,271537,97.73,0
746,1733.512,"Mount",0.053,-0.187,0.190,0.039,0.187,0.000,107,W,0,,,,244931,93.30,0
747,1735.852,"Mount",0.012,-0.026,0.029,0.002,0.080,0.000,46,W,0,,,,276389,108.56,0
748,1738.046,"Mount",-0.094,-0.093,0.040,0.126,0.060,0.045,34,W,19,S,,,258891,93.83,0
749,1740.480,"Mount",0.113,-0.003,0.054,-0.099,0.055,-0.034,31,W,15,N,,,274865,117.52,0
750,1742.601,"Mount",0.062,-0.085,0.104,-0.015,0.085,0.000,48,W,0,,,,259081,110.95,0
751,1744.906,"Mount",0.038,-0.043,0.056,-0.014,0.029,0.000,16,W,0,,,,258787,94.52,0
752,1747.054,"Mount",0.017,-0.139,0.131,0.049,0.075,0.000,43,W,0,,,,299783,117.16,0
753,1749.439,"Mount",0.142,-0.156,0.204,-0.053,0.099,0.000,57,W,0,,,,268683,95.51,0
754,1751.573,"Mount",-0.001,-0.098,0.087,0.046,0.035,0.000,20,W,0,,,,295489,104.60,0
755,1754.130,"Mount",0.086,-0.029,0.065,-0.063,0.013,-0.023,7,W,10,N,,,306493,111.72,0
756,1756.347,"Mount",-0.011,-0.124,0.105,0.067,0.034,0.023,19,W,10,S,,,306009,119.53,0
757,1758.638,"Mount",0.027,0.043,-0.026,-0.044,-0.016,0.000,9,E,0,,,,298957,104.83,0
758,1760.771,"Mount",-0.037,0.036,-0.049,0.016,-0.024,0.000,14,E,0,,,,299752,117.48,0
759,1763.078,"Mount",-0.030,0.125,-0.125,-0.031,-0.076,0.000,43,E,0,,,,287143,113.72,0
760,1765.169,"Mount",-0.005,-0.047,0.039,0.027,-0.023,0.000,13,E,0,,,,294233,112.05,0
761,1767.509,"Mount",-0.059,-0.107,0.068,0.102,0.019,0.037,11,W,16,S,,,292645,105.92,0
762,1769.657,"Mount",-0.122,-0.024,-0.035,0.119,0.011,0.044,6,W,19,S,,,297000,109.37,0
763,1772.105,"Mount",0.109,-0.077,0.118,-0.061,0.085,-0.020,48,W,9,N,,,283506,103.84,0
764,1774.238,"Mount",-0.026,0.064,-0.069,-0.006,0.025,0.000,14,W,0,,,,290496,115.87,0
765,1776.605,"Mount",0.050,-0.085,0.098,-0.005,0.120,0.000,68,W,0,,,,290693,113.10,0
766,1778.832,"Mount",-0.136,-0.102,0.028,0.168,0.088,0.060,50,W,26,S,,,303687,123.20,0
767,1781.370,"Mount",-0.215,-0.141,0.026,0.256,0.109,0.095,62,W,40,S,,,295553,107.81,0
768,1783.549,"Mount",-0.267,-0.033,-0.094,0.252,0.072,0.095,41,W,40,S,,,309465,137.17,0
769,1785.993,"Mount",-0.172,0.005,-0.084,0.151,0.083,0.058,48,W,25,S,,,316611,112.58,0
770,1788.235,"Mount",0.077,-0.110,0.133,-0.017,0.183,0.000,105,W,0,,,,298925,106.83,0
771,1790.639,"Mount",-0.061,0.025,-0.050,0.043,0.114,0.000,65,W,0,,,,306945,110.20,0
772,1792.833,"Mount",-0.042,-0.002,-0.017,0.038,0.114,0.000,65,W,0,,,,297085,112.18,0
773,1795.236,"Mount",-0.061,-0.097,0.058,0.099,0.127,0.036,72,W,15,S,,,296459,112.27,0
774,1797.403,"Mount",0.013,-0.102,0.096,0.036,0.167,0.000,95,W,0,,,,294775,112.27,0
775,1799.853,"Mount",-0.002,-0.038,0.033,0.019,0.143,0.000,82,W,0,,,,315587,120.90,0
776,1802.053,"Mount",0.131,-0.175,0.216,-0.035,0.232,0.000,133,W,0,,,,307417,118.99,0
777,1804.561,"Mount",0.049,-0.058,0.074,-0.017,0.177,0.000,101,W,0,,,,295569,108.05,0
778,1806.718,"Mount",-0.004,-0.042,0.036,0.023,0.128,0.000,73,W,0,,,,312637,111.30,0
779,1809.149,"Mount",0.101,-0.072,0.111,-0.056,0.165,0.000,94,W,0,,,,304514,119.56,0
780,1811.347,"Mount",-0.009,-0.078,0.065,0.044,0.129,0.000,74,W,0,,,,285871,111.27,0
781,1813.781,"Mount",-0.077,0.045,-0.075,0.047,0.052,0.000,30,W,0,,,,303038,103.17,0
782,1816.104,"Mount",-0.211,-0.174,0.057,0.268,0.048,0.096,27,W,41,S,,,287903,106.34,0
783,1818.547,"Mount",-0.088,-0.047,0.001,0.099,0.036,0.040,21,W,17,S,,,313820,117.77,0
784,1820.620,"Mount",0.001,0.046,-0.040,-0.022,0.016,0.000,9,W,0,,,,288406,108.44,0
785,1823.039,"Mount",0.090,-0.187,0.207,0.007,0.104,0.000,59,W,0,,,,301922,99.62,0
786,1825.126,"Mount",0.040,0.010,0.009,-0.040,0.017,0.000,10,W,0,,,,316920,113.00,0
787,1827.494,"Mount",0.027,-0.170,0.163,0.054,0.089,0.000,51,W,0,,,,303221,116.96,0
788,1829.708,"Mount",-0.081,-0.094,0.046,0.115,0.039,0.042,22,W,18,S,,,323851,125.61,0
789,1832.093,"Mount",-0.073,-0.017,-0.018,0.073,0.040,0.028,23,W,12,S,,,284507,114.20,0
790,1834.227,"Mount",-0.040,0.145,-0.147,-0.032,-0.021,0.000,12,E,0,,,,292785,108.44,0
791,1836.535,"Mount",-0.102,0.075,-0.113,0.056,-0.007,0.000,4,E,0,,,,286946,109.48,0
792,1838.622,"Mount",-0.046,0.002,-0.023,0.040,0.039,0.000,22,W,0,,,,285342,108.70,0
793,1841.007,"Mount",-0.149,-0.066,-0.010,0.162,0.019,0.058,11,W,25,S,,,309159,105.16,0
794,1843.087,"Mount",0.040,0.036,-0.014,-0.052,0.015,0.000,8,W,0,,,,313245,120.98,0
795,1845.502,"Mount",0.081,0.057,-0.013,-0.098,0.010,-0.035,6,W,15,N,,,301428,117.90,0
796,1847.606,"Mount",-0.016,0.058,-0.059,-0.013,0.007,0.000,4,W,0,,,,278893,98.14,0
797,1849.925,"Mount",-0.050,-0.032,0.005,0.059,0.008,0.000,5,W,0,,,,313834,123.18,0
798,1852.060,"Mount",-0.036,0.033,-0.046,0.017,0.005,0.000,3,W,0,,,,299426,115.47,0
799,1854.492,"Mount",-0.108,0.022,-0.070,0.086,-0.023,0.031,13,E,13,S,,,324000,133.61,0
800,1856.511,"Mount",-0.028,0.014,-0.025,0.018,0.001,0.000,0,,0,,,,332330,122.20,0
801,1858.861,"Mount",-0.018,0.001,-0.009,0.015,-0.006,0.000,3,E,0,,,,313557,118.15,0
802,1861.117,"Mount",0.053,-0.003,0.027,-0.045,-0.014,0.000,8,E,0,,,,308785,114.11,0
803,1863.582,"Mount",-0.090,0.044,-0.081,0.059,-0.057,0.000,32,E,0,,,,310399,102.34,0
804,1865.780,"Mount",-0.068,0.009,-0.039,0.056,-0.026,0.000,15,E,0,,,,301252,117.64,0
805,1868.161,"Mount",-0.114,-0.011,-0.043,0.106,-0.033,0.038,19,E,16,S,,,325843,125.18,0
806,1870.310,"Mount",-0.081,0.112,-0.137,0.020,-0.096,0.000,55,E,0,,,,328862,108.91,0
807,1872.604,"Mount",0.024,-0.085,0.087,0.018,0.007,0.000,4,W,0,,,,343110,120.80,0
808,1874.672,"Mount",-0.012,-0.098,0.082,0.056,0.013,0.000,7,W,0,,,,334209,122.39,0
809,1876.965,"Mount",-0.048,-0.026,0.001,0.054,-0.019,0.000,11,E,0,,,,347053,125.51,0
810,1879.117,"Mount",-0.111,0.112,-0.151,0.047,-0.071,0.000,41,E,0,,,,327283,116.77,0
811,1881.487,"Mount",-0.105,-0.073,0.017,0.127,0.003,0.046,2,W,20,S,,,348497,121.85,0
812,1883.590,"Mount",0.051,-0.098,0.111,-0.000,0.057,0.000,33,W,0,,,,359193,118.54,0
813,1885.908,"Mount",-0.051,-0.004,-0.020,0.047,0.004,0.000,2,W,0,,,,353250,121.86,0
814,1887.993,"Mount",0.010,0.030,-0.022,-0.022,0.006,0.000,3,W,0,,,,336212,117.46,0
815,1890.283,"Mount",0.002,0.008,-0.007,-0.005,0.011,0.000,6,W,0,,,,335285,115.89,0
816,1892.496,"Mount",-0.092,-0.172,0.110,0.161,0.061,0.058,35,W,25,S,,,355140,113.85,0
817,1894.802,"Mount",-0.046,0.089,-0.100,-0.000,-0.034,0.000,19,E,0,,,,345799,114.21,0
818,1896.991,"Mount",-0.106,-0.172,0.104,0.173,0.055,0.062,31,W,27,S,,,333825,109.02,0
819,1899.365,"Mount",-0.002,-0.104,0.091,0.050,0.050,0.000,29,W,0,,,,340499,114.07,0
820,1901.459,"Mount",0.026,-0.121,0.120,0.033,0.061,0.000,35,W,0,,,,367633,130.63,0
821,1903.821,"Mount",0.052,-0.100,0.113,0.000,0.056,0.000,32,W,0,,,,344063,132.29,0
822,1906.079,"Mount",-0.062,-0.155,0.109,0.127,0.054,0.046,31,W,20,S,,,341563,120.12,0
823,1908.445,"Mount",0.010,-0.088,0.083,0.032,0.033,0.000,19,W,0,,,,327464,103.71,0
824,1910.546,"Mount",0.115,-0.092,0.135,-0.059,0.051,0.000,29,W,0,,,,307361,113.28,0
825,1912.916,"Mount",0.132,-0.168,0.210,-0.039,0.070,0.000,40,W,0,,,,304628,106.78,0
826,1915.005,"Mount",-0.028,0.042,-0.050,0.005,-0.034,0.000,20,E,0,,,,304583,105.93,0
827,1917.427,"Mount",0.055,-0.016,0.040,-0.042,-0.050,0.000,29,E,0,,,,301118,111.06,0
828,1919.650,"Mount",0.097,-0.025,0.067,-0.074,-0.031,-0.027,18,E,11,N,,,310421,113.29,0
829,1922.004,"Mount",0.009,-0.085,0.079,0.031,-0.044,0.000,25,E,0,,,,313466,109.67,0
830,1924.151,"Mount",0.010,-0.057,0.056,0.018,-0.084,0.000,48,E,0,,,,304600,122.84,0
831,1926.523,"Mount",0.020,-0.129,0.124,0.041,-0.042,0.000,24,E,0,,,,310295,127.14,0
832,1928.624,"Mount",0.017,-0.083,0.081,0.023,-0.065,0.000,37,E,0,,,,304914,115.39,0
833,1931.105,"Mount",-0.068,-0.086,0.045,0.100,-0.106,0.036,61,E,15,S,,,299510,122.45,0
834,1933.333,"Mount",-0.068,-0.116,0.072,0.114,-0.074,0.042,42,E,18,S,,,269286,96.76,0
835,1935.844,"Mount",0.023,0.114,-0.091,-0.073,-0.155,-0.025,89,E,11,N,,,301338,110.80,0
836,1938.103,"Mount",-0.079,0.012,-0.047,0.065,-0.109,0.022,62,E,10,S,,,306779,122.83,0
837,1940.551,"Mount",-0.034,0.028,-0.040,0.018,-0.122,0.000,70,E,0,,,,262843,98.53,0
838,1942.778,"Mount",0.015,0.124,-0.103,-0.071,-0.157,-0.026,90,E,11,N,,,286056,103.36,0
839,1945.230,"Mount",-0.164,0.022,-0.095,0.135,-0.147,0.048,84,E,20,S,,,296621,131.56,0
840,1947.447,"Mount",0.039,0.106,-0.076,-0.084,-0.122,-0.028,70,E,12,N,,,298544,112.66,0
841,1949.819,"Mount",-0.026,0.122,-0.120,-0.033,-0.126,0.000,72,E,0,,,,282485,118.50,0
842,1951.947,"Mount",-0.001,-0.027,0.023,0.014,-0.054,0.000,31,E,0,,,,277891,103.36,0
INFO: SET LOCK POSITION, new lock pos = 573.304, 543.009
INFO: DITHER by -11.080, 12.204, new lock pos = 557.369, 547.225
INFO: SETTLING STATE CHANGE, Settling started
843,1965.865,"Mount",15.935,-4.216,11.080,-12.204,11.080,-12.204,6335,W,5220,N,,,281308,117.69,0
844,1968.771,"Mount",-1.490,-1.544,0.684,2.035,0.308,0.732,176,W,313,S,,,237857,91.96,0
845,1971.059,"Mount",-0.340,-0.085,-0.081,0.340,-0.037,0.152,21,E,65,S,,,259821,107.40,0
846,1973.665,"Mount",0.744,0.754,-0.327,-1.008,-0.147,-0.357,84,E,153,N,,,251684,98.21,0
847,1975.816,"Mount",-0.074,0.012,-0.045,0.060,-0.020,0.000,11,E,0,,,,241217,107.22,0
848,1978.297,"Mount",-0.240,0.164,-0.256,0.137,-0.115,0.049,66,E,21,S,,,242878,93.15,0
849,1980.606,"Mount",-0.267,0.330,-0.415,0.085,-0.187,0.032,107,E,14,S,,,254450,107.39,0
850,1983.081,"Mount",-0.267,0.502,-0.568,0.005,-0.256,0.000,146,E,0,,,,258906,100.67,0
851,1985.355,"Mount",-0.336,0.400,-0.510,0.114,-0.230,0.041,131,E,18,S,,,271738,101.95,0
852,1987.822,"Mount",-0.399,0.313,-0.461,0.209,-0.208,0.077,119,E,33,S,,,252963,99.54,0
853,1990.019,"Mount",-0.092,0.335,-0.340,-0.073,-0.153,-0.023,87,E,10,N,,,255709,98.24,0
854,1992.767,"Mount",-0.446,0.570,-0.711,0.133,-0.542,0.047,310,E,20,S,,,277857,103.52,0
855,1995.136,"Mount",-0.279,0.311,-0.405,0.104,-0.398,0.039,228,E,17,S,,,255516,84.99,0
856,1997.760,"Mount",-0.069,0.308,-0.306,-0.081,-0.339,-0.028,194,E,12,N,,,279455,103.52,0
857,1999.929,"Mount",0.012,0.004,0.002,-0.012,-0.178,0.000,101,E,0,,,,288453,107.44,0
858,2002.518,"Mount",0.001,0.173,-0.153,-0.081,-0.240,-0.029,137,E,12,N,,,271516,106.05,0
859,2004.650,"Mount",0.058,-0.063,0.083,-0.022,-0.117,0.000,67,E,0,,,,299456,131.92,0
860,2007.159,"Mount",-0.043,-0.058,0.031,0.065,-0.152,0.023,87,E,10,S,,,290820,108.05,0
INFO: SETTLING STATE CHANGE, Settling complete
861,2009.367,"Mount",-0.057,0.068,-0.087,0.019,-0.186,0.000,106,E,0,,,,282051,103.23,0
862,2011.894,"Mount",-0.150,0.039,-0.104,0.115,-0.195,0.041,112,E,18,S,,,279730,111.02,0
863,2014.220,"Mount",-0.094,-0.086,0.033,0.123,-0.148,0.046,85,E,20,S,,,280998,115.56,0
864,2016.603,"Mount",-0.005,0.041,-0.039,-0.015,-0.145,0.000,83,E,0,,,,301393,101.88,0
865,2018.796,"Mount",-0.025,-0.089,0.067,0.063,-0.108,0.023,62,E,10,S,,,299960,117.16,0
866,2021.367,"Mount",-0.073,0.257,-0.262,-0.054,-0.255,0.000,146,E,0,,,,264300,97.58,0
867,2023.643,"Mount",0.037,0.092,-0.065,-0.075,-0.154,-0.027,88,E,12,N,,,250497,105.94,0
868,2026.103,"Mount",0.118,0.021,0.035,-0.114,-0.111,-0.042,64,E,18,N,,,289730,106.57,0
869,2028.266,"Mount",0.127,-0.088,0.137,-0.072,-0.032,-0.028,18,E,12,N,,,329637,132.54,0
870,2030.663,"Mount",-0.032,0.028,-0.040,0.016,-0.086,0.000,49,E,0,,,,299666,108.17,0
871,2032.861,"Mount",0.016,0.011,-0.003,-0.019,-0.079,0.000,45,E,0,,,,302002,106.23,0
872,2035.168,"Mount",-0.003,-0.115,0.100,0.056,-0.035,0.000,20,E,0,,,,320717,116.35,0
873,2037.315,"Mount",0.059,-0.029,0.053,-0.039,-0.076,0.000,44,E,0,,,,302160,114.89,0
874,2039.652,"Mount",-0.038,-0.011,-0.008,0.039,-0.076,0.000,44,E,0,,,,307402,112.57,0
875,2041.784,"Mount",-0.019,-0.032,0.020,0.032,-0.069,0.000,40,E,0,,,,271296,113.10,0
876,2044.138,"Mount",-0.005,-0.051,0.043,0.028,-0.067,0.000,38,E,0,,,,295774,108.65,0
877,2046.243,"Mount",0.013,0.013,-0.006,-0.018,-0.054,0.000,31,E,0,,,,293626,114.85,0
878,2048.531,"Mount",-0.025,0.020,-0.029,0.013,-0.044,0.000,25,E,0,,,,268436,94.61,0
879,2050.620,"Mount",0.019,-0.015,0.022,-0.010,-0.028,0.000,16,E,0,,,,268319,98.08,0
880,2052.993,"Mount",-0.120,0.006,-0.061,0.103,-0.032,0.037,18,E,16,S,,,284561,122.88,0
881,2055.061,"Mount",0.014,-0.007,0.013,-0.009,0.007,0.000,4,W,0,,,,259194,105.53,0
882,2057.336,"Mount",0.017,-0.026,0.031,-0.004,0.018,0.000,10,W,0,,,,265904,103.77,0
883,2059.470,"Mount",0.005,-0.085,0.077,0.035,0.059,0.000,34,W,0,,,,281116,111.07,0
884,2061.780,"Mount",0.016,-0.026,0.031,-0.002,0.034,0.000,19,W,0,,,,292226,100.16,0
885,2063.893,"Mount",-0.016,-0.052,0.039,0.038,0.041,0.000,23,W,0,,,,300164,120.51,0
886,2066.268,"Mount",-0.002,-0.107,0.094,0.051,0.094,0.000,53,W,0,,,,281522,120.74,0
887,2068.434,"Mount",0.089,-0.010,0.050,-0.075,0.059,-0.027,34,W,11,N,,,277553,106.81,0
888,2070.803,"Mount",0.063,-0.128,0.143,0.004,0.135,0.000,77,W,0,,,,267270,97.36,0
889,2073.010,"Mount",0.018,0.139,-0.116,-0.080,0.032,-0.029,18,W,12,N,,,267246,96.03,0
890,2075.603,"Mount",-0.364,-0.530,0.303,0.568,0.234,0.203,134,W,87,S,,,288905,98.89,0
891,2078.044,"Mount",0.265,-0.109,0.219,-0.185,0.207,-0.059,118,W,25,N,,,286791,108.63,0
892,2080.585,"Mount",0.354,-0.056,0.213,-0.288,0.213,-0.106,122,W,45,N,,,277279,102.14,0
893,2082.849,"Mount",0.180,-0.191,0.253,-0.072,0.239,-0.030,137,W,13,N,,,283984,102.78,0
894,2085.217,"Mount",0.037,-0.111,0.115,0.019,0.174,0.000,100,W,0,,,,278557,110.63,0
895,2087.489,"Mount",0.066,0.096,-0.055,-0.103,0.107,-0.037,61,W,16,N,,,279776,103.14,0
896,2089.934,"Mount",-0.245,0.102,-0.203,0.170,0.009,0.060,5,W,26,S,,,301613,111.74,0
897,2092.114,"Mount",0.008,0.043,-0.034,-0.027,0.082,0.000,47,W,0,,,,307015,132.57,0
898,2094.465,"Mount",-0.086,0.210,-0.226,-0.021,-0.044,0.000,25,E,0,,,,263125,99.76,0
899,2096.564,"Mount",-0.064,0.190,-0.198,-0.031,-0.053,0.000,30,E,0,,,,281462,107.45,0
900,2098.980,"Mount",-0.119,0.073,-0.119,0.072,-0.050,0.026,29,E,11,S,,,286909,109.55,0
901,2101.176,"Mount",-0.161,0.043,-0.112,0.123,-0.068,0.045,39,E,19,S,,,302583,118.64,0
902,2103.643,"Mount",-0.070,0.140,-0.156,-0.003,-0.104,0.000,60,E,0,,,,293225,106.19,0
903,2105.872,"Mount",-0.089,-0.102,0.049,0.126,-0.042,0.045,24,E,19,S,,,291111,117.53,0
904,2108.305,"Mount",0.104,0.090,-0.032,-0.134,-0.037,-0.046,21,E,20,N,,,281483,100.49,0
905,2110.533,"Mount",0.044,0.223,-0.177,-0.142,-0.112,-0.053,64,E,23,N,,,263797,102.24,0
906,2112.899,"Mount",-0.066,0.087,-0.107,0.019,-0.063,0.000,36,E,0,,,,294866,107.46,0
907,2114.973,"Mount",-0.008,-0.027,0.020,0.019,-0.005,0.000,3,E,0,,,,276032,104.47,0
908,2117.274,"Mount",0.000,-0.037,0.033,0.017,-0.003,0.000,2,E,0,,,,284272,119.83,0
909,2119.410,"Mount",0.012,0.024,-0.016,-0.021,0.013,0.000,7,W,0,,,,256793,97.13,0
910,2121.749,"Mount",-0.064,0.082,-0.103,0.019,-0.017,0.000,9,E,0,,,,258126,101.81,0
911,2123.912,"Mount",0.010,-0.028,0.029,0.004,0.044,0.000,25,W,0,,,,270889,107.06,0
912,2126.343,"Mount",0.067,-0.175,0.186,0.022,0.148,0.000,84,W,0,,,,260325,98.75,0
913,2128.477,"Mount",0.024,-0.047,0.053,0.000,0.074,0.000,42,W,0,,,,294143,111.24,0
914,2130.800,"Mount",-0.066,0.081,-0.102,0.022,0.039,0.000,22,W,0,,,,279904,120.85,0
915,2132.999,"Mount",-0.042,-0.078,0.050,0.073,0.097,0.026,55,W,11,S,,,315358,110.61,0
916,2135.507,"Mount",-0.117,-0.187,0.112,0.190,0.165,0.069,94,W,30,S,,,264079,103.03,0
917,2137.665,"Mount",0.005,0.087,-0.075,-0.045,0.087,0.000,50,W,0,,,,282294,108.48,0
918,2140.155,"Mount",-0.017,-0.158,0.133,0.088,0.191,0.032,109,W,14,S,,,287425,109.44,0
919,2142.504,"Mount",0.341,-0.188,0.324,-0.215,0.290,-0.076,166,W,33,N,,,281530,111.63,0
920,2145.024,"Mount",0.015,-0.171,0.158,0.066,0.230,0.021,131,W,9,S,,,299248,110.41,0
921,2147.270,"Mount",-0.112,-0.028,-0.027,0.112,0.154,0.041,88,W,18,S,,,312428,132.25,0
922,2149.747,"Mount",-0.042,-0.071,0.043,0.070,0.169,0.027,97,W,11,S,,,304795,123.51,0
923,2151.972,"Mount",0.013,-0.125,0.117,0.046,0.207,0.000,119,W,0,,,,295543,107.24,0
924,2154.398,"Mount",0.044,0.255,-0.206,-0.157,0.034,-0.056,19,W,24,N,,,300607,114.53,0
925,2156.605,"Mount",-0.024,0.094,-0.094,-0.022,0.068,0.000,39,W,0,,,,289029,104.62,0
926,2159.020,"Mount",-0.178,0.034,-0.112,0.142,0.031,0.051,18,W,22,S,,,298750,130.05,0
927,2161.122,"Mount",-0.025,0.030,-0.038,0.008,0.065,0.000,37,W,0,,,,323482,128.15,0
928,2163.555,"Mount",0.066,0.075,-0.037,-0.094,0.067,-0.034,38,W,14,N,,,315709,120.11,0
929,2165.707,"Mount",-0.016,0.107,-0.102,-0.035,0.005,0.000,3,W,0,,,,302148,106.50,0
930,2168.090,"Mount",0.024,-0.022,0.031,-0.011,0.061,0.000,35,W,0,,,,301717,122.10,0
931,2170.306,"Mount",0.003,-0.006,0.006,-0.000,0.058,0.000,33,W,0,,,,327560,118.97,0
932,2172.688,"Mount",0.052,0.048,-0.019,-0.068,0.059,-0.024,34,W,10,N,,,299845,98.61,0
933,2174.911,"Mount",-0.273,0.120,-0.233,0.187,-0.047,0.066,27,E,28,S,,,325538,124.81,0
934,2177.276,"Mount",0.028,0.061,-0.041,-0.053,0.057,0.000,33,W,0,,,,311927,123.45,0
935,2179.376,"Mount",-0.044,0.017,-0.035,0.031,0.044,0.000,25,W,0,,,,336123,128.19,0
936,2181.809,"Mount",0.008,0.154,-0.133,-0.079,-0.018,-0.028,10,E,12,N,,,344404,128.05,0
937,2184.093,"Mount",0.012,0.153,-0.130,-0.082,-0.040,-0.031,23,E,13,N,,,338581,123.97,0
938,2186.491,"Mount",-0.190,0.018,-0.104,0.160,-0.034,0.056,19,E,24,S,,,353809,130.52,0
939,2188.589,"Mount",-0.062,0.097,-0.115,0.011,-0.045,0.000,26,E,0,,,,328393,124.82,0
940,2190.940,"Mount",-0.091,0.248,-0.261,-0.034,-0.116,0.000,66,E,0,,,,320706,112.60,0
941,2193.031,"Mount",-0.034,0.048,-0.059,0.008,0.009,0.000,5,W,0,,,,306815,114.27,0
942,2195.387,"Mount",-0.039,0.014,-0.030,0.028,0.009,0.000,5,W,0,,,,325579,116.17,0
943,2197.544,"Mount",-0.069,-0.122,0.077,0.118,0.048,0.042,28,W,18,S,,,318775,135.60,0
944,2199.879,"Mount",-0.012,-0.054,0.042,0.036,0.017,0.000,10,W,0,,,,309268,127.16,0
945,2201.986,"Mount",0.028,0.017,-0.002,-0.032,0.016,0.000,9,W,0,,,,327761,124.32,0
946,2204.340,"Mount",0.001,-0.055,0.049,0.024,0.018,0.000,10,W,0,,,,357789,124.66,0
947,2206.567,"Mount",-0.013,-0.115,0.096,0.065,0.055,0.023,31,W,10,S,,,336319,133.11,0
948,2208.863,"Mount",0.010,-0.016,0.019,-0.002,0.001,0.000,0,,0,,,,319957,109.90,0
949,2211.032,"Mount",0.052,0.033,-0.006,-0.061,-0.006,-0.022,3,E,9,N,,,333679,112.70,0
950,2213.425,"Mount",0.040,-0.088,0.096,0.005,0.025,0.000,14,W,0,,,,326697,123.07,0
951,2215.653,"Mount",-0.031,-0.029,0.011,0.041,-0.022,0.000,13,E,0,,,,361742,126.40,0
952,2218.049,"Mount",-0.026,0.135,-0.132,-0.039,-0.081,0.000,46,E,0,,,,335653,116.49,0
953,2220.144,"Mount",0.011,0.010,-0.004,-0.015,-0.019,0.000,11,E,0,,,,343667,123.21,0
954,2222.496,"Mount",-0.075,0.040,-0.070,0.049,-0.054,0.000,31,E,0,,,,358701,132.52,0
955,2224.662,"Mount",0.121,0.097,-0.030,-0.152,-0.024,-0.055,14,E,23,N,,,345195,129.88,0
956,2227.059,"Mount",-0.108,0.003,-0.053,0.094,-0.022,0.032,12,E,14,S,,,385395,136.06,0
957,2229.177,"Mount",-0.025,0.046,-0.052,0.001,-0.018,0.000,11,E,0,,,,360813,120.39,0
958,2231.655,"Mount",-0.103,-0.082,0.025,0.129,-0.015,0.047,8,E,20,S,,,366256,120.91,0
959,2233.848,"Mount",-0.037,-0.038,0.017,0.050,-0.005,0.000,3,E,0,,,,379114,130.67,0
960,2236.137,"Mount",0.055,-0.036,0.058,-0.032,0.003,0.000,2,W,0,,,,355808,118.96,0
961,2238.274,"Mount",0.041,-0.037,0.052,-0.019,0.014,0.000,8,W,0,,,,340894,107.90,0
962,2240.640,"Mount",-0.084,-0.061,0.016,0.103,0.016,0.037,9,W,16,S,,,373521,132.48,0
963,2242.789,"Mount",0.028,-0.174,0.167,0.056,0.090,0.000,52,W,0,,,,364545,110.17,0
964,2245.053,"Mount",0.060,-0.035,0.059,-0.037,0.014,0.000,8,W,0,,,,358739,124.50,0
965,2247.184,"Mount",0.111,-0.089,0.130,-0.058,0.072,0.000,41,W,0,,,,366522,127.01,0
966,2249.605,"Mount",0.168,-0.138,0.200,-0.085,0.106,-0.031,60,W,13,N,,,352672,121.81,0
967,2251.724,"Mount",0.079,-0.076,0.104,-0.035,0.063,0.000,36,W,0,,,,360305,118.29,0
968,2254.062,"Mount",-0.020,-0.026,0.014,0.030,0.021,0.000,12,W,0,,,,385038,128.83,0
969,2256.290,"Mount",-0.048,-0.098,0.065,0.087,0.048,0.031,27,W,13,S,,,375817,140.02,0
970,2258.616,"Mount",0.021,-0.106,0.104,0.030,0.055,0.000,31,W,0,,,,361942,130.15,0
971,2260.709,"Mount",0.076,-0.121,0.142,-0.012,0.064,0.000,36,W,0,,,,360412,116.49,0
972,2263.066,"Mount",0.004,0.060,-0.051,-0.032,-0.008,0.000,4,E,0,,,,392488,145.54,0
973,2265.121,"Mount",0.026,0.065,-0.046,-0.053,-0.017,0.000,10,E,0,,,,360360,132.81,0
974,2267.557,"Mount",-0.065,0.077,-0.098,0.022,-0.077,0.000,44,E,0,,,,374952,139.44,0
975,2269.724,"Mount",-0.006,0.111,-0.101,-0.046,-0.097,0.000,55,E,0,,,,373690,117.86,0
976,2272.202,"Mount",0.050,0.112,-0.076,-0.096,-0.104,-0.035,60,E,15,N,,,369842,138.27,0
977,2274.385,"Mount",-0.133,0.182,-0.223,0.034,-0.186,0.000,106,E,0,,,,387988,153.95,0
978,2276.786,"Mount",-0.119,0.172,-0.207,0.026,-0.193,0.000,110,E,0,,,,361877,115.11,0
979,2279.023,"Mount",-0.104,-0.022,-0.028,0.103,-0.105,0.037,60,E,16,S,,,401207,130.07,0
980,2281.501,"Mount",-0.070,-0.034,-0.002,0.078,-0.111,0.030,64,E,13,S,,,350725,112.61,0
981,2283.696,"Mount",-0.087,0.113,-0.141,0.025,-0.171,0.000,98,E,0,,,,367755,127.06,0
982,2286.183,"Mount",-0.134,0.095,-0.145,0.075,-0.182,0.027,104,E,12,S,,,360181,134.29,0
983,2288.366,"Mount",0.006,0.058,-0.049,-0.033,-0.124,0.000,71,E,0,,,,379165,123.38,0
984,2290.814,"Mount",-0.100,0.038,-0.080,0.071,-0.166,0.026,95,E,11,S,,,380589,128.43,0
985,2293.091,"Mount",0.046,0.107,-0.074,-0.090,-0.159,-0.031,91,E,13,N,,,377199,120.20,0
986,2295.478,"Mount",-0.004,-0.097,0.084,0.048,-0.084,0.000,48,E,0,,,,385929,144.53,0
987,2297.660,"Mount",-0.004,-0.047,0.039,0.026,-0.101,0.000,58,E,0,,,,392858,139.83,0
988,2299.981,"Mount",0.019,-0.058,0.060,0.010,-0.057,0.000,32,E,0,,,,363571,123.62,0
989,2302.130,"Mount",0.076,-0.016,0.049,-0.060,-0.057,0.000,33,E,0,,,,368215,137.85,0
990,2304.592,"Mount",-0.026,-0.025,0.010,0.034,-0.049,0.000,28,E,0,,,,395313,135.50,0
991,2306.776,"Mount",0.021,-0.040,0.045,-0.001,-0.035,0.000,20,E,0,,,,394159,120.98,0
992,2309.163,"Mount",-0.091,-0.207,0.142,0.176,0.024,0.064,13,W,27,S,,,386088,121.52,0
993,2311.340,"Mount",0.054,0.073,-0.040,-0.082,-0.044,-0.027,25,E,11,N,,,382558,144.23,0
994,2313.665,"Mount",-0.040,0.042,-0.056,0.016,-0.049,0.000,28,E,0,,,,385715,127.01,0
995,2315.764,"Mount",-0.006,-0.047,0.039,0.027,-0.065,0.000,37,E,0,,,,370696,120.98,0
996,2318.183,"Mount",0.107,-0.055,0.098,-0.070,-0.046,-0.025,26,E,11,N,,,365732,120.34,0
997,2320.366,"Mount",0.095,-0.050,0.089,-0.061,-0.052,-0.023,30,E,10,N,,,379235,122.90,0
998,2322.723,"Mount",-0.002,-0.066,0.058,0.032,-0.105,0.000,60,E,0,,,,371987,127.49,0
999,2324.938,"Mount",-0.076,0.006,-0.040,0.064,-0.109,0.023,62,E,10,S,,,387564,137.27,0
1000,2327.416,"Mount",-0.098,-0.002,-0.044,0.088,-0.141,0.032,81,E,14,S,,,386412,120.75,0
1001,2329.624,"Mount",-0.013,0.052,-0.052,-0.012,-0.175,0.000,100,E,0,,,,384172,128.38,0
1002,2332.072,"Mount",0.011,0.073,-0.060,-0.044,-0.199,0.000,114,E,0,,,,411115,128.17,0
1003,2334.404,"Mount",-0.001,0.140,-0.125,-0.064,-0.259,-0.023,148,E,10,N,,,398604,138.17,0
1004,2336.962,"Mount",-0.206,0.219,-0.289,0.082,-0.355,0.029,203,E,12,S,,,395233,150.92,0
1005,2339.310,"Mount",-0.196,0.052,-0.136,0.150,-0.282,0.055,161,E,24,S,,,404540,136.24,0
1006,2341.898,"Mount",0.064,0.198,-0.147,-0.148,-0.293,-0.051,168,E,22,N,,,394664,130.80,0
1007,2344.136,"Mount",0.000,0.047,-0.042,-0.022,-0.218,0.000,125,E,0,,,,358634,123.30,0
1008,2346.763,"Mount",-0.210,0.139,-0.220,0.122,-0.309,0.044,177,E,19,S,,,393110,142.71,0
1009,2348.996,"Mount",-0.105,0.153,-0.184,0.022,-0.277,0.000,159,E,0,,,,383501,124.81,0
1010,2351.524,"Mount",-0.024,0.048,-0.053,-0.000,-0.187,0.000,107,E,0,,,,391516,128.02,0
1011,2353.833,"Mount",-0.019,0.076,-0.076,-0.018,-0.215,0.000,123,E,0,,,,378923,143.39,0
1012,2356.270,"Mount",0.035,0.031,-0.011,-0.045,-0.185,0.000,106,E,0,,,,380963,124.80,0
1013,2358.620,"Mount",-0.149,0.168,-0.218,0.054,-0.266,0.000,152,E,0,,,,401304,135.08,0
1014,2361.007,"Mount",0.020,0.050,-0.035,-0.041,-0.161,0.000,92,E,0,,,,382416,141.88,0
1015,2363.204,"Mount",-0.025,0.100,-0.100,-0.024,-0.189,0.000,108,E,0,,,,416070,150.18,0
1016,2365.716,"Mount",-0.088,-0.001,-0.040,0.078,-0.138,0.028,79,E,12,S,,,382607,136.36,0
1017,2367.943,"Mount",-0.107,-0.021,-0.030,0.104,-0.128,0.039,73,E,17,S,,,378174,135.12,0
1018,2370.443,"Mount",-0.112,0.038,-0.085,0.082,-0.150,0.031,85,E,13,S,,,397438,142.01,0
1019,2372.606,"Mount",-0.030,0.025,-0.036,0.016,-0.111,0.000,63,E,0,,,,414406,140.90,0
1020,2374.949,"Mount",-0.005,-0.065,0.055,0.034,-0.101,0.000,58,E,0,,,,410369,136.68,0
1021,2377.194,"Mount",-0.057,-0.080,0.044,0.088,-0.091,0.032,52,E,14,S,,,391205,124.52,0
1022,2379.597,"Mount",0.016,-0.062,0.062,0.014,-0.070,0.000,40,E,0,,,,385979,131.97,0
1023,2381.771,"Mount",0.007,-0.022,0.023,0.004,-0.091,0.000,52,E,0,,,,398896,124.61,0
1024,2384.188,"Mount",-0.030,-0.156,0.125,0.098,-0.011,0.035,6,E,15,S,,,383299,156.16,0
1025,2386.389,"Mount",-0.041,0.086,-0.095,-0.003,-0.106,0.000,60,E,0,,,,397368,133.33,0
1026,2388.711,"Mount",-0.009,0.007,-0.010,0.005,-0.060,0.000,34,E,0,,,,410149,144.77,0
1027,2390.863,"Mount",-0.026,-0.088,0.066,0.063,-0.020,0.023,12,E,10,S,,,367264,121.61,0
1028,2393.282,"Mount",-0.124,-0.137,0.064,0.173,-0.036,0.063,21,E,27,S,,,377367,137.59,0
1029,2395.434,"Mount",-0.040,-0.102,0.072,0.083,-0.021,0.032,12,E,14,S,,,381936,136.86,0
1030,2397.822,"Mount",-0.071,0.055,-0.082,0.038,-0.079,0.000,45,E,0,,,,381058,128.54,0
1031,2399.914,"Mount",-0.062,0.006,-0.034,0.052,-0.028,0.000,16,E,0,,,,367905,120.60,0
1032,2402.342,"Mount",0.168,-0.059,0.129,-0.122,0.038,-0.044,22,W,19,N,,,357637,123.21,0
1033,2404.602,"Mount",-0.037,-0.158,0.123,0.105,0.048,0.036,28,W,15,S,,,378293,119.57,0
1034,2407.049,"Mount",-0.101,-0.165,0.100,0.166,0.052,0.061,29,W,26,S,,,379671,112.70,0
1035,2409.182,"Mount",0.025,-0.061,0.065,0.006,0.055,0.000,32,W,0,,,,375215,134.24,0
1036,2411.536,"Mount",0.039,-0.046,0.059,-0.014,0.042,0.000,24,W,0,,,,393563,128.88,0
1037,2413.796,"Mount",-0.002,-0.129,0.114,0.061,0.110,0.022,63,W,9,S,,,380901,125.33,0
1038,2416.292,"Mount",-0.009,-0.125,0.106,0.065,0.129,0.024,74,W,10,S,,,373464,129.62,0
1039,2418.438,"Mount",-0.053,-0.026,-0.001,0.059,0.092,0.000,53,W,0,,,,361433,114.94,0
1040,2420.839,"Mount",-0.015,-0.034,0.023,0.029,0.109,0.000,63,W,0,,,,379991,145.15,0
1041,2423.129,"Mount",-0.079,-0.039,-0.001,0.088,0.113,0.032,64,W,14,S,,,367099,129.26,0
1042,2425.530,"Mount",-0.010,-0.042,0.033,0.028,0.128,0.000,73,W,0,,,,385116,134.69,0
1043,2427.683,"Mount",-0.013,0.029,-0.032,-0.002,0.115,0.000,66,W,0,,,,390562,137.59,0
1044,2430.040,"Mount",0.023,-0.021,0.029,-0.010,0.117,0.000,67,W,0,,,,390813,131.03,0
1045,2432.144,"Mount",0.021,-0.023,0.030,-0.008,0.103,0.000,59,W,0,,,,337837,115.52,0
1046,2434.545,"Mount",0.036,-0.028,0.042,-0.019,0.096,0.000,55,W,0,,,,360141,124.49,0
1047,2436.665,"Mount",-0.003,-0.033,0.028,0.018,0.077,0.000,44,W,0,,,,357878,112.62,0
1048,2439.097,"Mount",0.011,-0.027,0.029,0.003,0.065,0.000,37,W,0,,,,348804,123.88,0
1049,2441.263,"Mount",0.045,-0.079,0.090,-0.004,0.089,0.000,51,W,0,,,,355451,132.76,0
1050,2443.696,"Mount",-0.130,-0.052,-0.013,0.139,0.031,0.050,18,W,21,S,,,356628,133.59,0
1051,2445.810,"Mount",0.002,0.039,-0.034,-0.020,0.013,0.000,7,W,0,,,,372473,140.94,0
1052,2448.159,"Mount",-0.035,-0.035,0.015,0.047,0.001,0.000,1,W,0,,,,347742,128.16,0
1053,2450.293,"Mount",-0.014,-0.047,0.036,0.034,-0.012,0.000,7,E,0,,,,352355,129.69,0
1054,2452.678,"Mount",-0.094,0.043,-0.081,0.063,-0.056,0.023,32,E,10,S,,,342788,108.98,0
1055,2454.843,"Mount",-0.103,0.216,-0.239,-0.008,-0.129,0.000,74,E,0,,,,348438,126.01,0
1056,2457.262,"Mount",-0.078,0.031,-0.064,0.055,-0.052,0.000,29,E,0,,,,321357,103.76,0
1057,2459.447,"Mount",0.059,-0.005,0.032,-0.050,-0.023,0.000,13,E,0,,,,353445,134.54,0
1058,2461.829,"Mount",-0.075,-0.022,-0.015,0.077,-0.015,0.028,8,E,12,S,,,358174,131.46,0
1059,2464.022,"Mount",0.065,0.138,-0.092,-0.121,-0.048,-0.043,27,E,18,N,,,358565,123.31,0
1060,2466.425,"Mount",-0.129,-0.127,0.053,0.173,0.001,0.061,1,W,26,S,,,353850,135.31,0
1061,2468.513,"Mount",0.025,0.020,-0.006,-0.031,0.015,0.000,8,W,0,,,,343071,134.51,0
1062,2470.928,"Mount",-0.090,-0.084,0.033,0.119,0.025,0.043,14,W,18,S,,,320021,104.73,0
1063,2473.093,"Mount",0.046,-0.064,0.078,-0.011,0.084,0.000,48,W,0,,,,344201,117.29,0
1064,2475.524,"Mount",0.114,-0.211,0.240,-0.004,0.176,0.000,101,W,0,,,,317706,113.47,0
1065,2477.752,"Mount",-0.003,-0.068,0.059,0.034,0.083,0.000,47,W,0,,,,327899,122.32,0
1066,2480.260,"Mount",-0.164,-0.399,0.278,0.330,0.227,0.119,130,W,51,S,,,333030,124.90,0
1067,2482.631,"Mount",0.045,-0.230,0.225,0.067,0.226,0.029,129,W,12,S,,,337836,134.36,0
1068,2485.058,"Mount",0.049,-0.218,0.216,0.057,0.238,0.000,136,W,0,,,,342888,117.16,0
1069,2487.290,"Mount",0.087,-0.024,0.061,-0.066,0.167,-0.024,95,W,10,N,,,338392,119.52,0
1070,2489.784,"Mount",-0.082,-0.200,0.140,0.165,0.219,0.058,125,W,25,S,,,342712,127.10,0
1071,2492.031,"Mount",-0.053,-0.076,0.043,0.082,0.152,0.032,87,W,14,S,,,349627,128.94,0
1072,2494.466,"Mount",0.007,-0.051,0.049,0.017,0.139,0.000,79,W,0,,,,342854,114.02,0
1073,2496.647,"Mount",-0.049,-0.061,0.032,0.072,0.128,0.026,73,W,11,S,,,314474,112.91,0
1074,2499.078,"Mount",0.084,-0.049,0.082,-0.051,0.157,0.000,90,W,0,,,,333771,115.15,0
1075,2501.246,"Mount",0.007,-0.021,0.021,0.004,0.105,0.000,60,W,0,,,,307425,111.75,0
1076,2503.741,"Mount",0.021,-0.063,0.066,0.010,0.141,0.000,81,W,0,,,,313324,113.58,0
1077,2506.033,"Mount",-0.036,-0.135,0.103,0.094,0.147,0.034,84,W,14,S,,,336066,130.02,0
1078,2508.597,"Mount",0.147,-0.131,0.184,-0.070,0.187,-0.024,107,W,10,N,,,329600,112.96,0
1079,2510.690,"Mount",0.002,0.002,-0.001,-0.003,0.098,0.000,56,W,0,,,,328639,115.42,0
1080,2513.210,"Mount",0.089,0.058,-0.010,-0.105,0.098,-0.038,56,W,16,N,,,332571,127.58,0
1081,2515.357,"Mount",-0.029,-0.003,-0.010,0.027,0.088,0.000,50,W,0,,,,343665,135.97,0
1082,2517.789,"Mount",-0.029,0.015,-0.027,0.018,0.069,0.000,40,W,0,,,,340258,129.50,0
1083,2519.986,"Mount",-0.136,-0.053,-0.016,0.145,0.053,0.052,30,W,22,S,,,326411,122.67,0
1084,2522.415,"Mount",-0.036,0.261,-0.248,-0.089,-0.073,-0.030,42,E,13,N,,,296143,103.16,0
1085,2524.602,"Mount",-0.092,0.097,-0.129,0.037,-0.028,0.000,16,E,0,,,,343308,121.95,0
1086,2526.970,"Mount",-0.090,-0.041,-0.006,0.099,0.025,0.036,14,W,15,S,,,307223,104.18,0
1087,2529.058,"Mount",-0.016,0.005,-0.012,0.012,0.010,0.000,6,W,0,,,,298231,107.04,0
1088,2531.372,"Mount",-0.028,0.035,-0.044,0.008,0.004,0.000,2,W,0,,,,311159,110.90,0
1089,2533.547,"Mount",-0.161,0.105,-0.167,0.094,-0.070,0.034,40,E,15,S,,,321843,118.98,0
1090,2535.959,"Mount",0.058,0.041,-0.010,-0.070,0.008,-0.024,5,W,10,N,,,311562,120.29,0
1091,2538.294,"Mount",0.124,-0.008,0.064,-0.107,0.039,-0.039,22,W,17,N,,,310493,114.16,0
1092,2540.572,"Mount",-0.010,-0.004,-0.001,0.011,0.015,0.000,9,W,0,,,,284692,109.74,0
1093,2542.658,"Mount",0.042,-0.038,0.053,-0.020,0.020,0.000,12,W,0,,,,305246,114.87,0
1094,2544.959,"Mount",-0.020,-0.005,-0.005,0.020,0.024,0.000,13,W,0,,,,266176,100.78,0
1095,2547.135,"Mount",-0.065,-0.033,-0.000,0.073,0.025,0.026,14,W,11,S,,,280900,106.25,0
1096,2549.486,"Mount",0.029,-0.015,0.027,-0.019,0.019,0.000,11,W,0,,,,291865,110.73,0
1097,2551.604,"Mount",-0.104,-0.053,-0.001,0.116,0.017,0.042,10,W,18,S,,,294368,119.16,0
1098,2553.877,"Mount",0.017,-0.003,0.011,-0.013,0.013,0.000,7,W,0,,,,259544,100.64,0
1099,2556.028,"Mount",-0.029,0.113,-0.114,-0.027,-0.047,0.000,27,E,0,,,,294703,127.18,0
1100,2558.366,"Mount",-0.024,0.034,-0.041,0.005,-0.006,0.000,4,E,0,,,,295148,107.43,0
1101,2560.528,"Mount",-0.057,-0.137,0.095,0.113,0.025,0.041,14,W,17,S,,,288203,111.97,0
1102,2562.951,"Mount",-0.072,-0.046,0.008,0.085,-0.025,0.032,14,E,14,S,,,288939,121.58,0
1103,2565.108,"Mount",-0.155,-0.055,-0.023,0.163,-0.027,0.060,16,E,26,S,,,286778,121.92,0
1104,2567.608,"Mount",-0.013,-0.166,0.141,0.088,0.044,0.034,25,W,15,S,,,292840,107.50,0
1105,2569.793,"Mount",0.015,-0.059,0.059,0.014,-0.021,0.000,12,E,0,,,,290436,126.79,0
1106,2572.163,"Mount",-0.086,-0.025,-0.017,0.088,-0.019,0.032,11,E,14,S,,,288729,140.72,0
1107,2574.361,"Mount",-0.133,0.097,-0.147,0.073,-0.080,0.028,46,E,12,S,,,284556,112.39,0
1108,2576.718,"Mount",-0.068,-0.036,0.000,0.077,-0.013,0.029,8,E,12,S,,,278180,112.78,0
1109,2578.824,"Mount",-0.080,0.080,-0.108,0.034,-0.066,0.000,38,E,0,,,,277632,111.42,0
1110,2581.135,"Mount",-0.013,-0.052,0.040,0.036,-0.010,0.000,6,E,0,,,,268072,119.44,0
1111,2583.222,"Mount",-0.020,0.064,-0.066,-0.012,-0.029,0.000,17,E,0,,,,280019,114.56,0
1112,2585.712,"Mount",0.015,0.102,-0.084,-0.060,-0.028,-0.022,16,E,9,N,,,255098,107.45,0
1113,2587.881,"Mount",-0.035,-0.075,0.051,0.066,0.015,0.023,9,W,10,S,,,277872,106.81,0
1114,2590.246,"Mount",-0.011,-0.023,0.015,0.020,0.017,0.000,10,W,0,,,,288738,122.88,0
1115,2592.430,"Mount",0.016,-0.007,0.014,-0.011,0.016,0.000,9,W,0,,,,266144,103.77,0
1116,2594.714,"Mount",0.043,-0.036,0.051,-0.022,0.015,0.000,8,W,0,,,,279054,113.27,0
1117,2596.826,"Mount",0.049,0.004,0.019,-0.045,0.015,0.000,8,W,0,,,,273492,113.65,0
1118,2599.332,"Mount",-0.096,-0.136,0.077,0.148,0.056,0.053,32,W,23,S,,,280647,107.10,0
1119,2601.569,"Mount",-0.150,0.002,-0.071,0.132,-0.010,0.050,6,E,21,S,,,276827,104.32,0
1120,2603.909,"Mount",0.000,-0.055,0.049,0.025,0.019,0.000,11,W,0,,,,267955,104.50,0
1121,2606.109,"Mount",-0.048,-0.099,0.066,0.088,0.041,0.032,23,W,14,S,,,278969,129.15,0
1122,2608.485,"Mount",-0.077,0.000,-0.036,0.068,0.001,0.026,0,,11,S,,,281446,109.05,0
1123,2610.698,"Mount",-0.099,-0.052,0.001,0.111,-0.010,0.041,6,E,18,S,,,260211,111.75,0
1124,2613.068,"Mount",0.095,0.029,0.018,-0.098,-0.020,-0.034,11,E,14,N,,,279508,112.33,0
1125,2615.216,"Mount",-0.052,-0.051,0.022,0.070,-0.032,0.024,18,E,10,S,,,271008,101.42,0
INFO: SET LOCK POSITION, new lock pos = 557.369, 547.225
INFO: DITHER by 7.157, 0.460, new lock pos = 560.256, 540.660
INFO: SETTLING STATE CHANGE, Settling started
1126,2621.883,"Mount",-2.887,6.565,-7.157,-0.460,-7.157,-0.460,4092,E,197,N,,,289361,105.98,0
1127,2624.706,"Mount",-1.566,0.167,-0.869,1.312,-0.391,0.472,224,E,202,S,,,279960,103.86,0
1128,2627.213,"Mount",-1.063,0.339,-0.790,0.786,-0.356,0.302,203,E,129,S,,,306244,111.41,0
1129,2629.789,"Mount",-0.415,0.657,-0.775,0.065,-0.349,0.036,199,E,15,S,,,325678,120.08,0
1130,2632.140,"Mount",-0.195,0.682,-0.695,-0.142,-0.313,-0.050,179,E,21,N,,,319700,123.54,0
1131,2634.591,"Mount",-0.228,0.359,-0.424,0.037,-0.191,0.000,109,E,0,,,,310293,122.08,0
1132,2636.771,"Mount",-0.144,0.274,-0.309,0.001,-0.139,0.000,80,E,0,,,,321554,116.81,0
1133,2639.261,"Mount",-0.265,0.320,-0.406,0.088,-0.183,0.032,104,E,13,S,,,299602,104.70,0
1134,2641.567,"Mount",-0.385,0.332,-0.472,0.188,-0.213,0.069,122,E,30,S,,,300706,117.14,0
1135,2644.044,"Mount",0.015,0.257,-0.221,-0.132,-0.099,-0.045,57,E,19,N,,,290672,106.05,0
1136,2646.250,"Mount",-0.212,0.206,-0.280,0.093,-0.126,0.032,72,E,14,S,,,307267,118.79,0
1137,2648.609,"Mount",-0.094,0.133,-0.162,0.022,-0.138,0.000,79,E,0,,,,297684,112.12,0
1138,2650.807,"Mount",0.049,0.168,-0.127,-0.121,-0.106,-0.044,61,E,19,N,,,305911,115.93,0
1139,2653.256,"Mount",-0.179,-0.182,0.079,0.243,-0.012,0.086,7,E,37,S,,,283680,105.39,0
1140,2655.405,"Mount",0.032,0.015,0.002,-0.035,-0.041,0.000,23,E,0,,,,281038,104.87,0
1141,2657.824,"Mount",0.133,-0.040,0.097,-0.100,-0.004,-0.036,2,E,15,N,,,250191,99.12,0
1142,2659.923,"Mount",0.054,0.026,0.002,-0.059,-0.054,0.000,31,E,0,,,,265110,105.99,0
INFO: SETTLING STATE CHANGE, Settling complete
1143,2662.351,"Mount",0.060,0.097,-0.059,-0.098,-0.071,-0.035,41,E,15,N,,,277648,99.58,0
1144,2664.518,"Mount",0.005,0.074,-0.063,-0.038,-0.109,0.000,62,E,0,,,,265079,98.49,0
1145,2666.966,"Mount",-0.044,-0.131,0.096,0.100,-0.055,0.036,31,E,15,S,,,280329,102.89,0
1146,2669.082,"Mount",0.104,-0.142,0.174,-0.027,-0.019,0.000,11,E,0,,,,271810,108.08,0
1147,2671.480,"Mount",-0.068,0.032,-0.060,0.046,-0.121,0.000,69,E,0,,,,262141,106.01,0
1148,2673.676,"Mount",-0.045,-0.007,-0.015,0.043,-0.142,0.000,81,E,0,,,,260543,103.89,0
1149,2676.139,"Mount",-0.049,0.061,-0.077,0.016,-0.203,0.000,116,E,0,,,,260017,108.92,0
1150,2678.397,"Mount",-0.040,0.118,-0.123,-0.019,-0.251,0.000,144,E,0,,,,283162,107.24,0
1151,2680.932,"Mount",-0.121,0.092,-0.137,0.064,-0.275,0.023,157,E,10,S,,,245043,96.62,0
1152,2683.227,"Mount",-0.050,0.178,-0.181,-0.038,-0.309,0.000,176,E,0,,,,272849,107.15,0
1153,2685.790,"Mount",0.069,0.114,-0.070,-0.114,-0.265,-0.041,151,E,18,N,,,280570,107.53,0
1154,2688.035,"Mount",-0.040,0.015,-0.032,0.029,-0.222,0.000,127,E,0,,,,270901,125.09,0
1155,2690.577,"Mount",0.014,0.122,-0.102,-0.069,-0.271,-0.025,155,E,11,N,,,268153,102.13,0
1156,2692.869,"Mount",-0.126,0.088,-0.136,0.071,-0.272,0.024,155,E,10,S,,,258419,100.17,0
1157,2695.328,"Mount",0.033,-0.032,0.044,-0.014,-0.206,0.000,118,E,0,,,,261575,111.68,0
1158,2697.621,"Mount",-0.085,0.015,-0.053,0.069,-0.180,0.025,103,E,11,S,,,245586,95.22,0
1159,2700.087,"Mount",0.078,0.004,0.032,-0.071,-0.186,-0.025,107,E,11,N,,,269140,98.87,0
1160,2702.520,"Mount",-0.269,0.073,-0.188,0.205,-0.250,0.073,143,E,31,S,,,286621,112.22,0
1161,2704.901,"Mount",0.002,0.005,-0.003,-0.004,-0.171,0.000,98,E,0,,,,291663,102.99,0
1162,2707.033,"Mount",0.061,-0.141,0.154,0.011,-0.082,0.000,47,E,0,,,,279288,113.31,0
1163,2709.463,"Mount",0.082,-0.021,0.056,-0.063,-0.141,-0.023,80,E,10,N,,,274241,103.57,0
1164,2711.707,"Mount",-0.075,0.173,-0.188,-0.013,-0.217,0.000,124,E,0,,,,299373,111.33,0
1165,2714.139,"Mount",-0.026,-0.093,0.071,0.066,-0.088,0.024,50,E,10,S,,,265378,95.31,0
1166,2716.400,"Mount",-0.114,0.019,-0.070,0.092,-0.144,0.034,82,E,15,S,,,258830,90.04,0
1167,2718.935,"Mount",-0.037,0.223,-0.215,-0.070,-0.203,-0.024,116,E,10,N,,,274482,105.43,0
1168,2721.151,"Mount",-0.139,0.221,-0.261,0.021,-0.219,0.000,125,E,0,,,,284203,112.12,0
1169,2723.595,"Mount",0.081,-0.020,0.055,-0.062,-0.098,-0.022,56,E,10,N,,,266239,104.60,0
1170,2725.807,"Mount",-0.075,-0.110,0.063,0.117,-0.076,0.041,44,E,18,S,,,270705,109.55,0
1171,2728.175,"Mount",0.094,-0.069,0.105,-0.051,-0.059,0.000,34,E,0,,,,261653,99.79,0
1172,2730.292,"Mount",-0.030,-0.011,-0.004,0.032,-0.086,0.000,49,E,0,,,,266989,99.43,0
1173,2732.694,"Mount",-0.088,-0.068,0.020,0.109,-0.087,0.039,50,E,17,S,,,257002,102.25,0
1174,2734.926,"Mount",-0.102,0.030,-0.074,0.076,-0.116,0.029,67,E,12,S,,,252855,106.94,0
1175,2737.323,"Mount",0.007,-0.203,0.183,0.087,0.013,0.033,7,W,14,S,,,253131,91.14,0
1176,2739.500,"Mount",0.127,-0.164,0.204,-0.037,0.033,0.000,19,W,0,,,,282532,119.52,0
1177,2741.884,"Mount",0.036,-0.123,0.126,0.025,0.018,0.000,11,W,0,,,,312681,133.05,0
1178,2744.082,"Mount",0.059,0.024,0.005,-0.063,-0.023,-0.023,13,E,10,N,,,294789,113.61,0
1179,2746.499,"Mount",-0.132,-0.150,0.073,0.187,0.026,0.066,15,W,28,S,,,289850,109.31,0
1180,2748.564,"Mount",0.023,0.039,-0.024,-0.039,0.005,0.000,3,W,0,,,,266434,95.05,0
1181,2750.873,"Mount",0.032,-0.041,0.051,-0.009,0.011,0.000,6,W,0,,,,265987,110.45,0
1182,2752.955,"Mount",0.043,-0.027,0.044,-0.026,0.016,0.000,9,W,0,,,,287513,106.78,0
1183,2755.283,"Mount",-0.150,0.187,-0.235,0.047,-0.076,0.000,43,E,0,,,,266507,95.14,0
1184,2757.480,"Mount",-0.152,0.095,-0.155,0.090,-0.030,0.033,17,E,14,S,,,263429,97.71,0
1185,2759.858,"Mount",-0.015,0.115,-0.109,-0.040,0.008,0.000,5,W,0,,,,277841,106.35,0
1186,2762.074,"Mount",-0.121,0.199,-0.233,0.016,-0.038,0.000,22,E,0,,,,252905,85.36,0
1187,2764.458,"Mount",-0.062,0.281,-0.278,-0.074,-0.042,-0.027,24,E,11,N,,,278685,97.73,0
1188,2766.554,"Mount",-0.057,0.171,-0.178,-0.028,0.008,0.000,4,W,0,,,,264800,111.41,0
1189,2768.903,"Mount",-0.050,-0.010,-0.014,0.049,0.104,0.000,59,W,0,,,,282783,103.55,0
1190,2771.054,"Mount",0.058,-0.019,0.044,-0.043,0.101,0.000,58,W,0,,,,301495,124.65,0
1191,2773.452,"Mount",-0.096,0.018,-0.060,0.077,0.079,0.028,45,W,12,S,,,261075,96.71,0
1192,2775.586,"Mount",-0.025,-0.035,0.019,0.038,0.104,0.000,59,W,0,,,,263700,108.42,0
1193,2777.949,"Mount",0.019,-0.139,0.132,0.048,0.156,0.000,89,W,0,,,,265600,103.02,0
1194,2780.072,"Mount",0.065,-0.016,0.044,-0.051,0.088,0.000,50,W,0,,,,287890,123.26,0
1195,2782.447,"Mount",0.025,-0.051,0.057,0.001,0.080,0.000,46,W,0,,,,281161,110.30,0
1196,2784.670,"Mount",0.000,-0.215,0.191,0.099,0.153,0.036,87,W,15,S,,,272185,101.73,0
1197,2787.141,"Mount",0.135,-0.049,0.106,-0.097,0.101,-0.034,58,W,14,N,,,288732,109.54,0
1198,2789.342,"Mount",-0.025,-0.124,0.099,0.079,0.088,0.027,51,W,12,S,,,262941,96.99,0
1199,2791.741,"Mount",0.077,-0.114,0.137,-0.016,0.095,0.000,54,W,0,,,,243181,94.47,0
1200,2793.842,"Mount",0.007,-0.011,0.013,-0.001,0.016,0.000,9,W,0,,,,260451,105.83,0
1201,2796.225,"Mount",0.024,-0.002,0.013,-0.021,0.006,0.000,4,W,0,,,,240641,100.96,0
1202,2798.401,"Mount",0.061,0.026,0.005,-0.066,-0.011,-0.024,7,E,10,N,,,253314,100.38,0
1203,2800.827,"Mount",-0.099,0.013,-0.057,0.082,-0.026,0.028,15,E,12,S,,,237945,92.07,0
1204,2802.991,"Mount",0.016,0.039,-0.027,-0.032,-0.031,0.000,17,E,0,,,,272163,101.93,0
1205,2805.434,"Mount",-0.252,0.111,-0.215,0.172,-0.128,0.062,73,E,26,S,,,267700,109.02,0
1206,2807.532,"Mount",-0.100,0.066,-0.105,0.058,-0.069,0.000,40,E,0,,,,269599,106.29,0
1207,2809.950,"Mount",-0.069,-0.051,0.014,0.085,-0.006,0.031,4,E,13,S,,,258502,100.80,0
1208,2812.161,"Mount",-0.097,-0.068,0.016,0.118,-0.002,0.044,1,E,19,S,,,281502,102.36,0
1209,2814.579,"Mount",-0.065,-0.057,0.020,0.083,0.013,0.032,7,W,14,S,,,257097,100.50,0
1210,2816.764,"Mount",-0.173,-0.069,-0.019,0.186,0.038,0.068,22,W,29,S,,,263473,93.59,0
1211,2819.135,"Mount",-0.009,-0.066,0.055,0.038,0.062,0.000,36,W,0,,,,259220,96.67,0
1212,2821.365,"Mount",-0.093,-0.060,0.010,0.110,0.083,0.040,48,W,17,S,,,285028,106.55,0
1213,2823.737,"Mount",-0.006,-0.010,0.006,0.010,0.099,0.000,57,W,0,,,,293506,108.93,0
1214,2825.872,"Mount",-0.048,0.098,-0.109,-0.003,0.051,0.000,29,W,0,,,,303003,121.70,0
1215,2828.270,"Mount",-0.047,-0.011,-0.011,0.047,0.112,0.000,64,W,0,,,,301407,103.48,0
1216,2830.417,"Mount",-0.064,0.142,-0.156,-0.009,0.042,0.000,24,W,0,,,,298914,98.98,0
1217,2832.884,"Mount",0.043,-0.084,0.094,0.001,0.159,0.000,91,W,0,,,,292896,118.04,0
1218,2835.113,"Mount",0.140,-0.175,0.220,-0.043,0.218,0.000,125,W,0,,,,297325,105.64,0
1219,2837.495,"Mount",-0.026,-0.041,0.024,0.042,0.126,0.000,72,W,0,,,,316828,129.75,0
1220,2839.690,"Mount",-0.049,-0.108,0.073,0.093,0.155,0.034,89,W,14,S,,,294947,109.24,0
1221,2842.138,"Mount",0.108,-0.137,0.171,-0.032,0.213,0.000,122,W,0,,,,304307,117.96,0
1222,2844.475,"Mount",0.012,-0.263,0.239,0.110,0.244,0.040,139,W,17,S,,,303756,112.91,0
1223,2846.950,"Mount",0.069,-0.156,0.171,0.011,0.226,0.000,129,W,0,,,,306335,117.76,0
1224,2849.255,"Mount",0.031,-0.190,0.183,0.060,0.221,0.022,126,W,9,S,,,310602,123.59,0
1225,2851.798,"Mount",-0.128,-0.008,-0.052,0.117,0.140,0.043,80,W,18,S,,,322166,113.36,0
1226,2853.977,"Mount",0.109,0.005,0.045,-0.099,0.126,-0.034,72,W,14,N,,,307057,107.10,0
1227,2856.370,"Mount",0.070,0.132,-0.085,-0.123,0.071,-0.046,41,W,20,N,,,306832,113.46,0
1228,2858.514,"Mount",0.010,-0.006,0.010,-0.006,0.087,0.000,50,W,0,,,,307483,108.11,0
1229,2860.962,"Mount",-0.066,0.027,-0.055,0.046,0.068,0.000,39,W,0,,,,302213,103.50,0
1230,2863.138,"Mount",-0.009,-0.109,0.092,0.058,0.094,0.000,54,W,0,,,,298265,106.33,0
1231,2865.476,"Mount",0.012,0.087,-0.072,-0.051,0.009,0.000,5,W,0,,,,302761,146.20,0
1232,2867.605,"Mount",0.014,-0.021,0.025,-0.003,0.025,0.000,15,W,0,,,,314939,127.28,0
1233,2869.973,"Mount",-0.068,-0.090,0.048,0.102,0.025,0.037,14,W,16,S,,,288028,96.06,0
1234,2872.089,"Mount",0.000,0.021,-0.018,-0.010,0.025,0.000,14,W,0,,,,284172,109.11,0
1235,2874.464,"Mount",0.041,-0.174,0.173,0.044,0.100,0.000,57,W,0,,,,248546,100.37,0
1236,2876.697,"Mount",-0.033,-0.272,0.226,0.155,0.115,0.056,66,W,24,S,,,282266,120.40,0
1237,2879.015,"Mount",0.038,0.030,-0.009,-0.048,0.014,0.000,8,W,0,,,,278879,110.23,0
1238,2881.207,"Mount",0.080,0.011,0.027,-0.076,0.020,-0.027,12,W,12,N,,,281576,108.71,0
1239,2883.560,"Mount",-0.076,0.123,-0.144,0.011,-0.042,0.000,24,E,0,,,,258407,107.37,0
1240,2885.723,"Mount",-0.172,0.003,-0.081,0.151,-0.016,0.054,9,E,23,S,,,260322,105.24,0
1241,2888.091,"Mount",0.023,0.041,-0.026,-0.039,0.020,0.000,11,W,0,,,,265505,101.11,0
1242,2890.299,"Mount",0.014,0.129,-0.108,-0.072,-0.037,-0.026,21,E,11,N,,,275625,100.34,0
1243,2892.575,"Mount",0.020,0.053,-0.038,-0.043,0.014,0.000,8,W,0,,,,245924,110.26,0
1244,2894.650,"Mount",0.009,0.022,-0.015,-0.018,0.009,0.000,5,W,0,,,,278425,107.21,0
1245,2897.061,"Mount",-0.095,0.034,-0.074,0.069,-0.026,0.025,15,E,11,S,,,274522,108.79,0
1246,2899.203,"Mount",-0.038,0.021,-0.036,0.024,0.007,0.000,4,W,0,,,,252596,101.65,0
1247,2901.572,"Mount",0.032,0.093,-0.068,-0.071,-0.029,-0.026,17,E,11,N,,,266260,103.51,0
1248,2903.717,"Mount",0.003,0.009,-0.007,-0.007,-0.007,0.000,4,E,0,,,,259337,103.11,0
1249,2906.021,"Mount",0.087,-0.065,0.098,-0.047,0.032,0.000,18,W,0,,,,226966,96.07,0
1250,2908.214,"Mount",0.135,-0.076,0.129,-0.085,0.036,-0.031,21,W,13,N,,,235474,89.59,0
1251,2910.575,"Mount",-0.116,0.013,-0.064,0.097,-0.046,0.034,26,E,14,S,,,232712,83.08,0
1252,2912.696,"Mount",-0.089,-0.013,-0.029,0.084,-0.018,0.032,10,E,14,S,,,242516,97.61,0
1253,2915.001,"Mount",-0.018,0.117,-0.112,-0.038,-0.070,0.000,40,E,0,,,,220516,84.88,0
1254,2917.119,"Mount",-0.022,0.089,-0.089,-0.022,-0.061,0.000,35,E,0,,,,255345,106.29,0
1255,2919.453,"Mount",0.020,0.033,-0.020,-0.033,-0.017,0.000,10,E,0,,,,229869,90.25,0
1256,2921.539,"Mount",0.007,0.034,-0.027,-0.022,-0.023,0.000,13,E,0,,,,232709,91.32,0
1257,2923.989,"Mount",0.048,0.054,-0.026,-0.068,-0.022,-0.024,12,E,10,N,,,237551,99.73,0
1258,2926.204,"Mount",-0.080,0.002,-0.038,0.071,-0.012,0.024,7,E,10,S,,,250045,99.05,0
1259,2928.537,"Mount",-0.086,0.060,-0.093,0.049,-0.047,0.000,27,E,0,,,,274867,108.53,0
1260,2930.607,"Mount",-0.050,0.025,-0.046,0.033,0.001,0.000,1,W,0,,,,227010,86.96,0
1261,2932.977,"Mount",-0.104,0.083,-0.122,0.054,-0.046,0.000,26,E,0,,,,218112,92.17,0
1262,2935.046,"Mount",0.005,-0.035,0.033,0.011,0.011,0.000,7,W,0,,,,227390,105.24,0
1263,2937.407,"Mount",0.027,0.021,-0.007,-0.033,0.013,0.000,7,W,0,,,,230465,93.84,0
1264,2939.566,"Mount",0.043,-0.203,0.200,0.056,0.103,0.000,59,W,0,,,,244053,99.74,0
1265,2942.042,"Mount",-0.048,-0.206,0.161,0.138,0.088,0.050,50,W,21,S,,,231730,94.04,0
1266,2944.238,"Mount",-0.018,-0.141,0.117,0.082,0.069,0.031,39,W,13,S,,,231621,90.42,0
1267,2946.634,"Mount",-0.087,-0.070,0.022,0.110,0.028,0.041,16,W,17,S,,,247955,100.93,0
1268,2948.849,"Mount",-0.026,-0.119,0.094,0.078,0.068,0.030,39,W,13,S,,,208998,84.29,0
1269,2951.218,"Mount",0.063,-0.014,0.041,-0.049,0.023,0.000,13,W,0,,,,218305,98.07,0
1270,2953.441,"Mount",0.112,-0.109,0.149,-0.049,0.078,0.000,45,W,0,,,,213726,85.87,0
1271,2955.687,"Mount",-0.031,0.048,-0.057,0.006,-0.001,0.000,0,,0,,,,246217,94.73,0
1272,2957.898,"Mount",0.020,-0.075,0.076,0.017,0.025,0.000,14,W,0,,,,235081,96.35,0
1273,2960.312,"Mount",-0.139,-0.273,0.178,0.249,0.057,0.090,33,W,38,S,,,260327,111.64,0
1274,2962.465,"Mount",-0.085,-0.163,0.106,0.151,0.007,0.058,4,W,25,S,,,236787,104.49,0
1275,2964.897,"Mount",-0.095,0.044,-0.083,0.064,-0.101,0.025,58,E,11,S,,,230652,90.01,0
1276,2967.072,"Mount",-0.022,-0.140,0.114,0.084,-0.026,0.031,15,E,13,S,,,247845,105.19,0
1277,2969.475,"Mount",0.120,-0.101,0.145,-0.060,-0.029,0.000,16,E,0,,,,236216,96.43,0
1278,2971.737,"Mount",-0.147,0.078,-0.137,0.094,-0.163,0.034,93,E,15,S,,,237837,104.50,0
1279,2974.240,"Mount",-0.141,0.047,-0.106,0.103,-0.157,0.039,89,E,16,S,,,253278,109.72,0
1280,2976.499,"Mount",-0.131,-0.047,-0.018,0.138,-0.110,0.051,63,E,22,S,,,234998,90.92,0
1281,2979.069,"Mount",-0.202,0.163,-0.238,0.103,-0.234,0.039,134,E,17,S,,,224887,92.49,0
1282,2981.231,"Mount",-0.025,0.005,-0.016,0.020,-0.126,0.000,72,E,0,,,,215806,87.58,0
1283,2983.658,"Mount",0.008,0.032,-0.025,-0.021,-0.134,0.000,76,E,0,,,,240868,96.73,0
1284,2985.921,"Mount",0.041,-0.063,0.075,-0.008,-0.091,0.000,52,E,0,,,,226535,91.05,0
1285,2988.370,"Mount",-0.063,0.081,-0.100,0.018,-0.167,0.000,95,E,0,,,,217774,84.55,0
1286,2990.532,"Mount",-0.024,-0.026,0.012,0.033,-0.094,0.000,54,E,0,,,,201432,96.39,0
1287,2992.902,"Mount",0.014,-0.033,0.036,0.003,-0.076,0.000,44,E,0,,,,222736,94.45,0
1288,2995.113,"Mount",-0.026,0.193,-0.183,-0.066,-0.143,-0.024,82,E,10,N,,,239031,98.72,0
1289,2997.571,"Mount",-0.166,-0.009,-0.068,0.151,-0.084,0.053,48,E,23,S,,,237707,90.92,0
1290,2999.737,"Mount",0.069,-0.024,0.053,-0.050,-0.049,0.000,28,E,0,,,,206800,90.40,0
1291,3002.167,"Mount",-0.028,-0.094,0.071,0.068,-0.011,0.025,6,E,11,S,,,204003,86.87,0
1292,3004.426,"Mount",0.159,0.017,0.058,-0.149,-0.040,-0.053,23,E,23,N,,,212511,93.84,0
1293,3006.797,"Mount",-0.024,-0.210,0.175,0.118,0.034,0.040,19,W,17,S,,,222574,81.29,0
1294,3008.881,"Mount",0.062,-0.175,0.184,0.026,0.033,0.000,19,W,0,,,,228789,92.60,0
1295,3011.263,"Mount",-0.007,0.141,-0.128,-0.059,-0.129,0.000,74,E,0,,,,257325,104.36,0
1296,3013.410,"Mount",0.120,-0.042,0.092,-0.087,-0.038,-0.031,22,E,13,N,,,248149,97.22,0
1297,3015.793,"Mount",0.045,-0.094,0.105,0.003,-0.061,0.000,35,E,0,,,,243272,89.88,0
1298,3018.026,"Mount",-0.212,-0.116,0.006,0.242,-0.106,0.087,61,E,37,S,,,252406,104.09,0
1299,3020.489,"Mount",0.036,-0.224,0.215,0.072,-0.037,0.029,21,E,13,S,,,243321,99.06,0
1300,3022.651,"Mount",-0.022,0.010,-0.019,0.015,-0.158,0.000,91,E,0,,,,233713,89.47,0
1301,3025.129,"Mount",-0.118,0.015,-0.068,0.098,-0.223,0.035,128,E,15,S,,,228633,90.98,0
1302,3027.423,"Mount",-0.063,0.063,-0.085,0.027,-0.252,0.000,144,E,0,,,,249014,104.30,0
1303,3029.911,"Mount",-0.103,0.114,-0.148,0.039,-0.296,0.000,169,E,0,,,,240476,87.42,0
1304,3032.262,"Mount",0.094,0.115,-0.059,-0.136,-0.226,-0.049,129,E,21,N,,,258749,104.74,0
1305,3034.780,"Mount",-0.117,0.084,-0.129,0.065,-0.280,0.022,160,E,9,S,,,260703,95.62,0
1306,3037.106,"Mount",-0.193,-0.043,-0.051,0.191,-0.210,0.070,120,E,30,S,,,254472,99.39,0
1307,3039.615,"Mount",-0.022,0.071,-0.073,-0.014,-0.231,0.000,132,E,0,,,,237933,98.93,0
1308,3042.004,"Mount",-0.208,0.164,-0.242,0.109,-0.290,0.039,166,E,17,S,,,228790,94.82,0
1309,3044.469,"Mount",-0.151,-0.041,-0.033,0.153,-0.173,0.057,99,E,24,S,,,196076,81.60,0
1310,3046.665,"Mount",-0.026,0.129,-0.127,-0.037,-0.221,0.000,127,E,0,,,,219228,89.95,0
1311,3049.202,"Mount",-0.229,0.004,-0.109,0.202,-0.230,0.073,131,E,31,S,,,207034,98.89,0
1312,3051.540,"Mount",-0.227,0.054,-0.152,0.176,-0.249,0.066,142,E,28,S,,,184257,83.26,0
1313,3054.143,"Mount",-0.129,0.047,-0.101,0.093,-0.232,0.036,132,E,15,S,,,207965,90.74,0
1314,3056.358,"Mount",-0.006,0.124,-0.113,-0.052,-0.237,0.000,136,E,0,,,,219406,85.52,0
1315,3058.728,"Mount",0.023,-0.070,0.073,0.011,-0.149,0.000,85,E,0,,,,213423,96.46,0
1316,3061.015,"Mount",-0.135,-0.122,0.046,0.176,-0.168,0.063,96,E,27,S,,,216397,96.02,0
1317,3063.463,"Mount",-0.013,-0.001,-0.005,0.012,-0.159,0.000,91,E,0,,,,221479,101.78,0
1318,3065.707,"Mount",-0.081,-0.155,0.100,0.143,-0.081,0.052,46,E,22,S,,,237117,100.96,0
1319,3068.094,"Mount",-0.038,-0.027,0.007,0.046,-0.108,0.000,62,E,0,,,,234502,101.66,0
1320,3070.237,"Mount",-0.085,-0.294,0.222,0.212,0.009,0.076,5,W,33,S,,,239554,92.95,0
1321,3072.541,"Mount",0.063,-0.072,0.093,-0.023,-0.042,0.000,24,E,0,,,,242577,97.25,0
1322,3074.640,"Mount",0.034,-0.006,0.021,-0.028,-0.064,0.000,37,E,0,,,,222886,99.55,0
1323,3076.983,"Mount",-0.006,-0.091,0.078,0.048,-0.026,0.000,15,E,0,,,,233326,94.72,0
1324,3079.130,"Mount",-0.030,0.027,-0.038,0.015,-0.048,0.000,28,E,0,,,,217088,94.08,0
1325,3081.547,"Mount",-0.116,0.165,-0.200,0.027,-0.141,0.000,81,E,0,,,,235853,96.47,0
1326,3083.667,"Mount",-0.010,-0.080,0.066,0.046,-0.016,0.000,9,E,0,,,,227742,89.13,0
1327,3086.172,"Mount",0.028,-0.277,0.259,0.103,0.059,0.037,34,W,16,S,,,219231,88.75,0
1328,3088.387,"Mount",0.086,-0.122,0.148,-0.019,0.014,0.000,8,W,0,,,,210024,86.85,0
1329,3090.725,"Mount",-0.035,0.094,-0.100,-0.012,-0.081,0.000,46,E,0,,,,225015,87.81,0
1330,3092.951,"Mount",-0.153,0.020,-0.088,0.127,-0.064,0.046,36,E,20,S,,,222410,92.67,0
1331,3095.325,"Mount",-0.012,0.038,-0.039,-0.007,-0.020,0.000,12,E,0,,,,251957,94.06,0
1332,3097.493,"Mount",0.108,0.153,-0.086,-0.166,-0.049,-0.060,28,E,26,N,,,234598,94.13,0
1333,3099.924,"Mount",0.072,0.038,-0.001,-0.082,-0.006,-0.032,4,E,14,N,,,224569,87.83,0
1334,3102.068,"Mount",-0.035,-0.074,0.050,0.065,-0.000,0.022,0,,10,S,,,223486,98.36,0
1335,3104.542,"Mount",-0.403,-0.019,-0.169,0.366,-0.060,0.133,34,E,57,S,,,223061,94.42,0
1336,3106.705,"Mount",-0.202,0.062,-0.148,0.151,-0.031,0.060,18,E,25,S,,,230272,94.59,0
1337,3109.092,"Mount",0.070,-0.065,0.090,-0.032,0.097,0.000,55,W,0,,,,237137,97.70,0
1338,3111.248,"Mount",0.033,0.042,-0.022,-0.048,0.067,0.000,38,W,0,,,,234583,96.30,0
1339,3113.602,"Mount",-0.061,0.159,-0.169,-0.019,0.010,0.000,6,W,0,,,,215248,86.43,0
1340,3115.843,"Mount",0.077,0.106,-0.059,-0.117,0.095,-0.042,54,W,18,N,,,237953,94.55,0
1341,3118.380,"Mount",-0.094,-0.050,0.002,0.106,0.113,0.037,65,W,16,S,,,231358,98.22,0
1342,3120.584,"Mount",0.052,-0.027,0.048,-0.034,0.113,0.000,65,W,0,,,,213015,94.32,0
1343,3122.931,"Mount",0.022,-0.035,0.041,-0.003,0.114,0.000,65,W,0,,,,198860,88.22,0
1344,3125.155,"Mount",-0.067,-0.158,0.109,0.133,0.150,0.048,86,W,20,S,,,213348,93.22,0
1345,3127.697,"Mount",0.179,-0.101,0.172,-0.112,0.184,-0.039,105,W,16,N,,,200186,85.08,0
1346,3129.880,"Mount",0.027,-0.072,0.077,0.009,0.123,0.000,70,W,0,,,,210778,89.44,0
1347,3132.265,"Mount",-0.012,-0.023,0.015,0.022,0.078,0.000,45,W,0,,,,218411,94.50,0
1348,3134.428,"Mount",0.049,-0.009,0.030,-0.039,0.062,0.000,35,W,0,,,,211753,95.02,0
1349,3136.816,"Mount",-0.027,-0.038,0.021,0.042,0.050,0.000,29,W,0,,,,228699,109.30,0
1350,3139.040,"Mount",0.100,-0.224,0.246,0.015,0.146,0.000,83,W,0,,,,244719,97.99,0
1351,3141.486,"Mount",-0.036,-0.114,0.085,0.084,0.061,0.030,35,W,13,S,,,216255,86.43,0
1352,3143.721,"Mount",-0.084,-0.079,0.031,0.111,0.003,0.041,2,W,18,S,,,235365,98.04,0
1353,3146.029,"Mount",-0.081,0.052,-0.083,0.047,-0.042,0.000,24,E,0,,,,207657,84.22,0
1354,3148.175,"Mount",-0.076,0.089,-0.114,0.026,-0.071,0.000,40,E,0,,,,227299,89.03,0
1355,3150.475,"Mount",0.044,0.003,0.017,-0.040,-0.030,0.000,17,E,0,,,,219594,91.11,0
1356,3152.605,"Mount",0.011,0.056,-0.045,-0.035,-0.029,0.000,17,E,0,,,,250012,102.72,0
1357,3154.984,"Mount",0.173,-0.089,0.158,-0.112,0.051,-0.040,29,W,17,N,,,260345,105.00,0
1358,3157.150,"Mount",0.092,0.057,-0.008,-0.108,-0.013,-0.041,8,E,17,N,,,252306,103.56,0
1359,3159.550,"Mount",-0.181,-0.045,-0.044,0.181,0.001,0.064,1,W,27,S,,,238134,97.38,0
1360,3161.680,"Mount",0.071,-0.046,0.074,-0.042,0.052,0.000,30,W,0,,,,228240,87.39,0
1361,3164.094,"Mount",0.060,0.023,0.007,-0.063,0.027,-0.023,16,W,10,N,,,244959,105.45,0
1362,3166.307,"Mount",0.059,0.098,-0.060,-0.098,0.052,-0.036,30,W,15,N,,,284988,116.20,0
1363,3168.710,"Mount",-0.074,-0.036,-0.003,0.082,0.077,0.028,44,W,12,S,,,279795,123.83,0
1364,3170.841,"Mount",0.010,-0.090,0.085,0.033,0.124,0.000,71,W,0,,,,268549,99.78,0
1365,3173.270,"Mount",-0.124,-0.039,-0.023,0.128,0.098,0.046,56,W,20,S,,,269486,103.32,0
1366,3175.528,"Mount",-0.052,-0.092,0.058,0.088,0.106,0.034,61,W,14,S,,,272925,102.92,0
1367,3177.927,"Mount",0.003,-0.033,0.031,0.012,0.120,0.000,68,W,0,,,,279725,111.85,0
1368,3180.061,"Mount",-0.035,0.018,-0.032,0.023,0.116,0.000,67,W,0,,,,267302,98.07,0
1369,3182.570,"Mount",0.134,-0.117,0.165,-0.064,0.204,-0.023,117,W,10,N,,,269671,105.63,0
1370,3184.750,"Mount",0.023,-0.130,0.126,0.040,0.190,0.000,109,W,0,,,,269659,106.89,0
1371,3187.181,"Mount",-0.026,-0.127,0.101,0.082,0.184,0.029,105,W,13,S,,,249993,116.10,0
1372,3189.462,"Mount",-0.021,-0.136,0.111,0.081,0.191,0.030,109,W,13,S,,,266355,110.39,0
1373,3191.955,"Mount",0.118,-0.116,0.157,-0.051,0.222,0.000,127,W,0,,,,250391,97.66,0
1374,3194.182,"Mount",0.080,-0.033,0.066,-0.055,0.178,0.000,102,W,0,,,,267908,98.60,0
1375,3196.765,"Mount",-0.086,-0.034,-0.009,0.092,0.157,0.033,90,W,14,S,,,247430,98.14,0
1376,3199.087,"Mount",0.158,0.038,0.040,-0.158,0.140,-0.056,80,W,24,N,,,257891,104.50,0
1377,3201.551,"Mount",-0.123,-0.044,-0.017,0.129,0.128,0.044,73,W,19,S,,,249481,109.50,0
1378,3203.772,"Mount",-0.234,-0.007,-0.101,0.211,0.061,0.078,35,W,33,S,,,250600,95.57,0
1379,3206.239,"Mount",-0.176,-0.127,0.032,0.215,0.092,0.081,52,W,34,S,,,248953,106.78,0
1380,3208.409,"Mount",-0.006,0.025,-0.025,-0.006,0.071,0.000,40,W,0,,,,238585,93.86,0
1381,3210.854,"Mount",-0.138,-0.085,0.012,0.162,0.060,0.058,34,W,25,S,,,261878,103.41,0
1382,3213.021,"Mount",-0.233,-0.002,-0.106,0.208,-0.004,0.077,2,E,33,S,,,265114,118.88,0
1383,3215.348,"Mount",-0.093,0.119,-0.148,0.027,-0.031,0.000,17,E,0,,,,256798,98.42,0
1384,3217.539,"Mount",-0.061,-0.052,0.018,0.078,0.032,0.028,18,W,12,S,,,255953,89.91,0
1385,3219.971,"Mount",-0.088,0.004,-0.044,0.076,0.032,0.029,18,W,12,S,,,246636,92.61,0
1386,3222.116,"Mount",-0.001,0.018,-0.016,-0.008,0.022,0.000,13,W,0,,,,250173,103.80,0
1387,3224.528,"Mount",-0.210,0.021,-0.115,0.176,-0.034,0.064,19,E,27,S,,,247626,98.49,0
1388,3226.620,"Mount",0.004,0.090,-0.078,-0.046,-0.021,0.000,12,E,0,,,,248568,106.78,0
1389,3228.909,"Mount",-0.062,0.017,-0.044,0.047,0.015,0.000,8,W,0,,,,239798,90.44,0
1390,3231.043,"Mount",-0.135,0.145,-0.191,0.053,-0.072,0.000,41,E,0,,,,248292,110.04,0
1391,3233.316,"Mount",-0.053,0.013,-0.035,0.041,0.013,0.000,8,W,0,,,,229126,100.23,0
1392,3235.420,"Mount",-0.065,0.035,-0.061,0.042,-0.018,0.000,10,E,0,,,,225350,107.78,0
1393,3237.714,"Mount",0.009,-0.027,0.028,0.004,0.012,0.000,7,W,0,,,,252638,100.60,0
1394,3239.836,"Mount",-0.008,-0.079,0.066,0.043,0.041,0.000,23,W,0,,,,241379,99.77,0
1395,3242.216,"Mount",-0.148,0.068,-0.128,0.100,-0.045,0.036,26,E,15,S,,,219860,93.34,0
1396,3244.299,"Mount",-0.004,0.036,-0.034,-0.013,0.013,0.000,7,W,0,,,,202065,83.16,0
1397,3246.653,"Mount",-0.107,-0.010,-0.040,0.099,0.014,0.036,8,W,15,S,,,239454,106.77,0
1398,3248.785,"Mount",-0.092,0.014,-0.055,0.075,0.013,0.028,7,W,12,S,,,237839,110.01,0
1399,3251.200,"Mount",-0.172,0.011,-0.089,0.148,-0.032,0.054,18,E,23,S,,,221608,93.45,0
1400,3253.334,"Mount",0.018,-0.009,0.016,-0.012,-0.003,0.000,2,E,0,,,,246218,99.43,0
1401,3255.701,"Mount",0.060,-0.043,0.066,-0.033,0.015,0.000,9,W,0,,,,211528,97.07,0
1402,3257.860,"Mount",0.067,0.006,0.025,-0.062,-0.018,-0.022,10,E,10,N,,,230346,91.86,0
1403,3260.196,"Mount",-0.052,-0.078,0.046,0.082,-0.018,0.029,10,E,12,S,,,241753,99.68,0
1404,3262.425,"Mount",0.074,0.033,0.005,-0.081,-0.021,-0.028,12,E,12,N,,,228174,95.89,0
1405,3264.761,"Mount",-0.052,0.048,-0.066,0.024,-0.051,0.000,29,E,0,,,,246427,99.25,0
1406,3266.848,"Mount",-0.018,0.037,-0.041,-0.002,-0.021,0.000,12,E,0,,,,247502,97.76,0
INFO: SET LOCK POSITION, new lock pos = 560.256, 540.660
INFO: DITHER by -6.664, -16.491, new lock pos = 571.826, 554.169
INFO: SETTLING STATE CHANGE, Settling started
1407,3269.247,"Mount",-0.103,-0.260,0.183,0.211,0.056,0.076,32,W,33,S,,,264638,111.46,0
1408,3282.110,"Mount",-11.383,-13.292,6.557,16.225,6.557,16.225,3749,W,6940,S,,,259165,110.23,0
1409,3284.870,"Mount",0.178,-1.392,1.318,0.485,0.593,0.174,339,W,75,S,,,276169,99.77,0
1410,3287.319,"Mount",0.296,-0.900,0.935,0.152,0.421,0.062,241,W,26,S,,,280286,100.80,0
1411,3289.844,"Mount",-0.025,-0.504,0.436,0.255,0.196,0.094,112,W,40,S,,,298017,120.65,0
1412,3292.184,"Mount",0.131,-0.438,0.449,0.086,0.202,0.035,116,W,15,S,,,244763,104.12,0
1413,3294.536,"Mount",0.011,-0.078,0.074,0.026,0.033,0.000,19,W,0,,,,250253,102.46,0
1414,3296.640,"Mount",0.008,-0.124,0.114,0.050,0.051,0.000,29,W,0,,,,240408,97.25,0
1415,3299.088,"Mount",0.060,-0.250,0.250,0.063,0.112,0.023,64,W,10,S,,,240974,95.63,0
1416,3301.278,"Mount",0.115,0.007,0.047,-0.105,0.021,-0.037,12,W,16,N,,,244536,91.39,0
1417,3303.753,"Mount",-0.027,-0.130,0.103,0.084,0.046,0.029,27,W,12,S,,,245242,93.03,0
1418,3305.948,"Mount",-0.058,-0.085,0.049,0.090,0.022,0.034,13,W,14,S,,,226979,88.23,0
1419,3308.299,"Mount",-0.050,0.116,-0.126,-0.009,-0.063,0.000,36,E,0,,,,235103,95.48,0
1420,3310.448,"Mount",0.024,-0.050,0.055,0.001,-0.023,0.000,13,E,0,,,,239000,99.37,0
1421,3312.829,"Mount",-0.140,0.153,-0.200,0.054,-0.136,0.000,78,E,0,,,,228092,88.64,0
1422,3314.963,"Mount",0.003,0.085,-0.074,-0.042,-0.099,0.000,56,E,0,,,,241252,89.23,0
INFO: SETTLING STATE CHANGE, Settling complete
1423,3317.471,"Mount",0.329,-0.107,0.246,-0.242,0.024,-0.087,14,W,0,,,,222979,89.90,0
Guiding Ends at 2026-05-28 23:51:52

Guiding Begins at 2026-05-28 23:52:27
Equipment Profile = 60mmGuide
Dither = both axes, Dither scale = 1.000, Image noise reduction = none, Guide-frame time lapse = 0, Server enabled
Pixel scale = 3.22 arc-sec/px, Binning = 1, Focal length = 240 mm
Search region = 25 px, Star mass tolerance = 50.0%, Multi-star mode, list size = 9
 Camera = ZWO ASI120MM Mini, gain = 37, full size = 1280 x 960, have dark, dark dur = 2000, no defect map, pixel size = 3.8 um
Exposure = 2000 ms
Mount = iOptron CEM120,70,40,26, GEM, HEM, HAE, HAZ series and SkyHunter Mount (ASCOM), connected, guiding enabled, xAngle = -62.6, xRate = 1.749, yAngle = -152.7, yRate = 2.338, parity = +/-
Norm rates RA = 8.3"/s @ dec 0, Dec = 7.5"/s; ortho.err. = 0.1 deg
X guide algorithm = Predictive PEC, Control gain = 0.450
Prediction gain = 0.750
Minimum move = 0.060
Hyperparameters
	Length scale long range SE kernel = 700.000
	Signal variance long range SE kernel = 20.000
	Length scale periodic kernel = 10.000
	Signal variance periodic kernel = 20.000
	Length scale short range SE kernel = 25.000
	Signal variance short range SE kernel = 10.000
	Period length periodic kernel = 348.000
	FFT called after = 2.000 worm cycles
	Auto-adjust period length = Off
Y guide algorithm = Hysteresis, Hysteresis = 0.100, Aggression = 0.400, Minimum move = 0.060
Backlash comp = disabled, pulse = 100 ms
Max RA duration = 2500, Max DEC duration = 2500, DEC guide mode = Auto
RA Guide Speed = 7.5 a-s/s, Dec Guide Speed = 7.5 a-s/s, Cal Dec = 0.0, Last Cal Issue = None, Timestamp = 7/29/2025 9:33:42 PM
RA = 13.52 hr, Dec = 47.1 deg, Hour angle = 1.18 hr, Pier side = East, Rotator pos = N/A, Alt = 69.4 deg, Az = 323.9 deg
Lock position = 570.195, 571.812, Star position = 570.195, 571.812, HFD = 4.40 px
Frame,Time,mount,dx,dy,RARawDistance,DECRawDistance,RAGuideDistance,DECGuideDistance,RADuration,RADirection,DECDuration,DECDirection,XStep,YStep,StarMass,SNR,ErrorCode
INFO: SETTLING STATE CHANGE, Settling started
1,2.244,"Mount",0.003,0.106,-0.093,-0.051,-0.042,0.000,24,E,0,,,,270043,116.62,0
2,4.618,"Mount",-0.105,0.242,-0.264,-0.019,-0.119,0.000,68,E,0,,,,289847,105.78,0
3,6.787,"Mount",-0.141,0.200,-0.242,0.033,-0.109,0.000,62,E,0,,,,236402,91.06,0
4,9.205,"Mount",-0.167,0.067,-0.136,0.118,-0.061,0.042,35,E,18,S,,,267930,102.40,0
5,11.465,"Mount",0.048,0.369,-0.306,-0.213,-0.138,-0.075,79,E,32,N,,,268356,114.81,0
6,13.961,"Mount",0.077,0.419,-0.337,-0.261,-0.152,-0.097,87,E,42,N,,,276102,102.69,0
7,16.250,"Mount",-0.248,0.457,-0.519,0.009,-0.234,0.000,134,E,0,,,,275903,103.86,0
8,18.652,"Mount",-0.200,0.369,-0.419,0.007,-0.189,0.000,108,E,0,,,,227005,94.75,0
9,20.830,"Mount",-0.152,0.341,-0.373,-0.022,-0.168,0.000,96,E,0,,,,252682,96.42,0
INFO: SETTLING STATE CHANGE, Settling complete
10,23.266,"Mount",-0.264,0.417,-0.492,0.042,-0.221,0.000,126,E,0,,,,276331,109.90,0
11,25.660,"Mount",-0.303,0.406,-0.500,0.082,-0.436,0.029,249,E,13,S,,,286280,107.56,0
12,28.276,"Mount",-0.311,0.444,-0.537,0.071,-0.474,0.027,271,E,11,S,,,288262,111.94,0
13,30.616,"Mount",0.000,0.231,-0.205,-0.107,-0.312,-0.037,179,E,16,N,,,279737,111.47,0
14,33.050,"Mount",-0.066,0.051,-0.076,0.035,-0.256,0.000,147,E,0,,,,253155,93.95,0
15,35.276,"Mount",-0.074,0.131,-0.150,0.005,-0.272,0.000,155,E,0,,,,270561,112.29,0
16,37.827,"Mount",-0.202,0.074,-0.159,0.145,-0.276,0.052,158,E,22,S,,,244803,87.62,0
17,40.083,"Mount",0.045,0.072,-0.043,-0.073,-0.179,-0.024,103,E,10,N,,,266195,108.76,0
18,42.452,"Mount",0.021,-0.104,0.102,0.029,-0.131,0.000,75,E,0,,,,257174,108.82,0
19,44.683,"Mount",0.004,-0.009,0.009,0.001,-0.174,0.000,99,E,0,,,,267795,116.77,0
20,47.183,"Mount",-0.112,0.088,-0.130,0.059,-0.246,0.000,141,E,0,,,,267130,102.73,0
21,49.393,"Mount",0.038,0.048,-0.026,-0.056,-0.184,0.000,105,E,0,,,,278304,103.76,0
22,51.841,"Mount",0.016,-0.198,0.183,0.077,-0.103,0.028,59,E,12,S,,,279550,108.90,0
23,54.007,"Mount",0.105,-0.090,0.129,-0.052,-0.113,0.000,64,E,0,,,,270085,116.70,0
24,56.484,"Mount",-0.111,0.002,-0.053,0.098,-0.169,0.035,97,E,15,S,,,264134,102.57,0
25,58.619,"Mount",0.041,-0.066,0.077,-0.006,-0.113,0.000,65,E,0,,,,261135,104.90,0
26,61.081,"Mount",-0.107,-0.137,0.072,0.158,-0.106,0.057,60,E,24,S,,,277660,107.09,0
27,63.239,"Mount",0.049,-0.055,0.072,-0.018,-0.082,0.000,47,E,0,,,,253395,93.25,0
28,65.691,"Mount",0.106,0.094,-0.035,-0.137,-0.098,-0.049,56,E,21,N,,,279726,117.74,0
29,67.808,"Mount",0.001,0.022,-0.019,-0.011,-0.078,0.000,45,E,0,,,,250870,95.80,0
30,70.190,"Mount",0.051,-0.024,0.044,-0.034,-0.073,0.000,42,E,0,,,,269269,102.82,0
31,72.385,"Mount",-0.062,-0.094,0.055,0.098,-0.063,0.035,36,E,15,S,,,259644,101.41,0
32,74.864,"Mount",0.160,-0.151,0.207,-0.073,0.033,-0.025,19,W,11,N,,,249414,104.87,0
33,77.108,"Mount",0.169,-0.080,0.149,-0.113,0.006,-0.042,3,W,18,N,,,270452,99.33,0
34,79.491,"Mount",-0.070,-0.026,-0.009,0.074,-0.064,0.025,37,E,11,S,,,288833,113.23,0
35,81.602,"Mount",-0.048,-0.015,-0.009,0.049,-0.058,0.000,33,E,0,,,,276942,103.22,0
36,83.927,"Mount",-0.027,-0.018,0.004,0.032,-0.055,0.000,31,E,0,,,,263427,116.84,0
37,86.105,"Mount",0.071,0.003,0.030,-0.065,-0.049,-0.023,28,E,10,N,,,263493,107.58,0
38,88.474,"Mount",0.004,-0.177,0.160,0.078,0.031,0.027,18,W,12,S,,,257371,96.38,0
39,90.586,"Mount",0.106,-0.140,0.173,-0.030,0.053,0.000,30,W,0,,,,247700,104.23,0
40,92.943,"Mount",-0.042,-0.118,0.086,0.092,0.020,0.033,12,W,14,S,,,235252,93.68,0
41,95.042,"Mount",-0.016,-0.043,0.031,0.034,-0.006,0.000,3,E,0,,,,237461,98.43,0
42,97.413,"Mount",-0.024,0.076,-0.079,-0.014,-0.031,0.000,18,E,0,,,,235417,101.65,0
43,99.562,"Mount",0.066,-0.011,0.040,-0.054,0.013,0.000,8,W,0,,,,251708,108.19,0
44,101.916,"Mount",-0.028,0.014,-0.025,0.019,0.028,0.000,16,W,0,,,,242824,104.37,0
45,104.066,"Mount",0.083,-0.000,0.038,-0.073,0.033,-0.026,19,W,11,N,,,260997,99.24,0
46,106.579,"Mount",0.047,-0.441,0.413,0.162,0.241,0.057,138,W,25,S,,,254653,128.83,0
47,108.724,"Mount",0.092,-0.099,0.130,-0.036,0.128,0.000,73,W,0,,,,238300,105.55,0
48,111.143,"Mount",0.029,-0.093,0.096,0.017,0.133,0.000,76,W,0,,,,222281,92.09,0
49,113.382,"Mount",0.114,0.007,0.046,-0.104,0.104,-0.038,59,W,16,N,,,228175,78.81,0
50,115.883,"Mount",-0.022,-0.122,0.099,0.076,0.162,0.026,92,W,11,S,,,249522,91.67,0
51,118.018,"Mount",-0.024,-0.058,0.040,0.048,0.115,0.000,66,W,0,,,,237398,98.72,0
52,120.410,"Mount",0.037,-0.061,0.071,-0.004,0.144,0.000,83,W,0,,,,265543,108.24,0
53,122.638,"Mount",-0.006,-0.163,0.142,0.080,0.169,0.029,97,W,12,S,,,261854,106.81,0
54,125.083,"Mount",0.114,0.011,0.042,-0.106,0.100,-0.037,57,W,16,N,,,237727,95.19,0
55,127.250,"Mount",-0.039,0.001,-0.019,0.034,0.087,0.000,50,W,0,,,,230066,95.12,0
56,129.695,"Mount",0.058,0.029,0.001,-0.065,0.082,-0.023,47,W,10,N,,,219306,87.59,0
57,131.956,"Mount",-0.150,-0.039,-0.035,0.151,0.071,0.053,41,W,23,S,,,252214,97.79,0
58,134.321,"Mount",-0.065,0.110,-0.127,0.007,0.004,0.000,3,W,0,,,,231007,94.21,0
59,136.395,"Mount",-0.008,0.046,-0.045,-0.014,0.045,0.000,26,W,0,,,,261786,102.40,0
60,138.858,"Mount",-0.217,0.144,-0.227,0.126,-0.075,0.045,43,E,19,S,,,262745,96.09,0
61,141.053,"Mount",-0.138,-0.038,-0.030,0.140,-0.005,0.052,3,E,22,S,,,257636,97.62,0
62,143.519,"Mount",0.059,0.238,-0.184,-0.163,-0.105,-0.056,60,E,24,N,,,264294,107.31,0
63,145.857,"Mount",-0.060,0.341,-0.330,-0.105,-0.186,-0.040,107,E,17,N,,,218786,87.76,0
64,148.290,"Mount",0.050,0.035,-0.008,-0.060,-0.041,-0.023,24,E,10,N,,,260669,105.42,0
65,150.378,"Mount",0.006,-0.014,0.015,0.001,-0.036,0.000,20,E,0,,,,247971,98.35,0
66,152.715,"Mount",-0.012,-0.090,0.074,0.053,0.007,0.000,4,W,0,,,,259466,88.98,0
67,154.767,"Mount",0.009,0.069,-0.057,-0.039,-0.001,0.000,0,,0,,,,254472,106.73,0
68,157.126,"Mount",0.082,-0.069,0.100,-0.041,0.061,0.000,35,W,0,,,,265523,98.67,0
69,159.272,"Mount",-0.080,0.009,-0.045,0.066,0.025,0.024,14,W,10,S,,,271877,115.83,0
70,161.563,"Mount",0.037,-0.008,0.024,-0.029,0.048,0.000,27,W,0,,,,244963,93.84,0
71,163.706,"Mount",0.070,-0.015,0.046,-0.055,0.069,0.000,39,W,0,,,,236133,93.41,0
72,166.139,"Mount",0.064,0.028,0.004,-0.070,0.080,-0.025,46,W,11,N,,,243573,105.70,0
73,168.314,"Mount",-0.039,-0.115,0.084,0.087,0.127,0.030,72,W,13,S,,,262131,97.44,0
74,170.809,"Mount",0.034,0.023,-0.005,-0.041,0.103,0.000,59,W,0,,,,245217,96.74,0
75,173.039,"Mount",-0.072,-0.093,0.049,0.107,0.107,0.038,61,W,16,S,,,233427,99.33,0
76,175.629,"Mount",0.046,-0.468,0.436,0.175,0.319,0.064,182,W,28,S,,,261126,115.70,0
77,177.840,"Mount",0.099,-0.002,0.048,-0.087,0.126,-0.029,72,W,12,N,,,248446,103.83,0
78,180.256,"Mount",0.141,-0.169,0.215,-0.047,0.239,0.000,136,W,0,,,,255465,110.96,0
79,182.451,"Mount",0.079,-0.095,0.120,-0.026,0.196,0.000,112,W,0,,,,271694,120.94,0
80,184.943,"Mount",0.025,-0.205,0.194,0.073,0.241,0.026,138,W,11,S,,,282165,111.65,0
81,187.235,"Mount",0.100,-0.002,0.048,-0.087,0.157,-0.030,90,W,13,N,,,256418,90.44,0
82,189.664,"Mount",0.033,0.025,-0.007,-0.041,0.169,0.000,97,W,0,,,,277073,117.81,0
83,191.923,"Mount",0.116,-0.108,0.149,-0.053,0.229,0.000,131,W,0,,,,243113,96.28,0
84,194.357,"Mount",-0.001,0.075,-0.067,-0.034,0.124,0.000,71,W,0,,,,243197,89.95,0
85,196.534,"Mount",0.093,0.121,-0.065,-0.139,0.101,-0.050,57,W,21,N,,,268069,98.44,0
86,198.921,"Mount",-0.008,0.048,-0.046,-0.015,0.122,0.000,70,W,0,,,,268555,108.65,0
87,201.073,"Mount",0.024,0.079,-0.059,-0.057,0.097,0.000,56,W,0,,,,248382,108.08,0
88,203.380,"Mount",-0.062,0.107,-0.123,0.005,0.024,0.000,14,W,0,,,,266869,112.92,0
89,205.510,"Mount",-0.111,0.136,-0.171,0.036,-0.015,0.000,9,E,0,,,,253240,98.07,0
90,207.803,"Mount",-0.085,0.041,-0.076,0.056,0.015,0.000,9,W,0,,,,295987,105.07,0
91,210.016,"Mount",-0.191,-0.156,0.050,0.241,0.035,0.087,20,W,37,S,,,290872,108.14,0
92,212.417,"Mount",0.073,0.041,-0.003,-0.084,0.028,-0.027,16,W,11,N,,,269878,100.99,0
93,214.520,"Mount",-0.118,0.138,-0.176,0.041,-0.050,0.000,28,E,0,,,,283979,102.17,0
94,216.907,"Mount",-0.099,0.203,-0.226,-0.005,-0.069,0.000,40,E,0,,,,299359,112.38,0
95,218.961,"Mount",-0.009,0.067,-0.064,-0.022,-0.000,0.000,0,,0,,,,297522,109.08,0
96,221.378,"Mount",0.004,0.017,-0.013,-0.011,0.020,0.000,12,W,0,,,,265143,98.49,0
97,223.469,"Mount",-0.053,0.078,-0.094,0.010,-0.026,0.000,15,E,0,,,,284429,102.05,0
98,225.813,"Mount",-0.061,0.030,-0.054,0.041,0.014,0.000,8,W,0,,,,282746,115.76,0
99,227.962,"Mount",-0.110,-0.110,0.047,0.148,0.014,0.053,8,W,23,S,,,277569,104.68,0
100,230.413,"Mount",0.193,0.173,-0.065,-0.251,-0.019,-0.088,11,E,38,N,,,254575,99.06,0
101,232.612,"Mount",-0.208,-0.054,-0.047,0.209,0.008,0.072,5,W,31,S,,,257447,101.57,0
102,235.013,"Mount",-0.074,-0.055,0.015,0.091,0.013,0.036,8,W,15,S,,,242778,93.69,0
103,237.129,"Mount",-0.036,0.045,-0.056,0.011,0.018,0.000,10,W,0,,,,252093,102.09,0
104,239.529,"Mount",-0.123,0.084,-0.131,0.070,-0.041,0.025,24,E,11,S,,,275547,101.16,0
105,241.752,"Mount",0.041,0.124,-0.091,-0.093,-0.027,-0.033,15,E,14,N,,,272170,107.18,0
106,244.198,"Mount",-0.005,0.158,-0.142,-0.069,-0.049,-0.026,28,E,11,N,,,302349,127.07,0
107,246.398,"Mount",0.046,0.028,-0.004,-0.054,0.013,0.000,7,W,0,,,,289958,105.49,0
108,248.701,"Mount",0.045,-0.014,0.033,-0.034,-0.003,0.000,2,E,0,,,,267656,105.35,0
109,250.866,"Mount",-0.051,0.092,-0.105,0.003,-0.059,0.000,34,E,0,,,,264493,104.86,0
110,253.160,"Mount",-0.011,0.029,-0.031,-0.004,-0.015,0.000,8,E,0,,,,271423,107.40,0
111,255.262,"Mount",-0.061,-0.012,-0.017,0.059,-0.017,0.000,10,E,0,,,,283531,111.95,0
112,257.567,"Mount",-0.011,-0.035,0.026,0.026,-0.021,0.000,12,E,0,,,,278867,99.71,0
113,259.739,"Mount",-0.065,-0.039,0.005,0.076,-0.020,0.027,11,E,12,S,,,264375,97.07,0
114,262.026,"Mount",-0.014,-0.086,0.070,0.052,0.009,0.000,5,W,0,,,,294916,108.29,0
115,264.208,"Mount",-0.063,-0.027,-0.004,0.068,-0.024,0.025,14,E,10,S,,,309468,129.76,0
116,266.545,"Mount",-0.047,0.029,-0.047,0.028,-0.026,0.000,15,E,0,,,,294901,110.98,0
117,268.610,"Mount",0.063,-0.053,0.076,-0.031,0.009,0.000,5,W,0,,,,316264,110.59,0
118,271.027,"Mount",-0.086,-0.154,0.098,0.147,0.027,0.053,15,W,23,S,,,325677,136.88,0
119,273.191,"Mount",-0.059,-0.072,0.037,0.085,-0.007,0.033,4,E,14,S,,,314171,115.46,0
120,275.612,"Mount",0.163,-0.135,0.195,-0.082,0.093,-0.028,53,W,12,N,,,318204,111.00,0
121,277.824,"Mount",0.129,-0.089,0.139,-0.074,0.075,-0.028,43,W,12,N,,,307962,107.62,0
122,280.208,"Mount",0.116,-0.099,0.141,-0.057,0.088,0.000,51,W,0,,,,313376,112.93,0
123,282.416,"Mount",0.082,-0.024,0.059,-0.062,0.028,-0.022,16,W,9,N,,,293948,99.22,0
124,284.815,"Mount",0.109,-0.124,0.160,-0.039,0.100,0.000,57,W,0,,,,313791,113.28,0
125,286.945,"Mount",0.005,-0.030,0.029,0.009,0.028,0.000,16,W,0,,,,317209,133.34,0
126,289.333,"Mount",0.073,-0.083,0.107,-0.026,0.077,0.000,44,W,0,,,,300174,110.47,0
127,291.470,"Mount",0.014,0.020,-0.011,-0.021,0.025,0.000,14,W,0,,,,323452,115.43,0
128,293.882,"Mount",-0.070,-0.025,-0.010,0.073,0.027,0.026,15,W,11,S,,,311109,118.91,0
129,296.031,"Mount",0.034,-0.010,0.024,-0.025,0.023,0.000,13,W,0,,,,291740,109.42,0
130,298.339,"Mount",-0.017,0.023,-0.028,0.004,0.014,0.000,8,W,0,,,,289309,109.79,0
131,300.360,"Mount",-0.006,-0.032,0.025,0.020,0.000,0.000,0,,0,,,,319014,122.22,0
132,302.764,"Mount",-0.006,0.145,-0.131,-0.061,-0.063,-0.022,36,E,9,N,,,307457,102.55,0
133,304.901,"Mount",-0.006,0.083,-0.076,-0.033,-0.053,0.000,30,E,0,,,,297594,104.48,0
134,307.289,"Mount",0.049,0.042,-0.015,-0.063,-0.042,-0.023,24,E,10,N,,,322701,122.50,0
135,309.434,"Mount",-0.044,0.147,-0.150,-0.029,-0.133,0.000,76,E,0,,,,329977,117.18,0
136,311.825,"Mount",-0.046,0.128,-0.135,-0.018,-0.146,0.000,84,E,0,,,,324179,127.62,0
137,314.070,"Mount",0.049,0.066,-0.036,-0.074,-0.094,-0.027,53,E,11,N,,,359914,128.92,0
138,316.452,"Mount",-0.075,0.086,-0.111,0.027,-0.162,0.000,93,E,0,,,,352250,136.48,0
139,318.674,"Mount",-0.120,-0.006,-0.050,0.109,-0.110,0.039,63,E,17,S,,,364897,132.88,0
140,321.076,"Mount",-0.042,0.026,-0.043,0.025,-0.118,0.000,68,E,0,,,,359939,116.12,0
141,323.267,"Mount",-0.020,0.015,-0.022,0.010,-0.123,0.000,70,E,0,,,,341738,125.93,0
142,325.743,"Mount",-0.051,-0.019,-0.006,0.054,-0.125,0.000,72,E,0,,,,365535,136.26,0
143,327.880,"Mount",-0.037,0.011,-0.027,0.028,-0.117,0.000,67,E,0,,,,320577,102.70,0
144,330.375,"Mount",-0.101,0.032,-0.075,0.075,-0.151,0.027,86,E,12,S,,,345276,127.61,0
145,332.567,"Mount",-0.065,-0.057,0.021,0.084,-0.109,0.031,62,E,13,S,,,345520,113.56,0
146,334.923,"Mount",0.008,0.000,0.003,-0.007,-0.101,0.000,58,E,0,,,,373965,137.22,0
147,337.103,"Mount",-0.082,0.000,-0.038,0.073,-0.081,0.026,46,E,11,S,,,347209,118.98,0
148,339.480,"Mount",-0.004,0.051,-0.047,-0.020,-0.070,0.000,40,E,0,,,,341074,114.43,0
149,341.612,"Mount",-0.066,0.005,-0.035,0.056,-0.052,0.000,30,E,0,,,,349551,122.80,0
150,344.024,"Mount",-0.067,-0.092,0.051,0.102,-0.049,0.037,28,E,16,S,,,386209,128.94,0
151,346.124,"Mount",0.032,-0.075,0.081,0.006,-0.006,0.000,3,E,0,,,,349800,126.34,0
152,348.410,"Mount",0.025,-0.067,0.071,0.009,-0.008,0.000,5,E,0,,,,353362,125.49,0
153,350.428,"Mount",0.078,-0.032,0.065,-0.055,-0.000,0.000,0,,0,,,,385884,146.36,0
154,352.731,"Mount",-0.014,-0.085,0.068,0.052,-0.016,0.000,9,E,0,,,,343914,107.35,0
155,354.988,"Mount",-0.127,0.016,-0.073,0.105,-0.092,0.038,52,E,16,S,,,328911,112.32,0
156,357.400,"Mount",-0.039,0.140,-0.142,-0.031,-0.142,0.000,81,E,0,,,,349852,135.25,0
157,359.582,"Mount",-0.025,0.037,-0.044,0.005,-0.096,0.000,55,E,0,,,,351903,120.23,0
158,362.008,"Mount",-0.069,0.069,-0.093,0.029,-0.146,0.000,84,E,0,,,,329327,113.50,0
159,364.236,"Mount",-0.032,0.036,-0.047,0.012,-0.125,0.000,72,E,0,,,,316936,110.63,0
160,366.747,"Mount",-0.065,0.094,-0.113,0.014,-0.216,0.000,123,E,0,,,,370270,126.34,0
161,369.016,"Mount",-0.044,0.181,-0.181,-0.044,-0.271,0.000,155,E,0,,,,333925,122.30,0
162,371.463,"Mount",-0.059,0.010,-0.036,0.047,-0.214,0.000,123,E,0,,,,348967,132.91,0
163,373.801,"Mount",-0.181,-0.013,-0.071,0.166,-0.256,0.060,146,E,26,S,,,319508,113.21,0
164,376.420,"Mount",-0.491,-0.085,-0.150,0.475,-0.292,0.173,167,E,74,S,,,335669,107.66,0
165,378.755,"Mount",-0.164,0.032,-0.104,0.131,-0.262,0.054,150,E,23,S,,,330172,122.76,0
166,381.205,"Mount",-0.045,0.088,-0.099,-0.001,-0.254,0.000,145,E,0,,,,349368,126.31,0
167,383.500,"Mount",-0.013,0.205,-0.188,-0.083,-0.278,-0.030,159,E,13,N,,,355354,112.42,0
168,385.989,"Mount",-0.040,-0.029,0.007,0.049,-0.203,0.000,116,E,0,,,,334443,113.76,0
169,388.151,"Mount",-0.024,-0.009,-0.003,0.026,-0.176,0.000,100,E,0,,,,355368,130.62,0
170,390.582,"Mount",-0.064,-0.076,0.038,0.092,-0.180,0.033,103,E,14,S,,,344191,106.10,0
171,392.775,"Mount",-0.000,-0.074,0.066,0.035,-0.145,0.000,83,E,0,,,,367010,135.70,0
172,395.325,"Mount",0.145,-0.132,0.184,-0.067,-0.108,-0.024,61,E,10,N,,,345794,115.85,0
173,397.622,"Mount",-0.011,-0.000,-0.005,0.010,-0.187,0.000,107,E,0,,,,356530,121.08,0
174,400.106,"Mount",-0.147,-0.040,-0.032,0.148,-0.179,0.053,102,E,23,S,,,359895,125.79,0
175,402.370,"Mount",0.031,-0.040,0.050,-0.009,-0.172,0.000,99,E,0,,,,367721,122.76,0
176,404.784,"Mount",0.009,0.037,-0.029,-0.026,-0.167,0.000,96,E,0,,,,339653,114.91,0
177,406.960,"Mount",0.028,-0.073,0.077,0.009,-0.114,0.000,65,E,0,,,,377207,118.13,0
178,409.409,"Mount",-0.079,-0.128,0.077,0.129,-0.103,0.047,59,E,20,S,,,333633,113.08,0
179,411.606,"Mount",0.178,-0.086,0.158,-0.118,-0.046,-0.041,26,E,17,N,,,357414,121.54,0
180,414.133,"Mount",-0.062,-0.139,0.095,0.119,-0.058,0.041,33,E,18,S,,,350983,115.47,0
181,416.329,"Mount",0.000,-0.040,0.036,0.018,-0.080,0.000,46,E,0,,,,350254,155.17,0
182,418.745,"Mount",0.083,0.018,0.022,-0.082,-0.073,-0.029,42,E,13,N,,,332626,118.01,0
183,420.908,"Mount",-0.032,-0.146,0.115,0.096,-0.002,0.033,1,E,14,S,,,333669,126.92,0
184,423.373,"Mount",0.288,-0.450,0.533,-0.048,0.193,0.000,111,W,0,,,,341518,126.15,0
185,425.548,"Mount",-0.012,-0.158,0.135,0.084,0.014,0.030,8,W,13,S,,,318371,105.79,0
186,427.886,"Mount",-0.012,0.084,-0.080,-0.029,-0.077,0.000,44,E,0,,,,323337,110.26,0
187,430.131,"Mount",0.096,0.189,-0.123,-0.172,-0.096,-0.062,55,E,27,N,,,317913,100.24,0
188,432.479,"Mount",-0.075,0.123,-0.144,0.010,-0.103,0.000,59,E,0,,,,331692,117.17,0
189,434.612,"Mount",-0.052,0.031,-0.051,0.032,-0.048,0.000,27,E,0,,,,350570,117.69,0
190,437.061,"Mount",-0.032,0.033,-0.044,0.013,-0.036,0.000,21,E,0,,,,333162,117.83,0
191,439.270,"Mount",0.026,-0.221,0.208,0.079,0.058,0.028,33,W,12,S,,,336620,118.19,0
192,441.605,"Mount",0.050,-0.116,0.125,0.009,0.027,0.000,15,W,0,,,,315183,106.16,0
193,443.721,"Mount",-0.010,0.040,-0.040,-0.010,-0.020,0.000,11,E,0,,,,348567,130.76,0
194,446.241,"Mount",-0.052,-0.179,0.135,0.129,0.065,0.046,37,W,20,S,,,317918,114.86,0
195,448.343,"Mount",-0.018,0.050,-0.053,-0.008,0.018,0.000,10,W,0,,,,316351,115.83,0
196,450.757,"Mount",0.062,0.046,-0.012,-0.076,0.038,-0.028,22,W,12,N,,,293561,103.46,0
197,452.921,"Mount",0.025,0.022,-0.008,-0.032,0.050,0.000,28,W,0,,,,323477,117.50,0
198,455.314,"Mount",0.049,0.054,-0.025,-0.068,0.069,-0.025,39,W,10,N,,,307287,108.01,0
199,457.434,"Mount",-0.007,-0.055,0.046,0.032,0.081,0.000,46,W,0,,,,317672,115.33,0
200,459.849,"Mount",0.033,-0.106,0.109,0.020,0.148,0.000,85,W,0,,,,344371,133.34,0
201,462.031,"Mount",0.023,-0.010,0.020,-0.016,0.108,0.000,62,W,0,,,,323935,122.69,0
202,464.448,"Mount",0.056,-0.068,0.086,-0.019,0.160,0.000,92,W,0,,,,337232,124.74,0
203,466.678,"Mount",-0.013,-0.048,0.036,0.033,0.123,0.000,71,W,0,,,,307490,120.33,0
204,469.134,"Mount",-0.012,-0.030,0.022,0.024,0.124,0.000,71,W,0,,,,321259,121.39,0
205,471.376,"Mount",-0.054,-0.124,0.085,0.105,0.149,0.038,85,W,16,S,,,327338,123.28,0
206,473.899,"Mount",-0.091,-0.045,-0.002,0.102,0.103,0.038,59,W,16,S,,,325599,122.39,0
207,476.046,"Mount",0.022,-0.003,0.013,-0.018,0.084,0.000,48,W,0,,,,319330,124.22,0
208,478.358,"Mount",-0.104,0.130,-0.163,0.032,-0.003,0.000,2,E,0,,,,329009,116.94,0
209,480.521,"Mount",-0.063,-0.010,-0.020,0.060,0.053,0.022,30,W,9,S,,,314260,125.07,0
210,482.873,"Mount",0.041,0.087,-0.058,-0.077,0.042,-0.027,24,W,11,N,,,308319,109.74,0
211,485.041,"Mount",-0.125,0.221,-0.254,0.008,-0.088,0.000,50,E,0,,,,314244,108.14,0
212,487.374,"Mount",-0.027,0.099,-0.100,-0.022,-0.044,0.000,25,E,0,,,,325097,110.88,0
213,489.582,"Mount",-0.051,0.276,-0.269,-0.082,-0.130,-0.030,74,E,13,N,,,319211,102.48,0
214,491.987,"Mount",-0.102,-0.001,-0.046,0.091,-0.026,0.031,15,E,13,S,,,319515,129.51,0
215,494.188,"Mount",-0.107,0.028,-0.074,0.082,-0.063,0.031,36,E,13,S,,,325121,129.06,0
216,496.521,"Mount",-0.064,0.141,-0.155,-0.009,-0.094,0.000,54,E,0,,,,316328,111.74,0
217,498.774,"Mount",-0.115,0.082,-0.126,0.064,-0.074,0.023,42,E,10,S,,,323525,126.53,0
218,501.140,"Mount",-0.056,0.119,-0.131,-0.005,-0.064,0.000,37,E,0,,,,302828,105.63,0
219,503.262,"Mount",0.044,0.027,-0.003,-0.051,0.008,0.000,5,W,0,,,,322311,114.91,0
220,505.578,"Mount",0.042,0.035,-0.012,-0.053,0.016,0.000,9,W,0,,,,313508,118.97,0
221,507.690,"Mount",-0.027,0.085,-0.088,-0.016,-0.022,0.000,13,E,0,,,,316967,115.86,0
222,510.158,"Mount",-0.113,-0.018,-0.036,0.108,0.041,0.039,24,W,17,S,,,299228,112.60,0
223,512.321,"Mount",0.074,-0.063,0.090,-0.037,0.101,0.000,58,W,0,,,,301674,115.84,0
224,514.830,"Mount",0.205,-0.006,0.099,-0.179,0.121,-0.064,69,W,28,N,,,319303,122.14,0
225,517.121,"Mount",-0.124,-0.084,0.017,0.149,0.084,0.051,48,W,22,S,,,315210,134.08,0
226,519.583,"Mount",-0.006,0.004,-0.006,0.003,0.111,0.000,64,W,0,,,,277880,104.15,0
227,521.840,"Mount",-0.065,-0.116,0.073,0.111,0.152,0.040,87,W,17,S,,,291452,98.95,0
228,524.337,"Mount",-0.032,-0.119,0.091,0.083,0.183,0.032,105,W,14,S,,,295819,121.55,0
229,526.518,"Mount",0.012,-0.114,0.107,0.041,0.190,0.000,108,W,0,,,,293830,112.97,0
230,528.987,"Mount",-0.126,-0.147,0.073,0.180,0.182,0.065,104,W,28,S,,,297179,107.52,0
231,531.339,"Mount",-0.029,-0.173,0.140,0.106,0.213,0.041,122,W,17,S,,,287960,110.98,0
232,533.755,"Mount",0.061,-0.132,0.145,0.007,0.227,0.000,130,W,0,,,,259697,89.40,0
233,536.016,"Mount",-0.030,-0.169,0.137,0.105,0.214,0.038,123,W,16,S,,,276845,96.60,0
234,538.475,"Mount",-0.113,-0.080,0.019,0.137,0.155,0.051,89,W,22,S,,,286928,111.30,0
235,540.873,"Mount",-0.259,-0.066,-0.061,0.260,0.122,0.096,70,W,41,S,,,283099,104.75,0
236,543.474,"Mount",-0.154,-0.077,-0.002,0.172,0.129,0.066,74,W,28,S,,,310762,122.98,0
237,545.752,"Mount",-0.076,-0.059,0.017,0.095,0.115,0.037,66,W,16,S,,,296829,112.97,0
238,548.107,"Mount",-0.034,-0.019,0.001,0.039,0.103,0.000,59,W,0,,,,312740,111.32,0
239,550.297,"Mount",-0.117,-0.016,-0.039,0.111,0.085,0.040,49,W,17,S,,,308472,109.18,0
240,552.631,"Mount",-0.068,0.054,-0.080,0.036,0.039,0.000,22,W,0,,,,305650,114.40,0
241,554.855,"Mount",-0.084,0.007,-0.045,0.071,0.065,0.026,37,W,11,S,,,295881,108.81,0
242,557.272,"Mount",0.019,0.094,-0.075,-0.061,0.021,-0.021,12,W,9,N,,,298982,121.96,0
243,559.410,"Mount",-0.034,0.036,-0.048,0.014,0.044,0.000,25,W,0,,,,325047,124.06,0
244,561.810,"Mount",-0.135,0.117,-0.167,0.066,-0.041,0.024,23,E,10,S,,,288740,100.15,0
245,563.959,"Mount",-0.023,0.048,-0.053,-0.001,0.028,0.000,16,W,0,,,,304235,111.45,0
246,566.369,"Mount",-0.143,0.023,-0.086,0.116,-0.017,0.042,10,E,18,S,,,316582,111.55,0
247,568.514,"Mount",-0.135,0.020,-0.080,0.111,-0.020,0.042,12,E,18,S,,,313096,105.49,0
248,571.024,"Mount",-0.149,0.143,-0.195,0.066,-0.080,0.025,46,E,11,S,,,310116,111.96,0
249,573.329,"Mount",-0.024,0.189,-0.179,-0.066,-0.070,-0.023,40,E,10,N,,,332772,128.42,0
250,575.618,"Mount",-0.075,0.096,-0.120,0.022,-0.045,0.000,26,E,0,,,,296093,104.07,0
251,577.717,"Mount",-0.037,-0.026,0.006,0.044,0.003,0.000,2,W,0,,,,318613,112.85,0
252,580.076,"Mount",-0.096,0.033,-0.074,0.070,-0.026,0.025,15,E,11,S,,,329553,111.75,0
253,582.193,"Mount",-0.035,0.085,-0.092,-0.008,-0.033,0.000,19,E,0,,,,336331,136.98,0
254,584.494,"Mount",0.072,-0.031,0.061,-0.049,0.039,0.000,22,W,0,,,,318122,129.12,0
255,586.629,"Mount",-0.014,-0.025,0.016,0.024,0.008,0.000,5,W,0,,,,336212,118.69,0
256,588.994,"Mount",-0.103,0.026,-0.070,0.080,-0.025,0.029,14,E,12,S,,,332281,116.44,0
257,591.049,"Mount",0.008,-0.025,0.026,0.004,0.010,0.000,6,W,0,,,,325272,137.51,0
258,593.407,"Mount",0.061,0.014,0.016,-0.061,0.011,-0.022,6,W,9,N,,,303722,117.85,0
259,595.513,"Mount",-0.028,0.178,-0.171,-0.058,-0.070,0.000,40,E,0,,,,309706,115.85,0
260,597.803,"Mount",0.017,-0.036,0.040,0.002,-0.006,0.000,3,E,0,,,,287122,99.51,0
261,599.891,"Mount",-0.004,0.024,-0.023,-0.008,-0.011,0.000,6,E,0,,,,308967,111.58,0
262,602.263,"Mount",-0.050,0.076,-0.090,0.009,-0.058,0.000,33,E,0,,,,333326,130.13,0
263,604.351,"Mount",-0.022,0.026,-0.033,0.008,-0.020,0.000,12,E,0,,,,339916,153.73,0
264,606.768,"Mount",-0.315,-0.093,-0.062,0.322,-0.045,0.116,26,E,50,S,,,359187,124.14,0
265,609.088,"Mount",-0.450,-0.046,-0.166,0.420,-0.095,0.156,54,E,67,S,,,314089,105.89,0
266,611.517,"Mount",-0.190,-0.126,0.025,0.227,-0.028,0.088,16,E,38,S,,,317259,114.66,0
267,613.813,"Mount",-0.225,0.088,-0.182,0.159,-0.107,0.061,61,E,26,S,,,337009,116.19,0
268,616.295,"Mount",-0.091,-0.018,-0.026,0.089,-0.024,0.034,14,E,15,S,,,326829,124.65,0
269,618.411,"Mount",-0.024,0.154,-0.148,-0.050,-0.080,0.000,46,E,0,,,,318365,128.05,0
270,620.814,"Mount",-0.061,0.008,-0.036,0.050,-0.005,0.000,3,E,0,,,,324172,130.95,0
271,623.010,"Mount",-0.030,-0.109,0.083,0.077,0.041,0.028,23,W,12,S,,,314319,104.24,0
272,627.515,"Mount",0.063,-0.090,0.109,-0.014,0.072,0.000,41,W,0,,,,332887,111.22,0
INFO: SET LOCK POSITION, new lock pos = 570.195, 571.812
INFO: DITHER by -13.892, -4.609, new lock pos = 567.888, 586.266
INFO: SETTLING STATE CHANGE, Settling started
273,639.768,"Mount",2.306,-14.454,13.892,4.609,13.892,4.609,7943,W,1971,S,,,354688,112.19,0
274,642.546,"Mount",0.727,-1.259,1.453,-0.063,0.654,-0.023,374,W,10,N,,,329805,109.19,0
275,645.009,"Mount",0.685,-0.809,1.034,-0.234,0.465,-0.085,266,W,36,N,,,348876,121.26,0
276,647.420,"Mount",0.230,-0.312,0.383,-0.059,0.172,0.000,98,W,0,,,,363405,114.09,0
277,649.728,"Mount",0.275,-0.220,0.322,-0.143,0.145,-0.051,83,W,22,N,,,365993,109.06,0
278,652.078,"Mount",-0.020,0.013,-0.021,0.012,-0.010,0.000,5,E,0,,,,354937,121.87,0
279,654.273,"Mount",-0.167,0.135,-0.197,0.086,-0.089,0.031,51,E,13,S,,,336310,104.57,0
280,656.691,"Mount",0.053,0.190,-0.144,-0.134,-0.065,-0.047,37,E,20,N,,,360770,125.92,0
281,658.839,"Mount",-0.095,0.075,-0.111,0.050,-0.050,0.000,28,E,0,,,,362452,125.65,0
282,661.315,"Mount",-0.070,0.283,-0.283,-0.068,-0.128,-0.025,73,E,11,N,,,371680,138.45,0
283,663.492,"Mount",-0.048,-0.048,0.021,0.065,0.009,0.022,5,W,10,S,,,352951,115.52,0
284,665.926,"Mount",-0.086,0.254,-0.265,-0.041,-0.208,0.000,119,E,0,,,,384920,132.19,0
285,668.123,"Mount",-0.182,0.269,-0.323,0.037,-0.223,0.000,127,E,0,,,,381187,134.00,0
286,670.630,"Mount",-0.249,0.193,-0.286,0.132,-0.229,0.048,131,E,20,S,,,353183,113.49,0
INFO: SETTLING STATE CHANGE, Settling complete
287,672.874,"Mount",-0.032,-0.075,0.052,0.063,-0.115,0.025,66,E,11,S,,,368815,160.05,0
288,675.352,"Mount",-0.149,0.073,-0.133,0.099,-0.176,0.036,101,E,16,S,,,350354,119.19,0
289,677.659,"Mount",0.110,-0.007,0.057,-0.095,-0.134,-0.033,76,E,14,N,,,350116,120.42,0
290,680.137,"Mount",0.167,-0.051,0.122,-0.125,-0.089,-0.046,51,E,20,N,,,362306,121.39,0
291,682.286,"Mount",0.062,-0.107,0.123,-0.005,-0.079,0.000,45,E,0,,,,376677,141.00,0
292,684.670,"Mount",-0.056,-0.263,0.208,0.171,-0.034,0.062,20,E,26,S,,,359502,119.29,0
293,686.893,"Mount",0.011,-0.158,0.146,0.063,-0.034,0.025,20,E,11,S,,,348619,108.07,0
294,689.309,"Mount",-0.002,-0.060,0.053,0.029,-0.073,0.000,42,E,0,,,,369235,129.25,0
295,691.556,"Mount",0.026,0.043,-0.027,-0.043,-0.051,0.000,29,E,0,,,,391354,159.24,0
296,693.910,"Mount",0.023,0.003,0.008,-0.021,-0.044,0.000,25,E,0,,,,354519,112.13,0
297,696.029,"Mount",-0.020,0.003,-0.012,0.016,-0.032,0.000,19,E,0,,,,376300,136.27,0
298,698.400,"Mount",-0.078,-0.021,-0.017,0.078,-0.023,0.028,13,E,12,S,,,368789,125.64,0
299,700.502,"Mount",-0.082,0.047,-0.079,0.051,-0.057,0.000,32,E,0,,,,362189,123.15,0
300,702.870,"Mount",-0.089,0.187,-0.206,-0.008,-0.131,0.000,75,E,0,,,,349734,126.20,0
301,705.058,"Mount",-0.126,0.144,-0.185,0.045,-0.142,0.000,81,E,0,,,,368511,113.01,0
302,707.507,"Mount",-0.118,0.031,-0.082,0.090,-0.124,0.032,71,E,14,S,,,363597,140.51,0
303,709.920,"Mount",-0.377,0.398,-0.527,0.151,-0.334,0.056,191,E,24,S,,,394590,129.94,0
304,712.477,"Mount",-0.053,0.388,-0.369,-0.132,-0.266,-0.045,152,E,19,N,,,385953,139.96,0
305,714.816,"Mount",0.032,0.141,-0.111,-0.094,-0.173,-0.035,99,E,15,N,,,404027,143.10,0
306,717.245,"Mount",-0.004,0.046,-0.043,-0.017,-0.162,0.000,93,E,0,,,,374271,130.65,0
307,719.631,"Mount",-0.018,0.391,-0.356,-0.165,-0.332,-0.059,190,E,25,N,,,383878,131.42,0
308,722.222,"Mount",-0.183,0.132,-0.202,0.101,-0.312,0.034,178,E,15,S,,,382605,127.73,0
309,724.483,"Mount",-0.074,0.119,-0.139,0.010,-0.273,0.000,156,E,0,,,,381325,121.40,0
310,727.015,"Mount",-0.159,0.203,-0.254,0.048,-0.336,0.000,192,E,0,,,,387522,132.73,0
311,729.318,"Mount",-0.159,0.147,-0.203,0.073,-0.306,0.026,175,E,11,S,,,375858,127.16,0
312,731.768,"Mount",-0.020,-0.025,0.013,0.029,-0.220,0.000,126,E,0,,,,371955,121.82,0
313,734.073,"Mount",-0.073,-0.073,0.032,0.098,-0.223,0.035,128,E,15,S,,,367661,126.40,0
314,736.486,"Mount",-0.056,0.010,-0.035,0.045,-0.200,0.000,114,E,0,,,,377440,134.00,0
315,738.669,"Mount",0.060,-0.146,0.157,0.014,-0.109,0.000,62,E,0,,,,366115,128.47,0
316,741.136,"Mount",0.031,-0.029,0.040,-0.014,-0.181,0.000,103,E,0,,,,362237,114.51,0
317,743.330,"Mount",0.015,-0.044,0.046,0.007,-0.185,0.000,106,E,0,,,,342533,109.26,0
318,745.720,"Mount",0.075,-0.134,0.153,-0.004,-0.132,0.000,76,E,0,,,,357314,129.60,0
319,747.913,"Mount",-0.019,-0.233,0.198,0.124,-0.093,0.045,53,E,19,S,,,385410,131.98,0
320,750.283,"Mount",0.049,-0.105,0.116,0.005,-0.137,0.000,78,E,0,,,,363107,135.58,0
321,752.451,"Mount",0.224,-0.199,0.279,-0.107,-0.061,-0.038,35,E,16,N,,,358013,126.63,0
322,754.807,"Mount",0.124,-0.245,0.274,0.003,-0.043,0.000,25,E,0,,,,363919,115.41,0
323,756.942,"Mount",0.012,-0.095,0.090,0.034,-0.105,0.000,60,E,0,,,,382261,140.60,0
324,759.340,"Mount",0.123,-0.120,0.163,-0.054,-0.049,0.000,28,E,0,,,,382617,130.67,0
325,761.554,"Mount",0.011,-0.381,0.343,0.166,0.057,0.060,33,W,26,S,,,383248,147.72,0
326,763.942,"Mount",0.044,-0.048,0.063,-0.017,-0.066,0.000,38,E,0,,,,404022,118.81,0
327,766.151,"Mount",0.193,-0.217,0.282,-0.071,0.054,-0.026,31,W,11,N,,,379250,141.31,0
328,768.458,"Mount",0.100,-0.302,0.314,0.050,0.061,0.000,35,W,0,,,,387958,151.26,0
329,770.579,"Mount",-0.022,-0.057,0.041,0.045,-0.068,0.000,39,E,0,,,,377776,125.87,0
330,772.902,"Mount",-0.010,0.074,-0.070,-0.025,-0.098,0.000,56,E,0,,,,386549,143.40,0
331,775.079,"Mount",-0.108,0.151,-0.184,0.026,-0.140,0.000,80,E,0,,,,397124,136.25,0
332,777.495,"Mount",0.052,0.034,-0.006,-0.062,-0.053,-0.022,31,E,10,N,,,397820,130.37,0
333,779.640,"Mount",-0.011,0.065,-0.062,-0.020,-0.094,0.000,54,E,0,,,,371568,123.25,0
334,781.991,"Mount",0.071,-0.216,0.225,0.036,0.035,0.000,20,W,0,,,,424720,143.55,0
335,784.173,"Mount",-0.029,-0.213,0.176,0.124,0.027,0.045,16,W,19,S,,,397892,131.32,0
336,786.465,"Mount",0.018,0.017,-0.007,-0.024,-0.042,0.000,24,E,0,,,,425269,160.47,0
337,788.645,"Mount",0.094,0.003,0.041,-0.085,-0.031,-0.031,18,E,13,N,,,416128,129.11,0
338,791.078,"Mount",-0.077,-0.049,0.008,0.090,-0.023,0.031,13,E,13,S,,,391807,132.54,0
339,793.232,"Mount",-0.015,-0.059,0.045,0.041,-0.017,0.000,9,E,0,,,,369108,133.79,0
340,795.599,"Mount",-0.059,-0.114,0.074,0.105,0.023,0.038,13,W,16,S,,,394809,139.56,0
341,797.746,"Mount",0.112,-0.178,0.209,-0.017,0.094,0.000,54,W,0,,,,385567,124.95,0
342,800.120,"Mount",0.064,-0.220,0.225,0.045,0.111,0.000,64,W,0,,,,414322,138.25,0
343,802.241,"Mount",0.092,-0.084,0.117,-0.043,0.075,0.000,43,W,0,,,,390240,128.26,0
344,804.610,"Mount",0.143,-0.264,0.300,-0.005,0.184,0.000,105,W,0,,,,395266,140.23,0
345,806.916,"Mount",0.295,-0.161,0.278,-0.187,0.199,-0.067,114,W,29,N,,,385665,121.56,0
346,809.363,"Mount",0.019,-0.133,0.127,0.044,0.152,0.000,87,W,0,,,,369350,122.09,0
347,811.637,"Mount",-0.153,-0.197,0.104,0.227,0.153,0.082,88,W,35,S,,,383889,127.43,0
348,814.013,"Mount",-0.036,0.021,-0.035,0.022,0.126,0.000,72,W,0,,,,360320,122.00,0
349,816.230,"Mount",-0.054,-0.071,0.038,0.081,0.117,0.029,67,W,13,S,,,384647,136.31,0
350,818.643,"Mount",0.050,-0.091,0.103,-0.003,0.164,0.000,94,W,0,,,,365914,117.21,0
351,820.843,"Mount",0.069,-0.078,0.101,-0.025,0.143,0.000,82,W,0,,,,382433,154.31,0
352,823.166,"Mount",-0.030,0.096,-0.099,-0.017,0.047,0.000,27,W,0,,,,368960,124.87,0
353,825.331,"Mount",-0.093,0.029,-0.069,0.069,0.053,0.025,30,W,11,S,,,374478,138.70,0
354,827.669,"Mount",-0.137,0.310,-0.338,-0.022,-0.072,0.000,41,E,0,,,,377176,144.87,0
355,829.811,"Mount",0.008,0.088,-0.075,-0.048,0.038,0.000,22,W,0,,,,358563,151.17,0
356,832.274,"Mount",-0.147,0.136,-0.188,0.067,-0.014,0.024,8,E,10,S,,,350300,118.35,0
357,834.471,"Mount",-0.237,0.116,-0.212,0.156,-0.059,0.057,34,E,25,S,,,353371,114.72,0
358,836.928,"Mount",-0.343,-0.017,-0.143,0.312,-0.050,0.114,29,E,49,S,,,328134,119.14,0
359,839.170,"Mount",-0.247,0.027,-0.138,0.207,-0.068,0.079,39,E,34,S,,,356575,142.52,0
360,841.585,"Mount",-0.059,-0.064,0.030,0.082,-0.029,0.033,17,E,14,S,,,372045,120.08,0
361,843.732,"Mount",-0.064,0.023,-0.050,0.046,-0.034,0.000,19,E,0,,,,372799,129.71,0
362,846.109,"Mount",-0.007,0.028,-0.028,-0.007,-0.038,0.000,22,E,0,,,,357478,127.09,0
363,848.317,"Mount",0.054,-0.082,0.098,-0.010,0.020,0.000,12,W,0,,,,398105,155.53,0
364,850.617,"Mount",-0.029,-0.008,-0.006,0.029,-0.021,0.000,12,E,0,,,,359418,128.89,0
365,852.733,"Mount",0.088,-0.077,0.109,-0.043,0.043,0.000,24,W,0,,,,352985,113.21,0
366,855.049,"Mount",0.007,-0.099,0.091,0.040,0.036,0.000,21,W,0,,,,378871,131.05,0
367,857.145,"Mount",0.007,-0.053,0.050,0.018,0.001,0.000,1,W,0,,,,386871,156.49,0
368,859.561,"Mount",0.015,-0.233,0.214,0.095,0.122,0.034,70,W,15,S,,,412618,124.57,0
369,861.722,"Mount",0.096,-0.264,0.278,0.037,0.173,0.000,99,W,0,,,,410177,150.09,0
370,864.182,"Mount",0.006,-0.237,0.213,0.104,0.160,0.038,91,W,16,S,,,398889,134.24,0
371,866.427,"Mount",0.130,-0.203,0.241,-0.022,0.191,0.000,109,W,0,,,,402318,120.58,0
372,868.906,"Mount",0.134,-0.155,0.199,-0.048,0.202,0.000,116,W,0,,,,421968,180.52,0
373,871.180,"Mount",-0.022,-0.116,0.093,0.073,0.150,0.026,86,W,11,S,,,376048,126.53,0
374,873.736,"Mount",0.117,-0.064,0.110,-0.075,0.187,-0.026,107,W,11,N,,,409164,138.46,0
375,876.134,"Mount",0.032,-0.237,0.225,0.081,0.242,0.028,139,W,12,S,,,393619,133.37,0
376,878.500,"Mount",0.063,-0.010,0.038,-0.052,0.139,0.000,79,W,0,,,,392328,122.91,0
377,880.817,"Mount",0.134,-0.159,0.203,-0.045,0.234,0.000,134,W,0,,,,378558,127.35,0
378,883.277,"Mount",0.014,-0.118,0.111,0.043,0.200,0.000,115,W,0,,,,375441,122.86,0
379,885.509,"Mount",0.000,-0.027,0.024,0.012,0.152,0.000,87,W,0,,,,395221,124.94,0
380,887.896,"Mount",-0.015,-0.053,0.040,0.037,0.165,0.000,95,W,0,,,,389645,139.96,0
381,890.072,"Mount",0.013,-0.001,0.007,-0.011,0.152,0.000,87,W,0,,,,386544,131.50,0
382,892.456,"Mount",0.002,0.054,-0.047,-0.027,0.146,0.000,83,W,0,,,,393757,121.83,0
383,894.710,"Mount",-0.010,0.165,-0.152,-0.067,0.059,-0.024,34,W,10,N,,,378805,111.64,0
384,897.001,"Mount",-0.136,0.198,-0.238,0.029,0.010,0.000,6,W,0,,,,407451,151.08,0
385,899.195,"Mount",-0.193,0.172,-0.242,0.092,-0.009,0.033,5,E,14,S,,,389434,121.23,0
386,901.517,"Mount",0.007,0.079,-0.067,-0.043,0.057,0.000,32,W,0,,,,379681,137.19,0
387,903.668,"Mount",-0.008,0.053,-0.050,-0.017,0.084,0.000,48,W,0,,,,391207,149.95,0
388,905.972,"Mount",-0.080,0.201,-0.215,-0.022,-0.034,0.000,19,E,0,,,,368977,120.84,0
389,908.056,"Mount",-0.019,0.090,-0.088,-0.025,0.019,0.000,11,W,0,,,,386658,129.41,0
390,910.440,"Mount",-0.112,0.006,-0.057,0.097,0.049,0.035,28,W,15,S,,,407590,140.72,0
391,912.584,"Mount",0.067,0.090,-0.049,-0.101,0.040,-0.035,23,W,15,N,,,387302,138.42,0
392,914.937,"Mount",-0.061,0.036,-0.060,0.037,0.026,0.000,15,W,0,,,,381613,121.22,0
393,917.052,"Mount",0.006,0.086,-0.073,-0.044,-0.019,0.000,11,E,0,,,,393420,133.07,0
394,919.409,"Mount",-0.001,0.097,-0.086,-0.044,-0.035,0.000,20,E,0,,,,388765,122.60,0
395,921.526,"Mount",-0.030,0.033,-0.044,0.011,0.003,0.000,1,W,0,,,,390077,125.02,0
396,923.943,"Mount",-0.131,0.005,-0.065,0.114,-0.025,0.041,14,E,18,S,,,406350,131.24,0
397,926.111,"Mount",-0.043,0.046,-0.061,0.017,-0.019,0.000,11,E,0,,,,400333,137.47,0
398,928.398,"Mount",-0.031,0.020,-0.032,0.019,0.011,0.000,6,W,0,,,,403794,139.08,0
399,930.548,"Mount",-0.104,0.067,-0.107,0.061,-0.036,0.022,21,E,9,S,,,408996,131.28,0
400,932.817,"Mount",-0.039,0.057,-0.068,0.009,-0.016,0.000,9,E,0,,,,389614,133.85,0
401,934.934,"Mount",-0.025,0.083,-0.085,-0.017,-0.024,0.000,14,E,0,,,,395994,129.88,0
402,937.351,"Mount",0.011,0.033,-0.024,-0.025,0.010,0.000,6,W,0,,,,402957,125.57,0
403,939.551,"Mount",-0.029,0.035,-0.044,0.010,0.008,0.000,5,W,0,,,,412137,129.79,0
404,941.907,"Mount",-0.058,0.026,-0.050,0.040,0.009,0.000,5,W,0,,,,413163,135.28,0
405,944.114,"Mount",-0.109,0.112,-0.149,0.045,-0.059,0.000,34,E,0,,,,415012,137.20,0
406,946.576,"Mount",-0.698,-0.264,-0.087,0.741,-0.046,0.267,26,E,114,S,,,398704,129.76,0
407,948.942,"Mount",-0.482,-0.285,0.031,0.559,-0.006,0.212,3,E,91,S,,,409707,146.34,0
408,951.437,"Mount",-0.449,-0.002,-0.205,0.400,-0.106,0.152,60,E,65,S,,,408123,117.74,0
409,953.637,"Mount",-0.205,-0.133,0.024,0.243,-0.018,0.094,10,E,40,S,,,421584,129.35,0
410,956.053,"Mount",0.140,0.069,0.003,-0.156,-0.022,-0.052,13,E,22,N,,,422939,125.74,0
411,958.177,"Mount",0.055,-0.081,0.098,-0.011,0.025,0.000,14,W,0,,,,429535,144.25,0
412,960.505,"Mount",-0.051,0.098,-0.111,0.000,-0.079,0.000,45,E,0,,,,406993,129.65,0
413,962.718,"Mount",0.006,-0.151,0.137,0.064,0.032,0.023,18,W,10,S,,,422037,137.05,0
414,965.069,"Mount",0.095,-0.104,0.136,-0.036,0.038,0.000,22,W,0,,,,410054,124.28,0
415,967.203,"Mount",-0.013,-0.051,0.040,0.035,-0.025,0.000,14,E,0,,,,429433,155.08,0
416,969.652,"Mount",0.127,-0.104,0.151,-0.065,0.058,-0.023,33,W,10,N,,,431424,152.02,0
417,971.922,"Mount",0.129,-0.023,0.080,-0.103,0.031,-0.038,18,W,16,N,,,409355,134.92,0
418,974.204,"Mount",0.034,0.002,0.014,-0.031,0.001,0.000,0,,0,,,,421160,134.80,0
419,976.412,"Mount",-0.048,-0.119,0.084,0.098,0.051,0.035,29,W,15,S,,,414199,134.77,0
420,978.827,"Mount",0.016,-0.003,0.010,-0.012,0.021,0.000,12,W,0,,,,438382,146.14,0
421,981.104,"Mount",0.117,-0.068,0.115,-0.073,0.072,-0.026,41,W,11,N,,,437309,149.46,0
422,983.567,"Mount",-0.035,-0.088,0.062,0.071,0.046,0.025,26,W,11,S,,,444287,146.93,0
423,985.750,"Mount",-0.064,-0.140,0.095,0.122,0.067,0.045,38,W,19,S,,,425141,127.89,0
424,988.170,"Mount",0.074,-0.011,0.044,-0.061,0.027,-0.020,15,W,9,N,,,416028,131.82,0
425,990.341,"Mount",0.023,-0.014,0.023,-0.014,0.032,0.000,18,W,0,,,,435240,143.71,0
426,992.673,"Mount",-0.016,0.105,-0.101,-0.034,-0.007,0.000,4,E,0,,,,418083,125.05,0
427,994.812,"Mount",-0.091,0.060,-0.095,0.053,-0.013,0.000,8,E,0,,,,412845,129.93,0
428,997.204,"Mount",-0.115,0.045,-0.093,0.082,-0.028,0.029,16,E,13,S,,,402569,128.22,0
429,999.273,"Mount",0.042,0.034,-0.010,-0.053,-0.001,0.000,1,E,0,,,,424436,126.65,0
430,1001.768,"Mount",0.051,0.345,-0.283,-0.205,-0.141,-0.074,80,E,32,N,,,428877,151.40,0
431,1004.038,"Mount",-0.175,0.188,-0.248,0.069,-0.148,0.022,85,E,9,S,,,409215,125.99,0
432,1006.456,"Mount",-0.154,0.276,-0.316,0.009,-0.204,0.000,117,E,0,,,,406279,134.89,0
433,1008.695,"Mount",-0.149,0.244,-0.285,0.020,-0.214,0.000,122,E,0,,,,441332,154.02,0
434,1011.085,"Mount",-0.052,0.006,-0.030,0.043,-0.095,0.000,54,E,0,,,,428002,145.97,0
435,1013.330,"Mount",-0.119,-0.003,-0.052,0.106,-0.096,0.038,55,E,16,S,,,401058,137.64,0
436,1015.716,"Mount",-0.109,0.128,-0.164,0.038,-0.166,0.000,95,E,0,,,,439930,180.28,0
437,1017.894,"Mount",-0.107,0.122,-0.158,0.039,-0.175,0.000,100,E,0,,,,407943,127.93,0
438,1020.312,"Mount",0.008,0.035,-0.028,-0.023,-0.106,0.000,60,E,0,,,,417209,124.41,0
439,1022.448,"Mount",0.008,-0.000,0.004,-0.007,-0.106,0.000,60,E,0,,,,435278,134.92,0
440,1024.947,"Mount",-0.098,0.111,-0.144,0.036,-0.186,0.000,106,E,0,,,,435006,134.96,0
441,1027.237,"Mount",-0.043,-0.051,0.026,0.062,-0.124,0.022,71,E,9,S,,,420029,138.81,0
442,1029.637,"Mount",0.042,-0.077,0.088,-0.002,-0.096,0.000,55,E,0,,,,428791,133.08,0
443,1031.836,"Mount",0.070,-0.172,0.185,0.017,-0.037,0.000,21,E,0,,,,430365,149.63,0
444,1034.343,"Mount",-0.119,-0.184,0.109,0.190,-0.055,0.069,31,E,29,S,,,431217,138.12,0
445,1036.502,"Mount",-0.043,-0.100,0.069,0.085,-0.044,0.033,25,E,14,S,,,420675,135.91,0
446,1038.874,"Mount",0.183,-0.085,0.160,-0.123,0.019,-0.043,11,W,18,N,,,411321,125.20,0
447,1041.009,"Mount",0.166,-0.109,0.173,-0.097,0.042,-0.037,24,W,16,N,,,403380,130.78,0
448,1043.416,"Mount",0.071,-0.136,0.153,-0.000,0.035,0.000,20,W,0,,,,399789,135.95,0
449,1045.565,"Mount",0.007,-0.050,0.047,0.017,-0.029,0.000,16,E,0,,,,445840,143.91,0
450,1047.950,"Mount",-0.025,0.004,-0.015,0.020,-0.031,0.000,18,E,0,,,,411533,132.88,0
451,1050.095,"Mount",-0.069,0.026,-0.055,0.049,-0.039,0.000,22,E,0,,,,416126,119.73,0
452,1052.494,"Mount",-0.111,0.219,-0.246,-0.002,-0.174,0.000,99,E,0,,,,417062,141.93,0
453,1054.724,"Mount",-0.042,0.149,-0.152,-0.032,-0.155,0.000,88,E,0,,,,423371,137.17,0
454,1057.114,"Mount",-0.076,0.076,-0.103,0.032,-0.139,0.000,80,E,0,,,,445689,153.30,0
455,1059.382,"Mount",-0.109,0.210,-0.236,-0.000,-0.205,0.000,117,E,0,,,,424712,139.30,0
456,1061.828,"Mount",-0.109,0.208,-0.235,0.001,-0.233,0.000,133,E,0,,,,432749,139.15,0
457,1064.215,"Mount",-0.574,0.117,-0.368,0.455,-0.322,0.164,184,E,70,S,,,434929,145.63,0
458,1066.727,"Mount",-0.164,0.413,-0.442,-0.045,-0.395,0.000,226,E,0,,,,418342,134.36,0
459,1069.096,"Mount",-0.318,0.340,-0.449,0.125,-0.422,0.045,241,E,19,S,,,396452,119.52,0
460,1071.640,"Mount",0.114,0.042,0.015,-0.121,-0.241,-0.042,138,E,18,N,,,416713,137.02,0
461,1073.978,"Mount",-0.128,0.077,-0.128,0.078,-0.305,0.026,175,E,11,S,,,417682,133.55,0
462,1076.480,"Mount",0.070,-0.022,0.052,-0.052,-0.259,0.000,148,E,0,,,,395418,129.40,0
463,1078.773,"Mount",0.062,0.020,0.011,-0.065,-0.221,-0.023,127,E,10,N,,,425714,161.42,0
464,1081.296,"Mount",-0.073,-0.018,-0.018,0.073,-0.219,0.025,125,E,11,S,,,392728,135.76,0
465,1083.539,"Mount",-0.021,0.052,-0.056,-0.005,-0.191,0.000,109,E,0,,,,415635,144.51,0
466,1086.030,"Mount",-0.016,0.035,-0.038,-0.002,-0.189,0.000,108,E,0,,,,407671,125.58,0
467,1088.224,"Mount",0.006,-0.022,0.022,0.005,-0.181,0.000,103,E,0,,,,412562,134.35,0
468,1090.575,"Mount",0.083,-0.155,0.175,-0.002,-0.106,0.000,60,E,0,,,,424551,144.46,0
469,1092.784,"Mount",-0.038,0.008,-0.025,0.030,-0.175,0.000,100,E,0,,,,412200,133.07,0
470,1095.233,"Mount",-0.040,0.052,-0.064,0.011,-0.219,0.000,125,E,0,,,,423014,131.67,0
471,1097.385,"Mount",0.099,-0.120,0.152,-0.032,-0.102,0.000,58,E,0,,,,405116,128.56,0
472,1099.726,"Mount",0.101,-0.155,0.184,-0.018,-0.084,0.000,48,E,0,,,,415945,127.64,0
473,1101.876,"Mount",0.011,-0.065,0.063,0.020,-0.117,0.000,67,E,0,,,,412886,123.49,0
474,1104.389,"Mount",-0.361,-0.465,0.247,0.535,-0.036,0.193,20,E,82,S,,,442418,139.84,0
475,1106.568,"Mount",-0.034,-0.134,0.103,0.092,-0.076,0.041,43,E,17,S,,,435539,136.41,0
476,1108.948,"Mount",0.035,-0.144,0.144,0.035,-0.053,0.000,30,E,0,,,,407289,118.90,0
477,1111.105,"Mount",0.146,-0.112,0.166,-0.078,-0.013,-0.028,8,E,12,N,,,432455,147.80,0
478,1113.495,"Mount",0.004,-0.007,0.008,-0.001,-0.090,0.000,52,E,0,,,,420203,133.24,0
479,1115.646,"Mount",0.046,-0.111,0.119,0.010,-0.026,0.000,15,E,0,,,,416840,134.38,0
480,1117.933,"Mount",0.086,-0.046,0.081,-0.055,-0.039,0.000,22,E,0,,,,409369,134.55,0
481,1120.067,"Mount",0.017,-0.126,0.119,0.043,-0.010,0.000,6,E,0,,,,404809,125.32,0
482,1122.437,"Mount",-0.079,0.106,-0.131,0.021,-0.114,0.000,65,E,0,,,,413401,130.61,0
483,1124.646,"Mount",-0.091,-0.047,-0.000,0.102,-0.047,0.037,27,E,16,S,,,404034,132.56,0
484,1126.998,"Mount",0.011,-0.051,0.051,0.014,-0.052,0.000,30,E,0,,,,451258,129.32,0
485,1129.104,"Mount",0.046,-0.125,0.132,0.017,0.006,0.000,4,W,0,,,,422151,135.89,0
486,1131.518,"Mount",0.114,-0.212,0.241,-0.003,0.060,0.000,34,W,0,,,,421319,129.06,0
487,1133.649,"Mount",0.009,-0.019,0.021,0.001,-0.035,0.000,20,E,0,,,,428568,134.53,0
488,1136.082,"Mount",0.082,-0.022,0.057,-0.062,-0.030,-0.022,17,E,10,N,,,441704,135.36,0
489,1138.202,"Mount",-0.013,0.025,-0.028,-0.000,-0.024,0.000,14,E,0,,,,420115,123.63,0
490,1140.511,"Mount",0.005,-0.125,0.113,0.053,0.034,0.000,19,W,0,,,,472768,156.19,0
491,1142.663,"Mount",0.062,-0.036,0.061,-0.038,0.019,0.000,11,W,0,,,,428387,131.36,0
492,1145.048,"Mount",-0.006,-0.159,0.139,0.079,0.060,0.028,34,W,12,S,,,424832,125.54,0
493,1147.208,"Mount",0.009,-0.226,0.205,0.096,0.100,0.036,57,W,15,S,,,433151,142.00,0
494,1149.580,"Mount",0.097,-0.119,0.150,-0.031,0.097,0.000,55,W,0,,,,424951,135.96,0
495,1151.792,"Mount",0.147,-0.049,0.111,-0.108,0.094,-0.039,54,W,17,N,,,428881,139.20,0
496,1154.178,"Mount",0.006,-0.098,0.090,0.040,0.122,0.000,69,W,0,,,,426639,140.10,0
497,1156.424,"Mount",0.078,-0.254,0.261,0.048,0.219,0.000,125,W,0,,,,449491,137.45,0
498,1158.882,"Mount",-0.054,-0.042,0.012,0.067,0.117,0.024,67,W,10,S,,,418495,128.48,0
499,1161.048,"Mount",0.008,-0.067,0.063,0.023,0.152,0.000,87,W,0,,,,453821,140.73,0
500,1163.605,"Mount",-0.051,-0.131,0.093,0.105,0.167,0.038,95,W,16,S,,,459395,156.09,0
501,1165.767,"Mount",-0.028,-0.007,-0.006,0.028,0.125,0.000,72,W,0,,,,427623,120.51,0
502,1168.123,"Mount",-0.027,0.045,-0.053,0.003,0.102,0.000,59,W,0,,,,421088,128.69,0
503,1170.319,"Mount",-0.018,0.102,-0.099,-0.031,0.044,0.000,25,W,0,,,,438752,121.68,0
504,1172.751,"Mount",0.017,0.132,-0.110,-0.076,0.036,-0.027,21,W,12,N,,,426947,129.71,0
505,1174.852,"Mount",0.028,0.058,-0.039,-0.052,0.068,0.000,39,W,0,,,,442076,133.50,0
506,1177.206,"Mount",-0.141,0.183,-0.227,0.041,-0.035,0.000,20,E,0,,,,428839,120.48,0
507,1179.515,"Mount",-0.297,0.205,-0.318,0.169,-0.091,0.061,52,E,26,S,,,444426,130.05,0
508,1181.817,"Mount",-0.024,0.063,-0.067,-0.007,-0.002,0.000,1,E,0,,,,442080,168.18,0
509,1183.956,"Mount",-0.062,0.085,-0.104,0.016,-0.036,0.000,21,E,0,,,,436561,127.24,0
510,1186.469,"Mount",0.016,0.308,-0.266,-0.157,-0.132,-0.056,75,E,24,N,,,450475,145.19,0
511,1188.635,"Mount",0.048,0.013,0.010,-0.048,-0.021,0.000,12,E,0,,,,439202,139.68,0
512,1191.036,"Mount",-0.051,-0.048,0.019,0.067,-0.035,0.024,20,E,10,S,,,419623,127.41,0
513,1193.185,"Mount",0.067,-0.007,0.036,-0.056,-0.032,0.000,18,E,0,,,,416965,125.56,0
514,1195.604,"Mount",0.105,-0.084,0.123,-0.055,0.036,0.000,21,W,0,,,,438821,131.95,0
515,1197.709,"Mount",0.066,-0.047,0.072,-0.037,0.018,0.000,10,W,0,,,,421998,125.79,0
516,1200.046,"Mount",-0.012,0.012,-0.016,0.005,-0.013,0.000,8,E,0,,,,423032,131.73,0
517,1202.260,"Mount",0.039,-0.120,0.124,0.021,0.047,0.000,27,W,0,,,,445953,136.83,0
518,1204.560,"Mount",0.011,-0.073,0.070,0.024,0.030,0.000,17,W,0,,,,454221,132.99,0
519,1206.800,"Mount",-0.053,-0.228,0.178,0.153,0.101,0.055,58,W,24,S,,,436476,132.98,0
520,1209.473,"Mount",-0.187,-0.582,0.430,0.435,0.243,0.159,139,W,68,S,,,418249,122.75,0
521,1211.824,"Mount",-0.114,-0.548,0.434,0.354,0.259,0.134,148,W,57,S,,,455138,143.39,0
522,1214.341,"Mount",0.195,-0.422,0.465,0.022,0.312,0.000,179,W,0,,,,454871,127.79,0
523,1216.616,"Mount",-0.025,-0.287,0.243,0.155,0.222,0.056,127,W,24,S,,,430448,151.76,0
524,1219.048,"Mount",-0.039,-0.057,0.033,0.060,0.139,0.024,80,W,10,S,,,405914,125.07,0
525,1221.230,"Mount",0.065,-0.065,0.088,-0.027,0.189,0.000,108,W,0,,,,418349,116.98,0
526,1223.719,"Mount",0.124,-0.079,0.127,-0.073,0.195,-0.026,112,W,11,N,,,423597,136.80,0
527,1225.948,"Mount",0.027,-0.063,0.069,0.005,0.171,0.000,98,W,0,,,,457610,127.65,0
528,1228.410,"Mount",0.003,-0.076,0.068,0.033,0.176,0.000,101,W,0,,,,440336,129.83,0
529,1230.549,"Mount",-0.011,-0.025,0.017,0.022,0.139,0.000,80,W,0,,,,454248,133.93,0
530,1232.888,"Mount",0.051,-0.023,0.044,-0.035,0.152,0.000,87,W,0,,,,460064,162.85,0
531,1235.093,"Mount",-0.150,0.137,-0.191,0.069,0.061,0.025,35,W,11,S,,,426184,145.35,0
532,1237.489,"Mount",-0.016,0.071,-0.070,-0.018,0.115,0.000,66,W,0,,,,460655,144.12,0
533,1239.594,"Mount",-0.128,0.213,-0.248,0.015,0.011,0.000,7,W,0,,,,452943,132.13,0
534,1241.975,"Mount",-0.182,0.382,-0.423,-0.014,-0.078,0.000,45,E,0,,,,417261,124.64,0
535,1244.186,"Mount",-0.160,0.152,-0.208,0.072,0.010,0.026,6,W,11,S,,,420293,140.77,0
536,1246.571,"Mount",-0.097,0.044,-0.084,0.066,0.059,0.025,34,W,11,S,,,441630,141.76,0
537,1248.644,"Mount",-0.067,0.237,-0.241,-0.050,-0.017,0.000,10,E,0,,,,444225,163.94,0
538,1250.945,"Mount",-0.157,0.200,-0.250,0.047,-0.032,0.000,18,E,0,,,,416688,135.34,0
539,1253.079,"Mount",-0.203,0.048,-0.136,0.158,0.015,0.057,8,W,24,S,,,433884,123.49,0
540,1255.387,"Mount",-0.035,0.142,-0.142,-0.035,-0.004,0.000,2,E,0,,,,443334,127.23,0
541,1257.534,"Mount",-0.143,0.226,-0.266,0.022,-0.076,0.000,44,E,0,,,,427643,130.41,0
542,1259.822,"Mount",0.006,0.094,-0.080,-0.049,0.006,0.000,3,W,0,,,,443594,149.26,0
543,1261.940,"Mount",0.059,-0.005,0.031,-0.050,0.022,0.000,13,W,0,,,,425770,139.58,0
544,1264.311,"Mount",-0.060,0.224,-0.226,-0.050,-0.092,0.000,52,E,0,,,,464032,140.41,0
545,1266.404,"Mount",-0.041,0.070,-0.081,0.004,-0.037,0.000,21,E,0,,,,449048,150.98,0
546,1268.697,"Mount",-0.050,0.024,-0.044,0.033,-0.001,0.000,1,E,0,,,,459578,127.22,0
547,1270.766,"Mount",-0.066,0.014,-0.043,0.052,0.003,0.000,2,W,0,,,,477392,133.54,0
548,1273.246,"Mount",-0.555,-0.458,0.151,0.704,0.071,0.253,41,W,108,S,,,427948,132.32,0
549,1275.410,"Mount",-0.076,-0.092,0.046,0.110,0.012,0.050,7,W,21,S,,,454862,142.41,0
550,1277.782,"Mount",0.002,-0.087,0.078,0.039,0.046,0.000,26,W,0,,,,457633,148.64,0
INFO: SET LOCK POSITION, new lock pos = 567.888, 586.266
INFO: DITHER by -11.991, -11.359, new lock pos = 572.450, 602.141
INFO: SETTLING STATE CHANGE, Settling started
551,1291.618,"Mount",-4.562,-15.875,11.991,11.359,11.991,11.359,6856,W,4859,S,,,442231,127.77,0
552,1294.337,"Mount",0.728,-1.018,1.239,-0.176,0.558,-0.063,319,W,27,N,,,441522,140.12,0
553,1296.642,"Mount",0.408,-0.827,0.922,0.020,0.415,0.000,237,W,0,,,,432286,134.87,0
554,1299.160,"Mount",0.334,-0.303,0.423,-0.156,0.190,-0.056,109,W,24,N,,,439712,151.23,0
555,1301.368,"Mount",0.172,-0.085,0.154,-0.113,0.069,-0.043,40,W,18,N,,,451561,154.07,0
556,1303.756,"Mount",-0.094,-0.026,-0.020,0.095,-0.009,0.033,5,E,14,S,,,452874,158.24,0
557,1305.949,"Mount",0.003,-0.139,0.125,0.061,0.056,0.023,32,W,10,S,,,429192,124.98,0
558,1308.383,"Mount",-0.118,-0.040,-0.019,0.123,-0.009,0.045,5,E,19,S,,,456579,164.72,0
559,1310.632,"Mount",0.321,0.051,0.103,-0.308,0.046,-0.109,26,W,47,N,,,459720,159.01,0
560,1313.090,"Mount",-0.092,-0.177,0.114,0.163,0.051,0.054,29,W,23,S,,,438989,146.24,0
561,1315.317,"Mount",-0.205,0.025,-0.117,0.170,-0.053,0.063,30,E,27,S,,,445833,146.59,0
562,1317.642,"Mount",0.093,-0.118,0.148,-0.028,0.045,0.000,25,W,0,,,,437151,122.17,0
563,1319.760,"Mount",-0.015,-0.050,0.037,0.037,-0.024,0.000,14,E,0,,,,434670,148.71,0
564,1322.066,"Mount",0.049,-0.028,0.048,-0.031,-0.017,0.000,10,E,0,,,,447355,137.02,0
INFO: SETTLING STATE CHANGE, Settling complete
565,1324.287,"Mount",0.131,-0.244,0.277,-0.004,0.115,0.000,66,W,0,,,,427902,133.91,0
566,1326.716,"Mount",0.155,0.030,0.045,-0.152,0.018,-0.055,10,W,23,N,,,448237,138.53,0
567,1328.818,"Mount",-0.054,-0.022,-0.005,0.058,0.012,0.000,7,W,0,,,,437958,133.56,0
568,1331.153,"Mount",-0.006,-0.018,0.013,0.013,0.018,0.000,10,W,0,,,,471724,150.39,0
569,1333.328,"Mount",-0.054,-0.020,-0.008,0.057,0.038,0.000,22,W,0,,,,436692,133.33,0
570,1335.663,"Mount",-0.035,-0.003,-0.014,0.032,0.039,0.000,22,W,0,,,,467747,139.28,0
571,1337.824,"Mount",-0.090,-0.054,0.006,0.105,0.049,0.038,28,W,16,S,,,448396,141.82,0
572,1340.146,"Mount",-0.080,0.084,-0.112,0.032,0.005,0.000,3,W,0,,,,450698,139.37,0
573,1342.375,"Mount",-0.128,0.108,-0.155,0.064,-0.019,0.023,11,E,10,S,,,464111,160.33,0
574,1344.822,"Mount",-0.226,0.198,-0.279,0.109,-0.094,0.040,54,E,17,S,,,431755,142.14,0
575,1347.122,"Mount",0.026,0.256,-0.215,-0.141,-0.073,-0.049,42,E,21,N,,,432546,126.57,0
576,1349.552,"Mount",-0.170,0.415,-0.446,-0.041,-0.196,0.000,112,E,0,,,,425868,136.94,0
577,1351.779,"Mount",-0.162,0.335,-0.372,-0.011,-0.211,0.000,121,E,0,,,,461633,147.25,0
578,1354.301,"Mount",-0.214,0.165,-0.245,0.113,-0.185,0.041,106,E,17,S,,,462191,148.20,0
579,1356.526,"Mount",-0.145,0.056,-0.117,0.103,-0.160,0.039,91,E,17,S,,,456972,138.63,0
580,1359.020,"Mount",-0.111,0.035,-0.082,0.082,-0.142,0.031,81,E,13,S,,,463643,143.77,0
581,1361.250,"Mount",-0.141,0.166,-0.213,0.049,-0.203,0.000,116,E,0,,,,418430,131.52,0
582,1363.655,"Mount",-0.085,0.105,-0.133,0.027,-0.153,0.000,87,E,0,,,,420990,136.10,0
583,1365.831,"Mount",-0.016,0.048,-0.050,-0.008,-0.097,0.000,56,E,0,,,,459620,127.78,0
584,1368.180,"Mount",0.056,-0.078,0.095,-0.013,-0.047,0.000,27,E,0,,,,460256,152.26,0
585,1370.484,"Mount",-0.089,0.010,-0.050,0.075,-0.071,0.027,41,E,11,S,,,466385,168.94,0
586,1372.806,"Mount",0.047,-0.069,0.083,-0.010,-0.057,0.000,33,E,0,,,,424052,145.03,0
587,1374.986,"Mount",0.200,-0.082,0.165,-0.140,-0.032,-0.050,18,E,22,N,,,450551,151.01,0
588,1377.440,"Mount",0.036,-0.115,0.118,0.021,-0.082,0.000,47,E,0,,,,423044,133.92,0
589,1379.618,"Mount",0.007,-0.220,0.199,0.095,-0.048,0.034,27,E,15,S,,,447279,168.17,0
590,1382.050,"Mount",0.249,-0.209,0.300,-0.124,-0.004,-0.043,2,E,18,N,,,416569,127.13,0
591,1384.298,"Mount",-0.080,-0.152,0.098,0.141,-0.062,0.049,36,E,21,S,,,435987,137.45,0
592,1386.620,"Mount",0.115,-0.113,0.154,-0.050,-0.006,0.000,3,E,0,,,,442485,148.54,0
593,1388.742,"Mount",0.143,-0.151,0.199,-0.057,0.043,0.000,25,W,0,,,,467947,165.09,0
594,1391.128,"Mount",-0.056,0.006,-0.032,0.047,-0.027,0.000,15,E,0,,,,463614,163.90,0
595,1393.262,"Mount",-0.004,-0.082,0.071,0.041,0.023,0.000,13,W,0,,,,440235,138.97,0
596,1395.630,"Mount",-0.065,0.134,-0.149,-0.004,-0.064,0.000,36,E,0,,,,435284,126.52,0
597,1397.768,"Mount",-0.118,0.140,-0.179,0.040,-0.088,0.000,50,E,0,,,,445192,156.31,0
598,1400.277,"Mount",-0.161,0.138,-0.197,0.080,-0.113,0.029,64,E,12,S,,,436027,135.83,0
599,1402.475,"Mount",-0.053,0.113,-0.125,-0.006,-0.123,0.000,70,E,0,,,,424198,140.19,0
600,1404.972,"Mount",-0.259,0.203,-0.300,0.136,-0.215,0.049,123,E,21,S,,,426390,123.45,0
601,1407.259,"Mount",-0.105,0.376,-0.382,-0.080,-0.271,-0.027,155,E,12,N,,,438375,150.69,0
602,1409.804,"Mount",0.014,0.244,-0.210,-0.125,-0.231,-0.046,132,E,20,N,,,426487,143.53,0
603,1412.206,"Mount",0.203,0.443,-0.300,-0.384,-0.309,-0.140,176,E,60,N,,,412842,127.44,0
604,1414.861,"Mount",-0.395,0.189,-0.349,0.263,-0.368,0.089,211,E,38,S,,,440879,153.72,0
605,1417.226,"Mount",-0.242,0.164,-0.257,0.139,-0.349,0.054,199,E,23,S,,,458452,164.57,0
606,1419.785,"Mount",-0.008,0.168,-0.153,-0.070,-0.311,-0.023,178,E,10,N,,,446780,141.37,0
607,1422.157,"Mount",-0.135,0.126,-0.174,0.061,-0.323,0.021,184,E,9,S,,,422720,129.74,0
608,1424.706,"Mount",-0.080,-0.021,-0.018,0.081,-0.258,0.030,147,E,13,S,,,435146,139.87,0
609,1426.950,"Mount",0.005,-0.043,0.040,0.015,-0.245,0.000,140,E,0,,,,459605,143.32,0
610,1429.459,"Mount",-0.083,-0.199,0.139,0.165,-0.180,0.060,103,E,25,S,,,413925,128.35,0
611,1431.686,"Mount",-0.038,-0.046,0.023,0.055,-0.213,0.000,122,E,0,,,,413030,130.24,0
612,1434.104,"Mount",0.111,-0.171,0.203,-0.020,-0.108,0.000,62,E,0,,,,454604,136.96,0
613,1436.273,"Mount",0.109,-0.186,0.215,-0.011,-0.088,0.000,50,E,0,,,,431337,123.90,0
614,1438.862,"Mount",0.066,0.007,0.024,-0.062,-0.181,-0.022,104,E,10,N,,,445655,127.47,0
615,1441.183,"Mount",-0.012,-0.152,0.129,0.080,-0.126,0.028,72,E,12,S,,,448600,147.50,0
616,1443.664,"Mount",-0.061,-0.221,0.168,0.156,-0.088,0.057,51,E,24,S,,,445301,140.06,0
617,1445.828,"Mount",0.085,-0.085,0.115,-0.036,-0.088,0.000,50,E,0,,,,456264,144.51,0
618,1448.226,"Mount",0.126,-0.209,0.244,-0.015,-0.029,0.000,16,E,0,,,,425560,136.15,0
619,1450.377,"Mount",0.081,-0.102,0.128,-0.025,-0.064,0.000,36,E,0,,,,443944,146.65,0
620,1452.733,"Mount",0.138,-0.215,0.255,-0.023,-0.041,0.000,23,E,0,,,,488043,160.28,0
621,1454.769,"Mount",0.176,-0.272,0.323,-0.031,0.000,0.000,0,,0,,,,445893,149.82,0
622,1457.192,"Mount",0.113,-0.130,0.168,-0.040,-0.047,0.000,27,E,0,,,,442757,140.32,0
623,1459.449,"Mount",0.034,-0.214,0.206,0.069,-0.019,0.025,11,E,11,S,,,429444,127.69,0
624,1461.821,"Mount",0.154,-0.280,0.320,-0.007,0.046,0.000,26,W,0,,,,444304,129.90,0
625,1463.940,"Mount",0.137,-0.260,0.294,-0.002,0.040,0.000,23,W,0,,,,428866,129.60,0
626,1466.293,"Mount",0.091,-0.190,0.211,0.007,0.015,0.000,9,W,0,,,,428617,152.65,0
627,1468.443,"Mount",0.164,-0.075,0.142,-0.111,0.011,-0.040,7,W,17,N,,,407790,132.52,0
628,1470.797,"Mount",0.016,-0.063,0.064,0.015,-0.012,0.000,7,E,0,,,,437556,131.35,0
629,1472.885,"Mount",-0.023,-0.032,0.018,0.035,-0.027,0.000,15,E,0,,,,421745,130.95,0
630,1475.240,"Mount",0.006,-0.039,0.037,0.012,-0.043,0.000,24,E,0,,,,425790,128.91,0
631,1477.413,"Mount",-0.127,-0.165,0.088,0.188,-0.007,0.068,4,E,29,S,,,464047,150.55,0
632,1479.764,"Mount",0.050,-0.081,0.095,-0.007,-0.008,0.000,4,E,0,,,,458905,156.53,0
633,1481.963,"Mount",-0.027,-0.079,0.058,0.060,-0.046,0.022,26,E,9,S,,,441676,139.82,0
634,1484.421,"Mount",0.176,-0.186,0.246,-0.070,0.074,-0.024,42,W,10,N,,,454144,150.43,0
635,1486.557,"Mount",-0.114,-0.160,0.089,0.175,0.000,0.062,0,,27,S,,,446838,131.64,0
636,1488.943,"Mount",-0.005,-0.144,0.125,0.071,0.024,0.028,14,W,12,S,,,463785,139.24,0
637,1491.031,"Mount",0.082,-0.097,0.124,-0.028,0.022,0.000,12,W,0,,,,466116,150.89,0
638,1493.430,"Mount",0.156,-0.163,0.217,-0.063,0.080,-0.023,46,W,10,N,,,434397,134.05,0
639,1495.627,"Mount",0.003,-0.308,0.275,0.140,0.126,0.049,72,W,21,S,,,461429,151.61,0
640,1498.080,"Mount",0.269,-0.233,0.331,-0.131,0.173,-0.045,99,W,19,N,,,452454,159.53,0
641,1500.274,"Mount",0.106,-0.175,0.204,-0.014,0.123,0.000,70,W,0,,,,454995,168.79,0
642,1502.806,"Mount",-0.005,-0.257,0.226,0.123,0.172,0.044,98,W,19,S,,,461280,140.86,0
643,1505.063,"Mount",0.058,-0.234,0.234,0.057,0.208,0.000,119,W,0,,,,477740,154.97,0
644,1507.591,"Mount",0.036,-0.170,0.168,0.046,0.203,0.000,116,W,0,,,,425677,119.24,0
645,1509.866,"Mount",-0.105,-0.106,0.046,0.142,0.142,0.051,81,W,22,S,,,475148,156.73,0
646,1512.360,"Mount",0.072,0.171,-0.119,-0.142,0.103,-0.049,59,W,21,N,,,436691,131.41,0
647,1514.513,"Mount",-0.009,-0.003,-0.002,0.009,0.137,0.000,78,W,0,,,,461613,142.66,0
648,1516.994,"Mount",-0.057,-0.095,0.058,0.095,0.124,0.034,71,W,15,S,,,450884,156.21,0
649,1519.155,"Mount",-0.078,0.011,-0.046,0.064,0.098,0.024,56,W,10,S,,,466890,134.86,0
650,1521.589,"Mount",-0.132,0.387,-0.404,-0.062,-0.080,-0.021,46,E,9,N,,,455344,149.52,0
651,1523.833,"Mount",-0.115,0.407,-0.414,-0.086,-0.106,-0.032,60,E,14,N,,,481395,144.43,0
652,1526.338,"Mount",-0.253,0.359,-0.435,0.058,-0.132,0.000,75,E,0,,,,442185,144.01,0
653,1528.550,"Mount",-0.195,-0.001,-0.089,0.174,0.010,0.063,6,W,27,S,,,450654,162.90,0
654,1530.885,"Mount",-0.077,0.215,-0.227,-0.031,-0.084,0.000,48,E,0,,,,445887,143.17,0
655,1533.005,"Mount",-0.068,0.175,-0.187,-0.021,-0.082,0.000,47,E,0,,,,454578,143.12,0
656,1535.407,"Mount",-0.006,0.156,-0.141,-0.067,-0.073,-0.024,42,E,10,N,,,455683,152.44,0
657,1537.483,"Mount",-0.047,0.039,-0.056,0.024,-0.029,0.000,17,E,0,,,,454411,146.92,0
658,1539.838,"Mount",-0.103,-0.060,0.006,0.119,-0.046,0.043,26,E,18,S,,,461914,139.13,0
659,1542.017,"Mount",-0.069,-0.019,-0.015,0.070,-0.026,0.027,15,E,12,S,,,466396,150.15,0
660,1544.370,"Mount",-0.011,-0.044,0.034,0.030,-0.025,0.000,14,E,0,,,,435019,141.10,0
661,1546.523,"Mount",-0.074,-0.024,-0.013,0.077,-0.032,0.028,19,E,12,S,,,431915,126.83,0
662,1548.925,"Mount",-0.033,-0.129,0.099,0.089,0.017,0.033,10,W,14,S,,,393879,113.66,0
663,1551.203,"Mount",0.039,-0.289,0.275,0.099,0.090,0.037,52,W,16,S,,,452443,149.87,0
664,1553.623,"Mount",0.230,-0.312,0.383,-0.060,0.160,0.000,91,W,0,,,,455621,134.82,0
665,1555.807,"Mount",0.130,-0.256,0.287,0.003,0.151,0.000,86,W,0,,,,440878,134.19,0
666,1558.289,"Mount",0.273,-0.421,0.499,-0.047,0.278,0.000,159,W,0,,,,429413,127.69,0
667,1560.517,"Mount",0.203,-0.375,0.427,-0.007,0.262,0.000,150,W,0,,,,456820,151.75,0
668,1562.997,"Mount",0.212,-0.425,0.475,0.008,0.321,0.000,184,W,0,,,,448510,124.32,0
669,1565.228,"Mount",0.141,-0.243,0.280,-0.014,0.246,0.000,141,W,0,,,,461228,144.62,0
670,1567.736,"Mount",-0.093,-0.165,0.103,0.159,0.200,0.057,115,W,24,S,,,459615,153.80,0
671,1569.963,"Mount",-0.015,-0.081,0.066,0.051,0.198,0.000,113,W,0,,,,443662,141.69,0
672,1572.443,"Mount",-0.082,-0.039,-0.003,0.091,0.158,0.033,90,W,14,S,,,458402,162.32,0
673,1574.768,"Mount",-0.084,-0.136,0.082,0.138,0.189,0.051,108,W,22,S,,,475439,153.57,0
674,1577.183,"Mount",-0.033,-0.061,0.039,0.057,0.173,0.000,99,W,0,,,,436616,134.63,0
675,1579.474,"Mount",-0.022,-0.114,0.091,0.072,0.197,0.026,112,W,11,S,,,438945,146.19,0
676,1581.922,"Mount",0.033,-0.004,0.019,-0.028,0.159,0.000,91,W,0,,,,439110,146.60,0
677,1584.105,"Mount",-0.011,0.043,-0.043,-0.010,0.148,0.000,85,W,0,,,,457353,165.66,0
678,1586.429,"Mount",-0.064,0.157,-0.169,-0.016,0.053,0.000,30,W,0,,,,450392,142.10,0
679,1588.549,"Mount",-0.088,0.189,-0.208,-0.010,0.029,0.000,17,W,0,,,,439804,126.80,0
680,1590.884,"Mount",-0.122,0.197,-0.231,0.017,0.005,0.000,3,W,0,,,,456974,147.13,0
681,1592.988,"Mount",-0.119,0.138,-0.178,0.042,0.006,0.000,3,W,0,,,,450623,133.13,0
682,1595.324,"Mount",-0.039,0.159,-0.159,-0.038,0.017,0.000,10,W,0,,,,487103,176.70,0
683,1597.445,"Mount",-0.116,0.194,-0.226,0.013,-0.020,0.000,11,E,0,,,,454472,147.76,0
684,1599.941,"Mount",-0.388,0.004,-0.182,0.342,0.002,0.123,1,W,53,S,,,430227,139.24,0
685,1602.178,"Mount",-0.441,-0.095,-0.119,0.435,0.017,0.161,10,W,69,S,,,447269,142.41,0
686,1604.600,"Mount",-0.181,0.055,-0.132,0.135,0.003,0.055,2,W,24,S,,,458172,145.61,0
687,1606.717,"Mount",-0.112,0.112,-0.151,0.047,-0.016,0.000,9,E,0,,,,441853,158.18,0
688,1609.150,"Mount",-0.065,0.154,-0.167,-0.014,-0.036,0.000,21,E,0,,,,460122,142.77,0
689,1611.235,"Mount",-0.013,0.074,-0.072,-0.023,-0.016,0.000,9,E,0,,,,444464,141.60,0
690,1613.570,"Mount",-0.040,0.011,-0.029,0.031,0.009,0.000,5,W,0,,,,433873,133.94,0
691,1615.768,"Mount",-0.096,0.020,-0.062,0.076,-0.025,0.027,14,E,12,S,,,444062,137.81,0
692,1618.124,"Mount",0.027,0.081,-0.059,-0.062,0.004,-0.021,2,W,9,N,,,441478,131.47,0
693,1620.237,"Mount",-0.021,0.102,-0.100,-0.028,-0.047,0.000,27,E,0,,,,463830,160.37,0
694,1622.527,"Mount",-0.057,0.026,-0.049,0.038,0.006,0.000,4,W,0,,,,440121,146.52,0
695,1624.614,"Mount",0.006,0.025,-0.019,-0.017,0.012,0.000,7,W,0,,,,446530,133.51,0
696,1626.964,"Mount",-0.077,-0.032,-0.007,0.083,0.002,0.030,1,W,13,S,,,435162,135.30,0
697,1629.145,"Mount",-0.091,-0.070,0.020,0.113,0.012,0.042,7,W,18,S,,,447312,166.20,0
698,1631.526,"Mount",0.099,0.057,-0.005,-0.114,0.020,-0.039,11,W,17,N,,,436233,132.93,0
699,1633.688,"Mount",-0.058,-0.151,0.107,0.121,0.064,0.042,37,W,18,S,,,442654,143.77,0
700,1636.119,"Mount",-0.140,0.066,-0.123,0.094,-0.035,0.035,20,E,15,S,,,450204,138.10,0
701,1638.328,"Mount",-0.120,0.074,-0.121,0.072,-0.031,0.027,18,E,12,S,,,457405,147.33,0
702,1640.654,"Mount",0.016,0.000,0.007,-0.014,0.018,0.000,10,W,0,,,,468969,137.19,0
703,1642.792,"Mount",-0.107,0.116,-0.152,0.042,-0.078,0.000,44,E,0,,,,453768,165.74,0
704,1645.174,"Mount",-0.006,0.108,-0.098,-0.045,-0.057,0.000,32,E,0,,,,444650,156.25,0
705,1647.307,"Mount",-0.018,-0.018,0.008,0.025,-0.018,0.000,10,E,0,,,,443370,142.80,0
706,1649.723,"Mount",0.152,0.093,-0.013,-0.178,-0.028,-0.064,16,E,27,N,,,441264,123.80,0
707,1651.902,"Mount",-0.045,-0.011,-0.011,0.045,-0.022,0.000,13,E,0,,,,450083,152.57,0
708,1654.333,"Mount",-0.097,0.048,-0.087,0.064,-0.054,0.023,31,E,10,S,,,466477,136.46,0
709,1656.421,"Mount",-0.038,0.006,-0.023,0.031,-0.020,0.000,12,E,0,,,,446917,151.35,0
710,1658.821,"Mount",0.120,-0.071,0.119,-0.074,0.025,-0.027,14,W,11,N,,,426689,122.12,0
711,1660.988,"Mount",0.192,-0.241,0.303,-0.059,0.121,0.000,69,W,0,,,,465265,154.74,0
712,1663.421,"Mount",0.034,-0.110,0.113,0.021,0.033,0.000,19,W,0,,,,476831,136.57,0
713,1665.698,"Mount",-0.080,-0.159,0.105,0.145,0.026,0.052,15,W,22,S,,,461182,137.74,0
714,1668.018,"Mount",0.027,-0.172,0.165,0.055,0.065,0.000,37,W,0,,,,462651,168.66,0
715,1670.101,"Mount",0.045,-0.018,0.037,-0.032,-0.005,0.000,3,E,0,,,,451143,136.27,0
716,1672.418,"Mount",0.080,-0.167,0.186,0.006,0.097,0.000,55,W,0,,,,423752,134.31,0
717,1674.508,"Mount",-0.047,0.123,-0.131,-0.015,-0.024,0.000,14,E,0,,,,470316,135.41,0
718,1676.816,"Mount",0.027,0.011,0.002,-0.029,0.027,0.000,15,W,0,,,,455295,142.44,0
719,1678.968,"Mount",0.072,-0.122,0.141,-0.008,0.095,0.000,55,W,0,,,,436967,147.30,0
720,1681.326,"Mount",0.070,-0.026,0.055,-0.050,0.049,0.000,28,W,0,,,,457923,148.47,0
721,1683.412,"Mount",0.060,-0.013,0.039,-0.047,0.035,0.000,20,W,0,,,,422636,134.42,0
722,1685.797,"Mount",-0.185,-0.138,0.037,0.228,0.036,0.082,21,W,35,S,,,445163,125.91,0
723,1687.960,"Mount",-0.184,0.010,-0.094,0.159,0.001,0.060,0,,26,S,,,440831,122.86,0
724,1690.362,"Mount",-0.139,0.172,-0.217,0.044,-0.063,0.000,36,E,0,,,,432195,121.48,0
725,1692.479,"Mount",-0.113,0.178,-0.210,0.018,-0.078,0.000,45,E,0,,,,453652,144.93,0
726,1694.902,"Mount",-0.010,0.201,-0.183,-0.084,-0.072,-0.030,41,E,13,N,,,433659,148.92,0
727,1697.139,"Mount",-0.124,0.077,-0.125,0.074,-0.087,0.026,50,E,11,S,,,417045,111.31,0
728,1699.620,"Mount",-0.179,0.282,-0.333,0.028,-0.200,0.000,114,E,0,,,,451720,161.72,0
729,1701.805,"Mount",-0.107,0.142,-0.175,0.030,-0.159,0.000,91,E,0,,,,467913,139.99,0
730,1704.304,"Mount",-0.221,0.145,-0.231,0.129,-0.208,0.046,119,E,20,S,,,441325,160.17,0
731,1706.581,"Mount",-0.002,0.172,-0.154,-0.077,-0.181,-0.026,104,E,11,N,,,460579,150.36,0
732,1709.196,"Mount",-0.043,0.253,-0.245,-0.079,-0.230,-0.030,132,E,13,N,,,441713,140.88,0
733,1711.455,"Mount",-0.153,0.069,-0.131,0.104,-0.151,0.036,86,E,16,S,,,467281,139.44,0
734,1713.967,"Mount",-0.015,0.264,-0.241,-0.109,-0.206,-0.038,118,E,16,N,,,451315,160.37,0
735,1716.159,"Mount",-0.053,0.120,-0.131,-0.008,-0.156,0.000,89,E,0,,,,452591,135.50,0
736,1718.618,"Mount",-0.125,0.050,-0.101,0.088,-0.135,0.032,77,E,13,S,,,451199,163.80,0
737,1720.770,"Mount",-0.080,0.089,-0.116,0.030,-0.155,0.000,89,E,0,,,,476762,146.54,0
738,1723.136,"Mount",-0.051,-0.018,-0.008,0.054,-0.124,0.000,71,E,0,,,,472701,134.47,0
739,1725.381,"Mount",-0.040,-0.059,0.034,0.062,-0.122,0.022,70,E,10,S,,,447085,140.61,0
740,1727.719,"Mount",0.029,-0.100,0.102,0.021,-0.076,0.000,43,E,0,,,,462704,139.43,0
741,1729.846,"Mount",0.048,-0.094,0.106,0.001,-0.064,0.000,37,E,0,,,,472575,135.50,0
742,1732.206,"Mount",0.014,-0.148,0.138,0.056,-0.026,0.000,15,E,0,,,,443452,138.40,0
743,1734.370,"Mount",0.180,-0.175,0.238,-0.079,0.038,-0.028,22,W,12,N,,,438977,158.12,0
744,1736.737,"Mount",-0.110,0.031,-0.078,0.083,-0.076,0.029,43,E,12,S,,,443096,137.04,0
745,1738.935,"Mount",-0.026,0.182,-0.173,-0.061,-0.101,-0.021,58,E,9,N,,,443012,139.19,0
746,1741.352,"Mount",-0.054,0.009,-0.033,0.043,-0.014,0.000,8,E,0,,,,444214,149.05,0
747,1743.566,"Mount",-0.106,0.074,-0.114,0.060,-0.060,0.000,35,E,0,,,,480130,162.75,0
748,1746.018,"Mount",-0.043,0.224,-0.218,-0.066,-0.122,-0.024,70,E,10,N,,,428362,128.91,0
749,1748.290,"Mount",-0.210,0.138,-0.219,0.123,-0.132,0.043,76,E,18,S,,,440628,134.74,0
750,1750.925,"Mount",-0.242,0.422,-0.487,0.020,-0.292,0.000,167,E,0,,,,461720,130.35,0
751,1753.119,"Mount",-0.123,0.226,-0.257,0.005,-0.214,0.000,122,E,0,,,,437645,133.98,0
752,1755.707,"Mount",-0.318,0.146,-0.276,0.215,-0.235,0.077,135,E,33,S,,,472654,160.73,0
753,1758.110,"Mount",-0.454,0.448,-0.607,0.196,-0.434,0.073,248,E,31,S,,,433450,147.14,0
754,1760.729,"Mount",-0.274,0.178,-0.284,0.161,-0.326,0.061,187,E,26,S,,,438014,120.72,0
755,1763.084,"Mount",-0.239,0.199,-0.286,0.120,-0.365,0.046,209,E,20,S,,,431044,134.39,0
756,1765.705,"Mount",-0.221,0.140,-0.226,0.132,-0.363,0.049,208,E,21,S,,,440012,136.92,0
757,1767.920,"Mount",-0.030,0.066,-0.072,-0.004,-0.292,0.000,167,E,0,,,,453398,135.38,0
758,1770.400,"Mount",-0.002,-0.030,0.026,0.016,-0.252,0.000,144,E,0,,,,438569,135.18,0
759,1772.611,"Mount",0.027,-0.216,0.204,0.076,-0.152,0.028,87,E,12,S,,,433850,134.16,0
760,1775.233,"Mount",0.073,0.032,0.005,-0.080,-0.236,-0.028,135,E,12,N,,,445024,131.42,0
761,1777.509,"Mount",0.165,-0.029,0.102,-0.133,-0.172,-0.049,98,E,21,N,,,464208,147.65,0
762,1779.985,"Mount",0.008,-0.010,0.013,-0.002,-0.200,0.000,114,E,0,,,,452233,159.27,0
763,1782.306,"Mount",-0.135,-0.133,0.056,0.181,-0.191,0.065,109,E,28,S,,,423423,117.63,0
764,1784.787,"Mount",0.091,-0.060,0.096,-0.053,-0.142,0.000,81,E,0,,,,455090,141.32,0
765,1787.058,"Mount",0.149,-0.059,0.121,-0.105,-0.114,-0.038,65,E,16,N,,,463194,146.68,0
766,1789.525,"Mount",-0.043,-0.212,0.168,0.136,-0.105,0.047,60,E,20,S,,,424023,131.68,0
767,1791.716,"Mount",0.166,-0.227,0.278,-0.042,-0.032,0.000,18,E,0,,,,442875,124.13,0
768,1794.033,"Mount",0.117,-0.189,0.222,-0.016,-0.057,0.000,32,E,0,,,,429575,135.43,0
769,1796.198,"Mount",0.037,-0.078,0.087,0.004,-0.103,0.000,59,E,0,,,,440551,134.74,0
770,1798.535,"Mount",0.015,-0.093,0.090,0.030,-0.092,0.000,53,E,0,,,,461127,143.91,0
771,1800.750,"Mount",-0.035,-0.113,0.084,0.083,-0.105,0.030,60,E,13,S,,,458566,139.18,0
772,1803.089,"Mount",0.091,-0.199,0.219,0.012,-0.025,0.000,14,E,0,,,,432423,146.30,0
773,1805.233,"Mount",0.202,-0.193,0.264,-0.090,0.023,-0.032,13,W,14,N,,,454503,135.10,0
774,1807.604,"Mount",0.022,-0.089,0.089,0.021,-0.041,0.000,23,E,0,,,,458620,134.70,0
775,1809.752,"Mount",-0.011,-0.076,0.062,0.045,-0.032,0.000,18,E,0,,,,456497,144.63,0
776,1812.086,"Mount",0.111,-0.092,0.133,-0.056,-0.013,0.000,8,E,0,,,,458966,162.24,0
777,1814.283,"Mount",0.048,-0.225,0.222,0.061,0.042,0.022,24,W,9,S,,,457582,148.61,0
778,1816.685,"Mount",-0.099,-0.026,-0.023,0.100,-0.049,0.037,28,E,16,S,,,421819,129.10,0
779,1818.875,"Mount",-0.082,0.124,-0.147,0.015,-0.109,0.000,62,E,0,,,,433222,138.74,0
780,1821.277,"Mount",-0.067,0.012,-0.042,0.054,-0.065,0.000,37,E,0,,,,427042,136.00,0
781,1823.435,"Mount",0.041,-0.034,0.049,-0.021,-0.067,0.000,39,E,0,,,,469409,155.07,0
782,1825.773,"Mount",0.035,-0.193,0.188,0.058,0.021,0.000,12,W,0,,,,457770,138.76,0
783,1827.832,"Mount",0.026,-0.136,0.132,0.040,0.018,0.000,10,W,0,,,,445929,161.12,0
784,1830.299,"Mount",0.029,-0.215,0.205,0.074,0.046,0.026,27,W,11,S,,,435239,148.76,0
785,1832.451,"Mount",-0.040,-0.086,0.058,0.075,-0.024,0.028,13,E,12,S,,,440605,138.81,0
786,1834.869,"Mount",-0.135,-0.180,0.097,0.203,0.018,0.074,10,W,32,S,,,449031,162.74,0
787,1837.141,"Mount",-0.064,-0.365,0.295,0.225,0.098,0.084,56,W,36,S,,,452751,162.07,0
788,1839.558,"Mount",0.149,-0.106,0.163,-0.083,0.047,-0.026,27,W,11,N,,,452153,151.72,0
789,1841.787,"Mount",0.035,-0.202,0.195,0.062,0.086,0.021,49,W,9,S,,,443279,146.18,0
790,1844.223,"Mount",0.029,-0.246,0.231,0.088,0.124,0.033,71,W,14,S,,,458595,145.28,0
791,1846.469,"Mount",-0.048,-0.242,0.192,0.154,0.122,0.057,70,W,24,S,,,458061,159.44,0
792,1848.962,"Mount",-0.119,-0.153,0.082,0.176,0.103,0.066,59,W,28,S,,,451939,179.64,0
793,1851.314,"Mount",-0.048,-0.211,0.165,0.140,0.177,0.053,101,W,23,S,,,451932,156.11,0
794,1853.768,"Mount",0.154,-0.015,0.084,-0.130,0.151,-0.045,86,W,19,N,,,432658,138.35,0
795,1856.006,"Mount",-0.004,-0.130,0.114,0.064,0.189,0.021,108,W,9,S,,,480014,145.90,0
796,1858.423,"Mount",-0.016,-0.058,0.044,0.041,0.152,0.000,87,W,0,,,,464730,144.69,0
797,1860.682,"Mount",-0.057,-0.030,-0.000,0.064,0.148,0.023,85,W,10,S,,,440427,143.58,0
798,1863.065,"Mount",-0.028,0.075,-0.079,-0.010,0.096,0.000,55,W,0,,,,442706,131.77,0
799,1865.261,"Mount",-0.124,0.102,-0.148,0.063,0.038,0.023,22,W,10,S,,,428457,127.50,0
800,1867.608,"Mount",-0.117,0.274,-0.297,-0.023,-0.033,0.000,19,E,0,,,,434637,131.14,0
801,1869.759,"Mount",-0.184,0.228,-0.287,0.058,-0.059,0.000,34,E,0,,,,463650,150.71,0
802,1872.127,"Mount",-0.120,0.150,-0.188,0.037,-0.023,0.000,13,E,0,,,,453535,142.46,0
803,1874.350,"Mount",-0.089,0.012,-0.051,0.074,0.050,0.027,29,W,11,S,,,464574,172.22,0
804,1876.864,"Mount",-0.070,0.377,-0.367,-0.112,-0.136,-0.039,78,E,17,N,,,442331,163.36,0
805,1879.011,"Mount",-0.117,0.133,-0.172,0.043,-0.075,0.000,43,E,0,,,,447026,136.69,0
806,1881.311,"Mount",-0.063,0.011,-0.039,0.051,-0.017,0.000,10,E,0,,,,431020,124.30,0
807,1883.524,"Mount",-0.279,0.051,-0.174,0.224,-0.113,0.081,64,E,34,S,,,438412,156.70,0
808,1885.858,"Mount",-0.073,0.034,-0.064,0.049,-0.065,0.000,37,E,0,,,,420015,142.69,0
809,1887.994,"Mount",0.071,0.081,-0.039,-0.100,-0.042,-0.036,24,E,15,N,,,462181,166.09,0
810,1890.427,"Mount",-0.070,-0.054,0.016,0.087,-0.042,0.030,24,E,13,S,,,450032,145.32,0
811,1892.642,"Mount",-0.043,-0.164,0.126,0.114,0.017,0.042,10,W,18,S,,,449574,147.16,0
812,1894.963,"Mount",0.042,-0.080,0.090,0.000,0.004,0.000,2,W,0,,,,438747,146.59,0
813,1897.122,"Mount",0.114,-0.195,0.226,-0.011,0.081,0.000,47,W,0,,,,452815,134.07,0
814,1899.510,"Mount",0.023,-0.163,0.155,0.055,0.061,0.000,35,W,0,,,,438772,131.85,0
815,1901.736,"Mount",-0.009,-0.116,0.099,0.062,0.064,0.022,36,W,10,S,,,464011,148.48,0
816,1904.153,"Mount",0.070,-0.217,0.225,0.038,0.138,0.000,79,W,0,,,,483343,158.73,0
817,1906.409,"Mount",0.183,-0.122,0.193,-0.106,0.156,-0.038,89,W,16,N,,,443971,126.94,0
818,1908.872,"Mount",0.170,-0.261,0.310,-0.030,0.236,0.000,135,W,0,,,,455123,156.11,0
819,1911.116,"Mount",0.102,-0.212,0.236,0.007,0.228,0.000,130,W,0,,,,441932,143.66,0
820,1913.629,"Mount",0.043,-0.187,0.186,0.048,0.219,0.000,125,W,0,,,,464425,136.14,0
821,1915.976,"Mount",-0.040,-0.275,0.225,0.162,0.252,0.058,144,W,25,S,,,441563,143.46,0
822,1918.499,"Mount",-0.053,-0.101,0.065,0.094,0.205,0.036,117,W,15,S,,,443408,145.94,0
823,1920.740,"Mount",-0.013,-0.062,0.048,0.040,0.165,0.000,95,W,0,,,,477895,145.84,0
824,1923.333,"Mount",0.006,-0.215,0.193,0.094,0.273,0.034,156,W,14,S,,,450715,129.40,0
825,1925.575,"Mount",-0.121,-0.093,0.027,0.150,0.170,0.056,97,W,24,S,,,443927,145.69,0
826,1928.022,"Mount",-0.089,-0.002,-0.039,0.080,0.170,0.031,97,W,13,S,,,442052,149.85,0
827,1930.175,"Mount",-0.017,0.084,-0.082,-0.024,0.113,0.000,64,W,0,,,,454634,138.92,0
INFO: SET LOCK POSITION, new lock pos = 572.450, 602.141
INFO: DITHER by 16.610, -1.846, new lock pos = 581.738, 588.248
INFO: SETTLING STATE CHANGE, Settling started
828,1942.813,"Mount",-9.288,13.894,-16.610,1.846,-16.610,1.846,9496,E,790,S,,,456449,140.67,0
829,1945.763,"Mount",-1.759,0.763,-1.487,1.208,-0.669,0.435,383,E,186,S,,,454228,138.73,0
830,1948.297,"Mount",-1.267,0.332,-0.879,0.971,-0.395,0.367,226,E,157,S,,,443432,131.80,0
831,1950.899,"Mount",-0.535,0.135,-0.366,0.412,-0.165,0.163,94,E,70,S,,,439093,141.04,0
832,1953.190,"Mount",-0.509,-0.006,-0.229,0.455,-0.103,0.170,59,E,73,S,,,427537,132.29,0
833,1955.682,"Mount",-0.420,0.100,-0.282,0.326,-0.127,0.124,72,E,53,S,,,455829,165.17,0
834,1957.862,"Mount",-0.078,-0.190,0.133,0.157,0.060,0.061,34,W,26,S,,,439774,138.98,0
835,1960.334,"Mount",-0.067,-0.210,0.156,0.157,0.070,0.059,40,W,25,S,,,439863,130.65,0
836,1962.399,"Mount",0.016,-0.090,0.087,0.027,0.039,0.000,22,W,0,,,,417426,139.28,0
837,1964.752,"Mount",-0.058,-0.010,-0.018,0.056,-0.008,0.000,5,E,0,,,,440094,130.76,0
838,1966.932,"Mount",0.047,-0.171,0.173,0.038,0.078,0.000,45,W,0,,,,435304,143.48,0
839,1969.335,"Mount",-0.100,-0.006,-0.041,0.092,0.015,0.033,8,W,14,S,,,456937,143.96,0
840,1971.529,"Mount",0.211,0.067,0.038,-0.218,0.016,-0.077,9,W,33,N,,,458830,152.64,0
841,1973.928,"Mount",0.032,-0.154,0.151,0.042,0.081,0.000,46,W,0,,,,448904,126.69,0
842,1976.110,"Mount",0.069,-0.118,0.137,-0.007,0.080,0.000,45,W,0,,,,444832,150.21,0
843,1978.531,"Mount",-0.011,-0.182,0.157,0.093,0.086,0.034,49,W,14,S,,,455261,149.01,0
INFO: SETTLING STATE CHANGE, Settling complete
844,1980.825,"Mount",-0.234,-0.182,0.054,0.292,0.003,0.106,2,W,45,S,,,462828,137.59,0
845,1983.237,"Mount",0.187,0.049,0.042,-0.188,0.008,-0.064,5,W,27,N,,,428643,127.02,0
846,1985.403,"Mount",-0.055,-0.036,0.006,0.065,0.001,0.021,1,W,9,S,,,439689,129.22,0
847,1987.708,"Mount",0.019,-0.051,0.054,0.007,-0.007,0.000,4,E,0,,,,453723,138.82,0
848,1989.885,"Mount",-0.038,-0.175,0.138,0.114,0.043,0.041,25,W,18,S,,,437156,139.33,0
849,1992.350,"Mount",0.032,-0.189,0.182,0.059,0.058,0.000,33,W,0,,,,428387,120.36,0
850,1994.531,"Mount",-0.083,-0.234,0.169,0.182,0.052,0.065,30,W,28,S,,,439692,150.88,0
851,1996.978,"Mount",-0.051,-0.083,0.050,0.083,-0.032,0.033,18,E,14,S,,,461357,142.74,0
852,1999.094,"Mount",0.024,-0.018,0.027,-0.013,-0.024,0.000,14,E,0,,,,440624,130.67,0
853,2001.468,"Mount",-0.052,-0.079,0.046,0.082,-0.010,0.030,6,E,13,S,,,452923,161.89,0
854,2003.590,"Mount",-0.068,0.021,-0.050,0.050,-0.017,0.000,10,E,0,,,,470037,130.07,0
855,2005.957,"Mount",-0.004,0.074,-0.067,-0.030,-0.046,0.000,26,E,0,,,,462018,167.79,0
856,2008.106,"Mount",-0.032,0.009,-0.022,0.025,-0.011,0.000,6,E,0,,,,424636,119.42,0
857,2010.378,"Mount",0.031,0.071,-0.049,-0.060,-0.013,0.000,8,E,0,,,,464013,138.52,0
858,2012.514,"Mount",0.074,0.063,-0.022,-0.094,-0.008,-0.034,4,E,15,N,,,417574,129.15,0
859,2014.918,"Mount",0.049,-0.103,0.114,0.004,0.053,0.000,30,W,0,,,,435054,134.38,0
860,2017.121,"Mount",0.032,0.034,-0.016,-0.044,0.013,0.000,7,W,0,,,,463411,131.26,0
861,2019.476,"Mount",0.015,-0.071,0.070,0.019,0.057,0.000,33,W,0,,,,443722,134.65,0
862,2021.628,"Mount",-0.010,-0.105,0.088,0.057,0.073,0.000,42,W,0,,,,439538,142.36,0
863,2023.986,"Mount",-0.050,-0.055,0.026,0.069,0.029,0.025,17,W,11,S,,,423023,134.16,0
864,2026.092,"Mount",0.006,-0.077,0.071,0.030,0.062,0.000,35,W,0,,,,447594,137.54,0
865,2028.397,"Mount",-0.001,0.058,-0.052,-0.026,0.034,0.000,20,W,0,,,,450351,150.18,0
866,2030.482,"Mount",-0.027,0.105,-0.105,-0.025,-0.021,0.000,12,E,0,,,,432643,136.12,0
867,2032.781,"Mount",-0.027,-0.068,0.047,0.055,0.026,0.000,15,W,0,,,,454840,154.06,0
868,2034.893,"Mount",0.047,-0.007,0.027,-0.039,0.020,0.000,11,W,0,,,,448229,143.39,0
869,2037.213,"Mount",0.031,-0.060,0.068,0.000,0.036,0.000,20,W,0,,,,430778,127.36,0
870,2039.328,"Mount",-0.028,0.068,-0.073,-0.007,-0.046,0.000,26,E,0,,,,439747,121.29,0
871,2041.664,"Mount",-0.019,0.152,-0.144,-0.054,-0.092,0.000,53,E,0,,,,432211,145.03,0
872,2043.924,"Mount",-0.525,-0.460,0.167,0.678,0.032,0.244,18,W,104,S,,,439613,142.79,0
873,2046.273,"Mount",-0.084,0.082,-0.112,0.037,-0.108,0.000,62,E,0,,,,427838,116.71,0
874,2048.469,"Mount",-0.070,-0.029,-0.007,0.076,-0.070,0.027,40,E,12,S,,,426024,121.29,0
875,2050.950,"Mount",0.025,0.098,-0.075,-0.067,-0.117,-0.023,67,E,10,N,,,415944,123.32,0
876,2053.229,"Mount",-0.050,0.235,-0.232,-0.065,-0.186,-0.024,106,E,10,N,,,451576,143.21,0
877,2055.695,"Mount",-0.133,-0.032,-0.033,0.132,-0.089,0.047,51,E,20,S,,,436063,130.50,0
878,2057.871,"Mount",-0.114,0.003,-0.055,0.100,-0.093,0.038,53,E,16,S,,,424711,130.27,0
879,2060.356,"Mount",-0.009,0.104,-0.096,-0.040,-0.147,0.000,84,E,0,,,,420497,125.54,0
880,2062.553,"Mount",0.034,-0.003,0.018,-0.029,-0.105,0.000,60,E,0,,,,456606,151.06,0
881,2064.941,"Mount",-0.044,0.061,-0.074,0.010,-0.160,0.000,91,E,0,,,,444203,144.01,0
882,2067.189,"Mount",-0.199,-0.011,-0.082,0.182,-0.158,0.065,90,E,28,S,,,467151,142.59,0
883,2069.592,"Mount",0.044,-0.041,0.057,-0.020,-0.130,0.000,74,E,0,,,,442389,135.99,0
884,2071.806,"Mount",0.146,-0.141,0.192,-0.065,-0.039,-0.023,22,E,10,N,,,436096,148.28,0
885,2074.271,"Mount",-0.099,-0.178,0.113,0.170,-0.066,0.060,38,E,26,S,,,442994,140.15,0
886,2076.379,"Mount",0.097,-0.310,0.319,0.057,0.050,0.000,29,W,0,,,,435279,137.08,0
887,2078.822,"Mount",0.166,-0.175,0.232,-0.066,0.053,-0.024,30,W,10,N,,,456874,148.73,0
888,2080.954,"Mount",0.029,-0.090,0.093,0.016,0.021,0.000,12,W,0,,,,433603,151.28,0
889,2083.385,"Mount",-0.117,-0.168,0.096,0.181,0.034,0.065,19,W,28,S,,,461305,161.10,0
890,2085.552,"Mount",0.096,-0.149,0.177,-0.016,0.066,0.000,38,W,0,,,,470037,175.25,0
891,2087.938,"Mount",0.119,-0.006,0.061,-0.103,0.005,-0.037,3,W,16,N,,,468510,153.54,0
892,2090.197,"Mount",0.020,0.150,-0.124,-0.087,-0.086,-0.033,49,E,14,N,,,466777,144.73,0
893,2092.523,"Mount",-0.011,0.050,-0.049,-0.013,-0.065,0.000,37,E,0,,,,456301,136.31,0
894,2094.750,"Mount",-0.205,0.024,-0.115,0.171,-0.139,0.062,79,E,26,S,,,459729,153.58,0
895,2097.304,"Mount",0.093,0.177,-0.115,-0.164,-0.180,-0.057,103,E,24,N,,,429461,132.01,0
896,2099.564,"Mount",0.097,0.073,-0.021,-0.120,-0.149,-0.045,85,E,19,N,,,429240,124.82,0
897,2102.139,"Mount",-0.192,0.054,-0.137,0.146,-0.219,0.051,125,E,22,S,,,452581,159.69,0
898,2104.426,"Mount",-0.132,0.027,-0.085,0.105,-0.213,0.040,122,E,17,S,,,436660,135.87,0
899,2106.868,"Mount",-0.068,0.093,-0.113,0.017,-0.253,0.000,145,E,0,,,,433481,138.11,0
900,2109.097,"Mount",-0.125,0.145,-0.187,0.043,-0.284,0.000,162,E,0,,,,438776,130.64,0
901,2111.595,"Mount",-0.020,0.151,-0.143,-0.052,-0.288,0.000,165,E,0,,,,462457,159.29,0
902,2113.938,"Mount",0.039,0.179,-0.141,-0.117,-0.285,-0.042,163,E,18,N,,,439322,136.58,0
903,2116.442,"Mount",-0.002,0.043,-0.039,-0.018,-0.235,0.000,134,E,0,,,,449143,162.29,0
904,2118.684,"Mount",-0.086,0.122,-0.148,0.020,-0.285,0.000,163,E,0,,,,444152,134.31,0
905,2121.238,"Mount",-0.147,0.058,-0.119,0.104,-0.271,0.037,155,E,16,S,,,441551,126.55,0
906,2123.531,"Mount",-0.130,0.064,-0.116,0.086,-0.257,0.032,147,E,14,S,,,437612,133.36,0
907,2125.966,"Mount",-0.019,-0.040,0.027,0.035,-0.202,0.000,115,E,0,,,,439634,140.03,0
908,2128.195,"Mount",-0.014,-0.018,0.009,0.020,-0.182,0.000,104,E,0,,,,437202,126.55,0
909,2130.578,"Mount",-0.047,0.042,-0.059,0.022,-0.170,0.000,97,E,0,,,,456916,131.81,0
910,2132.776,"Mount",-0.016,0.123,-0.117,-0.042,-0.202,0.000,115,E,0,,,,457708,150.36,0
911,2135.257,"Mount",-0.067,-0.060,0.022,0.087,-0.153,0.031,87,E,13,S,,,418460,124.53,0
912,2137.422,"Mount",-0.021,-0.020,0.008,0.028,-0.156,0.000,89,E,0,,,,459196,161.99,0
913,2139.997,"Mount",0.017,0.021,-0.011,-0.024,-0.139,0.000,80,E,0,,,,452587,142.83,0
914,2142.180,"Mount",0.045,-0.012,0.032,-0.034,-0.141,0.000,80,E,0,,,,455064,133.86,0
915,2144.566,"Mount",-0.018,-0.121,0.099,0.071,-0.092,0.026,53,E,11,S,,,414646,117.09,0
916,2146.638,"Mount",0.179,-0.247,0.302,-0.045,0.008,0.000,5,W,0,,,,463646,147.37,0
917,2149.056,"Mount",0.260,-0.299,0.386,-0.093,0.060,-0.033,34,W,14,N,,,421492,130.44,0
918,2151.131,"Mount",0.123,-0.187,0.223,-0.023,0.019,0.000,11,W,0,,,,412903,141.94,0
919,2153.483,"Mount",0.033,-0.093,0.098,0.014,-0.021,0.000,12,E,0,,,,432971,143.60,0
920,2155.573,"Mount",0.010,-0.066,0.064,0.021,-0.029,0.000,17,E,0,,,,455226,152.44,0
921,2157.879,"Mount",0.018,-0.063,0.064,0.013,-0.025,0.000,14,E,0,,,,438262,130.92,0
922,2160.010,"Mount",-0.061,0.039,-0.063,0.036,-0.087,0.000,50,E,0,,,,434256,132.87,0
923,2162.427,"Mount",-0.061,-0.072,0.036,0.087,-0.049,0.031,28,E,13,S,,,442371,141.00,0
924,2164.508,"Mount",-0.004,-0.002,0.000,0.004,-0.035,0.000,20,E,0,,,,438264,146.28,0
925,2166.827,"Mount",-0.030,-0.002,-0.012,0.027,-0.041,0.000,23,E,0,,,,443143,129.04,0
926,2168.958,"Mount",-0.055,0.055,-0.074,0.023,-0.080,0.000,46,E,0,,,,443955,135.81,0
927,2171.439,"Mount",-0.015,-0.120,0.100,0.069,-0.007,0.025,4,E,11,S,,,445132,121.24,0
928,2173.610,"Mount",-0.062,-0.087,0.049,0.095,-0.048,0.035,27,E,15,S,,,456513,150.73,0
929,2175.945,"Mount",-0.008,-0.111,0.095,0.058,0.007,0.000,4,W,0,,,,426685,118.13,0
930,2178.095,"Mount",-0.187,-0.047,-0.045,0.188,-0.015,0.068,8,E,29,S,,,433402,130.00,0
931,2180.464,"Mount",-0.095,-0.106,0.051,0.133,-0.007,0.051,4,E,22,S,,,449552,143.22,0
932,2182.705,"Mount",-0.103,-0.143,0.079,0.158,0.035,0.059,20,W,25,S,,,453351,137.35,0
933,2185.166,"Mount",-0.010,-0.152,0.130,0.079,0.065,0.031,37,W,13,S,,,462213,129.92,0
934,2187.392,"Mount",-0.085,-0.137,0.082,0.138,0.060,0.051,34,W,22,S,,,431230,132.38,0
935,2189.917,"Mount",-0.096,-0.118,0.061,0.139,0.074,0.052,42,W,22,S,,,431543,122.75,0
936,2192.146,"Mount",-0.092,-0.130,0.073,0.141,0.093,0.053,53,W,23,S,,,441154,129.31,0
937,2194.534,"Mount",-0.004,-0.047,0.040,0.025,0.073,0.000,42,W,0,,,,450210,151.75,0
938,2196.747,"Mount",0.096,-0.116,0.147,-0.032,0.163,0.000,93,W,0,,,,432388,126.42,0
939,2199.254,"Mount",0.084,-0.156,0.177,-0.003,0.204,0.000,117,W,0,,,,471344,146.20,0
940,2201.563,"Mount",0.037,-0.259,0.247,0.087,0.241,0.031,138,W,13,S,,,443325,136.20,0
941,2204.026,"Mount",-0.053,-0.017,-0.009,0.055,0.142,0.000,81,W,0,,,,438404,143.78,0
942,2206.208,"Mount",0.049,0.015,0.009,-0.050,0.133,0.000,76,W,0,,,,429777,151.56,0
943,2208.571,"Mount",0.061,0.009,0.021,-0.058,0.120,0.000,69,W,0,,,,421417,141.13,0
944,2210.829,"Mount",0.073,0.032,0.005,-0.079,0.098,-0.029,56,W,12,N,,,447787,157.73,0
945,2213.227,"Mount",0.061,0.099,-0.060,-0.099,0.078,-0.037,45,W,16,N,,,431162,122.01,0
946,2215.412,"Mount",0.078,-0.182,0.197,0.015,0.157,0.000,90,W,0,,,,458430,126.99,0
947,2217.733,"Mount",-0.056,-0.011,-0.016,0.055,0.056,0.000,32,W,0,,,,442962,142.93,0
948,2219.819,"Mount",-0.026,0.053,-0.059,-0.001,0.045,0.000,26,W,0,,,,427621,131.57,0
949,2222.189,"Mount",-0.041,0.099,-0.107,-0.010,-0.006,0.000,3,E,0,,,,449110,126.19,0
950,2224.341,"Mount",0.019,0.134,-0.110,-0.078,-0.021,-0.028,12,E,12,N,,,434215,135.89,0
951,2226.820,"Mount",-0.226,0.184,-0.267,0.115,-0.122,0.040,70,E,17,S,,,464090,140.10,0
952,2229.224,"Mount",-0.409,0.570,-0.694,0.099,-0.321,0.037,183,E,16,S,,,450111,151.33,0
953,2231.610,"Mount",0.072,-0.168,0.182,0.013,0.058,0.000,33,W,0,,,,457607,151.08,0
954,2233.889,"Mount",-0.117,-0.086,0.022,0.144,-0.041,0.052,24,E,22,S,,,432325,128.64,0
955,2236.308,"Mount",0.022,-0.117,0.114,0.034,0.008,0.000,5,W,0,,,,448678,133.14,0
956,2238.423,"Mount",0.120,-0.033,0.085,-0.091,0.016,-0.033,9,W,14,N,,,461853,142.55,0
957,2240.747,"Mount",0.042,-0.107,0.115,0.012,0.043,0.000,25,W,0,,,,443823,138.85,0
958,2242.934,"Mount",-0.030,-0.120,0.093,0.082,0.050,0.030,29,W,13,S,,,453490,130.03,0
959,2245.243,"Mount",0.032,0.012,0.004,-0.034,0.028,0.000,16,W,0,,,,450218,148.33,0
960,2247.378,"Mount",0.063,-0.046,0.070,-0.035,0.068,0.000,39,W,0,,,,446306,128.80,0
961,2249.711,"Mount",-0.065,0.001,-0.031,0.057,0.070,0.000,40,W,0,,,,447273,127.07,0
962,2251.845,"Mount",0.018,-0.053,0.055,0.009,0.080,0.000,46,W,0,,,,447329,131.26,0
963,2254.213,"Mount",0.043,-0.092,0.102,0.005,0.144,0.000,82,W,0,,,,450587,148.01,0
964,2256.459,"Mount",0.119,-0.277,0.300,0.022,0.245,0.000,140,W,0,,,,439382,136.57,0
965,2258.925,"Mount",0.065,-0.185,0.195,0.028,0.218,0.000,124,W,0,,,,445859,140.13,0
966,2261.198,"Mount",0.092,-0.224,0.241,0.022,0.249,0.000,142,W,0,,,,442677,180.92,0
967,2263.868,"Mount",-0.687,-0.650,0.261,0.909,0.288,0.327,165,W,140,S,,,461582,138.24,0
968,2266.268,"Mount",-0.135,-0.450,0.337,0.327,0.330,0.131,189,W,56,S,,,473964,142.51,0
969,2268.719,"Mount",0.095,-0.034,0.074,-0.068,0.205,-0.019,117,W,8,N,,,454266,148.84,0
970,2270.994,"Mount",0.099,-0.036,0.078,-0.072,0.203,-0.027,116,W,11,N,,,416686,123.30,0
971,2273.411,"Mount",0.033,-0.010,0.024,-0.025,0.159,0.000,91,W,0,,,,416223,115.56,0
972,2275.648,"Mount",0.025,0.142,-0.115,-0.088,0.090,-0.032,51,W,14,N,,,416041,125.88,0
973,2278.015,"Mount",-0.028,0.043,-0.051,0.005,0.136,0.000,78,W,0,,,,443084,133.51,0
974,2280.241,"Mount",-0.106,0.054,-0.097,0.069,0.085,0.025,49,W,11,S,,,420700,138.96,0
975,2282.563,"Mount",-0.136,0.156,-0.202,0.049,0.023,0.000,13,W,0,,,,488085,143.14,0
976,2284.817,"Mount",-0.203,-0.071,-0.031,0.213,0.099,0.077,57,W,33,S,,,472906,157.77,0
977,2287.253,"Mount",0.003,0.095,-0.083,-0.047,0.070,0.000,40,W,0,,,,448081,123.29,0
978,2289.453,"Mount",0.031,0.220,-0.181,-0.129,0.015,-0.047,8,W,20,N,,,468938,164.09,0
979,2291.783,"Mount",0.014,0.042,-0.031,-0.032,0.095,0.000,54,W,0,,,,446685,123.97,0
980,2293.883,"Mount",-0.046,0.192,-0.191,-0.047,-0.007,0.000,4,E,0,,,,446768,133.99,0
981,2296.161,"Mount",-0.062,0.162,-0.173,-0.020,-0.017,0.000,9,E,0,,,,468669,153.35,0
982,2298.310,"Mount",-0.072,0.141,-0.158,-0.001,-0.033,0.000,19,E,0,,,,433045,130.73,0
983,2300.681,"Mount",-0.109,0.000,-0.051,0.097,0.026,0.035,15,W,15,S,,,422001,131.80,0
984,2302.783,"Mount",-0.134,0.208,-0.247,0.023,-0.086,0.000,49,E,0,,,,463426,155.80,0
985,2305.138,"Mount",-0.136,0.081,-0.135,0.083,-0.048,0.030,27,E,13,S,,,452130,132.65,0
986,2307.277,"Mount",0.050,0.110,-0.074,-0.095,-0.027,-0.033,15,E,14,N,,,433143,151.21,0
987,2309.665,"Mount",-0.031,-0.079,0.056,0.064,0.006,0.022,3,W,9,S,,,414616,121.00,0
988,2311.817,"Mount",0.016,-0.008,0.014,-0.011,0.010,0.000,6,W,0,,,,418430,132.56,0
989,2314.157,"Mount",-0.003,0.004,-0.005,0.001,0.018,0.000,10,W,0,,,,431780,122.17,0
990,2316.335,"Mount",-0.142,0.052,-0.112,0.102,-0.033,0.037,19,E,16,S,,,445674,136.32,0
991,2318.676,"Mount",-0.027,-0.028,0.012,0.037,0.026,0.000,15,W,0,,,,464686,133.94,0
992,2320.797,"Mount",-0.019,-0.034,0.021,0.033,0.024,0.000,14,W,0,,,,435784,136.57,0
993,2323.152,"Mount",-0.040,-0.007,-0.012,0.038,0.023,0.000,13,W,0,,,,426044,136.44,0
994,2325.288,"Mount",0.020,0.018,-0.007,-0.025,0.018,0.000,10,W,0,,,,439391,127.70,0
995,2327.688,"Mount",0.112,0.048,0.009,-0.121,0.008,-0.044,5,W,19,N,,,475085,159.56,0
996,2329.921,"Mount",-0.192,0.124,-0.199,0.113,-0.089,0.039,51,E,17,S,,,453060,152.16,0
997,2332.310,"Mount",-0.073,0.006,-0.039,0.062,0.003,0.024,2,W,10,S,,,428093,153.58,0
998,2334.381,"Mount",-0.068,0.075,-0.098,0.026,-0.038,0.000,22,E,0,,,,450167,138.32,0
999,2336.781,"Mount",0.093,0.074,-0.023,-0.117,-0.022,-0.042,13,E,18,N,,,439634,123.00,0
1000,2339.121,"Mount",-0.097,0.040,-0.080,0.068,-0.062,0.023,35,E,10,S,,,444956,133.23,0
1001,2341.490,"Mount",-0.094,0.104,-0.136,0.035,-0.097,0.000,55,E,0,,,,464003,153.33,0
1002,2343.705,"Mount",-0.137,0.063,-0.119,0.093,-0.083,0.033,48,E,14,S,,,422449,152.41,0
1003,2346.060,"Mount",-0.026,-0.034,0.019,0.039,-0.021,0.000,12,E,0,,,,468066,146.90,0
1004,2348.237,"Mount",-0.069,-0.054,0.016,0.086,-0.015,0.031,9,E,13,S,,,437505,127.90,0
1005,2350.556,"Mount",-0.002,-0.085,0.075,0.041,0.024,0.000,13,W,0,,,,463931,149.75,0
1006,2352.711,"Mount",-0.037,-0.069,0.044,0.065,-0.010,0.023,6,E,10,S,,,473363,164.52,0
1007,2355.047,"Mount",0.046,0.009,0.013,-0.045,-0.007,0.000,4,E,0,,,,492668,153.22,0
1008,2357.269,"Mount",0.035,0.143,-0.111,-0.097,-0.059,-0.035,33,E,15,N,,,465385,143.78,0
1009,2359.619,"Mount",0.006,-0.098,0.090,0.040,0.038,0.000,22,W,0,,,,434775,147.10,0
1010,2361.785,"Mount",-0.007,-0.076,0.064,0.042,0.031,0.000,18,W,0,,,,439202,128.34,0
1011,2364.155,"Mount",0.082,-0.029,0.063,-0.059,0.033,0.000,19,W,0,,,,465849,156.47,0
1012,2366.344,"Mount",0.079,-0.258,0.265,0.049,0.137,0.000,78,W,0,,,,471401,134.64,0
1013,2368.712,"Mount",0.071,-0.023,0.053,-0.052,0.037,0.000,21,W,0,,,,468989,141.71,0
1014,2370.794,"Mount",0.021,-0.006,0.015,-0.016,0.035,0.000,20,W,0,,,,432925,138.86,0
1015,2373.113,"Mount",0.042,-0.064,0.076,-0.007,0.067,0.000,38,W,0,,,,440201,140.27,0
1016,2375.407,"Mount",0.110,-0.006,0.056,-0.095,0.032,-0.034,18,W,15,N,,,445163,147.60,0
1017,2377.732,"Mount",0.040,0.026,-0.004,-0.047,0.033,0.000,19,W,0,,,,446298,127.95,0
1018,2379.927,"Mount",-0.084,-0.019,-0.022,0.084,0.030,0.030,17,W,13,S,,,434655,148.07,0
1019,2382.270,"Mount",0.025,0.060,-0.041,-0.050,0.020,0.000,12,W,0,,,,425422,144.43,0
1020,2384.507,"Mount",0.026,0.164,-0.133,-0.099,-0.046,-0.035,26,E,15,N,,,435683,146.89,0
1021,2386.933,"Mount",-0.216,0.209,-0.285,0.095,-0.137,0.033,78,E,14,S,,,447083,154.20,0
1022,2389.082,"Mount",-0.102,0.178,-0.205,0.008,-0.114,0.000,65,E,0,,,,452844,130.78,0
1023,2391.454,"Mount",-0.027,0.065,-0.070,-0.006,-0.075,0.000,43,E,0,,,,470131,162.35,0
1024,2393.695,"Mount",-0.125,0.174,-0.212,0.031,-0.150,0.000,86,E,0,,,,435455,151.54,0
1025,2396.176,"Mount",-0.057,0.183,-0.189,-0.034,-0.167,0.000,96,E,0,,,,435660,133.44,0
1026,2398.352,"Mount",-0.005,0.025,-0.025,-0.007,-0.086,0.000,49,E,0,,,,473189,151.20,0
1027,2400.832,"Mount",-0.147,0.118,-0.173,0.076,-0.163,0.027,93,E,12,S,,,437566,121.97,0
1028,2403.012,"Mount",-0.020,0.081,-0.081,-0.020,-0.131,0.000,75,E,0,,,,433649,142.54,0
1029,2405.517,"Mount",-0.176,0.125,-0.192,0.098,-0.191,0.035,109,E,15,S,,,425552,150.63,0
1030,2407.770,"Mount",-0.064,0.070,-0.091,0.024,-0.151,0.000,86,E,0,,,,472771,139.25,0
1031,2410.218,"Mount",-0.211,-0.100,-0.008,0.233,-0.119,0.084,68,E,36,S,,,450266,133.01,0
1032,2412.430,"Mount",-0.159,-0.041,-0.037,0.160,-0.128,0.061,73,E,26,S,,,458361,152.09,0
1033,2414.881,"Mount",0.020,0.078,-0.059,-0.054,-0.132,0.000,75,E,0,,,,442992,131.54,0
1034,2417.077,"Mount",0.055,0.006,0.020,-0.051,-0.124,0.000,71,E,0,,,,450469,136.18,0
1035,2419.525,"Mount",-0.066,-0.082,0.042,0.097,-0.117,0.035,67,E,15,S,,,438335,133.77,0
1036,2421.719,"Mount",0.045,-0.020,0.039,-0.031,-0.096,0.000,55,E,0,,,,437103,134.44,0
1037,2424.119,"Mount",0.005,-0.029,0.028,0.009,-0.080,0.000,46,E,0,,,,414281,131.36,0
1038,2426.277,"Mount",0.099,-0.110,0.143,-0.037,0.027,0.000,15,W,0,,,,452465,146.24,0
1039,2428.643,"Mount",0.143,-0.263,0.300,-0.005,0.119,0.000,68,W,0,,,,460201,171.71,0
1040,2430.818,"Mount",0.153,-0.063,0.127,-0.106,0.048,-0.038,27,W,16,N,,,423229,127.25,0
1041,2433.236,"Mount",-0.156,-0.048,-0.030,0.161,-0.015,0.056,8,E,24,S,,,436927,139.32,0
1042,2435.358,"Mount",0.004,-0.042,0.039,0.016,-0.027,0.000,15,E,0,,,,411562,121.30,0
1043,2437.699,"Mount",-0.009,0.112,-0.104,-0.044,-0.092,0.000,53,E,0,,,,427812,130.54,0
1044,2439.937,"Mount",0.013,0.208,-0.179,-0.107,-0.147,-0.039,84,E,17,N,,,460218,152.39,0
1045,2442.341,"Mount",-0.019,0.109,-0.106,-0.033,-0.145,0.000,83,E,0,,,,422182,131.64,0
1046,2444.485,"Mount",-0.061,0.037,-0.061,0.037,-0.145,0.000,83,E,0,,,,469578,147.66,0
1047,2446.938,"Mount",-0.082,0.083,-0.111,0.034,-0.201,0.000,115,E,0,,,,425258,125.20,0
1048,2449.126,"Mount",-0.023,-0.057,0.040,0.047,-0.158,0.000,90,E,0,,,,405880,129.84,0
1049,2451.592,"Mount",-0.027,0.136,-0.133,-0.039,-0.229,0.000,131,E,0,,,,427061,122.82,0
1050,2453.806,"Mount",-0.062,0.172,-0.181,-0.024,-0.253,0.000,145,E,0,,,,416243,132.86,0
1051,2456.390,"Mount",-0.158,0.115,-0.175,0.087,-0.281,0.031,161,E,13,S,,,436916,133.38,0
1052,2458.558,"Mount",-0.025,-0.002,-0.010,0.023,-0.207,0.000,118,E,0,,,,433179,136.46,0
1053,2461.055,"Mount",-0.109,0.210,-0.237,-0.001,-0.327,0.000,187,E,0,,,,449292,125.79,0
1054,2463.376,"Mount",-0.167,0.102,-0.167,0.101,-0.294,0.036,168,E,16,S,,,456373,151.45,0
1055,2465.857,"Mount",0.004,-0.017,0.017,0.004,-0.231,0.000,132,E,0,,,,451340,151.04,0
1056,2468.088,"Mount",-0.055,0.034,-0.056,0.033,-0.227,0.000,130,E,0,,,,440235,139.18,0
1057,2470.583,"Mount",-0.138,0.095,-0.148,0.078,-0.292,0.028,167,E,12,S,,,457189,153.83,0
1058,2472.861,"Mount",-0.036,0.111,-0.115,-0.019,-0.268,0.000,153,E,0,,,,444902,145.74,0
1059,2475.404,"Mount",-0.095,0.038,-0.077,0.066,-0.244,0.024,140,E,10,S,,,448868,153.70,0
1060,2477.697,"Mount",-0.105,-0.096,0.037,0.137,-0.188,0.050,108,E,22,S,,,438253,141.72,0
1061,2480.198,"Mount",-0.107,-0.135,0.070,0.157,-0.152,0.059,87,E,25,S,,,457683,157.28,0
1062,2482.377,"Mount",0.017,-0.126,0.120,0.043,-0.110,0.000,63,E,0,,,,471921,164.36,0
1063,2484.897,"Mount",-0.157,-0.095,0.012,0.183,-0.171,0.066,98,E,28,S,,,437954,139.31,0
1064,2487.220,"Mount",-0.152,0.010,-0.079,0.130,-0.173,0.050,99,E,21,S,,,444291,145.10,0
1065,2489.601,"Mount",-0.031,-0.021,0.004,0.037,-0.137,0.000,78,E,0,,,,449883,138.13,0
1066,2491.845,"Mount",-0.141,-0.023,-0.044,0.136,-0.122,0.049,70,E,21,S,,,457920,142.40,0
1067,2494.180,"Mount",-0.003,-0.084,0.073,0.041,-0.085,0.000,49,E,0,,,,422150,119.72,0
1068,2496.344,"Mount",0.053,-0.092,0.107,-0.005,-0.050,0.000,28,E,0,,,,449907,152.44,0
1069,2498.683,"Mount",0.002,-0.054,0.049,0.023,-0.066,0.000,38,E,0,,,,459131,153.63,0
1070,2500.779,"Mount",0.050,-0.018,0.039,-0.036,-0.063,0.000,36,E,0,,,,434707,130.34,0
1071,2503.142,"Mount",0.015,0.008,-0.000,-0.017,-0.063,0.000,36,E,0,,,,450141,143.28,0
1072,2505.246,"Mount",-0.033,0.004,-0.019,0.028,-0.062,0.000,35,E,0,,,,452298,149.91,0
1073,2507.694,"Mount",-0.124,0.027,-0.081,0.098,-0.106,0.035,60,E,15,S,,,430112,134.59,0
1074,2509.846,"Mount",-0.001,-0.014,0.011,0.007,-0.059,0.000,33,E,0,,,,452256,137.41,0
1075,2512.218,"Mount",0.044,0.013,0.009,-0.045,-0.060,0.000,34,E,0,,,,427518,120.02,0
1076,2514.397,"Mount",-0.034,0.117,-0.119,-0.024,-0.105,0.000,60,E,0,,,,429615,130.86,0
1077,2516.794,"Mount",-0.015,-0.032,0.022,0.028,-0.057,0.000,33,E,0,,,,438857,149.85,0
1078,2519.008,"Mount",-0.086,-0.098,0.047,0.122,-0.056,0.044,32,E,19,S,,,429398,126.46,0
1079,2521.316,"Mount",0.081,-0.040,0.073,-0.053,-0.022,0.000,12,E,0,,,,428940,134.94,0
1080,2523.463,"Mount",-0.027,-0.018,0.004,0.033,-0.039,0.000,22,E,0,,,,424764,141.45,0
1081,2525.847,"Mount",-0.004,-0.047,0.040,0.025,-0.023,0.000,13,E,0,,,,467754,124.91,0
1082,2527.950,"Mount",-0.070,0.066,-0.091,0.032,-0.048,0.000,28,E,0,,,,437477,143.32,0
1083,2530.348,"Mount",-0.052,-0.049,0.020,0.068,0.006,0.025,4,W,11,S,,,475548,141.25,0
1084,2532.485,"Mount",-0.062,-0.012,-0.019,0.061,0.009,0.023,5,W,10,S,,,435372,148.18,0
1085,2534.917,"Mount",0.060,-0.182,0.189,0.031,0.108,0.000,62,W,0,,,,447435,141.66,0
1086,2537.112,"Mount",0.156,-0.208,0.256,-0.043,0.153,0.000,87,W,0,,,,449042,126.70,0
1087,2539.558,"Mount",0.112,-0.024,0.073,-0.088,0.086,-0.032,49,W,14,N,,,437820,129.12,0
1088,2541.693,"Mount",-0.008,0.015,-0.016,0.000,0.069,0.000,40,W,0,,,,461704,125.30,0
1089,2544.171,"Mount",0.036,-0.239,0.228,0.078,0.189,0.028,108,W,12,S,,,469023,153.38,0
1090,2546.336,"Mount",0.002,-0.107,0.096,0.047,0.155,0.000,88,W,0,,,,441120,128.36,0
1091,2548.748,"Mount",0.012,-0.066,0.064,0.020,0.152,0.000,87,W,0,,,,435026,125.08,0
1092,2550.955,"Mount",0.014,-0.063,0.062,0.017,0.155,0.000,89,W,0,,,,438846,131.52,0
1093,2553.405,"Mount",-0.031,-0.066,0.044,0.058,0.132,0.000,76,W,0,,,,439415,133.92,0
1094,2555.651,"Mount",-0.004,0.037,-0.035,-0.014,0.117,0.000,67,W,0,,,,469664,164.70,0
1095,2558.037,"Mount",-0.198,0.074,-0.157,0.141,0.034,0.051,20,W,22,S,,,441419,121.11,0
1096,2560.298,"Mount",-0.115,0.063,-0.109,0.073,0.031,0.028,18,W,12,S,,,432759,135.08,0
1097,2562.606,"Mount",-0.082,0.177,-0.195,-0.008,-0.020,0.000,11,E,0,,,,433142,142.64,0
1098,2564.801,"Mount",0.022,0.045,-0.030,-0.040,0.058,0.000,33,W,0,,,,457366,146.44,0
1099,2567.123,"Mount",0.059,-0.004,0.031,-0.051,0.048,0.000,28,W,0,,,,437861,132.50,0
1100,2569.220,"Mount",0.012,0.102,-0.085,-0.058,-0.011,0.000,6,E,0,,,,453433,162.86,0
1101,2571.541,"Mount",-0.114,0.118,-0.157,0.047,-0.052,0.000,30,E,0,,,,460231,138.87,0
1102,2573.753,"Mount",-0.136,0.052,-0.109,0.097,-0.055,0.035,31,E,15,S,,,441649,140.36,0
1103,2576.089,"Mount",-0.000,0.042,-0.037,-0.019,-0.022,0.000,13,E,0,,,,441109,137.20,0
1104,2578.207,"Mount",-0.080,0.112,-0.136,0.020,-0.086,0.000,49,E,0,,,,442047,134.74,0
1105,2580.605,"Mount",-0.110,0.022,-0.070,0.088,-0.072,0.032,41,E,13,S,,,479690,141.08,0
1106,2585.010,"Mount",-0.175,-0.024,-0.059,0.166,-0.040,0.061,23,E,26,S,,,444167,130.64,0
1107,2587.100,"Mount",0.031,-0.012,0.025,-0.022,-0.016,0.000,9,E,0,,,,457621,170.48,0
INFO: SET LOCK POSITION, new lock pos = 581.738, 588.248
INFO: DITHER by -12.951, -16.841, new lock pos = 590.723, 607.499
INFO: SETTLING STATE CHANGE, Settling started
1108,2601.511,"Mount",-7.402,-15.858,10.668,13.872,10.668,13.872,6099,W,5933,S,,,446402,141.83,0
1109,2606.515,"Mount",-1.584,-3.394,2.283,2.969,2.283,2.969,1305,W,1270,S,,,465146,157.86,0
1110,2609.683,"Mount",1.232,-2.709,2.972,0.158,1.338,0.057,765,W,24,S,,,451585,150.95,0
1111,2612.340,"Mount",0.921,-1.874,2.088,0.048,0.939,0.000,537,W,0,,,,444539,140.39,0
1112,2614.992,"Mount",0.389,-0.974,1.043,0.105,0.469,0.038,268,W,16,S,,,425879,128.11,0
1113,2617.396,"Mount",0.503,-0.732,0.881,-0.108,0.397,-0.037,227,W,16,N,,,434771,135.89,0
1114,2619.904,"Mount",0.062,-0.419,0.400,0.139,0.180,0.048,103,W,21,S,,,428518,133.68,0
1115,2622.165,"Mount",0.274,-0.372,0.456,-0.071,0.205,-0.024,117,W,10,N,,,428026,136.69,0
1116,2624.592,"Mount",0.091,-0.324,0.330,0.069,0.148,0.024,85,W,10,S,,,456620,134.87,0
1117,2626.883,"Mount",0.352,-0.324,0.449,-0.163,0.202,-0.058,116,W,25,N,,,465248,143.43,0
1118,2629.314,"Mount",0.095,-0.236,0.253,0.025,0.114,0.000,65,W,0,,,,443551,137.78,0
1119,2631.427,"Mount",0.128,-0.153,0.195,-0.043,0.088,0.000,50,W,0,,,,445484,149.11,0
1120,2633.844,"Mount",-0.006,-0.111,0.096,0.056,0.156,0.000,89,W,0,,,,428372,119.52,0
1121,2635.977,"Mount",-0.060,0.165,-0.175,-0.023,0.034,0.000,20,W,0,,,,448192,157.11,0
1122,2638.355,"Mount",-0.039,0.089,-0.097,-0.006,0.068,0.000,39,W,0,,,,437580,131.28,0
1123,2640.486,"Mount",-0.169,0.122,-0.186,0.094,0.002,0.034,1,W,14,S,,,428905,135.13,0
1124,2642.874,"Mount",0.091,0.084,-0.033,-0.120,0.064,-0.042,37,W,18,N,,,439342,136.15,0
1125,2645.018,"Mount",-0.102,0.246,-0.265,-0.023,-0.075,0.000,43,E,0,,,,436220,133.53,0
1126,2647.483,"Mount",-0.212,0.224,-0.296,0.084,-0.105,0.030,60,E,13,S,,,462736,145.40,0
1127,2649.667,"Mount",-0.138,0.146,-0.194,0.055,-0.072,0.000,41,E,0,,,,434078,133.16,0
INFO: SETTLING STATE CHANGE, Settling complete
1128,2652.057,"Mount",-0.048,0.140,-0.146,-0.022,-0.063,0.000,36,E,0,,,,448751,146.27,0
Guiding Ends at 2026-05-29 00:36:41

Guiding Begins at 2026-05-29 00:39:25
Equipment Profile = 60mmGuide
Dither = both axes, Dither scale = 1.000, Image noise reduction = none, Guide-frame time lapse = 0, Server enabled
Pixel scale = 3.22 arc-sec/px, Binning = 1, Focal length = 240 mm
Search region = 25 px, Star mass tolerance = 50.0%, Multi-star mode, list size = 12
 Camera = ZWO ASI120MM Mini, gain = 37, full size = 1280 x 960, have dark, dark dur = 2000, no defect map, pixel size = 3.8 um
Exposure = 2000 ms
Mount = iOptron CEM120,70,40,26, GEM, HEM, HAE, HAZ series and SkyHunter Mount (ASCOM), connected, guiding enabled, xAngle = -62.6, xRate = 1.748, yAngle = -152.7, yRate = 2.338, parity = +/-
Norm rates RA = 8.3"/s @ dec 0, Dec = 7.5"/s; ortho.err. = 0.1 deg
X guide algorithm = Predictive PEC, Control gain = 0.450
Prediction gain = 0.750
Minimum move = 0.060
Hyperparameters
	Length scale long range SE kernel = 700.000
	Signal variance long range SE kernel = 20.000
	Length scale periodic kernel = 10.000
	Signal variance periodic kernel = 20.000
	Length scale short range SE kernel = 25.000
	Signal variance short range SE kernel = 10.000
	Period length periodic kernel = 348.000
	FFT called after = 2.000 worm cycles
	Auto-adjust period length = Off
Y guide algorithm = Hysteresis, Hysteresis = 0.100, Aggression = 0.400, Minimum move = 0.060
Backlash comp = disabled, pulse = 100 ms
Max RA duration = 2500, Max DEC duration = 2500, DEC guide mode = Auto
RA Guide Speed = 7.5 a-s/s, Dec Guide Speed = 7.5 a-s/s, Cal Dec = 0.0, Last Cal Issue = None, Timestamp = 7/29/2025 9:33:42 PM
RA = 13.52 hr, Dec = 47.1 deg, Hour angle = 1.97 hr, Pier side = East, Rotator pos = N/A, Alt = 62.6 deg, Az = 313.2 deg
Lock position = 587.872, 610.717, Star position = 587.872, 610.717, HFD = 4.86 px
Frame,Time,mount,dx,dy,RARawDistance,DECRawDistance,RAGuideDistance,DECGuideDistance,RADuration,RADirection,DECDuration,DECDirection,XStep,YStep,StarMass,SNR,ErrorCode
INFO: SETTLING STATE CHANGE, Settling started
1,2.438,"Mount",0.024,0.245,-0.206,-0.134,-0.093,-0.048,53,E,21,N,,,433977,153.85,0
2,4.923,"Mount",0.277,0.536,-0.348,-0.493,-0.157,-0.179,90,E,77,N,,,441718,144.39,0
3,7.226,"Mount",-0.058,0.400,-0.381,-0.133,-0.172,-0.055,98,E,24,N,,,428528,131.13,0
4,9.720,"Mount",-0.157,0.098,-0.159,0.094,-0.072,0.032,41,E,14,S,,,417645,128.42,0
5,11.977,"Mount",-0.234,0.286,-0.362,0.076,-0.163,0.028,93,E,12,S,,,475354,152.19,0
6,14.367,"Mount",-0.108,0.334,-0.346,-0.059,-0.156,0.000,89,E,0,,,,431809,152.30,0
7,16.591,"Mount",-0.351,0.184,-0.325,0.227,-0.146,0.082,84,E,35,S,,,440899,131.04,0
8,19.034,"Mount",-0.199,0.344,-0.397,0.018,-0.179,0.000,102,E,0,,,,440939,162.76,0
9,21.182,"Mount",-0.070,0.110,-0.130,0.011,-0.059,0.000,33,E,0,,,,429467,126.40,0
INFO: SETTLING STATE CHANGE, Settling complete
10,23.490,"Mount",-0.051,0.059,-0.075,0.018,-0.034,0.000,19,E,0,,,,458326,138.95,0
11,25.607,"Mount",-0.010,0.095,-0.089,-0.035,-0.041,0.000,24,E,0,,,,447848,142.83,0
12,28.023,"Mount",-0.057,0.272,-0.268,-0.075,-0.113,-0.027,65,E,12,N,,,431693,141.26,0
13,30.218,"Mount",-0.046,0.315,-0.300,-0.105,-0.127,-0.039,72,E,17,N,,,458740,151.86,0
14,32.556,"Mount",-0.126,0.217,-0.250,0.011,-0.103,0.000,59,E,0,,,,457826,160.04,0
15,34.671,"Mount",-0.124,0.157,-0.197,0.037,-0.082,0.000,47,E,0,,,,435539,137.16,0
16,37.072,"Mount",-0.130,0.299,-0.325,-0.023,-0.141,0.000,81,E,0,,,,433986,137.29,0
17,39.190,"Mount",-0.127,0.125,-0.169,0.055,-0.078,0.000,44,E,0,,,,462425,172.22,0
18,41.607,"Mount",-0.183,0.065,-0.142,0.133,-0.074,0.048,43,E,20,S,,,408652,120.52,0
19,43.797,"Mount",-0.171,0.061,-0.133,0.124,-0.069,0.046,40,E,20,S,,,434838,137.52,0
20,46.307,"Mount",-0.195,0.383,-0.430,-0.004,-0.186,0.000,106,E,0,,,,435393,145.86,0
21,48.566,"Mount",-0.241,0.251,-0.334,0.098,-0.146,0.035,84,E,15,S,,,458482,144.33,0
22,51.028,"Mount",0.110,0.116,-0.053,-0.151,-0.011,-0.053,6,E,23,N,,,463257,146.83,0
23,53.160,"Mount",-0.032,-0.042,0.022,0.048,-0.011,0.000,6,E,0,,,,450472,146.49,0
24,55.577,"Mount",-0.045,-0.243,0.195,0.152,0.068,0.055,39,W,23,S,,,416647,125.22,0
25,57.681,"Mount",0.099,-0.207,0.230,0.008,0.092,0.000,53,W,0,,,,434549,126.04,0
26,60.005,"Mount",0.050,-0.126,0.135,0.013,0.058,0.000,33,W,0,,,,438421,134.94,0
27,62.107,"Mount",0.076,-0.075,0.102,-0.033,0.065,0.000,37,W,0,,,,440740,128.15,0
28,64.525,"Mount",0.181,-0.336,0.381,-0.006,0.181,0.000,103,W,0,,,,450330,148.29,0
29,66.710,"Mount",0.168,-0.416,0.447,0.043,0.193,0.000,111,W,0,,,,450860,138.57,0
30,69.129,"Mount",-0.033,-0.179,0.144,0.112,0.072,0.040,41,W,17,S,,,438735,140.41,0
31,71.321,"Mount",0.000,-0.138,0.123,0.064,0.073,0.025,42,W,11,S,,,405146,126.91,0
32,73.719,"Mount",0.105,-0.108,0.144,-0.043,0.075,0.000,43,W,0,,,,438241,138.18,0
33,75.887,"Mount",0.052,-0.044,0.063,-0.026,0.024,0.000,13,W,0,,,,440646,154.91,0
34,78.377,"Mount",-0.014,-0.111,0.092,0.063,0.031,0.023,18,W,10,S,,,423138,127.18,0
35,80.461,"Mount",0.063,-0.191,0.198,0.033,0.069,0.000,39,W,0,,,,448636,130.46,0
36,82.820,"Mount",0.098,-0.119,0.150,-0.032,0.051,0.000,29,W,0,,,,454950,141.30,0
37,84.988,"Mount",0.145,-0.133,0.185,-0.067,0.066,-0.024,38,W,10,N,,,467654,135.54,0
38,87.328,"Mount",0.026,-0.158,0.152,0.050,0.064,0.000,36,W,0,,,,420489,128.91,0
39,89.493,"Mount",0.158,-0.193,0.244,-0.052,0.102,0.000,59,W,0,,,,461224,156.10,0
40,91.938,"Mount",0.066,-0.124,0.140,-0.002,0.071,0.000,40,W,0,,,,443156,146.71,0
41,94.184,"Mount",0.105,-0.218,0.242,0.007,0.115,0.000,66,W,0,,,,458966,135.45,0
42,96.489,"Mount",-0.091,0.075,-0.108,0.046,-0.024,0.000,14,E,0,,,,457486,142.33,0
43,98.577,"Mount",0.027,-0.001,0.013,-0.023,0.016,0.000,9,W,0,,,,422261,127.98,0
44,100.882,"Mount",0.004,0.116,-0.101,-0.058,-0.043,0.000,24,E,0,,,,448890,155.15,0
45,102.994,"Mount",-0.001,0.041,-0.037,-0.018,-0.003,0.000,2,E,0,,,,440122,145.25,0
46,105.405,"Mount",-0.362,-0.110,-0.069,0.372,-0.037,0.134,21,E,57,S,,,434522,131.36,0
47,107.487,"Mount",-0.031,-0.033,0.015,0.043,-0.024,0.000,14,E,0,,,,429478,155.60,0
48,109.872,"Mount",0.168,-0.039,0.112,-0.131,0.017,-0.047,10,W,20,N,,,439138,150.47,0
49,112.072,"Mount",-0.027,-0.211,0.175,0.122,0.062,0.042,35,W,18,S,,,447156,146.65,0
50,114.520,"Mount",-0.082,-0.135,0.082,0.135,0.025,0.050,15,W,21,S,,,435523,133.11,0
51,116.682,"Mount",0.064,0.086,-0.046,-0.096,0.015,-0.033,8,W,14,N,,,411143,118.63,0
52,119.095,"Mount",-0.097,-0.062,0.010,0.114,0.018,0.040,10,W,17,S,,,443988,145.43,0
53,121.306,"Mount",-0.016,-0.211,0.180,0.112,0.079,0.042,45,W,18,S,,,456204,153.17,0
54,123.674,"Mount",0.112,-0.175,0.206,-0.018,0.090,0.000,51,W,0,,,,443379,138.95,0
55,125.902,"Mount",0.161,-0.213,0.263,-0.045,0.122,0.000,70,W,0,,,,451773,132.70,0
56,128.364,"Mount",0.198,-0.422,0.466,0.019,0.205,0.000,117,W,0,,,,448530,152.93,0
57,130.469,"Mount",0.023,-0.109,0.108,0.030,0.056,0.000,32,W,0,,,,450750,144.89,0
58,133.044,"Mount",0.030,-0.391,0.361,0.154,0.185,0.055,106,W,24,S,,,430174,132.37,0
59,135.304,"Mount",0.239,-0.305,0.381,-0.071,0.186,-0.023,106,W,10,N,,,455323,143.01,0
60,137.708,"Mount",0.150,-0.277,0.315,-0.006,0.137,0.000,78,W,0,,,,432201,131.06,0
61,139.872,"Mount",0.176,-0.373,0.412,0.016,0.172,0.000,98,W,0,,,,447702,159.37,0
62,142.367,"Mount",0.255,-0.484,0.547,-0.003,0.237,0.000,136,W,0,,,,451403,134.79,0
63,144.608,"Mount",-0.001,-0.371,0.329,0.172,0.145,0.062,83,W,26,S,,,451991,153.04,0
64,147.041,"Mount",0.146,-0.265,0.302,-0.007,0.174,0.000,100,W,0,,,,434383,128.52,0
65,149.337,"Mount",0.057,-0.158,0.167,0.022,0.114,0.000,65,W,0,,,,440177,130.93,0
66,151.699,"Mount",0.101,-0.167,0.194,-0.012,0.114,0.000,65,W,0,,,,445476,157.40,0
67,153.929,"Mount",-0.086,-0.166,0.108,0.153,0.072,0.055,41,W,24,S,,,428561,122.99,0
68,156.280,"Mount",0.037,-0.001,0.018,-0.032,0.006,0.000,3,W,0,,,,441636,138.74,0
69,158.311,"Mount",0.047,-0.004,0.025,-0.040,-0.000,0.000,0,,0,,,,442115,159.70,0
70,160.678,"Mount",0.101,0.034,0.016,-0.105,-0.012,-0.038,7,E,16,N,,,440702,144.46,0
71,162.809,"Mount",0.109,-0.263,0.283,0.025,0.100,0.000,57,W,0,,,,462201,151.86,0
72,165.147,"Mount",0.123,-0.214,0.246,-0.011,0.080,0.000,46,W,0,,,,450651,143.35,0
73,167.327,"Mount",0.166,-0.112,0.176,-0.095,0.067,-0.034,38,W,15,N,,,426303,127.16,0
74,169.748,"Mount",-0.019,-0.172,0.143,0.096,0.052,0.033,30,W,14,S,,,408232,127.29,0
75,171.914,"Mount",-0.056,-0.140,0.098,0.115,0.061,0.043,35,W,18,S,,,406063,131.34,0
76,174.257,"Mount",0.019,-0.109,0.106,0.033,0.067,0.000,38,W,0,,,,452264,142.16,0
77,176.346,"Mount",-0.048,0.138,-0.144,-0.021,-0.039,0.000,22,E,0,,,,435214,132.63,0
78,178.807,"Mount",-0.102,-0.013,-0.036,0.097,0.019,0.035,11,W,15,S,,,440546,148.81,0
79,180.896,"Mount",-0.019,-0.010,-0.000,0.022,-0.004,0.000,2,E,0,,,,415015,121.73,0
80,183.297,"Mount",0.052,0.087,-0.053,-0.087,-0.008,-0.031,5,E,13,N,,,444801,151.42,0
81,185.481,"Mount",-0.069,0.064,-0.089,0.032,-0.048,0.000,28,E,0,,,,415005,136.39,0
82,187.800,"Mount",0.047,-0.059,0.075,-0.015,0.015,0.000,8,W,0,,,,442029,131.67,0
83,189.856,"Mount",0.021,0.027,-0.014,-0.031,-0.017,0.000,10,E,0,,,,454453,155.11,0
84,192.208,"Mount",0.008,-0.111,0.102,0.044,0.040,0.000,23,W,0,,,,438316,146.74,0
85,194.356,"Mount",0.008,-0.128,0.117,0.052,0.046,0.000,27,W,0,,,,452314,165.09,0
86,196.774,"Mount",-0.022,-0.129,0.105,0.079,0.055,0.028,31,W,12,S,,,456790,130.94,0
87,198.910,"Mount",0.053,-0.131,0.141,0.014,0.071,0.000,41,W,0,,,,436671,153.72,0
88,201.268,"Mount",0.014,0.053,-0.041,-0.036,0.025,0.000,14,W,0,,,,447163,147.15,0
89,203.448,"Mount",0.022,0.103,-0.081,-0.067,-0.006,-0.024,4,E,10,N,,,448666,142.86,0
90,205.880,"Mount",-0.167,-0.042,-0.040,0.168,0.009,0.059,5,W,25,S,,,450239,131.40,0
91,208.014,"Mount",0.036,-0.024,0.038,-0.021,0.006,0.000,3,W,0,,,,450581,141.96,0
92,210.335,"Mount",-0.051,0.084,-0.098,0.006,-0.038,0.000,22,E,0,,,,474635,145.24,0
93,212.478,"Mount",0.063,-0.004,0.033,-0.054,-0.018,0.000,10,E,0,,,,423350,143.83,0
94,214.813,"Mount",-0.066,0.048,-0.073,0.037,-0.053,0.000,31,E,0,,,,467174,153.56,0
95,216.930,"Mount",-0.052,-0.008,-0.016,0.049,-0.010,0.000,6,E,0,,,,438806,135.71,0
96,219.238,"Mount",-0.030,0.057,-0.065,0.000,-0.038,0.000,22,E,0,,,,443498,143.90,0
97,221.342,"Mount",0.043,-0.023,0.041,-0.028,-0.004,0.000,2,E,0,,,,462125,124.63,0
98,223.773,"Mount",-0.131,-0.295,0.201,0.253,0.081,0.091,47,W,39,S,,,429563,140.75,0
99,226.035,"Mount",-0.437,-0.388,0.143,0.567,0.077,0.208,44,W,89,S,,,432114,133.84,0
100,228.461,"Mount",-0.110,-0.082,0.022,0.136,0.022,0.057,12,W,24,S,,,435115,133.20,0
101,230.645,"Mount",-0.191,-0.076,-0.021,0.204,0.023,0.076,13,W,32,S,,,457827,155.91,0
102,233.013,"Mount",-0.007,0.011,-0.013,0.001,0.045,0.000,26,W,0,,,,434939,136.39,0
103,235.145,"Mount",-0.004,-0.074,0.064,0.038,0.070,0.000,40,W,0,,,,426294,123.95,0
104,237.484,"Mount",-0.020,-0.079,0.061,0.054,0.019,0.000,11,W,0,,,,460871,146.34,0
105,239.588,"Mount",0.071,-0.022,0.052,-0.052,-0.013,0.000,7,E,0,,,,428318,139.93,0
106,241.906,"Mount",0.056,0.015,0.012,-0.057,-0.002,0.000,1,E,0,,,,420984,135.62,0
107,244.013,"Mount",0.009,-0.015,0.017,-0.001,-0.004,0.000,2,E,0,,,,449208,128.79,0
108,246.335,"Mount",0.026,0.046,-0.028,-0.045,-0.001,0.000,1,E,0,,,,438924,121.22,0
109,248.531,"Mount",-0.222,-0.039,-0.068,0.215,-0.029,0.077,17,E,33,S,,,437999,145.71,0
110,250.994,"Mount",-0.001,-0.153,0.136,0.072,0.057,0.029,33,W,12,S,,,414766,124.43,0
111,253.091,"Mount",-0.039,-0.029,0.008,0.048,0.002,0.000,1,W,0,,,,453962,151.21,0
112,255.450,"Mount",0.012,-0.055,0.054,0.015,0.004,0.000,2,W,0,,,,448712,137.11,0
113,257.603,"Mount",-0.035,0.063,-0.072,0.002,-0.015,0.000,9,E,0,,,,453605,151.31,0
114,260.018,"Mount",-0.098,-0.050,-0.001,0.110,0.017,0.039,10,W,17,S,,,451291,146.44,0
115,262.294,"Mount",-0.181,0.028,-0.109,0.148,-0.046,0.055,26,E,23,S,,,432743,122.84,0
116,264.632,"Mount",-0.058,0.203,-0.207,-0.043,-0.086,0.000,49,E,0,,,,433450,157.68,0
117,266.762,"Mount",-0.059,0.096,-0.112,0.008,-0.049,0.000,28,E,0,,,,450571,128.88,0
118,269.117,"Mount",-0.129,0.205,-0.241,0.019,-0.103,0.000,59,E,0,,,,430301,136.58,0
119,271.281,"Mount",-0.122,0.193,-0.228,0.019,-0.121,0.000,69,E,0,,,,446225,135.17,0
120,273.761,"Mount",-0.211,0.197,-0.272,0.097,-0.142,0.035,81,E,15,S,,,439692,147.09,0
121,275.959,"Mount",-0.153,0.181,-0.231,0.052,-0.147,0.000,84,E,0,,,,420446,126.26,0
122,278.391,"Mount",-0.097,0.218,-0.238,-0.014,-0.148,0.000,85,E,0,,,,446788,150.94,0
123,280.528,"Mount",-0.115,0.150,-0.186,0.032,-0.119,0.000,68,E,0,,,,457917,146.90,0
124,282.913,"Mount",-0.036,0.125,-0.127,-0.026,-0.090,0.000,52,E,0,,,,441585,143.43,0
125,285.098,"Mount",-0.107,0.327,-0.339,-0.056,-0.168,0.000,96,E,0,,,,441222,142.22,0
126,287.469,"Mount",-0.087,0.251,-0.263,-0.039,-0.078,0.000,45,E,0,,,,447839,147.01,0
127,289.635,"Mount",-0.018,0.237,-0.218,-0.093,-0.051,-0.034,29,E,14,N,,,427643,164.59,0
128,292.035,"Mount",-0.108,0.133,-0.168,0.034,-0.080,0.000,46,E,0,,,,443955,143.87,0
129,294.232,"Mount",-0.072,0.197,-0.208,-0.026,-0.091,0.000,52,E,0,,,,432617,145.24,0
130,296.626,"Mount",-0.093,0.137,-0.164,0.020,-0.091,0.000,52,E,0,,,,463408,154.84,0
131,298.898,"Mount",-0.253,0.093,-0.199,0.181,-0.100,0.065,57,E,28,S,,,461145,140.85,0
132,301.355,"Mount",0.067,0.155,-0.107,-0.131,-0.080,-0.045,46,E,19,N,,,434193,139.44,0
133,303.616,"Mount",-0.225,0.129,-0.218,0.141,-0.118,0.049,67,E,21,S,,,461472,159.98,0
134,306.003,"Mount",0.016,-0.022,0.027,-0.004,-0.014,0.000,8,E,0,,,,451164,146.31,0
135,308.053,"Mount",-0.013,0.052,-0.052,-0.012,-0.001,0.000,0,,0,,,,443528,140.01,0
136,310.440,"Mount",-0.069,0.152,-0.167,-0.009,-0.057,0.000,33,E,0,,,,431946,131.84,0
137,312.578,"Mount",0.024,0.096,-0.074,-0.066,0.010,-0.024,6,W,10,N,,,442646,132.43,0
138,314.883,"Mount",-0.131,0.159,-0.202,0.043,-0.028,0.000,16,E,0,,,,419478,114.79,0
139,317.079,"Mount",-0.179,0.087,-0.159,0.119,-0.014,0.043,8,E,18,S,,,481325,161.67,0
140,319.471,"Mount",-0.150,0.189,-0.237,0.046,-0.033,0.000,19,E,0,,,,444783,140.88,0
141,321.824,"Mount",-0.467,0.435,-0.601,0.214,-0.235,0.077,134,E,33,S,,,438256,150.62,0
142,324.447,"Mount",-0.623,0.569,-0.792,0.290,-0.310,0.107,177,E,46,S,,,448263,127.39,0
143,326.768,"Mount",-0.418,0.373,-0.523,0.198,-0.295,0.076,169,E,32,S,,,423918,132.63,0
144,329.343,"Mount",-0.428,0.286,-0.451,0.247,-0.266,0.092,152,E,39,S,,,462725,151.35,0
145,331.700,"Mount",-0.212,0.304,-0.367,0.048,-0.277,0.000,159,E,0,,,,451744,148.46,0
146,334.367,"Mount",-0.115,0.445,-0.448,-0.103,-0.302,-0.037,173,E,16,N,,,422572,132.15,0
147,336.659,"Mount",-0.307,0.410,-0.506,0.083,-0.275,0.028,157,E,12,S,,,456636,153.10,0
148,339.269,"Mount",-0.452,0.464,-0.620,0.186,-0.312,0.068,178,E,29,S,,,408381,135.95,0
149,341.562,"Mount",-0.056,0.455,-0.429,-0.161,-0.243,-0.055,139,E,24,N,,,458624,143.69,0
150,344.105,"Mount",-0.050,0.481,-0.450,-0.178,-0.249,-0.066,142,E,28,N,,,433635,156.29,0
151,346.476,"Mount",-0.098,0.528,-0.513,-0.157,-0.295,-0.059,169,E,25,N,,,466881,149.77,0
152,349.005,"Mount",-0.442,0.060,-0.257,0.364,-0.189,0.129,108,E,55,S,,,442850,137.01,0
153,351.155,"Mount",-0.001,0.009,-0.008,-0.004,-0.075,0.000,43,E,0,,,,441996,133.01,0
154,353.642,"Mount",0.116,0.168,-0.096,-0.180,-0.121,-0.065,69,E,28,N,,,443651,126.47,0
155,355.886,"Mount",-0.162,0.031,-0.102,0.130,-0.091,0.044,52,E,19,S,,,445516,137.59,0
156,358.265,"Mount",-0.074,0.247,-0.253,-0.049,-0.152,0.000,87,E,0,,,,442108,149.08,0
157,360.477,"Mount",-0.112,0.329,-0.343,-0.053,-0.182,0.000,104,E,0,,,,489961,165.05,0
158,362.959,"Mount",-0.215,0.257,-0.327,0.072,-0.169,0.026,96,E,11,S,,,465180,138.12,0
159,365.139,"Mount",-0.128,0.336,-0.357,-0.041,-0.172,0.000,98,E,0,,,,428235,150.84,0
160,367.572,"Mount",-0.124,0.142,-0.183,0.045,-0.109,0.000,62,E,0,,,,431683,134.37,0
161,369.749,"Mount",-0.099,0.187,-0.212,0.002,-0.113,0.000,65,E,0,,,,479757,157.29,0
162,372.196,"Mount",-0.157,0.039,-0.107,0.121,-0.075,0.044,43,E,19,S,,,408278,132.46,0
163,374.455,"Mount",0.020,0.109,-0.088,-0.068,-0.065,-0.023,37,E,10,N,,,448548,152.64,0
164,376.843,"Mount",0.033,0.058,-0.036,-0.056,-0.042,0.000,24,E,0,,,,462523,161.40,0
165,379.039,"Mount",0.027,0.184,-0.151,-0.109,-0.112,-0.039,64,E,17,N,,,446831,132.83,0
166,381.422,"Mount",-0.048,0.109,-0.119,-0.008,-0.115,0.000,66,E,0,,,,458557,156.41,0
167,383.603,"Mount",-0.079,-0.034,-0.007,0.086,-0.069,0.031,39,E,13,S,,,425710,153.84,0
168,385.940,"Mount",-0.015,-0.018,0.009,0.022,-0.080,0.000,46,E,0,,,,419321,125.50,0
169,388.106,"Mount",-0.040,0.046,-0.059,0.014,-0.078,0.000,45,E,0,,,,459867,145.29,0
170,390.474,"Mount",0.003,-0.095,0.086,0.041,-0.039,0.000,23,E,0,,,,425913,136.87,0
171,392.694,"Mount",-0.045,-0.110,0.077,0.091,-0.010,0.033,6,E,14,S,,,411298,122.74,0
172,394.999,"Mount",-0.053,0.001,-0.025,0.047,-0.022,0.000,13,E,0,,,,433105,136.69,0
173,397.137,"Mount",-0.026,-0.010,-0.003,0.028,0.026,0.000,15,W,0,,,,460055,136.22,0
174,399.506,"Mount",-0.126,0.009,-0.066,0.107,0.024,0.039,14,W,17,S,,,426063,136.45,0
175,401.538,"Mount",-0.029,0.148,-0.145,-0.042,-0.000,0.000,0,,0,,,,442352,129.51,0
176,403.851,"Mount",-0.109,0.118,-0.155,0.042,0.016,0.000,9,W,0,,,,473427,144.06,0
177,405.965,"Mount",0.016,0.157,-0.132,-0.087,0.000,-0.031,0,,13,N,,,441352,141.71,0
178,408.304,"Mount",-0.030,-0.029,0.012,0.040,0.065,0.000,37,W,0,,,,417674,123.72,0
179,410.434,"Mount",-0.003,-0.076,0.066,0.038,0.090,0.000,52,W,0,,,,430112,123.86,0
180,412.733,"Mount",0.033,0.062,-0.040,-0.058,0.031,0.000,17,W,0,,,,453571,149.57,0
181,414.816,"Mount",0.040,-0.018,0.034,-0.027,0.019,0.000,11,W,0,,,,455536,127.57,0
182,417.251,"Mount",-0.294,-0.220,0.060,0.362,0.037,0.130,21,W,56,S,,,456177,144.04,0
183,419.433,"Mount",-0.073,-0.190,0.134,0.153,0.058,0.060,33,W,26,S,,,470110,150.39,0
184,421.961,"Mount",-0.078,-0.352,0.277,0.232,0.130,0.086,75,W,37,S,,,428346,145.65,0
185,424.208,"Mount",0.118,-0.240,0.267,0.006,0.124,0.000,71,W,0,,,,435703,143.24,0
186,426.734,"Mount",0.334,-0.496,0.594,-0.067,0.306,-0.024,175,W,10,N,,,458831,137.62,0
187,428.917,"Mount",0.071,-0.151,0.167,0.007,0.128,0.000,73,W,0,,,,451283,164.88,0
188,431.519,"Mount",-0.049,-0.277,0.223,0.172,0.198,0.062,113,W,26,S,,,423367,127.31,0
189,433.746,"Mount",-0.078,-0.051,0.009,0.092,0.102,0.036,59,W,15,S,,,449412,157.56,0
190,436.102,"Mount",0.035,0.048,-0.027,-0.053,0.081,0.000,47,W,0,,,,431456,138.66,0
191,438.267,"Mount",-0.001,-0.031,0.027,0.015,0.075,0.000,43,W,0,,,,434633,142.89,0
192,440.591,"Mount",0.053,0.016,0.010,-0.054,0.069,0.000,39,W,0,,,,460242,149.79,0
193,442.882,"Mount",0.096,0.210,-0.142,-0.182,-0.045,-0.066,26,E,28,N,,,455400,128.94,0
194,445.390,"Mount",0.039,0.061,-0.036,-0.062,0.001,-0.025,1,W,11,N,,,447953,140.38,0
195,447.625,"Mount",-0.194,0.030,-0.116,0.159,-0.095,0.056,54,E,24,S,,,442293,151.97,0
196,449.997,"Mount",-0.062,-0.120,0.078,0.110,-0.022,0.042,13,E,18,S,,,454934,137.83,0
197,452.148,"Mount",-0.012,0.061,-0.059,-0.018,-0.050,0.000,28,E,0,,,,424305,126.32,0
198,454.567,"Mount",0.071,0.068,-0.027,-0.094,-0.051,-0.034,29,E,15,N,,,423338,133.31,0
199,456.763,"Mount",0.056,0.091,-0.055,-0.092,-0.016,-0.034,9,E,15,N,,,452673,141.10,0
200,459.069,"Mount",0.004,-0.076,0.069,0.031,0.022,0.000,12,W,0,,,,456328,142.82,0
201,461.253,"Mount",-0.095,-0.004,-0.040,0.086,0.018,0.031,10,W,13,S,,,453896,144.71,0
202,463.639,"Mount",-0.133,-0.101,0.029,0.165,0.032,0.061,18,W,26,S,,,443344,152.30,0
203,465.806,"Mount",-0.059,-0.046,0.014,0.074,0.047,0.029,27,W,12,S,,,446860,127.93,0
204,468.209,"Mount",0.015,0.080,-0.064,-0.050,0.037,0.000,21,W,0,,,,457951,170.43,0
205,470.386,"Mount",-0.073,0.063,-0.089,0.035,0.035,0.000,20,W,0,,,,415817,123.79,0
206,472.751,"Mount",0.045,-0.021,0.040,-0.030,0.072,0.000,41,W,0,,,,430365,131.68,0
207,475.001,"Mount",0.247,-0.082,0.186,-0.182,0.161,-0.065,92,W,28,N,,,468131,126.96,0
208,477.552,"Mount",0.031,-0.389,0.359,0.152,0.234,0.052,134,W,22,S,,,443418,130.92,0
209,479.807,"Mount",0.224,-0.372,0.434,-0.027,0.273,0.000,156,W,0,,,,456512,145.59,0
210,482.321,"Mount",0.106,-0.289,0.305,0.039,0.244,0.000,140,W,0,,,,442862,139.98,0
211,484.524,"Mount",0.091,-0.118,0.146,-0.027,0.173,0.000,99,W,0,,,,410657,139.69,0
212,486.936,"Mount",0.039,-0.197,0.193,0.056,0.212,0.000,121,W,0,,,,437894,124.44,0
213,489.135,"Mount",0.066,-0.227,0.232,0.046,0.218,0.000,125,W,0,,,,413000,121.19,0
214,491.725,"Mount",-0.015,-0.158,0.133,0.086,0.162,0.031,93,W,13,S,,,439296,127.92,0
215,493.930,"Mount",0.089,-0.257,0.269,0.040,0.204,0.000,117,W,0,,,,454656,156.25,0
216,496.324,"Mount",0.063,-0.113,0.129,-0.004,0.138,0.000,79,W,0,,,,396300,127.78,0
217,498.504,"Mount",-0.093,0.034,-0.073,0.067,0.034,0.024,19,W,10,S,,,458505,151.60,0
218,500.904,"Mount",0.043,-0.057,0.071,-0.012,0.086,0.000,49,W,0,,,,444019,150.23,0
219,503.039,"Mount",0.006,0.008,-0.004,-0.009,0.041,0.000,23,W,0,,,,452083,164.66,0
220,505.531,"Mount",0.158,-0.139,0.196,-0.076,0.120,-0.027,69,W,12,N,,,425685,132.04,0
221,507.698,"Mount",0.081,0.031,0.010,-0.087,0.002,-0.032,1,W,14,N,,,441141,133.94,0
222,510.086,"Mount",-0.031,-0.167,0.134,0.104,0.056,0.036,32,W,15,S,,,437614,137.04,0
223,512.188,"Mount",0.009,-0.136,0.125,0.055,0.052,0.000,30,W,0,,,,442913,142.01,0
224,514.588,"Mount",0.006,-0.204,0.184,0.089,0.075,0.032,43,W,14,S,,,421501,135.31,0
225,516.706,"Mount",0.032,-0.046,0.056,-0.007,0.018,0.000,10,W,0,,,,425778,138.13,0
226,519.030,"Mount",0.031,-0.089,0.093,0.014,0.056,0.000,32,W,0,,,,460585,145.17,0
227,521.302,"Mount",-0.008,-0.162,0.140,0.082,0.089,0.030,51,W,13,S,,,450208,146.67,0
228,523.698,"Mount",0.066,0.024,0.010,-0.070,0.024,-0.024,14,W,10,N,,,460967,147.59,0
229,525.926,"Mount",0.072,0.012,0.022,-0.069,0.021,-0.026,12,W,11,N,,,421971,136.41,0
230,528.285,"Mount",0.046,-0.084,0.096,-0.002,0.063,0.000,36,W,0,,,,455474,138.85,0
231,530.357,"Mount",-0.048,0.054,-0.070,0.018,-0.010,0.000,6,E,0,,,,441072,146.29,0
232,532.776,"Mount",-0.083,-0.007,-0.032,0.077,0.011,0.028,6,W,12,S,,,456892,176.00,0
233,534.849,"Mount",0.045,-0.005,0.026,-0.037,0.013,0.000,7,W,0,,,,458037,149.15,0
234,537.184,"Mount",0.001,-0.016,0.014,0.007,-0.002,0.000,1,E,0,,,,419112,133.51,0
235,539.344,"Mount",0.067,0.022,0.011,-0.069,-0.002,-0.025,1,E,11,N,,,444494,152.47,0
236,541.834,"Mount",-0.072,-0.126,0.079,0.122,0.039,0.043,22,W,18,S,,,431726,125.47,0
237,544.060,"Mount",-0.092,0.081,-0.114,0.044,-0.052,0.000,30,E,0,,,,427398,118.34,0
238,546.368,"Mount",0.006,-0.078,0.072,0.030,0.031,0.000,18,W,0,,,,435893,158.23,0
239,548.455,"Mount",-0.009,-0.052,0.042,0.032,-0.010,0.000,6,E,0,,,,453100,169.57,0
240,550.839,"Mount",-0.009,-0.198,0.172,0.099,0.057,0.036,33,W,15,S,,,460695,163.77,0
241,552.939,"Mount",0.048,-0.024,0.044,-0.031,-0.027,0.000,15,E,0,,,,438803,143.46,0
242,555.424,"Mount",0.040,0.056,-0.032,-0.061,-0.033,-0.022,19,E,9,N,,,438488,147.43,0
243,557.525,"Mount",-0.036,-0.027,0.007,0.045,-0.010,0.000,5,E,0,,,,443973,152.87,0
244,559.813,"Mount",-0.035,-0.034,0.014,0.047,-0.006,0.000,3,E,0,,,,460068,139.16,0
245,561.987,"Mount",-0.022,-0.131,0.107,0.080,0.040,0.029,23,W,12,S,,,452136,141.71,0
246,564.296,"Mount",-0.049,-0.006,-0.017,0.047,0.002,0.000,1,W,0,,,,447642,155.67,0
247,566.411,"Mount",0.041,0.113,-0.081,-0.088,-0.018,-0.032,11,E,14,N,,,445080,137.18,0
248,568.785,"Mount",-0.008,-0.056,0.046,0.033,0.026,0.000,15,W,0,,,,445939,142.42,0
249,570.964,"Mount",0.081,-0.020,0.055,-0.063,0.019,-0.023,11,W,10,N,,,459189,152.61,0
250,573.298,"Mount",0.018,0.009,-0.000,-0.020,0.020,0.000,11,W,0,,,,424207,136.46,0
251,575.389,"Mount",-0.002,-0.045,0.039,0.023,0.016,0.000,9,W,0,,,,432309,126.66,0
252,577.806,"Mount",-0.040,-0.136,0.103,0.099,0.060,0.036,34,W,15,S,,,424538,132.39,0
253,579.929,"Mount",-0.050,-0.037,0.009,0.062,0.006,0.024,3,W,10,S,,,448377,124.18,0
254,582.299,"Mount",-0.070,-0.007,-0.026,0.065,-0.001,0.025,1,E,10,S,,,450877,132.96,0
255,584.495,"Mount",-0.027,-0.095,0.072,0.068,0.024,0.025,13,W,11,S,,,448184,136.26,0
256,586.889,"Mount",-0.192,-0.063,-0.032,0.199,-0.018,0.073,10,E,31,S,,,460970,152.42,0
257,589.199,"Mount",-0.117,-0.266,0.182,0.227,0.061,0.085,35,W,36,S,,,458835,138.72,0
258,591.616,"Mount",-0.202,-0.146,0.036,0.247,-0.001,0.092,1,E,39,S,,,456285,146.73,0
259,593.764,"Mount",-0.233,-0.131,0.009,0.267,0.000,0.100,0,,43,S,,,429778,134.01,0
260,596.116,"Mount",0.010,-0.111,0.103,0.043,0.068,0.000,39,W,0,,,,459017,145.57,0
261,598.276,"Mount",-0.147,-0.098,0.019,0.175,0.020,0.063,11,W,27,S,,,430254,128.24,0
262,600.610,"Mount",-0.082,-0.029,-0.012,0.086,0.015,0.033,9,W,14,S,,,454265,148.67,0
263,602.738,"Mount",0.061,-0.014,0.041,-0.048,-0.004,0.000,2,E,0,,,,471831,137.32,0
264,605.029,"Mount",-0.019,-0.054,0.039,0.042,-0.017,0.000,10,E,0,,,,461218,134.83,0
265,607.225,"Mount",-0.057,-0.059,0.027,0.078,-0.038,0.028,22,E,12,S,,,448790,142.10,0
266,609.597,"Mount",0.024,-0.078,0.080,0.014,-0.022,0.000,13,E,0,,,,448327,128.89,0
267,611.732,"Mount",0.007,-0.094,0.087,0.037,-0.029,0.000,17,E,0,,,,440304,141.42,0
268,614.141,"Mount",-0.026,0.099,-0.100,-0.022,-0.127,0.000,73,E,0,,,,451183,165.83,0
269,616.307,"Mount",0.001,0.094,-0.084,-0.044,-0.109,0.000,62,E,0,,,,448259,144.28,0
270,618.674,"Mount",0.009,0.096,-0.081,-0.053,-0.116,0.000,66,E,0,,,,458951,164.66,0
271,620.840,"Mount",-0.053,0.027,-0.048,0.034,-0.095,0.000,54,E,0,,,,447529,145.76,0
272,623.383,"Mount",-0.084,-0.016,-0.024,0.082,-0.101,0.030,58,E,13,S,,,457533,142.92,0
273,627.690,"Mount",-0.021,0.085,-0.085,-0.021,-0.168,0.000,96,E,0,,,,438856,144.66,0
274,629.860,"Mount",-0.085,0.152,-0.174,0.005,-0.175,0.000,100,E,0,,,,430159,129.74,0
INFO: SET LOCK POSITION, new lock pos = 587.872, 610.717
INFO: DITHER by -16.697, -4.152, new lock pos = 583.869, 627.450
INFO: SETTLING STATE CHANGE, Settling started
275,643.527,"Mount",4.003,-16.733,16.697,4.152,16.697,4.152,9553,W,1776,S,,,447042,138.36,0
276,646.116,"Mount",0.495,-0.829,0.964,-0.057,0.434,0.000,248,W,0,,,,454219,161.03,0
277,648.455,"Mount",0.562,-0.458,0.666,-0.287,0.300,-0.103,171,W,44,N,,,432467,120.85,0
278,650.928,"Mount",-0.044,-0.205,0.162,0.133,0.073,0.044,42,W,19,S,,,426850,125.19,0
279,653.110,"Mount",0.075,-0.171,0.186,0.012,0.084,0.000,48,W,0,,,,437952,148.13,0
280,655.518,"Mount",0.029,0.150,-0.120,-0.095,-0.054,-0.034,31,E,15,N,,,445969,158.91,0
281,657.694,"Mount",-0.083,0.020,-0.056,0.065,-0.025,0.022,14,E,9,S,,,431857,146.05,0
282,660.024,"Mount",-0.092,0.150,-0.175,0.013,-0.079,0.000,45,E,0,,,,434344,128.04,0
283,662.237,"Mount",0.058,0.134,-0.092,-0.113,-0.042,-0.041,24,E,17,N,,,440955,154.47,0
284,664.607,"Mount",-0.117,0.251,-0.277,-0.012,-0.125,0.000,71,E,0,,,,443905,132.25,0
285,666.818,"Mount",-0.135,0.064,-0.119,0.091,-0.054,0.033,31,E,14,S,,,433665,147.10,0
286,669.288,"Mount",-0.194,0.336,-0.387,0.017,-0.258,0.000,147,E,0,,,,424392,148.77,0
287,671.607,"Mount",-0.280,0.171,-0.281,0.169,-0.237,0.061,136,E,26,S,,,426870,126.47,0
INFO: SETTLING STATE CHANGE, Settling complete
288,674.167,"Mount",-0.018,0.272,-0.249,-0.110,-0.266,-0.037,152,E,16,N,,,430781,145.27,0
Guiding Ends at 2026-05-29 00:50:40

Guiding Begins at 2026-05-29 00:51:33
Equipment Profile = 60mmGuide
Dither = both axes, Dither scale = 1.000, Image noise reduction = none, Guide-frame time lapse = 0, Server enabled
Pixel scale = 3.22 arc-sec/px, Binning = 1, Focal length = 240 mm
Search region = 25 px, Star mass tolerance = 50.0%, Multi-star mode, list size = 12
 Camera = ZWO ASI120MM Mini, gain = 37, full size = 1280 x 960, have dark, dark dur = 2000, no defect map, pixel size = 3.8 um
Exposure = 2000 ms
Mount = iOptron CEM120,70,40,26, GEM, HEM, HAE, HAZ series and SkyHunter Mount (ASCOM), connected, guiding enabled, xAngle = -62.6, xRate = 1.749, yAngle = -152.7, yRate = 2.338, parity = +/-
Norm rates RA = 8.3"/s @ dec 0, Dec = 7.5"/s; ortho.err. = 0.1 deg
X guide algorithm = Predictive PEC, Control gain = 0.450
Prediction gain = 0.750
Minimum move = 0.060
Hyperparameters
	Length scale long range SE kernel = 700.000
	Signal variance long range SE kernel = 20.000
	Length scale periodic kernel = 10.000
	Signal variance periodic kernel = 20.000
	Length scale short range SE kernel = 25.000
	Signal variance short range SE kernel = 10.000
	Period length periodic kernel = 348.000
	FFT called after = 2.000 worm cycles
	Auto-adjust period length = Off
Y guide algorithm = Hysteresis, Hysteresis = 0.100, Aggression = 0.400, Minimum move = 0.060
Backlash comp = disabled, pulse = 100 ms
Max RA duration = 2500, Max DEC duration = 2500, DEC guide mode = Auto
RA Guide Speed = 7.5 a-s/s, Dec Guide Speed = 7.5 a-s/s, Cal Dec = 0.0, Last Cal Issue = None, Timestamp = 7/29/2025 9:33:42 PM
RA = 13.52 hr, Dec = 47.1 deg, Hour angle = 2.17 hr, Pier side = East, Rotator pos = N/A, Alt = 60.8 deg, Az = 311.4 deg
Lock position = 583.363, 565.745, Star position = 583.363, 565.745, HFD = 4.82 px
Frame,Time,mount,dx,dy,RARawDistance,DECRawDistance,RAGuideDistance,DECGuideDistance,RADuration,RADirection,DECDuration,DECDirection,XStep,YStep,StarMass,SNR,ErrorCode
INFO: SETTLING STATE CHANGE, Settling started
1,2.175,"Mount",0.005,-0.019,0.020,0.004,0.009,0.000,5,W,0,,,,452453,154.43,0
2,4.595,"Mount",-0.234,0.012,-0.118,0.202,-0.053,0.073,30,E,31,S,,,421279,142.50,0
3,6.828,"Mount",0.375,0.226,-0.028,-0.437,-0.013,-0.155,7,E,66,N,,,425963,132.85,0
4,9.407,"Mount",0.082,0.303,-0.231,-0.213,-0.104,-0.083,59,E,35,N,,,435311,154.03,0
5,11.650,"Mount",0.040,0.251,-0.204,-0.151,-0.092,-0.058,53,E,25,N,,,420842,125.81,0
6,14.083,"Mount",-0.104,0.068,-0.108,0.061,-0.049,0.020,28,E,8,S,,,464363,148.95,0
7,16.189,"Mount",-0.093,0.060,-0.096,0.055,-0.043,0.000,25,E,0,,,,470428,159.91,0
8,18.717,"Mount",-0.302,0.162,-0.283,0.192,-0.127,0.069,73,E,30,S,,,440070,147.34,0
9,20.950,"Mount",-0.107,0.264,-0.284,-0.027,-0.128,0.000,73,E,0,,,,442797,135.56,0
INFO: SETTLING STATE CHANGE, Settling complete
10,23.321,"Mount",-0.121,-0.053,-0.009,0.131,-0.004,0.047,2,E,20,S,,,435773,124.46,0
11,25.465,"Mount",0.036,0.064,-0.041,-0.062,-0.020,-0.020,11,E,9,N,,,463262,149.74,0
12,27.745,"Mount",0.022,-0.047,0.052,0.002,0.004,0.000,2,W,0,,,,440028,132.42,0
13,29.925,"Mount",-0.219,-0.072,-0.037,0.228,0.031,0.082,17,W,35,S,,,446096,150.60,0
14,32.361,"Mount",-0.029,0.211,-0.200,-0.072,-0.034,-0.023,19,E,10,N,,,427411,137.95,0
15,34.584,"Mount",0.247,0.060,0.061,-0.247,0.102,-0.090,58,W,38,N,,,450772,147.97,0
16,36.978,"Mount",-0.130,-0.084,0.015,0.155,0.096,0.052,55,W,22,S,,,435170,136.43,0
17,39.154,"Mount",0.041,-0.067,0.079,-0.005,0.137,0.000,78,W,0,,,,440932,138.16,0
18,41.659,"Mount",0.044,-0.078,0.089,-0.003,0.155,0.000,89,W,0,,,,426881,142.04,0
19,43.888,"Mount",0.121,0.014,0.044,-0.114,0.112,-0.041,64,W,18,N,,,435933,123.53,0
20,46.273,"Mount",-0.099,0.061,-0.099,0.060,0.073,0.000,42,W,0,,,,445296,153.66,0
21,48.545,"Mount",0.203,-0.046,0.134,-0.158,0.170,-0.057,97,W,24,N,,,431328,160.09,0
22,50.932,"Mount",0.037,-0.039,0.051,-0.015,0.108,0.000,62,W,0,,,,443717,123.98,0
23,53.127,"Mount",-0.025,0.039,-0.046,0.004,0.094,0.000,54,W,0,,,,468117,150.92,0
24,55.425,"Mount",-0.031,0.081,-0.087,-0.010,0.045,0.000,26,W,0,,,,421834,147.92,0
25,57.651,"Mount",-0.085,-0.092,0.043,0.118,0.072,0.042,41,W,18,S,,,412919,127.61,0
26,60.024,"Mount",-0.000,-0.060,0.054,0.028,0.065,0.000,37,W,0,,,,445218,147.26,0
27,62.130,"Mount",-0.021,-0.052,0.037,0.043,0.048,0.000,27,W,0,,,,457121,143.00,0
28,64.501,"Mount",-0.080,0.009,-0.045,0.067,0.041,0.024,23,W,10,S,,,439574,140.09,0
29,66.666,"Mount",-0.157,-0.065,-0.015,0.169,0.027,0.062,16,W,26,S,,,443950,150.56,0
30,69.004,"Mount",0.013,-0.023,0.027,-0.001,0.015,0.000,9,W,0,,,,445056,133.59,0
31,71.288,"Mount",-0.150,0.075,-0.135,0.098,-0.057,0.035,33,E,15,S,,,426660,126.88,0
32,73.635,"Mount",-0.038,-0.020,-0.000,0.043,-0.002,0.000,1,E,0,,,,428760,135.13,0
33,75.770,"Mount",-0.091,0.046,-0.083,0.060,-0.055,0.000,32,E,0,,,,444798,137.95,0
34,78.174,"Mount",-0.119,0.172,-0.208,0.026,-0.107,0.000,61,E,0,,,,446804,135.16,0
35,80.244,"Mount",-0.027,-0.003,-0.009,0.025,-0.012,0.000,7,E,0,,,,441883,148.37,0
36,82.602,"Mount",-0.043,0.084,-0.094,-0.001,-0.044,0.000,25,E,0,,,,460557,149.67,0
37,84.844,"Mount",-0.134,0.054,-0.110,0.094,-0.055,0.034,31,E,14,S,,,435105,148.31,0
38,87.202,"Mount",-0.087,0.038,-0.074,0.060,-0.031,0.000,18,E,0,,,,421413,119.06,0
39,89.352,"Mount",-0.031,0.057,-0.064,0.001,-0.020,0.000,12,E,0,,,,437577,130.87,0
40,91.755,"Mount",0.033,-0.015,0.028,-0.022,0.022,0.000,13,W,0,,,,469261,154.81,0
41,93.864,"Mount",0.007,0.097,-0.083,-0.051,0.002,0.000,1,W,0,,,,433124,131.16,0
42,96.328,"Mount",0.140,-0.073,0.129,-0.090,0.129,-0.032,74,W,14,N,,,422220,145.48,0
43,98.466,"Mount",-0.003,0.005,-0.006,0.000,0.094,0.000,54,W,0,,,,427957,150.22,0
44,100.906,"Mount",-0.062,-0.023,-0.009,0.066,0.133,0.024,76,W,10,S,,,440422,144.29,0
45,103.040,"Mount",0.026,-0.026,0.035,-0.011,0.155,0.000,88,W,0,,,,454711,160.14,0
46,105.461,"Mount",-0.025,0.032,-0.040,0.007,0.171,0.000,98,W,0,,,,441208,135.47,0
47,107.673,"Mount",-0.042,-0.022,0.000,0.048,0.180,0.000,103,W,0,,,,439901,126.80,0
48,110.134,"Mount",0.046,-0.088,0.099,0.000,0.233,0.000,133,W,0,,,,441166,128.01,0
49,112.424,"Mount",-0.055,0.047,-0.067,0.027,0.158,0.000,90,W,0,,,,428904,137.10,0
50,114.964,"Mount",-0.180,0.094,-0.167,0.116,0.105,0.042,60,W,18,S,,,421525,141.33,0
51,117.195,"Mount",-0.067,-0.031,-0.003,0.074,0.158,0.028,90,W,12,S,,,439673,130.75,0
52,119.562,"Mount",0.019,0.045,-0.031,-0.037,0.135,0.000,77,W,0,,,,427258,137.02,0
53,121.692,"Mount",-0.027,-0.039,0.022,0.042,0.084,0.000,48,W,0,,,,470204,155.48,0
54,124.018,"Mount",-0.025,0.044,-0.051,0.002,0.063,0.000,36,W,0,,,,429148,128.54,0
55,126.259,"Mount",-0.011,-0.298,0.260,0.147,0.152,0.053,87,W,23,S,,,425252,125.49,0
56,128.616,"Mount",0.005,-0.064,0.059,0.025,0.026,0.000,15,W,0,,,,432957,130.25,0
57,130.793,"Mount",0.050,-0.167,0.172,0.033,0.114,0.000,65,W,0,,,,448298,139.00,0
58,133.211,"Mount",0.110,-0.127,0.163,-0.039,0.118,0.000,68,W,0,,,,468755,145.40,0
59,135.294,"Mount",0.042,-0.031,0.047,-0.023,0.071,0.000,40,W,0,,,,439196,135.38,0
60,137.788,"Mount",0.023,-0.182,0.172,0.063,0.156,0.023,89,W,10,S,,,440124,148.30,0
61,139.992,"Mount",0.093,-0.084,0.117,-0.044,0.148,0.000,85,W,0,,,,444990,142.68,0
62,142.440,"Mount",0.034,0.061,-0.039,-0.058,0.096,0.000,55,W,0,,,,437491,146.19,0
63,144.512,"Mount",-0.071,0.047,-0.074,0.041,0.048,0.000,27,W,0,,,,461936,155.32,0
64,146.820,"Mount",-0.129,0.158,-0.199,0.041,-0.021,0.000,12,E,0,,,,441961,146.71,0
65,148.969,"Mount",0.013,0.020,-0.012,-0.020,0.054,0.000,31,W,0,,,,444122,129.70,0
66,151.278,"Mount",0.015,-0.064,0.064,0.016,0.031,0.000,18,W,0,,,,456292,175.02,0
67,153.489,"Mount",-0.122,0.045,-0.097,0.088,-0.051,0.032,29,E,13,S,,,454528,144.52,0
68,155.868,"Mount",-0.014,0.068,-0.067,-0.019,-0.055,0.000,31,E,0,,,,451345,141.88,0
69,158.050,"Mount",0.007,-0.030,0.030,0.008,-0.025,0.000,14,E,0,,,,423471,126.68,0
70,160.420,"Mount",-0.059,-0.055,0.021,0.078,-0.022,0.028,13,E,12,S,,,453475,154.82,0
71,162.473,"Mount",0.067,-0.024,0.052,-0.048,-0.018,0.000,11,E,0,,,,451265,156.29,0
72,164.794,"Mount",-0.031,0.132,-0.131,-0.034,-0.049,0.000,28,E,0,,,,440054,133.92,0
73,166.880,"Mount",0.024,-0.049,0.055,0.001,0.013,0.000,7,W,0,,,,442131,130.14,0
74,169.168,"Mount",0.007,-0.008,0.011,-0.002,0.013,0.000,7,W,0,,,,446950,156.73,0
75,171.364,"Mount",0.132,-0.048,0.103,-0.095,0.061,-0.034,35,W,15,N,,,436924,148.71,0
76,173.657,"Mount",-0.000,-0.020,0.018,0.010,0.010,0.000,6,W,0,,,,434267,132.71,0
77,175.802,"Mount",0.123,-0.127,0.169,-0.050,0.089,0.000,51,W,0,,,,413627,141.31,0
78,178.095,"Mount",-0.007,-0.018,0.012,0.015,0.008,0.000,4,W,0,,,,441892,120.09,0
79,180.150,"Mount",0.023,0.062,-0.045,-0.049,0.001,0.000,0,,0,,,,431371,135.60,0
80,182.483,"Mount",-0.013,0.112,-0.105,-0.040,-0.049,0.000,28,E,0,,,,448547,136.31,0
81,184.722,"Mount",0.145,0.057,0.016,-0.155,-0.016,-0.056,9,E,24,N,,,451181,130.24,0
82,187.072,"Mount",-0.075,-0.004,-0.031,0.069,-0.013,0.022,8,E,10,S,,,422516,137.48,0
83,189.147,"Mount",0.006,-0.015,0.016,0.001,-0.008,0.000,5,E,0,,,,439808,143.36,0
84,191.526,"Mount",-0.073,-0.005,-0.029,0.067,-0.008,0.024,4,E,10,S,,,436102,135.22,0
85,193.627,"Mount",-0.047,0.101,-0.111,-0.005,-0.052,0.000,30,E,0,,,,444681,139.92,0
86,195.922,"Mount",-0.064,0.011,-0.039,0.052,0.010,0.000,6,W,0,,,,447919,146.16,0
87,198.041,"Mount",-0.071,0.053,-0.080,0.038,-0.023,0.000,13,E,0,,,,447402,136.27,0
88,200.348,"Mount",-0.026,0.052,-0.058,-0.001,0.015,0.000,9,W,0,,,,438756,139.17,0
89,202.498,"Mount",-0.143,0.050,-0.110,0.104,-0.036,0.038,20,E,16,S,,,412476,133.37,0
90,204.963,"Mount",-0.006,0.147,-0.133,-0.063,-0.050,-0.021,29,E,9,N,,,454464,146.01,0
91,207.093,"Mount",-0.075,0.007,-0.041,0.063,0.005,0.022,3,W,9,S,,,452097,149.96,0
92,209.465,"Mount",-0.044,-0.016,-0.006,0.047,-0.003,0.000,2,E,0,,,,425647,131.08,0
93,211.663,"Mount",-0.116,0.042,-0.091,0.084,-0.045,0.030,26,E,13,S,,,460029,163.83,0
94,214.003,"Mount",0.021,-0.013,0.022,-0.013,-0.003,0.000,2,E,0,,,,441146,137.08,0
95,216.134,"Mount",-0.021,0.003,-0.012,0.017,0.007,0.000,4,W,0,,,,433331,140.07,0
96,218.453,"Mount",0.090,-0.059,0.094,-0.052,0.051,0.000,29,W,0,,,,463254,155.11,0
97,220.631,"Mount",0.019,-0.121,0.116,0.039,0.068,0.000,39,W,0,,,,436376,161.33,0
98,222.952,"Mount",-0.035,-0.051,0.029,0.054,0.013,0.000,8,W,0,,,,451651,143.85,0
99,225.100,"Mount",0.013,-0.024,0.027,-0.000,0.023,0.000,13,W,0,,,,449149,139.06,0
100,227.405,"Mount",0.035,0.009,0.008,-0.036,0.019,0.000,11,W,0,,,,439877,166.28,0
101,229.615,"Mount",-0.187,0.013,-0.098,0.160,-0.043,0.058,25,E,25,S,,,403036,147.11,0
102,231.935,"Mount",0.028,-0.038,0.046,-0.007,-0.018,0.000,10,E,0,,,,413202,117.55,0
103,234.160,"Mount",-0.143,-0.036,-0.033,0.143,-0.035,0.052,20,E,22,S,,,448086,152.21,0
104,236.472,"Mount",0.021,-0.069,0.071,0.013,-0.035,0.000,20,E,0,,,,446310,141.15,0
105,238.745,"Mount",0.074,-0.007,0.041,-0.062,-0.081,-0.022,46,E,10,N,,,437208,130.08,0
106,241.143,"Mount",0.018,-0.254,0.233,0.101,0.013,0.036,7,W,15,S,,,477662,136.77,0
107,243.354,"Mount",-0.054,-0.152,0.110,0.118,-0.047,0.044,27,E,19,S,,,464492,143.94,0
108,245.758,"Mount",-0.034,-0.074,0.050,0.064,-0.087,0.025,50,E,11,S,,,459357,143.60,0
109,247.943,"Mount",0.068,0.018,0.016,-0.069,-0.084,-0.024,48,E,10,N,,,441793,132.89,0
110,250.414,"Mount",0.121,0.047,0.014,-0.129,-0.084,-0.047,48,E,20,N,,,441665,126.47,0
111,252.597,"Mount",-0.103,-0.014,-0.035,0.098,-0.076,0.033,44,E,14,S,,,446177,180.31,0
112,255.025,"Mount",0.172,-0.040,0.115,-0.134,-0.039,-0.047,23,E,20,N,,,420933,141.16,0
113,257.286,"Mount",-0.195,0.132,-0.207,0.112,-0.189,0.038,108,E,16,S,,,453568,154.50,0
114,259.716,"Mount",-0.031,-0.051,0.031,0.051,-0.122,0.000,69,E,0,,,,425437,127.57,0
115,261.862,"Mount",0.012,-0.030,0.032,0.003,-0.127,0.000,73,E,0,,,,439123,145.98,0
116,264.321,"Mount",-0.037,-0.039,0.018,0.051,-0.133,0.000,76,E,0,,,,439408,142.08,0
117,266.504,"Mount",-0.065,0.087,-0.107,0.017,-0.167,0.000,96,E,0,,,,458133,146.23,0
118,268.886,"Mount",-0.038,-0.005,-0.013,0.036,-0.110,0.000,63,E,0,,,,405781,132.27,0
119,271.040,"Mount",0.020,-0.029,0.035,-0.005,-0.056,0.000,32,E,0,,,,428307,131.17,0
120,273.424,"Mount",-0.103,0.020,-0.065,0.082,-0.066,0.030,38,E,13,S,,,406073,122.06,0
121,275.444,"Mount",0.013,-0.037,0.039,0.005,0.000,0.000,0,,0,,,,452883,143.36,0
122,277.802,"Mount",-0.082,0.021,-0.057,0.063,0.011,0.023,6,W,10,S,,,443655,148.71,0
123,279.935,"Mount",-0.109,0.137,-0.172,0.033,-0.091,0.000,52,E,0,,,,434674,154.68,0
124,282.276,"Mount",-0.073,0.083,-0.107,0.026,-0.062,0.000,35,E,0,,,,443172,150.44,0
125,284.414,"Mount",-0.067,0.106,-0.125,0.011,-0.113,0.000,65,E,0,,,,466708,140.71,0
126,286.787,"Mount",-0.042,0.005,-0.023,0.035,-0.092,0.000,52,E,0,,,,425419,127.11,0
127,288.921,"Mount",-0.012,0.009,-0.013,0.006,-0.106,0.000,60,E,0,,,,453955,151.08,0
128,291.321,"Mount",0.004,-0.054,0.049,0.021,-0.130,0.000,74,E,0,,,,433907,138.42,0
129,293.549,"Mount",0.042,-0.030,0.046,-0.024,-0.156,0.000,89,E,0,,,,421090,126.90,0
130,295.912,"Mount",0.043,-0.187,0.186,0.048,-0.051,0.000,29,E,0,,,,436448,139.03,0
131,298.190,"Mount",-0.537,-0.624,0.306,0.765,-0.015,0.275,9,E,118,S,,,455056,126.01,0
132,300.606,"Mount",0.072,-0.019,0.050,-0.055,-0.165,0.000,95,E,0,,,,427832,145.10,0
133,302.847,"Mount",0.236,-0.024,0.130,-0.198,-0.115,-0.071,66,E,31,N,,,444985,138.46,0
134,305.367,"Mount",-0.044,-0.064,0.036,0.069,-0.190,0.022,108,E,9,S,,,456282,145.06,0
135,307.560,"Mount",-0.038,0.004,-0.021,0.032,-0.186,0.000,106,E,0,,,,465199,178.11,0
136,310.117,"Mount",-0.083,-0.048,0.004,0.096,-0.207,0.034,118,E,15,S,,,439195,142.29,0
137,312.343,"Mount",-0.013,-0.053,0.041,0.036,-0.204,0.000,117,E,0,,,,404258,135.23,0
138,314.902,"Mount",-0.152,0.078,-0.139,0.099,-0.263,0.035,151,E,15,S,,,440039,134.41,0
139,317.180,"Mount",-0.023,0.201,-0.189,-0.072,-0.258,-0.025,147,E,11,N,,,442963,122.18,0
140,319.705,"Mount",-0.090,0.015,-0.055,0.073,-0.157,0.025,90,E,11,S,,,443087,158.89,0
141,321.936,"Mount",0.032,0.105,-0.079,-0.077,-0.164,-0.027,94,E,11,N,,,453127,147.73,0
142,324.414,"Mount",-0.127,0.049,-0.102,0.090,-0.162,0.031,93,E,13,S,,,444278,151.63,0
143,326.528,"Mount",-0.081,0.068,-0.097,0.041,-0.126,0.000,72,E,0,,,,450036,140.05,0
144,329.040,"Mount",-0.193,0.231,-0.294,0.065,-0.216,0.023,123,E,10,S,,,460357,154.06,0
145,331.254,"Mount",-0.129,0.250,-0.281,-0.001,-0.212,0.000,121,E,0,,,,422970,119.54,0
146,333.765,"Mount",0.013,0.128,-0.108,-0.071,-0.134,-0.026,76,E,11,N,,,453057,137.00,0
147,336.006,"Mount",-0.103,0.119,-0.153,0.037,-0.200,0.000,115,E,0,,,,438236,149.74,0
148,338.501,"Mount",-0.134,0.070,-0.124,0.086,-0.180,0.031,103,E,13,S,,,439032,141.65,0
149,340.681,"Mount",-0.007,-0.039,0.032,0.024,-0.135,0.000,77,E,0,,,,435536,141.18,0
150,343.100,"Mount",0.044,0.071,-0.043,-0.071,-0.125,-0.026,71,E,11,N,,,416702,135.59,0
151,345.356,"Mount",-0.128,0.083,-0.132,0.075,-0.173,0.026,99,E,11,S,,,452443,140.91,0
152,347.724,"Mount",-0.002,0.014,-0.013,-0.005,-0.111,0.000,64,E,0,,,,414629,127.85,0
153,349.890,"Mount",0.012,0.062,-0.049,-0.040,-0.099,0.000,57,E,0,,,,431576,132.74,0
154,352.327,"Mount",-0.107,-0.083,0.024,0.133,-0.102,0.048,58,E,21,S,,,455551,149.48,0
155,354.454,"Mount",0.008,-0.002,0.005,-0.006,-0.083,0.000,48,E,0,,,,471990,144.12,0
156,356.825,"Mount",-0.091,0.063,-0.098,0.052,-0.120,0.000,69,E,0,,,,447322,152.12,0
157,358.988,"Mount",-0.092,0.091,-0.124,0.040,-0.127,0.000,73,E,0,,,,445779,140.84,0
158,361.386,"Mount",-0.021,0.033,-0.039,0.004,-0.069,0.000,39,E,0,,,,434928,168.67,0
159,363.613,"Mount",0.168,0.111,-0.021,-0.200,-0.070,-0.072,40,E,31,N,,,427262,137.92,0
160,366.064,"Mount",-0.172,-0.033,-0.050,0.167,-0.066,0.057,38,E,25,S,,,454966,134.04,0
161,368.188,"Mount",-0.007,0.021,-0.022,-0.003,-0.050,0.000,29,E,0,,,,428336,154.03,0
162,370.508,"Mount",-0.022,-0.009,-0.002,0.024,-0.047,0.000,27,E,0,,,,439728,125.10,0
163,372.630,"Mount",0.018,0.018,-0.007,-0.024,-0.021,0.000,12,E,0,,,,465897,152.08,0
164,374.982,"Mount",-0.080,-0.002,-0.035,0.072,-0.005,0.026,3,E,11,S,,,435465,141.80,0
165,377.071,"Mount",-0.012,-0.011,0.004,0.016,0.017,0.000,10,W,0,,,,414396,112.56,0
166,379.377,"Mount",0.015,0.010,-0.002,-0.018,0.038,0.000,22,W,0,,,,463459,159.09,0
167,381.507,"Mount",-0.043,0.034,-0.050,0.023,0.061,0.000,35,W,0,,,,438097,148.44,0
168,383.845,"Mount",-0.002,0.018,-0.017,-0.006,0.080,0.000,46,W,0,,,,454878,147.55,0
169,386.041,"Mount",-0.056,-0.076,0.041,0.085,0.099,0.030,56,W,13,S,,,444464,150.16,0
170,388.411,"Mount",-0.026,0.059,-0.065,-0.005,0.086,0.000,49,W,0,,,,411486,126.44,0
171,390.530,"Mount",-0.010,0.065,-0.062,-0.021,0.096,0.000,55,W,0,,,,428169,128.87,0
172,392.901,"Mount",-0.088,0.103,-0.132,0.031,0.066,0.000,38,W,0,,,,404960,128.82,0
173,395.096,"Mount",-0.052,-0.013,-0.013,0.052,0.106,0.000,61,W,0,,,,426558,138.25,0
174,397.493,"Mount",0.027,-0.011,0.022,-0.019,0.117,0.000,67,W,0,,,,451809,136.63,0
175,399.645,"Mount",-0.001,-0.000,-0.000,0.001,0.098,0.000,56,W,0,,,,449152,130.53,0
176,402.048,"Mount",0.005,-0.087,0.079,0.036,0.131,0.000,75,W,0,,,,419577,135.95,0
177,404.245,"Mount",-0.107,-0.031,-0.021,0.109,0.079,0.039,45,W,17,S,,,411453,123.81,0
178,406.663,"Mount",0.081,-0.003,0.040,-0.071,0.073,-0.024,42,W,10,N,,,448493,133.57,0
179,408.773,"Mount",-0.015,-0.010,0.002,0.018,0.057,0.000,32,W,0,,,,444772,158.25,0
180,411.118,"Mount",0.021,-0.084,0.084,0.020,0.068,0.000,39,W,0,,,,461531,147.53,0
181,413.246,"Mount",-0.084,-0.122,0.069,0.131,0.043,0.047,25,W,20,S,,,443216,137.91,0
182,415.740,"Mount",-0.091,-0.132,0.075,0.142,0.042,0.053,24,W,23,S,,,446969,145.83,0
183,417.974,"Mount",-0.107,-0.162,0.095,0.170,0.042,0.063,24,W,27,S,,,429158,140.71,0
184,420.312,"Mount",0.104,-0.108,0.144,-0.042,0.069,0.000,40,W,0,,,,446721,137.97,0
185,422.338,"Mount",-0.062,0.022,-0.048,0.045,-0.000,0.000,0,,0,,,,446625,153.78,0
186,424.657,"Mount",-0.082,0.028,-0.063,0.059,-0.025,0.000,14,E,0,,,,455711,133.61,0
187,426.840,"Mount",-0.100,0.059,-0.099,0.062,-0.043,0.022,24,E,9,S,,,436238,129.76,0
188,429.227,"Mount",-0.090,-0.066,0.017,0.110,-0.003,0.041,2,E,17,S,,,407828,137.66,0
189,431.327,"Mount",-0.000,-0.008,0.007,0.004,-0.020,0.000,11,E,0,,,,442899,137.69,0
190,433.664,"Mount",0.044,-0.015,0.034,-0.032,-0.010,0.000,6,E,0,,,,470608,153.53,0
191,435.870,"Mount",-0.021,-0.074,0.056,0.053,-0.003,0.000,2,E,0,,,,439800,138.45,0
192,438.226,"Mount",-0.033,0.023,-0.036,0.019,0.015,0.000,8,W,0,,,,438886,134.83,0
193,440.375,"Mount",-0.013,-0.040,0.029,0.030,0.038,0.000,22,W,0,,,,447326,157.51,0
194,442.757,"Mount",-0.006,-0.063,0.053,0.035,0.064,0.000,37,W,0,,,,463132,171.56,0
195,444.948,"Mount",-0.017,-0.051,0.037,0.038,0.085,0.000,49,W,0,,,,462822,160.10,0
196,447.397,"Mount",-0.104,-0.002,-0.046,0.093,0.111,0.034,64,W,14,S,,,425762,137.12,0
197,449.692,"Mount",-0.102,-0.097,0.040,0.135,0.132,0.050,76,W,21,S,,,428306,152.67,0
198,452.137,"Mount",-0.083,-0.042,-0.001,0.093,0.156,0.036,89,W,15,S,,,435597,140.17,0
199,454.442,"Mount",-0.108,0.057,-0.100,0.070,0.116,0.027,66,W,11,S,,,435758,137.69,0
200,456.840,"Mount",-0.059,-0.001,-0.026,0.053,0.169,0.000,96,W,0,,,,443742,132.86,0
201,458.962,"Mount",0.027,-0.028,0.037,-0.011,0.156,0.000,89,W,0,,,,408585,131.26,0
202,461.410,"Mount",-0.009,-0.097,0.082,0.053,0.175,0.000,100,W,0,,,,461922,131.19,0
203,463.651,"Mount",-0.062,-0.039,0.006,0.073,0.120,0.026,68,W,11,S,,,444368,148.45,0
204,466.066,"Mount",-0.002,-0.009,0.007,0.006,0.111,0.000,64,W,0,,,,459957,182.14,0
205,468.219,"Mount",0.019,0.007,0.002,-0.020,0.088,0.000,50,W,0,,,,449578,138.29,0
206,470.716,"Mount",0.008,-0.191,0.173,0.081,0.168,0.029,96,W,12,S,,,437997,128.42,0
207,472.900,"Mount",0.097,-0.113,0.145,-0.034,0.146,0.000,84,W,0,,,,410999,137.23,0
208,475.368,"Mount",0.009,-0.073,0.069,0.026,0.138,0.000,79,W,0,,,,436595,139.71,0
209,477.708,"Mount",-0.024,-0.226,0.189,0.125,0.188,0.045,107,W,19,S,,,433359,131.38,0
210,480.330,"Mount",-0.076,-0.272,0.207,0.193,0.220,0.071,126,W,31,S,,,449634,140.86,0
211,482.572,"Mount",-0.019,-0.159,0.132,0.090,0.183,0.035,104,W,15,S,,,461190,168.00,0
212,485.003,"Mount",0.053,-0.030,0.051,-0.033,0.116,0.000,66,W,0,,,,463788,148.12,0
213,487.194,"Mount",0.093,-0.075,0.109,-0.048,0.148,0.000,85,W,0,,,,438198,128.77,0
214,489.723,"Mount",0.068,0.059,-0.021,-0.087,0.063,-0.031,36,W,13,N,,,443807,132.66,0
215,491.844,"Mount",0.036,0.060,-0.037,-0.060,0.039,0.000,23,W,0,,,,387924,119.45,0
216,494.197,"Mount",-0.048,0.101,-0.112,-0.004,-0.032,0.000,19,E,0,,,,457526,144.04,0
217,496.392,"Mount",-0.042,0.089,-0.099,-0.004,-0.051,0.000,29,E,0,,,,447293,136.68,0
218,498.703,"Mount",-0.014,-0.037,0.026,0.030,-0.020,0.000,11,E,0,,,,435623,145.91,0
219,500.823,"Mount",0.014,-0.022,0.026,-0.002,-0.032,0.000,18,E,0,,,,456794,153.27,0
220,503.194,"Mount",-0.096,-0.055,0.005,0.110,-0.032,0.040,18,E,17,S,,,458987,130.98,0
221,505.281,"Mount",-0.011,-0.087,0.072,0.050,0.021,0.000,12,W,0,,,,422034,122.98,0
222,507.621,"Mount",-0.008,0.039,-0.039,-0.011,-0.005,0.000,3,E,0,,,,436476,135.42,0
223,509.710,"Mount",-0.030,0.001,-0.014,0.026,0.013,0.000,7,W,0,,,,453393,148.67,0
224,511.995,"Mount",-0.039,0.064,-0.075,0.005,-0.015,0.000,8,E,0,,,,426606,122.69,0
225,514.074,"Mount",-0.012,0.037,-0.038,-0.007,0.021,0.000,12,W,0,,,,439283,124.29,0
226,516.395,"Mount",-0.005,-0.040,0.033,0.023,0.018,0.000,10,W,0,,,,442369,135.76,0
227,518.515,"Mount",-0.059,-0.052,0.019,0.077,0.014,0.028,8,W,12,S,,,432718,142.40,0
228,520.883,"Mount",-0.027,-0.054,0.036,0.049,0.010,0.000,6,W,0,,,,441119,154.60,0
229,523.014,"Mount",0.037,-0.077,0.085,0.003,0.038,0.000,22,W,0,,,,448373,145.47,0
230,525.352,"Mount",-0.006,-0.075,0.064,0.040,0.024,0.000,14,W,0,,,,422539,132.58,0
231,527.581,"Mount",0.153,-0.153,0.206,-0.065,0.084,-0.023,48,W,10,N,,,426437,126.73,0
232,529.906,"Mount",0.044,-0.101,0.110,0.008,0.044,0.000,25,W,0,,,,420319,120.74,0
233,532.111,"Mount",-0.007,-0.186,0.161,0.092,0.066,0.033,37,W,14,S,,,420779,124.93,0
234,534.462,"Mount",0.041,-0.193,0.191,0.053,0.091,0.000,52,W,0,,,,461235,148.98,0
235,536.616,"Mount",-0.005,0.145,-0.132,-0.062,-0.054,-0.022,31,E,10,N,,,425002,139.15,0
236,538.941,"Mount",0.002,-0.009,0.009,0.002,0.007,0.000,4,W,0,,,,445422,147.78,0
237,541.105,"Mount",0.049,0.087,-0.055,-0.083,0.007,-0.030,4,W,13,N,,,436127,130.00,0
238,543.520,"Mount",-0.126,-0.038,-0.024,0.129,0.007,0.045,4,W,19,S,,,474647,156.27,0
239,545.681,"Mount",-0.096,-0.038,-0.011,0.103,-0.008,0.039,5,E,17,S,,,463951,144.01,0
240,548.124,"Mount",-0.011,0.067,-0.065,-0.021,-0.037,0.000,21,E,0,,,,434239,135.87,0
241,550.230,"Mount",-0.019,0.001,-0.010,0.016,-0.003,0.000,2,E,0,,,,416970,134.89,0
242,552.570,"Mount",0.003,0.070,-0.060,-0.035,-0.030,0.000,17,E,0,,,,432850,125.91,0
243,554.738,"Mount",-0.030,0.069,-0.075,-0.006,-0.032,0.000,19,E,0,,,,453626,153.08,0
244,557.119,"Mount",0.007,0.129,-0.112,-0.066,-0.047,-0.024,27,E,10,N,,,446993,146.82,0
245,559.210,"Mount",0.003,0.042,-0.036,-0.022,0.005,0.000,3,W,0,,,,460131,136.93,0
246,561.548,"Mount",-0.130,0.163,-0.204,0.040,-0.086,0.000,49,E,0,,,,441753,146.37,0
247,563.648,"Mount",-0.021,-0.003,-0.006,0.020,0.004,0.000,2,W,0,,,,454577,145.23,0
248,565.987,"Mount",0.064,-0.148,0.161,0.012,0.075,0.000,43,W,0,,,,434879,141.06,0
249,568.152,"Mount",-0.032,-0.180,0.145,0.111,0.068,0.040,39,W,17,S,,,426702,133.19,0
250,570.423,"Mount",-0.024,-0.032,0.017,0.036,0.019,0.000,11,W,0,,,,432497,131.37,0
251,572.542,"Mount",0.001,-0.111,0.099,0.051,0.061,0.000,35,W,0,,,,475582,156.22,0
252,574.819,"Mount",-0.039,0.014,-0.031,0.028,0.014,0.000,8,W,0,,,,465004,145.79,0
253,576.888,"Mount",0.012,0.040,-0.030,-0.029,0.006,0.000,3,W,0,,,,442242,139.92,0
254,579.227,"Mount",0.002,-0.102,0.091,0.046,0.036,0.000,21,W,0,,,,418816,139.68,0
255,581.424,"Mount",-0.075,-0.163,0.110,0.142,0.029,0.051,17,W,22,S,,,432111,143.84,0
256,583.746,"Mount",0.016,-0.136,0.128,0.049,0.019,0.000,11,W,0,,,,459631,151.02,0
257,585.851,"Mount",0.034,-0.012,0.026,-0.024,-0.048,0.000,28,E,0,,,,429579,134.00,0
258,588.207,"Mount",0.090,-0.073,0.106,-0.046,-0.021,0.000,12,E,0,,,,452849,157.56,0
259,590.356,"Mount",0.012,-0.004,0.009,-0.008,-0.077,0.000,44,E,0,,,,453033,135.11,0
260,592.777,"Mount",-0.003,-0.029,0.024,0.016,-0.093,0.000,53,E,0,,,,430589,124.58,0
261,595.007,"Mount",0.075,0.041,-0.002,-0.086,-0.092,-0.031,53,E,13,N,,,434851,137.64,0
262,597.440,"Mount",-0.084,-0.037,-0.005,0.092,-0.100,0.032,57,E,14,S,,,440256,133.56,0
263,599.590,"Mount",-0.012,-0.004,-0.002,0.012,-0.101,0.000,58,E,0,,,,451199,137.60,0
264,601.975,"Mount",-0.091,0.020,-0.060,0.071,-0.102,0.026,58,E,11,S,,,449031,157.59,0
265,604.237,"Mount",-0.282,-0.089,-0.051,0.291,-0.095,0.106,54,E,45,S,,,468139,150.89,0
266,606.715,"Mount",-0.267,0.020,-0.140,0.228,-0.162,0.086,92,E,37,S,,,476432,149.64,0
267,608.930,"Mount",-0.048,-0.039,0.013,0.061,-0.102,0.025,58,E,11,S,,,455847,167.10,0
268,611.380,"Mount",-0.099,0.009,-0.054,0.084,-0.089,0.031,51,E,13,S,,,437385,140.43,0
269,613.515,"Mount",-0.005,0.000,-0.002,0.004,-0.083,0.000,48,E,0,,,,438767,147.10,0
270,615.853,"Mount",0.019,0.076,-0.058,-0.052,-0.078,0.000,44,E,0,,,,437442,142.38,0
271,618.030,"Mount",0.058,0.045,-0.013,-0.072,-0.076,-0.026,43,E,11,N,,,464571,144.32,0
272,620.414,"Mount",-0.019,-0.008,-0.002,0.021,-0.085,0.000,49,E,0,,,,444423,153.34,0
273,622.607,"Mount",-0.115,0.016,-0.067,0.094,-0.101,0.034,58,E,15,S,,,447042,133.62,0
274,627.185,"Mount",-0.037,-0.066,0.041,0.063,-0.095,0.024,54,E,10,S,,,449981,169.61,0
275,629.472,"Mount",-0.000,-0.068,0.060,0.032,-0.032,0.000,18,E,0,,,,447512,147.99,0
INFO: SET LOCK POSITION, new lock pos = 583.363, 565.745
INFO: DITHER by 1.077, 2.420, new lock pos = 581.711, 563.675
INFO: SETTLING STATE CHANGE, Settling started
276,633.238,"Mount",1.653,2.070,-1.077,-2.420,-1.077,-2.420,615,E,1035,N,,,423999,123.62,0
277,636.101,"Mount",-2.464,-1.427,0.132,2.845,0.059,1.024,34,W,438,S,,,435620,143.22,0
278,638.379,"Mount",-0.440,-0.261,0.029,0.511,0.013,0.225,8,W,96,S,,,435484,135.20,0
279,640.918,"Mount",0.342,0.449,-0.241,-0.511,-0.108,-0.175,62,E,75,N,,,433418,143.01,0
280,643.191,"Mount",0.014,0.345,-0.300,-0.171,-0.135,-0.069,77,E,29,N,,,446290,125.80,0
281,645.682,"Mount",-0.424,-0.052,-0.149,0.400,-0.067,0.141,38,E,60,S,,,460978,154.45,0
282,647.893,"Mount",0.156,0.226,-0.128,-0.242,-0.058,-0.082,33,E,35,N,,,441159,137.25,0
283,650.246,"Mount",-0.132,0.171,-0.212,0.038,-0.096,0.000,55,E,0,,,,439642,152.82,0
284,652.474,"Mount",-0.279,0.211,-0.316,0.150,-0.142,0.054,81,E,23,S,,,426505,129.09,0
285,654.895,"Mount",-0.186,0.352,-0.398,0.002,-0.179,0.000,102,E,0,,,,426083,127.48,0
286,657.091,"Mount",-0.190,0.321,-0.372,0.020,-0.167,0.000,96,E,0,,,,443864,133.80,0
287,659.791,"Mount",-0.324,0.531,-0.621,0.042,-0.491,0.000,281,E,0,,,,430889,133.94,0
288,662.096,"Mount",-0.236,0.207,-0.292,0.114,-0.311,0.041,178,E,18,S,,,423830,127.00,0
289,664.578,"Mount",-0.208,0.304,-0.365,0.044,-0.316,0.000,181,E,0,,,,441865,139.93,0
290,666.940,"Mount",-0.395,0.401,-0.538,0.165,-0.362,0.059,207,E,25,S,,,428965,135.91,0
291,669.435,"Mount",-0.000,0.228,-0.202,-0.105,-0.203,-0.035,116,E,15,N,,,440883,137.77,0
292,671.746,"Mount",0.027,0.301,-0.255,-0.162,-0.215,-0.060,123,E,26,N,,,430703,142.61,0
INFO: SETTLING STATE CHANGE, Settling complete
293,674.297,"Mount",-0.014,0.179,-0.165,-0.070,-0.186,-0.028,106,E,12,N,,,417776,125.55,0
294,676.523,"Mount",-0.078,-0.063,0.020,0.098,-0.120,0.034,68,E,15,S,,,451702,145.33,0
295,678.991,"Mount",-0.183,0.007,-0.090,0.159,-0.173,0.059,99,E,25,S,,,453317,119.91,0
296,681.180,"Mount",-0.096,0.070,-0.106,0.053,-0.188,0.000,107,E,0,,,,469901,157.47,0
297,683.703,"Mount",-0.185,0.266,-0.322,0.041,-0.293,0.000,168,E,0,,,,473196,130.68,0
298,685.931,"Mount",-0.099,0.069,-0.107,0.056,-0.191,0.000,109,E,0,,,,425900,125.50,0
299,688.399,"Mount",-0.019,0.060,-0.062,-0.011,-0.161,0.000,92,E,0,,,,424118,126.99,0
300,690.532,"Mount",-0.046,0.014,-0.034,0.034,-0.122,0.000,70,E,0,,,,462091,143.03,0
301,693.080,"Mount",0.037,0.139,-0.106,-0.097,-0.160,-0.035,92,E,15,N,,,442099,128.96,0
302,695.303,"Mount",-0.028,-0.036,0.019,0.042,-0.093,0.000,53,E,0,,,,434775,146.74,0
303,697.641,"Mount",0.047,-0.073,0.087,-0.008,-0.047,0.000,27,E,0,,,,446845,149.11,0
304,699.822,"Mount",-0.088,-0.205,0.142,0.173,-0.011,0.062,7,E,27,S,,,443463,152.45,0
305,702.221,"Mount",0.053,0.078,-0.045,-0.083,-0.068,-0.027,39,E,12,N,,,425210,138.82,0
306,704.419,"Mount",0.042,0.144,-0.108,-0.104,-0.117,-0.039,67,E,16,N,,,446839,139.06,0
307,706.852,"Mount",-0.149,-0.015,-0.055,0.139,-0.072,0.049,41,E,21,S,,,431940,141.17,0
308,709.090,"Mount",-0.108,0.026,-0.073,0.084,-0.099,0.032,56,E,14,S,,,453557,143.30,0
309,711.489,"Mount",0.034,0.084,-0.059,-0.069,-0.074,-0.024,43,E,10,N,,,465730,140.58,0
310,713.729,"Mount",-0.139,0.084,-0.139,0.084,-0.128,0.029,73,E,13,S,,,427634,143.27,0
311,716.085,"Mount",0.032,-0.023,0.035,-0.018,-0.058,0.000,33,E,0,,,,452616,155.30,0
312,718.236,"Mount",-0.036,-0.029,0.010,0.045,-0.039,0.000,23,E,0,,,,451173,146.37,0
313,720.564,"Mount",0.067,0.015,0.018,-0.066,-0.019,-0.024,11,E,10,N,,,446358,154.41,0
314,722.665,"Mount",-0.028,-0.009,-0.005,0.029,0.005,0.000,3,W,0,,,,429224,134.51,0
315,725.164,"Mount",-0.100,-0.017,-0.031,0.096,0.028,0.035,16,W,15,S,,,430300,155.71,0
316,727.389,"Mount",-0.190,-0.032,-0.059,0.183,0.052,0.067,30,W,29,S,,,422105,129.84,0
317,729.825,"Mount",0.113,0.083,-0.022,-0.138,0.066,-0.047,38,W,20,N,,,453669,138.44,0
318,732.006,"Mount",0.090,0.009,0.034,-0.084,0.086,-0.032,49,W,14,N,,,448146,155.32,0
319,734.470,"Mount",0.116,0.019,0.037,-0.111,0.099,-0.041,56,W,18,N,,,465321,133.39,0
320,736.652,"Mount",-0.020,-0.017,0.006,0.026,0.098,0.000,56,W,0,,,,438157,138.66,0
321,739.028,"Mount",-0.020,-0.083,0.065,0.056,0.138,0.000,79,W,0,,,,429644,134.57,0
322,741.271,"Mount",-0.057,-0.027,-0.002,0.063,0.116,0.023,66,W,10,S,,,430644,151.73,0
323,743.644,"Mount",0.019,0.076,-0.059,-0.052,0.117,0.000,67,W,0,,,,453945,141.95,0
324,745.807,"Mount",0.012,0.019,-0.011,-0.020,0.098,0.000,56,W,0,,,,447591,156.36,0
325,748.348,"Mount",-0.145,-0.027,-0.043,0.141,0.092,0.051,53,W,22,S,,,439431,134.83,0
326,750.465,"Mount",-0.044,-0.038,0.013,0.057,0.075,0.000,43,W,0,,,,444128,137.06,0
327,752.787,"Mount",0.031,-0.021,0.033,-0.018,0.070,0.000,40,W,0,,,,451939,147.96,0
328,754.939,"Mount",0.003,-0.005,0.006,-0.000,0.065,0.000,37,W,0,,,,440381,147.83,0
329,757.262,"Mount",0.034,-0.029,0.041,-0.017,0.060,0.000,34,W,0,,,,456729,148.71,0
330,759.381,"Mount",0.047,-0.022,0.041,-0.032,0.053,0.000,30,W,0,,,,416500,135.17,0
331,761.723,"Mount",0.014,-0.130,0.122,0.047,0.095,0.000,55,W,0,,,,425488,115.49,0
332,763.840,"Mount",-0.003,-0.097,0.085,0.047,0.067,0.000,39,W,0,,,,451125,138.23,0
333,766.229,"Mount",-0.044,-0.076,0.048,0.074,0.023,0.027,13,W,11,S,,,420460,124.13,0
334,768.375,"Mount",-0.150,-0.064,-0.012,0.163,0.012,0.060,7,W,26,S,,,425505,124.46,0
335,770.703,"Mount",0.015,-0.027,0.031,-0.001,-0.013,0.000,8,E,0,,,,443917,132.33,0
336,772.818,"Mount",0.011,0.032,-0.023,-0.025,-0.019,0.000,11,E,0,,,,421499,118.07,0
337,775.263,"Mount",-0.189,0.073,-0.152,0.134,-0.100,0.048,57,E,21,S,,,443793,135.37,0
338,777.453,"Mount",-0.041,0.098,-0.106,-0.009,-0.081,0.000,46,E,0,,,,425063,124.35,0
339,779.817,"Mount",-0.057,0.051,-0.072,0.027,-0.059,0.000,34,E,0,,,,446405,127.63,0
340,781.935,"Mount",-0.028,-0.093,0.070,0.067,0.018,0.024,10,W,10,S,,,428038,129.59,0
341,784.255,"Mount",0.039,0.044,-0.021,-0.055,0.008,0.000,5,W,0,,,,439961,149.26,0
342,786.380,"Mount",-0.036,0.017,-0.032,0.024,0.031,0.000,18,W,0,,,,422422,121.70,0
343,788.763,"Mount",-0.052,0.014,-0.036,0.039,0.054,0.000,31,W,0,,,,445525,152.37,0
344,790.957,"Mount",0.074,0.011,0.024,-0.071,0.072,-0.026,41,W,11,N,,,448797,146.57,0
345,793.329,"Mount",-0.082,0.077,-0.106,0.037,0.048,0.000,27,W,0,,,,418785,138.28,0
346,795.541,"Mount",0.002,-0.014,0.013,0.005,0.107,0.000,61,W,0,,,,435435,151.85,0
347,798.003,"Mount",-0.029,-0.067,0.046,0.057,0.123,0.000,70,W,0,,,,451933,144.92,0
348,800.245,"Mount",0.027,-0.103,0.103,0.024,0.173,0.000,99,W,0,,,,442157,124.01,0
349,802.610,"Mount",-0.007,-0.013,0.009,0.012,0.143,0.000,82,W,0,,,,445433,146.46,0
350,804.776,"Mount",0.020,0.017,-0.006,-0.026,0.145,0.000,83,W,0,,,,437184,150.52,0
351,807.128,"Mount",0.039,-0.038,0.051,-0.017,0.154,0.000,88,W,0,,,,431477,127.27,0
352,809.279,"Mount",0.063,-0.014,0.041,-0.050,0.146,0.000,84,W,0,,,,444562,127.58,0
353,811.929,"Mount",-0.607,-0.488,0.154,0.763,0.217,0.275,124,W,118,S,,,433805,119.54,0
354,814.297,"Mount",-0.244,-0.212,0.076,0.315,0.176,0.124,101,W,53,S,,,439455,130.25,0
355,816.680,"Mount",-0.031,-0.069,0.047,0.059,0.144,0.000,82,W,0,,,,444359,145.77,0
356,818.861,"Mount",0.041,0.041,-0.018,-0.055,0.132,0.000,76,W,0,,,,423884,142.38,0
357,821.352,"Mount",0.126,-0.028,0.083,-0.099,0.157,-0.036,90,W,15,N,,,424440,175.76,0
358,823.578,"Mount",-0.013,-0.106,0.088,0.060,0.150,0.020,86,W,9,S,,,418784,123.20,0
359,825.946,"Mount",-0.035,-0.050,0.028,0.055,0.099,0.000,56,W,0,,,,421131,119.52,0
360,828.172,"Mount",-0.073,-0.137,0.088,0.127,0.125,0.046,72,W,20,S,,,437260,126.85,0
361,830.572,"Mount",0.102,0.071,-0.016,-0.123,0.086,-0.043,49,W,18,N,,,435627,135.83,0
362,832.754,"Mount",0.037,0.038,-0.016,-0.050,0.071,0.000,41,W,0,,,,422770,145.23,0
363,835.168,"Mount",0.001,0.002,-0.001,-0.002,0.068,0.000,39,W,0,,,,453069,150.99,0
364,837.307,"Mount",0.009,-0.016,0.019,0.000,0.049,0.000,28,W,0,,,,420404,128.58,0
365,839.659,"Mount",0.008,0.061,-0.051,-0.036,0.042,0.000,24,W,0,,,,460602,145.91,0
366,841.822,"Mount",-0.116,0.081,-0.125,0.066,-0.029,0.024,17,E,10,S,,,461523,175.98,0
367,844.332,"Mount",-0.007,0.238,-0.214,-0.104,-0.082,-0.036,47,E,16,N,,,439037,133.62,0
368,846.399,"Mount",-0.015,-0.004,-0.003,0.015,0.004,0.000,2,W,0,,,,452549,143.10,0
369,848.689,"Mount",0.009,-0.042,0.042,0.012,0.000,0.000,0,,0,,,,426455,133.47,0
370,850.841,"Mount",0.001,-0.071,0.064,0.032,0.014,0.000,8,W,0,,,,445835,135.09,0
371,853.261,"Mount",0.014,-0.096,0.091,0.032,0.028,0.000,16,W,0,,,,450156,144.65,0
372,855.613,"Mount",-0.098,-0.071,0.018,0.119,-0.002,0.043,1,E,18,S,,,424950,130.56,0
373,857.920,"Mount",0.017,0.060,-0.046,-0.043,0.006,0.000,3,W,0,,,,431370,147.92,0
374,860.040,"Mount",-0.060,0.079,-0.098,0.017,-0.029,0.000,17,E,0,,,,439429,138.17,0
375,862.344,"Mount",-0.004,0.017,-0.017,-0.004,0.020,0.000,12,W,0,,,,443219,132.20,0
376,864.429,"Mount",-0.005,0.058,-0.054,-0.022,0.016,0.000,9,W,0,,,,439423,148.55,0
377,866.704,"Mount",0.042,-0.015,0.033,-0.031,0.016,0.000,9,W,0,,,,435498,133.62,0
378,868.835,"Mount",0.069,-0.021,0.050,-0.052,0.014,0.000,8,W,0,,,,431263,136.64,0
379,871.130,"Mount",0.012,-0.081,0.077,0.026,0.048,0.000,27,W,0,,,,443092,144.50,0
380,873.281,"Mount",-0.001,-0.102,0.090,0.048,0.048,0.000,27,W,0,,,,432513,148.96,0
381,875.695,"Mount",-0.165,-0.223,0.122,0.250,0.058,0.090,33,W,38,S,,,431328,145.34,0
382,877.827,"Mount",0.076,-0.164,0.180,0.008,0.079,0.000,45,W,0,,,,452799,151.76,0
383,880.160,"Mount",-0.002,0.024,-0.022,-0.009,0.001,0.000,1,W,0,,,,448260,143.65,0
384,882.307,"Mount",0.162,0.037,0.042,-0.161,-0.002,-0.058,1,E,25,N,,,428552,125.07,0
385,884.767,"Mount",-0.079,0.001,-0.037,0.070,-0.002,0.023,1,E,10,S,,,433998,149.40,0
386,886.896,"Mount",-0.115,0.048,-0.095,0.080,-0.046,0.030,26,E,13,S,,,440764,162.26,0
387,889.167,"Mount",-0.043,0.001,-0.021,0.038,-0.011,0.000,6,E,0,,,,432047,129.07,0
388,891.330,"Mount",0.045,0.110,-0.077,-0.091,-0.048,-0.033,27,E,14,N,,,412072,146.66,0
389,893.745,"Mount",0.071,-0.083,0.106,-0.025,0.034,0.000,19,W,0,,,,458705,143.95,0
390,895.904,"Mount",-0.073,0.156,-0.172,-0.007,-0.097,0.000,55,E,0,,,,429709,136.24,0
391,898.230,"Mount",0.040,-0.002,0.020,-0.034,-0.018,0.000,10,E,0,,,,469731,151.12,0
392,900.363,"Mount",-0.020,0.062,-0.064,-0.011,-0.037,0.000,21,E,0,,,,435733,139.44,0
393,902.750,"Mount",-0.010,0.058,-0.056,-0.018,-0.001,0.000,1,E,0,,,,441465,146.15,0
394,904.881,"Mount",-0.016,0.147,-0.138,-0.054,-0.052,0.000,30,E,0,,,,454833,146.08,0
395,907.298,"Mount",-0.088,-0.100,0.048,0.125,0.012,0.045,7,W,19,S,,,445881,145.18,0
396,909.404,"Mount",0.017,-0.051,0.053,0.009,0.009,0.000,5,W,0,,,,426176,135.97,0
397,911.729,"Mount",-0.012,-0.070,0.056,0.042,0.011,0.000,6,W,0,,,,443933,155.06,0
398,913.940,"Mount",0.079,-0.132,0.153,-0.009,0.082,0.000,47,W,0,,,,405958,133.82,0
399,916.323,"Mount",0.030,-0.048,0.056,-0.004,0.020,0.000,12,W,0,,,,398316,127.29,0
400,918.521,"Mount",-0.031,-0.100,0.075,0.074,0.053,0.026,30,W,11,S,,,427818,141.60,0
401,920.857,"Mount",0.075,-0.058,0.086,-0.040,0.057,0.000,33,W,0,,,,432968,129.66,0
402,922.979,"Mount",0.005,0.033,-0.027,-0.020,0.013,0.000,7,W,0,,,,437469,143.20,0
403,925.269,"Mount",0.011,0.042,-0.032,-0.029,0.003,0.000,2,W,0,,,,418286,117.00,0
404,927.436,"Mount",0.095,-0.183,0.207,-0.000,0.087,0.000,49,W,0,,,,445712,145.89,0
405,929.740,"Mount",0.053,-0.038,0.058,-0.029,-0.025,0.000,14,E,0,,,,407949,127.04,0
406,931.841,"Mount",0.014,-0.021,0.026,-0.003,-0.043,0.000,24,E,0,,,,421104,124.23,0
407,934.163,"Mount",0.095,-0.184,0.207,0.001,0.047,0.000,27,W,0,,,,438156,142.46,0
408,936.286,"Mount",0.071,-0.174,0.188,0.017,0.024,0.000,14,W,0,,,,449883,142.70,0
409,938.633,"Mount",0.032,-0.194,0.187,0.061,0.008,0.022,4,W,9,S,,,433075,147.17,0
410,940.862,"Mount",-0.236,-0.254,0.117,0.326,-0.031,0.118,18,E,51,S,,,428834,129.86,0
411,943.282,"Mount",-0.051,-0.099,0.065,0.091,-0.063,0.037,36,E,16,S,,,419313,119.70,0
412,945.428,"Mount",-0.059,-0.011,-0.018,0.058,-0.093,0.000,53,E,0,,,,437168,126.32,0
413,947.797,"Mount",-0.050,0.008,-0.030,0.040,-0.094,0.000,54,E,0,,,,429810,127.47,0
414,950.012,"Mount",-0.099,0.146,-0.175,0.021,-0.170,0.000,97,E,0,,,,401253,118.50,0
415,952.442,"Mount",-0.049,0.107,-0.118,-0.006,-0.148,0.000,85,E,0,,,,446557,153.13,0
416,954.658,"Mount",-0.017,0.109,-0.105,-0.036,-0.147,0.000,84,E,0,,,,459269,149.60,0
417,956.942,"Mount",0.041,-0.119,0.125,0.019,-0.044,0.000,25,E,0,,,,435102,128.41,0
418,959.220,"Mount",-0.175,-0.041,-0.044,0.174,-0.102,0.063,59,E,27,S,,,439136,154.39,0
419,961.782,"Mount",0.053,0.140,-0.100,-0.112,-0.160,-0.038,91,E,16,N,,,427926,129.50,0
420,963.976,"Mount",-0.023,0.099,-0.098,-0.025,-0.156,0.000,89,E,0,,,,453198,147.43,0
421,966.407,"Mount",0.005,-0.012,0.013,0.002,-0.103,0.000,59,E,0,,,,434771,129.83,0
422,968.510,"Mount",0.029,-0.043,0.051,-0.006,-0.099,0.000,56,E,0,,,,436811,128.13,0
423,970.942,"Mount",-0.047,-0.076,0.046,0.077,-0.083,0.028,47,E,12,S,,,436442,142.31,0
424,973.069,"Mount",0.041,-0.046,0.060,-0.015,-0.043,0.000,25,E,0,,,,458360,126.11,0
425,975.462,"Mount",0.199,-0.067,0.151,-0.146,0.014,-0.052,8,W,22,N,,,452367,139.13,0
426,977.580,"Mount",0.075,-0.071,0.097,-0.034,0.002,0.000,1,W,0,,,,428840,148.69,0
427,979.979,"Mount",0.001,-0.027,0.025,0.012,-0.057,0.000,32,E,0,,,,456114,147.75,0
428,982.181,"Mount",-0.103,-0.054,0.001,0.116,-0.061,0.042,35,E,18,S,,,450173,166.77,0
429,984.568,"Mount",-0.067,-0.157,0.109,0.132,-0.036,0.049,21,E,21,S,,,422619,143.78,0
430,986.778,"Mount",0.146,-0.026,0.090,-0.118,-0.063,-0.040,36,E,17,N,,,450306,148.86,0
431,989.276,"Mount",-0.073,-0.055,0.015,0.091,-0.122,0.031,70,E,13,S,,,420270,127.39,0
432,991.493,"Mount",0.131,-0.060,0.113,-0.088,-0.088,-0.031,51,E,13,N,,,451008,130.07,0
433,993.865,"Mount",0.014,-0.093,0.089,0.031,-0.132,0.000,76,E,0,,,,419590,134.24,0
434,996.025,"Mount",-0.006,0.033,-0.032,-0.010,-0.173,0.000,99,E,0,,,,434851,120.60,0
435,998.476,"Mount",-0.016,0.017,-0.022,0.006,-0.202,0.000,116,E,0,,,,459912,133.74,0
436,1000.638,"Mount",0.074,-0.096,0.119,-0.022,-0.159,0.000,91,E,0,,,,464001,147.58,0
437,1003.098,"Mount",-0.058,-0.290,0.231,0.185,-0.121,0.067,69,E,28,S,,,441486,142.81,0
438,1005.422,"Mount",0.127,-0.047,0.100,-0.091,-0.163,-0.030,93,E,13,N,,,433103,121.08,0
439,1007.926,"Mount",0.075,0.034,0.005,-0.082,-0.196,-0.031,112,E,13,N,,,437693,143.85,0
440,1010.247,"Mount",0.117,0.186,-0.112,-0.190,-0.215,-0.070,123,E,30,N,,,439828,136.19,0
441,1012.740,"Mount",-0.248,0.104,-0.206,0.172,-0.233,0.059,133,E,25,S,,,450002,145.19,0
442,1015.015,"Mount",-0.153,0.049,-0.114,0.113,-0.199,0.043,114,E,18,S,,,446835,152.11,0
443,1017.528,"Mount",-0.175,0.305,-0.351,0.015,-0.299,0.000,171,E,0,,,,439885,136.97,0
444,1019.863,"Mount",-0.277,0.308,-0.401,0.104,-0.335,0.037,192,E,16,S,,,436295,127.60,0
445,1022.277,"Mount",-0.005,-0.005,0.002,0.007,-0.171,0.000,98,E,0,,,,401931,137.70,0
446,1024.472,"Mount",-0.027,0.043,-0.050,0.004,-0.176,0.000,100,E,0,,,,444301,146.30,0
447,1026.936,"Mount",-0.016,0.036,-0.040,-0.003,-0.190,0.000,109,E,0,,,,469398,156.13,0
448,1029.150,"Mount",0.029,0.069,-0.048,-0.057,-0.181,0.000,104,E,0,,,,434688,123.56,0
449,1031.522,"Mount",-0.015,0.032,-0.036,-0.001,-0.138,0.000,79,E,0,,,,436565,133.87,0
450,1033.703,"Mount",-0.131,-0.011,-0.051,0.121,-0.128,0.044,73,E,19,S,,,431177,143.30,0
451,1036.203,"Mount",0.016,0.167,-0.141,-0.091,-0.168,-0.031,96,E,13,N,,,441639,135.81,0
452,1038.354,"Mount",-0.021,-0.055,0.039,0.044,-0.099,0.000,57,E,0,,,,436823,132.72,0
453,1040.756,"Mount",0.002,-0.094,0.084,0.041,-0.079,0.000,45,E,0,,,,442602,125.50,0
454,1042.978,"Mount",-0.060,-0.053,0.020,0.078,-0.104,0.028,60,E,12,S,,,427324,123.11,0
455,1045.361,"Mount",-0.113,0.095,-0.136,0.056,-0.164,0.000,94,E,0,,,,437327,134.85,0
456,1047.526,"Mount",0.009,0.040,-0.031,-0.027,-0.088,0.000,50,E,0,,,,439556,146.04,0
457,1049.869,"Mount",0.104,-0.084,0.122,-0.053,-0.045,0.000,26,E,0,,,,480244,166.18,0
458,1051.944,"Mount",0.071,-0.066,0.091,-0.032,-0.048,0.000,27,E,0,,,,421951,120.04,0
459,1054.450,"Mount",0.118,0.005,0.050,-0.107,-0.086,-0.038,49,E,16,N,,,435745,140.72,0
460,1056.660,"Mount",0.073,0.007,0.027,-0.068,-0.092,-0.026,52,E,11,N,,,427307,136.76,0
461,1059.079,"Mount",-0.103,0.042,-0.085,0.072,-0.126,0.025,72,E,11,S,,,433258,134.90,0
462,1061.180,"Mount",0.007,0.018,-0.013,-0.015,-0.054,0.000,31,E,0,,,,447957,135.18,0
463,1063.500,"Mount",0.053,-0.045,0.064,-0.026,-0.018,0.000,10,E,0,,,,443715,135.79,0
464,1065.554,"Mount",-0.006,0.034,-0.032,-0.010,-0.017,0.000,10,E,0,,,,417966,123.67,0
465,1067.819,"Mount",0.060,-0.009,0.035,-0.049,-0.013,0.000,7,E,0,,,,429366,147.78,0
466,1069.970,"Mount",-0.005,0.004,-0.006,0.002,0.002,0.000,1,W,0,,,,435737,132.35,0
467,1072.277,"Mount",0.068,-0.014,0.044,-0.054,0.021,0.000,12,W,0,,,,413142,125.26,0
468,1074.459,"Mount",-0.069,0.027,-0.055,0.049,0.029,0.000,16,W,0,,,,426690,135.60,0
469,1076.844,"Mount",-0.105,-0.067,0.011,0.124,0.057,0.045,33,W,19,S,,,455843,133.78,0
470,1078.996,"Mount",0.054,-0.096,0.110,-0.004,0.121,0.000,69,W,0,,,,445612,143.42,0
471,1081.429,"Mount",-0.021,-0.092,0.072,0.061,0.101,0.022,58,W,9,S,,,442935,157.40,0
472,1083.595,"Mount",0.065,-0.061,0.085,-0.030,0.119,0.000,68,W,0,,,,421815,115.58,0
473,1085.981,"Mount",-0.006,-0.031,0.025,0.019,0.106,0.000,60,W,0,,,,442666,130.87,0
474,1088.148,"Mount",-0.023,0.006,-0.016,0.018,0.111,0.000,64,W,0,,,,432107,150.66,0
475,1090.512,"Mount",0.030,-0.073,0.078,0.007,0.148,0.000,85,W,0,,,,417981,135.53,0
476,1092.742,"Mount",0.005,0.082,-0.071,-0.042,0.077,0.000,44,W,0,,,,453428,151.67,0
477,1095.156,"Mount",0.043,0.045,-0.020,-0.059,0.105,0.000,60,W,0,,,,434053,137.57,0
478,1097.318,"Mount",0.037,-0.026,0.040,-0.020,0.097,0.000,55,W,0,,,,448759,148.12,0
479,1099.939,"Mount",-0.485,-0.487,0.209,0.655,0.185,0.236,105,W,101,S,,,434091,138.62,0
480,1102.258,"Mount",-0.179,-0.338,0.218,0.315,0.185,0.123,105,W,53,S,,,413145,129.35,0
481,1104.599,"Mount",-0.018,-0.056,0.041,0.041,0.090,0.000,51,W,0,,,,455716,132.03,0
482,1106.732,"Mount",-0.020,-0.037,0.024,0.035,0.066,0.000,38,W,0,,,,424683,127.35,0
483,1109.276,"Mount",-0.019,-0.371,0.321,0.188,0.200,0.068,115,W,29,S,,,447027,137.01,0
484,1111.504,"Mount",0.110,-0.130,0.166,-0.038,0.110,0.000,63,W,0,,,,433394,129.89,0
485,1113.899,"Mount",0.196,0.011,0.080,-0.179,0.054,-0.064,31,W,28,N,,,443983,138.07,0
486,1116.081,"Mount",-0.035,-0.101,0.074,0.078,0.040,0.025,23,W,11,S,,,439787,159.25,0
487,1118.408,"Mount",-0.034,0.045,-0.056,0.010,-0.005,0.000,3,E,0,,,,407989,130.53,0
488,1120.559,"Mount",-0.082,0.010,-0.047,0.069,-0.021,0.025,12,E,11,S,,,427292,125.45,0
489,1122.943,"Mount",-0.086,0.056,-0.089,0.050,-0.066,0.000,38,E,0,,,,465803,131.13,0
490,1125.237,"Mount",0.065,0.177,-0.127,-0.140,-0.082,-0.050,47,E,22,N,,,437334,144.55,0
491,1127.657,"Mount",-0.206,0.042,-0.132,0.163,-0.088,0.057,50,E,24,S,,,469423,171.75,0
492,1129.791,"Mount",-0.150,-0.057,-0.019,0.159,-0.012,0.060,7,E,26,S,,,414278,120.55,0
493,1132.143,"Mount",-0.050,-0.036,0.009,0.061,0.007,0.024,4,W,10,S,,,464972,135.86,0
494,1134.233,"Mount",0.016,0.047,-0.034,-0.036,0.025,0.000,14,W,0,,,,430148,123.30,0
495,1136.600,"Mount",0.161,0.024,0.053,-0.154,0.045,-0.055,26,W,24,N,,,434900,134.08,0
496,1138.824,"Mount",0.074,0.048,-0.009,-0.088,0.066,-0.034,37,W,14,N,,,462936,140.60,0
497,1141.243,"Mount",0.027,0.120,-0.094,-0.080,0.041,-0.030,23,W,13,N,,,442674,141.18,0
498,1143.486,"Mount",-0.157,0.092,-0.154,0.097,0.034,0.034,20,W,14,S,,,426038,150.46,0
499,1145.898,"Mount",-0.014,-0.072,0.057,0.046,0.128,0.000,73,W,0,,,,437470,144.57,0
500,1148.127,"Mount",-0.131,-0.026,-0.038,0.128,0.135,0.046,77,W,20,S,,,417746,134.28,0
501,1150.485,"Mount",-0.049,0.004,-0.026,0.041,0.155,0.000,89,W,0,,,,452393,140.12,0
502,1152.797,"Mount",-0.033,-0.068,0.045,0.061,0.151,0.022,86,W,9,S,,,436312,135.73,0
503,1155.248,"Mount",0.060,-0.243,0.244,0.059,0.263,0.000,150,W,0,,,,423966,145.55,0
504,1157.492,"Mount",-0.016,-0.113,0.093,0.067,0.181,0.024,104,W,10,S,,,449621,141.01,0
505,1159.990,"Mount",0.068,-0.195,0.204,0.030,0.244,0.000,139,W,0,,,,459112,133.89,0
506,1162.171,"Mount",0.023,-0.048,0.053,0.002,0.132,0.000,76,W,0,,,,455023,135.81,0
507,1164.527,"Mount",0.065,-0.029,0.056,-0.044,0.140,0.000,80,W,0,,,,442560,141.62,0
508,1166.787,"Mount",-0.054,-0.138,0.098,0.112,0.165,0.040,95,W,17,S,,,406332,126.06,0
509,1169.199,"Mount",0.030,-0.028,0.039,-0.014,0.131,0.000,75,W,0,,,,432883,139.81,0
510,1171.474,"Mount",0.039,-0.076,0.086,0.000,0.161,0.000,92,W,0,,,,430787,150.06,0
511,1174.022,"Mount",0.118,-0.394,0.404,0.077,0.309,0.028,176,W,12,S,,,442182,144.20,0
512,1176.159,"Mount",0.020,-0.031,0.037,-0.003,0.109,0.000,62,W,0,,,,431042,137.07,0
513,1178.499,"Mount",0.024,0.004,0.008,-0.023,0.098,0.000,56,W,0,,,,461060,149.50,0
514,1180.612,"Mount",0.028,0.050,-0.032,-0.048,0.084,0.000,48,W,0,,,,452900,151.97,0
515,1183.022,"Mount",0.070,0.080,-0.039,-0.099,0.070,-0.036,40,W,15,N,,,438314,128.72,0
516,1185.249,"Mount",0.068,0.002,0.030,-0.061,0.052,-0.024,30,W,10,N,,,428716,143.00,0
517,1187.620,"Mount",-0.065,0.000,-0.030,0.058,0.034,0.000,19,W,0,,,,450035,148.74,0
518,1189.829,"Mount",-0.190,0.041,-0.124,0.150,-0.024,0.054,14,E,23,S,,,450964,169.97,0
519,1192.180,"Mount",0.022,-0.004,0.014,-0.018,0.018,0.000,10,W,0,,,,432805,128.41,0
520,1194.373,"Mount",0.118,0.081,-0.018,-0.142,0.010,-0.051,6,W,22,N,,,445342,142.52,0
521,1196.722,"Mount",-0.052,0.102,-0.115,-0.001,-0.051,0.000,29,E,0,,,,442174,140.40,0
522,1198.912,"Mount",-0.124,0.010,-0.066,0.105,-0.032,0.038,18,E,16,S,,,417554,147.40,0
523,1201.314,"Mount",-0.048,-0.038,0.012,0.060,-0.005,0.023,3,E,10,S,,,447036,140.23,0
524,1203.553,"Mount",0.039,-0.218,0.211,0.066,0.092,0.025,53,W,11,S,,,437805,134.41,0
525,1205.979,"Mount",0.111,-0.004,0.055,-0.097,-0.001,-0.034,1,E,14,N,,,449063,152.65,0
526,1208.223,"Mount",0.146,-0.081,0.140,-0.092,0.069,-0.035,39,W,15,N,,,414220,129.71,0
527,1210.607,"Mount",-0.139,-0.102,0.026,0.171,0.019,0.060,11,W,26,S,,,424940,124.38,0
528,1212.697,"Mount",0.036,0.012,0.006,-0.038,0.023,0.000,13,W,0,,,,429897,133.83,0
529,1215.051,"Mount",-0.033,-0.018,0.001,0.037,0.031,0.000,18,W,0,,,,437972,150.55,0
530,1217.227,"Mount",-0.039,-0.114,0.083,0.087,0.067,0.031,38,W,13,S,,,445287,142.35,0
531,1219.661,"Mount",0.072,-0.092,0.115,-0.022,0.077,0.000,44,W,0,,,,434332,145.34,0
532,1221.806,"Mount",0.149,0.066,0.010,-0.162,0.016,-0.058,9,W,25,N,,,445780,166.66,0
533,1224.180,"Mount",0.069,-0.095,0.116,-0.017,0.067,0.000,38,W,0,,,,425423,132.04,0
534,1226.314,"Mount",0.020,-0.001,0.010,-0.017,0.006,0.000,3,W,0,,,,452437,144.02,0
535,1228.647,"Mount",-0.009,0.008,-0.011,0.005,-0.002,0.000,1,E,0,,,,449182,147.90,0
536,1230.746,"Mount",-0.020,-0.077,0.059,0.053,-0.002,0.000,1,E,0,,,,444358,130.80,0
537,1233.087,"Mount",-0.029,0.023,-0.034,0.015,-0.007,0.000,4,E,0,,,,442851,148.83,0
538,1235.245,"Mount",-0.105,-0.062,0.007,0.122,-0.014,0.044,8,E,19,S,,,434139,134.03,0
539,1237.586,"Mount",-0.007,-0.063,0.053,0.035,-0.015,0.000,8,E,0,,,,440738,145.20,0
540,1239.737,"Mount",0.015,-0.015,0.020,-0.006,-0.015,0.000,9,E,0,,,,431069,121.70,0
541,1242.071,"Mount",0.031,0.062,-0.041,-0.056,-0.022,0.000,13,E,0,,,,437216,156.44,0
542,1244.187,"Mount",-0.004,0.049,-0.046,-0.019,-0.010,0.000,6,E,0,,,,427963,139.86,0
543,1246.540,"Mount",0.071,0.037,-0.000,-0.080,-0.003,-0.029,2,E,12,N,,,432069,145.33,0
544,1248.694,"Mount",0.015,-0.064,0.064,0.016,0.031,0.000,18,W,0,,,,449684,157.52,0
545,1251.090,"Mount",-0.072,-0.030,-0.006,0.078,0.002,0.028,1,W,12,S,,,439541,136.50,0
546,1253.191,"Mount",-0.002,0.002,-0.002,0.001,0.009,0.000,5,W,0,,,,442228,129.85,0
547,1255.593,"Mount",-0.002,0.047,-0.043,-0.020,0.015,0.000,9,W,0,,,,449413,147.67,0
548,1257.803,"Mount",-0.036,-0.004,-0.013,0.034,0.017,0.000,10,W,0,,,,433807,137.08,0
549,1260.115,"Mount",0.032,-0.017,0.030,-0.021,0.016,0.000,9,W,0,,,,456350,150.98,0
550,1262.296,"Mount",-0.037,-0.094,0.066,0.076,0.043,0.027,25,W,12,S,,,428003,131.25,0
551,1264.698,"Mount",0.158,-0.108,0.168,-0.090,0.094,-0.031,54,W,13,N,,,427503,137.15,0
552,1266.802,"Mount",0.002,-0.086,0.077,0.038,0.054,0.000,31,W,0,,,,428717,137.57,0
553,1269.218,"Mount",-0.105,0.013,-0.060,0.087,0.028,0.031,16,W,13,S,,,434512,132.02,0
554,1271.409,"Mount",0.098,0.010,0.036,-0.092,0.030,-0.032,17,W,14,N,,,444730,144.82,0
555,1273.930,"Mount",0.076,-0.089,0.114,-0.027,0.075,0.000,43,W,0,,,,432527,135.70,0
556,1278.164,"Mount",0.048,-0.130,0.138,0.017,0.059,0.000,34,W,0,,,,462801,150.19,0
557,1280.304,"Mount",-0.029,-0.110,0.085,0.077,0.019,0.028,11,W,12,S,,,420224,132.90,0
INFO: SET LOCK POSITION, new lock pos = 581.711, 563.675
INFO: DITHER by 3.460, 3.644, new lock pos = 580.070, 558.926
INFO: SETTLING STATE CHANGE, Settling started
558,1286.190,"Mount",1.641,4.749,-3.460,-3.644,-3.460,-3.644,1978,E,1558,N,,,460301,143.88,0
559,1289.041,"Mount",-2.839,-1.356,-0.103,3.144,-0.046,1.132,27,E,484,S,,,446207,135.76,0
560,1291.345,"Mount",-0.616,-0.174,-0.129,0.626,-0.058,0.271,33,E,116,S,,,449770,148.28,0
561,1293.918,"Mount",0.160,0.656,-0.508,-0.445,-0.229,-0.149,131,E,64,N,,,433489,132.44,0
562,1296.181,"Mount",-0.324,0.186,-0.315,0.201,-0.142,0.066,81,E,28,S,,,409454,128.01,0
563,1298.631,"Mount",-0.315,0.215,-0.336,0.180,-0.151,0.068,86,E,29,S,,,437690,140.13,0
564,1300.860,"Mount",0.071,0.270,-0.207,-0.188,-0.093,-0.065,53,E,28,N,,,459032,151.41,0
565,1303.307,"Mount",0.043,0.237,-0.191,-0.147,-0.086,-0.056,49,E,24,N,,,445974,149.33,0
566,1305.658,"Mount",-0.239,0.171,-0.262,0.132,-0.118,0.045,67,E,19,S,,,438795,146.15,0
567,1308.047,"Mount",-0.149,0.208,-0.253,0.036,-0.114,0.000,65,E,0,,,,436689,136.49,0
568,1310.227,"Mount",-0.195,0.362,-0.411,0.005,-0.185,0.000,106,E,0,,,,445676,138.21,0
569,1312.733,"Mount",-0.229,0.156,-0.243,0.131,-0.202,0.047,115,E,20,S,,,432579,131.15,0
570,1314.990,"Mount",-0.061,0.093,-0.111,0.011,-0.138,0.000,79,E,0,,,,460661,130.55,0
571,1317.434,"Mount",-0.061,0.092,-0.110,0.012,-0.132,0.000,75,E,0,,,,420034,117.95,0
572,1319.742,"Mount",-0.056,0.309,-0.300,-0.093,-0.213,-0.033,122,E,14,N,,,446781,140.31,0
573,1322.158,"Mount",-0.170,0.126,-0.191,0.092,-0.154,0.032,88,E,14,S,,,446806,137.48,0
574,1324.356,"Mount",0.022,-0.147,0.140,0.049,-0.003,0.000,2,E,0,,,,438570,133.91,0
INFO: SETTLING STATE CHANGE, Settling complete
575,1326.711,"Mount",-0.025,0.056,-0.061,-0.004,-0.090,0.000,51,E,0,,,,430006,146.63,0
576,1328.841,"Mount",0.023,-0.035,0.041,-0.004,-0.062,0.000,36,E,0,,,,439583,120.97,0
577,1331.176,"Mount",-0.017,-0.009,0.001,0.019,-0.097,0.000,55,E,0,,,,453055,138.22,0
578,1333.277,"Mount",0.001,-0.077,0.069,0.035,-0.063,0.000,36,E,0,,,,444641,133.25,0
579,1335.630,"Mount",0.031,-0.039,0.049,-0.010,-0.112,0.000,64,E,0,,,,438708,157.37,0
580,1337.779,"Mount",0.025,0.023,-0.009,-0.033,-0.114,0.000,65,E,0,,,,462416,133.14,0
581,1340.243,"Mount",-0.112,-0.065,0.006,0.129,-0.133,0.046,76,E,20,S,,,449344,149.24,0
582,1342.391,"Mount",0.045,-0.101,0.111,0.007,-0.081,0.000,46,E,0,,,,423355,134.93,0
583,1344.803,"Mount",0.053,0.014,0.012,-0.054,-0.158,0.000,90,E,0,,,,458210,147.43,0
584,1346.997,"Mount",-0.028,0.069,-0.074,-0.007,-0.217,0.000,124,E,0,,,,439314,140.34,0
585,1349.478,"Mount",0.039,0.012,0.008,-0.040,-0.212,0.000,121,E,0,,,,442614,149.98,0
586,1351.676,"Mount",0.095,-0.172,0.196,-0.005,-0.128,0.000,73,E,0,,,,444558,135.92,0
587,1354.319,"Mount",0.071,0.029,0.007,-0.076,-0.228,-0.027,131,E,12,N,,,437498,140.55,0
588,1356.493,"Mount",0.039,-0.096,0.103,0.010,-0.161,0.000,92,E,0,,,,422892,135.42,0
589,1358.973,"Mount",-0.092,0.079,-0.113,0.045,-0.251,0.000,144,E,0,,,,451683,136.73,0
590,1361.290,"Mount",-0.093,0.030,-0.070,0.069,-0.208,0.025,119,E,11,S,,,433459,121.87,0
591,1363.725,"Mount",-0.011,0.006,-0.010,0.007,-0.167,0.000,96,E,0,,,,416294,120.86,0
592,1366.032,"Mount",-0.126,0.097,-0.144,0.067,-0.223,0.024,127,E,10,S,,,443028,133.22,0
593,1368.637,"Mount",0.017,0.206,-0.175,-0.111,-0.236,-0.039,135,E,17,N,,,440681,151.03,0
594,1370.834,"Mount",-0.071,0.062,-0.088,0.035,-0.181,0.000,104,E,0,,,,452584,143.84,0
595,1373.236,"Mount",-0.015,0.059,-0.059,-0.014,-0.139,0.000,79,E,0,,,,446056,149.75,0
596,1375.479,"Mount",-0.183,0.180,-0.244,0.079,-0.235,0.028,135,E,12,S,,,415207,128.75,0
597,1377.930,"Mount",-0.062,0.197,-0.203,-0.036,-0.215,0.000,123,E,0,,,,451993,133.10,0
598,1380.113,"Mount",-0.042,0.090,-0.099,-0.005,-0.160,0.000,91,E,0,,,,425514,132.81,0
599,1382.466,"Mount",-0.008,0.060,-0.057,-0.021,-0.113,0.000,65,E,0,,,,435044,122.97,0
600,1384.730,"Mount",0.045,-0.018,0.036,-0.031,-0.120,0.000,69,E,0,,,,472606,157.18,0
601,1387.131,"Mount",0.009,0.015,-0.009,-0.015,-0.135,0.000,77,E,0,,,,450229,148.86,0
602,1389.326,"Mount",-0.010,0.045,-0.045,-0.012,-0.131,0.000,75,E,0,,,,467931,149.80,0
603,1391.740,"Mount",-0.021,-0.012,0.002,0.024,-0.135,0.000,77,E,0,,,,435020,134.08,0
604,1393.992,"Mount",-0.078,-0.061,0.018,0.097,-0.124,0.035,71,E,15,S,,,437656,139.39,0
605,1396.422,"Mount",-0.036,-0.225,0.183,0.135,-0.023,0.050,13,E,21,S,,,441930,134.92,0
606,1398.540,"Mount",-0.009,-0.037,0.028,0.025,-0.089,0.000,51,E,0,,,,470915,155.12,0
607,1400.893,"Mount",0.019,-0.076,0.076,0.019,-0.047,0.000,27,E,0,,,,431405,139.32,0
608,1402.986,"Mount",0.046,-0.141,0.146,0.025,-0.004,0.000,2,E,0,,,,458889,131.23,0
609,1405.320,"Mount",-0.020,-0.059,0.043,0.045,-0.071,0.000,41,E,0,,,,436273,129.13,0
610,1407.518,"Mount",-0.013,-0.019,0.011,0.021,-0.054,0.000,31,E,0,,,,446030,154.90,0
611,1409.858,"Mount",0.015,-0.007,0.013,-0.010,-0.043,0.000,25,E,0,,,,459311,146.49,0
612,1411.960,"Mount",-0.046,0.062,-0.076,0.013,-0.056,0.000,32,E,0,,,,427529,135.11,0
613,1414.467,"Mount",-0.181,0.061,-0.138,0.132,-0.076,0.047,44,E,20,S,,,455769,147.28,0
614,1416.652,"Mount",-0.275,0.071,-0.190,0.211,-0.091,0.078,52,E,33,S,,,450983,130.04,0
615,1419.049,"Mount",-0.107,0.000,-0.050,0.095,0.002,0.037,1,W,16,S,,,427911,131.11,0
616,1421.179,"Mount",-0.110,0.117,-0.154,0.044,-0.043,0.000,25,E,0,,,,455708,139.34,0
617,1423.550,"Mount",-0.015,-0.041,0.030,0.033,0.043,0.000,25,W,0,,,,439918,140.71,0
618,1425.746,"Mount",-0.009,-0.115,0.098,0.061,0.099,0.022,57,W,9,S,,,449517,141.45,0
619,1428.175,"Mount",0.047,-0.080,0.093,-0.004,0.096,0.000,55,W,0,,,,441269,122.42,0
620,1430.374,"Mount",0.016,-0.030,0.034,-0.000,0.080,0.000,45,W,0,,,,435598,119.69,0
621,1432.745,"Mount",0.053,-0.073,0.089,-0.013,0.136,0.000,78,W,0,,,,440012,129.00,0
622,1434.878,"Mount",0.064,-0.023,0.050,-0.046,0.109,0.000,62,W,0,,,,434611,152.50,0
623,1437.308,"Mount",0.058,-0.109,0.124,-0.001,0.180,0.000,103,W,0,,,,450234,147.78,0
624,1439.638,"Mount",-0.815,-0.264,-0.141,0.845,0.061,0.304,35,W,130,S,,,448509,137.66,0
625,1441.974,"Mount",0.039,0.007,0.012,-0.037,0.129,0.000,74,W,0,,,,424269,124.01,0
626,1444.132,"Mount",0.016,-0.037,0.040,0.003,0.117,0.000,67,W,0,,,,436901,128.40,0
627,1446.513,"Mount",0.064,-0.070,0.092,-0.024,0.160,0.000,92,W,0,,,,426695,136.44,0
628,1448.708,"Mount",-0.074,-0.006,-0.029,0.069,0.109,0.025,62,W,11,S,,,429385,118.71,0
629,1451.160,"Mount",0.060,0.070,-0.034,-0.085,0.099,-0.030,57,W,13,N,,,413750,132.01,0
630,1453.329,"Mount",-0.011,0.024,-0.027,-0.001,0.075,0.000,43,W,0,,,,429022,148.13,0
631,1455.776,"Mount",0.064,-0.017,0.045,-0.049,0.058,0.000,33,W,0,,,,439259,125.84,0
632,1458.003,"Mount",0.078,-0.074,0.101,-0.036,0.079,0.000,45,W,0,,,,431053,130.28,0
633,1460.339,"Mount",0.119,-0.114,0.155,-0.053,0.081,0.000,47,W,0,,,,407942,130.86,0
634,1462.427,"Mount",0.023,-0.029,0.036,-0.007,0.001,0.000,1,W,0,,,,433692,147.33,0
635,1464.729,"Mount",0.041,-0.104,0.111,0.011,0.040,0.000,23,W,0,,,,451318,148.13,0
636,1466.901,"Mount",0.038,0.068,-0.043,-0.065,-0.015,-0.023,9,E,10,N,,,454932,146.59,0
637,1469.272,"Mount",-0.032,-0.105,0.079,0.077,0.020,0.027,11,W,11,S,,,442211,132.18,0
638,1471.390,"Mount",-0.102,0.094,-0.130,0.047,-0.069,0.000,39,E,0,,,,415290,152.50,0
639,1473.682,"Mount",0.003,0.052,-0.044,-0.026,-0.006,0.000,3,E,0,,,,464598,150.00,0
640,1475.781,"Mount",0.052,-0.026,0.047,-0.034,-0.003,0.000,1,E,0,,,,461773,149.55,0
641,1478.068,"Mount",0.011,0.058,-0.046,-0.036,0.008,0.000,5,W,0,,,,451626,138.15,0
642,1480.165,"Mount",-0.006,0.051,-0.048,-0.018,0.018,0.000,10,W,0,,,,449009,144.30,0
643,1482.467,"Mount",0.054,-0.018,0.041,-0.040,0.033,0.000,19,W,0,,,,461881,141.30,0
644,1484.584,"Mount",0.073,-0.046,0.074,-0.043,0.082,0.000,47,W,0,,,,441258,136.46,0
645,1486.884,"Mount",-0.017,0.080,-0.079,-0.022,0.028,0.000,16,W,0,,,,446783,134.79,0
646,1489.227,"Mount",-0.674,-0.231,-0.106,0.704,0.037,0.254,21,W,108,S,,,451749,157.72,0
647,1491.623,"Mount",-0.020,0.042,-0.046,-0.002,0.118,0.000,67,W,0,,,,436825,142.56,0
648,1493.830,"Mount",-0.019,0.028,-0.034,0.004,0.126,0.000,72,W,0,,,,469003,143.11,0
649,1496.339,"Mount",0.079,0.030,0.010,-0.084,0.146,-0.030,83,W,13,N,,,419572,126.80,0
650,1498.490,"Mount",-0.037,0.053,-0.064,0.009,0.132,0.000,76,W,0,,,,455210,135.15,0
651,1500.954,"Mount",0.030,0.027,-0.011,-0.039,0.174,0.000,100,W,0,,,,412524,129.85,0
652,1503.166,"Mount",0.009,-0.016,0.018,-0.001,0.166,0.000,95,W,0,,,,408147,144.93,0
653,1505.806,"Mount",0.002,-0.102,0.091,0.045,0.198,0.000,113,W,0,,,,448555,147.51,0
654,1508.047,"Mount",0.018,-0.101,0.098,0.031,0.186,0.000,106,W,0,,,,449094,142.47,0
655,1510.415,"Mount",-0.001,-0.027,0.024,0.014,0.124,0.000,71,W,0,,,,475760,144.04,0
656,1512.553,"Mount",-0.045,-0.010,-0.012,0.045,0.108,0.000,62,W,0,,,,439298,125.69,0
657,1515.110,"Mount",-0.204,-0.244,0.123,0.294,0.162,0.106,93,W,45,S,,,432859,138.41,0
658,1517.348,"Mount",0.008,-0.127,0.117,0.051,0.158,0.000,90,W,0,,,,440031,139.48,0
659,1519.723,"Mount",0.029,-0.042,0.050,-0.006,0.110,0.000,63,W,0,,,,444423,134.01,0
660,1521.979,"Mount",-0.077,-0.238,0.176,0.179,0.189,0.064,108,W,28,S,,,409978,129.97,0
661,1524.535,"Mount",0.148,-0.089,0.147,-0.090,0.190,-0.030,109,W,13,N,,,435114,129.04,0
662,1526.760,"Mount",-0.002,0.021,-0.019,-0.008,0.115,0.000,66,W,0,,,,441911,153.98,0
663,1529.148,"Mount",0.070,-0.199,0.208,0.030,0.206,0.000,118,W,0,,,,454367,147.24,0
664,1531.262,"Mount",-0.013,0.001,-0.007,0.011,0.089,0.000,51,W,0,,,,425367,134.87,0
665,1533.629,"Mount",0.026,-0.017,0.027,-0.016,0.074,0.000,42,W,0,,,,425980,125.86,0
666,1535.714,"Mount",-0.036,0.055,-0.065,0.007,0.023,0.000,13,W,0,,,,454994,148.92,0
667,1538.000,"Mount",-0.020,0.067,-0.069,-0.013,0.000,0.000,0,,0,,,,428962,132.10,0
668,1540.062,"Mount",-0.033,-0.054,0.033,0.054,0.015,0.000,9,W,0,,,,442373,146.04,0
669,1542.366,"Mount",-0.008,0.071,-0.067,-0.026,-0.027,0.000,15,E,0,,,,450592,144.31,0
670,1544.579,"Mount",-0.375,-0.110,-0.075,0.383,-0.042,0.138,24,E,59,S,,,439958,139.02,0
671,1546.871,"Mount",0.001,0.019,-0.016,-0.009,-0.009,0.000,5,E,0,,,,421858,124.74,0
672,1549.006,"Mount",0.050,0.041,-0.014,-0.063,-0.011,-0.023,6,E,10,N,,,421765,141.04,0
673,1551.367,"Mount",-0.077,-0.014,-0.023,0.075,-0.010,0.026,6,E,11,S,,,419660,115.57,0
674,1553.468,"Mount",-0.002,0.046,-0.041,-0.019,0.006,0.000,3,W,0,,,,424597,135.80,0
675,1555.776,"Mount",0.039,0.054,-0.030,-0.059,0.013,0.000,8,W,0,,,,418175,131.75,0
676,1557.865,"Mount",-0.031,-0.070,0.048,0.060,0.022,0.000,12,W,0,,,,403374,119.93,0
677,1560.211,"Mount",-0.018,-0.056,0.041,0.042,0.034,0.000,20,W,0,,,,452877,143.40,0
678,1562.357,"Mount",0.050,0.044,-0.016,-0.065,0.030,-0.023,17,W,10,N,,,463132,142.18,0
679,1564.806,"Mount",-0.055,-0.142,0.101,0.114,0.081,0.040,46,W,17,S,,,406374,122.76,0
680,1566.968,"Mount",0.008,-0.181,0.165,0.076,0.101,0.029,58,W,12,S,,,400701,127.54,0
681,1569.339,"Mount",-0.008,0.035,-0.034,-0.009,0.021,0.000,12,W,0,,,,429765,135.88,0
682,1571.691,"Mount",0.106,0.024,0.027,-0.105,0.015,-0.038,9,W,16,N,,,431207,137.85,0
683,1574.153,"Mount",0.002,-0.147,0.131,0.066,0.067,0.022,38,W,10,S,,,440274,130.22,0
684,1576.409,"Mount",-0.034,-0.146,0.113,0.098,0.049,0.036,28,W,15,S,,,446675,127.42,0
685,1578.827,"Mount",0.034,-0.018,0.032,-0.022,0.002,0.000,1,W,0,,,,419926,125.10,0
686,1580.991,"Mount",0.064,-0.214,0.219,0.042,0.102,0.000,59,W,0,,,,432899,136.15,0
687,1583.310,"Mount",0.029,0.071,-0.050,-0.059,0.007,0.000,4,W,0,,,,428688,147.39,0
688,1585.398,"Mount",0.020,-0.016,0.023,-0.010,-0.001,0.000,0,,0,,,,451086,138.13,0
689,1587.749,"Mount",-0.016,-0.020,0.010,0.024,-0.010,0.000,6,E,0,,,,433987,127.07,0
690,1589.976,"Mount",-0.034,0.123,-0.125,-0.026,-0.065,0.000,37,E,0,,,,418716,129.34,0
691,1592.265,"Mount",0.039,0.033,-0.011,-0.050,-0.007,0.000,4,E,0,,,,410304,125.40,0
692,1594.401,"Mount",0.004,0.002,-0.000,-0.005,-0.008,0.000,5,E,0,,,,425958,126.08,0
693,1596.890,"Mount",-0.625,-0.173,-0.134,0.634,-0.064,0.228,37,E,98,S,,,446366,139.15,0
694,1598.958,"Mount",-0.001,-0.008,0.006,0.005,0.002,0.000,1,W,0,,,,438087,137.88,0
695,1601.357,"Mount",0.044,0.096,-0.065,-0.083,-0.020,-0.030,12,E,13,N,,,427127,132.50,0
696,1603.461,"Mount",-0.005,0.103,-0.094,-0.043,-0.031,0.000,18,E,0,,,,442628,136.66,0
697,1605.788,"Mount",0.020,0.009,0.002,-0.022,0.012,0.000,7,W,0,,,,444499,132.18,0
698,1607.903,"Mount",-0.021,-0.022,0.010,0.029,0.017,0.000,10,W,0,,,,439127,120.00,0
699,1610.245,"Mount",-0.001,0.024,-0.022,-0.010,0.019,0.000,11,W,0,,,,404460,119.52,0
700,1612.328,"Mount",-0.012,0.004,-0.009,0.009,0.015,0.000,9,W,0,,,,412579,146.09,0
701,1614.702,"Mount",0.043,-0.073,0.084,-0.004,0.063,0.000,36,W,0,,,,445447,146.16,0
702,1616.788,"Mount",0.013,-0.016,0.021,-0.005,0.029,0.000,17,W,0,,,,429592,148.66,0
703,1619.231,"Mount",-0.038,-0.096,0.068,0.078,0.062,0.028,36,W,12,S,,,431897,134.93,0
704,1621.425,"Mount",0.064,-0.058,0.081,-0.030,0.059,0.000,34,W,0,,,,407461,139.75,0
705,1623.938,"Mount",0.050,-0.040,0.058,-0.026,0.008,0.000,4,W,0,,,,432839,123.97,0
706,1626.133,"Mount",-0.082,-0.035,-0.007,0.089,-0.015,0.032,8,E,14,S,,,421190,141.97,0
707,1628.505,"Mount",0.176,-0.080,0.152,-0.120,0.034,-0.042,19,W,18,N,,,428349,137.55,0
708,1630.636,"Mount",0.023,-0.066,0.069,0.009,-0.016,0.000,9,E,0,,,,432876,161.70,0
709,1633.068,"Mount",-0.057,-0.151,0.108,0.120,-0.019,0.043,11,E,18,S,,,419548,130.23,0
710,1635.202,"Mount",0.068,-0.096,0.116,-0.016,-0.024,0.000,14,E,0,,,,422201,124.92,0
711,1637.600,"Mount",0.097,-0.154,0.181,-0.015,0.001,0.000,1,W,0,,,,435507,134.52,0
712,1639.873,"Mount",0.041,0.000,0.019,-0.037,-0.089,0.000,51,E,0,,,,432913,135.95,0
713,1642.294,"Mount",0.068,0.122,-0.077,-0.117,-0.144,-0.042,83,E,18,N,,,421668,140.55,0
714,1644.425,"Mount",-0.041,-0.034,0.012,0.052,-0.101,0.000,58,E,0,,,,434797,137.36,0
715,1646.812,"Mount",-0.063,0.047,-0.070,0.034,-0.129,0.000,74,E,0,,,,422820,131.49,0
716,1648.979,"Mount",-0.045,-0.024,0.001,0.051,-0.091,0.000,52,E,0,,,,452717,163.77,0
717,1651.353,"Mount",-0.038,-0.049,0.026,0.056,-0.091,0.000,52,E,0,,,,444916,141.47,0
718,1653.571,"Mount",-0.107,0.070,-0.112,0.062,-0.142,0.022,81,E,10,S,,,418394,128.37,0
719,1656.083,"Mount",0.006,0.127,-0.110,-0.064,-0.150,-0.022,86,E,9,N,,,440461,149.45,0
720,1658.312,"Mount",-0.149,0.223,-0.267,0.029,-0.218,0.000,124,E,0,,,,441574,177.69,0
721,1660.780,"Mount",-0.051,0.035,-0.055,0.029,-0.100,0.000,57,E,0,,,,424273,131.04,0
722,1663.041,"Mount",-0.036,-0.074,0.049,0.066,-0.092,0.024,52,E,10,S,,,417033,123.69,0
723,1665.404,"Mount",0.150,-0.087,0.146,-0.093,-0.032,-0.032,18,E,14,N,,,404796,127.56,0
724,1667.495,"Mount",0.020,-0.069,0.070,0.014,-0.055,0.000,31,E,0,,,,425119,132.44,0
725,1669.925,"Mount",-0.111,-0.020,-0.033,0.108,-0.050,0.039,29,E,17,S,,,450694,147.84,0
726,1672.044,"Mount",-0.052,0.010,-0.033,0.042,-0.046,0.000,26,E,0,,,,436726,126.52,0
727,1674.400,"Mount",0.039,0.002,0.016,-0.035,-0.041,0.000,24,E,0,,,,448925,153.97,0
728,1676.503,"Mount",-0.028,-0.037,0.021,0.042,-0.055,0.000,32,E,0,,,,429196,150.39,0
729,1678.888,"Mount",-0.004,-0.113,0.099,0.056,-0.031,0.000,18,E,0,,,,408714,125.05,0
730,1680.992,"Mount",0.066,-0.126,0.142,-0.001,-0.017,0.000,10,E,0,,,,426950,125.25,0
731,1683.441,"Mount",-0.000,-0.139,0.123,0.064,-0.040,0.023,23,E,10,S,,,422108,127.38,0
732,1685.647,"Mount",0.019,-0.056,0.058,0.009,-0.102,0.000,58,E,0,,,,455041,157.91,0
733,1687.978,"Mount",0.076,-0.197,0.210,0.023,-0.007,0.000,4,E,0,,,,412599,114.64,0
734,1690.222,"Mount",-0.130,-0.071,0.003,0.148,-0.116,0.053,67,E,23,S,,,442434,137.07,0
735,1692.759,"Mount",-0.105,0.018,-0.064,0.085,-0.186,0.033,107,E,14,S,,,395157,125.82,0
736,1695.069,"Mount",-0.007,0.077,-0.072,-0.029,-0.212,0.000,121,E,0,,,,398133,150.65,0
737,1697.518,"Mount",-0.012,-0.032,0.023,0.026,-0.207,0.000,118,E,0,,,,422611,133.26,0
738,1699.727,"Mount",0.026,0.036,-0.020,-0.040,-0.218,0.000,124,E,0,,,,417041,141.23,0
739,1702.208,"Mount",-0.003,0.011,-0.012,-0.002,-0.227,0.000,130,E,0,,,,402672,137.24,0
740,1704.499,"Mount",-0.005,0.100,-0.091,-0.042,-0.262,0.000,150,E,0,,,,407889,137.23,0
741,1707.054,"Mount",0.039,0.119,-0.088,-0.089,-0.240,-0.032,137,E,14,N,,,393899,120.21,0
742,1709.343,"Mount",0.057,0.134,-0.093,-0.113,-0.231,-0.042,132,E,18,N,,,412590,124.92,0
743,1711.805,"Mount",-0.084,0.120,-0.145,0.019,-0.252,0.000,144,E,0,,,,411220,124.19,0
744,1714.052,"Mount",-0.093,0.046,-0.084,0.061,-0.199,0.022,114,E,9,S,,,400202,147.39,0
745,1716.529,"Mount",-0.145,0.155,-0.204,0.058,-0.252,0.000,144,E,0,,,,393364,134.63,0
746,1718.776,"Mount",-0.098,0.070,-0.108,0.055,-0.190,0.000,109,E,0,,,,392157,129.99,0
747,1721.230,"Mount",-0.061,-0.047,0.014,0.075,-0.138,0.027,79,E,12,S,,,373264,128.86,0
748,1723.442,"Mount",-0.036,0.096,-0.102,-0.012,-0.180,0.000,103,E,0,,,,376668,119.89,0
749,1725.899,"Mount",-0.011,-0.037,0.028,0.027,-0.139,0.000,79,E,0,,,,383949,131.86,0
750,1728.114,"Mount",-0.024,-0.006,-0.006,0.024,-0.141,0.000,81,E,0,,,,402378,134.73,0
751,1730.579,"Mount",-0.111,-0.014,-0.039,0.104,-0.138,0.038,79,E,16,S,,,384307,137.49,0
752,1732.802,"Mount",-0.083,0.001,-0.039,0.073,-0.139,0.028,79,E,12,S,,,354560,109.24,0
753,1735.227,"Mount",0.021,-0.003,0.012,-0.017,-0.138,0.000,79,E,0,,,,380805,114.45,0
754,1737.437,"Mount",0.003,-0.065,0.059,0.027,-0.128,0.000,73,E,0,,,,393601,121.80,0
755,1739.865,"Mount",0.025,-0.052,0.058,0.002,-0.116,0.000,67,E,0,,,,373829,124.90,0
756,1741.967,"Mount",0.040,-0.078,0.088,0.001,-0.054,0.000,31,E,0,,,,393625,143.28,0
757,1744.383,"Mount",0.043,-0.061,0.074,-0.010,-0.052,0.000,30,E,0,,,,391974,138.51,0
758,1746.458,"Mount",0.097,-0.135,0.165,-0.024,0.009,0.000,5,W,0,,,,385483,138.36,0
759,1748.814,"Mount",0.077,-0.117,0.139,-0.014,-0.011,0.000,7,E,0,,,,382960,127.54,0
760,1750.950,"Mount",-0.014,-0.048,0.037,0.035,-0.070,0.000,40,E,0,,,,376082,129.15,0
761,1753.461,"Mount",-0.504,-0.400,0.123,0.632,-0.022,0.228,12,E,97,S,,,369846,145.58,0
762,1755.813,"Mount",-0.215,-0.223,0.099,0.293,-0.022,0.115,13,E,49,S,,,352971,111.75,0
763,1758.120,"Mount",0.048,-0.010,0.031,-0.038,-0.067,0.000,38,E,0,,,,354235,117.17,0
764,1760.217,"Mount",0.087,-0.040,0.076,-0.058,-0.006,0.000,4,E,0,,,,342871,109.80,0
765,1762.527,"Mount",0.090,-0.107,0.136,-0.030,0.031,0.000,18,W,0,,,,333103,119.53,0
766,1764.707,"Mount",0.072,0.036,0.001,-0.081,-0.016,-0.029,9,E,12,N,,,339632,120.98,0
767,1767.109,"Mount",0.186,-0.088,0.164,-0.124,0.081,-0.046,46,W,20,N,,,358458,118.99,0
768,1769.212,"Mount",-0.028,0.030,-0.040,0.011,0.039,0.000,22,W,0,,,,360442,118.16,0
769,1771.600,"Mount",0.014,0.051,-0.039,-0.036,0.057,0.000,33,W,0,,,,375803,143.76,0
770,1773.750,"Mount",-0.037,-0.025,0.005,0.044,0.051,0.000,29,W,0,,,,375094,122.32,0
771,1776.138,"Mount",0.019,0.057,-0.042,-0.044,0.070,0.000,40,W,0,,,,391215,126.64,0
772,1778.288,"Mount",0.027,-0.088,0.091,0.016,0.119,0.000,68,W,0,,,,373330,122.91,0
773,1780.701,"Mount",-0.110,0.015,-0.064,0.090,0.065,0.032,37,W,14,S,,,370932,113.68,0
774,1782.889,"Mount",0.023,-0.107,0.106,0.029,0.157,0.000,90,W,0,,,,402536,146.55,0
775,1785.294,"Mount",0.033,-0.007,0.022,-0.026,0.122,0.000,70,W,0,,,,368587,116.59,0
776,1787.427,"Mount",-0.010,0.013,-0.017,0.003,0.114,0.000,65,W,0,,,,371546,139.22,0
777,1789.803,"Mount",-0.071,0.075,-0.099,0.029,0.082,0.000,47,W,0,,,,347308,118.53,0
778,1791.929,"Mount",-0.039,-0.011,-0.009,0.040,0.113,0.000,64,W,0,,,,370556,121.97,0
779,1794.374,"Mount",-0.010,-0.074,0.062,0.043,0.146,0.000,84,W,0,,,,354118,123.62,0
780,1796.632,"Mount",-0.035,-0.164,0.130,0.107,0.160,0.039,92,W,16,S,,,344425,109.66,0
781,1799.017,"Mount",0.032,-0.114,0.116,0.024,0.149,0.000,85,W,0,,,,370610,122.87,0
782,1801.245,"Mount",-0.013,-0.166,0.142,0.088,0.141,0.032,80,W,14,S,,,344322,128.53,0
783,1803.732,"Mount",0.106,-0.062,0.104,-0.066,0.116,-0.022,66,W,10,N,,,368175,132.27,0
784,1806.066,"Mount",0.011,-0.184,0.168,0.075,0.124,0.026,71,W,11,S,,,382949,112.18,0
785,1808.445,"Mount",0.059,-0.109,0.124,-0.002,0.090,0.000,51,W,0,,,,354509,116.87,0
786,1810.522,"Mount",-0.017,-0.055,0.041,0.040,0.022,0.000,13,W,0,,,,389310,126.85,0
787,1812.901,"Mount",0.043,-0.056,0.069,-0.012,0.039,0.000,22,W,0,,,,365643,122.32,0
788,1815.020,"Mount",-0.006,0.026,-0.026,-0.007,0.006,0.000,4,W,0,,,,372405,126.35,0
789,1817.446,"Mount",-0.131,0.028,-0.085,0.104,-0.036,0.037,20,E,16,S,,,369446,115.15,0
790,1819.719,"Mount",-0.143,0.097,-0.152,0.082,-0.084,0.031,48,E,13,S,,,381328,147.59,0
791,1822.036,"Mount",-0.002,0.124,-0.111,-0.056,-0.063,0.000,36,E,0,,,,379915,120.02,0
792,1824.186,"Mount",-0.027,0.026,-0.036,0.012,-0.009,0.000,5,E,0,,,,377054,145.69,0
793,1826.553,"Mount",-0.031,0.069,-0.076,-0.004,-0.034,0.000,20,E,0,,,,366398,131.66,0
794,1828.752,"Mount",-0.050,0.086,-0.099,0.005,-0.027,0.000,16,E,0,,,,386452,130.41,0
795,1831.054,"Mount",0.003,0.022,-0.018,-0.013,0.033,0.000,19,W,0,,,,397604,132.70,0
796,1833.170,"Mount",-0.032,0.077,-0.083,-0.007,0.017,0.000,9,W,0,,,,406454,149.24,0
797,1835.535,"Mount",-0.110,0.077,-0.119,0.062,0.016,0.022,9,W,9,S,,,390338,120.28,0
798,1837.698,"Mount",0.034,-0.073,0.080,0.003,0.125,0.000,72,W,0,,,,401970,128.39,0
799,1840.067,"Mount",-0.013,-0.078,0.063,0.047,0.150,0.000,86,W,0,,,,394505,152.36,0
800,1842.425,"Mount",-0.601,-0.476,0.145,0.753,0.197,0.271,112,W,116,S,,,360403,135.97,0
801,1844.873,"Mount",-0.027,-0.015,0.001,0.031,0.173,0.000,99,W,0,,,,386291,121.53,0
802,1847.039,"Mount",0.016,-0.058,0.059,0.013,0.166,0.000,95,W,0,,,,391028,126.18,0
803,1849.500,"Mount",0.045,-0.075,0.087,-0.006,0.208,0.000,119,W,0,,,,378777,125.79,0
804,1851.711,"Mount",-0.068,-0.032,-0.003,0.075,0.151,0.027,86,W,12,S,,,416291,125.79,0
805,1854.128,"Mount",-0.000,-0.003,0.003,0.002,0.147,0.000,84,W,0,,,,414364,153.39,0
806,1856.463,"Mount",0.164,0.083,0.002,-0.184,0.138,-0.066,79,W,28,N,,,376637,114.18,0
807,1858.941,"Mount",-0.061,-0.234,0.180,0.163,0.199,0.056,114,W,24,S,,,381057,143.24,0
808,1861.170,"Mount",0.017,-0.218,0.201,0.086,0.208,0.033,119,W,14,S,,,370100,124.13,0
809,1863.729,"Mount",-0.006,-0.281,0.246,0.135,0.246,0.050,140,W,21,S,,,413883,132.57,0
810,1866.022,"Mount",0.186,-0.011,0.096,-0.160,0.185,-0.056,106,W,24,N,,,375923,120.88,0
811,1868.473,"Mount",0.084,-0.141,0.164,-0.010,0.237,0.000,135,W,0,,,,374469,129.64,0
812,1870.666,"Mount",0.056,-0.084,0.100,-0.011,0.203,0.000,116,W,0,,,,399099,151.13,0
813,1873.111,"Mount",0.056,-0.037,0.059,-0.032,0.151,0.000,86,W,0,,,,386839,144.89,0
814,1875.326,"Mount",0.027,-0.100,0.101,0.022,0.167,0.000,95,W,0,,,,392223,134.40,0
815,1877.839,"Mount",0.057,-0.014,0.039,-0.044,0.103,0.000,59,W,0,,,,380191,119.38,0
816,1880.057,"Mount",-0.047,0.053,-0.068,0.017,0.034,0.000,20,W,0,,,,396371,127.87,0
817,1882.380,"Mount",-0.071,0.044,-0.071,0.042,0.006,0.000,4,W,0,,,,403323,160.38,0
818,1884.540,"Mount",-0.141,0.124,-0.175,0.068,-0.061,0.024,35,E,10,S,,,382268,122.68,0
819,1886.781,"Mount",-0.022,0.054,-0.058,-0.005,0.001,0.000,0,,0,,,,413535,125.10,0
820,1888.920,"Mount",-0.050,0.082,-0.096,0.006,-0.045,0.000,26,E,0,,,,380122,127.92,0
821,1891.276,"Mount",-0.022,0.131,-0.126,-0.041,-0.062,0.000,36,E,0,,,,405498,134.79,0
822,1893.376,"Mount",-0.041,0.043,-0.057,0.016,0.006,0.000,3,W,0,,,,405714,137.59,0
823,1895.776,"Mount",0.058,0.059,-0.026,-0.079,0.002,-0.028,1,W,12,N,,,401730,138.68,0
824,1898.009,"Mount",0.063,0.082,-0.044,-0.094,0.004,-0.035,2,W,15,N,,,344133,122.39,0
825,1900.409,"Mount",-0.103,-0.043,-0.009,0.111,0.018,0.039,10,W,16,S,,,400803,127.78,0
826,1902.554,"Mount",-0.098,-0.004,-0.041,0.089,0.023,0.034,13,W,14,S,,,370656,120.42,0
827,1904.916,"Mount",0.013,0.036,-0.026,-0.028,0.023,0.000,13,W,0,,,,410707,137.80,0
828,1907.109,"Mount",0.030,-0.068,0.074,0.004,0.064,0.000,37,W,0,,,,404243,134.52,0
829,1909.465,"Mount",0.037,-0.007,0.023,-0.029,0.034,0.000,19,W,0,,,,389174,135.52,0
830,1911.674,"Mount",0.017,-0.067,0.068,0.016,0.058,0.000,33,W,0,,,,403569,131.43,0
831,1914.013,"Mount",0.019,-0.126,0.121,0.041,0.091,0.000,52,W,0,,,,397273,128.93,0
832,1916.069,"Mount",-0.051,0.061,-0.077,0.018,0.001,0.000,0,,0,,,,404509,147.82,0
833,1918.403,"Mount",-0.008,-0.001,-0.003,0.008,0.037,0.000,21,W,0,,,,421598,155.92,0
834,1920.551,"Mount",-0.080,-0.027,-0.013,0.084,0.030,0.030,17,W,13,S,,,383856,126.99,0
835,1922.888,"Mount",-0.096,0.000,-0.044,0.085,0.017,0.032,10,W,14,S,,,409905,129.96,0
836,1924.959,"Mount",-0.047,-0.007,-0.015,0.044,0.010,0.000,6,W,0,,,,395733,130.50,0
837,1927.250,"Mount",0.017,-0.006,0.013,-0.012,0.008,0.000,5,W,0,,,,338351,115.97,0
838,1929.384,"Mount",-0.031,0.096,-0.100,-0.017,-0.040,0.000,23,E,0,,,,418652,131.26,0
839,1931.862,"Mount",0.058,-0.004,0.030,-0.049,-0.002,0.000,1,E,0,,,,420818,125.39,0
INFO: SET LOCK POSITION, new lock pos = 580.070, 558.926
INFO: DITHER by -11.348, 5.544, new lock pos = 569.923, 566.447
INFO: SETTLING STATE CHANGE, Settling started
840,1942.851,"Mount",10.146,-7.521,11.348,-5.544,11.348,-5.544,6488,W,2371,N,,,402294,118.87,0
841,1945.773,"Mount",-1.132,-1.715,1.001,1.796,0.450,0.646,258,W,277,S,,,401188,128.82,0
842,1948.178,"Mount",-0.323,-0.781,0.544,0.647,0.245,0.259,140,W,111,S,,,390513,132.92,0
843,1950.782,"Mount",0.821,0.220,0.183,-0.830,0.082,-0.288,47,W,123,N,,,423846,127.55,0
844,1953.027,"Mount",0.364,0.031,0.140,-0.338,0.063,-0.133,36,W,57,N,,,425122,128.28,0
845,1955.487,"Mount",-0.103,-0.271,0.193,0.216,0.087,0.073,50,W,31,S,,,387370,117.43,0
846,1957.794,"Mount",-0.262,-0.174,0.033,0.313,0.015,0.116,9,W,49,S,,,414653,133.44,0
847,1960.193,"Mount",0.140,-0.185,0.228,-0.039,0.103,0.000,59,W,0,,,,431492,156.88,0
848,1962.328,"Mount",0.051,-0.108,0.119,0.004,0.054,0.000,31,W,0,,,,449104,162.65,0
849,1964.823,"Mount",0.258,-0.245,0.336,-0.116,0.151,-0.042,86,W,18,N,,,434821,139.13,0
850,1966.893,"Mount",-0.034,0.089,-0.094,-0.011,-0.043,0.000,24,E,0,,,,393175,124.61,0
851,1969.232,"Mount",-0.033,0.128,-0.129,-0.030,-0.025,0.000,14,E,0,,,,408077,134.63,0
852,1971.369,"Mount",0.024,-0.050,0.055,0.002,0.021,0.000,12,W,0,,,,409673,137.08,0
853,1973.850,"Mount",0.079,0.003,0.033,-0.072,0.012,-0.026,7,W,11,N,,,410907,134.04,0
854,1976.061,"Mount",0.026,-0.115,0.114,0.030,0.046,0.000,26,W,0,,,,382480,120.63,0
855,1978.443,"Mount",-0.137,-0.022,-0.043,0.132,-0.016,0.047,9,E,20,S,,,429089,145.68,0
INFO: SETTLING STATE CHANGE, Settling complete
856,1980.534,"Mount",-0.053,0.074,-0.090,0.012,-0.071,0.000,41,E,0,,,,420272,128.27,0
857,1982.873,"Mount",-0.034,-0.089,0.063,0.071,-0.015,0.026,8,E,11,S,,,438751,146.82,0
858,1984.990,"Mount",0.004,0.008,-0.005,-0.008,-0.037,0.000,21,E,0,,,,409466,140.91,0
859,1987.326,"Mount",0.047,-0.014,0.034,-0.035,-0.058,0.000,33,E,0,,,,432093,133.54,0
860,1989.555,"Mount",0.007,0.151,-0.131,-0.077,-0.140,-0.028,80,E,12,N,,,409848,149.42,0
861,1991.976,"Mount",-0.180,0.219,-0.277,0.058,-0.217,0.000,124,E,0,,,,448106,182.16,0
862,1994.188,"Mount",-0.090,0.115,-0.144,0.027,-0.162,0.000,93,E,0,,,,464773,154.27,0
863,1996.528,"Mount",-0.007,-0.063,0.052,0.035,-0.094,0.000,54,E,0,,,,386367,124.53,0
864,1998.740,"Mount",-0.099,-0.006,-0.040,0.091,-0.096,0.033,55,E,14,S,,,428581,140.30,0
865,2001.198,"Mount",-0.030,0.082,-0.087,-0.011,-0.149,0.000,85,E,0,,,,426782,130.11,0
866,2003.385,"Mount",0.008,0.026,-0.019,-0.019,-0.101,0.000,58,E,0,,,,441923,132.77,0
867,2005.921,"Mount",0.055,0.093,-0.057,-0.091,-0.108,-0.033,62,E,14,N,,,424802,123.03,0
868,2008.070,"Mount",0.032,0.018,-0.001,-0.037,-0.097,0.000,56,E,0,,,,431143,150.63,0
869,2010.474,"Mount",-0.087,0.024,-0.061,0.066,-0.115,0.024,66,E,10,S,,,419055,141.60,0
870,2012.577,"Mount",0.002,-0.075,0.067,0.032,-0.048,0.000,27,E,0,,,,432888,146.21,0
871,2014.876,"Mount",-0.016,-0.077,0.061,0.049,-0.042,0.000,24,E,0,,,,434818,137.95,0
872,2016.977,"Mount",-0.035,-0.054,0.032,0.056,-0.051,0.000,29,E,0,,,,430478,124.61,0
873,2019.330,"Mount",-0.030,-0.114,0.088,0.079,-0.014,0.029,8,E,12,S,,,429050,145.58,0
874,2021.463,"Mount",0.008,-0.147,0.134,0.061,0.014,0.023,8,W,10,S,,,431188,141.91,0
875,2023.868,"Mount",0.101,-0.060,0.100,-0.062,-0.022,-0.021,12,E,9,N,,,433461,142.33,0
876,2026.017,"Mount",0.023,-0.028,0.035,-0.008,-0.066,0.000,38,E,0,,,,440315,133.19,0
877,2028.372,"Mount",0.072,-0.064,0.090,-0.034,-0.022,0.000,13,E,0,,,,456990,154.03,0
878,2030.554,"Mount",-0.038,-0.076,0.050,0.069,-0.078,0.025,45,E,11,S,,,428517,122.58,0
879,2032.941,"Mount",0.003,-0.098,0.088,0.043,-0.038,0.000,22,E,0,,,,440547,137.74,0
880,2035.073,"Mount",-0.056,0.091,-0.107,0.007,-0.111,0.000,64,E,0,,,,447476,140.12,0
881,2037.535,"Mount",0.057,0.153,-0.109,-0.121,-0.131,-0.044,75,E,19,N,,,446092,149.94,0
882,2039.708,"Mount",-0.013,0.103,-0.097,-0.036,-0.136,0.000,77,E,0,,,,434000,148.89,0
883,2042.128,"Mount",-0.104,0.110,-0.146,0.042,-0.213,0.000,122,E,0,,,,439289,139.20,0
884,2044.390,"Mount",-0.097,0.025,-0.067,0.075,-0.192,0.027,110,E,12,S,,,408218,122.78,0
885,2046.950,"Mount",-0.168,0.038,-0.111,0.132,-0.247,0.049,141,E,21,S,,,418449,120.71,0
886,2049.275,"Mount",-0.059,0.279,-0.275,-0.076,-0.332,-0.026,190,E,11,N,,,447497,146.05,0
887,2051.848,"Mount",-0.127,0.108,-0.154,0.063,-0.278,0.022,159,E,9,S,,,417022,121.24,0
888,2054.108,"Mount",-0.058,0.086,-0.103,0.012,-0.255,0.000,146,E,0,,,,463727,147.83,0
889,2056.555,"Mount",-0.046,0.066,-0.080,0.011,-0.267,0.000,152,E,0,,,,429230,144.98,0
890,2058.856,"Mount",-0.079,0.192,-0.207,-0.019,-0.298,0.000,171,E,0,,,,439945,131.45,0
891,2061.308,"Mount",-0.042,0.058,-0.071,0.011,-0.257,0.000,147,E,0,,,,410651,115.54,0
892,2063.570,"Mount",-0.129,0.044,-0.099,0.094,-0.227,0.034,130,E,15,S,,,453522,134.37,0
893,2066.116,"Mount",-0.131,0.110,-0.158,0.066,-0.250,0.025,143,E,11,S,,,427671,126.98,0
894,2068.394,"Mount",-0.047,0.210,-0.208,-0.055,-0.248,0.000,142,E,0,,,,423713,127.04,0
895,2070.872,"Mount",0.049,0.140,-0.102,-0.108,-0.174,-0.039,99,E,17,N,,,438529,142.86,0
896,2073.146,"Mount",-0.095,-0.021,-0.025,0.094,-0.131,0.032,75,E,14,S,,,431236,150.07,0
897,2075.567,"Mount",0.040,0.050,-0.026,-0.058,-0.128,0.000,73,E,0,,,,404024,114.00,0
898,2077.791,"Mount",-0.026,0.061,-0.066,-0.005,-0.150,0.000,86,E,0,,,,436463,136.65,0
899,2080.162,"Mount",-0.052,0.049,-0.067,0.023,-0.145,0.000,83,E,0,,,,422228,141.68,0
900,2082.340,"Mount",0.005,0.043,-0.036,-0.024,-0.133,0.000,76,E,0,,,,425422,122.14,0
901,2084.712,"Mount",0.065,-0.138,0.152,0.006,-0.082,0.000,47,E,0,,,,427192,127.05,0
902,2086.765,"Mount",0.124,-0.250,0.279,0.006,-0.015,0.000,9,E,0,,,,423892,134.30,0
903,2089.165,"Mount",0.056,-0.174,0.180,0.031,-0.063,0.000,36,E,0,,,,454780,136.41,0
904,2091.285,"Mount",0.106,-0.248,0.269,0.020,0.011,0.000,6,W,0,,,,414253,129.58,0
905,2093.680,"Mount",-0.042,-0.163,0.126,0.113,-0.036,0.041,21,E,17,S,,,440362,141.84,0
906,2095.817,"Mount",0.046,-0.187,0.187,0.046,0.009,0.000,5,W,0,,,,420360,143.55,0
907,2098.140,"Mount",0.091,-0.136,0.162,-0.018,0.005,0.000,3,W,0,,,,433649,151.69,0
908,2100.229,"Mount",0.006,-0.103,0.094,0.042,-0.022,0.000,12,E,0,,,,410295,127.30,0
909,2102.554,"Mount",0.083,-0.071,0.101,-0.041,-0.011,0.000,6,E,0,,,,412771,144.29,0
910,2104.735,"Mount",-0.007,-0.168,0.146,0.083,0.010,0.030,5,W,13,S,,,450923,140.65,0
911,2107.121,"Mount",-0.068,0.033,-0.061,0.044,-0.079,0.000,45,E,0,,,,436712,136.46,0
912,2109.246,"Mount",0.061,-0.143,0.155,0.012,0.029,0.000,17,W,0,,,,447810,141.65,0
913,2111.667,"Mount",-0.073,0.121,-0.141,0.008,-0.100,0.000,57,E,0,,,,432333,140.11,0
914,2113.796,"Mount",0.005,0.001,0.001,-0.005,-0.026,0.000,15,E,0,,,,416869,119.59,0
915,2116.261,"Mount",0.148,-0.137,0.190,-0.068,0.088,-0.025,50,W,11,N,,,420576,133.50,0
916,2118.429,"Mount",0.063,-0.176,0.186,0.025,0.111,0.000,63,W,0,,,,410023,132.13,0
917,2120.768,"Mount",-0.008,-0.061,0.051,0.035,0.044,0.000,25,W,0,,,,448714,141.59,0
918,2122.929,"Mount",-0.021,-0.086,0.067,0.059,0.076,0.000,44,W,0,,,,421735,146.42,0
919,2125.346,"Mount",-0.094,0.014,-0.056,0.076,0.065,0.028,37,W,12,S,,,427155,149.53,0
920,2127.563,"Mount",0.002,-0.087,0.078,0.038,0.102,0.000,58,W,0,,,,400210,125.81,0
921,2129.899,"Mount",-0.005,0.057,-0.053,-0.022,0.078,0.000,45,W,0,,,,449143,138.29,0
922,2132.013,"Mount",-0.005,-0.023,0.018,0.016,0.081,0.000,46,W,0,,,,418147,133.69,0
923,2134.386,"Mount",0.039,-0.105,0.111,0.014,0.136,0.000,78,W,0,,,,422285,135.13,0
924,2136.519,"Mount",0.044,0.005,0.016,-0.041,0.093,0.000,53,W,0,,,,387463,121.62,0
925,2138.908,"Mount",0.025,-0.052,0.058,0.002,0.103,0.000,59,W,0,,,,424101,136.88,0
926,2141.139,"Mount",0.051,-0.225,0.223,0.059,0.219,0.000,125,W,0,,,,411894,144.48,0
927,2143.613,"Mount",-0.058,-0.096,0.058,0.096,0.139,0.035,80,W,15,S,,,417726,122.31,0
928,2145.819,"Mount",-0.030,-0.069,0.047,0.058,0.144,0.000,82,W,0,,,,394314,130.27,0
929,2148.310,"Mount",0.001,-0.159,0.142,0.072,0.199,0.026,113,W,11,S,,,432802,131.75,0
930,2150.491,"Mount",-0.010,-0.080,0.067,0.046,0.153,0.000,88,W,0,,,,392717,121.97,0
931,2152.997,"Mount",-0.135,-0.065,-0.005,0.150,0.099,0.054,57,W,23,S,,,410893,140.56,0
932,2155.161,"Mount",-0.001,0.139,-0.124,-0.063,0.010,-0.021,6,W,9,N,,,407225,156.12,0
933,2157.609,"Mount",0.083,0.055,-0.010,-0.099,0.048,-0.036,27,W,16,N,,,425722,133.56,0
934,2159.696,"Mount",-0.046,0.087,-0.098,0.001,-0.027,0.000,16,E,0,,,,410205,141.95,0
935,2161.999,"Mount",-0.009,0.110,-0.102,-0.043,-0.036,0.000,20,E,0,,,,392484,147.18,0
936,2164.125,"Mount",-0.087,-0.009,-0.032,0.081,-0.002,0.029,1,E,12,S,,,360092,124.69,0
937,2166.418,"Mount",0.008,0.084,-0.071,-0.046,-0.044,0.000,25,E,0,,,,378642,144.60,0
938,2168.520,"Mount",0.007,0.096,-0.082,-0.050,-0.058,0.000,33,E,0,,,,400247,147.33,0
939,2170.937,"Mount",0.157,-0.054,0.120,-0.114,0.034,-0.041,20,W,18,N,,,395198,140.65,0
940,2173.040,"Mount",-0.048,0.036,-0.054,0.026,-0.006,0.000,3,E,0,,,,384964,118.33,0
941,2175.396,"Mount",-0.055,0.044,-0.064,0.029,-0.029,0.000,16,E,0,,,,423943,125.36,0
942,2177.516,"Mount",-0.028,0.055,-0.062,-0.000,-0.016,0.000,9,E,0,,,,409175,156.76,0
943,2179.872,"Mount",-0.050,0.101,-0.113,-0.002,-0.019,0.000,11,E,0,,,,421796,129.17,0
944,2182.101,"Mount",0.081,-0.058,0.089,-0.045,0.070,0.000,40,W,0,,,,431425,127.04,0
945,2184.495,"Mount",0.070,0.008,0.025,-0.065,0.046,-0.024,26,W,10,N,,,420885,135.65,0
946,2186.708,"Mount",0.021,-0.086,0.086,0.021,0.113,0.000,64,W,0,,,,391322,132.02,0
947,2189.232,"Mount",-0.003,-0.128,0.112,0.062,0.138,0.022,79,W,10,S,,,421669,140.39,0
948,2191.519,"Mount",0.010,-0.189,0.172,0.078,0.189,0.029,108,W,12,S,,,441574,121.40,0
949,2194.058,"Mount",0.046,-0.379,0.357,0.134,0.309,0.049,176,W,21,S,,,422779,121.37,0
950,2196.289,"Mount",0.073,-0.072,0.098,-0.031,0.207,0.000,119,W,0,,,,407853,125.27,0
951,2198.744,"Mount",0.091,-0.161,0.185,-0.006,0.248,0.000,142,W,0,,,,399858,138.42,0
952,2201.067,"Mount",0.128,-0.026,0.082,-0.102,0.202,-0.037,115,W,16,N,,,481275,134.42,0
953,2203.653,"Mount",0.168,-0.141,0.202,-0.084,0.238,-0.032,136,W,14,N,,,443343,124.97,0
954,2205.949,"Mount",0.135,-0.156,0.200,-0.047,0.229,0.000,131,W,0,,,,450592,141.43,0
955,2208.365,"Mount",0.059,-0.009,0.035,-0.048,0.138,0.000,79,W,0,,,,413029,130.47,0
956,2210.507,"Mount",0.015,-0.055,0.056,0.012,0.129,0.000,74,W,0,,,,443268,139.15,0
957,2213.004,"Mount",0.091,-0.267,0.279,0.043,0.274,0.000,157,W,0,,,,436222,162.03,0
958,2215.251,"Mount",0.073,-0.162,0.178,0.010,0.220,0.000,126,W,0,,,,414555,142.77,0
959,2217.676,"Mount",0.017,-0.038,0.042,0.002,0.170,0.000,97,W,0,,,,454419,142.56,0
960,2219.857,"Mount",-0.033,0.132,-0.132,-0.031,0.096,0.000,55,W,0,,,,431790,144.77,0
961,2222.214,"Mount",-0.137,0.148,-0.194,0.053,0.056,0.000,32,W,0,,,,392347,130.22,0
962,2224.405,"Mount",-0.195,0.208,-0.274,0.077,0.003,0.028,2,W,12,S,,,418869,132.29,0
963,2226.757,"Mount",-0.059,0.133,-0.145,-0.009,0.030,0.000,17,W,0,,,,388758,131.23,0
964,2229.062,"Mount",-0.046,0.247,-0.240,-0.074,-0.035,-0.027,20,E,11,N,,,386797,124.63,0
965,2231.498,"Mount",-0.291,0.300,-0.400,0.119,-0.125,0.042,71,E,18,S,,,364811,124.18,0
966,2233.647,"Mount",-0.171,0.082,-0.151,0.114,-0.037,0.043,21,E,18,S,,,418724,138.36,0
967,2236.016,"Mount",-0.132,-0.008,-0.054,0.121,0.021,0.045,12,W,19,S,,,396628,135.22,0
968,2238.123,"Mount",-0.104,0.158,-0.188,0.020,-0.077,0.000,44,E,0,,,,420752,141.65,0
969,2240.428,"Mount",-0.065,0.152,-0.165,-0.013,-0.072,0.000,41,E,0,,,,440905,139.96,0
970,2242.495,"Mount",-0.027,0.039,-0.047,0.005,-0.006,0.000,3,E,0,,,,402357,148.40,0
971,2244.808,"Mount",-0.003,0.123,-0.111,-0.054,-0.061,0.000,35,E,0,,,,402449,125.81,0
972,2246.893,"Mount",-0.044,0.083,-0.094,0.001,-0.037,0.000,21,E,0,,,,368563,122.82,0
973,2249.296,"Mount",-0.006,-0.047,0.039,0.027,0.006,0.000,3,W,0,,,,349026,133.10,0
974,2251.369,"Mount",0.066,-0.050,0.074,-0.036,0.042,0.000,24,W,0,,,,365761,150.38,0
975,2253.738,"Mount",0.006,-0.010,0.011,-0.000,0.016,0.000,9,W,0,,,,344631,123.63,0
976,2255.914,"Mount",-0.072,-0.060,0.021,0.092,0.028,0.033,16,W,14,S,,,357398,139.50,0
977,2258.346,"Mount",-0.100,-0.083,0.028,0.127,0.034,0.047,19,W,20,S,,,355387,124.15,0
978,2260.427,"Mount",-0.012,-0.103,0.085,0.058,0.073,0.000,41,W,0,,,,339433,132.25,0
979,2262.773,"Mount",0.003,0.020,-0.017,-0.012,0.042,0.000,24,W,0,,,,314539,117.17,0
980,2264.832,"Mount",0.031,-0.044,0.053,-0.007,0.044,0.000,25,W,0,,,,313406,121.32,0
981,2267.134,"Mount",0.020,0.032,-0.019,-0.032,0.038,0.000,22,W,0,,,,290244,111.22,0
982,2269.295,"Mount",0.024,-0.014,0.024,-0.015,0.025,0.000,14,W,0,,,,293192,118.47,0
983,2271.633,"Mount",0.004,0.096,-0.083,-0.048,-0.018,0.000,10,E,0,,,,283156,107.84,0
984,2273.813,"Mount",-0.103,-0.027,-0.023,0.104,0.016,0.037,9,W,16,S,,,291493,124.60,0
985,2276.169,"Mount",-0.027,0.102,-0.103,-0.023,-0.032,0.000,18,E,0,,,,314677,124.10,0
986,2278.282,"Mount",-0.040,-0.008,-0.011,0.039,0.016,0.000,9,W,0,,,,280148,99.05,0
987,2280.656,"Mount",-0.109,0.106,-0.144,0.048,-0.057,0.000,33,E,0,,,,316200,117.76,0
988,2282.773,"Mount",-0.032,0.017,-0.030,0.021,-0.009,0.000,5,E,0,,,,307994,114.84,0
989,2285.146,"Mount",0.028,0.045,-0.027,-0.046,-0.024,0.000,14,E,0,,,,338466,122.68,0
990,2287.369,"Mount",-0.102,-0.064,0.010,0.120,-0.028,0.043,16,E,19,S,,,310151,119.10,0
991,2289.784,"Mount",-0.045,0.082,-0.093,0.002,-0.070,0.000,40,E,0,,,,347328,122.74,0
992,2291.861,"Mount",-0.044,0.009,-0.028,0.035,-0.026,0.000,15,E,0,,,,335432,118.09,0
993,2294.194,"Mount",-0.001,0.019,-0.017,-0.007,-0.022,0.000,13,E,0,,,,315754,133.01,0
994,2296.336,"Mount",-0.022,0.017,-0.025,0.012,0.002,0.000,1,W,0,,,,333013,125.66,0
995,2298.655,"Mount",-0.010,-0.035,0.026,0.025,-0.001,0.000,1,E,0,,,,339201,146.41,0
996,2300.931,"Mount",-0.040,-0.063,0.037,0.064,-0.005,0.023,3,E,10,S,,,315181,111.82,0
997,2303.256,"Mount",0.071,-0.130,0.148,-0.003,0.070,0.000,40,W,0,,,,330535,129.34,0
998,2305.371,"Mount",0.019,-0.077,0.077,0.018,0.046,0.000,26,W,0,,,,311684,111.32,0
999,2307.679,"Mount",-0.013,-0.048,0.037,0.034,0.022,0.000,12,W,0,,,,323452,126.52,0
1000,2309.876,"Mount",0.009,-0.162,0.149,0.067,0.094,0.024,54,W,10,S,,,319732,121.38,0
1001,2312.340,"Mount",-0.077,-0.055,0.014,0.094,0.035,0.035,20,W,15,S,,,300120,118.62,0
1002,2314.474,"Mount",0.006,-0.120,0.109,0.050,0.087,0.000,50,W,0,,,,296290,123.13,0
1003,2316.874,"Mount",-0.109,-0.072,0.014,0.129,0.048,0.047,28,W,20,S,,,290404,106.62,0
1004,2319.072,"Mount",0.075,0.020,0.017,-0.076,0.032,-0.026,18,W,11,N,,,292664,103.90,0
1005,2321.468,"Mount",-0.141,-0.123,0.044,0.182,0.015,0.064,8,W,28,S,,,239252,92.56,0
1006,2323.659,"Mount",-0.099,-0.086,0.030,0.128,0.009,0.049,5,W,21,S,,,246781,104.01,0
1007,2326.028,"Mount",-0.090,0.060,-0.095,0.052,-0.055,0.000,31,E,0,,,,262197,111.86,0
1008,2328.200,"Mount",0.046,0.078,-0.048,-0.077,-0.026,-0.028,15,E,12,N,,,280531,108.81,0
1009,2330.539,"Mount",-0.030,0.121,-0.122,-0.029,-0.089,0.000,51,E,0,,,,264467,106.69,0
1010,2332.702,"Mount",-0.053,0.030,-0.051,0.034,-0.044,0.000,25,E,0,,,,273151,110.74,0
1011,2335.236,"Mount",-0.207,0.071,-0.158,0.151,-0.119,0.054,68,E,23,S,,,261646,109.71,0
1012,2337.356,"Mount",0.045,-0.037,0.054,-0.023,-0.077,0.000,44,E,0,,,,279710,122.37,0
1013,2339.787,"Mount",-0.129,0.056,-0.109,0.088,-0.141,0.032,81,E,14,S,,,264673,124.63,0
1014,2341.981,"Mount",-0.140,-0.038,-0.031,0.141,-0.084,0.052,48,E,22,S,,,258977,109.84,0
1015,2344.365,"Mount",0.007,-0.026,0.026,0.005,-0.095,0.000,54,E,0,,,,261960,124.11,0
1016,2346.467,"Mount",-0.027,-0.050,0.032,0.047,-0.097,0.000,55,E,0,,,,259565,116.53,0
1017,2348.887,"Mount",-0.060,0.014,-0.040,0.046,-0.103,0.000,59,E,0,,,,296047,112.62,0
1018,2351.115,"Mount",-0.078,-0.014,-0.024,0.076,-0.100,0.027,57,E,12,S,,,283353,109.70,0
1019,2353.524,"Mount",-0.073,0.076,-0.101,0.030,-0.148,0.000,85,E,0,,,,283486,112.39,0
1020,2355.716,"Mount",-0.030,0.093,-0.097,-0.016,-0.139,0.000,79,E,0,,,,272498,106.32,0
1021,2358.178,"Mount",-0.096,-0.002,-0.043,0.086,-0.089,0.031,51,E,13,S,,,243280,91.93,0
1022,2360.324,"Mount",0.030,-0.016,0.028,-0.019,-0.076,0.000,43,E,0,,,,273239,116.86,0
1023,2362.648,"Mount",0.080,-0.091,0.118,-0.029,-0.015,0.000,9,E,0,,,,248995,106.64,0
1024,2364.858,"Mount",0.063,0.034,-0.001,-0.071,-0.057,-0.026,32,E,11,N,,,235528,103.33,0
1025,2367.164,"Mount",0.025,-0.159,0.153,0.051,0.024,0.000,14,W,0,,,,265209,119.30,0
1026,2369.294,"Mount",-0.027,-0.021,0.007,0.033,-0.034,0.000,20,E,0,,,,229269,108.84,0
1027,2371.876,"Mount",-0.093,-0.105,0.050,0.131,-0.050,0.047,29,E,20,S,,,254004,103.93,0
1028,2373.987,"Mount",-0.014,-0.101,0.083,0.059,-0.009,0.000,5,E,0,,,,237137,97.29,0
1029,2376.443,"Mount",-0.112,0.066,-0.110,0.069,-0.096,0.025,55,E,11,S,,,229141,106.13,0
1030,2378.527,"Mount",-0.042,-0.041,0.017,0.056,-0.070,0.000,40,E,0,,,,240663,102.56,0
1031,2380.923,"Mount",-0.073,-0.024,-0.012,0.076,-0.085,0.027,49,E,12,S,,,220358,91.84,0
1032,2383.037,"Mount",-0.007,-0.047,0.038,0.028,-0.089,0.000,51,E,0,,,,219240,101.41,0
1033,2385.455,"Mount",-0.038,-0.044,0.022,0.054,-0.114,0.000,65,E,0,,,,205708,97.22,0
1034,2387.716,"Mount",-0.160,-0.106,0.020,0.191,-0.129,0.069,74,E,29,S,,,206020,96.64,0
1035,2390.196,"Mount",-0.012,0.012,-0.016,0.005,-0.164,0.000,94,E,0,,,,210358,95.30,0
1036,2392.476,"Mount",-0.103,-0.077,0.021,0.127,-0.173,0.046,99,E,20,S,,,188567,82.75,0
1037,2394.983,"Mount",-0.111,0.165,-0.197,0.023,-0.285,0.000,163,E,0,,,,168373,81.41,0
1038,2397.338,"Mount",-0.164,0.166,-0.223,0.069,-0.287,0.025,164,E,11,S,,,189101,92.56,0
1039,2399.900,"Mount",-0.159,0.155,-0.211,0.070,-0.297,0.026,170,E,11,S,,,173081,80.43,0
1040,2402.131,"Mount",-0.001,0.033,-0.030,-0.014,-0.205,0.000,117,E,0,,,,177167,93.16,0
1041,2404.578,"Mount",-0.056,0.128,-0.139,-0.010,-0.268,0.000,153,E,0,,,,142532,73.48,0
1042,2406.868,"Mount",-0.130,0.183,-0.222,0.031,-0.319,0.000,182,E,0,,,,198953,92.72,0
1043,2409.466,"Mount",-0.107,-0.104,0.043,0.143,-0.221,0.051,126,E,22,S,,,163968,84.81,0
1044,2411.705,"Mount",-0.071,0.055,-0.082,0.037,-0.236,0.000,135,E,0,,,,202501,88.72,0
1045,2414.235,"Mount",-0.136,0.046,-0.104,0.099,-0.241,0.036,138,E,15,S,,,196115,85.52,0
1046,2416.536,"Mount",-0.085,-0.116,0.064,0.129,-0.158,0.048,90,E,20,S,,,231261,94.98,0
1047,2418.994,"Mount",-0.017,-0.112,0.092,0.067,-0.129,0.026,74,E,11,S,,,222942,94.14,0
1048,2421.267,"Mount",-0.111,0.001,-0.052,0.098,-0.155,0.036,89,E,16,S,,,162722,83.20,0
1049,2423.759,"Mount",-0.030,-0.122,0.094,0.083,-0.093,0.031,53,E,13,S,,,222690,104.40,0
1050,2426.005,"Mount",0.190,0.055,0.038,-0.194,-0.121,-0.068,69,E,29,N,,,249150,107.37,0
1051,2428.531,"Mount",-0.097,-0.580,0.470,0.354,0.103,0.125,59,W,53,S,,,247786,106.36,0
1052,2430.699,"Mount",0.000,-0.106,0.094,0.049,-0.078,0.000,45,E,0,,,,298850,118.18,0
1053,2433.055,"Mount",0.060,-0.055,0.077,-0.027,-0.077,0.000,44,E,0,,,,264562,100.48,0
1054,2435.218,"Mount",0.103,-0.094,0.131,-0.048,-0.043,0.000,25,E,0,,,,255603,101.56,0
1055,2437.647,"Mount",0.137,-0.105,0.156,-0.073,-0.036,-0.026,20,E,11,N,,,337930,120.83,0
1056,2439.840,"Mount",-0.036,-0.131,0.100,0.093,-0.047,0.032,27,E,14,S,,,356611,137.94,0
1057,2442.276,"Mount",-0.125,-0.215,0.133,0.210,-0.020,0.077,12,E,33,S,,,354462,122.59,0
1058,2444.508,"Mount",-0.185,-0.162,0.059,0.239,-0.077,0.089,44,E,38,S,,,404715,133.04,0
1059,2446.906,"Mount",-0.072,-0.251,0.190,0.179,0.004,0.068,2,W,29,S,,,309271,115.91,0
1060,2449.146,"Mount",-0.170,-0.201,0.100,0.244,-0.032,0.091,19,E,39,S,,,381237,128.78,0
1061,2451.507,"Mount",0.060,-0.166,0.175,0.024,-0.000,0.000,0,,0,,,,375017,117.92,0
1062,2453.621,"Mount",0.006,-0.132,0.119,0.056,-0.016,0.000,9,E,0,,,,417496,136.36,0
1063,2456.055,"Mount",0.074,0.013,0.022,-0.072,-0.057,-0.026,33,E,11,N,,,407728,145.64,0
1064,2458.145,"Mount",0.014,-0.150,0.140,0.058,0.027,0.000,15,W,0,,,,409648,130.38,0
1065,2460.416,"Mount",0.034,-0.101,0.105,0.016,0.020,0.000,11,W,0,,,,413637,133.03,0
1066,2462.551,"Mount",-0.047,-0.064,0.035,0.071,-0.007,0.026,4,E,11,S,,,416641,133.07,0
1067,2464.984,"Mount",-0.067,-0.149,0.101,0.128,0.073,0.047,42,W,20,S,,,432634,155.22,0
1068,2467.198,"Mount",-0.033,-0.114,0.086,0.082,0.080,0.031,46,W,13,S,,,429335,125.05,0
1069,2469.555,"Mount",0.004,0.057,-0.049,-0.030,0.041,0.000,23,W,0,,,,448973,138.76,0
1070,2471.768,"Mount",0.111,-0.035,0.082,-0.082,0.080,-0.030,46,W,13,N,,,410672,134.71,0
1071,2474.170,"Mount",0.001,-0.048,0.043,0.021,0.058,0.000,33,W,0,,,,415103,136.61,0
1072,2476.384,"Mount",0.091,-0.122,0.150,-0.024,0.135,0.000,77,W,0,,,,437106,145.74,0
1073,2478.789,"Mount",0.016,-0.116,0.110,0.040,0.137,0.000,78,W,0,,,,447289,148.06,0
1074,2480.953,"Mount",0.029,-0.038,0.047,-0.008,0.086,0.000,49,W,0,,,,437576,148.10,0
1075,2483.527,"Mount",-0.002,-0.160,0.142,0.075,0.161,0.027,92,W,12,S,,,418702,143.81,0
1076,2485.898,"Mount",0.028,-0.240,0.226,0.086,0.223,0.032,127,W,14,S,,,418831,145.56,0
1077,2488.336,"Mount",0.039,-0.094,0.102,0.009,0.176,0.000,101,W,0,,,,454457,183.24,0
1078,2490.632,"Mount",0.211,-0.266,0.333,-0.065,0.286,-0.023,164,W,10,N,,,466421,165.96,0
1079,2493.094,"Mount",0.081,-0.229,0.241,0.034,0.245,0.000,140,W,0,,,,438444,128.24,0
1080,2495.271,"Mount",-0.014,-0.006,-0.001,0.016,0.118,0.000,68,W,0,,,,466153,131.94,0
1081,2497.719,"Mount",0.051,-0.104,0.115,0.003,0.179,0.000,102,W,0,,,,446944,135.22,0
1082,2499.943,"Mount",0.017,-0.025,0.030,-0.003,0.116,0.000,66,W,0,,,,446890,125.90,0
1083,2502.344,"Mount",0.016,0.002,0.005,-0.015,0.084,0.000,48,W,0,,,,437716,136.65,0
1084,2504.457,"Mount",-0.034,0.115,-0.117,-0.023,0.014,0.000,8,W,0,,,,457586,149.30,0
1085,2506.835,"Mount",-0.065,-0.017,-0.015,0.066,0.042,0.024,24,W,10,S,,,443762,131.24,0
1086,2509.079,"Mount",-0.240,0.211,-0.298,0.115,-0.112,0.042,64,E,18,S,,,433858,161.37,0
1087,2511.491,"Mount",-0.067,-0.090,0.049,0.101,0.011,0.038,6,W,16,S,,,388491,130.97,0
1088,2513.615,"Mount",-0.051,-0.010,-0.014,0.050,-0.009,0.000,5,E,0,,,,442948,149.15,0
1089,2516.079,"Mount",-0.133,0.030,-0.088,0.104,-0.065,0.037,37,E,16,S,,,437008,153.25,0
1090,2518.214,"Mount",0.001,-0.015,0.014,0.006,-0.030,0.000,17,E,0,,,,444440,162.83,0
1091,2520.548,"Mount",-0.045,0.163,-0.166,-0.036,-0.095,0.000,54,E,0,,,,412136,134.45,0
1092,2522.810,"Mount",-0.120,-0.056,-0.006,0.132,-0.012,0.048,7,E,20,S,,,440857,158.52,0
1093,2525.148,"Mount",-0.022,-0.010,-0.001,0.024,-0.005,0.000,3,E,0,,,,441515,135.76,0
1094,2527.373,"Mount",-0.007,-0.126,0.109,0.064,0.066,0.023,38,W,10,S,,,436620,151.02,0
1095,2529.834,"Mount",0.019,0.102,-0.082,-0.064,-0.005,-0.022,3,E,9,N,,,446484,142.71,0
1096,2531.958,"Mount",0.046,-0.064,0.078,-0.012,0.083,0.000,48,W,0,,,,424005,133.71,0
1097,2534.399,"Mount",0.141,-0.107,0.160,-0.076,0.151,-0.027,86,W,12,N,,,450615,148.01,0
1098,2536.566,"Mount",0.068,0.056,-0.018,-0.086,0.094,-0.032,54,W,14,N,,,412350,138.79,0
1099,2539.015,"Mount",-0.056,-0.039,0.009,0.068,0.117,0.023,67,W,10,S,,,408894,122.46,0
1100,2541.355,"Mount",-0.073,-0.177,0.123,0.147,0.204,0.054,117,W,23,S,,,444132,137.94,0
1101,2543.887,"Mount",-0.124,0.003,-0.059,0.109,0.165,0.041,94,W,18,S,,,436203,134.56,0
1102,2546.077,"Mount",-0.021,-0.041,0.027,0.038,0.149,0.000,85,W,0,,,,434724,142.99,0
1103,2548.616,"Mount",-0.021,-0.106,0.084,0.067,0.185,0.024,106,W,10,S,,,427519,141.88,0
1104,2550.898,"Mount",0.090,-0.034,0.072,-0.065,0.171,-0.022,98,W,10,N,,,408833,121.12,0
1105,2553.383,"Mount",0.012,-0.187,0.172,0.076,0.217,0.026,124,W,11,S,,,407492,136.31,0
1106,2555.611,"Mount",0.073,-0.169,0.184,0.013,0.227,0.000,130,W,0,,,,455289,149.29,0
1107,2558.106,"Mount",0.111,-0.168,0.200,-0.021,0.249,0.000,142,W,0,,,,457739,138.83,0
1108,2560.444,"Mount",0.022,-0.067,0.070,0.012,0.200,0.000,114,W,0,,,,446206,152.39,0
1109,2563.045,"Mount",-0.062,-0.103,0.063,0.103,0.204,0.037,117,W,16,S,,,436315,159.02,0
1110,2565.254,"Mount",-0.143,0.345,-0.372,-0.033,0.010,0.000,6,W,0,,,,428113,134.64,0
1111,2567.685,"Mount",-0.159,0.123,-0.182,0.084,0.083,0.030,47,W,13,S,,,454282,140.97,0
1112,2569.820,"Mount",-0.026,0.146,-0.141,-0.045,0.064,0.000,36,W,0,,,,433303,137.83,0
1113,2572.143,"Mount",-0.116,0.207,-0.237,0.007,-0.015,0.000,8,E,0,,,,420934,149.23,0
1114,2574.290,"Mount",-0.129,0.118,-0.164,0.060,-0.003,0.022,2,E,9,S,,,464770,153.10,0
1115,2576.664,"Mount",-0.107,0.068,-0.110,0.064,0.005,0.024,3,W,10,S,,,418069,136.13,0
1116,2578.860,"Mount",-0.191,0.409,-0.451,-0.019,-0.168,0.000,96,E,0,,,,432206,136.80,0
1117,2581.211,"Mount",-0.030,0.122,-0.122,-0.029,-0.033,0.000,19,E,0,,,,432716,140.76,0
1118,2583.301,"Mount",-0.081,0.064,-0.094,0.042,-0.021,0.000,12,E,0,,,,408553,124.09,0
1119,2585.712,"Mount",-0.014,0.123,-0.116,-0.045,-0.045,0.000,26,E,0,,,,465673,152.30,0
INFO: SET LOCK POSITION, new lock pos = 569.923, 566.447
INFO: DITHER by -1.673, -5.028, new lock pos = 573.616, 570.247
INFO: SETTLING STATE CHANGE, Settling started
1120,2590.936,"Mount",-3.693,-3.800,1.673,5.028,1.673,5.028,957,W,2150,S,,,441317,138.34,0
1121,2593.524,"Mount",-0.421,-0.491,0.242,0.600,0.109,0.216,62,W,92,S,,,444097,130.72,0
1122,2595.809,"Mount",-0.095,-0.297,0.220,0.222,0.099,0.089,57,W,38,S,,,450502,135.83,0
1123,2598.243,"Mount",-0.223,-0.163,0.043,0.273,0.019,0.102,11,W,44,S,,,428759,131.88,0
1124,2600.486,"Mount",0.048,-0.281,0.272,0.087,0.122,0.035,70,W,15,S,,,418412,125.74,0
1125,2602.977,"Mount",0.016,-0.270,0.247,0.110,0.111,0.041,64,W,18,S,,,426195,129.35,0
1126,2605.159,"Mount",0.130,-0.132,0.177,-0.054,0.079,0.000,45,W,0,,,,416462,138.21,0
1127,2607.482,"Mount",0.057,-0.107,0.121,-0.001,0.055,0.000,31,W,0,,,,415080,127.11,0
1128,2609.598,"Mount",0.105,-0.076,0.116,-0.058,0.052,0.000,30,W,0,,,,442583,139.53,0
1129,2611.888,"Mount",0.040,0.047,-0.023,-0.057,-0.010,0.000,6,E,0,,,,444870,122.66,0
1130,2614.037,"Mount",0.124,-0.138,0.180,-0.046,0.081,0.000,46,W,0,,,,429131,128.27,0
INFO: SETTLING STATE CHANGE, Settling complete
1131,2616.484,"Mount",0.137,-0.129,0.177,-0.062,0.097,-0.022,56,W,10,N,,,436589,144.58,0
1132,2618.650,"Mount",-0.025,-0.144,0.117,0.089,0.061,0.031,35,W,13,S,,,448221,142.57,0
1133,2621.035,"Mount",-0.113,-0.008,-0.045,0.104,0.009,0.039,5,W,17,S,,,437320,125.32,0
1134,2623.169,"Mount",-0.041,0.129,-0.133,-0.023,-0.053,0.000,30,E,0,,,,431610,129.22,0
1135,2625.527,"Mount",0.052,-0.003,0.026,-0.045,0.015,0.000,8,W,0,,,,434917,123.93,0
1136,2627.643,"Mount",-0.042,0.000,-0.020,0.038,0.011,0.000,6,W,0,,,,449565,143.22,0
1137,2630.015,"Mount",0.028,0.015,-0.000,-0.032,-0.008,0.000,5,E,0,,,,401183,126.66,0
1138,2632.101,"Mount",0.042,-0.019,0.036,-0.029,-0.024,0.000,14,E,0,,,,426638,129.44,0
1139,2634.492,"Mount",-0.143,0.040,-0.102,0.109,-0.071,0.039,40,E,17,S,,,435572,128.52,0
1140,2636.631,"Mount",-0.010,0.075,-0.071,-0.026,-0.061,0.000,35,E,0,,,,401329,121.22,0
1141,2639.128,"Mount",0.091,0.208,-0.143,-0.177,-0.091,-0.064,52,E,27,N,,,440349,134.24,0
1142,2641.242,"Mount",-0.002,0.020,-0.019,-0.007,-0.021,0.000,12,E,0,,,,436648,128.60,0
1143,2643.563,"Mount",0.105,-0.117,0.152,-0.039,0.065,0.000,37,W,0,,,,429240,129.34,0
1144,2645.756,"Mount",0.148,-0.092,0.150,-0.089,0.065,-0.032,37,W,14,N,,,422853,158.27,0
1145,2648.114,"Mount",0.010,0.011,-0.005,-0.014,-0.002,0.000,1,E,0,,,,456049,161.80,0
1146,2650.399,"Mount",-0.145,0.031,-0.094,0.114,-0.041,0.041,24,E,18,S,,,439103,134.76,0
1147,2652.690,"Mount",-0.022,-0.014,0.002,0.026,0.010,0.000,6,W,0,,,,458682,151.96,0
1148,2654.868,"Mount",-0.103,-0.095,0.037,0.135,0.015,0.049,9,W,21,S,,,435406,135.42,0
1149,2657.269,"Mount",-0.103,-0.040,-0.012,0.110,0.025,0.042,14,W,18,S,,,434728,132.62,0
1150,2659.462,"Mount",0.130,0.042,0.022,-0.134,0.036,-0.047,21,W,20,N,,,445845,122.80,0
1151,2661.894,"Mount",0.000,-0.172,0.153,0.079,0.119,0.027,68,W,11,S,,,450362,167.09,0
1152,2664.133,"Mount",0.002,-0.187,0.167,0.085,0.128,0.032,73,W,14,S,,,447610,142.59,0
1153,2666.441,"Mount",-0.007,0.037,-0.036,-0.011,0.028,0.000,16,W,0,,,,446883,134.96,0
1154,2668.557,"Mount",-0.127,-0.002,-0.057,0.113,0.016,0.041,9,W,17,S,,,426137,123.25,0
1155,2670.944,"Mount",-0.048,0.047,-0.064,0.020,-0.034,0.000,20,E,0,,,,447053,121.49,0
1156,2673.156,"Mount",-0.049,0.125,-0.133,-0.014,-0.070,0.000,40,E,0,,,,434261,133.90,0
1157,2675.652,"Mount",0.100,0.157,-0.093,-0.162,-0.082,-0.058,47,E,25,N,,,431491,127.14,0
1158,2677.953,"Mount",0.005,0.126,-0.109,-0.063,-0.104,-0.025,60,E,11,N,,,412319,122.76,0
1159,2680.353,"Mount",-0.142,-0.011,-0.055,0.131,-0.060,0.046,34,E,20,S,,,438084,139.58,0
1160,2682.520,"Mount",-0.084,0.186,-0.204,-0.011,-0.154,0.000,88,E,0,,,,401281,137.28,0
1161,2684.987,"Mount",0.004,0.138,-0.121,-0.067,-0.139,-0.024,80,E,10,N,,,449332,138.94,0
1162,2687.100,"Mount",-0.011,-0.017,0.010,0.018,-0.092,0.000,52,E,0,,,,454102,125.77,0
1163,2689.561,"Mount",-0.051,-0.067,0.036,0.076,-0.093,0.027,53,E,12,S,,,459425,137.85,0
1164,2691.759,"Mount",-0.057,0.110,-0.124,0.000,-0.148,0.000,85,E,0,,,,439525,146.12,0
1165,2694.129,"Mount",0.010,0.006,-0.000,-0.012,-0.095,0.000,54,E,0,,,,442453,146.73,0
1166,2696.321,"Mount",-0.105,0.128,-0.162,0.035,-0.169,0.000,97,E,0,,,,442645,157.07,0
1167,2698.698,"Mount",-0.007,-0.136,0.118,0.069,-0.046,0.025,26,E,11,S,,,420094,126.60,0
1168,2700.878,"Mount",-0.038,-0.039,0.017,0.052,-0.095,0.000,54,E,0,,,,486877,148.84,0
1169,2703.352,"Mount",0.102,-0.044,0.086,-0.070,-0.052,-0.025,30,E,11,N,,,420361,146.23,0
1170,2705.608,"Mount",-0.088,0.013,-0.052,0.072,-0.086,0.025,49,E,11,S,,,431868,121.66,0
1171,2707.968,"Mount",0.015,-0.039,0.041,0.005,-0.088,0.000,50,E,0,,,,456625,137.22,0
1172,2710.037,"Mount",0.007,-0.081,0.076,0.031,-0.042,0.000,24,E,0,,,,461939,132.74,0
1173,2712.356,"Mount",0.044,-0.168,0.170,0.038,-0.005,0.000,3,E,0,,,,429319,155.96,0
1174,2714.501,"Mount",0.108,-0.061,0.104,-0.068,-0.025,-0.024,14,E,10,N,,,440743,133.61,0
1175,2716.880,"Mount",-0.048,-0.210,0.164,0.139,0.026,0.049,15,W,21,S,,,430479,137.96,0
1176,2719.144,"Mount",-0.112,-0.076,0.016,0.134,-0.040,0.050,23,E,22,S,,,430044,135.42,0
1177,2721.636,"Mount",-0.368,-0.183,-0.007,0.410,-0.037,0.150,21,E,64,S,,,462212,153.86,0
1178,2723.894,"Mount",-0.382,-0.245,0.042,0.452,-0.033,0.169,19,E,72,S,,,414920,121.81,0
1179,2726.390,"Mount",-0.170,-0.143,0.049,0.217,-0.048,0.085,28,E,36,S,,,435712,121.50,0
1180,2728.574,"Mount",-0.160,-0.031,-0.047,0.156,-0.071,0.060,40,E,26,S,,,427178,128.34,0
1181,2730.940,"Mount",0.039,0.049,-0.025,-0.057,-0.072,0.000,41,E,0,,,,423776,133.02,0
1182,2733.235,"Mount",0.076,0.178,-0.123,-0.149,-0.145,-0.054,83,E,23,N,,,419780,131.98,0
1183,2735.668,"Mount",-0.000,0.085,-0.076,-0.039,-0.167,0.000,95,E,0,,,,448098,139.42,0
1184,2738.006,"Mount",-0.278,-0.058,-0.076,0.273,-0.189,0.098,108,E,42,S,,,453870,137.39,0
1185,2740.576,"Mount",0.076,0.280,-0.214,-0.197,-0.303,-0.067,173,E,29,N,,,445189,140.54,0
1186,2742.933,"Mount",-0.134,0.248,-0.282,0.004,-0.346,0.000,198,E,0,,,,450383,142.51,0
1187,2745.367,"Mount",-0.081,0.121,-0.145,0.016,-0.289,0.000,165,E,0,,,,420058,137.56,0
1188,2747.648,"Mount",-0.227,-0.190,0.064,0.289,-0.211,0.104,121,E,44,S,,,472989,154.30,0
1189,2750.107,"Mount",0.046,-0.044,0.060,-0.020,-0.251,0.000,144,E,0,,,,444652,129.45,0
1190,2752.427,"Mount",0.126,0.025,0.036,-0.123,-0.223,-0.044,128,E,19,N,,,432162,128.54,0
1191,2754.880,"Mount",-0.045,0.012,-0.031,0.034,-0.224,0.000,128,E,0,,,,454056,130.84,0
1192,2757.117,"Mount",-0.120,-0.020,-0.038,0.116,-0.195,0.042,111,E,18,S,,,436280,131.51,0
1193,2759.733,"Mount",-0.152,0.063,-0.126,0.105,-0.246,0.040,141,E,17,S,,,418208,129.37,0
1194,2761.992,"Mount",-0.144,0.076,-0.134,0.093,-0.215,0.035,123,E,15,S,,,442253,134.71,0
1195,2764.489,"Mount",0.185,-0.058,0.136,-0.137,-0.095,-0.048,54,E,21,N,,,432112,146.71,0
1196,2766.807,"Mount",0.090,0.211,-0.146,-0.177,-0.204,-0.066,117,E,28,N,,,408012,133.96,0
1197,2769.237,"Mount",-0.049,0.072,-0.087,0.010,-0.154,0.000,88,E,0,,,,417435,123.98,0
1198,2771.506,"Mount",0.062,-0.075,0.095,-0.020,-0.080,0.000,46,E,0,,,,454119,129.90,0
1199,2774.011,"Mount",-0.118,-0.024,-0.032,0.116,-0.114,0.042,65,E,18,S,,,453212,149.28,0
1200,2776.250,"Mount",-0.074,-0.052,0.012,0.089,-0.132,0.034,75,E,14,S,,,452534,132.26,0
1201,2778.574,"Mount",0.062,-0.156,0.167,0.017,-0.069,0.000,40,E,0,,,,443604,146.26,0
1202,2780.633,"Mount",0.142,-0.229,0.269,-0.020,-0.010,0.000,6,E,0,,,,410267,127.20,0
1203,2782.985,"Mount",0.122,-0.106,0.150,-0.059,-0.056,0.000,32,E,0,,,,433789,142.27,0
1204,2785.088,"Mount",0.199,-0.327,0.382,-0.026,0.063,0.000,36,W,0,,,,401194,121.31,0
1205,2787.528,"Mount",0.105,-0.335,0.346,0.061,0.060,0.022,34,W,9,S,,,431312,135.12,0
1206,2789.674,"Mount",0.096,-0.089,0.123,-0.045,-0.018,0.000,10,E,0,,,,455115,145.83,0
1207,2792.039,"Mount",0.080,-0.226,0.237,0.033,0.041,0.000,23,W,0,,,,421539,157.07,0
1208,2794.217,"Mount",0.068,-0.160,0.174,0.014,0.015,0.000,9,W,0,,,,464567,167.75,0
1209,2796.666,"Mount",-0.547,-0.453,0.150,0.694,0.004,0.250,3,W,107,S,,,464488,158.18,0
1210,2798.905,"Mount",-0.002,-0.336,0.298,0.157,0.086,0.066,49,W,28,S,,,448973,135.45,0
1211,2801.340,"Mount",0.129,-0.006,0.064,-0.111,-0.039,-0.037,22,E,16,N,,,419112,121.46,0
1212,2803.536,"Mount",0.226,0.041,0.068,-0.219,-0.010,-0.081,6,E,34,N,,,418224,129.98,0
1213,2805.937,"Mount",-0.022,-0.137,0.112,0.083,0.024,0.027,14,W,11,S,,,428510,130.55,0
1214,2808.057,"Mount",0.041,-0.064,0.076,-0.007,0.011,0.000,6,W,0,,,,448559,132.76,0
1215,2810.363,"Mount",-0.020,-0.065,0.048,0.047,-0.008,0.000,4,E,0,,,,425017,127.86,0
1216,2812.590,"Mount",-0.063,-0.155,0.108,0.128,0.076,0.046,44,W,20,S,,,406626,130.53,0
1217,2815.039,"Mount",0.135,-0.247,0.281,-0.005,0.163,0.000,93,W,0,,,,414519,121.55,0
1218,2817.200,"Mount",0.009,-0.091,0.085,0.034,0.067,0.000,38,W,0,,,,440604,124.86,0
1219,2819.615,"Mount",0.024,-0.138,0.134,0.043,0.107,0.000,61,W,0,,,,442200,141.03,0
1220,2821.803,"Mount",0.032,-0.190,0.183,0.060,0.142,0.000,81,W,0,,,,424649,144.60,0
1221,2824.165,"Mount",-0.003,-0.023,0.019,0.013,0.073,0.000,42,W,0,,,,406949,131.35,0
1222,2826.358,"Mount",-0.011,0.029,-0.030,-0.003,0.093,0.000,53,W,0,,,,409545,128.96,0
1223,2828.759,"Mount",0.071,-0.031,0.060,-0.049,0.096,0.000,55,W,0,,,,438936,136.30,0
1224,2831.017,"Mount",-0.051,-0.125,0.087,0.103,0.139,0.037,79,W,16,S,,,459620,139.75,0
1225,2833.663,"Mount",0.052,-0.456,0.428,0.165,0.311,0.061,178,W,26,S,,,423334,135.69,0
1226,2835.808,"Mount",0.116,-0.108,0.149,-0.053,0.176,0.000,101,W,0,,,,428387,140.71,0
1227,2838.412,"Mount",0.027,-0.258,0.241,0.095,0.263,0.034,150,W,15,S,,,429120,121.17,0
1228,2840.617,"Mount",-0.051,-0.127,0.089,0.104,0.184,0.039,105,W,17,S,,,403034,127.02,0
1229,2843.076,"Mount",0.092,-0.101,0.132,-0.035,0.206,0.000,118,W,0,,,,470178,140.80,0
1230,2845.219,"Mount",0.033,-0.117,0.119,0.024,0.183,0.000,105,W,0,,,,430337,129.14,0
1231,2847.758,"Mount",0.087,0.217,-0.152,-0.178,0.057,-0.064,32,W,27,N,,,448576,156.14,0
1232,2849.924,"Mount",-0.072,0.157,-0.173,-0.009,0.018,0.000,10,W,0,,,,421919,129.28,0
1233,2852.234,"Mount",-0.004,0.131,-0.118,-0.057,0.017,0.000,10,W,0,,,,420276,127.37,0
1234,2854.378,"Mount",-0.138,0.163,-0.208,0.048,-0.054,0.000,31,E,0,,,,427166,125.56,0
1235,2856.792,"Mount",-0.158,-0.018,-0.057,0.148,0.019,0.053,11,W,23,S,,,418898,121.82,0
1236,2859.034,"Mount",-0.194,0.108,-0.185,0.122,-0.092,0.046,52,E,20,S,,,418367,127.67,0
1237,2861.531,"Mount",-0.264,0.475,-0.543,0.015,-0.261,0.000,149,E,0,,,,454811,138.97,0
1238,2863.787,"Mount",0.076,0.288,-0.221,-0.201,-0.131,-0.072,75,E,31,N,,,425824,131.87,0
1239,2866.212,"Mount",-0.018,0.023,-0.028,0.005,-0.038,0.000,21,E,0,,,,434434,132.59,0
1240,2868.404,"Mount",0.142,-0.093,0.147,-0.083,0.041,-0.030,24,W,13,N,,,443430,140.34,0
1241,2870.835,"Mount",-0.178,-0.042,-0.044,0.177,-0.034,0.063,19,E,27,S,,,420275,135.76,0
1242,2873.060,"Mount",-0.047,-0.197,0.153,0.133,0.068,0.050,39,W,22,S,,,427135,134.94,0
1243,2875.444,"Mount",0.012,0.004,0.002,-0.012,0.023,0.000,13,W,0,,,,451663,131.69,0
1244,2877.669,"Mount",0.023,-0.015,0.024,-0.014,0.036,0.000,20,W,0,,,,429916,123.57,0
1245,2880.041,"Mount",0.072,-0.182,0.195,0.020,0.143,0.000,82,W,0,,,,417043,131.82,0
1246,2882.264,"Mount",0.139,-0.047,0.106,-0.102,0.125,-0.037,71,W,16,N,,,391575,123.70,0
1247,2884.744,"Mount",0.175,-0.047,0.122,-0.133,0.158,-0.050,91,W,21,N,,,399856,158.20,0
1248,2886.878,"Mount",0.059,-0.012,0.038,-0.047,0.114,0.000,65,W,0,,,,374478,131.70,0
1249,2889.466,"Mount",0.001,-0.402,0.357,0.185,0.307,0.066,175,W,28,S,,,398553,121.63,0
1250,2891.694,"Mount",0.103,-0.201,0.226,0.002,0.233,0.000,133,W,0,,,,364120,119.77,0
1251,2894.317,"Mount",0.133,-0.082,0.134,-0.080,0.210,-0.029,120,W,12,N,,,371925,122.73,0
1252,2896.690,"Mount",0.273,-0.384,0.467,-0.065,0.342,-0.025,195,W,11,N,,,338675,119.27,0
1253,2899.201,"Mount",-0.137,-0.215,0.128,0.221,0.196,0.079,112,W,34,S,,,344922,112.86,0
1254,2901.576,"Mount",0.275,-0.374,0.459,-0.071,0.351,-0.023,201,W,10,N,,,359349,121.11,0
1255,2904.058,"Mount",-0.082,-0.121,0.070,0.128,0.195,0.045,111,W,19,S,,,352257,130.01,0
1256,2906.284,"Mount",0.101,-0.065,0.104,-0.059,0.239,0.000,137,W,0,,,,335682,124.89,0
1257,2908.712,"Mount",0.111,-0.001,0.052,-0.098,0.184,-0.035,105,W,15,N,,,332392,110.95,0
1258,2910.989,"Mount",0.034,-0.037,0.049,-0.013,0.185,0.000,106,W,0,,,,336035,116.28,0
1259,2913.388,"Mount",-0.070,0.063,-0.088,0.033,0.134,0.000,77,W,0,,,,321360,103.57,0
1260,2915.556,"Mount",-0.199,0.151,-0.226,0.107,0.057,0.038,33,W,16,S,,,322601,144.16,0
1261,2917.946,"Mount",0.034,0.310,-0.259,-0.173,0.018,-0.061,10,W,26,N,,,304029,110.89,0
1262,2920.131,"Mount",-0.186,0.123,-0.195,0.108,0.007,0.037,4,W,16,S,,,325183,138.86,0
1263,2922.485,"Mount",-0.124,0.104,-0.150,0.061,-0.002,0.024,1,E,10,S,,,279208,96.22,0
1264,2924.796,"Mount",-0.387,0.361,-0.499,0.176,-0.176,0.064,101,E,28,S,,,307715,122.93,0
1265,2927.217,"Mount",-0.087,0.148,-0.172,0.009,-0.045,0.000,26,E,0,,,,292534,114.24,0
1266,2929.427,"Mount",-0.067,-0.057,0.020,0.086,0.015,0.031,9,W,13,S,,,269435,99.99,0
1267,2931.921,"Mount",-0.286,0.432,-0.515,0.055,-0.233,0.000,133,E,0,,,,255779,102.40,0
1268,2934.134,"Mount",0.170,-0.302,0.347,-0.012,0.146,0.000,84,W,0,,,,233832,100.08,0
1269,2936.496,"Mount",-0.045,-0.067,0.039,0.070,-0.022,0.025,13,E,11,S,,,204532,87.27,0
1270,2938.650,"Mount",-0.109,0.058,-0.102,0.069,-0.050,0.026,29,E,11,S,,,175990,78.52,0
1271,2940.996,"Mount",-0.049,0.101,-0.112,-0.003,-0.067,0.000,39,E,0,,,,182689,81.61,0
1272,2943.193,"Mount",0.105,0.122,-0.060,-0.149,-0.034,-0.054,20,E,23,N,,,189886,81.07,0
1273,2945.648,"Mount",-0.024,-0.243,0.205,0.134,0.090,0.046,51,W,20,S,,,195426,83.11,0
1274,2947.812,"Mount",-0.008,-0.063,0.052,0.036,0.005,0.000,3,W,0,,,,173773,80.76,0
1275,2950.211,"Mount",0.073,-0.047,0.075,-0.043,0.063,0.000,36,W,0,,,,231519,87.88,0
1276,2952.422,"Mount",0.083,0.002,0.036,-0.074,0.043,-0.027,25,W,11,N,,,208559,86.00,0
1277,2954.794,"Mount",-0.007,-0.030,0.023,0.020,0.041,0.000,24,W,0,,,,209056,96.85,0
1278,2957.068,"Mount",-0.111,-0.338,0.249,0.255,0.153,0.092,88,W,39,S,,,176632,84.91,0
1279,2959.547,"Mount",-0.054,-0.168,0.124,0.125,0.101,0.049,58,W,21,S,,,178983,87.19,0
1280,2961.728,"Mount",0.128,0.091,-0.022,-0.155,0.045,-0.054,26,W,23,N,,,174990,77.28,0
1281,2964.219,"Mount",-0.078,-0.230,0.168,0.176,0.109,0.061,62,W,26,S,,,161226,76.81,0
1282,2966.425,"Mount",-0.251,-0.107,-0.021,0.272,0.018,0.100,10,W,43,S,,,175734,79.94,0
1283,2968.837,"Mount",0.053,0.053,-0.023,-0.071,0.020,-0.022,12,W,9,N,,,182964,82.34,0
1284,2971.062,"Mount",-0.122,0.005,-0.060,0.106,-0.012,0.037,7,E,16,S,,,168172,79.12,0
1285,2973.448,"Mount",-0.086,0.008,-0.047,0.073,0.007,0.028,4,W,12,S,,,162160,80.30,0
1286,2975.569,"Mount",-0.049,-0.002,-0.021,0.044,-0.004,0.000,2,E,0,,,,153214,82.73,0
1287,2977.970,"Mount",0.060,0.062,-0.027,-0.082,-0.009,-0.029,5,E,13,N,,,143654,79.25,0
1288,2980.150,"Mount",-0.042,0.081,-0.091,0.000,-0.058,0.000,33,E,0,,,,117435,58.92,0
1289,2982.483,"Mount",-0.124,0.208,-0.242,0.014,-0.122,0.000,70,E,0,,,,95174,58.57,0
1290,2984.497,"DROP",,,,,,,,,,,,,81389,51.27,7,"Star lost - mass changed"
1290,2984.553,"Mount",0.000,0.000,-0.012,0.000,-0.012,0.000,7,E,0,,,,95174,58.57,7
1291,2986.856,"DROP",,,,,,,,,,,,,72227,49.29,7,"Star lost - mass changed"
1291,2986.926,"Mount",0.000,0.000,-0.027,0.000,-0.027,0.000,16,E,0,,,,95174,58.57,7
1292,2989.007,"DROP",,,,,,,,,,,,,81223,49.79,7,"Star lost - mass changed"
1292,2989.046,"Mount",0.000,0.000,-0.018,0.000,-0.018,0.000,10,E,0,,,,95174,58.57,7
1293,2991.444,"DROP",,,,,,,,,,,,,55126,36.45,7,"Star lost - mass changed"
1293,2991.538,"Mount",0.000,0.000,-0.007,0.000,-0.007,0.000,4,E,0,,,,95174,58.57,7
1294,2993.650,"DROP",,,,,,,,,,,,,66243,44.17,7,"Star lost - mass changed"
1294,2993.655,"Mount",0.000,0.000,-0.000,0.000,-0.000,0.000,0,,0,,,,95174,58.57,7
1295,2996.048,"DROP",,,,,,,,,,,,,51741,37.93,7,"Star lost - mass changed"
1295,2996.053,"Mount",0.000,0.000,0.001,0.000,0.001,0.000,0,,0,,,,95174,58.57,7
1296,2998.222,"DROP",,,,,,,,,,,,,47504,33.92,7,"Star lost - mass changed"
1296,2998.293,"Mount",0.000,0.000,0.010,0.000,0.010,0.000,6,W,0,,,,95174,58.57,7
1297,3000.637,"DROP",,,,,,,,,,,,,51607,37.06,7,"Star lost - mass changed"
1297,3000.694,"Mount",0.000,0.000,0.006,0.000,0.006,0.000,4,W,0,,,,95174,58.57,7
1298,3002.817,"DROP",,,,,,,,,,,,,36943,29.73,7,"Star lost - mass changed"
1298,3002.873,"Mount",0.000,0.000,0.008,0.000,0.008,0.000,5,W,0,,,,95174,58.57,7
1299,3005.221,"DROP",,,,,,,,,,,,,55875,41.61,7,"Star lost - mass changed"
1299,3005.290,"Mount",0.000,0.000,0.022,0.000,0.022,0.000,13,W,0,,,,95174,58.57,7
1300,3007.690,"Mount",-0.419,-0.434,0.192,0.573,0.130,0.206,74,W,88,S,,,51154,37.06,0
1301,3010.118,"Mount",-0.055,-0.053,0.022,0.073,0.046,0.035,26,W,15,S,,,45394,34.31,0
1302,3012.559,"Mount",0.169,-0.734,0.729,0.189,0.373,0.069,213,W,30,S,,,56787,43.63,0
1303,3014.990,"Mount",-0.103,0.390,-0.394,-0.089,-0.149,-0.029,85,E,13,N,,,47495,33.43,0
1304,3017.233,"Mount",0.355,0.357,-0.153,-0.480,-0.066,-0.174,38,E,74,N,,,38052,31.38,0
1305,3019.542,"DROP",,,,,,,,,,,,,26317,23.95,7,"Star lost - mass changed"
1305,3019.584,"Mount",0.000,0.000,-0.018,0.000,-0.018,0.000,10,E,0,,,,38052,31.38,7
1306,3021.700,"DROP",,,,,,,,,,,,,31074,28.60,8,"No star found"
1306,3021.782,"Mount",0.000,0.000,-0.038,0.000,-0.038,0.000,22,E,0,,,,38052,31.38,8
1307,3024.132,"DROP",,,,,,,,,,,,,36984,29.14,8,"No star found"
1307,3024.214,"Mount",0.000,0.000,-0.051,0.000,-0.051,0.000,29,E,0,,,,38052,31.38,8
1308,3026.583,"Mount",-0.476,0.014,-0.232,0.416,-0.179,0.143,102,E,61,S,,,37294,28.79,0
1309,3029.161,"Mount",-0.449,-0.525,0.259,0.641,0.051,0.236,29,W,101,S,,,37480,28.94,0
1310,3031.177,"DROP",,,,,,,,,,,,,24587,24.72,7,"Star lost - mass changed"
1310,3031.310,"Mount",0.000,0.000,-0.074,0.000,-0.074,0.000,42,E,0,,,,37480,28.94,7
1311,3033.552,"DROP",,,,,,,,,,,,,23214,21.60,7,"Star lost - mass changed"
1311,3033.659,"Mount",0.000,0.000,-0.087,0.000,-0.087,0.000,49,E,0,,,,37480,28.94,7
1312,3035.904,"Mount",-0.070,-0.058,0.019,0.089,-0.094,0.041,54,E,18,S,,,25613,25.47,0
1313,3038.180,"DROP",,,,,,,,,,,,,0,0.00,4,"Star lost - low HFD"
1313,3038.286,"Mount",0.000,0.000,-0.095,0.000,-0.095,0.000,54,E,0,,,,25613,25.47,4
1314,3040.455,"Mount",0.215,-0.151,0.233,-0.121,0.010,-0.042,6,W,18,N,,,34644,30.02,0
1315,3042.990,"Mount",-0.033,0.343,-0.320,-0.129,-0.244,-0.048,139,E,21,N,,,36484,30.41,0
1316,3045.294,"Mount",-0.475,-0.359,0.100,0.587,-0.054,0.209,31,E,90,S,,,40776,32.35,0
1317,3047.792,"Mount",-0.221,-0.039,-0.067,0.214,-0.134,0.085,77,E,36,S,,,47461,37.02,0
1318,3050.063,"Mount",0.493,-0.128,0.341,-0.378,0.052,-0.133,29,W,57,N,,,48827,36.86,0
1319,3052.709,"Mount",-0.885,-0.153,-0.272,0.856,-0.210,0.303,120,E,129,S,,,44969,32.74,0
1320,3054.940,"Mount",0.336,0.039,0.120,-0.316,-0.032,-0.102,18,E,44,N,,,48911,36.77,0
1321,3057.416,"Mount",0.153,-0.012,0.081,-0.130,-0.056,-0.051,32,E,22,N,,,50996,37.41,0
1322,3059.645,"Mount",-0.043,-0.191,0.150,0.126,-0.010,0.043,6,E,19,S,,,62142,42.37,0
1323,3061.947,"Mount",0.109,-0.173,0.204,-0.016,0.029,0.000,17,W,0,,,,62206,45.35,0
1324,3064.242,"Mount",-0.392,-0.213,0.009,0.446,-0.047,0.161,27,E,69,S,,,52390,39.33,0
1325,3066.701,"Mount",0.106,0.012,0.039,-0.100,-0.029,-0.029,16,E,13,N,,,56446,40.47,0
1326,3069.011,"Mount",0.061,0.231,-0.177,-0.161,-0.110,-0.059,63,E,25,N,,,64453,42.66,0
1327,3071.328,"Mount",0.105,-0.129,0.163,-0.034,0.048,0.000,28,W,0,,,,52190,39.77,0
1328,3073.539,"Mount",0.243,-0.327,0.402,-0.064,0.134,-0.023,77,W,10,N,,,57264,40.04,0
1329,3076.065,"Mount",0.388,-0.331,0.473,-0.192,0.147,-0.070,84,W,30,N,,,77828,50.45,0
1330,3078.288,"Mount",-0.147,0.199,-0.245,0.039,-0.165,0.000,95,E,0,,,,62592,42.57,0
1331,3080.825,"Mount",-0.355,-0.100,-0.075,0.361,-0.119,0.130,68,E,56,S,,,64056,44.01,0
1332,3083.163,"Mount",0.092,0.127,-0.070,-0.140,-0.156,-0.045,89,E,19,N,,,72544,43.10,0
1333,3085.750,"Mount",-0.503,-0.253,-0.007,0.563,-0.160,0.201,91,E,86,S,,,97810,60.26,0
1334,3087.765,"DROP",,,,,,,,,,,,,116664,61.67,7,"Star lost - mass changed"
1334,3087.930,"Mount",0.000,0.000,-0.197,0.000,-0.197,0.000,113,E,0,,,,97810,60.26,7
1335,3090.207,"DROP",,,,,,,,,,,,,128808,68.55,7,"Star lost - mass changed"
1335,3090.389,"Mount",0.000,0.000,-0.233,0.000,-0.233,0.000,133,E,0,,,,97810,60.26,7
1336,3092.406,"DROP",,,,,,,,,,,,,132469,65.35,7,"Star lost - mass changed"
1336,3092.554,"Mount",0.000,0.000,-0.209,0.000,-0.209,0.000,120,E,0,,,,97810,60.26,7
1337,3095.265,"Mount",0.331,0.561,-0.346,-0.552,-0.391,-0.191,224,E,82,N,,,109934,65.25,0
1338,3097.649,"Mount",-0.114,-0.157,0.087,0.173,-0.218,0.055,125,E,23,S,,,95767,54.07,0
1339,3100.097,"Mount",-0.007,-0.180,0.157,0.089,-0.165,0.034,94,E,15,S,,,94971,60.58,0
1340,3102.369,"Mount",-0.057,0.219,-0.220,-0.051,-0.324,0.000,186,E,0,,,,99456,60.98,0
1341,3104.899,"Mount",-0.187,-0.239,0.126,0.276,-0.151,0.099,87,E,42,S,,,141684,72.00,0
1342,3106.916,"DROP",,,,,,,,,,,,,158971,75.37,7,"Star lost - mass changed"
1342,3107.068,"Mount",0.000,0.000,-0.170,0.000,-0.170,0.000,97,E,0,,,,141684,72.00,7
1343,3109.593,"Mount",0.146,0.028,0.043,-0.143,-0.170,-0.047,97,E,20,N,,,163990,73.69,0
1344,3111.900,"Mount",0.208,0.193,-0.075,-0.274,-0.177,-0.100,101,E,43,N,,,156485,85.90,0
1345,3114.395,"Mount",-0.252,-0.063,-0.060,0.252,-0.160,0.087,92,E,37,S,,,128194,64.83,0
1346,3116.608,"Mount",0.175,0.066,0.022,-0.186,-0.115,-0.064,66,E,27,N,,,154903,73.43,0
1347,3119.089,"Mount",0.159,0.115,-0.029,-0.194,-0.117,-0.072,67,E,31,N,,,135640,67.95,0
1348,3121.370,"Mount",-0.267,-0.168,0.026,0.314,-0.129,0.110,74,E,47,S,,,135513,68.25,0
1349,3123.847,"Mount",0.211,-0.044,0.136,-0.167,-0.072,-0.056,41,E,24,N,,,169222,84.40,0
1350,3126.172,"Mount",-0.304,-0.173,0.014,0.350,-0.133,0.124,76,E,53,S,,,157642,79.06,0
1351,3128.651,"Mount",0.303,-0.035,0.170,-0.253,-0.059,-0.086,34,E,37,N,,,120478,59.55,0
1352,3130.928,"Mount",0.136,-0.100,0.152,-0.075,-0.051,-0.030,29,E,13,N,,,154562,85.49,0
1353,3133.236,"Mount",0.135,-0.275,0.306,0.008,0.040,0.000,23,W,0,,,,143887,67.09,0
1354,3135.327,"Mount",-0.006,-0.113,0.097,0.058,-0.030,0.000,17,E,0,,,,173700,83.75,0
1355,3137.678,"Mount",0.091,-0.249,0.263,0.034,0.055,0.000,31,W,0,,,,148045,71.08,0
1356,3139.863,"Mount",0.195,0.072,0.026,-0.207,-0.060,-0.074,34,E,32,N,,,142168,73.15,0
1357,3142.338,"Mount",-0.393,-0.389,0.164,0.528,0.014,0.187,8,W,80,S,,,130609,67.30,0
1358,3144.546,"Mount",0.405,-0.110,0.284,-0.309,0.061,-0.104,35,W,44,N,,,127530,71.79,0
1359,3146.915,"Mount",-0.084,-0.129,0.076,0.134,-0.024,0.044,14,E,19,S,,,136298,69.50,0
1360,3149.208,"Mount",0.241,0.057,0.060,-0.241,-0.033,-0.085,19,E,36,N,,,121422,63.11,0
1361,3151.643,"Mount",0.142,-0.074,0.131,-0.092,0.021,-0.036,12,W,16,N,,,101325,60.29,0
1362,3153.821,"Mount",-0.016,-0.122,0.101,0.070,0.024,0.024,14,W,10,S,,,87439,54.46,0
1363,3156.226,"Mount",-0.193,-0.113,0.012,0.224,-0.000,0.082,0,,35,S,,,70994,46.73,0
1364,3158.438,"Mount",-0.009,0.005,-0.009,0.006,0.019,0.000,11,W,0,,,,56326,36.91,0
1365,3160.687,"DROP",,,,,,,,,,,,,53259,38.34,7,"Star lost - mass changed"
1365,3160.778,"Mount",0.000,0.000,0.052,0.000,0.052,0.000,30,W,0,,,,56326,36.91,7
1366,3163.005,"Mount",0.136,-0.088,0.140,-0.080,0.110,-0.029,63,W,12,N,,,61536,48.45,0
1367,3165.337,"DROP",,,,,,,,,,,,,48113,36.38,7,"Star lost - mass changed"
1367,3165.422,"Mount",0.000,0.000,0.045,0.000,0.045,0.000,26,W,0,,,,61536,48.45,7
1368,3167.587,"DROP",,,,,,,,,,,,,42409,35.91,7,"Star lost - mass changed"
1368,3167.677,"Mount",0.000,0.000,0.052,0.000,0.052,0.000,29,W,0,,,,61536,48.45,7
1369,3170.012,"DROP",,,,,,,,,,,,,39245,33.44,7,"Star lost - mass changed"
1369,3170.094,"Mount",0.000,0.000,0.058,0.000,0.058,0.000,33,W,0,,,,61536,48.45,7
1370,3172.218,"DROP",,,,,,,,,,,,,48873,39.46,7,"Star lost - mass changed"
1370,3172.333,"Mount",0.000,0.000,0.056,0.000,0.056,0.000,32,W,0,,,,61536,48.45,7
1371,3174.626,"DROP",,,,,,,,,,,,,50726,46.82,7,"Star lost - mass changed"
1371,3174.735,"Mount",0.000,0.000,0.081,0.000,0.081,0.000,46,W,0,,,,61536,48.45,7
1372,3176.786,"DROP",,,,,,,,,,,,,42067,36.04,7,"Star lost - mass changed"
1372,3176.874,"Mount",0.000,0.000,0.070,0.000,0.070,0.000,40,W,0,,,,61536,48.45,7
1373,3179.417,"Mount",0.031,-0.197,0.189,0.063,0.182,0.022,104,W,9,S,,,56042,43.02,0
1374,3181.767,"Mount",-0.244,-0.067,-0.053,0.247,0.122,0.090,70,W,38,S,,,44955,33.69,0
1375,3184.249,"Mount",0.218,0.070,0.038,-0.226,0.133,-0.078,76,W,33,N,,,72807,50.43,0
1376,3186.612,"Mount",0.113,-0.366,0.376,0.069,0.338,0.022,193,W,9,S,,,65147,49.08,0
1377,3189.217,"Mount",0.183,-0.033,0.114,-0.147,0.221,-0.052,126,W,22,N,,,91696,62.10,0
1378,3191.409,"Mount",0.038,-0.019,0.034,-0.025,0.153,0.000,87,W,0,,,,87697,51.17,0
1379,3193.919,"Mount",0.143,-0.029,0.091,-0.113,0.181,-0.041,104,W,17,N,,,106695,63.25,0
1380,3195.964,"DROP",,,,,,,,,,,,,129112,65.98,7,"Star lost - mass changed"
1380,3196.070,"Mount",0.000,0.000,0.094,0.000,0.094,0.000,54,W,0,,,,106695,63.25,7
1381,3198.326,"DROP",,,,,,,,,,,,,133433,70.64,7,"Star lost - mass changed"
1381,3198.422,"Mount",0.000,0.000,0.064,0.000,0.064,0.000,37,W,0,,,,106695,63.25,7
1382,3200.469,"DROP",,,,,,,,,,,,,154954,69.07,7,"Star lost - mass changed"
1382,3200.539,"Mount",0.000,0.000,0.033,0.000,0.033,0.000,19,W,0,,,,106695,63.25,7
1383,3202.938,"DROP",,,,,,,,,,,,,186354,90.01,7,"Star lost - mass changed"
1383,3203.003,"Mount",0.000,0.000,0.011,0.000,0.011,0.000,6,W,0,,,,106695,63.25,7
1384,3205.138,"DROP",,,,,,,,,,,,,214230,92.77,7,"Star lost - mass changed"
1384,3205.199,"Mount",0.000,0.000,-0.008,0.000,-0.008,0.000,5,E,0,,,,106695,63.25,7
1385,3207.587,"DROP",,,,,,,,,,,,,240306,95.64,7,"Star lost - mass changed"
1385,3207.653,"Mount",0.000,0.000,-0.026,0.000,-0.026,0.000,15,E,0,,,,106695,63.25,7
1386,3209.808,"DROP",,,,,,,,,,,,,219656,89.09,7,"Star lost - mass changed"
1386,3209.882,"Mount",0.000,0.000,-0.030,0.000,-0.030,0.000,17,E,0,,,,106695,63.25,7
1387,3212.248,"DROP",,,,,,,,,,,,,237566,98.30,7,"Star lost - mass changed"
1387,3212.330,"Mount",0.000,0.000,-0.034,0.000,-0.034,0.000,19,E,0,,,,106695,63.25,7
1388,3214.391,"DROP",,,,,,,,,,,,,238479,102.48,7,"Star lost - mass changed"
1388,3214.462,"Mount",0.000,0.000,-0.031,0.000,-0.031,0.000,18,E,0,,,,106695,63.25,7
1389,3216.777,"DROP",,,,,,,,,,,,,240823,102.69,7,"Star lost - mass changed"
1389,3216.911,"Mount",0.000,0.000,-0.022,0.000,-0.022,0.000,13,E,0,,,,106695,63.25,7
1390,3219.296,"Mount",-0.842,0.192,-0.558,0.658,-0.274,0.235,156,E,101,S,,,230277,89.37,0
1391,3221.653,"Mount",-0.182,0.283,-0.335,0.030,-0.158,0.000,90,E,0,,,,236830,98.95,0
INFO: SET LOCK POSITION, new lock pos = 573.616, 570.247
INFO: DITHER by -15.061, 3.661, new lock pos = 563.431, 581.930
INFO: SETTLING STATE CHANGE, Settling started
1392,3234.000,"Mount",10.185,-11.683,15.061,-3.661,15.061,-3.661,8611,W,1566,N,,,213420,86.65,0
1393,3237.170,"Mount",-0.303,-2.596,2.165,1.467,0.974,0.528,557,W,226,S,,,249370,105.06,0
1394,3240.000,"Mount",0.059,-2.118,1.907,0.926,0.858,0.355,491,W,152,S,,,248640,98.43,0
1395,3242.887,"Mount",1.378,-0.445,1.030,-1.017,0.463,-0.352,265,W,151,N,,,260510,104.16,0
1396,3245.354,"Mount",0.543,-0.896,1.046,-0.068,0.471,-0.039,269,W,17,N,,,258058,103.34,0
1397,3247.973,"Mount",0.078,-0.606,0.574,0.211,0.258,0.074,148,W,32,S,,,254804,112.59,0
1398,3250.225,"Mount",0.052,-0.555,0.517,0.210,0.233,0.079,133,W,34,S,,,275389,100.71,0
1399,3252.708,"Mount",-0.080,-0.371,0.293,0.242,0.132,0.090,75,W,39,S,,,320924,118.03,0
1400,3254.921,"Mount",0.260,-0.177,0.277,-0.149,0.124,-0.050,71,W,21,N,,,317257,113.35,0
1401,3257.380,"Mount",0.211,-0.188,0.264,-0.101,0.119,-0.038,68,W,16,N,,,320718,135.80,0
1402,3259.558,"Mount",-0.062,-0.146,0.101,0.122,0.045,0.042,26,W,18,S,,,329991,107.49,0
1403,3262.026,"Mount",0.040,-0.205,0.201,0.059,0.297,0.000,170,W,0,,,,302270,111.69,0
1404,3264.344,"Mount",-0.098,-0.166,0.103,0.163,0.217,0.059,124,W,25,S,,,325061,125.96,0
1405,3266.934,"Mount",0.291,0.408,-0.228,-0.447,0.044,-0.158,25,W,68,N,,,333844,114.95,0
1406,3269.132,"Mount",-0.009,0.089,-0.083,-0.033,0.077,0.000,44,W,0,,,,330634,115.99,0
1407,3271.567,"Mount",-0.426,0.193,-0.367,0.289,-0.080,0.104,46,E,44,S,,,353035,122.58,0
1408,3273.732,"Mount",-0.287,0.026,-0.155,0.242,0.001,0.091,1,W,39,S,,,369947,127.19,0
1409,3276.229,"Mount",0.322,0.556,-0.346,-0.542,-0.125,-0.192,71,E,82,N,,,389681,137.41,0
1410,3278.473,"Mount",-0.292,0.130,-0.249,0.199,-0.111,0.064,64,E,27,S,,,407742,131.37,0
INFO: SETTLING STATE CHANGE, Settling complete
1411,3280.947,"Mount",-0.302,0.136,-0.260,0.205,-0.128,0.076,73,E,33,S,,,374019,123.95,0
1412,3283.153,"Mount",-0.298,-0.169,0.013,0.343,-0.021,0.126,12,E,54,S,,,356381,115.63,0
1413,3285.686,"Mount",0.364,0.428,-0.212,-0.521,-0.141,-0.182,81,E,78,N,,,367341,122.76,0
1414,3287.836,"Mount",-0.116,-0.112,0.046,0.154,-0.049,0.048,28,E,21,S,,,407792,161.97,0
1415,3290.267,"Mount",-0.099,0.040,-0.081,0.069,-0.067,0.027,38,E,11,S,,,369500,135.75,0
1416,3292.373,"Mount",-0.020,-0.092,0.072,0.061,-0.000,0.023,0,,10,S,,,400198,132.99,0
1417,3294.713,"Mount",0.021,-0.063,0.066,0.010,0.004,0.000,2,W,0,,,,396841,130.19,0
1418,3296.896,"Mount",-0.045,-0.090,0.059,0.082,0.013,0.029,7,W,13,S,,,381562,122.90,0
1419,3299.329,"Mount",0.223,-0.122,0.211,-0.142,0.106,-0.050,61,W,21,N,,,376835,119.86,0
1420,3301.488,"Mount",-0.088,-0.118,0.065,0.133,0.067,0.046,38,W,20,S,,,370907,118.76,0
1421,3304.016,"Mount",-0.036,-0.067,0.043,0.063,0.049,0.025,28,W,10,S,,,360379,128.56,0
1422,3306.200,"Mount",-0.013,-0.105,0.087,0.060,0.081,0.000,46,W,0,,,,371243,121.73,0
1423,3308.586,"Mount",0.143,0.105,-0.028,-0.176,0.041,-0.063,24,W,27,N,,,372362,123.69,0
1424,3310.683,"Mount",-0.098,0.074,-0.111,0.053,-0.001,0.000,0,,0,,,,365243,132.08,0
1425,3313.113,"Mount",-0.152,0.077,-0.138,0.099,-0.035,0.036,20,E,15,S,,,356479,144.89,0
1426,3315.359,"Mount",-0.113,-0.000,-0.052,0.100,0.010,0.038,5,W,16,S,,,401206,123.87,0
1427,3317.714,"Mount",-0.081,0.091,-0.118,0.029,-0.032,0.000,19,E,0,,,,382902,128.89,0
1428,3319.804,"Mount",-0.032,0.112,-0.114,-0.023,-0.051,0.000,29,E,0,,,,331150,128.19,0
1429,3322.214,"Mount",-0.006,0.249,-0.224,-0.110,-0.106,-0.039,60,E,17,N,,,309221,121.76,0
1430,3324.363,"Mount",-0.069,0.024,-0.054,0.050,-0.003,0.000,1,E,0,,,,306360,132.82,0
1431,3326.831,"Mount",-0.181,-0.047,-0.042,0.182,-0.001,0.065,1,E,28,S,,,321899,125.87,0
1432,3329.012,"Mount",0.005,0.049,-0.042,-0.027,-0.015,0.000,9,E,0,,,,310074,119.10,0
1433,3331.427,"Mount",0.135,0.182,-0.100,-0.204,-0.069,-0.073,39,E,31,N,,,278418,110.19,0
1434,3333.620,"Mount",-0.320,-0.097,-0.062,0.328,-0.048,0.115,27,E,49,S,,,275994,103.91,0
1435,3336.082,"Mount",0.366,0.240,-0.044,-0.435,-0.023,-0.152,13,E,65,N,,,244239,91.15,0
1436,3338.308,"Mount",-0.152,-0.019,-0.053,0.144,-0.029,0.046,17,E,20,S,,,265133,108.94,0
1437,3340.728,"Mount",-0.208,-0.189,0.072,0.272,0.032,0.100,18,W,43,S,,,330096,126.33,0
1438,3342.886,"Mount",0.138,-0.006,0.069,-0.120,0.019,-0.039,11,W,17,N,,,346681,110.71,0
1439,3345.323,"Mount",0.255,-0.057,0.168,-0.199,0.069,-0.073,39,W,31,N,,,393997,152.52,0
1440,3347.539,"Mount",-0.096,-0.149,0.088,0.154,0.042,0.053,24,W,22,S,,,354523,126.86,0
1441,3349.938,"Mount",0.017,0.003,0.006,-0.017,-0.001,0.000,1,E,0,,,,337704,130.26,0
1442,3352.150,"Mount",0.185,0.007,0.079,-0.168,0.055,-0.060,31,W,26,N,,,373184,128.67,0
1443,3354.576,"Mount",-0.143,-0.223,0.132,0.230,0.110,0.080,63,W,34,S,,,372196,141.86,0
1444,3356.741,"Mount",0.020,-0.111,0.108,0.033,0.101,0.000,58,W,0,,,,391138,140.42,0
1445,3359.101,"Mount",0.039,0.036,-0.014,-0.051,0.059,0.000,34,W,0,,,,410952,162.37,0
1446,3361.188,"Mount",-0.110,0.106,-0.144,0.048,0.003,0.000,2,W,0,,,,435892,127.72,0
1447,3363.620,"Mount",0.073,0.038,-0.000,-0.082,0.054,-0.030,31,W,13,N,,,413683,140.75,0
1448,3365.771,"Mount",-0.143,0.087,-0.144,0.087,-0.029,0.030,17,E,13,S,,,432919,133.39,0
1449,3368.283,"Mount",-0.110,0.344,-0.356,-0.062,-0.147,-0.021,84,E,9,N,,,452961,137.28,0
1450,3370.508,"Mount",-0.010,0.219,-0.199,-0.092,-0.106,-0.034,61,E,15,N,,,432817,136.44,0
1451,3372.936,"Mount",-0.122,0.268,-0.294,-0.015,-0.188,0.000,107,E,0,,,,378343,143.87,0
1452,3375.203,"Mount",-0.150,0.085,-0.145,0.094,-0.139,0.034,79,E,14,S,,,371524,120.30,0
1453,3377.677,"Mount",-0.169,0.027,-0.102,0.137,-0.113,0.051,64,E,22,S,,,381063,125.65,0
1454,3379.951,"Mount",0.059,0.107,-0.068,-0.102,-0.120,-0.035,68,E,15,N,,,399231,128.16,0
1455,3382.280,"Mount",0.058,-0.023,0.048,-0.041,-0.080,0.000,46,E,0,,,,434013,127.51,0
1456,3384.490,"Mount",0.000,0.133,-0.118,-0.062,-0.125,-0.022,71,E,9,N,,,422803,120.70,0
1457,3386.860,"Mount",-0.017,0.151,-0.142,-0.055,-0.137,0.000,78,E,0,,,,457731,132.48,0
1458,3389.122,"Mount",0.090,0.104,-0.051,-0.128,-0.073,-0.046,42,E,20,N,,,439032,159.84,0
1459,3391.523,"Mount",-0.023,0.031,-0.038,0.006,-0.104,0.000,60,E,0,,,,468901,168.27,0
1460,3393.668,"Mount",0.007,-0.019,0.020,0.002,-0.098,0.000,56,E,0,,,,412291,123.72,0
1461,3396.134,"Mount",-0.087,0.003,-0.043,0.076,-0.090,0.027,51,E,12,S,,,459174,151.74,0
1462,3398.361,"Mount",0.016,-0.050,0.052,0.009,-0.083,0.000,48,E,0,,,,418807,135.19,0
1463,3400.874,"Mount",-0.142,-0.126,0.046,0.184,-0.102,0.066,58,E,28,S,,,467945,166.76,0
1464,3403.027,"Mount",0.098,-0.148,0.176,-0.018,-0.011,0.000,6,E,0,,,,445842,153.64,0
1465,3405.314,"Mount",0.082,-0.108,0.133,-0.023,-0.017,0.000,10,E,0,,,,405339,122.13,0
1466,3407.621,"Mount",0.032,0.082,-0.058,-0.066,-0.072,-0.024,41,E,10,N,,,434280,149.01,0
1467,3410.071,"Mount",-0.007,-0.192,0.167,0.095,0.017,0.033,10,W,14,S,,,431736,120.85,0
1468,3412.170,"Mount",0.072,-0.068,0.094,-0.033,-0.014,0.000,8,E,0,,,,471866,125.14,0
1469,3414.525,"Mount",0.173,-0.022,0.099,-0.143,0.017,-0.052,10,W,22,N,,,457075,150.87,0
1470,3416.721,"Mount",-0.098,0.028,-0.069,0.074,-0.062,0.024,35,E,10,S,,,432788,130.76,0
1471,3419.088,"Mount",-0.068,0.141,-0.157,-0.005,-0.089,0.000,51,E,0,,,,409887,130.96,0
1472,3421.269,"Mount",-0.085,-0.019,-0.022,0.085,-0.032,0.030,18,E,13,S,,,438395,134.77,0
1473,3423.688,"Mount",-0.138,0.008,-0.071,0.119,-0.070,0.044,40,E,19,S,,,453883,140.92,0
1474,3425.901,"Mount",-0.099,0.152,-0.180,0.018,-0.115,0.000,66,E,0,,,,451875,132.29,0
1475,3428.304,"Mount",-0.055,0.157,-0.164,-0.024,-0.129,0.000,74,E,0,,,,434525,164.71,0
1476,3430.613,"Mount",0.196,0.410,-0.274,-0.364,-0.204,-0.131,117,E,56,N,,,471574,149.31,0
1477,3433.132,"Mount",-0.272,0.167,-0.273,0.165,-0.235,0.054,135,E,23,S,,,393452,155.06,0
1478,3435.458,"Mount",-0.265,0.140,-0.246,0.170,-0.272,0.063,155,E,27,S,,,473076,131.18,0
1479,3438.013,"Mount",-0.235,0.222,-0.305,0.106,-0.315,0.041,180,E,17,S,,,417174,132.60,0
1480,3440.395,"Mount",-0.241,0.226,-0.312,0.109,-0.344,0.041,197,E,17,S,,,416969,122.54,0
1481,3442.920,"Mount",-0.026,0.169,-0.162,-0.055,-0.304,0.000,174,E,0,,,,451660,141.46,0
1482,3445.274,"Mount",0.073,0.080,-0.037,-0.102,-0.236,-0.037,135,E,16,N,,,386488,118.88,0
1483,3447.771,"Mount",-0.071,0.063,-0.089,0.034,-0.295,0.000,169,E,0,,,,426891,132.20,0
1484,3450.044,"Mount",-0.075,0.088,-0.113,0.026,-0.308,0.000,176,E,0,,,,412240,126.33,0
1485,3452.583,"Mount",0.064,0.050,-0.014,-0.080,-0.267,-0.029,152,E,12,N,,,442121,141.78,0
1486,3454.794,"Mount",0.093,-0.103,0.134,-0.035,-0.158,0.000,90,E,0,,,,418288,120.43,0
1487,3457.321,"Mount",-0.130,-0.048,-0.018,0.138,-0.189,0.050,108,E,21,S,,,434416,133.60,0
1488,3459.467,"Mount",0.124,-0.215,0.248,-0.011,-0.034,0.000,20,E,0,,,,443035,124.47,0
1489,3461.797,"Mount",0.105,-0.098,0.135,-0.048,-0.081,0.000,46,E,0,,,,439975,159.90,0
1490,3463.948,"Mount",0.036,-0.074,0.083,0.002,-0.071,0.000,41,E,0,,,,421832,132.55,0
1491,3466.365,"Mount",0.072,0.031,0.006,-0.079,-0.113,-0.028,65,E,12,N,,,446514,137.16,0
1492,3468.439,"Mount",0.032,-0.149,0.147,0.040,-0.043,0.000,24,E,0,,,,440147,145.03,0
1493,3470.884,"Mount",-0.058,-0.084,0.048,0.090,-0.096,0.032,55,E,14,S,,,443828,130.94,0
1494,3473.113,"Mount",0.117,-0.020,0.071,-0.094,-0.084,-0.033,48,E,14,N,,,431262,138.22,0
1495,3475.452,"Mount",0.051,-0.220,0.219,0.056,-0.039,0.000,22,E,0,,,,427707,139.82,0
1496,3477.631,"Mount",0.076,-0.102,0.126,-0.020,-0.058,0.000,33,E,0,,,,400220,125.53,0
1497,3480.045,"Mount",-0.001,-0.171,0.151,0.080,-0.036,0.029,21,E,12,S,,,464993,141.21,0
1498,3482.319,"Mount",-0.039,-0.076,0.049,0.070,-0.078,0.026,45,E,11,S,,,402242,122.42,0
1499,3484.716,"Mount",-0.061,-0.211,0.159,0.152,-0.001,0.056,1,E,24,S,,,411216,141.81,0
1500,3486.868,"Mount",0.082,0.048,-0.005,-0.095,-0.073,-0.032,42,E,14,N,,,423827,123.75,0
1501,3489.287,"Mount",-0.063,0.008,-0.036,0.052,-0.057,0.000,33,E,0,,,,467121,135.94,0
1502,3491.618,"Mount",-0.074,-0.136,0.086,0.128,-0.044,0.046,25,E,20,S,,,387956,142.55,0
1503,3493.981,"Mount",0.015,-0.015,0.020,-0.007,-0.068,0.000,39,E,0,,,,449472,149.20,0
1504,3496.151,"Mount",0.197,0.017,0.075,-0.183,-0.040,-0.066,23,E,28,N,,,436321,133.32,0
1505,3498.476,"Mount",-0.005,0.002,-0.004,0.003,-0.057,0.000,32,E,0,,,,426361,144.29,0
1506,3500.610,"Mount",-0.063,-0.121,0.079,0.112,0.002,0.040,1,W,17,S,,,411816,141.84,0
1507,3503.060,"Mount",-0.019,-0.149,0.123,0.086,0.036,0.033,21,W,14,S,,,434536,142.36,0
1508,3505.259,"Mount",0.116,-0.092,0.135,-0.061,0.053,-0.021,30,W,9,N,,,449476,144.16,0
1509,3507.705,"Mount",0.055,0.074,-0.041,-0.083,0.030,-0.031,17,W,13,N,,,414993,131.38,0
1510,3509.904,"Mount",0.050,-0.152,0.158,0.025,0.115,0.000,66,W,0,,,,443115,144.06,0
1511,3512.401,"Mount",-0.128,-0.256,0.168,0.232,0.127,0.084,73,W,36,S,,,470079,142.57,0
1512,3514.679,"Mount",0.214,-0.155,0.237,-0.118,0.144,-0.039,82,W,17,N,,,420605,140.10,0
1513,3517.076,"Mount",0.127,-0.005,0.063,-0.110,0.085,-0.041,48,W,18,N,,,423114,133.85,0
1514,3519.240,"Mount",0.112,-0.232,0.257,0.007,0.156,0.000,89,W,0,,,,473526,157.31,0
1515,3521.672,"Mount",0.133,-0.238,0.272,-0.008,0.167,0.000,96,W,0,,,,478316,155.60,0
1516,3523.867,"Mount",0.146,-0.185,0.231,-0.044,0.146,0.000,83,W,0,,,,422739,131.64,0
1517,3526.275,"Mount",0.083,-0.098,0.125,-0.029,0.119,0.000,68,W,0,,,,456898,150.04,0
1518,3528.532,"Mount",0.159,-0.115,0.175,-0.088,0.164,-0.032,94,W,13,N,,,405391,127.74,0
1519,3531.227,"Mount",0.022,-0.230,0.214,0.087,0.225,0.030,129,W,13,S,,,447152,127.41,0
1520,3533.522,"Mount",0.082,-0.076,0.105,-0.037,0.198,0.000,113,W,0,,,,495186,163.45,0
1521,3535.978,"Mount",0.122,-0.268,0.294,0.015,0.315,0.000,180,W,0,,,,439564,139.74,0
1522,3538.347,"Mount",-0.145,-0.175,0.088,0.210,0.200,0.075,114,W,32,S,,,445278,164.86,0
1523,3540.795,"Mount",-0.001,0.046,-0.041,-0.020,0.161,0.000,92,W,0,,,,470116,135.70,0
1524,3542.975,"Mount",-0.191,0.235,-0.297,0.061,0.026,0.022,15,W,9,S,,,398096,137.93,0
1525,3545.438,"Mount",-0.039,0.279,-0.266,-0.094,0.009,-0.033,5,W,14,N,,,429178,139.57,0
1526,3547.651,"Mount",-0.205,0.353,-0.408,0.019,-0.099,0.000,57,E,0,,,,401577,127.85,0
1527,3550.086,"Mount",-0.090,0.001,-0.042,0.079,0.055,0.029,31,W,12,S,,,406179,136.23,0
1528,3552.392,"Mount",-0.328,0.333,-0.447,0.138,-0.183,0.051,104,E,22,S,,,431764,158.62,0
1529,3554.734,"Mount",-0.036,0.169,-0.167,-0.047,-0.081,0.000,47,E,0,,,,437398,126.31,0
1530,3556.854,"Mount",-0.098,0.145,-0.174,0.020,-0.092,0.000,53,E,0,,,,421640,133.41,0
1531,3559.271,"Mount",0.006,0.139,-0.121,-0.069,-0.087,-0.025,50,E,11,N,,,428945,140.15,0
1532,3561.452,"Mount",0.014,-0.058,0.058,0.014,-0.061,0.000,35,E,0,,,,396783,121.91,0
1533,3563.836,"Mount",-0.078,-0.093,0.046,0.112,-0.056,0.040,32,E,17,S,,,450899,153.15,0
1534,3566.097,"Mount",-0.190,-0.088,-0.010,0.209,-0.059,0.077,34,E,33,S,,,416740,124.67,0
1535,3568.486,"Mount",-0.018,-0.251,0.214,0.131,0.046,0.050,26,W,22,S,,,443343,142.57,0
1536,3570.760,"Mount",0.175,-0.166,0.228,-0.079,0.094,-0.026,54,W,11,N,,,421474,145.97,0
1537,3573.255,"Mount",0.011,-0.202,0.184,0.084,0.105,0.029,60,W,12,S,,,406425,115.09,0
1538,3575.432,"Mount",0.120,-0.235,0.263,0.002,0.161,0.000,92,W,0,,,,403497,138.23,0
1539,3577.939,"Mount",0.207,-0.348,0.404,-0.023,0.259,0.000,148,W,0,,,,444422,128.54,0
1540,3580.209,"Mount",-0.121,-0.251,0.168,0.223,0.169,0.080,97,W,34,S,,,460362,146.15,0
1541,3582.705,"Mount",-0.058,-0.333,0.269,0.205,0.231,0.077,132,W,33,S,,,395114,165.03,0
1542,3584.947,"Mount",0.182,-0.272,0.325,-0.035,0.264,0.000,151,W,0,,,,413354,126.66,0
1543,3587.504,"Mount",0.122,-0.131,0.173,-0.048,0.174,0.000,99,W,0,,,,466776,164.26,0
1544,3589.747,"Mount",0.091,-0.228,0.244,0.024,0.224,0.000,128,W,0,,,,436007,120.71,0
1545,3592.195,"Mount",0.132,-0.291,0.319,0.018,0.287,0.000,164,W,0,,,,440488,143.08,0
1546,3594.608,"Mount",0.219,-0.653,0.680,0.107,0.460,0.038,263,W,16,S,,,409695,134.77,0
1547,3596.994,"Mount",0.069,-0.007,0.038,-0.058,0.210,0.000,120,W,0,,,,423471,136.58,0
1548,3599.280,"Mount",0.071,0.006,0.028,-0.066,0.207,-0.024,118,W,10,N,,,443299,141.41,0
1549,3601.835,"Mount",-0.010,0.017,-0.020,0.001,0.250,0.000,143,W,0,,,,408261,126.51,0
1550,3604.173,"Mount",-0.181,-0.101,0.006,0.207,0.218,0.075,125,W,32,S,,,424457,125.87,0
1551,3606.493,"Mount",-0.162,0.190,-0.243,0.056,0.067,0.000,38,W,0,,,,436570,139.17,0
1552,3608.595,"Mount",-0.090,0.226,-0.242,-0.025,0.059,0.000,33,W,0,,,,435819,116.93,0
1553,3610.918,"Mount",-0.147,0.310,-0.343,-0.012,-0.003,0.000,2,E,0,,,,415209,122.37,0
1554,3613.020,"Mount",-0.107,0.315,-0.329,-0.050,-0.030,0.000,17,E,0,,,,452151,137.32,0
1555,3615.386,"Mount",-0.043,0.286,-0.274,-0.095,-0.023,-0.034,13,E,15,N,,,451796,133.33,0
1556,3617.561,"Mount",-0.223,0.171,-0.254,0.119,-0.061,0.042,35,E,18,S,,,461900,171.69,0
1557,3619.913,"Mount",-0.091,0.140,-0.167,0.016,-0.045,0.000,26,E,0,,,,492271,142.26,0
1558,3622.170,"Mount",-0.300,0.341,-0.440,0.109,-0.171,0.039,98,E,17,S,,,428226,132.33,0
1559,3624.520,"Mount",-0.128,-0.001,-0.058,0.114,0.003,0.043,2,W,18,S,,,402388,128.09,0
1560,3626.641,"Mount",-0.069,0.027,-0.055,0.049,-0.020,0.000,11,E,0,,,,466323,158.46,0
1561,3629.102,"Mount",-0.136,0.013,-0.074,0.114,-0.053,0.041,30,E,18,S,,,466960,142.36,0
1562,3631.240,"Mount",0.090,0.081,-0.030,-0.117,-0.011,-0.040,6,E,17,N,,,468314,151.11,0
1563,3633.652,"Mount",-0.107,-0.085,0.026,0.134,-0.031,0.047,17,E,20,S,,,446900,139.62,0
1564,3635.822,"Mount",-0.047,-0.033,0.008,0.057,-0.037,0.000,21,E,0,,,,438021,148.68,0
1565,3638.259,"Mount",-0.014,0.018,-0.022,0.004,-0.024,0.000,14,E,0,,,,449356,158.15,0
1566,3640.514,"Mount",-0.011,-0.176,0.151,0.091,0.057,0.033,33,W,14,S,,,448710,150.54,0
1567,3642.931,"Mount",0.049,-0.286,0.276,0.089,0.120,0.033,69,W,14,S,,,404451,128.92,0
1568,3645.142,"Mount",0.107,-0.072,0.113,-0.062,0.062,-0.021,35,W,9,N,,,447277,136.55,0
1569,3647.576,"Mount",0.108,-0.282,0.300,0.035,0.179,0.000,102,W,0,,,,449823,135.62,0
1570,3649.731,"Mount",0.083,-0.090,0.118,-0.032,0.105,0.000,60,W,0,,,,420616,129.38,0
1571,3652.023,"Mount",-0.057,0.093,-0.109,0.008,0.010,0.000,6,W,0,,,,435292,156.47,0
1572,3654.139,"Mount",-0.048,0.014,-0.035,0.036,0.047,0.000,27,W,0,,,,396914,120.93,0
1573,3656.506,"Mount",-0.071,-0.044,0.007,0.083,0.034,0.030,19,W,13,S,,,434018,159.14,0
1574,3658.616,"Mount",-0.091,0.049,-0.086,0.058,-0.013,0.000,7,E,0,,,,451702,142.99,0
1575,3661.014,"Mount",-0.046,-0.073,0.044,0.075,-0.004,0.027,2,E,12,S,,,406132,126.96,0
1576,3663.181,"Mount",0.054,0.065,-0.033,-0.078,-0.003,-0.027,2,E,12,N,,,445945,131.56,0
1577,3665.553,"Mount",-0.041,0.143,-0.146,-0.029,-0.075,0.000,43,E,0,,,,456814,138.69,0
1578,3667.829,"Mount",0.141,-0.004,0.068,-0.123,0.021,-0.044,12,W,19,N,,,430730,132.34,0
1579,3670.304,"Mount",-0.142,0.074,-0.131,0.091,-0.078,0.031,45,E,13,S,,,437612,134.96,0
1580,3672.531,"Mount",-0.107,-0.003,-0.046,0.096,-0.019,0.036,11,E,15,S,,,428662,156.18,0
1581,3674.868,"Mount",-0.083,-0.005,-0.034,0.076,-0.018,0.029,11,E,12,S,,,396742,132.27,0
1582,3676.942,"Mount",-0.011,0.055,-0.053,-0.016,-0.045,0.000,26,E,0,,,,420447,141.80,0
1583,3679.266,"Mount",-0.044,-0.042,0.017,0.059,-0.049,0.000,28,E,0,,,,473136,133.36,0
1584,3681.368,"Mount",0.001,-0.043,0.039,0.019,-0.027,0.000,15,E,0,,,,402978,139.69,0
1585,3683.731,"Mount",0.120,0.006,0.050,-0.109,-0.025,-0.039,14,E,17,N,,,431340,151.06,0
1586,3685.898,"Mount",-0.113,-0.047,-0.010,0.122,-0.031,0.042,18,E,18,S,,,391172,118.50,0
1587,3688.267,"Mount",-0.102,-0.064,0.010,0.120,0.001,0.045,0,,19,S,,,429404,134.24,0
1588,3690.478,"Mount",-0.080,-0.236,0.172,0.180,0.079,0.066,45,W,28,S,,,441713,160.73,0
1589,3692.882,"Mount",-0.064,-0.188,0.137,0.144,0.066,0.054,38,W,23,S,,,428316,139.71,0
1590,3695.105,"Mount",-0.032,-0.205,0.167,0.123,0.095,0.046,54,W,20,S,,,425360,128.22,0
1591,3697.523,"Mount",-0.094,-0.064,0.013,0.113,0.037,0.043,21,W,18,S,,,413100,131.59,0
1592,3699.780,"Mount",-0.021,-0.078,0.060,0.055,0.050,0.000,28,W,0,,,,395427,135.67,0
1593,3702.272,"Mount",-0.075,-0.233,0.172,0.174,0.143,0.063,82,W,27,S,,,403551,144.34,0
1594,3704.483,"Mount",-0.066,-0.100,0.059,0.105,0.068,0.040,39,W,17,S,,,384014,131.63,0
1595,3706.869,"Mount",0.027,-0.088,0.091,0.017,0.102,0.000,59,W,0,,,,444551,131.01,0
1596,3709.140,"Mount",-0.129,-0.047,-0.018,0.136,0.056,0.049,32,W,21,S,,,437114,132.31,0
1597,3711.496,"Mount",-0.019,0.096,-0.094,-0.027,-0.015,0.000,8,E,0,,,,426074,135.72,0
1598,3713.567,"Mount",-0.026,-0.004,-0.008,0.025,0.007,0.000,4,W,0,,,,400995,138.83,0
1599,3715.991,"Mount",-0.007,0.224,-0.202,-0.097,-0.097,-0.035,55,E,15,N,,,416068,137.19,0
1600,3718.266,"Mount",-0.151,0.095,-0.154,0.089,-0.092,0.031,53,E,13,S,,,509534,152.45,0
1601,3720.746,"Mount",-0.149,0.068,-0.129,0.100,-0.110,0.037,63,E,16,S,,,471446,164.26,0
1602,3722.992,"Mount",-0.121,0.025,-0.078,0.096,-0.115,0.036,66,E,15,S,,,397929,119.80,0
1603,3725.398,"Mount",-0.099,0.244,-0.263,-0.025,-0.208,0.000,119,E,0,,,,434351,128.35,0
1604,3727.535,"Mount",0.024,0.005,0.007,-0.024,-0.107,0.000,61,E,0,,,,379715,135.11,0
1605,3730.028,"Mount",0.073,0.036,0.002,-0.082,-0.115,-0.029,66,E,13,N,,,435444,133.14,0
1606,3732.272,"Mount",-0.075,0.063,-0.090,0.038,-0.148,0.000,85,E,0,,,,433216,131.65,0
1607,3734.656,"Mount",-0.083,-0.080,0.032,0.111,-0.098,0.040,56,E,17,S,,,375921,122.94,0
1608,3736.743,"Mount",0.029,-0.144,0.141,0.041,-0.031,0.000,18,E,0,,,,406999,120.81,0
1609,3739.223,"Mount",-0.120,-0.034,-0.026,0.122,-0.105,0.044,60,E,19,S,,,394115,138.17,0
1610,3741.434,"Mount",-0.109,0.033,-0.080,0.082,-0.109,0.031,62,E,13,S,,,457753,144.94,0
1611,3743.881,"Mount",0.004,-0.224,0.201,0.099,0.011,0.037,6,W,16,S,,,450221,152.42,0
1612,3746.140,"Mount",-0.056,-0.075,0.041,0.084,-0.083,0.032,47,E,14,S,,,449615,167.15,0
1613,3748.479,"Mount",-0.038,0.009,-0.025,0.030,-0.089,0.000,51,E,0,,,,407456,123.11,0
1614,3750.674,"Mount",-0.053,-0.211,0.163,0.144,-0.011,0.052,7,E,22,S,,,387798,120.26,0
1615,3753.066,"Mount",0.137,-0.121,0.171,-0.066,-0.007,-0.022,4,E,9,N,,,418325,137.20,0
1616,3755.200,"Mount",0.093,-0.161,0.186,-0.008,0.007,0.000,4,W,0,,,,483839,152.94,0
1617,3757.710,"Mount",-0.065,-0.270,0.210,0.183,0.049,0.066,28,W,28,S,,,437079,137.41,0
1618,3759.883,"Mount",-0.039,-0.072,0.046,0.068,-0.045,0.027,26,E,12,S,,,441271,158.23,0
1619,3762.252,"Mount",0.044,0.048,-0.022,-0.061,-0.018,-0.021,10,E,9,N,,,407219,138.02,0
1620,3764.397,"Mount",0.093,0.050,-0.002,-0.105,-0.024,-0.039,14,E,17,N,,,416736,125.96,0
1621,3766.712,"Mount",-0.058,0.066,-0.085,0.021,-0.061,0.000,35,E,0,,,,460592,145.39,0
1622,3768.791,"Mount",-0.031,0.038,-0.048,0.010,-0.028,0.000,16,E,0,,,,427842,147.28,0
1623,3771.201,"Mount",-0.155,0.022,-0.091,0.128,-0.083,0.046,48,E,20,S,,,437150,142.17,0
1624,3773.384,"Mount",-0.019,0.127,-0.122,-0.042,-0.111,0.000,64,E,0,,,,426679,135.61,0
1625,3775.785,"Mount",-0.119,0.248,-0.275,-0.009,-0.202,0.000,116,E,0,,,,450029,153.61,0
1626,3778.027,"Mount",-0.087,0.129,-0.154,0.017,-0.176,0.000,100,E,0,,,,445851,155.71,0
1627,3780.515,"Mount",-0.097,0.310,-0.320,-0.057,-0.269,0.000,154,E,0,,,,414160,128.99,0
1628,3782.837,"Mount",-0.301,0.373,-0.470,0.095,-0.377,0.034,215,E,15,S,,,407794,122.37,0
1629,3785.487,"Mount",-0.218,0.145,-0.230,0.126,-0.314,0.047,180,E,20,S,,,385265,136.78,0
1630,3787.845,"Mount",-0.263,0.013,-0.133,0.228,-0.279,0.084,159,E,36,S,,,418390,126.89,0
1631,3790.468,"Mount",-0.233,0.021,-0.126,0.197,-0.312,0.074,178,E,32,S,,,408534,131.96,0
1632,3792.754,"Mount",-0.104,0.047,-0.090,0.071,-0.292,0.028,167,E,12,S,,,410579,153.36,0
1633,3795.247,"Mount",0.039,0.024,-0.003,-0.045,-0.280,0.000,160,E,0,,,,456642,137.14,0
1634,3797.588,"Mount",-0.076,0.034,-0.065,0.052,-0.289,0.000,165,E,0,,,,430696,126.25,0
1635,3800.051,"Mount",0.024,-0.046,0.052,0.000,-0.254,0.000,146,E,0,,,,439488,133.09,0
1636,3802.398,"Mount",-0.139,-0.064,-0.007,0.153,-0.191,0.055,109,E,24,S,,,413888,124.16,0
1637,3804.863,"Mount",-0.060,-0.171,0.124,0.132,-0.114,0.050,65,E,21,S,,,460681,135.54,0
1638,3807.023,"Mount",0.169,-0.138,0.201,-0.086,-0.057,-0.029,32,E,12,N,,,450771,143.30,0
1639,3809.436,"Mount",0.006,-0.218,0.197,0.095,-0.063,0.033,36,E,14,S,,,376978,111.56,0
1640,3811.575,"Mount",0.037,-0.184,0.180,0.052,-0.029,0.000,17,E,0,,,,417016,141.36,0
1641,3814.097,"Mount",-0.100,-0.159,0.095,0.162,-0.071,0.058,41,E,25,S,,,420135,128.72,0
1642,3816.214,"Mount",0.133,-0.259,0.291,0.001,0.023,0.000,13,W,0,,,,458596,150.45,0
1643,3818.581,"Mount",0.186,-0.126,0.197,-0.107,-0.020,-0.038,11,E,16,N,,,466888,151.36,0
1644,3820.747,"Mount",0.017,-0.048,0.051,0.007,-0.102,0.000,58,E,0,,,,446090,134.23,0
1645,3823.102,"Mount",-0.008,-0.104,0.088,0.055,-0.058,0.000,33,E,0,,,,430636,146.07,0
1646,3825.283,"Mount",-0.078,-0.105,0.057,0.118,-0.092,0.042,53,E,18,S,,,434166,140.14,0
1647,3827.644,"Mount",0.039,-0.040,0.054,-0.016,-0.092,0.000,53,E,0,,,,447079,128.35,0
1648,3829.733,"Mount",0.142,-0.202,0.245,-0.033,0.021,0.000,12,W,0,,,,392215,116.13,0
1649,3832.135,"Mount",0.034,-0.200,0.193,0.062,-0.000,0.022,0,,10,S,,,424211,133.45,0
1650,3834.296,"Mount",0.102,-0.240,0.260,0.020,0.040,0.000,23,W,0,,,,448962,141.83,0
1651,3836.622,"Mount",0.103,-0.112,0.147,-0.039,0.009,0.000,5,W,0,,,,465384,137.42,0
1652,3838.742,"Mount",-0.047,0.021,-0.040,0.032,-0.066,0.000,38,E,0,,,,410809,133.58,0
1653,3841.091,"Mount",0.013,-0.082,0.079,0.026,-0.027,0.000,15,E,0,,,,431477,131.35,0
1654,3843.242,"Mount",0.015,-0.006,0.012,-0.011,-0.059,0.000,34,E,0,,,,448331,147.81,0
1655,3845.597,"Mount",-0.018,-0.023,0.012,0.026,-0.054,0.000,31,E,0,,,,438797,143.42,0
1656,3847.795,"Mount",0.135,-0.048,0.105,-0.098,0.012,-0.035,7,W,15,N,,,430911,141.88,0
1657,3850.221,"Mount",0.061,0.088,-0.050,-0.094,-0.039,-0.035,22,E,15,N,,,406558,139.53,0
1658,3852.372,"Mount",0.104,-0.102,0.138,-0.045,0.041,0.000,23,W,0,,,,433975,145.95,0
1659,3854.770,"Mount",0.043,-0.160,0.162,0.036,0.068,0.000,39,W,0,,,,456056,160.28,0
1660,3856.946,"Mount",0.031,-0.230,0.219,0.079,0.123,0.028,70,W,12,S,,,416023,126.67,0
1661,3859.395,"Mount",-0.073,-0.220,0.162,0.166,0.117,0.061,67,W,26,S,,,424724,131.44,0
1662,3861.777,"Mount",-0.001,-0.185,0.164,0.086,0.122,0.034,69,W,14,S,,,410034,150.63,0
1663,3864.192,"Mount",0.250,-0.033,0.145,-0.206,0.127,-0.073,73,W,31,N,,,447948,151.62,0
1664,3866.321,"Mount",0.081,-0.169,0.187,0.006,0.144,0.000,82,W,0,,,,417736,135.88,0
1665,3868.738,"Mount",0.065,-0.104,0.122,-0.009,0.132,0.000,76,W,0,,,,409095,123.11,0
1666,3870.946,"Mount",0.008,-0.092,0.085,0.036,0.149,0.000,85,W,0,,,,456035,144.14,0
1667,3873.475,"Mount",-0.071,-0.169,0.117,0.141,0.149,0.051,85,W,22,S,,,442249,151.06,0
1668,3875.702,"Mount",0.023,-0.140,0.135,0.044,0.199,0.000,114,W,0,,,,437132,147.99,0
1669,3878.165,"Mount",0.091,-0.085,0.117,-0.042,0.181,0.000,104,W,0,,,,457702,142.44,0
1670,3880.424,"Mount",-0.128,-0.100,0.030,0.159,0.124,0.057,71,W,25,S,,,436088,178.31,0
1671,3884.979,"Mount",0.010,-0.127,0.117,0.050,0.271,0.000,155,W,0,,,,433781,137.69,0
INFO: SET LOCK POSITION, new lock pos = 563.431, 581.930
INFO: DITHER by 9.633, 10.289, new lock pos = 558.734, 568.642
INFO: SETTLING STATE CHANGE, Settling started
1672,3887.374,"Mount",-0.060,-0.008,-0.021,0.057,0.152,0.000,87,W,0,,,,428805,147.22,0
1673,3899.538,"Mount",4.697,13.288,-9.633,-10.289,-9.633,-10.289,5507,E,4401,N,,,468256,153.22,0
1674,3902.628,"Mount",-2.843,0.077,-1.377,2.486,-0.620,0.895,354,E,383,S,,,459924,163.38,0
1675,3905.230,"Mount",-1.310,0.594,-1.130,0.888,-0.509,0.355,291,E,152,S,,,453145,144.77,0
1676,3907.852,"Mount",0.044,0.625,-0.534,-0.327,-0.241,-0.104,138,E,44,N,,,443877,136.41,0
1677,3910.097,"Mount",0.205,0.252,-0.130,-0.298,-0.058,-0.111,33,E,48,N,,,435363,131.61,0
1678,3912.430,"Mount",-0.082,0.128,-0.151,0.014,-0.068,0.000,39,E,0,,,,419363,127.22,0
1679,3914.564,"Mount",-0.087,-0.034,-0.010,0.093,-0.004,0.033,3,E,14,S,,,425473,135.46,0
1680,3916.942,"Mount",0.165,0.201,-0.102,-0.239,-0.046,-0.085,26,E,36,N,,,420191,120.73,0
1681,3919.173,"Mount",-0.207,-0.222,0.101,0.286,0.046,0.099,26,W,43,S,,,408811,118.38,0
1682,3921.513,"Mount",0.047,-0.012,0.032,-0.036,0.014,0.000,8,W,0,,,,425516,135.38,0
1683,3923.664,"Mount",0.081,-0.053,0.084,-0.047,0.038,0.000,22,W,0,,,,425184,132.32,0
1684,3926.205,"Mount",0.170,-0.024,0.100,-0.140,0.105,-0.050,60,W,22,N,,,441165,147.12,0
1685,3928.468,"Mount",0.105,-0.259,0.279,0.027,0.216,0.000,123,W,0,,,,433220,130.25,0
1686,3931.043,"Mount",-0.107,-0.464,0.362,0.309,0.277,0.111,158,W,48,S,,,434996,122.33,0
1687,3933.334,"Mount",0.049,-0.274,0.266,0.084,0.255,0.035,146,W,15,S,,,449628,142.08,0
1688,3935.858,"Mount",-0.116,-0.175,0.102,0.183,0.206,0.067,118,W,29,S,,,433499,128.81,0
1689,3938.194,"Mount",0.145,-0.138,0.189,-0.065,0.256,-0.021,146,W,9,N,,,420764,125.96,0
INFO: SETTLING STATE CHANGE, Settling complete
1690,3940.706,"Mount",0.272,0.078,0.056,-0.277,0.221,-0.101,126,W,43,N,,,431349,137.01,0
1691,3943.042,"Mount",0.243,-0.080,0.183,-0.178,0.294,-0.068,168,W,29,N,,,424388,134.34,0
1692,3945.631,"Mount",0.213,0.128,-0.016,-0.248,0.212,-0.092,121,W,39,N,,,410364,124.59,0
1693,3947.983,"Mount",-0.245,-0.248,0.108,0.332,0.253,0.116,145,W,49,S,,,446381,126.17,0
1694,3950.493,"Mount",-0.281,0.033,-0.159,0.234,0.111,0.089,64,W,38,S,,,407897,119.02,0
1695,3952.642,"Mount",-0.075,0.150,-0.168,-0.002,0.079,0.000,45,W,0,,,,451739,132.68,0
1696,3955.126,"Mount",0.107,0.018,0.033,-0.103,0.129,-0.037,74,W,16,N,,,412644,123.69,0
1697,3957.293,"Mount",-0.068,0.110,-0.129,0.010,0.076,0.000,44,W,0,,,,418615,117.47,0
1698,3959.648,"Mount",-0.091,0.175,-0.197,0.000,0.004,0.000,2,W,0,,,,446076,122.54,0
1699,3961.814,"Mount",0.008,0.136,-0.117,-0.070,0.007,-0.025,4,W,11,N,,,435801,141.47,0
1700,3964.229,"Mount",-0.191,0.030,-0.114,0.155,-0.022,0.055,12,E,23,S,,,410847,126.73,0
1701,3966.471,"Mount",-0.179,0.078,-0.151,0.123,-0.043,0.046,24,E,20,S,,,465623,141.79,0
1702,3968.825,"Mount",-0.043,0.159,-0.161,-0.035,-0.068,0.000,39,E,0,,,,446616,137.90,0
1703,3971.024,"Mount",0.010,0.028,-0.020,-0.022,-0.017,0.000,9,E,0,,,,424692,151.70,0
1704,3973.547,"Mount",0.109,0.108,-0.046,-0.146,-0.030,-0.053,17,E,23,N,,,434091,125.25,0
1705,3975.667,"Mount",-0.007,0.058,-0.055,-0.020,-0.028,0.000,16,E,0,,,,451806,130.13,0
1706,3978.067,"Mount",0.103,0.024,0.027,-0.102,-0.025,-0.037,14,E,16,N,,,452394,135.87,0
1707,3980.216,"Mount",-0.049,0.058,-0.074,0.017,-0.062,0.000,36,E,0,,,,434862,151.35,0
1708,3982.519,"Mount",-0.022,0.030,-0.036,0.006,-0.024,0.000,13,E,0,,,,459126,130.61,0
1709,3984.609,"Mount",0.016,0.030,-0.019,-0.028,-0.005,0.000,3,E,0,,,,414611,129.06,0
1710,3986.950,"Mount",0.041,0.057,-0.032,-0.063,0.018,-0.023,10,W,10,N,,,432051,147.26,0
1711,3989.129,"Mount",-0.128,-0.113,0.041,0.166,0.025,0.059,14,W,25,S,,,429821,120.74,0
1712,3991.503,"Mount",0.024,-0.055,0.060,0.004,0.061,0.000,35,W,0,,,,422508,126.41,0
1713,3993.640,"Mount",0.038,-0.037,0.051,-0.016,0.051,0.000,29,W,0,,,,441385,125.25,0
1714,3996.021,"Mount",-0.035,-0.071,0.046,0.064,0.041,0.023,23,W,10,S,,,423446,124.87,0
1715,3998.216,"Mount",-0.025,-0.148,0.120,0.091,0.092,0.034,53,W,14,S,,,395518,115.91,0
1716,4000.602,"Mount",-0.092,-0.106,0.052,0.131,0.037,0.048,21,W,21,S,,,426634,132.51,0
1717,4002.739,"Mount",-0.075,0.078,-0.104,0.030,-0.016,0.000,9,E,0,,,,423741,133.11,0
1718,4005.122,"Mount",0.080,0.110,-0.061,-0.122,-0.013,-0.044,7,E,19,N,,,430516,136.42,0
1719,4007.301,"Mount",0.040,0.004,0.015,-0.037,0.013,0.000,8,W,0,,,,446243,139.38,0
1720,4009.707,"Mount",0.103,0.118,-0.058,-0.146,-0.021,-0.052,12,E,22,N,,,388055,131.55,0
1721,4011.792,"Mount",-0.045,-0.037,0.012,0.057,-0.015,0.000,8,E,0,,,,427741,116.72,0
1722,4014.216,"Mount",0.058,0.170,-0.124,-0.130,-0.066,-0.047,38,E,20,N,,,439764,131.75,0
1723,4016.438,"Mount",-0.151,-0.082,0.003,0.172,-0.013,0.060,7,E,26,S,,,428768,170.47,0
1724,4018.860,"Mount",-0.118,-0.107,0.040,0.154,-0.010,0.058,6,E,25,S,,,437440,123.81,0
1725,4021.070,"Mount",0.080,0.091,-0.044,-0.113,-0.016,-0.038,9,E,16,N,,,453356,142.48,0
1726,4023.415,"Mount",0.002,-0.010,0.010,0.003,-0.036,0.000,21,E,0,,,,404143,119.27,0
1727,4025.565,"Mount",-0.118,-0.034,-0.024,0.120,-0.037,0.043,21,E,18,S,,,420793,126.43,0
1728,4027.980,"Mount",0.074,0.004,0.031,-0.067,-0.036,-0.022,21,E,10,N,,,437652,125.62,0
1729,4030.254,"Mount",0.114,-0.156,0.191,-0.029,0.061,0.000,35,W,0,,,,416723,128.45,0
1730,4032.667,"Mount",-0.037,-0.066,0.042,0.063,-0.008,0.023,5,E,10,S,,,413466,128.91,0
1731,4034.896,"Mount",0.040,-0.224,0.217,0.068,0.104,0.025,59,W,11,S,,,392004,115.36,0
1732,4037.373,"Mount",0.152,-0.035,0.101,-0.119,0.070,-0.042,40,W,18,N,,,421720,115.54,0
1733,4039.618,"Mount",0.167,-0.054,0.125,-0.123,0.093,-0.046,53,W,20,N,,,422328,140.73,0
1734,4042.037,"Mount",-0.008,-0.159,0.137,0.080,0.110,0.027,63,W,12,S,,,440432,132.68,0
1735,4044.265,"Mount",-0.149,-0.100,0.020,0.178,0.062,0.065,35,W,28,S,,,455628,135.83,0
1736,4046.665,"Mount",0.155,0.040,0.036,-0.156,0.064,-0.054,37,W,23,N,,,410088,135.07,0
1737,4048.796,"Mount",0.026,-0.050,0.057,0.000,0.071,0.000,41,W,0,,,,453105,130.89,0
1738,4051.211,"Mount",0.126,-0.015,0.071,-0.104,0.099,-0.038,57,W,16,N,,,442613,136.52,0
1739,4053.442,"Mount",-0.031,-0.109,0.082,0.077,0.088,0.026,50,W,11,S,,,424280,149.36,0
1740,4055.813,"Mount",0.031,-0.050,0.059,-0.005,0.032,0.000,18,W,0,,,,429542,138.05,0
1741,4058.070,"Mount",-0.215,-0.006,-0.093,0.193,-0.028,0.070,16,E,30,S,,,456778,153.27,0
1742,4060.461,"Mount",0.090,-0.030,0.068,-0.066,0.033,-0.021,19,W,9,N,,,425117,121.84,0
1743,4062.661,"Mount",-0.093,-0.000,-0.043,0.083,-0.013,0.029,7,E,12,S,,,421642,126.07,0
1744,4065.034,"Mount",-0.043,0.068,-0.080,0.007,-0.085,0.000,49,E,0,,,,462220,151.88,0
1745,4067.149,"Mount",0.009,0.015,-0.009,-0.015,-0.061,0.000,35,E,0,,,,417136,123.50,0
1746,4069.630,"Mount",-0.055,0.156,-0.164,-0.023,-0.181,0.000,103,E,0,,,,419624,151.99,0
1747,4071.810,"Mount",-0.034,0.054,-0.064,0.005,-0.127,0.000,73,E,0,,,,431173,140.59,0
1748,4074.214,"Mount",0.091,0.035,0.011,-0.097,-0.104,-0.035,60,E,15,N,,,425466,142.08,0
1749,4076.361,"Mount",0.079,-0.045,0.076,-0.049,-0.076,0.000,43,E,0,,,,421512,129.67,0
1750,4078.796,"Mount",0.105,-0.020,0.066,-0.084,-0.079,-0.030,45,E,13,N,,,444860,162.83,0
1751,4081.026,"Mount",0.067,0.086,-0.046,-0.099,-0.098,-0.037,56,E,16,N,,,476218,154.53,0
1752,4083.446,"Mount",0.027,-0.039,0.047,-0.006,-0.104,0.000,59,E,0,,,,443140,139.99,0
1753,4085.598,"Mount",-0.022,0.013,-0.021,0.013,-0.101,0.000,58,E,0,,,,400404,118.74,0
1754,4088.075,"Mount",0.101,-0.020,0.064,-0.080,-0.048,-0.029,28,E,12,N,,,417143,131.25,0
1755,4090.213,"Mount",-0.009,-0.098,0.082,0.053,-0.032,0.000,18,E,0,,,,432090,143.68,0
1756,4092.596,"Mount",-0.076,-0.037,-0.002,0.084,-0.068,0.030,39,E,13,S,,,391889,120.06,0
1757,4094.762,"Mount",-0.095,0.067,-0.104,0.053,-0.117,0.000,67,E,0,,,,472092,126.49,0
1758,4097.082,"Mount",0.062,0.008,0.021,-0.059,-0.054,0.000,31,E,0,,,,400930,123.95,0
1759,4099.375,"Mount",-0.078,-0.027,-0.011,0.082,-0.066,0.029,38,E,13,S,,,396691,129.03,0
1760,4101.729,"Mount",0.011,0.067,-0.054,-0.040,-0.060,0.000,34,E,0,,,,445631,142.33,0
1761,4103.909,"Mount",0.156,-0.099,0.159,-0.092,0.011,-0.033,6,W,14,N,,,415617,125.32,0
1762,4106.329,"Mount",-0.079,-0.076,0.031,0.105,-0.054,0.037,31,E,16,S,,,409996,120.87,0
1763,4108.416,"Mount",0.021,-0.021,0.028,-0.009,-0.033,0.000,19,E,0,,,,430109,156.55,0
1764,4110.874,"Mount",-0.190,-0.114,0.013,0.221,-0.035,0.080,20,E,34,S,,,423360,145.05,0
1765,4113.054,"Mount",-0.060,-0.122,0.081,0.109,0.004,0.043,2,W,18,S,,,390654,136.35,0
1766,4115.486,"Mount",-0.128,-0.046,-0.018,0.135,-0.020,0.050,11,E,22,S,,,417869,133.97,0
1767,4117.669,"Mount",-0.001,0.082,-0.074,-0.037,-0.062,0.000,35,E,0,,,,405069,147.43,0
1768,4120.152,"Mount",0.076,-0.073,0.099,-0.034,-0.034,0.000,20,E,0,,,,420110,120.55,0
1769,4122.301,"Mount",-0.009,0.045,-0.044,-0.012,-0.086,0.000,49,E,0,,,,438668,129.71,0
1770,4124.857,"Mount",-0.077,0.165,-0.181,-0.008,-0.217,0.000,124,E,0,,,,422973,131.00,0
1771,4127.056,"Mount",-0.029,0.106,-0.108,-0.023,-0.202,0.000,116,E,0,,,,429405,137.71,0
1772,4129.596,"Mount",0.008,0.243,-0.212,-0.119,-0.304,-0.043,174,E,18,N,,,434352,135.16,0
1773,4131.943,"Mount",0.002,0.142,-0.125,-0.067,-0.277,-0.026,158,E,11,N,,,448289,159.60,0
1774,4134.438,"Mount",-0.116,0.096,-0.139,0.058,-0.312,0.000,178,E,0,,,,444086,131.85,0
1775,4136.756,"Mount",-0.175,0.034,-0.111,0.139,-0.300,0.050,172,E,21,S,,,401757,134.42,0
1776,4139.244,"Mount",-0.011,0.015,-0.019,0.003,-0.268,0.000,153,E,0,,,,437768,134.43,0
1777,4141.594,"Mount",-0.157,-0.045,-0.033,0.160,-0.271,0.057,155,E,25,S,,,445698,143.34,0
1778,4144.048,"Mount",0.021,0.060,-0.043,-0.046,-0.232,0.000,133,E,0,,,,398500,116.17,0
1779,4146.335,"Mount",0.158,0.041,0.037,-0.159,-0.203,-0.057,116,E,25,N,,,436430,120.82,0
1780,4148.781,"Mount",-0.037,0.007,-0.023,0.030,-0.181,0.000,103,E,0,,,,399167,134.54,0
1781,4151.025,"Mount",0.019,-0.008,0.016,-0.013,-0.172,0.000,99,E,0,,,,421235,114.70,0
1782,4153.630,"Mount",-0.167,0.061,-0.130,0.120,-0.200,0.043,114,E,18,S,,,412326,121.47,0
1783,4155.779,"Mount",-0.057,0.002,-0.028,0.049,-0.115,0.000,66,E,0,,,,420120,126.60,0
1784,4158.289,"Mount",0.075,-0.001,0.035,-0.066,-0.110,-0.024,63,E,10,N,,,416417,148.93,0
1785,4160.518,"Mount",-0.105,-0.072,0.015,0.126,-0.104,0.044,59,E,19,S,,,451232,121.63,0
1786,4163.026,"Mount",0.095,0.029,0.018,-0.098,-0.110,-0.033,63,E,14,N,,,453704,146.71,0
1787,4165.205,"Mount",0.011,-0.098,0.093,0.036,-0.049,0.000,28,E,0,,,,393035,126.59,0
1788,4167.586,"Mount",0.073,-0.059,0.086,-0.037,-0.053,0.000,30,E,0,,,,419273,134.90,0
1789,4169.723,"Mount",0.058,-0.074,0.093,-0.017,-0.053,0.000,30,E,0,,,,398008,124.72,0
1790,4172.187,"Mount",-0.074,-0.154,0.103,0.137,-0.047,0.049,27,E,21,S,,,409726,114.24,0
1791,4174.457,"Mount",-0.097,-0.038,-0.011,0.103,-0.081,0.039,47,E,17,S,,,396643,138.33,0
1792,4176.872,"Mount",0.161,0.016,0.060,-0.150,-0.079,-0.053,45,E,22,N,,,428686,137.44,0
1793,4178.996,"Mount",-0.059,0.044,-0.066,0.032,-0.101,0.000,58,E,0,,,,448228,129.62,0
1794,4181.439,"Mount",0.047,0.081,-0.050,-0.079,-0.074,-0.028,42,E,12,N,,,387933,136.60,0
1795,4183.546,"Mount",0.055,-0.060,0.079,-0.021,-0.023,0.000,13,E,0,,,,417545,123.19,0
1796,4185.976,"Mount",-0.088,-0.124,0.069,0.136,-0.061,0.049,35,E,21,S,,,402061,120.80,0
1797,4188.202,"Mount",-0.080,-0.088,0.041,0.112,-0.091,0.042,52,E,18,S,,,398979,127.26,0
1798,4190.597,"Mount",-0.080,-0.006,-0.032,0.073,-0.078,0.028,45,E,12,S,,,388278,120.20,0
1799,4192.841,"Mount",-0.027,0.032,-0.041,0.010,-0.066,0.000,38,E,0,,,,428950,141.59,0
1800,4195.258,"Mount",0.194,-0.059,0.142,-0.145,0.027,-0.052,15,W,22,N,,,406134,141.15,0
1801,4197.384,"Mount",-0.067,-0.074,0.035,0.094,-0.011,0.032,6,E,14,S,,,414793,123.38,0
1802,4199.802,"Mount",-0.027,-0.114,0.089,0.077,0.047,0.029,27,W,12,S,,,438238,123.41,0
1803,4201.892,"Mount",0.034,-0.010,0.025,-0.025,0.034,0.000,20,W,0,,,,429807,134.09,0
1804,4204.359,"Mount",-0.099,-0.108,0.050,0.138,0.060,0.050,34,W,21,S,,,431539,141.48,0
1805,4206.555,"Mount",-0.216,-0.050,-0.055,0.215,0.065,0.079,37,W,34,S,,,424382,129.18,0
1806,4209.012,"Mount",-0.187,-0.161,0.057,0.240,0.048,0.090,27,W,38,S,,,402473,125.38,0
1807,4211.272,"Mount",-0.128,-0.218,0.135,0.214,0.123,0.081,70,W,35,S,,,438921,139.83,0
1808,4213.783,"Mount",0.174,-0.110,0.178,-0.103,0.145,-0.034,83,W,15,N,,,457160,130.80,0
1809,4215.999,"Mount",0.059,-0.192,0.197,0.037,0.179,0.000,102,W,0,,,,398222,109.56,0
1810,4218.526,"Mount",0.029,-0.324,0.300,0.124,0.250,0.045,143,W,19,S,,,444556,150.28,0
1811,4220.836,"Mount",0.227,-0.089,0.183,-0.160,0.226,-0.056,129,W,24,N,,,417590,117.88,0
1812,4223.410,"Mount",-0.129,-0.078,0.010,0.151,0.161,0.052,92,W,22,S,,,403763,125.43,0
1813,4225.690,"Mount",-0.032,-0.091,0.066,0.070,0.195,0.027,111,W,12,S,,,438768,137.45,0
1814,4228.114,"Mount",-0.003,-0.065,0.057,0.033,0.173,0.000,99,W,0,,,,433669,118.46,0
1815,4230.310,"Mount",-0.021,0.101,-0.100,-0.028,0.110,0.000,63,W,0,,,,432643,128.98,0
1816,4232.707,"Mount",-0.056,0.026,-0.049,0.037,0.142,0.000,81,W,0,,,,417258,138.83,0
1817,4234.889,"Mount",0.024,0.038,-0.023,-0.039,0.109,0.000,62,W,0,,,,452671,134.60,0
1818,4237.274,"Mount",-0.118,0.145,-0.183,0.038,0.010,0.000,6,W,0,,,,425203,131.22,0
1819,4239.489,"Mount",-0.176,0.150,-0.215,0.087,-0.028,0.031,16,E,13,S,,,429614,124.34,0
1820,4241.954,"Mount",-0.011,0.200,-0.183,-0.083,-0.034,-0.028,20,E,12,N,,,383689,116.31,0
1821,4244.245,"Mount",-0.189,0.088,-0.165,0.127,-0.049,0.044,28,E,19,S,,,406121,123.09,0
1822,4246.570,"Mount",-0.051,0.204,-0.204,-0.049,-0.094,0.000,54,E,0,,,,431217,126.62,0
1823,4248.875,"Mount",-0.060,0.455,-0.431,-0.157,-0.212,-0.057,121,E,24,N,,,439965,132.42,0
1824,4251.384,"Mount",-0.296,0.070,-0.199,0.230,-0.118,0.081,68,E,35,S,,,413456,125.26,0
1825,4253.646,"Mount",-0.131,0.056,-0.110,0.091,-0.097,0.036,55,E,15,S,,,416931,120.85,0
1826,4256.185,"Mount",0.357,0.298,-0.100,-0.454,-0.119,-0.162,68,E,69,N,,,436649,138.98,0
1827,4258.393,"Mount",-0.179,-0.071,-0.019,0.191,-0.072,0.062,41,E,27,S,,,469463,140.09,0
1828,4260.908,"Mount",-0.419,-0.387,0.151,0.551,0.005,0.201,3,W,86,S,,,446618,139.15,0
1829,4263.164,"Mount",-0.319,-0.338,0.153,0.439,0.027,0.166,16,W,71,S,,,445253,147.27,0
1830,4265.595,"Mount",-0.120,-0.109,0.041,0.157,0.025,0.063,14,W,27,S,,,440342,118.16,0
1831,4267.901,"Mount",0.071,-0.333,0.328,0.091,0.209,0.035,119,W,15,S,,,436166,144.07,0
1832,4270.412,"Mount",0.268,-0.165,0.270,-0.161,0.166,-0.057,95,W,24,N,,,443901,145.84,0
1833,4272.527,"Mount",0.081,-0.076,0.104,-0.037,0.092,0.000,52,W,0,,,,403114,119.79,0
1834,4275.063,"Mount",-0.103,-0.352,0.265,0.254,0.234,0.091,134,W,39,S,,,411332,130.24,0
1835,4277.399,"Mount",-0.202,-0.245,0.124,0.292,0.189,0.109,108,W,47,S,,,402590,123.25,0
1836,4279.894,"Mount",-0.031,-0.185,0.150,0.113,0.222,0.045,127,W,19,S,,,406760,132.55,0
1837,4282.157,"Mount",0.127,-0.203,0.239,-0.019,0.296,0.000,169,W,0,,,,420027,127.27,0
1838,4284.663,"Mount",0.052,-0.240,0.237,0.065,0.317,0.023,181,W,10,S,,,406705,135.16,0
1839,4286.890,"Mount",0.045,-0.036,0.053,-0.023,0.220,0.000,126,W,0,,,,443588,124.38,0
1840,4289.540,"Mount",0.140,-0.116,0.167,-0.071,0.322,-0.025,184,W,11,N,,,427752,131.28,0
1841,4291.945,"Mount",0.059,0.038,-0.007,-0.070,0.237,-0.026,136,W,11,N,,,412724,131.47,0
1842,4294.420,"Mount",-0.050,0.054,-0.070,0.019,0.188,0.000,108,W,0,,,,427261,143.41,0
1843,4296.569,"Mount",-0.057,-0.014,-0.013,0.057,0.183,0.000,105,W,0,,,,467651,142.79,0
1844,4299.093,"Mount",-0.084,0.010,-0.047,0.070,0.185,0.025,106,W,11,S,,,446191,132.26,0
1845,4301.335,"Mount",-0.210,0.101,-0.186,0.140,0.069,0.051,40,W,22,S,,,429565,131.80,0
1846,4303.862,"Mount",-0.189,-0.021,-0.068,0.177,0.122,0.066,70,W,28,S,,,434515,123.95,0
1847,4306.108,"Mount",-0.251,0.384,-0.457,0.045,-0.111,0.000,64,E,0,,,,403690,135.07,0
1848,4308.413,"Mount",-0.008,-0.035,0.027,0.023,0.067,0.000,38,W,0,,,,442649,150.77,0
1849,4310.591,"Mount",-0.211,0.113,-0.197,0.135,-0.062,0.049,35,E,21,S,,,407640,116.72,0
1850,4313.022,"Mount",-0.120,0.048,-0.097,0.084,-0.036,0.032,21,E,14,S,,,401122,120.34,0
1851,4315.167,"Mount",-0.050,0.038,-0.057,0.027,-0.004,0.000,2,E,0,,,,415925,133.59,0
1852,4317.624,"Mount",0.110,0.010,0.042,-0.102,-0.024,-0.037,14,E,16,N,,,398195,121.45,0
1853,4319.728,"Mount",-0.055,0.042,-0.063,0.030,-0.047,0.000,27,E,0,,,,419930,122.87,0
1854,4322.165,"Mount",-0.134,0.027,-0.086,0.106,-0.086,0.038,49,E,16,S,,,410954,132.75,0
1855,4324.243,"Mount",0.034,0.049,-0.028,-0.053,-0.033,0.000,19,E,0,,,,448746,136.01,0
1856,4326.661,"Mount",0.124,-0.041,0.094,-0.091,0.027,-0.033,15,W,14,N,,,431245,123.79,0
1857,4328.783,"Mount",0.037,0.044,-0.022,-0.054,-0.017,0.000,10,E,0,,,,425340,137.36,0
1858,4331.218,"Mount",0.121,-0.197,0.231,-0.016,0.101,0.000,58,W,0,,,,442052,138.66,0
1859,4333.366,"Mount",0.007,0.044,-0.035,-0.026,0.021,0.000,12,W,0,,,,392731,131.55,0
1860,4335.719,"Mount",0.019,-0.046,0.050,0.004,0.031,0.000,18,W,0,,,,425121,141.75,0
1861,4337.962,"Mount",-0.041,-0.003,-0.016,0.038,0.031,0.000,18,W,0,,,,398176,116.11,0
1862,4340.412,"Mount",0.061,0.112,-0.071,-0.106,0.024,-0.038,14,W,16,N,,,430127,127.05,0
1863,4342.516,"Mount",-0.038,-0.046,0.024,0.055,0.053,0.000,30,W,0,,,,416015,126.20,0
1864,4344.917,"Mount",-0.171,0.035,-0.110,0.136,-0.002,0.049,1,E,21,S,,,400463,139.89,0
1865,4347.087,"Mount",-0.054,-0.044,0.014,0.068,0.025,0.026,14,W,11,S,,,421666,146.53,0
1866,4349.359,"Mount",0.052,-0.002,0.026,-0.045,0.019,0.000,11,W,0,,,,418207,124.10,0
1867,4351.558,"Mount",-0.083,-0.132,0.079,0.135,0.040,0.049,23,W,21,S,,,432633,140.56,0
1868,4353.976,"Mount",-0.155,-0.024,-0.050,0.149,0.011,0.056,6,W,24,S,,,436116,163.90,0
1869,4356.140,"Mount",-0.135,0.029,-0.088,0.106,-0.041,0.041,24,E,17,S,,,405069,138.60,0
1870,4358.429,"Mount",0.061,-0.094,0.112,-0.010,0.040,0.000,23,W,0,,,,437733,163.61,0
1871,4360.483,"Mount",0.056,-0.044,0.065,-0.029,0.018,0.000,10,W,0,,,,444195,143.57,0
1872,4362.856,"Mount",0.054,-0.157,0.164,0.025,0.065,0.000,37,W,0,,,,487891,139.92,0
1873,4365.054,"Mount",-0.010,0.035,-0.036,-0.007,-0.014,0.000,8,E,0,,,,421003,124.74,0
1874,4367.513,"Mount",0.158,-0.035,0.103,-0.124,0.023,-0.045,13,W,19,N,,,436671,139.80,0
1875,4369.742,"Mount",-0.294,-0.115,-0.033,0.314,-0.022,0.111,12,E,48,S,,,445708,134.67,0
1876,4372.125,"Mount",0.137,0.085,-0.013,-0.161,-0.038,-0.054,22,E,23,N,,,442103,151.85,0
1877,4374.263,"Mount",-0.050,0.045,-0.063,0.024,-0.057,0.000,32,E,0,,,,436397,127.93,0
1878,4376.685,"Mount",-0.053,-0.036,0.008,0.064,-0.018,0.023,10,E,10,S,,,390910,124.18,0
1879,4378.772,"Mount",-0.034,-0.021,0.003,0.040,-0.017,0.000,10,E,0,,,,415557,121.22,0
1880,4381.278,"Mount",-0.020,-0.201,0.169,0.111,0.079,0.040,45,W,17,S,,,425595,127.38,0
1881,4383.553,"Mount",0.168,-0.093,0.159,-0.106,0.083,-0.037,47,W,16,N,,,433384,124.40,0
1882,4385.922,"Mount",0.063,-0.082,0.101,-0.018,0.076,0.000,43,W,0,,,,439715,137.64,0
1883,4388.041,"Mount",0.008,-0.071,0.067,0.026,0.070,0.000,40,W,0,,,,416431,128.75,0
1884,4390.393,"Mount",0.064,-0.049,0.073,-0.034,0.100,0.000,57,W,0,,,,427606,118.09,0
1885,4392.495,"Mount",0.047,0.020,0.004,-0.051,0.066,0.000,38,W,0,,,,404309,130.69,0
1886,4394.990,"Mount",-0.162,-0.093,0.008,0.187,0.074,0.067,42,W,29,S,,,451612,139.75,0
1887,4397.249,"Mount",-0.062,-0.027,-0.005,0.068,0.077,0.027,44,W,12,S,,,434697,135.24,0
1888,4399.639,"Mount",-0.133,0.006,-0.067,0.115,0.034,0.043,19,W,18,S,,,409322,141.96,0
1889,4401.835,"Mount",-0.127,-0.062,-0.003,0.142,0.036,0.053,21,W,23,S,,,432831,128.97,0
1890,4404.249,"Mount",0.157,0.111,-0.026,-0.190,0.021,-0.066,12,W,28,N,,,435011,150.29,0
1891,4406.366,"Mount",-0.010,0.014,-0.017,0.003,-0.003,0.000,2,E,0,,,,446345,130.90,0
1892,4408.926,"Mount",-0.588,-0.053,-0.223,0.546,-0.110,0.197,63,E,84,S,,,463738,146.64,0
1893,4411.171,"Mount",-0.247,-0.069,-0.053,0.251,-0.039,0.098,22,E,42,S,,,434076,116.60,0
1894,4413.601,"Mount",-0.195,0.029,-0.115,0.159,-0.109,0.061,63,E,26,S,,,419175,160.36,0
1895,4415.809,"Mount",0.245,0.109,0.016,-0.268,-0.086,-0.094,49,E,40,N,,,407085,116.44,0
1896,4418.286,"Mount",-0.269,-0.138,-0.002,0.303,-0.106,0.105,61,E,45,S,,,426548,132.89,0
1897,4420.530,"Mount",0.023,0.152,-0.124,-0.090,-0.160,-0.028,91,E,12,N,,,409261,128.39,0
1898,4422.975,"Mount",-0.138,0.195,-0.236,0.032,-0.207,0.000,118,E,0,,,,440440,131.53,0
1899,4425.203,"Mount",0.114,0.059,-0.000,-0.128,-0.106,-0.046,60,E,20,N,,,457548,132.23,0
1900,4427.571,"Mount",-0.066,0.010,-0.039,0.054,-0.101,0.000,58,E,0,,,,419659,124.51,0
1901,4429.851,"Mount",-0.140,0.051,-0.110,0.101,-0.132,0.036,76,E,16,S,,,441131,133.46,0
1902,4432.220,"Mount",0.062,-0.003,0.031,-0.053,-0.088,0.000,51,E,0,,,,420888,123.87,0
1903,4434.541,"Mount",0.194,0.047,0.047,-0.193,-0.095,-0.070,55,E,30,N,,,386348,119.39,0
1904,4437.038,"Mount",-0.528,-0.189,-0.075,0.555,-0.106,0.197,61,E,84,S,,,442775,137.65,0
1905,4439.234,"Mount",0.115,-0.012,0.064,-0.096,-0.035,-0.027,20,E,11,N,,,444805,132.95,0
1906,4441.662,"Mount",-0.086,-0.066,0.019,0.107,-0.089,0.037,51,E,16,S,,,415652,129.89,0
1907,4443.921,"Mount",-0.128,-0.061,-0.005,0.142,-0.090,0.053,51,E,22,S,,,416289,127.49,0
1908,4446.334,"Mount",0.114,-0.070,0.114,-0.069,-0.043,-0.023,25,E,10,N,,,427373,126.65,0
1909,4448.482,"Mount",0.114,-0.060,0.106,-0.074,-0.021,-0.027,12,E,12,N,,,423949,135.10,0
1910,4450.864,"Mount",0.071,-0.139,0.156,0.001,0.004,0.000,2,W,0,,,,427576,142.47,0
1911,4453.062,"Mount",0.104,0.015,0.035,-0.099,-0.040,-0.036,23,E,15,N,,,418752,119.92,0
1912,4455.446,"Mount",0.036,-0.158,0.157,0.041,0.063,0.000,36,W,0,,,,444267,156.90,0
1913,4457.684,"Mount",-0.019,-0.160,0.134,0.091,0.069,0.033,40,W,14,S,,,446864,140.30,0
1914,4460.043,"Mount",-0.139,-0.097,0.022,0.168,-0.006,0.062,3,E,26,S,,,407301,122.81,0
1915,4462.250,"Mount",-0.300,0.103,-0.229,0.219,-0.124,0.081,71,E,35,S,,,437885,164.95,0
1916,4464.729,"Mount",-0.016,0.298,-0.272,-0.123,-0.151,-0.041,86,E,18,N,,,443882,134.11,0
1917,4466.959,"Mount",0.077,0.310,-0.240,-0.212,-0.161,-0.078,92,E,33,N,,,424586,136.44,0
1918,4469.342,"Mount",-0.002,-0.094,0.083,0.046,-0.075,0.000,43,E,0,,,,454358,149.02,0
1919,4471.656,"Mount",-0.389,-0.121,-0.072,0.401,-0.193,0.144,110,E,62,S,,,401272,120.10,0
1920,4474.200,"Mount",0.166,0.002,0.075,-0.148,-0.153,-0.048,87,E,20,N,,,441309,136.79,0
1921,4476.461,"Mount",0.018,0.043,-0.030,-0.036,-0.211,0.000,121,E,0,,,,438729,133.57,0
1922,4478.929,"Mount",-0.076,0.168,-0.184,-0.011,-0.298,0.000,170,E,0,,,,398914,123.98,0
1923,4481.215,"Mount",-0.139,0.299,-0.330,-0.015,-0.384,0.000,219,E,0,,,,457973,156.86,0
1924,4483.752,"Mount",-0.055,0.055,-0.074,0.024,-0.304,0.000,174,E,0,,,,432616,126.24,0
1925,4486.095,"Mount",0.058,0.049,-0.017,-0.074,-0.280,-0.027,160,E,11,N,,,397012,130.19,0
1926,4488.555,"Mount",0.061,0.012,0.017,-0.060,-0.302,0.000,172,E,0,,,,453747,138.89,0
1927,4490.791,"Mount",-0.065,-0.002,-0.028,0.059,-0.238,0.000,136,E,0,,,,453037,133.52,0
1928,4493.216,"Mount",0.013,-0.021,0.025,-0.002,-0.204,0.000,116,E,0,,,,381315,119.57,0
1929,4495.458,"Mount",0.107,-0.061,0.103,-0.067,-0.132,-0.024,75,E,10,N,,,437221,123.26,0
1930,4497.876,"Mount",0.032,-0.000,0.015,-0.028,-0.154,0.000,88,E,0,,,,418727,127.24,0
1931,4500.096,"Mount",-0.074,-0.020,-0.016,0.075,-0.122,0.027,70,E,12,S,,,407261,129.25,0
1932,4502.511,"Mount",-0.079,-0.021,-0.018,0.079,-0.096,0.030,55,E,13,S,,,434014,135.30,0
1933,4504.693,"Mount",0.019,0.009,0.001,-0.021,-0.100,0.000,57,E,0,,,,437248,138.08,0
1934,4507.044,"Mount",0.026,0.018,-0.004,-0.032,-0.117,0.000,67,E,0,,,,423452,136.78,0
1935,4509.272,"Mount",-0.073,0.144,-0.161,-0.002,-0.190,0.000,109,E,0,,,,414996,164.38,0
1936,4511.669,"Mount",-0.022,0.018,-0.026,0.011,-0.130,0.000,74,E,0,,,,411880,131.20,0
1937,4513.915,"Mount",-0.096,-0.053,0.003,0.110,-0.123,0.040,70,E,17,S,,,402377,129.96,0
1938,4516.487,"Mount",-0.066,-0.097,0.055,0.103,-0.140,0.039,80,E,17,S,,,440468,137.18,0
1939,4518.625,"Mount",0.108,-0.097,0.135,-0.051,-0.064,0.000,37,E,0,,,,412340,139.25,0
1940,4520.998,"Mount",0.200,-0.190,0.261,-0.090,-0.007,-0.032,4,E,14,N,,,402705,126.95,0
1941,4523.101,"Mount",0.229,-0.370,0.434,-0.032,0.099,0.000,57,W,0,,,,377662,133.15,0
1942,4525.511,"Mount",0.073,-0.120,0.140,-0.010,-0.006,0.000,4,E,0,,,,403839,114.86,0
1943,4527.768,"Mount",0.077,-0.014,0.048,-0.062,-0.053,-0.022,30,E,9,N,,,443777,141.22,0
1944,4530.108,"Mount",0.196,-0.030,0.116,-0.160,-0.000,-0.058,0,,25,N,,,418232,140.36,0
1945,4532.316,"Mount",0.128,0.034,0.029,-0.129,-0.042,-0.049,24,E,21,N,,,427868,137.32,0
1946,4534.780,"Mount",0.034,0.008,0.008,-0.034,-0.062,0.000,36,E,0,,,,411751,118.26,0
1947,4536.961,"Mount",-0.181,-0.032,-0.055,0.176,-0.060,0.063,34,E,27,S,,,423320,125.38,0
1948,4539.391,"Mount",0.053,0.049,-0.020,-0.069,-0.071,-0.022,41,E,10,N,,,419573,133.00,0
1949,4541.574,"Mount",-0.007,0.023,-0.023,-0.004,-0.058,0.000,33,E,0,,,,453745,138.96,0
1950,4544.084,"Mount",-0.275,-0.052,-0.081,0.268,-0.086,0.096,49,E,41,S,,,421638,129.40,0
1951,4546.199,"Mount",0.058,-0.075,0.094,-0.017,0.015,0.000,8,W,0,,,,447521,131.86,0
INFO: SET LOCK POSITION, new lock pos = 558.734, 568.642
INFO: DITHER by 0.676, -6.734, new lock pos = 565.022, 571.142
INFO: SETTLING STATE CHANGE, Settling started
1952,4551.786,"Mount",-6.289,-2.501,-0.676,6.734,-0.676,6.734,386,E,2880,S,,,398833,147.84,0
1953,4554.232,"Mount",-0.220,-0.349,0.208,0.357,0.094,0.128,54,W,55,S,,,411132,152.64,0
1954,4556.426,"Mount",-0.137,-0.312,0.214,0.266,0.096,0.101,55,W,43,S,,,397128,123.27,0
1955,4558.822,"Mount",0.042,-0.195,0.192,0.052,0.087,0.000,49,W,0,,,,392712,122.08,0
1956,4561.083,"Mount",-0.049,-0.299,0.243,0.182,0.109,0.065,62,W,28,S,,,392631,132.24,0
1957,4563.515,"Mount",0.116,-0.299,0.319,0.035,0.144,0.000,82,W,0,,,,400585,130.92,0
1958,4565.790,"Mount",0.337,-0.087,0.232,-0.259,0.104,-0.093,60,W,40,N,,,410684,144.60,0
1959,4568.250,"Mount",-0.075,-0.262,0.198,0.187,0.089,0.064,51,W,27,S,,,383275,133.03,0
1960,4570.476,"Mount",-0.239,-0.181,0.051,0.296,0.023,0.109,13,W,47,S,,,413598,142.34,0
1961,4573.082,"Mount",0.113,-0.505,0.501,0.133,0.225,0.052,129,W,22,S,,,399505,121.46,0
INFO: SETTLING STATE CHANGE, Settling complete
1962,4575.272,"Mount",0.155,-0.321,0.357,0.011,0.160,0.000,92,W,0,,,,422679,130.09,0
1963,4577.844,"Mount",0.207,-0.245,0.313,-0.071,0.310,-0.025,177,W,11,N,,,444147,153.72,0
1964,4580.151,"Mount",0.172,-0.013,0.091,-0.146,0.187,-0.054,107,W,23,N,,,420856,132.80,0
1965,4582.596,"Mount",-0.149,-0.086,0.008,0.172,0.133,0.060,76,W,26,S,,,390329,131.61,0
1966,4584.873,"Mount",-0.115,-0.072,0.011,0.135,0.121,0.051,69,W,22,S,,,431824,172.31,0
1967,4587.366,"Mount",0.089,-0.024,0.062,-0.068,0.102,-0.022,58,W,10,N,,,417179,127.37,0
1968,4589.574,"Mount",-0.130,0.005,-0.064,0.113,-0.012,0.040,7,E,17,S,,,406336,129.47,0
1969,4591.840,"Mount",-0.014,0.049,-0.050,-0.010,-0.016,0.000,9,E,0,,,,410486,133.40,0
1970,4593.961,"Mount",-0.003,0.052,-0.047,-0.021,-0.030,0.000,17,E,0,,,,419388,130.04,0
1971,4596.387,"Mount",0.027,0.216,-0.179,-0.124,-0.137,-0.045,78,E,19,N,,,415749,129.30,0
1972,4598.582,"Mount",-0.180,-0.066,-0.024,0.190,-0.066,0.067,38,E,29,S,,,439192,145.65,0
1973,4600.971,"Mount",-0.012,-0.039,0.029,0.028,-0.081,0.000,46,E,0,,,,424514,137.49,0
1974,4603.150,"Mount",-0.063,-0.173,0.124,0.136,-0.020,0.049,11,E,21,S,,,418283,135.50,0
1975,4605.613,"Mount",0.023,0.099,-0.077,-0.066,-0.096,-0.022,55,E,9,N,,,425416,134.50,0
1976,4607.765,"Mount",0.126,-0.094,0.141,-0.068,0.039,-0.025,22,W,11,N,,,426852,126.06,0
1977,4610.230,"Mount",-0.032,-0.102,0.076,0.075,0.016,0.026,9,W,11,S,,,432827,128.15,0
1978,4612.425,"Mount",-0.064,-0.103,0.062,0.104,0.029,0.039,17,W,17,S,,,422649,130.76,0
1979,4614.841,"Mount",0.070,-0.128,0.146,-0.003,0.096,0.000,55,W,0,,,,425469,142.78,0
1980,4616.996,"Mount",0.029,-0.040,0.049,-0.007,0.056,0.000,32,W,0,,,,408865,137.67,0
1981,4619.411,"Mount",-0.092,-0.004,-0.039,0.083,0.035,0.030,20,W,13,S,,,423365,122.22,0
1982,4621.635,"Mount",0.059,-0.188,0.194,0.035,0.158,0.000,90,W,0,,,,423046,126.75,0
1983,4624.037,"Mount",0.117,0.043,0.015,-0.123,0.130,-0.044,74,W,19,N,,,435475,139.84,0
1984,4626.342,"Mount",0.126,-0.138,0.180,-0.048,0.251,0.000,143,W,0,,,,423591,125.13,0
1985,4628.950,"Mount",0.054,-0.234,0.232,0.060,0.318,0.022,182,W,9,S,,,438408,136.69,0
1986,4631.257,"Mount",0.067,-0.254,0.257,0.058,0.352,0.000,201,W,0,,,,457271,152.87,0
1987,4633.849,"Mount",-0.092,-0.217,0.150,0.182,0.314,0.065,180,W,28,S,,,423953,126.76,0
1988,4636.217,"Mount",-0.075,-0.181,0.126,0.150,0.327,0.057,187,W,24,S,,,434929,138.08,0
1989,4638.738,"Mount",-0.253,-0.111,-0.018,0.276,0.261,0.102,149,W,43,S,,,429974,129.87,0
1990,4641.081,"Mount",0.107,0.113,-0.051,-0.147,0.233,-0.049,133,W,21,N,,,439092,150.98,0
1991,4643.552,"Mount",-0.014,-0.033,0.023,0.027,0.214,0.000,122,W,0,,,,421565,129.10,0
1992,4645.778,"Mount",-0.053,-0.067,0.035,0.078,0.168,0.028,96,W,12,S,,,423306,123.45,0
1993,4648.242,"Mount",-0.235,0.032,-0.137,0.193,0.096,0.071,55,W,30,S,,,443336,127.07,0
1994,4650.423,"Mount",-0.016,0.221,-0.204,-0.088,-0.002,-0.029,1,E,12,N,,,418666,129.75,0
1995,4652.795,"Mount",0.057,0.143,-0.101,-0.117,0.028,-0.043,16,W,18,N,,,415941,132.50,0
1996,4654.944,"Mount",0.066,0.031,0.003,-0.073,0.029,-0.028,16,W,12,N,,,433727,125.51,0
1997,4657.360,"Mount",-0.168,0.004,-0.081,0.147,-0.051,0.052,29,E,22,S,,,405144,146.45,0
1998,4659.496,"Mount",-0.142,0.059,-0.118,0.098,-0.046,0.037,26,E,16,S,,,425656,139.22,0
1999,4661.869,"Mount",0.083,0.163,-0.107,-0.149,-0.043,-0.052,25,E,22,N,,,407774,125.10,0
2000,4663.988,"Mount",-0.073,0.180,-0.194,-0.018,-0.089,0.000,51,E,0,,,,425078,136.67,0
2001,4666.418,"Mount",-0.014,-0.155,0.131,0.084,0.048,0.030,28,W,13,S,,,406395,119.53,0
2002,4668.595,"Mount",-0.127,0.099,-0.146,0.068,-0.092,0.026,53,E,11,S,,,438152,134.43,0
2003,4670.971,"Mount",-0.037,0.044,-0.056,0.013,-0.016,0.000,9,E,0,,,,435058,148.64,0
2004,4673.042,"Mount",0.000,0.008,-0.007,-0.004,-0.008,0.000,5,E,0,,,,403923,119.08,0
2005,4675.441,"Mount",-0.003,0.035,-0.033,-0.014,0.007,0.000,4,W,0,,,,441245,162.71,0
2006,4677.540,"Mount",-0.002,-0.045,0.039,0.023,0.006,0.000,4,W,0,,,,412722,137.39,0
2007,4679.895,"Mount",-0.046,0.006,-0.027,0.038,-0.006,0.000,3,E,0,,,,412595,127.71,0
2008,4682.022,"Mount",-0.062,-0.051,0.017,0.079,0.009,0.028,5,W,12,S,,,453090,144.07,0
2009,4684.385,"Mount",0.021,-0.024,0.031,-0.008,0.027,0.000,15,W,0,,,,425922,163.52,0
2010,4686.490,"Mount",0.122,-0.120,0.163,-0.053,0.103,0.000,59,W,0,,,,430215,149.45,0
2011,4688.954,"Mount",0.082,0.013,0.026,-0.079,0.045,-0.028,26,W,12,N,,,407735,130.60,0
2012,4691.151,"Mount",0.034,-0.083,0.090,0.008,0.079,0.000,45,W,0,,,,398454,126.62,0
2013,4693.566,"Mount",0.083,-0.203,0.218,0.020,0.138,0.000,79,W,0,,,,433566,149.82,0
2014,4695.699,"Mount",0.017,0.040,-0.028,-0.034,0.034,0.000,19,W,0,,,,444253,138.40,0
2015,4698.063,"Mount",-0.066,-0.051,0.015,0.082,0.026,0.030,15,W,13,S,,,438392,131.50,0
2016,4700.159,"Mount",0.017,-0.037,0.041,0.002,0.025,0.000,14,W,0,,,,415108,121.77,0
2017,4702.482,"Mount",0.058,-0.052,0.073,-0.028,0.050,0.000,28,W,0,,,,446187,136.77,0
2018,4704.555,"Mount",-0.027,0.016,-0.026,0.016,-0.004,0.000,2,E,0,,,,462183,149.67,0
2019,4706.937,"Mount",0.185,-0.084,0.160,-0.126,0.059,-0.045,34,W,19,N,,,409966,140.08,0
2020,4709.025,"Mount",0.047,0.020,0.004,-0.051,-0.021,0.000,12,E,0,,,,415309,123.78,0
2021,4711.359,"Mount",0.017,-0.041,0.044,0.004,-0.023,0.000,13,E,0,,,,414170,116.50,0
2022,4713.443,"Mount",-0.034,0.010,-0.024,0.025,-0.018,0.000,10,E,0,,,,457308,141.34,0
2023,4715.793,"Mount",0.022,-0.094,0.093,0.024,0.028,0.000,16,W,0,,,,419113,137.81,0
2024,4717.869,"Mount",0.002,0.006,-0.004,-0.004,-0.020,0.000,11,E,0,,,,445352,121.36,0
2025,4720.202,"Mount",-0.046,0.040,-0.056,0.023,-0.020,0.000,12,E,0,,,,416991,146.38,0
2026,4722.365,"Mount",0.020,0.116,-0.094,-0.071,-0.060,-0.026,34,E,11,N,,,407197,131.59,0
2027,4724.785,"Mount",0.030,0.097,-0.072,-0.072,-0.046,-0.027,27,E,12,N,,,438318,130.82,0
2028,4727.012,"Mount",-0.172,0.078,-0.148,0.116,-0.075,0.041,43,E,17,S,,,432942,131.84,0
2029,4729.366,"Mount",-0.022,-0.033,0.019,0.035,-0.003,0.000,2,E,0,,,,431675,154.68,0
2030,4731.594,"Mount",0.010,-0.120,0.110,0.047,0.061,0.000,35,W,0,,,,443209,135.31,0
2031,4733.965,"Mount",-0.009,-0.056,0.046,0.034,0.028,0.000,16,W,0,,,,427701,137.57,0
2032,4736.146,"Mount",0.066,-0.144,0.158,0.008,0.115,0.000,66,W,0,,,,437323,127.04,0
2033,4738.529,"Mount",-0.072,-0.027,-0.009,0.076,0.068,0.027,39,W,12,S,,,414256,122.95,0
2034,4740.698,"Mount",0.033,-0.090,0.095,0.013,0.100,0.000,57,W,0,,,,414686,122.67,0
2035,4743.056,"Mount",-0.073,0.020,-0.051,0.056,0.068,0.000,39,W,0,,,,417850,128.51,0
2036,4745.354,"Mount",-0.065,-0.077,0.039,0.093,0.068,0.034,39,W,14,S,,,430626,131.68,0
2037,4747.719,"Mount",-0.108,0.055,-0.099,0.070,0.020,0.027,11,W,11,S,,,423618,138.25,0
2038,4749.854,"Mount",0.059,-0.072,0.091,-0.019,0.075,0.000,43,W,0,,,,441661,144.74,0
2039,4752.172,"Mount",0.055,-0.003,0.028,-0.047,0.031,0.000,18,W,0,,,,410664,116.95,0
2040,4754.279,"Mount",-0.144,-0.047,-0.025,0.149,-0.000,0.054,0,,23,S,,,410611,115.88,0
2041,4756.616,"Mount",0.060,0.032,-0.000,-0.068,-0.017,-0.022,10,E,10,N,,,405842,123.99,0
2042,4758.793,"Mount",0.162,0.024,0.053,-0.155,-0.036,-0.057,21,E,24,N,,,444833,132.64,0
2043,4761.185,"Mount",-0.085,0.067,-0.098,0.045,-0.109,0.000,62,E,0,,,,428275,149.57,0
2044,4763.350,"Mount",0.051,0.005,0.019,-0.048,-0.078,0.000,44,E,0,,,,422633,136.40,0
2045,4765.749,"Mount",-0.041,0.024,-0.041,0.025,-0.107,0.000,61,E,0,,,,455247,132.30,0
2046,4767.979,"Mount",-0.057,-0.114,0.075,0.103,-0.067,0.037,38,E,16,S,,,413435,134.02,0
2047,4770.362,"Mount",0.072,-0.096,0.118,-0.019,-0.052,0.000,30,E,0,,,,443157,136.40,0
2048,4772.562,"Mount",-0.084,-0.116,0.064,0.128,-0.075,0.046,43,E,20,S,,,426389,134.34,0
2049,4774.998,"Mount",-0.058,0.155,-0.165,-0.020,-0.177,0.000,101,E,0,,,,409067,130.70,0
2050,4777.191,"Mount",-0.027,0.126,-0.124,-0.034,-0.150,0.000,86,E,0,,,,423492,133.48,0
2051,4779.575,"Mount",-0.007,0.039,-0.038,-0.012,-0.101,0.000,58,E,0,,,,420424,129.71,0
2052,4781.676,"Mount",0.043,-0.026,0.043,-0.026,-0.099,0.000,56,E,0,,,,434357,162.36,0
2053,4784.048,"Mount",0.010,-0.090,0.084,0.032,-0.049,0.000,28,E,0,,,,437741,138.15,0
2054,4786.170,"Mount",0.006,-0.078,0.072,0.031,-0.048,0.000,27,E,0,,,,426382,126.33,0
2055,4788.605,"Mount",-0.056,0.095,-0.110,0.005,-0.127,0.000,73,E,0,,,,410840,140.20,0
2056,4790.851,"Mount",-0.064,-0.062,0.026,0.085,-0.078,0.031,44,E,13,S,,,429819,123.99,0
2057,4793.257,"Mount",-0.103,-0.008,-0.041,0.095,-0.075,0.036,43,E,15,S,,,435465,134.18,0
2058,4795.376,"Mount",-0.056,-0.016,-0.011,0.057,-0.071,0.000,41,E,0,,,,411092,130.89,0
2059,4797.742,"Mount",0.028,-0.047,0.055,-0.004,-0.060,0.000,34,E,0,,,,445964,160.55,0
2060,4799.943,"Mount",-0.187,0.000,-0.086,0.166,-0.064,0.060,37,E,26,S,,,418500,134.76,0
2061,4802.313,"Mount",-0.113,-0.018,-0.036,0.109,0.000,0.041,0,,18,S,,,448642,139.08,0
2062,4804.434,"Mount",-0.111,0.114,-0.153,0.045,-0.074,0.000,42,E,0,,,,397731,122.28,0
2063,4806.772,"Mount",-0.088,0.050,-0.085,0.055,-0.047,0.000,27,E,0,,,,413410,130.15,0
2064,4808.887,"Mount",-0.003,0.025,-0.024,-0.009,-0.028,0.000,16,E,0,,,,428968,113.18,0
2065,4811.285,"Mount",-0.046,0.004,-0.025,0.039,-0.054,0.000,31,E,0,,,,426993,135.21,0
2066,4813.604,"Mount",-0.014,0.186,-0.172,-0.073,-0.152,-0.026,87,E,11,N,,,398358,122.30,0
2067,4816.145,"Mount",-0.152,0.014,-0.082,0.128,-0.170,0.045,97,E,19,S,,,416728,126.33,0
2068,4818.531,"Mount",-0.121,0.060,-0.109,0.080,-0.210,0.031,120,E,13,S,,,418815,133.84,0
2069,4821.010,"Mount",0.001,-0.067,0.059,0.030,-0.200,0.000,114,E,0,,,,426259,129.65,0
2070,4823.236,"Mount",-0.053,0.014,-0.037,0.040,-0.196,0.000,112,E,0,,,,397851,128.73,0
2071,4825.801,"Mount",0.139,0.113,-0.036,-0.175,-0.225,-0.063,128,E,27,N,,,387396,111.75,0
2072,4828.125,"Mount",-0.114,0.260,-0.284,-0.019,-0.352,0.000,201,E,0,,,,425744,137.44,0
2073,4830.617,"Mount",-0.042,-0.015,-0.006,0.044,-0.249,0.000,142,E,0,,,,430289,142.98,0
2074,4832.954,"Mount",-0.155,-0.004,-0.068,0.140,-0.263,0.050,150,E,22,S,,,386485,135.83,0
2075,4835.496,"Mount",0.053,0.057,-0.027,-0.073,-0.238,-0.024,136,E,10,N,,,412599,132.68,0
2076,4837.755,"Mount",-0.036,0.068,-0.077,0.000,-0.243,0.000,139,E,0,,,,417786,118.72,0
2077,4840.360,"Mount",-0.035,-0.074,0.050,0.065,-0.198,0.023,113,E,10,S,,,416549,131.35,0
2078,4842.544,"Mount",0.032,-0.046,0.055,-0.007,-0.193,0.000,110,E,0,,,,424870,144.40,0
2079,4844.970,"Mount",0.005,0.043,-0.035,-0.024,-0.178,0.000,102,E,0,,,,438160,135.55,0
2080,4847.195,"Mount",0.027,-0.010,0.021,-0.019,-0.173,0.000,99,E,0,,,,431106,131.84,0
2081,4849.674,"Mount",0.080,-0.005,0.041,-0.068,-0.170,-0.025,97,E,11,N,,,413382,136.60,0
2082,4851.823,"Mount",0.015,-0.069,0.068,0.019,-0.106,0.000,60,E,0,,,,406626,137.70,0
2083,4854.209,"Mount",-0.013,-0.378,0.329,0.186,-0.001,0.067,0,,29,S,,,395340,125.44,0
2084,4856.439,"Mount",0.361,-0.495,0.605,-0.092,0.128,-0.030,73,W,13,N,,,374241,117.53,0
2085,4858.859,"Mount",-0.043,-0.094,0.063,0.082,-0.100,0.028,57,E,12,S,,,374064,125.59,0
2086,4861.090,"Mount",-0.128,-0.178,0.099,0.196,-0.066,0.072,38,E,31,S,,,402553,151.02,0
2087,4863.675,"Mount",-0.060,-0.042,0.009,0.072,-0.096,0.029,55,E,12,S,,,373907,133.21,0
2088,4865.931,"Mount",-0.074,-0.019,-0.017,0.075,-0.072,0.028,41,E,12,S,,,345532,119.29,0
2089,4868.325,"Mount",-0.051,-0.065,0.035,0.075,-0.078,0.028,44,E,12,S,,,307055,120.15,0
2090,4870.507,"Mount",-0.050,-0.064,0.033,0.074,-0.070,0.028,40,E,12,S,,,255329,110.02,0
2091,4872.904,"Mount",-0.022,-0.104,0.082,0.068,-0.032,0.025,18,E,11,S,,,206189,89.31,0
2092,4874.994,"Mount",0.049,-0.122,0.131,0.013,0.008,0.000,5,W,0,,,,244107,107.35,0
2093,4877.489,"Mount",-0.159,0.111,-0.172,0.090,-0.140,0.032,80,E,14,S,,,224928,100.68,0
2094,4879.555,"DROP",,,,,,,,,,,,,176423,79.96,7,"Star lost - mass changed"
2094,4879.639,"Mount",0.000,0.000,-0.051,0.000,-0.051,0.000,29,E,0,,,,224928,100.68,7
2095,4882.049,"DROP",,,,,,,,,,,,,152789,74.39,7,"Star lost - mass changed"
2095,4882.148,"Mount",0.000,0.000,-0.070,0.000,-0.070,0.000,40,E,0,,,,224928,100.68,7
2096,4884.279,"DROP",,,,,,,,,,,,,174637,85.60,7,"Star lost - mass changed"
2096,4884.380,"Mount",0.000,0.000,-0.068,0.000,-0.068,0.000,39,E,0,,,,224928,100.68,7
2097,4886.696,"DROP",,,,,,,,,,,,,147048,80.64,7,"Star lost - mass changed"
2097,4886.800,"Mount",0.000,0.000,-0.078,0.000,-0.078,0.000,45,E,0,,,,224928,100.68,7
2098,4888.883,"DROP",,,,,,,,,,,,,117878,62.54,7,"Star lost - mass changed"
2098,4888.983,"Mount",0.000,0.000,-0.066,0.000,-0.066,0.000,38,E,0,,,,224928,100.68,7
2099,4891.269,"DROP",,,,,,,,,,,,,132623,76.56,7,"Star lost - mass changed"
2099,4891.353,"Mount",0.000,0.000,-0.050,0.000,-0.050,0.000,28,E,0,,,,224928,100.68,7
2100,4893.630,"Mount",-0.149,-0.218,0.125,0.233,0.037,0.085,21,W,36,S,,,165209,84.86,0
2101,4896.028,"Mount",0.064,-0.079,0.099,-0.020,0.047,0.000,27,W,0,,,,158722,73.02,0
2102,4898.287,"Mount",0.100,-0.138,0.169,-0.025,0.105,0.000,60,W,0,,,,186149,80.12,0
2103,4900.672,"Mount",0.040,-0.180,0.178,0.047,0.141,0.000,81,W,0,,,,190717,92.58,0
2104,4902.901,"Mount",-0.109,-0.001,-0.049,0.097,0.079,0.035,45,W,15,S,,,151739,76.25,0
2105,4905.250,"Mount",-0.071,0.079,-0.103,0.027,0.031,0.000,18,W,0,,,,185437,91.06,0
2106,4907.521,"Mount",0.009,-0.173,0.158,0.072,0.166,0.026,95,W,11,S,,,156919,79.61,0
2107,4909.951,"Mount",0.111,-0.126,0.164,-0.041,0.170,0.000,97,W,0,,,,174141,85.77,0
2108,4912.242,"Mount",0.161,-0.059,0.126,-0.115,0.151,-0.042,86,W,18,N,,,202639,96.62,0
2109,4914.653,"Mount",-0.036,-0.098,0.071,0.077,0.156,0.026,89,W,11,S,,,184372,83.57,0
2110,4916.804,"Mount",0.031,-0.016,0.029,-0.020,0.110,0.000,63,W,0,,,,312620,127.12,0
2111,4919.207,"Mount",0.046,0.039,-0.014,-0.059,0.131,0.000,75,W,0,,,,311090,106.37,0
2112,4921.490,"Mount",0.175,-0.031,0.108,-0.141,0.183,-0.051,105,W,22,N,,,233619,87.37,0
2113,4923.961,"Mount",0.017,-0.121,0.115,0.041,0.201,0.000,115,W,0,,,,245180,107.60,0
2114,4926.214,"Mount",-0.121,-0.020,-0.037,0.116,0.167,0.042,95,W,18,S,,,294440,110.49,0
2115,4928.448,"DROP",,,,,,,,,,,,,373018,131.27,7,"Star lost - mass changed"
2115,4928.600,"Mount",0.000,0.000,0.166,0.000,0.166,0.000,95,W,0,,,,294440,110.49,7
2116,4930.746,"DROP",,,,,,,,,,,,,231951,103.29,8,"No star found"
2116,4930.889,"Mount",0.000,0.000,0.139,0.000,0.139,0.000,80,W,0,,,,294440,110.49,8
2117,4933.331,"Mount",-0.069,-0.095,0.053,0.106,0.124,0.040,71,W,17,S,,,121494,59.67,0
2118,4935.538,"Mount",-0.052,0.285,-0.277,-0.085,-0.079,-0.029,45,E,12,N,,,182490,82.30,0
2119,4937.930,"Mount",-0.042,0.121,-0.127,-0.019,-0.067,0.000,39,E,0,,,,218536,93.42,0
2120,4940.206,"Mount",-0.219,0.082,-0.173,0.157,-0.132,0.056,75,E,24,S,,,324591,105.44,0
2121,4942.540,"Mount",0.028,-0.029,0.038,-0.011,-0.088,0.000,50,E,0,,,,309642,123.02,0
2122,4944.790,"Mount",-0.118,-0.029,-0.029,0.118,-0.087,0.042,50,E,18,S,,,387882,126.60,0
2123,4947.159,"Mount",-0.072,0.059,-0.086,0.037,-0.139,0.000,79,E,0,,,,352671,126.12,0
2124,4949.309,"Mount",0.077,-0.059,0.087,-0.041,-0.031,0.000,17,E,0,,,,331292,120.76,0
2125,4951.642,"Mount",0.075,-0.093,0.117,-0.024,0.006,0.000,4,W,0,,,,257745,105.46,0
2126,4953.727,"Mount",0.106,-0.099,0.136,-0.048,0.018,0.000,10,W,0,,,,279653,101.00,0
2127,4956.058,"Mount",0.079,-0.172,0.189,0.010,0.061,0.000,35,W,0,,,,306557,104.52,0
2128,4958.156,"Mount",0.045,0.003,0.018,-0.041,-0.002,0.000,1,E,0,,,,388146,157.95,0
2129,4960.480,"Mount",0.024,-0.159,0.152,0.052,0.054,0.000,31,W,0,,,,357256,132.44,0
2130,4962.755,"Mount",0.116,-0.121,0.161,-0.047,0.088,0.000,50,W,0,,,,379885,112.22,0
2131,4965.320,"Mount",-0.011,-0.478,0.419,0.231,0.230,0.083,131,W,36,S,,,409522,130.98,0
2132,4967.675,"Mount",-0.081,-0.202,0.142,0.165,0.138,0.063,79,W,27,S,,,414667,146.11,0
2133,4970.244,"Mount",0.028,-0.273,0.255,0.101,0.279,0.039,160,W,17,S,,,375000,133.05,0
2134,4972.593,"Mount",0.006,-0.253,0.227,0.111,0.292,0.042,167,W,18,S,,,327049,103.84,0
2135,4975.232,"Mount",-0.067,-0.046,0.010,0.080,0.234,0.031,134,W,13,S,,,405020,117.66,0
2136,4977.580,"Mount",0.030,-0.095,0.098,0.018,0.303,0.000,173,W,0,,,,423986,129.51,0
2137,4980.138,"Mount",0.090,-0.294,0.303,0.056,0.382,0.000,219,W,0,,,,368207,126.31,0
2138,4982.493,"Mount",0.011,-0.174,0.160,0.071,0.316,0.025,181,W,11,S,,,368897,121.24,0
2139,4985.039,"Mount",0.076,-0.013,0.047,-0.061,0.249,-0.021,142,W,9,N,,,395825,126.85,0
2140,4987.295,"Mount",0.025,-0.079,0.081,0.014,0.255,0.000,146,W,0,,,,389283,126.47,0
2141,4989.791,"Mount",0.079,0.087,-0.041,-0.110,0.195,-0.040,111,W,17,N,,,394229,115.96,0
2142,4991.939,"Mount",0.023,-0.013,0.023,-0.014,0.141,0.000,81,W,0,,,,425070,135.39,0
2143,4994.342,"Mount",-0.017,0.039,-0.042,-0.003,0.135,0.000,77,W,0,,,,382864,148.34,0
2144,4996.539,"Mount",-0.080,-0.013,-0.025,0.077,0.102,0.028,59,W,12,S,,,466204,145.75,0
2145,4998.926,"Mount",-0.038,0.062,-0.072,0.005,0.079,0.000,45,W,0,,,,404604,129.88,0
2146,5001.041,"Mount",-0.072,0.101,-0.123,0.017,0.024,0.000,14,W,0,,,,370580,122.39,0
2147,5003.424,"Mount",-0.116,0.061,-0.108,0.075,0.014,0.027,8,W,11,S,,,329104,129.74,0
2148,5005.603,"Mount",0.009,0.123,-0.105,-0.065,0.025,-0.022,14,W,10,N,,,410868,120.53,0
2149,5008.085,"Mount",-0.285,0.233,-0.338,0.145,-0.097,0.051,55,E,22,S,,,392860,136.88,0
2150,5010.250,"Mount",-0.119,0.191,-0.225,0.017,-0.081,0.000,46,E,0,,,,418401,128.79,0
2151,5012.574,"Mount",-0.058,0.022,-0.046,0.041,-0.006,0.000,4,E,0,,,,395214,148.65,0
2152,5014.831,"Mount",-0.065,0.232,-0.235,-0.050,-0.134,0.000,77,E,0,,,,348731,126.26,0
2153,5017.275,"Mount",-0.081,-0.025,-0.016,0.083,-0.052,0.030,30,E,13,S,,,355535,124.99,0
2154,5019.381,"Mount",0.034,-0.064,0.073,-0.000,-0.008,0.000,4,E,0,,,,374867,130.84,0
2155,5021.681,"Mount",-0.012,-0.076,0.062,0.046,0.014,0.000,8,W,0,,,,422150,128.01,0
2156,5023.831,"Mount",-0.002,-0.103,0.091,0.049,0.046,0.000,26,W,0,,,,410114,130.19,0
2157,5026.141,"Mount",-0.054,0.095,-0.109,0.004,-0.041,0.000,24,E,0,,,,421123,151.80,0
2158,5028.412,"Mount",-0.071,-0.141,0.092,0.128,0.065,0.046,37,W,20,S,,,408133,127.30,0
2159,5030.766,"Mount",0.045,-0.050,0.066,-0.017,0.067,0.000,38,W,0,,,,399116,113.81,0
2160,5032.981,"Mount",-0.110,-0.129,0.064,0.157,0.068,0.057,39,W,24,S,,,411589,120.17,0
2161,5035.414,"Mount",0.047,0.090,-0.059,-0.083,0.043,-0.028,25,W,12,N,,,421047,137.06,0
2162,5037.568,"Mount",-0.002,-0.089,0.078,0.043,0.074,0.000,43,W,0,,,,408529,127.88,0
2163,5039.921,"Mount",-0.069,0.030,-0.058,0.048,0.033,0.000,19,W,0,,,,426014,141.46,0
2164,5042.148,"Mount",-0.176,0.047,-0.123,0.134,-0.039,0.048,22,E,21,S,,,374286,154.52,0
2165,5044.453,"Mount",0.007,0.007,-0.003,-0.010,0.022,0.000,13,W,0,,,,445737,121.57,0
2166,5046.509,"Mount",0.041,0.039,-0.016,-0.055,0.018,0.000,10,W,0,,,,386571,124.28,0
2167,5048.848,"Mount",0.024,0.033,-0.019,-0.036,0.024,0.000,14,W,0,,,,419050,126.38,0
2168,5051.044,"Mount",-0.147,0.075,-0.135,0.095,-0.047,0.034,27,E,15,S,,,348062,115.35,0
2169,5053.500,"Mount",0.264,0.054,0.074,-0.259,0.040,-0.092,23,W,39,N,,,336991,105.36,0
2170,5055.821,"Mount",-0.205,-0.181,0.066,0.266,0.037,0.092,21,W,39,S,,,398167,123.82,0
2171,5058.160,"Mount",-0.078,0.088,-0.114,0.029,-0.054,0.000,31,E,0,,,,381176,140.32,0
2172,5060.336,"Mount",-0.070,-0.007,-0.026,0.065,-0.014,0.024,8,E,10,S,,,230104,97.53,0
2173,5062.637,"DROP",,,,,,,,,,,,,187575,82.38,7,"Star lost - mass changed"
2173,5062.706,"Mount",0.000,0.000,-0.025,0.000,-0.025,0.000,14,E,0,,,,230104,97.53,7
2174,5065.041,"Mount",0.053,0.029,-0.001,-0.060,-0.031,-0.021,18,E,9,N,,,247397,89.65,0
2175,5067.584,"Mount",-0.162,0.138,-0.197,0.080,-0.136,0.028,78,E,12,S,,,273676,110.68,0
2176,5069.769,"Mount",-0.019,0.043,-0.046,-0.003,-0.042,0.000,24,E,0,,,,217503,98.89,0
2177,5072.077,"Mount",0.027,0.058,-0.039,-0.051,-0.028,0.000,16,E,0,,,,316928,118.89,0
2178,5074.197,"Mount",0.080,-0.101,0.126,-0.024,0.029,0.000,16,W,0,,,,386879,127.75,0
2179,5076.470,"Mount",-0.013,-0.069,0.055,0.044,-0.014,0.000,8,E,0,,,,410823,141.00,0
2180,5078.540,"Mount",0.012,-0.033,0.035,0.005,0.006,0.000,3,W,0,,,,372339,137.14,0
2181,5080.895,"Mount",0.049,-0.040,0.058,-0.025,0.037,0.000,21,W,0,,,,342826,124.90,0
2182,5083.142,"Mount",0.002,-0.042,0.038,0.017,0.050,0.000,29,W,0,,,,366031,122.81,0
2183,5085.665,"Mount",-0.286,-0.050,-0.087,0.277,0.019,0.100,11,W,43,S,,,355721,116.22,0
2184,5087.861,"Mount",-0.177,0.078,-0.151,0.121,-0.009,0.047,5,E,20,S,,,374916,109.11,0
2185,5090.241,"Mount",-0.079,-0.059,0.016,0.097,0.056,0.037,32,W,16,S,,,391036,136.82,0
2186,5092.336,"Mount",-0.109,0.123,-0.160,0.040,-0.017,0.000,10,E,0,,,,258498,95.12,0
2187,5094.755,"Mount",-0.017,-0.131,0.109,0.076,0.106,0.027,60,W,12,S,,,219490,95.04,0
2188,5096.900,"Mount",-0.047,-0.045,0.019,0.063,0.033,0.024,19,W,10,S,,,179971,77.40,0
2189,5099.185,"DROP",,,,,,,,,,,,,158836,80.19,7,"Star lost - mass changed"
2189,5099.257,"Mount",0.000,0.000,0.021,0.000,0.021,0.000,12,W,0,,,,179971,77.40,7
2190,5101.489,"Mount",0.047,-0.082,0.095,-0.003,0.048,0.000,28,W,0,,,,198132,97.46,0
2191,5103.851,"Mount",0.008,-0.028,0.028,0.005,-0.008,0.000,5,E,0,,,,199829,89.35,0
2192,5106.076,"Mount",-0.124,-0.100,0.031,0.156,-0.029,0.056,17,E,24,S,,,187408,79.29,0
2193,5108.400,"Mount",0.058,-0.059,0.079,-0.024,-0.017,0.000,10,E,0,,,,251147,94.04,0
2194,5110.500,"Mount",0.030,0.017,-0.002,-0.035,-0.067,0.000,38,E,0,,,,338481,135.19,0
2195,5112.870,"Mount",0.079,-0.036,0.069,-0.053,-0.070,0.000,40,E,0,,,,260082,108.64,0
2196,5115.053,"Mount",0.005,0.002,0.000,-0.006,-0.088,0.000,50,E,0,,,,364206,121.61,0
2197,5117.484,"Mount",0.095,-0.003,0.046,-0.083,-0.104,-0.030,59,E,13,N,,,333587,116.92,0
2198,5119.808,"Mount",0.041,0.111,-0.080,-0.087,-0.140,-0.033,80,E,14,N,,,387931,151.79,0
2199,5122.193,"Mount",-0.012,0.136,-0.126,-0.052,-0.174,0.000,100,E,0,,,,283472,98.32,0
2200,5124.422,"Mount",-0.096,-0.004,-0.041,0.087,-0.107,0.031,61,E,13,S,,,222562,102.13,0
2201,5126.691,"DROP",,,,,,,,,,,,,141434,71.67,7,"Star lost - mass changed"
2201,5126.809,"Mount",0.000,0.000,-0.105,0.000,-0.105,0.000,60,E,0,,,,222562,102.13,7
2202,5128.894,"DROP",,,,,,,,,,,,,78446,45.01,7,"Star lost - mass changed"
2202,5129.010,"Mount",0.000,0.000,-0.107,0.000,-0.107,0.000,61,E,0,,,,222562,102.13,7
2203,5131.263,"DROP",,,,,,,,,,,,,143442,71.22,8,"No star found"
2203,5131.349,"Mount",0.000,0.000,-0.095,0.000,-0.095,0.000,55,E,0,,,,222562,102.13,8
2204,5133.715,"Mount",-0.220,-0.038,-0.067,0.213,-0.120,0.078,69,E,33,S,,,163234,78.95,0
2205,5136.148,"Mount",-0.113,0.165,-0.199,0.024,-0.178,0.000,102,E,0,,,,118317,62.90,0
2206,5138.403,"Mount",-0.082,-0.109,0.059,0.123,-0.072,0.044,41,E,19,S,,,146612,73.85,0
2207,5140.653,"DROP",,,,,,,,,,,,,97905,53.85,7,"Star lost - mass changed"
2207,5140.752,"Mount",0.000,0.000,-0.074,0.000,-0.074,0.000,42,E,0,,,,146612,73.85,7
2208,5143.059,"Mount",-0.052,-0.129,0.090,0.106,-0.027,0.040,15,E,17,S,,,100200,61.27,0
2209,5145.411,"Mount",0.150,-0.081,0.141,-0.096,0.019,-0.033,11,W,14,N,,,106416,62.39,0
2210,5147.498,"DROP",,,,,,,,,,,,,87421,58.34,7,"Star lost - mass changed"
2210,5147.565,"Mount",0.000,0.000,-0.030,0.000,-0.030,0.000,17,E,0,,,,106416,62.39,7
2211,5150.111,"Mount",-0.454,-0.082,-0.136,0.441,-0.085,0.157,49,E,67,S,,,109249,64.28,0
2212,5152.321,"Mount",-0.105,-0.103,0.043,0.140,-0.019,0.057,11,E,24,S,,,130196,71.26,0
2213,5154.558,"DROP",,,,,,,,,,,,,110498,59.18,8,"No star found"
2213,5154.634,"Mount",0.000,0.000,-0.028,0.000,-0.028,0.000,16,E,0,,,,130196,71.26,8
2214,5156.809,"Mount",0.024,-0.021,0.030,-0.011,-0.045,0.000,26,E,0,,,,117550,66.94,0
2215,5159.093,"DROP",,,,,,,,,,,,,67167,43.97,7,"Star lost - mass changed"
2215,5159.186,"Mount",0.000,0.000,-0.065,0.000,-0.065,0.000,37,E,0,,,,117550,66.94,7
2216,5161.326,"DROP",,,,,,,,,,,,,76503,45.02,8,"No star found"
2216,5161.438,"Mount",0.000,0.000,-0.092,0.000,-0.092,0.000,53,E,0,,,,117550,66.94,8
2217,5163.751,"DROP",,,,,,,,,,,,,35437,27.94,7,"Star lost - mass changed"
2217,5163.885,"Mount",0.000,0.000,-0.132,0.000,-0.132,0.000,76,E,0,,,,117550,66.94,7
2218,5165.983,"DROP",,,,,,,,,,,,,28129,24.32,7,"Star lost - mass changed"
2218,5166.111,"Mount",0.000,0.000,-0.132,0.000,-0.132,0.000,76,E,0,,,,117550,66.94,7
2219,5168.571,"Mount",-0.114,0.178,-0.210,0.019,-0.254,0.000,145,E,0,,,,161159,73.59,0
2220,5170.975,"Mount",-0.274,-0.052,-0.080,0.267,-0.207,0.096,118,E,41,S,,,191282,84.43,0
2221,5173.518,"Mount",-0.201,-0.139,0.031,0.243,-0.224,0.091,128,E,39,S,,,180538,89.13,0
2222,5175.779,"Mount",-0.065,0.077,-0.098,0.022,-0.277,0.000,158,E,0,,,,133929,72.83,0
2223,5178.021,"DROP",,,,,,,,,,,,,255535,112.65,7,"Star lost - mass changed"
2223,5178.235,"Mount",0.000,0.000,-0.261,0.000,-0.261,0.000,149,E,0,,,,133929,72.83,7
2224,5180.657,"Mount",0.021,0.113,-0.091,-0.071,-0.287,-0.026,164,E,11,N,,,189727,78.50,0
INFO: SET LOCK POSITION, new lock pos = 565.022, 571.142
INFO: DITHER by 12.783, 7.707, new lock pos = 564.067, 556.246
INFO: SETTLING STATE CHANGE, Settling started
2225,5182.894,"DROP",,,,,,,,,,,,,30826,27.77,7,"Star lost - mass changed"
2225,5183.309,"Mount",0.000,0.000,-0.623,0.000,-0.623,0.000,356,E,0,,,,189727,78.50,7
2226,5196.111,"Mount",0.955,14.896,-12.783,-7.707,-12.783,-7.707,7308,E,3296,N,,,71785,45.41,0
2227,5198.362,"DROP",,,,,,,,,,,,,43825,36.43,7,"Star lost - mass changed"
2227,5198.924,"Mount",0.000,0.000,-0.881,0.000,-0.881,0.000,503,E,0,,,,71785,45.41,7
2228,5201.909,"Mount",-3.307,-0.150,-1.390,3.002,-0.626,1.081,358,E,462,S,,,58110,40.44,0
2229,5204.669,"Mount",-1.027,0.595,-1.001,0.636,-0.451,0.272,258,E,116,S,,,66995,45.05,0
2230,5207.006,"Mount",-0.612,0.333,-0.577,0.389,-0.260,0.151,149,E,65,S,,,65030,45.09,0
2231,5209.605,"Mount",-0.153,0.477,-0.493,-0.084,-0.222,-0.024,127,E,10,N,,,111394,63.34,0
2232,5211.802,"Mount",0.205,0.155,-0.043,-0.254,-0.019,-0.092,11,E,39,N,,,98981,52.63,0
2233,5214.069,"DROP",,,,,,,,,,,,,37329,29.30,7,"Star lost - mass changed"
2233,5214.178,"Mount",0.000,0.000,-0.083,0.000,-0.083,0.000,48,E,0,,,,98981,52.63,7
2234,5216.484,"Mount",-0.503,-0.209,-0.046,0.543,-0.021,0.192,12,E,82,S,,,60220,45.00,0
2235,5218.996,"Mount",0.059,0.278,-0.220,-0.180,-0.099,-0.057,57,E,24,N,,,68969,49.25,0
2236,5221.260,"Mount",-0.271,0.154,-0.261,0.169,-0.118,0.059,67,E,25,S,,,56332,43.12,0
2237,5223.632,"Mount",-0.083,0.074,-0.104,0.039,-0.047,0.000,27,E,0,,,,68913,44.10,0
2238,5225.969,"Mount",0.373,0.069,0.111,-0.363,0.050,-0.131,29,W,56,N,,,95187,54.32,0
2239,5228.384,"Mount",0.060,-0.383,0.367,0.124,0.108,0.039,62,W,17,S,,,40397,35.27,0
2240,5230.663,"Mount",-0.306,0.136,-0.261,0.209,-0.196,0.077,112,E,33,S,,,47762,35.99,0
2241,5233.188,"Mount",-0.301,0.301,-0.405,0.128,-0.257,0.049,147,E,21,S,,,91160,54.66,0
2242,5235.326,"Mount",0.073,-0.078,0.103,-0.029,-0.014,0.000,8,E,0,,,,119641,65.70,0
2243,5237.599,"DROP",,,,,,,,,,,,,177721,77.07,7,"Star lost - mass changed"
2243,5237.680,"Mount",0.000,0.000,-0.040,0.000,-0.040,0.000,23,E,0,,,,119641,65.70,7
2244,5239.822,"DROP",,,,,,,,,,,,,232223,98.98,7,"Star lost - mass changed"
2244,5239.890,"Mount",0.000,0.000,-0.020,0.000,-0.020,0.000,11,E,0,,,,119641,65.70,7
2245,5242.253,"DROP",,,,,,,,,,,,,318900,106.09,7,"Star lost - mass changed"
2245,5242.308,"Mount",0.000,0.000,-0.002,0.000,-0.002,0.000,1,E,0,,,,119641,65.70,7
2246,5244.405,"DROP",,,,,,,,,,,,,256368,104.29,7,"Star lost - mass changed"
2246,5244.478,"Mount",0.000,0.000,0.031,0.000,0.031,0.000,18,W,0,,,,119641,65.70,7
2247,5246.765,"DROP",,,,,,,,,,,,,244366,102.28,7,"Star lost - mass changed"
2247,5246.899,"Mount",0.000,0.000,0.074,0.000,0.074,0.000,42,W,0,,,,119641,65.70,7
2248,5248.948,"DROP",,,,,,,,,,,,,270498,112.33,7,"Star lost - mass changed"
2248,5249.142,"Mount",0.000,0.000,0.080,0.000,0.080,0.000,46,W,0,,,,119641,65.70,7
2249,5251.379,"DROP",,,,,,,,,,,,,366464,138.50,7,"Star lost - mass changed"
2249,5251.484,"Mount",0.000,0.000,0.085,0.000,0.085,0.000,49,W,0,,,,119641,65.70,7
2250,5253.550,"DROP",,,,,,,,,,,,,373991,127.34,7,"Star lost - mass changed"
2250,5253.652,"Mount",0.000,0.000,0.076,0.000,0.076,0.000,43,W,0,,,,119641,65.70,7
2251,5255.968,"DROP",,,,,,,,,,,,,372062,111.96,7,"Star lost - mass changed"
2251,5256.055,"Mount",0.000,0.000,0.102,0.000,0.102,0.000,58,W,0,,,,119641,65.70,7
2252,5258.218,"DROP",,,,,,,,,,,,,354926,136.84,7,"Star lost - mass changed"
2252,5258.333,"Mount",0.000,0.000,0.104,0.000,0.104,0.000,60,W,0,,,,119641,65.70,7
2253,5260.619,"DROP",,,,,,,,,,,,,361909,117.92,7,"Star lost - mass changed"
2253,5260.753,"Mount",0.000,0.000,0.133,0.000,0.133,0.000,76,W,0,,,,119641,65.70,7
2254,5263.139,"Mount",-0.430,-0.115,-0.096,0.435,0.107,0.156,61,W,67,S,,,341082,126.89,0
2255,5265.604,"Mount",0.042,0.165,-0.127,-0.114,0.079,-0.035,45,W,15,N,,,145563,73.02,0
2256,5267.834,"Mount",0.013,-0.019,0.023,-0.003,0.141,0.000,80,W,0,,,,194192,101.70,0
2257,5270.387,"Mount",0.209,-0.092,0.178,-0.143,0.232,-0.052,132,W,22,N,,,72919,48.17,0
INFO: SETTLING STATE CHANGE, Settling failed
2258,5272.615,"Mount",0.143,0.048,0.023,-0.149,0.144,-0.056,83,W,24,N,,,60532,41.50,0
Guiding Ends at 2026-05-29 02:19:27

Guiding Begins at 2026-05-29 02:22:29
Equipment Profile = 60mmGuide
Dither = both axes, Dither scale = 1.000, Image noise reduction = none, Guide-frame time lapse = 0, Server enabled
Pixel scale = 3.22 arc-sec/px, Binning = 1, Focal length = 240 mm
Search region = 25 px, Star mass tolerance = 50.0%, Multi-star mode, list size = 7
 Camera = ZWO ASI120MM Mini, gain = 37, full size = 1280 x 960, have dark, dark dur = 2000, no defect map, pixel size = 3.8 um
Exposure = 2000 ms
Mount = iOptron CEM120,70,40,26, GEM, HEM, HAE, HAZ series and SkyHunter Mount (ASCOM), connected, guiding enabled, xAngle = -62.6, xRate = 1.749, yAngle = -152.7, yRate = 2.338, parity = +/-
Norm rates RA = 8.3"/s @ dec 0, Dec = 7.5"/s; ortho.err. = 0.1 deg
X guide algorithm = Predictive PEC, Control gain = 0.450
Prediction gain = 0.750
Minimum move = 0.060
Hyperparameters
	Length scale long range SE kernel = 700.000
	Signal variance long range SE kernel = 20.000
	Length scale periodic kernel = 10.000
	Signal variance periodic kernel = 20.000
	Length scale short range SE kernel = 25.000
	Signal variance short range SE kernel = 10.000
	Period length periodic kernel = 348.000
	FFT called after = 2.000 worm cycles
	Auto-adjust period length = Off
Y guide algorithm = Hysteresis, Hysteresis = 0.100, Aggression = 0.400, Minimum move = 0.060
Backlash comp = disabled, pulse = 100 ms
Max RA duration = 2500, Max DEC duration = 2500, DEC guide mode = Auto
RA Guide Speed = 7.5 a-s/s, Dec Guide Speed = 7.5 a-s/s, Cal Dec = 0.0, Last Cal Issue = None, Timestamp = 7/29/2025 9:33:42 PM
RA = 13.52 hr, Dec = 47.1 deg, Hour angle = 3.69 hr, Pier side = East, Rotator pos = N/A, Alt = 45.5 deg, Az = 306.9 deg
Lock position = 309.635, 587.379, Star position = 309.635, 587.379, HFD = 3.19 px
Frame,Time,mount,dx,dy,RARawDistance,DECRawDistance,RAGuideDistance,DECGuideDistance,RADuration,RADirection,DECDuration,DECDirection,XStep,YStep,StarMass,SNR,ErrorCode
INFO: SETTLING STATE CHANGE, Settling started
1,2.255,"DROP",,,,,,,,,,,,,0,0.00,4,"Star lost - low HFD"
2,4.626,"DROP",,,,,,,,,,,,,0,0.00,2,"Star lost - low SNR"
3,7.122,"Mount",-0.391,0.485,-0.610,0.123,-0.274,0.044,157,E,19,S,,,13007,16.21,0
4,9.884,"Mount",0.207,1.253,-1.017,-0.762,-0.458,-0.273,262,E,117,N,,,35592,32.74,0
5,12.001,"Mount",0.080,-0.053,0.083,-0.046,0.037,0.000,21,W,0,,,,48117,39.45,0
6,14.276,"DROP",,,,,,,,,,,,,115890,67.41,7,"Star lost - mass changed"
7,16.440,"DROP",,,,,,,,,,,,,110269,66.25,7,"Star lost - mass changed"
8,18.887,"DROP",,,,,,,,,,,,,106426,70.71,7,"Star lost - mass changed"
9,21.059,"DROP",,,,,,,,,,,,,106201,60.21,7,"Star lost - mass changed"
10,23.811,"Mount",-0.753,0.358,-0.664,0.503,-0.299,0.181,171,E,77,S,,,102467,64.89,0
11,25.852,"DROP",,,,,,,,,,,,,121350,78.87,7,"Star lost - mass changed"
12,28.607,"Mount",-0.646,0.480,-0.724,0.351,-0.311,0.134,178,E,57,S,,,77482,49.31,0
13,30.883,"Mount",-0.015,0.483,-0.436,-0.209,-0.181,-0.070,103,E,30,N,,,78795,57.41,0
14,33.603,"Mount",0.066,0.676,-0.569,-0.370,-0.249,-0.136,142,E,58,N,,,46487,37.55,0
15,35.817,"Mount",-0.197,0.491,-0.527,-0.052,-0.226,0.000,129,E,0,,,,52048,49.49,0
16,38.297,"Mount",-0.255,-0.073,-0.053,0.260,-0.005,0.094,3,E,40,S,,,55979,43.70,0
17,40.450,"Mount",0.059,0.151,-0.107,-0.122,-0.059,-0.040,33,E,17,N,,,79215,55.45,0
18,42.867,"Mount",-0.266,-0.079,-0.053,0.272,-0.006,0.096,3,E,41,S,,,74990,60.25,0
19,45.048,"Mount",0.141,-0.004,0.068,-0.124,0.020,-0.041,11,W,17,N,,,65095,45.28,0
20,47.526,"Mount",0.145,0.228,-0.136,-0.234,-0.062,-0.086,35,E,37,N,,,87360,63.20,0
21,49.708,"Mount",-0.088,0.226,-0.241,-0.026,-0.104,0.000,59,E,0,,,,57190,44.00,0
22,52.215,"Mount",-0.421,0.070,-0.256,0.341,-0.113,0.123,65,E,53,S,,,31957,31.51,0
23,54.272,"DROP",,,,,,,,,,,,,22278,24.68,7,"Star lost - mass changed"
24,56.628,"DROP",,,,,,,,,,,,,0,0.00,4,"Star lost - low HFD"
25,58.809,"DROP",,,,,,,,,,,,,16965,22.46,7,"Star lost - mass changed"
26,61.310,"DROP",,,,,,,,,,,,,22490,26.03,7,"Star lost - mass changed"
27,63.529,"DROP",,,,,,,,,,,,,0,0.00,4,"Star lost - low HFD"
28,65.976,"DROP",,,,,,,,,,,,,10862,14.32,7,"Star lost - mass changed"
29,68.249,"DROP",,,,,,,,,,,,,0,0.00,4,"Star lost - low HFD"
30,71.056,"Mount",-0.474,1.097,-1.192,-0.086,-0.497,-0.026,284,E,11,N,,,34952,32.21,0
31,73.489,"Mount",-0.306,1.083,-1.103,-0.229,-0.461,-0.083,263,E,36,N,,,43334,37.58,0
32,75.918,"Mount",-0.471,-0.101,-0.127,0.465,-0.082,0.164,47,E,70,S,,,70270,47.13,0
33,78.298,"Mount",-0.212,0.715,-0.732,-0.142,-0.328,-0.045,188,E,19,N,,,56920,42.88,0
34,80.777,"Mount",-0.038,0.449,-0.416,-0.174,-0.185,-0.064,106,E,28,N,,,30915,30.04,0
35,83.221,"Mount",-0.429,1.063,-1.141,-0.110,-0.492,-0.042,281,E,18,N,,,42137,35.89,0
36,85.732,"Mount",-0.038,0.533,-0.491,-0.212,-0.221,-0.078,126,E,33,N,,,56748,47.94,0
37,88.005,"Mount",-0.586,-0.092,-0.188,0.562,-0.108,0.199,62,E,85,S,,,41255,34.56,0
INFO: SETTLING STATE CHANGE, Settling failed
38,90.530,"Mount",0.000,0.517,-0.459,-0.239,-0.211,-0.078,121,E,33,N,,,34685,30.68,0
39,93.055,"Mount",0.611,0.930,-0.544,-0.971,-0.242,-0.353,138,E,151,N,,,33456,31.93,0
40,95.725,"Mount",-1.155,-0.116,-0.429,1.078,-0.201,0.374,115,E,160,S,,,59164,44.90,0
41,97.796,"DROP",,,,,,,,,,,,,90042,61.22,7,"Star lost - mass changed"
42,100.457,"Mount",-0.186,0.590,-0.609,-0.107,-0.275,-0.024,157,E,10,N,,,45637,38.84,0
43,102.695,"Mount",-0.243,0.216,-0.304,0.116,-0.142,0.041,81,E,17,S,,,19035,21.43,0
44,105.152,"Mount",-0.137,0.294,-0.324,-0.014,-0.162,0.000,93,E,0,,,,42040,35.24,0
45,107.383,"Mount",0.298,-0.091,0.219,-0.223,0.067,-0.080,38,W,34,N,,,20567,23.19,0
46,109.648,"DROP",,,,,,,,,,,,,0,0.00,2,"Star lost - low SNR"
47,111.855,"DROP",,,,,,,,,,,,,0,0.00,2,"Star lost - low SNR"
48,114.269,"DROP",,,,,,,,,,,,,0,0.00,2,"Star lost - low SNR"
49,116.432,"DROP",,,,,,,,,,,,,0,0.00,4,"Star lost - low HFD"
50,118.915,"DROP",,,,,,,,,,,,,0,0.00,2,"Star lost - low SNR"
51,121.127,"DROP",,,,,,,,,,,,,0,0.00,2,"Star lost - low SNR"
52,123.580,"DROP",,,,,,,,,,,,,0,0.00,2,"Star lost - low SNR"
53,125.757,"DROP",,,,,,,,,,,,,0,0.00,4,"Star lost - low HFD"
54,128.195,"DROP",,,,,,,,,,,,,12011,16.33,7,"Star lost - mass changed"
55,130.341,"DROP",,,,,,,,,,,,,0,0.00,4,"Star lost - low HFD"
56,132.792,"DROP",,,,,,,,,,,,,14337,17.32,7,"Star lost - mass changed"
57,134.972,"DROP",,,,,,,,,,,,,0,0.00,4,"Star lost - low HFD"
58,137.557,"Mount",-0.564,-0.300,0.007,0.639,-0.023,0.227,13,E,97,S,,,21045,23.14,0
59,139.573,"DROP",,,,,,,,,,,,,0,0.00,4,"Star lost - low HFD"
60,142.009,"DROP",,,,,,,,,,,,,0,0.00,4,"Star lost - low HFD"
61,144.421,"Mount",-0.277,0.287,-0.383,0.113,-0.182,0.050,104,E,21,S,,,45598,42.22,0
62,146.714,"DROP",,,,,,,,,,,,,81600,54.46,7,"Star lost - mass changed"
63,148.961,"DROP",,,,,,,,,,,,,89391,63.75,7,"Star lost - mass changed"
64,151.557,"Mount",0.038,0.101,-0.072,-0.080,-0.056,-0.027,32,E,12,N,,,83949,53.10,0
65,153.602,"DROP",,,,,,,,,,,,,104963,65.13,7,"Star lost - mass changed"
66,156.242,"Mount",0.111,0.077,-0.017,-0.134,-0.026,-0.049,15,E,21,N,,,126769,79.41,0
67,158.390,"Mount",0.044,-0.127,0.133,0.019,0.029,0.000,17,W,0,,,,95017,64.87,0
68,160.853,"Mount",0.096,-0.473,0.464,0.133,0.166,0.048,95,W,20,S,,,101952,60.96,0
69,163.077,"Mount",0.126,-0.396,0.410,0.072,0.145,0.028,83,W,12,S,,,102963,63.58,0
70,165.540,"Mount",0.263,-0.188,0.288,-0.146,0.101,-0.052,58,W,22,N,,,45320,38.45,0
71,167.794,"Mount",0.258,-0.363,0.441,-0.061,0.164,-0.024,94,W,10,N,,,34861,30.75,0
72,170.328,"Mount",0.028,-0.335,0.310,0.130,0.109,0.046,62,W,20,S,,,29764,28.18,0
73,172.510,"Mount",0.186,-0.461,0.495,0.048,0.188,0.000,107,W,0,,,,24007,26.20,0
74,174.955,"Mount",0.205,0.169,-0.056,-0.259,-0.020,-0.093,12,E,40,N,,,43985,34.63,0
75,177.213,"Mount",0.087,-0.309,0.314,0.066,0.116,0.020,66,W,9,S,,,47362,47.34,0
76,179.657,"Mount",-0.153,-0.277,0.176,0.264,0.056,0.096,32,W,41,S,,,70753,46.79,0
77,181.863,"Mount",-0.198,-0.004,-0.087,0.177,-0.052,0.068,30,E,29,S,,,83817,57.95,0
78,184.344,"Mount",0.085,-0.301,0.306,0.064,0.117,0.026,67,W,11,S,,,85612,52.67,0
79,186.473,"Mount",0.132,0.002,0.059,-0.118,-0.016,-0.041,9,E,18,N,,,102254,67.42,0
80,188.862,"Mount",0.221,0.099,0.014,-0.242,-0.015,-0.089,8,E,38,N,,,51382,45.18,0
81,191.012,"Mount",0.080,0.164,-0.108,-0.146,-0.064,-0.056,37,E,24,N,,,47477,41.19,0
82,193.477,"Mount",0.271,-0.170,0.276,-0.162,0.091,-0.061,52,W,26,N,,,36047,31.35,0
83,195.660,"Mount",-0.039,-0.124,0.092,0.092,0.012,0.031,7,W,13,S,,,40821,34.46,0
84,198.044,"Mount",0.074,-0.172,0.187,0.014,0.053,0.000,30,W,0,,,,51148,39.83,0
85,200.352,"Mount",-0.397,-0.001,-0.182,0.352,-0.087,0.127,49,E,54,S,,,43756,39.95,0
86,202.878,"Mount",-0.203,-0.278,0.153,0.309,0.050,0.116,29,W,50,S,,,72656,46.86,0
87,205.051,"Mount",0.039,-0.146,0.147,0.032,0.035,0.000,20,W,0,,,,80923,52.00,0
88,207.508,"Mount",0.286,-0.253,0.357,-0.137,0.124,-0.049,71,W,21,N,,,88257,61.48,0
89,209.579,"Mount",-0.030,-0.043,0.024,0.047,0.004,0.000,2,W,0,,,,101374,59.98,0
90,211.932,"Mount",-0.085,-0.013,-0.028,0.081,0.001,0.029,1,W,13,S,,,86321,61.55,0
91,214.079,"Mount",0.125,0.054,0.010,-0.136,0.003,-0.048,2,W,21,N,,,83189,54.51,0
92,216.500,"Mount",-0.036,-0.284,0.236,0.163,0.097,0.057,55,W,24,S,,,50193,39.65,0
93,218.652,"Mount",0.154,-0.205,0.253,-0.042,0.087,0.000,49,W,0,,,,78852,57.74,0
94,221.100,"Mount",0.288,0.036,0.100,-0.272,0.019,-0.098,11,W,42,N,,,75577,54.97,0
95,223.299,"Mount",0.228,-0.359,0.423,-0.037,0.150,0.000,86,W,0,,,,88333,53.08,0
96,225.836,"Mount",0.094,-0.549,0.531,0.170,0.242,0.061,138,W,26,S,,,116361,80.37,0
97,227.988,"Mount",0.076,-0.159,0.176,0.006,0.093,0.000,53,W,0,,,,92694,58.14,0
98,230.509,"Mount",0.067,-0.460,0.439,0.153,0.227,0.055,130,W,24,S,,,73294,54.87,0
99,232.897,"Mount",0.157,-0.568,0.576,0.123,0.274,0.047,157,W,20,S,,,48986,42.72,0
100,235.165,"DROP",,,,,,,,,,,,,0,0.00,4,"Star lost - low HFD"
101,237.434,"DROP",,,,,,,,,,,,,22921,24.16,7,"Star lost - mass changed"
102,239.845,"DROP",,,,,,,,,,,,,0,0.00,4,"Star lost - low HFD"
103,242.038,"DROP",,,,,,,,,,,,,0,0.00,2,"Star lost - low SNR"
104,244.422,"DROP",,,,,,,,,,,,,0,0.00,2,"Star lost - low SNR"
105,246.627,"DROP",,,,,,,,,,,,,0,0.00,2,"Star lost - low SNR"
106,249.055,"DROP",,,,,,,,,,,,,0,0.00,3,"Star lost - low mass"
107,251.243,"DROP",,,,,,,,,,,,,0,0.00,2,"Star lost - low SNR"
108,253.675,"DROP",,,,,,,,,,,,,0,0.00,2,"Star lost - low SNR"
109,255.833,"DROP",,,,,,,,,,,,,0,0.00,2,"Star lost - low SNR"
110,258.202,"DROP",,,,,,,,,,,,,0,0.00,2,"Star lost - low SNR"
111,260.363,"DROP",,,,,,,,,,,,,0,0.00,4,"Star lost - low HFD"
112,263.188,"Mount",-0.221,-1.221,0.982,0.760,0.375,0.276,214,W,118,S,,,46304,36.91,0
113,265.489,"Mount",-0.072,-0.469,0.384,0.280,0.126,0.112,72,W,48,S,,,67210,49.46,0
114,267.996,"Mount",0.149,-0.528,0.537,0.111,0.205,0.045,117,W,19,S,,,93629,55.30,0
115,270.179,"Mount",0.161,-0.052,0.120,-0.119,0.026,-0.041,15,W,18,N,,,89159,64.54,0
116,272.502,"Mount",0.130,-0.177,0.217,-0.034,0.071,0.000,41,W,0,,,,61537,44.43,0
117,274.567,"DROP",,,,,,,,,,,,,0,0.00,4,"Star lost - low HFD"
118,276.987,"DROP",,,,,,,,,,,,,0,0.00,4,"Star lost - low HFD"
119,279.182,"DROP",,,,,,,,,,,,,0,0.00,2,"Star lost - low SNR"
120,281.568,"DROP",,,,,,,,,,,,,0,0.00,2,"Star lost - low SNR"
121,283.726,"DROP",,,,,,,,,,,,,0,0.00,2,"Star lost - low SNR"
122,286.191,"DROP",,,,,,,,,,,,,0,0.00,2,"Star lost - low SNR"
123,288.327,"DROP",,,,,,,,,,,,,0,0.00,2,"Star lost - low SNR"
124,290.710,"DROP",,,,,,,,,,,,,0,0.00,2,"Star lost - low SNR"
125,292.881,"DROP",,,,,,,,,,,,,0,0.00,2,"Star lost - low SNR"
126,295.290,"DROP",,,,,,,,,,,,,0,0.00,2,"Star lost - low SNR"
127,297.494,"DROP",,,,,,,,,,,,,0,0.00,2,"Star lost - low SNR"
128,300.011,"DROP",,,,,,,,,,,,,0,0.00,2,"Star lost - low SNR"
129,302.221,"DROP",,,,,,,,,,,,,0,0.00,2,"Star lost - low SNR"
130,304.594,"DROP",,,,,,,,,,,,,0,0.00,2,"Star lost - low SNR"
131,306.803,"DROP",,,,,,,,,,,,,0,0.00,2,"Star lost - low SNR"
132,309.163,"DROP",,,,,,,,,,,,,0,0.00,2,"Star lost - low SNR"
133,311.355,"DROP",,,,,,,,,,,,,0,0.00,2,"Star lost - low SNR"
134,313.815,"DROP",,,,,,,,,,,,,0,0.00,2,"Star lost - low SNR"
135,316.003,"DROP",,,,,,,,,,,,,0,0.00,2,"Star lost - low SNR"
136,318.441,"DROP",,,,,,,,,,,,,0,0.00,2,"Star lost - low SNR"
137,320.618,"DROP",,,,,,,,,,,,,0,0.00,2,"Star lost - low SNR"
138,323.060,"DROP",,,,,,,,,,,,,0,0.00,2,"Star lost - low SNR"
139,325.275,"DROP",,,,,,,,,,,,,0,0.00,2,"Star lost - low SNR"
140,327.658,"DROP",,,,,,,,,,,,,0,0.00,2,"Star lost - low SNR"
141,329.871,"DROP",,,,,,,,,,,,,0,0.00,2,"Star lost - low SNR"
142,332.270,"DROP",,,,,,,,,,,,,0,0.00,2,"Star lost - low SNR"
143,334.405,"DROP",,,,,,,,,,,,,0,0.00,2,"Star lost - low SNR"
144,336.780,"DROP",,,,,,,,,,,,,8320,12.42,7,"Star lost - mass changed"
145,338.964,"DROP",,,,,,,,,,,,,0,0.00,2,"Star lost - low SNR"
146,341.718,"Mount",-0.458,-0.675,0.389,0.718,0.171,0.258,98,W,111,S,,,11799,15.66,0
147,343.787,"DROP",,,,,,,,,,,,,0,0.00,4,"Star lost - low HFD"
148,346.218,"DROP",,,,,,,,,,,,,0,0.00,4,"Star lost - low HFD"
149,348.366,"DROP",,,,,,,,,,,,,0,0.00,2,"Star lost - low SNR"
150,350.738,"DROP",,,,,,,,,,,,,0,0.00,4,"Star lost - low HFD"
151,352.929,"DROP",,,,,,,,,,,,,0,0.00,2,"Star lost - low SNR"
152,355.392,"DROP",,,,,,,,,,,,,0,0.00,2,"Star lost - low SNR"
153,357.576,"DROP",,,,,,,,,,,,,0,0.00,2,"Star lost - low SNR"
154,359.949,"DROP",,,,,,,,,,,,,0,0.00,2,"Star lost - low SNR"
155,362.130,"DROP",,,,,,,,,,,,,0,0.00,2,"Star lost - low SNR"
156,364.712,"Mount",-0.549,-0.228,-0.050,0.592,-0.015,0.223,9,E,96,S,,,11980,14.48,0
157,366.954,"Mount",-0.220,0.417,-0.472,0.002,-0.219,0.000,125,E,0,,,,7509,13.04,0
158,369.232,"DROP",,,,,,,,,,,,,0,0.00,4,"Star lost - low HFD"
159,371.459,"DROP",,,,,,,,,,,,,0,0.00,4,"Star lost - low HFD"
160,374.136,"Mount",-0.303,0.259,-0.369,0.149,-0.180,0.054,103,E,23,S,,,24813,22.15,0
161,376.222,"DROP",,,,,,,,,,,,,41563,33.95,7,"Star lost - mass changed"
162,378.621,"DROP",,,,,,,,,,,,,51615,38.13,7,"Star lost - mass changed"
163,380.785,"DROP",,,,,,,,,,,,,49146,36.86,7,"Star lost - mass changed"
164,383.214,"DROP",,,,,,,,,,,,,52493,38.61,7,"Star lost - mass changed"
165,385.593,"Mount",-0.138,0.087,-0.141,0.082,-0.087,0.032,50,E,14,S,,,59330,45.77,0
166,388.134,"Mount",0.318,0.392,-0.202,-0.463,-0.116,-0.165,67,E,71,N,,,38561,31.88,0
167,390.188,"DROP",,,,,,,,,,,,,0,0.00,4,"Star lost - low HFD"
168,392.735,"Mount",-0.048,0.152,-0.157,-0.028,-0.104,0.000,59,E,0,,,,17329,18.70,0
169,395.041,"Mount",-0.402,0.116,-0.288,0.303,-0.158,0.109,91,E,47,S,,,30873,26.58,0
170,397.321,"DROP",,,,,,,,,,,,,0,0.00,4,"Star lost - low HFD"
171,399.534,"DROP",,,,,,,,,,,,,0,0.00,4,"Star lost - low HFD"
172,401.969,"DROP",,,,,,,,,,,,,0,0.00,4,"Star lost - low HFD"
173,404.336,"Mount",-0.113,0.158,-0.192,0.027,-0.128,0.000,73,E,0,,,,12440,14.53,0
174,406.734,"Mount",0.047,0.123,-0.087,-0.099,-0.087,-0.036,49,E,15,N,,,23097,21.38,0
175,408.934,"Mount",-0.151,0.353,-0.383,-0.029,-0.218,0.000,124,E,0,,,,28694,26.67,0
176,411.278,"DROP",,,,,,,,,,,,,0,0.00,4,"Star lost - low HFD"
177,413.690,"Mount",-0.330,0.217,-0.345,0.193,-0.207,0.069,118,E,30,S,,,15316,18.03,0
178,416.271,"Mount",-0.171,0.533,-0.552,-0.094,-0.298,-0.031,170,E,13,N,,,26705,26.11,0
179,418.470,"Mount",-0.201,0.264,-0.327,0.057,-0.204,0.000,117,E,0,,,,20005,21.63,0
180,420.908,"Mount",-0.123,0.001,-0.058,0.109,-0.061,0.039,35,E,17,S,,,16771,19.60,0
181,423.001,"DROP",,,,,,,,,,,,,0,0.00,4,"Star lost - low HFD"
182,425.456,"DROP",,,,,,,,,,,,,0,0.00,2,"Star lost - low SNR"
183,427.584,"DROP",,,,,,,,,,,,,0,0.00,2,"Star lost - low SNR"
184,430.976,"Mount",-0.385,2.413,-2.319,-0.772,-1.062,-0.277,607,E,118,N,,,13254,16.33,0
185,433.234,"Mount",-0.352,-0.048,-0.120,0.334,-0.110,0.109,63,E,47,S,,,19673,20.92,0
186,435.890,"Mount",-0.733,0.385,-0.680,0.472,-0.362,0.174,207,E,75,S,,,22583,23.85,0
187,438.037,"Mount",-0.037,0.069,-0.078,0.001,-0.080,0.000,46,E,0,,,,34190,27.94,0
188,440.464,"Mount",-0.228,0.313,-0.383,0.058,-0.210,0.000,120,E,0,,,,34885,28.89,0
189,442.509,"DROP",,,,,,,,,,,,,0,0.00,2,"Star lost - low SNR"
190,444.903,"DROP",,,,,,,,,,,,,0,0.00,4,"Star lost - low HFD"
191,447.113,"DROP",,,,,,,,,,,,,0,0.00,2,"Star lost - low SNR"
192,449.566,"DROP",,,,,,,,,,,,,0,0.00,2,"Star lost - low SNR"
193,451.740,"DROP",,,,,,,,,,,,,0,0.00,2,"Star lost - low SNR"
194,454.118,"DROP",,,,,,,,,,,,,0,0.00,2,"Star lost - low SNR"
195,456.284,"DROP",,,,,,,,,,,,,0,0.00,2,"Star lost - low SNR"
196,458.648,"DROP",,,,,,,,,,,,,0,0.00,2,"Star lost - low SNR"
197,460.799,"DROP",,,,,,,,,,,,,0,0.00,2,"Star lost - low SNR"
198,463.264,"DROP",,,,,,,,,,,,,0,0.00,2,"Star lost - low SNR"
199,465.512,"DROP",,,,,,,,,,,,,0,0.00,3,"Star lost - low mass"
200,467.928,"DROP",,,,,,,,,,,,,0,0.00,2,"Star lost - low SNR"
201,470.119,"DROP",,,,,,,,,,,,,0,0.00,2,"Star lost - low SNR"
202,472.503,"DROP",,,,,,,,,,,,,0,0.00,2,"Star lost - low SNR"
203,474.732,"DROP",,,,,,,,,,,,,0,0.00,2,"Star lost - low SNR"
204,477.174,"DROP",,,,,,,,,,,,,0,0.00,2,"Star lost - low SNR"
205,479.341,"DROP",,,,,,,,,,,,,0,0.00,2,"Star lost - low SNR"
206,481.720,"DROP",,,,,,,,,,,,,0,0.00,2,"Star lost - low SNR"
207,483.925,"DROP",,,,,,,,,,,,,0,0.00,2,"Star lost - low SNR"
208,486.296,"DROP",,,,,,,,,,,,,0,0.00,2,"Star lost - low SNR"
209,488.464,"DROP",,,,,,,,,,,,,0,0.00,2,"Star lost - low SNR"
210,490.809,"DROP",,,,,,,,,,,,,0,0.00,2,"Star lost - low SNR"
211,492.962,"DROP",,,,,,,,,,,,,0,0.00,2,"Star lost - low SNR"
212,495.358,"DROP",,,,,,,,,,,,,0,0.00,2,"Star lost - low SNR"
213,497.657,"DROP",,,,,,,,,,,,,0,0.00,2,"Star lost - low SNR"
214,500.113,"DROP",,,,,,,,,,,,,0,0.00,2,"Star lost - low SNR"
215,502.652,"Mount",-1.089,-0.099,-0.413,1.012,-0.182,0.364,104,E,156,S,,,13058,14.84,0
216,504.925,"DROP",,,,,,,,,,,,,0,0.00,4,"Star lost - low HFD"
217,507.302,"Mount",-0.321,0.028,-0.173,0.272,-0.066,0.113,38,E,48,S,,,41989,32.95,0
218,509.699,"Mount",-0.040,-0.079,0.052,0.072,0.018,0.030,10,W,13,S,,,30234,25.27,0
219,511.874,"Mount",0.179,0.040,0.047,-0.177,0.020,-0.063,11,W,27,N,,,12749,15.23,0
220,514.156,"DROP",,,,,,,,,,,,,0,0.00,4,"Star lost - low HFD"
221,516.315,"DROP",,,,,,,,,,,,,7408,11.16,8,"No star found"
222,518.728,"DROP",,,,,,,,,,,,,0,0.00,2,"Star lost - low SNR"
223,520.947,"DROP",,,,,,,,,,,,,0,0.00,2,"Star lost - low SNR"
224,523.394,"DROP",,,,,,,,,,,,,0,0.00,2,"Star lost - low SNR"
225,525.617,"DROP",,,,,,,,,,,,,0,0.00,2,"Star lost - low SNR"
226,528.041,"DROP",,,,,,,,,,,,,0,0.00,2,"Star lost - low SNR"
227,530.218,"DROP",,,,,,,,,,,,,0,0.00,2,"Star lost - low SNR"
228,532.592,"DROP",,,,,,,,,,,,,0,0.00,2,"Star lost - low SNR"
229,534.782,"DROP",,,,,,,,,,,,,0,0.00,2,"Star lost - low SNR"
230,537.169,"DROP",,,,,,,,,,,,,0,0.00,2,"Star lost - low SNR"
231,539.318,"DROP",,,,,,,,,,,,,0,0.00,4,"Star lost - low HFD"
232,541.738,"DROP",,,,,,,,,,,,,0,0.00,4,"Star lost - low HFD"
233,543.977,"DROP",,,,,,,,,,,,,0,0.00,2,"Star lost - low SNR"
234,546.365,"DROP",,,,,,,,,,,,,0,0.00,2,"Star lost - low SNR"
235,548.659,"DROP",,,,,,,,,,,,,0,0.00,2,"Star lost - low SNR"
236,551.131,"DROP",,,,,,,,,,,,,0,0.00,2,"Star lost - low SNR"
237,553.321,"DROP",,,,,,,,,,,,,0,0.00,2,"Star lost - low SNR"
238,555.692,"DROP",,,,,,,,,,,,,0,0.00,2,"Star lost - low SNR"
239,557.912,"DROP",,,,,,,,,,,,,0,0.00,2,"Star lost - low SNR"
240,560.279,"DROP",,,,,,,,,,,,,0,0.00,2,"Star lost - low SNR"
241,562.455,"DROP",,,,,,,,,,,,,0,0.00,2,"Star lost - low SNR"
242,564.861,"DROP",,,,,,,,,,,,,0,0.00,2,"Star lost - low SNR"
243,567.035,"DROP",,,,,,,,,,,,,0,0.00,2,"Star lost - low SNR"
244,570.269,"Mount",0.204,-1.930,1.808,0.710,0.882,0.253,504,W,108,S,,,8224,11.45,0
245,572.293,"DROP",,,,,,,,,,,,,0,0.00,2,"Star lost - low SNR"
246,574.652,"DROP",,,,,,,,,,,,,0,0.00,2,"Star lost - low SNR"
247,576.820,"DROP",,,,,,,,,,,,,0,0.00,2,"Star lost - low SNR"
248,579.182,"DROP",,,,,,,,,,,,,0,0.00,2,"Star lost - low SNR"
249,581.350,"DROP",,,,,,,,,,,,,0,0.00,2,"Star lost - low SNR"
250,583.761,"DROP",,,,,,,,,,,,,0,0.00,2,"Star lost - low SNR"
251,585.974,"DROP",,,,,,,,,,,,,0,0.00,2,"Star lost - low SNR"
252,588.333,"DROP",,,,,,,,,,,,,0,0.00,2,"Star lost - low SNR"
253,590.522,"DROP",,,,,,,,,,,,,0,0.00,2,"Star lost - low SNR"
254,592.994,"DROP",,,,,,,,,,,,,0,0.00,2,"Star lost - low SNR"
255,595.216,"DROP",,,,,,,,,,,,,0,0.00,2,"Star lost - low SNR"
256,597.637,"DROP",,,,,,,,,,,,,0,0.00,2,"Star lost - low SNR"
257,600.686,"Mount",0.490,-2.421,2.374,0.683,1.033,0.256,591,W,110,S,,,42573,34.00,0
258,602.966,"DROP",,,,,,,,,,,,,0,0.00,4,"Star lost - low HFD"
259,605.190,"DROP",,,,,,,,,,,,,0,0.00,3,"Star lost - low mass"
260,607.646,"DROP",,,,,,,,,,,,,0,0.00,2,"Star lost - low SNR"
261,609.888,"DROP",,,,,,,,,,,,,0,0.00,2,"Star lost - low SNR"
262,612.278,"DROP",,,,,,,,,,,,,0,0.00,2,"Star lost - low SNR"
263,614.419,"DROP",,,,,,,,,,,,,0,0.00,2,"Star lost - low SNR"
264,616.784,"DROP",,,,,,,,,,,,,0,0.00,2,"Star lost - low SNR"
265,618.960,"DROP",,,,,,,,,,,,,0,0.00,2,"Star lost - low SNR"
266,621.379,"DROP",,,,,,,,,,,,,0,0.00,2,"Star lost - low SNR"
267,623.621,"DROP",,,,,,,,,,,,,0,0.00,2,"Star lost - low SNR"
268,626.013,"DROP",,,,,,,,,,,,,0,0.00,2,"Star lost - low SNR"
269,628.197,"DROP",,,,,,,,,,,,,0,0.00,2,"Star lost - low SNR"
270,630.630,"DROP",,,,,,,,,,,,,0,0.00,2,"Star lost - low SNR"
271,632.820,"DROP",,,,,,,,,,,,,0,0.00,2,"Star lost - low SNR"
272,635.173,"DROP",,,,,,,,,,,,,0,0.00,4,"Star lost - low HFD"
273,638.134,"Mount",0.540,-2.240,2.237,0.555,0.988,0.210,565,W,90,S,,,41141,32.29,0
274,640.880,"Mount",0.836,-1.275,1.516,-0.153,0.664,-0.047,380,W,20,N,,,36296,29.84,0
275,643.343,"Mount",0.826,-0.612,0.924,-0.450,0.403,-0.164,231,W,70,N,,,26616,24.30,0
276,645.757,"Mount",-0.157,-0.285,0.181,0.271,0.066,0.091,38,W,39,S,,,23049,24.05,0
277,647.769,"DROP",,,,,,,,,,,,,0,0.00,4,"Star lost - low HFD"
278,650.418,"Mount",0.101,0.479,-0.379,-0.311,-0.192,-0.108,110,E,46,N,,,22045,21.29,0
279,652.431,"DROP",,,,,,,,,,,,,0,0.00,2,"Star lost - low SNR"
280,654.817,"DROP",,,,,,,,,,,,,0,0.00,2,"Star lost - low SNR"
281,656.980,"DROP",,,,,,,,,,,,,0,0.00,2,"Star lost - low SNR"
Guiding Ends at 2026-05-29 02:33:28
INFO: SETTLING STATE CHANGE, Settling failed
INFO: SETTLING STATE CHANGE, Settling failed

Guiding Begins at 2026-05-29 02:34:45
Equipment Profile = 60mmGuide
Dither = both axes, Dither scale = 1.000, Image noise reduction = none, Guide-frame time lapse = 0, Server enabled
Pixel scale = 3.22 arc-sec/px, Binning = 1, Focal length = 240 mm
Search region = 25 px, Star mass tolerance = 50.0%, Multi-star mode, list size = 4
 Camera = ZWO ASI120MM Mini, gain = 37, full size = 1280 x 960, have dark, dark dur = 2000, no defect map, pixel size = 3.8 um
Exposure = 2000 ms
Mount = iOptron CEM120,70,40,26, GEM, HEM, HAE, HAZ series and SkyHunter Mount (ASCOM), connected, guiding enabled, xAngle = -62.6, xRate = 1.749, yAngle = -152.7, yRate = 2.338, parity = +/-
Norm rates RA = 8.3"/s @ dec 0, Dec = 7.5"/s; ortho.err. = 0.1 deg
X guide algorithm = Predictive PEC, Control gain = 0.450
Prediction gain = 0.750
Minimum move = 0.060
Hyperparameters
	Length scale long range SE kernel = 700.000
	Signal variance long range SE kernel = 20.000
	Length scale periodic kernel = 10.000
	Signal variance periodic kernel = 20.000
	Length scale short range SE kernel = 25.000
	Signal variance short range SE kernel = 10.000
	Period length periodic kernel = 348.000
	FFT called after = 2.000 worm cycles
	Auto-adjust period length = Off
Y guide algorithm = Hysteresis, Hysteresis = 0.100, Aggression = 0.400, Minimum move = 0.060
Backlash comp = disabled, pulse = 100 ms
Max RA duration = 2500, Max DEC duration = 2500, DEC guide mode = Auto
RA Guide Speed = 7.5 a-s/s, Dec Guide Speed = 7.5 a-s/s, Cal Dec = 0.0, Last Cal Issue = None, Timestamp = 7/29/2025 9:33:42 PM
RA = 13.52 hr, Dec = 47.1 deg, Hour angle = 3.89 hr, Pier side = East, Rotator pos = N/A, Alt = 43.4 deg, Az = 307.0 deg
Lock position = 564.229, 550.936, Star position = 564.229, 550.936, HFD = 3.93 px
Frame,Time,mount,dx,dy,RARawDistance,DECRawDistance,RAGuideDistance,DECGuideDistance,RADuration,RADirection,DECDuration,DECDirection,XStep,YStep,StarMass,SNR,ErrorCode
INFO: SETTLING STATE CHANGE, Settling started
1,2.331,"Mount",-0.168,0.108,-0.173,0.099,-0.078,0.036,45,E,15,S,,,149787,70.69,0
2,4.734,"Mount",-0.068,0.133,-0.150,-0.001,-0.067,0.000,38,E,0,,,,164644,78.76,0
3,6.779,"DROP",,,,,,,,,,,,,58195,36.57,7,"Star lost - mass changed"
3,6.960,"Mount",0.000,0.000,-0.058,0.000,-0.058,0.000,33,E,0,,,,164644,78.76,7
4,9.197,"DROP",,,,,,,,,,,,,23912,23.58,7,"Star lost - mass changed"
4,9.270,"Mount",0.000,0.000,-0.071,0.000,-0.071,0.000,41,E,0,,,,164644,78.76,7
5,11.371,"DROP",,,,,,,,,,,,,19764,19.25,7,"Star lost - mass changed"
5,11.439,"Mount",0.000,0.000,-0.068,0.000,-0.068,0.000,39,E,0,,,,164644,78.76,7
6,13.835,"DROP",,,,,,,,,,,,,0,0.00,4,"Star lost - low HFD"
6,13.941,"Mount",0.000,0.000,-0.083,0.000,-0.083,0.000,48,E,0,,,,164644,78.76,4
7,16.094,"DROP",,,,,,,,,,,,,0,0.00,2,"Star lost - low SNR"
7,16.235,"Mount",0.000,0.000,-0.083,0.000,-0.083,0.000,47,E,0,,,,164644,78.76,2
8,18.471,"DROP",,,,,,,,,,,,,15515,16.96,7,"Star lost - mass changed"
8,18.575,"Mount",0.000,0.000,-0.093,0.000,-0.093,0.000,53,E,0,,,,164644,78.76,7
9,20.660,"DROP",,,,,,,,,,,,,22742,22.20,7,"Star lost - mass changed"
9,20.772,"Mount",0.000,0.000,-0.090,0.000,-0.090,0.000,52,E,0,,,,164644,78.76,7
10,23.109,"DROP",,,,,,,,,,,,,0,0.00,4,"Star lost - low HFD"
10,23.220,"Mount",0.000,0.000,-0.106,0.000,-0.106,0.000,61,E,0,,,,164644,78.76,4
11,25.257,"DROP",,,,,,,,,,,,,32269,26.42,7,"Star lost - mass changed"
11,25.343,"Mount",0.000,0.000,-0.097,0.000,-0.097,0.000,56,E,0,,,,164644,78.76,7
12,27.706,"DROP",,,,,,,,,,,,,24509,20.37,7,"Star lost - mass changed"
12,27.829,"Mount",0.000,0.000,-0.113,0.000,-0.113,0.000,65,E,0,,,,164644,78.76,7
13,29.912,"DROP",,,,,,,,,,,,,0,0.00,4,"Star lost - low HFD"
13,30.023,"Mount",0.000,0.000,-0.105,0.000,-0.105,0.000,60,E,0,,,,164644,78.76,4
14,32.550,"Mount",0.105,0.502,-0.397,-0.325,-0.179,-0.117,102,E,50,N,,,76677,49.58,0
15,34.904,"Mount",-0.573,0.499,-0.707,0.278,-0.318,0.095,182,E,41,S,,,66534,42.85,0
16,37.205,"DROP",,,,,,,,,,,,,161949,72.94,7,"Star lost - mass changed"
16,37.324,"Mount",0.000,0.000,-0.118,0.000,-0.118,0.000,68,E,0,,,,66534,42.85,7
17,39.443,"DROP",,,,,,,,,,,,,209318,87.11,7,"Star lost - mass changed"
17,39.547,"Mount",0.000,0.000,-0.098,0.000,-0.098,0.000,56,E,0,,,,66534,42.85,7
18,41.841,"DROP",,,,,,,,,,,,,228093,92.90,7,"Star lost - mass changed"
18,41.948,"Mount",0.000,0.000,-0.088,0.000,-0.088,0.000,50,E,0,,,,66534,42.85,7
19,44.085,"DROP",,,,,,,,,,,,,280416,100.28,7,"Star lost - mass changed"
19,44.192,"Mount",0.000,0.000,-0.079,0.000,-0.079,0.000,45,E,0,,,,66534,42.85,7
20,46.484,"DROP",,,,,,,,,,,,,233311,86.53,7,"Star lost - mass changed"
20,46.579,"Mount",0.000,0.000,-0.078,0.000,-0.078,0.000,45,E,0,,,,66534,42.85,7
21,48.657,"DROP",,,,,,,,,,,,,296659,102.86,7,"Star lost - mass changed"
21,48.744,"Mount",0.000,0.000,-0.067,0.000,-0.067,0.000,38,E,0,,,,66534,42.85,7
22,51.526,"Mount",-0.245,1.057,-1.051,-0.271,-0.473,-0.094,270,E,40,N,,,64450,40.99,0
23,53.548,"DROP",,,,,,,,,,,,,24438,23.66,7,"Star lost - mass changed"
23,53.648,"Mount",0.000,0.000,-0.063,0.000,-0.063,0.000,36,E,0,,,,64450,40.99,7
24,55.984,"DROP",,,,,,,,,,,,,13022,14.07,7,"Star lost - mass changed"
24,56.075,"Mount",0.000,0.000,-0.054,0.000,-0.054,0.000,31,E,0,,,,64450,40.99,7
25,58.164,"DROP",,,,,,,,,,,,,0,0.00,2,"Star lost - low SNR"
25,58.238,"Mount",0.000,0.000,-0.043,0.000,-0.043,0.000,25,E,0,,,,64450,40.99,2
26,60.628,"DROP",,,,,,,,,,,,,0,0.00,2,"Star lost - low SNR"
26,60.682,"Mount",0.000,0.000,-0.041,0.000,-0.041,0.000,23,E,0,,,,64450,40.99,2
27,62.859,"DROP",,,,,,,,,,,,,7108,10.26,7,"Star lost - mass changed"
27,62.927,"Mount",0.000,0.000,-0.032,0.000,-0.032,0.000,18,E,0,,,,64450,40.99,7
28,65.280,"DROP",,,,,,,,,,,,,0,0.00,2,"Star lost - low SNR"
28,65.356,"Mount",0.000,0.000,-0.030,0.000,-0.030,0.000,17,E,0,,,,64450,40.99,2
29,67.491,"DROP",,,,,,,,,,,,,0,0.00,2,"Star lost - low SNR"
29,67.565,"Mount",0.000,0.000,-0.022,0.000,-0.022,0.000,12,E,0,,,,64450,40.99,2
30,69.924,"DROP",,,,,,,,,,,,,8333,11.42,7,"Star lost - mass changed"
30,69.996,"Mount",0.000,0.000,-0.021,0.000,-0.021,0.000,12,E,0,,,,64450,40.99,7
31,72.119,"DROP",,,,,,,,,,,,,15159,18.42,7,"Star lost - mass changed"
31,72.176,"Mount",0.000,0.000,-0.015,0.000,-0.015,0.000,9,E,0,,,,64450,40.99,7
32,74.532,"DROP",,,,,,,,,,,,,0,0.00,4,"Star lost - low HFD"
32,74.590,"Mount",0.000,0.000,-0.015,0.000,-0.015,0.000,9,E,0,,,,64450,40.99,4
33,77.106,"Mount",-0.716,0.916,-1.143,0.212,-0.514,0.073,294,E,31,S,,,39417,30.00,0
34,79.618,"Mount",-0.475,0.273,-0.461,0.295,-0.207,0.109,119,E,47,S,,,120624,71.95,0
35,81.723,"DROP",,,,,,,,,,,,,191362,88.85,7,"Star lost - mass changed"
35,81.782,"Mount",0.000,0.000,-0.008,0.000,-0.008,0.000,4,E,0,,,,120624,71.95,7
36,84.375,"Mount",-0.080,0.654,-0.618,-0.231,-0.278,-0.079,159,E,34,N,,,181656,76.73,0
37,86.584,"Mount",-0.145,0.264,-0.301,0.007,-0.135,0.000,77,E,0,,,,148187,67.05,0
38,88.820,"DROP",,,,,,,,,,,,,226191,91.83,7,"Star lost - mass changed"
38,88.874,"Mount",0.000,0.000,-0.005,0.000,-0.005,0.000,3,E,0,,,,148187,67.05,7
39,90.968,"DROP",,,,,,,,,,,,,244751,87.75,7,"Star lost - mass changed"
INFO: SETTLING STATE CHANGE, Settling failed
39,91.023,"Mount",0.000,0.000,-0.006,0.000,-0.006,0.000,4,E,0,,,,148187,67.05,7
40,93.456,"Mount",-0.081,0.058,-0.089,0.045,-0.040,0.000,23,E,0,,,,167705,72.53,0
41,95.620,"Mount",0.202,0.094,0.010,-0.222,-0.011,-0.080,6,E,34,N,,,127448,63.97,0
42,98.088,"Mount",-0.162,0.078,-0.143,0.108,-0.074,0.036,42,E,15,S,,,119987,59.90,0
43,100.316,"Mount",-0.201,-0.150,0.041,0.248,-0.014,0.091,8,E,39,S,,,47306,34.55,0
44,102.611,"DROP",,,,,,,,,,,,,0,0.00,4,"Star lost - low HFD"
44,102.667,"Mount",0.000,0.000,-0.010,0.000,-0.010,0.000,6,E,0,,,,47306,34.55,4
45,104.775,"DROP",,,,,,,,,,,,,13990,17.54,7,"Star lost - mass changed"
45,104.830,"Mount",0.000,0.000,-0.002,0.000,-0.002,0.000,1,E,0,,,,47306,34.55,7
46,107.210,"DROP",,,,,,,,,,,,,0,0.00,4,"Star lost - low HFD"
46,107.263,"Mount",0.000,0.000,0.004,0.000,0.004,0.000,2,W,0,,,,47306,34.55,4
47,109.443,"DROP",,,,,,,,,,,,,0,0.00,2,"Star lost - low SNR"
47,109.509,"Mount",0.000,0.000,0.017,0.000,0.017,0.000,10,W,0,,,,47306,34.55,2
48,111.839,"DROP",,,,,,,,,,,,,0,0.00,2,"Star lost - low SNR"
48,111.915,"Mount",0.000,0.000,0.028,0.000,0.028,0.000,16,W,0,,,,47306,34.55,2
49,114.062,"DROP",,,,,,,,,,,,,0,0.00,2,"Star lost - low SNR"
49,114.193,"Mount",0.000,0.000,0.031,0.000,0.031,0.000,18,W,0,,,,47306,34.55,2
50,116.429,"DROP",,,,,,,,,,,,,0,0.00,2,"Star lost - low SNR"
50,116.483,"Mount",0.000,0.000,0.041,0.000,0.041,0.000,23,W,0,,,,47306,34.55,2
51,118.600,"DROP",,,,,,,,,,,,,0,0.00,2,"Star lost - low SNR"
51,118.676,"Mount",0.000,0.000,0.044,0.000,0.044,0.000,25,W,0,,,,47306,34.55,2
52,120.988,"DROP",,,,,,,,,,,,,0,0.00,4,"Star lost - low HFD"
52,121.076,"Mount",0.000,0.000,0.053,0.000,0.053,0.000,30,W,0,,,,47306,34.55,4
53,123.173,"DROP",,,,,,,,,,,,,15187,16.51,7,"Star lost - mass changed"
53,123.257,"Mount",0.000,0.000,0.053,0.000,0.053,0.000,30,W,0,,,,47306,34.55,7
54,125.662,"DROP",,,,,,,,,,,,,0,0.00,4,"Star lost - low HFD"
54,125.757,"Mount",0.000,0.000,0.073,0.000,0.073,0.000,42,W,0,,,,47306,34.55,4
55,127.938,"DROP",,,,,,,,,,,,,0,0.00,4,"Star lost - low HFD"
55,128.033,"Mount",0.000,0.000,0.066,0.000,0.066,0.000,38,W,0,,,,47306,34.55,4
56,130.374,"DROP",,,,,,,,,,,,,16780,18.38,7,"Star lost - mass changed"
56,130.465,"Mount",0.000,0.000,0.067,0.000,0.067,0.000,38,W,0,,,,47306,34.55,7
57,132.603,"DROP",,,,,,,,,,,,,0,0.00,4,"Star lost - low HFD"
57,132.683,"Mount",0.000,0.000,0.055,0.000,0.055,0.000,31,W,0,,,,47306,34.55,4
58,135.011,"DROP",,,,,,,,,,,,,5931,9.04,7,"Star lost - mass changed"
58,135.067,"Mount",0.000,0.000,0.045,0.000,0.045,0.000,26,W,0,,,,47306,34.55,7
59,137.208,"DROP",,,,,,,,,,,,,0,0.00,2,"Star lost - low SNR"
59,137.279,"Mount",0.000,0.000,0.031,0.000,0.031,0.000,18,W,0,,,,47306,34.55,2
60,139.585,"DROP",,,,,,,,,,,,,0,0.00,2,"Star lost - low SNR"
60,139.647,"Mount",0.000,0.000,0.029,0.000,0.029,0.000,16,W,0,,,,47306,34.55,2
61,141.783,"DROP",,,,,,,,,,,,,0,0.00,2,"Star lost - low SNR"
61,141.858,"Mount",0.000,0.000,0.022,0.000,0.022,0.000,13,W,0,,,,47306,34.55,2
62,144.154,"DROP",,,,,,,,,,,,,0,0.00,2,"Star lost - low SNR"
62,144.216,"Mount",0.000,0.000,0.020,0.000,0.020,0.000,11,W,0,,,,47306,34.55,2
63,146.292,"DROP",,,,,,,,,,,,,0,0.00,2,"Star lost - low SNR"
63,146.331,"Mount",0.000,0.000,0.017,0.000,0.017,0.000,10,W,0,,,,47306,34.55,2
64,148.705,"DROP",,,,,,,,,,,,,11509,12.84,7,"Star lost - mass changed"
64,148.763,"Mount",0.000,0.000,0.018,0.000,0.018,0.000,10,W,0,,,,47306,34.55,7
65,150.903,"DROP",,,,,,,,,,,,,0,0.00,2,"Star lost - low SNR"
65,150.942,"Mount",0.000,0.000,0.016,0.000,0.016,0.000,9,W,0,,,,47306,34.55,2
66,153.802,"Mount",0.368,-1.130,1.172,0.196,0.542,0.074,310,W,32,S,,,10974,12.85,0
67,155.932,"DROP",,,,,,,,,,,,,25863,21.44,7,"Star lost - mass changed"
67,155.992,"Mount",0.000,0.000,0.013,0.000,0.013,0.000,8,W,0,,,,10974,12.85,7
68,158.291,"DROP",,,,,,,,,,,,,58916,39.73,7,"Star lost - mass changed"
68,158.358,"Mount",0.000,0.000,0.010,0.000,0.010,0.000,6,W,0,,,,10974,12.85,7
69,160.520,"DROP",,,,,,,,,,,,,92098,50.41,7,"Star lost - mass changed"
69,160.573,"Mount",0.000,0.000,0.010,0.000,0.010,0.000,6,W,0,,,,10974,12.85,7
70,162.947,"DROP",,,,,,,,,,,,,228003,87.24,7,"Star lost - mass changed"
70,163.005,"Mount",0.000,0.000,0.013,0.000,0.013,0.000,8,W,0,,,,10974,12.85,7
71,165.159,"DROP",,,,,,,,,,,,,163635,76.19,7,"Star lost - mass changed"
71,165.219,"Mount",0.000,0.000,0.017,0.000,0.017,0.000,10,W,0,,,,10974,12.85,7
72,167.599,"DROP",,,,,,,,,,,,,91075,54.97,7,"Star lost - mass changed"
72,167.667,"Mount",0.000,0.000,0.029,0.000,0.029,0.000,16,W,0,,,,10974,12.85,7
73,169.943,"Mount",0.252,0.009,0.108,-0.227,0.085,-0.079,49,W,34,N,,,43525,31.28,0
74,172.197,"DROP",,,,,,,,,,,,,0,0.00,4,"Star lost - low HFD"
74,172.281,"Mount",0.000,0.000,0.056,0.000,0.056,0.000,32,W,0,,,,43525,31.28,4
75,174.406,"DROP",,,,,,,,,,,,,0,0.00,4,"Star lost - low HFD"
75,174.494,"Mount",0.000,0.000,0.065,0.000,0.065,0.000,37,W,0,,,,43525,31.28,4
76,176.832,"DROP",,,,,,,,,,,,,0,0.00,2,"Star lost - low SNR"
76,176.932,"Mount",0.000,0.000,0.087,0.000,0.087,0.000,50,W,0,,,,43525,31.28,2
77,179.049,"DROP",,,,,,,,,,,,,0,0.00,2,"Star lost - low SNR"
77,179.150,"Mount",0.000,0.000,0.090,0.000,0.090,0.000,51,W,0,,,,43525,31.28,2
78,181.465,"DROP",,,,,,,,,,,,,0,0.00,2,"Star lost - low SNR"
78,181.581,"Mount",0.000,0.000,0.105,0.000,0.105,0.000,60,W,0,,,,43525,31.28,2
79,183.652,"DROP",,,,,,,,,,,,,0,0.00,2,"Star lost - low SNR"
79,183.762,"Mount",0.000,0.000,0.095,0.000,0.095,0.000,54,W,0,,,,43525,31.28,2
80,186.032,"DROP",,,,,,,,,,,,,0,0.00,2,"Star lost - low SNR"
80,186.117,"Mount",0.000,0.000,0.099,0.000,0.099,0.000,57,W,0,,,,43525,31.28,2
81,188.208,"DROP",,,,,,,,,,,,,0,0.00,2,"Star lost - low SNR"
81,188.302,"Mount",0.000,0.000,0.079,0.000,0.079,0.000,45,W,0,,,,43525,31.28,2
82,190.893,"Mount",0.467,-0.010,0.224,-0.409,0.166,-0.150,95,W,64,N,,,7594,10.18,0
83,193.419,"Mount",0.500,-1.159,1.259,0.091,0.611,0.027,349,W,12,S,,,10043,14.11,0
84,195.685,"DROP",,,,,,,,,,,,,0,0.00,2,"Star lost - low SNR"
84,195.741,"Mount",0.000,0.000,0.006,0.000,0.006,0.000,3,W,0,,,,10043,14.11,2
85,197.894,"DROP",,,,,,,,,,,,,0,0.00,4,"Star lost - low HFD"
85,197.954,"Mount",0.000,0.000,-0.012,0.000,-0.012,0.000,7,E,0,,,,10043,14.11,4
86,200.273,"DROP",,,,,,,,,,,,,68079,39.36,8,"No star found"
86,200.374,"Mount",0.000,0.000,-0.023,0.000,-0.023,0.000,13,E,0,,,,10043,14.11,8
87,202.787,"Mount",-0.131,-0.665,0.530,0.423,0.231,0.153,132,W,66,S,,,41401,31.98,0
88,205.300,"Mount",0.109,-0.473,0.470,0.122,0.202,0.050,116,W,21,S,,,57395,39.37,0
89,207.626,"Mount",-0.022,-0.677,0.591,0.332,0.254,0.121,145,W,52,S,,,70735,44.46,0
90,210.044,"Mount",0.149,-0.222,0.265,-0.030,0.113,0.000,65,W,0,,,,67404,41.91,0
91,212.094,"DROP",,,,,,,,,,,,,142462,69.12,7,"Star lost - mass changed"
91,212.098,"Mount",0.000,0.000,0.000,0.000,0.000,0.000,0,,0,,,,67404,41.91,7
92,214.763,"Mount",0.043,-0.477,0.443,0.182,0.199,0.066,114,W,28,S,,,32333,25.66,0
93,216.866,"DROP",,,,,,,,,,,,,0,0.00,2,"Star lost - low SNR"
93,216.931,"Mount",0.000,0.000,0.013,0.000,0.013,0.000,8,W,0,,,,32333,25.66,2
94,219.261,"DROP",,,,,,,,,,,,,0,0.00,2,"Star lost - low SNR"
94,219.317,"Mount",0.000,0.000,0.011,0.000,0.011,0.000,6,W,0,,,,32333,25.66,2
95,221.391,"DROP",,,,,,,,,,,,,0,0.00,2,"Star lost - low SNR"
95,221.448,"Mount",0.000,0.000,0.010,0.000,0.010,0.000,6,W,0,,,,32333,25.66,2
96,223.795,"DROP",,,,,,,,,,,,,0,0.00,2,"Star lost - low SNR"
96,223.851,"Mount",0.000,0.000,0.010,0.000,0.010,0.000,6,W,0,,,,32333,25.66,2
97,225.984,"DROP",,,,,,,,,,,,,0,0.00,2,"Star lost - low SNR"
97,226.050,"Mount",0.000,0.000,0.009,0.000,0.009,0.000,5,W,0,,,,32333,25.66,2
98,228.344,"DROP",,,,,,,,,,,,,0,0.00,2,"Star lost - low SNR"
98,228.401,"Mount",0.000,0.000,0.009,0.000,0.009,0.000,5,W,0,,,,32333,25.66,2
99,230.539,"DROP",,,,,,,,,,,,,0,0.00,2,"Star lost - low SNR"
99,230.601,"Mount",0.000,0.000,0.009,0.000,0.009,0.000,5,W,0,,,,32333,25.66,2
100,232.955,"DROP",,,,,,,,,,,,,0,0.00,2,"Star lost - low SNR"
100,233.021,"Mount",0.000,0.000,0.010,0.000,0.010,0.000,6,W,0,,,,32333,25.66,2
101,235.312,"DROP",,,,,,,,,,,,,0,0.00,2,"Star lost - low SNR"
101,235.372,"Mount",0.000,0.000,0.009,0.000,0.009,0.000,5,W,0,,,,32333,25.66,2
102,237.751,"DROP",,,,,,,,,,,,,0,0.00,2,"Star lost - low SNR"
102,237.869,"Mount",0.000,0.000,0.010,0.000,0.010,0.000,5,W,0,,,,32333,25.66,2
103,239.937,"DROP",,,,,,,,,,,,,0,0.00,2,"Star lost - low SNR"
103,240.084,"Mount",0.000,0.000,0.007,0.000,0.007,0.000,4,W,0,,,,32333,25.66,2
104,242.319,"DROP",,,,,,,,,,,,,0,0.00,2,"Star lost - low SNR"
104,242.375,"Mount",0.000,0.000,0.008,0.000,0.008,0.000,5,W,0,,,,32333,25.66,2
105,244.502,"DROP",,,,,,,,,,,,,0,0.00,2,"Star lost - low SNR"
105,244.556,"Mount",0.000,0.000,0.006,0.000,0.006,0.000,3,W,0,,,,32333,25.66,2
106,246.895,"DROP",,,,,,,,,,,,,0,0.00,2,"Star lost - low SNR"
106,246.953,"Mount",0.000,0.000,0.006,0.000,0.006,0.000,3,W,0,,,,32333,25.66,2
107,249.044,"DROP",,,,,,,,,,,,,0,0.00,2,"Star lost - low SNR"
107,249.101,"Mount",0.000,0.000,0.003,0.000,0.003,0.000,2,W,0,,,,32333,25.66,2
108,251.514,"DROP",,,,,,,,,,,,,0,0.00,2,"Star lost - low SNR"
108,251.564,"Mount",0.000,0.000,0.002,0.000,0.002,0.000,1,W,0,,,,32333,25.66,2
109,253.675,"DROP",,,,,,,,,,,,,0,0.00,2,"Star lost - low SNR"
109,253.679,"Mount",0.000,0.000,-0.001,0.000,-0.001,0.000,0,,0,,,,32333,25.66,2
110,256.147,"DROP",,,,,,,,,,,,,0,0.00,2,"Star lost - low SNR"
110,256.210,"Mount",0.000,0.000,-0.001,0.000,-0.001,0.000,1,E,0,,,,32333,25.66,2
111,258.289,"DROP",,,,,,,,,,,,,0,0.00,2,"Star lost - low SNR"
111,258.346,"Mount",0.000,0.000,-0.004,0.000,-0.004,0.000,2,E,0,,,,32333,25.66,2
112,260.728,"DROP",,,,,,,,,,,,,0,0.00,2,"Star lost - low SNR"
112,260.784,"Mount",0.000,0.000,-0.003,0.000,-0.003,0.000,2,E,0,,,,32333,25.66,2
113,263.041,"DROP",,,,,,,,,,,,,0,0.00,2,"Star lost - low SNR"
113,263.105,"Mount",0.000,0.000,-0.006,0.000,-0.006,0.000,3,E,0,,,,32333,25.66,2
114,265.435,"DROP",,,,,,,,,,,,,0,0.00,2,"Star lost - low SNR"
114,265.492,"Mount",0.000,0.000,-0.008,0.000,-0.008,0.000,5,E,0,,,,32333,25.66,2
115,267.596,"DROP",,,,,,,,,,,,,0,0.00,2,"Star lost - low SNR"
115,267.654,"Mount",0.000,0.000,-0.008,0.000,-0.008,0.000,4,E,0,,,,32333,25.66,2
116,270.002,"DROP",,,,,,,,,,,,,11586,14.10,7,"Star lost - mass changed"
116,270.038,"Mount",0.000,0.000,-0.011,0.000,-0.011,0.000,6,E,0,,,,32333,25.66,7
117,272.450,"Mount",-0.010,-0.578,0.509,0.276,0.218,0.102,125,W,44,S,,,76140,45.36,0
118,274.685,"DROP",,,,,,,,,,,,,0,0.00,2,"Star lost - low SNR"
118,274.742,"Mount",0.000,0.000,-0.014,0.000,-0.014,0.000,8,E,0,,,,76140,45.36,2
119,276.863,"DROP",,,,,,,,,,,,,0,0.00,2,"Star lost - low SNR"
119,276.924,"Mount",0.000,0.000,-0.012,0.000,-0.012,0.000,7,E,0,,,,76140,45.36,2
120,279.353,"DROP",,,,,,,,,,,,,0,0.00,2,"Star lost - low SNR"
120,279.417,"Mount",0.000,0.000,-0.015,0.000,-0.015,0.000,9,E,0,,,,76140,45.36,2
121,281.596,"DROP",,,,,,,,,,,,,0,0.00,2,"Star lost - low SNR"
121,281.660,"Mount",0.000,0.000,-0.008,0.000,-0.008,0.000,4,E,0,,,,76140,45.36,2
122,283.975,"DROP",,,,,,,,,,,,,0,0.00,2,"Star lost - low SNR"
122,284.033,"Mount",0.000,0.000,-0.009,0.000,-0.009,0.000,5,E,0,,,,76140,45.36,2
123,286.161,"DROP",,,,,,,,,,,,,0,0.00,2,"Star lost - low SNR"
123,286.226,"Mount",0.000,0.000,-0.007,0.000,-0.007,0.000,4,E,0,,,,76140,45.36,2
124,288.591,"DROP",,,,,,,,,,,,,0,0.00,2,"Star lost - low SNR"
124,288.658,"Mount",0.000,0.000,-0.009,0.000,-0.009,0.000,5,E,0,,,,76140,45.36,2
125,290.755,"DROP",,,,,,,,,,,,,0,0.00,2,"Star lost - low SNR"
125,290.812,"Mount",0.000,0.000,-0.006,0.000,-0.006,0.000,4,E,0,,,,76140,45.36,2
126,293.144,"DROP",,,,,,,,,,,,,0,0.00,2,"Star lost - low SNR"
126,293.199,"Mount",0.000,0.000,-0.007,0.000,-0.007,0.000,4,E,0,,,,76140,45.36,2
127,295.354,"DROP",,,,,,,,,,,,,0,0.00,2,"Star lost - low SNR"
127,295.408,"Mount",0.000,0.000,-0.008,0.000,-0.008,0.000,5,E,0,,,,76140,45.36,2
128,297.749,"DROP",,,,,,,,,,,,,0,0.00,2,"Star lost - low SNR"
128,297.811,"Mount",0.000,0.000,-0.009,0.000,-0.009,0.000,5,E,0,,,,76140,45.36,2
129,299.960,"DROP",,,,,,,,,,,,,0,0.00,2,"Star lost - low SNR"
129,300.015,"Mount",0.000,0.000,-0.012,0.000,-0.012,0.000,7,E,0,,,,76140,45.36,2
130,302.381,"DROP",,,,,,,,,,,,,0,0.00,2,"Star lost - low SNR"
130,302.445,"Mount",0.000,0.000,-0.015,0.000,-0.015,0.000,8,E,0,,,,76140,45.36,2
131,304.569,"DROP",,,,,,,,,,,,,0,0.00,2,"Star lost - low SNR"
131,304.629,"Mount",0.000,0.000,-0.017,0.000,-0.017,0.000,10,E,0,,,,76140,45.36,2
132,306.956,"DROP",,,,,,,,,,,,,0,0.00,2,"Star lost - low SNR"
132,307.015,"Mount",0.000,0.000,-0.021,0.000,-0.021,0.000,12,E,0,,,,76140,45.36,2
133,309.144,"DROP",,,,,,,,,,,,,0,0.00,2,"Star lost - low SNR"
133,309.214,"Mount",0.000,0.000,-0.024,0.000,-0.024,0.000,14,E,0,,,,76140,45.36,2
134,311.573,"DROP",,,,,,,,,,,,,0,0.00,2,"Star lost - low SNR"
134,311.647,"Mount",0.000,0.000,-0.029,0.000,-0.029,0.000,17,E,0,,,,76140,45.36,2
135,313.734,"DROP",,,,,,,,,,,,,0,0.00,2,"Star lost - low SNR"
135,313.810,"Mount",0.000,0.000,-0.030,0.000,-0.030,0.000,17,E,0,,,,76140,45.36,2
136,316.137,"DROP",,,,,,,,,,,,,0,0.00,2,"Star lost - low SNR"
136,316.210,"Mount",0.000,0.000,-0.036,0.000,-0.036,0.000,21,E,0,,,,76140,45.36,2
137,318.271,"DROP",,,,,,,,,,,,,0,0.00,2,"Star lost - low SNR"
137,318.375,"Mount",0.000,0.000,-0.037,0.000,-0.037,0.000,21,E,0,,,,76140,45.36,2
138,320.642,"DROP",,,,,,,,,,,,,0,0.00,2,"Star lost - low SNR"
138,320.697,"Mount",0.000,0.000,-0.044,0.000,-0.044,0.000,25,E,0,,,,76140,45.36,2
139,322.829,"DROP",,,,,,,,,,,,,0,0.00,2,"Star lost - low SNR"
139,322.910,"Mount",0.000,0.000,-0.043,0.000,-0.043,0.000,24,E,0,,,,76140,45.36,2
140,325.230,"DROP",,,,,,,,,,,,,0,0.00,2,"Star lost - low SNR"
140,325.312,"Mount",0.000,0.000,-0.049,0.000,-0.049,0.000,28,E,0,,,,76140,45.36,2
141,327.470,"DROP",,,,,,,,,,,,,0,0.00,2,"Star lost - low SNR"
141,327.552,"Mount",0.000,0.000,-0.042,0.000,-0.042,0.000,24,E,0,,,,76140,45.36,2
142,329.886,"DROP",,,,,,,,,,,,,0,0.00,2,"Star lost - low SNR"
142,329.968,"Mount",0.000,0.000,-0.048,0.000,-0.048,0.000,28,E,0,,,,76140,45.36,2
143,332.113,"DROP",,,,,,,,,,,,,0,0.00,2,"Star lost - low SNR"
143,332.196,"Mount",0.000,0.000,-0.043,0.000,-0.043,0.000,25,E,0,,,,76140,45.36,2
144,334.527,"DROP",,,,,,,,,,,,,0,0.00,2,"Star lost - low SNR"
144,334.615,"Mount",0.000,0.000,-0.050,0.000,-0.050,0.000,28,E,0,,,,76140,45.36,2
145,336.702,"DROP",,,,,,,,,,,,,0,0.00,2,"Star lost - low SNR"
145,336.779,"Mount",0.000,0.000,-0.035,0.000,-0.035,0.000,20,E,0,,,,76140,45.36,2
146,339.137,"DROP",,,,,,,,,,,,,0,0.00,2,"Star lost - low SNR"
146,339.215,"Mount",0.000,0.000,-0.043,0.000,-0.043,0.000,24,E,0,,,,76140,45.36,2
147,341.349,"DROP",,,,,,,,,,,,,0,0.00,2,"Star lost - low SNR"
147,341.431,"Mount",0.000,0.000,-0.036,0.000,-0.036,0.000,20,E,0,,,,76140,45.36,2
148,343.735,"DROP",,,,,,,,,,,,,0,0.00,2,"Star lost - low SNR"
148,343.812,"Mount",0.000,0.000,-0.042,0.000,-0.042,0.000,24,E,0,,,,76140,45.36,2
149,345.904,"DROP",,,,,,,,,,,,,0,0.00,2,"Star lost - low SNR"
149,345.975,"Mount",0.000,0.000,-0.039,0.000,-0.039,0.000,22,E,0,,,,76140,45.36,2
150,348.256,"DROP",,,,,,,,,,,,,0,0.00,2,"Star lost - low SNR"
150,348.331,"Mount",0.000,0.000,-0.045,0.000,-0.045,0.000,26,E,0,,,,76140,45.36,2
151,350.421,"DROP",,,,,,,,,,,,,0,0.00,2,"Star lost - low SNR"
151,350.494,"Mount",0.000,0.000,-0.045,0.000,-0.045,0.000,26,E,0,,,,76140,45.36,2
152,352.841,"DROP",,,,,,,,,,,,,0,0.00,2,"Star lost - low SNR"
152,352.927,"Mount",0.000,0.000,-0.053,0.000,-0.053,0.000,30,E,0,,,,76140,45.36,2
153,355.378,"Mount",0.519,-0.961,1.092,-0.016,0.437,0.000,250,W,0,,,,7190,12.75,0
154,357.673,"DROP",,,,,,,,,,,,,0,0.00,2,"Star lost - low SNR"
154,357.741,"Mount",0.000,0.000,-0.066,0.000,-0.066,0.000,38,E,0,,,,7190,12.75,2
155,359.835,"DROP",,,,,,,,,,,,,0,0.00,2,"Star lost - low SNR"
155,359.926,"Mount",0.000,0.000,-0.061,0.000,-0.061,0.000,35,E,0,,,,7190,12.75,2
156,362.224,"DROP",,,,,,,,,,,,,0,0.00,2,"Star lost - low SNR"
156,362.296,"Mount",0.000,0.000,-0.069,0.000,-0.069,0.000,40,E,0,,,,7190,12.75,2
157,364.459,"DROP",,,,,,,,,,,,,0,0.00,2,"Star lost - low SNR"
157,364.553,"Mount",0.000,0.000,-0.074,0.000,-0.074,0.000,42,E,0,,,,7190,12.75,2
158,366.861,"DROP",,,,,,,,,,,,,0,0.00,3,"Star lost - low mass"
158,366.956,"Mount",0.000,0.000,-0.081,0.000,-0.081,0.000,46,E,0,,,,7190,12.75,3
159,369.052,"DROP",,,,,,,,,,,,,0,0.00,2,"Star lost - low SNR"
159,369.186,"Mount",0.000,0.000,-0.081,0.000,-0.081,0.000,46,E,0,,,,7190,12.75,2
160,371.418,"DROP",,,,,,,,,,,,,0,0.00,2,"Star lost - low SNR"
160,371.521,"Mount",0.000,0.000,-0.084,0.000,-0.084,0.000,48,E,0,,,,7190,12.75,2
161,373.591,"DROP",,,,,,,,,,,,,0,0.00,2,"Star lost - low SNR"
161,373.703,"Mount",0.000,0.000,-0.084,0.000,-0.084,0.000,48,E,0,,,,7190,12.75,2
162,376.010,"DROP",,,,,,,,,,,,,0,0.00,2,"Star lost - low SNR"
162,376.102,"Mount",0.000,0.000,-0.069,0.000,-0.069,0.000,39,E,0,,,,7190,12.75,2
163,378.198,"DROP",,,,,,,,,,,,,0,0.00,2,"Star lost - low SNR"
163,378.286,"Mount",0.000,0.000,-0.066,0.000,-0.066,0.000,38,E,0,,,,7190,12.75,2
164,380.655,"DROP",,,,,,,,,,,,,0,0.00,2,"Star lost - low SNR"
164,380.745,"Mount",0.000,0.000,-0.071,0.000,-0.071,0.000,40,E,0,,,,7190,12.75,2
165,382.873,"DROP",,,,,,,,,,,,,0,0.00,2,"Star lost - low SNR"
165,382.941,"Mount",0.000,0.000,-0.065,0.000,-0.065,0.000,37,E,0,,,,7190,12.75,2
166,385.313,"DROP",,,,,,,,,,,,,0,0.00,2,"Star lost - low SNR"
166,385.409,"Mount",0.000,0.000,-0.074,0.000,-0.074,0.000,43,E,0,,,,7190,12.75,2
167,387.559,"DROP",,,,,,,,,,,,,0,0.00,2,"Star lost - low SNR"
167,387.656,"Mount",0.000,0.000,-0.068,0.000,-0.068,0.000,39,E,0,,,,7190,12.75,2
168,389.969,"DROP",,,,,,,,,,,,,0,0.00,2,"Star lost - low SNR"
168,390.075,"Mount",0.000,0.000,-0.073,0.000,-0.073,0.000,42,E,0,,,,7190,12.75,2
169,392.172,"DROP",,,,,,,,,,,,,0,0.00,2,"Star lost - low SNR"
169,392.271,"Mount",0.000,0.000,-0.064,0.000,-0.064,0.000,36,E,0,,,,7190,12.75,2
170,394.561,"DROP",,,,,,,,,,,,,0,0.00,2,"Star lost - low SNR"
170,394.654,"Mount",0.000,0.000,-0.068,0.000,-0.068,0.000,39,E,0,,,,7190,12.75,2
171,396.738,"DROP",,,,,,,,,,,,,0,0.00,3,"Star lost - low mass"
171,396.819,"Mount",0.000,0.000,-0.056,0.000,-0.056,0.000,32,E,0,,,,7190,12.75,3
172,399.155,"DROP",,,,,,,,,,,,,0,0.00,2,"Star lost - low SNR"
172,399.248,"Mount",0.000,0.000,-0.060,0.000,-0.060,0.000,34,E,0,,,,7190,12.75,2
173,401.313,"DROP",,,,,,,,,,,,,0,0.00,2,"Star lost - low SNR"
173,401.397,"Mount",0.000,0.000,-0.046,0.000,-0.046,0.000,26,E,0,,,,7190,12.75,2
174,403.729,"DROP",,,,,,,,,,,,,0,0.00,4,"Star lost - low HFD"
174,403.816,"Mount",0.000,0.000,-0.050,0.000,-0.050,0.000,29,E,0,,,,7190,12.75,4
175,405.988,"DROP",,,,,,,,,,,,,0,0.00,2,"Star lost - low SNR"
175,406.065,"Mount",0.000,0.000,-0.040,0.000,-0.040,0.000,23,E,0,,,,7190,12.75,2
176,408.371,"DROP",,,,,,,,,,,,,0,0.00,2,"Star lost - low SNR"
176,408.448,"Mount",0.000,0.000,-0.040,0.000,-0.040,0.000,23,E,0,,,,7190,12.75,2
177,410.597,"DROP",,,,,,,,,,,,,0,0.00,2,"Star lost - low SNR"
177,410.677,"Mount",0.000,0.000,-0.031,0.000,-0.031,0.000,18,E,0,,,,7190,12.75,2
178,413.039,"DROP",,,,,,,,,,,,,0,0.00,2,"Star lost - low SNR"
178,413.113,"Mount",0.000,0.000,-0.034,0.000,-0.034,0.000,19,E,0,,,,7190,12.75,2
179,415.247,"DROP",,,,,,,,,,,,,0,0.00,4,"Star lost - low HFD"
179,415.326,"Mount",0.000,0.000,-0.030,0.000,-0.030,0.000,17,E,0,,,,7190,12.75,4
180,418.618,"Mount",-1.738,1.904,-2.490,0.663,-1.145,0.239,655,E,102,S,,,35576,29.13,0
181,420.629,"DROP",,,,,,,,,,,,,0,0.00,4,"Star lost - low HFD"
181,420.701,"Mount",0.000,0.000,-0.018,0.000,-0.018,0.000,11,E,0,,,,35576,29.13,4
182,423.053,"DROP",,,,,,,,,,,,,0,0.00,2,"Star lost - low SNR"
182,423.118,"Mount",0.000,0.000,-0.015,0.000,-0.015,0.000,9,E,0,,,,35576,29.13,2
183,425.262,"DROP",,,,,,,,,,,,,0,0.00,2,"Star lost - low SNR"
183,425.318,"Mount",0.000,0.000,-0.013,0.000,-0.013,0.000,7,E,0,,,,35576,29.13,2
184,427.687,"DROP",,,,,,,,,,,,,0,0.00,2,"Star lost - low SNR"
184,427.725,"Mount",0.000,0.000,-0.010,0.000,-0.010,0.000,6,E,0,,,,35576,29.13,2
185,429.833,"DROP",,,,,,,,,,,,,0,0.00,2,"Star lost - low SNR"
185,429.922,"Mount",0.000,0.000,-0.007,0.000,-0.007,0.000,4,E,0,,,,35576,29.13,2
186,432.193,"DROP",,,,,,,,,,,,,0,0.00,2,"Star lost - low SNR"
186,432.246,"Mount",0.000,0.000,0.005,0.000,0.005,0.000,3,W,0,,,,35576,29.13,2
187,434.365,"DROP",,,,,,,,,,,,,0,0.00,2,"Star lost - low SNR"
187,434.370,"Mount",0.000,0.000,-0.000,0.000,-0.000,0.000,0,,0,,,,35576,29.13,2
188,436.761,"DROP",,,,,,,,,,,,,0,0.00,2,"Star lost - low SNR"
188,436.813,"Mount",0.000,0.000,0.005,0.000,0.005,0.000,3,W,0,,,,35576,29.13,2
189,438.922,"DROP",,,,,,,,,,,,,0,0.00,2,"Star lost - low SNR"
189,438.980,"Mount",0.000,0.000,0.005,0.000,0.005,0.000,3,W,0,,,,35576,29.13,2
190,441.382,"DROP",,,,,,,,,,,,,0,0.00,2,"Star lost - low SNR"
190,441.445,"Mount",0.000,0.000,0.008,0.000,0.008,0.000,5,W,0,,,,35576,29.13,2
191,443.573,"DROP",,,,,,,,,,,,,0,0.00,2,"Star lost - low SNR"
191,443.609,"Mount",0.000,0.000,0.013,0.000,0.013,0.000,8,W,0,,,,35576,29.13,2
192,446.041,"DROP",,,,,,,,,,,,,0,0.00,2,"Star lost - low SNR"
192,446.110,"Mount",0.000,0.000,0.018,0.000,0.018,0.000,11,W,0,,,,35576,29.13,2
193,448.192,"DROP",,,,,,,,,,,,,0,0.00,2,"Star lost - low SNR"
193,448.229,"Mount",0.000,0.000,0.017,0.000,0.017,0.000,10,W,0,,,,35576,29.13,2
194,450.622,"DROP",,,,,,,,,,,,,0,0.00,2,"Star lost - low SNR"
194,450.690,"Mount",0.000,0.000,0.023,0.000,0.023,0.000,13,W,0,,,,35576,29.13,2
195,452.844,"DROP",,,,,,,,,,,,,0,0.00,2,"Star lost - low SNR"
195,452.904,"Mount",0.000,0.000,0.023,0.000,0.023,0.000,13,W,0,,,,35576,29.13,2
196,455.273,"DROP",,,,,,,,,,,,,0,0.00,2,"Star lost - low SNR"
196,455.379,"Mount",0.000,0.000,0.029,0.000,0.029,0.000,17,W,0,,,,35576,29.13,2
197,457.459,"DROP",,,,,,,,,,,,,0,0.00,2,"Star lost - low SNR"
197,457.603,"Mount",0.000,0.000,0.033,0.000,0.033,0.000,19,W,0,,,,35576,29.13,2
198,459.845,"DROP",,,,,,,,,,,,,0,0.00,2,"Star lost - low SNR"
198,459.921,"Mount",0.000,0.000,0.041,0.000,0.041,0.000,23,W,0,,,,35576,29.13,2
199,462.019,"DROP",,,,,,,,,,,,,0,0.00,2,"Star lost - low SNR"
199,462.098,"Mount",0.000,0.000,0.044,0.000,0.044,0.000,25,W,0,,,,35576,29.13,2
200,464.380,"DROP",,,,,,,,,,,,,0,0.00,2,"Star lost - low SNR"
200,464.468,"Mount",0.000,0.000,0.055,0.000,0.055,0.000,32,W,0,,,,35576,29.13,2
201,466.519,"DROP",,,,,,,,,,,,,0,0.00,2,"Star lost - low SNR"
201,466.604,"Mount",0.000,0.000,0.059,0.000,0.059,0.000,34,W,0,,,,35576,29.13,2
202,468.970,"DROP",,,,,,,,,,,,,0,0.00,2,"Star lost - low SNR"
202,469.064,"Mount",0.000,0.000,0.073,0.000,0.073,0.000,42,W,0,,,,35576,29.13,2
203,471.165,"DROP",,,,,,,,,,,,,0,0.00,2,"Star lost - low SNR"
203,471.261,"Mount",0.000,0.000,0.071,0.000,0.071,0.000,41,W,0,,,,35576,29.13,2
204,473.572,"DROP",,,,,,,,,,,,,0,0.00,2,"Star lost - low SNR"
204,473.680,"Mount",0.000,0.000,0.085,0.000,0.085,0.000,49,W,0,,,,35576,29.13,2
205,475.750,"DROP",,,,,,,,,,,,,0,0.00,2,"Star lost - low SNR"
205,475.847,"Mount",0.000,0.000,0.077,0.000,0.077,0.000,44,W,0,,,,35576,29.13,2
206,478.176,"DROP",,,,,,,,,,,,,0,0.00,2,"Star lost - low SNR"
206,478.265,"Mount",0.000,0.000,0.065,0.000,0.065,0.000,37,W,0,,,,35576,29.13,2
207,480.345,"DROP",,,,,,,,,,,,,0,0.00,2,"Star lost - low SNR"
207,480.426,"Mount",0.000,0.000,0.055,0.000,0.055,0.000,31,W,0,,,,35576,29.13,2
208,482.751,"DROP",,,,,,,,,,,,,0,0.00,3,"Star lost - low mass"
208,482.845,"Mount",0.000,0.000,0.066,0.000,0.066,0.000,38,W,0,,,,35576,29.13,3
209,484.969,"DROP",,,,,,,,,,,,,0,0.00,2,"Star lost - low SNR"
209,485.057,"Mount",0.000,0.000,0.056,0.000,0.056,0.000,32,W,0,,,,35576,29.13,2
210,487.405,"DROP",,,,,,,,,,,,,0,0.00,2,"Star lost - low SNR"
210,487.478,"Mount",0.000,0.000,0.037,0.000,0.037,0.000,21,W,0,,,,35576,29.13,2
211,489.567,"DROP",,,,,,,,,,,,,0,0.00,2,"Star lost - low SNR"
211,489.664,"Mount",0.000,0.000,0.023,0.000,0.023,0.000,13,W,0,,,,35576,29.13,2
212,491.941,"DROP",,,,,,,,,,,,,0,0.00,2,"Star lost - low SNR"
212,492.000,"Mount",0.000,0.000,0.017,0.000,0.017,0.000,10,W,0,,,,35576,29.13,2
213,494.096,"DROP",,,,,,,,,,,,,0,0.00,2,"Star lost - low SNR"
213,494.151,"Mount",0.000,0.000,0.012,0.000,0.012,0.000,7,W,0,,,,35576,29.13,2
214,496.518,"DROP",,,,,,,,,,,,,0,0.00,2,"Star lost - low SNR"
214,496.586,"Mount",0.000,0.000,0.011,0.000,0.011,0.000,6,W,0,,,,35576,29.13,2
215,498.732,"DROP",,,,,,,,,,,,,0,0.00,2,"Star lost - low SNR"
215,498.800,"Mount",0.000,0.000,0.015,0.000,0.015,0.000,9,W,0,,,,35576,29.13,2
216,501.170,"DROP",,,,,,,,,,,,,0,0.00,2,"Star lost - low SNR"
216,501.243,"Mount",0.000,0.000,0.025,0.000,0.025,0.000,14,W,0,,,,35576,29.13,2
217,503.399,"DROP",,,,,,,,,,,,,0,0.00,2,"Star lost - low SNR"
217,503.470,"Mount",0.000,0.000,0.019,0.000,0.019,0.000,11,W,0,,,,35576,29.13,2
218,505.821,"DROP",,,,,,,,,,,,,0,0.00,2,"Star lost - low SNR"
218,505.886,"Mount",0.000,0.000,0.021,0.000,0.021,0.000,12,W,0,,,,35576,29.13,2
219,508.015,"DROP",,,,,,,,,,,,,0,0.00,2,"Star lost - low SNR"
219,508.084,"Mount",0.000,0.000,0.015,0.000,0.015,0.000,9,W,0,,,,35576,29.13,2
220,510.409,"DROP",,,,,,,,,,,,,0,0.00,2,"Star lost - low SNR"
220,510.449,"Mount",0.000,0.000,0.016,0.000,0.016,0.000,9,W,0,,,,35576,29.13,2
221,512.640,"DROP",,,,,,,,,,,,,0,0.00,2,"Star lost - low SNR"
221,512.711,"Mount",0.000,0.000,0.019,0.000,0.019,0.000,11,W,0,,,,35576,29.13,2
222,515.011,"DROP",,,,,,,,,,,,,0,0.00,2,"Star lost - low SNR"
222,515.085,"Mount",0.000,0.000,0.029,0.000,0.029,0.000,16,W,0,,,,35576,29.13,2
223,517.193,"DROP",,,,,,,,,,,,,0,0.00,2,"Star lost - low SNR"
223,517.263,"Mount",0.000,0.000,0.038,0.000,0.038,0.000,22,W,0,,,,35576,29.13,2
224,519.581,"DROP",,,,,,,,,,,,,0,0.00,2,"Star lost - low SNR"
224,519.664,"Mount",0.000,0.000,0.055,0.000,0.055,0.000,32,W,0,,,,35576,29.13,2
225,521.736,"DROP",,,,,,,,,,,,,0,0.00,2,"Star lost - low SNR"
225,521.827,"Mount",0.000,0.000,0.060,0.000,0.060,0.000,34,W,0,,,,35576,29.13,2
226,524.174,"DROP",,,,,,,,,,,,,0,0.00,2,"Star lost - low SNR"
226,524.273,"Mount",0.000,0.000,0.085,0.000,0.085,0.000,48,W,0,,,,35576,29.13,2
227,526.352,"DROP",,,,,,,,,,,,,0,0.00,2,"Star lost - low SNR"
227,526.457,"Mount",0.000,0.000,0.097,0.000,0.097,0.000,56,W,0,,,,35576,29.13,2
228,528.771,"DROP",,,,,,,,,,,,,0,0.00,2,"Star lost - low SNR"
228,528.893,"Mount",0.000,0.000,0.113,0.000,0.113,0.000,65,W,0,,,,35576,29.13,2
229,531.009,"DROP",,,,,,,,,,,,,0,0.00,2,"Star lost - low SNR"
229,531.120,"Mount",0.000,0.000,0.110,0.000,0.110,0.000,63,W,0,,,,35576,29.13,2
230,533.438,"DROP",,,,,,,,,,,,,0,0.00,2,"Star lost - low SNR"
230,533.551,"Mount",0.000,0.000,0.106,0.000,0.106,0.000,61,W,0,,,,35576,29.13,2
231,535.610,"DROP",,,,,,,,,,,,,0,0.00,2,"Star lost - low SNR"
231,535.700,"Mount",0.000,0.000,0.071,0.000,0.071,0.000,40,W,0,,,,35576,29.13,2
232,538.061,"DROP",,,,,,,,,,,,,0,0.00,2,"Star lost - low SNR"
232,538.243,"Mount",0.000,0.000,0.064,0.000,0.064,0.000,36,W,0,,,,35576,29.13,2
233,540.255,"DROP",,,,,,,,,,,,,0,0.00,2,"Star lost - low SNR"
233,540.327,"Mount",0.000,0.000,0.042,0.000,0.042,0.000,24,W,0,,,,35576,29.13,2
234,542.622,"DROP",,,,,,,,,,,,,0,0.00,2,"Star lost - low SNR"
234,542.680,"Mount",0.000,0.000,0.020,0.000,0.020,0.000,11,W,0,,,,35576,29.13,2
235,544.752,"DROP",,,,,,,,,,,,,0,0.00,2,"Star lost - low SNR"
235,544.840,"Mount",0.000,0.000,0.007,0.000,0.007,0.000,4,W,0,,,,35576,29.13,2
236,547.119,"DROP",,,,,,,,,,,,,0,0.00,2,"Star lost - low SNR"
236,547.199,"Mount",0.000,0.000,0.044,0.000,0.044,0.000,25,W,0,,,,35576,29.13,2
237,549.290,"DROP",,,,,,,,,,,,,0,0.00,2,"Star lost - low SNR"
237,549.365,"Mount",0.000,0.000,0.031,0.000,0.031,0.000,18,W,0,,,,35576,29.13,2
238,551.698,"DROP",,,,,,,,,,,,,0,0.00,2,"Star lost - low SNR"
238,551.769,"Mount",0.000,0.000,0.030,0.000,0.030,0.000,17,W,0,,,,35576,29.13,2
239,553.908,"DROP",,,,,,,,,,,,,0,0.00,2,"Star lost - low SNR"
239,553.984,"Mount",0.000,0.000,0.032,0.000,0.032,0.000,18,W,0,,,,35576,29.13,2
240,556.262,"DROP",,,,,,,,,,,,,0,0.00,2,"Star lost - low SNR"
240,556.335,"Mount",0.000,0.000,0.039,0.000,0.039,0.000,22,W,0,,,,35576,29.13,2
241,558.445,"DROP",,,,,,,,,,,,,0,0.00,2,"Star lost - low SNR"
241,558.516,"Mount",0.000,0.000,0.031,0.000,0.031,0.000,18,W,0,,,,35576,29.13,2
242,560.862,"DROP",,,,,,,,,,,,,0,0.00,2,"Star lost - low SNR"
242,560.936,"Mount",0.000,0.000,0.034,0.000,0.034,0.000,20,W,0,,,,35576,29.13,2
243,563.131,"DROP",,,,,,,,,,,,,0,0.00,3,"Star lost - low mass"
243,563.205,"Mount",0.000,0.000,0.028,0.000,0.028,0.000,16,W,0,,,,35576,29.13,3
244,565.568,"DROP",,,,,,,,,,,,,0,0.00,2,"Star lost - low SNR"
244,565.639,"Mount",0.000,0.000,0.029,0.000,0.029,0.000,17,W,0,,,,35576,29.13,2
245,567.822,"DROP",,,,,,,,,,,,,0,0.00,2,"Star lost - low SNR"
245,567.898,"Mount",0.000,0.000,0.023,0.000,0.023,0.000,13,W,0,,,,35576,29.13,2
246,570.177,"DROP",,,,,,,,,,,,,0,0.00,2,"Star lost - low SNR"
246,570.312,"Mount",0.000,0.000,0.023,0.000,0.023,0.000,13,W,0,,,,35576,29.13,2
247,572.323,"DROP",,,,,,,,,,,,,0,0.00,2,"Star lost - low SNR"
247,572.397,"Mount",0.000,0.000,0.021,0.000,0.021,0.000,12,W,0,,,,35576,29.13,2
248,574.685,"DROP",,,,,,,,,,,,,0,0.00,2,"Star lost - low SNR"
248,574.752,"Mount",0.000,0.000,0.020,0.000,0.020,0.000,11,W,0,,,,35576,29.13,2
249,576.890,"DROP",,,,,,,,,,,,,0,0.00,2,"Star lost - low SNR"
249,576.950,"Mount",0.000,0.000,0.018,0.000,0.018,0.000,10,W,0,,,,35576,29.13,2
250,579.298,"DROP",,,,,,,,,,,,,0,0.00,2,"Star lost - low SNR"
250,579.365,"Mount",0.000,0.000,0.017,0.000,0.017,0.000,10,W,0,,,,35576,29.13,2
251,581.431,"DROP",,,,,,,,,,,,,0,0.00,2,"Star lost - low SNR"
251,581.488,"Mount",0.000,0.000,0.016,0.000,0.016,0.000,9,W,0,,,,35576,29.13,2
252,583.866,"DROP",,,,,,,,,,,,,0,0.00,2,"Star lost - low SNR"
252,583.928,"Mount",0.000,0.000,0.016,0.000,0.016,0.000,9,W,0,,,,35576,29.13,2
253,586.101,"DROP",,,,,,,,,,,,,0,0.00,2,"Star lost - low SNR"
253,586.172,"Mount",0.000,0.000,0.015,0.000,0.015,0.000,8,W,0,,,,35576,29.13,2
254,588.548,"DROP",,,,,,,,,,,,,0,0.00,2,"Star lost - low SNR"
254,588.606,"Mount",0.000,0.000,0.014,0.000,0.014,0.000,8,W,0,,,,35576,29.13,2
255,590.723,"DROP",,,,,,,,,,,,,0,0.00,2,"Star lost - low SNR"
255,590.788,"Mount",0.000,0.000,0.014,0.000,0.014,0.000,8,W,0,,,,35576,29.13,2
256,593.186,"DROP",,,,,,,,,,,,,0,0.00,2,"Star lost - low SNR"
256,593.225,"Mount",0.000,0.000,0.014,0.000,0.014,0.000,8,W,0,,,,35576,29.13,2
257,595.373,"DROP",,,,,,,,,,,,,0,0.00,2,"Star lost - low SNR"
257,595.436,"Mount",0.000,0.000,0.013,0.000,0.013,0.000,8,W,0,,,,35576,29.13,2
258,597.772,"DROP",,,,,,,,,,,,,0,0.00,2,"Star lost - low SNR"
258,597.872,"Mount",0.000,0.000,0.013,0.000,0.013,0.000,7,W,0,,,,35576,29.13,2
259,599.968,"DROP",,,,,,,,,,,,,0,0.00,2,"Star lost - low SNR"
259,600.057,"Mount",0.000,0.000,0.012,0.000,0.012,0.000,7,W,0,,,,35576,29.13,2
260,602.323,"DROP",,,,,,,,,,,,,0,0.00,2,"Star lost - low SNR"
260,602.378,"Mount",0.000,0.000,0.014,0.000,0.014,0.000,8,W,0,,,,35576,29.13,2
261,604.490,"DROP",,,,,,,,,,,,,0,0.00,2,"Star lost - low SNR"
261,604.557,"Mount",0.000,0.000,0.010,0.000,0.010,0.000,6,W,0,,,,35576,29.13,2
262,606.920,"DROP",,,,,,,,,,,,,0,0.00,2,"Star lost - low SNR"
262,606.977,"Mount",0.000,0.000,0.011,0.000,0.011,0.000,6,W,0,,,,35576,29.13,2
263,609.161,"DROP",,,,,,,,,,,,,0,0.00,3,"Star lost - low mass"
263,609.228,"Mount",0.000,0.000,0.008,0.000,0.008,0.000,4,W,0,,,,35576,29.13,3
264,611.579,"DROP",,,,,,,,,,,,,0,0.00,2,"Star lost - low SNR"
264,611.641,"Mount",0.000,0.000,0.008,0.000,0.008,0.000,4,W,0,,,,35576,29.13,2
265,613.759,"DROP",,,,,,,,,,,,,0,0.00,2,"Star lost - low SNR"
265,613.821,"Mount",0.000,0.000,0.004,0.000,0.004,0.000,2,W,0,,,,35576,29.13,2
266,616.189,"DROP",,,,,,,,,,,,,0,0.00,2,"Star lost - low SNR"
266,616.251,"Mount",0.000,0.000,0.004,0.000,0.004,0.000,2,W,0,,,,35576,29.13,2
267,618.340,"DROP",,,,,,,,,,,,,0,0.00,2,"Star lost - low SNR"
267,618.344,"Mount",0.000,0.000,0.001,0.000,0.001,0.000,0,,0,,,,35576,29.13,2
268,620.811,"DROP",,,,,,,,,,,,,0,0.00,2,"Star lost - low SNR"
268,620.815,"Mount",0.000,0.000,0.000,0.000,0.000,0.000,0,,0,,,,35576,29.13,2
269,622.978,"DROP",,,,,,,,,,,,,0,0.00,2,"Star lost - low SNR"
269,623.035,"Mount",0.000,0.000,-0.002,0.000,-0.002,0.000,1,E,0,,,,35576,29.13,2
270,625.390,"DROP",,,,,,,,,,,,,0,0.00,2,"Star lost - low SNR"
270,625.448,"Mount",0.000,0.000,-0.003,0.000,-0.003,0.000,2,E,0,,,,35576,29.13,2
271,627.589,"DROP",,,,,,,,,,,,,0,0.00,2,"Star lost - low SNR"
271,627.647,"Mount",0.000,0.000,-0.003,0.000,-0.003,0.000,1,E,0,,,,35576,29.13,2
272,629.985,"DROP",,,,,,,,,,,,,0,0.00,2,"Star lost - low SNR"
272,630.049,"Mount",0.000,0.000,-0.005,0.000,-0.005,0.000,3,E,0,,,,35576,29.13,2
273,632.183,"DROP",,,,,,,,,,,,,0,0.00,2,"Star lost - low SNR"
273,632.245,"Mount",0.000,0.000,-0.005,0.000,-0.005,0.000,3,E,0,,,,35576,29.13,2
274,634.560,"DROP",,,,,,,,,,,,,0,0.00,2,"Star lost - low SNR"
274,634.622,"Mount",0.000,0.000,-0.006,0.000,-0.006,0.000,4,E,0,,,,35576,29.13,2
275,636.782,"DROP",,,,,,,,,,,,,0,0.00,2,"Star lost - low SNR"
275,636.835,"Mount",0.000,0.000,-0.007,0.000,-0.007,0.000,4,E,0,,,,35576,29.13,2
276,639.238,"DROP",,,,,,,,,,,,,0,0.00,2,"Star lost - low SNR"
276,639.301,"Mount",0.000,0.000,-0.004,0.000,-0.004,0.000,2,E,0,,,,35576,29.13,2
277,641.463,"DROP",,,,,,,,,,,,,0,0.00,2,"Star lost - low SNR"
277,641.515,"Mount",0.000,0.000,-0.005,0.000,-0.005,0.000,3,E,0,,,,35576,29.13,2
278,643.907,"DROP",,,,,,,,,,,,,0,0.00,2,"Star lost - low SNR"
278,643.964,"Mount",0.000,0.000,-0.005,0.000,-0.005,0.000,3,E,0,,,,35576,29.13,2
279,646.129,"DROP",,,,,,,,,,,,,0,0.00,2,"Star lost - low SNR"
279,646.192,"Mount",0.000,0.000,-0.007,0.000,-0.007,0.000,4,E,0,,,,35576,29.13,2
280,648.549,"DROP",,,,,,,,,,,,,0,0.00,2,"Star lost - low SNR"
280,648.612,"Mount",0.000,0.000,-0.005,0.000,-0.005,0.000,3,E,0,,,,35576,29.13,2
281,650.767,"DROP",,,,,,,,,,,,,0,0.00,2,"Star lost - low SNR"
281,650.827,"Mount",0.000,0.000,-0.009,0.000,-0.009,0.000,5,E,0,,,,35576,29.13,2
282,653.146,"DROP",,,,,,,,,,,,,0,0.00,2,"Star lost - low SNR"
282,653.201,"Mount",0.000,0.000,-0.011,0.000,-0.011,0.000,6,E,0,,,,35576,29.13,2
283,655.344,"DROP",,,,,,,,,,,,,0,0.00,2,"Star lost - low SNR"
283,655.383,"Mount",0.000,0.000,-0.015,0.000,-0.015,0.000,9,E,0,,,,35576,29.13,2
284,657.748,"DROP",,,,,,,,,,,,,0,0.00,2,"Star lost - low SNR"
284,657.816,"Mount",0.000,0.000,-0.018,0.000,-0.018,0.000,10,E,0,,,,35576,29.13,2
285,659.889,"DROP",,,,,,,,,,,,,0,0.00,2,"Star lost - low SNR"
285,659.961,"Mount",0.000,0.000,-0.021,0.000,-0.021,0.000,12,E,0,,,,35576,29.13,2
286,662.244,"DROP",,,,,,,,,,,,,0,0.00,2,"Star lost - low SNR"
286,662.315,"Mount",0.000,0.000,-0.025,0.000,-0.025,0.000,14,E,0,,,,35576,29.13,2
287,664.466,"DROP",,,,,,,,,,,,,0,0.00,2,"Star lost - low SNR"
287,664.543,"Mount",0.000,0.000,-0.027,0.000,-0.027,0.000,16,E,0,,,,35576,29.13,2
288,666.890,"DROP",,,,,,,,,,,,,0,0.00,2,"Star lost - low SNR"
288,666.962,"Mount",0.000,0.000,-0.027,0.000,-0.027,0.000,15,E,0,,,,35576,29.13,2
289,669.105,"DROP",,,,,,,,,,,,,0,0.00,2,"Star lost - low SNR"
289,669.174,"Mount",0.000,0.000,-0.027,0.000,-0.027,0.000,15,E,0,,,,35576,29.13,2
290,671.536,"DROP",,,,,,,,,,,,,0,0.00,2,"Star lost - low SNR"
290,671.606,"Mount",0.000,0.000,-0.031,0.000,-0.031,0.000,18,E,0,,,,35576,29.13,2
291,673.709,"DROP",,,,,,,,,,,,,0,0.00,2,"Star lost - low SNR"
291,673.788,"Mount",0.000,0.000,-0.028,0.000,-0.028,0.000,16,E,0,,,,35576,29.13,2
292,676.107,"DROP",,,,,,,,,,,,,0,0.00,2,"Star lost - low SNR"
292,676.206,"Mount",0.000,0.000,-0.024,0.000,-0.024,0.000,14,E,0,,,,35576,29.13,2
293,678.249,"DROP",,,,,,,,,,,,,0,0.00,2,"Star lost - low SNR"
293,678.321,"Mount",0.000,0.000,-0.022,0.000,-0.022,0.000,12,E,0,,,,35576,29.13,2
294,680.667,"DROP",,,,,,,,,,,,,0,0.00,2,"Star lost - low SNR"
294,680.766,"Mount",0.000,0.000,-0.028,0.000,-0.028,0.000,16,E,0,,,,35576,29.13,2
295,682.875,"DROP",,,,,,,,,,,,,0,0.00,2,"Star lost - low SNR"
295,682.978,"Mount",0.000,0.000,-0.022,0.000,-0.022,0.000,12,E,0,,,,35576,29.13,2
296,685.220,"DROP",,,,,,,,,,,,,0,0.00,2,"Star lost - low SNR"
296,685.293,"Mount",0.000,0.000,-0.023,0.000,-0.023,0.000,13,E,0,,,,35576,29.13,2
297,687.385,"DROP",,,,,,,,,,,,,0,0.00,2,"Star lost - low SNR"
297,687.458,"Mount",0.000,0.000,-0.020,0.000,-0.020,0.000,11,E,0,,,,35576,29.13,2
298,689.736,"DROP",,,,,,,,,,,,,0,0.00,2,"Star lost - low SNR"
298,689.808,"Mount",0.000,0.000,-0.024,0.000,-0.024,0.000,14,E,0,,,,35576,29.13,2
299,691.882,"DROP",,,,,,,,,,,,,0,0.00,2,"Star lost - low SNR"
299,691.956,"Mount",0.000,0.000,-0.021,0.000,-0.021,0.000,12,E,0,,,,35576,29.13,2
300,694.284,"DROP",,,,,,,,,,,,,0,0.00,2,"Star lost - low SNR"
300,694.354,"Mount",0.000,0.000,-0.030,0.000,-0.030,0.000,17,E,0,,,,35576,29.13,2
301,696.453,"DROP",,,,,,,,,,,,,0,0.00,2,"Star lost - low SNR"
301,696.584,"Mount",0.000,0.000,-0.025,0.000,-0.025,0.000,14,E,0,,,,35576,29.13,2
Guiding Ends at 2026-05-29 02:46:24
INFO: SETTLING STATE CHANGE, Settling started
INFO: SETTLING STATE CHANGE, Settling failed
INFO: SETTLING STATE CHANGE, Settling started
INFO: SETTLING STATE CHANGE, Settling failed
INFO: SETTLING STATE CHANGE, Settling started
INFO: SETTLING STATE CHANGE, Settling failed
INFO: SETTLING STATE CHANGE, Settling started
INFO: SETTLING STATE CHANGE, Settling failed
INFO: SETTLING STATE CHANGE, Settling started
INFO: SETTLING STATE CHANGE, Settling failed
INFO: SETTLING STATE CHANGE, Settling started
INFO: SETTLING STATE CHANGE, Settling failed
INFO: SETTLING STATE CHANGE, Settling started

Guiding Begins at 2026-05-29 04:02:16
Equipment Profile = 60mmGuide
Dither = both axes, Dither scale = 1.000, Image noise reduction = none, Guide-frame time lapse = 0, Server enabled
Pixel scale = 3.22 arc-sec/px, Binning = 1, Focal length = 240 mm
Search region = 25 px, Star mass tolerance = 50.0%, Multi-star mode, list size = 1
 Camera = ZWO ASI120MM Mini, gain = 37, full size = 1280 x 960, have dark, dark dur = 2000, no defect map, pixel size = 3.8 um
Exposure = 2000 ms
Mount = iOptron CEM120,70,40,26, GEM, HEM, HAE, HAZ series and SkyHunter Mount (ASCOM), connected, guiding enabled, xAngle = 117.4, xRate = 1.976, yAngle = -152.7, yRate = 2.338, parity = +/+
Norm rates RA = 8.3"/s @ dec 0, Dec = 7.5"/s; ortho.err. = 0.1 deg
X guide algorithm = Predictive PEC, Control gain = 0.450
Prediction gain = 0.750
Minimum move = 0.060
Hyperparameters
	Length scale long range SE kernel = 700.000
	Signal variance long range SE kernel = 20.000
	Length scale periodic kernel = 10.000
	Signal variance periodic kernel = 20.000
	Length scale short range SE kernel = 25.000
	Signal variance short range SE kernel = 10.000
	Period length periodic kernel = 348.000
	FFT called after = 2.000 worm cycles
	Auto-adjust period length = Off
Y guide algorithm = Hysteresis, Hysteresis = 0.100, Aggression = 0.400, Minimum move = 0.060
Backlash comp = disabled, pulse = 100 ms
Max RA duration = 2500, Max DEC duration = 2500, DEC guide mode = Auto
RA Guide Speed = 7.5 a-s/s, Dec Guide Speed = 7.5 a-s/s, Cal Dec = 0.0, Last Cal Issue = None, Timestamp = 7/29/2025 9:33:42 PM
RA = 22.63 hr, Dec = 39.7 deg, Hour angle = -3.76 hr, Pier side = West, Rotator pos = N/A, Alt = 44.2 deg, Az = 63.4 deg
Lock position = 724.253, 160.936, Star position = 724.253, 160.936, HFD = 2.56 px
Frame,Time,mount,dx,dy,RARawDistance,DECRawDistance,RAGuideDistance,DECGuideDistance,RADuration,RADirection,DECDuration,DECDirection,XStep,YStep,StarMass,SNR,ErrorCode
1,2.409,"DROP",,,,,,,,,,,,,0,0.00,4,"Star lost - low HFD"
2,4.613,"DROP",,,,,,,,,,,,,0,0.00,4,"Star lost - low HFD"
3,6.990,"DROP",,,,,,,,,,,,,0,0.00,4,"Star lost - low HFD"
4,9.417,"Mount",0.132,0.318,0.222,-0.264,0.100,-0.095,51,W,41,N,,,20614,29.57,0
5,11.705,"DROP",,,,,,,,,,,,,0,0.00,4,"Star lost - low HFD"
6,13.908,"DROP",,,,,,,,,,,,,0,0.00,4,"Star lost - low HFD"
7,16.348,"DROP",,,,,,,,,,,,,0,0.00,4,"Star lost - low HFD"
8,18.527,"DROP",,,,,,,,,,,,,0,0.00,4,"Star lost - low HFD"
9,20.933,"DROP",,,,,,,,,,,,,0,0.00,4,"Star lost - low HFD"
10,23.108,"DROP",,,,,,,,,,,,,0,0.00,4,"Star lost - low HFD"
11,25.473,"DROP",,,,,,,,,,,,,0,0.00,4,"Star lost - low HFD"
12,27.666,"DROP",,,,,,,,,,,,,0,0.00,4,"Star lost - low HFD"
13,30.068,"DROP",,,,,,,,,,,,,0,0.00,4,"Star lost - low HFD"
14,32.273,"DROP",,,,,,,,,,,,,0,0.00,4,"Star lost - low HFD"
15,34.703,"DROP",,,,,,,,,,,,,0,0.00,4,"Star lost - low HFD"
16,36.936,"DROP",,,,,,,,,,,,,0,0.00,4,"Star lost - low HFD"
17,39.364,"DROP",,,,,,,,,,,,,0,0.00,4,"Star lost - low HFD"
18,41.598,"DROP",,,,,,,,,,,,,0,0.00,4,"Star lost - low HFD"
19,43.996,"DROP",,,,,,,,,,,,,0,0.00,4,"Star lost - low HFD"
20,46.174,"DROP",,,,,,,,,,,,,0,0.00,4,"Star lost - low HFD"
21,48.528,"DROP",,,,,,,,,,,,,0,0.00,4,"Star lost - low HFD"
22,51.016,"Mount",0.135,-0.648,-0.637,0.180,-0.260,0.061,131,E,26,S,,,27878,39.15,0
23,53.268,"DROP",,,,,,,,,,,,,0,0.00,4,"Star lost - low HFD"
24,55.470,"DROP",,,,,,,,,,,,,0,0.00,4,"Star lost - low HFD"
25,57.936,"DROP",,,,,,,,,,,,,0,0.00,4,"Star lost - low HFD"
26,60.110,"DROP",,,,,,,,,,,,,0,0.00,4,"Star lost - low HFD"
27,62.576,"DROP",,,,,,,,,,,,,0,0.00,4,"Star lost - low HFD"
28,64.763,"DROP",,,,,,,,,,,,,0,0.00,4,"Star lost - low HFD"
29,67.169,"DROP",,,,,,,,,,,,,0,0.00,4,"Star lost - low HFD"
30,69.385,"DROP",,,,,,,,,,,,,0,0.00,4,"Star lost - low HFD"
31,71.788,"DROP",,,,,,,,,,,,,0,0.00,4,"Star lost - low HFD"
32,73.994,"DROP",,,,,,,,,,,,,0,0.00,4,"Star lost - low HFD"
33,76.373,"DROP",,,,,,,,,,,,,0,0.00,4,"Star lost - low HFD"
34,78.549,"DROP",,,,,,,,,,,,,0,0.00,4,"Star lost - low HFD"
35,80.931,"DROP",,,,,,,,,,,,,0,0.00,4,"Star lost - low HFD"
36,83.117,"DROP",,,,,,,,,,,,,0,0.00,4,"Star lost - low HFD"
37,85.490,"DROP",,,,,,,,,,,,,0,0.00,4,"Star lost - low HFD"
38,87.702,"DROP",,,,,,,,,,,,,0,0.00,4,"Star lost - low HFD"
INFO: SETTLING STATE CHANGE, Settling failed
39,90.092,"DROP",,,,,,,,,,,,,0,0.00,4,"Star lost - low HFD"
40,92.332,"DROP",,,,,,,,,,,,,0,0.00,4,"Star lost - low HFD"
41,94.735,"DROP",,,,,,,,,,,,,0,0.00,4,"Star lost - low HFD"
42,96.919,"DROP",,,,,,,,,,,,,0,0.00,4,"Star lost - low HFD"
43,99.350,"DROP",,,,,,,,,,,,,0,0.00,4,"Star lost - low HFD"
44,101.574,"DROP",,,,,,,,,,,,,0,0.00,4,"Star lost - low HFD"
45,103.951,"DROP",,,,,,,,,,,,,0,0.00,4,"Star lost - low HFD"
46,106.163,"DROP",,,,,,,,,,,,,0,0.00,4,"Star lost - low HFD"
47,108.610,"DROP",,,,,,,,,,,,,0,0.00,4,"Star lost - low HFD"
48,110.834,"DROP",,,,,,,,,,,,,0,0.00,4,"Star lost - low HFD"
49,113.196,"DROP",,,,,,,,,,,,,0,0.00,4,"Star lost - low HFD"
50,115.371,"DROP",,,,,,,,,,,,,0,0.00,4,"Star lost - low HFD"
51,117.799,"DROP",,,,,,,,,,,,,0,0.00,4,"Star lost - low HFD"
52,120.058,"DROP",,,,,,,,,,,,,0,0.00,4,"Star lost - low HFD"
53,122.486,"DROP",,,,,,,,,,,,,0,0.00,4,"Star lost - low HFD"
54,124.700,"DROP",,,,,,,,,,,,,0,0.00,4,"Star lost - low HFD"
55,127.114,"DROP",,,,,,,,,,,,,0,0.00,4,"Star lost - low HFD"
56,129.311,"DROP",,,,,,,,,,,,,0,0.00,4,"Star lost - low HFD"
57,131.677,"DROP",,,,,,,,,,,,,0,0.00,4,"Star lost - low HFD"
58,133.877,"DROP",,,,,,,,,,,,,0,0.00,4,"Star lost - low HFD"
59,136.258,"DROP",,,,,,,,,,,,,0,0.00,4,"Star lost - low HFD"
60,138.424,"DROP",,,,,,,,,,,,,0,0.00,4,"Star lost - low HFD"
61,140.866,"DROP",,,,,,,,,,,,,0,0.00,4,"Star lost - low HFD"
62,143.025,"DROP",,,,,,,,,,,,,0,0.00,4,"Star lost - low HFD"
63,145.438,"DROP",,,,,,,,,,,,,0,0.00,4,"Star lost - low HFD"
64,147.650,"DROP",,,,,,,,,,,,,0,0.00,4,"Star lost - low HFD"
65,150.061,"DROP",,,,,,,,,,,,,0,0.00,4,"Star lost - low HFD"
66,152.275,"DROP",,,,,,,,,,,,,0,0.00,4,"Star lost - low HFD"
67,154.676,"DROP",,,,,,,,,,,,,0,0.00,4,"Star lost - low HFD"
68,156.837,"DROP",,,,,,,,,,,,,0,0.00,4,"Star lost - low HFD"
69,159.230,"DROP",,,,,,,,,,,,,0,0.00,4,"Star lost - low HFD"
70,161.409,"DROP",,,,,,,,,,,,,0,0.00,4,"Star lost - low HFD"
71,163.792,"DROP",,,,,,,,,,,,,0,0.00,4,"Star lost - low HFD"
72,165.978,"DROP",,,,,,,,,,,,,0,0.00,4,"Star lost - low HFD"
73,168.379,"DROP",,,,,,,,,,,,,0,0.00,4,"Star lost - low HFD"
74,170.578,"DROP",,,,,,,,,,,,,0,0.00,4,"Star lost - low HFD"
75,172.967,"DROP",,,,,,,,,,,,,0,0.00,4,"Star lost - low HFD"
76,175.188,"DROP",,,,,,,,,,,,,0,0.00,4,"Star lost - low HFD"
77,177.598,"DROP",,,,,,,,,,,,,0,0.00,4,"Star lost - low HFD"
78,179.818,"DROP",,,,,,,,,,,,,0,0.00,4,"Star lost - low HFD"
79,182.236,"DROP",,,,,,,,,,,,,0,0.00,4,"Star lost - low HFD"
80,184.455,"DROP",,,,,,,,,,,,,0,0.00,4,"Star lost - low HFD"
81,186.860,"DROP",,,,,,,,,,,,,0,0.00,4,"Star lost - low HFD"
82,189.009,"DROP",,,,,,,,,,,,,0,0.00,4,"Star lost - low HFD"
83,191.377,"DROP",,,,,,,,,,,,,0,0.00,4,"Star lost - low HFD"
84,193.555,"DROP",,,,,,,,,,,,,0,0.00,4,"Star lost - low HFD"
85,195.983,"DROP",,,,,,,,,,,,,0,0.00,4,"Star lost - low HFD"
86,198.128,"DROP",,,,,,,,,,,,,0,0.00,4,"Star lost - low HFD"
87,201.724,"Mount",1.747,-4.500,-4.799,0.528,-2.006,0.192,1016,E,82,S,,,30792,37.34,0
88,203.815,"DROP",,,,,,,,,,,,,0,0.00,4,"Star lost - low HFD"
89,206.249,"DROP",,,,,,,,,,,,,0,0.00,4,"Star lost - low HFD"
90,208.382,"DROP",,,,,,,,,,,,,0,0.00,4,"Star lost - low HFD"
91,210.824,"DROP",,,,,,,,,,,,,0,0.00,4,"Star lost - low HFD"
92,212.965,"DROP",,,,,,,,,,,,,0,0.00,4,"Star lost - low HFD"
93,215.396,"DROP",,,,,,,,,,,,,0,0.00,4,"Star lost - low HFD"
94,217.613,"DROP",,,,,,,,,,,,,0,0.00,4,"Star lost - low HFD"
95,220.046,"DROP",,,,,,,,,,,,,0,0.00,4,"Star lost - low HFD"
96,222.244,"DROP",,,,,,,,,,,,,0,0.00,4,"Star lost - low HFD"
97,224.685,"DROP",,,,,,,,,,,,,0,0.00,4,"Star lost - low HFD"
98,226.848,"DROP",,,,,,,,,,,,,0,0.00,4,"Star lost - low HFD"
99,229.241,"DROP",,,,,,,,,,,,,0,0.00,4,"Star lost - low HFD"
100,231.459,"DROP",,,,,,,,,,,,,0,0.00,4,"Star lost - low HFD"
101,233.898,"DROP",,,,,,,,,,,,,0,0.00,4,"Star lost - low HFD"
102,236.086,"DROP",,,,,,,,,,,,,0,0.00,4,"Star lost - low HFD"
103,238.476,"DROP",,,,,,,,,,,,,0,0.00,4,"Star lost - low HFD"
104,240.683,"DROP",,,,,,,,,,,,,0,0.00,4,"Star lost - low HFD"
105,243.109,"DROP",,,,,,,,,,,,,0,0.00,4,"Star lost - low HFD"
106,245.298,"DROP",,,,,,,,,,,,,0,0.00,4,"Star lost - low HFD"
107,247.674,"DROP",,,,,,,,,,,,,0,0.00,4,"Star lost - low HFD"
108,249.886,"DROP",,,,,,,,,,,,,0,0.00,4,"Star lost - low HFD"
109,252.285,"DROP",,,,,,,,,,,,,0,0.00,4,"Star lost - low HFD"
110,254.451,"DROP",,,,,,,,,,,,,0,0.00,4,"Star lost - low HFD"
111,256.855,"DROP",,,,,,,,,,,,,0,0.00,4,"Star lost - low HFD"
112,258.997,"DROP",,,,,,,,,,,,,0,0.00,4,"Star lost - low HFD"
113,261.406,"DROP",,,,,,,,,,,,,0,0.00,4,"Star lost - low HFD"
114,263.569,"DROP",,,,,,,,,,,,,0,0.00,4,"Star lost - low HFD"
115,265.990,"DROP",,,,,,,,,,,,,0,0.00,4,"Star lost - low HFD"
116,268.154,"DROP",,,,,,,,,,,,,0,0.00,4,"Star lost - low HFD"
117,270.554,"DROP",,,,,,,,,,,,,0,0.00,4,"Star lost - low HFD"
118,272.763,"DROP",,,,,,,,,,,,,0,0.00,4,"Star lost - low HFD"
119,275.158,"DROP",,,,,,,,,,,,,0,0.00,4,"Star lost - low HFD"
120,277.370,"DROP",,,,,,,,,,,,,0,0.00,4,"Star lost - low HFD"
121,279.778,"DROP",,,,,,,,,,,,,0,0.00,4,"Star lost - low HFD"
122,281.983,"DROP",,,,,,,,,,,,,0,0.00,4,"Star lost - low HFD"
123,284.365,"DROP",,,,,,,,,,,,,0,0.00,4,"Star lost - low HFD"
124,286.581,"DROP",,,,,,,,,,,,,0,0.00,4,"Star lost - low HFD"
125,288.969,"DROP",,,,,,,,,,,,,0,0.00,4,"Star lost - low HFD"
126,291.098,"DROP",,,,,,,,,,,,,0,0.00,4,"Star lost - low HFD"
127,293.479,"DROP",,,,,,,,,,,,,0,0.00,4,"Star lost - low HFD"
128,295.669,"DROP",,,,,,,,,,,,,0,0.00,4,"Star lost - low HFD"
129,298.115,"DROP",,,,,,,,,,,,,0,0.00,4,"Star lost - low HFD"
130,300.293,"DROP",,,,,,,,,,,,,0,0.00,4,"Star lost - low HFD"
131,302.721,"DROP",,,,,,,,,,,,,0,0.00,4,"Star lost - low HFD"
132,304.936,"DROP",,,,,,,,,,,,,0,0.00,4,"Star lost - low HFD"
133,307.319,"DROP",,,,,,,,,,,,,0,0.00,4,"Star lost - low HFD"
134,309.522,"DROP",,,,,,,,,,,,,0,0.00,4,"Star lost - low HFD"
135,311.961,"DROP",,,,,,,,,,,,,0,0.00,4,"Star lost - low HFD"
136,314.161,"DROP",,,,,,,,,,,,,0,0.00,4,"Star lost - low HFD"
137,316.565,"DROP",,,,,,,,,,,,,0,0.00,4,"Star lost - low HFD"
138,318.728,"DROP",,,,,,,,,,,,,0,0.00,4,"Star lost - low HFD"
139,321.135,"DROP",,,,,,,,,,,,,0,0.00,4,"Star lost - low HFD"
140,323.281,"DROP",,,,,,,,,,,,,0,0.00,4,"Star lost - low HFD"
141,325.688,"DROP",,,,,,,,,,,,,0,0.00,4,"Star lost - low HFD"
142,327.907,"DROP",,,,,,,,,,,,,0,0.00,4,"Star lost - low HFD"
143,330.326,"DROP",,,,,,,,,,,,,0,0.00,4,"Star lost - low HFD"
144,332.488,"DROP",,,,,,,,,,,,,0,0.00,4,"Star lost - low HFD"
145,334.893,"DROP",,,,,,,,,,,,,0,0.00,4,"Star lost - low HFD"
146,337.038,"DROP",,,,,,,,,,,,,0,0.00,4,"Star lost - low HFD"
147,339.470,"DROP",,,,,,,,,,,,,0,0.00,4,"Star lost - low HFD"
148,341.605,"DROP",,,,,,,,,,,,,0,0.00,4,"Star lost - low HFD"
149,344.022,"DROP",,,,,,,,,,,,,0,0.00,4,"Star lost - low HFD"
150,346.223,"DROP",,,,,,,,,,,,,0,0.00,4,"Star lost - low HFD"
151,348.694,"DROP",,,,,,,,,,,,,0,0.00,4,"Star lost - low HFD"
152,350.905,"DROP",,,,,,,,,,,,,0,0.00,4,"Star lost - low HFD"
153,353.314,"DROP",,,,,,,,,,,,,0,0.00,4,"Star lost - low HFD"
154,355.487,"DROP",,,,,,,,,,,,,0,0.00,4,"Star lost - low HFD"
155,357.893,"DROP",,,,,,,,,,,,,0,0.00,4,"Star lost - low HFD"
156,360.087,"DROP",,,,,,,,,,,,,0,0.00,4,"Star lost - low HFD"
157,362.532,"DROP",,,,,,,,,,,,,0,0.00,4,"Star lost - low HFD"
158,364.737,"DROP",,,,,,,,,,,,,0,0.00,4,"Star lost - low HFD"
159,367.092,"DROP",,,,,,,,,,,,,0,0.00,4,"Star lost - low HFD"
160,369.277,"DROP",,,,,,,,,,,,,0,0.00,4,"Star lost - low HFD"
161,371.670,"DROP",,,,,,,,,,,,,0,0.00,4,"Star lost - low HFD"
162,373.860,"DROP",,,,,,,,,,,,,0,0.00,4,"Star lost - low HFD"
163,376.258,"DROP",,,,,,,,,,,,,0,0.00,4,"Star lost - low HFD"
164,378.423,"DROP",,,,,,,,,,,,,0,0.00,4,"Star lost - low HFD"
165,380.816,"DROP",,,,,,,,,,,,,0,0.00,4,"Star lost - low HFD"
166,382.962,"DROP",,,,,,,,,,,,,0,0.00,4,"Star lost - low HFD"
167,385.389,"DROP",,,,,,,,,,,,,0,0.00,4,"Star lost - low HFD"
168,387.613,"DROP",,,,,,,,,,,,,0,0.00,4,"Star lost - low HFD"
169,390.062,"DROP",,,,,,,,,,,,,0,0.00,4,"Star lost - low HFD"
170,392.294,"DROP",,,,,,,,,,,,,0,0.00,4,"Star lost - low HFD"
171,394.773,"DROP",,,,,,,,,,,,,0,0.00,4,"Star lost - low HFD"
172,396.936,"DROP",,,,,,,,,,,,,0,0.00,4,"Star lost - low HFD"
173,399.308,"DROP",,,,,,,,,,,,,0,0.00,4,"Star lost - low HFD"
174,401.513,"DROP",,,,,,,,,,,,,0,0.00,4,"Star lost - low HFD"
175,403.954,"DROP",,,,,,,,,,,,,0,0.00,4,"Star lost - low HFD"
176,406.164,"DROP",,,,,,,,,,,,,0,0.00,4,"Star lost - low HFD"
177,408.551,"DROP",,,,,,,,,,,,,0,0.00,4,"Star lost - low HFD"
178,410.776,"DROP",,,,,,,,,,,,,0,0.00,4,"Star lost - low HFD"
179,413.176,"DROP",,,,,,,,,,,,,0,0.00,4,"Star lost - low HFD"
180,415.347,"DROP",,,,,,,,,,,,,0,0.00,4,"Star lost - low HFD"
181,417.774,"DROP",,,,,,,,,,,,,0,0.00,4,"Star lost - low HFD"
182,419.938,"DROP",,,,,,,,,,,,,0,0.00,4,"Star lost - low HFD"
183,422.336,"DROP",,,,,,,,,,,,,0,0.00,4,"Star lost - low HFD"
184,424.522,"DROP",,,,,,,,,,,,,0,0.00,4,"Star lost - low HFD"
185,426.905,"DROP",,,,,,,,,,,,,0,0.00,4,"Star lost - low HFD"
186,429.090,"DROP",,,,,,,,,,,,,0,0.00,4,"Star lost - low HFD"
187,431.578,"DROP",,,,,,,,,,,,,0,0.00,4,"Star lost - low HFD"
188,433.808,"DROP",,,,,,,,,,,,,0,0.00,4,"Star lost - low HFD"
189,436.209,"DROP",,,,,,,,,,,,,0,0.00,4,"Star lost - low HFD"
190,438.401,"DROP",,,,,,,,,,,,,0,0.00,4,"Star lost - low HFD"
191,440.798,"DROP",,,,,,,,,,,,,0,0.00,4,"Star lost - low HFD"
192,442.952,"DROP",,,,,,,,,,,,,0,0.00,4,"Star lost - low HFD"
193,445.397,"DROP",,,,,,,,,,,,,0,0.00,4,"Star lost - low HFD"
194,447.596,"DROP",,,,,,,,,,,,,0,0.00,4,"Star lost - low HFD"
195,449.986,"DROP",,,,,,,,,,,,,0,0.00,4,"Star lost - low HFD"
196,452.195,"DROP",,,,,,,,,,,,,0,0.00,4,"Star lost - low HFD"
197,454.564,"DROP",,,,,,,,,,,,,0,0.00,4,"Star lost - low HFD"
198,456.766,"DROP",,,,,,,,,,,,,0,0.00,4,"Star lost - low HFD"
199,459.140,"DROP",,,,,,,,,,,,,0,0.00,4,"Star lost - low HFD"
200,461.332,"DROP",,,,,,,,,,,,,0,0.00,4,"Star lost - low HFD"
201,463.684,"DROP",,,,,,,,,,,,,0,0.00,4,"Star lost - low HFD"
202,465.871,"DROP",,,,,,,,,,,,,0,0.00,4,"Star lost - low HFD"
203,469.722,"Mount",1.911,-5.264,-5.553,0.735,-2.427,0.272,1229,E,116,S,,,21663,28.08,0
204,471.788,"DROP",,,,,,,,,,,,,0,0.00,4,"Star lost - low HFD"
205,474.226,"DROP",,,,,,,,,,,,,0,0.00,4,"Star lost - low HFD"
206,477.227,"Mount",1.534,-2.670,-3.077,-0.128,-1.350,-0.035,684,E,15,N,,,26223,32.64,0
207,479.501,"DROP",,,,,,,,,,,,,0,0.00,4,"Star lost - low HFD"
208,482.419,"Mount",0.797,-2.336,-2.441,0.372,-1.091,0.132,552,E,57,S,,,25579,36.25,0
209,484.685,"DROP",,,,,,,,,,,,,0,0.00,4,"Star lost - low HFD"
210,486.914,"DROP",,,,,,,,,,,,,0,0.00,4,"Star lost - low HFD"
211,489.704,"Mount",0.230,-1.009,-1.002,0.262,-0.434,0.100,220,E,43,S,,,22845,30.92,0
212,492.170,"Mount",0.781,-0.900,-1.159,-0.277,-0.499,-0.096,252,E,41,N,,,31818,43.54,0
213,494.405,"DROP",,,,,,,,,,,,,0,0.00,4,"Star lost - low HFD"
214,496.574,"DROP",,,,,,,,,,,,,0,0.00,4,"Star lost - low HFD"
215,498.975,"DROP",,,,,,,,,,,,,0,0.00,4,"Star lost - low HFD"
216,501.168,"DROP",,,,,,,,,,,,,0,0.00,4,"Star lost - low HFD"
217,503.550,"DROP",,,,,,,,,,,,,0,0.00,4,"Star lost - low HFD"
218,505.756,"DROP",,,,,,,,,,,,,0,0.00,4,"Star lost - low HFD"
219,508.233,"DROP",,,,,,,,,,,,,0,0.00,4,"Star lost - low HFD"
220,510.411,"DROP",,,,,,,,,,,,,0,0.00,4,"Star lost - low HFD"
221,512.833,"DROP",,,,,,,,,,,,,0,0.00,4,"Star lost - low HFD"
222,514.986,"DROP",,,,,,,,,,,,,0,0.00,4,"Star lost - low HFD"
223,517.399,"DROP",,,,,,,,,,,,,0,0.00,4,"Star lost - low HFD"
224,519.607,"DROP",,,,,,,,,,,,,0,0.00,4,"Star lost - low HFD"
225,521.975,"DROP",,,,,,,,,,,,,0,0.00,4,"Star lost - low HFD"
226,524.150,"DROP",,,,,,,,,,,,,0,0.00,4,"Star lost - low HFD"
227,526.541,"DROP",,,,,,,,,,,,,0,0.00,4,"Star lost - low HFD"
228,528.717,"DROP",,,,,,,,,,,,,0,0.00,4,"Star lost - low HFD"
229,531.133,"DROP",,,,,,,,,,,,,0,0.00,4,"Star lost - low HFD"
230,533.317,"DROP",,,,,,,,,,,,,0,0.00,4,"Star lost - low HFD"
231,535.704,"DROP",,,,,,,,,,,,,0,0.00,4,"Star lost - low HFD"
232,537.915,"DROP",,,,,,,,,,,,,0,0.00,4,"Star lost - low HFD"
233,540.327,"DROP",,,,,,,,,,,,,0,0.00,4,"Star lost - low HFD"
234,542.557,"DROP",,,,,,,,,,,,,0,0.00,4,"Star lost - low HFD"
235,544.957,"DROP",,,,,,,,,,,,,0,0.00,4,"Star lost - low HFD"
236,547.181,"DROP",,,,,,,,,,,,,0,0.00,4,"Star lost - low HFD"
237,549.618,"DROP",,,,,,,,,,,,,0,0.00,4,"Star lost - low HFD"
238,551.810,"DROP",,,,,,,,,,,,,0,0.00,4,"Star lost - low HFD"
239,554.548,"Mount",-0.262,0.969,0.981,-0.215,0.411,-0.081,208,W,35,N,,,25379,35.14,0
240,556.922,"Mount",-0.517,0.712,0.870,0.130,0.363,0.044,184,W,19,S,,,25196,30.68,0
241,559.186,"DROP",,,,,,,,,,,,,0,0.00,4,"Star lost - low HFD"
242,561.560,"Mount",-0.202,0.128,0.207,0.120,0.076,0.045,38,W,19,S,,,24743,31.90,0
243,563.816,"DROP",,,,,,,,,,,,,0,0.00,4,"Star lost - low HFD"
244,565.999,"DROP",,,,,,,,,,,,,0,0.00,4,"Star lost - low HFD"
245,568.640,"Mount",-0.079,0.541,0.517,-0.180,0.210,-0.063,106,W,27,N,,,25553,34.17,0
246,571.008,"Mount",-0.102,0.888,0.835,-0.320,0.351,-0.118,177,W,50,N,,,26958,35.30,0
247,573.492,"Mount",-0.366,0.304,0.438,0.185,0.176,0.062,89,W,26,S,,,33162,42.29,0
248,575.539,"DROP",,,,,,,,,,,,,0,0.00,4,"Star lost - low HFD"
249,577.973,"DROP",,,,,,,,,,,,,0,0.00,4,"Star lost - low HFD"
250,580.227,"DROP",,,,,,,,,,,,,0,0.00,4,"Star lost - low HFD"
251,582.654,"DROP",,,,,,,,,,,,,0,0.00,4,"Star lost - low HFD"
252,584.818,"DROP",,,,,,,,,,,,,0,0.00,4,"Star lost - low HFD"
253,587.215,"DROP",,,,,,,,,,,,,0,0.00,4,"Star lost - low HFD"
254,589.427,"DROP",,,,,,,,,,,,,0,0.00,4,"Star lost - low HFD"
255,591.857,"DROP",,,,,,,,,,,,,0,0.00,4,"Star lost - low HFD"
256,594.099,"DROP",,,,,,,,,,,,,0,0.00,4,"Star lost - low HFD"
257,596.518,"DROP",,,,,,,,,,,,,0,0.00,4,"Star lost - low HFD"
258,598.743,"DROP",,,,,,,,,,,,,0,0.00,4,"Star lost - low HFD"
259,601.162,"DROP",,,,,,,,,,,,,0,0.00,4,"Star lost - low HFD"
260,603.329,"DROP",,,,,,,,,,,,,0,0.00,4,"Star lost - low HFD"
261,605.747,"DROP",,,,,,,,,,,,,0,0.00,4,"Star lost - low HFD"
262,607.990,"DROP",,,,,,,,,,,,,0,0.00,4,"Star lost - low HFD"
263,610.399,"DROP",,,,,,,,,,,,,0,0.00,4,"Star lost - low HFD"
264,612.612,"DROP",,,,,,,,,,,,,0,0.00,4,"Star lost - low HFD"
265,614.970,"DROP",,,,,,,,,,,,,0,0.00,4,"Star lost - low HFD"
266,617.146,"DROP",,,,,,,,,,,,,0,0.00,4,"Star lost - low HFD"
267,619.551,"DROP",,,,,,,,,,,,,0,0.00,4,"Star lost - low HFD"
268,621.761,"DROP",,,,,,,,,,,,,0,0.00,4,"Star lost - low HFD"
269,624.195,"DROP",,,,,,,,,,,,,0,0.00,4,"Star lost - low HFD"
270,626.419,"DROP",,,,,,,,,,,,,0,0.00,4,"Star lost - low HFD"
271,628.865,"DROP",,,,,,,,,,,,,0,0.00,4,"Star lost - low HFD"
272,631.002,"DROP",,,,,,,,,,,,,0,0.00,4,"Star lost - low HFD"
273,633.383,"DROP",,,,,,,,,,,,,0,0.00,4,"Star lost - low HFD"
274,635.635,"DROP",,,,,,,,,,,,,0,0.00,4,"Star lost - low HFD"
275,638.059,"DROP",,,,,,,,,,,,,0,0.00,4,"Star lost - low HFD"
276,640.268,"DROP",,,,,,,,,,,,,0,0.00,4,"Star lost - low HFD"
277,642.664,"DROP",,,,,,,,,,,,,0,0.00,4,"Star lost - low HFD"
278,644.796,"DROP",,,,,,,,,,,,,0,0.00,4,"Star lost - low HFD"
279,647.152,"DROP",,,,,,,,,,,,,0,0.00,4,"Star lost - low HFD"
280,649.319,"DROP",,,,,,,,,,,,,0,0.00,4,"Star lost - low HFD"
281,651.779,"DROP",,,,,,,,,,,,,0,0.00,4,"Star lost - low HFD"
282,653.942,"DROP",,,,,,,,,,,,,0,0.00,4,"Star lost - low HFD"
283,656.356,"DROP",,,,,,,,,,,,,0,0.00,4,"Star lost - low HFD"
284,658.523,"DROP",,,,,,,,,,,,,0,0.00,4,"Star lost - low HFD"
285,660.933,"DROP",,,,,,,,,,,,,0,0.00,4,"Star lost - low HFD"
286,663.106,"DROP",,,,,,,,,,,,,0,0.00,4,"Star lost - low HFD"
287,665.487,"DROP",,,,,,,,,,,,,0,0.00,4,"Star lost - low HFD"
288,667.674,"DROP",,,,,,,,,,,,,0,0.00,4,"Star lost - low HFD"
289,670.117,"DROP",,,,,,,,,,,,,0,0.00,4,"Star lost - low HFD"
290,672.312,"DROP",,,,,,,,,,,,,0,0.00,4,"Star lost - low HFD"
291,674.676,"DROP",,,,,,,,,,,,,0,0.00,4,"Star lost - low HFD"
292,676.844,"DROP",,,,,,,,,,,,,0,0.00,4,"Star lost - low HFD"
293,679.300,"DROP",,,,,,,,,,,,,0,0.00,4,"Star lost - low HFD"
294,681.493,"DROP",,,,,,,,,,,,,0,0.00,4,"Star lost - low HFD"
295,683.909,"DROP",,,,,,,,,,,,,0,0.00,4,"Star lost - low HFD"
296,686.143,"DROP",,,,,,,,,,,,,0,0.00,4,"Star lost - low HFD"
297,688.535,"DROP",,,,,,,,,,,,,0,0.00,4,"Star lost - low HFD"
298,690.706,"DROP",,,,,,,,,,,,,0,0.00,4,"Star lost - low HFD"
299,693.131,"DROP",,,,,,,,,,,,,0,0.00,4,"Star lost - low HFD"
Guiding Ends at 2026-05-29 04:13:51

Guiding Begins at 2026-05-29 04:13:59
Equipment Profile = 60mmGuide
Dither = both axes, Dither scale = 1.000, Image noise reduction = none, Guide-frame time lapse = 0, Server enabled
Pixel scale = 3.22 arc-sec/px, Binning = 1, Focal length = 240 mm
Search region = 25 px, Star mass tolerance = 50.0%, Multi-star mode, list size = 12
 Camera = ZWO ASI120MM Mini, gain = 37, full size = 1280 x 960, have dark, dark dur = 2000, no defect map, pixel size = 3.8 um
Exposure = 2000 ms
Mount = iOptron CEM120,70,40,26, GEM, HEM, HAE, HAZ series and SkyHunter Mount (ASCOM), connected, guiding enabled, xAngle = 117.4, xRate = 1.976, yAngle = -152.7, yRate = 2.338, parity = +/+
Norm rates RA = 8.3"/s @ dec 0, Dec = 7.5"/s; ortho.err. = 0.1 deg
X guide algorithm = Predictive PEC, Control gain = 0.450
Prediction gain = 0.750
Minimum move = 0.060
Hyperparameters
	Length scale long range SE kernel = 700.000
	Signal variance long range SE kernel = 20.000
	Length scale periodic kernel = 10.000
	Signal variance periodic kernel = 20.000
	Length scale short range SE kernel = 25.000
	Signal variance short range SE kernel = 10.000
	Period length periodic kernel = 348.000
	FFT called after = 2.000 worm cycles
	Auto-adjust period length = Off
Y guide algorithm = Hysteresis, Hysteresis = 0.100, Aggression = 0.400, Minimum move = 0.060
Backlash comp = disabled, pulse = 100 ms
Max RA duration = 2500, Max DEC duration = 2500, DEC guide mode = Auto
RA Guide Speed = 7.5 a-s/s, Dec Guide Speed = 7.5 a-s/s, Cal Dec = 0.0, Last Cal Issue = None, Timestamp = 7/29/2025 9:33:42 PM
RA = 22.63 hr, Dec = 39.7 deg, Hour angle = -3.56 hr, Pier side = West, Rotator pos = N/A, Alt = 46.5 deg, Az = 63.8 deg
Lock position = 702.023, 836.908, Star position = 702.023, 836.908, HFD = 4.55 px
Frame,Time,mount,dx,dy,RARawDistance,DECRawDistance,RAGuideDistance,DECGuideDistance,RADuration,RADirection,DECDuration,DECDirection,XStep,YStep,StarMass,SNR,ErrorCode
INFO: SETTLING STATE CHANGE, Settling started
1,2.332,"Mount",0.066,-0.316,-0.311,0.087,-0.140,0.031,71,E,13,S,,,555756,141.74,0
2,4.737,"Mount",0.089,0.114,0.060,-0.132,0.027,-0.046,14,W,20,N,,,578242,171.92,0
3,6.835,"Mount",0.017,-0.007,-0.014,-0.012,-0.006,0.000,3,E,0,,,,547576,137.49,0
4,9.269,"Mount",0.193,-0.145,-0.218,-0.105,-0.098,-0.038,50,E,16,N,,,602851,153.46,0
5,11.464,"Mount",0.166,-0.060,-0.130,-0.119,-0.058,-0.044,30,E,19,N,,,592895,163.51,0
6,13.834,"Mount",0.143,-0.194,-0.238,-0.037,-0.107,0.000,54,E,0,,,,567857,145.06,0
7,16.045,"Mount",0.195,-0.339,-0.390,-0.016,-0.176,0.000,89,E,0,,,,551116,137.98,0
8,18.599,"Mount",0.051,-0.550,-0.511,0.209,-0.230,0.075,116,E,32,S,,,576922,154.85,0
9,20.838,"Mount",0.054,-0.393,-0.374,0.133,-0.168,0.051,85,E,22,S,,,538114,131.00,0
INFO: SETTLING STATE CHANGE, Settling complete
10,23.287,"Mount",0.162,-0.341,-0.378,0.014,-0.170,0.000,86,E,0,,,,573611,142.78,0
11,25.501,"Mount",0.214,-0.285,-0.352,-0.058,-0.179,0.000,91,E,0,,,,598873,168.93,0
12,27.901,"Mount",0.151,-0.206,-0.252,-0.039,-0.134,0.000,68,E,0,,,,566592,145.06,0
13,30.065,"Mount",0.195,-0.055,-0.138,-0.147,-0.083,-0.053,42,E,23,N,,,545127,162.98,0
14,32.423,"Mount",0.129,-0.129,-0.174,-0.054,-0.099,0.000,50,E,0,,,,573966,141.83,0
15,34.553,"Mount",0.085,0.098,0.048,-0.120,-0.019,-0.043,9,E,19,N,,,559248,145.82,0
16,36.990,"Mount",-0.019,-0.095,-0.076,0.060,-0.052,0.020,26,E,9,S,,,566864,147.87,0
17,39.156,"Mount",0.042,-0.006,-0.024,-0.034,-0.017,0.000,9,E,0,,,,551695,140.18,0
18,41.464,"Mount",0.056,-0.033,-0.055,-0.034,-0.016,0.000,8,E,0,,,,563528,138.92,0
19,43.665,"Mount",0.114,-0.028,-0.078,-0.088,-0.049,-0.032,25,E,14,N,,,588659,147.73,0
20,46.019,"Mount",-0.044,-0.008,0.013,0.043,-0.014,0.000,7,E,0,,,,564497,132.23,0
21,48.261,"Mount",0.067,0.016,-0.017,-0.067,-0.013,-0.024,7,E,10,N,,,540764,121.31,0
22,50.543,"Mount",0.026,-0.031,-0.040,-0.009,-0.014,0.000,7,E,0,,,,600244,143.16,0
23,52.663,"Mount",0.046,-0.024,-0.043,-0.030,-0.013,0.000,7,E,0,,,,573991,154.51,0
24,54.996,"Mount",0.078,-0.164,-0.181,0.006,-0.094,0.000,48,E,0,,,,566218,144.97,0
25,57.135,"Mount",0.037,-0.190,-0.185,0.055,-0.094,0.000,48,E,0,,,,554830,126.77,0
26,59.538,"Mount",0.175,-0.466,-0.494,0.060,-0.238,0.000,120,E,0,,,,593934,143.09,0
27,61.730,"Mount",0.240,-0.266,-0.346,-0.090,-0.168,-0.032,85,E,14,N,,,598197,138.42,0
28,64.175,"Mount",0.027,-0.255,-0.238,0.094,-0.147,0.032,74,E,14,S,,,567756,150.30,0
29,66.437,"Mount",0.120,-0.339,-0.357,0.050,-0.191,0.000,97,E,0,,,,532734,131.69,0
30,68.961,"Mount",0.080,-0.329,-0.329,0.081,-0.191,0.029,97,E,12,S,,,545396,131.87,0
31,71.233,"Mount",0.150,-0.458,-0.475,0.079,-0.246,0.029,124,E,13,S,,,576640,144.32,0
32,73.795,"Mount",0.225,-0.576,-0.614,0.066,-0.352,0.025,178,E,11,S,,,597744,140.39,0
33,76.176,"Mount",0.090,-0.502,-0.487,0.152,-0.277,0.056,140,E,24,S,,,563944,137.49,0
34,78.656,"Mount",0.274,-0.462,-0.536,-0.030,-0.387,0.000,196,E,0,,,,566865,133.98,0
35,80.901,"Mount",0.194,-0.437,-0.477,0.030,-0.327,0.000,166,E,0,,,,562618,145.09,0
36,83.381,"Mount",0.133,-0.300,-0.327,0.020,-0.305,0.000,154,E,0,,,,591093,149.40,0
37,85.606,"Mount",0.154,-0.181,-0.231,-0.053,-0.223,0.000,113,E,0,,,,577037,149.11,0
38,88.162,"Mount",0.251,-0.197,-0.291,-0.132,-0.257,-0.048,130,E,20,N,,,549585,131.07,0
39,90.360,"Mount",0.055,-0.194,-0.198,0.041,-0.179,0.000,90,E,0,,,,554920,132.31,0
40,92.830,"Mount",0.033,-0.309,-0.289,0.113,-0.210,0.041,106,E,17,S,,,587613,143.96,0
41,95.092,"Mount",0.257,-0.283,-0.369,-0.097,-0.217,-0.033,110,E,14,N,,,534069,134.68,0
42,97.499,"Mount",0.139,-0.298,-0.328,0.014,-0.171,0.000,86,E,0,,,,584974,145.54,0
43,99.726,"Mount",0.118,-0.344,-0.360,0.054,-0.252,0.000,128,E,0,,,,562561,136.19,0
44,102.172,"Mount",0.182,-0.360,-0.404,0.005,-0.255,0.000,129,E,0,,,,550222,142.29,0
45,104.310,"Mount",0.145,-0.177,-0.223,-0.047,-0.115,0.000,58,E,0,,,,580684,171.88,0
46,106.655,"Mount",0.049,-0.143,-0.149,0.022,-0.066,0.000,34,E,0,,,,543144,150.50,0
47,108.834,"Mount",0.039,-0.105,-0.111,0.014,-0.109,0.000,55,E,0,,,,550747,129.23,0
48,111.265,"Mount",0.013,-0.109,-0.103,0.039,-0.102,0.000,52,E,0,,,,580043,160.22,0
49,113.527,"Mount",-0.031,-0.234,-0.193,0.135,-0.178,0.049,90,E,21,S,,,550839,140.81,0
50,115.869,"Mount",0.024,0.001,-0.011,-0.022,-0.089,0.000,45,E,0,,,,574260,126.63,0
51,118.099,"Mount",0.021,-0.037,-0.042,-0.002,-0.163,0.000,82,E,0,,,,587261,162.92,0
52,120.515,"Mount",-0.142,0.034,0.096,0.110,-0.117,0.040,59,E,17,S,,,519346,130.92,0
53,122.606,"Mount",-0.173,0.204,0.260,0.060,0.027,0.000,14,W,0,,,,527025,130.80,0
54,124.930,"Mount",-0.039,0.143,0.145,-0.031,-0.004,0.000,2,E,0,,,,556027,140.64,0
55,127.018,"Mount",-0.020,0.054,0.057,-0.007,-0.042,0.000,21,E,0,,,,551870,146.53,0
56,129.383,"Mount",-0.001,0.122,0.109,-0.056,0.101,0.000,51,W,0,,,,568299,167.13,0
57,131.500,"Mount",0.004,-0.032,-0.030,0.011,0.070,0.000,35,W,0,,,,572716,143.21,0
58,133.853,"Mount",-0.017,-0.086,-0.069,0.055,0.023,0.000,12,W,0,,,,543075,129.86,0
59,135.942,"Mount",0.079,-0.195,-0.210,0.020,-0.039,0.000,20,E,0,,,,571401,137.11,0
60,138.464,"Mount",0.057,-0.354,-0.341,0.113,-0.178,0.041,90,E,17,S,,,546201,150.20,0
61,140.648,"Mount",0.052,-0.169,-0.174,0.032,-0.110,0.000,55,E,0,,,,548316,147.09,0
62,143.218,"Mount",-0.108,-0.071,-0.014,0.128,-0.155,0.046,78,E,20,S,,,586143,159.87,0
63,145.476,"Mount",-0.052,-0.087,-0.053,0.086,-0.155,0.033,78,E,14,S,,,531385,135.21,0
64,147.862,"Mount",-0.088,0.196,0.214,-0.013,0.006,0.000,3,W,0,,,,569331,156.47,0
65,149.984,"Mount",-0.108,0.209,0.235,-0.000,0.035,0.000,18,W,0,,,,571205,153.42,0
66,152.440,"Mount",-0.057,0.437,0.414,-0.151,0.133,-0.054,67,W,23,N,,,558592,128.48,0
67,154.662,"Mount",0.009,0.251,0.219,-0.124,0.140,-0.047,71,W,20,N,,,585092,137.36,0
68,157.090,"Mount",-0.164,0.035,0.107,0.129,0.113,0.045,57,W,19,S,,,580308,149.06,0
69,159.328,"Mount",-0.093,0.246,0.261,-0.031,0.249,0.000,126,W,0,,,,569545,145.20,0
70,161.833,"Mount",-0.177,0.181,0.242,0.073,0.249,0.026,126,W,11,S,,,582623,143.31,0
71,164.025,"Mount",-0.042,0.017,0.034,0.030,0.104,0.000,52,W,0,,,,592521,157.24,0
72,166.489,"Mount",-0.011,0.190,0.174,-0.078,0.165,-0.028,83,W,12,N,,,616073,163.79,0
73,168.750,"Mount",0.062,0.187,0.137,-0.141,0.119,-0.052,60,W,22,N,,,567286,151.23,0
74,171.197,"Mount",-0.010,0.207,0.188,-0.087,0.116,-0.033,59,W,14,N,,,561172,145.01,0
75,173.334,"Mount",0.005,0.002,-0.000,-0.005,0.066,0.000,33,W,0,,,,567425,155.84,0
76,175.645,"Mount",0.001,-0.025,-0.023,0.011,0.045,0.000,23,W,0,,,,574191,140.59,0
77,177.822,"Mount",-0.151,-0.058,0.018,0.161,0.016,0.058,8,W,25,S,,,570445,149.90,0
78,180.209,"Mount",0.029,0.195,0.160,-0.116,0.068,-0.039,34,W,17,N,,,564722,132.44,0
79,182.292,"Mount",-0.042,0.072,0.083,0.004,0.019,0.000,10,W,0,,,,594198,169.60,0
80,184.662,"Mount",0.044,0.078,0.049,-0.074,-0.033,-0.027,17,E,11,N,,,576776,166.79,0
81,186.736,"Mount",-0.084,0.079,0.109,0.038,0.008,0.000,4,W,0,,,,574071,146.77,0
82,189.073,"Mount",-0.032,0.123,0.124,-0.028,-0.008,0.000,4,E,0,,,,539364,140.12,0
83,191.229,"Mount",0.047,0.052,0.024,-0.066,-0.062,-0.024,31,E,10,N,,,558714,135.09,0
84,193.581,"Mount",0.058,0.008,-0.020,-0.055,-0.002,0.000,1,E,0,,,,598832,171.78,0
85,195.685,"Mount",0.072,-0.106,-0.128,-0.015,-0.056,0.000,28,E,0,,,,539015,138.31,0
86,198.036,"Mount",0.076,-0.022,-0.055,-0.057,-0.023,0.000,12,E,0,,,,620873,166.86,0
87,200.133,"Mount",0.023,-0.021,-0.029,-0.011,-0.021,0.000,11,E,0,,,,590163,154.36,0
88,202.500,"Mount",-0.110,-0.014,0.038,0.104,-0.044,0.037,22,E,16,S,,,621198,159.72,0
89,204.666,"Mount",0.043,0.098,0.068,-0.083,-0.013,-0.028,6,E,12,N,,,584819,144.47,0
90,207.005,"Mount",-0.033,0.070,0.078,-0.003,-0.009,0.000,4,E,0,,,,544356,149.84,0
91,209.155,"Mount",-0.012,0.129,0.120,-0.048,0.070,0.000,36,W,0,,,,568111,140.94,0
92,211.594,"Mount",-0.063,0.277,0.275,-0.072,0.142,-0.026,72,W,11,N,,,551426,136.48,0
93,213.868,"Mount",-0.080,0.387,0.380,-0.108,0.200,-0.040,101,W,17,N,,,561269,143.44,0
94,216.408,"Mount",-0.054,0.283,0.276,-0.082,0.149,-0.031,76,W,13,N,,,576634,156.45,0
95,218.599,"Mount",-0.122,0.238,0.268,-0.002,0.254,0.000,129,W,0,,,,588746,142.14,0
96,221.008,"Mount",-0.104,0.267,0.285,-0.031,0.254,0.000,129,W,0,,,,588786,152.54,0
97,223.296,"Mount",-0.048,0.371,0.352,-0.129,0.262,-0.046,133,W,20,N,,,547519,138.01,0
98,225.787,"Mount",-0.205,0.209,0.280,0.086,0.205,0.029,104,W,12,S,,,593090,134.86,0
99,228.030,"Mount",-0.114,0.265,0.288,-0.021,0.268,0.000,136,W,0,,,,582657,168.59,0
100,230.527,"Mount",-0.188,0.486,0.518,-0.057,0.340,0.000,172,W,0,,,,594603,158.14,0
101,232.762,"Mount",-0.160,0.369,0.401,-0.029,0.315,0.000,159,W,0,,,,615454,176.10,0
102,235.346,"Mount",-0.235,0.311,0.385,0.065,0.268,0.023,135,W,10,S,,,540031,175.24,0
103,237.569,"Mount",-0.061,0.301,0.296,-0.085,0.178,-0.030,90,W,13,N,,,560147,157.23,0
104,240.019,"Mount",-0.139,0.216,0.256,0.023,0.233,0.000,118,W,0,,,,565423,137.73,0
105,242.245,"Mount",-0.165,0.089,0.155,0.105,0.134,0.038,68,W,16,S,,,585880,164.73,0
106,244.647,"Mount",-0.011,0.026,0.028,-0.002,-0.176,0.000,89,E,0,,,,564879,134.65,0
107,246.876,"Mount",-0.057,0.177,0.183,-0.031,-0.136,0.000,69,E,0,,,,545292,127.14,0
108,249.296,"Mount",-0.011,0.341,0.307,-0.148,-0.081,-0.053,41,E,23,N,,,595466,131.40,0
109,251.469,"Mount",-0.062,0.354,0.343,-0.108,-0.078,-0.041,40,E,18,N,,,559051,165.52,0
110,253.854,"Mount",-0.169,0.261,0.309,0.030,0.087,0.000,44,W,0,,,,569512,150.22,0
111,255.999,"Mount",-0.069,0.281,0.282,-0.068,0.080,-0.025,41,W,11,N,,,589076,150.92,0
112,258.496,"Mount",-0.035,0.270,0.255,-0.093,0.157,-0.035,80,W,15,N,,,607491,149.22,0
113,260.672,"Mount",0.034,0.078,0.054,-0.066,0.038,-0.025,19,W,11,N,,,570381,145.11,0
114,263.043,"Mount",-0.006,0.078,0.072,-0.031,0.078,0.000,39,W,0,,,,567787,163.93,0
115,265.187,"Mount",-0.036,-0.079,-0.054,0.068,0.023,0.025,12,W,11,S,,,585242,141.78,0
116,267.632,"Mount",-0.081,-0.028,0.012,0.085,-0.066,0.032,33,E,13,S,,,574595,137.88,0
117,269.797,"Mount",0.003,0.064,0.056,-0.032,-0.099,0.000,50,E,0,,,,559177,159.72,0
118,272.228,"Mount",-0.047,-0.063,-0.034,0.070,-0.136,0.025,69,E,11,S,,,547224,136.00,0
119,274.375,"Mount",-0.044,0.121,0.127,-0.017,-0.073,0.000,37,E,0,,,,594084,162.77,0
120,276.804,"Mount",0.044,0.232,0.186,-0.147,-0.072,-0.053,37,E,23,N,,,583375,161.10,0
121,278.927,"Mount",-0.116,0.201,0.232,0.010,-0.030,0.000,15,E,0,,,,548450,148.27,0
122,281.262,"Mount",-0.150,0.341,0.372,-0.024,0.018,0.000,9,W,0,,,,579668,152.07,0
123,283.472,"Mount",-0.130,0.273,0.302,-0.011,0.106,0.000,53,W,0,,,,588738,175.08,0
124,285.840,"Mount",0.051,0.246,0.195,-0.159,0.055,-0.057,28,W,24,N,,,590396,162.77,0
125,288.143,"Mount",-0.011,0.380,0.343,-0.166,0.192,-0.062,97,W,26,N,,,582106,161.44,0
126,290.556,"Mount",-0.186,0.036,0.117,0.148,0.083,0.051,42,W,22,S,,,564060,132.73,0
127,292.669,"Mount",-0.057,0.095,0.111,0.006,0.075,0.000,38,W,0,,,,594305,152.17,0
128,295.052,"Mount",-0.049,0.134,0.141,-0.019,0.065,0.000,33,W,0,,,,575382,146.30,0
129,297.170,"Mount",0.011,0.095,0.079,-0.054,0.010,0.000,5,W,0,,,,553141,138.84,0
130,299.554,"Mount",0.000,0.129,0.114,-0.060,0.016,0.000,8,W,0,,,,549766,135.23,0
131,301.718,"Mount",0.028,0.116,0.090,-0.078,-0.022,-0.028,11,E,12,N,,,574663,133.47,0
132,304.074,"Mount",-0.019,-0.071,-0.054,0.050,-0.087,0.000,44,E,0,,,,578217,155.23,0
133,306.169,"Mount",-0.016,0.089,0.086,-0.027,-0.066,0.000,34,E,0,,,,583856,137.39,0
134,308.474,"Mount",-0.088,0.129,0.155,0.018,-0.043,0.000,22,E,0,,,,538233,147.78,0
135,310.670,"Mount",0.013,0.119,0.099,-0.067,-0.077,-0.024,39,E,10,N,,,572720,175.29,0
136,313.066,"Mount",-0.149,0.077,0.137,0.097,0.044,0.034,22,W,14,S,,,570045,150.86,0
137,315.200,"Mount",-0.115,0.130,0.168,0.042,0.058,0.000,29,W,0,,,,573287,153.06,0
138,317.539,"Mount",-0.105,0.121,0.156,0.037,0.047,0.000,24,W,0,,,,601669,149.86,0
139,319.739,"Mount",-0.119,0.090,0.135,0.064,0.033,0.023,17,W,10,S,,,545203,151.46,0
140,322.091,"Mount",-0.074,0.152,0.169,-0.004,0.037,0.000,19,W,0,,,,556074,147.27,0
141,324.335,"Mount",0.049,0.264,0.212,-0.165,0.111,-0.059,56,W,25,N,,,592359,155.19,0
142,326.781,"Mount",-0.122,0.136,0.177,0.045,0.081,0.000,41,W,0,,,,570587,144.80,0
143,329.073,"Mount",-0.157,0.111,0.171,0.088,0.086,0.032,44,W,13,S,,,563238,130.74,0
144,331.517,"Mount",-0.173,0.061,0.134,0.125,0.047,0.046,24,W,20,S,,,611575,144.04,0
145,333.684,"Mount",0.050,0.113,0.077,-0.097,0.029,-0.033,14,W,14,N,,,585780,155.61,0
146,336.135,"Mount",0.044,0.240,0.193,-0.150,0.057,-0.055,29,W,24,N,,,543744,139.99,0
147,338.296,"Mount",-0.068,0.163,0.176,-0.015,0.056,0.000,28,W,0,,,,577645,163.66,0
148,340.655,"Mount",0.104,0.151,0.086,-0.162,-0.006,-0.058,3,E,25,N,,,519628,127.11,0
149,342.862,"Mount",-0.168,0.161,0.220,0.075,0.111,0.025,56,W,11,S,,,570991,145.94,0
150,345.230,"Mount",-0.125,0.217,0.250,0.011,0.108,0.000,55,W,0,,,,538823,146.54,0
151,347.412,"Mount",-0.132,0.077,0.129,0.082,0.035,0.029,18,W,13,S,,,551621,133.80,0
152,349.719,"Mount",-0.022,0.033,0.040,0.005,-0.014,0.000,7,E,0,,,,638950,152.25,0
153,351.840,"Mount",0.037,0.024,0.004,-0.044,-0.032,0.000,16,E,0,,,,589718,147.26,0
154,354.179,"Mount",-0.031,0.126,0.126,-0.031,-0.034,0.000,17,E,0,,,,566663,127.63,0
155,356.377,"Mount",0.007,0.155,0.134,-0.078,-0.044,-0.028,22,E,12,N,,,571652,144.82,0
156,358.823,"Mount",0.095,0.152,0.091,-0.155,-0.027,-0.057,14,E,24,N,,,584735,154.53,0
157,361.034,"Mount",-0.046,-0.064,-0.035,0.070,-0.077,0.023,39,E,10,S,,,570891,138.27,0
158,363.420,"Mount",0.128,0.049,-0.015,-0.136,-0.049,-0.048,25,E,21,N,,,590821,173.03,0
159,365.521,"Mount",-0.007,0.026,0.026,-0.006,-0.057,0.000,29,E,0,,,,546675,160.95,0
160,367.891,"Mount",0.021,-0.082,-0.083,0.020,-0.125,0.000,63,E,0,,,,594458,150.95,0
161,370.011,"Mount",0.015,0.020,0.010,-0.023,-0.093,0.000,47,E,0,,,,580052,149.68,0
162,372.441,"Mount",0.077,-0.206,-0.218,0.027,-0.200,0.000,101,E,0,,,,559697,141.00,0
163,374.572,"Mount",0.022,-0.022,-0.029,-0.010,-0.088,0.000,44,E,0,,,,606913,155.73,0
164,377.038,"Mount",-0.209,-0.117,-0.007,0.239,-0.090,0.086,46,E,37,S,,,571260,144.86,0
165,379.220,"Mount",0.033,-0.113,-0.115,0.023,-0.124,0.000,63,E,0,,,,585072,155.91,0
166,381.618,"Mount",0.109,0.177,0.107,-0.179,-0.022,-0.064,11,E,27,N,,,599101,176.03,0
167,383.779,"Mount",0.081,0.002,-0.036,-0.072,-0.060,-0.029,30,E,12,N,,,558062,165.02,0
168,386.200,"Mount",0.049,0.159,0.119,-0.117,-0.005,-0.043,3,E,18,N,,,550520,151.16,0
169,388.396,"Mount",0.046,0.079,0.049,-0.078,-0.042,-0.030,21,E,13,N,,,549090,129.22,0
170,390.860,"Mount",-0.134,0.056,0.111,0.093,0.006,0.032,3,W,14,S,,,572744,158.69,0
171,393.153,"Mount",-0.085,-0.069,-0.022,0.107,-0.038,0.040,19,E,17,S,,,579232,150.57,0
172,395.490,"Mount",-0.046,0.155,0.159,-0.031,0.026,0.000,13,W,0,,,,598196,165.61,0
173,397.656,"Mount",-0.138,0.094,0.147,0.079,0.017,0.028,9,W,12,S,,,564023,139.67,0
174,399.997,"Mount",0.016,0.046,0.034,-0.035,-0.065,0.000,33,E,0,,,,571962,143.04,0
175,402.208,"Mount",-0.136,-0.006,0.057,0.123,-0.077,0.044,39,E,19,S,,,582003,137.39,0
176,404.566,"Mount",0.038,0.032,0.011,-0.048,-0.067,0.000,34,E,0,,,,587321,155.09,0
177,406.765,"Mount",0.062,0.039,0.006,-0.073,-0.087,-0.026,44,E,11,N,,,583803,142.00,0
178,409.254,"Mount",0.051,0.067,0.036,-0.076,-0.136,-0.028,69,E,12,N,,,562785,154.97,0
179,411.452,"Mount",-0.041,-0.013,0.007,0.042,-0.162,0.000,82,E,0,,,,573929,132.42,0
180,413.883,"Mount",-0.023,0.034,0.040,0.004,-0.191,0.000,97,E,0,,,,605818,172.25,0
181,416.078,"Mount",0.083,-0.071,-0.101,-0.041,-0.257,0.000,130,E,0,,,,567156,128.55,0
182,418.593,"Mount",0.043,0.022,-0.000,-0.049,-0.245,0.000,124,E,0,,,,571650,162.15,0
183,420.852,"Mount",0.049,-0.046,-0.063,-0.022,-0.287,0.000,145,E,0,,,,597107,153.97,0
184,423.350,"Mount",-0.001,0.112,0.100,-0.050,-0.244,0.000,124,E,0,,,,614944,146.50,0
185,425.595,"Mount",-0.019,-0.076,-0.058,0.052,-0.275,0.000,139,E,0,,,,582739,163.80,0
186,428.039,"Mount",-0.022,0.126,0.122,-0.039,-0.204,0.000,103,E,0,,,,536474,148.36,0
187,430.271,"Mount",0.008,-0.018,-0.019,0.001,-0.231,0.000,117,E,0,,,,546576,122.46,0
188,432.829,"Mount",-0.009,-0.268,-0.234,0.132,-0.302,0.048,153,E,20,S,,,587892,150.98,0
189,435.105,"Mount",0.028,-0.109,-0.110,0.026,-0.217,0.000,110,E,0,,,,549353,126.24,0
190,437.551,"Mount",0.141,-0.042,-0.102,-0.105,-0.190,-0.038,96,E,16,N,,,570168,140.37,0
191,439.836,"Mount",0.302,0.067,-0.079,-0.299,-0.174,-0.109,88,E,47,N,,,562344,150.62,0
192,442.249,"Mount",0.052,-0.099,-0.111,-0.000,-0.178,0.000,90,E,0,,,,588612,148.14,0
193,444.455,"Mount",0.164,-0.270,-0.315,-0.021,-0.217,0.000,110,E,0,,,,579353,156.65,0
194,446.869,"Mount",0.106,-0.188,-0.216,-0.007,-0.176,0.000,89,E,0,,,,571474,155.37,0
195,449.112,"Mount",0.136,-0.238,-0.274,-0.011,-0.237,0.000,120,E,0,,,,606041,155.24,0
196,451.497,"Mount",0.013,-0.055,-0.055,0.013,-0.127,0.000,64,E,0,,,,607509,152.40,0
197,453.813,"Mount",0.029,-0.256,-0.241,0.093,-0.274,0.033,139,E,14,S,,,586731,139.01,0
198,456.233,"Mount",0.048,0.090,0.057,-0.084,-0.175,-0.029,88,E,12,N,,,591723,134.02,0
199,458.414,"Mount",-0.009,0.064,0.061,-0.022,-0.151,0.000,77,E,0,,,,583909,166.97,0
200,460.766,"Mount",-0.116,0.197,0.228,0.011,-0.069,0.000,35,E,0,,,,568485,139.43,0
201,462.990,"Mount",-0.233,0.114,0.208,0.154,-0.024,0.056,12,E,24,S,,,575953,145.25,0
202,465.325,"Mount",-0.094,0.169,0.193,0.005,-0.013,0.000,7,E,0,,,,574337,149.94,0
203,467.457,"Mount",-0.122,0.303,0.326,-0.032,0.114,0.000,58,W,0,,,,559038,144.49,0
204,469.906,"Mount",0.061,0.099,0.060,-0.100,0.011,-0.036,6,W,15,N,,,542662,135.78,0
205,472.011,"Mount",-0.002,0.068,0.061,-0.030,0.026,0.000,13,W,0,,,,569117,149.61,0
206,474.334,"Mount",0.016,0.025,0.015,-0.025,0.019,0.000,10,W,0,,,,573267,136.58,0
207,476.389,"Mount",0.031,-0.029,-0.040,-0.014,0.016,0.000,8,W,0,,,,525744,127.39,0
208,478.724,"Mount",-0.013,0.025,0.028,0.000,-0.016,0.000,8,E,0,,,,574192,151.75,0
209,480.876,"Mount",-0.071,-0.098,-0.055,0.109,-0.027,0.039,14,E,17,S,,,576926,149.53,0
210,483.342,"Mount",-0.085,-0.135,-0.081,0.137,-0.100,0.051,51,E,22,S,,,590922,169.40,0
211,485.488,"Mount",-0.017,0.084,0.083,-0.024,-0.035,0.000,18,E,0,,,,570509,158.76,0
212,487.874,"Mount",0.056,-0.021,-0.045,-0.040,-0.081,0.000,41,E,0,,,,571814,151.19,0
213,490.002,"Mount",-0.001,0.124,0.110,-0.057,-0.022,0.000,11,E,0,,,,566797,137.19,0
214,492.405,"Mount",-0.006,0.187,0.169,-0.081,0.019,-0.029,10,W,13,N,,,582622,155.48,0
215,494.567,"Mount",-0.012,0.199,0.182,-0.081,0.069,-0.030,35,W,13,N,,,577088,157.07,0
216,496.940,"Mount",-0.005,-0.000,0.002,0.005,0.017,0.000,8,W,0,,,,567207,158.72,0
217,499.106,"Mount",-0.025,0.120,0.118,-0.033,0.130,0.000,66,W,0,,,,571554,152.38,0
218,501.603,"Mount",0.060,0.142,0.099,-0.119,0.155,-0.043,78,W,18,N,,,559173,136.20,0
219,503.803,"Mount",-0.103,0.227,0.249,-0.014,0.221,0.000,112,W,0,,,,571832,146.51,0
220,506.263,"Mount",0.008,0.124,0.107,-0.065,0.178,-0.023,90,W,10,N,,,573413,156.37,0
221,508.460,"Mount",-0.061,0.090,0.108,0.012,0.188,0.000,95,W,0,,,,556455,162.48,0
222,510.828,"Mount",-0.014,0.016,0.020,0.005,0.143,0.000,73,W,0,,,,570656,148.89,0
223,512.989,"Mount",0.019,0.074,0.057,-0.051,0.131,0.000,66,W,0,,,,584859,149.15,0
224,515.436,"Mount",-0.054,0.058,0.077,0.021,0.156,0.000,79,W,0,,,,582673,152.72,0
225,517.602,"Mount",0.017,0.034,0.022,-0.031,0.104,0.000,53,W,0,,,,575698,153.91,0
226,520.046,"Mount",0.066,0.133,0.088,-0.120,0.122,-0.043,62,W,19,N,,,571962,131.77,0
227,522.237,"Mount",-0.078,0.101,0.126,0.023,0.113,0.000,57,W,0,,,,571491,145.33,0
228,524.544,"Mount",-0.020,-0.022,-0.010,0.028,0.041,0.000,21,W,0,,,,567318,154.68,0
229,526.661,"Mount",0.048,0.036,0.010,-0.059,0.031,0.000,16,W,0,,,,571540,140.43,0
230,529.046,"Mount",-0.025,-0.077,-0.057,0.058,-0.008,0.000,4,E,0,,,,559911,142.15,0
231,531.335,"Mount",0.038,0.062,0.038,-0.062,-0.023,-0.022,11,E,10,N,,,571189,140.17,0
232,533.752,"Mount",-0.065,-0.205,-0.152,0.152,-0.097,0.054,49,E,23,S,,,599616,143.48,0
233,535.840,"Mount",0.040,-0.038,-0.052,-0.018,-0.033,0.000,17,E,0,,,,557135,139.23,0
234,538.191,"Mount",-0.017,0.012,0.019,0.010,-0.014,0.000,7,E,0,,,,580118,153.94,0
235,540.296,"Mount",0.082,-0.094,-0.121,-0.029,-0.067,0.000,34,E,0,,,,546716,126.74,0
236,542.639,"Mount",0.064,0.068,0.031,-0.088,-0.006,-0.032,3,E,14,N,,,586300,153.58,0
237,544.744,"Mount",0.033,-0.030,-0.042,-0.015,-0.003,0.000,1,E,0,,,,567182,148.40,0
238,547.038,"Mount",0.018,-0.040,-0.044,0.003,-0.000,0.000,0,,0,,,,583984,160.60,0
239,549.163,"Mount",0.008,0.016,0.010,-0.015,-0.004,0.000,2,E,0,,,,576808,165.11,0
240,551.501,"Mount",-0.052,0.001,0.025,0.045,0.007,0.000,3,W,0,,,,551106,181.52,0
241,553.646,"Mount",-0.032,-0.055,-0.034,0.054,0.032,0.000,16,W,0,,,,571481,159.76,0
242,556.144,"Mount",0.064,0.109,0.068,-0.107,0.089,-0.039,45,W,17,N,,,568312,158.60,0
243,558.389,"Mount",0.120,0.209,0.130,-0.203,0.147,-0.075,74,W,32,N,,,579214,152.88,0
244,560.819,"Mount",-0.145,-0.001,0.066,0.129,0.155,0.044,79,W,19,S,,,563053,160.06,0
245,563.028,"Mount",-0.051,0.117,0.128,-0.008,0.229,0.000,116,W,0,,,,586151,144.05,0
246,565.566,"Mount",-0.128,0.085,0.134,0.075,0.267,0.027,135,W,12,S,,,584232,141.24,0
247,567.903,"Mount",-0.176,0.290,0.339,0.023,0.385,0.000,195,W,0,,,,564937,149.17,0
248,570.464,"Mount",0.031,0.103,0.077,-0.075,0.282,-0.027,143,W,12,N,,,535334,154.01,0
249,572.708,"Mount",-0.090,0.015,0.055,0.074,0.230,0.025,116,W,11,S,,,601629,158.50,0
250,575.205,"Mount",-0.091,0.179,0.201,-0.002,0.327,0.000,165,W,0,,,,556066,146.47,0
251,577.496,"Mount",0.062,0.141,0.097,-0.121,0.235,-0.043,119,W,19,N,,,599100,142.94,0
252,579.990,"Mount",0.117,0.220,0.142,-0.206,0.157,-0.076,80,W,32,N,,,588277,167.02,0
253,582.140,"Mount",-0.090,0.138,0.164,0.016,0.117,0.000,59,W,0,,,,578780,142.27,0
254,584.518,"Mount",-0.170,0.046,0.120,0.129,0.024,0.047,12,W,20,S,,,560588,154.93,0
255,586.680,"Mount",-0.226,0.221,0.300,0.098,0.073,0.037,37,W,16,S,,,579746,153.76,0
256,589.111,"Mount",-0.221,0.252,0.325,0.079,0.097,0.030,49,W,13,S,,,595320,143.39,0
257,591.280,"Mount",-0.180,0.284,0.335,0.028,0.114,0.000,58,W,0,,,,569877,157.96,0
258,593.664,"Mount",-0.115,0.266,0.289,-0.021,0.200,0.000,101,W,0,,,,589014,139.11,0
259,595.831,"Mount",-0.102,0.190,0.216,0.003,0.172,0.000,87,W,0,,,,593784,150.95,0
260,598.267,"Mount",-0.006,0.118,0.108,-0.049,0.202,0.000,102,W,0,,,,562599,137.59,0
261,600.446,"Mount",-0.055,0.021,0.044,0.040,0.152,0.000,77,W,0,,,,536695,136.19,0
262,602.859,"Mount",0.064,0.008,-0.022,-0.060,0.139,-0.022,70,W,9,N,,,543426,136.68,0
263,605.023,"Mount",-0.013,-0.227,-0.196,0.116,0.034,0.041,17,W,18,S,,,597101,151.79,0
264,607.428,"Mount",0.174,-0.363,-0.402,0.013,-0.076,0.000,38,E,0,,,,557888,136.73,0
265,609.723,"Mount",0.074,-0.388,-0.378,0.113,-0.160,0.041,81,E,17,S,,,531626,127.46,0
266,612.126,"Mount",0.134,-0.263,-0.295,0.003,-0.152,0.000,77,E,0,,,,599172,153.92,0
267,614.367,"Mount",0.123,-0.239,-0.269,0.001,-0.252,0.000,127,E,0,,,,576573,137.42,0
268,616.831,"Mount",0.110,-0.177,-0.208,-0.015,-0.248,0.000,125,E,0,,,,587883,138.52,0
269,618.948,"Mount",-0.004,0.111,0.101,-0.048,-0.090,0.000,46,E,0,,,,592580,155.35,0
270,621.352,"Mount",-0.030,0.328,0.305,-0.125,0.003,-0.045,1,W,19,N,,,628963,181.93,0
271,623.487,"Mount",-0.086,0.225,0.239,-0.027,0.058,0.000,29,W,0,,,,569689,135.75,0
272,625.874,"Mount",0.034,0.282,0.235,-0.160,0.069,-0.058,35,W,25,N,,,529630,125.15,0
273,627.953,"Mount",0.009,0.023,0.016,-0.018,0.040,0.000,20,W,0,,,,559898,145.34,0
274,630.278,"Mount",0.005,-0.015,-0.015,0.003,0.055,0.000,28,W,0,,,,606851,156.13,0
INFO: SET LOCK POSITION, new lock pos = 702.023, 836.908
INFO: DITHER by 15.501, 14.474, new lock pos = 682.037, 844.003
INFO: SETTLING STATE CHANGE, Settling started
275,644.008,"Mount",16.492,-5.854,-12.791,-11.944,-12.791,-11.944,6474,E,5109,N,,,551867,135.58,0
276,648.845,"Mount",3.494,-1.240,-2.710,-2.531,-2.710,-2.531,1372,E,1082,N,,,573899,159.39,0
277,651.534,"Mount",1.456,0.311,-0.395,-1.435,-0.178,-0.517,90,E,221,N,,,564401,136.83,0
278,653.947,"Mount",1.288,0.403,-0.236,-1.329,-0.106,-0.499,54,E,213,N,,,573540,141.38,0
279,656.455,"Mount",0.690,0.372,0.013,-0.784,0.006,-0.302,3,W,129,N,,,582933,139.58,0
280,658.706,"Mount",0.403,0.077,-0.117,-0.394,-0.053,-0.154,27,E,66,N,,,568006,144.04,0
281,661.111,"Mount",0.296,0.157,0.003,-0.335,0.001,-0.127,1,W,54,N,,,564925,133.37,0
282,663.341,"Mount",0.283,-0.046,-0.171,-0.230,-0.077,-0.088,39,E,38,N,,,574207,154.54,0
283,665.757,"Mount",0.065,0.230,0.174,-0.164,0.078,-0.062,40,W,27,N,,,542822,160.18,0
284,667.950,"Mount",0.131,-0.030,-0.087,-0.102,-0.039,-0.039,20,E,17,N,,,579398,141.55,0
285,670.442,"Mount",-0.014,0.178,0.164,-0.069,0.074,-0.027,37,W,11,N,,,631943,163.87,0
286,672.668,"Mount",0.211,0.031,-0.069,-0.201,-0.031,-0.074,16,E,31,N,,,567372,156.93,0
287,675.036,"Mount",-0.055,0.223,0.223,-0.054,0.148,0.000,75,W,0,,,,569052,163.25,0
288,677.201,"Mount",-0.053,-0.118,-0.080,0.102,0.011,0.037,6,W,16,S,,,585229,152.52,0
289,679.598,"Mount",0.070,-0.000,-0.032,-0.062,0.044,-0.021,22,W,9,N,,,582303,144.50,0
290,681.760,"Mount",0.171,-0.189,-0.246,-0.065,-0.075,-0.024,38,E,10,N,,,574909,171.28,0
291,684.133,"Mount",-0.081,0.116,0.140,0.018,0.092,0.000,46,W,0,,,,592827,177.31,0
INFO: SETTLING STATE CHANGE, Settling complete
292,686.238,"Mount",0.018,-0.088,-0.086,0.024,-0.020,0.000,10,E,0,,,,564211,153.04,0
Guiding Ends at 2026-05-29 04:25:27

Guiding Begins at 2026-05-29 04:28:01
Equipment Profile = 60mmGuide
Dither = both axes, Dither scale = 1.000, Image noise reduction = none, Guide-frame time lapse = 0, Server enabled
Pixel scale = 3.22 arc-sec/px, Binning = 1, Focal length = 240 mm
Search region = 25 px, Star mass tolerance = 50.0%, Multi-star mode, list size = 12
 Camera = ZWO ASI120MM Mini, gain = 37, full size = 1280 x 960, have dark, dark dur = 2000, no defect map, pixel size = 3.8 um
Exposure = 2000 ms
Mount = iOptron CEM120,70,40,26, GEM, HEM, HAE, HAZ series and SkyHunter Mount (ASCOM), connected, guiding enabled, xAngle = 117.4, xRate = 1.975, yAngle = -152.7, yRate = 2.338, parity = +/+
Norm rates RA = 8.3"/s @ dec 0, Dec = 7.5"/s; ortho.err. = 0.1 deg
X guide algorithm = Predictive PEC, Control gain = 0.450
Prediction gain = 0.750
Minimum move = 0.060
Hyperparameters
	Length scale long range SE kernel = 700.000
	Signal variance long range SE kernel = 20.000
	Length scale periodic kernel = 10.000
	Signal variance periodic kernel = 20.000
	Length scale short range SE kernel = 25.000
	Signal variance short range SE kernel = 10.000
	Period length periodic kernel = 348.000
	FFT called after = 2.000 worm cycles
	Auto-adjust period length = Off
Y guide algorithm = Hysteresis, Hysteresis = 0.100, Aggression = 0.400, Minimum move = 0.060
Backlash comp = disabled, pulse = 100 ms
Max RA duration = 2500, Max DEC duration = 2500, DEC guide mode = Auto
RA Guide Speed = 7.5 a-s/s, Dec Guide Speed = 7.5 a-s/s, Cal Dec = 0.0, Last Cal Issue = None, Timestamp = 7/29/2025 9:33:42 PM
RA = 22.63 hr, Dec = 39.7 deg, Hour angle = -3.33 hr, Pier side = West, Rotator pos = N/A, Alt = 49.2 deg, Az = 64.1 deg
Lock position = 684.768, 838.812, Star position = 684.768, 838.812, HFD = 4.65 px
Frame,Time,mount,dx,dy,RARawDistance,DECRawDistance,RAGuideDistance,DECGuideDistance,RADuration,RADirection,DECDuration,DECDirection,XStep,YStep,StarMass,SNR,ErrorCode
INFO: SETTLING STATE CHANGE, Settling started
1,2.220,"Mount",0.049,-0.112,-0.122,0.008,-0.055,0.000,28,E,0,,,,591811,147.07,0
2,4.629,"Mount",-0.284,0.081,0.202,0.214,0.091,0.077,46,W,33,S,,,569174,160.77,0
3,6.755,"Mount",-0.115,0.228,0.256,-0.003,0.115,0.000,58,W,0,,,,550241,144.79,0
4,9.107,"Mount",-0.035,0.127,0.129,-0.028,0.058,0.000,29,W,0,,,,569887,137.72,0
5,11.212,"Mount",0.065,0.003,-0.027,-0.059,-0.012,0.000,6,E,0,,,,586873,163.94,0
6,13.639,"Mount",-0.208,0.159,0.237,0.112,0.107,0.040,54,W,17,S,,,559787,149.03,0
7,15.769,"Mount",-0.116,0.103,0.145,0.056,0.065,0.000,33,W,0,,,,578802,141.31,0
8,18.209,"Mount",0.033,0.239,0.197,-0.140,0.089,-0.050,45,W,22,N,,,595774,154.84,0
9,20.438,"Mount",0.006,0.243,0.213,-0.118,0.096,-0.044,49,W,19,N,,,581136,149.94,0
INFO: SETTLING STATE CHANGE, Settling complete
10,22.993,"Mount",-0.343,0.482,0.586,0.081,0.263,0.028,133,W,12,S,,,603502,144.32,0
11,25.304,"Mount",-0.269,0.317,0.405,0.093,0.279,0.034,141,W,15,S,,,594003,153.80,0
12,27.785,"Mount",-0.261,0.287,0.374,0.099,0.245,0.037,124,W,16,S,,,550228,130.49,0
13,29.917,"Mount",-0.053,0.136,0.145,-0.016,0.117,0.000,59,W,0,,,,581530,148.41,0
14,32.364,"Mount",-0.104,-0.158,-0.093,0.166,-0.006,0.060,3,E,26,S,,,559063,143.85,0
15,34.433,"Mount",-0.046,0.001,0.022,0.040,0.020,0.000,10,W,0,,,,580451,165.04,0
16,36.756,"Mount",-0.022,0.074,0.076,-0.014,0.044,0.000,22,W,0,,,,590689,174.18,0
17,38.863,"Mount",0.021,-0.129,-0.124,0.041,-0.057,0.000,29,E,0,,,,590239,147.32,0
18,41.275,"Mount",-0.132,0.104,0.153,0.069,0.057,0.025,29,W,11,S,,,574733,136.17,0
19,43.566,"Mount",0.416,-0.097,-0.278,-0.324,-0.148,-0.116,75,E,49,N,,,584706,170.24,0
20,45.967,"Mount",0.026,0.132,0.105,-0.084,0.035,-0.035,17,W,15,N,,,553935,149.37,0
21,48.100,"Mount",-0.050,0.104,0.115,-0.004,0.033,0.000,17,W,0,,,,612854,191.62,0
22,50.373,"Mount",-0.024,0.017,0.027,0.013,-0.019,0.000,9,E,0,,,,572276,159.27,0
23,52.458,"Mount",-0.002,-0.075,-0.066,0.036,-0.041,0.000,21,E,0,,,,558216,169.42,0
24,54.807,"Mount",-0.003,-0.077,-0.067,0.038,-0.028,0.000,14,E,0,,,,562525,140.47,0
25,56.923,"Mount",-0.031,-0.053,-0.033,0.052,0.027,0.000,14,W,0,,,,606849,177.36,0
26,59.352,"Mount",0.021,0.111,0.089,-0.069,0.097,-0.025,49,W,11,N,,,585832,160.87,0
27,61.499,"Mount",-0.000,-0.009,-0.008,0.004,0.090,0.000,45,W,0,,,,615502,158.74,0
28,63.943,"Mount",-0.086,-0.056,-0.010,0.102,0.123,0.037,62,W,16,S,,,555120,138.92,0
29,66.215,"Mount",-0.003,0.016,0.016,-0.004,0.150,0.000,76,W,0,,,,575866,150.55,0
30,68.613,"Mount",-0.035,0.077,0.085,-0.005,0.217,0.000,110,W,0,,,,587641,157.94,0
31,70.777,"Mount",-0.032,-0.045,-0.026,0.049,0.185,0.000,94,W,0,,,,556356,151.33,0
32,73.279,"Mount",0.138,0.175,0.092,-0.203,0.239,-0.073,121,W,31,N,,,577497,168.72,0
33,75.582,"Mount",0.129,0.026,-0.036,-0.127,0.192,-0.049,97,W,21,N,,,578681,165.93,0
34,78.030,"Mount",-0.012,-0.125,-0.106,0.068,0.134,0.023,68,W,10,S,,,571104,161.77,0
35,80.307,"Mount",-0.226,0.001,0.105,0.200,0.207,0.073,105,W,31,S,,,598515,158.68,0
36,82.945,"Mount",-0.495,0.198,0.404,0.348,0.325,0.128,165,W,55,S,,,567561,174.53,0
37,85.270,"Mount",-0.050,0.525,0.489,-0.198,0.345,-0.066,175,W,28,N,,,589850,148.34,0
38,87.820,"Mount",-0.085,0.361,0.360,-0.091,0.319,-0.036,161,W,15,N,,,578050,164.09,0
39,89.999,"Mount",-0.086,0.130,0.155,0.017,0.210,0.000,106,W,0,,,,568430,141.74,0
40,92.481,"Mount",-0.076,0.067,0.094,0.036,0.226,0.000,114,W,0,,,,573677,152.89,0
41,94.708,"Mount",-0.049,-0.075,-0.044,0.078,0.172,0.028,87,W,12,S,,,585928,155.74,0
42,97.143,"Mount",-0.035,0.052,0.062,0.007,0.186,0.000,94,W,0,,,,558334,138.80,0
43,99.419,"Mount",-0.055,-0.056,-0.024,0.075,0.151,0.027,77,W,12,S,,,590199,148.50,0
44,101.866,"Mount",-0.052,-0.054,-0.024,0.071,0.116,0.027,59,W,11,S,,,619638,168.32,0
45,104.011,"Mount",-0.006,-0.147,-0.127,0.074,0.031,0.028,16,W,12,S,,,542619,136.20,0
46,106.444,"Mount",0.304,-0.254,-0.366,-0.153,-0.109,-0.054,55,E,23,N,,,559175,135.74,0
47,108.627,"Mount",0.185,0.061,-0.031,-0.192,0.006,-0.071,3,W,30,N,,,589762,154.12,0
48,111.108,"Mount",0.203,-0.455,-0.497,0.030,-0.249,0.000,126,E,0,,,,568006,147.47,0
49,113.239,"Mount",-0.012,-0.045,-0.034,0.031,-0.058,0.000,30,E,0,,,,607131,170.60,0
50,115.676,"Mount",-0.067,-0.079,-0.039,0.096,-0.078,0.035,40,E,15,S,,,584926,161.87,0
51,117.901,"Mount",-0.210,-0.077,0.028,0.221,-0.081,0.081,41,E,35,S,,,616642,188.76,0
52,120.361,"Mount",0.088,0.003,-0.038,-0.079,-0.088,-0.025,44,E,11,N,,,580715,141.90,0
53,122.451,"Mount",-0.149,0.249,0.290,0.017,0.082,0.000,42,W,0,,,,562926,130.35,0
54,124.786,"Mount",0.074,-0.083,-0.108,-0.028,-0.088,0.000,45,E,0,,,,561343,143.55,0
55,126.874,"Mount",-0.046,0.018,0.037,0.033,-0.010,0.000,5,E,0,,,,604564,142.13,0
56,129.144,"Mount",-0.056,0.001,0.027,0.050,0.015,0.000,7,W,0,,,,564096,141.81,0
57,131.315,"Mount",-0.096,0.021,0.063,0.076,0.041,0.027,21,W,12,S,,,593342,156.83,0
58,133.636,"Mount",-0.065,0.175,0.185,-0.024,0.109,0.000,55,W,0,,,,570181,154.51,0
59,135.788,"Mount",0.066,0.061,0.024,-0.087,0.038,-0.031,19,W,13,N,,,560122,135.96,0
60,138.202,"Mount",-0.021,0.172,0.162,-0.060,0.124,-0.023,63,W,10,N,,,579234,143.72,0
61,140.321,"Mount",-0.027,-0.013,0.001,0.030,0.055,0.000,28,W,0,,,,592477,167.23,0
62,142.718,"Mount",0.060,0.094,0.056,-0.097,0.047,-0.035,24,W,15,N,,,602555,138.99,0
63,144.809,"Mount",0.046,0.035,0.010,-0.057,0.037,0.000,19,W,0,,,,584064,150.80,0
64,147.159,"Mount",0.015,-0.147,-0.138,0.054,-0.041,0.000,21,E,0,,,,553112,147.62,0
65,149.244,"Mount",0.037,-0.041,-0.053,-0.014,0.004,0.000,2,W,0,,,,563965,129.89,0
66,151.567,"Mount",0.021,-0.019,-0.027,-0.010,-0.022,0.000,11,E,0,,,,539753,143.91,0
67,153.701,"Mount",-0.038,0.030,0.044,0.020,-0.036,0.000,18,E,0,,,,566358,140.02,0
68,156.051,"Mount",-0.002,0.022,0.020,-0.008,-0.046,0.000,23,E,0,,,,593868,147.92,0
69,158.200,"Mount",-0.020,-0.086,-0.067,0.057,-0.063,0.000,32,E,0,,,,596896,190.59,0
70,160.534,"Mount",0.036,-0.115,-0.118,0.021,-0.087,0.000,44,E,0,,,,576386,155.82,0
71,162.680,"Mount",0.021,-0.156,-0.149,0.053,-0.096,0.000,48,E,0,,,,617611,149.45,0
72,165.018,"Mount",-0.056,0.071,0.089,0.017,0.018,0.000,9,W,0,,,,594607,165.71,0
73,167.185,"Mount",0.067,0.120,0.075,-0.115,0.018,-0.041,9,W,18,N,,,598786,181.27,0
74,169.513,"Mount",0.022,-0.065,-0.068,0.011,-0.043,0.000,22,E,0,,,,572518,164.68,0
75,171.598,"Mount",0.105,-0.101,-0.138,-0.047,-0.042,0.000,21,E,0,,,,592267,151.59,0
76,174.013,"Mount",-0.228,0.051,0.150,0.178,0.097,0.064,49,W,27,S,,,597230,165.79,0
77,176.166,"Mount",-0.013,0.074,0.071,-0.022,0.070,0.000,36,W,0,,,,593275,151.03,0
78,178.574,"Mount",-0.177,0.069,0.143,0.125,0.096,0.045,48,W,19,S,,,566180,145.39,0
79,180.721,"Mount",-0.106,0.087,0.126,0.054,0.093,0.000,47,W,0,,,,594161,167.47,0
80,183.119,"Mount",-0.049,-0.014,0.010,0.050,0.064,0.000,33,W,0,,,,574178,151.34,0
81,185.292,"Mount",0.046,0.025,0.002,-0.052,0.060,0.000,30,W,0,,,,596015,147.71,0
82,187.727,"Mount",0.027,0.024,0.008,-0.035,0.055,0.000,28,W,0,,,,541022,179.26,0
83,190.030,"Mount",0.070,0.157,0.107,-0.135,0.096,-0.048,49,W,21,N,,,579012,154.67,0
84,192.414,"Mount",-0.059,0.201,0.206,-0.041,0.132,0.000,67,W,0,,,,555367,146.40,0
85,194.519,"Mount",-0.016,0.077,0.076,-0.022,0.061,0.000,31,W,0,,,,583659,170.96,0
86,196.907,"Mount",-0.079,0.092,0.118,0.027,0.110,0.000,56,W,0,,,,633353,154.49,0
87,199.007,"Mount",-0.083,0.038,0.072,0.056,0.074,0.000,38,W,0,,,,602689,165.41,0
88,201.443,"Mount",-0.156,-0.097,-0.015,0.184,0.040,0.066,20,W,28,S,,,602644,190.21,0
89,203.625,"Mount",-0.103,-0.026,0.024,0.103,0.026,0.040,13,W,17,S,,,589462,162.94,0
90,205.995,"Mount",0.034,0.004,-0.012,-0.032,0.011,0.000,6,W,0,,,,592419,150.52,0
91,208.126,"Mount",0.027,-0.034,-0.043,-0.008,-0.005,0.000,3,E,0,,,,597590,153.99,0
92,210.419,"Mount",0.023,-0.012,-0.022,-0.015,-0.020,0.000,10,E,0,,,,572179,173.18,0
93,212.552,"Mount",0.091,-0.048,-0.085,-0.059,-0.094,0.000,48,E,0,,,,581180,148.52,0
94,214.978,"Mount",0.116,-0.178,-0.211,-0.021,-0.169,0.000,85,E,0,,,,568944,137.71,0
95,217.130,"Mount",0.017,-0.054,-0.056,0.010,-0.073,0.000,37,E,0,,,,583384,160.13,0
96,219.544,"Mount",0.082,-0.231,-0.243,0.034,-0.198,0.000,100,E,0,,,,573719,142.79,0
97,221.723,"Mount",0.095,-0.142,-0.170,-0.019,-0.176,0.000,89,E,0,,,,591918,157.51,0
98,224.078,"Mount",0.086,-0.143,-0.167,-0.011,-0.172,0.000,87,E,0,,,,563485,138.75,0
99,226.244,"Mount",-0.033,-0.025,-0.007,0.041,-0.111,0.000,56,E,0,,,,565416,143.89,0
100,228.693,"Mount",0.101,-0.101,-0.136,-0.043,-0.174,0.000,88,E,0,,,,551765,134.93,0
101,230.936,"Mount",0.108,-0.017,-0.065,-0.088,-0.134,-0.032,68,E,13,N,,,566465,160.48,0
102,233.323,"Mount",0.002,-0.083,-0.075,0.036,-0.123,0.000,62,E,0,,,,563679,208.25,0
103,235.467,"Mount",-0.105,0.038,0.082,0.076,-0.038,0.027,19,E,12,S,,,583039,163.79,0
104,237.791,"Mount",-0.046,0.078,0.090,0.005,0.003,0.000,1,W,0,,,,582695,154.92,0
105,239.896,"Mount",-0.057,0.022,0.046,0.040,-0.026,0.000,13,E,0,,,,609452,164.38,0
106,242.278,"Mount",-0.124,0.165,0.204,0.034,0.095,0.000,48,W,0,,,,606128,138.87,0
107,244.428,"Mount",-0.169,0.085,0.153,0.110,0.080,0.040,40,W,17,S,,,584311,155.04,0
108,246.769,"Mount",-0.011,-0.066,-0.053,0.040,0.010,0.000,5,W,0,,,,587326,170.40,0
109,248.904,"Mount",-0.072,0.005,0.038,0.062,0.006,0.022,3,W,10,S,,,597572,177.43,0
110,251.373,"Mount",-0.144,0.110,0.164,0.076,0.076,0.028,39,W,12,S,,,592556,153.56,0
111,253.553,"Mount",-0.109,0.061,0.104,0.069,0.023,0.026,12,W,11,S,,,595372,155.50,0
112,255.939,"Mount",0.021,0.035,0.021,-0.035,-0.042,0.000,21,E,0,,,,576613,138.72,0
113,258.086,"Mount",0.008,-0.088,-0.082,0.034,-0.084,0.000,43,E,0,,,,586410,153.93,0
114,260.472,"Mount",0.135,-0.149,-0.194,-0.051,-0.164,0.000,83,E,0,,,,581054,160.24,0
115,262.735,"Mount",0.096,-0.224,-0.244,0.018,-0.233,0.000,118,E,0,,,,566261,145.38,0
116,265.277,"Mount",0.157,-0.134,-0.191,-0.077,-0.252,-0.028,128,E,12,N,,,596060,152.66,0
117,267.526,"Mount",0.148,-0.189,-0.236,-0.044,-0.317,0.000,161,E,0,,,,601594,161.42,0
118,270.101,"Mount",0.072,-0.157,-0.173,0.009,-0.333,0.000,169,E,0,,,,572436,153.46,0
119,272.394,"Mount",0.141,-0.147,-0.196,-0.057,-0.355,0.000,180,E,0,,,,599047,148.17,0
120,274.838,"Mount",-0.011,0.100,0.094,-0.036,-0.248,0.000,126,E,0,,,,597958,146.15,0
121,277.240,"Mount",-0.028,-0.092,-0.068,0.067,-0.307,0.024,155,E,10,S,,,578380,151.79,0
122,279.751,"Mount",0.064,0.019,-0.013,-0.065,-0.272,-0.023,138,E,10,N,,,601560,149.06,0
123,281.929,"Mount",0.016,0.035,0.024,-0.030,-0.220,0.000,111,E,0,,,,589980,139.17,0
124,284.426,"Mount",-0.107,-0.102,-0.041,0.141,-0.199,0.051,101,E,22,S,,,560099,137.56,0
125,286.670,"Mount",-0.059,-0.053,-0.020,0.077,-0.180,0.030,91,E,13,S,,,579273,155.26,0
126,289.069,"Mount",0.028,-0.107,-0.107,0.025,-0.214,0.000,109,E,0,,,,577827,138.76,0
127,291.283,"Mount",-0.048,-0.050,-0.022,0.065,-0.140,0.023,71,E,10,S,,,550078,133.83,0
128,293.816,"Mount",0.006,-0.236,-0.213,0.104,-0.245,0.038,124,E,16,S,,,566792,137.64,0
129,295.981,"Mount",-0.015,0.025,0.029,0.001,-0.139,0.000,70,E,0,,,,578655,143.73,0
130,298.496,"Mount",0.236,-0.092,-0.190,-0.167,-0.213,-0.060,108,E,26,N,,,593818,151.48,0
131,300.822,"Mount",0.166,-0.146,-0.206,-0.080,-0.225,-0.031,114,E,13,N,,,592719,145.61,0
132,303.331,"Mount",-0.014,-0.249,-0.214,0.127,-0.232,0.045,117,E,19,S,,,605120,143.06,0
133,305.530,"Mount",0.033,-0.051,-0.061,-0.005,-0.162,0.000,82,E,0,,,,572371,142.48,0
134,307.939,"Mount",-0.010,0.040,0.040,-0.010,-0.155,0.000,79,E,0,,,,584549,159.03,0
135,310.087,"Mount",0.029,-0.017,-0.029,-0.018,-0.138,0.000,70,E,0,,,,590550,206.30,0
136,312.377,"Mount",-0.072,0.177,0.190,-0.018,-0.045,0.000,23,E,0,,,,587164,143.62,0
137,314.558,"Mount",0.109,0.158,0.090,-0.170,-0.065,-0.061,33,E,26,N,,,581486,143.39,0
138,316.934,"Mount",-0.036,0.034,0.047,0.016,-0.082,0.000,42,E,0,,,,594006,145.30,0
139,319.036,"Mount",-0.005,0.092,0.084,-0.038,-0.018,0.000,9,E,0,,,,587041,145.37,0
140,321.404,"Mount",-0.085,0.112,0.139,0.024,0.022,0.000,11,W,0,,,,609044,164.94,0
141,323.596,"Mount",-0.023,0.212,0.198,-0.077,0.064,-0.028,32,W,12,N,,,554828,132.63,0
142,325.946,"Mount",-0.136,0.190,0.231,0.033,0.085,0.000,43,W,0,,,,561729,148.37,0
143,328.100,"Mount",-0.116,0.108,0.149,0.053,0.065,0.000,33,W,0,,,,580606,162.25,0
144,330.426,"Mount",-0.071,0.033,0.062,0.048,0.020,0.000,10,W,0,,,,567488,141.43,0
145,332.529,"Mount",0.040,-0.135,-0.138,0.027,-0.057,0.000,29,E,0,,,,600025,148.54,0
146,334.852,"Mount",-0.014,0.024,0.028,0.001,-0.005,0.000,3,E,0,,,,594334,138.88,0
147,337.065,"Mount",-0.049,-0.065,-0.035,0.073,-0.035,0.026,18,E,11,S,,,612681,149.06,0
148,339.434,"Mount",-0.018,-0.119,-0.097,0.070,-0.083,0.026,42,E,11,S,,,557787,154.43,0
149,341.541,"Mount",0.019,0.022,0.010,-0.027,-0.039,0.000,20,E,0,,,,571475,140.34,0
150,343.846,"Mount",-0.037,-0.024,-0.004,0.044,-0.032,0.000,16,E,0,,,,589419,139.39,0
151,345.975,"Mount",0.026,-0.000,-0.012,-0.023,-0.014,0.000,7,E,0,,,,600725,146.21,0
152,348.360,"Mount",-0.005,0.183,0.165,-0.080,0.074,-0.029,38,W,12,N,,,596694,149.52,0
153,350.459,"Mount",-0.061,0.049,0.072,0.032,0.057,0.000,29,W,0,,,,563290,135.43,0
154,352.784,"Mount",-0.029,0.157,0.153,-0.047,0.142,0.000,72,W,0,,,,604528,147.26,0
155,354.918,"Mount",0.031,0.028,0.010,-0.040,0.096,0.000,49,W,0,,,,594422,152.87,0
156,357.372,"Mount",-0.025,0.193,0.183,-0.067,0.214,-0.024,108,W,10,N,,,598179,154.30,0
157,359.570,"Mount",-0.039,-0.003,0.015,0.036,0.151,0.000,76,W,0,,,,577923,151.41,0
158,361.991,"Mount",-0.032,0.082,0.088,-0.010,0.199,0.000,101,W,0,,,,618123,160.04,0
159,364.264,"Mount",-0.115,0.044,0.092,0.082,0.200,0.029,101,W,13,S,,,556547,145.52,0
160,366.665,"Mount",-0.039,-0.039,-0.016,0.053,0.160,0.000,81,W,0,,,,584916,137.22,0
161,368.798,"Mount",0.043,0.036,0.012,-0.054,0.133,0.000,67,W,0,,,,578899,136.08,0
162,371.136,"Mount",0.087,-0.064,-0.097,-0.048,0.072,0.000,37,W,0,,,,599988,165.21,0
163,373.333,"Mount",-0.029,0.145,0.142,-0.041,0.164,0.000,83,W,0,,,,562717,150.19,0
164,375.799,"Mount",-0.161,-0.061,0.019,0.171,0.078,0.062,40,W,26,S,,,592707,141.32,0
165,377.916,"Mount",0.033,0.013,-0.004,-0.035,0.041,0.000,21,W,0,,,,584100,140.33,0
166,380.287,"Mount",0.064,-0.070,-0.091,-0.025,-0.019,0.000,10,E,0,,,,594367,160.81,0
167,382.436,"Mount",0.102,-0.007,-0.053,-0.087,0.007,-0.031,3,W,13,N,,,561264,142.57,0
168,384.949,"Mount",0.002,-0.198,-0.177,0.089,-0.087,0.031,44,E,13,S,,,592710,187.29,0
169,387.133,"Mount",0.154,0.082,0.002,-0.174,-0.004,-0.061,2,E,26,N,,,580784,152.86,0
170,389.423,"Mount",-0.018,-0.017,-0.007,0.024,-0.012,0.000,6,E,0,,,,603829,144.62,0
171,391.617,"Mount",-0.001,-0.211,-0.187,0.098,-0.101,0.035,51,E,15,S,,,598032,180.97,0
172,393.958,"Mount",0.044,-0.108,-0.116,0.011,-0.084,0.000,43,E,0,,,,589119,179.72,0
173,396.110,"Mount",-0.057,-0.028,0.001,0.064,-0.036,0.023,18,E,10,S,,,586619,159.12,0
174,398.416,"Mount",0.002,0.044,0.038,-0.022,-0.043,0.000,22,E,0,,,,619667,167.25,0
175,400.469,"Mount",-0.035,0.043,0.054,0.011,-0.018,0.000,9,E,0,,,,577925,149.53,0
176,402.805,"Mount",-0.032,0.022,0.034,0.019,0.006,0.000,3,W,0,,,,573553,132.50,0
177,404.974,"Mount",0.093,0.104,0.050,-0.131,0.026,-0.047,13,W,20,N,,,572762,147.90,0
178,407.424,"Mount",0.179,0.031,-0.055,-0.173,0.057,-0.064,29,W,27,N,,,599393,149.23,0
179,409.579,"Mount",0.047,-0.064,-0.079,-0.012,0.051,0.000,26,W,0,,,,571434,147.76,0
180,412.057,"Mount",0.122,-0.007,-0.062,-0.105,0.086,-0.038,44,W,16,N,,,593424,148.76,0
181,414.283,"Mount",-0.041,-0.112,-0.081,0.088,0.100,0.030,50,W,13,S,,,581211,151.11,0
182,416.748,"Mount",-0.101,-0.037,0.014,0.107,0.165,0.040,84,W,17,S,,,582578,162.79,0
183,418.933,"Mount",-0.045,-0.130,-0.095,0.100,0.135,0.037,68,W,16,S,,,572642,126.66,0
184,421.425,"Mount",-0.071,0.107,0.127,0.014,0.261,0.000,132,W,0,,,,590821,166.34,0
185,423.605,"Mount",-0.028,0.027,0.037,0.012,0.200,0.000,101,W,0,,,,573438,148.75,0
186,426.087,"Mount",-0.148,0.182,0.230,0.047,0.310,0.000,157,W,0,,,,553871,141.45,0
187,428.331,"Mount",-0.091,0.106,0.136,0.032,0.269,0.000,136,W,0,,,,564256,141.24,0
188,430.797,"Mount",-0.042,0.115,0.122,-0.016,0.252,0.000,128,W,0,,,,558623,136.31,0
189,433.103,"Mount",-0.162,0.156,0.213,0.072,0.285,0.026,144,W,11,S,,,561947,153.90,0
190,435.544,"Mount",-0.092,0.129,0.157,0.022,0.259,0.000,131,W,0,,,,595366,178.41,0
191,437.790,"Mount",-0.116,0.119,0.159,0.048,0.254,0.000,129,W,0,,,,591775,157.02,0
192,440.248,"Mount",-0.043,0.147,0.150,-0.030,0.246,0.000,125,W,0,,,,565487,186.81,0
193,442.489,"Mount",0.084,0.024,-0.017,-0.086,0.163,-0.031,83,W,13,N,,,564768,128.26,0
194,444.840,"Mount",0.026,-0.148,-0.143,0.045,0.085,0.000,43,W,0,,,,585691,172.11,0
195,446.991,"Mount",0.020,-0.056,-0.059,0.008,0.132,0.000,67,W,0,,,,604437,155.15,0
196,449.306,"Mount",0.082,-0.210,-0.224,0.024,0.001,0.000,1,W,0,,,,571906,142.00,0
197,451.438,"Mount",0.120,-0.193,-0.227,-0.017,-0.042,0.000,21,E,0,,,,551481,160.94,0
198,453.776,"Mount",0.048,-0.175,-0.178,0.038,-0.049,0.000,25,E,0,,,,565479,145.88,0
199,455.913,"Mount",0.040,-0.186,-0.184,0.051,-0.080,0.000,41,E,0,,,,558154,133.12,0
200,458.315,"Mount",0.065,-0.231,-0.235,0.049,-0.135,0.000,68,E,0,,,,607952,168.41,0
201,460.435,"Mount",0.068,-0.123,-0.140,-0.003,-0.109,0.000,55,E,0,,,,580349,170.10,0
202,462.820,"Mount",0.032,-0.105,-0.108,0.020,-0.116,0.000,59,E,0,,,,607853,175.34,0
203,464.998,"Mount",0.030,-0.108,-0.109,0.023,-0.120,0.000,61,E,0,,,,582207,150.43,0
204,467.430,"Mount",-0.105,0.035,0.080,0.077,-0.022,0.028,11,E,12,S,,,616712,166.76,0
205,469.554,"Mount",-0.065,0.097,0.116,0.013,0.004,0.000,2,W,0,,,,584846,161.00,0
206,471.972,"Mount",0.080,0.088,0.041,-0.112,-0.024,-0.040,12,E,17,N,,,581745,144.51,0
207,474.067,"Mount",0.043,0.014,-0.007,-0.044,-0.013,0.000,7,E,0,,,,599524,161.29,0
208,476.513,"Mount",0.003,0.245,0.216,-0.116,0.102,-0.042,52,W,18,N,,,600976,159.56,0
209,478.611,"Mount",-0.011,0.040,0.040,-0.009,0.013,0.000,6,W,0,,,,616519,165.93,0
210,481.027,"Mount",-0.098,0.022,0.064,0.077,0.054,0.028,28,W,12,S,,,547849,134.17,0
211,483.162,"Mount",-0.042,0.027,0.043,0.024,0.031,0.000,16,W,0,,,,568372,159.53,0
212,485.477,"Mount",-0.001,-0.020,-0.017,0.010,0.035,0.000,18,W,0,,,,546170,122.47,0
213,487.591,"Mount",0.022,0.030,0.016,-0.033,0.031,0.000,16,W,0,,,,600467,164.48,0
214,489.907,"Mount",-0.011,0.063,0.061,-0.019,0.054,0.000,27,W,0,,,,616300,160.12,0
215,492.012,"Mount",-0.027,-0.044,-0.027,0.044,0.015,0.000,7,W,0,,,,580185,147.62,0
216,494.391,"Mount",-0.034,-0.069,-0.046,0.062,0.002,0.022,1,W,10,S,,,609398,166.95,0
217,496.468,"Mount",0.017,-0.072,-0.071,0.018,-0.039,0.000,20,E,0,,,,570010,157.05,0
218,498.790,"Mount",0.021,-0.132,-0.127,0.043,-0.074,0.000,38,E,0,,,,600120,168.01,0
219,500.892,"Mount",0.018,0.032,0.020,-0.031,-0.026,0.000,13,E,0,,,,613343,159.19,0
220,503.202,"Mount",-0.043,0.129,0.135,-0.021,0.026,0.000,13,W,0,,,,612995,152.45,0
221,505.311,"Mount",0.051,0.121,0.084,-0.101,0.000,-0.036,0,,16,N,,,555552,139.84,0
222,507.678,"Mount",-0.078,-0.013,0.024,0.075,-0.026,0.025,13,E,11,S,,,563379,142.54,0
223,509.749,"Mount",-0.014,-0.008,-0.001,0.016,-0.022,0.000,11,E,0,,,,573941,157.65,0
224,512.116,"Mount",-0.133,0.067,0.121,0.087,0.036,0.031,18,W,13,S,,,561732,145.85,0
225,514.307,"Mount",0.034,0.227,0.186,-0.135,0.073,-0.047,37,W,20,N,,,602107,170.10,0
226,516.613,"Mount",-0.049,-0.027,-0.002,0.056,0.005,0.000,2,W,0,,,,575790,144.37,0
227,518.713,"Mount",0.056,-0.107,-0.120,0.000,-0.040,0.000,20,E,0,,,,558161,165.42,0
228,521.179,"Mount",-0.182,0.072,0.148,0.128,0.093,0.046,47,W,20,S,,,598302,142.90,0
229,523.360,"Mount",-0.041,0.086,0.096,-0.003,0.082,0.000,41,W,0,,,,587774,143.66,0
230,525.719,"Mount",0.040,0.026,0.005,-0.048,0.048,0.000,24,W,0,,,,579211,148.81,0
231,527.923,"Mount",0.082,0.057,0.013,-0.099,0.058,-0.036,29,W,15,N,,,570241,138.40,0
232,530.255,"Mount",0.047,-0.047,-0.064,-0.020,0.039,0.000,20,W,0,,,,594473,146.03,0
233,532.337,"Mount",0.054,-0.156,-0.163,0.024,-0.017,0.000,8,E,0,,,,580552,145.62,0
234,534.741,"Mount",-0.070,-0.012,0.022,0.068,0.061,0.024,31,W,10,S,,,564677,163.08,0
235,536.862,"Mount",-0.002,-0.051,-0.045,0.025,0.049,0.000,25,W,0,,,,602748,146.42,0
236,539.283,"Mount",0.049,0.118,0.082,-0.098,0.086,-0.035,44,W,15,N,,,557118,138.33,0
237,541.495,"Mount",-0.036,-0.064,-0.040,0.062,0.060,0.021,30,W,9,S,,,582336,144.93,0
238,543.800,"Mount",0.039,-0.064,-0.075,-0.005,0.019,0.000,10,W,0,,,,572482,151.60,0
239,545.917,"Mount",0.047,-0.065,-0.079,-0.011,0.003,0.000,2,W,0,,,,593717,169.99,0
240,548.411,"Mount",0.134,-0.038,-0.095,-0.102,-0.007,-0.037,4,E,16,N,,,585044,153.49,0
241,550.715,"Mount",0.288,-0.218,-0.326,-0.155,-0.126,-0.057,64,E,25,N,,,594234,151.47,0
242,553.136,"Mount",0.056,-0.232,-0.232,0.057,-0.122,0.000,62,E,0,,,,579810,147.92,0
243,555.316,"Mount",0.118,-0.015,-0.068,-0.097,-0.069,-0.035,35,E,15,N,,,557799,137.25,0
244,557.721,"Mount",0.094,-0.170,-0.194,-0.005,-0.173,0.000,87,E,0,,,,610501,165.20,0
245,559.886,"Mount",-0.001,-0.077,-0.068,0.036,-0.131,0.000,66,E,0,,,,563367,147.90,0
246,562.344,"Mount",-0.076,-0.131,-0.082,0.128,-0.139,0.046,70,E,20,S,,,558507,150.32,0
247,564.515,"Mount",-0.093,-0.016,0.029,0.090,-0.106,0.034,53,E,15,S,,,591347,155.49,0
248,566.888,"Mount",0.026,0.013,-0.001,-0.029,-0.101,0.000,51,E,0,,,,574051,168.33,0
249,569.054,"Mount",-0.044,-0.038,-0.014,0.056,-0.097,0.000,49,E,0,,,,588772,166.96,0
250,571.443,"Mount",-0.015,-0.076,-0.061,0.049,-0.118,0.000,60,E,0,,,,570459,135.23,0
251,573.591,"Mount",0.007,0.022,0.016,-0.016,-0.081,0.000,41,E,0,,,,574012,148.11,0
252,575.976,"Mount",0.046,-0.140,-0.145,0.024,-0.140,0.000,71,E,0,,,,588015,164.14,0
253,578.217,"Mount",0.170,-0.077,-0.146,-0.115,-0.129,-0.041,66,E,18,N,,,600283,157.58,0
254,580.651,"Mount",0.034,-0.069,-0.077,0.001,-0.087,0.000,44,E,0,,,,591235,165.95,0
255,582.833,"Mount",0.015,-0.029,-0.032,-0.000,-0.038,0.000,19,E,0,,,,600440,144.23,0
256,585.123,"Mount",-0.074,0.055,0.083,0.040,0.014,0.000,7,W,0,,,,603829,155.80,0
257,587.237,"Mount",-0.058,0.060,0.080,0.024,0.020,0.000,10,W,0,,,,602050,167.10,0
258,589.563,"Mount",-0.027,-0.044,-0.027,0.044,-0.007,0.000,4,E,0,,,,600150,143.79,0
259,591.725,"Mount",-0.075,0.003,0.037,0.065,-0.004,0.023,2,E,10,S,,,607065,149.95,0
260,594.014,"Mount",-0.023,0.028,0.036,0.007,-0.003,0.000,1,E,0,,,,608711,166.77,0
261,596.206,"Mount",0.024,0.112,0.088,-0.073,0.040,-0.026,20,W,11,N,,,584590,157.51,0
262,598.477,"Mount",-0.049,0.028,0.047,0.031,-0.018,0.000,9,E,0,,,,586211,139.30,0
263,600.623,"Mount",-0.078,0.140,0.160,0.004,0.044,0.000,22,W,0,,,,595403,140.00,0
264,602.929,"Mount",-0.035,-0.038,-0.017,0.049,-0.044,0.000,22,E,0,,,,611915,152.18,0
265,605.096,"Mount",0.075,-0.146,-0.164,0.001,-0.141,0.000,71,E,0,,,,569331,172.10,0
266,607.543,"Mount",0.010,-0.253,-0.229,0.108,-0.204,0.039,104,E,17,S,,,583746,149.91,0
267,609.771,"Mount",0.013,-0.231,-0.211,0.095,-0.227,0.036,115,E,15,S,,,579808,161.12,0
268,612.246,"Mount",0.033,-0.103,-0.107,0.018,-0.240,0.000,122,E,0,,,,574309,134.64,0
269,614.460,"Mount",-0.021,-0.003,0.007,0.020,-0.213,0.000,108,E,0,,,,539849,129.34,0
270,616.928,"Mount",-0.020,-0.006,0.004,0.021,-0.256,0.000,130,E,0,,,,585278,160.44,0
271,619.159,"Mount",0.073,-0.010,-0.042,-0.060,-0.269,0.000,136,E,0,,,,556715,139.74,0
272,621.615,"Mount",0.012,0.006,-0.000,-0.013,-0.273,0.000,138,E,0,,,,561472,143.63,0
273,623.877,"Mount",0.098,-0.135,-0.165,-0.025,-0.338,0.000,171,E,0,,,,583283,141.93,0
274,626.337,"Mount",0.010,-0.119,-0.110,0.047,-0.312,0.000,158,E,0,,,,580670,148.36,0
275,628.573,"Mount",0.005,-0.070,-0.065,0.027,-0.265,0.000,134,E,0,,,,600865,154.20,0
Guiding Ends at 2026-05-29 04:38:31

Guiding Begins at 2026-05-29 04:39:35
Equipment Profile = 60mmGuide
Dither = both axes, Dither scale = 1.000, Image noise reduction = none, Guide-frame time lapse = 0, Server enabled
Pixel scale = 3.22 arc-sec/px, Binning = 1, Focal length = 240 mm
Search region = 25 px, Star mass tolerance = 50.0%, Multi-star mode, list size = 12
 Camera = ZWO ASI120MM Mini, gain = 37, full size = 1280 x 960, have dark, dark dur = 2000, no defect map, pixel size = 3.8 um
Exposure = 2000 ms
Mount = iOptron CEM120,70,40,26, GEM, HEM, HAE, HAZ series and SkyHunter Mount (ASCOM), connected, guiding enabled, xAngle = 117.4, xRate = 0.480, yAngle = -152.7, yRate = 2.338, parity = +/+
Norm rates RA = 8.3"/s @ dec 0, Dec = 7.5"/s; ortho.err. = 0.1 deg
X guide algorithm = Predictive PEC, Control gain = 0.450
Prediction gain = 0.750
Minimum move = 0.060
Hyperparameters
	Length scale long range SE kernel = 700.000
	Signal variance long range SE kernel = 20.000
	Length scale periodic kernel = 10.000
	Signal variance periodic kernel = 20.000
	Length scale short range SE kernel = 25.000
	Signal variance short range SE kernel = 10.000
	Period length periodic kernel = 348.000
	FFT called after = 2.000 worm cycles
	Auto-adjust period length = Off
Y guide algorithm = Hysteresis, Hysteresis = 0.100, Aggression = 0.400, Minimum move = 0.060
Backlash comp = disabled, pulse = 100 ms
Max RA duration = 2500, Max DEC duration = 2500, DEC guide mode = Auto
RA Guide Speed = 7.5 a-s/s, Dec Guide Speed = 7.5 a-s/s, Cal Dec = 0.0, Last Cal Issue = None, Timestamp = 7/29/2025 9:33:42 PM
RA = 20.92 hr, Dec = 79.2 deg, Hour angle = -1.43 hr, Pier side = West, Rotator pos = N/A, Alt = 41.5 deg, Az = 5.2 deg
Lock position = 1170.835, 188.214, Star position = 1170.835, 188.214, HFD = 5.00 px
Frame,Time,mount,dx,dy,RARawDistance,DECRawDistance,RAGuideDistance,DECGuideDistance,RADuration,RADirection,DECDuration,DECDirection,XStep,YStep,StarMass,SNR,ErrorCode
INFO: SETTLING STATE CHANGE, Settling started
1,2.375,"Mount",-0.166,0.073,0.141,0.113,0.063,0.041,132,W,17,S,,,644629,134.02,0
2,5.170,"Mount",0.110,0.484,0.379,-0.321,0.171,-0.114,355,W,49,N,,,650216,129.33,0
3,7.254,"Mount",0.090,0.074,0.024,-0.114,0.000,-0.046,0,,19,N,,,664038,143.56,0
4,9.528,"Mount",-0.005,0.029,0.027,-0.009,0.000,0.000,0,,0,,,,658183,132.36,0
5,11.589,"Mount",0.017,-0.055,-0.056,0.010,0.000,0.000,0,,0,,,,668213,123.25,0
6,13.972,"Mount",0.022,0.086,0.066,-0.059,0.030,0.000,62,W,0,,,,668141,151.61,0
7,16.014,"Mount",0.029,0.052,0.033,-0.049,0.000,0.000,0,,0,,,,680630,149.43,0
8,18.535,"Mount",0.128,0.201,0.119,-0.206,0.054,-0.074,112,W,32,N,,,632537,124.53,0
9,21.035,"Mount",-0.053,0.341,0.327,-0.110,0.147,-0.043,306,W,18,N,,,678507,135.92,0
INFO: SETTLING STATE CHANGE, Settling complete
10,23.301,"Mount",0.061,-0.021,-0.047,-0.044,0.000,0.000,0,,0,,,,695889,142.34,0
11,25.460,"Mount",0.170,0.147,0.052,-0.219,0.004,-0.079,8,W,34,N,,,656464,132.77,0
12,30.328,"Mount",-1.790,3.081,3.559,0.165,1.454,0.056,2500,W,24,S,,,650662,128.69,0
13,33.326,"Mount",0.443,-0.561,-0.702,-0.134,-0.274,-0.046,571,E,20,N,,,686022,135.31,0
14,35.823,"Mount",0.467,-0.580,-0.730,-0.147,-0.169,-0.055,352,E,23,N,,,652590,147.52,0
15,38.715,"Mount",0.223,-0.387,-0.446,-0.019,-0.269,0.000,560,E,0,,,,598057,115.58,0
16,41.332,"Mount",0.072,-0.302,-0.301,0.076,-0.219,0.027,457,E,12,S,,,689356,143.54,0
17,44.032,"Mount",-0.050,0.422,0.397,-0.150,0.138,-0.053,287,W,23,N,,,659634,128.53,0
18,46.587,"Mount",-0.100,0.362,0.367,-0.078,0.182,-0.030,378,W,13,N,,,661107,123.64,0
19,49.113,"Mount",-0.106,-0.064,-0.008,0.124,0.058,0.043,120,W,19,S,,,669123,138.74,0
20,51.403,"Mount",0.002,0.101,0.089,-0.048,0.088,0.000,184,W,0,,,,660339,141.83,0
21,53.791,"Mount",0.006,-0.079,-0.073,0.031,0.024,0.000,51,W,0,,,,656367,142.44,0
22,55.988,"Mount",-0.004,0.115,0.104,-0.050,0.038,0.000,80,W,0,,,,671632,123.55,0
23,58.418,"Mount",0.068,0.077,0.036,-0.096,-0.015,-0.035,31,E,15,N,,,641728,133.62,0
24,60.584,"Mount",0.107,0.106,0.045,-0.144,-0.020,-0.053,42,E,23,N,,,626110,120.39,0
25,62.962,"Mount",-0.056,0.068,0.086,0.019,0.009,0.000,19,W,0,,,,603137,114.20,0
26,65.285,"Mount",0.050,0.052,0.023,-0.069,-0.027,-0.025,57,E,11,N,,,705034,154.13,0
27,67.779,"Mount",-0.113,0.067,0.111,0.069,0.040,0.024,83,W,10,S,,,658778,125.44,0
28,69.916,"Mount",0.067,0.096,0.054,-0.104,-0.003,-0.036,6,E,16,N,,,669965,129.93,0
29,72.328,"Mount",0.094,0.033,-0.014,-0.098,0.020,-0.037,42,W,16,N,,,674235,125.14,0
30,74.661,"Mount",0.103,0.237,0.162,-0.201,0.092,-0.074,191,W,32,N,,,661531,144.56,0
31,77.099,"Mount",-0.082,-0.107,-0.058,0.122,0.023,0.041,47,W,18,S,,,654128,148.66,0
32,79.558,"Mount",-0.278,0.036,0.160,0.230,0.094,0.084,195,W,36,S,,,675854,130.61,0
33,81.924,"Mount",0.121,-0.011,-0.065,-0.102,-0.011,-0.033,24,E,14,N,,,708426,133.36,0
34,84.040,"Mount",0.043,0.038,0.014,-0.055,0.013,0.000,28,W,0,,,,678241,143.24,0
35,86.408,"Mount",0.108,0.076,0.018,-0.131,0.002,-0.047,4,W,20,N,,,641637,127.16,0
36,88.494,"Mount",-0.098,-0.003,0.043,0.089,0.000,0.030,0,,13,S,,,638605,137.67,0
37,90.839,"Mount",0.054,0.020,-0.007,-0.057,-0.006,0.000,12,E,0,,,,659687,151.15,0
38,92.983,"Mount",0.034,-0.079,-0.086,0.006,-0.042,0.000,87,E,0,,,,662082,134.67,0
39,95.413,"Mount",0.034,-0.116,-0.119,0.023,-0.055,0.000,115,E,0,,,,666229,139.02,0
40,97.571,"Mount",0.028,-0.065,-0.070,0.005,-0.031,0.000,65,E,0,,,,685283,138.40,0
41,99.936,"Mount",-0.129,-0.082,-0.014,0.152,0.002,0.055,3,W,23,S,,,709443,154.56,0
42,102.207,"Mount",0.131,-0.172,-0.213,-0.036,-0.084,0.000,175,E,0,,,,681456,141.56,0
43,104.683,"Mount",0.320,0.238,0.064,-0.394,0.035,-0.142,73,W,61,N,,,683014,154.36,0
44,106.912,"Mount",-0.037,-0.106,-0.077,0.082,-0.029,0.024,61,E,10,S,,,636540,135.33,0
45,109.470,"Mount",-0.173,-0.218,-0.114,0.254,-0.037,0.093,78,E,40,S,,,674691,149.27,0
46,111.646,"Mount",0.109,0.063,0.006,-0.126,0.011,-0.042,22,W,18,N,,,643260,123.78,0
47,114.155,"Mount",-0.139,0.086,0.140,0.084,0.069,0.028,144,W,12,S,,,633953,115.97,0
48,116.381,"Mount",-0.047,-0.096,-0.063,0.086,-0.023,0.032,49,E,14,S,,,644893,129.37,0
49,118.807,"Mount",0.090,0.083,0.032,-0.118,0.003,-0.041,6,W,18,N,,,696437,131.35,0
50,121.007,"Mount",-0.062,-0.019,0.011,0.064,0.009,0.021,19,W,9,S,,,681067,122.91,0
51,123.483,"Mount",-0.110,0.118,0.155,0.043,0.075,0.000,157,W,0,,,,649596,120.90,0
52,125.728,"Mount",0.072,-0.002,-0.035,-0.063,0.013,-0.023,26,W,10,N,,,672019,140.48,0
53,128.223,"Mount",0.111,-0.143,-0.178,-0.033,-0.061,0.000,126,E,0,,,,633732,123.85,0
54,130.350,"Mount",-0.028,-0.055,-0.036,0.050,0.011,0.000,23,W,0,,,,694333,140.99,0
55,132.723,"Mount",0.065,-0.052,-0.076,-0.034,-0.041,0.000,86,E,0,,,,635581,136.35,0
56,134.870,"Mount",0.081,-0.052,-0.083,-0.048,-0.041,0.000,84,E,0,,,,651880,128.41,0
57,137.290,"Mount",0.090,0.031,-0.014,-0.094,0.008,-0.034,16,W,14,N,,,676517,143.68,0
58,139.411,"Mount",0.006,-0.037,-0.036,0.012,0.010,0.000,21,W,0,,,,691897,127.69,0
59,141.902,"Mount",0.134,-0.069,-0.123,-0.087,-0.042,-0.031,86,E,13,N,,,659676,130.15,0
60,144.201,"Mount",0.021,-0.201,-0.188,0.074,-0.066,0.026,137,E,11,S,,,688279,150.25,0
61,146.638,"Mount",0.059,-0.154,-0.164,0.019,-0.070,0.000,146,E,0,,,,673707,154.79,0
62,148.932,"Mount",0.106,-0.145,-0.178,-0.027,-0.075,0.000,157,E,0,,,,679207,126.27,0
63,151.582,"Mount",0.233,-0.130,-0.222,-0.146,-0.110,-0.053,229,E,23,N,,,685621,129.14,0
64,154.000,"Mount",0.203,-0.226,-0.294,-0.075,-0.139,-0.029,289,E,12,N,,,641798,137.40,0
65,156.512,"Mount",-0.071,-0.130,-0.083,0.123,-0.057,0.043,118,E,18,S,,,677454,138.92,0
66,158.854,"Mount",-0.005,-0.165,-0.145,0.081,-0.079,0.031,164,E,13,S,,,644103,132.10,0
67,161.398,"Mount",-0.176,-0.193,-0.090,0.245,-0.046,0.089,95,E,38,S,,,657781,136.48,0
68,163.466,"Mount",0.034,0.011,-0.006,-0.035,-0.001,0.000,1,E,0,,,,673828,139.24,0
69,165.928,"Mount",0.142,0.165,0.080,-0.202,0.049,-0.073,103,W,31,N,,,630559,122.57,0
70,168.174,"Mount",0.171,0.024,-0.058,-0.163,0.024,-0.062,49,W,26,N,,,653334,127.81,0
71,170.588,"Mount",0.020,-0.169,-0.159,0.060,-0.035,0.019,72,E,8,S,,,646701,128.05,0
72,172.864,"Mount",0.230,-0.117,-0.210,-0.150,-0.055,-0.053,115,E,23,N,,,640900,120.18,0
73,175.405,"Mount",0.044,-0.247,-0.240,0.075,-0.066,0.025,137,E,11,S,,,667576,123.22,0
74,177.887,"Mount",0.201,-0.348,-0.402,-0.017,-0.182,0.000,380,E,0,,,,679913,139.59,0
75,180.329,"Mount",0.024,-0.132,-0.129,0.039,-0.072,0.000,150,E,0,,,,665940,124.97,0
76,182.540,"Mount",0.071,0.031,-0.005,-0.078,-0.036,-0.028,75,E,12,N,,,655391,132.40,0
77,184.912,"Mount",-0.035,0.015,0.029,0.024,-0.036,0.000,76,E,0,,,,668424,136.72,0
78,187.185,"Mount",0.176,-0.065,-0.139,-0.126,-0.045,-0.045,93,E,19,N,,,650183,132.85,0
79,189.521,"Mount",0.002,-0.098,-0.088,0.043,-0.015,0.000,31,E,0,,,,655911,120.97,0
80,191.761,"Mount",-0.005,-0.127,-0.110,0.064,-0.036,0.023,75,E,10,S,,,657989,133.35,0
81,194.115,"Mount",0.003,-0.023,-0.022,0.008,0.017,0.000,36,W,0,,,,658909,138.11,0
82,196.355,"Mount",0.074,-0.119,-0.140,-0.011,-0.059,0.000,122,E,0,,,,654327,122.37,0
83,198.773,"Mount",0.065,-0.112,-0.129,-0.006,-0.050,0.000,105,E,0,,,,644321,130.53,0
84,201.084,"Mount",0.229,-0.019,-0.122,-0.194,-0.059,-0.070,122,E,30,N,,,701765,150.96,0
85,203.517,"Mount",0.135,-0.002,-0.064,-0.119,-0.033,-0.046,68,E,20,N,,,693171,131.06,0
86,205.726,"Mount",-0.175,-0.160,-0.061,0.229,-0.030,0.081,62,E,34,S,,,666828,117.63,0
87,208.156,"Mount",-0.137,-0.044,0.025,0.142,-0.011,0.054,23,E,23,S,,,690395,129.62,0
88,210.339,"Mount",0.059,-0.035,-0.058,-0.036,-0.008,0.000,16,E,0,,,,652177,148.07,0
89,212.757,"Mount",-0.088,-0.012,0.030,0.084,0.021,0.030,44,W,13,S,,,698311,136.43,0
90,214.954,"Mount",0.139,0.031,-0.037,-0.138,0.025,-0.048,53,W,21,N,,,679279,136.48,0
91,217.307,"Mount",0.032,-0.043,-0.053,-0.009,0.018,0.000,38,W,0,,,,656478,133.74,0
92,219.442,"Mount",0.033,-0.084,-0.090,0.009,-0.017,0.000,36,E,0,,,,684387,141.48,0
93,221.876,"Mount",0.060,-0.084,-0.103,-0.014,-0.043,0.000,89,E,0,,,,647136,140.32,0
94,224.084,"Mount",-0.017,0.098,0.095,-0.030,0.039,0.000,81,W,0,,,,661673,130.05,0
95,226.513,"Mount",-0.087,-0.014,0.027,0.084,-0.005,0.030,11,E,13,S,,,663396,130.31,0
96,228.774,"Mount",0.028,0.090,0.067,-0.066,0.025,-0.023,52,W,10,N,,,678654,138.19,0
97,231.221,"Mount",-0.036,-0.078,-0.053,0.068,0.022,0.023,46,W,10,S,,,709519,145.48,0
98,233.491,"Mount",-0.058,-0.166,-0.121,0.128,-0.025,0.047,52,E,20,S,,,689944,142.27,0
99,235.943,"Mount",0.204,0.174,0.060,-0.261,0.028,-0.092,58,W,39,N,,,618520,126.32,0
100,238.593,"Mount",-0.429,0.397,0.550,0.197,0.233,0.067,484,W,29,S,,,649904,113.39,0
101,240.883,"Mount",0.022,-0.028,-0.035,-0.006,0.003,0.000,7,W,0,,,,654525,144.00,0
102,243.130,"Mount",-0.047,-0.044,-0.017,0.062,0.024,0.022,50,W,10,S,,,657334,126.95,0
103,245.498,"Mount",-0.016,-0.002,0.005,0.015,0.027,0.000,56,W,0,,,,651243,138.90,0
104,247.634,"Mount",-0.037,0.050,0.061,0.009,0.022,0.000,47,W,0,,,,666265,123.60,0
105,250.071,"Mount",0.258,0.103,-0.027,-0.277,-0.005,-0.100,11,E,43,N,,,667470,127.35,0
106,252.165,"Mount",-0.023,-0.011,0.001,0.026,0.007,0.000,15,W,0,,,,662935,158.08,0
107,254.472,"Mount",-0.049,-0.013,0.011,0.049,0.008,0.000,18,W,0,,,,669283,129.52,0
108,256.752,"Mount",-0.116,-0.238,-0.158,0.213,-0.059,0.077,122,E,33,S,,,661607,148.85,0
109,259.085,"Mount",0.038,0.003,-0.015,-0.036,0.009,0.000,20,W,0,,,,667652,125.36,0
110,261.175,"Mount",0.002,0.063,0.055,-0.031,0.004,0.000,8,W,0,,,,633278,139.72,0
111,263.514,"Mount",-0.026,-0.013,0.000,0.029,0.004,0.000,9,W,0,,,,651811,134.49,0
112,265.695,"Mount",0.000,-0.102,-0.090,0.047,-0.022,0.000,46,E,0,,,,645376,134.18,0
113,268.252,"Mount",0.309,-0.050,-0.187,-0.251,-0.062,-0.090,129,E,39,N,,,662217,127.25,0
114,270.443,"Mount",-0.046,-0.101,-0.068,0.088,-0.013,0.028,27,E,12,S,,,664468,140.46,0
115,272.884,"Mount",0.007,0.012,0.007,-0.011,-0.023,0.000,47,E,0,,,,646365,133.66,0
116,275.075,"Mount",0.146,0.155,0.070,-0.201,0.005,-0.072,10,W,31,N,,,659905,138.39,0
117,277.453,"Mount",-0.179,-0.050,0.038,0.182,-0.008,0.062,16,E,27,S,,,665091,153.78,0
118,279.810,"Mount",-0.451,-0.025,0.185,0.412,0.071,0.151,147,W,65,S,,,629108,127.20,0
119,282.188,"Mount",0.084,-0.033,-0.068,-0.059,-0.027,0.000,56,E,0,,,,659803,125.78,0
120,284.532,"Mount",0.071,0.224,0.166,-0.166,0.073,-0.060,152,W,26,N,,,657523,130.49,0
121,286.945,"Mount",0.230,0.085,-0.030,-0.243,-0.003,-0.090,7,E,38,N,,,664938,133.49,0
122,289.081,"Mount",-0.008,-0.036,-0.028,0.024,-0.008,0.000,16,E,0,,,,645763,131.87,0
123,291.478,"Mount",0.054,0.074,0.041,-0.081,-0.009,-0.029,18,E,13,N,,,683562,139.49,0
124,293.910,"Mount",-0.069,0.372,0.361,-0.111,0.138,-0.041,288,W,18,N,,,677458,136.72,0
125,296.246,"Mount",-0.011,-0.053,-0.042,0.034,-0.018,0.000,38,E,0,,,,695892,147.47,0
126,298.438,"Mount",0.095,0.049,0.000,-0.107,-0.024,-0.038,50,E,16,N,,,664697,138.31,0
127,301.150,"Mount",-0.441,0.118,0.307,0.337,0.132,0.120,274,W,51,S,,,648725,120.33,0
128,303.696,"Mount",-0.486,0.180,0.383,0.348,0.159,0.130,332,W,56,S,,,676577,156.80,0
129,306.160,"Mount",0.011,0.112,0.094,-0.062,0.037,-0.017,76,W,7,N,,,677006,151.79,0
130,308.383,"Mount",0.481,0.301,0.045,-0.566,0.000,-0.204,1,W,87,N,,,589462,121.87,0
131,310.813,"Mount",-0.047,0.125,0.133,-0.016,0.059,0.000,123,W,0,,,,590489,125.71,0
132,313.028,"Mount",0.016,0.106,0.087,-0.063,0.022,-0.023,46,W,10,N,,,605605,128.03,0
133,315.414,"Mount",-0.094,-0.009,0.035,0.088,-0.007,0.031,15,E,13,S,,,605976,131.31,0
134,317.740,"Mount",-0.050,0.174,0.177,-0.036,0.103,0.000,214,W,0,,,,609429,131.03,0
135,320.325,"Mount",-0.085,0.028,0.064,0.063,0.072,0.023,150,W,10,S,,,653621,173.46,0
136,322.520,"Mount",0.031,0.013,-0.002,-0.033,0.072,0.000,149,W,0,,,,636506,132.63,0
137,324.939,"Mount",0.019,-0.070,-0.071,0.016,0.058,0.000,121,W,0,,,,632318,127.50,0
138,327.161,"Mount",0.215,-0.198,-0.275,-0.099,-0.050,-0.036,104,E,15,N,,,632590,137.37,0
139,329.544,"Mount",0.059,-0.096,-0.113,-0.008,0.023,0.000,49,W,0,,,,628484,149.02,0
140,331.769,"Mount",0.050,-0.147,-0.154,0.024,-0.050,0.000,103,E,0,,,,628919,137.45,0
141,336.338,"Mount",0.183,0.023,-0.064,-0.173,-0.028,-0.062,59,E,27,N,,,616356,137.44,0
142,338.662,"Mount",0.031,0.012,-0.004,-0.033,-0.018,0.000,38,E,0,,,,634845,124.81,0
143,341.026,"Mount",0.034,-0.210,-0.202,0.067,-0.110,0.024,229,E,10,S,,,626386,126.39,0
144,343.445,"Mount",0.021,-0.008,-0.017,-0.015,-0.036,0.000,75,E,0,,,,562566,118.67,0
145,345.703,"Mount",-0.093,0.020,0.061,0.074,-0.014,0.026,29,E,11,S,,,622426,142.33,0
146,348.055,"Mount",0.026,-0.026,-0.035,-0.012,-0.033,0.000,68,E,0,,,,633684,127.76,0
147,350.566,"Mount",-0.360,0.246,0.385,0.206,0.144,0.074,300,W,32,S,,,614560,147.22,0
148,353.018,"Mount",0.136,0.099,0.025,-0.166,0.019,-0.057,40,W,24,N,,,566503,134.49,0
149,355.182,"Mount",0.149,-0.023,-0.089,-0.122,0.006,-0.046,13,W,20,N,,,567902,133.75,0
150,357.566,"Mount",0.159,-0.147,-0.204,-0.073,-0.002,-0.028,4,E,12,N,,,599475,119.17,0
151,359.778,"Mount",0.100,-0.092,-0.127,-0.047,0.045,0.000,94,W,0,,,,583653,117.09,0
152,362.209,"Mount",-0.035,-0.181,-0.145,0.114,0.013,0.041,26,W,18,S,,,619578,121.89,0
153,364.449,"Mount",-0.067,0.014,0.043,0.053,0.072,0.000,149,W,0,,,,600257,125.36,0
154,366.926,"Mount",0.185,0.027,-0.061,-0.177,0.014,-0.064,28,W,27,N,,,604120,126.38,0
155,369.081,"Mount",-0.050,0.007,0.029,0.041,0.020,0.000,42,W,0,,,,617757,123.72,0
156,371.370,"Mount",-0.055,0.014,0.038,0.042,-0.002,0.000,4,E,0,,,,614902,129.67,0
157,373.698,"Mount",0.122,-0.071,-0.119,-0.075,-0.072,-0.027,150,E,12,N,,,613381,131.89,0
158,376.273,"Mount",0.142,-0.158,-0.206,-0.053,-0.121,0.000,252,E,0,,,,595435,141.29,0
159,378.503,"Mount",-0.081,-0.059,-0.015,0.099,-0.041,0.036,84,E,15,S,,,591559,131.43,0
160,381.240,"Mount",-0.071,-0.327,-0.257,0.214,-0.154,0.078,321,E,33,S,,,606879,128.13,0
161,383.540,"Mount",-0.010,-0.079,-0.065,0.046,-0.057,0.000,120,E,0,,,,635399,145.32,0
162,385.959,"Mount",0.059,-0.070,-0.089,-0.020,-0.049,0.000,103,E,0,,,,595395,139.69,0
163,388.312,"Mount",-0.016,0.184,0.170,-0.071,0.096,-0.025,200,W,11,N,,,623275,130.85,0
164,390.746,"Mount",-0.030,0.049,0.058,0.004,0.046,0.000,95,W,0,,,,575711,127.59,0
165,393.025,"Mount",0.069,-0.027,-0.056,-0.049,0.080,0.000,167,W,0,,,,614569,127.19,0
166,395.613,"Mount",0.198,0.065,-0.034,-0.205,0.086,-0.074,179,W,32,N,,,626096,133.42,0
167,397.771,"Mount",0.065,-0.170,-0.181,0.021,-0.027,0.000,57,E,0,,,,620429,134.00,0
168,400.314,"Mount",0.030,-0.323,-0.300,0.123,-0.092,0.044,191,E,19,S,,,610623,127.55,0
169,402.553,"Mount",-0.028,-0.121,-0.094,0.080,-0.055,0.031,114,E,13,S,,,611458,124.38,0
170,404.999,"Mount",-0.192,-0.114,-0.013,0.223,-0.029,0.082,60,E,35,S,,,568170,121.81,0
171,407.223,"Mount",0.080,0.122,0.071,-0.127,-0.023,-0.043,47,E,18,N,,,595384,127.50,0
172,409.746,"Mount",0.093,0.362,0.279,-0.250,0.064,-0.092,133,W,39,N,,,586202,120.82,0
173,411.897,"Mount",0.035,-0.042,-0.053,-0.012,-0.022,0.000,45,E,0,,,,617952,115.12,0
174,414.235,"Mount",-0.021,-0.028,-0.015,0.032,-0.011,0.000,22,E,0,,,,648230,152.50,0
175,416.585,"Mount",-0.125,0.110,0.155,0.060,0.094,0.022,196,W,9,S,,,585413,113.11,0
176,418.968,"Mount",-0.061,-0.111,-0.070,0.105,0.013,0.039,28,W,17,S,,,623415,132.91,0
177,421.148,"Mount",-0.061,-0.010,0.019,0.059,0.052,0.000,108,W,0,,,,620092,145.86,0
178,423.668,"Mount",0.205,0.079,-0.024,-0.219,0.060,-0.079,124,W,34,N,,,586459,132.90,0
179,425.912,"Mount",-0.100,-0.005,0.041,0.091,0.036,0.030,74,W,13,S,,,599171,144.48,0
180,428.313,"Mount",-0.110,-0.141,-0.075,0.162,-0.001,0.060,3,E,26,S,,,627093,120.07,0
181,430.427,"Mount",-0.025,-0.032,-0.017,0.037,0.020,0.000,41,W,0,,,,569280,109.43,0
182,432.835,"Mount",0.020,-0.111,-0.108,0.034,-0.049,0.000,101,E,0,,,,644034,147.26,0
183,435.305,"Mount",0.247,-0.231,-0.319,-0.112,-0.150,-0.040,312,E,17,N,,,605138,116.54,0
184,437.831,"Mount",-0.108,-0.149,-0.083,0.165,-0.077,0.058,160,E,25,S,,,583017,117.95,0
185,440.056,"Mount",-0.109,-0.037,0.017,0.114,-0.044,0.043,92,E,18,S,,,637737,127.84,0
186,442.548,"Mount",0.150,0.124,0.041,-0.191,-0.050,-0.067,105,E,29,N,,,609174,130.88,0
187,444.746,"Mount",-0.040,0.015,0.032,0.028,-0.046,0.000,97,E,0,,,,635610,154.35,0
188,447.193,"Mount",0.059,-0.082,-0.100,-0.014,-0.059,0.000,122,E,0,,,,600515,116.77,0
189,449.309,"Mount",-0.001,-0.011,-0.009,0.006,-0.007,0.000,14,E,0,,,,603706,126.66,0
190,451.953,"Mount",-0.225,0.113,0.204,0.148,0.090,0.053,188,W,23,S,,,610360,140.45,0
191,454.091,"Mount",0.030,-0.020,-0.032,-0.018,0.010,0.000,22,W,0,,,,598358,145.38,0
192,456.747,"Mount",0.113,-0.375,-0.385,0.073,-0.142,0.026,296,E,11,S,,,606257,125.19,0
193,459.001,"Mount",0.123,-0.004,-0.060,-0.107,0.029,-0.038,60,W,16,N,,,618453,131.37,0
194,461.529,"Mount",0.158,-0.041,-0.109,-0.122,-0.055,-0.045,115,E,19,N,,,620155,136.02,0
195,463.759,"Mount",-0.165,-0.014,0.064,0.153,0.023,0.053,48,W,23,S,,,605654,125.70,0
196,466.275,"Mount",0.187,0.018,-0.070,-0.174,-0.037,-0.060,77,E,26,N,,,589122,124.11,0
197,468.423,"Mount",-0.065,0.034,0.061,0.042,0.022,0.000,45,W,0,,,,628951,142.79,0
198,470.744,"Mount",0.019,0.075,0.058,-0.052,0.006,0.000,13,W,0,,,,636882,119.80,0
199,472.956,"Mount",0.024,-0.068,-0.072,0.010,-0.025,0.000,52,E,0,,,,639791,123.44,0
200,475.249,"Mount",0.052,-0.027,-0.048,-0.034,0.005,0.000,10,W,0,,,,625816,150.57,0
201,477.508,"Mount",0.176,-0.015,-0.094,-0.149,-0.039,-0.054,82,E,23,N,,,640639,144.12,0
202,479.910,"Mount",-0.035,-0.099,-0.072,0.077,-0.034,0.026,71,E,11,S,,,621137,132.59,0
203,482.217,"Mount",0.104,-0.058,-0.100,-0.066,-0.064,-0.023,134,E,10,N,,,600088,128.73,0
204,484.612,"Mount",0.061,-0.037,-0.061,-0.037,-0.057,0.000,119,E,0,,,,653166,133.64,0
205,486.916,"Mount",0.032,-0.124,-0.124,0.029,-0.097,0.000,201,E,0,,,,631230,135.03,0
206,489.602,"Mount",0.209,-0.162,-0.240,-0.111,-0.156,-0.040,325,E,17,N,,,618235,118.39,0
207,491.884,"Mount",0.051,-0.054,-0.071,-0.021,-0.093,0.000,193,E,0,,,,651597,125.70,0
208,494.412,"Mount",-0.129,-0.105,-0.033,0.163,-0.061,0.059,128,E,25,S,,,599331,131.67,0
209,496.685,"Mount",0.025,-0.104,-0.104,0.026,-0.109,0.000,227,E,0,,,,645860,141.54,0
210,499.117,"Mount",0.029,0.056,0.036,-0.051,-0.057,0.000,119,E,0,,,,631285,135.86,0
211,501.455,"Mount",-0.026,-0.117,-0.092,0.077,-0.073,0.028,152,E,12,S,,,619745,128.74,0
212,503.934,"Mount",-0.223,-0.001,0.102,0.199,0.023,0.073,48,W,31,S,,,653566,137.89,0
213,506.053,"Mount",0.057,0.003,-0.023,-0.052,-0.004,0.000,9,E,0,,,,651944,148.22,0
214,508.397,"Mount",0.106,0.087,0.028,-0.134,0.004,-0.048,8,W,21,N,,,662349,155.02,0
215,510.545,"Mount",0.108,0.006,-0.045,-0.099,0.009,-0.037,18,W,16,N,,,624141,132.47,0
216,512.881,"Mount",0.034,-0.026,-0.039,-0.018,0.011,0.000,24,W,0,,,,636263,138.43,0
217,515.125,"Mount",-0.123,-0.240,-0.156,0.220,-0.058,0.079,120,E,34,S,,,663570,138.16,0
218,517.713,"Mount",-0.052,-0.208,-0.160,0.142,-0.076,0.054,157,E,23,S,,,588368,108.32,0
219,520.020,"Mount",0.078,-0.231,-0.241,0.038,-0.115,0.000,240,E,0,,,,628084,142.93,0
220,522.409,"Mount",-0.116,0.027,0.077,0.090,-0.003,0.032,6,E,14,S,,,648017,144.66,0
221,524.560,"Mount",-0.032,0.040,0.051,0.010,-0.037,0.000,76,E,0,,,,659545,141.99,0
222,527.528,"Mount",0.428,-0.256,-0.424,-0.262,-0.234,-0.094,487,E,40,N,,,634311,120.66,0
223,529.834,"Mount",0.104,0.040,-0.012,-0.110,-0.054,-0.043,112,E,19,N,,,595152,117.50,0
224,532.343,"Mount",0.064,0.069,0.031,-0.089,-0.058,-0.034,122,E,14,N,,,634877,138.34,0
225,534.600,"Mount",-0.196,-0.050,0.046,0.197,-0.054,0.070,111,E,30,S,,,635313,126.20,0
226,536.947,"Mount",-0.016,-0.007,0.002,0.018,-0.027,0.000,57,E,0,,,,641780,128.65,0
227,539.131,"Mount",0.029,0.064,0.044,-0.055,-0.020,0.000,43,E,0,,,,652402,131.95,0
228,541.543,"Mount",0.036,0.099,0.071,-0.078,0.020,-0.028,41,W,12,N,,,625836,135.19,0
229,543.725,"Mount",0.071,0.121,0.075,-0.119,0.027,-0.044,57,W,19,N,,,672565,143.68,0
230,546.045,"Mount",-0.002,0.053,0.048,-0.023,-0.000,0.000,1,E,0,,,,670258,154.72,0
231,548.149,"Mount",0.038,0.019,-0.001,-0.043,0.004,0.000,9,W,0,,,,635473,133.54,0
232,550.534,"Mount",0.124,0.035,-0.026,-0.127,0.009,-0.046,19,W,20,N,,,598341,115.48,0
233,552.717,"Mount",0.066,-0.049,-0.074,-0.036,-0.024,0.000,50,E,0,,,,658462,124.22,0
234,555.084,"Mount",-0.108,-0.037,0.017,0.113,0.011,0.041,24,W,17,S,,,648986,121.53,0
235,557.269,"Mount",-0.120,-0.032,0.027,0.121,-0.002,0.045,3,E,19,S,,,613026,127.76,0
236,559.664,"Mount",0.072,-0.046,-0.074,-0.042,-0.033,0.000,69,E,0,,,,686348,150.88,0
237,561.794,"Mount",0.031,-0.021,-0.033,-0.018,0.000,0.000,1,W,0,,,,621012,130.59,0
238,564.247,"Mount",-0.019,-0.108,-0.087,0.066,-0.038,0.024,79,E,10,S,,,640950,134.02,0
239,566.568,"Mount",0.048,-0.200,-0.199,0.050,-0.100,0.000,208,E,0,,,,652651,138.38,0
240,568.901,"Mount",0.003,0.034,0.028,-0.018,-0.012,0.000,24,E,0,,,,621364,120.34,0
241,571.143,"Mount",0.070,-0.072,-0.096,-0.028,-0.062,0.000,129,E,0,,,,686567,136.73,0
242,573.594,"Mount",0.083,-0.102,-0.128,-0.027,-0.074,0.000,154,E,0,,,,632663,125.75,0
243,575.774,"Mount",0.068,0.052,0.015,-0.084,-0.008,-0.030,16,E,13,N,,,656602,151.68,0
244,578.129,"Mount",0.146,0.097,0.019,-0.175,-0.004,-0.064,8,E,27,N,,,592166,111.64,0
245,580.374,"Mount",-0.020,0.147,0.140,-0.050,0.062,0.000,129,W,0,,,,632609,136.21,0
246,582.776,"Mount",-0.110,-0.007,0.045,0.100,0.003,0.036,6,W,15,S,,,615177,116.63,0
247,585.086,"Mount",-0.018,0.180,0.168,-0.067,0.081,-0.023,169,W,10,N,,,621333,134.28,0
248,587.571,"Mount",-0.077,0.074,0.101,0.034,0.077,0.000,161,W,0,,,,608368,122.86,0
249,589.889,"Mount",-0.119,0.112,0.154,0.054,0.104,0.000,216,W,0,,,,604864,124.05,0
250,592.572,"Mount",0.016,0.241,0.206,-0.125,0.142,-0.045,296,W,19,N,,,635446,117.91,0
251,594.848,"Mount",-0.078,0.018,0.052,0.061,0.051,0.020,107,W,9,S,,,615675,117.87,0
252,597.314,"Mount",-0.095,-0.132,-0.074,0.146,0.025,0.053,53,W,23,S,,,642850,131.46,0
253,599.629,"Mount",-0.240,-0.173,-0.044,0.293,0.053,0.107,110,W,46,S,,,668616,140.79,0
254,602.204,"Mount",0.407,-0.007,-0.193,-0.358,-0.067,-0.125,140,E,53,N,,,618853,124.25,0
255,604.592,"Mount",0.244,-0.123,-0.221,-0.159,-0.086,-0.062,179,E,27,N,,,617906,123.41,0
256,607.150,"Mount",-0.082,-0.186,-0.127,0.159,-0.077,0.055,161,E,23,S,,,641332,130.12,0
257,609.389,"Mount",0.014,-0.105,-0.099,0.036,-0.071,0.000,148,E,0,,,,655574,138.97,0
258,611.775,"Mount",-0.006,0.061,0.057,-0.023,-0.044,0.000,92,E,0,,,,627020,135.75,0
259,613.969,"Mount",-0.019,-0.005,0.005,0.019,-0.046,0.000,96,E,0,,,,589210,122.18,0
260,616.464,"Mount",-0.071,-0.038,-0.002,0.080,-0.028,0.029,58,E,12,S,,,658457,134.68,0
261,618.706,"Mount",0.286,0.125,-0.021,-0.311,-0.025,-0.111,53,E,47,N,,,615478,136.58,0
262,621.009,"Mount",0.030,-0.018,-0.029,-0.018,-0.011,0.000,23,E,0,,,,631388,141.89,0
263,623.264,"Mount",-0.160,0.027,0.098,0.129,0.039,0.046,82,W,20,S,,,620343,130.60,0
264,625.648,"Mount",-0.077,-0.023,0.015,0.079,0.005,0.030,10,W,13,S,,,620778,140.12,0
265,627.863,"Mount",-0.087,-0.021,0.022,0.087,0.021,0.032,44,W,14,S,,,639436,118.20,0
266,630.532,"Mount",-0.222,0.131,0.219,0.136,0.131,0.050,272,W,22,S,,,666164,130.30,0
267,632.760,"Mount",0.211,0.040,-0.062,-0.205,0.022,-0.072,46,W,31,N,,,644017,138.42,0
268,635.271,"Mount",-0.074,-0.120,-0.072,0.121,0.026,0.041,54,W,17,S,,,676023,143.43,0
269,637.455,"Mount",0.169,-0.041,-0.114,-0.132,0.004,-0.046,9,W,20,N,,,663514,133.16,0
270,639.903,"Mount",-0.080,-0.100,-0.052,0.117,0.057,0.040,118,W,17,S,,,616464,121.10,0
271,642.102,"Mount",-0.136,-0.137,-0.059,0.184,0.026,0.068,55,W,29,S,,,643728,129.70,0
272,644.459,"Mount",0.098,-0.035,-0.076,-0.070,-0.012,-0.023,26,E,10,N,,,670021,152.80,0
273,646.619,"Mount",0.179,0.127,0.030,-0.218,0.009,-0.079,18,W,34,N,,,644773,140.70,0
274,649.019,"Mount",0.052,-0.105,-0.117,0.002,-0.050,0.000,104,E,0,,,,604140,110.89,0
INFO: SET LOCK POSITION, new lock pos = 1170.835, 188.214
INFO: DITHER by 1.338, -12.160, new lock pos = 1181.014, 195.002
INFO: SETTLING STATE CHANGE, Settling started
275,659.176,"Mount",-10.178,-6.787,-1.338,12.160,-1.338,12.160,2785,E,5201,S,,,662723,132.76,0
276,661.800,"Mount",1.029,0.620,0.076,-1.199,0.034,-0.432,72,W,185,N,,,637535,127.84,0
277,664.201,"Mount",0.230,0.305,0.165,-0.345,0.074,-0.142,154,W,61,N,,,666627,157.48,0
278,666.682,"Mount",-0.610,-0.350,-0.030,0.703,-0.013,0.247,28,E,106,S,,,657654,128.62,0
279,668.967,"Mount",-0.189,0.039,0.121,0.150,0.055,0.064,114,W,27,S,,,656773,137.70,0
280,671.395,"Mount",0.143,0.109,0.031,-0.177,0.014,-0.061,29,W,26,N,,,651108,130.22,0
281,673.633,"Mount",0.132,-0.021,-0.080,-0.107,-0.036,-0.041,75,E,18,N,,,623041,118.45,0
282,676.025,"Mount",0.086,0.035,-0.008,-0.092,-0.004,-0.035,8,E,15,N,,,683623,153.84,0
283,678.224,"Mount",0.023,0.064,0.046,-0.049,0.021,0.000,43,W,0,,,,672464,142.73,0
284,680.809,"Mount",0.028,0.278,0.234,-0.154,0.105,-0.055,219,W,24,N,,,608059,118.07,0
285,683.020,"Mount",0.097,-0.083,-0.119,-0.048,-0.053,0.000,111,E,0,,,,660507,138.66,0
286,685.371,"Mount",-0.068,0.113,0.132,0.008,0.018,0.000,38,W,0,,,,643662,139.03,0
287,687.608,"Mount",-0.086,-0.104,-0.053,0.125,-0.043,0.045,89,E,19,S,,,628847,127.12,0
288,690.071,"Mount",-0.178,-0.053,0.035,0.182,-0.048,0.067,101,E,29,S,,,649861,144.61,0
INFO: SETTLING STATE CHANGE, Settling complete
289,692.313,"Mount",0.133,0.217,0.131,-0.218,0.019,-0.076,39,W,32,N,,,658477,166.81,0
290,694.806,"Mount",0.114,-0.093,-0.135,-0.058,-0.094,0.000,196,E,0,,,,629668,126.81,0
291,696.977,"Mount",-0.214,-0.063,0.043,0.219,-0.014,0.079,29,E,34,S,,,659844,148.32,0
292,699.496,"Mount",0.246,0.006,-0.108,-0.221,-0.038,-0.076,79,E,33,N,,,612316,122.84,0
293,701.679,"Mount",0.070,-0.024,-0.054,-0.051,0.038,0.000,78,W,0,,,,685136,143.35,0
294,704.078,"Mount",0.288,-0.028,-0.157,-0.242,-0.005,-0.087,11,E,37,N,,,654684,142.54,0
295,706.301,"Mount",-0.005,-0.136,-0.118,0.067,0.030,0.021,63,W,9,S,,,625769,133.39,0
296,708.669,"Mount",0.013,-0.132,-0.123,0.049,0.041,0.000,86,W,0,,,,645986,121.27,0
297,710.813,"Mount",0.006,-0.125,-0.113,0.052,0.040,0.000,83,W,0,,,,641920,140.11,0
298,713.269,"Mount",-0.068,-0.197,-0.144,0.152,0.015,0.055,31,W,23,S,,,662814,146.00,0
299,715.484,"Mount",-0.040,-0.197,-0.156,0.126,-0.018,0.048,38,E,20,S,,,642625,139.81,0
300,717.842,"Mount",0.081,-0.102,-0.128,-0.024,-0.034,0.000,71,E,0,,,,670939,156.05,0
301,720.078,"Mount",0.129,-0.129,-0.174,-0.055,-0.084,0.000,176,E,0,,,,639486,143.01,0
302,722.432,"Mount",0.007,-0.033,-0.033,0.009,-0.027,0.000,57,E,0,,,,646908,140.69,0
303,724.828,"Mount",0.258,0.019,-0.102,-0.238,-0.088,-0.086,183,E,37,N,,,639072,118.43,0
304,727.363,"Mount",0.058,-0.046,-0.067,-0.030,-0.071,0.000,148,E,0,,,,665456,139.77,0
305,729.592,"Mount",-0.100,-0.061,-0.008,0.117,-0.032,0.042,67,E,18,S,,,603579,119.43,0
306,731.945,"Mount",-0.010,-0.063,-0.051,0.038,-0.008,0.000,18,E,0,,,,688004,156.42,0
307,734.060,"Mount",0.002,0.034,0.030,-0.018,0.020,0.000,41,W,0,,,,640675,130.02,0
308,736.377,"Mount",0.079,-0.030,-0.063,-0.056,0.012,0.000,26,W,0,,,,683154,148.91,0
309,738.655,"Mount",0.255,-0.140,-0.242,-0.161,-0.059,-0.058,123,E,25,N,,,660278,137.48,0
310,741.168,"Mount",0.050,-0.231,-0.228,0.062,-0.039,0.020,82,E,9,S,,,653895,126.70,0
311,743.317,"Mount",0.049,-0.167,-0.171,0.033,-0.026,0.000,54,E,0,,,,681843,140.81,0
312,745.779,"Mount",-0.009,-0.114,-0.097,0.060,-0.040,0.022,84,E,9,S,,,641323,125.36,0
313,747.945,"Mount",-0.089,-0.021,0.022,0.089,-0.011,0.033,23,E,14,S,,,647439,131.28,0
314,750.283,"Mount",-0.059,0.088,0.105,0.012,0.005,0.000,11,W,0,,,,628750,129.28,0
315,752.624,"Mount",-0.225,0.172,0.256,0.120,0.079,0.043,164,W,19,S,,,645448,145.42,0
316,755.072,"Mount",-0.065,0.107,0.125,0.008,0.075,0.000,157,W,0,,,,648264,127.71,0
317,757.379,"Mount",-0.181,0.032,0.112,0.145,0.077,0.052,160,W,22,S,,,653621,135.11,0
318,759.877,"Mount",0.013,0.096,0.079,-0.056,0.084,0.000,175,W,0,,,,644682,145.16,0
319,762.311,"Mount",0.001,0.188,0.166,-0.088,0.129,-0.032,268,W,14,N,,,657700,130.50,0
320,764.713,"Mount",0.114,-0.010,-0.061,-0.096,0.024,-0.036,51,W,15,N,,,652271,127.27,0
321,766.939,"Mount",0.027,0.004,-0.009,-0.026,0.050,0.000,104,W,0,,,,668900,137.49,0
322,769.309,"Mount",0.033,-0.142,-0.141,0.036,-0.020,0.000,41,E,0,,,,670965,125.53,0
323,771.467,"Mount",0.049,-0.122,-0.131,0.013,-0.031,0.000,64,E,0,,,,617876,132.02,0
324,773.833,"Mount",0.105,-0.088,-0.126,-0.053,-0.036,0.000,74,E,0,,,,657221,127.63,0
325,776.202,"Mount",0.097,-0.274,-0.287,0.041,-0.144,0.000,300,E,0,,,,618139,118.83,0
326,778.636,"Mount",-0.162,-0.093,-0.008,0.187,-0.030,0.067,63,E,29,S,,,659302,123.87,0
327,780.836,"Mount",0.020,0.077,0.059,-0.053,-0.055,0.000,114,E,0,,,,687059,139.04,0
328,783.360,"Mount",-0.113,-0.022,0.033,0.110,-0.065,0.040,135,E,17,S,,,682366,152.94,0
329,785.588,"Mount",0.246,0.240,0.099,-0.329,0.002,-0.117,5,W,50,N,,,655200,132.00,0
330,788.287,"Mount",-0.067,-0.200,-0.146,0.152,-0.111,0.050,231,E,21,S,,,666267,136.20,0
331,790.457,"Mount",0.151,0.209,0.116,-0.230,0.017,-0.081,36,W,35,N,,,629056,125.89,0
332,792.921,"Mount",0.177,0.066,-0.023,-0.187,-0.031,-0.071,65,E,30,N,,,711815,133.93,0
333,795.058,"Mount",-0.039,0.057,0.068,0.009,0.001,0.000,2,W,0,,,,661760,146.67,0
334,797.585,"Mount",-0.025,-0.154,-0.125,0.093,-0.079,0.033,164,E,14,S,,,636246,120.23,0
335,799.940,"Mount",-0.000,-0.173,-0.153,0.080,-0.083,0.030,174,E,13,S,,,644210,131.00,0
336,802.378,"Mount",-0.062,0.038,0.062,0.038,0.024,0.000,49,W,0,,,,686344,134.40,0
337,804.625,"Mount",-0.153,0.011,0.080,0.131,0.025,0.047,52,W,20,S,,,628850,128.03,0
338,807.025,"Mount",0.009,0.097,0.082,-0.053,0.032,0.000,67,W,0,,,,630722,128.79,0
339,809.132,"Mount",0.021,-0.045,-0.050,0.003,-0.002,0.000,4,E,0,,,,636623,140.27,0
340,811.485,"Mount",0.009,0.040,0.032,-0.026,0.017,0.000,36,W,0,,,,653171,138.00,0
341,813.715,"Mount",0.118,0.081,0.018,-0.143,0.016,-0.051,33,W,22,N,,,668914,141.79,0
342,816.115,"Mount",0.080,0.073,0.027,-0.105,0.009,-0.040,18,W,17,N,,,634742,144.79,0
343,818.469,"Mount",0.145,-0.145,-0.196,-0.062,-0.085,-0.024,178,E,10,N,,,633415,127.17,0
344,820.962,"Mount",-0.072,-0.053,-0.014,0.088,-0.013,0.031,28,E,13,S,,,647017,129.38,0
345,823.115,"Mount",0.051,-0.013,-0.035,-0.040,-0.022,0.000,46,E,0,,,,656577,135.52,0
346,825.628,"Mount",0.046,0.022,-0.002,-0.051,-0.048,0.000,99,E,0,,,,646131,117.76,0
347,827.861,"Mount",-0.057,0.024,0.048,0.039,-0.058,0.000,122,E,0,,,,650034,125.54,0
348,830.290,"Mount",-0.033,-0.015,0.002,0.036,-0.063,0.000,130,E,0,,,,629741,125.70,0
349,832.504,"Mount",-0.013,-0.041,-0.030,0.031,-0.069,0.000,145,E,0,,,,641142,140.97,0
350,835.020,"Mount",-0.102,-0.106,-0.047,0.139,-0.071,0.050,147,E,21,S,,,664135,123.99,0
351,837.279,"Mount",-0.088,0.031,0.068,0.063,-0.042,0.025,87,E,11,S,,,665121,141.44,0
352,839.664,"Mount",-0.081,0.189,0.205,-0.016,0.017,0.000,35,W,0,,,,688736,140.44,0
353,841.937,"Mount",0.036,0.010,-0.008,-0.037,-0.065,0.000,136,E,0,,,,668752,130.86,0
354,844.382,"Mount",-0.038,-0.036,-0.014,0.050,-0.058,0.000,121,E,0,,,,681669,140.85,0
355,846.484,"Mount",0.037,0.022,0.002,-0.042,-0.027,0.000,57,E,0,,,,622674,130.17,0
356,848.775,"Mount",0.042,0.040,0.016,-0.056,-0.013,0.000,27,E,0,,,,667428,136.95,0
357,851.083,"Mount",0.100,-0.160,-0.188,-0.015,-0.097,0.000,202,E,0,,,,657861,142.69,0
358,853.578,"Mount",0.118,-0.111,-0.153,-0.053,-0.077,0.000,161,E,0,,,,671290,138.69,0
359,855.821,"Mount",0.085,-0.058,-0.091,-0.048,-0.067,0.000,140,E,0,,,,648411,131.12,0
360,858.379,"Mount",0.078,-0.169,-0.186,0.009,-0.115,0.000,239,E,0,,,,625645,124.70,0
361,860.647,"Mount",0.007,-0.135,-0.123,0.056,-0.109,0.000,227,E,0,,,,658263,139.47,0
362,863.076,"Mount",0.053,-0.011,-0.034,-0.042,-0.063,0.000,131,E,0,,,,695885,152.44,0
363,865.319,"Mount",-0.026,0.028,0.037,0.011,-0.076,0.000,158,E,0,,,,655506,131.83,0
364,867.874,"Mount",0.093,0.063,0.013,-0.112,-0.083,-0.040,173,E,17,N,,,674340,147.42,0
365,870.132,"Mount",0.060,0.083,0.046,-0.091,-0.062,-0.034,129,E,15,N,,,659935,128.37,0
366,872.537,"Mount",0.032,0.026,0.008,-0.041,-0.061,0.000,127,E,0,,,,645757,119.33,0
367,874.770,"Mount",-0.044,-0.003,0.018,0.041,-0.043,0.000,90,E,0,,,,647819,123.96,0
368,877.202,"Mount",0.020,0.181,0.152,-0.101,0.030,-0.036,63,W,16,N,,,681420,142.85,0
369,879.334,"Mount",-0.187,-0.021,0.068,0.175,0.000,0.062,0,,26,S,,,636938,153.36,0
370,881.690,"Mount",-0.078,0.058,0.088,0.043,0.015,0.000,31,W,0,,,,643587,136.81,0
371,883.966,"Mount",-0.133,0.078,0.130,0.082,0.041,0.030,86,W,13,S,,,643864,127.17,0
372,886.331,"Mount",0.019,0.082,0.064,-0.055,0.025,0.000,53,W,0,,,,624642,117.32,0
373,888.403,"Mount",0.009,0.024,0.017,-0.019,0.002,0.000,4,W,0,,,,633160,133.84,0
374,890.787,"Mount",0.160,0.040,-0.038,-0.160,0.003,-0.058,7,W,25,N,,,640712,134.97,0
375,892.929,"Mount",0.083,-0.005,-0.042,-0.071,0.007,-0.028,14,W,12,N,,,662874,128.12,0
376,895.401,"Mount",0.090,-0.025,-0.064,-0.068,-0.036,-0.026,75,E,11,N,,,629181,133.84,0
377,897.657,"Mount",-0.047,-0.095,-0.063,0.086,-0.036,0.030,75,E,13,S,,,642061,138.92,0
378,899.995,"Mount",0.055,-0.021,-0.044,-0.039,-0.022,0.000,45,E,0,,,,644092,141.55,0
379,902.215,"Mount",-0.007,-0.098,-0.083,0.052,-0.063,0.000,131,E,0,,,,679162,164.95,0
380,904.597,"Mount",0.002,-0.055,-0.050,0.023,-0.037,0.000,78,E,0,,,,643393,147.42,0
381,907.045,"Mount",0.174,0.002,-0.078,-0.155,-0.076,-0.056,158,E,24,N,,,624018,134.94,0
382,909.523,"Mount",-0.190,-0.155,-0.050,0.240,-0.048,0.084,101,E,36,S,,,651487,138.48,0
383,911.703,"Mount",-0.287,-0.022,0.113,0.265,0.008,0.099,17,W,42,S,,,654862,135.40,0
384,914.040,"Mount",-0.020,0.108,0.105,-0.032,0.006,0.000,13,W,0,,,,631747,127.68,0
385,916.316,"Mount",0.251,0.015,-0.102,-0.230,-0.056,-0.083,117,E,35,N,,,669032,141.23,0
386,918.855,"Mount",0.084,0.207,0.145,-0.170,0.067,-0.065,139,W,28,N,,,658245,124.01,0
387,921.162,"Mount",-0.120,0.045,0.095,0.086,0.056,0.028,117,W,12,S,,,655114,158.12,0
388,923.595,"Mount",-0.081,0.027,0.062,0.059,0.057,0.000,118,W,0,,,,632676,146.62,0
389,925.744,"Mount",0.029,-0.150,-0.146,0.043,-0.015,0.000,32,E,0,,,,602137,116.61,0
390,928.178,"Mount",0.130,-0.027,-0.084,-0.103,0.023,-0.037,48,W,16,N,,,637467,132.44,0
391,930.531,"Mount",-0.133,0.056,0.110,0.092,0.091,0.032,190,W,14,S,,,645847,132.93,0
392,932.963,"Mount",0.015,0.023,0.013,-0.024,0.045,0.000,94,W,0,,,,632533,142.31,0
393,935.190,"Mount",-0.086,-0.069,-0.021,0.108,0.035,0.039,72,W,17,S,,,619272,130.11,0
394,937.649,"Mount",-0.043,-0.064,-0.037,0.067,0.029,0.026,59,W,11,S,,,640664,139.02,0
395,939.768,"Mount",-0.006,-0.037,-0.030,0.023,0.015,0.000,32,W,0,,,,642845,157.22,0
396,942.156,"Mount",0.092,-0.047,-0.084,-0.060,-0.033,0.000,69,E,0,,,,638330,137.09,0
397,944.402,"Mount",-0.110,0.053,0.098,0.073,0.039,0.026,82,W,11,S,,,623365,127.86,0
398,946.837,"Mount",0.156,0.052,-0.026,-0.162,-0.015,-0.057,32,E,24,N,,,652893,136.57,0
399,949.128,"Mount",0.122,0.096,0.029,-0.152,-0.024,-0.057,49,E,24,N,,,655082,142.28,0
400,951.545,"Mount",-0.125,0.052,0.104,0.087,0.027,0.029,57,W,12,S,,,667953,135.33,0
401,953.650,"Mount",0.017,0.050,0.037,-0.038,-0.019,0.000,41,E,0,,,,596272,128.06,0
402,956.083,"Mount",-0.110,0.024,0.072,0.087,0.023,0.031,49,W,13,S,,,689459,174.43,0
403,958.207,"Mount",-0.057,0.019,0.043,0.042,-0.006,0.000,13,E,0,,,,648415,124.92,0
404,960.561,"Mount",0.093,-0.007,-0.048,-0.079,-0.001,-0.028,2,E,12,N,,,663543,129.94,0
405,962.663,"Mount",0.010,-0.059,-0.057,0.018,0.004,0.000,8,W,0,,,,638461,135.44,0
406,965.036,"Mount",0.041,-0.092,-0.100,0.006,-0.044,0.000,91,E,0,,,,623731,138.66,0
407,967.157,"Mount",0.012,-0.007,-0.012,-0.008,0.005,0.000,10,W,0,,,,673750,148.28,0
408,969.735,"Mount",-0.035,-0.215,-0.174,0.130,-0.079,0.047,165,E,20,S,,,642796,153.39,0
409,971.963,"Mount",0.098,-0.101,-0.135,-0.040,-0.058,0.000,120,E,0,,,,630969,120.37,0
410,974.408,"Mount",0.214,0.111,-0.000,-0.241,0.010,-0.087,20,W,37,N,,,607888,141.24,0
411,976.615,"Mount",-0.105,-0.095,-0.036,0.137,0.003,0.046,6,W,20,S,,,629004,131.34,0
412,978.999,"Mount",-0.135,-0.064,0.006,0.149,0.008,0.055,17,W,24,S,,,632533,123.99,0
413,981.105,"Mount",-0.011,-0.041,-0.031,0.029,0.020,0.000,42,W,0,,,,644769,137.76,0
414,983.425,"Mount",0.075,-0.053,-0.081,-0.042,-0.015,0.000,30,E,0,,,,623598,131.53,0
415,985.746,"Mount",0.075,0.182,0.127,-0.151,0.082,-0.054,172,W,23,N,,,638582,135.26,0
416,988.206,"Mount",-0.103,-0.010,0.038,0.096,0.026,0.032,55,W,14,S,,,685686,151.13,0
417,990.607,"Mount",0.020,0.212,0.179,-0.116,0.107,-0.040,222,W,17,N,,,613604,118.46,0
418,993.034,"Mount",0.079,0.072,0.027,-0.103,0.022,-0.039,47,W,17,N,,,634225,131.18,0
419,995.203,"Mount",-0.100,-0.032,0.017,0.103,0.023,0.036,47,W,15,S,,,635481,144.21,0
420,997.704,"Mount",-0.038,0.082,0.090,-0.004,0.059,0.000,123,W,0,,,,648817,142.66,0
421,999.817,"Mount",0.032,0.068,0.046,-0.060,0.010,0.000,20,W,0,,,,590791,132.91,0
Guiding Ends at 2026-05-29 04:56:17

Guiding Begins at 2026-05-29 04:57:25
Equipment Profile = 60mmGuide
Dither = both axes, Dither scale = 1.000, Image noise reduction = none, Guide-frame time lapse = 0, Server enabled
Pixel scale = 3.22 arc-sec/px, Binning = 1, Focal length = 240 mm
Search region = 25 px, Star mass tolerance = 50.0%, Multi-star mode, list size = 12
 Camera = ZWO ASI120MM Mini, gain = 37, full size = 1280 x 960, have dark, dark dur = 2000, no defect map, pixel size = 3.8 um
Exposure = 2000 ms
Mount = iOptron CEM120,70,40,26, GEM, HEM, HAE, HAZ series and SkyHunter Mount (ASCOM), connected, guiding enabled, xAngle = 117.4, xRate = 2.017, yAngle = -152.7, yRate = 2.338, parity = +/+
Norm rates RA = 8.3"/s @ dec 0, Dec = 7.5"/s; ortho.err. = 0.1 deg
X guide algorithm = Predictive PEC, Control gain = 0.450
Prediction gain = 0.750
Minimum move = 0.060
Hyperparameters
	Length scale long range SE kernel = 700.000
	Signal variance long range SE kernel = 20.000
	Length scale periodic kernel = 10.000
	Signal variance periodic kernel = 20.000
	Length scale short range SE kernel = 25.000
	Signal variance short range SE kernel = 10.000
	Period length periodic kernel = 348.000
	FFT called after = 2.000 worm cycles
	Auto-adjust period length = Off
Y guide algorithm = Hysteresis, Hysteresis = 0.100, Aggression = 0.400, Minimum move = 0.060
Backlash comp = disabled, pulse = 100 ms
Max RA duration = 2500, Max DEC duration = 2500, DEC guide mode = Auto
RA Guide Speed = 7.5 a-s/s, Dec Guide Speed = 7.5 a-s/s, Cal Dec = 0.0, Last Cal Issue = None, Timestamp = 7/29/2025 9:33:42 PM
RA = 22.75 hr, Dec = 38.2 deg, Hour angle = -2.96 hr, Pier side = West, Rotator pos = N/A, Alt = 53.4 deg, Az = 66.9 deg
Lock position = 131.092, 495.576, Star position = 131.092, 495.576, HFD = 4.85 px
Frame,Time,mount,dx,dy,RARawDistance,DECRawDistance,RAGuideDistance,DECGuideDistance,RADuration,RADirection,DECDuration,DECDirection,XStep,YStep,StarMass,SNR,ErrorCode
INFO: SETTLING STATE CHANGE, Settling started
1,2.202,"Mount",0.087,0.051,0.005,-0.100,0.000,-0.036,0,,15,N,,,333977,137.97,0
2,4.763,"Mount",0.105,-0.449,-0.447,0.114,-0.201,0.040,100,E,17,S,,,300554,115.72,0
3,7.134,"Mount",0.083,-0.440,-0.429,0.130,-0.193,0.048,96,E,21,S,,,327601,142.94,0
4,9.585,"Mount",0.267,-0.395,-0.474,-0.055,-0.213,0.000,106,E,0,,,,318216,141.47,0
5,11.864,"Mount",0.052,-0.488,-0.457,0.179,-0.206,0.064,102,E,28,S,,,330411,143.49,0
6,14.360,"Mount",0.091,-0.458,-0.448,0.130,-0.202,0.050,100,E,21,S,,,341342,129.38,0
7,16.480,"Mount",0.048,-0.180,-0.182,0.041,-0.082,0.000,41,E,0,,,,336488,143.85,0
8,18.914,"Mount",-0.024,-0.205,-0.171,0.116,-0.077,0.042,38,E,18,S,,,329765,132.93,0
9,21.267,"Mount",0.081,-0.321,-0.322,0.076,-0.145,0.029,72,E,12,S,,,339747,136.46,0
INFO: SETTLING STATE CHANGE, Settling complete
10,23.669,"Mount",0.021,-0.272,-0.251,0.107,-0.113,0.040,56,E,17,S,,,333163,143.05,0
11,25.765,"Mount",-0.081,-0.057,-0.014,0.099,0.001,0.037,0,,16,S,,,325025,121.64,0
12,28.190,"Mount",0.094,-0.373,-0.374,0.089,-0.155,0.034,77,E,14,S,,,354047,130.06,0
13,30.373,"Mount",-0.037,-0.077,-0.051,0.068,0.003,0.026,1,W,11,S,,,347137,143.13,0
14,32.848,"Mount",0.005,-0.296,-0.265,0.133,-0.116,0.049,58,E,21,S,,,324789,127.80,0
15,35.063,"Mount",0.005,-0.350,-0.313,0.158,-0.129,0.059,64,E,25,S,,,316116,132.31,0
16,37.397,"Mount",-0.027,-0.008,0.005,0.028,-0.003,0.000,2,E,0,,,,333428,133.80,0
17,39.529,"Mount",0.068,0.056,0.018,-0.087,-0.003,-0.031,2,E,13,N,,,305468,122.14,0
18,41.899,"Mount",-0.054,0.042,0.062,0.029,0.023,0.000,11,W,0,,,,342006,131.51,0
19,44.004,"Mount",-0.007,-0.000,0.003,0.006,-0.002,0.000,1,E,0,,,,319332,130.19,0
20,46.322,"Mount",-0.059,-0.046,-0.014,0.074,-0.000,0.027,0,,11,S,,,320685,122.29,0
21,48.488,"Mount",-0.096,-0.053,-0.003,0.109,-0.000,0.040,0,,17,S,,,328105,138.57,0
22,50.807,"Mount",-0.002,-0.023,-0.020,0.013,-0.002,0.000,1,E,0,,,,325364,117.45,0
23,52.902,"Mount",-0.032,0.018,0.031,0.020,-0.003,0.000,1,E,0,,,,337718,130.06,0
24,55.288,"Mount",-0.106,0.025,0.071,0.082,0.026,0.030,13,W,13,S,,,328916,131.50,0
25,57.385,"Mount",-0.063,-0.002,0.027,0.057,-0.002,0.000,1,E,0,,,,339504,141.19,0
26,59.785,"Mount",-0.108,-0.003,0.047,0.097,-0.002,0.035,1,E,15,S,,,321969,131.27,0
27,61.831,"Mount",-0.001,0.006,0.006,-0.002,0.000,0.000,0,,0,,,,319194,135.03,0
28,64.275,"Mount",-0.120,0.037,0.088,0.090,0.036,0.032,18,W,14,S,,,327576,128.30,0
29,66.410,"Mount",-0.037,0.058,0.068,0.006,0.027,0.000,13,W,0,,,,319057,132.74,0
30,68.840,"Mount",-0.162,0.031,0.102,0.129,0.041,0.046,20,W,20,S,,,332403,133.78,0
31,71.017,"Mount",-0.111,0.181,0.212,0.015,0.089,0.000,44,W,0,,,,333304,135.30,0
32,73.321,"Mount",-0.001,0.119,0.106,-0.054,0.046,0.000,23,W,0,,,,314241,134.68,0
33,75.549,"Mount",-0.289,0.169,0.284,0.178,0.121,0.064,60,W,27,S,,,342246,148.00,0
34,77.966,"Mount",-0.198,0.159,0.232,0.102,0.103,0.039,51,W,17,S,,,357981,145.47,0
35,80.172,"Mount",-0.244,0.177,0.269,0.135,0.121,0.050,60,W,21,S,,,316407,118.88,0
36,82.585,"Mount",-0.241,0.412,0.476,0.024,0.203,0.000,101,W,0,,,,338113,137.29,0
37,84.678,"Mount",-0.115,0.135,0.173,0.040,0.078,0.000,39,W,0,,,,327408,123.21,0
38,87.019,"Mount",-0.071,0.071,0.096,0.030,0.060,0.000,30,W,0,,,,322675,120.96,0
39,89.200,"Mount",-0.157,0.124,0.182,0.082,0.089,0.030,44,W,13,S,,,333636,127.17,0
40,91.677,"Mount",-0.252,0.207,0.300,0.128,0.124,0.047,61,W,20,S,,,325474,134.93,0
41,93.871,"Mount",-0.154,0.164,0.217,0.061,0.088,0.024,44,W,10,S,,,331997,121.05,0
42,96.272,"Mount",-0.177,0.169,0.232,0.079,0.116,0.029,58,W,13,S,,,336895,147.88,0
43,98.440,"Mount",-0.133,0.098,0.149,0.073,0.080,0.027,40,W,12,S,,,317481,129.00,0
44,100.886,"Mount",0.088,0.042,-0.003,-0.097,0.015,-0.034,7,W,14,N,,,329818,125.97,0
45,103.049,"Mount",0.053,0.001,-0.023,-0.048,0.013,0.000,6,W,0,,,,332183,117.92,0
46,105.339,"Mount",-0.002,-0.000,0.000,0.002,0.011,0.000,6,W,0,,,,338644,155.32,0
47,107.465,"Mount",0.032,-0.083,-0.088,0.010,-0.048,0.000,24,E,0,,,,331607,119.97,0
48,109.788,"Mount",0.022,-0.073,-0.075,0.014,-0.047,0.000,23,E,0,,,,328449,127.72,0
49,111.900,"Mount",-0.034,-0.041,-0.020,0.049,-0.021,0.000,10,E,0,,,,326934,131.46,0
50,114.278,"Mount",-0.135,-0.031,0.035,0.134,-0.024,0.048,12,E,21,S,,,340471,145.89,0
51,116.379,"Mount",0.024,-0.000,-0.012,-0.021,-0.007,0.000,3,E,0,,,,333157,138.86,0
52,118.735,"Mount",-0.059,-0.035,-0.004,0.069,-0.005,0.025,3,E,11,S,,,329749,122.37,0
53,120.867,"Mount",-0.073,-0.026,0.011,0.077,0.006,0.029,3,W,12,S,,,323269,131.08,0
54,123.239,"Mount",-0.032,0.139,0.138,-0.035,0.066,0.000,33,W,0,,,,329031,146.74,0
55,125.345,"Mount",-0.087,0.122,0.148,0.021,0.072,0.000,36,W,0,,,,331738,132.09,0
56,127.777,"Mount",-0.201,0.096,0.178,0.134,0.086,0.048,42,W,21,S,,,355899,154.41,0
57,129.897,"Mount",-0.092,0.127,0.155,0.023,0.076,0.000,37,W,0,,,,330746,136.21,0
58,132.327,"Mount",-0.166,0.099,0.164,0.102,0.085,0.037,42,W,16,S,,,329553,122.98,0
59,134.619,"Mount",-0.306,0.181,0.301,0.188,0.139,0.069,69,W,30,S,,,328143,136.66,0
60,137.064,"Mount",-0.198,0.367,0.417,0.006,0.182,0.000,90,W,0,,,,340291,148.64,0
61,139.280,"Mount",-0.317,0.502,0.592,0.049,0.253,0.000,126,W,0,,,,334431,132.19,0
62,141.900,"Mount",-0.482,0.517,0.681,0.189,0.323,0.068,160,W,29,S,,,335740,133.10,0
63,144.296,"Mount",-0.735,0.780,1.031,0.292,0.470,0.108,233,W,46,S,,,314582,127.31,0
64,146.675,"Mount",-0.124,0.344,0.362,-0.049,0.239,0.000,119,W,0,,,,312846,119.57,0
65,148.967,"Mount",-0.245,0.325,0.401,0.067,0.255,0.024,126,W,10,S,,,336452,130.19,0
66,151.401,"Mount",-0.202,0.325,0.381,0.029,0.229,0.000,114,W,0,,,,317186,126.93,0
67,153.615,"Mount",-0.123,0.282,0.307,-0.021,0.189,0.000,94,W,0,,,,331839,131.77,0
68,155.984,"Mount",-0.119,0.285,0.308,-0.026,0.124,0.000,62,W,0,,,,333413,134.44,0
69,158.159,"Mount",-0.070,0.220,0.227,-0.039,0.076,0.000,37,W,0,,,,333903,128.97,0
70,160.605,"Mount",-0.034,0.199,0.192,-0.061,0.045,-0.022,22,W,9,N,,,327537,132.87,0
71,162.800,"Mount",-0.114,0.289,0.309,-0.033,0.107,0.000,53,W,0,,,,324278,132.69,0
72,165.105,"Mount",-0.112,0.125,0.162,0.042,0.040,0.000,20,W,0,,,,301408,120.68,0
73,167.200,"Mount",0.009,0.086,0.072,-0.048,0.020,0.000,10,W,0,,,,322007,125.51,0
74,169.619,"Mount",-0.153,-0.041,0.034,0.154,-0.014,0.056,7,E,24,S,,,335799,134.93,0
75,171.768,"Mount",-0.103,0.017,0.062,0.084,0.030,0.032,15,W,14,S,,,335406,138.01,0
76,174.110,"Mount",0.096,-0.078,-0.113,-0.050,-0.041,0.000,20,E,0,,,,327898,135.87,0
77,176.291,"Mount",-0.102,-0.014,0.035,0.097,0.020,0.035,10,W,15,S,,,320470,139.47,0
78,178.660,"Mount",0.130,-0.082,-0.133,-0.078,-0.033,-0.027,17,E,11,N,,,304616,123.75,0
79,180.781,"Mount",0.019,-0.087,-0.086,0.023,-0.034,0.000,17,E,0,,,,312820,125.56,0
80,183.201,"Mount",0.138,-0.026,-0.087,-0.110,-0.039,-0.040,19,E,17,N,,,309028,120.39,0
81,185.301,"Mount",0.032,-0.045,-0.054,-0.008,-0.004,0.000,2,E,0,,,,308467,118.25,0
82,187.702,"Mount",-0.205,0.003,0.097,0.181,0.017,0.065,8,W,28,S,,,321752,143.71,0
83,189.882,"Mount",-0.037,-0.071,-0.046,0.066,-0.025,0.026,12,E,11,S,,,327974,144.18,0
84,192.269,"Mount",-0.077,-0.067,-0.024,0.099,0.006,0.037,3,W,16,S,,,327063,128.59,0
85,194.466,"Mount",-0.029,-0.078,-0.056,0.062,0.007,0.024,4,W,10,S,,,334135,127.61,0
86,196.734,"Mount",0.042,0.043,0.019,-0.057,0.001,0.000,0,,0,,,,343040,139.14,0
87,198.895,"Mount",-0.025,0.140,0.136,-0.042,0.059,0.000,29,W,0,,,,315670,118.21,0
88,201.239,"Mount",-0.002,-0.018,-0.015,0.010,0.013,0.000,7,W,0,,,,327193,124.03,0
89,203.408,"Mount",-0.064,0.196,0.203,-0.034,0.101,0.000,50,W,0,,,,314089,120.98,0
90,205.731,"Mount",0.010,0.051,0.041,-0.032,0.028,0.000,14,W,0,,,,328191,129.46,0
91,207.832,"Mount",0.061,-0.060,-0.081,-0.027,-0.003,0.000,2,E,0,,,,323273,126.55,0
92,210.124,"Mount",0.076,-0.077,-0.104,-0.032,-0.014,0.000,7,E,0,,,,318842,124.06,0
93,212.303,"Mount",-0.083,-0.088,-0.040,0.114,0.015,0.041,8,W,18,S,,,338281,134.67,0
94,214.658,"Mount",0.056,0.054,0.022,-0.075,0.013,-0.025,6,W,11,N,,,336611,134.79,0
95,216.872,"Mount",-0.131,-0.080,-0.011,0.153,-0.022,0.054,11,E,23,S,,,319448,136.05,0
96,219.224,"Mount",-0.078,0.115,0.138,0.016,0.032,0.000,16,W,0,,,,328533,124.26,0
97,221.434,"Mount",-0.106,0.038,0.083,0.077,0.028,0.028,14,W,12,S,,,340786,132.16,0
98,223.745,"Mount",0.015,-0.057,-0.058,0.013,-0.005,0.000,2,E,0,,,,331595,132.70,0
99,225.886,"Mount",-0.071,0.026,0.055,0.051,0.020,0.000,10,W,0,,,,341929,157.06,0
100,228.209,"Mount",-0.024,0.073,0.076,-0.013,0.057,0.000,28,W,0,,,,330911,131.14,0
101,230.347,"Mount",-0.022,0.063,0.066,-0.010,0.056,0.000,28,W,0,,,,328685,125.50,0
102,232.635,"Mount",0.000,-0.031,-0.027,0.014,0.011,0.000,5,W,0,,,,342514,154.61,0
103,234.836,"Mount",-0.199,0.057,0.142,0.150,0.073,0.054,36,W,23,S,,,340907,132.92,0
104,237.121,"Mount",0.031,0.060,0.038,-0.055,0.007,0.000,3,W,0,,,,346469,129.77,0
105,239.241,"Mount",-0.077,0.144,0.163,0.002,0.077,0.000,38,W,0,,,,327740,147.88,0
106,241.652,"Mount",0.022,0.239,0.203,-0.130,0.112,-0.047,56,W,20,N,,,312900,123.70,0
107,243.741,"Mount",-0.001,0.017,0.015,-0.007,0.027,0.000,13,W,0,,,,315784,117.63,0
108,246.110,"Mount",-0.054,0.021,0.044,0.038,0.040,0.000,20,W,0,,,,309523,120.03,0
109,248.339,"Mount",-0.162,0.010,0.083,0.139,0.075,0.050,37,W,21,S,,,345753,140.23,0
110,250.671,"Mount",-0.105,0.132,0.166,0.032,0.110,0.000,55,W,0,,,,331708,133.36,0
111,252.877,"Mount",-0.133,0.011,0.071,0.113,0.037,0.041,18,W,17,S,,,319566,134.74,0
112,255.337,"Mount",-0.188,0.150,0.220,0.097,0.097,0.037,48,W,16,S,,,334341,124.47,0
113,257.530,"Mount",-0.259,0.179,0.278,0.148,0.115,0.055,57,W,23,S,,,340844,148.24,0
114,259.880,"Mount",0.018,-0.075,-0.075,0.019,-0.033,0.000,16,E,0,,,,331453,130.42,0
115,262.031,"Mount",-0.043,0.103,0.111,-0.009,0.085,0.000,42,W,0,,,,317739,143.37,0
116,264.493,"Mount",-0.147,0.060,0.121,0.102,0.089,0.037,44,W,16,S,,,343826,137.52,0
117,266.627,"Mount",-0.042,-0.052,-0.027,0.062,0.009,0.024,5,W,10,S,,,350255,146.23,0
118,268.982,"Mount",-0.008,0.001,0.005,0.007,0.008,0.000,4,W,0,,,,339835,138.45,0
119,271.207,"Mount",0.108,-0.019,-0.067,-0.087,-0.003,-0.031,2,E,13,N,,,320993,127.28,0
120,273.512,"Mount",0.058,-0.108,-0.122,-0.001,-0.025,0.000,13,E,0,,,,329125,138.57,0
121,275.723,"Mount",0.004,-0.147,-0.133,0.064,-0.052,0.023,26,E,10,S,,,319287,123.33,0
122,278.017,"Mount",-0.007,0.021,0.022,-0.003,0.002,0.000,1,W,0,,,,322852,147.50,0
123,280.100,"Mount",0.057,-0.083,-0.100,-0.012,-0.043,0.000,21,E,0,,,,340435,143.65,0
124,282.402,"Mount",0.091,-0.105,-0.135,-0.032,-0.081,0.000,40,E,0,,,,356645,152.90,0
125,284.628,"Mount",0.116,-0.195,-0.227,-0.013,-0.120,0.000,60,E,0,,,,325759,124.41,0
126,286.999,"Mount",-0.120,-0.076,-0.012,0.142,-0.015,0.051,7,E,22,S,,,317450,134.66,0
127,289.093,"Mount",-0.052,0.167,0.172,-0.031,0.060,0.000,30,W,0,,,,337120,141.97,0
128,291.416,"Mount",-0.015,-0.004,0.004,0.015,0.008,0.000,4,W,0,,,,331811,125.50,0
129,293.559,"Mount",-0.010,-0.112,-0.095,0.061,-0.024,0.022,12,E,9,S,,,336843,127.12,0
130,296.015,"Mount",0.043,-0.244,-0.236,0.075,-0.055,0.028,27,E,12,S,,,330591,135.13,0
131,298.160,"Mount",-0.019,0.014,0.021,0.010,0.052,0.000,26,W,0,,,,336044,124.23,0
132,300.582,"Mount",-0.016,-0.311,-0.268,0.158,-0.054,0.057,27,E,24,S,,,333038,125.22,0
133,302.699,"Mount",0.050,-0.225,-0.223,0.060,-0.097,0.000,48,E,0,,,,351227,147.84,0
134,305.022,"Mount",0.123,-0.109,-0.153,-0.059,-0.066,0.000,33,E,0,,,,334375,126.86,0
135,307.121,"Mount",0.061,-0.017,-0.043,-0.046,-0.000,0.000,0,,0,,,,322560,118.83,0
136,309.488,"Mount",0.085,-0.076,-0.106,-0.040,-0.038,0.000,19,E,0,,,,339713,147.16,0
137,311.669,"Mount",0.193,0.012,-0.078,-0.177,0.001,-0.064,1,W,27,N,,,335136,126.38,0
138,314.038,"Mount",0.198,0.004,-0.088,-0.178,0.012,-0.067,6,W,28,N,,,318379,120.63,0
139,316.220,"Mount",-0.064,-0.077,-0.039,0.092,0.035,0.030,17,W,13,S,,,326375,130.55,0
140,318.547,"Mount",-0.014,0.008,0.014,0.009,0.049,0.000,24,W,0,,,,323544,127.33,0
141,320.707,"Mount",0.171,-0.193,-0.250,-0.062,-0.059,-0.022,29,E,10,N,,,319750,126.56,0
142,323.057,"Mount",0.150,-0.283,-0.320,-0.003,-0.077,0.000,38,E,0,,,,320313,123.78,0
143,325.230,"Mount",0.096,-0.405,-0.404,0.102,-0.111,0.037,55,E,16,S,,,337328,157.97,0
144,327.674,"Mount",0.064,-0.338,-0.329,0.100,-0.115,0.037,57,E,16,S,,,320563,140.27,0
145,329.899,"Mount",0.183,-0.174,-0.239,-0.082,-0.078,-0.028,39,E,12,N,,,331833,133.67,0
146,332.290,"Mount",0.266,-0.383,-0.462,-0.059,-0.222,0.000,110,E,0,,,,318821,133.76,0
147,334.580,"Mount",0.043,-0.539,-0.498,0.211,-0.239,0.076,119,E,32,S,,,317631,130.36,0
148,337.042,"Mount",0.061,-0.275,-0.272,0.073,-0.176,0.029,87,E,13,S,,,342666,132.56,0
149,339.225,"Mount",0.097,-0.256,-0.272,0.032,-0.178,0.000,88,E,0,,,,335890,134.97,0
150,341.723,"Mount",0.230,-0.537,-0.582,0.044,-0.326,0.000,161,E,0,,,,329481,129.13,0
151,343.986,"Mount",0.212,-0.462,-0.507,0.025,-0.295,0.000,146,E,0,,,,345781,163.13,0
152,346.464,"Mount",-0.012,-0.234,-0.202,0.119,-0.188,0.043,93,E,18,S,,,308824,121.45,0
153,348.648,"Mount",0.141,-0.272,-0.306,0.001,-0.230,0.000,114,E,0,,,,338390,149.91,0
154,351.172,"Mount",0.354,-0.409,-0.526,-0.125,-0.324,-0.045,161,E,19,N,,,323610,139.38,0
155,353.382,"Mount",0.145,-0.362,-0.388,0.039,-0.262,0.000,130,E,0,,,,336954,147.73,0
156,355.827,"Mount",0.125,-0.302,-0.326,0.029,-0.234,0.000,116,E,0,,,,328990,140.09,0
157,358.086,"Mount",0.071,-0.287,-0.287,0.070,-0.210,0.025,104,E,11,S,,,321530,126.28,0
158,360.574,"Mount",-0.092,-0.187,-0.124,0.169,-0.132,0.062,66,E,26,S,,,326227,136.56,0
159,362.702,"Mount",-0.017,-0.046,-0.033,0.036,-0.028,0.000,14,E,0,,,,329935,118.16,0
160,365.071,"Mount",0.155,-0.260,-0.302,-0.018,-0.149,0.000,74,E,0,,,,340617,146.52,0
161,367.190,"Mount",0.084,-0.130,-0.154,-0.014,-0.061,0.000,30,E,0,,,,340775,152.63,0
162,369.672,"Mount",-0.035,-0.121,-0.091,0.087,-0.026,0.031,13,E,13,S,,,322103,135.47,0
163,371.954,"Mount",0.029,-0.186,-0.178,0.061,-0.098,0.023,49,E,10,S,,,349809,143.23,0
164,374.309,"Mount",0.037,-0.042,-0.054,-0.013,-0.013,0.000,7,E,0,,,,352264,145.49,0
165,376.505,"Mount",-0.047,-0.185,-0.143,0.127,-0.098,0.046,49,E,20,S,,,326729,127.57,0
166,378.854,"Mount",0.133,-0.148,-0.193,-0.049,-0.114,0.000,57,E,0,,,,331511,132.01,0
167,380.975,"Mount",0.067,-0.014,-0.043,-0.053,-0.031,0.000,16,E,0,,,,333873,147.36,0
168,383.416,"Mount",0.114,-0.047,-0.094,-0.079,-0.072,-0.029,36,E,12,N,,,319126,128.87,0
169,385.644,"Mount",0.169,-0.073,-0.142,-0.116,-0.088,-0.043,44,E,18,N,,,334566,123.97,0
170,388.026,"Mount",0.070,0.005,-0.028,-0.065,-0.023,-0.025,11,E,11,N,,,357381,141.42,0
171,390.209,"Mount",0.183,-0.013,-0.096,-0.157,-0.063,-0.057,31,E,25,N,,,318920,128.33,0
172,392.544,"Mount",0.124,-0.162,-0.201,-0.035,-0.084,0.000,42,E,0,,,,319554,139.05,0
173,394.614,"Mount",0.002,-0.026,-0.024,0.010,0.006,0.000,3,W,0,,,,338545,126.24,0
174,396.948,"Mount",0.064,-0.031,-0.057,-0.043,0.005,0.000,2,W,0,,,,323516,122.32,0
175,399.069,"Mount",0.053,-0.129,-0.139,0.013,-0.050,0.000,25,E,0,,,,331007,125.82,0
176,401.394,"Mount",-0.039,-0.006,0.013,0.038,0.013,0.000,7,W,0,,,,331990,123.53,0
177,403.568,"Mount",-0.002,-0.132,-0.117,0.063,-0.032,0.023,16,E,10,S,,,338701,138.26,0
178,405.968,"Mount",-0.019,-0.133,-0.110,0.078,-0.036,0.029,18,E,12,S,,,329805,145.14,0
179,408.120,"Mount",0.074,0.073,0.031,-0.099,0.017,-0.035,8,W,15,N,,,336469,148.75,0
180,410.495,"Mount",0.052,-0.204,-0.205,0.048,-0.066,0.000,33,E,0,,,,349988,143.84,0
181,412.624,"Mount",-0.036,-0.076,-0.051,0.067,0.015,0.024,8,W,10,S,,,345091,130.18,0
182,415.026,"Mount",-0.073,-0.068,-0.027,0.096,0.021,0.036,10,W,15,S,,,316963,127.20,0
183,417.194,"Mount",-0.025,0.087,0.089,-0.018,0.059,0.000,29,W,0,,,,331364,142.20,0
184,419.487,"Mount",0.002,-0.081,-0.073,0.036,-0.003,0.000,2,E,0,,,,330419,124.39,0
185,421.637,"Mount",-0.060,0.038,0.061,0.036,0.069,0.000,34,W,0,,,,317185,120.26,0
186,423.989,"Mount",-0.047,0.157,0.161,-0.031,0.122,0.000,60,W,0,,,,351719,160.06,0
187,426.105,"Mount",-0.043,0.064,0.077,0.009,0.090,0.000,45,W,0,,,,320852,123.60,0
188,428.587,"Mount",-0.215,0.021,0.118,0.181,0.120,0.065,59,W,28,S,,,328920,134.24,0
189,430.810,"Mount",0.039,0.134,0.101,-0.096,0.129,-0.032,64,W,14,N,,,317756,123.73,0
190,433.307,"Mount",-0.181,0.178,0.242,0.078,0.199,0.027,99,W,11,S,,,327875,158.76,0
191,435.423,"Mount",0.007,-0.132,-0.121,0.055,0.040,0.000,20,W,0,,,,314453,127.66,0
192,437.837,"Mount",-0.028,-0.262,-0.220,0.146,-0.005,0.052,3,E,22,S,,,340964,147.36,0
193,440.031,"Mount",0.026,0.156,0.126,-0.095,0.133,-0.032,66,W,14,N,,,316249,123.23,0
194,442.404,"Mount",-0.080,0.221,0.233,-0.031,0.118,0.000,59,W,0,,,,350622,144.57,0
195,444.535,"Mount",-0.120,0.109,0.153,0.056,0.073,0.000,36,W,0,,,,347840,133.78,0
196,446.979,"Mount",-0.067,0.087,0.108,0.020,0.064,0.000,32,W,0,,,,330781,138.60,0
197,449.167,"Mount",0.109,0.013,-0.039,-0.103,0.005,-0.037,2,W,16,N,,,319483,129.63,0
198,451.533,"Mount",-0.058,-0.070,-0.036,0.084,0.008,0.029,4,W,12,S,,,340095,146.36,0
199,453.738,"Mount",0.001,-0.249,-0.221,0.114,-0.095,0.042,47,E,18,S,,,335935,124.56,0
200,456.055,"Mount",0.061,-0.093,-0.111,-0.011,-0.058,0.000,29,E,0,,,,314680,119.62,0
201,458.264,"Mount",0.150,-0.144,-0.197,-0.066,-0.099,-0.024,49,E,10,N,,,330121,127.89,0
202,460.564,"Mount",0.032,-0.072,-0.079,0.004,-0.047,0.000,23,E,0,,,,321058,136.04,0
203,462.712,"Mount",-0.098,-0.047,0.004,0.109,-0.028,0.039,14,E,17,S,,,341960,138.66,0
204,465.097,"Mount",0.111,-0.034,-0.081,-0.082,-0.059,-0.028,29,E,12,N,,,317435,140.23,0
205,467.187,"Mount",-0.004,-0.042,-0.036,0.023,-0.002,0.000,1,E,0,,,,319867,134.56,0
206,469.527,"Mount",-0.046,0.005,0.025,0.038,0.013,0.000,6,W,0,,,,335760,136.87,0
207,471.708,"Mount",-0.191,0.098,0.175,0.124,0.105,0.045,52,W,19,S,,,329420,137.67,0
208,474.081,"Mount",0.004,0.062,0.053,-0.032,0.057,0.000,28,W,0,,,,334716,126.98,0
209,476.230,"Mount",0.008,0.030,0.023,-0.021,0.090,0.000,44,W,0,,,,326929,135.48,0
210,478.612,"Mount",-0.042,0.144,0.147,-0.030,0.188,0.000,93,W,0,,,,334919,131.09,0
211,480.906,"Mount",-0.086,0.004,0.043,0.074,0.139,0.027,69,W,11,S,,,346552,142.91,0
212,483.435,"Mount",-0.199,0.095,0.176,0.132,0.251,0.049,124,W,21,S,,,312636,125.88,0
213,485.754,"Mount",-0.222,0.086,0.179,0.157,0.266,0.059,132,W,25,S,,,313810,131.69,0
214,488.204,"Mount",-0.084,0.063,0.094,0.045,0.243,0.000,120,W,0,,,,328367,136.32,0
215,490.521,"Mount",-0.214,0.081,0.170,0.153,0.264,0.055,131,W,24,S,,,333704,149.30,0
216,493.027,"Mount",0.036,0.126,0.096,-0.090,0.198,-0.030,98,W,13,N,,,339133,137.86,0
217,495.242,"Mount",-0.049,0.201,0.201,-0.049,0.215,0.000,107,W,0,,,,346036,159.18,0
218,497.691,"Mount",0.262,-0.213,-0.310,-0.134,-0.057,-0.048,28,E,21,N,,,324813,128.16,0
219,499.964,"Mount",0.026,0.208,0.172,-0.119,0.123,-0.045,61,W,19,N,,,354910,149.07,0
220,502.334,"Mount",-0.039,0.158,0.159,-0.038,0.073,0.000,36,W,0,,,,337181,139.17,0
221,504.467,"Mount",-0.073,0.138,0.156,0.001,0.055,0.000,27,W,0,,,,341201,149.61,0
222,506.866,"Mount",-0.037,0.135,0.137,-0.029,0.091,0.000,45,W,0,,,,327593,132.32,0
223,509.109,"Mount",-0.148,0.119,0.174,0.077,0.100,0.028,50,W,12,S,,,324742,139.10,0
224,511.559,"Mount",-0.189,0.080,0.158,0.130,0.126,0.048,63,W,21,S,,,353736,141.24,0
225,513.668,"Mount",0.060,-0.128,-0.141,0.005,-0.004,0.000,2,E,0,,,,343337,141.61,0
226,515.985,"Mount",0.017,-0.104,-0.100,0.033,0.022,0.000,11,W,0,,,,327428,130.84,0
227,518.129,"Mount",-0.030,0.149,0.146,-0.042,0.129,0.000,64,W,0,,,,335187,154.42,0
228,520.511,"Mount",0.023,0.030,0.016,-0.034,0.069,0.000,34,W,0,,,,329181,130.02,0
229,522.624,"Mount",0.050,0.052,0.023,-0.068,0.018,-0.024,9,W,10,N,,,337082,131.08,0
230,524.928,"Mount",0.067,-0.075,-0.097,-0.025,-0.027,0.000,13,E,0,,,,320999,131.46,0
231,527.124,"Mount",0.094,0.019,-0.027,-0.092,-0.013,-0.033,6,E,14,N,,,352726,134.08,0
232,529.524,"Mount",0.125,-0.184,-0.221,-0.026,-0.116,0.000,57,E,0,,,,344229,144.44,0
233,531.752,"Mount",0.149,-0.074,-0.134,-0.098,-0.091,-0.035,45,E,15,N,,,316953,122.09,0
234,534.232,"Mount",0.125,0.048,-0.015,-0.134,-0.035,-0.049,17,E,21,N,,,338314,145.46,0
235,536.426,"Mount",0.098,0.072,0.019,-0.120,-0.032,-0.045,16,E,19,N,,,320448,125.10,0
236,538.764,"Mount",0.046,0.003,-0.018,-0.043,-0.029,0.000,14,E,0,,,,329078,122.14,0
237,540.885,"Mount",-0.007,0.018,0.019,-0.003,0.005,0.000,3,W,0,,,,360259,144.74,0
238,543.292,"Mount",-0.010,-0.091,-0.076,0.050,-0.020,0.000,10,E,0,,,,331370,142.51,0
239,545.552,"Mount",-0.137,-0.053,0.016,0.146,0.020,0.053,10,W,22,S,,,349760,146.06,0
240,547.924,"Mount",-0.124,0.001,0.058,0.110,0.032,0.042,16,W,18,S,,,320810,134.10,0
241,550.014,"Mount",0.009,0.001,-0.003,-0.008,0.034,0.000,17,W,0,,,,328375,125.59,0
242,552.458,"Mount",0.035,0.157,0.123,-0.104,0.095,-0.037,47,W,16,N,,,329836,130.27,0
243,554.547,"Mount",0.024,0.020,0.007,-0.031,0.038,0.000,19,W,0,,,,325378,134.13,0
244,556.898,"Mount",0.098,-0.100,-0.135,-0.041,-0.031,0.000,16,E,0,,,,327837,122.94,0
245,559.003,"Mount",0.042,-0.019,-0.036,-0.028,0.021,0.000,11,W,0,,,,342171,144.58,0
246,561.451,"Mount",-0.023,-0.140,-0.114,0.085,-0.057,0.031,28,E,13,S,,,318905,134.23,0
247,563.572,"Mount",-0.064,0.002,0.031,0.055,-0.010,0.000,5,E,0,,,,318777,125.42,0
248,565.909,"Mount",0.014,0.006,-0.002,-0.015,-0.013,0.000,7,E,0,,,,334553,127.83,0
249,568.083,"Mount",-0.070,-0.028,0.008,0.075,-0.012,0.027,6,E,11,S,,,328122,135.62,0
250,570.478,"Mount",0.082,-0.099,-0.125,-0.027,-0.063,0.000,31,E,0,,,,344222,134.57,0
251,572.561,"Mount",-0.110,0.129,0.165,0.038,0.081,0.000,40,W,0,,,,330342,124.95,0
252,574.950,"Mount",-0.136,-0.040,0.027,0.139,0.016,0.050,8,W,21,S,,,327655,137.52,0
253,577.069,"Mount",-0.020,-0.021,-0.010,0.028,0.031,0.000,16,W,0,,,,327807,137.10,0
254,579.466,"Mount",0.009,0.098,0.083,-0.053,0.077,0.000,38,W,0,,,,318408,121.45,0
255,581.643,"Mount",-0.008,0.136,0.124,-0.056,0.088,0.000,44,W,0,,,,351154,140.32,0
256,584.030,"Mount",-0.037,0.196,0.191,-0.058,0.124,0.000,61,W,0,,,,333062,120.65,0
257,586.133,"Mount",0.097,-0.116,-0.147,-0.033,-0.009,0.000,5,E,0,,,,348836,166.31,0
258,588.471,"Mount",0.006,0.005,0.001,-0.007,0.058,0.000,29,W,0,,,,340472,145.99,0
259,590.604,"Mount",0.121,-0.044,-0.095,-0.087,0.009,-0.031,4,W,13,N,,,332751,128.20,0
260,593.081,"Mount",-0.140,-0.137,-0.057,0.187,0.053,0.066,26,W,28,S,,,324340,125.14,0
261,595.281,"Mount",-0.048,-0.015,0.009,0.049,0.051,0.000,25,W,0,,,,322813,134.21,0
262,597.669,"Mount",-0.105,0.051,0.094,0.070,0.071,0.025,35,W,11,S,,,318127,143.03,0
263,599.751,"Mount",0.018,-0.001,-0.010,-0.016,0.028,0.000,14,W,0,,,,326571,146.43,0
264,602.059,"Mount",0.085,-0.169,-0.189,0.003,-0.045,0.000,22,E,0,,,,329754,116.93,0
265,604.140,"Mount",0.041,-0.111,-0.117,0.015,-0.016,0.000,8,E,0,,,,335905,147.43,0
266,606.437,"Mount",-0.001,0.043,0.039,-0.019,0.016,0.000,8,W,0,,,,330429,149.02,0
267,608.524,"Mount",0.001,0.046,0.040,-0.022,0.012,0.000,6,W,0,,,,343469,149.53,0
268,610.864,"Mount",-0.046,0.160,0.164,-0.033,0.091,0.000,45,W,0,,,,317901,132.46,0
269,612.969,"Mount",0.011,-0.076,-0.072,0.026,-0.021,0.000,10,E,0,,,,338091,123.41,0
270,615.352,"Mount",-0.068,0.156,0.170,-0.012,0.079,0.000,39,W,0,,,,330422,134.31,0
271,617.425,"Mount",0.016,0.075,0.059,-0.048,0.011,0.000,5,W,0,,,,341618,133.00,0
272,619.745,"Mount",-0.048,-0.031,-0.005,0.056,0.003,0.000,1,W,0,,,,345352,123.95,0
273,621.911,"Mount",-0.047,-0.228,-0.181,0.147,-0.085,0.053,42,E,23,S,,,311518,134.45,0
274,624.298,"Mount",0.084,0.009,-0.031,-0.078,-0.010,-0.026,5,E,11,N,,,328939,133.63,0
275,626.481,"Mount",0.006,-0.081,-0.075,0.033,-0.070,0.000,35,E,0,,,,330750,148.68,0
276,628.919,"Mount",0.196,-0.084,-0.165,-0.135,-0.112,-0.049,55,E,21,N,,,318924,125.67,0
277,631.127,"Mount",0.080,-0.289,-0.293,0.063,-0.164,0.021,81,E,9,S,,,332554,125.70,0
278,633.531,"Mount",-0.034,-0.119,-0.090,0.084,-0.073,0.031,36,E,13,S,,,337496,132.88,0
279,635.793,"Mount",0.039,-0.263,-0.251,0.086,-0.170,0.032,84,E,14,S,,,336251,129.83,0
INFO: SET LOCK POSITION, new lock pos = 131.092, 495.576
INFO: DITHER by -1.289, -8.999, new lock pos = 139.674, 498.575
INFO: SETTLING STATE CHANGE, Settling started
280,642.626,"Mount",-8.582,-2.999,1.289,8.999,1.289,8.999,639,W,3849,S,,,322412,139.98,0
281,645.295,"Mount",0.061,-1.232,-1.122,0.514,-0.505,0.185,250,E,79,S,,,343390,127.48,0
282,647.584,"Mount",0.072,-0.647,-0.607,0.235,-0.273,0.092,136,E,39,S,,,340339,135.62,0
283,649.939,"Mount",0.168,-0.214,-0.267,-0.050,-0.120,0.000,60,E,0,,,,345921,137.57,0
284,652.135,"Mount",0.003,-0.278,-0.248,0.125,-0.112,0.045,55,E,19,S,,,332608,134.23,0
285,654.538,"Mount",-0.059,-0.082,-0.046,0.090,-0.021,0.034,10,E,15,S,,,341678,139.41,0
286,656.726,"Mount",-0.345,-0.203,-0.022,0.400,-0.010,0.145,5,E,62,S,,,333495,135.69,0
287,659.168,"Mount",-0.162,0.062,0.130,0.115,0.058,0.047,29,W,20,S,,,336189,139.62,0
288,661.262,"Mount",-0.006,-0.004,-0.001,0.007,-0.000,0.000,0,,0,,,,330018,147.50,0
289,663.683,"Mount",0.019,-0.211,-0.196,0.081,-0.088,0.029,44,E,12,S,,,334216,130.70,0
290,665.833,"Mount",0.117,-0.297,-0.317,0.034,-0.143,0.000,71,E,0,,,,324048,131.46,0
291,668.265,"Mount",0.044,-0.268,-0.258,0.084,-0.101,0.030,50,E,13,S,,,325322,126.62,0
292,670.570,"Mount",-0.071,-0.076,-0.035,0.098,-0.001,0.036,1,E,16,S,,,322519,117.67,0
293,672.951,"Mount",0.166,-0.317,-0.358,-0.001,-0.181,0.000,90,E,0,,,,353463,137.39,0
INFO: SETTLING STATE CHANGE, Settling complete
294,675.145,"Mount",0.019,-0.224,-0.208,0.087,-0.143,0.031,71,E,13,S,,,331760,127.30,0
295,677.626,"Mount",0.283,-0.434,-0.515,-0.050,-0.321,0.000,159,E,0,,,,350950,132.82,0
296,679.869,"Mount",0.105,-0.260,-0.280,0.027,-0.249,0.000,123,E,0,,,,342872,139.63,0
297,682.305,"Mount",-0.041,-0.027,-0.005,0.048,-0.161,0.000,80,E,0,,,,329699,121.80,0
298,684.581,"Mount",-0.073,-0.252,-0.190,0.181,-0.265,0.065,131,E,28,S,,,335127,135.89,0
299,687.061,"Mount",0.056,-0.187,-0.192,0.037,-0.301,0.000,149,E,0,,,,323092,121.73,0
300,689.350,"Mount",0.032,-0.044,-0.054,-0.008,-0.213,0.000,105,E,0,,,,329329,136.71,0
301,691.919,"Mount",-0.018,-0.260,-0.223,0.136,-0.318,0.049,158,E,21,S,,,339231,134.20,0
302,694.200,"Mount",0.024,-0.286,-0.265,0.111,-0.316,0.042,157,E,18,S,,,340006,132.51,0
303,696.679,"Mount",-0.048,-0.132,-0.095,0.103,-0.226,0.039,112,E,17,S,,,343973,140.35,0
304,698.859,"Mount",-0.018,-0.014,-0.004,0.023,-0.153,0.000,76,E,0,,,,337925,137.95,0
305,701.305,"Mount",0.167,-0.195,-0.250,-0.058,-0.250,0.000,124,E,0,,,,330175,135.32,0
306,703.691,"Mount",0.156,-0.186,-0.237,-0.052,-0.225,0.000,111,E,0,,,,337263,133.40,0
307,706.126,"Mount",-0.098,-0.097,-0.041,0.132,-0.112,0.048,55,E,20,S,,,336526,151.48,0
308,708.307,"Mount",0.010,-0.114,-0.105,0.044,-0.156,0.000,77,E,0,,,,326913,126.38,0
309,710.720,"Mount",-0.098,-0.107,-0.050,0.136,-0.108,0.049,54,E,21,S,,,347852,132.80,0
310,712.946,"Mount",-0.050,-0.137,-0.098,0.108,-0.141,0.041,70,E,17,S,,,321674,117.78,0
311,715.409,"Mount",-0.125,-0.066,-0.002,0.141,-0.099,0.052,49,E,22,S,,,333565,130.98,0
312,717.608,"Mount",0.088,-0.008,-0.047,-0.074,-0.091,-0.025,45,E,11,N,,,334892,139.43,0
313,719.923,"Mount",-0.007,-0.088,-0.074,0.047,-0.118,0.000,58,E,0,,,,336509,162.01,0
314,722.090,"Mount",0.034,-0.080,-0.086,0.007,-0.121,0.000,60,E,0,,,,333774,145.95,0
315,724.443,"Mount",0.005,0.048,0.040,-0.027,-0.070,0.000,35,E,0,,,,331660,145.09,0
316,726.559,"Mount",0.029,-0.005,-0.018,-0.023,-0.069,0.000,34,E,0,,,,333633,127.10,0
317,728.991,"Mount",0.008,0.043,0.034,-0.027,-0.064,0.000,32,E,0,,,,330081,135.10,0
318,731.236,"Mount",0.016,0.189,0.160,-0.102,0.024,-0.037,12,W,16,N,,,322629,138.64,0
319,733.533,"Mount",-0.015,0.003,0.010,0.012,-0.038,0.000,19,E,0,,,,353246,145.64,0
320,735.605,"Mount",-0.036,0.096,0.102,-0.012,0.020,0.000,10,W,0,,,,338341,140.90,0
321,737.933,"Mount",0.043,0.116,0.083,-0.092,0.023,-0.033,11,W,14,N,,,343837,146.26,0
322,740.074,"Mount",-0.130,0.005,0.064,0.112,0.017,0.039,8,W,17,S,,,335820,128.09,0
323,742.458,"Mount",-0.123,0.001,0.057,0.108,-0.003,0.041,1,E,17,S,,,349585,148.58,0
324,744.532,"Mount",0.023,-0.055,-0.059,0.005,-0.002,0.000,1,E,0,,,,341943,143.24,0
325,746.929,"Mount",-0.082,-0.073,-0.027,0.106,-0.011,0.038,5,E,16,S,,,331905,145.68,0
326,749.018,"Mount",-0.027,-0.057,-0.038,0.051,-0.007,0.000,4,E,0,,,,320800,127.30,0
327,751.339,"Mount",0.017,0.050,0.037,-0.038,-0.020,0.000,10,E,0,,,,347842,159.53,0
328,753.487,"Mount",-0.064,-0.051,-0.016,0.080,-0.009,0.029,4,E,12,S,,,327877,134.31,0
329,755.814,"Mount",0.031,-0.031,-0.042,-0.013,0.001,0.000,1,W,0,,,,347408,128.41,0
330,757.976,"Mount",-0.121,0.002,0.057,0.106,0.018,0.038,9,W,16,S,,,329579,145.88,0
331,760.457,"Mount",0.054,0.106,0.069,-0.097,0.062,-0.033,31,W,14,N,,,346556,143.49,0
332,762.592,"Mount",0.066,0.055,0.019,-0.084,0.049,-0.031,24,W,13,N,,,366537,155.47,0
333,764.994,"Mount",0.012,0.114,0.096,-0.063,0.104,-0.024,51,W,10,N,,,320789,120.95,0
334,767.205,"Mount",-0.050,-0.088,-0.055,0.085,0.066,0.030,33,W,13,S,,,339335,123.70,0
335,769.578,"Mount",0.013,-0.197,-0.180,0.079,-0.004,0.030,2,E,13,S,,,342708,137.22,0
336,771.866,"Mount",-0.291,0.196,0.308,0.168,0.213,0.062,106,W,26,S,,,345037,133.64,0
337,774.381,"Mount",0.004,0.165,0.145,-0.080,0.151,-0.026,75,W,11,N,,,334704,141.30,0
338,776.626,"Mount",-0.143,0.087,0.143,0.086,0.163,0.030,81,W,13,S,,,341244,165.03,0
339,779.068,"Mount",-0.087,-0.144,-0.088,0.144,0.068,0.053,34,W,23,S,,,357513,145.13,0
340,781.294,"Mount",0.114,0.043,-0.015,-0.121,0.122,-0.041,60,W,18,N,,,325944,126.90,0
341,783.866,"Mount",-0.001,0.190,0.169,-0.086,0.205,-0.033,102,W,14,N,,,338175,133.13,0
342,786.028,"Mount",0.001,0.069,0.061,-0.033,0.147,0.000,73,W,0,,,,333319,130.42,0
343,788.491,"Mount",-0.121,-0.125,-0.055,0.165,0.096,0.059,48,W,25,S,,,322308,129.41,0
344,790.577,"Mount",0.053,-0.053,-0.072,-0.022,0.044,0.000,22,W,0,,,,328085,131.06,0
345,793.009,"Mount",-0.004,0.024,0.023,-0.008,0.034,0.000,17,W,0,,,,341343,145.08,0
346,795.207,"Mount",-0.124,0.047,0.098,0.088,0.054,0.032,27,W,14,S,,,333085,129.50,0
347,797.575,"Mount",-0.155,-0.056,0.021,0.163,-0.015,0.060,7,E,26,S,,,339668,126.67,0
348,799.694,"Mount",0.028,-0.044,-0.052,-0.004,-0.033,0.000,16,E,0,,,,360704,156.88,0
349,801.991,"Mount",0.088,-0.096,-0.126,-0.034,-0.082,0.000,41,E,0,,,,329061,123.06,0
350,804.095,"Mount",0.059,-0.019,-0.044,-0.044,-0.034,0.000,17,E,0,,,,346812,152.22,0
351,806.370,"Mount",-0.025,0.109,0.108,-0.028,0.020,0.000,10,W,0,,,,336977,145.08,0
352,808.473,"Mount",-0.076,0.032,0.063,0.052,0.005,0.000,2,W,0,,,,333715,134.70,0
353,810.873,"Mount",0.124,0.066,0.002,-0.141,-0.011,-0.051,6,E,22,N,,,338045,138.52,0
354,813.020,"Mount",-0.040,-0.134,-0.101,0.097,-0.034,0.033,17,E,14,S,,,327077,138.19,0
355,815.330,"Mount",-0.003,0.101,0.091,-0.044,0.070,0.000,35,W,0,,,,318896,142.46,0
356,817.524,"Mount",-0.057,-0.052,-0.020,0.075,0.031,0.027,15,W,12,S,,,343310,138.81,0
357,819.959,"Mount",0.116,0.091,0.027,-0.145,0.055,-0.051,28,W,22,N,,,343234,130.49,0
358,822.122,"Mount",0.032,0.018,0.001,-0.037,0.084,0.000,42,W,0,,,,331314,139.54,0
359,824.552,"Mount",-0.028,0.109,0.109,-0.025,0.165,0.000,82,W,0,,,,321886,124.65,0
360,826.775,"Mount",0.124,0.161,0.086,-0.184,0.172,-0.066,85,W,28,N,,,321536,115.55,0
361,829.286,"Mount",0.139,0.164,0.081,-0.199,0.204,-0.074,101,W,32,N,,,347779,162.01,0
362,831.626,"Mount",0.066,0.190,0.138,-0.147,0.250,-0.056,124,W,24,N,,,342052,147.39,0
363,834.071,"Mount",-0.036,-0.063,-0.040,0.061,0.207,0.020,102,W,9,S,,,324285,129.75,0
364,836.425,"Mount",0.000,0.296,0.263,-0.137,0.328,-0.048,163,W,21,N,,,344233,140.22,0
365,838.999,"Mount",-0.244,0.166,0.260,0.140,0.334,0.048,166,W,21,S,,,339784,147.89,0
366,841.307,"Mount",-0.206,0.080,0.166,0.146,0.272,0.054,135,W,23,S,,,321904,118.11,0
367,843.795,"Mount",-0.006,-0.015,-0.011,0.012,0.202,0.000,100,W,0,,,,341797,127.05,0
368,846.009,"Mount",-0.012,0.098,0.092,-0.034,0.212,0.000,105,W,0,,,,332874,135.51,0
369,848.472,"Mount",-0.085,0.032,0.068,0.061,0.149,0.022,74,W,9,S,,,347575,138.80,0
370,850.730,"Mount",-0.264,0.272,0.363,0.108,0.252,0.040,125,W,17,S,,,342250,129.60,0
371,853.116,"Mount",-0.106,0.116,0.151,0.041,0.128,0.000,64,W,0,,,,342959,129.81,0
372,855.205,"Mount",-0.037,0.042,0.054,0.013,0.043,0.000,21,W,0,,,,331632,151.73,0
373,857.578,"Mount",0.105,0.025,-0.026,-0.105,0.052,-0.038,26,W,16,N,,,341615,121.24,0
374,859.727,"Mount",-0.004,0.127,0.115,-0.055,0.092,0.000,46,W,0,,,,338119,138.59,0
375,862.063,"Mount",-0.061,0.008,0.035,0.050,0.040,0.000,20,W,0,,,,336186,141.93,0
376,864.305,"Mount",-0.034,-0.114,-0.086,0.083,-0.014,0.030,7,E,13,S,,,344102,131.50,0
377,866.691,"Mount",0.058,0.098,0.060,-0.097,0.050,-0.034,25,W,14,N,,,316530,119.64,0
378,868.878,"Mount",0.185,-0.087,-0.162,-0.124,-0.038,-0.046,19,E,20,N,,,350227,146.87,0
379,871.311,"Mount",0.192,-0.125,-0.200,-0.113,-0.068,-0.042,34,E,18,N,,,334902,144.82,0
380,873.659,"Mount",0.294,-0.267,-0.372,-0.137,-0.152,-0.051,75,E,22,N,,,341533,142.59,0
381,876.104,"Mount",0.182,-0.072,-0.148,-0.128,-0.056,-0.048,28,E,21,N,,,323874,126.53,0
382,878.317,"Mount",-0.036,-0.169,-0.134,0.110,-0.097,0.038,48,E,16,S,,,329424,126.37,0
383,880.704,"Mount",-0.158,-0.126,-0.039,0.199,-0.041,0.073,21,E,31,S,,,336124,123.63,0
384,882.785,"Mount",0.010,-0.001,-0.006,-0.009,-0.039,0.000,19,E,0,,,,348144,143.57,0
385,885.149,"Mount",0.027,0.154,0.124,-0.096,0.020,-0.034,10,W,15,N,,,331191,126.97,0
386,887.268,"Mount",0.027,-0.003,-0.015,-0.023,-0.008,0.000,4,E,0,,,,342163,136.23,0
387,889.651,"Mount",-0.138,-0.031,0.036,0.137,-0.000,0.049,0,,21,S,,,332433,125.35,0
388,891.763,"Mount",-0.051,0.077,0.091,0.009,0.056,0.000,28,W,0,,,,326288,121.78,0
389,894.081,"Mount",0.015,0.003,-0.004,-0.015,0.018,0.000,9,W,0,,,,332299,127.66,0
390,896.293,"Mount",-0.012,0.159,0.147,-0.063,0.086,-0.023,43,W,10,N,,,337685,125.65,0
391,898.668,"Mount",-0.127,0.040,0.095,0.094,0.062,0.033,31,W,14,S,,,331018,117.67,0
392,900.927,"Mount",-0.263,-0.018,0.105,0.242,0.065,0.088,32,W,38,S,,,341272,129.85,0
393,903.266,"Mount",0.036,-0.074,-0.082,0.002,-0.019,0.000,9,E,0,,,,343142,127.29,0
394,905.383,"Mount",-0.037,0.077,0.086,-0.003,0.051,0.000,25,W,0,,,,320707,120.72,0
395,907.706,"Mount",0.046,0.057,0.030,-0.067,-0.001,-0.024,0,,10,N,,,344634,136.79,0
396,909.810,"Mount",-0.035,0.008,0.023,0.028,-0.007,0.000,4,E,0,,,,342465,147.32,0
397,912.122,"Mount",-0.032,0.026,0.038,0.017,0.001,0.000,0,,0,,,,341385,140.50,0
398,914.233,"Mount",0.034,-0.046,-0.056,-0.009,0.002,0.000,1,W,0,,,,328217,154.44,0
399,916.553,"Mount",-0.004,0.089,0.081,-0.038,0.045,0.000,22,W,0,,,,330086,132.97,0
400,918.652,"Mount",-0.012,0.145,0.135,-0.056,0.073,0.000,36,W,0,,,,339157,139.27,0
401,920.987,"Mount",0.065,-0.099,-0.118,-0.012,-0.029,0.000,14,E,0,,,,346752,130.64,0
402,923.167,"Mount",0.010,-0.193,-0.176,0.080,-0.049,0.029,24,E,12,S,,,346448,136.56,0
403,925.620,"Mount",0.274,-0.088,-0.204,-0.202,-0.054,-0.072,27,E,31,N,,,335496,123.84,0
404,927.719,"Mount",0.102,-0.088,-0.125,-0.050,-0.013,0.000,7,E,0,,,,323263,130.32,0
405,930.027,"Mount",-0.036,-0.022,-0.003,0.042,0.047,0.000,23,W,0,,,,341785,132.99,0
406,932.126,"Mount",0.015,-0.079,-0.077,0.023,-0.007,0.000,3,E,0,,,,352861,137.48,0
407,934.489,"Mount",0.008,-0.174,-0.158,0.073,-0.043,0.026,21,E,11,S,,,350219,140.56,0
408,936.652,"Mount",-0.128,-0.090,-0.021,0.155,0.022,0.057,11,W,24,S,,,342242,130.47,0
409,939.070,"Mount",-0.141,-0.000,0.065,0.125,0.046,0.047,23,W,20,S,,,321870,118.74,0
410,941.249,"Mount",-0.080,-0.044,-0.002,0.091,0.014,0.035,7,W,15,S,,,326635,131.99,0
411,943.675,"Mount",0.169,0.165,0.069,-0.226,0.042,-0.080,21,W,34,N,,,332516,134.09,0
412,945.902,"Mount",-0.289,0.052,0.179,0.233,0.089,0.081,44,W,34,S,,,339148,138.83,0
413,948.336,"Mount",0.087,0.104,0.052,-0.126,0.040,-0.042,20,W,18,N,,,334601,155.60,0
414,950.614,"Mount",0.165,0.202,0.103,-0.239,0.091,-0.088,45,W,38,N,,,318994,141.12,0
415,953.093,"Mount",0.099,0.143,0.081,-0.154,0.099,-0.059,49,W,25,N,,,358656,152.87,0
416,955.311,"Mount",0.002,0.060,0.053,-0.030,0.064,0.000,32,W,0,,,,334952,128.15,0
417,957.707,"Mount",0.059,0.111,0.071,-0.104,0.089,-0.037,44,W,16,N,,,336312,132.11,0
418,959.856,"Mount",0.102,-0.002,-0.048,-0.089,0.046,-0.034,23,W,14,N,,,333097,144.26,0
419,962.252,"Mount",0.106,-0.208,-0.233,0.002,-0.078,0.000,39,E,0,,,,330747,132.83,0
420,964.481,"Mount",0.289,-0.021,-0.151,-0.246,-0.060,-0.089,30,E,38,N,,,319192,118.48,0
421,966.852,"Mount",0.026,-0.174,-0.166,0.058,-0.104,0.000,52,E,0,,,,339721,145.43,0
422,969.125,"Mount",-0.065,-0.288,-0.226,0.190,-0.146,0.069,72,E,29,S,,,318465,125.62,0
423,971.638,"Mount",0.330,-0.214,-0.343,-0.194,-0.223,-0.067,111,E,29,N,,,326470,126.52,0
424,974.018,"Mount",0.401,-0.433,-0.569,-0.156,-0.336,-0.059,166,E,25,N,,,332184,136.72,0
425,976.414,"Mount",0.048,-0.216,-0.214,0.057,-0.214,0.000,106,E,0,,,,339457,121.61,0
426,978.628,"Mount",-0.184,-0.181,-0.075,0.247,-0.148,0.089,73,E,38,S,,,316366,122.11,0
427,981.104,"Mount",-0.217,-0.145,-0.029,0.260,-0.118,0.097,58,E,41,S,,,337388,148.26,0
428,983.327,"Mount",-0.054,-0.095,-0.059,0.091,-0.120,0.037,60,E,16,S,,,342284,151.87,0
429,985.739,"Mount",0.075,-0.061,-0.089,-0.038,-0.156,0.000,77,E,0,,,,345024,155.98,0
430,987.905,"Mount",0.042,0.106,0.075,-0.086,-0.005,-0.031,2,E,13,N,,,337873,154.64,0
431,990.290,"Mount",0.119,0.108,0.042,-0.155,-0.036,-0.057,18,E,24,N,,,312138,131.02,0
432,992.389,"Mount",-0.007,0.023,0.023,-0.004,0.003,0.000,2,W,0,,,,335848,135.00,0
433,994.755,"Mount",-0.081,-0.124,-0.073,0.129,-0.025,0.046,12,E,20,S,,,321456,119.35,0
434,996.900,"Mount",-0.039,0.014,0.030,0.029,-0.017,0.000,8,E,0,,,,342128,138.62,0
435,999.371,"Mount",-0.131,-0.080,-0.011,0.153,-0.017,0.055,8,E,24,S,,,321068,128.04,0
436,1001.623,"Mount",-0.128,-0.003,0.057,0.115,-0.050,0.044,25,E,19,S,,,306200,125.16,0
437,1004.023,"Mount",0.117,-0.037,-0.086,-0.087,-0.090,-0.030,44,E,13,N,,,337131,156.50,0
438,1006.169,"Mount",0.062,0.056,0.021,-0.081,-0.049,-0.030,24,E,13,N,,,321564,132.93,0
439,1008.497,"Mount",-0.043,0.113,0.120,-0.014,0.003,0.000,2,W,0,,,,353338,139.90,0
440,1010.564,"Mount",-0.099,0.105,0.139,0.039,0.014,0.000,7,W,0,,,,315619,138.76,0
441,1012.947,"Mount",-0.056,-0.046,-0.015,0.071,-0.040,0.026,20,E,11,S,,,323340,132.19,0
442,1015.126,"Mount",-0.049,-0.140,-0.102,0.108,-0.097,0.040,48,E,17,S,,,312766,125.19,0
443,1017.619,"Mount",0.245,-0.250,-0.335,-0.102,-0.189,-0.035,94,E,15,N,,,328705,127.51,0
444,1019.782,"Mount",0.134,-0.235,-0.271,-0.011,-0.181,0.000,90,E,0,,,,321865,137.70,0
445,1022.306,"Mount",0.046,-0.221,-0.217,0.061,-0.214,0.022,106,E,9,S,,,323251,146.54,0
446,1024.561,"Mount",-0.113,-0.265,-0.183,0.223,-0.226,0.081,112,E,35,S,,,336922,125.56,0
447,1027.155,"Mount",0.107,-0.283,-0.301,0.036,-0.343,0.000,170,E,0,,,,344196,134.93,0
448,1029.384,"Mount",0.080,-0.164,-0.183,0.005,-0.294,0.000,146,E,0,,,,339761,132.47,0
449,1031.925,"Mount",-0.109,-0.067,-0.010,0.127,-0.250,0.046,124,E,20,S,,,320125,125.90,0
450,1034.163,"Mount",0.038,-0.031,-0.045,-0.019,-0.251,0.000,125,E,0,,,,340095,131.94,0
451,1036.656,"Mount",0.042,-0.178,-0.178,0.046,-0.329,0.000,163,E,0,,,,326323,141.28,0
452,1038.939,"Mount",0.091,-0.204,-0.223,0.014,-0.330,0.000,164,E,0,,,,336701,142.55,0
453,1041.451,"Mount",0.128,-0.025,-0.081,-0.102,-0.253,-0.037,125,E,16,N,,,339587,139.66,0
454,1043.760,"Mount",0.124,-0.117,-0.161,-0.056,-0.253,0.000,126,E,0,,,,335679,124.56,0
455,1046.218,"Mount",0.154,-0.211,-0.258,-0.039,-0.272,0.000,135,E,0,,,,319852,138.43,0
456,1048.414,"Mount",0.066,-0.161,-0.173,0.016,-0.214,0.000,106,E,0,,,,337341,121.26,0
457,1050.833,"Mount",-0.028,0.021,0.032,0.015,-0.121,0.000,60,E,0,,,,317063,116.42,0
458,1053.063,"Mount",-0.091,-0.015,0.029,0.088,-0.093,0.032,46,E,14,S,,,340079,140.43,0
459,1055.558,"Mount",0.023,-0.257,-0.239,0.098,-0.201,0.037,100,E,16,S,,,337197,141.31,0
460,1057.863,"Mount",0.034,-0.358,-0.333,0.135,-0.234,0.050,116,E,21,S,,,332387,132.11,0
461,1060.355,"Mount",0.227,-0.195,-0.278,-0.112,-0.219,-0.038,109,E,16,N,,,331011,127.29,0
462,1062.586,"Mount",0.121,-0.242,-0.270,0.004,-0.267,0.000,132,E,0,,,,326818,128.49,0
463,1065.003,"Mount",0.128,-0.013,-0.070,-0.108,-0.178,-0.039,88,E,17,N,,,335046,140.98,0
464,1067.277,"Mount",0.120,0.129,0.059,-0.166,-0.163,-0.061,81,E,26,N,,,328212,128.34,0
465,1069.755,"Mount",0.052,0.174,0.131,-0.127,-0.095,-0.048,47,E,21,N,,,335012,158.95,0
466,1072.018,"Mount",0.171,0.194,0.093,-0.241,-0.058,-0.089,29,E,38,N,,,350614,133.25,0
467,1074.540,"Mount",0.005,-0.148,-0.134,0.064,-0.137,0.020,68,E,8,S,,,328404,130.56,0
468,1076.605,"Mount",-0.070,0.047,0.074,0.040,-0.008,0.000,4,E,0,,,,331735,130.68,0
469,1079.031,"Mount",-0.035,-0.138,-0.106,0.095,-0.071,0.034,35,E,15,S,,,333673,125.02,0
470,1081.182,"Mount",-0.011,-0.013,-0.006,0.016,-0.024,0.000,12,E,0,,,,323042,125.33,0
471,1083.451,"Mount",-0.013,-0.060,-0.047,0.039,-0.016,0.000,8,E,0,,,,328174,132.56,0
472,1085.650,"Mount",-0.060,-0.060,-0.026,0.081,-0.011,0.029,5,E,12,S,,,332921,138.86,0
473,1088.040,"Mount",-0.137,-0.030,0.036,0.136,-0.015,0.050,7,E,21,S,,,327994,121.80,0
474,1090.109,"Mount",-0.068,0.008,0.039,0.056,-0.014,0.000,7,E,0,,,,330036,132.04,0
475,1092.450,"Mount",0.028,0.029,0.013,-0.038,-0.009,0.000,5,E,0,,,,332417,130.06,0
476,1094.541,"Mount",0.034,-0.069,-0.077,0.002,-0.043,0.000,22,E,0,,,,323864,142.37,0
477,1096.865,"Mount",0.002,-0.121,-0.109,0.054,-0.064,0.000,32,E,0,,,,340155,134.54,0
478,1099.030,"Mount",-0.091,-0.117,-0.062,0.135,-0.038,0.048,19,E,21,S,,,343924,138.05,0
479,1101.459,"Mount",-0.029,-0.150,-0.119,0.095,-0.074,0.036,36,E,15,S,,,342421,131.00,0
480,1103.635,"Mount",-0.088,-0.027,0.017,0.090,-0.006,0.034,3,E,15,S,,,328878,123.30,0
481,1106.034,"Mount",-0.041,-0.085,-0.057,0.076,0.008,0.029,4,W,12,S,,,336575,139.01,0
482,1108.199,"Mount",0.116,0.022,-0.034,-0.113,0.021,-0.040,10,W,17,N,,,324760,122.58,0
483,1110.582,"Mount",0.077,0.036,-0.004,-0.085,0.041,-0.032,20,W,14,N,,,335414,128.59,0
484,1112.711,"Mount",-0.071,0.033,0.062,0.047,0.092,0.000,46,W,0,,,,336680,140.38,0
485,1115.118,"Mount",0.051,0.142,0.103,-0.110,0.127,-0.040,63,W,17,N,,,315027,119.43,0
486,1117.327,"Mount",0.244,0.030,-0.085,-0.230,0.053,-0.084,26,W,36,N,,,347527,151.37,0
487,1119.697,"Mount",0.003,0.032,0.027,-0.018,0.100,0.000,50,W,0,,,,341885,141.61,0
488,1122.037,"Mount",0.021,0.136,0.111,-0.081,0.142,-0.029,70,W,12,N,,,340256,143.49,0
489,1124.469,"Mount",0.004,0.171,0.150,-0.083,0.167,-0.031,83,W,13,N,,,328414,132.74,0
490,1126.631,"Mount",-0.096,0.217,0.237,-0.015,0.203,0.000,101,W,0,,,,339798,132.82,0
491,1129.077,"Mount",0.055,0.125,0.085,-0.106,0.139,-0.038,69,W,16,N,,,345750,133.61,0
492,1131.320,"Mount",0.190,0.158,0.052,-0.242,0.106,-0.089,53,W,38,N,,,355711,145.35,0
493,1133.707,"Mount",-0.008,0.001,0.004,0.007,0.106,0.000,52,W,0,,,,325364,123.04,0
494,1135.825,"Mount",0.119,-0.213,-0.244,-0.008,-0.016,0.000,8,E,0,,,,328114,116.84,0
495,1138.317,"Mount",0.395,-0.228,-0.384,-0.245,-0.095,-0.088,47,E,38,N,,,318807,130.52,0
496,1140.559,"Mount",-0.045,-0.242,-0.195,0.151,-0.024,0.051,12,E,22,S,,,331849,140.33,0
497,1143.024,"Mount",-0.022,-0.173,-0.144,0.099,-0.061,0.038,30,E,16,S,,,338270,130.83,0
498,1145.239,"Mount",0.069,-0.357,-0.349,0.104,-0.170,0.039,84,E,17,S,,,329885,133.69,0
499,1147.579,"Mount",0.080,-0.117,-0.141,-0.017,-0.092,0.000,46,E,0,,,,348503,134.93,0
500,1149.743,"Mount",0.115,-0.155,-0.191,-0.030,-0.126,0.000,62,E,0,,,,341934,128.02,0
501,1152.144,"Mount",0.177,-0.328,-0.373,-0.006,-0.219,0.000,109,E,0,,,,349172,132.76,0
502,1154.256,"Mount",0.075,-0.065,-0.092,-0.037,-0.094,0.000,47,E,0,,,,334571,129.94,0
503,1156.610,"Mount",0.070,-0.169,-0.182,0.016,-0.134,0.000,66,E,0,,,,326203,122.28,0
504,1158.697,"Mount",0.072,0.138,0.090,-0.128,0.000,-0.046,0,,20,N,,,334283,128.43,0
505,1161.095,"Mount",-0.205,0.314,0.373,0.037,0.144,0.000,71,W,0,,,,334721,130.57,0
506,1163.278,"Mount",0.041,0.107,0.076,-0.086,0.035,-0.031,17,W,13,N,,,328644,123.68,0
507,1165.735,"Mount",-0.248,0.058,0.166,0.193,0.107,0.068,53,W,29,S,,,335736,135.02,0
508,1168.031,"Mount",-0.189,0.127,0.200,0.109,0.180,0.042,89,W,18,S,,,322580,126.02,0
509,1170.430,"Mount",-0.058,0.098,0.114,0.006,0.182,0.000,90,W,0,,,,340577,140.39,0
510,1172.708,"Mount",-0.260,-0.066,0.061,0.261,0.185,0.094,92,W,40,S,,,337483,143.07,0
511,1175.285,"Mount",-0.423,0.285,0.448,0.243,0.395,0.091,196,W,39,S,,,342501,155.37,0
512,1177.515,"Mount",-0.016,0.119,0.114,-0.041,0.246,0.000,122,W,0,,,,341506,123.83,0
513,1179.900,"Mount",-0.075,0.045,0.075,0.046,0.238,0.000,118,W,0,,,,341572,123.26,0
514,1182.061,"Mount",-0.048,-0.036,-0.010,0.059,0.201,0.000,99,W,0,,,,321268,114.95,0
515,1184.628,"Mount",0.032,0.353,0.298,-0.191,0.338,-0.069,168,W,29,N,,,337980,140.06,0
516,1186.887,"Mount",-0.089,0.009,0.049,0.075,0.181,0.024,90,W,10,S,,,337188,138.36,0
517,1189.353,"Mount",-0.013,0.148,0.138,-0.057,0.233,0.000,116,W,0,,,,343516,126.05,0
518,1191.631,"Mount",-0.127,0.327,0.349,-0.038,0.324,0.000,161,W,0,,,,327736,135.66,0
519,1194.122,"Mount",0.151,0.062,-0.014,-0.162,0.164,-0.058,81,W,25,N,,,331261,146.81,0
520,1196.507,"Mount",0.352,0.448,0.236,-0.519,0.266,-0.189,132,W,81,N,,,331556,130.36,0
521,1199.085,"Mount",0.130,0.259,0.170,-0.235,0.237,-0.092,118,W,39,N,,,329519,129.34,0
522,1201.212,"Mount",0.075,-0.193,-0.206,0.023,0.042,0.000,21,W,0,,,,345678,122.62,0
523,1203.721,"Mount",-0.301,0.008,0.146,0.263,0.184,0.095,91,W,41,S,,,344722,151.25,0
524,1205.953,"Mount",-0.164,-0.179,-0.083,0.228,0.059,0.086,29,W,37,S,,,337011,145.24,0
525,1208.372,"Mount",-0.067,-0.153,-0.105,0.130,0.014,0.050,7,W,22,S,,,363712,155.35,0
526,1210.662,"Mount",-0.100,-0.294,-0.215,0.225,-0.063,0.083,31,E,35,S,,,344754,149.17,0
527,1213.004,"Mount",-0.010,-0.108,-0.092,0.059,-0.060,0.000,30,E,0,,,,330559,124.44,0
528,1215.074,"Mount",-0.029,0.099,0.101,-0.020,0.008,0.000,4,W,0,,,,332965,119.96,0
529,1217.396,"Mount",0.023,-0.051,-0.056,0.003,-0.055,0.000,27,E,0,,,,348689,141.98,0
530,1219.546,"Mount",0.024,-0.158,-0.152,0.052,-0.131,0.000,65,E,0,,,,338045,133.19,0
531,1221.883,"Mount",-0.118,0.011,0.064,0.100,-0.017,0.036,8,E,15,S,,,328328,136.06,0
532,1223.984,"Mount",0.038,-0.041,-0.054,-0.015,-0.043,0.000,21,E,0,,,,325619,145.36,0
533,1226.328,"Mount",-0.018,-0.074,-0.058,0.050,-0.022,0.000,11,E,0,,,,354024,138.86,0
534,1228.441,"Mount",-0.050,0.017,0.039,0.037,-0.011,0.000,6,E,0,,,,319250,114.17,0
535,1230.736,"Mount",-0.018,-0.086,-0.068,0.055,-0.031,0.000,15,E,0,,,,334345,125.04,0
536,1232.887,"Mount",-0.044,-0.048,-0.022,0.061,0.006,0.022,3,W,9,S,,,349445,141.69,0
537,1235.193,"Mount",0.023,-0.131,-0.127,0.040,-0.041,0.000,20,E,0,,,,350178,152.32,0
538,1237.299,"Mount",0.012,-0.137,-0.127,0.053,-0.039,0.000,19,E,0,,,,332537,126.03,0
539,1239.697,"Mount",-0.028,0.159,0.154,-0.048,0.093,0.000,46,W,0,,,,316184,123.34,0
540,1241.762,"Mount",0.050,0.017,-0.008,-0.052,0.010,0.000,5,W,0,,,,355461,158.79,0
541,1244.204,"Mount",-0.185,-0.273,-0.157,0.290,-0.059,0.104,29,E,45,S,,,349832,128.85,0
542,1246.289,"Mount",-0.034,0.023,0.036,0.019,0.015,0.000,7,W,0,,,,335224,144.13,0
543,1248.705,"Mount",0.031,0.236,0.195,-0.136,0.101,-0.049,50,W,21,N,,,344033,140.29,0
544,1250.903,"Mount",0.084,0.062,0.017,-0.103,0.011,-0.039,5,W,17,N,,,340546,143.17,0
545,1253.323,"Mount",0.089,0.036,-0.009,-0.095,0.008,-0.036,4,W,15,N,,,335476,158.10,0
546,1255.521,"Mount",0.146,-0.006,-0.072,-0.127,-0.027,-0.047,13,E,20,N,,,335754,143.89,0
547,1257.905,"Mount",0.291,0.205,0.048,-0.353,0.001,-0.129,0,,55,N,,,355236,144.48,0
548,1259.994,"Mount",0.100,0.095,0.038,-0.133,0.000,-0.053,0,,23,N,,,331930,136.00,0
549,1262.329,"Mount",-0.005,0.122,0.111,-0.052,0.050,0.000,25,W,0,,,,338545,136.19,0
550,1264.463,"Mount",0.123,-0.122,-0.165,-0.053,-0.074,0.000,37,E,0,,,,312766,121.30,0
551,1266.890,"Mount",-0.354,-0.142,0.037,0.379,0.005,0.137,3,W,58,S,,,329564,148.64,0
552,1269.104,"Mount",-0.328,-0.155,0.014,0.362,0.008,0.136,4,W,58,S,,,337095,136.73,0
553,1271.473,"Mount",-0.119,0.179,0.213,0.023,0.103,0.000,51,W,0,,,,348098,131.30,0
554,1273.682,"Mount",-0.054,0.154,0.162,-0.023,0.085,0.000,42,W,0,,,,338221,130.48,0
555,1275.969,"Mount",0.023,0.008,-0.003,-0.024,0.017,0.000,8,W,0,,,,345221,126.67,0
556,1278.119,"Mount",-0.002,-0.127,-0.112,0.060,-0.016,0.022,8,E,9,S,,,337537,137.17,0
557,1280.538,"Mount",0.006,-0.020,-0.021,0.004,0.039,0.000,19,W,0,,,,343528,156.13,0
558,1282.620,"Mount",0.001,0.008,0.007,-0.004,0.020,0.000,10,W,0,,,,328748,132.89,0
INFO: SET LOCK POSITION, new lock pos = 139.674, 498.575
INFO: DITHER by 12.316, -9.874, new lock pos = 142.767, 514.055
INFO: SETTLING STATE CHANGE, Settling started
559,1295.303,"Mount",-3.093,-15.479,-12.316,9.874,-12.316,9.874,6107,E,4223,S,,,342409,128.02,0
560,1297.956,"Mount",0.832,-0.555,-0.876,-0.482,-0.394,-0.173,195,E,74,N,,,333025,146.25,0
561,1300.248,"Mount",0.350,-0.413,-0.528,-0.120,-0.238,-0.050,118,E,21,N,,,325949,143.69,0
562,1302.686,"Mount",0.262,-0.013,-0.132,-0.227,-0.060,-0.084,30,E,36,N,,,339348,145.50,0
563,1304.866,"Mount",0.205,-0.046,-0.135,-0.160,-0.061,-0.061,30,E,26,N,,,346472,140.42,0
564,1307.139,"Mount",-0.037,0.031,0.045,0.018,0.020,0.000,10,W,0,,,,345143,143.29,0
565,1309.238,"Mount",-0.023,0.004,0.014,0.019,0.006,0.000,3,W,0,,,,337864,130.25,0
566,1311.619,"Mount",0.154,-0.076,-0.138,-0.101,-0.062,-0.036,31,E,16,N,,,352349,142.26,0
567,1313.802,"Mount",0.213,0.080,-0.027,-0.226,-0.012,-0.083,6,E,35,N,,,326372,130.39,0
568,1316.121,"Mount",-0.008,0.029,0.029,-0.006,0.013,0.000,6,W,0,,,,309057,119.69,0
569,1318.331,"Mount",0.092,-0.354,-0.356,0.082,-0.160,0.029,79,E,13,S,,,335953,138.60,0
570,1320.844,"Mount",0.284,-0.274,-0.374,-0.125,-0.254,-0.044,126,E,19,N,,,326563,125.77,0
571,1323.028,"Mount",0.104,-0.130,-0.163,-0.032,-0.143,0.000,71,E,0,,,,325018,133.60,0
INFO: SETTLING STATE CHANGE, Settling complete
572,1325.478,"Mount",-0.040,-0.167,-0.130,0.113,-0.115,0.041,57,E,17,S,,,297240,114.72,0
573,1327.733,"Mount",0.205,-0.227,-0.296,-0.078,-0.177,-0.026,88,E,11,N,,,311185,127.19,0
574,1330.075,"Mount",0.088,-0.089,-0.119,-0.037,-0.092,0.000,46,E,0,,,,317987,122.15,0
575,1332.207,"Mount",-0.036,-0.061,-0.038,0.060,-0.036,0.000,18,E,0,,,,324852,135.74,0
576,1334.625,"Mount",-0.053,-0.143,-0.103,0.113,-0.086,0.041,43,E,17,S,,,337770,158.85,0
577,1336.842,"Mount",0.140,-0.335,-0.362,0.030,-0.209,0.000,104,E,0,,,,334082,137.54,0
578,1339.285,"Mount",0.221,-0.015,-0.115,-0.189,-0.104,-0.068,52,E,29,N,,,346306,150.54,0
579,1341.406,"Mount",0.062,-0.026,-0.052,-0.042,-0.055,0.000,27,E,0,,,,323295,118.42,0
580,1343.717,"Mount",0.020,-0.159,-0.150,0.055,-0.119,0.000,59,E,0,,,,339238,147.11,0
581,1345.877,"Mount",-0.066,-0.066,-0.028,0.089,-0.037,0.032,18,E,14,S,,,307219,127.09,0
582,1348.361,"Mount",-0.083,-0.199,-0.138,0.165,-0.090,0.061,45,E,26,S,,,332859,137.84,0
583,1350.512,"Mount",-0.079,0.131,0.152,0.010,0.045,0.000,22,W,0,,,,315990,121.60,0
584,1352.864,"Mount",-0.054,0.178,0.183,-0.034,0.060,0.000,30,W,0,,,,335391,143.11,0
585,1355.075,"Mount",-0.036,0.346,0.324,-0.127,0.120,-0.046,59,W,20,N,,,330154,133.49,0
586,1357.495,"Mount",-0.052,-0.088,-0.055,0.087,-0.046,0.029,23,E,13,S,,,320942,126.87,0
587,1359.691,"Mount",0.044,0.071,0.043,-0.072,-0.062,-0.025,31,E,11,N,,,334127,125.74,0
588,1362.154,"Mount",0.078,-0.002,-0.038,-0.068,-0.085,-0.025,42,E,11,N,,,333196,126.70,0
589,1364.365,"Mount",0.033,0.203,0.166,-0.123,-0.038,-0.045,19,E,19,N,,,335455,139.25,0
590,1366.796,"Mount",-0.132,0.011,0.071,0.112,-0.116,0.038,57,E,16,S,,,333502,139.52,0
591,1368.994,"Mount",-0.010,-0.106,-0.089,0.058,-0.212,0.000,105,E,0,,,,312753,134.26,0
592,1371.455,"Mount",-0.154,-0.039,0.036,0.155,-0.199,0.056,99,E,24,S,,,333187,152.75,0
593,1373.605,"Mount",-0.076,0.105,0.128,0.019,-0.160,0.000,79,E,0,,,,317836,137.54,0
594,1376.099,"Mount",-0.123,0.056,0.106,0.084,-0.196,0.030,97,E,13,S,,,316834,114.90,0
595,1378.391,"Mount",0.076,0.012,-0.024,-0.072,-0.249,-0.025,123,E,11,N,,,328772,135.16,0
596,1380.792,"Mount",-0.088,0.067,0.100,0.047,-0.202,0.000,100,E,0,,,,336236,134.48,0
597,1383.003,"Mount",-0.005,-0.026,-0.020,0.016,-0.226,0.000,112,E,0,,,,325215,156.38,0
598,1385.467,"Mount",-0.161,0.084,0.149,0.104,-0.137,0.037,68,E,16,S,,,322852,138.29,0
599,1387.647,"Mount",-0.064,0.053,0.076,0.032,-0.137,0.000,68,E,0,,,,324927,127.49,0
600,1390.155,"Mount",0.060,-0.294,-0.289,0.083,-0.263,0.030,130,E,13,S,,,330714,127.42,0
601,1392.382,"Mount",0.057,-0.287,-0.281,0.082,-0.242,0.031,120,E,13,S,,,318023,135.79,0
602,1394.818,"Mount",0.043,-0.166,-0.167,0.039,-0.194,0.000,96,E,0,,,,306909,114.09,0
603,1397.016,"Mount",0.141,-0.275,-0.309,0.002,-0.253,0.000,126,E,0,,,,345321,135.26,0
604,1399.502,"Mount",0.002,-0.156,-0.140,0.071,-0.210,0.025,104,E,11,S,,,339010,136.38,0
605,1401.702,"Mount",0.009,-0.090,-0.084,0.034,-0.193,0.000,96,E,0,,,,322548,137.84,0
606,1404.164,"Mount",0.059,-0.194,-0.200,0.037,-0.280,0.000,139,E,0,,,,328327,133.76,0
607,1406.377,"Mount",0.010,-0.115,-0.107,0.044,-0.236,0.000,117,E,0,,,,322008,146.53,0
608,1408.977,"Mount",-0.097,-0.074,-0.022,0.120,-0.197,0.043,98,E,19,S,,,336303,134.55,0
609,1411.220,"Mount",0.076,0.051,0.010,-0.091,-0.183,-0.031,91,E,13,N,,,334968,162.46,0
610,1413.706,"Mount",0.166,0.054,-0.029,-0.172,-0.150,-0.063,75,E,27,N,,,325492,128.36,0
611,1415.962,"Mount",0.178,0.111,0.017,-0.210,-0.119,-0.078,59,E,33,N,,,315101,125.97,0
612,1418.362,"Mount",-0.137,0.121,0.170,0.066,-0.003,0.020,2,E,9,S,,,330505,145.72,0
613,1420.491,"Mount",-0.072,-0.086,-0.043,0.103,-0.051,0.038,25,E,16,S,,,309948,131.25,0
614,1422.862,"Mount",-0.025,-0.075,-0.055,0.056,-0.030,0.000,15,E,0,,,,322247,141.89,0
615,1425.024,"Mount",-0.111,-0.136,-0.069,0.161,-0.041,0.058,20,E,25,S,,,315703,131.26,0
616,1427.324,"Mount",-0.054,0.009,0.033,0.044,0.001,0.000,0,,0,,,,336778,147.28,0
617,1429.450,"Mount",0.013,-0.073,-0.071,0.022,-0.033,0.000,17,E,0,,,,332592,134.31,0
618,1431.716,"Mount",-0.046,0.017,0.036,0.033,-0.001,0.000,0,,0,,,,319615,139.43,0
619,1433.848,"Mount",0.002,0.015,0.013,-0.009,-0.011,0.000,5,E,0,,,,335034,153.64,0
620,1436.249,"Mount",-0.093,-0.048,-0.000,0.104,-0.017,0.038,8,E,16,S,,,310627,127.48,0
621,1438.372,"Mount",0.012,-0.098,-0.093,0.034,-0.070,0.000,34,E,0,,,,321458,125.67,0
622,1440.707,"Mount",0.003,-0.004,-0.004,-0.001,-0.032,0.000,16,E,0,,,,312282,124.64,0
623,1442.838,"Mount",-0.051,0.142,0.149,-0.021,0.027,0.000,14,W,0,,,,343359,148.91,0
624,1445.203,"Mount",-0.074,0.000,0.034,0.065,-0.037,0.024,18,E,10,S,,,334393,140.13,0
625,1447.354,"Mount",-0.040,0.206,0.201,-0.059,0.062,0.000,31,W,0,,,,320091,133.07,0
626,1449.679,"Mount",0.009,-0.041,-0.041,0.011,-0.005,0.000,3,E,0,,,,336441,127.17,0
627,1451.954,"Mount",0.149,0.184,0.094,-0.217,0.054,-0.078,27,W,33,N,,,325959,134.50,0
628,1454.404,"Mount",-0.122,0.073,0.121,0.075,0.094,0.024,47,W,10,S,,,320376,138.67,0
629,1456.585,"Mount",0.154,-0.050,-0.116,-0.114,0.007,-0.040,4,W,17,N,,,327565,151.84,0
630,1459.096,"Mount",-0.335,0.068,0.215,0.266,0.188,0.094,93,W,40,S,,,336796,146.27,0
631,1461.356,"Mount",-0.093,0.069,0.104,0.050,0.156,0.000,77,W,0,,,,317133,130.81,0
632,1463.853,"Mount",0.079,0.191,0.133,-0.159,0.168,-0.057,83,W,24,N,,,307214,121.10,0
633,1466.148,"Mount",0.108,-0.020,-0.068,-0.086,0.081,-0.033,40,W,14,N,,,322272,149.26,0
634,1468.531,"Mount",0.009,-0.059,-0.056,0.019,0.111,0.000,55,W,0,,,,315026,141.51,0
635,1470.731,"Mount",0.171,0.030,-0.052,-0.166,0.102,-0.060,50,W,25,N,,,342377,133.35,0
636,1473.088,"Mount",-0.012,0.043,0.044,-0.009,0.088,0.000,44,W,0,,,,335658,151.55,0
637,1475.262,"Mount",-0.120,0.022,0.075,0.097,0.107,0.035,53,W,15,S,,,318957,125.56,0
638,1477.614,"Mount",-0.012,0.049,0.049,-0.012,0.065,0.000,32,W,0,,,,322621,133.56,0
639,1479.873,"Mount",-0.240,0.221,0.307,0.111,0.192,0.040,95,W,17,S,,,315261,130.41,0
640,1482.278,"Mount",-0.072,0.244,0.249,-0.048,0.152,0.000,75,W,0,,,,319125,130.26,0
641,1484.417,"Mount",-0.105,0.157,0.187,0.021,0.109,0.000,54,W,0,,,,329093,133.68,0
642,1486.910,"Mount",-0.357,0.174,0.319,0.236,0.150,0.085,74,W,36,S,,,308064,128.14,0
643,1489.091,"Mount",-0.181,0.013,0.095,0.154,0.043,0.059,21,W,25,S,,,327497,124.68,0
644,1491.437,"Mount",0.009,0.026,0.019,-0.020,-0.016,0.000,8,E,0,,,,323977,132.62,0
645,1493.637,"Mount",0.006,0.124,0.108,-0.063,0.038,-0.023,19,W,10,N,,,308071,120.14,0
646,1496.058,"Mount",0.131,0.015,-0.047,-0.123,-0.017,-0.045,8,E,19,N,,,323264,155.77,0
647,1498.240,"Mount",-0.109,0.034,0.080,0.081,0.015,0.027,7,W,12,S,,,339703,140.69,0
648,1500.625,"Mount",0.092,0.146,0.087,-0.149,0.024,-0.053,12,W,23,N,,,315508,128.10,0
649,1502.772,"Mount",-0.035,-0.088,-0.062,0.072,-0.034,0.024,17,E,10,S,,,322326,132.22,0
650,1505.082,"Mount",-0.077,0.054,0.084,0.043,0.038,0.000,19,W,0,,,,311645,136.94,0
651,1507.153,"Mount",-0.085,0.048,0.082,0.053,0.053,0.000,26,W,0,,,,349571,139.05,0
652,1509.567,"Mount",-0.090,-0.157,-0.098,0.152,-0.008,0.055,4,E,23,S,,,323319,137.74,0
653,1511.697,"Mount",-0.077,0.067,0.095,0.037,0.100,0.000,50,W,0,,,,338836,142.78,0
654,1514.162,"Mount",-0.135,-0.084,-0.012,0.158,0.088,0.057,44,W,24,S,,,305054,124.50,0
655,1516.329,"Mount",-0.031,-0.055,-0.034,0.053,0.112,0.000,55,W,0,,,,303622,142.36,0
656,1518.774,"Mount",-0.144,0.051,0.111,0.104,0.201,0.037,100,W,16,S,,,314827,136.61,0
657,1520.986,"Mount",0.075,-0.019,-0.052,-0.058,0.172,0.000,85,W,0,,,,316925,126.25,0
658,1523.372,"Mount",0.130,-0.185,-0.224,-0.029,0.094,0.000,47,W,0,,,,308765,124.37,0
659,1525.535,"Mount",0.058,-0.131,-0.143,0.009,0.132,0.000,66,W,0,,,,323662,151.19,0
660,1528.014,"Mount",-0.075,0.088,0.113,0.026,0.259,0.000,128,W,0,,,,328818,137.05,0
661,1530.323,"Mount",0.050,0.102,0.068,-0.092,0.222,-0.033,110,W,14,N,,,337395,126.01,0
662,1532.746,"Mount",0.094,-0.041,-0.080,-0.065,0.156,-0.025,77,W,11,N,,,325212,147.11,0
663,1534.891,"Mount",-0.012,-0.066,-0.053,0.041,0.171,0.000,85,W,0,,,,332663,128.56,0
664,1537.387,"Mount",0.069,0.015,-0.018,-0.068,0.165,-0.024,82,W,10,N,,,328841,134.10,0
665,1539.675,"Mount",-0.161,0.149,0.206,0.074,0.236,0.026,117,W,11,S,,,321991,127.32,0
666,1542.218,"Mount",-0.087,0.424,0.416,-0.118,0.320,-0.042,159,W,18,N,,,319743,120.13,0
667,1544.461,"Mount",-0.095,0.203,0.224,-0.009,0.236,0.000,117,W,0,,,,323078,140.90,0
668,1547.001,"Mount",-0.073,0.295,0.296,-0.071,0.249,-0.026,123,W,11,N,,,320760,135.50,0
669,1549.264,"Mount",-0.039,0.259,0.248,-0.085,0.232,-0.032,115,W,14,N,,,319379,119.76,0
670,1551.604,"Mount",0.047,-0.008,-0.029,-0.038,0.097,0.000,48,W,0,,,,315819,130.21,0
671,1553.739,"Mount",0.002,-0.078,-0.071,0.034,0.044,0.000,22,W,0,,,,309149,118.84,0
672,1556.058,"Mount",-0.024,0.028,0.036,0.008,0.051,0.000,26,W,0,,,,334238,129.91,0
673,1558.210,"Mount",0.084,0.016,-0.025,-0.082,0.010,-0.029,5,W,13,N,,,345240,147.41,0
674,1560.530,"Mount",-0.089,0.102,0.131,0.032,0.049,0.000,25,W,0,,,,321191,135.37,0
675,1562.663,"Mount",-0.155,0.088,0.150,0.097,0.047,0.035,23,W,15,S,,,326701,132.09,0
676,1565.015,"Mount",-0.131,0.006,0.065,0.114,-0.001,0.042,1,E,18,S,,,317416,131.82,0
677,1567.133,"Mount",0.026,-0.033,-0.041,-0.008,-0.036,0.000,18,E,0,,,,323746,139.47,0
678,1569.548,"Mount",-0.173,0.021,0.099,0.143,0.006,0.052,3,W,22,S,,,321399,123.32,0
679,1571.793,"Mount",-0.131,-0.088,-0.018,0.157,-0.037,0.058,18,E,25,S,,,318393,127.22,0
680,1574.132,"Mount",-0.076,0.093,0.118,0.024,0.029,0.000,15,W,0,,,,310518,127.10,0
681,1576.313,"Mount",0.061,0.093,0.054,-0.097,-0.019,-0.035,10,E,15,N,,,328083,122.81,0
682,1578.630,"Mount",0.061,-0.103,-0.120,-0.006,-0.059,0.000,29,E,0,,,,324738,160.26,0
683,1580.806,"Mount",0.130,-0.203,-0.240,-0.022,-0.111,0.000,55,E,0,,,,333908,137.53,0
684,1583.175,"Mount",0.070,-0.134,-0.151,0.000,-0.071,0.000,35,E,0,,,,333738,134.00,0
685,1585.354,"Mount",-0.110,-0.051,0.005,0.121,-0.000,0.044,0,,19,S,,,317910,148.51,0
686,1587.708,"Mount",0.065,-0.090,-0.110,-0.016,-0.049,0.000,24,E,0,,,,321513,132.60,0
687,1589.827,"Mount",0.076,-0.029,-0.061,-0.054,-0.037,0.000,18,E,0,,,,301976,118.81,0
688,1592.288,"Mount",0.085,0.096,0.046,-0.120,-0.011,-0.043,5,E,18,N,,,330932,151.61,0
689,1594.566,"Mount",-0.168,-0.038,0.044,0.166,-0.002,0.058,1,E,25,S,,,321520,127.24,0
690,1596.863,"Mount",-0.047,0.034,0.052,0.026,-0.002,0.000,1,E,0,,,,321909,119.97,0
691,1599.045,"Mount",0.118,0.020,-0.037,-0.114,0.013,-0.041,7,W,18,N,,,326368,128.73,0
692,1601.331,"Mount",-0.007,0.088,0.081,-0.034,0.052,0.000,26,W,0,,,,336520,142.86,0
693,1603.502,"Mount",0.124,-0.057,-0.108,-0.084,-0.035,-0.030,17,E,13,N,,,334236,138.21,0
694,1605.879,"Mount",0.053,0.061,0.030,-0.075,0.013,-0.028,6,W,12,N,,,328440,142.36,0
695,1607.951,"Mount",0.035,0.013,-0.005,-0.037,0.006,0.000,3,W,0,,,,328250,137.00,0
696,1610.248,"Mount",-0.006,-0.104,-0.089,0.054,-0.039,0.000,19,E,0,,,,318670,141.55,0
697,1612.309,"Mount",-0.047,0.102,0.112,-0.005,0.052,0.000,26,W,0,,,,322498,130.45,0
698,1614.599,"Mount",-0.051,0.021,0.042,0.036,-0.003,0.000,1,E,0,,,,342527,160.73,0
699,1616.672,"Mount",0.004,-0.048,-0.044,0.019,-0.001,0.000,1,E,0,,,,324249,122.62,0
700,1619.058,"Mount",0.120,0.000,-0.055,-0.107,0.010,-0.038,5,W,16,N,,,319585,112.03,0
701,1621.115,"Mount",-0.029,0.050,0.057,0.002,0.017,0.000,8,W,0,,,,315135,127.17,0
702,1623.419,"Mount",-0.034,-0.003,0.013,0.032,0.019,0.000,10,W,0,,,,313209,115.79,0
703,1625.473,"Mount",-0.054,0.026,0.047,0.036,0.023,0.000,11,W,0,,,,321283,125.14,0
704,1627.825,"Mount",-0.056,-0.107,-0.069,0.099,0.002,0.036,1,W,15,S,,,336990,140.72,0
705,1630.018,"Mount",-0.238,0.039,0.144,0.193,0.101,0.071,50,W,30,S,,,337964,147.48,0
706,1632.438,"Mount",-0.132,-0.040,0.025,0.136,0.036,0.052,18,W,22,S,,,340450,132.92,0
707,1634.542,"Mount",-0.032,0.033,0.044,0.013,0.038,0.000,19,W,0,,,,312708,125.66,0
708,1636.882,"Mount",-0.033,-0.020,-0.003,0.038,0.044,0.000,22,W,0,,,,334621,141.64,0
709,1639.026,"Mount",-0.026,-0.057,-0.038,0.049,0.045,0.000,22,W,0,,,,333191,136.99,0
710,1641.367,"Mount",-0.042,0.045,0.059,0.016,0.047,0.000,23,W,0,,,,339732,136.27,0
711,1643.626,"Mount",-0.239,0.077,0.179,0.177,0.124,0.064,61,W,27,S,,,339005,131.03,0
712,1646.087,"Mount",-0.020,0.273,0.252,-0.109,0.157,-0.037,78,W,16,N,,,342619,145.87,0
713,1648.277,"Mount",0.129,0.039,-0.025,-0.133,0.046,-0.049,23,W,21,N,,,342511,155.06,0
714,1650.641,"Mount",0.097,0.063,0.011,-0.115,0.029,-0.043,14,W,18,N,,,326174,140.29,0
715,1652.822,"Mount",0.100,-0.011,-0.056,-0.084,0.009,-0.032,4,W,14,N,,,332308,153.23,0
716,1655.223,"Mount",-0.192,0.067,0.148,0.140,0.058,0.049,29,W,21,S,,,327321,137.33,0
717,1657.403,"Mount",-0.120,0.067,0.115,0.076,0.013,0.029,6,W,13,S,,,329823,142.96,0
718,1659.756,"Mount",-0.008,-0.066,-0.055,0.037,-0.083,0.000,41,E,0,,,,337487,133.69,0
719,1661.921,"Mount",0.026,-0.063,-0.068,0.006,-0.127,0.000,63,E,0,,,,330118,150.97,0
720,1664.352,"Mount",-0.050,0.034,0.053,0.029,-0.112,0.000,56,E,0,,,,339594,142.79,0
721,1666.500,"Mount",0.052,-0.143,-0.151,0.019,-0.176,0.000,87,E,0,,,,309615,127.17,0
722,1668.805,"Mount",-0.076,0.071,0.098,0.035,-0.046,0.000,23,E,0,,,,319456,125.09,0
723,1671.050,"Mount",-0.061,-0.025,0.006,0.066,-0.070,0.024,35,E,10,S,,,323705,142.51,0
724,1673.467,"Mount",-0.061,-0.051,-0.017,0.077,-0.063,0.029,31,E,12,S,,,340101,136.12,0
725,1675.694,"Mount",0.151,-0.138,-0.192,-0.070,-0.137,-0.024,68,E,10,N,,,321533,128.28,0
726,1678.045,"Mount",-0.012,-0.015,-0.008,0.017,-0.059,0.000,29,E,0,,,,347341,139.42,0
727,1680.257,"Mount",0.041,-0.209,-0.204,0.060,-0.152,0.022,75,E,9,S,,,310131,129.61,0
728,1682.629,"Mount",0.129,-0.298,-0.324,0.023,-0.208,0.000,103,E,0,,,,324088,135.35,0
729,1684.841,"Mount",0.111,0.052,-0.005,-0.123,-0.083,-0.044,41,E,19,N,,,341069,149.04,0
730,1687.259,"Mount",0.161,-0.195,-0.247,-0.053,-0.196,0.000,97,E,0,,,,333504,127.81,0
731,1689.506,"Mount",-0.009,-0.153,-0.132,0.079,-0.119,0.028,59,E,12,S,,,313415,127.82,0
732,1691.966,"Mount",-0.095,0.015,0.057,0.077,-0.056,0.029,28,E,12,S,,,298502,130.82,0
733,1694.067,"Mount",-0.087,0.056,0.090,0.052,0.001,0.000,1,W,0,,,,342343,155.91,0
734,1696.518,"Mount",-0.117,-0.094,-0.029,0.147,-0.035,0.053,17,E,23,S,,,341433,144.88,0
735,1698.680,"Mount",-0.159,0.104,0.166,0.093,0.047,0.036,23,W,15,S,,,320643,121.98,0
736,1701.028,"Mount",-0.144,0.058,0.118,0.101,0.026,0.038,13,W,16,S,,,332187,138.62,0
737,1703.109,"Mount",0.027,0.053,0.035,-0.049,-0.035,0.000,17,E,0,,,,329944,133.15,0
738,1705.429,"Mount",-0.000,0.103,0.091,-0.047,-0.006,0.000,3,E,0,,,,336530,154.28,0
739,1707.563,"Mount",-0.114,0.074,0.118,0.066,-0.006,0.024,3,E,10,S,,,341741,150.64,0
740,1709.900,"Mount",-0.033,-0.064,-0.041,0.058,-0.071,0.000,35,E,0,,,,311893,119.71,0
741,1712.079,"Mount",-0.074,-0.080,-0.037,0.103,-0.090,0.037,45,E,16,S,,,306852,125.77,0
742,1714.463,"Mount",-0.046,-0.019,0.004,0.049,-0.115,0.000,57,E,0,,,,325579,134.14,0
743,1716.588,"Mount",0.011,0.008,0.002,-0.013,-0.134,0.000,67,E,0,,,,329451,134.13,0
744,1719.054,"Mount",-0.111,-0.060,-0.003,0.126,-0.175,0.045,87,E,19,S,,,336349,133.25,0
745,1721.247,"Mount",0.013,0.041,0.030,-0.031,-0.190,0.000,94,E,0,,,,322772,126.65,0
746,1723.710,"Mount",-0.005,0.084,0.077,-0.035,-0.181,0.000,90,E,0,,,,341498,147.84,0
747,1725.918,"Mount",-0.036,0.060,0.070,0.004,-0.182,0.000,90,E,0,,,,329985,154.21,0
748,1728.327,"Mount",-0.005,0.024,0.024,-0.007,-0.204,0.000,101,E,0,,,,334821,135.57,0
749,1730.468,"Mount",-0.006,0.122,0.112,-0.051,-0.143,0.000,71,E,0,,,,335463,138.10,0
750,1732.913,"Mount",0.020,-0.110,-0.107,0.033,-0.237,0.000,117,E,0,,,,323551,137.44,0
751,1735.151,"Mount",-0.015,-0.160,-0.135,0.087,-0.219,0.031,109,E,13,S,,,328804,127.71,0
752,1737.624,"Mount",0.186,-0.317,-0.367,-0.018,-0.319,0.000,158,E,0,,,,338451,126.84,0
753,1739.942,"Mount",0.121,-0.383,-0.395,0.069,-0.321,0.025,159,E,11,S,,,317763,126.99,0
754,1742.413,"Mount",0.130,-0.352,-0.372,0.047,-0.316,0.000,157,E,0,,,,338613,166.46,0
755,1744.610,"Mount",-0.013,-0.100,-0.082,0.057,-0.204,0.000,101,E,0,,,,318209,121.71,0
756,1747.119,"Mount",0.185,-0.100,-0.174,-0.118,-0.258,-0.043,128,E,18,N,,,309038,127.51,0
757,1749.483,"Mount",0.171,-0.077,-0.147,-0.116,-0.259,-0.043,128,E,19,N,,,337458,136.98,0
758,1751.893,"Mount",-0.007,0.044,0.042,-0.014,-0.203,0.000,100,E,0,,,,337881,137.93,0
759,1754.119,"Mount",0.090,-0.058,-0.093,-0.053,-0.229,0.000,114,E,0,,,,321339,138.75,0
760,1756.627,"Mount",-0.023,-0.126,-0.101,0.079,-0.228,0.028,113,E,12,S,,,339419,136.49,0
761,1758.839,"Mount",-0.056,-0.016,0.012,0.057,-0.156,0.000,78,E,0,,,,323010,134.75,0
762,1761.268,"Mount",-0.067,-0.068,-0.030,0.091,-0.127,0.033,63,E,14,S,,,323735,132.69,0
763,1763.481,"Mount",-0.119,0.052,0.101,0.081,-0.056,0.031,28,E,13,S,,,326908,117.59,0
764,1765.851,"Mount",-0.021,0.022,0.029,0.008,-0.076,0.000,38,E,0,,,,320797,140.56,0
765,1767.995,"Mount",0.010,0.046,0.036,-0.030,-0.051,0.000,25,E,0,,,,325973,137.18,0
766,1770.297,"Mount",0.046,0.011,-0.011,-0.046,-0.036,0.000,18,E,0,,,,317286,127.76,0
767,1772.494,"Mount",0.002,-0.092,-0.082,0.041,-0.058,0.000,29,E,0,,,,340056,134.21,0
768,1774.815,"Mount",-0.003,0.030,0.028,-0.011,-0.012,0.000,6,E,0,,,,331272,139.23,0
769,1776.929,"Mount",0.044,-0.109,-0.117,0.011,-0.062,0.000,31,E,0,,,,333219,139.81,0
770,1779.312,"Mount",-0.103,-0.035,0.016,0.107,-0.012,0.039,6,E,17,S,,,351134,159.59,0
771,1781.466,"Mount",0.046,-0.062,-0.076,-0.012,-0.049,0.000,24,E,0,,,,344057,142.99,0
772,1783.834,"Mount",0.043,-0.127,-0.133,0.020,-0.087,0.000,43,E,0,,,,331571,128.02,0
773,1785.983,"Mount",0.041,-0.108,-0.115,0.014,-0.081,0.000,40,E,0,,,,348459,143.73,0
774,1788.401,"Mount",0.101,0.055,0.002,-0.115,-0.036,-0.041,18,E,18,N,,,306892,118.52,0
775,1790.526,"Mount",-0.015,-0.058,-0.045,0.040,-0.033,0.000,16,E,0,,,,313907,131.78,0
776,1792.866,"Mount",0.009,-0.065,-0.062,0.022,-0.051,0.000,25,E,0,,,,331004,135.16,0
777,1795.015,"Mount",-0.033,-0.096,-0.070,0.074,-0.037,0.027,18,E,11,S,,,330447,143.61,0
778,1797.416,"Mount",-0.094,-0.030,0.017,0.097,0.010,0.036,5,W,15,S,,,329057,130.69,0
779,1799.601,"Mount",-0.089,-0.051,-0.004,0.103,0.034,0.039,17,W,16,S,,,347339,140.70,0
780,1801.954,"Mount",0.019,0.062,0.046,-0.046,0.055,0.000,27,W,0,,,,311275,113.63,0
781,1804.161,"Mount",-0.080,-0.052,-0.010,0.095,0.070,0.034,35,W,15,S,,,310378,133.29,0
782,1806.527,"Mount",0.067,-0.038,-0.064,-0.042,0.062,0.000,31,W,0,,,,316842,136.68,0
783,1808.644,"Mount",0.061,-0.027,-0.052,-0.042,0.096,0.000,47,W,0,,,,348624,132.04,0
784,1811.108,"Mount",0.074,0.047,0.008,-0.088,0.114,-0.032,56,W,13,N,,,343766,131.61,0
785,1813.232,"Mount",0.085,-0.045,-0.079,-0.055,0.070,0.000,35,W,0,,,,306564,125.20,0
786,1815.676,"Mount",0.071,0.102,0.058,-0.110,0.104,-0.040,51,W,17,N,,,333537,135.83,0
787,1817.826,"Mount",0.061,-0.025,-0.050,-0.043,0.098,0.000,49,W,0,,,,321760,139.60,0
788,1820.167,"Mount",0.002,0.115,0.101,-0.055,0.145,0.000,72,W,0,,,,314670,131.60,0
789,1822.362,"Mount",0.128,0.101,0.031,-0.160,0.092,-0.058,46,W,25,N,,,326142,131.58,0
790,1824.835,"Mount",-0.161,0.107,0.168,0.093,0.168,0.031,83,W,13,S,,,318011,149.17,0
791,1827.030,"Mount",0.123,0.034,-0.027,-0.125,0.085,-0.044,42,W,19,N,,,322560,133.78,0
792,1829.491,"Mount",0.130,0.081,0.012,-0.153,0.073,-0.057,36,W,24,N,,,326400,129.17,0
793,1831.675,"Mount",-0.031,0.185,0.179,-0.059,0.137,0.000,68,W,0,,,,328013,157.83,0
794,1834.040,"Mount",-0.066,0.127,0.143,0.000,0.106,0.000,52,W,0,,,,334837,142.01,0
795,1836.193,"Mount",-0.037,0.099,0.105,-0.013,0.067,0.000,33,W,0,,,,327689,125.17,0
796,1838.486,"Mount",-0.047,0.031,0.050,0.027,0.015,0.000,8,W,0,,,,314509,127.93,0
797,1840.634,"Mount",-0.118,-0.041,0.018,0.124,0.004,0.045,2,W,19,S,,,307051,120.93,0
798,1843.079,"Mount",-0.158,0.115,0.175,0.087,0.070,0.033,35,W,14,S,,,336047,135.88,0
799,1845.273,"Mount",0.066,0.042,0.007,-0.078,-0.016,-0.027,8,E,11,N,,,347612,140.66,0
800,1847.654,"Mount",-0.045,-0.114,-0.081,0.092,-0.050,0.032,25,E,14,S,,,310142,125.43,0
801,1849.807,"Mount",-0.087,-0.037,0.007,0.094,-0.014,0.035,7,E,15,S,,,329791,143.59,0
802,1852.205,"Mount",-0.098,0.041,0.081,0.068,0.040,0.026,20,W,11,S,,,330626,124.00,0
803,1854.340,"Mount",0.092,0.045,-0.003,-0.103,0.015,-0.036,7,W,15,N,,,308671,137.71,0
804,1856.682,"Mount",0.020,-0.009,-0.018,-0.014,0.040,0.000,20,W,0,,,,296883,122.65,0
805,1858.890,"Mount",0.038,0.113,0.083,-0.086,0.102,-0.031,50,W,13,N,,,305855,124.95,0
806,1861.310,"Mount",0.171,-0.032,-0.107,-0.137,0.039,-0.050,19,W,22,N,,,314391,143.49,0
807,1863.549,"Mount",0.209,0.032,-0.068,-0.201,0.079,-0.074,39,W,32,N,,,312234,135.79,0
808,1865.979,"Mount",0.137,-0.002,-0.065,-0.121,0.108,-0.046,54,W,20,N,,,330629,148.77,0
809,1868.143,"Mount",0.053,-0.099,-0.113,-0.002,0.091,0.000,45,W,0,,,,312787,137.03,0
810,1870.686,"Mount",-0.088,-0.108,-0.056,0.128,0.171,0.046,85,W,20,S,,,318696,128.12,0
811,1872.962,"Mount",0.019,-0.285,-0.261,0.115,0.063,0.043,31,W,18,S,,,308938,128.95,0
812,1875.427,"Mount",0.182,-0.106,-0.178,-0.112,0.113,-0.039,56,W,17,N,,,310160,147.80,0
813,1877.684,"Mount",0.077,0.115,0.066,-0.121,0.225,-0.045,112,W,19,N,,,318207,130.65,0
814,1880.069,"Mount",0.026,-0.049,-0.055,-0.000,0.188,0.000,93,W,0,,,,317689,126.92,0
815,1882.302,"Mount",-0.016,0.017,0.022,0.006,0.185,0.000,92,W,0,,,,313361,116.20,0
816,1884.725,"Mount",-0.075,-0.109,-0.063,0.117,0.165,0.042,82,W,18,S,,,325163,120.49,0
817,1887.045,"Mount",-0.032,0.358,0.332,-0.137,0.337,-0.048,167,W,20,N,,,321951,128.93,0
818,1889.569,"Mount",-0.065,0.100,0.119,0.012,0.245,0.000,122,W,0,,,,322340,129.27,0
819,1891.845,"Mount",-0.142,0.065,0.123,0.095,0.227,0.034,113,W,15,S,,,318035,123.56,0
820,1894.280,"Mount",-0.083,0.156,0.176,0.001,0.245,0.000,121,W,0,,,,330719,139.63,0
821,1896.493,"Mount",-0.065,0.231,0.235,-0.049,0.235,0.000,116,W,0,,,,307502,116.30,0
822,1898.923,"Mount",0.060,0.074,0.038,-0.087,0.105,-0.031,52,W,13,N,,,328299,135.49,0
823,1901.091,"Mount",-0.002,-0.021,-0.018,0.011,0.082,0.000,41,W,0,,,,322459,125.51,0
824,1903.507,"Mount",-0.089,-0.057,-0.009,0.106,0.054,0.038,27,W,16,S,,,330319,141.15,0
825,1905.630,"Mount",-0.038,-0.038,-0.016,0.052,0.030,0.000,15,W,0,,,,361053,139.95,0
826,1908.065,"Mount",-0.159,0.135,0.193,0.078,0.091,0.028,45,W,12,S,,,325654,150.50,0
827,1910.118,"Mount",-0.042,0.048,0.062,0.015,0.016,0.000,8,W,0,,,,308630,112.64,0
828,1912.454,"Mount",-0.043,0.067,0.079,0.007,0.014,0.000,7,W,0,,,,302557,126.97,0
829,1914.537,"Mount",-0.006,-0.046,-0.038,0.027,-0.019,0.000,9,E,0,,,,308827,127.29,0
830,1916.878,"Mount",-0.026,-0.056,-0.038,0.049,-0.021,0.000,10,E,0,,,,332007,144.62,0
831,1918.964,"Mount",-0.005,0.049,0.046,-0.018,-0.027,0.000,13,E,0,,,,295876,114.58,0
832,1921.320,"Mount",0.057,-0.070,-0.088,-0.018,-0.070,0.000,35,E,0,,,,315693,116.24,0
833,1923.434,"Mount",0.049,-0.037,-0.055,-0.027,-0.025,0.000,12,E,0,,,,325552,132.25,0
834,1925.901,"Mount",0.015,0.197,0.168,-0.104,0.053,-0.037,26,W,16,N,,,331651,135.72,0
835,1930.206,"Mount",0.079,0.172,0.117,-0.149,0.039,-0.055,19,W,24,N,,,298792,122.15,0
836,1932.345,"Mount",-0.071,-0.023,0.012,0.074,-0.002,0.024,1,E,10,S,,,295257,115.80,0
Guiding Ends at 2026-05-29 05:29:39

Log Summary: calcnt:0 gcnt:14 gdur:20284 gacnt:0
Log closed at 2026-05-29 06:02:47
