PHD2 version 2.6.14 [Windows], Log version 2.5. Log enabled at 2026-05-25 20:14:57
INFO: Guiding parameter change, MultiStar = true

Guiding Begins at 2026-05-25 22:04:53
Equipment Profile = 60mmGuide
Dither = both axes, Dither scale = 1.000, Image noise reduction = none, Guide-frame time lapse = 0, Server enabled
Pixel scale = 3.22 arc-sec/px, Binning = 1, Focal length = 240 mm
Search region = 25 px, Star mass tolerance = 50.0%, Multi-star mode, list size = 12
 Camera = ZWO ASI120MM Mini, gain = 37, full size = 1280 x 960, have dark, dark dur = 2000, no defect map, pixel size = 3.8 um
Exposure = 2000 ms
Mount = iOptron CEM120,70,40,26, GEM, HEM, HAE, HAZ series and SkyHunter Mount (ASCOM), connected, guiding enabled, xAngle = -62.6, xRate = 0.045, yAngle = -152.7, yRate = 2.338, parity = +/-
Norm rates RA = 8.3"/s @ dec 0, Dec = 7.5"/s; ortho.err. = 0.1 deg
X guide algorithm = Predictive PEC, Control gain = 0.450
Prediction gain = 0.750
Minimum move = 0.060
Hyperparameters
	Length scale long range SE kernel = 700.000
	Signal variance long range SE kernel = 20.000
	Length scale periodic kernel = 10.000
	Signal variance periodic kernel = 20.000
	Length scale short range SE kernel = 25.000
	Signal variance short range SE kernel = 10.000
	Period length periodic kernel = 348.000
	FFT called after = 2.000 worm cycles
	Auto-adjust period length = Off
Y guide algorithm = Hysteresis, Hysteresis = 0.100, Aggression = 0.400, Minimum move = 0.060
Backlash comp = disabled, pulse = 100 ms
Max RA duration = 2500, Max DEC duration = 2500, DEC guide mode = Auto
RA Guide Speed = 7.5 a-s/s, Dec Guide Speed = 7.5 a-s/s, Cal Dec = 0.0, Last Cal Issue = None, Timestamp = 7/29/2025 9:33:42 PM
RA = 18.57 hr, Dec = 90.0 deg, Hour angle = -5.87 hr, Pier side = Unknown, Rotator pos = N/A, Alt = 31.5 deg, Az = 0.0 deg
Lock position = 940.304, 493.293, Star position = 940.304, 493.293, HFD = 4.81 px
Frame,Time,mount,dx,dy,RARawDistance,DECRawDistance,RAGuideDistance,DECGuideDistance,RADuration,RADirection,DECDuration,DECDirection,XStep,YStep,StarMass,SNR,ErrorCode
INFO: SETTLING STATE CHANGE, Settling started
1,3.075,"Mount",-0.186,-0.012,-0.075,0.170,-0.034,0.061,754,E,26,S,,,556304,194.86,0
2,8.080,"Mount",-0.571,0.125,-0.373,0.449,-0.168,0.164,2500,E,70,S,,,572865,154.81,0
3,12.961,"Mount",-0.250,1.130,-1.118,-0.300,-0.503,-0.101,2500,E,43,N,,,526874,154.28,0
4,17.820,"Mount",-0.948,1.384,-1.665,0.202,-0.749,0.069,2500,E,29,S,,,511576,155.68,0
5,22.798,"Mount",-1.057,1.769,-2.057,0.121,-0.926,0.046,2500,E,20,S,,,600459,180.91,0
6,27.634,"Mount",-1.215,2.312,-2.612,0.010,-1.175,0.000,2500,E,0,,,,589607,178.84,0
7,32.541,"Mount",-1.273,2.703,-2.985,-0.118,-1.343,-0.043,2500,E,18,N,,,508011,142.20,0
8,37.485,"Mount",-2.092,3.367,-3.952,0.301,-1.778,0.107,2500,E,46,S,,,579320,176.37,0
9,42.414,"Mount",-1.665,3.780,-4.122,-0.268,-1.855,-0.092,2500,E,39,N,,,592696,172.90,0
10,47.268,"Mount",-2.339,4.008,-4.635,0.224,-2.086,0.077,2500,E,33,S,,,582906,169.23,0
11,52.179,"Mount",-2.608,4.705,-5.377,0.141,-2.340,0.054,2500,E,23,S,,,590851,161.32,0
12,57.002,"Mount",-2.699,5.139,-5.804,0.022,-2.516,0.000,2500,E,0,,,,600299,148.40,0
13,61.913,"Mount",-3.031,6.040,-6.757,-0.100,-2.949,-0.036,2500,E,15,N,,,505268,141.88,0
14,66.801,"Mount",-3.307,6.047,-6.890,0.141,-2.869,0.049,2500,E,21,S,,,588318,145.93,0
15,71.669,"Mount",-3.572,6.694,-7.587,0.078,-3.561,0.030,2500,E,13,S,,,525666,143.06,0
16,76.561,"Mount",-3.897,7.301,-8.275,0.086,-3.795,0.032,2500,E,14,S,,,558008,151.22,0
17,81.415,"Mount",-3.994,7.518,-8.513,0.071,-3.733,0.027,2500,E,12,S,,,634505,169.01,0
18,86.332,"Mount",-4.242,8.404,-9.413,-0.118,-4.089,-0.041,2500,E,18,N,,,574985,148.97,0
19,91.162,"Mount",-4.465,8.460,-9.566,0.055,-4.285,0.000,2500,E,0,,,,549798,151.27,0
INFO: SETTLING STATE CHANGE, Settling failed
20,96.058,"Mount",-4.633,9.044,-10.162,-0.066,-4.653,-0.024,0,,0,,,,568286,146.87,0
Guiding Ends at 2026-05-25 22:06:29

Guiding Begins at 2026-05-25 22:07:06
Equipment Profile = 60mmGuide
Dither = both axes, Dither scale = 1.000, Image noise reduction = none, Guide-frame time lapse = 0, Server enabled
Pixel scale = 3.22 arc-sec/px, Binning = 1, Focal length = 240 mm
Search region = 25 px, Star mass tolerance = 50.0%, Multi-star mode, list size = 12
 Camera = ZWO ASI120MM Mini, gain = 37, full size = 1280 x 960, have dark, dark dur = 2000, no defect map, pixel size = 3.8 um
Exposure = 2000 ms
Mount = iOptron CEM120,70,40,26, GEM, HEM, HAE, HAZ series and SkyHunter Mount (ASCOM), connected, guiding enabled, xAngle = 117.4, xRate = 0.217, yAngle = -152.7, yRate = 2.338, parity = +/+
Norm rates RA = 8.3"/s @ dec 0, Dec = 7.5"/s; ortho.err. = 0.1 deg
X guide algorithm = Predictive PEC, Control gain = 0.450
Prediction gain = 0.750
Minimum move = 0.060
Hyperparameters
	Length scale long range SE kernel = 700.000
	Signal variance long range SE kernel = 20.000
	Length scale periodic kernel = 10.000
	Signal variance periodic kernel = 20.000
	Length scale short range SE kernel = 25.000
	Signal variance short range SE kernel = 10.000
	Period length periodic kernel = 348.000
	FFT called after = 2.000 worm cycles
	Auto-adjust period length = Off
Y guide algorithm = Hysteresis, Hysteresis = 0.100, Aggression = 0.400, Minimum move = 0.060
Backlash comp = disabled, pulse = 100 ms
Max RA duration = 2500, Max DEC duration = 2500, DEC guide mode = Auto
RA Guide Speed = 7.5 a-s/s, Dec Guide Speed = 7.5 a-s/s, Cal Dec = 0.0, Last Cal Issue = None, Timestamp = 7/29/2025 9:33:42 PM
RA = 0.02 hr, Dec = 85.1 deg, Hour angle = -11.28 hr, Pier side = West, Rotator pos = N/A, Alt = 26.8 deg, Az = 1.0 deg
Lock position = 935.831, 45.270, Star position = 935.831, 45.270, HFD = 4.51 px
Frame,Time,mount,dx,dy,RARawDistance,DECRawDistance,RAGuideDistance,DECGuideDistance,RADuration,RADirection,DECDuration,DECDirection,XStep,YStep,StarMass,SNR,ErrorCode
INFO: SETTLING STATE CHANGE, Settling started
1,2.355,"Mount",-0.074,0.044,0.073,0.045,0.033,0.000,151,W,0,,,,327611,119.75,0
2,4.757,"Mount",-0.133,-0.022,0.042,0.128,0.000,0.046,0,,20,S,,,314995,126.40,0
3,7.426,"Mount",-0.254,0.133,0.235,0.164,0.106,0.061,487,W,26,S,,,290056,130.67,0
4,10.380,"Mount",-0.366,0.111,0.267,0.274,0.120,0.101,552,W,43,S,,,354297,108.05,0
5,13.111,"Mount",-0.172,0.243,0.295,0.040,0.133,0.000,610,W,0,,,,336770,135.80,0
6,15.835,"Mount",-0.132,0.119,0.166,0.062,0.075,0.022,344,W,10,S,,,309948,125.89,0
7,18.645,"Mount",-0.373,0.135,0.292,0.268,0.131,0.097,604,W,42,S,,,285675,113.80,0
8,20.945,"Mount",-0.116,-0.028,0.028,0.116,0.000,0.046,0,,20,S,,,314389,128.92,0
INFO: SETTLING STATE CHANGE, Settling complete
9,23.864,"Mount",-0.007,0.418,0.374,-0.187,0.168,-0.066,774,W,28,N,,,282726,102.08,0
10,28.779,"Mount",-2.081,3.053,3.668,0.437,1.651,0.155,2500,W,66,S,,,278022,127.07,0
11,32.153,"Mount",-0.381,-0.772,-0.510,0.694,-0.201,0.256,926,E,110,S,,,272509,105.94,0
Guiding Ends at 2026-05-25 22:07:39

Guiding Begins at 2026-05-25 22:09:54
Equipment Profile = 60mmGuide
Dither = both axes, Dither scale = 1.000, Image noise reduction = none, Guide-frame time lapse = 0, Server enabled
Pixel scale = 3.22 arc-sec/px, Binning = 1, Focal length = 240 mm
Search region = 25 px, Star mass tolerance = 50.0%, Multi-star mode, list size = 12
 Camera = ZWO ASI120MM Mini, gain = 37, full size = 1280 x 960, have dark, dark dur = 2000, no defect map, pixel size = 3.8 um
Exposure = 2000 ms
Mount = iOptron CEM120,70,40,26, GEM, HEM, HAE, HAZ series and SkyHunter Mount (ASCOM), connected, guiding enabled, xAngle = 117.4, xRate = 0.217, yAngle = -152.7, yRate = 2.338, parity = +/+
Norm rates RA = 8.3"/s @ dec 0, Dec = 7.5"/s; ortho.err. = 0.1 deg
X guide algorithm = Predictive PEC, Control gain = 0.450
Prediction gain = 0.750
Minimum move = 0.060
Hyperparameters
	Length scale long range SE kernel = 700.000
	Signal variance long range SE kernel = 20.000
	Length scale periodic kernel = 10.000
	Signal variance periodic kernel = 20.000
	Length scale short range SE kernel = 25.000
	Signal variance short range SE kernel = 10.000
	Period length periodic kernel = 348.000
	FFT called after = 2.000 worm cycles
	Auto-adjust period length = Off
Y guide algorithm = Hysteresis, Hysteresis = 0.100, Aggression = 0.400, Minimum move = 0.060
Backlash comp = disabled, pulse = 100 ms
Max RA duration = 2500, Max DEC duration = 2500, DEC guide mode = Auto
RA Guide Speed = 7.5 a-s/s, Dec Guide Speed = 7.5 a-s/s, Cal Dec = 0.0, Last Cal Issue = None, Timestamp = 7/29/2025 9:33:42 PM
RA = 0.02 hr, Dec = 85.1 deg, Hour angle = -11.23 hr, Pier side = West, Rotator pos = N/A, Alt = 26.8 deg, Az = 1.1 deg
Lock position = 932.976, 45.962, Star position = 932.976, 45.962, HFD = 4.43 px
Frame,Time,mount,dx,dy,RARawDistance,DECRawDistance,RAGuideDistance,DECGuideDistance,RADuration,RADirection,DECDuration,DECDirection,XStep,YStep,StarMass,SNR,ErrorCode
INFO: SETTLING STATE CHANGE, Settling started
1,2.547,"Mount",-0.258,0.009,0.127,0.225,0.057,0.081,262,W,35,S,,,381226,141.42,0
2,5.026,"Mount",0.204,0.060,-0.041,-0.209,-0.019,-0.072,85,E,31,N,,,265904,106.02,0
3,7.457,"Mount",0.240,0.004,-0.107,-0.215,-0.048,-0.080,221,E,34,N,,,291515,140.95,0
4,9.985,"Mount",-0.256,-0.078,0.048,0.263,0.022,0.092,100,W,39,S,,,262608,107.64,0
5,12.450,"Mount",0.119,0.206,0.128,-0.201,0.057,-0.069,264,W,29,N,,,323521,119.67,0
6,15.135,"Mount",0.133,-0.145,-0.190,-0.051,-0.086,0.000,394,E,0,,,,319858,122.73,0
7,17.272,"Mount",-0.002,-0.011,-0.009,0.007,-0.004,0.000,19,E,0,,,,281911,106.05,0
8,20.194,"Mount",-0.142,0.250,0.287,0.010,0.129,0.000,594,W,0,,,,265892,104.64,0
INFO: SETTLING STATE CHANGE, Settling complete
9,22.450,"Mount",-0.160,-0.107,-0.021,0.191,-0.010,0.069,44,E,29,S,,,310155,127.14,0
Guiding Ends at 2026-05-25 22:10:19

Guiding Begins at 2026-05-25 22:11:43
Equipment Profile = 60mmGuide
Dither = both axes, Dither scale = 1.000, Image noise reduction = none, Guide-frame time lapse = 0, Server enabled
Pixel scale = 3.22 arc-sec/px, Binning = 1, Focal length = 240 mm
Search region = 25 px, Star mass tolerance = 50.0%, Multi-star mode, list size = 12
 Camera = ZWO ASI120MM Mini, gain = 37, full size = 1280 x 960, have dark, dark dur = 2000, no defect map, pixel size = 3.8 um
Exposure = 2000 ms
Mount = iOptron CEM120,70,40,26, GEM, HEM, HAE, HAZ series and SkyHunter Mount (ASCOM), connected, guiding enabled, xAngle = 117.4, xRate = 1.749, yAngle = -152.7, yRate = 2.338, parity = +/+
Norm rates RA = 8.3"/s @ dec 0, Dec = 7.5"/s; ortho.err. = 0.1 deg
X guide algorithm = Predictive PEC, Control gain = 0.450
Prediction gain = 0.750
Minimum move = 0.060
Hyperparameters
	Length scale long range SE kernel = 700.000
	Signal variance long range SE kernel = 20.000
	Length scale periodic kernel = 10.000
	Signal variance periodic kernel = 20.000
	Length scale short range SE kernel = 25.000
	Signal variance short range SE kernel = 10.000
	Period length periodic kernel = 348.000
	FFT called after = 2.000 worm cycles
	Auto-adjust period length = Off
Y guide algorithm = Hysteresis, Hysteresis = 0.100, Aggression = 0.400, Minimum move = 0.060
Backlash comp = disabled, pulse = 100 ms
Max RA duration = 2500, Max DEC duration = 2500, DEC guide mode = Auto
RA Guide Speed = 7.5 a-s/s, Dec Guide Speed = 7.5 a-s/s, Cal Dec = 0.0, Last Cal Issue = None, Timestamp = 7/29/2025 9:33:42 PM
RA = 13.52 hr, Dec = 47.1 deg, Hour angle = -0.70 hr, Pier side = West, Rotator pos = N/A, Alt = 72.5 deg, Az = 24.5 deg
Lock position = 318.305, 51.218, Star position = 318.305, 51.218, HFD = 4.65 px
Frame,Time,mount,dx,dy,RARawDistance,DECRawDistance,RAGuideDistance,DECGuideDistance,RADuration,RADirection,DECDuration,DECDirection,XStep,YStep,StarMass,SNR,ErrorCode
INFO: SETTLING STATE CHANGE, Settling started
1,2.284,"Mount",0.151,-0.068,-0.130,-0.102,-0.058,-0.037,33,E,16,N,,,445599,127.25,0
2,4.760,"Mount",-0.180,0.005,0.088,0.158,0.039,0.055,23,W,24,S,,,424210,117.94,0
3,6.839,"Mount",-0.022,0.010,0.019,0.015,0.000,0.000,0,,0,,,,442644,129.58,0
4,9.089,"Mount",-0.026,0.009,0.020,0.019,0.000,0.000,0,,0,,,,450003,130.61,0
5,11.393,"Mount",0.158,-0.015,-0.086,-0.133,-0.039,-0.048,22,E,20,N,,,453295,139.80,0
6,13.759,"Mount",-0.040,0.112,0.118,-0.016,0.053,0.000,30,W,0,,,,440444,130.02,0
7,15.860,"Mount",0.217,0.071,-0.037,-0.225,0.000,-0.081,0,,35,N,,,455504,140.70,0
8,18.224,"Mount",0.036,0.118,0.088,-0.086,0.039,-0.034,23,W,15,N,,,423773,140.62,0
9,20.324,"Mount",-0.100,0.088,0.124,0.048,0.056,0.000,32,W,0,,,,414406,131.54,0
INFO: SETTLING STATE CHANGE, Settling complete
10,22.680,"Mount",0.112,0.116,0.052,-0.153,0.000,-0.055,0,,23,N,,,428129,137.35,0
11,24.989,"Mount",-0.112,0.555,0.544,-0.157,0.225,-0.059,129,W,25,N,,,447912,133.60,0
12,27.511,"Mount",-0.103,0.500,0.491,-0.139,0.200,-0.052,115,W,22,N,,,416645,119.70,0
13,29.801,"Mount",-0.159,0.511,0.527,-0.095,0.225,-0.036,129,W,15,N,,,440778,130.34,0
14,32.340,"Mount",-0.168,0.585,0.597,-0.121,0.263,-0.045,150,W,19,N,,,420417,138.69,0
15,34.770,"Mount",-0.204,0.684,0.701,-0.135,0.308,-0.050,176,W,22,N,,,427749,126.44,0
16,37.356,"Mount",-0.401,0.620,0.735,0.070,0.325,0.023,186,W,10,S,,,400199,110.98,0
17,39.681,"Mount",-0.137,0.535,0.538,-0.125,0.246,-0.044,141,W,19,N,,,441272,148.96,0
18,42.270,"Mount",-0.470,0.451,0.617,0.208,0.281,0.073,161,W,31,S,,,426655,143.07,0
19,44.515,"Mount",-0.195,0.499,0.532,-0.057,0.243,0.000,139,W,0,,,,437639,124.14,0
20,46.934,"Mount",-0.236,0.468,0.524,-0.007,0.233,0.000,133,W,0,,,,436903,134.99,0
21,49.189,"Mount",-0.059,0.486,0.459,-0.172,0.203,-0.062,116,W,26,N,,,458335,168.98,0
22,51.693,"Mount",-0.336,0.179,0.314,0.215,0.146,0.075,84,W,32,S,,,454117,145.51,0
23,53.924,"Mount",-0.168,0.159,0.219,0.076,0.105,0.030,60,W,13,S,,,418413,131.56,0
24,56.321,"Mount",-0.031,0.193,0.186,-0.062,0.091,-0.021,52,W,9,N,,,416274,116.89,0
25,58.539,"Mount",0.058,0.184,0.136,-0.136,0.069,-0.050,39,W,21,N,,,434373,135.33,0
26,60.905,"Mount",-0.044,0.097,0.106,-0.005,0.051,0.000,29,W,0,,,,435418,136.12,0
27,63.024,"Mount",0.015,-0.038,-0.040,0.004,0.003,0.000,2,W,0,,,,448846,151.71,0
28,65.485,"Mount",-0.150,0.135,0.189,0.071,0.083,0.026,47,W,11,S,,,427801,144.60,0
29,67.602,"Mount",0.083,0.044,0.001,-0.094,0.001,-0.033,0,,14,N,,,438227,145.57,0
30,70.051,"Mount",0.034,0.128,0.098,-0.089,0.044,-0.033,25,W,14,N,,,439959,130.62,0
31,72.252,"Mount",0.115,-0.024,-0.074,-0.090,-0.027,-0.034,15,E,14,N,,,429917,141.39,0
32,74.540,"Mount",-0.005,-0.045,-0.038,0.025,0.005,0.000,3,W,0,,,,438373,139.90,0
33,76.701,"Mount",0.113,-0.023,-0.073,-0.090,-0.025,-0.032,15,E,14,N,,,437426,140.75,0
34,79.040,"Mount",-0.004,-0.121,-0.105,0.059,-0.036,0.000,20,E,0,,,,435833,139.96,0
35,81.206,"Mount",-0.027,-0.203,-0.168,0.118,-0.066,0.043,38,E,18,S,,,427904,133.09,0
36,83.576,"Mount",-0.082,0.088,0.116,0.033,0.051,0.000,29,W,0,,,,439227,125.44,0
37,85.665,"Mount",0.025,-0.033,-0.041,-0.007,-0.000,0.000,0,,0,,,,436822,123.68,0
38,87.990,"Mount",0.077,0.006,-0.031,-0.071,0.000,-0.026,0,,11,N,,,425761,124.89,0
39,90.148,"Mount",0.042,0.066,0.039,-0.068,0.001,-0.025,1,W,11,N,,,442207,121.40,0
40,92.534,"Mount",0.054,0.056,0.025,-0.073,0.012,-0.027,7,W,12,N,,,448357,134.33,0
41,94.631,"Mount",0.049,-0.032,-0.051,-0.029,0.014,0.000,8,W,0,,,,432410,153.26,0
42,97.046,"Mount",0.063,0.069,0.033,-0.087,0.010,-0.031,6,W,13,N,,,422633,123.64,0
43,99.240,"Mount",0.167,0.012,-0.066,-0.154,-0.015,-0.057,9,E,24,N,,,434933,138.19,0
44,101.627,"Mount",-0.074,-0.101,-0.056,0.113,0.002,0.038,1,W,16,S,,,433752,126.47,0
45,103.762,"Mount",0.072,-0.053,-0.080,-0.039,-0.032,0.000,18,E,0,,,,436557,143.96,0
46,106.193,"Mount",0.051,0.201,0.155,-0.138,0.060,-0.050,34,W,21,N,,,418686,122.29,0
47,108.388,"Mount",0.090,0.131,0.075,-0.141,0.026,-0.053,15,W,23,N,,,421388,125.69,0
48,110.758,"Mount",-0.091,0.144,0.170,0.015,0.086,0.000,49,W,0,,,,429218,158.29,0
49,112.911,"Mount",0.039,-0.031,-0.046,-0.021,0.016,0.000,9,W,0,,,,436714,146.25,0
50,115.253,"Mount",0.040,-0.034,-0.048,-0.020,0.020,0.000,11,W,0,,,,451117,153.60,0
51,117.554,"Mount",0.061,0.125,0.083,-0.112,0.059,-0.040,34,W,17,N,,,446383,143.10,0
52,119.854,"Mount",0.066,-0.103,-0.122,-0.011,-0.022,0.000,13,E,0,,,,450498,135.59,0
53,121.960,"Mount",0.024,0.062,0.044,-0.050,0.007,0.000,4,W,0,,,,443378,128.12,0
54,124.279,"Mount",-0.046,0.084,0.095,0.002,0.045,0.000,26,W,0,,,,436389,126.36,0
55,126.457,"Mount",-0.126,0.017,0.073,0.104,0.026,0.038,15,W,16,S,,,435701,125.37,0
56,128.842,"Mount",0.157,-0.002,-0.074,-0.138,-0.035,-0.048,20,E,21,N,,,433739,129.47,0
57,130.911,"Mount",-0.038,0.030,0.044,0.020,0.009,0.000,5,W,0,,,,429607,126.58,0
58,133.247,"Mount",-0.040,-0.009,0.011,0.040,0.012,0.000,7,W,0,,,,444924,141.24,0
59,135.395,"Mount",-0.094,-0.035,0.012,0.099,0.014,0.036,8,W,15,S,,,421175,131.76,0
60,137.780,"Mount",-0.076,0.105,0.128,0.019,0.063,0.000,36,W,0,,,,446272,127.14,0
61,139.863,"Mount",0.058,-0.053,-0.074,-0.027,-0.019,0.000,11,E,0,,,,414678,130.82,0
62,142.195,"Mount",-0.091,0.004,0.046,0.079,0.015,0.028,9,W,12,S,,,433348,156.25,0
63,144.325,"Mount",-0.106,0.246,0.267,-0.019,0.127,0.000,72,W,0,,,,442624,174.96,0
64,146.660,"Mount",-0.009,0.107,0.099,-0.041,0.049,0.000,28,W,0,,,,430479,145.92,0
65,148.876,"Mount",-0.055,0.271,0.266,-0.076,0.123,-0.027,70,W,12,N,,,449648,145.60,0
66,151.214,"Mount",0.003,0.002,0.001,-0.003,0.032,0.000,18,W,0,,,,420894,129.68,0
67,153.380,"Mount",-0.027,0.097,0.099,-0.021,0.079,0.000,45,W,0,,,,446179,144.11,0
68,155.747,"Mount",0.020,-0.020,-0.027,-0.008,0.026,0.000,15,W,0,,,,430520,143.86,0
69,157.864,"Mount",0.019,0.032,0.020,-0.031,0.025,0.000,14,W,0,,,,456514,129.31,0
70,160.235,"Mount",0.046,0.091,0.060,-0.083,0.025,-0.030,14,W,13,N,,,432616,122.75,0
71,162.310,"Mount",0.081,-0.043,-0.075,-0.052,-0.035,0.000,20,E,0,,,,417470,120.63,0
72,164.644,"Mount",0.039,-0.035,-0.049,-0.018,-0.007,0.000,4,E,0,,,,441756,139.27,0
73,166.773,"Mount",-0.000,-0.098,-0.087,0.046,-0.050,0.000,28,E,0,,,,444312,142.27,0
74,169.146,"Mount",0.081,-0.032,-0.066,-0.057,-0.040,0.000,23,E,0,,,,470974,145.45,0
75,171.252,"Mount",0.055,0.061,0.029,-0.078,-0.001,-0.028,0,,12,N,,,441853,132.11,0
76,173.648,"Mount",0.101,-0.096,-0.131,-0.045,-0.053,0.000,30,E,0,,,,447804,138.84,0
77,175.799,"Mount",-0.008,-0.108,-0.092,0.057,-0.028,0.000,16,E,0,,,,414320,118.79,0
78,178.148,"Mount",0.077,-0.190,-0.204,0.019,-0.070,0.000,40,E,0,,,,433461,128.10,0
79,180.282,"Mount",0.121,-0.314,-0.334,0.038,-0.120,0.000,69,E,0,,,,423888,136.73,0
80,182.681,"Mount",0.218,-0.305,-0.371,-0.053,-0.160,0.000,91,E,0,,,,440989,129.50,0
81,184.836,"Mount",0.119,-0.278,-0.301,0.023,-0.130,0.000,74,E,0,,,,449760,145.33,0
82,187.237,"Mount",0.109,-0.225,-0.250,0.007,-0.131,0.000,75,E,0,,,,434084,125.07,0
83,189.453,"Mount",0.178,-0.062,-0.137,-0.129,-0.080,-0.046,46,E,20,N,,,451317,132.04,0
84,191.792,"Mount",0.038,-0.044,-0.056,-0.013,-0.009,0.000,5,E,0,,,,433811,138.20,0
85,193.904,"Mount",0.050,-0.166,-0.170,0.032,-0.077,0.000,44,E,0,,,,432029,140.39,0
86,196.200,"Mount",0.054,-0.089,-0.104,-0.007,-0.039,0.000,22,E,0,,,,446764,153.46,0
87,198.265,"Mount",-0.014,-0.018,-0.009,0.021,0.011,0.000,6,W,0,,,,455490,170.69,0
88,200.589,"Mount",0.043,-0.154,-0.157,0.033,-0.065,0.000,37,E,0,,,,447613,136.59,0
89,202.741,"Mount",-0.121,-0.105,-0.038,0.156,0.006,0.056,3,W,24,S,,,477125,145.58,0
90,205.082,"Mount",0.042,-0.045,-0.059,-0.016,0.012,0.000,7,W,0,,,,447930,129.20,0
91,207.251,"Mount",-0.108,-0.069,-0.012,0.127,0.017,0.046,10,W,20,S,,,442991,141.23,0
92,209.669,"Mount",0.069,0.027,-0.008,-0.074,0.022,-0.025,13,W,11,N,,,427327,124.18,0
93,211.851,"Mount",-0.025,-0.084,-0.063,0.061,-0.001,0.021,1,E,9,S,,,436964,139.98,0
94,214.236,"Mount",0.190,-0.071,-0.151,-0.136,-0.034,-0.048,19,E,21,N,,,417277,110.49,0
95,216.386,"Mount",0.129,-0.214,-0.250,-0.015,-0.099,0.000,56,E,0,,,,454468,137.92,0
96,218.756,"Mount",0.068,-0.183,-0.194,0.024,-0.075,0.000,43,E,0,,,,425351,116.52,0
97,220.897,"Mount",0.065,-0.243,-0.245,0.054,-0.133,0.000,76,E,0,,,,447281,137.48,0
98,223.298,"Mount",0.119,-0.205,-0.237,-0.011,-0.130,0.000,75,E,0,,,,430676,126.11,0
99,225.527,"Mount",-0.003,-0.236,-0.208,0.111,-0.117,0.040,67,E,17,S,,,443476,141.82,0
100,228.038,"Mount",0.017,-0.176,-0.164,0.066,-0.100,0.025,57,E,11,S,,,466717,159.58,0
101,230.217,"Mount",0.087,-0.154,-0.177,-0.006,-0.097,0.000,56,E,0,,,,417708,123.93,0
102,232.565,"Mount",0.167,-0.297,-0.341,-0.011,-0.128,0.000,73,E,0,,,,439086,141.50,0
103,234.839,"Mount",0.380,-0.417,-0.545,-0.145,-0.204,-0.052,117,E,22,N,,,459112,135.79,0
104,237.393,"Mount",0.379,-0.493,-0.612,-0.109,-0.261,-0.041,149,E,18,N,,,451454,132.33,0
105,239.606,"Mount",0.163,-0.149,-0.207,-0.076,-0.086,-0.029,49,E,12,N,,,433483,134.25,0
106,242.007,"Mount",0.119,-0.169,-0.205,-0.027,-0.160,0.000,92,E,0,,,,448317,133.16,0
107,244.190,"Mount",0.133,-0.207,-0.245,-0.022,-0.166,0.000,95,E,0,,,,451295,145.74,0
108,246.609,"Mount",0.157,-0.148,-0.204,-0.071,-0.101,-0.025,58,E,11,N,,,446838,127.05,0
109,248.840,"Mount",0.083,-0.303,-0.307,0.067,-0.132,0.023,76,E,10,S,,,458196,157.29,0
110,251.260,"Mount",0.154,-0.322,-0.357,0.012,-0.172,0.000,98,E,0,,,,428809,149.00,0
111,253.504,"Mount",0.233,-0.260,-0.338,-0.086,-0.154,-0.031,88,E,13,N,,,449972,156.58,0
112,255.983,"Mount",0.068,-0.282,-0.281,0.070,-0.164,0.024,94,E,10,S,,,426573,132.05,0
113,258.162,"Mount",0.105,-0.182,-0.210,-0.009,-0.124,0.000,71,E,0,,,,427446,126.80,0
114,260.512,"Mount",0.013,-0.065,-0.064,0.019,-0.052,0.000,30,E,0,,,,416087,116.41,0
115,262.650,"Mount",0.009,0.035,0.027,-0.024,-0.007,0.000,4,E,0,,,,446926,121.24,0
116,264.984,"Mount",0.046,-0.012,-0.032,-0.036,0.006,0.000,3,W,0,,,,452441,152.56,0
117,267.103,"Mount",0.056,-0.079,-0.096,-0.013,0.032,0.000,18,W,0,,,,420571,126.35,0
118,269.476,"Mount",0.062,-0.030,-0.056,-0.041,0.088,0.000,50,W,0,,,,413496,144.57,0
119,271.625,"Mount",0.095,-0.203,-0.224,0.010,-0.063,0.000,36,E,0,,,,450917,140.31,0
120,273.978,"Mount",0.136,-0.169,-0.213,-0.042,-0.054,0.000,31,E,0,,,,446490,153.41,0
121,276.154,"Mount",0.129,-0.302,-0.327,0.025,-0.156,0.000,89,E,0,,,,451727,138.39,0
122,278.619,"Mount",0.366,0.129,-0.054,-0.384,-0.019,-0.138,11,E,59,N,,,446896,144.50,0
123,280.803,"Mount",-0.039,-0.058,-0.033,0.061,-0.047,0.016,27,E,7,S,,,427759,132.77,0
124,283.214,"Mount",-0.137,-0.086,-0.013,0.161,-0.048,0.059,27,E,25,S,,,427102,133.40,0
125,285.429,"Mount",-0.125,-0.094,-0.026,0.154,-0.042,0.058,24,E,25,S,,,433712,129.71,0
126,287.895,"Mount",0.004,0.185,0.162,-0.089,0.088,-0.030,50,W,13,N,,,430363,126.58,0
127,290.029,"Mount",-0.030,0.060,0.067,-0.001,0.058,0.000,33,W,0,,,,451055,144.10,0
128,292.411,"Mount",0.018,-0.032,-0.036,-0.001,0.057,0.000,33,W,0,,,,454030,128.51,0
129,294.527,"Mount",0.015,-0.073,-0.072,0.021,0.032,0.000,19,W,0,,,,441517,141.36,0
130,296.955,"Mount",0.198,-0.100,-0.180,-0.129,-0.061,-0.047,35,E,20,N,,,443165,141.02,0
131,299.062,"Mount",0.048,-0.021,-0.041,-0.032,0.010,0.000,6,W,0,,,,439957,133.90,0
132,301.384,"Mount",-0.006,-0.003,0.001,0.007,-0.026,0.000,15,E,0,,,,432332,136.81,0
133,303.518,"Mount",0.013,0.059,0.047,-0.039,-0.031,0.000,18,E,0,,,,453007,142.87,0
134,305.859,"Mount",-0.082,0.045,0.078,0.052,0.021,0.000,12,W,0,,,,422284,130.43,0
135,308.056,"Mount",0.052,0.108,0.071,-0.096,0.016,-0.035,9,W,15,N,,,425455,150.29,0
136,310.413,"Mount",-0.006,-0.021,-0.016,0.015,-0.016,0.000,9,E,0,,,,432466,137.06,0
137,312.518,"Mount",0.023,-0.009,-0.019,-0.016,-0.001,0.000,1,E,0,,,,442873,134.53,0
138,314.959,"Mount",-0.021,0.273,0.252,-0.107,0.105,-0.039,60,W,17,N,,,422166,127.45,0
139,317.124,"Mount",-0.135,0.227,0.264,0.015,0.091,0.000,52,W,0,,,,446958,123.21,0
140,319.564,"Mount",-0.068,0.312,0.308,-0.084,0.110,-0.030,63,W,13,N,,,460318,134.26,0
141,321.755,"Mount",-0.086,0.286,0.294,-0.056,0.170,0.000,97,W,0,,,,436755,130.48,0
142,324.237,"Mount",-0.240,0.424,0.487,0.017,0.257,0.000,147,W,0,,,,427654,127.60,0
143,326.480,"Mount",-0.206,0.155,0.233,0.111,0.163,0.040,93,W,17,S,,,419617,129.83,0
144,328.868,"Mount",-0.085,0.097,0.125,0.031,0.120,0.000,69,W,0,,,,448390,136.07,0
145,331.049,"Mount",-0.010,0.140,0.128,-0.056,0.123,0.000,71,W,0,,,,418863,140.90,0
146,333.508,"Mount",-0.185,0.118,0.190,0.109,0.145,0.039,83,W,17,S,,,448850,122.39,0
147,335.671,"Mount",-0.087,0.049,0.083,0.055,0.092,0.000,52,W,0,,,,445652,147.92,0
148,338.028,"Mount",0.027,0.026,0.010,-0.036,0.015,0.000,9,W,0,,,,466960,149.35,0
149,340.127,"Mount",0.007,-0.001,-0.004,-0.006,0.008,0.000,5,W,0,,,,425843,158.51,0
150,342.428,"Mount",0.038,-0.012,-0.028,-0.028,-0.017,0.000,10,E,0,,,,446196,134.18,0
151,344.593,"Mount",0.060,0.076,0.040,-0.088,-0.019,-0.032,11,E,14,N,,,457732,134.59,0
152,346.915,"Mount",0.011,0.023,0.015,-0.020,-0.017,0.000,10,E,0,,,,444601,140.93,0
153,349.081,"Mount",0.058,-0.116,-0.130,0.002,-0.073,0.000,42,E,0,,,,438712,144.99,0
154,351.481,"Mount",0.117,-0.018,-0.069,-0.095,-0.028,-0.034,16,E,15,N,,,441372,122.76,0
155,353.616,"Mount",0.105,-0.107,-0.143,-0.044,-0.059,0.000,34,E,0,,,,432541,126.49,0
156,356.000,"Mount",0.091,0.052,0.004,-0.105,-0.004,-0.038,2,E,16,N,,,442381,134.47,0
157,358.118,"Mount",0.085,0.041,-0.003,-0.094,-0.001,-0.036,0,,15,N,,,430908,139.12,0
158,360.569,"Mount",0.107,0.051,-0.004,-0.119,0.005,-0.044,3,W,19,N,,,442321,140.22,0
159,362.673,"Mount",-0.059,-0.009,0.019,0.056,0.012,0.000,7,W,0,,,,440465,140.17,0
160,365.024,"Mount",-0.032,0.048,0.057,0.006,0.025,0.000,14,W,0,,,,425472,146.23,0
161,367.294,"Mount",0.016,0.149,0.125,-0.083,0.098,-0.030,56,W,13,N,,,433792,137.30,0
162,369.695,"Mount",-0.109,0.165,0.197,0.020,0.152,0.000,87,W,0,,,,410561,122.44,0
163,371.895,"Mount",-0.159,0.259,0.303,0.022,0.218,0.000,124,W,0,,,,442232,141.65,0
164,374.388,"Mount",-0.242,0.275,0.356,0.088,0.263,0.032,150,W,13,S,,,405825,113.57,0
165,376.648,"Mount",-0.185,0.301,0.352,0.025,0.286,0.000,164,W,0,,,,455422,132.36,0
166,379.160,"Mount",-0.122,0.290,0.313,-0.026,0.285,0.000,163,W,0,,,,461755,150.36,0
167,381.499,"Mount",-0.045,0.230,0.225,-0.066,0.253,-0.024,145,W,10,N,,,424500,129.63,0
168,384.058,"Mount",-0.255,0.280,0.366,0.097,0.317,0.034,181,W,14,S,,,436145,131.76,0
169,386.258,"Mount",-0.126,0.119,0.164,0.057,0.209,0.000,120,W,0,,,,447561,150.17,0
170,388.749,"Mount",-0.098,0.226,0.246,-0.018,0.236,0.000,135,W,0,,,,455452,138.11,0
171,390.944,"Mount",-0.064,0.112,0.129,0.006,0.158,0.000,90,W,0,,,,405078,118.26,0
172,393.359,"Mount",-0.085,0.086,0.116,0.036,0.139,0.000,79,W,0,,,,425451,132.15,0
173,395.618,"Mount",-0.227,0.059,0.157,0.174,0.136,0.063,78,W,27,S,,,437420,143.99,0
174,398.002,"Mount",-0.037,0.153,0.153,-0.038,0.109,0.000,62,W,0,,,,427766,149.55,0
175,400.166,"Mount",-0.067,0.166,0.178,-0.017,0.103,0.000,59,W,0,,,,444385,129.20,0
176,402.608,"Mount",-0.156,0.050,0.116,0.115,0.050,0.042,29,W,18,S,,,447935,134.57,0
177,404.729,"Mount",-0.029,0.110,0.111,-0.025,0.037,0.000,21,W,0,,,,445239,149.47,0
178,407.064,"Mount",-0.134,0.149,0.194,0.050,0.077,0.000,44,W,0,,,,444841,125.47,0
179,409.156,"Mount",0.014,0.051,0.039,-0.036,-0.012,0.000,7,E,0,,,,412597,127.45,0
180,411.541,"Mount",0.026,0.099,0.076,-0.069,0.049,-0.025,28,W,11,N,,,437575,121.24,0
181,413.614,"Mount",-0.022,0.049,0.054,-0.003,0.014,0.000,8,W,0,,,,440942,135.65,0
182,415.985,"Mount",0.069,0.002,-0.030,-0.062,0.024,-0.022,14,W,10,N,,,408299,120.66,0
183,418.099,"Mount",0.016,-0.045,-0.048,0.007,0.025,0.000,15,W,0,,,,430900,136.15,0
184,420.439,"Mount",-0.014,-0.131,-0.109,0.073,-0.018,0.026,10,E,11,S,,,436712,126.39,0
185,422.512,"Mount",-0.020,-0.078,-0.060,0.054,-0.007,0.000,4,E,0,,,,429473,130.70,0
186,424.851,"Mount",0.053,-0.099,-0.112,-0.001,-0.028,0.000,16,E,0,,,,433939,134.39,0
187,426.971,"Mount",0.100,-0.120,-0.153,-0.033,-0.066,0.000,38,E,0,,,,405557,123.77,0
188,429.296,"Mount",-0.001,-0.041,-0.037,0.020,-0.001,0.000,1,E,0,,,,455012,139.07,0
189,431.352,"Mount",0.039,-0.025,-0.040,-0.023,-0.018,0.000,10,E,0,,,,430269,135.90,0
190,433.736,"Mount",0.167,-0.043,-0.115,-0.128,-0.072,-0.046,41,E,20,N,,,438108,126.52,0
191,435.840,"Mount",0.038,0.054,0.031,-0.059,-0.018,0.000,10,E,0,,,,430102,127.14,0
192,438.149,"Mount",-0.037,-0.018,0.001,0.041,-0.022,0.000,12,E,0,,,,438976,130.66,0
193,440.222,"Mount",-0.042,0.064,0.077,0.008,0.010,0.000,6,W,0,,,,461915,132.15,0
194,442.570,"Mount",-0.049,0.029,0.049,0.030,-0.016,0.000,9,E,0,,,,439493,130.53,0
195,444.770,"Mount",-0.001,0.133,0.119,-0.060,0.038,-0.022,22,W,9,N,,,428306,135.65,0
196,447.173,"Mount",-0.003,0.131,0.117,-0.058,0.057,0.000,33,W,0,,,,444592,139.02,0
197,449.325,"Mount",-0.099,0.074,0.111,0.054,0.061,0.000,35,W,0,,,,433902,135.49,0
198,451.677,"Mount",-0.019,0.085,0.084,-0.022,0.070,0.000,40,W,0,,,,420111,124.18,0
199,453.922,"Mount",0.100,0.235,0.163,-0.198,0.110,-0.071,63,W,30,N,,,448366,141.78,0
200,456.211,"Mount",-0.002,0.013,0.013,-0.005,0.046,0.000,27,W,0,,,,475558,147.16,0
201,458.344,"Mount",0.041,0.046,0.022,-0.057,0.046,0.000,27,W,0,,,,457961,145.00,0
202,460.681,"Mount",-0.010,0.050,0.049,-0.014,0.041,0.000,23,W,0,,,,437614,125.98,0
203,462.865,"Mount",0.153,-0.082,-0.143,-0.098,-0.026,-0.035,15,E,15,N,,,440599,135.36,0
204,465.195,"Mount",0.053,-0.093,-0.107,-0.004,-0.016,0.000,9,E,0,,,,466219,133.80,0
205,467.211,"Mount",0.043,-0.003,-0.022,-0.036,-0.001,0.000,0,,0,,,,436839,131.87,0
206,469.553,"Mount",0.035,-0.018,-0.032,-0.023,-0.009,0.000,5,E,0,,,,414258,124.29,0
207,471.654,"Mount",-0.004,0.026,0.025,-0.009,-0.028,0.000,16,E,0,,,,442114,132.63,0
208,473.992,"Mount",0.053,-0.013,-0.036,-0.041,-0.034,0.000,19,E,0,,,,446446,152.62,0
209,476.120,"Mount",0.044,-0.068,-0.080,-0.007,-0.056,0.000,32,E,0,,,,436256,139.60,0
210,478.537,"Mount",0.062,0.094,0.054,-0.099,-0.018,-0.035,10,E,15,N,,,424439,132.93,0
211,480.582,"Mount",0.005,0.069,0.059,-0.036,-0.000,0.000,0,,0,,,,428268,122.45,0
212,482.946,"Mount",-0.076,0.070,0.097,0.035,0.052,0.000,30,W,0,,,,442508,126.74,0
213,485.175,"Mount",-0.039,0.209,0.204,-0.062,0.109,-0.022,62,W,9,N,,,439826,155.63,0
214,487.653,"Mount",0.136,0.124,0.048,-0.178,0.050,-0.065,29,W,28,N,,,444777,133.07,0
215,489.864,"Mount",0.019,0.047,0.033,-0.039,0.057,0.000,33,W,0,,,,437979,158.92,0
216,492.186,"Mount",-0.020,-0.001,0.009,0.018,0.068,0.000,39,W,0,,,,455540,143.67,0
217,494.308,"Mount",-0.002,0.027,0.025,-0.010,0.066,0.000,38,W,0,,,,432950,138.72,0
218,496.736,"Mount",-0.141,0.009,0.073,0.121,0.080,0.044,46,W,19,S,,,448798,152.71,0
219,498.967,"Mount",-0.069,-0.002,0.030,0.062,0.039,0.024,23,W,10,S,,,452414,162.52,0
220,501.320,"Mount",-0.031,0.064,0.072,-0.002,0.057,0.000,32,W,0,,,,424663,126.07,0
221,503.433,"Mount",0.054,-0.062,-0.080,-0.019,-0.022,0.000,12,E,0,,,,469998,151.92,0
222,505.844,"Mount",0.114,-0.047,-0.094,-0.080,-0.038,-0.029,22,E,12,N,,,421459,133.69,0
223,507.949,"Mount",0.016,-0.042,-0.045,0.005,-0.008,0.000,5,E,0,,,,440076,156.25,0
224,510.380,"Mount",0.149,-0.094,-0.152,-0.088,-0.085,-0.032,49,E,14,N,,,453289,128.71,0
225,512.557,"Mount",0.115,-0.152,-0.188,-0.032,-0.120,0.000,69,E,0,,,,432635,131.27,0
226,514.924,"Mount",0.072,-0.024,-0.054,-0.053,-0.047,0.000,27,E,0,,,,414665,122.21,0
227,517.123,"Mount",-0.083,-0.045,-0.002,0.094,-0.057,0.034,33,E,15,S,,,434215,125.84,0
228,519.702,"Mount",0.175,-0.160,-0.223,-0.082,-0.164,-0.028,94,E,12,N,,,421389,137.55,0
229,521.932,"Mount",0.064,-0.064,-0.087,-0.027,-0.088,0.000,50,E,0,,,,453906,137.07,0
230,524.315,"Mount",0.123,-0.247,-0.276,0.004,-0.177,0.000,101,E,0,,,,452621,136.17,0
231,526.465,"Mount",0.085,-0.161,-0.183,-0.001,-0.152,0.000,87,E,0,,,,455686,141.30,0
232,528.940,"Mount",0.067,-0.264,-0.265,0.063,-0.194,0.023,111,E,10,S,,,454122,135.37,0
233,531.217,"Mount",0.163,-0.089,-0.154,-0.103,-0.162,-0.036,93,E,16,N,,,458221,141.93,0
234,533.714,"Mount",0.175,-0.134,-0.200,-0.094,-0.179,-0.035,102,E,15,N,,,430401,131.32,0
235,535.900,"Mount",0.030,-0.156,-0.152,0.045,-0.151,0.000,86,E,0,,,,449569,140.30,0
236,538.223,"Mount",0.005,-0.046,-0.043,0.017,-0.070,0.000,40,E,0,,,,457683,157.35,0
237,540.469,"Mount",0.042,-0.070,-0.082,-0.005,-0.090,0.000,52,E,0,,,,432106,145.45,0
238,542.887,"Mount",0.092,0.029,-0.016,-0.095,-0.027,-0.034,15,E,15,N,,,439265,133.66,0
239,545.006,"Mount",0.018,-0.031,-0.035,-0.001,-0.011,0.000,7,E,0,,,,432593,132.49,0
240,547.311,"Mount",0.060,-0.034,-0.058,-0.037,0.030,0.000,17,W,0,,,,437324,126.92,0
241,549.475,"Mount",-0.066,0.014,0.043,0.052,0.036,0.000,21,W,0,,,,451412,148.34,0
242,551.781,"Mount",0.057,-0.007,-0.033,-0.047,0.030,0.000,17,W,0,,,,433808,129.93,0
243,553.900,"Mount",-0.005,-0.005,-0.002,0.007,0.026,0.000,15,W,0,,,,453072,139.03,0
244,556.251,"Mount",0.080,0.043,0.001,-0.090,0.001,-0.033,1,W,14,N,,,449773,126.72,0
245,558.386,"Mount",0.068,-0.038,-0.064,-0.043,-0.037,0.000,21,E,0,,,,464413,165.08,0
246,560.724,"Mount",0.099,-0.067,-0.105,-0.057,-0.080,0.000,46,E,0,,,,435467,131.93,0
247,562.797,"Mount",-0.000,0.027,0.024,-0.012,-0.043,0.000,24,E,0,,,,453534,147.15,0
248,565.240,"Mount",0.243,-0.109,-0.209,-0.165,-0.146,-0.059,84,E,25,N,,,450768,128.65,0
249,567.438,"Mount",0.177,-0.060,-0.135,-0.129,-0.128,-0.049,73,E,21,N,,,426911,120.83,0
250,569.919,"Mount",0.131,-0.118,-0.165,-0.061,-0.152,-0.024,87,E,10,N,,,448163,143.19,0
251,572.177,"Mount",-0.049,-0.148,-0.109,0.112,-0.136,0.039,78,E,17,S,,,442713,142.38,0
252,574.716,"Mount",0.050,-0.266,-0.259,0.079,-0.213,0.030,122,E,13,S,,,437892,144.01,0
253,576.931,"Mount",0.108,-0.203,-0.230,-0.002,-0.202,0.000,116,E,0,,,,451869,165.93,0
254,579.522,"Mount",0.279,-0.240,-0.341,-0.137,-0.263,-0.049,150,E,21,N,,,466742,163.39,0
255,581.792,"Mount",0.196,-0.117,-0.194,-0.119,-0.226,-0.045,129,E,19,N,,,449048,132.58,0
256,584.236,"Mount",0.074,-0.178,-0.192,0.017,-0.238,0.000,136,E,0,,,,437302,139.01,0
257,586.558,"Mount",0.078,-0.292,-0.295,0.066,-0.294,0.024,168,E,10,S,,,434286,137.30,0
258,589.030,"Mount",0.107,-0.177,-0.206,-0.013,-0.264,0.000,151,E,0,,,,452111,141.06,0
259,591.271,"Mount",0.140,-0.266,-0.301,-0.002,-0.295,0.000,168,E,0,,,,442215,136.19,0
260,593.733,"Mount",0.044,-0.150,-0.154,0.030,-0.219,0.000,125,E,0,,,,437037,135.93,0
261,595.993,"Mount",-0.019,-0.065,-0.049,0.047,-0.132,0.000,76,E,0,,,,474545,139.46,0
262,598.413,"Mount",-0.020,-0.122,-0.099,0.074,-0.155,0.027,89,E,11,S,,,446524,158.18,0
263,600.531,"Mount",0.018,0.047,0.034,-0.038,-0.078,0.000,45,E,0,,,,444440,134.10,0
264,602.945,"Mount",0.110,-0.162,-0.195,-0.023,-0.128,0.000,73,E,0,,,,465939,153.24,0
265,605.142,"Mount",0.047,-0.140,-0.146,0.023,-0.080,0.000,46,E,0,,,,426972,134.69,0
266,607.527,"Mount",0.041,-0.201,-0.197,0.057,-0.061,0.000,35,E,0,,,,441849,133.99,0
267,609.645,"Mount",0.085,-0.122,-0.148,-0.019,-0.028,0.000,16,E,0,,,,453985,129.74,0
268,612.048,"Mount",0.086,-0.243,-0.255,0.036,-0.093,0.000,53,E,0,,,,461931,137.49,0
269,614.182,"Mount",0.087,-0.223,-0.238,0.026,-0.087,0.000,50,E,0,,,,422694,122.90,0
270,616.541,"Mount",0.053,-0.073,-0.089,-0.014,-0.079,0.000,45,E,0,,,,421569,125.61,0
271,618.817,"Mount",0.295,0.109,-0.039,-0.312,-0.043,-0.112,24,E,48,N,,,424806,120.70,0
272,621.217,"Mount",0.073,-0.097,-0.119,-0.020,-0.130,0.000,74,E,0,,,,416228,116.78,0
273,623.463,"Mount",-0.060,-0.111,-0.071,0.105,-0.103,0.038,59,E,16,S,,,435408,125.94,0
274,625.851,"Mount",0.017,-0.008,-0.015,-0.011,-0.054,0.000,31,E,0,,,,453148,133.98,0
275,628.091,"Mount",0.059,0.054,0.021,-0.078,-0.040,-0.028,23,E,12,N,,,456141,134.86,0
276,632.522,"Mount",-0.002,0.032,0.030,-0.014,-0.021,0.000,12,E,0,,,,422625,132.16,0
277,634.825,"Mount",-0.039,0.123,0.127,-0.022,0.076,0.000,43,W,0,,,,428755,123.57,0
278,636.927,"Mount",-0.027,-0.033,-0.017,0.039,0.055,0.000,31,W,0,,,,448850,140.97,0
279,639.324,"Mount",-0.087,-0.116,-0.063,0.131,0.035,0.047,20,W,20,S,,,434921,144.80,0
280,641.461,"Mount",0.103,-0.066,-0.106,-0.061,-0.007,-0.020,4,E,9,N,,,450247,158.79,0
281,643.799,"Mount",0.013,-0.133,-0.124,0.050,-0.015,0.000,9,E,0,,,,447207,132.70,0
282,645.884,"Mount",0.060,-0.074,-0.093,-0.019,-0.040,0.000,23,E,0,,,,448543,137.43,0
283,648.176,"Mount",-0.020,-0.073,-0.055,0.051,0.002,0.000,1,W,0,,,,432508,146.03,0
284,650.246,"Mount",0.036,0.034,0.013,-0.047,0.006,0.000,4,W,0,,,,447942,143.41,0
285,652.552,"Mount",-0.054,0.070,0.087,0.015,0.036,0.000,20,W,0,,,,427114,124.67,0
286,654.684,"Mount",-0.014,0.143,0.133,-0.053,0.058,0.000,33,W,0,,,,455899,160.13,0
287,657.114,"Mount",0.016,0.252,0.217,-0.131,0.135,-0.047,77,W,20,N,,,443566,148.51,0
288,659.343,"Mount",-0.043,0.258,0.249,-0.081,0.172,-0.031,98,W,13,N,,,445695,127.19,0
289,661.778,"Mount",-0.068,0.166,0.178,-0.016,0.190,0.000,109,W,0,,,,447796,151.18,0
290,664.007,"Mount",-0.099,0.224,0.244,-0.016,0.234,0.000,134,W,0,,,,440693,146.30,0
291,666.503,"Mount",0.052,0.131,0.092,-0.107,0.198,-0.039,113,W,16,N,,,451118,127.71,0
292,668.680,"Mount",0.001,0.065,0.057,-0.031,0.155,0.000,89,W,0,,,,458979,137.99,0
293,671.224,"Mount",0.044,0.141,0.105,-0.104,0.193,-0.037,111,W,16,N,,,436042,140.17,0
294,673.561,"Mount",0.191,0.054,-0.040,-0.195,0.132,-0.072,75,W,31,N,,,456584,122.46,0
295,676.056,"Mount",-0.108,0.021,0.069,0.086,0.156,0.028,89,W,12,S,,,444548,135.03,0
296,678.148,"Mount",0.013,-0.027,-0.030,0.001,0.073,0.000,42,W,0,,,,436920,131.29,0
297,680.523,"Mount",0.015,0.022,0.013,-0.023,0.053,0.000,30,W,0,,,,450336,142.26,0
298,682.572,"Mount",-0.022,-0.004,0.006,0.022,-0.001,0.000,0,,0,,,,443955,127.64,0
299,684.923,"Mount",-0.040,0.038,0.052,0.018,-0.013,0.000,7,E,0,,,,438449,139.50,0
300,687.043,"Mount",-0.013,0.068,0.067,-0.020,0.008,0.000,5,W,0,,,,433484,123.94,0
301,689.379,"Mount",-0.031,0.053,0.061,0.003,-0.001,0.000,1,E,0,,,,450699,158.20,0
302,691.450,"Mount",0.009,0.022,0.016,-0.018,-0.000,0.000,0,,0,,,,430734,132.86,0
303,693.851,"Mount",0.069,0.076,0.035,-0.096,-0.003,-0.035,2,E,15,N,,,438508,133.81,0
304,695.957,"Mount",0.070,-0.032,-0.060,-0.047,-0.008,0.000,5,E,0,,,,434309,128.35,0
305,698.233,"Mount",0.014,-0.025,-0.029,-0.001,0.017,0.000,10,W,0,,,,432502,125.39,0
306,700.347,"Mount",0.031,-0.027,-0.038,-0.015,0.015,0.000,8,W,0,,,,441464,132.26,0
307,702.670,"Mount",0.017,-0.061,-0.062,0.013,-0.018,0.000,10,E,0,,,,450122,136.15,0
308,704.762,"Mount",0.024,-0.034,-0.041,-0.005,0.016,0.000,9,W,0,,,,439803,124.44,0
309,707.104,"Mount",0.010,-0.076,-0.072,0.027,-0.020,0.000,11,E,0,,,,433831,126.09,0
310,709.219,"Mount",0.066,-0.123,-0.139,-0.002,-0.030,0.000,17,E,0,,,,475669,160.61,0
311,711.622,"Mount",0.037,0.061,0.037,-0.061,0.049,-0.022,28,W,9,N,,,454714,137.45,0
312,713.884,"Mount",0.181,0.147,0.047,-0.228,0.082,-0.083,47,W,36,N,,,438502,123.55,0
313,716.303,"Mount",0.140,0.021,-0.045,-0.134,0.123,-0.051,70,W,22,N,,,418125,132.44,0
314,718.498,"Mount",0.044,0.036,0.011,-0.056,0.157,0.000,90,W,0,,,,454694,139.02,0
315,721.051,"Mount",0.030,0.172,0.139,-0.106,0.264,-0.038,151,W,16,N,,,454323,143.80,0
316,723.249,"Mount",-0.046,0.070,0.083,0.009,0.261,0.000,149,W,0,,,,442859,141.66,0
317,725.738,"Mount",-0.085,0.063,0.095,0.046,0.288,0.000,165,W,0,,,,463835,162.41,0
318,727.981,"Mount",0.021,0.078,0.059,-0.054,0.252,0.000,144,W,0,,,,439844,132.78,0
319,730.496,"Mount",-0.151,0.156,0.208,0.062,0.345,0.022,197,W,10,S,,,440274,119.60,0
320,732.788,"Mount",0.015,0.133,0.111,-0.075,0.261,-0.026,149,W,11,N,,,436876,142.76,0
321,735.312,"Mount",-0.074,0.042,0.072,0.046,0.222,0.000,127,W,0,,,,446544,139.38,0
322,737.525,"Mount",-0.095,0.104,0.136,0.037,0.214,0.000,122,W,0,,,,439934,129.53,0
323,739.991,"Mount",-0.131,-0.001,0.059,0.117,0.127,0.042,72,W,18,S,,,436311,139.15,0
324,742.173,"Mount",-0.058,0.042,0.064,0.033,0.147,0.000,84,W,0,,,,430323,118.74,0
325,744.560,"Mount",-0.074,0.029,0.060,0.053,0.103,0.000,59,W,0,,,,425475,131.99,0
326,746.723,"Mount",0.042,-0.003,-0.022,-0.036,0.101,0.000,58,W,0,,,,412810,119.23,0
327,749.191,"Mount",-0.110,0.056,0.101,0.071,0.136,0.026,78,W,11,S,,,428287,126.61,0
328,751.373,"Mount",0.005,0.071,0.061,-0.038,0.121,0.000,69,W,0,,,,450226,149.71,0
329,753.772,"Mount",0.144,-0.102,-0.157,-0.080,0.014,-0.029,8,W,12,N,,,439532,125.81,0
330,755.959,"Mount",0.144,-0.004,-0.070,-0.126,0.045,-0.047,26,W,20,N,,,463269,145.18,0
331,758.457,"Mount",-0.042,-0.226,-0.182,0.142,-0.016,0.049,9,E,21,S,,,475995,169.53,0
332,760.679,"Mount",0.036,-0.212,-0.205,0.066,-0.042,0.026,24,E,11,S,,,455141,132.39,0
333,763.116,"Mount",0.117,-0.266,-0.290,0.019,-0.134,0.000,77,E,0,,,,427909,133.09,0
334,765.270,"Mount",0.131,-0.148,-0.192,-0.048,-0.101,0.000,58,E,0,,,,454078,137.28,0
335,767.657,"Mount",0.072,-0.093,-0.115,-0.022,-0.117,0.000,67,E,0,,,,445180,147.16,0
336,769.852,"Mount",0.053,0.016,-0.010,-0.054,-0.072,0.000,41,E,0,,,,416463,124.70,0
337,772.155,"Mount",-0.068,0.062,0.086,0.032,-0.021,0.000,12,E,0,,,,455109,146.69,0
338,774.322,"Mount",0.053,0.039,0.010,-0.065,-0.060,-0.023,34,E,10,N,,,439067,135.15,0
339,776.659,"Mount",-0.020,0.095,0.094,-0.026,0.019,0.000,11,W,0,,,,442821,125.45,0
340,778.765,"Mount",-0.041,0.028,0.043,0.023,-0.017,0.000,10,E,0,,,,429850,124.22,0
341,781.215,"Mount",-0.005,0.106,0.097,-0.045,0.047,0.000,27,W,0,,,,431394,148.49,0
342,783.418,"Mount",-0.127,-0.038,0.025,0.130,0.011,0.047,6,W,20,S,,,448461,165.17,0
343,785.850,"Mount",0.003,0.212,0.187,-0.101,0.104,-0.035,59,W,15,N,,,442382,138.02,0
344,788.010,"Mount",-0.048,0.072,0.086,0.010,0.067,0.000,38,W,0,,,,451143,151.32,0
345,790.343,"Mount",-0.055,0.071,0.089,0.016,0.077,0.000,44,W,0,,,,444903,129.05,0
346,792.506,"Mount",-0.023,0.158,0.150,-0.053,0.111,0.000,63,W,0,,,,437598,127.35,0
347,794.909,"Mount",0.039,0.049,0.025,-0.057,0.051,0.000,29,W,0,,,,442268,138.25,0
348,797.179,"Mount",0.114,0.072,0.011,-0.135,0.048,-0.049,27,W,21,N,,,435816,126.95,0
349,799.528,"Mount",0.092,-0.040,-0.078,-0.063,0.016,-0.025,9,W,10,N,,,445488,133.00,0
350,801.610,"Mount",0.111,-0.022,-0.070,-0.088,-0.000,-0.033,0,,14,N,,,435274,124.96,0
351,804.055,"Mount",-0.080,-0.078,-0.033,0.107,0.028,0.037,16,W,16,S,,,429721,134.16,0
352,806.141,"Mount",-0.005,0.011,0.012,-0.001,0.010,0.000,6,W,0,,,,436073,124.92,0
353,808.497,"Mount",0.112,-0.087,-0.129,-0.059,-0.058,0.000,33,E,0,,,,440350,120.39,0
354,810.629,"Mount",0.052,-0.107,-0.119,0.003,-0.057,0.000,32,E,0,,,,441274,129.76,0
355,812.999,"Mount",0.015,-0.107,-0.102,0.037,-0.059,0.000,34,E,0,,,,431258,132.26,0
356,815.099,"Mount",0.013,0.013,0.006,-0.018,-0.021,0.000,12,E,0,,,,457073,142.39,0
357,817.450,"Mount",-0.003,-0.000,0.001,0.003,-0.031,0.000,18,E,0,,,,432166,122.10,0
358,819.647,"Mount",0.083,-0.055,-0.087,-0.048,-0.070,0.000,40,E,0,,,,438271,127.37,0
359,821.968,"Mount",0.006,-0.003,-0.006,-0.004,-0.013,0.000,7,E,0,,,,462622,150.64,0
360,824.180,"Mount",0.144,0.088,0.012,-0.169,-0.003,-0.061,2,E,26,N,,,465512,162.68,0
361,826.592,"Mount",0.025,0.090,0.068,-0.063,0.040,-0.025,23,W,11,N,,,452901,134.87,0
362,828.787,"Mount",0.051,0.052,0.023,-0.070,0.022,-0.026,13,W,11,N,,,413934,121.13,0
363,831.143,"Mount",-0.017,0.049,0.051,-0.008,0.042,0.000,24,W,0,,,,456133,135.35,0
364,833.364,"Mount",0.045,0.117,0.083,-0.094,0.089,-0.034,51,W,14,N,,,435179,137.43,0
365,835.796,"Mount",-0.092,0.053,0.089,0.057,0.104,0.000,59,W,0,,,,420960,134.55,0
366,838.011,"Mount",0.043,0.056,0.030,-0.064,0.067,-0.023,38,W,10,N,,,449064,132.45,0
367,840.366,"Mount",-0.011,0.135,0.124,-0.053,0.126,0.000,72,W,0,,,,448474,133.41,0
368,842.465,"Mount",-0.006,0.001,0.004,0.005,0.056,0.000,32,W,0,,,,428387,124.97,0
369,844.877,"Mount",-0.095,-0.113,-0.056,0.137,0.049,0.049,28,W,21,S,,,453752,140.41,0
370,846.957,"Mount",0.043,-0.028,-0.045,-0.025,0.031,0.000,18,W,0,,,,452318,142.84,0
371,849.266,"Mount",0.046,-0.068,-0.081,-0.009,-0.022,0.000,12,E,0,,,,454052,134.37,0
372,851.355,"Mount",0.019,-0.076,-0.076,0.018,-0.032,0.000,18,E,0,,,,433061,129.04,0
373,853.692,"Mount",0.044,-0.021,-0.039,-0.030,-0.012,0.000,7,E,0,,,,453151,155.37,0
374,855.811,"Mount",0.055,-0.068,-0.086,-0.018,-0.057,0.000,32,E,0,,,,418790,125.61,0
375,858.242,"Mount",0.002,-0.144,-0.129,0.065,-0.092,0.023,53,E,10,S,,,445435,155.93,0
376,860.400,"Mount",0.073,-0.138,-0.156,-0.001,-0.119,0.000,68,E,0,,,,439830,127.36,0
377,862.864,"Mount",0.141,-0.058,-0.117,-0.098,-0.119,-0.035,68,E,15,N,,,434134,123.60,0
378,865.043,"Mount",0.039,-0.145,-0.146,0.033,-0.144,0.000,82,E,0,,,,451983,130.64,0
379,867.429,"Mount",0.030,-0.059,-0.066,0.001,-0.137,0.000,78,E,0,,,,440358,152.50,0
380,869.594,"Mount",0.021,0.010,-0.000,-0.023,-0.119,0.000,68,E,0,,,,449156,149.06,0
381,871.955,"Mount",-0.041,-0.013,0.007,0.042,-0.130,0.000,74,E,0,,,,447549,172.52,0
382,874.201,"Mount",0.062,0.030,-0.002,-0.069,-0.132,-0.025,76,E,11,N,,,432922,150.59,0
383,876.603,"Mount",0.038,0.031,0.010,-0.048,-0.126,0.000,72,E,0,,,,431769,138.56,0
384,878.770,"Mount",0.021,0.040,0.026,-0.036,-0.110,0.000,63,E,0,,,,444404,136.85,0
385,881.112,"Mount",0.058,-0.034,-0.057,-0.036,-0.100,0.000,57,E,0,,,,439765,153.76,0
386,883.340,"Mount",0.081,-0.007,-0.044,-0.069,-0.078,-0.025,45,E,11,N,,,437208,134.59,0
387,885.663,"Mount",0.044,0.017,-0.005,-0.047,-0.057,0.000,33,E,0,,,,446420,134.56,0
388,887.752,"Mount",0.057,-0.015,-0.039,-0.043,-0.042,0.000,24,E,0,,,,449847,148.60,0
389,890.094,"Mount",0.001,0.060,0.053,-0.028,-0.024,0.000,14,E,0,,,,441694,132.90,0
390,892.191,"Mount",-0.045,0.081,0.093,0.003,0.051,0.000,29,W,0,,,,440972,137.97,0
391,894.478,"Mount",0.022,0.070,0.052,-0.052,0.018,0.000,10,W,0,,,,434927,140.03,0
392,896.563,"Mount",-0.013,0.045,0.046,-0.009,0.022,0.000,12,W,0,,,,439024,146.04,0
393,898.854,"Mount",-0.030,0.033,0.043,0.012,0.019,0.000,11,W,0,,,,421349,126.14,0
394,900.944,"Mount",0.012,0.031,0.022,-0.025,-0.011,0.000,6,E,0,,,,425252,132.81,0
395,903.312,"Mount",0.067,0.021,-0.012,-0.069,-0.023,-0.025,13,E,11,N,,,436134,134.45,0
396,905.415,"Mount",-0.019,0.036,0.041,-0.000,-0.036,0.000,21,E,0,,,,456659,134.84,0
397,907.785,"Mount",0.039,0.047,0.023,-0.056,-0.063,0.000,36,E,0,,,,436603,125.75,0
398,909.981,"Mount",0.112,-0.022,-0.071,-0.089,-0.108,-0.032,62,E,14,N,,,457444,132.34,0
399,912.318,"Mount",0.024,-0.022,-0.031,-0.011,-0.082,0.000,47,E,0,,,,442208,129.71,0
400,914.481,"Mount",0.024,-0.089,-0.090,0.019,-0.134,0.000,76,E,0,,,,444751,155.39,0
401,916.944,"Mount",-0.123,-0.045,0.017,0.130,-0.109,0.047,62,E,20,S,,,442990,130.83,0
402,919.143,"Mount",0.080,-0.042,-0.074,-0.052,-0.154,0.000,88,E,0,,,,450246,152.08,0
403,921.688,"Mount",0.230,-0.161,-0.249,-0.130,-0.253,-0.047,145,E,20,N,,,433978,145.85,0
404,923.934,"Mount",0.047,-0.192,-0.192,0.047,-0.242,0.000,139,E,0,,,,444043,141.02,0
405,926.365,"Mount",0.074,-0.104,-0.126,-0.017,-0.255,0.000,146,E,0,,,,445776,133.69,0
406,928.640,"Mount",0.069,-0.189,-0.200,0.026,-0.296,0.000,169,E,0,,,,420935,125.65,0
407,931.091,"Mount",0.088,-0.171,-0.192,0.001,-0.323,0.000,184,E,0,,,,422717,122.76,0
408,933.306,"Mount",-0.007,-0.055,-0.046,0.031,-0.228,0.000,130,E,0,,,,450481,138.23,0
409,935.783,"Mount",0.083,-0.114,-0.139,-0.021,-0.293,0.000,168,E,0,,,,439153,129.25,0
410,938.043,"Mount",0.030,-0.101,-0.104,0.021,-0.253,0.000,145,E,0,,,,443814,135.78,0
411,940.462,"Mount",-0.024,-0.075,-0.056,0.056,-0.187,0.000,107,E,0,,,,462776,144.47,0
412,942.719,"Mount",0.108,0.062,0.005,-0.124,-0.116,-0.045,66,E,19,N,,,429498,123.08,0
413,945.229,"Mount",0.149,-0.037,-0.101,-0.115,-0.133,-0.043,76,E,18,N,,,432399,129.88,0
414,947.414,"Mount",0.101,-0.165,-0.193,-0.013,-0.134,0.000,77,E,0,,,,422685,143.59,0
415,949.800,"Mount",0.098,-0.163,-0.190,-0.012,-0.113,0.000,65,E,0,,,,419938,131.07,0
416,951.933,"Mount",0.009,-0.109,-0.101,0.042,-0.103,0.000,59,E,0,,,,443133,129.13,0
417,954.317,"Mount",0.025,-0.175,-0.167,0.059,-0.129,0.000,74,E,0,,,,453763,132.18,0
418,956.511,"Mount",0.093,-0.114,-0.144,-0.030,-0.154,0.000,88,E,0,,,,447676,139.28,0
419,958.883,"Mount",-0.004,-0.050,-0.042,0.027,-0.093,0.000,53,E,0,,,,465752,142.45,0
420,961.051,"Mount",-0.047,0.005,0.026,0.040,-0.114,0.000,65,E,0,,,,448544,148.08,0
421,963.498,"Mount",0.073,-0.008,-0.041,-0.061,-0.117,-0.022,67,E,9,N,,,432097,130.56,0
422,965.680,"Mount",-0.040,0.065,0.076,0.005,-0.083,0.000,47,E,0,,,,428049,119.49,0
423,968.110,"Mount",0.033,0.171,0.136,-0.109,-0.020,-0.039,11,E,17,N,,,444179,140.48,0
424,970.222,"Mount",0.012,0.071,0.057,-0.043,-0.066,0.000,38,E,0,,,,452425,140.64,0
425,972.589,"Mount",0.046,0.084,0.053,-0.080,0.004,-0.029,2,W,12,N,,,450401,135.38,0
426,974.713,"Mount",-0.037,0.049,0.061,0.010,0.052,0.000,29,W,0,,,,419905,113.42,0
427,977.039,"Mount",0.005,-0.058,-0.054,0.022,0.039,0.000,23,W,0,,,,458512,143.72,0
428,979.175,"Mount",0.046,-0.018,-0.037,-0.033,0.053,0.000,30,W,0,,,,450840,128.36,0
429,981.532,"Mount",0.126,-0.114,-0.159,-0.060,-0.050,0.000,28,E,0,,,,448486,148.77,0
430,983.651,"Mount",0.120,-0.115,-0.157,-0.053,-0.050,0.000,28,E,0,,,,461605,137.96,0
431,986.024,"Mount",0.059,-0.097,-0.113,-0.008,-0.068,0.000,39,E,0,,,,437441,143.97,0
432,988.155,"Mount",0.053,-0.096,-0.109,-0.003,-0.069,0.000,39,E,0,,,,451153,139.60,0
433,990.523,"Mount",-0.062,-0.002,0.026,0.056,-0.025,0.000,14,E,0,,,,441367,122.14,0
434,992.705,"Mount",-0.047,0.057,0.072,0.016,-0.001,0.000,1,E,0,,,,433300,133.52,0
435,995.106,"Mount",0.169,0.240,0.136,-0.261,0.031,-0.094,18,W,40,N,,,442787,147.90,0
436,997.195,"Mount",-0.031,0.044,0.053,0.007,0.014,0.000,8,W,0,,,,454882,137.07,0
437,999.549,"Mount",-0.110,0.095,0.135,0.054,0.097,0.000,56,W,0,,,,450412,151.41,0
438,1001.732,"Mount",-0.118,0.078,0.124,0.068,0.129,0.025,74,W,11,S,,,458105,134.84,0
439,1004.185,"Mount",-0.068,-0.002,0.029,0.061,0.105,0.023,60,W,10,S,,,429002,126.06,0
440,1006.364,"Mount",0.008,0.068,0.056,-0.038,0.128,0.000,73,W,0,,,,427129,126.43,0
441,1008.880,"Mount",0.086,0.145,0.090,-0.143,0.191,-0.052,109,W,22,N,,,420744,119.45,0
442,1011.154,"Mount",-0.121,0.082,0.129,0.070,0.206,0.023,118,W,10,S,,,426786,132.85,0
443,1013.575,"Mount",0.010,0.009,0.003,-0.013,0.156,0.000,89,W,0,,,,440756,144.30,0
444,1015.862,"Mount",-0.081,-0.023,0.017,0.083,0.139,0.030,80,W,13,S,,,429737,136.43,0
445,1018.248,"Mount",-0.071,0.051,0.078,0.040,0.168,0.000,96,W,0,,,,448637,132.73,0
446,1020.387,"Mount",0.023,0.011,-0.001,-0.026,0.097,0.000,55,W,0,,,,440310,127.22,0
447,1022.705,"Mount",0.017,-0.017,-0.023,-0.007,0.073,0.000,42,W,0,,,,428957,135.77,0
448,1024.777,"Mount",-0.021,-0.006,0.004,0.021,0.047,0.000,27,W,0,,,,462669,151.10,0
449,1027.055,"Mount",-0.015,0.056,0.057,-0.012,0.017,0.000,10,W,0,,,,467571,150.94,0
450,1029.192,"Mount",-0.061,0.109,0.124,0.004,0.060,0.000,34,W,0,,,,455552,144.01,0
451,1031.501,"Mount",0.052,0.011,-0.014,-0.051,0.011,0.000,6,W,0,,,,436725,139.47,0
452,1033.589,"Mount",0.038,0.048,0.025,-0.056,0.012,0.000,7,W,0,,,,457365,135.96,0
453,1035.898,"Mount",0.001,0.065,0.057,-0.031,0.031,0.000,18,W,0,,,,440118,129.69,0
454,1038.059,"Mount",0.039,0.078,0.051,-0.071,0.026,-0.025,15,W,11,N,,,434155,138.19,0
455,1040.442,"Mount",0.163,-0.024,-0.096,-0.133,-0.015,-0.049,9,E,21,N,,,440469,131.15,0
456,1042.519,"Mount",0.043,-0.084,-0.094,0.000,-0.027,0.000,15,E,0,,,,423354,123.08,0
457,1044.937,"Mount",0.006,-0.196,-0.177,0.085,-0.074,0.031,42,E,13,S,,,436610,127.88,0
458,1047.103,"Mount",0.048,-0.094,-0.106,0.001,-0.076,0.000,44,E,0,,,,475532,150.65,0
459,1049.506,"Mount",-0.033,-0.077,-0.053,0.065,-0.035,0.023,20,E,10,S,,,430192,126.03,0
460,1051.702,"Mount",-0.052,-0.088,-0.054,0.087,-0.040,0.032,23,E,14,S,,,455606,139.78,0
461,1054.037,"Mount",0.007,-0.043,-0.041,0.014,-0.027,0.000,16,E,0,,,,425333,123.49,0
462,1056.184,"Mount",0.057,0.068,0.034,-0.082,0.008,-0.030,5,W,13,N,,,448608,129.02,0
463,1058.537,"Mount",0.016,-0.012,-0.018,-0.008,0.039,0.000,23,W,0,,,,441337,129.86,0
464,1060.688,"Mount",0.037,-0.008,-0.024,-0.029,0.077,0.000,44,W,0,,,,443887,135.14,0
465,1063.073,"Mount",0.036,-0.054,-0.064,-0.008,0.091,0.000,52,W,0,,,,455494,149.02,0
466,1065.266,"Mount",0.010,0.057,0.046,-0.035,0.150,0.000,86,W,0,,,,444637,119.26,0
467,1067.762,"Mount",0.090,0.051,0.004,-0.103,0.180,-0.037,103,W,16,N,,,450069,137.74,0
468,1070.010,"Mount",-0.039,-0.003,0.015,0.036,0.201,0.000,115,W,0,,,,428480,119.57,0
469,1072.485,"Mount",0.090,0.034,-0.011,-0.096,0.220,-0.034,126,W,15,N,,,433910,155.73,0
470,1074.720,"Mount",-0.061,0.055,0.077,0.028,0.258,0.000,148,W,0,,,,432568,132.83,0
471,1077.188,"Mount",-0.023,0.008,0.018,0.017,0.223,0.000,127,W,0,,,,439415,141.96,0
472,1079.448,"Mount",-0.100,0.076,0.114,0.054,0.260,0.000,148,W,0,,,,419634,123.15,0
473,1081.897,"Mount",-0.001,0.006,0.006,-0.002,0.213,0.000,122,W,0,,,,433718,129.00,0
474,1084.126,"Mount",0.002,-0.022,-0.021,0.009,0.192,0.000,110,W,0,,,,447463,134.96,0
475,1086.587,"Mount",-0.008,0.079,0.074,-0.030,0.225,0.000,129,W,0,,,,450382,136.64,0
476,1088.832,"Mount",-0.045,-0.085,-0.055,0.079,0.166,0.028,95,W,12,S,,,455274,155.07,0
477,1091.281,"Mount",-0.139,-0.089,-0.015,0.164,0.154,0.060,88,W,26,S,,,431717,124.10,0
478,1093.398,"Mount",0.029,-0.007,-0.019,-0.023,0.129,0.000,74,W,0,,,,453879,136.69,0
479,1095.738,"Mount",0.010,-0.066,-0.063,0.022,0.076,0.000,43,W,0,,,,442079,141.00,0
480,1097.863,"Mount",0.132,-0.018,-0.076,-0.109,0.045,-0.039,26,W,17,N,,,434523,127.54,0
481,1100.144,"Mount",0.120,-0.125,-0.166,-0.049,-0.014,0.000,8,E,0,,,,451416,138.13,0
482,1102.295,"Mount",0.089,-0.007,-0.047,-0.076,0.032,-0.027,18,W,12,N,,,453544,129.25,0
483,1104.647,"Mount",0.074,-0.129,-0.148,-0.007,-0.052,0.000,29,E,0,,,,436900,132.52,0
484,1106.810,"Mount",0.093,-0.035,-0.074,-0.067,-0.055,-0.024,32,E,10,N,,,480109,144.61,0
485,1109.226,"Mount",0.093,0.028,-0.018,-0.096,-0.036,-0.035,21,E,15,N,,,442091,125.62,0
486,1111.376,"Mount",-0.023,0.003,0.013,0.019,-0.041,0.000,24,E,0,,,,441570,134.82,0
487,1113.746,"Mount",0.044,0.025,0.002,-0.051,-0.047,0.000,27,E,0,,,,437088,129.60,0
488,1115.867,"Mount",0.049,0.004,-0.020,-0.045,-0.025,0.000,14,E,0,,,,446419,132.65,0
489,1118.248,"Mount",0.140,0.058,-0.013,-0.151,-0.024,-0.054,14,E,23,N,,,451028,140.15,0
490,1120.366,"Mount",-0.003,-0.004,-0.002,0.005,-0.019,0.000,11,E,0,,,,463911,148.69,0
491,1122.703,"Mount",0.004,-0.008,-0.009,0.001,-0.008,0.000,5,E,0,,,,430703,135.88,0
492,1124.906,"Mount",0.055,0.061,0.029,-0.077,-0.002,-0.028,1,E,12,N,,,432661,131.96,0
493,1127.225,"Mount",0.052,-0.045,-0.063,-0.026,-0.028,0.000,16,E,0,,,,451150,142.53,0
494,1129.329,"Mount",-0.033,0.015,0.029,0.022,0.006,0.000,3,W,0,,,,454089,133.13,0
495,1131.663,"Mount",0.019,0.005,-0.005,-0.019,0.003,0.000,2,W,0,,,,462905,136.39,0
496,1133.782,"Mount",0.046,-0.056,-0.071,-0.015,-0.025,0.000,14,E,0,,,,447239,131.78,0
497,1136.106,"Mount",-0.002,0.006,0.006,-0.001,0.010,0.000,6,W,0,,,,431547,144.82,0
498,1138.241,"Mount",-0.040,-0.057,-0.032,0.062,0.015,0.022,8,W,9,S,,,456538,165.44,0
499,1140.652,"Mount",-0.083,0.004,0.042,0.072,0.021,0.027,12,W,11,S,,,462607,138.03,0
500,1142.783,"Mount",-0.021,-0.023,-0.010,0.029,0.021,0.000,12,W,0,,,,462951,139.79,0
501,1145.136,"Mount",-0.006,0.007,0.009,0.002,0.024,0.000,14,W,0,,,,450914,149.13,0
502,1147.332,"Mount",0.144,0.033,-0.037,-0.143,0.024,-0.052,14,W,22,N,,,416249,124.95,0
503,1149.715,"Mount",0.053,-0.162,-0.169,0.028,-0.056,0.000,32,E,0,,,,444816,145.33,0
504,1151.862,"Mount",-0.000,-0.011,-0.009,0.005,0.010,0.000,6,W,0,,,,457489,138.51,0
505,1154.217,"Mount",0.098,0.049,-0.002,-0.110,0.001,-0.039,1,W,17,N,,,421022,128.59,0
506,1156.410,"Mount",0.218,0.069,-0.039,-0.225,-0.008,-0.083,4,E,35,N,,,446797,135.01,0
507,1158.796,"Mount",0.039,0.062,0.037,-0.063,-0.016,-0.026,9,E,11,N,,,464571,164.01,0
508,1160.914,"Mount",0.026,-0.007,-0.018,-0.020,-0.013,0.000,7,E,0,,,,447001,152.13,0
509,1163.320,"Mount",0.115,-0.088,-0.131,-0.062,-0.074,-0.022,42,E,9,N,,,451185,138.10,0
510,1165.501,"Mount",0.093,-0.029,-0.069,-0.069,-0.045,-0.026,26,E,11,N,,,454661,178.09,0
511,1167.899,"Mount",0.081,0.030,-0.011,-0.086,-0.009,-0.032,5,E,14,N,,,433792,135.11,0
512,1170.003,"Mount",0.032,0.006,-0.009,-0.031,-0.004,0.000,2,E,0,,,,451729,141.78,0
513,1172.318,"Mount",0.003,-0.013,-0.013,0.003,0.001,0.000,1,W,0,,,,441553,136.71,0
514,1174.495,"Mount",0.057,0.062,0.029,-0.079,0.009,-0.029,5,W,12,N,,,432753,121.94,0
515,1176.865,"Mount",-0.117,0.106,0.148,0.055,0.086,0.000,49,W,0,,,,450684,141.86,0
516,1178.995,"Mount",-0.008,0.002,0.005,0.006,0.030,0.000,17,W,0,,,,465281,155.72,0
517,1181.444,"Mount",-0.080,-0.009,0.029,0.075,0.046,0.027,26,W,11,S,,,456850,138.41,0
518,1183.598,"Mount",-0.014,0.034,0.037,-0.003,0.052,0.000,30,W,0,,,,461083,137.00,0
519,1186.031,"Mount",-0.033,0.074,0.080,-0.005,0.089,0.000,51,W,0,,,,456230,143.86,0
520,1188.133,"Mount",-0.023,0.023,0.031,0.010,0.050,0.000,29,W,0,,,,416345,124.36,0
521,1190.593,"Mount",0.043,0.127,0.093,-0.096,0.089,-0.035,51,W,15,N,,,427275,132.35,0
522,1192.789,"Mount",0.064,0.057,0.021,-0.083,0.040,-0.031,23,W,13,N,,,462810,133.45,0
523,1195.210,"Mount",0.134,0.108,0.034,-0.168,0.030,-0.062,17,W,26,N,,,441739,132.94,0
524,1197.347,"Mount",0.032,-0.098,-0.102,0.017,-0.031,0.000,18,E,0,,,,441360,138.64,0
525,1199.618,"Mount",0.013,0.038,0.028,-0.029,-0.000,0.000,0,,0,,,,451316,161.48,0
526,1201.709,"Mount",0.045,-0.016,-0.035,-0.032,-0.018,0.000,10,E,0,,,,443958,120.60,0
527,1204.112,"Mount",0.132,0.020,-0.043,-0.126,-0.033,-0.045,19,E,19,N,,,454040,129.18,0
528,1206.182,"Mount",-0.012,0.064,0.063,-0.019,-0.012,0.000,7,E,0,,,,421944,128.70,0
529,1208.637,"Mount",0.074,0.008,-0.027,-0.070,-0.060,-0.025,35,E,11,N,,,441551,120.60,0
530,1210.773,"Mount",0.041,-0.035,-0.050,-0.020,-0.070,0.000,40,E,0,,,,440070,129.03,0
531,1213.179,"Mount",0.046,-0.115,-0.123,0.013,-0.146,0.000,84,E,0,,,,462774,163.46,0
532,1215.372,"Mount",0.108,-0.132,-0.167,-0.035,-0.179,0.000,102,E,0,,,,468213,137.69,0
533,1217.838,"Mount",0.090,-0.071,-0.104,-0.047,-0.174,0.000,99,E,0,,,,424649,116.44,0
534,1220.040,"Mount",0.024,-0.073,-0.076,0.013,-0.161,0.000,92,E,0,,,,443157,133.33,0
535,1222.437,"Mount",0.044,-0.053,-0.067,-0.014,-0.164,0.000,94,E,0,,,,423831,136.68,0
536,1224.634,"Mount",0.019,-0.082,-0.082,0.021,-0.159,0.000,91,E,0,,,,426242,122.87,0
537,1227.055,"Mount",0.054,-0.123,-0.134,0.008,-0.166,0.000,95,E,0,,,,464258,146.06,0
538,1229.265,"Mount",0.080,0.020,-0.020,-0.080,-0.085,-0.029,49,E,12,N,,,431580,138.46,0
539,1231.670,"Mount",0.164,0.154,0.061,-0.216,-0.049,-0.079,28,E,34,N,,,429215,138.37,0
540,1233.911,"Mount",0.102,-0.049,-0.091,-0.068,-0.098,-0.028,56,E,12,N,,,435257,126.11,0
541,1236.301,"Mount",-0.021,-0.099,-0.078,0.064,-0.083,0.022,47,E,9,S,,,423214,122.76,0
542,1240.629,"Mount",-0.005,-0.008,-0.005,0.008,-0.033,0.000,19,E,0,,,,425240,119.41,0
543,1242.771,"Mount",0.084,0.010,-0.030,-0.079,-0.022,-0.029,13,E,12,N,,,439896,127.11,0
INFO: SET LOCK POSITION, new lock pos = 318.305, 51.218
INFO: DITHER by -16.957, 2.162, new lock pos = 324.195, 35.170
INFO: SETTLING STATE CHANGE, Settling started
544,1255.773,"Mount",-5.890,16.048,16.957,-2.162,16.957,-2.162,9695,W,925,N,,,441198,137.38,0
545,1258.208,"Mount",-0.289,0.113,0.234,0.204,0.105,0.073,60,W,31,S,,,435334,145.95,0
546,1260.390,"Mount",-0.199,0.046,0.133,0.156,0.060,0.059,34,W,25,S,,,436955,148.41,0
547,1262.838,"Mount",-0.179,-0.141,-0.043,0.224,-0.019,0.083,11,E,36,S,,,450688,149.43,0
548,1265.049,"Mount",-0.004,-0.217,-0.191,0.104,-0.086,0.041,49,E,17,S,,,463166,150.08,0
549,1267.484,"Mount",0.245,-0.262,-0.345,-0.097,-0.155,-0.033,89,E,14,N,,,423310,122.03,0
550,1269.729,"Mount",0.184,-0.449,-0.483,0.044,-0.217,0.000,124,E,0,,,,434147,144.15,0
551,1272.187,"Mount",0.264,-0.387,-0.465,-0.056,-0.209,0.000,120,E,0,,,,452600,138.43,0
552,1274.429,"Mount",0.264,-0.471,-0.539,-0.017,-0.243,0.000,139,E,0,,,,395375,127.35,0
553,1276.910,"Mount",0.114,-0.537,-0.529,0.147,-0.238,0.053,136,E,23,S,,,444049,123.69,0
INFO: SETTLING STATE CHANGE, Settling complete
554,1279.093,"Mount",0.192,-0.391,-0.436,0.011,-0.196,0.000,112,E,0,,,,459470,142.92,0
555,1281.709,"Mount",0.163,-0.495,-0.514,0.084,-0.425,0.030,243,E,13,S,,,451652,145.33,0
556,1284.068,"Mount",0.175,-0.132,-0.198,-0.094,-0.278,-0.033,159,E,14,N,,,449608,152.54,0
557,1286.612,"Mount",-0.049,-0.156,-0.116,0.115,-0.239,0.040,137,E,17,S,,,465962,167.50,0
558,1288.877,"Mount",0.003,-0.044,-0.040,0.017,-0.170,0.000,97,E,0,,,,444583,132.88,0
559,1291.278,"Mount",0.054,-0.053,-0.071,-0.023,-0.200,0.000,114,E,0,,,,457986,133.13,0
560,1293.507,"Mount",-0.172,-0.096,-0.006,0.197,-0.153,0.071,87,E,30,S,,,434583,141.53,0
561,1295.940,"Mount",-0.017,0.164,0.153,-0.060,-0.083,-0.019,48,E,8,N,,,438407,141.60,0
562,1298.227,"Mount",0.137,0.095,0.021,-0.165,-0.138,-0.060,79,E,26,N,,,421105,124.29,0
563,1300.628,"Mount",0.019,0.070,0.053,-0.050,-0.127,0.000,72,E,0,,,,439855,132.25,0
564,1302.781,"Mount",-0.032,0.070,0.077,-0.004,-0.075,0.000,43,E,0,,,,458017,140.01,0
565,1305.122,"Mount",-0.145,0.272,0.308,0.003,0.039,0.000,22,W,0,,,,426499,129.70,0
566,1307.333,"Mount",0.151,0.148,0.062,-0.202,-0.056,-0.073,32,E,31,N,,,426918,127.18,0
567,1309.794,"Mount",-0.189,0.073,0.152,0.134,-0.014,0.045,8,E,19,S,,,446983,145.64,0
568,1312.074,"Mount",0.152,0.106,0.024,-0.184,-0.065,-0.065,37,E,28,N,,,446152,125.40,0
569,1314.349,"Mount",0.007,0.100,0.086,-0.052,-0.017,0.000,10,E,0,,,,417595,127.20,0
570,1316.482,"Mount",-0.013,0.009,0.014,0.007,-0.047,0.000,27,E,0,,,,439059,147.26,0
571,1318.789,"Mount",-0.019,-0.061,-0.045,0.045,-0.039,0.000,22,E,0,,,,430321,125.20,0
572,1320.971,"Mount",-0.119,-0.015,0.041,0.112,-0.030,0.040,17,E,17,S,,,480597,168.07,0
573,1323.373,"Mount",0.116,0.002,-0.051,-0.104,-0.025,-0.036,14,E,15,N,,,444930,129.84,0
574,1325.443,"Mount",0.011,0.077,0.063,-0.045,0.005,0.000,3,W,0,,,,437685,127.37,0
575,1327.858,"Mount",-0.083,0.014,0.050,0.068,-0.023,0.024,13,E,10,S,,,428424,142.38,0
576,1329.976,"Mount",-0.029,0.045,0.053,0.005,-0.019,0.000,11,E,0,,,,429798,123.76,0
577,1332.312,"Mount",-0.052,0.178,0.182,-0.036,0.055,0.000,32,W,0,,,,425473,126.51,0
578,1334.541,"Mount",0.117,0.057,-0.003,-0.130,-0.025,-0.047,14,E,20,N,,,449125,145.95,0
579,1336.866,"Mount",-0.044,0.033,0.050,0.024,-0.014,0.000,8,E,0,,,,443551,137.58,0
580,1338.986,"Mount",-0.041,-0.004,0.015,0.038,-0.011,0.000,6,E,0,,,,449677,144.23,0
581,1341.414,"Mount",-0.121,-0.050,0.011,0.130,-0.005,0.047,3,E,20,S,,,434141,148.19,0
582,1343.566,"Mount",-0.075,0.123,0.144,0.009,0.068,0.000,39,W,0,,,,429743,119.95,0
583,1346.029,"Mount",0.084,0.208,0.146,-0.170,0.083,-0.061,48,W,26,N,,,426890,133.69,0
584,1348.258,"Mount",0.020,0.232,0.197,-0.125,0.121,-0.047,69,W,20,N,,,445530,154.53,0
585,1350.777,"Mount",-0.070,0.406,0.393,-0.125,0.225,-0.047,129,W,20,N,,,418938,126.86,0
586,1353.053,"Mount",-0.155,0.112,0.171,0.086,0.155,0.029,89,W,12,S,,,423607,125.10,0
587,1355.533,"Mount",-0.169,0.064,0.135,0.121,0.163,0.045,93,W,19,S,,,452652,142.87,0
588,1357.777,"Mount",-0.121,0.130,0.171,0.047,0.193,0.000,111,W,0,,,,439045,127.24,0
589,1360.238,"Mount",-0.171,0.231,0.284,0.045,0.265,0.000,151,W,0,,,,458011,129.56,0
590,1362.439,"Mount",-0.080,0.025,0.060,0.059,0.131,0.000,75,W,0,,,,435009,134.58,0
591,1364.905,"Mount",0.077,0.075,0.031,-0.103,0.138,-0.037,79,W,16,N,,,437401,141.30,0
592,1367.133,"Mount",0.023,0.074,0.055,-0.055,0.126,0.000,72,W,0,,,,455716,133.30,0
593,1369.528,"Mount",0.064,-0.037,-0.062,-0.040,0.088,0.000,50,W,0,,,,441848,134.12,0
594,1371.739,"Mount",0.017,0.013,0.004,-0.021,0.098,0.000,56,W,0,,,,417909,127.78,0
595,1374.077,"Mount",0.037,-0.009,-0.026,-0.029,0.086,0.000,49,W,0,,,,425173,120.08,0
596,1376.243,"Mount",0.085,0.031,-0.012,-0.090,0.068,-0.032,39,W,14,N,,,442266,129.57,0
597,1378.579,"Mount",-0.004,-0.148,-0.129,0.071,-0.000,0.024,0,,10,S,,,428657,139.01,0
598,1380.745,"Mount",-0.075,-0.102,-0.055,0.114,0.056,0.042,32,W,18,S,,,408136,126.20,0
599,1383.070,"Mount",0.045,-0.114,-0.122,0.013,-0.002,0.000,1,E,0,,,,427608,127.61,0
600,1385.252,"Mount",0.138,-0.061,-0.117,-0.094,-0.010,-0.034,5,E,14,N,,,438091,161.33,0
601,1387.592,"Mount",0.089,-0.132,-0.158,-0.018,-0.046,0.000,26,E,0,,,,455285,162.88,0
602,1389.788,"Mount",0.116,-0.090,-0.133,-0.062,-0.048,-0.022,27,E,10,N,,,427482,151.01,0
603,1392.212,"Mount",0.002,-0.181,-0.161,0.082,-0.090,0.029,51,E,12,S,,,442864,135.82,0
604,1394.317,"Mount",0.026,0.005,-0.008,-0.026,-0.029,0.000,17,E,0,,,,419733,122.11,0
605,1396.669,"Mount",0.027,0.015,0.000,-0.031,-0.039,0.000,22,E,0,,,,433210,126.12,0
606,1398.765,"Mount",-0.005,-0.058,-0.049,0.031,-0.040,0.000,23,E,0,,,,454164,143.41,0
607,1401.102,"Mount",-0.003,0.033,0.031,-0.012,-0.024,0.000,14,E,0,,,,432822,130.29,0
608,1403.238,"Mount",-0.022,0.100,0.099,-0.027,0.027,0.000,16,W,0,,,,427667,124.56,0
609,1405.610,"Mount",-0.021,0.064,0.067,-0.011,0.030,0.000,17,W,0,,,,429577,123.59,0
610,1407.882,"Mount",0.098,0.212,0.143,-0.185,0.082,-0.067,47,W,28,N,,,428340,142.13,0
611,1410.392,"Mount",-0.246,0.183,0.276,0.133,0.161,0.045,92,W,19,S,,,474687,150.86,0
612,1412.747,"Mount",-0.025,0.246,0.230,-0.092,0.174,-0.031,99,W,13,N,,,411281,121.53,0
613,1415.292,"Mount",-0.095,0.360,0.363,-0.083,0.267,-0.031,153,W,13,N,,,442397,128.61,0
614,1417.633,"Mount",-0.116,0.404,0.412,-0.084,0.326,-0.031,187,W,13,N,,,430483,128.39,0
615,1420.145,"Mount",-0.127,0.249,0.279,-0.002,0.309,0.000,177,W,0,,,,443768,152.97,0
616,1422.335,"Mount",-0.095,0.096,0.129,0.040,0.265,0.000,151,W,0,,,,456218,141.91,0
617,1424.914,"Mount",-0.087,0.047,0.082,0.055,0.272,0.000,155,W,0,,,,450681,134.65,0
618,1427.185,"Mount",-0.154,-0.014,0.058,0.143,0.230,0.051,131,W,22,S,,,427739,134.61,0
619,1429.736,"Mount",0.029,0.127,0.099,-0.084,0.287,-0.028,164,W,12,N,,,418044,120.35,0
620,1432.013,"Mount",0.004,0.109,0.095,-0.054,0.271,0.000,155,W,0,,,,440805,138.45,0
621,1434.462,"Mount",-0.024,-0.058,-0.041,0.048,0.221,0.000,127,W,0,,,,436214,128.13,0
622,1436.726,"Mount",0.015,-0.167,-0.155,0.063,0.137,0.023,78,W,10,S,,,443021,138.98,0
623,1439.176,"Mount",0.107,-0.147,-0.180,-0.027,0.116,0.000,67,W,0,,,,461598,148.13,0
624,1441.341,"Mount",0.078,-0.223,-0.234,0.033,0.050,0.000,29,W,0,,,,452744,132.55,0
625,1443.646,"Mount",0.091,-0.229,-0.245,0.025,0.026,0.000,15,W,0,,,,434126,148.84,0
626,1445.762,"Mount",0.104,-0.136,-0.169,-0.029,0.022,0.000,13,W,0,,,,440088,128.87,0
627,1448.049,"Mount",0.077,-0.169,-0.186,0.009,-0.009,0.000,5,E,0,,,,453810,132.80,0
628,1450.247,"Mount",0.030,-0.203,-0.195,0.067,-0.039,0.024,22,E,10,S,,,445271,136.38,0
629,1452.572,"Mount",0.094,-0.140,-0.168,-0.018,-0.050,0.000,28,E,0,,,,438354,126.67,0
630,1454.735,"Mount",0.118,-0.041,-0.091,-0.085,-0.033,-0.031,19,E,13,N,,,431685,134.03,0
631,1457.171,"Mount",0.145,-0.057,-0.117,-0.102,-0.063,-0.038,36,E,16,N,,,463500,139.06,0
632,1459.302,"Mount",0.037,-0.114,-0.118,0.020,-0.073,0.000,42,E,0,,,,480901,154.26,0
633,1461.718,"Mount",-0.033,-0.113,-0.085,0.081,-0.053,0.029,30,E,13,S,,,444016,147.59,0
634,1463.850,"Mount",0.061,-0.068,-0.089,-0.023,-0.060,0.000,34,E,0,,,,439453,133.79,0
635,1466.159,"Mount",0.046,0.000,-0.021,-0.041,-0.015,0.000,8,E,0,,,,463360,136.48,0
636,1468.243,"Mount",0.064,0.001,-0.028,-0.057,-0.014,0.000,8,E,0,,,,415569,129.27,0
637,1470.582,"Mount",-0.017,0.022,0.028,0.005,-0.019,0.000,11,E,0,,,,463828,162.96,0
638,1472.685,"Mount",0.027,0.046,0.029,-0.045,-0.015,0.000,9,E,0,,,,423174,146.82,0
639,1475.020,"Mount",-0.016,-0.005,0.003,0.016,-0.015,0.000,9,E,0,,,,443007,118.24,0
640,1477.194,"Mount",0.030,0.126,0.098,-0.085,0.033,-0.030,19,W,13,N,,,435595,120.65,0
641,1479.596,"Mount",-0.004,0.059,0.055,-0.023,-0.005,0.000,3,E,0,,,,431634,122.29,0
642,1481.645,"Mount",-0.050,-0.021,0.004,0.054,-0.000,0.000,0,,0,,,,455626,141.22,0
643,1483.976,"Mount",0.044,-0.009,-0.028,-0.034,0.004,0.000,2,W,0,,,,454250,140.38,0
644,1486.172,"Mount",0.040,0.105,0.075,-0.084,0.038,-0.030,22,W,13,N,,,451717,123.59,0
645,1488.537,"Mount",-0.072,0.070,0.096,0.032,0.053,0.000,30,W,0,,,,425355,124.70,0
646,1490.658,"Mount",0.029,-0.033,-0.042,-0.010,0.014,0.000,8,W,0,,,,441713,134.14,0
647,1493.014,"Mount",-0.007,0.031,0.031,-0.008,0.019,0.000,11,W,0,,,,453178,139.32,0
648,1495.224,"Mount",0.080,0.066,0.022,-0.101,0.023,-0.036,13,W,16,N,,,416296,127.74,0
649,1497.672,"Mount",-0.049,-0.057,-0.028,0.070,0.029,0.024,17,W,10,S,,,442022,139.59,0
650,1499.763,"Mount",0.001,0.033,0.029,-0.016,0.030,0.000,17,W,0,,,,450593,148.63,0
651,1502.101,"Mount",-0.017,-0.027,-0.016,0.028,0.021,0.000,12,W,0,,,,429849,140.40,0
652,1504.173,"Mount",-0.028,-0.025,-0.009,0.036,0.012,0.000,7,W,0,,,,435510,125.72,0
653,1506.514,"Mount",-0.018,-0.031,-0.019,0.030,0.004,0.000,2,W,0,,,,430167,139.88,0
654,1508.677,"Mount",-0.034,-0.054,-0.032,0.055,-0.005,0.000,3,E,0,,,,448585,132.88,0
655,1511.030,"Mount",-0.052,-0.037,-0.009,0.063,-0.011,0.023,6,E,10,S,,,433566,134.63,0
656,1513.148,"Mount",-0.022,-0.051,-0.035,0.043,-0.016,0.000,9,E,0,,,,457290,133.61,0
657,1515.440,"Mount",0.037,-0.034,-0.047,-0.017,-0.015,0.000,8,E,0,,,,431005,141.71,0
658,1517.616,"Mount",-0.085,0.028,0.064,0.063,0.015,0.023,9,W,10,S,,,443018,140.28,0
659,1519.904,"Mount",-0.043,0.024,0.041,0.027,-0.011,0.000,6,E,0,,,,443145,145.34,0
660,1522.071,"Mount",-0.147,0.060,0.121,0.102,0.050,0.037,28,W,16,S,,,441403,147.87,0
661,1524.506,"Mount",0.008,0.213,0.185,-0.106,0.081,-0.037,46,W,16,N,,,436945,133.38,0
662,1526.723,"Mount",0.020,0.168,0.140,-0.095,0.077,-0.036,44,W,15,N,,,441938,133.16,0
663,1529.167,"Mount",-0.105,0.054,0.096,0.068,0.068,0.023,39,W,10,S,,,434404,137.48,0
664,1531.336,"Mount",-0.042,0.102,0.110,-0.010,0.091,0.000,52,W,0,,,,432137,135.85,0
665,1533.689,"Mount",-0.006,0.050,0.047,-0.018,0.052,0.000,30,W,0,,,,445261,141.46,0
666,1535.822,"Mount",-0.055,0.006,0.031,0.046,0.053,0.000,30,W,0,,,,456518,140.61,0
667,1538.175,"Mount",0.020,-0.046,-0.049,0.004,0.058,0.000,33,W,0,,,,445493,137.22,0
668,1540.278,"Mount",0.054,-0.104,-0.117,0.000,0.005,0.000,3,W,0,,,,451053,136.45,0
669,1542.618,"Mount",0.050,-0.150,-0.156,0.025,-0.024,0.000,14,E,0,,,,434219,149.56,0
670,1544.737,"Mount",0.007,-0.081,-0.075,0.031,0.003,0.000,1,W,0,,,,438440,140.02,0
671,1547.157,"Mount",-0.132,-0.101,-0.029,0.163,0.015,0.059,9,W,25,S,,,435900,143.58,0
672,1549.358,"Mount",0.148,-0.204,-0.250,-0.037,-0.112,0.000,64,E,0,,,,465030,153.62,0
673,1551.871,"Mount",0.170,-0.157,-0.218,-0.078,-0.101,-0.028,58,E,12,N,,,454059,138.88,0
674,1554.024,"Mount",0.124,-0.220,-0.253,-0.009,-0.128,0.000,73,E,0,,,,427538,153.61,0
675,1556.453,"Mount",0.043,-0.240,-0.233,0.072,-0.139,0.026,79,E,11,S,,,441689,138.31,0
676,1558.618,"Mount",0.092,-0.235,-0.251,0.027,-0.157,0.000,90,E,0,,,,449394,124.56,0
677,1561.173,"Mount",0.297,-0.202,-0.316,-0.171,-0.213,-0.061,122,E,26,N,,,426572,129.93,0
678,1563.497,"Mount",-0.001,-0.190,-0.168,0.089,-0.165,0.029,94,E,13,S,,,414152,122.30,0
679,1566.074,"Mount",0.039,-0.284,-0.270,0.096,-0.241,0.036,138,E,15,S,,,453255,139.40,0
680,1568.382,"Mount",0.020,-0.261,-0.241,0.103,-0.244,0.038,139,E,16,S,,,438122,134.21,0
681,1570.737,"Mount",-0.027,-0.059,-0.040,0.051,-0.156,0.000,89,E,0,,,,441547,142.48,0
682,1572.982,"Mount",0.054,0.089,0.054,-0.089,-0.147,-0.032,84,E,14,N,,,438733,135.30,0
683,1575.380,"Mount",0.014,0.006,-0.001,-0.015,-0.150,0.000,86,E,0,,,,440099,143.97,0
684,1577.578,"Mount",0.018,0.081,0.063,-0.054,-0.077,0.000,44,E,0,,,,440164,129.33,0
685,1580.026,"Mount",0.093,0.088,0.036,-0.123,-0.093,-0.044,53,E,19,N,,,432393,134.68,0
686,1582.073,"Mount",-0.027,0.162,0.157,-0.051,0.001,0.000,0,,0,,,,437566,133.55,0
687,1584.438,"Mount",-0.104,0.192,0.218,0.004,0.040,0.000,23,W,0,,,,439788,160.16,0
688,1586.574,"Mount",-0.000,0.047,0.042,-0.021,-0.050,0.000,29,E,0,,,,460081,141.89,0
689,1589.010,"Mount",-0.185,0.069,0.147,0.132,0.028,0.048,16,W,20,S,,,438087,145.83,0
690,1591.143,"Mount",-0.047,0.106,0.116,-0.008,0.010,0.000,6,W,0,,,,449297,158.82,0
691,1593.478,"Mount",-0.042,0.072,0.083,0.004,0.003,0.000,2,W,0,,,,436377,135.91,0
692,1595.591,"Mount",-0.036,0.006,0.022,0.029,-0.027,0.000,15,E,0,,,,450293,131.76,0
693,1597.963,"Mount",0.031,0.031,0.013,-0.042,-0.024,0.000,14,E,0,,,,451079,129.63,0
694,1600.081,"Mount",-0.053,-0.009,0.016,0.051,-0.013,0.000,7,E,0,,,,437498,140.75,0
695,1602.433,"Mount",0.030,-0.075,-0.080,0.008,-0.054,0.000,31,E,0,,,,444327,134.35,0
696,1604.576,"Mount",0.033,-0.118,-0.120,0.025,-0.076,0.000,44,E,0,,,,430042,125.16,0
697,1606.975,"Mount",0.092,-0.205,-0.224,0.013,-0.135,0.000,77,E,0,,,,457401,147.80,0
698,1609.299,"Mount",0.293,-0.164,-0.280,-0.184,-0.175,-0.066,100,E,28,N,,,479990,149.43,0
699,1611.699,"Mount",0.069,-0.215,-0.223,0.038,-0.194,0.000,111,E,0,,,,449130,150.93,0
700,1613.915,"Mount",0.132,-0.316,-0.341,0.029,-0.258,0.000,148,E,0,,,,450871,141.46,0
701,1616.442,"Mount",0.128,-0.417,-0.429,0.079,-0.348,0.029,199,E,12,S,,,447147,147.77,0
702,1618.799,"Mount",0.095,-0.372,-0.374,0.087,-0.349,0.033,199,E,14,S,,,441357,131.76,0
703,1621.369,"Mount",0.097,-0.319,-0.328,0.061,-0.372,0.023,213,E,10,S,,,427283,118.39,0
704,1623.659,"Mount",0.009,-0.144,-0.132,0.059,-0.294,0.000,168,E,0,,,,442164,145.96,0
705,1626.110,"Mount",0.048,-0.063,-0.078,-0.014,-0.269,0.000,154,E,0,,,,433065,142.75,0
706,1628.307,"Mount",0.015,-0.036,-0.039,0.004,-0.212,0.000,121,E,0,,,,437285,134.68,0
707,1630.803,"Mount",0.054,0.048,0.018,-0.070,-0.181,-0.025,103,E,11,N,,,437861,127.99,0
708,1633.039,"Mount",0.070,-0.100,-0.121,-0.016,-0.210,0.000,120,E,0,,,,413794,132.32,0
709,1635.503,"Mount",-0.063,-0.069,-0.032,0.088,-0.150,0.032,86,E,13,S,,,436098,136.20,0
710,1637.696,"Mount",0.033,0.011,-0.005,-0.035,-0.141,0.000,80,E,0,,,,452840,138.16,0
711,1640.159,"Mount",-0.022,-0.025,-0.012,0.031,-0.148,0.000,85,E,0,,,,437401,134.03,0
712,1642.327,"Mount",-0.002,0.080,0.072,-0.035,-0.098,0.000,56,E,0,,,,443673,137.80,0
713,1644.666,"Mount",-0.022,0.068,0.071,-0.012,-0.095,0.000,54,E,0,,,,433105,131.19,0
714,1646.817,"Mount",0.004,0.080,0.069,-0.040,-0.090,0.000,52,E,0,,,,454374,151.71,0
715,1649.217,"Mount",0.024,0.140,0.113,-0.086,-0.070,-0.031,40,E,13,N,,,425321,134.04,0
716,1651.430,"Mount",0.029,0.098,0.073,-0.071,-0.078,-0.027,44,E,12,N,,,436495,123.40,0
717,1653.770,"Mount",-0.082,0.036,0.070,0.056,-0.074,0.000,42,E,0,,,,466057,149.39,0
718,1655.966,"Mount",0.001,-0.017,-0.015,0.007,-0.091,0.000,52,E,0,,,,450068,144.56,0
719,1658.291,"Mount",-0.054,0.143,0.152,-0.018,-0.014,0.000,8,E,0,,,,453818,140.53,0
720,1660.489,"Mount",0.112,0.067,0.008,-0.130,-0.070,-0.047,40,E,20,N,,,444963,137.85,0
721,1662.827,"Mount",-0.106,0.122,0.158,0.038,0.012,0.000,7,W,0,,,,454045,133.16,0
722,1664.962,"Mount",-0.018,0.063,0.064,-0.013,-0.016,0.000,9,E,0,,,,439562,134.02,0
723,1667.344,"Mount",0.039,0.065,0.040,-0.064,-0.029,-0.023,16,E,10,N,,,428528,140.92,0
724,1669.509,"Mount",-0.134,0.005,0.066,0.116,0.010,0.041,6,W,18,S,,,410474,121.60,0
725,1671.845,"Mount",-0.042,0.037,0.052,0.020,-0.016,0.000,9,E,0,,,,453039,136.79,0
726,1673.950,"Mount",-0.042,-0.001,0.018,0.037,-0.013,0.000,7,E,0,,,,444925,144.47,0
727,1676.240,"Mount",-0.001,0.017,0.015,-0.007,-0.016,0.000,9,E,0,,,,448375,145.37,0
728,1678.384,"Mount",-0.011,0.004,0.009,0.008,-0.016,0.000,9,E,0,,,,453880,143.69,0
729,1680.706,"Mount",-0.048,0.020,0.040,0.033,-0.021,0.000,12,E,0,,,,430583,131.82,0
730,1682.902,"Mount",0.019,0.129,0.106,-0.076,0.031,-0.027,18,W,12,N,,,433540,136.05,0
731,1685.315,"Mount",0.042,0.029,0.006,-0.051,-0.013,0.000,7,E,0,,,,427900,138.04,0
732,1687.539,"Mount",0.004,0.065,0.056,-0.034,-0.002,0.000,1,E,0,,,,437343,126.25,0
733,1689.863,"Mount",-0.024,0.120,0.118,-0.034,0.062,0.000,36,W,0,,,,436908,141.55,0
734,1692.058,"Mount",-0.134,0.236,0.271,0.010,0.144,0.000,82,W,0,,,,455120,123.48,0
735,1694.427,"Mount",-0.106,0.197,0.224,0.003,0.135,0.000,77,W,0,,,,446799,142.02,0
736,1696.528,"Mount",-0.012,0.054,0.053,-0.015,0.056,0.000,32,W,0,,,,430425,137.34,0
737,1699.040,"Mount",0.019,0.220,0.187,-0.118,0.157,-0.043,90,W,18,N,,,440571,130.18,0
738,1701.252,"Mount",-0.088,0.019,0.058,0.069,0.085,0.023,48,W,10,S,,,455210,145.80,0
739,1703.728,"Mount",-0.089,0.238,0.252,-0.031,0.219,0.000,125,W,0,,,,436115,128.11,0
740,1706.016,"Mount",0.002,0.139,0.122,-0.066,0.171,-0.024,98,W,10,N,,,440654,134.80,0
741,1708.384,"Mount",-0.006,0.118,0.107,-0.049,0.184,0.000,105,W,0,,,,437318,132.77,0
742,1710.561,"Mount",-0.012,0.019,0.023,0.002,0.140,0.000,80,W,0,,,,465559,151.24,0
743,1713.026,"Mount",0.016,0.071,0.055,-0.047,0.146,0.000,83,W,0,,,,455571,144.47,0
744,1715.255,"Mount",-0.058,0.127,0.139,-0.007,0.203,0.000,116,W,0,,,,429668,123.63,0
745,1717.588,"Mount",0.031,-0.101,-0.104,0.020,0.077,0.000,44,W,0,,,,438124,122.12,0
746,1719.676,"Mount",0.067,-0.174,-0.186,0.021,0.025,0.000,14,W,0,,,,441447,119.93,0
747,1722.120,"Mount",-0.024,-0.166,-0.136,0.098,0.018,0.035,10,W,15,S,,,446116,155.30,0
748,1724.288,"Mount",-0.098,-0.040,0.010,0.106,0.063,0.039,36,W,17,S,,,443378,133.27,0
749,1726.726,"Mount",0.185,-0.125,-0.196,-0.107,-0.046,-0.037,26,E,16,N,,,450118,149.67,0
750,1728.877,"Mount",0.088,-0.158,-0.181,-0.005,-0.055,0.000,31,E,0,,,,460053,136.66,0
751,1731.262,"Mount",0.031,-0.186,-0.179,0.058,-0.059,0.000,34,E,0,,,,443740,131.20,0
752,1733.493,"Mount",-0.007,-0.216,-0.189,0.106,-0.073,0.038,42,E,16,S,,,443011,132.21,0
753,1735.867,"Mount",0.049,-0.033,-0.052,-0.028,-0.002,0.000,1,E,0,,,,440488,128.51,0
754,1737.960,"Mount",0.020,-0.098,-0.096,0.028,-0.056,0.000,32,E,0,,,,442724,132.07,0
755,1740.343,"Mount",0.105,-0.001,-0.049,-0.093,-0.017,-0.033,10,E,14,N,,,435838,133.22,0
756,1742.569,"Mount",0.104,-0.040,-0.084,-0.073,-0.059,-0.028,34,E,12,N,,,424318,126.38,0
757,1745.017,"Mount",0.145,-0.074,-0.133,-0.094,-0.082,-0.035,47,E,15,N,,,444851,137.51,0
758,1747.169,"Mount",0.067,-0.038,-0.064,-0.042,-0.043,0.000,25,E,0,,,,453257,148.36,0
759,1749.460,"Mount",0.015,0.011,0.003,-0.018,-0.006,0.000,3,E,0,,,,435355,137.80,0
760,1751.643,"Mount",0.026,0.088,0.066,-0.064,0.032,-0.023,18,W,10,N,,,438778,130.52,0
761,1754.032,"Mount",0.087,0.095,0.045,-0.121,0.010,-0.044,6,W,19,N,,,458859,150.53,0
762,1756.164,"Mount",-0.064,0.050,0.073,0.034,0.063,0.000,36,W,0,,,,443989,126.40,0
763,1758.632,"Mount",0.076,0.225,0.165,-0.171,0.128,-0.062,73,W,26,N,,,433733,129.73,0
764,1760.897,"Mount",-0.234,0.287,0.363,0.075,0.244,0.025,139,W,10,S,,,450351,136.61,0
765,1763.449,"Mount",-0.248,0.289,0.371,0.086,0.286,0.032,164,W,14,S,,,440767,129.18,0
766,1765.917,"Mount",-0.136,0.514,0.519,-0.117,0.385,-0.041,220,W,17,N,,,438894,132.58,0
767,1768.470,"Mount",-0.267,0.169,0.273,0.158,0.325,0.055,186,W,24,S,,,431589,132.09,0
768,1770.811,"Mount",-0.220,0.086,0.178,0.155,0.295,0.058,169,W,25,S,,,432018,132.96,0
769,1773.289,"Mount",0.022,0.076,0.058,-0.055,0.238,0.000,136,W,0,,,,422376,122.24,0
770,1775.549,"Mount",-0.085,0.071,0.102,0.042,0.280,0.000,160,W,0,,,,462700,165.58,0
771,1778.120,"Mount",0.091,0.119,0.064,-0.136,0.255,-0.049,146,W,21,N,,,432155,143.70,0
772,1780.281,"Mount",0.071,-0.101,-0.122,-0.016,0.157,0.000,90,W,0,,,,444748,150.94,0
773,1782.701,"Mount",0.201,-0.152,-0.227,-0.108,0.092,-0.039,52,W,17,N,,,425902,119.66,0
774,1784.846,"Mount",0.057,-0.125,-0.137,0.007,0.112,0.000,64,W,0,,,,455902,136.61,0
775,1787.184,"Mount",0.097,-0.153,-0.180,-0.016,0.072,0.000,41,W,0,,,,445379,136.14,0
776,1789.266,"Mount",0.176,-0.269,-0.320,-0.031,-0.021,0.000,12,E,0,,,,438938,133.40,0
777,1791.573,"Mount",0.062,-0.163,-0.173,0.021,0.041,0.000,24,W,0,,,,426589,131.01,0
778,1793.724,"Mount",0.051,-0.268,-0.262,0.079,-0.029,0.028,17,E,12,S,,,431565,134.33,0
779,1796.061,"Mount",0.099,-0.245,-0.263,0.025,-0.034,0.000,19,E,0,,,,447670,139.95,0
780,1798.163,"Mount",0.142,-0.193,-0.237,-0.037,-0.048,0.000,27,E,0,,,,426179,129.36,0
781,1800.491,"Mount",0.083,-0.120,-0.144,-0.018,-0.022,0.000,13,E,0,,,,437511,122.82,0
782,1802.554,"Mount",0.071,-0.032,-0.061,-0.048,-0.002,0.000,1,E,0,,,,442572,141.98,0
783,1804.979,"Mount",0.151,-0.090,-0.149,-0.092,-0.054,-0.033,31,E,14,N,,,445353,157.10,0
784,1807.099,"Mount",0.032,-0.056,-0.065,-0.002,-0.035,0.000,20,E,0,,,,451845,140.48,0
785,1809.435,"Mount",0.017,-0.142,-0.134,0.050,-0.072,0.000,41,E,0,,,,459651,138.30,0
786,1811.598,"Mount",-0.030,-0.034,-0.017,0.042,-0.022,0.000,13,E,0,,,,455621,138.27,0
787,1813.940,"Mount",0.026,-0.105,-0.105,0.025,-0.072,0.000,41,E,0,,,,452891,138.81,0
788,1816.089,"Mount",0.044,-0.074,-0.086,-0.005,-0.066,0.000,38,E,0,,,,429831,145.07,0
789,1818.424,"Mount",0.019,-0.014,-0.021,-0.011,-0.029,0.000,17,E,0,,,,451373,132.09,0
790,1820.606,"Mount",0.060,0.081,0.044,-0.090,-0.024,-0.033,14,E,14,N,,,459492,140.08,0
791,1822.912,"Mount",0.016,0.095,0.077,-0.058,0.013,0.000,8,W,0,,,,438700,145.08,0
792,1825.014,"Mount",-0.011,-0.076,-0.062,0.045,-0.042,0.000,24,E,0,,,,451118,156.85,0
793,1827.366,"Mount",-0.010,0.132,0.122,-0.052,0.049,0.000,28,W,0,,,,419876,131.08,0
794,1829.485,"Mount",0.007,0.100,0.085,-0.053,0.035,0.000,20,W,0,,,,444481,141.44,0
795,1831.820,"Mount",-0.007,0.012,0.014,0.001,0.005,0.000,3,W,0,,,,458003,157.45,0
796,1833.998,"Mount",-0.007,0.086,0.080,-0.034,0.039,0.000,22,W,0,,,,442799,134.97,0
797,1836.317,"Mount",0.016,0.024,0.014,-0.025,0.010,0.000,6,W,0,,,,438488,141.13,0
798,1838.447,"Mount",-0.003,0.129,0.116,-0.057,0.064,0.000,37,W,0,,,,427456,136.68,0
799,1840.799,"Mount",-0.037,0.065,0.075,0.003,0.053,0.000,30,W,0,,,,439762,131.95,0
800,1843.056,"Mount",0.237,0.272,0.132,-0.335,0.082,-0.121,47,W,52,N,,,436377,146.80,0
801,1845.500,"Mount",-0.023,-0.097,-0.076,0.065,-0.004,0.019,2,E,8,S,,,438271,123.12,0
802,1847.725,"Mount",-0.045,-0.082,-0.052,0.078,0.029,0.029,16,W,12,S,,,420668,117.98,0
803,1850.145,"Mount",-0.142,-0.105,-0.028,0.174,0.023,0.064,13,W,27,S,,,451507,159.98,0
804,1852.213,"Mount",0.004,-0.039,-0.036,0.015,0.006,0.000,4,W,0,,,,429236,129.17,0
805,1854.505,"Mount",0.017,-0.046,-0.049,0.006,-0.005,0.000,3,E,0,,,,449923,132.65,0
806,1856.666,"Mount",-0.044,-0.053,-0.027,0.063,-0.007,0.023,4,E,10,S,,,444920,146.20,0
807,1859.048,"Mount",0.054,0.054,0.023,-0.073,-0.010,-0.025,6,E,11,N,,,455955,137.83,0
808,1861.151,"Mount",0.051,-0.093,-0.106,-0.002,-0.054,0.000,31,E,0,,,,441966,133.03,0
809,1863.445,"Mount",0.019,0.036,0.023,-0.034,-0.007,0.000,4,E,0,,,,444844,129.11,0
810,1865.644,"Mount",0.069,0.189,0.136,-0.149,0.059,-0.054,34,W,23,N,,,433809,139.23,0
811,1868.028,"Mount",-0.076,0.097,0.121,0.023,0.056,0.000,32,W,0,,,,436203,137.51,0
812,1870.116,"Mount",-0.000,0.022,0.019,-0.010,0.003,0.000,2,W,0,,,,454208,131.81,0
813,1872.547,"Mount",-0.129,0.060,0.112,0.086,0.067,0.031,38,W,13,S,,,440393,139.04,0
814,1874.676,"Mount",-0.103,0.127,0.160,0.033,0.093,0.000,53,W,0,,,,424028,125.52,0
815,1877.089,"Mount",-0.080,-0.002,0.035,0.072,0.028,0.026,16,W,11,S,,,442386,127.44,0
816,1879.290,"Mount",-0.052,0.122,0.132,-0.011,0.090,0.000,51,W,0,,,,455479,144.02,0
817,1883.779,"Mount",-0.018,0.113,0.108,-0.036,0.113,0.000,64,W,0,,,,447958,139.19,0
818,1886.118,"Mount",-0.062,0.039,0.064,0.037,0.079,0.000,45,W,0,,,,458159,174.76,0
Guiding Ends at 2026-05-25 22:43:11

Guiding Begins at 2026-05-25 22:44:32
Equipment Profile = 60mmGuide
Dither = both axes, Dither scale = 1.000, Image noise reduction = none, Guide-frame time lapse = 0, Server enabled
Pixel scale = 3.22 arc-sec/px, Binning = 1, Focal length = 240 mm
Search region = 25 px, Star mass tolerance = 50.0%, Multi-star mode, list size = 12
 Camera = ZWO ASI120MM Mini, gain = 37, full size = 1280 x 960, have dark, dark dur = 2000, no defect map, pixel size = 3.8 um
Exposure = 2000 ms
Mount = iOptron CEM120,70,40,26, GEM, HEM, HAE, HAZ series and SkyHunter Mount (ASCOM), connected, guiding enabled, xAngle = 117.4, xRate = 0.954, yAngle = -152.7, yRate = 2.338, parity = +/+
Norm rates RA = 8.3"/s @ dec 0, Dec = 7.5"/s; ortho.err. = 0.1 deg
X guide algorithm = Predictive PEC, Control gain = 0.450
Prediction gain = 0.750
Minimum move = 0.060
Hyperparameters
	Length scale long range SE kernel = 700.000
	Signal variance long range SE kernel = 20.000
	Length scale periodic kernel = 10.000
	Signal variance periodic kernel = 20.000
	Length scale short range SE kernel = 25.000
	Signal variance short range SE kernel = 10.000
	Period length periodic kernel = 348.000
	FFT called after = 2.000 worm cycles
	Auto-adjust period length = Off
Y guide algorithm = Hysteresis, Hysteresis = 0.100, Aggression = 0.400, Minimum move = 0.060
Backlash comp = disabled, pulse = 100 ms
Max RA duration = 2500, Max DEC duration = 2500, DEC guide mode = Auto
RA Guide Speed = 7.5 a-s/s, Dec Guide Speed = 7.5 a-s/s, Cal Dec = 0.0, Last Cal Issue = None, Timestamp = 7/29/2025 9:33:42 PM
RA = 20.67 hr, Dec = 68.2 deg, Hour angle = -7.30 hr, Pier side = West, Rotator pos = N/A, Alt = 22.3 deg, Az = 22.2 deg
Lock position = 670.938, 347.856, Star position = 670.938, 347.856, HFD = 4.49 px
Frame,Time,mount,dx,dy,RARawDistance,DECRawDistance,RAGuideDistance,DECGuideDistance,RADuration,RADirection,DECDuration,DECDirection,XStep,YStep,StarMass,SNR,ErrorCode
INFO: SETTLING STATE CHANGE, Settling started
1,2.230,"Mount",0.065,-0.091,-0.111,-0.015,-0.050,0.000,52,E,0,,,,256377,105.46,0
2,4.703,"Mount",0.003,-0.236,-0.211,0.106,-0.095,0.038,99,E,16,S,,,262628,110.51,0
3,7.074,"Mount",-0.448,0.116,0.309,0.344,0.139,0.125,146,W,54,S,,,306096,102.83,0
4,9.451,"Mount",-0.277,-0.181,-0.033,0.329,0.000,0.123,0,,53,S,,,302218,126.64,0
5,11.773,"Mount",-0.105,-0.286,-0.205,0.226,-0.092,0.086,97,E,37,S,,,308693,140.04,0
6,14.129,"Mount",-0.126,-0.017,0.043,0.120,0.000,0.047,0,,20,S,,,308341,134.28,0
7,16.528,"Mount",-0.022,0.371,0.339,-0.151,0.153,-0.053,160,W,23,N,,,285151,125.08,0
8,19.002,"Mount",-0.166,0.185,0.241,0.062,0.108,0.020,114,W,9,S,,,278510,117.96,0
9,21.229,"Mount",-0.136,0.187,0.229,0.034,0.103,0.000,108,W,0,,,,315600,108.06,0
INFO: SETTLING STATE CHANGE, Settling complete
10,23.708,"Mount",-0.390,-0.102,0.089,0.393,0.040,0.142,42,W,61,S,,,269439,121.00,0
11,25.965,"Mount",-0.186,0.298,0.350,0.027,0.152,0.000,159,W,0,,,,278666,111.08,0
12,29.946,"Mount",-1.797,3.415,3.859,0.017,1.576,0.000,1653,W,0,,,,256195,109.25,0
13,32.140,"Mount",-0.192,-0.001,0.088,0.170,0.049,0.061,52,W,26,S,,,280561,111.21,0
Guiding Ends at 2026-05-25 22:45:06

Guiding Begins at 2026-05-25 22:47:38
Equipment Profile = 60mmGuide
Dither = both axes, Dither scale = 1.000, Image noise reduction = none, Guide-frame time lapse = 0, Server enabled
Pixel scale = 3.22 arc-sec/px, Binning = 1, Focal length = 240 mm
Search region = 25 px, Star mass tolerance = 50.0%, Multi-star mode, list size = 12
 Camera = ZWO ASI120MM Mini, gain = 37, full size = 1280 x 960, have dark, dark dur = 2000, no defect map, pixel size = 3.8 um
Exposure = 2000 ms
Mount = iOptron CEM120,70,40,26, GEM, HEM, HAE, HAZ series and SkyHunter Mount (ASCOM), connected, guiding enabled, xAngle = 117.4, xRate = 0.954, yAngle = -152.7, yRate = 2.338, parity = +/+
Norm rates RA = 8.3"/s @ dec 0, Dec = 7.5"/s; ortho.err. = 0.1 deg
X guide algorithm = Predictive PEC, Control gain = 0.450
Prediction gain = 0.750
Minimum move = 0.060
Hyperparameters
	Length scale long range SE kernel = 700.000
	Signal variance long range SE kernel = 20.000
	Length scale periodic kernel = 10.000
	Signal variance periodic kernel = 20.000
	Length scale short range SE kernel = 25.000
	Signal variance short range SE kernel = 10.000
	Period length periodic kernel = 348.000
	FFT called after = 2.000 worm cycles
	Auto-adjust period length = Off
Y guide algorithm = Hysteresis, Hysteresis = 0.100, Aggression = 0.400, Minimum move = 0.060
Backlash comp = disabled, pulse = 100 ms
Max RA duration = 2500, Max DEC duration = 2500, DEC guide mode = Auto
RA Guide Speed = 7.5 a-s/s, Dec Guide Speed = 7.5 a-s/s, Cal Dec = 0.0, Last Cal Issue = None, Timestamp = 7/29/2025 9:33:42 PM
RA = 20.67 hr, Dec = 68.2 deg, Hour angle = -7.25 hr, Pier side = West, Rotator pos = N/A, Alt = 22.6 deg, Az = 22.4 deg
Lock position = 669.738, 346.842, Star position = 669.738, 346.842, HFD = 4.61 px
Frame,Time,mount,dx,dy,RARawDistance,DECRawDistance,RAGuideDistance,DECGuideDistance,RADuration,RADirection,DECDuration,DECDirection,XStep,YStep,StarMass,SNR,ErrorCode
INFO: SETTLING STATE CHANGE, Settling started
1,2.348,"Mount",-0.111,0.034,0.081,0.083,0.036,0.030,38,W,13,S,,,251205,103.10,0
2,4.827,"Mount",-0.278,0.116,0.231,0.194,0.104,0.071,109,W,30,S,,,283761,128.19,0
3,7.115,"Mount",-0.306,0.075,0.207,0.237,0.093,0.088,98,W,38,S,,,248666,101.70,0
4,9.861,"Mount",-0.035,0.764,0.694,-0.322,0.312,-0.112,327,W,48,N,,,246997,104.09,0
5,12.076,"Mount",-0.233,0.043,0.145,0.187,0.065,0.063,68,W,27,S,,,269916,121.69,0
6,14.525,"Mount",0.168,0.094,0.006,-0.193,0.003,-0.067,3,W,29,N,,,267328,129.15,0
7,16.639,"Mount",-0.075,0.089,0.113,0.025,0.051,0.000,53,W,0,,,,277301,103.85,0
8,19.089,"Mount",-0.158,-0.140,-0.051,0.205,-0.023,0.074,24,E,32,S,,,267904,119.26,0
9,21.281,"Mount",-0.134,0.131,0.178,0.058,0.080,0.000,84,W,0,,,,310522,121.07,0
INFO: SETTLING STATE CHANGE, Settling complete
10,23.730,"Mount",-0.149,-0.105,-0.025,0.181,-0.011,0.065,12,E,28,S,,,276333,103.33,0
11,25.946,"Mount",-0.092,0.135,0.162,0.019,0.082,0.000,86,W,0,,,,270121,107.10,0
12,28.535,"Mount",0.014,0.190,0.162,-0.100,0.083,-0.036,87,W,15,N,,,310030,125.04,0
13,30.700,"Mount",0.234,0.033,-0.078,-0.222,-0.016,-0.082,16,E,35,N,,,283115,108.87,0
14,33.175,"Mount",-0.088,-0.320,-0.243,0.226,-0.084,0.078,88,E,33,S,,,278220,106.31,0
15,35.357,"Mount",0.126,-0.197,-0.233,-0.021,-0.084,0.000,88,E,0,,,,265654,118.51,0
16,37.732,"Mount",0.081,-0.145,-0.166,-0.005,-0.057,0.000,60,E,0,,,,288757,122.60,0
17,39.941,"Mount",-0.202,-0.147,-0.038,0.247,0.014,0.089,14,W,38,S,,,282731,109.79,0
18,42.489,"Mount",-0.088,0.331,0.335,-0.075,0.153,-0.023,161,W,10,N,,,257447,117.54,0
19,44.701,"Mount",-0.004,-0.266,-0.235,0.126,-0.084,0.044,88,E,19,S,,,265587,112.31,0
20,47.181,"Mount",-0.053,-0.117,-0.079,0.101,-0.014,0.038,15,E,16,S,,,288096,124.02,0
21,49.318,"Mount",0.020,-0.056,-0.059,0.008,0.013,0.000,14,W,0,,,,285758,106.36,0
22,51.782,"Mount",-0.131,-0.314,-0.219,0.261,-0.078,0.094,82,E,40,S,,,254965,113.24,0
23,53.904,"Mount",0.055,-0.129,-0.140,0.011,-0.046,0.000,49,E,0,,,,271738,108.92,0
24,56.231,"Mount",0.025,-0.094,-0.095,0.021,-0.029,0.000,30,E,0,,,,303999,124.53,0
25,58.363,"Mount",0.074,-0.179,-0.193,0.017,-0.069,0.000,72,E,0,,,,282839,106.67,0
26,60.684,"Mount",0.103,-0.076,-0.115,-0.056,-0.038,0.000,40,E,0,,,,310707,129.89,0
27,62.896,"Mount",-0.046,-0.165,-0.126,0.117,-0.043,0.042,45,E,18,S,,,300532,127.94,0
28,65.268,"Mount",0.077,-0.072,-0.100,-0.035,-0.033,0.000,34,E,0,,,,252627,108.14,0
29,67.445,"Mount",-0.107,-0.007,0.043,0.098,0.012,0.035,13,W,15,S,,,295570,125.03,0
30,69.865,"Mount",-0.095,0.186,0.209,-0.002,0.097,0.000,102,W,0,,,,293022,127.51,0
31,72.063,"Mount",0.061,0.026,-0.005,-0.067,0.012,-0.024,12,W,10,N,,,274213,116.65,0
32,74.401,"Mount",0.053,0.001,-0.024,-0.047,0.016,0.000,16,W,0,,,,283605,117.59,0
33,76.586,"Mount",0.046,0.068,0.039,-0.072,0.016,-0.026,17,W,11,N,,,273424,108.55,0
34,79.006,"Mount",0.122,-0.200,-0.234,-0.016,-0.086,0.000,90,E,0,,,,294637,120.34,0
35,81.142,"Mount",0.018,-0.027,-0.032,-0.004,0.013,0.000,13,W,0,,,,257146,114.09,0
36,83.575,"Mount",-0.129,-0.050,0.015,0.138,0.013,0.050,14,W,21,S,,,291719,116.15,0
37,85.796,"Mount",-0.102,0.032,0.075,0.076,0.035,0.029,37,W,12,S,,,290950,123.94,0
38,88.153,"Mount",0.033,-0.118,-0.120,0.025,-0.046,0.000,49,E,0,,,,269975,122.36,0
39,90.398,"Mount",-0.013,-0.171,-0.146,0.090,-0.042,0.032,44,E,14,S,,,275240,106.98,0
40,92.825,"Mount",-0.190,-0.270,-0.152,0.293,-0.047,0.107,49,E,46,S,,,286544,111.87,0
41,95.038,"Mount",-0.081,-0.026,0.014,0.084,-0.017,0.034,18,E,15,S,,,255638,114.52,0
42,97.468,"Mount",-0.119,-0.117,-0.049,0.160,-0.018,0.059,19,E,25,S,,,298153,120.47,0
43,99.649,"Mount",0.030,-0.144,-0.141,0.040,-0.073,0.000,76,E,0,,,,245273,110.12,0
44,102.319,"Mount",0.087,-0.552,-0.531,0.177,-0.238,0.064,249,E,27,S,,,253640,104.68,0
45,104.645,"Mount",0.204,-0.393,-0.443,0.000,-0.222,0.000,233,E,0,,,,302633,114.43,0
46,106.966,"Mount",0.048,-0.020,-0.039,-0.033,-0.033,0.000,35,E,0,,,,274234,113.85,0
47,109.194,"Mount",-0.132,0.041,0.097,0.098,-0.058,0.035,61,E,15,S,,,320081,111.23,0
48,111.689,"Mount",0.069,-0.151,-0.166,0.009,-0.170,0.000,178,E,0,,,,286204,116.62,0
49,113.795,"Mount",0.083,-0.037,-0.071,-0.056,-0.012,0.000,12,E,0,,,,284213,113.85,0
50,116.161,"Mount",-0.023,0.018,0.026,0.012,0.030,0.000,31,W,0,,,,274687,117.69,0
51,118.357,"Mount",0.014,-0.161,-0.150,0.062,-0.029,0.022,31,E,10,S,,,306291,119.51,0
52,120.807,"Mount",0.126,-0.303,-0.327,0.028,-0.155,0.000,163,E,0,,,,270860,103.98,0
53,123.083,"Mount",0.231,-0.205,-0.288,-0.110,-0.140,-0.040,147,E,17,N,,,292909,125.34,0
54,125.502,"Mount",0.033,-0.071,-0.078,0.003,-0.075,0.000,79,E,0,,,,258727,102.57,0
55,127.685,"Mount",0.041,-0.061,-0.073,-0.009,-0.070,0.000,74,E,0,,,,262788,110.19,0
56,130.056,"Mount",-0.023,-0.050,-0.034,0.044,-0.017,0.000,18,E,0,,,,278930,118.02,0
57,132.335,"Mount",-0.024,-0.106,-0.083,0.071,-0.048,0.025,50,E,11,S,,,294159,128.58,0
58,134.673,"Mount",-0.002,-0.103,-0.091,0.049,-0.045,0.000,48,E,0,,,,302266,111.66,0
59,136.806,"Mount",-0.057,0.124,0.136,-0.007,0.060,0.000,63,W,0,,,,291684,126.26,0
60,139.204,"Mount",-0.050,0.168,0.172,-0.034,0.078,0.000,81,W,0,,,,311087,124.52,0
61,141.280,"Mount",0.093,-0.060,-0.096,-0.055,-0.023,0.000,24,E,0,,,,317148,122.82,0
62,143.682,"Mount",0.051,-0.016,-0.038,-0.038,0.056,0.000,59,W,0,,,,272569,114.05,0
63,145.862,"Mount",0.102,-0.264,-0.281,0.032,-0.056,0.000,59,E,0,,,,277208,101.25,0
64,148.226,"Mount",0.045,-0.091,-0.102,0.002,0.028,0.000,30,W,0,,,,268480,114.30,0
65,150.402,"Mount",0.066,-0.155,-0.168,0.013,-0.057,0.000,59,E,0,,,,248262,106.24,0
66,152.889,"Mount",-0.020,-0.290,-0.248,0.151,-0.091,0.054,96,E,23,S,,,298462,109.02,0
67,155.058,"Mount",-0.226,-0.144,-0.024,0.267,0.001,0.098,1,W,42,S,,,262828,112.38,0
68,157.429,"Mount",-0.061,0.080,0.099,0.018,0.032,0.000,34,W,0,,,,275695,118.08,0
69,159.660,"Mount",-0.116,-0.097,-0.033,0.147,-0.017,0.053,18,E,23,S,,,306556,116.60,0
70,162.044,"Mount",0.044,0.001,-0.020,-0.039,-0.027,0.000,28,E,0,,,,294168,110.43,0
71,164.237,"Mount",-0.058,-0.141,-0.098,0.117,-0.061,0.042,64,E,18,S,,,308459,115.24,0
72,166.605,"Mount",0.093,-0.110,-0.140,-0.032,-0.081,0.000,85,E,0,,,,291589,124.03,0
73,168.765,"Mount",0.044,-0.052,-0.066,-0.015,-0.047,0.000,50,E,0,,,,289653,109.65,0
74,171.198,"Mount",-0.024,-0.145,-0.117,0.088,-0.055,0.032,58,E,14,S,,,342488,132.88,0
75,173.407,"Mount",-0.116,-0.126,-0.058,0.161,0.020,0.059,21,W,25,S,,,259728,96.27,0
76,175.866,"Mount",-0.155,-0.141,-0.054,0.202,0.048,0.075,50,W,32,S,,,293758,111.76,0
77,178.031,"Mount",-0.043,-0.014,0.007,0.045,0.086,0.000,90,W,0,,,,287859,116.10,0
78,180.609,"Mount",-0.090,-0.091,-0.039,0.122,0.144,0.044,151,W,19,S,,,271087,110.31,0
79,182.868,"Mount",0.014,0.023,0.014,-0.023,0.185,0.000,195,W,0,,,,310874,124.39,0
80,185.439,"Mount",-0.001,0.027,0.024,-0.011,0.220,0.000,231,W,0,,,,275161,113.66,0
81,187.793,"Mount",-0.034,-0.168,-0.133,0.108,0.189,0.039,199,W,17,S,,,282356,111.50,0
82,190.319,"Mount",0.069,-0.110,-0.129,-0.010,0.179,0.000,188,W,0,,,,310259,118.44,0
83,192.719,"Mount",0.140,-0.076,-0.132,-0.089,0.166,-0.032,174,W,14,N,,,280441,108.34,0
84,195.194,"Mount",0.036,-0.413,-0.383,0.159,-0.047,0.056,49,E,24,S,,,248189,105.75,0
85,197.545,"Mount",0.095,-0.392,-0.392,0.097,-0.086,0.037,90,E,16,S,,,301900,120.95,0
86,199.989,"Mount",-0.021,-0.144,-0.118,0.085,-0.061,0.032,64,E,14,S,,,266084,115.54,0
87,202.250,"Mount",-0.013,-0.109,-0.091,0.062,-0.084,0.024,88,E,10,S,,,309102,130.25,0
88,204.623,"Mount",-0.017,-0.087,-0.070,0.056,-0.076,0.000,80,E,0,,,,288850,108.29,0
89,206.742,"Mount",-0.171,0.060,0.132,0.124,-0.010,0.045,11,E,19,S,,,312048,126.24,0
90,209.163,"Mount",-0.117,0.056,0.104,0.078,0.031,0.030,33,W,13,S,,,262418,123.25,0
91,211.298,"Mount",0.027,0.055,0.036,-0.049,-0.021,0.000,22,E,0,,,,251584,129.58,0
92,213.651,"Mount",0.032,0.013,-0.004,-0.034,0.027,0.000,28,W,0,,,,287446,129.84,0
93,215.755,"Mount",-0.015,0.049,0.050,-0.010,0.022,0.000,23,W,0,,,,313539,133.71,0
94,218.187,"Mount",-0.086,-0.023,0.019,0.087,0.015,0.031,16,W,13,S,,,271045,128.40,0
95,220.367,"Mount",0.032,-0.094,-0.098,0.015,-0.077,0.000,81,E,0,,,,299337,112.89,0
96,222.608,"Mount",-0.063,0.091,0.110,0.014,0.000,0.000,0,,0,,,,297622,123.35,0
97,224.791,"Mount",-0.112,0.051,0.097,0.076,-0.033,0.027,34,E,12,S,,,266652,109.75,0
98,227.201,"Mount",-0.020,0.015,0.023,0.011,-0.085,0.000,90,E,0,,,,292104,117.70,0
99,229.336,"Mount",-0.051,0.061,0.077,0.017,-0.020,0.000,21,E,0,,,,265781,117.85,0
100,231.737,"Mount",-0.117,0.033,0.083,0.088,-0.019,0.032,20,E,14,S,,,339693,110.97,0
101,233.981,"Mount",-0.120,0.002,0.057,0.105,-0.077,0.039,81,E,17,S,,,285657,114.84,0
102,236.436,"Mount",-0.268,-0.046,0.083,0.258,-0.042,0.095,44,E,40,S,,,286834,114.54,0
103,238.635,"Mount",-0.192,0.092,0.170,0.128,0.003,0.050,3,W,21,S,,,281015,135.99,0
104,241.017,"Mount",-0.168,0.195,0.250,0.060,0.051,0.000,54,W,0,,,,234298,94.62,0
105,243.213,"Mount",-0.090,0.028,0.066,0.067,-0.016,0.024,17,E,10,S,,,273324,101.46,0
106,245.732,"Mount",-0.151,0.351,0.381,-0.028,0.182,0.000,191,W,0,,,,274498,105.19,0
107,248.039,"Mount",-0.208,0.195,0.269,0.094,0.142,0.034,148,W,14,S,,,314732,127.30,0
108,250.519,"Mount",-0.146,0.255,0.293,0.012,0.158,0.000,165,W,0,,,,261211,110.54,0
109,252.955,"Mount",-0.382,0.428,0.556,0.141,0.271,0.051,284,W,22,S,,,279360,118.51,0
110,255.358,"Mount",-0.059,0.055,0.075,0.027,0.067,0.000,71,W,0,,,,293272,105.84,0
111,257.587,"Mount",-0.075,-0.041,-0.002,0.086,0.025,0.031,26,W,13,S,,,268128,114.31,0
112,260.004,"Mount",-0.100,0.069,0.107,0.057,0.090,0.000,94,W,0,,,,270929,110.60,0
113,262.283,"Mount",-0.144,0.078,0.136,0.091,0.092,0.033,97,W,14,S,,,300438,131.09,0
114,264.593,"Mount",0.004,0.078,0.067,-0.040,0.015,0.000,16,W,0,,,,303905,104.23,0
115,266.931,"Mount",-0.311,0.333,0.439,0.122,0.167,0.044,176,W,19,S,,,272510,117.92,0
116,269.237,"Mount",-0.031,-0.021,-0.005,0.037,0.025,0.000,26,W,0,,,,275382,104.12,0
117,271.359,"Mount",-0.017,-0.041,-0.028,0.034,0.019,0.000,19,W,0,,,,261731,105.57,0
118,273.728,"Mount",-0.029,-0.119,-0.092,0.081,0.013,0.029,14,W,12,S,,,277542,111.62,0
119,275.879,"Mount",-0.068,-0.117,-0.073,0.115,0.016,0.042,16,W,18,S,,,277215,120.63,0
120,278.424,"Mount",-0.322,-0.608,-0.391,0.566,-0.130,0.206,136,E,88,S,,,325667,110.06,0
121,280.717,"Mount",-0.272,-0.185,-0.039,0.327,-0.081,0.126,85,E,54,S,,,298273,115.58,0
122,283.271,"Mount",-0.075,-0.112,-0.065,0.119,-0.125,0.048,131,E,20,S,,,295910,104.07,0
123,285.455,"Mount",-0.014,0.032,0.035,-0.002,-0.072,0.000,76,E,0,,,,250091,101.94,0
124,287.856,"Mount",0.019,-0.034,-0.039,-0.001,-0.072,0.000,76,E,0,,,,254157,109.36,0
125,289.960,"Mount",-0.059,-0.009,0.019,0.056,-0.017,0.000,18,E,0,,,,295338,124.07,0
126,292.412,"Mount",0.044,0.055,0.029,-0.064,-0.010,-0.023,11,E,10,N,,,329748,131.40,0
127,294.625,"Mount",-0.086,0.072,0.104,0.043,0.042,0.000,44,W,0,,,,301237,115.54,0
128,296.977,"Mount",-0.096,0.122,0.152,0.029,0.068,0.000,71,W,0,,,,277011,106.87,0
129,299.189,"Mount",-0.105,0.050,0.092,0.070,0.063,0.025,66,W,11,S,,,295674,108.61,0
130,301.545,"Mount",-0.017,0.005,0.012,0.013,0.024,0.000,26,W,0,,,,266864,104.29,0
131,303.738,"Mount",-0.044,-0.161,-0.123,0.113,-0.020,0.041,21,E,17,S,,,283300,110.06,0
132,306.091,"Mount",-0.024,0.041,0.047,0.002,0.029,0.000,31,W,0,,,,313089,137.56,0
133,308.271,"Mount",-0.040,0.117,0.122,-0.018,0.074,0.000,78,W,0,,,,273422,106.10,0
134,310.831,"Mount",-0.063,-0.355,-0.286,0.220,-0.159,0.079,167,E,34,S,,,337976,113.01,0
135,313.282,"Mount",-0.285,-0.522,-0.332,0.494,-0.188,0.181,197,E,77,S,,,293610,113.94,0
136,315.807,"Mount",-0.045,-0.166,-0.127,0.117,-0.125,0.049,131,E,21,S,,,262754,97.66,0
137,318.070,"Mount",-0.166,-0.209,-0.109,0.244,-0.116,0.090,122,E,38,S,,,266106,115.07,0
138,320.454,"Mount",-0.030,0.007,0.020,0.023,-0.069,0.000,72,E,0,,,,294053,115.71,0
139,322.685,"Mount",-0.108,-0.012,0.040,0.102,-0.060,0.037,63,E,16,S,,,264542,114.11,0
140,327.359,"Mount",-0.270,0.187,0.290,0.154,0.120,0.057,126,W,24,S,,,295552,107.97,0
141,329.732,"Mount",-0.035,0.039,0.051,0.013,0.004,0.000,4,W,0,,,,318900,131.67,0
142,331.897,"Mount",-0.117,-0.038,0.021,0.121,0.054,0.044,57,W,19,S,,,289663,133.52,0
143,334.439,"Mount",0.096,-0.323,-0.331,0.064,-0.141,0.025,148,E,11,S,,,268828,110.96,0
144,336.626,"Mount",-0.075,-0.087,-0.043,0.107,-0.000,0.039,0,,17,S,,,282603,116.38,0
145,338.936,"Mount",-0.093,0.165,0.189,0.007,-0.013,0.000,13,E,0,,,,270095,108.90,0
146,341.179,"Mount",-0.049,-0.044,-0.016,0.064,-0.097,0.023,102,E,10,S,,,254405,108.64,0
147,343.525,"Mount",-0.076,0.172,0.187,-0.012,-0.021,0.000,22,E,0,,,,280055,109.10,0
148,345.673,"Mount",-0.015,0.137,0.128,-0.050,0.074,0.000,78,W,0,,,,283733,107.64,0
149,348.120,"Mount",0.027,0.087,0.065,-0.065,0.059,-0.023,62,W,10,N,,,255572,105.68,0
150,350.254,"Mount",-0.053,0.039,0.059,0.029,0.037,0.000,38,W,0,,,,270054,113.78,0
151,352.659,"Mount",-0.088,-0.050,-0.004,0.101,0.044,0.036,46,W,16,S,,,274362,99.55,0
152,354.857,"Mount",-0.077,0.004,0.039,0.067,0.040,0.025,42,W,11,S,,,269086,102.00,0
153,357.228,"Mount",-0.030,-0.053,-0.034,0.051,0.043,0.000,45,W,0,,,,237977,96.54,0
154,359.426,"Mount",-0.134,-0.108,-0.034,0.169,0.016,0.061,17,W,26,S,,,300042,114.24,0
155,361.763,"Mount",-0.059,0.002,0.029,0.052,0.014,0.000,14,W,0,,,,281476,121.06,0
156,364.024,"Mount",-0.142,-0.167,-0.083,0.203,-0.033,0.073,35,E,31,S,,,313516,120.91,0
157,366.520,"Mount",-0.147,0.047,0.110,0.109,0.049,0.042,51,W,18,S,,,317021,120.73,0
158,368.644,"Mount",-0.076,0.051,0.080,0.044,0.053,0.000,56,W,0,,,,246614,98.34,0
159,371.078,"Mount",-0.115,0.085,0.128,0.062,0.076,0.022,80,W,10,S,,,274001,99.89,0
160,373.166,"Mount",-0.013,-0.033,-0.024,0.027,0.019,0.000,20,W,0,,,,277687,113.15,0
161,375.586,"Mount",-0.133,-0.015,0.048,0.125,0.046,0.045,48,W,19,S,,,257642,105.41,0
162,377.783,"Mount",-0.197,-0.088,0.013,0.215,0.043,0.079,45,W,34,S,,,264839,108.67,0
163,380.169,"Mount",-0.056,-0.083,-0.048,0.088,0.005,0.035,5,W,15,S,,,277430,121.49,0
164,382.491,"Mount",0.053,-0.241,-0.238,0.065,-0.105,0.025,110,E,11,S,,,323487,119.70,0
165,384.938,"Mount",-0.018,-0.110,-0.090,0.067,-0.061,0.025,64,E,11,S,,,252153,99.92,0
166,387.264,"Mount",-0.218,-0.297,-0.164,0.331,-0.098,0.120,103,E,51,S,,,308561,111.03,0
167,389.823,"Mount",-0.018,-0.214,-0.181,0.115,-0.136,0.046,142,E,20,S,,,301488,105.72,0
168,392.088,"Mount",0.100,-0.293,-0.307,0.046,-0.191,0.000,200,E,0,,,,297904,122.15,0
169,394.582,"Mount",-0.049,-0.139,-0.101,0.108,-0.118,0.039,124,E,17,S,,,274543,114.18,0
170,396.717,"Mount",0.008,-0.044,-0.043,0.013,-0.065,0.000,68,E,0,,,,283712,118.41,0
171,399.099,"Mount",-0.034,0.061,0.070,0.002,-0.042,0.000,45,E,0,,,,276836,116.54,0
172,401.359,"Mount",-0.101,-0.124,-0.064,0.147,-0.090,0.053,94,E,23,S,,,289914,118.27,0
173,403.760,"Mount",-0.099,-0.099,-0.042,0.133,-0.012,0.050,13,E,21,S,,,313134,113.58,0
174,405.878,"Mount",-0.089,-0.007,0.035,0.082,-0.000,0.032,0,,14,S,,,275140,102.51,0
175,408.258,"Mount",0.083,-0.106,-0.133,-0.025,-0.049,0.000,52,E,0,,,,265654,108.86,0
176,410.542,"Mount",-0.082,0.010,0.046,0.068,0.006,0.024,6,W,10,S,,,256776,116.66,0
177,412.851,"Mount",0.025,-0.075,-0.078,0.013,-0.021,0.000,22,E,0,,,,261580,119.27,0
178,415.066,"Mount",-0.111,-0.104,-0.041,0.147,0.023,0.053,24,W,23,S,,,297257,131.08,0
179,417.421,"Mount",0.077,-0.167,-0.184,0.009,-0.052,0.000,54,E,0,,,,265971,98.65,0
180,419.600,"Mount",-0.138,-0.158,-0.077,0.195,-0.026,0.070,27,E,30,S,,,284900,117.97,0
181,421.957,"Mount",-0.064,0.038,0.063,0.039,0.039,0.000,41,W,0,,,,261494,107.37,0
182,424.077,"Mount",-0.027,-0.044,-0.027,0.045,-0.001,0.000,1,E,0,,,,271017,109.74,0
183,426.495,"Mount",-0.094,-0.111,-0.055,0.135,-0.002,0.049,2,E,21,S,,,299492,119.79,0
184,428.689,"Mount",-0.008,-0.160,-0.138,0.081,-0.051,0.031,53,E,13,S,,,265218,110.73,0
185,431.059,"Mount",0.015,-0.070,-0.070,0.019,-0.028,0.000,29,E,0,,,,287680,131.00,0
186,433.175,"Mount",0.030,-0.030,-0.040,-0.013,-0.008,0.000,8,E,0,,,,285577,112.81,0
187,435.533,"Mount",-0.108,0.106,0.144,0.047,0.024,0.000,25,W,0,,,,267499,112.86,0
188,437.691,"Mount",0.044,0.039,0.014,-0.057,-0.052,0.000,55,E,0,,,,300913,130.76,0
189,440.038,"Mount",-0.068,0.006,0.036,0.057,-0.043,0.000,45,E,0,,,,299679,103.95,0
190,442.189,"Mount",-0.034,0.011,0.025,0.025,-0.052,0.000,55,E,0,,,,284998,111.34,0
191,444.576,"Mount",-0.037,-0.050,-0.028,0.056,-0.070,0.000,73,E,0,,,,262454,106.00,0
192,446.803,"Mount",-0.115,-0.074,-0.013,0.136,-0.071,0.049,75,E,21,S,,,263827,101.95,0
193,449.365,"Mount",0.050,-0.168,-0.172,0.033,-0.157,0.000,165,E,0,,,,309066,112.10,0
194,451.607,"Mount",-0.081,-0.067,-0.023,0.103,-0.073,0.037,77,E,16,S,,,298768,126.40,0
195,454.116,"Mount",0.025,-0.166,-0.159,0.054,-0.153,0.000,161,E,0,,,,275069,99.12,0
196,456.297,"Mount",-0.023,0.051,0.056,-0.004,-0.071,0.000,75,E,0,,,,299625,127.49,0
197,458.829,"Mount",-0.046,-0.308,-0.252,0.182,-0.176,0.066,185,E,28,S,,,291430,110.67,0
198,461.183,"Mount",-0.036,-0.263,-0.217,0.154,-0.157,0.058,164,E,25,S,,,267964,109.74,0
199,463.573,"Mount",-0.008,-0.063,-0.053,0.036,-0.054,0.000,57,E,0,,,,285220,109.56,0
200,465.922,"Mount",-0.096,-0.206,-0.139,0.180,-0.113,0.065,118,E,28,S,,,288429,120.36,0
201,468.344,"Mount",0.043,-0.038,-0.053,-0.021,-0.059,0.000,62,E,0,,,,274655,106.85,0
202,470.602,"Mount",0.036,-0.191,-0.186,0.056,-0.122,0.000,128,E,0,,,,291645,126.08,0
203,473.137,"Mount",-0.029,-0.235,-0.196,0.134,-0.131,0.048,137,E,21,S,,,270674,103.85,0
204,475.302,"Mount",-0.048,0.029,0.048,0.029,-0.055,0.000,58,E,0,,,,284477,113.66,0
205,477.800,"Mount",-0.044,-0.113,-0.080,0.091,-0.089,0.033,93,E,14,S,,,291013,111.67,0
206,480.027,"Mount",0.032,-0.070,-0.077,0.004,-0.084,0.000,89,E,0,,,,317032,124.74,0
207,482.461,"Mount",0.035,-0.117,-0.120,0.023,-0.097,0.000,101,E,0,,,,304575,122.67,0
208,484.687,"Mount",0.071,0.026,-0.010,-0.075,-0.067,-0.027,70,E,12,N,,,282757,122.46,0
209,487.230,"Mount",0.004,-0.212,-0.191,0.094,-0.145,0.033,152,E,14,S,,,282051,111.52,0
210,489.492,"Mount",-0.066,-0.103,-0.061,0.106,-0.079,0.040,83,E,17,S,,,295199,110.47,0
211,491.932,"Mount",-0.184,0.071,0.147,0.130,0.025,0.048,26,W,21,S,,,291364,120.68,0
212,494.064,"Mount",-0.054,0.076,0.093,0.012,0.009,0.000,10,W,0,,,,266002,101.37,0
213,496.452,"Mount",-0.071,0.029,0.058,0.050,-0.029,0.000,30,E,0,,,,285077,122.38,0
214,498.571,"Mount",-0.049,0.014,0.035,0.037,0.007,0.000,7,W,0,,,,293573,122.88,0
215,500.941,"Mount",-0.025,0.072,0.075,-0.011,0.037,0.000,39,W,0,,,,296405,108.40,0
216,503.281,"Mount",-0.221,0.005,0.106,0.193,0.044,0.070,47,W,30,S,,,290466,145.75,0
217,505.661,"Mount",-0.144,0.025,0.089,0.116,0.026,0.045,27,W,19,S,,,300477,120.53,0
218,507.717,"Mount",-0.012,0.070,0.068,-0.022,0.008,0.000,9,W,0,,,,279671,133.39,0
219,510.037,"Mount",0.054,0.008,-0.018,-0.051,-0.027,0.000,28,E,0,,,,286364,122.42,0
220,512.142,"Mount",0.010,-0.046,-0.045,0.012,-0.026,0.000,27,E,0,,,,281669,121.53,0
221,514.467,"Mount",-0.032,-0.012,0.005,0.034,-0.029,0.000,31,E,0,,,,284024,122.35,0
222,516.599,"Mount",-0.043,0.102,0.110,-0.009,0.038,0.000,40,W,0,,,,288094,110.05,0
223,518.909,"Mount",-0.040,-0.044,-0.020,0.056,0.013,0.000,13,W,0,,,,283491,113.10,0
224,521.107,"Mount",-0.110,0.106,0.145,0.049,0.110,0.000,116,W,0,,,,276454,110.55,0
225,523.524,"Mount",-0.011,0.017,0.020,0.002,0.091,0.000,96,W,0,,,,290821,131.22,0
226,525.875,"Mount",-0.146,-0.001,0.067,0.129,0.166,0.047,174,W,20,S,,,289246,119.23,0
227,528.391,"Mount",-0.025,-0.123,-0.097,0.079,0.142,0.030,149,W,13,S,,,279083,122.96,0
228,530.679,"Mount",0.090,-0.092,-0.124,-0.037,0.154,0.000,161,W,0,,,,315476,123.38,0
229,533.285,"Mount",0.151,-0.080,-0.141,-0.097,0.171,-0.035,179,W,15,N,,,273891,106.53,0
230,535.525,"Mount",0.043,-0.085,-0.095,0.001,0.164,0.000,172,W,0,,,,285025,116.00,0
231,537.988,"Mount",0.106,-0.240,-0.262,0.016,0.090,0.000,94,W,0,,,,276351,116.49,0
232,540.154,"Mount",0.105,-0.345,-0.355,0.066,0.008,0.024,9,W,10,S,,,297373,129.91,0
233,542.682,"Mount",-0.120,-0.152,-0.080,0.177,0.116,0.064,121,W,28,S,,,268869,112.47,0
234,544.955,"Mount",-0.038,-0.455,-0.386,0.244,-0.072,0.090,76,E,39,S,,,285254,121.50,0
235,547.279,"Mount",0.087,-0.087,-0.117,-0.037,0.026,0.000,27,W,0,,,,302174,130.17,0
236,549.504,"Mount",-0.116,-0.088,-0.025,0.144,0.078,0.052,81,W,22,S,,,300325,104.39,0
237,551.893,"Mount",-0.011,0.032,0.034,-0.005,0.063,0.000,66,W,0,,,,272629,123.25,0
238,554.031,"Mount",0.052,-0.077,-0.093,-0.011,0.036,0.000,38,W,0,,,,281511,125.19,0
239,556.321,"Mount",0.028,-0.087,-0.090,0.015,0.023,0.000,24,W,0,,,,278857,122.78,0
240,558.480,"Mount",-0.050,-0.067,-0.036,0.075,0.022,0.027,23,W,12,S,,,282733,106.69,0
241,560.938,"Mount",-0.027,-0.264,-0.222,0.146,-0.089,0.054,94,E,23,S,,,284504,110.99,0
242,563.136,"Mount",-0.105,-0.009,0.041,0.097,0.040,0.037,41,W,16,S,,,271815,105.05,0
243,565.505,"Mount",0.017,-0.097,-0.094,0.030,-0.047,0.000,49,E,0,,,,281752,109.90,0
244,567.629,"Mount",-0.030,0.011,0.023,0.021,-0.011,0.000,11,E,0,,,,277727,107.43,0
245,570.125,"Mount",-0.073,-0.135,-0.087,0.127,-0.076,0.046,80,E,20,S,,,268168,112.39,0
246,572.415,"Mount",-0.173,-0.130,-0.036,0.214,-0.044,0.079,46,E,34,S,,,301614,115.98,0
247,574.849,"Mount",-0.025,-0.087,-0.066,0.063,-0.076,0.026,79,E,11,S,,,272501,104.56,0
248,577.061,"Mount",-0.085,-0.053,-0.008,0.100,-0.044,0.037,46,E,16,S,,,268680,108.88,0
249,579.541,"Mount",-0.246,-0.110,0.015,0.269,-0.032,0.098,34,E,42,S,,,288029,114.94,0
250,581.739,"Mount",-0.104,-0.058,-0.003,0.119,-0.022,0.047,23,E,20,S,,,235483,95.22,0
251,584.217,"Mount",-0.150,0.127,0.182,0.075,0.084,0.029,88,W,12,S,,,289675,114.65,0
252,586.493,"Mount",-0.126,0.067,0.118,0.081,0.071,0.030,74,W,13,S,,,260029,105.80,0
253,588.977,"Mount",-0.102,0.092,0.129,0.048,0.113,0.000,119,W,0,,,,285595,107.81,0
254,591.423,"Mount",-0.327,0.292,0.410,0.155,0.255,0.056,267,W,24,S,,,286202,134.05,0
255,593.920,"Mount",-0.042,0.126,0.132,-0.021,0.152,0.000,159,W,0,,,,284079,109.75,0
256,596.211,"Mount",-0.098,0.013,0.057,0.081,0.131,0.029,138,W,12,S,,,254549,105.82,0
257,598.685,"Mount",-0.021,-0.100,-0.079,0.065,0.109,0.025,114,W,11,S,,,303854,122.08,0
258,600.856,"Mount",-0.016,-0.093,-0.075,0.057,0.083,0.000,87,W,0,,,,304729,116.04,0
259,603.356,"Mount",-0.037,0.078,0.087,-0.003,0.156,0.000,164,W,0,,,,271052,106.42,0
260,605.661,"Mount",-0.157,0.102,0.163,0.093,0.134,0.033,140,W,14,S,,,269755,105.54,0
261,608.109,"Mount",-0.117,-0.025,0.032,0.116,0.048,0.043,51,W,18,S,,,319365,136.62,0
262,610.433,"Mount",-0.048,-0.079,-0.048,0.079,0.056,0.030,58,W,13,S,,,247578,109.40,0
263,612.769,"Mount",-0.045,-0.139,-0.102,0.104,-0.011,0.039,11,E,17,S,,,274274,101.54,0
264,614.934,"Mount",-0.068,-0.132,-0.086,0.121,-0.028,0.045,29,E,19,S,,,283014,114.80,0
265,617.282,"Mount",-0.026,0.064,0.068,-0.006,0.016,0.000,17,W,0,,,,281793,109.13,0
266,619.481,"Mount",-0.109,0.077,0.119,0.061,0.029,0.022,30,W,9,S,,,273617,104.62,0
267,621.895,"Mount",-0.172,0.052,0.125,0.129,0.010,0.047,11,W,20,S,,,305576,109.79,0
268,624.107,"Mount",-0.105,-0.096,-0.037,0.138,-0.013,0.052,14,E,22,S,,,319457,138.39,0
269,626.539,"Mount",-0.170,0.035,0.109,0.134,0.031,0.050,32,W,22,S,,,321049,123.48,0
270,628.673,"Mount",-0.073,-0.086,-0.043,0.104,-0.009,0.040,9,E,17,S,,,299681,119.86,0
271,631.070,"Mount",0.065,0.019,-0.013,-0.066,-0.001,-0.022,1,E,10,N,,,269224,110.18,0
272,635.449,"Mount",-0.096,0.056,0.093,0.059,0.064,0.000,67,W,0,,,,288291,123.46,0
273,637.513,"Mount",0.045,-0.030,-0.047,-0.026,0.013,0.000,14,W,0,,,,305649,121.56,0
Guiding Ends at 2026-05-25 22:58:18

Guiding Begins at 2026-05-25 22:59:30
Equipment Profile = 60mmGuide
Dither = both axes, Dither scale = 1.000, Image noise reduction = none, Guide-frame time lapse = 0, Server enabled
Pixel scale = 3.22 arc-sec/px, Binning = 1, Focal length = 240 mm
Search region = 25 px, Star mass tolerance = 50.0%, Multi-star mode, list size = 12
 Camera = ZWO ASI120MM Mini, gain = 37, full size = 1280 x 960, have dark, dark dur = 2000, no defect map, pixel size = 3.8 um
Exposure = 2000 ms
Mount = iOptron CEM120,70,40,26, GEM, HEM, HAE, HAZ series and SkyHunter Mount (ASCOM), connected, guiding enabled, xAngle = -62.6, xRate = 1.749, yAngle = -152.7, yRate = 2.338, parity = +/-
Norm rates RA = 8.3"/s @ dec 0, Dec = 7.5"/s; ortho.err. = 0.1 deg
X guide algorithm = Predictive PEC, Control gain = 0.450
Prediction gain = 0.750
Minimum move = 0.060
Hyperparameters
	Length scale long range SE kernel = 700.000
	Signal variance long range SE kernel = 20.000
	Length scale periodic kernel = 10.000
	Signal variance periodic kernel = 20.000
	Length scale short range SE kernel = 25.000
	Signal variance short range SE kernel = 10.000
	Period length periodic kernel = 348.000
	FFT called after = 2.000 worm cycles
	Auto-adjust period length = Off
Y guide algorithm = Hysteresis, Hysteresis = 0.100, Aggression = 0.400, Minimum move = 0.060
Backlash comp = disabled, pulse = 100 ms
Max RA duration = 2500, Max DEC duration = 2500, DEC guide mode = Auto
RA Guide Speed = 7.5 a-s/s, Dec Guide Speed = 7.5 a-s/s, Cal Dec = 0.0, Last Cal Issue = None, Timestamp = 7/29/2025 9:33:42 PM
RA = 13.52 hr, Dec = 47.1 deg, Hour angle = 0.10 hr, Pier side = East, Rotator pos = N/A, Alt = 74.4 deg, Az = 356.3 deg
Lock position = 587.435, 557.996, Star position = 587.435, 557.996, HFD = 4.16 px
Frame,Time,mount,dx,dy,RARawDistance,DECRawDistance,RAGuideDistance,DECGuideDistance,RADuration,RADirection,DECDuration,DECDirection,XStep,YStep,StarMass,SNR,ErrorCode
INFO: SETTLING STATE CHANGE, Settling started
1,2.305,"Mount",-0.231,0.023,-0.127,0.195,-0.057,0.070,33,E,30,S,,,453041,136.92,0
2,4.835,"Mount",0.680,0.587,-0.208,-0.874,-0.094,-0.312,54,E,133,N,,,461210,146.44,0
3,7.027,"Mount",-0.251,-0.056,-0.066,0.249,-0.030,0.077,17,E,33,S,,,440944,124.11,0
4,9.413,"Mount",-0.252,-0.183,0.046,0.308,0.000,0.114,0,,49,S,,,443008,136.61,0
5,11.639,"Mount",-0.196,0.037,-0.123,0.157,-0.055,0.061,32,E,26,S,,,465762,152.12,0
6,13.999,"Mount",-0.088,0.168,-0.190,0.001,-0.086,0.000,49,E,0,,,,446279,145.06,0
7,16.198,"Mount",0.102,0.158,-0.093,-0.164,-0.042,-0.059,24,E,25,N,,,445338,136.57,0
8,18.568,"Mount",-0.162,0.197,-0.249,0.053,-0.112,0.000,64,E,0,,,,443014,134.99,0
9,20.906,"Mount",-0.036,0.252,-0.240,-0.085,-0.108,-0.030,62,E,13,N,,,440933,137.24,0
INFO: SETTLING STATE CHANGE, Settling complete
10,23.370,"Mount",-0.061,0.391,-0.376,-0.126,-0.169,-0.047,97,E,20,N,,,432674,144.85,0
11,25.504,"Mount",-0.097,0.210,-0.231,-0.010,-0.104,0.000,59,E,0,,,,443229,133.26,0
12,27.854,"Mount",-0.120,0.156,-0.194,0.034,-0.094,0.000,54,E,0,,,,420856,122.31,0
13,30.066,"Mount",-0.226,0.147,-0.234,0.133,-0.108,0.048,62,E,21,S,,,445737,145.13,0
14,32.515,"Mount",-0.214,0.221,-0.295,0.088,-0.123,0.034,70,E,14,S,,,440269,132.59,0
15,34.652,"Mount",-0.122,0.282,-0.307,-0.022,-0.128,0.000,73,E,0,,,,451823,152.89,0
16,37.020,"Mount",-0.115,0.346,-0.361,-0.058,-0.154,0.000,88,E,0,,,,460094,154.49,0
17,39.235,"Mount",-0.137,0.304,-0.334,-0.019,-0.143,0.000,82,E,0,,,,455848,152.15,0
18,41.714,"Mount",0.032,0.323,-0.272,-0.177,-0.129,-0.064,74,E,27,N,,,433953,120.74,0
19,43.942,"Mount",-0.206,0.095,-0.179,0.139,-0.092,0.048,52,E,20,S,,,468259,148.76,0
20,46.405,"Mount",0.041,0.208,-0.165,-0.133,-0.086,-0.046,49,E,20,N,,,462187,140.98,0
21,48.555,"Mount",-0.055,0.109,-0.123,-0.001,-0.067,0.000,38,E,0,,,,438583,150.84,0
22,50.910,"Mount",-0.080,0.015,-0.050,0.064,-0.003,0.023,1,E,10,S,,,430349,133.41,0
23,53.027,"Mount",-0.037,0.100,-0.105,-0.013,-0.047,0.000,27,E,0,,,,436648,146.14,0
24,55.282,"Mount",-0.016,-0.001,-0.006,0.014,0.001,0.000,0,,0,,,,459177,133.26,0
25,57.411,"Mount",-0.057,0.174,-0.181,-0.029,-0.070,0.000,40,E,0,,,,447742,145.54,0
26,59.721,"Mount",-0.012,0.127,-0.119,-0.048,-0.041,0.000,23,E,0,,,,466748,147.89,0
27,61.871,"Mount",-0.087,0.193,-0.212,-0.012,-0.088,0.000,50,E,0,,,,449430,145.24,0
28,64.285,"Mount",-0.019,0.196,-0.182,-0.073,-0.075,-0.026,43,E,11,N,,,460126,144.36,0
29,66.496,"Mount",0.017,0.141,-0.117,-0.081,-0.062,-0.030,35,E,13,N,,,457598,143.15,0
30,68.880,"Mount",-0.067,0.112,-0.130,0.008,-0.069,0.000,40,E,0,,,,450185,147.95,0
31,71.154,"Mount",-0.198,0.232,-0.297,0.069,-0.139,0.025,79,E,11,S,,,445818,149.06,0
32,73.573,"Mount",-0.141,0.161,-0.208,0.051,-0.105,0.000,60,E,0,,,,448832,155.43,0
33,75.725,"Mount",-0.140,0.274,-0.307,-0.002,-0.146,0.000,84,E,0,,,,452097,127.64,0
34,78.191,"Mount",-0.290,0.493,-0.571,0.029,-0.254,0.000,145,E,0,,,,456747,137.63,0
35,80.389,"Mount",-0.166,0.341,-0.379,-0.010,-0.176,0.000,100,E,0,,,,448332,130.47,0
36,82.901,"Mount",-0.241,0.547,-0.597,-0.039,-0.273,0.000,156,E,0,,,,448257,129.13,0
37,85.083,"Mount",-0.260,0.377,-0.455,0.057,-0.210,0.000,120,E,0,,,,460037,155.12,0
38,87.616,"Mount",-0.075,0.562,-0.534,-0.193,-0.243,-0.069,139,E,30,N,,,456162,142.10,0
39,89.907,"Mount",-0.357,0.315,-0.444,0.171,-0.202,0.059,115,E,25,S,,,445316,141.26,0
40,92.387,"Mount",-0.281,0.557,-0.624,-0.008,-0.279,0.000,160,E,0,,,,440168,149.04,0
41,94.668,"Mount",-0.356,0.303,-0.433,0.176,-0.198,0.063,113,E,27,S,,,453178,141.27,0
42,97.133,"Mount",-0.262,0.375,-0.454,0.059,-0.232,0.000,133,E,0,,,,448066,149.97,0
43,99.357,"Mount",-0.190,0.406,-0.447,-0.019,-0.226,0.000,129,E,0,,,,450768,134.56,0
44,101.850,"Mount",-0.229,0.299,-0.371,0.066,-0.194,0.024,111,E,10,S,,,434019,147.78,0
45,104.030,"Mount",-0.168,0.358,-0.395,-0.016,-0.202,0.000,115,E,0,,,,437648,133.39,0
46,106.511,"Mount",0.040,0.280,-0.230,-0.165,-0.130,-0.059,74,E,25,N,,,442293,143.41,0
47,108.738,"Mount",-0.137,0.124,-0.173,0.064,-0.103,0.021,59,E,9,S,,,449093,142.56,0
48,111.134,"Mount",-0.051,0.150,-0.157,-0.024,-0.083,0.000,47,E,0,,,,449532,138.49,0
49,113.330,"Mount",-0.118,0.076,-0.122,0.070,-0.063,0.025,36,E,11,S,,,462923,158.23,0
50,115.718,"Mount",-0.080,0.185,-0.201,-0.015,-0.092,0.000,53,E,0,,,,450218,148.56,0
51,117.924,"Mount",-0.144,0.141,-0.191,0.062,-0.075,0.022,43,E,10,S,,,461618,159.14,0
52,120.289,"Mount",-0.067,0.215,-0.222,-0.040,-0.086,0.000,49,E,0,,,,438659,137.76,0
53,122.435,"Mount",-0.065,0.223,-0.228,-0.046,-0.095,0.000,55,E,0,,,,455429,158.13,0
54,124.820,"Mount",-0.121,0.208,-0.240,0.012,-0.102,0.000,58,E,0,,,,442276,132.77,0
55,126.938,"Mount",-0.075,0.139,-0.158,0.003,-0.090,0.000,51,E,0,,,,454913,150.35,0
56,129.367,"Mount",-0.144,0.121,-0.173,0.072,-0.101,0.026,58,E,11,S,,,456945,137.91,0
57,131.563,"Mount",0.014,0.221,-0.190,-0.114,-0.115,-0.040,66,E,17,N,,,456913,147.94,0
58,133.888,"Mount",-0.029,0.052,-0.060,0.002,-0.038,0.000,21,E,0,,,,454089,152.54,0
59,136.019,"Mount",-0.080,0.136,-0.157,0.008,-0.100,0.000,57,E,0,,,,434320,136.07,0
60,138.399,"Mount",-0.045,0.153,-0.157,-0.031,-0.098,0.000,56,E,0,,,,442809,131.47,0
61,140.513,"Mount",-0.059,0.072,-0.091,0.020,-0.071,0.000,40,E,0,,,,441099,134.02,0
62,142.850,"Mount",0.020,0.049,-0.034,-0.040,-0.009,0.000,5,E,0,,,,434926,150.24,0
63,144.949,"Mount",-0.045,0.077,-0.089,0.005,-0.046,0.000,26,E,0,,,,470172,157.84,0
64,147.266,"Mount",-0.016,0.025,-0.030,0.003,0.017,0.000,10,W,0,,,,468717,193.40,0
65,149.420,"Mount",0.057,0.044,-0.013,-0.071,0.018,-0.026,10,W,11,N,,,456752,136.96,0
66,151.773,"Mount",-0.001,0.048,-0.043,-0.022,-0.003,0.000,2,E,0,,,,452913,156.23,0
67,153.891,"Mount",0.016,0.004,0.003,-0.016,-0.006,0.000,4,E,0,,,,455701,135.77,0
68,156.292,"Mount",-0.063,-0.106,0.065,0.105,0.002,0.038,1,W,16,S,,,453033,135.85,0
69,158.408,"Mount",0.005,-0.100,0.091,0.042,0.007,0.000,4,W,0,,,,454810,151.68,0
70,160.822,"Mount",0.019,-0.232,0.215,0.090,0.073,0.032,42,W,14,S,,,459930,142.43,0
71,163.003,"Mount",0.128,-0.300,0.325,0.025,0.117,0.000,67,W,0,,,,452143,135.63,0
72,165.452,"Mount",0.191,-0.197,0.263,-0.078,0.091,-0.028,52,W,12,N,,,422012,129.18,0
73,167.584,"Mount",0.116,-0.231,0.259,0.004,0.127,0.000,73,W,0,,,,451095,151.77,0
74,170.105,"Mount",0.197,-0.245,0.308,-0.062,0.147,-0.022,84,W,10,N,,,463793,155.34,0
75,172.330,"Mount",0.184,-0.171,0.237,-0.084,0.117,-0.031,67,W,13,N,,,453357,154.25,0
76,174.728,"Mount",0.005,-0.210,0.189,0.093,0.094,0.032,54,W,14,S,,,452094,138.66,0
77,176.938,"Mount",0.205,-0.185,0.259,-0.097,0.119,-0.034,68,W,14,N,,,455592,163.02,0
78,179.375,"Mount",-0.048,-0.208,0.162,0.139,0.072,0.049,41,W,21,S,,,459764,146.23,0
79,181.516,"Mount",0.121,-0.156,0.194,-0.035,0.087,0.000,50,W,0,,,,457781,156.20,0
80,183.862,"Mount",0.086,-0.123,0.149,-0.020,0.059,0.000,34,W,0,,,,461101,132.00,0
81,186.036,"Mount",0.076,-0.047,0.077,-0.045,0.032,0.000,18,W,0,,,,457578,147.99,0
82,188.336,"Mount",-0.019,-0.077,0.059,0.052,-0.010,0.000,6,E,0,,,,442150,133.55,0
83,190.546,"Mount",-0.002,-0.183,0.161,0.086,0.052,0.031,30,W,13,S,,,449006,134.36,0
84,192.959,"Mount",0.143,-0.071,0.129,-0.094,0.036,-0.033,20,W,14,N,,,453888,151.24,0
85,195.159,"Mount",0.137,-0.038,0.097,-0.104,0.019,-0.039,11,W,17,N,,,455345,146.64,0
86,197.498,"Mount",-0.050,0.002,-0.025,0.044,-0.025,0.000,14,E,0,,,,456748,147.46,0
87,199.602,"Mount",-0.039,-0.013,-0.006,0.041,-0.028,0.000,16,E,0,,,,453483,140.61,0
88,201.990,"Mount",-0.108,-0.039,-0.015,0.114,-0.027,0.041,15,E,18,S,,,459181,141.23,0
89,204.173,"Mount",0.027,0.100,-0.077,-0.071,-0.062,-0.024,36,E,10,N,,,451988,147.37,0
90,206.592,"Mount",0.050,0.035,-0.008,-0.060,-0.015,-0.023,8,E,10,N,,,450612,129.38,0
91,208.726,"Mount",-0.078,-0.021,-0.018,0.079,-0.016,0.028,9,E,12,S,,,436113,132.09,0
92,211.145,"Mount",-0.097,0.047,-0.086,0.064,-0.055,0.024,31,E,10,S,,,455252,150.00,0
93,213.252,"Mount",-0.009,-0.019,0.013,0.017,-0.021,0.000,12,E,0,,,,460936,173.57,0
94,215.559,"Mount",-0.022,-0.025,0.012,0.031,-0.025,0.000,14,E,0,,,,441676,140.15,0
95,217.662,"Mount",0.082,-0.037,0.071,-0.055,0.006,0.000,4,W,0,,,,466123,152.57,0
96,219.897,"Mount",0.014,-0.070,0.069,0.020,0.001,0.000,0,,0,,,,480533,170.75,0
97,222.052,"Mount",0.049,-0.129,0.137,0.016,0.052,0.000,30,W,0,,,,438482,129.83,0
98,224.392,"Mount",0.101,-0.178,0.205,-0.008,0.077,0.000,44,W,0,,,,457090,150.70,0
99,226.633,"Mount",0.214,-0.191,0.268,-0.102,0.112,-0.037,64,W,16,N,,,451426,137.35,0
100,229.078,"Mount",0.055,-0.292,0.285,0.086,0.114,0.029,65,W,13,S,,,464893,146.57,0
101,231.323,"Mount",0.200,-0.456,0.496,0.033,0.229,0.000,131,W,0,,,,437043,145.81,0
102,233.722,"Mount",0.205,-0.316,0.374,-0.036,0.174,0.000,99,W,0,,,,461527,153.15,0
103,235.913,"Mount",0.226,-0.353,0.418,-0.037,0.230,0.000,131,W,0,,,,471502,163.88,0
104,238.297,"Mount",0.113,-0.230,0.256,0.006,0.156,0.000,89,W,0,,,,458512,145.43,0
105,240.478,"Mount",0.068,-0.219,0.225,0.041,0.134,0.000,76,W,0,,,,450128,150.94,0
106,242.970,"Mount",0.199,-0.316,0.373,-0.030,0.188,0.000,108,W,0,,,,438900,137.54,0
107,245.226,"Mount",0.010,-0.210,0.191,0.088,0.096,0.032,55,W,14,S,,,438389,160.31,0
108,247.549,"Mount",0.125,-0.224,0.256,-0.008,0.072,0.000,41,W,0,,,,449778,134.37,0
109,249.762,"Mount",0.270,-0.168,0.273,-0.162,0.064,-0.058,36,W,25,N,,,436558,122.05,0
110,252.097,"Mount",0.098,-0.251,0.268,0.029,0.069,0.000,39,W,0,,,,442236,137.36,0
111,254.263,"Mount",0.227,-0.209,0.291,-0.105,0.072,-0.038,41,W,16,N,,,458673,134.78,0
112,256.678,"Mount",-0.066,-0.236,0.179,0.167,0.094,0.059,53,W,25,S,,,452728,131.41,0
113,258.889,"Mount",0.117,-0.094,0.137,-0.061,0.074,-0.020,42,W,8,N,,,458666,140.30,0
114,261.289,"Mount",0.073,-0.198,0.209,0.027,0.130,0.000,74,W,0,,,,475933,167.72,0
115,263.413,"Mount",0.101,-0.110,0.144,-0.039,0.095,0.000,54,W,0,,,,444256,143.51,0
116,265.766,"Mount",0.100,-0.063,0.102,-0.059,0.062,0.000,35,W,0,,,,476270,142.90,0
117,267.932,"Mount",0.102,0.075,-0.020,-0.125,0.003,-0.045,2,W,19,N,,,456270,138.91,0
118,270.272,"Mount",-0.020,-0.022,0.010,0.027,-0.011,0.000,7,E,0,,,,455860,138.85,0
119,272.463,"Mount",-0.085,-0.077,0.029,0.111,-0.034,0.040,19,E,17,S,,,440699,140.58,0
120,274.814,"Mount",-0.019,-0.009,-0.001,0.021,-0.051,0.000,29,E,0,,,,452135,145.53,0
121,277.015,"Mount",-0.064,-0.137,0.092,0.120,-0.026,0.043,15,E,18,S,,,468155,151.05,0
122,279.382,"Mount",-0.016,-0.023,0.014,0.025,-0.078,0.000,44,E,0,,,,441961,140.35,0
123,281.609,"Mount",0.089,-0.017,0.056,-0.071,-0.038,-0.026,22,E,11,N,,,443487,148.76,0
124,283.965,"Mount",0.101,-0.080,0.118,-0.053,0.006,0.000,4,W,0,,,,440112,138.31,0
125,286.198,"Mount",0.048,-0.125,0.133,0.015,0.041,0.000,23,W,0,,,,461111,149.91,0
126,288.489,"Mount",-0.005,-0.042,0.035,0.024,-0.015,0.000,9,E,0,,,,460445,134.20,0
127,290.596,"Mount",0.059,-0.049,0.070,-0.030,0.038,0.000,22,W,0,,,,462038,138.59,0
128,292.887,"Mount",-0.015,-0.028,0.018,0.026,0.007,0.000,4,W,0,,,,453687,135.52,0
129,295.007,"Mount",0.062,-0.032,0.057,-0.040,0.003,0.000,2,W,0,,,,455783,148.47,0
130,297.363,"Mount",-0.071,-0.105,0.061,0.111,0.012,0.040,7,W,17,S,,,466000,149.37,0
131,299.454,"Mount",0.043,-0.088,0.098,0.003,0.021,0.000,12,W,0,,,,465210,152.81,0
132,301.762,"Mount",0.095,-0.070,0.106,-0.052,0.029,0.000,17,W,0,,,,446077,135.61,0
133,303.898,"Mount",0.065,-0.150,0.163,0.012,0.048,0.000,28,W,0,,,,449957,144.31,0
134,306.317,"Mount",0.183,-0.112,0.183,-0.111,0.077,-0.040,44,W,17,N,,,459141,145.57,0
135,308.494,"Mount",-0.097,-0.108,0.051,0.136,-0.005,0.047,3,E,20,S,,,464700,149.16,0
136,310.834,"Mount",-0.009,-0.075,0.063,0.043,0.049,0.000,28,W,0,,,,430233,132.48,0
137,312.905,"Mount",-0.032,-0.064,0.042,0.058,0.019,0.000,11,W,0,,,,448762,131.84,0
138,315.230,"Mount",0.009,-0.018,0.020,0.001,0.018,0.000,10,W,0,,,,443436,155.50,0
139,317.303,"Mount",0.015,-0.013,0.018,-0.007,-0.003,0.000,2,E,0,,,,445569,133.52,0
140,319.619,"Mount",-0.018,0.001,-0.009,0.016,-0.005,0.000,3,E,0,,,,449554,138.90,0
141,321.693,"Mount",-0.031,-0.023,0.006,0.038,-0.006,0.000,4,E,0,,,,440271,143.76,0
142,323.981,"Mount",0.032,0.011,0.005,-0.034,-0.005,0.000,3,E,0,,,,451646,140.42,0
143,326.164,"Mount",-0.102,-0.083,0.027,0.129,0.005,0.046,3,W,20,S,,,461302,143.77,0
144,328.526,"Mount",0.107,0.045,0.010,-0.116,0.009,-0.040,5,W,17,N,,,438601,147.89,0
145,330.645,"Mount",-0.069,-0.000,-0.032,0.061,0.019,0.021,11,W,9,S,,,462332,138.95,0
146,332.980,"Mount",0.018,-0.080,0.079,0.021,0.057,0.000,32,W,0,,,,439233,145.51,0
147,335.062,"Mount",0.058,-0.019,0.043,-0.042,0.023,0.000,13,W,0,,,,449176,140.89,0
148,337.385,"Mount",0.067,-0.075,0.098,-0.025,0.063,0.000,36,W,0,,,,460592,141.35,0
149,339.458,"Mount",0.001,-0.058,0.052,0.026,0.016,0.000,9,W,0,,,,446149,150.28,0
150,341.920,"Mount",0.187,-0.074,0.152,-0.131,0.081,-0.047,47,W,20,N,,,446870,151.90,0
151,344.022,"Mount",0.057,-0.076,0.094,-0.015,0.047,0.000,27,W,0,,,,470774,145.47,0
152,346.374,"Mount",0.068,-0.078,0.100,-0.025,0.045,0.000,26,W,0,,,,446306,128.89,0
153,348.537,"Mount",-0.028,-0.076,0.055,0.060,-0.009,0.022,5,E,9,S,,,430562,140.08,0
154,350.906,"Mount",0.016,-0.127,0.120,0.044,0.040,0.000,23,W,0,,,,459545,151.59,0
155,353.073,"Mount",-0.062,-0.090,0.051,0.097,-0.020,0.035,11,E,15,S,,,447399,139.13,0
156,355.488,"Mount",-0.028,-0.106,0.081,0.074,0.008,0.028,4,W,12,S,,,454799,150.27,0
157,357.600,"Mount",0.069,-0.128,0.146,-0.002,0.035,0.000,20,W,0,,,,433337,120.68,0
158,359.996,"Mount",0.083,-0.006,0.043,-0.070,-0.031,-0.025,18,E,11,N,,,442683,140.52,0
159,362.194,"Mount",-0.060,-0.052,0.019,0.077,-0.028,0.027,16,E,11,S,,,455968,132.11,0
160,364.490,"Mount",-0.039,0.045,-0.058,0.014,-0.030,0.000,17,E,0,,,,435393,120.12,0
161,366.660,"Mount",0.018,0.118,-0.096,-0.070,-0.074,-0.025,43,E,11,N,,,439012,139.51,0
162,369.001,"Mount",0.007,0.023,-0.017,-0.017,-0.038,0.000,22,E,0,,,,447358,140.24,0
163,371.215,"Mount",-0.112,0.190,-0.220,0.011,-0.141,0.000,80,E,0,,,,453537,157.75,0
164,373.613,"Mount",-0.063,0.123,-0.138,-0.001,-0.114,0.000,65,E,0,,,,467708,143.08,0
165,375.866,"Mount",-0.212,0.175,-0.253,0.107,-0.175,0.039,100,E,17,S,,,445571,141.26,0
166,378.326,"Mount",-0.192,0.196,-0.262,0.080,-0.189,0.030,108,E,13,S,,,457299,135.78,0
167,380.476,"Mount",-0.086,0.119,-0.146,0.022,-0.144,0.000,82,E,0,,,,454289,146.00,0
168,382.888,"Mount",-0.088,0.141,-0.166,0.013,-0.169,0.000,96,E,0,,,,467891,163.20,0
169,385.053,"Mount",-0.002,0.103,-0.092,-0.046,-0.132,0.000,75,E,0,,,,461407,143.86,0
170,387.481,"Mount",0.046,0.089,-0.057,-0.082,-0.063,-0.030,36,E,13,N,,,457384,146.67,0
171,389.645,"Mount",-0.000,0.077,-0.069,-0.036,-0.084,0.000,48,E,0,,,,441924,130.29,0
172,391.989,"Mount",-0.072,0.055,-0.082,0.039,-0.060,0.000,34,E,0,,,,469061,151.93,0
173,394.092,"Mount",-0.003,-0.009,0.007,0.007,-0.012,0.000,7,E,0,,,,450055,138.65,0
174,396.473,"Mount",-0.039,-0.079,0.052,0.071,-0.011,0.025,7,E,11,S,,,473656,165.33,0
175,398.545,"Mount",0.031,0.014,0.002,-0.034,-0.005,0.000,3,E,0,,,,450012,161.13,0
176,400.928,"Mount",0.080,0.053,-0.010,-0.096,-0.011,-0.034,6,E,15,N,,,449605,135.65,0
177,403.031,"Mount",-0.003,-0.001,-0.000,0.003,-0.012,0.000,7,E,0,,,,450413,142.70,0
178,405.457,"Mount",-0.175,0.027,-0.105,0.143,-0.064,0.051,37,E,22,S,,,478259,171.01,0
179,407.608,"Mount",0.029,0.054,-0.034,-0.051,-0.037,0.000,21,E,0,,,,446802,146.08,0
180,409.978,"Mount",0.023,0.075,-0.056,-0.055,-0.050,0.000,28,E,0,,,,457969,142.67,0
181,412.139,"Mount",0.011,0.078,-0.064,-0.046,-0.084,0.000,48,E,0,,,,468800,144.12,0
182,414.598,"Mount",0.016,0.151,-0.127,-0.084,-0.125,-0.030,71,E,13,N,,,440505,138.78,0
183,416.828,"Mount",-0.016,0.130,-0.123,-0.046,-0.124,0.000,71,E,0,,,,439967,130.20,0
184,419.255,"Mount",0.013,0.142,-0.120,-0.077,-0.132,-0.028,76,E,12,N,,,474272,152.63,0
185,421.372,"Mount",-0.009,0.048,-0.046,-0.014,-0.082,0.000,47,E,0,,,,457150,146.50,0
186,423.804,"Mount",-0.118,0.194,-0.227,0.015,-0.188,0.000,108,E,0,,,,456554,138.52,0
187,426.004,"Mount",-0.100,0.103,-0.137,0.041,-0.149,0.000,85,E,0,,,,459317,149.76,0
188,428.510,"Mount",-0.238,0.157,-0.249,0.139,-0.207,0.050,118,E,21,S,,,453074,153.82,0
189,430.737,"Mount",-0.008,0.190,-0.172,-0.081,-0.178,-0.027,102,E,12,N,,,447527,139.69,0
190,433.203,"Mount",-0.067,0.175,-0.186,-0.022,-0.208,0.000,119,E,0,,,,459738,137.21,0
191,435.484,"Mount",-0.032,0.223,-0.213,-0.074,-0.222,-0.027,127,E,11,N,,,440000,134.07,0
192,438.007,"Mount",-0.179,0.122,-0.191,0.102,-0.207,0.036,118,E,15,S,,,462223,142.08,0
193,440.201,"Mount",-0.049,0.150,-0.156,-0.026,-0.191,0.000,109,E,0,,,,449441,139.96,0
194,442.658,"Mount",0.005,0.139,-0.121,-0.069,-0.169,-0.025,97,E,11,N,,,471672,152.54,0
195,444.919,"Mount",0.001,0.171,-0.152,-0.079,-0.175,-0.030,100,E,13,N,,,437671,136.25,0
196,447.428,"Mount",-0.215,0.108,-0.195,0.141,-0.187,0.049,107,E,21,S,,,442083,140.43,0
197,449.609,"Mount",-0.108,0.113,-0.150,0.044,-0.149,0.000,85,E,0,,,,445470,134.20,0
198,452.043,"Mount",-0.108,0.157,-0.190,0.023,-0.169,0.000,96,E,0,,,,435451,121.49,0
199,454.225,"Mount",-0.115,0.131,-0.170,0.042,-0.141,0.000,81,E,0,,,,456120,143.63,0
200,456.643,"Mount",-0.045,0.193,-0.192,-0.049,-0.154,0.000,88,E,0,,,,458567,149.49,0
201,458.837,"Mount",-0.118,0.124,-0.165,0.048,-0.131,0.000,75,E,0,,,,463910,157.48,0
202,461.239,"Mount",-0.070,0.155,-0.169,-0.010,-0.145,0.000,83,E,0,,,,443565,135.01,0
203,463.441,"Mount",-0.013,0.173,-0.160,-0.068,-0.138,-0.025,79,E,11,N,,,445507,137.03,0
204,465.828,"Mount",-0.026,0.048,-0.054,0.001,-0.081,0.000,46,E,0,,,,448461,132.50,0
205,467.985,"Mount",-0.093,0.074,-0.108,0.049,-0.133,0.000,76,E,0,,,,440940,129.89,0
206,470.461,"Mount",-0.127,0.018,-0.074,0.104,-0.127,0.038,73,E,16,S,,,434344,141.99,0
207,472.577,"Mount",-0.015,0.024,-0.028,0.002,-0.078,0.000,44,E,0,,,,451309,143.16,0
208,475.007,"Mount",-0.070,0.002,-0.034,0.061,-0.079,0.022,45,E,9,S,,,444744,148.47,0
209,477.190,"Mount",-0.104,0.004,-0.052,0.091,-0.040,0.034,23,E,14,S,,,468691,148.58,0
210,479.653,"Mount",-0.108,0.030,-0.076,0.081,-0.065,0.031,37,E,13,S,,,458044,159.35,0
211,481.803,"Mount",-0.050,0.161,-0.166,-0.030,-0.085,0.000,49,E,0,,,,460153,146.41,0
212,484.346,"Mount",0.256,0.107,0.023,-0.276,0.001,-0.100,1,W,43,N,,,464442,144.90,0
213,486.523,"Mount",-0.078,-0.040,-0.001,0.087,-0.010,0.027,6,E,12,S,,,467224,163.23,0
214,488.800,"Mount",-0.070,-0.006,-0.027,0.065,-0.001,0.025,0,,11,S,,,443359,125.71,0
215,490.903,"Mount",-0.026,-0.033,0.018,0.039,-0.004,0.000,2,E,0,,,,477609,173.10,0
216,493.214,"Mount",0.062,0.063,-0.028,-0.084,-0.000,-0.030,0,,13,N,,,455048,135.98,0
217,495.313,"Mount",0.028,-0.036,0.045,-0.008,0.001,0.000,1,W,0,,,,431649,124.35,0
218,497.669,"Mount",-0.113,-0.062,0.003,0.129,-0.008,0.046,5,E,20,S,,,436440,127.69,0
219,499.769,"Mount",-0.012,0.053,-0.053,-0.014,-0.007,0.000,4,E,0,,,,441681,146.10,0
220,502.093,"Mount",0.011,-0.099,0.093,0.036,0.039,0.000,22,W,0,,,,451861,158.36,0
221,504.165,"Mount",0.023,0.014,-0.001,-0.027,0.004,0.000,2,W,0,,,,456795,148.62,0
222,506.503,"Mount",0.031,-0.138,0.137,0.036,0.080,0.000,46,W,0,,,,445840,136.98,0
223,508.701,"Mount",0.188,-0.073,0.151,-0.133,0.095,-0.048,54,W,20,N,,,455452,138.14,0
224,511.166,"Mount",-0.019,-0.138,0.114,0.080,0.106,0.027,61,W,12,S,,,447823,135.39,0
225,513.330,"Mount",0.050,-0.091,0.104,-0.002,0.112,0.000,64,W,0,,,,466789,165.36,0
226,515.814,"Mount",0.040,-0.219,0.212,0.066,0.171,0.024,98,W,10,S,,,451235,140.13,0
227,518.031,"Mount",0.087,-0.220,0.235,0.024,0.202,0.000,115,W,0,,,,448364,138.61,0
228,520.448,"Mount",0.039,-0.196,0.192,0.056,0.188,0.000,108,W,0,,,,446492,149.01,0
229,522.656,"Mount",-0.022,-0.143,0.117,0.086,0.144,0.031,82,W,13,S,,,443780,127.39,0
230,525.180,"Mount",0.205,0.002,0.093,-0.183,0.129,-0.065,74,W,28,N,,,461328,159.26,0
231,527.384,"Mount",-0.039,-0.053,0.029,0.059,0.049,0.000,28,W,0,,,,463683,135.90,0
232,529.757,"Mount",-0.062,-0.025,-0.007,0.067,0.035,0.024,20,W,10,S,,,436922,123.57,0
233,531.860,"Mount",-0.010,-0.079,0.066,0.045,0.047,0.000,27,W,0,,,,454214,151.13,0
234,534.272,"Mount",-0.053,-0.137,0.098,0.110,0.049,0.040,28,W,17,S,,,446993,126.60,0
235,536.377,"Mount",0.016,-0.083,0.081,0.025,0.043,0.000,25,W,0,,,,445253,121.01,0
236,538.716,"Mount",0.013,-0.010,0.015,-0.007,-0.002,0.000,1,E,0,,,,450546,130.44,0
237,540.854,"Mount",-0.041,-0.065,0.039,0.066,0.014,0.024,8,W,10,S,,,459841,150.31,0
238,543.176,"Mount",0.033,0.038,-0.019,-0.047,0.008,0.000,4,W,0,,,,459049,142.47,0
239,545.329,"Mount",0.030,0.026,-0.009,-0.039,0.001,0.000,1,W,0,,,,450481,133.07,0
240,547.779,"Mount",0.050,0.155,-0.115,-0.116,-0.060,-0.042,34,E,18,N,,,445804,149.75,0
241,549.970,"Mount",0.042,0.054,-0.029,-0.063,-0.015,-0.024,8,E,10,N,,,450184,129.50,0
242,552.406,"Mount",-0.095,0.023,-0.064,0.074,-0.070,0.026,40,E,11,S,,,448916,139.21,0
243,554.504,"Mount",-0.022,-0.010,-0.001,0.024,-0.041,0.000,23,E,0,,,,449813,136.08,0
244,556.839,"Mount",-0.039,0.016,-0.032,0.027,-0.035,0.000,20,E,0,,,,452546,143.25,0
245,558.944,"Mount",0.024,0.038,-0.023,-0.039,-0.027,0.000,15,E,0,,,,459507,135.94,0
246,561.298,"Mount",0.004,-0.104,0.094,0.045,0.033,0.000,19,W,0,,,,442723,147.23,0
247,563.512,"Mount",-0.034,-0.134,0.103,0.092,0.053,0.033,30,W,14,S,,,445071,144.35,0
248,565.900,"Mount",0.076,-0.040,0.070,-0.049,0.072,0.000,41,W,0,,,,444225,131.17,0
249,568.133,"Mount",0.144,-0.075,0.133,-0.093,0.118,-0.033,68,W,14,N,,,447658,125.09,0
250,570.614,"Mount",0.026,-0.175,0.167,0.058,0.158,0.000,90,W,0,,,,449353,148.14,0
251,572.905,"Mount",-0.008,-0.145,0.125,0.074,0.165,0.027,94,W,11,S,,,453656,139.18,0
252,575.368,"Mount",0.143,-0.089,0.145,-0.086,0.189,-0.030,108,W,13,N,,,460138,158.74,0
253,577.567,"Mount",0.024,-0.108,0.107,0.029,0.168,0.000,96,W,0,,,,439094,127.51,0
254,580.074,"Mount",-0.082,-0.193,0.134,0.162,0.178,0.058,102,W,25,S,,,455315,170.61,0
255,582.291,"Mount",0.133,-0.073,0.126,-0.084,0.148,-0.028,85,W,12,N,,,455390,125.19,0
256,584.724,"Mount",0.154,-0.093,0.154,-0.093,0.150,-0.035,86,W,15,N,,,464374,164.31,0
257,586.953,"Mount",0.071,-0.201,0.211,0.030,0.163,0.000,93,W,0,,,,456069,147.00,0
258,589.438,"Mount",0.014,-0.249,0.227,0.103,0.161,0.037,92,W,16,S,,,450748,130.60,0
259,591.638,"Mount",0.093,-0.120,0.150,-0.027,0.147,0.000,84,W,0,,,,456541,143.52,0
260,594.070,"Mount",-0.059,-0.147,0.104,0.120,0.125,0.043,72,W,19,S,,,458446,158.78,0
261,596.334,"Mount",0.218,0.010,0.092,-0.198,0.140,-0.069,80,W,30,N,,,451646,150.68,0
262,598.795,"Mount",-0.024,-0.155,0.127,0.093,0.161,0.031,92,W,13,S,,,467510,135.59,0
263,600.977,"Mount",0.040,-0.032,0.047,-0.021,0.100,0.000,57,W,0,,,,447934,133.51,0
264,603.359,"Mount",0.009,-0.022,0.023,0.002,0.099,0.000,56,W,0,,,,459858,165.31,0
265,605.527,"Mount",0.023,-0.035,0.041,-0.005,0.088,0.000,50,W,0,,,,452092,149.51,0
266,607.886,"Mount",-0.057,0.046,-0.067,0.029,0.040,0.000,23,W,0,,,,442800,138.99,0
267,609.989,"Mount",-0.014,0.085,-0.082,-0.027,0.015,0.000,8,W,0,,,,437286,133.59,0
268,612.343,"Mount",-0.083,0.064,-0.095,0.044,-0.053,0.000,30,E,0,,,,442569,135.83,0
269,614.542,"Mount",-0.099,0.026,-0.068,0.076,-0.061,0.028,35,E,12,S,,,458940,146.45,0
270,617.018,"Mount",0.110,0.071,-0.013,-0.131,-0.059,-0.046,34,E,20,N,,,459944,159.35,0
271,619.154,"Mount",0.033,0.017,0.000,-0.037,-0.073,0.000,42,E,0,,,,438147,129.11,0
272,621.523,"Mount",-0.077,-0.184,0.128,0.153,0.002,0.055,1,W,24,S,,,445030,135.47,0
273,623.693,"Mount",0.084,-0.017,0.054,-0.067,-0.058,-0.022,33,E,9,N,,,426541,127.97,0
274,626.156,"Mount",0.118,0.001,0.054,-0.106,-0.023,-0.039,13,E,17,N,,,450032,151.73,0
275,628.307,"Mount",0.128,-0.003,0.062,-0.113,0.011,-0.042,6,W,18,N,,,456153,140.41,0
276,632.755,"Mount",-0.159,-0.120,0.033,0.197,0.000,0.069,0,,30,S,,,437224,158.85,0
INFO: SET LOCK POSITION, new lock pos = 587.435, 557.996
INFO: DITHER by -10.428, 10.497, new lock pos = 573.315, 562.419
INFO: SETTLING STATE CHANGE, Settling started
277,635.134,"Mount",0.205,0.059,0.042,-0.209,0.022,-0.073,13,W,31,N,,,437335,143.64,0
278,647.756,"Mount",14.120,-4.423,10.428,-10.497,10.428,-10.497,5962,W,4490,N,,,454809,137.77,0
279,650.470,"Mount",-1.006,-1.080,0.495,1.391,0.223,0.501,127,W,214,S,,,460539,151.55,0
280,652.702,"Mount",-0.020,-0.328,0.282,0.169,0.127,0.081,72,W,35,S,,,448598,138.56,0
281,655.139,"Mount",0.405,0.251,-0.037,-0.475,-0.016,-0.168,9,E,72,N,,,440285,134.34,0
282,657.351,"Mount",0.080,0.117,-0.067,-0.125,-0.030,-0.052,17,E,22,N,,,440843,143.74,0
283,659.738,"Mount",-0.145,-0.053,-0.020,0.153,-0.009,0.053,5,E,23,S,,,465632,132.69,0
284,661.857,"Mount",-0.079,0.135,-0.156,0.007,-0.070,0.000,40,E,0,,,,427328,146.36,0
285,664.164,"Mount",0.035,-0.012,0.027,-0.025,0.012,0.000,7,W,0,,,,461060,137.73,0
286,666.360,"Mount",-0.005,0.145,-0.131,-0.063,-0.059,-0.023,34,E,10,N,,,471258,163.17,0
287,668.746,"Mount",-0.123,-0.076,0.011,0.144,0.005,0.051,3,W,22,S,,,449830,135.93,0
288,670.881,"Mount",0.012,-0.081,0.078,0.027,0.035,0.000,20,W,0,,,,459660,152.28,0
289,673.202,"Mount",0.000,-0.110,0.098,0.051,0.020,0.000,11,W,0,,,,424937,120.37,0
290,675.353,"Mount",0.053,-0.091,0.106,-0.005,0.031,0.000,18,W,0,,,,433818,136.91,0
291,677.769,"Mount",0.050,-0.080,0.094,-0.007,0.032,0.000,18,W,0,,,,455020,139.40,0
INFO: SETTLING STATE CHANGE, Settling complete
292,679.966,"Mount",0.008,-0.064,0.061,0.022,0.023,0.000,13,W,0,,,,444726,146.42,0
293,682.323,"Mount",0.074,-0.177,0.191,0.016,0.090,0.000,51,W,0,,,,453785,127.80,0
294,684.451,"Mount",0.030,-0.094,0.097,0.017,0.054,0.000,31,W,0,,,,427339,124.29,0
295,686.822,"Mount",0.047,0.074,-0.044,-0.076,0.017,-0.027,10,W,12,N,,,427526,166.18,0
296,688.975,"Mount",-0.061,-0.039,0.007,0.072,0.025,0.025,14,W,11,S,,,457844,143.62,0
297,691.314,"Mount",0.011,-0.056,0.055,0.016,0.027,0.000,15,W,0,,,,451877,135.63,0
298,693.389,"Mount",-0.004,-0.025,0.020,0.015,0.024,0.000,14,W,0,,,,456249,153.93,0
299,695.700,"Mount",0.031,-0.015,0.027,-0.021,0.017,0.000,10,W,0,,,,470578,172.00,0
300,697.772,"Mount",0.015,-0.023,0.028,-0.003,0.009,0.000,5,W,0,,,,457603,138.18,0
301,700.175,"Mount",0.029,-0.124,0.124,0.032,0.055,0.000,31,W,0,,,,448431,155.70,0
302,702.271,"Mount",-0.027,0.006,-0.018,0.021,-0.013,0.000,7,E,0,,,,462685,148.67,0
303,704.642,"Mount",-0.055,-0.055,0.023,0.074,-0.026,0.027,15,E,11,S,,,459617,155.86,0
304,706.822,"Mount",-0.048,0.128,-0.135,-0.017,-0.100,0.000,57,E,0,,,,453911,156.15,0
305,709.208,"Mount",-0.064,0.067,-0.089,0.026,-0.094,0.000,54,E,0,,,,451091,160.51,0
306,711.485,"Mount",0.024,0.204,-0.170,-0.115,-0.142,-0.042,81,E,18,N,,,449363,135.98,0
307,713.912,"Mount",-0.086,0.243,-0.255,-0.036,-0.195,0.000,111,E,0,,,,479523,166.87,0
308,716.104,"Mount",-0.073,0.111,-0.133,0.014,-0.144,0.000,83,E,0,,,,457383,143.75,0
309,718.620,"Mount",-0.101,0.039,-0.081,0.072,-0.131,0.026,75,E,11,S,,,434112,139.53,0
310,720.915,"Mount",-0.131,0.131,-0.176,0.056,-0.181,0.000,103,E,0,,,,452198,134.37,0
311,723.345,"Mount",-0.071,0.105,-0.125,0.015,-0.166,0.000,95,E,0,,,,457085,152.52,0
312,725.558,"Mount",0.072,0.162,-0.111,-0.139,-0.153,-0.050,87,E,21,N,,,461480,135.84,0
313,728.037,"Mount",-0.104,0.031,-0.076,0.078,-0.147,0.026,84,E,11,S,,,447088,136.82,0
314,730.280,"Mount",-0.078,0.009,-0.044,0.066,-0.110,0.025,63,E,11,S,,,460160,150.65,0
315,732.698,"Mount",-0.102,0.058,-0.099,0.064,-0.158,0.024,90,E,10,S,,,478704,144.64,0
316,734.906,"Mount",-0.012,-0.000,-0.005,0.010,-0.115,0.000,66,E,0,,,,446423,148.84,0
317,737.425,"Mount",-0.086,-0.146,0.090,0.143,-0.072,0.052,41,E,22,S,,,470632,153.76,0
318,739.558,"Mount",0.042,-0.061,0.073,-0.010,-0.070,0.000,40,E,0,,,,461543,150.05,0
319,741.854,"Mount",0.001,-0.105,0.094,0.048,-0.046,0.000,26,E,0,,,,455529,148.40,0
320,743.943,"Mount",0.086,-0.063,0.096,-0.047,-0.014,0.000,8,E,0,,,,444458,135.02,0
321,746.236,"Mount",0.075,-0.092,0.117,-0.024,0.011,0.000,6,W,0,,,,450110,141.51,0
322,748.403,"Mount",0.096,-0.056,0.094,-0.059,0.016,0.000,9,W,0,,,,456021,142.52,0
323,750.678,"Mount",-0.048,0.018,-0.038,0.035,-0.018,0.000,10,E,0,,,,456587,149.23,0
324,752.800,"Mount",-0.062,0.024,-0.050,0.044,-0.016,0.000,9,E,0,,,,445973,134.51,0
325,755.122,"Mount",-0.043,0.052,-0.066,0.014,-0.048,0.000,27,E,0,,,,448166,138.00,0
326,757.264,"Mount",-0.017,0.144,-0.135,-0.051,-0.090,0.000,51,E,0,,,,463343,142.31,0
327,759.770,"Mount",0.032,0.369,-0.313,-0.199,-0.197,-0.072,113,E,31,N,,,438867,141.18,0
328,761.979,"Mount",-0.099,0.247,-0.265,-0.027,-0.194,0.000,111,E,0,,,,450443,148.48,0
329,764.523,"Mount",-0.265,0.148,-0.253,0.167,-0.247,0.060,141,E,26,S,,,451208,156.92,0
330,766.737,"Mount",-0.092,0.193,-0.214,-0.008,-0.243,0.000,139,E,0,,,,454787,148.99,0
331,769.233,"Mount",-0.112,0.126,-0.163,0.042,-0.259,0.000,148,E,0,,,,453632,142.24,0
332,771.479,"Mount",-0.046,0.150,-0.154,-0.028,-0.253,0.000,145,E,0,,,,451179,160.06,0
333,773.909,"Mount",0.034,0.048,-0.027,-0.052,-0.182,0.000,104,E,0,,,,446443,132.16,0
334,776.155,"Mount",-0.131,0.128,-0.174,0.057,-0.249,0.000,143,E,0,,,,450249,130.35,0
335,778.667,"Mount",-0.027,0.222,-0.210,-0.079,-0.266,-0.028,152,E,12,N,,,461825,151.31,0
336,780.857,"Mount",-0.105,0.119,-0.154,0.038,-0.216,0.000,123,E,0,,,,460681,140.05,0
337,783.309,"Mount",-0.101,0.075,-0.113,0.055,-0.202,0.000,116,E,0,,,,438883,134.47,0
338,785.604,"Mount",-0.140,0.130,-0.180,0.064,-0.214,0.023,123,E,10,S,,,436714,122.56,0
339,788.118,"Mount",-0.013,0.182,-0.168,-0.073,-0.225,-0.025,129,E,11,N,,,444560,141.96,0
340,790.407,"Mount",-0.081,0.023,-0.057,0.061,-0.162,0.021,93,E,9,S,,,442081,131.61,0
341,792.857,"Mount",-0.108,0.103,-0.141,0.048,-0.240,0.000,137,E,0,,,,463920,154.96,0
342,795.150,"Mount",-0.111,-0.039,-0.017,0.116,-0.200,0.042,114,E,18,S,,,457040,150.08,0
343,797.569,"Mount",-0.013,0.024,-0.027,0.001,-0.207,0.000,118,E,0,,,,449341,140.79,0
344,799.799,"Mount",-0.022,-0.051,0.035,0.043,-0.203,0.000,116,E,0,,,,457138,159.35,0
345,802.298,"Mount",-0.104,-0.087,0.029,0.132,-0.191,0.048,109,E,20,S,,,444505,130.42,0
346,804.476,"Mount",-0.005,-0.083,0.071,0.043,-0.133,0.000,76,E,0,,,,465710,140.31,0
347,806.894,"Mount",0.036,-0.102,0.108,0.015,-0.094,0.000,54,E,0,,,,457643,144.15,0
348,809.134,"Mount",0.168,-0.124,0.188,-0.092,-0.026,-0.033,15,E,14,N,,,439334,140.02,0
349,811.524,"Mount",-0.036,-0.081,0.056,0.069,-0.094,0.024,54,E,10,S,,,451681,131.26,0
350,813.663,"Mount",-0.044,-0.177,0.137,0.121,-0.003,0.044,2,E,19,S,,,449803,135.98,0
351,816.078,"Mount",0.073,0.078,-0.036,-0.101,-0.056,-0.035,32,E,15,N,,,460069,143.39,0
352,818.243,"Mount",-0.012,0.052,-0.052,-0.014,-0.052,0.000,30,E,0,,,,469403,162.84,0
353,820.564,"Mount",0.019,-0.004,0.012,-0.015,-0.057,0.000,33,E,0,,,,450269,129.15,0
354,822.700,"Mount",-0.002,0.018,-0.017,-0.006,-0.057,0.000,32,E,0,,,,435046,141.56,0
355,825.106,"Mount",-0.080,0.088,-0.115,0.030,-0.109,0.000,62,E,0,,,,462965,159.89,0
356,827.305,"Mount",-0.092,0.061,-0.096,0.054,-0.099,0.000,56,E,0,,,,463904,144.16,0
357,829.618,"Mount",-0.059,0.034,-0.057,0.037,-0.068,0.000,39,E,0,,,,443830,142.25,0
358,831.738,"Mount",-0.066,0.057,-0.082,0.032,-0.096,0.000,55,E,0,,,,484240,167.15,0
359,834.097,"Mount",-0.047,0.004,-0.025,0.040,-0.071,0.000,41,E,0,,,,445684,147.09,0
360,836.323,"Mount",0.039,0.059,-0.035,-0.062,-0.059,-0.022,34,E,10,N,,,465360,139.44,0
361,838.723,"Mount",-0.117,-0.046,-0.013,0.125,-0.048,0.044,28,E,19,S,,,460101,167.34,0
362,840.907,"Mount",0.046,0.053,-0.026,-0.065,-0.042,-0.022,24,E,9,N,,,459000,162.34,0
363,843.288,"Mount",-0.002,0.058,-0.052,-0.025,-0.029,0.000,16,E,0,,,,472563,143.74,0
364,845.389,"Mount",0.047,-0.029,0.048,-0.028,0.002,0.000,1,W,0,,,,453520,133.29,0
365,847.757,"Mount",0.004,-0.081,0.073,0.034,0.049,0.000,28,W,0,,,,455084,133.21,0
366,849.979,"Mount",-0.047,-0.092,0.060,0.084,0.062,0.030,36,W,13,S,,,451507,135.80,0
367,852.315,"Mount",0.008,-0.097,0.090,0.038,0.091,0.000,52,W,0,,,,462332,140.64,0
368,854.451,"Mount",0.059,-0.081,0.099,-0.015,0.099,0.000,56,W,0,,,,422112,133.89,0
369,856.882,"Mount",0.064,-0.208,0.214,0.039,0.167,0.000,95,W,0,,,,435858,130.36,0
370,859.076,"Mount",0.125,-0.137,0.179,-0.048,0.158,0.000,90,W,0,,,,447715,154.07,0
371,861.510,"Mount",0.049,-0.134,0.141,0.018,0.156,0.000,89,W,0,,,,480144,160.53,0
372,863.696,"Mount",0.001,-0.101,0.090,0.045,0.150,0.000,86,W,0,,,,473953,163.32,0
373,866.095,"Mount",-0.051,-0.025,-0.001,0.057,0.119,0.000,68,W,0,,,,463490,156.64,0
374,868.341,"Mount",-0.047,-0.146,0.108,0.109,0.168,0.039,96,W,17,S,,,456138,124.45,0
375,870.684,"Mount",-0.029,-0.070,0.048,0.058,0.118,0.000,67,W,0,,,,449341,132.49,0
376,872.880,"Mount",0.002,0.030,-0.026,-0.015,0.112,0.000,64,W,0,,,,464969,162.66,0
377,875.371,"Mount",-0.087,-0.010,-0.031,0.082,0.092,0.029,53,W,13,S,,,463053,149.19,0
378,877.521,"Mount",-0.011,0.055,-0.054,-0.015,0.082,0.000,47,W,0,,,,424033,126.00,0
379,879.823,"Mount",0.001,0.094,-0.083,-0.044,0.023,0.000,13,W,0,,,,465705,153.71,0
380,881.870,"Mount",-0.049,0.088,-0.100,0.003,0.000,0.000,0,,0,,,,463596,147.33,0
381,884.171,"Mount",-0.026,0.096,-0.097,-0.021,-0.006,0.000,3,E,0,,,,457082,148.27,0
382,886.384,"Mount",0.020,0.152,-0.126,-0.088,-0.035,-0.032,20,E,14,N,,,445352,149.75,0
383,888.742,"Mount",-0.125,0.039,-0.092,0.093,-0.032,0.032,18,E,14,S,,,462504,151.06,0
384,890.907,"Mount",0.042,0.131,-0.097,-0.098,-0.048,-0.034,27,E,15,N,,,461946,143.02,0
385,893.306,"Mount",-0.107,0.200,-0.227,0.003,-0.120,0.000,68,E,0,,,,463550,156.21,0
386,895.442,"Mount",-0.081,0.084,-0.112,0.033,-0.081,0.000,46,E,0,,,,465774,148.28,0
387,897.813,"Mount",0.000,0.123,-0.109,-0.057,-0.084,0.000,48,E,0,,,,470715,147.08,0
388,899.981,"Mount",0.016,0.044,-0.031,-0.035,-0.048,0.000,27,E,0,,,,456586,144.58,0
389,902.319,"Mount",0.036,-0.051,0.062,-0.009,-0.016,0.000,9,E,0,,,,439174,131.32,0
390,904.496,"Mount",-0.041,-0.072,0.045,0.069,-0.033,0.025,19,E,11,S,,,453791,139.26,0
391,906.866,"Mount",0.035,-0.114,0.117,0.022,0.030,0.000,17,W,0,,,,452650,149.32,0
392,909.030,"Mount",0.064,-0.035,0.060,-0.041,0.030,0.000,17,W,0,,,,455548,139.27,0
393,911.381,"Mount",0.089,-0.050,0.085,-0.056,0.059,0.000,34,W,0,,,,469086,148.57,0
394,913.543,"Mount",0.051,-0.131,0.140,0.015,0.102,0.000,59,W,0,,,,455687,139.69,0
395,915.957,"Mount",0.023,-0.172,0.163,0.059,0.138,0.000,79,W,0,,,,460561,145.99,0
396,918.151,"Mount",0.051,-0.142,0.150,0.020,0.150,0.000,86,W,0,,,,467180,149.81,0
397,920.652,"Mount",0.007,-0.074,0.069,0.028,0.140,0.000,80,W,0,,,,456728,143.78,0
398,922.842,"Mount",-0.007,-0.053,0.044,0.031,0.126,0.000,72,W,0,,,,453911,145.08,0
399,925.211,"Mount",0.042,-0.027,0.043,-0.025,0.135,0.000,77,W,0,,,,444712,130.52,0
400,927.353,"Mount",0.017,-0.044,0.047,0.005,0.142,0.000,81,W,0,,,,435147,126.84,0
401,929.833,"Mount",0.032,-0.085,0.090,0.011,0.185,0.000,106,W,0,,,,466270,144.72,0
402,932.041,"Mount",0.050,-0.102,0.113,0.002,0.191,0.000,109,W,0,,,,456287,139.66,0
403,934.436,"Mount",0.056,-0.053,0.073,-0.025,0.180,0.000,103,W,0,,,,459976,156.51,0
404,936.582,"Mount",-0.013,-0.001,-0.005,0.012,0.134,0.000,76,W,0,,,,445415,128.79,0
405,939.043,"Mount",0.057,0.041,-0.010,-0.069,0.143,-0.025,82,W,11,N,,,460706,136.17,0
406,941.211,"Mount",-0.005,-0.032,0.026,0.020,0.130,0.000,74,W,0,,,,459889,142.91,0
407,943.661,"Mount",-0.124,0.029,-0.083,0.097,0.082,0.035,47,W,15,S,,,451540,134.41,0
408,945.840,"Mount",-0.052,-0.013,-0.013,0.052,0.106,0.000,61,W,0,,,,450345,157.37,0
409,948.298,"Mount",-0.097,0.024,-0.066,0.075,0.068,0.027,39,W,12,S,,,434871,128.02,0
410,950.442,"Mount",0.006,0.058,-0.048,-0.032,0.059,0.000,34,W,0,,,,445798,136.49,0
411,952.735,"Mount",-0.030,0.141,-0.139,-0.039,-0.012,0.000,7,E,0,,,,453432,130.35,0
412,954.801,"Mount",0.008,0.079,-0.066,-0.043,-0.001,0.000,0,,0,,,,466117,135.92,0
413,957.109,"Mount",0.017,0.052,-0.039,-0.039,0.020,0.000,12,W,0,,,,455987,149.16,0
414,959.274,"Mount",0.058,0.044,-0.013,-0.072,0.020,-0.026,11,W,11,N,,,451693,141.88,0
415,961.567,"Mount",-0.074,0.016,-0.049,0.058,0.010,0.000,6,W,0,,,,451476,137.58,0
416,963.688,"Mount",-0.044,-0.014,-0.007,0.045,0.025,0.000,14,W,0,,,,446228,135.58,0
417,966.059,"Mount",-0.109,-0.076,0.017,0.132,0.018,0.048,10,W,20,S,,,465609,161.47,0
418,968.148,"Mount",0.007,0.093,-0.079,-0.049,-0.026,0.000,15,E,0,,,,445703,142.65,0
419,970.520,"Mount",0.088,0.017,0.025,-0.086,0.011,-0.031,6,W,13,N,,,438685,138.63,0
420,972.665,"Mount",0.031,0.087,-0.063,-0.067,-0.022,-0.025,12,E,11,N,,,453375,152.66,0
421,974.988,"Mount",-0.011,-0.030,0.022,0.024,-0.014,0.000,8,E,0,,,,464373,147.58,0
422,977.073,"Mount",-0.023,-0.078,0.059,0.056,-0.012,0.000,7,E,0,,,,465156,145.98,0
423,979.478,"Mount",-0.029,-0.086,0.063,0.065,0.008,0.023,5,W,10,S,,,445220,159.88,0
424,981.646,"Mount",-0.040,-0.060,0.035,0.063,-0.014,0.024,8,E,10,S,,,448167,144.51,0
425,984.115,"Mount",-0.045,-0.107,0.074,0.089,0.032,0.033,18,W,14,S,,,464537,145.16,0
426,986.234,"Mount",-0.018,-0.058,0.043,0.043,0.007,0.000,4,W,0,,,,445424,158.72,0
427,988.558,"Mount",0.082,-0.069,0.099,-0.041,0.061,0.000,35,W,0,,,,462957,162.18,0
428,990.705,"Mount",0.115,0.008,0.046,-0.106,0.023,-0.038,13,W,16,N,,,450041,129.81,0
429,993.061,"Mount",-0.036,-0.003,-0.014,0.033,0.030,0.000,17,W,0,,,,458804,134.93,0
430,995.195,"Mount",-0.024,0.035,-0.042,0.005,0.036,0.000,21,W,0,,,,464218,144.43,0
431,997.549,"Mount",-0.057,0.004,-0.029,0.048,0.037,0.000,21,W,0,,,,462774,147.74,0
432,999.637,"Mount",-0.043,0.098,-0.107,-0.007,-0.029,0.000,16,E,0,,,,460499,148.81,0
433,1001.978,"Mount",-0.072,0.082,-0.106,0.026,-0.034,0.000,19,E,0,,,,449588,152.89,0
434,1004.080,"Mount",-0.056,0.024,-0.047,0.038,0.004,0.000,2,W,0,,,,435605,139.38,0
435,1006.525,"Mount",-0.135,0.094,-0.145,0.076,-0.070,0.027,40,E,12,S,,,450858,129.56,0
436,1008.642,"Mount",-0.026,0.085,-0.087,-0.016,-0.057,0.000,32,E,0,,,,455158,146.67,0
437,1010.996,"Mount",0.001,0.071,-0.062,-0.034,-0.060,0.000,35,E,0,,,,465785,142.60,0
438,1013.161,"Mount",-0.060,0.104,-0.120,0.005,-0.091,0.000,52,E,0,,,,453086,134.88,0
439,1015.641,"Mount",-0.085,0.001,-0.040,0.075,-0.043,0.027,25,E,11,S,,,473845,150.46,0
440,1017.790,"Mount",0.011,-0.020,0.023,-0.001,-0.042,0.000,24,E,0,,,,445548,142.92,0
441,1020.076,"Mount",0.031,-0.058,0.065,-0.001,0.003,0.000,2,W,0,,,,469852,147.29,0
442,1022.226,"Mount",0.015,-0.033,0.036,0.002,-0.019,0.000,11,E,0,,,,447269,145.33,0
443,1024.535,"Mount",0.045,-0.055,0.070,-0.015,0.037,0.000,21,W,0,,,,438658,121.62,0
444,1026.595,"Mount",0.043,-0.024,0.041,-0.027,0.013,0.000,7,W,0,,,,473331,152.62,0
445,1028.898,"Mount",0.080,-0.117,0.141,-0.017,0.073,0.000,42,W,0,,,,452765,133.36,0
446,1031.044,"Mount",-0.006,-0.118,0.102,0.060,0.062,0.000,36,W,0,,,,453555,167.30,0
447,1033.352,"Mount",0.049,-0.110,0.120,0.007,0.074,0.000,42,W,0,,,,452981,154.71,0
448,1035.490,"Mount",0.032,-0.149,0.147,0.041,0.101,0.000,57,W,0,,,,456033,153.25,0
449,1037.795,"Mount",-0.047,-0.036,0.010,0.058,0.036,0.000,20,W,0,,,,448610,132.71,0
450,1040.008,"Mount",-0.010,-0.243,0.211,0.121,0.129,0.043,74,W,19,S,,,446187,152.39,0
451,1042.430,"Mount",0.204,-0.000,0.094,-0.181,0.074,-0.063,42,W,27,N,,,464422,160.86,0
452,1044.551,"Mount",0.058,-0.085,0.102,-0.012,0.074,0.000,43,W,0,,,,465313,157.12,0
453,1046.956,"Mount",0.107,-0.085,0.124,-0.056,0.074,0.000,42,W,0,,,,453619,148.09,0
454,1049.059,"Mount",0.052,-0.027,0.048,-0.033,0.012,0.000,7,W,0,,,,452948,141.43,0
455,1051.446,"Mount",0.045,0.087,-0.056,-0.080,-0.004,-0.029,2,E,12,N,,,455600,137.09,0
456,1053.548,"Mount",-0.066,0.012,-0.041,0.053,-0.016,0.000,9,E,0,,,,469628,151.94,0
457,1055.868,"Mount",-0.079,0.125,-0.148,0.012,-0.101,0.000,58,E,0,,,,449058,127.66,0
458,1058.063,"Mount",-0.071,0.131,-0.149,0.002,-0.115,0.000,66,E,0,,,,450769,142.56,0
459,1060.511,"Mount",-0.024,0.170,-0.162,-0.057,-0.155,0.000,88,E,0,,,,446546,132.75,0
460,1062.690,"Mount",-0.117,0.188,-0.221,0.017,-0.188,0.000,107,E,0,,,,465579,166.66,0
461,1065.142,"Mount",-0.101,0.172,-0.199,0.010,-0.200,0.000,114,E,0,,,,456953,155.68,0
462,1067.371,"Mount",-0.121,0.153,-0.192,0.036,-0.198,0.000,113,E,0,,,,458998,150.78,0
463,1069.767,"Mount",-0.048,0.140,-0.147,-0.022,-0.191,0.000,109,E,0,,,,454023,153.37,0
464,1071.976,"Mount",-0.128,-0.090,0.021,0.155,-0.123,0.056,70,E,24,S,,,463254,158.25,0
465,1074.388,"Mount",0.007,-0.027,0.027,0.007,-0.137,0.000,79,E,0,,,,444553,138.39,0
466,1076.584,"Mount",-0.082,0.115,-0.140,0.020,-0.196,0.000,112,E,0,,,,446731,156.73,0
467,1078.981,"Mount",0.063,-0.012,0.040,-0.050,-0.131,0.000,75,E,0,,,,448945,131.48,0
468,1081.203,"Mount",0.104,-0.034,0.078,-0.077,-0.085,-0.028,49,E,12,N,,,460777,143.87,0
469,1083.556,"Mount",0.093,-0.088,0.121,-0.042,-0.059,0.000,34,E,0,,,,477400,152.39,0
470,1085.642,"Mount",0.076,-0.122,0.143,-0.011,-0.030,0.000,17,E,0,,,,439669,143.24,0
471,1088.059,"Mount",-0.011,-0.219,0.189,0.111,0.003,0.040,2,W,17,S,,,458836,142.97,0
472,1090.178,"Mount",0.039,-0.186,0.183,0.051,0.045,0.000,26,W,0,,,,456129,144.37,0
473,1092.562,"Mount",-0.052,-0.160,0.118,0.120,0.030,0.043,17,W,18,S,,,464429,142.02,0
474,1094.729,"Mount",0.001,-0.133,0.119,0.061,0.046,0.024,27,W,10,S,,,454572,125.90,0
475,1097.067,"Mount",0.060,-0.070,0.090,-0.021,0.040,0.000,23,W,0,,,,435296,158.39,0
476,1099.187,"Mount",0.057,-0.039,0.061,-0.033,0.005,0.000,3,W,0,,,,458422,142.39,0
477,1101.542,"Mount",0.066,-0.009,0.039,-0.055,-0.041,0.000,24,E,0,,,,439182,133.56,0
478,1103.692,"Mount",-0.027,0.051,-0.058,0.000,-0.068,0.000,39,E,0,,,,433660,133.31,0
479,1106.216,"Mount",0.065,0.138,-0.093,-0.121,-0.142,-0.044,81,E,19,N,,,457686,139.55,0
480,1108.408,"Mount",-0.002,0.129,-0.115,-0.058,-0.176,0.000,101,E,0,,,,454809,151.01,0
481,1110.797,"Mount",-0.071,0.114,-0.134,0.010,-0.212,0.000,121,E,0,,,,445539,153.40,0
482,1112.976,"Mount",-0.066,0.035,-0.061,0.042,-0.189,0.000,108,E,0,,,,458678,158.95,0
483,1115.394,"Mount",-0.027,-0.027,0.012,0.037,-0.172,0.000,99,E,0,,,,450305,151.76,0
484,1117.654,"Mount",-0.073,-0.022,-0.014,0.075,-0.164,0.027,94,E,12,S,,,452516,146.48,0
485,1120.052,"Mount",-0.018,0.060,-0.062,-0.012,-0.180,0.000,103,E,0,,,,437795,137.93,0
486,1122.265,"Mount",-0.051,0.167,-0.172,-0.032,-0.211,0.000,121,E,0,,,,458601,149.62,0
487,1124.664,"Mount",-0.061,0.208,-0.213,-0.041,-0.237,0.000,135,E,0,,,,448250,134.80,0
488,1126.920,"Mount",-0.098,0.185,-0.209,0.002,-0.227,0.000,130,E,0,,,,468125,141.06,0
489,1129.370,"Mount",-0.118,0.115,-0.156,0.051,-0.240,0.000,137,E,0,,,,432946,129.76,0
490,1131.710,"Mount",-0.067,0.144,-0.159,-0.007,-0.248,0.000,142,E,0,,,,472809,169.60,0
491,1134.251,"Mount",-0.123,0.031,-0.084,0.094,-0.252,0.034,144,E,15,S,,,463185,136.90,0
492,1136.513,"Mount",-0.096,0.069,-0.105,0.054,-0.272,0.000,156,E,0,,,,475010,149.79,0
493,1138.977,"Mount",0.053,-0.006,0.030,-0.045,-0.232,0.000,133,E,0,,,,467639,149.49,0
494,1141.209,"Mount",0.058,-0.062,0.082,-0.022,-0.196,0.000,112,E,0,,,,449056,137.68,0
495,1143.707,"Mount",-0.029,-0.110,0.084,0.076,-0.202,0.027,116,E,12,S,,,446832,140.11,0
496,1146.048,"Mount",-0.042,-0.065,0.039,0.067,-0.202,0.025,116,E,11,S,,,464370,164.15,0
497,1148.464,"Mount",0.013,0.053,-0.041,-0.036,-0.187,0.000,107,E,0,,,,453554,133.98,0
498,1150.610,"Mount",0.019,-0.027,0.033,-0.004,-0.132,0.000,76,E,0,,,,453498,161.24,0
499,1152.981,"Mount",0.103,-0.101,0.137,-0.045,-0.047,0.000,27,E,0,,,,422011,126.48,0
500,1155.149,"Mount",0.039,-0.071,0.081,-0.002,-0.047,0.000,27,E,0,,,,446127,132.64,0
501,1157.502,"Mount",-0.042,-0.014,-0.006,0.044,-0.062,0.000,35,E,0,,,,455104,149.54,0
502,1159.604,"Mount",0.053,-0.074,0.090,-0.013,-0.020,0.000,12,E,0,,,,452322,128.20,0
503,1161.972,"Mount",-0.047,0.092,-0.103,-0.001,-0.100,0.000,57,E,0,,,,444089,145.19,0
504,1164.106,"Mount",-0.013,0.034,-0.036,-0.004,-0.078,0.000,45,E,0,,,,430605,123.34,0
505,1166.481,"Mount",-0.067,0.012,-0.042,0.054,-0.084,0.000,48,E,0,,,,458600,149.68,0
506,1168.649,"Mount",-0.077,0.010,-0.044,0.064,-0.102,0.023,59,E,10,S,,,447123,133.63,0
507,1171.064,"Mount",-0.023,0.150,-0.144,-0.049,-0.179,0.000,103,E,0,,,,454752,146.77,0
508,1173.229,"Mount",-0.019,0.023,-0.029,0.007,-0.113,0.000,65,E,0,,,,444977,129.47,0
509,1175.597,"Mount",-0.021,-0.081,0.062,0.056,-0.075,0.000,43,E,0,,,,475445,161.91,0
510,1177.732,"Mount",-0.005,-0.090,0.078,0.046,-0.059,0.000,34,E,0,,,,463523,136.16,0
511,1180.060,"Mount",0.028,-0.081,0.085,0.013,-0.023,0.000,13,E,0,,,,448752,132.79,0
512,1182.156,"Mount",0.028,-0.104,0.105,0.023,0.003,0.000,2,W,0,,,,478651,168.58,0
513,1184.549,"Mount",0.048,-0.010,0.031,-0.038,-0.027,0.000,16,E,0,,,,442819,130.78,0
514,1186.780,"Mount",0.030,-0.078,0.083,0.010,0.027,0.000,15,W,0,,,,478448,149.65,0
515,1189.182,"Mount",-0.094,-0.205,0.139,0.178,0.052,0.064,30,W,27,S,,,452210,156.94,0
516,1191.255,"Mount",0.009,-0.043,0.042,0.012,0.003,0.000,2,W,0,,,,455815,159.42,0
517,1193.516,"Mount",0.015,-0.060,0.060,0.015,0.017,0.000,10,W,0,,,,457757,151.01,0
518,1195.731,"Mount",0.108,-0.056,0.099,-0.070,0.068,-0.025,39,W,11,N,,,445403,132.24,0
519,1198.090,"Mount",0.047,-0.140,0.146,0.023,0.106,0.000,60,W,0,,,,460310,159.41,0
520,1200.225,"Mount",0.110,-0.121,0.158,-0.042,0.124,0.000,71,W,0,,,,441920,157.14,0
521,1202.582,"Mount",0.057,-0.099,0.114,-0.005,0.121,0.000,69,W,0,,,,447277,149.77,0
522,1204.796,"Mount",-0.022,-0.153,0.126,0.090,0.138,0.032,79,W,14,S,,,447455,141.11,0
523,1207.298,"Mount",-0.033,-0.202,0.164,0.122,0.168,0.045,96,W,19,S,,,450899,148.06,0
524,1209.481,"Mount",0.079,-0.052,0.082,-0.046,0.134,0.000,77,W,0,,,,448541,136.92,0
525,1211.880,"Mount",0.078,-0.049,0.080,-0.046,0.138,0.000,79,W,0,,,,461529,151.82,0
526,1214.142,"Mount",0.124,-0.050,0.101,-0.087,0.150,-0.031,86,W,13,N,,,452751,153.86,0
527,1216.581,"Mount",0.092,-0.017,0.057,-0.073,0.109,-0.028,62,W,12,N,,,449992,147.99,0
528,1218.792,"Mount",0.061,0.025,0.006,-0.066,0.103,-0.025,59,W,11,N,,,440374,121.39,0
529,1221.223,"Mount",0.084,-0.032,0.067,-0.060,0.134,-0.023,77,W,10,N,,,466566,148.01,0
530,1223.345,"Mount",0.060,0.003,0.025,-0.055,0.095,0.000,54,W,0,,,,456566,139.04,0
531,1225.790,"Mount",-0.013,-0.129,0.108,0.071,0.130,0.026,74,W,11,S,,,457141,147.08,0
532,1227.895,"Mount",-0.023,0.013,-0.022,0.015,0.068,0.000,39,W,0,,,,458998,148.34,0
533,1230.188,"Mount",-0.060,0.115,-0.129,-0.000,-0.012,0.000,7,E,0,,,,462849,146.57,0
534,1232.355,"Mount",-0.077,0.108,-0.131,0.018,-0.033,0.000,19,E,0,,,,480272,180.26,0
535,1234.694,"Mount",-0.095,0.156,-0.182,0.013,-0.084,0.000,48,E,0,,,,456312,140.98,0
536,1236.908,"Mount",-0.115,0.024,-0.075,0.091,-0.053,0.033,30,E,14,S,,,466057,143.63,0
537,1239.307,"Mount",-0.036,0.127,-0.130,-0.027,-0.090,0.000,52,E,0,,,,454034,147.74,0
538,1241.457,"Mount",-0.154,0.169,-0.221,0.058,-0.138,0.000,79,E,0,,,,461717,162.78,0
539,1243.858,"Mount",-0.073,0.056,-0.083,0.038,-0.078,0.000,45,E,0,,,,475091,152.84,0
540,1246.011,"Mount",-0.040,-0.079,0.052,0.072,-0.038,0.026,22,E,11,S,,,467872,157.53,0
541,1248.361,"Mount",0.021,0.071,-0.054,-0.051,-0.035,0.000,20,E,0,,,,440347,140.18,0
542,1250.507,"Mount",-0.080,0.053,-0.084,0.046,-0.069,0.000,39,E,0,,,,459055,151.21,0
543,1252.863,"Mount",-0.001,-0.113,0.100,0.053,0.023,0.000,13,W,0,,,,453753,137.07,0
544,1254.979,"Mount",0.025,-0.116,0.114,0.031,0.045,0.000,26,W,0,,,,425539,133.52,0
545,1257.314,"Mount",-0.029,-0.064,0.044,0.055,0.003,0.000,2,W,0,,,,456326,143.31,0
546,1259.449,"Mount",-0.012,-0.107,0.089,0.060,0.070,0.000,40,W,0,,,,444705,168.93,0
547,1261.916,"Mount",0.025,-0.114,0.113,0.030,0.098,0.000,56,W,0,,,,458173,148.17,0
548,1264.126,"Mount",0.047,-0.117,0.126,0.012,0.118,0.000,68,W,0,,,,436014,120.37,0
549,1266.620,"Mount",0.058,-0.352,0.339,0.111,0.239,0.040,137,W,17,S,,,471270,144.23,0
550,1268.771,"Mount",0.024,-0.082,0.083,0.016,0.153,0.000,87,W,0,,,,449860,138.25,0
551,1271.242,"Mount",-0.055,-0.109,0.071,0.099,0.171,0.036,98,W,15,S,,,436087,139.59,0
552,1273.474,"Mount",0.055,-0.066,0.084,-0.018,0.190,0.000,108,W,0,,,,452430,137.96,0
553,1275.913,"Mount",0.094,-0.062,0.098,-0.055,0.219,0.000,125,W,0,,,,436492,141.79,0
554,1278.143,"Mount",0.032,-0.014,0.027,-0.022,0.172,0.000,98,W,0,,,,439855,132.79,0
555,1280.528,"Mount",-0.005,-0.019,0.015,0.013,0.150,0.000,86,W,0,,,,433490,130.76,0
556,1284.947,"Mount",0.053,-0.069,0.086,-0.015,0.204,0.000,116,W,0,,,,450480,139.98,0
INFO: SET LOCK POSITION, new lock pos = 573.315, 562.419
INFO: DITHER by 2.890, -0.684, new lock pos = 575.253, 560.168
INFO: SETTLING STATE CHANGE, Settling started
557,1289.004,"Mount",-1.938,2.251,-2.890,0.684,-2.890,0.684,1652,E,293,S,,,454431,150.32,0
558,1291.458,"Mount",-0.306,-0.238,0.070,0.381,0.032,0.137,18,W,59,S,,,453144,144.01,0
559,1293.671,"Mount",-0.148,-0.189,0.099,0.219,0.045,0.084,26,W,36,S,,,447943,148.79,0
560,1296.107,"Mount",0.174,-0.027,0.105,-0.142,0.047,-0.048,27,W,20,N,,,435719,139.66,0
561,1298.335,"Mount",0.029,-0.199,0.190,0.067,0.085,0.022,49,W,9,S,,,471887,138.68,0
562,1300.734,"Mount",-0.201,-0.186,0.072,0.264,0.033,0.096,19,W,41,S,,,460304,155.59,0
563,1302.896,"Mount",0.104,-0.023,0.068,-0.081,0.031,-0.025,17,W,11,N,,,456681,140.42,0
564,1305.218,"Mount",-0.004,0.007,-0.008,-0.000,-0.004,0.000,2,E,0,,,,436742,146.79,0
565,1307.388,"Mount",-0.096,-0.189,0.124,0.173,0.056,0.062,32,W,27,S,,,462890,148.65,0
566,1309.744,"Mount",0.089,-0.041,0.077,-0.060,0.035,0.000,20,W,0,,,,471605,153.60,0
INFO: SETTLING STATE CHANGE, Settling complete
567,1311.815,"Mount",-0.028,0.004,-0.017,0.023,-0.007,0.000,4,E,0,,,,458093,133.97,0
568,1314.168,"Mount",0.049,-0.069,0.083,-0.011,0.042,0.000,24,W,0,,,,454646,139.59,0
569,1316.298,"Mount",0.014,0.037,-0.027,-0.029,-0.004,0.000,2,E,0,,,,459534,147.38,0
570,1318.592,"Mount",-0.013,0.014,-0.018,0.006,-0.007,0.000,4,E,0,,,,470194,147.93,0
571,1320.727,"Mount",0.080,0.012,0.026,-0.077,-0.009,-0.028,5,E,12,N,,,447621,149.01,0
572,1323.067,"Mount",0.012,-0.043,0.044,0.009,-0.014,0.000,8,E,0,,,,442730,144.48,0
573,1325.155,"Mount",0.032,-0.046,0.055,-0.007,-0.009,0.000,5,E,0,,,,461650,157.19,0
574,1327.525,"Mount",-0.006,-0.102,0.088,0.052,0.031,0.000,17,W,0,,,,463212,173.84,0
575,1329.677,"Mount",-0.058,-0.047,0.015,0.074,-0.005,0.026,3,E,11,S,,,445469,131.44,0
576,1332.001,"Mount",0.027,-0.042,0.049,-0.004,-0.007,0.000,4,E,0,,,,453083,134.18,0
577,1334.123,"Mount",-0.014,-0.042,0.031,0.032,-0.003,0.000,2,E,0,,,,449848,146.04,0
578,1336.434,"Mount",-0.025,0.009,-0.020,0.018,-0.003,0.000,2,E,0,,,,422747,129.03,0
579,1338.522,"Mount",-0.035,0.033,-0.046,0.016,-0.002,0.000,1,E,0,,,,437186,132.76,0
580,1340.910,"Mount",0.001,0.030,-0.026,-0.015,-0.002,0.000,1,E,0,,,,450303,146.67,0
581,1343.046,"Mount",-0.016,-0.010,0.001,0.019,-0.003,0.000,2,E,0,,,,448248,126.43,0
582,1345.385,"Mount",-0.048,0.025,-0.044,0.031,-0.005,0.000,3,E,0,,,,457327,139.19,0
583,1347.583,"Mount",-0.124,0.078,-0.126,0.074,-0.064,0.027,37,E,11,S,,,444044,152.77,0
584,1349.966,"Mount",-0.053,0.138,-0.147,-0.017,-0.081,0.000,46,E,0,,,,461404,145.35,0
585,1352.179,"Mount",0.026,0.108,-0.084,-0.073,-0.057,-0.026,32,E,11,N,,,448809,155.06,0
586,1354.522,"Mount",-0.068,0.054,-0.079,0.035,-0.064,0.000,37,E,0,,,,454217,153.11,0
587,1356.593,"Mount",-0.037,0.020,-0.034,0.024,-0.018,0.000,10,E,0,,,,455054,147.61,0
588,1359.067,"Mount",-0.116,-0.052,-0.007,0.126,-0.023,0.045,13,E,19,S,,,434542,131.65,0
589,1361.215,"Mount",-0.065,0.130,-0.145,-0.003,-0.086,0.000,49,E,0,,,,475928,160.15,0
590,1363.566,"Mount",-0.081,0.049,-0.081,0.049,-0.054,0.000,31,E,0,,,,443028,134.00,0
591,1365.746,"Mount",-0.071,0.088,-0.111,0.023,-0.062,0.000,35,E,0,,,,440299,132.31,0
592,1368.038,"Mount",-0.047,0.030,-0.048,0.028,-0.010,0.000,5,E,0,,,,453631,146.90,0
593,1370.141,"Mount",-0.040,0.051,-0.064,0.011,-0.030,0.000,17,E,0,,,,447508,134.15,0
594,1372.467,"Mount",-0.054,0.023,-0.045,0.037,0.009,0.000,5,W,0,,,,449504,145.38,0
595,1374.553,"Mount",-0.009,0.038,-0.038,-0.010,0.020,0.000,11,W,0,,,,446604,145.42,0
596,1376.922,"Mount",-0.091,0.019,-0.058,0.072,0.026,0.026,15,W,11,S,,,433119,136.92,0
597,1379.024,"Mount",-0.026,0.001,-0.013,0.023,0.046,0.000,26,W,0,,,,465029,156.60,0
598,1381.333,"Mount",0.021,0.056,-0.040,-0.045,0.046,0.000,26,W,0,,,,469788,144.58,0
599,1383.430,"Mount",-0.021,0.068,-0.070,-0.013,0.019,0.000,11,W,0,,,,444606,128.66,0
600,1385.813,"Mount",-0.101,-0.017,-0.031,0.097,0.053,0.035,31,W,15,S,,,437430,135.30,0
601,1388.014,"Mount",-0.135,-0.024,-0.041,0.130,0.046,0.048,26,W,21,S,,,461379,151.62,0
602,1390.431,"Mount",-0.122,0.051,-0.102,0.085,-0.005,0.033,3,E,14,S,,,468788,170.18,0
603,1392.514,"Mount",-0.018,0.018,-0.024,0.008,0.028,0.000,16,W,0,,,,455920,156.50,0
604,1394.868,"Mount",-0.027,0.053,-0.059,-0.001,0.014,0.000,8,W,0,,,,442795,144.34,0
605,1396.959,"Mount",-0.091,0.058,-0.093,0.054,-0.044,0.000,25,E,0,,,,444471,152.12,0
606,1399.326,"Mount",-0.059,0.069,-0.088,0.020,-0.066,0.000,38,E,0,,,,457494,144.61,0
607,1401.457,"Mount",-0.037,0.034,-0.047,0.017,-0.046,0.000,26,E,0,,,,458716,137.11,0
608,1403.906,"Mount",-0.147,-0.032,-0.040,0.145,-0.069,0.052,40,E,22,S,,,452011,147.79,0
609,1406.148,"Mount",-0.161,0.083,-0.148,0.105,-0.154,0.040,88,E,17,S,,,436775,136.10,0
610,1408.564,"Mount",-0.043,0.116,-0.123,-0.016,-0.160,0.000,92,E,0,,,,459973,137.57,0
611,1410.758,"Mount",-0.010,0.113,-0.105,-0.044,-0.160,0.000,92,E,0,,,,440613,133.57,0
612,1413.153,"Mount",-0.103,0.078,-0.116,0.055,-0.180,0.000,103,E,0,,,,452120,138.70,0
613,1415.361,"Mount",-0.010,0.068,-0.065,-0.023,-0.158,0.000,90,E,0,,,,427957,125.32,0
614,1417.802,"Mount",-0.001,0.068,-0.061,-0.031,-0.160,0.000,91,E,0,,,,457554,153.89,0
615,1420.000,"Mount",-0.058,0.053,-0.073,0.027,-0.160,0.000,92,E,0,,,,451261,135.61,0
616,1422.419,"Mount",-0.086,0.030,-0.066,0.062,-0.156,0.022,89,E,10,S,,,473321,187.36,0
617,1424.571,"Mount",-0.063,-0.113,0.071,0.108,-0.072,0.040,41,E,17,S,,,443750,141.73,0
618,1426.925,"Mount",0.043,0.030,-0.006,-0.052,-0.095,0.000,54,E,0,,,,446595,136.83,0
619,1429.150,"Mount",0.108,0.106,-0.044,-0.145,-0.074,-0.052,42,E,22,N,,,449062,144.12,0
620,1431.568,"Mount",0.052,0.036,-0.008,-0.063,-0.062,-0.025,35,E,11,N,,,444117,135.97,0
621,1433.750,"Mount",-0.089,-0.029,-0.015,0.093,-0.064,0.032,37,E,14,S,,,456877,147.21,0
622,1436.089,"Mount",0.033,-0.155,0.153,0.043,0.013,0.000,8,W,0,,,,478505,152.92,0
623,1438.302,"Mount",-0.055,-0.224,0.173,0.152,0.025,0.055,14,W,23,S,,,463769,170.58,0
624,1440.577,"Mount",0.035,-0.071,0.079,0.001,-0.017,0.000,10,E,0,,,,468085,140.23,0
625,1442.664,"Mount",0.015,-0.043,0.045,0.006,-0.037,0.000,21,E,0,,,,442098,139.91,0
626,1445.003,"Mount",0.037,-0.025,0.039,-0.021,-0.044,0.000,25,E,0,,,,479198,167.20,0
627,1447.193,"Mount",0.019,-0.006,0.014,-0.014,-0.053,0.000,30,E,0,,,,441457,142.97,0
628,1449.561,"Mount",-0.051,0.000,-0.024,0.045,-0.063,0.000,36,E,0,,,,454612,125.62,0
629,1451.805,"Mount",-0.050,-0.090,0.057,0.086,-0.077,0.031,44,E,13,S,,,457176,142.99,0
630,1454.222,"Mount",-0.027,0.108,-0.108,-0.025,-0.147,0.000,84,E,0,,,,463872,159.46,0
631,1456.453,"Mount",-0.090,0.100,-0.130,0.033,-0.171,0.000,98,E,0,,,,441359,160.80,0
632,1458.879,"Mount",-0.055,-0.059,0.027,0.076,-0.141,0.027,81,E,12,S,,,428910,131.37,0
633,1461.061,"Mount",-0.069,0.045,-0.072,0.040,-0.180,0.000,103,E,0,,,,456629,143.19,0
634,1463.494,"Mount",-0.030,-0.039,0.021,0.044,-0.175,0.000,100,E,0,,,,447945,141.96,0
635,1465.723,"Mount",-0.018,0.105,-0.102,-0.032,-0.223,0.000,127,E,0,,,,423155,139.66,0
636,1468.215,"Mount",-0.027,0.064,-0.070,-0.006,-0.220,0.000,126,E,0,,,,436893,136.01,0
637,1470.453,"Mount",-0.015,0.046,-0.048,-0.008,-0.187,0.000,107,E,0,,,,435208,144.25,0
638,1472.976,"Mount",-0.116,0.060,-0.107,0.075,-0.238,0.027,136,E,12,S,,,472102,152.01,0
639,1475.268,"Mount",-0.114,0.090,-0.132,0.059,-0.246,0.000,141,E,0,,,,468156,144.90,0
640,1477.838,"Mount",-0.200,0.044,-0.131,0.157,-0.253,0.057,145,E,24,S,,,461306,169.44,0
641,1480.144,"Mount",-0.127,-0.018,-0.042,0.121,-0.170,0.046,97,E,20,S,,,447054,140.32,0
642,1482.686,"Mount",-0.202,0.061,-0.147,0.151,-0.245,0.056,140,E,24,S,,,463074,141.22,0
643,1485.057,"Mount",-0.098,-0.007,-0.039,0.090,-0.165,0.035,94,E,15,S,,,473944,153.84,0
644,1487.459,"Mount",-0.047,0.066,-0.080,0.011,-0.206,0.000,118,E,0,,,,451474,153.07,0
645,1489.624,"Mount",-0.002,-0.011,0.008,0.007,-0.169,0.000,96,E,0,,,,458556,156.45,0
646,1492.046,"Mount",-0.043,0.044,-0.058,0.018,-0.172,0.000,98,E,0,,,,433025,149.49,0
647,1494.209,"Mount",-0.058,-0.014,-0.014,0.058,-0.174,0.000,100,E,0,,,,442072,137.59,0
648,1496.686,"Mount",-0.109,0.050,-0.095,0.073,-0.215,0.026,123,E,11,S,,,464972,155.42,0
649,1498.885,"Mount",0.020,0.050,-0.036,-0.041,-0.165,0.000,95,E,0,,,,462202,142.98,0
650,1501.301,"Mount",-0.021,-0.059,0.043,0.046,-0.159,0.000,91,E,0,,,,461790,145.30,0
651,1503.478,"Mount",0.067,-0.061,0.085,-0.032,-0.105,0.000,60,E,0,,,,439874,140.15,0
652,1505.957,"Mount",-0.034,-0.134,0.103,0.092,-0.091,0.033,52,E,14,S,,,456551,143.29,0
653,1508.280,"Mount",-0.062,-0.068,0.032,0.087,-0.108,0.033,62,E,14,S,,,477591,151.60,0
654,1510.659,"Mount",-0.027,-0.149,0.119,0.093,-0.048,0.035,27,E,15,S,,,452814,149.56,0
655,1512.773,"Mount",-0.027,-0.036,0.019,0.041,-0.090,0.000,52,E,0,,,,435780,131.16,0
656,1515.128,"Mount",0.009,-0.098,0.092,0.037,-0.033,0.000,19,E,0,,,,452531,134.40,0
657,1517.231,"Mount",0.030,-0.021,0.032,-0.017,-0.068,0.000,39,E,0,,,,436139,138.72,0
658,1519.586,"Mount",-0.053,0.010,-0.033,0.043,-0.053,0.000,30,E,0,,,,460522,153.19,0
659,1521.711,"Mount",-0.045,-0.075,0.046,0.075,-0.045,0.027,26,E,11,S,,,429573,145.65,0
660,1524.064,"Mount",0.008,0.018,-0.012,-0.015,-0.056,0.000,32,E,0,,,,463994,141.70,0
661,1526.199,"Mount",-0.048,0.025,-0.044,0.031,-0.045,0.000,26,E,0,,,,466879,153.42,0
662,1528.580,"Mount",0.056,0.053,-0.021,-0.074,-0.054,-0.027,31,E,11,N,,,421657,126.03,0
663,1530.701,"Mount",-0.013,-0.023,0.014,0.023,-0.043,0.000,25,E,0,,,,434729,127.07,0
664,1533.106,"Mount",-0.065,-0.067,0.029,0.089,-0.047,0.032,27,E,14,S,,,450129,135.05,0
665,1535.314,"Mount",-0.109,-0.026,-0.027,0.109,-0.038,0.041,22,E,17,S,,,450999,137.15,0
666,1537.699,"Mount",0.128,-0.043,0.097,-0.094,0.016,-0.032,9,W,14,N,,,431080,126.08,0
667,1539.802,"Mount",0.060,0.011,0.018,-0.058,-0.004,0.000,2,E,0,,,,435445,136.48,0
668,1542.157,"Mount",0.036,-0.057,0.067,-0.005,0.046,0.000,26,W,0,,,,444744,150.46,0
669,1544.291,"Mount",0.013,-0.033,0.035,0.004,0.049,0.000,28,W,0,,,,409666,130.00,0
670,1546.611,"Mount",-0.009,0.010,-0.013,0.004,0.070,0.000,40,W,0,,,,469088,162.49,0
671,1548.747,"Mount",-0.003,-0.034,0.029,0.019,0.080,0.000,46,W,0,,,,456752,166.61,0
672,1551.123,"Mount",-0.039,-0.046,0.023,0.056,0.100,0.000,57,W,0,,,,440523,138.12,0
673,1553.300,"Mount",-0.077,-0.052,0.011,0.092,0.091,0.033,52,W,14,S,,,459485,152.71,0
674,1555.688,"Mount",0.047,-0.001,0.023,-0.041,0.101,0.000,58,W,0,,,,442541,145.50,0
675,1557.913,"Mount",0.053,-0.015,0.038,-0.040,0.095,0.000,54,W,0,,,,446277,140.29,0
676,1560.310,"Mount",-0.101,0.006,-0.052,0.087,0.097,0.031,55,W,13,S,,,440507,129.95,0
677,1562.427,"Mount",0.037,-0.019,0.034,-0.024,0.092,0.000,53,W,0,,,,454104,150.58,0
678,1564.796,"Mount",0.094,-0.074,0.109,-0.050,0.144,0.000,82,W,0,,,,435037,144.59,0
679,1566.908,"Mount",0.052,-0.018,0.040,-0.038,0.088,0.000,50,W,0,,,,454588,152.04,0
680,1569.276,"Mount",-0.020,-0.008,-0.002,0.021,0.087,0.000,50,W,0,,,,444437,134.65,0
681,1571.391,"Mount",-0.004,0.037,-0.035,-0.014,0.076,0.000,43,W,0,,,,451916,150.97,0
682,1573.818,"Mount",0.073,0.006,0.028,-0.067,0.064,-0.024,37,W,10,N,,,444576,154.91,0
683,1575.963,"Mount",0.017,-0.073,0.073,0.018,0.079,0.000,45,W,0,,,,444189,130.07,0
684,1578.288,"Mount",-0.017,-0.082,0.065,0.053,0.065,0.000,37,W,0,,,,455838,147.91,0
685,1580.386,"Mount",-0.000,-0.025,0.022,0.012,0.017,0.000,10,W,0,,,,422393,139.08,0
686,1582.695,"Mount",-0.018,0.015,-0.021,0.009,0.001,0.000,0,,0,,,,458969,168.67,0
687,1584.842,"Mount",-0.069,0.062,-0.087,0.033,-0.043,0.000,25,E,0,,,,439532,144.06,0
688,1587.144,"Mount",-0.046,-0.037,0.012,0.058,-0.015,0.000,9,E,0,,,,430113,125.28,0
689,1589.356,"Mount",-0.143,0.035,-0.098,0.111,-0.083,0.040,48,E,17,S,,,446971,131.90,0
690,1591.755,"Mount",-0.078,0.050,-0.080,0.046,-0.079,0.000,45,E,0,,,,445767,148.84,0
691,1593.936,"Mount",-0.104,-0.007,-0.042,0.096,-0.040,0.034,23,E,15,S,,,459945,146.77,0
692,1596.337,"Mount",0.069,0.016,0.018,-0.068,-0.034,-0.023,19,E,10,N,,,467073,140.41,0
693,1598.468,"Mount",0.021,0.079,-0.061,-0.055,-0.044,0.000,25,E,0,,,,448736,132.72,0
694,1600.777,"Mount",0.018,0.022,-0.012,-0.026,-0.004,0.000,2,E,0,,,,432947,127.42,0
695,1602.898,"Mount",0.005,-0.007,0.008,-0.002,0.012,0.000,7,W,0,,,,437761,139.67,0
696,1605.360,"Mount",-0.038,-0.079,0.052,0.070,0.028,0.025,16,W,11,S,,,479891,158.13,0
697,1607.475,"Mount",-0.004,-0.007,0.004,0.007,0.042,0.000,24,W,0,,,,459071,148.87,0
698,1609.992,"Mount",-0.024,-0.228,0.191,0.127,0.145,0.046,83,W,20,S,,,462722,165.15,0
699,1612.292,"Mount",-0.099,-0.304,0.225,0.228,0.177,0.084,101,W,36,S,,,451471,141.24,0
700,1614.738,"Mount",-0.096,-0.167,0.104,0.163,0.147,0.062,84,W,26,S,,,452773,147.27,0
701,1616.934,"Mount",0.100,-0.129,0.160,-0.029,0.188,0.000,107,W,0,,,,439214,130.88,0
702,1619.426,"Mount",-0.035,-0.103,0.075,0.079,0.170,0.028,97,W,12,S,,,466046,157.64,0
703,1621.611,"Mount",0.008,-0.073,0.068,0.026,0.171,0.000,98,W,0,,,,463134,131.97,0
704,1624.089,"Mount",0.102,-0.100,0.136,-0.045,0.212,0.000,121,W,0,,,,433062,137.37,0
705,1626.302,"Mount",0.009,-0.099,0.092,0.038,0.179,0.000,102,W,0,,,,445834,132.42,0
706,1628.761,"Mount",-0.012,-0.162,0.138,0.086,0.197,0.031,112,W,13,S,,,434896,127.23,0
707,1630.957,"Mount",-0.002,-0.093,0.081,0.044,0.151,0.000,86,W,0,,,,434259,140.13,0
708,1633.342,"Mount",0.017,0.051,-0.038,-0.038,0.110,0.000,63,W,0,,,,415297,118.59,0
709,1635.488,"Mount",0.041,-0.003,0.022,-0.035,0.098,0.000,56,W,0,,,,446146,136.03,0
710,1637.953,"Mount",0.052,-0.088,0.102,-0.005,0.133,0.000,76,W,0,,,,454045,138.39,0
711,1640.166,"Mount",-0.057,-0.068,0.034,0.082,0.083,0.029,47,W,13,S,,,438007,125.29,0
712,1642.614,"Mount",-0.031,-0.101,0.075,0.075,0.111,0.028,63,W,12,S,,,454419,137.91,0
713,1644.798,"Mount",-0.012,-0.101,0.085,0.057,0.107,0.000,61,W,0,,,,425058,130.18,0
714,1647.139,"Mount",0.026,-0.033,0.041,-0.008,0.069,0.000,39,W,0,,,,455482,158.09,0
715,1649.354,"Mount",0.086,0.024,0.018,-0.087,0.046,-0.031,27,W,13,N,,,446091,125.52,0
716,1651.728,"Mount",0.024,-0.078,0.081,0.015,0.078,0.000,45,W,0,,,,455818,130.83,0
717,1653.928,"Mount",-0.095,-0.078,0.025,0.120,0.034,0.043,19,W,18,S,,,444817,147.48,0
718,1656.269,"Mount",-0.001,-0.047,0.041,0.023,0.017,0.000,9,W,0,,,,434592,132.59,0
719,1658.354,"Mount",0.034,-0.099,0.104,0.015,0.073,0.000,42,W,0,,,,454377,156.12,0
720,1660.750,"Mount",-0.043,-0.120,0.086,0.094,0.057,0.034,33,W,14,S,,,473056,167.11,0
721,1662.940,"Mount",0.009,-0.008,0.012,-0.004,0.015,0.000,8,W,0,,,,455535,158.95,0
722,1665.261,"Mount",0.062,-0.114,0.130,-0.003,0.065,0.000,37,W,0,,,,460577,161.66,0
723,1667.453,"Mount",-0.090,-0.117,0.062,0.134,0.030,0.048,17,W,21,S,,,450614,154.37,0
724,1669.841,"Mount",-0.049,-0.071,0.040,0.076,0.001,0.029,1,W,13,S,,,449677,131.28,0
725,1671.930,"Mount",0.024,-0.085,0.087,0.018,0.038,0.000,22,W,0,,,,418339,133.76,0
726,1674.349,"Mount",-0.035,-0.128,0.097,0.090,0.030,0.032,17,W,14,S,,,461972,152.95,0
727,1676.469,"Mount",0.058,-0.032,0.056,-0.037,-0.013,0.000,7,E,0,,,,458675,177.52,0
728,1678.837,"Mount",0.073,-0.032,0.062,-0.050,0.022,0.000,13,W,0,,,,474435,150.23,0
729,1680.906,"Mount",0.060,-0.106,0.121,-0.004,0.046,0.000,26,W,0,,,,443200,142.96,0
730,1683.255,"Mount",-0.001,-0.003,0.002,0.003,-0.004,0.000,2,E,0,,,,441353,136.39,0
731,1685.375,"Mount",0.080,0.041,0.000,-0.090,-0.001,-0.032,0,,14,N,,,442981,136.56,0
732,1687.855,"Mount",-0.073,-0.170,0.118,0.143,0.052,0.050,30,W,22,S,,,441706,132.70,0
733,1689.973,"Mount",-0.023,-0.015,0.002,0.027,0.002,0.000,1,W,0,,,,434892,133.00,0
734,1692.311,"Mount",-0.025,-0.032,0.017,0.037,-0.004,0.000,2,E,0,,,,426904,125.92,0
735,1694.460,"Mount",-0.022,0.002,-0.012,0.018,-0.009,0.000,5,E,0,,,,425636,151.10,0
736,1696.845,"Mount",-0.012,-0.007,0.001,0.014,-0.018,0.000,10,E,0,,,,452125,154.42,0
737,1698.963,"Mount",-0.003,0.014,-0.014,-0.004,-0.027,0.000,15,E,0,,,,459411,149.98,0
738,1701.347,"Mount",-0.062,0.057,-0.079,0.029,-0.072,0.000,41,E,0,,,,469432,163.32,0
739,1703.468,"Mount",0.038,-0.008,0.025,-0.030,-0.035,0.000,20,E,0,,,,447224,146.65,0
740,1705.971,"Mount",-0.062,-0.054,0.020,0.080,-0.037,0.029,21,E,12,S,,,434440,133.37,0
741,1708.169,"Mount",-0.015,-0.006,-0.001,0.016,-0.029,0.000,17,E,0,,,,455361,151.06,0
742,1710.537,"Mount",0.070,0.047,-0.010,-0.084,-0.024,-0.030,14,E,13,N,,,450982,154.65,0
743,1712.592,"Mount",0.005,0.061,-0.052,-0.033,-0.018,0.000,10,E,0,,,,438516,138.89,0
744,1714.882,"Mount",0.034,-0.030,0.042,-0.017,-0.012,0.000,7,E,0,,,,447754,155.61,0
745,1716.981,"Mount",0.048,-0.003,0.024,-0.041,-0.006,0.000,3,E,0,,,,448101,134.73,0
746,1719.271,"Mount",0.030,-0.040,0.050,-0.008,0.011,0.000,6,W,0,,,,436525,143.49,0
747,1721.394,"Mount",-0.002,-0.033,0.029,0.017,0.019,0.000,11,W,0,,,,433857,134.48,0
748,1723.734,"Mount",0.029,-0.085,0.089,0.013,0.071,0.000,40,W,0,,,,444453,150.91,0
749,1725.931,"Mount",-0.095,-0.083,0.030,0.122,0.040,0.044,23,W,19,S,,,450616,141.66,0
750,1728.269,"Mount",0.039,-0.089,0.097,0.007,0.094,0.000,54,W,0,,,,430980,124.61,0
751,1730.389,"Mount",0.048,-0.070,0.084,-0.010,0.092,0.000,53,W,0,,,,439870,134.61,0
752,1732.713,"Mount",0.056,0.009,0.018,-0.054,0.058,0.000,33,W,0,,,,411730,127.35,0
753,1734.848,"Mount",-0.027,0.019,-0.029,0.015,0.051,0.000,29,W,0,,,,426007,126.13,0
754,1737.230,"Mount",0.087,0.076,-0.028,-0.112,0.042,-0.040,24,W,17,N,,,445610,143.54,0
755,1739.322,"Mount",-0.004,-0.064,0.055,0.033,0.023,0.000,13,W,0,,,,437129,144.33,0
756,1741.646,"Mount",-0.023,0.006,-0.016,0.018,0.007,0.000,4,W,0,,,,444442,159.81,0
757,1743.797,"Mount",-0.081,-0.008,-0.030,0.076,-0.007,0.027,4,E,12,S,,,440547,130.46,0
758,1746.170,"Mount",-0.021,0.081,-0.081,-0.019,-0.067,0.000,38,E,0,,,,449133,143.92,0
759,1748.291,"Mount",-0.029,-0.045,0.027,0.046,-0.042,0.000,24,E,0,,,,467734,148.28,0
760,1750.617,"Mount",0.028,-0.001,0.014,-0.025,-0.064,0.000,37,E,0,,,,448222,140.02,0
761,1752.719,"Mount",-0.032,0.044,-0.054,0.008,-0.073,0.000,42,E,0,,,,462069,142.20,0
762,1755.151,"Mount",-0.120,0.005,-0.060,0.104,-0.093,0.037,53,E,16,S,,,444250,132.68,0
763,1757.348,"Mount",-0.049,0.074,-0.088,0.009,-0.143,0.000,82,E,0,,,,468832,156.43,0
764,1759.767,"Mount",-0.077,0.160,-0.177,-0.006,-0.192,0.000,110,E,0,,,,428147,149.40,0
765,1761.966,"Mount",-0.061,0.057,-0.079,0.028,-0.149,0.000,85,E,0,,,,456022,144.83,0
766,1764.408,"Mount",0.035,0.085,-0.059,-0.070,-0.120,-0.025,69,E,11,N,,,441502,154.87,0
767,1766.577,"Mount",-0.027,0.099,-0.100,-0.022,-0.164,0.000,94,E,0,,,,464663,146.18,0
768,1769.131,"Mount",-0.073,-0.007,-0.027,0.068,-0.124,0.024,71,E,10,S,,,445872,150.10,0
769,1771.298,"Mount",0.008,0.022,-0.016,-0.017,-0.117,0.000,67,E,0,,,,440613,145.82,0
770,1773.643,"Mount",-0.021,-0.008,-0.003,0.023,-0.117,0.000,67,E,0,,,,467451,198.48,0
771,1775.777,"Mount",0.042,-0.011,0.029,-0.032,-0.105,0.000,60,E,0,,,,465090,147.36,0
772,1778.116,"Mount",-0.041,0.026,-0.042,0.025,-0.094,0.000,54,E,0,,,,432365,135.20,0
773,1780.231,"Mount",-0.024,-0.080,0.060,0.058,-0.079,0.000,45,E,0,,,,440024,130.18,0
774,1782.571,"Mount",0.047,-0.036,0.053,-0.025,-0.066,0.000,38,E,0,,,,445432,129.89,0
775,1784.640,"Mount",0.039,-0.144,0.146,0.032,0.018,0.000,10,W,0,,,,425995,132.52,0
776,1786.944,"Mount",-0.040,-0.052,0.028,0.059,-0.038,0.000,22,E,0,,,,424663,128.88,0
777,1789.091,"Mount",-0.037,-0.081,0.055,0.070,-0.017,0.025,10,E,11,S,,,434817,134.03,0
778,1791.414,"Mount",0.030,0.041,-0.022,-0.045,-0.019,0.000,11,E,0,,,,436552,140.38,0
779,1793.563,"Mount",-0.135,-0.183,0.100,0.204,0.014,0.073,8,W,31,S,,,439937,156.15,0
780,1795.980,"Mount",-0.155,-0.123,0.038,0.194,-0.043,0.073,24,E,31,S,,,459766,146.93,0
781,1798.157,"Mount",-0.074,-0.072,0.030,0.099,-0.071,0.039,41,E,17,S,,,466278,138.90,0
782,1800.513,"Mount",0.010,-0.104,0.097,0.039,-0.054,0.000,31,E,0,,,,444421,134.66,0
783,1802.709,"Mount",-0.080,-0.041,-0.000,0.090,-0.113,0.032,65,E,14,S,,,464721,147.02,0
784,1805.190,"Mount",-0.111,-0.093,0.031,0.141,-0.141,0.052,80,E,22,S,,,432834,144.28,0
785,1807.453,"Mount",-0.085,-0.041,-0.003,0.095,-0.156,0.036,89,E,15,S,,,448658,168.72,0
786,1809.966,"Mount",-0.102,0.048,-0.090,0.068,-0.209,0.026,119,E,11,S,,,424299,151.10,0
787,1812.204,"Mount",-0.062,0.136,-0.149,-0.008,-0.239,0.000,137,E,0,,,,442870,138.01,0
788,1814.635,"Mount",0.051,0.018,0.008,-0.053,-0.179,0.000,102,E,0,,,,443794,129.64,0
789,1816.849,"Mount",-0.040,0.073,-0.083,0.001,-0.207,0.000,118,E,0,,,,443717,144.10,0
790,1819.298,"Mount",-0.081,0.152,-0.172,0.002,-0.248,0.000,142,E,0,,,,431222,138.50,0
791,1821.512,"Mount",-0.008,0.083,-0.078,-0.032,-0.193,0.000,111,E,0,,,,451513,146.26,0
792,1824.011,"Mount",-0.036,0.099,-0.104,-0.013,-0.222,0.000,127,E,0,,,,438138,139.85,0
793,1826.228,"Mount",-0.044,0.064,-0.077,0.010,-0.199,0.000,114,E,0,,,,453876,162.60,0
794,1828.720,"Mount",-0.114,0.084,-0.128,0.063,-0.242,0.023,138,E,10,S,,,479738,187.68,0
795,1831.042,"Mount",-0.122,0.080,-0.127,0.072,-0.246,0.027,140,E,11,S,,,488210,158.06,0
796,1833.431,"Mount",-0.049,0.008,-0.030,0.040,-0.205,0.000,117,E,0,,,,460553,148.38,0
797,1835.720,"Mount",-0.130,-0.054,-0.012,0.140,-0.205,0.050,117,E,22,S,,,435737,139.47,0
798,1838.168,"Mount",-0.025,0.014,-0.024,0.016,-0.215,0.000,123,E,0,,,,445764,160.44,0
799,1840.409,"Mount",-0.073,-0.031,-0.006,0.079,-0.205,0.028,117,E,12,S,,,445644,167.34,0
800,1842.889,"Mount",-0.019,-0.094,0.075,0.060,-0.171,0.023,98,E,10,S,,,414743,123.20,0
801,1845.098,"Mount",0.045,0.014,0.008,-0.046,-0.172,0.000,98,E,0,,,,446581,151.64,0
802,1847.624,"Mount",-0.061,-0.036,0.003,0.071,-0.158,0.025,90,E,11,S,,,452345,150.82,0
803,1849.819,"Mount",0.110,-0.063,0.106,-0.069,-0.066,-0.024,38,E,10,N,,,434570,151.32,0
804,1852.202,"Mount",-0.031,-0.090,0.065,0.069,-0.065,0.024,37,E,10,S,,,427218,133.72,0
805,1854.314,"Mount",0.006,0.008,-0.004,-0.009,-0.071,0.000,41,E,0,,,,444545,158.78,0
806,1856.553,"Mount",0.011,-0.138,0.127,0.054,-0.001,0.000,0,,0,,,,427356,156.38,0
807,1858.753,"Mount",-0.037,-0.085,0.058,0.073,-0.067,0.026,38,E,11,S,,,418091,141.64,0
808,1861.075,"Mount",0.016,0.007,0.001,-0.018,-0.065,0.000,37,E,0,,,,422209,130.87,0
809,1863.190,"Mount",0.050,-0.013,0.035,-0.038,-0.075,0.000,43,E,0,,,,444755,148.88,0
810,1865.509,"Mount",0.040,-0.065,0.077,-0.006,-0.049,0.000,28,E,0,,,,448914,134.30,0
811,1867.630,"Mount",0.022,0.029,-0.016,-0.033,-0.083,0.000,47,E,0,,,,448589,138.42,0
812,1870.061,"Mount",0.107,0.043,0.011,-0.114,-0.101,-0.041,58,E,18,N,,,439335,160.90,0
813,1872.215,"Mount",-0.013,-0.057,0.045,0.038,-0.095,0.000,54,E,0,,,,448339,140.11,0
814,1874.556,"Mount",0.008,-0.017,0.019,0.001,-0.070,0.000,40,E,0,,,,434740,133.09,0
815,1876.736,"Mount",-0.077,-0.009,-0.028,0.072,-0.058,0.026,33,E,11,S,,,464550,157.67,0
816,1879.095,"Mount",-0.015,0.047,-0.048,-0.009,-0.034,0.000,20,E,0,,,,428331,146.86,0
817,1881.340,"Mount",-0.081,-0.014,-0.024,0.079,-0.021,0.028,12,E,12,S,,,437671,158.92,0
818,1883.661,"Mount",-0.001,-0.064,0.056,0.030,-0.021,0.000,12,E,0,,,,458671,149.83,0
819,1885.793,"Mount",0.049,0.020,0.005,-0.052,-0.002,0.000,1,E,0,,,,466901,177.76,0
820,1888.082,"Mount",-0.007,0.017,-0.018,-0.001,0.009,0.000,5,W,0,,,,446902,143.36,0
821,1890.262,"Mount",0.064,0.042,-0.008,-0.076,0.024,-0.027,14,W,12,N,,,429796,147.99,0
822,1892.628,"Mount",-0.068,-0.016,-0.018,0.068,0.046,0.023,26,W,10,S,,,450428,148.42,0
823,1894.731,"Mount",-0.038,0.057,-0.068,0.007,0.026,0.000,15,W,0,,,,456568,144.50,0
824,1897.116,"Mount",0.027,0.000,0.012,-0.024,0.074,0.000,42,W,0,,,,434700,140.00,0
825,1899.265,"Mount",-0.029,-0.021,0.005,0.036,0.085,0.000,49,W,0,,,,418526,133.62,0
826,1901.666,"Mount",-0.010,0.019,-0.021,-0.000,0.097,0.000,55,W,0,,,,460161,157.24,0
827,1903.834,"Mount",0.021,-0.008,0.017,-0.014,0.098,0.000,56,W,0,,,,429502,138.64,0
828,1906.236,"Mount",0.032,-0.058,0.067,-0.002,0.132,0.000,75,W,0,,,,459567,165.64,0
829,1908.462,"Mount",-0.056,-0.100,0.063,0.096,0.128,0.035,73,W,15,S,,,453672,162.49,0
830,1910.834,"Mount",0.056,-0.015,0.039,-0.043,0.104,0.000,59,W,0,,,,440890,145.81,0
831,1915.280,"Mount",0.105,0.033,0.019,-0.108,0.138,-0.039,79,W,17,N,,,446719,171.28,0
832,1917.506,"Mount",0.103,-0.062,0.103,-0.063,0.144,-0.024,82,W,10,N,,,420409,132.80,0
INFO: SET LOCK POSITION, new lock pos = 575.253, 560.168
INFO: DITHER by -5.090, 13.463, new lock pos = 560.959, 558.487
INFO: SETTLING STATE CHANGE, Settling started
833,1928.550,"Mount",14.294,1.681,5.090,-13.463,5.090,-13.463,2910,W,5758,N,,,423282,124.29,0
834,1931.442,"Mount",-2.172,-1.453,0.290,2.597,0.130,0.935,75,W,400,S,,,437121,131.96,0
835,1933.733,"Mount",-0.458,-0.077,-0.143,0.442,-0.064,0.196,37,E,84,S,,,420155,130.63,0
836,1936.281,"Mount",0.637,0.488,-0.139,-0.790,-0.063,-0.277,36,E,118,N,,,456725,161.04,0
837,1938.493,"Mount",0.043,0.145,-0.109,-0.106,-0.049,-0.049,28,E,21,N,,,461420,148.51,0
838,1940.911,"Mount",-0.212,-0.168,0.052,0.266,0.023,0.094,13,W,40,S,,,428616,135.24,0
839,1943.110,"Mount",-0.206,-0.084,-0.020,0.222,-0.009,0.084,5,E,36,S,,,437692,139.51,0
840,1945.466,"Mount",-0.101,0.068,-0.107,0.058,-0.048,0.000,28,E,0,,,,441318,144.78,0
841,1947.710,"Mount",0.031,0.273,-0.228,-0.153,-0.103,-0.055,59,E,24,N,,,444618,128.43,0
842,1950.100,"Mount",-0.045,-0.155,0.117,0.112,0.053,0.038,30,W,16,S,,,429822,158.26,0
843,1952.347,"Mount",-0.026,-0.132,0.105,0.084,0.047,0.032,27,W,14,S,,,424502,127.44,0
844,1954.704,"Mount",0.058,0.108,-0.069,-0.101,0.003,-0.035,2,W,15,N,,,424818,133.20,0
845,1956.951,"Mount",0.234,-0.127,0.220,-0.149,0.148,-0.055,85,W,24,N,,,445776,131.09,0
846,1959.461,"Mount",-0.138,-0.258,0.165,0.242,0.142,0.085,81,W,36,S,,,458613,140.88,0
847,1961.737,"Mount",0.085,-0.163,0.184,0.000,0.170,0.000,97,W,0,,,,451236,130.88,0
848,1964.248,"Mount",-0.026,-0.223,0.186,0.126,0.194,0.046,111,W,19,S,,,436669,136.84,0
INFO: SETTLING STATE CHANGE, Settling complete
849,1966.522,"Mount",0.147,-0.096,0.153,-0.086,0.196,-0.029,112,W,13,N,,,455926,150.69,0
850,1968.987,"Mount",0.094,0.070,-0.019,-0.116,0.153,-0.043,87,W,18,N,,,406450,132.43,0
851,1971.264,"Mount",0.082,-0.017,0.053,-0.065,0.157,-0.025,90,W,11,N,,,451455,140.85,0
852,1973.708,"Mount",0.009,-0.113,0.104,0.045,0.207,0.000,118,W,0,,,,444998,130.83,0
853,1975.886,"Mount",-0.026,-0.044,0.027,0.043,0.147,0.000,84,W,0,,,,436978,140.92,0
854,1978.365,"Mount",-0.017,-0.106,0.087,0.064,0.175,0.023,100,W,10,S,,,402546,133.44,0
855,1980.533,"Mount",0.022,-0.014,0.022,-0.013,0.112,0.000,64,W,0,,,,445363,143.74,0
856,1983.000,"Mount",0.002,-0.076,0.069,0.033,0.131,0.000,75,W,0,,,,454870,159.56,0
857,1985.233,"Mount",-0.045,-0.077,0.048,0.076,0.090,0.027,51,W,12,S,,,431299,136.30,0
858,1987.593,"Mount",0.045,0.007,0.015,-0.043,0.084,0.000,48,W,0,,,,451040,128.07,0
859,1989.725,"Mount",0.008,0.031,-0.023,-0.021,0.078,0.000,45,W,0,,,,448135,135.92,0
860,1992.077,"Mount",-0.022,0.021,-0.029,0.010,0.072,0.000,41,W,0,,,,422709,131.46,0
861,1994.319,"Mount",0.101,-0.008,0.054,-0.086,0.070,-0.031,40,W,13,N,,,430278,141.14,0
862,1996.638,"Mount",-0.003,-0.022,0.018,0.013,0.069,0.000,40,W,0,,,,445447,137.46,0
863,1998.819,"Mount",-0.116,0.019,-0.070,0.094,0.025,0.034,14,W,14,S,,,424448,130.90,0
864,2001.266,"Mount",-0.104,0.022,-0.067,0.082,0.030,0.031,17,W,13,S,,,423893,152.46,0
865,2003.386,"Mount",-0.035,0.076,-0.084,-0.005,0.010,0.000,5,W,0,,,,428198,141.67,0
866,2005.785,"Mount",-0.023,-0.052,0.035,0.044,0.038,0.000,22,W,0,,,,413869,154.70,0
867,2007.997,"Mount",-0.026,0.054,-0.060,-0.002,0.027,0.000,16,W,0,,,,440027,135.49,0
868,2010.265,"Mount",-0.043,0.058,-0.072,0.011,-0.018,0.000,10,E,0,,,,428579,134.76,0
869,2012.421,"Mount",-0.053,0.094,-0.107,0.004,-0.042,0.000,24,E,0,,,,450222,139.91,0
870,2014.737,"Mount",-0.043,0.068,-0.080,0.007,-0.037,0.000,21,E,0,,,,414349,127.81,0
871,2016.824,"Mount",-0.054,-0.021,-0.007,0.058,-0.006,0.000,3,E,0,,,,441273,132.27,0
872,2019.107,"Mount",-0.032,0.024,-0.036,0.018,-0.009,0.000,5,E,0,,,,459124,156.80,0
873,2021.233,"Mount",-0.045,0.077,-0.089,0.005,-0.048,0.000,27,E,0,,,,440706,130.90,0
874,2023.525,"Mount",0.060,0.000,0.027,-0.053,-0.004,0.000,2,E,0,,,,428704,124.06,0
875,2025.691,"Mount",-0.014,0.110,-0.104,-0.038,-0.048,0.000,27,E,0,,,,408415,131.27,0
876,2027.944,"Mount",-0.013,0.056,-0.056,-0.014,-0.000,0.000,0,,0,,,,409471,119.10,0
877,2030.054,"Mount",-0.020,0.018,-0.026,0.009,0.002,0.000,1,W,0,,,,413497,130.59,0
878,2032.372,"Mount",-0.011,0.117,-0.108,-0.044,-0.045,0.000,26,E,0,,,,442761,164.18,0
879,2034.538,"Mount",-0.010,0.074,-0.070,-0.025,-0.028,0.000,16,E,0,,,,420411,145.92,0
880,2036.845,"Mount",-0.045,0.080,-0.092,0.003,-0.040,0.000,23,E,0,,,,426896,139.05,0
881,2038.890,"Mount",-0.000,0.024,-0.022,-0.011,-0.000,0.000,0,,0,,,,420130,141.69,0
882,2041.224,"Mount",-0.020,-0.059,0.043,0.046,-0.013,0.000,7,E,0,,,,427974,123.18,0
883,2043.343,"Mount",0.041,0.007,0.012,-0.039,-0.017,0.000,9,E,0,,,,446808,156.21,0
884,2045.616,"Mount",-0.016,-0.059,0.045,0.042,-0.016,0.000,9,E,0,,,,420166,136.55,0
885,2047.781,"Mount",-0.045,-0.016,-0.006,0.047,-0.021,0.000,12,E,0,,,,402784,132.88,0
886,2050.086,"Mount",-0.029,0.000,-0.013,0.026,-0.026,0.000,15,E,0,,,,377927,132.39,0
887,2052.219,"Mount",-0.033,-0.033,0.015,0.044,-0.027,0.000,15,E,0,,,,382539,144.99,0
888,2054.576,"Mount",-0.040,0.166,-0.166,-0.041,-0.106,0.000,60,E,0,,,,403172,173.98,0
889,2056.661,"Mount",-0.009,-0.049,0.039,0.030,-0.028,0.000,16,E,0,,,,391408,122.63,0
890,2059.032,"Mount",-0.055,-0.039,0.010,0.067,-0.024,0.024,14,E,10,S,,,382140,129.25,0
891,2061.121,"Mount",-0.037,0.005,-0.022,0.030,-0.022,0.000,13,E,0,,,,384590,131.06,0
892,2063.536,"Mount",-0.037,-0.153,0.119,0.103,0.039,0.037,22,W,16,S,,,397992,134.78,0
893,2065.611,"Mount",0.031,0.011,0.004,-0.032,-0.002,0.000,1,E,0,,,,407050,139.36,0
894,2067.902,"Mount",0.056,-0.003,0.029,-0.049,0.009,0.000,5,W,0,,,,418070,144.77,0
895,2070.023,"Mount",0.066,0.034,0.000,-0.074,0.019,-0.027,11,W,11,N,,,410280,133.99,0
896,2072.378,"Mount",0.058,-0.051,0.072,-0.028,0.064,0.000,36,W,0,,,,402429,146.74,0
897,2074.514,"Mount",0.019,-0.093,0.091,0.026,0.075,0.000,43,W,0,,,,419145,130.44,0
898,2076.868,"Mount",-0.026,-0.052,0.034,0.048,0.042,0.000,24,W,0,,,,415864,148.92,0
899,2078.981,"Mount",-0.012,-0.063,0.050,0.040,0.046,0.000,26,W,0,,,,406523,130.45,0
900,2081.393,"Mount",0.034,0.105,-0.078,-0.079,0.019,-0.028,11,W,12,N,,,412017,139.47,0
901,2083.528,"Mount",-0.057,0.042,-0.063,0.031,0.025,0.000,14,W,0,,,,425937,155.44,0
902,2085.948,"Mount",-0.094,-0.053,0.004,0.107,0.038,0.039,22,W,17,S,,,446592,135.31,0
903,2088.130,"Mount",-0.100,0.043,-0.084,0.069,-0.011,0.027,6,E,11,S,,,429566,136.06,0
904,2090.471,"Mount",-0.041,0.046,-0.059,0.015,0.015,0.000,9,W,0,,,,425038,143.99,0
905,2092.494,"Mount",0.004,-0.023,0.022,0.006,0.000,0.000,0,,0,,,,429583,122.71,0
906,2094.833,"Mount",-0.034,0.046,-0.056,0.009,-0.012,0.000,7,E,0,,,,458819,142.51,0
907,2096.965,"Mount",-0.038,0.063,-0.073,0.004,-0.065,0.000,37,E,0,,,,414222,126.34,0
908,2099.410,"Mount",0.061,0.043,-0.010,-0.074,-0.048,-0.027,28,E,11,N,,,438519,134.28,0
909,2101.654,"Mount",-0.109,0.025,-0.072,0.085,-0.102,0.029,58,E,13,S,,,462124,162.95,0
910,2104.121,"Mount",-0.060,0.169,-0.178,-0.025,-0.172,0.000,98,E,0,,,,421978,129.06,0
911,2106.305,"Mount",-0.087,0.069,-0.101,0.046,-0.147,0.000,84,E,0,,,,408997,140.90,0
912,2108.657,"Mount",-0.042,0.072,-0.083,0.004,-0.155,0.000,89,E,0,,,,447662,143.01,0
913,2110.820,"Mount",-0.023,0.108,-0.107,-0.029,-0.167,0.000,96,E,0,,,,417734,124.80,0
914,2113.236,"Mount",-0.046,0.054,-0.069,0.016,-0.162,0.000,93,E,0,,,,463877,145.62,0
915,2115.482,"Mount",-0.106,0.003,-0.051,0.093,-0.131,0.033,75,E,14,S,,,446240,139.69,0
916,2117.906,"Mount",-0.069,0.056,-0.081,0.036,-0.167,0.000,95,E,0,,,,437490,128.30,0
917,2120.136,"Mount",-0.086,0.020,-0.057,0.067,-0.122,0.024,70,E,10,S,,,433757,126.14,0
918,2122.601,"Mount",0.072,0.080,-0.038,-0.101,-0.118,-0.035,68,E,15,N,,,460238,145.57,0
919,2124.873,"Mount",0.170,0.020,0.060,-0.161,-0.082,-0.059,47,E,25,N,,,433419,132.81,0
920,2127.246,"Mount",0.033,-0.071,0.078,0.004,-0.060,0.000,34,E,0,,,,415645,148.90,0
921,2129.507,"Mount",-0.132,-0.254,0.164,0.234,0.004,0.084,2,W,36,S,,,434418,130.97,0
922,2131.844,"Mount",0.095,-0.051,0.089,-0.061,-0.015,-0.019,9,E,8,N,,,436174,138.77,0
923,2134.006,"Mount",0.192,-0.109,0.185,-0.120,0.042,-0.044,24,W,19,N,,,436512,138.55,0
924,2136.441,"Mount",0.079,0.021,0.018,-0.080,-0.026,-0.031,15,E,13,N,,,446420,138.44,0
925,2138.528,"Mount",0.024,-0.114,0.112,0.031,0.030,0.000,17,W,0,,,,459420,147.05,0
926,2140.946,"Mount",-0.080,-0.173,0.117,0.151,0.028,0.054,16,W,23,S,,,440374,176.38,0
927,2143.144,"Mount",0.008,-0.005,0.008,-0.005,-0.035,0.000,20,E,0,,,,454680,150.55,0
928,2145.510,"Mount",0.051,0.005,0.019,-0.047,-0.046,0.000,26,E,0,,,,436084,137.27,0
929,2147.608,"Mount",-0.003,0.040,-0.037,-0.016,-0.062,0.000,35,E,0,,,,445512,135.53,0
930,2150.008,"Mount",-0.064,0.093,-0.112,0.014,-0.138,0.000,79,E,0,,,,408872,120.48,0
931,2152.257,"Mount",0.015,0.108,-0.089,-0.063,-0.143,-0.023,82,E,10,N,,,413506,121.04,0
932,2154.655,"Mount",-0.064,0.084,-0.104,0.018,-0.185,0.000,106,E,0,,,,430031,138.00,0
933,2156.829,"Mount",-0.008,0.037,-0.036,-0.010,-0.150,0.000,86,E,0,,,,437270,132.04,0
934,2159.238,"Mount",-0.040,0.038,-0.053,0.018,-0.170,0.000,97,E,0,,,,436008,147.16,0
935,2161.570,"Mount",-0.192,0.216,-0.281,0.071,-0.308,0.025,176,E,11,S,,,427938,127.84,0
936,2164.002,"Mount",-0.074,0.102,-0.125,0.019,-0.256,0.000,147,E,0,,,,421184,147.22,0
937,2166.326,"Mount",-0.158,0.120,-0.179,0.085,-0.269,0.031,154,E,13,S,,,432753,122.48,0
938,2168.762,"Mount",-0.056,0.121,-0.133,-0.006,-0.247,0.000,141,E,0,,,,443366,134.38,0
939,2170.978,"Mount",-0.009,0.040,-0.040,-0.010,-0.179,0.000,102,E,0,,,,440561,128.60,0
940,2173.508,"Mount",-0.024,0.254,-0.237,-0.096,-0.292,-0.035,167,E,15,N,,,436485,148.47,0
941,2175.737,"Mount",-0.009,0.115,-0.107,-0.046,-0.238,0.000,136,E,0,,,,411915,125.04,0
942,2178.217,"Mount",-0.105,0.101,-0.138,0.047,-0.258,0.000,147,E,0,,,,433438,142.32,0
943,2180.474,"Mount",-0.090,-0.023,-0.021,0.090,-0.198,0.033,113,E,14,S,,,439594,151.81,0
944,2182.941,"Mount",-0.049,0.087,-0.100,0.003,-0.251,0.000,143,E,0,,,,435756,123.08,0
945,2185.249,"Mount",0.009,0.157,-0.135,-0.080,-0.259,-0.029,148,E,12,N,,,411027,127.71,0
946,2187.726,"Mount",-0.061,-0.160,0.113,0.128,-0.149,0.045,85,E,19,S,,,443251,138.01,0
947,2189.967,"Mount",0.026,-0.026,0.035,-0.011,-0.181,0.000,104,E,0,,,,427019,146.59,0
948,2192.431,"Mount",-0.043,-0.051,0.025,0.062,-0.176,0.022,100,E,9,S,,,417421,134.91,0
949,2194.725,"Mount",-0.073,-0.057,0.017,0.091,-0.150,0.034,86,E,14,S,,,412887,135.69,0
950,2197.098,"Mount",0.072,-0.170,0.184,0.014,-0.061,0.000,35,E,0,,,,441003,144.56,0
951,2199.249,"Mount",0.033,-0.020,0.033,-0.020,-0.121,0.000,69,E,0,,,,459428,140.19,0
952,2201.666,"Mount",0.022,-0.079,0.080,0.017,-0.080,0.000,46,E,0,,,,420536,136.64,0
953,2203.850,"Mount",0.062,-0.021,0.047,-0.046,-0.097,0.000,55,E,0,,,,446266,138.42,0
954,2206.237,"Mount",0.052,-0.005,0.029,-0.044,-0.083,0.000,48,E,0,,,,443715,138.23,0
955,2208.448,"Mount",-0.080,-0.062,0.019,0.099,-0.066,0.036,38,E,15,S,,,436272,130.69,0
956,2210.867,"Mount",-0.062,-0.065,0.029,0.085,-0.071,0.032,41,E,14,S,,,437855,126.73,0
957,2213.065,"Mount",0.102,-0.026,0.070,-0.078,-0.038,-0.027,22,E,11,N,,,427425,134.21,0
958,2215.436,"Mount",0.016,0.059,-0.044,-0.041,-0.084,0.000,48,E,0,,,,453653,176.09,0
959,2217.584,"Mount",-0.003,-0.013,0.010,0.008,-0.081,0.000,46,E,0,,,,424162,124.42,0
960,2219.985,"Mount",-0.027,-0.050,0.031,0.047,-0.086,0.000,49,E,0,,,,420663,138.27,0
961,2222.201,"Mount",0.045,-0.026,0.043,-0.028,-0.077,0.000,44,E,0,,,,435839,126.72,0
962,2224.509,"Mount",0.036,-0.088,0.094,0.009,-0.022,0.000,13,E,0,,,,452161,151.91,0
963,2226.582,"Mount",0.059,-0.112,0.126,-0.001,0.003,0.000,2,W,0,,,,414157,131.22,0
964,2228.889,"Mount",-0.010,-0.061,0.050,0.037,-0.044,0.000,25,E,0,,,,431045,142.54,0
965,2230.994,"Mount",0.010,-0.095,0.088,0.035,0.007,0.000,4,W,0,,,,460593,185.48,0
966,2233.365,"Mount",0.142,-0.086,0.142,-0.086,0.043,-0.031,25,W,13,N,,,449794,159.40,0
967,2235.471,"Mount",0.034,-0.120,0.122,0.025,0.052,0.000,30,W,0,,,,429752,126.38,0
968,2237.813,"Mount",0.026,-0.137,0.134,0.040,0.075,0.000,43,W,0,,,,415886,120.00,0
969,2239.940,"Mount",0.099,-0.071,0.108,-0.055,0.080,0.000,46,W,0,,,,420706,123.16,0
970,2242.328,"Mount",0.055,-0.113,0.126,0.003,0.110,0.000,63,W,0,,,,459193,144.71,0
971,2244.491,"Mount",0.130,-0.156,0.198,-0.043,0.160,0.000,91,W,0,,,,448719,159.39,0
972,2246.975,"Mount",0.022,-0.288,0.266,0.114,0.208,0.041,119,W,18,S,,,413475,123.89,0
973,2249.218,"Mount",0.130,-0.160,0.201,-0.042,0.190,0.000,109,W,0,,,,443247,124.87,0
974,2251.604,"Mount",0.043,0.004,0.016,-0.040,0.109,0.000,63,W,0,,,,448106,171.98,0
975,2253.787,"Mount",0.013,-0.031,0.033,0.002,0.107,0.000,61,W,0,,,,432353,128.35,0
976,2256.186,"Mount",0.027,-0.043,0.050,-0.004,0.105,0.000,60,W,0,,,,446753,143.51,0
977,2258.353,"Mount",-0.049,-0.024,-0.001,0.054,0.101,0.000,58,W,0,,,,424608,139.22,0
978,2260.707,"Mount",-0.059,0.058,-0.078,0.025,0.065,0.000,37,W,0,,,,436795,145.36,0
979,2262.873,"Mount",0.026,0.033,-0.018,-0.038,0.097,0.000,55,W,0,,,,416265,132.32,0
980,2265.291,"Mount",-0.111,0.051,-0.096,0.075,0.055,0.027,32,W,12,S,,,426100,131.57,0
981,2267.445,"Mount",0.001,-0.022,0.020,0.009,0.092,0.000,53,W,0,,,,413857,128.34,0
982,2269.739,"Mount",-0.021,0.096,-0.095,-0.025,0.047,0.000,27,W,0,,,,421966,127.38,0
983,2271.892,"Mount",0.000,-0.008,0.008,0.003,0.072,0.000,41,W,0,,,,443450,133.76,0
984,2274.180,"Mount",-0.063,0.080,-0.100,0.019,0.010,0.000,6,W,0,,,,416734,151.79,0
985,2276.361,"Mount",-0.110,-0.028,-0.026,0.110,0.034,0.040,19,W,17,S,,,399802,130.15,0
986,2278.686,"Mount",-0.036,0.141,-0.141,-0.033,-0.055,0.000,32,E,0,,,,396799,134.32,0
987,2280.886,"Mount",0.014,0.217,-0.187,-0.112,-0.108,-0.040,62,E,17,N,,,398667,138.50,0
988,2283.289,"Mount",0.066,0.013,0.019,-0.065,-0.043,-0.025,24,E,11,N,,,407765,128.33,0
989,2285.425,"Mount",-0.041,0.005,-0.024,0.034,-0.050,0.000,28,E,0,,,,411779,127.29,0
990,2287.842,"Mount",-0.099,-0.080,0.025,0.125,-0.049,0.045,28,E,19,S,,,428297,154.36,0
991,2289.964,"Mount",-0.003,-0.040,0.034,0.021,-0.033,0.000,19,E,0,,,,422780,146.60,0
992,2292.287,"Mount",0.090,-0.057,0.092,-0.054,0.019,0.000,11,W,0,,,,411492,129.20,0
993,2294.472,"Mount",0.139,0.080,-0.007,-0.161,-0.012,-0.058,7,E,25,N,,,397806,125.29,0
994,2296.888,"Mount",-0.060,-0.108,0.068,0.103,0.032,0.035,19,W,15,S,,,397658,145.61,0
995,2299.121,"Mount",-0.065,-0.148,0.102,0.126,0.066,0.047,37,W,20,S,,,419591,138.22,0
996,2301.460,"Mount",0.047,-0.010,0.031,-0.037,0.036,0.000,21,W,0,,,,437004,147.83,0
997,2303.672,"Mount",0.133,-0.059,0.113,-0.091,0.101,-0.033,58,W,14,N,,,442285,132.90,0
998,2306.154,"Mount",0.130,-0.060,0.113,-0.088,0.119,-0.033,68,W,14,N,,,394318,125.14,0
999,2308.386,"Mount",-0.020,-0.125,0.102,0.076,0.128,0.026,73,W,11,S,,,405558,136.65,0
1000,2310.767,"Mount",0.064,-0.115,0.131,-0.003,0.165,0.000,95,W,0,,,,412361,138.87,0
1001,2312.945,"Mount",0.054,-0.035,0.056,-0.032,0.117,0.000,67,W,0,,,,420883,144.60,0
1002,2315.413,"Mount",-0.084,-0.063,0.017,0.103,0.144,0.037,83,W,16,S,,,380970,122.48,0
1003,2317.706,"Mount",-0.009,-0.126,0.108,0.067,0.205,0.025,117,W,11,S,,,390832,132.93,0
1004,2320.167,"Mount",0.083,0.030,0.012,-0.088,0.170,-0.031,97,W,13,N,,,385695,139.06,0
1005,2322.393,"Mount",0.106,-0.112,0.148,-0.042,0.233,0.000,133,W,0,,,,370417,137.23,0
1006,2324.968,"Mount",0.114,-0.067,0.112,-0.071,0.211,-0.025,121,W,11,N,,,349289,119.10,0
1007,2327.230,"Mount",0.224,0.029,0.077,-0.212,0.175,-0.077,100,W,33,N,,,363674,124.21,0
1008,2329.663,"Mount",0.066,-0.151,0.164,0.011,0.204,0.000,117,W,0,,,,355253,125.07,0
1009,2331.892,"Mount",-0.090,-0.037,-0.009,0.097,0.105,0.035,60,W,15,S,,,374667,137.31,0
1010,2334.275,"Mount",-0.044,-0.002,-0.018,0.040,0.101,0.000,57,W,0,,,,361413,121.49,0
1011,2336.387,"Mount",-0.045,0.003,-0.023,0.039,0.087,0.000,50,W,0,,,,390305,124.13,0
1012,2338.837,"Mount",-0.078,-0.064,0.021,0.099,0.080,0.036,46,W,15,S,,,389394,124.92,0
1013,2341.044,"Mount",-0.161,-0.065,-0.017,0.173,0.053,0.064,30,W,27,S,,,396456,151.32,0
1014,2343.463,"Mount",0.090,0.142,-0.084,-0.145,0.007,-0.050,4,W,21,N,,,384563,123.72,0
1015,2345.599,"Mount",-0.030,0.023,-0.034,0.016,0.045,0.000,26,W,0,,,,403668,121.07,0
1016,2347.936,"Mount",-0.082,0.062,-0.093,0.044,0.006,0.000,3,W,0,,,,383790,121.01,0
1017,2350.179,"Mount",-0.036,-0.091,0.064,0.074,0.079,0.027,45,W,11,S,,,417190,147.60,0
1018,2352.566,"Mount",-0.108,0.131,-0.166,0.035,-0.028,0.000,16,E,0,,,,410373,132.38,0
1019,2354.626,"Mount",-0.072,0.098,-0.120,0.018,-0.017,0.000,9,E,0,,,,414271,122.17,0
1020,2357.040,"Mount",-0.135,0.117,-0.166,0.066,-0.046,0.024,26,E,10,S,,,383594,125.36,0
1021,2359.269,"Mount",-0.170,0.055,-0.127,0.126,-0.039,0.046,22,E,20,S,,,350907,120.10,0
1022,2361.657,"Mount",-0.011,0.163,-0.150,-0.065,-0.071,-0.022,40,E,9,N,,,322524,111.51,0
1023,2363.745,"Mount",-0.025,0.042,-0.048,0.003,-0.009,0.000,5,E,0,,,,323793,121.91,0
1024,2366.132,"Mount",-0.088,0.021,-0.059,0.069,-0.022,0.025,13,E,11,S,,,245323,101.26,0
1025,2368.294,"Mount",0.140,0.039,0.030,-0.142,-0.019,-0.050,11,E,21,N,,,203181,96.02,0
1026,2370.529,"DROP",,,,,,,,,,,,,169352,83.68,7,"Star lost - mass changed"
1026,2370.582,"Mount",0.000,0.000,-0.011,0.000,-0.011,0.000,6,E,0,,,,203181,96.02,7
1027,2372.710,"DROP",,,,,,,,,,,,,160902,81.23,7,"Star lost - mass changed"
1027,2372.765,"Mount",0.000,0.000,-0.009,0.000,-0.009,0.000,5,E,0,,,,203181,96.02,7
1028,2375.228,"Mount",0.041,-0.126,0.131,0.022,0.046,0.000,26,W,0,,,,199271,91.59,0
1029,2377.409,"Mount",-0.168,-0.101,0.012,0.195,-0.010,0.070,5,E,30,S,,,215372,98.32,0
1030,2379.730,"Mount",0.038,0.033,-0.012,-0.049,-0.003,0.000,2,E,0,,,,201714,99.37,0
1031,2381.777,"DROP",,,,,,,,,,,,,185685,81.88,7,"Star lost - mass changed"
1031,2381.841,"Mount",0.000,0.000,-0.002,0.000,-0.002,0.000,1,E,0,,,,201714,99.37,7
1032,2384.338,"Mount",0.134,-0.053,0.109,-0.095,0.046,-0.034,26,W,15,N,,,181345,90.11,0
1033,2386.458,"Mount",0.025,-0.008,0.018,-0.018,-0.002,0.000,1,E,0,,,,227774,117.05,0
1034,2388.812,"Mount",-0.011,0.011,-0.015,0.005,-0.007,0.000,4,E,0,,,,197707,102.95,0
1035,2390.934,"Mount",0.054,-0.031,0.052,-0.034,-0.010,0.000,6,E,0,,,,170720,86.92,0
1036,2393.263,"Mount",0.034,-0.032,0.044,-0.015,-0.020,0.000,11,E,0,,,,253627,132.66,0
1037,2395.462,"Mount",-0.087,-0.058,0.011,0.104,-0.030,0.037,17,E,16,S,,,241667,101.87,0
1038,2397.821,"Mount",-0.006,0.013,-0.014,-0.001,-0.035,0.000,20,E,0,,,,206719,96.09,0
1039,2399.939,"Mount",-0.045,0.018,-0.036,0.031,-0.036,0.000,20,E,0,,,,283657,112.85,0
1040,2402.280,"Mount",0.007,-0.028,0.028,0.006,-0.035,0.000,20,E,0,,,,268676,100.55,0
1041,2404.407,"Mount",0.053,-0.141,0.150,0.018,0.036,0.000,21,W,0,,,,311771,123.15,0
1042,2406.776,"Mount",0.008,-0.032,0.032,0.007,-0.026,0.000,15,E,0,,,,328121,120.91,0
1043,2408.954,"Mount",0.064,-0.006,0.035,-0.054,-0.020,0.000,11,E,0,,,,347333,113.71,0
1044,2411.324,"Mount",-0.122,-0.099,0.032,0.154,-0.012,0.056,7,E,24,S,,,367825,127.42,0
1045,2413.428,"Mount",0.003,-0.061,0.055,0.025,-0.004,0.000,2,E,0,,,,298236,100.10,0
1046,2415.846,"Mount",-0.095,-0.226,0.157,0.188,0.075,0.068,43,W,29,S,,,332164,116.43,0
1047,2417.982,"Mount",-0.024,-0.094,0.072,0.064,0.045,0.026,26,W,11,S,,,379698,124.82,0
1048,2420.371,"Mount",0.063,-0.103,0.121,-0.008,0.079,0.000,45,W,0,,,,410231,133.32,0
1049,2422.571,"Mount",0.159,-0.105,0.166,-0.093,0.102,-0.034,58,W,14,N,,,402521,124.05,0
1050,2424.941,"Mount",0.035,-0.150,0.149,0.038,0.103,0.000,59,W,0,,,,422321,137.10,0
1051,2427.059,"Mount",-0.018,-0.044,0.030,0.036,0.038,0.000,22,W,0,,,,399504,138.75,0
1052,2429.413,"Mount",-0.010,-0.032,0.023,0.024,0.050,0.000,29,W,0,,,,406378,124.76,0
1053,2431.581,"Mount",-0.016,-0.035,0.024,0.030,0.047,0.000,27,W,0,,,,378250,121.85,0
1054,2433.937,"Mount",0.010,0.004,0.001,-0.011,0.040,0.000,23,W,0,,,,365667,117.96,0
1055,2436.152,"Mount",-0.079,-0.128,0.078,0.129,0.065,0.047,37,W,20,S,,,364391,140.81,0
1056,2438.461,"Mount",-0.023,0.031,-0.038,0.006,0.018,0.000,10,W,0,,,,343518,121.11,0
1057,2440.564,"Mount",-0.033,0.112,-0.115,-0.023,-0.050,0.000,29,E,0,,,,337611,127.05,0
1058,2442.902,"Mount",-0.020,0.023,-0.030,0.007,-0.012,0.000,7,E,0,,,,327200,116.56,0
1059,2445.069,"Mount",-0.106,0.089,-0.128,0.053,-0.091,0.000,52,E,0,,,,315298,116.39,0
1060,2447.582,"Mount",-0.138,0.111,-0.162,0.071,-0.133,0.026,76,E,11,S,,,311450,112.36,0
1061,2449.763,"Mount",-0.066,-0.014,-0.018,0.065,-0.075,0.024,43,E,10,S,,,361446,131.21,0
1062,2452.135,"Mount",-0.043,0.067,-0.079,0.007,-0.133,0.000,76,E,0,,,,329692,118.02,0
1063,2454.318,"Mount",-0.054,0.104,-0.118,0.000,-0.162,0.000,92,E,0,,,,307229,119.12,0
1064,2456.711,"Mount",-0.075,0.142,-0.161,0.001,-0.190,0.000,109,E,0,,,,260427,116.44,0
1065,2458.847,"Mount",-0.038,0.018,-0.033,0.025,-0.125,0.000,71,E,0,,,,261580,97.68,0
1066,2461.298,"Mount",-0.072,-0.069,0.028,0.096,-0.138,0.035,79,E,15,S,,,252390,99.24,0
1067,2463.544,"Mount",0.110,0.051,0.006,-0.121,-0.145,-0.042,83,E,18,N,,,237611,113.73,0
1068,2466.044,"Mount",-0.112,-0.029,-0.026,0.113,-0.130,0.039,75,E,17,S,,,235566,107.50,0
1069,2468.336,"Mount",-0.136,-0.088,0.016,0.161,-0.124,0.060,71,E,25,S,,,195757,91.69,0
1070,2470.818,"Mount",-0.006,-0.147,0.128,0.073,-0.056,0.029,32,E,12,S,,,178869,94.15,0
1071,2473.063,"Mount",-0.098,-0.020,-0.028,0.097,-0.091,0.036,52,E,15,S,,,196038,89.14,0
1072,2475.372,"Mount",-0.002,-0.106,0.093,0.050,-0.034,0.000,20,E,0,,,,263620,114.07,0
1073,2477.443,"Mount",0.031,-0.104,0.106,0.020,-0.004,0.000,2,E,0,,,,303641,125.78,0
1074,2479.849,"Mount",-0.024,-0.172,0.141,0.101,0.021,0.036,12,W,16,S,,,311457,120.42,0
1075,2482.002,"Mount",-0.152,-0.104,0.022,0.183,-0.029,0.067,17,E,29,S,,,294285,126.76,0
1076,2484.401,"Mount",-0.085,-0.117,0.065,0.130,0.008,0.049,4,W,21,S,,,344307,105.61,0
1077,2486.488,"Mount",0.009,-0.119,0.110,0.047,0.025,0.000,14,W,0,,,,360062,122.67,0
1078,2488.847,"Mount",-0.016,-0.049,0.036,0.037,-0.034,0.000,20,E,0,,,,385567,141.95,0
1079,2490.968,"Mount",0.004,0.010,-0.007,-0.008,-0.041,0.000,23,E,0,,,,365620,112.22,0
1080,2493.399,"Mount",0.013,0.113,-0.094,-0.064,-0.105,-0.023,60,E,10,N,,,417054,145.82,0
1081,2495.591,"Mount",-0.095,0.151,-0.178,0.014,-0.155,0.000,89,E,0,,,,437794,142.81,0
1082,2498.060,"Mount",-0.161,0.072,-0.138,0.110,-0.157,0.040,90,E,17,S,,,433606,140.54,0
1083,2500.273,"Mount",-0.011,0.092,-0.087,-0.032,-0.157,0.000,90,E,0,,,,426553,139.51,0
1084,2502.779,"Mount",0.051,0.121,-0.083,-0.101,-0.177,-0.036,101,E,16,N,,,417406,140.36,0
1085,2504.950,"Mount",-0.036,-0.050,0.028,0.055,-0.153,0.000,87,E,0,,,,447652,148.16,0
1086,2507.394,"Mount",-0.079,-0.077,0.032,0.106,-0.171,0.038,98,E,16,S,,,389382,115.09,0
1087,2509.655,"Mount",-0.117,0.042,-0.091,0.084,-0.215,0.032,123,E,14,S,,,406417,130.35,0
1088,2512.137,"Mount",-0.118,0.147,-0.185,0.036,-0.269,0.000,154,E,0,,,,424764,143.35,0
1089,2514.394,"Mount",-0.141,0.255,-0.292,0.007,-0.303,0.000,173,E,0,,,,409199,134.12,0
1090,2516.845,"Mount",0.005,0.104,-0.090,-0.053,-0.229,0.000,131,E,0,,,,406245,124.45,0
1091,2519.179,"Mount",-0.111,0.070,-0.113,0.066,-0.241,0.024,138,E,10,S,,,396856,131.71,0
1092,2521.734,"Mount",-0.193,0.122,-0.197,0.115,-0.296,0.042,169,E,18,S,,,340696,110.76,0
1093,2524.022,"Mount",-0.061,0.130,-0.143,-0.006,-0.273,0.000,156,E,0,,,,323111,115.66,0
1094,2526.550,"Mount",-0.134,0.047,-0.103,0.097,-0.258,0.035,147,E,15,S,,,326185,122.33,0
1095,2528.810,"Mount",-0.170,0.060,-0.132,0.123,-0.266,0.046,152,E,19,S,,,353828,125.78,0
1096,2531.262,"Mount",0.027,0.010,0.004,-0.029,-0.211,0.000,121,E,0,,,,275939,117.47,0
1097,2533.522,"Mount",-0.007,-0.099,0.084,0.052,-0.159,0.000,91,E,0,,,,309899,99.43,0
1098,2536.066,"Mount",-0.141,-0.048,-0.022,0.147,-0.192,0.053,110,E,23,S,,,311462,112.24,0
1099,2538.359,"Mount",0.010,-0.001,0.005,-0.008,-0.172,0.000,98,E,0,,,,299614,108.30,0
1100,2540.748,"Mount",0.008,-0.006,0.009,-0.004,-0.166,0.000,95,E,0,,,,331180,116.47,0
1101,2542.902,"Mount",0.008,0.033,-0.025,-0.022,-0.135,0.000,77,E,0,,,,323504,110.11,0
1102,2545.360,"Mount",-0.098,-0.042,-0.008,0.106,-0.135,0.038,77,E,16,S,,,307079,111.63,0
1103,2547.537,"Mount",0.013,-0.057,0.056,0.015,-0.120,0.000,68,E,0,,,,329285,108.31,0
1104,2549.907,"Mount",0.045,-0.051,0.066,-0.016,-0.081,0.000,47,E,0,,,,317461,121.15,0
1105,2552.099,"Mount",0.054,0.018,0.009,-0.056,-0.101,0.000,58,E,0,,,,374375,166.38,0
1106,2554.482,"Mount",0.030,0.053,-0.033,-0.051,-0.089,0.000,51,E,0,,,,344195,125.67,0
1107,2556.587,"Mount",-0.002,-0.076,0.066,0.037,-0.055,0.000,32,E,0,,,,301825,113.30,0
1108,2558.893,"Mount",0.088,-0.106,0.135,-0.029,-0.029,0.000,17,E,0,,,,284822,124.42,0
1109,2561.043,"Mount",-0.001,0.034,-0.030,-0.015,-0.085,0.000,48,E,0,,,,275854,116.75,0
1110,2563.423,"Mount",-0.025,0.024,-0.033,0.011,-0.094,0.000,54,E,0,,,,248264,101.56,0
1111,2565.569,"Mount",-0.039,-0.027,0.006,0.047,-0.081,0.000,46,E,0,,,,272673,113.77,0
1112,2570.112,"Mount",-0.097,-0.115,0.057,0.139,-0.089,0.050,51,E,21,S,,,310891,118.34,0
1113,2572.456,"Mount",0.003,-0.054,0.050,0.022,-0.049,0.000,28,E,0,,,,300575,109.15,0
INFO: SET LOCK POSITION, new lock pos = 560.959, 558.487
INFO: DITHER by 10.977, 8.385, new lock pos = 558.571, 544.883
INFO: SETTLING STATE CHANGE, Settling started
1114,2584.430,"Mount",2.388,13.604,-10.977,-8.385,-10.977,-8.385,6276,E,3586,N,,,246486,97.93,0
1115,2586.723,"DROP",,,,,,,,,,,,,132489,69.53,7,"Star lost - mass changed"
1115,2586.782,"Mount",0.000,0.000,0.005,0.000,0.005,0.000,3,W,0,,,,246486,97.93,7
1116,2589.706,"Mount",-3.131,-0.781,-0.748,3.138,-0.337,1.130,192,E,483,S,,,156973,89.09,0
1117,2591.987,"DROP",,,,,,,,,,,,,98164,55.13,7,"Star lost - mass changed"
1117,2592.096,"Mount",0.000,0.000,0.106,0.000,0.106,0.000,60,W,0,,,,156973,89.09,7
1118,2594.179,"DROP",,,,,,,,,,,,,95902,58.30,7,"Star lost - mass changed"
1118,2594.289,"Mount",0.000,0.000,0.088,0.000,0.088,0.000,50,W,0,,,,156973,89.09,7
1119,2596.556,"DROP",,,,,,,,,,,,,72588,47.05,7,"Star lost - mass changed"
1119,2596.644,"Mount",0.000,0.000,0.100,0.000,0.100,0.000,57,W,0,,,,156973,89.09,7
1120,2598.762,"DROP",,,,,,,,,,,,,74695,44.84,7,"Star lost - mass changed"
1120,2598.877,"Mount",0.000,0.000,0.095,0.000,0.095,0.000,54,W,0,,,,156973,89.09,7
1121,2601.216,"DROP",,,,,,,,,,,,,53414,36.14,7,"Star lost - mass changed"
1121,2601.341,"Mount",0.000,0.000,0.108,0.000,0.108,0.000,61,W,0,,,,156973,89.09,7
1122,2603.410,"DROP",,,,,,,,,,,,,52044,38.61,7,"Star lost - mass changed"
1122,2603.552,"Mount",0.000,0.000,0.100,0.000,0.100,0.000,57,W,0,,,,156973,89.09,7
1123,2605.777,"DROP",,,,,,,,,,,,,50460,37.24,7,"Star lost - mass changed"
1123,2605.896,"Mount",0.000,0.000,0.110,0.000,0.110,0.000,63,W,0,,,,156973,89.09,7
1124,2608.252,"Mount",-0.437,0.832,-0.940,0.004,-0.423,0.000,242,E,0,,,,74676,47.18,0
1125,2610.561,"Mount",0.122,0.065,-0.002,-0.139,-0.001,-0.050,0,,21,N,,,64603,45.02,0
1126,2612.774,"Mount",0.022,0.173,-0.144,-0.099,-0.065,-0.038,37,E,16,N,,,79124,47.28,0
1127,2615.111,"Mount",-0.088,0.040,-0.076,0.060,-0.034,0.000,20,E,0,,,,63993,42.34,0
1128,2617.247,"Mount",0.051,-0.120,0.130,0.010,0.059,0.000,34,W,0,,,,65030,49.07,0
1129,2619.504,"DROP",,,,,,,,,,,,,33107,29.40,7,"Star lost - mass changed"
1129,2619.583,"Mount",0.000,0.000,0.036,0.000,0.036,0.000,21,W,0,,,,65030,49.07,7
1130,2621.680,"DROP",,,,,,,,,,,,,35996,29.42,7,"Star lost - mass changed"
1130,2621.746,"Mount",0.000,0.000,0.013,0.000,0.013,0.000,7,W,0,,,,65030,49.07,7
1131,2624.402,"Mount",-0.062,-0.695,0.589,0.376,0.265,0.135,151,W,58,S,,,46799,32.72,0
1132,2626.583,"Mount",-0.140,0.343,-0.369,-0.034,-0.166,0.000,95,E,0,,,,77719,46.37,0
1133,2629.047,"Mount",-0.174,0.333,-0.375,0.000,-0.169,0.000,97,E,0,,,,58119,43.64,0
1134,2631.083,"DROP",,,,,,,,,,,,,0,0.00,4,"Star lost - low HFD"
1134,2631.161,"Mount",0.000,0.000,-0.029,0.000,-0.029,0.000,17,E,0,,,,58119,43.64,4
1135,2633.573,"Mount",0.052,0.116,-0.079,-0.100,-0.036,-0.036,20,E,15,N,,,38990,30.39,0
1136,2635.592,"DROP",,,,,,,,,,,,,0,0.00,4,"Star lost - low HFD"
1136,2635.657,"Mount",0.000,0.000,-0.018,0.000,-0.018,0.000,10,E,0,,,,38990,30.39,4
1137,2638.202,"Mount",0.027,0.153,-0.123,-0.094,-0.074,-0.035,42,E,15,N,,,64801,42.07,0
1138,2640.482,"Mount",-0.203,-0.312,0.184,0.324,0.072,0.115,41,W,49,S,,,51829,44.31,0
1139,2643.023,"Mount",0.343,0.457,-0.248,-0.515,-0.111,-0.181,63,E,77,N,,,41666,32.29,0
1140,2645.219,"Mount",-0.136,-0.153,0.073,0.192,0.049,0.062,28,W,26,S,,,29482,27.92,0
1141,2647.870,"Mount",-0.837,-0.751,0.281,1.089,0.164,0.394,94,W,169,S,,,26958,24.94,0
1142,2650.130,"Mount",0.339,0.528,-0.312,-0.544,-0.082,-0.180,47,E,77,N,,,35474,28.30,0
1143,2652.641,"Mount",-0.471,0.490,-0.652,0.192,-0.214,0.062,122,E,26,S,,,68507,46.03,0
1144,2654.934,"Mount",-0.240,-0.323,0.176,0.362,0.178,0.133,102,W,57,S,,,45271,32.91,0
1145,2657.379,"Mount",0.256,0.165,-0.029,-0.304,0.123,-0.104,70,W,45,N,,,68227,49.59,0
1146,2659.630,"Mount",0.161,0.091,-0.007,-0.185,0.138,-0.071,79,W,30,N,,,65854,46.77,0
1147,2662.104,"Mount",-0.027,0.208,-0.197,-0.072,0.072,-0.029,41,W,12,N,,,66555,46.09,0
1148,2664.159,"DROP",,,,,,,,,,,,,0,0.00,4,"Star lost - low HFD"
INFO: SETTLING STATE CHANGE, Settling failed
1148,2664.399,"Mount",0.000,0.000,0.163,0.000,0.163,0.000,93,W,0,,,,66555,46.09,4
Guiding Ends at 2026-05-25 23:43:57

Guiding Begins at 2026-05-25 23:44:04
Equipment Profile = 60mmGuide
Dither = both axes, Dither scale = 1.000, Image noise reduction = none, Guide-frame time lapse = 0, Server enabled
Pixel scale = 3.22 arc-sec/px, Binning = 1, Focal length = 240 mm
Search region = 25 px, Star mass tolerance = 50.0%, Multi-star mode, list size = 4
 Camera = ZWO ASI120MM Mini, gain = 37, full size = 1280 x 960, have dark, dark dur = 2000, no defect map, pixel size = 3.8 um
Exposure = 2000 ms
Mount = iOptron CEM120,70,40,26, GEM, HEM, HAE, HAZ series and SkyHunter Mount (ASCOM), connected, guiding enabled, xAngle = -62.6, xRate = 1.750, yAngle = -152.7, yRate = 2.338, parity = +/-
Norm rates RA = 8.3"/s @ dec 0, Dec = 7.5"/s; ortho.err. = 0.1 deg
X guide algorithm = Predictive PEC, Control gain = 0.450
Prediction gain = 0.750
Minimum move = 0.060
Hyperparameters
	Length scale long range SE kernel = 700.000
	Signal variance long range SE kernel = 20.000
	Length scale periodic kernel = 10.000
	Signal variance periodic kernel = 20.000
	Length scale short range SE kernel = 25.000
	Signal variance short range SE kernel = 10.000
	Period length periodic kernel = 348.000
	FFT called after = 2.000 worm cycles
	Auto-adjust period length = Off
Y guide algorithm = Hysteresis, Hysteresis = 0.100, Aggression = 0.400, Minimum move = 0.060
Backlash comp = disabled, pulse = 100 ms
Max RA duration = 2500, Max DEC duration = 2500, DEC guide mode = Auto
RA Guide Speed = 7.5 a-s/s, Dec Guide Speed = 7.5 a-s/s, Cal Dec = 0.0, Last Cal Issue = None, Timestamp = 7/29/2025 9:33:42 PM
RA = 13.52 hr, Dec = 47.0 deg, Hour angle = 0.84 hr, Pier side = East, Rotator pos = N/A, Alt = 71.8 deg, Az = 331.7 deg
Lock position = 575.407, 930.850, Star position = 575.407, 930.850, HFD = 4.70 px
Frame,Time,mount,dx,dy,RARawDistance,DECRawDistance,RAGuideDistance,DECGuideDistance,RADuration,RADirection,DECDuration,DECDirection,XStep,YStep,StarMass,SNR,ErrorCode
INFO: SETTLING STATE CHANGE, Settling started
1,2.646,"Mount",0.032,-0.259,0.245,0.092,0.110,0.033,63,W,14,S,,,151865,66.67,0
2,4.907,"Mount",0.336,-0.275,0.399,-0.171,0.180,-0.060,103,W,26,N,,,174310,74.59,0
3,7.355,"Mount",0.072,-0.279,0.281,0.065,0.126,0.021,72,W,9,S,,,119350,66.55,0
4,9.629,"Mount",0.260,-0.309,0.394,-0.088,0.177,-0.031,101,W,13,N,,,152173,67.92,0
5,11.895,"DROP",,,,,,,,,,,,,2423,12.07,7,"Star lost - mass changed"
5,12.001,"Mount",0.000,0.000,0.091,0.000,0.091,0.000,52,W,0,,,,152173,67.92,7
6,14.096,"DROP",,,,,,,,,,,,,0,0.00,2,"Star lost - low SNR"
6,14.196,"Mount",0.000,0.000,0.069,0.000,0.069,0.000,40,W,0,,,,152173,67.92,2
7,16.480,"DROP",,,,,,,,,,,,,0,0.00,2,"Star lost - low SNR"
7,16.569,"Mount",0.000,0.000,0.056,0.000,0.056,0.000,32,W,0,,,,152173,67.92,2
8,18.731,"DROP",,,,,,,,,,,,,3003,13.10,7,"Star lost - mass changed"
8,18.812,"Mount",0.000,0.000,0.050,0.000,0.050,0.000,29,W,0,,,,152173,67.92,7
9,21.156,"DROP",,,,,,,,,,,,,0,0.00,4,"Star lost - low HFD"
9,21.311,"Mount",0.000,0.000,0.063,0.000,0.063,0.000,36,W,0,,,,152173,67.92,4
10,23.394,"DROP",,,,,,,,,,,,,3556,15.76,7,"Star lost - mass changed"
10,23.507,"Mount",0.000,0.000,0.055,0.000,0.055,0.000,32,W,0,,,,152173,67.92,7
11,25.779,"DROP",,,,,,,,,,,,,4434,18.98,7,"Star lost - mass changed"
11,25.864,"Mount",0.000,0.000,0.056,0.000,0.056,0.000,32,W,0,,,,152173,67.92,7
12,27.934,"DROP",,,,,,,,,,,,,4389,19.89,7,"Star lost - mass changed"
12,28.018,"Mount",0.000,0.000,0.036,0.000,0.036,0.000,21,W,0,,,,152173,67.92,7
13,30.367,"DROP",,,,,,,,,,,,,4273,18.96,7,"Star lost - mass changed"
13,30.436,"Mount",0.000,0.000,0.030,0.000,0.030,0.000,17,W,0,,,,152173,67.92,7
14,32.576,"DROP",,,,,,,,,,,,,1946,14.67,7,"Star lost - mass changed"
14,32.614,"Mount",0.000,0.000,0.016,0.000,0.016,0.000,9,W,0,,,,152173,67.92,7
15,35.009,"DROP",,,,,,,,,,,,,4585,21.59,7,"Star lost - mass changed"
15,35.077,"Mount",0.000,0.000,0.010,0.000,0.010,0.000,6,W,0,,,,152173,67.92,7
16,39.935,"Mount",-21.833,-10.786,-0.479,24.347,-0.216,8.764,123,E,2500,S,,,3754,18.98,0
17,47.307,"Mount",-32.384,-2.824,-12.405,30.030,-5.582,11.161,2500,E,2500,S,,,5388,25.40,0
18,52.492,"Mount",-22.504,-13.048,1.220,25.986,0.549,9.801,314,W,2500,S,,,3208,16.96,0
19,59.883,"Mount",-32.736,-2.001,-13.298,29.962,-5.984,11.178,2500,E,2500,S,,,3695,21.38,0
20,67.230,"Mount",-32.000,-2.063,-12.904,29.337,-5.807,11.009,2500,E,2500,S,,,7102,29.21,0
21,72.319,"Mount",-23.610,-12.733,0.431,26.821,0.194,10.096,111,W,2500,S,,,3225,17.58,0
22,79.659,"Mount",-33.798,-1.771,-13.991,30.797,-6.342,11.491,2500,E,2500,S,,,5250,22.79,0
23,87.039,"Mount",-45.535,-9.703,-12.355,44.871,-5.618,16.613,2500,E,2500,S,,,2797,15.36,0
24,92.693,"Mount",-33.861,-14.072,-3.101,36.532,-1.399,13.816,799,E,2500,S,,,3714,18.19,0
INFO: SETTLING STATE CHANGE, Settling failed
25,100.055,"Mount",-41.194,1.152,-19.991,36.008,-8.955,13.516,2500,E,2500,S,,,2868,16.33,0
26,107.456,"Mount",-32.619,-2.179,-13.086,29.941,-5.809,11.319,2500,E,2500,S,,,3467,18.49,0
27,114.789,"Mount",-32.153,-2.330,-12.737,29.596,-5.655,11.107,2500,E,2500,S,,,5254,22.90,0
28,120.671,"Mount",-32.582,-12.784,-3.655,34.804,-1.697,12.974,970,E,2500,S,,,4227,21.54,0
29,128.020,"Mount",-41.229,2.223,-20.958,35.546,-9.483,13.315,2500,E,2500,S,,,3385,19.69,0
30,135.398,"Mount",-32.942,-2.978,-12.526,30.596,-5.858,11.547,2500,E,2500,S,,,4981,25.09,0
31,142.765,"Mount",-33.209,-3.299,-12.364,30.981,-6.057,11.615,2500,E,2500,S,,,3044,17.11,0
32,150.117,"Mount",-32.710,-2.832,-12.549,30.322,-5.947,11.381,2500,E,2500,S,,,4193,21.90,0
33,152.387,"DROP",,,,,,,,,,,,,0,0.00,2,"Star lost - low SNR"
33,152.845,"Mount",0.000,0.000,-0.697,0.000,-0.697,0.000,398,E,0,,,,4193,21.90,2
34,160.009,"Mount",-40.666,2.394,-20.851,34.966,-9.492,13.043,2500,E,2500,S,,,4606,23.74,0
35,167.407,"Mount",-32.731,-3.013,-12.397,30.424,-5.562,11.474,2500,E,2500,S,,,4998,24.83,0
36,174.766,"Mount",-33.705,-2.344,-13.440,30.980,-5.981,11.612,2500,E,2500,S,,,4708,23.29,0
37,180.010,"Mount",-24.361,-11.183,-1.291,26.773,-0.691,10.103,395,E,2500,S,,,2828,14.47,0
38,187.365,"Mount",-32.680,-3.239,-12.173,30.484,-5.707,11.378,2500,E,2500,S,,,4164,21.72,0
39,194.699,"Mount",-54.251,-7.273,-18.526,51.481,-8.536,18.988,2500,E,0,,,,2295,13.74,0
Guiding Ends at 2026-05-25 23:47:19

Log Summary: calcnt:0 gcnt:8 gdur:5577 gacnt:0
Log closed at 2026-05-26 06:40:30
