----------------------------------------------------------------------
--------------N.I.N.A. - Nighttime Imaging 'N' Astronomy--------------
--------------------------Version 3.2.0.9001--------------------------
-------------------------2026-05-30T18:49:37--------------------------
----------------------------------------------------------------------
---------------------Microsoft Windows 10.0.19045---------------------
-------------------------OS Architecture X64--------------------------
-----------------------Process Architecture X64-----------------------
-----------------------------.NET 8.0.21------------------------------
----------------------------------------------------------------------
--------------------------Processor Count 4---------------------------
--------------------Total Physical Memory 7.84 GB---------------------
----------------------------------------------------------------------
DATE|LEVEL|SOURCE|MEMBER|LINE|MESSAGE
2026-05-30T18:49:37.3800|INFO|App.xaml.cs|OnStartup|170|Launched with command line arguments: --sequencefile C:\Users\nicka\Astro\NINA\NINA_Sequences\TargetScheduler.json --runsequence
2026-05-30T18:49:41.9043|INFO|CameraChooserVM.cs|GetEquipment|69|Found 2 ASI Cameras
2026-05-30T18:49:42.1452|INFO|CameraChooserVM.cs|GetEquipment|84|Found 0 Altair Cameras
2026-05-30T18:49:42.3856|INFO|CameraChooserVM.cs|GetEquipment|96|Found 0 Atik Cameras
2026-05-30T18:49:42.4725|INFO|CameraChooserVM.cs|GetEquipment|110|Found 0 FLI Cameras
2026-05-30T18:49:43.7039|INFO|CameraChooserVM.cs|GetEquipment|130|Found 0 QHYCCD Cameras
2026-05-30T18:49:44.1780|INFO|CameraChooserVM.cs|GetEquipment|158|Found 0 ToupTek Cameras
2026-05-30T18:49:44.3049|INFO|CameraChooserVM.cs|GetEquipment|173|Found 0 Ogma Cameras
2026-05-30T18:49:44.4604|INFO|CameraChooserVM.cs|GetEquipment|188|Found 0 Omegon Cameras
2026-05-30T18:49:45.1291|INFO|CameraChooserVM.cs|GetEquipment|203|Found 0 RisingCam Cameras
2026-05-30T18:49:45.2789|INFO|CameraChooserVM.cs|GetEquipment|218|Found 0 MallinCam Cameras
2026-05-30T18:49:45.4068|INFO|CameraChooserVM.cs|GetEquipment|243|Found 0 SVBony Cameras
2026-05-30T18:49:45.4100|INFO|CameraChooserVM.cs|GetEquipment|259|Found 0 SBIG Cameras
2026-05-30T18:49:54.0421|INFO|ApplicationVM.cs|CheckDiskInfo|100|Available Space on Drive C:\: 147.99 GB
2026-05-30T18:49:54.0486|INFO|ApplicationVM.cs|CheckDiskInfo|102|Drive E:\ is not ready
2026-05-30T18:49:54.0504|INFO|ApplicationVM.cs|CheckDiskInfo|100|Available Space on Drive G:\: 62.11 GB
2026-05-30T18:49:54.0599|INFO|ApplicationVM.cs|CheckDiskInfo|100|Available Space on Drive Z:\: 33.57 GB
2026-05-30T18:49:55.3842|INFO|API.cs|Start|99|Starting Webserver
2026-05-30T18:49:55.3867|INFO|API.cs|APITask|134|starting web server, listening at 172.19.6.111:1888
2026-05-30T18:49:55.5745|INFO|ApplicationVM.cs|CheckASCOMPlatformVersion|81|ASCOM Platform 6.6.2.4195 installed
2026-05-30T18:49:55.5985|INFO|NINALogWatcher.cs|Start|33|watching log file: C:\Users\nicka\AppData\Local\NINA\Logs\20260518-113114-3.2.0.9001.13004-202605.log
2026-05-30T18:49:55.6148|INFO|PluginLoader.cs|LoadPlugin|402|Successfully loaded plugin Advanced API version 2.2.15.1 by Christian Palm
2026-05-30T18:49:55.8048|INFO|PluginLoader.cs|LoadPlugin|402|Successfully loaded plugin Autofocus Report Analysis version 2.0.0.9 by Stefan Berg @isbeorn
2026-05-30T18:49:56.1349|INFO|PluginLoader.cs|LoadPlugin|402|Successfully loaded plugin Connector version 2.1.0.2 by Stefan Berg @isbeorn
2026-05-30T18:49:56.9855|INFO|PluginLoader.cs|LoadPlugin|402|Successfully loaded plugin Device Actions and Commands version 2.2.0.0 by Dale Ghent
2026-05-30T18:49:57.9647|INFO|PluginLoader.cs|LoadPlugin|402|Successfully loaded plugin Discord Alert version 2.2.0.0 by Drew McDermott
2026-05-30T18:49:59.9083|INFO|PluginLoader.cs|LoadPlugin|402|Successfully loaded plugin Discord Notification version 2.0.0.10 by Daniel Ludwig
2026-05-30T18:50:02.3214|INFO|DitherStatisticsVM.cs|CreatePluginIcon|1483|Plugin icon geometry created successfully
2026-05-30T18:50:02.3521|INFO|DitherStatisticsVM.cs|LoadDataTemplates|1452|DitherStatistics DataTemplates loaded successfully
2026-05-30T18:50:02.3562|INFO|DitherStatisticsVM.cs|SaveQualityAssessmentSetting|387|Quality Assessment setting saved to file: True
2026-05-30T18:50:02.3564|INFO|DitherStatisticsVM.cs|LoadQualityAssessmentSetting|364|Quality Assessment setting loaded from file: True
2026-05-30T18:50:02.3719|INFO|DitherStatisticsVM.cs|SaveDitherOptimizerSetting|490|Dither Optimizer setting saved to file: False
2026-05-30T18:50:02.3721|INFO|DitherStatisticsVM.cs|LoadDitherOptimizerSetting|471|Dither Optimizer setting loaded from file: False
2026-05-30T18:50:02.3725|INFO|DitherStatisticsVM.cs|SubscribeToGuiderEvents|834|Subscribed to NINA guider events
2026-05-30T18:50:02.3767|ERROR|DitherStatisticsVM.cs|GetThemeColor|1437|Failed to get theme color 'PrimaryBrush': The calling thread cannot access this object because a different thread owns it.
2026-05-30T18:50:02.3769|INFO|DitherStatisticsVM.cs|StartThemeColorMonitoring|1329|Initial PrimaryBrush color: R:255 G:255 B:255
2026-05-30T18:50:02.3770|INFO|DitherStatisticsVM.cs|.ctor|96|DitherStatisticsVM initialized successfully with ScottPlot 4.1 (Lazy Loading)!
2026-05-30T18:50:02.3774|INFO|DitherStatisticsVM.cs|StartThemeColorMonitoring|1338|Theme color monitoring timer started on UI thread
2026-05-30T18:50:02.3777|INFO|PluginLoader.cs|LoadPlugin|402|Successfully loaded plugin Dither Statistics version 1.3.0.0 by Thierry Tschanz
2026-05-30T18:50:02.5950|INFO|PluginLoader.cs|LoadPlugin|402|Successfully loaded plugin Filter Offset Calculator version 2.0.0.0 by S. Dimant & Stefan Berg
2026-05-30T18:50:02.8700|INFO|DitherStatisticsVM.cs|OnThemeColorTimerTick|1357|Theme color CHANGED! Old: R:255 G:255 B:255 -> New: R:176 G:179 B:185
2026-05-30T18:50:02.9365|INFO|PluginLoader.cs|LoadPlugin|402|Successfully loaded plugin Flexure Correction version 0.8.0.0 by Francesco Meschia
2026-05-30T18:50:02.9784|INFO|DitherStatisticsVM.cs|PixelShiftPlot|136|PixelShiftPlot created (lazy loading)
2026-05-30T18:50:03.0107|INFO|DitherStatisticsVM.cs|SettleTimePlot|177|SettleTimePlot created (lazy loading)
2026-05-30T18:50:04.3768|INFO|DitherStatisticsVM.cs|ConnectToPHD2|708|Attempting to connect to PHD2...
2026-05-30T18:50:04.3786|INFO|PHD2Client.cs|ConnectAsync|102|PHD2Client: Connecting to PHD2 at 127.0.0.1:4400...
2026-05-30T18:50:06.4278|ERROR|PHD2Client.cs|ConnectAsync|132|PHD2Client: Connection failed: No connection could be made because the target machine actively refused it.
2026-05-30T18:50:06.4284|INFO|DitherStatisticsVM.cs|OnPHD2ConnectionStatusChanged|737|PHD2 Connection Status: Connection failed: No connection could be made because the target machine actively refused it.
2026-05-30T18:50:06.6576|INFO|PluginLoader.cs|LoadPlugin|402|Successfully loaded plugin Ground Station version 3.0.0.117 by Dale Ghent
2026-05-30T18:50:12.5737|INFO|PluginLoader.cs|LoadPlugin|402|Successfully loaded plugin Hocus Focus version 3.0.0.26 by George Hilios (jokogeo)
2026-05-30T18:50:13.0747|INFO|PluginLoader.cs|LoadPlugin|402|Successfully loaded plugin Horizon Creator version 1.1.2.1 by Christian Palm
2026-05-30T18:50:13.3801|INFO|PluginLoader.cs|LoadPlugin|402|Successfully loaded plugin Lightbucket version 2.2.4.0 by Lightbucket
2026-05-30T18:50:14.8167|INFO|PluginLoader.cs|LoadPlugin|402|Successfully loaded plugin Livestack version 1.1.3.0 by Stefan Berg @isbeorn
2026-05-30T18:50:15.1113|INFO|PluginLoader.cs|LoadPlugin|402|Successfully loaded plugin Log Viewer version 1.0.0.2 by Alexander Wrede @astro_alex80
2026-05-30T18:50:15.3980|INFO|PluginLoader.cs|LoadPlugin|402|Successfully loaded plugin Moon Angle version 2.2.0.0 by Dale Ghent
2026-05-30T18:50:16.0066|INFO|SessionDatabase.cs|.ctor|34|NightSummary: Database path: C:\Users\nicka\AppData\Local\NINA\NightSummary\nightsummary.sqlite
2026-05-30T18:50:16.0068|INFO|SessionDatabase.cs|.ctor|35|NightSummary: Database exists: True
2026-05-30T18:50:16.0499|INFO|SessionService.cs|.ctor|123|NightSummary: SessionService created — messageBroker=True
2026-05-30T18:50:16.2702|INFO|NightSummaryPlugin.cs|.ctor|424|NightSummary: Plugin initialized successfully
2026-05-30T18:50:16.2768|INFO|SessionDatabase.cs|.ctor|34|NightSummary: Database path: C:\Users\nicka\AppData\Local\NINA\NightSummary\nightsummary.sqlite
2026-05-30T18:50:16.2770|INFO|SessionDatabase.cs|.ctor|35|NightSummary: Database exists: True
2026-05-30T18:50:16.2943|INFO|SessionService.cs|.ctor|123|NightSummary: SessionService created — messageBroker=True
2026-05-30T18:50:16.2967|INFO|PluginLoader.cs|LoadPlugin|402|Successfully loaded plugin Night Summary version 3.1.0.0 by Evan Pegors @sleepypuppy15
2026-05-30T18:50:16.7692|INFO|PluginLoader.cs|LoadPlugin|402|Successfully loaded plugin Phd2 Tools version 1.0.6.0 by Stefan Berg @isbeorn
2026-05-30T18:50:17.2502|INFO|PluginLoader.cs|LoadPlugin|402|Successfully loaded plugin PixInsight Tools version 1.0.0.3 by Stefan Berg
2026-05-30T18:50:18.3554|INFO|PluginLoader.cs|LoadPlugin|402|Successfully loaded plugin Point3D version 0.2.3.0 by Drew McDermott
2026-05-30T18:50:18.8565|INFO|StarfrontClient.cs|StartFolderWatcher|167|[Rockwood] Watching: C:\ASTROIMAGES\NINA\
2026-05-30T18:50:18.8602|INFO|PluginLoader.cs|LoadPlugin|402|Successfully loaded plugin Rockwood Starfront version 1.0.0.0 by Rockwood Observatory
2026-05-30T18:50:18.8604|INFO|StarfrontClient.cs|RunLoop|68|[Rockwood] connecting to wss://api.starfront.space:443/ws/scope?key=***
2026-05-30T18:50:19.0206|INFO|StarfrontClient.cs|RunLoop|71|[Rockwood] connected
2026-05-30T18:50:19.9379|INFO|PluginLoader.cs|LoadPlugin|402|Successfully loaded plugin Scope Control version 2.0.2.1 by Stefan Berg @isbeorn
2026-05-30T18:50:22.7217|WARNING|When.cs|GetRunningItem|143|Can't get running items: SequencerNavigation not initialized yet!
2026-05-30T18:50:22.9756|INFO|PluginLoader.cs|LoadPlugin|402|Successfully loaded plugin Sequencer Powerups version 3.29.0.9 by Marc Blank
2026-05-30T18:50:25.3970|WARNING|SequencerPlus.cs|GetRunningItem|150|Can't get running items: SequencerNavigation not initialized yet!
2026-05-30T18:50:26.0301|INFO|PluginLoader.cs|LoadPlugin|402|Successfully loaded plugin Sequencer+ version 3.29.0.12 by  Carl Björk (Elveteek Sàrl)
2026-05-30T18:50:27.2208|INFO|PluginLoader.cs|LoadPlugin|402|Successfully loaded plugin Session Metadata version 2.6.3.0 by Tom Palmer @tcpalmer
2026-05-30T18:50:27.3633|INFO|PluginLoader.cs|LoadPlugin|402|Successfully loaded plugin Shutdown PC version 2.2.0.0 by Dale Ghent
2026-05-30T18:50:27.7305|WARNING|When.cs|GetRunningItem|143|Can't get running items: SequencerNavigation not initialized yet!
2026-05-30T18:50:27.7546|INFO|PluginLoader.cs|LoadPlugin|402|Successfully loaded plugin SkyFlats version 1.0.0.4 by Gerald Hitz (@photon)
2026-05-30T18:50:28.4997|INFO|PluginLoader.cs|LoadPlugin|402|Successfully loaded plugin Smart Filters version 1.0.0.3 by Benoit SAINTOT
2026-05-30T18:50:30.4033|WARNING|SequencerPlus.cs|GetRunningItem|150|Can't get running items: SequencerNavigation not initialized yet!
2026-05-30T18:50:30.4049|WARNING|SequencerPlus.cs|GetRunningItem|150|Can't get running items: SequencerNavigation not initialized yet!
2026-05-30T18:50:30.4957|INFO|Plugin.cs|RunStationHeartbeatLoopAsync|987|[Subframes] TS not detected at startup - deferring first heartbeat to allow plugin load to complete.
2026-05-30T18:50:30.5015|INFO|SyncEngine.cs|Start|41|[Subframes] SyncEngine started.
2026-05-30T18:50:30.5036|INFO|CacheReplayEngine.cs|Start|101|[Subframes] CacheReplayEngine started.
2026-05-30T18:50:30.5072|INFO|Plugin.cs|.ctor|184|[Subframes] Plugin loaded (primary instance).
2026-05-30T18:50:30.5121|WARNING|Plugin.cs|OnImportsSatisfied|217|[Subframes] Sequence event subscription deferred - SequenceMediator internals not yet initialized.
2026-05-30T18:50:30.5188|WARNING|Plugin.cs|.ctor|125|[Subframes] Duplicate plugin instance created by MEF - proxying to primary to prevent duplicate sessions/sync.
2026-05-30T18:50:30.5210|INFO|PluginLoader.cs|LoadPlugin|402|Successfully loaded plugin Subframes version 0.4.4.0 by Subframes
2026-05-30T18:50:31.4184|INFO|PluginLoader.cs|LoadPlugin|402|Successfully loaded plugin Target Planning version 3.2.1.0 by Tom Palmer @tcpalmer
2026-05-30T18:50:32.7336|WARNING|When.cs|GetRunningItem|143|Can't get running items: SequencerNavigation not initialized yet!
2026-05-30T18:50:35.4060|WARNING|SequencerPlus.cs|GetRunningItem|150|Can't get running items: SequencerNavigation not initialized yet!
2026-05-30T18:50:35.4076|WARNING|SequencerPlus.cs|GetRunningItem|150|Can't get running items: SequencerNavigation not initialized yet!
2026-05-30T18:50:37.7348|WARNING|When.cs|GetRunningItem|143|Can't get running items: SequencerNavigation not initialized yet!
2026-05-30T18:50:38.4313|INFO|PluginLoader.cs|LoadPlugin|402|Successfully loaded plugin Target Scheduler version 5.9.0.0 by Tom Palmer @tcpalmer
2026-05-30T18:50:38.5061|INFO|Plugin.cs|TrySendStationHeartbeatDebounced|971|[Subframes] Firing station heartbeat [startup loop first tick].
2026-05-30T18:50:38.5154|INFO|TsProgressReader.cs|ReadProgressSnapshot|40|[Subframes] TS progress snapshot: DB not found at C:\Users\nicka\AppData\Local\NINA\SchedulerPlugin — Target Scheduler not installed or DB path mismatch.
2026-05-30T18:50:39.0541|INFO|PluginLoader.cs|LoadPlugin|402|Successfully loaded plugin Three Point Polar Alignment version 2.2.6.2 by Stefan Berg @isbeorn
2026-05-30T18:50:40.4081|WARNING|SequencerPlus.cs|GetRunningItem|150|Can't get running items: SequencerNavigation not initialized yet!
2026-05-30T18:50:40.4098|WARNING|SequencerPlus.cs|GetRunningItem|150|Can't get running items: SequencerNavigation not initialized yet!
2026-05-30T18:50:41.6913|INFO|SessionHistoryManager.cs|PurgeHistoryOlderThan|102|purging web session history older than 10 days
2026-05-30T18:50:41.7508|INFO|PluginLoader.cs|LoadPlugin|402|Successfully loaded plugin Web Session History Viewer version 2.2.1.0 by Tom Palmer @tcpalmer
2026-05-30T18:50:42.4176|INFO|PluginFetcher.cs|RequestAll|43|Fetching plugin manifests from https://nighttime-imaging.eu/wp-json/nina/v1/plugins/manifests
2026-05-30T18:50:42.5059|INFO|RotatorChooserVM.cs|GetEquipment|45|Found 1 Networked Rotator Rotators
2026-05-30T18:50:42.5331|INFO|FilterWheelChooserVM.cs|GetEquipment|167|Found 1 Networked Filter Wheel Filter Wheels
2026-05-30T18:50:42.9449|WARNING|When.cs|GetRunningItem|143|Can't get running items: SequencerNavigation not initialized yet!
2026-05-30T18:50:43.3137|INFO|Sequence2VM.cs|TryLoadSequenceFile|414|Loading sequence file: C:\Users\nicka\Astro\NINA\NINA_Sequences\TargetScheduler.json
2026-05-30T18:50:43.4391|INFO|CameraChooserVM.cs|GetEquipment|279|Found 0 SVBony Cameras
2026-05-30T18:50:43.5517|INFO|CameraChooserVM.cs|GetEquipment|279|Found 0 PlayerOne Cameras
2026-05-30T18:50:43.6277|INFO|CameraChooserVM.cs|GetEquipment|279|Found 0 ASTPAN Cameras
2026-05-30T18:50:43.6301|INFO|CameraChooserVM.cs|GetEquipment|293|Found 4 ASCOM Cameras
2026-05-30T18:50:44.2670|INFO|Sequence2VM.cs|TryLoadSequenceFile|420|Starting sequence from command line options
2026-05-30T18:50:44.2706|INFO|Sequence2VM.cs|StartSequence|543|Advanced Sequence starting
2026-05-30T18:50:44.5867|INFO|PluginFetcher.cs|RequestAll|57|Found 81 valid plugins at https://nighttime-imaging.eu/wp-json/nina/v1/plugins/manifests
2026-05-30T18:50:44.5995|INFO|RotatorChooserVM.cs|GetEquipment|68|Found 0 Alpaca Rotators
2026-05-30T18:50:45.2358|INFO|FlatDeviceChooserVM.cs|GetEquipment|67|Found 0 Alpaca Cover Calibrators
2026-05-30T18:50:45.7205|WARNING|SequencerPlus.cs|GetRunningItem|150|Can't get running items: SequencerNavigation not initialized yet!
2026-05-30T18:50:45.7209|INFO|SafetyMonitorChooserVM.cs|GetEquipment|71|Found 0 Alpaca Safety Monitors
2026-05-30T18:50:45.7219|WARNING|SequencerPlus.cs|GetRunningItem|150|Can't get running items: SequencerNavigation not initialized yet!
2026-05-30T18:50:45.7293|INFO|FilterWheelChooserVM.cs|GetEquipment|193|Found 0 Alpaca Filter Wheels
2026-05-30T18:50:45.7301|INFO|Plugin.cs|TrySubscribeSequenceEvents|243|[Subframes] ISequenceMediator.SequenceStarted not present in this NINA build - session will open on first captured image instead.
2026-05-30T18:50:45.7305|INFO|Plugin.cs|RetrySubscribeSequenceEventsAsync|279|[Subframes] Deferred sequence event subscription succeeded after 14s.
2026-05-30T18:50:45.7311|INFO|TelescopeChooserVM.cs|GetEquipment|69|Found 0 Alpaca Telescopes
2026-05-30T18:50:45.7311|INFO|SwitchChooserVM.cs|GetEquipment|71|Found 0 Alpaca Switch Hubs
2026-05-30T18:50:45.7335|INFO|WeatherDataChooserVM.cs|GetEquipment|69|Found 0 Alpaca Observing Conditions
2026-05-30T18:50:45.7355|INFO|DomeChooserVM.cs|GetEquipment|67|Found 0 Alpaca Domes
2026-05-30T18:50:45.7421|INFO|CameraChooserVM.cs|GetEquipment|305|Found 0 Alpaca Cameras
2026-05-30T18:50:45.7527|INFO|CameraChooserVM.cs|GetEquipment|318|Found 0 Canon Cameras
2026-05-30T18:50:45.8134|INFO|SequenceItem.cs|Run|208|Starting Category: * Instruction Set *, Container: NINA.Sequencer.Container.SequenceRootContainer, Strategy: SequentialStrategy, Items[CREATED]: 3, Triggers: Category: Ground Station, Item: Failures to Telegram
2026-05-30T18:50:45.9032|INFO|DockManagerVM.cs|InitializeAvalonDockLayout|366|Initializing imaging tab layout from C:\Users\nicka\AppData\Local\NINA\Profiles\0173997c-4bfa-48fd-9337-a48b6df99c38.dock.config
2026-05-30T18:50:45.9825|INFO|SequenceItem.cs|Run|208|Starting Category: * Instruction Set *, Container: NINA.Sequencer.Container.StartAreaContainer, Strategy: SequentialStrategy, Items[CREATED]: 1
2026-05-30T18:50:45.9834|INFO|SequenceItem.cs|Run|208|Starting Category: * Instruction Set *, Container: NINA.Sequencer.Container.SequentialContainer, Strategy: SequentialStrategy, Items[CREATED]: 11
2026-05-30T18:50:45.9839|INFO|SequenceItem.cs|Run|208|Starting Category: Ground Station, Item: Send to Pushover, Title: Start
2026-05-30T18:50:46.2392|INFO|SequenceItem.cs|Run|254|Finishing Category: Ground Station, Item: Send to Pushover, Title: Start
2026-05-30T18:50:46.4483|INFO|SequenceItem.cs|Run|208|Starting Category: Ground Station, Item: Send to Telegram
2026-05-30T18:50:47.1053|INFO|FocuserChooserVM.cs|GetEquipment|84|Found 0 Alpaca Focusers
2026-05-30T18:50:47.2239|INFO|SequenceItem.cs|Run|254|Finishing Category: Ground Station, Item: Send to Telegram
2026-05-30T18:50:47.2249|INFO|SequenceItem.cs|Run|208|Starting Category: Utility, Item: WaitForTime, Time: 20:17:53h, Offset: -80
2026-05-30T18:51:37.5968|INFO|TargetSchedulerDetector.cs|DoProbeAsync|177|[Subframes] TargetSchedulerDetector: state no_api → active
2026-05-30T18:51:37.5973|INFO|Plugin.cs|TrySendStationHeartbeatDebounced|971|[Subframes] Firing station heartbeat [TS state → active].
2026-05-30T18:51:37.5981|INFO|TsProgressReader.cs|ReadProgressDelta|75|[Subframes] TS progress delta: DB not found at C:\Users\nicka\AppData\Local\NINA\SchedulerPlugin — Target Scheduler not installed or DB path mismatch.
2026-05-30T18:51:37.5998|INFO|Plugin.cs|OnTsStateChanged|875|[Subframes] One-shot TS preview: waiting 120 s for TS to begin computing schedule.
2026-05-30T18:53:42.6571|WARNING|TsPreviewClient.cs|FetchPreviewAsync|161|[Subframes] TsPreviewClient.FetchPreviewAsync failed for profile '533M-AT60' (0173997c-4bfa-48fd-9337-a48b6df99c38): TaskCanceledException: The request was canceled due to the configured HttpClient.Timeout of 5 seconds elapsing.
2026-05-30T18:53:42.6574|INFO|Plugin.cs|OnTsStateChanged|881|[Subframes] One-shot TS preview initial fetch: 0 target block(s) with exposure plans.
2026-05-30T18:53:42.6574|INFO|Plugin.cs|OnTsStateChanged|887|[Subframes] One-shot TS preview: waiting 60 s for stabilization check (poll 1/5).
2026-05-30T18:53:42.6709|WARNING|TsPreviewClient.cs|FetchPreviewAsync|161|[Subframes] TsPreviewClient.FetchPreviewAsync failed for profile '533M-AT60' (0173997c-4bfa-48fd-9337-a48b6df99c38): TaskCanceledException: The request was canceled due to the configured HttpClient.Timeout of 5 seconds elapsing.
2026-05-30T18:53:42.6717|INFO|Plugin.cs|TrySendStationHeartbeatDebounced|971|[Subframes] Firing station heartbeat [TS profile selected].
2026-05-30T18:53:42.6720|INFO|TsProgressReader.cs|ReadProgressDelta|75|[Subframes] TS progress delta: DB not found at C:\Users\nicka\AppData\Local\NINA\SchedulerPlugin — Target Scheduler not installed or DB path mismatch.
2026-05-30T18:54:47.6793|WARNING|TsPreviewClient.cs|FetchPreviewAsync|161|[Subframes] TsPreviewClient.FetchPreviewAsync failed for profile '533M-AT60' (0173997c-4bfa-48fd-9337-a48b6df99c38): TaskCanceledException: The request was canceled due to the configured HttpClient.Timeout of 5 seconds elapsing.
2026-05-30T18:54:47.6794|INFO|Plugin.cs|OnTsStateChanged|894|[Subframes] One-shot TS preview poll 1: 0 target block(s) (previous: 0).
2026-05-30T18:54:47.6794|INFO|Plugin.cs|OnTsStateChanged|887|[Subframes] One-shot TS preview: waiting 60 s for stabilization check (poll 2/5).
2026-05-30T18:55:38.5913|INFO|TsProgressReader.cs|ReadProgressDelta|75|[Subframes] TS progress delta: DB not found at C:\Users\nicka\AppData\Local\NINA\SchedulerPlugin — Target Scheduler not installed or DB path mismatch.
2026-05-30T18:55:52.6880|WARNING|TsPreviewClient.cs|FetchPreviewAsync|161|[Subframes] TsPreviewClient.FetchPreviewAsync failed for profile '533M-AT60' (0173997c-4bfa-48fd-9337-a48b6df99c38): TaskCanceledException: The request was canceled due to the configured HttpClient.Timeout of 5 seconds elapsing.
2026-05-30T18:55:52.6881|INFO|Plugin.cs|OnTsStateChanged|894|[Subframes] One-shot TS preview poll 2: 0 target block(s) (previous: 0).
2026-05-30T18:55:52.6881|INFO|Plugin.cs|OnTsStateChanged|887|[Subframes] One-shot TS preview: waiting 60 s for stabilization check (poll 3/5).
2026-05-30T18:56:57.7085|WARNING|TsPreviewClient.cs|FetchPreviewAsync|161|[Subframes] TsPreviewClient.FetchPreviewAsync failed for profile '533M-AT60' (0173997c-4bfa-48fd-9337-a48b6df99c38): TaskCanceledException: The request was canceled due to the configured HttpClient.Timeout of 5 seconds elapsing.
2026-05-30T18:56:57.7086|INFO|Plugin.cs|OnTsStateChanged|894|[Subframes] One-shot TS preview poll 3: 0 target block(s) (previous: 0).
2026-05-30T18:56:57.7086|INFO|Plugin.cs|OnTsStateChanged|887|[Subframes] One-shot TS preview: waiting 60 s for stabilization check (poll 4/5).
2026-05-30T18:58:02.7379|WARNING|TsPreviewClient.cs|FetchPreviewAsync|161|[Subframes] TsPreviewClient.FetchPreviewAsync failed for profile '533M-AT60' (0173997c-4bfa-48fd-9337-a48b6df99c38): TaskCanceledException: The request was canceled due to the configured HttpClient.Timeout of 5 seconds elapsing.
2026-05-30T18:58:02.7382|INFO|Plugin.cs|OnTsStateChanged|894|[Subframes] One-shot TS preview poll 4: 0 target block(s) (previous: 0).
2026-05-30T18:58:02.7382|INFO|Plugin.cs|OnTsStateChanged|887|[Subframes] One-shot TS preview: waiting 60 s for stabilization check (poll 5/5).
2026-05-30T18:59:07.7490|WARNING|TsPreviewClient.cs|FetchPreviewAsync|161|[Subframes] TsPreviewClient.FetchPreviewAsync failed for profile '533M-AT60' (0173997c-4bfa-48fd-9337-a48b6df99c38): TaskCanceledException: The request was canceled due to the configured HttpClient.Timeout of 5 seconds elapsing.
2026-05-30T18:59:07.7491|INFO|Plugin.cs|OnTsStateChanged|894|[Subframes] One-shot TS preview poll 5: 0 target block(s) (previous: 0).
2026-05-30T18:59:07.7491|INFO|Plugin.cs|OnTsStateChanged|908|[Subframes] One-shot TS preview fetch complete (pre-session, 0 blocks, 0 targets with plans).
2026-05-30T18:59:07.7491|INFO|Plugin.cs|TrySendStationHeartbeatDebounced|971|[Subframes] Firing station heartbeat [one-shot TS preview].
2026-05-30T18:59:07.7494|INFO|TsProgressReader.cs|ReadProgressDelta|75|[Subframes] TS progress delta: DB not found at C:\Users\nicka\AppData\Local\NINA\SchedulerPlugin — Target Scheduler not installed or DB path mismatch.
2026-05-30T19:00:38.5928|INFO|TsProgressReader.cs|ReadProgressDelta|75|[Subframes] TS progress delta: DB not found at C:\Users\nicka\AppData\Local\NINA\SchedulerPlugin — Target Scheduler not installed or DB path mismatch.
2026-05-30T19:05:38.5927|INFO|TsProgressReader.cs|ReadProgressDelta|75|[Subframes] TS progress delta: DB not found at C:\Users\nicka\AppData\Local\NINA\SchedulerPlugin — Target Scheduler not installed or DB path mismatch.
2026-05-30T19:10:38.5933|INFO|TsProgressReader.cs|ReadProgressDelta|75|[Subframes] TS progress delta: DB not found at C:\Users\nicka\AppData\Local\NINA\SchedulerPlugin — Target Scheduler not installed or DB path mismatch.
2026-05-30T19:15:38.5924|INFO|TsProgressReader.cs|ReadProgressDelta|75|[Subframes] TS progress delta: DB not found at C:\Users\nicka\AppData\Local\NINA\SchedulerPlugin — Target Scheduler not installed or DB path mismatch.
2026-05-30T19:20:38.5925|INFO|TsProgressReader.cs|ReadProgressDelta|75|[Subframes] TS progress delta: DB not found at C:\Users\nicka\AppData\Local\NINA\SchedulerPlugin — Target Scheduler not installed or DB path mismatch.
2026-05-30T19:25:38.5920|INFO|TsProgressReader.cs|ReadProgressDelta|75|[Subframes] TS progress delta: DB not found at C:\Users\nicka\AppData\Local\NINA\SchedulerPlugin — Target Scheduler not installed or DB path mismatch.
2026-05-30T19:30:38.5924|INFO|TsProgressReader.cs|ReadProgressDelta|75|[Subframes] TS progress delta: DB not found at C:\Users\nicka\AppData\Local\NINA\SchedulerPlugin — Target Scheduler not installed or DB path mismatch.
2026-05-30T19:35:38.5922|INFO|TsProgressReader.cs|ReadProgressDelta|75|[Subframes] TS progress delta: DB not found at C:\Users\nicka\AppData\Local\NINA\SchedulerPlugin — Target Scheduler not installed or DB path mismatch.
2026-05-30T19:40:38.5924|INFO|TsProgressReader.cs|ReadProgressDelta|75|[Subframes] TS progress delta: DB not found at C:\Users\nicka\AppData\Local\NINA\SchedulerPlugin — Target Scheduler not installed or DB path mismatch.
2026-05-30T19:45:38.5918|INFO|TsProgressReader.cs|ReadProgressDelta|75|[Subframes] TS progress delta: DB not found at C:\Users\nicka\AppData\Local\NINA\SchedulerPlugin — Target Scheduler not installed or DB path mismatch.
2026-05-30T19:50:38.5920|INFO|TsProgressReader.cs|ReadProgressDelta|75|[Subframes] TS progress delta: DB not found at C:\Users\nicka\AppData\Local\NINA\SchedulerPlugin — Target Scheduler not installed or DB path mismatch.
2026-05-30T19:55:38.5924|INFO|TsProgressReader.cs|ReadProgressDelta|75|[Subframes] TS progress delta: DB not found at C:\Users\nicka\AppData\Local\NINA\SchedulerPlugin — Target Scheduler not installed or DB path mismatch.
2026-05-30T20:00:38.5925|INFO|TsProgressReader.cs|ReadProgressDelta|75|[Subframes] TS progress delta: DB not found at C:\Users\nicka\AppData\Local\NINA\SchedulerPlugin — Target Scheduler not installed or DB path mismatch.
2026-05-30T20:05:38.5926|INFO|TsProgressReader.cs|ReadProgressDelta|75|[Subframes] TS progress delta: DB not found at C:\Users\nicka\AppData\Local\NINA\SchedulerPlugin — Target Scheduler not installed or DB path mismatch.
2026-05-30T20:10:38.5928|INFO|TsProgressReader.cs|ReadProgressDelta|75|[Subframes] TS progress delta: DB not found at C:\Users\nicka\AppData\Local\NINA\SchedulerPlugin — Target Scheduler not installed or DB path mismatch.
2026-05-30T20:15:38.5921|INFO|TsProgressReader.cs|ReadProgressDelta|75|[Subframes] TS progress delta: DB not found at C:\Users\nicka\AppData\Local\NINA\SchedulerPlugin — Target Scheduler not installed or DB path mismatch.
2026-05-30T20:17:58.1170|INFO|SequenceItem.cs|Run|254|Finishing Category: Utility, Item: WaitForTime, Time: 20:17:53h, Offset: -80
2026-05-30T20:17:58.1176|INFO|SequenceItem.cs|Run|208|Starting Category: Ground Station, Item: Send to Telegram
2026-05-30T20:17:58.7741|INFO|SequenceItem.cs|Run|254|Finishing Category: Ground Station, Item: Send to Telegram
2026-05-30T20:17:58.7746|INFO|SequenceItem.cs|Run|208|Starting Category: Ground Station, Item: Send to Pushover, Title: Configure Equipment
2026-05-30T20:17:58.9557|INFO|SequenceItem.cs|Run|254|Finishing Category: Ground Station, Item: Send to Pushover, Title: Configure Equipment
2026-05-30T20:17:58.9575|INFO|SequenceItem.cs|Run|208|Starting Category: Connect, Item: ConnectAllEquipment
2026-05-30T20:17:58.9860|INFO|CameraChooserVM.cs|GetEquipment|69|Found 2 ASI Cameras
2026-05-30T20:17:59.0618|INFO|CameraChooserVM.cs|GetEquipment|84|Found 0 Altair Cameras
2026-05-30T20:17:59.0619|INFO|CameraChooserVM.cs|GetEquipment|96|Found 0 Atik Cameras
2026-05-30T20:17:59.0627|INFO|CameraChooserVM.cs|GetEquipment|110|Found 0 FLI Cameras
2026-05-30T20:17:59.0630|INFO|CameraChooserVM.cs|GetEquipment|130|Found 0 QHYCCD Cameras
2026-05-30T20:17:59.2170|INFO|CameraChooserVM.cs|GetEquipment|158|Found 0 ToupTek Cameras
2026-05-30T20:17:59.2223|INFO|CameraChooserVM.cs|GetEquipment|173|Found 0 Ogma Cameras
2026-05-30T20:17:59.2362|INFO|CameraChooserVM.cs|GetEquipment|188|Found 0 Omegon Cameras
2026-05-30T20:17:59.3877|INFO|CameraChooserVM.cs|GetEquipment|203|Found 0 RisingCam Cameras
2026-05-30T20:17:59.4017|INFO|CameraChooserVM.cs|GetEquipment|218|Found 0 MallinCam Cameras
2026-05-30T20:17:59.4031|INFO|CameraChooserVM.cs|GetEquipment|243|Found 0 SVBony Cameras
2026-05-30T20:17:59.4056|INFO|CameraChooserVM.cs|GetEquipment|259|Found 0 SBIG Cameras
2026-05-30T20:17:59.4061|INFO|CameraChooserVM.cs|GetEquipment|279|Found 0 SVBony Cameras
2026-05-30T20:17:59.4064|INFO|CameraChooserVM.cs|GetEquipment|279|Found 0 PlayerOne Cameras
2026-05-30T20:17:59.4146|INFO|CameraChooserVM.cs|GetEquipment|279|Found 0 ASTPAN Cameras
2026-05-30T20:17:59.4155|INFO|CameraChooserVM.cs|GetEquipment|293|Found 4 ASCOM Cameras
2026-05-30T20:18:01.4159|INFO|CameraChooserVM.cs|GetEquipment|305|Found 0 Alpaca Cameras
2026-05-30T20:18:01.4294|INFO|CameraChooserVM.cs|GetEquipment|318|Found 0 Canon Cameras
2026-05-30T20:18:01.5300|INFO|CameraVM.cs|Disconnect|650|Disconnected Camera
2026-05-30T20:18:02.1092|WARNING|ASICamera.cs|SetControlValue|568|Failed to set ASI Control Value ASI_WB_B with value 50
2026-05-30T20:18:02.1094|WARNING|ASICamera.cs|SetControlValue|568|Failed to set ASI Control Value ASI_WB_R with value 50
2026-05-30T20:18:02.1095|WARNING|ASICamera.cs|SetControlValue|568|Failed to set ASI Control Value ASI_GAMMA with value 50
2026-05-30T20:18:02.1096|WARNING|ASICamera.cs|SetControlValue|568|Failed to set ASI Control Value ASI_HIGH_SPEED_MODE with value 0
2026-05-30T20:18:02.1097|WARNING|ASICamera.cs|SetControlValue|568|Failed to set ASI Control Value ASI_OVERCLOCK with value 0
2026-05-30T20:18:02.1097|WARNING|ASICamera.cs|SetControlValue|568|Failed to set ASI Control Value ASI_PATTERN_ADJUST with value 0
2026-05-30T20:18:02.1111|WARNING|ASICamera.cs|SetControlValue|568|Failed to set ASI Control Value ASI_MONO_BIN with value 0
2026-05-30T20:18:02.1124|INFO|ASICamera.cs|Initialize|664|Camera ID: ASI533MM
2026-05-30T20:18:02.1279|WARNING|ASICamera.cs|SetControlValue|568|Failed to set ASI Control Value ASI_ANTI_DEW_HEATER with value 0
2026-05-30T20:18:02.2103|INFO|CameraVM.cs|ChooseCamera|455|Successfully connected Camera. Id: ZWOptical_ZWO ASI533MM Pro_ASI533MM Name: ZWO ASI533MM Pro DisplayName: ZWO ASI533MM Pro (ASI533MM)Driver Version: 1, 39, 0, 0
2026-05-30T20:18:02.7626|INFO|FilterWheelChooserVM.cs|GetEquipment|167|Found 1 Networked Filter Wheel Filter Wheels
2026-05-30T20:18:04.7636|INFO|FilterWheelChooserVM.cs|GetEquipment|193|Found 0 Alpaca Filter Wheels
2026-05-30T20:18:04.7960|INFO|FilterWheelVM.cs|Disconnect|333|Disconnected Filter Wheel
2026-05-30T20:18:08.4306|INFO|FilterWheelVM.cs|ChooseFW|279|Successfully connected Filter Wheel. Id: ASCOM.EFW2.FilterWheel Name: ZWO FilterWheel DisplayName: ZWO FilterWheel (ASCOM) Driver Version: 6.0
2026-05-30T20:18:12.2808|INFO|FocuserChooserVM.cs|GetEquipment|84|Found 0 Alpaca Focusers
2026-05-30T20:18:12.2904|INFO|FocuserVM.cs|Disconnect|441|Disconnected Focuser
2026-05-30T20:18:14.0638|ERROR|AscomDevice.cs|GetProperty|546|An unexpected exception occurred during GET of Focuser.StepSize: 
ASCOM.DriverException: The method or operation is not implemented.
 ---> System.NotImplementedException: The method or operation is not implemented.
   --- End of inner exception stack trace ---
   at ASCOM.Com.DriverAccess.DynamicAccess.CheckDotNetExceptions(String memberName, Exception e) in J:\ASCOMLibrary\ASCOM.Com\ASCOM.Com.DriverAccess\BaseClass\DynamicAccess.cs:line 278
   at ASCOM.Com.DriverAccess.DynamicAccess.TryGetMember(GetMemberBinder binder, Object& result) in J:\ASCOMLibrary\ASCOM.Com\ASCOM.Com.DriverAccess\BaseClass\DynamicAccess.cs:line 150
   at CallSite.Target(Closure, CallSite, Object)
   at System.Dynamic.UpdateDelegates.UpdateAndExecute1[T0,TRet](CallSite site, T0 arg0)
   at ASCOM.Com.DriverAccess.Focuser.get_StepSize() in J:\ASCOMLibrary\ASCOM.Com\ASCOM.Com.DriverAccess\Focuser.cs:line 159
   at System.RuntimeMethodHandle.InvokeMethod(Object target, Void** arguments, Signature sig, Boolean isConstructor)
   at System.Reflection.MethodBaseInvoker.InvokeWithNoArgs(Object obj, BindingFlags invokeAttr)
2026-05-30T20:18:14.2728|INFO|AscomDevice.cs|GetProperty|485|Retrying to GET Focuser.StepSize - Attempt 2 / 3
2026-05-30T20:18:14.2741|ERROR|AscomDevice.cs|GetProperty|546|An unexpected exception occurred during GET of Focuser.StepSize: 
ASCOM.DriverException: The method or operation is not implemented.
 ---> System.NotImplementedException: The method or operation is not implemented.
   --- End of inner exception stack trace ---
   at ASCOM.Com.DriverAccess.DynamicAccess.CheckDotNetExceptions(String memberName, Exception e) in J:\ASCOMLibrary\ASCOM.Com\ASCOM.Com.DriverAccess\BaseClass\DynamicAccess.cs:line 278
   at ASCOM.Com.DriverAccess.DynamicAccess.TryGetMember(GetMemberBinder binder, Object& result) in J:\ASCOMLibrary\ASCOM.Com\ASCOM.Com.DriverAccess\BaseClass\DynamicAccess.cs:line 150
   at CallSite.Target(Closure, CallSite, Object)
   at ASCOM.Com.DriverAccess.Focuser.get_StepSize() in J:\ASCOMLibrary\ASCOM.Com\ASCOM.Com.DriverAccess\Focuser.cs:line 159
   at InvokeStub_Focuser.get_StepSize(Object, Object, IntPtr*)
   at System.Reflection.MethodBaseInvoker.InvokeWithNoArgs(Object obj, BindingFlags invokeAttr)
2026-05-30T20:18:14.4750|INFO|AscomDevice.cs|GetProperty|485|Retrying to GET Focuser.StepSize - Attempt 3 / 3
2026-05-30T20:18:14.4772|ERROR|AscomDevice.cs|GetProperty|546|An unexpected exception occurred during GET of Focuser.StepSize: 
ASCOM.DriverException: The method or operation is not implemented.
 ---> System.NotImplementedException: The method or operation is not implemented.
   --- End of inner exception stack trace ---
   at ASCOM.Com.DriverAccess.DynamicAccess.CheckDotNetExceptions(String memberName, Exception e) in J:\ASCOMLibrary\ASCOM.Com\ASCOM.Com.DriverAccess\BaseClass\DynamicAccess.cs:line 278
   at ASCOM.Com.DriverAccess.DynamicAccess.TryGetMember(GetMemberBinder binder, Object& result) in J:\ASCOMLibrary\ASCOM.Com\ASCOM.Com.DriverAccess\BaseClass\DynamicAccess.cs:line 150
   at CallSite.Target(Closure, CallSite, Object)
   at ASCOM.Com.DriverAccess.Focuser.get_StepSize() in J:\ASCOMLibrary\ASCOM.Com\ASCOM.Com.DriverAccess\Focuser.cs:line 159
   at InvokeStub_Focuser.get_StepSize(Object, Object, IntPtr*)
   at System.Reflection.MethodBaseInvoker.InvokeWithNoArgs(Object obj, BindingFlags invokeAttr)
2026-05-30T20:18:14.4780|INFO|AscomDevice.cs|GetProperty|556|GET Focuser.StepSize failed - Returning last known value 0
2026-05-30T20:18:14.7224|INFO|FocuserVM.cs|ChooseFocuser|333|Successfully connected Focuser. Id: ASCOM.EAF.Focuser Name: ZWO Focuser DisplayName: ZWO Focuser (ASCOM) Driver Version: 6.0
2026-05-30T20:18:16.7271|INFO|TelescopeChooserVM.cs|GetEquipment|69|Found 0 Alpaca Telescopes
2026-05-30T20:18:16.8052|INFO|TelescopeVM.cs|Disconnect|740|Disconnected mount
2026-05-30T20:18:17.7959|INFO|AscomTelescope.cs|CheckMountTime|845|Mount UTC Time: 2026-05-31 01:18:16Z / System UTC Time: 2026-05-31 01:18:17Z; Difference: 1.795 seconds
2026-05-30T20:18:19.8310|ERROR|AscomTelescope.cs|CheckMountTime|869|Unexpected exception when trying to set UTCDate:
ASCOM.InvalidOperationException: UTCDate failed.
 ---> System.Runtime.InteropServices.COMException (0x8004040B): UTCDate failed.
   --- End of inner exception stack trace ---
   at ASCOM.Com.DriverAccess.DynamicAccess.CheckDotNetExceptions(String memberName, Exception e) in J:\ASCOMLibrary\ASCOM.Com\ASCOM.Com.DriverAccess\BaseClass\DynamicAccess.cs:line 205
   at ASCOM.Com.DriverAccess.DynamicAccess.TrySetMember(SetMemberBinder binder, Object value) in J:\ASCOMLibrary\ASCOM.Com\ASCOM.Com.DriverAccess\BaseClass\DynamicAccess.cs:line 105
   at CallSite.Target(Closure, CallSite, Object, DateTime)
   at System.Dynamic.UpdateDelegates.UpdateAndExecute2[T0,T1,TRet](CallSite site, T0 arg0, T1 arg1)
   at ASCOM.Com.DriverAccess.Telescope.set_UTCDate(DateTime value) in J:\ASCOMLibrary\ASCOM.Com\ASCOM.Com.DriverAccess\Telescope.cs:line 479
   at NINA.Equipment.Equipment.MyTelescope.AscomTelescope.CheckMountTime() in /_/NINA.Equipment/Equipment/MyTelescope/AscomTelescope.cs:line 851
2026-05-30T20:18:20.1135|INFO|TelescopeVM.cs|ChooseTelescope|535|Successfully connected mount. Id: ASCOM.iOptron2017.Telescope Name: iOptron CEM120,70,40,26, GEM, HEM, HAE, HAZ series and SkyHunter Mount DisplayName: iOptron CEM120,70,40,26, GEM, HEM, HAE, HAZ series and SkyHunter Mount (ASCOM) Driver Version: 9.15
2026-05-30T20:18:20.1257|INFO|PHD2Guider.cs|Connect|205|Connecting to PHD2 server at 127.0.0.1:4400
2026-05-30T20:18:27.3933|INFO|WeatherDataChooserVM.cs|GetEquipment|69|Found 0 Alpaca Observing Conditions
2026-05-30T20:18:27.4177|INFO|WeatherDataVM.cs|Disconnect|305|Disconnected Weather Device
2026-05-30T20:18:29.6542|INFO|PHD2Client.cs|ConnectAsync|118|PHD2Client: Connected successfully!
2026-05-30T20:18:29.6544|INFO|DitherStatisticsVM.cs|OnPHD2ConnectionStatusChanged|734|PHD2 Connection Status: Connected
2026-05-30T20:18:29.6545|INFO|DitherStatisticsVM.cs|ConnectToPHD2|713|Successfully connected to PHD2!
2026-05-30T20:18:29.6557|INFO|PHD2Client.cs|ReadEventsAsync|181|PHD2Client: Started reading events
2026-05-30T20:18:29.6743|INFO|PHD2Client.cs|HandleVersion|366|PHD2Client: Connected to PHD2 version 2.6.14. (Message Protocol v1)
2026-05-30T20:18:29.6751|INFO|PHD2Client.cs|ProcessEvent|257|PHD2: CalibrationComplete
2026-05-30T20:18:29.6759|INFO|PHD2Client.cs|HandleAppState|376|PHD2Client: PHD2 AppState: Stopped
2026-05-30T20:18:29.7853|INFO|AscomDevice.cs|GetProperty|527|Property ObservingConditions.SkyQuality GET is not implemented in this driver (SkyAlert Observing Conditions)
2026-05-30T20:18:29.7937|INFO|AscomDevice.cs|GetProperty|527|Property ObservingConditions.StarFWHM GET is not implemented in this driver (SkyAlert Observing Conditions)
2026-05-30T20:18:29.8069|INFO|WeatherDataVM.cs|ChooseWeatherData|150|Successfully connected Weather Device. Id: ASCOM.SkyAlert.ObservingConditions Name: SkyAlert Observing Conditions DisplayName: SkyAlert Observing Conditions (ASCOM) Driver Version: 1.7
2026-05-30T20:18:31.8090|INFO|SafetyMonitorChooserVM.cs|GetEquipment|71|Found 0 Alpaca Safety Monitors
2026-05-30T20:18:31.8233|INFO|SafetyMonitorVM.cs|Disconnect|221|Disconnected Safety Monitor
2026-05-30T20:18:32.5455|INFO|SafetyMonitorVM.cs|Connect|175|Successfully connected Safety Monitor. Id: ASCOM.GenericFile.SafetyMonitor Name: Generic File driver DisplayName: Generic File driver (ASCOM) Driver Version: 6.4
2026-05-30T20:18:32.5459|INFO|SequenceItem.cs|Run|254|Finishing Category: Connect, Item: ConnectAllEquipment
2026-05-30T20:18:32.5466|INFO|SequenceItem.cs|Run|208|Starting Category: Telescope, Item: FindHome
2026-05-30T20:18:32.5534|INFO|PHD2Guider.cs|StopGuiding|704|Phd2 - Stop Guiding skipped, as the app is already in state Stopped
2026-05-30T20:18:32.5554|INFO|TelescopeVM.cs|FindHome|292|Mount ordered to locate home position
2026-05-30T20:18:32.5579|INFO|TelescopeVM.cs|FindHome|336|Mount ordered to home but it is already at home
2026-05-30T20:18:32.5584|INFO|TelescopeVM.cs|FindHome|348|Mount has located its home position
2026-05-30T20:18:32.5593|INFO|SequenceItem.cs|Run|254|Finishing Category: Telescope, Item: FindHome
2026-05-30T20:18:32.5595|INFO|SequenceItem.cs|Run|208|Starting Category: Ground Station, Item: Send to Telegram
2026-05-30T20:18:33.1792|INFO|SequenceItem.cs|Run|254|Finishing Category: Ground Station, Item: Send to Telegram
2026-05-30T20:18:33.1795|INFO|SequenceItem.cs|Run|208|Starting Category: Ground Station, Item: Send to Pushover, Title: Cool
2026-05-30T20:18:33.3141|INFO|SequenceItem.cs|Run|254|Finishing Category: Ground Station, Item: Send to Pushover, Title: Cool
2026-05-30T20:18:33.3153|INFO|SequenceItem.cs|Run|208|Starting Category: Camera, Item: CoolCamera, Temperature: -5, Duration: 15
2026-05-30T20:18:33.3201|INFO|CameraVM.cs|CoolCamera|138|Cooling Camera. Target: -5 Duration: 00:15:00
2026-05-30T20:18:34.5508|INFO|SafetyMonitorVM.cs|UpdateMonitorValues|95|SafetyMonitorInfo state changed to Unsafe
2026-05-30T20:20:38.5932|INFO|TsProgressReader.cs|ReadProgressDelta|75|[Subframes] TS progress delta: DB not found at C:\Users\nicka\AppData\Local\NINA\SchedulerPlugin — Target Scheduler not installed or DB path mismatch.
2026-05-30T20:25:38.5917|INFO|TsProgressReader.cs|ReadProgressDelta|75|[Subframes] TS progress delta: DB not found at C:\Users\nicka\AppData\Local\NINA\SchedulerPlugin — Target Scheduler not installed or DB path mismatch.
2026-05-30T20:30:38.5935|INFO|TsProgressReader.cs|ReadProgressDelta|75|[Subframes] TS progress delta: DB not found at C:\Users\nicka\AppData\Local\NINA\SchedulerPlugin — Target Scheduler not installed or DB path mismatch.
2026-05-30T20:34:13.8196|INFO|SequenceItem.cs|Run|254|Finishing Category: Camera, Item: CoolCamera, Temperature: -5, Duration: 15
2026-05-30T20:34:13.8203|INFO|SequenceItem.cs|Run|208|Starting Category: Utility, Item: WaitForTime, Time: 21:22:53h, Offset: -15
2026-05-30T20:35:38.5923|INFO|TsProgressReader.cs|ReadProgressDelta|75|[Subframes] TS progress delta: DB not found at C:\Users\nicka\AppData\Local\NINA\SchedulerPlugin — Target Scheduler not installed or DB path mismatch.
2026-05-30T20:40:38.5917|INFO|TsProgressReader.cs|ReadProgressDelta|75|[Subframes] TS progress delta: DB not found at C:\Users\nicka\AppData\Local\NINA\SchedulerPlugin — Target Scheduler not installed or DB path mismatch.
2026-05-30T20:45:38.5931|INFO|TsProgressReader.cs|ReadProgressDelta|75|[Subframes] TS progress delta: DB not found at C:\Users\nicka\AppData\Local\NINA\SchedulerPlugin — Target Scheduler not installed or DB path mismatch.
2026-05-30T20:50:38.5933|INFO|TsProgressReader.cs|ReadProgressDelta|75|[Subframes] TS progress delta: DB not found at C:\Users\nicka\AppData\Local\NINA\SchedulerPlugin — Target Scheduler not installed or DB path mismatch.
2026-05-30T20:55:38.5931|INFO|TsProgressReader.cs|ReadProgressDelta|75|[Subframes] TS progress delta: DB not found at C:\Users\nicka\AppData\Local\NINA\SchedulerPlugin — Target Scheduler not installed or DB path mismatch.
2026-05-30T21:00:38.5930|INFO|TsProgressReader.cs|ReadProgressDelta|75|[Subframes] TS progress delta: DB not found at C:\Users\nicka\AppData\Local\NINA\SchedulerPlugin — Target Scheduler not installed or DB path mismatch.
2026-05-30T21:05:38.5933|INFO|TsProgressReader.cs|ReadProgressDelta|75|[Subframes] TS progress delta: DB not found at C:\Users\nicka\AppData\Local\NINA\SchedulerPlugin — Target Scheduler not installed or DB path mismatch.
2026-05-30T21:10:38.5919|INFO|TsProgressReader.cs|ReadProgressDelta|75|[Subframes] TS progress delta: DB not found at C:\Users\nicka\AppData\Local\NINA\SchedulerPlugin — Target Scheduler not installed or DB path mismatch.
2026-05-30T21:15:38.5925|INFO|TsProgressReader.cs|ReadProgressDelta|75|[Subframes] TS progress delta: DB not found at C:\Users\nicka\AppData\Local\NINA\SchedulerPlugin — Target Scheduler not installed or DB path mismatch.
2026-05-30T21:20:38.5928|INFO|TsProgressReader.cs|ReadProgressDelta|75|[Subframes] TS progress delta: DB not found at C:\Users\nicka\AppData\Local\NINA\SchedulerPlugin — Target Scheduler not installed or DB path mismatch.
2026-05-30T21:22:55.8727|INFO|SequenceItem.cs|Run|254|Finishing Category: Utility, Item: WaitForTime, Time: 21:22:53h, Offset: -15
2026-05-30T21:22:55.8819|INFO|SequenceItem.cs|Run|254|Finishing Category: * Instruction Set *, Container: NINA.Sequencer.Container.SequentialContainer, Strategy: SequentialStrategy, Items[FINISHED]: 11
2026-05-30T21:22:55.8825|INFO|SequenceItem.cs|Run|254|Finishing Category: * Instruction Set *, Container: NINA.Sequencer.Container.StartAreaContainer, Strategy: SequentialStrategy, Items[FINISHED]: 1
2026-05-30T21:22:55.8831|INFO|SequenceItem.cs|Run|208|Starting Category: * Instruction Set *, Container: NINA.Sequencer.Container.TargetAreaContainer, Strategy: SequentialStrategy, Items[CREATED]: 1
2026-05-30T21:22:55.8878|INFO|SequenceItem.cs|Run|208|Starting Category: * Instruction Set *, Container: NINA.Sequencer.Container.SequentialContainer, Strategy: SequentialStrategy, Items[CREATED]: 12, Conditions: Condition: TimeCondition, Time: 6:5:55h, Condition: TargetSchedulerCondition mode=While Targets Remain Tonight, , Triggers: Trigger: CenterAfterDriftTrigger, DistanceArcMinutes: 1Trigger: WhenUnsafeCategory: Ground Station, Item: Failures to TelegramCategory: Connect, Item: ReconnectOnDownloadFailureTrigger: AutofocusAfterHFRIncreaseTrigger, Amount: 5Trigger: MeridianFlipTriggerCategory: Powerups (Misc), Item: DIYTriggerCategory: Ground Station, Item: Failures to PushoverTrigger: AutofocusAfterTemperatureChangeTrigger, Amount: 1.5°
2026-05-30T21:22:55.8932|INFO|WhenCommon.cs|SequenceBlockInitialize|204|Initialize; starting watchdog
2026-05-30T21:22:55.9018|INFO|WhenUnsafe.cs|CheckSafe|77|IsSafe is now FALSE; connected = True, IsSafe = False
2026-05-30T21:22:55.9023|INFO|WhenCommon.cs|ShouldTrigger|378|ShouldTrigger TRUE from InterruptWhen, setting TriggerRunner
2026-05-30T21:22:55.9026|INFO|WhenCommon.cs|InterruptWhen|322|Interrupting current Instruction Set
2026-05-30T21:22:55.9096|INFO|WhenCommon.cs|InterruptWhen|332|Canceling sequence...
2026-05-30T21:22:56.9098|INFO|WhenCommon.cs|InterruptWhen|336|Delay 1000
2026-05-30T21:22:57.9092|INFO|WhenCommon.cs|InterruptWhen|336|Delay 1000
2026-05-30T21:22:58.9107|INFO|WhenCommon.cs|InterruptWhen|336|Delay 1000
2026-05-30T21:22:59.9108|INFO|WhenCommon.cs|InterruptWhen|336|Delay 1000
2026-05-30T21:23:00.9119|INFO|WhenCommon.cs|InterruptWhen|336|Delay 1000
2026-05-30T21:23:01.9125|INFO|WhenCommon.cs|InterruptWhen|336|Delay 1000
2026-05-30T21:23:02.9122|INFO|WhenCommon.cs|InterruptWhen|336|Delay 1000
2026-05-30T21:23:03.9138|INFO|WhenCommon.cs|InterruptWhen|336|Delay 1000
2026-05-30T21:23:04.9140|INFO|WhenCommon.cs|InterruptWhen|336|Delay 1000
2026-05-30T21:23:05.9141|INFO|WhenCommon.cs|InterruptWhen|336|Delay 1000
2026-05-30T21:23:06.9142|INFO|WhenCommon.cs|InterruptWhen|336|Delay 1000
2026-05-30T21:23:07.9158|INFO|WhenCommon.cs|InterruptWhen|336|Delay 1000
2026-05-30T21:23:08.9159|INFO|WhenCommon.cs|InterruptWhen|336|Delay 1000
2026-05-30T21:23:09.9159|INFO|WhenCommon.cs|InterruptWhen|336|Delay 1000
2026-05-30T21:23:10.9161|INFO|WhenCommon.cs|InterruptWhen|336|Delay 1000
2026-05-30T21:23:11.9161|INFO|WhenCommon.cs|InterruptWhen|336|Delay 1000
2026-05-30T21:23:12.9161|INFO|WhenCommon.cs|InterruptWhen|336|Delay 1000
2026-05-30T21:23:13.9167|INFO|WhenCommon.cs|InterruptWhen|336|Delay 1000
2026-05-30T21:23:14.9177|INFO|WhenCommon.cs|InterruptWhen|336|Delay 1000
2026-05-30T21:23:15.9183|INFO|WhenCommon.cs|InterruptWhen|336|Delay 1000
2026-05-30T21:23:16.9186|INFO|WhenCommon.cs|InterruptWhen|336|Delay 1000
2026-05-30T21:23:17.9195|INFO|WhenCommon.cs|InterruptWhen|336|Delay 1000
2026-05-30T21:23:18.9192|INFO|WhenCommon.cs|InterruptWhen|336|Delay 1000
2026-05-30T21:23:19.9193|INFO|WhenCommon.cs|InterruptWhen|336|Delay 1000
2026-05-30T21:23:20.9198|INFO|WhenCommon.cs|InterruptWhen|336|Delay 1000
2026-05-30T21:23:21.9204|INFO|WhenCommon.cs|InterruptWhen|336|Delay 1000
2026-05-30T21:23:22.9208|INFO|WhenCommon.cs|InterruptWhen|336|Delay 1000
2026-05-30T21:23:23.9208|INFO|WhenCommon.cs|InterruptWhen|336|Delay 1000
2026-05-30T21:23:24.9207|INFO|WhenCommon.cs|InterruptWhen|336|Delay 1000
2026-05-30T21:23:25.9207|INFO|WhenCommon.cs|InterruptWhen|336|Delay 1000
2026-05-30T21:23:26.9218|INFO|WhenCommon.cs|InterruptWhen|336|Delay 1000
2026-05-30T21:23:27.9210|INFO|WhenCommon.cs|InterruptWhen|336|Delay 1000
2026-05-30T21:23:28.9216|INFO|WhenCommon.cs|InterruptWhen|336|Delay 1000
2026-05-30T21:23:28.9918|INFO|WhenCommon.cs|SequenceBlockTeardown|198|Teardown; shutting down watchdog
2026-05-30T21:23:28.9943|INFO|Sequencer.cs|Start|85|Sequence run was cancelled
2026-05-30T21:23:29.0120|INFO|Sequence2VM.cs|StartSequence|548|Advanced Sequence finished
2026-05-30T21:23:29.9336|INFO|WhenCommon.cs|InterruptWhen|339|Sequence no longer running
2026-05-30T21:23:29.9358|WARNING|WhenCommon.cs|CheckSlewing|263|CheckSlewing, WhenUnsafe = True, Connected = True, CanSlew = True, info.Slewing = False
2026-05-30T21:23:29.9381|INFO|Sequence2VM.cs|StartSequence|543|Advanced Sequence starting
2026-05-30T21:23:30.0261|INFO|SequenceItem.cs|Run|208|Starting Category: * Instruction Set *, Container: NINA.Sequencer.Container.SequenceRootContainer, Strategy: SequentialStrategy, Items[CREATED]: 3, Triggers: Category: Ground Station, Item: Failures to Telegram
2026-05-30T21:23:30.0264|INFO|SequenceItem.cs|Run|208|Starting Category: * Instruction Set *, Container: NINA.Sequencer.Container.StartAreaContainer, Strategy: SequentialStrategy, Items[FINISHED]: 1
2026-05-30T21:23:30.0264|INFO|SequenceItem.cs|Run|254|Finishing Category: * Instruction Set *, Container: NINA.Sequencer.Container.StartAreaContainer, Strategy: SequentialStrategy, Items[FINISHED]: 1
2026-05-30T21:23:30.0265|INFO|SequenceItem.cs|Run|208|Starting Category: * Instruction Set *, Container: NINA.Sequencer.Container.TargetAreaContainer, Strategy: SequentialStrategy, Items[CREATED]: 1
2026-05-30T21:23:30.0266|INFO|SequenceItem.cs|Run|208|Starting Category: * Instruction Set *, Container: NINA.Sequencer.Container.SequentialContainer, Strategy: SequentialStrategy, Items[CREATED]: 12, Conditions: Condition: TimeCondition, Time: 6:5:55h, Condition: TargetSchedulerCondition mode=While Targets Remain Tonight, , Triggers: Trigger: CenterAfterDriftTrigger, DistanceArcMinutes: 1Trigger: WhenUnsafeCategory: Ground Station, Item: Failures to TelegramCategory: Connect, Item: ReconnectOnDownloadFailureTrigger: AutofocusAfterHFRIncreaseTrigger, Amount: 5Trigger: MeridianFlipTriggerCategory: Powerups (Misc), Item: DIYTriggerCategory: Ground Station, Item: Failures to PushoverTrigger: AutofocusAfterTemperatureChangeTrigger, Amount: 1.5°
2026-05-30T21:23:30.0270|INFO|WhenCommon.cs|SequenceBlockInitialize|204|Initialize; starting watchdog
2026-05-30T21:23:30.0419|INFO|WhenCommon.cs|ShouldTrigger|382|ShouldTrigger TRUE, setting TriggerRunner
2026-05-30T21:23:30.0439|INFO|SequenceTrigger.cs|Run|114|Starting Trigger: WhenUnsafe
2026-05-30T21:23:30.0543|INFO|WhenCommon.cs|Execute|395|Execute 0
2026-05-30T21:23:30.0545|INFO|WhenCommon.cs|Execute|409|When: running TriggerRunner, InFlight -> true, Triggered -> false
2026-05-30T21:23:30.0546|WARNING|WhenCommon.cs|CheckSlewing|263|CheckSlewing, WhenUnsafe = True, Connected = True, CanSlew = True, info.Slewing = False
2026-05-30T21:23:30.0548|INFO|SequenceItem.cs|Run|208|Starting Category: , Container: WhenPlugin.When.IfContainer, Strategy: SequentialStrategy, Items[CREATED]: 9
2026-05-30T21:23:30.0615|INFO|MeridianFlipTrigger.cs|ShouldTrigger|197|Meridian Flip - Telescope is at home position. Skip flip evaluation
2026-05-30T21:23:30.0637|INFO|SequenceItem.cs|Run|208|Starting Category: Ground Station, Item: Send to Telegram
2026-05-30T21:23:30.7201|INFO|SequenceItem.cs|Run|254|Finishing Category: Ground Station, Item: Send to Telegram
2026-05-30T21:23:30.7251|INFO|MeridianFlipTrigger.cs|ShouldTrigger|197|Meridian Flip - Telescope is at home position. Skip flip evaluation
2026-05-30T21:23:30.7258|INFO|SequenceItem.cs|Run|208|Starting Category: Ground Station, Item: Send to Pushover, Title: Unsafe
2026-05-30T21:23:30.9368|INFO|SequenceItem.cs|Run|254|Finishing Category: Ground Station, Item: Send to Pushover, Title: Unsafe
2026-05-30T21:23:30.9382|INFO|MeridianFlipTrigger.cs|ShouldTrigger|197|Meridian Flip - Telescope is at home position. Skip flip evaluation
2026-05-30T21:23:30.9384|INFO|SequenceItem.cs|Run|208|Starting Category: Telescope, Item: FindHome
2026-05-30T21:23:30.9458|INFO|PHD2Guider.cs|StopGuiding|704|Phd2 - Stop Guiding skipped, as the app is already in state Stopped
2026-05-30T21:23:30.9462|INFO|TelescopeVM.cs|FindHome|292|Mount ordered to locate home position
2026-05-30T21:23:30.9472|INFO|TelescopeVM.cs|FindHome|336|Mount ordered to home but it is already at home
2026-05-30T21:23:30.9474|INFO|TelescopeVM.cs|FindHome|348|Mount has located its home position
2026-05-30T21:23:30.9478|INFO|SequenceItem.cs|Run|254|Finishing Category: Telescope, Item: FindHome
2026-05-30T21:23:30.9487|INFO|MeridianFlipTrigger.cs|ShouldTrigger|197|Meridian Flip - Telescope is at home position. Skip flip evaluation
2026-05-30T21:23:30.9502|INFO|SequenceItem.cs|Run|208|Starting Category: Guider, Item: StopGuiding
2026-05-30T21:23:30.9547|INFO|PHD2Guider.cs|StopGuiding|704|Phd2 - Stop Guiding skipped, as the app is already in state Stopped
2026-05-30T21:23:30.9549|INFO|SequenceItem.cs|Run|254|Finishing Category: Guider, Item: StopGuiding
2026-05-30T21:23:30.9554|INFO|MeridianFlipTrigger.cs|ShouldTrigger|197|Meridian Flip - Telescope is at home position. Skip flip evaluation
2026-05-30T21:23:30.9563|INFO|SequenceItem.cs|Run|208|Starting Category: Connect, Item: DisconnectEquipment, Selected device: Safety Monitor
2026-05-30T21:23:31.0292|INFO|AscomDevice.cs|Disconnect|378|Disconnecting from ASCOM.GenericFile.SafetyMonitor Generic File driver
2026-05-30T21:23:31.0567|INFO|SafetyMonitorVM.cs|Disconnect|221|Disconnected Safety Monitor
2026-05-30T21:23:31.0570|INFO|SequenceItem.cs|Run|254|Finishing Category: Connect, Item: DisconnectEquipment, Selected device: Safety Monitor
2026-05-30T21:23:31.0575|INFO|MeridianFlipTrigger.cs|ShouldTrigger|197|Meridian Flip - Telescope is at home position. Skip flip evaluation
2026-05-30T21:23:31.0583|INFO|SequenceItem.cs|Run|208|Starting Category: Utility, Item: WaitForTimeSpan, Time: 60s
2026-05-30T21:24:31.1783|INFO|SequenceItem.cs|Run|254|Finishing Category: Utility, Item: WaitForTimeSpan, Time: 60s
2026-05-30T21:24:31.1796|INFO|MeridianFlipTrigger.cs|ShouldTrigger|197|Meridian Flip - Telescope is at home position. Skip flip evaluation
2026-05-30T21:24:31.1810|INFO|SequenceItem.cs|Run|208|Starting Category: Connect, Item: ConnectEquipment, Selected device: Safety Monitor, Selected device id: ASCOM.GenericFile.SafetyMonitor
2026-05-30T21:24:33.1891|INFO|SafetyMonitorChooserVM.cs|GetEquipment|71|Found 0 Alpaca Safety Monitors
2026-05-30T21:24:33.1912|INFO|SafetyMonitorVM.cs|Disconnect|221|Disconnected Safety Monitor
2026-05-30T21:24:33.2598|INFO|SafetyMonitorVM.cs|Connect|175|Successfully connected Safety Monitor. Id: ASCOM.GenericFile.SafetyMonitor Name: Generic File driver DisplayName: Generic File driver (ASCOM) Driver Version: 6.4
2026-05-30T21:24:33.2602|INFO|SequenceItem.cs|Run|254|Finishing Category: Connect, Item: ConnectEquipment, Selected device: Safety Monitor, Selected device id: ASCOM.GenericFile.SafetyMonitor
2026-05-30T21:24:33.2606|INFO|MeridianFlipTrigger.cs|ShouldTrigger|197|Meridian Flip - Telescope is at home position. Skip flip evaluation
2026-05-30T21:24:33.2607|INFO|SequenceItem.cs|Run|208|Starting Category: Utility, Item: WaitForTimeSpan, Time: 60s
2026-05-30T21:24:35.2608|INFO|SafetyMonitorVM.cs|UpdateMonitorValues|95|SafetyMonitorInfo state changed to Unsafe
2026-05-30T21:25:33.3653|INFO|SequenceItem.cs|Run|254|Finishing Category: Utility, Item: WaitForTimeSpan, Time: 60s
2026-05-30T21:25:33.3660|INFO|MeridianFlipTrigger.cs|ShouldTrigger|197|Meridian Flip - Telescope is at home position. Skip flip evaluation
2026-05-30T21:25:33.3664|INFO|SequenceItem.cs|Run|208|Starting Category: Powerups (Safety), Item: OnceSafe
2026-05-30T21:25:38.5922|INFO|TsProgressReader.cs|ReadProgressDelta|75|[Subframes] TS progress delta: DB not found at C:\Users\nicka\AppData\Local\NINA\SchedulerPlugin — Target Scheduler not installed or DB path mismatch.
2026-05-30T21:30:38.5923|INFO|TsProgressReader.cs|ReadProgressDelta|75|[Subframes] TS progress delta: DB not found at C:\Users\nicka\AppData\Local\NINA\SchedulerPlugin — Target Scheduler not installed or DB path mismatch.
2026-05-30T21:35:38.5927|INFO|TsProgressReader.cs|ReadProgressDelta|75|[Subframes] TS progress delta: DB not found at C:\Users\nicka\AppData\Local\NINA\SchedulerPlugin — Target Scheduler not installed or DB path mismatch.
2026-05-30T21:40:38.5916|INFO|TsProgressReader.cs|ReadProgressDelta|75|[Subframes] TS progress delta: DB not found at C:\Users\nicka\AppData\Local\NINA\SchedulerPlugin — Target Scheduler not installed or DB path mismatch.
2026-05-30T21:45:38.5916|INFO|TsProgressReader.cs|ReadProgressDelta|75|[Subframes] TS progress delta: DB not found at C:\Users\nicka\AppData\Local\NINA\SchedulerPlugin — Target Scheduler not installed or DB path mismatch.
2026-05-30T21:48:35.5075|INFO|FrameCache.cs|PruneSynced|249|[Subframes] Pruned 1 synced frames older than 72h
2026-05-30T21:50:38.5929|INFO|TsProgressReader.cs|ReadProgressDelta|75|[Subframes] TS progress delta: DB not found at C:\Users\nicka\AppData\Local\NINA\SchedulerPlugin — Target Scheduler not installed or DB path mismatch.
2026-05-30T21:55:38.5916|INFO|TsProgressReader.cs|ReadProgressDelta|75|[Subframes] TS progress delta: DB not found at C:\Users\nicka\AppData\Local\NINA\SchedulerPlugin — Target Scheduler not installed or DB path mismatch.
2026-05-30T22:00:38.5925|INFO|TsProgressReader.cs|ReadProgressDelta|75|[Subframes] TS progress delta: DB not found at C:\Users\nicka\AppData\Local\NINA\SchedulerPlugin — Target Scheduler not installed or DB path mismatch.
2026-05-30T22:01:35.5040|INFO|FrameCache.cs|PruneSynced|249|[Subframes] Pruned 1 synced frames older than 72h
2026-05-30T22:05:38.5927|INFO|TsProgressReader.cs|ReadProgressDelta|75|[Subframes] TS progress delta: DB not found at C:\Users\nicka\AppData\Local\NINA\SchedulerPlugin — Target Scheduler not installed or DB path mismatch.
2026-05-30T22:10:38.5916|INFO|TsProgressReader.cs|ReadProgressDelta|75|[Subframes] TS progress delta: DB not found at C:\Users\nicka\AppData\Local\NINA\SchedulerPlugin — Target Scheduler not installed or DB path mismatch.
2026-05-30T22:11:35.5047|INFO|FrameCache.cs|PruneSynced|249|[Subframes] Pruned 1 synced frames older than 72h
2026-05-30T22:15:38.5932|INFO|TsProgressReader.cs|ReadProgressDelta|75|[Subframes] TS progress delta: DB not found at C:\Users\nicka\AppData\Local\NINA\SchedulerPlugin — Target Scheduler not installed or DB path mismatch.
2026-05-30T22:20:38.5934|INFO|TsProgressReader.cs|ReadProgressDelta|75|[Subframes] TS progress delta: DB not found at C:\Users\nicka\AppData\Local\NINA\SchedulerPlugin — Target Scheduler not installed or DB path mismatch.
2026-05-30T22:22:05.5053|INFO|FrameCache.cs|PruneSynced|249|[Subframes] Pruned 1 synced frames older than 72h
2026-05-30T22:25:38.5930|INFO|TsProgressReader.cs|ReadProgressDelta|75|[Subframes] TS progress delta: DB not found at C:\Users\nicka\AppData\Local\NINA\SchedulerPlugin — Target Scheduler not installed or DB path mismatch.
2026-05-30T22:30:38.5918|INFO|TsProgressReader.cs|ReadProgressDelta|75|[Subframes] TS progress delta: DB not found at C:\Users\nicka\AppData\Local\NINA\SchedulerPlugin — Target Scheduler not installed or DB path mismatch.
2026-05-30T22:32:05.5040|INFO|FrameCache.cs|PruneSynced|249|[Subframes] Pruned 1 synced frames older than 72h
2026-05-30T22:35:38.5919|INFO|TsProgressReader.cs|ReadProgressDelta|75|[Subframes] TS progress delta: DB not found at C:\Users\nicka\AppData\Local\NINA\SchedulerPlugin — Target Scheduler not installed or DB path mismatch.
2026-05-30T22:40:38.5919|INFO|TsProgressReader.cs|ReadProgressDelta|75|[Subframes] TS progress delta: DB not found at C:\Users\nicka\AppData\Local\NINA\SchedulerPlugin — Target Scheduler not installed or DB path mismatch.
2026-05-30T22:42:05.5040|INFO|FrameCache.cs|PruneSynced|249|[Subframes] Pruned 1 synced frames older than 72h
2026-05-30T22:45:38.5927|INFO|TsProgressReader.cs|ReadProgressDelta|75|[Subframes] TS progress delta: DB not found at C:\Users\nicka\AppData\Local\NINA\SchedulerPlugin — Target Scheduler not installed or DB path mismatch.
2026-05-30T22:50:38.5932|INFO|TsProgressReader.cs|ReadProgressDelta|75|[Subframes] TS progress delta: DB not found at C:\Users\nicka\AppData\Local\NINA\SchedulerPlugin — Target Scheduler not installed or DB path mismatch.
2026-05-30T22:50:51.2598|INFO|SafetyMonitorVM.cs|UpdateMonitorValues|95|SafetyMonitorInfo state changed to Safe
2026-05-30T22:50:55.1331|INFO|WhenUnsafe.cs|CheckSafe|79|IsSafe is TRUE
2026-05-30T22:50:55.1353|INFO|SequenceItem.cs|Run|208|Starting Category: , Container: WhenPlugin.When.IfContainer, Strategy: SequentialStrategy, Items[CREATED]: 6, Conditions: Condition: LoopCondition, Iterations: 0/1, Condition: SafetyMonitorCondition, 
2026-05-30T22:50:55.1398|INFO|MeridianFlipTrigger.cs|ShouldTrigger|197|Meridian Flip - Telescope is at home position. Skip flip evaluation
2026-05-30T22:50:55.1401|INFO|SequenceItem.cs|Run|208|Starting Category: Ground Station, Item: Send to Telegram
2026-05-30T22:50:55.7968|INFO|SequenceItem.cs|Run|254|Finishing Category: Ground Station, Item: Send to Telegram
2026-05-30T22:50:55.7975|INFO|MeridianFlipTrigger.cs|ShouldTrigger|197|Meridian Flip - Telescope is at home position. Skip flip evaluation
2026-05-30T22:50:55.7976|INFO|SequenceItem.cs|Run|208|Starting Category: Ground Station, Item: Send to Pushover, Title: Safe 
2026-05-30T22:50:55.9669|INFO|SequenceItem.cs|Run|254|Finishing Category: Ground Station, Item: Send to Pushover, Title: Safe 
2026-05-30T22:50:55.9676|INFO|MeridianFlipTrigger.cs|ShouldTrigger|197|Meridian Flip - Telescope is at home position. Skip flip evaluation
2026-05-30T22:50:55.9726|INFO|SequenceItem.cs|Run|208|Starting Category: Telescope, Item: Center, Coordinates RA: 00:00:00; Dec: 00° 00' 00"; Epoch: J2000
2026-05-30T22:50:56.1078|INFO|PHD2Guider.cs|StopGuiding|704|Phd2 - Stop Guiding skipped, as the app is already in state Stopped
2026-05-30T22:50:56.1201|INFO|TelescopeVM.cs|SlewAsyncInternal|910|Slewing from RA: 19:48:00; Dec: 90° 00' 00"; Epoch: JNOW to RA: 00:01:21; Dec: 00° 08' 49"; Epoch: JNOW - Alt: -49° 28' 29"; Az: 43° 42' 48"
2026-05-30T22:50:59.8939|ERROR|AscomTelescope.cs|SlewToCoordinates|579
ASCOM.InvalidOperationException: Slew To Normal Pointing failed.
 ---> System.Runtime.InteropServices.COMException (0x8004040B): Slew To Normal Pointing failed.
   --- End of inner exception stack trace ---
   at ASCOM.Common.ClientExtensions.CheckOutcome(Task processTask, ILogger logger, String callingMethodName, CancellationToken cancellationToken) in J:\ASCOMLibrary\ASCOM.Common\ClientExtensions.cs:line 1155
   at ASCOM.Common.ClientExtensions.SlewToCoordinatesTaskAsync(ITelescopeV3 device, Double rightAscension, Double declination, CancellationToken cancellationToken, Int32 pollInterval, ILogger logger) in J:\ASCOMLibrary\ASCOM.Common\ClientExtensions.cs:line 947
   at NINA.Equipment.Equipment.MyTelescope.AscomTelescope.SlewToCoordinates(Coordinates coordinates, CancellationToken token) in /_/NINA.Equipment/Equipment/MyTelescope/AscomTelescope.cs:line 565
2026-05-30T22:51:04.1529|WARNING|DeviceUpdateTimer.cs|Run|115|Mount value update cycle took longer than the device poll interval (Total: 6.05s > 2s; Poll: 00:00:06.0446422; Update: 00:00:00.0005801)
2026-05-30T22:51:04.9817|INFO|FilterWheelVM.cs|ChangeFilter|112|Moving to Filter L at Position 0
2026-05-30T22:51:05.2018|INFO|FocuserVM.cs|MoveFocuserInternal|216|Moving Focuser to position 387316
2026-05-30T22:51:14.8254|INFO|CameraVM.cs|Capture|742|Starting Exposure - Exposure Time: 2s; Filter: L; Gain: 275; Offset 50; Binning: 1x1;
2026-05-30T22:51:19.6123|INFO|ImageSolver.cs|Solve|41|Platesolving with parameters: FocalLength: 360 PixelSize: 3.76 SearchRadius: 30 BlindFailoverEnabled: True Regions: 5000 DownSampleFactor: 0 MaxObjects: 500 Reference Coordinates RA: 00:00:00 Dec: 00° 00' 00" Epoch: J2000
2026-05-30T22:51:20.1873|INFO|BaseImageData.cs|SaveToDisk|346|Saved image to C:\Users\nicka\AppData\Local\NINA\PlateSolver\rtp05nvc.gej.fits
2026-05-30T22:51:25.5722|ERROR|ASTAPSolver.cs|ReadResult|62|ASTAP - Plate solve failed.


2026-05-30T22:51:25.5768|INFO|ImageSolver.cs|Solve|41|Platesolving with parameters: FocalLength: 360 PixelSize: 3.76 SearchRadius: 30 BlindFailoverEnabled: True Regions: 5000 DownSampleFactor: 0 MaxObjects: 500 
2026-05-30T22:51:25.8846|INFO|BaseImageData.cs|SaveToDisk|346|Saved image to C:\Users\nicka\AppData\Local\NINA\PlateSolver\sttnzauo.zoi.fits
2026-05-30T22:51:26.8577|INFO|ImageSolver.cs|Solve|54|Platesolve successful: Coordinates: RA: 19:54:04; Dec: 85° 21' 06"; Epoch: J2000 - Position Angle: 96.60625164091766
2026-05-30T22:51:26.8579|INFO|ImageSolver.cs|Solve|54|Platesolve successful: Coordinates: RA: 19:54:04; Dec: 85° 21' 06"; Epoch: J2000 - Position Angle: 96.60625164091766
2026-05-30T22:51:26.8614|INFO|CenteringSolver.cs|Center|99|Centering Solver - Scope Position: RA: 19:48:02; Dec: 90° 00' 00"; Epoch: JNOW; Offset: RA: 00:00:00; Dec: 00° 00' 00"; Distance: 00° 00' 00"; Bearing: 00° 00' 00"; Centering Coordinates: RA: 00:01:21; Dec: 00° 08' 49"; Epoch: JNOW; Solved: RA: 19:49:05; Dec: 85° 24' 53"; Epoch: JNOW; Separation RA: -19:47:44; Dec: -85° 16' 04"; Distance: 87° 46' 42"; Bearing: 04° 05' 24"; Threshold: 2
2026-05-30T22:51:29.9730|ERROR|AscomTelescope.cs|Sync|634
ASCOM.InvalidOperationException: SyncToTarget failed.
 ---> System.Runtime.InteropServices.COMException (0x8004040B): SyncToTarget failed.
   --- End of inner exception stack trace ---
   at ASCOM.Com.DriverAccess.DynamicAccess.CheckDotNetExceptions(String memberName, Exception e) in J:\ASCOMLibrary\ASCOM.Com\ASCOM.Com.DriverAccess\BaseClass\DynamicAccess.cs:line 205
   at ASCOM.Com.DriverAccess.DynamicAccess.TryInvokeMember(InvokeMemberBinder binder, Object[] args, Object& result) in J:\ASCOMLibrary\ASCOM.Com\ASCOM.Com.DriverAccess\BaseClass\DynamicAccess.cs:line 73
   at CallSite.Target(Closure, CallSite, Object, Double, Double)
   at System.Dynamic.UpdateDelegates.UpdateAndExecuteVoid3[T0,T1,T2](CallSite site, T0 arg0, T1 arg1, T2 arg2)
   at ASCOM.Com.DriverAccess.Telescope.SyncToCoordinates(Double RightAscension, Double Declination) in J:\ASCOMLibrary\ASCOM.Com\ASCOM.Com.DriverAccess\Telescope.cs:line 611
   at NINA.Equipment.Equipment.MyTelescope.AscomTelescope.Sync(Coordinates coordinates) in /_/NINA.Equipment/Equipment/MyTelescope/AscomTelescope.cs:line 630
2026-05-30T22:51:29.9744|INFO|TelescopeVM.cs|Sync|777|FAILED - Syncing scope from RA: 19:48:02; Dec: 90° 00' 00"; Epoch: JNOW to RA: 19:49:05; Dec: 85° 24' 53"; Epoch: JNOW
2026-05-30T22:51:34.9759|INFO|CenteringSolver.cs|Center|111|Sync failed - calculating offset instead to compensate.  Original: RA: 19:48:02; Dec: 90° 00' 00"; Epoch: JNOW; Original Offset RA: 00:00:00; Dec: 00° 00' 00"; Distance: 00° 00' 00"; Bearing: 00° 00' 00"; Solved: RA: 19:49:05; Dec: 85° 24' 53"; Epoch: JNOW; New Offset: RA: -00:01:03; Dec: 04° 35' 07"; Distance: 04° 35' 07"; Bearing: -179° 44' 12"
2026-05-30T22:51:34.9767|INFO|CenteringSolver.cs|Center|132|Slewing to target after sync. Current Position: RA: 19:48:02; Dec: 90° 00' 00"; Epoch: JNOW; Target coordinates: RA: 00:01:21; Dec: 00° 08' 49"; Epoch: JNOW; Offset RA: -00:01:03; Dec: 04° 35' 07"; Distance: 04° 35' 07"; Bearing: -179° 44' 12"
2026-05-30T22:51:34.9822|INFO|TelescopeVM.cs|SlewAsyncInternal|910|Slewing from RA: 19:48:02; Dec: 90° 00' 00"; Epoch: JNOW to RA: 00:00:18; Dec: 04° 43' 56"; Epoch: JNOW - Alt: -45° 28' 02"; Az: 40° 21' 14"
2026-05-30T22:51:40.4256|ERROR|AscomTelescope.cs|SlewToCoordinates|579
ASCOM.InvalidOperationException: Slew To Normal Pointing failed.
 ---> System.Runtime.InteropServices.COMException (0x8004040B): Slew To Normal Pointing failed.
   --- End of inner exception stack trace ---
   at ASCOM.Common.ClientExtensions.CheckOutcome(Task processTask, ILogger logger, String callingMethodName, CancellationToken cancellationToken) in J:\ASCOMLibrary\ASCOM.Common\ClientExtensions.cs:line 1155
   at ASCOM.Common.ClientExtensions.SlewToCoordinatesTaskAsync(ITelescopeV3 device, Double rightAscension, Double declination, CancellationToken cancellationToken, Int32 pollInterval, ILogger logger) in J:\ASCOMLibrary\ASCOM.Common\ClientExtensions.cs:line 947
   at NINA.Equipment.Equipment.MyTelescope.AscomTelescope.SlewToCoordinates(Coordinates coordinates, CancellationToken token) in /_/NINA.Equipment/Equipment/MyTelescope/AscomTelescope.cs:line 565
2026-05-30T22:51:45.4738|INFO|CameraVM.cs|Capture|742|Starting Exposure - Exposure Time: 2s; Filter: L; Gain: 275; Offset 50; Binning: 1x1;
2026-05-30T22:51:49.7262|INFO|ImageSolver.cs|Solve|41|Platesolving with parameters: FocalLength: 360 PixelSize: 3.76 SearchRadius: 30 BlindFailoverEnabled: True Regions: 5000 DownSampleFactor: 0 MaxObjects: 500 Reference Coordinates RA: 00:00:00 Dec: 00° 00' 00" Epoch: J2000
2026-05-30T22:51:50.0320|INFO|BaseImageData.cs|SaveToDisk|346|Saved image to C:\Users\nicka\AppData\Local\NINA\PlateSolver\ztxqzgxp.hlf.fits
2026-05-30T22:51:52.0300|ERROR|ASTAPSolver.cs|ReadResult|62|ASTAP - Plate solve failed.


2026-05-30T22:51:52.0362|INFO|ImageSolver.cs|Solve|41|Platesolving with parameters: FocalLength: 360 PixelSize: 3.76 SearchRadius: 30 BlindFailoverEnabled: True Regions: 5000 DownSampleFactor: 0 MaxObjects: 500 
2026-05-30T22:51:52.3976|INFO|BaseImageData.cs|SaveToDisk|346|Saved image to C:\Users\nicka\AppData\Local\NINA\PlateSolver\hxm5xk40.34v.fits
2026-05-30T22:51:53.2182|INFO|ImageSolver.cs|Solve|54|Platesolve successful: Coordinates: RA: 19:54:03; Dec: 85° 21' 07"; Epoch: J2000 - Position Angle: 96.59345280357093
2026-05-30T22:51:53.2184|INFO|ImageSolver.cs|Solve|54|Platesolve successful: Coordinates: RA: 19:54:03; Dec: 85° 21' 07"; Epoch: J2000 - Position Angle: 96.59345280357093
2026-05-30T22:51:53.2194|INFO|CenteringSolver.cs|Center|99|Centering Solver - Scope Position: RA: 19:48:02; Dec: 90° 00' 00"; Epoch: JNOW; Offset: RA: -00:01:03; Dec: 04° 35' 07"; Distance: 04° 35' 07"; Bearing: -179° 44' 12"; Centering Coordinates: RA: 00:01:21; Dec: 00° 08' 49"; Epoch: JNOW; Solved: RA: 19:49:05; Dec: 85° 24' 54"; Epoch: JNOW; Separation RA: -19:47:43; Dec: -85° 16' 05"; Distance: 87° 46' 43"; Bearing: 04° 05' 24"; Threshold: 2
2026-05-30T22:51:56.3145|ERROR|AscomTelescope.cs|Sync|634
ASCOM.InvalidOperationException: SyncToTarget failed.
 ---> System.Runtime.InteropServices.COMException (0x8004040B): SyncToTarget failed.
   --- End of inner exception stack trace ---
   at ASCOM.Com.DriverAccess.DynamicAccess.CheckDotNetExceptions(String memberName, Exception e) in J:\ASCOMLibrary\ASCOM.Com\ASCOM.Com.DriverAccess\BaseClass\DynamicAccess.cs:line 205
   at ASCOM.Com.DriverAccess.DynamicAccess.TryInvokeMember(InvokeMemberBinder binder, Object[] args, Object& result) in J:\ASCOMLibrary\ASCOM.Com\ASCOM.Com.DriverAccess\BaseClass\DynamicAccess.cs:line 73
   at CallSite.Target(Closure, CallSite, Object, Double, Double)
   at ASCOM.Com.DriverAccess.Telescope.SyncToCoordinates(Double RightAscension, Double Declination) in J:\ASCOMLibrary\ASCOM.Com\ASCOM.Com.DriverAccess\Telescope.cs:line 611
   at NINA.Equipment.Equipment.MyTelescope.AscomTelescope.Sync(Coordinates coordinates) in /_/NINA.Equipment/Equipment/MyTelescope/AscomTelescope.cs:line 630
2026-05-30T22:51:56.3150|INFO|TelescopeVM.cs|Sync|777|FAILED - Syncing scope from RA: 19:48:02; Dec: 90° 00' 00"; Epoch: JNOW to RA: 19:49:05; Dec: 85° 24' 54"; Epoch: JNOW
2026-05-30T22:52:01.3158|INFO|CenteringSolver.cs|Center|111|Sync failed - calculating offset instead to compensate.  Original: RA: 19:49:05; Dec: 85° 24' 53"; Epoch: JNOW; Original Offset RA: -00:01:03; Dec: 04° 35' 07"; Distance: 04° 35' 07"; Bearing: -179° 44' 12"; Solved: RA: 19:49:05; Dec: 85° 24' 54"; Epoch: JNOW; New Offset: RA: -00:01:03; Dec: 04° 35' 06"; Distance: 04° 35' 06"; Bearing: -179° 44' 22"
2026-05-30T22:52:01.3166|INFO|CenteringSolver.cs|Center|132|Slewing to target after sync. Current Position: RA: 19:48:02; Dec: 90° 00' 00"; Epoch: JNOW; Target coordinates: RA: 00:01:21; Dec: 00° 08' 49"; Epoch: JNOW; Offset RA: -00:01:03; Dec: 04° 35' 06"; Distance: 04° 35' 06"; Bearing: -179° 44' 22"
2026-05-30T22:52:01.3194|INFO|TelescopeVM.cs|SlewAsyncInternal|910|Slewing from RA: 19:48:02; Dec: 90° 00' 00"; Epoch: JNOW to RA: 00:00:19; Dec: 04° 43' 55"; Epoch: JNOW - Alt: -45° 24' 29"; Az: 40° 28' 51"
2026-05-30T22:52:06.7850|ERROR|AscomTelescope.cs|SlewToCoordinates|579
ASCOM.InvalidOperationException: Slew To Normal Pointing failed.
 ---> System.Runtime.InteropServices.COMException (0x8004040B): Slew To Normal Pointing failed.
   --- End of inner exception stack trace ---
   at ASCOM.Common.ClientExtensions.CheckOutcome(Task processTask, ILogger logger, String callingMethodName, CancellationToken cancellationToken) in J:\ASCOMLibrary\ASCOM.Common\ClientExtensions.cs:line 1155
   at ASCOM.Common.ClientExtensions.SlewToCoordinatesTaskAsync(ITelescopeV3 device, Double rightAscension, Double declination, CancellationToken cancellationToken, Int32 pollInterval, ILogger logger) in J:\ASCOMLibrary\ASCOM.Common\ClientExtensions.cs:line 947
   at NINA.Equipment.Equipment.MyTelescope.AscomTelescope.SlewToCoordinates(Coordinates coordinates, CancellationToken token) in /_/NINA.Equipment/Equipment/MyTelescope/AscomTelescope.cs:line 565
2026-05-30T22:52:11.8179|INFO|CameraVM.cs|Capture|742|Starting Exposure - Exposure Time: 2s; Filter: L; Gain: 275; Offset 50; Binning: 1x1;
2026-05-30T22:52:16.0655|INFO|ImageSolver.cs|Solve|41|Platesolving with parameters: FocalLength: 360 PixelSize: 3.76 SearchRadius: 30 BlindFailoverEnabled: True Regions: 5000 DownSampleFactor: 0 MaxObjects: 500 Reference Coordinates RA: 00:00:00 Dec: 00° 00' 00" Epoch: J2000
2026-05-30T22:52:16.4123|INFO|BaseImageData.cs|SaveToDisk|346|Saved image to C:\Users\nicka\AppData\Local\NINA\PlateSolver\3hptgnms.jwe.fits
2026-05-30T22:52:18.4051|ERROR|ASTAPSolver.cs|ReadResult|62|ASTAP - Plate solve failed.


2026-05-30T22:52:18.4110|INFO|ImageSolver.cs|Solve|41|Platesolving with parameters: FocalLength: 360 PixelSize: 3.76 SearchRadius: 30 BlindFailoverEnabled: True Regions: 5000 DownSampleFactor: 0 MaxObjects: 500 
2026-05-30T22:52:18.7660|INFO|BaseImageData.cs|SaveToDisk|346|Saved image to C:\Users\nicka\AppData\Local\NINA\PlateSolver\tqeclmdg.fkb.fits
2026-05-30T22:52:19.5846|INFO|ImageSolver.cs|Solve|54|Platesolve successful: Coordinates: RA: 19:54:03; Dec: 85° 21' 07"; Epoch: J2000 - Position Angle: 96.6032608393682
2026-05-30T22:52:19.5847|INFO|ImageSolver.cs|Solve|54|Platesolve successful: Coordinates: RA: 19:54:03; Dec: 85° 21' 07"; Epoch: J2000 - Position Angle: 96.6032608393682
2026-05-30T22:52:19.5858|INFO|CenteringSolver.cs|Center|99|Centering Solver - Scope Position: RA: 19:48:02; Dec: 90° 00' 00"; Epoch: JNOW; Offset: RA: -00:01:03; Dec: 04° 35' 06"; Distance: 04° 35' 06"; Bearing: -179° 44' 22"; Centering Coordinates: RA: 00:01:21; Dec: 00° 08' 49"; Epoch: JNOW; Solved: RA: 19:49:05; Dec: 85° 24' 54"; Epoch: JNOW; Separation RA: -19:47:44; Dec: -85° 16' 05"; Distance: 87° 46' 42"; Bearing: 04° 05' 23"; Threshold: 2
2026-05-30T22:52:22.6762|ERROR|AscomTelescope.cs|Sync|634
ASCOM.InvalidOperationException: SyncToTarget failed.
 ---> System.Runtime.InteropServices.COMException (0x8004040B): SyncToTarget failed.
   --- End of inner exception stack trace ---
   at ASCOM.Com.DriverAccess.DynamicAccess.CheckDotNetExceptions(String memberName, Exception e) in J:\ASCOMLibrary\ASCOM.Com\ASCOM.Com.DriverAccess\BaseClass\DynamicAccess.cs:line 205
   at ASCOM.Com.DriverAccess.DynamicAccess.TryInvokeMember(InvokeMemberBinder binder, Object[] args, Object& result) in J:\ASCOMLibrary\ASCOM.Com\ASCOM.Com.DriverAccess\BaseClass\DynamicAccess.cs:line 73
   at CallSite.Target(Closure, CallSite, Object, Double, Double)
   at ASCOM.Com.DriverAccess.Telescope.SyncToCoordinates(Double RightAscension, Double Declination) in J:\ASCOMLibrary\ASCOM.Com\ASCOM.Com.DriverAccess\Telescope.cs:line 611
   at NINA.Equipment.Equipment.MyTelescope.AscomTelescope.Sync(Coordinates coordinates) in /_/NINA.Equipment/Equipment/MyTelescope/AscomTelescope.cs:line 630
2026-05-30T22:52:22.6772|INFO|TelescopeVM.cs|Sync|777|FAILED - Syncing scope from RA: 19:48:02; Dec: 90° 00' 00"; Epoch: JNOW to RA: 19:49:05; Dec: 85° 24' 54"; Epoch: JNOW
2026-05-30T22:52:27.6782|INFO|CenteringSolver.cs|Center|111|Sync failed - calculating offset instead to compensate.  Original: RA: 19:49:05; Dec: 85° 24' 54"; Epoch: JNOW; Original Offset RA: -00:01:03; Dec: 04° 35' 06"; Distance: 04° 35' 06"; Bearing: -179° 44' 22"; Solved: RA: 19:49:05; Dec: 85° 24' 54"; Epoch: JNOW; New Offset: RA: -00:01:03; Dec: 04° 35' 06"; Distance: 04° 35' 06"; Bearing: -179° 44' 16"
2026-05-30T22:52:27.6789|INFO|CenteringSolver.cs|Center|132|Slewing to target after sync. Current Position: RA: 19:48:02; Dec: 90° 00' 00"; Epoch: JNOW; Target coordinates: RA: 00:01:21; Dec: 00° 08' 49"; Epoch: JNOW; Offset RA: -00:01:03; Dec: 04° 35' 06"; Distance: 04° 35' 06"; Bearing: -179° 44' 16"
2026-05-30T22:52:27.6820|INFO|TelescopeVM.cs|SlewAsyncInternal|910|Slewing from RA: 19:48:02; Dec: 90° 00' 00"; Epoch: JNOW to RA: 00:00:18; Dec: 04° 43' 55"; Epoch: JNOW - Alt: -45° 20' 47"; Az: 40° 36' 47"
2026-05-30T22:52:33.1141|ERROR|AscomTelescope.cs|SlewToCoordinates|579
ASCOM.InvalidOperationException: Slew To Normal Pointing failed.
 ---> System.Runtime.InteropServices.COMException (0x8004040B): Slew To Normal Pointing failed.
   --- End of inner exception stack trace ---
   at ASCOM.Common.ClientExtensions.CheckOutcome(Task processTask, ILogger logger, String callingMethodName, CancellationToken cancellationToken) in J:\ASCOMLibrary\ASCOM.Common\ClientExtensions.cs:line 1155
   at ASCOM.Common.ClientExtensions.SlewToCoordinatesTaskAsync(ITelescopeV3 device, Double rightAscension, Double declination, CancellationToken cancellationToken, Int32 pollInterval, ILogger logger) in J:\ASCOMLibrary\ASCOM.Common\ClientExtensions.cs:line 947
   at NINA.Equipment.Equipment.MyTelescope.AscomTelescope.SlewToCoordinates(Coordinates coordinates, CancellationToken token) in /_/NINA.Equipment/Equipment/MyTelescope/AscomTelescope.cs:line 565
2026-05-30T22:52:38.1739|INFO|CameraVM.cs|Capture|742|Starting Exposure - Exposure Time: 2s; Filter: L; Gain: 275; Offset 50; Binning: 1x1;
2026-05-30T22:52:42.4331|INFO|ImageSolver.cs|Solve|41|Platesolving with parameters: FocalLength: 360 PixelSize: 3.76 SearchRadius: 30 BlindFailoverEnabled: True Regions: 5000 DownSampleFactor: 0 MaxObjects: 500 Reference Coordinates RA: 00:00:00 Dec: 00° 00' 00" Epoch: J2000
2026-05-30T22:52:42.7813|INFO|BaseImageData.cs|SaveToDisk|346|Saved image to C:\Users\nicka\AppData\Local\NINA\PlateSolver\mdsh5pm2.qrs.fits
2026-05-30T22:52:44.7385|ERROR|ASTAPSolver.cs|ReadResult|62|ASTAP - Plate solve failed.


2026-05-30T22:52:44.7457|INFO|ImageSolver.cs|Solve|41|Platesolving with parameters: FocalLength: 360 PixelSize: 3.76 SearchRadius: 30 BlindFailoverEnabled: True Regions: 5000 DownSampleFactor: 0 MaxObjects: 500 
2026-05-30T22:52:45.1064|INFO|BaseImageData.cs|SaveToDisk|346|Saved image to C:\Users\nicka\AppData\Local\NINA\PlateSolver\jzwl5w0l.bre.fits
2026-05-30T22:52:45.9227|INFO|ImageSolver.cs|Solve|54|Platesolve successful: Coordinates: RA: 19:54:02; Dec: 85° 21' 08"; Epoch: J2000 - Position Angle: 96.5956990944776
2026-05-30T22:52:45.9229|INFO|ImageSolver.cs|Solve|54|Platesolve successful: Coordinates: RA: 19:54:02; Dec: 85° 21' 08"; Epoch: J2000 - Position Angle: 96.5956990944776
2026-05-30T22:52:45.9239|INFO|CenteringSolver.cs|Center|99|Centering Solver - Scope Position: RA: 19:48:02; Dec: 90° 00' 00"; Epoch: JNOW; Offset: RA: -00:01:03; Dec: 04° 35' 06"; Distance: 04° 35' 06"; Bearing: -179° 44' 16"; Centering Coordinates: RA: 00:01:21; Dec: 00° 08' 49"; Epoch: JNOW; Solved: RA: 19:49:04; Dec: 85° 24' 55"; Epoch: JNOW; Separation RA: -19:47:43; Dec: -85° 16' 06"; Distance: 87° 46' 44"; Bearing: 04° 05' 23"; Threshold: 2
2026-05-30T22:52:49.0062|ERROR|AscomTelescope.cs|Sync|634
ASCOM.InvalidOperationException: SyncToTarget failed.
 ---> System.Runtime.InteropServices.COMException (0x8004040B): SyncToTarget failed.
   --- End of inner exception stack trace ---
   at ASCOM.Com.DriverAccess.DynamicAccess.CheckDotNetExceptions(String memberName, Exception e) in J:\ASCOMLibrary\ASCOM.Com\ASCOM.Com.DriverAccess\BaseClass\DynamicAccess.cs:line 205
   at ASCOM.Com.DriverAccess.DynamicAccess.TryInvokeMember(InvokeMemberBinder binder, Object[] args, Object& result) in J:\ASCOMLibrary\ASCOM.Com\ASCOM.Com.DriverAccess\BaseClass\DynamicAccess.cs:line 73
   at CallSite.Target(Closure, CallSite, Object, Double, Double)
   at ASCOM.Com.DriverAccess.Telescope.SyncToCoordinates(Double RightAscension, Double Declination) in J:\ASCOMLibrary\ASCOM.Com\ASCOM.Com.DriverAccess\Telescope.cs:line 611
   at NINA.Equipment.Equipment.MyTelescope.AscomTelescope.Sync(Coordinates coordinates) in /_/NINA.Equipment/Equipment/MyTelescope/AscomTelescope.cs:line 630
2026-05-30T22:52:49.0079|INFO|TelescopeVM.cs|Sync|777|FAILED - Syncing scope from RA: 19:48:02; Dec: 90° 00' 00"; Epoch: JNOW to RA: 19:49:04; Dec: 85° 24' 55"; Epoch: JNOW
2026-05-30T22:52:54.0102|INFO|CenteringSolver.cs|Center|111|Sync failed - calculating offset instead to compensate.  Original: RA: 19:49:05; Dec: 85° 24' 54"; Epoch: JNOW; Original Offset RA: -00:01:03; Dec: 04° 35' 06"; Distance: 04° 35' 06"; Bearing: -179° 44' 16"; Solved: RA: 19:49:04; Dec: 85° 24' 55"; Epoch: JNOW; New Offset: RA: -00:01:02; Dec: 04° 35' 05"; Distance: 04° 35' 05"; Bearing: -179° 44' 29"
2026-05-30T22:52:54.0110|INFO|CenteringSolver.cs|Center|132|Slewing to target after sync. Current Position: RA: 19:48:02; Dec: 90° 00' 00"; Epoch: JNOW; Target coordinates: RA: 00:01:21; Dec: 00° 08' 49"; Epoch: JNOW; Offset RA: -00:01:02; Dec: 04° 35' 05"; Distance: 04° 35' 05"; Bearing: -179° 44' 29"
2026-05-30T22:52:54.0138|INFO|TelescopeVM.cs|SlewAsyncInternal|910|Slewing from RA: 19:48:02; Dec: 90° 00' 00"; Epoch: JNOW to RA: 00:00:19; Dec: 04° 43' 54"; Epoch: JNOW - Alt: -45° 17' 15"; Az: 40° 44' 18"
2026-05-30T22:52:59.4604|ERROR|AscomTelescope.cs|SlewToCoordinates|579
ASCOM.InvalidOperationException: Slew To Normal Pointing failed.
 ---> System.Runtime.InteropServices.COMException (0x8004040B): Slew To Normal Pointing failed.
   --- End of inner exception stack trace ---
   at ASCOM.Common.ClientExtensions.CheckOutcome(Task processTask, ILogger logger, String callingMethodName, CancellationToken cancellationToken) in J:\ASCOMLibrary\ASCOM.Common\ClientExtensions.cs:line 1155
   at ASCOM.Common.ClientExtensions.SlewToCoordinatesTaskAsync(ITelescopeV3 device, Double rightAscension, Double declination, CancellationToken cancellationToken, Int32 pollInterval, ILogger logger) in J:\ASCOMLibrary\ASCOM.Common\ClientExtensions.cs:line 947
   at NINA.Equipment.Equipment.MyTelescope.AscomTelescope.SlewToCoordinates(Coordinates coordinates, CancellationToken token) in /_/NINA.Equipment/Equipment/MyTelescope/AscomTelescope.cs:line 565
2026-05-30T22:53:04.4954|INFO|CameraVM.cs|Capture|742|Starting Exposure - Exposure Time: 2s; Filter: L; Gain: 275; Offset 50; Binning: 1x1;
2026-05-30T22:53:08.7456|INFO|ImageSolver.cs|Solve|41|Platesolving with parameters: FocalLength: 360 PixelSize: 3.76 SearchRadius: 30 BlindFailoverEnabled: True Regions: 5000 DownSampleFactor: 0 MaxObjects: 500 Reference Coordinates RA: 00:00:00 Dec: 00° 00' 00" Epoch: J2000
2026-05-30T22:53:09.0959|INFO|BaseImageData.cs|SaveToDisk|346|Saved image to C:\Users\nicka\AppData\Local\NINA\PlateSolver\wvknn1w3.fl0.fits
2026-05-30T22:53:11.0407|ERROR|ASTAPSolver.cs|ReadResult|62|ASTAP - Plate solve failed.


2026-05-30T22:53:11.0470|INFO|ImageSolver.cs|Solve|41|Platesolving with parameters: FocalLength: 360 PixelSize: 3.76 SearchRadius: 30 BlindFailoverEnabled: True Regions: 5000 DownSampleFactor: 0 MaxObjects: 500 
2026-05-30T22:53:11.3997|INFO|BaseImageData.cs|SaveToDisk|346|Saved image to C:\Users\nicka\AppData\Local\NINA\PlateSolver\uxp4q4ls.5ph.fits
2026-05-30T22:53:12.2187|INFO|ImageSolver.cs|Solve|54|Platesolve successful: Coordinates: RA: 19:54:03; Dec: 85° 21' 09"; Epoch: J2000 - Position Angle: 96.60196229388504
2026-05-30T22:53:12.2188|INFO|ImageSolver.cs|Solve|54|Platesolve successful: Coordinates: RA: 19:54:03; Dec: 85° 21' 09"; Epoch: J2000 - Position Angle: 96.60196229388504
2026-05-30T22:53:12.2202|INFO|CenteringSolver.cs|Center|99|Centering Solver - Scope Position: RA: 19:48:02; Dec: 90° 00' 00"; Epoch: JNOW; Offset: RA: -00:01:02; Dec: 04° 35' 05"; Distance: 04° 35' 05"; Bearing: -179° 44' 29"; Centering Coordinates: RA: 00:01:21; Dec: 00° 08' 49"; Epoch: JNOW; Solved: RA: 19:49:04; Dec: 85° 24' 56"; Epoch: JNOW; Separation RA: -19:47:43; Dec: -85° 16' 07"; Distance: 87° 46' 44"; Bearing: 04° 05' 23"; Threshold: 2
2026-05-30T22:53:15.2974|ERROR|AscomTelescope.cs|Sync|634
ASCOM.InvalidOperationException: SyncToTarget failed.
 ---> System.Runtime.InteropServices.COMException (0x8004040B): SyncToTarget failed.
   --- End of inner exception stack trace ---
   at ASCOM.Com.DriverAccess.DynamicAccess.CheckDotNetExceptions(String memberName, Exception e) in J:\ASCOMLibrary\ASCOM.Com\ASCOM.Com.DriverAccess\BaseClass\DynamicAccess.cs:line 205
   at ASCOM.Com.DriverAccess.DynamicAccess.TryInvokeMember(InvokeMemberBinder binder, Object[] args, Object& result) in J:\ASCOMLibrary\ASCOM.Com\ASCOM.Com.DriverAccess\BaseClass\DynamicAccess.cs:line 73
   at CallSite.Target(Closure, CallSite, Object, Double, Double)
   at ASCOM.Com.DriverAccess.Telescope.SyncToCoordinates(Double RightAscension, Double Declination) in J:\ASCOMLibrary\ASCOM.Com\ASCOM.Com.DriverAccess\Telescope.cs:line 611
   at NINA.Equipment.Equipment.MyTelescope.AscomTelescope.Sync(Coordinates coordinates) in /_/NINA.Equipment/Equipment/MyTelescope/AscomTelescope.cs:line 630
2026-05-30T22:53:15.2979|INFO|TelescopeVM.cs|Sync|777|FAILED - Syncing scope from RA: 19:48:02; Dec: 90° 00' 00"; Epoch: JNOW to RA: 19:49:04; Dec: 85° 24' 56"; Epoch: JNOW
2026-05-30T22:53:20.2987|INFO|CenteringSolver.cs|Center|111|Sync failed - calculating offset instead to compensate.  Original: RA: 19:49:04; Dec: 85° 24' 55"; Epoch: JNOW; Original Offset RA: -00:01:02; Dec: 04° 35' 05"; Distance: 04° 35' 05"; Bearing: -179° 44' 29"; Solved: RA: 19:49:04; Dec: 85° 24' 56"; Epoch: JNOW; New Offset: RA: -00:01:02; Dec: 04° 35' 04"; Distance: 04° 35' 04"; Bearing: -179° 44' 27"
2026-05-30T22:53:20.2991|INFO|CenteringSolver.cs|Center|132|Slewing to target after sync. Current Position: RA: 19:48:02; Dec: 90° 00' 00"; Epoch: JNOW; Target coordinates: RA: 00:01:21; Dec: 00° 08' 49"; Epoch: JNOW; Offset RA: -00:01:02; Dec: 04° 35' 04"; Distance: 04° 35' 04"; Bearing: -179° 44' 27"
2026-05-30T22:53:20.3001|INFO|TelescopeVM.cs|SlewAsyncInternal|910|Slewing from RA: 19:48:02; Dec: 90° 00' 00"; Epoch: JNOW to RA: 00:00:19; Dec: 04° 43' 53"; Epoch: JNOW - Alt: -45° 13' 34"; Az: 40° 52' 05"
2026-05-30T22:53:25.7351|ERROR|AscomTelescope.cs|SlewToCoordinates|579
ASCOM.InvalidOperationException: Slew To Normal Pointing failed.
 ---> System.Runtime.InteropServices.COMException (0x8004040B): Slew To Normal Pointing failed.
   --- End of inner exception stack trace ---
   at ASCOM.Common.ClientExtensions.CheckOutcome(Task processTask, ILogger logger, String callingMethodName, CancellationToken cancellationToken) in J:\ASCOMLibrary\ASCOM.Common\ClientExtensions.cs:line 1155
   at ASCOM.Common.ClientExtensions.SlewToCoordinatesTaskAsync(ITelescopeV3 device, Double rightAscension, Double declination, CancellationToken cancellationToken, Int32 pollInterval, ILogger logger) in J:\ASCOMLibrary\ASCOM.Common\ClientExtensions.cs:line 947
   at NINA.Equipment.Equipment.MyTelescope.AscomTelescope.SlewToCoordinates(Coordinates coordinates, CancellationToken token) in /_/NINA.Equipment/Equipment/MyTelescope/AscomTelescope.cs:line 565
2026-05-30T22:53:30.7720|INFO|CameraVM.cs|Capture|742|Starting Exposure - Exposure Time: 2s; Filter: L; Gain: 275; Offset 50; Binning: 1x1;
2026-05-30T22:53:35.0152|INFO|ImageSolver.cs|Solve|41|Platesolving with parameters: FocalLength: 360 PixelSize: 3.76 SearchRadius: 30 BlindFailoverEnabled: True Regions: 5000 DownSampleFactor: 0 MaxObjects: 500 Reference Coordinates RA: 00:00:00 Dec: 00° 00' 00" Epoch: J2000
2026-05-30T22:53:35.3734|INFO|BaseImageData.cs|SaveToDisk|346|Saved image to C:\Users\nicka\AppData\Local\NINA\PlateSolver\dni3yg1c.nfz.fits
2026-05-30T22:53:37.4360|ERROR|ASTAPSolver.cs|ReadResult|62|ASTAP - Plate solve failed.


2026-05-30T22:53:37.4426|INFO|ImageSolver.cs|Solve|41|Platesolving with parameters: FocalLength: 360 PixelSize: 3.76 SearchRadius: 30 BlindFailoverEnabled: True Regions: 5000 DownSampleFactor: 0 MaxObjects: 500 
2026-05-30T22:53:37.7922|INFO|BaseImageData.cs|SaveToDisk|346|Saved image to C:\Users\nicka\AppData\Local\NINA\PlateSolver\ohemkhgz.45u.fits
2026-05-30T22:53:38.6244|INFO|ImageSolver.cs|Solve|54|Platesolve successful: Coordinates: RA: 19:54:01; Dec: 85° 21' 09"; Epoch: J2000 - Position Angle: 96.59048271546476
2026-05-30T22:53:38.6245|INFO|ImageSolver.cs|Solve|54|Platesolve successful: Coordinates: RA: 19:54:01; Dec: 85° 21' 09"; Epoch: J2000 - Position Angle: 96.59048271546476
2026-05-30T22:53:38.6257|INFO|CenteringSolver.cs|Center|99|Centering Solver - Scope Position: RA: 19:48:02; Dec: 90° 00' 00"; Epoch: JNOW; Offset: RA: -00:01:02; Dec: 04° 35' 04"; Distance: 04° 35' 04"; Bearing: -179° 44' 27"; Centering Coordinates: RA: 00:01:21; Dec: 00° 08' 49"; Epoch: JNOW; Solved: RA: 19:49:03; Dec: 85° 24' 56"; Epoch: JNOW; Separation RA: -19:47:42; Dec: -85° 16' 07"; Distance: 87° 46' 45"; Bearing: 04° 05' 23"; Threshold: 2
2026-05-30T22:53:41.7742|ERROR|AscomTelescope.cs|Sync|634
ASCOM.InvalidOperationException: SyncToTarget failed.
 ---> System.Runtime.InteropServices.COMException (0x8004040B): SyncToTarget failed.
   --- End of inner exception stack trace ---
   at ASCOM.Com.DriverAccess.DynamicAccess.CheckDotNetExceptions(String memberName, Exception e) in J:\ASCOMLibrary\ASCOM.Com\ASCOM.Com.DriverAccess\BaseClass\DynamicAccess.cs:line 205
   at ASCOM.Com.DriverAccess.DynamicAccess.TryInvokeMember(InvokeMemberBinder binder, Object[] args, Object& result) in J:\ASCOMLibrary\ASCOM.Com\ASCOM.Com.DriverAccess\BaseClass\DynamicAccess.cs:line 73
   at CallSite.Target(Closure, CallSite, Object, Double, Double)
   at ASCOM.Com.DriverAccess.Telescope.SyncToCoordinates(Double RightAscension, Double Declination) in J:\ASCOMLibrary\ASCOM.Com\ASCOM.Com.DriverAccess\Telescope.cs:line 611
   at NINA.Equipment.Equipment.MyTelescope.AscomTelescope.Sync(Coordinates coordinates) in /_/NINA.Equipment/Equipment/MyTelescope/AscomTelescope.cs:line 630
2026-05-30T22:53:41.7750|INFO|TelescopeVM.cs|Sync|777|FAILED - Syncing scope from RA: 19:48:02; Dec: 90° 00' 00"; Epoch: JNOW to RA: 19:49:03; Dec: 85° 24' 56"; Epoch: JNOW
2026-05-30T22:53:46.7742|INFO|CenteringSolver.cs|Center|111|Sync failed - calculating offset instead to compensate.  Original: RA: 19:49:04; Dec: 85° 24' 56"; Epoch: JNOW; Original Offset RA: -00:01:02; Dec: 04° 35' 04"; Distance: 04° 35' 04"; Bearing: -179° 44' 27"; Solved: RA: 19:49:03; Dec: 85° 24' 56"; Epoch: JNOW; New Offset: RA: -00:01:01; Dec: 04° 35' 04"; Distance: 04° 35' 04"; Bearing: -179° 44' 49"
2026-05-30T22:53:46.7747|INFO|CenteringSolver.cs|Center|132|Slewing to target after sync. Current Position: RA: 19:48:02; Dec: 90° 00' 00"; Epoch: JNOW; Target coordinates: RA: 00:01:21; Dec: 00° 08' 49"; Epoch: JNOW; Offset RA: -00:01:01; Dec: 04° 35' 04"; Distance: 04° 35' 04"; Bearing: -179° 44' 49"
2026-05-30T22:53:46.7757|INFO|TelescopeVM.cs|SlewAsyncInternal|910|Slewing from RA: 19:48:02; Dec: 90° 00' 00"; Epoch: JNOW to RA: 00:00:20; Dec: 04° 43' 53"; Epoch: JNOW - Alt: -45° 10' 04"; Az: 40° 59' 25"
2026-05-30T22:53:52.2347|ERROR|AscomTelescope.cs|SlewToCoordinates|579
ASCOM.InvalidOperationException: Slew To Normal Pointing failed.
 ---> System.Runtime.InteropServices.COMException (0x8004040B): Slew To Normal Pointing failed.
   --- End of inner exception stack trace ---
   at ASCOM.Common.ClientExtensions.CheckOutcome(Task processTask, ILogger logger, String callingMethodName, CancellationToken cancellationToken) in J:\ASCOMLibrary\ASCOM.Common\ClientExtensions.cs:line 1155
   at ASCOM.Common.ClientExtensions.SlewToCoordinatesTaskAsync(ITelescopeV3 device, Double rightAscension, Double declination, CancellationToken cancellationToken, Int32 pollInterval, ILogger logger) in J:\ASCOMLibrary\ASCOM.Common\ClientExtensions.cs:line 947
   at NINA.Equipment.Equipment.MyTelescope.AscomTelescope.SlewToCoordinates(Coordinates coordinates, CancellationToken token) in /_/NINA.Equipment/Equipment/MyTelescope/AscomTelescope.cs:line 565
2026-05-30T22:53:57.2661|INFO|CameraVM.cs|Capture|742|Starting Exposure - Exposure Time: 2s; Filter: L; Gain: 275; Offset 50; Binning: 1x1;
2026-05-30T22:54:01.5313|INFO|ImageSolver.cs|Solve|41|Platesolving with parameters: FocalLength: 360 PixelSize: 3.76 SearchRadius: 30 BlindFailoverEnabled: True Regions: 5000 DownSampleFactor: 0 MaxObjects: 500 Reference Coordinates RA: 00:00:00 Dec: 00° 00' 00" Epoch: J2000
2026-05-30T22:54:01.8805|INFO|BaseImageData.cs|SaveToDisk|346|Saved image to C:\Users\nicka\AppData\Local\NINA\PlateSolver\ibyok0es.kwj.fits
2026-05-30T22:54:04.0867|ERROR|ASTAPSolver.cs|ReadResult|62|ASTAP - Plate solve failed.


2026-05-30T22:54:04.0932|INFO|ImageSolver.cs|Solve|41|Platesolving with parameters: FocalLength: 360 PixelSize: 3.76 SearchRadius: 30 BlindFailoverEnabled: True Regions: 5000 DownSampleFactor: 0 MaxObjects: 500 
2026-05-30T22:54:04.4632|INFO|BaseImageData.cs|SaveToDisk|346|Saved image to C:\Users\nicka\AppData\Local\NINA\PlateSolver\0cmv05bk.hzc.fits
2026-05-30T22:54:05.3273|INFO|ImageSolver.cs|Solve|54|Platesolve successful: Coordinates: RA: 19:54:01; Dec: 85° 21' 09"; Epoch: J2000 - Position Angle: 96.58881415913038
2026-05-30T22:54:05.3274|INFO|ImageSolver.cs|Solve|54|Platesolve successful: Coordinates: RA: 19:54:01; Dec: 85° 21' 09"; Epoch: J2000 - Position Angle: 96.58881415913038
2026-05-30T22:54:05.3284|INFO|CenteringSolver.cs|Center|99|Centering Solver - Scope Position: RA: 19:48:02; Dec: 90° 00' 00"; Epoch: JNOW; Offset: RA: -00:01:01; Dec: 04° 35' 04"; Distance: 04° 35' 04"; Bearing: -179° 44' 49"; Centering Coordinates: RA: 00:01:21; Dec: 00° 08' 49"; Epoch: JNOW; Solved: RA: 19:49:03; Dec: 85° 24' 56"; Epoch: JNOW; Separation RA: -19:47:42; Dec: -85° 16' 07"; Distance: 87° 46' 45"; Bearing: 04° 05' 23"; Threshold: 2
2026-05-30T22:54:08.4203|ERROR|AscomTelescope.cs|Sync|634
ASCOM.InvalidOperationException: SyncToTarget failed.
 ---> System.Runtime.InteropServices.COMException (0x8004040B): SyncToTarget failed.
   --- End of inner exception stack trace ---
   at ASCOM.Com.DriverAccess.DynamicAccess.CheckDotNetExceptions(String memberName, Exception e) in J:\ASCOMLibrary\ASCOM.Com\ASCOM.Com.DriverAccess\BaseClass\DynamicAccess.cs:line 205
   at ASCOM.Com.DriverAccess.DynamicAccess.TryInvokeMember(InvokeMemberBinder binder, Object[] args, Object& result) in J:\ASCOMLibrary\ASCOM.Com\ASCOM.Com.DriverAccess\BaseClass\DynamicAccess.cs:line 73
   at CallSite.Target(Closure, CallSite, Object, Double, Double)
   at ASCOM.Com.DriverAccess.Telescope.SyncToCoordinates(Double RightAscension, Double Declination) in J:\ASCOMLibrary\ASCOM.Com\ASCOM.Com.DriverAccess\Telescope.cs:line 611
   at NINA.Equipment.Equipment.MyTelescope.AscomTelescope.Sync(Coordinates coordinates) in /_/NINA.Equipment/Equipment/MyTelescope/AscomTelescope.cs:line 630
2026-05-30T22:54:08.4212|INFO|TelescopeVM.cs|Sync|777|FAILED - Syncing scope from RA: 19:48:02; Dec: 90° 00' 00"; Epoch: JNOW to RA: 19:49:03; Dec: 85° 24' 56"; Epoch: JNOW
2026-05-30T22:54:13.4228|INFO|CenteringSolver.cs|Center|111|Sync failed - calculating offset instead to compensate.  Original: RA: 19:49:03; Dec: 85° 24' 56"; Epoch: JNOW; Original Offset RA: -00:01:01; Dec: 04° 35' 04"; Distance: 04° 35' 04"; Bearing: -179° 44' 49"; Solved: RA: 19:49:03; Dec: 85° 24' 56"; Epoch: JNOW; New Offset: RA: -00:01:01; Dec: 04° 35' 04"; Distance: 04° 35' 04"; Bearing: -179° 44' 44"
2026-05-30T22:54:13.4236|INFO|CenteringSolver.cs|Center|132|Slewing to target after sync. Current Position: RA: 19:48:02; Dec: 90° 00' 00"; Epoch: JNOW; Target coordinates: RA: 00:01:21; Dec: 00° 08' 49"; Epoch: JNOW; Offset RA: -00:01:01; Dec: 04° 35' 04"; Distance: 04° 35' 04"; Bearing: -179° 44' 44"
2026-05-30T22:54:13.4267|INFO|TelescopeVM.cs|SlewAsyncInternal|910|Slewing from RA: 19:48:02; Dec: 90° 00' 00"; Epoch: JNOW to RA: 00:00:20; Dec: 04° 43' 53"; Epoch: JNOW - Alt: -45° 06' 17"; Az: 41° 07' 21"
2026-05-30T22:54:18.8723|ERROR|AscomTelescope.cs|SlewToCoordinates|579
ASCOM.InvalidOperationException: Slew To Normal Pointing failed.
 ---> System.Runtime.InteropServices.COMException (0x8004040B): Slew To Normal Pointing failed.
   --- End of inner exception stack trace ---
   at ASCOM.Common.ClientExtensions.CheckOutcome(Task processTask, ILogger logger, String callingMethodName, CancellationToken cancellationToken) in J:\ASCOMLibrary\ASCOM.Common\ClientExtensions.cs:line 1155
   at ASCOM.Common.ClientExtensions.SlewToCoordinatesTaskAsync(ITelescopeV3 device, Double rightAscension, Double declination, CancellationToken cancellationToken, Int32 pollInterval, ILogger logger) in J:\ASCOMLibrary\ASCOM.Common\ClientExtensions.cs:line 947
   at NINA.Equipment.Equipment.MyTelescope.AscomTelescope.SlewToCoordinates(Coordinates coordinates, CancellationToken token) in /_/NINA.Equipment/Equipment/MyTelescope/AscomTelescope.cs:line 565
2026-05-30T22:54:23.9153|INFO|CameraVM.cs|Capture|742|Starting Exposure - Exposure Time: 2s; Filter: L; Gain: 275; Offset 50; Binning: 1x1;
2026-05-30T22:54:28.2175|INFO|ImageSolver.cs|Solve|41|Platesolving with parameters: FocalLength: 360 PixelSize: 3.76 SearchRadius: 30 BlindFailoverEnabled: True Regions: 5000 DownSampleFactor: 0 MaxObjects: 500 Reference Coordinates RA: 00:00:00 Dec: 00° 00' 00" Epoch: J2000
2026-05-30T22:54:28.6166|INFO|BaseImageData.cs|SaveToDisk|346|Saved image to C:\Users\nicka\AppData\Local\NINA\PlateSolver\nyys3zmp.aas.fits
2026-05-30T22:54:30.7183|ERROR|ASTAPSolver.cs|ReadResult|62|ASTAP - Plate solve failed.


2026-05-30T22:54:30.7277|INFO|ImageSolver.cs|Solve|41|Platesolving with parameters: FocalLength: 360 PixelSize: 3.76 SearchRadius: 30 BlindFailoverEnabled: True Regions: 5000 DownSampleFactor: 0 MaxObjects: 500 
2026-05-30T22:54:31.0725|INFO|BaseImageData.cs|SaveToDisk|346|Saved image to C:\Users\nicka\AppData\Local\NINA\PlateSolver\lu5omiq5.bbk.fits
2026-05-30T22:54:31.9199|INFO|ImageSolver.cs|Solve|54|Platesolve successful: Coordinates: RA: 19:54:02; Dec: 85° 21' 09"; Epoch: J2000 - Position Angle: 96.58269092707826
2026-05-30T22:54:31.9201|INFO|ImageSolver.cs|Solve|54|Platesolve successful: Coordinates: RA: 19:54:02; Dec: 85° 21' 09"; Epoch: J2000 - Position Angle: 96.58269092707826
2026-05-30T22:54:31.9211|INFO|CenteringSolver.cs|Center|99|Centering Solver - Scope Position: RA: 19:48:02; Dec: 90° 00' 00"; Epoch: JNOW; Offset: RA: -00:01:01; Dec: 04° 35' 04"; Distance: 04° 35' 04"; Bearing: -179° 44' 44"; Centering Coordinates: RA: 00:01:21; Dec: 00° 08' 49"; Epoch: JNOW; Solved: RA: 19:49:03; Dec: 85° 24' 56"; Epoch: JNOW; Separation RA: -19:47:42; Dec: -85° 16' 07"; Distance: 87° 46' 45"; Bearing: 04° 05' 23"; Threshold: 2
2026-05-30T22:54:35.0037|ERROR|AscomTelescope.cs|Sync|634
ASCOM.InvalidOperationException: SyncToTarget failed.
 ---> System.Runtime.InteropServices.COMException (0x8004040B): SyncToTarget failed.
   --- End of inner exception stack trace ---
   at ASCOM.Com.DriverAccess.DynamicAccess.CheckDotNetExceptions(String memberName, Exception e) in J:\ASCOMLibrary\ASCOM.Com\ASCOM.Com.DriverAccess\BaseClass\DynamicAccess.cs:line 205
   at ASCOM.Com.DriverAccess.DynamicAccess.TryInvokeMember(InvokeMemberBinder binder, Object[] args, Object& result) in J:\ASCOMLibrary\ASCOM.Com\ASCOM.Com.DriverAccess\BaseClass\DynamicAccess.cs:line 73
   at CallSite.Target(Closure, CallSite, Object, Double, Double)
   at ASCOM.Com.DriverAccess.Telescope.SyncToCoordinates(Double RightAscension, Double Declination) in J:\ASCOMLibrary\ASCOM.Com\ASCOM.Com.DriverAccess\Telescope.cs:line 611
   at NINA.Equipment.Equipment.MyTelescope.AscomTelescope.Sync(Coordinates coordinates) in /_/NINA.Equipment/Equipment/MyTelescope/AscomTelescope.cs:line 630
2026-05-30T22:54:35.0611|INFO|TelescopeVM.cs|Sync|777|FAILED - Syncing scope from RA: 19:48:02; Dec: 90° 00' 00"; Epoch: JNOW to RA: 19:49:03; Dec: 85° 24' 56"; Epoch: JNOW
2026-05-30T22:54:40.0610|INFO|CenteringSolver.cs|Center|111|Sync failed - calculating offset instead to compensate.  Original: RA: 19:49:03; Dec: 85° 24' 56"; Epoch: JNOW; Original Offset RA: -00:01:01; Dec: 04° 35' 04"; Distance: 04° 35' 04"; Bearing: -179° 44' 44"; Solved: RA: 19:49:03; Dec: 85° 24' 56"; Epoch: JNOW; New Offset: RA: -00:01:01; Dec: 04° 35' 04"; Distance: 04° 35' 04"; Bearing: -179° 44' 44"
2026-05-30T22:54:40.0618|INFO|CenteringSolver.cs|Center|132|Slewing to target after sync. Current Position: RA: 19:48:02; Dec: 90° 00' 00"; Epoch: JNOW; Target coordinates: RA: 00:01:21; Dec: 00° 08' 49"; Epoch: JNOW; Offset RA: -00:01:01; Dec: 04° 35' 04"; Distance: 04° 35' 04"; Bearing: -179° 44' 44"
2026-05-30T22:54:40.0647|INFO|TelescopeVM.cs|SlewAsyncInternal|910|Slewing from RA: 19:48:02; Dec: 90° 00' 00"; Epoch: JNOW to RA: 00:00:20; Dec: 04° 43' 53"; Epoch: JNOW - Alt: -45° 02' 32"; Az: 41° 15' 08"
2026-05-30T22:54:45.4407|ERROR|AscomTelescope.cs|SlewToCoordinates|579
ASCOM.InvalidOperationException: Slew To Normal Pointing failed.
 ---> System.Runtime.InteropServices.COMException (0x8004040B): Slew To Normal Pointing failed.
   --- End of inner exception stack trace ---
   at ASCOM.Common.ClientExtensions.CheckOutcome(Task processTask, ILogger logger, String callingMethodName, CancellationToken cancellationToken) in J:\ASCOMLibrary\ASCOM.Common\ClientExtensions.cs:line 1155
   at ASCOM.Common.ClientExtensions.SlewToCoordinatesTaskAsync(ITelescopeV3 device, Double rightAscension, Double declination, CancellationToken cancellationToken, Int32 pollInterval, ILogger logger) in J:\ASCOMLibrary\ASCOM.Common\ClientExtensions.cs:line 947
   at NINA.Equipment.Equipment.MyTelescope.AscomTelescope.SlewToCoordinates(Coordinates coordinates, CancellationToken token) in /_/NINA.Equipment/Equipment/MyTelescope/AscomTelescope.cs:line 565
2026-05-30T22:54:50.4872|INFO|CameraVM.cs|Capture|742|Starting Exposure - Exposure Time: 2s; Filter: L; Gain: 275; Offset 50; Binning: 1x1;
2026-05-30T22:54:54.7318|INFO|ImageSolver.cs|Solve|41|Platesolving with parameters: FocalLength: 360 PixelSize: 3.76 SearchRadius: 30 BlindFailoverEnabled: True Regions: 5000 DownSampleFactor: 0 MaxObjects: 500 Reference Coordinates RA: 00:00:00 Dec: 00° 00' 00" Epoch: J2000
2026-05-30T22:54:55.0773|INFO|BaseImageData.cs|SaveToDisk|346|Saved image to C:\Users\nicka\AppData\Local\NINA\PlateSolver\klfej3f0.jmv.fits
2026-05-30T22:54:57.2555|ERROR|ASTAPSolver.cs|ReadResult|62|ASTAP - Plate solve failed.


2026-05-30T22:54:57.2620|INFO|ImageSolver.cs|Solve|41|Platesolving with parameters: FocalLength: 360 PixelSize: 3.76 SearchRadius: 30 BlindFailoverEnabled: True Regions: 5000 DownSampleFactor: 0 MaxObjects: 500 
2026-05-30T22:54:57.6118|INFO|BaseImageData.cs|SaveToDisk|346|Saved image to C:\Users\nicka\AppData\Local\NINA\PlateSolver\4zqu4ge0.vtw.fits
2026-05-30T22:54:58.4391|INFO|ImageSolver.cs|Solve|54|Platesolve successful: Coordinates: RA: 19:54:01; Dec: 85° 21' 10"; Epoch: J2000 - Position Angle: 96.59143474575751
2026-05-30T22:54:58.4393|INFO|ImageSolver.cs|Solve|54|Platesolve successful: Coordinates: RA: 19:54:01; Dec: 85° 21' 10"; Epoch: J2000 - Position Angle: 96.59143474575751
2026-05-30T22:54:58.4464|INFO|CenteringSolver.cs|Center|99|Centering Solver - Scope Position: RA: 19:48:02; Dec: 90° 00' 00"; Epoch: JNOW; Offset: RA: -00:01:01; Dec: 04° 35' 04"; Distance: 04° 35' 04"; Bearing: -179° 44' 44"; Centering Coordinates: RA: 00:01:21; Dec: 00° 08' 49"; Epoch: JNOW; Solved: RA: 19:49:03; Dec: 85° 24' 57"; Epoch: JNOW; Separation RA: -19:47:42; Dec: -85° 16' 08"; Distance: 87° 46' 46"; Bearing: 04° 05' 22"; Threshold: 2
2026-05-30T22:55:01.5563|ERROR|AscomTelescope.cs|Sync|634
ASCOM.InvalidOperationException: SyncToTarget failed.
 ---> System.Runtime.InteropServices.COMException (0x8004040B): SyncToTarget failed.
   --- End of inner exception stack trace ---
   at ASCOM.Com.DriverAccess.DynamicAccess.CheckDotNetExceptions(String memberName, Exception e) in J:\ASCOMLibrary\ASCOM.Com\ASCOM.Com.DriverAccess\BaseClass\DynamicAccess.cs:line 205
   at ASCOM.Com.DriverAccess.DynamicAccess.TryInvokeMember(InvokeMemberBinder binder, Object[] args, Object& result) in J:\ASCOMLibrary\ASCOM.Com\ASCOM.Com.DriverAccess\BaseClass\DynamicAccess.cs:line 73
   at CallSite.Target(Closure, CallSite, Object, Double, Double)
   at ASCOM.Com.DriverAccess.Telescope.SyncToCoordinates(Double RightAscension, Double Declination) in J:\ASCOMLibrary\ASCOM.Com\ASCOM.Com.DriverAccess\Telescope.cs:line 611
   at NINA.Equipment.Equipment.MyTelescope.AscomTelescope.Sync(Coordinates coordinates) in /_/NINA.Equipment/Equipment/MyTelescope/AscomTelescope.cs:line 630
2026-05-30T22:55:01.5574|INFO|TelescopeVM.cs|Sync|777|FAILED - Syncing scope from RA: 19:48:02; Dec: 90° 00' 00"; Epoch: JNOW to RA: 19:49:03; Dec: 85° 24' 57"; Epoch: JNOW
2026-05-30T22:55:06.5569|INFO|CenteringSolver.cs|Center|111|Sync failed - calculating offset instead to compensate.  Original: RA: 19:49:03; Dec: 85° 24' 56"; Epoch: JNOW; Original Offset RA: -00:01:01; Dec: 04° 35' 04"; Distance: 04° 35' 04"; Bearing: -179° 44' 44"; Solved: RA: 19:49:03; Dec: 85° 24' 57"; Epoch: JNOW; New Offset: RA: -00:01:01; Dec: 04° 35' 03"; Distance: 04° 35' 03"; Bearing: -179° 44' 46"
2026-05-30T22:55:06.5577|INFO|CenteringSolver.cs|Center|132|Slewing to target after sync. Current Position: RA: 19:48:02; Dec: 90° 00' 00"; Epoch: JNOW; Target coordinates: RA: 00:01:21; Dec: 00° 08' 49"; Epoch: JNOW; Offset RA: -00:01:01; Dec: 04° 35' 03"; Distance: 04° 35' 03"; Bearing: -179° 44' 46"
2026-05-30T22:55:06.5610|INFO|TelescopeVM.cs|SlewAsyncInternal|910|Slewing from RA: 19:48:02; Dec: 90° 00' 00"; Epoch: JNOW to RA: 00:00:20; Dec: 04° 43' 52"; Epoch: JNOW - Alt: -44° 58' 50"; Az: 41° 22' 49"
2026-05-30T22:55:12.0408|ERROR|AscomTelescope.cs|SlewToCoordinates|579
ASCOM.InvalidOperationException: Slew To Normal Pointing failed.
 ---> System.Runtime.InteropServices.COMException (0x8004040B): Slew To Normal Pointing failed.
   --- End of inner exception stack trace ---
   at ASCOM.Common.ClientExtensions.CheckOutcome(Task processTask, ILogger logger, String callingMethodName, CancellationToken cancellationToken) in J:\ASCOMLibrary\ASCOM.Common\ClientExtensions.cs:line 1155
   at ASCOM.Common.ClientExtensions.SlewToCoordinatesTaskAsync(ITelescopeV3 device, Double rightAscension, Double declination, CancellationToken cancellationToken, Int32 pollInterval, ILogger logger) in J:\ASCOMLibrary\ASCOM.Common\ClientExtensions.cs:line 947
   at NINA.Equipment.Equipment.MyTelescope.AscomTelescope.SlewToCoordinates(Coordinates coordinates, CancellationToken token) in /_/NINA.Equipment/Equipment/MyTelescope/AscomTelescope.cs:line 565
2026-05-30T22:55:17.0801|INFO|CameraVM.cs|Capture|742|Starting Exposure - Exposure Time: 2s; Filter: L; Gain: 275; Offset 50; Binning: 1x1;
2026-05-30T22:55:21.3425|INFO|ImageSolver.cs|Solve|41|Platesolving with parameters: FocalLength: 360 PixelSize: 3.76 SearchRadius: 30 BlindFailoverEnabled: True Regions: 5000 DownSampleFactor: 0 MaxObjects: 500 Reference Coordinates RA: 00:00:00 Dec: 00° 00' 00" Epoch: J2000
2026-05-30T22:55:21.7044|INFO|BaseImageData.cs|SaveToDisk|346|Saved image to C:\Users\nicka\AppData\Local\NINA\PlateSolver\upp3xrpd.sbx.fits
2026-05-30T22:55:23.9188|ERROR|ASTAPSolver.cs|ReadResult|62|ASTAP - Plate solve failed.


2026-05-30T22:55:23.9253|INFO|ImageSolver.cs|Solve|41|Platesolving with parameters: FocalLength: 360 PixelSize: 3.76 SearchRadius: 30 BlindFailoverEnabled: True Regions: 5000 DownSampleFactor: 0 MaxObjects: 500 
2026-05-30T22:55:24.2879|INFO|BaseImageData.cs|SaveToDisk|346|Saved image to C:\Users\nicka\AppData\Local\NINA\PlateSolver\dwtiowmz.i5a.fits
2026-05-30T22:55:25.1134|INFO|ImageSolver.cs|Solve|54|Platesolve successful: Coordinates: RA: 19:54:01; Dec: 85° 21' 10"; Epoch: J2000 - Position Angle: 96.58420268643653
2026-05-30T22:55:25.1135|INFO|ImageSolver.cs|Solve|54|Platesolve successful: Coordinates: RA: 19:54:01; Dec: 85° 21' 10"; Epoch: J2000 - Position Angle: 96.58420268643653
2026-05-30T22:55:25.1145|INFO|CenteringSolver.cs|Center|99|Centering Solver - Scope Position: RA: 19:48:02; Dec: 90° 00' 00"; Epoch: JNOW; Offset: RA: -00:01:01; Dec: 04° 35' 03"; Distance: 04° 35' 03"; Bearing: -179° 44' 46"; Centering Coordinates: RA: 00:01:21; Dec: 00° 08' 49"; Epoch: JNOW; Solved: RA: 19:49:03; Dec: 85° 24' 57"; Epoch: JNOW; Separation RA: -19:47:42; Dec: -85° 16' 08"; Distance: 87° 46' 46"; Bearing: 04° 05' 22"; Threshold: 2
2026-05-30T22:55:28.1875|ERROR|AscomTelescope.cs|Sync|634
ASCOM.InvalidOperationException: SyncToTarget failed.
 ---> System.Runtime.InteropServices.COMException (0x8004040B): SyncToTarget failed.
   --- End of inner exception stack trace ---
   at ASCOM.Com.DriverAccess.DynamicAccess.CheckDotNetExceptions(String memberName, Exception e) in J:\ASCOMLibrary\ASCOM.Com\ASCOM.Com.DriverAccess\BaseClass\DynamicAccess.cs:line 205
   at ASCOM.Com.DriverAccess.DynamicAccess.TryInvokeMember(InvokeMemberBinder binder, Object[] args, Object& result) in J:\ASCOMLibrary\ASCOM.Com\ASCOM.Com.DriverAccess\BaseClass\DynamicAccess.cs:line 73
   at CallSite.Target(Closure, CallSite, Object, Double, Double)
   at ASCOM.Com.DriverAccess.Telescope.SyncToCoordinates(Double RightAscension, Double Declination) in J:\ASCOMLibrary\ASCOM.Com\ASCOM.Com.DriverAccess\Telescope.cs:line 611
   at NINA.Equipment.Equipment.MyTelescope.AscomTelescope.Sync(Coordinates coordinates) in /_/NINA.Equipment/Equipment/MyTelescope/AscomTelescope.cs:line 630
2026-05-30T22:55:28.1891|INFO|TelescopeVM.cs|Sync|777|FAILED - Syncing scope from RA: 19:48:02; Dec: 90° 00' 00"; Epoch: JNOW to RA: 19:49:03; Dec: 85° 24' 57"; Epoch: JNOW
2026-05-30T22:55:33.1908|INFO|CenteringSolver.cs|Center|111|Sync failed - calculating offset instead to compensate.  Original: RA: 19:49:03; Dec: 85° 24' 57"; Epoch: JNOW; Original Offset RA: -00:01:01; Dec: 04° 35' 03"; Distance: 04° 35' 03"; Bearing: -179° 44' 46"; Solved: RA: 19:49:03; Dec: 85° 24' 57"; Epoch: JNOW; New Offset: RA: -00:01:01; Dec: 04° 35' 03"; Distance: 04° 35' 03"; Bearing: -179° 44' 50"
2026-05-30T22:55:33.1916|INFO|CenteringSolver.cs|Center|132|Slewing to target after sync. Current Position: RA: 19:48:02; Dec: 90° 00' 00"; Epoch: JNOW; Target coordinates: RA: 00:01:21; Dec: 00° 08' 49"; Epoch: JNOW; Offset RA: -00:01:01; Dec: 04° 35' 03"; Distance: 04° 35' 03"; Bearing: -179° 44' 50"
2026-05-30T22:55:33.1948|INFO|TelescopeVM.cs|SlewAsyncInternal|910|Slewing from RA: 19:48:02; Dec: 90° 00' 00"; Epoch: JNOW to RA: 00:00:20; Dec: 04° 43' 52"; Epoch: JNOW - Alt: -44° 55' 06"; Az: 41° 30' 30"
2026-05-30T22:55:38.5931|INFO|TsProgressReader.cs|ReadProgressDelta|75|[Subframes] TS progress delta: DB not found at C:\Users\nicka\AppData\Local\NINA\SchedulerPlugin — Target Scheduler not installed or DB path mismatch.
2026-05-30T22:55:38.6399|ERROR|AscomTelescope.cs|SlewToCoordinates|579
ASCOM.InvalidOperationException: Slew To Normal Pointing failed.
 ---> System.Runtime.InteropServices.COMException (0x8004040B): Slew To Normal Pointing failed.
   --- End of inner exception stack trace ---
   at ASCOM.Common.ClientExtensions.CheckOutcome(Task processTask, ILogger logger, String callingMethodName, CancellationToken cancellationToken) in J:\ASCOMLibrary\ASCOM.Common\ClientExtensions.cs:line 1155
   at ASCOM.Common.ClientExtensions.SlewToCoordinatesTaskAsync(ITelescopeV3 device, Double rightAscension, Double declination, CancellationToken cancellationToken, Int32 pollInterval, ILogger logger) in J:\ASCOMLibrary\ASCOM.Common\ClientExtensions.cs:line 947
   at NINA.Equipment.Equipment.MyTelescope.AscomTelescope.SlewToCoordinates(Coordinates coordinates, CancellationToken token) in /_/NINA.Equipment/Equipment/MyTelescope/AscomTelescope.cs:line 565
2026-05-30T22:55:43.6620|ERROR|CenteringSolver.cs|Center|160|Cancelling centering after 10 unsuccessful slew attempts
2026-05-30T22:55:43.6642|INFO|CenteringSolver.cs|Center|165|Restoring filter to H after centering
2026-05-30T22:55:43.6656|INFO|FilterWheelVM.cs|ChangeFilter|112|Moving to Filter H at Position 5
2026-05-30T22:55:43.8722|INFO|FocuserVM.cs|MoveFocuserInternal|216|Moving Focuser to position 387338
2026-05-30T22:55:46.8171|ERROR|SequenceItem.cs|Run|263|Category: Telescope, Item: Center, Coordinates RA: 00:00:00; Dec: 00° 00' 00"; Epoch: J2000 - 
NINA.Core.Model.SequenceEntityFailedException: Plate solve failed
   at NINA.Sequencer.SequenceItem.Platesolving.Center.Execute(IProgress`1 progress, CancellationToken token) in /_/NINA.Sequencer/SequenceItem/Platesolving/Center.cs:line 196
   at NINA.Sequencer.SequenceItem.SequenceItem.Run(IProgress`1 progress, CancellationToken token) in /_/NINA.Sequencer/SequenceItem/SequenceItem.cs:line 249
2026-05-30T22:55:46.8500|ERROR|SequenceItem.cs|RunErrorBehavior|195|Instruction Slew and center failed after 1 attempt. Error behavior is set to ContinueOnError. Continuing.
2026-05-30T22:55:46.8524|ERROR|MeridianFlipTrigger.cs|ShouldTrigger|234|Side of Pier usage is enabled, however the side of pier reported by the driver is unknown. Ignoring side of pier to calculate the flip time
2026-05-30T22:55:46.8543|INFO|MeridianFlipTrigger.cs|ShouldTrigger|296|Meridian Flip - (Side of Pier usage is disabled) There is still time remaining. Max remaining time 05:52:10.6590663, next instruction time 0, next instruction Category: Telescope, Item: SetTracking, TrackingMode: Sidereal
2026-05-30T22:55:46.8548|INFO|SequenceItem.cs|Run|208|Starting Category: Telescope, Item: SetTracking, TrackingMode: Sidereal
2026-05-30T22:55:46.8647|INFO|SequenceItem.cs|Run|254|Finishing Category: Telescope, Item: SetTracking, TrackingMode: Sidereal
2026-05-30T22:55:46.8712|ERROR|MeridianFlipTrigger.cs|ShouldTrigger|234|Side of Pier usage is enabled, however the side of pier reported by the driver is unknown. Ignoring side of pier to calculate the flip time
2026-05-30T22:55:46.8715|INFO|MeridianFlipTrigger.cs|ShouldTrigger|296|Meridian Flip - (Side of Pier usage is disabled) There is still time remaining. Max remaining time 05:52:10.6590663, next instruction time 690, next instruction Category: Focuser, Item: RunAutofocus
2026-05-30T22:55:46.8716|INFO|SequenceItem.cs|Run|208|Starting Category: Focuser, Item: RunAutofocus
2026-05-30T22:55:47.0391|INFO|FocuserMediator.cs|BroadcastAutoFocusRunStarting|92|Autofocus starting notification received
2026-05-30T22:55:47.0432|INFO|PHD2Guider.cs|StopGuiding|704|Phd2 - Stop Guiding skipped, as the app is already in state Stopped
2026-05-30T22:55:47.0477|INFO|FilterWheelVM.cs|ChangeFilter|112|Moving to Filter L at Position 0
2026-05-30T22:55:47.2516|INFO|FocuserVM.cs|MoveFocuserInternal|216|Moving Focuser to position 387316
2026-05-30T22:55:56.7523|INFO|AutoFocusEngine.cs|RunAutoFocus|929|Starting AutoFocus with initial position 387316
2026-05-30T22:55:56.7727|INFO|CameraVM.cs|Capture|742|Starting Exposure - Exposure Time: 3s; Filter: L; Gain: 270; Offset 50; Binning: 1x1;
2026-05-30T22:56:01.3853|INFO|AutoFocusEngine.cs|StartBlindFocusPoints|769|Waiting on initial HFR analysis
2026-05-30T22:56:01.3888|INFO|FocuserVM.cs|MoveFocuserInternal|216|Moving Focuser to position 387452
2026-05-30T22:56:03.2191|INFO|HocusFocusStarDetection.cs|Detect|413|Average HFR: 2.4763241310325044, HFR MAD: 0.2741244330295515, Detected Stars 294, Region: 0
2026-05-30T22:56:06.7734|INFO|CameraVM.cs|Capture|742|Starting Exposure - Exposure Time: 3s; Filter: L; Gain: 270; Offset 50; Binning: 1x1;
2026-05-30T22:56:11.3824|INFO|FocuserVM.cs|MoveFocuserInternal|216|Moving Focuser to position 387418
2026-05-30T22:56:12.7500|INFO|HocusFocusStarDetection.cs|Detect|413|Average HFR: 2.9770256728619726, HFR MAD: 0.9410115959575893, Detected Stars 178, Region: 0
2026-05-30T22:56:18.7719|INFO|CameraVM.cs|Capture|742|Starting Exposure - Exposure Time: 3s; Filter: L; Gain: 270; Offset 50; Binning: 1x1;
2026-05-30T22:56:23.3685|INFO|FocuserVM.cs|MoveFocuserInternal|216|Moving Focuser to position 387384
2026-05-30T22:56:24.7108|INFO|HocusFocusStarDetection.cs|Detect|413|Average HFR: 2.316489653251869, HFR MAD: 0.46121392599126043, Detected Stars 223, Region: 0
2026-05-30T22:56:30.7581|INFO|CameraVM.cs|Capture|742|Starting Exposure - Exposure Time: 3s; Filter: L; Gain: 270; Offset 50; Binning: 1x1;
2026-05-30T22:56:35.3444|INFO|FocuserVM.cs|MoveFocuserInternal|216|Moving Focuser to position 387350
2026-05-30T22:56:36.7093|INFO|HocusFocusStarDetection.cs|Detect|413|Average HFR: 1.8411186501721262, HFR MAD: 0.2237211335540709, Detected Stars 248, Region: 0
2026-05-30T22:56:42.7498|INFO|CameraVM.cs|Capture|742|Starting Exposure - Exposure Time: 3s; Filter: L; Gain: 270; Offset 50; Binning: 1x1;
2026-05-30T22:56:47.3503|INFO|AutoFocusEngine.cs|StartBlindFocusPoints|797|Waiting on initial focuser move analyses
2026-05-30T22:56:48.6958|INFO|HocusFocusStarDetection.cs|Detect|413|Average HFR: 1.8511363365905842, HFR MAD: 0.17963207759568023, Detected Stars 278, Region: 0
2026-05-30T22:56:48.7994|INFO|FocuserVM.cs|MoveFocuserInternal|216|Moving Focuser to position 387316
2026-05-30T22:56:56.7614|INFO|CameraVM.cs|Capture|742|Starting Exposure - Exposure Time: 3s; Filter: L; Gain: 270; Offset 50; Binning: 1x1;
2026-05-30T22:57:01.3596|INFO|AutoFocusEngine.cs|StartBlindFocusPoints|870|Waiting on next left movement analysis
2026-05-30T22:57:02.7085|INFO|HocusFocusStarDetection.cs|Detect|413|Average HFR: 2.5007067168552677, HFR MAD: 0.2874652960102129, Detected Stars 275, Region: 0
2026-05-30T22:57:02.7904|INFO|FocuserVM.cs|MoveFocuserInternal|216|Moving Focuser to position 387282
2026-05-30T22:57:10.7687|INFO|CameraVM.cs|Capture|742|Starting Exposure - Exposure Time: 3s; Filter: L; Gain: 270; Offset 50; Binning: 1x1;
2026-05-30T22:57:15.3627|INFO|AutoFocusEngine.cs|StartBlindFocusPoints|870|Waiting on next left movement analysis
2026-05-30T22:57:16.7084|INFO|HocusFocusStarDetection.cs|Detect|413|Average HFR: 3.6501811071792787, HFR MAD: 0.40671563852997783, Detected Stars 177, Region: 0
2026-05-30T22:57:16.7614|INFO|FocuserVM.cs|MoveFocuserInternal|216|Moving Focuser to position 387248
2026-05-30T22:57:24.7677|INFO|CameraVM.cs|Capture|742|Starting Exposure - Exposure Time: 3s; Filter: L; Gain: 270; Offset 50; Binning: 1x1;
2026-05-30T22:57:29.3525|INFO|AutoFocusEngine.cs|StartBlindFocusPoints|870|Waiting on next left movement analysis
2026-05-30T22:57:30.7100|INFO|HocusFocusStarDetection.cs|Detect|413|Average HFR: 5.0335089118750505, HFR MAD: 0.3964866044772904, Detected Stars 127, Region: 0
2026-05-30T22:57:30.7472|INFO|FocuserVM.cs|MoveFocuserInternal|216|Moving Focuser to position 387214
2026-05-30T22:57:38.7634|INFO|CameraVM.cs|Capture|742|Starting Exposure - Exposure Time: 3s; Filter: L; Gain: 270; Offset 50; Binning: 1x1;
2026-05-30T22:57:43.3635|INFO|AutoFocusEngine.cs|StartBlindFocusPoints|870|Waiting on next left movement analysis
2026-05-30T22:57:44.7042|INFO|HocusFocusStarDetection.cs|Detect|413|Average HFR: 6.601998283105338, HFR MAD: 0.2971289865598123, Detected Stars 65, Region: 0
2026-05-30T22:57:44.7304|INFO|AutoFocusEngine.cs|StartBlindFocusPoints|823|Enough left trend points (4) with an established minimum (387350) to queue remaining right focus points up to 387486
2026-05-30T22:57:44.7319|INFO|FocuserVM.cs|MoveFocuserInternal|216|Moving Focuser to position 387486
2026-05-30T22:57:48.7680|INFO|CameraVM.cs|Capture|742|Starting Exposure - Exposure Time: 3s; Filter: L; Gain: 270; Offset 50; Binning: 1x1;
2026-05-30T22:57:53.3692|INFO|AutoFocusEngine.cs|StartBlindFocusPoints|896|Waiting on remaining AutoFocus analysis tasks
2026-05-30T22:57:54.7108|INFO|HocusFocusStarDetection.cs|Detect|413|Average HFR: 3.4022296059451946, HFR MAD: 1.1946698873859103, Detected Stars 107, Region: 0
2026-05-30T22:57:54.7650|INFO|FocuserVM.cs|MoveFocuserInternal|216|Moving Focuser to position 387373
2026-05-30T22:58:02.7631|INFO|AutoFocusEngine.cs|ValidateCalculatedFocusPosition|1141|Validating HFR at final focus position 387373
2026-05-30T22:58:02.7712|INFO|CameraVM.cs|Capture|742|Starting Exposure - Exposure Time: 3s; Filter: L; Gain: 270; Offset 50; Binning: 1x1;
2026-05-30T22:58:08.7200|INFO|HocusFocusStarDetection.cs|Detect|413|Average HFR: 1.817342836210297, HFR MAD: 0.2259692363419421, Detected Stars 231, Region: 0
2026-05-30T22:58:08.7264|INFO|HocusFocusVM.cs|AutoFocusEngine_Completed|472|AutoFocus completed with focuser starting at 387316 and ending at 387373
2026-05-30T22:58:08.7943|INFO|FocuserMediator.cs|BroadcastSuccessfulAutoFocusRun|46|Autofocus notification received - Temperature 31.06999969482422
2026-05-30T22:58:08.7990|INFO|FilterWheelVM.cs|ChangeFilter|112|Moving to Filter H at Position 5
2026-05-30T22:58:08.8040|INFO|FocuserVM.cs|MoveFocuserInternal|216|Moving Focuser to position 387395
2026-05-30T22:58:12.7672|INFO|SequenceItem.cs|Run|254|Finishing Category: Focuser, Item: RunAutofocus
2026-05-30T22:58:12.7681|ERROR|MeridianFlipTrigger.cs|ShouldTrigger|234|Side of Pier usage is enabled, however the side of pier reported by the driver is unknown. Ignoring side of pier to calculate the flip time
2026-05-30T22:58:12.7686|INFO|MeridianFlipTrigger.cs|ShouldTrigger|296|Meridian Flip - (Side of Pier usage is disabled) There is still time remaining. Max remaining time 05:49:44.2617386, next instruction time 0, next instruction Category: Guider, Item: StartGuiding
2026-05-30T22:58:12.7692|INFO|SequenceItem.cs|Run|208|Starting Category: Guider, Item: StartGuiding
2026-05-30T22:58:12.8149|INFO|PHD2Guider.cs|TryStartGuideCommand|641|Phd2 - Requesting to start guiding. Recalibrate: False
2026-05-30T22:58:20.2493|INFO|PHD2Client.cs|ProcessEvent|261|PHD2: StartGuiding
2026-05-30T22:58:20.2500|INFO|PHD2Client.cs|StartNewGuidingSession|393|PHD2Client: New guiding session started
2026-05-30T22:58:20.2632|INFO|PHD2Client.cs|QueryExposureTime|1216|PHD2Client: Exposure time from PHD2 API: 2.000 seconds (2000 ms)
2026-05-30T22:59:11.1864|INFO|PHD2Client.cs|HandleSettleDone|343|PHD2Client: SettleDone - Status=0, Success=True, TotalFrames=12, DroppedFrames=0
2026-05-30T22:59:11.1876|WARNING|DitherStatisticsVM.cs|OnPHD2SettleDone|772|⚠️ SettleDone received but no currentDither exists (race condition?)
2026-05-30T22:59:11.6314|INFO|SequenceItem.cs|Run|254|Finishing Category: Guider, Item: StartGuiding
2026-05-30T22:59:11.6327|INFO|LoopCondition.cs|Check|75|LoopCondition finished. Iterations: 1 / 1
2026-05-30T22:59:11.6339|INFO|SequenceItem.cs|Run|254|Finishing Category: , Container: WhenPlugin.When.IfContainer, Strategy: SequentialStrategy, Items[FINISHED]: 5, Items[FAILED]: 1, Conditions: Condition: LoopCondition, Iterations: 1/1, Condition: SafetyMonitorCondition, 
2026-05-30T22:59:11.6341|INFO|SequenceItem.cs|Run|254|Finishing Category: Powerups (Safety), Item: OnceSafe
2026-05-30T22:59:11.6350|INFO|SequenceItem.cs|Run|254|Finishing Category: , Container: WhenPlugin.When.IfContainer, Strategy: SequentialStrategy, Items[FINISHED]: 9
2026-05-30T22:59:11.6369|INFO|WhenCommon.cs|Execute|425|When: Execute done; InFlight -> false, Triggered false
2026-05-30T22:59:11.6379|INFO|MeridianFlipTrigger.cs|ShouldTrigger|265|Meridian Flip - There is still time remaining - max remaining time 05:48:46.2369554, next instruction time 0, next instruction Category: Utility, Item: WaitForTime, Time: 21:22:53h, Offset: -15 - and the telescope reports expected pier side pierWest. Automated Flip is not necessary.
2026-05-30T22:59:11.6383|INFO|SequenceItem.cs|Run|208|Starting Category: Utility, Item: WaitForTime, Time: 21:22:53h, Offset: -15
2026-05-30T22:59:11.6400|INFO|SequenceItem.cs|Run|254|Finishing Category: Utility, Item: WaitForTime, Time: 21:22:53h, Offset: -15
2026-05-30T22:59:11.6407|INFO|MeridianFlipTrigger.cs|ShouldTrigger|265|Meridian Flip - There is still time remaining - max remaining time 05:48:46.2369554, next instruction time 0, next instruction Category: Ground Station, Item: Send to Telegram - and the telescope reports expected pier side pierWest. Automated Flip is not necessary.
2026-05-30T22:59:11.6409|INFO|SequenceItem.cs|Run|208|Starting Category: Ground Station, Item: Send to Telegram
2026-05-30T22:59:12.2947|INFO|SequenceItem.cs|Run|254|Finishing Category: Ground Station, Item: Send to Telegram
2026-05-30T22:59:12.2953|INFO|MeridianFlipTrigger.cs|ShouldTrigger|265|Meridian Flip - There is still time remaining - max remaining time 05:48:44.2541971, next instruction time 0, next instruction Category: Ground Station, Item: Send to Pushover, Title: Focusing - and the telescope reports expected pier side pierWest. Automated Flip is not necessary.
2026-05-30T22:59:12.2954|INFO|SequenceItem.cs|Run|208|Starting Category: Ground Station, Item: Send to Pushover, Title: Focusing
2026-05-30T22:59:12.5590|INFO|SequenceItem.cs|Run|254|Finishing Category: Ground Station, Item: Send to Pushover, Title: Focusing
2026-05-30T22:59:12.5613|INFO|MeridianFlipTrigger.cs|ShouldTrigger|265|Meridian Flip - There is still time remaining - max remaining time 05:48:44.2541971, next instruction time 0, next instruction Category: Telescope, Item: SlewScopeToRaDec, Coordinates: RA: 00:00:00; Dec: 85° 00' 00"; Epoch: J2000 - and the telescope reports expected pier side pierWest. Automated Flip is not necessary.
2026-05-30T22:59:12.5620|INFO|SequenceItem.cs|Run|208|Starting Category: Telescope, Item: SlewScopeToRaDec, Coordinates: RA: 00:00:00; Dec: 85° 00' 00"; Epoch: J2000
2026-05-30T22:59:13.8974|INFO|PHD2Client.cs|ProcessEvent|268|PHD2: ConfigurationChange
2026-05-30T22:59:13.9155|WARNING|PHD2Client.cs|ProcessEvent|252|PHD2: LockPositionLost
2026-05-30T22:59:14.0476|INFO|PHD2Client.cs|QueryExposureTime|1216|PHD2Client: Exposure time from PHD2 API: 2.000 seconds (2000 ms)
2026-05-30T22:59:14.6089|INFO|TelescopeVM.cs|SlewAsyncInternal|910|Slewing from RA: 19:48:01; Dec: 90° 00' 00"; Epoch: JNOW to RA: 00:01:12; Dec: 85° 08' 33"; Epoch: JNOW - Alt: 27° 15' 48"; Az: 02° 37' 51"
2026-05-30T22:59:38.8421|INFO|PHD2Guider.cs|TryStartGuideCommand|641|Phd2 - Requesting to start guiding. Recalibrate: False
2026-05-30T22:59:46.1406|INFO|PHD2Client.cs|ProcessEvent|261|PHD2: StartGuiding
2026-05-30T22:59:46.1407|INFO|PHD2Client.cs|StartNewGuidingSession|393|PHD2Client: New guiding session started
2026-05-30T22:59:46.1529|INFO|PHD2Client.cs|QueryExposureTime|1216|PHD2Client: Exposure time from PHD2 API: 2.000 seconds (2000 ms)
2026-05-30T23:00:14.1915|INFO|PHD2Client.cs|HandleSettleDone|343|PHD2Client: SettleDone - Status=0, Success=True, TotalFrames=11, DroppedFrames=0
2026-05-30T23:00:14.1916|WARNING|DitherStatisticsVM.cs|OnPHD2SettleDone|772|⚠️ SettleDone received but no currentDither exists (race condition?)
2026-05-30T23:00:14.9740|INFO|SequenceItem.cs|Run|254|Finishing Category: Telescope, Item: SlewScopeToRaDec, Coordinates: RA: 00:00:00; Dec: 85° 00' 00"; Epoch: J2000
2026-05-30T23:00:14.9832|INFO|MeridianFlipTrigger.cs|ShouldTrigger|265|Meridian Flip - There is still time remaining - max remaining time 10:00:49.7882883, next instruction time 0, next instruction Category: Filter Wheel, Item: SwitchFilter, Filter: L - and the telescope reports expected pier side pierWest. Automated Flip is not necessary.
2026-05-30T23:00:14.9835|INFO|SequenceItem.cs|Run|208|Starting Category: Filter Wheel, Item: SwitchFilter, Filter: L
2026-05-30T23:00:14.9848|INFO|FilterWheelVM.cs|ChangeFilter|112|Moving to Filter L at Position 0
2026-05-30T23:00:15.1926|INFO|FocuserVM.cs|MoveFocuserInternal|216|Moving Focuser to position 387373
2026-05-30T23:00:24.7603|INFO|SequenceItem.cs|Run|254|Finishing Category: Filter Wheel, Item: SwitchFilter, Filter: L
2026-05-30T23:00:24.7607|INFO|MeridianFlipTrigger.cs|ShouldTrigger|265|Meridian Flip - There is still time remaining - max remaining time 10:00:38.1037789, next instruction time 180, next instruction Category: Focuser, Item: RunAutofocus - and the telescope reports expected pier side pierWest. Automated Flip is not necessary.
2026-05-30T23:00:24.7608|INFO|SequenceItem.cs|Run|208|Starting Category: Focuser, Item: RunAutofocus
2026-05-30T23:00:24.8854|INFO|FocuserMediator.cs|BroadcastAutoFocusRunStarting|92|Autofocus starting notification received
2026-05-30T23:00:26.9910|INFO|PHD2Client.cs|ProcessEvent|268|PHD2: ConfigurationChange
2026-05-30T23:00:27.0209|WARNING|PHD2Client.cs|ProcessEvent|252|PHD2: LockPositionLost
2026-05-30T23:00:27.1048|INFO|PHD2Client.cs|QueryExposureTime|1216|PHD2Client: Exposure time from PHD2 API: 2.000 seconds (2000 ms)
2026-05-30T23:00:27.9198|INFO|AutoFocusEngine.cs|RunAutoFocus|929|Starting AutoFocus with initial position 387373
2026-05-30T23:00:27.9252|INFO|CameraVM.cs|Capture|742|Starting Exposure - Exposure Time: 3s; Filter: L; Gain: 270; Offset 50; Binning: 1x1;
2026-05-30T23:00:32.5187|INFO|AutoFocusEngine.cs|StartBlindFocusPoints|769|Waiting on initial HFR analysis
2026-05-30T23:00:32.5206|INFO|FocuserVM.cs|MoveFocuserInternal|216|Moving Focuser to position 387509
2026-05-30T23:00:33.8607|INFO|HocusFocusStarDetection.cs|Detect|413|Average HFR: 1.7976966519748048, HFR MAD: 0.20446344993207397, Detected Stars 227, Region: 0
2026-05-30T23:00:36.7375|INFO|CameraVM.cs|Capture|742|Starting Exposure - Exposure Time: 3s; Filter: L; Gain: 270; Offset 50; Binning: 1x1;
2026-05-30T23:00:38.5917|INFO|TsProgressReader.cs|ReadProgressDelta|75|[Subframes] TS progress delta: DB not found at C:\Users\nicka\AppData\Local\NINA\SchedulerPlugin — Target Scheduler not installed or DB path mismatch.
2026-05-30T23:00:41.3491|INFO|FocuserVM.cs|MoveFocuserInternal|216|Moving Focuser to position 387475
2026-05-30T23:00:42.6841|INFO|HocusFocusStarDetection.cs|Detect|413|Average HFR: 4.248788994347879, HFR MAD: 1.6729783589342844, Detected Stars 55, Region: 0
2026-05-30T23:00:48.7376|INFO|CameraVM.cs|Capture|742|Starting Exposure - Exposure Time: 3s; Filter: L; Gain: 270; Offset 50; Binning: 1x1;
2026-05-30T23:00:53.3283|INFO|FocuserVM.cs|MoveFocuserInternal|216|Moving Focuser to position 387441
2026-05-30T23:00:54.6596|INFO|HocusFocusStarDetection.cs|Detect|413|Average HFR: 3.173021483702871, HFR MAD: 1.1475648564699084, Detected Stars 98, Region: 0
2026-05-30T23:01:00.7789|INFO|CameraVM.cs|Capture|742|Starting Exposure - Exposure Time: 3s; Filter: L; Gain: 270; Offset 50; Binning: 1x1;
2026-05-30T23:01:05.3773|INFO|FocuserVM.cs|MoveFocuserInternal|216|Moving Focuser to position 387407
2026-05-30T23:01:06.7108|INFO|HocusFocusStarDetection.cs|Detect|413|Average HFR: 2.7736483650264194, HFR MAD: 0.8268021302533167, Detected Stars 156, Region: 0
2026-05-30T23:01:12.7618|INFO|CameraVM.cs|Capture|742|Starting Exposure - Exposure Time: 3s; Filter: L; Gain: 270; Offset 50; Binning: 1x1;
2026-05-30T23:01:17.3497|INFO|AutoFocusEngine.cs|StartBlindFocusPoints|797|Waiting on initial focuser move analyses
2026-05-30T23:01:18.7059|INFO|HocusFocusStarDetection.cs|Detect|413|Average HFR: 2.291172341815614, HFR MAD: 0.5400553939526145, Detected Stars 217, Region: 0
2026-05-30T23:01:18.7321|INFO|FocuserVM.cs|MoveFocuserInternal|216|Moving Focuser to position 387373
2026-05-30T23:01:26.7642|INFO|CameraVM.cs|Capture|742|Starting Exposure - Exposure Time: 3s; Filter: L; Gain: 270; Offset 50; Binning: 1x1;
2026-05-30T23:01:31.3660|INFO|AutoFocusEngine.cs|StartBlindFocusPoints|870|Waiting on next left movement analysis
2026-05-30T23:01:32.6931|INFO|HocusFocusStarDetection.cs|Detect|413|Average HFR: 1.8242368408457514, HFR MAD: 0.2287096650083122, Detected Stars 229, Region: 0
2026-05-30T23:01:32.7458|INFO|FocuserVM.cs|MoveFocuserInternal|216|Moving Focuser to position 387339
2026-05-30T23:01:40.7652|INFO|CameraVM.cs|Capture|742|Starting Exposure - Exposure Time: 3s; Filter: L; Gain: 270; Offset 50; Binning: 1x1;
2026-05-30T23:01:45.3535|INFO|AutoFocusEngine.cs|StartBlindFocusPoints|870|Waiting on next left movement analysis
2026-05-30T23:01:46.7079|INFO|HocusFocusStarDetection.cs|Detect|413|Average HFR: 1.801569426994594, HFR MAD: 0.16790019832987907, Detected Stars 265, Region: 0
2026-05-30T23:01:46.7350|INFO|FocuserVM.cs|MoveFocuserInternal|216|Moving Focuser to position 387305
2026-05-30T23:01:54.7630|INFO|CameraVM.cs|Capture|742|Starting Exposure - Exposure Time: 3s; Filter: L; Gain: 270; Offset 50; Binning: 1x1;
2026-05-30T23:01:59.3537|INFO|AutoFocusEngine.cs|StartBlindFocusPoints|870|Waiting on next left movement analysis
2026-05-30T23:02:00.6979|INFO|HocusFocusStarDetection.cs|Detect|413|Average HFR: 2.362405839039648, HFR MAD: 0.2999688460307009, Detected Stars 289, Region: 0
2026-05-30T23:02:00.7453|INFO|FocuserVM.cs|MoveFocuserInternal|216|Moving Focuser to position 387271
2026-05-30T23:02:08.7610|INFO|CameraVM.cs|Capture|742|Starting Exposure - Exposure Time: 3s; Filter: L; Gain: 270; Offset 50; Binning: 1x1;
2026-05-30T23:02:13.3561|INFO|AutoFocusEngine.cs|StartBlindFocusPoints|870|Waiting on next left movement analysis
2026-05-30T23:02:14.9100|INFO|HocusFocusStarDetection.cs|Detect|413|Average HFR: 3.605979242815201, HFR MAD: 0.36743608133691086, Detected Stars 172, Region: 0
2026-05-30T23:02:14.9377|INFO|AutoFocusEngine.cs|StartBlindFocusPoints|841|Enough right trend points (4) with an established minimum (387339) to queue remaining left focus points down to 387203
2026-05-30T23:02:14.9393|INFO|FocuserVM.cs|MoveFocuserInternal|216|Moving Focuser to position 387237
2026-05-30T23:02:24.7672|INFO|CameraVM.cs|Capture|742|Starting Exposure - Exposure Time: 3s; Filter: L; Gain: 270; Offset 50; Binning: 1x1;
2026-05-30T23:02:29.3742|INFO|FocuserVM.cs|MoveFocuserInternal|216|Moving Focuser to position 387203
2026-05-30T23:02:30.7195|INFO|HocusFocusStarDetection.cs|Detect|413|Average HFR: 5.053091943674228, HFR MAD: 0.39218940851947004, Detected Stars 99, Region: 0
2026-05-30T23:02:36.7363|INFO|CameraVM.cs|Capture|742|Starting Exposure - Exposure Time: 3s; Filter: L; Gain: 270; Offset 50; Binning: 1x1;
2026-05-30T23:02:41.3202|INFO|AutoFocusEngine.cs|StartBlindFocusPoints|896|Waiting on remaining AutoFocus analysis tasks
2026-05-30T23:02:42.6273|INFO|HocusFocusStarDetection.cs|Detect|413|Average HFR: 6.880814399782306, HFR MAD: 0.4440377388122523, Detected Stars 50, Region: 0
2026-05-30T23:02:42.6840|INFO|FocuserVM.cs|MoveFocuserInternal|216|Moving Focuser to position 387343
2026-05-30T23:02:46.7593|INFO|AutoFocusEngine.cs|ValidateCalculatedFocusPosition|1141|Validating HFR at final focus position 387343
2026-05-30T23:02:46.7652|INFO|CameraVM.cs|Capture|742|Starting Exposure - Exposure Time: 3s; Filter: L; Gain: 270; Offset 50; Binning: 1x1;
2026-05-30T23:02:52.7125|INFO|HocusFocusStarDetection.cs|Detect|413|Average HFR: 1.8008376621968007, HFR MAD: 0.1671069502937325, Detected Stars 255, Region: 0
2026-05-30T23:02:52.7131|INFO|HocusFocusVM.cs|AutoFocusEngine_Completed|472|AutoFocus completed with focuser starting at 387373 and ending at 387343
2026-05-30T23:02:52.7149|INFO|FocuserMediator.cs|BroadcastSuccessfulAutoFocusRun|46|Autofocus notification received - Temperature 30.639999389648438
2026-05-30T23:02:52.7227|INFO|PHD2Guider.cs|TryStartGuideCommand|641|Phd2 - Requesting to start guiding. Recalibrate: False
2026-05-30T23:03:00.0201|INFO|PHD2Client.cs|ProcessEvent|261|PHD2: StartGuiding
2026-05-30T23:03:00.0201|INFO|PHD2Client.cs|StartNewGuidingSession|393|PHD2Client: New guiding session started
2026-05-30T23:03:00.0321|INFO|PHD2Client.cs|QueryExposureTime|1216|PHD2Client: Exposure time from PHD2 API: 2.000 seconds (2000 ms)
2026-05-30T23:03:24.2370|INFO|PHD2Client.cs|HandleSettleDone|343|PHD2Client: SettleDone - Status=0, Success=True, TotalFrames=10, DroppedFrames=0
2026-05-30T23:03:24.2371|WARNING|DitherStatisticsVM.cs|OnPHD2SettleDone|772|⚠️ SettleDone received but no currentDither exists (race condition?)
2026-05-30T23:03:24.8804|INFO|SequenceItem.cs|Run|254|Finishing Category: Focuser, Item: RunAutofocus
2026-05-30T23:03:24.8809|INFO|MeridianFlipTrigger.cs|ShouldTrigger|265|Meridian Flip - There is still time remaining - max remaining time 09:57:37.4662470, next instruction time 0, next instruction Category: Utility, Item: WaitForTime, Time: 21:37:53h, Offset: 0 - and the telescope reports expected pier side pierWest. Automated Flip is not necessary.
2026-05-30T23:03:24.8813|INFO|SequenceItem.cs|Run|208|Starting Category: Utility, Item: WaitForTime, Time: 21:37:53h, Offset: 0
2026-05-30T23:03:24.8814|INFO|SequenceItem.cs|Run|254|Finishing Category: Utility, Item: WaitForTime, Time: 21:37:53h, Offset: 0
2026-05-30T23:03:24.8816|INFO|MeridianFlipTrigger.cs|ShouldTrigger|265|Meridian Flip - There is still time remaining - max remaining time 09:57:37.4662470, next instruction time 0, next instruction Category: Ground Station, Item: Send to Telegram - and the telescope reports expected pier side pierWest. Automated Flip is not necessary.
2026-05-30T23:03:24.8819|INFO|SequenceItem.cs|Run|208|Starting Category: Ground Station, Item: Send to Telegram
2026-05-30T23:03:25.5186|INFO|SequenceItem.cs|Run|254|Finishing Category: Ground Station, Item: Send to Telegram
2026-05-30T23:03:25.5190|INFO|MeridianFlipTrigger.cs|ShouldTrigger|265|Meridian Flip - There is still time remaining - max remaining time 09:57:37.4662470, next instruction time 0, next instruction Category: Ground Station, Item: Send to Pushover, Title: Focus Done - and the telescope reports expected pier side pierWest. Automated Flip is not necessary.
2026-05-30T23:03:25.5190|INFO|SequenceItem.cs|Run|208|Starting Category: Ground Station, Item: Send to Pushover, Title: Focus Done
2026-05-30T23:03:25.6772|INFO|SequenceItem.cs|Run|254|Finishing Category: Ground Station, Item: Send to Pushover, Title: Focus Done
2026-05-30T23:03:25.6784|INFO|MeridianFlipTrigger.cs|ShouldTrigger|265|Meridian Flip - There is still time remaining - max remaining time 09:57:37.4662470, next instruction time 0, next instruction Night Summary - Start Session - and the telescope reports expected pier side pierWest. Automated Flip is not necessary.
2026-05-30T23:03:25.6791|INFO|SequenceItem.cs|Run|208|Starting Night Summary - Start Session
2026-05-30T23:03:25.6803|INFO|NightSummaryInstruction.cs|Execute|29|NightSummary: Start Session instruction executing
2026-05-30T23:03:25.7196|INFO|SessionCollector.cs|StartSession|103|NightSummary: Session started. SessionId=ea8840c1-43b5-46ee-b2ba-1b8ffdc91851
2026-05-30T23:03:25.7384|INFO|SessionService.cs|StartSession|143|NightSummary: Stored camera info — 3008×3008px, 3.76µm, 360mm focal
2026-05-30T23:03:25.7602|INFO|SessionService.cs|CaptureEquipmentNames|1112|NightSummary: Equipment captured — Camera=ZWO ASI533MM Pro, Telescope=AT60, Mount=iOptron CEM120,70,40,26, GEM, HEM, HAE, HAZ series and SkyHunter Mount, FilterWheel=ZWO FilterWheel, Focuser=ZWO Focuser, Rotator=n/a, Guider=PHD2
2026-05-30T23:03:25.7615|INFO|LiveStackCapture.cs|.ctor|52|NightSummary: LiveStackCapture subscribed to broadcast topic
2026-05-30T23:03:25.7616|INFO|SessionService.cs|StartSession|164|NightSummary: LiveStack capture started for this session
2026-05-30T23:03:25.7616|INFO|SequenceItem.cs|Run|254|Finishing Night Summary - Start Session
2026-05-30T23:03:25.7626|INFO|MeridianFlipTrigger.cs|ShouldTrigger|265|Meridian Flip - There is still time remaining - max remaining time 09:57:37.4662470, next instruction time 0, next instruction [StartSubframesSession] Target='Unknown Target' RA=0.0000 Dec=0.0000 - and the telescope reports expected pier side pierWest. Automated Flip is not necessary.
2026-05-30T23:03:25.7630|INFO|SequenceItem.cs|Run|208|Starting [StartSubframesSession] Target='Unknown Target' RA=0.0000 Dec=0.0000
2026-05-30T23:03:25.7706|INFO|TsPlannedTargetReader.cs|ReadPlannedTargets|28|[Subframes] Target Scheduler not detected (no database at C:\Users\nicka\AppData\Local\NINA\SchedulerPlugin)
2026-05-30T23:03:25.7707|INFO|StartSessionItem.cs|Execute|149|[Subframes] No Target Scheduler planned targets to include in session start
2026-05-30T23:03:25.9428|INFO|SubframesClient.cs|StartSessionAsync|230|[Subframes] Session started: 470187b8-716c-4f60-bb85-9fd78307165c for target ''
2026-05-30T23:03:25.9534|INFO|SessionService.cs|StartSessionAsync|362|[Subframes] Session started: 470187b8-716c-4f60-bb85-9fd78307165c target=''
2026-05-30T23:03:25.9580|INFO|Plugin.cs|OnSessionStarted|501|[Subframes] TS preview state: -> ACTIVE (session started).
2026-05-30T23:03:25.9583|INFO|CacheReplayEngine.cs|PauseForLiveSession|83|[Subframes] CacheReplayEngine: paused for live session.
2026-05-30T23:03:25.9592|INFO|SessionService.cs|RegisterSessionEventConsumers|1378|[Subframes] Registered as IFocuserConsumer — UpdateEndAutoFocusRun will be called by NINA after each autofocus run.
2026-05-30T23:03:25.9684|INFO|StartSessionItem.cs|Execute|177|[Subframes] StartSessionItem complete — session 470187b8-716c-4f60-bb85-9fd78307165c
2026-05-30T23:03:25.9686|INFO|SequenceItem.cs|Run|254|Finishing [StartSubframesSession] Target='Unknown Target' RA=0.0000 Dec=0.0000
2026-05-30T23:03:25.9707|INFO|MeridianFlipTrigger.cs|ShouldTrigger|265|Meridian Flip - There is still time remaining - max remaining time 09:57:37.4662470, next instruction time 0, next instruction Category: Target Scheduler, Container: NINA.Plugin.TargetScheduler.Sequencer.TargetSchedulerContainer, Strategy: SequentialStrategy, Target:  RA: 00:00:00; Dec: 00° 00' 00"; Epoch: J2000 0 - and the telescope reports expected pier side pierWest. Automated Flip is not necessary.
2026-05-30T23:03:25.9710|INFO|SequenceItem.cs|Run|208|Starting Category: Target Scheduler, Container: NINA.Plugin.TargetScheduler.Sequencer.TargetSchedulerContainer, Strategy: SequentialStrategy, Target:  RA: 00:00:00; Dec: 00° 00' 00"; Epoch: J2000 0
2026-05-30T23:03:26.2141|INFO|Symbol.cs|OnMessageReceived|627|Received message from Target Scheduler re: TargetScheduler-NewTargetStart
2026-05-30T23:03:26.2144|INFO|Symbol.cs|OnMessageReceived|635|TS_TargetName = M 51
2026-05-30T23:03:26.2145|INFO|Symbol.cs|OnMessageReceived|636|Expires at 05/31/2026 03:45:41 -05:00
2026-05-30T23:03:26.2156|INFO|Symbol.cs|OnMessageReceived|627|Received message from Target Scheduler re: TargetScheduler-NewTargetStart
2026-05-30T23:03:26.2158|INFO|Symbol.cs|OnMessageReceived|635|TS_TargetName = M 51
2026-05-30T23:03:26.2158|INFO|Symbol.cs|OnMessageReceived|636|Expires at 05/31/2026 03:45:41 -05:00
2026-05-30T23:03:26.2286|INFO|Symbol.cs|OnMessageReceived|627|Received message from Target Scheduler re: TargetScheduler-TargetStart
2026-05-30T23:03:26.2287|INFO|Symbol.cs|OnMessageReceived|635|TS_TargetName = M 51
2026-05-30T23:03:26.2287|INFO|Symbol.cs|OnMessageReceived|636|Expires at 05/31/2026 03:45:41 -05:00
2026-05-30T23:03:26.2288|INFO|Symbol.cs|OnMessageReceived|627|Received message from Target Scheduler re: TargetScheduler-TargetStart
2026-05-30T23:03:26.2288|INFO|Symbol.cs|OnMessageReceived|635|TS_TargetName = M 51
2026-05-30T23:03:26.2288|INFO|Symbol.cs|OnMessageReceived|636|Expires at 05/31/2026 03:45:41 -05:00
2026-05-30T23:03:26.2304|INFO|MeridianFlipTrigger.cs|ShouldTrigger|265|Meridian Flip - There is still time remaining - max remaining time 09:57:35.2265636, next instruction time 0, next instruction NINA.Plugin.TargetScheduler.Sequencer.PlanSchedulerProgress - and the telescope reports expected pier side pierWest. Automated Flip is not necessary.
2026-05-30T23:03:26.2308|INFO|SequenceItem.cs|Run|208|Starting NINA.Plugin.TargetScheduler.Sequencer.PlanSchedulerProgress
2026-05-30T23:03:26.2353|INFO|SequenceItem.cs|Run|254|Finishing NINA.Plugin.TargetScheduler.Sequencer.PlanSchedulerProgress
2026-05-30T23:03:26.2447|INFO|MeridianFlipTrigger.cs|ShouldTrigger|265|Meridian Flip - There is still time remaining - max remaining time 09:57:35.2265636, next instruction time 0, next instruction Category: Scheduler, Item: Center, Coordinates RA: 13:29:53; Dec: 47° 11' 43"; Epoch: J2000 - and the telescope reports expected pier side pierWest. Automated Flip is not necessary.
2026-05-30T23:03:26.2448|INFO|SequenceItem.cs|Run|208|Starting Category: Scheduler, Item: Center, Coordinates RA: 13:29:53; Dec: 47° 11' 43"; Epoch: J2000
2026-05-30T23:03:26.3933|INFO|PHD2Client.cs|ProcessEvent|268|PHD2: ConfigurationChange
2026-05-30T23:03:26.4035|WARNING|PHD2Client.cs|ProcessEvent|252|PHD2: LockPositionLost
2026-05-30T23:03:26.4968|INFO|PHD2Client.cs|QueryExposureTime|1216|PHD2Client: Exposure time from PHD2 API: 2.000 seconds (2000 ms)
2026-05-30T23:03:27.3601|INFO|TelescopeVM.cs|SlewAsyncInternal|910|Slewing from RA: 00:01:08; Dec: 85° 08' 31"; Epoch: JNOW to RA: 13:31:01; Dec: 47° 03' 38"; Epoch: JNOW - Alt: 73° 28' 54"; Az: 342° 01' 10"
2026-05-30T23:03:30.9705|WARNING|TsPreviewClient.cs|FetchPreviewAsync|161|[Subframes] TsPreviewClient.FetchPreviewAsync failed for profile '533M-AT60' (0173997c-4bfa-48fd-9337-a48b6df99c38): TaskCanceledException: The request was canceled due to the configured HttpClient.Timeout of 5 seconds elapsing.
2026-05-30T23:03:38.9876|WARNING|TsPreviewClient.cs|FetchPreviewAsync|161|[Subframes] TsPreviewClient.FetchPreviewAsync failed for profile '533M-AT60' (0173997c-4bfa-48fd-9337-a48b6df99c38): TaskCanceledException: The request was canceled due to the configured HttpClient.Timeout of 5 seconds elapsing.
2026-05-30T23:03:38.9878|INFO|Plugin.cs|TrySendStationHeartbeatDebounced|971|[Subframes] Firing station heartbeat [session started].
2026-05-30T23:03:38.9881|INFO|TsProgressReader.cs|ReadProgressDelta|75|[Subframes] TS progress delta: DB not found at C:\Users\nicka\AppData\Local\NINA\SchedulerPlugin — Target Scheduler not installed or DB path mismatch.
2026-05-30T23:03:45.7403|INFO|CacheReplayEngine.cs|RunOneReplayPassAsync|151|[Subframes] CacheReplayEngine: 1 session(s) pending replay.
2026-05-30T23:03:48.5479|INFO|CameraVM.cs|Capture|742|Starting Exposure - Exposure Time: 2s; Filter: L; Gain: 275; Offset 50; Binning: 1x1;
2026-05-30T23:03:52.7902|INFO|ImageSolver.cs|Solve|41|Platesolving with parameters: FocalLength: 360 PixelSize: 3.76 SearchRadius: 30 BlindFailoverEnabled: True Regions: 5000 DownSampleFactor: 0 MaxObjects: 500 Reference Coordinates RA: 13:29:53 Dec: 47° 11' 43" Epoch: J2000
2026-05-30T23:03:53.1426|INFO|BaseImageData.cs|SaveToDisk|346|Saved image to C:\Users\nicka\AppData\Local\NINA\PlateSolver\rk4vmue5.0ep.fits
2026-05-30T23:03:54.1522|INFO|ImageSolver.cs|Solve|54|Platesolve successful: Coordinates: RA: 13:33:33; Dec: 51° 49' 46"; Epoch: J2000 - Position Angle: 275.61933661697833
2026-05-30T23:03:54.1530|INFO|CenteringSolver.cs|Center|99|Centering Solver - Scope Position: RA: 13:31:01; Dec: 47° 03' 38"; Epoch: JNOW; Offset: RA: 00:00:00; Dec: 00° 00' 00"; Distance: 00° 00' 00"; Bearing: 00° 00' 00"; Centering Coordinates: RA: 13:31:01; Dec: 47° 03' 38"; Epoch: JNOW; Solved: RA: 13:34:39; Dec: 51° 41' 45"; Epoch: JNOW; Separation RA: -00:03:38; Dec: -04° 38' 07"; Distance: 04° 40' 21"; Bearing: -06° 55' 14"; Threshold: 2
2026-05-30T23:03:54.6665|INFO|TelescopeVM.cs|Sync|777|Syncing scope from RA: 13:31:01; Dec: 47° 03' 38"; Epoch: JNOW to RA: 13:34:39; Dec: 51° 41' 45"; Epoch: JNOW
2026-05-30T23:03:59.6669|INFO|CenteringSolver.cs|Center|132|Slewing to target after sync. Current Position: RA: 13:34:39; Dec: 51° 41' 45"; Epoch: JNOW; Target coordinates: RA: 13:31:01; Dec: 47° 03' 38"; Epoch: JNOW; Offset RA: 00:00:00; Dec: 00° 00' 00"; Distance: 00° 00' 00"; Bearing: 00° 00' 00"
2026-05-30T23:03:59.6680|INFO|TelescopeVM.cs|SlewAsyncInternal|910|Slewing from RA: 13:34:39; Dec: 51° 41' 45"; Epoch: JNOW to RA: 13:31:01; Dec: 47° 03' 38"; Epoch: JNOW - Alt: 73° 26' 45"; Az: 341° 43' 19"
2026-05-30T23:04:08.8284|INFO|CameraVM.cs|Capture|742|Starting Exposure - Exposure Time: 2s; Filter: L; Gain: 275; Offset 50; Binning: 1x1;
2026-05-30T23:04:13.0746|INFO|ImageSolver.cs|Solve|41|Platesolving with parameters: FocalLength: 360 PixelSize: 3.76 SearchRadius: 30 BlindFailoverEnabled: True Regions: 5000 DownSampleFactor: 0 MaxObjects: 500 Reference Coordinates RA: 13:29:53 Dec: 47° 11' 43" Epoch: J2000
2026-05-30T23:04:13.4219|INFO|BaseImageData.cs|SaveToDisk|346|Saved image to C:\Users\nicka\AppData\Local\NINA\PlateSolver\n1o1uw24.oee.fits
2026-05-30T23:04:14.2500|INFO|ImageSolver.cs|Solve|54|Platesolve successful: Coordinates: RA: 13:29:52; Dec: 47° 11' 55"; Epoch: J2000 - Position Angle: 275.60675421871844
2026-05-30T23:04:14.2511|INFO|CenteringSolver.cs|Center|99|Centering Solver - Scope Position: RA: 13:31:02; Dec: 47° 03' 38"; Epoch: JNOW; Offset: RA: 00:00:00; Dec: 00° 00' 00"; Distance: 00° 00' 00"; Bearing: 00° 00' 00"; Centering Coordinates: RA: 13:31:01; Dec: 47° 03' 38"; Epoch: JNOW; Solved: RA: 13:31:01; Dec: 47° 03' 50"; Epoch: JNOW; Separation RA: 00:00:00; Dec: -00° 00' 12"; Distance: 00° 00' 12"; Bearing: 13° 47' 52"; Threshold: 2
2026-05-30T23:04:14.2512|INFO|CenteringSolver.cs|Center|165|Restoring filter to L after centering
2026-05-30T23:04:14.2567|INFO|PHD2Guider.cs|TryStartGuideCommand|641|Phd2 - Requesting to start guiding. Recalibrate: False
2026-05-30T23:04:21.4300|INFO|PHD2Client.cs|ProcessEvent|268|PHD2: ConfigurationChange
2026-05-30T23:04:21.4718|INFO|PHD2Client.cs|QueryExposureTime|1216|PHD2Client: Exposure time from PHD2 API: 2.000 seconds (2000 ms)
2026-05-30T23:04:21.5675|INFO|PHD2Client.cs|ProcessEvent|261|PHD2: StartGuiding
2026-05-30T23:04:21.5676|INFO|PHD2Client.cs|StartNewGuidingSession|393|PHD2Client: New guiding session started
2026-05-30T23:04:21.5781|INFO|PHD2Client.cs|QueryExposureTime|1216|PHD2Client: Exposure time from PHD2 API: 2.000 seconds (2000 ms)
2026-05-30T23:04:45.2465|INFO|PHD2Client.cs|HandleSettleDone|343|PHD2Client: SettleDone - Status=0, Success=True, TotalFrames=10, DroppedFrames=0
2026-05-30T23:04:45.2466|WARNING|DitherStatisticsVM.cs|OnPHD2SettleDone|772|⚠️ SettleDone received but no currentDither exists (race condition?)
2026-05-30T23:04:45.3597|INFO|SequenceItem.cs|Run|254|Finishing Category: Scheduler, Item: Center, Coordinates RA: 13:29:53; Dec: 47° 11' 43"; Epoch: J2000
2026-05-30T23:04:45.3605|INFO|MeridianFlipTrigger.cs|ShouldTrigger|265|Meridian Flip - There is still time remaining - max remaining time 11:26:11.0672834, next instruction time 0, next instruction NINA.Plugin.TargetScheduler.Sequencer.PlanSchedulerProgress - and the telescope reports expected pier side pierEast. Automated Flip is not necessary.
2026-05-30T23:04:45.3606|INFO|SequenceItem.cs|Run|208|Starting NINA.Plugin.TargetScheduler.Sequencer.PlanSchedulerProgress
2026-05-30T23:04:45.3625|INFO|SequenceItem.cs|Run|254|Finishing NINA.Plugin.TargetScheduler.Sequencer.PlanSchedulerProgress
2026-05-30T23:04:45.3631|INFO|MeridianFlipTrigger.cs|ShouldTrigger|265|Meridian Flip - There is still time remaining - max remaining time 11:26:11.0672834, next instruction time 0, next instruction Category: , Container: NINA.Plugin.TargetScheduler.Sequencer.InstructionContainer, Strategy: InstructionContainerStrategy, Items[CREATED]: 2 - and the telescope reports expected pier side pierEast. Automated Flip is not necessary.
2026-05-30T23:04:45.3632|INFO|SequenceItem.cs|Run|208|Starting Category: , Container: NINA.Plugin.TargetScheduler.Sequencer.InstructionContainer, Strategy: InstructionContainerStrategy, Items[CREATED]: 2
2026-05-30T23:04:45.3675|INFO|MeridianFlipTrigger.cs|ShouldTrigger|265|Meridian Flip - There is still time remaining - max remaining time 11:26:11.0672834, next instruction time 0, next instruction [SubframesStartTarget] Target='Unknown Target' RA=0.0000 Dec=0.0000 - and the telescope reports expected pier side pierEast. Automated Flip is not necessary.
2026-05-30T23:04:45.3679|INFO|SequenceItem.cs|Run|208|Starting [SubframesStartTarget] Target='Unknown Target' RA=0.0000 Dec=0.0000
2026-05-30T23:04:45.3980|INFO|StartTargetItem.cs|Execute|95|[Subframes] StartTargetItem: target start returned null (API unavailable or older version).
2026-05-30T23:04:45.3982|INFO|SequenceItem.cs|Run|254|Finishing [SubframesStartTarget] Target='Unknown Target' RA=0.0000 Dec=0.0000
2026-05-30T23:04:45.3988|INFO|MeridianFlipTrigger.cs|ShouldTrigger|265|Meridian Flip - There is still time remaining - max remaining time 11:26:11.0672834, next instruction time 0, next instruction Category: Ground Station, Item: Send to Telegram - and the telescope reports expected pier side pierEast. Automated Flip is not necessary.
2026-05-30T23:04:45.3989|INFO|SequenceItem.cs|Run|208|Starting Category: Ground Station, Item: Send to Telegram
2026-05-30T23:04:46.0259|INFO|SequenceItem.cs|Run|254|Finishing Category: Ground Station, Item: Send to Telegram
2026-05-30T23:04:46.0269|INFO|SequenceItem.cs|Run|254|Finishing Category: , Container: NINA.Plugin.TargetScheduler.Sequencer.InstructionContainer, Strategy: InstructionContainerStrategy, Items[FINISHED]: 2
2026-05-30T23:04:46.0272|INFO|MeridianFlipTrigger.cs|ShouldTrigger|265|Meridian Flip - There is still time remaining - max remaining time 11:26:11.0672834, next instruction time 0, next instruction NINA.Plugin.TargetScheduler.Sequencer.PlanSchedulerProgress - and the telescope reports expected pier side pierEast. Automated Flip is not necessary.
2026-05-30T23:04:46.0273|INFO|SequenceItem.cs|Run|208|Starting NINA.Plugin.TargetScheduler.Sequencer.PlanSchedulerProgress
2026-05-30T23:04:46.0448|INFO|SequenceItem.cs|Run|254|Finishing NINA.Plugin.TargetScheduler.Sequencer.PlanSchedulerProgress
2026-05-30T23:04:46.0454|INFO|MeridianFlipTrigger.cs|ShouldTrigger|265|Meridian Flip - There is still time remaining - max remaining time 11:26:11.0672834, next instruction time 0, next instruction Category: Scheduler, Item: SwitchFilter, Filter: H - and the telescope reports expected pier side pierEast. Automated Flip is not necessary.
2026-05-30T23:04:46.0454|INFO|SequenceItem.cs|Run|208|Starting Category: Scheduler, Item: SwitchFilter, Filter: H
2026-05-30T23:04:46.0628|INFO|FilterWheelVM.cs|ChangeFilter|112|Moving to Filter H at Position 5
2026-05-30T23:04:46.2662|INFO|FocuserVM.cs|MoveFocuserInternal|216|Moving Focuser to position 387365
2026-05-30T23:04:50.7350|INFO|SequenceItem.cs|Run|254|Finishing Category: Scheduler, Item: SwitchFilter, Filter: H
2026-05-30T23:04:50.7355|INFO|MeridianFlipTrigger.cs|ShouldTrigger|265|Meridian Flip - There is still time remaining - max remaining time 11:26:05.1659594, next instruction time 0, next instruction NINA.Plugin.TargetScheduler.Sequencer.PlanSchedulerProgress - and the telescope reports expected pier side pierEast. Automated Flip is not necessary.
2026-05-30T23:04:50.7356|INFO|SequenceItem.cs|Run|208|Starting NINA.Plugin.TargetScheduler.Sequencer.PlanSchedulerProgress
2026-05-30T23:04:50.7356|INFO|SequenceItem.cs|Run|254|Finishing NINA.Plugin.TargetScheduler.Sequencer.PlanSchedulerProgress
2026-05-30T23:04:50.7363|INFO|MeridianFlipTrigger.cs|ShouldTrigger|265|Meridian Flip - There is still time remaining - max remaining time 11:26:05.1659594, next instruction time 0, next instruction Category: Scheduler, Item: SetReadoutMode, Mode: 0 - and the telescope reports expected pier side pierEast. Automated Flip is not necessary.
2026-05-30T23:04:50.7366|INFO|SequenceItem.cs|Run|208|Starting Category: Scheduler, Item: SetReadoutMode, Mode: 0
2026-05-30T23:04:50.7378|INFO|SequenceItem.cs|Run|254|Finishing Category: Scheduler, Item: SetReadoutMode, Mode: 0
2026-05-30T23:04:50.7382|INFO|MeridianFlipTrigger.cs|ShouldTrigger|265|Meridian Flip - There is still time remaining - max remaining time 11:26:05.1659594, next instruction time 0, next instruction NINA.Plugin.TargetScheduler.Sequencer.PlanSchedulerProgress - and the telescope reports expected pier side pierEast. Automated Flip is not necessary.
2026-05-30T23:04:50.7382|INFO|SequenceItem.cs|Run|208|Starting NINA.Plugin.TargetScheduler.Sequencer.PlanSchedulerProgress
2026-05-30T23:04:50.7647|INFO|SequenceItem.cs|Run|254|Finishing NINA.Plugin.TargetScheduler.Sequencer.PlanSchedulerProgress
2026-05-30T23:04:50.7842|INFO|MeridianFlipTrigger.cs|ShouldTrigger|265|Meridian Flip - There is still time remaining - max remaining time 11:26:05.1659594, next instruction time 600, next instruction Category: Scheduler, Item: TakeExposure, ExposureTime 600, Gain 100, Offset 50, ImageType LIGHT, Binning 1x1 - and the telescope reports expected pier side pierEast. Automated Flip is not necessary.
2026-05-30T23:04:50.7844|INFO|DIYTrigger.cs|ShouldTrigger|109|DIY Trigger Restore Guiding ShouldTrigger returning true
2026-05-30T23:04:50.7844|INFO|SequenceTrigger.cs|Run|114|Starting Category: Powerups (Misc), Item: DIYTrigger
2026-05-30T23:04:50.7883|INFO|DIYTrigger.cs|Execute|95|DIY Trigger executing...
2026-05-30T23:04:50.7887|INFO|SequenceItem.cs|Run|208|Starting Category: * Instruction Set *, Container: NINA.Sequencer.Container.SequentialContainer, Strategy: SequentialStrategy, Items[CREATED]: 1, Triggers: Trigger: RestoreGuiding
2026-05-30T23:04:50.7893|INFO|MeridianFlipTrigger.cs|ShouldTrigger|265|Meridian Flip - There is still time remaining - max remaining time 11:26:05.1659594, next instruction time 0, next instruction Category: Powerups (Expressions), Item: IfFailed - and the telescope reports expected pier side pierEast. Automated Flip is not necessary.
2026-05-30T23:04:50.7896|INFO|SequenceItem.cs|Run|208|Starting Category: Powerups (Expressions), Item: IfFailed
2026-05-30T23:04:50.7911|INFO|SequenceItem.cs|Run|208|Starting Category: Guider, Item: StartGuiding
2026-05-30T23:04:50.7942|INFO|PHD2Guider.cs|StartGuidingPrivate|504|Phd2 - App is already guiding. Skipping start guiding
2026-05-30T23:04:50.7944|INFO|SequenceItem.cs|Run|254|Finishing Category: Guider, Item: StartGuiding
2026-05-30T23:04:50.7953|INFO|SequenceItem.cs|Run|254|Finishing Category: Powerups (Expressions), Item: IfFailed
2026-05-30T23:04:50.7958|INFO|SequenceItem.cs|Run|254|Finishing Category: * Instruction Set *, Container: NINA.Sequencer.Container.SequentialContainer, Strategy: SequentialStrategy, Items[FINISHED]: 1, Triggers: Trigger: RestoreGuiding
2026-05-30T23:04:50.7991|INFO|SequenceItem.cs|Run|208|Starting Category: Scheduler, Item: TakeExposure, ExposureTime 600, Gain 100, Offset 50, ImageType LIGHT, Binning 1x1
2026-05-30T23:04:50.8101|INFO|CameraVM.cs|Capture|742|Starting Exposure - Exposure Time: 600s; Filter: ; Gain: 100; Offset 50; Binning: 1x1;
2026-05-30T23:05:38.5928|INFO|TsProgressReader.cs|ReadProgressDelta|75|[Subframes] TS progress delta: DB not found at C:\Users\nicka\AppData\Local\NINA\SchedulerPlugin — Target Scheduler not installed or DB path mismatch.
2026-05-30T23:10:38.5932|INFO|TsProgressReader.cs|ReadProgressDelta|75|[Subframes] TS progress delta: DB not found at C:\Users\nicka\AppData\Local\NINA\SchedulerPlugin — Target Scheduler not installed or DB path mismatch.
2026-05-30T23:13:35.5035|INFO|FrameCache.cs|PruneSynced|249|[Subframes] Pruned 1 synced frames older than 72h
2026-05-30T23:14:52.7392|INFO|SequenceItem.cs|Run|254|Finishing Category: Scheduler, Item: TakeExposure, ExposureTime 600, Gain 100, Offset 50, ImageType LIGHT, Binning 1x1
2026-05-30T23:14:52.7399|INFO|MeridianFlipTrigger.cs|ShouldTrigger|265|Meridian Flip - There is still time remaining - max remaining time 11:16:01.5568963, next instruction time 0, next instruction NINA.Plugin.TargetScheduler.Sequencer.PlanSchedulerProgress - and the telescope reports expected pier side pierEast. Automated Flip is not necessary.
2026-05-30T23:14:52.7400|INFO|SequenceItem.cs|Run|208|Starting NINA.Plugin.TargetScheduler.Sequencer.PlanSchedulerProgress
2026-05-30T23:14:52.7401|INFO|SequenceItem.cs|Run|254|Finishing NINA.Plugin.TargetScheduler.Sequencer.PlanSchedulerProgress
2026-05-30T23:14:54.1084|INFO|HocusFocusStarDetection.cs|Detect|413|Average HFR: 1.849790508481047, HFR MAD: 0.15548448791200375, Detected Stars 255, Region: 0
2026-05-30T23:14:54.8443|INFO|BaseImageData.cs|SaveToDisk|346|Saved image to C:\ASTROIMAGES\NINA\2026-05-30\M 51\LIGHT\H\2026-05-30_23-04-50_M 51_LIGHT_H_-5.00C_G100-Exp-600.00s_MAXRMS-D1.52-R1.47_M-83.89_RMS-0.57_HFR-1.85_F-0000.fits
2026-05-30T23:14:54.8449|INFO|ImageSaveController.cs|DoWork|97|Successfully saved file at C:\ASTROIMAGES\NINA\2026-05-30\M 51\LIGHT\H\2026-05-30_23-04-50_M 51_LIGHT_H_-5.00C_G100-Exp-600.00s_MAXRMS-D1.52-R1.47_M-83.89_RMS-0.57_HFR-1.85_F-0000.fits. Duration Total: 00:00:02.1030023; BeforeSave: 00:00:00.0032228; BeforeFinalizeImageSaved: 00:00:01.6872499; FinalizeSaveTime: 00:00:00.4125281
2026-05-30T23:14:56.5537|INFO|SessionMetaDataWatcher.cs|WriteAcquisitionMetaData|63|Writing CSV acquisition summary: C:\ASTROIMAGES\NINA\2026-05-30\M 51\LIGHT\H\metadata\AcquisitionDetails.csv
2026-05-30T23:14:56.8456|INFO|SessionMetaDataWatcher.cs|WriteAcquisitionMetaData|82|Writing JSON acquisition summary: C:\ASTROIMAGES\NINA\2026-05-30\M 51\LIGHT\H\metadata\AcquisitionDetails.json
2026-05-30T23:14:56.8596|INFO|SessionMetaDataWatcher.cs|WriteImageMetaData|105|Writing CSV image metadata: C:\ASTROIMAGES\NINA\2026-05-30\M 51\LIGHT\H\metadata\ImageMetaData.csv
2026-05-30T23:14:56.9111|INFO|SessionMetaDataWatcher.cs|WriteImageMetaData|122|Writing JSON image metadata: C:\ASTROIMAGES\NINA\2026-05-30\M 51\LIGHT\H\metadata\ImageMetaData.json
2026-05-30T23:14:56.9659|INFO|SessionMetaDataWatcher.cs|WriteWeatherMetaData|169|Writing CSV weather metadata: C:\ASTROIMAGES\NINA\2026-05-30\M 51\LIGHT\H\metadata\WeatherData.csv
2026-05-30T23:14:56.9891|INFO|SessionMetaDataWatcher.cs|WriteWeatherMetaData|186|Writing JSON weather metadata: C:\ASTROIMAGES\NINA\2026-05-30\M 51\LIGHT\H\metadata\WeatherData.json
2026-05-30T23:14:56.9991|INFO|SessionService.cs|OnTargetDetectedAsync|663|[Subframes] Target detected: 'M51' (was 'none')
2026-05-30T23:14:57.2066|INFO|SessionService.cs|CaptureEquipmentNames|1112|NightSummary: Equipment captured — Camera=ZWO ASI533MM Pro, Telescope=AT60, Mount=iOptron CEM120,70,40,26, GEM, HEM, HAE, HAZ series and SkyHunter Mount, FilterWheel=ZWO FilterWheel, Focuser=ZWO Focuser, Rotator=n/a, Guider=PHD2
2026-05-30T23:14:57.4914|INFO|SubframesClient.cs|StartTargetAsync|316|[Subframes] Target started:  name='M51'
2026-05-30T23:14:57.4922|WARNING|SessionService.cs|StartTargetAsync|559|[Subframes] StartTarget failed — cached locally as 2ca3d277-55bd-43bf-a97f-212a89a894d8 for replay.
2026-05-30T23:14:58.0465|INFO|MeridianFlipTrigger.cs|ShouldTrigger|265|Meridian Flip - There is still time remaining - max remaining time 11:15:57.4797505, next instruction time 0, next instruction Category: Powerups (Fun-ctions), Item: GSSend - and the telescope reports expected pier side pierEast. Automated Flip is not necessary.
2026-05-30T23:14:58.0469|INFO|SequenceItem.cs|Run|208|Starting Category: Powerups (Fun-ctions), Item: GSSend
2026-05-30T23:14:58.0522|INFO|SendWithGS.cs|ProcessedScript|64|Replacing Image_ExposureTime with 600
2026-05-30T23:14:58.0526|INFO|SendWithGS.cs|ProcessedScript|64|Replacing Image_HFR with 1.85
2026-05-30T23:14:58.0528|INFO|SendWithGS.cs|ProcessedScript|64|Replacing Image_FWHM with 6.97
2026-05-30T23:14:58.0530|INFO|SendWithGS.cs|ProcessedScript|64|Replacing Altitude with 72.60907428785006
2026-05-30T23:14:58.0531|INFO|SendWithGS.cs|Execute|95|Sending to Ground Station: Exp: $$FWHEEL_FILTER_NAME$$ on $$TARGET_NAME$$ EXP: 600 HFR: 1.85 FWHM: 6.97  Altitude: 72.60907428785006 
2026-05-30T23:14:58.0548|INFO|SequenceItem.cs|Run|208|Starting Category: Ground Station, Item: Send to Telegram
2026-05-30T23:14:58.7105|INFO|SequenceItem.cs|Run|254|Finishing Category: Ground Station, Item: Send to Telegram
2026-05-30T23:14:58.7128|INFO|SequenceItem.cs|Run|254|Finishing Category: Powerups (Fun-ctions), Item: GSSend
2026-05-30T23:14:58.7132|INFO|MeridianFlipTrigger.cs|ShouldTrigger|265|Meridian Flip - There is still time remaining - max remaining time 11:15:55.5507808, next instruction time 0, next instruction Category: Powerups (Fun-ctions), Item: GSSend - and the telescope reports expected pier side pierEast. Automated Flip is not necessary.
2026-05-30T23:14:58.7132|INFO|SequenceItem.cs|Run|208|Starting Category: Powerups (Fun-ctions), Item: GSSend
2026-05-30T23:14:58.7137|INFO|SendWithGS.cs|ProcessedScript|64|Replacing Image_ExposureTime with 600
2026-05-30T23:14:58.7139|INFO|SendWithGS.cs|ProcessedScript|64|Replacing Image_HFR with 1.85
2026-05-30T23:14:58.7141|INFO|SendWithGS.cs|ProcessedScript|64|Replacing Image_FWHM with 6.97
2026-05-30T23:14:58.7145|INFO|SendWithGS.cs|ProcessedScript|64|Replacing Altitude with 72.60907428785006
2026-05-30T23:14:58.7145|INFO|SendWithGS.cs|Execute|95|Sending to Ground Station: Exp: $$FWHEEL_FILTER_NAME$$ on $$TARGET_NAME$$ EXP: 600 HFR: 1.85 FWHM: 6.97  Altitude: 72.60907428785006 
2026-05-30T23:14:58.7156|INFO|SequenceItem.cs|Run|208|Starting Category: Ground Station, Item: Send to Pushover, Title: IMAGE: $$TARGET_NAME$$
2026-05-30T23:14:58.8983|INFO|SequenceItem.cs|Run|254|Finishing Category: Ground Station, Item: Send to Pushover, Title: IMAGE: $$TARGET_NAME$$
2026-05-30T23:14:58.9003|INFO|SequenceItem.cs|Run|254|Finishing Category: Powerups (Fun-ctions), Item: GSSend
2026-05-30T23:14:59.2552|INFO|Symbol.cs|OnMessageReceived|627|Received message from Target Scheduler re: TargetScheduler-TargetStart
2026-05-30T23:14:59.2552|INFO|Symbol.cs|OnMessageReceived|635|TS_TargetName = M 51
2026-05-30T23:14:59.2552|INFO|Symbol.cs|OnMessageReceived|636|Expires at 05/31/2026 03:45:41 -05:00
2026-05-30T23:14:59.2553|INFO|Symbol.cs|OnMessageReceived|627|Received message from Target Scheduler re: TargetScheduler-TargetStart
2026-05-30T23:14:59.2553|INFO|Symbol.cs|OnMessageReceived|635|TS_TargetName = M 51
2026-05-30T23:14:59.2553|INFO|Symbol.cs|OnMessageReceived|636|Expires at 05/31/2026 03:45:41 -05:00
2026-05-30T23:14:59.2557|INFO|MeridianFlipTrigger.cs|ShouldTrigger|265|Meridian Flip - There is still time remaining - max remaining time 11:15:55.5507808, next instruction time 0, next instruction NINA.Plugin.TargetScheduler.Sequencer.PlanSchedulerProgress - and the telescope reports expected pier side pierEast. Automated Flip is not necessary.
2026-05-30T23:14:59.2558|INFO|SequenceItem.cs|Run|208|Starting NINA.Plugin.TargetScheduler.Sequencer.PlanSchedulerProgress
2026-05-30T23:14:59.2560|INFO|SequenceItem.cs|Run|254|Finishing NINA.Plugin.TargetScheduler.Sequencer.PlanSchedulerProgress
2026-05-30T23:14:59.2561|INFO|MeridianFlipTrigger.cs|ShouldTrigger|265|Meridian Flip - There is still time remaining - max remaining time 11:15:55.5507808, next instruction time 0, next instruction Category: Scheduler, Item: SwitchFilter, Filter: H - and the telescope reports expected pier side pierEast. Automated Flip is not necessary.
2026-05-30T23:14:59.2561|INFO|SequenceItem.cs|Run|208|Starting Category: Scheduler, Item: SwitchFilter, Filter: H
2026-05-30T23:14:59.2573|INFO|SequenceItem.cs|Run|254|Finishing Category: Scheduler, Item: SwitchFilter, Filter: H
2026-05-30T23:14:59.2574|INFO|MeridianFlipTrigger.cs|ShouldTrigger|265|Meridian Flip - There is still time remaining - max remaining time 11:15:55.5507808, next instruction time 0, next instruction NINA.Plugin.TargetScheduler.Sequencer.PlanSchedulerProgress - and the telescope reports expected pier side pierEast. Automated Flip is not necessary.
2026-05-30T23:14:59.2575|INFO|SequenceItem.cs|Run|208|Starting NINA.Plugin.TargetScheduler.Sequencer.PlanSchedulerProgress
2026-05-30T23:14:59.2575|INFO|SequenceItem.cs|Run|254|Finishing NINA.Plugin.TargetScheduler.Sequencer.PlanSchedulerProgress
2026-05-30T23:14:59.2583|INFO|MeridianFlipTrigger.cs|ShouldTrigger|265|Meridian Flip - There is still time remaining - max remaining time 11:15:55.5507808, next instruction time 0, next instruction Category: Scheduler, Item: SetReadoutMode, Mode: 0 - and the telescope reports expected pier side pierEast. Automated Flip is not necessary.
2026-05-30T23:14:59.2583|INFO|SequenceItem.cs|Run|208|Starting Category: Scheduler, Item: SetReadoutMode, Mode: 0
2026-05-30T23:14:59.2587|INFO|SequenceItem.cs|Run|254|Finishing Category: Scheduler, Item: SetReadoutMode, Mode: 0
2026-05-30T23:14:59.2589|INFO|MeridianFlipTrigger.cs|ShouldTrigger|265|Meridian Flip - There is still time remaining - max remaining time 11:15:55.5507808, next instruction time 0, next instruction NINA.Plugin.TargetScheduler.Sequencer.PlanSchedulerProgress - and the telescope reports expected pier side pierEast. Automated Flip is not necessary.
2026-05-30T23:14:59.2589|INFO|SequenceItem.cs|Run|208|Starting NINA.Plugin.TargetScheduler.Sequencer.PlanSchedulerProgress
2026-05-30T23:14:59.2719|INFO|SequenceItem.cs|Run|254|Finishing NINA.Plugin.TargetScheduler.Sequencer.PlanSchedulerProgress
2026-05-30T23:14:59.2733|INFO|MeridianFlipTrigger.cs|ShouldTrigger|265|Meridian Flip - There is still time remaining - max remaining time 11:15:55.5507808, next instruction time 600, next instruction Category: Scheduler, Item: TakeExposure, ExposureTime 600, Gain 100, Offset 50, ImageType LIGHT, Binning 1x1 - and the telescope reports expected pier side pierEast. Automated Flip is not necessary.
2026-05-30T23:14:59.2734|INFO|DIYTrigger.cs|ShouldTrigger|109|DIY Trigger Restore Guiding ShouldTrigger returning true
2026-05-30T23:14:59.2743|INFO|SequenceTrigger.cs|Run|114|Starting Category: Powerups (Misc), Item: DIYTrigger
2026-05-30T23:14:59.2764|INFO|DIYTrigger.cs|Execute|95|DIY Trigger executing...
2026-05-30T23:14:59.2765|INFO|SequenceItem.cs|Run|208|Starting Category: * Instruction Set *, Container: NINA.Sequencer.Container.SequentialContainer, Strategy: SequentialStrategy, Items[CREATED]: 1, Triggers: Trigger: RestoreGuiding
2026-05-30T23:14:59.2768|INFO|MeridianFlipTrigger.cs|ShouldTrigger|265|Meridian Flip - There is still time remaining - max remaining time 11:15:55.5507808, next instruction time 0, next instruction Category: Powerups (Expressions), Item: IfFailed - and the telescope reports expected pier side pierEast. Automated Flip is not necessary.
2026-05-30T23:14:59.2769|INFO|SequenceItem.cs|Run|208|Starting Category: Powerups (Expressions), Item: IfFailed
2026-05-30T23:14:59.2769|INFO|SequenceItem.cs|Run|208|Starting Category: Guider, Item: StartGuiding
2026-05-30T23:14:59.2805|INFO|PHD2Guider.cs|StartGuidingPrivate|504|Phd2 - App is already guiding. Skipping start guiding
2026-05-30T23:14:59.2807|INFO|SequenceItem.cs|Run|254|Finishing Category: Guider, Item: StartGuiding
2026-05-30T23:14:59.2809|INFO|SequenceItem.cs|Run|254|Finishing Category: Powerups (Expressions), Item: IfFailed
2026-05-30T23:14:59.2811|INFO|SequenceItem.cs|Run|254|Finishing Category: * Instruction Set *, Container: NINA.Sequencer.Container.SequentialContainer, Strategy: SequentialStrategy, Items[FINISHED]: 1, Triggers: Trigger: RestoreGuiding
2026-05-30T23:14:59.2834|INFO|SequenceItem.cs|Run|208|Starting Category: Scheduler, Item: TakeExposure, ExposureTime 600, Gain 100, Offset 50, ImageType LIGHT, Binning 1x1
2026-05-30T23:14:59.2887|INFO|CameraVM.cs|Capture|742|Starting Exposure - Exposure Time: 600s; Filter: ; Gain: 100; Offset 50; Binning: 1x1;
2026-05-30T23:15:00.3618|INFO|StarfrontClient.cs|SendImageFile|249|[Rockwood] sent 2026-05-30_23-04-50_M 51_LIGHT_H_-5.00C_G100-Exp-600.00s_MAXRMS-D1.52-R1.47_M-83.89_RMS-0.57_HFR-1.85_F-0000.fits (23KB) object=M 51 exptime=600s filter=H
2026-05-30T23:15:02.7215|WARNING|TsPreviewClient.cs|FetchPreviewAsync|161|[Subframes] TsPreviewClient.FetchPreviewAsync failed for profile '533M-AT60' (0173997c-4bfa-48fd-9337-a48b6df99c38): TaskCanceledException: The request was canceled due to the configured HttpClient.Timeout of 5 seconds elapsing.
2026-05-30T23:15:05.5963|INFO|SyncEngine.cs|SyncPendingFramesAsync|142|[Subframes] SyncEngine: synced 1 frames for session 470187b8-716c-4f60-bb85-9fd78307165c (accepted=1)
2026-05-30T23:15:38.5933|INFO|TsProgressReader.cs|ReadProgressDelta|75|[Subframes] TS progress delta: DB not found at C:\Users\nicka\AppData\Local\NINA\SchedulerPlugin — Target Scheduler not installed or DB path mismatch.
2026-05-30T23:15:48.2570|WARNING|PHD2Client.cs|ProcessEvent|252|PHD2: StarLost
2026-05-30T23:15:50.6781|WARNING|PHD2Client.cs|ProcessEvent|252|PHD2: StarLost
2026-05-30T23:15:52.8582|WARNING|PHD2Client.cs|ProcessEvent|252|PHD2: StarLost
2026-05-30T23:15:55.2968|WARNING|PHD2Client.cs|ProcessEvent|252|PHD2: StarLost
2026-05-30T23:16:14.7004|WARNING|PHD2Client.cs|ProcessEvent|252|PHD2: StarLost
2026-05-30T23:20:38.5924|INFO|TsProgressReader.cs|ReadProgressDelta|75|[Subframes] TS progress delta: DB not found at C:\Users\nicka\AppData\Local\NINA\SchedulerPlugin — Target Scheduler not installed or DB path mismatch.
2026-05-30T23:23:35.5026|INFO|FrameCache.cs|PruneSynced|249|[Subframes] Pruned 1 synced frames older than 72h
2026-05-30T23:25:01.1939|INFO|SequenceItem.cs|Run|254|Finishing Category: Scheduler, Item: TakeExposure, ExposureTime 600, Gain 100, Offset 50, ImageType LIGHT, Binning 1x1
2026-05-30T23:25:01.1944|INFO|MeridianFlipTrigger.cs|ShouldTrigger|265|Meridian Flip - There is still time remaining - max remaining time 11:05:53.4464399, next instruction time 0, next instruction NINA.Plugin.TargetScheduler.Sequencer.PlanSchedulerProgress - and the telescope reports expected pier side pierEast. Automated Flip is not necessary.
2026-05-30T23:25:01.1945|INFO|SequenceItem.cs|Run|208|Starting NINA.Plugin.TargetScheduler.Sequencer.PlanSchedulerProgress
2026-05-30T23:25:01.1946|INFO|SequenceItem.cs|Run|254|Finishing NINA.Plugin.TargetScheduler.Sequencer.PlanSchedulerProgress
2026-05-30T23:25:02.2742|INFO|HocusFocusStarDetection.cs|Detect|413|Average HFR: 1.7836717742666375, HFR MAD: 0.22231131907755933, Detected Stars 51, Region: 0
2026-05-30T23:25:02.9663|INFO|BaseImageData.cs|SaveToDisk|346|Saved image to C:\ASTROIMAGES\NINA\2026-05-30\M 51\LIGHT\H\2026-05-30_23-14-59_M 51_LIGHT_H_-5.00C_G100-Exp-600.00s_MAXRMS-D1.51-R2.29_M-83.94_RMS-0.64_HFR-1.78_F-0001.fits
2026-05-30T23:25:02.9664|INFO|ImageSaveController.cs|DoWork|97|Successfully saved file at C:\ASTROIMAGES\NINA\2026-05-30\M 51\LIGHT\H\2026-05-30_23-14-59_M 51_LIGHT_H_-5.00C_G100-Exp-600.00s_MAXRMS-D1.51-R2.29_M-83.94_RMS-0.64_HFR-1.78_F-0001.fits. Duration Total: 00:00:01.7723728; BeforeSave: 00:00:00.0001924; BeforeFinalizeImageSaved: 00:00:01.4110385; FinalizeSaveTime: 00:00:00.3611413
2026-05-30T23:25:03.6740|WARNING|SessionMetaDataWatcher.cs|WriteAcquisitionMetaData|73|acquisition file already exists, will not overwrite: C:\ASTROIMAGES\NINA\2026-05-30\M 51\LIGHT\H\metadata\AcquisitionDetails.csv
2026-05-30T23:25:03.6741|WARNING|SessionMetaDataWatcher.cs|WriteAcquisitionMetaData|93|acquisition file already exists, will not overwrite: C:\ASTROIMAGES\NINA\2026-05-30\M 51\LIGHT\H\metadata\AcquisitionDetails.json
2026-05-30T23:25:03.6744|INFO|SessionMetaDataWatcher.cs|WriteImageMetaData|105|Writing CSV image metadata: C:\ASTROIMAGES\NINA\2026-05-30\M 51\LIGHT\H\metadata\ImageMetaData.csv
2026-05-30T23:25:03.7403|INFO|SessionMetaDataWatcher.cs|WriteImageMetaData|122|Writing JSON image metadata: C:\ASTROIMAGES\NINA\2026-05-30\M 51\LIGHT\H\metadata\ImageMetaData.json
2026-05-30T23:25:03.7541|INFO|SessionMetaDataWatcher.cs|WriteWeatherMetaData|169|Writing CSV weather metadata: C:\ASTROIMAGES\NINA\2026-05-30\M 51\LIGHT\H\metadata\WeatherData.csv
2026-05-30T23:25:03.7709|INFO|SessionMetaDataWatcher.cs|WriteWeatherMetaData|186|Writing JSON weather metadata: C:\ASTROIMAGES\NINA\2026-05-30\M 51\LIGHT\H\metadata\WeatherData.json
2026-05-30T23:25:03.7784|INFO|SessionService.cs|OnTargetDetectedAsync|663|[Subframes] Target detected: 'M51' (was 'M51')
2026-05-30T23:25:03.8123|INFO|SubframesClient.cs|StartTargetAsync|316|[Subframes] Target started:  name='M51'
2026-05-30T23:25:03.8124|WARNING|SessionService.cs|StartTargetAsync|559|[Subframes] StartTarget failed — cached locally as 07de3cef-1389-4113-a574-975840c665ac for replay.
2026-05-30T23:25:04.3401|INFO|MeridianFlipTrigger.cs|ShouldTrigger|265|Meridian Flip - There is still time remaining - max remaining time 11:05:49.4803483, next instruction time 0, next instruction Category: Powerups (Fun-ctions), Item: GSSend - and the telescope reports expected pier side pierEast. Automated Flip is not necessary.
2026-05-30T23:25:04.3401|INFO|SequenceItem.cs|Run|208|Starting Category: Powerups (Fun-ctions), Item: GSSend
2026-05-30T23:25:04.3410|INFO|SendWithGS.cs|ProcessedScript|64|Replacing Image_ExposureTime with 600
2026-05-30T23:25:04.3412|INFO|SendWithGS.cs|ProcessedScript|64|Replacing Image_HFR with 1.784
2026-05-30T23:25:04.3422|INFO|SendWithGS.cs|ProcessedScript|64|Replacing Image_FWHM with 6.71
2026-05-30T23:25:04.3425|INFO|SendWithGS.cs|ProcessedScript|64|Replacing Altitude with 71.6536903947962
2026-05-30T23:25:04.3425|INFO|SendWithGS.cs|Execute|95|Sending to Ground Station: Exp: $$FWHEEL_FILTER_NAME$$ on $$TARGET_NAME$$ EXP: 600 HFR: 1.784 FWHM: 6.71  Altitude: 71.6536903947962 
2026-05-30T23:25:04.3441|INFO|SequenceItem.cs|Run|208|Starting Category: Ground Station, Item: Send to Telegram
2026-05-30T23:25:05.1373|INFO|SequenceItem.cs|Run|254|Finishing Category: Ground Station, Item: Send to Telegram
2026-05-30T23:25:05.1387|INFO|SequenceItem.cs|Run|254|Finishing Category: Powerups (Fun-ctions), Item: GSSend
2026-05-30T23:25:05.1503|INFO|MeridianFlipTrigger.cs|ShouldTrigger|265|Meridian Flip - There is still time remaining - max remaining time 11:05:49.4803483, next instruction time 0, next instruction Category: Powerups (Fun-ctions), Item: GSSend - and the telescope reports expected pier side pierEast. Automated Flip is not necessary.
2026-05-30T23:25:05.1504|INFO|SequenceItem.cs|Run|208|Starting Category: Powerups (Fun-ctions), Item: GSSend
2026-05-30T23:25:05.1511|INFO|SendWithGS.cs|ProcessedScript|64|Replacing Image_ExposureTime with 600
2026-05-30T23:25:05.1514|INFO|SendWithGS.cs|ProcessedScript|64|Replacing Image_HFR with 1.784
2026-05-30T23:25:05.1516|INFO|SendWithGS.cs|ProcessedScript|64|Replacing Image_FWHM with 6.71
2026-05-30T23:25:05.1521|INFO|SendWithGS.cs|ProcessedScript|64|Replacing Altitude with 71.6536903947962
2026-05-30T23:25:05.1522|INFO|SendWithGS.cs|Execute|95|Sending to Ground Station: Exp: $$FWHEEL_FILTER_NAME$$ on $$TARGET_NAME$$ EXP: 600 HFR: 1.784 FWHM: 6.71  Altitude: 71.6536903947962 
2026-05-30T23:25:05.1541|INFO|SequenceItem.cs|Run|208|Starting Category: Ground Station, Item: Send to Pushover, Title: IMAGE: $$TARGET_NAME$$
2026-05-30T23:25:05.3517|INFO|SequenceItem.cs|Run|254|Finishing Category: Ground Station, Item: Send to Pushover, Title: IMAGE: $$TARGET_NAME$$
2026-05-30T23:25:05.3738|INFO|SequenceItem.cs|Run|254|Finishing Category: Powerups (Fun-ctions), Item: GSSend
2026-05-30T23:25:05.5346|INFO|SyncEngine.cs|SyncPendingFramesAsync|142|[Subframes] SyncEngine: synced 1 frames for session 470187b8-716c-4f60-bb85-9fd78307165c (accepted=1)
2026-05-30T23:25:05.5571|INFO|Symbol.cs|OnMessageReceived|627|Received message from Target Scheduler re: TargetScheduler-TargetStart
2026-05-30T23:25:05.5572|INFO|Symbol.cs|OnMessageReceived|635|TS_TargetName = M 51
2026-05-30T23:25:05.5572|INFO|Symbol.cs|OnMessageReceived|636|Expires at 05/31/2026 03:45:41 -05:00
2026-05-30T23:25:05.5572|INFO|Symbol.cs|OnMessageReceived|627|Received message from Target Scheduler re: TargetScheduler-TargetStart
2026-05-30T23:25:05.5573|INFO|Symbol.cs|OnMessageReceived|635|TS_TargetName = M 51
2026-05-30T23:25:05.5573|INFO|Symbol.cs|OnMessageReceived|636|Expires at 05/31/2026 03:45:41 -05:00
2026-05-30T23:25:05.5577|INFO|MeridianFlipTrigger.cs|ShouldTrigger|265|Meridian Flip - There is still time remaining - max remaining time 11:05:49.4803483, next instruction time 0, next instruction NINA.Plugin.TargetScheduler.Sequencer.PlanSchedulerProgress - and the telescope reports expected pier side pierEast. Automated Flip is not necessary.
2026-05-30T23:25:05.5579|INFO|SequenceItem.cs|Run|208|Starting NINA.Plugin.TargetScheduler.Sequencer.PlanSchedulerProgress
2026-05-30T23:25:05.5579|INFO|SequenceItem.cs|Run|254|Finishing NINA.Plugin.TargetScheduler.Sequencer.PlanSchedulerProgress
2026-05-30T23:25:05.5581|INFO|MeridianFlipTrigger.cs|ShouldTrigger|265|Meridian Flip - There is still time remaining - max remaining time 11:05:49.4803483, next instruction time 0, next instruction Category: Scheduler, Item: SwitchFilter, Filter: H - and the telescope reports expected pier side pierEast. Automated Flip is not necessary.
2026-05-30T23:25:05.5582|INFO|SequenceItem.cs|Run|208|Starting Category: Scheduler, Item: SwitchFilter, Filter: H
2026-05-30T23:25:05.5591|INFO|SequenceItem.cs|Run|254|Finishing Category: Scheduler, Item: SwitchFilter, Filter: H
2026-05-30T23:25:05.5594|INFO|MeridianFlipTrigger.cs|ShouldTrigger|265|Meridian Flip - There is still time remaining - max remaining time 11:05:49.4803483, next instruction time 0, next instruction NINA.Plugin.TargetScheduler.Sequencer.PlanSchedulerProgress - and the telescope reports expected pier side pierEast. Automated Flip is not necessary.
2026-05-30T23:25:05.5594|INFO|SequenceItem.cs|Run|208|Starting NINA.Plugin.TargetScheduler.Sequencer.PlanSchedulerProgress
2026-05-30T23:25:05.5595|INFO|SequenceItem.cs|Run|254|Finishing NINA.Plugin.TargetScheduler.Sequencer.PlanSchedulerProgress
2026-05-30T23:25:05.5596|INFO|MeridianFlipTrigger.cs|ShouldTrigger|265|Meridian Flip - There is still time remaining - max remaining time 11:05:49.4803483, next instruction time 0, next instruction Category: Scheduler, Item: SetReadoutMode, Mode: 0 - and the telescope reports expected pier side pierEast. Automated Flip is not necessary.
2026-05-30T23:25:05.5596|INFO|SequenceItem.cs|Run|208|Starting Category: Scheduler, Item: SetReadoutMode, Mode: 0
2026-05-30T23:25:05.5597|INFO|SequenceItem.cs|Run|254|Finishing Category: Scheduler, Item: SetReadoutMode, Mode: 0
2026-05-30T23:25:05.5598|INFO|MeridianFlipTrigger.cs|ShouldTrigger|265|Meridian Flip - There is still time remaining - max remaining time 11:05:49.4803483, next instruction time 0, next instruction NINA.Plugin.TargetScheduler.Sequencer.PlanSchedulerProgress - and the telescope reports expected pier side pierEast. Automated Flip is not necessary.
2026-05-30T23:25:05.5599|INFO|SequenceItem.cs|Run|208|Starting NINA.Plugin.TargetScheduler.Sequencer.PlanSchedulerProgress
2026-05-30T23:25:05.5601|INFO|SequenceItem.cs|Run|254|Finishing NINA.Plugin.TargetScheduler.Sequencer.PlanSchedulerProgress
2026-05-30T23:25:05.5606|INFO|MeridianFlipTrigger.cs|ShouldTrigger|265|Meridian Flip - There is still time remaining - max remaining time 11:05:49.4803483, next instruction time 600, next instruction Category: Scheduler, Item: TakeExposure, ExposureTime 600, Gain 100, Offset 50, ImageType LIGHT, Binning 1x1 - and the telescope reports expected pier side pierEast. Automated Flip is not necessary.
2026-05-30T23:25:05.5606|INFO|DIYTrigger.cs|ShouldTrigger|109|DIY Trigger Restore Guiding ShouldTrigger returning true
2026-05-30T23:25:05.5606|INFO|SequenceTrigger.cs|Run|114|Starting Category: Powerups (Misc), Item: DIYTrigger
2026-05-30T23:25:05.5630|INFO|DIYTrigger.cs|Execute|95|DIY Trigger executing...
2026-05-30T23:25:05.5631|INFO|SequenceItem.cs|Run|208|Starting Category: * Instruction Set *, Container: NINA.Sequencer.Container.SequentialContainer, Strategy: SequentialStrategy, Items[CREATED]: 1, Triggers: Trigger: RestoreGuiding
2026-05-30T23:25:05.5634|INFO|MeridianFlipTrigger.cs|ShouldTrigger|265|Meridian Flip - There is still time remaining - max remaining time 11:05:49.4803483, next instruction time 0, next instruction Category: Powerups (Expressions), Item: IfFailed - and the telescope reports expected pier side pierEast. Automated Flip is not necessary.
2026-05-30T23:25:05.5635|INFO|SequenceItem.cs|Run|208|Starting Category: Powerups (Expressions), Item: IfFailed
2026-05-30T23:25:05.5635|INFO|SequenceItem.cs|Run|208|Starting Category: Guider, Item: StartGuiding
2026-05-30T23:25:05.5670|INFO|PHD2Guider.cs|StartGuidingPrivate|504|Phd2 - App is already guiding. Skipping start guiding
2026-05-30T23:25:05.5672|INFO|SequenceItem.cs|Run|254|Finishing Category: Guider, Item: StartGuiding
2026-05-30T23:25:05.5673|INFO|SequenceItem.cs|Run|254|Finishing Category: Powerups (Expressions), Item: IfFailed
2026-05-30T23:25:05.5674|INFO|SequenceItem.cs|Run|254|Finishing Category: * Instruction Set *, Container: NINA.Sequencer.Container.SequentialContainer, Strategy: SequentialStrategy, Items[FINISHED]: 1, Triggers: Trigger: RestoreGuiding
2026-05-30T23:25:05.5697|INFO|SequenceItem.cs|Run|208|Starting Category: Scheduler, Item: TakeExposure, ExposureTime 600, Gain 100, Offset 50, ImageType LIGHT, Binning 1x1
2026-05-30T23:25:05.5943|INFO|CameraVM.cs|Capture|742|Starting Exposure - Exposure Time: 600s; Filter: ; Gain: 100; Offset 50; Binning: 1x1;
2026-05-30T23:25:05.8610|INFO|StarfrontClient.cs|SendImageFile|249|[Rockwood] sent 2026-05-30_23-14-59_M 51_LIGHT_H_-5.00C_G100-Exp-600.00s_MAXRMS-D1.51-R2.29_M-83.94_RMS-0.64_HFR-1.78_F-0001.fits (34KB) object=M 51 exptime=600s filter=H
2026-05-30T23:25:08.9555|WARNING|TsPreviewClient.cs|FetchPreviewAsync|161|[Subframes] TsPreviewClient.FetchPreviewAsync failed for profile '533M-AT60' (0173997c-4bfa-48fd-9337-a48b6df99c38): TaskCanceledException: The request was canceled due to the configured HttpClient.Timeout of 5 seconds elapsing.
2026-05-30T23:25:38.5925|INFO|TsProgressReader.cs|ReadProgressDelta|75|[Subframes] TS progress delta: DB not found at C:\Users\nicka\AppData\Local\NINA\SchedulerPlugin — Target Scheduler not installed or DB path mismatch.
2026-05-30T23:30:38.5932|INFO|TsProgressReader.cs|ReadProgressDelta|75|[Subframes] TS progress delta: DB not found at C:\Users\nicka\AppData\Local\NINA\SchedulerPlugin — Target Scheduler not installed or DB path mismatch.
2026-05-30T23:34:05.5032|INFO|FrameCache.cs|PruneSynced|249|[Subframes] Pruned 1 synced frames older than 72h
2026-05-30T23:35:07.4952|INFO|SequenceItem.cs|Run|254|Finishing Category: Scheduler, Item: TakeExposure, ExposureTime 600, Gain 100, Offset 50, ImageType LIGHT, Binning 1x1
2026-05-30T23:35:07.4956|INFO|MeridianFlipTrigger.cs|ShouldTrigger|265|Meridian Flip - There is still time remaining - max remaining time 10:55:48.3530876, next instruction time 0, next instruction NINA.Plugin.TargetScheduler.Sequencer.PlanSchedulerProgress - and the telescope reports expected pier side pierEast. Automated Flip is not necessary.
2026-05-30T23:35:07.4957|INFO|SequenceItem.cs|Run|208|Starting NINA.Plugin.TargetScheduler.Sequencer.PlanSchedulerProgress
2026-05-30T23:35:07.4957|INFO|SequenceItem.cs|Run|254|Finishing NINA.Plugin.TargetScheduler.Sequencer.PlanSchedulerProgress
2026-05-30T23:35:08.6797|INFO|HocusFocusStarDetection.cs|Detect|413|Average HFR: 1.7481363007430561, HFR MAD: 0.19601006484784234, Detected Stars 95, Region: 0
2026-05-30T23:35:09.3230|INFO|BaseImageData.cs|SaveToDisk|346|Saved image to C:\ASTROIMAGES\NINA\2026-05-30\M 51\LIGHT\H\2026-05-30_23-25-05_M 51_LIGHT_H_-5.00C_G100-Exp-600.00s_MAXRMS-D0.89-R1.35_M-83.98_RMS-0.49_HFR-1.75_F-0002.fits
2026-05-30T23:35:09.3231|INFO|ImageSaveController.cs|DoWork|97|Successfully saved file at C:\ASTROIMAGES\NINA\2026-05-30\M 51\LIGHT\H\2026-05-30_23-25-05_M 51_LIGHT_H_-5.00C_G100-Exp-600.00s_MAXRMS-D0.89-R1.35_M-83.98_RMS-0.49_HFR-1.75_F-0002.fits. Duration Total: 00:00:01.8278383; BeforeSave: 00:00:00.0001376; BeforeFinalizeImageSaved: 00:00:01.5032885; FinalizeSaveTime: 00:00:00.3244113
2026-05-30T23:35:09.8949|WARNING|SessionMetaDataWatcher.cs|WriteAcquisitionMetaData|73|acquisition file already exists, will not overwrite: C:\ASTROIMAGES\NINA\2026-05-30\M 51\LIGHT\H\metadata\AcquisitionDetails.csv
2026-05-30T23:35:09.8951|WARNING|SessionMetaDataWatcher.cs|WriteAcquisitionMetaData|93|acquisition file already exists, will not overwrite: C:\ASTROIMAGES\NINA\2026-05-30\M 51\LIGHT\H\metadata\AcquisitionDetails.json
2026-05-30T23:35:09.8954|INFO|SessionMetaDataWatcher.cs|WriteImageMetaData|105|Writing CSV image metadata: C:\ASTROIMAGES\NINA\2026-05-30\M 51\LIGHT\H\metadata\ImageMetaData.csv
2026-05-30T23:35:09.9531|INFO|SessionMetaDataWatcher.cs|WriteImageMetaData|122|Writing JSON image metadata: C:\ASTROIMAGES\NINA\2026-05-30\M 51\LIGHT\H\metadata\ImageMetaData.json
2026-05-30T23:35:09.9549|INFO|SessionMetaDataWatcher.cs|WriteWeatherMetaData|169|Writing CSV weather metadata: C:\ASTROIMAGES\NINA\2026-05-30\M 51\LIGHT\H\metadata\WeatherData.csv
2026-05-30T23:35:09.9703|INFO|SessionMetaDataWatcher.cs|WriteWeatherMetaData|186|Writing JSON weather metadata: C:\ASTROIMAGES\NINA\2026-05-30\M 51\LIGHT\H\metadata\WeatherData.json
2026-05-30T23:35:09.9717|INFO|SessionService.cs|OnTargetDetectedAsync|663|[Subframes] Target detected: 'M51' (was 'M51')
2026-05-30T23:35:10.0115|INFO|SubframesClient.cs|StartTargetAsync|316|[Subframes] Target started:  name='M51'
2026-05-30T23:35:10.0116|WARNING|SessionService.cs|StartTargetAsync|559|[Subframes] StartTarget failed — cached locally as 312ceebb-3cc3-4b60-9e0c-1cb7125005ee for replay.
2026-05-30T23:35:10.7057|INFO|MeridianFlipTrigger.cs|ShouldTrigger|265|Meridian Flip - There is still time remaining - max remaining time 10:55:44.3144240, next instruction time 0, next instruction Category: Powerups (Fun-ctions), Item: GSSend - and the telescope reports expected pier side pierEast. Automated Flip is not necessary.
2026-05-30T23:35:10.7057|INFO|SequenceItem.cs|Run|208|Starting Category: Powerups (Fun-ctions), Item: GSSend
2026-05-30T23:35:10.7061|INFO|SendWithGS.cs|ProcessedScript|64|Replacing Image_ExposureTime with 600
2026-05-30T23:35:10.7063|INFO|SendWithGS.cs|ProcessedScript|64|Replacing Image_HFR with 1.748
2026-05-30T23:35:10.7065|INFO|SendWithGS.cs|ProcessedScript|64|Replacing Image_FWHM with 6.56
2026-05-30T23:35:10.7066|INFO|SendWithGS.cs|ProcessedScript|64|Replacing Altitude with 70.55554630499294
2026-05-30T23:35:10.7066|INFO|SendWithGS.cs|Execute|95|Sending to Ground Station: Exp: $$FWHEEL_FILTER_NAME$$ on $$TARGET_NAME$$ EXP: 600 HFR: 1.748 FWHM: 6.56  Altitude: 70.55554630499294 
2026-05-30T23:35:10.7079|INFO|SequenceItem.cs|Run|208|Starting Category: Ground Station, Item: Send to Telegram
2026-05-30T23:35:11.4386|INFO|SequenceItem.cs|Run|254|Finishing Category: Ground Station, Item: Send to Telegram
2026-05-30T23:35:11.4400|INFO|SequenceItem.cs|Run|254|Finishing Category: Powerups (Fun-ctions), Item: GSSend
2026-05-30T23:35:11.4404|INFO|MeridianFlipTrigger.cs|ShouldTrigger|265|Meridian Flip - There is still time remaining - max remaining time 10:55:44.3144240, next instruction time 0, next instruction Category: Powerups (Fun-ctions), Item: GSSend - and the telescope reports expected pier side pierEast. Automated Flip is not necessary.
2026-05-30T23:35:11.4406|INFO|SequenceItem.cs|Run|208|Starting Category: Powerups (Fun-ctions), Item: GSSend
2026-05-30T23:35:11.4410|INFO|SendWithGS.cs|ProcessedScript|64|Replacing Image_ExposureTime with 600
2026-05-30T23:35:11.4412|INFO|SendWithGS.cs|ProcessedScript|64|Replacing Image_HFR with 1.748
2026-05-30T23:35:11.4414|INFO|SendWithGS.cs|ProcessedScript|64|Replacing Image_FWHM with 6.56
2026-05-30T23:35:11.4415|INFO|SendWithGS.cs|ProcessedScript|64|Replacing Altitude with 70.55554630499294
2026-05-30T23:35:11.4416|INFO|SendWithGS.cs|Execute|95|Sending to Ground Station: Exp: $$FWHEEL_FILTER_NAME$$ on $$TARGET_NAME$$ EXP: 600 HFR: 1.748 FWHM: 6.56  Altitude: 70.55554630499294 
2026-05-30T23:35:11.4429|INFO|SequenceItem.cs|Run|208|Starting Category: Ground Station, Item: Send to Pushover, Title: IMAGE: $$TARGET_NAME$$
2026-05-30T23:35:11.5926|INFO|SequenceItem.cs|Run|254|Finishing Category: Ground Station, Item: Send to Pushover, Title: IMAGE: $$TARGET_NAME$$
2026-05-30T23:35:11.5937|INFO|SequenceItem.cs|Run|254|Finishing Category: Powerups (Fun-ctions), Item: GSSend
2026-05-30T23:35:11.8295|INFO|Symbol.cs|OnMessageReceived|627|Received message from Target Scheduler re: TargetScheduler-TargetStart
2026-05-30T23:35:11.8296|INFO|Symbol.cs|OnMessageReceived|635|TS_TargetName = M 51
2026-05-30T23:35:11.8296|INFO|Symbol.cs|OnMessageReceived|636|Expires at 05/31/2026 03:45:41 -05:00
2026-05-30T23:35:11.8296|INFO|Symbol.cs|OnMessageReceived|627|Received message from Target Scheduler re: TargetScheduler-TargetStart
2026-05-30T23:35:11.8296|INFO|Symbol.cs|OnMessageReceived|635|TS_TargetName = M 51
2026-05-30T23:35:11.8297|INFO|Symbol.cs|OnMessageReceived|636|Expires at 05/31/2026 03:45:41 -05:00
2026-05-30T23:35:11.8300|INFO|MeridianFlipTrigger.cs|ShouldTrigger|265|Meridian Flip - There is still time remaining - max remaining time 10:55:44.3144240, next instruction time 0, next instruction NINA.Plugin.TargetScheduler.Sequencer.PlanSchedulerProgress - and the telescope reports expected pier side pierEast. Automated Flip is not necessary.
2026-05-30T23:35:11.8301|INFO|SequenceItem.cs|Run|208|Starting NINA.Plugin.TargetScheduler.Sequencer.PlanSchedulerProgress
2026-05-30T23:35:11.8302|INFO|SequenceItem.cs|Run|254|Finishing NINA.Plugin.TargetScheduler.Sequencer.PlanSchedulerProgress
2026-05-30T23:35:11.8303|INFO|MeridianFlipTrigger.cs|ShouldTrigger|265|Meridian Flip - There is still time remaining - max remaining time 10:55:44.3144240, next instruction time 0, next instruction Category: Scheduler, Item: SwitchFilter, Filter: H - and the telescope reports expected pier side pierEast. Automated Flip is not necessary.
2026-05-30T23:35:11.8304|INFO|SequenceItem.cs|Run|208|Starting Category: Scheduler, Item: SwitchFilter, Filter: H
2026-05-30T23:35:11.8329|INFO|SequenceItem.cs|Run|254|Finishing Category: Scheduler, Item: SwitchFilter, Filter: H
2026-05-30T23:35:11.8332|INFO|MeridianFlipTrigger.cs|ShouldTrigger|265|Meridian Flip - There is still time remaining - max remaining time 10:55:44.3144240, next instruction time 0, next instruction NINA.Plugin.TargetScheduler.Sequencer.PlanSchedulerProgress - and the telescope reports expected pier side pierEast. Automated Flip is not necessary.
2026-05-30T23:35:11.8332|INFO|SequenceItem.cs|Run|208|Starting NINA.Plugin.TargetScheduler.Sequencer.PlanSchedulerProgress
2026-05-30T23:35:11.8332|INFO|SequenceItem.cs|Run|254|Finishing NINA.Plugin.TargetScheduler.Sequencer.PlanSchedulerProgress
2026-05-30T23:35:11.8334|INFO|MeridianFlipTrigger.cs|ShouldTrigger|265|Meridian Flip - There is still time remaining - max remaining time 10:55:44.3144240, next instruction time 0, next instruction Category: Scheduler, Item: SetReadoutMode, Mode: 0 - and the telescope reports expected pier side pierEast. Automated Flip is not necessary.
2026-05-30T23:35:11.8334|INFO|SequenceItem.cs|Run|208|Starting Category: Scheduler, Item: SetReadoutMode, Mode: 0
2026-05-30T23:35:11.8335|INFO|SequenceItem.cs|Run|254|Finishing Category: Scheduler, Item: SetReadoutMode, Mode: 0
2026-05-30T23:35:11.8336|INFO|MeridianFlipTrigger.cs|ShouldTrigger|265|Meridian Flip - There is still time remaining - max remaining time 10:55:44.3144240, next instruction time 0, next instruction NINA.Plugin.TargetScheduler.Sequencer.PlanSchedulerProgress - and the telescope reports expected pier side pierEast. Automated Flip is not necessary.
2026-05-30T23:35:11.8337|INFO|SequenceItem.cs|Run|208|Starting NINA.Plugin.TargetScheduler.Sequencer.PlanSchedulerProgress
2026-05-30T23:35:11.9331|INFO|SequenceItem.cs|Run|254|Finishing NINA.Plugin.TargetScheduler.Sequencer.PlanSchedulerProgress
2026-05-30T23:35:11.9372|INFO|MeridianFlipTrigger.cs|ShouldTrigger|265|Meridian Flip - There is still time remaining - max remaining time 10:55:44.3144240, next instruction time 600, next instruction Category: Scheduler, Item: TakeExposure, ExposureTime 600, Gain 100, Offset 50, ImageType LIGHT, Binning 1x1 - and the telescope reports expected pier side pierEast. Automated Flip is not necessary.
2026-05-30T23:35:11.9373|INFO|DIYTrigger.cs|ShouldTrigger|109|DIY Trigger Restore Guiding ShouldTrigger returning true
2026-05-30T23:35:11.9373|INFO|SequenceTrigger.cs|Run|114|Starting Category: Powerups (Misc), Item: DIYTrigger
2026-05-30T23:35:11.9393|INFO|DIYTrigger.cs|Execute|95|DIY Trigger executing...
2026-05-30T23:35:11.9394|INFO|SequenceItem.cs|Run|208|Starting Category: * Instruction Set *, Container: NINA.Sequencer.Container.SequentialContainer, Strategy: SequentialStrategy, Items[CREATED]: 1, Triggers: Trigger: RestoreGuiding
2026-05-30T23:35:11.9398|INFO|MeridianFlipTrigger.cs|ShouldTrigger|265|Meridian Flip - There is still time remaining - max remaining time 10:55:44.3144240, next instruction time 0, next instruction Category: Powerups (Expressions), Item: IfFailed - and the telescope reports expected pier side pierEast. Automated Flip is not necessary.
2026-05-30T23:35:11.9398|INFO|SequenceItem.cs|Run|208|Starting Category: Powerups (Expressions), Item: IfFailed
2026-05-30T23:35:11.9399|INFO|SequenceItem.cs|Run|208|Starting Category: Guider, Item: StartGuiding
2026-05-30T23:35:11.9432|INFO|PHD2Guider.cs|StartGuidingPrivate|504|Phd2 - App is already guiding. Skipping start guiding
2026-05-30T23:35:11.9434|INFO|SequenceItem.cs|Run|254|Finishing Category: Guider, Item: StartGuiding
2026-05-30T23:35:11.9435|INFO|SequenceItem.cs|Run|254|Finishing Category: Powerups (Expressions), Item: IfFailed
2026-05-30T23:35:11.9436|INFO|SequenceItem.cs|Run|254|Finishing Category: * Instruction Set *, Container: NINA.Sequencer.Container.SequentialContainer, Strategy: SequentialStrategy, Items[FINISHED]: 1, Triggers: Trigger: RestoreGuiding
2026-05-30T23:35:11.9460|INFO|SequenceItem.cs|Run|208|Starting Category: Scheduler, Item: TakeExposure, ExposureTime 600, Gain 100, Offset 50, ImageType LIGHT, Binning 1x1
2026-05-30T23:35:11.9511|INFO|CameraVM.cs|Capture|742|Starting Exposure - Exposure Time: 600s; Filter: ; Gain: 100; Offset 50; Binning: 1x1;
2026-05-30T23:35:12.2775|INFO|StarfrontClient.cs|SendImageFile|249|[Rockwood] sent 2026-05-30_23-25-05_M 51_LIGHT_H_-5.00C_G100-Exp-600.00s_MAXRMS-D0.89-R1.35_M-83.98_RMS-0.49_HFR-1.75_F-0002.fits (29KB) object=M 51 exptime=600s filter=H
2026-05-30T23:35:15.2930|WARNING|TsPreviewClient.cs|FetchPreviewAsync|161|[Subframes] TsPreviewClient.FetchPreviewAsync failed for profile '533M-AT60' (0173997c-4bfa-48fd-9337-a48b6df99c38): TaskCanceledException: The request was canceled due to the configured HttpClient.Timeout of 5 seconds elapsing.
2026-05-30T23:35:35.5318|INFO|SyncEngine.cs|SyncPendingFramesAsync|142|[Subframes] SyncEngine: synced 1 frames for session 470187b8-716c-4f60-bb85-9fd78307165c (accepted=1)
2026-05-30T23:35:38.5925|INFO|TsProgressReader.cs|ReadProgressDelta|75|[Subframes] TS progress delta: DB not found at C:\Users\nicka\AppData\Local\NINA\SchedulerPlugin — Target Scheduler not installed or DB path mismatch.
2026-05-30T23:40:38.5932|INFO|TsProgressReader.cs|ReadProgressDelta|75|[Subframes] TS progress delta: DB not found at C:\Users\nicka\AppData\Local\NINA\SchedulerPlugin — Target Scheduler not installed or DB path mismatch.
2026-05-30T23:45:13.7844|INFO|SequenceItem.cs|Run|254|Finishing Category: Scheduler, Item: TakeExposure, ExposureTime 600, Gain 100, Offset 50, ImageType LIGHT, Binning 1x1
2026-05-30T23:45:13.7882|INFO|MeridianFlipTrigger.cs|ShouldTrigger|265|Meridian Flip - There is still time remaining - max remaining time 10:45:41.9892369, next instruction time 0, next instruction NINA.Plugin.TargetScheduler.Sequencer.PlanSchedulerProgress - and the telescope reports expected pier side pierEast. Automated Flip is not necessary.
2026-05-30T23:45:13.7883|INFO|SequenceItem.cs|Run|208|Starting NINA.Plugin.TargetScheduler.Sequencer.PlanSchedulerProgress
2026-05-30T23:45:13.7884|INFO|SequenceItem.cs|Run|254|Finishing NINA.Plugin.TargetScheduler.Sequencer.PlanSchedulerProgress
2026-05-30T23:45:15.1047|INFO|HocusFocusStarDetection.cs|Detect|413|Average HFR: 1.8552923933478251, HFR MAD: 0.23731016195727064, Detected Stars 219, Region: 0
2026-05-30T23:45:15.8113|INFO|BaseImageData.cs|SaveToDisk|346|Saved image to C:\ASTROIMAGES\NINA\2026-05-30\M 51\LIGHT\H\2026-05-30_23-35-12_M 51_LIGHT_H_-5.00C_G100-Exp-600.00s_MAXRMS-D2.54-R1.02_M-84.02_RMS-0.42_HFR-1.86_F-0003.fits
2026-05-30T23:45:15.8114|INFO|ImageSaveController.cs|DoWork|97|Successfully saved file at C:\ASTROIMAGES\NINA\2026-05-30\M 51\LIGHT\H\2026-05-30_23-35-12_M 51_LIGHT_H_-5.00C_G100-Exp-600.00s_MAXRMS-D2.54-R1.02_M-84.02_RMS-0.42_HFR-1.86_F-0003.fits. Duration Total: 00:00:02.0255712; BeforeSave: 00:00:00.0001163; BeforeFinalizeImageSaved: 00:00:01.6516751; FinalizeSaveTime: 00:00:00.3737785
2026-05-30T23:45:16.4411|WARNING|SessionMetaDataWatcher.cs|WriteAcquisitionMetaData|73|acquisition file already exists, will not overwrite: C:\ASTROIMAGES\NINA\2026-05-30\M 51\LIGHT\H\metadata\AcquisitionDetails.csv
2026-05-30T23:45:16.4413|WARNING|SessionMetaDataWatcher.cs|WriteAcquisitionMetaData|93|acquisition file already exists, will not overwrite: C:\ASTROIMAGES\NINA\2026-05-30\M 51\LIGHT\H\metadata\AcquisitionDetails.json
2026-05-30T23:45:16.4416|INFO|SessionMetaDataWatcher.cs|WriteImageMetaData|105|Writing CSV image metadata: C:\ASTROIMAGES\NINA\2026-05-30\M 51\LIGHT\H\metadata\ImageMetaData.csv
2026-05-30T23:45:16.5113|INFO|SessionMetaDataWatcher.cs|WriteImageMetaData|122|Writing JSON image metadata: C:\ASTROIMAGES\NINA\2026-05-30\M 51\LIGHT\H\metadata\ImageMetaData.json
2026-05-30T23:45:16.5138|INFO|SessionMetaDataWatcher.cs|WriteWeatherMetaData|169|Writing CSV weather metadata: C:\ASTROIMAGES\NINA\2026-05-30\M 51\LIGHT\H\metadata\WeatherData.csv
2026-05-30T23:45:16.5415|INFO|SessionMetaDataWatcher.cs|WriteWeatherMetaData|186|Writing JSON weather metadata: C:\ASTROIMAGES\NINA\2026-05-30\M 51\LIGHT\H\metadata\WeatherData.json
2026-05-30T23:45:16.5429|INFO|SessionService.cs|OnTargetDetectedAsync|663|[Subframes] Target detected: 'M51' (was 'M51')
2026-05-30T23:45:16.7433|INFO|SubframesClient.cs|StartTargetAsync|316|[Subframes] Target started:  name='M51'
2026-05-30T23:45:16.7434|WARNING|SessionService.cs|StartTargetAsync|559|[Subframes] StartTarget failed — cached locally as be055f1a-a8fb-40e0-8f89-9b463b5546c4 for replay.
2026-05-30T23:45:17.0628|INFO|MeridianFlipTrigger.cs|ShouldTrigger|265|Meridian Flip - There is still time remaining - max remaining time 10:45:37.9929895, next instruction time 0, next instruction Category: Powerups (Fun-ctions), Item: GSSend - and the telescope reports expected pier side pierEast. Automated Flip is not necessary.
2026-05-30T23:45:17.0827|INFO|SequenceItem.cs|Run|208|Starting Category: Powerups (Fun-ctions), Item: GSSend
2026-05-30T23:45:17.0835|INFO|SendWithGS.cs|ProcessedScript|64|Replacing Image_ExposureTime with 600
2026-05-30T23:45:17.0838|INFO|SendWithGS.cs|ProcessedScript|64|Replacing Image_HFR with 1.855
2026-05-30T23:45:17.0840|INFO|SendWithGS.cs|ProcessedScript|64|Replacing Image_FWHM with 6.54
2026-05-30T23:45:17.0841|INFO|SendWithGS.cs|ProcessedScript|64|Replacing Altitude with 69.33450340689426
2026-05-30T23:45:17.0841|INFO|SendWithGS.cs|Execute|95|Sending to Ground Station: Exp: $$FWHEEL_FILTER_NAME$$ on $$TARGET_NAME$$ EXP: 600 HFR: 1.855 FWHM: 6.54  Altitude: 69.33450340689426 
2026-05-30T23:45:17.0855|INFO|SequenceItem.cs|Run|208|Starting Category: Ground Station, Item: Send to Telegram
2026-05-30T23:45:17.7719|INFO|SequenceItem.cs|Run|254|Finishing Category: Ground Station, Item: Send to Telegram
2026-05-30T23:45:17.7735|INFO|SequenceItem.cs|Run|254|Finishing Category: Powerups (Fun-ctions), Item: GSSend
2026-05-30T23:45:17.7740|INFO|MeridianFlipTrigger.cs|ShouldTrigger|265|Meridian Flip - There is still time remaining - max remaining time 10:45:37.9929895, next instruction time 0, next instruction Category: Powerups (Fun-ctions), Item: GSSend - and the telescope reports expected pier side pierEast. Automated Flip is not necessary.
2026-05-30T23:45:17.7740|INFO|SequenceItem.cs|Run|208|Starting Category: Powerups (Fun-ctions), Item: GSSend
2026-05-30T23:45:17.7744|INFO|SendWithGS.cs|ProcessedScript|64|Replacing Image_ExposureTime with 600
2026-05-30T23:45:17.7746|INFO|SendWithGS.cs|ProcessedScript|64|Replacing Image_HFR with 1.855
2026-05-30T23:45:17.7749|INFO|SendWithGS.cs|ProcessedScript|64|Replacing Image_FWHM with 6.54
2026-05-30T23:45:17.7750|INFO|SendWithGS.cs|ProcessedScript|64|Replacing Altitude with 69.33450340689426
2026-05-30T23:45:17.7750|INFO|SendWithGS.cs|Execute|95|Sending to Ground Station: Exp: $$FWHEEL_FILTER_NAME$$ on $$TARGET_NAME$$ EXP: 600 HFR: 1.855 FWHM: 6.54  Altitude: 69.33450340689426 
2026-05-30T23:45:17.7764|INFO|SequenceItem.cs|Run|208|Starting Category: Ground Station, Item: Send to Pushover, Title: IMAGE: $$TARGET_NAME$$
2026-05-30T23:45:17.9353|INFO|SequenceItem.cs|Run|254|Finishing Category: Ground Station, Item: Send to Pushover, Title: IMAGE: $$TARGET_NAME$$
2026-05-30T23:45:17.9365|INFO|SequenceItem.cs|Run|254|Finishing Category: Powerups (Fun-ctions), Item: GSSend
2026-05-30T23:45:18.1667|INFO|Symbol.cs|OnMessageReceived|627|Received message from Target Scheduler re: TargetScheduler-TargetStart
2026-05-30T23:45:18.1667|INFO|Symbol.cs|OnMessageReceived|635|TS_TargetName = M 51
2026-05-30T23:45:18.1667|INFO|Symbol.cs|OnMessageReceived|636|Expires at 05/31/2026 03:45:41 -05:00
2026-05-30T23:45:18.1668|INFO|Symbol.cs|OnMessageReceived|627|Received message from Target Scheduler re: TargetScheduler-TargetStart
2026-05-30T23:45:18.1668|INFO|Symbol.cs|OnMessageReceived|635|TS_TargetName = M 51
2026-05-30T23:45:18.1668|INFO|Symbol.cs|OnMessageReceived|636|Expires at 05/31/2026 03:45:41 -05:00
2026-05-30T23:45:18.1835|INFO|MeridianFlipTrigger.cs|ShouldTrigger|265|Meridian Flip - There is still time remaining - max remaining time 10:45:37.9929895, next instruction time 0, next instruction NINA.Plugin.TargetScheduler.Sequencer.PlanSchedulerProgress - and the telescope reports expected pier side pierEast. Automated Flip is not necessary.
2026-05-30T23:45:18.1836|INFO|SequenceItem.cs|Run|208|Starting NINA.Plugin.TargetScheduler.Sequencer.PlanSchedulerProgress
2026-05-30T23:45:18.1837|INFO|SequenceItem.cs|Run|254|Finishing NINA.Plugin.TargetScheduler.Sequencer.PlanSchedulerProgress
2026-05-30T23:45:18.1838|INFO|MeridianFlipTrigger.cs|ShouldTrigger|265|Meridian Flip - There is still time remaining - max remaining time 10:45:37.9929895, next instruction time 0, next instruction Category: Scheduler, Item: SwitchFilter, Filter: H - and the telescope reports expected pier side pierEast. Automated Flip is not necessary.
2026-05-30T23:45:18.1838|INFO|SequenceItem.cs|Run|208|Starting Category: Scheduler, Item: SwitchFilter, Filter: H
2026-05-30T23:45:18.2111|INFO|SequenceItem.cs|Run|254|Finishing Category: Scheduler, Item: SwitchFilter, Filter: H
2026-05-30T23:45:18.2114|INFO|MeridianFlipTrigger.cs|ShouldTrigger|265|Meridian Flip - There is still time remaining - max remaining time 10:45:37.9929895, next instruction time 0, next instruction NINA.Plugin.TargetScheduler.Sequencer.PlanSchedulerProgress - and the telescope reports expected pier side pierEast. Automated Flip is not necessary.
2026-05-30T23:45:18.2114|INFO|SequenceItem.cs|Run|208|Starting NINA.Plugin.TargetScheduler.Sequencer.PlanSchedulerProgress
2026-05-30T23:45:18.2115|INFO|SequenceItem.cs|Run|254|Finishing NINA.Plugin.TargetScheduler.Sequencer.PlanSchedulerProgress
2026-05-30T23:45:18.2116|INFO|MeridianFlipTrigger.cs|ShouldTrigger|265|Meridian Flip - There is still time remaining - max remaining time 10:45:37.9929895, next instruction time 0, next instruction Category: Scheduler, Item: SetReadoutMode, Mode: 0 - and the telescope reports expected pier side pierEast. Automated Flip is not necessary.
2026-05-30T23:45:18.2117|INFO|SequenceItem.cs|Run|208|Starting Category: Scheduler, Item: SetReadoutMode, Mode: 0
2026-05-30T23:45:18.2118|INFO|SequenceItem.cs|Run|254|Finishing Category: Scheduler, Item: SetReadoutMode, Mode: 0
2026-05-30T23:45:18.2119|INFO|MeridianFlipTrigger.cs|ShouldTrigger|265|Meridian Flip - There is still time remaining - max remaining time 10:45:37.9929895, next instruction time 0, next instruction NINA.Plugin.TargetScheduler.Sequencer.PlanSchedulerProgress - and the telescope reports expected pier side pierEast. Automated Flip is not necessary.
2026-05-30T23:45:18.2119|INFO|SequenceItem.cs|Run|208|Starting NINA.Plugin.TargetScheduler.Sequencer.PlanSchedulerProgress
2026-05-30T23:45:18.2123|INFO|SequenceItem.cs|Run|254|Finishing NINA.Plugin.TargetScheduler.Sequencer.PlanSchedulerProgress
2026-05-30T23:45:18.2544|INFO|MeridianFlipTrigger.cs|ShouldTrigger|265|Meridian Flip - There is still time remaining - max remaining time 10:45:37.9929895, next instruction time 600, next instruction Category: Scheduler, Item: TakeExposure, ExposureTime 600, Gain 100, Offset 50, ImageType LIGHT, Binning 1x1 - and the telescope reports expected pier side pierEast. Automated Flip is not necessary.
2026-05-30T23:45:18.2545|INFO|DIYTrigger.cs|ShouldTrigger|109|DIY Trigger Restore Guiding ShouldTrigger returning true
2026-05-30T23:45:18.2546|INFO|SequenceTrigger.cs|Run|114|Starting Category: Powerups (Misc), Item: DIYTrigger
2026-05-30T23:45:18.2566|INFO|DIYTrigger.cs|Execute|95|DIY Trigger executing...
2026-05-30T23:45:18.2567|INFO|SequenceItem.cs|Run|208|Starting Category: * Instruction Set *, Container: NINA.Sequencer.Container.SequentialContainer, Strategy: SequentialStrategy, Items[CREATED]: 1, Triggers: Trigger: RestoreGuiding
2026-05-30T23:45:18.2570|INFO|MeridianFlipTrigger.cs|ShouldTrigger|265|Meridian Flip - There is still time remaining - max remaining time 10:45:37.9929895, next instruction time 0, next instruction Category: Powerups (Expressions), Item: IfFailed - and the telescope reports expected pier side pierEast. Automated Flip is not necessary.
2026-05-30T23:45:18.2570|INFO|SequenceItem.cs|Run|208|Starting Category: Powerups (Expressions), Item: IfFailed
2026-05-30T23:45:18.2571|INFO|SequenceItem.cs|Run|208|Starting Category: Guider, Item: StartGuiding
2026-05-30T23:45:18.2859|INFO|PHD2Guider.cs|StartGuidingPrivate|504|Phd2 - App is already guiding. Skipping start guiding
2026-05-30T23:45:18.2861|INFO|SequenceItem.cs|Run|254|Finishing Category: Guider, Item: StartGuiding
2026-05-30T23:45:18.2862|INFO|SequenceItem.cs|Run|254|Finishing Category: Powerups (Expressions), Item: IfFailed
2026-05-30T23:45:18.2864|INFO|SequenceItem.cs|Run|254|Finishing Category: * Instruction Set *, Container: NINA.Sequencer.Container.SequentialContainer, Strategy: SequentialStrategy, Items[FINISHED]: 1, Triggers: Trigger: RestoreGuiding
2026-05-30T23:45:18.2885|INFO|SequenceItem.cs|Run|208|Starting Category: Scheduler, Item: TakeExposure, ExposureTime 600, Gain 100, Offset 50, ImageType LIGHT, Binning 1x1
2026-05-30T23:45:18.2934|INFO|CameraVM.cs|Capture|742|Starting Exposure - Exposure Time: 600s; Filter: ; Gain: 100; Offset 50; Binning: 1x1;
2026-05-30T23:45:18.6966|INFO|StarfrontClient.cs|SendImageFile|249|[Rockwood] sent 2026-05-30_23-35-12_M 51_LIGHT_H_-5.00C_G100-Exp-600.00s_MAXRMS-D2.54-R1.02_M-84.02_RMS-0.42_HFR-1.86_F-0003.fits (22KB) object=M 51 exptime=600s filter=H
2026-05-30T23:45:21.7555|WARNING|TsPreviewClient.cs|FetchPreviewAsync|161|[Subframes] TsPreviewClient.FetchPreviewAsync failed for profile '533M-AT60' (0173997c-4bfa-48fd-9337-a48b6df99c38): TaskCanceledException: The request was canceled due to the configured HttpClient.Timeout of 5 seconds elapsing.
2026-05-30T23:45:35.5337|INFO|SyncEngine.cs|SyncPendingFramesAsync|142|[Subframes] SyncEngine: synced 1 frames for session 470187b8-716c-4f60-bb85-9fd78307165c (accepted=1)
2026-05-30T23:45:38.5915|INFO|TsProgressReader.cs|ReadProgressDelta|75|[Subframes] TS progress delta: DB not found at C:\Users\nicka\AppData\Local\NINA\SchedulerPlugin — Target Scheduler not installed or DB path mismatch.
2026-05-30T23:47:05.5027|INFO|FrameCache.cs|PruneSynced|249|[Subframes] Pruned 1 synced frames older than 72h
2026-05-30T23:50:38.5920|INFO|TsProgressReader.cs|ReadProgressDelta|75|[Subframes] TS progress delta: DB not found at C:\Users\nicka\AppData\Local\NINA\SchedulerPlugin — Target Scheduler not installed or DB path mismatch.
2026-05-30T23:55:20.1917|INFO|SequenceItem.cs|Run|254|Finishing Category: Scheduler, Item: TakeExposure, ExposureTime 600, Gain 100, Offset 50, ImageType LIGHT, Binning 1x1
2026-05-30T23:55:20.1936|INFO|MeridianFlipTrigger.cs|ShouldTrigger|265|Meridian Flip - There is still time remaining - max remaining time 10:35:32.7894220, next instruction time 0, next instruction NINA.Plugin.TargetScheduler.Sequencer.PlanSchedulerProgress - and the telescope reports expected pier side pierEast. Automated Flip is not necessary.
2026-05-30T23:55:20.1942|INFO|SequenceItem.cs|Run|208|Starting NINA.Plugin.TargetScheduler.Sequencer.PlanSchedulerProgress
2026-05-30T23:55:20.1943|INFO|SequenceItem.cs|Run|254|Finishing NINA.Plugin.TargetScheduler.Sequencer.PlanSchedulerProgress
2026-05-30T23:55:20.1978|INFO|ImageSolver.cs|Solve|41|Platesolving with parameters: FocalLength: 360 PixelSize: 3.76 SearchRadius: 30 BlindFailoverEnabled: True Regions: 5000 DownSampleFactor: 0 MaxObjects: 500 Reference Coordinates RA: 13:29:59 Dec: 47° 12' 09" Epoch: J2000
2026-05-30T23:55:20.5667|INFO|BaseImageData.cs|SaveToDisk|346|Saved image to C:\Users\nicka\AppData\Local\NINA\PlateSolver\ra4voea2.sm1.fits
2026-05-30T23:55:21.7052|INFO|HocusFocusStarDetection.cs|Detect|413|Average HFR: 1.9095378851379012, HFR MAD: 0.24682448933656514, Detected Stars 228, Region: 0
2026-05-30T23:55:22.1291|INFO|ImageSolver.cs|Solve|54|Platesolve successful: Coordinates: RA: 13:29:52; Dec: 47° 11' 57"; Epoch: J2000 - Position Angle: 275.5969623252798
2026-05-30T23:55:22.1301|INFO|CenterAfterDriftTrigger.cs|PlatesolvingImageFollower_PropertyChanged|189|Drift: 0.29252038976100986 / 1 arc minutes
2026-05-30T23:55:22.4804|INFO|BaseImageData.cs|SaveToDisk|346|Saved image to C:\ASTROIMAGES\NINA\2026-05-30\M 51\LIGHT\H\2026-05-30_23-45-18_M 51_LIGHT_H_-5.00C_G100-Exp-600.00s_MAXRMS-D1.31-R1.36_M-84.06_RMS-0.38_HFR-1.91_F-0004.fits
2026-05-30T23:55:22.4806|INFO|ImageSaveController.cs|DoWork|97|Successfully saved file at C:\ASTROIMAGES\NINA\2026-05-30\M 51\LIGHT\H\2026-05-30_23-45-18_M 51_LIGHT_H_-5.00C_G100-Exp-600.00s_MAXRMS-D1.31-R1.36_M-84.06_RMS-0.38_HFR-1.91_F-0004.fits. Duration Total: 00:00:02.2858456; BeforeSave: 00:00:00.0001209; BeforeFinalizeImageSaved: 00:00:01.9006660; FinalizeSaveTime: 00:00:00.3850577
2026-05-30T23:55:23.0891|WARNING|SessionMetaDataWatcher.cs|WriteAcquisitionMetaData|73|acquisition file already exists, will not overwrite: C:\ASTROIMAGES\NINA\2026-05-30\M 51\LIGHT\H\metadata\AcquisitionDetails.csv
2026-05-30T23:55:23.0892|WARNING|SessionMetaDataWatcher.cs|WriteAcquisitionMetaData|93|acquisition file already exists, will not overwrite: C:\ASTROIMAGES\NINA\2026-05-30\M 51\LIGHT\H\metadata\AcquisitionDetails.json
2026-05-30T23:55:23.0895|INFO|SessionMetaDataWatcher.cs|WriteImageMetaData|105|Writing CSV image metadata: C:\ASTROIMAGES\NINA\2026-05-30\M 51\LIGHT\H\metadata\ImageMetaData.csv
2026-05-30T23:55:23.1269|INFO|SessionMetaDataWatcher.cs|WriteImageMetaData|122|Writing JSON image metadata: C:\ASTROIMAGES\NINA\2026-05-30\M 51\LIGHT\H\metadata\ImageMetaData.json
2026-05-30T23:55:23.1291|INFO|SessionMetaDataWatcher.cs|WriteWeatherMetaData|169|Writing CSV weather metadata: C:\ASTROIMAGES\NINA\2026-05-30\M 51\LIGHT\H\metadata\WeatherData.csv
2026-05-30T23:55:23.1543|INFO|SessionMetaDataWatcher.cs|WriteWeatherMetaData|186|Writing JSON weather metadata: C:\ASTROIMAGES\NINA\2026-05-30\M 51\LIGHT\H\metadata\WeatherData.json
2026-05-30T23:55:23.1557|INFO|SessionService.cs|OnTargetDetectedAsync|663|[Subframes] Target detected: 'M51' (was 'M51')
2026-05-30T23:55:23.1907|INFO|SubframesClient.cs|StartTargetAsync|316|[Subframes] Target started:  name='M51'
2026-05-30T23:55:23.1908|WARNING|SessionService.cs|StartTargetAsync|559|[Subframes] StartTarget failed — cached locally as 94bf97a7-f2d0-42b1-b9b5-0076733725ea for replay.
2026-05-30T23:55:23.7322|INFO|MeridianFlipTrigger.cs|ShouldTrigger|265|Meridian Flip - There is still time remaining - max remaining time 10:35:30.7728150, next instruction time 0, next instruction Category: Powerups (Fun-ctions), Item: GSSend - and the telescope reports expected pier side pierEast. Automated Flip is not necessary.
2026-05-30T23:55:23.7323|INFO|SequenceItem.cs|Run|208|Starting Category: Powerups (Fun-ctions), Item: GSSend
2026-05-30T23:55:23.7326|INFO|SendWithGS.cs|ProcessedScript|64|Replacing Image_ExposureTime with 600
2026-05-30T23:55:23.7327|INFO|SendWithGS.cs|ProcessedScript|64|Replacing Image_HFR with 1.91
2026-05-30T23:55:23.7329|INFO|SendWithGS.cs|ProcessedScript|64|Replacing Image_FWHM with 6.48
2026-05-30T23:55:23.7330|INFO|SendWithGS.cs|ProcessedScript|64|Replacing Altitude with 68.01319434160224
2026-05-30T23:55:23.7330|INFO|SendWithGS.cs|Execute|95|Sending to Ground Station: Exp: $$FWHEEL_FILTER_NAME$$ on $$TARGET_NAME$$ EXP: 600 HFR: 1.91 FWHM: 6.48  Altitude: 68.01319434160224 
2026-05-30T23:55:23.7342|INFO|SequenceItem.cs|Run|208|Starting Category: Ground Station, Item: Send to Telegram
2026-05-30T23:55:24.3980|INFO|SequenceItem.cs|Run|254|Finishing Category: Ground Station, Item: Send to Telegram
2026-05-30T23:55:24.3992|INFO|SequenceItem.cs|Run|254|Finishing Category: Powerups (Fun-ctions), Item: GSSend
2026-05-30T23:55:24.3995|INFO|MeridianFlipTrigger.cs|ShouldTrigger|265|Meridian Flip - There is still time remaining - max remaining time 10:35:28.7969518, next instruction time 0, next instruction Category: Powerups (Fun-ctions), Item: GSSend - and the telescope reports expected pier side pierEast. Automated Flip is not necessary.
2026-05-30T23:55:24.3996|INFO|SequenceItem.cs|Run|208|Starting Category: Powerups (Fun-ctions), Item: GSSend
2026-05-30T23:55:24.3999|INFO|SendWithGS.cs|ProcessedScript|64|Replacing Image_ExposureTime with 600
2026-05-30T23:55:24.4000|INFO|SendWithGS.cs|ProcessedScript|64|Replacing Image_HFR with 1.91
2026-05-30T23:55:24.4001|INFO|SendWithGS.cs|ProcessedScript|64|Replacing Image_FWHM with 6.48
2026-05-30T23:55:24.4002|INFO|SendWithGS.cs|ProcessedScript|64|Replacing Altitude with 68.00318330401251
2026-05-30T23:55:24.4003|INFO|SendWithGS.cs|Execute|95|Sending to Ground Station: Exp: $$FWHEEL_FILTER_NAME$$ on $$TARGET_NAME$$ EXP: 600 HFR: 1.91 FWHM: 6.48  Altitude: 68.00318330401251 
2026-05-30T23:55:24.4016|INFO|SequenceItem.cs|Run|208|Starting Category: Ground Station, Item: Send to Pushover, Title: IMAGE: $$TARGET_NAME$$
2026-05-30T23:55:24.5466|INFO|SequenceItem.cs|Run|254|Finishing Category: Ground Station, Item: Send to Pushover, Title: IMAGE: $$TARGET_NAME$$
2026-05-30T23:55:24.5481|INFO|SequenceItem.cs|Run|254|Finishing Category: Powerups (Fun-ctions), Item: GSSend
2026-05-30T23:55:24.8571|INFO|Symbol.cs|OnMessageReceived|627|Received message from Target Scheduler re: TargetScheduler-TargetStart
2026-05-30T23:55:24.8572|INFO|Symbol.cs|OnMessageReceived|635|TS_TargetName = M 51
2026-05-30T23:55:24.8572|INFO|Symbol.cs|OnMessageReceived|636|Expires at 05/31/2026 03:45:41 -05:00
2026-05-30T23:55:24.8572|INFO|Symbol.cs|OnMessageReceived|627|Received message from Target Scheduler re: TargetScheduler-TargetStart
2026-05-30T23:55:24.8572|INFO|Symbol.cs|OnMessageReceived|635|TS_TargetName = M 51
2026-05-30T23:55:24.8573|INFO|Symbol.cs|OnMessageReceived|636|Expires at 05/31/2026 03:45:41 -05:00
2026-05-30T23:55:24.8635|INFO|MeridianFlipTrigger.cs|ShouldTrigger|265|Meridian Flip - There is still time remaining - max remaining time 10:35:28.7969518, next instruction time 0, next instruction NINA.Plugin.TargetScheduler.Sequencer.PlanSchedulerProgress - and the telescope reports expected pier side pierEast. Automated Flip is not necessary.
2026-05-30T23:55:24.8636|INFO|SequenceItem.cs|Run|208|Starting NINA.Plugin.TargetScheduler.Sequencer.PlanSchedulerProgress
2026-05-30T23:55:24.8637|INFO|SequenceItem.cs|Run|254|Finishing NINA.Plugin.TargetScheduler.Sequencer.PlanSchedulerProgress
2026-05-30T23:55:24.8638|INFO|MeridianFlipTrigger.cs|ShouldTrigger|265|Meridian Flip - There is still time remaining - max remaining time 10:35:28.7969518, next instruction time 0, next instruction Category: Scheduler, Item: SwitchFilter, Filter: H - and the telescope reports expected pier side pierEast. Automated Flip is not necessary.
2026-05-30T23:55:24.8638|INFO|SequenceItem.cs|Run|208|Starting Category: Scheduler, Item: SwitchFilter, Filter: H
2026-05-30T23:55:24.8807|INFO|SequenceItem.cs|Run|254|Finishing Category: Scheduler, Item: SwitchFilter, Filter: H
2026-05-30T23:55:24.8810|INFO|MeridianFlipTrigger.cs|ShouldTrigger|265|Meridian Flip - There is still time remaining - max remaining time 10:35:28.7969518, next instruction time 0, next instruction NINA.Plugin.TargetScheduler.Sequencer.PlanSchedulerProgress - and the telescope reports expected pier side pierEast. Automated Flip is not necessary.
2026-05-30T23:55:24.8811|INFO|SequenceItem.cs|Run|208|Starting NINA.Plugin.TargetScheduler.Sequencer.PlanSchedulerProgress
2026-05-30T23:55:24.8811|INFO|SequenceItem.cs|Run|254|Finishing NINA.Plugin.TargetScheduler.Sequencer.PlanSchedulerProgress
2026-05-30T23:55:24.8812|INFO|MeridianFlipTrigger.cs|ShouldTrigger|265|Meridian Flip - There is still time remaining - max remaining time 10:35:28.7969518, next instruction time 0, next instruction Category: Scheduler, Item: SetReadoutMode, Mode: 0 - and the telescope reports expected pier side pierEast. Automated Flip is not necessary.
2026-05-30T23:55:24.8813|INFO|SequenceItem.cs|Run|208|Starting Category: Scheduler, Item: SetReadoutMode, Mode: 0
2026-05-30T23:55:24.8814|INFO|SequenceItem.cs|Run|254|Finishing Category: Scheduler, Item: SetReadoutMode, Mode: 0
2026-05-30T23:55:24.8815|INFO|MeridianFlipTrigger.cs|ShouldTrigger|265|Meridian Flip - There is still time remaining - max remaining time 10:35:28.7969518, next instruction time 0, next instruction NINA.Plugin.TargetScheduler.Sequencer.PlanSchedulerProgress - and the telescope reports expected pier side pierEast. Automated Flip is not necessary.
2026-05-30T23:55:24.8815|INFO|SequenceItem.cs|Run|208|Starting NINA.Plugin.TargetScheduler.Sequencer.PlanSchedulerProgress
2026-05-30T23:55:24.8907|INFO|SequenceItem.cs|Run|254|Finishing NINA.Plugin.TargetScheduler.Sequencer.PlanSchedulerProgress
2026-05-30T23:55:24.8911|INFO|AutofocusAfterHFRIncreaseTrigger.cs|ShouldTrigger|221|Autofocus after HFR change should be triggered, as current HFR trend is 6.83% higher compared to threshold of 5%
2026-05-30T23:55:24.8932|INFO|SequenceTrigger.cs|Run|114|Starting Trigger: AutofocusAfterHFRIncreaseTrigger, Amount: 5
2026-05-30T23:55:24.8940|INFO|SequenceItem.cs|Run|208|Starting Category: * Instruction Set *, Container: NINA.Sequencer.Container.SequentialContainer, Strategy: SequentialStrategy, Items[CREATED]: 1
2026-05-30T23:55:24.8942|INFO|SequenceItem.cs|Run|208|Starting Category: Focuser, Item: RunAutofocus
2026-05-30T23:55:25.1201|INFO|FocuserMediator.cs|BroadcastAutoFocusRunStarting|92|Autofocus starting notification received
2026-05-30T23:55:25.4956|INFO|StarfrontClient.cs|SendImageFile|249|[Rockwood] sent 2026-05-30_23-45-18_M 51_LIGHT_H_-5.00C_G100-Exp-600.00s_MAXRMS-D1.31-R1.36_M-84.06_RMS-0.38_HFR-1.91_F-0004.fits (21KB) object=M 51 exptime=600s filter=H
2026-05-30T23:55:26.4573|INFO|PHD2Client.cs|ProcessEvent|268|PHD2: ConfigurationChange
2026-05-30T23:55:26.4661|WARNING|PHD2Client.cs|ProcessEvent|252|PHD2: LockPositionLost
2026-05-30T23:55:26.5536|INFO|PHD2Client.cs|QueryExposureTime|1216|PHD2Client: Exposure time from PHD2 API: 2.000 seconds (2000 ms)
2026-05-30T23:55:27.1420|INFO|FilterWheelVM.cs|ChangeFilter|112|Moving to Filter L at Position 0
2026-05-30T23:55:27.3458|INFO|FocuserVM.cs|MoveFocuserInternal|216|Moving Focuser to position 387343
2026-05-30T23:55:28.3264|WARNING|TsPreviewClient.cs|FetchPreviewAsync|161|[Subframes] TsPreviewClient.FetchPreviewAsync failed for profile '533M-AT60' (0173997c-4bfa-48fd-9337-a48b6df99c38): TaskCanceledException: The request was canceled due to the configured HttpClient.Timeout of 5 seconds elapsing.
2026-05-30T23:55:35.5332|INFO|SyncEngine.cs|SyncPendingFramesAsync|142|[Subframes] SyncEngine: synced 1 frames for session 470187b8-716c-4f60-bb85-9fd78307165c (accepted=1)
2026-05-30T23:55:36.7645|INFO|AutoFocusEngine.cs|RunAutoFocus|929|Starting AutoFocus with initial position 387343
2026-05-30T23:55:36.7709|INFO|CameraVM.cs|Capture|742|Starting Exposure - Exposure Time: 3s; Filter: L; Gain: 270; Offset 50; Binning: 1x1;
2026-05-30T23:55:38.5925|INFO|TsProgressReader.cs|ReadProgressDelta|75|[Subframes] TS progress delta: DB not found at C:\Users\nicka\AppData\Local\NINA\SchedulerPlugin — Target Scheduler not installed or DB path mismatch.
2026-05-30T23:55:41.3797|INFO|AutoFocusEngine.cs|StartBlindFocusPoints|769|Waiting on initial HFR analysis
2026-05-30T23:55:41.3833|INFO|FocuserVM.cs|MoveFocuserInternal|216|Moving Focuser to position 387479
2026-05-30T23:55:42.7220|INFO|HocusFocusStarDetection.cs|Detect|413|Average HFR: 1.7956672064886943, HFR MAD: 0.24550122789408169, Detected Stars 142, Region: 0
2026-05-30T23:55:46.7646|INFO|CameraVM.cs|Capture|742|Starting Exposure - Exposure Time: 3s; Filter: L; Gain: 270; Offset 50; Binning: 1x1;
2026-05-30T23:55:51.3540|INFO|FocuserVM.cs|MoveFocuserInternal|216|Moving Focuser to position 387445
2026-05-30T23:55:52.7063|INFO|HocusFocusStarDetection.cs|Detect|413|Average HFR: 5.056440304654673, HFR MAD: 1.945846113077651, Detected Stars 56, Region: 0
2026-05-30T23:55:58.7452|INFO|CameraVM.cs|Capture|742|Starting Exposure - Exposure Time: 3s; Filter: L; Gain: 270; Offset 50; Binning: 1x1;
2026-05-30T23:56:03.3626|INFO|FocuserVM.cs|MoveFocuserInternal|216|Moving Focuser to position 387411
2026-05-30T23:56:04.6825|INFO|HocusFocusStarDetection.cs|Detect|413|Average HFR: 3.915092134374229, HFR MAD: 1.6091624720632918, Detected Stars 85, Region: 0
2026-05-30T23:56:10.7662|INFO|CameraVM.cs|Capture|742|Starting Exposure - Exposure Time: 3s; Filter: L; Gain: 270; Offset 50; Binning: 1x1;
2026-05-30T23:56:15.3514|INFO|FocuserVM.cs|MoveFocuserInternal|216|Moving Focuser to position 387377
2026-05-30T23:56:16.6669|INFO|HocusFocusStarDetection.cs|Detect|413|Average HFR: 3.034461595141689, HFR MAD: 0.9455406846290869, Detected Stars 127, Region: 0
2026-05-30T23:56:22.7386|INFO|CameraVM.cs|Capture|742|Starting Exposure - Exposure Time: 3s; Filter: L; Gain: 270; Offset 50; Binning: 1x1;
2026-05-30T23:56:27.3414|INFO|AutoFocusEngine.cs|StartBlindFocusPoints|797|Waiting on initial focuser move analyses
2026-05-30T23:56:28.6829|INFO|HocusFocusStarDetection.cs|Detect|413|Average HFR: 2.283422649586914, HFR MAD: 0.48577783862870394, Detected Stars 158, Region: 0
2026-05-30T23:56:28.7087|INFO|FocuserVM.cs|MoveFocuserInternal|216|Moving Focuser to position 387343
2026-05-30T23:56:36.7628|INFO|CameraVM.cs|Capture|742|Starting Exposure - Exposure Time: 3s; Filter: L; Gain: 270; Offset 50; Binning: 1x1;
2026-05-30T23:56:41.3466|INFO|AutoFocusEngine.cs|StartBlindFocusPoints|870|Waiting on next left movement analysis
2026-05-30T23:56:42.6434|INFO|HocusFocusStarDetection.cs|Detect|413|Average HFR: 1.7811485408741816, HFR MAD: 0.17552246588439308, Detected Stars 131, Region: 0
2026-05-30T23:56:42.6693|INFO|FocuserVM.cs|MoveFocuserInternal|216|Moving Focuser to position 387309
2026-05-30T23:56:50.7456|INFO|CameraVM.cs|Capture|742|Starting Exposure - Exposure Time: 3s; Filter: L; Gain: 270; Offset 50; Binning: 1x1;
2026-05-30T23:56:55.3216|INFO|AutoFocusEngine.cs|StartBlindFocusPoints|870|Waiting on next left movement analysis
2026-05-30T23:56:56.6276|INFO|HocusFocusStarDetection.cs|Detect|413|Average HFR: 1.7706109165919048, HFR MAD: 0.1471908803218629, Detected Stars 170, Region: 0
2026-05-30T23:56:56.6648|INFO|FocuserVM.cs|MoveFocuserInternal|216|Moving Focuser to position 387275
2026-05-30T23:57:04.7667|INFO|CameraVM.cs|Capture|742|Starting Exposure - Exposure Time: 3s; Filter: L; Gain: 270; Offset 50; Binning: 1x1;
2026-05-30T23:57:05.5044|INFO|FrameCache.cs|PruneSynced|249|[Subframes] Pruned 1 synced frames older than 72h
2026-05-30T23:57:09.3658|INFO|AutoFocusEngine.cs|StartBlindFocusPoints|870|Waiting on next left movement analysis
2026-05-30T23:57:10.6734|INFO|HocusFocusStarDetection.cs|Detect|413|Average HFR: 2.4622406203828566, HFR MAD: 0.24240455344588557, Detected Stars 197, Region: 0
2026-05-30T23:57:10.7465|INFO|FocuserVM.cs|MoveFocuserInternal|216|Moving Focuser to position 387241
2026-05-30T23:57:18.7655|INFO|CameraVM.cs|Capture|742|Starting Exposure - Exposure Time: 3s; Filter: L; Gain: 270; Offset 50; Binning: 1x1;
2026-05-30T23:57:23.3598|INFO|AutoFocusEngine.cs|StartBlindFocusPoints|870|Waiting on next left movement analysis
2026-05-30T23:57:24.6656|INFO|HocusFocusStarDetection.cs|Detect|413|Average HFR: 3.719311501506255, HFR MAD: 0.3349419692621645, Detected Stars 130, Region: 0
2026-05-30T23:57:24.7298|INFO|FocuserVM.cs|MoveFocuserInternal|216|Moving Focuser to position 387207
2026-05-30T23:57:32.7621|INFO|CameraVM.cs|Capture|742|Starting Exposure - Exposure Time: 3s; Filter: L; Gain: 270; Offset 50; Binning: 1x1;
2026-05-30T23:57:37.3558|INFO|AutoFocusEngine.cs|StartBlindFocusPoints|870|Waiting on next left movement analysis
2026-05-30T23:57:38.6849|INFO|HocusFocusStarDetection.cs|Detect|413|Average HFR: 5.308930596939876, HFR MAD: 0.341453900153191, Detected Stars 81, Region: 0
2026-05-30T23:57:38.7155|INFO|AutoFocusEngine.cs|StartBlindFocusPoints|841|Enough right trend points (4) with an established minimum (387309) to queue remaining left focus points down to 387173
2026-05-30T23:57:38.7172|INFO|FocuserVM.cs|MoveFocuserInternal|216|Moving Focuser to position 387173
2026-05-30T23:57:46.7600|INFO|CameraVM.cs|Capture|742|Starting Exposure - Exposure Time: 3s; Filter: L; Gain: 270; Offset 50; Binning: 1x1;
2026-05-30T23:57:51.3589|INFO|AutoFocusEngine.cs|StartBlindFocusPoints|896|Waiting on remaining AutoFocus analysis tasks
2026-05-30T23:57:52.6973|INFO|HocusFocusStarDetection.cs|Detect|413|Average HFR: 7.065628906341738, HFR MAD: 0.24079162816897715, Detected Stars 44, Region: 0
2026-05-30T23:57:52.7320|INFO|FocuserVM.cs|MoveFocuserInternal|216|Moving Focuser to position 387318
2026-05-30T23:57:56.7252|INFO|AutoFocusEngine.cs|ValidateCalculatedFocusPosition|1141|Validating HFR at final focus position 387318
2026-05-30T23:57:56.7322|INFO|CameraVM.cs|Capture|742|Starting Exposure - Exposure Time: 3s; Filter: L; Gain: 270; Offset 50; Binning: 1x1;
2026-05-30T23:58:02.6307|INFO|HocusFocusStarDetection.cs|Detect|413|Average HFR: 1.6919166062606397, HFR MAD: 0.14607800000117938, Detected Stars 151, Region: 0
2026-05-30T23:58:02.6311|INFO|HocusFocusVM.cs|AutoFocusEngine_Completed|472|AutoFocus completed with focuser starting at 387343 and ending at 387318
2026-05-30T23:58:02.6327|INFO|FocuserMediator.cs|BroadcastSuccessfulAutoFocusRun|46|Autofocus notification received - Temperature 29.170000076293945
2026-05-30T23:58:02.6728|INFO|SessionEventCollector.cs|SaveEvent|128|NightSummary: Event logged — AutoFocus: AutoFocus completed — Filter: L, Temp: 29.2°C, Position: 387318.4346676686
2026-05-30T23:58:02.6739|INFO|SessionService.cs|UpdateEndAutoFocusRun|1500|[Subframes] UpdateEndAutoFocusRun called: session=470187b8-716c-4f60-bb85-9fd78307165c filter=L position=387318.4346676686 — posting autofocus event
2026-05-30T23:58:02.6970|INFO|FilterWheelVM.cs|ChangeFilter|112|Moving to Filter H at Position 5
2026-05-30T23:58:02.7220|INFO|FocuserVM.cs|MoveFocuserInternal|216|Moving Focuser to position 387340
2026-05-30T23:58:06.7724|INFO|PHD2Guider.cs|TryStartGuideCommand|641|Phd2 - Requesting to start guiding. Recalibrate: False
2026-05-30T23:58:14.1383|INFO|PHD2Client.cs|ProcessEvent|261|PHD2: StartGuiding
2026-05-30T23:58:14.1384|INFO|PHD2Client.cs|StartNewGuidingSession|393|PHD2Client: New guiding session started
2026-05-30T23:58:14.1493|INFO|PHD2Client.cs|QueryExposureTime|1216|PHD2Client: Exposure time from PHD2 API: 2.000 seconds (2000 ms)
2026-05-30T23:58:36.8726|INFO|PHD2Client.cs|HandleSettleDone|343|PHD2Client: SettleDone - Status=0, Success=True, TotalFrames=10, DroppedFrames=0
2026-05-30T23:58:36.8727|WARNING|DitherStatisticsVM.cs|OnPHD2SettleDone|772|⚠️ SettleDone received but no currentDither exists (race condition?)
2026-05-30T23:58:37.4816|INFO|SequenceItem.cs|Run|254|Finishing Category: Focuser, Item: RunAutofocus
2026-05-30T23:58:37.4819|INFO|SequenceItem.cs|Run|254|Finishing Category: * Instruction Set *, Container: NINA.Sequencer.Container.SequentialContainer, Strategy: SequentialStrategy, Items[FINISHED]: 1
2026-05-30T23:58:37.4824|INFO|MeridianFlipTrigger.cs|ShouldTrigger|265|Meridian Flip - There is still time remaining - max remaining time 10:32:16.1936249, next instruction time 600, next instruction Category: Scheduler, Item: TakeExposure, ExposureTime 600, Gain 100, Offset 50, ImageType LIGHT, Binning 1x1 - and the telescope reports expected pier side pierEast. Automated Flip is not necessary.
2026-05-30T23:58:37.4825|INFO|DIYTrigger.cs|ShouldTrigger|109|DIY Trigger Restore Guiding ShouldTrigger returning true
2026-05-30T23:58:37.4825|INFO|SequenceTrigger.cs|Run|114|Starting Category: Powerups (Misc), Item: DIYTrigger
2026-05-30T23:58:37.4851|INFO|DIYTrigger.cs|Execute|95|DIY Trigger executing...
2026-05-30T23:58:37.4852|INFO|SequenceItem.cs|Run|208|Starting Category: * Instruction Set *, Container: NINA.Sequencer.Container.SequentialContainer, Strategy: SequentialStrategy, Items[CREATED]: 1, Triggers: Trigger: RestoreGuiding
2026-05-30T23:58:37.4856|INFO|MeridianFlipTrigger.cs|ShouldTrigger|265|Meridian Flip - There is still time remaining - max remaining time 10:32:16.1936249, next instruction time 0, next instruction Category: Powerups (Expressions), Item: IfFailed - and the telescope reports expected pier side pierEast. Automated Flip is not necessary.
2026-05-30T23:58:37.4856|INFO|SequenceItem.cs|Run|208|Starting Category: Powerups (Expressions), Item: IfFailed
2026-05-30T23:58:37.4857|INFO|SequenceItem.cs|Run|208|Starting Category: Guider, Item: StartGuiding
2026-05-30T23:58:37.4886|INFO|PHD2Guider.cs|StartGuidingPrivate|504|Phd2 - App is already guiding. Skipping start guiding
2026-05-30T23:58:37.4888|INFO|SequenceItem.cs|Run|254|Finishing Category: Guider, Item: StartGuiding
2026-05-30T23:58:37.4889|INFO|SequenceItem.cs|Run|254|Finishing Category: Powerups (Expressions), Item: IfFailed
2026-05-30T23:58:37.4891|INFO|SequenceItem.cs|Run|254|Finishing Category: * Instruction Set *, Container: NINA.Sequencer.Container.SequentialContainer, Strategy: SequentialStrategy, Items[FINISHED]: 1, Triggers: Trigger: RestoreGuiding
2026-05-30T23:58:37.4920|INFO|SequenceItem.cs|Run|208|Starting Category: Scheduler, Item: TakeExposure, ExposureTime 600, Gain 100, Offset 50, ImageType LIGHT, Binning 1x1
2026-05-30T23:58:37.4971|INFO|CameraVM.cs|Capture|742|Starting Exposure - Exposure Time: 600s; Filter: ; Gain: 100; Offset 50; Binning: 1x1;
2026-05-31T00:00:38.5930|INFO|TsProgressReader.cs|ReadProgressDelta|75|[Subframes] TS progress delta: DB not found at C:\Users\nicka\AppData\Local\NINA\SchedulerPlugin — Target Scheduler not installed or DB path mismatch.
2026-05-31T00:05:35.5107|WARNING|TsPreviewClient.cs|FetchPreviewAsync|161|[Subframes] TsPreviewClient.FetchPreviewAsync failed for profile '533M-AT60' (0173997c-4bfa-48fd-9337-a48b6df99c38): TaskCanceledException: The request was canceled due to the configured HttpClient.Timeout of 5 seconds elapsing.
2026-05-31T00:05:38.5921|INFO|TsProgressReader.cs|ReadProgressDelta|75|[Subframes] TS progress delta: DB not found at C:\Users\nicka\AppData\Local\NINA\SchedulerPlugin — Target Scheduler not installed or DB path mismatch.
2026-05-31T00:07:35.5046|INFO|FrameCache.cs|PruneSynced|249|[Subframes] Pruned 1 synced frames older than 72h
2026-05-31T00:08:39.3751|INFO|SequenceItem.cs|Run|254|Finishing Category: Scheduler, Item: TakeExposure, ExposureTime 600, Gain 100, Offset 50, ImageType LIGHT, Binning 1x1
2026-05-31T00:08:39.3757|INFO|MeridianFlipTrigger.cs|ShouldTrigger|265|Meridian Flip - There is still time remaining - max remaining time 10:22:14.0453629, next instruction time 0, next instruction NINA.Plugin.TargetScheduler.Sequencer.PlanSchedulerProgress - and the telescope reports expected pier side pierEast. Automated Flip is not necessary.
2026-05-31T00:08:39.3758|INFO|SequenceItem.cs|Run|208|Starting NINA.Plugin.TargetScheduler.Sequencer.PlanSchedulerProgress
2026-05-31T00:08:39.3758|INFO|SequenceItem.cs|Run|254|Finishing NINA.Plugin.TargetScheduler.Sequencer.PlanSchedulerProgress
2026-05-31T00:08:40.7291|INFO|HocusFocusStarDetection.cs|Detect|413|Average HFR: 1.8243732097584973, HFR MAD: 0.14705069012799496, Detected Stars 294, Region: 0
2026-05-31T00:08:41.4413|INFO|BaseImageData.cs|SaveToDisk|346|Saved image to C:\ASTROIMAGES\NINA\2026-05-30\M 51\LIGHT\H\2026-05-30_23-58-37_M 51_LIGHT_H_-5.00C_G100-Exp-600.00s_MAXRMS-D0.94-R3.18_M-84.12_RMS-0.65_HFR-1.82_F-0005.fits
2026-05-31T00:08:41.4414|INFO|ImageSaveController.cs|DoWork|97|Successfully saved file at C:\ASTROIMAGES\NINA\2026-05-30\M 51\LIGHT\H\2026-05-30_23-58-37_M 51_LIGHT_H_-5.00C_G100-Exp-600.00s_MAXRMS-D0.94-R3.18_M-84.12_RMS-0.65_HFR-1.82_F-0005.fits. Duration Total: 00:00:02.0656485; BeforeSave: 00:00:00.0001632; BeforeFinalizeImageSaved: 00:00:01.6806388; FinalizeSaveTime: 00:00:00.3848453
2026-05-31T00:08:42.1197|WARNING|SessionMetaDataWatcher.cs|WriteAcquisitionMetaData|73|acquisition file already exists, will not overwrite: C:\ASTROIMAGES\NINA\2026-05-30\M 51\LIGHT\H\metadata\AcquisitionDetails.csv
2026-05-31T00:08:42.1199|WARNING|SessionMetaDataWatcher.cs|WriteAcquisitionMetaData|93|acquisition file already exists, will not overwrite: C:\ASTROIMAGES\NINA\2026-05-30\M 51\LIGHT\H\metadata\AcquisitionDetails.json
2026-05-31T00:08:42.1202|INFO|SessionMetaDataWatcher.cs|WriteImageMetaData|105|Writing CSV image metadata: C:\ASTROIMAGES\NINA\2026-05-30\M 51\LIGHT\H\metadata\ImageMetaData.csv
2026-05-31T00:08:42.1605|INFO|SessionMetaDataWatcher.cs|WriteImageMetaData|122|Writing JSON image metadata: C:\ASTROIMAGES\NINA\2026-05-30\M 51\LIGHT\H\metadata\ImageMetaData.json
2026-05-31T00:08:42.1708|INFO|SessionMetaDataWatcher.cs|WriteWeatherMetaData|169|Writing CSV weather metadata: C:\ASTROIMAGES\NINA\2026-05-30\M 51\LIGHT\H\metadata\WeatherData.csv
2026-05-31T00:08:42.2007|INFO|SessionMetaDataWatcher.cs|WriteWeatherMetaData|186|Writing JSON weather metadata: C:\ASTROIMAGES\NINA\2026-05-30\M 51\LIGHT\H\metadata\WeatherData.json
2026-05-31T00:08:42.2021|INFO|SessionService.cs|OnTargetDetectedAsync|663|[Subframes] Target detected: 'M51' (was 'M51')
2026-05-31T00:08:42.2505|INFO|SubframesClient.cs|StartTargetAsync|316|[Subframes] Target started:  name='M51'
2026-05-31T00:08:42.2506|WARNING|SessionService.cs|StartTargetAsync|559|[Subframes] StartTarget failed — cached locally as a6ef0216-5a7c-4b8e-b9bd-75e444b042d0 for replay.
2026-05-31T00:08:42.7743|INFO|MeridianFlipTrigger.cs|ShouldTrigger|265|Meridian Flip - There is still time remaining - max remaining time 10:22:10.0734648, next instruction time 0, next instruction Category: Powerups (Fun-ctions), Item: GSSend - and the telescope reports expected pier side pierEast. Automated Flip is not necessary.
2026-05-31T00:08:42.7745|INFO|SequenceItem.cs|Run|208|Starting Category: Powerups (Fun-ctions), Item: GSSend
2026-05-31T00:08:42.7749|INFO|SendWithGS.cs|ProcessedScript|64|Replacing Image_ExposureTime with 600
2026-05-31T00:08:42.7751|INFO|SendWithGS.cs|ProcessedScript|64|Replacing Image_HFR with 1.824
2026-05-31T00:08:42.7752|INFO|SendWithGS.cs|ProcessedScript|64|Replacing Image_FWHM with 7.16
2026-05-31T00:08:42.7753|INFO|SendWithGS.cs|ProcessedScript|64|Replacing Altitude with 66.14529491529403
2026-05-31T00:08:42.7753|INFO|SendWithGS.cs|Execute|95|Sending to Ground Station: Exp: $$FWHEEL_FILTER_NAME$$ on $$TARGET_NAME$$ EXP: 600 HFR: 1.824 FWHM: 7.16  Altitude: 66.14529491529403 
2026-05-31T00:08:42.7769|INFO|SequenceItem.cs|Run|208|Starting Category: Ground Station, Item: Send to Telegram
2026-05-31T00:08:43.4529|INFO|SequenceItem.cs|Run|254|Finishing Category: Ground Station, Item: Send to Telegram
2026-05-31T00:08:43.4542|INFO|SequenceItem.cs|Run|254|Finishing Category: Powerups (Fun-ctions), Item: GSSend
2026-05-31T00:08:43.4546|INFO|MeridianFlipTrigger.cs|ShouldTrigger|265|Meridian Flip - There is still time remaining - max remaining time 10:22:10.0734648, next instruction time 0, next instruction Category: Powerups (Fun-ctions), Item: GSSend - and the telescope reports expected pier side pierEast. Automated Flip is not necessary.
2026-05-31T00:08:43.4546|INFO|SequenceItem.cs|Run|208|Starting Category: Powerups (Fun-ctions), Item: GSSend
2026-05-31T00:08:43.4549|INFO|SendWithGS.cs|ProcessedScript|64|Replacing Image_ExposureTime with 600
2026-05-31T00:08:43.4551|INFO|SendWithGS.cs|ProcessedScript|64|Replacing Image_HFR with 1.824
2026-05-31T00:08:43.4552|INFO|SendWithGS.cs|ProcessedScript|64|Replacing Image_FWHM with 7.16
2026-05-31T00:08:43.4553|INFO|SendWithGS.cs|ProcessedScript|64|Replacing Altitude with 66.14529491529403
2026-05-31T00:08:43.4553|INFO|SendWithGS.cs|Execute|95|Sending to Ground Station: Exp: $$FWHEEL_FILTER_NAME$$ on $$TARGET_NAME$$ EXP: 600 HFR: 1.824 FWHM: 7.16  Altitude: 66.14529491529403 
2026-05-31T00:08:43.4566|INFO|SequenceItem.cs|Run|208|Starting Category: Ground Station, Item: Send to Pushover, Title: IMAGE: $$TARGET_NAME$$
2026-05-31T00:08:43.6082|INFO|SequenceItem.cs|Run|254|Finishing Category: Ground Station, Item: Send to Pushover, Title: IMAGE: $$TARGET_NAME$$
2026-05-31T00:08:43.6094|INFO|SequenceItem.cs|Run|254|Finishing Category: Powerups (Fun-ctions), Item: GSSend
2026-05-31T00:08:43.7939|INFO|Symbol.cs|OnMessageReceived|627|Received message from Target Scheduler re: TargetScheduler-TargetStart
2026-05-31T00:08:43.7939|INFO|Symbol.cs|OnMessageReceived|635|TS_TargetName = M 51
2026-05-31T00:08:43.7939|INFO|Symbol.cs|OnMessageReceived|636|Expires at 05/31/2026 03:45:41 -05:00
2026-05-31T00:08:43.7940|INFO|Symbol.cs|OnMessageReceived|627|Received message from Target Scheduler re: TargetScheduler-TargetStart
2026-05-31T00:08:43.7940|INFO|Symbol.cs|OnMessageReceived|635|TS_TargetName = M 51
2026-05-31T00:08:43.7940|INFO|Symbol.cs|OnMessageReceived|636|Expires at 05/31/2026 03:45:41 -05:00
2026-05-31T00:08:43.7944|INFO|MeridianFlipTrigger.cs|ShouldTrigger|265|Meridian Flip - There is still time remaining - max remaining time 10:22:10.0734648, next instruction time 0, next instruction NINA.Plugin.TargetScheduler.Sequencer.PlanSchedulerProgress - and the telescope reports expected pier side pierEast. Automated Flip is not necessary.
2026-05-31T00:08:43.7944|INFO|SequenceItem.cs|Run|208|Starting NINA.Plugin.TargetScheduler.Sequencer.PlanSchedulerProgress
2026-05-31T00:08:43.7945|INFO|SequenceItem.cs|Run|254|Finishing NINA.Plugin.TargetScheduler.Sequencer.PlanSchedulerProgress
2026-05-31T00:08:43.7946|INFO|MeridianFlipTrigger.cs|ShouldTrigger|265|Meridian Flip - There is still time remaining - max remaining time 10:22:10.0734648, next instruction time 0, next instruction Category: Scheduler, Item: SwitchFilter, Filter: H - and the telescope reports expected pier side pierEast. Automated Flip is not necessary.
2026-05-31T00:08:43.7947|INFO|SequenceItem.cs|Run|208|Starting Category: Scheduler, Item: SwitchFilter, Filter: H
2026-05-31T00:08:43.8256|INFO|SequenceItem.cs|Run|254|Finishing Category: Scheduler, Item: SwitchFilter, Filter: H
2026-05-31T00:08:43.8461|INFO|MeridianFlipTrigger.cs|ShouldTrigger|265|Meridian Flip - There is still time remaining - max remaining time 10:22:10.0734648, next instruction time 0, next instruction NINA.Plugin.TargetScheduler.Sequencer.PlanSchedulerProgress - and the telescope reports expected pier side pierEast. Automated Flip is not necessary.
2026-05-31T00:08:43.8463|INFO|SequenceItem.cs|Run|208|Starting NINA.Plugin.TargetScheduler.Sequencer.PlanSchedulerProgress
2026-05-31T00:08:43.8463|INFO|SequenceItem.cs|Run|254|Finishing NINA.Plugin.TargetScheduler.Sequencer.PlanSchedulerProgress
2026-05-31T00:08:43.8465|INFO|MeridianFlipTrigger.cs|ShouldTrigger|265|Meridian Flip - There is still time remaining - max remaining time 10:22:10.0734648, next instruction time 0, next instruction Category: Scheduler, Item: SetReadoutMode, Mode: 0 - and the telescope reports expected pier side pierEast. Automated Flip is not necessary.
2026-05-31T00:08:43.8465|INFO|SequenceItem.cs|Run|208|Starting Category: Scheduler, Item: SetReadoutMode, Mode: 0
2026-05-31T00:08:43.8466|INFO|SequenceItem.cs|Run|254|Finishing Category: Scheduler, Item: SetReadoutMode, Mode: 0
2026-05-31T00:08:43.8468|INFO|MeridianFlipTrigger.cs|ShouldTrigger|265|Meridian Flip - There is still time remaining - max remaining time 10:22:10.0734648, next instruction time 0, next instruction NINA.Plugin.TargetScheduler.Sequencer.PlanSchedulerProgress - and the telescope reports expected pier side pierEast. Automated Flip is not necessary.
2026-05-31T00:08:43.8468|INFO|SequenceItem.cs|Run|208|Starting NINA.Plugin.TargetScheduler.Sequencer.PlanSchedulerProgress
2026-05-31T00:08:43.8622|INFO|SequenceItem.cs|Run|254|Finishing NINA.Plugin.TargetScheduler.Sequencer.PlanSchedulerProgress
2026-05-31T00:08:43.8786|INFO|MeridianFlipTrigger.cs|ShouldTrigger|265|Meridian Flip - There is still time remaining - max remaining time 10:22:10.0734648, next instruction time 600, next instruction Category: Scheduler, Item: TakeExposure, ExposureTime 600, Gain 100, Offset 50, ImageType LIGHT, Binning 1x1 - and the telescope reports expected pier side pierEast. Automated Flip is not necessary.
2026-05-31T00:08:43.8787|INFO|DIYTrigger.cs|ShouldTrigger|109|DIY Trigger Restore Guiding ShouldTrigger returning true
2026-05-31T00:08:43.8787|INFO|SequenceTrigger.cs|Run|114|Starting Category: Powerups (Misc), Item: DIYTrigger
2026-05-31T00:08:43.8809|INFO|DIYTrigger.cs|Execute|95|DIY Trigger executing...
2026-05-31T00:08:43.8811|INFO|SequenceItem.cs|Run|208|Starting Category: * Instruction Set *, Container: NINA.Sequencer.Container.SequentialContainer, Strategy: SequentialStrategy, Items[CREATED]: 1, Triggers: Trigger: RestoreGuiding
2026-05-31T00:08:43.8814|INFO|MeridianFlipTrigger.cs|ShouldTrigger|265|Meridian Flip - There is still time remaining - max remaining time 10:22:10.0734648, next instruction time 0, next instruction Category: Powerups (Expressions), Item: IfFailed - and the telescope reports expected pier side pierEast. Automated Flip is not necessary.
2026-05-31T00:08:43.8814|INFO|SequenceItem.cs|Run|208|Starting Category: Powerups (Expressions), Item: IfFailed
2026-05-31T00:08:43.8815|INFO|SequenceItem.cs|Run|208|Starting Category: Guider, Item: StartGuiding
2026-05-31T00:08:43.8860|INFO|PHD2Guider.cs|StartGuidingPrivate|504|Phd2 - App is already guiding. Skipping start guiding
2026-05-31T00:08:43.8862|INFO|SequenceItem.cs|Run|254|Finishing Category: Guider, Item: StartGuiding
2026-05-31T00:08:43.8862|INFO|SequenceItem.cs|Run|254|Finishing Category: Powerups (Expressions), Item: IfFailed
2026-05-31T00:08:43.8864|INFO|SequenceItem.cs|Run|254|Finishing Category: * Instruction Set *, Container: NINA.Sequencer.Container.SequentialContainer, Strategy: SequentialStrategy, Items[FINISHED]: 1, Triggers: Trigger: RestoreGuiding
2026-05-31T00:08:43.8884|INFO|SequenceItem.cs|Run|208|Starting Category: Scheduler, Item: TakeExposure, ExposureTime 600, Gain 100, Offset 50, ImageType LIGHT, Binning 1x1
2026-05-31T00:08:43.8941|INFO|CameraVM.cs|Capture|742|Starting Exposure - Exposure Time: 600s; Filter: ; Gain: 100; Offset 50; Binning: 1x1;
2026-05-31T00:08:44.2907|INFO|StarfrontClient.cs|SendImageFile|249|[Rockwood] sent 2026-05-30_23-58-37_M 51_LIGHT_H_-5.00C_G100-Exp-600.00s_MAXRMS-D0.94-R3.18_M-84.12_RMS-0.65_HFR-1.82_F-0005.fits (22KB) object=M 51 exptime=600s filter=H
2026-05-31T00:08:47.3850|WARNING|TsPreviewClient.cs|FetchPreviewAsync|161|[Subframes] TsPreviewClient.FetchPreviewAsync failed for profile '533M-AT60' (0173997c-4bfa-48fd-9337-a48b6df99c38): TaskCanceledException: The request was canceled due to the configured HttpClient.Timeout of 5 seconds elapsing.
2026-05-31T00:09:05.5684|INFO|SyncEngine.cs|SyncPendingFramesAsync|142|[Subframes] SyncEngine: synced 1 frames for session 470187b8-716c-4f60-bb85-9fd78307165c (accepted=1)
2026-05-31T00:10:38.5916|INFO|TsProgressReader.cs|ReadProgressDelta|75|[Subframes] TS progress delta: DB not found at C:\Users\nicka\AppData\Local\NINA\SchedulerPlugin — Target Scheduler not installed or DB path mismatch.
2026-05-31T00:15:38.5923|INFO|TsProgressReader.cs|ReadProgressDelta|75|[Subframes] TS progress delta: DB not found at C:\Users\nicka\AppData\Local\NINA\SchedulerPlugin — Target Scheduler not installed or DB path mismatch.
2026-05-31T00:17:35.5031|INFO|FrameCache.cs|PruneSynced|249|[Subframes] Pruned 1 synced frames older than 72h
2026-05-31T00:18:45.7565|INFO|SequenceItem.cs|Run|254|Finishing Category: Scheduler, Item: TakeExposure, ExposureTime 600, Gain 100, Offset 50, ImageType LIGHT, Binning 1x1
2026-05-31T00:18:45.7629|INFO|MeridianFlipTrigger.cs|ShouldTrigger|265|Meridian Flip - There is still time remaining - max remaining time 10:12:06.5064903, next instruction time 0, next instruction NINA.Plugin.TargetScheduler.Sequencer.PlanSchedulerProgress - and the telescope reports expected pier side pierEast. Automated Flip is not necessary.
2026-05-31T00:18:45.7630|INFO|SequenceItem.cs|Run|208|Starting NINA.Plugin.TargetScheduler.Sequencer.PlanSchedulerProgress
2026-05-31T00:18:45.7631|INFO|SequenceItem.cs|Run|254|Finishing NINA.Plugin.TargetScheduler.Sequencer.PlanSchedulerProgress
2026-05-31T00:18:47.0905|INFO|HocusFocusStarDetection.cs|Detect|413|Average HFR: 1.8164773342670681, HFR MAD: 0.13656521378618008, Detected Stars 283, Region: 0
2026-05-31T00:18:47.8178|INFO|BaseImageData.cs|SaveToDisk|346|Saved image to C:\ASTROIMAGES\NINA\2026-05-30\M 51\LIGHT\H\2026-05-31_00-08-43_M 51_LIGHT_H_-5.00C_G100-Exp-600.00s_MAXRMS-D0.84-R0.95_M-84.16_RMS-0.38_HFR-1.82_F-0006.fits
2026-05-31T00:18:47.8179|INFO|ImageSaveController.cs|DoWork|97|Successfully saved file at C:\ASTROIMAGES\NINA\2026-05-30\M 51\LIGHT\H\2026-05-31_00-08-43_M 51_LIGHT_H_-5.00C_G100-Exp-600.00s_MAXRMS-D0.84-R0.95_M-84.16_RMS-0.38_HFR-1.82_F-0006.fits. Duration Total: 00:00:02.0606689; BeforeSave: 00:00:00.0052839; BeforeFinalizeImageSaved: 00:00:01.6643517; FinalizeSaveTime: 00:00:00.3910320
2026-05-31T00:18:48.3945|WARNING|SessionMetaDataWatcher.cs|WriteAcquisitionMetaData|73|acquisition file already exists, will not overwrite: C:\ASTROIMAGES\NINA\2026-05-30\M 51\LIGHT\H\metadata\AcquisitionDetails.csv
2026-05-31T00:18:48.3947|WARNING|SessionMetaDataWatcher.cs|WriteAcquisitionMetaData|93|acquisition file already exists, will not overwrite: C:\ASTROIMAGES\NINA\2026-05-30\M 51\LIGHT\H\metadata\AcquisitionDetails.json
2026-05-31T00:18:48.3950|INFO|SessionMetaDataWatcher.cs|WriteImageMetaData|105|Writing CSV image metadata: C:\ASTROIMAGES\NINA\2026-05-30\M 51\LIGHT\H\metadata\ImageMetaData.csv
2026-05-31T00:18:48.4271|INFO|SessionMetaDataWatcher.cs|WriteImageMetaData|122|Writing JSON image metadata: C:\ASTROIMAGES\NINA\2026-05-30\M 51\LIGHT\H\metadata\ImageMetaData.json
2026-05-31T00:18:48.4300|INFO|SessionMetaDataWatcher.cs|WriteWeatherMetaData|169|Writing CSV weather metadata: C:\ASTROIMAGES\NINA\2026-05-30\M 51\LIGHT\H\metadata\WeatherData.csv
2026-05-31T00:18:48.4473|INFO|SessionMetaDataWatcher.cs|WriteWeatherMetaData|186|Writing JSON weather metadata: C:\ASTROIMAGES\NINA\2026-05-30\M 51\LIGHT\H\metadata\WeatherData.json
2026-05-31T00:18:48.4489|INFO|SessionService.cs|OnTargetDetectedAsync|663|[Subframes] Target detected: 'M51' (was 'M51')
2026-05-31T00:18:48.5152|INFO|SubframesClient.cs|StartTargetAsync|316|[Subframes] Target started:  name='M51'
2026-05-31T00:18:48.5153|WARNING|SessionService.cs|StartTargetAsync|559|[Subframes] StartTarget failed — cached locally as 22a4367c-cd6c-472a-9862-1a46f10e1cfa for replay.
2026-05-31T00:18:49.1142|INFO|MeridianFlipTrigger.cs|ShouldTrigger|265|Meridian Flip - There is still time remaining - max remaining time 10:12:02.5030759, next instruction time 0, next instruction Category: Powerups (Fun-ctions), Item: GSSend - and the telescope reports expected pier side pierEast. Automated Flip is not necessary.
2026-05-31T00:18:49.1142|INFO|SequenceItem.cs|Run|208|Starting Category: Powerups (Fun-ctions), Item: GSSend
2026-05-31T00:18:49.1146|INFO|SendWithGS.cs|ProcessedScript|64|Replacing Image_ExposureTime with 600
2026-05-31T00:18:49.1147|INFO|SendWithGS.cs|ProcessedScript|64|Replacing Image_HFR with 1.816
2026-05-31T00:18:49.1148|INFO|SendWithGS.cs|ProcessedScript|64|Replacing Image_FWHM with 7.1
2026-05-31T00:18:49.1149|INFO|SendWithGS.cs|ProcessedScript|64|Replacing Altitude with 64.65653831498514
2026-05-31T00:18:49.1149|INFO|SendWithGS.cs|Execute|95|Sending to Ground Station: Exp: $$FWHEEL_FILTER_NAME$$ on $$TARGET_NAME$$ EXP: 600 HFR: 1.816 FWHM: 7.1  Altitude: 64.65653831498514 
2026-05-31T00:18:49.1163|INFO|SequenceItem.cs|Run|208|Starting Category: Ground Station, Item: Send to Telegram
2026-05-31T00:18:49.7886|INFO|SequenceItem.cs|Run|254|Finishing Category: Ground Station, Item: Send to Telegram
2026-05-31T00:18:49.7901|INFO|SequenceItem.cs|Run|254|Finishing Category: Powerups (Fun-ctions), Item: GSSend
2026-05-31T00:18:49.7904|INFO|MeridianFlipTrigger.cs|ShouldTrigger|265|Meridian Flip - There is still time remaining - max remaining time 10:12:02.5030759, next instruction time 0, next instruction Category: Powerups (Fun-ctions), Item: GSSend - and the telescope reports expected pier side pierEast. Automated Flip is not necessary.
2026-05-31T00:18:49.7905|INFO|SequenceItem.cs|Run|208|Starting Category: Powerups (Fun-ctions), Item: GSSend
2026-05-31T00:18:49.7908|INFO|SendWithGS.cs|ProcessedScript|64|Replacing Image_ExposureTime with 600
2026-05-31T00:18:49.7910|INFO|SendWithGS.cs|ProcessedScript|64|Replacing Image_HFR with 1.816
2026-05-31T00:18:49.7911|INFO|SendWithGS.cs|ProcessedScript|64|Replacing Image_FWHM with 7.1
2026-05-31T00:18:49.7912|INFO|SendWithGS.cs|ProcessedScript|64|Replacing Altitude with 64.65653831498514
2026-05-31T00:18:49.7912|INFO|SendWithGS.cs|Execute|95|Sending to Ground Station: Exp: $$FWHEEL_FILTER_NAME$$ on $$TARGET_NAME$$ EXP: 600 HFR: 1.816 FWHM: 7.1  Altitude: 64.65653831498514 
2026-05-31T00:18:49.7926|INFO|SequenceItem.cs|Run|208|Starting Category: Ground Station, Item: Send to Pushover, Title: IMAGE: $$TARGET_NAME$$
2026-05-31T00:18:49.9756|INFO|SequenceItem.cs|Run|254|Finishing Category: Ground Station, Item: Send to Pushover, Title: IMAGE: $$TARGET_NAME$$
2026-05-31T00:18:49.9768|INFO|SequenceItem.cs|Run|254|Finishing Category: Powerups (Fun-ctions), Item: GSSend
2026-05-31T00:18:50.2824|INFO|Symbol.cs|OnMessageReceived|627|Received message from Target Scheduler re: TargetScheduler-TargetStart
2026-05-31T00:18:50.2824|INFO|Symbol.cs|OnMessageReceived|635|TS_TargetName = M 51
2026-05-31T00:18:50.2825|INFO|Symbol.cs|OnMessageReceived|636|Expires at 05/31/2026 03:45:41 -05:00
2026-05-31T00:18:50.2825|INFO|Symbol.cs|OnMessageReceived|627|Received message from Target Scheduler re: TargetScheduler-TargetStart
2026-05-31T00:18:50.2825|INFO|Symbol.cs|OnMessageReceived|635|TS_TargetName = M 51
2026-05-31T00:18:50.2826|INFO|Symbol.cs|OnMessageReceived|636|Expires at 05/31/2026 03:45:41 -05:00
2026-05-31T00:18:50.2829|INFO|MeridianFlipTrigger.cs|ShouldTrigger|265|Meridian Flip - There is still time remaining - max remaining time 10:12:00.5653695, next instruction time 0, next instruction NINA.Plugin.TargetScheduler.Sequencer.PlanSchedulerProgress - and the telescope reports expected pier side pierEast. Automated Flip is not necessary.
2026-05-31T00:18:50.2830|INFO|SequenceItem.cs|Run|208|Starting NINA.Plugin.TargetScheduler.Sequencer.PlanSchedulerProgress
2026-05-31T00:18:50.2831|INFO|SequenceItem.cs|Run|254|Finishing NINA.Plugin.TargetScheduler.Sequencer.PlanSchedulerProgress
2026-05-31T00:18:50.2832|INFO|MeridianFlipTrigger.cs|ShouldTrigger|265|Meridian Flip - There is still time remaining - max remaining time 10:12:00.5653695, next instruction time 0, next instruction Category: Scheduler, Item: SwitchFilter, Filter: H - and the telescope reports expected pier side pierEast. Automated Flip is not necessary.
2026-05-31T00:18:50.2832|INFO|SequenceItem.cs|Run|208|Starting Category: Scheduler, Item: SwitchFilter, Filter: H
2026-05-31T00:18:50.2849|INFO|SequenceItem.cs|Run|254|Finishing Category: Scheduler, Item: SwitchFilter, Filter: H
2026-05-31T00:18:50.2852|INFO|MeridianFlipTrigger.cs|ShouldTrigger|265|Meridian Flip - There is still time remaining - max remaining time 10:12:00.5653695, next instruction time 0, next instruction NINA.Plugin.TargetScheduler.Sequencer.PlanSchedulerProgress - and the telescope reports expected pier side pierEast. Automated Flip is not necessary.
2026-05-31T00:18:50.2853|INFO|SequenceItem.cs|Run|208|Starting NINA.Plugin.TargetScheduler.Sequencer.PlanSchedulerProgress
2026-05-31T00:18:50.2853|INFO|SequenceItem.cs|Run|254|Finishing NINA.Plugin.TargetScheduler.Sequencer.PlanSchedulerProgress
2026-05-31T00:18:50.2854|INFO|MeridianFlipTrigger.cs|ShouldTrigger|265|Meridian Flip - There is still time remaining - max remaining time 10:12:00.5653695, next instruction time 0, next instruction Category: Scheduler, Item: SetReadoutMode, Mode: 0 - and the telescope reports expected pier side pierEast. Automated Flip is not necessary.
2026-05-31T00:18:50.2854|INFO|SequenceItem.cs|Run|208|Starting Category: Scheduler, Item: SetReadoutMode, Mode: 0
2026-05-31T00:18:50.2856|INFO|SequenceItem.cs|Run|254|Finishing Category: Scheduler, Item: SetReadoutMode, Mode: 0
2026-05-31T00:18:50.2857|INFO|MeridianFlipTrigger.cs|ShouldTrigger|265|Meridian Flip - There is still time remaining - max remaining time 10:12:00.5653695, next instruction time 0, next instruction NINA.Plugin.TargetScheduler.Sequencer.PlanSchedulerProgress - and the telescope reports expected pier side pierEast. Automated Flip is not necessary.
2026-05-31T00:18:50.2857|INFO|SequenceItem.cs|Run|208|Starting NINA.Plugin.TargetScheduler.Sequencer.PlanSchedulerProgress
2026-05-31T00:18:50.2923|INFO|SequenceItem.cs|Run|254|Finishing NINA.Plugin.TargetScheduler.Sequencer.PlanSchedulerProgress
2026-05-31T00:18:50.2928|INFO|MeridianFlipTrigger.cs|ShouldTrigger|265|Meridian Flip - There is still time remaining - max remaining time 10:12:00.5653695, next instruction time 600, next instruction Category: Scheduler, Item: TakeExposure, ExposureTime 600, Gain 100, Offset 50, ImageType LIGHT, Binning 1x1 - and the telescope reports expected pier side pierEast. Automated Flip is not necessary.
2026-05-31T00:18:50.2929|INFO|DIYTrigger.cs|ShouldTrigger|109|DIY Trigger Restore Guiding ShouldTrigger returning true
2026-05-31T00:18:50.2929|INFO|SequenceTrigger.cs|Run|114|Starting Category: Powerups (Misc), Item: DIYTrigger
2026-05-31T00:18:50.2949|INFO|DIYTrigger.cs|Execute|95|DIY Trigger executing...
2026-05-31T00:18:50.2950|INFO|SequenceItem.cs|Run|208|Starting Category: * Instruction Set *, Container: NINA.Sequencer.Container.SequentialContainer, Strategy: SequentialStrategy, Items[CREATED]: 1, Triggers: Trigger: RestoreGuiding
2026-05-31T00:18:50.2956|INFO|MeridianFlipTrigger.cs|ShouldTrigger|265|Meridian Flip - There is still time remaining - max remaining time 10:12:00.5653695, next instruction time 0, next instruction Category: Powerups (Expressions), Item: IfFailed - and the telescope reports expected pier side pierEast. Automated Flip is not necessary.
2026-05-31T00:18:50.2956|INFO|SequenceItem.cs|Run|208|Starting Category: Powerups (Expressions), Item: IfFailed
2026-05-31T00:18:50.2956|INFO|SequenceItem.cs|Run|208|Starting Category: Guider, Item: StartGuiding
2026-05-31T00:18:50.2988|INFO|PHD2Guider.cs|StartGuidingPrivate|504|Phd2 - App is already guiding. Skipping start guiding
2026-05-31T00:18:50.2990|INFO|SequenceItem.cs|Run|254|Finishing Category: Guider, Item: StartGuiding
2026-05-31T00:18:50.2990|INFO|SequenceItem.cs|Run|254|Finishing Category: Powerups (Expressions), Item: IfFailed
2026-05-31T00:18:50.2991|INFO|SequenceItem.cs|Run|254|Finishing Category: * Instruction Set *, Container: NINA.Sequencer.Container.SequentialContainer, Strategy: SequentialStrategy, Items[FINISHED]: 1, Triggers: Trigger: RestoreGuiding
2026-05-31T00:18:50.3012|INFO|SequenceItem.cs|Run|208|Starting Category: Scheduler, Item: TakeExposure, ExposureTime 600, Gain 100, Offset 50, ImageType LIGHT, Binning 1x1
2026-05-31T00:18:50.3069|INFO|CameraVM.cs|Capture|742|Starting Exposure - Exposure Time: 600s; Filter: ; Gain: 100; Offset 50; Binning: 1x1;
2026-05-31T00:18:50.7077|INFO|StarfrontClient.cs|SendImageFile|249|[Rockwood] sent 2026-05-31_00-08-43_M 51_LIGHT_H_-5.00C_G100-Exp-600.00s_MAXRMS-D0.84-R0.95_M-84.16_RMS-0.38_HFR-1.82_F-0006.fits (22KB) object=M 51 exptime=600s filter=H
2026-05-31T00:18:53.8032|WARNING|TsPreviewClient.cs|FetchPreviewAsync|161|[Subframes] TsPreviewClient.FetchPreviewAsync failed for profile '533M-AT60' (0173997c-4bfa-48fd-9337-a48b6df99c38): TaskCanceledException: The request was canceled due to the configured HttpClient.Timeout of 5 seconds elapsing.
2026-05-31T00:19:05.5359|INFO|SyncEngine.cs|SyncPendingFramesAsync|142|[Subframes] SyncEngine: synced 1 frames for session 470187b8-716c-4f60-bb85-9fd78307165c (accepted=1)
2026-05-31T00:20:38.5926|INFO|TsProgressReader.cs|ReadProgressDelta|75|[Subframes] TS progress delta: DB not found at C:\Users\nicka\AppData\Local\NINA\SchedulerPlugin — Target Scheduler not installed or DB path mismatch.
2026-05-31T00:25:38.5933|INFO|TsProgressReader.cs|ReadProgressDelta|75|[Subframes] TS progress delta: DB not found at C:\Users\nicka\AppData\Local\NINA\SchedulerPlugin — Target Scheduler not installed or DB path mismatch.
2026-05-31T00:27:35.5031|INFO|FrameCache.cs|PruneSynced|249|[Subframes] Pruned 1 synced frames older than 72h
2026-05-31T00:28:52.1544|INFO|SequenceItem.cs|Run|254|Finishing Category: Scheduler, Item: TakeExposure, ExposureTime 600, Gain 100, Offset 50, ImageType LIGHT, Binning 1x1
2026-05-31T00:28:52.1548|INFO|MeridianFlipTrigger.cs|ShouldTrigger|265|Meridian Flip - There is still time remaining - max remaining time 10:01:59.9768452, next instruction time 0, next instruction NINA.Plugin.TargetScheduler.Sequencer.PlanSchedulerProgress - and the telescope reports expected pier side pierEast. Automated Flip is not necessary.
2026-05-31T00:28:52.1549|INFO|SequenceItem.cs|Run|208|Starting NINA.Plugin.TargetScheduler.Sequencer.PlanSchedulerProgress
2026-05-31T00:28:52.1550|INFO|SequenceItem.cs|Run|254|Finishing NINA.Plugin.TargetScheduler.Sequencer.PlanSchedulerProgress
2026-05-31T00:28:53.4002|INFO|HocusFocusStarDetection.cs|Detect|413|Average HFR: 1.7997824844820374, HFR MAD: 0.1524461820512058, Detected Stars 273, Region: 0
2026-05-31T00:28:54.0919|INFO|BaseImageData.cs|SaveToDisk|346|Saved image to C:\ASTROIMAGES\NINA\2026-05-30\M 51\LIGHT\H\2026-05-31_00-18-50_M 51_LIGHT_H_-5.00C_G100-Exp-600.00s_MAXRMS-D2.66-R2.52_M-84.19_RMS-0.48_HFR-1.80_F-0007.fits
2026-05-31T00:28:54.0920|INFO|ImageSaveController.cs|DoWork|97|Successfully saved file at C:\ASTROIMAGES\NINA\2026-05-30\M 51\LIGHT\H\2026-05-31_00-18-50_M 51_LIGHT_H_-5.00C_G100-Exp-600.00s_MAXRMS-D2.66-R2.52_M-84.19_RMS-0.48_HFR-1.80_F-0007.fits. Duration Total: 00:00:01.9366381; BeforeSave: 00:00:00.0000761; BeforeFinalizeImageSaved: 00:00:01.5724533; FinalizeSaveTime: 00:00:00.3641079
2026-05-31T00:28:54.7351|WARNING|SessionMetaDataWatcher.cs|WriteAcquisitionMetaData|73|acquisition file already exists, will not overwrite: C:\ASTROIMAGES\NINA\2026-05-30\M 51\LIGHT\H\metadata\AcquisitionDetails.csv
2026-05-31T00:28:54.7353|WARNING|SessionMetaDataWatcher.cs|WriteAcquisitionMetaData|93|acquisition file already exists, will not overwrite: C:\ASTROIMAGES\NINA\2026-05-30\M 51\LIGHT\H\metadata\AcquisitionDetails.json
2026-05-31T00:28:54.7355|INFO|SessionMetaDataWatcher.cs|WriteImageMetaData|105|Writing CSV image metadata: C:\ASTROIMAGES\NINA\2026-05-30\M 51\LIGHT\H\metadata\ImageMetaData.csv
2026-05-31T00:28:54.7704|INFO|SessionMetaDataWatcher.cs|WriteImageMetaData|122|Writing JSON image metadata: C:\ASTROIMAGES\NINA\2026-05-30\M 51\LIGHT\H\metadata\ImageMetaData.json
2026-05-31T00:28:54.7727|INFO|SessionMetaDataWatcher.cs|WriteWeatherMetaData|169|Writing CSV weather metadata: C:\ASTROIMAGES\NINA\2026-05-30\M 51\LIGHT\H\metadata\WeatherData.csv
2026-05-31T00:28:54.7856|INFO|SessionMetaDataWatcher.cs|WriteWeatherMetaData|186|Writing JSON weather metadata: C:\ASTROIMAGES\NINA\2026-05-30\M 51\LIGHT\H\metadata\WeatherData.json
2026-05-31T00:28:54.8042|INFO|SessionService.cs|OnTargetDetectedAsync|663|[Subframes] Target detected: 'M51' (was 'M51')
2026-05-31T00:28:54.8545|INFO|SubframesClient.cs|StartTargetAsync|316|[Subframes] Target started:  name='M51'
2026-05-31T00:28:54.8546|WARNING|SessionService.cs|StartTargetAsync|559|[Subframes] StartTarget failed — cached locally as e253c812-44a6-4bd6-a3a3-b9b8b3bf4c43 for replay.
2026-05-31T00:28:55.4960|INFO|MeridianFlipTrigger.cs|ShouldTrigger|265|Meridian Flip - There is still time remaining - max remaining time 10:01:55.9724309, next instruction time 0, next instruction Category: Powerups (Fun-ctions), Item: GSSend - and the telescope reports expected pier side pierEast. Automated Flip is not necessary.
2026-05-31T00:28:55.4961|INFO|SequenceItem.cs|Run|208|Starting Category: Powerups (Fun-ctions), Item: GSSend
2026-05-31T00:28:55.4965|INFO|SendWithGS.cs|ProcessedScript|64|Replacing Image_ExposureTime with 600
2026-05-31T00:28:55.4969|INFO|SendWithGS.cs|ProcessedScript|64|Replacing Image_HFR with 1.8
2026-05-31T00:28:55.4971|INFO|SendWithGS.cs|ProcessedScript|64|Replacing Image_FWHM with 7.07
2026-05-31T00:28:55.4972|INFO|SendWithGS.cs|ProcessedScript|64|Replacing Altitude with 63.1153266922224
2026-05-31T00:28:55.4972|INFO|SendWithGS.cs|Execute|95|Sending to Ground Station: Exp: $$FWHEEL_FILTER_NAME$$ on $$TARGET_NAME$$ EXP: 600 HFR: 1.8 FWHM: 7.07  Altitude: 63.1153266922224 
2026-05-31T00:28:55.4986|INFO|SequenceItem.cs|Run|208|Starting Category: Ground Station, Item: Send to Telegram
2026-05-31T00:28:56.3471|INFO|SequenceItem.cs|Run|254|Finishing Category: Ground Station, Item: Send to Telegram
2026-05-31T00:28:56.3486|INFO|SequenceItem.cs|Run|254|Finishing Category: Powerups (Fun-ctions), Item: GSSend
2026-05-31T00:28:56.3489|INFO|MeridianFlipTrigger.cs|ShouldTrigger|265|Meridian Flip - There is still time remaining - max remaining time 10:01:53.9888265, next instruction time 0, next instruction Category: Powerups (Fun-ctions), Item: GSSend - and the telescope reports expected pier side pierEast. Automated Flip is not necessary.
2026-05-31T00:28:56.3490|INFO|SequenceItem.cs|Run|208|Starting Category: Powerups (Fun-ctions), Item: GSSend
2026-05-31T00:28:56.3493|INFO|SendWithGS.cs|ProcessedScript|64|Replacing Image_ExposureTime with 600
2026-05-31T00:28:56.3495|INFO|SendWithGS.cs|ProcessedScript|64|Replacing Image_HFR with 1.8
2026-05-31T00:28:56.3496|INFO|SendWithGS.cs|ProcessedScript|64|Replacing Image_FWHM with 7.07
2026-05-31T00:28:56.3497|INFO|SendWithGS.cs|ProcessedScript|64|Replacing Altitude with 63.10687421289691
2026-05-31T00:28:56.3497|INFO|SendWithGS.cs|Execute|95|Sending to Ground Station: Exp: $$FWHEEL_FILTER_NAME$$ on $$TARGET_NAME$$ EXP: 600 HFR: 1.8 FWHM: 7.07  Altitude: 63.10687421289691 
2026-05-31T00:28:56.3509|INFO|SequenceItem.cs|Run|208|Starting Category: Ground Station, Item: Send to Pushover, Title: IMAGE: $$TARGET_NAME$$
2026-05-31T00:28:56.5495|INFO|SequenceItem.cs|Run|254|Finishing Category: Ground Station, Item: Send to Pushover, Title: IMAGE: $$TARGET_NAME$$
2026-05-31T00:28:56.5507|INFO|SequenceItem.cs|Run|254|Finishing Category: Powerups (Fun-ctions), Item: GSSend
2026-05-31T00:28:56.8184|INFO|Symbol.cs|OnMessageReceived|627|Received message from Target Scheduler re: TargetScheduler-TargetStart
2026-05-31T00:28:56.8185|INFO|Symbol.cs|OnMessageReceived|635|TS_TargetName = M 51
2026-05-31T00:28:56.8185|INFO|Symbol.cs|OnMessageReceived|636|Expires at 05/31/2026 03:45:41 -05:00
2026-05-31T00:28:56.8185|INFO|Symbol.cs|OnMessageReceived|627|Received message from Target Scheduler re: TargetScheduler-TargetStart
2026-05-31T00:28:56.8186|INFO|Symbol.cs|OnMessageReceived|635|TS_TargetName = M 51
2026-05-31T00:28:56.8186|INFO|Symbol.cs|OnMessageReceived|636|Expires at 05/31/2026 03:45:41 -05:00
2026-05-31T00:28:56.9034|INFO|MeridianFlipTrigger.cs|ShouldTrigger|265|Meridian Flip - There is still time remaining - max remaining time 10:01:53.9888265, next instruction time 0, next instruction NINA.Plugin.TargetScheduler.Sequencer.PlanSchedulerProgress - and the telescope reports expected pier side pierEast. Automated Flip is not necessary.
2026-05-31T00:28:56.9036|INFO|SequenceItem.cs|Run|208|Starting NINA.Plugin.TargetScheduler.Sequencer.PlanSchedulerProgress
2026-05-31T00:28:56.9037|INFO|SequenceItem.cs|Run|254|Finishing NINA.Plugin.TargetScheduler.Sequencer.PlanSchedulerProgress
2026-05-31T00:28:56.9038|INFO|MeridianFlipTrigger.cs|ShouldTrigger|265|Meridian Flip - There is still time remaining - max remaining time 10:01:53.9888265, next instruction time 0, next instruction Category: Scheduler, Item: SwitchFilter, Filter: H - and the telescope reports expected pier side pierEast. Automated Flip is not necessary.
2026-05-31T00:28:56.9038|INFO|SequenceItem.cs|Run|208|Starting Category: Scheduler, Item: SwitchFilter, Filter: H
2026-05-31T00:28:56.9048|INFO|SequenceItem.cs|Run|254|Finishing Category: Scheduler, Item: SwitchFilter, Filter: H
2026-05-31T00:28:56.9050|INFO|MeridianFlipTrigger.cs|ShouldTrigger|265|Meridian Flip - There is still time remaining - max remaining time 10:01:53.9888265, next instruction time 0, next instruction NINA.Plugin.TargetScheduler.Sequencer.PlanSchedulerProgress - and the telescope reports expected pier side pierEast. Automated Flip is not necessary.
2026-05-31T00:28:56.9051|INFO|SequenceItem.cs|Run|208|Starting NINA.Plugin.TargetScheduler.Sequencer.PlanSchedulerProgress
2026-05-31T00:28:56.9051|INFO|SequenceItem.cs|Run|254|Finishing NINA.Plugin.TargetScheduler.Sequencer.PlanSchedulerProgress
2026-05-31T00:28:56.9052|INFO|MeridianFlipTrigger.cs|ShouldTrigger|265|Meridian Flip - There is still time remaining - max remaining time 10:01:53.9888265, next instruction time 0, next instruction Category: Scheduler, Item: SetReadoutMode, Mode: 0 - and the telescope reports expected pier side pierEast. Automated Flip is not necessary.
2026-05-31T00:28:56.9053|INFO|SequenceItem.cs|Run|208|Starting Category: Scheduler, Item: SetReadoutMode, Mode: 0
2026-05-31T00:28:56.9054|INFO|SequenceItem.cs|Run|254|Finishing Category: Scheduler, Item: SetReadoutMode, Mode: 0
2026-05-31T00:28:56.9055|INFO|MeridianFlipTrigger.cs|ShouldTrigger|265|Meridian Flip - There is still time remaining - max remaining time 10:01:53.9888265, next instruction time 0, next instruction NINA.Plugin.TargetScheduler.Sequencer.PlanSchedulerProgress - and the telescope reports expected pier side pierEast. Automated Flip is not necessary.
2026-05-31T00:28:56.9055|INFO|SequenceItem.cs|Run|208|Starting NINA.Plugin.TargetScheduler.Sequencer.PlanSchedulerProgress
2026-05-31T00:28:56.9540|INFO|SequenceItem.cs|Run|254|Finishing NINA.Plugin.TargetScheduler.Sequencer.PlanSchedulerProgress
2026-05-31T00:28:56.9545|INFO|MeridianFlipTrigger.cs|ShouldTrigger|265|Meridian Flip - There is still time remaining - max remaining time 10:01:53.9888265, next instruction time 600, next instruction Category: Scheduler, Item: TakeExposure, ExposureTime 600, Gain 100, Offset 50, ImageType LIGHT, Binning 1x1 - and the telescope reports expected pier side pierEast. Automated Flip is not necessary.
2026-05-31T00:28:56.9545|INFO|DIYTrigger.cs|ShouldTrigger|109|DIY Trigger Restore Guiding ShouldTrigger returning true
2026-05-31T00:28:56.9546|INFO|SequenceTrigger.cs|Run|114|Starting Category: Powerups (Misc), Item: DIYTrigger
2026-05-31T00:28:56.9567|INFO|DIYTrigger.cs|Execute|95|DIY Trigger executing...
2026-05-31T00:28:56.9569|INFO|SequenceItem.cs|Run|208|Starting Category: * Instruction Set *, Container: NINA.Sequencer.Container.SequentialContainer, Strategy: SequentialStrategy, Items[CREATED]: 1, Triggers: Trigger: RestoreGuiding
2026-05-31T00:28:56.9572|INFO|MeridianFlipTrigger.cs|ShouldTrigger|265|Meridian Flip - There is still time remaining - max remaining time 10:01:53.9888265, next instruction time 0, next instruction Category: Powerups (Expressions), Item: IfFailed - and the telescope reports expected pier side pierEast. Automated Flip is not necessary.
2026-05-31T00:28:56.9572|INFO|SequenceItem.cs|Run|208|Starting Category: Powerups (Expressions), Item: IfFailed
2026-05-31T00:28:56.9572|INFO|SequenceItem.cs|Run|208|Starting Category: Guider, Item: StartGuiding
2026-05-31T00:28:56.9793|INFO|PHD2Guider.cs|StartGuidingPrivate|504|Phd2 - App is already guiding. Skipping start guiding
2026-05-31T00:28:56.9794|INFO|SequenceItem.cs|Run|254|Finishing Category: Guider, Item: StartGuiding
2026-05-31T00:28:56.9795|INFO|SequenceItem.cs|Run|254|Finishing Category: Powerups (Expressions), Item: IfFailed
2026-05-31T00:28:56.9796|INFO|SequenceItem.cs|Run|254|Finishing Category: * Instruction Set *, Container: NINA.Sequencer.Container.SequentialContainer, Strategy: SequentialStrategy, Items[FINISHED]: 1, Triggers: Trigger: RestoreGuiding
2026-05-31T00:28:56.9823|INFO|SequenceItem.cs|Run|208|Starting Category: Scheduler, Item: TakeExposure, ExposureTime 600, Gain 100, Offset 50, ImageType LIGHT, Binning 1x1
2026-05-31T00:28:57.0042|INFO|CameraVM.cs|Capture|742|Starting Exposure - Exposure Time: 600s; Filter: ; Gain: 100; Offset 50; Binning: 1x1;
2026-05-31T00:28:57.0788|INFO|StarfrontClient.cs|SendImageFile|249|[Rockwood] sent 2026-05-31_00-18-50_M 51_LIGHT_H_-5.00C_G100-Exp-600.00s_MAXRMS-D2.66-R2.52_M-84.19_RMS-0.48_HFR-1.80_F-0007.fits (22KB) object=M 51 exptime=600s filter=H
2026-05-31T00:29:00.0235|WARNING|TsPreviewClient.cs|FetchPreviewAsync|161|[Subframes] TsPreviewClient.FetchPreviewAsync failed for profile '533M-AT60' (0173997c-4bfa-48fd-9337-a48b6df99c38): TaskCanceledException: The request was canceled due to the configured HttpClient.Timeout of 5 seconds elapsing.
2026-05-31T00:29:05.5332|INFO|SyncEngine.cs|SyncPendingFramesAsync|142|[Subframes] SyncEngine: synced 1 frames for session 470187b8-716c-4f60-bb85-9fd78307165c (accepted=1)
2026-05-31T00:30:38.5925|INFO|TsProgressReader.cs|ReadProgressDelta|75|[Subframes] TS progress delta: DB not found at C:\Users\nicka\AppData\Local\NINA\SchedulerPlugin — Target Scheduler not installed or DB path mismatch.
2026-05-31T00:35:38.5918|INFO|TsProgressReader.cs|ReadProgressDelta|75|[Subframes] TS progress delta: DB not found at C:\Users\nicka\AppData\Local\NINA\SchedulerPlugin — Target Scheduler not installed or DB path mismatch.
2026-05-31T00:37:35.5037|INFO|FrameCache.cs|PruneSynced|249|[Subframes] Pruned 1 synced frames older than 72h
2026-05-31T00:38:58.8705|INFO|SequenceItem.cs|Run|254|Finishing Category: Scheduler, Item: TakeExposure, ExposureTime 600, Gain 100, Offset 50, ImageType LIGHT, Binning 1x1
2026-05-31T00:38:58.8711|INFO|MeridianFlipTrigger.cs|ShouldTrigger|265|Meridian Flip - There is still time remaining - max remaining time 09:51:52.8178179, next instruction time 0, next instruction NINA.Plugin.TargetScheduler.Sequencer.PlanSchedulerProgress - and the telescope reports expected pier side pierEast. Automated Flip is not necessary.
2026-05-31T00:38:58.8713|INFO|SequenceItem.cs|Run|208|Starting NINA.Plugin.TargetScheduler.Sequencer.PlanSchedulerProgress
2026-05-31T00:38:58.8713|INFO|SequenceItem.cs|Run|254|Finishing NINA.Plugin.TargetScheduler.Sequencer.PlanSchedulerProgress
2026-05-31T00:39:00.1003|INFO|HocusFocusStarDetection.cs|Detect|413|Average HFR: 1.799995612826114, HFR MAD: 0.16971703419258116, Detected Stars 283, Region: 0
2026-05-31T00:39:00.8177|INFO|BaseImageData.cs|SaveToDisk|346|Saved image to C:\ASTROIMAGES\NINA\2026-05-30\M 51\LIGHT\H\2026-05-31_00-28-57_M 51_LIGHT_H_-5.00C_G100-Exp-600.00s_MAXRMS-D2.41-R1.91_M-84.23_RMS-0.43_HFR-1.80_F-0008.fits
2026-05-31T00:39:00.8178|INFO|ImageSaveController.cs|DoWork|97|Successfully saved file at C:\ASTROIMAGES\NINA\2026-05-30\M 51\LIGHT\H\2026-05-31_00-28-57_M 51_LIGHT_H_-5.00C_G100-Exp-600.00s_MAXRMS-D2.41-R1.91_M-84.23_RMS-0.43_HFR-1.80_F-0008.fits. Duration Total: 00:00:01.9470165; BeforeSave: 00:00:00.0000555; BeforeFinalizeImageSaved: 00:00:01.5512354; FinalizeSaveTime: 00:00:00.3957249
2026-05-31T00:39:01.5390|WARNING|SessionMetaDataWatcher.cs|WriteAcquisitionMetaData|73|acquisition file already exists, will not overwrite: C:\ASTROIMAGES\NINA\2026-05-30\M 51\LIGHT\H\metadata\AcquisitionDetails.csv
2026-05-31T00:39:01.5391|WARNING|SessionMetaDataWatcher.cs|WriteAcquisitionMetaData|93|acquisition file already exists, will not overwrite: C:\ASTROIMAGES\NINA\2026-05-30\M 51\LIGHT\H\metadata\AcquisitionDetails.json
2026-05-31T00:39:01.5394|INFO|SessionMetaDataWatcher.cs|WriteImageMetaData|105|Writing CSV image metadata: C:\ASTROIMAGES\NINA\2026-05-30\M 51\LIGHT\H\metadata\ImageMetaData.csv
2026-05-31T00:39:01.5711|INFO|SessionMetaDataWatcher.cs|WriteImageMetaData|122|Writing JSON image metadata: C:\ASTROIMAGES\NINA\2026-05-30\M 51\LIGHT\H\metadata\ImageMetaData.json
2026-05-31T00:39:01.5733|INFO|SessionMetaDataWatcher.cs|WriteWeatherMetaData|169|Writing CSV weather metadata: C:\ASTROIMAGES\NINA\2026-05-30\M 51\LIGHT\H\metadata\WeatherData.csv
2026-05-31T00:39:01.5876|INFO|SessionMetaDataWatcher.cs|WriteWeatherMetaData|186|Writing JSON weather metadata: C:\ASTROIMAGES\NINA\2026-05-30\M 51\LIGHT\H\metadata\WeatherData.json
2026-05-31T00:39:01.5891|INFO|SessionService.cs|OnTargetDetectedAsync|663|[Subframes] Target detected: 'M51' (was 'M51')
2026-05-31T00:39:01.6517|INFO|SubframesClient.cs|StartTargetAsync|316|[Subframes] Target started:  name='M51'
2026-05-31T00:39:01.6518|WARNING|SessionService.cs|StartTargetAsync|559|[Subframes] StartTarget failed — cached locally as 48231974-fc75-4f5c-a9f9-52d423ca858b for replay.
2026-05-31T00:39:02.1297|INFO|MeridianFlipTrigger.cs|ShouldTrigger|265|Meridian Flip - There is still time remaining - max remaining time 09:51:50.4594029, next instruction time 0, next instruction Category: Powerups (Fun-ctions), Item: GSSend - and the telescope reports expected pier side pierEast. Automated Flip is not necessary.
2026-05-31T00:39:02.1297|INFO|SequenceItem.cs|Run|208|Starting Category: Powerups (Fun-ctions), Item: GSSend
2026-05-31T00:39:02.1301|INFO|SendWithGS.cs|ProcessedScript|64|Replacing Image_ExposureTime with 600
2026-05-31T00:39:02.1303|INFO|SendWithGS.cs|ProcessedScript|64|Replacing Image_HFR with 1.8
2026-05-31T00:39:02.1304|INFO|SendWithGS.cs|ProcessedScript|64|Replacing Image_FWHM with 7.02
2026-05-31T00:39:02.1305|INFO|SendWithGS.cs|ProcessedScript|64|Replacing Altitude with 61.53417862932289
2026-05-31T00:39:02.1305|INFO|SendWithGS.cs|Execute|95|Sending to Ground Station: Exp: $$FWHEEL_FILTER_NAME$$ on $$TARGET_NAME$$ EXP: 600 HFR: 1.8 FWHM: 7.02  Altitude: 61.53417862932289 
2026-05-31T00:39:02.1317|INFO|SequenceItem.cs|Run|208|Starting Category: Ground Station, Item: Send to Telegram
2026-05-31T00:39:02.9057|INFO|SequenceItem.cs|Run|254|Finishing Category: Ground Station, Item: Send to Telegram
2026-05-31T00:39:02.9069|INFO|SequenceItem.cs|Run|254|Finishing Category: Powerups (Fun-ctions), Item: GSSend
2026-05-31T00:39:02.9074|INFO|MeridianFlipTrigger.cs|ShouldTrigger|265|Meridian Flip - There is still time remaining - max remaining time 09:51:48.7302264, next instruction time 0, next instruction Category: Powerups (Fun-ctions), Item: GSSend - and the telescope reports expected pier side pierEast. Automated Flip is not necessary.
2026-05-31T00:39:02.9075|INFO|SequenceItem.cs|Run|208|Starting Category: Powerups (Fun-ctions), Item: GSSend
2026-05-31T00:39:02.9078|INFO|SendWithGS.cs|ProcessedScript|64|Replacing Image_ExposureTime with 600
2026-05-31T00:39:02.9079|INFO|SendWithGS.cs|ProcessedScript|64|Replacing Image_HFR with 1.8
2026-05-31T00:39:02.9080|INFO|SendWithGS.cs|ProcessedScript|64|Replacing Image_FWHM with 7.02
2026-05-31T00:39:02.9081|INFO|SendWithGS.cs|ProcessedScript|64|Replacing Altitude with 61.53417862932289
2026-05-31T00:39:02.9081|INFO|SendWithGS.cs|Execute|95|Sending to Ground Station: Exp: $$FWHEEL_FILTER_NAME$$ on $$TARGET_NAME$$ EXP: 600 HFR: 1.8 FWHM: 7.02  Altitude: 61.53417862932289 
2026-05-31T00:39:02.9095|INFO|SequenceItem.cs|Run|208|Starting Category: Ground Station, Item: Send to Pushover, Title: IMAGE: $$TARGET_NAME$$
2026-05-31T00:39:03.0695|INFO|SequenceItem.cs|Run|254|Finishing Category: Ground Station, Item: Send to Pushover, Title: IMAGE: $$TARGET_NAME$$
2026-05-31T00:39:03.0707|INFO|SequenceItem.cs|Run|254|Finishing Category: Powerups (Fun-ctions), Item: GSSend
2026-05-31T00:39:03.2803|INFO|Symbol.cs|OnMessageReceived|627|Received message from Target Scheduler re: TargetScheduler-TargetStart
2026-05-31T00:39:03.2803|INFO|Symbol.cs|OnMessageReceived|635|TS_TargetName = M 51
2026-05-31T00:39:03.2804|INFO|Symbol.cs|OnMessageReceived|636|Expires at 05/31/2026 03:45:41 -05:00
2026-05-31T00:39:03.2804|INFO|Symbol.cs|OnMessageReceived|627|Received message from Target Scheduler re: TargetScheduler-TargetStart
2026-05-31T00:39:03.2804|INFO|Symbol.cs|OnMessageReceived|635|TS_TargetName = M 51
2026-05-31T00:39:03.2804|INFO|Symbol.cs|OnMessageReceived|636|Expires at 05/31/2026 03:45:41 -05:00
2026-05-31T00:39:03.2815|INFO|MeridianFlipTrigger.cs|ShouldTrigger|265|Meridian Flip - There is still time remaining - max remaining time 09:51:48.7302264, next instruction time 0, next instruction NINA.Plugin.TargetScheduler.Sequencer.PlanSchedulerProgress - and the telescope reports expected pier side pierEast. Automated Flip is not necessary.
2026-05-31T00:39:03.2816|INFO|SequenceItem.cs|Run|208|Starting NINA.Plugin.TargetScheduler.Sequencer.PlanSchedulerProgress
2026-05-31T00:39:03.2816|INFO|SequenceItem.cs|Run|254|Finishing NINA.Plugin.TargetScheduler.Sequencer.PlanSchedulerProgress
2026-05-31T00:39:03.2817|INFO|MeridianFlipTrigger.cs|ShouldTrigger|265|Meridian Flip - There is still time remaining - max remaining time 09:51:48.7302264, next instruction time 0, next instruction Category: Scheduler, Item: SwitchFilter, Filter: H - and the telescope reports expected pier side pierEast. Automated Flip is not necessary.
2026-05-31T00:39:03.2818|INFO|SequenceItem.cs|Run|208|Starting Category: Scheduler, Item: SwitchFilter, Filter: H
2026-05-31T00:39:03.2864|INFO|SequenceItem.cs|Run|254|Finishing Category: Scheduler, Item: SwitchFilter, Filter: H
2026-05-31T00:39:03.2867|INFO|MeridianFlipTrigger.cs|ShouldTrigger|265|Meridian Flip - There is still time remaining - max remaining time 09:51:48.7302264, next instruction time 0, next instruction NINA.Plugin.TargetScheduler.Sequencer.PlanSchedulerProgress - and the telescope reports expected pier side pierEast. Automated Flip is not necessary.
2026-05-31T00:39:03.2868|INFO|SequenceItem.cs|Run|208|Starting NINA.Plugin.TargetScheduler.Sequencer.PlanSchedulerProgress
2026-05-31T00:39:03.2868|INFO|SequenceItem.cs|Run|254|Finishing NINA.Plugin.TargetScheduler.Sequencer.PlanSchedulerProgress
2026-05-31T00:39:03.2869|INFO|MeridianFlipTrigger.cs|ShouldTrigger|265|Meridian Flip - There is still time remaining - max remaining time 09:51:48.7302264, next instruction time 0, next instruction Category: Scheduler, Item: SetReadoutMode, Mode: 0 - and the telescope reports expected pier side pierEast. Automated Flip is not necessary.
2026-05-31T00:39:03.2869|INFO|SequenceItem.cs|Run|208|Starting Category: Scheduler, Item: SetReadoutMode, Mode: 0
2026-05-31T00:39:03.2871|INFO|SequenceItem.cs|Run|254|Finishing Category: Scheduler, Item: SetReadoutMode, Mode: 0
2026-05-31T00:39:03.2872|INFO|MeridianFlipTrigger.cs|ShouldTrigger|265|Meridian Flip - There is still time remaining - max remaining time 09:51:48.7302264, next instruction time 0, next instruction NINA.Plugin.TargetScheduler.Sequencer.PlanSchedulerProgress - and the telescope reports expected pier side pierEast. Automated Flip is not necessary.
2026-05-31T00:39:03.2873|INFO|SequenceItem.cs|Run|208|Starting NINA.Plugin.TargetScheduler.Sequencer.PlanSchedulerProgress
2026-05-31T00:39:03.2918|INFO|SequenceItem.cs|Run|254|Finishing NINA.Plugin.TargetScheduler.Sequencer.PlanSchedulerProgress
2026-05-31T00:39:03.3014|INFO|MeridianFlipTrigger.cs|ShouldTrigger|265|Meridian Flip - There is still time remaining - max remaining time 09:51:48.7302264, next instruction time 600, next instruction Category: Scheduler, Item: TakeExposure, ExposureTime 600, Gain 100, Offset 50, ImageType LIGHT, Binning 1x1 - and the telescope reports expected pier side pierEast. Automated Flip is not necessary.
2026-05-31T00:39:03.3014|INFO|DIYTrigger.cs|ShouldTrigger|109|DIY Trigger Restore Guiding ShouldTrigger returning true
2026-05-31T00:39:03.3014|INFO|SequenceTrigger.cs|Run|114|Starting Category: Powerups (Misc), Item: DIYTrigger
2026-05-31T00:39:03.3037|INFO|DIYTrigger.cs|Execute|95|DIY Trigger executing...
2026-05-31T00:39:03.3038|INFO|SequenceItem.cs|Run|208|Starting Category: * Instruction Set *, Container: NINA.Sequencer.Container.SequentialContainer, Strategy: SequentialStrategy, Items[CREATED]: 1, Triggers: Trigger: RestoreGuiding
2026-05-31T00:39:03.3202|INFO|MeridianFlipTrigger.cs|ShouldTrigger|265|Meridian Flip - There is still time remaining - max remaining time 09:51:48.7302264, next instruction time 0, next instruction Category: Powerups (Expressions), Item: IfFailed - and the telescope reports expected pier side pierEast. Automated Flip is not necessary.
2026-05-31T00:39:03.3202|INFO|SequenceItem.cs|Run|208|Starting Category: Powerups (Expressions), Item: IfFailed
2026-05-31T00:39:03.3203|INFO|SequenceItem.cs|Run|208|Starting Category: Guider, Item: StartGuiding
2026-05-31T00:39:03.3472|INFO|PHD2Guider.cs|StartGuidingPrivate|504|Phd2 - App is already guiding. Skipping start guiding
2026-05-31T00:39:03.3474|INFO|SequenceItem.cs|Run|254|Finishing Category: Guider, Item: StartGuiding
2026-05-31T00:39:03.3475|INFO|SequenceItem.cs|Run|254|Finishing Category: Powerups (Expressions), Item: IfFailed
2026-05-31T00:39:03.3477|INFO|SequenceItem.cs|Run|254|Finishing Category: * Instruction Set *, Container: NINA.Sequencer.Container.SequentialContainer, Strategy: SequentialStrategy, Items[FINISHED]: 1, Triggers: Trigger: RestoreGuiding
2026-05-31T00:39:03.3503|INFO|SequenceItem.cs|Run|208|Starting Category: Scheduler, Item: TakeExposure, ExposureTime 600, Gain 100, Offset 50, ImageType LIGHT, Binning 1x1
2026-05-31T00:39:03.3792|INFO|CameraVM.cs|Capture|742|Starting Exposure - Exposure Time: 600s; Filter: ; Gain: 100; Offset 50; Binning: 1x1;
2026-05-31T00:39:03.7453|INFO|StarfrontClient.cs|SendImageFile|249|[Rockwood] sent 2026-05-31_00-28-57_M 51_LIGHT_H_-5.00C_G100-Exp-600.00s_MAXRMS-D2.41-R1.91_M-84.23_RMS-0.43_HFR-1.80_F-0008.fits (22KB) object=M 51 exptime=600s filter=H
2026-05-31T00:39:05.5319|INFO|SyncEngine.cs|SyncPendingFramesAsync|142|[Subframes] SyncEngine: synced 1 frames for session 470187b8-716c-4f60-bb85-9fd78307165c (accepted=1)
2026-05-31T00:39:06.7862|WARNING|TsPreviewClient.cs|FetchPreviewAsync|161|[Subframes] TsPreviewClient.FetchPreviewAsync failed for profile '533M-AT60' (0173997c-4bfa-48fd-9337-a48b6df99c38): TaskCanceledException: The request was canceled due to the configured HttpClient.Timeout of 5 seconds elapsing.
2026-05-31T00:40:38.5927|INFO|TsProgressReader.cs|ReadProgressDelta|75|[Subframes] TS progress delta: DB not found at C:\Users\nicka\AppData\Local\NINA\SchedulerPlugin — Target Scheduler not installed or DB path mismatch.
2026-05-31T00:45:38.5914|INFO|TsProgressReader.cs|ReadProgressDelta|75|[Subframes] TS progress delta: DB not found at C:\Users\nicka\AppData\Local\NINA\SchedulerPlugin — Target Scheduler not installed or DB path mismatch.
2026-05-31T00:48:05.5043|INFO|FrameCache.cs|PruneSynced|249|[Subframes] Pruned 1 synced frames older than 72h
2026-05-31T00:49:05.2768|INFO|SequenceItem.cs|Run|254|Finishing Category: Scheduler, Item: TakeExposure, ExposureTime 600, Gain 100, Offset 50, ImageType LIGHT, Binning 1x1
2026-05-31T00:49:05.2771|INFO|ImageSolver.cs|Solve|41|Platesolving with parameters: FocalLength: 360 PixelSize: 3.76 SearchRadius: 30 BlindFailoverEnabled: True Regions: 5000 DownSampleFactor: 0 MaxObjects: 500 Reference Coordinates RA: 13:30:05 Dec: 47° 12' 50" Epoch: J2000
2026-05-31T00:49:05.2773|INFO|MeridianFlipTrigger.cs|ShouldTrigger|265|Meridian Flip - There is still time remaining - max remaining time 09:41:46.0883731, next instruction time 0, next instruction NINA.Plugin.TargetScheduler.Sequencer.PlanSchedulerProgress - and the telescope reports expected pier side pierEast. Automated Flip is not necessary.
2026-05-31T00:49:05.2774|INFO|SequenceItem.cs|Run|208|Starting NINA.Plugin.TargetScheduler.Sequencer.PlanSchedulerProgress
2026-05-31T00:49:05.2774|INFO|SequenceItem.cs|Run|254|Finishing NINA.Plugin.TargetScheduler.Sequencer.PlanSchedulerProgress
2026-05-31T00:49:05.6122|INFO|BaseImageData.cs|SaveToDisk|346|Saved image to C:\Users\nicka\AppData\Local\NINA\PlateSolver\s1z3begz.vbj.fits
2026-05-31T00:49:06.6327|INFO|HocusFocusStarDetection.cs|Detect|413|Average HFR: 1.7896366641372332, HFR MAD: 0.15063782658503613, Detected Stars 281, Region: 0
2026-05-31T00:49:07.1318|INFO|ImageSolver.cs|Solve|54|Platesolve successful: Coordinates: RA: 13:29:50; Dec: 47° 11' 55"; Epoch: J2000 - Position Angle: 275.60960933438713
2026-05-31T00:49:07.1320|INFO|CenterAfterDriftTrigger.cs|PlatesolvingImageFollower_PropertyChanged|189|Drift: 0.4689734634012193 / 1 arc minutes
2026-05-31T00:49:07.3628|INFO|BaseImageData.cs|SaveToDisk|346|Saved image to C:\ASTROIMAGES\NINA\2026-05-30\M 51\LIGHT\H\2026-05-31_00-39-03_M 51_LIGHT_H_-5.00C_G100-Exp-600.00s_MAXRMS-D1.88-R1.93_M-84.27_RMS-0.38_HFR-1.79_F-0009.fits
2026-05-31T00:49:07.3629|INFO|ImageSaveController.cs|DoWork|97|Successfully saved file at C:\ASTROIMAGES\NINA\2026-05-30\M 51\LIGHT\H\2026-05-31_00-39-03_M 51_LIGHT_H_-5.00C_G100-Exp-600.00s_MAXRMS-D1.88-R1.93_M-84.27_RMS-0.38_HFR-1.79_F-0009.fits. Duration Total: 00:00:02.0861342; BeforeSave: 00:00:00.0001423; BeforeFinalizeImageSaved: 00:00:01.6688347; FinalizeSaveTime: 00:00:00.4171566
2026-05-31T00:49:08.0599|WARNING|SessionMetaDataWatcher.cs|WriteAcquisitionMetaData|73|acquisition file already exists, will not overwrite: C:\ASTROIMAGES\NINA\2026-05-30\M 51\LIGHT\H\metadata\AcquisitionDetails.csv
2026-05-31T00:49:08.0601|WARNING|SessionMetaDataWatcher.cs|WriteAcquisitionMetaData|93|acquisition file already exists, will not overwrite: C:\ASTROIMAGES\NINA\2026-05-30\M 51\LIGHT\H\metadata\AcquisitionDetails.json
2026-05-31T00:49:08.0604|INFO|SessionMetaDataWatcher.cs|WriteImageMetaData|105|Writing CSV image metadata: C:\ASTROIMAGES\NINA\2026-05-30\M 51\LIGHT\H\metadata\ImageMetaData.csv
2026-05-31T00:49:08.0978|INFO|SessionMetaDataWatcher.cs|WriteImageMetaData|122|Writing JSON image metadata: C:\ASTROIMAGES\NINA\2026-05-30\M 51\LIGHT\H\metadata\ImageMetaData.json
2026-05-31T00:49:08.1004|INFO|SessionMetaDataWatcher.cs|WriteWeatherMetaData|169|Writing CSV weather metadata: C:\ASTROIMAGES\NINA\2026-05-30\M 51\LIGHT\H\metadata\WeatherData.csv
2026-05-31T00:49:08.1327|INFO|SessionMetaDataWatcher.cs|WriteWeatherMetaData|186|Writing JSON weather metadata: C:\ASTROIMAGES\NINA\2026-05-30\M 51\LIGHT\H\metadata\WeatherData.json
2026-05-31T00:49:08.1352|INFO|SessionService.cs|OnTargetDetectedAsync|663|[Subframes] Target detected: 'M51' (was 'M51')
2026-05-31T00:49:08.2562|INFO|SubframesClient.cs|StartTargetAsync|316|[Subframes] Target started:  name='M51'
2026-05-31T00:49:08.2563|WARNING|SessionService.cs|StartTargetAsync|559|[Subframes] StartTarget failed — cached locally as 67bef21b-179e-48dd-b2b5-a9b6c38f78ae for replay.
2026-05-31T00:49:08.5703|INFO|MeridianFlipTrigger.cs|ShouldTrigger|265|Meridian Flip - There is still time remaining - max remaining time 09:41:42.2006099, next instruction time 0, next instruction Category: Powerups (Fun-ctions), Item: GSSend - and the telescope reports expected pier side pierEast. Automated Flip is not necessary.
2026-05-31T00:49:08.5704|INFO|SequenceItem.cs|Run|208|Starting Category: Powerups (Fun-ctions), Item: GSSend
2026-05-31T00:49:08.5708|INFO|SendWithGS.cs|ProcessedScript|64|Replacing Image_ExposureTime with 600
2026-05-31T00:49:08.5709|INFO|SendWithGS.cs|ProcessedScript|64|Replacing Image_HFR with 1.79
2026-05-31T00:49:08.5710|INFO|SendWithGS.cs|ProcessedScript|64|Replacing Image_FWHM with 7.05
2026-05-31T00:49:08.5715|INFO|SendWithGS.cs|ProcessedScript|64|Replacing Altitude with 59.91793533132116
2026-05-31T00:49:08.5715|INFO|SendWithGS.cs|Execute|95|Sending to Ground Station: Exp: $$FWHEEL_FILTER_NAME$$ on $$TARGET_NAME$$ EXP: 600 HFR: 1.79 FWHM: 7.05  Altitude: 59.91793533132116 
2026-05-31T00:49:08.5728|INFO|SequenceItem.cs|Run|208|Starting Category: Ground Station, Item: Send to Telegram
2026-05-31T00:49:09.2573|INFO|SequenceItem.cs|Run|254|Finishing Category: Ground Station, Item: Send to Telegram
2026-05-31T00:49:09.2586|INFO|SequenceItem.cs|Run|254|Finishing Category: Powerups (Fun-ctions), Item: GSSend
2026-05-31T00:49:09.2589|INFO|MeridianFlipTrigger.cs|ShouldTrigger|265|Meridian Flip - There is still time remaining - max remaining time 09:41:42.2006099, next instruction time 0, next instruction Category: Powerups (Fun-ctions), Item: GSSend - and the telescope reports expected pier side pierEast. Automated Flip is not necessary.
2026-05-31T00:49:09.2589|INFO|SequenceItem.cs|Run|208|Starting Category: Powerups (Fun-ctions), Item: GSSend
2026-05-31T00:49:09.2592|INFO|SendWithGS.cs|ProcessedScript|64|Replacing Image_ExposureTime with 600
2026-05-31T00:49:09.2594|INFO|SendWithGS.cs|ProcessedScript|64|Replacing Image_HFR with 1.79
2026-05-31T00:49:09.2595|INFO|SendWithGS.cs|ProcessedScript|64|Replacing Image_FWHM with 7.05
2026-05-31T00:49:09.2595|INFO|SendWithGS.cs|ProcessedScript|64|Replacing Altitude with 59.91793533132116
2026-05-31T00:49:09.2596|INFO|SendWithGS.cs|Execute|95|Sending to Ground Station: Exp: $$FWHEEL_FILTER_NAME$$ on $$TARGET_NAME$$ EXP: 600 HFR: 1.79 FWHM: 7.05  Altitude: 59.91793533132116 
2026-05-31T00:49:09.2606|INFO|SequenceItem.cs|Run|208|Starting Category: Ground Station, Item: Send to Pushover, Title: IMAGE: $$TARGET_NAME$$
2026-05-31T00:49:09.4292|INFO|SequenceItem.cs|Run|254|Finishing Category: Ground Station, Item: Send to Pushover, Title: IMAGE: $$TARGET_NAME$$
2026-05-31T00:49:09.4307|INFO|SequenceItem.cs|Run|254|Finishing Category: Powerups (Fun-ctions), Item: GSSend
2026-05-31T00:49:09.6445|INFO|Symbol.cs|OnMessageReceived|627|Received message from Target Scheduler re: TargetScheduler-TargetStart
2026-05-31T00:49:09.6446|INFO|Symbol.cs|OnMessageReceived|635|TS_TargetName = M 51
2026-05-31T00:49:09.6446|INFO|Symbol.cs|OnMessageReceived|636|Expires at 05/31/2026 03:45:41 -05:00
2026-05-31T00:49:09.6446|INFO|Symbol.cs|OnMessageReceived|627|Received message from Target Scheduler re: TargetScheduler-TargetStart
2026-05-31T00:49:09.6447|INFO|Symbol.cs|OnMessageReceived|635|TS_TargetName = M 51
2026-05-31T00:49:09.6447|INFO|Symbol.cs|OnMessageReceived|636|Expires at 05/31/2026 03:45:41 -05:00
2026-05-31T00:49:09.6494|INFO|MeridianFlipTrigger.cs|ShouldTrigger|265|Meridian Flip - There is still time remaining - max remaining time 09:41:42.2006099, next instruction time 0, next instruction NINA.Plugin.TargetScheduler.Sequencer.PlanSchedulerProgress - and the telescope reports expected pier side pierEast. Automated Flip is not necessary.
2026-05-31T00:49:09.6495|INFO|SequenceItem.cs|Run|208|Starting NINA.Plugin.TargetScheduler.Sequencer.PlanSchedulerProgress
2026-05-31T00:49:09.6496|INFO|SequenceItem.cs|Run|254|Finishing NINA.Plugin.TargetScheduler.Sequencer.PlanSchedulerProgress
2026-05-31T00:49:09.6497|INFO|MeridianFlipTrigger.cs|ShouldTrigger|265|Meridian Flip - There is still time remaining - max remaining time 09:41:42.2006099, next instruction time 0, next instruction Category: Scheduler, Item: SwitchFilter, Filter: H - and the telescope reports expected pier side pierEast. Automated Flip is not necessary.
2026-05-31T00:49:09.6498|INFO|SequenceItem.cs|Run|208|Starting Category: Scheduler, Item: SwitchFilter, Filter: H
2026-05-31T00:49:09.6522|INFO|SequenceItem.cs|Run|254|Finishing Category: Scheduler, Item: SwitchFilter, Filter: H
2026-05-31T00:49:09.6525|INFO|MeridianFlipTrigger.cs|ShouldTrigger|265|Meridian Flip - There is still time remaining - max remaining time 09:41:42.2006099, next instruction time 0, next instruction NINA.Plugin.TargetScheduler.Sequencer.PlanSchedulerProgress - and the telescope reports expected pier side pierEast. Automated Flip is not necessary.
2026-05-31T00:49:09.6525|INFO|SequenceItem.cs|Run|208|Starting NINA.Plugin.TargetScheduler.Sequencer.PlanSchedulerProgress
2026-05-31T00:49:09.6526|INFO|SequenceItem.cs|Run|254|Finishing NINA.Plugin.TargetScheduler.Sequencer.PlanSchedulerProgress
2026-05-31T00:49:09.6527|INFO|MeridianFlipTrigger.cs|ShouldTrigger|265|Meridian Flip - There is still time remaining - max remaining time 09:41:42.2006099, next instruction time 0, next instruction Category: Scheduler, Item: SetReadoutMode, Mode: 0 - and the telescope reports expected pier side pierEast. Automated Flip is not necessary.
2026-05-31T00:49:09.6527|INFO|SequenceItem.cs|Run|208|Starting Category: Scheduler, Item: SetReadoutMode, Mode: 0
2026-05-31T00:49:09.6528|INFO|SequenceItem.cs|Run|254|Finishing Category: Scheduler, Item: SetReadoutMode, Mode: 0
2026-05-31T00:49:09.6529|INFO|MeridianFlipTrigger.cs|ShouldTrigger|265|Meridian Flip - There is still time remaining - max remaining time 09:41:42.2006099, next instruction time 0, next instruction NINA.Plugin.TargetScheduler.Sequencer.PlanSchedulerProgress - and the telescope reports expected pier side pierEast. Automated Flip is not necessary.
2026-05-31T00:49:09.6529|INFO|SequenceItem.cs|Run|208|Starting NINA.Plugin.TargetScheduler.Sequencer.PlanSchedulerProgress
2026-05-31T00:49:09.6578|INFO|SequenceItem.cs|Run|254|Finishing NINA.Plugin.TargetScheduler.Sequencer.PlanSchedulerProgress
2026-05-31T00:49:09.6583|INFO|MeridianFlipTrigger.cs|ShouldTrigger|265|Meridian Flip - There is still time remaining - max remaining time 09:41:42.2006099, next instruction time 600, next instruction Category: Scheduler, Item: TakeExposure, ExposureTime 600, Gain 100, Offset 50, ImageType LIGHT, Binning 1x1 - and the telescope reports expected pier side pierEast. Automated Flip is not necessary.
2026-05-31T00:49:09.6583|INFO|DIYTrigger.cs|ShouldTrigger|109|DIY Trigger Restore Guiding ShouldTrigger returning true
2026-05-31T00:49:09.6584|INFO|SequenceTrigger.cs|Run|114|Starting Category: Powerups (Misc), Item: DIYTrigger
2026-05-31T00:49:09.6604|INFO|DIYTrigger.cs|Execute|95|DIY Trigger executing...
2026-05-31T00:49:09.6606|INFO|SequenceItem.cs|Run|208|Starting Category: * Instruction Set *, Container: NINA.Sequencer.Container.SequentialContainer, Strategy: SequentialStrategy, Items[CREATED]: 1, Triggers: Trigger: RestoreGuiding
2026-05-31T00:49:09.6608|INFO|MeridianFlipTrigger.cs|ShouldTrigger|265|Meridian Flip - There is still time remaining - max remaining time 09:41:42.2006099, next instruction time 0, next instruction Category: Powerups (Expressions), Item: IfFailed - and the telescope reports expected pier side pierEast. Automated Flip is not necessary.
2026-05-31T00:49:09.6609|INFO|SequenceItem.cs|Run|208|Starting Category: Powerups (Expressions), Item: IfFailed
2026-05-31T00:49:09.6609|INFO|SequenceItem.cs|Run|208|Starting Category: Guider, Item: StartGuiding
2026-05-31T00:49:09.6698|INFO|PHD2Guider.cs|StartGuidingPrivate|504|Phd2 - App is already guiding. Skipping start guiding
2026-05-31T00:49:09.6700|INFO|SequenceItem.cs|Run|254|Finishing Category: Guider, Item: StartGuiding
2026-05-31T00:49:09.6702|INFO|SequenceItem.cs|Run|254|Finishing Category: Powerups (Expressions), Item: IfFailed
2026-05-31T00:49:09.6704|INFO|SequenceItem.cs|Run|254|Finishing Category: * Instruction Set *, Container: NINA.Sequencer.Container.SequentialContainer, Strategy: SequentialStrategy, Items[FINISHED]: 1, Triggers: Trigger: RestoreGuiding
2026-05-31T00:49:09.6735|INFO|SequenceItem.cs|Run|208|Starting Category: Scheduler, Item: TakeExposure, ExposureTime 600, Gain 100, Offset 50, ImageType LIGHT, Binning 1x1
2026-05-31T00:49:09.6918|INFO|CameraVM.cs|Capture|742|Starting Exposure - Exposure Time: 600s; Filter: ; Gain: 100; Offset 50; Binning: 1x1;
2026-05-31T00:49:10.3601|INFO|StarfrontClient.cs|SendImageFile|249|[Rockwood] sent 2026-05-31_00-39-03_M 51_LIGHT_H_-5.00C_G100-Exp-600.00s_MAXRMS-D1.88-R1.93_M-84.27_RMS-0.38_HFR-1.79_F-0009.fits (22KB) object=M 51 exptime=600s filter=H
2026-05-31T00:49:13.3022|WARNING|TsPreviewClient.cs|FetchPreviewAsync|161|[Subframes] TsPreviewClient.FetchPreviewAsync failed for profile '533M-AT60' (0173997c-4bfa-48fd-9337-a48b6df99c38): TaskCanceledException: The request was canceled due to the configured HttpClient.Timeout of 5 seconds elapsing.
2026-05-31T00:49:35.5324|INFO|SyncEngine.cs|SyncPendingFramesAsync|142|[Subframes] SyncEngine: synced 1 frames for session 470187b8-716c-4f60-bb85-9fd78307165c (accepted=1)
2026-05-31T00:50:38.5925|INFO|TsProgressReader.cs|ReadProgressDelta|75|[Subframes] TS progress delta: DB not found at C:\Users\nicka\AppData\Local\NINA\SchedulerPlugin — Target Scheduler not installed or DB path mismatch.
2026-05-31T00:55:38.5930|INFO|TsProgressReader.cs|ReadProgressDelta|75|[Subframes] TS progress delta: DB not found at C:\Users\nicka\AppData\Local\NINA\SchedulerPlugin — Target Scheduler not installed or DB path mismatch.
2026-05-31T00:58:05.5045|INFO|FrameCache.cs|PruneSynced|249|[Subframes] Pruned 1 synced frames older than 72h
2026-05-31T00:59:11.5423|INFO|SequenceItem.cs|Run|254|Finishing Category: Scheduler, Item: TakeExposure, ExposureTime 600, Gain 100, Offset 50, ImageType LIGHT, Binning 1x1
2026-05-31T00:59:11.5426|INFO|MeridianFlipTrigger.cs|ShouldTrigger|265|Meridian Flip - There is still time remaining - max remaining time 09:31:38.2127048, next instruction time 0, next instruction NINA.Plugin.TargetScheduler.Sequencer.PlanSchedulerProgress - and the telescope reports expected pier side pierEast. Automated Flip is not necessary.
2026-05-31T00:59:11.5427|INFO|SequenceItem.cs|Run|208|Starting NINA.Plugin.TargetScheduler.Sequencer.PlanSchedulerProgress
2026-05-31T00:59:11.5427|INFO|SequenceItem.cs|Run|254|Finishing NINA.Plugin.TargetScheduler.Sequencer.PlanSchedulerProgress
2026-05-31T00:59:12.8860|INFO|HocusFocusStarDetection.cs|Detect|413|Average HFR: 1.7824105119313534, HFR MAD: 0.1606150424716017, Detected Stars 266, Region: 0
2026-05-31T00:59:13.5305|INFO|BaseImageData.cs|SaveToDisk|346|Saved image to C:\ASTROIMAGES\NINA\2026-05-30\M 51\LIGHT\H\2026-05-31_00-49-09_M 51_LIGHT_H_-5.00C_G100-Exp-600.00s_MAXRMS-D2.15-R1.80_M-84.31_RMS-0.43_HFR-1.78_F-0010.fits
2026-05-31T00:59:13.5306|INFO|ImageSaveController.cs|DoWork|97|Successfully saved file at C:\ASTROIMAGES\NINA\2026-05-30\M 51\LIGHT\H\2026-05-31_00-49-09_M 51_LIGHT_H_-5.00C_G100-Exp-600.00s_MAXRMS-D2.15-R1.80_M-84.31_RMS-0.43_HFR-1.78_F-0010.fits. Duration Total: 00:00:01.9882952; BeforeSave: 00:00:00.0001322; BeforeFinalizeImageSaved: 00:00:01.6747819; FinalizeSaveTime: 00:00:00.3133802
2026-05-31T00:59:14.1281|WARNING|SessionMetaDataWatcher.cs|WriteAcquisitionMetaData|73|acquisition file already exists, will not overwrite: C:\ASTROIMAGES\NINA\2026-05-30\M 51\LIGHT\H\metadata\AcquisitionDetails.csv
2026-05-31T00:59:14.1283|WARNING|SessionMetaDataWatcher.cs|WriteAcquisitionMetaData|93|acquisition file already exists, will not overwrite: C:\ASTROIMAGES\NINA\2026-05-30\M 51\LIGHT\H\metadata\AcquisitionDetails.json
2026-05-31T00:59:14.1285|INFO|SessionMetaDataWatcher.cs|WriteImageMetaData|105|Writing CSV image metadata: C:\ASTROIMAGES\NINA\2026-05-30\M 51\LIGHT\H\metadata\ImageMetaData.csv
2026-05-31T00:59:14.1648|INFO|SessionMetaDataWatcher.cs|WriteImageMetaData|122|Writing JSON image metadata: C:\ASTROIMAGES\NINA\2026-05-30\M 51\LIGHT\H\metadata\ImageMetaData.json
2026-05-31T00:59:14.1671|INFO|SessionMetaDataWatcher.cs|WriteWeatherMetaData|169|Writing CSV weather metadata: C:\ASTROIMAGES\NINA\2026-05-30\M 51\LIGHT\H\metadata\WeatherData.csv
2026-05-31T00:59:14.1814|INFO|SessionMetaDataWatcher.cs|WriteWeatherMetaData|186|Writing JSON weather metadata: C:\ASTROIMAGES\NINA\2026-05-30\M 51\LIGHT\H\metadata\WeatherData.json
2026-05-31T00:59:14.1830|INFO|SessionService.cs|OnTargetDetectedAsync|663|[Subframes] Target detected: 'M51' (was 'M51')
2026-05-31T00:59:14.2542|INFO|SubframesClient.cs|StartTargetAsync|316|[Subframes] Target started:  name='M51'
2026-05-31T00:59:14.2543|WARNING|SessionService.cs|StartTargetAsync|559|[Subframes] StartTarget failed — cached locally as 3d476249-8762-4eff-8b39-f34170f03958 for replay.
2026-05-31T00:59:14.8992|INFO|MeridianFlipTrigger.cs|ShouldTrigger|265|Meridian Flip - There is still time remaining - max remaining time 09:31:34.2017223, next instruction time 0, next instruction Category: Powerups (Fun-ctions), Item: GSSend - and the telescope reports expected pier side pierEast. Automated Flip is not necessary.
2026-05-31T00:59:14.8999|INFO|SequenceItem.cs|Run|208|Starting Category: Powerups (Fun-ctions), Item: GSSend
2026-05-31T00:59:14.9003|INFO|SendWithGS.cs|ProcessedScript|64|Replacing Image_ExposureTime with 600
2026-05-31T00:59:14.9005|INFO|SendWithGS.cs|ProcessedScript|64|Replacing Image_HFR with 1.782
2026-05-31T00:59:14.9006|INFO|SendWithGS.cs|ProcessedScript|64|Replacing Image_FWHM with 7
2026-05-31T00:59:14.9007|INFO|SendWithGS.cs|ProcessedScript|64|Replacing Altitude with 58.27384384181063
2026-05-31T00:59:14.9008|INFO|SendWithGS.cs|Execute|95|Sending to Ground Station: Exp: $$FWHEEL_FILTER_NAME$$ on $$TARGET_NAME$$ EXP: 600 HFR: 1.782 FWHM: 7  Altitude: 58.27384384181063 
2026-05-31T00:59:14.9020|INFO|SequenceItem.cs|Run|208|Starting Category: Ground Station, Item: Send to Telegram
2026-05-31T00:59:15.5763|INFO|SequenceItem.cs|Run|254|Finishing Category: Ground Station, Item: Send to Telegram
2026-05-31T00:59:15.5775|INFO|SequenceItem.cs|Run|254|Finishing Category: Powerups (Fun-ctions), Item: GSSend
2026-05-31T00:59:15.5780|INFO|MeridianFlipTrigger.cs|ShouldTrigger|265|Meridian Flip - There is still time remaining - max remaining time 09:31:34.2017223, next instruction time 0, next instruction Category: Powerups (Fun-ctions), Item: GSSend - and the telescope reports expected pier side pierEast. Automated Flip is not necessary.
2026-05-31T00:59:15.5780|INFO|SequenceItem.cs|Run|208|Starting Category: Powerups (Fun-ctions), Item: GSSend
2026-05-31T00:59:15.5783|INFO|SendWithGS.cs|ProcessedScript|64|Replacing Image_ExposureTime with 600
2026-05-31T00:59:15.5784|INFO|SendWithGS.cs|ProcessedScript|64|Replacing Image_HFR with 1.782
2026-05-31T00:59:15.5785|INFO|SendWithGS.cs|ProcessedScript|64|Replacing Image_FWHM with 7
2026-05-31T00:59:15.5786|INFO|SendWithGS.cs|ProcessedScript|64|Replacing Altitude with 58.27384384181063
2026-05-31T00:59:15.5787|INFO|SendWithGS.cs|Execute|95|Sending to Ground Station: Exp: $$FWHEEL_FILTER_NAME$$ on $$TARGET_NAME$$ EXP: 600 HFR: 1.782 FWHM: 7  Altitude: 58.27384384181063 
2026-05-31T00:59:15.5798|INFO|SequenceItem.cs|Run|208|Starting Category: Ground Station, Item: Send to Pushover, Title: IMAGE: $$TARGET_NAME$$
2026-05-31T00:59:15.7209|INFO|SequenceItem.cs|Run|254|Finishing Category: Ground Station, Item: Send to Pushover, Title: IMAGE: $$TARGET_NAME$$
2026-05-31T00:59:15.7225|INFO|SequenceItem.cs|Run|254|Finishing Category: Powerups (Fun-ctions), Item: GSSend
2026-05-31T00:59:15.9575|INFO|Symbol.cs|OnMessageReceived|627|Received message from Target Scheduler re: TargetScheduler-TargetStart
2026-05-31T00:59:15.9576|INFO|Symbol.cs|OnMessageReceived|635|TS_TargetName = M 51
2026-05-31T00:59:15.9576|INFO|Symbol.cs|OnMessageReceived|636|Expires at 05/31/2026 03:45:41 -05:00
2026-05-31T00:59:15.9576|INFO|Symbol.cs|OnMessageReceived|627|Received message from Target Scheduler re: TargetScheduler-TargetStart
2026-05-31T00:59:15.9577|INFO|Symbol.cs|OnMessageReceived|635|TS_TargetName = M 51
2026-05-31T00:59:15.9577|INFO|Symbol.cs|OnMessageReceived|636|Expires at 05/31/2026 03:45:41 -05:00
2026-05-31T00:59:15.9581|INFO|MeridianFlipTrigger.cs|ShouldTrigger|265|Meridian Flip - There is still time remaining - max remaining time 09:31:34.2017223, next instruction time 0, next instruction NINA.Plugin.TargetScheduler.Sequencer.PlanSchedulerProgress - and the telescope reports expected pier side pierEast. Automated Flip is not necessary.
2026-05-31T00:59:15.9583|INFO|SequenceItem.cs|Run|208|Starting NINA.Plugin.TargetScheduler.Sequencer.PlanSchedulerProgress
2026-05-31T00:59:15.9584|INFO|SequenceItem.cs|Run|254|Finishing NINA.Plugin.TargetScheduler.Sequencer.PlanSchedulerProgress
2026-05-31T00:59:15.9586|INFO|MeridianFlipTrigger.cs|ShouldTrigger|265|Meridian Flip - There is still time remaining - max remaining time 09:31:34.2017223, next instruction time 0, next instruction Category: Scheduler, Item: SwitchFilter, Filter: H - and the telescope reports expected pier side pierEast. Automated Flip is not necessary.
2026-05-31T00:59:15.9586|INFO|SequenceItem.cs|Run|208|Starting Category: Scheduler, Item: SwitchFilter, Filter: H
2026-05-31T00:59:15.9611|INFO|SequenceItem.cs|Run|254|Finishing Category: Scheduler, Item: SwitchFilter, Filter: H
2026-05-31T00:59:15.9615|INFO|MeridianFlipTrigger.cs|ShouldTrigger|265|Meridian Flip - There is still time remaining - max remaining time 09:31:34.2017223, next instruction time 0, next instruction NINA.Plugin.TargetScheduler.Sequencer.PlanSchedulerProgress - and the telescope reports expected pier side pierEast. Automated Flip is not necessary.
2026-05-31T00:59:15.9615|INFO|SequenceItem.cs|Run|208|Starting NINA.Plugin.TargetScheduler.Sequencer.PlanSchedulerProgress
2026-05-31T00:59:15.9616|INFO|SequenceItem.cs|Run|254|Finishing NINA.Plugin.TargetScheduler.Sequencer.PlanSchedulerProgress
2026-05-31T00:59:15.9619|INFO|MeridianFlipTrigger.cs|ShouldTrigger|265|Meridian Flip - There is still time remaining - max remaining time 09:31:34.2017223, next instruction time 0, next instruction Category: Scheduler, Item: SetReadoutMode, Mode: 0 - and the telescope reports expected pier side pierEast. Automated Flip is not necessary.
2026-05-31T00:59:15.9619|INFO|SequenceItem.cs|Run|208|Starting Category: Scheduler, Item: SetReadoutMode, Mode: 0
2026-05-31T00:59:15.9621|INFO|SequenceItem.cs|Run|254|Finishing Category: Scheduler, Item: SetReadoutMode, Mode: 0
2026-05-31T00:59:15.9622|INFO|MeridianFlipTrigger.cs|ShouldTrigger|265|Meridian Flip - There is still time remaining - max remaining time 09:31:34.2017223, next instruction time 0, next instruction NINA.Plugin.TargetScheduler.Sequencer.PlanSchedulerProgress - and the telescope reports expected pier side pierEast. Automated Flip is not necessary.
2026-05-31T00:59:15.9623|INFO|SequenceItem.cs|Run|208|Starting NINA.Plugin.TargetScheduler.Sequencer.PlanSchedulerProgress
2026-05-31T00:59:15.9626|INFO|SequenceItem.cs|Run|254|Finishing NINA.Plugin.TargetScheduler.Sequencer.PlanSchedulerProgress
2026-05-31T00:59:15.9629|INFO|MeridianFlipTrigger.cs|ShouldTrigger|265|Meridian Flip - There is still time remaining - max remaining time 09:31:34.2017223, next instruction time 600, next instruction Category: Scheduler, Item: TakeExposure, ExposureTime 600, Gain 100, Offset 50, ImageType LIGHT, Binning 1x1 - and the telescope reports expected pier side pierEast. Automated Flip is not necessary.
2026-05-31T00:59:15.9630|INFO|DIYTrigger.cs|ShouldTrigger|109|DIY Trigger Restore Guiding ShouldTrigger returning true
2026-05-31T00:59:15.9630|INFO|SequenceTrigger.cs|Run|114|Starting Category: Powerups (Misc), Item: DIYTrigger
2026-05-31T00:59:15.9657|INFO|DIYTrigger.cs|Execute|95|DIY Trigger executing...
2026-05-31T00:59:15.9659|INFO|SequenceItem.cs|Run|208|Starting Category: * Instruction Set *, Container: NINA.Sequencer.Container.SequentialContainer, Strategy: SequentialStrategy, Items[CREATED]: 1, Triggers: Trigger: RestoreGuiding
2026-05-31T00:59:15.9662|INFO|MeridianFlipTrigger.cs|ShouldTrigger|265|Meridian Flip - There is still time remaining - max remaining time 09:31:34.2017223, next instruction time 0, next instruction Category: Powerups (Expressions), Item: IfFailed - and the telescope reports expected pier side pierEast. Automated Flip is not necessary.
2026-05-31T00:59:15.9663|INFO|SequenceItem.cs|Run|208|Starting Category: Powerups (Expressions), Item: IfFailed
2026-05-31T00:59:15.9663|INFO|SequenceItem.cs|Run|208|Starting Category: Guider, Item: StartGuiding
2026-05-31T00:59:15.9758|INFO|PHD2Guider.cs|StartGuidingPrivate|504|Phd2 - App is already guiding. Skipping start guiding
2026-05-31T00:59:15.9764|INFO|SequenceItem.cs|Run|254|Finishing Category: Guider, Item: StartGuiding
2026-05-31T00:59:15.9765|INFO|SequenceItem.cs|Run|254|Finishing Category: Powerups (Expressions), Item: IfFailed
2026-05-31T00:59:15.9768|INFO|SequenceItem.cs|Run|254|Finishing Category: * Instruction Set *, Container: NINA.Sequencer.Container.SequentialContainer, Strategy: SequentialStrategy, Items[FINISHED]: 1, Triggers: Trigger: RestoreGuiding
2026-05-31T00:59:15.9795|INFO|SequenceItem.cs|Run|208|Starting Category: Scheduler, Item: TakeExposure, ExposureTime 600, Gain 100, Offset 50, ImageType LIGHT, Binning 1x1
2026-05-31T00:59:15.9844|INFO|CameraVM.cs|Capture|742|Starting Exposure - Exposure Time: 600s; Filter: ; Gain: 100; Offset 50; Binning: 1x1;
2026-05-31T00:59:16.4921|INFO|StarfrontClient.cs|SendImageFile|249|[Rockwood] sent 2026-05-31_00-49-09_M 51_LIGHT_H_-5.00C_G100-Exp-600.00s_MAXRMS-D2.15-R1.80_M-84.31_RMS-0.43_HFR-1.78_F-0010.fits (22KB) object=M 51 exptime=600s filter=H
2026-05-31T00:59:19.3735|WARNING|TsPreviewClient.cs|FetchPreviewAsync|161|[Subframes] TsPreviewClient.FetchPreviewAsync failed for profile '533M-AT60' (0173997c-4bfa-48fd-9337-a48b6df99c38): TaskCanceledException: The request was canceled due to the configured HttpClient.Timeout of 5 seconds elapsing.
2026-05-31T00:59:35.5443|INFO|SyncEngine.cs|SyncPendingFramesAsync|142|[Subframes] SyncEngine: synced 1 frames for session 470187b8-716c-4f60-bb85-9fd78307165c (accepted=1)
2026-05-31T01:00:38.5915|INFO|TsProgressReader.cs|ReadProgressDelta|75|[Subframes] TS progress delta: DB not found at C:\Users\nicka\AppData\Local\NINA\SchedulerPlugin — Target Scheduler not installed or DB path mismatch.
2026-05-31T01:05:38.5921|INFO|TsProgressReader.cs|ReadProgressDelta|75|[Subframes] TS progress delta: DB not found at C:\Users\nicka\AppData\Local\NINA\SchedulerPlugin — Target Scheduler not installed or DB path mismatch.
2026-05-31T01:09:17.8709|INFO|SequenceItem.cs|Run|254|Finishing Category: Scheduler, Item: TakeExposure, ExposureTime 600, Gain 100, Offset 50, ImageType LIGHT, Binning 1x1
2026-05-31T01:09:17.8713|INFO|MeridianFlipTrigger.cs|ShouldTrigger|265|Meridian Flip - There is still time remaining - max remaining time 09:21:31.3270516, next instruction time 0, next instruction NINA.Plugin.TargetScheduler.Sequencer.PlanSchedulerProgress - and the telescope reports expected pier side pierEast. Automated Flip is not necessary.
2026-05-31T01:09:17.8714|INFO|SequenceItem.cs|Run|208|Starting NINA.Plugin.TargetScheduler.Sequencer.PlanSchedulerProgress
2026-05-31T01:09:17.8714|INFO|SequenceItem.cs|Run|254|Finishing NINA.Plugin.TargetScheduler.Sequencer.PlanSchedulerProgress
2026-05-31T01:09:19.1528|INFO|HocusFocusStarDetection.cs|Detect|413|Average HFR: 1.8035231340880906, HFR MAD: 0.16026323024520742, Detected Stars 267, Region: 0
2026-05-31T01:09:19.8471|INFO|BaseImageData.cs|SaveToDisk|346|Saved image to C:\ASTROIMAGES\NINA\2026-05-30\M 51\LIGHT\H\2026-05-31_00-59-16_M 51_LIGHT_H_-5.00C_G100-Exp-600.00s_MAXRMS-D1.71-R1.43_M-84.34_RMS-0.41_HFR-1.80_F-0011.fits
2026-05-31T01:09:19.8472|INFO|ImageSaveController.cs|DoWork|97|Successfully saved file at C:\ASTROIMAGES\NINA\2026-05-30\M 51\LIGHT\H\2026-05-31_00-59-16_M 51_LIGHT_H_-5.00C_G100-Exp-600.00s_MAXRMS-D1.71-R1.43_M-84.34_RMS-0.41_HFR-1.80_F-0011.fits. Duration Total: 00:00:01.9753428; BeforeSave: 00:00:00.0000600; BeforeFinalizeImageSaved: 00:00:01.6121212; FinalizeSaveTime: 00:00:00.3631610
2026-05-31T01:09:20.5497|WARNING|SessionMetaDataWatcher.cs|WriteAcquisitionMetaData|73|acquisition file already exists, will not overwrite: C:\ASTROIMAGES\NINA\2026-05-30\M 51\LIGHT\H\metadata\AcquisitionDetails.csv
2026-05-31T01:09:20.5499|WARNING|SessionMetaDataWatcher.cs|WriteAcquisitionMetaData|93|acquisition file already exists, will not overwrite: C:\ASTROIMAGES\NINA\2026-05-30\M 51\LIGHT\H\metadata\AcquisitionDetails.json
2026-05-31T01:09:20.5502|INFO|SessionMetaDataWatcher.cs|WriteImageMetaData|105|Writing CSV image metadata: C:\ASTROIMAGES\NINA\2026-05-30\M 51\LIGHT\H\metadata\ImageMetaData.csv
2026-05-31T01:09:20.5955|INFO|SessionMetaDataWatcher.cs|WriteImageMetaData|122|Writing JSON image metadata: C:\ASTROIMAGES\NINA\2026-05-30\M 51\LIGHT\H\metadata\ImageMetaData.json
2026-05-31T01:09:20.5980|INFO|SessionMetaDataWatcher.cs|WriteWeatherMetaData|169|Writing CSV weather metadata: C:\ASTROIMAGES\NINA\2026-05-30\M 51\LIGHT\H\metadata\WeatherData.csv
2026-05-31T01:09:20.6161|INFO|SessionMetaDataWatcher.cs|WriteWeatherMetaData|186|Writing JSON weather metadata: C:\ASTROIMAGES\NINA\2026-05-30\M 51\LIGHT\H\metadata\WeatherData.json
2026-05-31T01:09:20.6176|INFO|SessionService.cs|OnTargetDetectedAsync|663|[Subframes] Target detected: 'M51' (was 'M51')
2026-05-31T01:09:20.7498|INFO|SubframesClient.cs|StartTargetAsync|316|[Subframes] Target started:  name='M51'
2026-05-31T01:09:20.7499|WARNING|SessionService.cs|StartTargetAsync|559|[Subframes] StartTarget failed — cached locally as cb6fbf0a-9301-441d-a4c9-994e818ba9e9 for replay.
2026-05-31T01:09:21.5206|INFO|MeridianFlipTrigger.cs|ShouldTrigger|265|Meridian Flip - There is still time remaining - max remaining time 09:21:27.3228497, next instruction time 0, next instruction Category: Powerups (Fun-ctions), Item: GSSend - and the telescope reports expected pier side pierEast. Automated Flip is not necessary.
2026-05-31T01:09:21.5207|INFO|SequenceItem.cs|Run|208|Starting Category: Powerups (Fun-ctions), Item: GSSend
2026-05-31T01:09:21.5210|INFO|SendWithGS.cs|ProcessedScript|64|Replacing Image_ExposureTime with 600
2026-05-31T01:09:21.5211|INFO|SendWithGS.cs|ProcessedScript|64|Replacing Image_HFR with 1.804
2026-05-31T01:09:21.5212|INFO|SendWithGS.cs|ProcessedScript|64|Replacing Image_FWHM with 7.04
2026-05-31T01:09:21.5213|INFO|SendWithGS.cs|ProcessedScript|64|Replacing Altitude with 56.60760436713211
2026-05-31T01:09:21.5214|INFO|SendWithGS.cs|Execute|95|Sending to Ground Station: Exp: $$FWHEEL_FILTER_NAME$$ on $$TARGET_NAME$$ EXP: 600 HFR: 1.804 FWHM: 7.04  Altitude: 56.60760436713211 
2026-05-31T01:09:21.5231|INFO|SequenceItem.cs|Run|208|Starting Category: Ground Station, Item: Send to Telegram
2026-05-31T01:09:22.1876|INFO|SequenceItem.cs|Run|254|Finishing Category: Ground Station, Item: Send to Telegram
2026-05-31T01:09:22.1889|INFO|SequenceItem.cs|Run|254|Finishing Category: Powerups (Fun-ctions), Item: GSSend
2026-05-31T01:09:22.1894|INFO|MeridianFlipTrigger.cs|ShouldTrigger|265|Meridian Flip - There is still time remaining - max remaining time 09:21:27.3228497, next instruction time 0, next instruction Category: Powerups (Fun-ctions), Item: GSSend - and the telescope reports expected pier side pierEast. Automated Flip is not necessary.
2026-05-31T01:09:22.1894|INFO|SequenceItem.cs|Run|208|Starting Category: Powerups (Fun-ctions), Item: GSSend
2026-05-31T01:09:22.1897|INFO|SendWithGS.cs|ProcessedScript|64|Replacing Image_ExposureTime with 600
2026-05-31T01:09:22.1898|INFO|SendWithGS.cs|ProcessedScript|64|Replacing Image_HFR with 1.804
2026-05-31T01:09:22.1899|INFO|SendWithGS.cs|ProcessedScript|64|Replacing Image_FWHM with 7.04
2026-05-31T01:09:22.1900|INFO|SendWithGS.cs|ProcessedScript|64|Replacing Altitude with 56.60760436713211
2026-05-31T01:09:22.1900|INFO|SendWithGS.cs|Execute|95|Sending to Ground Station: Exp: $$FWHEEL_FILTER_NAME$$ on $$TARGET_NAME$$ EXP: 600 HFR: 1.804 FWHM: 7.04  Altitude: 56.60760436713211 
2026-05-31T01:09:22.1910|INFO|SequenceItem.cs|Run|208|Starting Category: Ground Station, Item: Send to Pushover, Title: IMAGE: $$TARGET_NAME$$
2026-05-31T01:09:22.3773|INFO|SequenceItem.cs|Run|254|Finishing Category: Ground Station, Item: Send to Pushover, Title: IMAGE: $$TARGET_NAME$$
2026-05-31T01:09:22.3784|INFO|SequenceItem.cs|Run|254|Finishing Category: Powerups (Fun-ctions), Item: GSSend
2026-05-31T01:09:22.6665|INFO|Symbol.cs|OnMessageReceived|627|Received message from Target Scheduler re: TargetScheduler-TargetStart
2026-05-31T01:09:22.6665|INFO|Symbol.cs|OnMessageReceived|635|TS_TargetName = M 51
2026-05-31T01:09:22.6665|INFO|Symbol.cs|OnMessageReceived|636|Expires at 05/31/2026 03:45:41 -05:00
2026-05-31T01:09:22.6666|INFO|Symbol.cs|OnMessageReceived|627|Received message from Target Scheduler re: TargetScheduler-TargetStart
2026-05-31T01:09:22.6666|INFO|Symbol.cs|OnMessageReceived|635|TS_TargetName = M 51
2026-05-31T01:09:22.6666|INFO|Symbol.cs|OnMessageReceived|636|Expires at 05/31/2026 03:45:41 -05:00
2026-05-31T01:09:22.6673|INFO|MeridianFlipTrigger.cs|ShouldTrigger|265|Meridian Flip - There is still time remaining - max remaining time 09:21:25.2783312, next instruction time 0, next instruction NINA.Plugin.TargetScheduler.Sequencer.PlanSchedulerProgress - and the telescope reports expected pier side pierEast. Automated Flip is not necessary.
2026-05-31T01:09:22.6674|INFO|SequenceItem.cs|Run|208|Starting NINA.Plugin.TargetScheduler.Sequencer.PlanSchedulerProgress
2026-05-31T01:09:22.6674|INFO|SequenceItem.cs|Run|254|Finishing NINA.Plugin.TargetScheduler.Sequencer.PlanSchedulerProgress
2026-05-31T01:09:22.6675|INFO|MeridianFlipTrigger.cs|ShouldTrigger|265|Meridian Flip - There is still time remaining - max remaining time 09:21:25.2783312, next instruction time 0, next instruction Category: Scheduler, Item: SwitchFilter, Filter: H - and the telescope reports expected pier side pierEast. Automated Flip is not necessary.
2026-05-31T01:09:22.6676|INFO|SequenceItem.cs|Run|208|Starting Category: Scheduler, Item: SwitchFilter, Filter: H
2026-05-31T01:09:22.6685|INFO|SequenceItem.cs|Run|254|Finishing Category: Scheduler, Item: SwitchFilter, Filter: H
2026-05-31T01:09:22.6688|INFO|MeridianFlipTrigger.cs|ShouldTrigger|265|Meridian Flip - There is still time remaining - max remaining time 09:21:25.2783312, next instruction time 0, next instruction NINA.Plugin.TargetScheduler.Sequencer.PlanSchedulerProgress - and the telescope reports expected pier side pierEast. Automated Flip is not necessary.
2026-05-31T01:09:22.6688|INFO|SequenceItem.cs|Run|208|Starting NINA.Plugin.TargetScheduler.Sequencer.PlanSchedulerProgress
2026-05-31T01:09:22.6688|INFO|SequenceItem.cs|Run|254|Finishing NINA.Plugin.TargetScheduler.Sequencer.PlanSchedulerProgress
2026-05-31T01:09:22.6689|INFO|MeridianFlipTrigger.cs|ShouldTrigger|265|Meridian Flip - There is still time remaining - max remaining time 09:21:25.2783312, next instruction time 0, next instruction Category: Scheduler, Item: SetReadoutMode, Mode: 0 - and the telescope reports expected pier side pierEast. Automated Flip is not necessary.
2026-05-31T01:09:22.6690|INFO|SequenceItem.cs|Run|208|Starting Category: Scheduler, Item: SetReadoutMode, Mode: 0
2026-05-31T01:09:22.6691|INFO|SequenceItem.cs|Run|254|Finishing Category: Scheduler, Item: SetReadoutMode, Mode: 0
2026-05-31T01:09:22.6692|INFO|MeridianFlipTrigger.cs|ShouldTrigger|265|Meridian Flip - There is still time remaining - max remaining time 09:21:25.2783312, next instruction time 0, next instruction NINA.Plugin.TargetScheduler.Sequencer.PlanSchedulerProgress - and the telescope reports expected pier side pierEast. Automated Flip is not necessary.
2026-05-31T01:09:22.6692|INFO|SequenceItem.cs|Run|208|Starting NINA.Plugin.TargetScheduler.Sequencer.PlanSchedulerProgress
2026-05-31T01:09:22.7090|INFO|SequenceItem.cs|Run|254|Finishing NINA.Plugin.TargetScheduler.Sequencer.PlanSchedulerProgress
2026-05-31T01:09:22.7096|INFO|MeridianFlipTrigger.cs|ShouldTrigger|265|Meridian Flip - There is still time remaining - max remaining time 09:21:25.2783312, next instruction time 600, next instruction Category: Scheduler, Item: TakeExposure, ExposureTime 600, Gain 100, Offset 50, ImageType LIGHT, Binning 1x1 - and the telescope reports expected pier side pierEast. Automated Flip is not necessary.
2026-05-31T01:09:22.7097|INFO|DIYTrigger.cs|ShouldTrigger|109|DIY Trigger Restore Guiding ShouldTrigger returning true
2026-05-31T01:09:22.7097|INFO|SequenceTrigger.cs|Run|114|Starting Category: Powerups (Misc), Item: DIYTrigger
2026-05-31T01:09:22.7120|INFO|DIYTrigger.cs|Execute|95|DIY Trigger executing...
2026-05-31T01:09:22.7121|INFO|SequenceItem.cs|Run|208|Starting Category: * Instruction Set *, Container: NINA.Sequencer.Container.SequentialContainer, Strategy: SequentialStrategy, Items[CREATED]: 1, Triggers: Trigger: RestoreGuiding
2026-05-31T01:09:22.7305|INFO|MeridianFlipTrigger.cs|ShouldTrigger|265|Meridian Flip - There is still time remaining - max remaining time 09:21:25.2783312, next instruction time 0, next instruction Category: Powerups (Expressions), Item: IfFailed - and the telescope reports expected pier side pierEast. Automated Flip is not necessary.
2026-05-31T01:09:22.7306|INFO|SequenceItem.cs|Run|208|Starting Category: Powerups (Expressions), Item: IfFailed
2026-05-31T01:09:22.7306|INFO|SequenceItem.cs|Run|208|Starting Category: Guider, Item: StartGuiding
2026-05-31T01:09:22.7347|INFO|PHD2Guider.cs|StartGuidingPrivate|504|Phd2 - App is already guiding. Skipping start guiding
2026-05-31T01:09:22.7350|INFO|SequenceItem.cs|Run|254|Finishing Category: Guider, Item: StartGuiding
2026-05-31T01:09:22.7350|INFO|SequenceItem.cs|Run|254|Finishing Category: Powerups (Expressions), Item: IfFailed
2026-05-31T01:09:22.7353|INFO|SequenceItem.cs|Run|254|Finishing Category: * Instruction Set *, Container: NINA.Sequencer.Container.SequentialContainer, Strategy: SequentialStrategy, Items[FINISHED]: 1, Triggers: Trigger: RestoreGuiding
2026-05-31T01:09:22.7375|INFO|SequenceItem.cs|Run|208|Starting Category: Scheduler, Item: TakeExposure, ExposureTime 600, Gain 100, Offset 50, ImageType LIGHT, Binning 1x1
2026-05-31T01:09:22.8142|INFO|CameraVM.cs|Capture|742|Starting Exposure - Exposure Time: 600s; Filter: ; Gain: 100; Offset 50; Binning: 1x1;
2026-05-31T01:09:22.8250|INFO|StarfrontClient.cs|SendImageFile|249|[Rockwood] sent 2026-05-31_00-59-16_M 51_LIGHT_H_-5.00C_G100-Exp-600.00s_MAXRMS-D1.71-R1.43_M-84.34_RMS-0.41_HFR-1.80_F-0011.fits (22KB) object=M 51 exptime=600s filter=H
2026-05-31T01:09:25.7891|WARNING|TsPreviewClient.cs|FetchPreviewAsync|161|[Subframes] TsPreviewClient.FetchPreviewAsync failed for profile '533M-AT60' (0173997c-4bfa-48fd-9337-a48b6df99c38): TaskCanceledException: The request was canceled due to the configured HttpClient.Timeout of 5 seconds elapsing.
2026-05-31T01:09:35.5332|INFO|SyncEngine.cs|SyncPendingFramesAsync|142|[Subframes] SyncEngine: synced 1 frames for session 470187b8-716c-4f60-bb85-9fd78307165c (accepted=1)
2026-05-31T01:10:38.5969|INFO|TsProgressReader.cs|ReadProgressDelta|75|[Subframes] TS progress delta: DB not found at C:\Users\nicka\AppData\Local\NINA\SchedulerPlugin — Target Scheduler not installed or DB path mismatch.
2026-05-31T01:11:35.5024|INFO|FrameCache.cs|PruneSynced|249|[Subframes] Pruned 1 synced frames older than 72h
2026-05-31T01:15:38.5913|INFO|TsProgressReader.cs|ReadProgressDelta|75|[Subframes] TS progress delta: DB not found at C:\Users\nicka\AppData\Local\NINA\SchedulerPlugin — Target Scheduler not installed or DB path mismatch.
2026-05-31T01:19:24.7413|INFO|SequenceItem.cs|Run|254|Finishing Category: Scheduler, Item: TakeExposure, ExposureTime 600, Gain 100, Offset 50, ImageType LIGHT, Binning 1x1
2026-05-31T01:19:24.7417|INFO|MeridianFlipTrigger.cs|ShouldTrigger|265|Meridian Flip - There is still time remaining - max remaining time 09:11:22.8995256, next instruction time 0, next instruction NINA.Plugin.TargetScheduler.Sequencer.PlanSchedulerProgress - and the telescope reports expected pier side pierEast. Automated Flip is not necessary.
2026-05-31T01:19:24.7418|INFO|SequenceItem.cs|Run|208|Starting NINA.Plugin.TargetScheduler.Sequencer.PlanSchedulerProgress
2026-05-31T01:19:24.7418|INFO|SequenceItem.cs|Run|254|Finishing NINA.Plugin.TargetScheduler.Sequencer.PlanSchedulerProgress
2026-05-31T01:19:26.1494|INFO|HocusFocusStarDetection.cs|Detect|413|Average HFR: 1.798413615244244, HFR MAD: 0.15027910534305494, Detected Stars 268, Region: 0
2026-05-31T01:19:26.8467|INFO|BaseImageData.cs|SaveToDisk|346|Saved image to C:\ASTROIMAGES\NINA\2026-05-30\M 51\LIGHT\H\2026-05-31_01-09-22_M 51_LIGHT_H_-5.00C_G100-Exp-600.00s_MAXRMS-D1.54-R1.17_M-84.38_RMS-0.40_HFR-1.80_F-0012.fits
2026-05-31T01:19:26.8468|INFO|ImageSaveController.cs|DoWork|97|Successfully saved file at C:\ASTROIMAGES\NINA\2026-05-30\M 51\LIGHT\H\2026-05-31_01-09-22_M 51_LIGHT_H_-5.00C_G100-Exp-600.00s_MAXRMS-D1.54-R1.17_M-84.38_RMS-0.40_HFR-1.80_F-0012.fits. Duration Total: 00:00:02.1055142; BeforeSave: 00:00:00.0001214; BeforeFinalizeImageSaved: 00:00:01.7470170; FinalizeSaveTime: 00:00:00.3583751
2026-05-31T01:19:27.5289|WARNING|SessionMetaDataWatcher.cs|WriteAcquisitionMetaData|73|acquisition file already exists, will not overwrite: C:\ASTROIMAGES\NINA\2026-05-30\M 51\LIGHT\H\metadata\AcquisitionDetails.csv
2026-05-31T01:19:27.5291|WARNING|SessionMetaDataWatcher.cs|WriteAcquisitionMetaData|93|acquisition file already exists, will not overwrite: C:\ASTROIMAGES\NINA\2026-05-30\M 51\LIGHT\H\metadata\AcquisitionDetails.json
2026-05-31T01:19:27.5294|INFO|SessionMetaDataWatcher.cs|WriteImageMetaData|105|Writing CSV image metadata: C:\ASTROIMAGES\NINA\2026-05-30\M 51\LIGHT\H\metadata\ImageMetaData.csv
2026-05-31T01:19:27.5938|INFO|SessionMetaDataWatcher.cs|WriteImageMetaData|122|Writing JSON image metadata: C:\ASTROIMAGES\NINA\2026-05-30\M 51\LIGHT\H\metadata\ImageMetaData.json
2026-05-31T01:19:27.5966|INFO|SessionMetaDataWatcher.cs|WriteWeatherMetaData|169|Writing CSV weather metadata: C:\ASTROIMAGES\NINA\2026-05-30\M 51\LIGHT\H\metadata\WeatherData.csv
2026-05-31T01:19:27.6153|INFO|SessionMetaDataWatcher.cs|WriteWeatherMetaData|186|Writing JSON weather metadata: C:\ASTROIMAGES\NINA\2026-05-30\M 51\LIGHT\H\metadata\WeatherData.json
2026-05-31T01:19:27.6171|INFO|SessionService.cs|OnTargetDetectedAsync|663|[Subframes] Target detected: 'M51' (was 'M51')
2026-05-31T01:19:27.6736|INFO|SubframesClient.cs|StartTargetAsync|316|[Subframes] Target started:  name='M51'
2026-05-31T01:19:27.6737|WARNING|SessionService.cs|StartTargetAsync|559|[Subframes] StartTarget failed — cached locally as d4dd2b2b-f910-4ea9-83c8-9fff5b512ef6 for replay.
2026-05-31T01:19:28.0947|INFO|MeridianFlipTrigger.cs|ShouldTrigger|265|Meridian Flip - There is still time remaining - max remaining time 09:11:20.9330615, next instruction time 0, next instruction Category: Powerups (Fun-ctions), Item: GSSend - and the telescope reports expected pier side pierEast. Automated Flip is not necessary.
2026-05-31T01:19:28.0948|INFO|SequenceItem.cs|Run|208|Starting Category: Powerups (Fun-ctions), Item: GSSend
2026-05-31T01:19:28.0951|INFO|SendWithGS.cs|ProcessedScript|64|Replacing Image_ExposureTime with 600
2026-05-31T01:19:28.0952|INFO|SendWithGS.cs|ProcessedScript|64|Replacing Image_HFR with 1.798
2026-05-31T01:19:28.0953|INFO|SendWithGS.cs|ProcessedScript|64|Replacing Image_FWHM with 7.05
2026-05-31T01:19:28.0954|INFO|SendWithGS.cs|ProcessedScript|64|Replacing Altitude with 54.926510767524626
2026-05-31T01:19:28.0955|INFO|SendWithGS.cs|Execute|95|Sending to Ground Station: Exp: $$FWHEEL_FILTER_NAME$$ on $$TARGET_NAME$$ EXP: 600 HFR: 1.798 FWHM: 7.05  Altitude: 54.926510767524626 
2026-05-31T01:19:28.0967|INFO|SequenceItem.cs|Run|208|Starting Category: Ground Station, Item: Send to Telegram
2026-05-31T01:19:28.7494|INFO|SequenceItem.cs|Run|254|Finishing Category: Ground Station, Item: Send to Telegram
2026-05-31T01:19:28.7508|INFO|SequenceItem.cs|Run|254|Finishing Category: Powerups (Fun-ctions), Item: GSSend
2026-05-31T01:19:28.7511|INFO|MeridianFlipTrigger.cs|ShouldTrigger|265|Meridian Flip - There is still time remaining - max remaining time 09:11:18.9280567, next instruction time 0, next instruction Category: Powerups (Fun-ctions), Item: GSSend - and the telescope reports expected pier side pierEast. Automated Flip is not necessary.
2026-05-31T01:19:28.7512|INFO|SequenceItem.cs|Run|208|Starting Category: Powerups (Fun-ctions), Item: GSSend
2026-05-31T01:19:28.7515|INFO|SendWithGS.cs|ProcessedScript|64|Replacing Image_ExposureTime with 600
2026-05-31T01:19:28.7516|INFO|SendWithGS.cs|ProcessedScript|64|Replacing Image_HFR with 1.798
2026-05-31T01:19:28.7517|INFO|SendWithGS.cs|ProcessedScript|64|Replacing Image_FWHM with 7.05
2026-05-31T01:19:28.7518|INFO|SendWithGS.cs|ProcessedScript|64|Replacing Altitude with 54.9172539986721
2026-05-31T01:19:28.7518|INFO|SendWithGS.cs|Execute|95|Sending to Ground Station: Exp: $$FWHEEL_FILTER_NAME$$ on $$TARGET_NAME$$ EXP: 600 HFR: 1.798 FWHM: 7.05  Altitude: 54.9172539986721 
2026-05-31T01:19:28.7530|INFO|SequenceItem.cs|Run|208|Starting Category: Ground Station, Item: Send to Pushover, Title: IMAGE: $$TARGET_NAME$$
2026-05-31T01:19:28.9186|INFO|SequenceItem.cs|Run|254|Finishing Category: Ground Station, Item: Send to Pushover, Title: IMAGE: $$TARGET_NAME$$
2026-05-31T01:19:28.9198|INFO|SequenceItem.cs|Run|254|Finishing Category: Powerups (Fun-ctions), Item: GSSend
2026-05-31T01:19:29.1565|INFO|Symbol.cs|OnMessageReceived|627|Received message from Target Scheduler re: TargetScheduler-TargetStart
2026-05-31T01:19:29.1566|INFO|Symbol.cs|OnMessageReceived|635|TS_TargetName = M 51
2026-05-31T01:19:29.1566|INFO|Symbol.cs|OnMessageReceived|636|Expires at 05/31/2026 03:45:41 -05:00
2026-05-31T01:19:29.1566|INFO|Symbol.cs|OnMessageReceived|627|Received message from Target Scheduler re: TargetScheduler-TargetStart
2026-05-31T01:19:29.1566|INFO|Symbol.cs|OnMessageReceived|635|TS_TargetName = M 51
2026-05-31T01:19:29.1567|INFO|Symbol.cs|OnMessageReceived|636|Expires at 05/31/2026 03:45:41 -05:00
2026-05-31T01:19:29.1572|INFO|MeridianFlipTrigger.cs|ShouldTrigger|265|Meridian Flip - There is still time remaining - max remaining time 09:11:18.9280567, next instruction time 0, next instruction NINA.Plugin.TargetScheduler.Sequencer.PlanSchedulerProgress - and the telescope reports expected pier side pierEast. Automated Flip is not necessary.
2026-05-31T01:19:29.1573|INFO|SequenceItem.cs|Run|208|Starting NINA.Plugin.TargetScheduler.Sequencer.PlanSchedulerProgress
2026-05-31T01:19:29.1574|INFO|SequenceItem.cs|Run|254|Finishing NINA.Plugin.TargetScheduler.Sequencer.PlanSchedulerProgress
2026-05-31T01:19:29.1575|INFO|MeridianFlipTrigger.cs|ShouldTrigger|265|Meridian Flip - There is still time remaining - max remaining time 09:11:18.9280567, next instruction time 0, next instruction Category: Scheduler, Item: SwitchFilter, Filter: H - and the telescope reports expected pier side pierEast. Automated Flip is not necessary.
2026-05-31T01:19:29.1576|INFO|SequenceItem.cs|Run|208|Starting Category: Scheduler, Item: SwitchFilter, Filter: H
2026-05-31T01:19:29.1586|INFO|SequenceItem.cs|Run|254|Finishing Category: Scheduler, Item: SwitchFilter, Filter: H
2026-05-31T01:19:29.1588|INFO|MeridianFlipTrigger.cs|ShouldTrigger|265|Meridian Flip - There is still time remaining - max remaining time 09:11:18.9280567, next instruction time 0, next instruction NINA.Plugin.TargetScheduler.Sequencer.PlanSchedulerProgress - and the telescope reports expected pier side pierEast. Automated Flip is not necessary.
2026-05-31T01:19:29.1588|INFO|SequenceItem.cs|Run|208|Starting NINA.Plugin.TargetScheduler.Sequencer.PlanSchedulerProgress
2026-05-31T01:19:29.1589|INFO|SequenceItem.cs|Run|254|Finishing NINA.Plugin.TargetScheduler.Sequencer.PlanSchedulerProgress
2026-05-31T01:19:29.1590|INFO|MeridianFlipTrigger.cs|ShouldTrigger|265|Meridian Flip - There is still time remaining - max remaining time 09:11:18.9280567, next instruction time 0, next instruction Category: Scheduler, Item: SetReadoutMode, Mode: 0 - and the telescope reports expected pier side pierEast. Automated Flip is not necessary.
2026-05-31T01:19:29.1590|INFO|SequenceItem.cs|Run|208|Starting Category: Scheduler, Item: SetReadoutMode, Mode: 0
2026-05-31T01:19:29.1592|INFO|SequenceItem.cs|Run|254|Finishing Category: Scheduler, Item: SetReadoutMode, Mode: 0
2026-05-31T01:19:29.1593|INFO|MeridianFlipTrigger.cs|ShouldTrigger|265|Meridian Flip - There is still time remaining - max remaining time 09:11:18.9280567, next instruction time 0, next instruction NINA.Plugin.TargetScheduler.Sequencer.PlanSchedulerProgress - and the telescope reports expected pier side pierEast. Automated Flip is not necessary.
2026-05-31T01:19:29.1593|INFO|SequenceItem.cs|Run|208|Starting NINA.Plugin.TargetScheduler.Sequencer.PlanSchedulerProgress
2026-05-31T01:19:29.2309|INFO|SequenceItem.cs|Run|254|Finishing NINA.Plugin.TargetScheduler.Sequencer.PlanSchedulerProgress
2026-05-31T01:19:29.2315|INFO|MeridianFlipTrigger.cs|ShouldTrigger|265|Meridian Flip - There is still time remaining - max remaining time 09:11:18.9280567, next instruction time 600, next instruction Category: Scheduler, Item: TakeExposure, ExposureTime 600, Gain 100, Offset 50, ImageType LIGHT, Binning 1x1 - and the telescope reports expected pier side pierEast. Automated Flip is not necessary.
2026-05-31T01:19:29.2315|INFO|DIYTrigger.cs|ShouldTrigger|109|DIY Trigger Restore Guiding ShouldTrigger returning true
2026-05-31T01:19:29.2315|INFO|SequenceTrigger.cs|Run|114|Starting Category: Powerups (Misc), Item: DIYTrigger
2026-05-31T01:19:29.2335|INFO|DIYTrigger.cs|Execute|95|DIY Trigger executing...
2026-05-31T01:19:29.2336|INFO|SequenceItem.cs|Run|208|Starting Category: * Instruction Set *, Container: NINA.Sequencer.Container.SequentialContainer, Strategy: SequentialStrategy, Items[CREATED]: 1, Triggers: Trigger: RestoreGuiding
2026-05-31T01:19:29.2339|INFO|MeridianFlipTrigger.cs|ShouldTrigger|265|Meridian Flip - There is still time remaining - max remaining time 09:11:18.9280567, next instruction time 0, next instruction Category: Powerups (Expressions), Item: IfFailed - and the telescope reports expected pier side pierEast. Automated Flip is not necessary.
2026-05-31T01:19:29.2339|INFO|SequenceItem.cs|Run|208|Starting Category: Powerups (Expressions), Item: IfFailed
2026-05-31T01:19:29.2339|INFO|SequenceItem.cs|Run|208|Starting Category: Guider, Item: StartGuiding
2026-05-31T01:19:29.2375|INFO|PHD2Guider.cs|StartGuidingPrivate|504|Phd2 - App is already guiding. Skipping start guiding
2026-05-31T01:19:29.2377|INFO|SequenceItem.cs|Run|254|Finishing Category: Guider, Item: StartGuiding
2026-05-31T01:19:29.2377|INFO|SequenceItem.cs|Run|254|Finishing Category: Powerups (Expressions), Item: IfFailed
2026-05-31T01:19:29.2379|INFO|SequenceItem.cs|Run|254|Finishing Category: * Instruction Set *, Container: NINA.Sequencer.Container.SequentialContainer, Strategy: SequentialStrategy, Items[FINISHED]: 1, Triggers: Trigger: RestoreGuiding
2026-05-31T01:19:29.2400|INFO|SequenceItem.cs|Run|208|Starting Category: Scheduler, Item: TakeExposure, ExposureTime 600, Gain 100, Offset 50, ImageType LIGHT, Binning 1x1
2026-05-31T01:19:29.2448|INFO|CameraVM.cs|Capture|742|Starting Exposure - Exposure Time: 600s; Filter: ; Gain: 100; Offset 50; Binning: 1x1;
2026-05-31T01:19:29.8256|INFO|StarfrontClient.cs|SendImageFile|249|[Rockwood] sent 2026-05-31_01-09-22_M 51_LIGHT_H_-5.00C_G100-Exp-600.00s_MAXRMS-D1.54-R1.17_M-84.38_RMS-0.40_HFR-1.80_F-0012.fits (23KB) object=M 51 exptime=600s filter=H
2026-05-31T01:19:32.7872|WARNING|TsPreviewClient.cs|FetchPreviewAsync|161|[Subframes] TsPreviewClient.FetchPreviewAsync failed for profile '533M-AT60' (0173997c-4bfa-48fd-9337-a48b6df99c38): TaskCanceledException: The request was canceled due to the configured HttpClient.Timeout of 5 seconds elapsing.
2026-05-31T01:19:35.5342|INFO|SyncEngine.cs|SyncPendingFramesAsync|142|[Subframes] SyncEngine: synced 1 frames for session 470187b8-716c-4f60-bb85-9fd78307165c (accepted=1)
2026-05-31T01:20:38.5921|INFO|TsProgressReader.cs|ReadProgressDelta|75|[Subframes] TS progress delta: DB not found at C:\Users\nicka\AppData\Local\NINA\SchedulerPlugin — Target Scheduler not installed or DB path mismatch.
2026-05-31T01:21:35.5024|INFO|FrameCache.cs|PruneSynced|249|[Subframes] Pruned 1 synced frames older than 72h
2026-05-31T01:25:38.5933|INFO|TsProgressReader.cs|ReadProgressDelta|75|[Subframes] TS progress delta: DB not found at C:\Users\nicka\AppData\Local\NINA\SchedulerPlugin — Target Scheduler not installed or DB path mismatch.
2026-05-31T01:29:31.0591|INFO|SequenceItem.cs|Run|254|Finishing Category: Scheduler, Item: TakeExposure, ExposureTime 600, Gain 100, Offset 50, ImageType LIGHT, Binning 1x1
2026-05-31T01:29:31.0594|INFO|MeridianFlipTrigger.cs|ShouldTrigger|265|Meridian Flip - There is still time remaining - max remaining time 09:01:14.8552742, next instruction time 0, next instruction NINA.Plugin.TargetScheduler.Sequencer.PlanSchedulerProgress - and the telescope reports expected pier side pierEast. Automated Flip is not necessary.
2026-05-31T01:29:31.0595|INFO|SequenceItem.cs|Run|208|Starting NINA.Plugin.TargetScheduler.Sequencer.PlanSchedulerProgress
2026-05-31T01:29:31.0596|INFO|SequenceItem.cs|Run|254|Finishing NINA.Plugin.TargetScheduler.Sequencer.PlanSchedulerProgress
2026-05-31T01:29:32.3770|INFO|HocusFocusStarDetection.cs|Detect|413|Average HFR: 1.8102553670304324, HFR MAD: 0.14706743018748, Detected Stars 255, Region: 0
2026-05-31T01:29:33.0570|INFO|BaseImageData.cs|SaveToDisk|346|Saved image to C:\ASTROIMAGES\NINA\2026-05-30\M 51\LIGHT\H\2026-05-31_01-19-29_M 51_LIGHT_H_-5.00C_G100-Exp-600.00s_MAXRMS-D1.41-R0.89_M-84.41_RMS-0.35_HFR-1.81_F-0013.fits
2026-05-31T01:29:33.0571|INFO|ImageSaveController.cs|DoWork|97|Successfully saved file at C:\ASTROIMAGES\NINA\2026-05-30\M 51\LIGHT\H\2026-05-31_01-19-29_M 51_LIGHT_H_-5.00C_G100-Exp-600.00s_MAXRMS-D1.41-R0.89_M-84.41_RMS-0.35_HFR-1.81_F-0013.fits. Duration Total: 00:00:01.9980525; BeforeSave: 00:00:00.0000948; BeforeFinalizeImageSaved: 00:00:01.6561550; FinalizeSaveTime: 00:00:00.3418019
2026-05-31T01:29:33.6469|WARNING|SessionMetaDataWatcher.cs|WriteAcquisitionMetaData|73|acquisition file already exists, will not overwrite: C:\ASTROIMAGES\NINA\2026-05-30\M 51\LIGHT\H\metadata\AcquisitionDetails.csv
2026-05-31T01:29:33.6471|WARNING|SessionMetaDataWatcher.cs|WriteAcquisitionMetaData|93|acquisition file already exists, will not overwrite: C:\ASTROIMAGES\NINA\2026-05-30\M 51\LIGHT\H\metadata\AcquisitionDetails.json
2026-05-31T01:29:33.6473|INFO|SessionMetaDataWatcher.cs|WriteImageMetaData|105|Writing CSV image metadata: C:\ASTROIMAGES\NINA\2026-05-30\M 51\LIGHT\H\metadata\ImageMetaData.csv
2026-05-31T01:29:33.6894|INFO|SessionMetaDataWatcher.cs|WriteImageMetaData|122|Writing JSON image metadata: C:\ASTROIMAGES\NINA\2026-05-30\M 51\LIGHT\H\metadata\ImageMetaData.json
2026-05-31T01:29:33.6921|INFO|SessionMetaDataWatcher.cs|WriteWeatherMetaData|169|Writing CSV weather metadata: C:\ASTROIMAGES\NINA\2026-05-30\M 51\LIGHT\H\metadata\WeatherData.csv
2026-05-31T01:29:33.7169|INFO|SessionMetaDataWatcher.cs|WriteWeatherMetaData|186|Writing JSON weather metadata: C:\ASTROIMAGES\NINA\2026-05-30\M 51\LIGHT\H\metadata\WeatherData.json
2026-05-31T01:29:33.7191|INFO|SessionService.cs|OnTargetDetectedAsync|663|[Subframes] Target detected: 'M51' (was 'M51')
2026-05-31T01:29:33.7805|INFO|SubframesClient.cs|StartTargetAsync|316|[Subframes] Target started:  name='M51'
2026-05-31T01:29:33.7806|WARNING|SessionService.cs|StartTargetAsync|559|[Subframes] StartTarget failed — cached locally as b8115ff4-5bbc-4d7e-9b1f-dac3b96e9db3 for replay.
2026-05-31T01:29:34.3681|INFO|MeridianFlipTrigger.cs|ShouldTrigger|265|Meridian Flip - There is still time remaining - max remaining time 09:01:10.8780110, next instruction time 0, next instruction Category: Powerups (Fun-ctions), Item: GSSend - and the telescope reports expected pier side pierEast. Automated Flip is not necessary.
2026-05-31T01:29:34.3682|INFO|SequenceItem.cs|Run|208|Starting Category: Powerups (Fun-ctions), Item: GSSend
2026-05-31T01:29:34.3685|INFO|SendWithGS.cs|ProcessedScript|64|Replacing Image_ExposureTime with 600
2026-05-31T01:29:34.3686|INFO|SendWithGS.cs|ProcessedScript|64|Replacing Image_HFR with 1.81
2026-05-31T01:29:34.3687|INFO|SendWithGS.cs|ProcessedScript|64|Replacing Image_FWHM with 7.09
2026-05-31T01:29:34.3688|INFO|SendWithGS.cs|ProcessedScript|64|Replacing Altitude with 53.224400142661075
2026-05-31T01:29:34.3689|INFO|SendWithGS.cs|Execute|95|Sending to Ground Station: Exp: $$FWHEEL_FILTER_NAME$$ on $$TARGET_NAME$$ EXP: 600 HFR: 1.81 FWHM: 7.09  Altitude: 53.224400142661075 
2026-05-31T01:29:34.3702|INFO|SequenceItem.cs|Run|208|Starting Category: Ground Station, Item: Send to Telegram
2026-05-31T01:29:35.1919|INFO|SequenceItem.cs|Run|254|Finishing Category: Ground Station, Item: Send to Telegram
2026-05-31T01:29:35.1932|INFO|SequenceItem.cs|Run|254|Finishing Category: Powerups (Fun-ctions), Item: GSSend
2026-05-31T01:29:35.1935|INFO|MeridianFlipTrigger.cs|ShouldTrigger|265|Meridian Flip - There is still time remaining - max remaining time 09:01:10.8780110, next instruction time 0, next instruction Category: Powerups (Fun-ctions), Item: GSSend - and the telescope reports expected pier side pierEast. Automated Flip is not necessary.
2026-05-31T01:29:35.1936|INFO|SequenceItem.cs|Run|208|Starting Category: Powerups (Fun-ctions), Item: GSSend
2026-05-31T01:29:35.1939|INFO|SendWithGS.cs|ProcessedScript|64|Replacing Image_ExposureTime with 600
2026-05-31T01:29:35.1940|INFO|SendWithGS.cs|ProcessedScript|64|Replacing Image_HFR with 1.81
2026-05-31T01:29:35.1941|INFO|SendWithGS.cs|ProcessedScript|64|Replacing Image_FWHM with 7.09
2026-05-31T01:29:35.1942|INFO|SendWithGS.cs|ProcessedScript|64|Replacing Altitude with 53.224400142661075
2026-05-31T01:29:35.1942|INFO|SendWithGS.cs|Execute|95|Sending to Ground Station: Exp: $$FWHEEL_FILTER_NAME$$ on $$TARGET_NAME$$ EXP: 600 HFR: 1.81 FWHM: 7.09  Altitude: 53.224400142661075 
2026-05-31T01:29:35.1954|INFO|SequenceItem.cs|Run|208|Starting Category: Ground Station, Item: Send to Pushover, Title: IMAGE: $$TARGET_NAME$$
2026-05-31T01:29:35.3667|INFO|SequenceItem.cs|Run|254|Finishing Category: Ground Station, Item: Send to Pushover, Title: IMAGE: $$TARGET_NAME$$
2026-05-31T01:29:35.3681|INFO|SequenceItem.cs|Run|254|Finishing Category: Powerups (Fun-ctions), Item: GSSend
2026-05-31T01:29:35.5793|INFO|SyncEngine.cs|SyncPendingFramesAsync|142|[Subframes] SyncEngine: synced 1 frames for session 470187b8-716c-4f60-bb85-9fd78307165c (accepted=1)
2026-05-31T01:29:35.6306|INFO|Symbol.cs|OnMessageReceived|627|Received message from Target Scheduler re: TargetScheduler-TargetStart
2026-05-31T01:29:35.6307|INFO|Symbol.cs|OnMessageReceived|635|TS_TargetName = M 51
2026-05-31T01:29:35.6307|INFO|Symbol.cs|OnMessageReceived|636|Expires at 05/31/2026 03:45:41 -05:00
2026-05-31T01:29:35.6307|INFO|Symbol.cs|OnMessageReceived|627|Received message from Target Scheduler re: TargetScheduler-TargetStart
2026-05-31T01:29:35.6308|INFO|Symbol.cs|OnMessageReceived|635|TS_TargetName = M 51
2026-05-31T01:29:35.6308|INFO|Symbol.cs|OnMessageReceived|636|Expires at 05/31/2026 03:45:41 -05:00
2026-05-31T01:29:35.6336|INFO|MeridianFlipTrigger.cs|ShouldTrigger|265|Meridian Flip - There is still time remaining - max remaining time 09:01:10.8780110, next instruction time 0, next instruction NINA.Plugin.TargetScheduler.Sequencer.PlanSchedulerProgress - and the telescope reports expected pier side pierEast. Automated Flip is not necessary.
2026-05-31T01:29:35.6337|INFO|SequenceItem.cs|Run|208|Starting NINA.Plugin.TargetScheduler.Sequencer.PlanSchedulerProgress
2026-05-31T01:29:35.6338|INFO|SequenceItem.cs|Run|254|Finishing NINA.Plugin.TargetScheduler.Sequencer.PlanSchedulerProgress
2026-05-31T01:29:35.6340|INFO|MeridianFlipTrigger.cs|ShouldTrigger|265|Meridian Flip - There is still time remaining - max remaining time 09:01:10.8780110, next instruction time 0, next instruction Category: Scheduler, Item: SwitchFilter, Filter: H - and the telescope reports expected pier side pierEast. Automated Flip is not necessary.
2026-05-31T01:29:35.6341|INFO|SequenceItem.cs|Run|208|Starting Category: Scheduler, Item: SwitchFilter, Filter: H
2026-05-31T01:29:35.6470|INFO|SequenceItem.cs|Run|254|Finishing Category: Scheduler, Item: SwitchFilter, Filter: H
2026-05-31T01:29:35.6473|INFO|MeridianFlipTrigger.cs|ShouldTrigger|265|Meridian Flip - There is still time remaining - max remaining time 09:01:10.8780110, next instruction time 0, next instruction NINA.Plugin.TargetScheduler.Sequencer.PlanSchedulerProgress - and the telescope reports expected pier side pierEast. Automated Flip is not necessary.
2026-05-31T01:29:35.6473|INFO|SequenceItem.cs|Run|208|Starting NINA.Plugin.TargetScheduler.Sequencer.PlanSchedulerProgress
2026-05-31T01:29:35.6473|INFO|SequenceItem.cs|Run|254|Finishing NINA.Plugin.TargetScheduler.Sequencer.PlanSchedulerProgress
2026-05-31T01:29:35.6475|INFO|MeridianFlipTrigger.cs|ShouldTrigger|265|Meridian Flip - There is still time remaining - max remaining time 09:01:10.8780110, next instruction time 0, next instruction Category: Scheduler, Item: SetReadoutMode, Mode: 0 - and the telescope reports expected pier side pierEast. Automated Flip is not necessary.
2026-05-31T01:29:35.6475|INFO|SequenceItem.cs|Run|208|Starting Category: Scheduler, Item: SetReadoutMode, Mode: 0
2026-05-31T01:29:35.6476|INFO|SequenceItem.cs|Run|254|Finishing Category: Scheduler, Item: SetReadoutMode, Mode: 0
2026-05-31T01:29:35.6477|INFO|MeridianFlipTrigger.cs|ShouldTrigger|265|Meridian Flip - There is still time remaining - max remaining time 09:01:10.8780110, next instruction time 0, next instruction NINA.Plugin.TargetScheduler.Sequencer.PlanSchedulerProgress - and the telescope reports expected pier side pierEast. Automated Flip is not necessary.
2026-05-31T01:29:35.6478|INFO|SequenceItem.cs|Run|208|Starting NINA.Plugin.TargetScheduler.Sequencer.PlanSchedulerProgress
2026-05-31T01:29:35.7250|INFO|SequenceItem.cs|Run|254|Finishing NINA.Plugin.TargetScheduler.Sequencer.PlanSchedulerProgress
2026-05-31T01:29:35.7254|INFO|MeridianFlipTrigger.cs|ShouldTrigger|265|Meridian Flip - There is still time remaining - max remaining time 09:01:10.8780110, next instruction time 600, next instruction Category: Scheduler, Item: TakeExposure, ExposureTime 600, Gain 100, Offset 50, ImageType LIGHT, Binning 1x1 - and the telescope reports expected pier side pierEast. Automated Flip is not necessary.
2026-05-31T01:29:35.7255|INFO|DIYTrigger.cs|ShouldTrigger|109|DIY Trigger Restore Guiding ShouldTrigger returning true
2026-05-31T01:29:35.7255|INFO|SequenceTrigger.cs|Run|114|Starting Category: Powerups (Misc), Item: DIYTrigger
2026-05-31T01:29:35.7278|INFO|DIYTrigger.cs|Execute|95|DIY Trigger executing...
2026-05-31T01:29:35.7280|INFO|SequenceItem.cs|Run|208|Starting Category: * Instruction Set *, Container: NINA.Sequencer.Container.SequentialContainer, Strategy: SequentialStrategy, Items[CREATED]: 1, Triggers: Trigger: RestoreGuiding
2026-05-31T01:29:35.7283|INFO|MeridianFlipTrigger.cs|ShouldTrigger|265|Meridian Flip - There is still time remaining - max remaining time 09:01:10.8780110, next instruction time 0, next instruction Category: Powerups (Expressions), Item: IfFailed - and the telescope reports expected pier side pierEast. Automated Flip is not necessary.
2026-05-31T01:29:35.7284|INFO|SequenceItem.cs|Run|208|Starting Category: Powerups (Expressions), Item: IfFailed
2026-05-31T01:29:35.7284|INFO|SequenceItem.cs|Run|208|Starting Category: Guider, Item: StartGuiding
2026-05-31T01:29:35.7321|INFO|PHD2Guider.cs|StartGuidingPrivate|504|Phd2 - App is already guiding. Skipping start guiding
2026-05-31T01:29:35.7323|INFO|SequenceItem.cs|Run|254|Finishing Category: Guider, Item: StartGuiding
2026-05-31T01:29:35.7323|INFO|SequenceItem.cs|Run|254|Finishing Category: Powerups (Expressions), Item: IfFailed
2026-05-31T01:29:35.7325|INFO|SequenceItem.cs|Run|254|Finishing Category: * Instruction Set *, Container: NINA.Sequencer.Container.SequentialContainer, Strategy: SequentialStrategy, Items[FINISHED]: 1, Triggers: Trigger: RestoreGuiding
2026-05-31T01:29:35.7346|INFO|SequenceTrigger.cs|Run|114|Starting Trigger: AutofocusAfterTemperatureChangeTrigger, Amount: 1.5°
2026-05-31T01:29:35.7355|INFO|SequenceItem.cs|Run|208|Starting Category: * Instruction Set *, Container: NINA.Sequencer.Container.SequentialContainer, Strategy: SequentialStrategy, Items[CREATED]: 1
2026-05-31T01:29:35.7357|INFO|SequenceItem.cs|Run|208|Starting Category: Focuser, Item: RunAutofocus
2026-05-31T01:29:36.0161|INFO|FocuserMediator.cs|BroadcastAutoFocusRunStarting|92|Autofocus starting notification received
2026-05-31T01:29:36.0327|INFO|StarfrontClient.cs|SendImageFile|249|[Rockwood] sent 2026-05-31_01-19-29_M 51_LIGHT_H_-5.00C_G100-Exp-600.00s_MAXRMS-D1.41-R0.89_M-84.41_RMS-0.35_HFR-1.81_F-0013.fits (23KB) object=M 51 exptime=600s filter=H
2026-05-31T01:29:36.6373|INFO|PHD2Client.cs|ProcessEvent|268|PHD2: ConfigurationChange
2026-05-31T01:29:36.6458|WARNING|PHD2Client.cs|ProcessEvent|252|PHD2: LockPositionLost
2026-05-31T01:29:36.7329|INFO|PHD2Client.cs|QueryExposureTime|1216|PHD2Client: Exposure time from PHD2 API: 2.000 seconds (2000 ms)
2026-05-31T01:29:37.0342|INFO|FilterWheelVM.cs|ChangeFilter|112|Moving to Filter L at Position 0
2026-05-31T01:29:37.2376|INFO|FocuserVM.cs|MoveFocuserInternal|216|Moving Focuser to position 387318
2026-05-31T01:29:38.8797|WARNING|TsPreviewClient.cs|FetchPreviewAsync|161|[Subframes] TsPreviewClient.FetchPreviewAsync failed for profile '533M-AT60' (0173997c-4bfa-48fd-9337-a48b6df99c38): TaskCanceledException: The request was canceled due to the configured HttpClient.Timeout of 5 seconds elapsing.
2026-05-31T01:29:46.7662|INFO|AutoFocusEngine.cs|RunAutoFocus|929|Starting AutoFocus with initial position 387318
2026-05-31T01:29:46.7712|INFO|CameraVM.cs|Capture|742|Starting Exposure - Exposure Time: 3s; Filter: L; Gain: 270; Offset 50; Binning: 1x1;
2026-05-31T01:29:51.3689|INFO|AutoFocusEngine.cs|StartBlindFocusPoints|769|Waiting on initial HFR analysis
2026-05-31T01:29:51.3709|INFO|FocuserVM.cs|MoveFocuserInternal|216|Moving Focuser to position 387454
2026-05-31T01:29:52.6829|INFO|HocusFocusStarDetection.cs|Detect|413|Average HFR: 1.6904938627956048, HFR MAD: 0.16164303437875965, Detected Stars 145, Region: 0
2026-05-31T01:29:56.7732|INFO|CameraVM.cs|Capture|742|Starting Exposure - Exposure Time: 3s; Filter: L; Gain: 270; Offset 50; Binning: 1x1;
2026-05-31T01:30:01.3686|INFO|FocuserVM.cs|MoveFocuserInternal|216|Moving Focuser to position 387420
2026-05-31T01:30:02.7250|INFO|HocusFocusStarDetection.cs|Detect|413|Average HFR: 4.058992790327575, HFR MAD: 1.6616580005609787, Detected Stars 69, Region: 0
2026-05-31T01:30:08.7771|INFO|CameraVM.cs|Capture|742|Starting Exposure - Exposure Time: 3s; Filter: L; Gain: 270; Offset 50; Binning: 1x1;
2026-05-31T01:30:13.3732|INFO|FocuserVM.cs|MoveFocuserInternal|216|Moving Focuser to position 387386
2026-05-31T01:30:14.7031|INFO|HocusFocusStarDetection.cs|Detect|413|Average HFR: 3.091983368311344, HFR MAD: 0.985859854330585, Detected Stars 109, Region: 0
2026-05-31T01:30:20.7668|INFO|CameraVM.cs|Capture|742|Starting Exposure - Exposure Time: 3s; Filter: L; Gain: 270; Offset 50; Binning: 1x1;
2026-05-31T01:30:25.3521|INFO|FocuserVM.cs|MoveFocuserInternal|216|Moving Focuser to position 387352
2026-05-31T01:30:26.6678|INFO|HocusFocusStarDetection.cs|Detect|413|Average HFR: 2.411987683583703, HFR MAD: 0.548638769137432, Detected Stars 142, Region: 0
2026-05-31T01:30:32.7522|INFO|CameraVM.cs|Capture|742|Starting Exposure - Exposure Time: 3s; Filter: L; Gain: 270; Offset 50; Binning: 1x1;
2026-05-31T01:30:37.3508|INFO|AutoFocusEngine.cs|StartBlindFocusPoints|797|Waiting on initial focuser move analyses
2026-05-31T01:30:38.5916|INFO|TsProgressReader.cs|ReadProgressDelta|75|[Subframes] TS progress delta: DB not found at C:\Users\nicka\AppData\Local\NINA\SchedulerPlugin — Target Scheduler not installed or DB path mismatch.
2026-05-31T01:30:38.6759|INFO|HocusFocusStarDetection.cs|Detect|413|Average HFR: 1.8167668873999472, HFR MAD: 0.21477399269383382, Detected Stars 138, Region: 0
2026-05-31T01:30:38.7052|INFO|FocuserVM.cs|MoveFocuserInternal|216|Moving Focuser to position 387318
2026-05-31T01:30:46.7684|INFO|CameraVM.cs|Capture|742|Starting Exposure - Exposure Time: 3s; Filter: L; Gain: 270; Offset 50; Binning: 1x1;
2026-05-31T01:30:51.3688|INFO|AutoFocusEngine.cs|StartBlindFocusPoints|870|Waiting on next left movement analysis
2026-05-31T01:30:52.6861|INFO|HocusFocusStarDetection.cs|Detect|413|Average HFR: 1.7437151570045066, HFR MAD: 0.1298016822334125, Detected Stars 144, Region: 0
2026-05-31T01:30:52.8363|INFO|FocuserVM.cs|MoveFocuserInternal|216|Moving Focuser to position 387284
2026-05-31T01:31:00.7621|INFO|CameraVM.cs|Capture|742|Starting Exposure - Exposure Time: 3s; Filter: L; Gain: 270; Offset 50; Binning: 1x1;
2026-05-31T01:31:05.3445|INFO|AutoFocusEngine.cs|StartBlindFocusPoints|870|Waiting on next left movement analysis
2026-05-31T01:31:06.6658|INFO|HocusFocusStarDetection.cs|Detect|413|Average HFR: 2.2480255892175602, HFR MAD: 0.24277137525205525, Detected Stars 184, Region: 0
2026-05-31T01:31:06.7161|INFO|FocuserVM.cs|MoveFocuserInternal|216|Moving Focuser to position 387250
2026-05-31T01:31:14.7616|INFO|CameraVM.cs|Capture|742|Starting Exposure - Exposure Time: 3s; Filter: L; Gain: 270; Offset 50; Binning: 1x1;
2026-05-31T01:31:19.3526|INFO|AutoFocusEngine.cs|StartBlindFocusPoints|870|Waiting on next left movement analysis
2026-05-31T01:31:20.6722|INFO|HocusFocusStarDetection.cs|Detect|413|Average HFR: 3.3173658768981156, HFR MAD: 0.31574461745681803, Detected Stars 128, Region: 0
2026-05-31T01:31:20.7059|INFO|FocuserVM.cs|MoveFocuserInternal|216|Moving Focuser to position 387216
2026-05-31T01:31:28.7647|INFO|CameraVM.cs|Capture|742|Starting Exposure - Exposure Time: 3s; Filter: L; Gain: 270; Offset 50; Binning: 1x1;
2026-05-31T01:31:33.3674|INFO|AutoFocusEngine.cs|StartBlindFocusPoints|870|Waiting on next left movement analysis
2026-05-31T01:31:34.6812|INFO|HocusFocusStarDetection.cs|Detect|413|Average HFR: 4.934715979762738, HFR MAD: 0.3865894812788402, Detected Stars 85, Region: 0
2026-05-31T01:31:34.7398|INFO|FocuserVM.cs|MoveFocuserInternal|216|Moving Focuser to position 387182
2026-05-31T01:31:35.5045|INFO|FrameCache.cs|PruneSynced|249|[Subframes] Pruned 1 synced frames older than 72h
2026-05-31T01:31:42.7769|INFO|CameraVM.cs|Capture|742|Starting Exposure - Exposure Time: 3s; Filter: L; Gain: 270; Offset 50; Binning: 1x1;
2026-05-31T01:31:47.3649|INFO|AutoFocusEngine.cs|StartBlindFocusPoints|870|Waiting on next left movement analysis
2026-05-31T01:31:48.6680|INFO|HocusFocusStarDetection.cs|Detect|413|Average HFR: 6.487705574284059, HFR MAD: 0.32865023242531166, Detected Stars 49, Region: 0
2026-05-31T01:31:48.6954|INFO|AutoFocusEngine.cs|StartBlindFocusPoints|823|Enough left trend points (4) with an established minimum (387318) to queue remaining right focus points up to 387454
2026-05-31T01:31:48.6955|INFO|AutoFocusEngine.cs|StartBlindFocusPoints|896|Waiting on remaining AutoFocus analysis tasks
2026-05-31T01:31:48.6970|INFO|FocuserVM.cs|MoveFocuserInternal|216|Moving Focuser to position 387321
2026-05-31T01:31:52.7260|INFO|AutoFocusEngine.cs|ValidateCalculatedFocusPosition|1141|Validating HFR at final focus position 387321
2026-05-31T01:31:52.7522|INFO|CameraVM.cs|Capture|742|Starting Exposure - Exposure Time: 3s; Filter: L; Gain: 270; Offset 50; Binning: 1x1;
2026-05-31T01:31:58.6517|INFO|HocusFocusStarDetection.cs|Detect|413|Average HFR: 1.7286665791137676, HFR MAD: 0.15602286810894514, Detected Stars 135, Region: 0
2026-05-31T01:31:58.6521|INFO|HocusFocusVM.cs|AutoFocusEngine_Completed|472|AutoFocus completed with focuser starting at 387318 and ending at 387321
2026-05-31T01:31:58.6539|INFO|FocuserMediator.cs|BroadcastSuccessfulAutoFocusRun|46|Autofocus notification received - Temperature 27.559999465942383
2026-05-31T01:31:58.6633|INFO|SessionEventCollector.cs|SaveEvent|128|NightSummary: Event logged — AutoFocus: AutoFocus completed — Filter: L, Temp: 27.6°C, Position: 387320.65788303595
2026-05-31T01:31:58.6637|INFO|SessionService.cs|UpdateEndAutoFocusRun|1500|[Subframes] UpdateEndAutoFocusRun called: session=470187b8-716c-4f60-bb85-9fd78307165c filter=L position=387320.65788303595 — posting autofocus event
2026-05-31T01:31:58.6650|INFO|FilterWheelVM.cs|ChangeFilter|112|Moving to Filter H at Position 5
2026-05-31T01:31:58.7305|INFO|FocuserVM.cs|MoveFocuserInternal|216|Moving Focuser to position 387343
2026-05-31T01:32:02.7819|INFO|PHD2Guider.cs|TryStartGuideCommand|641|Phd2 - Requesting to start guiding. Recalibrate: False
2026-05-31T01:32:10.0323|INFO|PHD2Client.cs|ProcessEvent|261|PHD2: StartGuiding
2026-05-31T01:32:10.0324|INFO|PHD2Client.cs|StartNewGuidingSession|393|PHD2Client: New guiding session started
2026-05-31T01:32:10.0431|INFO|PHD2Client.cs|QueryExposureTime|1216|PHD2Client: Exposure time from PHD2 API: 2.000 seconds (2000 ms)
2026-05-31T01:32:32.8386|INFO|PHD2Client.cs|HandleSettleDone|343|PHD2Client: SettleDone - Status=0, Success=True, TotalFrames=10, DroppedFrames=0
2026-05-31T01:32:32.8387|WARNING|DitherStatisticsVM.cs|OnPHD2SettleDone|772|⚠️ SettleDone received but no currentDither exists (race condition?)
2026-05-31T01:32:33.5476|INFO|SequenceItem.cs|Run|254|Finishing Category: Focuser, Item: RunAutofocus
2026-05-31T01:32:33.5479|INFO|SequenceItem.cs|Run|254|Finishing Category: * Instruction Set *, Container: NINA.Sequencer.Container.SequentialContainer, Strategy: SequentialStrategy, Items[FINISHED]: 1
2026-05-31T01:32:33.5484|INFO|SequenceItem.cs|Run|208|Starting Category: Scheduler, Item: TakeExposure, ExposureTime 600, Gain 100, Offset 50, ImageType LIGHT, Binning 1x1
2026-05-31T01:32:33.5534|INFO|CameraVM.cs|Capture|742|Starting Exposure - Exposure Time: 600s; Filter: ; Gain: 100; Offset 50; Binning: 1x1;
2026-05-31T01:35:38.5918|INFO|TsProgressReader.cs|ReadProgressDelta|75|[Subframes] TS progress delta: DB not found at C:\Users\nicka\AppData\Local\NINA\SchedulerPlugin — Target Scheduler not installed or DB path mismatch.
2026-05-31T01:40:38.5925|INFO|TsProgressReader.cs|ReadProgressDelta|75|[Subframes] TS progress delta: DB not found at C:\Users\nicka\AppData\Local\NINA\SchedulerPlugin — Target Scheduler not installed or DB path mismatch.
2026-05-31T01:41:35.5029|INFO|FrameCache.cs|PruneSynced|249|[Subframes] Pruned 1 synced frames older than 72h
2026-05-31T01:42:35.4367|INFO|SequenceItem.cs|Run|254|Finishing Category: Scheduler, Item: TakeExposure, ExposureTime 600, Gain 100, Offset 50, ImageType LIGHT, Binning 1x1
2026-05-31T01:42:35.4369|INFO|ImageSolver.cs|Solve|41|Platesolving with parameters: FocalLength: 360 PixelSize: 3.76 SearchRadius: 30 BlindFailoverEnabled: True Regions: 5000 DownSampleFactor: 0 MaxObjects: 500 Reference Coordinates RA: 13:30:08 Dec: 47° 13' 31" Epoch: J2000
2026-05-31T01:42:35.4370|INFO|MeridianFlipTrigger.cs|ShouldTrigger|265|Meridian Flip - There is still time remaining - max remaining time 08:48:10.1095680, next instruction time 0, next instruction NINA.Plugin.TargetScheduler.Sequencer.PlanSchedulerProgress - and the telescope reports expected pier side pierEast. Automated Flip is not necessary.
2026-05-31T01:42:35.4371|INFO|SequenceItem.cs|Run|208|Starting NINA.Plugin.TargetScheduler.Sequencer.PlanSchedulerProgress
2026-05-31T01:42:35.4371|INFO|SequenceItem.cs|Run|254|Finishing NINA.Plugin.TargetScheduler.Sequencer.PlanSchedulerProgress
2026-05-31T01:42:35.7589|INFO|BaseImageData.cs|SaveToDisk|346|Saved image to C:\Users\nicka\AppData\Local\NINA\PlateSolver\04kghkdp.ceg.fits
2026-05-31T01:42:36.7675|INFO|HocusFocusStarDetection.cs|Detect|413|Average HFR: 1.79629790014822, HFR MAD: 0.15040120352846673, Detected Stars 271, Region: 0
2026-05-31T01:42:37.2945|INFO|ImageSolver.cs|Solve|54|Platesolve successful: Coordinates: RA: 13:29:52; Dec: 47° 11' 49"; Epoch: J2000 - Position Angle: 275.62054020913365
2026-05-31T01:42:37.2947|INFO|CenterAfterDriftTrigger.cs|PlatesolvingImageFollower_PropertyChanged|189|Drift: 0.20239495826797793 / 1 arc minutes
2026-05-31T01:42:37.5695|INFO|BaseImageData.cs|SaveToDisk|346|Saved image to C:\ASTROIMAGES\NINA\2026-05-30\M 51\LIGHT\H\2026-05-31_01-32-33_M 51_LIGHT_H_-5.00C_G100-Exp-600.00s_MAXRMS-D1.53-R1.41_M-84.46_RMS-0.50_HFR-1.80_F-0014.fits
2026-05-31T01:42:37.5697|INFO|ImageSaveController.cs|DoWork|97|Successfully saved file at C:\ASTROIMAGES\NINA\2026-05-30\M 51\LIGHT\H\2026-05-31_01-32-33_M 51_LIGHT_H_-5.00C_G100-Exp-600.00s_MAXRMS-D1.53-R1.41_M-84.46_RMS-0.50_HFR-1.80_F-0014.fits. Duration Total: 00:00:02.1329594; BeforeSave: 00:00:00.0001568; BeforeFinalizeImageSaved: 00:00:01.6907208; FinalizeSaveTime: 00:00:00.4420811
2026-05-31T01:42:38.2011|WARNING|SessionMetaDataWatcher.cs|WriteAcquisitionMetaData|73|acquisition file already exists, will not overwrite: C:\ASTROIMAGES\NINA\2026-05-30\M 51\LIGHT\H\metadata\AcquisitionDetails.csv
2026-05-31T01:42:38.2013|WARNING|SessionMetaDataWatcher.cs|WriteAcquisitionMetaData|93|acquisition file already exists, will not overwrite: C:\ASTROIMAGES\NINA\2026-05-30\M 51\LIGHT\H\metadata\AcquisitionDetails.json
2026-05-31T01:42:38.2016|INFO|SessionMetaDataWatcher.cs|WriteImageMetaData|105|Writing CSV image metadata: C:\ASTROIMAGES\NINA\2026-05-30\M 51\LIGHT\H\metadata\ImageMetaData.csv
2026-05-31T01:42:38.2428|INFO|SessionMetaDataWatcher.cs|WriteImageMetaData|122|Writing JSON image metadata: C:\ASTROIMAGES\NINA\2026-05-30\M 51\LIGHT\H\metadata\ImageMetaData.json
2026-05-31T01:42:38.2567|INFO|SessionMetaDataWatcher.cs|WriteWeatherMetaData|169|Writing CSV weather metadata: C:\ASTROIMAGES\NINA\2026-05-30\M 51\LIGHT\H\metadata\WeatherData.csv
2026-05-31T01:42:38.2755|INFO|SessionMetaDataWatcher.cs|WriteWeatherMetaData|186|Writing JSON weather metadata: C:\ASTROIMAGES\NINA\2026-05-30\M 51\LIGHT\H\metadata\WeatherData.json
2026-05-31T01:42:38.2775|INFO|SessionService.cs|OnTargetDetectedAsync|663|[Subframes] Target detected: 'M51' (was 'M51')
2026-05-31T01:42:38.3182|INFO|SubframesClient.cs|StartTargetAsync|316|[Subframes] Target started:  name='M51'
2026-05-31T01:42:38.3184|WARNING|SessionService.cs|StartTargetAsync|559|[Subframes] StartTarget failed — cached locally as b0176a4a-3e78-4d4f-9000-ac16343a7ffc for replay.
2026-05-31T01:42:38.7373|INFO|MeridianFlipTrigger.cs|ShouldTrigger|265|Meridian Flip - There is still time remaining - max remaining time 08:48:05.9711032, next instruction time 0, next instruction Category: Powerups (Fun-ctions), Item: GSSend - and the telescope reports expected pier side pierEast. Automated Flip is not necessary.
2026-05-31T01:42:38.7373|INFO|SequenceItem.cs|Run|208|Starting Category: Powerups (Fun-ctions), Item: GSSend
2026-05-31T01:42:38.7377|INFO|SendWithGS.cs|ProcessedScript|64|Replacing Image_ExposureTime with 600
2026-05-31T01:42:38.7378|INFO|SendWithGS.cs|ProcessedScript|64|Replacing Image_HFR with 1.796
2026-05-31T01:42:38.7379|INFO|SendWithGS.cs|ProcessedScript|64|Replacing Image_FWHM with 7.05
2026-05-31T01:42:38.7380|INFO|SendWithGS.cs|ProcessedScript|64|Replacing Altitude with 51.01580662982143
2026-05-31T01:42:38.7380|INFO|SendWithGS.cs|Execute|95|Sending to Ground Station: Exp: $$FWHEEL_FILTER_NAME$$ on $$TARGET_NAME$$ EXP: 600 HFR: 1.796 FWHM: 7.05  Altitude: 51.01580662982143 
2026-05-31T01:42:38.7392|INFO|SequenceItem.cs|Run|208|Starting Category: Ground Station, Item: Send to Telegram
2026-05-31T01:42:39.4026|INFO|SequenceItem.cs|Run|254|Finishing Category: Ground Station, Item: Send to Telegram
2026-05-31T01:42:39.4042|INFO|SequenceItem.cs|Run|254|Finishing Category: Powerups (Fun-ctions), Item: GSSend
2026-05-31T01:42:39.4045|INFO|MeridianFlipTrigger.cs|ShouldTrigger|265|Meridian Flip - There is still time remaining - max remaining time 08:48:05.9711032, next instruction time 0, next instruction Category: Powerups (Fun-ctions), Item: GSSend - and the telescope reports expected pier side pierEast. Automated Flip is not necessary.
2026-05-31T01:42:39.4046|INFO|SequenceItem.cs|Run|208|Starting Category: Powerups (Fun-ctions), Item: GSSend
2026-05-31T01:42:39.4049|INFO|SendWithGS.cs|ProcessedScript|64|Replacing Image_ExposureTime with 600
2026-05-31T01:42:39.4050|INFO|SendWithGS.cs|ProcessedScript|64|Replacing Image_HFR with 1.796
2026-05-31T01:42:39.4051|INFO|SendWithGS.cs|ProcessedScript|64|Replacing Image_FWHM with 7.05
2026-05-31T01:42:39.4052|INFO|SendWithGS.cs|ProcessedScript|64|Replacing Altitude with 51.01580662982143
2026-05-31T01:42:39.4053|INFO|SendWithGS.cs|Execute|95|Sending to Ground Station: Exp: $$FWHEEL_FILTER_NAME$$ on $$TARGET_NAME$$ EXP: 600 HFR: 1.796 FWHM: 7.05  Altitude: 51.01580662982143 
2026-05-31T01:42:39.4067|INFO|SequenceItem.cs|Run|208|Starting Category: Ground Station, Item: Send to Pushover, Title: IMAGE: $$TARGET_NAME$$
2026-05-31T01:42:39.5976|INFO|SequenceItem.cs|Run|254|Finishing Category: Ground Station, Item: Send to Pushover, Title: IMAGE: $$TARGET_NAME$$
2026-05-31T01:42:39.5992|INFO|SequenceItem.cs|Run|254|Finishing Category: Powerups (Fun-ctions), Item: GSSend
2026-05-31T01:42:39.8394|INFO|Symbol.cs|OnMessageReceived|627|Received message from Target Scheduler re: TargetScheduler-TargetStart
2026-05-31T01:42:39.8395|INFO|Symbol.cs|OnMessageReceived|635|TS_TargetName = M 51
2026-05-31T01:42:39.8395|INFO|Symbol.cs|OnMessageReceived|636|Expires at 05/31/2026 03:45:41 -05:00
2026-05-31T01:42:39.8395|INFO|Symbol.cs|OnMessageReceived|627|Received message from Target Scheduler re: TargetScheduler-TargetStart
2026-05-31T01:42:39.8395|INFO|Symbol.cs|OnMessageReceived|635|TS_TargetName = M 51
2026-05-31T01:42:39.8396|INFO|Symbol.cs|OnMessageReceived|636|Expires at 05/31/2026 03:45:41 -05:00
2026-05-31T01:42:39.8403|INFO|MeridianFlipTrigger.cs|ShouldTrigger|265|Meridian Flip - There is still time remaining - max remaining time 08:48:05.9711032, next instruction time 0, next instruction NINA.Plugin.TargetScheduler.Sequencer.PlanSchedulerProgress - and the telescope reports expected pier side pierEast. Automated Flip is not necessary.
2026-05-31T01:42:39.8404|INFO|SequenceItem.cs|Run|208|Starting NINA.Plugin.TargetScheduler.Sequencer.PlanSchedulerProgress
2026-05-31T01:42:39.8405|INFO|SequenceItem.cs|Run|254|Finishing NINA.Plugin.TargetScheduler.Sequencer.PlanSchedulerProgress
2026-05-31T01:42:39.8406|INFO|MeridianFlipTrigger.cs|ShouldTrigger|265|Meridian Flip - There is still time remaining - max remaining time 08:48:05.9711032, next instruction time 0, next instruction Category: Scheduler, Item: SwitchFilter, Filter: H - and the telescope reports expected pier side pierEast. Automated Flip is not necessary.
2026-05-31T01:42:39.8406|INFO|SequenceItem.cs|Run|208|Starting Category: Scheduler, Item: SwitchFilter, Filter: H
2026-05-31T01:42:39.8424|INFO|SequenceItem.cs|Run|254|Finishing Category: Scheduler, Item: SwitchFilter, Filter: H
2026-05-31T01:42:39.8427|INFO|MeridianFlipTrigger.cs|ShouldTrigger|265|Meridian Flip - There is still time remaining - max remaining time 08:48:05.9711032, next instruction time 0, next instruction NINA.Plugin.TargetScheduler.Sequencer.PlanSchedulerProgress - and the telescope reports expected pier side pierEast. Automated Flip is not necessary.
2026-05-31T01:42:39.8428|INFO|SequenceItem.cs|Run|208|Starting NINA.Plugin.TargetScheduler.Sequencer.PlanSchedulerProgress
2026-05-31T01:42:39.8428|INFO|SequenceItem.cs|Run|254|Finishing NINA.Plugin.TargetScheduler.Sequencer.PlanSchedulerProgress
2026-05-31T01:42:39.8429|INFO|MeridianFlipTrigger.cs|ShouldTrigger|265|Meridian Flip - There is still time remaining - max remaining time 08:48:05.9711032, next instruction time 0, next instruction Category: Scheduler, Item: SetReadoutMode, Mode: 0 - and the telescope reports expected pier side pierEast. Automated Flip is not necessary.
2026-05-31T01:42:39.8429|INFO|SequenceItem.cs|Run|208|Starting Category: Scheduler, Item: SetReadoutMode, Mode: 0
2026-05-31T01:42:39.8431|INFO|SequenceItem.cs|Run|254|Finishing Category: Scheduler, Item: SetReadoutMode, Mode: 0
2026-05-31T01:42:39.8431|INFO|MeridianFlipTrigger.cs|ShouldTrigger|265|Meridian Flip - There is still time remaining - max remaining time 08:48:05.9711032, next instruction time 0, next instruction NINA.Plugin.TargetScheduler.Sequencer.PlanSchedulerProgress - and the telescope reports expected pier side pierEast. Automated Flip is not necessary.
2026-05-31T01:42:39.8432|INFO|SequenceItem.cs|Run|208|Starting NINA.Plugin.TargetScheduler.Sequencer.PlanSchedulerProgress
2026-05-31T01:42:39.8484|INFO|SequenceItem.cs|Run|254|Finishing NINA.Plugin.TargetScheduler.Sequencer.PlanSchedulerProgress
2026-05-31T01:42:39.8488|INFO|MeridianFlipTrigger.cs|ShouldTrigger|265|Meridian Flip - There is still time remaining - max remaining time 08:48:05.9711032, next instruction time 600, next instruction Category: Scheduler, Item: TakeExposure, ExposureTime 600, Gain 100, Offset 50, ImageType LIGHT, Binning 1x1 - and the telescope reports expected pier side pierEast. Automated Flip is not necessary.
2026-05-31T01:42:39.8488|INFO|DIYTrigger.cs|ShouldTrigger|109|DIY Trigger Restore Guiding ShouldTrigger returning true
2026-05-31T01:42:39.8489|INFO|SequenceTrigger.cs|Run|114|Starting Category: Powerups (Misc), Item: DIYTrigger
2026-05-31T01:42:39.8511|INFO|DIYTrigger.cs|Execute|95|DIY Trigger executing...
2026-05-31T01:42:39.8512|INFO|SequenceItem.cs|Run|208|Starting Category: * Instruction Set *, Container: NINA.Sequencer.Container.SequentialContainer, Strategy: SequentialStrategy, Items[CREATED]: 1, Triggers: Trigger: RestoreGuiding
2026-05-31T01:42:39.8684|INFO|MeridianFlipTrigger.cs|ShouldTrigger|265|Meridian Flip - There is still time remaining - max remaining time 08:48:05.9711032, next instruction time 0, next instruction Category: Powerups (Expressions), Item: IfFailed - and the telescope reports expected pier side pierEast. Automated Flip is not necessary.
2026-05-31T01:42:39.8685|INFO|SequenceItem.cs|Run|208|Starting Category: Powerups (Expressions), Item: IfFailed
2026-05-31T01:42:39.8685|INFO|SequenceItem.cs|Run|208|Starting Category: Guider, Item: StartGuiding
2026-05-31T01:42:39.8720|INFO|PHD2Guider.cs|StartGuidingPrivate|504|Phd2 - App is already guiding. Skipping start guiding
2026-05-31T01:42:39.8722|INFO|SequenceItem.cs|Run|254|Finishing Category: Guider, Item: StartGuiding
2026-05-31T01:42:39.8723|INFO|SequenceItem.cs|Run|254|Finishing Category: Powerups (Expressions), Item: IfFailed
2026-05-31T01:42:39.8724|INFO|SequenceItem.cs|Run|254|Finishing Category: * Instruction Set *, Container: NINA.Sequencer.Container.SequentialContainer, Strategy: SequentialStrategy, Items[FINISHED]: 1, Triggers: Trigger: RestoreGuiding
2026-05-31T01:42:39.8749|INFO|SequenceItem.cs|Run|208|Starting Category: Scheduler, Item: TakeExposure, ExposureTime 600, Gain 100, Offset 50, ImageType LIGHT, Binning 1x1
2026-05-31T01:42:39.9000|INFO|CameraVM.cs|Capture|742|Starting Exposure - Exposure Time: 600s; Filter: ; Gain: 100; Offset 50; Binning: 1x1;
2026-05-31T01:42:40.5681|INFO|StarfrontClient.cs|SendImageFile|249|[Rockwood] sent 2026-05-31_01-32-33_M 51_LIGHT_H_-5.00C_G100-Exp-600.00s_MAXRMS-D1.53-R1.41_M-84.46_RMS-0.50_HFR-1.80_F-0014.fits (23KB) object=M 51 exptime=600s filter=H
2026-05-31T01:42:43.4661|WARNING|TsPreviewClient.cs|FetchPreviewAsync|161|[Subframes] TsPreviewClient.FetchPreviewAsync failed for profile '533M-AT60' (0173997c-4bfa-48fd-9337-a48b6df99c38): TaskCanceledException: The request was canceled due to the configured HttpClient.Timeout of 5 seconds elapsing.
2026-05-31T01:43:05.5334|INFO|SyncEngine.cs|SyncPendingFramesAsync|142|[Subframes] SyncEngine: synced 1 frames for session 470187b8-716c-4f60-bb85-9fd78307165c (accepted=1)
2026-05-31T01:45:38.5929|INFO|TsProgressReader.cs|ReadProgressDelta|75|[Subframes] TS progress delta: DB not found at C:\Users\nicka\AppData\Local\NINA\SchedulerPlugin — Target Scheduler not installed or DB path mismatch.
2026-05-31T01:50:38.5924|INFO|TsProgressReader.cs|ReadProgressDelta|75|[Subframes] TS progress delta: DB not found at C:\Users\nicka\AppData\Local\NINA\SchedulerPlugin — Target Scheduler not installed or DB path mismatch.
2026-05-31T01:51:35.5026|INFO|FrameCache.cs|PruneSynced|249|[Subframes] Pruned 1 synced frames older than 72h
2026-05-31T01:52:41.7774|INFO|SequenceItem.cs|Run|254|Finishing Category: Scheduler, Item: TakeExposure, ExposureTime 600, Gain 100, Offset 50, ImageType LIGHT, Binning 1x1
2026-05-31T01:52:41.7778|INFO|MeridianFlipTrigger.cs|ShouldTrigger|265|Meridian Flip - There is still time remaining - max remaining time 08:38:02.0647581, next instruction time 0, next instruction NINA.Plugin.TargetScheduler.Sequencer.PlanSchedulerProgress - and the telescope reports expected pier side pierEast. Automated Flip is not necessary.
2026-05-31T01:52:41.7779|INFO|SequenceItem.cs|Run|208|Starting NINA.Plugin.TargetScheduler.Sequencer.PlanSchedulerProgress
2026-05-31T01:52:41.7779|INFO|SequenceItem.cs|Run|254|Finishing NINA.Plugin.TargetScheduler.Sequencer.PlanSchedulerProgress
2026-05-31T01:52:43.0612|INFO|HocusFocusStarDetection.cs|Detect|413|Average HFR: 1.8088432649775914, HFR MAD: 0.15754828634498053, Detected Stars 255, Region: 0
2026-05-31T01:52:43.7192|INFO|BaseImageData.cs|SaveToDisk|346|Saved image to C:\ASTROIMAGES\NINA\2026-05-30\M 51\LIGHT\H\2026-05-31_01-42-39_M 51_LIGHT_H_-5.00C_G100-Exp-600.00s_MAXRMS-D2.50-R1.65_M-84.49_RMS-0.58_HFR-1.81_F-0015.fits
2026-05-31T01:52:43.7194|INFO|ImageSaveController.cs|DoWork|97|Successfully saved file at C:\ASTROIMAGES\NINA\2026-05-30\M 51\LIGHT\H\2026-05-31_01-42-39_M 51_LIGHT_H_-5.00C_G100-Exp-600.00s_MAXRMS-D2.50-R1.65_M-84.49_RMS-0.58_HFR-1.81_F-0015.fits. Duration Total: 00:00:01.9419486; BeforeSave: 00:00:00.0001237; BeforeFinalizeImageSaved: 00:00:01.6295317; FinalizeSaveTime: 00:00:00.3122923
2026-05-31T01:52:44.3183|WARNING|SessionMetaDataWatcher.cs|WriteAcquisitionMetaData|73|acquisition file already exists, will not overwrite: C:\ASTROIMAGES\NINA\2026-05-30\M 51\LIGHT\H\metadata\AcquisitionDetails.csv
2026-05-31T01:52:44.3185|WARNING|SessionMetaDataWatcher.cs|WriteAcquisitionMetaData|93|acquisition file already exists, will not overwrite: C:\ASTROIMAGES\NINA\2026-05-30\M 51\LIGHT\H\metadata\AcquisitionDetails.json
2026-05-31T01:52:44.3187|INFO|SessionMetaDataWatcher.cs|WriteImageMetaData|105|Writing CSV image metadata: C:\ASTROIMAGES\NINA\2026-05-30\M 51\LIGHT\H\metadata\ImageMetaData.csv
2026-05-31T01:52:44.3577|INFO|SessionMetaDataWatcher.cs|WriteImageMetaData|122|Writing JSON image metadata: C:\ASTROIMAGES\NINA\2026-05-30\M 51\LIGHT\H\metadata\ImageMetaData.json
2026-05-31T01:52:44.3765|INFO|SessionMetaDataWatcher.cs|WriteWeatherMetaData|169|Writing CSV weather metadata: C:\ASTROIMAGES\NINA\2026-05-30\M 51\LIGHT\H\metadata\WeatherData.csv
2026-05-31T01:52:44.3899|INFO|SessionMetaDataWatcher.cs|WriteWeatherMetaData|186|Writing JSON weather metadata: C:\ASTROIMAGES\NINA\2026-05-30\M 51\LIGHT\H\metadata\WeatherData.json
2026-05-31T01:52:44.3916|INFO|SessionService.cs|OnTargetDetectedAsync|663|[Subframes] Target detected: 'M51' (was 'M51')
2026-05-31T01:52:44.4524|INFO|SubframesClient.cs|StartTargetAsync|316|[Subframes] Target started:  name='M51'
2026-05-31T01:52:44.4525|WARNING|SessionService.cs|StartTargetAsync|559|[Subframes] StartTarget failed — cached locally as 776c7956-4f5f-42cf-93f0-064adb25fbde for replay.
2026-05-31T01:52:45.0528|INFO|MeridianFlipTrigger.cs|ShouldTrigger|265|Meridian Flip - There is still time remaining - max remaining time 08:37:58.0728601, next instruction time 0, next instruction Category: Powerups (Fun-ctions), Item: GSSend - and the telescope reports expected pier side pierEast. Automated Flip is not necessary.
2026-05-31T01:52:45.0529|INFO|SequenceItem.cs|Run|208|Starting Category: Powerups (Fun-ctions), Item: GSSend
2026-05-31T01:52:45.0532|INFO|SendWithGS.cs|ProcessedScript|64|Replacing Image_ExposureTime with 600
2026-05-31T01:52:45.0533|INFO|SendWithGS.cs|ProcessedScript|64|Replacing Image_HFR with 1.809
2026-05-31T01:52:45.0534|INFO|SendWithGS.cs|ProcessedScript|64|Replacing Image_FWHM with 6.97
2026-05-31T01:52:45.0535|INFO|SendWithGS.cs|ProcessedScript|64|Replacing Altitude with 49.29240302617258
2026-05-31T01:52:45.0536|INFO|SendWithGS.cs|Execute|95|Sending to Ground Station: Exp: $$FWHEEL_FILTER_NAME$$ on $$TARGET_NAME$$ EXP: 600 HFR: 1.809 FWHM: 6.97  Altitude: 49.29240302617258 
2026-05-31T01:52:45.0549|INFO|SequenceItem.cs|Run|208|Starting Category: Ground Station, Item: Send to Telegram
2026-05-31T01:52:45.7426|INFO|SequenceItem.cs|Run|254|Finishing Category: Ground Station, Item: Send to Telegram
2026-05-31T01:52:45.7439|INFO|SequenceItem.cs|Run|254|Finishing Category: Powerups (Fun-ctions), Item: GSSend
2026-05-31T01:52:45.7443|INFO|MeridianFlipTrigger.cs|ShouldTrigger|265|Meridian Flip - There is still time remaining - max remaining time 08:37:58.0728601, next instruction time 0, next instruction Category: Powerups (Fun-ctions), Item: GSSend - and the telescope reports expected pier side pierEast. Automated Flip is not necessary.
2026-05-31T01:52:45.7444|INFO|SequenceItem.cs|Run|208|Starting Category: Powerups (Fun-ctions), Item: GSSend
2026-05-31T01:52:45.7448|INFO|SendWithGS.cs|ProcessedScript|64|Replacing Image_ExposureTime with 600
2026-05-31T01:52:45.7449|INFO|SendWithGS.cs|ProcessedScript|64|Replacing Image_HFR with 1.809
2026-05-31T01:52:45.7450|INFO|SendWithGS.cs|ProcessedScript|64|Replacing Image_FWHM with 6.97
2026-05-31T01:52:45.7451|INFO|SendWithGS.cs|ProcessedScript|64|Replacing Altitude with 49.29240302617258
2026-05-31T01:52:45.7452|INFO|SendWithGS.cs|Execute|95|Sending to Ground Station: Exp: $$FWHEEL_FILTER_NAME$$ on $$TARGET_NAME$$ EXP: 600 HFR: 1.809 FWHM: 6.97  Altitude: 49.29240302617258 
2026-05-31T01:52:45.7467|INFO|SequenceItem.cs|Run|208|Starting Category: Ground Station, Item: Send to Pushover, Title: IMAGE: $$TARGET_NAME$$
2026-05-31T01:52:45.9744|INFO|SequenceItem.cs|Run|254|Finishing Category: Ground Station, Item: Send to Pushover, Title: IMAGE: $$TARGET_NAME$$
2026-05-31T01:52:45.9760|INFO|SequenceItem.cs|Run|254|Finishing Category: Powerups (Fun-ctions), Item: GSSend
2026-05-31T01:52:46.2528|INFO|Symbol.cs|OnMessageReceived|627|Received message from Target Scheduler re: TargetScheduler-TargetStart
2026-05-31T01:52:46.2529|INFO|Symbol.cs|OnMessageReceived|635|TS_TargetName = M 51
2026-05-31T01:52:46.2529|INFO|Symbol.cs|OnMessageReceived|636|Expires at 05/31/2026 03:45:41 -05:00
2026-05-31T01:52:46.2529|INFO|Symbol.cs|OnMessageReceived|627|Received message from Target Scheduler re: TargetScheduler-TargetStart
2026-05-31T01:52:46.2529|INFO|Symbol.cs|OnMessageReceived|635|TS_TargetName = M 51
2026-05-31T01:52:46.2530|INFO|Symbol.cs|OnMessageReceived|636|Expires at 05/31/2026 03:45:41 -05:00
2026-05-31T01:52:46.2537|INFO|MeridianFlipTrigger.cs|ShouldTrigger|265|Meridian Flip - There is still time remaining - max remaining time 08:37:58.0728601, next instruction time 0, next instruction NINA.Plugin.TargetScheduler.Sequencer.PlanSchedulerProgress - and the telescope reports expected pier side pierEast. Automated Flip is not necessary.
2026-05-31T01:52:46.2537|INFO|SequenceItem.cs|Run|208|Starting NINA.Plugin.TargetScheduler.Sequencer.PlanSchedulerProgress
2026-05-31T01:52:46.2538|INFO|SequenceItem.cs|Run|254|Finishing NINA.Plugin.TargetScheduler.Sequencer.PlanSchedulerProgress
2026-05-31T01:52:46.2545|INFO|MeridianFlipTrigger.cs|ShouldTrigger|265|Meridian Flip - There is still time remaining - max remaining time 08:37:58.0728601, next instruction time 0, next instruction Category: Scheduler, Item: SwitchFilter, Filter: H - and the telescope reports expected pier side pierEast. Automated Flip is not necessary.
2026-05-31T01:52:46.2546|INFO|SequenceItem.cs|Run|208|Starting Category: Scheduler, Item: SwitchFilter, Filter: H
2026-05-31T01:52:46.2561|INFO|SequenceItem.cs|Run|254|Finishing Category: Scheduler, Item: SwitchFilter, Filter: H
2026-05-31T01:52:46.2564|INFO|MeridianFlipTrigger.cs|ShouldTrigger|265|Meridian Flip - There is still time remaining - max remaining time 08:37:58.0728601, next instruction time 0, next instruction NINA.Plugin.TargetScheduler.Sequencer.PlanSchedulerProgress - and the telescope reports expected pier side pierEast. Automated Flip is not necessary.
2026-05-31T01:52:46.2564|INFO|SequenceItem.cs|Run|208|Starting NINA.Plugin.TargetScheduler.Sequencer.PlanSchedulerProgress
2026-05-31T01:52:46.2564|INFO|SequenceItem.cs|Run|254|Finishing NINA.Plugin.TargetScheduler.Sequencer.PlanSchedulerProgress
2026-05-31T01:52:46.2565|INFO|MeridianFlipTrigger.cs|ShouldTrigger|265|Meridian Flip - There is still time remaining - max remaining time 08:37:58.0728601, next instruction time 0, next instruction Category: Scheduler, Item: SetReadoutMode, Mode: 0 - and the telescope reports expected pier side pierEast. Automated Flip is not necessary.
2026-05-31T01:52:46.2566|INFO|SequenceItem.cs|Run|208|Starting Category: Scheduler, Item: SetReadoutMode, Mode: 0
2026-05-31T01:52:46.2567|INFO|SequenceItem.cs|Run|254|Finishing Category: Scheduler, Item: SetReadoutMode, Mode: 0
2026-05-31T01:52:46.2568|INFO|MeridianFlipTrigger.cs|ShouldTrigger|265|Meridian Flip - There is still time remaining - max remaining time 08:37:58.0728601, next instruction time 0, next instruction NINA.Plugin.TargetScheduler.Sequencer.PlanSchedulerProgress - and the telescope reports expected pier side pierEast. Automated Flip is not necessary.
2026-05-31T01:52:46.2569|INFO|SequenceItem.cs|Run|208|Starting NINA.Plugin.TargetScheduler.Sequencer.PlanSchedulerProgress
2026-05-31T01:52:46.3032|INFO|SequenceItem.cs|Run|254|Finishing NINA.Plugin.TargetScheduler.Sequencer.PlanSchedulerProgress
2026-05-31T01:52:46.3036|INFO|MeridianFlipTrigger.cs|ShouldTrigger|265|Meridian Flip - There is still time remaining - max remaining time 08:37:56.3073416, next instruction time 600, next instruction Category: Scheduler, Item: TakeExposure, ExposureTime 600, Gain 100, Offset 50, ImageType LIGHT, Binning 1x1 - and the telescope reports expected pier side pierEast. Automated Flip is not necessary.
2026-05-31T01:52:46.3036|INFO|DIYTrigger.cs|ShouldTrigger|109|DIY Trigger Restore Guiding ShouldTrigger returning true
2026-05-31T01:52:46.3037|INFO|SequenceTrigger.cs|Run|114|Starting Category: Powerups (Misc), Item: DIYTrigger
2026-05-31T01:52:46.3056|INFO|DIYTrigger.cs|Execute|95|DIY Trigger executing...
2026-05-31T01:52:46.3058|INFO|SequenceItem.cs|Run|208|Starting Category: * Instruction Set *, Container: NINA.Sequencer.Container.SequentialContainer, Strategy: SequentialStrategy, Items[CREATED]: 1, Triggers: Trigger: RestoreGuiding
2026-05-31T01:52:46.3061|INFO|MeridianFlipTrigger.cs|ShouldTrigger|265|Meridian Flip - There is still time remaining - max remaining time 08:37:56.3073416, next instruction time 0, next instruction Category: Powerups (Expressions), Item: IfFailed - and the telescope reports expected pier side pierEast. Automated Flip is not necessary.
2026-05-31T01:52:46.3061|INFO|SequenceItem.cs|Run|208|Starting Category: Powerups (Expressions), Item: IfFailed
2026-05-31T01:52:46.3062|INFO|SequenceItem.cs|Run|208|Starting Category: Guider, Item: StartGuiding
2026-05-31T01:52:46.3157|INFO|PHD2Guider.cs|StartGuidingPrivate|504|Phd2 - App is already guiding. Skipping start guiding
2026-05-31T01:52:46.3159|INFO|SequenceItem.cs|Run|254|Finishing Category: Guider, Item: StartGuiding
2026-05-31T01:52:46.3160|INFO|SequenceItem.cs|Run|254|Finishing Category: Powerups (Expressions), Item: IfFailed
2026-05-31T01:52:46.3161|INFO|SequenceItem.cs|Run|254|Finishing Category: * Instruction Set *, Container: NINA.Sequencer.Container.SequentialContainer, Strategy: SequentialStrategy, Items[FINISHED]: 1, Triggers: Trigger: RestoreGuiding
2026-05-31T01:52:46.3184|INFO|SequenceItem.cs|Run|208|Starting Category: Scheduler, Item: TakeExposure, ExposureTime 600, Gain 100, Offset 50, ImageType LIGHT, Binning 1x1
2026-05-31T01:52:46.3233|INFO|CameraVM.cs|Capture|742|Starting Exposure - Exposure Time: 600s; Filter: ; Gain: 100; Offset 50; Binning: 1x1;
2026-05-31T01:52:46.7547|INFO|StarfrontClient.cs|SendImageFile|249|[Rockwood] sent 2026-05-31_01-42-39_M 51_LIGHT_H_-5.00C_G100-Exp-600.00s_MAXRMS-D2.50-R1.65_M-84.49_RMS-0.58_HFR-1.81_F-0015.fits (23KB) object=M 51 exptime=600s filter=H
2026-05-31T01:52:49.5917|WARNING|TsPreviewClient.cs|FetchPreviewAsync|161|[Subframes] TsPreviewClient.FetchPreviewAsync failed for profile '533M-AT60' (0173997c-4bfa-48fd-9337-a48b6df99c38): TaskCanceledException: The request was canceled due to the configured HttpClient.Timeout of 5 seconds elapsing.
2026-05-31T01:53:05.5337|INFO|SyncEngine.cs|SyncPendingFramesAsync|142|[Subframes] SyncEngine: synced 1 frames for session 470187b8-716c-4f60-bb85-9fd78307165c (accepted=1)
2026-05-31T01:55:38.5925|INFO|TsProgressReader.cs|ReadProgressDelta|75|[Subframes] TS progress delta: DB not found at C:\Users\nicka\AppData\Local\NINA\SchedulerPlugin — Target Scheduler not installed or DB path mismatch.
2026-05-31T02:00:38.6002|INFO|TsProgressReader.cs|ReadProgressDelta|75|[Subframes] TS progress delta: DB not found at C:\Users\nicka\AppData\Local\NINA\SchedulerPlugin — Target Scheduler not installed or DB path mismatch.
2026-05-31T02:02:05.5033|INFO|FrameCache.cs|PruneSynced|249|[Subframes] Pruned 1 synced frames older than 72h
2026-05-31T02:02:48.1312|INFO|SequenceItem.cs|Run|254|Finishing Category: Scheduler, Item: TakeExposure, ExposureTime 600, Gain 100, Offset 50, ImageType LIGHT, Binning 1x1
2026-05-31T02:02:48.1318|INFO|MeridianFlipTrigger.cs|ShouldTrigger|265|Meridian Flip - There is still time remaining - max remaining time 08:27:54.0357424, next instruction time 0, next instruction NINA.Plugin.TargetScheduler.Sequencer.PlanSchedulerProgress - and the telescope reports expected pier side pierEast. Automated Flip is not necessary.
2026-05-31T02:02:48.1320|INFO|SequenceItem.cs|Run|208|Starting NINA.Plugin.TargetScheduler.Sequencer.PlanSchedulerProgress
2026-05-31T02:02:48.1320|INFO|SequenceItem.cs|Run|254|Finishing NINA.Plugin.TargetScheduler.Sequencer.PlanSchedulerProgress
2026-05-31T02:02:49.4617|INFO|HocusFocusStarDetection.cs|Detect|413|Average HFR: 1.8033810026982193, HFR MAD: 0.16573176514115476, Detected Stars 261, Region: 0
2026-05-31T02:02:50.1853|INFO|BaseImageData.cs|SaveToDisk|346|Saved image to C:\ASTROIMAGES\NINA\2026-05-30\M 51\LIGHT\H\2026-05-31_01-52-46_M 51_LIGHT_H_-5.00C_G100-Exp-600.00s_MAXRMS-D2.10-R1.31_M-84.52_RMS-0.53_HFR-1.80_F-0016.fits
2026-05-31T02:02:50.1854|INFO|ImageSaveController.cs|DoWork|97|Successfully saved file at C:\ASTROIMAGES\NINA\2026-05-30\M 51\LIGHT\H\2026-05-31_01-52-46_M 51_LIGHT_H_-5.00C_G100-Exp-600.00s_MAXRMS-D2.10-R1.31_M-84.52_RMS-0.53_HFR-1.80_F-0016.fits. Duration Total: 00:00:02.0541955; BeforeSave: 00:00:00.0002417; BeforeFinalizeImageSaved: 00:00:01.6616322; FinalizeSaveTime: 00:00:00.3923209
2026-05-31T02:02:50.8389|WARNING|SessionMetaDataWatcher.cs|WriteAcquisitionMetaData|73|acquisition file already exists, will not overwrite: C:\ASTROIMAGES\NINA\2026-05-30\M 51\LIGHT\H\metadata\AcquisitionDetails.csv
2026-05-31T02:02:50.8390|WARNING|SessionMetaDataWatcher.cs|WriteAcquisitionMetaData|93|acquisition file already exists, will not overwrite: C:\ASTROIMAGES\NINA\2026-05-30\M 51\LIGHT\H\metadata\AcquisitionDetails.json
2026-05-31T02:02:50.8396|INFO|SessionMetaDataWatcher.cs|WriteImageMetaData|105|Writing CSV image metadata: C:\ASTROIMAGES\NINA\2026-05-30\M 51\LIGHT\H\metadata\ImageMetaData.csv
2026-05-31T02:02:50.8850|INFO|SessionMetaDataWatcher.cs|WriteImageMetaData|122|Writing JSON image metadata: C:\ASTROIMAGES\NINA\2026-05-30\M 51\LIGHT\H\metadata\ImageMetaData.json
2026-05-31T02:02:50.8888|INFO|SessionMetaDataWatcher.cs|WriteWeatherMetaData|169|Writing CSV weather metadata: C:\ASTROIMAGES\NINA\2026-05-30\M 51\LIGHT\H\metadata\WeatherData.csv
2026-05-31T02:02:50.9456|INFO|SessionMetaDataWatcher.cs|WriteWeatherMetaData|186|Writing JSON weather metadata: C:\ASTROIMAGES\NINA\2026-05-30\M 51\LIGHT\H\metadata\WeatherData.json
2026-05-31T02:02:50.9473|INFO|SessionService.cs|OnTargetDetectedAsync|663|[Subframes] Target detected: 'M51' (was 'M51')
2026-05-31T02:02:50.9821|INFO|SubframesClient.cs|StartTargetAsync|316|[Subframes] Target started:  name='M51'
2026-05-31T02:02:50.9822|WARNING|SessionService.cs|StartTargetAsync|559|[Subframes] StartTarget failed — cached locally as 18dd50f3-f378-403a-ad6d-129ab8e62d40 for replay.
2026-05-31T02:02:51.4118|INFO|MeridianFlipTrigger.cs|ShouldTrigger|265|Meridian Flip - There is still time remaining - max remaining time 08:27:49.9500679, next instruction time 0, next instruction Category: Powerups (Fun-ctions), Item: GSSend - and the telescope reports expected pier side pierEast. Automated Flip is not necessary.
2026-05-31T02:02:51.4119|INFO|SequenceItem.cs|Run|208|Starting Category: Powerups (Fun-ctions), Item: GSSend
2026-05-31T02:02:51.4123|INFO|SendWithGS.cs|ProcessedScript|64|Replacing Image_ExposureTime with 600
2026-05-31T02:02:51.4125|INFO|SendWithGS.cs|ProcessedScript|64|Replacing Image_HFR with 1.803
2026-05-31T02:02:51.4126|INFO|SendWithGS.cs|ProcessedScript|64|Replacing Image_FWHM with 7.05
2026-05-31T02:02:51.4127|INFO|SendWithGS.cs|ProcessedScript|64|Replacing Altitude with 47.56936060384944
2026-05-31T02:02:51.4127|INFO|SendWithGS.cs|Execute|95|Sending to Ground Station: Exp: $$FWHEEL_FILTER_NAME$$ on $$TARGET_NAME$$ EXP: 600 HFR: 1.803 FWHM: 7.05  Altitude: 47.56936060384944 
2026-05-31T02:02:51.4142|INFO|SequenceItem.cs|Run|208|Starting Category: Ground Station, Item: Send to Telegram
2026-05-31T02:02:52.1020|INFO|SequenceItem.cs|Run|254|Finishing Category: Ground Station, Item: Send to Telegram
2026-05-31T02:02:52.1033|INFO|SequenceItem.cs|Run|254|Finishing Category: Powerups (Fun-ctions), Item: GSSend
2026-05-31T02:02:52.1037|INFO|MeridianFlipTrigger.cs|ShouldTrigger|265|Meridian Flip - There is still time remaining - max remaining time 08:27:49.9500679, next instruction time 0, next instruction Category: Powerups (Fun-ctions), Item: GSSend - and the telescope reports expected pier side pierEast. Automated Flip is not necessary.
2026-05-31T02:02:52.1037|INFO|SequenceItem.cs|Run|208|Starting Category: Powerups (Fun-ctions), Item: GSSend
2026-05-31T02:02:52.1043|INFO|SendWithGS.cs|ProcessedScript|64|Replacing Image_ExposureTime with 600
2026-05-31T02:02:52.1045|INFO|SendWithGS.cs|ProcessedScript|64|Replacing Image_HFR with 1.803
2026-05-31T02:02:52.1046|INFO|SendWithGS.cs|ProcessedScript|64|Replacing Image_FWHM with 7.05
2026-05-31T02:02:52.1047|INFO|SendWithGS.cs|ProcessedScript|64|Replacing Altitude with 47.56936060384944
2026-05-31T02:02:52.1047|INFO|SendWithGS.cs|Execute|95|Sending to Ground Station: Exp: $$FWHEEL_FILTER_NAME$$ on $$TARGET_NAME$$ EXP: 600 HFR: 1.803 FWHM: 7.05  Altitude: 47.56936060384944 
2026-05-31T02:02:52.1060|INFO|SequenceItem.cs|Run|208|Starting Category: Ground Station, Item: Send to Pushover, Title: IMAGE: $$TARGET_NAME$$
2026-05-31T02:02:52.3477|INFO|SequenceItem.cs|Run|254|Finishing Category: Ground Station, Item: Send to Pushover, Title: IMAGE: $$TARGET_NAME$$
2026-05-31T02:02:52.3489|INFO|SequenceItem.cs|Run|254|Finishing Category: Powerups (Fun-ctions), Item: GSSend
2026-05-31T02:02:52.6100|INFO|Symbol.cs|OnMessageReceived|627|Received message from Target Scheduler re: TargetScheduler-TargetStart
2026-05-31T02:02:52.6100|INFO|Symbol.cs|OnMessageReceived|635|TS_TargetName = M 51
2026-05-31T02:02:52.6101|INFO|Symbol.cs|OnMessageReceived|636|Expires at 05/31/2026 03:45:41 -05:00
2026-05-31T02:02:52.6101|INFO|Symbol.cs|OnMessageReceived|627|Received message from Target Scheduler re: TargetScheduler-TargetStart
2026-05-31T02:02:52.6101|INFO|Symbol.cs|OnMessageReceived|635|TS_TargetName = M 51
2026-05-31T02:02:52.6101|INFO|Symbol.cs|OnMessageReceived|636|Expires at 05/31/2026 03:45:41 -05:00
2026-05-31T02:02:52.6159|INFO|MeridianFlipTrigger.cs|ShouldTrigger|265|Meridian Flip - There is still time remaining - max remaining time 08:27:47.8853505, next instruction time 0, next instruction NINA.Plugin.TargetScheduler.Sequencer.PlanSchedulerProgress - and the telescope reports expected pier side pierEast. Automated Flip is not necessary.
2026-05-31T02:02:52.6160|INFO|SequenceItem.cs|Run|208|Starting NINA.Plugin.TargetScheduler.Sequencer.PlanSchedulerProgress
2026-05-31T02:02:52.6161|INFO|SequenceItem.cs|Run|254|Finishing NINA.Plugin.TargetScheduler.Sequencer.PlanSchedulerProgress
2026-05-31T02:02:52.6162|INFO|MeridianFlipTrigger.cs|ShouldTrigger|265|Meridian Flip - There is still time remaining - max remaining time 08:27:47.8853505, next instruction time 0, next instruction Category: Scheduler, Item: SwitchFilter, Filter: H - and the telescope reports expected pier side pierEast. Automated Flip is not necessary.
2026-05-31T02:02:52.6162|INFO|SequenceItem.cs|Run|208|Starting Category: Scheduler, Item: SwitchFilter, Filter: H
2026-05-31T02:02:52.6172|INFO|SequenceItem.cs|Run|254|Finishing Category: Scheduler, Item: SwitchFilter, Filter: H
2026-05-31T02:02:52.6173|INFO|MeridianFlipTrigger.cs|ShouldTrigger|265|Meridian Flip - There is still time remaining - max remaining time 08:27:47.8853505, next instruction time 0, next instruction NINA.Plugin.TargetScheduler.Sequencer.PlanSchedulerProgress - and the telescope reports expected pier side pierEast. Automated Flip is not necessary.
2026-05-31T02:02:52.6174|INFO|SequenceItem.cs|Run|208|Starting NINA.Plugin.TargetScheduler.Sequencer.PlanSchedulerProgress
2026-05-31T02:02:52.6174|INFO|SequenceItem.cs|Run|254|Finishing NINA.Plugin.TargetScheduler.Sequencer.PlanSchedulerProgress
2026-05-31T02:02:52.6175|INFO|MeridianFlipTrigger.cs|ShouldTrigger|265|Meridian Flip - There is still time remaining - max remaining time 08:27:47.8853505, next instruction time 0, next instruction Category: Scheduler, Item: SetReadoutMode, Mode: 0 - and the telescope reports expected pier side pierEast. Automated Flip is not necessary.
2026-05-31T02:02:52.6176|INFO|SequenceItem.cs|Run|208|Starting Category: Scheduler, Item: SetReadoutMode, Mode: 0
2026-05-31T02:02:52.6177|INFO|SequenceItem.cs|Run|254|Finishing Category: Scheduler, Item: SetReadoutMode, Mode: 0
2026-05-31T02:02:52.6178|INFO|MeridianFlipTrigger.cs|ShouldTrigger|265|Meridian Flip - There is still time remaining - max remaining time 08:27:47.8853505, next instruction time 0, next instruction NINA.Plugin.TargetScheduler.Sequencer.PlanSchedulerProgress - and the telescope reports expected pier side pierEast. Automated Flip is not necessary.
2026-05-31T02:02:52.6178|INFO|SequenceItem.cs|Run|208|Starting NINA.Plugin.TargetScheduler.Sequencer.PlanSchedulerProgress
2026-05-31T02:02:52.6725|INFO|SequenceItem.cs|Run|254|Finishing NINA.Plugin.TargetScheduler.Sequencer.PlanSchedulerProgress
2026-05-31T02:02:52.6729|INFO|MeridianFlipTrigger.cs|ShouldTrigger|265|Meridian Flip - There is still time remaining - max remaining time 08:27:47.8853505, next instruction time 600, next instruction Category: Scheduler, Item: TakeExposure, ExposureTime 600, Gain 100, Offset 50, ImageType LIGHT, Binning 1x1 - and the telescope reports expected pier side pierEast. Automated Flip is not necessary.
2026-05-31T02:02:52.6730|INFO|DIYTrigger.cs|ShouldTrigger|109|DIY Trigger Restore Guiding ShouldTrigger returning true
2026-05-31T02:02:52.6730|INFO|SequenceTrigger.cs|Run|114|Starting Category: Powerups (Misc), Item: DIYTrigger
2026-05-31T02:02:52.6749|INFO|DIYTrigger.cs|Execute|95|DIY Trigger executing...
2026-05-31T02:02:52.6751|INFO|SequenceItem.cs|Run|208|Starting Category: * Instruction Set *, Container: NINA.Sequencer.Container.SequentialContainer, Strategy: SequentialStrategy, Items[CREATED]: 1, Triggers: Trigger: RestoreGuiding
2026-05-31T02:02:52.6753|INFO|MeridianFlipTrigger.cs|ShouldTrigger|265|Meridian Flip - There is still time remaining - max remaining time 08:27:47.8853505, next instruction time 0, next instruction Category: Powerups (Expressions), Item: IfFailed - and the telescope reports expected pier side pierEast. Automated Flip is not necessary.
2026-05-31T02:02:52.6754|INFO|SequenceItem.cs|Run|208|Starting Category: Powerups (Expressions), Item: IfFailed
2026-05-31T02:02:52.6754|INFO|SequenceItem.cs|Run|208|Starting Category: Guider, Item: StartGuiding
2026-05-31T02:02:52.6786|INFO|PHD2Guider.cs|StartGuidingPrivate|504|Phd2 - App is already guiding. Skipping start guiding
2026-05-31T02:02:52.6787|INFO|SequenceItem.cs|Run|254|Finishing Category: Guider, Item: StartGuiding
2026-05-31T02:02:52.6788|INFO|SequenceItem.cs|Run|254|Finishing Category: Powerups (Expressions), Item: IfFailed
2026-05-31T02:02:52.6790|INFO|SequenceItem.cs|Run|254|Finishing Category: * Instruction Set *, Container: NINA.Sequencer.Container.SequentialContainer, Strategy: SequentialStrategy, Items[FINISHED]: 1, Triggers: Trigger: RestoreGuiding
2026-05-31T02:02:52.6810|INFO|SequenceItem.cs|Run|208|Starting Category: Scheduler, Item: TakeExposure, ExposureTime 600, Gain 100, Offset 50, ImageType LIGHT, Binning 1x1
2026-05-31T02:02:52.6943|INFO|CameraVM.cs|Capture|742|Starting Exposure - Exposure Time: 600s; Filter: ; Gain: 100; Offset 50; Binning: 1x1;
2026-05-31T02:02:53.2004|INFO|StarfrontClient.cs|SendImageFile|249|[Rockwood] sent 2026-05-31_01-52-46_M 51_LIGHT_H_-5.00C_G100-Exp-600.00s_MAXRMS-D2.10-R1.31_M-84.52_RMS-0.53_HFR-1.80_F-0016.fits (23KB) object=M 51 exptime=600s filter=H
2026-05-31T02:02:56.1199|WARNING|TsPreviewClient.cs|FetchPreviewAsync|161|[Subframes] TsPreviewClient.FetchPreviewAsync failed for profile '533M-AT60' (0173997c-4bfa-48fd-9337-a48b6df99c38): TaskCanceledException: The request was canceled due to the configured HttpClient.Timeout of 5 seconds elapsing.
2026-05-31T02:03:05.5340|INFO|SyncEngine.cs|SyncPendingFramesAsync|142|[Subframes] SyncEngine: synced 1 frames for session 470187b8-716c-4f60-bb85-9fd78307165c (accepted=1)
2026-05-31T02:05:38.5918|INFO|TsProgressReader.cs|ReadProgressDelta|75|[Subframes] TS progress delta: DB not found at C:\Users\nicka\AppData\Local\NINA\SchedulerPlugin — Target Scheduler not installed or DB path mismatch.
2026-05-31T02:10:35.5028|INFO|FrameCache.cs|PruneSynced|249|[Subframes] Pruned 1 synced frames older than 72h
2026-05-31T02:10:38.5926|INFO|TsProgressReader.cs|ReadProgressDelta|75|[Subframes] TS progress delta: DB not found at C:\Users\nicka\AppData\Local\NINA\SchedulerPlugin — Target Scheduler not installed or DB path mismatch.
2026-05-31T02:12:54.5669|INFO|SequenceItem.cs|Run|254|Finishing Category: Scheduler, Item: TakeExposure, ExposureTime 600, Gain 100, Offset 50, ImageType LIGHT, Binning 1x1
2026-05-31T02:12:54.5673|INFO|MeridianFlipTrigger.cs|ShouldTrigger|265|Meridian Flip - There is still time remaining - max remaining time 08:17:44.6904631, next instruction time 0, next instruction NINA.Plugin.TargetScheduler.Sequencer.PlanSchedulerProgress - and the telescope reports expected pier side pierEast. Automated Flip is not necessary.
2026-05-31T02:12:54.5674|INFO|SequenceItem.cs|Run|208|Starting NINA.Plugin.TargetScheduler.Sequencer.PlanSchedulerProgress
2026-05-31T02:12:54.5675|INFO|SequenceItem.cs|Run|254|Finishing NINA.Plugin.TargetScheduler.Sequencer.PlanSchedulerProgress
2026-05-31T02:12:55.8296|INFO|HocusFocusStarDetection.cs|Detect|413|Average HFR: 1.799621424008002, HFR MAD: 0.15738772955339161, Detected Stars 249, Region: 0
2026-05-31T02:12:56.5427|INFO|BaseImageData.cs|SaveToDisk|346|Saved image to C:\ASTROIMAGES\NINA\2026-05-30\M 51\LIGHT\H\2026-05-31_02-02-52_M 51_LIGHT_H_-5.00C_G100-Exp-600.00s_MAXRMS-D2.16-R1.79_M-84.55_RMS-0.48_HFR-1.80_F-0017.fits
2026-05-31T02:12:56.5428|INFO|ImageSaveController.cs|DoWork|97|Successfully saved file at C:\ASTROIMAGES\NINA\2026-05-30\M 51\LIGHT\H\2026-05-31_02-02-52_M 51_LIGHT_H_-5.00C_G100-Exp-600.00s_MAXRMS-D2.16-R1.79_M-84.55_RMS-0.48_HFR-1.80_F-0017.fits. Duration Total: 00:00:01.9749398; BeforeSave: 00:00:00.0000750; BeforeFinalizeImageSaved: 00:00:01.6075821; FinalizeSaveTime: 00:00:00.3672818
2026-05-31T02:12:57.2421|WARNING|SessionMetaDataWatcher.cs|WriteAcquisitionMetaData|73|acquisition file already exists, will not overwrite: C:\ASTROIMAGES\NINA\2026-05-30\M 51\LIGHT\H\metadata\AcquisitionDetails.csv
2026-05-31T02:12:57.2423|WARNING|SessionMetaDataWatcher.cs|WriteAcquisitionMetaData|93|acquisition file already exists, will not overwrite: C:\ASTROIMAGES\NINA\2026-05-30\M 51\LIGHT\H\metadata\AcquisitionDetails.json
2026-05-31T02:12:57.2425|INFO|SessionMetaDataWatcher.cs|WriteImageMetaData|105|Writing CSV image metadata: C:\ASTROIMAGES\NINA\2026-05-30\M 51\LIGHT\H\metadata\ImageMetaData.csv
2026-05-31T02:12:57.2759|INFO|SessionMetaDataWatcher.cs|WriteImageMetaData|122|Writing JSON image metadata: C:\ASTROIMAGES\NINA\2026-05-30\M 51\LIGHT\H\metadata\ImageMetaData.json
2026-05-31T02:12:57.2790|INFO|SessionMetaDataWatcher.cs|WriteWeatherMetaData|169|Writing CSV weather metadata: C:\ASTROIMAGES\NINA\2026-05-30\M 51\LIGHT\H\metadata\WeatherData.csv
2026-05-31T02:12:57.2978|INFO|SessionMetaDataWatcher.cs|WriteWeatherMetaData|186|Writing JSON weather metadata: C:\ASTROIMAGES\NINA\2026-05-30\M 51\LIGHT\H\metadata\WeatherData.json
2026-05-31T02:12:57.2995|INFO|SessionService.cs|OnTargetDetectedAsync|663|[Subframes] Target detected: 'M51' (was 'M51')
2026-05-31T02:12:57.3689|INFO|SubframesClient.cs|StartTargetAsync|316|[Subframes] Target started:  name='M51'
2026-05-31T02:12:57.3690|WARNING|SessionService.cs|StartTargetAsync|559|[Subframes] StartTarget failed — cached locally as 700eba27-d4db-44c0-b14e-2d36c8d2517c for replay.
2026-05-31T02:12:57.9063|INFO|MeridianFlipTrigger.cs|ShouldTrigger|265|Meridian Flip - There is still time remaining - max remaining time 08:17:42.5763072, next instruction time 0, next instruction Category: Powerups (Fun-ctions), Item: GSSend - and the telescope reports expected pier side pierEast. Automated Flip is not necessary.
2026-05-31T02:12:57.9064|INFO|SequenceItem.cs|Run|208|Starting Category: Powerups (Fun-ctions), Item: GSSend
2026-05-31T02:12:57.9067|INFO|SendWithGS.cs|ProcessedScript|64|Replacing Image_ExposureTime with 600
2026-05-31T02:12:57.9069|INFO|SendWithGS.cs|ProcessedScript|64|Replacing Image_HFR with 1.8
2026-05-31T02:12:57.9070|INFO|SendWithGS.cs|ProcessedScript|64|Replacing Image_FWHM with 6.99
2026-05-31T02:12:57.9071|INFO|SendWithGS.cs|ProcessedScript|64|Replacing Altitude with 45.8535885473244
2026-05-31T02:12:57.9071|INFO|SendWithGS.cs|Execute|95|Sending to Ground Station: Exp: $$FWHEEL_FILTER_NAME$$ on $$TARGET_NAME$$ EXP: 600 HFR: 1.8 FWHM: 6.99  Altitude: 45.8535885473244 
2026-05-31T02:12:57.9088|INFO|SequenceItem.cs|Run|208|Starting Category: Ground Station, Item: Send to Telegram
2026-05-31T02:12:58.5915|INFO|SequenceItem.cs|Run|254|Finishing Category: Ground Station, Item: Send to Telegram
2026-05-31T02:12:58.5928|INFO|SequenceItem.cs|Run|254|Finishing Category: Powerups (Fun-ctions), Item: GSSend
2026-05-31T02:12:58.5931|INFO|MeridianFlipTrigger.cs|ShouldTrigger|265|Meridian Flip - There is still time remaining - max remaining time 08:17:40.6118009, next instruction time 0, next instruction Category: Powerups (Fun-ctions), Item: GSSend - and the telescope reports expected pier side pierEast. Automated Flip is not necessary.
2026-05-31T02:12:58.5932|INFO|SequenceItem.cs|Run|208|Starting Category: Powerups (Fun-ctions), Item: GSSend
2026-05-31T02:12:58.5935|INFO|SendWithGS.cs|ProcessedScript|64|Replacing Image_ExposureTime with 600
2026-05-31T02:12:58.5936|INFO|SendWithGS.cs|ProcessedScript|64|Replacing Image_HFR with 1.8
2026-05-31T02:12:58.5937|INFO|SendWithGS.cs|ProcessedScript|64|Replacing Image_FWHM with 6.99
2026-05-31T02:12:58.5938|INFO|SendWithGS.cs|ProcessedScript|64|Replacing Altitude with 45.8535885473244
2026-05-31T02:12:58.5938|INFO|SendWithGS.cs|Execute|95|Sending to Ground Station: Exp: $$FWHEEL_FILTER_NAME$$ on $$TARGET_NAME$$ EXP: 600 HFR: 1.8 FWHM: 6.99  Altitude: 45.8535885473244 
2026-05-31T02:12:58.5949|INFO|SequenceItem.cs|Run|208|Starting Category: Ground Station, Item: Send to Pushover, Title: IMAGE: $$TARGET_NAME$$
2026-05-31T02:12:58.7500|INFO|SequenceItem.cs|Run|254|Finishing Category: Ground Station, Item: Send to Pushover, Title: IMAGE: $$TARGET_NAME$$
2026-05-31T02:12:58.7512|INFO|SequenceItem.cs|Run|254|Finishing Category: Powerups (Fun-ctions), Item: GSSend
2026-05-31T02:12:58.9828|INFO|Symbol.cs|OnMessageReceived|627|Received message from Target Scheduler re: TargetScheduler-TargetStart
2026-05-31T02:12:58.9828|INFO|Symbol.cs|OnMessageReceived|635|TS_TargetName = M 51
2026-05-31T02:12:58.9828|INFO|Symbol.cs|OnMessageReceived|636|Expires at 05/31/2026 03:45:41 -05:00
2026-05-31T02:12:58.9829|INFO|Symbol.cs|OnMessageReceived|627|Received message from Target Scheduler re: TargetScheduler-TargetStart
2026-05-31T02:12:58.9829|INFO|Symbol.cs|OnMessageReceived|635|TS_TargetName = M 51
2026-05-31T02:12:58.9829|INFO|Symbol.cs|OnMessageReceived|636|Expires at 05/31/2026 03:45:41 -05:00
2026-05-31T02:12:58.9980|INFO|MeridianFlipTrigger.cs|ShouldTrigger|265|Meridian Flip - There is still time remaining - max remaining time 08:17:40.6118009, next instruction time 0, next instruction NINA.Plugin.TargetScheduler.Sequencer.PlanSchedulerProgress - and the telescope reports expected pier side pierEast. Automated Flip is not necessary.
2026-05-31T02:12:58.9981|INFO|SequenceItem.cs|Run|208|Starting NINA.Plugin.TargetScheduler.Sequencer.PlanSchedulerProgress
2026-05-31T02:12:58.9982|INFO|SequenceItem.cs|Run|254|Finishing NINA.Plugin.TargetScheduler.Sequencer.PlanSchedulerProgress
2026-05-31T02:12:58.9983|INFO|MeridianFlipTrigger.cs|ShouldTrigger|265|Meridian Flip - There is still time remaining - max remaining time 08:17:40.6118009, next instruction time 0, next instruction Category: Scheduler, Item: SwitchFilter, Filter: H - and the telescope reports expected pier side pierEast. Automated Flip is not necessary.
2026-05-31T02:12:58.9984|INFO|SequenceItem.cs|Run|208|Starting Category: Scheduler, Item: SwitchFilter, Filter: H
2026-05-31T02:12:59.0211|INFO|SequenceItem.cs|Run|254|Finishing Category: Scheduler, Item: SwitchFilter, Filter: H
2026-05-31T02:12:59.0214|INFO|MeridianFlipTrigger.cs|ShouldTrigger|265|Meridian Flip - There is still time remaining - max remaining time 08:17:40.6118009, next instruction time 0, next instruction NINA.Plugin.TargetScheduler.Sequencer.PlanSchedulerProgress - and the telescope reports expected pier side pierEast. Automated Flip is not necessary.
2026-05-31T02:12:59.0214|INFO|SequenceItem.cs|Run|208|Starting NINA.Plugin.TargetScheduler.Sequencer.PlanSchedulerProgress
2026-05-31T02:12:59.0214|INFO|SequenceItem.cs|Run|254|Finishing NINA.Plugin.TargetScheduler.Sequencer.PlanSchedulerProgress
2026-05-31T02:12:59.0216|INFO|MeridianFlipTrigger.cs|ShouldTrigger|265|Meridian Flip - There is still time remaining - max remaining time 08:17:40.6118009, next instruction time 0, next instruction Category: Scheduler, Item: SetReadoutMode, Mode: 0 - and the telescope reports expected pier side pierEast. Automated Flip is not necessary.
2026-05-31T02:12:59.0216|INFO|SequenceItem.cs|Run|208|Starting Category: Scheduler, Item: SetReadoutMode, Mode: 0
2026-05-31T02:12:59.0217|INFO|SequenceItem.cs|Run|254|Finishing Category: Scheduler, Item: SetReadoutMode, Mode: 0
2026-05-31T02:12:59.0220|INFO|MeridianFlipTrigger.cs|ShouldTrigger|265|Meridian Flip - There is still time remaining - max remaining time 08:17:40.6118009, next instruction time 0, next instruction NINA.Plugin.TargetScheduler.Sequencer.PlanSchedulerProgress - and the telescope reports expected pier side pierEast. Automated Flip is not necessary.
2026-05-31T02:12:59.0221|INFO|SequenceItem.cs|Run|208|Starting NINA.Plugin.TargetScheduler.Sequencer.PlanSchedulerProgress
2026-05-31T02:12:59.0552|INFO|SequenceItem.cs|Run|254|Finishing NINA.Plugin.TargetScheduler.Sequencer.PlanSchedulerProgress
2026-05-31T02:12:59.0556|INFO|MeridianFlipTrigger.cs|ShouldTrigger|265|Meridian Flip - There is still time remaining - max remaining time 08:17:40.6118009, next instruction time 600, next instruction Category: Scheduler, Item: TakeExposure, ExposureTime 600, Gain 100, Offset 50, ImageType LIGHT, Binning 1x1 - and the telescope reports expected pier side pierEast. Automated Flip is not necessary.
2026-05-31T02:12:59.0557|INFO|DIYTrigger.cs|ShouldTrigger|109|DIY Trigger Restore Guiding ShouldTrigger returning true
2026-05-31T02:12:59.0557|INFO|SequenceTrigger.cs|Run|114|Starting Category: Powerups (Misc), Item: DIYTrigger
2026-05-31T02:12:59.0579|INFO|DIYTrigger.cs|Execute|95|DIY Trigger executing...
2026-05-31T02:12:59.0581|INFO|SequenceItem.cs|Run|208|Starting Category: * Instruction Set *, Container: NINA.Sequencer.Container.SequentialContainer, Strategy: SequentialStrategy, Items[CREATED]: 1, Triggers: Trigger: RestoreGuiding
2026-05-31T02:12:59.0584|INFO|MeridianFlipTrigger.cs|ShouldTrigger|265|Meridian Flip - There is still time remaining - max remaining time 08:17:40.6118009, next instruction time 0, next instruction Category: Powerups (Expressions), Item: IfFailed - and the telescope reports expected pier side pierEast. Automated Flip is not necessary.
2026-05-31T02:12:59.0584|INFO|SequenceItem.cs|Run|208|Starting Category: Powerups (Expressions), Item: IfFailed
2026-05-31T02:12:59.0584|INFO|SequenceItem.cs|Run|208|Starting Category: Guider, Item: StartGuiding
2026-05-31T02:12:59.0616|INFO|PHD2Guider.cs|StartGuidingPrivate|504|Phd2 - App is already guiding. Skipping start guiding
2026-05-31T02:12:59.0619|INFO|SequenceItem.cs|Run|254|Finishing Category: Guider, Item: StartGuiding
2026-05-31T02:12:59.0620|INFO|SequenceItem.cs|Run|254|Finishing Category: Powerups (Expressions), Item: IfFailed
2026-05-31T02:12:59.0621|INFO|SequenceItem.cs|Run|254|Finishing Category: * Instruction Set *, Container: NINA.Sequencer.Container.SequentialContainer, Strategy: SequentialStrategy, Items[FINISHED]: 1, Triggers: Trigger: RestoreGuiding
2026-05-31T02:12:59.0642|INFO|SequenceItem.cs|Run|208|Starting Category: Scheduler, Item: TakeExposure, ExposureTime 600, Gain 100, Offset 50, ImageType LIGHT, Binning 1x1
2026-05-31T02:12:59.0691|INFO|CameraVM.cs|Capture|742|Starting Exposure - Exposure Time: 600s; Filter: ; Gain: 100; Offset 50; Binning: 1x1;
2026-05-31T02:12:59.4771|INFO|StarfrontClient.cs|SendImageFile|249|[Rockwood] sent 2026-05-31_02-02-52_M 51_LIGHT_H_-5.00C_G100-Exp-600.00s_MAXRMS-D2.16-R1.79_M-84.55_RMS-0.48_HFR-1.80_F-0017.fits (23KB) object=M 51 exptime=600s filter=H
2026-05-31T02:13:02.5591|WARNING|TsPreviewClient.cs|FetchPreviewAsync|161|[Subframes] TsPreviewClient.FetchPreviewAsync failed for profile '533M-AT60' (0173997c-4bfa-48fd-9337-a48b6df99c38): TaskCanceledException: The request was canceled due to the configured HttpClient.Timeout of 5 seconds elapsing.
2026-05-31T02:13:05.5319|INFO|SyncEngine.cs|SyncPendingFramesAsync|142|[Subframes] SyncEngine: synced 1 frames for session 470187b8-716c-4f60-bb85-9fd78307165c (accepted=1)
2026-05-31T02:14:05.5048|INFO|FrameCache.cs|PruneSynced|249|[Subframes] Pruned 1 synced frames older than 72h
2026-05-31T02:15:38.5925|INFO|TsProgressReader.cs|ReadProgressDelta|75|[Subframes] TS progress delta: DB not found at C:\Users\nicka\AppData\Local\NINA\SchedulerPlugin — Target Scheduler not installed or DB path mismatch.
2026-05-31T02:17:05.5039|INFO|FrameCache.cs|PruneSynced|249|[Subframes] Pruned 1 synced frames older than 72h
2026-05-31T02:20:38.5931|INFO|TsProgressReader.cs|ReadProgressDelta|75|[Subframes] TS progress delta: DB not found at C:\Users\nicka\AppData\Local\NINA\SchedulerPlugin — Target Scheduler not installed or DB path mismatch.
2026-05-31T02:22:35.5050|INFO|FrameCache.cs|PruneSynced|249|[Subframes] Pruned 1 synced frames older than 72h
2026-05-31T02:23:00.9277|INFO|SequenceItem.cs|Run|254|Finishing Category: Scheduler, Item: TakeExposure, ExposureTime 600, Gain 100, Offset 50, ImageType LIGHT, Binning 1x1
2026-05-31T02:23:00.9282|INFO|MeridianFlipTrigger.cs|ShouldTrigger|265|Meridian Flip - There is still time remaining - max remaining time 08:07:38.5410182, next instruction time 0, next instruction NINA.Plugin.TargetScheduler.Sequencer.PlanSchedulerProgress - and the telescope reports expected pier side pierEast. Automated Flip is not necessary.
2026-05-31T02:23:00.9283|INFO|SequenceItem.cs|Run|208|Starting NINA.Plugin.TargetScheduler.Sequencer.PlanSchedulerProgress
2026-05-31T02:23:00.9283|INFO|SequenceItem.cs|Run|254|Finishing NINA.Plugin.TargetScheduler.Sequencer.PlanSchedulerProgress
2026-05-31T02:23:02.1506|INFO|HocusFocusStarDetection.cs|Detect|413|Average HFR: 1.8260519558275865, HFR MAD: 0.150800683442417, Detected Stars 250, Region: 0
2026-05-31T02:23:02.8048|INFO|BaseImageData.cs|SaveToDisk|346|Saved image to C:\ASTROIMAGES\NINA\2026-05-30\M 51\LIGHT\H\2026-05-31_02-12-59_M 51_LIGHT_H_-5.00C_G100-Exp-600.00s_MAXRMS-D2.16-R1.51_M-84.58_RMS-0.51_HFR-1.83_F-0018.fits
2026-05-31T02:23:02.8050|INFO|ImageSaveController.cs|DoWork|97|Successfully saved file at C:\ASTROIMAGES\NINA\2026-05-30\M 51\LIGHT\H\2026-05-31_02-12-59_M 51_LIGHT_H_-5.00C_G100-Exp-600.00s_MAXRMS-D2.16-R1.51_M-84.58_RMS-0.51_HFR-1.83_F-0018.fits. Duration Total: 00:00:01.8765185; BeforeSave: 00:00:00.0001751; BeforeFinalizeImageSaved: 00:00:01.5712193; FinalizeSaveTime: 00:00:00.3051233
2026-05-31T02:23:03.4122|WARNING|SessionMetaDataWatcher.cs|WriteAcquisitionMetaData|73|acquisition file already exists, will not overwrite: C:\ASTROIMAGES\NINA\2026-05-30\M 51\LIGHT\H\metadata\AcquisitionDetails.csv
2026-05-31T02:23:03.4124|WARNING|SessionMetaDataWatcher.cs|WriteAcquisitionMetaData|93|acquisition file already exists, will not overwrite: C:\ASTROIMAGES\NINA\2026-05-30\M 51\LIGHT\H\metadata\AcquisitionDetails.json
2026-05-31T02:23:03.4127|INFO|SessionMetaDataWatcher.cs|WriteImageMetaData|105|Writing CSV image metadata: C:\ASTROIMAGES\NINA\2026-05-30\M 51\LIGHT\H\metadata\ImageMetaData.csv
2026-05-31T02:23:03.4414|INFO|SessionMetaDataWatcher.cs|WriteImageMetaData|122|Writing JSON image metadata: C:\ASTROIMAGES\NINA\2026-05-30\M 51\LIGHT\H\metadata\ImageMetaData.json
2026-05-31T02:23:03.4441|INFO|SessionMetaDataWatcher.cs|WriteWeatherMetaData|169|Writing CSV weather metadata: C:\ASTROIMAGES\NINA\2026-05-30\M 51\LIGHT\H\metadata\WeatherData.csv
2026-05-31T02:23:03.4578|INFO|SessionMetaDataWatcher.cs|WriteWeatherMetaData|186|Writing JSON weather metadata: C:\ASTROIMAGES\NINA\2026-05-30\M 51\LIGHT\H\metadata\WeatherData.json
2026-05-31T02:23:03.4595|INFO|SessionService.cs|OnTargetDetectedAsync|663|[Subframes] Target detected: 'M51' (was 'M51')
2026-05-31T02:23:03.4937|INFO|SubframesClient.cs|StartTargetAsync|316|[Subframes] Target started:  name='M51'
2026-05-31T02:23:03.4938|WARNING|SessionService.cs|StartTargetAsync|559|[Subframes] StartTarget failed — cached locally as 70940e8f-bb96-4f28-8550-23f41df6d87a for replay.
2026-05-31T02:23:04.2090|INFO|MeridianFlipTrigger.cs|ShouldTrigger|265|Meridian Flip - There is still time remaining - max remaining time 08:07:34.3599785, next instruction time 0, next instruction Category: Powerups (Fun-ctions), Item: GSSend - and the telescope reports expected pier side pierEast. Automated Flip is not necessary.
2026-05-31T02:23:04.2090|INFO|SequenceItem.cs|Run|208|Starting Category: Powerups (Fun-ctions), Item: GSSend
2026-05-31T02:23:04.2093|INFO|SendWithGS.cs|ProcessedScript|64|Replacing Image_ExposureTime with 600
2026-05-31T02:23:04.2094|INFO|SendWithGS.cs|ProcessedScript|64|Replacing Image_HFR with 1.826
2026-05-31T02:23:04.2095|INFO|SendWithGS.cs|ProcessedScript|64|Replacing Image_FWHM with 7.05
2026-05-31T02:23:04.2096|INFO|SendWithGS.cs|ProcessedScript|64|Replacing Altitude with 44.13442818980467
2026-05-31T02:23:04.2097|INFO|SendWithGS.cs|Execute|95|Sending to Ground Station: Exp: $$FWHEEL_FILTER_NAME$$ on $$TARGET_NAME$$ EXP: 600 HFR: 1.826 FWHM: 7.05  Altitude: 44.13442818980467 
2026-05-31T02:23:04.2110|INFO|SequenceItem.cs|Run|208|Starting Category: Ground Station, Item: Send to Telegram
2026-05-31T02:23:04.9213|INFO|SequenceItem.cs|Run|254|Finishing Category: Ground Station, Item: Send to Telegram
2026-05-31T02:23:04.9226|INFO|SequenceItem.cs|Run|254|Finishing Category: Powerups (Fun-ctions), Item: GSSend
2026-05-31T02:23:04.9229|INFO|MeridianFlipTrigger.cs|ShouldTrigger|265|Meridian Flip - There is still time remaining - max remaining time 08:07:34.3599785, next instruction time 0, next instruction Category: Powerups (Fun-ctions), Item: GSSend - and the telescope reports expected pier side pierEast. Automated Flip is not necessary.
2026-05-31T02:23:04.9229|INFO|SequenceItem.cs|Run|208|Starting Category: Powerups (Fun-ctions), Item: GSSend
2026-05-31T02:23:04.9231|INFO|SendWithGS.cs|ProcessedScript|64|Replacing Image_ExposureTime with 600
2026-05-31T02:23:04.9233|INFO|SendWithGS.cs|ProcessedScript|64|Replacing Image_HFR with 1.826
2026-05-31T02:23:04.9233|INFO|SendWithGS.cs|ProcessedScript|64|Replacing Image_FWHM with 7.05
2026-05-31T02:23:04.9234|INFO|SendWithGS.cs|ProcessedScript|64|Replacing Altitude with 44.13442818980467
2026-05-31T02:23:04.9235|INFO|SendWithGS.cs|Execute|95|Sending to Ground Station: Exp: $$FWHEEL_FILTER_NAME$$ on $$TARGET_NAME$$ EXP: 600 HFR: 1.826 FWHM: 7.05  Altitude: 44.13442818980467 
2026-05-31T02:23:04.9245|INFO|SequenceItem.cs|Run|208|Starting Category: Ground Station, Item: Send to Pushover, Title: IMAGE: $$TARGET_NAME$$
2026-05-31T02:23:05.1004|INFO|SequenceItem.cs|Run|254|Finishing Category: Ground Station, Item: Send to Pushover, Title: IMAGE: $$TARGET_NAME$$
2026-05-31T02:23:05.1015|INFO|SequenceItem.cs|Run|254|Finishing Category: Powerups (Fun-ctions), Item: GSSend
2026-05-31T02:23:05.2987|INFO|Symbol.cs|OnMessageReceived|627|Received message from Target Scheduler re: TargetScheduler-TargetStart
2026-05-31T02:23:05.2987|INFO|Symbol.cs|OnMessageReceived|635|TS_TargetName = M 51
2026-05-31T02:23:05.2988|INFO|Symbol.cs|OnMessageReceived|636|Expires at 05/31/2026 03:45:41 -05:00
2026-05-31T02:23:05.2988|INFO|Symbol.cs|OnMessageReceived|627|Received message from Target Scheduler re: TargetScheduler-TargetStart
2026-05-31T02:23:05.2988|INFO|Symbol.cs|OnMessageReceived|635|TS_TargetName = M 51
2026-05-31T02:23:05.2988|INFO|Symbol.cs|OnMessageReceived|636|Expires at 05/31/2026 03:45:41 -05:00
2026-05-31T02:23:05.2994|INFO|MeridianFlipTrigger.cs|ShouldTrigger|265|Meridian Flip - There is still time remaining - max remaining time 08:07:34.3599785, next instruction time 0, next instruction NINA.Plugin.TargetScheduler.Sequencer.PlanSchedulerProgress - and the telescope reports expected pier side pierEast. Automated Flip is not necessary.
2026-05-31T02:23:05.2995|INFO|SequenceItem.cs|Run|208|Starting NINA.Plugin.TargetScheduler.Sequencer.PlanSchedulerProgress
2026-05-31T02:23:05.2996|INFO|SequenceItem.cs|Run|254|Finishing NINA.Plugin.TargetScheduler.Sequencer.PlanSchedulerProgress
2026-05-31T02:23:05.2998|INFO|MeridianFlipTrigger.cs|ShouldTrigger|265|Meridian Flip - There is still time remaining - max remaining time 08:07:34.3599785, next instruction time 0, next instruction Category: Scheduler, Item: SwitchFilter, Filter: H - and the telescope reports expected pier side pierEast. Automated Flip is not necessary.
2026-05-31T02:23:05.2998|INFO|SequenceItem.cs|Run|208|Starting Category: Scheduler, Item: SwitchFilter, Filter: H
2026-05-31T02:23:05.3074|INFO|SequenceItem.cs|Run|254|Finishing Category: Scheduler, Item: SwitchFilter, Filter: H
2026-05-31T02:23:05.3087|INFO|MeridianFlipTrigger.cs|ShouldTrigger|265|Meridian Flip - There is still time remaining - max remaining time 08:07:34.3599785, next instruction time 0, next instruction NINA.Plugin.TargetScheduler.Sequencer.PlanSchedulerProgress - and the telescope reports expected pier side pierEast. Automated Flip is not necessary.
2026-05-31T02:23:05.3088|INFO|SequenceItem.cs|Run|208|Starting NINA.Plugin.TargetScheduler.Sequencer.PlanSchedulerProgress
2026-05-31T02:23:05.3089|INFO|SequenceItem.cs|Run|254|Finishing NINA.Plugin.TargetScheduler.Sequencer.PlanSchedulerProgress
2026-05-31T02:23:05.3093|INFO|MeridianFlipTrigger.cs|ShouldTrigger|265|Meridian Flip - There is still time remaining - max remaining time 08:07:34.3599785, next instruction time 0, next instruction Category: Scheduler, Item: SetReadoutMode, Mode: 0 - and the telescope reports expected pier side pierEast. Automated Flip is not necessary.
2026-05-31T02:23:05.3094|INFO|SequenceItem.cs|Run|208|Starting Category: Scheduler, Item: SetReadoutMode, Mode: 0
2026-05-31T02:23:05.3096|INFO|SequenceItem.cs|Run|254|Finishing Category: Scheduler, Item: SetReadoutMode, Mode: 0
2026-05-31T02:23:05.3098|INFO|MeridianFlipTrigger.cs|ShouldTrigger|265|Meridian Flip - There is still time remaining - max remaining time 08:07:34.3599785, next instruction time 0, next instruction NINA.Plugin.TargetScheduler.Sequencer.PlanSchedulerProgress - and the telescope reports expected pier side pierEast. Automated Flip is not necessary.
2026-05-31T02:23:05.3098|INFO|SequenceItem.cs|Run|208|Starting NINA.Plugin.TargetScheduler.Sequencer.PlanSchedulerProgress
2026-05-31T02:23:05.3100|INFO|SequenceItem.cs|Run|254|Finishing NINA.Plugin.TargetScheduler.Sequencer.PlanSchedulerProgress
2026-05-31T02:23:05.3103|INFO|MeridianFlipTrigger.cs|ShouldTrigger|265|Meridian Flip - There is still time remaining - max remaining time 08:07:34.3599785, next instruction time 600, next instruction Category: Scheduler, Item: TakeExposure, ExposureTime 600, Gain 100, Offset 50, ImageType LIGHT, Binning 1x1 - and the telescope reports expected pier side pierEast. Automated Flip is not necessary.
2026-05-31T02:23:05.3104|INFO|DIYTrigger.cs|ShouldTrigger|109|DIY Trigger Restore Guiding ShouldTrigger returning true
2026-05-31T02:23:05.3104|INFO|SequenceTrigger.cs|Run|114|Starting Category: Powerups (Misc), Item: DIYTrigger
2026-05-31T02:23:05.3135|INFO|DIYTrigger.cs|Execute|95|DIY Trigger executing...
2026-05-31T02:23:05.3139|INFO|SequenceItem.cs|Run|208|Starting Category: * Instruction Set *, Container: NINA.Sequencer.Container.SequentialContainer, Strategy: SequentialStrategy, Items[CREATED]: 1, Triggers: Trigger: RestoreGuiding
2026-05-31T02:23:05.3145|INFO|MeridianFlipTrigger.cs|ShouldTrigger|265|Meridian Flip - There is still time remaining - max remaining time 08:07:34.3599785, next instruction time 0, next instruction Category: Powerups (Expressions), Item: IfFailed - and the telescope reports expected pier side pierEast. Automated Flip is not necessary.
2026-05-31T02:23:05.3145|INFO|SequenceItem.cs|Run|208|Starting Category: Powerups (Expressions), Item: IfFailed
2026-05-31T02:23:05.3146|INFO|SequenceItem.cs|Run|208|Starting Category: Guider, Item: StartGuiding
2026-05-31T02:23:05.3311|INFO|PHD2Guider.cs|StartGuidingPrivate|504|Phd2 - App is already guiding. Skipping start guiding
2026-05-31T02:23:05.3313|INFO|SequenceItem.cs|Run|254|Finishing Category: Guider, Item: StartGuiding
2026-05-31T02:23:05.3314|INFO|SequenceItem.cs|Run|254|Finishing Category: Powerups (Expressions), Item: IfFailed
2026-05-31T02:23:05.3315|INFO|SequenceItem.cs|Run|254|Finishing Category: * Instruction Set *, Container: NINA.Sequencer.Container.SequentialContainer, Strategy: SequentialStrategy, Items[FINISHED]: 1, Triggers: Trigger: RestoreGuiding
2026-05-31T02:23:05.3336|INFO|SequenceItem.cs|Run|208|Starting Category: Scheduler, Item: TakeExposure, ExposureTime 600, Gain 100, Offset 50, ImageType LIGHT, Binning 1x1
2026-05-31T02:23:05.3742|INFO|CameraVM.cs|Capture|742|Starting Exposure - Exposure Time: 600s; Filter: ; Gain: 100; Offset 50; Binning: 1x1;
2026-05-31T02:23:05.5324|INFO|SyncEngine.cs|SyncPendingFramesAsync|142|[Subframes] SyncEngine: synced 1 frames for session 470187b8-716c-4f60-bb85-9fd78307165c (accepted=1)
2026-05-31T02:23:05.7343|INFO|StarfrontClient.cs|SendImageFile|249|[Rockwood] sent 2026-05-31_02-12-59_M 51_LIGHT_H_-5.00C_G100-Exp-600.00s_MAXRMS-D2.16-R1.51_M-84.58_RMS-0.51_HFR-1.83_F-0018.fits (24KB) object=M 51 exptime=600s filter=H
2026-05-31T02:23:08.6193|WARNING|TsPreviewClient.cs|FetchPreviewAsync|161|[Subframes] TsPreviewClient.FetchPreviewAsync failed for profile '533M-AT60' (0173997c-4bfa-48fd-9337-a48b6df99c38): TaskCanceledException: The request was canceled due to the configured HttpClient.Timeout of 5 seconds elapsing.
2026-05-31T02:25:35.5037|INFO|FrameCache.cs|PruneSynced|249|[Subframes] Pruned 1 synced frames older than 72h
2026-05-31T02:25:38.5921|INFO|TsProgressReader.cs|ReadProgressDelta|75|[Subframes] TS progress delta: DB not found at C:\Users\nicka\AppData\Local\NINA\SchedulerPlugin — Target Scheduler not installed or DB path mismatch.
2026-05-31T02:29:05.5034|INFO|FrameCache.cs|PruneSynced|249|[Subframes] Pruned 1 synced frames older than 72h
2026-05-31T02:30:38.5914|INFO|TsProgressReader.cs|ReadProgressDelta|75|[Subframes] TS progress delta: DB not found at C:\Users\nicka\AppData\Local\NINA\SchedulerPlugin — Target Scheduler not installed or DB path mismatch.
2026-05-31T02:32:05.5040|INFO|FrameCache.cs|PruneSynced|249|[Subframes] Pruned 1 synced frames older than 72h
2026-05-31T02:33:07.2981|INFO|SequenceItem.cs|Run|254|Finishing Category: Scheduler, Item: TakeExposure, ExposureTime 600, Gain 100, Offset 50, ImageType LIGHT, Binning 1x1
2026-05-31T02:33:07.2983|INFO|ImageSolver.cs|Solve|41|Platesolving with parameters: FocalLength: 360 PixelSize: 3.76 SearchRadius: 30 BlindFailoverEnabled: True Regions: 5000 DownSampleFactor: 0 MaxObjects: 500 Reference Coordinates RA: 13:30:07 Dec: 47° 14' 09" Epoch: J2000
2026-05-31T02:33:07.2984|INFO|MeridianFlipTrigger.cs|ShouldTrigger|265|Meridian Flip - There is still time remaining - max remaining time 07:57:28.9413159, next instruction time 0, next instruction NINA.Plugin.TargetScheduler.Sequencer.PlanSchedulerProgress - and the telescope reports expected pier side pierEast. Automated Flip is not necessary.
2026-05-31T02:33:07.2985|INFO|SequenceItem.cs|Run|208|Starting NINA.Plugin.TargetScheduler.Sequencer.PlanSchedulerProgress
2026-05-31T02:33:07.2986|INFO|SequenceItem.cs|Run|254|Finishing NINA.Plugin.TargetScheduler.Sequencer.PlanSchedulerProgress
2026-05-31T02:33:07.6205|INFO|BaseImageData.cs|SaveToDisk|346|Saved image to C:\Users\nicka\AppData\Local\NINA\PlateSolver\wv1ueyaq.usq.fits
2026-05-31T02:33:08.6006|INFO|HocusFocusStarDetection.cs|Detect|413|Average HFR: 1.8085333986177738, HFR MAD: 0.16180265261774213, Detected Stars 233, Region: 0
2026-05-31T02:33:09.0686|INFO|ImageSolver.cs|Solve|54|Platesolve successful: Coordinates: RA: 13:29:52; Dec: 47° 11' 50"; Epoch: J2000 - Position Angle: 275.6254305951936
2026-05-31T02:33:09.0688|INFO|CenterAfterDriftTrigger.cs|PlatesolvingImageFollower_PropertyChanged|189|Drift: 0.17950285360401505 / 1 arc minutes
2026-05-31T02:33:09.3567|INFO|BaseImageData.cs|SaveToDisk|346|Saved image to C:\ASTROIMAGES\NINA\2026-05-30\M 51\LIGHT\H\2026-05-31_02-23-05_M 51_LIGHT_H_-5.00C_G100-Exp-600.00s_MAXRMS-D2.96-R1.41_M-84.62_RMS-0.54_HFR-1.81_F-0019.fits
2026-05-31T02:33:09.3568|INFO|ImageSaveController.cs|DoWork|97|Successfully saved file at C:\ASTROIMAGES\NINA\2026-05-30\M 51\LIGHT\H\2026-05-31_02-23-05_M 51_LIGHT_H_-5.00C_G100-Exp-600.00s_MAXRMS-D2.96-R1.41_M-84.62_RMS-0.54_HFR-1.81_F-0019.fits. Duration Total: 00:00:02.0587391; BeforeSave: 00:00:00.0001388; BeforeFinalizeImageSaved: 00:00:01.7105829; FinalizeSaveTime: 00:00:00.3480160
2026-05-31T02:33:09.9621|WARNING|SessionMetaDataWatcher.cs|WriteAcquisitionMetaData|73|acquisition file already exists, will not overwrite: C:\ASTROIMAGES\NINA\2026-05-30\M 51\LIGHT\H\metadata\AcquisitionDetails.csv
2026-05-31T02:33:09.9622|WARNING|SessionMetaDataWatcher.cs|WriteAcquisitionMetaData|93|acquisition file already exists, will not overwrite: C:\ASTROIMAGES\NINA\2026-05-30\M 51\LIGHT\H\metadata\AcquisitionDetails.json
2026-05-31T02:33:09.9628|INFO|SessionMetaDataWatcher.cs|WriteImageMetaData|105|Writing CSV image metadata: C:\ASTROIMAGES\NINA\2026-05-30\M 51\LIGHT\H\metadata\ImageMetaData.csv
2026-05-31T02:33:10.0055|INFO|SessionMetaDataWatcher.cs|WriteImageMetaData|122|Writing JSON image metadata: C:\ASTROIMAGES\NINA\2026-05-30\M 51\LIGHT\H\metadata\ImageMetaData.json
2026-05-31T02:33:10.0091|INFO|SessionMetaDataWatcher.cs|WriteWeatherMetaData|169|Writing CSV weather metadata: C:\ASTROIMAGES\NINA\2026-05-30\M 51\LIGHT\H\metadata\WeatherData.csv
2026-05-31T02:33:10.0335|INFO|SessionMetaDataWatcher.cs|WriteWeatherMetaData|186|Writing JSON weather metadata: C:\ASTROIMAGES\NINA\2026-05-30\M 51\LIGHT\H\metadata\WeatherData.json
2026-05-31T02:33:10.0354|INFO|SessionService.cs|OnTargetDetectedAsync|663|[Subframes] Target detected: 'M51' (was 'M51')
2026-05-31T02:33:10.0708|INFO|SubframesClient.cs|StartTargetAsync|316|[Subframes] Target started:  name='M51'
2026-05-31T02:33:10.0709|WARNING|SessionService.cs|StartTargetAsync|559|[Subframes] StartTarget failed — cached locally as edd1883f-952f-4a5d-a88f-6c580eed23df for replay.
2026-05-31T02:33:10.6463|INFO|MeridianFlipTrigger.cs|ShouldTrigger|265|Meridian Flip - There is still time remaining - max remaining time 07:57:24.8552980, next instruction time 0, next instruction Category: Powerups (Fun-ctions), Item: GSSend - and the telescope reports expected pier side pierEast. Automated Flip is not necessary.
2026-05-31T02:33:10.6465|INFO|SequenceItem.cs|Run|208|Starting Category: Powerups (Fun-ctions), Item: GSSend
2026-05-31T02:33:10.6468|INFO|SendWithGS.cs|ProcessedScript|64|Replacing Image_ExposureTime with 600
2026-05-31T02:33:10.6469|INFO|SendWithGS.cs|ProcessedScript|64|Replacing Image_HFR with 1.809
2026-05-31T02:33:10.6475|INFO|SendWithGS.cs|ProcessedScript|64|Replacing Image_FWHM with 6.97
2026-05-31T02:33:10.6476|INFO|SendWithGS.cs|ProcessedScript|64|Replacing Altitude with 42.40322054909351
2026-05-31T02:33:10.6476|INFO|SendWithGS.cs|Execute|95|Sending to Ground Station: Exp: $$FWHEEL_FILTER_NAME$$ on $$TARGET_NAME$$ EXP: 600 HFR: 1.809 FWHM: 6.97  Altitude: 42.40322054909351 
2026-05-31T02:33:10.6492|INFO|SequenceItem.cs|Run|208|Starting Category: Ground Station, Item: Send to Telegram
2026-05-31T02:33:11.4226|INFO|SequenceItem.cs|Run|254|Finishing Category: Ground Station, Item: Send to Telegram
2026-05-31T02:33:11.4241|INFO|SequenceItem.cs|Run|254|Finishing Category: Powerups (Fun-ctions), Item: GSSend
2026-05-31T02:33:11.4382|INFO|MeridianFlipTrigger.cs|ShouldTrigger|265|Meridian Flip - There is still time remaining - max remaining time 07:57:24.8552980, next instruction time 0, next instruction Category: Powerups (Fun-ctions), Item: GSSend - and the telescope reports expected pier side pierEast. Automated Flip is not necessary.
2026-05-31T02:33:11.4383|INFO|SequenceItem.cs|Run|208|Starting Category: Powerups (Fun-ctions), Item: GSSend
2026-05-31T02:33:11.4386|INFO|SendWithGS.cs|ProcessedScript|64|Replacing Image_ExposureTime with 600
2026-05-31T02:33:11.4387|INFO|SendWithGS.cs|ProcessedScript|64|Replacing Image_HFR with 1.809
2026-05-31T02:33:11.4388|INFO|SendWithGS.cs|ProcessedScript|64|Replacing Image_FWHM with 6.97
2026-05-31T02:33:11.4389|INFO|SendWithGS.cs|ProcessedScript|64|Replacing Altitude with 42.40322054909351
2026-05-31T02:33:11.4390|INFO|SendWithGS.cs|Execute|95|Sending to Ground Station: Exp: $$FWHEEL_FILTER_NAME$$ on $$TARGET_NAME$$ EXP: 600 HFR: 1.809 FWHM: 6.97  Altitude: 42.40322054909351 
2026-05-31T02:33:11.4404|INFO|SequenceItem.cs|Run|208|Starting Category: Ground Station, Item: Send to Pushover, Title: IMAGE: $$TARGET_NAME$$
2026-05-31T02:33:11.6863|INFO|SequenceItem.cs|Run|254|Finishing Category: Ground Station, Item: Send to Pushover, Title: IMAGE: $$TARGET_NAME$$
2026-05-31T02:33:11.6877|INFO|SequenceItem.cs|Run|254|Finishing Category: Powerups (Fun-ctions), Item: GSSend
2026-05-31T02:33:11.9421|INFO|MeridianFlipTrigger.cs|ShouldTrigger|265|Meridian Flip - There is still time remaining - max remaining time 07:57:24.8552980, next instruction time 0, next instruction [SubframesEndTarget] - and the telescope reports expected pier side pierEast. Automated Flip is not necessary.
2026-05-31T02:33:11.9424|INFO|SequenceItem.cs|Run|208|Starting [SubframesEndTarget]
2026-05-31T02:33:11.9434|INFO|SequenceItem.cs|Run|254|Finishing [SubframesEndTarget]
2026-05-31T02:33:11.9494|INFO|Symbol.cs|OnMessageReceived|627|Received message from Target Scheduler re: TargetScheduler-NewTargetStart
2026-05-31T02:33:11.9495|INFO|Symbol.cs|OnMessageReceived|635|TS_TargetName = sh2-126 Panel 8 - NB
2026-05-31T02:33:11.9495|INFO|Symbol.cs|OnMessageReceived|636|Expires at 05/31/2026 05:32:40 -05:00
2026-05-31T02:33:11.9495|INFO|Symbol.cs|OnMessageReceived|627|Received message from Target Scheduler re: TargetScheduler-NewTargetStart
2026-05-31T02:33:11.9495|INFO|Symbol.cs|OnMessageReceived|635|TS_TargetName = sh2-126 Panel 8 - NB
2026-05-31T02:33:11.9496|INFO|Symbol.cs|OnMessageReceived|636|Expires at 05/31/2026 05:32:40 -05:00
2026-05-31T02:33:11.9532|INFO|Symbol.cs|OnMessageReceived|627|Received message from Target Scheduler re: TargetScheduler-TargetStart
2026-05-31T02:33:11.9532|INFO|Symbol.cs|OnMessageReceived|635|TS_TargetName = sh2-126 Panel 8 - NB
2026-05-31T02:33:11.9533|INFO|Symbol.cs|OnMessageReceived|636|Expires at 05/31/2026 05:32:40 -05:00
2026-05-31T02:33:11.9533|INFO|Symbol.cs|OnMessageReceived|627|Received message from Target Scheduler re: TargetScheduler-TargetStart
2026-05-31T02:33:11.9533|INFO|Symbol.cs|OnMessageReceived|635|TS_TargetName = sh2-126 Panel 8 - NB
2026-05-31T02:33:11.9533|INFO|Symbol.cs|OnMessageReceived|636|Expires at 05/31/2026 05:32:40 -05:00
2026-05-31T02:33:11.9971|INFO|MeridianFlipTrigger.cs|ShouldTrigger|265|Meridian Flip - There is still time remaining - max remaining time 07:57:24.8552980, next instruction time 0, next instruction NINA.Plugin.TargetScheduler.Sequencer.PlanSchedulerProgress - and the telescope reports expected pier side pierEast. Automated Flip is not necessary.
2026-05-31T02:33:11.9973|INFO|SequenceItem.cs|Run|208|Starting NINA.Plugin.TargetScheduler.Sequencer.PlanSchedulerProgress
2026-05-31T02:33:12.1040|INFO|SequenceItem.cs|Run|254|Finishing NINA.Plugin.TargetScheduler.Sequencer.PlanSchedulerProgress
2026-05-31T02:33:12.1044|INFO|MeridianFlipTrigger.cs|ShouldTrigger|265|Meridian Flip - There is still time remaining - max remaining time 07:57:24.8552980, next instruction time 0, next instruction Category: Scheduler, Item: Center, Coordinates RA: 22:29:03; Dec: 39° 32' 48"; Epoch: J2000 - and the telescope reports expected pier side pierEast. Automated Flip is not necessary.
2026-05-31T02:33:12.1045|INFO|SequenceItem.cs|Run|208|Starting Category: Scheduler, Item: Center, Coordinates RA: 22:29:03; Dec: 39° 32' 48"; Epoch: J2000
2026-05-31T02:33:12.4250|INFO|StarfrontClient.cs|SendImageFile|249|[Rockwood] sent 2026-05-31_02-23-05_M 51_LIGHT_H_-5.00C_G100-Exp-600.00s_MAXRMS-D2.96-R1.41_M-84.62_RMS-0.54_HFR-1.81_F-0019.fits (24KB) object=M 51 exptime=600s filter=H
2026-05-31T02:33:13.7473|INFO|PHD2Client.cs|ProcessEvent|268|PHD2: ConfigurationChange
2026-05-31T02:33:13.7560|WARNING|PHD2Client.cs|ProcessEvent|252|PHD2: LockPositionLost
2026-05-31T02:33:13.8527|INFO|PHD2Client.cs|QueryExposureTime|1216|PHD2Client: Exposure time from PHD2 API: 2.000 seconds (2000 ms)
2026-05-31T02:33:14.2846|INFO|TelescopeVM.cs|SlewAsyncInternal|910|Slewing from RA: 13:31:16; Dec: 47° 06' 04"; Epoch: JNOW to RA: 22:30:13; Dec: 39° 40' 41"; Epoch: JNOW - Alt: 30° 23' 40"; Az: 59° 26' 19"
2026-05-31T02:33:15.2258|WARNING|TsPreviewClient.cs|FetchPreviewAsync|161|[Subframes] TsPreviewClient.FetchPreviewAsync failed for profile '533M-AT60' (0173997c-4bfa-48fd-9337-a48b6df99c38): TaskCanceledException: The request was canceled due to the configured HttpClient.Timeout of 5 seconds elapsing.
2026-05-31T02:33:35.5363|INFO|SyncEngine.cs|SyncPendingFramesAsync|142|[Subframes] SyncEngine: synced 1 frames for session 470187b8-716c-4f60-bb85-9fd78307165c (accepted=1)
2026-05-31T02:33:48.4792|INFO|FilterWheelVM.cs|ChangeFilter|112|Moving to Filter L at Position 0
2026-05-31T02:33:48.6842|INFO|FocuserVM.cs|MoveFocuserInternal|216|Moving Focuser to position 387321
2026-05-31T02:33:56.7571|INFO|CameraVM.cs|Capture|742|Starting Exposure - Exposure Time: 2s; Filter: L; Gain: 275; Offset 50; Binning: 1x1;
2026-05-31T02:34:01.0260|INFO|ImageSolver.cs|Solve|41|Platesolving with parameters: FocalLength: 360 PixelSize: 3.76 SearchRadius: 30 BlindFailoverEnabled: True Regions: 5000 DownSampleFactor: 0 MaxObjects: 500 Reference Coordinates RA: 22:29:03 Dec: 39° 32' 48" Epoch: J2000
2026-05-31T02:34:01.3333|INFO|BaseImageData.cs|SaveToDisk|346|Saved image to C:\Users\nicka\AppData\Local\NINA\PlateSolver\5sy10x51.h3u.fits
2026-05-31T02:34:02.2538|INFO|ImageSolver.cs|Solve|54|Platesolve successful: Coordinates: RA: 22:28:17; Dec: 39° 36' 05"; Epoch: J2000 - Position Angle: 95.53359833844735
2026-05-31T02:34:02.2549|INFO|CenteringSolver.cs|Center|99|Centering Solver - Scope Position: RA: 22:30:13; Dec: 39° 40' 41"; Epoch: JNOW; Offset: RA: 00:00:00; Dec: 00° 00' 00"; Distance: 00° 00' 00"; Bearing: 00° 00' 00"; Centering Coordinates: RA: 22:30:13; Dec: 39° 40' 41"; Epoch: JNOW; Solved: RA: 22:29:27; Dec: 39° 43' 58"; Epoch: JNOW; Separation RA: 00:00:46; Dec: -00° 03' 16"; Distance: 00° 09' 25"; Bearing: 69° 37' 17"; Threshold: 2
2026-05-31T02:34:02.7025|INFO|TelescopeVM.cs|Sync|777|Syncing scope from RA: 22:30:13; Dec: 39° 40' 41"; Epoch: JNOW to RA: 22:29:27; Dec: 39° 43' 58"; Epoch: JNOW
2026-05-31T02:34:07.7032|INFO|CenteringSolver.cs|Center|132|Slewing to target after sync. Current Position: RA: 22:29:27; Dec: 39° 43' 58"; Epoch: JNOW; Target coordinates: RA: 22:30:13; Dec: 39° 40' 41"; Epoch: JNOW; Offset RA: 00:00:00; Dec: 00° 00' 00"; Distance: 00° 00' 00"; Bearing: 00° 00' 00"
2026-05-31T02:34:07.7066|INFO|TelescopeVM.cs|SlewAsyncInternal|910|Slewing from RA: 22:29:27; Dec: 39° 43' 58"; Epoch: JNOW to RA: 22:30:13; Dec: 39° 40' 41"; Epoch: JNOW - Alt: 30° 33' 30"; Az: 59° 29' 55"
2026-05-31T02:34:15.8980|INFO|CameraVM.cs|Capture|742|Starting Exposure - Exposure Time: 2s; Filter: L; Gain: 275; Offset 50; Binning: 1x1;
2026-05-31T02:34:20.1465|INFO|ImageSolver.cs|Solve|41|Platesolving with parameters: FocalLength: 360 PixelSize: 3.76 SearchRadius: 30 BlindFailoverEnabled: True Regions: 5000 DownSampleFactor: 0 MaxObjects: 500 Reference Coordinates RA: 22:29:03 Dec: 39° 32' 48" Epoch: J2000
2026-05-31T02:34:20.4557|INFO|BaseImageData.cs|SaveToDisk|346|Saved image to C:\Users\nicka\AppData\Local\NINA\PlateSolver\uk3xamvh.l0x.fits
2026-05-31T02:34:21.3015|INFO|ImageSolver.cs|Solve|54|Platesolve successful: Coordinates: RA: 22:29:02; Dec: 39° 32' 49"; Epoch: J2000 - Position Angle: 95.5378232716854
2026-05-31T02:34:21.3025|INFO|CenteringSolver.cs|Center|99|Centering Solver - Scope Position: RA: 22:30:13; Dec: 39° 40' 41"; Epoch: JNOW; Offset: RA: 00:00:00; Dec: 00° 00' 00"; Distance: 00° 00' 00"; Bearing: 00° 00' 00"; Centering Coordinates: RA: 22:30:13; Dec: 39° 40' 41"; Epoch: JNOW; Solved: RA: 22:30:12; Dec: 39° 40' 42"; Epoch: JNOW; Separation RA: 00:00:01; Dec: -00° 00' 01"; Distance: 00° 00' 10"; Bearing: 86° 31' 05"; Threshold: 2
2026-05-31T02:34:21.3026|INFO|CenteringSolver.cs|Center|165|Restoring filter to H after centering
2026-05-31T02:34:21.3035|INFO|FilterWheelVM.cs|ChangeFilter|112|Moving to Filter H at Position 5
2026-05-31T02:34:21.5071|INFO|FocuserVM.cs|MoveFocuserInternal|216|Moving Focuser to position 387343
2026-05-31T02:34:24.7548|INFO|PHD2Guider.cs|TryStartGuideCommand|641|Phd2 - Requesting to start guiding. Recalibrate: False
2026-05-31T02:34:31.8382|INFO|PHD2Client.cs|ProcessEvent|268|PHD2: ConfigurationChange
2026-05-31T02:34:31.8805|INFO|PHD2Client.cs|QueryExposureTime|1216|PHD2Client: Exposure time from PHD2 API: 2.000 seconds (2000 ms)
2026-05-31T02:34:31.9436|INFO|PHD2Client.cs|ProcessEvent|261|PHD2: StartGuiding
2026-05-31T02:34:31.9437|INFO|PHD2Client.cs|StartNewGuidingSession|393|PHD2Client: New guiding session started
2026-05-31T02:34:31.9531|INFO|PHD2Client.cs|QueryExposureTime|1216|PHD2Client: Exposure time from PHD2 API: 2.000 seconds (2000 ms)
2026-05-31T02:34:57.2560|INFO|PHD2Client.cs|HandleSettleDone|343|PHD2Client: SettleDone - Status=0, Success=True, TotalFrames=11, DroppedFrames=0
2026-05-31T02:34:57.2561|WARNING|DitherStatisticsVM.cs|OnPHD2SettleDone|772|⚠️ SettleDone received but no currentDither exists (race condition?)
2026-05-31T02:34:57.9327|INFO|SequenceItem.cs|Run|254|Finishing Category: Scheduler, Item: Center, Coordinates RA: 22:29:03; Dec: 39° 32' 48"; Epoch: J2000
2026-05-31T02:34:57.9331|INFO|MeridianFlipTrigger.cs|ShouldTrigger|265|Meridian Flip - There is still time remaining - max remaining time 04:54:35.2005271, next instruction time 0, next instruction NINA.Plugin.TargetScheduler.Sequencer.PlanSchedulerProgress - and the telescope reports expected pier side pierWest. Automated Flip is not necessary.
2026-05-31T02:34:57.9332|INFO|SequenceItem.cs|Run|208|Starting NINA.Plugin.TargetScheduler.Sequencer.PlanSchedulerProgress
2026-05-31T02:34:58.0255|INFO|SequenceItem.cs|Run|254|Finishing NINA.Plugin.TargetScheduler.Sequencer.PlanSchedulerProgress
2026-05-31T02:34:58.0260|INFO|MeridianFlipTrigger.cs|ShouldTrigger|265|Meridian Flip - There is still time remaining - max remaining time 04:54:35.2005271, next instruction time 0, next instruction Category: , Container: NINA.Plugin.TargetScheduler.Sequencer.InstructionContainer, Strategy: InstructionContainerStrategy, Items[CREATED]: 2 - and the telescope reports expected pier side pierWest. Automated Flip is not necessary.
2026-05-31T02:34:58.0264|INFO|SequenceItem.cs|Run|208|Starting Category: , Container: NINA.Plugin.TargetScheduler.Sequencer.InstructionContainer, Strategy: InstructionContainerStrategy, Items[CREATED]: 2
2026-05-31T02:34:58.0267|INFO|MeridianFlipTrigger.cs|ShouldTrigger|265|Meridian Flip - There is still time remaining - max remaining time 04:54:35.2005271, next instruction time 0, next instruction [SubframesStartTarget] Target='Unknown Target' RA=0.0000 Dec=0.0000 - and the telescope reports expected pier side pierWest. Automated Flip is not necessary.
2026-05-31T02:34:58.0267|INFO|SequenceItem.cs|Run|208|Starting [SubframesStartTarget] Target='Unknown Target' RA=0.0000 Dec=0.0000
2026-05-31T02:34:58.0268|INFO|StartTargetItem.cs|Execute|95|[Subframes] StartTargetItem: target start returned null (API unavailable or older version).
2026-05-31T02:34:58.0268|INFO|SequenceItem.cs|Run|254|Finishing [SubframesStartTarget] Target='Unknown Target' RA=0.0000 Dec=0.0000
2026-05-31T02:34:58.0270|INFO|MeridianFlipTrigger.cs|ShouldTrigger|265|Meridian Flip - There is still time remaining - max remaining time 04:54:35.2005271, next instruction time 0, next instruction Category: Ground Station, Item: Send to Telegram - and the telescope reports expected pier side pierWest. Automated Flip is not necessary.
2026-05-31T02:34:58.0463|INFO|SequenceItem.cs|Run|208|Starting Category: Ground Station, Item: Send to Telegram
2026-05-31T02:34:58.6678|INFO|SequenceItem.cs|Run|254|Finishing Category: Ground Station, Item: Send to Telegram
2026-05-31T02:34:58.6682|INFO|SequenceItem.cs|Run|254|Finishing Category: , Container: NINA.Plugin.TargetScheduler.Sequencer.InstructionContainer, Strategy: InstructionContainerStrategy, Items[FINISHED]: 2
2026-05-31T02:34:58.6684|INFO|MeridianFlipTrigger.cs|ShouldTrigger|265|Meridian Flip - There is still time remaining - max remaining time 04:54:33.1456938, next instruction time 0, next instruction NINA.Plugin.TargetScheduler.Sequencer.PlanSchedulerProgress - and the telescope reports expected pier side pierWest. Automated Flip is not necessary.
2026-05-31T02:34:58.6685|INFO|SequenceItem.cs|Run|208|Starting NINA.Plugin.TargetScheduler.Sequencer.PlanSchedulerProgress
2026-05-31T02:34:58.6741|INFO|SequenceItem.cs|Run|254|Finishing NINA.Plugin.TargetScheduler.Sequencer.PlanSchedulerProgress
2026-05-31T02:34:58.6743|INFO|MeridianFlipTrigger.cs|ShouldTrigger|265|Meridian Flip - There is still time remaining - max remaining time 04:54:33.1456938, next instruction time 0, next instruction Category: Scheduler, Item: SwitchFilter, Filter: H - and the telescope reports expected pier side pierWest. Automated Flip is not necessary.
2026-05-31T02:34:58.6743|INFO|SequenceItem.cs|Run|208|Starting Category: Scheduler, Item: SwitchFilter, Filter: H
2026-05-31T02:34:58.6752|INFO|SequenceItem.cs|Run|254|Finishing Category: Scheduler, Item: SwitchFilter, Filter: H
2026-05-31T02:34:58.6755|INFO|MeridianFlipTrigger.cs|ShouldTrigger|265|Meridian Flip - There is still time remaining - max remaining time 04:54:33.1456938, next instruction time 0, next instruction NINA.Plugin.TargetScheduler.Sequencer.PlanSchedulerProgress - and the telescope reports expected pier side pierWest. Automated Flip is not necessary.
2026-05-31T02:34:58.6755|INFO|SequenceItem.cs|Run|208|Starting NINA.Plugin.TargetScheduler.Sequencer.PlanSchedulerProgress
2026-05-31T02:34:58.6755|INFO|SequenceItem.cs|Run|254|Finishing NINA.Plugin.TargetScheduler.Sequencer.PlanSchedulerProgress
2026-05-31T02:34:58.6757|INFO|MeridianFlipTrigger.cs|ShouldTrigger|265|Meridian Flip - There is still time remaining - max remaining time 04:54:33.1456938, next instruction time 0, next instruction Category: Scheduler, Item: SetReadoutMode, Mode: 0 - and the telescope reports expected pier side pierWest. Automated Flip is not necessary.
2026-05-31T02:34:58.6757|INFO|SequenceItem.cs|Run|208|Starting Category: Scheduler, Item: SetReadoutMode, Mode: 0
2026-05-31T02:34:58.6758|INFO|SequenceItem.cs|Run|254|Finishing Category: Scheduler, Item: SetReadoutMode, Mode: 0
2026-05-31T02:34:58.6759|INFO|MeridianFlipTrigger.cs|ShouldTrigger|265|Meridian Flip - There is still time remaining - max remaining time 04:54:33.1456938, next instruction time 0, next instruction NINA.Plugin.TargetScheduler.Sequencer.PlanSchedulerProgress - and the telescope reports expected pier side pierWest. Automated Flip is not necessary.
2026-05-31T02:34:58.6760|INFO|SequenceItem.cs|Run|208|Starting NINA.Plugin.TargetScheduler.Sequencer.PlanSchedulerProgress
2026-05-31T02:34:58.7181|INFO|SequenceItem.cs|Run|254|Finishing NINA.Plugin.TargetScheduler.Sequencer.PlanSchedulerProgress
2026-05-31T02:34:58.7190|INFO|MeridianFlipTrigger.cs|ShouldTrigger|265|Meridian Flip - There is still time remaining - max remaining time 04:54:33.1456938, next instruction time 600, next instruction Category: Scheduler, Item: TakeExposure, ExposureTime 600, Gain 100, Offset 50, ImageType LIGHT, Binning 1x1 - and the telescope reports expected pier side pierWest. Automated Flip is not necessary.
2026-05-31T02:34:58.7191|INFO|DIYTrigger.cs|ShouldTrigger|109|DIY Trigger Restore Guiding ShouldTrigger returning true
2026-05-31T02:34:58.7191|INFO|SequenceTrigger.cs|Run|114|Starting Category: Powerups (Misc), Item: DIYTrigger
2026-05-31T02:34:58.7212|INFO|DIYTrigger.cs|Execute|95|DIY Trigger executing...
2026-05-31T02:34:58.7214|INFO|SequenceItem.cs|Run|208|Starting Category: * Instruction Set *, Container: NINA.Sequencer.Container.SequentialContainer, Strategy: SequentialStrategy, Items[CREATED]: 1, Triggers: Trigger: RestoreGuiding
2026-05-31T02:34:58.7217|INFO|MeridianFlipTrigger.cs|ShouldTrigger|265|Meridian Flip - There is still time remaining - max remaining time 04:54:33.1456938, next instruction time 0, next instruction Category: Powerups (Expressions), Item: IfFailed - and the telescope reports expected pier side pierWest. Automated Flip is not necessary.
2026-05-31T02:34:58.7218|INFO|SequenceItem.cs|Run|208|Starting Category: Powerups (Expressions), Item: IfFailed
2026-05-31T02:34:58.7218|INFO|SequenceItem.cs|Run|208|Starting Category: Guider, Item: StartGuiding
2026-05-31T02:34:58.7247|INFO|PHD2Guider.cs|StartGuidingPrivate|504|Phd2 - App is already guiding. Skipping start guiding
2026-05-31T02:34:58.7249|INFO|SequenceItem.cs|Run|254|Finishing Category: Guider, Item: StartGuiding
2026-05-31T02:34:58.7250|INFO|SequenceItem.cs|Run|254|Finishing Category: Powerups (Expressions), Item: IfFailed
2026-05-31T02:34:58.7251|INFO|SequenceItem.cs|Run|254|Finishing Category: * Instruction Set *, Container: NINA.Sequencer.Container.SequentialContainer, Strategy: SequentialStrategy, Items[FINISHED]: 1, Triggers: Trigger: RestoreGuiding
2026-05-31T02:34:58.7282|INFO|SequenceItem.cs|Run|208|Starting Category: Scheduler, Item: TakeExposure, ExposureTime 600, Gain 100, Offset 50, ImageType LIGHT, Binning 1x1
2026-05-31T02:34:58.7337|INFO|CameraVM.cs|Capture|742|Starting Exposure - Exposure Time: 600s; Filter: ; Gain: 100; Offset 50; Binning: 1x1;
2026-05-31T02:35:38.5917|INFO|TsProgressReader.cs|ReadProgressDelta|75|[Subframes] TS progress delta: DB not found at C:\Users\nicka\AppData\Local\NINA\SchedulerPlugin — Target Scheduler not installed or DB path mismatch.
2026-05-31T02:37:05.5030|INFO|FrameCache.cs|PruneSynced|249|[Subframes] Pruned 1 synced frames older than 72h
2026-05-31T02:40:38.5926|INFO|TsProgressReader.cs|ReadProgressDelta|75|[Subframes] TS progress delta: DB not found at C:\Users\nicka\AppData\Local\NINA\SchedulerPlugin — Target Scheduler not installed or DB path mismatch.
2026-05-31T02:42:35.5032|INFO|FrameCache.cs|PruneSynced|249|[Subframes] Pruned 1 synced frames older than 72h
2026-05-31T02:45:00.5265|INFO|SequenceItem.cs|Run|254|Finishing Category: Scheduler, Item: TakeExposure, ExposureTime 600, Gain 100, Offset 50, ImageType LIGHT, Binning 1x1
2026-05-31T02:45:00.5271|INFO|MeridianFlipTrigger.cs|ShouldTrigger|265|Meridian Flip - There is still time remaining - max remaining time 04:44:30.6430258, next instruction time 0, next instruction NINA.Plugin.TargetScheduler.Sequencer.PlanSchedulerProgress - and the telescope reports expected pier side pierWest. Automated Flip is not necessary.
2026-05-31T02:45:00.5272|INFO|SequenceItem.cs|Run|208|Starting NINA.Plugin.TargetScheduler.Sequencer.PlanSchedulerProgress
2026-05-31T02:45:00.5274|INFO|SequenceItem.cs|Run|254|Finishing NINA.Plugin.TargetScheduler.Sequencer.PlanSchedulerProgress
2026-05-31T02:45:02.2072|INFO|HocusFocusStarDetection.cs|Detect|413|Average HFR: 1.7548835209513374, HFR MAD: 0.1489061402533124, Detected Stars 729, Region: 0
2026-05-31T02:45:02.9124|INFO|BaseImageData.cs|SaveToDisk|346|Saved image to C:\ASTROIMAGES\NINA\2026-05-30\sh2-126 Panel 8 - NB\LIGHT\H\2026-05-31_02-34-58_sh2-126 Panel 8 - NB_LIGHT_H_-5.00C_G100-Exp-600.00s_MAXRMS-D1.24-R2.51_M-107.56_RMS-0.79_HFR-1.75_F-0020.fits
2026-05-31T02:45:02.9125|INFO|ImageSaveController.cs|DoWork|97|Successfully saved file at C:\ASTROIMAGES\NINA\2026-05-30\sh2-126 Panel 8 - NB\LIGHT\H\2026-05-31_02-34-58_sh2-126 Panel 8 - NB_LIGHT_H_-5.00C_G100-Exp-600.00s_MAXRMS-D1.24-R2.51_M-107.56_RMS-0.79_HFR-1.75_F-0020.fits. Duration Total: 00:00:02.3859104; BeforeSave: 00:00:00.0001123; BeforeFinalizeImageSaved: 00:00:02.0138093; FinalizeSaveTime: 00:00:00.3719877
2026-05-31T02:45:03.4727|INFO|SessionMetaDataWatcher.cs|WriteAcquisitionMetaData|63|Writing CSV acquisition summary: C:\ASTROIMAGES\NINA\2026-05-30\sh2-126 Panel 8 - NB\LIGHT\H\metadata\AcquisitionDetails.csv
2026-05-31T02:45:03.5898|INFO|SessionMetaDataWatcher.cs|WriteAcquisitionMetaData|82|Writing JSON acquisition summary: C:\ASTROIMAGES\NINA\2026-05-30\sh2-126 Panel 8 - NB\LIGHT\H\metadata\AcquisitionDetails.json
2026-05-31T02:45:03.5912|INFO|SessionMetaDataWatcher.cs|WriteImageMetaData|105|Writing CSV image metadata: C:\ASTROIMAGES\NINA\2026-05-30\sh2-126 Panel 8 - NB\LIGHT\H\metadata\ImageMetaData.csv
2026-05-31T02:45:03.6466|INFO|SessionMetaDataWatcher.cs|WriteImageMetaData|122|Writing JSON image metadata: C:\ASTROIMAGES\NINA\2026-05-30\sh2-126 Panel 8 - NB\LIGHT\H\metadata\ImageMetaData.json
2026-05-31T02:45:03.6481|INFO|SessionMetaDataWatcher.cs|WriteWeatherMetaData|169|Writing CSV weather metadata: C:\ASTROIMAGES\NINA\2026-05-30\sh2-126 Panel 8 - NB\LIGHT\H\metadata\WeatherData.csv
2026-05-31T02:45:03.6661|INFO|SessionMetaDataWatcher.cs|WriteWeatherMetaData|186|Writing JSON weather metadata: C:\ASTROIMAGES\NINA\2026-05-30\sh2-126 Panel 8 - NB\LIGHT\H\metadata\WeatherData.json
2026-05-31T02:45:03.6672|INFO|SessionService.cs|OnTargetDetectedAsync|663|[Subframes] Target detected: 'sh2-126 Panel 8 - NB' (was 'M51')
2026-05-31T02:45:03.7156|INFO|SubframesClient.cs|StartTargetAsync|316|[Subframes] Target started:  name='sh2-126 Panel 8 - NB'
2026-05-31T02:45:03.7157|WARNING|SessionService.cs|StartTargetAsync|559|[Subframes] StartTarget failed — cached locally as fb864679-09de-4df9-a8d9-2f05ae24bce5 for replay.
2026-05-31T02:45:04.2550|INFO|MeridianFlipTrigger.cs|ShouldTrigger|265|Meridian Flip - There is still time remaining - max remaining time 04:44:26.6885815, next instruction time 0, next instruction Category: Powerups (Fun-ctions), Item: GSSend - and the telescope reports expected pier side pierWest. Automated Flip is not necessary.
2026-05-31T02:45:04.2551|INFO|SequenceItem.cs|Run|208|Starting Category: Powerups (Fun-ctions), Item: GSSend
2026-05-31T02:45:04.2554|INFO|SendWithGS.cs|ProcessedScript|64|Replacing Image_ExposureTime with 600
2026-05-31T02:45:04.2555|INFO|SendWithGS.cs|ProcessedScript|64|Replacing Image_HFR with 1.755
2026-05-31T02:45:04.2556|INFO|SendWithGS.cs|ProcessedScript|64|Replacing Image_FWHM with 7.44
2026-05-31T02:45:04.2557|INFO|SendWithGS.cs|ProcessedScript|64|Replacing Altitude with 32.54840249213655
2026-05-31T02:45:04.2557|INFO|SendWithGS.cs|Execute|95|Sending to Ground Station: Exp: $$FWHEEL_FILTER_NAME$$ on $$TARGET_NAME$$ EXP: 600 HFR: 1.755 FWHM: 7.44  Altitude: 32.54840249213655 
2026-05-31T02:45:04.2570|INFO|SequenceItem.cs|Run|208|Starting Category: Ground Station, Item: Send to Telegram
2026-05-31T02:45:04.9825|INFO|SequenceItem.cs|Run|254|Finishing Category: Ground Station, Item: Send to Telegram
2026-05-31T02:45:04.9838|INFO|SequenceItem.cs|Run|254|Finishing Category: Powerups (Fun-ctions), Item: GSSend
2026-05-31T02:45:04.9842|INFO|MeridianFlipTrigger.cs|ShouldTrigger|265|Meridian Flip - There is still time remaining - max remaining time 04:44:26.6885815, next instruction time 0, next instruction Category: Powerups (Fun-ctions), Item: GSSend - and the telescope reports expected pier side pierWest. Automated Flip is not necessary.
2026-05-31T02:45:04.9843|INFO|SequenceItem.cs|Run|208|Starting Category: Powerups (Fun-ctions), Item: GSSend
2026-05-31T02:45:04.9846|INFO|SendWithGS.cs|ProcessedScript|64|Replacing Image_ExposureTime with 600
2026-05-31T02:45:04.9847|INFO|SendWithGS.cs|ProcessedScript|64|Replacing Image_HFR with 1.755
2026-05-31T02:45:04.9848|INFO|SendWithGS.cs|ProcessedScript|64|Replacing Image_FWHM with 7.44
2026-05-31T02:45:04.9849|INFO|SendWithGS.cs|ProcessedScript|64|Replacing Altitude with 32.54840249213655
2026-05-31T02:45:04.9849|INFO|SendWithGS.cs|Execute|95|Sending to Ground Station: Exp: $$FWHEEL_FILTER_NAME$$ on $$TARGET_NAME$$ EXP: 600 HFR: 1.755 FWHM: 7.44  Altitude: 32.54840249213655 
2026-05-31T02:45:04.9862|INFO|SequenceItem.cs|Run|208|Starting Category: Ground Station, Item: Send to Pushover, Title: IMAGE: $$TARGET_NAME$$
2026-05-31T02:45:05.1980|INFO|SequenceItem.cs|Run|254|Finishing Category: Ground Station, Item: Send to Pushover, Title: IMAGE: $$TARGET_NAME$$
2026-05-31T02:45:05.1993|INFO|SequenceItem.cs|Run|254|Finishing Category: Powerups (Fun-ctions), Item: GSSend
2026-05-31T02:45:05.3888|INFO|Symbol.cs|OnMessageReceived|627|Received message from Target Scheduler re: TargetScheduler-TargetStart
2026-05-31T02:45:05.3888|INFO|Symbol.cs|OnMessageReceived|635|TS_TargetName = sh2-126 Panel 8 - NB
2026-05-31T02:45:05.3889|INFO|Symbol.cs|OnMessageReceived|636|Expires at 05/31/2026 05:32:40 -05:00
2026-05-31T02:45:05.3889|INFO|Symbol.cs|OnMessageReceived|627|Received message from Target Scheduler re: TargetScheduler-TargetStart
2026-05-31T02:45:05.3889|INFO|Symbol.cs|OnMessageReceived|635|TS_TargetName = sh2-126 Panel 8 - NB
2026-05-31T02:45:05.3889|INFO|Symbol.cs|OnMessageReceived|636|Expires at 05/31/2026 05:32:40 -05:00
2026-05-31T02:45:05.3893|INFO|MeridianFlipTrigger.cs|ShouldTrigger|265|Meridian Flip - There is still time remaining - max remaining time 04:44:26.6885815, next instruction time 0, next instruction NINA.Plugin.TargetScheduler.Sequencer.PlanSchedulerProgress - and the telescope reports expected pier side pierWest. Automated Flip is not necessary.
2026-05-31T02:45:05.3895|INFO|SequenceItem.cs|Run|208|Starting NINA.Plugin.TargetScheduler.Sequencer.PlanSchedulerProgress
2026-05-31T02:45:05.4202|INFO|SequenceItem.cs|Run|254|Finishing NINA.Plugin.TargetScheduler.Sequencer.PlanSchedulerProgress
2026-05-31T02:45:05.4303|INFO|MeridianFlipTrigger.cs|ShouldTrigger|265|Meridian Flip - There is still time remaining - max remaining time 04:44:26.6885815, next instruction time 90, next instruction Category: , Item: Dither - and the telescope reports expected pier side pierWest. Automated Flip is not necessary.
2026-05-31T02:45:05.4308|INFO|SequenceItem.cs|Run|208|Starting Category: , Item: Dither
2026-05-31T02:45:05.4993|INFO|PHD2Client.cs|HandleGuidingDithered|309|PHD2Client: 🎯 GuidingDithered (DITHER START) - dx=-16.96, dy=2.16
2026-05-31T02:45:05.5000|INFO|DitherStatisticsVM.cs|OnPHD2GuidingDithered|752|🎯 DITHER START detected via GuidingDithered! dx=-16.96, dy=2.16
2026-05-31T02:45:05.5003|INFO|DitherStatisticsVM.cs|OnPHD2GuidingDithered|762|✅ Dither START recorded with pixel shift: (-16.96, 2.16)
2026-05-31T02:45:05.5011|INFO|PHD2Client.cs|StartDitherDataCollection|576|PHD2Client: Started dither data collection for 30 seconds (series #1)
2026-05-31T02:45:05.5380|INFO|SyncEngine.cs|SyncPendingFramesAsync|142|[Subframes] SyncEngine: synced 1 frames for session 470187b8-716c-4f60-bb85-9fd78307165c (accepted=1)
2026-05-31T02:45:05.8861|INFO|StarfrontClient.cs|SendImageFile|249|[Rockwood] sent 2026-05-31_02-34-58_sh2-126 Panel 8 - NB_LIGHT_H_-5.00C_G100-Exp-600.00s_MAXRMS-D1.24-R2.51_M-107.56_RMS-0.79_HFR-1.75_F-0020.fits (28KB) object=sh2-126 Panel 8 - NB exptime=600s filter=H
2026-05-31T02:45:08.8427|WARNING|TsPreviewClient.cs|FetchPreviewAsync|161|[Subframes] TsPreviewClient.FetchPreviewAsync failed for profile '533M-AT60' (0173997c-4bfa-48fd-9337-a48b6df99c38): TaskCanceledException: The request was canceled due to the configured HttpClient.Timeout of 5 seconds elapsing.
2026-05-31T02:45:35.5038|INFO|PHD2Client.cs|OnDitherCollectionComplete|657|PHD2Client: Dither data collection complete (timer). Collected 9 points.
2026-05-31T02:45:35.5044|INFO|FrameCache.cs|PruneSynced|249|[Subframes] Pruned 1 synced frames older than 72h
2026-05-31T02:45:35.5186|INFO|PHD2Client.cs|WriteDitherAnalysisFile|738|PHD2Client: Dither analysis file written with 9 data points: 20260531_023431_dither_analysis.txt
2026-05-31T02:45:35.5582|INFO|PHD2Client.cs|WritePositivePeriodsFile|932|PHD2Client: Positive periods analysis written with 3 total periods across 3 multipliers: 20260531_023431_positive_periods.txt
2026-05-31T02:45:35.5644|INFO|PHD2Client.cs|AnalyzePositivePeriods|868|PHD2Client: Positive period analysis complete. firstPeriodPerSeries counts: 1.5σ=0, 2.0σ=0, 3.0σ=0
2026-05-31T02:45:35.5676|INFO|PHD2Client.cs|CalculateRecommendation|954|PHD2Client: Calculating recommendation from 1 dither series, RMS=0.2507, StdDev=0.1540
2026-05-31T02:45:35.5787|INFO|PHD2Client.cs|EstimateMinSettleTimeFallback|1102|PHD2Client: MinSettleTime estimated using fallback (first point below threshold)
2026-05-31T02:45:35.5790|INFO|PHD2Client.cs|CalculateRecommendation|987|PHD2Client: Dither recommendation calculated - Events: 1, SettlePixel: Q=0.48 B=0.56 P=0.71, MinSettle: Q=6.0s B=6.0s P=6.0s
2026-05-31T02:45:35.5798|INFO|DitherStatisticsVM.cs|OnDitherRecommendationUpdated|500|Dither recommendation updated on UI thread - Events: 1
2026-05-31T02:45:35.5803|INFO|PHD2Client.cs|RunAnalysisAndRecommendation|638|PHD2Client: RunAnalysisAndRecommendation completed - 9 points, 1 series
2026-05-31T02:45:38.5930|INFO|TsProgressReader.cs|ReadProgressDelta|75|[Subframes] TS progress delta: DB not found at C:\Users\nicka\AppData\Local\NINA\SchedulerPlugin — Target Scheduler not installed or DB path mismatch.
2026-05-31T02:45:46.0187|INFO|PHD2Client.cs|HandleSettleDone|343|PHD2Client: SettleDone - Status=0, Success=True, TotalFrames=14, DroppedFrames=0
2026-05-31T02:45:46.0206|INFO|DitherStatisticsVM.cs|OnPHD2SettleDone|794|✅ DITHER END - Success=True, SettleTime=40.52s, TotalFrames=14, DroppedFrames=0
2026-05-31T02:45:46.5457|INFO|SequenceItem.cs|Run|254|Finishing Category: , Item: Dither
2026-05-31T02:45:46.5465|INFO|MeridianFlipTrigger.cs|ShouldTrigger|265|Meridian Flip - There is still time remaining - max remaining time 04:43:40.0917337, next instruction time 0, next instruction NINA.Plugin.TargetScheduler.Sequencer.PlanSchedulerProgress - and the telescope reports expected pier side pierWest. Automated Flip is not necessary.
2026-05-31T02:45:46.5467|INFO|SequenceItem.cs|Run|208|Starting NINA.Plugin.TargetScheduler.Sequencer.PlanSchedulerProgress
2026-05-31T02:45:46.5469|INFO|SequenceItem.cs|Run|254|Finishing NINA.Plugin.TargetScheduler.Sequencer.PlanSchedulerProgress
2026-05-31T02:45:46.5472|INFO|MeridianFlipTrigger.cs|ShouldTrigger|265|Meridian Flip - There is still time remaining - max remaining time 04:43:40.0917337, next instruction time 0, next instruction Category: Scheduler, Item: SwitchFilter, Filter: H - and the telescope reports expected pier side pierWest. Automated Flip is not necessary.
2026-05-31T02:45:46.5473|INFO|SequenceItem.cs|Run|208|Starting Category: Scheduler, Item: SwitchFilter, Filter: H
2026-05-31T02:45:46.5487|INFO|SequenceItem.cs|Run|254|Finishing Category: Scheduler, Item: SwitchFilter, Filter: H
2026-05-31T02:45:46.5492|INFO|MeridianFlipTrigger.cs|ShouldTrigger|265|Meridian Flip - There is still time remaining - max remaining time 04:43:40.0917337, next instruction time 0, next instruction NINA.Plugin.TargetScheduler.Sequencer.PlanSchedulerProgress - and the telescope reports expected pier side pierWest. Automated Flip is not necessary.
2026-05-31T02:45:46.5493|INFO|SequenceItem.cs|Run|208|Starting NINA.Plugin.TargetScheduler.Sequencer.PlanSchedulerProgress
2026-05-31T02:45:46.5494|INFO|SequenceItem.cs|Run|254|Finishing NINA.Plugin.TargetScheduler.Sequencer.PlanSchedulerProgress
2026-05-31T02:45:46.5513|INFO|MeridianFlipTrigger.cs|ShouldTrigger|265|Meridian Flip - There is still time remaining - max remaining time 04:43:40.0917337, next instruction time 0, next instruction Category: Scheduler, Item: SetReadoutMode, Mode: 0 - and the telescope reports expected pier side pierWest. Automated Flip is not necessary.
2026-05-31T02:45:46.5516|INFO|SequenceItem.cs|Run|208|Starting Category: Scheduler, Item: SetReadoutMode, Mode: 0
2026-05-31T02:45:46.5519|INFO|SequenceItem.cs|Run|254|Finishing Category: Scheduler, Item: SetReadoutMode, Mode: 0
2026-05-31T02:45:46.5525|INFO|MeridianFlipTrigger.cs|ShouldTrigger|265|Meridian Flip - There is still time remaining - max remaining time 04:43:40.0917337, next instruction time 0, next instruction NINA.Plugin.TargetScheduler.Sequencer.PlanSchedulerProgress - and the telescope reports expected pier side pierWest. Automated Flip is not necessary.
2026-05-31T02:45:46.5526|INFO|SequenceItem.cs|Run|208|Starting NINA.Plugin.TargetScheduler.Sequencer.PlanSchedulerProgress
2026-05-31T02:45:46.5530|INFO|SequenceItem.cs|Run|254|Finishing NINA.Plugin.TargetScheduler.Sequencer.PlanSchedulerProgress
2026-05-31T02:45:46.5538|INFO|MeridianFlipTrigger.cs|ShouldTrigger|265|Meridian Flip - There is still time remaining - max remaining time 04:43:40.0917337, next instruction time 600, next instruction Category: Scheduler, Item: TakeExposure, ExposureTime 600, Gain 100, Offset 50, ImageType LIGHT, Binning 1x1 - and the telescope reports expected pier side pierWest. Automated Flip is not necessary.
2026-05-31T02:45:46.5539|INFO|DIYTrigger.cs|ShouldTrigger|109|DIY Trigger Restore Guiding ShouldTrigger returning true
2026-05-31T02:45:46.5540|INFO|SequenceTrigger.cs|Run|114|Starting Category: Powerups (Misc), Item: DIYTrigger
2026-05-31T02:45:46.5590|INFO|DIYTrigger.cs|Execute|95|DIY Trigger executing...
2026-05-31T02:45:46.5593|INFO|SequenceItem.cs|Run|208|Starting Category: * Instruction Set *, Container: NINA.Sequencer.Container.SequentialContainer, Strategy: SequentialStrategy, Items[CREATED]: 1, Triggers: Trigger: RestoreGuiding
2026-05-31T02:45:46.5601|INFO|MeridianFlipTrigger.cs|ShouldTrigger|265|Meridian Flip - There is still time remaining - max remaining time 04:43:40.0917337, next instruction time 0, next instruction Category: Powerups (Expressions), Item: IfFailed - and the telescope reports expected pier side pierWest. Automated Flip is not necessary.
2026-05-31T02:45:46.5602|INFO|SequenceItem.cs|Run|208|Starting Category: Powerups (Expressions), Item: IfFailed
2026-05-31T02:45:46.5603|INFO|SequenceItem.cs|Run|208|Starting Category: Guider, Item: StartGuiding
2026-05-31T02:45:46.5674|INFO|PHD2Guider.cs|StartGuidingPrivate|504|Phd2 - App is already guiding. Skipping start guiding
2026-05-31T02:45:46.5677|INFO|SequenceItem.cs|Run|254|Finishing Category: Guider, Item: StartGuiding
2026-05-31T02:45:46.5679|INFO|SequenceItem.cs|Run|254|Finishing Category: Powerups (Expressions), Item: IfFailed
2026-05-31T02:45:46.5681|INFO|SequenceItem.cs|Run|254|Finishing Category: * Instruction Set *, Container: NINA.Sequencer.Container.SequentialContainer, Strategy: SequentialStrategy, Items[FINISHED]: 1, Triggers: Trigger: RestoreGuiding
2026-05-31T02:45:46.5734|INFO|SequenceItem.cs|Run|208|Starting Category: Scheduler, Item: TakeExposure, ExposureTime 600, Gain 100, Offset 50, ImageType LIGHT, Binning 1x1
2026-05-31T02:45:46.5796|INFO|CameraVM.cs|Capture|742|Starting Exposure - Exposure Time: 600s; Filter: ; Gain: 100; Offset 50; Binning: 1x1;
2026-05-31T02:49:35.5052|INFO|FrameCache.cs|PruneSynced|249|[Subframes] Pruned 1 synced frames older than 72h
2026-05-31T02:50:38.5934|INFO|TsProgressReader.cs|ReadProgressDelta|75|[Subframes] TS progress delta: DB not found at C:\Users\nicka\AppData\Local\NINA\SchedulerPlugin — Target Scheduler not installed or DB path mismatch.
2026-05-31T02:55:38.5924|INFO|TsProgressReader.cs|ReadProgressDelta|75|[Subframes] TS progress delta: DB not found at C:\Users\nicka\AppData\Local\NINA\SchedulerPlugin — Target Scheduler not installed or DB path mismatch.
2026-05-31T02:55:48.4594|INFO|SequenceItem.cs|Run|254|Finishing Category: Scheduler, Item: TakeExposure, ExposureTime 600, Gain 100, Offset 50, ImageType LIGHT, Binning 1x1
2026-05-31T02:55:48.4598|INFO|MeridianFlipTrigger.cs|ShouldTrigger|265|Meridian Flip - There is still time remaining - max remaining time 04:33:36.8266203, next instruction time 0, next instruction NINA.Plugin.TargetScheduler.Sequencer.PlanSchedulerProgress - and the telescope reports expected pier side pierWest. Automated Flip is not necessary.
2026-05-31T02:55:48.4599|INFO|SequenceItem.cs|Run|208|Starting NINA.Plugin.TargetScheduler.Sequencer.PlanSchedulerProgress
2026-05-31T02:55:48.4599|INFO|SequenceItem.cs|Run|254|Finishing NINA.Plugin.TargetScheduler.Sequencer.PlanSchedulerProgress
2026-05-31T02:55:50.1956|INFO|HocusFocusStarDetection.cs|Detect|413|Average HFR: 1.7263934507729548, HFR MAD: 0.14178754841411892, Detected Stars 722, Region: 0
2026-05-31T02:55:50.9323|INFO|BaseImageData.cs|SaveToDisk|346|Saved image to C:\ASTROIMAGES\NINA\2026-05-30\sh2-126 Panel 8 - NB\LIGHT\H\2026-05-31_02-45-46_sh2-126 Panel 8 - NB_LIGHT_H_-5.00C_G100-Exp-600.00s_MAXRMS-D0.88-R1.41_M-107.52_RMS-0.53_HFR-1.73_F-0021.fits
2026-05-31T02:55:50.9324|INFO|ImageSaveController.cs|DoWork|97|Successfully saved file at C:\ASTROIMAGES\NINA\2026-05-30\sh2-126 Panel 8 - NB\LIGHT\H\2026-05-31_02-45-46_sh2-126 Panel 8 - NB_LIGHT_H_-5.00C_G100-Exp-600.00s_MAXRMS-D0.88-R1.41_M-107.52_RMS-0.53_HFR-1.73_F-0021.fits. Duration Total: 00:00:02.4729299; BeforeSave: 00:00:00.0001285; BeforeFinalizeImageSaved: 00:00:02.1056973; FinalizeSaveTime: 00:00:00.3671030
2026-05-31T02:55:51.6870|WARNING|SessionMetaDataWatcher.cs|WriteAcquisitionMetaData|73|acquisition file already exists, will not overwrite: C:\ASTROIMAGES\NINA\2026-05-30\sh2-126 Panel 8 - NB\LIGHT\H\metadata\AcquisitionDetails.csv
2026-05-31T02:55:51.6872|WARNING|SessionMetaDataWatcher.cs|WriteAcquisitionMetaData|93|acquisition file already exists, will not overwrite: C:\ASTROIMAGES\NINA\2026-05-30\sh2-126 Panel 8 - NB\LIGHT\H\metadata\AcquisitionDetails.json
2026-05-31T02:55:51.6875|INFO|SessionMetaDataWatcher.cs|WriteImageMetaData|105|Writing CSV image metadata: C:\ASTROIMAGES\NINA\2026-05-30\sh2-126 Panel 8 - NB\LIGHT\H\metadata\ImageMetaData.csv
2026-05-31T02:55:51.7233|INFO|SessionMetaDataWatcher.cs|WriteImageMetaData|122|Writing JSON image metadata: C:\ASTROIMAGES\NINA\2026-05-30\sh2-126 Panel 8 - NB\LIGHT\H\metadata\ImageMetaData.json
2026-05-31T02:55:51.7248|INFO|SessionMetaDataWatcher.cs|WriteWeatherMetaData|169|Writing CSV weather metadata: C:\ASTROIMAGES\NINA\2026-05-30\sh2-126 Panel 8 - NB\LIGHT\H\metadata\WeatherData.csv
2026-05-31T02:55:51.7380|INFO|SessionMetaDataWatcher.cs|WriteWeatherMetaData|186|Writing JSON weather metadata: C:\ASTROIMAGES\NINA\2026-05-30\sh2-126 Panel 8 - NB\LIGHT\H\metadata\WeatherData.json
2026-05-31T02:55:51.7391|INFO|SessionService.cs|OnTargetDetectedAsync|663|[Subframes] Target detected: 'sh2-126 Panel 8 - NB' (was 'sh2-126 Panel 8 - NB')
2026-05-31T02:55:51.8096|INFO|SubframesClient.cs|StartTargetAsync|316|[Subframes] Target started:  name='sh2-126 Panel 8 - NB'
2026-05-31T02:55:51.8097|WARNING|SessionService.cs|StartTargetAsync|559|[Subframes] StartTarget failed — cached locally as 7adbea3a-4f43-4799-96eb-4556350a4888 for replay.
2026-05-31T02:55:52.2331|INFO|MeridianFlipTrigger.cs|ShouldTrigger|265|Meridian Flip - There is still time remaining - max remaining time 04:33:32.8415164, next instruction time 0, next instruction Category: Powerups (Fun-ctions), Item: GSSend - and the telescope reports expected pier side pierWest. Automated Flip is not necessary.
2026-05-31T02:55:52.2331|INFO|SequenceItem.cs|Run|208|Starting Category: Powerups (Fun-ctions), Item: GSSend
2026-05-31T02:55:52.2334|INFO|SendWithGS.cs|ProcessedScript|64|Replacing Image_ExposureTime with 600
2026-05-31T02:55:52.2335|INFO|SendWithGS.cs|ProcessedScript|64|Replacing Image_HFR with 1.726
2026-05-31T02:55:52.2337|INFO|SendWithGS.cs|ProcessedScript|64|Replacing Image_FWHM with 7.32
2026-05-31T02:55:52.2338|INFO|SendWithGS.cs|ProcessedScript|64|Replacing Altitude with 34.57198070515524
2026-05-31T02:55:52.2338|INFO|SendWithGS.cs|Execute|95|Sending to Ground Station: Exp: $$FWHEEL_FILTER_NAME$$ on $$TARGET_NAME$$ EXP: 600 HFR: 1.726 FWHM: 7.32  Altitude: 34.57198070515524 
2026-05-31T02:55:52.2350|INFO|SequenceItem.cs|Run|208|Starting Category: Ground Station, Item: Send to Telegram
2026-05-31T02:55:52.9823|INFO|SequenceItem.cs|Run|254|Finishing Category: Ground Station, Item: Send to Telegram
2026-05-31T02:55:52.9843|INFO|SequenceItem.cs|Run|254|Finishing Category: Powerups (Fun-ctions), Item: GSSend
2026-05-31T02:55:53.0061|INFO|MeridianFlipTrigger.cs|ShouldTrigger|265|Meridian Flip - There is still time remaining - max remaining time 04:33:32.8415164, next instruction time 0, next instruction Category: Powerups (Fun-ctions), Item: GSSend - and the telescope reports expected pier side pierWest. Automated Flip is not necessary.
2026-05-31T02:55:53.0062|INFO|SequenceItem.cs|Run|208|Starting Category: Powerups (Fun-ctions), Item: GSSend
2026-05-31T02:55:53.0065|INFO|SendWithGS.cs|ProcessedScript|64|Replacing Image_ExposureTime with 600
2026-05-31T02:55:53.0066|INFO|SendWithGS.cs|ProcessedScript|64|Replacing Image_HFR with 1.726
2026-05-31T02:55:53.0067|INFO|SendWithGS.cs|ProcessedScript|64|Replacing Image_FWHM with 7.32
2026-05-31T02:55:53.0068|INFO|SendWithGS.cs|ProcessedScript|64|Replacing Altitude with 34.58224877443305
2026-05-31T02:55:53.0069|INFO|SendWithGS.cs|Execute|95|Sending to Ground Station: Exp: $$FWHEEL_FILTER_NAME$$ on $$TARGET_NAME$$ EXP: 600 HFR: 1.726 FWHM: 7.32  Altitude: 34.58224877443305 
2026-05-31T02:55:53.0081|INFO|SequenceItem.cs|Run|208|Starting Category: Ground Station, Item: Send to Pushover, Title: IMAGE: $$TARGET_NAME$$
2026-05-31T02:55:53.2435|INFO|SequenceItem.cs|Run|254|Finishing Category: Ground Station, Item: Send to Pushover, Title: IMAGE: $$TARGET_NAME$$
2026-05-31T02:55:53.2448|INFO|SequenceItem.cs|Run|254|Finishing Category: Powerups (Fun-ctions), Item: GSSend
2026-05-31T02:55:53.5974|INFO|MeridianFlipTrigger.cs|ShouldTrigger|265|Meridian Flip - There is still time remaining - max remaining time 04:33:32.8415164, next instruction time 0, next instruction [SubframesEndTarget] - and the telescope reports expected pier side pierWest. Automated Flip is not necessary.
2026-05-31T02:55:53.5974|INFO|SequenceItem.cs|Run|208|Starting [SubframesEndTarget]
2026-05-31T02:55:53.5975|INFO|SequenceItem.cs|Run|254|Finishing [SubframesEndTarget]
2026-05-31T02:55:53.6030|INFO|Symbol.cs|OnMessageReceived|627|Received message from Target Scheduler re: TargetScheduler-NewTargetStart
2026-05-31T02:55:53.6030|INFO|Symbol.cs|OnMessageReceived|635|TS_TargetName = sh2-126 Panel 5 - NB
2026-05-31T02:55:53.6030|INFO|Symbol.cs|OnMessageReceived|636|Expires at 05/31/2026 05:32:40 -05:00
2026-05-31T02:55:53.6031|INFO|Symbol.cs|OnMessageReceived|627|Received message from Target Scheduler re: TargetScheduler-NewTargetStart
2026-05-31T02:55:53.6031|INFO|Symbol.cs|OnMessageReceived|635|TS_TargetName = sh2-126 Panel 5 - NB
2026-05-31T02:55:53.6031|INFO|Symbol.cs|OnMessageReceived|636|Expires at 05/31/2026 05:32:40 -05:00
2026-05-31T02:55:53.6071|INFO|Symbol.cs|OnMessageReceived|627|Received message from Target Scheduler re: TargetScheduler-TargetStart
2026-05-31T02:55:53.6071|INFO|Symbol.cs|OnMessageReceived|635|TS_TargetName = sh2-126 Panel 5 - NB
2026-05-31T02:55:53.6071|INFO|Symbol.cs|OnMessageReceived|636|Expires at 05/31/2026 05:32:40 -05:00
2026-05-31T02:55:53.6072|INFO|Symbol.cs|OnMessageReceived|627|Received message from Target Scheduler re: TargetScheduler-TargetStart
2026-05-31T02:55:53.6072|INFO|Symbol.cs|OnMessageReceived|635|TS_TargetName = sh2-126 Panel 5 - NB
2026-05-31T02:55:53.6072|INFO|Symbol.cs|OnMessageReceived|636|Expires at 05/31/2026 05:32:40 -05:00
2026-05-31T02:55:53.6342|INFO|MeridianFlipTrigger.cs|ShouldTrigger|265|Meridian Flip - There is still time remaining - max remaining time 04:33:32.8415164, next instruction time 0, next instruction NINA.Plugin.TargetScheduler.Sequencer.PlanSchedulerProgress - and the telescope reports expected pier side pierWest. Automated Flip is not necessary.
2026-05-31T02:55:53.6345|INFO|SequenceItem.cs|Run|208|Starting NINA.Plugin.TargetScheduler.Sequencer.PlanSchedulerProgress
2026-05-31T02:55:53.6348|INFO|SequenceItem.cs|Run|254|Finishing NINA.Plugin.TargetScheduler.Sequencer.PlanSchedulerProgress
2026-05-31T02:55:53.6350|INFO|MeridianFlipTrigger.cs|ShouldTrigger|265|Meridian Flip - There is still time remaining - max remaining time 04:33:32.8415164, next instruction time 0, next instruction Category: Scheduler, Item: Center, Coordinates RA: 22:36:31; Dec: 39° 33' 42"; Epoch: J2000 - and the telescope reports expected pier side pierWest. Automated Flip is not necessary.
2026-05-31T02:55:53.6351|INFO|SequenceItem.cs|Run|208|Starting Category: Scheduler, Item: Center, Coordinates RA: 22:36:31; Dec: 39° 33' 42"; Epoch: J2000
2026-05-31T02:55:54.0511|INFO|StarfrontClient.cs|SendImageFile|249|[Rockwood] sent 2026-05-31_02-45-46_sh2-126 Panel 8 - NB_LIGHT_H_-5.00C_G100-Exp-600.00s_MAXRMS-D0.88-R1.41_M-107.52_RMS-0.53_HFR-1.73_F-0021.fits (28KB) object=sh2-126 Panel 8 - NB exptime=600s filter=H
2026-05-31T02:55:55.8071|INFO|PHD2Client.cs|ProcessEvent|268|PHD2: ConfigurationChange
2026-05-31T02:55:55.8152|WARNING|PHD2Client.cs|ProcessEvent|252|PHD2: LockPositionLost
2026-05-31T02:55:55.9196|INFO|PHD2Client.cs|QueryExposureTime|1216|PHD2Client: Exposure time from PHD2 API: 2.000 seconds (2000 ms)
2026-05-31T02:55:55.9238|INFO|TelescopeVM.cs|SlewAsyncInternal|910|Slewing from RA: 22:30:10; Dec: 39° 40' 26"; Epoch: JNOW to RA: 22:37:42; Dec: 39° 41' 42"; Epoch: JNOW - Alt: 33° 12' 55"; Az: 60° 24' 23"
2026-05-31T02:55:56.8962|WARNING|TsPreviewClient.cs|FetchPreviewAsync|161|[Subframes] TsPreviewClient.FetchPreviewAsync failed for profile '533M-AT60' (0173997c-4bfa-48fd-9337-a48b6df99c38): TaskCanceledException: The request was canceled due to the configured HttpClient.Timeout of 5 seconds elapsing.
2026-05-31T02:56:05.1818|INFO|FilterWheelVM.cs|ChangeFilter|112|Moving to Filter L at Position 0
2026-05-31T02:56:05.3858|INFO|FocuserVM.cs|MoveFocuserInternal|216|Moving Focuser to position 387321
2026-05-31T02:56:05.5344|INFO|SyncEngine.cs|SyncPendingFramesAsync|142|[Subframes] SyncEngine: synced 1 frames for session 470187b8-716c-4f60-bb85-9fd78307165c (accepted=1)
2026-05-31T02:56:14.7660|INFO|CameraVM.cs|Capture|742|Starting Exposure - Exposure Time: 2s; Filter: L; Gain: 275; Offset 50; Binning: 1x1;
2026-05-31T02:56:19.0322|INFO|ImageSolver.cs|Solve|41|Platesolving with parameters: FocalLength: 360 PixelSize: 3.76 SearchRadius: 30 BlindFailoverEnabled: True Regions: 5000 DownSampleFactor: 0 MaxObjects: 500 Reference Coordinates RA: 22:36:31 Dec: 39° 33' 42" Epoch: J2000
2026-05-31T02:56:19.3422|INFO|BaseImageData.cs|SaveToDisk|346|Saved image to C:\Users\nicka\AppData\Local\NINA\PlateSolver\ays4m4vt.m4h.fits
2026-05-31T02:56:20.2449|INFO|ImageSolver.cs|Solve|54|Platesolve successful: Coordinates: RA: 22:36:29; Dec: 39° 33' 52"; Epoch: J2000 - Position Angle: 95.52768867471576
2026-05-31T02:56:20.2460|INFO|CenteringSolver.cs|Center|99|Centering Solver - Scope Position: RA: 22:37:42; Dec: 39° 41' 42"; Epoch: JNOW; Offset: RA: 00:00:00; Dec: 00° 00' 00"; Distance: 00° 00' 00"; Bearing: 00° 00' 00"; Centering Coordinates: RA: 22:37:42; Dec: 39° 41' 42"; Epoch: JNOW; Solved: RA: 22:37:40; Dec: 39° 41' 52"; Epoch: JNOW; Separation RA: 00:00:02; Dec: -00° 00' 10"; Distance: 00° 00' 24"; Bearing: 64° 07' 32"; Threshold: 2
2026-05-31T02:56:20.2461|INFO|CenteringSolver.cs|Center|165|Restoring filter to H after centering
2026-05-31T02:56:20.2488|INFO|FilterWheelVM.cs|ChangeFilter|112|Moving to Filter H at Position 5
2026-05-31T02:56:20.4524|INFO|FocuserVM.cs|MoveFocuserInternal|216|Moving Focuser to position 387343
2026-05-31T02:56:24.7556|INFO|PHD2Guider.cs|TryStartGuideCommand|641|Phd2 - Requesting to start guiding. Recalibrate: False
2026-05-31T02:56:32.0379|INFO|PHD2Client.cs|ProcessEvent|261|PHD2: StartGuiding
2026-05-31T02:56:32.0381|INFO|PHD2Client.cs|StartNewGuidingSession|393|PHD2Client: New guiding session started
2026-05-31T02:56:32.0503|INFO|PHD2Client.cs|QueryExposureTime|1216|PHD2Client: Exposure time from PHD2 API: 2.000 seconds (2000 ms)
2026-05-31T02:56:54.5477|INFO|PHD2Client.cs|HandleSettleDone|343|PHD2Client: SettleDone - Status=0, Success=True, TotalFrames=10, DroppedFrames=0
2026-05-31T02:56:54.5478|WARNING|DitherStatisticsVM.cs|OnPHD2SettleDone|772|⚠️ SettleDone received but no currentDither exists (race condition?)
2026-05-31T02:56:55.3821|INFO|SequenceItem.cs|Run|254|Finishing Category: Scheduler, Item: Center, Coordinates RA: 22:36:31; Dec: 39° 33' 42"; Epoch: J2000
2026-05-31T02:56:55.3825|INFO|MeridianFlipTrigger.cs|ShouldTrigger|265|Meridian Flip - There is still time remaining - max remaining time 04:40:02.8970818, next instruction time 0, next instruction NINA.Plugin.TargetScheduler.Sequencer.PlanSchedulerProgress - and the telescope reports expected pier side pierWest. Automated Flip is not necessary.
2026-05-31T02:56:55.3825|INFO|SequenceItem.cs|Run|208|Starting NINA.Plugin.TargetScheduler.Sequencer.PlanSchedulerProgress
2026-05-31T02:56:55.4553|INFO|SequenceItem.cs|Run|254|Finishing NINA.Plugin.TargetScheduler.Sequencer.PlanSchedulerProgress
2026-05-31T02:56:55.4559|INFO|MeridianFlipTrigger.cs|ShouldTrigger|265|Meridian Flip - There is still time remaining - max remaining time 04:40:02.8970818, next instruction time 0, next instruction Category: , Container: NINA.Plugin.TargetScheduler.Sequencer.InstructionContainer, Strategy: InstructionContainerStrategy, Items[CREATED]: 2 - and the telescope reports expected pier side pierWest. Automated Flip is not necessary.
2026-05-31T02:56:55.4559|INFO|SequenceItem.cs|Run|208|Starting Category: , Container: NINA.Plugin.TargetScheduler.Sequencer.InstructionContainer, Strategy: InstructionContainerStrategy, Items[CREATED]: 2
2026-05-31T02:56:55.4562|INFO|MeridianFlipTrigger.cs|ShouldTrigger|265|Meridian Flip - There is still time remaining - max remaining time 04:40:02.8970818, next instruction time 0, next instruction [SubframesStartTarget] Target='Unknown Target' RA=0.0000 Dec=0.0000 - and the telescope reports expected pier side pierWest. Automated Flip is not necessary.
2026-05-31T02:56:55.4562|INFO|SequenceItem.cs|Run|208|Starting [SubframesStartTarget] Target='Unknown Target' RA=0.0000 Dec=0.0000
2026-05-31T02:56:55.4563|INFO|StartTargetItem.cs|Execute|95|[Subframes] StartTargetItem: target start returned null (API unavailable or older version).
2026-05-31T02:56:55.4563|INFO|SequenceItem.cs|Run|254|Finishing [SubframesStartTarget] Target='Unknown Target' RA=0.0000 Dec=0.0000
2026-05-31T02:56:55.4564|INFO|MeridianFlipTrigger.cs|ShouldTrigger|265|Meridian Flip - There is still time remaining - max remaining time 04:40:02.8970818, next instruction time 0, next instruction Category: Ground Station, Item: Send to Telegram - and the telescope reports expected pier side pierWest. Automated Flip is not necessary.
2026-05-31T02:56:55.4564|INFO|SequenceItem.cs|Run|208|Starting Category: Ground Station, Item: Send to Telegram
2026-05-31T02:56:55.9532|INFO|SequenceItem.cs|Run|254|Finishing Category: Ground Station, Item: Send to Telegram
2026-05-31T02:56:55.9535|INFO|SequenceItem.cs|Run|254|Finishing Category: , Container: NINA.Plugin.TargetScheduler.Sequencer.InstructionContainer, Strategy: InstructionContainerStrategy, Items[FINISHED]: 2
2026-05-31T02:56:55.9553|INFO|MeridianFlipTrigger.cs|ShouldTrigger|265|Meridian Flip - There is still time remaining - max remaining time 04:40:02.8970818, next instruction time 0, next instruction NINA.Plugin.TargetScheduler.Sequencer.PlanSchedulerProgress - and the telescope reports expected pier side pierWest. Automated Flip is not necessary.
2026-05-31T02:56:55.9554|INFO|SequenceItem.cs|Run|208|Starting NINA.Plugin.TargetScheduler.Sequencer.PlanSchedulerProgress
2026-05-31T02:56:56.0823|INFO|SequenceItem.cs|Run|254|Finishing NINA.Plugin.TargetScheduler.Sequencer.PlanSchedulerProgress
2026-05-31T02:56:56.0828|INFO|MeridianFlipTrigger.cs|ShouldTrigger|265|Meridian Flip - There is still time remaining - max remaining time 04:40:02.8970818, next instruction time 0, next instruction Category: Scheduler, Item: SwitchFilter, Filter: H - and the telescope reports expected pier side pierWest. Automated Flip is not necessary.
2026-05-31T02:56:56.0828|INFO|SequenceItem.cs|Run|208|Starting Category: Scheduler, Item: SwitchFilter, Filter: H
2026-05-31T02:56:56.0837|INFO|SequenceItem.cs|Run|254|Finishing Category: Scheduler, Item: SwitchFilter, Filter: H
2026-05-31T02:56:56.0840|INFO|MeridianFlipTrigger.cs|ShouldTrigger|265|Meridian Flip - There is still time remaining - max remaining time 04:40:02.8970818, next instruction time 0, next instruction NINA.Plugin.TargetScheduler.Sequencer.PlanSchedulerProgress - and the telescope reports expected pier side pierWest. Automated Flip is not necessary.
2026-05-31T02:56:56.0840|INFO|SequenceItem.cs|Run|208|Starting NINA.Plugin.TargetScheduler.Sequencer.PlanSchedulerProgress
2026-05-31T02:56:56.0840|INFO|SequenceItem.cs|Run|254|Finishing NINA.Plugin.TargetScheduler.Sequencer.PlanSchedulerProgress
2026-05-31T02:56:56.0842|INFO|MeridianFlipTrigger.cs|ShouldTrigger|265|Meridian Flip - There is still time remaining - max remaining time 04:40:02.8970818, next instruction time 0, next instruction Category: Scheduler, Item: SetReadoutMode, Mode: 0 - and the telescope reports expected pier side pierWest. Automated Flip is not necessary.
2026-05-31T02:56:56.0842|INFO|SequenceItem.cs|Run|208|Starting Category: Scheduler, Item: SetReadoutMode, Mode: 0
2026-05-31T02:56:56.0843|INFO|SequenceItem.cs|Run|254|Finishing Category: Scheduler, Item: SetReadoutMode, Mode: 0
2026-05-31T02:56:56.0844|INFO|MeridianFlipTrigger.cs|ShouldTrigger|265|Meridian Flip - There is still time remaining - max remaining time 04:40:02.8970818, next instruction time 0, next instruction NINA.Plugin.TargetScheduler.Sequencer.PlanSchedulerProgress - and the telescope reports expected pier side pierWest. Automated Flip is not necessary.
2026-05-31T02:56:56.0845|INFO|SequenceItem.cs|Run|208|Starting NINA.Plugin.TargetScheduler.Sequencer.PlanSchedulerProgress
2026-05-31T02:56:56.1283|INFO|SequenceItem.cs|Run|254|Finishing NINA.Plugin.TargetScheduler.Sequencer.PlanSchedulerProgress
2026-05-31T02:56:56.1289|INFO|MeridianFlipTrigger.cs|ShouldTrigger|265|Meridian Flip - There is still time remaining - max remaining time 04:40:02.8970818, next instruction time 600, next instruction Category: Scheduler, Item: TakeExposure, ExposureTime 600, Gain 100, Offset 50, ImageType LIGHT, Binning 1x1 - and the telescope reports expected pier side pierWest. Automated Flip is not necessary.
2026-05-31T02:56:56.1290|INFO|DIYTrigger.cs|ShouldTrigger|109|DIY Trigger Restore Guiding ShouldTrigger returning true
2026-05-31T02:56:56.1290|INFO|SequenceTrigger.cs|Run|114|Starting Category: Powerups (Misc), Item: DIYTrigger
2026-05-31T02:56:56.1313|INFO|DIYTrigger.cs|Execute|95|DIY Trigger executing...
2026-05-31T02:56:56.1315|INFO|SequenceItem.cs|Run|208|Starting Category: * Instruction Set *, Container: NINA.Sequencer.Container.SequentialContainer, Strategy: SequentialStrategy, Items[CREATED]: 1, Triggers: Trigger: RestoreGuiding
2026-05-31T02:56:56.1540|INFO|MeridianFlipTrigger.cs|ShouldTrigger|265|Meridian Flip - There is still time remaining - max remaining time 04:40:02.8970818, next instruction time 0, next instruction Category: Powerups (Expressions), Item: IfFailed - and the telescope reports expected pier side pierWest. Automated Flip is not necessary.
2026-05-31T02:56:56.1541|INFO|SequenceItem.cs|Run|208|Starting Category: Powerups (Expressions), Item: IfFailed
2026-05-31T02:56:56.1541|INFO|SequenceItem.cs|Run|208|Starting Category: Guider, Item: StartGuiding
2026-05-31T02:56:56.1589|INFO|PHD2Guider.cs|StartGuidingPrivate|504|Phd2 - App is already guiding. Skipping start guiding
2026-05-31T02:56:56.1593|INFO|SequenceItem.cs|Run|254|Finishing Category: Guider, Item: StartGuiding
2026-05-31T02:56:56.1594|INFO|SequenceItem.cs|Run|254|Finishing Category: Powerups (Expressions), Item: IfFailed
2026-05-31T02:56:56.1595|INFO|SequenceItem.cs|Run|254|Finishing Category: * Instruction Set *, Container: NINA.Sequencer.Container.SequentialContainer, Strategy: SequentialStrategy, Items[FINISHED]: 1, Triggers: Trigger: RestoreGuiding
2026-05-31T02:56:56.1620|INFO|SequenceItem.cs|Run|208|Starting Category: Scheduler, Item: TakeExposure, ExposureTime 600, Gain 100, Offset 50, ImageType LIGHT, Binning 1x1
2026-05-31T02:56:56.1672|INFO|CameraVM.cs|Capture|742|Starting Exposure - Exposure Time: 600s; Filter: ; Gain: 100; Offset 50; Binning: 1x1;
2026-05-31T03:00:38.5924|INFO|TsProgressReader.cs|ReadProgressDelta|75|[Subframes] TS progress delta: DB not found at C:\Users\nicka\AppData\Local\NINA\SchedulerPlugin — Target Scheduler not installed or DB path mismatch.
2026-05-31T03:05:38.5916|INFO|TsProgressReader.cs|ReadProgressDelta|75|[Subframes] TS progress delta: DB not found at C:\Users\nicka\AppData\Local\NINA\SchedulerPlugin — Target Scheduler not installed or DB path mismatch.
2026-05-31T03:06:58.0204|INFO|SequenceItem.cs|Run|254|Finishing Category: Scheduler, Item: TakeExposure, ExposureTime 600, Gain 100, Offset 50, ImageType LIGHT, Binning 1x1
2026-05-31T03:06:58.0209|INFO|MeridianFlipTrigger.cs|ShouldTrigger|265|Meridian Flip - There is still time remaining - max remaining time 04:30:00.0943988, next instruction time 0, next instruction NINA.Plugin.TargetScheduler.Sequencer.PlanSchedulerProgress - and the telescope reports expected pier side pierWest. Automated Flip is not necessary.
2026-05-31T03:06:58.0210|INFO|SequenceItem.cs|Run|208|Starting NINA.Plugin.TargetScheduler.Sequencer.PlanSchedulerProgress
2026-05-31T03:06:58.0211|INFO|SequenceItem.cs|Run|254|Finishing NINA.Plugin.TargetScheduler.Sequencer.PlanSchedulerProgress
2026-05-31T03:07:00.0562|INFO|HocusFocusStarDetection.cs|Detect|413|Average HFR: 1.7812386241618992, HFR MAD: 0.15584157458655418, Detected Stars 893, Region: 0
2026-05-31T03:07:00.8322|INFO|BaseImageData.cs|SaveToDisk|346|Saved image to C:\ASTROIMAGES\NINA\2026-05-30\sh2-126 Panel 5 - NB\LIGHT\H\2026-05-31_02-56-56_sh2-126 Panel 5 - NB_LIGHT_H_-5.00C_G100-Exp-600.00s_MAXRMS-D0.76-R2.31_M-108.82_RMS-0.72_HFR-1.78_F-0022.fits
2026-05-31T03:07:00.8323|INFO|ImageSaveController.cs|DoWork|97|Successfully saved file at C:\ASTROIMAGES\NINA\2026-05-30\sh2-126 Panel 5 - NB\LIGHT\H\2026-05-31_02-56-56_sh2-126 Panel 5 - NB_LIGHT_H_-5.00C_G100-Exp-600.00s_MAXRMS-D0.76-R2.31_M-108.82_RMS-0.72_HFR-1.78_F-0022.fits. Duration Total: 00:00:02.8119145; BeforeSave: 00:00:00.0001156; BeforeFinalizeImageSaved: 00:00:02.4095199; FinalizeSaveTime: 00:00:00.4022782
2026-05-31T03:07:01.4417|INFO|SessionMetaDataWatcher.cs|WriteAcquisitionMetaData|63|Writing CSV acquisition summary: C:\ASTROIMAGES\NINA\2026-05-30\sh2-126 Panel 5 - NB\LIGHT\H\metadata\AcquisitionDetails.csv
2026-05-31T03:07:01.5341|INFO|SessionMetaDataWatcher.cs|WriteAcquisitionMetaData|82|Writing JSON acquisition summary: C:\ASTROIMAGES\NINA\2026-05-30\sh2-126 Panel 5 - NB\LIGHT\H\metadata\AcquisitionDetails.json
2026-05-31T03:07:01.5356|INFO|SessionMetaDataWatcher.cs|WriteImageMetaData|105|Writing CSV image metadata: C:\ASTROIMAGES\NINA\2026-05-30\sh2-126 Panel 5 - NB\LIGHT\H\metadata\ImageMetaData.csv
2026-05-31T03:07:01.5821|INFO|SessionMetaDataWatcher.cs|WriteImageMetaData|122|Writing JSON image metadata: C:\ASTROIMAGES\NINA\2026-05-30\sh2-126 Panel 5 - NB\LIGHT\H\metadata\ImageMetaData.json
2026-05-31T03:07:01.5835|INFO|SessionMetaDataWatcher.cs|WriteWeatherMetaData|169|Writing CSV weather metadata: C:\ASTROIMAGES\NINA\2026-05-30\sh2-126 Panel 5 - NB\LIGHT\H\metadata\WeatherData.csv
2026-05-31T03:07:01.6135|INFO|SessionMetaDataWatcher.cs|WriteWeatherMetaData|186|Writing JSON weather metadata: C:\ASTROIMAGES\NINA\2026-05-30\sh2-126 Panel 5 - NB\LIGHT\H\metadata\WeatherData.json
2026-05-31T03:07:01.6148|INFO|SessionService.cs|OnTargetDetectedAsync|663|[Subframes] Target detected: 'sh2-126 Panel 5 - NB' (was 'sh2-126 Panel 8 - NB')
2026-05-31T03:07:01.6547|INFO|SubframesClient.cs|StartTargetAsync|316|[Subframes] Target started:  name='sh2-126 Panel 5 - NB'
2026-05-31T03:07:01.6549|WARNING|SessionService.cs|StartTargetAsync|559|[Subframes] StartTarget failed — cached locally as 725dd4f5-6c1a-45d7-bd86-2ae8f62abecf for replay.
2026-05-31T03:07:02.1622|INFO|MeridianFlipTrigger.cs|ShouldTrigger|265|Meridian Flip - There is still time remaining - max remaining time 04:29:55.6974599, next instruction time 0, next instruction Category: Powerups (Fun-ctions), Item: GSSend - and the telescope reports expected pier side pierWest. Automated Flip is not necessary.
2026-05-31T03:07:02.1623|INFO|SequenceItem.cs|Run|208|Starting Category: Powerups (Fun-ctions), Item: GSSend
2026-05-31T03:07:02.1627|INFO|SendWithGS.cs|ProcessedScript|64|Replacing Image_ExposureTime with 600
2026-05-31T03:07:02.1628|INFO|SendWithGS.cs|ProcessedScript|64|Replacing Image_HFR with 1.781
2026-05-31T03:07:02.1629|INFO|SendWithGS.cs|ProcessedScript|64|Replacing Image_FWHM with 7.25
2026-05-31T03:07:02.1630|INFO|SendWithGS.cs|ProcessedScript|64|Replacing Altitude with 35.25483436188992
2026-05-31T03:07:02.1631|INFO|SendWithGS.cs|Execute|95|Sending to Ground Station: Exp: $$FWHEEL_FILTER_NAME$$ on $$TARGET_NAME$$ EXP: 600 HFR: 1.781 FWHM: 7.25  Altitude: 35.25483436188992 
2026-05-31T03:07:02.1649|INFO|SequenceItem.cs|Run|208|Starting Category: Ground Station, Item: Send to Telegram
2026-05-31T03:07:02.8669|INFO|SequenceItem.cs|Run|254|Finishing Category: Ground Station, Item: Send to Telegram
2026-05-31T03:07:02.8683|INFO|SequenceItem.cs|Run|254|Finishing Category: Powerups (Fun-ctions), Item: GSSend
2026-05-31T03:07:02.8939|INFO|MeridianFlipTrigger.cs|ShouldTrigger|265|Meridian Flip - There is still time remaining - max remaining time 04:29:53.9663800, next instruction time 0, next instruction Category: Powerups (Fun-ctions), Item: GSSend - and the telescope reports expected pier side pierWest. Automated Flip is not necessary.
2026-05-31T03:07:02.8940|INFO|SequenceItem.cs|Run|208|Starting Category: Powerups (Fun-ctions), Item: GSSend
2026-05-31T03:07:02.8943|INFO|SendWithGS.cs|ProcessedScript|64|Replacing Image_ExposureTime with 600
2026-05-31T03:07:02.8944|INFO|SendWithGS.cs|ProcessedScript|64|Replacing Image_HFR with 1.781
2026-05-31T03:07:02.8945|INFO|SendWithGS.cs|ProcessedScript|64|Replacing Image_FWHM with 7.25
2026-05-31T03:07:02.8946|INFO|SendWithGS.cs|ProcessedScript|64|Replacing Altitude with 35.25483436188992
2026-05-31T03:07:02.8946|INFO|SendWithGS.cs|Execute|95|Sending to Ground Station: Exp: $$FWHEEL_FILTER_NAME$$ on $$TARGET_NAME$$ EXP: 600 HFR: 1.781 FWHM: 7.25  Altitude: 35.25483436188992 
2026-05-31T03:07:02.8959|INFO|SequenceItem.cs|Run|208|Starting Category: Ground Station, Item: Send to Pushover, Title: IMAGE: $$TARGET_NAME$$
2026-05-31T03:07:03.0722|INFO|SequenceItem.cs|Run|254|Finishing Category: Ground Station, Item: Send to Pushover, Title: IMAGE: $$TARGET_NAME$$
2026-05-31T03:07:03.0734|INFO|SequenceItem.cs|Run|254|Finishing Category: Powerups (Fun-ctions), Item: GSSend
2026-05-31T03:07:03.3054|INFO|Symbol.cs|OnMessageReceived|627|Received message from Target Scheduler re: TargetScheduler-TargetStart
2026-05-31T03:07:03.3054|INFO|Symbol.cs|OnMessageReceived|635|TS_TargetName = sh2-126 Panel 5 - NB
2026-05-31T03:07:03.3055|INFO|Symbol.cs|OnMessageReceived|636|Expires at 05/31/2026 05:32:40 -05:00
2026-05-31T03:07:03.3055|INFO|Symbol.cs|OnMessageReceived|627|Received message from Target Scheduler re: TargetScheduler-TargetStart
2026-05-31T03:07:03.3055|INFO|Symbol.cs|OnMessageReceived|635|TS_TargetName = sh2-126 Panel 5 - NB
2026-05-31T03:07:03.3055|INFO|Symbol.cs|OnMessageReceived|636|Expires at 05/31/2026 05:32:40 -05:00
2026-05-31T03:07:03.3064|INFO|MeridianFlipTrigger.cs|ShouldTrigger|265|Meridian Flip - There is still time remaining - max remaining time 04:29:53.9663800, next instruction time 0, next instruction NINA.Plugin.TargetScheduler.Sequencer.PlanSchedulerProgress - and the telescope reports expected pier side pierWest. Automated Flip is not necessary.
2026-05-31T03:07:03.3066|INFO|SequenceItem.cs|Run|208|Starting NINA.Plugin.TargetScheduler.Sequencer.PlanSchedulerProgress
2026-05-31T03:07:03.3367|INFO|SequenceItem.cs|Run|254|Finishing NINA.Plugin.TargetScheduler.Sequencer.PlanSchedulerProgress
2026-05-31T03:07:03.3370|INFO|MeridianFlipTrigger.cs|ShouldTrigger|265|Meridian Flip - There is still time remaining - max remaining time 04:29:53.9663800, next instruction time 90, next instruction Category: , Item: Dither - and the telescope reports expected pier side pierWest. Automated Flip is not necessary.
2026-05-31T03:07:03.3370|INFO|SequenceItem.cs|Run|208|Starting Category: , Item: Dither
2026-05-31T03:07:03.3563|INFO|PHD2Client.cs|HandleGuidingDithered|309|PHD2Client: 🎯 GuidingDithered (DITHER START) - dx=-10.43, dy=10.50
2026-05-31T03:07:03.3564|INFO|DitherStatisticsVM.cs|OnPHD2GuidingDithered|752|🎯 DITHER START detected via GuidingDithered! dx=-10.43, dy=10.50
2026-05-31T03:07:03.3564|INFO|DitherStatisticsVM.cs|OnPHD2GuidingDithered|762|✅ Dither START recorded with pixel shift: (-10.43, 10.50)
2026-05-31T03:07:03.3565|INFO|PHD2Client.cs|StartDitherDataCollection|576|PHD2Client: Started dither data collection for 30 seconds (series #2)
2026-05-31T03:07:03.7748|INFO|StarfrontClient.cs|SendImageFile|249|[Rockwood] sent 2026-05-31_02-56-56_sh2-126 Panel 5 - NB_LIGHT_H_-5.00C_G100-Exp-600.00s_MAXRMS-D0.76-R2.31_M-108.82_RMS-0.72_HFR-1.78_F-0022.fits (27KB) object=sh2-126 Panel 5 - NB exptime=600s filter=H
2026-05-31T03:07:05.5327|INFO|SyncEngine.cs|SyncPendingFramesAsync|142|[Subframes] SyncEngine: synced 1 frames for session 470187b8-716c-4f60-bb85-9fd78307165c (accepted=1)
2026-05-31T03:07:06.6657|INFO|TsPreviewClient.cs|LookupCoordinatesByName|179|[Subframes] TsPreviewClient.LookupCoordinatesByName: TS database not found at C:\Users\nicka\AppData\Local\NINA\SchedulerPlugin
2026-05-31T03:07:06.6694|INFO|Plugin.cs|TrySendStationHeartbeatDebounced|971|[Subframes] Firing station heartbeat [image-saved preview update].
2026-05-31T03:07:06.6698|INFO|TsProgressReader.cs|ReadProgressDelta|75|[Subframes] TS progress delta: DB not found at C:\Users\nicka\AppData\Local\NINA\SchedulerPlugin — Target Scheduler not installed or DB path mismatch.
2026-05-31T03:07:33.3568|INFO|PHD2Client.cs|OnDitherCollectionComplete|657|PHD2Client: Dither data collection complete (timer). Collected 9 points.
2026-05-31T03:07:33.3597|INFO|PHD2Client.cs|WriteDitherAnalysisFile|738|PHD2Client: Dither analysis file written with 18 data points: 20260531_025632_dither_analysis.txt
2026-05-31T03:07:33.3624|INFO|PHD2Client.cs|WritePositivePeriodsFile|932|PHD2Client: Positive periods analysis written with 6 total periods across 3 multipliers: 20260531_025632_positive_periods.txt
2026-05-31T03:07:33.3629|INFO|PHD2Client.cs|AnalyzePositivePeriods|868|PHD2Client: Positive period analysis complete. firstPeriodPerSeries counts: 1.5σ=0, 2.0σ=0, 3.0σ=0
2026-05-31T03:07:33.3631|INFO|PHD2Client.cs|CalculateRecommendation|954|PHD2Client: Calculating recommendation from 2 dither series, RMS=0.2229, StdDev=0.1321
2026-05-31T03:07:33.3638|INFO|PHD2Client.cs|EstimateMinSettleTimeFallback|1102|PHD2Client: MinSettleTime estimated using fallback (first point below threshold)
2026-05-31T03:07:33.3639|INFO|PHD2Client.cs|CalculateRecommendation|987|PHD2Client: Dither recommendation calculated - Events: 2, SettlePixel: Q=0.42 B=0.49 P=0.62, MinSettle: Q=4.0s B=4.0s P=4.0s
2026-05-31T03:07:33.3642|INFO|DitherStatisticsVM.cs|OnDitherRecommendationUpdated|500|Dither recommendation updated on UI thread - Events: 2
2026-05-31T03:07:33.3644|INFO|PHD2Client.cs|RunAnalysisAndRecommendation|638|PHD2Client: RunAnalysisAndRecommendation completed - 18 points, 2 series
2026-05-31T03:07:37.5550|INFO|PHD2Client.cs|HandleSettleDone|343|PHD2Client: SettleDone - Status=0, Success=True, TotalFrames=11, DroppedFrames=0
2026-05-31T03:07:37.5552|INFO|DitherStatisticsVM.cs|OnPHD2SettleDone|794|✅ DITHER END - Success=True, SettleTime=34.20s, TotalFrames=11, DroppedFrames=0
2026-05-31T03:07:37.8914|INFO|SequenceItem.cs|Run|254|Finishing Category: , Item: Dither
2026-05-31T03:07:37.8921|INFO|MeridianFlipTrigger.cs|ShouldTrigger|265|Meridian Flip - There is still time remaining - max remaining time 04:29:17.3707685, next instruction time 0, next instruction NINA.Plugin.TargetScheduler.Sequencer.PlanSchedulerProgress - and the telescope reports expected pier side pierWest. Automated Flip is not necessary.
2026-05-31T03:07:37.8924|INFO|SequenceItem.cs|Run|208|Starting NINA.Plugin.TargetScheduler.Sequencer.PlanSchedulerProgress
2026-05-31T03:07:37.8925|INFO|SequenceItem.cs|Run|254|Finishing NINA.Plugin.TargetScheduler.Sequencer.PlanSchedulerProgress
2026-05-31T03:07:37.8929|INFO|MeridianFlipTrigger.cs|ShouldTrigger|265|Meridian Flip - There is still time remaining - max remaining time 04:29:17.3707685, next instruction time 0, next instruction Category: Scheduler, Item: SwitchFilter, Filter: H - and the telescope reports expected pier side pierWest. Automated Flip is not necessary.
2026-05-31T03:07:37.8930|INFO|SequenceItem.cs|Run|208|Starting Category: Scheduler, Item: SwitchFilter, Filter: H
2026-05-31T03:07:37.8944|INFO|SequenceItem.cs|Run|254|Finishing Category: Scheduler, Item: SwitchFilter, Filter: H
2026-05-31T03:07:37.8948|INFO|MeridianFlipTrigger.cs|ShouldTrigger|265|Meridian Flip - There is still time remaining - max remaining time 04:29:17.3707685, next instruction time 0, next instruction NINA.Plugin.TargetScheduler.Sequencer.PlanSchedulerProgress - and the telescope reports expected pier side pierWest. Automated Flip is not necessary.
2026-05-31T03:07:37.8950|INFO|SequenceItem.cs|Run|208|Starting NINA.Plugin.TargetScheduler.Sequencer.PlanSchedulerProgress
2026-05-31T03:07:37.8951|INFO|SequenceItem.cs|Run|254|Finishing NINA.Plugin.TargetScheduler.Sequencer.PlanSchedulerProgress
2026-05-31T03:07:37.8955|INFO|MeridianFlipTrigger.cs|ShouldTrigger|265|Meridian Flip - There is still time remaining - max remaining time 04:29:17.3707685, next instruction time 0, next instruction Category: Scheduler, Item: SetReadoutMode, Mode: 0 - and the telescope reports expected pier side pierWest. Automated Flip is not necessary.
2026-05-31T03:07:37.8956|INFO|SequenceItem.cs|Run|208|Starting Category: Scheduler, Item: SetReadoutMode, Mode: 0
2026-05-31T03:07:37.8958|INFO|SequenceItem.cs|Run|254|Finishing Category: Scheduler, Item: SetReadoutMode, Mode: 0
2026-05-31T03:07:37.8963|INFO|MeridianFlipTrigger.cs|ShouldTrigger|265|Meridian Flip - There is still time remaining - max remaining time 04:29:17.3707685, next instruction time 0, next instruction NINA.Plugin.TargetScheduler.Sequencer.PlanSchedulerProgress - and the telescope reports expected pier side pierWest. Automated Flip is not necessary.
2026-05-31T03:07:37.8964|INFO|SequenceItem.cs|Run|208|Starting NINA.Plugin.TargetScheduler.Sequencer.PlanSchedulerProgress
2026-05-31T03:07:37.8977|INFO|SequenceItem.cs|Run|254|Finishing NINA.Plugin.TargetScheduler.Sequencer.PlanSchedulerProgress
2026-05-31T03:07:37.8983|INFO|MeridianFlipTrigger.cs|ShouldTrigger|265|Meridian Flip - There is still time remaining - max remaining time 04:29:17.3707685, next instruction time 600, next instruction Category: Scheduler, Item: TakeExposure, ExposureTime 600, Gain 100, Offset 50, ImageType LIGHT, Binning 1x1 - and the telescope reports expected pier side pierWest. Automated Flip is not necessary.
2026-05-31T03:07:37.8984|INFO|DIYTrigger.cs|ShouldTrigger|109|DIY Trigger Restore Guiding ShouldTrigger returning true
2026-05-31T03:07:37.8985|INFO|SequenceTrigger.cs|Run|114|Starting Category: Powerups (Misc), Item: DIYTrigger
2026-05-31T03:07:37.9034|INFO|DIYTrigger.cs|Execute|95|DIY Trigger executing...
2026-05-31T03:07:37.9037|INFO|SequenceItem.cs|Run|208|Starting Category: * Instruction Set *, Container: NINA.Sequencer.Container.SequentialContainer, Strategy: SequentialStrategy, Items[CREATED]: 1, Triggers: Trigger: RestoreGuiding
2026-05-31T03:07:37.9044|INFO|MeridianFlipTrigger.cs|ShouldTrigger|265|Meridian Flip - There is still time remaining - max remaining time 04:29:17.3707685, next instruction time 0, next instruction Category: Powerups (Expressions), Item: IfFailed - and the telescope reports expected pier side pierWest. Automated Flip is not necessary.
2026-05-31T03:07:37.9045|INFO|SequenceItem.cs|Run|208|Starting Category: Powerups (Expressions), Item: IfFailed
2026-05-31T03:07:37.9046|INFO|SequenceItem.cs|Run|208|Starting Category: Guider, Item: StartGuiding
2026-05-31T03:07:37.9112|INFO|PHD2Guider.cs|StartGuidingPrivate|504|Phd2 - App is already guiding. Skipping start guiding
2026-05-31T03:07:37.9116|INFO|SequenceItem.cs|Run|254|Finishing Category: Guider, Item: StartGuiding
2026-05-31T03:07:37.9117|INFO|SequenceItem.cs|Run|254|Finishing Category: Powerups (Expressions), Item: IfFailed
2026-05-31T03:07:37.9120|INFO|SequenceItem.cs|Run|254|Finishing Category: * Instruction Set *, Container: NINA.Sequencer.Container.SequentialContainer, Strategy: SequentialStrategy, Items[FINISHED]: 1, Triggers: Trigger: RestoreGuiding
2026-05-31T03:07:37.9170|INFO|SequenceItem.cs|Run|208|Starting Category: Scheduler, Item: TakeExposure, ExposureTime 600, Gain 100, Offset 50, ImageType LIGHT, Binning 1x1
2026-05-31T03:07:37.9242|INFO|CameraVM.cs|Capture|742|Starting Exposure - Exposure Time: 600s; Filter: ; Gain: 100; Offset 50; Binning: 1x1;
2026-05-31T03:10:38.5980|INFO|TsProgressReader.cs|ReadProgressDelta|75|[Subframes] TS progress delta: DB not found at C:\Users\nicka\AppData\Local\NINA\SchedulerPlugin — Target Scheduler not installed or DB path mismatch.
2026-05-31T03:15:38.5926|INFO|TsProgressReader.cs|ReadProgressDelta|75|[Subframes] TS progress delta: DB not found at C:\Users\nicka\AppData\Local\NINA\SchedulerPlugin — Target Scheduler not installed or DB path mismatch.
2026-05-31T03:17:39.8113|INFO|SequenceItem.cs|Run|254|Finishing Category: Scheduler, Item: TakeExposure, ExposureTime 600, Gain 100, Offset 50, ImageType LIGHT, Binning 1x1
2026-05-31T03:17:39.8121|INFO|MeridianFlipTrigger.cs|ShouldTrigger|265|Meridian Flip - There is still time remaining - max remaining time 04:19:15.0252816, next instruction time 0, next instruction NINA.Plugin.TargetScheduler.Sequencer.PlanSchedulerProgress - and the telescope reports expected pier side pierWest. Automated Flip is not necessary.
2026-05-31T03:17:39.8123|INFO|SequenceItem.cs|Run|208|Starting NINA.Plugin.TargetScheduler.Sequencer.PlanSchedulerProgress
2026-05-31T03:17:39.8124|INFO|SequenceItem.cs|Run|254|Finishing NINA.Plugin.TargetScheduler.Sequencer.PlanSchedulerProgress
2026-05-31T03:17:41.6290|INFO|HocusFocusStarDetection.cs|Detect|413|Average HFR: 1.7561046735090593, HFR MAD: 0.1587270931245563, Detected Stars 886, Region: 0
2026-05-31T03:17:42.3948|INFO|BaseImageData.cs|SaveToDisk|346|Saved image to C:\ASTROIMAGES\NINA\2026-05-30\sh2-126 Panel 5 - NB\LIGHT\H\2026-05-31_03-07-37_sh2-126 Panel 5 - NB_LIGHT_H_-5.00C_G100-Exp-600.00s_MAXRMS-D1.24-R1.24_M-108.78_RMS-0.54_HFR-1.76_F-0023.fits
2026-05-31T03:17:42.3949|INFO|ImageSaveController.cs|DoWork|97|Successfully saved file at C:\ASTROIMAGES\NINA\2026-05-30\sh2-126 Panel 5 - NB\LIGHT\H\2026-05-31_03-07-37_sh2-126 Panel 5 - NB_LIGHT_H_-5.00C_G100-Exp-600.00s_MAXRMS-D1.24-R1.24_M-108.78_RMS-0.54_HFR-1.76_F-0023.fits. Duration Total: 00:00:02.5835335; BeforeSave: 00:00:00.0001253; BeforeFinalizeImageSaved: 00:00:02.1993151; FinalizeSaveTime: 00:00:00.3840920
2026-05-31T03:17:43.0234|WARNING|SessionMetaDataWatcher.cs|WriteAcquisitionMetaData|73|acquisition file already exists, will not overwrite: C:\ASTROIMAGES\NINA\2026-05-30\sh2-126 Panel 5 - NB\LIGHT\H\metadata\AcquisitionDetails.csv
2026-05-31T03:17:43.0235|WARNING|SessionMetaDataWatcher.cs|WriteAcquisitionMetaData|93|acquisition file already exists, will not overwrite: C:\ASTROIMAGES\NINA\2026-05-30\sh2-126 Panel 5 - NB\LIGHT\H\metadata\AcquisitionDetails.json
2026-05-31T03:17:43.0238|INFO|SessionMetaDataWatcher.cs|WriteImageMetaData|105|Writing CSV image metadata: C:\ASTROIMAGES\NINA\2026-05-30\sh2-126 Panel 5 - NB\LIGHT\H\metadata\ImageMetaData.csv
2026-05-31T03:17:43.1181|INFO|SessionMetaDataWatcher.cs|WriteImageMetaData|122|Writing JSON image metadata: C:\ASTROIMAGES\NINA\2026-05-30\sh2-126 Panel 5 - NB\LIGHT\H\metadata\ImageMetaData.json
2026-05-31T03:17:43.1201|INFO|SessionMetaDataWatcher.cs|WriteWeatherMetaData|169|Writing CSV weather metadata: C:\ASTROIMAGES\NINA\2026-05-30\sh2-126 Panel 5 - NB\LIGHT\H\metadata\WeatherData.csv
2026-05-31T03:17:43.1475|INFO|SessionMetaDataWatcher.cs|WriteWeatherMetaData|186|Writing JSON weather metadata: C:\ASTROIMAGES\NINA\2026-05-30\sh2-126 Panel 5 - NB\LIGHT\H\metadata\WeatherData.json
2026-05-31T03:17:43.1488|INFO|SessionService.cs|OnTargetDetectedAsync|663|[Subframes] Target detected: 'sh2-126 Panel 5 - NB' (was 'sh2-126 Panel 5 - NB')
2026-05-31T03:17:43.1840|INFO|SubframesClient.cs|StartTargetAsync|316|[Subframes] Target started:  name='sh2-126 Panel 5 - NB'
2026-05-31T03:17:43.1842|WARNING|SessionService.cs|StartTargetAsync|559|[Subframes] StartTarget failed — cached locally as b27e5638-7edb-40e1-bfb5-3f0185e3dad7 for replay.
2026-05-31T03:17:43.7510|INFO|MeridianFlipTrigger.cs|ShouldTrigger|265|Meridian Flip - There is still time remaining - max remaining time 04:19:11.0404803, next instruction time 0, next instruction Category: Powerups (Fun-ctions), Item: GSSend - and the telescope reports expected pier side pierWest. Automated Flip is not necessary.
2026-05-31T03:17:43.7511|INFO|SequenceItem.cs|Run|208|Starting Category: Powerups (Fun-ctions), Item: GSSend
2026-05-31T03:17:43.7514|INFO|SendWithGS.cs|ProcessedScript|64|Replacing Image_ExposureTime with 600
2026-05-31T03:17:43.7515|INFO|SendWithGS.cs|ProcessedScript|64|Replacing Image_HFR with 1.756
2026-05-31T03:17:43.7516|INFO|SendWithGS.cs|ProcessedScript|64|Replacing Image_FWHM with 7.17
2026-05-31T03:17:43.7517|INFO|SendWithGS.cs|ProcessedScript|64|Replacing Altitude with 37.27069032121285
2026-05-31T03:17:43.7517|INFO|SendWithGS.cs|Execute|95|Sending to Ground Station: Exp: $$FWHEEL_FILTER_NAME$$ on $$TARGET_NAME$$ EXP: 600 HFR: 1.756 FWHM: 7.17  Altitude: 37.27069032121285 
2026-05-31T03:17:43.7530|INFO|SequenceItem.cs|Run|208|Starting Category: Ground Station, Item: Send to Telegram
2026-05-31T03:17:44.6912|INFO|SequenceItem.cs|Run|254|Finishing Category: Ground Station, Item: Send to Telegram
2026-05-31T03:17:44.6923|INFO|SequenceItem.cs|Run|254|Finishing Category: Powerups (Fun-ctions), Item: GSSend
2026-05-31T03:17:44.6926|INFO|MeridianFlipTrigger.cs|ShouldTrigger|265|Meridian Flip - There is still time remaining - max remaining time 04:19:08.9268338, next instruction time 0, next instruction Category: Powerups (Fun-ctions), Item: GSSend - and the telescope reports expected pier side pierWest. Automated Flip is not necessary.
2026-05-31T03:17:44.6927|INFO|SequenceItem.cs|Run|208|Starting Category: Powerups (Fun-ctions), Item: GSSend
2026-05-31T03:17:44.6930|INFO|SendWithGS.cs|ProcessedScript|64|Replacing Image_ExposureTime with 600
2026-05-31T03:17:44.6931|INFO|SendWithGS.cs|ProcessedScript|64|Replacing Image_HFR with 1.756
2026-05-31T03:17:44.6932|INFO|SendWithGS.cs|ProcessedScript|64|Replacing Image_FWHM with 7.17
2026-05-31T03:17:44.6933|INFO|SendWithGS.cs|ProcessedScript|64|Replacing Altitude with 37.27069032121285
2026-05-31T03:17:44.6933|INFO|SendWithGS.cs|Execute|95|Sending to Ground Station: Exp: $$FWHEEL_FILTER_NAME$$ on $$TARGET_NAME$$ EXP: 600 HFR: 1.756 FWHM: 7.17  Altitude: 37.27069032121285 
2026-05-31T03:17:44.6942|INFO|SequenceItem.cs|Run|208|Starting Category: Ground Station, Item: Send to Pushover, Title: IMAGE: $$TARGET_NAME$$
2026-05-31T03:17:44.9163|INFO|SequenceItem.cs|Run|254|Finishing Category: Ground Station, Item: Send to Pushover, Title: IMAGE: $$TARGET_NAME$$
2026-05-31T03:17:44.9174|INFO|SequenceItem.cs|Run|254|Finishing Category: Powerups (Fun-ctions), Item: GSSend
2026-05-31T03:17:45.2031|INFO|Symbol.cs|OnMessageReceived|627|Received message from Target Scheduler re: TargetScheduler-TargetStart
2026-05-31T03:17:45.2031|INFO|Symbol.cs|OnMessageReceived|635|TS_TargetName = sh2-126 Panel 5 - NB
2026-05-31T03:17:45.2031|INFO|Symbol.cs|OnMessageReceived|636|Expires at 05/31/2026 05:32:40 -05:00
2026-05-31T03:17:45.2032|INFO|Symbol.cs|OnMessageReceived|627|Received message from Target Scheduler re: TargetScheduler-TargetStart
2026-05-31T03:17:45.2032|INFO|Symbol.cs|OnMessageReceived|635|TS_TargetName = sh2-126 Panel 5 - NB
2026-05-31T03:17:45.2032|INFO|Symbol.cs|OnMessageReceived|636|Expires at 05/31/2026 05:32:40 -05:00
2026-05-31T03:17:45.2063|INFO|MeridianFlipTrigger.cs|ShouldTrigger|265|Meridian Flip - There is still time remaining - max remaining time 04:19:08.9268338, next instruction time 0, next instruction NINA.Plugin.TargetScheduler.Sequencer.PlanSchedulerProgress - and the telescope reports expected pier side pierWest. Automated Flip is not necessary.
2026-05-31T03:17:45.2064|INFO|SequenceItem.cs|Run|208|Starting NINA.Plugin.TargetScheduler.Sequencer.PlanSchedulerProgress
2026-05-31T03:17:45.2065|INFO|SequenceItem.cs|Run|254|Finishing NINA.Plugin.TargetScheduler.Sequencer.PlanSchedulerProgress
2026-05-31T03:17:45.2066|INFO|MeridianFlipTrigger.cs|ShouldTrigger|265|Meridian Flip - There is still time remaining - max remaining time 04:19:08.9268338, next instruction time 0, next instruction Category: Scheduler, Item: SwitchFilter, Filter: H - and the telescope reports expected pier side pierWest. Automated Flip is not necessary.
2026-05-31T03:17:45.2066|INFO|SequenceItem.cs|Run|208|Starting Category: Scheduler, Item: SwitchFilter, Filter: H
2026-05-31T03:17:45.2091|INFO|SequenceItem.cs|Run|254|Finishing Category: Scheduler, Item: SwitchFilter, Filter: H
2026-05-31T03:17:45.2094|INFO|MeridianFlipTrigger.cs|ShouldTrigger|265|Meridian Flip - There is still time remaining - max remaining time 04:19:08.9268338, next instruction time 0, next instruction NINA.Plugin.TargetScheduler.Sequencer.PlanSchedulerProgress - and the telescope reports expected pier side pierWest. Automated Flip is not necessary.
2026-05-31T03:17:45.2095|INFO|SequenceItem.cs|Run|208|Starting NINA.Plugin.TargetScheduler.Sequencer.PlanSchedulerProgress
2026-05-31T03:17:45.2095|INFO|SequenceItem.cs|Run|254|Finishing NINA.Plugin.TargetScheduler.Sequencer.PlanSchedulerProgress
2026-05-31T03:17:45.2098|INFO|MeridianFlipTrigger.cs|ShouldTrigger|265|Meridian Flip - There is still time remaining - max remaining time 04:19:08.9268338, next instruction time 0, next instruction Category: Scheduler, Item: SetReadoutMode, Mode: 0 - and the telescope reports expected pier side pierWest. Automated Flip is not necessary.
2026-05-31T03:17:45.2098|INFO|SequenceItem.cs|Run|208|Starting Category: Scheduler, Item: SetReadoutMode, Mode: 0
2026-05-31T03:17:45.2100|INFO|SequenceItem.cs|Run|254|Finishing Category: Scheduler, Item: SetReadoutMode, Mode: 0
2026-05-31T03:17:45.2101|INFO|MeridianFlipTrigger.cs|ShouldTrigger|265|Meridian Flip - There is still time remaining - max remaining time 04:19:08.9268338, next instruction time 0, next instruction NINA.Plugin.TargetScheduler.Sequencer.PlanSchedulerProgress - and the telescope reports expected pier side pierWest. Automated Flip is not necessary.
2026-05-31T03:17:45.2101|INFO|SequenceItem.cs|Run|208|Starting NINA.Plugin.TargetScheduler.Sequencer.PlanSchedulerProgress
2026-05-31T03:17:45.2190|INFO|SequenceItem.cs|Run|254|Finishing NINA.Plugin.TargetScheduler.Sequencer.PlanSchedulerProgress
2026-05-31T03:17:45.2194|INFO|MeridianFlipTrigger.cs|ShouldTrigger|265|Meridian Flip - There is still time remaining - max remaining time 04:19:08.9268338, next instruction time 600, next instruction Category: Scheduler, Item: TakeExposure, ExposureTime 600, Gain 100, Offset 50, ImageType LIGHT, Binning 1x1 - and the telescope reports expected pier side pierWest. Automated Flip is not necessary.
2026-05-31T03:17:45.2195|INFO|DIYTrigger.cs|ShouldTrigger|109|DIY Trigger Restore Guiding ShouldTrigger returning true
2026-05-31T03:17:45.2195|INFO|SequenceTrigger.cs|Run|114|Starting Category: Powerups (Misc), Item: DIYTrigger
2026-05-31T03:17:45.2223|INFO|DIYTrigger.cs|Execute|95|DIY Trigger executing...
2026-05-31T03:17:45.2224|INFO|SequenceItem.cs|Run|208|Starting Category: * Instruction Set *, Container: NINA.Sequencer.Container.SequentialContainer, Strategy: SequentialStrategy, Items[CREATED]: 1, Triggers: Trigger: RestoreGuiding
2026-05-31T03:17:45.2227|INFO|MeridianFlipTrigger.cs|ShouldTrigger|265|Meridian Flip - There is still time remaining - max remaining time 04:19:08.9268338, next instruction time 0, next instruction Category: Powerups (Expressions), Item: IfFailed - and the telescope reports expected pier side pierWest. Automated Flip is not necessary.
2026-05-31T03:17:45.2228|INFO|SequenceItem.cs|Run|208|Starting Category: Powerups (Expressions), Item: IfFailed
2026-05-31T03:17:45.2228|INFO|SequenceItem.cs|Run|208|Starting Category: Guider, Item: StartGuiding
2026-05-31T03:17:45.2262|INFO|PHD2Guider.cs|StartGuidingPrivate|504|Phd2 - App is already guiding. Skipping start guiding
2026-05-31T03:17:45.2263|INFO|SequenceItem.cs|Run|254|Finishing Category: Guider, Item: StartGuiding
2026-05-31T03:17:45.2264|INFO|SequenceItem.cs|Run|254|Finishing Category: Powerups (Expressions), Item: IfFailed
2026-05-31T03:17:45.2266|INFO|SequenceItem.cs|Run|254|Finishing Category: * Instruction Set *, Container: NINA.Sequencer.Container.SequentialContainer, Strategy: SequentialStrategy, Items[FINISHED]: 1, Triggers: Trigger: RestoreGuiding
2026-05-31T03:17:45.2289|INFO|SequenceItem.cs|Run|208|Starting Category: Scheduler, Item: TakeExposure, ExposureTime 600, Gain 100, Offset 50, ImageType LIGHT, Binning 1x1
2026-05-31T03:17:45.2349|INFO|CameraVM.cs|Capture|742|Starting Exposure - Exposure Time: 600s; Filter: ; Gain: 100; Offset 50; Binning: 1x1;
2026-05-31T03:17:45.3680|INFO|StarfrontClient.cs|SendImageFile|249|[Rockwood] sent 2026-05-31_03-07-37_sh2-126 Panel 5 - NB_LIGHT_H_-5.00C_G100-Exp-600.00s_MAXRMS-D1.24-R1.24_M-108.78_RMS-0.54_HFR-1.76_F-0023.fits (27KB) object=sh2-126 Panel 5 - NB exptime=600s filter=H
2026-05-31T03:17:48.3284|WARNING|TsPreviewClient.cs|FetchPreviewAsync|161|[Subframes] TsPreviewClient.FetchPreviewAsync failed for profile '533M-AT60' (0173997c-4bfa-48fd-9337-a48b6df99c38): TaskCanceledException: The request was canceled due to the configured HttpClient.Timeout of 5 seconds elapsing.
2026-05-31T03:18:05.5324|INFO|SyncEngine.cs|SyncPendingFramesAsync|142|[Subframes] SyncEngine: synced 1 frames for session 470187b8-716c-4f60-bb85-9fd78307165c (accepted=1)
2026-05-31T03:20:38.5919|INFO|TsProgressReader.cs|ReadProgressDelta|75|[Subframes] TS progress delta: DB not found at C:\Users\nicka\AppData\Local\NINA\SchedulerPlugin — Target Scheduler not installed or DB path mismatch.
2026-05-31T03:25:38.5935|INFO|TsProgressReader.cs|ReadProgressDelta|75|[Subframes] TS progress delta: DB not found at C:\Users\nicka\AppData\Local\NINA\SchedulerPlugin — Target Scheduler not installed or DB path mismatch.
2026-05-31T03:27:47.1080|INFO|SequenceItem.cs|Run|254|Finishing Category: Scheduler, Item: TakeExposure, ExposureTime 600, Gain 100, Offset 50, ImageType LIGHT, Binning 1x1
2026-05-31T03:27:47.1083|INFO|MeridianFlipTrigger.cs|ShouldTrigger|265|Meridian Flip - There is still time remaining - max remaining time 04:09:07.0610036, next instruction time 0, next instruction NINA.Plugin.TargetScheduler.Sequencer.PlanSchedulerProgress - and the telescope reports expected pier side pierWest. Automated Flip is not necessary.
2026-05-31T03:27:47.1084|INFO|SequenceItem.cs|Run|208|Starting NINA.Plugin.TargetScheduler.Sequencer.PlanSchedulerProgress
2026-05-31T03:27:47.1084|INFO|SequenceItem.cs|Run|254|Finishing NINA.Plugin.TargetScheduler.Sequencer.PlanSchedulerProgress
2026-05-31T03:27:49.3661|INFO|HocusFocusStarDetection.cs|Detect|413|Average HFR: 1.753707031254238, HFR MAD: 0.15570882018473245, Detected Stars 870, Region: 0
2026-05-31T03:27:50.0911|INFO|BaseImageData.cs|SaveToDisk|346|Saved image to C:\ASTROIMAGES\NINA\2026-05-30\sh2-126 Panel 5 - NB\LIGHT\H\2026-05-31_03-17-45_sh2-126 Panel 5 - NB_LIGHT_H_-5.00C_G100-Exp-600.00s_MAXRMS-D0.68-R1.10_M-108.74_RMS-0.40_HFR-1.75_F-0024.fits
2026-05-31T03:27:50.0913|INFO|ImageSaveController.cs|DoWork|97|Successfully saved file at C:\ASTROIMAGES\NINA\2026-05-30\sh2-126 Panel 5 - NB\LIGHT\H\2026-05-31_03-17-45_sh2-126 Panel 5 - NB_LIGHT_H_-5.00C_G100-Exp-600.00s_MAXRMS-D0.68-R1.10_M-108.74_RMS-0.40_HFR-1.75_F-0024.fits. Duration Total: 00:00:02.9833253; BeforeSave: 00:00:00.0001111; BeforeFinalizeImageSaved: 00:00:02.6039273; FinalizeSaveTime: 00:00:00.3792857
2026-05-31T03:27:50.6672|WARNING|SessionMetaDataWatcher.cs|WriteAcquisitionMetaData|73|acquisition file already exists, will not overwrite: C:\ASTROIMAGES\NINA\2026-05-30\sh2-126 Panel 5 - NB\LIGHT\H\metadata\AcquisitionDetails.csv
2026-05-31T03:27:50.6675|WARNING|SessionMetaDataWatcher.cs|WriteAcquisitionMetaData|93|acquisition file already exists, will not overwrite: C:\ASTROIMAGES\NINA\2026-05-30\sh2-126 Panel 5 - NB\LIGHT\H\metadata\AcquisitionDetails.json
2026-05-31T03:27:50.6678|INFO|SessionMetaDataWatcher.cs|WriteImageMetaData|105|Writing CSV image metadata: C:\ASTROIMAGES\NINA\2026-05-30\sh2-126 Panel 5 - NB\LIGHT\H\metadata\ImageMetaData.csv
2026-05-31T03:27:50.7036|INFO|SessionMetaDataWatcher.cs|WriteImageMetaData|122|Writing JSON image metadata: C:\ASTROIMAGES\NINA\2026-05-30\sh2-126 Panel 5 - NB\LIGHT\H\metadata\ImageMetaData.json
2026-05-31T03:27:50.7058|INFO|SessionMetaDataWatcher.cs|WriteWeatherMetaData|169|Writing CSV weather metadata: C:\ASTROIMAGES\NINA\2026-05-30\sh2-126 Panel 5 - NB\LIGHT\H\metadata\WeatherData.csv
2026-05-31T03:27:50.7382|INFO|SessionMetaDataWatcher.cs|WriteWeatherMetaData|186|Writing JSON weather metadata: C:\ASTROIMAGES\NINA\2026-05-30\sh2-126 Panel 5 - NB\LIGHT\H\metadata\WeatherData.json
2026-05-31T03:27:50.7396|INFO|SessionService.cs|OnTargetDetectedAsync|663|[Subframes] Target detected: 'sh2-126 Panel 5 - NB' (was 'sh2-126 Panel 5 - NB')
2026-05-31T03:27:50.7737|INFO|SubframesClient.cs|StartTargetAsync|316|[Subframes] Target started:  name='sh2-126 Panel 5 - NB'
2026-05-31T03:27:50.7738|WARNING|SessionService.cs|StartTargetAsync|559|[Subframes] StartTarget failed — cached locally as f544f159-f4af-47aa-add3-b34a03d5664c for replay.
2026-05-31T03:27:51.3872|INFO|MeridianFlipTrigger.cs|ShouldTrigger|265|Meridian Flip - There is still time remaining - max remaining time 04:09:03.0395633, next instruction time 0, next instruction Category: Powerups (Fun-ctions), Item: GSSend - and the telescope reports expected pier side pierWest. Automated Flip is not necessary.
2026-05-31T03:27:51.3872|INFO|SequenceItem.cs|Run|208|Starting Category: Powerups (Fun-ctions), Item: GSSend
2026-05-31T03:27:51.3875|INFO|SendWithGS.cs|ProcessedScript|64|Replacing Image_ExposureTime with 600
2026-05-31T03:27:51.3876|INFO|SendWithGS.cs|ProcessedScript|64|Replacing Image_HFR with 1.754
2026-05-31T03:27:51.3877|INFO|SendWithGS.cs|ProcessedScript|64|Replacing Image_FWHM with 7.19
2026-05-31T03:27:51.3878|INFO|SendWithGS.cs|ProcessedScript|64|Replacing Altitude with 39.17157696847777
2026-05-31T03:27:51.3879|INFO|SendWithGS.cs|Execute|95|Sending to Ground Station: Exp: $$FWHEEL_FILTER_NAME$$ on $$TARGET_NAME$$ EXP: 600 HFR: 1.754 FWHM: 7.19  Altitude: 39.17157696847777 
2026-05-31T03:27:51.3890|INFO|SequenceItem.cs|Run|208|Starting Category: Ground Station, Item: Send to Telegram
2026-05-31T03:27:52.1034|INFO|SequenceItem.cs|Run|254|Finishing Category: Ground Station, Item: Send to Telegram
2026-05-31T03:27:52.1047|INFO|SequenceItem.cs|Run|254|Finishing Category: Powerups (Fun-ctions), Item: GSSend
2026-05-31T03:27:52.1050|INFO|MeridianFlipTrigger.cs|ShouldTrigger|265|Meridian Flip - There is still time remaining - max remaining time 04:09:03.0395633, next instruction time 0, next instruction Category: Powerups (Fun-ctions), Item: GSSend - and the telescope reports expected pier side pierWest. Automated Flip is not necessary.
2026-05-31T03:27:52.1051|INFO|SequenceItem.cs|Run|208|Starting Category: Powerups (Fun-ctions), Item: GSSend
2026-05-31T03:27:52.1053|INFO|SendWithGS.cs|ProcessedScript|64|Replacing Image_ExposureTime with 600
2026-05-31T03:27:52.1054|INFO|SendWithGS.cs|ProcessedScript|64|Replacing Image_HFR with 1.754
2026-05-31T03:27:52.1057|INFO|SendWithGS.cs|ProcessedScript|64|Replacing Image_FWHM with 7.19
2026-05-31T03:27:52.1058|INFO|SendWithGS.cs|ProcessedScript|64|Replacing Altitude with 39.17157696847777
2026-05-31T03:27:52.1058|INFO|SendWithGS.cs|Execute|95|Sending to Ground Station: Exp: $$FWHEEL_FILTER_NAME$$ on $$TARGET_NAME$$ EXP: 600 HFR: 1.754 FWHM: 7.19  Altitude: 39.17157696847777 
2026-05-31T03:27:52.1070|INFO|SequenceItem.cs|Run|208|Starting Category: Ground Station, Item: Send to Pushover, Title: IMAGE: $$TARGET_NAME$$
2026-05-31T03:27:52.3102|INFO|SequenceItem.cs|Run|254|Finishing Category: Ground Station, Item: Send to Pushover, Title: IMAGE: $$TARGET_NAME$$
2026-05-31T03:27:52.3115|INFO|SequenceItem.cs|Run|254|Finishing Category: Powerups (Fun-ctions), Item: GSSend
2026-05-31T03:27:52.5182|INFO|Symbol.cs|OnMessageReceived|627|Received message from Target Scheduler re: TargetScheduler-TargetStart
2026-05-31T03:27:52.5182|INFO|Symbol.cs|OnMessageReceived|635|TS_TargetName = sh2-126 Panel 5 - NB
2026-05-31T03:27:52.5183|INFO|Symbol.cs|OnMessageReceived|636|Expires at 05/31/2026 05:32:40 -05:00
2026-05-31T03:27:52.5183|INFO|Symbol.cs|OnMessageReceived|627|Received message from Target Scheduler re: TargetScheduler-TargetStart
2026-05-31T03:27:52.5183|INFO|Symbol.cs|OnMessageReceived|635|TS_TargetName = sh2-126 Panel 5 - NB
2026-05-31T03:27:52.5183|INFO|Symbol.cs|OnMessageReceived|636|Expires at 05/31/2026 05:32:40 -05:00
2026-05-31T03:27:52.5189|INFO|MeridianFlipTrigger.cs|ShouldTrigger|265|Meridian Flip - There is still time remaining - max remaining time 04:09:00.9930300, next instruction time 0, next instruction NINA.Plugin.TargetScheduler.Sequencer.PlanSchedulerProgress - and the telescope reports expected pier side pierWest. Automated Flip is not necessary.
2026-05-31T03:27:52.5190|INFO|SequenceItem.cs|Run|208|Starting NINA.Plugin.TargetScheduler.Sequencer.PlanSchedulerProgress
2026-05-31T03:27:52.5319|INFO|SequenceItem.cs|Run|254|Finishing NINA.Plugin.TargetScheduler.Sequencer.PlanSchedulerProgress
2026-05-31T03:27:52.5322|INFO|MeridianFlipTrigger.cs|ShouldTrigger|265|Meridian Flip - There is still time remaining - max remaining time 04:09:00.9930300, next instruction time 90, next instruction Category: , Item: Dither - and the telescope reports expected pier side pierWest. Automated Flip is not necessary.
2026-05-31T03:27:52.5322|INFO|SequenceItem.cs|Run|208|Starting Category: , Item: Dither
2026-05-31T03:27:52.5489|INFO|PHD2Client.cs|HandleGuidingDithered|309|PHD2Client: 🎯 GuidingDithered (DITHER START) - dx=2.89, dy=-0.68
2026-05-31T03:27:52.5490|INFO|DitherStatisticsVM.cs|OnPHD2GuidingDithered|752|🎯 DITHER START detected via GuidingDithered! dx=2.89, dy=-0.68
2026-05-31T03:27:52.5490|INFO|DitherStatisticsVM.cs|OnPHD2GuidingDithered|762|✅ Dither START recorded with pixel shift: (2.89, -0.68)
2026-05-31T03:27:52.5490|INFO|PHD2Client.cs|StartDitherDataCollection|576|PHD2Client: Started dither data collection for 30 seconds (series #3)
2026-05-31T03:27:53.0850|INFO|StarfrontClient.cs|SendImageFile|249|[Rockwood] sent 2026-05-31_03-17-45_sh2-126 Panel 5 - NB_LIGHT_H_-5.00C_G100-Exp-600.00s_MAXRMS-D0.68-R1.10_M-108.74_RMS-0.40_HFR-1.75_F-0024.fits (27KB) object=sh2-126 Panel 5 - NB exptime=600s filter=H
2026-05-31T03:27:55.7869|INFO|TsPreviewClient.cs|LookupCoordinatesByName|179|[Subframes] TsPreviewClient.LookupCoordinatesByName: TS database not found at C:\Users\nicka\AppData\Local\NINA\SchedulerPlugin
2026-05-31T03:27:55.7874|INFO|Plugin.cs|TrySendStationHeartbeatDebounced|971|[Subframes] Firing station heartbeat [image-saved preview update].
2026-05-31T03:27:55.7876|INFO|TsProgressReader.cs|ReadProgressDelta|75|[Subframes] TS progress delta: DB not found at C:\Users\nicka\AppData\Local\NINA\SchedulerPlugin — Target Scheduler not installed or DB path mismatch.
2026-05-31T03:28:05.5339|INFO|SyncEngine.cs|SyncPendingFramesAsync|142|[Subframes] SyncEngine: synced 1 frames for session 470187b8-716c-4f60-bb85-9fd78307165c (accepted=1)
2026-05-31T03:28:18.7128|INFO|PHD2Client.cs|HandleSettleDone|343|PHD2Client: SettleDone - Status=0, Success=True, TotalFrames=11, DroppedFrames=0
2026-05-31T03:28:18.7129|INFO|DitherStatisticsVM.cs|OnPHD2SettleDone|794|✅ DITHER END - Success=True, SettleTime=26.16s, TotalFrames=11, DroppedFrames=0
2026-05-31T03:28:19.0890|INFO|SequenceItem.cs|Run|254|Finishing Category: , Item: Dither
2026-05-31T03:28:19.0898|INFO|MeridianFlipTrigger.cs|ShouldTrigger|265|Meridian Flip - There is still time remaining - max remaining time 04:08:35.5033724, next instruction time 0, next instruction NINA.Plugin.TargetScheduler.Sequencer.PlanSchedulerProgress - and the telescope reports expected pier side pierWest. Automated Flip is not necessary.
2026-05-31T03:28:19.0900|INFO|SequenceItem.cs|Run|208|Starting NINA.Plugin.TargetScheduler.Sequencer.PlanSchedulerProgress
2026-05-31T03:28:19.0901|INFO|SequenceItem.cs|Run|254|Finishing NINA.Plugin.TargetScheduler.Sequencer.PlanSchedulerProgress
2026-05-31T03:28:19.0905|INFO|MeridianFlipTrigger.cs|ShouldTrigger|265|Meridian Flip - There is still time remaining - max remaining time 04:08:35.5033724, next instruction time 0, next instruction Category: Scheduler, Item: SwitchFilter, Filter: H - and the telescope reports expected pier side pierWest. Automated Flip is not necessary.
2026-05-31T03:28:19.0906|INFO|SequenceItem.cs|Run|208|Starting Category: Scheduler, Item: SwitchFilter, Filter: H
2026-05-31T03:28:19.0921|INFO|SequenceItem.cs|Run|254|Finishing Category: Scheduler, Item: SwitchFilter, Filter: H
2026-05-31T03:28:19.0926|INFO|MeridianFlipTrigger.cs|ShouldTrigger|265|Meridian Flip - There is still time remaining - max remaining time 04:08:35.5033724, next instruction time 0, next instruction NINA.Plugin.TargetScheduler.Sequencer.PlanSchedulerProgress - and the telescope reports expected pier side pierWest. Automated Flip is not necessary.
2026-05-31T03:28:19.0928|INFO|SequenceItem.cs|Run|208|Starting NINA.Plugin.TargetScheduler.Sequencer.PlanSchedulerProgress
2026-05-31T03:28:19.0930|INFO|SequenceItem.cs|Run|254|Finishing NINA.Plugin.TargetScheduler.Sequencer.PlanSchedulerProgress
2026-05-31T03:28:19.0933|INFO|MeridianFlipTrigger.cs|ShouldTrigger|265|Meridian Flip - There is still time remaining - max remaining time 04:08:35.5033724, next instruction time 0, next instruction Category: Scheduler, Item: SetReadoutMode, Mode: 0 - and the telescope reports expected pier side pierWest. Automated Flip is not necessary.
2026-05-31T03:28:19.0934|INFO|SequenceItem.cs|Run|208|Starting Category: Scheduler, Item: SetReadoutMode, Mode: 0
2026-05-31T03:28:19.0937|INFO|SequenceItem.cs|Run|254|Finishing Category: Scheduler, Item: SetReadoutMode, Mode: 0
2026-05-31T03:28:19.0941|INFO|MeridianFlipTrigger.cs|ShouldTrigger|265|Meridian Flip - There is still time remaining - max remaining time 04:08:35.5033724, next instruction time 0, next instruction NINA.Plugin.TargetScheduler.Sequencer.PlanSchedulerProgress - and the telescope reports expected pier side pierWest. Automated Flip is not necessary.
2026-05-31T03:28:19.0942|INFO|SequenceItem.cs|Run|208|Starting NINA.Plugin.TargetScheduler.Sequencer.PlanSchedulerProgress
2026-05-31T03:28:19.0956|INFO|SequenceItem.cs|Run|254|Finishing NINA.Plugin.TargetScheduler.Sequencer.PlanSchedulerProgress
2026-05-31T03:28:19.0967|INFO|MeridianFlipTrigger.cs|ShouldTrigger|265|Meridian Flip - There is still time remaining - max remaining time 04:08:35.5033724, next instruction time 600, next instruction Category: Scheduler, Item: TakeExposure, ExposureTime 600, Gain 100, Offset 50, ImageType LIGHT, Binning 1x1 - and the telescope reports expected pier side pierWest. Automated Flip is not necessary.
2026-05-31T03:28:19.0968|INFO|DIYTrigger.cs|ShouldTrigger|109|DIY Trigger Restore Guiding ShouldTrigger returning true
2026-05-31T03:28:19.0970|INFO|SequenceTrigger.cs|Run|114|Starting Category: Powerups (Misc), Item: DIYTrigger
2026-05-31T03:28:19.1016|INFO|DIYTrigger.cs|Execute|95|DIY Trigger executing...
2026-05-31T03:28:19.1018|INFO|SequenceItem.cs|Run|208|Starting Category: * Instruction Set *, Container: NINA.Sequencer.Container.SequentialContainer, Strategy: SequentialStrategy, Items[CREATED]: 1, Triggers: Trigger: RestoreGuiding
2026-05-31T03:28:19.1022|INFO|MeridianFlipTrigger.cs|ShouldTrigger|265|Meridian Flip - There is still time remaining - max remaining time 04:08:35.5033724, next instruction time 0, next instruction Category: Powerups (Expressions), Item: IfFailed - and the telescope reports expected pier side pierWest. Automated Flip is not necessary.
2026-05-31T03:28:19.1022|INFO|SequenceItem.cs|Run|208|Starting Category: Powerups (Expressions), Item: IfFailed
2026-05-31T03:28:19.1023|INFO|SequenceItem.cs|Run|208|Starting Category: Guider, Item: StartGuiding
2026-05-31T03:28:19.1061|INFO|PHD2Guider.cs|StartGuidingPrivate|504|Phd2 - App is already guiding. Skipping start guiding
2026-05-31T03:28:19.1064|INFO|SequenceItem.cs|Run|254|Finishing Category: Guider, Item: StartGuiding
2026-05-31T03:28:19.1064|INFO|SequenceItem.cs|Run|254|Finishing Category: Powerups (Expressions), Item: IfFailed
2026-05-31T03:28:19.1066|INFO|SequenceItem.cs|Run|254|Finishing Category: * Instruction Set *, Container: NINA.Sequencer.Container.SequentialContainer, Strategy: SequentialStrategy, Items[FINISHED]: 1, Triggers: Trigger: RestoreGuiding
2026-05-31T03:28:19.1095|INFO|SequenceItem.cs|Run|208|Starting Category: Scheduler, Item: TakeExposure, ExposureTime 600, Gain 100, Offset 50, ImageType LIGHT, Binning 1x1
2026-05-31T03:28:19.1147|INFO|CameraVM.cs|Capture|742|Starting Exposure - Exposure Time: 600s; Filter: ; Gain: 100; Offset 50; Binning: 1x1;
2026-05-31T03:28:22.5498|INFO|PHD2Client.cs|OnDitherCollectionComplete|657|PHD2Client: Dither data collection complete (timer). Collected 12 points.
2026-05-31T03:28:22.5515|INFO|PHD2Client.cs|WriteDitherAnalysisFile|738|PHD2Client: Dither analysis file written with 30 data points: 20260531_025632_dither_analysis.txt
2026-05-31T03:28:22.5558|INFO|PHD2Client.cs|WritePositivePeriodsFile|932|PHD2Client: Positive periods analysis written with 9 total periods across 3 multipliers: 20260531_025632_positive_periods.txt
2026-05-31T03:28:22.5559|INFO|PHD2Client.cs|AnalyzePositivePeriods|868|PHD2Client: Positive period analysis complete. firstPeriodPerSeries counts: 1.5σ=2, 2.0σ=2, 3.0σ=0
2026-05-31T03:28:22.5559|INFO|PHD2Client.cs|CalculateRecommendation|954|PHD2Client: Calculating recommendation from 3 dither series, RMS=0.1778, StdDev=0.1047
2026-05-31T03:28:22.5560|INFO|PHD2Client.cs|EstimateMinSettleTimeFallback|1102|PHD2Client: MinSettleTime estimated using fallback (first point below threshold)
2026-05-31T03:28:22.5561|INFO|PHD2Client.cs|CalculateRecommendation|987|PHD2Client: Dither recommendation calculated - Events: 3, SettlePixel: Q=0.33 B=0.39 P=0.49, MinSettle: Q=4.0s B=4.0s P=4.0s
2026-05-31T03:28:22.5874|INFO|DitherStatisticsVM.cs|OnDitherRecommendationUpdated|500|Dither recommendation updated on UI thread - Events: 3
2026-05-31T03:28:22.5876|INFO|PHD2Client.cs|RunAnalysisAndRecommendation|638|PHD2Client: RunAnalysisAndRecommendation completed - 30 points, 3 series
2026-05-31T03:30:38.5921|INFO|TsProgressReader.cs|ReadProgressDelta|75|[Subframes] TS progress delta: DB not found at C:\Users\nicka\AppData\Local\NINA\SchedulerPlugin — Target Scheduler not installed or DB path mismatch.
2026-05-31T03:35:38.5919|INFO|TsProgressReader.cs|ReadProgressDelta|75|[Subframes] TS progress delta: DB not found at C:\Users\nicka\AppData\Local\NINA\SchedulerPlugin — Target Scheduler not installed or DB path mismatch.
2026-05-31T03:38:21.0330|INFO|SequenceItem.cs|Run|254|Finishing Category: Scheduler, Item: TakeExposure, ExposureTime 600, Gain 100, Offset 50, ImageType LIGHT, Binning 1x1
2026-05-31T03:38:21.0333|INFO|MeridianFlipTrigger.cs|ShouldTrigger|265|Meridian Flip - There is still time remaining - max remaining time 03:58:31.9943951, next instruction time 0, next instruction NINA.Plugin.TargetScheduler.Sequencer.PlanSchedulerProgress - and the telescope reports expected pier side pierWest. Automated Flip is not necessary.
2026-05-31T03:38:21.0334|INFO|SequenceItem.cs|Run|208|Starting NINA.Plugin.TargetScheduler.Sequencer.PlanSchedulerProgress
2026-05-31T03:38:21.0335|INFO|SequenceItem.cs|Run|254|Finishing NINA.Plugin.TargetScheduler.Sequencer.PlanSchedulerProgress
2026-05-31T03:38:23.3267|INFO|HocusFocusStarDetection.cs|Detect|413|Average HFR: 1.7441749539816884, HFR MAD: 0.14250444999790626, Detected Stars 870, Region: 0
2026-05-31T03:38:24.0155|INFO|BaseImageData.cs|SaveToDisk|346|Saved image to C:\ASTROIMAGES\NINA\2026-05-30\sh2-126 Panel 5 - NB\LIGHT\H\2026-05-31_03-28-19_sh2-126 Panel 5 - NB_LIGHT_H_-5.00C_G100-Exp-600.00s_MAXRMS-D0.72-R1.08_M-108.70_RMS-0.37_HFR-1.74_F-0025.fits
2026-05-31T03:38:24.0156|INFO|ImageSaveController.cs|DoWork|97|Successfully saved file at C:\ASTROIMAGES\NINA\2026-05-30\sh2-126 Panel 5 - NB\LIGHT\H\2026-05-31_03-28-19_sh2-126 Panel 5 - NB_LIGHT_H_-5.00C_G100-Exp-600.00s_MAXRMS-D0.72-R1.08_M-108.70_RMS-0.37_HFR-1.74_F-0025.fits. Duration Total: 00:00:02.9826478; BeforeSave: 00:00:00.0001133; BeforeFinalizeImageSaved: 00:00:02.6406167; FinalizeSaveTime: 00:00:00.3419170
2026-05-31T03:38:24.5879|WARNING|SessionMetaDataWatcher.cs|WriteAcquisitionMetaData|73|acquisition file already exists, will not overwrite: C:\ASTROIMAGES\NINA\2026-05-30\sh2-126 Panel 5 - NB\LIGHT\H\metadata\AcquisitionDetails.csv
2026-05-31T03:38:24.5881|WARNING|SessionMetaDataWatcher.cs|WriteAcquisitionMetaData|93|acquisition file already exists, will not overwrite: C:\ASTROIMAGES\NINA\2026-05-30\sh2-126 Panel 5 - NB\LIGHT\H\metadata\AcquisitionDetails.json
2026-05-31T03:38:24.5884|INFO|SessionMetaDataWatcher.cs|WriteImageMetaData|105|Writing CSV image metadata: C:\ASTROIMAGES\NINA\2026-05-30\sh2-126 Panel 5 - NB\LIGHT\H\metadata\ImageMetaData.csv
2026-05-31T03:38:24.6406|INFO|SessionMetaDataWatcher.cs|WriteImageMetaData|122|Writing JSON image metadata: C:\ASTROIMAGES\NINA\2026-05-30\sh2-126 Panel 5 - NB\LIGHT\H\metadata\ImageMetaData.json
2026-05-31T03:38:24.6425|INFO|SessionMetaDataWatcher.cs|WriteWeatherMetaData|169|Writing CSV weather metadata: C:\ASTROIMAGES\NINA\2026-05-30\sh2-126 Panel 5 - NB\LIGHT\H\metadata\WeatherData.csv
2026-05-31T03:38:24.6580|INFO|SessionMetaDataWatcher.cs|WriteWeatherMetaData|186|Writing JSON weather metadata: C:\ASTROIMAGES\NINA\2026-05-30\sh2-126 Panel 5 - NB\LIGHT\H\metadata\WeatherData.json
2026-05-31T03:38:24.6593|INFO|SessionService.cs|OnTargetDetectedAsync|663|[Subframes] Target detected: 'sh2-126 Panel 5 - NB' (was 'sh2-126 Panel 5 - NB')
2026-05-31T03:38:24.7249|INFO|SubframesClient.cs|StartTargetAsync|316|[Subframes] Target started:  name='sh2-126 Panel 5 - NB'
2026-05-31T03:38:24.7250|WARNING|SessionService.cs|StartTargetAsync|559|[Subframes] StartTarget failed — cached locally as b65e8fe2-78f1-4377-899d-4b2572a36239 for replay.
2026-05-31T03:38:25.3938|INFO|MeridianFlipTrigger.cs|ShouldTrigger|265|Meridian Flip - There is still time remaining - max remaining time 03:58:28.1453581, next instruction time 0, next instruction Category: Powerups (Fun-ctions), Item: GSSend - and the telescope reports expected pier side pierWest. Automated Flip is not necessary.
2026-05-31T03:38:25.3938|INFO|SequenceItem.cs|Run|208|Starting Category: Powerups (Fun-ctions), Item: GSSend
2026-05-31T03:38:25.3941|INFO|SendWithGS.cs|ProcessedScript|64|Replacing Image_ExposureTime with 600
2026-05-31T03:38:25.3943|INFO|SendWithGS.cs|ProcessedScript|64|Replacing Image_HFR with 1.744
2026-05-31T03:38:25.3943|INFO|SendWithGS.cs|ProcessedScript|64|Replacing Image_FWHM with 7.16
2026-05-31T03:38:25.3944|INFO|SendWithGS.cs|ProcessedScript|64|Replacing Altitude with 41.17265384899839
2026-05-31T03:38:25.3945|INFO|SendWithGS.cs|Execute|95|Sending to Ground Station: Exp: $$FWHEEL_FILTER_NAME$$ on $$TARGET_NAME$$ EXP: 600 HFR: 1.744 FWHM: 7.16  Altitude: 41.17265384899839 
2026-05-31T03:38:25.3958|INFO|SequenceItem.cs|Run|208|Starting Category: Ground Station, Item: Send to Telegram
2026-05-31T03:38:26.1724|INFO|SequenceItem.cs|Run|254|Finishing Category: Ground Station, Item: Send to Telegram
2026-05-31T03:38:26.1738|INFO|SequenceItem.cs|Run|254|Finishing Category: Powerups (Fun-ctions), Item: GSSend
2026-05-31T03:38:26.1742|INFO|MeridianFlipTrigger.cs|ShouldTrigger|265|Meridian Flip - There is still time remaining - max remaining time 03:58:28.1453581, next instruction time 0, next instruction Category: Powerups (Fun-ctions), Item: GSSend - and the telescope reports expected pier side pierWest. Automated Flip is not necessary.
2026-05-31T03:38:26.1742|INFO|SequenceItem.cs|Run|208|Starting Category: Powerups (Fun-ctions), Item: GSSend
2026-05-31T03:38:26.1745|INFO|SendWithGS.cs|ProcessedScript|64|Replacing Image_ExposureTime with 600
2026-05-31T03:38:26.1756|INFO|SendWithGS.cs|ProcessedScript|64|Replacing Image_HFR with 1.744
2026-05-31T03:38:26.1758|INFO|SendWithGS.cs|ProcessedScript|64|Replacing Image_FWHM with 7.16
2026-05-31T03:38:26.1759|INFO|SendWithGS.cs|ProcessedScript|64|Replacing Altitude with 41.17265384899839
2026-05-31T03:38:26.1759|INFO|SendWithGS.cs|Execute|95|Sending to Ground Station: Exp: $$FWHEEL_FILTER_NAME$$ on $$TARGET_NAME$$ EXP: 600 HFR: 1.744 FWHM: 7.16  Altitude: 41.17265384899839 
2026-05-31T03:38:26.1771|INFO|SequenceItem.cs|Run|208|Starting Category: Ground Station, Item: Send to Pushover, Title: IMAGE: $$TARGET_NAME$$
2026-05-31T03:38:26.3591|INFO|SequenceItem.cs|Run|254|Finishing Category: Ground Station, Item: Send to Pushover, Title: IMAGE: $$TARGET_NAME$$
2026-05-31T03:38:26.3603|INFO|SequenceItem.cs|Run|254|Finishing Category: Powerups (Fun-ctions), Item: GSSend
2026-05-31T03:38:26.5953|INFO|MeridianFlipTrigger.cs|ShouldTrigger|265|Meridian Flip - There is still time remaining - max remaining time 03:58:26.1390822, next instruction time 0, next instruction [SubframesEndTarget] - and the telescope reports expected pier side pierWest. Automated Flip is not necessary.
2026-05-31T03:38:26.5953|INFO|SequenceItem.cs|Run|208|Starting [SubframesEndTarget]
2026-05-31T03:38:26.5954|INFO|SequenceItem.cs|Run|254|Finishing [SubframesEndTarget]
2026-05-31T03:38:26.6176|INFO|Symbol.cs|OnMessageReceived|627|Received message from Target Scheduler re: TargetScheduler-NewTargetStart
2026-05-31T03:38:26.6177|INFO|Symbol.cs|OnMessageReceived|635|TS_TargetName = sh2-126 Panel 1 - NB
2026-05-31T03:38:26.6177|INFO|Symbol.cs|OnMessageReceived|636|Expires at 05/31/2026 05:32:40 -05:00
2026-05-31T03:38:26.6177|INFO|Symbol.cs|OnMessageReceived|627|Received message from Target Scheduler re: TargetScheduler-NewTargetStart
2026-05-31T03:38:26.6177|INFO|Symbol.cs|OnMessageReceived|635|TS_TargetName = sh2-126 Panel 1 - NB
2026-05-31T03:38:26.6177|INFO|Symbol.cs|OnMessageReceived|636|Expires at 05/31/2026 05:32:40 -05:00
2026-05-31T03:38:26.6210|INFO|Symbol.cs|OnMessageReceived|627|Received message from Target Scheduler re: TargetScheduler-TargetStart
2026-05-31T03:38:26.6210|INFO|Symbol.cs|OnMessageReceived|635|TS_TargetName = sh2-126 Panel 1 - NB
2026-05-31T03:38:26.6210|INFO|Symbol.cs|OnMessageReceived|636|Expires at 05/31/2026 05:32:40 -05:00
2026-05-31T03:38:26.6210|INFO|Symbol.cs|OnMessageReceived|627|Received message from Target Scheduler re: TargetScheduler-TargetStart
2026-05-31T03:38:26.6211|INFO|Symbol.cs|OnMessageReceived|635|TS_TargetName = sh2-126 Panel 1 - NB
2026-05-31T03:38:26.6211|INFO|Symbol.cs|OnMessageReceived|636|Expires at 05/31/2026 05:32:40 -05:00
2026-05-31T03:38:26.6462|INFO|MeridianFlipTrigger.cs|ShouldTrigger|265|Meridian Flip - There is still time remaining - max remaining time 03:58:26.1390822, next instruction time 0, next instruction NINA.Plugin.TargetScheduler.Sequencer.PlanSchedulerProgress - and the telescope reports expected pier side pierWest. Automated Flip is not necessary.
2026-05-31T03:38:26.6463|INFO|SequenceItem.cs|Run|208|Starting NINA.Plugin.TargetScheduler.Sequencer.PlanSchedulerProgress
2026-05-31T03:38:26.6601|INFO|SequenceItem.cs|Run|254|Finishing NINA.Plugin.TargetScheduler.Sequencer.PlanSchedulerProgress
2026-05-31T03:38:26.6804|INFO|MeridianFlipTrigger.cs|ShouldTrigger|265|Meridian Flip - There is still time remaining - max remaining time 03:58:26.1390822, next instruction time 0, next instruction Category: Scheduler, Item: Center, Coordinates RA: 22:43:50; Dec: 38° 06' 26"; Epoch: J2000 - and the telescope reports expected pier side pierWest. Automated Flip is not necessary.
2026-05-31T03:38:26.6804|INFO|SequenceItem.cs|Run|208|Starting Category: Scheduler, Item: Center, Coordinates RA: 22:43:50; Dec: 38° 06' 26"; Epoch: J2000
2026-05-31T03:38:26.8820|INFO|StarfrontClient.cs|SendImageFile|249|[Rockwood] sent 2026-05-31_03-28-19_sh2-126 Panel 5 - NB_LIGHT_H_-5.00C_G100-Exp-600.00s_MAXRMS-D0.72-R1.08_M-108.70_RMS-0.37_HFR-1.74_F-0025.fits (27KB) object=sh2-126 Panel 5 - NB exptime=600s filter=H
2026-05-31T03:38:28.2762|INFO|PHD2Client.cs|ProcessEvent|268|PHD2: ConfigurationChange
2026-05-31T03:38:28.2869|WARNING|PHD2Client.cs|ProcessEvent|252|PHD2: LockPositionLost
2026-05-31T03:38:28.3766|INFO|PHD2Client.cs|QueryExposureTime|1216|PHD2Client: Exposure time from PHD2 API: 2.000 seconds (2000 ms)
2026-05-31T03:38:28.9586|INFO|TelescopeVM.cs|SlewAsyncInternal|910|Slewing from RA: 22:37:44; Dec: 39° 41' 25"; Epoch: JNOW to RA: 22:45:02; Dec: 38° 14' 32"; Epoch: JNOW - Alt: 39° 31' 44"; Az: 64° 12' 33"
2026-05-31T03:38:29.8222|WARNING|TsPreviewClient.cs|FetchPreviewAsync|161|[Subframes] TsPreviewClient.FetchPreviewAsync failed for profile '533M-AT60' (0173997c-4bfa-48fd-9337-a48b6df99c38): TaskCanceledException: The request was canceled due to the configured HttpClient.Timeout of 5 seconds elapsing.
2026-05-31T03:38:35.5337|INFO|SyncEngine.cs|SyncPendingFramesAsync|142|[Subframes] SyncEngine: synced 1 frames for session 470187b8-716c-4f60-bb85-9fd78307165c (accepted=1)
2026-05-31T03:38:37.1074|INFO|FilterWheelVM.cs|ChangeFilter|112|Moving to Filter L at Position 0
2026-05-31T03:38:37.3116|INFO|FocuserVM.cs|MoveFocuserInternal|216|Moving Focuser to position 387321
2026-05-31T03:38:46.7731|INFO|CameraVM.cs|Capture|742|Starting Exposure - Exposure Time: 2s; Filter: L; Gain: 275; Offset 50; Binning: 1x1;
2026-05-31T03:38:51.0660|INFO|ImageSolver.cs|Solve|41|Platesolving with parameters: FocalLength: 360 PixelSize: 3.76 SearchRadius: 30 BlindFailoverEnabled: True Regions: 5000 DownSampleFactor: 0 MaxObjects: 500 Reference Coordinates RA: 22:43:50 Dec: 38° 06' 26" Epoch: J2000
2026-05-31T03:38:51.3700|INFO|BaseImageData.cs|SaveToDisk|346|Saved image to C:\Users\nicka\AppData\Local\NINA\PlateSolver\czryoj2j.5ao.fits
2026-05-31T03:38:52.2679|INFO|ImageSolver.cs|Solve|54|Platesolve successful: Coordinates: RA: 22:43:45; Dec: 38° 07' 20"; Epoch: J2000 - Position Angle: 95.521232926518
2026-05-31T03:38:52.2689|INFO|CenteringSolver.cs|Center|99|Centering Solver - Scope Position: RA: 22:45:02; Dec: 38° 14' 32"; Epoch: JNOW; Offset: RA: 00:00:00; Dec: 00° 00' 00"; Distance: 00° 00' 00"; Bearing: 00° 00' 00"; Centering Coordinates: RA: 22:45:02; Dec: 38° 14' 32"; Epoch: JNOW; Solved: RA: 22:44:58; Dec: 38° 15' 26"; Epoch: JNOW; Separation RA: 00:00:05; Dec: -00° 00' 54"; Distance: 00° 01' 18"; Bearing: 46° 12' 22"; Threshold: 2
2026-05-31T03:38:52.2690|INFO|CenteringSolver.cs|Center|165|Restoring filter to H after centering
2026-05-31T03:38:52.2698|INFO|FilterWheelVM.cs|ChangeFilter|112|Moving to Filter H at Position 5
2026-05-31T03:38:52.4735|INFO|FocuserVM.cs|MoveFocuserInternal|216|Moving Focuser to position 387343
2026-05-31T03:38:56.7355|INFO|PHD2Guider.cs|TryStartGuideCommand|641|Phd2 - Requesting to start guiding. Recalibrate: False
2026-05-31T03:39:04.0685|INFO|PHD2Client.cs|ProcessEvent|261|PHD2: StartGuiding
2026-05-31T03:39:04.0686|INFO|PHD2Client.cs|StartNewGuidingSession|393|PHD2Client: New guiding session started
2026-05-31T03:39:04.0811|INFO|PHD2Client.cs|QueryExposureTime|1216|PHD2Client: Exposure time from PHD2 API: 2.000 seconds (2000 ms)
2026-05-31T03:39:27.0764|INFO|PHD2Client.cs|HandleSettleDone|343|PHD2Client: SettleDone - Status=0, Success=True, TotalFrames=10, DroppedFrames=0
2026-05-31T03:39:27.0765|WARNING|DitherStatisticsVM.cs|OnPHD2SettleDone|772|⚠️ SettleDone received but no currentDither exists (race condition?)
2026-05-31T03:39:27.3482|INFO|SequenceItem.cs|Run|254|Finishing Category: Scheduler, Item: Center, Coordinates RA: 22:43:50; Dec: 38° 06' 26"; Epoch: J2000
2026-05-31T03:39:27.3486|INFO|MeridianFlipTrigger.cs|ShouldTrigger|265|Meridian Flip - There is still time remaining - max remaining time 04:04:44.1983213, next instruction time 0, next instruction NINA.Plugin.TargetScheduler.Sequencer.PlanSchedulerProgress - and the telescope reports expected pier side pierWest. Automated Flip is not necessary.
2026-05-31T03:39:27.3487|INFO|SequenceItem.cs|Run|208|Starting NINA.Plugin.TargetScheduler.Sequencer.PlanSchedulerProgress
2026-05-31T03:39:27.3495|INFO|SequenceItem.cs|Run|254|Finishing NINA.Plugin.TargetScheduler.Sequencer.PlanSchedulerProgress
2026-05-31T03:39:27.3496|INFO|MeridianFlipTrigger.cs|ShouldTrigger|265|Meridian Flip - There is still time remaining - max remaining time 04:04:44.1983213, next instruction time 0, next instruction Category: , Container: NINA.Plugin.TargetScheduler.Sequencer.InstructionContainer, Strategy: InstructionContainerStrategy, Items[CREATED]: 2 - and the telescope reports expected pier side pierWest. Automated Flip is not necessary.
2026-05-31T03:39:27.3497|INFO|SequenceItem.cs|Run|208|Starting Category: , Container: NINA.Plugin.TargetScheduler.Sequencer.InstructionContainer, Strategy: InstructionContainerStrategy, Items[CREATED]: 2
2026-05-31T03:39:27.3499|INFO|MeridianFlipTrigger.cs|ShouldTrigger|265|Meridian Flip - There is still time remaining - max remaining time 04:04:44.1983213, next instruction time 0, next instruction [SubframesStartTarget] Target='Unknown Target' RA=0.0000 Dec=0.0000 - and the telescope reports expected pier side pierWest. Automated Flip is not necessary.
2026-05-31T03:39:27.3499|INFO|SequenceItem.cs|Run|208|Starting [SubframesStartTarget] Target='Unknown Target' RA=0.0000 Dec=0.0000
2026-05-31T03:39:27.3500|INFO|StartTargetItem.cs|Execute|95|[Subframes] StartTargetItem: target start returned null (API unavailable or older version).
2026-05-31T03:39:27.3500|INFO|SequenceItem.cs|Run|254|Finishing [SubframesStartTarget] Target='Unknown Target' RA=0.0000 Dec=0.0000
2026-05-31T03:39:27.3501|INFO|MeridianFlipTrigger.cs|ShouldTrigger|265|Meridian Flip - There is still time remaining - max remaining time 04:04:44.1983213, next instruction time 0, next instruction Category: Ground Station, Item: Send to Telegram - and the telescope reports expected pier side pierWest. Automated Flip is not necessary.
2026-05-31T03:39:27.3502|INFO|SequenceItem.cs|Run|208|Starting Category: Ground Station, Item: Send to Telegram
2026-05-31T03:39:27.9835|INFO|SequenceItem.cs|Run|254|Finishing Category: Ground Station, Item: Send to Telegram
2026-05-31T03:39:27.9838|INFO|SequenceItem.cs|Run|254|Finishing Category: , Container: NINA.Plugin.TargetScheduler.Sequencer.InstructionContainer, Strategy: InstructionContainerStrategy, Items[FINISHED]: 2
2026-05-31T03:39:27.9841|INFO|MeridianFlipTrigger.cs|ShouldTrigger|265|Meridian Flip - There is still time remaining - max remaining time 04:04:44.1983213, next instruction time 0, next instruction NINA.Plugin.TargetScheduler.Sequencer.PlanSchedulerProgress - and the telescope reports expected pier side pierWest. Automated Flip is not necessary.
2026-05-31T03:39:27.9842|INFO|SequenceItem.cs|Run|208|Starting NINA.Plugin.TargetScheduler.Sequencer.PlanSchedulerProgress
2026-05-31T03:39:28.0276|INFO|SequenceItem.cs|Run|254|Finishing NINA.Plugin.TargetScheduler.Sequencer.PlanSchedulerProgress
2026-05-31T03:39:28.0280|INFO|MeridianFlipTrigger.cs|ShouldTrigger|265|Meridian Flip - There is still time remaining - max remaining time 04:04:44.1983213, next instruction time 0, next instruction Category: Scheduler, Item: SwitchFilter, Filter: H - and the telescope reports expected pier side pierWest. Automated Flip is not necessary.
2026-05-31T03:39:28.0281|INFO|SequenceItem.cs|Run|208|Starting Category: Scheduler, Item: SwitchFilter, Filter: H
2026-05-31T03:39:28.0290|INFO|SequenceItem.cs|Run|254|Finishing Category: Scheduler, Item: SwitchFilter, Filter: H
2026-05-31T03:39:28.0293|INFO|MeridianFlipTrigger.cs|ShouldTrigger|265|Meridian Flip - There is still time remaining - max remaining time 04:04:44.1983213, next instruction time 0, next instruction NINA.Plugin.TargetScheduler.Sequencer.PlanSchedulerProgress - and the telescope reports expected pier side pierWest. Automated Flip is not necessary.
2026-05-31T03:39:28.0293|INFO|SequenceItem.cs|Run|208|Starting NINA.Plugin.TargetScheduler.Sequencer.PlanSchedulerProgress
2026-05-31T03:39:28.0293|INFO|SequenceItem.cs|Run|254|Finishing NINA.Plugin.TargetScheduler.Sequencer.PlanSchedulerProgress
2026-05-31T03:39:28.0295|INFO|MeridianFlipTrigger.cs|ShouldTrigger|265|Meridian Flip - There is still time remaining - max remaining time 04:04:44.1983213, next instruction time 0, next instruction Category: Scheduler, Item: SetReadoutMode, Mode: 0 - and the telescope reports expected pier side pierWest. Automated Flip is not necessary.
2026-05-31T03:39:28.0295|INFO|SequenceItem.cs|Run|208|Starting Category: Scheduler, Item: SetReadoutMode, Mode: 0
2026-05-31T03:39:28.0296|INFO|SequenceItem.cs|Run|254|Finishing Category: Scheduler, Item: SetReadoutMode, Mode: 0
2026-05-31T03:39:28.0297|INFO|MeridianFlipTrigger.cs|ShouldTrigger|265|Meridian Flip - There is still time remaining - max remaining time 04:04:44.1983213, next instruction time 0, next instruction NINA.Plugin.TargetScheduler.Sequencer.PlanSchedulerProgress - and the telescope reports expected pier side pierWest. Automated Flip is not necessary.
2026-05-31T03:39:28.0298|INFO|SequenceItem.cs|Run|208|Starting NINA.Plugin.TargetScheduler.Sequencer.PlanSchedulerProgress
2026-05-31T03:39:28.0716|INFO|SequenceItem.cs|Run|254|Finishing NINA.Plugin.TargetScheduler.Sequencer.PlanSchedulerProgress
2026-05-31T03:39:28.0721|INFO|MeridianFlipTrigger.cs|ShouldTrigger|265|Meridian Flip - There is still time remaining - max remaining time 04:04:44.1983213, next instruction time 600, next instruction Category: Scheduler, Item: TakeExposure, ExposureTime 600, Gain 100, Offset 50, ImageType LIGHT, Binning 1x1 - and the telescope reports expected pier side pierWest. Automated Flip is not necessary.
2026-05-31T03:39:28.0722|INFO|DIYTrigger.cs|ShouldTrigger|109|DIY Trigger Restore Guiding ShouldTrigger returning true
2026-05-31T03:39:28.0722|INFO|SequenceTrigger.cs|Run|114|Starting Category: Powerups (Misc), Item: DIYTrigger
2026-05-31T03:39:28.0741|INFO|DIYTrigger.cs|Execute|95|DIY Trigger executing...
2026-05-31T03:39:28.0742|INFO|SequenceItem.cs|Run|208|Starting Category: * Instruction Set *, Container: NINA.Sequencer.Container.SequentialContainer, Strategy: SequentialStrategy, Items[CREATED]: 1, Triggers: Trigger: RestoreGuiding
2026-05-31T03:39:28.0745|INFO|MeridianFlipTrigger.cs|ShouldTrigger|265|Meridian Flip - There is still time remaining - max remaining time 04:04:44.1983213, next instruction time 0, next instruction Category: Powerups (Expressions), Item: IfFailed - and the telescope reports expected pier side pierWest. Automated Flip is not necessary.
2026-05-31T03:39:28.0746|INFO|SequenceItem.cs|Run|208|Starting Category: Powerups (Expressions), Item: IfFailed
2026-05-31T03:39:28.0746|INFO|SequenceItem.cs|Run|208|Starting Category: Guider, Item: StartGuiding
2026-05-31T03:39:28.0773|INFO|PHD2Guider.cs|StartGuidingPrivate|504|Phd2 - App is already guiding. Skipping start guiding
2026-05-31T03:39:28.0775|INFO|SequenceItem.cs|Run|254|Finishing Category: Guider, Item: StartGuiding
2026-05-31T03:39:28.0776|INFO|SequenceItem.cs|Run|254|Finishing Category: Powerups (Expressions), Item: IfFailed
2026-05-31T03:39:28.0778|INFO|SequenceItem.cs|Run|254|Finishing Category: * Instruction Set *, Container: NINA.Sequencer.Container.SequentialContainer, Strategy: SequentialStrategy, Items[FINISHED]: 1, Triggers: Trigger: RestoreGuiding
2026-05-31T03:39:28.0803|INFO|SequenceItem.cs|Run|208|Starting Category: Scheduler, Item: TakeExposure, ExposureTime 600, Gain 100, Offset 50, ImageType LIGHT, Binning 1x1
2026-05-31T03:39:28.0857|INFO|CameraVM.cs|Capture|742|Starting Exposure - Exposure Time: 600s; Filter: ; Gain: 100; Offset 50; Binning: 1x1;
2026-05-31T03:40:38.5915|INFO|TsProgressReader.cs|ReadProgressDelta|75|[Subframes] TS progress delta: DB not found at C:\Users\nicka\AppData\Local\NINA\SchedulerPlugin — Target Scheduler not installed or DB path mismatch.
2026-05-31T03:45:38.5930|INFO|TsProgressReader.cs|ReadProgressDelta|75|[Subframes] TS progress delta: DB not found at C:\Users\nicka\AppData\Local\NINA\SchedulerPlugin — Target Scheduler not installed or DB path mismatch.
2026-05-31T03:49:30.0056|INFO|SequenceItem.cs|Run|254|Finishing Category: Scheduler, Item: TakeExposure, ExposureTime 600, Gain 100, Offset 50, ImageType LIGHT, Binning 1x1
2026-05-31T03:49:30.0059|INFO|MeridianFlipTrigger.cs|ShouldTrigger|265|Meridian Flip - There is still time remaining - max remaining time 03:54:40.5458943, next instruction time 0, next instruction NINA.Plugin.TargetScheduler.Sequencer.PlanSchedulerProgress - and the telescope reports expected pier side pierWest. Automated Flip is not necessary.
2026-05-31T03:49:30.0060|INFO|SequenceItem.cs|Run|208|Starting NINA.Plugin.TargetScheduler.Sequencer.PlanSchedulerProgress
2026-05-31T03:49:30.0061|INFO|SequenceItem.cs|Run|254|Finishing NINA.Plugin.TargetScheduler.Sequencer.PlanSchedulerProgress
2026-05-31T03:49:32.1157|INFO|HocusFocusStarDetection.cs|Detect|413|Average HFR: 1.7953205568572586, HFR MAD: 0.16412235422245663, Detected Stars 931, Region: 0
2026-05-31T03:49:32.8579|INFO|BaseImageData.cs|SaveToDisk|346|Saved image to C:\ASTROIMAGES\NINA\2026-05-30\sh2-126 Panel 1 - NB\LIGHT\H\2026-05-31_03-39-28_sh2-126 Panel 1 - NB_LIGHT_H_-5.00C_G100-Exp-600.00s_MAXRMS-D0.84-R2.76_M-109.48_RMS-0.73_HFR-1.80_F-0026.fits
2026-05-31T03:49:32.8580|INFO|ImageSaveController.cs|DoWork|97|Successfully saved file at C:\ASTROIMAGES\NINA\2026-05-30\sh2-126 Panel 1 - NB\LIGHT\H\2026-05-31_03-39-28_sh2-126 Panel 1 - NB_LIGHT_H_-5.00C_G100-Exp-600.00s_MAXRMS-D0.84-R2.76_M-109.48_RMS-0.73_HFR-1.80_F-0026.fits. Duration Total: 00:00:02.8524130; BeforeSave: 00:00:00.0001244; BeforeFinalizeImageSaved: 00:00:02.4577644; FinalizeSaveTime: 00:00:00.3945233
2026-05-31T03:49:33.5632|INFO|SessionMetaDataWatcher.cs|WriteAcquisitionMetaData|63|Writing CSV acquisition summary: C:\ASTROIMAGES\NINA\2026-05-30\sh2-126 Panel 1 - NB\LIGHT\H\metadata\AcquisitionDetails.csv
2026-05-31T03:49:33.6578|INFO|SessionMetaDataWatcher.cs|WriteAcquisitionMetaData|82|Writing JSON acquisition summary: C:\ASTROIMAGES\NINA\2026-05-30\sh2-126 Panel 1 - NB\LIGHT\H\metadata\AcquisitionDetails.json
2026-05-31T03:49:33.6592|INFO|SessionMetaDataWatcher.cs|WriteImageMetaData|105|Writing CSV image metadata: C:\ASTROIMAGES\NINA\2026-05-30\sh2-126 Panel 1 - NB\LIGHT\H\metadata\ImageMetaData.csv
2026-05-31T03:49:33.7124|INFO|SessionMetaDataWatcher.cs|WriteImageMetaData|122|Writing JSON image metadata: C:\ASTROIMAGES\NINA\2026-05-30\sh2-126 Panel 1 - NB\LIGHT\H\metadata\ImageMetaData.json
2026-05-31T03:49:33.7139|INFO|SessionMetaDataWatcher.cs|WriteWeatherMetaData|169|Writing CSV weather metadata: C:\ASTROIMAGES\NINA\2026-05-30\sh2-126 Panel 1 - NB\LIGHT\H\metadata\WeatherData.csv
2026-05-31T03:49:33.7302|INFO|SessionMetaDataWatcher.cs|WriteWeatherMetaData|186|Writing JSON weather metadata: C:\ASTROIMAGES\NINA\2026-05-30\sh2-126 Panel 1 - NB\LIGHT\H\metadata\WeatherData.json
2026-05-31T03:49:33.7313|INFO|SessionService.cs|OnTargetDetectedAsync|663|[Subframes] Target detected: 'sh2-126 Panel 1 - NB' (was 'sh2-126 Panel 5 - NB')
2026-05-31T03:49:33.7760|INFO|SubframesClient.cs|StartTargetAsync|316|[Subframes] Target started:  name='sh2-126 Panel 1 - NB'
2026-05-31T03:49:33.7761|WARNING|SessionService.cs|StartTargetAsync|559|[Subframes] StartTarget failed — cached locally as 5eea4e96-653d-4eef-8aa0-bc46c6be93a6 for replay.
2026-05-31T03:49:34.5020|INFO|MeridianFlipTrigger.cs|ShouldTrigger|265|Meridian Flip - There is still time remaining - max remaining time 03:54:34.4908225, next instruction time 0, next instruction Category: Powerups (Fun-ctions), Item: GSSend - and the telescope reports expected pier side pierWest. Automated Flip is not necessary.
2026-05-31T03:49:34.5021|INFO|SequenceItem.cs|Run|208|Starting Category: Powerups (Fun-ctions), Item: GSSend
2026-05-31T03:49:34.5024|INFO|SendWithGS.cs|ProcessedScript|64|Replacing Image_ExposureTime with 600
2026-05-31T03:49:34.5025|INFO|SendWithGS.cs|ProcessedScript|64|Replacing Image_HFR with 1.795
2026-05-31T03:49:34.5026|INFO|SendWithGS.cs|ProcessedScript|64|Replacing Image_FWHM with 7.18
2026-05-31T03:49:34.5027|INFO|SendWithGS.cs|ProcessedScript|64|Replacing Altitude with 41.64036337770237
2026-05-31T03:49:34.5028|INFO|SendWithGS.cs|Execute|95|Sending to Ground Station: Exp: $$FWHEEL_FILTER_NAME$$ on $$TARGET_NAME$$ EXP: 600 HFR: 1.795 FWHM: 7.18  Altitude: 41.64036337770237 
2026-05-31T03:49:34.5043|INFO|SequenceItem.cs|Run|208|Starting Category: Ground Station, Item: Send to Telegram
2026-05-31T03:49:35.1781|INFO|SequenceItem.cs|Run|254|Finishing Category: Ground Station, Item: Send to Telegram
2026-05-31T03:49:35.1794|INFO|SequenceItem.cs|Run|254|Finishing Category: Powerups (Fun-ctions), Item: GSSend
2026-05-31T03:49:35.1797|INFO|MeridianFlipTrigger.cs|ShouldTrigger|265|Meridian Flip - There is still time remaining - max remaining time 03:54:34.4908225, next instruction time 0, next instruction Category: Powerups (Fun-ctions), Item: GSSend - and the telescope reports expected pier side pierWest. Automated Flip is not necessary.
2026-05-31T03:49:35.1797|INFO|SequenceItem.cs|Run|208|Starting Category: Powerups (Fun-ctions), Item: GSSend
2026-05-31T03:49:35.1799|INFO|SendWithGS.cs|ProcessedScript|64|Replacing Image_ExposureTime with 600
2026-05-31T03:49:35.1800|INFO|SendWithGS.cs|ProcessedScript|64|Replacing Image_HFR with 1.795
2026-05-31T03:49:35.1801|INFO|SendWithGS.cs|ProcessedScript|64|Replacing Image_FWHM with 7.18
2026-05-31T03:49:35.1802|INFO|SendWithGS.cs|ProcessedScript|64|Replacing Altitude with 41.65095380701236
2026-05-31T03:49:35.1803|INFO|SendWithGS.cs|Execute|95|Sending to Ground Station: Exp: $$FWHEEL_FILTER_NAME$$ on $$TARGET_NAME$$ EXP: 600 HFR: 1.795 FWHM: 7.18  Altitude: 41.65095380701236 
2026-05-31T03:49:35.1814|INFO|SequenceItem.cs|Run|208|Starting Category: Ground Station, Item: Send to Pushover, Title: IMAGE: $$TARGET_NAME$$
2026-05-31T03:49:35.3565|INFO|SequenceItem.cs|Run|254|Finishing Category: Ground Station, Item: Send to Pushover, Title: IMAGE: $$TARGET_NAME$$
2026-05-31T03:49:35.3577|INFO|SequenceItem.cs|Run|254|Finishing Category: Powerups (Fun-ctions), Item: GSSend
2026-05-31T03:49:35.5854|INFO|SyncEngine.cs|SyncPendingFramesAsync|142|[Subframes] SyncEngine: synced 1 frames for session 470187b8-716c-4f60-bb85-9fd78307165c (accepted=1)
2026-05-31T03:49:35.6212|INFO|Symbol.cs|OnMessageReceived|627|Received message from Target Scheduler re: TargetScheduler-TargetStart
2026-05-31T03:49:35.6212|INFO|Symbol.cs|OnMessageReceived|635|TS_TargetName = sh2-126 Panel 1 - NB
2026-05-31T03:49:35.6212|INFO|Symbol.cs|OnMessageReceived|636|Expires at 05/31/2026 05:32:40 -05:00
2026-05-31T03:49:35.6212|INFO|Symbol.cs|OnMessageReceived|627|Received message from Target Scheduler re: TargetScheduler-TargetStart
2026-05-31T03:49:35.6213|INFO|Symbol.cs|OnMessageReceived|635|TS_TargetName = sh2-126 Panel 1 - NB
2026-05-31T03:49:35.6213|INFO|Symbol.cs|OnMessageReceived|636|Expires at 05/31/2026 05:32:40 -05:00
2026-05-31T03:49:35.6220|INFO|MeridianFlipTrigger.cs|ShouldTrigger|265|Meridian Flip - There is still time remaining - max remaining time 03:54:34.4908225, next instruction time 0, next instruction NINA.Plugin.TargetScheduler.Sequencer.PlanSchedulerProgress - and the telescope reports expected pier side pierWest. Automated Flip is not necessary.
2026-05-31T03:49:35.6221|INFO|SequenceItem.cs|Run|208|Starting NINA.Plugin.TargetScheduler.Sequencer.PlanSchedulerProgress
2026-05-31T03:49:35.6731|INFO|SequenceItem.cs|Run|254|Finishing NINA.Plugin.TargetScheduler.Sequencer.PlanSchedulerProgress
2026-05-31T03:49:35.6735|INFO|MeridianFlipTrigger.cs|ShouldTrigger|265|Meridian Flip - There is still time remaining - max remaining time 03:54:34.4908225, next instruction time 90, next instruction Category: , Item: Dither - and the telescope reports expected pier side pierWest. Automated Flip is not necessary.
2026-05-31T03:49:35.6736|INFO|SequenceItem.cs|Run|208|Starting Category: , Item: Dither
2026-05-31T03:49:35.7423|INFO|PHD2Client.cs|HandleGuidingDithered|309|PHD2Client: 🎯 GuidingDithered (DITHER START) - dx=-5.09, dy=13.46
2026-05-31T03:49:35.7423|INFO|DitherStatisticsVM.cs|OnPHD2GuidingDithered|752|🎯 DITHER START detected via GuidingDithered! dx=-5.09, dy=13.46
2026-05-31T03:49:35.7424|INFO|DitherStatisticsVM.cs|OnPHD2GuidingDithered|762|✅ Dither START recorded with pixel shift: (-5.09, 13.46)
2026-05-31T03:49:35.7424|INFO|PHD2Client.cs|StartDitherDataCollection|576|PHD2Client: Started dither data collection for 30 seconds (series #4)
2026-05-31T03:49:35.8911|INFO|StarfrontClient.cs|SendImageFile|249|[Rockwood] sent 2026-05-31_03-39-28_sh2-126 Panel 1 - NB_LIGHT_H_-5.00C_G100-Exp-600.00s_MAXRMS-D0.84-R2.76_M-109.48_RMS-0.73_HFR-1.80_F-0026.fits (26KB) object=sh2-126 Panel 1 - NB exptime=600s filter=H
2026-05-31T03:49:38.9173|WARNING|TsPreviewClient.cs|FetchPreviewAsync|161|[Subframes] TsPreviewClient.FetchPreviewAsync failed for profile '533M-AT60' (0173997c-4bfa-48fd-9337-a48b6df99c38): TaskCanceledException: The request was canceled due to the configured HttpClient.Timeout of 5 seconds elapsing.
2026-05-31T03:50:05.7429|INFO|PHD2Client.cs|OnDitherCollectionComplete|657|PHD2Client: Dither data collection complete (timer). Collected 10 points.
2026-05-31T03:50:05.7476|INFO|PHD2Client.cs|WriteDitherAnalysisFile|738|PHD2Client: Dither analysis file written with 40 data points: 20260531_033904_dither_analysis.txt
2026-05-31T03:50:05.7518|INFO|PHD2Client.cs|WritePositivePeriodsFile|932|PHD2Client: Positive periods analysis written with 12 total periods across 3 multipliers: 20260531_033904_positive_periods.txt
2026-05-31T03:50:05.7520|INFO|PHD2Client.cs|AnalyzePositivePeriods|868|PHD2Client: Positive period analysis complete. firstPeriodPerSeries counts: 1.5σ=0, 2.0σ=0, 3.0σ=0
2026-05-31T03:50:05.7521|INFO|PHD2Client.cs|CalculateRecommendation|954|PHD2Client: Calculating recommendation from 4 dither series, RMS=0.2320, StdDev=0.1434
2026-05-31T03:50:05.7538|INFO|PHD2Client.cs|EstimateMinSettleTimeFallback|1102|PHD2Client: MinSettleTime estimated using fallback (first point below threshold)
2026-05-31T03:50:05.7545|INFO|PHD2Client.cs|CalculateRecommendation|987|PHD2Client: Dither recommendation calculated - Events: 4, SettlePixel: Q=0.45 B=0.52 P=0.66, MinSettle: Q=4.0s B=4.0s P=4.0s
2026-05-31T03:50:05.7547|INFO|DitherStatisticsVM.cs|OnDitherRecommendationUpdated|500|Dither recommendation updated on UI thread - Events: 4
2026-05-31T03:50:05.7553|INFO|PHD2Client.cs|RunAnalysisAndRecommendation|638|PHD2Client: RunAnalysisAndRecommendation completed - 40 points, 4 series
2026-05-31T03:50:06.6425|INFO|PHD2Client.cs|HandleSettleDone|343|PHD2Client: SettleDone - Status=0, Success=True, TotalFrames=11, DroppedFrames=0
2026-05-31T03:50:06.6427|INFO|DitherStatisticsVM.cs|OnPHD2SettleDone|794|✅ DITHER END - Success=True, SettleTime=30.90s, TotalFrames=11, DroppedFrames=0
2026-05-31T03:50:06.6601|INFO|DitherStatisticsVM.cs|UpdateQualityMetrics|865|Quality metrics updated: Score=0.1694, Rating=Poor
2026-05-31T03:50:06.7959|INFO|SequenceItem.cs|Run|254|Finishing Category: , Item: Dither
2026-05-31T03:50:06.7962|INFO|MeridianFlipTrigger.cs|ShouldTrigger|265|Meridian Flip - There is still time remaining - max remaining time 03:54:01.1280128, next instruction time 0, next instruction NINA.Plugin.TargetScheduler.Sequencer.PlanSchedulerProgress - and the telescope reports expected pier side pierWest. Automated Flip is not necessary.
2026-05-31T03:50:06.7963|INFO|SequenceItem.cs|Run|208|Starting NINA.Plugin.TargetScheduler.Sequencer.PlanSchedulerProgress
2026-05-31T03:50:06.7964|INFO|SequenceItem.cs|Run|254|Finishing NINA.Plugin.TargetScheduler.Sequencer.PlanSchedulerProgress
2026-05-31T03:50:06.7965|INFO|MeridianFlipTrigger.cs|ShouldTrigger|265|Meridian Flip - There is still time remaining - max remaining time 03:54:01.1280128, next instruction time 0, next instruction Category: Scheduler, Item: SwitchFilter, Filter: H - and the telescope reports expected pier side pierWest. Automated Flip is not necessary.
2026-05-31T03:50:06.7966|INFO|SequenceItem.cs|Run|208|Starting Category: Scheduler, Item: SwitchFilter, Filter: H
2026-05-31T03:50:06.7974|INFO|SequenceItem.cs|Run|254|Finishing Category: Scheduler, Item: SwitchFilter, Filter: H
2026-05-31T03:50:06.7976|INFO|MeridianFlipTrigger.cs|ShouldTrigger|265|Meridian Flip - There is still time remaining - max remaining time 03:54:01.1280128, next instruction time 0, next instruction NINA.Plugin.TargetScheduler.Sequencer.PlanSchedulerProgress - and the telescope reports expected pier side pierWest. Automated Flip is not necessary.
2026-05-31T03:50:06.7976|INFO|SequenceItem.cs|Run|208|Starting NINA.Plugin.TargetScheduler.Sequencer.PlanSchedulerProgress
2026-05-31T03:50:06.7977|INFO|SequenceItem.cs|Run|254|Finishing NINA.Plugin.TargetScheduler.Sequencer.PlanSchedulerProgress
2026-05-31T03:50:06.7978|INFO|MeridianFlipTrigger.cs|ShouldTrigger|265|Meridian Flip - There is still time remaining - max remaining time 03:54:01.1280128, next instruction time 0, next instruction Category: Scheduler, Item: SetReadoutMode, Mode: 0 - and the telescope reports expected pier side pierWest. Automated Flip is not necessary.
2026-05-31T03:50:06.7978|INFO|SequenceItem.cs|Run|208|Starting Category: Scheduler, Item: SetReadoutMode, Mode: 0
2026-05-31T03:50:06.7980|INFO|SequenceItem.cs|Run|254|Finishing Category: Scheduler, Item: SetReadoutMode, Mode: 0
2026-05-31T03:50:06.7981|INFO|MeridianFlipTrigger.cs|ShouldTrigger|265|Meridian Flip - There is still time remaining - max remaining time 03:54:01.1280128, next instruction time 0, next instruction NINA.Plugin.TargetScheduler.Sequencer.PlanSchedulerProgress - and the telescope reports expected pier side pierWest. Automated Flip is not necessary.
2026-05-31T03:50:06.7981|INFO|SequenceItem.cs|Run|208|Starting NINA.Plugin.TargetScheduler.Sequencer.PlanSchedulerProgress
2026-05-31T03:50:06.7983|INFO|SequenceItem.cs|Run|254|Finishing NINA.Plugin.TargetScheduler.Sequencer.PlanSchedulerProgress
2026-05-31T03:50:06.7985|INFO|MeridianFlipTrigger.cs|ShouldTrigger|265|Meridian Flip - There is still time remaining - max remaining time 03:54:01.1280128, next instruction time 600, next instruction Category: Scheduler, Item: TakeExposure, ExposureTime 600, Gain 100, Offset 50, ImageType LIGHT, Binning 1x1 - and the telescope reports expected pier side pierWest. Automated Flip is not necessary.
2026-05-31T03:50:06.7985|INFO|DIYTrigger.cs|ShouldTrigger|109|DIY Trigger Restore Guiding ShouldTrigger returning true
2026-05-31T03:50:06.7986|INFO|SequenceTrigger.cs|Run|114|Starting Category: Powerups (Misc), Item: DIYTrigger
2026-05-31T03:50:06.8004|INFO|DIYTrigger.cs|Execute|95|DIY Trigger executing...
2026-05-31T03:50:06.8006|INFO|SequenceItem.cs|Run|208|Starting Category: * Instruction Set *, Container: NINA.Sequencer.Container.SequentialContainer, Strategy: SequentialStrategy, Items[CREATED]: 1, Triggers: Trigger: RestoreGuiding
2026-05-31T03:50:06.8010|INFO|MeridianFlipTrigger.cs|ShouldTrigger|265|Meridian Flip - There is still time remaining - max remaining time 03:54:01.1280128, next instruction time 0, next instruction Category: Powerups (Expressions), Item: IfFailed - and the telescope reports expected pier side pierWest. Automated Flip is not necessary.
2026-05-31T03:50:06.8011|INFO|SequenceItem.cs|Run|208|Starting Category: Powerups (Expressions), Item: IfFailed
2026-05-31T03:50:06.8011|INFO|SequenceItem.cs|Run|208|Starting Category: Guider, Item: StartGuiding
2026-05-31T03:50:06.8038|INFO|PHD2Guider.cs|StartGuidingPrivate|504|Phd2 - App is already guiding. Skipping start guiding
2026-05-31T03:50:06.8040|INFO|SequenceItem.cs|Run|254|Finishing Category: Guider, Item: StartGuiding
2026-05-31T03:50:06.8040|INFO|SequenceItem.cs|Run|254|Finishing Category: Powerups (Expressions), Item: IfFailed
2026-05-31T03:50:06.8042|INFO|SequenceItem.cs|Run|254|Finishing Category: * Instruction Set *, Container: NINA.Sequencer.Container.SequentialContainer, Strategy: SequentialStrategy, Items[FINISHED]: 1, Triggers: Trigger: RestoreGuiding
2026-05-31T03:50:06.8062|INFO|SequenceItem.cs|Run|208|Starting Category: Scheduler, Item: TakeExposure, ExposureTime 600, Gain 100, Offset 50, ImageType LIGHT, Binning 1x1
2026-05-31T03:50:06.8110|INFO|CameraVM.cs|Capture|742|Starting Exposure - Exposure Time: 600s; Filter: ; Gain: 100; Offset 50; Binning: 1x1;
2026-05-31T03:50:38.5927|INFO|TsProgressReader.cs|ReadProgressDelta|75|[Subframes] TS progress delta: DB not found at C:\Users\nicka\AppData\Local\NINA\SchedulerPlugin — Target Scheduler not installed or DB path mismatch.
2026-05-31T03:55:38.5916|INFO|TsProgressReader.cs|ReadProgressDelta|75|[Subframes] TS progress delta: DB not found at C:\Users\nicka\AppData\Local\NINA\SchedulerPlugin — Target Scheduler not installed or DB path mismatch.
2026-05-31T04:00:08.6713|INFO|SequenceItem.cs|Run|254|Finishing Category: Scheduler, Item: TakeExposure, ExposureTime 600, Gain 100, Offset 50, ImageType LIGHT, Binning 1x1
2026-05-31T04:00:08.6719|INFO|MeridianFlipTrigger.cs|ShouldTrigger|265|Meridian Flip - There is still time remaining - max remaining time 03:43:58.3300655, next instruction time 0, next instruction NINA.Plugin.TargetScheduler.Sequencer.PlanSchedulerProgress - and the telescope reports expected pier side pierWest. Automated Flip is not necessary.
2026-05-31T04:00:08.6720|INFO|SequenceItem.cs|Run|208|Starting NINA.Plugin.TargetScheduler.Sequencer.PlanSchedulerProgress
2026-05-31T04:00:08.6720|INFO|SequenceItem.cs|Run|254|Finishing NINA.Plugin.TargetScheduler.Sequencer.PlanSchedulerProgress
2026-05-31T04:00:11.2530|INFO|HocusFocusStarDetection.cs|Detect|413|Average HFR: 1.777638771319293, HFR MAD: 0.16468660977690933, Detected Stars 1005, Region: 0
2026-05-31T04:00:11.9775|INFO|BaseImageData.cs|SaveToDisk|346|Saved image to C:\ASTROIMAGES\NINA\2026-05-30\sh2-126 Panel 1 - NB\LIGHT\H\2026-05-31_03-50-06_sh2-126 Panel 1 - NB_LIGHT_H_-5.00C_G100-Exp-600.00s_MAXRMS-D0.84-R1.37_M-109.43_RMS-0.47_HFR-1.78_F-0027.fits
2026-05-31T04:00:11.9776|INFO|ImageSaveController.cs|DoWork|97|Successfully saved file at C:\ASTROIMAGES\NINA\2026-05-30\sh2-126 Panel 1 - NB\LIGHT\H\2026-05-31_03-50-06_sh2-126 Panel 1 - NB_LIGHT_H_-5.00C_G100-Exp-600.00s_MAXRMS-D0.84-R1.37_M-109.43_RMS-0.47_HFR-1.78_F-0027.fits. Duration Total: 00:00:03.3063244; BeforeSave: 00:00:00.0002999; BeforeFinalizeImageSaved: 00:00:02.9370012; FinalizeSaveTime: 00:00:00.3690226
2026-05-31T04:00:12.5520|WARNING|SessionMetaDataWatcher.cs|WriteAcquisitionMetaData|73|acquisition file already exists, will not overwrite: C:\ASTROIMAGES\NINA\2026-05-30\sh2-126 Panel 1 - NB\LIGHT\H\metadata\AcquisitionDetails.csv
2026-05-31T04:00:12.5522|WARNING|SessionMetaDataWatcher.cs|WriteAcquisitionMetaData|93|acquisition file already exists, will not overwrite: C:\ASTROIMAGES\NINA\2026-05-30\sh2-126 Panel 1 - NB\LIGHT\H\metadata\AcquisitionDetails.json
2026-05-31T04:00:12.5525|INFO|SessionMetaDataWatcher.cs|WriteImageMetaData|105|Writing CSV image metadata: C:\ASTROIMAGES\NINA\2026-05-30\sh2-126 Panel 1 - NB\LIGHT\H\metadata\ImageMetaData.csv
2026-05-31T04:00:12.6007|INFO|SessionMetaDataWatcher.cs|WriteImageMetaData|122|Writing JSON image metadata: C:\ASTROIMAGES\NINA\2026-05-30\sh2-126 Panel 1 - NB\LIGHT\H\metadata\ImageMetaData.json
2026-05-31T04:00:12.6024|INFO|SessionMetaDataWatcher.cs|WriteWeatherMetaData|169|Writing CSV weather metadata: C:\ASTROIMAGES\NINA\2026-05-30\sh2-126 Panel 1 - NB\LIGHT\H\metadata\WeatherData.csv
2026-05-31T04:00:12.6412|INFO|SessionMetaDataWatcher.cs|WriteWeatherMetaData|186|Writing JSON weather metadata: C:\ASTROIMAGES\NINA\2026-05-30\sh2-126 Panel 1 - NB\LIGHT\H\metadata\WeatherData.json
2026-05-31T04:00:12.6426|INFO|SessionService.cs|OnTargetDetectedAsync|663|[Subframes] Target detected: 'sh2-126 Panel 1 - NB' (was 'sh2-126 Panel 1 - NB')
2026-05-31T04:00:12.7227|INFO|SubframesClient.cs|StartTargetAsync|316|[Subframes] Target started:  name='sh2-126 Panel 1 - NB'
2026-05-31T04:00:12.7228|WARNING|SessionService.cs|StartTargetAsync|559|[Subframes] StartTarget failed — cached locally as 5eff60ea-b809-498f-a93b-b523435d82a4 for replay.
2026-05-31T04:00:13.2502|INFO|MeridianFlipTrigger.cs|ShouldTrigger|265|Meridian Flip - There is still time remaining - max remaining time 03:43:54.2925162, next instruction time 0, next instruction Category: Powerups (Fun-ctions), Item: GSSend - and the telescope reports expected pier side pierWest. Automated Flip is not necessary.
2026-05-31T04:00:13.2502|INFO|SequenceItem.cs|Run|208|Starting Category: Powerups (Fun-ctions), Item: GSSend
2026-05-31T04:00:13.2505|INFO|SendWithGS.cs|ProcessedScript|64|Replacing Image_ExposureTime with 600
2026-05-31T04:00:13.2507|INFO|SendWithGS.cs|ProcessedScript|64|Replacing Image_HFR with 1.778
2026-05-31T04:00:13.2508|INFO|SendWithGS.cs|ProcessedScript|64|Replacing Image_FWHM with 7.1
2026-05-31T04:00:13.2509|INFO|SendWithGS.cs|ProcessedScript|64|Replacing Altitude with 43.708402423797835
2026-05-31T04:00:13.2509|INFO|SendWithGS.cs|Execute|95|Sending to Ground Station: Exp: $$FWHEEL_FILTER_NAME$$ on $$TARGET_NAME$$ EXP: 600 HFR: 1.778 FWHM: 7.1  Altitude: 43.708402423797835 
2026-05-31T04:00:13.2521|INFO|SequenceItem.cs|Run|208|Starting Category: Ground Station, Item: Send to Telegram
2026-05-31T04:00:14.1332|INFO|SequenceItem.cs|Run|254|Finishing Category: Ground Station, Item: Send to Telegram
2026-05-31T04:00:14.1344|INFO|SequenceItem.cs|Run|254|Finishing Category: Powerups (Fun-ctions), Item: GSSend
2026-05-31T04:00:14.1347|INFO|MeridianFlipTrigger.cs|ShouldTrigger|265|Meridian Flip - There is still time remaining - max remaining time 03:43:54.2925162, next instruction time 0, next instruction Category: Powerups (Fun-ctions), Item: GSSend - and the telescope reports expected pier side pierWest. Automated Flip is not necessary.
2026-05-31T04:00:14.1348|INFO|SequenceItem.cs|Run|208|Starting Category: Powerups (Fun-ctions), Item: GSSend
2026-05-31T04:00:14.1351|INFO|SendWithGS.cs|ProcessedScript|64|Replacing Image_ExposureTime with 600
2026-05-31T04:00:14.1352|INFO|SendWithGS.cs|ProcessedScript|64|Replacing Image_HFR with 1.778
2026-05-31T04:00:14.1353|INFO|SendWithGS.cs|ProcessedScript|64|Replacing Image_FWHM with 7.1
2026-05-31T04:00:14.1354|INFO|SendWithGS.cs|ProcessedScript|64|Replacing Altitude with 43.708402423797835
2026-05-31T04:00:14.1354|INFO|SendWithGS.cs|Execute|95|Sending to Ground Station: Exp: $$FWHEEL_FILTER_NAME$$ on $$TARGET_NAME$$ EXP: 600 HFR: 1.778 FWHM: 7.1  Altitude: 43.708402423797835 
2026-05-31T04:00:14.1363|INFO|SequenceItem.cs|Run|208|Starting Category: Ground Station, Item: Send to Pushover, Title: IMAGE: $$TARGET_NAME$$
2026-05-31T04:00:14.3632|INFO|SequenceItem.cs|Run|254|Finishing Category: Ground Station, Item: Send to Pushover, Title: IMAGE: $$TARGET_NAME$$
2026-05-31T04:00:14.3644|INFO|SequenceItem.cs|Run|254|Finishing Category: Powerups (Fun-ctions), Item: GSSend
2026-05-31T04:00:14.5863|INFO|MeridianFlipTrigger.cs|ShouldTrigger|265|Meridian Flip - There is still time remaining - max remaining time 03:43:52.3236203, next instruction time 0, next instruction [SubframesEndTarget] - and the telescope reports expected pier side pierWest. Automated Flip is not necessary.
2026-05-31T04:00:14.5864|INFO|SequenceItem.cs|Run|208|Starting [SubframesEndTarget]
2026-05-31T04:00:14.5864|INFO|SequenceItem.cs|Run|254|Finishing [SubframesEndTarget]
2026-05-31T04:00:14.6015|INFO|Symbol.cs|OnMessageReceived|627|Received message from Target Scheduler re: TargetScheduler-NewTargetStart
2026-05-31T04:00:14.6015|INFO|Symbol.cs|OnMessageReceived|635|TS_TargetName = sh2-126 Panel 4 - NB
2026-05-31T04:00:14.6015|INFO|Symbol.cs|OnMessageReceived|636|Expires at 05/31/2026 05:32:40 -05:00
2026-05-31T04:00:14.6016|INFO|Symbol.cs|OnMessageReceived|627|Received message from Target Scheduler re: TargetScheduler-NewTargetStart
2026-05-31T04:00:14.6017|INFO|Symbol.cs|OnMessageReceived|635|TS_TargetName = sh2-126 Panel 4 - NB
2026-05-31T04:00:14.6018|INFO|Symbol.cs|OnMessageReceived|636|Expires at 05/31/2026 05:32:40 -05:00
2026-05-31T04:00:14.6051|INFO|Symbol.cs|OnMessageReceived|627|Received message from Target Scheduler re: TargetScheduler-TargetStart
2026-05-31T04:00:14.6051|INFO|Symbol.cs|OnMessageReceived|635|TS_TargetName = sh2-126 Panel 4 - NB
2026-05-31T04:00:14.6052|INFO|Symbol.cs|OnMessageReceived|636|Expires at 05/31/2026 05:32:40 -05:00
2026-05-31T04:00:14.6052|INFO|Symbol.cs|OnMessageReceived|627|Received message from Target Scheduler re: TargetScheduler-TargetStart
2026-05-31T04:00:14.6052|INFO|Symbol.cs|OnMessageReceived|635|TS_TargetName = sh2-126 Panel 4 - NB
2026-05-31T04:00:14.6052|INFO|Symbol.cs|OnMessageReceived|636|Expires at 05/31/2026 05:32:40 -05:00
2026-05-31T04:00:14.6056|INFO|MeridianFlipTrigger.cs|ShouldTrigger|265|Meridian Flip - There is still time remaining - max remaining time 03:43:52.3236203, next instruction time 0, next instruction NINA.Plugin.TargetScheduler.Sequencer.PlanSchedulerProgress - and the telescope reports expected pier side pierWest. Automated Flip is not necessary.
2026-05-31T04:00:14.6057|INFO|SequenceItem.cs|Run|208|Starting NINA.Plugin.TargetScheduler.Sequencer.PlanSchedulerProgress
2026-05-31T04:00:14.6061|INFO|SequenceItem.cs|Run|254|Finishing NINA.Plugin.TargetScheduler.Sequencer.PlanSchedulerProgress
2026-05-31T04:00:14.6063|INFO|MeridianFlipTrigger.cs|ShouldTrigger|265|Meridian Flip - There is still time remaining - max remaining time 03:43:52.3236203, next instruction time 0, next instruction Category: Scheduler, Item: Center, Coordinates RA: 22:36:31; Dec: 38° 07' 18"; Epoch: J2000 - and the telescope reports expected pier side pierWest. Automated Flip is not necessary.
2026-05-31T04:00:14.6063|INFO|SequenceItem.cs|Run|208|Starting Category: Scheduler, Item: Center, Coordinates RA: 22:36:31; Dec: 38° 07' 18"; Epoch: J2000
2026-05-31T04:00:14.8279|INFO|StarfrontClient.cs|SendImageFile|249|[Rockwood] sent 2026-05-31_03-50-06_sh2-126 Panel 1 - NB_LIGHT_H_-5.00C_G100-Exp-600.00s_MAXRMS-D0.84-R1.37_M-109.43_RMS-0.47_HFR-1.78_F-0027.fits (26KB) object=sh2-126 Panel 1 - NB exptime=600s filter=H
2026-05-31T04:00:16.5100|INFO|PHD2Client.cs|ProcessEvent|268|PHD2: ConfigurationChange
2026-05-31T04:00:16.5207|WARNING|PHD2Client.cs|ProcessEvent|252|PHD2: LockPositionLost
2026-05-31T04:00:16.6108|INFO|PHD2Client.cs|QueryExposureTime|1216|PHD2Client: Exposure time from PHD2 API: 2.000 seconds (2000 ms)
2026-05-31T04:00:16.7092|INFO|TelescopeVM.cs|SlewAsyncInternal|910|Slewing from RA: 22:45:02; Dec: 38° 15' 04"; Epoch: JNOW to RA: 22:37:42; Dec: 38° 15' 18"; Epoch: JNOW - Alt: 45° 09' 51"; Az: 65° 36' 29"
2026-05-31T04:00:17.7642|INFO|TsPreviewClient.cs|LookupCoordinatesByName|179|[Subframes] TsPreviewClient.LookupCoordinatesByName: TS database not found at C:\Users\nicka\AppData\Local\NINA\SchedulerPlugin
2026-05-31T04:00:17.7643|INFO|Plugin.cs|TrySendStationHeartbeatDebounced|971|[Subframes] Firing station heartbeat [image-saved preview update].
2026-05-31T04:00:17.7645|INFO|TsProgressReader.cs|ReadProgressDelta|75|[Subframes] TS progress delta: DB not found at C:\Users\nicka\AppData\Local\NINA\SchedulerPlugin — Target Scheduler not installed or DB path mismatch.
2026-05-31T04:00:24.8438|INFO|FilterWheelVM.cs|ChangeFilter|112|Moving to Filter L at Position 0
2026-05-31T04:00:25.0478|INFO|FocuserVM.cs|MoveFocuserInternal|216|Moving Focuser to position 387321
2026-05-31T04:00:34.7835|INFO|CameraVM.cs|Capture|742|Starting Exposure - Exposure Time: 2s; Filter: L; Gain: 275; Offset 50; Binning: 1x1;
2026-05-31T04:00:35.5364|INFO|SyncEngine.cs|SyncPendingFramesAsync|142|[Subframes] SyncEngine: synced 1 frames for session 470187b8-716c-4f60-bb85-9fd78307165c (accepted=1)
2026-05-31T04:00:38.5931|INFO|TsProgressReader.cs|ReadProgressDelta|75|[Subframes] TS progress delta: DB not found at C:\Users\nicka\AppData\Local\NINA\SchedulerPlugin — Target Scheduler not installed or DB path mismatch.
2026-05-31T04:00:39.1024|INFO|ImageSolver.cs|Solve|41|Platesolving with parameters: FocalLength: 360 PixelSize: 3.76 SearchRadius: 30 BlindFailoverEnabled: True Regions: 5000 DownSampleFactor: 0 MaxObjects: 500 Reference Coordinates RA: 22:36:31 Dec: 38° 07' 18" Epoch: J2000
2026-05-31T04:00:39.4062|INFO|BaseImageData.cs|SaveToDisk|346|Saved image to C:\Users\nicka\AppData\Local\NINA\PlateSolver\dazid0fm.yaj.fits
2026-05-31T04:00:40.3140|INFO|ImageSolver.cs|Solve|54|Platesolve successful: Coordinates: RA: 22:36:25; Dec: 38° 08' 20"; Epoch: J2000 - Position Angle: 95.51622051820743
2026-05-31T04:00:40.3151|INFO|CenteringSolver.cs|Center|99|Centering Solver - Scope Position: RA: 22:37:43; Dec: 38° 15' 18"; Epoch: JNOW; Offset: RA: 00:00:00; Dec: 00° 00' 00"; Distance: 00° 00' 00"; Bearing: 00° 00' 00"; Centering Coordinates: RA: 22:37:42; Dec: 38° 15' 18"; Epoch: JNOW; Solved: RA: 22:37:36; Dec: 38° 16' 20"; Epoch: JNOW; Separation RA: 00:00:06; Dec: -00° 01' 02"; Distance: 00° 01' 36"; Bearing: 49° 55' 06"; Threshold: 2
2026-05-31T04:00:40.3152|INFO|CenteringSolver.cs|Center|165|Restoring filter to H after centering
2026-05-31T04:00:40.3161|INFO|FilterWheelVM.cs|ChangeFilter|112|Moving to Filter H at Position 5
2026-05-31T04:00:40.5207|INFO|FocuserVM.cs|MoveFocuserInternal|216|Moving Focuser to position 387343
2026-05-31T04:00:44.7807|INFO|PHD2Guider.cs|TryStartGuideCommand|641|Phd2 - Requesting to start guiding. Recalibrate: False
2026-05-31T04:00:52.0195|INFO|PHD2Client.cs|ProcessEvent|261|PHD2: StartGuiding
2026-05-31T04:00:52.0196|INFO|PHD2Client.cs|StartNewGuidingSession|393|PHD2Client: New guiding session started
2026-05-31T04:00:52.0327|INFO|PHD2Client.cs|QueryExposureTime|1216|PHD2Client: Exposure time from PHD2 API: 2.000 seconds (2000 ms)
2026-05-31T04:01:14.4843|INFO|PHD2Client.cs|HandleSettleDone|343|PHD2Client: SettleDone - Status=0, Success=True, TotalFrames=10, DroppedFrames=0
2026-05-31T04:01:14.4844|WARNING|DitherStatisticsVM.cs|OnPHD2SettleDone|772|⚠️ SettleDone received but no currentDither exists (race condition?)
2026-05-31T04:01:14.9049|INFO|SequenceItem.cs|Run|254|Finishing Category: Scheduler, Item: Center, Coordinates RA: 22:36:31; Dec: 38° 07' 18"; Epoch: J2000
2026-05-31T04:01:14.9052|INFO|MeridianFlipTrigger.cs|ShouldTrigger|265|Meridian Flip - There is still time remaining - max remaining time 03:35:32.8987110, next instruction time 0, next instruction NINA.Plugin.TargetScheduler.Sequencer.PlanSchedulerProgress - and the telescope reports expected pier side pierWest. Automated Flip is not necessary.
2026-05-31T04:01:14.9053|INFO|SequenceItem.cs|Run|208|Starting NINA.Plugin.TargetScheduler.Sequencer.PlanSchedulerProgress
2026-05-31T04:01:14.9062|INFO|SequenceItem.cs|Run|254|Finishing NINA.Plugin.TargetScheduler.Sequencer.PlanSchedulerProgress
2026-05-31T04:01:14.9065|INFO|MeridianFlipTrigger.cs|ShouldTrigger|265|Meridian Flip - There is still time remaining - max remaining time 03:35:32.8987110, next instruction time 0, next instruction Category: , Container: NINA.Plugin.TargetScheduler.Sequencer.InstructionContainer, Strategy: InstructionContainerStrategy, Items[CREATED]: 2 - and the telescope reports expected pier side pierWest. Automated Flip is not necessary.
2026-05-31T04:01:14.9066|INFO|SequenceItem.cs|Run|208|Starting Category: , Container: NINA.Plugin.TargetScheduler.Sequencer.InstructionContainer, Strategy: InstructionContainerStrategy, Items[CREATED]: 2
2026-05-31T04:01:14.9069|INFO|MeridianFlipTrigger.cs|ShouldTrigger|265|Meridian Flip - There is still time remaining - max remaining time 03:35:32.8987110, next instruction time 0, next instruction [SubframesStartTarget] Target='Unknown Target' RA=0.0000 Dec=0.0000 - and the telescope reports expected pier side pierWest. Automated Flip is not necessary.
2026-05-31T04:01:14.9070|INFO|SequenceItem.cs|Run|208|Starting [SubframesStartTarget] Target='Unknown Target' RA=0.0000 Dec=0.0000
2026-05-31T04:01:14.9072|INFO|StartTargetItem.cs|Execute|95|[Subframes] StartTargetItem: target start returned null (API unavailable or older version).
2026-05-31T04:01:14.9072|INFO|SequenceItem.cs|Run|254|Finishing [SubframesStartTarget] Target='Unknown Target' RA=0.0000 Dec=0.0000
2026-05-31T04:01:14.9074|INFO|MeridianFlipTrigger.cs|ShouldTrigger|265|Meridian Flip - There is still time remaining - max remaining time 03:35:32.8987110, next instruction time 0, next instruction Category: Ground Station, Item: Send to Telegram - and the telescope reports expected pier side pierWest. Automated Flip is not necessary.
2026-05-31T04:01:14.9075|INFO|SequenceItem.cs|Run|208|Starting Category: Ground Station, Item: Send to Telegram
2026-05-31T04:01:15.5405|INFO|SequenceItem.cs|Run|254|Finishing Category: Ground Station, Item: Send to Telegram
2026-05-31T04:01:15.5408|INFO|SequenceItem.cs|Run|254|Finishing Category: , Container: NINA.Plugin.TargetScheduler.Sequencer.InstructionContainer, Strategy: InstructionContainerStrategy, Items[FINISHED]: 2
2026-05-31T04:01:15.5411|INFO|MeridianFlipTrigger.cs|ShouldTrigger|265|Meridian Flip - There is still time remaining - max remaining time 03:35:32.8987110, next instruction time 0, next instruction NINA.Plugin.TargetScheduler.Sequencer.PlanSchedulerProgress - and the telescope reports expected pier side pierWest. Automated Flip is not necessary.
2026-05-31T04:01:15.5412|INFO|SequenceItem.cs|Run|208|Starting NINA.Plugin.TargetScheduler.Sequencer.PlanSchedulerProgress
2026-05-31T04:01:15.5538|INFO|SequenceItem.cs|Run|254|Finishing NINA.Plugin.TargetScheduler.Sequencer.PlanSchedulerProgress
2026-05-31T04:01:15.5541|INFO|MeridianFlipTrigger.cs|ShouldTrigger|265|Meridian Flip - There is still time remaining - max remaining time 03:35:32.8987110, next instruction time 0, next instruction Category: Scheduler, Item: SwitchFilter, Filter: H - and the telescope reports expected pier side pierWest. Automated Flip is not necessary.
2026-05-31T04:01:15.5542|INFO|SequenceItem.cs|Run|208|Starting Category: Scheduler, Item: SwitchFilter, Filter: H
2026-05-31T04:01:15.5657|INFO|SequenceItem.cs|Run|254|Finishing Category: Scheduler, Item: SwitchFilter, Filter: H
2026-05-31T04:01:15.5661|INFO|MeridianFlipTrigger.cs|ShouldTrigger|265|Meridian Flip - There is still time remaining - max remaining time 03:35:32.8987110, next instruction time 0, next instruction NINA.Plugin.TargetScheduler.Sequencer.PlanSchedulerProgress - and the telescope reports expected pier side pierWest. Automated Flip is not necessary.
2026-05-31T04:01:15.5661|INFO|SequenceItem.cs|Run|208|Starting NINA.Plugin.TargetScheduler.Sequencer.PlanSchedulerProgress
2026-05-31T04:01:15.5661|INFO|SequenceItem.cs|Run|254|Finishing NINA.Plugin.TargetScheduler.Sequencer.PlanSchedulerProgress
2026-05-31T04:01:15.5663|INFO|MeridianFlipTrigger.cs|ShouldTrigger|265|Meridian Flip - There is still time remaining - max remaining time 03:35:32.8987110, next instruction time 0, next instruction Category: Scheduler, Item: SetReadoutMode, Mode: 0 - and the telescope reports expected pier side pierWest. Automated Flip is not necessary.
2026-05-31T04:01:15.5663|INFO|SequenceItem.cs|Run|208|Starting Category: Scheduler, Item: SetReadoutMode, Mode: 0
2026-05-31T04:01:15.5664|INFO|SequenceItem.cs|Run|254|Finishing Category: Scheduler, Item: SetReadoutMode, Mode: 0
2026-05-31T04:01:15.5665|INFO|MeridianFlipTrigger.cs|ShouldTrigger|265|Meridian Flip - There is still time remaining - max remaining time 03:35:32.8987110, next instruction time 0, next instruction NINA.Plugin.TargetScheduler.Sequencer.PlanSchedulerProgress - and the telescope reports expected pier side pierWest. Automated Flip is not necessary.
2026-05-31T04:01:15.5666|INFO|SequenceItem.cs|Run|208|Starting NINA.Plugin.TargetScheduler.Sequencer.PlanSchedulerProgress
2026-05-31T04:01:15.6929|INFO|SequenceItem.cs|Run|254|Finishing NINA.Plugin.TargetScheduler.Sequencer.PlanSchedulerProgress
2026-05-31T04:01:15.6935|INFO|MeridianFlipTrigger.cs|ShouldTrigger|265|Meridian Flip - There is still time remaining - max remaining time 03:35:32.8987110, next instruction time 600, next instruction Category: Scheduler, Item: TakeExposure, ExposureTime 600, Gain 100, Offset 50, ImageType LIGHT, Binning 1x1 - and the telescope reports expected pier side pierWest. Automated Flip is not necessary.
2026-05-31T04:01:15.6935|INFO|DIYTrigger.cs|ShouldTrigger|109|DIY Trigger Restore Guiding ShouldTrigger returning true
2026-05-31T04:01:15.6936|INFO|SequenceTrigger.cs|Run|114|Starting Category: Powerups (Misc), Item: DIYTrigger
2026-05-31T04:01:15.6955|INFO|DIYTrigger.cs|Execute|95|DIY Trigger executing...
2026-05-31T04:01:15.6956|INFO|SequenceItem.cs|Run|208|Starting Category: * Instruction Set *, Container: NINA.Sequencer.Container.SequentialContainer, Strategy: SequentialStrategy, Items[CREATED]: 1, Triggers: Trigger: RestoreGuiding
2026-05-31T04:01:15.6960|INFO|MeridianFlipTrigger.cs|ShouldTrigger|265|Meridian Flip - There is still time remaining - max remaining time 03:35:32.8987110, next instruction time 0, next instruction Category: Powerups (Expressions), Item: IfFailed - and the telescope reports expected pier side pierWest. Automated Flip is not necessary.
2026-05-31T04:01:15.6960|INFO|SequenceItem.cs|Run|208|Starting Category: Powerups (Expressions), Item: IfFailed
2026-05-31T04:01:15.6960|INFO|SequenceItem.cs|Run|208|Starting Category: Guider, Item: StartGuiding
2026-05-31T04:01:15.6986|INFO|PHD2Guider.cs|StartGuidingPrivate|504|Phd2 - App is already guiding. Skipping start guiding
2026-05-31T04:01:15.6989|INFO|SequenceItem.cs|Run|254|Finishing Category: Guider, Item: StartGuiding
2026-05-31T04:01:15.6989|INFO|SequenceItem.cs|Run|254|Finishing Category: Powerups (Expressions), Item: IfFailed
2026-05-31T04:01:15.6990|INFO|SequenceItem.cs|Run|254|Finishing Category: * Instruction Set *, Container: NINA.Sequencer.Container.SequentialContainer, Strategy: SequentialStrategy, Items[FINISHED]: 1, Triggers: Trigger: RestoreGuiding
2026-05-31T04:01:15.7010|INFO|SequenceItem.cs|Run|208|Starting Category: Scheduler, Item: TakeExposure, ExposureTime 600, Gain 100, Offset 50, ImageType LIGHT, Binning 1x1
2026-05-31T04:01:15.7058|INFO|CameraVM.cs|Capture|742|Starting Exposure - Exposure Time: 600s; Filter: ; Gain: 100; Offset 50; Binning: 1x1;
2026-05-31T04:05:38.5922|INFO|TsProgressReader.cs|ReadProgressDelta|75|[Subframes] TS progress delta: DB not found at C:\Users\nicka\AppData\Local\NINA\SchedulerPlugin — Target Scheduler not installed or DB path mismatch.
2026-05-31T04:10:38.6092|INFO|TsProgressReader.cs|ReadProgressDelta|75|[Subframes] TS progress delta: DB not found at C:\Users\nicka\AppData\Local\NINA\SchedulerPlugin — Target Scheduler not installed or DB path mismatch.
2026-05-31T04:11:17.5668|INFO|SequenceItem.cs|Run|254|Finishing Category: Scheduler, Item: TakeExposure, ExposureTime 600, Gain 100, Offset 50, ImageType LIGHT, Binning 1x1
2026-05-31T04:11:17.5673|INFO|MeridianFlipTrigger.cs|ShouldTrigger|265|Meridian Flip - There is still time remaining - max remaining time 03:25:29.4343399, next instruction time 0, next instruction NINA.Plugin.TargetScheduler.Sequencer.PlanSchedulerProgress - and the telescope reports expected pier side pierWest. Automated Flip is not necessary.
2026-05-31T04:11:17.5674|INFO|SequenceItem.cs|Run|208|Starting NINA.Plugin.TargetScheduler.Sequencer.PlanSchedulerProgress
2026-05-31T04:11:17.5674|INFO|SequenceItem.cs|Run|254|Finishing NINA.Plugin.TargetScheduler.Sequencer.PlanSchedulerProgress
2026-05-31T04:11:20.0455|INFO|HocusFocusStarDetection.cs|Detect|413|Average HFR: 1.7889698588163767, HFR MAD: 0.15480080655433964, Detected Stars 1036, Region: 0
2026-05-31T04:11:20.8044|INFO|BaseImageData.cs|SaveToDisk|346|Saved image to C:\ASTROIMAGES\NINA\2026-05-30\sh2-126 Panel 4 - NB\LIGHT\H\2026-05-31_04-01-15_sh2-126 Panel 4 - NB_LIGHT_H_-5.00C_G100-Exp-600.00s_MAXRMS-D0.70-R2.78_M-108.04_RMS-0.71_HFR-1.79_F-0028.fits
2026-05-31T04:11:20.8045|INFO|ImageSaveController.cs|DoWork|97|Successfully saved file at C:\ASTROIMAGES\NINA\2026-05-30\sh2-126 Panel 4 - NB\LIGHT\H\2026-05-31_04-01-15_sh2-126 Panel 4 - NB_LIGHT_H_-5.00C_G100-Exp-600.00s_MAXRMS-D0.70-R2.78_M-108.04_RMS-0.71_HFR-1.79_F-0028.fits. Duration Total: 00:00:03.2367499; BeforeSave: 00:00:00.0000681; BeforeFinalizeImageSaved: 00:00:02.8431964; FinalizeSaveTime: 00:00:00.3934843
2026-05-31T04:11:21.3995|INFO|SessionMetaDataWatcher.cs|WriteAcquisitionMetaData|63|Writing CSV acquisition summary: C:\ASTROIMAGES\NINA\2026-05-30\sh2-126 Panel 4 - NB\LIGHT\H\metadata\AcquisitionDetails.csv
2026-05-31T04:11:21.4559|INFO|SessionMetaDataWatcher.cs|WriteAcquisitionMetaData|82|Writing JSON acquisition summary: C:\ASTROIMAGES\NINA\2026-05-30\sh2-126 Panel 4 - NB\LIGHT\H\metadata\AcquisitionDetails.json
2026-05-31T04:11:21.4572|INFO|SessionMetaDataWatcher.cs|WriteImageMetaData|105|Writing CSV image metadata: C:\ASTROIMAGES\NINA\2026-05-30\sh2-126 Panel 4 - NB\LIGHT\H\metadata\ImageMetaData.csv
2026-05-31T04:11:21.4987|INFO|SessionMetaDataWatcher.cs|WriteImageMetaData|122|Writing JSON image metadata: C:\ASTROIMAGES\NINA\2026-05-30\sh2-126 Panel 4 - NB\LIGHT\H\metadata\ImageMetaData.json
2026-05-31T04:11:21.5001|INFO|SessionMetaDataWatcher.cs|WriteWeatherMetaData|169|Writing CSV weather metadata: C:\ASTROIMAGES\NINA\2026-05-30\sh2-126 Panel 4 - NB\LIGHT\H\metadata\WeatherData.csv
2026-05-31T04:11:21.5166|INFO|SessionMetaDataWatcher.cs|WriteWeatherMetaData|186|Writing JSON weather metadata: C:\ASTROIMAGES\NINA\2026-05-30\sh2-126 Panel 4 - NB\LIGHT\H\metadata\WeatherData.json
2026-05-31T04:11:21.5177|INFO|SessionService.cs|OnTargetDetectedAsync|663|[Subframes] Target detected: 'sh2-126 Panel 4 - NB' (was 'sh2-126 Panel 1 - NB')
2026-05-31T04:11:21.5960|INFO|SubframesClient.cs|StartTargetAsync|316|[Subframes] Target started:  name='sh2-126 Panel 4 - NB'
2026-05-31T04:11:21.5961|WARNING|SessionService.cs|StartTargetAsync|559|[Subframes] StartTarget failed — cached locally as ae68ba50-48c9-4130-949b-b8d6cee47d48 for replay.
2026-05-31T04:11:22.0424|INFO|MeridianFlipTrigger.cs|ShouldTrigger|265|Meridian Flip - There is still time remaining - max remaining time 03:25:25.0506762, next instruction time 0, next instruction Category: Powerups (Fun-ctions), Item: GSSend - and the telescope reports expected pier side pierWest. Automated Flip is not necessary.
2026-05-31T04:11:22.0424|INFO|SequenceItem.cs|Run|208|Starting Category: Powerups (Fun-ctions), Item: GSSend
2026-05-31T04:11:22.0427|INFO|SendWithGS.cs|ProcessedScript|64|Replacing Image_ExposureTime with 600
2026-05-31T04:11:22.0429|INFO|SendWithGS.cs|ProcessedScript|64|Replacing Image_HFR with 1.789
2026-05-31T04:11:22.0430|INFO|SendWithGS.cs|ProcessedScript|64|Replacing Image_FWHM with 7.1
2026-05-31T04:11:22.0431|INFO|SendWithGS.cs|ProcessedScript|64|Replacing Altitude with 47.30397802361305
2026-05-31T04:11:22.0431|INFO|SendWithGS.cs|Execute|95|Sending to Ground Station: Exp: $$FWHEEL_FILTER_NAME$$ on $$TARGET_NAME$$ EXP: 600 HFR: 1.789 FWHM: 7.1  Altitude: 47.30397802361305 
2026-05-31T04:11:22.0445|INFO|SequenceItem.cs|Run|208|Starting Category: Ground Station, Item: Send to Telegram
2026-05-31T04:11:22.9739|INFO|SequenceItem.cs|Run|254|Finishing Category: Ground Station, Item: Send to Telegram
2026-05-31T04:11:22.9752|INFO|SequenceItem.cs|Run|254|Finishing Category: Powerups (Fun-ctions), Item: GSSend
2026-05-31T04:11:22.9755|INFO|MeridianFlipTrigger.cs|ShouldTrigger|265|Meridian Flip - There is still time remaining - max remaining time 03:25:23.3185242, next instruction time 0, next instruction Category: Powerups (Fun-ctions), Item: GSSend - and the telescope reports expected pier side pierWest. Automated Flip is not necessary.
2026-05-31T04:11:22.9755|INFO|SequenceItem.cs|Run|208|Starting Category: Powerups (Fun-ctions), Item: GSSend
2026-05-31T04:11:22.9759|INFO|SendWithGS.cs|ProcessedScript|64|Replacing Image_ExposureTime with 600
2026-05-31T04:11:22.9760|INFO|SendWithGS.cs|ProcessedScript|64|Replacing Image_HFR with 1.789
2026-05-31T04:11:22.9760|INFO|SendWithGS.cs|ProcessedScript|64|Replacing Image_FWHM with 7.1
2026-05-31T04:11:22.9761|INFO|SendWithGS.cs|ProcessedScript|64|Replacing Altitude with 47.30397802361305
2026-05-31T04:11:22.9762|INFO|SendWithGS.cs|Execute|95|Sending to Ground Station: Exp: $$FWHEEL_FILTER_NAME$$ on $$TARGET_NAME$$ EXP: 600 HFR: 1.789 FWHM: 7.1  Altitude: 47.30397802361305 
2026-05-31T04:11:22.9772|INFO|SequenceItem.cs|Run|208|Starting Category: Ground Station, Item: Send to Pushover, Title: IMAGE: $$TARGET_NAME$$
2026-05-31T04:11:23.2143|INFO|SequenceItem.cs|Run|254|Finishing Category: Ground Station, Item: Send to Pushover, Title: IMAGE: $$TARGET_NAME$$
2026-05-31T04:11:23.2424|INFO|SequenceItem.cs|Run|254|Finishing Category: Powerups (Fun-ctions), Item: GSSend
2026-05-31T04:11:23.4105|INFO|Symbol.cs|OnMessageReceived|627|Received message from Target Scheduler re: TargetScheduler-TargetStart
2026-05-31T04:11:23.4105|INFO|Symbol.cs|OnMessageReceived|635|TS_TargetName = sh2-126 Panel 4 - NB
2026-05-31T04:11:23.4106|INFO|Symbol.cs|OnMessageReceived|636|Expires at 05/31/2026 05:32:40 -05:00
2026-05-31T04:11:23.4106|INFO|Symbol.cs|OnMessageReceived|627|Received message from Target Scheduler re: TargetScheduler-TargetStart
2026-05-31T04:11:23.4106|INFO|Symbol.cs|OnMessageReceived|635|TS_TargetName = sh2-126 Panel 4 - NB
2026-05-31T04:11:23.4106|INFO|Symbol.cs|OnMessageReceived|636|Expires at 05/31/2026 05:32:40 -05:00
2026-05-31T04:11:23.4113|INFO|MeridianFlipTrigger.cs|ShouldTrigger|265|Meridian Flip - There is still time remaining - max remaining time 03:25:23.3185242, next instruction time 0, next instruction NINA.Plugin.TargetScheduler.Sequencer.PlanSchedulerProgress - and the telescope reports expected pier side pierWest. Automated Flip is not necessary.
2026-05-31T04:11:23.4113|INFO|SequenceItem.cs|Run|208|Starting NINA.Plugin.TargetScheduler.Sequencer.PlanSchedulerProgress
2026-05-31T04:11:23.4567|INFO|SequenceItem.cs|Run|254|Finishing NINA.Plugin.TargetScheduler.Sequencer.PlanSchedulerProgress
2026-05-31T04:11:23.4570|INFO|MeridianFlipTrigger.cs|ShouldTrigger|265|Meridian Flip - There is still time remaining - max remaining time 03:25:23.3185242, next instruction time 90, next instruction Category: , Item: Dither - and the telescope reports expected pier side pierWest. Automated Flip is not necessary.
2026-05-31T04:11:23.4571|INFO|SequenceItem.cs|Run|208|Starting Category: , Item: Dither
2026-05-31T04:11:23.4805|INFO|PHD2Client.cs|HandleGuidingDithered|309|PHD2Client: 🎯 GuidingDithered (DITHER START) - dx=10.98, dy=8.38
2026-05-31T04:11:23.4806|INFO|DitherStatisticsVM.cs|OnPHD2GuidingDithered|752|🎯 DITHER START detected via GuidingDithered! dx=10.98, dy=8.38
2026-05-31T04:11:23.4806|INFO|DitherStatisticsVM.cs|OnPHD2GuidingDithered|762|✅ Dither START recorded with pixel shift: (10.98, 8.38)
2026-05-31T04:11:23.4807|INFO|PHD2Client.cs|StartDitherDataCollection|576|PHD2Client: Started dither data collection for 30 seconds (series #5)
2026-05-31T04:11:23.7248|INFO|StarfrontClient.cs|SendImageFile|249|[Rockwood] sent 2026-05-31_04-01-15_sh2-126 Panel 4 - NB_LIGHT_H_-5.00C_G100-Exp-600.00s_MAXRMS-D0.70-R2.78_M-108.04_RMS-0.71_HFR-1.79_F-0028.fits (27KB) object=sh2-126 Panel 4 - NB exptime=600s filter=H
2026-05-31T04:11:26.7223|WARNING|TsPreviewClient.cs|FetchPreviewAsync|161|[Subframes] TsPreviewClient.FetchPreviewAsync failed for profile '533M-AT60' (0173997c-4bfa-48fd-9337-a48b6df99c38): TaskCanceledException: The request was canceled due to the configured HttpClient.Timeout of 5 seconds elapsing.
2026-05-31T04:11:35.5347|INFO|SyncEngine.cs|SyncPendingFramesAsync|142|[Subframes] SyncEngine: synced 1 frames for session 470187b8-716c-4f60-bb85-9fd78307165c (accepted=1)
2026-05-31T04:11:53.4805|INFO|PHD2Client.cs|OnDitherCollectionComplete|657|PHD2Client: Dither data collection complete (timer). Collected 9 points.
2026-05-31T04:11:53.4852|INFO|PHD2Client.cs|WriteDitherAnalysisFile|738|PHD2Client: Dither analysis file written with 49 data points: 20260531_040052_dither_analysis.txt
2026-05-31T04:11:53.4901|INFO|PHD2Client.cs|WritePositivePeriodsFile|932|PHD2Client: Positive periods analysis written with 15 total periods across 3 multipliers: 20260531_040052_positive_periods.txt
2026-05-31T04:11:53.4907|INFO|PHD2Client.cs|AnalyzePositivePeriods|868|PHD2Client: Positive period analysis complete. firstPeriodPerSeries counts: 1.5σ=2, 2.0σ=0, 3.0σ=0
2026-05-31T04:11:53.4908|INFO|PHD2Client.cs|CalculateRecommendation|954|PHD2Client: Calculating recommendation from 5 dither series, RMS=0.2196, StdDev=0.1315
2026-05-31T04:11:53.4911|INFO|PHD2Client.cs|EstimateMinSettleTimeFallback|1102|PHD2Client: MinSettleTime estimated using fallback (first point below threshold)
2026-05-31T04:11:53.4912|INFO|PHD2Client.cs|CalculateRecommendation|987|PHD2Client: Dither recommendation calculated - Events: 5, SettlePixel: Q=0.42 B=0.48 P=0.61, MinSettle: Q=4.0s B=4.0s P=4.0s
2026-05-31T04:11:53.4917|INFO|DitherStatisticsVM.cs|OnDitherRecommendationUpdated|500|Dither recommendation updated on UI thread - Events: 5
2026-05-31T04:11:53.4919|INFO|PHD2Client.cs|RunAnalysisAndRecommendation|638|PHD2Client: RunAnalysisAndRecommendation completed - 49 points, 5 series
2026-05-31T04:12:06.0716|INFO|PHD2Client.cs|HandleSettleDone|343|PHD2Client: SettleDone - Status=0, Success=True, TotalFrames=15, DroppedFrames=0
2026-05-31T04:12:06.0717|INFO|DitherStatisticsVM.cs|OnPHD2SettleDone|794|✅ DITHER END - Success=True, SettleTime=42.59s, TotalFrames=15, DroppedFrames=0
2026-05-31T04:12:06.0780|INFO|DitherStatisticsVM.cs|UpdateQualityMetrics|865|Quality metrics updated: Score=0.1244, Rating=Poor
2026-05-31T04:12:06.5446|INFO|SequenceItem.cs|Run|254|Finishing Category: , Item: Dither
2026-05-31T04:12:06.5453|INFO|MeridianFlipTrigger.cs|ShouldTrigger|265|Meridian Flip - There is still time remaining - max remaining time 03:24:42.2589754, next instruction time 0, next instruction NINA.Plugin.TargetScheduler.Sequencer.PlanSchedulerProgress - and the telescope reports expected pier side pierWest. Automated Flip is not necessary.
2026-05-31T04:12:06.5455|INFO|SequenceItem.cs|Run|208|Starting NINA.Plugin.TargetScheduler.Sequencer.PlanSchedulerProgress
2026-05-31T04:12:06.5456|INFO|SequenceItem.cs|Run|254|Finishing NINA.Plugin.TargetScheduler.Sequencer.PlanSchedulerProgress
2026-05-31T04:12:06.5459|INFO|MeridianFlipTrigger.cs|ShouldTrigger|265|Meridian Flip - There is still time remaining - max remaining time 03:24:42.2589754, next instruction time 0, next instruction Category: Scheduler, Item: SwitchFilter, Filter: H - and the telescope reports expected pier side pierWest. Automated Flip is not necessary.
2026-05-31T04:12:06.5460|INFO|SequenceItem.cs|Run|208|Starting Category: Scheduler, Item: SwitchFilter, Filter: H
2026-05-31T04:12:06.5472|INFO|SequenceItem.cs|Run|254|Finishing Category: Scheduler, Item: SwitchFilter, Filter: H
2026-05-31T04:12:06.5476|INFO|MeridianFlipTrigger.cs|ShouldTrigger|265|Meridian Flip - There is still time remaining - max remaining time 03:24:42.2589754, next instruction time 0, next instruction NINA.Plugin.TargetScheduler.Sequencer.PlanSchedulerProgress - and the telescope reports expected pier side pierWest. Automated Flip is not necessary.
2026-05-31T04:12:06.5477|INFO|SequenceItem.cs|Run|208|Starting NINA.Plugin.TargetScheduler.Sequencer.PlanSchedulerProgress
2026-05-31T04:12:06.5478|INFO|SequenceItem.cs|Run|254|Finishing NINA.Plugin.TargetScheduler.Sequencer.PlanSchedulerProgress
2026-05-31T04:12:06.5481|INFO|MeridianFlipTrigger.cs|ShouldTrigger|265|Meridian Flip - There is still time remaining - max remaining time 03:24:42.2589754, next instruction time 0, next instruction Category: Scheduler, Item: SetReadoutMode, Mode: 0 - and the telescope reports expected pier side pierWest. Automated Flip is not necessary.
2026-05-31T04:12:06.5482|INFO|SequenceItem.cs|Run|208|Starting Category: Scheduler, Item: SetReadoutMode, Mode: 0
2026-05-31T04:12:06.5484|INFO|SequenceItem.cs|Run|254|Finishing Category: Scheduler, Item: SetReadoutMode, Mode: 0
2026-05-31T04:12:06.5487|INFO|MeridianFlipTrigger.cs|ShouldTrigger|265|Meridian Flip - There is still time remaining - max remaining time 03:24:42.2589754, next instruction time 0, next instruction NINA.Plugin.TargetScheduler.Sequencer.PlanSchedulerProgress - and the telescope reports expected pier side pierWest. Automated Flip is not necessary.
2026-05-31T04:12:06.5488|INFO|SequenceItem.cs|Run|208|Starting NINA.Plugin.TargetScheduler.Sequencer.PlanSchedulerProgress
2026-05-31T04:12:06.5498|INFO|SequenceItem.cs|Run|254|Finishing NINA.Plugin.TargetScheduler.Sequencer.PlanSchedulerProgress
2026-05-31T04:12:06.5503|INFO|MeridianFlipTrigger.cs|ShouldTrigger|265|Meridian Flip - There is still time remaining - max remaining time 03:24:42.2589754, next instruction time 600, next instruction Category: Scheduler, Item: TakeExposure, ExposureTime 600, Gain 100, Offset 50, ImageType LIGHT, Binning 1x1 - and the telescope reports expected pier side pierWest. Automated Flip is not necessary.
2026-05-31T04:12:06.5504|INFO|DIYTrigger.cs|ShouldTrigger|109|DIY Trigger Restore Guiding ShouldTrigger returning true
2026-05-31T04:12:06.5505|INFO|SequenceTrigger.cs|Run|114|Starting Category: Powerups (Misc), Item: DIYTrigger
2026-05-31T04:12:06.5544|INFO|DIYTrigger.cs|Execute|95|DIY Trigger executing...
2026-05-31T04:12:06.5546|INFO|SequenceItem.cs|Run|208|Starting Category: * Instruction Set *, Container: NINA.Sequencer.Container.SequentialContainer, Strategy: SequentialStrategy, Items[CREATED]: 1, Triggers: Trigger: RestoreGuiding
2026-05-31T04:12:06.5552|INFO|MeridianFlipTrigger.cs|ShouldTrigger|265|Meridian Flip - There is still time remaining - max remaining time 03:24:42.2589754, next instruction time 0, next instruction Category: Powerups (Expressions), Item: IfFailed - and the telescope reports expected pier side pierWest. Automated Flip is not necessary.
2026-05-31T04:12:06.5553|INFO|SequenceItem.cs|Run|208|Starting Category: Powerups (Expressions), Item: IfFailed
2026-05-31T04:12:06.5554|INFO|SequenceItem.cs|Run|208|Starting Category: Guider, Item: StartGuiding
2026-05-31T04:12:06.5611|INFO|PHD2Guider.cs|StartGuidingPrivate|504|Phd2 - App is already guiding. Skipping start guiding
2026-05-31T04:12:06.5614|INFO|SequenceItem.cs|Run|254|Finishing Category: Guider, Item: StartGuiding
2026-05-31T04:12:06.5615|INFO|SequenceItem.cs|Run|254|Finishing Category: Powerups (Expressions), Item: IfFailed
2026-05-31T04:12:06.5617|INFO|SequenceItem.cs|Run|254|Finishing Category: * Instruction Set *, Container: NINA.Sequencer.Container.SequentialContainer, Strategy: SequentialStrategy, Items[FINISHED]: 1, Triggers: Trigger: RestoreGuiding
2026-05-31T04:12:06.5659|INFO|SequenceItem.cs|Run|208|Starting Category: Scheduler, Item: TakeExposure, ExposureTime 600, Gain 100, Offset 50, ImageType LIGHT, Binning 1x1
2026-05-31T04:12:06.5716|INFO|CameraVM.cs|Capture|742|Starting Exposure - Exposure Time: 600s; Filter: ; Gain: 100; Offset 50; Binning: 1x1;
2026-05-31T04:15:38.5921|INFO|TsProgressReader.cs|ReadProgressDelta|75|[Subframes] TS progress delta: DB not found at C:\Users\nicka\AppData\Local\NINA\SchedulerPlugin — Target Scheduler not installed or DB path mismatch.
2026-05-31T04:20:38.5924|INFO|TsProgressReader.cs|ReadProgressDelta|75|[Subframes] TS progress delta: DB not found at C:\Users\nicka\AppData\Local\NINA\SchedulerPlugin — Target Scheduler not installed or DB path mismatch.
2026-05-31T04:22:08.4369|INFO|SequenceItem.cs|Run|254|Finishing Category: Scheduler, Item: TakeExposure, ExposureTime 600, Gain 100, Offset 50, ImageType LIGHT, Binning 1x1
2026-05-31T04:22:08.4372|INFO|MeridianFlipTrigger.cs|ShouldTrigger|265|Meridian Flip - There is still time remaining - max remaining time 03:14:39.3416876, next instruction time 0, next instruction NINA.Plugin.TargetScheduler.Sequencer.PlanSchedulerProgress - and the telescope reports expected pier side pierWest. Automated Flip is not necessary.
2026-05-31T04:22:08.4373|INFO|SequenceItem.cs|Run|208|Starting NINA.Plugin.TargetScheduler.Sequencer.PlanSchedulerProgress
2026-05-31T04:22:08.4374|INFO|SequenceItem.cs|Run|254|Finishing NINA.Plugin.TargetScheduler.Sequencer.PlanSchedulerProgress
2026-05-31T04:22:11.1169|INFO|HocusFocusStarDetection.cs|Detect|413|Average HFR: 1.7674366298124657, HFR MAD: 0.13986361788622584, Detected Stars 1011, Region: 0
2026-05-31T04:22:11.8508|INFO|BaseImageData.cs|SaveToDisk|346|Saved image to C:\ASTROIMAGES\NINA\2026-05-30\sh2-126 Panel 4 - NB\LIGHT\H\2026-05-31_04-12-06_sh2-126 Panel 4 - NB_LIGHT_H_-5.00C_G100-Exp-600.00s_MAXRMS-D0.85-R1.27_M-107.99_RMS-0.45_HFR-1.77_F-0029.fits
2026-05-31T04:22:11.8509|INFO|ImageSaveController.cs|DoWork|97|Successfully saved file at C:\ASTROIMAGES\NINA\2026-05-30\sh2-126 Panel 4 - NB\LIGHT\H\2026-05-31_04-12-06_sh2-126 Panel 4 - NB_LIGHT_H_-5.00C_G100-Exp-600.00s_MAXRMS-D0.85-R1.27_M-107.99_RMS-0.45_HFR-1.77_F-0029.fits. Duration Total: 00:00:03.4140221; BeforeSave: 00:00:00.0001178; BeforeFinalizeImageSaved: 00:00:03.0248037; FinalizeSaveTime: 00:00:00.3890997
2026-05-31T04:22:12.5223|WARNING|SessionMetaDataWatcher.cs|WriteAcquisitionMetaData|73|acquisition file already exists, will not overwrite: C:\ASTROIMAGES\NINA\2026-05-30\sh2-126 Panel 4 - NB\LIGHT\H\metadata\AcquisitionDetails.csv
2026-05-31T04:22:12.5224|WARNING|SessionMetaDataWatcher.cs|WriteAcquisitionMetaData|93|acquisition file already exists, will not overwrite: C:\ASTROIMAGES\NINA\2026-05-30\sh2-126 Panel 4 - NB\LIGHT\H\metadata\AcquisitionDetails.json
2026-05-31T04:22:12.5227|INFO|SessionMetaDataWatcher.cs|WriteImageMetaData|105|Writing CSV image metadata: C:\ASTROIMAGES\NINA\2026-05-30\sh2-126 Panel 4 - NB\LIGHT\H\metadata\ImageMetaData.csv
2026-05-31T04:22:12.5804|INFO|SessionMetaDataWatcher.cs|WriteImageMetaData|122|Writing JSON image metadata: C:\ASTROIMAGES\NINA\2026-05-30\sh2-126 Panel 4 - NB\LIGHT\H\metadata\ImageMetaData.json
2026-05-31T04:22:12.5824|INFO|SessionMetaDataWatcher.cs|WriteWeatherMetaData|169|Writing CSV weather metadata: C:\ASTROIMAGES\NINA\2026-05-30\sh2-126 Panel 4 - NB\LIGHT\H\metadata\WeatherData.csv
2026-05-31T04:22:12.6108|INFO|SessionMetaDataWatcher.cs|WriteWeatherMetaData|186|Writing JSON weather metadata: C:\ASTROIMAGES\NINA\2026-05-30\sh2-126 Panel 4 - NB\LIGHT\H\metadata\WeatherData.json
2026-05-31T04:22:12.6121|INFO|SessionService.cs|OnTargetDetectedAsync|663|[Subframes] Target detected: 'sh2-126 Panel 4 - NB' (was 'sh2-126 Panel 4 - NB')
2026-05-31T04:22:12.6588|INFO|SubframesClient.cs|StartTargetAsync|316|[Subframes] Target started:  name='sh2-126 Panel 4 - NB'
2026-05-31T04:22:12.6589|WARNING|SessionService.cs|StartTargetAsync|559|[Subframes] StartTarget failed — cached locally as f4833ff1-6ca7-402c-a745-4f00456914d0 for replay.
2026-05-31T04:22:13.1057|INFO|MeridianFlipTrigger.cs|ShouldTrigger|265|Meridian Flip - There is still time remaining - max remaining time 03:14:35.3091587, next instruction time 0, next instruction Category: Powerups (Fun-ctions), Item: GSSend - and the telescope reports expected pier side pierWest. Automated Flip is not necessary.
2026-05-31T04:22:13.1058|INFO|SequenceItem.cs|Run|208|Starting Category: Powerups (Fun-ctions), Item: GSSend
2026-05-31T04:22:13.1061|INFO|SendWithGS.cs|ProcessedScript|64|Replacing Image_ExposureTime with 600
2026-05-31T04:22:13.1062|INFO|SendWithGS.cs|ProcessedScript|64|Replacing Image_HFR with 1.767
2026-05-31T04:22:13.1063|INFO|SendWithGS.cs|ProcessedScript|64|Replacing Image_FWHM with 7.1
2026-05-31T04:22:13.1064|INFO|SendWithGS.cs|ProcessedScript|64|Replacing Altitude with 49.41223485211995
2026-05-31T04:22:13.1064|INFO|SendWithGS.cs|Execute|95|Sending to Ground Station: Exp: $$FWHEEL_FILTER_NAME$$ on $$TARGET_NAME$$ EXP: 600 HFR: 1.767 FWHM: 7.1  Altitude: 49.41223485211995 
2026-05-31T04:22:13.1078|INFO|SequenceItem.cs|Run|208|Starting Category: Ground Station, Item: Send to Telegram
2026-05-31T04:22:13.7883|INFO|SequenceItem.cs|Run|254|Finishing Category: Ground Station, Item: Send to Telegram
2026-05-31T04:22:13.7904|INFO|SequenceItem.cs|Run|254|Finishing Category: Powerups (Fun-ctions), Item: GSSend
2026-05-31T04:22:13.7908|INFO|MeridianFlipTrigger.cs|ShouldTrigger|265|Meridian Flip - There is still time remaining - max remaining time 03:14:35.3091587, next instruction time 0, next instruction Category: Powerups (Fun-ctions), Item: GSSend - and the telescope reports expected pier side pierWest. Automated Flip is not necessary.
2026-05-31T04:22:13.7908|INFO|SequenceItem.cs|Run|208|Starting Category: Powerups (Fun-ctions), Item: GSSend
2026-05-31T04:22:13.7911|INFO|SendWithGS.cs|ProcessedScript|64|Replacing Image_ExposureTime with 600
2026-05-31T04:22:13.7912|INFO|SendWithGS.cs|ProcessedScript|64|Replacing Image_HFR with 1.767
2026-05-31T04:22:13.7913|INFO|SendWithGS.cs|ProcessedScript|64|Replacing Image_FWHM with 7.1
2026-05-31T04:22:13.7914|INFO|SendWithGS.cs|ProcessedScript|64|Replacing Altitude with 49.41223485211995
2026-05-31T04:22:13.7915|INFO|SendWithGS.cs|Execute|95|Sending to Ground Station: Exp: $$FWHEEL_FILTER_NAME$$ on $$TARGET_NAME$$ EXP: 600 HFR: 1.767 FWHM: 7.1  Altitude: 49.41223485211995 
2026-05-31T04:22:13.7927|INFO|SequenceItem.cs|Run|208|Starting Category: Ground Station, Item: Send to Pushover, Title: IMAGE: $$TARGET_NAME$$
2026-05-31T04:22:13.9738|INFO|SequenceItem.cs|Run|254|Finishing Category: Ground Station, Item: Send to Pushover, Title: IMAGE: $$TARGET_NAME$$
2026-05-31T04:22:13.9750|INFO|SequenceItem.cs|Run|254|Finishing Category: Powerups (Fun-ctions), Item: GSSend
2026-05-31T04:22:14.3071|INFO|MeridianFlipTrigger.cs|ShouldTrigger|265|Meridian Flip - There is still time remaining - max remaining time 03:14:33.2947997, next instruction time 0, next instruction [SubframesEndTarget] - and the telescope reports expected pier side pierWest. Automated Flip is not necessary.
2026-05-31T04:22:14.3071|INFO|SequenceItem.cs|Run|208|Starting [SubframesEndTarget]
2026-05-31T04:22:14.3072|INFO|SequenceItem.cs|Run|254|Finishing [SubframesEndTarget]
2026-05-31T04:22:14.3289|INFO|Symbol.cs|OnMessageReceived|627|Received message from Target Scheduler re: TargetScheduler-NewTargetStart
2026-05-31T04:22:14.3290|INFO|Symbol.cs|OnMessageReceived|635|TS_TargetName = sh2-126 Panel 8 - NB
2026-05-31T04:22:14.3290|INFO|Symbol.cs|OnMessageReceived|636|Expires at 05/31/2026 05:32:40 -05:00
2026-05-31T04:22:14.3290|INFO|Symbol.cs|OnMessageReceived|627|Received message from Target Scheduler re: TargetScheduler-NewTargetStart
2026-05-31T04:22:14.3290|INFO|Symbol.cs|OnMessageReceived|635|TS_TargetName = sh2-126 Panel 8 - NB
2026-05-31T04:22:14.3291|INFO|Symbol.cs|OnMessageReceived|636|Expires at 05/31/2026 05:32:40 -05:00
2026-05-31T04:22:14.3371|INFO|Symbol.cs|OnMessageReceived|627|Received message from Target Scheduler re: TargetScheduler-TargetStart
2026-05-31T04:22:14.3371|INFO|Symbol.cs|OnMessageReceived|635|TS_TargetName = sh2-126 Panel 8 - NB
2026-05-31T04:22:14.3372|INFO|Symbol.cs|OnMessageReceived|636|Expires at 05/31/2026 05:32:40 -05:00
2026-05-31T04:22:14.3372|INFO|Symbol.cs|OnMessageReceived|627|Received message from Target Scheduler re: TargetScheduler-TargetStart
2026-05-31T04:22:14.3372|INFO|Symbol.cs|OnMessageReceived|635|TS_TargetName = sh2-126 Panel 8 - NB
2026-05-31T04:22:14.3372|INFO|Symbol.cs|OnMessageReceived|636|Expires at 05/31/2026 05:32:40 -05:00
2026-05-31T04:22:14.3421|INFO|MeridianFlipTrigger.cs|ShouldTrigger|265|Meridian Flip - There is still time remaining - max remaining time 03:14:33.2947997, next instruction time 0, next instruction NINA.Plugin.TargetScheduler.Sequencer.PlanSchedulerProgress - and the telescope reports expected pier side pierWest. Automated Flip is not necessary.
2026-05-31T04:22:14.3422|INFO|SequenceItem.cs|Run|208|Starting NINA.Plugin.TargetScheduler.Sequencer.PlanSchedulerProgress
2026-05-31T04:22:14.4633|INFO|SequenceItem.cs|Run|254|Finishing NINA.Plugin.TargetScheduler.Sequencer.PlanSchedulerProgress
2026-05-31T04:22:14.4637|INFO|MeridianFlipTrigger.cs|ShouldTrigger|265|Meridian Flip - There is still time remaining - max remaining time 03:14:33.2947997, next instruction time 0, next instruction Category: Scheduler, Item: Center, Coordinates RA: 22:29:03; Dec: 39° 32' 48"; Epoch: J2000 - and the telescope reports expected pier side pierWest. Automated Flip is not necessary.
2026-05-31T04:22:14.4638|INFO|SequenceItem.cs|Run|208|Starting Category: Scheduler, Item: Center, Coordinates RA: 22:29:03; Dec: 39° 32' 48"; Epoch: J2000
2026-05-31T04:22:14.6298|INFO|StarfrontClient.cs|SendImageFile|249|[Rockwood] sent 2026-05-31_04-12-06_sh2-126 Panel 4 - NB_LIGHT_H_-5.00C_G100-Exp-600.00s_MAXRMS-D0.85-R1.27_M-107.99_RMS-0.45_HFR-1.77_F-0029.fits (27KB) object=sh2-126 Panel 4 - NB exptime=600s filter=H
2026-05-31T04:22:14.9387|INFO|PHD2Client.cs|ProcessEvent|268|PHD2: ConfigurationChange
2026-05-31T04:22:14.9417|WARNING|PHD2Client.cs|ProcessEvent|252|PHD2: LockPositionLost
2026-05-31T04:22:15.0338|INFO|PHD2Client.cs|QueryExposureTime|1216|PHD2Client: Exposure time from PHD2 API: 2.000 seconds (2000 ms)
2026-05-31T04:22:15.6378|INFO|TelescopeVM.cs|SlewAsyncInternal|910|Slewing from RA: 22:37:47; Dec: 38° 15' 42"; Epoch: JNOW to RA: 22:30:13; Dec: 39° 40' 41"; Epoch: JNOW - Alt: 51° 01' 14"; Az: 64° 23' 07"
2026-05-31T04:22:17.7137|INFO|TsPreviewClient.cs|LookupCoordinatesByName|179|[Subframes] TsPreviewClient.LookupCoordinatesByName: TS database not found at C:\Users\nicka\AppData\Local\NINA\SchedulerPlugin
2026-05-31T04:22:17.7139|INFO|Plugin.cs|TrySendStationHeartbeatDebounced|971|[Subframes] Firing station heartbeat [image-saved preview update].
2026-05-31T04:22:17.7141|INFO|TsProgressReader.cs|ReadProgressDelta|75|[Subframes] TS progress delta: DB not found at C:\Users\nicka\AppData\Local\NINA\SchedulerPlugin — Target Scheduler not installed or DB path mismatch.
2026-05-31T04:22:24.8086|INFO|FilterWheelVM.cs|ChangeFilter|112|Moving to Filter L at Position 0
2026-05-31T04:22:24.8102|INFO|FocuserVM.cs|MoveFocuserInternal|216|Moving Focuser to position 387321
2026-05-31T04:22:32.7621|INFO|CameraVM.cs|Capture|742|Starting Exposure - Exposure Time: 2s; Filter: L; Gain: 275; Offset 50; Binning: 1x1;
2026-05-31T04:22:35.5354|INFO|SyncEngine.cs|SyncPendingFramesAsync|142|[Subframes] SyncEngine: synced 1 frames for session 470187b8-716c-4f60-bb85-9fd78307165c (accepted=1)
2026-05-31T04:22:37.0440|INFO|ImageSolver.cs|Solve|41|Platesolving with parameters: FocalLength: 360 PixelSize: 3.76 SearchRadius: 30 BlindFailoverEnabled: True Regions: 5000 DownSampleFactor: 0 MaxObjects: 500 Reference Coordinates RA: 22:29:03 Dec: 39° 32' 48" Epoch: J2000
2026-05-31T04:22:37.3460|INFO|BaseImageData.cs|SaveToDisk|346|Saved image to C:\Users\nicka\AppData\Local\NINA\PlateSolver\0x4kbsap.pet.fits
2026-05-31T04:22:38.2621|INFO|ImageSolver.cs|Solve|54|Platesolve successful: Coordinates: RA: 22:28:54; Dec: 39° 33' 31"; Epoch: J2000 - Position Angle: 95.52631055960597
2026-05-31T04:22:38.2631|INFO|CenteringSolver.cs|Center|99|Centering Solver - Scope Position: RA: 22:30:13; Dec: 39° 40' 41"; Epoch: JNOW; Offset: RA: 00:00:00; Dec: 00° 00' 00"; Distance: 00° 00' 00"; Bearing: 00° 00' 00"; Centering Coordinates: RA: 22:30:13; Dec: 39° 40' 41"; Epoch: JNOW; Solved: RA: 22:30:04; Dec: 39° 41' 24"; Epoch: JNOW; Separation RA: 00:00:08; Dec: -00° 00' 43"; Distance: 00° 01' 47"; Bearing: 66° 23' 35"; Threshold: 2
2026-05-31T04:22:38.2632|INFO|CenteringSolver.cs|Center|165|Restoring filter to H after centering
2026-05-31T04:22:38.2641|INFO|FilterWheelVM.cs|ChangeFilter|112|Moving to Filter H at Position 5
2026-05-31T04:22:38.4678|INFO|FocuserVM.cs|MoveFocuserInternal|216|Moving Focuser to position 387343
2026-05-31T04:22:42.7697|INFO|PHD2Guider.cs|TryStartGuideCommand|641|Phd2 - Requesting to start guiding. Recalibrate: False
2026-05-31T04:22:50.0441|INFO|PHD2Client.cs|ProcessEvent|261|PHD2: StartGuiding
2026-05-31T04:22:50.0443|INFO|PHD2Client.cs|StartNewGuidingSession|393|PHD2Client: New guiding session started
2026-05-31T04:22:50.0534|INFO|PHD2Client.cs|QueryExposureTime|1216|PHD2Client: Exposure time from PHD2 API: 2.000 seconds (2000 ms)
2026-05-31T04:23:13.4779|INFO|PHD2Client.cs|HandleSettleDone|343|PHD2Client: SettleDone - Status=0, Success=True, TotalFrames=10, DroppedFrames=0
2026-05-31T04:23:13.4780|WARNING|DitherStatisticsVM.cs|OnPHD2SettleDone|772|⚠️ SettleDone received but no currentDither exists (race condition?)
2026-05-31T04:23:13.9213|INFO|SequenceItem.cs|Run|254|Finishing Category: Scheduler, Item: Center, Coordinates RA: 22:29:03; Dec: 39° 32' 48"; Epoch: J2000
2026-05-31T04:23:13.9217|INFO|MeridianFlipTrigger.cs|ShouldTrigger|265|Meridian Flip - There is still time remaining - max remaining time 03:06:02.1499156, next instruction time 0, next instruction NINA.Plugin.TargetScheduler.Sequencer.PlanSchedulerProgress - and the telescope reports expected pier side pierWest. Automated Flip is not necessary.
2026-05-31T04:23:13.9218|INFO|SequenceItem.cs|Run|208|Starting NINA.Plugin.TargetScheduler.Sequencer.PlanSchedulerProgress
2026-05-31T04:23:13.9559|INFO|SequenceItem.cs|Run|254|Finishing NINA.Plugin.TargetScheduler.Sequencer.PlanSchedulerProgress
2026-05-31T04:23:13.9564|INFO|MeridianFlipTrigger.cs|ShouldTrigger|265|Meridian Flip - There is still time remaining - max remaining time 03:06:02.1499156, next instruction time 0, next instruction Category: , Container: NINA.Plugin.TargetScheduler.Sequencer.InstructionContainer, Strategy: InstructionContainerStrategy, Items[CREATED]: 2 - and the telescope reports expected pier side pierWest. Automated Flip is not necessary.
2026-05-31T04:23:13.9564|INFO|SequenceItem.cs|Run|208|Starting Category: , Container: NINA.Plugin.TargetScheduler.Sequencer.InstructionContainer, Strategy: InstructionContainerStrategy, Items[CREATED]: 2
2026-05-31T04:23:13.9566|INFO|MeridianFlipTrigger.cs|ShouldTrigger|265|Meridian Flip - There is still time remaining - max remaining time 03:06:02.1499156, next instruction time 0, next instruction [SubframesStartTarget] Target='Unknown Target' RA=0.0000 Dec=0.0000 - and the telescope reports expected pier side pierWest. Automated Flip is not necessary.
2026-05-31T04:23:13.9567|INFO|SequenceItem.cs|Run|208|Starting [SubframesStartTarget] Target='Unknown Target' RA=0.0000 Dec=0.0000
2026-05-31T04:23:13.9567|INFO|StartTargetItem.cs|Execute|95|[Subframes] StartTargetItem: target start returned null (API unavailable or older version).
2026-05-31T04:23:13.9568|INFO|SequenceItem.cs|Run|254|Finishing [SubframesStartTarget] Target='Unknown Target' RA=0.0000 Dec=0.0000
2026-05-31T04:23:13.9569|INFO|MeridianFlipTrigger.cs|ShouldTrigger|265|Meridian Flip - There is still time remaining - max remaining time 03:06:02.1499156, next instruction time 0, next instruction Category: Ground Station, Item: Send to Telegram - and the telescope reports expected pier side pierWest. Automated Flip is not necessary.
2026-05-31T04:23:13.9569|INFO|SequenceItem.cs|Run|208|Starting Category: Ground Station, Item: Send to Telegram
2026-05-31T04:23:14.5728|INFO|SequenceItem.cs|Run|254|Finishing Category: Ground Station, Item: Send to Telegram
2026-05-31T04:23:14.5731|INFO|SequenceItem.cs|Run|254|Finishing Category: , Container: NINA.Plugin.TargetScheduler.Sequencer.InstructionContainer, Strategy: InstructionContainerStrategy, Items[FINISHED]: 2
2026-05-31T04:23:14.5734|INFO|MeridianFlipTrigger.cs|ShouldTrigger|265|Meridian Flip - There is still time remaining - max remaining time 03:06:00.2104174, next instruction time 0, next instruction NINA.Plugin.TargetScheduler.Sequencer.PlanSchedulerProgress - and the telescope reports expected pier side pierWest. Automated Flip is not necessary.
2026-05-31T04:23:14.5735|INFO|SequenceItem.cs|Run|208|Starting NINA.Plugin.TargetScheduler.Sequencer.PlanSchedulerProgress
2026-05-31T04:23:14.5960|INFO|SequenceItem.cs|Run|254|Finishing NINA.Plugin.TargetScheduler.Sequencer.PlanSchedulerProgress
2026-05-31T04:23:14.5964|INFO|MeridianFlipTrigger.cs|ShouldTrigger|265|Meridian Flip - There is still time remaining - max remaining time 03:06:00.2104174, next instruction time 0, next instruction Category: Scheduler, Item: SwitchFilter, Filter: H - and the telescope reports expected pier side pierWest. Automated Flip is not necessary.
2026-05-31T04:23:14.5965|INFO|SequenceItem.cs|Run|208|Starting Category: Scheduler, Item: SwitchFilter, Filter: H
2026-05-31T04:23:14.5973|INFO|SequenceItem.cs|Run|254|Finishing Category: Scheduler, Item: SwitchFilter, Filter: H
2026-05-31T04:23:14.5975|INFO|MeridianFlipTrigger.cs|ShouldTrigger|265|Meridian Flip - There is still time remaining - max remaining time 03:06:00.2104174, next instruction time 0, next instruction NINA.Plugin.TargetScheduler.Sequencer.PlanSchedulerProgress - and the telescope reports expected pier side pierWest. Automated Flip is not necessary.
2026-05-31T04:23:14.5976|INFO|SequenceItem.cs|Run|208|Starting NINA.Plugin.TargetScheduler.Sequencer.PlanSchedulerProgress
2026-05-31T04:23:14.5976|INFO|SequenceItem.cs|Run|254|Finishing NINA.Plugin.TargetScheduler.Sequencer.PlanSchedulerProgress
2026-05-31T04:23:14.5978|INFO|MeridianFlipTrigger.cs|ShouldTrigger|265|Meridian Flip - There is still time remaining - max remaining time 03:06:00.2104174, next instruction time 0, next instruction Category: Scheduler, Item: SetReadoutMode, Mode: 0 - and the telescope reports expected pier side pierWest. Automated Flip is not necessary.
2026-05-31T04:23:14.5978|INFO|SequenceItem.cs|Run|208|Starting Category: Scheduler, Item: SetReadoutMode, Mode: 0
2026-05-31T04:23:14.5979|INFO|SequenceItem.cs|Run|254|Finishing Category: Scheduler, Item: SetReadoutMode, Mode: 0
2026-05-31T04:23:14.5980|INFO|MeridianFlipTrigger.cs|ShouldTrigger|265|Meridian Flip - There is still time remaining - max remaining time 03:06:00.2104174, next instruction time 0, next instruction NINA.Plugin.TargetScheduler.Sequencer.PlanSchedulerProgress - and the telescope reports expected pier side pierWest. Automated Flip is not necessary.
2026-05-31T04:23:14.5981|INFO|SequenceItem.cs|Run|208|Starting NINA.Plugin.TargetScheduler.Sequencer.PlanSchedulerProgress
2026-05-31T04:23:14.6404|INFO|SequenceItem.cs|Run|254|Finishing NINA.Plugin.TargetScheduler.Sequencer.PlanSchedulerProgress
2026-05-31T04:23:14.6409|INFO|MeridianFlipTrigger.cs|ShouldTrigger|265|Meridian Flip - There is still time remaining - max remaining time 03:06:00.2104174, next instruction time 600, next instruction Category: Scheduler, Item: TakeExposure, ExposureTime 600, Gain 100, Offset 50, ImageType LIGHT, Binning 1x1 - and the telescope reports expected pier side pierWest. Automated Flip is not necessary.
2026-05-31T04:23:14.6409|INFO|DIYTrigger.cs|ShouldTrigger|109|DIY Trigger Restore Guiding ShouldTrigger returning true
2026-05-31T04:23:14.6410|INFO|SequenceTrigger.cs|Run|114|Starting Category: Powerups (Misc), Item: DIYTrigger
2026-05-31T04:23:14.6432|INFO|DIYTrigger.cs|Execute|95|DIY Trigger executing...
2026-05-31T04:23:14.6433|INFO|SequenceItem.cs|Run|208|Starting Category: * Instruction Set *, Container: NINA.Sequencer.Container.SequentialContainer, Strategy: SequentialStrategy, Items[CREATED]: 1, Triggers: Trigger: RestoreGuiding
2026-05-31T04:23:14.6437|INFO|MeridianFlipTrigger.cs|ShouldTrigger|265|Meridian Flip - There is still time remaining - max remaining time 03:06:00.2104174, next instruction time 0, next instruction Category: Powerups (Expressions), Item: IfFailed - and the telescope reports expected pier side pierWest. Automated Flip is not necessary.
2026-05-31T04:23:14.6437|INFO|SequenceItem.cs|Run|208|Starting Category: Powerups (Expressions), Item: IfFailed
2026-05-31T04:23:14.6437|INFO|SequenceItem.cs|Run|208|Starting Category: Guider, Item: StartGuiding
2026-05-31T04:23:14.6466|INFO|PHD2Guider.cs|StartGuidingPrivate|504|Phd2 - App is already guiding. Skipping start guiding
2026-05-31T04:23:14.6468|INFO|SequenceItem.cs|Run|254|Finishing Category: Guider, Item: StartGuiding
2026-05-31T04:23:14.6470|INFO|SequenceItem.cs|Run|254|Finishing Category: Powerups (Expressions), Item: IfFailed
2026-05-31T04:23:14.6471|INFO|SequenceItem.cs|Run|254|Finishing Category: * Instruction Set *, Container: NINA.Sequencer.Container.SequentialContainer, Strategy: SequentialStrategy, Items[FINISHED]: 1, Triggers: Trigger: RestoreGuiding
2026-05-31T04:23:14.6499|INFO|SequenceItem.cs|Run|208|Starting Category: Scheduler, Item: TakeExposure, ExposureTime 600, Gain 100, Offset 50, ImageType LIGHT, Binning 1x1
2026-05-31T04:23:14.6557|INFO|CameraVM.cs|Capture|742|Starting Exposure - Exposure Time: 600s; Filter: ; Gain: 100; Offset 50; Binning: 1x1;
2026-05-31T04:25:38.5915|INFO|TsProgressReader.cs|ReadProgressDelta|75|[Subframes] TS progress delta: DB not found at C:\Users\nicka\AppData\Local\NINA\SchedulerPlugin — Target Scheduler not installed or DB path mismatch.
2026-05-31T04:30:38.5927|INFO|TsProgressReader.cs|ReadProgressDelta|75|[Subframes] TS progress delta: DB not found at C:\Users\nicka\AppData\Local\NINA\SchedulerPlugin — Target Scheduler not installed or DB path mismatch.
2026-05-31T04:33:16.5532|INFO|SequenceItem.cs|Run|254|Finishing Category: Scheduler, Item: TakeExposure, ExposureTime 600, Gain 100, Offset 50, ImageType LIGHT, Binning 1x1
2026-05-31T04:33:16.5537|INFO|MeridianFlipTrigger.cs|ShouldTrigger|265|Meridian Flip - There is still time remaining - max remaining time 02:55:55.6492658, next instruction time 0, next instruction NINA.Plugin.TargetScheduler.Sequencer.PlanSchedulerProgress - and the telescope reports expected pier side pierWest. Automated Flip is not necessary.
2026-05-31T04:33:16.5538|INFO|SequenceItem.cs|Run|208|Starting NINA.Plugin.TargetScheduler.Sequencer.PlanSchedulerProgress
2026-05-31T04:33:16.5540|INFO|SequenceItem.cs|Run|254|Finishing NINA.Plugin.TargetScheduler.Sequencer.PlanSchedulerProgress
2026-05-31T04:33:18.4091|INFO|HocusFocusStarDetection.cs|Detect|413|Average HFR: 1.707588660855241, HFR MAD: 0.14018185959975418, Detected Stars 779, Region: 0
2026-05-31T04:33:19.1513|INFO|BaseImageData.cs|SaveToDisk|346|Saved image to C:\ASTROIMAGES\NINA\2026-05-30\sh2-126 Panel 8 - NB\LIGHT\H\2026-05-31_04-23-14_sh2-126 Panel 8 - NB_LIGHT_H_-5.00C_G100-Exp-600.00s_MAXRMS-D0.79-R2.75_M-107.11_RMS-0.63_HFR-1.71_F-0030.fits
2026-05-31T04:33:19.1514|INFO|ImageSaveController.cs|DoWork|97|Successfully saved file at C:\ASTROIMAGES\NINA\2026-05-30\sh2-126 Panel 8 - NB\LIGHT\H\2026-05-31_04-23-14_sh2-126 Panel 8 - NB_LIGHT_H_-5.00C_G100-Exp-600.00s_MAXRMS-D0.79-R2.75_M-107.11_RMS-0.63_HFR-1.71_F-0030.fits. Duration Total: 00:00:02.5976440; BeforeSave: 00:00:00.0000567; BeforeFinalizeImageSaved: 00:00:02.2113026; FinalizeSaveTime: 00:00:00.3862837
2026-05-31T04:33:19.8109|WARNING|SessionMetaDataWatcher.cs|WriteAcquisitionMetaData|73|acquisition file already exists, will not overwrite: C:\ASTROIMAGES\NINA\2026-05-30\sh2-126 Panel 8 - NB\LIGHT\H\metadata\AcquisitionDetails.csv
2026-05-31T04:33:19.8111|WARNING|SessionMetaDataWatcher.cs|WriteAcquisitionMetaData|93|acquisition file already exists, will not overwrite: C:\ASTROIMAGES\NINA\2026-05-30\sh2-126 Panel 8 - NB\LIGHT\H\metadata\AcquisitionDetails.json
2026-05-31T04:33:19.8114|INFO|SessionMetaDataWatcher.cs|WriteImageMetaData|105|Writing CSV image metadata: C:\ASTROIMAGES\NINA\2026-05-30\sh2-126 Panel 8 - NB\LIGHT\H\metadata\ImageMetaData.csv
2026-05-31T04:33:19.8555|INFO|SessionMetaDataWatcher.cs|WriteImageMetaData|122|Writing JSON image metadata: C:\ASTROIMAGES\NINA\2026-05-30\sh2-126 Panel 8 - NB\LIGHT\H\metadata\ImageMetaData.json
2026-05-31T04:33:19.8572|INFO|SessionMetaDataWatcher.cs|WriteWeatherMetaData|169|Writing CSV weather metadata: C:\ASTROIMAGES\NINA\2026-05-30\sh2-126 Panel 8 - NB\LIGHT\H\metadata\WeatherData.csv
2026-05-31T04:33:19.8839|INFO|SessionMetaDataWatcher.cs|WriteWeatherMetaData|186|Writing JSON weather metadata: C:\ASTROIMAGES\NINA\2026-05-30\sh2-126 Panel 8 - NB\LIGHT\H\metadata\WeatherData.json
2026-05-31T04:33:19.8852|INFO|SessionService.cs|OnTargetDetectedAsync|663|[Subframes] Target detected: 'sh2-126 Panel 8 - NB' (was 'sh2-126 Panel 4 - NB')
2026-05-31T04:33:19.9190|INFO|SubframesClient.cs|StartTargetAsync|316|[Subframes] Target started:  name='sh2-126 Panel 8 - NB'
2026-05-31T04:33:19.9191|WARNING|SessionService.cs|StartTargetAsync|559|[Subframes] StartTarget failed — cached locally as dac4bcdd-eca8-41ea-9c4c-9a0f2515b077 for replay.
2026-05-31T04:33:20.9067|INFO|MeridianFlipTrigger.cs|ShouldTrigger|265|Meridian Flip - There is still time remaining - max remaining time 02:55:51.5604620, next instruction time 0, next instruction Category: Powerups (Fun-ctions), Item: GSSend - and the telescope reports expected pier side pierWest. Automated Flip is not necessary.
2026-05-31T04:33:20.9068|INFO|SequenceItem.cs|Run|208|Starting Category: Powerups (Fun-ctions), Item: GSSend
2026-05-31T04:33:20.9072|INFO|SendWithGS.cs|ProcessedScript|64|Replacing Image_ExposureTime with 600
2026-05-31T04:33:20.9073|INFO|SendWithGS.cs|ProcessedScript|64|Replacing Image_HFR with 1.708
2026-05-31T04:33:20.9074|INFO|SendWithGS.cs|ProcessedScript|64|Replacing Image_FWHM with 7.1
2026-05-31T04:33:20.9075|INFO|SendWithGS.cs|ProcessedScript|64|Replacing Altitude with 53.13430146737476
2026-05-31T04:33:20.9075|INFO|SendWithGS.cs|Execute|95|Sending to Ground Station: Exp: $$FWHEEL_FILTER_NAME$$ on $$TARGET_NAME$$ EXP: 600 HFR: 1.708 FWHM: 7.1  Altitude: 53.13430146737476 
2026-05-31T04:33:20.9091|INFO|SequenceItem.cs|Run|208|Starting Category: Ground Station, Item: Send to Telegram
2026-05-31T04:33:21.6482|INFO|SequenceItem.cs|Run|254|Finishing Category: Ground Station, Item: Send to Telegram
2026-05-31T04:33:21.6495|INFO|SequenceItem.cs|Run|254|Finishing Category: Powerups (Fun-ctions), Item: GSSend
2026-05-31T04:33:21.6498|INFO|MeridianFlipTrigger.cs|ShouldTrigger|265|Meridian Flip - There is still time remaining - max remaining time 02:55:51.5604620, next instruction time 0, next instruction Category: Powerups (Fun-ctions), Item: GSSend - and the telescope reports expected pier side pierWest. Automated Flip is not necessary.
2026-05-31T04:33:21.6499|INFO|SequenceItem.cs|Run|208|Starting Category: Powerups (Fun-ctions), Item: GSSend
2026-05-31T04:33:21.6502|INFO|SendWithGS.cs|ProcessedScript|64|Replacing Image_ExposureTime with 600
2026-05-31T04:33:21.6503|INFO|SendWithGS.cs|ProcessedScript|64|Replacing Image_HFR with 1.708
2026-05-31T04:33:21.6504|INFO|SendWithGS.cs|ProcessedScript|64|Replacing Image_FWHM with 7.1
2026-05-31T04:33:21.6506|INFO|SendWithGS.cs|ProcessedScript|64|Replacing Altitude with 53.13430146737476
2026-05-31T04:33:21.6507|INFO|SendWithGS.cs|Execute|95|Sending to Ground Station: Exp: $$FWHEEL_FILTER_NAME$$ on $$TARGET_NAME$$ EXP: 600 HFR: 1.708 FWHM: 7.1  Altitude: 53.13430146737476 
2026-05-31T04:33:21.6519|INFO|SequenceItem.cs|Run|208|Starting Category: Ground Station, Item: Send to Pushover, Title: IMAGE: $$TARGET_NAME$$
2026-05-31T04:33:21.8350|INFO|SequenceItem.cs|Run|254|Finishing Category: Ground Station, Item: Send to Pushover, Title: IMAGE: $$TARGET_NAME$$
2026-05-31T04:33:21.8362|INFO|SequenceItem.cs|Run|254|Finishing Category: Powerups (Fun-ctions), Item: GSSend
2026-05-31T04:33:21.9516|INFO|StarfrontClient.cs|SendImageFile|249|[Rockwood] sent 2026-05-31_04-23-14_sh2-126 Panel 8 - NB_LIGHT_H_-5.00C_G100-Exp-600.00s_MAXRMS-D0.79-R2.75_M-107.11_RMS-0.63_HFR-1.71_F-0030.fits (28KB) object=sh2-126 Panel 8 - NB exptime=600s filter=H
2026-05-31T04:33:22.0731|INFO|Symbol.cs|OnMessageReceived|627|Received message from Target Scheduler re: TargetScheduler-TargetStart
2026-05-31T04:33:22.0731|INFO|Symbol.cs|OnMessageReceived|635|TS_TargetName = sh2-126 Panel 8 - NB
2026-05-31T04:33:22.0732|INFO|Symbol.cs|OnMessageReceived|636|Expires at 05/31/2026 05:32:40 -05:00
2026-05-31T04:33:22.0732|INFO|Symbol.cs|OnMessageReceived|627|Received message from Target Scheduler re: TargetScheduler-TargetStart
2026-05-31T04:33:22.0732|INFO|Symbol.cs|OnMessageReceived|635|TS_TargetName = sh2-126 Panel 8 - NB
2026-05-31T04:33:22.0732|INFO|Symbol.cs|OnMessageReceived|636|Expires at 05/31/2026 05:32:40 -05:00
2026-05-31T04:33:22.1008|INFO|MeridianFlipTrigger.cs|ShouldTrigger|265|Meridian Flip - There is still time remaining - max remaining time 02:55:51.5604620, next instruction time 0, next instruction NINA.Plugin.TargetScheduler.Sequencer.PlanSchedulerProgress - and the telescope reports expected pier side pierWest. Automated Flip is not necessary.
2026-05-31T04:33:22.1009|INFO|SequenceItem.cs|Run|208|Starting NINA.Plugin.TargetScheduler.Sequencer.PlanSchedulerProgress
2026-05-31T04:33:22.2203|INFO|SequenceItem.cs|Run|254|Finishing NINA.Plugin.TargetScheduler.Sequencer.PlanSchedulerProgress
2026-05-31T04:33:22.2206|INFO|MeridianFlipTrigger.cs|ShouldTrigger|265|Meridian Flip - There is still time remaining - max remaining time 02:55:49.6232498, next instruction time 90, next instruction Category: , Item: Dither - and the telescope reports expected pier side pierWest. Automated Flip is not necessary.
2026-05-31T04:33:22.2207|INFO|SequenceItem.cs|Run|208|Starting Category: , Item: Dither
2026-05-31T04:33:22.2642|INFO|PHD2Client.cs|HandleGuidingDithered|309|PHD2Client: 🎯 GuidingDithered (DITHER START) - dx=-11.08, dy=12.20
2026-05-31T04:33:22.2642|INFO|DitherStatisticsVM.cs|OnPHD2GuidingDithered|752|🎯 DITHER START detected via GuidingDithered! dx=-11.08, dy=12.20
2026-05-31T04:33:22.2642|INFO|DitherStatisticsVM.cs|OnPHD2GuidingDithered|762|✅ Dither START recorded with pixel shift: (-11.08, 12.20)
2026-05-31T04:33:22.2643|INFO|PHD2Client.cs|StartDitherDataCollection|576|PHD2Client: Started dither data collection for 30 seconds (series #6)
2026-05-31T04:33:25.0716|WARNING|TsPreviewClient.cs|FetchPreviewAsync|161|[Subframes] TsPreviewClient.FetchPreviewAsync failed for profile '533M-AT60' (0173997c-4bfa-48fd-9337-a48b6df99c38): TaskCanceledException: The request was canceled due to the configured HttpClient.Timeout of 5 seconds elapsing.
2026-05-31T04:33:35.5500|INFO|SyncEngine.cs|SyncPendingFramesAsync|142|[Subframes] SyncEngine: synced 1 frames for session 470187b8-716c-4f60-bb85-9fd78307165c (accepted=1)
2026-05-31T04:33:52.2648|INFO|PHD2Client.cs|OnDitherCollectionComplete|657|PHD2Client: Dither data collection complete (timer). Collected 9 points.
2026-05-31T04:33:52.2696|INFO|PHD2Client.cs|WriteDitherAnalysisFile|738|PHD2Client: Dither analysis file written with 58 data points: 20260531_042250_dither_analysis.txt
2026-05-31T04:33:52.2732|INFO|PHD2Client.cs|WritePositivePeriodsFile|932|PHD2Client: Positive periods analysis written with 18 total periods across 3 multipliers: 20260531_042250_positive_periods.txt
2026-05-31T04:33:52.2734|INFO|PHD2Client.cs|AnalyzePositivePeriods|868|PHD2Client: Positive period analysis complete. firstPeriodPerSeries counts: 1.5σ=2, 2.0σ=0, 3.0σ=0
2026-05-31T04:33:52.2736|INFO|PHD2Client.cs|CalculateRecommendation|954|PHD2Client: Calculating recommendation from 6 dither series, RMS=0.2117, StdDev=0.1368
2026-05-31T04:33:52.2740|INFO|PHD2Client.cs|EstimateMinSettleTimeFallback|1102|PHD2Client: MinSettleTime estimated using fallback (first point below threshold)
2026-05-31T04:33:52.2741|INFO|PHD2Client.cs|CalculateRecommendation|987|PHD2Client: Dither recommendation calculated - Events: 6, SettlePixel: Q=0.42 B=0.49 P=0.62, MinSettle: Q=4.0s B=4.0s P=4.0s
2026-05-31T04:33:52.2744|INFO|DitherStatisticsVM.cs|OnDitherRecommendationUpdated|500|Dither recommendation updated on UI thread - Events: 6
2026-05-31T04:33:52.2747|INFO|PHD2Client.cs|RunAnalysisAndRecommendation|638|PHD2Client: RunAnalysisAndRecommendation completed - 58 points, 6 series
2026-05-31T04:33:58.2828|INFO|PHD2Client.cs|HandleSettleDone|343|PHD2Client: SettleDone - Status=0, Success=True, TotalFrames=11, DroppedFrames=0
2026-05-31T04:33:58.2829|INFO|DitherStatisticsVM.cs|OnPHD2SettleDone|794|✅ DITHER END - Success=True, SettleTime=36.02s, TotalFrames=11, DroppedFrames=0
2026-05-31T04:33:58.2893|INFO|DitherStatisticsVM.cs|UpdateQualityMetrics|865|Quality metrics updated: Score=0.1823, Rating=Poor
2026-05-31T04:33:58.7998|INFO|SequenceItem.cs|Run|254|Finishing Category: , Item: Dither
2026-05-31T04:33:58.8005|INFO|MeridianFlipTrigger.cs|ShouldTrigger|265|Meridian Flip - There is still time remaining - max remaining time 02:55:10.7794290, next instruction time 0, next instruction NINA.Plugin.TargetScheduler.Sequencer.PlanSchedulerProgress - and the telescope reports expected pier side pierWest. Automated Flip is not necessary.
2026-05-31T04:33:58.8008|INFO|SequenceItem.cs|Run|208|Starting NINA.Plugin.TargetScheduler.Sequencer.PlanSchedulerProgress
2026-05-31T04:33:58.8009|INFO|SequenceItem.cs|Run|254|Finishing NINA.Plugin.TargetScheduler.Sequencer.PlanSchedulerProgress
2026-05-31T04:33:58.8012|INFO|MeridianFlipTrigger.cs|ShouldTrigger|265|Meridian Flip - There is still time remaining - max remaining time 02:55:10.7794290, next instruction time 0, next instruction Category: Scheduler, Item: SwitchFilter, Filter: H - and the telescope reports expected pier side pierWest. Automated Flip is not necessary.
2026-05-31T04:33:58.8016|INFO|SequenceItem.cs|Run|208|Starting Category: Scheduler, Item: SwitchFilter, Filter: H
2026-05-31T04:33:58.8030|INFO|SequenceItem.cs|Run|254|Finishing Category: Scheduler, Item: SwitchFilter, Filter: H
2026-05-31T04:33:58.8035|INFO|MeridianFlipTrigger.cs|ShouldTrigger|265|Meridian Flip - There is still time remaining - max remaining time 02:55:10.7794290, next instruction time 0, next instruction NINA.Plugin.TargetScheduler.Sequencer.PlanSchedulerProgress - and the telescope reports expected pier side pierWest. Automated Flip is not necessary.
2026-05-31T04:33:58.8036|INFO|SequenceItem.cs|Run|208|Starting NINA.Plugin.TargetScheduler.Sequencer.PlanSchedulerProgress
2026-05-31T04:33:58.8037|INFO|SequenceItem.cs|Run|254|Finishing NINA.Plugin.TargetScheduler.Sequencer.PlanSchedulerProgress
2026-05-31T04:33:58.8040|INFO|MeridianFlipTrigger.cs|ShouldTrigger|265|Meridian Flip - There is still time remaining - max remaining time 02:55:10.7794290, next instruction time 0, next instruction Category: Scheduler, Item: SetReadoutMode, Mode: 0 - and the telescope reports expected pier side pierWest. Automated Flip is not necessary.
2026-05-31T04:33:58.8041|INFO|SequenceItem.cs|Run|208|Starting Category: Scheduler, Item: SetReadoutMode, Mode: 0
2026-05-31T04:33:58.8044|INFO|SequenceItem.cs|Run|254|Finishing Category: Scheduler, Item: SetReadoutMode, Mode: 0
2026-05-31T04:33:58.8048|INFO|MeridianFlipTrigger.cs|ShouldTrigger|265|Meridian Flip - There is still time remaining - max remaining time 02:55:10.7794290, next instruction time 0, next instruction NINA.Plugin.TargetScheduler.Sequencer.PlanSchedulerProgress - and the telescope reports expected pier side pierWest. Automated Flip is not necessary.
2026-05-31T04:33:58.8049|INFO|SequenceItem.cs|Run|208|Starting NINA.Plugin.TargetScheduler.Sequencer.PlanSchedulerProgress
2026-05-31T04:33:58.8061|INFO|SequenceItem.cs|Run|254|Finishing NINA.Plugin.TargetScheduler.Sequencer.PlanSchedulerProgress
2026-05-31T04:33:58.8067|INFO|MeridianFlipTrigger.cs|ShouldTrigger|265|Meridian Flip - There is still time remaining - max remaining time 02:55:10.7794290, next instruction time 600, next instruction Category: Scheduler, Item: TakeExposure, ExposureTime 600, Gain 100, Offset 50, ImageType LIGHT, Binning 1x1 - and the telescope reports expected pier side pierWest. Automated Flip is not necessary.
2026-05-31T04:33:58.8068|INFO|DIYTrigger.cs|ShouldTrigger|109|DIY Trigger Restore Guiding ShouldTrigger returning true
2026-05-31T04:33:58.8069|INFO|SequenceTrigger.cs|Run|114|Starting Category: Powerups (Misc), Item: DIYTrigger
2026-05-31T04:33:58.8116|INFO|DIYTrigger.cs|Execute|95|DIY Trigger executing...
2026-05-31T04:33:58.8119|INFO|SequenceItem.cs|Run|208|Starting Category: * Instruction Set *, Container: NINA.Sequencer.Container.SequentialContainer, Strategy: SequentialStrategy, Items[CREATED]: 1, Triggers: Trigger: RestoreGuiding
2026-05-31T04:33:58.8126|INFO|MeridianFlipTrigger.cs|ShouldTrigger|265|Meridian Flip - There is still time remaining - max remaining time 02:55:10.7794290, next instruction time 0, next instruction Category: Powerups (Expressions), Item: IfFailed - and the telescope reports expected pier side pierWest. Automated Flip is not necessary.
2026-05-31T04:33:58.8127|INFO|SequenceItem.cs|Run|208|Starting Category: Powerups (Expressions), Item: IfFailed
2026-05-31T04:33:58.8128|INFO|SequenceItem.cs|Run|208|Starting Category: Guider, Item: StartGuiding
2026-05-31T04:33:58.8195|INFO|PHD2Guider.cs|StartGuidingPrivate|504|Phd2 - App is already guiding. Skipping start guiding
2026-05-31T04:33:58.8198|INFO|SequenceItem.cs|Run|254|Finishing Category: Guider, Item: StartGuiding
2026-05-31T04:33:58.8200|INFO|SequenceItem.cs|Run|254|Finishing Category: Powerups (Expressions), Item: IfFailed
2026-05-31T04:33:58.8203|INFO|SequenceItem.cs|Run|254|Finishing Category: * Instruction Set *, Container: NINA.Sequencer.Container.SequentialContainer, Strategy: SequentialStrategy, Items[FINISHED]: 1, Triggers: Trigger: RestoreGuiding
2026-05-31T04:33:58.8255|INFO|SequenceTrigger.cs|Run|114|Starting Trigger: AutofocusAfterTemperatureChangeTrigger, Amount: 1.5°
2026-05-31T04:33:58.8257|INFO|SequenceItem.cs|Run|208|Starting Category: * Instruction Set *, Container: NINA.Sequencer.Container.SequentialContainer, Strategy: SequentialStrategy, Items[CREATED]: 1
2026-05-31T04:33:58.8259|INFO|SequenceItem.cs|Run|208|Starting Category: Focuser, Item: RunAutofocus
2026-05-31T04:33:58.9815|INFO|FocuserMediator.cs|BroadcastAutoFocusRunStarting|92|Autofocus starting notification received
2026-05-31T04:34:00.4401|INFO|PHD2Client.cs|ProcessEvent|268|PHD2: ConfigurationChange
2026-05-31T04:34:00.4622|WARNING|PHD2Client.cs|ProcessEvent|252|PHD2: LockPositionLost
2026-05-31T04:34:00.6137|INFO|PHD2Client.cs|QueryExposureTime|1216|PHD2Client: Exposure time from PHD2 API: 2.000 seconds (2000 ms)
2026-05-31T04:34:01.0017|INFO|FilterWheelVM.cs|ChangeFilter|112|Moving to Filter L at Position 0
2026-05-31T04:34:01.2056|INFO|FocuserVM.cs|MoveFocuserInternal|216|Moving Focuser to position 387321
2026-05-31T04:34:10.7323|INFO|AutoFocusEngine.cs|RunAutoFocus|929|Starting AutoFocus with initial position 387321
2026-05-31T04:34:10.7387|INFO|CameraVM.cs|Capture|742|Starting Exposure - Exposure Time: 3s; Filter: L; Gain: 270; Offset 50; Binning: 1x1;
2026-05-31T04:34:15.3404|INFO|AutoFocusEngine.cs|StartBlindFocusPoints|769|Waiting on initial HFR analysis
2026-05-31T04:34:15.3422|INFO|FocuserVM.cs|MoveFocuserInternal|216|Moving Focuser to position 387457
2026-05-31T04:34:16.6946|INFO|HocusFocusStarDetection.cs|Detect|413|Average HFR: 1.709374405707489, HFR MAD: 0.14828492277007532, Detected Stars 591, Region: 0
2026-05-31T04:34:20.7450|INFO|CameraVM.cs|Capture|742|Starting Exposure - Exposure Time: 3s; Filter: L; Gain: 270; Offset 50; Binning: 1x1;
2026-05-31T04:34:25.3323|INFO|FocuserVM.cs|MoveFocuserInternal|216|Moving Focuser to position 387423
2026-05-31T04:34:26.7425|INFO|HocusFocusStarDetection.cs|Detect|413|Average HFR: 3.6901176711919645, HFR MAD: 1.4230942391298396, Detected Stars 249, Region: 0
2026-05-31T04:34:32.7594|INFO|CameraVM.cs|Capture|742|Starting Exposure - Exposure Time: 3s; Filter: L; Gain: 270; Offset 50; Binning: 1x1;
2026-05-31T04:34:37.3504|INFO|FocuserVM.cs|MoveFocuserInternal|216|Moving Focuser to position 387389
2026-05-31T04:34:38.7505|INFO|HocusFocusStarDetection.cs|Detect|413|Average HFR: 3.158388770066179, HFR MAD: 0.9927750438452448, Detected Stars 414, Region: 0
2026-05-31T04:34:44.7652|INFO|CameraVM.cs|Capture|742|Starting Exposure - Exposure Time: 3s; Filter: L; Gain: 270; Offset 50; Binning: 1x1;
2026-05-31T04:34:49.3550|INFO|FocuserVM.cs|MoveFocuserInternal|216|Moving Focuser to position 387355
2026-05-31T04:34:50.7861|INFO|HocusFocusStarDetection.cs|Detect|413|Average HFR: 2.5658824737294776, HFR MAD: 0.6244229936730045, Detected Stars 591, Region: 0
2026-05-31T04:34:56.7659|INFO|CameraVM.cs|Capture|742|Starting Exposure - Exposure Time: 3s; Filter: L; Gain: 270; Offset 50; Binning: 1x1;
2026-05-31T04:35:01.3668|INFO|AutoFocusEngine.cs|StartBlindFocusPoints|797|Waiting on initial focuser move analyses
2026-05-31T04:35:02.7272|INFO|HocusFocusStarDetection.cs|Detect|413|Average HFR: 1.9720206453003177, HFR MAD: 0.3307882040011091, Detected Stars 636, Region: 0
2026-05-31T04:35:02.7982|INFO|FocuserVM.cs|MoveFocuserInternal|216|Moving Focuser to position 387321
2026-05-31T04:35:10.7674|INFO|CameraVM.cs|Capture|742|Starting Exposure - Exposure Time: 3s; Filter: L; Gain: 270; Offset 50; Binning: 1x1;
2026-05-31T04:35:15.3549|INFO|AutoFocusEngine.cs|StartBlindFocusPoints|870|Waiting on next left movement analysis
2026-05-31T04:35:16.7416|INFO|HocusFocusStarDetection.cs|Detect|413|Average HFR: 1.699892769886169, HFR MAD: 0.13031340650769976, Detected Stars 569, Region: 0
2026-05-31T04:35:16.7791|INFO|FocuserVM.cs|MoveFocuserInternal|216|Moving Focuser to position 387287
2026-05-31T04:35:24.7582|INFO|CameraVM.cs|Capture|742|Starting Exposure - Exposure Time: 3s; Filter: L; Gain: 270; Offset 50; Binning: 1x1;
2026-05-31T04:35:29.3569|INFO|AutoFocusEngine.cs|StartBlindFocusPoints|870|Waiting on next left movement analysis
2026-05-31T04:35:30.7278|INFO|HocusFocusStarDetection.cs|Detect|413|Average HFR: 1.9446805151112705, HFR MAD: 0.19844295323913144, Detected Stars 846, Region: 0
2026-05-31T04:35:30.9138|INFO|FocuserVM.cs|MoveFocuserInternal|216|Moving Focuser to position 387253
2026-05-31T04:35:38.5933|INFO|TsProgressReader.cs|ReadProgressDelta|75|[Subframes] TS progress delta: DB not found at C:\Users\nicka\AppData\Local\NINA\SchedulerPlugin — Target Scheduler not installed or DB path mismatch.
2026-05-31T04:35:40.7431|INFO|CameraVM.cs|Capture|742|Starting Exposure - Exposure Time: 3s; Filter: L; Gain: 270; Offset 50; Binning: 1x1;
2026-05-31T04:35:45.3285|INFO|AutoFocusEngine.cs|StartBlindFocusPoints|870|Waiting on next left movement analysis
2026-05-31T04:35:46.7008|INFO|HocusFocusStarDetection.cs|Detect|413|Average HFR: 2.852005878830613, HFR MAD: 0.32114131657982453, Detected Stars 724, Region: 0
2026-05-31T04:35:46.7413|INFO|FocuserVM.cs|MoveFocuserInternal|216|Moving Focuser to position 387219
2026-05-31T04:35:54.7549|INFO|CameraVM.cs|Capture|742|Starting Exposure - Exposure Time: 3s; Filter: L; Gain: 270; Offset 50; Binning: 1x1;
2026-05-31T04:35:59.3532|INFO|AutoFocusEngine.cs|StartBlindFocusPoints|870|Waiting on next left movement analysis
2026-05-31T04:36:00.8208|INFO|HocusFocusStarDetection.cs|Detect|413|Average HFR: 4.197323701961469, HFR MAD: 0.34925198174827154, Detected Stars 458, Region: 0
2026-05-31T04:36:00.8914|INFO|FocuserVM.cs|MoveFocuserInternal|216|Moving Focuser to position 387185
2026-05-31T04:36:10.7772|INFO|CameraVM.cs|Capture|742|Starting Exposure - Exposure Time: 3s; Filter: L; Gain: 270; Offset 50; Binning: 1x1;
2026-05-31T04:36:15.3717|INFO|AutoFocusEngine.cs|StartBlindFocusPoints|870|Waiting on next left movement analysis
2026-05-31T04:36:16.7303|INFO|HocusFocusStarDetection.cs|Detect|413|Average HFR: 5.915306979437265, HFR MAD: 0.31567687867083316, Detected Stars 231, Region: 0
2026-05-31T04:36:16.8296|INFO|AutoFocusEngine.cs|StartBlindFocusPoints|823|Enough left trend points (4) with an established minimum (387321) to queue remaining right focus points up to 387457
2026-05-31T04:36:16.8297|INFO|AutoFocusEngine.cs|StartBlindFocusPoints|896|Waiting on remaining AutoFocus analysis tasks
2026-05-31T04:36:16.8313|INFO|FocuserVM.cs|MoveFocuserInternal|216|Moving Focuser to position 387312
2026-05-31T04:36:22.7589|INFO|AutoFocusEngine.cs|ValidateCalculatedFocusPosition|1141|Validating HFR at final focus position 387312
2026-05-31T04:36:22.7672|INFO|CameraVM.cs|Capture|742|Starting Exposure - Exposure Time: 3s; Filter: L; Gain: 270; Offset 50; Binning: 1x1;
2026-05-31T04:36:28.7302|INFO|HocusFocusStarDetection.cs|Detect|413|Average HFR: 1.715506104650962, HFR MAD: 0.13657200209649942, Detected Stars 641, Region: 0
2026-05-31T04:36:28.7309|INFO|HocusFocusVM.cs|AutoFocusEngine_Completed|472|AutoFocus completed with focuser starting at 387321 and ending at 387312
2026-05-31T04:36:28.7325|INFO|FocuserMediator.cs|BroadcastSuccessfulAutoFocusRun|46|Autofocus notification received - Temperature 26.040000915527344
2026-05-31T04:36:28.7412|INFO|SessionEventCollector.cs|SaveEvent|128|NightSummary: Event logged — AutoFocus: AutoFocus completed — Filter: L, Temp: 26.0°C, Position: 387311.7973227807
2026-05-31T04:36:28.7414|INFO|SessionService.cs|UpdateEndAutoFocusRun|1500|[Subframes] UpdateEndAutoFocusRun called: session=470187b8-716c-4f60-bb85-9fd78307165c filter=L position=387311.7973227807 — posting autofocus event
2026-05-31T04:36:28.7455|INFO|FilterWheelVM.cs|ChangeFilter|112|Moving to Filter H at Position 5
2026-05-31T04:36:28.7475|INFO|FocuserVM.cs|MoveFocuserInternal|216|Moving Focuser to position 387334
2026-05-31T04:36:32.7570|INFO|PHD2Guider.cs|TryStartGuideCommand|641|Phd2 - Requesting to start guiding. Recalibrate: False
2026-05-31T04:36:40.1169|INFO|PHD2Client.cs|ProcessEvent|261|PHD2: StartGuiding
2026-05-31T04:36:40.1170|INFO|PHD2Client.cs|StartNewGuidingSession|393|PHD2Client: New guiding session started
2026-05-31T04:36:40.1267|INFO|PHD2Client.cs|QueryExposureTime|1216|PHD2Client: Exposure time from PHD2 API: 2.000 seconds (2000 ms)
2026-05-31T04:37:03.2131|INFO|PHD2Client.cs|HandleSettleDone|343|PHD2Client: SettleDone - Status=0, Success=True, TotalFrames=10, DroppedFrames=0
2026-05-31T04:37:03.2132|WARNING|DitherStatisticsVM.cs|OnPHD2SettleDone|772|⚠️ SettleDone received but no currentDither exists (race condition?)
2026-05-31T04:37:03.4779|INFO|SequenceItem.cs|Run|254|Finishing Category: Focuser, Item: RunAutofocus
2026-05-31T04:37:03.4781|INFO|SequenceItem.cs|Run|254|Finishing Category: * Instruction Set *, Container: NINA.Sequencer.Container.SequentialContainer, Strategy: SequentialStrategy, Items[FINISHED]: 1
2026-05-31T04:37:03.4782|INFO|SequenceItem.cs|Run|208|Starting Category: Scheduler, Item: TakeExposure, ExposureTime 600, Gain 100, Offset 50, ImageType LIGHT, Binning 1x1
2026-05-31T04:37:03.4831|INFO|CameraVM.cs|Capture|742|Starting Exposure - Exposure Time: 600s; Filter: ; Gain: 100; Offset 50; Binning: 1x1;
2026-05-31T04:40:38.5931|INFO|TsProgressReader.cs|ReadProgressDelta|75|[Subframes] TS progress delta: DB not found at C:\Users\nicka\AppData\Local\NINA\SchedulerPlugin — Target Scheduler not installed or DB path mismatch.
2026-05-31T04:45:38.5930|INFO|TsProgressReader.cs|ReadProgressDelta|75|[Subframes] TS progress delta: DB not found at C:\Users\nicka\AppData\Local\NINA\SchedulerPlugin — Target Scheduler not installed or DB path mismatch.
2026-05-31T04:47:05.3087|INFO|SequenceItem.cs|Run|254|Finishing Category: Scheduler, Item: TakeExposure, ExposureTime 600, Gain 100, Offset 50, ImageType LIGHT, Binning 1x1
2026-05-31T04:47:05.3100|INFO|MeridianFlipTrigger.cs|ShouldTrigger|265|Meridian Flip - There is still time remaining - max remaining time 02:42:03.2832955, next instruction time 0, next instruction NINA.Plugin.TargetScheduler.Sequencer.PlanSchedulerProgress - and the telescope reports expected pier side pierWest. Automated Flip is not necessary.
2026-05-31T04:47:05.3102|INFO|SequenceItem.cs|Run|208|Starting NINA.Plugin.TargetScheduler.Sequencer.PlanSchedulerProgress
2026-05-31T04:47:05.3102|INFO|SequenceItem.cs|Run|254|Finishing NINA.Plugin.TargetScheduler.Sequencer.PlanSchedulerProgress
2026-05-31T04:47:07.0035|INFO|HocusFocusStarDetection.cs|Detect|413|Average HFR: 1.7196803485024885, HFR MAD: 0.13682219808835608, Detected Stars 808, Region: 0
2026-05-31T04:47:07.6719|INFO|BaseImageData.cs|SaveToDisk|346|Saved image to C:\ASTROIMAGES\NINA\2026-05-30\sh2-126 Panel 8 - NB\LIGHT\H\2026-05-31_04-37-03_sh2-126 Panel 8 - NB_LIGHT_H_-5.00C_G100-Exp-600.00s_MAXRMS-D0.75-R2.60_M-107.05_RMS-0.68_HFR-1.72_F-0031.fits
2026-05-31T04:47:07.6720|INFO|ImageSaveController.cs|DoWork|97|Successfully saved file at C:\ASTROIMAGES\NINA\2026-05-30\sh2-126 Panel 8 - NB\LIGHT\H\2026-05-31_04-37-03_sh2-126 Panel 8 - NB_LIGHT_H_-5.00C_G100-Exp-600.00s_MAXRMS-D0.75-R2.60_M-107.05_RMS-0.68_HFR-1.72_F-0031.fits. Duration Total: 00:00:02.3633147; BeforeSave: 00:00:00.0001171; BeforeFinalizeImageSaved: 00:00:02.0403034; FinalizeSaveTime: 00:00:00.3228931
2026-05-31T04:47:08.2637|WARNING|SessionMetaDataWatcher.cs|WriteAcquisitionMetaData|73|acquisition file already exists, will not overwrite: C:\ASTROIMAGES\NINA\2026-05-30\sh2-126 Panel 8 - NB\LIGHT\H\metadata\AcquisitionDetails.csv
2026-05-31T04:47:08.2640|WARNING|SessionMetaDataWatcher.cs|WriteAcquisitionMetaData|93|acquisition file already exists, will not overwrite: C:\ASTROIMAGES\NINA\2026-05-30\sh2-126 Panel 8 - NB\LIGHT\H\metadata\AcquisitionDetails.json
2026-05-31T04:47:08.2643|INFO|SessionMetaDataWatcher.cs|WriteImageMetaData|105|Writing CSV image metadata: C:\ASTROIMAGES\NINA\2026-05-30\sh2-126 Panel 8 - NB\LIGHT\H\metadata\ImageMetaData.csv
2026-05-31T04:47:08.3143|INFO|SessionMetaDataWatcher.cs|WriteImageMetaData|122|Writing JSON image metadata: C:\ASTROIMAGES\NINA\2026-05-30\sh2-126 Panel 8 - NB\LIGHT\H\metadata\ImageMetaData.json
2026-05-31T04:47:08.3162|INFO|SessionMetaDataWatcher.cs|WriteWeatherMetaData|169|Writing CSV weather metadata: C:\ASTROIMAGES\NINA\2026-05-30\sh2-126 Panel 8 - NB\LIGHT\H\metadata\WeatherData.csv
2026-05-31T04:47:08.3325|INFO|SessionMetaDataWatcher.cs|WriteWeatherMetaData|186|Writing JSON weather metadata: C:\ASTROIMAGES\NINA\2026-05-30\sh2-126 Panel 8 - NB\LIGHT\H\metadata\WeatherData.json
2026-05-31T04:47:08.3338|INFO|SessionService.cs|OnTargetDetectedAsync|663|[Subframes] Target detected: 'sh2-126 Panel 8 - NB' (was 'sh2-126 Panel 8 - NB')
2026-05-31T04:47:08.3763|INFO|SubframesClient.cs|StartTargetAsync|316|[Subframes] Target started:  name='sh2-126 Panel 8 - NB'
2026-05-31T04:47:08.3764|WARNING|SessionService.cs|StartTargetAsync|559|[Subframes] StartTarget failed — cached locally as 2794f265-711e-48d6-b508-a1470fb18101 for replay.
2026-05-31T04:47:08.9556|INFO|MeridianFlipTrigger.cs|ShouldTrigger|265|Meridian Flip - There is still time remaining - max remaining time 02:41:59.3530855, next instruction time 0, next instruction Category: Powerups (Fun-ctions), Item: GSSend - and the telescope reports expected pier side pierWest. Automated Flip is not necessary.
2026-05-31T04:47:08.9557|INFO|SequenceItem.cs|Run|208|Starting Category: Powerups (Fun-ctions), Item: GSSend
2026-05-31T04:47:08.9560|INFO|SendWithGS.cs|ProcessedScript|64|Replacing Image_ExposureTime with 600
2026-05-31T04:47:08.9561|INFO|SendWithGS.cs|ProcessedScript|64|Replacing Image_HFR with 1.72
2026-05-31T04:47:08.9562|INFO|SendWithGS.cs|ProcessedScript|64|Replacing Image_FWHM with 7.15
2026-05-31T04:47:08.9564|INFO|SendWithGS.cs|ProcessedScript|64|Replacing Altitude with 55.80352216970346
2026-05-31T04:47:08.9564|INFO|SendWithGS.cs|Execute|95|Sending to Ground Station: Exp: $$FWHEEL_FILTER_NAME$$ on $$TARGET_NAME$$ EXP: 600 HFR: 1.72 FWHM: 7.15  Altitude: 55.80352216970346 
2026-05-31T04:47:08.9578|INFO|SequenceItem.cs|Run|208|Starting Category: Ground Station, Item: Send to Telegram
2026-05-31T04:47:09.7375|INFO|SequenceItem.cs|Run|254|Finishing Category: Ground Station, Item: Send to Telegram
2026-05-31T04:47:09.7390|INFO|SequenceItem.cs|Run|254|Finishing Category: Powerups (Fun-ctions), Item: GSSend
2026-05-31T04:47:09.7537|INFO|MeridianFlipTrigger.cs|ShouldTrigger|265|Meridian Flip - There is still time remaining - max remaining time 02:41:59.3530855, next instruction time 0, next instruction Category: Powerups (Fun-ctions), Item: GSSend - and the telescope reports expected pier side pierWest. Automated Flip is not necessary.
2026-05-31T04:47:09.7538|INFO|SequenceItem.cs|Run|208|Starting Category: Powerups (Fun-ctions), Item: GSSend
2026-05-31T04:47:09.7540|INFO|SendWithGS.cs|ProcessedScript|64|Replacing Image_ExposureTime with 600
2026-05-31T04:47:09.7541|INFO|SendWithGS.cs|ProcessedScript|64|Replacing Image_HFR with 1.72
2026-05-31T04:47:09.7542|INFO|SendWithGS.cs|ProcessedScript|64|Replacing Image_FWHM with 7.15
2026-05-31T04:47:09.7543|INFO|SendWithGS.cs|ProcessedScript|64|Replacing Altitude with 55.80352216970346
2026-05-31T04:47:09.7544|INFO|SendWithGS.cs|Execute|95|Sending to Ground Station: Exp: $$FWHEEL_FILTER_NAME$$ on $$TARGET_NAME$$ EXP: 600 HFR: 1.72 FWHM: 7.15  Altitude: 55.80352216970346 
2026-05-31T04:47:09.7556|INFO|SequenceItem.cs|Run|208|Starting Category: Ground Station, Item: Send to Pushover, Title: IMAGE: $$TARGET_NAME$$
2026-05-31T04:47:09.9743|INFO|SequenceItem.cs|Run|254|Finishing Category: Ground Station, Item: Send to Pushover, Title: IMAGE: $$TARGET_NAME$$
2026-05-31T04:47:09.9757|INFO|SequenceItem.cs|Run|254|Finishing Category: Powerups (Fun-ctions), Item: GSSend
2026-05-31T04:47:10.1804|INFO|Symbol.cs|OnMessageReceived|627|Received message from Target Scheduler re: TargetScheduler-TargetStart
2026-05-31T04:47:10.1805|INFO|Symbol.cs|OnMessageReceived|635|TS_TargetName = sh2-126 Panel 8 - NB
2026-05-31T04:47:10.1805|INFO|Symbol.cs|OnMessageReceived|636|Expires at 05/31/2026 05:32:40 -05:00
2026-05-31T04:47:10.1806|INFO|Symbol.cs|OnMessageReceived|627|Received message from Target Scheduler re: TargetScheduler-TargetStart
2026-05-31T04:47:10.1806|INFO|Symbol.cs|OnMessageReceived|635|TS_TargetName = sh2-126 Panel 8 - NB
2026-05-31T04:47:10.1806|INFO|Symbol.cs|OnMessageReceived|636|Expires at 05/31/2026 05:32:40 -05:00
2026-05-31T04:47:10.1825|INFO|MeridianFlipTrigger.cs|ShouldTrigger|265|Meridian Flip - There is still time remaining - max remaining time 02:41:59.3530855, next instruction time 0, next instruction NINA.Plugin.TargetScheduler.Sequencer.PlanSchedulerProgress - and the telescope reports expected pier side pierWest. Automated Flip is not necessary.
2026-05-31T04:47:10.1826|INFO|SequenceItem.cs|Run|208|Starting NINA.Plugin.TargetScheduler.Sequencer.PlanSchedulerProgress
2026-05-31T04:47:10.1826|INFO|SequenceItem.cs|Run|254|Finishing NINA.Plugin.TargetScheduler.Sequencer.PlanSchedulerProgress
2026-05-31T04:47:10.1828|INFO|MeridianFlipTrigger.cs|ShouldTrigger|265|Meridian Flip - There is still time remaining - max remaining time 02:41:59.3530855, next instruction time 0, next instruction Category: Scheduler, Item: SwitchFilter, Filter: H - and the telescope reports expected pier side pierWest. Automated Flip is not necessary.
2026-05-31T04:47:10.1828|INFO|SequenceItem.cs|Run|208|Starting Category: Scheduler, Item: SwitchFilter, Filter: H
2026-05-31T04:47:10.2469|INFO|SequenceItem.cs|Run|254|Finishing Category: Scheduler, Item: SwitchFilter, Filter: H
2026-05-31T04:47:10.2473|INFO|MeridianFlipTrigger.cs|ShouldTrigger|265|Meridian Flip - There is still time remaining - max remaining time 02:41:59.3530855, next instruction time 0, next instruction NINA.Plugin.TargetScheduler.Sequencer.PlanSchedulerProgress - and the telescope reports expected pier side pierWest. Automated Flip is not necessary.
2026-05-31T04:47:10.2474|INFO|SequenceItem.cs|Run|208|Starting NINA.Plugin.TargetScheduler.Sequencer.PlanSchedulerProgress
2026-05-31T04:47:10.2474|INFO|SequenceItem.cs|Run|254|Finishing NINA.Plugin.TargetScheduler.Sequencer.PlanSchedulerProgress
2026-05-31T04:47:10.2475|INFO|MeridianFlipTrigger.cs|ShouldTrigger|265|Meridian Flip - There is still time remaining - max remaining time 02:41:59.3530855, next instruction time 0, next instruction Category: Scheduler, Item: SetReadoutMode, Mode: 0 - and the telescope reports expected pier side pierWest. Automated Flip is not necessary.
2026-05-31T04:47:10.2476|INFO|SequenceItem.cs|Run|208|Starting Category: Scheduler, Item: SetReadoutMode, Mode: 0
2026-05-31T04:47:10.2477|INFO|SequenceItem.cs|Run|254|Finishing Category: Scheduler, Item: SetReadoutMode, Mode: 0
2026-05-31T04:47:10.2478|INFO|MeridianFlipTrigger.cs|ShouldTrigger|265|Meridian Flip - There is still time remaining - max remaining time 02:41:59.3530855, next instruction time 0, next instruction NINA.Plugin.TargetScheduler.Sequencer.PlanSchedulerProgress - and the telescope reports expected pier side pierWest. Automated Flip is not necessary.
2026-05-31T04:47:10.2478|INFO|SequenceItem.cs|Run|208|Starting NINA.Plugin.TargetScheduler.Sequencer.PlanSchedulerProgress
2026-05-31T04:47:10.2659|INFO|SequenceItem.cs|Run|254|Finishing NINA.Plugin.TargetScheduler.Sequencer.PlanSchedulerProgress
2026-05-31T04:47:10.2902|INFO|MeridianFlipTrigger.cs|ShouldTrigger|265|Meridian Flip - There is still time remaining - max remaining time 02:41:57.2954635, next instruction time 600, next instruction Category: Scheduler, Item: TakeExposure, ExposureTime 600, Gain 100, Offset 50, ImageType LIGHT, Binning 1x1 - and the telescope reports expected pier side pierWest. Automated Flip is not necessary.
2026-05-31T04:47:10.2903|INFO|DIYTrigger.cs|ShouldTrigger|109|DIY Trigger Restore Guiding ShouldTrigger returning true
2026-05-31T04:47:10.2903|INFO|SequenceTrigger.cs|Run|114|Starting Category: Powerups (Misc), Item: DIYTrigger
2026-05-31T04:47:10.2920|INFO|DIYTrigger.cs|Execute|95|DIY Trigger executing...
2026-05-31T04:47:10.2921|INFO|SequenceItem.cs|Run|208|Starting Category: * Instruction Set *, Container: NINA.Sequencer.Container.SequentialContainer, Strategy: SequentialStrategy, Items[CREATED]: 1, Triggers: Trigger: RestoreGuiding
2026-05-31T04:47:10.2924|INFO|MeridianFlipTrigger.cs|ShouldTrigger|265|Meridian Flip - There is still time remaining - max remaining time 02:41:57.2954635, next instruction time 0, next instruction Category: Powerups (Expressions), Item: IfFailed - and the telescope reports expected pier side pierWest. Automated Flip is not necessary.
2026-05-31T04:47:10.2924|INFO|SequenceItem.cs|Run|208|Starting Category: Powerups (Expressions), Item: IfFailed
2026-05-31T04:47:10.2925|INFO|SequenceItem.cs|Run|208|Starting Category: Guider, Item: StartGuiding
2026-05-31T04:47:10.3055|INFO|PHD2Guider.cs|StartGuidingPrivate|504|Phd2 - App is already guiding. Skipping start guiding
2026-05-31T04:47:10.3058|INFO|SequenceItem.cs|Run|254|Finishing Category: Guider, Item: StartGuiding
2026-05-31T04:47:10.3058|INFO|SequenceItem.cs|Run|254|Finishing Category: Powerups (Expressions), Item: IfFailed
2026-05-31T04:47:10.3060|INFO|SequenceItem.cs|Run|254|Finishing Category: * Instruction Set *, Container: NINA.Sequencer.Container.SequentialContainer, Strategy: SequentialStrategy, Items[FINISHED]: 1, Triggers: Trigger: RestoreGuiding
2026-05-31T04:47:10.3081|INFO|SequenceItem.cs|Run|208|Starting Category: Scheduler, Item: TakeExposure, ExposureTime 600, Gain 100, Offset 50, ImageType LIGHT, Binning 1x1
2026-05-31T04:47:10.3155|INFO|CameraVM.cs|Capture|742|Starting Exposure - Exposure Time: 600s; Filter: ; Gain: 100; Offset 50; Binning: 1x1;
2026-05-31T04:47:10.7651|INFO|StarfrontClient.cs|SendImageFile|249|[Rockwood] sent 2026-05-31_04-37-03_sh2-126 Panel 8 - NB_LIGHT_H_-5.00C_G100-Exp-600.00s_MAXRMS-D0.75-R2.60_M-107.05_RMS-0.68_HFR-1.72_F-0031.fits (28KB) object=sh2-126 Panel 8 - NB exptime=600s filter=H
2026-05-31T04:47:13.5044|WARNING|TsPreviewClient.cs|FetchPreviewAsync|161|[Subframes] TsPreviewClient.FetchPreviewAsync failed for profile '533M-AT60' (0173997c-4bfa-48fd-9337-a48b6df99c38): TaskCanceledException: The request was canceled due to the configured HttpClient.Timeout of 5 seconds elapsing.
2026-05-31T04:47:35.5437|INFO|SyncEngine.cs|SyncPendingFramesAsync|142|[Subframes] SyncEngine: synced 1 frames for session 470187b8-716c-4f60-bb85-9fd78307165c (accepted=1)
2026-05-31T04:50:38.5917|INFO|TsProgressReader.cs|ReadProgressDelta|75|[Subframes] TS progress delta: DB not found at C:\Users\nicka\AppData\Local\NINA\SchedulerPlugin — Target Scheduler not installed or DB path mismatch.
2026-05-31T04:55:38.5931|INFO|TsProgressReader.cs|ReadProgressDelta|75|[Subframes] TS progress delta: DB not found at C:\Users\nicka\AppData\Local\NINA\SchedulerPlugin — Target Scheduler not installed or DB path mismatch.
2026-05-31T04:57:12.2286|INFO|SequenceItem.cs|Run|254|Finishing Category: Scheduler, Item: TakeExposure, ExposureTime 600, Gain 100, Offset 50, ImageType LIGHT, Binning 1x1
2026-05-31T04:57:12.2289|INFO|MeridianFlipTrigger.cs|ShouldTrigger|265|Meridian Flip - There is still time remaining - max remaining time 02:31:53.0683881, next instruction time 0, next instruction NINA.Plugin.TargetScheduler.Sequencer.PlanSchedulerProgress - and the telescope reports expected pier side pierWest. Automated Flip is not necessary.
2026-05-31T04:57:12.2291|INFO|SequenceItem.cs|Run|208|Starting NINA.Plugin.TargetScheduler.Sequencer.PlanSchedulerProgress
2026-05-31T04:57:12.2291|INFO|SequenceItem.cs|Run|254|Finishing NINA.Plugin.TargetScheduler.Sequencer.PlanSchedulerProgress
2026-05-31T04:57:14.4004|INFO|HocusFocusStarDetection.cs|Detect|413|Average HFR: 1.715000740743561, HFR MAD: 0.144799136790305, Detected Stars 799, Region: 0
2026-05-31T04:57:15.1059|INFO|BaseImageData.cs|SaveToDisk|346|Saved image to C:\ASTROIMAGES\NINA\2026-05-30\sh2-126 Panel 8 - NB\LIGHT\H\2026-05-31_04-47-10_sh2-126 Panel 8 - NB_LIGHT_H_-5.00C_G100-Exp-600.00s_MAXRMS-D0.83-R1.15_M-107.00_RMS-0.37_HFR-1.72_F-0032.fits
2026-05-31T04:57:15.1060|INFO|ImageSaveController.cs|DoWork|97|Successfully saved file at C:\ASTROIMAGES\NINA\2026-05-30\sh2-126 Panel 8 - NB\LIGHT\H\2026-05-31_04-47-10_sh2-126 Panel 8 - NB_LIGHT_H_-5.00C_G100-Exp-600.00s_MAXRMS-D0.83-R1.15_M-107.00_RMS-0.37_HFR-1.72_F-0032.fits. Duration Total: 00:00:02.8765997; BeforeSave: 00:00:00.0000628; BeforeFinalizeImageSaved: 00:00:02.5138485; FinalizeSaveTime: 00:00:00.3626875
2026-05-31T04:57:15.7665|WARNING|SessionMetaDataWatcher.cs|WriteAcquisitionMetaData|73|acquisition file already exists, will not overwrite: C:\ASTROIMAGES\NINA\2026-05-30\sh2-126 Panel 8 - NB\LIGHT\H\metadata\AcquisitionDetails.csv
2026-05-31T04:57:15.7666|WARNING|SessionMetaDataWatcher.cs|WriteAcquisitionMetaData|93|acquisition file already exists, will not overwrite: C:\ASTROIMAGES\NINA\2026-05-30\sh2-126 Panel 8 - NB\LIGHT\H\metadata\AcquisitionDetails.json
2026-05-31T04:57:15.7669|INFO|SessionMetaDataWatcher.cs|WriteImageMetaData|105|Writing CSV image metadata: C:\ASTROIMAGES\NINA\2026-05-30\sh2-126 Panel 8 - NB\LIGHT\H\metadata\ImageMetaData.csv
2026-05-31T04:57:15.8086|INFO|SessionMetaDataWatcher.cs|WriteImageMetaData|122|Writing JSON image metadata: C:\ASTROIMAGES\NINA\2026-05-30\sh2-126 Panel 8 - NB\LIGHT\H\metadata\ImageMetaData.json
2026-05-31T04:57:15.8107|INFO|SessionMetaDataWatcher.cs|WriteWeatherMetaData|169|Writing CSV weather metadata: C:\ASTROIMAGES\NINA\2026-05-30\sh2-126 Panel 8 - NB\LIGHT\H\metadata\WeatherData.csv
2026-05-31T04:57:15.8275|INFO|SessionMetaDataWatcher.cs|WriteWeatherMetaData|186|Writing JSON weather metadata: C:\ASTROIMAGES\NINA\2026-05-30\sh2-126 Panel 8 - NB\LIGHT\H\metadata\WeatherData.json
2026-05-31T04:57:15.8290|INFO|SessionService.cs|OnTargetDetectedAsync|663|[Subframes] Target detected: 'sh2-126 Panel 8 - NB' (was 'sh2-126 Panel 8 - NB')
2026-05-31T04:57:15.8955|INFO|SubframesClient.cs|StartTargetAsync|316|[Subframes] Target started:  name='sh2-126 Panel 8 - NB'
2026-05-31T04:57:15.8956|WARNING|SessionService.cs|StartTargetAsync|559|[Subframes] StartTarget failed — cached locally as 18e3797d-142e-44e8-9f0d-f192cbea565d for replay.
2026-05-31T04:57:16.4030|INFO|MeridianFlipTrigger.cs|ShouldTrigger|265|Meridian Flip - There is still time remaining - max remaining time 02:31:49.0448035, next instruction time 0, next instruction Category: Powerups (Fun-ctions), Item: GSSend - and the telescope reports expected pier side pierWest. Automated Flip is not necessary.
2026-05-31T04:57:16.4031|INFO|SequenceItem.cs|Run|208|Starting Category: Powerups (Fun-ctions), Item: GSSend
2026-05-31T04:57:16.4232|INFO|SendWithGS.cs|ProcessedScript|64|Replacing Image_ExposureTime with 600
2026-05-31T04:57:16.4234|INFO|SendWithGS.cs|ProcessedScript|64|Replacing Image_HFR with 1.715
2026-05-31T04:57:16.4235|INFO|SendWithGS.cs|ProcessedScript|64|Replacing Image_FWHM with 7.13
2026-05-31T04:57:16.4236|INFO|SendWithGS.cs|ProcessedScript|64|Replacing Altitude with 57.76057966089819
2026-05-31T04:57:16.4236|INFO|SendWithGS.cs|Execute|95|Sending to Ground Station: Exp: $$FWHEEL_FILTER_NAME$$ on $$TARGET_NAME$$ EXP: 600 HFR: 1.715 FWHM: 7.13  Altitude: 57.76057966089819 
2026-05-31T04:57:16.4248|INFO|SequenceItem.cs|Run|208|Starting Category: Ground Station, Item: Send to Telegram
2026-05-31T04:57:17.0940|INFO|SequenceItem.cs|Run|254|Finishing Category: Ground Station, Item: Send to Telegram
2026-05-31T04:57:17.0954|INFO|SequenceItem.cs|Run|254|Finishing Category: Powerups (Fun-ctions), Item: GSSend
2026-05-31T04:57:17.0957|INFO|MeridianFlipTrigger.cs|ShouldTrigger|265|Meridian Flip - There is still time remaining - max remaining time 02:31:49.0448035, next instruction time 0, next instruction Category: Powerups (Fun-ctions), Item: GSSend - and the telescope reports expected pier side pierWest. Automated Flip is not necessary.
2026-05-31T04:57:17.0958|INFO|SequenceItem.cs|Run|208|Starting Category: Powerups (Fun-ctions), Item: GSSend
2026-05-31T04:57:17.0962|INFO|SendWithGS.cs|ProcessedScript|64|Replacing Image_ExposureTime with 600
2026-05-31T04:57:17.0963|INFO|SendWithGS.cs|ProcessedScript|64|Replacing Image_HFR with 1.715
2026-05-31T04:57:17.0965|INFO|SendWithGS.cs|ProcessedScript|64|Replacing Image_FWHM with 7.13
2026-05-31T04:57:17.0966|INFO|SendWithGS.cs|ProcessedScript|64|Replacing Altitude with 57.76057966089819
2026-05-31T04:57:17.0967|INFO|SendWithGS.cs|Execute|95|Sending to Ground Station: Exp: $$FWHEEL_FILTER_NAME$$ on $$TARGET_NAME$$ EXP: 600 HFR: 1.715 FWHM: 7.13  Altitude: 57.76057966089819 
2026-05-31T04:57:17.0983|INFO|SequenceItem.cs|Run|208|Starting Category: Ground Station, Item: Send to Pushover, Title: IMAGE: $$TARGET_NAME$$
2026-05-31T04:57:17.3362|INFO|SequenceItem.cs|Run|254|Finishing Category: Ground Station, Item: Send to Pushover, Title: IMAGE: $$TARGET_NAME$$
2026-05-31T04:57:17.3374|INFO|SequenceItem.cs|Run|254|Finishing Category: Powerups (Fun-ctions), Item: GSSend
2026-05-31T04:57:17.5273|INFO|Symbol.cs|OnMessageReceived|627|Received message from Target Scheduler re: TargetScheduler-TargetStart
2026-05-31T04:57:17.5274|INFO|Symbol.cs|OnMessageReceived|635|TS_TargetName = sh2-126 Panel 8 - NB
2026-05-31T04:57:17.5274|INFO|Symbol.cs|OnMessageReceived|636|Expires at 05/31/2026 05:32:40 -05:00
2026-05-31T04:57:17.5274|INFO|Symbol.cs|OnMessageReceived|627|Received message from Target Scheduler re: TargetScheduler-TargetStart
2026-05-31T04:57:17.5275|INFO|Symbol.cs|OnMessageReceived|635|TS_TargetName = sh2-126 Panel 8 - NB
2026-05-31T04:57:17.5275|INFO|Symbol.cs|OnMessageReceived|636|Expires at 05/31/2026 05:32:40 -05:00
2026-05-31T04:57:17.5282|INFO|MeridianFlipTrigger.cs|ShouldTrigger|265|Meridian Flip - There is still time remaining - max remaining time 02:31:49.0448035, next instruction time 0, next instruction NINA.Plugin.TargetScheduler.Sequencer.PlanSchedulerProgress - and the telescope reports expected pier side pierWest. Automated Flip is not necessary.
2026-05-31T04:57:17.5282|INFO|SequenceItem.cs|Run|208|Starting NINA.Plugin.TargetScheduler.Sequencer.PlanSchedulerProgress
2026-05-31T04:57:17.5328|INFO|SequenceItem.cs|Run|254|Finishing NINA.Plugin.TargetScheduler.Sequencer.PlanSchedulerProgress
2026-05-31T04:57:17.5330|INFO|MeridianFlipTrigger.cs|ShouldTrigger|265|Meridian Flip - There is still time remaining - max remaining time 02:31:49.0448035, next instruction time 90, next instruction Category: , Item: Dither - and the telescope reports expected pier side pierWest. Automated Flip is not necessary.
2026-05-31T04:57:17.5331|INFO|SequenceItem.cs|Run|208|Starting Category: , Item: Dither
2026-05-31T04:57:17.5509|INFO|PHD2Client.cs|HandleGuidingDithered|309|PHD2Client: 🎯 GuidingDithered (DITHER START) - dx=7.16, dy=0.46
2026-05-31T04:57:17.5510|INFO|DitherStatisticsVM.cs|OnPHD2GuidingDithered|752|🎯 DITHER START detected via GuidingDithered! dx=7.16, dy=0.46
2026-05-31T04:57:17.5510|INFO|DitherStatisticsVM.cs|OnPHD2GuidingDithered|762|✅ Dither START recorded with pixel shift: (7.16, 0.46)
2026-05-31T04:57:17.5510|INFO|PHD2Client.cs|StartDitherDataCollection|576|PHD2Client: Started dither data collection for 30 seconds (series #7)
2026-05-31T04:57:17.8399|INFO|StarfrontClient.cs|SendImageFile|249|[Rockwood] sent 2026-05-31_04-47-10_sh2-126 Panel 8 - NB_LIGHT_H_-5.00C_G100-Exp-600.00s_MAXRMS-D0.83-R1.15_M-107.00_RMS-0.37_HFR-1.72_F-0032.fits (28KB) object=sh2-126 Panel 8 - NB exptime=600s filter=H
2026-05-31T04:57:20.9324|INFO|TsPreviewClient.cs|LookupCoordinatesByName|179|[Subframes] TsPreviewClient.LookupCoordinatesByName: TS database not found at C:\Users\nicka\AppData\Local\NINA\SchedulerPlugin
2026-05-31T04:57:20.9325|INFO|Plugin.cs|TrySendStationHeartbeatDebounced|971|[Subframes] Firing station heartbeat [image-saved preview update].
2026-05-31T04:57:20.9327|INFO|TsProgressReader.cs|ReadProgressDelta|75|[Subframes] TS progress delta: DB not found at C:\Users\nicka\AppData\Local\NINA\SchedulerPlugin — Target Scheduler not installed or DB path mismatch.
2026-05-31T04:57:35.5331|INFO|SyncEngine.cs|SyncPendingFramesAsync|142|[Subframes] SyncEngine: synced 1 frames for session 470187b8-716c-4f60-bb85-9fd78307165c (accepted=1)
2026-05-31T04:57:47.5514|INFO|PHD2Client.cs|OnDitherCollectionComplete|657|PHD2Client: Dither data collection complete (timer). Collected 11 points.
2026-05-31T04:57:47.5569|INFO|PHD2Client.cs|WriteDitherAnalysisFile|738|PHD2Client: Dither analysis file written with 69 data points: 20260531_043640_dither_analysis.txt
2026-05-31T04:57:47.5611|INFO|PHD2Client.cs|WritePositivePeriodsFile|932|PHD2Client: Positive periods analysis written with 19 total periods across 3 multipliers: 20260531_043640_positive_periods.txt
2026-05-31T04:57:47.5613|INFO|PHD2Client.cs|AnalyzePositivePeriods|868|PHD2Client: Positive period analysis complete. firstPeriodPerSeries counts: 1.5σ=2, 2.0σ=2, 3.0σ=1
2026-05-31T04:57:47.5615|INFO|PHD2Client.cs|CalculateRecommendation|954|PHD2Client: Calculating recommendation from 7 dither series, RMS=0.1767, StdDev=0.1172
2026-05-31T04:57:47.5617|INFO|PHD2Client.cs|CalculateRecommendation|987|PHD2Client: Dither recommendation calculated - Events: 7, SettlePixel: Q=0.35 B=0.41 P=0.53, MinSettle: Q=4.0s B=4.0s P=22.0s
2026-05-31T04:57:47.5621|INFO|DitherStatisticsVM.cs|OnDitherRecommendationUpdated|500|Dither recommendation updated on UI thread - Events: 7
2026-05-31T04:57:47.5623|INFO|PHD2Client.cs|RunAnalysisAndRecommendation|638|PHD2Client: RunAnalysisAndRecommendation completed - 69 points, 7 series
2026-05-31T04:58:11.7703|INFO|PHD2Client.cs|HandleSettleDone|343|PHD2Client: SettleDone - Status=0, Success=True, TotalFrames=22, DroppedFrames=0
2026-05-31T04:58:11.7704|INFO|DitherStatisticsVM.cs|OnPHD2SettleDone|794|✅ DITHER END - Success=True, SettleTime=54.22s, TotalFrames=22, DroppedFrames=0
2026-05-31T04:58:11.7763|INFO|DitherStatisticsVM.cs|UpdateQualityMetrics|865|Quality metrics updated: Score=0.1191, Rating=Poor
2026-05-31T04:58:12.1062|INFO|SequenceItem.cs|Run|254|Finishing Category: , Item: Dither
2026-05-31T04:58:12.1071|INFO|MeridianFlipTrigger.cs|ShouldTrigger|265|Meridian Flip - There is still time remaining - max remaining time 02:30:58.0168528, next instruction time 0, next instruction NINA.Plugin.TargetScheduler.Sequencer.PlanSchedulerProgress - and the telescope reports expected pier side pierWest. Automated Flip is not necessary.
2026-05-31T04:58:12.1074|INFO|SequenceItem.cs|Run|208|Starting NINA.Plugin.TargetScheduler.Sequencer.PlanSchedulerProgress
2026-05-31T04:58:12.1075|INFO|SequenceItem.cs|Run|254|Finishing NINA.Plugin.TargetScheduler.Sequencer.PlanSchedulerProgress
2026-05-31T04:58:12.1080|INFO|MeridianFlipTrigger.cs|ShouldTrigger|265|Meridian Flip - There is still time remaining - max remaining time 02:30:58.0168528, next instruction time 0, next instruction Category: Scheduler, Item: SwitchFilter, Filter: H - and the telescope reports expected pier side pierWest. Automated Flip is not necessary.
2026-05-31T04:58:12.1081|INFO|SequenceItem.cs|Run|208|Starting Category: Scheduler, Item: SwitchFilter, Filter: H
2026-05-31T04:58:12.1101|INFO|SequenceItem.cs|Run|254|Finishing Category: Scheduler, Item: SwitchFilter, Filter: H
2026-05-31T04:58:12.1108|INFO|MeridianFlipTrigger.cs|ShouldTrigger|265|Meridian Flip - There is still time remaining - max remaining time 02:30:58.0168528, next instruction time 0, next instruction NINA.Plugin.TargetScheduler.Sequencer.PlanSchedulerProgress - and the telescope reports expected pier side pierWest. Automated Flip is not necessary.
2026-05-31T04:58:12.1110|INFO|SequenceItem.cs|Run|208|Starting NINA.Plugin.TargetScheduler.Sequencer.PlanSchedulerProgress
2026-05-31T04:58:12.1111|INFO|SequenceItem.cs|Run|254|Finishing NINA.Plugin.TargetScheduler.Sequencer.PlanSchedulerProgress
2026-05-31T04:58:12.1115|INFO|MeridianFlipTrigger.cs|ShouldTrigger|265|Meridian Flip - There is still time remaining - max remaining time 02:30:58.0168528, next instruction time 0, next instruction Category: Scheduler, Item: SetReadoutMode, Mode: 0 - and the telescope reports expected pier side pierWest. Automated Flip is not necessary.
2026-05-31T04:58:12.1116|INFO|SequenceItem.cs|Run|208|Starting Category: Scheduler, Item: SetReadoutMode, Mode: 0
2026-05-31T04:58:12.1119|INFO|SequenceItem.cs|Run|254|Finishing Category: Scheduler, Item: SetReadoutMode, Mode: 0
2026-05-31T04:58:12.1123|INFO|MeridianFlipTrigger.cs|ShouldTrigger|265|Meridian Flip - There is still time remaining - max remaining time 02:30:58.0168528, next instruction time 0, next instruction NINA.Plugin.TargetScheduler.Sequencer.PlanSchedulerProgress - and the telescope reports expected pier side pierWest. Automated Flip is not necessary.
2026-05-31T04:58:12.1124|INFO|SequenceItem.cs|Run|208|Starting NINA.Plugin.TargetScheduler.Sequencer.PlanSchedulerProgress
2026-05-31T04:58:12.1135|INFO|SequenceItem.cs|Run|254|Finishing NINA.Plugin.TargetScheduler.Sequencer.PlanSchedulerProgress
2026-05-31T04:58:12.1141|INFO|MeridianFlipTrigger.cs|ShouldTrigger|265|Meridian Flip - There is still time remaining - max remaining time 02:30:58.0168528, next instruction time 600, next instruction Category: Scheduler, Item: TakeExposure, ExposureTime 600, Gain 100, Offset 50, ImageType LIGHT, Binning 1x1 - and the telescope reports expected pier side pierWest. Automated Flip is not necessary.
2026-05-31T04:58:12.1142|INFO|DIYTrigger.cs|ShouldTrigger|109|DIY Trigger Restore Guiding ShouldTrigger returning true
2026-05-31T04:58:12.1143|INFO|SequenceTrigger.cs|Run|114|Starting Category: Powerups (Misc), Item: DIYTrigger
2026-05-31T04:58:12.1194|INFO|DIYTrigger.cs|Execute|95|DIY Trigger executing...
2026-05-31T04:58:12.1197|INFO|SequenceItem.cs|Run|208|Starting Category: * Instruction Set *, Container: NINA.Sequencer.Container.SequentialContainer, Strategy: SequentialStrategy, Items[CREATED]: 1, Triggers: Trigger: RestoreGuiding
2026-05-31T04:58:12.1204|INFO|MeridianFlipTrigger.cs|ShouldTrigger|265|Meridian Flip - There is still time remaining - max remaining time 02:30:58.0168528, next instruction time 0, next instruction Category: Powerups (Expressions), Item: IfFailed - and the telescope reports expected pier side pierWest. Automated Flip is not necessary.
2026-05-31T04:58:12.1205|INFO|SequenceItem.cs|Run|208|Starting Category: Powerups (Expressions), Item: IfFailed
2026-05-31T04:58:12.1206|INFO|SequenceItem.cs|Run|208|Starting Category: Guider, Item: StartGuiding
2026-05-31T04:58:12.1278|INFO|PHD2Guider.cs|StartGuidingPrivate|504|Phd2 - App is already guiding. Skipping start guiding
2026-05-31T04:58:12.1282|INFO|SequenceItem.cs|Run|254|Finishing Category: Guider, Item: StartGuiding
2026-05-31T04:58:12.1283|INFO|SequenceItem.cs|Run|254|Finishing Category: Powerups (Expressions), Item: IfFailed
2026-05-31T04:58:12.1285|INFO|SequenceItem.cs|Run|254|Finishing Category: * Instruction Set *, Container: NINA.Sequencer.Container.SequentialContainer, Strategy: SequentialStrategy, Items[FINISHED]: 1, Triggers: Trigger: RestoreGuiding
2026-05-31T04:58:12.1348|INFO|SequenceItem.cs|Run|208|Starting Category: Scheduler, Item: TakeExposure, ExposureTime 600, Gain 100, Offset 50, ImageType LIGHT, Binning 1x1
2026-05-31T04:58:12.1412|INFO|CameraVM.cs|Capture|742|Starting Exposure - Exposure Time: 600s; Filter: ; Gain: 100; Offset 50; Binning: 1x1;
2026-05-31T05:00:38.5919|INFO|TsProgressReader.cs|ReadProgressDelta|75|[Subframes] TS progress delta: DB not found at C:\Users\nicka\AppData\Local\NINA\SchedulerPlugin — Target Scheduler not installed or DB path mismatch.
2026-05-31T05:05:38.5920|INFO|TsProgressReader.cs|ReadProgressDelta|75|[Subframes] TS progress delta: DB not found at C:\Users\nicka\AppData\Local\NINA\SchedulerPlugin — Target Scheduler not installed or DB path mismatch.
2026-05-31T05:08:14.0307|INFO|SequenceItem.cs|Run|254|Finishing Category: Scheduler, Item: TakeExposure, ExposureTime 600, Gain 100, Offset 50, ImageType LIGHT, Binning 1x1
2026-05-31T05:08:14.0312|INFO|MeridianFlipTrigger.cs|ShouldTrigger|265|Meridian Flip - There is still time remaining - max remaining time 02:20:53.1827965, next instruction time 0, next instruction NINA.Plugin.TargetScheduler.Sequencer.PlanSchedulerProgress - and the telescope reports expected pier side pierWest. Automated Flip is not necessary.
2026-05-31T05:08:14.0313|INFO|SequenceItem.cs|Run|208|Starting NINA.Plugin.TargetScheduler.Sequencer.PlanSchedulerProgress
2026-05-31T05:08:14.0313|INFO|SequenceItem.cs|Run|254|Finishing NINA.Plugin.TargetScheduler.Sequencer.PlanSchedulerProgress
2026-05-31T05:08:16.0779|INFO|HocusFocusStarDetection.cs|Detect|413|Average HFR: 1.693568781203954, HFR MAD: 0.13561796605660598, Detected Stars 792, Region: 0
2026-05-31T05:08:16.8348|INFO|BaseImageData.cs|SaveToDisk|346|Saved image to C:\ASTROIMAGES\NINA\2026-05-30\sh2-126 Panel 8 - NB\LIGHT\H\2026-05-31_04-58-12_sh2-126 Panel 8 - NB_LIGHT_H_-5.00C_G100-Exp-600.00s_MAXRMS-D0.69-R0.78_M-106.94_RMS-0.33_HFR-1.69_F-0033.fits
2026-05-31T05:08:16.8349|INFO|ImageSaveController.cs|DoWork|97|Successfully saved file at C:\ASTROIMAGES\NINA\2026-05-30\sh2-126 Panel 8 - NB\LIGHT\H\2026-05-31_04-58-12_sh2-126 Panel 8 - NB_LIGHT_H_-5.00C_G100-Exp-600.00s_MAXRMS-D0.69-R0.78_M-106.94_RMS-0.33_HFR-1.69_F-0033.fits. Duration Total: 00:00:02.8042004; BeforeSave: 00:00:00.0001213; BeforeFinalizeImageSaved: 00:00:02.4443080; FinalizeSaveTime: 00:00:00.3597701
2026-05-31T05:08:17.4064|WARNING|SessionMetaDataWatcher.cs|WriteAcquisitionMetaData|73|acquisition file already exists, will not overwrite: C:\ASTROIMAGES\NINA\2026-05-30\sh2-126 Panel 8 - NB\LIGHT\H\metadata\AcquisitionDetails.csv
2026-05-31T05:08:17.4066|WARNING|SessionMetaDataWatcher.cs|WriteAcquisitionMetaData|93|acquisition file already exists, will not overwrite: C:\ASTROIMAGES\NINA\2026-05-30\sh2-126 Panel 8 - NB\LIGHT\H\metadata\AcquisitionDetails.json
2026-05-31T05:08:17.4068|INFO|SessionMetaDataWatcher.cs|WriteImageMetaData|105|Writing CSV image metadata: C:\ASTROIMAGES\NINA\2026-05-30\sh2-126 Panel 8 - NB\LIGHT\H\metadata\ImageMetaData.csv
2026-05-31T05:08:17.4497|INFO|SessionMetaDataWatcher.cs|WriteImageMetaData|122|Writing JSON image metadata: C:\ASTROIMAGES\NINA\2026-05-30\sh2-126 Panel 8 - NB\LIGHT\H\metadata\ImageMetaData.json
2026-05-31T05:08:17.4605|INFO|SessionMetaDataWatcher.cs|WriteWeatherMetaData|169|Writing CSV weather metadata: C:\ASTROIMAGES\NINA\2026-05-30\sh2-126 Panel 8 - NB\LIGHT\H\metadata\WeatherData.csv
2026-05-31T05:08:17.4777|INFO|SessionMetaDataWatcher.cs|WriteWeatherMetaData|186|Writing JSON weather metadata: C:\ASTROIMAGES\NINA\2026-05-30\sh2-126 Panel 8 - NB\LIGHT\H\metadata\WeatherData.json
2026-05-31T05:08:17.5041|INFO|SessionService.cs|OnTargetDetectedAsync|663|[Subframes] Target detected: 'sh2-126 Panel 8 - NB' (was 'sh2-126 Panel 8 - NB')
2026-05-31T05:08:17.5400|INFO|SubframesClient.cs|StartTargetAsync|316|[Subframes] Target started:  name='sh2-126 Panel 8 - NB'
2026-05-31T05:08:17.5401|WARNING|SessionService.cs|StartTargetAsync|559|[Subframes] StartTarget failed — cached locally as 1e9511ad-dbfd-4c59-b1d1-7ec1128172b2 for replay.
2026-05-31T05:08:18.0904|INFO|MeridianFlipTrigger.cs|ShouldTrigger|265|Meridian Flip - There is still time remaining - max remaining time 02:20:48.9322270, next instruction time 0, next instruction Category: Powerups (Fun-ctions), Item: GSSend - and the telescope reports expected pier side pierWest. Automated Flip is not necessary.
2026-05-31T05:08:18.0905|INFO|SequenceItem.cs|Run|208|Starting Category: Powerups (Fun-ctions), Item: GSSend
2026-05-31T05:08:18.0908|INFO|SendWithGS.cs|ProcessedScript|64|Replacing Image_ExposureTime with 600
2026-05-31T05:08:18.0909|INFO|SendWithGS.cs|ProcessedScript|64|Replacing Image_HFR with 1.694
2026-05-31T05:08:18.0910|INFO|SendWithGS.cs|ProcessedScript|64|Replacing Image_FWHM with 7.14
2026-05-31T05:08:18.0911|INFO|SendWithGS.cs|ProcessedScript|64|Replacing Altitude with 59.87316835163103
2026-05-31T05:08:18.0912|INFO|SendWithGS.cs|Execute|95|Sending to Ground Station: Exp: $$FWHEEL_FILTER_NAME$$ on $$TARGET_NAME$$ EXP: 600 HFR: 1.694 FWHM: 7.14  Altitude: 59.87316835163103 
2026-05-31T05:08:18.0923|INFO|SequenceItem.cs|Run|208|Starting Category: Ground Station, Item: Send to Telegram
2026-05-31T05:08:18.7633|INFO|SequenceItem.cs|Run|254|Finishing Category: Ground Station, Item: Send to Telegram
2026-05-31T05:08:18.7646|INFO|SequenceItem.cs|Run|254|Finishing Category: Powerups (Fun-ctions), Item: GSSend
2026-05-31T05:08:18.7650|INFO|MeridianFlipTrigger.cs|ShouldTrigger|265|Meridian Flip - There is still time remaining - max remaining time 02:20:47.2938623, next instruction time 0, next instruction Category: Powerups (Fun-ctions), Item: GSSend - and the telescope reports expected pier side pierWest. Automated Flip is not necessary.
2026-05-31T05:08:18.7650|INFO|SequenceItem.cs|Run|208|Starting Category: Powerups (Fun-ctions), Item: GSSend
2026-05-31T05:08:18.7653|INFO|SendWithGS.cs|ProcessedScript|64|Replacing Image_ExposureTime with 600
2026-05-31T05:08:18.7654|INFO|SendWithGS.cs|ProcessedScript|64|Replacing Image_HFR with 1.694
2026-05-31T05:08:18.7655|INFO|SendWithGS.cs|ProcessedScript|64|Replacing Image_FWHM with 7.14
2026-05-31T05:08:18.7658|INFO|SendWithGS.cs|ProcessedScript|64|Replacing Altitude with 59.883647830435066
2026-05-31T05:08:18.7658|INFO|SendWithGS.cs|Execute|95|Sending to Ground Station: Exp: $$FWHEEL_FILTER_NAME$$ on $$TARGET_NAME$$ EXP: 600 HFR: 1.694 FWHM: 7.14  Altitude: 59.883647830435066 
2026-05-31T05:08:18.7669|INFO|SequenceItem.cs|Run|208|Starting Category: Ground Station, Item: Send to Pushover, Title: IMAGE: $$TARGET_NAME$$
2026-05-31T05:08:18.9089|INFO|SequenceItem.cs|Run|254|Finishing Category: Ground Station, Item: Send to Pushover, Title: IMAGE: $$TARGET_NAME$$
2026-05-31T05:08:18.9106|INFO|SequenceItem.cs|Run|254|Finishing Category: Powerups (Fun-ctions), Item: GSSend
2026-05-31T05:08:19.2255|INFO|Symbol.cs|OnMessageReceived|627|Received message from Target Scheduler re: TargetScheduler-TargetStart
2026-05-31T05:08:19.2255|INFO|Symbol.cs|OnMessageReceived|635|TS_TargetName = sh2-126 Panel 8 - NB
2026-05-31T05:08:19.2256|INFO|Symbol.cs|OnMessageReceived|636|Expires at 05/31/2026 05:32:40 -05:00
2026-05-31T05:08:19.2256|INFO|Symbol.cs|OnMessageReceived|627|Received message from Target Scheduler re: TargetScheduler-TargetStart
2026-05-31T05:08:19.2256|INFO|Symbol.cs|OnMessageReceived|635|TS_TargetName = sh2-126 Panel 8 - NB
2026-05-31T05:08:19.2256|INFO|Symbol.cs|OnMessageReceived|636|Expires at 05/31/2026 05:32:40 -05:00
2026-05-31T05:08:19.2260|INFO|MeridianFlipTrigger.cs|ShouldTrigger|265|Meridian Flip - There is still time remaining - max remaining time 02:20:47.2938623, next instruction time 0, next instruction NINA.Plugin.TargetScheduler.Sequencer.PlanSchedulerProgress - and the telescope reports expected pier side pierWest. Automated Flip is not necessary.
2026-05-31T05:08:19.2261|INFO|SequenceItem.cs|Run|208|Starting NINA.Plugin.TargetScheduler.Sequencer.PlanSchedulerProgress
2026-05-31T05:08:19.3823|INFO|SequenceItem.cs|Run|254|Finishing NINA.Plugin.TargetScheduler.Sequencer.PlanSchedulerProgress
2026-05-31T05:08:19.3827|INFO|MeridianFlipTrigger.cs|ShouldTrigger|265|Meridian Flip - There is still time remaining - max remaining time 02:20:47.2938623, next instruction time 90, next instruction Category: , Item: Dither - and the telescope reports expected pier side pierWest. Automated Flip is not necessary.
2026-05-31T05:08:19.3827|INFO|SequenceItem.cs|Run|208|Starting Category: , Item: Dither
2026-05-31T05:08:19.3980|INFO|PHD2Client.cs|HandleGuidingDithered|309|PHD2Client: 🎯 GuidingDithered (DITHER START) - dx=-6.66, dy=-16.49
2026-05-31T05:08:19.3980|INFO|DitherStatisticsVM.cs|OnPHD2GuidingDithered|752|🎯 DITHER START detected via GuidingDithered! dx=-6.66, dy=-16.49
2026-05-31T05:08:19.3980|INFO|DitherStatisticsVM.cs|OnPHD2GuidingDithered|762|✅ Dither START recorded with pixel shift: (-6.66, -16.49)
2026-05-31T05:08:19.3981|INFO|PHD2Client.cs|StartDitherDataCollection|576|PHD2Client: Started dither data collection for 30 seconds (series #8)
2026-05-31T05:08:19.8256|INFO|StarfrontClient.cs|SendImageFile|249|[Rockwood] sent 2026-05-31_04-58-12_sh2-126 Panel 8 - NB_LIGHT_H_-5.00C_G100-Exp-600.00s_MAXRMS-D0.69-R0.78_M-106.94_RMS-0.33_HFR-1.69_F-0033.fits (27KB) object=sh2-126 Panel 8 - NB exptime=600s filter=H
2026-05-31T05:08:22.6810|WARNING|TsPreviewClient.cs|FetchPreviewAsync|161|[Subframes] TsPreviewClient.FetchPreviewAsync failed for profile '533M-AT60' (0173997c-4bfa-48fd-9337-a48b6df99c38): TaskCanceledException: The request was canceled due to the configured HttpClient.Timeout of 5 seconds elapsing.
2026-05-31T05:08:35.5361|INFO|SyncEngine.cs|SyncPendingFramesAsync|142|[Subframes] SyncEngine: synced 1 frames for session 470187b8-716c-4f60-bb85-9fd78307165c (accepted=1)
2026-05-31T05:08:49.3982|INFO|PHD2Client.cs|OnDitherCollectionComplete|657|PHD2Client: Dither data collection complete (timer). Collected 8 points.
2026-05-31T05:08:49.4035|INFO|PHD2Client.cs|WriteDitherAnalysisFile|738|PHD2Client: Dither analysis file written with 77 data points: 20260531_043640_dither_analysis.txt
2026-05-31T05:08:49.4085|INFO|PHD2Client.cs|WritePositivePeriodsFile|932|PHD2Client: Positive periods analysis written with 21 total periods across 3 multipliers: 20260531_043640_positive_periods.txt
2026-05-31T05:08:49.4087|INFO|PHD2Client.cs|AnalyzePositivePeriods|868|PHD2Client: Positive period analysis complete. firstPeriodPerSeries counts: 1.5σ=2, 2.0σ=2, 3.0σ=0
2026-05-31T05:08:49.4089|INFO|PHD2Client.cs|CalculateRecommendation|954|PHD2Client: Calculating recommendation from 8 dither series, RMS=0.1567, StdDev=0.1026
2026-05-31T05:08:49.4092|INFO|PHD2Client.cs|EstimateMinSettleTimeFallback|1102|PHD2Client: MinSettleTime estimated using fallback (first point below threshold)
2026-05-31T05:08:49.4093|INFO|PHD2Client.cs|CalculateRecommendation|987|PHD2Client: Dither recommendation calculated - Events: 8, SettlePixel: Q=0.31 B=0.36 P=0.46, MinSettle: Q=10.0s B=4.0s P=4.0s
2026-05-31T05:08:49.4096|INFO|DitherStatisticsVM.cs|OnDitherRecommendationUpdated|500|Dither recommendation updated on UI thread - Events: 8
2026-05-31T05:08:49.4098|INFO|PHD2Client.cs|RunAnalysisAndRecommendation|638|PHD2Client: RunAnalysisAndRecommendation completed - 77 points, 8 series
2026-05-31T05:09:06.9384|INFO|PHD2Client.cs|HandleSettleDone|343|PHD2Client: SettleDone - Status=0, Success=True, TotalFrames=16, DroppedFrames=0
2026-05-31T05:09:06.9385|INFO|DitherStatisticsVM.cs|OnPHD2SettleDone|794|✅ DITHER END - Success=True, SettleTime=47.54s, TotalFrames=16, DroppedFrames=0
2026-05-31T05:09:06.9443|INFO|DitherStatisticsVM.cs|UpdateQualityMetrics|865|Quality metrics updated: Score=0.1674, Rating=Poor
2026-05-31T05:09:07.4450|INFO|SequenceItem.cs|Run|254|Finishing Category: , Item: Dither
2026-05-31T05:09:07.4457|INFO|MeridianFlipTrigger.cs|ShouldTrigger|265|Meridian Flip - There is still time remaining - max remaining time 02:19:57.7986103, next instruction time 0, next instruction NINA.Plugin.TargetScheduler.Sequencer.PlanSchedulerProgress - and the telescope reports expected pier side pierWest. Automated Flip is not necessary.
2026-05-31T05:09:07.4459|INFO|SequenceItem.cs|Run|208|Starting NINA.Plugin.TargetScheduler.Sequencer.PlanSchedulerProgress
2026-05-31T05:09:07.4461|INFO|SequenceItem.cs|Run|254|Finishing NINA.Plugin.TargetScheduler.Sequencer.PlanSchedulerProgress
2026-05-31T05:09:07.4464|INFO|MeridianFlipTrigger.cs|ShouldTrigger|265|Meridian Flip - There is still time remaining - max remaining time 02:19:57.7986103, next instruction time 0, next instruction Category: Scheduler, Item: SwitchFilter, Filter: H - and the telescope reports expected pier side pierWest. Automated Flip is not necessary.
2026-05-31T05:09:07.4466|INFO|SequenceItem.cs|Run|208|Starting Category: Scheduler, Item: SwitchFilter, Filter: H
2026-05-31T05:09:07.4482|INFO|SequenceItem.cs|Run|254|Finishing Category: Scheduler, Item: SwitchFilter, Filter: H
2026-05-31T05:09:07.4487|INFO|MeridianFlipTrigger.cs|ShouldTrigger|265|Meridian Flip - There is still time remaining - max remaining time 02:19:57.7986103, next instruction time 0, next instruction NINA.Plugin.TargetScheduler.Sequencer.PlanSchedulerProgress - and the telescope reports expected pier side pierWest. Automated Flip is not necessary.
2026-05-31T05:09:07.4488|INFO|SequenceItem.cs|Run|208|Starting NINA.Plugin.TargetScheduler.Sequencer.PlanSchedulerProgress
2026-05-31T05:09:07.4489|INFO|SequenceItem.cs|Run|254|Finishing NINA.Plugin.TargetScheduler.Sequencer.PlanSchedulerProgress
2026-05-31T05:09:07.4493|INFO|MeridianFlipTrigger.cs|ShouldTrigger|265|Meridian Flip - There is still time remaining - max remaining time 02:19:57.7986103, next instruction time 0, next instruction Category: Scheduler, Item: SetReadoutMode, Mode: 0 - and the telescope reports expected pier side pierWest. Automated Flip is not necessary.
2026-05-31T05:09:07.4494|INFO|SequenceItem.cs|Run|208|Starting Category: Scheduler, Item: SetReadoutMode, Mode: 0
2026-05-31T05:09:07.4496|INFO|SequenceItem.cs|Run|254|Finishing Category: Scheduler, Item: SetReadoutMode, Mode: 0
2026-05-31T05:09:07.4500|INFO|MeridianFlipTrigger.cs|ShouldTrigger|265|Meridian Flip - There is still time remaining - max remaining time 02:19:57.7986103, next instruction time 0, next instruction NINA.Plugin.TargetScheduler.Sequencer.PlanSchedulerProgress - and the telescope reports expected pier side pierWest. Automated Flip is not necessary.
2026-05-31T05:09:07.4501|INFO|SequenceItem.cs|Run|208|Starting NINA.Plugin.TargetScheduler.Sequencer.PlanSchedulerProgress
2026-05-31T05:09:07.4512|INFO|SequenceItem.cs|Run|254|Finishing NINA.Plugin.TargetScheduler.Sequencer.PlanSchedulerProgress
2026-05-31T05:09:07.4518|INFO|MeridianFlipTrigger.cs|ShouldTrigger|265|Meridian Flip - There is still time remaining - max remaining time 02:19:57.7986103, next instruction time 600, next instruction Category: Scheduler, Item: TakeExposure, ExposureTime 600, Gain 100, Offset 50, ImageType LIGHT, Binning 1x1 - and the telescope reports expected pier side pierWest. Automated Flip is not necessary.
2026-05-31T05:09:07.4519|INFO|DIYTrigger.cs|ShouldTrigger|109|DIY Trigger Restore Guiding ShouldTrigger returning true
2026-05-31T05:09:07.4520|INFO|SequenceTrigger.cs|Run|114|Starting Category: Powerups (Misc), Item: DIYTrigger
2026-05-31T05:09:07.4568|INFO|DIYTrigger.cs|Execute|95|DIY Trigger executing...
2026-05-31T05:09:07.4571|INFO|SequenceItem.cs|Run|208|Starting Category: * Instruction Set *, Container: NINA.Sequencer.Container.SequentialContainer, Strategy: SequentialStrategy, Items[CREATED]: 1, Triggers: Trigger: RestoreGuiding
2026-05-31T05:09:07.4578|INFO|MeridianFlipTrigger.cs|ShouldTrigger|265|Meridian Flip - There is still time remaining - max remaining time 02:19:57.7986103, next instruction time 0, next instruction Category: Powerups (Expressions), Item: IfFailed - and the telescope reports expected pier side pierWest. Automated Flip is not necessary.
2026-05-31T05:09:07.4579|INFO|SequenceItem.cs|Run|208|Starting Category: Powerups (Expressions), Item: IfFailed
2026-05-31T05:09:07.4580|INFO|SequenceItem.cs|Run|208|Starting Category: Guider, Item: StartGuiding
2026-05-31T05:09:07.4663|INFO|PHD2Guider.cs|StartGuidingPrivate|504|Phd2 - App is already guiding. Skipping start guiding
2026-05-31T05:09:07.4667|INFO|SequenceItem.cs|Run|254|Finishing Category: Guider, Item: StartGuiding
2026-05-31T05:09:07.4668|INFO|SequenceItem.cs|Run|254|Finishing Category: Powerups (Expressions), Item: IfFailed
2026-05-31T05:09:07.4671|INFO|SequenceItem.cs|Run|254|Finishing Category: * Instruction Set *, Container: NINA.Sequencer.Container.SequentialContainer, Strategy: SequentialStrategy, Items[FINISHED]: 1, Triggers: Trigger: RestoreGuiding
2026-05-31T05:09:07.4913|INFO|SequenceItem.cs|Run|208|Starting Category: Scheduler, Item: TakeExposure, ExposureTime 600, Gain 100, Offset 50, ImageType LIGHT, Binning 1x1
2026-05-31T05:09:07.4963|INFO|CameraVM.cs|Capture|742|Starting Exposure - Exposure Time: 600s; Filter: ; Gain: 100; Offset 50; Binning: 1x1;
2026-05-31T05:10:38.5918|INFO|TsProgressReader.cs|ReadProgressDelta|75|[Subframes] TS progress delta: DB not found at C:\Users\nicka\AppData\Local\NINA\SchedulerPlugin — Target Scheduler not installed or DB path mismatch.
2026-05-31T05:15:38.5930|INFO|TsProgressReader.cs|ReadProgressDelta|75|[Subframes] TS progress delta: DB not found at C:\Users\nicka\AppData\Local\NINA\SchedulerPlugin — Target Scheduler not installed or DB path mismatch.
2026-05-31T05:19:09.4393|INFO|SequenceItem.cs|Run|254|Finishing Category: Scheduler, Item: TakeExposure, ExposureTime 600, Gain 100, Offset 50, ImageType LIGHT, Binning 1x1
2026-05-31T05:19:09.4395|INFO|ImageSolver.cs|Solve|41|Platesolving with parameters: FocalLength: 360 PixelSize: 3.76 SearchRadius: 30 BlindFailoverEnabled: True Regions: 5000 DownSampleFactor: 0 MaxObjects: 500 Reference Coordinates RA: 22:29:01 Dec: 39° 32' 24" Epoch: J2000
2026-05-31T05:19:09.4396|INFO|MeridianFlipTrigger.cs|ShouldTrigger|265|Meridian Flip - There is still time remaining - max remaining time 02:09:54.1946398, next instruction time 0, next instruction NINA.Plugin.TargetScheduler.Sequencer.PlanSchedulerProgress - and the telescope reports expected pier side pierWest. Automated Flip is not necessary.
2026-05-31T05:19:09.4397|INFO|SequenceItem.cs|Run|208|Starting NINA.Plugin.TargetScheduler.Sequencer.PlanSchedulerProgress
2026-05-31T05:19:09.4398|INFO|SequenceItem.cs|Run|254|Finishing NINA.Plugin.TargetScheduler.Sequencer.PlanSchedulerProgress
2026-05-31T05:19:09.7632|INFO|BaseImageData.cs|SaveToDisk|346|Saved image to C:\Users\nicka\AppData\Local\NINA\PlateSolver\vzy2ysvy.qrl.fits
2026-05-31T05:19:11.1231|INFO|ImageSolver.cs|Solve|54|Platesolve successful: Coordinates: RA: 22:28:51; Dec: 39° 33' 16"; Epoch: J2000 - Position Angle: 95.5275913206844
2026-05-31T05:19:11.1234|INFO|CenterAfterDriftTrigger.cs|PlatesolvingImageFollower_PropertyChanged|189|Drift: 2.2700748809698585 / 1 arc minutes
2026-05-31T05:19:11.4485|INFO|HocusFocusStarDetection.cs|Detect|413|Average HFR: 1.7078134482474185, HFR MAD: 0.14779509661328388, Detected Stars 801, Region: 0
2026-05-31T05:19:12.1803|INFO|BaseImageData.cs|SaveToDisk|346|Saved image to C:\ASTROIMAGES\NINA\2026-05-30\sh2-126 Panel 8 - NB\LIGHT\H\2026-05-31_05-09-07_sh2-126 Panel 8 - NB_LIGHT_H_-5.00C_G100-Exp-600.00s_MAXRMS-D0.66-R1.01_M-106.89_RMS-0.33_HFR-1.71_F-0034.fits
2026-05-31T05:19:12.1804|INFO|ImageSaveController.cs|DoWork|97|Successfully saved file at C:\ASTROIMAGES\NINA\2026-05-30\sh2-126 Panel 8 - NB\LIGHT\H\2026-05-31_05-09-07_sh2-126 Panel 8 - NB_LIGHT_H_-5.00C_G100-Exp-600.00s_MAXRMS-D0.66-R1.01_M-106.89_RMS-0.33_HFR-1.71_F-0034.fits. Duration Total: 00:00:02.7410932; BeforeSave: 00:00:00.0001211; BeforeFinalizeImageSaved: 00:00:02.3846964; FinalizeSaveTime: 00:00:00.3562749
2026-05-31T05:19:12.8300|WARNING|SessionMetaDataWatcher.cs|WriteAcquisitionMetaData|73|acquisition file already exists, will not overwrite: C:\ASTROIMAGES\NINA\2026-05-30\sh2-126 Panel 8 - NB\LIGHT\H\metadata\AcquisitionDetails.csv
2026-05-31T05:19:12.8302|WARNING|SessionMetaDataWatcher.cs|WriteAcquisitionMetaData|93|acquisition file already exists, will not overwrite: C:\ASTROIMAGES\NINA\2026-05-30\sh2-126 Panel 8 - NB\LIGHT\H\metadata\AcquisitionDetails.json
2026-05-31T05:19:12.8304|INFO|SessionMetaDataWatcher.cs|WriteImageMetaData|105|Writing CSV image metadata: C:\ASTROIMAGES\NINA\2026-05-30\sh2-126 Panel 8 - NB\LIGHT\H\metadata\ImageMetaData.csv
2026-05-31T05:19:12.8883|INFO|SessionMetaDataWatcher.cs|WriteImageMetaData|122|Writing JSON image metadata: C:\ASTROIMAGES\NINA\2026-05-30\sh2-126 Panel 8 - NB\LIGHT\H\metadata\ImageMetaData.json
2026-05-31T05:19:12.8903|INFO|SessionMetaDataWatcher.cs|WriteWeatherMetaData|169|Writing CSV weather metadata: C:\ASTROIMAGES\NINA\2026-05-30\sh2-126 Panel 8 - NB\LIGHT\H\metadata\WeatherData.csv
2026-05-31T05:19:12.9105|INFO|SessionMetaDataWatcher.cs|WriteWeatherMetaData|186|Writing JSON weather metadata: C:\ASTROIMAGES\NINA\2026-05-30\sh2-126 Panel 8 - NB\LIGHT\H\metadata\WeatherData.json
2026-05-31T05:19:12.9118|INFO|SessionService.cs|OnTargetDetectedAsync|663|[Subframes] Target detected: 'sh2-126 Panel 8 - NB' (was 'sh2-126 Panel 8 - NB')
2026-05-31T05:19:12.9695|INFO|SubframesClient.cs|StartTargetAsync|316|[Subframes] Target started:  name='sh2-126 Panel 8 - NB'
2026-05-31T05:19:12.9696|WARNING|SessionService.cs|StartTargetAsync|559|[Subframes] StartTarget failed — cached locally as b5ba6cc1-7bcb-469c-b21d-0371f7960025 for replay.
2026-05-31T05:19:13.5528|INFO|MeridianFlipTrigger.cs|ShouldTrigger|265|Meridian Flip - There is still time remaining - max remaining time 02:09:50.1454883, next instruction time 0, next instruction Category: Powerups (Fun-ctions), Item: GSSend - and the telescope reports expected pier side pierWest. Automated Flip is not necessary.
2026-05-31T05:19:13.5530|INFO|SequenceItem.cs|Run|208|Starting Category: Powerups (Fun-ctions), Item: GSSend
2026-05-31T05:19:13.5534|INFO|SendWithGS.cs|ProcessedScript|64|Replacing Image_ExposureTime with 600
2026-05-31T05:19:13.5535|INFO|SendWithGS.cs|ProcessedScript|64|Replacing Image_HFR with 1.708
2026-05-31T05:19:13.5536|INFO|SendWithGS.cs|ProcessedScript|64|Replacing Image_FWHM with 7.14
2026-05-31T05:19:13.5537|INFO|SendWithGS.cs|ProcessedScript|64|Replacing Altitude with 61.97606738779002
2026-05-31T05:19:13.5537|INFO|SendWithGS.cs|Execute|95|Sending to Ground Station: Exp: $$FWHEEL_FILTER_NAME$$ on $$TARGET_NAME$$ EXP: 600 HFR: 1.708 FWHM: 7.14  Altitude: 61.97606738779002 
2026-05-31T05:19:13.5550|INFO|SequenceItem.cs|Run|208|Starting Category: Ground Station, Item: Send to Telegram
2026-05-31T05:19:14.3239|INFO|SequenceItem.cs|Run|254|Finishing Category: Ground Station, Item: Send to Telegram
2026-05-31T05:19:14.3250|INFO|SequenceItem.cs|Run|254|Finishing Category: Powerups (Fun-ctions), Item: GSSend
2026-05-31T05:19:14.3253|INFO|MeridianFlipTrigger.cs|ShouldTrigger|265|Meridian Flip - There is still time remaining - max remaining time 02:09:48.1485093, next instruction time 0, next instruction Category: Powerups (Fun-ctions), Item: GSSend - and the telescope reports expected pier side pierWest. Automated Flip is not necessary.
2026-05-31T05:19:14.3254|INFO|SequenceItem.cs|Run|208|Starting Category: Powerups (Fun-ctions), Item: GSSend
2026-05-31T05:19:14.3257|INFO|SendWithGS.cs|ProcessedScript|64|Replacing Image_ExposureTime with 600
2026-05-31T05:19:14.3258|INFO|SendWithGS.cs|ProcessedScript|64|Replacing Image_HFR with 1.708
2026-05-31T05:19:14.3259|INFO|SendWithGS.cs|ProcessedScript|64|Replacing Image_FWHM with 7.14
2026-05-31T05:19:14.3260|INFO|SendWithGS.cs|ProcessedScript|64|Replacing Altitude with 61.98322743077856
2026-05-31T05:19:14.3260|INFO|SendWithGS.cs|Execute|95|Sending to Ground Station: Exp: $$FWHEEL_FILTER_NAME$$ on $$TARGET_NAME$$ EXP: 600 HFR: 1.708 FWHM: 7.14  Altitude: 61.98322743077856 
2026-05-31T05:19:14.3271|INFO|SequenceItem.cs|Run|208|Starting Category: Ground Station, Item: Send to Pushover, Title: IMAGE: $$TARGET_NAME$$
2026-05-31T05:19:14.4699|INFO|SequenceItem.cs|Run|254|Finishing Category: Ground Station, Item: Send to Pushover, Title: IMAGE: $$TARGET_NAME$$
2026-05-31T05:19:14.4711|INFO|SequenceItem.cs|Run|254|Finishing Category: Powerups (Fun-ctions), Item: GSSend
2026-05-31T05:19:14.6827|INFO|Symbol.cs|OnMessageReceived|627|Received message from Target Scheduler re: TargetScheduler-TargetStart
2026-05-31T05:19:14.6827|INFO|Symbol.cs|OnMessageReceived|635|TS_TargetName = sh2-126 Panel 8 - NB
2026-05-31T05:19:14.6827|INFO|Symbol.cs|OnMessageReceived|636|Expires at 05/31/2026 05:32:40 -05:00
2026-05-31T05:19:14.6828|INFO|Symbol.cs|OnMessageReceived|627|Received message from Target Scheduler re: TargetScheduler-TargetStart
2026-05-31T05:19:14.6828|INFO|Symbol.cs|OnMessageReceived|635|TS_TargetName = sh2-126 Panel 8 - NB
2026-05-31T05:19:14.6828|INFO|Symbol.cs|OnMessageReceived|636|Expires at 05/31/2026 05:32:40 -05:00
2026-05-31T05:19:14.7026|INFO|MeridianFlipTrigger.cs|ShouldTrigger|265|Meridian Flip - There is still time remaining - max remaining time 02:09:48.1485093, next instruction time 0, next instruction NINA.Plugin.TargetScheduler.Sequencer.PlanSchedulerProgress - and the telescope reports expected pier side pierWest. Automated Flip is not necessary.
2026-05-31T05:19:14.7027|INFO|SequenceItem.cs|Run|208|Starting NINA.Plugin.TargetScheduler.Sequencer.PlanSchedulerProgress
2026-05-31T05:19:14.7264|INFO|SequenceItem.cs|Run|254|Finishing NINA.Plugin.TargetScheduler.Sequencer.PlanSchedulerProgress
2026-05-31T05:19:14.7267|INFO|MeridianFlipTrigger.cs|ShouldTrigger|265|Meridian Flip - There is still time remaining - max remaining time 02:09:48.1485093, next instruction time 90, next instruction Category: , Item: Dither - and the telescope reports expected pier side pierWest. Automated Flip is not necessary.
2026-05-31T05:19:14.7268|INFO|SequenceItem.cs|Run|208|Starting Category: , Item: Dither
2026-05-31T05:19:14.7493|INFO|PHD2Client.cs|HandleGuidingDithered|309|PHD2Client: 🎯 GuidingDithered (DITHER START) - dx=-13.89, dy=-4.61
2026-05-31T05:19:14.7494|INFO|DitherStatisticsVM.cs|OnPHD2GuidingDithered|752|🎯 DITHER START detected via GuidingDithered! dx=-13.89, dy=-4.61
2026-05-31T05:19:14.7494|INFO|DitherStatisticsVM.cs|OnPHD2GuidingDithered|762|✅ Dither START recorded with pixel shift: (-13.89, -4.61)
2026-05-31T05:19:14.7495|INFO|PHD2Client.cs|StartDitherDataCollection|576|PHD2Client: Started dither data collection for 30 seconds (series #9)
2026-05-31T05:19:14.9574|INFO|StarfrontClient.cs|SendImageFile|249|[Rockwood] sent 2026-05-31_05-09-07_sh2-126 Panel 8 - NB_LIGHT_H_-5.00C_G100-Exp-600.00s_MAXRMS-D0.66-R1.01_M-106.89_RMS-0.33_HFR-1.71_F-0034.fits (28KB) object=sh2-126 Panel 8 - NB exptime=600s filter=H
2026-05-31T05:19:18.0236|INFO|TsPreviewClient.cs|LookupCoordinatesByName|179|[Subframes] TsPreviewClient.LookupCoordinatesByName: TS database not found at C:\Users\nicka\AppData\Local\NINA\SchedulerPlugin
2026-05-31T05:19:18.0238|INFO|Plugin.cs|TrySendStationHeartbeatDebounced|971|[Subframes] Firing station heartbeat [image-saved preview update].
2026-05-31T05:19:18.0240|INFO|TsProgressReader.cs|ReadProgressDelta|75|[Subframes] TS progress delta: DB not found at C:\Users\nicka\AppData\Local\NINA\SchedulerPlugin — Target Scheduler not installed or DB path mismatch.
2026-05-31T05:19:35.5343|INFO|SyncEngine.cs|SyncPendingFramesAsync|142|[Subframes] SyncEngine: synced 1 frames for session 470187b8-716c-4f60-bb85-9fd78307165c (accepted=1)
2026-05-31T05:19:44.7487|INFO|PHD2Client.cs|OnDitherCollectionComplete|657|PHD2Client: Dither data collection complete (timer). Collected 9 points.
2026-05-31T05:19:44.7516|INFO|PHD2Client.cs|WriteDitherAnalysisFile|738|PHD2Client: Dither analysis file written with 86 data points: 20260531_043640_dither_analysis.txt
2026-05-31T05:19:44.7537|INFO|PHD2Client.cs|WritePositivePeriodsFile|932|PHD2Client: Positive periods analysis written with 24 total periods across 3 multipliers: 20260531_043640_positive_periods.txt
2026-05-31T05:19:44.7538|INFO|PHD2Client.cs|AnalyzePositivePeriods|868|PHD2Client: Positive period analysis complete. firstPeriodPerSeries counts: 1.5σ=3, 2.0σ=3, 3.0σ=1
2026-05-31T05:19:44.7539|INFO|PHD2Client.cs|CalculateRecommendation|954|PHD2Client: Calculating recommendation from 9 dither series, RMS=0.1453, StdDev=0.0936
2026-05-31T05:19:44.7541|INFO|PHD2Client.cs|CalculateRecommendation|987|PHD2Client: Dither recommendation calculated - Events: 9, SettlePixel: Q=0.29 B=0.33 P=0.43, MinSettle: Q=14.0s B=6.0s P=4.0s
2026-05-31T05:19:44.7543|INFO|DitherStatisticsVM.cs|OnDitherRecommendationUpdated|500|Dither recommendation updated on UI thread - Events: 9
2026-05-31T05:19:44.7544|INFO|PHD2Client.cs|RunAnalysisAndRecommendation|638|PHD2Client: RunAnalysisAndRecommendation completed - 86 points, 9 series
2026-05-31T05:19:57.8957|INFO|PHD2Client.cs|HandleSettleDone|343|PHD2Client: SettleDone - Status=0, Success=True, TotalFrames=15, DroppedFrames=0
2026-05-31T05:19:57.8960|INFO|DitherStatisticsVM.cs|OnPHD2SettleDone|794|✅ DITHER END - Success=True, SettleTime=43.15s, TotalFrames=15, DroppedFrames=0
2026-05-31T05:19:57.9015|INFO|DitherStatisticsVM.cs|UpdateQualityMetrics|865|Quality metrics updated: Score=0.2717, Rating=Poor
2026-05-31T05:19:58.3164|INFO|SequenceItem.cs|Run|254|Finishing Category: , Item: Dither
2026-05-31T05:19:58.3171|INFO|MeridianFlipTrigger.cs|ShouldTrigger|265|Meridian Flip - There is still time remaining - max remaining time 02:09:00.3975872, next instruction time 0, next instruction NINA.Plugin.TargetScheduler.Sequencer.PlanSchedulerProgress - and the telescope reports expected pier side pierWest. Automated Flip is not necessary.
2026-05-31T05:19:58.3174|INFO|SequenceItem.cs|Run|208|Starting NINA.Plugin.TargetScheduler.Sequencer.PlanSchedulerProgress
2026-05-31T05:19:58.3175|INFO|SequenceItem.cs|Run|254|Finishing NINA.Plugin.TargetScheduler.Sequencer.PlanSchedulerProgress
2026-05-31T05:19:58.3179|INFO|MeridianFlipTrigger.cs|ShouldTrigger|265|Meridian Flip - There is still time remaining - max remaining time 02:09:00.3975872, next instruction time 0, next instruction Category: Scheduler, Item: SwitchFilter, Filter: H - and the telescope reports expected pier side pierWest. Automated Flip is not necessary.
2026-05-31T05:19:58.3181|INFO|SequenceItem.cs|Run|208|Starting Category: Scheduler, Item: SwitchFilter, Filter: H
2026-05-31T05:19:58.3197|INFO|SequenceItem.cs|Run|254|Finishing Category: Scheduler, Item: SwitchFilter, Filter: H
2026-05-31T05:19:58.3203|INFO|MeridianFlipTrigger.cs|ShouldTrigger|265|Meridian Flip - There is still time remaining - max remaining time 02:09:00.3975872, next instruction time 0, next instruction NINA.Plugin.TargetScheduler.Sequencer.PlanSchedulerProgress - and the telescope reports expected pier side pierWest. Automated Flip is not necessary.
2026-05-31T05:19:58.3204|INFO|SequenceItem.cs|Run|208|Starting NINA.Plugin.TargetScheduler.Sequencer.PlanSchedulerProgress
2026-05-31T05:19:58.3205|INFO|SequenceItem.cs|Run|254|Finishing NINA.Plugin.TargetScheduler.Sequencer.PlanSchedulerProgress
2026-05-31T05:19:58.3209|INFO|MeridianFlipTrigger.cs|ShouldTrigger|265|Meridian Flip - There is still time remaining - max remaining time 02:09:00.3975872, next instruction time 0, next instruction Category: Scheduler, Item: SetReadoutMode, Mode: 0 - and the telescope reports expected pier side pierWest. Automated Flip is not necessary.
2026-05-31T05:19:58.3210|INFO|SequenceItem.cs|Run|208|Starting Category: Scheduler, Item: SetReadoutMode, Mode: 0
2026-05-31T05:19:58.3212|INFO|SequenceItem.cs|Run|254|Finishing Category: Scheduler, Item: SetReadoutMode, Mode: 0
2026-05-31T05:19:58.3216|INFO|MeridianFlipTrigger.cs|ShouldTrigger|265|Meridian Flip - There is still time remaining - max remaining time 02:09:00.3975872, next instruction time 0, next instruction NINA.Plugin.TargetScheduler.Sequencer.PlanSchedulerProgress - and the telescope reports expected pier side pierWest. Automated Flip is not necessary.
2026-05-31T05:19:58.3217|INFO|SequenceItem.cs|Run|208|Starting NINA.Plugin.TargetScheduler.Sequencer.PlanSchedulerProgress
2026-05-31T05:19:58.3229|INFO|SequenceItem.cs|Run|254|Finishing NINA.Plugin.TargetScheduler.Sequencer.PlanSchedulerProgress
2026-05-31T05:19:58.3233|INFO|CenterAfterDriftTrigger.cs|ShouldTrigger|214|Drift exceeded threshold: 2.2700748809698585 / 1 arc minutes
2026-05-31T05:19:58.3235|INFO|SequenceTrigger.cs|Run|114|Starting Trigger: CenterAfterDriftTrigger, DistanceArcMinutes: 1
2026-05-31T05:20:00.0698|INFO|PHD2Client.cs|ProcessEvent|268|PHD2: ConfigurationChange
2026-05-31T05:20:00.0775|WARNING|PHD2Client.cs|ProcessEvent|252|PHD2: LockPositionLost
2026-05-31T05:20:00.1684|INFO|PHD2Client.cs|QueryExposureTime|1216|PHD2Client: Exposure time from PHD2 API: 2.000 seconds (2000 ms)
2026-05-31T05:20:00.4986|INFO|TelescopeVM.cs|SlewAsyncInternal|910|Slewing from RA: 22:30:07; Dec: 39° 40' 00"; Epoch: JNOW to RA: 22:30:13; Dec: 39° 40' 41"; Epoch: JNOW - Alt: 62° 08' 43"; Az: 63° 47' 03"
2026-05-31T05:20:08.6436|INFO|FilterWheelVM.cs|ChangeFilter|112|Moving to Filter L at Position 0
2026-05-31T05:20:08.7225|INFO|FocuserVM.cs|MoveFocuserInternal|216|Moving Focuser to position 387312
2026-05-31T05:20:16.7556|INFO|CameraVM.cs|Capture|742|Starting Exposure - Exposure Time: 2s; Filter: L; Gain: 275; Offset 50; Binning: 1x1;
2026-05-31T05:20:21.0470|INFO|ImageSolver.cs|Solve|41|Platesolving with parameters: FocalLength: 360 PixelSize: 3.76 SearchRadius: 30 BlindFailoverEnabled: True Regions: 5000 DownSampleFactor: 0 MaxObjects: 500 Reference Coordinates RA: 22:29:03 Dec: 39° 32' 48" Epoch: J2000
2026-05-31T05:20:21.3552|INFO|BaseImageData.cs|SaveToDisk|346|Saved image to C:\Users\nicka\AppData\Local\NINA\PlateSolver\uetppfad.ta5.fits
2026-05-31T05:20:22.2115|INFO|ImageSolver.cs|Solve|54|Platesolve successful: Coordinates: RA: 22:28:54; Dec: 39° 33' 37"; Epoch: J2000 - Position Angle: 95.52211861618923
2026-05-31T05:20:22.2126|INFO|CenteringSolver.cs|Center|99|Centering Solver - Scope Position: RA: 22:30:13; Dec: 39° 40' 41"; Epoch: JNOW; Offset: RA: 00:00:00; Dec: 00° 00' 00"; Distance: 00° 00' 00"; Bearing: 00° 00' 00"; Centering Coordinates: RA: 22:30:13; Dec: 39° 40' 41"; Epoch: JNOW; Solved: RA: 22:30:04; Dec: 39° 41' 30"; Epoch: JNOW; Separation RA: 00:00:09; Dec: -00° 00' 49"; Distance: 00° 01' 57"; Bearing: 65° 25' 53"; Threshold: 2
2026-05-31T05:20:22.2127|INFO|CenteringSolver.cs|Center|165|Restoring filter to H after centering
2026-05-31T05:20:22.2136|INFO|FilterWheelVM.cs|ChangeFilter|112|Moving to Filter H at Position 5
2026-05-31T05:20:22.4171|INFO|FocuserVM.cs|MoveFocuserInternal|216|Moving Focuser to position 387334
2026-05-31T05:20:26.7712|INFO|PHD2Guider.cs|TryStartGuideCommand|641|Phd2 - Requesting to start guiding. Recalibrate: False
2026-05-31T05:20:33.9575|INFO|PHD2Client.cs|ProcessEvent|261|PHD2: StartGuiding
2026-05-31T05:20:33.9576|INFO|PHD2Client.cs|StartNewGuidingSession|393|PHD2Client: New guiding session started
2026-05-31T05:20:33.9671|INFO|PHD2Client.cs|QueryExposureTime|1216|PHD2Client: Exposure time from PHD2 API: 2.000 seconds (2000 ms)
2026-05-31T05:20:38.5927|INFO|TsProgressReader.cs|ReadProgressDelta|75|[Subframes] TS progress delta: DB not found at C:\Users\nicka\AppData\Local\NINA\SchedulerPlugin — Target Scheduler not installed or DB path mismatch.
2026-05-31T05:20:57.3672|INFO|PHD2Client.cs|HandleSettleDone|343|PHD2Client: SettleDone - Status=0, Success=True, TotalFrames=10, DroppedFrames=0
2026-05-31T05:20:57.3673|WARNING|DitherStatisticsVM.cs|OnPHD2SettleDone|772|⚠️ SettleDone received but no currentDither exists (race condition?)
2026-05-31T05:20:57.9534|INFO|MeridianFlipTrigger.cs|ShouldTrigger|265|Meridian Flip - There is still time remaining - max remaining time 02:08:08.5705724, next instruction time 600, next instruction Category: Scheduler, Item: TakeExposure, ExposureTime 600, Gain 100, Offset 50, ImageType LIGHT, Binning 1x1 - and the telescope reports expected pier side pierWest. Automated Flip is not necessary.
2026-05-31T05:20:57.9535|INFO|DIYTrigger.cs|ShouldTrigger|109|DIY Trigger Restore Guiding ShouldTrigger returning true
2026-05-31T05:20:57.9536|INFO|SequenceTrigger.cs|Run|114|Starting Category: Powerups (Misc), Item: DIYTrigger
2026-05-31T05:20:57.9557|INFO|DIYTrigger.cs|Execute|95|DIY Trigger executing...
2026-05-31T05:20:57.9558|INFO|SequenceItem.cs|Run|208|Starting Category: * Instruction Set *, Container: NINA.Sequencer.Container.SequentialContainer, Strategy: SequentialStrategy, Items[CREATED]: 1, Triggers: Trigger: RestoreGuiding
2026-05-31T05:20:57.9561|INFO|MeridianFlipTrigger.cs|ShouldTrigger|265|Meridian Flip - There is still time remaining - max remaining time 02:08:08.5705724, next instruction time 0, next instruction Category: Powerups (Expressions), Item: IfFailed - and the telescope reports expected pier side pierWest. Automated Flip is not necessary.
2026-05-31T05:20:57.9562|INFO|SequenceItem.cs|Run|208|Starting Category: Powerups (Expressions), Item: IfFailed
2026-05-31T05:20:57.9562|INFO|SequenceItem.cs|Run|208|Starting Category: Guider, Item: StartGuiding
2026-05-31T05:20:57.9599|INFO|PHD2Guider.cs|StartGuidingPrivate|504|Phd2 - App is already guiding. Skipping start guiding
2026-05-31T05:20:57.9601|INFO|SequenceItem.cs|Run|254|Finishing Category: Guider, Item: StartGuiding
2026-05-31T05:20:57.9601|INFO|SequenceItem.cs|Run|254|Finishing Category: Powerups (Expressions), Item: IfFailed
2026-05-31T05:20:57.9602|INFO|SequenceItem.cs|Run|254|Finishing Category: * Instruction Set *, Container: NINA.Sequencer.Container.SequentialContainer, Strategy: SequentialStrategy, Items[FINISHED]: 1, Triggers: Trigger: RestoreGuiding
2026-05-31T05:20:57.9628|INFO|SequenceItem.cs|Run|208|Starting Category: Scheduler, Item: TakeExposure, ExposureTime 600, Gain 100, Offset 50, ImageType LIGHT, Binning 1x1
2026-05-31T05:20:57.9677|INFO|CameraVM.cs|Capture|742|Starting Exposure - Exposure Time: 600s; Filter: ; Gain: 100; Offset 50; Binning: 1x1;
2026-05-31T05:25:38.5935|INFO|TsProgressReader.cs|ReadProgressDelta|75|[Subframes] TS progress delta: DB not found at C:\Users\nicka\AppData\Local\NINA\SchedulerPlugin — Target Scheduler not installed or DB path mismatch.
2026-05-31T05:30:38.5947|INFO|TsProgressReader.cs|ReadProgressDelta|75|[Subframes] TS progress delta: DB not found at C:\Users\nicka\AppData\Local\NINA\SchedulerPlugin — Target Scheduler not installed or DB path mismatch.
2026-05-31T05:30:59.8469|INFO|SequenceItem.cs|Run|254|Finishing Category: Scheduler, Item: TakeExposure, ExposureTime 600, Gain 100, Offset 50, ImageType LIGHT, Binning 1x1
2026-05-31T05:30:59.8472|INFO|MeridianFlipTrigger.cs|ShouldTrigger|265|Meridian Flip - There is still time remaining - max remaining time 01:58:04.6408798, next instruction time 0, next instruction NINA.Plugin.TargetScheduler.Sequencer.PlanSchedulerProgress - and the telescope reports expected pier side pierWest. Automated Flip is not necessary.
2026-05-31T05:30:59.8473|INFO|SequenceItem.cs|Run|208|Starting NINA.Plugin.TargetScheduler.Sequencer.PlanSchedulerProgress
2026-05-31T05:30:59.8474|INFO|SequenceItem.cs|Run|254|Finishing NINA.Plugin.TargetScheduler.Sequencer.PlanSchedulerProgress
2026-05-31T05:31:02.0571|INFO|HocusFocusStarDetection.cs|Detect|413|Average HFR: 1.7087807710628713, HFR MAD: 0.1313508614664101, Detected Stars 804, Region: 0
2026-05-31T05:31:02.7731|INFO|BaseImageData.cs|SaveToDisk|346|Saved image to C:\ASTROIMAGES\NINA\2026-05-30\sh2-126 Panel 8 - NB\LIGHT\H\2026-05-31_05-20-58_sh2-126 Panel 8 - NB_LIGHT_H_-5.00C_G100-Exp-600.00s_MAXRMS-D0.75-R1.56_M-106.83_RMS-0.47_HFR-1.71_F-0035.fits
2026-05-31T05:31:02.7732|INFO|ImageSaveController.cs|DoWork|97|Successfully saved file at C:\ASTROIMAGES\NINA\2026-05-30\sh2-126 Panel 8 - NB\LIGHT\H\2026-05-31_05-20-58_sh2-126 Panel 8 - NB_LIGHT_H_-5.00C_G100-Exp-600.00s_MAXRMS-D0.75-R1.56_M-106.83_RMS-0.47_HFR-1.71_F-0035.fits. Duration Total: 00:00:02.9263300; BeforeSave: 00:00:00.0000920; BeforeFinalizeImageSaved: 00:00:02.5642473; FinalizeSaveTime: 00:00:00.3619898
2026-05-31T05:31:03.4650|WARNING|SessionMetaDataWatcher.cs|WriteAcquisitionMetaData|73|acquisition file already exists, will not overwrite: C:\ASTROIMAGES\NINA\2026-05-30\sh2-126 Panel 8 - NB\LIGHT\H\metadata\AcquisitionDetails.csv
2026-05-31T05:31:03.4652|WARNING|SessionMetaDataWatcher.cs|WriteAcquisitionMetaData|93|acquisition file already exists, will not overwrite: C:\ASTROIMAGES\NINA\2026-05-30\sh2-126 Panel 8 - NB\LIGHT\H\metadata\AcquisitionDetails.json
2026-05-31T05:31:03.4655|INFO|SessionMetaDataWatcher.cs|WriteImageMetaData|105|Writing CSV image metadata: C:\ASTROIMAGES\NINA\2026-05-30\sh2-126 Panel 8 - NB\LIGHT\H\metadata\ImageMetaData.csv
2026-05-31T05:31:03.5088|INFO|SessionMetaDataWatcher.cs|WriteImageMetaData|122|Writing JSON image metadata: C:\ASTROIMAGES\NINA\2026-05-30\sh2-126 Panel 8 - NB\LIGHT\H\metadata\ImageMetaData.json
2026-05-31T05:31:03.5111|INFO|SessionMetaDataWatcher.cs|WriteWeatherMetaData|169|Writing CSV weather metadata: C:\ASTROIMAGES\NINA\2026-05-30\sh2-126 Panel 8 - NB\LIGHT\H\metadata\WeatherData.csv
2026-05-31T05:31:03.5288|INFO|SessionMetaDataWatcher.cs|WriteWeatherMetaData|186|Writing JSON weather metadata: C:\ASTROIMAGES\NINA\2026-05-30\sh2-126 Panel 8 - NB\LIGHT\H\metadata\WeatherData.json
2026-05-31T05:31:03.5302|INFO|SessionService.cs|OnTargetDetectedAsync|663|[Subframes] Target detected: 'sh2-126 Panel 8 - NB' (was 'sh2-126 Panel 8 - NB')
2026-05-31T05:31:03.5859|INFO|SubframesClient.cs|StartTargetAsync|316|[Subframes] Target started:  name='sh2-126 Panel 8 - NB'
2026-05-31T05:31:03.5860|WARNING|SessionService.cs|StartTargetAsync|559|[Subframes] StartTarget failed — cached locally as 9d93bfc8-1920-4dea-b91a-6ed622c203c0 for replay.
2026-05-31T05:31:04.0487|INFO|MeridianFlipTrigger.cs|ShouldTrigger|265|Meridian Flip - There is still time remaining - max remaining time 01:58:00.2855989, next instruction time 0, next instruction Category: Powerups (Fun-ctions), Item: GSSend - and the telescope reports expected pier side pierWest. Automated Flip is not necessary.
2026-05-31T05:31:04.0487|INFO|SequenceItem.cs|Run|208|Starting Category: Powerups (Fun-ctions), Item: GSSend
2026-05-31T05:31:04.0490|INFO|SendWithGS.cs|ProcessedScript|64|Replacing Image_ExposureTime with 600
2026-05-31T05:31:04.0491|INFO|SendWithGS.cs|ProcessedScript|64|Replacing Image_HFR with 1.709
2026-05-31T05:31:04.0492|INFO|SendWithGS.cs|ProcessedScript|64|Replacing Image_FWHM with 7.17
2026-05-31T05:31:04.0493|INFO|SendWithGS.cs|ProcessedScript|64|Replacing Altitude with 64.23018753006339
2026-05-31T05:31:04.0494|INFO|SendWithGS.cs|Execute|95|Sending to Ground Station: Exp: $$FWHEEL_FILTER_NAME$$ on $$TARGET_NAME$$ EXP: 600 HFR: 1.709 FWHM: 7.17  Altitude: 64.23018753006339 
2026-05-31T05:31:04.0507|INFO|SequenceItem.cs|Run|208|Starting Category: Ground Station, Item: Send to Telegram
2026-05-31T05:31:04.7188|INFO|SequenceItem.cs|Run|254|Finishing Category: Ground Station, Item: Send to Telegram
2026-05-31T05:31:04.7204|INFO|SequenceItem.cs|Run|254|Finishing Category: Powerups (Fun-ctions), Item: GSSend
2026-05-31T05:31:04.7208|INFO|MeridianFlipTrigger.cs|ShouldTrigger|265|Meridian Flip - There is still time remaining - max remaining time 01:57:58.5543202, next instruction time 0, next instruction Category: Powerups (Fun-ctions), Item: GSSend - and the telescope reports expected pier side pierWest. Automated Flip is not necessary.
2026-05-31T05:31:04.7209|INFO|SequenceItem.cs|Run|208|Starting Category: Powerups (Fun-ctions), Item: GSSend
2026-05-31T05:31:04.7212|INFO|SendWithGS.cs|ProcessedScript|64|Replacing Image_ExposureTime with 600
2026-05-31T05:31:04.7213|INFO|SendWithGS.cs|ProcessedScript|64|Replacing Image_HFR with 1.709
2026-05-31T05:31:04.7214|INFO|SendWithGS.cs|ProcessedScript|64|Replacing Image_FWHM with 7.17
2026-05-31T05:31:04.7215|INFO|SendWithGS.cs|ProcessedScript|64|Replacing Altitude with 64.24482015385617
2026-05-31T05:31:04.7215|INFO|SendWithGS.cs|Execute|95|Sending to Ground Station: Exp: $$FWHEEL_FILTER_NAME$$ on $$TARGET_NAME$$ EXP: 600 HFR: 1.709 FWHM: 7.17  Altitude: 64.24482015385617 
2026-05-31T05:31:04.7229|INFO|SequenceItem.cs|Run|208|Starting Category: Ground Station, Item: Send to Pushover, Title: IMAGE: $$TARGET_NAME$$
2026-05-31T05:31:04.9214|INFO|SequenceItem.cs|Run|254|Finishing Category: Ground Station, Item: Send to Pushover, Title: IMAGE: $$TARGET_NAME$$
2026-05-31T05:31:04.9227|INFO|SequenceItem.cs|Run|254|Finishing Category: Powerups (Fun-ctions), Item: GSSend
2026-05-31T05:31:05.1405|INFO|MeridianFlipTrigger.cs|ShouldTrigger|265|Meridian Flip - There is still time remaining - max remaining time 01:57:58.5543202, next instruction time 0, next instruction [SubframesEndTarget] - and the telescope reports expected pier side pierWest. Automated Flip is not necessary.
2026-05-31T05:31:05.1405|INFO|SequenceItem.cs|Run|208|Starting [SubframesEndTarget]
2026-05-31T05:31:05.1406|INFO|SequenceItem.cs|Run|254|Finishing [SubframesEndTarget]
2026-05-31T05:31:05.1420|INFO|SequenceItem.cs|Run|254|Finishing Category: Target Scheduler, Container: NINA.Plugin.TargetScheduler.Sequencer.TargetSchedulerContainer, Strategy: SequentialStrategy, Target:  RA: 00:00:00; Dec: 00° 00' 00"; Epoch: J2000 0
2026-05-31T05:31:05.3845|INFO|WhenCommon.cs|SequenceBlockTeardown|198|Teardown; shutting down watchdog
2026-05-31T05:31:05.3848|INFO|SequenceItem.cs|Run|254|Finishing Category: * Instruction Set *, Container: NINA.Sequencer.Container.SequentialContainer, Strategy: SequentialStrategy, Items[FINISHED]: 12, Conditions: Condition: TimeCondition, Time: 6:5:55h, Condition: TargetSchedulerCondition mode=While Targets Remain Tonight, , Triggers: Trigger: CenterAfterDriftTrigger, DistanceArcMinutes: 1Trigger: WhenUnsafeCategory: Ground Station, Item: Failures to TelegramCategory: Connect, Item: ReconnectOnDownloadFailureTrigger: AutofocusAfterHFRIncreaseTrigger, Amount: 5Trigger: MeridianFlipTriggerCategory: Powerups (Misc), Item: DIYTriggerCategory: Ground Station, Item: Failures to PushoverTrigger: AutofocusAfterTemperatureChangeTrigger, Amount: 1.5°
2026-05-31T05:31:05.3849|INFO|SequenceItem.cs|Run|254|Finishing Category: * Instruction Set *, Container: NINA.Sequencer.Container.TargetAreaContainer, Strategy: SequentialStrategy, Items[FINISHED]: 1
2026-05-31T05:31:05.3854|INFO|SequenceItem.cs|Run|208|Starting Category: * Instruction Set *, Container: NINA.Sequencer.Container.EndAreaContainer, Strategy: SequentialStrategy, Items[CREATED]: 9
2026-05-31T05:31:05.3861|INFO|SequenceItem.cs|Run|208|Starting Category: Telescope, Item: FindHome
2026-05-31T05:31:05.5539|INFO|SyncEngine.cs|SyncPendingFramesAsync|142|[Subframes] SyncEngine: synced 1 frames for session 470187b8-716c-4f60-bb85-9fd78307165c (accepted=1)
2026-05-31T05:31:05.5552|INFO|StarfrontClient.cs|SendImageFile|249|[Rockwood] sent 2026-05-31_05-20-58_sh2-126 Panel 8 - NB_LIGHT_H_-5.00C_G100-Exp-600.00s_MAXRMS-D0.75-R1.56_M-106.83_RMS-0.47_HFR-1.71_F-0035.fits (28KB) object=sh2-126 Panel 8 - NB exptime=600s filter=H
2026-05-31T05:31:07.4486|INFO|PHD2Client.cs|ProcessEvent|268|PHD2: ConfigurationChange
2026-05-31T05:31:07.4561|WARNING|PHD2Client.cs|ProcessEvent|252|PHD2: LockPositionLost
2026-05-31T05:31:07.5429|INFO|PHD2Client.cs|QueryExposureTime|1216|PHD2Client: Exposure time from PHD2 API: 2.000 seconds (2000 ms)
2026-05-31T05:31:08.4302|INFO|TelescopeVM.cs|FindHome|292|Mount ordered to locate home position
2026-05-31T05:31:08.7224|WARNING|TsPreviewClient.cs|FetchPreviewAsync|161|[Subframes] TsPreviewClient.FetchPreviewAsync failed for profile '533M-AT60' (0173997c-4bfa-48fd-9337-a48b6df99c38): TaskCanceledException: The request was canceled due to the configured HttpClient.Timeout of 5 seconds elapsing.
2026-05-31T05:31:32.1928|INFO|TelescopeVM.cs|FindHome|348|Mount has located its home position
2026-05-31T05:31:32.1931|INFO|SequenceItem.cs|Run|254|Finishing Category: Telescope, Item: FindHome
2026-05-31T05:31:32.1940|INFO|SequenceItem.cs|Run|208|Starting Night Summary - End Session
2026-05-31T05:31:32.1960|INFO|NightSummaryEndInstruction.cs|Execute|28|NightSummary: End Session instruction executing
2026-05-31T05:31:47.2156|INFO|SessionService.cs|CaptureEquipmentNames|1112|NightSummary: Equipment captured — Camera=ZWO ASI533MM Pro, Telescope=AT60, Mount=iOptron CEM120,70,40,26, GEM, HEM, HAE, HAZ series and SkyHunter Mount, FilterWheel=ZWO FilterWheel, Focuser=ZWO Focuser, Rotator=n/a, Guider=PHD2
2026-05-31T05:31:47.2394|INFO|SessionCollector.cs|EndSession|134|NightSummary: Session ended. SessionId=ea8840c1-43b5-46ee-b2ba-1b8ffdc91851
2026-05-31T05:31:47.2471|WARNING|LiveStackCapture.cs|StopAndCollect|128|NightSummary: LiveStackCapture collected 0 images — Live Stack plugin may not be installed or no stacks were broadcast during the session
2026-05-31T05:31:47.3617|INFO|SessionService.cs|SyncTsGrading|1021|NightSummary: Synced TS grading for 36/36 images
2026-05-31T05:31:47.3690|INFO|SessionService.cs|EndSession|217|NightSummary: EndSession — parsing logs for session ea8840c1-43b5-46ee-b2ba-1b8ffdc91851 (start=2026-05-30T23:03:25.6879890-05:00, end=2026-05-31T05:31:47.2199092-05:00, images=36)
2026-05-31T05:31:47.4425|INFO|NinaLogParser.cs|ParseFile|445|NightSummary: LogParser — parsed 134 timing events from C:\Users\nicka\AppData\Local\NINA\Logs\20260530-184936-3.2.0.9001.13004-202605.log
2026-05-31T05:31:47.4438|INFO|NinaLogParser.cs|ParseFile|450|NightSummary: LogParser — 349 SequenceItem starts, 36 exposures, 36 saves, 6 plate solves
2026-05-31T05:31:47.4477|INFO|NinaLogParser.cs|ParseFile|461|NightSummary: LogParser — overhead categories: Autofocus:3(555s), Centering:6(427s), Dither:9(359s), ImageSave:36(86s), CameraDownload:36(68s), MountOps:1(27s), PlateSolve:6(10s), FilterChange:1(5s)
2026-05-31T05:31:47.4560|INFO|NinaLogParser.cs|ParseFile|468|NightSummary: LogParser — skipped (not in allow-list): Send:78, GSSend:72, SetReadoutMode:36, IfFailed:36
2026-05-31T05:31:47.4568|INFO|SessionService.cs|EndSession|219|NightSummary: EndSession — parser returned 134 events
2026-05-31T05:31:47.4737|INFO|TargetSchedulerDatabase.cs|GetProgressForTargets|64|NightSummary: Querying TS progress for profile 0173997c-4bfa-48fd-9337-a48b6df99c38
2026-05-31T05:31:47.5372|INFO|SessionService.cs|ComputeCameraFov|1134|NightSummary: ComputeCameraFov (from session) — 3008×3008px, 3.76µm, 360mm → FOV=1.8001° × 1.8001°
2026-05-31T05:31:47.5398|INFO|NightSummaryEndInstruction.cs|Execute|39|NightSummary: Session ended successfully
2026-05-31T05:31:47.5399|INFO|SequenceItem.cs|Run|254|Finishing Night Summary - End Session
2026-05-31T05:31:47.5405|INFO|SequenceItem.cs|Run|208|Starting [EndSubframesSession]
2026-05-31T05:31:47.5426|INFO|SessionService.cs|GenerateAndSendAsync|298|NightSummary: Generating report for session ea8840c1-43b5-46ee-b2ba-1b8ffdc91851 (profile: 0173997c-4bfa-48fd-9337-a48b6df99c38)
2026-05-31T05:31:47.5509|INFO|TsGradingReader.cs|ReadGradingResults|30|[Subframes] Target Scheduler not detected (no database at C:\Users\nicka\AppData\Local\NINA\SchedulerPlugin)
2026-05-31T05:31:47.5510|INFO|SessionService.cs|EndSessionAsync|425|[Subframes] TS grading results: 0 entry/entries.
2026-05-31T05:31:47.5515|INFO|TsProgressReader.cs|ReadProgress|133|[Subframes] Target Scheduler not detected (no database at C:\Users\nicka\AppData\Local\NINA\SchedulerPlugin)
2026-05-31T05:31:47.5515|INFO|SessionService.cs|EndSessionAsync|427|[Subframes] TS progress results: 0 row(s).
2026-05-31T05:31:47.5850|INFO|SubframesClient.cs|EndSessionAsync|273|[Subframes] Session ended: 470187b8-716c-4f60-bb85-9fd78307165c
2026-05-31T05:31:47.5869|INFO|SessionService.cs|EndSessionAsync|452|[Subframes] Session ended.
2026-05-31T05:31:47.5873|INFO|CacheReplayEngine.cs|ResumeAfterLiveSession|90|[Subframes] CacheReplayEngine: resumed after live session.
2026-05-31T05:31:47.5880|INFO|EndSessionItem.cs|Execute|57|[Subframes] EndSessionItem complete — session ended.
2026-05-31T05:31:47.5881|INFO|SequenceItem.cs|Run|254|Finishing [EndSubframesSession]
2026-05-31T05:31:47.5889|INFO|SequenceItem.cs|Run|208|Starting Category: Camera, Item: WarmCamera, Duration: 30
2026-05-31T05:31:47.5914|INFO|CameraVM.cs|WarmCamera|161|Warming Camera. Duration: 00:30:00
2026-05-31T05:31:47.6241|INFO|ReportGenerator.cs|GenerateHtmlReport|241|NightSummary: Overhead section — TimingEvents=134, detailLevel=2, ShowOverheadBreakdown=True
2026-05-31T05:31:47.6359|INFO|ReportGenerator.cs|BuildOverheadBreakdownSection|454|NightSummary: Overhead — window=23286s, integration=21600s, roofClosed=0s, schedulerWait=0s, effective=23286s, implied=1686s, merged=1528s, coverage=90.6%, unaccounted=158s
2026-05-31T05:31:47.6540|INFO|ReportGenerator.cs|BuildOverheadBreakdownSection|491|NightSummary: Overhead — top uncovered gaps (≥5s): 36s@05:20:22→05:20:57, 23s@05:19:58→05:20:21
2026-05-31T05:31:47.6558|INFO|ReportGenerator.cs|BuildOverheadBreakdownSection|492|NightSummary: Overhead — total uncovered gap count=2, sum=58s
2026-05-31T05:31:47.6726|INFO|ReportGenerator.cs|BuildTargetSection|670|NightSummary: Thumbnail FOV — fovW=1.8001° fovH=1.8001° thumbFov=2.7001°
2026-05-31T05:31:47.6823|INFO|ReportGenerator.cs|BuildTargetSection|696|NightSummary: Fetching 5 sky thumbnail(s) in parallel...
2026-05-31T05:31:48.6770|INFO|ReportGenerator.cs|FetchThumbnailAsync|2330|NightSummary: CDS thumbnail OK for M 51 (9,633 bytes)
2026-05-31T05:31:48.7920|INFO|ReportGenerator.cs|FetchThumbnailAsync|2330|NightSummary: CDS thumbnail OK for sh2-126 Panel 1 - NB (18,122 bytes)
2026-05-31T05:31:48.8819|INFO|ReportGenerator.cs|FetchThumbnailAsync|2330|NightSummary: CDS thumbnail OK for sh2-126 Panel 8 - NB (20,733 bytes)
2026-05-31T05:31:48.9244|INFO|ReportGenerator.cs|FetchThumbnailAsync|2330|NightSummary: CDS thumbnail OK for sh2-126 Panel 4 - NB (19,208 bytes)
2026-05-31T05:31:48.9357|INFO|ReportGenerator.cs|FetchThumbnailAsync|2330|NightSummary: CDS thumbnail OK for sh2-126 Panel 5 - NB (20,427 bytes)
2026-05-31T05:31:48.9689|INFO|ReportGenerator.cs|BuildTargetSection|812|NightSummary: No live stack images for target 'M 51' — ShowLiveStackImages=True, totalImages=0
2026-05-31T05:31:49.0232|INFO|ReportGenerator.cs|BuildTargetSection|812|NightSummary: No live stack images for target 'sh2-126 Panel 8 - NB' — ShowLiveStackImages=True, totalImages=0
2026-05-31T05:31:49.0308|INFO|ReportGenerator.cs|BuildTargetSection|812|NightSummary: No live stack images for target 'sh2-126 Panel 5 - NB' — ShowLiveStackImages=True, totalImages=0
2026-05-31T05:31:49.0377|INFO|ReportGenerator.cs|BuildTargetSection|812|NightSummary: No live stack images for target 'sh2-126 Panel 1 - NB' — ShowLiveStackImages=True, totalImages=0
2026-05-31T05:31:49.0441|INFO|ReportGenerator.cs|BuildTargetSection|812|NightSummary: No live stack images for target 'sh2-126 Panel 4 - NB' — ShowLiveStackImages=True, totalImages=0
2026-05-31T05:31:49.1375|INFO|TargetSchedulerDatabase.cs|GetApiSettings|227|NightSummary: TS API settings for profile '0173997c-4bfa-48fd-9337-a48b6df99c38' — enableAPI=True, apiPort=8188
2026-05-31T05:31:49.1381|INFO|ReportGenerator.cs|BuildNextNightPreviewSection|1609|NightSummary: Tonight's Preview — connecting to TS API at http://localhost:8188/ts/v0
2026-05-31T05:31:52.4364|INFO|CacheReplayEngine.cs|ReplaySessionAsync|195|[Subframes] Replaying session local=ce87a382-1a5e-45f7-bed7-c12eb5941736 ack=True
2026-05-31T05:31:52.4759|INFO|SubframesClient.cs|StartTargetAsync|316|[Subframes] Target started:  name='M51'
2026-05-31T05:31:52.5054|INFO|SubframesClient.cs|StartTargetAsync|316|[Subframes] Target started:  name='M51'
2026-05-31T05:31:52.5355|INFO|SubframesClient.cs|StartTargetAsync|316|[Subframes] Target started:  name='M51'
2026-05-31T05:31:52.5646|INFO|SubframesClient.cs|StartTargetAsync|316|[Subframes] Target started:  name='M51'
2026-05-31T05:31:52.5935|INFO|SubframesClient.cs|StartTargetAsync|316|[Subframes] Target started:  name='M51'
2026-05-31T05:31:52.6227|INFO|SubframesClient.cs|StartTargetAsync|316|[Subframes] Target started:  name='M51'
2026-05-31T05:31:52.6522|INFO|SubframesClient.cs|StartTargetAsync|316|[Subframes] Target started:  name='M51'
2026-05-31T05:31:52.6818|INFO|SubframesClient.cs|StartTargetAsync|316|[Subframes] Target started:  name='M51'
2026-05-31T05:31:52.7107|INFO|SubframesClient.cs|StartTargetAsync|316|[Subframes] Target started:  name='M51'
2026-05-31T05:31:52.7394|INFO|SubframesClient.cs|StartTargetAsync|316|[Subframes] Target started:  name='M51'
2026-05-31T05:31:52.7690|INFO|SubframesClient.cs|StartTargetAsync|316|[Subframes] Target started:  name='M51'
2026-05-31T05:31:52.7982|INFO|SubframesClient.cs|StartTargetAsync|316|[Subframes] Target started:  name='M51'
2026-05-31T05:31:52.8273|INFO|SubframesClient.cs|StartTargetAsync|316|[Subframes] Target started:  name='M51'
2026-05-31T05:31:52.8558|INFO|SubframesClient.cs|StartTargetAsync|316|[Subframes] Target started:  name='M51'
2026-05-31T05:31:52.8846|INFO|SubframesClient.cs|StartTargetAsync|316|[Subframes] Target started:  name='M51'
2026-05-31T05:31:52.9134|INFO|SubframesClient.cs|StartTargetAsync|316|[Subframes] Target started:  name='M51'
2026-05-31T05:31:52.9425|INFO|SubframesClient.cs|StartTargetAsync|316|[Subframes] Target started:  name='M51'
2026-05-31T05:31:52.9715|INFO|SubframesClient.cs|StartTargetAsync|316|[Subframes] Target started:  name='M51'
2026-05-31T05:31:53.0008|INFO|SubframesClient.cs|StartTargetAsync|316|[Subframes] Target started:  name='M51'
2026-05-31T05:31:53.0297|INFO|SubframesClient.cs|StartTargetAsync|316|[Subframes] Target started:  name='M51'
2026-05-31T05:31:53.0585|INFO|SubframesClient.cs|StartTargetAsync|316|[Subframes] Target started:  name='sh2-126 Panel 8 - NB'
2026-05-31T05:31:53.0872|INFO|SubframesClient.cs|StartTargetAsync|316|[Subframes] Target started:  name='sh2-126 Panel 8 - NB'
2026-05-31T05:31:53.1159|INFO|SubframesClient.cs|StartTargetAsync|316|[Subframes] Target started:  name='sh2-126 Panel 5 - NB'
2026-05-31T05:31:53.1452|INFO|SubframesClient.cs|StartTargetAsync|316|[Subframes] Target started:  name='sh2-126 Panel 5 - NB'
2026-05-31T05:31:53.1744|INFO|SubframesClient.cs|StartTargetAsync|316|[Subframes] Target started:  name='sh2-126 Panel 5 - NB'
2026-05-31T05:31:53.2030|INFO|SubframesClient.cs|StartTargetAsync|316|[Subframes] Target started:  name='sh2-126 Panel 5 - NB'
2026-05-31T05:31:53.2317|INFO|SubframesClient.cs|StartTargetAsync|316|[Subframes] Target started:  name='sh2-126 Panel 1 - NB'
2026-05-31T05:31:53.3622|INFO|SubframesClient.cs|StartTargetAsync|316|[Subframes] Target started:  name='sh2-126 Panel 1 - NB'
2026-05-31T05:31:53.3948|INFO|SubframesClient.cs|StartTargetAsync|316|[Subframes] Target started:  name='sh2-126 Panel 4 - NB'
2026-05-31T05:31:53.4071|INFO|TargetSchedulerDatabase.cs|GetProgressForTargets|64|NightSummary: Querying TS progress for profile 0173997c-4bfa-48fd-9337-a48b6df99c38
2026-05-31T05:31:53.4313|INFO|SessionService.cs|GenerateAndSendAsync|318|NightSummary: Delivering report to: Local Save, Email, Pushover, Discord
2026-05-31T05:31:53.4438|INFO|SessionService.cs|SaveReportLocallyAsync|529|NightSummary: Report saved locally to C:\Users\nicka\AppData\Local\NINA\Plugins\3.0.0\Night Summary\NightSummary_2026-05-30\NightSummary_2026-05-30.html
2026-05-31T05:31:53.4544|INFO|EmailSender.cs|SendReportAsync|70|NightSummary: Sending report email to astrophotonic.space@gmail.com
2026-05-31T05:31:53.4690|INFO|PushoverSender.cs|SendAsync|33|NightSummary: Sending Pushover notification — Night Summary — 2026-05-30
2026-05-31T05:31:53.4740|INFO|DiscordSender.cs|SendReportAsync|30|NightSummary: Sending Discord report
2026-05-31T05:31:53.5241|INFO|SubframesClient.cs|StartTargetAsync|316|[Subframes] Target started:  name='sh2-126 Panel 4 - NB'
2026-05-31T05:31:53.6209|INFO|PushoverSender.cs|SendAsync|45|NightSummary: Pushover notification sent successfully
2026-05-31T05:31:53.6537|INFO|SubframesClient.cs|StartTargetAsync|316|[Subframes] Target started:  name='sh2-126 Panel 8 - NB'
2026-05-31T05:31:53.6817|INFO|SubframesClient.cs|StartTargetAsync|316|[Subframes] Target started:  name='sh2-126 Panel 8 - NB'
2026-05-31T05:31:53.8112|INFO|SubframesClient.cs|StartTargetAsync|316|[Subframes] Target started:  name='sh2-126 Panel 8 - NB'
2026-05-31T05:31:53.9398|INFO|SubframesClient.cs|StartTargetAsync|316|[Subframes] Target started:  name='sh2-126 Panel 8 - NB'
2026-05-31T05:31:53.9413|INFO|DiscordSender.cs|LogResult|191|NightSummary: Discord message sent successfully
2026-05-31T05:31:54.0691|INFO|SubframesClient.cs|StartTargetAsync|316|[Subframes] Target started:  name='sh2-126 Panel 8 - NB'
2026-05-31T05:31:54.0994|INFO|SubframesClient.cs|StartTargetAsync|316|[Subframes] Target started:  name='sh2-126 Panel 8 - NB'
2026-05-31T05:31:54.1042|INFO|CacheReplayEngine.cs|ReplaySessionAsync|323|[Subframes] Replay: 0 frame(s) uploaded for session=470187b8-716c-4f60-bb85-9fd78307165c
2026-05-31T05:31:54.1128|INFO|CacheReplayEngine.cs|ReplaySessionAsync|362|[Subframes] Replay complete for session=470187b8-716c-4f60-bb85-9fd78307165c
2026-05-31T05:31:55.9505|INFO|EmailSender.cs|SendReportAsync|92|NightSummary: Report email sent successfully
2026-05-31T05:31:55.9713|INFO|SessionService.cs|SendReportWithDataAsync|977|NightSummary: Report sent and session marked as complete
2026-05-31T05:35:38.5931|INFO|TsProgressReader.cs|ReadProgressDelta|75|[Subframes] TS progress delta: DB not found at C:\Users\nicka\AppData\Local\NINA\SchedulerPlugin — Target Scheduler not installed or DB path mismatch.
2026-05-31T05:40:38.5933|INFO|TsProgressReader.cs|ReadProgressDelta|75|[Subframes] TS progress delta: DB not found at C:\Users\nicka\AppData\Local\NINA\SchedulerPlugin — Target Scheduler not installed or DB path mismatch.
2026-05-31T05:45:38.5920|INFO|TsProgressReader.cs|ReadProgressDelta|75|[Subframes] TS progress delta: DB not found at C:\Users\nicka\AppData\Local\NINA\SchedulerPlugin — Target Scheduler not installed or DB path mismatch.
2026-05-31T05:50:34.7355|INFO|TsPreviewClient.cs|LookupCoordinatesByName|179|[Subframes] TsPreviewClient.LookupCoordinatesByName: TS database not found at C:\Users\nicka\AppData\Local\NINA\SchedulerPlugin
2026-05-31T05:50:34.7358|INFO|Plugin.cs|TrySendStationHeartbeatDebounced|971|[Subframes] Firing station heartbeat [preview floor timer].
2026-05-31T05:50:34.7360|INFO|TsProgressReader.cs|ReadProgressDelta|75|[Subframes] TS progress delta: DB not found at C:\Users\nicka\AppData\Local\NINA\SchedulerPlugin — Target Scheduler not installed or DB path mismatch.
2026-05-31T05:50:38.5931|INFO|TsProgressReader.cs|ReadProgressDelta|75|[Subframes] TS progress delta: DB not found at C:\Users\nicka\AppData\Local\NINA\SchedulerPlugin — Target Scheduler not installed or DB path mismatch.
2026-05-31T05:52:05.2609|INFO|SafetyMonitorVM.cs|UpdateMonitorValues|95|SafetyMonitorInfo state changed to Unsafe
2026-05-31T05:55:38.5925|INFO|TsProgressReader.cs|ReadProgressDelta|75|[Subframes] TS progress delta: DB not found at C:\Users\nicka\AppData\Local\NINA\SchedulerPlugin — Target Scheduler not installed or DB path mismatch.
2026-05-31T06:00:38.5926|INFO|TsProgressReader.cs|ReadProgressDelta|75|[Subframes] TS progress delta: DB not found at C:\Users\nicka\AppData\Local\NINA\SchedulerPlugin — Target Scheduler not installed or DB path mismatch.
2026-05-31T06:03:57.6606|INFO|CameraVM.cs|WarmCamera|179|Could not reach warming temperature. Most likley due to ambient temperature being lower. Continuing...
2026-05-31T06:04:17.7700|INFO|CameraVM.cs|WarmCamera|186|Turning cooler off
2026-05-31T06:04:17.7720|INFO|SequenceItem.cs|Run|254|Finishing Category: Camera, Item: WarmCamera, Duration: 30
2026-05-31T06:04:17.7724|INFO|SequenceItem.cs|Run|208|Starting Category: Guider, Item: StopGuiding
2026-05-31T06:04:17.7777|INFO|PHD2Guider.cs|StopGuiding|704|Phd2 - Stop Guiding skipped, as the app is already in state Stopped
2026-05-31T06:04:17.7779|INFO|SequenceItem.cs|Run|254|Finishing Category: Guider, Item: StopGuiding
2026-05-31T06:04:17.7796|INFO|SequenceItem.cs|Run|208|Starting Category: Phd2 Tools, Item: ShutdownPhd2Instruction
2026-05-31T06:04:17.8102|INFO|SequenceItem.cs|Run|254|Finishing Category: Phd2 Tools, Item: ShutdownPhd2Instruction
2026-05-31T06:04:17.8112|INFO|SequenceItem.cs|Run|208|Starting Category: Connect, Item: DisconnectAllEquipment
2026-05-31T06:04:17.8213|WARNING|PHD2Client.cs|ReadEventsAsync|189|PHD2Client: Connection closed by server
2026-05-31T06:04:17.8215|INFO|DitherStatisticsVM.cs|OnPHD2ConnectionStatusChanged|737|PHD2 Connection Status: Connection lost
2026-05-31T06:04:17.8215|INFO|PHD2Client.cs|ReadEventsAsync|205|PHD2Client: Stopped reading events
2026-05-31T06:04:17.8862|INFO|CameraVM.cs|Disconnect|650|Disconnected Camera
2026-05-31T06:04:17.8870|INFO|AscomDevice.cs|Disconnect|378|Disconnecting from ASCOM.EFW2.FilterWheel ZWO FilterWheel
2026-05-31T06:04:17.9048|INFO|FilterWheelVM.cs|Disconnect|333|Disconnected Filter Wheel
2026-05-31T06:04:17.9093|INFO|AscomDevice.cs|Disconnect|378|Disconnecting from ASCOM.EAF.Focuser ZWO Focuser
2026-05-31T06:04:17.9848|INFO|FocuserVM.cs|Disconnect|441|Disconnected Focuser
2026-05-31T06:04:17.9852|INFO|DisconnectAllEquipment.cs|Execute|139|Rotator is already disconnected
2026-05-31T06:04:17.9914|INFO|AscomDevice.cs|Disconnect|378|Disconnecting from ASCOM.iOptron2017.Telescope iOptron CEM120,70,40,26, GEM, HEM, HAE, HAZ series and SkyHunter Mount
2026-05-31T06:04:18.0233|INFO|TelescopeVM.cs|Disconnect|740|Disconnected mount
2026-05-31T06:04:18.0236|INFO|DisconnectAllEquipment.cs|Execute|139|Guider is already disconnected
2026-05-31T06:04:18.0237|INFO|DisconnectAllEquipment.cs|Execute|139|Switch is already disconnected
2026-05-31T06:04:18.0237|INFO|DisconnectAllEquipment.cs|Execute|139|Flat Panel is already disconnected
2026-05-31T06:04:18.0261|INFO|AscomDevice.cs|Disconnect|378|Disconnecting from ASCOM.SkyAlert.ObservingConditions SkyAlert Observing Conditions
2026-05-31T06:04:18.0346|INFO|WeatherDataVM.cs|Disconnect|305|Disconnected Weather Device
2026-05-31T06:04:18.0348|INFO|DisconnectAllEquipment.cs|Execute|139|Dome is already disconnected
2026-05-31T06:04:18.0364|INFO|AscomDevice.cs|Disconnect|378|Disconnecting from ASCOM.GenericFile.SafetyMonitor Generic File driver
2026-05-31T06:04:18.0407|INFO|SafetyMonitorVM.cs|Disconnect|221|Disconnected Safety Monitor
2026-05-31T06:04:18.0411|INFO|SequenceItem.cs|Run|254|Finishing Category: Connect, Item: DisconnectAllEquipment
2026-05-31T06:04:18.0413|INFO|SequenceItem.cs|Run|208|Starting Category: Ground Station, Item: Send to Pushover, Title: Disconnected
2026-05-31T06:04:18.2093|INFO|SequenceItem.cs|Run|254|Finishing Category: Ground Station, Item: Send to Pushover, Title: Disconnected
2026-05-31T06:04:18.2097|INFO|SequenceItem.cs|Run|208|Starting Category: Ground Station, Item: Send to Telegram
2026-05-31T06:04:18.8796|INFO|SequenceItem.cs|Run|254|Finishing Category: Ground Station, Item: Send to Telegram
2026-05-31T06:04:18.8801|INFO|SequenceItem.cs|Run|254|Finishing Category: * Instruction Set *, Container: NINA.Sequencer.Container.EndAreaContainer, Strategy: SequentialStrategy, Items[FINISHED]: 9
2026-05-31T06:04:18.8802|INFO|SequenceItem.cs|Run|254|Finishing Category: * Instruction Set *, Container: NINA.Sequencer.Container.SequenceRootContainer, Strategy: SequentialStrategy, Items[FINISHED]: 3, Triggers: Category: Ground Station, Item: Failures to Telegram
2026-05-31T06:04:18.8812|INFO|Sequence2VM.cs|StartSequence|548|Advanced Sequence finished
2026-05-31T06:04:18.8824|INFO|WhenCommon.cs|InterruptWhen|350|Restarting sequence, Triggered -> true
2026-05-31T06:04:22.8369|INFO|PHD2Client.cs|ConnectAsync|102|PHD2Client: Connecting to PHD2 at 127.0.0.1:4400...
2026-05-31T06:04:24.8662|ERROR|PHD2Client.cs|ConnectAsync|132|PHD2Client: Connection failed: No connection could be made because the target machine actively refused it.
2026-05-31T06:05:34.7058|INFO|TsPreviewClient.cs|LookupCoordinatesByName|179|[Subframes] TsPreviewClient.LookupCoordinatesByName: TS database not found at C:\Users\nicka\AppData\Local\NINA\SchedulerPlugin
2026-05-31T06:05:38.5954|INFO|TsProgressReader.cs|ReadProgressDelta|75|[Subframes] TS progress delta: DB not found at C:\Users\nicka\AppData\Local\NINA\SchedulerPlugin — Target Scheduler not installed or DB path mismatch.
2026-05-31T06:10:38.5982|INFO|TsProgressReader.cs|ReadProgressDelta|75|[Subframes] TS progress delta: DB not found at C:\Users\nicka\AppData\Local\NINA\SchedulerPlugin — Target Scheduler not installed or DB path mismatch.
2026-05-31T06:15:38.6002|INFO|TsProgressReader.cs|ReadProgressDelta|75|[Subframes] TS progress delta: DB not found at C:\Users\nicka\AppData\Local\NINA\SchedulerPlugin — Target Scheduler not installed or DB path mismatch.
2026-05-31T06:20:34.7376|INFO|TsPreviewClient.cs|LookupCoordinatesByName|179|[Subframes] TsPreviewClient.LookupCoordinatesByName: TS database not found at C:\Users\nicka\AppData\Local\NINA\SchedulerPlugin
2026-05-31T06:20:38.6079|INFO|TsProgressReader.cs|ReadProgressDelta|75|[Subframes] TS progress delta: DB not found at C:\Users\nicka\AppData\Local\NINA\SchedulerPlugin — Target Scheduler not installed or DB path mismatch.
2026-05-31T06:25:38.5987|INFO|TsProgressReader.cs|ReadProgressDelta|75|[Subframes] TS progress delta: DB not found at C:\Users\nicka\AppData\Local\NINA\SchedulerPlugin — Target Scheduler not installed or DB path mismatch.
2026-05-31T06:30:38.6004|INFO|TsProgressReader.cs|ReadProgressDelta|75|[Subframes] TS progress delta: DB not found at C:\Users\nicka\AppData\Local\NINA\SchedulerPlugin — Target Scheduler not installed or DB path mismatch.
2026-05-31T06:35:34.6862|INFO|TsPreviewClient.cs|LookupCoordinatesByName|179|[Subframes] TsPreviewClient.LookupCoordinatesByName: TS database not found at C:\Users\nicka\AppData\Local\NINA\SchedulerPlugin
2026-05-31T06:35:38.6059|INFO|TsProgressReader.cs|ReadProgressDelta|75|[Subframes] TS progress delta: DB not found at C:\Users\nicka\AppData\Local\NINA\SchedulerPlugin — Target Scheduler not installed or DB path mismatch.
2026-05-31T06:40:38.6009|INFO|TsProgressReader.cs|ReadProgressDelta|75|[Subframes] TS progress delta: DB not found at C:\Users\nicka\AppData\Local\NINA\SchedulerPlugin — Target Scheduler not installed or DB path mismatch.
2026-05-31T06:45:38.5995|INFO|TsProgressReader.cs|ReadProgressDelta|75|[Subframes] TS progress delta: DB not found at C:\Users\nicka\AppData\Local\NINA\SchedulerPlugin — Target Scheduler not installed or DB path mismatch.
2026-05-31T06:50:34.7206|INFO|TsPreviewClient.cs|LookupCoordinatesByName|179|[Subframes] TsPreviewClient.LookupCoordinatesByName: TS database not found at C:\Users\nicka\AppData\Local\NINA\SchedulerPlugin
2026-05-31T06:50:38.5937|INFO|TsProgressReader.cs|ReadProgressDelta|75|[Subframes] TS progress delta: DB not found at C:\Users\nicka\AppData\Local\NINA\SchedulerPlugin — Target Scheduler not installed or DB path mismatch.
2026-05-31T06:55:38.5955|INFO|TsProgressReader.cs|ReadProgressDelta|75|[Subframes] TS progress delta: DB not found at C:\Users\nicka\AppData\Local\NINA\SchedulerPlugin — Target Scheduler not installed or DB path mismatch.
2026-05-31T07:00:38.5966|INFO|TsProgressReader.cs|ReadProgressDelta|75|[Subframes] TS progress delta: DB not found at C:\Users\nicka\AppData\Local\NINA\SchedulerPlugin — Target Scheduler not installed or DB path mismatch.
2026-05-31T07:05:34.7366|INFO|TsPreviewClient.cs|LookupCoordinatesByName|179|[Subframes] TsPreviewClient.LookupCoordinatesByName: TS database not found at C:\Users\nicka\AppData\Local\NINA\SchedulerPlugin
2026-05-31T07:05:38.6016|INFO|TsProgressReader.cs|ReadProgressDelta|75|[Subframes] TS progress delta: DB not found at C:\Users\nicka\AppData\Local\NINA\SchedulerPlugin — Target Scheduler not installed or DB path mismatch.
2026-05-31T07:10:38.6011|INFO|TsProgressReader.cs|ReadProgressDelta|75|[Subframes] TS progress delta: DB not found at C:\Users\nicka\AppData\Local\NINA\SchedulerPlugin — Target Scheduler not installed or DB path mismatch.
2026-05-31T07:15:38.5938|INFO|TsProgressReader.cs|ReadProgressDelta|75|[Subframes] TS progress delta: DB not found at C:\Users\nicka\AppData\Local\NINA\SchedulerPlugin — Target Scheduler not installed or DB path mismatch.
2026-05-31T07:20:34.7248|INFO|TsPreviewClient.cs|LookupCoordinatesByName|179|[Subframes] TsPreviewClient.LookupCoordinatesByName: TS database not found at C:\Users\nicka\AppData\Local\NINA\SchedulerPlugin
2026-05-31T07:20:38.6012|INFO|TsProgressReader.cs|ReadProgressDelta|75|[Subframes] TS progress delta: DB not found at C:\Users\nicka\AppData\Local\NINA\SchedulerPlugin — Target Scheduler not installed or DB path mismatch.
2026-05-31T07:25:38.6012|INFO|TsProgressReader.cs|ReadProgressDelta|75|[Subframes] TS progress delta: DB not found at C:\Users\nicka\AppData\Local\NINA\SchedulerPlugin — Target Scheduler not installed or DB path mismatch.
2026-05-31T07:30:38.5932|INFO|TsProgressReader.cs|ReadProgressDelta|75|[Subframes] TS progress delta: DB not found at C:\Users\nicka\AppData\Local\NINA\SchedulerPlugin — Target Scheduler not installed or DB path mismatch.
2026-05-31T07:35:34.6924|INFO|TsPreviewClient.cs|LookupCoordinatesByName|179|[Subframes] TsPreviewClient.LookupCoordinatesByName: TS database not found at C:\Users\nicka\AppData\Local\NINA\SchedulerPlugin
2026-05-31T07:35:38.5948|INFO|TsProgressReader.cs|ReadProgressDelta|75|[Subframes] TS progress delta: DB not found at C:\Users\nicka\AppData\Local\NINA\SchedulerPlugin — Target Scheduler not installed or DB path mismatch.
2026-05-31T07:40:38.5969|INFO|TsProgressReader.cs|ReadProgressDelta|75|[Subframes] TS progress delta: DB not found at C:\Users\nicka\AppData\Local\NINA\SchedulerPlugin — Target Scheduler not installed or DB path mismatch.
2026-05-31T07:45:38.6002|INFO|TsProgressReader.cs|ReadProgressDelta|75|[Subframes] TS progress delta: DB not found at C:\Users\nicka\AppData\Local\NINA\SchedulerPlugin — Target Scheduler not installed or DB path mismatch.
2026-05-31T07:50:34.6548|INFO|TsPreviewClient.cs|LookupCoordinatesByName|179|[Subframes] TsPreviewClient.LookupCoordinatesByName: TS database not found at C:\Users\nicka\AppData\Local\NINA\SchedulerPlugin
2026-05-31T07:50:38.5971|INFO|TsProgressReader.cs|ReadProgressDelta|75|[Subframes] TS progress delta: DB not found at C:\Users\nicka\AppData\Local\NINA\SchedulerPlugin — Target Scheduler not installed or DB path mismatch.
2026-05-31T07:55:38.5942|INFO|TsProgressReader.cs|ReadProgressDelta|75|[Subframes] TS progress delta: DB not found at C:\Users\nicka\AppData\Local\NINA\SchedulerPlugin — Target Scheduler not installed or DB path mismatch.
2026-05-31T08:00:38.6007|INFO|TsProgressReader.cs|ReadProgressDelta|75|[Subframes] TS progress delta: DB not found at C:\Users\nicka\AppData\Local\NINA\SchedulerPlugin — Target Scheduler not installed or DB path mismatch.
2026-05-31T08:05:34.6586|INFO|TsPreviewClient.cs|LookupCoordinatesByName|179|[Subframes] TsPreviewClient.LookupCoordinatesByName: TS database not found at C:\Users\nicka\AppData\Local\NINA\SchedulerPlugin
2026-05-31T08:05:38.5984|INFO|TsProgressReader.cs|ReadProgressDelta|75|[Subframes] TS progress delta: DB not found at C:\Users\nicka\AppData\Local\NINA\SchedulerPlugin — Target Scheduler not installed or DB path mismatch.
2026-05-31T08:10:38.5936|INFO|TsProgressReader.cs|ReadProgressDelta|75|[Subframes] TS progress delta: DB not found at C:\Users\nicka\AppData\Local\NINA\SchedulerPlugin — Target Scheduler not installed or DB path mismatch.
2026-05-31T08:15:38.6026|INFO|TsProgressReader.cs|ReadProgressDelta|75|[Subframes] TS progress delta: DB not found at C:\Users\nicka\AppData\Local\NINA\SchedulerPlugin — Target Scheduler not installed or DB path mismatch.
2026-05-31T08:20:34.7193|INFO|TsPreviewClient.cs|LookupCoordinatesByName|179|[Subframes] TsPreviewClient.LookupCoordinatesByName: TS database not found at C:\Users\nicka\AppData\Local\NINA\SchedulerPlugin
2026-05-31T08:20:38.5931|INFO|TsProgressReader.cs|ReadProgressDelta|75|[Subframes] TS progress delta: DB not found at C:\Users\nicka\AppData\Local\NINA\SchedulerPlugin — Target Scheduler not installed or DB path mismatch.
2026-05-31T08:25:38.5967|INFO|TsProgressReader.cs|ReadProgressDelta|75|[Subframes] TS progress delta: DB not found at C:\Users\nicka\AppData\Local\NINA\SchedulerPlugin — Target Scheduler not installed or DB path mismatch.
2026-05-31T08:30:38.5956|INFO|TsProgressReader.cs|ReadProgressDelta|75|[Subframes] TS progress delta: DB not found at C:\Users\nicka\AppData\Local\NINA\SchedulerPlugin — Target Scheduler not installed or DB path mismatch.
2026-05-31T08:35:34.6653|INFO|TsPreviewClient.cs|LookupCoordinatesByName|179|[Subframes] TsPreviewClient.LookupCoordinatesByName: TS database not found at C:\Users\nicka\AppData\Local\NINA\SchedulerPlugin
2026-05-31T08:35:38.5946|INFO|TsProgressReader.cs|ReadProgressDelta|75|[Subframes] TS progress delta: DB not found at C:\Users\nicka\AppData\Local\NINA\SchedulerPlugin — Target Scheduler not installed or DB path mismatch.
2026-05-31T08:40:38.5978|INFO|TsProgressReader.cs|ReadProgressDelta|75|[Subframes] TS progress delta: DB not found at C:\Users\nicka\AppData\Local\NINA\SchedulerPlugin — Target Scheduler not installed or DB path mismatch.
2026-05-31T08:45:38.5933|INFO|TsProgressReader.cs|ReadProgressDelta|75|[Subframes] TS progress delta: DB not found at C:\Users\nicka\AppData\Local\NINA\SchedulerPlugin — Target Scheduler not installed or DB path mismatch.
2026-05-31T08:50:34.6917|INFO|TsPreviewClient.cs|LookupCoordinatesByName|179|[Subframes] TsPreviewClient.LookupCoordinatesByName: TS database not found at C:\Users\nicka\AppData\Local\NINA\SchedulerPlugin
2026-05-31T08:50:38.6055|INFO|TsProgressReader.cs|ReadProgressDelta|75|[Subframes] TS progress delta: DB not found at C:\Users\nicka\AppData\Local\NINA\SchedulerPlugin — Target Scheduler not installed or DB path mismatch.
2026-05-31T08:55:38.5982|INFO|TsProgressReader.cs|ReadProgressDelta|75|[Subframes] TS progress delta: DB not found at C:\Users\nicka\AppData\Local\NINA\SchedulerPlugin — Target Scheduler not installed or DB path mismatch.
2026-05-31T09:00:38.6065|INFO|TsProgressReader.cs|ReadProgressDelta|75|[Subframes] TS progress delta: DB not found at C:\Users\nicka\AppData\Local\NINA\SchedulerPlugin — Target Scheduler not installed or DB path mismatch.
2026-05-31T09:05:34.7208|INFO|TsPreviewClient.cs|LookupCoordinatesByName|179|[Subframes] TsPreviewClient.LookupCoordinatesByName: TS database not found at C:\Users\nicka\AppData\Local\NINA\SchedulerPlugin
2026-05-31T09:05:38.6013|INFO|TsProgressReader.cs|ReadProgressDelta|75|[Subframes] TS progress delta: DB not found at C:\Users\nicka\AppData\Local\NINA\SchedulerPlugin — Target Scheduler not installed or DB path mismatch.
2026-05-31T09:10:38.6016|INFO|TsProgressReader.cs|ReadProgressDelta|75|[Subframes] TS progress delta: DB not found at C:\Users\nicka\AppData\Local\NINA\SchedulerPlugin — Target Scheduler not installed or DB path mismatch.
2026-05-31T09:15:38.5984|INFO|TsProgressReader.cs|ReadProgressDelta|75|[Subframes] TS progress delta: DB not found at C:\Users\nicka\AppData\Local\NINA\SchedulerPlugin — Target Scheduler not installed or DB path mismatch.
2026-05-31T09:20:34.6969|INFO|TsPreviewClient.cs|LookupCoordinatesByName|179|[Subframes] TsPreviewClient.LookupCoordinatesByName: TS database not found at C:\Users\nicka\AppData\Local\NINA\SchedulerPlugin
2026-05-31T09:20:38.6074|INFO|TsProgressReader.cs|ReadProgressDelta|75|[Subframes] TS progress delta: DB not found at C:\Users\nicka\AppData\Local\NINA\SchedulerPlugin — Target Scheduler not installed or DB path mismatch.
2026-05-31T09:25:38.5959|INFO|TsProgressReader.cs|ReadProgressDelta|75|[Subframes] TS progress delta: DB not found at C:\Users\nicka\AppData\Local\NINA\SchedulerPlugin — Target Scheduler not installed or DB path mismatch.
2026-05-31T09:30:38.5992|INFO|TsProgressReader.cs|ReadProgressDelta|75|[Subframes] TS progress delta: DB not found at C:\Users\nicka\AppData\Local\NINA\SchedulerPlugin — Target Scheduler not installed or DB path mismatch.
2026-05-31T09:35:34.7058|INFO|TsPreviewClient.cs|LookupCoordinatesByName|179|[Subframes] TsPreviewClient.LookupCoordinatesByName: TS database not found at C:\Users\nicka\AppData\Local\NINA\SchedulerPlugin
2026-05-31T09:35:38.6071|INFO|TsProgressReader.cs|ReadProgressDelta|75|[Subframes] TS progress delta: DB not found at C:\Users\nicka\AppData\Local\NINA\SchedulerPlugin — Target Scheduler not installed or DB path mismatch.
2026-05-31T09:40:38.5979|INFO|TsProgressReader.cs|ReadProgressDelta|75|[Subframes] TS progress delta: DB not found at C:\Users\nicka\AppData\Local\NINA\SchedulerPlugin — Target Scheduler not installed or DB path mismatch.
2026-05-31T09:45:38.5954|INFO|TsProgressReader.cs|ReadProgressDelta|75|[Subframes] TS progress delta: DB not found at C:\Users\nicka\AppData\Local\NINA\SchedulerPlugin — Target Scheduler not installed or DB path mismatch.
2026-05-31T09:50:34.6783|INFO|TsPreviewClient.cs|LookupCoordinatesByName|179|[Subframes] TsPreviewClient.LookupCoordinatesByName: TS database not found at C:\Users\nicka\AppData\Local\NINA\SchedulerPlugin
2026-05-31T09:50:38.5975|INFO|TsProgressReader.cs|ReadProgressDelta|75|[Subframes] TS progress delta: DB not found at C:\Users\nicka\AppData\Local\NINA\SchedulerPlugin — Target Scheduler not installed or DB path mismatch.
2026-05-31T09:55:38.5962|INFO|TsProgressReader.cs|ReadProgressDelta|75|[Subframes] TS progress delta: DB not found at C:\Users\nicka\AppData\Local\NINA\SchedulerPlugin — Target Scheduler not installed or DB path mismatch.
2026-05-31T10:00:38.5972|INFO|TsProgressReader.cs|ReadProgressDelta|75|[Subframes] TS progress delta: DB not found at C:\Users\nicka\AppData\Local\NINA\SchedulerPlugin — Target Scheduler not installed or DB path mismatch.
2026-05-31T10:05:34.6789|INFO|TsPreviewClient.cs|LookupCoordinatesByName|179|[Subframes] TsPreviewClient.LookupCoordinatesByName: TS database not found at C:\Users\nicka\AppData\Local\NINA\SchedulerPlugin
2026-05-31T10:05:38.6036|INFO|TsProgressReader.cs|ReadProgressDelta|75|[Subframes] TS progress delta: DB not found at C:\Users\nicka\AppData\Local\NINA\SchedulerPlugin — Target Scheduler not installed or DB path mismatch.
2026-05-31T10:10:38.6035|INFO|TsProgressReader.cs|ReadProgressDelta|75|[Subframes] TS progress delta: DB not found at C:\Users\nicka\AppData\Local\NINA\SchedulerPlugin — Target Scheduler not installed or DB path mismatch.
2026-05-31T10:15:38.6032|INFO|TsProgressReader.cs|ReadProgressDelta|75|[Subframes] TS progress delta: DB not found at C:\Users\nicka\AppData\Local\NINA\SchedulerPlugin — Target Scheduler not installed or DB path mismatch.
2026-05-31T10:20:34.6574|INFO|TsPreviewClient.cs|LookupCoordinatesByName|179|[Subframes] TsPreviewClient.LookupCoordinatesByName: TS database not found at C:\Users\nicka\AppData\Local\NINA\SchedulerPlugin
2026-05-31T10:20:38.6029|INFO|TsProgressReader.cs|ReadProgressDelta|75|[Subframes] TS progress delta: DB not found at C:\Users\nicka\AppData\Local\NINA\SchedulerPlugin — Target Scheduler not installed or DB path mismatch.
2026-05-31T10:25:38.6055|INFO|TsProgressReader.cs|ReadProgressDelta|75|[Subframes] TS progress delta: DB not found at C:\Users\nicka\AppData\Local\NINA\SchedulerPlugin — Target Scheduler not installed or DB path mismatch.
2026-05-31T10:30:38.6007|INFO|TsProgressReader.cs|ReadProgressDelta|75|[Subframes] TS progress delta: DB not found at C:\Users\nicka\AppData\Local\NINA\SchedulerPlugin — Target Scheduler not installed or DB path mismatch.
2026-05-31T10:35:34.6638|INFO|TsPreviewClient.cs|LookupCoordinatesByName|179|[Subframes] TsPreviewClient.LookupCoordinatesByName: TS database not found at C:\Users\nicka\AppData\Local\NINA\SchedulerPlugin
2026-05-31T10:35:38.5975|INFO|TsProgressReader.cs|ReadProgressDelta|75|[Subframes] TS progress delta: DB not found at C:\Users\nicka\AppData\Local\NINA\SchedulerPlugin — Target Scheduler not installed or DB path mismatch.
2026-05-31T10:40:38.6038|INFO|TsProgressReader.cs|ReadProgressDelta|75|[Subframes] TS progress delta: DB not found at C:\Users\nicka\AppData\Local\NINA\SchedulerPlugin — Target Scheduler not installed or DB path mismatch.
2026-05-31T10:45:38.5989|INFO|TsProgressReader.cs|ReadProgressDelta|75|[Subframes] TS progress delta: DB not found at C:\Users\nicka\AppData\Local\NINA\SchedulerPlugin — Target Scheduler not installed or DB path mismatch.
2026-05-31T10:50:34.7059|INFO|TsPreviewClient.cs|LookupCoordinatesByName|179|[Subframes] TsPreviewClient.LookupCoordinatesByName: TS database not found at C:\Users\nicka\AppData\Local\NINA\SchedulerPlugin
2026-05-31T10:50:38.5994|INFO|TsProgressReader.cs|ReadProgressDelta|75|[Subframes] TS progress delta: DB not found at C:\Users\nicka\AppData\Local\NINA\SchedulerPlugin — Target Scheduler not installed or DB path mismatch.
2026-05-31T10:55:38.5943|INFO|TsProgressReader.cs|ReadProgressDelta|75|[Subframes] TS progress delta: DB not found at C:\Users\nicka\AppData\Local\NINA\SchedulerPlugin — Target Scheduler not installed or DB path mismatch.
2026-05-31T11:00:38.6028|INFO|TsProgressReader.cs|ReadProgressDelta|75|[Subframes] TS progress delta: DB not found at C:\Users\nicka\AppData\Local\NINA\SchedulerPlugin — Target Scheduler not installed or DB path mismatch.
2026-05-31T11:05:34.6847|INFO|TsPreviewClient.cs|LookupCoordinatesByName|179|[Subframes] TsPreviewClient.LookupCoordinatesByName: TS database not found at C:\Users\nicka\AppData\Local\NINA\SchedulerPlugin
2026-05-31T11:05:38.5982|INFO|TsProgressReader.cs|ReadProgressDelta|75|[Subframes] TS progress delta: DB not found at C:\Users\nicka\AppData\Local\NINA\SchedulerPlugin — Target Scheduler not installed or DB path mismatch.
2026-05-31T11:10:38.5963|INFO|TsProgressReader.cs|ReadProgressDelta|75|[Subframes] TS progress delta: DB not found at C:\Users\nicka\AppData\Local\NINA\SchedulerPlugin — Target Scheduler not installed or DB path mismatch.
2026-05-31T11:15:38.5951|INFO|TsProgressReader.cs|ReadProgressDelta|75|[Subframes] TS progress delta: DB not found at C:\Users\nicka\AppData\Local\NINA\SchedulerPlugin — Target Scheduler not installed or DB path mismatch.
2026-05-31T11:20:34.6321|INFO|TsPreviewClient.cs|LookupCoordinatesByName|179|[Subframes] TsPreviewClient.LookupCoordinatesByName: TS database not found at C:\Users\nicka\AppData\Local\NINA\SchedulerPlugin
2026-05-31T11:20:38.6018|INFO|TsProgressReader.cs|ReadProgressDelta|75|[Subframes] TS progress delta: DB not found at C:\Users\nicka\AppData\Local\NINA\SchedulerPlugin — Target Scheduler not installed or DB path mismatch.
2026-05-31T11:25:38.5948|INFO|TsProgressReader.cs|ReadProgressDelta|75|[Subframes] TS progress delta: DB not found at C:\Users\nicka\AppData\Local\NINA\SchedulerPlugin — Target Scheduler not installed or DB path mismatch.
2026-05-31T11:30:38.6002|INFO|TsProgressReader.cs|ReadProgressDelta|75|[Subframes] TS progress delta: DB not found at C:\Users\nicka\AppData\Local\NINA\SchedulerPlugin — Target Scheduler not installed or DB path mismatch.
2026-05-31T11:35:34.6511|INFO|TsPreviewClient.cs|LookupCoordinatesByName|179|[Subframes] TsPreviewClient.LookupCoordinatesByName: TS database not found at C:\Users\nicka\AppData\Local\NINA\SchedulerPlugin
2026-05-31T11:35:38.6009|INFO|TsProgressReader.cs|ReadProgressDelta|75|[Subframes] TS progress delta: DB not found at C:\Users\nicka\AppData\Local\NINA\SchedulerPlugin — Target Scheduler not installed or DB path mismatch.
2026-05-31T11:40:38.5986|INFO|TsProgressReader.cs|ReadProgressDelta|75|[Subframes] TS progress delta: DB not found at C:\Users\nicka\AppData\Local\NINA\SchedulerPlugin — Target Scheduler not installed or DB path mismatch.
2026-05-31T11:45:38.5998|INFO|TsProgressReader.cs|ReadProgressDelta|75|[Subframes] TS progress delta: DB not found at C:\Users\nicka\AppData\Local\NINA\SchedulerPlugin — Target Scheduler not installed or DB path mismatch.
2026-05-31T11:45:43.6053|WARNING|SubframesClient.cs|SendStationHeartbeatAsync|474|[Subframes] Station heartbeat timed out
2026-05-31T11:50:34.6583|INFO|TsPreviewClient.cs|LookupCoordinatesByName|179|[Subframes] TsPreviewClient.LookupCoordinatesByName: TS database not found at C:\Users\nicka\AppData\Local\NINA\SchedulerPlugin
2026-05-31T11:50:38.5972|INFO|TsProgressReader.cs|ReadProgressDelta|75|[Subframes] TS progress delta: DB not found at C:\Users\nicka\AppData\Local\NINA\SchedulerPlugin — Target Scheduler not installed or DB path mismatch.
2026-05-31T11:55:38.5944|INFO|TsProgressReader.cs|ReadProgressDelta|75|[Subframes] TS progress delta: DB not found at C:\Users\nicka\AppData\Local\NINA\SchedulerPlugin — Target Scheduler not installed or DB path mismatch.
2026-05-31T12:00:38.5939|INFO|TsProgressReader.cs|ReadProgressDelta|75|[Subframes] TS progress delta: DB not found at C:\Users\nicka\AppData\Local\NINA\SchedulerPlugin — Target Scheduler not installed or DB path mismatch.
2026-05-31T12:05:35.5324|WARNING|TsPreviewClient.cs|FetchPreviewAsync|161|[Subframes] TsPreviewClient.FetchPreviewAsync failed for profile '533M-AT60' (0173997c-4bfa-48fd-9337-a48b6df99c38): TaskCanceledException: The request was canceled due to the configured HttpClient.Timeout of 5 seconds elapsing.
2026-05-31T12:05:38.5913|INFO|TsProgressReader.cs|ReadProgressDelta|75|[Subframes] TS progress delta: DB not found at C:\Users\nicka\AppData\Local\NINA\SchedulerPlugin — Target Scheduler not installed or DB path mismatch.
2026-05-31T12:10:38.6015|INFO|TsProgressReader.cs|ReadProgressDelta|75|[Subframes] TS progress delta: DB not found at C:\Users\nicka\AppData\Local\NINA\SchedulerPlugin — Target Scheduler not installed or DB path mismatch.
2026-05-31T12:15:38.5944|INFO|TsProgressReader.cs|ReadProgressDelta|75|[Subframes] TS progress delta: DB not found at C:\Users\nicka\AppData\Local\NINA\SchedulerPlugin — Target Scheduler not installed or DB path mismatch.
2026-05-31T12:20:34.6304|INFO|TsPreviewClient.cs|LookupCoordinatesByName|179|[Subframes] TsPreviewClient.LookupCoordinatesByName: TS database not found at C:\Users\nicka\AppData\Local\NINA\SchedulerPlugin
2026-05-31T12:20:34.6306|INFO|Plugin.cs|TrySendStationHeartbeatDebounced|971|[Subframes] Firing station heartbeat [preview floor timer].
2026-05-31T12:20:34.6307|INFO|TsProgressReader.cs|ReadProgressDelta|75|[Subframes] TS progress delta: DB not found at C:\Users\nicka\AppData\Local\NINA\SchedulerPlugin — Target Scheduler not installed or DB path mismatch.
2026-05-31T12:20:38.5945|INFO|TsProgressReader.cs|ReadProgressDelta|75|[Subframes] TS progress delta: DB not found at C:\Users\nicka\AppData\Local\NINA\SchedulerPlugin — Target Scheduler not installed or DB path mismatch.
2026-05-31T12:25:38.5942|INFO|TsProgressReader.cs|ReadProgressDelta|75|[Subframes] TS progress delta: DB not found at C:\Users\nicka\AppData\Local\NINA\SchedulerPlugin — Target Scheduler not installed or DB path mismatch.
2026-05-31T12:30:38.5949|INFO|TsProgressReader.cs|ReadProgressDelta|75|[Subframes] TS progress delta: DB not found at C:\Users\nicka\AppData\Local\NINA\SchedulerPlugin — Target Scheduler not installed or DB path mismatch.
2026-05-31T12:35:34.6724|INFO|TsPreviewClient.cs|LookupCoordinatesByName|179|[Subframes] TsPreviewClient.LookupCoordinatesByName: TS database not found at C:\Users\nicka\AppData\Local\NINA\SchedulerPlugin
2026-05-31T12:35:38.5997|INFO|TsProgressReader.cs|ReadProgressDelta|75|[Subframes] TS progress delta: DB not found at C:\Users\nicka\AppData\Local\NINA\SchedulerPlugin — Target Scheduler not installed or DB path mismatch.
2026-05-31T12:40:38.5998|INFO|TsProgressReader.cs|ReadProgressDelta|75|[Subframes] TS progress delta: DB not found at C:\Users\nicka\AppData\Local\NINA\SchedulerPlugin — Target Scheduler not installed or DB path mismatch.
2026-05-31T12:45:38.6005|INFO|TsProgressReader.cs|ReadProgressDelta|75|[Subframes] TS progress delta: DB not found at C:\Users\nicka\AppData\Local\NINA\SchedulerPlugin — Target Scheduler not installed or DB path mismatch.
2026-05-31T12:50:34.8056|INFO|TsPreviewClient.cs|LookupCoordinatesByName|179|[Subframes] TsPreviewClient.LookupCoordinatesByName: TS database not found at C:\Users\nicka\AppData\Local\NINA\SchedulerPlugin
2026-05-31T12:50:38.5945|INFO|TsProgressReader.cs|ReadProgressDelta|75|[Subframes] TS progress delta: DB not found at C:\Users\nicka\AppData\Local\NINA\SchedulerPlugin — Target Scheduler not installed or DB path mismatch.
2026-05-31T12:55:38.5923|INFO|TsProgressReader.cs|ReadProgressDelta|75|[Subframes] TS progress delta: DB not found at C:\Users\nicka\AppData\Local\NINA\SchedulerPlugin — Target Scheduler not installed or DB path mismatch.
2026-05-31T13:00:38.6012|INFO|TsProgressReader.cs|ReadProgressDelta|75|[Subframes] TS progress delta: DB not found at C:\Users\nicka\AppData\Local\NINA\SchedulerPlugin — Target Scheduler not installed or DB path mismatch.
2026-05-31T13:05:34.7233|INFO|TsPreviewClient.cs|LookupCoordinatesByName|179|[Subframes] TsPreviewClient.LookupCoordinatesByName: TS database not found at C:\Users\nicka\AppData\Local\NINA\SchedulerPlugin
2026-05-31T13:05:38.5976|INFO|TsProgressReader.cs|ReadProgressDelta|75|[Subframes] TS progress delta: DB not found at C:\Users\nicka\AppData\Local\NINA\SchedulerPlugin — Target Scheduler not installed or DB path mismatch.
2026-05-31T13:10:38.5955|INFO|TsProgressReader.cs|ReadProgressDelta|75|[Subframes] TS progress delta: DB not found at C:\Users\nicka\AppData\Local\NINA\SchedulerPlugin — Target Scheduler not installed or DB path mismatch.
2026-05-31T13:15:38.5980|INFO|TsProgressReader.cs|ReadProgressDelta|75|[Subframes] TS progress delta: DB not found at C:\Users\nicka\AppData\Local\NINA\SchedulerPlugin — Target Scheduler not installed or DB path mismatch.
2026-05-31T13:20:34.6674|INFO|TsPreviewClient.cs|LookupCoordinatesByName|179|[Subframes] TsPreviewClient.LookupCoordinatesByName: TS database not found at C:\Users\nicka\AppData\Local\NINA\SchedulerPlugin
2026-05-31T13:20:38.6052|INFO|TsProgressReader.cs|ReadProgressDelta|75|[Subframes] TS progress delta: DB not found at C:\Users\nicka\AppData\Local\NINA\SchedulerPlugin — Target Scheduler not installed or DB path mismatch.
2026-05-31T13:25:38.6031|INFO|TsProgressReader.cs|ReadProgressDelta|75|[Subframes] TS progress delta: DB not found at C:\Users\nicka\AppData\Local\NINA\SchedulerPlugin — Target Scheduler not installed or DB path mismatch.
2026-05-31T13:30:38.5924|INFO|TsProgressReader.cs|ReadProgressDelta|75|[Subframes] TS progress delta: DB not found at C:\Users\nicka\AppData\Local\NINA\SchedulerPlugin — Target Scheduler not installed or DB path mismatch.
2026-05-31T13:35:34.6773|INFO|TsPreviewClient.cs|LookupCoordinatesByName|179|[Subframes] TsPreviewClient.LookupCoordinatesByName: TS database not found at C:\Users\nicka\AppData\Local\NINA\SchedulerPlugin
2026-05-31T13:35:38.6038|INFO|TsProgressReader.cs|ReadProgressDelta|75|[Subframes] TS progress delta: DB not found at C:\Users\nicka\AppData\Local\NINA\SchedulerPlugin — Target Scheduler not installed or DB path mismatch.
2026-05-31T13:40:38.6060|INFO|TsProgressReader.cs|ReadProgressDelta|75|[Subframes] TS progress delta: DB not found at C:\Users\nicka\AppData\Local\NINA\SchedulerPlugin — Target Scheduler not installed or DB path mismatch.
2026-05-31T13:45:38.5955|INFO|TsProgressReader.cs|ReadProgressDelta|75|[Subframes] TS progress delta: DB not found at C:\Users\nicka\AppData\Local\NINA\SchedulerPlugin — Target Scheduler not installed or DB path mismatch.
2026-05-31T13:50:34.7384|INFO|TsPreviewClient.cs|LookupCoordinatesByName|179|[Subframes] TsPreviewClient.LookupCoordinatesByName: TS database not found at C:\Users\nicka\AppData\Local\NINA\SchedulerPlugin
2026-05-31T13:50:38.5934|INFO|TsProgressReader.cs|ReadProgressDelta|75|[Subframes] TS progress delta: DB not found at C:\Users\nicka\AppData\Local\NINA\SchedulerPlugin — Target Scheduler not installed or DB path mismatch.
2026-05-31T13:55:38.5943|INFO|TsProgressReader.cs|ReadProgressDelta|75|[Subframes] TS progress delta: DB not found at C:\Users\nicka\AppData\Local\NINA\SchedulerPlugin — Target Scheduler not installed or DB path mismatch.
2026-05-31T14:00:38.6002|INFO|TsProgressReader.cs|ReadProgressDelta|75|[Subframes] TS progress delta: DB not found at C:\Users\nicka\AppData\Local\NINA\SchedulerPlugin — Target Scheduler not installed or DB path mismatch.
2026-05-31T14:05:34.7171|INFO|TsPreviewClient.cs|LookupCoordinatesByName|179|[Subframes] TsPreviewClient.LookupCoordinatesByName: TS database not found at C:\Users\nicka\AppData\Local\NINA\SchedulerPlugin
2026-05-31T14:05:38.5976|INFO|TsProgressReader.cs|ReadProgressDelta|75|[Subframes] TS progress delta: DB not found at C:\Users\nicka\AppData\Local\NINA\SchedulerPlugin — Target Scheduler not installed or DB path mismatch.
2026-05-31T14:10:38.6054|INFO|TsProgressReader.cs|ReadProgressDelta|75|[Subframes] TS progress delta: DB not found at C:\Users\nicka\AppData\Local\NINA\SchedulerPlugin — Target Scheduler not installed or DB path mismatch.
2026-05-31T14:15:38.5990|INFO|TsProgressReader.cs|ReadProgressDelta|75|[Subframes] TS progress delta: DB not found at C:\Users\nicka\AppData\Local\NINA\SchedulerPlugin — Target Scheduler not installed or DB path mismatch.
2026-05-31T14:20:34.6648|INFO|TsPreviewClient.cs|LookupCoordinatesByName|179|[Subframes] TsPreviewClient.LookupCoordinatesByName: TS database not found at C:\Users\nicka\AppData\Local\NINA\SchedulerPlugin
2026-05-31T14:20:38.5991|INFO|TsProgressReader.cs|ReadProgressDelta|75|[Subframes] TS progress delta: DB not found at C:\Users\nicka\AppData\Local\NINA\SchedulerPlugin — Target Scheduler not installed or DB path mismatch.
2026-05-31T14:25:38.5982|INFO|TsProgressReader.cs|ReadProgressDelta|75|[Subframes] TS progress delta: DB not found at C:\Users\nicka\AppData\Local\NINA\SchedulerPlugin — Target Scheduler not installed or DB path mismatch.
2026-05-31T14:30:38.6001|INFO|TsProgressReader.cs|ReadProgressDelta|75|[Subframes] TS progress delta: DB not found at C:\Users\nicka\AppData\Local\NINA\SchedulerPlugin — Target Scheduler not installed or DB path mismatch.
2026-05-31T14:35:34.7333|INFO|TsPreviewClient.cs|LookupCoordinatesByName|179|[Subframes] TsPreviewClient.LookupCoordinatesByName: TS database not found at C:\Users\nicka\AppData\Local\NINA\SchedulerPlugin
2026-05-31T14:35:38.5953|INFO|TsProgressReader.cs|ReadProgressDelta|75|[Subframes] TS progress delta: DB not found at C:\Users\nicka\AppData\Local\NINA\SchedulerPlugin — Target Scheduler not installed or DB path mismatch.
2026-05-31T14:40:38.5986|INFO|TsProgressReader.cs|ReadProgressDelta|75|[Subframes] TS progress delta: DB not found at C:\Users\nicka\AppData\Local\NINA\SchedulerPlugin — Target Scheduler not installed or DB path mismatch.
2026-05-31T14:45:38.5998|INFO|TsProgressReader.cs|ReadProgressDelta|75|[Subframes] TS progress delta: DB not found at C:\Users\nicka\AppData\Local\NINA\SchedulerPlugin — Target Scheduler not installed or DB path mismatch.
2026-05-31T14:50:34.7017|INFO|TsPreviewClient.cs|LookupCoordinatesByName|179|[Subframes] TsPreviewClient.LookupCoordinatesByName: TS database not found at C:\Users\nicka\AppData\Local\NINA\SchedulerPlugin
2026-05-31T14:50:38.5953|INFO|TsProgressReader.cs|ReadProgressDelta|75|[Subframes] TS progress delta: DB not found at C:\Users\nicka\AppData\Local\NINA\SchedulerPlugin — Target Scheduler not installed or DB path mismatch.
2026-05-31T14:55:38.6019|INFO|TsProgressReader.cs|ReadProgressDelta|75|[Subframes] TS progress delta: DB not found at C:\Users\nicka\AppData\Local\NINA\SchedulerPlugin — Target Scheduler not installed or DB path mismatch.
2026-05-31T15:00:38.5968|INFO|TsProgressReader.cs|ReadProgressDelta|75|[Subframes] TS progress delta: DB not found at C:\Users\nicka\AppData\Local\NINA\SchedulerPlugin — Target Scheduler not installed or DB path mismatch.
2026-05-31T15:05:34.7271|INFO|TsPreviewClient.cs|LookupCoordinatesByName|179|[Subframes] TsPreviewClient.LookupCoordinatesByName: TS database not found at C:\Users\nicka\AppData\Local\NINA\SchedulerPlugin
2026-05-31T15:05:38.6003|INFO|TsProgressReader.cs|ReadProgressDelta|75|[Subframes] TS progress delta: DB not found at C:\Users\nicka\AppData\Local\NINA\SchedulerPlugin — Target Scheduler not installed or DB path mismatch.
2026-05-31T15:10:38.6030|INFO|TsProgressReader.cs|ReadProgressDelta|75|[Subframes] TS progress delta: DB not found at C:\Users\nicka\AppData\Local\NINA\SchedulerPlugin — Target Scheduler not installed or DB path mismatch.
2026-05-31T15:15:38.5926|INFO|TsProgressReader.cs|ReadProgressDelta|75|[Subframes] TS progress delta: DB not found at C:\Users\nicka\AppData\Local\NINA\SchedulerPlugin — Target Scheduler not installed or DB path mismatch.
2026-05-31T15:20:34.7263|INFO|TsPreviewClient.cs|LookupCoordinatesByName|179|[Subframes] TsPreviewClient.LookupCoordinatesByName: TS database not found at C:\Users\nicka\AppData\Local\NINA\SchedulerPlugin
2026-05-31T15:20:38.5922|INFO|TsProgressReader.cs|ReadProgressDelta|75|[Subframes] TS progress delta: DB not found at C:\Users\nicka\AppData\Local\NINA\SchedulerPlugin — Target Scheduler not installed or DB path mismatch.
2026-05-31T15:25:38.6068|INFO|TsProgressReader.cs|ReadProgressDelta|75|[Subframes] TS progress delta: DB not found at C:\Users\nicka\AppData\Local\NINA\SchedulerPlugin — Target Scheduler not installed or DB path mismatch.
2026-05-31T15:30:38.6012|INFO|TsProgressReader.cs|ReadProgressDelta|75|[Subframes] TS progress delta: DB not found at C:\Users\nicka\AppData\Local\NINA\SchedulerPlugin — Target Scheduler not installed or DB path mismatch.
2026-05-31T15:35:34.6945|INFO|TsPreviewClient.cs|LookupCoordinatesByName|179|[Subframes] TsPreviewClient.LookupCoordinatesByName: TS database not found at C:\Users\nicka\AppData\Local\NINA\SchedulerPlugin
2026-05-31T15:35:38.5983|INFO|TsProgressReader.cs|ReadProgressDelta|75|[Subframes] TS progress delta: DB not found at C:\Users\nicka\AppData\Local\NINA\SchedulerPlugin — Target Scheduler not installed or DB path mismatch.
2026-05-31T15:40:38.5925|INFO|TsProgressReader.cs|ReadProgressDelta|75|[Subframes] TS progress delta: DB not found at C:\Users\nicka\AppData\Local\NINA\SchedulerPlugin — Target Scheduler not installed or DB path mismatch.
2026-05-31T15:45:38.5974|INFO|TsProgressReader.cs|ReadProgressDelta|75|[Subframes] TS progress delta: DB not found at C:\Users\nicka\AppData\Local\NINA\SchedulerPlugin — Target Scheduler not installed or DB path mismatch.
2026-05-31T15:50:34.6657|INFO|TsPreviewClient.cs|LookupCoordinatesByName|179|[Subframes] TsPreviewClient.LookupCoordinatesByName: TS database not found at C:\Users\nicka\AppData\Local\NINA\SchedulerPlugin
2026-05-31T15:50:38.5923|INFO|TsProgressReader.cs|ReadProgressDelta|75|[Subframes] TS progress delta: DB not found at C:\Users\nicka\AppData\Local\NINA\SchedulerPlugin — Target Scheduler not installed or DB path mismatch.
2026-05-31T15:55:38.6063|INFO|TsProgressReader.cs|ReadProgressDelta|75|[Subframes] TS progress delta: DB not found at C:\Users\nicka\AppData\Local\NINA\SchedulerPlugin — Target Scheduler not installed or DB path mismatch.
2026-05-31T16:00:38.6016|INFO|TsProgressReader.cs|ReadProgressDelta|75|[Subframes] TS progress delta: DB not found at C:\Users\nicka\AppData\Local\NINA\SchedulerPlugin — Target Scheduler not installed or DB path mismatch.
2026-05-31T16:05:34.7148|INFO|TsPreviewClient.cs|LookupCoordinatesByName|179|[Subframes] TsPreviewClient.LookupCoordinatesByName: TS database not found at C:\Users\nicka\AppData\Local\NINA\SchedulerPlugin
2026-05-31T16:05:38.6004|INFO|TsProgressReader.cs|ReadProgressDelta|75|[Subframes] TS progress delta: DB not found at C:\Users\nicka\AppData\Local\NINA\SchedulerPlugin — Target Scheduler not installed or DB path mismatch.
2026-05-31T16:10:38.5977|INFO|TsProgressReader.cs|ReadProgressDelta|75|[Subframes] TS progress delta: DB not found at C:\Users\nicka\AppData\Local\NINA\SchedulerPlugin — Target Scheduler not installed or DB path mismatch.
2026-05-31T16:15:38.5933|INFO|TsProgressReader.cs|ReadProgressDelta|75|[Subframes] TS progress delta: DB not found at C:\Users\nicka\AppData\Local\NINA\SchedulerPlugin — Target Scheduler not installed or DB path mismatch.
2026-05-31T16:20:34.6980|INFO|TsPreviewClient.cs|LookupCoordinatesByName|179|[Subframes] TsPreviewClient.LookupCoordinatesByName: TS database not found at C:\Users\nicka\AppData\Local\NINA\SchedulerPlugin
2026-05-31T16:20:38.5988|INFO|TsProgressReader.cs|ReadProgressDelta|75|[Subframes] TS progress delta: DB not found at C:\Users\nicka\AppData\Local\NINA\SchedulerPlugin — Target Scheduler not installed or DB path mismatch.
2026-05-31T16:25:38.6024|INFO|TsProgressReader.cs|ReadProgressDelta|75|[Subframes] TS progress delta: DB not found at C:\Users\nicka\AppData\Local\NINA\SchedulerPlugin — Target Scheduler not installed or DB path mismatch.
2026-05-31T16:30:38.6053|INFO|TsProgressReader.cs|ReadProgressDelta|75|[Subframes] TS progress delta: DB not found at C:\Users\nicka\AppData\Local\NINA\SchedulerPlugin — Target Scheduler not installed or DB path mismatch.
2026-05-31T16:35:34.6975|INFO|TsPreviewClient.cs|LookupCoordinatesByName|179|[Subframes] TsPreviewClient.LookupCoordinatesByName: TS database not found at C:\Users\nicka\AppData\Local\NINA\SchedulerPlugin
2026-05-31T16:35:38.5952|INFO|TsProgressReader.cs|ReadProgressDelta|75|[Subframes] TS progress delta: DB not found at C:\Users\nicka\AppData\Local\NINA\SchedulerPlugin — Target Scheduler not installed or DB path mismatch.
2026-05-31T16:40:38.6076|INFO|TsProgressReader.cs|ReadProgressDelta|75|[Subframes] TS progress delta: DB not found at C:\Users\nicka\AppData\Local\NINA\SchedulerPlugin — Target Scheduler not installed or DB path mismatch.
2026-05-31T16:45:38.6032|INFO|TsProgressReader.cs|ReadProgressDelta|75|[Subframes] TS progress delta: DB not found at C:\Users\nicka\AppData\Local\NINA\SchedulerPlugin — Target Scheduler not installed or DB path mismatch.
2026-05-31T16:50:34.6518|INFO|TsPreviewClient.cs|LookupCoordinatesByName|179|[Subframes] TsPreviewClient.LookupCoordinatesByName: TS database not found at C:\Users\nicka\AppData\Local\NINA\SchedulerPlugin
2026-05-31T16:50:38.5992|INFO|TsProgressReader.cs|ReadProgressDelta|75|[Subframes] TS progress delta: DB not found at C:\Users\nicka\AppData\Local\NINA\SchedulerPlugin — Target Scheduler not installed or DB path mismatch.
2026-05-31T16:55:38.5991|INFO|TsProgressReader.cs|ReadProgressDelta|75|[Subframes] TS progress delta: DB not found at C:\Users\nicka\AppData\Local\NINA\SchedulerPlugin — Target Scheduler not installed or DB path mismatch.
2026-05-31T17:00:38.6025|INFO|TsProgressReader.cs|ReadProgressDelta|75|[Subframes] TS progress delta: DB not found at C:\Users\nicka\AppData\Local\NINA\SchedulerPlugin — Target Scheduler not installed or DB path mismatch.
2026-05-31T17:05:34.7071|INFO|TsPreviewClient.cs|LookupCoordinatesByName|179|[Subframes] TsPreviewClient.LookupCoordinatesByName: TS database not found at C:\Users\nicka\AppData\Local\NINA\SchedulerPlugin
2026-05-31T17:05:38.5964|INFO|TsProgressReader.cs|ReadProgressDelta|75|[Subframes] TS progress delta: DB not found at C:\Users\nicka\AppData\Local\NINA\SchedulerPlugin — Target Scheduler not installed or DB path mismatch.
2026-05-31T17:10:38.6049|INFO|TsProgressReader.cs|ReadProgressDelta|75|[Subframes] TS progress delta: DB not found at C:\Users\nicka\AppData\Local\NINA\SchedulerPlugin — Target Scheduler not installed or DB path mismatch.
2026-05-31T17:15:38.5920|INFO|TsProgressReader.cs|ReadProgressDelta|75|[Subframes] TS progress delta: DB not found at C:\Users\nicka\AppData\Local\NINA\SchedulerPlugin — Target Scheduler not installed or DB path mismatch.
2026-05-31T17:20:34.7193|INFO|TsPreviewClient.cs|LookupCoordinatesByName|179|[Subframes] TsPreviewClient.LookupCoordinatesByName: TS database not found at C:\Users\nicka\AppData\Local\NINA\SchedulerPlugin
2026-05-31T17:20:38.5924|INFO|TsProgressReader.cs|ReadProgressDelta|75|[Subframes] TS progress delta: DB not found at C:\Users\nicka\AppData\Local\NINA\SchedulerPlugin — Target Scheduler not installed or DB path mismatch.
