----------------------------------------------------------------------
--------------N.I.N.A. - Nighttime Imaging 'N' Astronomy--------------
--------------------------Version 3.2.0.9001--------------------------
-------------------------2026-04-21T18:34:20--------------------------
----------------------------------------------------------------------
---------------------Microsoft Windows 10.0.19045---------------------
-------------------------OS Architecture X64--------------------------
-----------------------Process Architecture X64-----------------------
-----------------------------.NET 8.0.21------------------------------
----------------------------------------------------------------------
--------------------------Processor Count 4---------------------------
--------------------Total Physical Memory 7.84 GB---------------------
----------------------------------------------------------------------
DATE|LEVEL|SOURCE|MEMBER|LINE|MESSAGE
2026-04-21T18:34:19.9844|INFO|App.xaml.cs|OnStartup|170|Launched with command line arguments: --sequencefile C:\Users\nicka\Astro\NINA\NINA_Sequences\TargetScheduler.json --runsequence
2026-04-21T18:34:24.0114|INFO|CameraChooserVM.cs|GetEquipment|69|Found 2 ASI Cameras
2026-04-21T18:34:24.2469|INFO|CameraChooserVM.cs|GetEquipment|84|Found 0 Altair Cameras
2026-04-21T18:34:24.4740|INFO|CameraChooserVM.cs|GetEquipment|96|Found 0 Atik Cameras
2026-04-21T18:34:24.5675|INFO|CameraChooserVM.cs|GetEquipment|110|Found 0 FLI Cameras
2026-04-21T18:34:25.8515|INFO|CameraChooserVM.cs|GetEquipment|130|Found 0 QHYCCD Cameras
2026-04-21T18:34:26.2807|INFO|CameraChooserVM.cs|GetEquipment|158|Found 0 ToupTek Cameras
2026-04-21T18:34:26.4128|INFO|CameraChooserVM.cs|GetEquipment|173|Found 0 Ogma Cameras
2026-04-21T18:34:26.5639|INFO|CameraChooserVM.cs|GetEquipment|188|Found 0 Omegon Cameras
2026-04-21T18:34:26.9941|INFO|CameraChooserVM.cs|GetEquipment|203|Found 0 RisingCam Cameras
2026-04-21T18:34:27.1424|INFO|CameraChooserVM.cs|GetEquipment|218|Found 0 MallinCam Cameras
2026-04-21T18:34:27.5685|INFO|CameraChooserVM.cs|GetEquipment|243|Found 0 SVBony Cameras
2026-04-21T18:34:27.5717|INFO|CameraChooserVM.cs|GetEquipment|259|Found 0 SBIG Cameras
2026-04-21T18:34:35.2854|INFO|ApplicationVM.cs|CheckDiskInfo|100|Available Space on Drive C:\: 138.63 GB
2026-04-21T18:34:35.2923|INFO|ApplicationVM.cs|CheckDiskInfo|102|Drive E:\ is not ready
2026-04-21T18:34:35.2946|INFO|ApplicationVM.cs|CheckDiskInfo|100|Available Space on Drive G:\: 62.14 GB
2026-04-21T18:34:35.3060|INFO|ApplicationVM.cs|CheckDiskInfo|100|Available Space on Drive Z:\: 0 GB
2026-04-21T18:34:36.6587|INFO|ApplicationVM.cs|CheckASCOMPlatformVersion|81|ASCOM Platform 6.6.2.4195 installed
2026-04-21T18:34:37.1767|INFO|API.cs|Start|99|Starting Webserver
2026-04-21T18:34:37.1785|INFO|API.cs|APITask|134|starting web server, listening at 172.19.6.111:1888
2026-04-21T18:34:37.3847|INFO|NINALogWatcher.cs|Start|33|watching log file: C:\Users\nicka\AppData\Local\NINA\Logs\20260421-183418-3.2.0.9001.7376-202604.log
2026-04-21T18:34:37.4248|INFO|PluginLoader.cs|LoadPlugin|402|Successfully loaded plugin Advanced API version 2.2.15.0 by Christian Palm
2026-04-21T18:34:38.3623|INFO|PluginLoader.cs|LoadPlugin|402|Successfully loaded plugin Autofocus Report Analysis version 2.0.0.9 by Stefan Berg @isbeorn
2026-04-21T18:34:38.6562|INFO|PluginLoader.cs|LoadPlugin|402|Successfully loaded plugin Connector version 2.1.0.2 by Stefan Berg @isbeorn
2026-04-21T18:34:38.8871|INFO|PluginLoader.cs|LoadPlugin|402|Successfully loaded plugin Device Actions and Commands version 2.2.0.0 by Dale Ghent
2026-04-21T18:34:39.8227|INFO|PluginLoader.cs|LoadPlugin|402|Successfully loaded plugin Discord Alert version 2.2.0.0 by Drew McDermott
2026-04-21T18:34:41.7177|INFO|PluginLoader.cs|LoadPlugin|402|Successfully loaded plugin Discord Notification version 2.0.0.10 by Daniel Ludwig
2026-04-21T18:34:43.8931|INFO|DitherStatisticsVM.cs|CreatePluginIcon|1483|Plugin icon geometry created successfully
2026-04-21T18:34:43.9216|INFO|DitherStatisticsVM.cs|LoadDataTemplates|1452|DitherStatistics DataTemplates loaded successfully
2026-04-21T18:34:43.9266|INFO|DitherStatisticsVM.cs|SaveQualityAssessmentSetting|387|Quality Assessment setting saved to file: True
2026-04-21T18:34:43.9267|INFO|DitherStatisticsVM.cs|LoadQualityAssessmentSetting|364|Quality Assessment setting loaded from file: True
2026-04-21T18:34:43.9407|INFO|DitherStatisticsVM.cs|SaveDitherOptimizerSetting|490|Dither Optimizer setting saved to file: False
2026-04-21T18:34:43.9408|INFO|DitherStatisticsVM.cs|LoadDitherOptimizerSetting|471|Dither Optimizer setting loaded from file: False
2026-04-21T18:34:43.9413|INFO|DitherStatisticsVM.cs|SubscribeToGuiderEvents|834|Subscribed to NINA guider events
2026-04-21T18:34:43.9454|ERROR|DitherStatisticsVM.cs|GetThemeColor|1437|Failed to get theme color 'PrimaryBrush': The calling thread cannot access this object because a different thread owns it.
2026-04-21T18:34:43.9456|INFO|DitherStatisticsVM.cs|StartThemeColorMonitoring|1329|Initial PrimaryBrush color: R:255 G:255 B:255
2026-04-21T18:34:43.9457|INFO|DitherStatisticsVM.cs|.ctor|96|DitherStatisticsVM initialized successfully with ScottPlot 4.1 (Lazy Loading)!
2026-04-21T18:34:43.9462|INFO|DitherStatisticsVM.cs|StartThemeColorMonitoring|1338|Theme color monitoring timer started on UI thread
2026-04-21T18:34:43.9478|INFO|PluginLoader.cs|LoadPlugin|402|Successfully loaded plugin Dither Statistics version 1.3.0.0 by Thierry Tschanz
2026-04-21T18:34:44.1588|INFO|PluginLoader.cs|LoadPlugin|402|Successfully loaded plugin Filter Offset Calculator version 2.0.0.0 by S. Dimant & Stefan Berg
2026-04-21T18:34:44.4450|INFO|DitherStatisticsVM.cs|OnThemeColorTimerTick|1357|Theme color CHANGED! Old: R:255 G:255 B:255 -> New: R:176 G:179 B:185
2026-04-21T18:34:44.4767|INFO|PluginLoader.cs|LoadPlugin|402|Successfully loaded plugin Flexure Correction version 0.8.0.0 by Francesco Meschia
2026-04-21T18:34:44.5555|INFO|DitherStatisticsVM.cs|PixelShiftPlot|136|PixelShiftPlot created (lazy loading)
2026-04-21T18:34:44.5858|INFO|DitherStatisticsVM.cs|SettleTimePlot|177|SettleTimePlot created (lazy loading)
2026-04-21T18:34:45.9451|INFO|DitherStatisticsVM.cs|ConnectToPHD2|708|Attempting to connect to PHD2...
2026-04-21T18:34:45.9469|INFO|PHD2Client.cs|ConnectAsync|102|PHD2Client: Connecting to PHD2 at 127.0.0.1:4400...
2026-04-21T18:34:47.8684|INFO|PluginLoader.cs|LoadPlugin|402|Successfully loaded plugin Ground Station version 3.0.0.117 by Dale Ghent
2026-04-21T18:34:47.9925|ERROR|PHD2Client.cs|ConnectAsync|132|PHD2Client: Connection failed: No connection could be made because the target machine actively refused it.
2026-04-21T18:34:47.9929|INFO|DitherStatisticsVM.cs|OnPHD2ConnectionStatusChanged|737|PHD2 Connection Status: Connection failed: No connection could be made because the target machine actively refused it.
2026-04-21T18:35:05.8555|INFO|PluginLoader.cs|LoadPlugin|402|Successfully loaded plugin Hocus Focus version 3.0.0.25 by George Hilios (jokogeo)
2026-04-21T18:35:06.8608|INFO|PluginLoader.cs|LoadPlugin|402|Successfully loaded plugin Horizon Creator version 1.1.2.1 by Christian Palm
2026-04-21T18:35:07.1321|INFO|PluginLoader.cs|LoadPlugin|402|Successfully loaded plugin Lightbucket version 2.2.4.0 by Lightbucket
2026-04-21T18:35:08.4280|INFO|PluginLoader.cs|LoadPlugin|402|Successfully loaded plugin Livestack version 1.1.3.0 by Stefan Berg @isbeorn
2026-04-21T18:35:08.7096|INFO|PluginLoader.cs|LoadPlugin|402|Successfully loaded plugin Log Viewer version 1.0.0.2 by Alexander Wrede @astro_alex80
2026-04-21T18:35:08.9705|INFO|PluginLoader.cs|LoadPlugin|402|Successfully loaded plugin Moon Angle version 2.2.0.0 by Dale Ghent
2026-04-21T18:35:09.6305|INFO|SessionDatabase.cs|.ctor|32|NightSummary: Database path: C:\Users\nicka\AppData\Local\NINA\NightSummary\nightsummary.sqlite
2026-04-21T18:35:09.6307|INFO|SessionDatabase.cs|.ctor|33|NightSummary: Database exists: True
2026-04-21T18:35:09.6728|INFO|SessionService.cs|.ctor|116|NightSummary: SessionService created — messageBroker=True
2026-04-21T18:35:09.8686|INFO|NightSummaryPlugin.cs|.ctor|252|NightSummary: Plugin initialized successfully
2026-04-21T18:35:09.8748|INFO|SessionDatabase.cs|.ctor|32|NightSummary: Database path: C:\Users\nicka\AppData\Local\NINA\NightSummary\nightsummary.sqlite
2026-04-21T18:35:09.8750|INFO|SessionDatabase.cs|.ctor|33|NightSummary: Database exists: True
2026-04-21T18:35:09.8891|INFO|SessionService.cs|.ctor|116|NightSummary: SessionService created — messageBroker=True
2026-04-21T18:35:09.8913|INFO|PluginLoader.cs|LoadPlugin|402|Successfully loaded plugin Night Summary version 2.11.0.0 by Evan Pegors
2026-04-21T18:35:10.3686|INFO|PluginLoader.cs|LoadPlugin|402|Successfully loaded plugin Phd2 Tools version 1.0.6.0 by Stefan Berg @isbeorn
2026-04-21T18:35:10.8050|INFO|PluginLoader.cs|LoadPlugin|402|Successfully loaded plugin PixInsight Tools version 1.0.0.3 by Stefan Berg
2026-04-21T18:35:11.9379|INFO|PluginLoader.cs|LoadPlugin|402|Successfully loaded plugin Point3D version 0.2.3.0 by Drew McDermott
2026-04-21T18:35:12.4066|INFO|StarfrontClient.cs|StartFolderWatcher|167|[Rockwood] Watching: C:\ASTROIMAGES\NINA\
2026-04-21T18:35:12.4098|INFO|PluginLoader.cs|LoadPlugin|402|Successfully loaded plugin Rockwood Starfront version 1.0.0.0 by Rockwood Observatory
2026-04-21T18:35:12.4099|INFO|StarfrontClient.cs|RunLoop|68|[Rockwood] connecting to wss://api.starfront.space:443/ws/scope?key=***
2026-04-21T18:35:12.5921|INFO|StarfrontClient.cs|RunLoop|71|[Rockwood] connected
2026-04-21T18:35:13.5468|INFO|PluginLoader.cs|LoadPlugin|402|Successfully loaded plugin Scope Control version 2.0.2.1 by Stefan Berg @isbeorn
2026-04-21T18:35:16.2064|WARNING|When.cs|GetRunningItem|143|Can't get running items: SequencerNavigation not initialized yet!
2026-04-21T18:35:16.4763|INFO|PluginLoader.cs|LoadPlugin|402|Successfully loaded plugin Sequencer Powerups version 3.29.0.9 by Marc Blank
2026-04-21T18:35:17.5697|INFO|PluginLoader.cs|LoadPlugin|402|Successfully loaded plugin Session Metadata version 2.6.3.0 by Tom Palmer @tcpalmer
2026-04-21T18:35:17.7130|INFO|PluginLoader.cs|LoadPlugin|402|Successfully loaded plugin Shutdown PC version 2.2.0.0 by Dale Ghent
2026-04-21T18:35:18.0901|INFO|PluginLoader.cs|LoadPlugin|402|Successfully loaded plugin SkyFlats version 1.0.0.4 by Gerald Hitz (@photon)
2026-04-21T18:35:18.7774|INFO|PluginLoader.cs|LoadPlugin|402|Successfully loaded plugin Smart Filters version 1.0.0.3 by Benoit SAINTOT
2026-04-21T18:35:20.5969|INFO|Plugin.cs|RunStationHeartbeatLoopAsync|691|[Subframes] TS not detected at startup — deferring first heartbeat to allow plugin load to complete.
2026-04-21T18:35:20.6047|INFO|SyncEngine.cs|Start|41|[Subframes] SyncEngine started.
2026-04-21T18:35:20.6084|INFO|Plugin.cs|.ctor|166|[Subframes] Plugin loaded (primary instance).
2026-04-21T18:35:20.6120|WARNING|Plugin.cs|OnImportsSatisfied|196|[Subframes] Sequence event subscription deferred — SequenceMediator internals not yet initialized.
2026-04-21T18:35:20.6186|WARNING|Plugin.cs|.ctor|113|[Subframes] Duplicate plugin instance created by MEF — proxying to primary to prevent duplicate sessions/sync.
2026-04-21T18:35:20.6210|INFO|PluginLoader.cs|LoadPlugin|402|Successfully loaded plugin Subframes version 0.2.9.0 by Subframes
2026-04-21T18:35:21.2171|WARNING|When.cs|GetRunningItem|143|Can't get running items: SequencerNavigation not initialized yet!
2026-04-21T18:35:21.4801|INFO|PluginLoader.cs|LoadPlugin|402|Successfully loaded plugin Target Planning version 3.2.1.0 by Tom Palmer @tcpalmer
2026-04-21T18:35:26.2197|WARNING|When.cs|GetRunningItem|143|Can't get running items: SequencerNavigation not initialized yet!
2026-04-21T18:35:28.6867|INFO|PluginLoader.cs|LoadPlugin|402|Successfully loaded plugin Target Scheduler version 5.9.0.0 by Tom Palmer @tcpalmer
2026-04-21T18:35:29.3341|INFO|PluginLoader.cs|LoadPlugin|402|Successfully loaded plugin Three Point Polar Alignment version 2.2.5.1 by Stefan Berg @isbeorn
2026-04-21T18:35:31.2202|WARNING|When.cs|GetRunningItem|143|Can't get running items: SequencerNavigation not initialized yet!
2026-04-21T18:35:31.7248|INFO|SessionHistoryManager.cs|PurgeHistoryOlderThan|102|purging web session history older than 10 days
2026-04-21T18:35:31.7808|INFO|PluginLoader.cs|LoadPlugin|402|Successfully loaded plugin Web Session History Viewer version 2.2.1.0 by Tom Palmer @tcpalmer
2026-04-21T18:35:32.3610|INFO|PluginFetcher.cs|RequestAll|43|Fetching plugin manifests from https://nighttime-imaging.eu/wp-json/nina/v1/plugins/manifests
2026-04-21T18:35:32.4024|INFO|RotatorChooserVM.cs|GetEquipment|45|Found 1 Networked Rotator Rotators
2026-04-21T18:35:32.8225|INFO|CameraChooserVM.cs|GetEquipment|279|Found 0 SVBony Cameras
2026-04-21T18:35:32.9361|INFO|CameraChooserVM.cs|GetEquipment|279|Found 0 PlayerOne Cameras
2026-04-21T18:35:33.0211|INFO|CameraChooserVM.cs|GetEquipment|279|Found 0 ASTPAN Cameras
2026-04-21T18:35:33.0235|INFO|CameraChooserVM.cs|GetEquipment|293|Found 4 ASCOM Cameras
2026-04-21T18:35:33.0951|INFO|FilterWheelChooserVM.cs|GetEquipment|167|Found 1 Networked Filter Wheel Filter Wheels
2026-04-21T18:35:33.3402|INFO|Plugin.cs|TrySubscribeSequenceEvents|222|[Subframes] ISequenceMediator.SequenceStarted not present in this NINA build — session will open on first captured image instead.
2026-04-21T18:35:33.3405|INFO|Plugin.cs|RetrySubscribeSequenceEventsAsync|253|[Subframes] Deferred sequence event subscription succeeded after 12s.
2026-04-21T18:35:33.6247|INFO|Sequence2VM.cs|TryLoadSequenceFile|414|Loading sequence file: C:\Users\nicka\Astro\NINA\NINA_Sequences\TargetScheduler.json
2026-04-21T18:35:34.2525|INFO|PluginFetcher.cs|RequestAll|57|Found 77 valid plugins at https://nighttime-imaging.eu/wp-json/nina/v1/plugins/manifests
2026-04-21T18:35:34.3634|INFO|Sequence2VM.cs|TryLoadSequenceFile|420|Starting sequence from command line options
2026-04-21T18:35:34.3667|INFO|Sequence2VM.cs|StartSequence|543|Advanced Sequence starting
2026-04-21T18:35:34.9573|INFO|WeatherDataChooserVM.cs|GetEquipment|69|Found 0 Alpaca Observing Conditions
2026-04-21T18:35:34.9602|INFO|RotatorChooserVM.cs|GetEquipment|68|Found 0 Alpaca Rotators
2026-04-21T18:35:35.0590|INFO|SequenceItem.cs|Run|208|Starting Category: * Instruction Set *, Container: NINA.Sequencer.Container.SequenceRootContainer, Strategy: SequentialStrategy, Items[CREATED]: 3, Triggers: Category: Ground Station, Item: Failures to Telegram
2026-04-21T18:35:35.0865|INFO|SequenceItem.cs|Run|208|Starting Category: * Instruction Set *, Container: NINA.Sequencer.Container.StartAreaContainer, Strategy: SequentialStrategy, Items[CREATED]: 1
2026-04-21T18:35:35.0877|INFO|SequenceItem.cs|Run|208|Starting Category: * Instruction Set *, Container: NINA.Sequencer.Container.SequentialContainer, Strategy: SequentialStrategy, Items[CREATED]: 10
2026-04-21T18:35:35.0885|INFO|SequenceItem.cs|Run|208|Starting Category: Ground Station, Item: Send to Pushover, Title: Start
2026-04-21T18:35:35.1211|INFO|TelescopeChooserVM.cs|GetEquipment|69|Found 0 Alpaca Telescopes
2026-04-21T18:35:35.1225|INFO|CameraChooserVM.cs|GetEquipment|305|Found 0 Alpaca Cameras
2026-04-21T18:35:35.1290|INFO|CameraChooserVM.cs|GetEquipment|318|Found 0 Canon Cameras
2026-04-21T18:35:35.1476|INFO|DomeChooserVM.cs|GetEquipment|67|Found 0 Alpaca Domes
2026-04-21T18:35:35.1501|INFO|FilterWheelChooserVM.cs|GetEquipment|193|Found 0 Alpaca Filter Wheels
2026-04-21T18:35:35.1552|INFO|FlatDeviceChooserVM.cs|GetEquipment|67|Found 0 Alpaca Cover Calibrators
2026-04-21T18:35:35.2744|INFO|SafetyMonitorChooserVM.cs|GetEquipment|71|Found 0 Alpaca Safety Monitors
2026-04-21T18:35:35.2955|INFO|SwitchChooserVM.cs|GetEquipment|71|Found 0 Alpaca Switch Hubs
2026-04-21T18:35:35.3161|INFO|SequenceItem.cs|Run|254|Finishing Category: Ground Station, Item: Send to Pushover, Title: Start
2026-04-21T18:35:35.3302|INFO|SequenceItem.cs|Run|208|Starting Category: Utility, Item: WaitForTime, Time: 19:45:54h, Offset: -80
2026-04-21T18:35:35.4062|INFO|DockManagerVM.cs|InitializeAvalonDockLayout|366|Initializing imaging tab layout from C:\Users\nicka\AppData\Local\NINA\Profiles\0173997c-4bfa-48fd-9337-a48b6df99c38.dock.config
2026-04-21T18:35:37.2938|INFO|FocuserChooserVM.cs|GetEquipment|84|Found 0 Alpaca Focusers
2026-04-21T18:36:27.7419|INFO|TargetSchedulerDetector.cs|DoProbeAsync|170|[Subframes] TargetSchedulerDetector: state no_api → active
2026-04-21T19:45:58.3142|INFO|SequenceItem.cs|Run|254|Finishing Category: Utility, Item: WaitForTime, Time: 19:45:54h, Offset: -80
2026-04-21T19:45:58.3165|INFO|SequenceItem.cs|Run|208|Starting Category: Ground Station, Item: Send to Telegram
2026-04-21T19:45:59.1393|INFO|SequenceItem.cs|Run|254|Finishing Category: Ground Station, Item: Send to Telegram
2026-04-21T19:45:59.1396|INFO|SequenceItem.cs|Run|208|Starting Category: Ground Station, Item: Send to Pushover, Title: Configure Equipment
2026-04-21T19:45:59.2871|INFO|SequenceItem.cs|Run|254|Finishing Category: Ground Station, Item: Send to Pushover, Title: Configure Equipment
2026-04-21T19:45:59.2886|INFO|SequenceItem.cs|Run|208|Starting Category: Connect, Item: ConnectAllEquipment
2026-04-21T19:45:59.3147|INFO|CameraChooserVM.cs|GetEquipment|69|Found 2 ASI Cameras
2026-04-21T19:45:59.3858|INFO|CameraChooserVM.cs|GetEquipment|84|Found 0 Altair Cameras
2026-04-21T19:45:59.3859|INFO|CameraChooserVM.cs|GetEquipment|96|Found 0 Atik Cameras
2026-04-21T19:45:59.3866|INFO|CameraChooserVM.cs|GetEquipment|110|Found 0 FLI Cameras
2026-04-21T19:45:59.3867|INFO|CameraChooserVM.cs|GetEquipment|130|Found 0 QHYCCD Cameras
2026-04-21T19:45:59.5440|INFO|CameraChooserVM.cs|GetEquipment|158|Found 0 ToupTek Cameras
2026-04-21T19:45:59.5493|INFO|CameraChooserVM.cs|GetEquipment|173|Found 0 Ogma Cameras
2026-04-21T19:45:59.5633|INFO|CameraChooserVM.cs|GetEquipment|188|Found 0 Omegon Cameras
2026-04-21T19:45:59.7229|INFO|CameraChooserVM.cs|GetEquipment|203|Found 0 RisingCam Cameras
2026-04-21T19:45:59.7372|INFO|CameraChooserVM.cs|GetEquipment|218|Found 0 MallinCam Cameras
2026-04-21T19:45:59.7389|INFO|CameraChooserVM.cs|GetEquipment|243|Found 0 SVBony Cameras
2026-04-21T19:45:59.7416|INFO|CameraChooserVM.cs|GetEquipment|259|Found 0 SBIG Cameras
2026-04-21T19:45:59.7423|INFO|CameraChooserVM.cs|GetEquipment|279|Found 0 SVBony Cameras
2026-04-21T19:45:59.7426|INFO|CameraChooserVM.cs|GetEquipment|279|Found 0 PlayerOne Cameras
2026-04-21T19:45:59.7506|INFO|CameraChooserVM.cs|GetEquipment|279|Found 0 ASTPAN Cameras
2026-04-21T19:45:59.7514|INFO|CameraChooserVM.cs|GetEquipment|293|Found 4 ASCOM Cameras
2026-04-21T19:46:01.7527|INFO|CameraChooserVM.cs|GetEquipment|305|Found 0 Alpaca Cameras
2026-04-21T19:46:01.7589|INFO|CameraChooserVM.cs|GetEquipment|318|Found 0 Canon Cameras
2026-04-21T19:46:01.8312|INFO|CameraVM.cs|Disconnect|650|Disconnected Camera
2026-04-21T19:46:02.4000|WARNING|ASICamera.cs|SetControlValue|568|Failed to set ASI Control Value ASI_WB_B with value 50
2026-04-21T19:46:02.4001|WARNING|ASICamera.cs|SetControlValue|568|Failed to set ASI Control Value ASI_WB_R with value 50
2026-04-21T19:46:02.4002|WARNING|ASICamera.cs|SetControlValue|568|Failed to set ASI Control Value ASI_GAMMA with value 50
2026-04-21T19:46:02.4002|WARNING|ASICamera.cs|SetControlValue|568|Failed to set ASI Control Value ASI_HIGH_SPEED_MODE with value 0
2026-04-21T19:46:02.4003|WARNING|ASICamera.cs|SetControlValue|568|Failed to set ASI Control Value ASI_OVERCLOCK with value 0
2026-04-21T19:46:02.4004|WARNING|ASICamera.cs|SetControlValue|568|Failed to set ASI Control Value ASI_PATTERN_ADJUST with value 0
2026-04-21T19:46:02.4013|WARNING|ASICamera.cs|SetControlValue|568|Failed to set ASI Control Value ASI_MONO_BIN with value 0
2026-04-21T19:46:02.4024|INFO|ASICamera.cs|Initialize|664|Camera ID: ASI533MM
2026-04-21T19:46:02.4138|WARNING|ASICamera.cs|SetControlValue|568|Failed to set ASI Control Value ASI_ANTI_DEW_HEATER with value 0
2026-04-21T19:46:02.4876|INFO|CameraVM.cs|ChooseCamera|455|Successfully connected Camera. Id: ZWOptical_ZWO ASI533MM Pro_ASI533MM Name: ZWO ASI533MM Pro DisplayName: ZWO ASI533MM Pro (ASI533MM)Driver Version: 1, 39, 0, 0
2026-04-21T19:46:03.0394|INFO|FilterWheelChooserVM.cs|GetEquipment|167|Found 1 Networked Filter Wheel Filter Wheels
2026-04-21T19:46:05.0402|INFO|FilterWheelChooserVM.cs|GetEquipment|193|Found 0 Alpaca Filter Wheels
2026-04-21T19:46:05.0699|INFO|FilterWheelVM.cs|Disconnect|333|Disconnected Filter Wheel
2026-04-21T19:46:08.4575|INFO|FilterWheelVM.cs|ChooseFW|279|Successfully connected Filter Wheel. Id: ASCOM.EFW2.FilterWheel Name: ZWO FilterWheel DisplayName: ZWO FilterWheel (ASCOM) Driver Version: 6.0
2026-04-21T19:46:12.3294|INFO|FocuserChooserVM.cs|GetEquipment|84|Found 0 Alpaca Focusers
2026-04-21T19:46:12.3421|INFO|FocuserVM.cs|Disconnect|441|Disconnected Focuser
2026-04-21T19:46:14.1120|ERROR|AscomDevice.cs|GetProperty|546|An unexpected exception occurred during GET of Focuser.StepSize: 
ASCOM.DriverException: The method or operation is not implemented.
 ---> System.NotImplementedException: The method or operation is not implemented.
   --- End of inner exception stack trace ---
   at ASCOM.Com.DriverAccess.DynamicAccess.CheckDotNetExceptions(String memberName, Exception e) in J:\ASCOMLibrary\ASCOM.Com\ASCOM.Com.DriverAccess\BaseClass\DynamicAccess.cs:line 278
   at ASCOM.Com.DriverAccess.DynamicAccess.TryGetMember(GetMemberBinder binder, Object& result) in J:\ASCOMLibrary\ASCOM.Com\ASCOM.Com.DriverAccess\BaseClass\DynamicAccess.cs:line 150
   at CallSite.Target(Closure, CallSite, Object)
   at System.Dynamic.UpdateDelegates.UpdateAndExecute1[T0,TRet](CallSite site, T0 arg0)
   at ASCOM.Com.DriverAccess.Focuser.get_StepSize() in J:\ASCOMLibrary\ASCOM.Com\ASCOM.Com.DriverAccess\Focuser.cs:line 159
   at System.RuntimeMethodHandle.InvokeMethod(Object target, Void** arguments, Signature sig, Boolean isConstructor)
   at System.Reflection.MethodBaseInvoker.InvokeWithNoArgs(Object obj, BindingFlags invokeAttr)
2026-04-21T19:46:14.3223|INFO|AscomDevice.cs|GetProperty|485|Retrying to GET Focuser.StepSize - Attempt 2 / 3
2026-04-21T19:46:14.3254|ERROR|AscomDevice.cs|GetProperty|546|An unexpected exception occurred during GET of Focuser.StepSize: 
ASCOM.DriverException: The method or operation is not implemented.
 ---> System.NotImplementedException: The method or operation is not implemented.
   --- End of inner exception stack trace ---
   at ASCOM.Com.DriverAccess.DynamicAccess.CheckDotNetExceptions(String memberName, Exception e) in J:\ASCOMLibrary\ASCOM.Com\ASCOM.Com.DriverAccess\BaseClass\DynamicAccess.cs:line 278
   at ASCOM.Com.DriverAccess.DynamicAccess.TryGetMember(GetMemberBinder binder, Object& result) in J:\ASCOMLibrary\ASCOM.Com\ASCOM.Com.DriverAccess\BaseClass\DynamicAccess.cs:line 150
   at CallSite.Target(Closure, CallSite, Object)
   at ASCOM.Com.DriverAccess.Focuser.get_StepSize() in J:\ASCOMLibrary\ASCOM.Com\ASCOM.Com.DriverAccess\Focuser.cs:line 159
   at InvokeStub_Focuser.get_StepSize(Object, Object, IntPtr*)
   at System.Reflection.MethodBaseInvoker.InvokeWithNoArgs(Object obj, BindingFlags invokeAttr)
2026-04-21T19:46:14.5273|INFO|AscomDevice.cs|GetProperty|485|Retrying to GET Focuser.StepSize - Attempt 3 / 3
2026-04-21T19:46:14.5283|ERROR|AscomDevice.cs|GetProperty|546|An unexpected exception occurred during GET of Focuser.StepSize: 
ASCOM.DriverException: The method or operation is not implemented.
 ---> System.NotImplementedException: The method or operation is not implemented.
   --- End of inner exception stack trace ---
   at ASCOM.Com.DriverAccess.DynamicAccess.CheckDotNetExceptions(String memberName, Exception e) in J:\ASCOMLibrary\ASCOM.Com\ASCOM.Com.DriverAccess\BaseClass\DynamicAccess.cs:line 278
   at ASCOM.Com.DriverAccess.DynamicAccess.TryGetMember(GetMemberBinder binder, Object& result) in J:\ASCOMLibrary\ASCOM.Com\ASCOM.Com.DriverAccess\BaseClass\DynamicAccess.cs:line 150
   at CallSite.Target(Closure, CallSite, Object)
   at ASCOM.Com.DriverAccess.Focuser.get_StepSize() in J:\ASCOMLibrary\ASCOM.Com\ASCOM.Com.DriverAccess\Focuser.cs:line 159
   at InvokeStub_Focuser.get_StepSize(Object, Object, IntPtr*)
   at System.Reflection.MethodBaseInvoker.InvokeWithNoArgs(Object obj, BindingFlags invokeAttr)
2026-04-21T19:46:14.5287|INFO|AscomDevice.cs|GetProperty|556|GET Focuser.StepSize failed - Returning last known value 0
2026-04-21T19:46:14.7546|INFO|FocuserVM.cs|ChooseFocuser|333|Successfully connected Focuser. Id: ASCOM.EAF.Focuser Name: ZWO Focuser DisplayName: ZWO Focuser (ASCOM) Driver Version: 6.0
2026-04-21T19:46:16.7603|INFO|TelescopeChooserVM.cs|GetEquipment|69|Found 0 Alpaca Telescopes
2026-04-21T19:46:16.8076|INFO|TelescopeVM.cs|Disconnect|740|Disconnected mount
2026-04-21T19:46:19.5033|INFO|AscomTelescope.cs|CheckMountTime|845|Mount UTC Time: 2026-04-22 00:46:17Z / System UTC Time: 2026-04-22 00:46:19Z; Difference: 1.665 seconds
2026-04-21T19:46:19.5468|INFO|AscomTelescope.cs|CheckMountTime|852|System time has been synced to the mount
2026-04-21T19:46:19.8241|INFO|TelescopeVM.cs|ChooseTelescope|535|Successfully connected mount. Id: ASCOM.iOptron2017.Telescope Name: iOptron CEM120,70,40,26, GEM, HEM, HAE, HAZ series and SkyHunter Mount DisplayName: iOptron CEM120,70,40,26, GEM, HEM, HAE, HAZ series and SkyHunter Mount (ASCOM) Driver Version: 9.15
2026-04-21T19:46:19.8361|INFO|PHD2Guider.cs|Connect|205|Connecting to PHD2 server at 127.0.0.1:4400
2026-04-21T19:46:23.4727|INFO|PHD2Client.cs|ConnectAsync|118|PHD2Client: Connected successfully!
2026-04-21T19:46:23.4728|INFO|DitherStatisticsVM.cs|OnPHD2ConnectionStatusChanged|734|PHD2 Connection Status: Connected
2026-04-21T19:46:23.4728|INFO|DitherStatisticsVM.cs|ConnectToPHD2|713|Successfully connected to PHD2!
2026-04-21T19:46:23.4740|INFO|PHD2Client.cs|ReadEventsAsync|181|PHD2Client: Started reading events
2026-04-21T19:46:24.4622|INFO|PHD2Client.cs|HandleVersion|366|PHD2Client: Connected to PHD2 version 2.6.14. (Message Protocol v1)
2026-04-21T19:46:24.4634|INFO|PHD2Client.cs|HandleAppState|376|PHD2Client: PHD2 AppState: Stopped
2026-04-21T19:46:24.6215|INFO|PHD2Client.cs|ProcessEvent|268|PHD2: ConfigurationChange
2026-04-21T19:46:25.3420|INFO|PHD2Client.cs|QueryExposureTime|1216|PHD2Client: Exposure time from PHD2 API: 2.000 seconds (2000 ms)
2026-04-21T19:46:27.3700|INFO|WeatherDataChooserVM.cs|GetEquipment|69|Found 0 Alpaca Observing Conditions
2026-04-21T19:46:27.3998|INFO|WeatherDataVM.cs|Disconnect|305|Disconnected Weather Device
2026-04-21T19:46:29.6829|INFO|AscomDevice.cs|GetProperty|527|Property ObservingConditions.SkyQuality GET is not implemented in this driver (SkyAlert Observing Conditions)
2026-04-21T19:46:29.6909|INFO|AscomDevice.cs|GetProperty|527|Property ObservingConditions.StarFWHM GET is not implemented in this driver (SkyAlert Observing Conditions)
2026-04-21T19:46:29.7049|INFO|WeatherDataVM.cs|ChooseWeatherData|150|Successfully connected Weather Device. Id: ASCOM.SkyAlert.ObservingConditions Name: SkyAlert Observing Conditions DisplayName: SkyAlert Observing Conditions (ASCOM) Driver Version: 1.7
2026-04-21T19:46:31.7060|INFO|SafetyMonitorChooserVM.cs|GetEquipment|71|Found 0 Alpaca Safety Monitors
2026-04-21T19:46:31.7253|INFO|SafetyMonitorVM.cs|Disconnect|221|Disconnected Safety Monitor
2026-04-21T19:46:32.3901|INFO|SafetyMonitorVM.cs|Connect|175|Successfully connected Safety Monitor. Id: ASCOM.GenericFile.SafetyMonitor Name: Generic File driver DisplayName: Generic File driver (ASCOM) Driver Version: 6.4
2026-04-21T19:46:32.3905|INFO|SequenceItem.cs|Run|254|Finishing Category: Connect, Item: ConnectAllEquipment
2026-04-21T19:46:32.3911|INFO|SequenceItem.cs|Run|208|Starting Category: Telescope, Item: FindHome
2026-04-21T19:46:32.3979|INFO|PHD2Guider.cs|StopGuiding|704|Phd2 - Stop Guiding skipped, as the app is already in state Stopped
2026-04-21T19:46:32.3997|INFO|TelescopeVM.cs|FindHome|292|Mount ordered to locate home position
2026-04-21T19:46:32.4022|INFO|TelescopeVM.cs|FindHome|336|Mount ordered to home but it is already at home
2026-04-21T19:46:32.4027|INFO|TelescopeVM.cs|FindHome|348|Mount has located its home position
2026-04-21T19:46:32.4037|INFO|SequenceItem.cs|Run|254|Finishing Category: Telescope, Item: FindHome
2026-04-21T19:46:32.4040|INFO|SequenceItem.cs|Run|208|Starting Category: Ground Station, Item: Send to Telegram
2026-04-21T19:46:33.0477|INFO|SequenceItem.cs|Run|254|Finishing Category: Ground Station, Item: Send to Telegram
2026-04-21T19:46:33.0481|INFO|SequenceItem.cs|Run|208|Starting Category: Ground Station, Item: Send to Pushover, Title: Cool
2026-04-21T19:46:33.2085|INFO|SequenceItem.cs|Run|254|Finishing Category: Ground Station, Item: Send to Pushover, Title: Cool
2026-04-21T19:46:33.2114|INFO|SequenceItem.cs|Run|208|Starting Category: Camera, Item: CoolCamera, Temperature: -5, Duration: 15
2026-04-21T19:46:33.2408|INFO|CameraVM.cs|CoolCamera|138|Cooling Camera. Target: -5 Duration: 00:15:00
2026-04-21T19:46:34.3913|INFO|SafetyMonitorVM.cs|UpdateMonitorValues|95|SafetyMonitorInfo state changed to Unsafe
2026-04-21T19:51:13.9452|INFO|ApplicationDeviceConnectionVM.cs|UsbDeviceWatcher_DeviceRemoved|237|USB Device disconnected DeviceId: USB\VID_0403&PID_6015\D30AAMKK, PnpDeviceId: USB\VID_0403&PID_6015\D30AAMKK, Description: USB Serial Converter, Name: USB Serial Converter, Manufacturer: FTDI, Service: FTDIBUS, Status: OK
2026-04-21T19:51:16.7529|ERROR|AscomDevice.cs|GetProperty|546|An unexpected exception occurred during GET of Focuser.IsMoving: 
ASCOM.DriverAccessCOMException (0x00000000): IsMoving Failure
 ---> System.Runtime.InteropServices.COMException (0x00000000): IsMoving Failure
   at ASCOM.Com.DriverAccess.DynamicAccess.CheckDotNetExceptions(String memberName, Exception e) in J:\ASCOMLibrary\ASCOM.Com\ASCOM.Com.DriverAccess\BaseClass\DynamicAccess.cs:line 271
   at ASCOM.Com.DriverAccess.DynamicAccess.TryGetMember(GetMemberBinder binder, Object& result) in J:\ASCOMLibrary\ASCOM.Com\ASCOM.Com.DriverAccess\BaseClass\DynamicAccess.cs:line 150
   at CallSite.Target(Closure, CallSite, Object)
   at ASCOM.Com.DriverAccess.Focuser.get_IsMoving() in J:\ASCOMLibrary\ASCOM.Com\ASCOM.Com.DriverAccess\Focuser.cs:line 147
   at InvokeStub_Focuser.get_IsMoving(Object, Object, IntPtr*)
   at System.Reflection.MethodBaseInvoker.InvokeWithNoArgs(Object obj, BindingFlags invokeAttr)
2026-04-21T19:51:16.9549|INFO|AscomDevice.cs|GetProperty|485|Retrying to GET Focuser.IsMoving - Attempt 2 / 3
2026-04-21T19:51:16.9586|ERROR|AscomDevice.cs|GetProperty|546|An unexpected exception occurred during GET of Focuser.IsMoving: 
ASCOM.DriverAccessCOMException (0x00000000): IsMoving Failure
 ---> System.Runtime.InteropServices.COMException (0x00000000): IsMoving Failure
   at ASCOM.Com.DriverAccess.DynamicAccess.CheckDotNetExceptions(String memberName, Exception e) in J:\ASCOMLibrary\ASCOM.Com\ASCOM.Com.DriverAccess\BaseClass\DynamicAccess.cs:line 271
   at ASCOM.Com.DriverAccess.DynamicAccess.TryGetMember(GetMemberBinder binder, Object& result) in J:\ASCOMLibrary\ASCOM.Com\ASCOM.Com.DriverAccess\BaseClass\DynamicAccess.cs:line 150
   at CallSite.Target(Closure, CallSite, Object)
   at ASCOM.Com.DriverAccess.Focuser.get_IsMoving() in J:\ASCOMLibrary\ASCOM.Com\ASCOM.Com.DriverAccess\Focuser.cs:line 147
   at InvokeStub_Focuser.get_IsMoving(Object, Object, IntPtr*)
   at System.Reflection.MethodBaseInvoker.InvokeWithNoArgs(Object obj, BindingFlags invokeAttr)
2026-04-21T19:51:17.1597|INFO|AscomDevice.cs|GetProperty|485|Retrying to GET Focuser.IsMoving - Attempt 3 / 3
2026-04-21T19:51:17.1622|ERROR|AscomDevice.cs|GetProperty|546|An unexpected exception occurred during GET of Focuser.IsMoving: 
ASCOM.DriverAccessCOMException (0x00000000): IsMoving Failure
 ---> System.Runtime.InteropServices.COMException (0x00000000): IsMoving Failure
   at ASCOM.Com.DriverAccess.DynamicAccess.CheckDotNetExceptions(String memberName, Exception e) in J:\ASCOMLibrary\ASCOM.Com\ASCOM.Com.DriverAccess\BaseClass\DynamicAccess.cs:line 271
   at ASCOM.Com.DriverAccess.DynamicAccess.TryGetMember(GetMemberBinder binder, Object& result) in J:\ASCOMLibrary\ASCOM.Com\ASCOM.Com.DriverAccess\BaseClass\DynamicAccess.cs:line 150
   at CallSite.Target(Closure, CallSite, Object)
   at ASCOM.Com.DriverAccess.Focuser.get_IsMoving() in J:\ASCOMLibrary\ASCOM.Com\ASCOM.Com.DriverAccess\Focuser.cs:line 147
   at InvokeStub_Focuser.get_IsMoving(Object, Object, IntPtr*)
   at System.Reflection.MethodBaseInvoker.InvokeWithNoArgs(Object obj, BindingFlags invokeAttr)
2026-04-21T19:51:17.1631|INFO|AscomDevice.cs|GetProperty|556|GET Focuser.IsMoving failed - Returning last known value False
2026-04-21T19:51:17.9110|INFO|ApplicationDeviceConnectionVM.cs|UsbDeviceWatcher_DeviceRemoved|237|USB Device disconnected DeviceId: USB\VID_03C3&PID_1F10\7&2414095C&0&1, PnpDeviceId: USB\VID_03C3&PID_1F10\7&2414095C&0&1, Description: USB Input Device, Name: USB Input Device, Manufacturer: (Standard system devices), Service: HidUsb, Status: OK
2026-04-21T19:51:17.9111|INFO|ApplicationDeviceConnectionVM.cs|UsbDeviceWatcher_DeviceRemoved|237|USB Device disconnected DeviceId: USB\VID_2109&PID_2817\6&26B592B5&0&3, PnpDeviceId: USB\VID_2109&PID_2817\6&26B592B5&0&3, Description: Generic USB Hub, Name: Generic USB Hub, Manufacturer: (Standard USB HUBs), Service: USBHUB3, Status: OK
2026-04-21T19:51:17.9111|INFO|ApplicationDeviceConnectionVM.cs|UsbDeviceWatcher_DeviceRemoved|237|USB Device disconnected DeviceId: USB\VID_04B4&PID_6572\7&2414095C&0&2, PnpDeviceId: USB\VID_04B4&PID_6572\7&2414095C&0&2, Description: Generic USB Hub, Name: Generic USB Hub, Manufacturer: (Standard USB HUBs), Service: USBHUB3, Status: OK
2026-04-21T19:51:17.9112|INFO|ApplicationDeviceConnectionVM.cs|UsbDeviceWatcher_DeviceRemoved|237|USB Device disconnected DeviceId: USB\VID_2109&PID_8817\0000000000000001, PnpDeviceId: USB\VID_2109&PID_8817\0000000000000001, Description: Billboard Device, Name: USB Billboard Device   , Manufacturer: WinUsb Device, Service: WINUSB, Status: OK
2026-04-21T19:51:17.9112|INFO|ApplicationDeviceConnectionVM.cs|UsbDeviceWatcher_DeviceRemoved|237|USB Device disconnected DeviceId: USB\VID_1A40&PID_0101\5&14013D94&0&5, PnpDeviceId: USB\VID_1A40&PID_0101\5&14013D94&0&5, Description: Generic USB Hub, Name: Generic USB Hub, Manufacturer: (Standard USB HUBs), Service: USBHUB3, Status: OK
2026-04-21T19:51:17.9112|INFO|ApplicationDeviceConnectionVM.cs|UsbDeviceWatcher_DeviceRemoved|237|USB Device disconnected DeviceId: USB\VID_1233&PID_1455&MI_00\7&2FB465CB&0&0000, PnpDeviceId: USB\VID_1233&PID_1455&MI_00\7&2FB465CB&0&0000, Description: USB Video Device, Name: iOptron iPolar, Manufacturer: Microsoft, Service: usbvideo, Status: OK
2026-04-21T19:51:17.9112|INFO|ApplicationDeviceConnectionVM.cs|UsbDeviceWatcher_DeviceRemoved|237|USB Device disconnected DeviceId: USB\VID_03C3&PID_1F01\8&2CE6183B&0&3, PnpDeviceId: USB\VID_03C3&PID_1F01\8&2CE6183B&0&3, Description: USB Input Device, Name: USB Input Device, Manufacturer: (Standard system devices), Service: HidUsb, Status: OK
2026-04-21T19:51:17.9112|INFO|ApplicationDeviceConnectionVM.cs|UsbDeviceWatcher_DeviceRemoved|237|USB Device disconnected DeviceId: USB\VID_03C3&PID_533E\8&2CE6183B&0&1, PnpDeviceId: USB\VID_03C3&PID_533E\8&2CE6183B&0&1, Description: ZWO ASI533MM Pro Camera, Name: ZWO ASI533MM Pro Camera, Manufacturer: ZWO, Service: ASICAMUSB3, Status: OK
2026-04-21T19:51:17.9113|INFO|ApplicationDeviceConnectionVM.cs|UsbDeviceWatcher_DeviceRemoved|237|USB Device disconnected DeviceId: USB\VID_1233&PID_1455\6&26B592B5&0&4, PnpDeviceId: USB\VID_1233&PID_1455\6&26B592B5&0&4, Description: USB Composite Device, Name: USB Composite Device, Manufacturer: (Standard USB Host Controller), Service: usbccgp, Status: OK
2026-04-21T19:51:17.9113|INFO|ApplicationDeviceConnectionVM.cs|UsbDeviceWatcher_DeviceRemoved|237|USB Device disconnected DeviceId: USB\VID_03C3&PID_120C\8&2CE6183B&0&2, PnpDeviceId: USB\VID_03C3&PID_120C\8&2CE6183B&0&2, Description: ZWO ASI120MM Mini Camera, Name: ZWO ASI120MM Mini Camera, Manufacturer: ZWO, Service: ASICAMUSB3, Status: OK
2026-04-21T19:51:18.2722|INFO|ApplicationDeviceConnectionVM.cs|UsbDeviceWatcher_DeviceInserted|232|New USB device detected DeviceId: USB\VID_1A40&PID_0101\5&14013D94&0&5, PnpDeviceId: USB\VID_1A40&PID_0101\5&14013D94&0&5, Description: Generic USB Hub, Name: Generic USB Hub, Manufacturer: (Standard USB HUBs), Service: USBHUB3, Status: OK
2026-04-21T19:51:18.7615|ERROR|AscomDevice.cs|GetProperty|546|An unexpected exception occurred during GET of Focuser.IsMoving: 
ASCOM.DriverAccessCOMException (0x00000000): IsMoving Failure
 ---> System.Runtime.InteropServices.COMException (0x00000000): IsMoving Failure
   at ASCOM.Com.DriverAccess.DynamicAccess.CheckDotNetExceptions(String memberName, Exception e) in J:\ASCOMLibrary\ASCOM.Com\ASCOM.Com.DriverAccess\BaseClass\DynamicAccess.cs:line 271
   at ASCOM.Com.DriverAccess.DynamicAccess.TryGetMember(GetMemberBinder binder, Object& result) in J:\ASCOMLibrary\ASCOM.Com\ASCOM.Com.DriverAccess\BaseClass\DynamicAccess.cs:line 150
   at CallSite.Target(Closure, CallSite, Object)
   at ASCOM.Com.DriverAccess.Focuser.get_IsMoving() in J:\ASCOMLibrary\ASCOM.Com\ASCOM.Com.DriverAccess\Focuser.cs:line 147
   at InvokeStub_Focuser.get_IsMoving(Object, Object, IntPtr*)
   at System.Reflection.MethodBaseInvoker.InvokeWithNoArgs(Object obj, BindingFlags invokeAttr)
2026-04-21T19:51:18.9797|INFO|AscomDevice.cs|GetProperty|485|Retrying to GET Focuser.IsMoving - Attempt 2 / 3
2026-04-21T19:51:18.9812|ERROR|AscomDevice.cs|GetProperty|546|An unexpected exception occurred during GET of Focuser.IsMoving: 
ASCOM.DriverAccessCOMException (0x00000000): IsMoving Failure
 ---> System.Runtime.InteropServices.COMException (0x00000000): IsMoving Failure
   at ASCOM.Com.DriverAccess.DynamicAccess.CheckDotNetExceptions(String memberName, Exception e) in J:\ASCOMLibrary\ASCOM.Com\ASCOM.Com.DriverAccess\BaseClass\DynamicAccess.cs:line 271
   at ASCOM.Com.DriverAccess.DynamicAccess.TryGetMember(GetMemberBinder binder, Object& result) in J:\ASCOMLibrary\ASCOM.Com\ASCOM.Com.DriverAccess\BaseClass\DynamicAccess.cs:line 150
   at CallSite.Target(Closure, CallSite, Object)
   at ASCOM.Com.DriverAccess.Focuser.get_IsMoving() in J:\ASCOMLibrary\ASCOM.Com\ASCOM.Com.DriverAccess\Focuser.cs:line 147
   at InvokeStub_Focuser.get_IsMoving(Object, Object, IntPtr*)
   at System.Reflection.MethodBaseInvoker.InvokeWithNoArgs(Object obj, BindingFlags invokeAttr)
2026-04-21T19:51:19.0106|INFO|ApplicationDeviceConnectionVM.cs|UsbDeviceWatcher_DeviceInserted|232|New USB device detected DeviceId: USB\VID_1233&PID_1455&MI_00\7&2FB465CB&0&0000, PnpDeviceId: USB\VID_1233&PID_1455&MI_00\7&2FB465CB&0&0000, Description: USB Video Device, Name: iOptron iPolar, Manufacturer: Microsoft, Service: usbvideo, Status: OK
2026-04-21T19:51:19.0107|INFO|ApplicationDeviceConnectionVM.cs|UsbDeviceWatcher_DeviceInserted|232|New USB device detected DeviceId: USB\VID_1233&PID_1455\6&26B592B5&0&4, PnpDeviceId: USB\VID_1233&PID_1455\6&26B592B5&0&4, Description: USB Composite Device, Name: USB Composite Device, Manufacturer: (Standard USB Host Controller), Service: usbccgp, Status: OK
2026-04-21T19:51:19.2007|INFO|AscomDevice.cs|GetProperty|485|Retrying to GET Focuser.IsMoving - Attempt 3 / 3
2026-04-21T19:51:19.2025|ERROR|AscomDevice.cs|GetProperty|546|An unexpected exception occurred during GET of Focuser.IsMoving: 
ASCOM.DriverAccessCOMException (0x00000000): IsMoving Failure
 ---> System.Runtime.InteropServices.COMException (0x00000000): IsMoving Failure
   at ASCOM.Com.DriverAccess.DynamicAccess.CheckDotNetExceptions(String memberName, Exception e) in J:\ASCOMLibrary\ASCOM.Com\ASCOM.Com.DriverAccess\BaseClass\DynamicAccess.cs:line 271
   at ASCOM.Com.DriverAccess.DynamicAccess.TryGetMember(GetMemberBinder binder, Object& result) in J:\ASCOMLibrary\ASCOM.Com\ASCOM.Com.DriverAccess\BaseClass\DynamicAccess.cs:line 150
   at CallSite.Target(Closure, CallSite, Object)
   at ASCOM.Com.DriverAccess.Focuser.get_IsMoving() in J:\ASCOMLibrary\ASCOM.Com\ASCOM.Com.DriverAccess\Focuser.cs:line 147
   at InvokeStub_Focuser.get_IsMoving(Object, Object, IntPtr*)
   at System.Reflection.MethodBaseInvoker.InvokeWithNoArgs(Object obj, BindingFlags invokeAttr)
2026-04-21T19:51:19.2029|INFO|AscomDevice.cs|GetProperty|556|GET Focuser.IsMoving failed - Returning last known value False
2026-04-21T19:51:19.4698|INFO|ApplicationDeviceConnectionVM.cs|UsbDeviceWatcher_DeviceInserted|232|New USB device detected DeviceId: USB\VID_03C3&PID_1F10\7&2414095C&0&1, PnpDeviceId: USB\VID_03C3&PID_1F10\7&2414095C&0&1, Description: USB Input Device, Name: USB Input Device, Manufacturer: (Standard system devices), Service: HidUsb, Status: OK
2026-04-21T19:51:19.4700|INFO|ApplicationDeviceConnectionVM.cs|UsbDeviceWatcher_DeviceInserted|232|New USB device detected DeviceId: USB\VID_04B4&PID_6572\7&2414095C&0&2, PnpDeviceId: USB\VID_04B4&PID_6572\7&2414095C&0&2, Description: Generic USB Hub, Name: Generic USB Hub, Manufacturer: (Standard USB HUBs), Service: USBHUB3, Status: OK
2026-04-21T19:51:19.9222|INFO|ApplicationDeviceConnectionVM.cs|UsbDeviceWatcher_DeviceInserted|232|New USB device detected DeviceId: USB\VID_2109&PID_8817\0000000000000001, PnpDeviceId: USB\VID_2109&PID_8817\0000000000000001, Description: Billboard Device, Name: USB Billboard Device   , Manufacturer: WinUsb Device, Service: WINUSB, Status: OK
2026-04-21T19:51:19.9223|INFO|ApplicationDeviceConnectionVM.cs|UsbDeviceWatcher_DeviceInserted|232|New USB device detected DeviceId: USB\VID_03C3&PID_533E\8&2CE6183B&0&1, PnpDeviceId: USB\VID_03C3&PID_533E\8&2CE6183B&0&1, Description: ZWO ASI533MM Pro Camera, Name: ZWO ASI533MM Pro Camera, Manufacturer: ZWO, Service: ASICAMUSB3, Status: OK
2026-04-21T19:51:20.5267|INFO|ApplicationDeviceConnectionVM.cs|UsbDeviceWatcher_DeviceInserted|232|New USB device detected DeviceId: USB\VID_03C3&PID_1F01\8&2CE6183B&0&3, PnpDeviceId: USB\VID_03C3&PID_1F01\8&2CE6183B&0&3, Description: USB Input Device, Name: USB Input Device, Manufacturer: (Standard system devices), Service: HidUsb, Status: OK
2026-04-21T20:03:38.3520|ERROR|CameraVM.cs|CoolCamera|149|Could not reach target temperature. Target Temp: -5, Current Temp: 9.5
2026-04-21T20:03:38.3530|ERROR|SequenceItem.cs|Run|263|Category: Camera, Item: CoolCamera, Temperature: -5, Duration: 15 - 
NINA.Core.Model.SequenceEntityFailedException: Camera is unable to reach the specified target temperature!
   at NINA.Sequencer.SequenceItem.Camera.CoolCamera.Execute(IProgress`1 progress, CancellationToken token) in /_/NINA.Sequencer/SequenceItem/Camera/CoolCamera.cs:line 85
   at NINA.Sequencer.SequenceItem.SequenceItem.Run(IProgress`1 progress, CancellationToken token) in /_/NINA.Sequencer/SequenceItem/SequenceItem.cs:line 249
2026-04-21T20:03:38.3789|INFO|CameraVM.cs|CoolCamera|138|Cooling Camera. Target: -5 Duration: 00:15:00
2026-04-21T20:03:38.3863|INFO|FailuresToTelegramTrigger.cs|WorkerFn|178|Failures to Telegram: Sending Cool Camera failed after 3 attempts!

Reasons: Camera is unable to reach the specified target temperature!

2026-04-21T20:20:42.9654|ERROR|CameraVM.cs|CoolCamera|149|Could not reach target temperature. Target Temp: -5, Current Temp: 9.5
2026-04-21T20:20:42.9664|ERROR|SequenceItem.cs|Run|263|Category: Camera, Item: CoolCamera, Temperature: -5, Duration: 15 - 
NINA.Core.Model.SequenceEntityFailedException: Camera is unable to reach the specified target temperature!
   at NINA.Sequencer.SequenceItem.Camera.CoolCamera.Execute(IProgress`1 progress, CancellationToken token) in /_/NINA.Sequencer/SequenceItem/Camera/CoolCamera.cs:line 85
   at NINA.Sequencer.SequenceItem.SequenceItem.Run(IProgress`1 progress, CancellationToken token) in /_/NINA.Sequencer/SequenceItem/SequenceItem.cs:line 249
2026-04-21T20:20:42.9684|INFO|CameraVM.cs|CoolCamera|138|Cooling Camera. Target: -5 Duration: 00:15:00
2026-04-21T20:20:42.9721|INFO|FailuresToTelegramTrigger.cs|WorkerFn|178|Failures to Telegram: Sending Cool Camera failed after 3 attempts!

Reasons: Camera is unable to reach the specified target temperature!

2026-04-21T20:37:47.7626|ERROR|CameraVM.cs|CoolCamera|149|Could not reach target temperature. Target Temp: -5, Current Temp: 9.5
2026-04-21T20:37:47.7631|ERROR|SequenceItem.cs|Run|263|Category: Camera, Item: CoolCamera, Temperature: -5, Duration: 15 - 
NINA.Core.Model.SequenceEntityFailedException: Camera is unable to reach the specified target temperature!
   at NINA.Sequencer.SequenceItem.Camera.CoolCamera.Execute(IProgress`1 progress, CancellationToken token) in /_/NINA.Sequencer/SequenceItem/Camera/CoolCamera.cs:line 85
   at NINA.Sequencer.SequenceItem.SequenceItem.Run(IProgress`1 progress, CancellationToken token) in /_/NINA.Sequencer/SequenceItem/SequenceItem.cs:line 249
2026-04-21T20:37:47.7657|INFO|FailuresToTelegramTrigger.cs|WorkerFn|178|Failures to Telegram: Sending Cool Camera failed after 3 attempts!

Reasons: Camera is unable to reach the specified target temperature!

2026-04-21T20:37:47.7664|ERROR|SequenceItem.cs|RunErrorBehavior|195|Instruction Cool Camera failed after 3 attempts. Error behavior is set to ContinueOnError. Continuing.
2026-04-21T20:37:47.7666|INFO|SequenceItem.cs|Run|208|Starting Category: Utility, Item: WaitForTime, Time: 20:50:54h, Offset: -15
2026-04-21T20:50:54.8476|INFO|SequenceItem.cs|Run|254|Finishing Category: Utility, Item: WaitForTime, Time: 20:50:54h, Offset: -15
2026-04-21T20:50:54.8556|INFO|SequenceItem.cs|Run|254|Finishing Category: * Instruction Set *, Container: NINA.Sequencer.Container.SequentialContainer, Strategy: SequentialStrategy, Items[FINISHED]: 9, Items[FAILED]: 1
2026-04-21T20:50:54.8561|INFO|SequenceItem.cs|Run|254|Finishing Category: * Instruction Set *, Container: NINA.Sequencer.Container.StartAreaContainer, Strategy: SequentialStrategy, Items[FINISHED]: 1
2026-04-21T20:50:54.8568|INFO|SequenceItem.cs|Run|208|Starting Category: * Instruction Set *, Container: NINA.Sequencer.Container.TargetAreaContainer, Strategy: SequentialStrategy, Items[CREATED]: 1
2026-04-21T20:50:54.8610|INFO|SequenceItem.cs|Run|208|Starting Category: * Instruction Set *, Container: NINA.Sequencer.Container.SequentialContainer, Strategy: SequentialStrategy, Items[CREATED]: 12, Conditions: Condition: TimeCondition, Time: 6:35:50h, Condition: TargetSchedulerCondition mode=While Targets Remain Tonight, , Triggers: Trigger: CenterAfterDriftTrigger, DistanceArcMinutes: 1Trigger: WhenUnsafeCategory: Ground Station, Item: Failures to TelegramCategory: Connect, Item: ReconnectOnDownloadFailureTrigger: AutofocusAfterHFRIncreaseTrigger, Amount: 5Trigger: MeridianFlipTriggerCategory: Powerups (Misc), Item: DIYTriggerCategory: Ground Station, Item: Failures to PushoverTrigger: AutofocusAfterTemperatureChangeTrigger, Amount: 1.5°
2026-04-21T20:50:54.8660|INFO|WhenCommon.cs|SequenceBlockInitialize|204|Initialize; starting watchdog
2026-04-21T20:50:54.8734|INFO|WhenUnsafe.cs|CheckSafe|77|IsSafe is now FALSE; connected = True, IsSafe = False
2026-04-21T20:50:54.8737|INFO|WhenCommon.cs|ShouldTrigger|378|ShouldTrigger TRUE from InterruptWhen, setting TriggerRunner
2026-04-21T20:50:54.8739|INFO|WhenCommon.cs|InterruptWhen|322|Interrupting current Instruction Set
2026-04-21T20:50:54.8784|INFO|WhenCommon.cs|InterruptWhen|332|Canceling sequence...
2026-04-21T20:50:55.8797|INFO|WhenCommon.cs|InterruptWhen|336|Delay 1000
2026-04-21T20:50:56.8793|INFO|WhenCommon.cs|InterruptWhen|336|Delay 1000
2026-04-21T20:50:57.8795|INFO|WhenCommon.cs|InterruptWhen|336|Delay 1000
2026-04-21T20:50:58.8797|INFO|WhenCommon.cs|InterruptWhen|336|Delay 1000
2026-04-21T20:50:59.8798|INFO|WhenCommon.cs|InterruptWhen|336|Delay 1000
2026-04-21T20:51:00.8811|INFO|WhenCommon.cs|InterruptWhen|336|Delay 1000
2026-04-21T20:51:01.8816|INFO|WhenCommon.cs|InterruptWhen|336|Delay 1000
2026-04-21T20:51:02.8817|INFO|WhenCommon.cs|InterruptWhen|336|Delay 1000
2026-04-21T20:51:03.8813|INFO|WhenCommon.cs|InterruptWhen|336|Delay 1000
2026-04-21T20:51:04.8817|INFO|WhenCommon.cs|InterruptWhen|336|Delay 1000
2026-04-21T20:51:05.8817|INFO|WhenCommon.cs|InterruptWhen|336|Delay 1000
2026-04-21T20:51:06.8822|INFO|WhenCommon.cs|InterruptWhen|336|Delay 1000
2026-04-21T20:51:07.8813|INFO|WhenCommon.cs|InterruptWhen|336|Delay 1000
2026-04-21T20:51:08.8820|INFO|WhenCommon.cs|InterruptWhen|336|Delay 1000
2026-04-21T20:51:09.8822|INFO|WhenCommon.cs|InterruptWhen|336|Delay 1000
2026-04-21T20:51:10.8820|INFO|WhenCommon.cs|InterruptWhen|336|Delay 1000
2026-04-21T20:51:11.8819|INFO|WhenCommon.cs|InterruptWhen|336|Delay 1000
2026-04-21T20:51:12.8816|INFO|WhenCommon.cs|InterruptWhen|336|Delay 1000
2026-04-21T20:51:13.8822|INFO|WhenCommon.cs|InterruptWhen|336|Delay 1000
2026-04-21T20:51:14.8832|INFO|WhenCommon.cs|InterruptWhen|336|Delay 1000
2026-04-21T20:51:15.8843|INFO|WhenCommon.cs|InterruptWhen|336|Delay 1000
2026-04-21T20:51:16.8847|INFO|WhenCommon.cs|InterruptWhen|336|Delay 1000
2026-04-21T20:51:17.8854|INFO|WhenCommon.cs|InterruptWhen|336|Delay 1000
2026-04-21T20:51:18.8854|INFO|WhenCommon.cs|InterruptWhen|336|Delay 1000
2026-04-21T20:51:19.8861|INFO|WhenCommon.cs|InterruptWhen|336|Delay 1000
2026-04-21T20:51:20.8862|INFO|WhenCommon.cs|InterruptWhen|336|Delay 1000
2026-04-21T20:51:21.1229|INFO|WhenCommon.cs|SequenceBlockTeardown|198|Teardown; shutting down watchdog
2026-04-21T20:51:21.1260|INFO|Sequencer.cs|Start|85|Sequence run was cancelled
2026-04-21T20:51:21.1456|INFO|Sequence2VM.cs|StartSequence|548|Advanced Sequence finished
2026-04-21T20:51:21.8952|INFO|WhenCommon.cs|InterruptWhen|339|Sequence no longer running
2026-04-21T20:51:21.8975|WARNING|WhenCommon.cs|CheckSlewing|263|CheckSlewing, WhenUnsafe = True, Connected = True, CanSlew = True, info.Slewing = False
2026-04-21T20:51:21.8997|INFO|Sequence2VM.cs|StartSequence|543|Advanced Sequence starting
2026-04-21T20:51:21.9795|INFO|SequenceItem.cs|Run|208|Starting Category: * Instruction Set *, Container: NINA.Sequencer.Container.SequenceRootContainer, Strategy: SequentialStrategy, Items[CREATED]: 3, Triggers: Category: Ground Station, Item: Failures to Telegram
2026-04-21T20:51:21.9798|INFO|SequenceItem.cs|Run|208|Starting Category: * Instruction Set *, Container: NINA.Sequencer.Container.StartAreaContainer, Strategy: SequentialStrategy, Items[FINISHED]: 1
2026-04-21T20:51:21.9799|INFO|SequenceItem.cs|Run|254|Finishing Category: * Instruction Set *, Container: NINA.Sequencer.Container.StartAreaContainer, Strategy: SequentialStrategy, Items[FINISHED]: 1
2026-04-21T20:51:21.9800|INFO|SequenceItem.cs|Run|208|Starting Category: * Instruction Set *, Container: NINA.Sequencer.Container.TargetAreaContainer, Strategy: SequentialStrategy, Items[CREATED]: 1
2026-04-21T20:51:21.9801|INFO|SequenceItem.cs|Run|208|Starting Category: * Instruction Set *, Container: NINA.Sequencer.Container.SequentialContainer, Strategy: SequentialStrategy, Items[CREATED]: 12, Conditions: Condition: TimeCondition, Time: 6:35:50h, Condition: TargetSchedulerCondition mode=While Targets Remain Tonight, , Triggers: Trigger: CenterAfterDriftTrigger, DistanceArcMinutes: 1Trigger: WhenUnsafeCategory: Ground Station, Item: Failures to TelegramCategory: Connect, Item: ReconnectOnDownloadFailureTrigger: AutofocusAfterHFRIncreaseTrigger, Amount: 5Trigger: MeridianFlipTriggerCategory: Powerups (Misc), Item: DIYTriggerCategory: Ground Station, Item: Failures to PushoverTrigger: AutofocusAfterTemperatureChangeTrigger, Amount: 1.5°
2026-04-21T20:51:21.9804|INFO|WhenCommon.cs|SequenceBlockInitialize|204|Initialize; starting watchdog
2026-04-21T20:51:21.9818|INFO|WhenCommon.cs|ShouldTrigger|382|ShouldTrigger TRUE, setting TriggerRunner
2026-04-21T20:51:21.9841|INFO|SequenceTrigger.cs|Run|114|Starting Trigger: WhenUnsafe
2026-04-21T20:51:21.9946|INFO|WhenCommon.cs|Execute|395|Execute 0
2026-04-21T20:51:21.9949|INFO|WhenCommon.cs|Execute|409|When: running TriggerRunner, InFlight -> true, Triggered -> false
2026-04-21T20:51:21.9949|WARNING|WhenCommon.cs|CheckSlewing|263|CheckSlewing, WhenUnsafe = True, Connected = True, CanSlew = True, info.Slewing = False
2026-04-21T20:51:21.9952|INFO|SequenceItem.cs|Run|208|Starting Category: , Container: WhenPlugin.When.IfContainer, Strategy: SequentialStrategy, Items[CREATED]: 9
2026-04-21T20:51:22.0010|INFO|MeridianFlipTrigger.cs|ShouldTrigger|197|Meridian Flip - Telescope is at home position. Skip flip evaluation
2026-04-21T20:51:22.0030|INFO|SequenceItem.cs|Run|208|Starting Category: Ground Station, Item: Send to Telegram
2026-04-21T20:51:22.6896|INFO|SequenceItem.cs|Run|254|Finishing Category: Ground Station, Item: Send to Telegram
2026-04-21T20:51:22.6929|INFO|MeridianFlipTrigger.cs|ShouldTrigger|197|Meridian Flip - Telescope is at home position. Skip flip evaluation
2026-04-21T20:51:22.6935|INFO|SequenceItem.cs|Run|208|Starting Category: Ground Station, Item: Send to Pushover, Title: Unsafe
2026-04-21T20:51:22.8541|INFO|SequenceItem.cs|Run|254|Finishing Category: Ground Station, Item: Send to Pushover, Title: Unsafe
2026-04-21T20:51:22.8549|INFO|MeridianFlipTrigger.cs|ShouldTrigger|197|Meridian Flip - Telescope is at home position. Skip flip evaluation
2026-04-21T20:51:22.8549|INFO|SequenceItem.cs|Run|208|Starting Category: Telescope, Item: FindHome
2026-04-21T20:51:22.8580|INFO|PHD2Guider.cs|StopGuiding|704|Phd2 - Stop Guiding skipped, as the app is already in state Stopped
2026-04-21T20:51:22.8581|INFO|TelescopeVM.cs|FindHome|292|Mount ordered to locate home position
2026-04-21T20:51:22.8586|INFO|TelescopeVM.cs|FindHome|336|Mount ordered to home but it is already at home
2026-04-21T20:51:22.8587|INFO|TelescopeVM.cs|FindHome|348|Mount has located its home position
2026-04-21T20:51:22.8589|INFO|SequenceItem.cs|Run|254|Finishing Category: Telescope, Item: FindHome
2026-04-21T20:51:22.8592|INFO|MeridianFlipTrigger.cs|ShouldTrigger|197|Meridian Flip - Telescope is at home position. Skip flip evaluation
2026-04-21T20:51:22.8598|INFO|SequenceItem.cs|Run|208|Starting Category: Guider, Item: StopGuiding
2026-04-21T20:51:22.8623|INFO|PHD2Guider.cs|StopGuiding|704|Phd2 - Stop Guiding skipped, as the app is already in state Stopped
2026-04-21T20:51:22.8625|INFO|SequenceItem.cs|Run|254|Finishing Category: Guider, Item: StopGuiding
2026-04-21T20:51:22.8629|INFO|MeridianFlipTrigger.cs|ShouldTrigger|197|Meridian Flip - Telescope is at home position. Skip flip evaluation
2026-04-21T20:51:22.8635|INFO|SequenceItem.cs|Run|208|Starting Category: Connect, Item: DisconnectEquipment, Selected device: Safety Monitor
2026-04-21T20:51:22.9409|INFO|AscomDevice.cs|Disconnect|378|Disconnecting from ASCOM.GenericFile.SafetyMonitor Generic File driver
2026-04-21T20:51:22.9677|INFO|SafetyMonitorVM.cs|Disconnect|221|Disconnected Safety Monitor
2026-04-21T20:51:22.9680|INFO|SequenceItem.cs|Run|254|Finishing Category: Connect, Item: DisconnectEquipment, Selected device: Safety Monitor
2026-04-21T20:51:22.9685|INFO|MeridianFlipTrigger.cs|ShouldTrigger|197|Meridian Flip - Telescope is at home position. Skip flip evaluation
2026-04-21T20:51:22.9692|INFO|SequenceItem.cs|Run|208|Starting Category: Utility, Item: WaitForTimeSpan, Time: 60s
2026-04-21T20:52:23.0365|INFO|SequenceItem.cs|Run|254|Finishing Category: Utility, Item: WaitForTimeSpan, Time: 60s
2026-04-21T20:52:23.0377|INFO|MeridianFlipTrigger.cs|ShouldTrigger|197|Meridian Flip - Telescope is at home position. Skip flip evaluation
2026-04-21T20:52:23.0391|INFO|SequenceItem.cs|Run|208|Starting Category: Connect, Item: ConnectEquipment, Selected device: Safety Monitor, Selected device id: ASCOM.GenericFile.SafetyMonitor
2026-04-21T20:52:25.0452|INFO|SafetyMonitorChooserVM.cs|GetEquipment|71|Found 0 Alpaca Safety Monitors
2026-04-21T20:52:25.0723|INFO|SafetyMonitorVM.cs|Disconnect|221|Disconnected Safety Monitor
2026-04-21T20:52:25.1557|INFO|SafetyMonitorVM.cs|Connect|175|Successfully connected Safety Monitor. Id: ASCOM.GenericFile.SafetyMonitor Name: Generic File driver DisplayName: Generic File driver (ASCOM) Driver Version: 6.4
2026-04-21T20:52:25.1562|INFO|SequenceItem.cs|Run|254|Finishing Category: Connect, Item: ConnectEquipment, Selected device: Safety Monitor, Selected device id: ASCOM.GenericFile.SafetyMonitor
2026-04-21T20:52:25.1565|INFO|MeridianFlipTrigger.cs|ShouldTrigger|197|Meridian Flip - Telescope is at home position. Skip flip evaluation
2026-04-21T20:52:25.1566|INFO|SequenceItem.cs|Run|208|Starting Category: Utility, Item: WaitForTimeSpan, Time: 60s
2026-04-21T20:52:27.1560|INFO|SafetyMonitorVM.cs|UpdateMonitorValues|95|SafetyMonitorInfo state changed to Unsafe
2026-04-21T20:53:25.1979|INFO|SequenceItem.cs|Run|254|Finishing Category: Utility, Item: WaitForTimeSpan, Time: 60s
2026-04-21T20:53:25.1988|INFO|MeridianFlipTrigger.cs|ShouldTrigger|197|Meridian Flip - Telescope is at home position. Skip flip evaluation
2026-04-21T20:53:25.1994|INFO|SequenceItem.cs|Run|208|Starting Category: Powerups (Safety), Item: OnceSafe
2026-04-21T21:00:53.3881|INFO|CameraVM.cs|Disconnect|650|Disconnected Camera
2026-04-21T21:00:54.7162|INFO|CameraVM.cs|Disconnect|650|Disconnected Camera
2026-04-21T21:00:55.2455|WARNING|ASICamera.cs|SetControlValue|568|Failed to set ASI Control Value ASI_WB_B with value 50
2026-04-21T21:00:55.2456|WARNING|ASICamera.cs|SetControlValue|568|Failed to set ASI Control Value ASI_WB_R with value 50
2026-04-21T21:00:55.2457|WARNING|ASICamera.cs|SetControlValue|568|Failed to set ASI Control Value ASI_GAMMA with value 50
2026-04-21T21:00:55.2457|WARNING|ASICamera.cs|SetControlValue|568|Failed to set ASI Control Value ASI_HIGH_SPEED_MODE with value 0
2026-04-21T21:00:55.2458|WARNING|ASICamera.cs|SetControlValue|568|Failed to set ASI Control Value ASI_OVERCLOCK with value 0
2026-04-21T21:00:55.2458|WARNING|ASICamera.cs|SetControlValue|568|Failed to set ASI Control Value ASI_PATTERN_ADJUST with value 0
2026-04-21T21:00:55.2458|WARNING|ASICamera.cs|SetControlValue|568|Failed to set ASI Control Value ASI_MONO_BIN with value 0
2026-04-21T21:00:55.2469|INFO|ASICamera.cs|Initialize|664|Camera ID: ASI533MM
2026-04-21T21:00:55.2517|WARNING|ASICamera.cs|SetControlValue|568|Failed to set ASI Control Value ASI_ANTI_DEW_HEATER with value 0
2026-04-21T21:00:55.2537|INFO|CameraVM.cs|ChooseCamera|455|Successfully connected Camera. Id: ZWOptical_ZWO ASI533MM Pro_ASI533MM Name: ZWO ASI533MM Pro DisplayName: ZWO ASI533MM Pro (ASI533MM)Driver Version: 1, 39, 0, 0
2026-04-21T21:00:59.7088|INFO|CameraVM.cs|CoolCamera|138|Cooling Camera. Target: -5 Duration: 00:30:00
2026-04-22T06:35:50.2525|INFO|TimeCondition.cs|Check|254|TimeCondition finished.
2026-04-22T06:35:50.2528|INFO|TimeCondition.cs|InterruptWhenTimeIsUp|63|Time limit exceeded - Interrupting current Instruction Set
2026-04-22T06:35:50.2611|INFO|WhenCommon.cs|Execute|425|When: Execute done; InFlight -> false, Triggered false
2026-04-22T06:35:50.2627|INFO|MeridianFlipTrigger.cs|ShouldTrigger|197|Meridian Flip - Telescope is at home position. Skip flip evaluation
2026-04-22T06:35:50.2632|INFO|SequenceItem.cs|Run|208|Starting Category: Utility, Item: WaitForTime, Time: 20:50:54h, Offset: -15
2026-04-22T06:35:50.2670|INFO|WhenCommon.cs|SequenceBlockTeardown|198|Teardown; shutting down watchdog
2026-04-22T06:35:50.2677|INFO|SequenceItem.cs|Run|254|Finishing Category: * Instruction Set *, Container: NINA.Sequencer.Container.SequentialContainer, Strategy: SequentialStrategy, Items[CREATED]: 12, Conditions: Condition: TimeCondition, Time: 6:35:50h, Condition: TargetSchedulerCondition mode=While Targets Remain Tonight, , Triggers: Trigger: CenterAfterDriftTrigger, DistanceArcMinutes: 1Trigger: WhenUnsafeCategory: Ground Station, Item: Failures to TelegramCategory: Connect, Item: ReconnectOnDownloadFailureTrigger: AutofocusAfterHFRIncreaseTrigger, Amount: 5Trigger: MeridianFlipTriggerCategory: Powerups (Misc), Item: DIYTriggerCategory: Ground Station, Item: Failures to PushoverTrigger: AutofocusAfterTemperatureChangeTrigger, Amount: 1.5°
2026-04-22T06:35:50.2681|INFO|SequenceItem.cs|Run|254|Finishing Category: * Instruction Set *, Container: NINA.Sequencer.Container.TargetAreaContainer, Strategy: SequentialStrategy, Items[FINISHED]: 1
2026-04-22T06:35:50.2687|INFO|SequenceItem.cs|Run|208|Starting Category: * Instruction Set *, Container: NINA.Sequencer.Container.EndAreaContainer, Strategy: SequentialStrategy, Items[CREATED]: 9
2026-04-22T06:35:50.2695|INFO|SequenceItem.cs|Run|208|Starting Category: Telescope, Item: FindHome
2026-04-22T06:35:50.2753|INFO|PHD2Guider.cs|StopGuiding|704|Phd2 - Stop Guiding skipped, as the app is already in state Stopped
2026-04-22T06:35:50.2755|INFO|TelescopeVM.cs|FindHome|292|Mount ordered to locate home position
2026-04-22T06:35:50.2761|INFO|TelescopeVM.cs|FindHome|336|Mount ordered to home but it is already at home
2026-04-22T06:35:50.2762|INFO|TelescopeVM.cs|FindHome|348|Mount has located its home position
2026-04-22T06:35:50.2766|INFO|SequenceItem.cs|Run|254|Finishing Category: Telescope, Item: FindHome
2026-04-22T06:35:50.2927|INFO|SequenceItem.cs|Run|208|Starting Night Summary - End Session
2026-04-22T06:35:50.2947|INFO|NightSummaryEndInstruction.cs|Execute|28|NightSummary: End Session instruction executing
2026-04-22T06:36:05.3155|WARNING|SessionService.cs|EndSession|165|NightSummary: EndSession called but no active session — nothing to do
2026-04-22T06:36:05.3156|INFO|NightSummaryEndInstruction.cs|Execute|39|NightSummary: Session ended successfully
2026-04-22T06:36:05.3157|INFO|SequenceItem.cs|Run|254|Finishing Night Summary - End Session
2026-04-22T06:36:05.3162|INFO|SequenceItem.cs|Run|208|Starting [EndSubframesSession]
2026-04-22T06:36:05.3348|WARNING|EndSessionItem.cs|Execute|50|[Subframes] EndSessionItem: no active session to end.
2026-04-22T06:36:05.3349|INFO|SequenceItem.cs|Run|254|Finishing [EndSubframesSession]
2026-04-22T06:36:05.3358|INFO|SequenceItem.cs|Run|208|Starting Category: Camera, Item: WarmCamera, Duration: 30
2026-04-22T06:36:05.3418|INFO|CameraVM.cs|WarmCamera|161|Warming Camera. Duration: 00:30:00
2026-04-22T07:08:12.9195|INFO|CameraVM.cs|WarmCamera|179|Could not reach warming temperature. Most likley due to ambient temperature being lower. Continuing...
2026-04-22T07:08:32.9773|INFO|CameraVM.cs|WarmCamera|186|Turning cooler off
2026-04-22T07:08:32.9792|INFO|SequenceItem.cs|Run|254|Finishing Category: Camera, Item: WarmCamera, Duration: 30
2026-04-22T07:08:32.9796|INFO|SequenceItem.cs|Run|208|Starting Category: Guider, Item: StopGuiding
2026-04-22T07:08:32.9857|INFO|PHD2Guider.cs|StopGuiding|704|Phd2 - Stop Guiding skipped, as the app is already in state Stopped
2026-04-22T07:08:32.9859|INFO|SequenceItem.cs|Run|254|Finishing Category: Guider, Item: StopGuiding
2026-04-22T07:08:32.9868|INFO|SequenceItem.cs|Run|208|Starting Category: Phd2 Tools, Item: ShutdownPhd2Instruction
2026-04-22T07:08:33.0203|WARNING|PHD2Client.cs|ReadEventsAsync|189|PHD2Client: Connection closed by server
2026-04-22T07:08:33.0204|INFO|DitherStatisticsVM.cs|OnPHD2ConnectionStatusChanged|737|PHD2 Connection Status: Connection lost
2026-04-22T07:08:33.0204|INFO|PHD2Client.cs|ReadEventsAsync|205|PHD2Client: Stopped reading events
2026-04-22T07:08:33.0252|INFO|SequenceItem.cs|Run|254|Finishing Category: Phd2 Tools, Item: ShutdownPhd2Instruction
2026-04-22T07:08:33.0259|INFO|SequenceItem.cs|Run|208|Starting Category: Connect, Item: DisconnectAllEquipment
2026-04-22T07:08:33.0754|INFO|CameraVM.cs|Disconnect|650|Disconnected Camera
2026-04-22T07:08:33.0763|INFO|AscomDevice.cs|Disconnect|378|Disconnecting from ASCOM.EFW2.FilterWheel ZWO FilterWheel
2026-04-22T07:08:33.0867|INFO|FilterWheelVM.cs|Disconnect|333|Disconnected Filter Wheel
2026-04-22T07:08:33.0906|INFO|AscomDevice.cs|Disconnect|378|Disconnecting from ASCOM.EAF.Focuser ZWO Focuser
2026-04-22T07:08:33.1367|INFO|FocuserVM.cs|Disconnect|441|Disconnected Focuser
2026-04-22T07:08:33.1372|INFO|DisconnectAllEquipment.cs|Execute|139|Rotator is already disconnected
2026-04-22T07:08:33.3671|INFO|AscomDevice.cs|Disconnect|378|Disconnecting from ASCOM.iOptron2017.Telescope iOptron CEM120,70,40,26, GEM, HEM, HAE, HAZ series and SkyHunter Mount
2026-04-22T07:08:33.4157|INFO|TelescopeVM.cs|Disconnect|740|Disconnected mount
2026-04-22T07:08:33.4166|INFO|DisconnectAllEquipment.cs|Execute|139|Guider is already disconnected
2026-04-22T07:08:33.4167|INFO|DisconnectAllEquipment.cs|Execute|139|Switch is already disconnected
2026-04-22T07:08:33.4168|INFO|DisconnectAllEquipment.cs|Execute|139|Flat Panel is already disconnected
2026-04-22T07:08:33.4192|INFO|AscomDevice.cs|Disconnect|378|Disconnecting from ASCOM.SkyAlert.ObservingConditions SkyAlert Observing Conditions
2026-04-22T07:08:33.4288|INFO|WeatherDataVM.cs|Disconnect|305|Disconnected Weather Device
2026-04-22T07:08:33.4291|INFO|DisconnectAllEquipment.cs|Execute|139|Dome is already disconnected
2026-04-22T07:08:33.4307|INFO|AscomDevice.cs|Disconnect|378|Disconnecting from ASCOM.GenericFile.SafetyMonitor Generic File driver
2026-04-22T07:08:33.4348|INFO|SafetyMonitorVM.cs|Disconnect|221|Disconnected Safety Monitor
2026-04-22T07:08:33.4353|INFO|SequenceItem.cs|Run|254|Finishing Category: Connect, Item: DisconnectAllEquipment
2026-04-22T07:08:33.4356|INFO|SequenceItem.cs|Run|208|Starting Category: Ground Station, Item: Send to Pushover, Title: Disconnected
2026-04-22T07:08:33.6495|INFO|SequenceItem.cs|Run|254|Finishing Category: Ground Station, Item: Send to Pushover, Title: Disconnected
2026-04-22T07:08:33.6500|INFO|SequenceItem.cs|Run|208|Starting Category: Ground Station, Item: Send to Telegram
2026-04-22T07:08:34.3343|INFO|SequenceItem.cs|Run|254|Finishing Category: Ground Station, Item: Send to Telegram
2026-04-22T07:08:34.3348|INFO|SequenceItem.cs|Run|254|Finishing Category: * Instruction Set *, Container: NINA.Sequencer.Container.EndAreaContainer, Strategy: SequentialStrategy, Items[FINISHED]: 9
2026-04-22T07:08:34.3351|INFO|SequenceItem.cs|Run|254|Finishing Category: * Instruction Set *, Container: NINA.Sequencer.Container.SequenceRootContainer, Strategy: SequentialStrategy, Items[FINISHED]: 3, Triggers: Category: Ground Station, Item: Failures to Telegram
2026-04-22T07:08:34.3364|INFO|Sequence2VM.cs|StartSequence|548|Advanced Sequence finished
2026-04-22T07:08:34.3374|INFO|WhenCommon.cs|InterruptWhen|350|Restarting sequence, Triggered -> true
2026-04-22T07:08:38.0291|INFO|PHD2Client.cs|ConnectAsync|102|PHD2Client: Connecting to PHD2 at 127.0.0.1:4400...
2026-04-22T07:08:40.0655|ERROR|PHD2Client.cs|ConnectAsync|132|PHD2Client: Connection failed: No connection could be made because the target machine actively refused it.
2026-04-22T20:50:43.8337|INFO|Sequence2VM.cs|StartSequence|543|Advanced Sequence starting
2026-04-22T20:50:46.4052|INFO|SequenceItem.cs|Run|208|Starting Category: * Instruction Set *, Container: NINA.Sequencer.Container.SequenceRootContainer, Strategy: SequentialStrategy, Items[CREATED]: 3, Triggers: Category: Ground Station, Item: Failures to Telegram
2026-04-22T20:50:46.4054|INFO|SequenceItem.cs|Run|208|Starting Category: * Instruction Set *, Container: NINA.Sequencer.Container.StartAreaContainer, Strategy: SequentialStrategy, Items[CREATED]: 1
2026-04-22T20:50:46.4055|INFO|SequenceItem.cs|Run|208|Starting Category: * Instruction Set *, Container: NINA.Sequencer.Container.SequentialContainer, Strategy: SequentialStrategy, Items[CREATED]: 10
2026-04-22T20:50:46.4056|INFO|SequenceItem.cs|Run|208|Starting Category: Ground Station, Item: Send to Pushover, Title: Start
2026-04-22T20:50:46.6944|INFO|SequenceItem.cs|Run|254|Finishing Category: Ground Station, Item: Send to Pushover, Title: Start
2026-04-22T20:50:46.6948|INFO|SequenceItem.cs|Run|208|Starting Category: Utility, Item: WaitForTime, Time: 19:46:43h, Offset: -80
2026-04-22T20:50:46.6950|INFO|SequenceItem.cs|Run|254|Finishing Category: Utility, Item: WaitForTime, Time: 19:46:43h, Offset: -80
2026-04-22T20:50:46.6951|INFO|SequenceItem.cs|Run|208|Starting Category: Ground Station, Item: Send to Telegram
2026-04-22T20:50:47.3913|INFO|SequenceItem.cs|Run|254|Finishing Category: Ground Station, Item: Send to Telegram
2026-04-22T20:50:47.3917|INFO|SequenceItem.cs|Run|208|Starting Category: Ground Station, Item: Send to Pushover, Title: Configure Equipment
2026-04-22T20:50:47.5416|INFO|SequenceItem.cs|Run|254|Finishing Category: Ground Station, Item: Send to Pushover, Title: Configure Equipment
2026-04-22T20:50:47.5424|INFO|SequenceItem.cs|Run|208|Starting Category: Connect, Item: ConnectAllEquipment
2026-04-22T20:50:47.5583|INFO|CameraChooserVM.cs|GetEquipment|69|Found 2 ASI Cameras
2026-04-22T20:50:47.6321|INFO|CameraChooserVM.cs|GetEquipment|84|Found 0 Altair Cameras
2026-04-22T20:50:47.6455|INFO|CameraChooserVM.cs|GetEquipment|96|Found 0 Atik Cameras
2026-04-22T20:50:47.6462|INFO|CameraChooserVM.cs|GetEquipment|110|Found 0 FLI Cameras
2026-04-22T20:50:47.6463|INFO|CameraChooserVM.cs|GetEquipment|130|Found 0 QHYCCD Cameras
2026-04-22T20:50:47.8034|INFO|CameraChooserVM.cs|GetEquipment|158|Found 0 ToupTek Cameras
2026-04-22T20:50:47.8081|INFO|CameraChooserVM.cs|GetEquipment|173|Found 0 Ogma Cameras
2026-04-22T20:50:47.8223|INFO|CameraChooserVM.cs|GetEquipment|188|Found 0 Omegon Cameras
2026-04-22T20:50:47.9840|INFO|CameraChooserVM.cs|GetEquipment|203|Found 0 RisingCam Cameras
2026-04-22T20:50:47.9983|INFO|CameraChooserVM.cs|GetEquipment|218|Found 0 MallinCam Cameras
2026-04-22T20:50:47.9999|INFO|CameraChooserVM.cs|GetEquipment|243|Found 0 SVBony Cameras
2026-04-22T20:50:48.0025|INFO|CameraChooserVM.cs|GetEquipment|259|Found 0 SBIG Cameras
2026-04-22T20:50:48.0028|INFO|CameraChooserVM.cs|GetEquipment|279|Found 0 SVBony Cameras
2026-04-22T20:50:48.0029|INFO|CameraChooserVM.cs|GetEquipment|279|Found 0 PlayerOne Cameras
2026-04-22T20:50:48.0103|INFO|CameraChooserVM.cs|GetEquipment|279|Found 0 ASTPAN Cameras
2026-04-22T20:50:48.0111|INFO|CameraChooserVM.cs|GetEquipment|293|Found 4 ASCOM Cameras
2026-04-22T20:50:50.0244|INFO|CameraChooserVM.cs|GetEquipment|305|Found 0 Alpaca Cameras
2026-04-22T20:50:50.0355|INFO|CameraChooserVM.cs|GetEquipment|318|Found 0 Canon Cameras
2026-04-22T20:50:50.0372|INFO|CameraVM.cs|Disconnect|650|Disconnected Camera
2026-04-22T20:50:50.5676|WARNING|ASICamera.cs|SetControlValue|568|Failed to set ASI Control Value ASI_WB_B with value 50
2026-04-22T20:50:50.5679|WARNING|ASICamera.cs|SetControlValue|568|Failed to set ASI Control Value ASI_WB_R with value 50
2026-04-22T20:50:50.5679|WARNING|ASICamera.cs|SetControlValue|568|Failed to set ASI Control Value ASI_GAMMA with value 50
2026-04-22T20:50:50.5680|WARNING|ASICamera.cs|SetControlValue|568|Failed to set ASI Control Value ASI_HIGH_SPEED_MODE with value 0
2026-04-22T20:50:50.5682|WARNING|ASICamera.cs|SetControlValue|568|Failed to set ASI Control Value ASI_OVERCLOCK with value 0
2026-04-22T20:50:50.5683|WARNING|ASICamera.cs|SetControlValue|568|Failed to set ASI Control Value ASI_PATTERN_ADJUST with value 0
2026-04-22T20:50:50.5683|WARNING|ASICamera.cs|SetControlValue|568|Failed to set ASI Control Value ASI_MONO_BIN with value 0
2026-04-22T20:50:50.5696|INFO|ASICamera.cs|Initialize|664|Camera ID: ASI533MM
2026-04-22T20:50:50.6183|WARNING|ASICamera.cs|SetControlValue|568|Failed to set ASI Control Value ASI_ANTI_DEW_HEATER with value 0
2026-04-22T20:50:50.6475|INFO|CameraVM.cs|ChooseCamera|455|Successfully connected Camera. Id: ZWOptical_ZWO ASI533MM Pro_ASI533MM Name: ZWO ASI533MM Pro DisplayName: ZWO ASI533MM Pro (ASI533MM)Driver Version: 1, 39, 0, 0
2026-04-22T20:50:51.2382|INFO|FilterWheelChooserVM.cs|GetEquipment|167|Found 1 Networked Filter Wheel Filter Wheels
2026-04-22T20:50:53.2408|INFO|FilterWheelChooserVM.cs|GetEquipment|193|Found 0 Alpaca Filter Wheels
2026-04-22T20:50:53.2697|INFO|FilterWheelVM.cs|Disconnect|333|Disconnected Filter Wheel
2026-04-22T20:50:54.3385|INFO|FilterWheelVM.cs|ChooseFW|279|Successfully connected Filter Wheel. Id: ASCOM.EFW2.FilterWheel Name: ZWO FilterWheel DisplayName: ZWO FilterWheel (ASCOM) Driver Version: 6.0
2026-04-22T20:50:58.1989|INFO|FocuserChooserVM.cs|GetEquipment|84|Found 0 Alpaca Focusers
2026-04-22T20:50:58.1996|INFO|FocuserVM.cs|Disconnect|441|Disconnected Focuser
2026-04-22T20:50:58.4343|ERROR|AscomDevice.cs|GetProperty|546|An unexpected exception occurred during GET of Focuser.StepSize: 
ASCOM.DriverException: The method or operation is not implemented.
 ---> System.NotImplementedException: The method or operation is not implemented.
   --- End of inner exception stack trace ---
   at ASCOM.Com.DriverAccess.DynamicAccess.CheckDotNetExceptions(String memberName, Exception e) in J:\ASCOMLibrary\ASCOM.Com\ASCOM.Com.DriverAccess\BaseClass\DynamicAccess.cs:line 278
   at ASCOM.Com.DriverAccess.DynamicAccess.TryGetMember(GetMemberBinder binder, Object& result) in J:\ASCOMLibrary\ASCOM.Com\ASCOM.Com.DriverAccess\BaseClass\DynamicAccess.cs:line 150
   at CallSite.Target(Closure, CallSite, Object)
   at ASCOM.Com.DriverAccess.Focuser.get_StepSize() in J:\ASCOMLibrary\ASCOM.Com\ASCOM.Com.DriverAccess\Focuser.cs:line 159
   at InvokeStub_Focuser.get_StepSize(Object, Object, IntPtr*)
   at System.Reflection.MethodBaseInvoker.InvokeWithNoArgs(Object obj, BindingFlags invokeAttr)
2026-04-22T20:50:58.6361|INFO|AscomDevice.cs|GetProperty|485|Retrying to GET Focuser.StepSize - Attempt 2 / 3
2026-04-22T20:50:58.6387|ERROR|AscomDevice.cs|GetProperty|546|An unexpected exception occurred during GET of Focuser.StepSize: 
ASCOM.DriverException: The method or operation is not implemented.
 ---> System.NotImplementedException: The method or operation is not implemented.
   --- End of inner exception stack trace ---
   at ASCOM.Com.DriverAccess.DynamicAccess.CheckDotNetExceptions(String memberName, Exception e) in J:\ASCOMLibrary\ASCOM.Com\ASCOM.Com.DriverAccess\BaseClass\DynamicAccess.cs:line 278
   at ASCOM.Com.DriverAccess.DynamicAccess.TryGetMember(GetMemberBinder binder, Object& result) in J:\ASCOMLibrary\ASCOM.Com\ASCOM.Com.DriverAccess\BaseClass\DynamicAccess.cs:line 150
   at CallSite.Target(Closure, CallSite, Object)
   at ASCOM.Com.DriverAccess.Focuser.get_StepSize() in J:\ASCOMLibrary\ASCOM.Com\ASCOM.Com.DriverAccess\Focuser.cs:line 159
   at InvokeStub_Focuser.get_StepSize(Object, Object, IntPtr*)
   at System.Reflection.MethodBaseInvoker.InvokeWithNoArgs(Object obj, BindingFlags invokeAttr)
2026-04-22T20:50:58.8416|INFO|AscomDevice.cs|GetProperty|485|Retrying to GET Focuser.StepSize - Attempt 3 / 3
2026-04-22T20:50:58.8438|ERROR|AscomDevice.cs|GetProperty|546|An unexpected exception occurred during GET of Focuser.StepSize: 
ASCOM.DriverException: The method or operation is not implemented.
 ---> System.NotImplementedException: The method or operation is not implemented.
   --- End of inner exception stack trace ---
   at ASCOM.Com.DriverAccess.DynamicAccess.CheckDotNetExceptions(String memberName, Exception e) in J:\ASCOMLibrary\ASCOM.Com\ASCOM.Com.DriverAccess\BaseClass\DynamicAccess.cs:line 278
   at ASCOM.Com.DriverAccess.DynamicAccess.TryGetMember(GetMemberBinder binder, Object& result) in J:\ASCOMLibrary\ASCOM.Com\ASCOM.Com.DriverAccess\BaseClass\DynamicAccess.cs:line 150
   at CallSite.Target(Closure, CallSite, Object)
   at ASCOM.Com.DriverAccess.Focuser.get_StepSize() in J:\ASCOMLibrary\ASCOM.Com\ASCOM.Com.DriverAccess\Focuser.cs:line 159
   at InvokeStub_Focuser.get_StepSize(Object, Object, IntPtr*)
   at System.Reflection.MethodBaseInvoker.InvokeWithNoArgs(Object obj, BindingFlags invokeAttr)
2026-04-22T20:50:58.8445|INFO|AscomDevice.cs|GetProperty|556|GET Focuser.StepSize failed - Returning last known value 0
2026-04-22T20:50:59.0511|INFO|FocuserVM.cs|ChooseFocuser|333|Successfully connected Focuser. Id: ASCOM.EAF.Focuser Name: ZWO Focuser DisplayName: ZWO Focuser (ASCOM) Driver Version: 6.0
2026-04-22T20:51:01.0558|INFO|TelescopeChooserVM.cs|GetEquipment|69|Found 0 Alpaca Telescopes
2026-04-22T20:51:01.0738|INFO|TelescopeVM.cs|Disconnect|740|Disconnected mount
2026-04-22T20:51:01.1300|INFO|AscomTelescope.cs|CheckMountTime|845|Mount UTC Time: 2026-04-23 01:50:58Z / System UTC Time: 2026-04-23 01:51:01Z; Difference: 3.119 seconds
2026-04-22T20:51:01.1625|INFO|AscomTelescope.cs|CheckMountTime|852|System time has been synced to the mount
2026-04-22T20:51:01.2497|INFO|TelescopeVM.cs|ChooseTelescope|535|Successfully connected mount. Id: ASCOM.iOptron2017.Telescope Name: iOptron CEM120,70,40,26, GEM, HEM, HAE, HAZ series and SkyHunter Mount DisplayName: iOptron CEM120,70,40,26, GEM, HEM, HAE, HAZ series and SkyHunter Mount (ASCOM) Driver Version: 9.15
2026-04-22T20:51:01.2522|INFO|PHD2Guider.cs|Connect|205|Connecting to PHD2 server at 127.0.0.1:4400
2026-04-22T20:51:05.7702|INFO|PHD2Client.cs|ConnectAsync|118|PHD2Client: Connected successfully!
2026-04-22T20:51:05.7702|INFO|PHD2Client.cs|ReadEventsAsync|181|PHD2Client: Started reading events
2026-04-22T20:51:05.7703|INFO|DitherStatisticsVM.cs|OnPHD2ConnectionStatusChanged|734|PHD2 Connection Status: Connected
2026-04-22T20:51:05.7704|INFO|DitherStatisticsVM.cs|ConnectToPHD2|713|Successfully connected to PHD2!
2026-04-22T20:51:05.8229|INFO|PHD2Client.cs|HandleVersion|366|PHD2Client: Connected to PHD2 version 2.6.14. (Message Protocol v1)
2026-04-22T20:51:05.8231|INFO|PHD2Client.cs|HandleAppState|376|PHD2Client: PHD2 AppState: Stopped
2026-04-22T20:51:06.1323|INFO|PHD2Client.cs|ProcessEvent|268|PHD2: ConfigurationChange
2026-04-22T20:51:06.8031|INFO|PHD2Client.cs|QueryExposureTime|1216|PHD2Client: Exposure time from PHD2 API: 2.000 seconds (2000 ms)
2026-04-22T20:51:08.8185|INFO|WeatherDataChooserVM.cs|GetEquipment|69|Found 0 Alpaca Observing Conditions
2026-04-22T20:51:08.8235|INFO|WeatherDataVM.cs|Disconnect|305|Disconnected Weather Device
2026-04-22T20:51:09.4350|INFO|AscomDevice.cs|GetProperty|527|Property ObservingConditions.SkyQuality GET is not implemented in this driver (SkyAlert Observing Conditions)
2026-04-22T20:51:09.4371|INFO|AscomDevice.cs|GetProperty|527|Property ObservingConditions.StarFWHM GET is not implemented in this driver (SkyAlert Observing Conditions)
2026-04-22T20:51:09.4388|INFO|WeatherDataVM.cs|ChooseWeatherData|150|Successfully connected Weather Device. Id: ASCOM.SkyAlert.ObservingConditions Name: SkyAlert Observing Conditions DisplayName: SkyAlert Observing Conditions (ASCOM) Driver Version: 1.7
2026-04-22T20:51:11.4406|INFO|SafetyMonitorChooserVM.cs|GetEquipment|71|Found 0 Alpaca Safety Monitors
2026-04-22T20:51:11.4424|INFO|SafetyMonitorVM.cs|Disconnect|221|Disconnected Safety Monitor
2026-04-22T20:51:11.5335|INFO|SafetyMonitorVM.cs|Connect|175|Successfully connected Safety Monitor. Id: ASCOM.GenericFile.SafetyMonitor Name: Generic File driver DisplayName: Generic File driver (ASCOM) Driver Version: 6.4
2026-04-22T20:51:11.5345|INFO|SequenceItem.cs|Run|254|Finishing Category: Connect, Item: ConnectAllEquipment
2026-04-22T20:51:11.5348|INFO|SequenceItem.cs|Run|208|Starting Category: Telescope, Item: FindHome
2026-04-22T20:51:11.5382|INFO|PHD2Guider.cs|StopGuiding|704|Phd2 - Stop Guiding skipped, as the app is already in state Stopped
2026-04-22T20:51:11.5383|INFO|TelescopeVM.cs|FindHome|292|Mount ordered to locate home position
2026-04-22T20:51:11.5390|INFO|TelescopeVM.cs|FindHome|336|Mount ordered to home but it is already at home
2026-04-22T20:51:11.5391|INFO|TelescopeVM.cs|FindHome|348|Mount has located its home position
2026-04-22T20:51:11.5393|INFO|SequenceItem.cs|Run|254|Finishing Category: Telescope, Item: FindHome
2026-04-22T20:51:11.5396|INFO|SequenceItem.cs|Run|208|Starting Category: Ground Station, Item: Send to Telegram
2026-04-22T20:51:12.2875|INFO|SequenceItem.cs|Run|254|Finishing Category: Ground Station, Item: Send to Telegram
2026-04-22T20:51:12.2886|INFO|SequenceItem.cs|Run|208|Starting Category: Ground Station, Item: Send to Pushover, Title: Cool
2026-04-22T20:51:12.4870|INFO|SequenceItem.cs|Run|254|Finishing Category: Ground Station, Item: Send to Pushover, Title: Cool
2026-04-22T20:51:12.4878|INFO|SequenceItem.cs|Run|208|Starting Category: Camera, Item: CoolCamera, Temperature: -5, Duration: 30
2026-04-22T20:51:12.4880|INFO|CameraVM.cs|CoolCamera|138|Cooling Camera. Target: -5 Duration: 00:30:00
2026-04-22T21:21:20.7620|INFO|SequenceItem.cs|Run|254|Finishing Category: Camera, Item: CoolCamera, Temperature: -5, Duration: 30
2026-04-22T21:21:20.7624|INFO|SequenceItem.cs|Run|208|Starting Category: Utility, Item: WaitForTime, Time: 20:51:43h, Offset: -15
2026-04-22T21:21:20.7625|INFO|SequenceItem.cs|Run|254|Finishing Category: Utility, Item: WaitForTime, Time: 20:51:43h, Offset: -15
2026-04-22T21:21:20.7627|INFO|SequenceItem.cs|Run|254|Finishing Category: * Instruction Set *, Container: NINA.Sequencer.Container.SequentialContainer, Strategy: SequentialStrategy, Items[FINISHED]: 10
2026-04-22T21:21:20.7628|INFO|SequenceItem.cs|Run|254|Finishing Category: * Instruction Set *, Container: NINA.Sequencer.Container.StartAreaContainer, Strategy: SequentialStrategy, Items[FINISHED]: 1
2026-04-22T21:21:20.7629|INFO|SequenceItem.cs|Run|208|Starting Category: * Instruction Set *, Container: NINA.Sequencer.Container.TargetAreaContainer, Strategy: SequentialStrategy, Items[CREATED]: 1
2026-04-22T21:21:20.7630|INFO|SequenceItem.cs|Run|208|Starting Category: * Instruction Set *, Container: NINA.Sequencer.Container.SequentialContainer, Strategy: SequentialStrategy, Items[CREATED]: 12, Conditions: Condition: TimeCondition, Time: 6:34:43h, Condition: TargetSchedulerCondition mode=While Targets Remain Tonight, , Triggers: Trigger: CenterAfterDriftTrigger, DistanceArcMinutes: 1Trigger: WhenUnsafeCategory: Ground Station, Item: Failures to TelegramCategory: Connect, Item: ReconnectOnDownloadFailureTrigger: AutofocusAfterHFRIncreaseTrigger, Amount: 5Trigger: MeridianFlipTriggerCategory: Powerups (Misc), Item: DIYTriggerCategory: Ground Station, Item: Failures to PushoverTrigger: AutofocusAfterTemperatureChangeTrigger, Amount: 1.5°
2026-04-22T21:21:20.7632|INFO|WhenCommon.cs|SequenceBlockInitialize|204|Initialize; starting watchdog
2026-04-22T21:21:20.7632|INFO|WhenUnsafe.cs|CheckSafe|79|IsSafe is TRUE
2026-04-22T21:21:48.3831|INFO|MeridianFlipTrigger.cs|ShouldTrigger|197|Meridian Flip - Telescope is at home position. Skip flip evaluation
2026-04-22T21:21:48.3832|INFO|SequenceItem.cs|Run|208|Starting Category: Utility, Item: WaitForTime, Time: 20:51:43h, Offset: -15
2026-04-22T21:21:48.3832|INFO|SequenceItem.cs|Run|254|Finishing Category: Utility, Item: WaitForTime, Time: 20:51:43h, Offset: -15
2026-04-22T21:21:48.3835|INFO|MeridianFlipTrigger.cs|ShouldTrigger|197|Meridian Flip - Telescope is at home position. Skip flip evaluation
2026-04-22T21:21:48.3836|INFO|SequenceItem.cs|Run|208|Starting Category: Ground Station, Item: Send to Telegram
2026-04-22T21:21:49.0402|INFO|SequenceItem.cs|Run|254|Finishing Category: Ground Station, Item: Send to Telegram
2026-04-22T21:21:49.0414|INFO|MeridianFlipTrigger.cs|ShouldTrigger|197|Meridian Flip - Telescope is at home position. Skip flip evaluation
2026-04-22T21:21:49.0417|INFO|SequenceItem.cs|Run|208|Starting Category: Ground Station, Item: Send to Pushover, Title: Focusing
2026-04-22T21:21:49.2087|INFO|SequenceItem.cs|Run|254|Finishing Category: Ground Station, Item: Send to Pushover, Title: Focusing
2026-04-22T21:21:49.2099|INFO|MeridianFlipTrigger.cs|ShouldTrigger|197|Meridian Flip - Telescope is at home position. Skip flip evaluation
2026-04-22T21:21:49.2156|INFO|SequenceItem.cs|Run|208|Starting Category: Telescope, Item: SlewScopeToRaDec, Coordinates: RA: 00:00:00; Dec: 85° 00' 00"; Epoch: J2000
2026-04-22T21:21:49.2259|INFO|PHD2Guider.cs|StopGuiding|704|Phd2 - Stop Guiding skipped, as the app is already in state Stopped
2026-04-22T21:21:49.2399|INFO|TelescopeVM.cs|SlewAsyncInternal|910|Slewing from RA: 15:48:54; Dec: 90° 00' 00"; Epoch: JNOW to RA: 00:01:03; Dec: 85° 08' 38"; Epoch: JNOW - Alt: 27° 26' 29"; Az: 357° 01' 09"
2026-04-22T21:22:13.0802|INFO|SequenceItem.cs|Run|254|Finishing Category: Telescope, Item: SlewScopeToRaDec, Coordinates: RA: 00:00:00; Dec: 85° 00' 00"; Epoch: J2000
2026-04-22T21:22:13.0860|INFO|MeridianFlipTrigger.cs|ShouldTrigger|265|Meridian Flip - There is still time remaining - max remaining time 02:08:46.4651173, next instruction time 0, next instruction Category: Filter Wheel, Item: SwitchFilter, Filter: L - and the telescope reports expected pier side pierEast. Automated Flip is not necessary.
2026-04-22T21:22:13.0865|INFO|SequenceItem.cs|Run|208|Starting Category: Filter Wheel, Item: SwitchFilter, Filter: L
2026-04-22T21:22:13.1066|INFO|SequenceItem.cs|Run|254|Finishing Category: Filter Wheel, Item: SwitchFilter, Filter: L
2026-04-22T21:22:13.1108|INFO|MeridianFlipTrigger.cs|ShouldTrigger|265|Meridian Flip - There is still time remaining - max remaining time 02:08:46.4651173, next instruction time 180, next instruction Category: Focuser, Item: RunAutofocus - and the telescope reports expected pier side pierEast. Automated Flip is not necessary.
2026-04-22T21:22:13.1110|INFO|SequenceItem.cs|Run|208|Starting Category: Focuser, Item: RunAutofocus
2026-04-22T21:22:13.2864|INFO|FocuserMediator.cs|BroadcastAutoFocusRunStarting|92|Autofocus starting notification received
2026-04-22T21:22:13.2949|INFO|PHD2Guider.cs|StopGuiding|704|Phd2 - Stop Guiding skipped, as the app is already in state Stopped
2026-04-22T21:22:13.3196|INFO|AutoFocusEngine.cs|RunAutoFocus|929|Starting AutoFocus with initial position 387304
2026-04-22T21:22:13.3499|INFO|CameraVM.cs|Capture|742|Starting Exposure - Exposure Time: 3s; Filter: L; Gain: 270; Offset 50; Binning: 1x1;
2026-04-22T21:22:17.9719|INFO|AutoFocusEngine.cs|StartBlindFocusPoints|769|Waiting on initial HFR analysis
2026-04-22T21:22:17.9818|INFO|FocuserVM.cs|MoveFocuserInternal|216|Moving Focuser to position 387440
2026-04-22T21:22:20.4785|INFO|HocusFocusStarDetection.cs|Detect|413|Average HFR: 1.8299905701985117, HFR MAD: 0.11989873707807552, Detected Stars 340, Region: 0
2026-04-22T21:22:23.0698|INFO|CameraVM.cs|Capture|742|Starting Exposure - Exposure Time: 3s; Filter: L; Gain: 270; Offset 50; Binning: 1x1;
2026-04-22T21:22:27.6619|INFO|FocuserVM.cs|MoveFocuserInternal|216|Moving Focuser to position 387406
2026-04-22T21:22:29.1790|INFO|HocusFocusStarDetection.cs|Detect|413|Average HFR: 4.065876879956273, HFR MAD: 1.1102480056814632, Detected Stars 117, Region: 0
2026-04-22T21:22:35.0900|INFO|CameraVM.cs|Capture|742|Starting Exposure - Exposure Time: 3s; Filter: L; Gain: 270; Offset 50; Binning: 1x1;
2026-04-22T21:22:39.6755|INFO|FocuserVM.cs|MoveFocuserInternal|216|Moving Focuser to position 387372
2026-04-22T21:22:41.1818|INFO|HocusFocusStarDetection.cs|Detect|413|Average HFR: 3.0729021421566256, HFR MAD: 0.6905383195398493, Detected Stars 205, Region: 0
2026-04-22T21:22:47.1044|INFO|CameraVM.cs|Capture|742|Starting Exposure - Exposure Time: 3s; Filter: L; Gain: 270; Offset 50; Binning: 1x1;
2026-04-22T21:22:51.6862|INFO|FocuserVM.cs|MoveFocuserInternal|216|Moving Focuser to position 387338
2026-04-22T21:22:53.1794|INFO|HocusFocusStarDetection.cs|Detect|413|Average HFR: 2.474823695471956, HFR MAD: 0.43654973568094624, Detected Stars 297, Region: 0
2026-04-22T21:22:59.0679|INFO|CameraVM.cs|Capture|742|Starting Exposure - Exposure Time: 3s; Filter: L; Gain: 270; Offset 50; Binning: 1x1;
2026-04-22T21:23:03.6659|INFO|AutoFocusEngine.cs|StartBlindFocusPoints|797|Waiting on initial focuser move analyses
2026-04-22T21:23:05.1923|INFO|HocusFocusStarDetection.cs|Detect|413|Average HFR: 1.8565530738756006, HFR MAD: 0.16518475969123547, Detected Stars 299, Region: 0
2026-04-22T21:23:05.2373|INFO|FocuserVM.cs|MoveFocuserInternal|216|Moving Focuser to position 387304
2026-04-22T21:23:15.0851|INFO|CameraVM.cs|Capture|742|Starting Exposure - Exposure Time: 3s; Filter: L; Gain: 270; Offset 50; Binning: 1x1;
2026-04-22T21:23:19.6709|INFO|AutoFocusEngine.cs|StartBlindFocusPoints|870|Waiting on next left movement analysis
2026-04-22T21:23:21.1713|INFO|HocusFocusStarDetection.cs|Detect|413|Average HFR: 1.8638381152829822, HFR MAD: 0.11930326162605209, Detected Stars 382, Region: 0
2026-04-22T21:23:21.2172|INFO|FocuserVM.cs|MoveFocuserInternal|216|Moving Focuser to position 387270
2026-04-22T21:23:31.0934|INFO|CameraVM.cs|Capture|742|Starting Exposure - Exposure Time: 3s; Filter: L; Gain: 270; Offset 50; Binning: 1x1;
2026-04-22T21:23:35.6808|INFO|AutoFocusEngine.cs|StartBlindFocusPoints|870|Waiting on next left movement analysis
2026-04-22T21:23:37.1609|INFO|HocusFocusStarDetection.cs|Detect|413|Average HFR: 2.4438537891828447, HFR MAD: 0.19289446253491827, Detected Stars 378, Region: 0
2026-04-22T21:23:37.2019|INFO|FocuserVM.cs|MoveFocuserInternal|216|Moving Focuser to position 387236
2026-04-22T21:23:47.0816|INFO|CameraVM.cs|Capture|742|Starting Exposure - Exposure Time: 3s; Filter: L; Gain: 270; Offset 50; Binning: 1x1;
2026-04-22T21:23:51.6719|INFO|AutoFocusEngine.cs|StartBlindFocusPoints|870|Waiting on next left movement analysis
2026-04-22T21:23:53.1696|INFO|HocusFocusStarDetection.cs|Detect|413|Average HFR: 3.6444788186980355, HFR MAD: 0.26280515736919696, Detected Stars 267, Region: 0
2026-04-22T21:23:53.2246|INFO|FocuserVM.cs|MoveFocuserInternal|216|Moving Focuser to position 387202
2026-04-22T21:24:03.1099|INFO|CameraVM.cs|Capture|742|Starting Exposure - Exposure Time: 3s; Filter: L; Gain: 270; Offset 50; Binning: 1x1;
2026-04-22T21:24:07.6980|INFO|AutoFocusEngine.cs|StartBlindFocusPoints|870|Waiting on next left movement analysis
2026-04-22T21:24:09.1928|INFO|HocusFocusStarDetection.cs|Detect|413|Average HFR: 5.106380832244945, HFR MAD: 0.26320202521457325, Detected Stars 152, Region: 0
2026-04-22T21:24:09.2457|INFO|FocuserVM.cs|MoveFocuserInternal|216|Moving Focuser to position 387168
2026-04-22T21:24:19.1039|INFO|CameraVM.cs|Capture|742|Starting Exposure - Exposure Time: 3s; Filter: L; Gain: 270; Offset 50; Binning: 1x1;
2026-04-22T21:24:23.6881|INFO|AutoFocusEngine.cs|StartBlindFocusPoints|870|Waiting on next left movement analysis
2026-04-22T21:24:25.1864|INFO|HocusFocusStarDetection.cs|Detect|413|Average HFR: 7.212323790792981, HFR MAD: 0.2899943708625816, Detected Stars 73, Region: 0
2026-04-22T21:24:25.2372|INFO|AutoFocusEngine.cs|StartBlindFocusPoints|823|Enough left trend points (4) with an established minimum (387304) to queue remaining right focus points up to 387440
2026-04-22T21:24:25.2373|INFO|AutoFocusEngine.cs|StartBlindFocusPoints|896|Waiting on remaining AutoFocus analysis tasks
2026-04-22T21:24:25.2492|INFO|FocuserVM.cs|MoveFocuserInternal|216|Moving Focuser to position 387320
2026-04-22T21:24:31.0583|INFO|AutoFocusEngine.cs|ValidateCalculatedFocusPosition|1141|Validating HFR at final focus position 387320
2026-04-22T21:24:31.0661|INFO|CameraVM.cs|Capture|742|Starting Exposure - Exposure Time: 3s; Filter: L; Gain: 270; Offset 50; Binning: 1x1;
2026-04-22T21:24:37.1456|INFO|HocusFocusStarDetection.cs|Detect|413|Average HFR: 1.7722415947042671, HFR MAD: 0.11998377301486407, Detected Stars 333, Region: 0
2026-04-22T21:24:37.1518|INFO|HocusFocusVM.cs|AutoFocusEngine_Completed|473|AutoFocus completed with focuser starting at 387304 and ending at 387320
2026-04-22T21:24:37.2315|INFO|FocuserMediator.cs|BroadcastSuccessfulAutoFocusRun|46|Autofocus notification received - Temperature 26.700000762939453
2026-04-22T21:24:37.2490|INFO|SequenceItem.cs|Run|254|Finishing Category: Focuser, Item: RunAutofocus
2026-04-22T21:24:37.2496|INFO|MeridianFlipTrigger.cs|ShouldTrigger|265|Meridian Flip - There is still time remaining - max remaining time 02:06:22.0584307, next instruction time 0, next instruction Category: Utility, Item: WaitForTime, Time: 21:6:43h, Offset: 0 - and the telescope reports expected pier side pierEast. Automated Flip is not necessary.
2026-04-22T21:24:37.2498|INFO|SequenceItem.cs|Run|208|Starting Category: Utility, Item: WaitForTime, Time: 21:6:43h, Offset: 0
2026-04-22T21:24:37.2498|INFO|SequenceItem.cs|Run|254|Finishing Category: Utility, Item: WaitForTime, Time: 21:6:43h, Offset: 0
2026-04-22T21:24:37.2500|INFO|MeridianFlipTrigger.cs|ShouldTrigger|265|Meridian Flip - There is still time remaining - max remaining time 02:06:22.0584307, next instruction time 0, next instruction Category: Ground Station, Item: Send to Telegram - and the telescope reports expected pier side pierEast. Automated Flip is not necessary.
2026-04-22T21:24:37.2501|INFO|SequenceItem.cs|Run|208|Starting Category: Ground Station, Item: Send to Telegram
2026-04-22T21:24:37.8983|INFO|SequenceItem.cs|Run|254|Finishing Category: Ground Station, Item: Send to Telegram
2026-04-22T21:24:37.8993|INFO|MeridianFlipTrigger.cs|ShouldTrigger|265|Meridian Flip - There is still time remaining - max remaining time 02:06:20.1053427, next instruction time 0, next instruction Category: Ground Station, Item: Send to Pushover, Title: Focus Done - and the telescope reports expected pier side pierEast. Automated Flip is not necessary.
2026-04-22T21:24:37.8995|INFO|SequenceItem.cs|Run|208|Starting Category: Ground Station, Item: Send to Pushover, Title: Focus Done
2026-04-22T21:24:38.0544|INFO|SequenceItem.cs|Run|254|Finishing Category: Ground Station, Item: Send to Pushover, Title: Focus Done
2026-04-22T21:24:38.0551|INFO|MeridianFlipTrigger.cs|ShouldTrigger|265|Meridian Flip - There is still time remaining - max remaining time 02:06:20.1053427, next instruction time 0, next instruction Night Summary - Start Session - and the telescope reports expected pier side pierEast. Automated Flip is not necessary.
2026-04-22T21:24:38.0552|INFO|SequenceItem.cs|Run|208|Starting Night Summary - Start Session
2026-04-22T21:24:38.0558|INFO|NightSummaryInstruction.cs|Execute|29|NightSummary: Start Session instruction executing
2026-04-22T21:24:38.0738|INFO|SessionCollector.cs|StartSession|94|NightSummary: Session started. SessionId=1a971eef-0e4f-49f5-ba02-ff92f6cef65c
2026-04-22T21:24:38.0849|INFO|SessionService.cs|StartSession|136|NightSummary: Stored camera info — 3008×3008px, 3.76µm, 360mm focal
2026-04-22T21:24:38.0980|INFO|SessionService.cs|CaptureEquipmentNames|844|NightSummary: Equipment captured — Camera=ZWO ASI533MM Pro, Telescope=AT60, Mount=iOptron CEM120,70,40,26, GEM, HEM, HAE, HAZ series and SkyHunter Mount, FilterWheel=ZWO FilterWheel, Focuser=ZWO Focuser, Rotator=n/a, Guider=PHD2
2026-04-22T21:24:38.0993|INFO|LiveStackCapture.cs|.ctor|52|NightSummary: LiveStackCapture subscribed to broadcast topic
2026-04-22T21:24:38.0994|INFO|SessionService.cs|StartSession|157|NightSummary: LiveStack capture started for this session
2026-04-22T21:24:38.0995|INFO|SequenceItem.cs|Run|254|Finishing Night Summary - Start Session
2026-04-22T21:24:38.1004|INFO|MeridianFlipTrigger.cs|ShouldTrigger|265|Meridian Flip - There is still time remaining - max remaining time 02:06:20.1053427, next instruction time 0, next instruction [StartSubframesSession] Target='Unknown Target' RA=0.0000 Dec=0.0000 - and the telescope reports expected pier side pierEast. Automated Flip is not necessary.
2026-04-22T21:24:38.1006|INFO|SequenceItem.cs|Run|208|Starting [StartSubframesSession] Target='Unknown Target' RA=0.0000 Dec=0.0000
2026-04-22T21:24:38.1072|INFO|TsPlannedTargetReader.cs|ReadPlannedTargets|32|[Subframes] Target Scheduler database found at C:\Users\nicka\AppData\Local\NINA\SchedulerPlugin\schedulerdb.sqlite
2026-04-22T21:24:38.1234|INFO|TsPlannedTargetReader.cs|ReadPlannedTargets|34|[Subframes] TS planned targets: found 46 target(s).
2026-04-22T21:24:38.1235|INFO|StartSessionItem.cs|Execute|146|[Subframes] Including 46 planned target(s) from Target Scheduler in session start
2026-04-22T21:24:38.2824|INFO|SubframesClient.cs|StartSessionAsync|204|[Subframes] Session started: 14353138-d21b-41d3-b523-07f359dd7c45 for target ''
2026-04-22T21:24:38.2834|INFO|SessionService.cs|StartSessionAsync|290|[Subframes] Session started: 14353138-d21b-41d3-b523-07f359dd7c45 target=''
2026-04-22T21:24:38.2948|INFO|TsProgressReader.cs|ReadProgressSnapshot|52|[Subframes] TS progress snapshot: 185 row(s).
2026-04-22T21:24:38.3048|INFO|StartSessionItem.cs|Execute|172|[Subframes] StartSessionItem complete — session 14353138-d21b-41d3-b523-07f359dd7c45
2026-04-22T21:24:38.3050|INFO|SequenceItem.cs|Run|254|Finishing [StartSubframesSession] Target='Unknown Target' RA=0.0000 Dec=0.0000
2026-04-22T21:24:38.3066|INFO|MeridianFlipTrigger.cs|ShouldTrigger|265|Meridian Flip - There is still time remaining - max remaining time 02:06:20.1053427, next instruction time 0, next instruction Category: Target Scheduler, Container: NINA.Plugin.TargetScheduler.Sequencer.TargetSchedulerContainer, Strategy: SequentialStrategy, Target:  RA: 00:00:00; Dec: 00° 00' 00"; Epoch: J2000 0 - and the telescope reports expected pier side pierEast. Automated Flip is not necessary.
2026-04-22T21:24:38.3068|INFO|SequenceItem.cs|Run|208|Starting Category: Target Scheduler, Container: NINA.Plugin.TargetScheduler.Sequencer.TargetSchedulerContainer, Strategy: SequentialStrategy, Target:  RA: 00:00:00; Dec: 00° 00' 00"; Epoch: J2000 0
2026-04-22T21:24:38.3833|WARNING|SubframesClient.cs|PostEventAsync|768|[Subframes] PostEvent HTTP 500: {"data":null,"error":{"code":"INGEST_ERROR","message":"failed to ingest event"}}

2026-04-22T21:24:39.4332|INFO|Symbol.cs|OnMessageReceived|627|Received message from Target Scheduler re: TargetScheduler-WaitStart
2026-04-22T21:24:39.4756|INFO|MeridianFlipTrigger.cs|ShouldTrigger|265|Meridian Flip - There is still time remaining - max remaining time 02:06:18.0518256, next instruction time 0, next instruction Category: Ground Station, Item: Send to Telegram - and the telescope reports expected pier side pierEast. Automated Flip is not necessary.
2026-04-22T21:24:39.4757|INFO|SequenceItem.cs|Run|208|Starting Category: Ground Station, Item: Send to Telegram
2026-04-22T21:24:40.1161|INFO|SequenceItem.cs|Run|254|Finishing Category: Ground Station, Item: Send to Telegram
2026-04-22T21:24:40.1439|INFO|MeridianFlipTrigger.cs|ShouldTrigger|265|Meridian Flip - There is still time remaining - max remaining time 02:06:18.0518256, next instruction time 0, next instruction Category: Ground Station, Item: Send to Pushover, Title: Waiting - and the telescope reports expected pier side pierEast. Automated Flip is not necessary.
2026-04-22T21:24:40.1441|INFO|SequenceItem.cs|Run|208|Starting Category: Ground Station, Item: Send to Pushover, Title: Waiting
2026-04-22T21:24:40.3059|INFO|SequenceItem.cs|Run|254|Finishing Category: Ground Station, Item: Send to Pushover, Title: Waiting
2026-04-22T21:24:40.3248|INFO|PHD2Guider.cs|StopGuiding|704|Phd2 - Stop Guiding skipped, as the app is already in state Stopped
2026-04-22T21:25:21.9148|ERROR|PluginOptions.cs|Save|127|[Subframes] Failed to save settings: The process cannot access the file 'C:\Users\nicka\AppData\Roaming\Subframes\nina-plugin\settings.json' because it is being used by another process.
2026-04-22T21:25:26.9187|WARNING|TsPreviewClient.cs|FetchPreviewAsync|150|[Subframes] TsPreviewClient.FetchPreviewAsync failed for profile '533M-AT60' (0173997c-4bfa-48fd-9337-a48b6df99c38): TaskCanceledException: The request was canceled due to the configured HttpClient.Timeout of 5 seconds elapsing.
2026-04-22T21:25:26.9216|WARNING|TsPreviewClient.cs|FetchPreviewAsync|150|[Subframes] TsPreviewClient.FetchPreviewAsync failed for profile '533M-AT60' (0173997c-4bfa-48fd-9337-a48b6df99c38): TaskCanceledException: The request was canceled due to the configured HttpClient.Timeout of 5 seconds elapsing.
2026-04-22T21:26:24.3317|INFO|TsProgressReader.cs|ReadProgressDelta|97|[Subframes] TS progress: mtime changed but no row differences found.
2026-04-22T21:28:57.1110|INFO|WhenCommon.cs|SequenceBlockTeardown|198|Teardown; shutting down watchdog
2026-04-22T21:28:57.1125|INFO|Sequencer.cs|Start|85|Sequence run was cancelled
2026-04-22T21:28:57.1131|INFO|Sequence2VM.cs|StartSequence|548|Advanced Sequence finished
2026-04-22T21:28:57.1135|INFO|Plugin.cs|OnSequenceFinished|427|[Subframes] Sequence run ended — closing active session.
2026-04-22T21:28:57.1651|INFO|TsGradingReader.cs|DetectDateFormat|131|[Subframes] TS grading: acquireddate sample value = 1758274769
2026-04-22T21:28:57.2241|INFO|TsGradingReader.cs|ReadGradingResults|35|[Subframes] TS grading: found 0 entry/entries in session window.
2026-04-22T21:28:57.2242|INFO|SessionService.cs|EndSessionAsync|351|[Subframes] TS grading results: 0 entry/entries.
2026-04-22T21:28:57.2270|INFO|TsProgressReader.cs|ReadProgress|138|[Subframes] TS progress: found 185 row(s).
2026-04-22T21:28:57.2271|INFO|SessionService.cs|EndSessionAsync|353|[Subframes] TS progress results: 185 row(s).
2026-04-22T21:28:57.2335|INFO|SessionService.cs|OnSequenceFinished|253|NightSummary: Sequence finished with active session 1a971eef-0e4f-49f5-ba02-ff92f6cef65c — finalizing without report
2026-04-22T21:28:57.2428|INFO|SessionCollector.cs|EndSession|125|NightSummary: Session ended. SessionId=1a971eef-0e4f-49f5-ba02-ff92f6cef65c
2026-04-22T21:28:57.2468|WARNING|LiveStackCapture.cs|StopAndCollect|128|NightSummary: LiveStackCapture collected 0 images — Live Stack plugin may not be installed or no stacks were broadcast during the session
2026-04-22T21:28:57.2707|INFO|SubframesClient.cs|EndSessionAsync|248|[Subframes] Session ended: 14353138-d21b-41d3-b523-07f359dd7c45
2026-04-22T21:28:57.2716|INFO|SessionService.cs|EndSessionAsync|368|[Subframes] Sending 185 TS progress row(s) to API.
2026-04-22T21:28:57.3808|INFO|SubframesClient.cs|PostTsProgressAsync|729|[Subframes] TS progress sent: 185 row(s) for session 14353138-d21b-41d3-b523-07f359dd7c45
2026-04-22T21:28:57.3811|INFO|SessionService.cs|EndSessionAsync|372|[Subframes] Session ended.
2026-04-22T21:28:58.0130|INFO|Sequence2VM.cs|StartSequence|543|Advanced Sequence starting
2026-04-22T21:29:00.3237|INFO|SequenceItem.cs|Run|208|Starting Category: * Instruction Set *, Container: NINA.Sequencer.Container.SequenceRootContainer, Strategy: SequentialStrategy, Items[CREATED]: 3, Triggers: Category: Ground Station, Item: Failures to Telegram
2026-04-22T21:29:00.3240|INFO|SequenceItem.cs|Run|208|Starting Category: * Instruction Set *, Container: NINA.Sequencer.Container.StartAreaContainer, Strategy: SequentialStrategy, Items[FINISHED]: 1
2026-04-22T21:29:00.3241|INFO|SequenceItem.cs|Run|254|Finishing Category: * Instruction Set *, Container: NINA.Sequencer.Container.StartAreaContainer, Strategy: SequentialStrategy, Items[FINISHED]: 1
2026-04-22T21:29:00.3242|INFO|SequenceItem.cs|Run|208|Starting Category: * Instruction Set *, Container: NINA.Sequencer.Container.TargetAreaContainer, Strategy: SequentialStrategy, Items[CREATED]: 1
2026-04-22T21:29:00.3244|INFO|SequenceItem.cs|Run|208|Starting Category: * Instruction Set *, Container: NINA.Sequencer.Container.SequentialContainer, Strategy: SequentialStrategy, Items[FINISHED]: 11, Items[CREATED]: 1, Conditions: Condition: TimeCondition, Time: 6:34:43h, Condition: TargetSchedulerCondition mode=While Targets Remain Tonight, , Triggers: Trigger: CenterAfterDriftTrigger, DistanceArcMinutes: 1Trigger: WhenUnsafeCategory: Ground Station, Item: Failures to TelegramCategory: Connect, Item: ReconnectOnDownloadFailureTrigger: AutofocusAfterHFRIncreaseTrigger, Amount: 5Trigger: MeridianFlipTriggerCategory: Powerups (Misc), Item: DIYTriggerCategory: Ground Station, Item: Failures to PushoverTrigger: AutofocusAfterTemperatureChangeTrigger, Amount: 1.5°
2026-04-22T21:29:00.3245|INFO|WhenCommon.cs|SequenceBlockInitialize|204|Initialize; starting watchdog
2026-04-22T21:29:00.3248|INFO|MeridianFlipTrigger.cs|ShouldTrigger|204|Meridian Flip - Telescope is not tracking. Skip flip evaluation
2026-04-22T21:29:00.3250|INFO|SequenceItem.cs|Run|208|Starting Category: Target Scheduler, Container: NINA.Plugin.TargetScheduler.Sequencer.TargetSchedulerContainer, Strategy: SequentialStrategy, Target:  RA: 00:00:00; Dec: 00° 00' 00"; Epoch: J2000 0
2026-04-22T21:29:01.4347|INFO|Symbol.cs|OnMessageReceived|627|Received message from Target Scheduler re: TargetScheduler-WaitStart
2026-04-22T21:29:01.4378|INFO|MeridianFlipTrigger.cs|ShouldTrigger|204|Meridian Flip - Telescope is not tracking. Skip flip evaluation
2026-04-22T21:29:01.4378|INFO|SequenceItem.cs|Run|208|Starting Category: Ground Station, Item: Send to Telegram
2026-04-22T21:29:02.1027|INFO|SequenceItem.cs|Run|254|Finishing Category: Ground Station, Item: Send to Telegram
2026-04-22T21:29:02.1031|INFO|MeridianFlipTrigger.cs|ShouldTrigger|204|Meridian Flip - Telescope is not tracking. Skip flip evaluation
2026-04-22T21:29:02.1032|INFO|SequenceItem.cs|Run|208|Starting Category: Ground Station, Item: Send to Pushover, Title: Waiting
2026-04-22T21:29:02.2544|INFO|SequenceItem.cs|Run|254|Finishing Category: Ground Station, Item: Send to Pushover, Title: Waiting
2026-04-22T21:29:02.2580|INFO|PHD2Guider.cs|StopGuiding|704|Phd2 - Stop Guiding skipped, as the app is already in state Stopped
2026-04-22T21:29:39.6399|INFO|WhenCommon.cs|SequenceBlockTeardown|198|Teardown; shutting down watchdog
2026-04-22T21:29:39.6408|INFO|Sequencer.cs|Start|85|Sequence run was cancelled
2026-04-22T21:29:39.6426|INFO|Sequence2VM.cs|StartSequence|548|Advanced Sequence finished
2026-04-22T21:29:40.5746|INFO|Sequence2VM.cs|StartSequence|543|Advanced Sequence starting
2026-04-22T21:29:42.3691|INFO|SequenceItem.cs|Run|208|Starting Category: * Instruction Set *, Container: NINA.Sequencer.Container.SequenceRootContainer, Strategy: SequentialStrategy, Items[CREATED]: 3, Triggers: Category: Ground Station, Item: Failures to Telegram
2026-04-22T21:29:42.3693|INFO|SequenceItem.cs|Run|208|Starting Category: * Instruction Set *, Container: NINA.Sequencer.Container.StartAreaContainer, Strategy: SequentialStrategy, Items[FINISHED]: 1
2026-04-22T21:29:42.3693|INFO|SequenceItem.cs|Run|254|Finishing Category: * Instruction Set *, Container: NINA.Sequencer.Container.StartAreaContainer, Strategy: SequentialStrategy, Items[FINISHED]: 1
2026-04-22T21:29:42.3696|INFO|SequenceItem.cs|Run|208|Starting Category: * Instruction Set *, Container: NINA.Sequencer.Container.TargetAreaContainer, Strategy: SequentialStrategy, Items[CREATED]: 1
2026-04-22T21:29:42.3697|INFO|SequenceItem.cs|Run|208|Starting Category: * Instruction Set *, Container: NINA.Sequencer.Container.SequentialContainer, Strategy: SequentialStrategy, Items[FINISHED]: 11, Items[CREATED]: 1, Conditions: Condition: TimeCondition, Time: 6:34:43h, Condition: TargetSchedulerCondition mode=While Targets Remain Tonight, , Triggers: Trigger: CenterAfterDriftTrigger, DistanceArcMinutes: 1Trigger: WhenUnsafeCategory: Ground Station, Item: Failures to TelegramCategory: Connect, Item: ReconnectOnDownloadFailureTrigger: AutofocusAfterHFRIncreaseTrigger, Amount: 5Trigger: MeridianFlipTriggerCategory: Powerups (Misc), Item: DIYTriggerCategory: Ground Station, Item: Failures to PushoverTrigger: AutofocusAfterTemperatureChangeTrigger, Amount: 1.5°
2026-04-22T21:29:42.3698|INFO|WhenCommon.cs|SequenceBlockInitialize|204|Initialize; starting watchdog
2026-04-22T21:29:42.3701|INFO|MeridianFlipTrigger.cs|ShouldTrigger|204|Meridian Flip - Telescope is not tracking. Skip flip evaluation
2026-04-22T21:29:42.3702|INFO|SequenceItem.cs|Run|208|Starting Category: Target Scheduler, Container: NINA.Plugin.TargetScheduler.Sequencer.TargetSchedulerContainer, Strategy: SequentialStrategy, Target:  RA: 00:00:00; Dec: 00° 00' 00"; Epoch: J2000 0
2026-04-22T21:29:45.0092|INFO|Symbol.cs|OnMessageReceived|627|Received message from Target Scheduler re: TargetScheduler-WaitStart
2026-04-22T21:29:45.0121|INFO|MeridianFlipTrigger.cs|ShouldTrigger|204|Meridian Flip - Telescope is not tracking. Skip flip evaluation
2026-04-22T21:29:45.0122|INFO|SequenceItem.cs|Run|208|Starting Category: Ground Station, Item: Send to Telegram
2026-04-22T21:29:45.6281|INFO|SequenceItem.cs|Run|254|Finishing Category: Ground Station, Item: Send to Telegram
2026-04-22T21:29:45.6602|INFO|MeridianFlipTrigger.cs|ShouldTrigger|204|Meridian Flip - Telescope is not tracking. Skip flip evaluation
2026-04-22T21:29:45.6603|INFO|SequenceItem.cs|Run|208|Starting Category: Ground Station, Item: Send to Pushover, Title: Waiting
2026-04-22T21:29:45.7943|INFO|SequenceItem.cs|Run|254|Finishing Category: Ground Station, Item: Send to Pushover, Title: Waiting
2026-04-22T21:29:45.7987|INFO|PHD2Guider.cs|StopGuiding|704|Phd2 - Stop Guiding skipped, as the app is already in state Stopped
2026-04-22T21:30:29.9580|INFO|TsProgressReader.cs|ReadProgressDelta|101|[Subframes] TS progress delta: 8 upsert(s), 0 removal(s).
2026-04-22T21:30:56.5156|INFO|WhenCommon.cs|SequenceBlockTeardown|198|Teardown; shutting down watchdog
2026-04-22T21:30:56.5166|INFO|Sequencer.cs|Start|85|Sequence run was cancelled
2026-04-22T21:30:56.5178|INFO|Sequence2VM.cs|StartSequence|548|Advanced Sequence finished
2026-04-22T21:30:57.3916|INFO|Sequence2VM.cs|StartSequence|543|Advanced Sequence starting
2026-04-22T21:30:58.9972|INFO|SequenceItem.cs|Run|208|Starting Category: * Instruction Set *, Container: NINA.Sequencer.Container.SequenceRootContainer, Strategy: SequentialStrategy, Items[CREATED]: 3, Triggers: Category: Ground Station, Item: Failures to Telegram
2026-04-22T21:30:58.9974|INFO|SequenceItem.cs|Run|208|Starting Category: * Instruction Set *, Container: NINA.Sequencer.Container.StartAreaContainer, Strategy: SequentialStrategy, Items[FINISHED]: 1
2026-04-22T21:30:58.9975|INFO|SequenceItem.cs|Run|254|Finishing Category: * Instruction Set *, Container: NINA.Sequencer.Container.StartAreaContainer, Strategy: SequentialStrategy, Items[FINISHED]: 1
2026-04-22T21:30:58.9976|INFO|SequenceItem.cs|Run|208|Starting Category: * Instruction Set *, Container: NINA.Sequencer.Container.TargetAreaContainer, Strategy: SequentialStrategy, Items[CREATED]: 1
2026-04-22T21:30:58.9977|INFO|SequenceItem.cs|Run|208|Starting Category: * Instruction Set *, Container: NINA.Sequencer.Container.SequentialContainer, Strategy: SequentialStrategy, Items[FINISHED]: 11, Items[CREATED]: 1, Conditions: Condition: TimeCondition, Time: 6:34:43h, Condition: TargetSchedulerCondition mode=While Targets Remain Tonight, , Triggers: Trigger: CenterAfterDriftTrigger, DistanceArcMinutes: 1Trigger: WhenUnsafeCategory: Ground Station, Item: Failures to TelegramCategory: Connect, Item: ReconnectOnDownloadFailureTrigger: AutofocusAfterHFRIncreaseTrigger, Amount: 5Trigger: MeridianFlipTriggerCategory: Powerups (Misc), Item: DIYTriggerCategory: Ground Station, Item: Failures to PushoverTrigger: AutofocusAfterTemperatureChangeTrigger, Amount: 1.5°
2026-04-22T21:30:58.9979|INFO|WhenCommon.cs|SequenceBlockInitialize|204|Initialize; starting watchdog
2026-04-22T21:30:58.9981|INFO|MeridianFlipTrigger.cs|ShouldTrigger|204|Meridian Flip - Telescope is not tracking. Skip flip evaluation
2026-04-22T21:30:58.9983|INFO|SequenceItem.cs|Run|208|Starting Category: Target Scheduler, Container: NINA.Plugin.TargetScheduler.Sequencer.TargetSchedulerContainer, Strategy: SequentialStrategy, Target:  RA: 00:00:00; Dec: 00° 00' 00"; Epoch: J2000 0
2026-04-22T21:31:00.6726|INFO|Symbol.cs|OnMessageReceived|627|Received message from Target Scheduler re: TargetScheduler-WaitStart
2026-04-22T21:31:00.7033|INFO|MeridianFlipTrigger.cs|ShouldTrigger|204|Meridian Flip - Telescope is not tracking. Skip flip evaluation
2026-04-22T21:31:00.7034|INFO|SequenceItem.cs|Run|208|Starting Category: Ground Station, Item: Send to Telegram
2026-04-22T21:31:01.3278|INFO|SequenceItem.cs|Run|254|Finishing Category: Ground Station, Item: Send to Telegram
2026-04-22T21:31:01.3533|INFO|MeridianFlipTrigger.cs|ShouldTrigger|204|Meridian Flip - Telescope is not tracking. Skip flip evaluation
2026-04-22T21:31:01.3535|INFO|SequenceItem.cs|Run|208|Starting Category: Ground Station, Item: Send to Pushover, Title: Waiting
2026-04-22T21:31:01.5107|INFO|SequenceItem.cs|Run|254|Finishing Category: Ground Station, Item: Send to Pushover, Title: Waiting
2026-04-22T21:31:01.5156|INFO|PHD2Guider.cs|StopGuiding|704|Phd2 - Stop Guiding skipped, as the app is already in state Stopped
2026-04-22T21:31:53.1816|INFO|WhenCommon.cs|SequenceBlockTeardown|198|Teardown; shutting down watchdog
2026-04-22T21:31:53.1829|INFO|Sequencer.cs|Start|85|Sequence run was cancelled
2026-04-22T21:31:53.1842|INFO|Sequence2VM.cs|StartSequence|548|Advanced Sequence finished
2026-04-22T21:31:53.9646|INFO|Sequence2VM.cs|StartSequence|543|Advanced Sequence starting
2026-04-22T21:31:55.3586|INFO|SequenceItem.cs|Run|208|Starting Category: * Instruction Set *, Container: NINA.Sequencer.Container.SequenceRootContainer, Strategy: SequentialStrategy, Items[CREATED]: 3, Triggers: Category: Ground Station, Item: Failures to Telegram
2026-04-22T21:31:55.3589|INFO|SequenceItem.cs|Run|208|Starting Category: * Instruction Set *, Container: NINA.Sequencer.Container.StartAreaContainer, Strategy: SequentialStrategy, Items[FINISHED]: 1
2026-04-22T21:31:55.3589|INFO|SequenceItem.cs|Run|254|Finishing Category: * Instruction Set *, Container: NINA.Sequencer.Container.StartAreaContainer, Strategy: SequentialStrategy, Items[FINISHED]: 1
2026-04-22T21:31:55.3591|INFO|SequenceItem.cs|Run|208|Starting Category: * Instruction Set *, Container: NINA.Sequencer.Container.TargetAreaContainer, Strategy: SequentialStrategy, Items[CREATED]: 1
2026-04-22T21:31:55.3592|INFO|SequenceItem.cs|Run|208|Starting Category: * Instruction Set *, Container: NINA.Sequencer.Container.SequentialContainer, Strategy: SequentialStrategy, Items[FINISHED]: 11, Items[CREATED]: 1, Conditions: Condition: TimeCondition, Time: 6:34:43h, Condition: TargetSchedulerCondition mode=While Targets Remain Tonight, , Triggers: Trigger: CenterAfterDriftTrigger, DistanceArcMinutes: 1Trigger: WhenUnsafeCategory: Ground Station, Item: Failures to TelegramCategory: Connect, Item: ReconnectOnDownloadFailureTrigger: AutofocusAfterHFRIncreaseTrigger, Amount: 5Trigger: MeridianFlipTriggerCategory: Powerups (Misc), Item: DIYTriggerCategory: Ground Station, Item: Failures to PushoverTrigger: AutofocusAfterTemperatureChangeTrigger, Amount: 1.5°
2026-04-22T21:31:55.3594|INFO|WhenCommon.cs|SequenceBlockInitialize|204|Initialize; starting watchdog
2026-04-22T21:31:55.3598|INFO|MeridianFlipTrigger.cs|ShouldTrigger|204|Meridian Flip - Telescope is not tracking. Skip flip evaluation
2026-04-22T21:31:55.3600|INFO|SequenceItem.cs|Run|208|Starting Category: Target Scheduler, Container: NINA.Plugin.TargetScheduler.Sequencer.TargetSchedulerContainer, Strategy: SequentialStrategy, Target:  RA: 00:00:00; Dec: 00° 00' 00"; Epoch: J2000 0
2026-04-22T21:31:57.2644|INFO|Symbol.cs|OnMessageReceived|627|Received message from Target Scheduler re: TargetScheduler-WaitStart
2026-04-22T21:31:57.2676|INFO|MeridianFlipTrigger.cs|ShouldTrigger|204|Meridian Flip - Telescope is not tracking. Skip flip evaluation
2026-04-22T21:31:57.2676|INFO|SequenceItem.cs|Run|208|Starting Category: Ground Station, Item: Send to Telegram
2026-04-22T21:31:57.8842|INFO|SequenceItem.cs|Run|254|Finishing Category: Ground Station, Item: Send to Telegram
2026-04-22T21:31:57.8850|INFO|MeridianFlipTrigger.cs|ShouldTrigger|204|Meridian Flip - Telescope is not tracking. Skip flip evaluation
2026-04-22T21:31:57.8851|INFO|SequenceItem.cs|Run|208|Starting Category: Ground Station, Item: Send to Pushover, Title: Waiting
2026-04-22T21:31:58.0523|INFO|SequenceItem.cs|Run|254|Finishing Category: Ground Station, Item: Send to Pushover, Title: Waiting
2026-04-22T21:31:58.0585|INFO|PHD2Guider.cs|StopGuiding|704|Phd2 - Stop Guiding skipped, as the app is already in state Stopped
2026-04-22T21:32:15.0478|INFO|WhenCommon.cs|SequenceBlockTeardown|198|Teardown; shutting down watchdog
2026-04-22T21:32:15.0490|INFO|Sequencer.cs|Start|85|Sequence run was cancelled
2026-04-22T21:32:15.0500|INFO|Sequence2VM.cs|StartSequence|548|Advanced Sequence finished
2026-04-22T21:32:15.9842|INFO|Sequence2VM.cs|StartSequence|543|Advanced Sequence starting
2026-04-22T21:32:17.6918|INFO|SequenceItem.cs|Run|208|Starting Category: * Instruction Set *, Container: NINA.Sequencer.Container.SequenceRootContainer, Strategy: SequentialStrategy, Items[CREATED]: 3, Triggers: Category: Ground Station, Item: Failures to Telegram
2026-04-22T21:32:17.6921|INFO|SequenceItem.cs|Run|208|Starting Category: * Instruction Set *, Container: NINA.Sequencer.Container.StartAreaContainer, Strategy: SequentialStrategy, Items[FINISHED]: 1
2026-04-22T21:32:17.6922|INFO|SequenceItem.cs|Run|254|Finishing Category: * Instruction Set *, Container: NINA.Sequencer.Container.StartAreaContainer, Strategy: SequentialStrategy, Items[FINISHED]: 1
2026-04-22T21:32:17.6923|INFO|SequenceItem.cs|Run|208|Starting Category: * Instruction Set *, Container: NINA.Sequencer.Container.TargetAreaContainer, Strategy: SequentialStrategy, Items[CREATED]: 1
2026-04-22T21:32:17.6924|INFO|SequenceItem.cs|Run|208|Starting Category: * Instruction Set *, Container: NINA.Sequencer.Container.SequentialContainer, Strategy: SequentialStrategy, Items[FINISHED]: 11, Items[CREATED]: 1, Conditions: Condition: TimeCondition, Time: 6:34:43h, Condition: TargetSchedulerCondition mode=While Targets Remain Tonight, , Triggers: Trigger: CenterAfterDriftTrigger, DistanceArcMinutes: 1Trigger: WhenUnsafeCategory: Ground Station, Item: Failures to TelegramCategory: Connect, Item: ReconnectOnDownloadFailureTrigger: AutofocusAfterHFRIncreaseTrigger, Amount: 5Trigger: MeridianFlipTriggerCategory: Powerups (Misc), Item: DIYTriggerCategory: Ground Station, Item: Failures to PushoverTrigger: AutofocusAfterTemperatureChangeTrigger, Amount: 1.5°
2026-04-22T21:32:17.6925|INFO|WhenCommon.cs|SequenceBlockInitialize|204|Initialize; starting watchdog
2026-04-22T21:32:17.6928|INFO|MeridianFlipTrigger.cs|ShouldTrigger|204|Meridian Flip - Telescope is not tracking. Skip flip evaluation
2026-04-22T21:32:17.6929|INFO|SequenceItem.cs|Run|208|Starting Category: Target Scheduler, Container: NINA.Plugin.TargetScheduler.Sequencer.TargetSchedulerContainer, Strategy: SequentialStrategy, Target:  RA: 00:00:00; Dec: 00° 00' 00"; Epoch: J2000 0
2026-04-22T21:32:20.3362|INFO|Symbol.cs|OnMessageReceived|627|Received message from Target Scheduler re: TargetScheduler-WaitStart
2026-04-22T21:32:20.3390|INFO|MeridianFlipTrigger.cs|ShouldTrigger|204|Meridian Flip - Telescope is not tracking. Skip flip evaluation
2026-04-22T21:32:20.3391|INFO|SequenceItem.cs|Run|208|Starting Category: Ground Station, Item: Send to Telegram
2026-04-22T21:32:20.9543|INFO|SequenceItem.cs|Run|254|Finishing Category: Ground Station, Item: Send to Telegram
2026-04-22T21:32:20.9551|INFO|MeridianFlipTrigger.cs|ShouldTrigger|204|Meridian Flip - Telescope is not tracking. Skip flip evaluation
2026-04-22T21:32:20.9552|INFO|SequenceItem.cs|Run|208|Starting Category: Ground Station, Item: Send to Pushover, Title: Waiting
2026-04-22T21:32:21.1311|INFO|SequenceItem.cs|Run|254|Finishing Category: Ground Station, Item: Send to Pushover, Title: Waiting
2026-04-22T21:32:21.1357|INFO|PHD2Guider.cs|StopGuiding|704|Phd2 - Stop Guiding skipped, as the app is already in state Stopped
2026-04-22T21:32:51.3848|INFO|WhenCommon.cs|SequenceBlockTeardown|198|Teardown; shutting down watchdog
2026-04-22T21:32:51.3857|INFO|Sequencer.cs|Start|85|Sequence run was cancelled
2026-04-22T21:32:51.4102|INFO|Sequence2VM.cs|StartSequence|548|Advanced Sequence finished
2026-04-22T21:32:52.2478|INFO|Sequence2VM.cs|StartSequence|543|Advanced Sequence starting
2026-04-22T21:32:53.8194|INFO|SequenceItem.cs|Run|208|Starting Category: * Instruction Set *, Container: NINA.Sequencer.Container.SequenceRootContainer, Strategy: SequentialStrategy, Items[CREATED]: 3, Triggers: Category: Ground Station, Item: Failures to Telegram
2026-04-22T21:32:53.8196|INFO|SequenceItem.cs|Run|208|Starting Category: * Instruction Set *, Container: NINA.Sequencer.Container.StartAreaContainer, Strategy: SequentialStrategy, Items[FINISHED]: 1
2026-04-22T21:32:53.8197|INFO|SequenceItem.cs|Run|254|Finishing Category: * Instruction Set *, Container: NINA.Sequencer.Container.StartAreaContainer, Strategy: SequentialStrategy, Items[FINISHED]: 1
2026-04-22T21:32:53.8198|INFO|SequenceItem.cs|Run|208|Starting Category: * Instruction Set *, Container: NINA.Sequencer.Container.TargetAreaContainer, Strategy: SequentialStrategy, Items[CREATED]: 1
2026-04-22T21:32:53.8199|INFO|SequenceItem.cs|Run|208|Starting Category: * Instruction Set *, Container: NINA.Sequencer.Container.SequentialContainer, Strategy: SequentialStrategy, Items[FINISHED]: 11, Items[CREATED]: 1, Conditions: Condition: TimeCondition, Time: 6:34:43h, Condition: TargetSchedulerCondition mode=While Targets Remain Tonight, , Triggers: Trigger: CenterAfterDriftTrigger, DistanceArcMinutes: 1Trigger: WhenUnsafeCategory: Ground Station, Item: Failures to TelegramCategory: Connect, Item: ReconnectOnDownloadFailureTrigger: AutofocusAfterHFRIncreaseTrigger, Amount: 5Trigger: MeridianFlipTriggerCategory: Powerups (Misc), Item: DIYTriggerCategory: Ground Station, Item: Failures to PushoverTrigger: AutofocusAfterTemperatureChangeTrigger, Amount: 1.5°
2026-04-22T21:32:53.8400|INFO|WhenCommon.cs|SequenceBlockInitialize|204|Initialize; starting watchdog
2026-04-22T21:32:53.8405|INFO|MeridianFlipTrigger.cs|ShouldTrigger|204|Meridian Flip - Telescope is not tracking. Skip flip evaluation
2026-04-22T21:32:53.8616|INFO|SequenceItem.cs|Run|208|Starting Category: Target Scheduler, Container: NINA.Plugin.TargetScheduler.Sequencer.TargetSchedulerContainer, Strategy: SequentialStrategy, Target:  RA: 00:00:00; Dec: 00° 00' 00"; Epoch: J2000 0
2026-04-22T21:32:56.0429|INFO|Symbol.cs|OnMessageReceived|627|Received message from Target Scheduler re: TargetScheduler-WaitStart
2026-04-22T21:32:56.0457|INFO|MeridianFlipTrigger.cs|ShouldTrigger|204|Meridian Flip - Telescope is not tracking. Skip flip evaluation
2026-04-22T21:32:56.0457|INFO|SequenceItem.cs|Run|208|Starting Category: Ground Station, Item: Send to Telegram
2026-04-22T21:32:56.7320|INFO|SequenceItem.cs|Run|254|Finishing Category: Ground Station, Item: Send to Telegram
2026-04-22T21:32:56.7324|INFO|MeridianFlipTrigger.cs|ShouldTrigger|204|Meridian Flip - Telescope is not tracking. Skip flip evaluation
2026-04-22T21:32:56.7324|INFO|SequenceItem.cs|Run|208|Starting Category: Ground Station, Item: Send to Pushover, Title: Waiting
2026-04-22T21:32:56.8654|INFO|SequenceItem.cs|Run|254|Finishing Category: Ground Station, Item: Send to Pushover, Title: Waiting
2026-04-22T21:32:56.8715|INFO|PHD2Guider.cs|StopGuiding|704|Phd2 - Stop Guiding skipped, as the app is already in state Stopped
2026-04-22T21:34:15.7390|INFO|WhenCommon.cs|SequenceBlockTeardown|198|Teardown; shutting down watchdog
2026-04-22T21:34:15.7404|INFO|Sequencer.cs|Start|85|Sequence run was cancelled
2026-04-22T21:34:15.7410|INFO|Sequence2VM.cs|StartSequence|548|Advanced Sequence finished
2026-04-22T21:34:16.4951|INFO|Sequence2VM.cs|StartSequence|543|Advanced Sequence starting
2026-04-22T21:34:18.2205|INFO|SequenceItem.cs|Run|208|Starting Category: * Instruction Set *, Container: NINA.Sequencer.Container.SequenceRootContainer, Strategy: SequentialStrategy, Items[CREATED]: 3, Triggers: Category: Ground Station, Item: Failures to Telegram
2026-04-22T21:34:18.2208|INFO|SequenceItem.cs|Run|208|Starting Category: * Instruction Set *, Container: NINA.Sequencer.Container.StartAreaContainer, Strategy: SequentialStrategy, Items[FINISHED]: 1
2026-04-22T21:34:18.2209|INFO|SequenceItem.cs|Run|254|Finishing Category: * Instruction Set *, Container: NINA.Sequencer.Container.StartAreaContainer, Strategy: SequentialStrategy, Items[FINISHED]: 1
2026-04-22T21:34:18.2210|INFO|SequenceItem.cs|Run|208|Starting Category: * Instruction Set *, Container: NINA.Sequencer.Container.TargetAreaContainer, Strategy: SequentialStrategy, Items[CREATED]: 1
2026-04-22T21:34:18.2211|INFO|SequenceItem.cs|Run|208|Starting Category: * Instruction Set *, Container: NINA.Sequencer.Container.SequentialContainer, Strategy: SequentialStrategy, Items[FINISHED]: 11, Items[CREATED]: 1, Conditions: Condition: TimeCondition, Time: 6:34:43h, Condition: TargetSchedulerCondition mode=While Targets Remain Tonight, , Triggers: Trigger: CenterAfterDriftTrigger, DistanceArcMinutes: 1Trigger: WhenUnsafeCategory: Ground Station, Item: Failures to TelegramCategory: Connect, Item: ReconnectOnDownloadFailureTrigger: AutofocusAfterHFRIncreaseTrigger, Amount: 5Trigger: MeridianFlipTriggerCategory: Powerups (Misc), Item: DIYTriggerCategory: Ground Station, Item: Failures to PushoverTrigger: AutofocusAfterTemperatureChangeTrigger, Amount: 1.5°
2026-04-22T21:34:18.2212|INFO|WhenCommon.cs|SequenceBlockInitialize|204|Initialize; starting watchdog
2026-04-22T21:34:18.2215|INFO|MeridianFlipTrigger.cs|ShouldTrigger|204|Meridian Flip - Telescope is not tracking. Skip flip evaluation
2026-04-22T21:34:18.2216|INFO|SequenceItem.cs|Run|208|Starting Category: Target Scheduler, Container: NINA.Plugin.TargetScheduler.Sequencer.TargetSchedulerContainer, Strategy: SequentialStrategy, Target:  RA: 00:00:00; Dec: 00° 00' 00"; Epoch: J2000 0
2026-04-22T21:34:18.9368|INFO|Symbol.cs|OnMessageReceived|627|Received message from Target Scheduler re: TargetScheduler-NewTargetStart
2026-04-22T21:34:18.9370|INFO|Symbol.cs|OnMessageReceived|635|TS_TargetName = M 64
2026-04-22T21:34:18.9371|INFO|Symbol.cs|OnMessageReceived|636|Expires at 04/23/2026 00:25:42 -05:00
2026-04-22T21:34:18.9611|INFO|Symbol.cs|OnMessageReceived|627|Received message from Target Scheduler re: TargetScheduler-TargetStart
2026-04-22T21:34:18.9611|INFO|Symbol.cs|OnMessageReceived|635|TS_TargetName = M 64
2026-04-22T21:34:18.9612|INFO|Symbol.cs|OnMessageReceived|636|Expires at 04/23/2026 00:25:42 -05:00
2026-04-22T21:34:18.9798|INFO|MeridianFlipTrigger.cs|ShouldTrigger|204|Meridian Flip - Telescope is not tracking. Skip flip evaluation
2026-04-22T21:34:18.9800|INFO|SequenceItem.cs|Run|208|Starting NINA.Plugin.TargetScheduler.Sequencer.PlanSchedulerProgress
2026-04-22T21:34:18.9828|INFO|SequenceItem.cs|Run|254|Finishing NINA.Plugin.TargetScheduler.Sequencer.PlanSchedulerProgress
2026-04-22T21:34:19.0050|INFO|MeridianFlipTrigger.cs|ShouldTrigger|204|Meridian Flip - Telescope is not tracking. Skip flip evaluation
2026-04-22T21:34:19.0057|INFO|SequenceItem.cs|Run|208|Starting Category: Scheduler, Item: Center, Coordinates RA: 12:56:44; Dec: 21° 40' 58"; Epoch: J2000
2026-04-22T21:34:19.1417|INFO|PHD2Guider.cs|StopGuiding|704|Phd2 - Stop Guiding skipped, as the app is already in state Stopped
2026-04-22T21:34:19.1517|INFO|TelescopeVM.cs|SlewAsyncInternal|910|Slewing from RA: 00:10:42; Dec: 85° 08' 38"; Epoch: JNOW to RA: 12:58:03; Dec: 21° 32' 18"; Epoch: JNOW - Alt: 49° 32' 12"; Az: 93° 12' 23"
2026-04-22T21:34:25.5309|INFO|TsProgressReader.cs|ReadProgressDelta|101|[Subframes] TS progress delta: 8 upsert(s), 0 removal(s).
2026-04-22T21:34:46.9943|INFO|CameraVM.cs|Capture|742|Starting Exposure - Exposure Time: 2s; Filter: L; Gain: 275; Offset 50; Binning: 1x1;
2026-04-22T21:34:51.5992|INFO|ImageSolver.cs|Solve|41|Platesolving with parameters: FocalLength: 360 PixelSize: 3.76 SearchRadius: 30 BlindFailoverEnabled: True Regions: 5000 DownSampleFactor: 0 MaxObjects: 500 Reference Coordinates RA: 12:56:44 Dec: 21° 40' 58" Epoch: J2000
2026-04-22T21:34:52.1917|INFO|BaseImageData.cs|SaveToDisk|346|Saved image to C:\Users\nicka\AppData\Local\NINA\PlateSolver\qpavlnvd.tba.fits
2026-04-22T21:34:53.5356|INFO|ImageSolver.cs|Solve|54|Platesolve successful: Coordinates: RA: 12:59:30; Dec: 17° 02' 22"; Epoch: J2000 - Position Angle: 95.52592537610093
2026-04-22T21:34:53.5398|INFO|CenteringSolver.cs|Center|99|Centering Solver - Scope Position: RA: 12:58:03; Dec: 21° 32' 18"; Epoch: JNOW; Offset: RA: 00:00:00; Dec: 00° 00' 00"; Distance: 00° 00' 00"; Bearing: 00° 00' 00"; Centering Coordinates: RA: 12:58:03; Dec: 21° 32' 18"; Epoch: JNOW; Solved: RA: 13:00:50; Dec: 16° 53' 43"; Epoch: JNOW; Separation RA: -00:02:47; Dec: 04° 38' 35"; Distance: 04° 41' 21"; Bearing: -171° 49' 56"; Threshold: 2
2026-04-22T21:34:54.0527|INFO|TelescopeVM.cs|Sync|777|Syncing scope from RA: 12:58:03; Dec: 21° 32' 18"; Epoch: JNOW to RA: 13:00:50; Dec: 16° 53' 43"; Epoch: JNOW
2026-04-22T21:34:59.0552|INFO|CenteringSolver.cs|Center|132|Slewing to target after sync. Current Position: RA: 13:00:50; Dec: 16° 53' 43"; Epoch: JNOW; Target coordinates: RA: 12:58:03; Dec: 21° 32' 18"; Epoch: JNOW; Offset RA: 00:00:00; Dec: 00° 00' 00"; Distance: 00° 00' 00"; Bearing: 00° 00' 00"
2026-04-22T21:34:59.0592|INFO|TelescopeVM.cs|SlewAsyncInternal|910|Slewing from RA: 13:00:50; Dec: 16° 53' 43"; Epoch: JNOW to RA: 12:58:03; Dec: 21° 32' 18"; Epoch: JNOW - Alt: 49° 40' 43"; Az: 93° 18' 11"
2026-04-22T21:35:08.2177|INFO|CameraVM.cs|Capture|742|Starting Exposure - Exposure Time: 2s; Filter: L; Gain: 275; Offset 50; Binning: 1x1;
2026-04-22T21:35:12.6974|INFO|ImageSolver.cs|Solve|41|Platesolving with parameters: FocalLength: 360 PixelSize: 3.76 SearchRadius: 30 BlindFailoverEnabled: True Regions: 5000 DownSampleFactor: 0 MaxObjects: 500 Reference Coordinates RA: 12:56:44 Dec: 21° 40' 58" Epoch: J2000
2026-04-22T21:35:13.0630|INFO|BaseImageData.cs|SaveToDisk|346|Saved image to C:\Users\nicka\AppData\Local\NINA\PlateSolver\ukpe1dzr.q4u.fits
2026-04-22T21:35:13.9765|INFO|ImageSolver.cs|Solve|54|Platesolve successful: Coordinates: RA: 12:56:42; Dec: 21° 40' 11"; Epoch: J2000 - Position Angle: 95.52652829848944
2026-04-22T21:35:13.9778|INFO|CenteringSolver.cs|Center|99|Centering Solver - Scope Position: RA: 12:58:03; Dec: 21° 32' 18"; Epoch: JNOW; Offset: RA: 00:00:00; Dec: 00° 00' 00"; Distance: 00° 00' 00"; Bearing: 00° 00' 00"; Centering Coordinates: RA: 12:58:03; Dec: 21° 32' 18"; Epoch: JNOW; Solved: RA: 12:58:02; Dec: 21° 31' 31"; Epoch: JNOW; Separation RA: 00:00:01; Dec: 00° 00' 47"; Distance: 00° 00' 51"; Bearing: 157° 04' 29"; Threshold: 2
2026-04-22T21:35:13.9788|INFO|CenteringSolver.cs|Center|165|Restoring filter to L after centering
2026-04-22T21:35:13.9802|INFO|SequenceItem.cs|Run|254|Finishing Category: Scheduler, Item: Center, Coordinates RA: 12:56:44; Dec: 21° 40' 58"; Epoch: J2000
2026-04-22T21:35:13.9807|INFO|MeridianFlipTrigger.cs|ShouldTrigger|265|Meridian Flip - There is still time remaining - max remaining time 02:52:42.0959609, next instruction time 0, next instruction NINA.Plugin.TargetScheduler.Sequencer.PlanSchedulerProgress - and the telescope reports expected pier side pierWest. Automated Flip is not necessary.
2026-04-22T21:35:13.9810|INFO|SequenceItem.cs|Run|208|Starting NINA.Plugin.TargetScheduler.Sequencer.PlanSchedulerProgress
2026-04-22T21:35:13.9980|INFO|SequenceItem.cs|Run|254|Finishing NINA.Plugin.TargetScheduler.Sequencer.PlanSchedulerProgress
2026-04-22T21:35:13.9987|INFO|MeridianFlipTrigger.cs|ShouldTrigger|265|Meridian Flip - There is still time remaining - max remaining time 02:52:42.0959609, next instruction time 0, next instruction Category: , Container: NINA.Plugin.TargetScheduler.Sequencer.InstructionContainer, Strategy: InstructionContainerStrategy, Items[CREATED]: 2 - and the telescope reports expected pier side pierWest. Automated Flip is not necessary.
2026-04-22T21:35:13.9988|INFO|SequenceItem.cs|Run|208|Starting Category: , Container: NINA.Plugin.TargetScheduler.Sequencer.InstructionContainer, Strategy: InstructionContainerStrategy, Items[CREATED]: 2
2026-04-22T21:35:13.9996|INFO|MeridianFlipTrigger.cs|ShouldTrigger|265|Meridian Flip - There is still time remaining - max remaining time 02:52:42.0959609, next instruction time 0, next instruction [SubframesStartTarget] Target='Unknown Target' RA=0.0000 Dec=0.0000 - and the telescope reports expected pier side pierWest. Automated Flip is not necessary.
2026-04-22T21:35:13.9998|INFO|SequenceItem.cs|Run|208|Starting [SubframesStartTarget] Target='Unknown Target' RA=0.0000 Dec=0.0000
2026-04-22T21:35:14.0017|WARNING|StartTargetItem.cs|Execute|65|[Subframes] StartTargetItem: no active session — skipping target start.
2026-04-22T21:35:14.0019|INFO|SequenceItem.cs|Run|254|Finishing [SubframesStartTarget] Target='Unknown Target' RA=0.0000 Dec=0.0000
2026-04-22T21:35:14.0022|INFO|MeridianFlipTrigger.cs|ShouldTrigger|265|Meridian Flip - There is still time remaining - max remaining time 02:52:42.0959609, next instruction time 0, next instruction Category: Ground Station, Item: Send to Telegram - and the telescope reports expected pier side pierWest. Automated Flip is not necessary.
2026-04-22T21:35:14.0023|INFO|SequenceItem.cs|Run|208|Starting Category: Ground Station, Item: Send to Telegram
2026-04-22T21:35:14.7816|INFO|SequenceItem.cs|Run|254|Finishing Category: Ground Station, Item: Send to Telegram
2026-04-22T21:35:14.7820|INFO|SequenceItem.cs|Run|254|Finishing Category: , Container: NINA.Plugin.TargetScheduler.Sequencer.InstructionContainer, Strategy: InstructionContainerStrategy, Items[FINISHED]: 2
2026-04-22T21:35:14.8119|INFO|MeridianFlipTrigger.cs|ShouldTrigger|265|Meridian Flip - There is still time remaining - max remaining time 02:52:42.0959609, next instruction time 0, next instruction NINA.Plugin.TargetScheduler.Sequencer.PlanSchedulerProgress - and the telescope reports expected pier side pierWest. Automated Flip is not necessary.
2026-04-22T21:35:14.8120|INFO|SequenceItem.cs|Run|208|Starting NINA.Plugin.TargetScheduler.Sequencer.PlanSchedulerProgress
2026-04-22T21:35:14.8133|INFO|SequenceItem.cs|Run|254|Finishing NINA.Plugin.TargetScheduler.Sequencer.PlanSchedulerProgress
2026-04-22T21:35:14.8137|INFO|MeridianFlipTrigger.cs|ShouldTrigger|265|Meridian Flip - There is still time remaining - max remaining time 02:52:42.0959609, next instruction time 0, next instruction Category: Scheduler, Item: SwitchFilter, Filter: H - and the telescope reports expected pier side pierWest. Automated Flip is not necessary.
2026-04-22T21:35:14.8137|INFO|SequenceItem.cs|Run|208|Starting Category: Scheduler, Item: SwitchFilter, Filter: H
2026-04-22T21:35:14.8145|INFO|FilterWheelVM.cs|ChangeFilter|112|Moving to Filter H at Position 5
2026-04-22T21:35:15.0400|INFO|FocuserVM.cs|MoveFocuserInternal|216|Moving Focuser to position 387342
2026-04-22T21:35:18.1948|INFO|FramingAssistantVM.cs|LoadImage|1088|Loading image from source HIPS2FITS with field of view 7° for coordinates RA: 00:00:00; Dec: 00° 00' 00"; Epoch: J2000
2026-04-22T21:35:19.1363|INFO|SequenceItem.cs|Run|254|Finishing Category: Scheduler, Item: SwitchFilter, Filter: H
2026-04-22T21:35:19.1369|INFO|MeridianFlipTrigger.cs|ShouldTrigger|265|Meridian Flip - There is still time remaining - max remaining time 02:52:38.0929471, next instruction time 0, next instruction NINA.Plugin.TargetScheduler.Sequencer.PlanSchedulerProgress - and the telescope reports expected pier side pierWest. Automated Flip is not necessary.
2026-04-22T21:35:19.1371|INFO|SequenceItem.cs|Run|208|Starting NINA.Plugin.TargetScheduler.Sequencer.PlanSchedulerProgress
2026-04-22T21:35:19.1372|INFO|SequenceItem.cs|Run|254|Finishing NINA.Plugin.TargetScheduler.Sequencer.PlanSchedulerProgress
2026-04-22T21:35:19.1385|INFO|MeridianFlipTrigger.cs|ShouldTrigger|265|Meridian Flip - There is still time remaining - max remaining time 02:52:38.0929471, next instruction time 0, next instruction Category: Scheduler, Item: SetReadoutMode, Mode: 0 - and the telescope reports expected pier side pierWest. Automated Flip is not necessary.
2026-04-22T21:35:19.1387|INFO|SequenceItem.cs|Run|208|Starting Category: Scheduler, Item: SetReadoutMode, Mode: 0
2026-04-22T21:35:19.1407|INFO|SequenceItem.cs|Run|254|Finishing Category: Scheduler, Item: SetReadoutMode, Mode: 0
2026-04-22T21:35:19.1411|INFO|MeridianFlipTrigger.cs|ShouldTrigger|265|Meridian Flip - There is still time remaining - max remaining time 02:52:38.0929471, next instruction time 0, next instruction NINA.Plugin.TargetScheduler.Sequencer.PlanSchedulerProgress - and the telescope reports expected pier side pierWest. Automated Flip is not necessary.
2026-04-22T21:35:19.1411|INFO|SequenceItem.cs|Run|208|Starting NINA.Plugin.TargetScheduler.Sequencer.PlanSchedulerProgress
2026-04-22T21:35:19.1420|INFO|SequenceItem.cs|Run|254|Finishing NINA.Plugin.TargetScheduler.Sequencer.PlanSchedulerProgress
2026-04-22T21:35:19.1863|INFO|MeridianFlipTrigger.cs|ShouldTrigger|265|Meridian Flip - There is still time remaining - max remaining time 02:52:38.0929471, next instruction time 600, next instruction Category: Scheduler, Item: TakeExposure, ExposureTime 600, Gain 100, Offset 50, ImageType LIGHT, Binning 1x1 - and the telescope reports expected pier side pierWest. Automated Flip is not necessary.
2026-04-22T21:35:19.1866|INFO|DIYTrigger.cs|ShouldTrigger|109|DIY Trigger Restore Guiding ShouldTrigger returning true
2026-04-22T21:35:19.2069|INFO|SequenceTrigger.cs|Run|114|Starting Category: Powerups (Misc), Item: DIYTrigger
2026-04-22T21:35:19.2283|INFO|DIYTrigger.cs|Execute|95|DIY Trigger executing...
2026-04-22T21:35:19.2288|INFO|SequenceItem.cs|Run|208|Starting Category: * Instruction Set *, Container: NINA.Sequencer.Container.SequentialContainer, Strategy: SequentialStrategy, Items[CREATED]: 1, Triggers: Trigger: RestoreGuiding
2026-04-22T21:35:19.2297|INFO|MeridianFlipTrigger.cs|ShouldTrigger|265|Meridian Flip - There is still time remaining - max remaining time 02:52:38.0929471, next instruction time 0, next instruction Category: Powerups (Expressions), Item: IfFailed - and the telescope reports expected pier side pierWest. Automated Flip is not necessary.
2026-04-22T21:35:19.2299|INFO|SequenceItem.cs|Run|208|Starting Category: Powerups (Expressions), Item: IfFailed
2026-04-22T21:35:19.2315|INFO|SequenceItem.cs|Run|208|Starting Category: Guider, Item: StartGuiding
2026-04-22T21:35:19.2571|INFO|PHD2Guider.cs|TryStartGuideCommand|641|Phd2 - Requesting to start guiding. Recalibrate: False
2026-04-22T21:35:26.4774|INFO|PHD2Client.cs|ProcessEvent|268|PHD2: ConfigurationChange
2026-04-22T21:35:26.5184|INFO|PHD2Client.cs|QueryExposureTime|1216|PHD2Client: Exposure time from PHD2 API: 2.000 seconds (2000 ms)
2026-04-22T21:35:26.6132|INFO|PHD2Client.cs|ProcessEvent|261|PHD2: StartGuiding
2026-04-22T21:35:26.6151|INFO|PHD2Client.cs|StartNewGuidingSession|393|PHD2Client: New guiding session started
2026-04-22T21:35:26.6205|INFO|PHD2Client.cs|QueryExposureTime|1216|PHD2Client: Exposure time from PHD2 API: 2.000 seconds (2000 ms)
2026-04-22T21:35:29.9420|INFO|TsProgressReader.cs|ReadProgressDelta|97|[Subframes] TS progress: mtime changed but no row differences found.
2026-04-22T21:35:49.7201|INFO|PHD2Client.cs|HandleSettleDone|343|PHD2Client: SettleDone - Status=0, Success=True, TotalFrames=10, DroppedFrames=0
2026-04-22T21:35:49.7214|WARNING|DitherStatisticsVM.cs|OnPHD2SettleDone|772|⚠️ SettleDone received but no currentDither exists (race condition?)
2026-04-22T21:35:50.2689|INFO|SequenceItem.cs|Run|254|Finishing Category: Guider, Item: StartGuiding
2026-04-22T21:35:50.2696|INFO|SequenceItem.cs|Run|254|Finishing Category: Powerups (Expressions), Item: IfFailed
2026-04-22T21:35:50.2699|INFO|SequenceItem.cs|Run|254|Finishing Category: * Instruction Set *, Container: NINA.Sequencer.Container.SequentialContainer, Strategy: SequentialStrategy, Items[FINISHED]: 1, Triggers: Trigger: RestoreGuiding
2026-04-22T21:35:50.2928|INFO|SequenceItem.cs|Run|208|Starting Category: Scheduler, Item: TakeExposure, ExposureTime 600, Gain 100, Offset 50, ImageType LIGHT, Binning 1x1
2026-04-22T21:35:50.3170|INFO|CameraVM.cs|Capture|742|Starting Exposure - Exposure Time: 600s; Filter: ; Gain: 100; Offset 50; Binning: 1x1;
2026-04-22T21:35:52.7171|INFO|FramingAssistantVM.cs|LoadImage|1088|Loading image from source HIPS2FITS with field of view 7° for coordinates RA: 13:29:53; Dec: 47° 11' 43"; Epoch: J2000
2026-04-22T21:38:25.4613|INFO|TsProgressReader.cs|ReadProgressDelta|101|[Subframes] TS progress delta: 4 upsert(s), 4 removal(s).
2026-04-22T21:40:29.9511|INFO|TsProgressReader.cs|ReadProgressDelta|97|[Subframes] TS progress: mtime changed but no row differences found.
2026-04-22T21:45:29.9480|INFO|TsProgressReader.cs|ReadProgressDelta|97|[Subframes] TS progress: mtime changed but no row differences found.
2026-04-22T21:45:52.2341|INFO|SequenceItem.cs|Run|254|Finishing Category: Scheduler, Item: TakeExposure, ExposureTime 600, Gain 100, Offset 50, ImageType LIGHT, Binning 1x1
2026-04-22T21:45:52.2579|INFO|MeridianFlipTrigger.cs|ShouldTrigger|265|Meridian Flip - There is still time remaining - max remaining time 02:42:02.5985852, next instruction time 0, next instruction NINA.Plugin.TargetScheduler.Sequencer.PlanSchedulerProgress - and the telescope reports expected pier side pierWest. Automated Flip is not necessary.
2026-04-22T21:45:52.2581|INFO|SequenceItem.cs|Run|208|Starting NINA.Plugin.TargetScheduler.Sequencer.PlanSchedulerProgress
2026-04-22T21:45:52.2581|INFO|SequenceItem.cs|Run|254|Finishing NINA.Plugin.TargetScheduler.Sequencer.PlanSchedulerProgress
2026-04-22T21:45:53.6963|INFO|HocusFocusStarDetection.cs|Detect|413|Average HFR: 1.9494909113462084, HFR MAD: 0.13056787741921694, Detected Stars 322, Region: 0
2026-04-22T21:45:54.5440|INFO|BaseImageData.cs|SaveToDisk|346|Saved image to C:\ASTROIMAGES\NINA\2026-04-22\M 64\LIGHT\H\2026-04-22_21-35-50_M 64_LIGHT_H_-5.00C_G100-Exp-600.00s_MAXRMS-D0.88-R3.05_M-74.34_RMS-0.79_HFR-1.95_F-0000.fits
2026-04-22T21:45:54.5445|INFO|ImageSaveController.cs|DoWork|97|Successfully saved file at C:\ASTROIMAGES\NINA\2026-04-22\M 64\LIGHT\H\2026-04-22_21-35-50_M 64_LIGHT_H_-5.00C_G100-Exp-600.00s_MAXRMS-D0.88-R3.05_M-74.34_RMS-0.79_HFR-1.95_F-0000.fits. Duration Total: 00:00:02.3081693; BeforeSave: 00:00:00.0217994; BeforeFinalizeImageSaved: 00:00:01.9452896; FinalizeSaveTime: 00:00:00.3410791
2026-04-22T21:45:56.3806|INFO|SessionMetaDataWatcher.cs|WriteAcquisitionMetaData|63|Writing CSV acquisition summary: C:\ASTROIMAGES\NINA\2026-04-22\M 64\LIGHT\H\metadata\AcquisitionDetails.csv
2026-04-22T21:45:56.6035|INFO|SessionMetaDataWatcher.cs|WriteAcquisitionMetaData|82|Writing JSON acquisition summary: C:\ASTROIMAGES\NINA\2026-04-22\M 64\LIGHT\H\metadata\AcquisitionDetails.json
2026-04-22T21:45:56.6529|INFO|SessionMetaDataWatcher.cs|WriteImageMetaData|105|Writing CSV image metadata: C:\ASTROIMAGES\NINA\2026-04-22\M 64\LIGHT\H\metadata\ImageMetaData.csv
2026-04-22T21:45:56.7009|INFO|SessionMetaDataWatcher.cs|WriteImageMetaData|122|Writing JSON image metadata: C:\ASTROIMAGES\NINA\2026-04-22\M 64\LIGHT\H\metadata\ImageMetaData.json
2026-04-22T21:45:56.7183|INFO|SessionMetaDataWatcher.cs|WriteWeatherMetaData|169|Writing CSV weather metadata: C:\ASTROIMAGES\NINA\2026-04-22\M 64\LIGHT\H\metadata\WeatherData.csv
2026-04-22T21:45:56.7402|INFO|SessionMetaDataWatcher.cs|WriteWeatherMetaData|186|Writing JSON weather metadata: C:\ASTROIMAGES\NINA\2026-04-22\M 64\LIGHT\H\metadata\WeatherData.json
2026-04-22T21:45:57.1285|INFO|MeridianFlipTrigger.cs|ShouldTrigger|265|Meridian Flip - There is still time remaining - max remaining time 02:41:58.6979747, next instruction time 0, next instruction Category: Powerups (Fun-ctions), Item: GSSend - and the telescope reports expected pier side pierWest. Automated Flip is not necessary.
2026-04-22T21:45:57.1287|INFO|SequenceItem.cs|Run|208|Starting Category: Powerups (Fun-ctions), Item: GSSend
2026-04-22T21:45:57.1604|INFO|SendWithGS.cs|ProcessedScript|64|Replacing Image_ExposureTime with 600
2026-04-22T21:45:57.1608|INFO|SendWithGS.cs|ProcessedScript|64|Replacing Image_HFR with 1.949
2026-04-22T21:45:57.1610|INFO|SendWithGS.cs|ProcessedScript|64|Replacing Image_FWHM with 7.91
2026-04-22T21:45:57.1612|INFO|SendWithGS.cs|ProcessedScript|64|Replacing Altitude with 52.00211991023436
2026-04-22T21:45:57.1612|INFO|SendWithGS.cs|Execute|95|Sending to Ground Station: Exp: $$FWHEEL_FILTER_NAME$$ on $$TARGET_NAME$$ EXP: 600 HFR: 1.949 FWHM: 7.91  Altitude: 52.00211991023436 
2026-04-22T21:45:57.1625|INFO|SequenceItem.cs|Run|208|Starting Category: Ground Station, Item: Send to Telegram
2026-04-22T21:45:57.7934|INFO|SequenceItem.cs|Run|254|Finishing Category: Ground Station, Item: Send to Telegram
2026-04-22T21:45:57.7955|INFO|SequenceItem.cs|Run|254|Finishing Category: Powerups (Fun-ctions), Item: GSSend
2026-04-22T21:45:57.7961|INFO|MeridianFlipTrigger.cs|ShouldTrigger|265|Meridian Flip - There is still time remaining - max remaining time 02:41:56.6080910, next instruction time 0, next instruction Category: Powerups (Fun-ctions), Item: GSSend - and the telescope reports expected pier side pierWest. Automated Flip is not necessary.
2026-04-22T21:45:57.7961|INFO|SequenceItem.cs|Run|208|Starting Category: Powerups (Fun-ctions), Item: GSSend
2026-04-22T21:45:57.7968|INFO|SendWithGS.cs|ProcessedScript|64|Replacing Image_ExposureTime with 600
2026-04-22T21:45:57.7970|INFO|SendWithGS.cs|ProcessedScript|64|Replacing Image_HFR with 1.949
2026-04-22T21:45:57.7972|INFO|SendWithGS.cs|ProcessedScript|64|Replacing Image_FWHM with 7.91
2026-04-22T21:45:57.7973|INFO|SendWithGS.cs|ProcessedScript|64|Replacing Altitude with 52.00606351740801
2026-04-22T21:45:57.7973|INFO|SendWithGS.cs|Execute|95|Sending to Ground Station: Exp: $$FWHEEL_FILTER_NAME$$ on $$TARGET_NAME$$ EXP: 600 HFR: 1.949 FWHM: 7.91  Altitude: 52.00606351740801 
2026-04-22T21:45:57.8034|INFO|SequenceItem.cs|Run|208|Starting Category: Ground Station, Item: Send to Pushover, Title: IMAGE: $$TARGET_NAME$$
2026-04-22T21:45:57.9714|INFO|SequenceItem.cs|Run|254|Finishing Category: Ground Station, Item: Send to Pushover, Title: IMAGE: $$TARGET_NAME$$
2026-04-22T21:45:57.9734|INFO|SequenceItem.cs|Run|254|Finishing Category: Powerups (Fun-ctions), Item: GSSend
2026-04-22T21:45:58.1464|INFO|Symbol.cs|OnMessageReceived|627|Received message from Target Scheduler re: TargetScheduler-TargetStart
2026-04-22T21:45:58.1465|INFO|Symbol.cs|OnMessageReceived|635|TS_TargetName = M 64
2026-04-22T21:45:58.1465|INFO|Symbol.cs|OnMessageReceived|636|Expires at 04/23/2026 00:25:42 -05:00
2026-04-22T21:45:58.1470|INFO|MeridianFlipTrigger.cs|ShouldTrigger|265|Meridian Flip - There is still time remaining - max remaining time 02:41:56.6080910, next instruction time 0, next instruction NINA.Plugin.TargetScheduler.Sequencer.PlanSchedulerProgress - and the telescope reports expected pier side pierWest. Automated Flip is not necessary.
2026-04-22T21:45:58.1470|INFO|SequenceItem.cs|Run|208|Starting NINA.Plugin.TargetScheduler.Sequencer.PlanSchedulerProgress
2026-04-22T21:45:58.1475|INFO|SequenceItem.cs|Run|254|Finishing NINA.Plugin.TargetScheduler.Sequencer.PlanSchedulerProgress
2026-04-22T21:45:58.1484|INFO|MeridianFlipTrigger.cs|ShouldTrigger|265|Meridian Flip - There is still time remaining - max remaining time 02:41:56.6080910, next instruction time 90, next instruction Category: , Item: Dither - and the telescope reports expected pier side pierWest. Automated Flip is not necessary.
2026-04-22T21:45:58.1485|INFO|SequenceItem.cs|Run|208|Starting Category: , Item: Dither
2026-04-22T21:45:58.2130|INFO|PHD2Client.cs|HandleGuidingDithered|309|PHD2Client: 🎯 GuidingDithered (DITHER START) - dx=-16.96, dy=2.16
2026-04-22T21:45:58.2137|INFO|DitherStatisticsVM.cs|OnPHD2GuidingDithered|752|🎯 DITHER START detected via GuidingDithered! dx=-16.96, dy=2.16
2026-04-22T21:45:58.2141|INFO|DitherStatisticsVM.cs|OnPHD2GuidingDithered|762|✅ Dither START recorded with pixel shift: (-16.96, 2.16)
2026-04-22T21:45:58.2149|INFO|PHD2Client.cs|StartDitherDataCollection|576|PHD2Client: Started dither data collection for 30 seconds (series #1)
2026-04-22T21:45:59.3443|INFO|StarfrontClient.cs|SendImageFile|249|[Rockwood] sent 2026-04-22_21-35-50_M 64_LIGHT_H_-5.00C_G100-Exp-600.00s_MAXRMS-D0.88-R3.05_M-74.34_RMS-0.79_HFR-1.95_F-0000.fits (17KB) object=M 64 exptime=600s filter=H
2026-04-22T21:46:28.2265|INFO|PHD2Client.cs|OnDitherCollectionComplete|657|PHD2Client: Dither data collection complete (timer). Collected 9 points.
2026-04-22T21:46:28.2324|INFO|PHD2Client.cs|WriteDitherAnalysisFile|738|PHD2Client: Dither analysis file written with 9 data points: 20260422_213526_dither_analysis.txt
2026-04-22T21:46:28.2546|INFO|PHD2Client.cs|WritePositivePeriodsFile|932|PHD2Client: Positive periods analysis written with 3 total periods across 3 multipliers: 20260422_213526_positive_periods.txt
2026-04-22T21:46:28.2604|INFO|PHD2Client.cs|AnalyzePositivePeriods|868|PHD2Client: Positive period analysis complete. firstPeriodPerSeries counts: 1.5σ=0, 2.0σ=0, 3.0σ=0
2026-04-22T21:46:28.2630|INFO|PHD2Client.cs|CalculateRecommendation|954|PHD2Client: Calculating recommendation from 1 dither series, RMS=0.2607, StdDev=0.1712
2026-04-22T21:46:28.2729|INFO|PHD2Client.cs|EstimateMinSettleTimeFallback|1102|PHD2Client: MinSettleTime estimated using fallback (first point below threshold)
2026-04-22T21:46:28.2732|INFO|PHD2Client.cs|CalculateRecommendation|987|PHD2Client: Dither recommendation calculated - Events: 1, SettlePixel: Q=0.52 B=0.60 P=0.77, MinSettle: Q=18.0s B=18.0s P=18.0s
2026-04-22T21:46:28.2741|INFO|DitherStatisticsVM.cs|OnDitherRecommendationUpdated|500|Dither recommendation updated on UI thread - Events: 1
2026-04-22T21:46:28.2743|INFO|PHD2Client.cs|RunAnalysisAndRecommendation|638|PHD2Client: RunAnalysisAndRecommendation completed - 9 points, 1 series
2026-04-22T21:46:51.0480|INFO|PHD2Client.cs|HandleSettleDone|343|PHD2Client: SettleDone - Status=0, Success=True, TotalFrames=20, DroppedFrames=0
2026-04-22T21:46:51.0503|INFO|DitherStatisticsVM.cs|OnPHD2SettleDone|794|✅ DITHER END - Success=True, SettleTime=52.83s, TotalFrames=20, DroppedFrames=0
2026-04-22T21:46:51.6232|INFO|SequenceItem.cs|Run|254|Finishing Category: , Item: Dither
2026-04-22T21:46:51.6240|INFO|MeridianFlipTrigger.cs|ShouldTrigger|265|Meridian Flip - There is still time remaining - max remaining time 02:40:58.0622167, next instruction time 0, next instruction NINA.Plugin.TargetScheduler.Sequencer.PlanSchedulerProgress - and the telescope reports expected pier side pierWest. Automated Flip is not necessary.
2026-04-22T21:46:51.6243|INFO|SequenceItem.cs|Run|208|Starting NINA.Plugin.TargetScheduler.Sequencer.PlanSchedulerProgress
2026-04-22T21:46:51.6246|INFO|SequenceItem.cs|Run|254|Finishing NINA.Plugin.TargetScheduler.Sequencer.PlanSchedulerProgress
2026-04-22T21:46:51.6251|INFO|MeridianFlipTrigger.cs|ShouldTrigger|265|Meridian Flip - There is still time remaining - max remaining time 02:40:58.0622167, next instruction time 0, next instruction Category: Scheduler, Item: SwitchFilter, Filter: H - and the telescope reports expected pier side pierWest. Automated Flip is not necessary.
2026-04-22T21:46:51.6252|INFO|SequenceItem.cs|Run|208|Starting Category: Scheduler, Item: SwitchFilter, Filter: H
2026-04-22T21:46:51.6266|INFO|SequenceItem.cs|Run|254|Finishing Category: Scheduler, Item: SwitchFilter, Filter: H
2026-04-22T21:46:51.6271|INFO|MeridianFlipTrigger.cs|ShouldTrigger|265|Meridian Flip - There is still time remaining - max remaining time 02:40:58.0622167, next instruction time 0, next instruction NINA.Plugin.TargetScheduler.Sequencer.PlanSchedulerProgress - and the telescope reports expected pier side pierWest. Automated Flip is not necessary.
2026-04-22T21:46:51.6273|INFO|SequenceItem.cs|Run|208|Starting NINA.Plugin.TargetScheduler.Sequencer.PlanSchedulerProgress
2026-04-22T21:46:51.6274|INFO|SequenceItem.cs|Run|254|Finishing NINA.Plugin.TargetScheduler.Sequencer.PlanSchedulerProgress
2026-04-22T21:46:51.6277|INFO|MeridianFlipTrigger.cs|ShouldTrigger|265|Meridian Flip - There is still time remaining - max remaining time 02:40:58.0622167, next instruction time 0, next instruction Category: Scheduler, Item: SetReadoutMode, Mode: 0 - and the telescope reports expected pier side pierWest. Automated Flip is not necessary.
2026-04-22T21:46:51.6279|INFO|SequenceItem.cs|Run|208|Starting Category: Scheduler, Item: SetReadoutMode, Mode: 0
2026-04-22T21:46:51.6286|INFO|SequenceItem.cs|Run|254|Finishing Category: Scheduler, Item: SetReadoutMode, Mode: 0
2026-04-22T21:46:51.6290|INFO|MeridianFlipTrigger.cs|ShouldTrigger|265|Meridian Flip - There is still time remaining - max remaining time 02:40:58.0622167, next instruction time 0, next instruction NINA.Plugin.TargetScheduler.Sequencer.PlanSchedulerProgress - and the telescope reports expected pier side pierWest. Automated Flip is not necessary.
2026-04-22T21:46:51.6291|INFO|SequenceItem.cs|Run|208|Starting NINA.Plugin.TargetScheduler.Sequencer.PlanSchedulerProgress
2026-04-22T21:46:51.6312|INFO|SequenceItem.cs|Run|254|Finishing NINA.Plugin.TargetScheduler.Sequencer.PlanSchedulerProgress
2026-04-22T21:46:51.6656|INFO|MeridianFlipTrigger.cs|ShouldTrigger|265|Meridian Flip - There is still time remaining - max remaining time 02:40:58.0622167, next instruction time 600, next instruction Category: Scheduler, Item: TakeExposure, ExposureTime 600, Gain 100, Offset 50, ImageType LIGHT, Binning 1x1 - and the telescope reports expected pier side pierWest. Automated Flip is not necessary.
2026-04-22T21:46:51.6657|INFO|DIYTrigger.cs|ShouldTrigger|109|DIY Trigger Restore Guiding ShouldTrigger returning true
2026-04-22T21:46:51.6659|INFO|SequenceTrigger.cs|Run|114|Starting Category: Powerups (Misc), Item: DIYTrigger
2026-04-22T21:46:51.6685|INFO|DIYTrigger.cs|Execute|95|DIY Trigger executing...
2026-04-22T21:46:51.6687|INFO|SequenceItem.cs|Run|208|Starting Category: * Instruction Set *, Container: NINA.Sequencer.Container.SequentialContainer, Strategy: SequentialStrategy, Items[CREATED]: 1, Triggers: Trigger: RestoreGuiding
2026-04-22T21:46:51.6692|INFO|MeridianFlipTrigger.cs|ShouldTrigger|265|Meridian Flip - There is still time remaining - max remaining time 02:40:58.0622167, next instruction time 0, next instruction Category: Powerups (Expressions), Item: IfFailed - and the telescope reports expected pier side pierWest. Automated Flip is not necessary.
2026-04-22T21:46:51.6693|INFO|SequenceItem.cs|Run|208|Starting Category: Powerups (Expressions), Item: IfFailed
2026-04-22T21:46:51.6693|INFO|SequenceItem.cs|Run|208|Starting Category: Guider, Item: StartGuiding
2026-04-22T21:46:51.6731|INFO|PHD2Guider.cs|StartGuidingPrivate|504|Phd2 - App is already guiding. Skipping start guiding
2026-04-22T21:46:51.6734|INFO|SequenceItem.cs|Run|254|Finishing Category: Guider, Item: StartGuiding
2026-04-22T21:46:51.6737|INFO|SequenceItem.cs|Run|254|Finishing Category: Powerups (Expressions), Item: IfFailed
2026-04-22T21:46:51.6740|INFO|SequenceItem.cs|Run|254|Finishing Category: * Instruction Set *, Container: NINA.Sequencer.Container.SequentialContainer, Strategy: SequentialStrategy, Items[FINISHED]: 1, Triggers: Trigger: RestoreGuiding
2026-04-22T21:46:51.6956|INFO|SequenceItem.cs|Run|208|Starting Category: Scheduler, Item: TakeExposure, ExposureTime 600, Gain 100, Offset 50, ImageType LIGHT, Binning 1x1
2026-04-22T21:46:51.7004|INFO|CameraVM.cs|Capture|742|Starting Exposure - Exposure Time: 600s; Filter: ; Gain: 100; Offset 50; Binning: 1x1;
2026-04-22T21:50:29.9417|INFO|TsProgressReader.cs|ReadProgressDelta|97|[Subframes] TS progress: mtime changed but no row differences found.
2026-04-22T21:55:29.9465|INFO|TsProgressReader.cs|ReadProgressDelta|97|[Subframes] TS progress: mtime changed but no row differences found.
2026-04-22T21:56:53.6807|INFO|SequenceItem.cs|Run|254|Finishing Category: Scheduler, Item: TakeExposure, ExposureTime 600, Gain 100, Offset 50, ImageType LIGHT, Binning 1x1
2026-04-22T21:56:53.6812|INFO|MeridianFlipTrigger.cs|ShouldTrigger|265|Meridian Flip - There is still time remaining - max remaining time 02:30:55.4797776, next instruction time 0, next instruction NINA.Plugin.TargetScheduler.Sequencer.PlanSchedulerProgress - and the telescope reports expected pier side pierWest. Automated Flip is not necessary.
2026-04-22T21:56:53.6813|INFO|SequenceItem.cs|Run|208|Starting NINA.Plugin.TargetScheduler.Sequencer.PlanSchedulerProgress
2026-04-22T21:56:53.6813|INFO|SequenceItem.cs|Run|254|Finishing NINA.Plugin.TargetScheduler.Sequencer.PlanSchedulerProgress
2026-04-22T21:56:54.9658|INFO|HocusFocusStarDetection.cs|Detect|413|Average HFR: 1.9153734116029904, HFR MAD: 0.12568535979874018, Detected Stars 330, Region: 0
2026-04-22T21:56:56.3305|INFO|BaseImageData.cs|SaveToDisk|346|Saved image to C:\ASTROIMAGES\NINA\2026-04-22\M 64\LIGHT\H\2026-04-22_21-46-51_M 64_LIGHT_H_-5.00C_G100-Exp-600.00s_MAXRMS-D0.89-R2.67_M-74.27_RMS-0.64_HFR-1.92_F-0001.fits
2026-04-22T21:56:56.3306|INFO|ImageSaveController.cs|DoWork|97|Successfully saved file at C:\ASTROIMAGES\NINA\2026-04-22\M 64\LIGHT\H\2026-04-22_21-46-51_M 64_LIGHT_H_-5.00C_G100-Exp-600.00s_MAXRMS-D0.89-R2.67_M-74.27_RMS-0.64_HFR-1.92_F-0001.fits. Duration Total: 00:00:02.6498070; BeforeSave: 00:00:00.0002881; BeforeFinalizeImageSaved: 00:00:02.2968665; FinalizeSaveTime: 00:00:00.3526519
2026-04-22T21:56:56.9427|WARNING|SessionMetaDataWatcher.cs|WriteAcquisitionMetaData|73|acquisition file already exists, will not overwrite: C:\ASTROIMAGES\NINA\2026-04-22\M 64\LIGHT\H\metadata\AcquisitionDetails.csv
2026-04-22T21:56:56.9429|WARNING|SessionMetaDataWatcher.cs|WriteAcquisitionMetaData|93|acquisition file already exists, will not overwrite: C:\ASTROIMAGES\NINA\2026-04-22\M 64\LIGHT\H\metadata\AcquisitionDetails.json
2026-04-22T21:56:56.9432|INFO|SessionMetaDataWatcher.cs|WriteImageMetaData|105|Writing CSV image metadata: C:\ASTROIMAGES\NINA\2026-04-22\M 64\LIGHT\H\metadata\ImageMetaData.csv
2026-04-22T21:56:56.9830|INFO|SessionMetaDataWatcher.cs|WriteImageMetaData|122|Writing JSON image metadata: C:\ASTROIMAGES\NINA\2026-04-22\M 64\LIGHT\H\metadata\ImageMetaData.json
2026-04-22T21:56:56.9958|INFO|SessionMetaDataWatcher.cs|WriteWeatherMetaData|169|Writing CSV weather metadata: C:\ASTROIMAGES\NINA\2026-04-22\M 64\LIGHT\H\metadata\WeatherData.csv
2026-04-22T21:56:57.0099|INFO|SessionMetaDataWatcher.cs|WriteWeatherMetaData|186|Writing JSON weather metadata: C:\ASTROIMAGES\NINA\2026-04-22\M 64\LIGHT\H\metadata\WeatherData.json
2026-04-22T21:56:57.3035|INFO|MeridianFlipTrigger.cs|ShouldTrigger|265|Meridian Flip - There is still time remaining - max remaining time 02:30:52.7490306, next instruction time 0, next instruction Category: Powerups (Fun-ctions), Item: GSSend - and the telescope reports expected pier side pierWest. Automated Flip is not necessary.
2026-04-22T21:56:57.3036|INFO|SequenceItem.cs|Run|208|Starting Category: Powerups (Fun-ctions), Item: GSSend
2026-04-22T21:56:57.3045|INFO|SendWithGS.cs|ProcessedScript|64|Replacing Image_ExposureTime with 600
2026-04-22T21:56:57.3047|INFO|SendWithGS.cs|ProcessedScript|64|Replacing Image_HFR with 1.915
2026-04-22T21:56:57.3049|INFO|SendWithGS.cs|ProcessedScript|64|Replacing Image_FWHM with 7.75
2026-04-22T21:56:57.3050|INFO|SendWithGS.cs|ProcessedScript|64|Replacing Altitude with 54.3480732184619
2026-04-22T21:56:57.3051|INFO|SendWithGS.cs|Execute|95|Sending to Ground Station: Exp: $$FWHEEL_FILTER_NAME$$ on $$TARGET_NAME$$ EXP: 600 HFR: 1.915 FWHM: 7.75  Altitude: 54.3480732184619 
2026-04-22T21:56:57.3068|INFO|SequenceItem.cs|Run|208|Starting Category: Ground Station, Item: Send to Telegram
2026-04-22T21:56:57.9695|INFO|SequenceItem.cs|Run|254|Finishing Category: Ground Station, Item: Send to Telegram
2026-04-22T21:56:57.9709|INFO|SequenceItem.cs|Run|254|Finishing Category: Powerups (Fun-ctions), Item: GSSend
2026-04-22T21:56:57.9713|INFO|MeridianFlipTrigger.cs|ShouldTrigger|265|Meridian Flip - There is still time remaining - max remaining time 02:30:51.4583509, next instruction time 0, next instruction Category: Powerups (Fun-ctions), Item: GSSend - and the telescope reports expected pier side pierWest. Automated Flip is not necessary.
2026-04-22T21:56:57.9714|INFO|SequenceItem.cs|Run|208|Starting Category: Powerups (Fun-ctions), Item: GSSend
2026-04-22T21:56:57.9721|INFO|SendWithGS.cs|ProcessedScript|64|Replacing Image_ExposureTime with 600
2026-04-22T21:56:57.9722|INFO|SendWithGS.cs|ProcessedScript|64|Replacing Image_HFR with 1.915
2026-04-22T21:56:57.9724|INFO|SendWithGS.cs|ProcessedScript|64|Replacing Image_FWHM with 7.75
2026-04-22T21:56:57.9728|INFO|SendWithGS.cs|ProcessedScript|64|Replacing Altitude with 54.3480732184619
2026-04-22T21:56:57.9729|INFO|SendWithGS.cs|Execute|95|Sending to Ground Station: Exp: $$FWHEEL_FILTER_NAME$$ on $$TARGET_NAME$$ EXP: 600 HFR: 1.915 FWHM: 7.75  Altitude: 54.3480732184619 
2026-04-22T21:56:57.9745|INFO|SequenceItem.cs|Run|208|Starting Category: Ground Station, Item: Send to Pushover, Title: IMAGE: $$TARGET_NAME$$
2026-04-22T21:56:58.1205|INFO|SequenceItem.cs|Run|254|Finishing Category: Ground Station, Item: Send to Pushover, Title: IMAGE: $$TARGET_NAME$$
2026-04-22T21:56:58.1217|INFO|SequenceItem.cs|Run|254|Finishing Category: Powerups (Fun-ctions), Item: GSSend
2026-04-22T21:56:58.9463|INFO|MeridianFlipTrigger.cs|ShouldTrigger|265|Meridian Flip - There is still time remaining - max remaining time 02:30:51.4583509, next instruction time 0, next instruction [SubframesEndTarget] - and the telescope reports expected pier side pierWest. Automated Flip is not necessary.
2026-04-22T21:56:58.9465|INFO|SequenceItem.cs|Run|208|Starting [SubframesEndTarget]
2026-04-22T21:56:58.9480|INFO|SequenceItem.cs|Run|254|Finishing [SubframesEndTarget]
2026-04-22T21:56:58.9913|INFO|Symbol.cs|OnMessageReceived|627|Received message from Target Scheduler re: TargetScheduler-NewTargetStart
2026-04-22T21:56:58.9914|INFO|Symbol.cs|OnMessageReceived|635|TS_TargetName = M 51
2026-04-22T21:56:58.9914|INFO|Symbol.cs|OnMessageReceived|636|Expires at 04/23/2026 00:58:51 -05:00
2026-04-22T21:56:58.9951|INFO|Symbol.cs|OnMessageReceived|627|Received message from Target Scheduler re: TargetScheduler-TargetStart
2026-04-22T21:56:58.9951|INFO|Symbol.cs|OnMessageReceived|635|TS_TargetName = M 51
2026-04-22T21:56:58.9951|INFO|Symbol.cs|OnMessageReceived|636|Expires at 04/23/2026 00:58:51 -05:00
2026-04-22T21:56:58.9957|INFO|MeridianFlipTrigger.cs|ShouldTrigger|265|Meridian Flip - There is still time remaining - max remaining time 02:30:51.4583509, next instruction time 0, next instruction NINA.Plugin.TargetScheduler.Sequencer.PlanSchedulerProgress - and the telescope reports expected pier side pierWest. Automated Flip is not necessary.
2026-04-22T21:56:58.9958|INFO|SequenceItem.cs|Run|208|Starting NINA.Plugin.TargetScheduler.Sequencer.PlanSchedulerProgress
2026-04-22T21:56:59.0825|INFO|SequenceItem.cs|Run|254|Finishing NINA.Plugin.TargetScheduler.Sequencer.PlanSchedulerProgress
2026-04-22T21:56:59.0859|INFO|StarfrontClient.cs|SendImageFile|249|[Rockwood] sent 2026-04-22_21-46-51_M 64_LIGHT_H_-5.00C_G100-Exp-600.00s_MAXRMS-D0.89-R2.67_M-74.27_RMS-0.64_HFR-1.92_F-0001.fits (17KB) object=M 64 exptime=600s filter=H
2026-04-22T21:56:59.1040|INFO|MeridianFlipTrigger.cs|ShouldTrigger|265|Meridian Flip - There is still time remaining - max remaining time 02:30:51.4583509, next instruction time 0, next instruction Category: Scheduler, Item: Center, Coordinates RA: 13:29:53; Dec: 47° 11' 43"; Epoch: J2000 - and the telescope reports expected pier side pierWest. Automated Flip is not necessary.
2026-04-22T21:56:59.1041|INFO|SequenceItem.cs|Run|208|Starting Category: Scheduler, Item: Center, Coordinates RA: 13:29:53; Dec: 47° 11' 43"; Epoch: J2000
2026-04-22T21:56:59.9158|INFO|PHD2Client.cs|ProcessEvent|268|PHD2: ConfigurationChange
2026-04-22T21:56:59.9334|WARNING|PHD2Client.cs|ProcessEvent|252|PHD2: LockPositionLost
2026-04-22T21:57:00.0301|INFO|PHD2Client.cs|QueryExposureTime|1216|PHD2Client: Exposure time from PHD2 API: 2.000 seconds (2000 ms)
2026-04-22T21:57:00.2977|INFO|TelescopeVM.cs|SlewAsyncInternal|910|Slewing from RA: 12:58:00; Dec: 21° 32' 15"; Epoch: JNOW to RA: 13:31:02; Dec: 47° 03' 29"; Epoch: JNOW - Alt: 51° 21' 37"; Az: 52° 34' 36"
2026-04-22T21:57:15.4515|INFO|FilterWheelVM.cs|ChangeFilter|112|Moving to Filter L at Position 0
2026-04-22T21:57:15.6548|INFO|FocuserVM.cs|MoveFocuserInternal|216|Moving Focuser to position 387320
2026-04-22T21:57:25.0716|INFO|CameraVM.cs|Capture|742|Starting Exposure - Exposure Time: 2s; Filter: L; Gain: 275; Offset 50; Binning: 1x1;
2026-04-22T21:57:29.6184|INFO|ImageSolver.cs|Solve|41|Platesolving with parameters: FocalLength: 360 PixelSize: 3.76 SearchRadius: 30 BlindFailoverEnabled: True Regions: 5000 DownSampleFactor: 0 MaxObjects: 500 Reference Coordinates RA: 13:29:53 Dec: 47° 11' 43" Epoch: J2000
2026-04-22T21:57:29.9755|INFO|BaseImageData.cs|SaveToDisk|346|Saved image to C:\Users\nicka\AppData\Local\NINA\PlateSolver\yz2bw2ei.vvb.fits
2026-04-22T21:57:30.9897|INFO|ImageSolver.cs|Solve|54|Platesolve successful: Coordinates: RA: 13:29:40; Dec: 47° 11' 58"; Epoch: J2000 - Position Angle: 95.519225518099
2026-04-22T21:57:30.9908|INFO|CenteringSolver.cs|Center|99|Centering Solver - Scope Position: RA: 13:31:02; Dec: 47° 03' 29"; Epoch: JNOW; Offset: RA: 00:00:00; Dec: 00° 00' 00"; Distance: 00° 00' 00"; Bearing: 00° 00' 00"; Centering Coordinates: RA: 13:31:02; Dec: 47° 03' 29"; Epoch: JNOW; Solved: RA: 13:30:49; Dec: 47° 03' 44"; Epoch: JNOW; Separation RA: 00:00:13; Dec: -00° 00' 15"; Distance: 00° 02' 10"; Bearing: 83° 12' 54"; Threshold: 2
2026-04-22T21:57:31.4349|INFO|TelescopeVM.cs|Sync|777|Syncing scope from RA: 13:31:02; Dec: 47° 03' 29"; Epoch: JNOW to RA: 13:30:49; Dec: 47° 03' 44"; Epoch: JNOW
2026-04-22T21:57:36.4468|INFO|CenteringSolver.cs|Center|132|Slewing to target after sync. Current Position: RA: 13:30:49; Dec: 47° 03' 44"; Epoch: JNOW; Target coordinates: RA: 13:31:02; Dec: 47° 03' 29"; Epoch: JNOW; Offset RA: 00:00:00; Dec: 00° 00' 00"; Distance: 00° 00' 00"; Bearing: 00° 00' 00"
2026-04-22T21:57:36.4499|INFO|TelescopeVM.cs|SlewAsyncInternal|910|Slewing from RA: 13:30:49; Dec: 47° 03' 44"; Epoch: JNOW to RA: 13:31:02; Dec: 47° 03' 29"; Epoch: JNOW - Alt: 51° 27' 45"; Az: 52° 33' 27"
2026-04-22T21:57:44.6420|INFO|CameraVM.cs|Capture|742|Starting Exposure - Exposure Time: 2s; Filter: L; Gain: 275; Offset 50; Binning: 1x1;
2026-04-22T21:57:49.3520|INFO|ImageSolver.cs|Solve|41|Platesolving with parameters: FocalLength: 360 PixelSize: 3.76 SearchRadius: 30 BlindFailoverEnabled: True Regions: 5000 DownSampleFactor: 0 MaxObjects: 500 Reference Coordinates RA: 13:29:53 Dec: 47° 11' 43" Epoch: J2000
2026-04-22T21:57:49.6678|INFO|BaseImageData.cs|SaveToDisk|346|Saved image to C:\Users\nicka\AppData\Local\NINA\PlateSolver\badwgfpa.l0b.fits
2026-04-22T21:57:50.5918|INFO|ImageSolver.cs|Solve|54|Platesolve successful: Coordinates: RA: 13:29:53; Dec: 47° 11' 42"; Epoch: J2000 - Position Angle: 95.52653471495103
2026-04-22T21:57:50.5935|INFO|CenteringSolver.cs|Center|99|Centering Solver - Scope Position: RA: 13:31:02; Dec: 47° 03' 29"; Epoch: JNOW; Offset: RA: 00:00:00; Dec: 00° 00' 00"; Distance: 00° 00' 00"; Bearing: 00° 00' 00"; Centering Coordinates: RA: 13:31:02; Dec: 47° 03' 29"; Epoch: JNOW; Solved: RA: 13:31:02; Dec: 47° 03' 28"; Epoch: JNOW; Separation RA: -00:00:00; Dec: 00° 00' 00"; Distance: 00° 00' 04"; Bearing: -97° 07' 59"; Threshold: 2
2026-04-22T21:57:50.5936|INFO|CenteringSolver.cs|Center|165|Restoring filter to H after centering
2026-04-22T21:57:50.5948|INFO|FilterWheelVM.cs|ChangeFilter|112|Moving to Filter H at Position 5
2026-04-22T21:57:50.7981|INFO|FocuserVM.cs|MoveFocuserInternal|216|Moving Focuser to position 387342
2026-04-22T21:57:55.1407|INFO|PHD2Guider.cs|TryStartGuideCommand|641|Phd2 - Requesting to start guiding. Recalibrate: False
2026-04-22T21:58:02.3677|INFO|PHD2Client.cs|ProcessEvent|261|PHD2: StartGuiding
2026-04-22T21:58:02.3678|INFO|PHD2Client.cs|StartNewGuidingSession|393|PHD2Client: New guiding session started
2026-04-22T21:58:02.3772|INFO|PHD2Client.cs|QueryExposureTime|1216|PHD2Client: Exposure time from PHD2 API: 2.000 seconds (2000 ms)
2026-04-22T21:58:25.4486|INFO|PHD2Client.cs|HandleSettleDone|343|PHD2Client: SettleDone - Status=0, Success=True, TotalFrames=10, DroppedFrames=0
2026-04-22T21:58:25.4487|WARNING|DitherStatisticsVM.cs|OnPHD2SettleDone|772|⚠️ SettleDone received but no currentDither exists (race condition?)
2026-04-22T21:58:25.8723|INFO|SequenceItem.cs|Run|254|Finishing Category: Scheduler, Item: Center, Coordinates RA: 13:29:53; Dec: 47° 11' 43"; Epoch: J2000
2026-04-22T21:58:25.8978|INFO|MeridianFlipTrigger.cs|ShouldTrigger|265|Meridian Flip - There is still time remaining - max remaining time 03:02:24.7338024, next instruction time 0, next instruction NINA.Plugin.TargetScheduler.Sequencer.PlanSchedulerProgress - and the telescope reports expected pier side pierWest. Automated Flip is not necessary.
2026-04-22T21:58:25.8980|INFO|SequenceItem.cs|Run|208|Starting NINA.Plugin.TargetScheduler.Sequencer.PlanSchedulerProgress
2026-04-22T21:58:25.8989|INFO|SequenceItem.cs|Run|254|Finishing NINA.Plugin.TargetScheduler.Sequencer.PlanSchedulerProgress
2026-04-22T21:58:25.8992|INFO|MeridianFlipTrigger.cs|ShouldTrigger|265|Meridian Flip - There is still time remaining - max remaining time 03:02:24.7338024, next instruction time 0, next instruction Category: , Container: NINA.Plugin.TargetScheduler.Sequencer.InstructionContainer, Strategy: InstructionContainerStrategy, Items[CREATED]: 2 - and the telescope reports expected pier side pierWest. Automated Flip is not necessary.
2026-04-22T21:58:25.8993|INFO|SequenceItem.cs|Run|208|Starting Category: , Container: NINA.Plugin.TargetScheduler.Sequencer.InstructionContainer, Strategy: InstructionContainerStrategy, Items[CREATED]: 2
2026-04-22T21:58:25.8996|INFO|MeridianFlipTrigger.cs|ShouldTrigger|265|Meridian Flip - There is still time remaining - max remaining time 03:02:24.7338024, next instruction time 0, next instruction [SubframesStartTarget] Target='Unknown Target' RA=0.0000 Dec=0.0000 - and the telescope reports expected pier side pierWest. Automated Flip is not necessary.
2026-04-22T21:58:25.8996|INFO|SequenceItem.cs|Run|208|Starting [SubframesStartTarget] Target='Unknown Target' RA=0.0000 Dec=0.0000
2026-04-22T21:58:25.8997|WARNING|StartTargetItem.cs|Execute|65|[Subframes] StartTargetItem: no active session — skipping target start.
2026-04-22T21:58:25.8997|INFO|SequenceItem.cs|Run|254|Finishing [SubframesStartTarget] Target='Unknown Target' RA=0.0000 Dec=0.0000
2026-04-22T21:58:25.8998|INFO|MeridianFlipTrigger.cs|ShouldTrigger|265|Meridian Flip - There is still time remaining - max remaining time 03:02:24.7338024, next instruction time 0, next instruction Category: Ground Station, Item: Send to Telegram - and the telescope reports expected pier side pierWest. Automated Flip is not necessary.
2026-04-22T21:58:25.8998|INFO|SequenceItem.cs|Run|208|Starting Category: Ground Station, Item: Send to Telegram
2026-04-22T21:58:26.5165|INFO|SequenceItem.cs|Run|254|Finishing Category: Ground Station, Item: Send to Telegram
2026-04-22T21:58:26.5169|INFO|SequenceItem.cs|Run|254|Finishing Category: , Container: NINA.Plugin.TargetScheduler.Sequencer.InstructionContainer, Strategy: InstructionContainerStrategy, Items[FINISHED]: 2
2026-04-22T21:58:26.5171|INFO|MeridianFlipTrigger.cs|ShouldTrigger|265|Meridian Flip - There is still time remaining - max remaining time 03:02:24.7338024, next instruction time 0, next instruction NINA.Plugin.TargetScheduler.Sequencer.PlanSchedulerProgress - and the telescope reports expected pier side pierWest. Automated Flip is not necessary.
2026-04-22T21:58:26.5172|INFO|SequenceItem.cs|Run|208|Starting NINA.Plugin.TargetScheduler.Sequencer.PlanSchedulerProgress
2026-04-22T21:58:26.5372|INFO|SequenceItem.cs|Run|254|Finishing NINA.Plugin.TargetScheduler.Sequencer.PlanSchedulerProgress
2026-04-22T21:58:26.5378|INFO|MeridianFlipTrigger.cs|ShouldTrigger|265|Meridian Flip - There is still time remaining - max remaining time 03:02:24.7338024, next instruction time 0, next instruction Category: Scheduler, Item: SwitchFilter, Filter: H - and the telescope reports expected pier side pierWest. Automated Flip is not necessary.
2026-04-22T21:58:26.5378|INFO|SequenceItem.cs|Run|208|Starting Category: Scheduler, Item: SwitchFilter, Filter: H
2026-04-22T21:58:26.5388|INFO|SequenceItem.cs|Run|254|Finishing Category: Scheduler, Item: SwitchFilter, Filter: H
2026-04-22T21:58:26.5392|INFO|MeridianFlipTrigger.cs|ShouldTrigger|265|Meridian Flip - There is still time remaining - max remaining time 03:02:24.7338024, next instruction time 0, next instruction NINA.Plugin.TargetScheduler.Sequencer.PlanSchedulerProgress - and the telescope reports expected pier side pierWest. Automated Flip is not necessary.
2026-04-22T21:58:26.5393|INFO|SequenceItem.cs|Run|208|Starting NINA.Plugin.TargetScheduler.Sequencer.PlanSchedulerProgress
2026-04-22T21:58:26.5393|INFO|SequenceItem.cs|Run|254|Finishing NINA.Plugin.TargetScheduler.Sequencer.PlanSchedulerProgress
2026-04-22T21:58:26.5396|INFO|MeridianFlipTrigger.cs|ShouldTrigger|265|Meridian Flip - There is still time remaining - max remaining time 03:02:24.7338024, next instruction time 0, next instruction Category: Scheduler, Item: SetReadoutMode, Mode: 0 - and the telescope reports expected pier side pierWest. Automated Flip is not necessary.
2026-04-22T21:58:26.5396|INFO|SequenceItem.cs|Run|208|Starting Category: Scheduler, Item: SetReadoutMode, Mode: 0
2026-04-22T21:58:26.5624|INFO|SequenceItem.cs|Run|254|Finishing Category: Scheduler, Item: SetReadoutMode, Mode: 0
2026-04-22T21:58:26.5860|INFO|MeridianFlipTrigger.cs|ShouldTrigger|265|Meridian Flip - There is still time remaining - max remaining time 03:02:24.7338024, next instruction time 0, next instruction NINA.Plugin.TargetScheduler.Sequencer.PlanSchedulerProgress - and the telescope reports expected pier side pierWest. Automated Flip is not necessary.
2026-04-22T21:58:26.5861|INFO|SequenceItem.cs|Run|208|Starting NINA.Plugin.TargetScheduler.Sequencer.PlanSchedulerProgress
2026-04-22T21:58:26.7218|INFO|SequenceItem.cs|Run|254|Finishing NINA.Plugin.TargetScheduler.Sequencer.PlanSchedulerProgress
2026-04-22T21:58:26.7230|INFO|MeridianFlipTrigger.cs|ShouldTrigger|265|Meridian Flip - There is still time remaining - max remaining time 03:02:24.7338024, next instruction time 600, next instruction Category: Scheduler, Item: TakeExposure, ExposureTime 600, Gain 100, Offset 50, ImageType LIGHT, Binning 1x1 - and the telescope reports expected pier side pierWest. Automated Flip is not necessary.
2026-04-22T21:58:26.7231|INFO|DIYTrigger.cs|ShouldTrigger|109|DIY Trigger Restore Guiding ShouldTrigger returning true
2026-04-22T21:58:26.7231|INFO|SequenceTrigger.cs|Run|114|Starting Category: Powerups (Misc), Item: DIYTrigger
2026-04-22T21:58:26.7250|INFO|DIYTrigger.cs|Execute|95|DIY Trigger executing...
2026-04-22T21:58:26.7252|INFO|SequenceItem.cs|Run|208|Starting Category: * Instruction Set *, Container: NINA.Sequencer.Container.SequentialContainer, Strategy: SequentialStrategy, Items[CREATED]: 1, Triggers: Trigger: RestoreGuiding
2026-04-22T21:58:26.7255|INFO|MeridianFlipTrigger.cs|ShouldTrigger|265|Meridian Flip - There is still time remaining - max remaining time 03:02:24.7338024, next instruction time 0, next instruction Category: Powerups (Expressions), Item: IfFailed - and the telescope reports expected pier side pierWest. Automated Flip is not necessary.
2026-04-22T21:58:26.7256|INFO|SequenceItem.cs|Run|208|Starting Category: Powerups (Expressions), Item: IfFailed
2026-04-22T21:58:26.7256|INFO|SequenceItem.cs|Run|208|Starting Category: Guider, Item: StartGuiding
2026-04-22T21:58:26.7283|INFO|PHD2Guider.cs|StartGuidingPrivate|504|Phd2 - App is already guiding. Skipping start guiding
2026-04-22T21:58:26.7285|INFO|SequenceItem.cs|Run|254|Finishing Category: Guider, Item: StartGuiding
2026-04-22T21:58:26.7286|INFO|SequenceItem.cs|Run|254|Finishing Category: Powerups (Expressions), Item: IfFailed
2026-04-22T21:58:26.7287|INFO|SequenceItem.cs|Run|254|Finishing Category: * Instruction Set *, Container: NINA.Sequencer.Container.SequentialContainer, Strategy: SequentialStrategy, Items[FINISHED]: 1, Triggers: Trigger: RestoreGuiding
2026-04-22T21:58:26.7306|INFO|SequenceItem.cs|Run|208|Starting Category: Scheduler, Item: TakeExposure, ExposureTime 600, Gain 100, Offset 50, ImageType LIGHT, Binning 1x1
2026-04-22T21:58:26.7355|INFO|CameraVM.cs|Capture|742|Starting Exposure - Exposure Time: 600s; Filter: ; Gain: 100; Offset 50; Binning: 1x1;
2026-04-22T21:58:35.6768|WARNING|DeviceUpdateTimer.cs|Run|115|Mount value update cycle took longer than the device poll interval (Total: 2.42s > 2s; Poll: 00:00:02.4228548; Update: 00:00:00.0006985)
2026-04-22T22:00:29.9391|INFO|TsProgressReader.cs|ReadProgressDelta|97|[Subframes] TS progress: mtime changed but no row differences found.
2026-04-22T22:05:29.9405|INFO|TsProgressReader.cs|ReadProgressDelta|97|[Subframes] TS progress: mtime changed but no row differences found.
2026-04-22T22:08:28.5597|INFO|SequenceItem.cs|Run|254|Finishing Category: Scheduler, Item: TakeExposure, ExposureTime 600, Gain 100, Offset 50, ImageType LIGHT, Binning 1x1
2026-04-22T22:08:28.5601|INFO|MeridianFlipTrigger.cs|ShouldTrigger|265|Meridian Flip - There is still time remaining - max remaining time 02:52:21.7036521, next instruction time 0, next instruction NINA.Plugin.TargetScheduler.Sequencer.PlanSchedulerProgress - and the telescope reports expected pier side pierWest. Automated Flip is not necessary.
2026-04-22T22:08:28.5602|INFO|SequenceItem.cs|Run|208|Starting NINA.Plugin.TargetScheduler.Sequencer.PlanSchedulerProgress
2026-04-22T22:08:28.5602|INFO|SequenceItem.cs|Run|254|Finishing NINA.Plugin.TargetScheduler.Sequencer.PlanSchedulerProgress
2026-04-22T22:08:30.2500|INFO|HocusFocusStarDetection.cs|Detect|413|Average HFR: 1.8880677796953527, HFR MAD: 0.1555359610430158, Detected Stars 356, Region: 0
2026-04-22T22:08:31.4406|INFO|BaseImageData.cs|SaveToDisk|346|Saved image to C:\ASTROIMAGES\NINA\2026-04-22\M 51\LIGHT\H\2026-04-22_21-58-26_M 51_LIGHT_H_-5.00C_G100-Exp-600.00s_MAXRMS-D0.57-R2.05_M-72.00_RMS-0.60_HFR-1.89_F-0002.fits
2026-04-22T22:08:31.4408|INFO|ImageSaveController.cs|DoWork|97|Successfully saved file at C:\ASTROIMAGES\NINA\2026-04-22\M 51\LIGHT\H\2026-04-22_21-58-26_M 51_LIGHT_H_-5.00C_G100-Exp-600.00s_MAXRMS-D0.57-R2.05_M-72.00_RMS-0.60_HFR-1.89_F-0002.fits. Duration Total: 00:00:02.8810678; BeforeSave: 00:00:00.0002914; BeforeFinalizeImageSaved: 00:00:02.4543330; FinalizeSaveTime: 00:00:00.4264430
2026-04-22T22:08:32.0572|INFO|SessionMetaDataWatcher.cs|WriteAcquisitionMetaData|63|Writing CSV acquisition summary: C:\ASTROIMAGES\NINA\2026-04-22\M 51\LIGHT\H\metadata\AcquisitionDetails.csv
2026-04-22T22:08:32.1495|INFO|SessionMetaDataWatcher.cs|WriteAcquisitionMetaData|82|Writing JSON acquisition summary: C:\ASTROIMAGES\NINA\2026-04-22\M 51\LIGHT\H\metadata\AcquisitionDetails.json
2026-04-22T22:08:32.1514|INFO|SessionMetaDataWatcher.cs|WriteImageMetaData|105|Writing CSV image metadata: C:\ASTROIMAGES\NINA\2026-04-22\M 51\LIGHT\H\metadata\ImageMetaData.csv
2026-04-22T22:08:32.1980|INFO|SessionMetaDataWatcher.cs|WriteImageMetaData|122|Writing JSON image metadata: C:\ASTROIMAGES\NINA\2026-04-22\M 51\LIGHT\H\metadata\ImageMetaData.json
2026-04-22T22:08:32.1993|INFO|SessionMetaDataWatcher.cs|WriteWeatherMetaData|169|Writing CSV weather metadata: C:\ASTROIMAGES\NINA\2026-04-22\M 51\LIGHT\H\metadata\WeatherData.csv
2026-04-22T22:08:32.2318|INFO|SessionMetaDataWatcher.cs|WriteWeatherMetaData|186|Writing JSON weather metadata: C:\ASTROIMAGES\NINA\2026-04-22\M 51\LIGHT\H\metadata\WeatherData.json
2026-04-22T22:08:32.6673|INFO|MeridianFlipTrigger.cs|ShouldTrigger|265|Meridian Flip - There is still time remaining - max remaining time 02:52:17.7246015, next instruction time 0, next instruction Category: Powerups (Fun-ctions), Item: GSSend - and the telescope reports expected pier side pierWest. Automated Flip is not necessary.
2026-04-22T22:08:32.6674|INFO|SequenceItem.cs|Run|208|Starting Category: Powerups (Fun-ctions), Item: GSSend
2026-04-22T22:08:32.6679|INFO|SendWithGS.cs|ProcessedScript|64|Replacing Image_ExposureTime with 600
2026-04-22T22:08:32.6681|INFO|SendWithGS.cs|ProcessedScript|64|Replacing Image_HFR with 1.888
2026-04-22T22:08:32.6682|INFO|SendWithGS.cs|ProcessedScript|64|Replacing Image_FWHM with 6.54
2026-04-22T22:08:32.6684|INFO|SendWithGS.cs|ProcessedScript|64|Replacing Altitude with 53.303620231875435
2026-04-22T22:08:32.6685|INFO|SendWithGS.cs|Execute|95|Sending to Ground Station: Exp: $$FWHEEL_FILTER_NAME$$ on $$TARGET_NAME$$ EXP: 600 HFR: 1.888 FWHM: 6.54  Altitude: 53.303620231875435 
2026-04-22T22:08:32.6698|INFO|SequenceItem.cs|Run|208|Starting Category: Ground Station, Item: Send to Telegram
2026-04-22T22:08:33.3258|INFO|SequenceItem.cs|Run|254|Finishing Category: Ground Station, Item: Send to Telegram
2026-04-22T22:08:33.3274|INFO|SequenceItem.cs|Run|254|Finishing Category: Powerups (Fun-ctions), Item: GSSend
2026-04-22T22:08:33.3641|INFO|MeridianFlipTrigger.cs|ShouldTrigger|265|Meridian Flip - There is still time remaining - max remaining time 02:52:17.7246015, next instruction time 0, next instruction Category: Powerups (Fun-ctions), Item: GSSend - and the telescope reports expected pier side pierWest. Automated Flip is not necessary.
2026-04-22T22:08:33.3643|INFO|SequenceItem.cs|Run|208|Starting Category: Powerups (Fun-ctions), Item: GSSend
2026-04-22T22:08:33.3647|INFO|SendWithGS.cs|ProcessedScript|64|Replacing Image_ExposureTime with 600
2026-04-22T22:08:33.3649|INFO|SendWithGS.cs|ProcessedScript|64|Replacing Image_HFR with 1.888
2026-04-22T22:08:33.3650|INFO|SendWithGS.cs|ProcessedScript|64|Replacing Image_FWHM with 6.54
2026-04-22T22:08:33.3652|INFO|SendWithGS.cs|ProcessedScript|64|Replacing Altitude with 53.303620231875435
2026-04-22T22:08:33.3652|INFO|SendWithGS.cs|Execute|95|Sending to Ground Station: Exp: $$FWHEEL_FILTER_NAME$$ on $$TARGET_NAME$$ EXP: 600 HFR: 1.888 FWHM: 6.54  Altitude: 53.303620231875435 
2026-04-22T22:08:33.3667|INFO|SequenceItem.cs|Run|208|Starting Category: Ground Station, Item: Send to Pushover, Title: IMAGE: $$TARGET_NAME$$
2026-04-22T22:08:33.5356|INFO|SequenceItem.cs|Run|254|Finishing Category: Ground Station, Item: Send to Pushover, Title: IMAGE: $$TARGET_NAME$$
2026-04-22T22:08:33.5368|INFO|SequenceItem.cs|Run|254|Finishing Category: Powerups (Fun-ctions), Item: GSSend
2026-04-22T22:08:33.7961|INFO|Symbol.cs|OnMessageReceived|627|Received message from Target Scheduler re: TargetScheduler-TargetStart
2026-04-22T22:08:33.7961|INFO|Symbol.cs|OnMessageReceived|635|TS_TargetName = M 51
2026-04-22T22:08:33.7962|INFO|Symbol.cs|OnMessageReceived|636|Expires at 04/23/2026 00:58:51 -05:00
2026-04-22T22:08:33.7965|INFO|MeridianFlipTrigger.cs|ShouldTrigger|265|Meridian Flip - There is still time remaining - max remaining time 02:52:15.6999249, next instruction time 0, next instruction NINA.Plugin.TargetScheduler.Sequencer.PlanSchedulerProgress - and the telescope reports expected pier side pierWest. Automated Flip is not necessary.
2026-04-22T22:08:33.7966|INFO|SequenceItem.cs|Run|208|Starting NINA.Plugin.TargetScheduler.Sequencer.PlanSchedulerProgress
2026-04-22T22:08:33.7967|INFO|SequenceItem.cs|Run|254|Finishing NINA.Plugin.TargetScheduler.Sequencer.PlanSchedulerProgress
2026-04-22T22:08:33.7968|INFO|MeridianFlipTrigger.cs|ShouldTrigger|265|Meridian Flip - There is still time remaining - max remaining time 02:52:15.6999249, next instruction time 0, next instruction Category: Scheduler, Item: SwitchFilter, Filter: H - and the telescope reports expected pier side pierWest. Automated Flip is not necessary.
2026-04-22T22:08:33.7969|INFO|SequenceItem.cs|Run|208|Starting Category: Scheduler, Item: SwitchFilter, Filter: H
2026-04-22T22:08:33.7978|INFO|SequenceItem.cs|Run|254|Finishing Category: Scheduler, Item: SwitchFilter, Filter: H
2026-04-22T22:08:33.7980|INFO|MeridianFlipTrigger.cs|ShouldTrigger|265|Meridian Flip - There is still time remaining - max remaining time 02:52:15.6999249, next instruction time 0, next instruction NINA.Plugin.TargetScheduler.Sequencer.PlanSchedulerProgress - and the telescope reports expected pier side pierWest. Automated Flip is not necessary.
2026-04-22T22:08:33.7980|INFO|SequenceItem.cs|Run|208|Starting NINA.Plugin.TargetScheduler.Sequencer.PlanSchedulerProgress
2026-04-22T22:08:33.7980|INFO|SequenceItem.cs|Run|254|Finishing NINA.Plugin.TargetScheduler.Sequencer.PlanSchedulerProgress
2026-04-22T22:08:33.7982|INFO|MeridianFlipTrigger.cs|ShouldTrigger|265|Meridian Flip - There is still time remaining - max remaining time 02:52:15.6999249, next instruction time 0, next instruction Category: Scheduler, Item: SetReadoutMode, Mode: 0 - and the telescope reports expected pier side pierWest. Automated Flip is not necessary.
2026-04-22T22:08:33.7982|INFO|SequenceItem.cs|Run|208|Starting Category: Scheduler, Item: SetReadoutMode, Mode: 0
2026-04-22T22:08:33.7983|INFO|SequenceItem.cs|Run|254|Finishing Category: Scheduler, Item: SetReadoutMode, Mode: 0
2026-04-22T22:08:33.7984|INFO|MeridianFlipTrigger.cs|ShouldTrigger|265|Meridian Flip - There is still time remaining - max remaining time 02:52:15.6999249, next instruction time 0, next instruction NINA.Plugin.TargetScheduler.Sequencer.PlanSchedulerProgress - and the telescope reports expected pier side pierWest. Automated Flip is not necessary.
2026-04-22T22:08:33.7985|INFO|SequenceItem.cs|Run|208|Starting NINA.Plugin.TargetScheduler.Sequencer.PlanSchedulerProgress
2026-04-22T22:08:33.8740|INFO|SequenceItem.cs|Run|254|Finishing NINA.Plugin.TargetScheduler.Sequencer.PlanSchedulerProgress
2026-04-22T22:08:33.8782|INFO|MeridianFlipTrigger.cs|ShouldTrigger|265|Meridian Flip - There is still time remaining - max remaining time 02:52:15.6999249, next instruction time 600, next instruction Category: Scheduler, Item: TakeExposure, ExposureTime 600, Gain 100, Offset 50, ImageType LIGHT, Binning 1x1 - and the telescope reports expected pier side pierWest. Automated Flip is not necessary.
2026-04-22T22:08:33.8783|INFO|DIYTrigger.cs|ShouldTrigger|109|DIY Trigger Restore Guiding ShouldTrigger returning true
2026-04-22T22:08:33.8784|INFO|SequenceTrigger.cs|Run|114|Starting Category: Powerups (Misc), Item: DIYTrigger
2026-04-22T22:08:33.8803|INFO|DIYTrigger.cs|Execute|95|DIY Trigger executing...
2026-04-22T22:08:33.8805|INFO|SequenceItem.cs|Run|208|Starting Category: * Instruction Set *, Container: NINA.Sequencer.Container.SequentialContainer, Strategy: SequentialStrategy, Items[CREATED]: 1, Triggers: Trigger: RestoreGuiding
2026-04-22T22:08:33.8808|INFO|MeridianFlipTrigger.cs|ShouldTrigger|265|Meridian Flip - There is still time remaining - max remaining time 02:52:15.6999249, next instruction time 0, next instruction Category: Powerups (Expressions), Item: IfFailed - and the telescope reports expected pier side pierWest. Automated Flip is not necessary.
2026-04-22T22:08:33.8809|INFO|SequenceItem.cs|Run|208|Starting Category: Powerups (Expressions), Item: IfFailed
2026-04-22T22:08:33.8809|INFO|SequenceItem.cs|Run|208|Starting Category: Guider, Item: StartGuiding
2026-04-22T22:08:33.8844|INFO|PHD2Guider.cs|StartGuidingPrivate|504|Phd2 - App is already guiding. Skipping start guiding
2026-04-22T22:08:33.8847|INFO|SequenceItem.cs|Run|254|Finishing Category: Guider, Item: StartGuiding
2026-04-22T22:08:33.8849|INFO|SequenceItem.cs|Run|254|Finishing Category: Powerups (Expressions), Item: IfFailed
2026-04-22T22:08:33.8850|INFO|SequenceItem.cs|Run|254|Finishing Category: * Instruction Set *, Container: NINA.Sequencer.Container.SequentialContainer, Strategy: SequentialStrategy, Items[FINISHED]: 1, Triggers: Trigger: RestoreGuiding
2026-04-22T22:08:33.8870|INFO|SequenceItem.cs|Run|208|Starting Category: Scheduler, Item: TakeExposure, ExposureTime 600, Gain 100, Offset 50, ImageType LIGHT, Binning 1x1
2026-04-22T22:08:33.8918|INFO|CameraVM.cs|Capture|742|Starting Exposure - Exposure Time: 600s; Filter: ; Gain: 100; Offset 50; Binning: 1x1;
2026-04-22T22:08:34.2242|INFO|StarfrontClient.cs|SendImageFile|249|[Rockwood] sent 2026-04-22_21-58-26_M 51_LIGHT_H_-5.00C_G100-Exp-600.00s_MAXRMS-D0.57-R2.05_M-72.00_RMS-0.60_HFR-1.89_F-0002.fits (18KB) object=M 51 exptime=600s filter=H
2026-04-22T22:10:29.9367|INFO|TsProgressReader.cs|ReadProgressDelta|101|[Subframes] TS progress delta: 1 upsert(s), 0 removal(s).
2026-04-22T22:15:29.9388|INFO|TsProgressReader.cs|ReadProgressDelta|97|[Subframes] TS progress: mtime changed but no row differences found.
2026-04-22T22:18:35.7240|INFO|SequenceItem.cs|Run|254|Finishing Category: Scheduler, Item: TakeExposure, ExposureTime 600, Gain 100, Offset 50, ImageType LIGHT, Binning 1x1
2026-04-22T22:18:35.7244|INFO|MeridianFlipTrigger.cs|ShouldTrigger|265|Meridian Flip - There is still time remaining - max remaining time 02:42:12.7141384, next instruction time 0, next instruction NINA.Plugin.TargetScheduler.Sequencer.PlanSchedulerProgress - and the telescope reports expected pier side pierWest. Automated Flip is not necessary.
2026-04-22T22:18:35.7245|INFO|SequenceItem.cs|Run|208|Starting NINA.Plugin.TargetScheduler.Sequencer.PlanSchedulerProgress
2026-04-22T22:18:35.7246|INFO|SequenceItem.cs|Run|254|Finishing NINA.Plugin.TargetScheduler.Sequencer.PlanSchedulerProgress
2026-04-22T22:18:37.0990|INFO|HocusFocusStarDetection.cs|Detect|413|Average HFR: 1.8887556898979558, HFR MAD: 0.17029007026035758, Detected Stars 358, Region: 0
2026-04-22T22:18:38.2046|INFO|BaseImageData.cs|SaveToDisk|346|Saved image to C:\ASTROIMAGES\NINA\2026-04-22\M 51\LIGHT\H\2026-04-22_22-08-33_M 51_LIGHT_H_-5.00C_G100-Exp-600.00s_MAXRMS-D0.63-R1.00_M-71.97_RMS-0.39_HFR-1.89_F-0003.fits
2026-04-22T22:18:38.2048|INFO|ImageSaveController.cs|DoWork|97|Successfully saved file at C:\ASTROIMAGES\NINA\2026-04-22\M 51\LIGHT\H\2026-04-22_22-08-33_M 51_LIGHT_H_-5.00C_G100-Exp-600.00s_MAXRMS-D0.63-R1.00_M-71.97_RMS-0.39_HFR-1.89_F-0003.fits. Duration Total: 00:00:02.4807092; BeforeSave: 00:00:00.0001470; BeforeFinalizeImageSaved: 00:00:02.1685898; FinalizeSaveTime: 00:00:00.3119716
2026-04-22T22:18:38.7745|WARNING|SessionMetaDataWatcher.cs|WriteAcquisitionMetaData|73|acquisition file already exists, will not overwrite: C:\ASTROIMAGES\NINA\2026-04-22\M 51\LIGHT\H\metadata\AcquisitionDetails.csv
2026-04-22T22:18:38.7747|WARNING|SessionMetaDataWatcher.cs|WriteAcquisitionMetaData|93|acquisition file already exists, will not overwrite: C:\ASTROIMAGES\NINA\2026-04-22\M 51\LIGHT\H\metadata\AcquisitionDetails.json
2026-04-22T22:18:38.7750|INFO|SessionMetaDataWatcher.cs|WriteImageMetaData|105|Writing CSV image metadata: C:\ASTROIMAGES\NINA\2026-04-22\M 51\LIGHT\H\metadata\ImageMetaData.csv
2026-04-22T22:18:38.8149|INFO|SessionMetaDataWatcher.cs|WriteImageMetaData|122|Writing JSON image metadata: C:\ASTROIMAGES\NINA\2026-04-22\M 51\LIGHT\H\metadata\ImageMetaData.json
2026-04-22T22:18:38.8167|INFO|SessionMetaDataWatcher.cs|WriteWeatherMetaData|169|Writing CSV weather metadata: C:\ASTROIMAGES\NINA\2026-04-22\M 51\LIGHT\H\metadata\WeatherData.csv
2026-04-22T22:18:38.8327|INFO|SessionMetaDataWatcher.cs|WriteWeatherMetaData|186|Writing JSON weather metadata: C:\ASTROIMAGES\NINA\2026-04-22\M 51\LIGHT\H\metadata\WeatherData.json
2026-04-22T22:18:39.1289|INFO|MeridianFlipTrigger.cs|ShouldTrigger|265|Meridian Flip - There is still time remaining - max remaining time 02:42:10.0831853, next instruction time 0, next instruction Category: Powerups (Fun-ctions), Item: GSSend - and the telescope reports expected pier side pierWest. Automated Flip is not necessary.
2026-04-22T22:18:39.1290|INFO|SequenceItem.cs|Run|208|Starting Category: Powerups (Fun-ctions), Item: GSSend
2026-04-22T22:18:39.1297|INFO|SendWithGS.cs|ProcessedScript|64|Replacing Image_ExposureTime with 600
2026-04-22T22:18:39.1298|INFO|SendWithGS.cs|ProcessedScript|64|Replacing Image_HFR with 1.889
2026-04-22T22:18:39.1300|INFO|SendWithGS.cs|ProcessedScript|64|Replacing Image_FWHM with 6.56
2026-04-22T22:18:39.1301|INFO|SendWithGS.cs|ProcessedScript|64|Replacing Altitude with 54.99694353819277
2026-04-22T22:18:39.1301|INFO|SendWithGS.cs|Execute|95|Sending to Ground Station: Exp: $$FWHEEL_FILTER_NAME$$ on $$TARGET_NAME$$ EXP: 600 HFR: 1.889 FWHM: 6.56  Altitude: 54.99694353819277 
2026-04-22T22:18:39.1314|INFO|SequenceItem.cs|Run|208|Starting Category: Ground Station, Item: Send to Telegram
2026-04-22T22:18:39.8024|INFO|SequenceItem.cs|Run|254|Finishing Category: Ground Station, Item: Send to Telegram
2026-04-22T22:18:39.8037|INFO|SequenceItem.cs|Run|254|Finishing Category: Powerups (Fun-ctions), Item: GSSend
2026-04-22T22:18:39.8041|INFO|MeridianFlipTrigger.cs|ShouldTrigger|265|Meridian Flip - There is still time remaining - max remaining time 02:42:08.8003370, next instruction time 0, next instruction Category: Powerups (Fun-ctions), Item: GSSend - and the telescope reports expected pier side pierWest. Automated Flip is not necessary.
2026-04-22T22:18:39.8041|INFO|SequenceItem.cs|Run|208|Starting Category: Powerups (Fun-ctions), Item: GSSend
2026-04-22T22:18:39.8045|INFO|SendWithGS.cs|ProcessedScript|64|Replacing Image_ExposureTime with 600
2026-04-22T22:18:39.8047|INFO|SendWithGS.cs|ProcessedScript|64|Replacing Image_HFR with 1.889
2026-04-22T22:18:39.8048|INFO|SendWithGS.cs|ProcessedScript|64|Replacing Image_FWHM with 6.56
2026-04-22T22:18:39.8050|INFO|SendWithGS.cs|ProcessedScript|64|Replacing Altitude with 55.00906972927118
2026-04-22T22:18:39.8050|INFO|SendWithGS.cs|Execute|95|Sending to Ground Station: Exp: $$FWHEEL_FILTER_NAME$$ on $$TARGET_NAME$$ EXP: 600 HFR: 1.889 FWHM: 6.56  Altitude: 55.00906972927118 
2026-04-22T22:18:39.8061|INFO|SequenceItem.cs|Run|208|Starting Category: Ground Station, Item: Send to Pushover, Title: IMAGE: $$TARGET_NAME$$
2026-04-22T22:18:39.9851|INFO|SequenceItem.cs|Run|254|Finishing Category: Ground Station, Item: Send to Pushover, Title: IMAGE: $$TARGET_NAME$$
2026-04-22T22:18:39.9864|INFO|SequenceItem.cs|Run|254|Finishing Category: Powerups (Fun-ctions), Item: GSSend
2026-04-22T22:18:40.2544|INFO|Symbol.cs|OnMessageReceived|627|Received message from Target Scheduler re: TargetScheduler-TargetStart
2026-04-22T22:18:40.2544|INFO|Symbol.cs|OnMessageReceived|635|TS_TargetName = M 51
2026-04-22T22:18:40.2544|INFO|Symbol.cs|OnMessageReceived|636|Expires at 04/23/2026 00:58:51 -05:00
2026-04-22T22:18:40.2551|INFO|MeridianFlipTrigger.cs|ShouldTrigger|265|Meridian Flip - There is still time remaining - max remaining time 02:42:08.8003370, next instruction time 0, next instruction NINA.Plugin.TargetScheduler.Sequencer.PlanSchedulerProgress - and the telescope reports expected pier side pierWest. Automated Flip is not necessary.
2026-04-22T22:18:40.2552|INFO|SequenceItem.cs|Run|208|Starting NINA.Plugin.TargetScheduler.Sequencer.PlanSchedulerProgress
2026-04-22T22:18:40.2552|INFO|SequenceItem.cs|Run|254|Finishing NINA.Plugin.TargetScheduler.Sequencer.PlanSchedulerProgress
2026-04-22T22:18:40.2554|INFO|MeridianFlipTrigger.cs|ShouldTrigger|265|Meridian Flip - There is still time remaining - max remaining time 02:42:08.8003370, next instruction time 0, next instruction Category: Scheduler, Item: SwitchFilter, Filter: H - and the telescope reports expected pier side pierWest. Automated Flip is not necessary.
2026-04-22T22:18:40.2554|INFO|SequenceItem.cs|Run|208|Starting Category: Scheduler, Item: SwitchFilter, Filter: H
2026-04-22T22:18:40.2564|INFO|SequenceItem.cs|Run|254|Finishing Category: Scheduler, Item: SwitchFilter, Filter: H
2026-04-22T22:18:40.2567|INFO|MeridianFlipTrigger.cs|ShouldTrigger|265|Meridian Flip - There is still time remaining - max remaining time 02:42:08.8003370, next instruction time 0, next instruction NINA.Plugin.TargetScheduler.Sequencer.PlanSchedulerProgress - and the telescope reports expected pier side pierWest. Automated Flip is not necessary.
2026-04-22T22:18:40.2569|INFO|SequenceItem.cs|Run|208|Starting NINA.Plugin.TargetScheduler.Sequencer.PlanSchedulerProgress
2026-04-22T22:18:40.2570|INFO|SequenceItem.cs|Run|254|Finishing NINA.Plugin.TargetScheduler.Sequencer.PlanSchedulerProgress
2026-04-22T22:18:40.2571|INFO|MeridianFlipTrigger.cs|ShouldTrigger|265|Meridian Flip - There is still time remaining - max remaining time 02:42:08.8003370, next instruction time 0, next instruction Category: Scheduler, Item: SetReadoutMode, Mode: 0 - and the telescope reports expected pier side pierWest. Automated Flip is not necessary.
2026-04-22T22:18:40.2572|INFO|SequenceItem.cs|Run|208|Starting Category: Scheduler, Item: SetReadoutMode, Mode: 0
2026-04-22T22:18:40.2573|INFO|SequenceItem.cs|Run|254|Finishing Category: Scheduler, Item: SetReadoutMode, Mode: 0
2026-04-22T22:18:40.2574|INFO|MeridianFlipTrigger.cs|ShouldTrigger|265|Meridian Flip - There is still time remaining - max remaining time 02:42:08.8003370, next instruction time 0, next instruction NINA.Plugin.TargetScheduler.Sequencer.PlanSchedulerProgress - and the telescope reports expected pier side pierWest. Automated Flip is not necessary.
2026-04-22T22:18:40.2574|INFO|SequenceItem.cs|Run|208|Starting NINA.Plugin.TargetScheduler.Sequencer.PlanSchedulerProgress
2026-04-22T22:18:40.2800|INFO|SequenceItem.cs|Run|254|Finishing NINA.Plugin.TargetScheduler.Sequencer.PlanSchedulerProgress
2026-04-22T22:18:40.2808|INFO|MeridianFlipTrigger.cs|ShouldTrigger|265|Meridian Flip - There is still time remaining - max remaining time 02:42:08.8003370, next instruction time 600, next instruction Category: Scheduler, Item: TakeExposure, ExposureTime 600, Gain 100, Offset 50, ImageType LIGHT, Binning 1x1 - and the telescope reports expected pier side pierWest. Automated Flip is not necessary.
2026-04-22T22:18:40.2809|INFO|DIYTrigger.cs|ShouldTrigger|109|DIY Trigger Restore Guiding ShouldTrigger returning true
2026-04-22T22:18:40.2810|INFO|SequenceTrigger.cs|Run|114|Starting Category: Powerups (Misc), Item: DIYTrigger
2026-04-22T22:18:40.2850|INFO|DIYTrigger.cs|Execute|95|DIY Trigger executing...
2026-04-22T22:18:40.2852|INFO|SequenceItem.cs|Run|208|Starting Category: * Instruction Set *, Container: NINA.Sequencer.Container.SequentialContainer, Strategy: SequentialStrategy, Items[CREATED]: 1, Triggers: Trigger: RestoreGuiding
2026-04-22T22:18:40.2855|INFO|MeridianFlipTrigger.cs|ShouldTrigger|265|Meridian Flip - There is still time remaining - max remaining time 02:42:08.8003370, next instruction time 0, next instruction Category: Powerups (Expressions), Item: IfFailed - and the telescope reports expected pier side pierWest. Automated Flip is not necessary.
2026-04-22T22:18:40.2856|INFO|SequenceItem.cs|Run|208|Starting Category: Powerups (Expressions), Item: IfFailed
2026-04-22T22:18:40.2856|INFO|SequenceItem.cs|Run|208|Starting Category: Guider, Item: StartGuiding
2026-04-22T22:18:40.2899|INFO|PHD2Guider.cs|StartGuidingPrivate|504|Phd2 - App is already guiding. Skipping start guiding
2026-04-22T22:18:40.2902|INFO|SequenceItem.cs|Run|254|Finishing Category: Guider, Item: StartGuiding
2026-04-22T22:18:40.2902|INFO|SequenceItem.cs|Run|254|Finishing Category: Powerups (Expressions), Item: IfFailed
2026-04-22T22:18:40.2903|INFO|SequenceItem.cs|Run|254|Finishing Category: * Instruction Set *, Container: NINA.Sequencer.Container.SequentialContainer, Strategy: SequentialStrategy, Items[FINISHED]: 1, Triggers: Trigger: RestoreGuiding
2026-04-22T22:18:40.2931|INFO|SequenceItem.cs|Run|208|Starting Category: Scheduler, Item: TakeExposure, ExposureTime 600, Gain 100, Offset 50, ImageType LIGHT, Binning 1x1
2026-04-22T22:18:40.2981|INFO|CameraVM.cs|Capture|742|Starting Exposure - Exposure Time: 600s; Filter: ; Gain: 100; Offset 50; Binning: 1x1;
2026-04-22T22:18:40.8890|INFO|StarfrontClient.cs|SendImageFile|249|[Rockwood] sent 2026-04-22_22-08-33_M 51_LIGHT_H_-5.00C_G100-Exp-600.00s_MAXRMS-D0.63-R1.00_M-71.97_RMS-0.39_HFR-1.89_F-0003.fits (18KB) object=M 51 exptime=600s filter=H
2026-04-22T22:20:29.9382|INFO|TsProgressReader.cs|ReadProgressDelta|101|[Subframes] TS progress delta: 1 upsert(s), 0 removal(s).
2026-04-22T22:25:29.9378|INFO|TsProgressReader.cs|ReadProgressDelta|97|[Subframes] TS progress: mtime changed but no row differences found.
2026-04-22T22:28:42.2391|INFO|SequenceItem.cs|Run|254|Finishing Category: Scheduler, Item: TakeExposure, ExposureTime 600, Gain 100, Offset 50, ImageType LIGHT, Binning 1x1
2026-04-22T22:28:42.2395|INFO|MeridianFlipTrigger.cs|ShouldTrigger|265|Meridian Flip - There is still time remaining - max remaining time 02:32:04.2718175, next instruction time 0, next instruction NINA.Plugin.TargetScheduler.Sequencer.PlanSchedulerProgress - and the telescope reports expected pier side pierWest. Automated Flip is not necessary.
2026-04-22T22:28:42.2396|INFO|SequenceItem.cs|Run|208|Starting NINA.Plugin.TargetScheduler.Sequencer.PlanSchedulerProgress
2026-04-22T22:28:42.2396|INFO|SequenceItem.cs|Run|254|Finishing NINA.Plugin.TargetScheduler.Sequencer.PlanSchedulerProgress
2026-04-22T22:28:43.9044|INFO|HocusFocusStarDetection.cs|Detect|413|Average HFR: 1.91892664365055, HFR MAD: 0.18062983785673792, Detected Stars 353, Region: 0
2026-04-22T22:28:45.0204|INFO|BaseImageData.cs|SaveToDisk|346|Saved image to C:\ASTROIMAGES\NINA\2026-04-22\M 51\LIGHT\H\2026-04-22_22-18-40_M 51_LIGHT_H_-5.00C_G100-Exp-600.00s_MAXRMS-D0.75-R0.87_M-71.94_RMS-0.37_HFR-1.92_F-0004.fits
2026-04-22T22:28:45.0205|INFO|ImageSaveController.cs|DoWork|97|Successfully saved file at C:\ASTROIMAGES\NINA\2026-04-22\M 51\LIGHT\H\2026-04-22_22-18-40_M 51_LIGHT_H_-5.00C_G100-Exp-600.00s_MAXRMS-D0.75-R0.87_M-71.94_RMS-0.37_HFR-1.92_F-0004.fits. Duration Total: 00:00:02.7806013; BeforeSave: 00:00:00.0000565; BeforeFinalizeImageSaved: 00:00:02.4408743; FinalizeSaveTime: 00:00:00.3396698
2026-04-22T22:28:45.3847|WARNING|SessionMetaDataWatcher.cs|WriteAcquisitionMetaData|73|acquisition file already exists, will not overwrite: C:\ASTROIMAGES\NINA\2026-04-22\M 51\LIGHT\H\metadata\AcquisitionDetails.csv
2026-04-22T22:28:45.3848|WARNING|SessionMetaDataWatcher.cs|WriteAcquisitionMetaData|93|acquisition file already exists, will not overwrite: C:\ASTROIMAGES\NINA\2026-04-22\M 51\LIGHT\H\metadata\AcquisitionDetails.json
2026-04-22T22:28:45.3851|INFO|SessionMetaDataWatcher.cs|WriteImageMetaData|105|Writing CSV image metadata: C:\ASTROIMAGES\NINA\2026-04-22\M 51\LIGHT\H\metadata\ImageMetaData.csv
2026-04-22T22:28:45.4206|INFO|SessionMetaDataWatcher.cs|WriteImageMetaData|122|Writing JSON image metadata: C:\ASTROIMAGES\NINA\2026-04-22\M 51\LIGHT\H\metadata\ImageMetaData.json
2026-04-22T22:28:45.4222|INFO|SessionMetaDataWatcher.cs|WriteWeatherMetaData|169|Writing CSV weather metadata: C:\ASTROIMAGES\NINA\2026-04-22\M 51\LIGHT\H\metadata\WeatherData.csv
2026-04-22T22:28:45.4345|INFO|SessionMetaDataWatcher.cs|WriteWeatherMetaData|186|Writing JSON weather metadata: C:\ASTROIMAGES\NINA\2026-04-22\M 51\LIGHT\H\metadata\WeatherData.json
2026-04-22T22:28:45.8905|INFO|MeridianFlipTrigger.cs|ShouldTrigger|265|Meridian Flip - There is still time remaining - max remaining time 02:32:00.2705489, next instruction time 0, next instruction Category: Powerups (Fun-ctions), Item: GSSend - and the telescope reports expected pier side pierWest. Automated Flip is not necessary.
2026-04-22T22:28:45.8906|INFO|SequenceItem.cs|Run|208|Starting Category: Powerups (Fun-ctions), Item: GSSend
2026-04-22T22:28:45.8910|INFO|SendWithGS.cs|ProcessedScript|64|Replacing Image_ExposureTime with 600
2026-04-22T22:28:45.8912|INFO|SendWithGS.cs|ProcessedScript|64|Replacing Image_HFR with 1.919
2026-04-22T22:28:45.8914|INFO|SendWithGS.cs|ProcessedScript|64|Replacing Image_FWHM with 6.41
2026-04-22T22:28:45.8915|INFO|SendWithGS.cs|ProcessedScript|64|Replacing Altitude with 56.691470203363444
2026-04-22T22:28:45.8915|INFO|SendWithGS.cs|Execute|95|Sending to Ground Station: Exp: $$FWHEEL_FILTER_NAME$$ on $$TARGET_NAME$$ EXP: 600 HFR: 1.919 FWHM: 6.41  Altitude: 56.691470203363444 
2026-04-22T22:28:45.8929|INFO|SequenceItem.cs|Run|208|Starting Category: Ground Station, Item: Send to Telegram
2026-04-22T22:28:46.5416|INFO|SequenceItem.cs|Run|254|Finishing Category: Ground Station, Item: Send to Telegram
2026-04-22T22:28:46.5429|INFO|SequenceItem.cs|Run|254|Finishing Category: Powerups (Fun-ctions), Item: GSSend
2026-04-22T22:28:46.5433|INFO|MeridianFlipTrigger.cs|ShouldTrigger|265|Meridian Flip - There is still time remaining - max remaining time 02:32:00.2705489, next instruction time 0, next instruction Category: Powerups (Fun-ctions), Item: GSSend - and the telescope reports expected pier side pierWest. Automated Flip is not necessary.
2026-04-22T22:28:46.5433|INFO|SequenceItem.cs|Run|208|Starting Category: Powerups (Fun-ctions), Item: GSSend
2026-04-22T22:28:46.5437|INFO|SendWithGS.cs|ProcessedScript|64|Replacing Image_ExposureTime with 600
2026-04-22T22:28:46.5438|INFO|SendWithGS.cs|ProcessedScript|64|Replacing Image_HFR with 1.919
2026-04-22T22:28:46.5439|INFO|SendWithGS.cs|ProcessedScript|64|Replacing Image_FWHM with 6.41
2026-04-22T22:28:46.5440|INFO|SendWithGS.cs|ProcessedScript|64|Replacing Altitude with 56.691470203363444
2026-04-22T22:28:46.5440|INFO|SendWithGS.cs|Execute|95|Sending to Ground Station: Exp: $$FWHEEL_FILTER_NAME$$ on $$TARGET_NAME$$ EXP: 600 HFR: 1.919 FWHM: 6.41  Altitude: 56.691470203363444 
2026-04-22T22:28:46.5452|INFO|SequenceItem.cs|Run|208|Starting Category: Ground Station, Item: Send to Pushover, Title: IMAGE: $$TARGET_NAME$$
2026-04-22T22:28:46.7017|INFO|SequenceItem.cs|Run|254|Finishing Category: Ground Station, Item: Send to Pushover, Title: IMAGE: $$TARGET_NAME$$
2026-04-22T22:28:46.7035|INFO|SequenceItem.cs|Run|254|Finishing Category: Powerups (Fun-ctions), Item: GSSend
2026-04-22T22:28:46.9646|INFO|Symbol.cs|OnMessageReceived|627|Received message from Target Scheduler re: TargetScheduler-TargetStart
2026-04-22T22:28:46.9647|INFO|Symbol.cs|OnMessageReceived|635|TS_TargetName = M 51
2026-04-22T22:28:46.9647|INFO|Symbol.cs|OnMessageReceived|636|Expires at 04/23/2026 00:58:51 -05:00
2026-04-22T22:28:46.9651|INFO|MeridianFlipTrigger.cs|ShouldTrigger|265|Meridian Flip - There is still time remaining - max remaining time 02:32:00.2705489, next instruction time 0, next instruction NINA.Plugin.TargetScheduler.Sequencer.PlanSchedulerProgress - and the telescope reports expected pier side pierWest. Automated Flip is not necessary.
2026-04-22T22:28:46.9651|INFO|SequenceItem.cs|Run|208|Starting NINA.Plugin.TargetScheduler.Sequencer.PlanSchedulerProgress
2026-04-22T22:28:46.9652|INFO|SequenceItem.cs|Run|254|Finishing NINA.Plugin.TargetScheduler.Sequencer.PlanSchedulerProgress
2026-04-22T22:28:46.9653|INFO|MeridianFlipTrigger.cs|ShouldTrigger|265|Meridian Flip - There is still time remaining - max remaining time 02:32:00.2705489, next instruction time 0, next instruction Category: Scheduler, Item: SwitchFilter, Filter: H - and the telescope reports expected pier side pierWest. Automated Flip is not necessary.
2026-04-22T22:28:46.9654|INFO|SequenceItem.cs|Run|208|Starting Category: Scheduler, Item: SwitchFilter, Filter: H
2026-04-22T22:28:46.9667|INFO|SequenceItem.cs|Run|254|Finishing Category: Scheduler, Item: SwitchFilter, Filter: H
2026-04-22T22:28:46.9670|INFO|MeridianFlipTrigger.cs|ShouldTrigger|265|Meridian Flip - There is still time remaining - max remaining time 02:32:00.2705489, next instruction time 0, next instruction NINA.Plugin.TargetScheduler.Sequencer.PlanSchedulerProgress - and the telescope reports expected pier side pierWest. Automated Flip is not necessary.
2026-04-22T22:28:46.9671|INFO|SequenceItem.cs|Run|208|Starting NINA.Plugin.TargetScheduler.Sequencer.PlanSchedulerProgress
2026-04-22T22:28:46.9671|INFO|SequenceItem.cs|Run|254|Finishing NINA.Plugin.TargetScheduler.Sequencer.PlanSchedulerProgress
2026-04-22T22:28:46.9672|INFO|MeridianFlipTrigger.cs|ShouldTrigger|265|Meridian Flip - There is still time remaining - max remaining time 02:32:00.2705489, next instruction time 0, next instruction Category: Scheduler, Item: SetReadoutMode, Mode: 0 - and the telescope reports expected pier side pierWest. Automated Flip is not necessary.
2026-04-22T22:28:46.9674|INFO|SequenceItem.cs|Run|208|Starting Category: Scheduler, Item: SetReadoutMode, Mode: 0
2026-04-22T22:28:46.9676|INFO|SequenceItem.cs|Run|254|Finishing Category: Scheduler, Item: SetReadoutMode, Mode: 0
2026-04-22T22:28:46.9677|INFO|MeridianFlipTrigger.cs|ShouldTrigger|265|Meridian Flip - There is still time remaining - max remaining time 02:32:00.2705489, next instruction time 0, next instruction NINA.Plugin.TargetScheduler.Sequencer.PlanSchedulerProgress - and the telescope reports expected pier side pierWest. Automated Flip is not necessary.
2026-04-22T22:28:46.9678|INFO|SequenceItem.cs|Run|208|Starting NINA.Plugin.TargetScheduler.Sequencer.PlanSchedulerProgress
2026-04-22T22:28:46.9853|INFO|SequenceItem.cs|Run|254|Finishing NINA.Plugin.TargetScheduler.Sequencer.PlanSchedulerProgress
2026-04-22T22:28:46.9858|INFO|MeridianFlipTrigger.cs|ShouldTrigger|265|Meridian Flip - There is still time remaining - max remaining time 02:32:00.2705489, next instruction time 600, next instruction Category: Scheduler, Item: TakeExposure, ExposureTime 600, Gain 100, Offset 50, ImageType LIGHT, Binning 1x1 - and the telescope reports expected pier side pierWest. Automated Flip is not necessary.
2026-04-22T22:28:46.9859|INFO|DIYTrigger.cs|ShouldTrigger|109|DIY Trigger Restore Guiding ShouldTrigger returning true
2026-04-22T22:28:46.9859|INFO|SequenceTrigger.cs|Run|114|Starting Category: Powerups (Misc), Item: DIYTrigger
2026-04-22T22:28:46.9878|INFO|DIYTrigger.cs|Execute|95|DIY Trigger executing...
2026-04-22T22:28:46.9880|INFO|SequenceItem.cs|Run|208|Starting Category: * Instruction Set *, Container: NINA.Sequencer.Container.SequentialContainer, Strategy: SequentialStrategy, Items[CREATED]: 1, Triggers: Trigger: RestoreGuiding
2026-04-22T22:28:46.9883|INFO|MeridianFlipTrigger.cs|ShouldTrigger|265|Meridian Flip - There is still time remaining - max remaining time 02:32:00.2705489, next instruction time 0, next instruction Category: Powerups (Expressions), Item: IfFailed - and the telescope reports expected pier side pierWest. Automated Flip is not necessary.
2026-04-22T22:28:46.9884|INFO|SequenceItem.cs|Run|208|Starting Category: Powerups (Expressions), Item: IfFailed
2026-04-22T22:28:46.9884|INFO|SequenceItem.cs|Run|208|Starting Category: Guider, Item: StartGuiding
2026-04-22T22:28:46.9918|INFO|PHD2Guider.cs|StartGuidingPrivate|504|Phd2 - App is already guiding. Skipping start guiding
2026-04-22T22:28:46.9920|INFO|SequenceItem.cs|Run|254|Finishing Category: Guider, Item: StartGuiding
2026-04-22T22:28:46.9920|INFO|SequenceItem.cs|Run|254|Finishing Category: Powerups (Expressions), Item: IfFailed
2026-04-22T22:28:46.9922|INFO|SequenceItem.cs|Run|254|Finishing Category: * Instruction Set *, Container: NINA.Sequencer.Container.SequentialContainer, Strategy: SequentialStrategy, Items[FINISHED]: 1, Triggers: Trigger: RestoreGuiding
2026-04-22T22:28:46.9944|INFO|SequenceItem.cs|Run|208|Starting Category: Scheduler, Item: TakeExposure, ExposureTime 600, Gain 100, Offset 50, ImageType LIGHT, Binning 1x1
2026-04-22T22:28:46.9994|INFO|CameraVM.cs|Capture|742|Starting Exposure - Exposure Time: 600s; Filter: ; Gain: 100; Offset 50; Binning: 1x1;
2026-04-22T22:28:47.7036|INFO|StarfrontClient.cs|SendImageFile|249|[Rockwood] sent 2026-04-22_22-18-40_M 51_LIGHT_H_-5.00C_G100-Exp-600.00s_MAXRMS-D0.75-R0.87_M-71.94_RMS-0.37_HFR-1.92_F-0004.fits (18KB) object=M 51 exptime=600s filter=H
2026-04-22T22:30:29.9383|INFO|TsProgressReader.cs|ReadProgressDelta|101|[Subframes] TS progress delta: 1 upsert(s), 0 removal(s).
2026-04-22T22:35:29.9384|INFO|TsProgressReader.cs|ReadProgressDelta|97|[Subframes] TS progress: mtime changed but no row differences found.
2026-04-22T22:38:48.8450|INFO|SequenceItem.cs|Run|254|Finishing Category: Scheduler, Item: TakeExposure, ExposureTime 600, Gain 100, Offset 50, ImageType LIGHT, Binning 1x1
2026-04-22T22:38:48.8455|INFO|MeridianFlipTrigger.cs|ShouldTrigger|265|Meridian Flip - There is still time remaining - max remaining time 02:21:56.4312569, next instruction time 0, next instruction NINA.Plugin.TargetScheduler.Sequencer.PlanSchedulerProgress - and the telescope reports expected pier side pierWest. Automated Flip is not necessary.
2026-04-22T22:38:48.8458|INFO|SequenceItem.cs|Run|208|Starting NINA.Plugin.TargetScheduler.Sequencer.PlanSchedulerProgress
2026-04-22T22:38:48.8458|INFO|SequenceItem.cs|Run|254|Finishing NINA.Plugin.TargetScheduler.Sequencer.PlanSchedulerProgress
2026-04-22T22:38:50.3734|INFO|HocusFocusStarDetection.cs|Detect|413|Average HFR: 1.897634151741762, HFR MAD: 0.17799105763345913, Detected Stars 365, Region: 0
2026-04-22T22:38:51.4663|INFO|BaseImageData.cs|SaveToDisk|346|Saved image to C:\ASTROIMAGES\NINA\2026-04-22\M 51\LIGHT\H\2026-04-22_22-28-47_M 51_LIGHT_H_-5.00C_G100-Exp-600.00s_MAXRMS-D0.82-R0.85_M-71.91_RMS-0.35_HFR-1.90_F-0005.fits
2026-04-22T22:38:51.4664|INFO|ImageSaveController.cs|DoWork|97|Successfully saved file at C:\ASTROIMAGES\NINA\2026-04-22\M 51\LIGHT\H\2026-04-22_22-28-47_M 51_LIGHT_H_-5.00C_G100-Exp-600.00s_MAXRMS-D0.82-R0.85_M-71.91_RMS-0.35_HFR-1.90_F-0005.fits. Duration Total: 00:00:02.6211479; BeforeSave: 00:00:00.0000908; BeforeFinalizeImageSaved: 00:00:02.2663210; FinalizeSaveTime: 00:00:00.3547359
2026-04-22T22:38:52.1302|WARNING|SessionMetaDataWatcher.cs|WriteAcquisitionMetaData|73|acquisition file already exists, will not overwrite: C:\ASTROIMAGES\NINA\2026-04-22\M 51\LIGHT\H\metadata\AcquisitionDetails.csv
2026-04-22T22:38:52.1304|WARNING|SessionMetaDataWatcher.cs|WriteAcquisitionMetaData|93|acquisition file already exists, will not overwrite: C:\ASTROIMAGES\NINA\2026-04-22\M 51\LIGHT\H\metadata\AcquisitionDetails.json
2026-04-22T22:38:52.1307|INFO|SessionMetaDataWatcher.cs|WriteImageMetaData|105|Writing CSV image metadata: C:\ASTROIMAGES\NINA\2026-04-22\M 51\LIGHT\H\metadata\ImageMetaData.csv
2026-04-22T22:38:52.1700|INFO|SessionMetaDataWatcher.cs|WriteImageMetaData|122|Writing JSON image metadata: C:\ASTROIMAGES\NINA\2026-04-22\M 51\LIGHT\H\metadata\ImageMetaData.json
2026-04-22T22:38:52.1721|INFO|SessionMetaDataWatcher.cs|WriteWeatherMetaData|169|Writing CSV weather metadata: C:\ASTROIMAGES\NINA\2026-04-22\M 51\LIGHT\H\metadata\WeatherData.csv
2026-04-22T22:38:52.1885|INFO|SessionMetaDataWatcher.cs|WriteWeatherMetaData|186|Writing JSON weather metadata: C:\ASTROIMAGES\NINA\2026-04-22\M 51\LIGHT\H\metadata\WeatherData.json
2026-04-22T22:38:52.8611|INFO|MeridianFlipTrigger.cs|ShouldTrigger|265|Meridian Flip - There is still time remaining - max remaining time 02:21:52.3824488, next instruction time 0, next instruction Category: Powerups (Fun-ctions), Item: GSSend - and the telescope reports expected pier side pierWest. Automated Flip is not necessary.
2026-04-22T22:38:52.8612|INFO|SequenceItem.cs|Run|208|Starting Category: Powerups (Fun-ctions), Item: GSSend
2026-04-22T22:38:52.8615|INFO|SendWithGS.cs|ProcessedScript|64|Replacing Image_ExposureTime with 600
2026-04-22T22:38:52.8617|INFO|SendWithGS.cs|ProcessedScript|64|Replacing Image_HFR with 1.898
2026-04-22T22:38:52.8618|INFO|SendWithGS.cs|ProcessedScript|64|Replacing Image_FWHM with 6.44
2026-04-22T22:38:52.8619|INFO|SendWithGS.cs|ProcessedScript|64|Replacing Altitude with 58.357306440651364
2026-04-22T22:38:52.8620|INFO|SendWithGS.cs|Execute|95|Sending to Ground Station: Exp: $$FWHEEL_FILTER_NAME$$ on $$TARGET_NAME$$ EXP: 600 HFR: 1.898 FWHM: 6.44  Altitude: 58.357306440651364 
2026-04-22T22:38:52.8637|INFO|SequenceItem.cs|Run|208|Starting Category: Ground Station, Item: Send to Telegram
2026-04-22T22:38:53.5138|INFO|SequenceItem.cs|Run|254|Finishing Category: Ground Station, Item: Send to Telegram
2026-04-22T22:38:53.5151|INFO|SequenceItem.cs|Run|254|Finishing Category: Powerups (Fun-ctions), Item: GSSend
2026-04-22T22:38:53.5154|INFO|MeridianFlipTrigger.cs|ShouldTrigger|265|Meridian Flip - There is still time remaining - max remaining time 02:21:50.3065856, next instruction time 0, next instruction Category: Powerups (Fun-ctions), Item: GSSend - and the telescope reports expected pier side pierWest. Automated Flip is not necessary.
2026-04-22T22:38:53.5156|INFO|SequenceItem.cs|Run|208|Starting Category: Powerups (Fun-ctions), Item: GSSend
2026-04-22T22:38:53.5159|INFO|SendWithGS.cs|ProcessedScript|64|Replacing Image_ExposureTime with 600
2026-04-22T22:38:53.5160|INFO|SendWithGS.cs|ProcessedScript|64|Replacing Image_HFR with 1.898
2026-04-22T22:38:53.5161|INFO|SendWithGS.cs|ProcessedScript|64|Replacing Image_FWHM with 6.44
2026-04-22T22:38:53.5162|INFO|SendWithGS.cs|ProcessedScript|64|Replacing Altitude with 58.357306440651364
2026-04-22T22:38:53.5163|INFO|SendWithGS.cs|Execute|95|Sending to Ground Station: Exp: $$FWHEEL_FILTER_NAME$$ on $$TARGET_NAME$$ EXP: 600 HFR: 1.898 FWHM: 6.44  Altitude: 58.357306440651364 
2026-04-22T22:38:53.5175|INFO|SequenceItem.cs|Run|208|Starting Category: Ground Station, Item: Send to Pushover, Title: IMAGE: $$TARGET_NAME$$
2026-04-22T22:38:53.6918|INFO|SequenceItem.cs|Run|254|Finishing Category: Ground Station, Item: Send to Pushover, Title: IMAGE: $$TARGET_NAME$$
2026-04-22T22:38:53.6930|INFO|SequenceItem.cs|Run|254|Finishing Category: Powerups (Fun-ctions), Item: GSSend
2026-04-22T22:38:53.9672|INFO|Symbol.cs|OnMessageReceived|627|Received message from Target Scheduler re: TargetScheduler-TargetStart
2026-04-22T22:38:53.9673|INFO|Symbol.cs|OnMessageReceived|635|TS_TargetName = M 51
2026-04-22T22:38:53.9673|INFO|Symbol.cs|OnMessageReceived|636|Expires at 04/23/2026 00:58:51 -05:00
2026-04-22T22:38:53.9677|INFO|MeridianFlipTrigger.cs|ShouldTrigger|265|Meridian Flip - There is still time remaining - max remaining time 02:21:50.3065856, next instruction time 0, next instruction NINA.Plugin.TargetScheduler.Sequencer.PlanSchedulerProgress - and the telescope reports expected pier side pierWest. Automated Flip is not necessary.
2026-04-22T22:38:53.9678|INFO|SequenceItem.cs|Run|208|Starting NINA.Plugin.TargetScheduler.Sequencer.PlanSchedulerProgress
2026-04-22T22:38:53.9678|INFO|SequenceItem.cs|Run|254|Finishing NINA.Plugin.TargetScheduler.Sequencer.PlanSchedulerProgress
2026-04-22T22:38:53.9680|INFO|MeridianFlipTrigger.cs|ShouldTrigger|265|Meridian Flip - There is still time remaining - max remaining time 02:21:50.3065856, next instruction time 0, next instruction Category: Scheduler, Item: SwitchFilter, Filter: H - and the telescope reports expected pier side pierWest. Automated Flip is not necessary.
2026-04-22T22:38:53.9680|INFO|SequenceItem.cs|Run|208|Starting Category: Scheduler, Item: SwitchFilter, Filter: H
2026-04-22T22:38:53.9689|INFO|SequenceItem.cs|Run|254|Finishing Category: Scheduler, Item: SwitchFilter, Filter: H
2026-04-22T22:38:53.9692|INFO|MeridianFlipTrigger.cs|ShouldTrigger|265|Meridian Flip - There is still time remaining - max remaining time 02:21:50.3065856, next instruction time 0, next instruction NINA.Plugin.TargetScheduler.Sequencer.PlanSchedulerProgress - and the telescope reports expected pier side pierWest. Automated Flip is not necessary.
2026-04-22T22:38:53.9692|INFO|SequenceItem.cs|Run|208|Starting NINA.Plugin.TargetScheduler.Sequencer.PlanSchedulerProgress
2026-04-22T22:38:53.9693|INFO|SequenceItem.cs|Run|254|Finishing NINA.Plugin.TargetScheduler.Sequencer.PlanSchedulerProgress
2026-04-22T22:38:53.9694|INFO|MeridianFlipTrigger.cs|ShouldTrigger|265|Meridian Flip - There is still time remaining - max remaining time 02:21:50.3065856, next instruction time 0, next instruction Category: Scheduler, Item: SetReadoutMode, Mode: 0 - and the telescope reports expected pier side pierWest. Automated Flip is not necessary.
2026-04-22T22:38:53.9694|INFO|SequenceItem.cs|Run|208|Starting Category: Scheduler, Item: SetReadoutMode, Mode: 0
2026-04-22T22:38:53.9695|INFO|SequenceItem.cs|Run|254|Finishing Category: Scheduler, Item: SetReadoutMode, Mode: 0
2026-04-22T22:38:53.9696|INFO|MeridianFlipTrigger.cs|ShouldTrigger|265|Meridian Flip - There is still time remaining - max remaining time 02:21:50.3065856, next instruction time 0, next instruction NINA.Plugin.TargetScheduler.Sequencer.PlanSchedulerProgress - and the telescope reports expected pier side pierWest. Automated Flip is not necessary.
2026-04-22T22:38:53.9698|INFO|SequenceItem.cs|Run|208|Starting NINA.Plugin.TargetScheduler.Sequencer.PlanSchedulerProgress
2026-04-22T22:38:53.9709|INFO|SequenceItem.cs|Run|254|Finishing NINA.Plugin.TargetScheduler.Sequencer.PlanSchedulerProgress
2026-04-22T22:38:53.9714|INFO|MeridianFlipTrigger.cs|ShouldTrigger|265|Meridian Flip - There is still time remaining - max remaining time 02:21:50.3065856, next instruction time 600, next instruction Category: Scheduler, Item: TakeExposure, ExposureTime 600, Gain 100, Offset 50, ImageType LIGHT, Binning 1x1 - and the telescope reports expected pier side pierWest. Automated Flip is not necessary.
2026-04-22T22:38:53.9715|INFO|DIYTrigger.cs|ShouldTrigger|109|DIY Trigger Restore Guiding ShouldTrigger returning true
2026-04-22T22:38:53.9715|INFO|SequenceTrigger.cs|Run|114|Starting Category: Powerups (Misc), Item: DIYTrigger
2026-04-22T22:38:53.9734|INFO|DIYTrigger.cs|Execute|95|DIY Trigger executing...
2026-04-22T22:38:53.9735|INFO|SequenceItem.cs|Run|208|Starting Category: * Instruction Set *, Container: NINA.Sequencer.Container.SequentialContainer, Strategy: SequentialStrategy, Items[CREATED]: 1, Triggers: Trigger: RestoreGuiding
2026-04-22T22:38:53.9739|INFO|MeridianFlipTrigger.cs|ShouldTrigger|265|Meridian Flip - There is still time remaining - max remaining time 02:21:50.3065856, next instruction time 0, next instruction Category: Powerups (Expressions), Item: IfFailed - and the telescope reports expected pier side pierWest. Automated Flip is not necessary.
2026-04-22T22:38:53.9739|INFO|SequenceItem.cs|Run|208|Starting Category: Powerups (Expressions), Item: IfFailed
2026-04-22T22:38:53.9739|INFO|SequenceItem.cs|Run|208|Starting Category: Guider, Item: StartGuiding
2026-04-22T22:38:53.9797|INFO|PHD2Guider.cs|StartGuidingPrivate|504|Phd2 - App is already guiding. Skipping start guiding
2026-04-22T22:38:53.9800|INFO|SequenceItem.cs|Run|254|Finishing Category: Guider, Item: StartGuiding
2026-04-22T22:38:53.9800|INFO|SequenceItem.cs|Run|254|Finishing Category: Powerups (Expressions), Item: IfFailed
2026-04-22T22:38:53.9802|INFO|SequenceItem.cs|Run|254|Finishing Category: * Instruction Set *, Container: NINA.Sequencer.Container.SequentialContainer, Strategy: SequentialStrategy, Items[FINISHED]: 1, Triggers: Trigger: RestoreGuiding
2026-04-22T22:38:53.9831|INFO|SequenceItem.cs|Run|208|Starting Category: Scheduler, Item: TakeExposure, ExposureTime 600, Gain 100, Offset 50, ImageType LIGHT, Binning 1x1
2026-04-22T22:38:53.9918|INFO|CameraVM.cs|Capture|742|Starting Exposure - Exposure Time: 600s; Filter: ; Gain: 100; Offset 50; Binning: 1x1;
2026-04-22T22:38:54.1453|INFO|StarfrontClient.cs|SendImageFile|249|[Rockwood] sent 2026-04-22_22-28-47_M 51_LIGHT_H_-5.00C_G100-Exp-600.00s_MAXRMS-D0.82-R0.85_M-71.91_RMS-0.35_HFR-1.90_F-0005.fits (18KB) object=M 51 exptime=600s filter=H
2026-04-22T22:40:29.9484|INFO|TsProgressReader.cs|ReadProgressDelta|101|[Subframes] TS progress delta: 1 upsert(s), 0 removal(s).
2026-04-22T22:45:29.9529|INFO|TsProgressReader.cs|ReadProgressDelta|97|[Subframes] TS progress: mtime changed but no row differences found.
2026-04-22T22:48:55.8763|INFO|SequenceItem.cs|Run|254|Finishing Category: Scheduler, Item: TakeExposure, ExposureTime 600, Gain 100, Offset 50, ImageType LIGHT, Binning 1x1
2026-04-22T22:48:55.8767|INFO|MeridianFlipTrigger.cs|ShouldTrigger|265|Meridian Flip - There is still time remaining - max remaining time 02:11:47.4331887, next instruction time 0, next instruction NINA.Plugin.TargetScheduler.Sequencer.PlanSchedulerProgress - and the telescope reports expected pier side pierWest. Automated Flip is not necessary.
2026-04-22T22:48:55.8768|INFO|SequenceItem.cs|Run|208|Starting NINA.Plugin.TargetScheduler.Sequencer.PlanSchedulerProgress
2026-04-22T22:48:55.8768|INFO|SequenceItem.cs|Run|254|Finishing NINA.Plugin.TargetScheduler.Sequencer.PlanSchedulerProgress
2026-04-22T22:48:55.8794|INFO|ImageSolver.cs|Solve|41|Platesolving with parameters: FocalLength: 360 PixelSize: 3.76 SearchRadius: 30 BlindFailoverEnabled: True Regions: 5000 DownSampleFactor: 0 MaxObjects: 500 Reference Coordinates RA: 13:29:54 Dec: 47° 11' 42" Epoch: J2000
2026-04-22T22:48:56.2025|INFO|BaseImageData.cs|SaveToDisk|346|Saved image to C:\Users\nicka\AppData\Local\NINA\PlateSolver\ag451v0d.ner.fits
2026-04-22T22:48:57.6605|INFO|HocusFocusStarDetection.cs|Detect|413|Average HFR: 1.9201332086132066, HFR MAD: 0.1860583799966946, Detected Stars 355, Region: 0
2026-04-22T22:48:58.3448|INFO|ImageSolver.cs|Solve|54|Platesolve successful: Coordinates: RA: 13:29:55; Dec: 47° 11' 41"; Epoch: J2000 - Position Angle: 95.5338860974415
2026-04-22T22:48:58.3465|INFO|CenterAfterDriftTrigger.cs|PlatesolvingImageFollower_PropertyChanged|189|Drift: 0.42569716838101557 / 1 arc minutes
2026-04-22T22:48:58.6256|INFO|BaseImageData.cs|SaveToDisk|346|Saved image to C:\ASTROIMAGES\NINA\2026-04-22\M 51\LIGHT\H\2026-04-22_22-38-54_M 51_LIGHT_H_-5.00C_G100-Exp-600.00s_MAXRMS-D0.64-R2.04_M-71.88_RMS-0.44_HFR-1.92_F-0006.fits
2026-04-22T22:48:58.6257|INFO|ImageSaveController.cs|DoWork|97|Successfully saved file at C:\ASTROIMAGES\NINA\2026-04-22\M 51\LIGHT\H\2026-04-22_22-38-54_M 51_LIGHT_H_-5.00C_G100-Exp-600.00s_MAXRMS-D0.64-R2.04_M-71.88_RMS-0.44_HFR-1.92_F-0006.fits. Duration Total: 00:00:02.7494266; BeforeSave: 00:00:00.0001744; BeforeFinalizeImageSaved: 00:00:02.3237900; FinalizeSaveTime: 00:00:00.4254617
2026-04-22T22:48:59.2060|WARNING|SessionMetaDataWatcher.cs|WriteAcquisitionMetaData|73|acquisition file already exists, will not overwrite: C:\ASTROIMAGES\NINA\2026-04-22\M 51\LIGHT\H\metadata\AcquisitionDetails.csv
2026-04-22T22:48:59.2061|WARNING|SessionMetaDataWatcher.cs|WriteAcquisitionMetaData|93|acquisition file already exists, will not overwrite: C:\ASTROIMAGES\NINA\2026-04-22\M 51\LIGHT\H\metadata\AcquisitionDetails.json
2026-04-22T22:48:59.2064|INFO|SessionMetaDataWatcher.cs|WriteImageMetaData|105|Writing CSV image metadata: C:\ASTROIMAGES\NINA\2026-04-22\M 51\LIGHT\H\metadata\ImageMetaData.csv
2026-04-22T22:48:59.2552|INFO|SessionMetaDataWatcher.cs|WriteImageMetaData|122|Writing JSON image metadata: C:\ASTROIMAGES\NINA\2026-04-22\M 51\LIGHT\H\metadata\ImageMetaData.json
2026-04-22T22:48:59.2730|INFO|SessionMetaDataWatcher.cs|WriteWeatherMetaData|169|Writing CSV weather metadata: C:\ASTROIMAGES\NINA\2026-04-22\M 51\LIGHT\H\metadata\WeatherData.csv
2026-04-22T22:48:59.2892|INFO|SessionMetaDataWatcher.cs|WriteWeatherMetaData|186|Writing JSON weather metadata: C:\ASTROIMAGES\NINA\2026-04-22\M 51\LIGHT\H\metadata\WeatherData.json
2026-04-22T22:48:59.9501|INFO|MeridianFlipTrigger.cs|ShouldTrigger|265|Meridian Flip - There is still time remaining - max remaining time 02:11:43.3689597, next instruction time 0, next instruction Category: Powerups (Fun-ctions), Item: GSSend - and the telescope reports expected pier side pierWest. Automated Flip is not necessary.
2026-04-22T22:48:59.9503|INFO|SequenceItem.cs|Run|208|Starting Category: Powerups (Fun-ctions), Item: GSSend
2026-04-22T22:48:59.9506|INFO|SendWithGS.cs|ProcessedScript|64|Replacing Image_ExposureTime with 600
2026-04-22T22:48:59.9507|INFO|SendWithGS.cs|ProcessedScript|64|Replacing Image_HFR with 1.92
2026-04-22T22:48:59.9508|INFO|SendWithGS.cs|ProcessedScript|64|Replacing Image_FWHM with 6.38
2026-04-22T22:48:59.9509|INFO|SendWithGS.cs|ProcessedScript|64|Replacing Altitude with 60.00629495279929
2026-04-22T22:48:59.9510|INFO|SendWithGS.cs|Execute|95|Sending to Ground Station: Exp: $$FWHEEL_FILTER_NAME$$ on $$TARGET_NAME$$ EXP: 600 HFR: 1.92 FWHM: 6.38  Altitude: 60.00629495279929 
2026-04-22T22:48:59.9521|INFO|SequenceItem.cs|Run|208|Starting Category: Ground Station, Item: Send to Telegram
2026-04-22T22:49:00.6538|INFO|SequenceItem.cs|Run|254|Finishing Category: Ground Station, Item: Send to Telegram
2026-04-22T22:49:00.6551|INFO|SequenceItem.cs|Run|254|Finishing Category: Powerups (Fun-ctions), Item: GSSend
2026-04-22T22:49:00.6555|INFO|MeridianFlipTrigger.cs|ShouldTrigger|265|Meridian Flip - There is still time remaining - max remaining time 02:11:43.3689597, next instruction time 0, next instruction Category: Powerups (Fun-ctions), Item: GSSend - and the telescope reports expected pier side pierWest. Automated Flip is not necessary.
2026-04-22T22:49:00.6555|INFO|SequenceItem.cs|Run|208|Starting Category: Powerups (Fun-ctions), Item: GSSend
2026-04-22T22:49:00.6558|INFO|SendWithGS.cs|ProcessedScript|64|Replacing Image_ExposureTime with 600
2026-04-22T22:49:00.6560|INFO|SendWithGS.cs|ProcessedScript|64|Replacing Image_HFR with 1.92
2026-04-22T22:49:00.6561|INFO|SendWithGS.cs|ProcessedScript|64|Replacing Image_FWHM with 6.38
2026-04-22T22:49:00.6562|INFO|SendWithGS.cs|ProcessedScript|64|Replacing Altitude with 60.00629495279929
2026-04-22T22:49:00.6562|INFO|SendWithGS.cs|Execute|95|Sending to Ground Station: Exp: $$FWHEEL_FILTER_NAME$$ on $$TARGET_NAME$$ EXP: 600 HFR: 1.92 FWHM: 6.38  Altitude: 60.00629495279929 
2026-04-22T22:49:00.6574|INFO|SequenceItem.cs|Run|208|Starting Category: Ground Station, Item: Send to Pushover, Title: IMAGE: $$TARGET_NAME$$
2026-04-22T22:49:00.8348|INFO|SequenceItem.cs|Run|254|Finishing Category: Ground Station, Item: Send to Pushover, Title: IMAGE: $$TARGET_NAME$$
2026-04-22T22:49:00.8361|INFO|SequenceItem.cs|Run|254|Finishing Category: Powerups (Fun-ctions), Item: GSSend
2026-04-22T22:49:01.0202|INFO|Symbol.cs|OnMessageReceived|627|Received message from Target Scheduler re: TargetScheduler-TargetStart
2026-04-22T22:49:01.0203|INFO|Symbol.cs|OnMessageReceived|635|TS_TargetName = M 51
2026-04-22T22:49:01.0203|INFO|Symbol.cs|OnMessageReceived|636|Expires at 04/23/2026 00:58:51 -05:00
2026-04-22T22:49:01.0207|INFO|MeridianFlipTrigger.cs|ShouldTrigger|265|Meridian Flip - There is still time remaining - max remaining time 02:11:43.3689597, next instruction time 0, next instruction NINA.Plugin.TargetScheduler.Sequencer.PlanSchedulerProgress - and the telescope reports expected pier side pierWest. Automated Flip is not necessary.
2026-04-22T22:49:01.0208|INFO|SequenceItem.cs|Run|208|Starting NINA.Plugin.TargetScheduler.Sequencer.PlanSchedulerProgress
2026-04-22T22:49:01.0209|INFO|SequenceItem.cs|Run|254|Finishing NINA.Plugin.TargetScheduler.Sequencer.PlanSchedulerProgress
2026-04-22T22:49:01.0211|INFO|MeridianFlipTrigger.cs|ShouldTrigger|265|Meridian Flip - There is still time remaining - max remaining time 02:11:43.3689597, next instruction time 0, next instruction Category: Scheduler, Item: SwitchFilter, Filter: H - and the telescope reports expected pier side pierWest. Automated Flip is not necessary.
2026-04-22T22:49:01.0211|INFO|SequenceItem.cs|Run|208|Starting Category: Scheduler, Item: SwitchFilter, Filter: H
2026-04-22T22:49:01.0223|INFO|SequenceItem.cs|Run|254|Finishing Category: Scheduler, Item: SwitchFilter, Filter: H
2026-04-22T22:49:01.0226|INFO|MeridianFlipTrigger.cs|ShouldTrigger|265|Meridian Flip - There is still time remaining - max remaining time 02:11:43.3689597, next instruction time 0, next instruction NINA.Plugin.TargetScheduler.Sequencer.PlanSchedulerProgress - and the telescope reports expected pier side pierWest. Automated Flip is not necessary.
2026-04-22T22:49:01.0227|INFO|SequenceItem.cs|Run|208|Starting NINA.Plugin.TargetScheduler.Sequencer.PlanSchedulerProgress
2026-04-22T22:49:01.0227|INFO|SequenceItem.cs|Run|254|Finishing NINA.Plugin.TargetScheduler.Sequencer.PlanSchedulerProgress
2026-04-22T22:49:01.0228|INFO|MeridianFlipTrigger.cs|ShouldTrigger|265|Meridian Flip - There is still time remaining - max remaining time 02:11:43.3689597, next instruction time 0, next instruction Category: Scheduler, Item: SetReadoutMode, Mode: 0 - and the telescope reports expected pier side pierWest. Automated Flip is not necessary.
2026-04-22T22:49:01.0229|INFO|SequenceItem.cs|Run|208|Starting Category: Scheduler, Item: SetReadoutMode, Mode: 0
2026-04-22T22:49:01.0230|INFO|SequenceItem.cs|Run|254|Finishing Category: Scheduler, Item: SetReadoutMode, Mode: 0
2026-04-22T22:49:01.0232|INFO|MeridianFlipTrigger.cs|ShouldTrigger|265|Meridian Flip - There is still time remaining - max remaining time 02:11:43.3689597, next instruction time 0, next instruction NINA.Plugin.TargetScheduler.Sequencer.PlanSchedulerProgress - and the telescope reports expected pier side pierWest. Automated Flip is not necessary.
2026-04-22T22:49:01.0232|INFO|SequenceItem.cs|Run|208|Starting NINA.Plugin.TargetScheduler.Sequencer.PlanSchedulerProgress
2026-04-22T22:49:01.0242|INFO|SequenceItem.cs|Run|254|Finishing NINA.Plugin.TargetScheduler.Sequencer.PlanSchedulerProgress
2026-04-22T22:49:01.0479|INFO|MeridianFlipTrigger.cs|ShouldTrigger|265|Meridian Flip - There is still time remaining - max remaining time 02:11:43.3689597, next instruction time 600, next instruction Category: Scheduler, Item: TakeExposure, ExposureTime 600, Gain 100, Offset 50, ImageType LIGHT, Binning 1x1 - and the telescope reports expected pier side pierWest. Automated Flip is not necessary.
2026-04-22T22:49:01.0480|INFO|DIYTrigger.cs|ShouldTrigger|109|DIY Trigger Restore Guiding ShouldTrigger returning true
2026-04-22T22:49:01.0702|INFO|SequenceTrigger.cs|Run|114|Starting Category: Powerups (Misc), Item: DIYTrigger
2026-04-22T22:49:01.0936|INFO|DIYTrigger.cs|Execute|95|DIY Trigger executing...
2026-04-22T22:49:01.0938|INFO|SequenceItem.cs|Run|208|Starting Category: * Instruction Set *, Container: NINA.Sequencer.Container.SequentialContainer, Strategy: SequentialStrategy, Items[CREATED]: 1, Triggers: Trigger: RestoreGuiding
2026-04-22T22:49:01.0942|INFO|MeridianFlipTrigger.cs|ShouldTrigger|265|Meridian Flip - There is still time remaining - max remaining time 02:11:43.3689597, next instruction time 0, next instruction Category: Powerups (Expressions), Item: IfFailed - and the telescope reports expected pier side pierWest. Automated Flip is not necessary.
2026-04-22T22:49:01.0942|INFO|SequenceItem.cs|Run|208|Starting Category: Powerups (Expressions), Item: IfFailed
2026-04-22T22:49:01.0942|INFO|SequenceItem.cs|Run|208|Starting Category: Guider, Item: StartGuiding
2026-04-22T22:49:01.0973|INFO|PHD2Guider.cs|StartGuidingPrivate|504|Phd2 - App is already guiding. Skipping start guiding
2026-04-22T22:49:01.0975|INFO|SequenceItem.cs|Run|254|Finishing Category: Guider, Item: StartGuiding
2026-04-22T22:49:01.0976|INFO|SequenceItem.cs|Run|254|Finishing Category: Powerups (Expressions), Item: IfFailed
2026-04-22T22:49:01.0977|INFO|SequenceItem.cs|Run|254|Finishing Category: * Instruction Set *, Container: NINA.Sequencer.Container.SequentialContainer, Strategy: SequentialStrategy, Items[FINISHED]: 1, Triggers: Trigger: RestoreGuiding
2026-04-22T22:49:01.1001|INFO|SequenceItem.cs|Run|208|Starting Category: Scheduler, Item: TakeExposure, ExposureTime 600, Gain 100, Offset 50, ImageType LIGHT, Binning 1x1
2026-04-22T22:49:01.1052|INFO|CameraVM.cs|Capture|742|Starting Exposure - Exposure Time: 600s; Filter: ; Gain: 100; Offset 50; Binning: 1x1;
2026-04-22T22:49:01.1621|INFO|StarfrontClient.cs|SendImageFile|249|[Rockwood] sent 2026-04-22_22-38-54_M 51_LIGHT_H_-5.00C_G100-Exp-600.00s_MAXRMS-D0.64-R2.04_M-71.88_RMS-0.44_HFR-1.92_F-0006.fits (18KB) object=M 51 exptime=600s filter=H
2026-04-22T22:50:29.9412|INFO|TsProgressReader.cs|ReadProgressDelta|101|[Subframes] TS progress delta: 1 upsert(s), 0 removal(s).
2026-04-22T22:55:29.9507|INFO|TsProgressReader.cs|ReadProgressDelta|97|[Subframes] TS progress: mtime changed but no row differences found.
2026-04-22T22:59:03.0134|INFO|SequenceItem.cs|Run|254|Finishing Category: Scheduler, Item: TakeExposure, ExposureTime 600, Gain 100, Offset 50, ImageType LIGHT, Binning 1x1
2026-04-22T22:59:03.0139|INFO|MeridianFlipTrigger.cs|ShouldTrigger|265|Meridian Flip - There is still time remaining - max remaining time 02:01:40.3460327, next instruction time 0, next instruction NINA.Plugin.TargetScheduler.Sequencer.PlanSchedulerProgress - and the telescope reports expected pier side pierWest. Automated Flip is not necessary.
2026-04-22T22:59:03.0140|INFO|SequenceItem.cs|Run|208|Starting NINA.Plugin.TargetScheduler.Sequencer.PlanSchedulerProgress
2026-04-22T22:59:03.0141|INFO|SequenceItem.cs|Run|254|Finishing NINA.Plugin.TargetScheduler.Sequencer.PlanSchedulerProgress
2026-04-22T22:59:04.4694|INFO|HocusFocusStarDetection.cs|Detect|413|Average HFR: 1.9378397728475618, HFR MAD: 0.19249163522712132, Detected Stars 339, Region: 0
2026-04-22T22:59:05.2933|INFO|BaseImageData.cs|SaveToDisk|346|Saved image to C:\ASTROIMAGES\NINA\2026-04-22\M 51\LIGHT\H\2026-04-22_22-49-01_M 51_LIGHT_H_-5.00C_G100-Exp-600.00s_MAXRMS-D0.51-R0.93_M-71.85_RMS-0.32_HFR-1.94_F-0007.fits
2026-04-22T22:59:05.2934|INFO|ImageSaveController.cs|DoWork|97|Successfully saved file at C:\ASTROIMAGES\NINA\2026-04-22\M 51\LIGHT\H\2026-04-22_22-49-01_M 51_LIGHT_H_-5.00C_G100-Exp-600.00s_MAXRMS-D0.51-R0.93_M-71.85_RMS-0.32_HFR-1.94_F-0007.fits. Duration Total: 00:00:02.2789192; BeforeSave: 00:00:00.0234695; BeforeFinalizeImageSaved: 00:00:01.9060601; FinalizeSaveTime: 00:00:00.3493887
2026-04-22T22:59:05.9772|WARNING|SessionMetaDataWatcher.cs|WriteAcquisitionMetaData|73|acquisition file already exists, will not overwrite: C:\ASTROIMAGES\NINA\2026-04-22\M 51\LIGHT\H\metadata\AcquisitionDetails.csv
2026-04-22T22:59:05.9774|WARNING|SessionMetaDataWatcher.cs|WriteAcquisitionMetaData|93|acquisition file already exists, will not overwrite: C:\ASTROIMAGES\NINA\2026-04-22\M 51\LIGHT\H\metadata\AcquisitionDetails.json
2026-04-22T22:59:05.9776|INFO|SessionMetaDataWatcher.cs|WriteImageMetaData|105|Writing CSV image metadata: C:\ASTROIMAGES\NINA\2026-04-22\M 51\LIGHT\H\metadata\ImageMetaData.csv
2026-04-22T22:59:06.0137|INFO|SessionMetaDataWatcher.cs|WriteImageMetaData|122|Writing JSON image metadata: C:\ASTROIMAGES\NINA\2026-04-22\M 51\LIGHT\H\metadata\ImageMetaData.json
2026-04-22T22:59:06.0158|INFO|SessionMetaDataWatcher.cs|WriteWeatherMetaData|169|Writing CSV weather metadata: C:\ASTROIMAGES\NINA\2026-04-22\M 51\LIGHT\H\metadata\WeatherData.csv
2026-04-22T22:59:06.0276|INFO|SessionMetaDataWatcher.cs|WriteWeatherMetaData|186|Writing JSON weather metadata: C:\ASTROIMAGES\NINA\2026-04-22\M 51\LIGHT\H\metadata\WeatherData.json
2026-04-22T22:59:06.6158|INFO|MeridianFlipTrigger.cs|ShouldTrigger|265|Meridian Flip - There is still time remaining - max remaining time 02:01:36.3915447, next instruction time 0, next instruction Category: Powerups (Fun-ctions), Item: GSSend - and the telescope reports expected pier side pierWest. Automated Flip is not necessary.
2026-04-22T22:59:06.6160|INFO|SequenceItem.cs|Run|208|Starting Category: Powerups (Fun-ctions), Item: GSSend
2026-04-22T22:59:06.6163|INFO|SendWithGS.cs|ProcessedScript|64|Replacing Image_ExposureTime with 600
2026-04-22T22:59:06.6164|INFO|SendWithGS.cs|ProcessedScript|64|Replacing Image_HFR with 1.938
2026-04-22T22:59:06.6165|INFO|SendWithGS.cs|ProcessedScript|64|Replacing Image_FWHM with 6.56
2026-04-22T22:59:06.6167|INFO|SendWithGS.cs|ProcessedScript|64|Replacing Altitude with 61.61955160254451
2026-04-22T22:59:06.6167|INFO|SendWithGS.cs|Execute|95|Sending to Ground Station: Exp: $$FWHEEL_FILTER_NAME$$ on $$TARGET_NAME$$ EXP: 600 HFR: 1.938 FWHM: 6.56  Altitude: 61.61955160254451 
2026-04-22T22:59:06.6182|INFO|SequenceItem.cs|Run|208|Starting Category: Ground Station, Item: Send to Telegram
2026-04-22T22:59:07.2827|INFO|SequenceItem.cs|Run|254|Finishing Category: Ground Station, Item: Send to Telegram
2026-04-22T22:59:07.2840|INFO|SequenceItem.cs|Run|254|Finishing Category: Powerups (Fun-ctions), Item: GSSend
2026-04-22T22:59:07.2844|INFO|MeridianFlipTrigger.cs|ShouldTrigger|265|Meridian Flip - There is still time remaining - max remaining time 02:01:36.3915447, next instruction time 0, next instruction Category: Powerups (Fun-ctions), Item: GSSend - and the telescope reports expected pier side pierWest. Automated Flip is not necessary.
2026-04-22T22:59:07.2845|INFO|SequenceItem.cs|Run|208|Starting Category: Powerups (Fun-ctions), Item: GSSend
2026-04-22T22:59:07.2849|INFO|SendWithGS.cs|ProcessedScript|64|Replacing Image_ExposureTime with 600
2026-04-22T22:59:07.2851|INFO|SendWithGS.cs|ProcessedScript|64|Replacing Image_HFR with 1.938
2026-04-22T22:59:07.2852|INFO|SendWithGS.cs|ProcessedScript|64|Replacing Image_FWHM with 6.56
2026-04-22T22:59:07.2853|INFO|SendWithGS.cs|ProcessedScript|64|Replacing Altitude with 61.61955160254451
2026-04-22T22:59:07.2854|INFO|SendWithGS.cs|Execute|95|Sending to Ground Station: Exp: $$FWHEEL_FILTER_NAME$$ on $$TARGET_NAME$$ EXP: 600 HFR: 1.938 FWHM: 6.56  Altitude: 61.61955160254451 
2026-04-22T22:59:07.2866|INFO|SequenceItem.cs|Run|208|Starting Category: Ground Station, Item: Send to Pushover, Title: IMAGE: $$TARGET_NAME$$
2026-04-22T22:59:07.4470|INFO|SequenceItem.cs|Run|254|Finishing Category: Ground Station, Item: Send to Pushover, Title: IMAGE: $$TARGET_NAME$$
2026-04-22T22:59:07.4481|INFO|SequenceItem.cs|Run|254|Finishing Category: Powerups (Fun-ctions), Item: GSSend
2026-04-22T22:59:07.6515|INFO|Symbol.cs|OnMessageReceived|627|Received message from Target Scheduler re: TargetScheduler-TargetStart
2026-04-22T22:59:07.6515|INFO|Symbol.cs|OnMessageReceived|635|TS_TargetName = M 51
2026-04-22T22:59:07.6515|INFO|Symbol.cs|OnMessageReceived|636|Expires at 04/23/2026 00:58:51 -05:00
2026-04-22T22:59:07.6519|INFO|MeridianFlipTrigger.cs|ShouldTrigger|265|Meridian Flip - There is still time remaining - max remaining time 02:01:34.3941953, next instruction time 0, next instruction NINA.Plugin.TargetScheduler.Sequencer.PlanSchedulerProgress - and the telescope reports expected pier side pierWest. Automated Flip is not necessary.
2026-04-22T22:59:07.6520|INFO|SequenceItem.cs|Run|208|Starting NINA.Plugin.TargetScheduler.Sequencer.PlanSchedulerProgress
2026-04-22T22:59:07.6521|INFO|SequenceItem.cs|Run|254|Finishing NINA.Plugin.TargetScheduler.Sequencer.PlanSchedulerProgress
2026-04-22T22:59:07.6522|INFO|MeridianFlipTrigger.cs|ShouldTrigger|265|Meridian Flip - There is still time remaining - max remaining time 02:01:34.3941953, next instruction time 0, next instruction Category: Scheduler, Item: SwitchFilter, Filter: H - and the telescope reports expected pier side pierWest. Automated Flip is not necessary.
2026-04-22T22:59:07.6522|INFO|SequenceItem.cs|Run|208|Starting Category: Scheduler, Item: SwitchFilter, Filter: H
2026-04-22T22:59:07.6531|INFO|SequenceItem.cs|Run|254|Finishing Category: Scheduler, Item: SwitchFilter, Filter: H
2026-04-22T22:59:07.6533|INFO|MeridianFlipTrigger.cs|ShouldTrigger|265|Meridian Flip - There is still time remaining - max remaining time 02:01:34.3941953, next instruction time 0, next instruction NINA.Plugin.TargetScheduler.Sequencer.PlanSchedulerProgress - and the telescope reports expected pier side pierWest. Automated Flip is not necessary.
2026-04-22T22:59:07.6533|INFO|SequenceItem.cs|Run|208|Starting NINA.Plugin.TargetScheduler.Sequencer.PlanSchedulerProgress
2026-04-22T22:59:07.6533|INFO|SequenceItem.cs|Run|254|Finishing NINA.Plugin.TargetScheduler.Sequencer.PlanSchedulerProgress
2026-04-22T22:59:07.6534|INFO|MeridianFlipTrigger.cs|ShouldTrigger|265|Meridian Flip - There is still time remaining - max remaining time 02:01:34.3941953, next instruction time 0, next instruction Category: Scheduler, Item: SetReadoutMode, Mode: 0 - and the telescope reports expected pier side pierWest. Automated Flip is not necessary.
2026-04-22T22:59:07.6535|INFO|SequenceItem.cs|Run|208|Starting Category: Scheduler, Item: SetReadoutMode, Mode: 0
2026-04-22T22:59:07.6536|INFO|SequenceItem.cs|Run|254|Finishing Category: Scheduler, Item: SetReadoutMode, Mode: 0
2026-04-22T22:59:07.6537|INFO|MeridianFlipTrigger.cs|ShouldTrigger|265|Meridian Flip - There is still time remaining - max remaining time 02:01:34.3941953, next instruction time 0, next instruction NINA.Plugin.TargetScheduler.Sequencer.PlanSchedulerProgress - and the telescope reports expected pier side pierWest. Automated Flip is not necessary.
2026-04-22T22:59:07.6537|INFO|SequenceItem.cs|Run|208|Starting NINA.Plugin.TargetScheduler.Sequencer.PlanSchedulerProgress
2026-04-22T22:59:07.7025|INFO|SequenceItem.cs|Run|254|Finishing NINA.Plugin.TargetScheduler.Sequencer.PlanSchedulerProgress
2026-04-22T22:59:07.7248|INFO|MeridianFlipTrigger.cs|ShouldTrigger|265|Meridian Flip - There is still time remaining - max remaining time 02:01:34.3941953, next instruction time 600, next instruction Category: Scheduler, Item: TakeExposure, ExposureTime 600, Gain 100, Offset 50, ImageType LIGHT, Binning 1x1 - and the telescope reports expected pier side pierWest. Automated Flip is not necessary.
2026-04-22T22:59:07.7249|INFO|DIYTrigger.cs|ShouldTrigger|109|DIY Trigger Restore Guiding ShouldTrigger returning true
2026-04-22T22:59:07.7461|INFO|SequenceTrigger.cs|Run|114|Starting Category: Powerups (Misc), Item: DIYTrigger
2026-04-22T22:59:07.7481|INFO|DIYTrigger.cs|Execute|95|DIY Trigger executing...
2026-04-22T22:59:07.7483|INFO|SequenceItem.cs|Run|208|Starting Category: * Instruction Set *, Container: NINA.Sequencer.Container.SequentialContainer, Strategy: SequentialStrategy, Items[CREATED]: 1, Triggers: Trigger: RestoreGuiding
2026-04-22T22:59:07.7486|INFO|MeridianFlipTrigger.cs|ShouldTrigger|265|Meridian Flip - There is still time remaining - max remaining time 02:01:34.3941953, next instruction time 0, next instruction Category: Powerups (Expressions), Item: IfFailed - and the telescope reports expected pier side pierWest. Automated Flip is not necessary.
2026-04-22T22:59:07.7486|INFO|SequenceItem.cs|Run|208|Starting Category: Powerups (Expressions), Item: IfFailed
2026-04-22T22:59:07.7487|INFO|SequenceItem.cs|Run|208|Starting Category: Guider, Item: StartGuiding
2026-04-22T22:59:07.7515|INFO|PHD2Guider.cs|StartGuidingPrivate|504|Phd2 - App is already guiding. Skipping start guiding
2026-04-22T22:59:07.7518|INFO|SequenceItem.cs|Run|254|Finishing Category: Guider, Item: StartGuiding
2026-04-22T22:59:07.7518|INFO|SequenceItem.cs|Run|254|Finishing Category: Powerups (Expressions), Item: IfFailed
2026-04-22T22:59:07.7520|INFO|SequenceItem.cs|Run|254|Finishing Category: * Instruction Set *, Container: NINA.Sequencer.Container.SequentialContainer, Strategy: SequentialStrategy, Items[FINISHED]: 1, Triggers: Trigger: RestoreGuiding
2026-04-22T22:59:07.7570|INFO|SequenceTrigger.cs|Run|114|Starting Trigger: AutofocusAfterTemperatureChangeTrigger, Amount: 1.5°
2026-04-22T22:59:07.7580|INFO|SequenceItem.cs|Run|208|Starting Category: * Instruction Set *, Container: NINA.Sequencer.Container.SequentialContainer, Strategy: SequentialStrategy, Items[CREATED]: 1
2026-04-22T22:59:07.7583|INFO|SequenceItem.cs|Run|208|Starting Category: Focuser, Item: RunAutofocus
2026-04-22T22:59:07.9330|INFO|StarfrontClient.cs|SendImageFile|249|[Rockwood] sent 2026-04-22_22-49-01_M 51_LIGHT_H_-5.00C_G100-Exp-600.00s_MAXRMS-D0.51-R0.93_M-71.85_RMS-0.32_HFR-1.94_F-0007.fits (17KB) object=M 51 exptime=600s filter=H
2026-04-22T22:59:07.9953|INFO|FocuserMediator.cs|BroadcastAutoFocusRunStarting|92|Autofocus starting notification received
2026-04-22T22:59:08.4420|INFO|PHD2Client.cs|ProcessEvent|268|PHD2: ConfigurationChange
2026-04-22T22:59:08.4924|WARNING|PHD2Client.cs|ProcessEvent|252|PHD2: LockPositionLost
2026-04-22T22:59:08.6181|INFO|PHD2Client.cs|QueryExposureTime|1216|PHD2Client: Exposure time from PHD2 API: 2.000 seconds (2000 ms)
2026-04-22T22:59:09.0217|INFO|FilterWheelVM.cs|ChangeFilter|112|Moving to Filter L at Position 0
2026-04-22T22:59:09.0669|INFO|FocuserVM.cs|MoveFocuserInternal|216|Moving Focuser to position 387320
2026-04-22T22:59:17.0870|INFO|AutoFocusEngine.cs|RunAutoFocus|929|Starting AutoFocus with initial position 387320
2026-04-22T22:59:17.0940|INFO|CameraVM.cs|Capture|742|Starting Exposure - Exposure Time: 3s; Filter: L; Gain: 270; Offset 50; Binning: 1x1;
2026-04-22T22:59:21.8085|INFO|AutoFocusEngine.cs|StartBlindFocusPoints|769|Waiting on initial HFR analysis
2026-04-22T22:59:21.8109|INFO|FocuserVM.cs|MoveFocuserInternal|216|Moving Focuser to position 387456
2026-04-22T22:59:23.4953|INFO|HocusFocusStarDetection.cs|Detect|413|Average HFR: 1.7895278855213221, HFR MAD: 0.1470147967744726, Detected Stars 212, Region: 0
2026-04-22T22:59:27.1012|INFO|CameraVM.cs|Capture|742|Starting Exposure - Exposure Time: 3s; Filter: L; Gain: 270; Offset 50; Binning: 1x1;
2026-04-22T22:59:31.8655|INFO|FocuserVM.cs|MoveFocuserInternal|216|Moving Focuser to position 387422
2026-04-22T22:59:33.4500|INFO|HocusFocusStarDetection.cs|Detect|413|Average HFR: 5.234716690357289, HFR MAD: 1.5261589751739892, Detected Stars 79, Region: 0
2026-04-22T22:59:41.0802|INFO|CameraVM.cs|Capture|742|Starting Exposure - Exposure Time: 3s; Filter: L; Gain: 270; Offset 50; Binning: 1x1;
2026-04-22T22:59:45.8582|INFO|FocuserVM.cs|MoveFocuserInternal|216|Moving Focuser to position 387388
2026-04-22T22:59:47.4424|INFO|HocusFocusStarDetection.cs|Detect|413|Average HFR: 3.953429920727591, HFR MAD: 1.163519828119358, Detected Stars 126, Region: 0
2026-04-22T22:59:55.1060|INFO|CameraVM.cs|Capture|742|Starting Exposure - Exposure Time: 3s; Filter: L; Gain: 270; Offset 50; Binning: 1x1;
2026-04-22T22:59:59.7016|INFO|FocuserVM.cs|MoveFocuserInternal|216|Moving Focuser to position 387354
2026-04-22T23:00:01.3301|INFO|HocusFocusStarDetection.cs|Detect|413|Average HFR: 3.271655272025054, HFR MAD: 0.7467435663180244, Detected Stars 172, Region: 0
2026-04-22T23:00:07.1393|INFO|CameraVM.cs|Capture|742|Starting Exposure - Exposure Time: 3s; Filter: L; Gain: 270; Offset 50; Binning: 1x1;
2026-04-22T23:00:11.7563|INFO|AutoFocusEngine.cs|StartBlindFocusPoints|797|Waiting on initial focuser move analyses
2026-04-22T23:00:13.3314|INFO|HocusFocusStarDetection.cs|Detect|413|Average HFR: 2.383107827130525, HFR MAD: 0.38477583777005986, Detected Stars 222, Region: 0
2026-04-22T23:00:13.3998|INFO|FocuserVM.cs|MoveFocuserInternal|216|Moving Focuser to position 387320
2026-04-22T23:00:23.1347|INFO|CameraVM.cs|Capture|742|Starting Exposure - Exposure Time: 3s; Filter: L; Gain: 270; Offset 50; Binning: 1x1;
2026-04-22T23:00:27.8321|INFO|AutoFocusEngine.cs|StartBlindFocusPoints|870|Waiting on next left movement analysis
2026-04-22T23:00:29.4170|INFO|HocusFocusStarDetection.cs|Detect|413|Average HFR: 1.8103418965595988, HFR MAD: 0.15655225414903673, Detected Stars 207, Region: 0
2026-04-22T23:00:29.4939|INFO|FocuserVM.cs|MoveFocuserInternal|216|Moving Focuser to position 387286
2026-04-22T23:00:29.9507|INFO|TsProgressReader.cs|ReadProgressDelta|101|[Subframes] TS progress delta: 1 upsert(s), 0 removal(s).
2026-04-22T23:00:39.0893|INFO|CameraVM.cs|Capture|742|Starting Exposure - Exposure Time: 3s; Filter: L; Gain: 270; Offset 50; Binning: 1x1;
2026-04-22T23:00:43.8098|INFO|AutoFocusEngine.cs|StartBlindFocusPoints|870|Waiting on next left movement analysis
2026-04-22T23:00:45.4539|INFO|HocusFocusStarDetection.cs|Detect|413|Average HFR: 1.8124889556568768, HFR MAD: 0.09198814155275681, Detected Stars 255, Region: 0
2026-04-22T23:00:45.5179|INFO|FocuserVM.cs|MoveFocuserInternal|216|Moving Focuser to position 387252
2026-04-22T23:00:55.1169|INFO|CameraVM.cs|Capture|742|Starting Exposure - Exposure Time: 3s; Filter: L; Gain: 270; Offset 50; Binning: 1x1;
2026-04-22T23:00:59.8360|INFO|AutoFocusEngine.cs|StartBlindFocusPoints|870|Waiting on next left movement analysis
2026-04-22T23:01:01.4858|INFO|HocusFocusStarDetection.cs|Detect|413|Average HFR: 2.468807931749927, HFR MAD: 0.18993878174854917, Detected Stars 282, Region: 0
2026-04-22T23:01:01.5249|INFO|FocuserVM.cs|MoveFocuserInternal|216|Moving Focuser to position 387218
2026-04-22T23:01:11.1183|INFO|CameraVM.cs|Capture|742|Starting Exposure - Exposure Time: 3s; Filter: L; Gain: 270; Offset 50; Binning: 1x1;
2026-04-22T23:01:15.7595|INFO|AutoFocusEngine.cs|StartBlindFocusPoints|870|Waiting on next left movement analysis
2026-04-22T23:01:17.3794|INFO|HocusFocusStarDetection.cs|Detect|413|Average HFR: 3.745204081265997, HFR MAD: 0.22238091461378007, Detected Stars 211, Region: 0
2026-04-22T23:01:17.4145|INFO|FocuserVM.cs|MoveFocuserInternal|216|Moving Focuser to position 387184
2026-04-22T23:01:27.1080|INFO|CameraVM.cs|Capture|742|Starting Exposure - Exposure Time: 3s; Filter: L; Gain: 270; Offset 50; Binning: 1x1;
2026-04-22T23:01:31.7305|INFO|AutoFocusEngine.cs|StartBlindFocusPoints|870|Waiting on next left movement analysis
2026-04-22T23:01:33.3515|INFO|HocusFocusStarDetection.cs|Detect|413|Average HFR: 5.643835584313299, HFR MAD: 0.25145670136232745, Detected Stars 113, Region: 0
2026-04-22T23:01:33.4830|INFO|AutoFocusEngine.cs|StartBlindFocusPoints|841|Enough right trend points (4) with an established minimum (387286) to queue remaining left focus points down to 387150
2026-04-22T23:01:33.4846|INFO|FocuserVM.cs|MoveFocuserInternal|216|Moving Focuser to position 387150
2026-04-22T23:01:43.1011|INFO|CameraVM.cs|Capture|742|Starting Exposure - Exposure Time: 3s; Filter: L; Gain: 270; Offset 50; Binning: 1x1;
2026-04-22T23:01:47.8188|INFO|AutoFocusEngine.cs|StartBlindFocusPoints|896|Waiting on remaining AutoFocus analysis tasks
2026-04-22T23:01:49.4193|INFO|HocusFocusStarDetection.cs|Detect|413|Average HFR: 7.323790666459461, HFR MAD: 0.21956166947301448, Detected Stars 66, Region: 0
2026-04-22T23:01:49.4944|INFO|FocuserVM.cs|MoveFocuserInternal|216|Moving Focuser to position 387305
2026-04-22T23:01:55.0918|INFO|AutoFocusEngine.cs|ValidateCalculatedFocusPosition|1141|Validating HFR at final focus position 387305
2026-04-22T23:01:55.1000|INFO|CameraVM.cs|Capture|742|Starting Exposure - Exposure Time: 3s; Filter: L; Gain: 270; Offset 50; Binning: 1x1;
2026-04-22T23:02:01.4691|INFO|HocusFocusStarDetection.cs|Detect|413|Average HFR: 1.7317081287979974, HFR MAD: 0.10002373404813936, Detected Stars 202, Region: 0
2026-04-22T23:02:01.4697|INFO|HocusFocusVM.cs|AutoFocusEngine_Completed|473|AutoFocus completed with focuser starting at 387320 and ending at 387305
2026-04-22T23:02:01.4714|INFO|FocuserMediator.cs|BroadcastSuccessfulAutoFocusRun|46|Autofocus notification received - Temperature 25.079999923706055
2026-04-22T23:02:01.4729|INFO|FilterWheelVM.cs|ChangeFilter|112|Moving to Filter H at Position 5
2026-04-22T23:02:01.6794|INFO|FocuserVM.cs|MoveFocuserInternal|216|Moving Focuser to position 387327
2026-04-22T23:02:05.1142|INFO|PHD2Guider.cs|TryStartGuideCommand|641|Phd2 - Requesting to start guiding. Recalibrate: False
2026-04-22T23:02:12.4302|INFO|PHD2Client.cs|ProcessEvent|261|PHD2: StartGuiding
2026-04-22T23:02:12.4303|INFO|PHD2Client.cs|StartNewGuidingSession|393|PHD2Client: New guiding session started
2026-04-22T23:02:12.4620|INFO|PHD2Client.cs|QueryExposureTime|1216|PHD2Client: Exposure time from PHD2 API: 2.000 seconds (2000 ms)
2026-04-22T23:02:34.7473|INFO|PHD2Client.cs|HandleSettleDone|343|PHD2Client: SettleDone - Status=0, Success=True, TotalFrames=10, DroppedFrames=0
2026-04-22T23:02:34.7474|WARNING|DitherStatisticsVM.cs|OnPHD2SettleDone|772|⚠️ SettleDone received but no currentDither exists (race condition?)
2026-04-22T23:02:35.3081|INFO|SequenceItem.cs|Run|254|Finishing Category: Focuser, Item: RunAutofocus
2026-04-22T23:02:35.3083|INFO|SequenceItem.cs|Run|254|Finishing Category: * Instruction Set *, Container: NINA.Sequencer.Container.SequentialContainer, Strategy: SequentialStrategy, Items[FINISHED]: 1
2026-04-22T23:02:35.3088|INFO|SequenceItem.cs|Run|208|Starting Category: Scheduler, Item: TakeExposure, ExposureTime 600, Gain 100, Offset 50, ImageType LIGHT, Binning 1x1
2026-04-22T23:02:35.3137|INFO|CameraVM.cs|Capture|742|Starting Exposure - Exposure Time: 600s; Filter: ; Gain: 100; Offset 50; Binning: 1x1;
2026-04-22T23:05:29.9514|INFO|TsProgressReader.cs|ReadProgressDelta|97|[Subframes] TS progress: mtime changed but no row differences found.
2026-04-22T23:10:29.9479|INFO|TsProgressReader.cs|ReadProgressDelta|97|[Subframes] TS progress: mtime changed but no row differences found.
2026-04-22T23:12:37.2367|INFO|SequenceItem.cs|Run|254|Finishing Category: Scheduler, Item: TakeExposure, ExposureTime 600, Gain 100, Offset 50, ImageType LIGHT, Binning 1x1
2026-04-22T23:12:37.2371|INFO|MeridianFlipTrigger.cs|ShouldTrigger|265|Meridian Flip - There is still time remaining - max remaining time 01:48:04.8615054, next instruction time 0, next instruction NINA.Plugin.TargetScheduler.Sequencer.PlanSchedulerProgress - and the telescope reports expected pier side pierWest. Automated Flip is not necessary.
2026-04-22T23:12:37.2372|INFO|SequenceItem.cs|Run|208|Starting NINA.Plugin.TargetScheduler.Sequencer.PlanSchedulerProgress
2026-04-22T23:12:37.2373|INFO|SequenceItem.cs|Run|254|Finishing NINA.Plugin.TargetScheduler.Sequencer.PlanSchedulerProgress
2026-04-22T23:12:38.9007|INFO|HocusFocusStarDetection.cs|Detect|413|Average HFR: 1.8462800477610788, HFR MAD: 0.12662713135272874, Detected Stars 391, Region: 0
2026-04-22T23:12:39.7666|INFO|BaseImageData.cs|SaveToDisk|346|Saved image to C:\ASTROIMAGES\NINA\2026-04-22\M 51\LIGHT\H\2026-04-22_23-02-35_M 51_LIGHT_H_-5.10C_G100-Exp-600.00s_MAXRMS-D0.89-R1.73_M-71.80_RMS-0.62_HFR-1.85_F-0008.fits
2026-04-22T23:12:39.7667|INFO|ImageSaveController.cs|DoWork|97|Successfully saved file at C:\ASTROIMAGES\NINA\2026-04-22\M 51\LIGHT\H\2026-04-22_23-02-35_M 51_LIGHT_H_-5.10C_G100-Exp-600.00s_MAXRMS-D0.89-R1.73_M-71.80_RMS-0.62_HFR-1.85_F-0008.fits. Duration Total: 00:00:02.5299786; BeforeSave: 00:00:00.0001776; BeforeFinalizeImageSaved: 00:00:02.1806481; FinalizeSaveTime: 00:00:00.3491527
2026-04-22T23:12:40.3776|WARNING|SessionMetaDataWatcher.cs|WriteAcquisitionMetaData|73|acquisition file already exists, will not overwrite: C:\ASTROIMAGES\NINA\2026-04-22\M 51\LIGHT\H\metadata\AcquisitionDetails.csv
2026-04-22T23:12:40.3778|WARNING|SessionMetaDataWatcher.cs|WriteAcquisitionMetaData|93|acquisition file already exists, will not overwrite: C:\ASTROIMAGES\NINA\2026-04-22\M 51\LIGHT\H\metadata\AcquisitionDetails.json
2026-04-22T23:12:40.3781|INFO|SessionMetaDataWatcher.cs|WriteImageMetaData|105|Writing CSV image metadata: C:\ASTROIMAGES\NINA\2026-04-22\M 51\LIGHT\H\metadata\ImageMetaData.csv
2026-04-22T23:12:40.4141|INFO|SessionMetaDataWatcher.cs|WriteImageMetaData|122|Writing JSON image metadata: C:\ASTROIMAGES\NINA\2026-04-22\M 51\LIGHT\H\metadata\ImageMetaData.json
2026-04-22T23:12:40.4163|INFO|SessionMetaDataWatcher.cs|WriteWeatherMetaData|169|Writing CSV weather metadata: C:\ASTROIMAGES\NINA\2026-04-22\M 51\LIGHT\H\metadata\WeatherData.csv
2026-04-22T23:12:40.4451|INFO|SessionMetaDataWatcher.cs|WriteWeatherMetaData|186|Writing JSON weather metadata: C:\ASTROIMAGES\NINA\2026-04-22\M 51\LIGHT\H\metadata\WeatherData.json
2026-04-22T23:12:40.7190|INFO|MeridianFlipTrigger.cs|ShouldTrigger|265|Meridian Flip - There is still time remaining - max remaining time 01:48:00.6914500, next instruction time 0, next instruction Category: Powerups (Fun-ctions), Item: GSSend - and the telescope reports expected pier side pierWest. Automated Flip is not necessary.
2026-04-22T23:12:40.7192|INFO|SequenceItem.cs|Run|208|Starting Category: Powerups (Fun-ctions), Item: GSSend
2026-04-22T23:12:40.7195|INFO|SendWithGS.cs|ProcessedScript|64|Replacing Image_ExposureTime with 600
2026-04-22T23:12:40.7196|INFO|SendWithGS.cs|ProcessedScript|64|Replacing Image_HFR with 1.846
2026-04-22T23:12:40.7197|INFO|SendWithGS.cs|ProcessedScript|64|Replacing Image_FWHM with 6.79
2026-04-22T23:12:40.7198|INFO|SendWithGS.cs|ProcessedScript|64|Replacing Altitude with 63.737322448101736
2026-04-22T23:12:40.7199|INFO|SendWithGS.cs|Execute|95|Sending to Ground Station: Exp: $$FWHEEL_FILTER_NAME$$ on $$TARGET_NAME$$ EXP: 600 HFR: 1.846 FWHM: 6.79  Altitude: 63.737322448101736 
2026-04-22T23:12:40.7545|INFO|SequenceItem.cs|Run|208|Starting Category: Ground Station, Item: Send to Telegram
2026-04-22T23:12:41.4232|INFO|SequenceItem.cs|Run|254|Finishing Category: Ground Station, Item: Send to Telegram
2026-04-22T23:12:41.4245|INFO|SequenceItem.cs|Run|254|Finishing Category: Powerups (Fun-ctions), Item: GSSend
2026-04-22T23:12:41.4249|INFO|MeridianFlipTrigger.cs|ShouldTrigger|265|Meridian Flip - There is still time remaining - max remaining time 01:47:58.7912400, next instruction time 0, next instruction Category: Powerups (Fun-ctions), Item: GSSend - and the telescope reports expected pier side pierWest. Automated Flip is not necessary.
2026-04-22T23:12:41.4249|INFO|SequenceItem.cs|Run|208|Starting Category: Powerups (Fun-ctions), Item: GSSend
2026-04-22T23:12:41.4252|INFO|SendWithGS.cs|ProcessedScript|64|Replacing Image_ExposureTime with 600
2026-04-22T23:12:41.4253|INFO|SendWithGS.cs|ProcessedScript|64|Replacing Image_HFR with 1.846
2026-04-22T23:12:41.4255|INFO|SendWithGS.cs|ProcessedScript|64|Replacing Image_FWHM with 6.79
2026-04-22T23:12:41.4256|INFO|SendWithGS.cs|ProcessedScript|64|Replacing Altitude with 63.737322448101736
2026-04-22T23:12:41.4256|INFO|SendWithGS.cs|Execute|95|Sending to Ground Station: Exp: $$FWHEEL_FILTER_NAME$$ on $$TARGET_NAME$$ EXP: 600 HFR: 1.846 FWHM: 6.79  Altitude: 63.737322448101736 
2026-04-22T23:12:41.4268|INFO|SequenceItem.cs|Run|208|Starting Category: Ground Station, Item: Send to Pushover, Title: IMAGE: $$TARGET_NAME$$
2026-04-22T23:12:41.5925|INFO|SequenceItem.cs|Run|254|Finishing Category: Ground Station, Item: Send to Pushover, Title: IMAGE: $$TARGET_NAME$$
2026-04-22T23:12:41.5938|INFO|SequenceItem.cs|Run|254|Finishing Category: Powerups (Fun-ctions), Item: GSSend
2026-04-22T23:12:41.8220|INFO|Symbol.cs|OnMessageReceived|627|Received message from Target Scheduler re: TargetScheduler-TargetStart
2026-04-22T23:12:41.8220|INFO|Symbol.cs|OnMessageReceived|635|TS_TargetName = M 51
2026-04-22T23:12:41.8221|INFO|Symbol.cs|OnMessageReceived|636|Expires at 04/23/2026 00:58:51 -05:00
2026-04-22T23:12:41.8224|INFO|MeridianFlipTrigger.cs|ShouldTrigger|265|Meridian Flip - There is still time remaining - max remaining time 01:47:58.7912400, next instruction time 0, next instruction NINA.Plugin.TargetScheduler.Sequencer.PlanSchedulerProgress - and the telescope reports expected pier side pierWest. Automated Flip is not necessary.
2026-04-22T23:12:41.8225|INFO|SequenceItem.cs|Run|208|Starting NINA.Plugin.TargetScheduler.Sequencer.PlanSchedulerProgress
2026-04-22T23:12:41.8226|INFO|SequenceItem.cs|Run|254|Finishing NINA.Plugin.TargetScheduler.Sequencer.PlanSchedulerProgress
2026-04-22T23:12:41.8228|INFO|MeridianFlipTrigger.cs|ShouldTrigger|265|Meridian Flip - There is still time remaining - max remaining time 01:47:58.7912400, next instruction time 0, next instruction Category: Scheduler, Item: SwitchFilter, Filter: H - and the telescope reports expected pier side pierWest. Automated Flip is not necessary.
2026-04-22T23:12:41.8228|INFO|SequenceItem.cs|Run|208|Starting Category: Scheduler, Item: SwitchFilter, Filter: H
2026-04-22T23:12:41.8256|INFO|SequenceItem.cs|Run|254|Finishing Category: Scheduler, Item: SwitchFilter, Filter: H
2026-04-22T23:12:41.8260|INFO|MeridianFlipTrigger.cs|ShouldTrigger|265|Meridian Flip - There is still time remaining - max remaining time 01:47:58.7912400, next instruction time 0, next instruction NINA.Plugin.TargetScheduler.Sequencer.PlanSchedulerProgress - and the telescope reports expected pier side pierWest. Automated Flip is not necessary.
2026-04-22T23:12:41.8260|INFO|SequenceItem.cs|Run|208|Starting NINA.Plugin.TargetScheduler.Sequencer.PlanSchedulerProgress
2026-04-22T23:12:41.8261|INFO|SequenceItem.cs|Run|254|Finishing NINA.Plugin.TargetScheduler.Sequencer.PlanSchedulerProgress
2026-04-22T23:12:41.8262|INFO|MeridianFlipTrigger.cs|ShouldTrigger|265|Meridian Flip - There is still time remaining - max remaining time 01:47:58.7912400, next instruction time 0, next instruction Category: Scheduler, Item: SetReadoutMode, Mode: 0 - and the telescope reports expected pier side pierWest. Automated Flip is not necessary.
2026-04-22T23:12:41.8262|INFO|SequenceItem.cs|Run|208|Starting Category: Scheduler, Item: SetReadoutMode, Mode: 0
2026-04-22T23:12:41.8263|INFO|SequenceItem.cs|Run|254|Finishing Category: Scheduler, Item: SetReadoutMode, Mode: 0
2026-04-22T23:12:41.8264|INFO|MeridianFlipTrigger.cs|ShouldTrigger|265|Meridian Flip - There is still time remaining - max remaining time 01:47:58.7912400, next instruction time 0, next instruction NINA.Plugin.TargetScheduler.Sequencer.PlanSchedulerProgress - and the telescope reports expected pier side pierWest. Automated Flip is not necessary.
2026-04-22T23:12:41.8265|INFO|SequenceItem.cs|Run|208|Starting NINA.Plugin.TargetScheduler.Sequencer.PlanSchedulerProgress
2026-04-22T23:12:41.9105|INFO|SequenceItem.cs|Run|254|Finishing NINA.Plugin.TargetScheduler.Sequencer.PlanSchedulerProgress
2026-04-22T23:12:41.9110|INFO|MeridianFlipTrigger.cs|ShouldTrigger|265|Meridian Flip - There is still time remaining - max remaining time 01:47:58.7912400, next instruction time 600, next instruction Category: Scheduler, Item: TakeExposure, ExposureTime 600, Gain 100, Offset 50, ImageType LIGHT, Binning 1x1 - and the telescope reports expected pier side pierWest. Automated Flip is not necessary.
2026-04-22T23:12:41.9110|INFO|DIYTrigger.cs|ShouldTrigger|109|DIY Trigger Restore Guiding ShouldTrigger returning true
2026-04-22T23:12:41.9111|INFO|SequenceTrigger.cs|Run|114|Starting Category: Powerups (Misc), Item: DIYTrigger
2026-04-22T23:12:41.9547|INFO|DIYTrigger.cs|Execute|95|DIY Trigger executing...
2026-04-22T23:12:41.9549|INFO|SequenceItem.cs|Run|208|Starting Category: * Instruction Set *, Container: NINA.Sequencer.Container.SequentialContainer, Strategy: SequentialStrategy, Items[CREATED]: 1, Triggers: Trigger: RestoreGuiding
2026-04-22T23:12:41.9553|INFO|MeridianFlipTrigger.cs|ShouldTrigger|265|Meridian Flip - There is still time remaining - max remaining time 01:47:58.7912400, next instruction time 0, next instruction Category: Powerups (Expressions), Item: IfFailed - and the telescope reports expected pier side pierWest. Automated Flip is not necessary.
2026-04-22T23:12:41.9553|INFO|SequenceItem.cs|Run|208|Starting Category: Powerups (Expressions), Item: IfFailed
2026-04-22T23:12:41.9554|INFO|SequenceItem.cs|Run|208|Starting Category: Guider, Item: StartGuiding
2026-04-22T23:12:41.9582|INFO|PHD2Guider.cs|StartGuidingPrivate|504|Phd2 - App is already guiding. Skipping start guiding
2026-04-22T23:12:41.9584|INFO|SequenceItem.cs|Run|254|Finishing Category: Guider, Item: StartGuiding
2026-04-22T23:12:41.9584|INFO|SequenceItem.cs|Run|254|Finishing Category: Powerups (Expressions), Item: IfFailed
2026-04-22T23:12:41.9586|INFO|SequenceItem.cs|Run|254|Finishing Category: * Instruction Set *, Container: NINA.Sequencer.Container.SequentialContainer, Strategy: SequentialStrategy, Items[FINISHED]: 1, Triggers: Trigger: RestoreGuiding
2026-04-22T23:12:41.9605|INFO|SequenceItem.cs|Run|208|Starting Category: Scheduler, Item: TakeExposure, ExposureTime 600, Gain 100, Offset 50, ImageType LIGHT, Binning 1x1
2026-04-22T23:12:41.9654|INFO|CameraVM.cs|Capture|742|Starting Exposure - Exposure Time: 600s; Filter: ; Gain: 100; Offset 50; Binning: 1x1;
2026-04-22T23:12:42.3797|INFO|StarfrontClient.cs|SendImageFile|249|[Rockwood] sent 2026-04-22_23-02-35_M 51_LIGHT_H_-5.10C_G100-Exp-600.00s_MAXRMS-D0.89-R1.73_M-71.80_RMS-0.62_HFR-1.85_F-0008.fits (18KB) object=M 51 exptime=600s filter=H
2026-04-22T23:15:29.9379|INFO|TsProgressReader.cs|ReadProgressDelta|101|[Subframes] TS progress delta: 1 upsert(s), 0 removal(s).
2026-04-22T23:20:29.9520|INFO|TsProgressReader.cs|ReadProgressDelta|97|[Subframes] TS progress: mtime changed but no row differences found.
2026-04-22T23:22:43.9357|INFO|SequenceItem.cs|Run|254|Finishing Category: Scheduler, Item: TakeExposure, ExposureTime 600, Gain 100, Offset 50, ImageType LIGHT, Binning 1x1
2026-04-22T23:22:43.9364|INFO|MeridianFlipTrigger.cs|ShouldTrigger|265|Meridian Flip - There is still time remaining - max remaining time 01:37:56.4848241, next instruction time 0, next instruction NINA.Plugin.TargetScheduler.Sequencer.PlanSchedulerProgress - and the telescope reports expected pier side pierWest. Automated Flip is not necessary.
2026-04-22T23:22:43.9366|INFO|SequenceItem.cs|Run|208|Starting NINA.Plugin.TargetScheduler.Sequencer.PlanSchedulerProgress
2026-04-22T23:22:43.9366|INFO|SequenceItem.cs|Run|254|Finishing NINA.Plugin.TargetScheduler.Sequencer.PlanSchedulerProgress
2026-04-22T23:22:45.2927|INFO|HocusFocusStarDetection.cs|Detect|413|Average HFR: 1.8816921070134986, HFR MAD: 0.1124497038600889, Detected Stars 372, Region: 0
2026-04-22T23:22:46.1505|INFO|BaseImageData.cs|SaveToDisk|346|Saved image to C:\ASTROIMAGES\NINA\2026-04-22\M 51\LIGHT\H\2026-04-22_23-12-41_M 51_LIGHT_H_-5.00C_G100-Exp-600.00s_MAXRMS-D0.74-R1.39_M-71.77_RMS-0.37_HFR-1.88_F-0009.fits
2026-04-22T23:22:46.1506|INFO|ImageSaveController.cs|DoWork|97|Successfully saved file at C:\ASTROIMAGES\NINA\2026-04-22\M 51\LIGHT\H\2026-04-22_23-12-41_M 51_LIGHT_H_-5.00C_G100-Exp-600.00s_MAXRMS-D0.74-R1.39_M-71.77_RMS-0.37_HFR-1.88_F-0009.fits. Duration Total: 00:00:02.2145255; BeforeSave: 00:00:00.0000587; BeforeFinalizeImageSaved: 00:00:01.8538814; FinalizeSaveTime: 00:00:00.3605849
2026-04-22T23:22:46.7589|WARNING|SessionMetaDataWatcher.cs|WriteAcquisitionMetaData|73|acquisition file already exists, will not overwrite: C:\ASTROIMAGES\NINA\2026-04-22\M 51\LIGHT\H\metadata\AcquisitionDetails.csv
2026-04-22T23:22:46.7590|WARNING|SessionMetaDataWatcher.cs|WriteAcquisitionMetaData|93|acquisition file already exists, will not overwrite: C:\ASTROIMAGES\NINA\2026-04-22\M 51\LIGHT\H\metadata\AcquisitionDetails.json
2026-04-22T23:22:46.7593|INFO|SessionMetaDataWatcher.cs|WriteImageMetaData|105|Writing CSV image metadata: C:\ASTROIMAGES\NINA\2026-04-22\M 51\LIGHT\H\metadata\ImageMetaData.csv
2026-04-22T23:22:46.7997|INFO|SessionMetaDataWatcher.cs|WriteImageMetaData|122|Writing JSON image metadata: C:\ASTROIMAGES\NINA\2026-04-22\M 51\LIGHT\H\metadata\ImageMetaData.json
2026-04-22T23:22:46.8020|INFO|SessionMetaDataWatcher.cs|WriteWeatherMetaData|169|Writing CSV weather metadata: C:\ASTROIMAGES\NINA\2026-04-22\M 51\LIGHT\H\metadata\WeatherData.csv
2026-04-22T23:22:46.8578|INFO|SessionMetaDataWatcher.cs|WriteWeatherMetaData|186|Writing JSON weather metadata: C:\ASTROIMAGES\NINA\2026-04-22\M 51\LIGHT\H\metadata\WeatherData.json
2026-04-22T23:22:47.4656|INFO|MeridianFlipTrigger.cs|ShouldTrigger|265|Meridian Flip - There is still time remaining - max remaining time 01:37:52.4489914, next instruction time 0, next instruction Category: Powerups (Fun-ctions), Item: GSSend - and the telescope reports expected pier side pierWest. Automated Flip is not necessary.
2026-04-22T23:22:47.4657|INFO|SequenceItem.cs|Run|208|Starting Category: Powerups (Fun-ctions), Item: GSSend
2026-04-22T23:22:47.4660|INFO|SendWithGS.cs|ProcessedScript|64|Replacing Image_ExposureTime with 600
2026-04-22T23:22:47.4661|INFO|SendWithGS.cs|ProcessedScript|64|Replacing Image_HFR with 1.882
2026-04-22T23:22:47.4662|INFO|SendWithGS.cs|ProcessedScript|64|Replacing Image_FWHM with 6.91
2026-04-22T23:22:47.4666|INFO|SendWithGS.cs|ProcessedScript|64|Replacing Altitude with 65.25755447795716
2026-04-22T23:22:47.4666|INFO|SendWithGS.cs|Execute|95|Sending to Ground Station: Exp: $$FWHEEL_FILTER_NAME$$ on $$TARGET_NAME$$ EXP: 600 HFR: 1.882 FWHM: 6.91  Altitude: 65.25755447795716 
2026-04-22T23:22:47.4678|INFO|SequenceItem.cs|Run|208|Starting Category: Ground Station, Item: Send to Telegram
2026-04-22T23:22:48.1480|INFO|SequenceItem.cs|Run|254|Finishing Category: Ground Station, Item: Send to Telegram
2026-04-22T23:22:48.1493|INFO|SequenceItem.cs|Run|254|Finishing Category: Powerups (Fun-ctions), Item: GSSend
2026-04-22T23:22:48.1497|INFO|MeridianFlipTrigger.cs|ShouldTrigger|265|Meridian Flip - There is still time remaining - max remaining time 01:37:52.4489914, next instruction time 0, next instruction Category: Powerups (Fun-ctions), Item: GSSend - and the telescope reports expected pier side pierWest. Automated Flip is not necessary.
2026-04-22T23:22:48.1498|INFO|SequenceItem.cs|Run|208|Starting Category: Powerups (Fun-ctions), Item: GSSend
2026-04-22T23:22:48.1501|INFO|SendWithGS.cs|ProcessedScript|64|Replacing Image_ExposureTime with 600
2026-04-22T23:22:48.1502|INFO|SendWithGS.cs|ProcessedScript|64|Replacing Image_HFR with 1.882
2026-04-22T23:22:48.1503|INFO|SendWithGS.cs|ProcessedScript|64|Replacing Image_FWHM with 6.91
2026-04-22T23:22:48.1504|INFO|SendWithGS.cs|ProcessedScript|64|Replacing Altitude with 65.25755447795716
2026-04-22T23:22:48.1504|INFO|SendWithGS.cs|Execute|95|Sending to Ground Station: Exp: $$FWHEEL_FILTER_NAME$$ on $$TARGET_NAME$$ EXP: 600 HFR: 1.882 FWHM: 6.91  Altitude: 65.25755447795716 
2026-04-22T23:22:48.1518|INFO|SequenceItem.cs|Run|208|Starting Category: Ground Station, Item: Send to Pushover, Title: IMAGE: $$TARGET_NAME$$
2026-04-22T23:22:48.3051|INFO|SequenceItem.cs|Run|254|Finishing Category: Ground Station, Item: Send to Pushover, Title: IMAGE: $$TARGET_NAME$$
2026-04-22T23:22:48.3063|INFO|SequenceItem.cs|Run|254|Finishing Category: Powerups (Fun-ctions), Item: GSSend
2026-04-22T23:22:48.4812|INFO|Symbol.cs|OnMessageReceived|627|Received message from Target Scheduler re: TargetScheduler-TargetStart
2026-04-22T23:22:48.4812|INFO|Symbol.cs|OnMessageReceived|635|TS_TargetName = M 51
2026-04-22T23:22:48.4813|INFO|Symbol.cs|OnMessageReceived|636|Expires at 04/23/2026 00:58:51 -05:00
2026-04-22T23:22:48.4816|INFO|MeridianFlipTrigger.cs|ShouldTrigger|265|Meridian Flip - There is still time remaining - max remaining time 01:37:52.4489914, next instruction time 0, next instruction NINA.Plugin.TargetScheduler.Sequencer.PlanSchedulerProgress - and the telescope reports expected pier side pierWest. Automated Flip is not necessary.
2026-04-22T23:22:48.4817|INFO|SequenceItem.cs|Run|208|Starting NINA.Plugin.TargetScheduler.Sequencer.PlanSchedulerProgress
2026-04-22T23:22:48.4817|INFO|SequenceItem.cs|Run|254|Finishing NINA.Plugin.TargetScheduler.Sequencer.PlanSchedulerProgress
2026-04-22T23:22:48.4819|INFO|MeridianFlipTrigger.cs|ShouldTrigger|265|Meridian Flip - There is still time remaining - max remaining time 01:37:52.4489914, next instruction time 0, next instruction Category: Scheduler, Item: SwitchFilter, Filter: H - and the telescope reports expected pier side pierWest. Automated Flip is not necessary.
2026-04-22T23:22:48.4820|INFO|SequenceItem.cs|Run|208|Starting Category: Scheduler, Item: SwitchFilter, Filter: H
2026-04-22T23:22:48.4829|INFO|SequenceItem.cs|Run|254|Finishing Category: Scheduler, Item: SwitchFilter, Filter: H
2026-04-22T23:22:48.4836|INFO|MeridianFlipTrigger.cs|ShouldTrigger|265|Meridian Flip - There is still time remaining - max remaining time 01:37:52.4489914, next instruction time 0, next instruction NINA.Plugin.TargetScheduler.Sequencer.PlanSchedulerProgress - and the telescope reports expected pier side pierWest. Automated Flip is not necessary.
2026-04-22T23:22:48.4836|INFO|SequenceItem.cs|Run|208|Starting NINA.Plugin.TargetScheduler.Sequencer.PlanSchedulerProgress
2026-04-22T23:22:48.4837|INFO|SequenceItem.cs|Run|254|Finishing NINA.Plugin.TargetScheduler.Sequencer.PlanSchedulerProgress
2026-04-22T23:22:48.4838|INFO|MeridianFlipTrigger.cs|ShouldTrigger|265|Meridian Flip - There is still time remaining - max remaining time 01:37:52.4489914, next instruction time 0, next instruction Category: Scheduler, Item: SetReadoutMode, Mode: 0 - and the telescope reports expected pier side pierWest. Automated Flip is not necessary.
2026-04-22T23:22:48.4838|INFO|SequenceItem.cs|Run|208|Starting Category: Scheduler, Item: SetReadoutMode, Mode: 0
2026-04-22T23:22:48.4839|INFO|SequenceItem.cs|Run|254|Finishing Category: Scheduler, Item: SetReadoutMode, Mode: 0
2026-04-22T23:22:48.4840|INFO|MeridianFlipTrigger.cs|ShouldTrigger|265|Meridian Flip - There is still time remaining - max remaining time 01:37:52.4489914, next instruction time 0, next instruction NINA.Plugin.TargetScheduler.Sequencer.PlanSchedulerProgress - and the telescope reports expected pier side pierWest. Automated Flip is not necessary.
2026-04-22T23:22:48.4841|INFO|SequenceItem.cs|Run|208|Starting NINA.Plugin.TargetScheduler.Sequencer.PlanSchedulerProgress
2026-04-22T23:22:48.4849|INFO|SequenceItem.cs|Run|254|Finishing NINA.Plugin.TargetScheduler.Sequencer.PlanSchedulerProgress
2026-04-22T23:22:48.5359|INFO|MeridianFlipTrigger.cs|ShouldTrigger|265|Meridian Flip - There is still time remaining - max remaining time 01:37:52.4489914, next instruction time 600, next instruction Category: Scheduler, Item: TakeExposure, ExposureTime 600, Gain 100, Offset 50, ImageType LIGHT, Binning 1x1 - and the telescope reports expected pier side pierWest. Automated Flip is not necessary.
2026-04-22T23:22:48.5360|INFO|DIYTrigger.cs|ShouldTrigger|109|DIY Trigger Restore Guiding ShouldTrigger returning true
2026-04-22T23:22:48.5360|INFO|SequenceTrigger.cs|Run|114|Starting Category: Powerups (Misc), Item: DIYTrigger
2026-04-22T23:22:48.5800|INFO|DIYTrigger.cs|Execute|95|DIY Trigger executing...
2026-04-22T23:22:48.5802|INFO|SequenceItem.cs|Run|208|Starting Category: * Instruction Set *, Container: NINA.Sequencer.Container.SequentialContainer, Strategy: SequentialStrategy, Items[CREATED]: 1, Triggers: Trigger: RestoreGuiding
2026-04-22T23:22:48.5805|INFO|MeridianFlipTrigger.cs|ShouldTrigger|265|Meridian Flip - There is still time remaining - max remaining time 01:37:52.4489914, next instruction time 0, next instruction Category: Powerups (Expressions), Item: IfFailed - and the telescope reports expected pier side pierWest. Automated Flip is not necessary.
2026-04-22T23:22:48.5806|INFO|SequenceItem.cs|Run|208|Starting Category: Powerups (Expressions), Item: IfFailed
2026-04-22T23:22:48.5806|INFO|SequenceItem.cs|Run|208|Starting Category: Guider, Item: StartGuiding
2026-04-22T23:22:48.5834|INFO|PHD2Guider.cs|StartGuidingPrivate|504|Phd2 - App is already guiding. Skipping start guiding
2026-04-22T23:22:48.5836|INFO|SequenceItem.cs|Run|254|Finishing Category: Guider, Item: StartGuiding
2026-04-22T23:22:48.5837|INFO|SequenceItem.cs|Run|254|Finishing Category: Powerups (Expressions), Item: IfFailed
2026-04-22T23:22:48.5839|INFO|SequenceItem.cs|Run|254|Finishing Category: * Instruction Set *, Container: NINA.Sequencer.Container.SequentialContainer, Strategy: SequentialStrategy, Items[FINISHED]: 1, Triggers: Trigger: RestoreGuiding
2026-04-22T23:22:48.5861|INFO|SequenceItem.cs|Run|208|Starting Category: Scheduler, Item: TakeExposure, ExposureTime 600, Gain 100, Offset 50, ImageType LIGHT, Binning 1x1
2026-04-22T23:22:48.5909|INFO|CameraVM.cs|Capture|742|Starting Exposure - Exposure Time: 600s; Filter: ; Gain: 100; Offset 50; Binning: 1x1;
2026-04-22T23:22:48.7941|INFO|StarfrontClient.cs|SendImageFile|249|[Rockwood] sent 2026-04-22_23-12-41_M 51_LIGHT_H_-5.00C_G100-Exp-600.00s_MAXRMS-D0.74-R1.39_M-71.77_RMS-0.37_HFR-1.88_F-0009.fits (18KB) object=M 51 exptime=600s filter=H
2026-04-22T23:25:29.9390|INFO|TsProgressReader.cs|ReadProgressDelta|101|[Subframes] TS progress delta: 1 upsert(s), 0 removal(s).
2026-04-22T23:25:42.4262|WARNING|PHD2Client.cs|ProcessEvent|252|PHD2: StarLost
2026-04-22T23:25:44.8282|WARNING|PHD2Client.cs|ProcessEvent|252|PHD2: StarLost
2026-04-22T23:25:47.0491|WARNING|PHD2Client.cs|ProcessEvent|252|PHD2: StarLost
2026-04-22T23:25:49.5220|WARNING|PHD2Client.cs|ProcessEvent|252|PHD2: StarLost
2026-04-22T23:25:51.7604|WARNING|PHD2Client.cs|ProcessEvent|252|PHD2: StarLost
2026-04-22T23:25:54.2502|WARNING|PHD2Client.cs|ProcessEvent|252|PHD2: StarLost
2026-04-22T23:25:56.4730|WARNING|PHD2Client.cs|ProcessEvent|252|PHD2: StarLost
2026-04-22T23:25:58.9602|WARNING|PHD2Client.cs|ProcessEvent|252|PHD2: StarLost
2026-04-22T23:26:01.1865|WARNING|PHD2Client.cs|ProcessEvent|252|PHD2: StarLost
2026-04-22T23:26:03.6230|WARNING|PHD2Client.cs|ProcessEvent|252|PHD2: StarLost
2026-04-22T23:26:05.8294|WARNING|PHD2Client.cs|ProcessEvent|252|PHD2: StarLost
2026-04-22T23:26:08.2614|WARNING|PHD2Client.cs|ProcessEvent|252|PHD2: StarLost
2026-04-22T23:26:17.8940|WARNING|PHD2Client.cs|ProcessEvent|252|PHD2: StarLost
2026-04-22T23:26:20.1348|WARNING|PHD2Client.cs|ProcessEvent|252|PHD2: StarLost
2026-04-22T23:26:22.5740|WARNING|PHD2Client.cs|ProcessEvent|252|PHD2: StarLost
2026-04-22T23:26:42.1191|WARNING|PHD2Client.cs|ProcessEvent|252|PHD2: StarLost
2026-04-22T23:26:44.5378|WARNING|PHD2Client.cs|ProcessEvent|252|PHD2: StarLost
2026-04-22T23:27:09.2847|WARNING|PHD2Client.cs|ProcessEvent|252|PHD2: StarLost
2026-04-22T23:27:11.4922|WARNING|PHD2Client.cs|ProcessEvent|252|PHD2: StarLost
2026-04-22T23:27:13.9410|WARNING|PHD2Client.cs|ProcessEvent|252|PHD2: StarLost
2026-04-22T23:27:42.7255|WARNING|PHD2Client.cs|ProcessEvent|252|PHD2: StarLost
2026-04-22T23:27:45.0424|WARNING|PHD2Client.cs|ProcessEvent|252|PHD2: StarLost
2026-04-22T23:27:47.5093|WARNING|PHD2Client.cs|ProcessEvent|252|PHD2: StarLost
2026-04-22T23:27:49.7232|WARNING|PHD2Client.cs|ProcessEvent|252|PHD2: StarLost
2026-04-22T23:27:52.1816|WARNING|PHD2Client.cs|ProcessEvent|252|PHD2: StarLost
2026-04-22T23:27:54.4518|WARNING|PHD2Client.cs|ProcessEvent|252|PHD2: StarLost
2026-04-22T23:27:56.8717|WARNING|PHD2Client.cs|ProcessEvent|252|PHD2: StarLost
2026-04-22T23:27:59.1058|WARNING|PHD2Client.cs|ProcessEvent|252|PHD2: StarLost
2026-04-22T23:28:01.5655|WARNING|PHD2Client.cs|ProcessEvent|252|PHD2: StarLost
2026-04-22T23:28:03.7991|WARNING|PHD2Client.cs|ProcessEvent|252|PHD2: StarLost
2026-04-22T23:28:06.2329|WARNING|PHD2Client.cs|ProcessEvent|252|PHD2: StarLost
2026-04-22T23:28:08.4350|WARNING|PHD2Client.cs|ProcessEvent|252|PHD2: StarLost
2026-04-22T23:28:10.8433|WARNING|PHD2Client.cs|ProcessEvent|252|PHD2: StarLost
2026-04-22T23:28:13.0627|WARNING|PHD2Client.cs|ProcessEvent|252|PHD2: StarLost
2026-04-22T23:28:15.4851|WARNING|PHD2Client.cs|ProcessEvent|252|PHD2: StarLost
2026-04-22T23:28:17.6812|WARNING|PHD2Client.cs|ProcessEvent|252|PHD2: StarLost
2026-04-22T23:28:20.1160|WARNING|PHD2Client.cs|ProcessEvent|252|PHD2: StarLost
2026-04-22T23:28:22.3165|WARNING|PHD2Client.cs|ProcessEvent|252|PHD2: StarLost
2026-04-22T23:28:24.7011|WARNING|PHD2Client.cs|ProcessEvent|252|PHD2: StarLost
2026-04-22T23:28:26.8973|WARNING|PHD2Client.cs|ProcessEvent|252|PHD2: StarLost
2026-04-22T23:28:29.2881|WARNING|PHD2Client.cs|ProcessEvent|252|PHD2: StarLost
2026-04-22T23:28:31.4928|WARNING|PHD2Client.cs|ProcessEvent|252|PHD2: StarLost
2026-04-22T23:28:33.9572|WARNING|PHD2Client.cs|ProcessEvent|252|PHD2: StarLost
2026-04-22T23:28:36.1798|WARNING|PHD2Client.cs|ProcessEvent|252|PHD2: StarLost
2026-04-22T23:28:38.6223|WARNING|PHD2Client.cs|ProcessEvent|252|PHD2: StarLost
2026-04-22T23:28:40.7780|WARNING|PHD2Client.cs|ProcessEvent|252|PHD2: StarLost
2026-04-22T23:28:43.2013|WARNING|PHD2Client.cs|ProcessEvent|252|PHD2: StarLost
2026-04-22T23:28:45.4000|WARNING|PHD2Client.cs|ProcessEvent|252|PHD2: StarLost
2026-04-22T23:28:47.8568|WARNING|PHD2Client.cs|ProcessEvent|252|PHD2: StarLost
2026-04-22T23:28:50.1121|WARNING|PHD2Client.cs|ProcessEvent|252|PHD2: StarLost
2026-04-22T23:28:52.5752|WARNING|PHD2Client.cs|ProcessEvent|252|PHD2: StarLost
2026-04-22T23:28:54.7647|WARNING|PHD2Client.cs|ProcessEvent|252|PHD2: StarLost
2026-04-22T23:28:57.2232|WARNING|PHD2Client.cs|ProcessEvent|252|PHD2: StarLost
2026-04-22T23:28:59.4194|WARNING|PHD2Client.cs|ProcessEvent|252|PHD2: StarLost
2026-04-22T23:29:01.8721|WARNING|PHD2Client.cs|ProcessEvent|252|PHD2: StarLost
2026-04-22T23:29:04.1117|WARNING|PHD2Client.cs|ProcessEvent|252|PHD2: StarLost
2026-04-22T23:29:06.5386|WARNING|PHD2Client.cs|ProcessEvent|252|PHD2: StarLost
2026-04-22T23:29:08.7488|WARNING|PHD2Client.cs|ProcessEvent|252|PHD2: StarLost
2026-04-22T23:29:11.1824|WARNING|PHD2Client.cs|ProcessEvent|252|PHD2: StarLost
2026-04-22T23:29:13.3907|WARNING|PHD2Client.cs|ProcessEvent|252|PHD2: StarLost
2026-04-22T23:29:15.7733|WARNING|PHD2Client.cs|ProcessEvent|252|PHD2: StarLost
2026-04-22T23:29:17.9337|WARNING|PHD2Client.cs|ProcessEvent|252|PHD2: StarLost
2026-04-22T23:29:20.3514|WARNING|PHD2Client.cs|ProcessEvent|252|PHD2: StarLost
2026-04-22T23:29:22.5553|WARNING|PHD2Client.cs|ProcessEvent|252|PHD2: StarLost
2026-04-22T23:29:24.9471|WARNING|PHD2Client.cs|ProcessEvent|252|PHD2: StarLost
2026-04-22T23:29:27.1636|WARNING|PHD2Client.cs|ProcessEvent|252|PHD2: StarLost
2026-04-22T23:29:29.5698|WARNING|PHD2Client.cs|ProcessEvent|252|PHD2: StarLost
2026-04-22T23:29:31.7579|WARNING|PHD2Client.cs|ProcessEvent|252|PHD2: StarLost
2026-04-22T23:29:33.5511|INFO|SafetyMonitorVM.cs|UpdateMonitorValues|95|SafetyMonitorInfo state changed to Unsafe
2026-04-22T23:29:34.2140|WARNING|PHD2Client.cs|ProcessEvent|252|PHD2: StarLost
2026-04-22T23:29:36.4283|WARNING|PHD2Client.cs|ProcessEvent|252|PHD2: StarLost
2026-04-22T23:29:37.6747|INFO|WhenUnsafe.cs|CheckSafe|77|IsSafe is now FALSE; connected = True, IsSafe = False
2026-04-22T23:29:37.6748|INFO|WhenCommon.cs|ShouldTrigger|378|ShouldTrigger TRUE from InterruptWhen, setting TriggerRunner
2026-04-22T23:29:37.6760|INFO|WhenCommon.cs|InterruptWhen|322|Interrupting current Instruction Set
2026-04-22T23:29:38.9927|INFO|WhenCommon.cs|InterruptWhen|332|Canceling sequence...
2026-04-22T23:29:39.0320|INFO|WhenCommon.cs|SequenceBlockTeardown|198|Teardown; shutting down watchdog
2026-04-22T23:29:39.0330|INFO|Sequencer.cs|Start|85|Sequence run was cancelled
2026-04-22T23:29:39.0355|INFO|Sequence2VM.cs|StartSequence|548|Advanced Sequence finished
2026-04-22T23:29:40.0046|INFO|WhenCommon.cs|InterruptWhen|339|Sequence no longer running
2026-04-22T23:29:40.0048|WARNING|WhenCommon.cs|CheckSlewing|263|CheckSlewing, WhenUnsafe = True, Connected = True, CanSlew = True, info.Slewing = False
2026-04-22T23:29:40.0055|INFO|Sequence2VM.cs|StartSequence|543|Advanced Sequence starting
2026-04-22T23:29:40.0648|INFO|SequenceItem.cs|Run|208|Starting Category: * Instruction Set *, Container: NINA.Sequencer.Container.SequenceRootContainer, Strategy: SequentialStrategy, Items[CREATED]: 3, Triggers: Category: Ground Station, Item: Failures to Telegram
2026-04-22T23:29:40.0650|INFO|SequenceItem.cs|Run|208|Starting Category: * Instruction Set *, Container: NINA.Sequencer.Container.StartAreaContainer, Strategy: SequentialStrategy, Items[FINISHED]: 1
2026-04-22T23:29:40.0650|INFO|SequenceItem.cs|Run|254|Finishing Category: * Instruction Set *, Container: NINA.Sequencer.Container.StartAreaContainer, Strategy: SequentialStrategy, Items[FINISHED]: 1
2026-04-22T23:29:40.0651|INFO|SequenceItem.cs|Run|208|Starting Category: * Instruction Set *, Container: NINA.Sequencer.Container.TargetAreaContainer, Strategy: SequentialStrategy, Items[CREATED]: 1
2026-04-22T23:29:40.0653|INFO|SequenceItem.cs|Run|208|Starting Category: * Instruction Set *, Container: NINA.Sequencer.Container.SequentialContainer, Strategy: SequentialStrategy, Items[FINISHED]: 11, Items[CREATED]: 1, Conditions: Condition: TimeCondition, Time: 6:34:43h, Condition: TargetSchedulerCondition mode=While Targets Remain Tonight, , Triggers: Trigger: CenterAfterDriftTrigger, DistanceArcMinutes: 1Trigger: WhenUnsafeCategory: Ground Station, Item: Failures to TelegramCategory: Connect, Item: ReconnectOnDownloadFailureTrigger: AutofocusAfterHFRIncreaseTrigger, Amount: 5Trigger: MeridianFlipTriggerCategory: Powerups (Misc), Item: DIYTriggerCategory: Ground Station, Item: Failures to PushoverTrigger: AutofocusAfterTemperatureChangeTrigger, Amount: 1.5°
2026-04-22T23:29:40.0654|INFO|WhenCommon.cs|SequenceBlockInitialize|204|Initialize; starting watchdog
2026-04-22T23:29:40.0656|INFO|WhenCommon.cs|ShouldTrigger|382|ShouldTrigger TRUE, setting TriggerRunner
2026-04-22T23:29:40.0881|INFO|SequenceTrigger.cs|Run|114|Starting Trigger: WhenUnsafe
2026-04-22T23:29:40.0935|INFO|WhenCommon.cs|Execute|395|Execute 0
2026-04-22T23:29:40.0935|INFO|WhenCommon.cs|Execute|409|When: running TriggerRunner, InFlight -> true, Triggered -> false
2026-04-22T23:29:40.0936|WARNING|WhenCommon.cs|CheckSlewing|263|CheckSlewing, WhenUnsafe = True, Connected = True, CanSlew = True, info.Slewing = False
2026-04-22T23:29:40.0936|INFO|SequenceItem.cs|Run|208|Starting Category: , Container: WhenPlugin.When.IfContainer, Strategy: SequentialStrategy, Items[CREATED]: 9
2026-04-22T23:29:40.0940|INFO|MeridianFlipTrigger.cs|ShouldTrigger|265|Meridian Flip - There is still time remaining - max remaining time 01:30:53.8870622, next instruction time 0, next instruction Category: Ground Station, Item: Send to Telegram - and the telescope reports expected pier side pierWest. Automated Flip is not necessary.
2026-04-22T23:29:40.0941|INFO|SequenceItem.cs|Run|208|Starting Category: Ground Station, Item: Send to Telegram
2026-04-22T23:29:40.7556|INFO|SequenceItem.cs|Run|254|Finishing Category: Ground Station, Item: Send to Telegram
2026-04-22T23:29:40.7603|INFO|MeridianFlipTrigger.cs|ShouldTrigger|265|Meridian Flip - There is still time remaining - max remaining time 01:30:53.8870622, next instruction time 0, next instruction Category: Ground Station, Item: Send to Pushover, Title: Unsafe - and the telescope reports expected pier side pierWest. Automated Flip is not necessary.
2026-04-22T23:29:40.7604|INFO|SequenceItem.cs|Run|208|Starting Category: Ground Station, Item: Send to Pushover, Title: Unsafe
2026-04-22T23:29:40.9410|INFO|SequenceItem.cs|Run|254|Finishing Category: Ground Station, Item: Send to Pushover, Title: Unsafe
2026-04-22T23:29:40.9415|INFO|MeridianFlipTrigger.cs|ShouldTrigger|265|Meridian Flip - There is still time remaining - max remaining time 01:30:53.8870622, next instruction time 0, next instruction Category: Telescope, Item: FindHome - and the telescope reports expected pier side pierWest. Automated Flip is not necessary.
2026-04-22T23:29:40.9416|INFO|SequenceItem.cs|Run|208|Starting Category: Telescope, Item: FindHome
2026-04-22T23:29:40.9647|INFO|PHD2Client.cs|ProcessEvent|268|PHD2: ConfigurationChange
2026-04-22T23:29:41.0939|INFO|PHD2Client.cs|QueryExposureTime|1216|PHD2Client: Exposure time from PHD2 API: 2.000 seconds (2000 ms)
2026-04-22T23:29:41.9713|INFO|TelescopeVM.cs|FindHome|292|Mount ordered to locate home position
2026-04-22T23:30:09.4208|INFO|TelescopeVM.cs|FindHome|348|Mount has located its home position
2026-04-22T23:30:09.4212|INFO|SequenceItem.cs|Run|254|Finishing Category: Telescope, Item: FindHome
2026-04-22T23:30:09.4219|INFO|MeridianFlipTrigger.cs|ShouldTrigger|197|Meridian Flip - Telescope is at home position. Skip flip evaluation
2026-04-22T23:30:09.4220|INFO|SequenceItem.cs|Run|208|Starting Category: Guider, Item: StopGuiding
2026-04-22T23:30:09.4283|INFO|PHD2Guider.cs|StopGuiding|704|Phd2 - Stop Guiding skipped, as the app is already in state Stopped
2026-04-22T23:30:09.4285|INFO|SequenceItem.cs|Run|254|Finishing Category: Guider, Item: StopGuiding
2026-04-22T23:30:09.4599|INFO|MeridianFlipTrigger.cs|ShouldTrigger|197|Meridian Flip - Telescope is at home position. Skip flip evaluation
2026-04-22T23:30:09.4601|INFO|SequenceItem.cs|Run|208|Starting Category: Connect, Item: DisconnectEquipment, Selected device: Safety Monitor
2026-04-22T23:30:09.4858|INFO|AscomDevice.cs|Disconnect|378|Disconnecting from ASCOM.GenericFile.SafetyMonitor Generic File driver
2026-04-22T23:30:09.4906|INFO|SafetyMonitorVM.cs|Disconnect|221|Disconnected Safety Monitor
2026-04-22T23:30:09.4909|INFO|SequenceItem.cs|Run|254|Finishing Category: Connect, Item: DisconnectEquipment, Selected device: Safety Monitor
2026-04-22T23:30:09.4915|INFO|MeridianFlipTrigger.cs|ShouldTrigger|197|Meridian Flip - Telescope is at home position. Skip flip evaluation
2026-04-22T23:30:09.5294|INFO|SequenceItem.cs|Run|208|Starting Category: Utility, Item: WaitForTimeSpan, Time: 60s
2026-04-22T23:30:29.9442|INFO|TsProgressReader.cs|ReadProgressDelta|97|[Subframes] TS progress: mtime changed but no row differences found.
2026-04-22T23:31:09.6572|INFO|SequenceItem.cs|Run|254|Finishing Category: Utility, Item: WaitForTimeSpan, Time: 60s
2026-04-22T23:31:09.6582|INFO|MeridianFlipTrigger.cs|ShouldTrigger|197|Meridian Flip - Telescope is at home position. Skip flip evaluation
2026-04-22T23:31:09.6583|INFO|SequenceItem.cs|Run|208|Starting Category: Connect, Item: ConnectEquipment, Selected device: Safety Monitor, Selected device id: ASCOM.GenericFile.SafetyMonitor
2026-04-22T23:31:11.6714|INFO|SafetyMonitorChooserVM.cs|GetEquipment|71|Found 0 Alpaca Safety Monitors
2026-04-22T23:31:11.6724|INFO|SafetyMonitorVM.cs|Disconnect|221|Disconnected Safety Monitor
2026-04-22T23:31:11.7709|INFO|SafetyMonitorVM.cs|Connect|175|Successfully connected Safety Monitor. Id: ASCOM.GenericFile.SafetyMonitor Name: Generic File driver DisplayName: Generic File driver (ASCOM) Driver Version: 6.4
2026-04-22T23:31:11.7714|INFO|SequenceItem.cs|Run|254|Finishing Category: Connect, Item: ConnectEquipment, Selected device: Safety Monitor, Selected device id: ASCOM.GenericFile.SafetyMonitor
2026-04-22T23:31:11.7716|INFO|MeridianFlipTrigger.cs|ShouldTrigger|197|Meridian Flip - Telescope is at home position. Skip flip evaluation
2026-04-22T23:31:11.7717|INFO|SequenceItem.cs|Run|208|Starting Category: Utility, Item: WaitForTimeSpan, Time: 60s
2026-04-22T23:31:13.7825|INFO|SafetyMonitorVM.cs|UpdateMonitorValues|95|SafetyMonitorInfo state changed to Unsafe
2026-04-22T23:32:11.8947|INFO|SequenceItem.cs|Run|254|Finishing Category: Utility, Item: WaitForTimeSpan, Time: 60s
2026-04-22T23:32:11.8956|INFO|MeridianFlipTrigger.cs|ShouldTrigger|197|Meridian Flip - Telescope is at home position. Skip flip evaluation
2026-04-22T23:32:11.8959|INFO|SequenceItem.cs|Run|208|Starting Category: Powerups (Safety), Item: OnceSafe
2026-04-22T23:35:29.9497|INFO|TsProgressReader.cs|ReadProgressDelta|97|[Subframes] TS progress: mtime changed but no row differences found.
2026-04-22T23:40:29.9407|INFO|TsProgressReader.cs|ReadProgressDelta|97|[Subframes] TS progress: mtime changed but no row differences found.
2026-04-22T23:45:29.9436|INFO|TsProgressReader.cs|ReadProgressDelta|97|[Subframes] TS progress: mtime changed but no row differences found.
2026-04-22T23:50:29.9566|INFO|TsProgressReader.cs|ReadProgressDelta|97|[Subframes] TS progress: mtime changed but no row differences found.
2026-04-22T23:55:29.9554|INFO|TsProgressReader.cs|ReadProgressDelta|97|[Subframes] TS progress: mtime changed but no row differences found.
2026-04-23T00:00:26.8916|WARNING|TsPreviewClient.cs|FetchPreviewAsync|150|[Subframes] TsPreviewClient.FetchPreviewAsync failed for profile '533M-AT60' (0173997c-4bfa-48fd-9337-a48b6df99c38): TaskCanceledException: The request was canceled due to the configured HttpClient.Timeout of 5 seconds elapsing.
2026-04-23T00:00:29.9436|INFO|TsProgressReader.cs|ReadProgressDelta|97|[Subframes] TS progress: mtime changed but no row differences found.
2026-04-23T00:01:25.6504|INFO|TsProgressReader.cs|ReadProgressDelta|97|[Subframes] TS progress: mtime changed but no row differences found.
2026-04-23T00:05:29.9438|INFO|TsProgressReader.cs|ReadProgressDelta|97|[Subframes] TS progress: mtime changed but no row differences found.
2026-04-23T00:10:29.9479|INFO|TsProgressReader.cs|ReadProgressDelta|97|[Subframes] TS progress: mtime changed but no row differences found.
2026-04-23T00:15:29.9564|INFO|TsProgressReader.cs|ReadProgressDelta|97|[Subframes] TS progress: mtime changed but no row differences found.
2026-04-23T00:20:29.9377|INFO|TsProgressReader.cs|ReadProgressDelta|97|[Subframes] TS progress: mtime changed but no row differences found.
2026-04-23T00:25:30.0131|INFO|TsProgressReader.cs|ReadProgressDelta|97|[Subframes] TS progress: mtime changed but no row differences found.
2026-04-23T00:30:29.9434|INFO|TsProgressReader.cs|ReadProgressDelta|97|[Subframes] TS progress: mtime changed but no row differences found.
2026-04-23T00:35:29.9503|INFO|TsProgressReader.cs|ReadProgressDelta|97|[Subframes] TS progress: mtime changed but no row differences found.
2026-04-23T00:40:29.9499|INFO|TsProgressReader.cs|ReadProgressDelta|97|[Subframes] TS progress: mtime changed but no row differences found.
2026-04-23T00:45:29.9506|INFO|TsProgressReader.cs|ReadProgressDelta|97|[Subframes] TS progress: mtime changed but no row differences found.
2026-04-23T00:50:29.9415|INFO|TsProgressReader.cs|ReadProgressDelta|97|[Subframes] TS progress: mtime changed but no row differences found.
2026-04-23T00:55:29.9492|INFO|TsProgressReader.cs|ReadProgressDelta|97|[Subframes] TS progress: mtime changed but no row differences found.
2026-04-23T01:00:29.9505|INFO|TsProgressReader.cs|ReadProgressDelta|97|[Subframes] TS progress: mtime changed but no row differences found.
2026-04-23T01:05:02.5983|ERROR|StarfrontClient.cs|RunLoop|87|[Rockwood] WS error: The remote party closed the WebSocket connection without completing the close handshake.
2026-04-23T01:05:07.6105|INFO|StarfrontClient.cs|RunLoop|68|[Rockwood] connecting to wss://api.starfront.space:443/ws/scope?key=***
2026-04-23T01:05:28.6743|ERROR|StarfrontClient.cs|RunLoop|87|[Rockwood] WS error: Unable to connect to the remote server
2026-04-23T01:05:29.9545|INFO|TsProgressReader.cs|ReadProgressDelta|97|[Subframes] TS progress: mtime changed but no row differences found.
2026-04-23T01:05:30.8666|WARNING|SubframesClient.cs|SendStationHeartbeatAsync|458|[Subframes] Station heartbeat failed: No such host is known. (api.subframes.io:443)
2026-04-23T01:05:33.6821|INFO|StarfrontClient.cs|RunLoop|68|[Rockwood] connecting to wss://api.starfront.space:443/ws/scope?key=***
2026-04-23T01:05:54.7345|ERROR|StarfrontClient.cs|RunLoop|87|[Rockwood] WS error: Unable to connect to the remote server
2026-04-23T01:05:59.7377|INFO|StarfrontClient.cs|RunLoop|68|[Rockwood] connecting to wss://api.starfront.space:443/ws/scope?key=***
2026-04-23T01:06:00.0222|INFO|StarfrontClient.cs|RunLoop|71|[Rockwood] connected
2026-04-23T01:10:29.9452|INFO|TsProgressReader.cs|ReadProgressDelta|97|[Subframes] TS progress: mtime changed but no row differences found.
2026-04-23T01:15:29.9409|INFO|TsProgressReader.cs|ReadProgressDelta|97|[Subframes] TS progress: mtime changed but no row differences found.
2026-04-23T01:20:29.9425|INFO|TsProgressReader.cs|ReadProgressDelta|97|[Subframes] TS progress: mtime changed but no row differences found.
2026-04-23T01:25:29.9507|INFO|TsProgressReader.cs|ReadProgressDelta|97|[Subframes] TS progress: mtime changed but no row differences found.
2026-04-23T01:30:29.9521|INFO|TsProgressReader.cs|ReadProgressDelta|97|[Subframes] TS progress: mtime changed but no row differences found.
2026-04-23T01:35:29.9439|INFO|TsProgressReader.cs|ReadProgressDelta|97|[Subframes] TS progress: mtime changed but no row differences found.
2026-04-23T01:40:29.9556|INFO|TsProgressReader.cs|ReadProgressDelta|97|[Subframes] TS progress: mtime changed but no row differences found.
2026-04-23T01:45:29.9420|INFO|TsProgressReader.cs|ReadProgressDelta|97|[Subframes] TS progress: mtime changed but no row differences found.
2026-04-23T01:50:29.9462|INFO|TsProgressReader.cs|ReadProgressDelta|97|[Subframes] TS progress: mtime changed but no row differences found.
2026-04-23T01:55:29.9389|INFO|TsProgressReader.cs|ReadProgressDelta|97|[Subframes] TS progress: mtime changed but no row differences found.
2026-04-23T02:00:29.9539|INFO|TsProgressReader.cs|ReadProgressDelta|97|[Subframes] TS progress: mtime changed but no row differences found.
2026-04-23T02:05:29.9415|INFO|TsProgressReader.cs|ReadProgressDelta|97|[Subframes] TS progress: mtime changed but no row differences found.
2026-04-23T02:10:29.9541|INFO|TsProgressReader.cs|ReadProgressDelta|97|[Subframes] TS progress: mtime changed but no row differences found.
2026-04-23T02:15:29.9484|INFO|TsProgressReader.cs|ReadProgressDelta|97|[Subframes] TS progress: mtime changed but no row differences found.
2026-04-23T02:20:29.9535|INFO|TsProgressReader.cs|ReadProgressDelta|97|[Subframes] TS progress: mtime changed but no row differences found.
2026-04-23T02:25:29.9466|INFO|TsProgressReader.cs|ReadProgressDelta|97|[Subframes] TS progress: mtime changed but no row differences found.
2026-04-23T02:30:29.9531|INFO|TsProgressReader.cs|ReadProgressDelta|97|[Subframes] TS progress: mtime changed but no row differences found.
2026-04-23T02:35:29.9454|INFO|TsProgressReader.cs|ReadProgressDelta|97|[Subframes] TS progress: mtime changed but no row differences found.
2026-04-23T02:40:29.9530|INFO|TsProgressReader.cs|ReadProgressDelta|97|[Subframes] TS progress: mtime changed but no row differences found.
2026-04-23T02:45:29.9461|INFO|TsProgressReader.cs|ReadProgressDelta|97|[Subframes] TS progress: mtime changed but no row differences found.
2026-04-23T02:50:29.9422|INFO|TsProgressReader.cs|ReadProgressDelta|97|[Subframes] TS progress: mtime changed but no row differences found.
2026-04-23T02:55:29.9469|INFO|TsProgressReader.cs|ReadProgressDelta|97|[Subframes] TS progress: mtime changed but no row differences found.
2026-04-23T03:00:29.9438|INFO|TsProgressReader.cs|ReadProgressDelta|97|[Subframes] TS progress: mtime changed but no row differences found.
2026-04-23T03:05:29.9466|INFO|TsProgressReader.cs|ReadProgressDelta|97|[Subframes] TS progress: mtime changed but no row differences found.
2026-04-23T03:10:29.9419|INFO|TsProgressReader.cs|ReadProgressDelta|97|[Subframes] TS progress: mtime changed but no row differences found.
2026-04-23T03:15:29.9503|INFO|TsProgressReader.cs|ReadProgressDelta|97|[Subframes] TS progress: mtime changed but no row differences found.
2026-04-23T03:20:29.9436|INFO|TsProgressReader.cs|ReadProgressDelta|97|[Subframes] TS progress: mtime changed but no row differences found.
2026-04-23T03:25:29.9562|INFO|TsProgressReader.cs|ReadProgressDelta|97|[Subframes] TS progress: mtime changed but no row differences found.
2026-04-23T03:30:29.9439|INFO|TsProgressReader.cs|ReadProgressDelta|97|[Subframes] TS progress: mtime changed but no row differences found.
2026-04-23T03:35:29.9477|INFO|TsProgressReader.cs|ReadProgressDelta|97|[Subframes] TS progress: mtime changed but no row differences found.
2026-04-23T03:40:29.9431|INFO|TsProgressReader.cs|ReadProgressDelta|97|[Subframes] TS progress: mtime changed but no row differences found.
2026-04-23T03:45:29.9567|INFO|TsProgressReader.cs|ReadProgressDelta|97|[Subframes] TS progress: mtime changed but no row differences found.
2026-04-23T03:50:29.9434|INFO|TsProgressReader.cs|ReadProgressDelta|97|[Subframes] TS progress: mtime changed but no row differences found.
2026-04-23T03:55:29.9420|INFO|TsProgressReader.cs|ReadProgressDelta|97|[Subframes] TS progress: mtime changed but no row differences found.
2026-04-23T04:00:29.9521|INFO|TsProgressReader.cs|ReadProgressDelta|97|[Subframes] TS progress: mtime changed but no row differences found.
2026-04-23T04:05:29.9428|INFO|TsProgressReader.cs|ReadProgressDelta|97|[Subframes] TS progress: mtime changed but no row differences found.
2026-04-23T04:10:29.9504|INFO|TsProgressReader.cs|ReadProgressDelta|97|[Subframes] TS progress: mtime changed but no row differences found.
2026-04-23T04:15:29.9492|INFO|TsProgressReader.cs|ReadProgressDelta|97|[Subframes] TS progress: mtime changed but no row differences found.
2026-04-23T04:20:29.9484|INFO|TsProgressReader.cs|ReadProgressDelta|97|[Subframes] TS progress: mtime changed but no row differences found.
2026-04-23T04:25:29.9505|INFO|TsProgressReader.cs|ReadProgressDelta|97|[Subframes] TS progress: mtime changed but no row differences found.
2026-04-23T04:30:29.9497|INFO|TsProgressReader.cs|ReadProgressDelta|97|[Subframes] TS progress: mtime changed but no row differences found.
2026-04-23T04:35:29.9395|INFO|TsProgressReader.cs|ReadProgressDelta|97|[Subframes] TS progress: mtime changed but no row differences found.
2026-04-23T04:40:29.9487|INFO|TsProgressReader.cs|ReadProgressDelta|97|[Subframes] TS progress: mtime changed but no row differences found.
2026-04-23T04:45:29.9464|INFO|TsProgressReader.cs|ReadProgressDelta|97|[Subframes] TS progress: mtime changed but no row differences found.
2026-04-23T04:50:29.9426|INFO|TsProgressReader.cs|ReadProgressDelta|97|[Subframes] TS progress: mtime changed but no row differences found.
2026-04-23T04:55:29.9472|INFO|TsProgressReader.cs|ReadProgressDelta|97|[Subframes] TS progress: mtime changed but no row differences found.
2026-04-23T05:00:29.9492|INFO|TsProgressReader.cs|ReadProgressDelta|97|[Subframes] TS progress: mtime changed but no row differences found.
2026-04-23T05:05:29.9485|INFO|TsProgressReader.cs|ReadProgressDelta|97|[Subframes] TS progress: mtime changed but no row differences found.
2026-04-23T05:10:29.9438|INFO|TsProgressReader.cs|ReadProgressDelta|97|[Subframes] TS progress: mtime changed but no row differences found.
2026-04-23T05:15:29.9523|INFO|TsProgressReader.cs|ReadProgressDelta|97|[Subframes] TS progress: mtime changed but no row differences found.
2026-04-23T05:20:29.9506|INFO|TsProgressReader.cs|ReadProgressDelta|97|[Subframes] TS progress: mtime changed but no row differences found.
2026-04-23T05:25:26.8932|WARNING|TsPreviewClient.cs|FetchPreviewAsync|150|[Subframes] TsPreviewClient.FetchPreviewAsync failed for profile '533M-AT60' (0173997c-4bfa-48fd-9337-a48b6df99c38): TaskCanceledException: The request was canceled due to the configured HttpClient.Timeout of 5 seconds elapsing.
2026-04-23T05:25:29.9410|INFO|TsProgressReader.cs|ReadProgressDelta|97|[Subframes] TS progress: mtime changed but no row differences found.
2026-04-23T05:26:25.5294|INFO|TsProgressReader.cs|ReadProgressDelta|97|[Subframes] TS progress: mtime changed but no row differences found.
2026-04-23T05:30:29.9480|INFO|TsProgressReader.cs|ReadProgressDelta|97|[Subframes] TS progress: mtime changed but no row differences found.
2026-04-23T05:35:29.9455|INFO|TsProgressReader.cs|ReadProgressDelta|97|[Subframes] TS progress: mtime changed but no row differences found.
2026-04-23T05:40:29.9442|INFO|TsProgressReader.cs|ReadProgressDelta|97|[Subframes] TS progress: mtime changed but no row differences found.
2026-04-23T05:45:29.9414|INFO|TsProgressReader.cs|ReadProgressDelta|97|[Subframes] TS progress: mtime changed but no row differences found.
2026-04-23T05:50:29.9394|INFO|TsProgressReader.cs|ReadProgressDelta|97|[Subframes] TS progress: mtime changed but no row differences found.
2026-04-23T05:55:29.9473|INFO|TsProgressReader.cs|ReadProgressDelta|97|[Subframes] TS progress: mtime changed but no row differences found.
2026-04-23T06:00:29.9548|INFO|TsProgressReader.cs|ReadProgressDelta|97|[Subframes] TS progress: mtime changed but no row differences found.
2026-04-23T06:05:29.9497|INFO|TsProgressReader.cs|ReadProgressDelta|97|[Subframes] TS progress: mtime changed but no row differences found.
2026-04-23T06:10:29.9385|INFO|TsProgressReader.cs|ReadProgressDelta|97|[Subframes] TS progress: mtime changed but no row differences found.
2026-04-23T06:15:29.9550|INFO|TsProgressReader.cs|ReadProgressDelta|97|[Subframes] TS progress: mtime changed but no row differences found.
2026-04-23T06:20:29.9499|INFO|TsProgressReader.cs|ReadProgressDelta|97|[Subframes] TS progress: mtime changed but no row differences found.
2026-04-23T06:25:29.9443|INFO|TsProgressReader.cs|ReadProgressDelta|97|[Subframes] TS progress: mtime changed but no row differences found.
2026-04-23T06:30:29.9534|INFO|TsProgressReader.cs|ReadProgressDelta|97|[Subframes] TS progress: mtime changed but no row differences found.
2026-04-23T06:34:43.2725|INFO|TimeCondition.cs|Check|254|TimeCondition finished.
2026-04-23T06:34:43.2727|INFO|TimeCondition.cs|InterruptWhenTimeIsUp|63|Time limit exceeded - Interrupting current Instruction Set
2026-04-23T06:34:43.2770|INFO|WhenCommon.cs|Execute|425|When: Execute done; InFlight -> false, Triggered false
2026-04-23T06:34:43.2775|INFO|MeridianFlipTrigger.cs|ShouldTrigger|197|Meridian Flip - Telescope is at home position. Skip flip evaluation
2026-04-23T06:34:43.2779|INFO|SequenceItem.cs|Run|208|Starting Category: Target Scheduler, Container: NINA.Plugin.TargetScheduler.Sequencer.TargetSchedulerContainer, Strategy: SequentialStrategy, Target:  RA: 00:00:00; Dec: 00° 00' 00"; Epoch: J2000 0
2026-04-23T06:34:43.3382|INFO|SequenceItem.cs|Run|254|Finishing Category: Target Scheduler, Container: NINA.Plugin.TargetScheduler.Sequencer.TargetSchedulerContainer, Strategy: SequentialStrategy, Target:  RA: 00:00:00; Dec: 00° 00' 00"; Epoch: J2000 0
2026-04-23T06:34:43.3391|INFO|TimeCondition.cs|Check|254|TimeCondition finished.
2026-04-23T06:34:43.4575|INFO|WhenCommon.cs|SequenceBlockTeardown|198|Teardown; shutting down watchdog
2026-04-23T06:34:43.4577|INFO|SequenceItem.cs|Run|254|Finishing Category: * Instruction Set *, Container: NINA.Sequencer.Container.SequentialContainer, Strategy: SequentialStrategy, Items[FINISHED]: 12, Conditions: Condition: TimeCondition, Time: 6:34:43h, Condition: TargetSchedulerCondition mode=While Targets Remain Tonight, , Triggers: Trigger: CenterAfterDriftTrigger, DistanceArcMinutes: 1Trigger: WhenUnsafeCategory: Ground Station, Item: Failures to TelegramCategory: Connect, Item: ReconnectOnDownloadFailureTrigger: AutofocusAfterHFRIncreaseTrigger, Amount: 5Trigger: MeridianFlipTriggerCategory: Powerups (Misc), Item: DIYTriggerCategory: Ground Station, Item: Failures to PushoverTrigger: AutofocusAfterTemperatureChangeTrigger, Amount: 1.5°
2026-04-23T06:34:43.4578|INFO|SequenceItem.cs|Run|254|Finishing Category: * Instruction Set *, Container: NINA.Sequencer.Container.TargetAreaContainer, Strategy: SequentialStrategy, Items[FINISHED]: 1
2026-04-23T06:34:43.4579|INFO|SequenceItem.cs|Run|208|Starting Category: * Instruction Set *, Container: NINA.Sequencer.Container.EndAreaContainer, Strategy: SequentialStrategy, Items[CREATED]: 9
2026-04-23T06:34:43.4580|INFO|SequenceItem.cs|Run|208|Starting Category: Telescope, Item: FindHome
2026-04-23T06:34:43.4606|INFO|PHD2Guider.cs|StopGuiding|704|Phd2 - Stop Guiding skipped, as the app is already in state Stopped
2026-04-23T06:34:43.4607|INFO|TelescopeVM.cs|FindHome|292|Mount ordered to locate home position
2026-04-23T06:34:43.4826|INFO|TelescopeVM.cs|FindHome|336|Mount ordered to home but it is already at home
2026-04-23T06:34:43.4827|INFO|TelescopeVM.cs|FindHome|348|Mount has located its home position
2026-04-23T06:34:43.4828|INFO|SequenceItem.cs|Run|254|Finishing Category: Telescope, Item: FindHome
2026-04-23T06:34:43.4831|INFO|SequenceItem.cs|Run|208|Starting Night Summary - End Session
2026-04-23T06:34:43.4831|INFO|NightSummaryEndInstruction.cs|Execute|28|NightSummary: End Session instruction executing
2026-04-23T06:34:58.4964|WARNING|SessionService.cs|EndSession|165|NightSummary: EndSession called but no active session — nothing to do
2026-04-23T06:34:58.4966|INFO|NightSummaryEndInstruction.cs|Execute|39|NightSummary: Session ended successfully
2026-04-23T06:34:58.4968|INFO|SequenceItem.cs|Run|254|Finishing Night Summary - End Session
2026-04-23T06:34:58.4972|INFO|SequenceItem.cs|Run|208|Starting [EndSubframesSession]
2026-04-23T06:34:58.4982|WARNING|EndSessionItem.cs|Execute|50|[Subframes] EndSessionItem: no active session to end.
2026-04-23T06:34:58.4983|INFO|SequenceItem.cs|Run|254|Finishing [EndSubframesSession]
2026-04-23T06:34:58.4986|INFO|SequenceItem.cs|Run|208|Starting Category: Camera, Item: WarmCamera, Duration: 30
2026-04-23T06:34:58.4991|INFO|CameraVM.cs|WarmCamera|161|Warming Camera. Duration: 00:30:00
2026-04-23T06:35:29.9458|INFO|TsProgressReader.cs|ReadProgressDelta|97|[Subframes] TS progress: mtime changed but no row differences found.
2026-04-23T06:40:29.9466|INFO|TsProgressReader.cs|ReadProgressDelta|97|[Subframes] TS progress: mtime changed but no row differences found.
2026-04-23T06:45:29.9445|INFO|TsProgressReader.cs|ReadProgressDelta|97|[Subframes] TS progress: mtime changed but no row differences found.
2026-04-23T06:50:29.9484|INFO|TsProgressReader.cs|ReadProgressDelta|97|[Subframes] TS progress: mtime changed but no row differences found.
2026-04-23T06:55:29.9471|INFO|TsProgressReader.cs|ReadProgressDelta|97|[Subframes] TS progress: mtime changed but no row differences found.
2026-04-23T07:00:29.9402|INFO|TsProgressReader.cs|ReadProgressDelta|97|[Subframes] TS progress: mtime changed but no row differences found.
2026-04-23T07:05:29.9537|INFO|TsProgressReader.cs|ReadProgressDelta|97|[Subframes] TS progress: mtime changed but no row differences found.
2026-04-23T07:07:06.5175|INFO|CameraVM.cs|WarmCamera|179|Could not reach warming temperature. Most likley due to ambient temperature being lower. Continuing...
2026-04-23T07:07:26.5744|INFO|CameraVM.cs|WarmCamera|186|Turning cooler off
2026-04-23T07:07:26.5758|INFO|SequenceItem.cs|Run|254|Finishing Category: Camera, Item: WarmCamera, Duration: 30
2026-04-23T07:07:26.5761|INFO|SequenceItem.cs|Run|208|Starting Category: Guider, Item: StopGuiding
2026-04-23T07:07:26.5789|INFO|PHD2Guider.cs|StopGuiding|704|Phd2 - Stop Guiding skipped, as the app is already in state Stopped
2026-04-23T07:07:26.5790|INFO|SequenceItem.cs|Run|254|Finishing Category: Guider, Item: StopGuiding
2026-04-23T07:07:26.5792|INFO|SequenceItem.cs|Run|208|Starting Category: Phd2 Tools, Item: ShutdownPhd2Instruction
2026-04-23T07:07:26.5848|INFO|SequenceItem.cs|Run|254|Finishing Category: Phd2 Tools, Item: ShutdownPhd2Instruction
2026-04-23T07:07:26.5851|INFO|SequenceItem.cs|Run|208|Starting Category: Connect, Item: DisconnectAllEquipment
2026-04-23T07:07:26.6144|WARNING|PHD2Client.cs|ReadEventsAsync|189|PHD2Client: Connection closed by server
2026-04-23T07:07:26.6145|INFO|DitherStatisticsVM.cs|OnPHD2ConnectionStatusChanged|737|PHD2 Connection Status: Connection lost
2026-04-23T07:07:26.6145|INFO|PHD2Client.cs|ReadEventsAsync|205|PHD2Client: Stopped reading events
2026-04-23T07:07:26.6530|INFO|CameraVM.cs|Disconnect|650|Disconnected Camera
2026-04-23T07:07:26.6694|INFO|AscomDevice.cs|Disconnect|378|Disconnecting from ASCOM.EFW2.FilterWheel ZWO FilterWheel
2026-04-23T07:07:26.6751|INFO|FilterWheelVM.cs|Disconnect|333|Disconnected Filter Wheel
2026-04-23T07:07:26.6781|INFO|AscomDevice.cs|Disconnect|378|Disconnecting from ASCOM.EAF.Focuser ZWO Focuser
2026-04-23T07:07:26.6969|INFO|FocuserVM.cs|Disconnect|441|Disconnected Focuser
2026-04-23T07:07:26.6974|INFO|DisconnectAllEquipment.cs|Execute|139|Rotator is already disconnected
2026-04-23T07:07:26.6999|INFO|AscomDevice.cs|Disconnect|378|Disconnecting from ASCOM.iOptron2017.Telescope iOptron CEM120,70,40,26, GEM, HEM, HAE, HAZ series and SkyHunter Mount
2026-04-23T07:07:26.7490|INFO|TelescopeVM.cs|Disconnect|740|Disconnected mount
2026-04-23T07:07:26.7497|INFO|DisconnectAllEquipment.cs|Execute|139|Guider is already disconnected
2026-04-23T07:07:26.7498|INFO|DisconnectAllEquipment.cs|Execute|139|Switch is already disconnected
2026-04-23T07:07:26.7498|INFO|DisconnectAllEquipment.cs|Execute|139|Flat Panel is already disconnected
2026-04-23T07:07:26.7520|INFO|AscomDevice.cs|Disconnect|378|Disconnecting from ASCOM.SkyAlert.ObservingConditions SkyAlert Observing Conditions
2026-04-23T07:07:26.7569|INFO|WeatherDataVM.cs|Disconnect|305|Disconnected Weather Device
2026-04-23T07:07:26.7574|INFO|DisconnectAllEquipment.cs|Execute|139|Dome is already disconnected
2026-04-23T07:07:26.7593|INFO|AscomDevice.cs|Disconnect|378|Disconnecting from ASCOM.GenericFile.SafetyMonitor Generic File driver
2026-04-23T07:07:26.7644|INFO|SafetyMonitorVM.cs|Disconnect|221|Disconnected Safety Monitor
2026-04-23T07:07:26.7649|INFO|SequenceItem.cs|Run|254|Finishing Category: Connect, Item: DisconnectAllEquipment
2026-04-23T07:07:26.7652|INFO|SequenceItem.cs|Run|208|Starting Category: Ground Station, Item: Send to Pushover, Title: Disconnected
2026-04-23T07:07:26.9508|INFO|SequenceItem.cs|Run|254|Finishing Category: Ground Station, Item: Send to Pushover, Title: Disconnected
2026-04-23T07:07:26.9537|INFO|SequenceItem.cs|Run|208|Starting Category: Ground Station, Item: Send to Telegram
2026-04-23T07:07:27.6015|INFO|SequenceItem.cs|Run|254|Finishing Category: Ground Station, Item: Send to Telegram
2026-04-23T07:07:27.6019|INFO|SequenceItem.cs|Run|254|Finishing Category: * Instruction Set *, Container: NINA.Sequencer.Container.EndAreaContainer, Strategy: SequentialStrategy, Items[FINISHED]: 9
2026-04-23T07:07:27.6021|INFO|SequenceItem.cs|Run|254|Finishing Category: * Instruction Set *, Container: NINA.Sequencer.Container.SequenceRootContainer, Strategy: SequentialStrategy, Items[FINISHED]: 3, Triggers: Category: Ground Station, Item: Failures to Telegram
2026-04-23T07:07:27.6025|INFO|Sequence2VM.cs|StartSequence|548|Advanced Sequence finished
2026-04-23T07:07:27.6033|INFO|WhenCommon.cs|InterruptWhen|350|Restarting sequence, Triggered -> true
2026-04-23T07:07:31.6266|INFO|PHD2Client.cs|ConnectAsync|102|PHD2Client: Connecting to PHD2 at 127.0.0.1:4400...
2026-04-23T07:07:33.6690|ERROR|PHD2Client.cs|ConnectAsync|132|PHD2Client: Connection failed: No connection could be made because the target machine actively refused it.
2026-04-23T07:10:29.9424|INFO|TsProgressReader.cs|ReadProgressDelta|97|[Subframes] TS progress: mtime changed but no row differences found.
2026-04-23T07:15:29.9476|INFO|TsProgressReader.cs|ReadProgressDelta|97|[Subframes] TS progress: mtime changed but no row differences found.
2026-04-23T07:20:29.9472|INFO|TsProgressReader.cs|ReadProgressDelta|97|[Subframes] TS progress: mtime changed but no row differences found.
2026-04-23T07:25:29.9444|INFO|TsProgressReader.cs|ReadProgressDelta|97|[Subframes] TS progress: mtime changed but no row differences found.
2026-04-23T07:30:29.9496|INFO|TsProgressReader.cs|ReadProgressDelta|97|[Subframes] TS progress: mtime changed but no row differences found.
2026-04-23T07:35:29.9491|INFO|TsProgressReader.cs|ReadProgressDelta|97|[Subframes] TS progress: mtime changed but no row differences found.
2026-04-23T07:40:29.9431|INFO|TsProgressReader.cs|ReadProgressDelta|97|[Subframes] TS progress: mtime changed but no row differences found.
2026-04-23T07:45:29.9492|INFO|TsProgressReader.cs|ReadProgressDelta|97|[Subframes] TS progress: mtime changed but no row differences found.
2026-04-23T07:50:29.9427|INFO|TsProgressReader.cs|ReadProgressDelta|97|[Subframes] TS progress: mtime changed but no row differences found.
2026-04-23T07:55:29.9495|INFO|TsProgressReader.cs|ReadProgressDelta|97|[Subframes] TS progress: mtime changed but no row differences found.
2026-04-23T08:00:29.9496|INFO|TsProgressReader.cs|ReadProgressDelta|97|[Subframes] TS progress: mtime changed but no row differences found.
2026-04-23T08:05:29.9426|INFO|TsProgressReader.cs|ReadProgressDelta|97|[Subframes] TS progress: mtime changed but no row differences found.
2026-04-23T08:10:29.9416|INFO|TsProgressReader.cs|ReadProgressDelta|97|[Subframes] TS progress: mtime changed but no row differences found.
2026-04-23T08:15:29.9437|INFO|TsProgressReader.cs|ReadProgressDelta|97|[Subframes] TS progress: mtime changed but no row differences found.
2026-04-23T08:20:29.9440|INFO|TsProgressReader.cs|ReadProgressDelta|97|[Subframes] TS progress: mtime changed but no row differences found.
2026-04-23T08:25:29.9433|INFO|TsProgressReader.cs|ReadProgressDelta|97|[Subframes] TS progress: mtime changed but no row differences found.
2026-04-23T08:30:29.9519|INFO|TsProgressReader.cs|ReadProgressDelta|97|[Subframes] TS progress: mtime changed but no row differences found.
2026-04-23T08:35:29.9518|INFO|TsProgressReader.cs|ReadProgressDelta|97|[Subframes] TS progress: mtime changed but no row differences found.
2026-04-23T08:40:29.9564|INFO|TsProgressReader.cs|ReadProgressDelta|97|[Subframes] TS progress: mtime changed but no row differences found.
2026-04-23T08:45:29.9559|INFO|TsProgressReader.cs|ReadProgressDelta|97|[Subframes] TS progress: mtime changed but no row differences found.
2026-04-23T08:50:29.9426|INFO|TsProgressReader.cs|ReadProgressDelta|97|[Subframes] TS progress: mtime changed but no row differences found.
2026-04-23T08:55:29.9464|INFO|TsProgressReader.cs|ReadProgressDelta|97|[Subframes] TS progress: mtime changed but no row differences found.
2026-04-23T09:00:29.9526|INFO|TsProgressReader.cs|ReadProgressDelta|97|[Subframes] TS progress: mtime changed but no row differences found.
2026-04-23T09:05:29.9449|INFO|TsProgressReader.cs|ReadProgressDelta|97|[Subframes] TS progress: mtime changed but no row differences found.
2026-04-23T09:10:29.9560|INFO|TsProgressReader.cs|ReadProgressDelta|97|[Subframes] TS progress: mtime changed but no row differences found.
2026-04-23T09:15:29.9489|INFO|TsProgressReader.cs|ReadProgressDelta|97|[Subframes] TS progress: mtime changed but no row differences found.
2026-04-23T09:20:29.9538|INFO|TsProgressReader.cs|ReadProgressDelta|97|[Subframes] TS progress: mtime changed but no row differences found.
2026-04-23T09:25:29.9458|INFO|TsProgressReader.cs|ReadProgressDelta|97|[Subframes] TS progress: mtime changed but no row differences found.
2026-04-23T09:30:29.9451|INFO|TsProgressReader.cs|ReadProgressDelta|97|[Subframes] TS progress: mtime changed but no row differences found.
2026-04-23T09:35:29.9533|INFO|TsProgressReader.cs|ReadProgressDelta|97|[Subframes] TS progress: mtime changed but no row differences found.
2026-04-23T09:40:29.9551|INFO|TsProgressReader.cs|ReadProgressDelta|97|[Subframes] TS progress: mtime changed but no row differences found.
2026-04-23T09:45:29.9497|INFO|TsProgressReader.cs|ReadProgressDelta|97|[Subframes] TS progress: mtime changed but no row differences found.
2026-04-23T09:50:29.9442|INFO|TsProgressReader.cs|ReadProgressDelta|97|[Subframes] TS progress: mtime changed but no row differences found.
2026-04-23T09:55:29.9495|INFO|TsProgressReader.cs|ReadProgressDelta|97|[Subframes] TS progress: mtime changed but no row differences found.
2026-04-23T10:00:29.9452|INFO|TsProgressReader.cs|ReadProgressDelta|97|[Subframes] TS progress: mtime changed but no row differences found.
2026-04-23T10:05:29.9483|INFO|TsProgressReader.cs|ReadProgressDelta|97|[Subframes] TS progress: mtime changed but no row differences found.
2026-04-23T10:10:29.9546|INFO|TsProgressReader.cs|ReadProgressDelta|97|[Subframes] TS progress: mtime changed but no row differences found.
2026-04-23T10:15:29.9547|INFO|TsProgressReader.cs|ReadProgressDelta|97|[Subframes] TS progress: mtime changed but no row differences found.
2026-04-23T10:20:29.9408|INFO|TsProgressReader.cs|ReadProgressDelta|97|[Subframes] TS progress: mtime changed but no row differences found.
2026-04-23T10:25:29.9495|INFO|TsProgressReader.cs|ReadProgressDelta|97|[Subframes] TS progress: mtime changed but no row differences found.
2026-04-23T10:30:29.9415|INFO|TsProgressReader.cs|ReadProgressDelta|97|[Subframes] TS progress: mtime changed but no row differences found.
2026-04-23T10:35:29.9492|INFO|TsProgressReader.cs|ReadProgressDelta|97|[Subframes] TS progress: mtime changed but no row differences found.
2026-04-23T10:40:29.9515|INFO|TsProgressReader.cs|ReadProgressDelta|97|[Subframes] TS progress: mtime changed but no row differences found.
2026-04-23T10:45:29.9544|INFO|TsProgressReader.cs|ReadProgressDelta|97|[Subframes] TS progress: mtime changed but no row differences found.
2026-04-23T10:50:29.9545|INFO|TsProgressReader.cs|ReadProgressDelta|97|[Subframes] TS progress: mtime changed but no row differences found.
2026-04-23T10:55:29.9513|INFO|TsProgressReader.cs|ReadProgressDelta|97|[Subframes] TS progress: mtime changed but no row differences found.
2026-04-23T11:00:29.9552|INFO|TsProgressReader.cs|ReadProgressDelta|97|[Subframes] TS progress: mtime changed but no row differences found.
2026-04-23T11:05:29.9532|INFO|TsProgressReader.cs|ReadProgressDelta|97|[Subframes] TS progress: mtime changed but no row differences found.
2026-04-23T11:10:29.9489|INFO|TsProgressReader.cs|ReadProgressDelta|97|[Subframes] TS progress: mtime changed but no row differences found.
2026-04-23T11:15:29.9502|INFO|TsProgressReader.cs|ReadProgressDelta|97|[Subframes] TS progress: mtime changed but no row differences found.
2026-04-23T11:20:29.9495|INFO|TsProgressReader.cs|ReadProgressDelta|97|[Subframes] TS progress: mtime changed but no row differences found.
2026-04-23T11:25:29.9451|INFO|TsProgressReader.cs|ReadProgressDelta|97|[Subframes] TS progress: mtime changed but no row differences found.
2026-04-23T11:30:29.9433|INFO|TsProgressReader.cs|ReadProgressDelta|97|[Subframes] TS progress: mtime changed but no row differences found.
2026-04-23T11:35:29.9512|INFO|TsProgressReader.cs|ReadProgressDelta|97|[Subframes] TS progress: mtime changed but no row differences found.
2026-04-23T11:40:29.9466|INFO|TsProgressReader.cs|ReadProgressDelta|97|[Subframes] TS progress: mtime changed but no row differences found.
2026-04-23T11:45:29.9479|INFO|TsProgressReader.cs|ReadProgressDelta|97|[Subframes] TS progress: mtime changed but no row differences found.
2026-04-23T11:50:29.9523|INFO|TsProgressReader.cs|ReadProgressDelta|97|[Subframes] TS progress: mtime changed but no row differences found.
2026-04-23T11:55:29.9497|INFO|TsProgressReader.cs|ReadProgressDelta|97|[Subframes] TS progress: mtime changed but no row differences found.
2026-04-23T12:00:26.8888|WARNING|TsPreviewClient.cs|FetchPreviewAsync|150|[Subframes] TsPreviewClient.FetchPreviewAsync failed for profile '533M-AT60' (0173997c-4bfa-48fd-9337-a48b6df99c38): TaskCanceledException: The request was canceled due to the configured HttpClient.Timeout of 5 seconds elapsing.
2026-04-23T12:00:29.9395|INFO|TsProgressReader.cs|ReadProgressDelta|97|[Subframes] TS progress: mtime changed but no row differences found.
2026-04-23T12:01:25.5014|INFO|TsProgressReader.cs|ReadProgressDelta|97|[Subframes] TS progress: mtime changed but no row differences found.
2026-04-23T12:05:29.9492|INFO|TsProgressReader.cs|ReadProgressDelta|97|[Subframes] TS progress: mtime changed but no row differences found.
2026-04-23T12:10:29.9515|INFO|TsProgressReader.cs|ReadProgressDelta|97|[Subframes] TS progress: mtime changed but no row differences found.
2026-04-23T12:15:29.9556|INFO|TsProgressReader.cs|ReadProgressDelta|97|[Subframes] TS progress: mtime changed but no row differences found.
2026-04-23T12:20:29.9437|INFO|TsProgressReader.cs|ReadProgressDelta|97|[Subframes] TS progress: mtime changed but no row differences found.
2026-04-23T12:25:29.9483|INFO|TsProgressReader.cs|ReadProgressDelta|97|[Subframes] TS progress: mtime changed but no row differences found.
2026-04-23T12:30:29.9555|INFO|TsProgressReader.cs|ReadProgressDelta|97|[Subframes] TS progress: mtime changed but no row differences found.
2026-04-23T12:35:29.9451|INFO|TsProgressReader.cs|ReadProgressDelta|97|[Subframes] TS progress: mtime changed but no row differences found.
2026-04-23T12:40:29.9525|INFO|TsProgressReader.cs|ReadProgressDelta|97|[Subframes] TS progress: mtime changed but no row differences found.
2026-04-23T12:45:29.9460|INFO|TsProgressReader.cs|ReadProgressDelta|97|[Subframes] TS progress: mtime changed but no row differences found.
2026-04-23T12:50:29.9474|INFO|TsProgressReader.cs|ReadProgressDelta|97|[Subframes] TS progress: mtime changed but no row differences found.
2026-04-23T12:55:29.9498|INFO|TsProgressReader.cs|ReadProgressDelta|97|[Subframes] TS progress: mtime changed but no row differences found.
2026-04-23T13:00:29.9409|INFO|TsProgressReader.cs|ReadProgressDelta|97|[Subframes] TS progress: mtime changed but no row differences found.
2026-04-23T13:05:29.9404|INFO|TsProgressReader.cs|ReadProgressDelta|97|[Subframes] TS progress: mtime changed but no row differences found.
2026-04-23T13:10:29.9388|INFO|TsProgressReader.cs|ReadProgressDelta|97|[Subframes] TS progress: mtime changed but no row differences found.
2026-04-23T13:15:29.9422|INFO|TsProgressReader.cs|ReadProgressDelta|97|[Subframes] TS progress: mtime changed but no row differences found.
2026-04-23T13:20:29.9498|INFO|TsProgressReader.cs|ReadProgressDelta|97|[Subframes] TS progress: mtime changed but no row differences found.
2026-04-23T13:25:29.9431|INFO|TsProgressReader.cs|ReadProgressDelta|97|[Subframes] TS progress: mtime changed but no row differences found.
2026-04-23T13:30:29.9476|INFO|TsProgressReader.cs|ReadProgressDelta|97|[Subframes] TS progress: mtime changed but no row differences found.
2026-04-23T13:35:29.9406|INFO|TsProgressReader.cs|ReadProgressDelta|97|[Subframes] TS progress: mtime changed but no row differences found.
2026-04-23T13:40:29.9499|INFO|TsProgressReader.cs|ReadProgressDelta|97|[Subframes] TS progress: mtime changed but no row differences found.
2026-04-23T13:45:29.9399|INFO|TsProgressReader.cs|ReadProgressDelta|97|[Subframes] TS progress: mtime changed but no row differences found.
2026-04-23T13:50:29.9475|INFO|TsProgressReader.cs|ReadProgressDelta|97|[Subframes] TS progress: mtime changed but no row differences found.
2026-04-23T13:55:29.9501|INFO|TsProgressReader.cs|ReadProgressDelta|97|[Subframes] TS progress: mtime changed but no row differences found.
2026-04-23T14:00:29.9417|INFO|TsProgressReader.cs|ReadProgressDelta|97|[Subframes] TS progress: mtime changed but no row differences found.
2026-04-23T14:05:29.9502|INFO|TsProgressReader.cs|ReadProgressDelta|97|[Subframes] TS progress: mtime changed but no row differences found.
2026-04-23T14:10:29.9469|INFO|TsProgressReader.cs|ReadProgressDelta|97|[Subframes] TS progress: mtime changed but no row differences found.
2026-04-23T14:15:29.9515|INFO|TsProgressReader.cs|ReadProgressDelta|97|[Subframes] TS progress: mtime changed but no row differences found.
2026-04-23T14:20:29.9415|INFO|TsProgressReader.cs|ReadProgressDelta|97|[Subframes] TS progress: mtime changed but no row differences found.
2026-04-23T14:25:29.9547|INFO|TsProgressReader.cs|ReadProgressDelta|97|[Subframes] TS progress: mtime changed but no row differences found.
2026-04-23T14:30:29.9549|INFO|TsProgressReader.cs|ReadProgressDelta|97|[Subframes] TS progress: mtime changed but no row differences found.
2026-04-23T14:35:29.9561|INFO|TsProgressReader.cs|ReadProgressDelta|97|[Subframes] TS progress: mtime changed but no row differences found.
2026-04-23T14:40:29.9888|INFO|TsProgressReader.cs|ReadProgressDelta|97|[Subframes] TS progress: mtime changed but no row differences found.
2026-04-23T14:45:29.9468|INFO|TsProgressReader.cs|ReadProgressDelta|97|[Subframes] TS progress: mtime changed but no row differences found.
2026-04-23T14:50:29.9507|INFO|TsProgressReader.cs|ReadProgressDelta|97|[Subframes] TS progress: mtime changed but no row differences found.
2026-04-23T14:55:29.9498|INFO|TsProgressReader.cs|ReadProgressDelta|97|[Subframes] TS progress: mtime changed but no row differences found.
2026-04-23T15:00:29.9434|INFO|TsProgressReader.cs|ReadProgressDelta|97|[Subframes] TS progress: mtime changed but no row differences found.
2026-04-23T15:05:29.9464|INFO|TsProgressReader.cs|ReadProgressDelta|97|[Subframes] TS progress: mtime changed but no row differences found.
2026-04-23T15:10:29.9422|INFO|TsProgressReader.cs|ReadProgressDelta|97|[Subframes] TS progress: mtime changed but no row differences found.
2026-04-23T15:15:29.9429|INFO|TsProgressReader.cs|ReadProgressDelta|97|[Subframes] TS progress: mtime changed but no row differences found.
2026-04-23T15:17:26.8762|WARNING|TsPreviewClient.cs|FetchPreviewAsync|150|[Subframes] TsPreviewClient.FetchPreviewAsync failed for profile '533M-AT60' (0173997c-4bfa-48fd-9337-a48b6df99c38): TaskCanceledException: The request was canceled due to the configured HttpClient.Timeout of 5 seconds elapsing.
2026-04-23T15:18:25.4951|INFO|TsProgressReader.cs|ReadProgressDelta|97|[Subframes] TS progress: mtime changed but no row differences found.
2026-04-23T15:20:29.9540|INFO|TsProgressReader.cs|ReadProgressDelta|97|[Subframes] TS progress: mtime changed but no row differences found.
2026-04-23T15:25:29.9533|INFO|TsProgressReader.cs|ReadProgressDelta|97|[Subframes] TS progress: mtime changed but no row differences found.
2026-04-23T15:30:29.9376|INFO|TsProgressReader.cs|ReadProgressDelta|97|[Subframes] TS progress: mtime changed but no row differences found.
2026-04-23T15:35:29.9492|INFO|TsProgressReader.cs|ReadProgressDelta|97|[Subframes] TS progress: mtime changed but no row differences found.
2026-04-23T15:40:29.9512|INFO|TsProgressReader.cs|ReadProgressDelta|97|[Subframes] TS progress: mtime changed but no row differences found.
2026-04-23T15:45:29.9407|INFO|TsProgressReader.cs|ReadProgressDelta|97|[Subframes] TS progress: mtime changed but no row differences found.
2026-04-23T15:50:29.9556|INFO|TsProgressReader.cs|ReadProgressDelta|97|[Subframes] TS progress: mtime changed but no row differences found.
2026-04-23T15:55:29.9427|INFO|TsProgressReader.cs|ReadProgressDelta|97|[Subframes] TS progress: mtime changed but no row differences found.
2026-04-23T16:00:29.9460|INFO|TsProgressReader.cs|ReadProgressDelta|97|[Subframes] TS progress: mtime changed but no row differences found.
2026-04-23T16:05:29.9473|INFO|TsProgressReader.cs|ReadProgressDelta|97|[Subframes] TS progress: mtime changed but no row differences found.
2026-04-23T16:10:29.9556|INFO|TsProgressReader.cs|ReadProgressDelta|97|[Subframes] TS progress: mtime changed but no row differences found.
2026-04-23T16:15:29.9454|INFO|TsProgressReader.cs|ReadProgressDelta|97|[Subframes] TS progress: mtime changed but no row differences found.
2026-04-23T16:20:29.9546|INFO|TsProgressReader.cs|ReadProgressDelta|97|[Subframes] TS progress: mtime changed but no row differences found.
2026-04-23T16:25:29.9443|INFO|TsProgressReader.cs|ReadProgressDelta|97|[Subframes] TS progress: mtime changed but no row differences found.
2026-04-23T16:30:29.9505|INFO|TsProgressReader.cs|ReadProgressDelta|97|[Subframes] TS progress: mtime changed but no row differences found.
2026-04-23T16:35:29.9442|INFO|TsProgressReader.cs|ReadProgressDelta|97|[Subframes] TS progress: mtime changed but no row differences found.
2026-04-23T16:40:29.9544|INFO|TsProgressReader.cs|ReadProgressDelta|97|[Subframes] TS progress: mtime changed but no row differences found.
2026-04-23T16:45:29.9545|INFO|TsProgressReader.cs|ReadProgressDelta|97|[Subframes] TS progress: mtime changed but no row differences found.
2026-04-23T16:50:29.9495|INFO|TsProgressReader.cs|ReadProgressDelta|97|[Subframes] TS progress: mtime changed but no row differences found.
2026-04-23T16:55:29.9519|INFO|TsProgressReader.cs|ReadProgressDelta|97|[Subframes] TS progress: mtime changed but no row differences found.
2026-04-23T17:00:29.9477|INFO|TsProgressReader.cs|ReadProgressDelta|97|[Subframes] TS progress: mtime changed but no row differences found.
2026-04-23T17:05:29.9489|INFO|TsProgressReader.cs|ReadProgressDelta|97|[Subframes] TS progress: mtime changed but no row differences found.
2026-04-23T17:10:29.9556|INFO|TsProgressReader.cs|ReadProgressDelta|97|[Subframes] TS progress: mtime changed but no row differences found.
2026-04-23T17:15:29.9401|INFO|TsProgressReader.cs|ReadProgressDelta|97|[Subframes] TS progress: mtime changed but no row differences found.
2026-04-23T17:20:29.9556|INFO|TsProgressReader.cs|ReadProgressDelta|97|[Subframes] TS progress: mtime changed but no row differences found.
2026-04-23T17:25:29.9548|INFO|TsProgressReader.cs|ReadProgressDelta|97|[Subframes] TS progress: mtime changed but no row differences found.
2026-04-23T17:30:29.9494|INFO|TsProgressReader.cs|ReadProgressDelta|97|[Subframes] TS progress: mtime changed but no row differences found.
2026-04-23T17:35:29.9543|INFO|TsProgressReader.cs|ReadProgressDelta|97|[Subframes] TS progress: mtime changed but no row differences found.
2026-04-23T17:40:29.9559|INFO|TsProgressReader.cs|ReadProgressDelta|97|[Subframes] TS progress: mtime changed but no row differences found.
2026-04-23T17:45:29.9450|INFO|TsProgressReader.cs|ReadProgressDelta|97|[Subframes] TS progress: mtime changed but no row differences found.
2026-04-23T17:50:29.9487|INFO|TsProgressReader.cs|ReadProgressDelta|97|[Subframes] TS progress: mtime changed but no row differences found.
2026-04-23T17:55:29.9493|INFO|TsProgressReader.cs|ReadProgressDelta|97|[Subframes] TS progress: mtime changed but no row differences found.
2026-04-23T18:00:29.9466|INFO|TsProgressReader.cs|ReadProgressDelta|97|[Subframes] TS progress: mtime changed but no row differences found.
2026-04-23T18:05:29.9517|INFO|TsProgressReader.cs|ReadProgressDelta|97|[Subframes] TS progress: mtime changed but no row differences found.
2026-04-23T18:10:29.9539|INFO|TsProgressReader.cs|ReadProgressDelta|97|[Subframes] TS progress: mtime changed but no row differences found.
2026-04-23T18:15:29.9475|INFO|TsProgressReader.cs|ReadProgressDelta|97|[Subframes] TS progress: mtime changed but no row differences found.
2026-04-23T18:20:29.9447|INFO|TsProgressReader.cs|ReadProgressDelta|97|[Subframes] TS progress: mtime changed but no row differences found.
2026-04-23T18:25:29.9485|INFO|TsProgressReader.cs|ReadProgressDelta|97|[Subframes] TS progress: mtime changed but no row differences found.
2026-04-23T18:30:29.9413|INFO|TsProgressReader.cs|ReadProgressDelta|97|[Subframes] TS progress: mtime changed but no row differences found.
2026-04-23T18:35:29.9416|INFO|TsProgressReader.cs|ReadProgressDelta|97|[Subframes] TS progress: mtime changed but no row differences found.
2026-04-23T18:40:29.9415|INFO|TsProgressReader.cs|ReadProgressDelta|97|[Subframes] TS progress: mtime changed but no row differences found.
2026-04-23T18:45:29.9472|INFO|TsProgressReader.cs|ReadProgressDelta|97|[Subframes] TS progress: mtime changed but no row differences found.
2026-04-23T18:50:29.9418|INFO|TsProgressReader.cs|ReadProgressDelta|97|[Subframes] TS progress: mtime changed but no row differences found.
2026-04-23T18:55:29.9410|INFO|TsProgressReader.cs|ReadProgressDelta|97|[Subframes] TS progress: mtime changed but no row differences found.
2026-04-23T18:56:27.0921|WARNING|TsPreviewClient.cs|FetchPreviewAsync|150|[Subframes] TsPreviewClient.FetchPreviewAsync failed for profile '533M-AT60' (0173997c-4bfa-48fd-9337-a48b6df99c38): TaskCanceledException: The request was canceled due to the configured HttpClient.Timeout of 5 seconds elapsing.
2026-04-23T18:56:31.3814|INFO|ApplicationVM.cs|Exit|244|Shutting down application - requested by user
2026-04-23T18:56:31.4990|INFO|ApplicationVM.cs|Closing|289|Application shutting down
2026-04-23T18:56:31.5457|INFO|DomeVM.cs|Disconnect|355|Disconnected Dome Device
2026-04-23T18:56:31.5514|INFO|FlatDeviceVM.cs|Disconnect|289|Disconnected Flat Device
2026-04-23T18:56:31.5523|INFO|CameraVM.cs|Disconnect|650|Disconnected Camera
2026-04-23T18:56:31.5530|INFO|TelescopeVM.cs|Disconnect|740|Disconnected mount
2026-04-23T18:56:31.5533|INFO|FilterWheelVM.cs|Disconnect|333|Disconnected Filter Wheel
2026-04-23T18:56:31.5538|INFO|FocuserVM.cs|Disconnect|441|Disconnected Focuser
2026-04-23T18:56:31.5600|INFO|RotatorVM.cs|Disconnect|447|Disconnected Rotator
2026-04-23T18:56:31.5647|INFO|SwitchVM.cs|Disconnect|309|Disconnected Switch
2026-04-23T18:56:31.5653|INFO|WeatherDataVM.cs|Disconnect|305|Disconnected Weather Device
2026-04-23T18:56:31.5655|INFO|SafetyMonitorVM.cs|Disconnect|221|Disconnected Safety Monitor
2026-04-23T18:56:32.4621|INFO|API.cs|StopWatchers|86|Stopping all event watchers
2026-04-23T18:56:32.5138|INFO|NightSummaryPlugin.cs|Teardown|257|NightSummary: Plugin torn down
2026-04-23T18:56:32.5619|INFO|Plugin.cs|Teardown|347|[Subframes] Plugin unloaded (primary instance).
