----------------------------------------------------------------------
--------------N.I.N.A. - Nighttime Imaging 'N' Astronomy--------------
--------------------------Version 3.2.0.9001--------------------------
-------------------------2026-05-16T11:20:59--------------------------
----------------------------------------------------------------------
---------------------Microsoft Windows 10.0.19045---------------------
-------------------------OS Architecture X64--------------------------
-----------------------Process Architecture X64-----------------------
-----------------------------.NET 8.0.21------------------------------
----------------------------------------------------------------------
--------------------------Processor Count 4---------------------------
--------------------Total Physical Memory 7.84 GB---------------------
----------------------------------------------------------------------
DATE|LEVEL|SOURCE|MEMBER|LINE|MESSAGE
2026-05-16T11:20:59.7817|INFO|App.xaml.cs|OnStartup|170|Launched with command line arguments: --sequencefile C:\Users\nicka\Astro\NINA\NINA_Sequences\TargetScheduler.json --runsequence
2026-05-16T11:21:04.1329|INFO|CameraChooserVM.cs|GetEquipment|69|Found 2 ASI Cameras
2026-05-16T11:21:04.3942|INFO|CameraChooserVM.cs|GetEquipment|84|Found 0 Altair Cameras
2026-05-16T11:21:04.6244|INFO|CameraChooserVM.cs|GetEquipment|96|Found 0 Atik Cameras
2026-05-16T11:21:04.8524|INFO|CameraChooserVM.cs|GetEquipment|110|Found 0 FLI Cameras
2026-05-16T11:21:06.1918|INFO|CameraChooserVM.cs|GetEquipment|130|Found 0 QHYCCD Cameras
2026-05-16T11:21:06.6666|INFO|CameraChooserVM.cs|GetEquipment|158|Found 0 ToupTek Cameras
2026-05-16T11:21:06.7856|INFO|CameraChooserVM.cs|GetEquipment|173|Found 0 Ogma Cameras
2026-05-16T11:21:06.9536|INFO|CameraChooserVM.cs|GetEquipment|188|Found 0 Omegon Cameras
2026-05-16T11:21:07.5117|INFO|CameraChooserVM.cs|GetEquipment|203|Found 0 RisingCam Cameras
2026-05-16T11:21:07.6984|INFO|CameraChooserVM.cs|GetEquipment|218|Found 0 MallinCam Cameras
2026-05-16T11:21:07.8425|INFO|CameraChooserVM.cs|GetEquipment|243|Found 0 SVBony Cameras
2026-05-16T11:21:07.8458|INFO|CameraChooserVM.cs|GetEquipment|259|Found 0 SBIG Cameras
2026-05-16T11:21:15.9977|INFO|ApplicationVM.cs|CheckDiskInfo|100|Available Space on Drive C:\: 137.03 GB
2026-05-16T11:21:16.0043|INFO|ApplicationVM.cs|CheckDiskInfo|102|Drive E:\ is not ready
2026-05-16T11:21:16.0058|INFO|ApplicationVM.cs|CheckDiskInfo|100|Available Space on Drive G:\: 62.12 GB
2026-05-16T11:21:16.0168|INFO|ApplicationVM.cs|CheckDiskInfo|100|Available Space on Drive Z:\: 34.75 GB
2026-05-16T11:21:17.4233|INFO|ApplicationVM.cs|CheckASCOMPlatformVersion|81|ASCOM Platform 6.6.2.4195 installed
2026-05-16T11:21:17.9160|INFO|API.cs|Start|99|Starting Webserver
2026-05-16T11:21:17.9174|INFO|API.cs|APITask|134|starting web server, listening at 172.19.6.111:1888
2026-05-16T11:21:18.0817|INFO|NINALogWatcher.cs|Start|33|watching log file: C:\Users\nicka\AppData\Local\NINA\Logs\20260516-112058-3.2.0.9001.12988-202605.log
2026-05-16T11:21:18.0985|INFO|PluginLoader.cs|LoadPlugin|402|Successfully loaded plugin Advanced API version 2.2.15.1 by Christian Palm
2026-05-16T11:21:18.9405|INFO|PluginLoader.cs|LoadPlugin|402|Successfully loaded plugin Autofocus Report Analysis version 2.0.0.9 by Stefan Berg @isbeorn
2026-05-16T11:21:19.2559|INFO|PluginLoader.cs|LoadPlugin|402|Successfully loaded plugin Connector version 2.1.0.2 by Stefan Berg @isbeorn
2026-05-16T11:21:19.4816|INFO|PluginLoader.cs|LoadPlugin|402|Successfully loaded plugin Device Actions and Commands version 2.2.0.0 by Dale Ghent
2026-05-16T11:21:20.3787|INFO|PluginLoader.cs|LoadPlugin|402|Successfully loaded plugin Discord Alert version 2.2.0.0 by Drew McDermott
2026-05-16T11:21:22.2285|INFO|PluginLoader.cs|LoadPlugin|402|Successfully loaded plugin Discord Notification version 2.0.0.10 by Daniel Ludwig
2026-05-16T11:21:24.4748|INFO|DitherStatisticsVM.cs|CreatePluginIcon|1483|Plugin icon geometry created successfully
2026-05-16T11:21:24.5041|INFO|DitherStatisticsVM.cs|LoadDataTemplates|1452|DitherStatistics DataTemplates loaded successfully
2026-05-16T11:21:24.5097|INFO|DitherStatisticsVM.cs|SaveQualityAssessmentSetting|387|Quality Assessment setting saved to file: True
2026-05-16T11:21:24.5098|INFO|DitherStatisticsVM.cs|LoadQualityAssessmentSetting|364|Quality Assessment setting loaded from file: True
2026-05-16T11:21:24.5231|INFO|DitherStatisticsVM.cs|SaveDitherOptimizerSetting|490|Dither Optimizer setting saved to file: False
2026-05-16T11:21:24.5233|INFO|DitherStatisticsVM.cs|LoadDitherOptimizerSetting|471|Dither Optimizer setting loaded from file: False
2026-05-16T11:21:24.5237|INFO|DitherStatisticsVM.cs|SubscribeToGuiderEvents|834|Subscribed to NINA guider events
2026-05-16T11:21:24.5278|ERROR|DitherStatisticsVM.cs|GetThemeColor|1437|Failed to get theme color 'PrimaryBrush': The calling thread cannot access this object because a different thread owns it.
2026-05-16T11:21:24.5280|INFO|DitherStatisticsVM.cs|StartThemeColorMonitoring|1329|Initial PrimaryBrush color: R:255 G:255 B:255
2026-05-16T11:21:24.5281|INFO|DitherStatisticsVM.cs|.ctor|96|DitherStatisticsVM initialized successfully with ScottPlot 4.1 (Lazy Loading)!
2026-05-16T11:21:24.5286|INFO|DitherStatisticsVM.cs|StartThemeColorMonitoring|1338|Theme color monitoring timer started on UI thread
2026-05-16T11:21:24.5288|INFO|PluginLoader.cs|LoadPlugin|402|Successfully loaded plugin Dither Statistics version 1.3.0.0 by Thierry Tschanz
2026-05-16T11:21:24.7385|INFO|PluginLoader.cs|LoadPlugin|402|Successfully loaded plugin Filter Offset Calculator version 2.0.0.0 by S. Dimant & Stefan Berg
2026-05-16T11:21:25.0270|INFO|DitherStatisticsVM.cs|OnThemeColorTimerTick|1357|Theme color CHANGED! Old: R:255 G:255 B:255 -> New: R:176 G:179 B:185
2026-05-16T11:21:25.0624|INFO|PluginLoader.cs|LoadPlugin|402|Successfully loaded plugin Flexure Correction version 0.8.0.0 by Francesco Meschia
2026-05-16T11:21:25.1415|INFO|DitherStatisticsVM.cs|PixelShiftPlot|136|PixelShiftPlot created (lazy loading)
2026-05-16T11:21:25.1768|INFO|DitherStatisticsVM.cs|SettleTimePlot|177|SettleTimePlot created (lazy loading)
2026-05-16T11:21:26.5272|INFO|DitherStatisticsVM.cs|ConnectToPHD2|708|Attempting to connect to PHD2...
2026-05-16T11:21:26.5291|INFO|PHD2Client.cs|ConnectAsync|102|PHD2Client: Connecting to PHD2 at 127.0.0.1:4400...
2026-05-16T11:21:28.4895|INFO|PluginLoader.cs|LoadPlugin|402|Successfully loaded plugin Ground Station version 3.0.0.117 by Dale Ghent
2026-05-16T11:21:28.5675|ERROR|PHD2Client.cs|ConnectAsync|132|PHD2Client: Connection failed: No connection could be made because the target machine actively refused it.
2026-05-16T11:21:28.5679|INFO|DitherStatisticsVM.cs|OnPHD2ConnectionStatusChanged|737|PHD2 Connection Status: Connection failed: No connection could be made because the target machine actively refused it.
2026-05-16T11:21:33.9146|INFO|PluginLoader.cs|LoadPlugin|402|Successfully loaded plugin Hocus Focus version 3.0.0.26 by George Hilios (jokogeo)
2026-05-16T11:21:34.3934|INFO|PluginLoader.cs|LoadPlugin|402|Successfully loaded plugin Horizon Creator version 1.1.2.1 by Christian Palm
2026-05-16T11:21:34.6558|INFO|PluginLoader.cs|LoadPlugin|402|Successfully loaded plugin Lightbucket version 2.2.4.0 by Lightbucket
2026-05-16T11:21:35.9746|INFO|PluginLoader.cs|LoadPlugin|402|Successfully loaded plugin Livestack version 1.1.3.0 by Stefan Berg @isbeorn
2026-05-16T11:21:36.2540|INFO|PluginLoader.cs|LoadPlugin|402|Successfully loaded plugin Log Viewer version 1.0.0.2 by Alexander Wrede @astro_alex80
2026-05-16T11:21:36.5244|INFO|PluginLoader.cs|LoadPlugin|402|Successfully loaded plugin Moon Angle version 2.2.0.0 by Dale Ghent
2026-05-16T11:21:37.0975|INFO|SessionDatabase.cs|.ctor|34|NightSummary: Database path: C:\Users\nicka\AppData\Local\NINA\NightSummary\nightsummary.sqlite
2026-05-16T11:21:37.0977|INFO|SessionDatabase.cs|.ctor|35|NightSummary: Database exists: True
2026-05-16T11:21:37.1388|INFO|SessionService.cs|.ctor|123|NightSummary: SessionService created — messageBroker=True
2026-05-16T11:21:37.3728|INFO|NightSummaryPlugin.cs|.ctor|424|NightSummary: Plugin initialized successfully
2026-05-16T11:21:37.3805|INFO|SessionDatabase.cs|.ctor|34|NightSummary: Database path: C:\Users\nicka\AppData\Local\NINA\NightSummary\nightsummary.sqlite
2026-05-16T11:21:37.3809|INFO|SessionDatabase.cs|.ctor|35|NightSummary: Database exists: True
2026-05-16T11:21:37.3999|INFO|SessionService.cs|.ctor|123|NightSummary: SessionService created — messageBroker=True
2026-05-16T11:21:37.4023|INFO|PluginLoader.cs|LoadPlugin|402|Successfully loaded plugin Night Summary version 3.1.0.0 by Evan Pegors @sleepypuppy15
2026-05-16T11:21:37.8942|INFO|PluginLoader.cs|LoadPlugin|402|Successfully loaded plugin Phd2 Tools version 1.0.6.0 by Stefan Berg @isbeorn
2026-05-16T11:21:38.3600|INFO|PluginLoader.cs|LoadPlugin|402|Successfully loaded plugin PixInsight Tools version 1.0.0.3 by Stefan Berg
2026-05-16T11:21:39.4940|INFO|PluginLoader.cs|LoadPlugin|402|Successfully loaded plugin Point3D version 0.2.3.0 by Drew McDermott
2026-05-16T11:21:40.0272|INFO|StarfrontClient.cs|StartFolderWatcher|167|[Rockwood] Watching: C:\ASTROIMAGES\NINA\
2026-05-16T11:21:40.0277|INFO|PluginLoader.cs|LoadPlugin|402|Successfully loaded plugin Rockwood Starfront version 1.0.0.0 by Rockwood Observatory
2026-05-16T11:21:40.0278|INFO|StarfrontClient.cs|RunLoop|68|[Rockwood] connecting to wss://api.starfront.space:443/ws/scope?key=***
2026-05-16T11:21:40.1821|INFO|StarfrontClient.cs|RunLoop|71|[Rockwood] connected
2026-05-16T11:21:41.1851|INFO|PluginLoader.cs|LoadPlugin|402|Successfully loaded plugin Scope Control version 2.0.2.1 by Stefan Berg @isbeorn
2026-05-16T11:21:43.9134|WARNING|When.cs|GetRunningItem|143|Can't get running items: SequencerNavigation not initialized yet!
2026-05-16T11:21:44.1799|INFO|PluginLoader.cs|LoadPlugin|402|Successfully loaded plugin Sequencer Powerups version 3.29.0.9 by Marc Blank
2026-05-16T11:21:45.2897|INFO|PluginLoader.cs|LoadPlugin|402|Successfully loaded plugin Session Metadata version 2.6.3.0 by Tom Palmer @tcpalmer
2026-05-16T11:21:45.4468|INFO|PluginLoader.cs|LoadPlugin|402|Successfully loaded plugin Shutdown PC version 2.2.0.0 by Dale Ghent
2026-05-16T11:21:45.8495|INFO|PluginLoader.cs|LoadPlugin|402|Successfully loaded plugin SkyFlats version 1.0.0.4 by Gerald Hitz (@photon)
2026-05-16T11:21:46.5540|INFO|PluginLoader.cs|LoadPlugin|402|Successfully loaded plugin Smart Filters version 1.0.0.3 by Benoit SAINTOT
2026-05-16T11:21:48.4754|INFO|Plugin.cs|RunStationHeartbeatLoopAsync|985|[Subframes] TS not detected at startup - deferring first heartbeat to allow plugin load to complete.
2026-05-16T11:21:48.4819|INFO|SyncEngine.cs|Start|41|[Subframes] SyncEngine started.
2026-05-16T11:21:48.4840|INFO|CacheReplayEngine.cs|Start|101|[Subframes] CacheReplayEngine started.
2026-05-16T11:21:48.4876|INFO|Plugin.cs|.ctor|184|[Subframes] Plugin loaded (primary instance).
2026-05-16T11:21:48.4917|WARNING|Plugin.cs|OnImportsSatisfied|217|[Subframes] Sequence event subscription deferred - SequenceMediator internals not yet initialized.
2026-05-16T11:21:48.4983|WARNING|Plugin.cs|.ctor|125|[Subframes] Duplicate plugin instance created by MEF - proxying to primary to prevent duplicate sessions/sync.
2026-05-16T11:21:48.5006|INFO|PluginLoader.cs|LoadPlugin|402|Successfully loaded plugin Subframes version 0.4.3.0 by Subframes
2026-05-16T11:21:48.9230|WARNING|When.cs|GetRunningItem|143|Can't get running items: SequencerNavigation not initialized yet!
2026-05-16T11:21:49.3767|INFO|PluginLoader.cs|LoadPlugin|402|Successfully loaded plugin Target Planning version 3.2.1.0 by Tom Palmer @tcpalmer
2026-05-16T11:21:53.9257|WARNING|When.cs|GetRunningItem|143|Can't get running items: SequencerNavigation not initialized yet!
2026-05-16T11:21:56.2874|INFO|PluginLoader.cs|LoadPlugin|402|Successfully loaded plugin Target Scheduler version 5.9.0.0 by Tom Palmer @tcpalmer
2026-05-16T11:21:56.4856|INFO|Plugin.cs|TrySendStationHeartbeatDebounced|969|[Subframes] Firing station heartbeat [startup loop first tick].
2026-05-16T11:21:56.4946|INFO|TsProgressReader.cs|ReadProgressSnapshot|40|[Subframes] TS progress snapshot: DB not found at C:\Users\nicka\AppData\Local\NINA\SchedulerPlugin — Target Scheduler not installed or DB path mismatch.
2026-05-16T11:21:56.8675|INFO|PluginLoader.cs|LoadPlugin|402|Successfully loaded plugin Three Point Polar Alignment version 2.2.6.1 by Stefan Berg @isbeorn
2026-05-16T11:21:58.9260|WARNING|When.cs|GetRunningItem|143|Can't get running items: SequencerNavigation not initialized yet!
2026-05-16T11:21:59.3807|INFO|SessionHistoryManager.cs|PurgeHistoryOlderThan|102|purging web session history older than 10 days
2026-05-16T11:21:59.4370|INFO|PluginLoader.cs|LoadPlugin|402|Successfully loaded plugin Web Session History Viewer version 2.2.1.0 by Tom Palmer @tcpalmer
2026-05-16T11:22:00.0284|INFO|PluginFetcher.cs|RequestAll|43|Fetching plugin manifests from https://nighttime-imaging.eu/wp-json/nina/v1/plugins/manifests
2026-05-16T11:22:00.3792|INFO|RotatorChooserVM.cs|GetEquipment|45|Found 1 Networked Rotator Rotators
2026-05-16T11:22:00.3837|INFO|FilterWheelChooserVM.cs|GetEquipment|167|Found 1 Networked Filter Wheel Filter Wheels
2026-05-16T11:22:00.6570|INFO|Sequence2VM.cs|TryLoadSequenceFile|414|Loading sequence file: C:\Users\nicka\Astro\NINA\NINA_Sequences\TargetScheduler.json
2026-05-16T11:22:00.7625|INFO|CameraChooserVM.cs|GetEquipment|279|Found 0 SVBony Cameras
2026-05-16T11:22:00.8648|INFO|CameraChooserVM.cs|GetEquipment|279|Found 0 PlayerOne Cameras
2026-05-16T11:22:00.9440|INFO|CameraChooserVM.cs|GetEquipment|279|Found 0 ASTPAN Cameras
2026-05-16T11:22:00.9463|INFO|CameraChooserVM.cs|GetEquipment|293|Found 4 ASCOM Cameras
2026-05-16T11:22:01.0395|INFO|Plugin.cs|TrySubscribeSequenceEvents|243|[Subframes] ISequenceMediator.SequenceStarted not present in this NINA build - session will open on first captured image instead.
2026-05-16T11:22:01.0398|INFO|Plugin.cs|RetrySubscribeSequenceEventsAsync|279|[Subframes] Deferred sequence event subscription succeeded after 12s.
2026-05-16T11:22:01.3907|INFO|Sequence2VM.cs|TryLoadSequenceFile|420|Starting sequence from command line options
2026-05-16T11:22:01.3944|INFO|Sequence2VM.cs|StartSequence|543|Advanced Sequence starting
2026-05-16T11:22:02.9115|INFO|PluginFetcher.cs|RequestAll|57|Found 79 valid plugins at https://nighttime-imaging.eu/wp-json/nina/v1/plugins/manifests
2026-05-16T11:22:03.1588|INFO|FilterWheelChooserVM.cs|GetEquipment|193|Found 0 Alpaca Filter Wheels
2026-05-16T11:22:03.1634|INFO|FlatDeviceChooserVM.cs|GetEquipment|67|Found 0 Alpaca Cover Calibrators
2026-05-16T11:22:03.1672|INFO|RotatorChooserVM.cs|GetEquipment|68|Found 0 Alpaca Rotators
2026-05-16T11:22:03.1696|INFO|WeatherDataChooserVM.cs|GetEquipment|69|Found 0 Alpaca Observing Conditions
2026-05-16T11:22:03.1724|INFO|DomeChooserVM.cs|GetEquipment|67|Found 0 Alpaca Domes
2026-05-16T11:22:03.1822|INFO|CameraChooserVM.cs|GetEquipment|305|Found 0 Alpaca Cameras
2026-05-16T11:22:03.1886|INFO|CameraChooserVM.cs|GetEquipment|318|Found 0 Canon Cameras
2026-05-16T11:22:03.2090|INFO|TelescopeChooserVM.cs|GetEquipment|69|Found 0 Alpaca Telescopes
2026-05-16T11:22:03.2112|INFO|SwitchChooserVM.cs|GetEquipment|71|Found 0 Alpaca Switch Hubs
2026-05-16T11:22:03.2133|INFO|SafetyMonitorChooserVM.cs|GetEquipment|71|Found 0 Alpaca Safety Monitors
2026-05-16T11:22:03.3014|INFO|DockManagerVM.cs|InitializeAvalonDockLayout|366|Initializing imaging tab layout from C:\Users\nicka\AppData\Local\NINA\Profiles\0173997c-4bfa-48fd-9337-a48b6df99c38.dock.config
2026-05-16T11:22:03.4037|INFO|SequenceItem.cs|Run|208|Starting Category: * Instruction Set *, Container: NINA.Sequencer.Container.SequenceRootContainer, Strategy: SequentialStrategy, Items[CREATED]: 3, Triggers: Category: Ground Station, Item: Failures to Telegram
2026-05-16T11:22:03.4448|INFO|SequenceItem.cs|Run|208|Starting Category: * Instruction Set *, Container: NINA.Sequencer.Container.StartAreaContainer, Strategy: SequentialStrategy, Items[CREATED]: 1
2026-05-16T11:22:03.4455|INFO|SequenceItem.cs|Run|208|Starting Category: * Instruction Set *, Container: NINA.Sequencer.Container.SequentialContainer, Strategy: SequentialStrategy, Items[CREATED]: 11
2026-05-16T11:22:03.4462|INFO|SequenceItem.cs|Run|208|Starting Category: Ground Station, Item: Send to Pushover, Title: Start
2026-05-16T11:22:03.6698|INFO|SequenceItem.cs|Run|254|Finishing Category: Ground Station, Item: Send to Pushover, Title: Start
2026-05-16T11:22:03.6746|INFO|SequenceItem.cs|Run|208|Starting Category: Ground Station, Item: Send to Telegram
2026-05-16T11:22:04.5117|INFO|SequenceItem.cs|Run|254|Finishing Category: Ground Station, Item: Send to Telegram
2026-05-16T11:22:04.5128|INFO|SequenceItem.cs|Run|208|Starting Category: Utility, Item: WaitForTime, Time: 20:6:15h, Offset: -80
2026-05-16T11:22:05.0025|INFO|FocuserChooserVM.cs|GetEquipment|84|Found 0 Alpaca Focusers
2026-05-16T11:22:55.6071|INFO|TargetSchedulerDetector.cs|DoProbeAsync|177|[Subframes] TargetSchedulerDetector: state no_api → active
2026-05-16T11:22:55.6076|INFO|Plugin.cs|TrySendStationHeartbeatDebounced|969|[Subframes] Firing station heartbeat [TS state → active].
2026-05-16T11:22:55.6085|INFO|TsProgressReader.cs|ReadProgressDelta|75|[Subframes] TS progress delta: DB not found at C:\Users\nicka\AppData\Local\NINA\SchedulerPlugin — Target Scheduler not installed or DB path mismatch.
2026-05-16T11:22:55.6101|INFO|Plugin.cs|OnTsStateChanged|873|[Subframes] One-shot TS preview: waiting 120 s for TS to begin computing schedule.
2026-05-16T11:25:00.6944|WARNING|TsPreviewClient.cs|FetchPreviewAsync|161|[Subframes] TsPreviewClient.FetchPreviewAsync failed for profile '533M-AT60' (0173997c-4bfa-48fd-9337-a48b6df99c38): TaskCanceledException: The request was canceled due to the configured HttpClient.Timeout of 5 seconds elapsing.
2026-05-16T11:25:00.6948|INFO|Plugin.cs|OnTsStateChanged|879|[Subframes] One-shot TS preview initial fetch: 0 target block(s) with exposure plans.
2026-05-16T11:25:00.6948|INFO|Plugin.cs|OnTsStateChanged|885|[Subframes] One-shot TS preview: waiting 60 s for stabilization check (poll 1/5).
2026-05-16T11:25:00.7081|WARNING|TsPreviewClient.cs|FetchPreviewAsync|161|[Subframes] TsPreviewClient.FetchPreviewAsync failed for profile '533M-AT60' (0173997c-4bfa-48fd-9337-a48b6df99c38): TaskCanceledException: The request was canceled due to the configured HttpClient.Timeout of 5 seconds elapsing.
2026-05-16T11:25:00.7090|INFO|Plugin.cs|TrySendStationHeartbeatDebounced|969|[Subframes] Firing station heartbeat [TS profile selected].
2026-05-16T11:25:00.7093|INFO|TsProgressReader.cs|ReadProgressDelta|75|[Subframes] TS progress delta: DB not found at C:\Users\nicka\AppData\Local\NINA\SchedulerPlugin — Target Scheduler not installed or DB path mismatch.
2026-05-16T11:26:01.6294|INFO|TsPreviewClient.cs|LookupCoordinatesByName|179|[Subframes] TsPreviewClient.LookupCoordinatesByName: TS database not found at C:\Users\nicka\AppData\Local\NINA\SchedulerPlugin
2026-05-16T11:26:01.6341|INFO|Plugin.cs|OnTsStateChanged|892|[Subframes] One-shot TS preview poll 1: 9 target block(s) (previous: 0).
2026-05-16T11:26:01.6342|INFO|Plugin.cs|OnTsStateChanged|885|[Subframes] One-shot TS preview: waiting 60 s for stabilization check (poll 2/5).
2026-05-16T11:26:56.5637|INFO|TsProgressReader.cs|ReadProgressDelta|75|[Subframes] TS progress delta: DB not found at C:\Users\nicka\AppData\Local\NINA\SchedulerPlugin — Target Scheduler not installed or DB path mismatch.
2026-05-16T11:27:01.8703|INFO|TsPreviewClient.cs|LookupCoordinatesByName|179|[Subframes] TsPreviewClient.LookupCoordinatesByName: TS database not found at C:\Users\nicka\AppData\Local\NINA\SchedulerPlugin
2026-05-16T11:27:01.8706|INFO|Plugin.cs|OnTsStateChanged|892|[Subframes] One-shot TS preview poll 2: 1 target block(s) (previous: 9).
2026-05-16T11:27:01.8706|INFO|Plugin.cs|OnTsStateChanged|885|[Subframes] One-shot TS preview: waiting 60 s for stabilization check (poll 3/5).
2026-05-16T11:28:02.1641|INFO|TsPreviewClient.cs|LookupCoordinatesByName|179|[Subframes] TsPreviewClient.LookupCoordinatesByName: TS database not found at C:\Users\nicka\AppData\Local\NINA\SchedulerPlugin
2026-05-16T11:28:02.1643|INFO|Plugin.cs|OnTsStateChanged|892|[Subframes] One-shot TS preview poll 3: 1 target block(s) (previous: 1).
2026-05-16T11:28:02.1643|INFO|Plugin.cs|OnTsStateChanged|896|[Subframes] One-shot TS preview: schedule stabilized.
2026-05-16T11:28:02.1645|INFO|Plugin.cs|OnTsStateChanged|906|[Subframes] One-shot TS preview fetch complete (pre-session, 2 blocks, 1 targets with plans).
2026-05-16T11:28:02.1646|INFO|Plugin.cs|OnTsStateChanged|912|[Subframes] Cached initial night preview from one-shot: 2 blocks.
2026-05-16T11:28:02.1646|INFO|Plugin.cs|TrySendStationHeartbeatDebounced|969|[Subframes] Firing station heartbeat [one-shot TS preview].
2026-05-16T11:28:02.1648|INFO|TsProgressReader.cs|ReadProgressDelta|75|[Subframes] TS progress delta: DB not found at C:\Users\nicka\AppData\Local\NINA\SchedulerPlugin — Target Scheduler not installed or DB path mismatch.
2026-05-16T11:31:56.5641|INFO|TsProgressReader.cs|ReadProgressDelta|75|[Subframes] TS progress delta: DB not found at C:\Users\nicka\AppData\Local\NINA\SchedulerPlugin — Target Scheduler not installed or DB path mismatch.
2026-05-16T11:36:56.5626|INFO|TsProgressReader.cs|ReadProgressDelta|75|[Subframes] TS progress delta: DB not found at C:\Users\nicka\AppData\Local\NINA\SchedulerPlugin — Target Scheduler not installed or DB path mismatch.
2026-05-16T11:41:56.5623|INFO|TsProgressReader.cs|ReadProgressDelta|75|[Subframes] TS progress delta: DB not found at C:\Users\nicka\AppData\Local\NINA\SchedulerPlugin — Target Scheduler not installed or DB path mismatch.
2026-05-16T11:46:56.5634|INFO|TsProgressReader.cs|ReadProgressDelta|75|[Subframes] TS progress delta: DB not found at C:\Users\nicka\AppData\Local\NINA\SchedulerPlugin — Target Scheduler not installed or DB path mismatch.
2026-05-16T11:51:56.5624|INFO|TsProgressReader.cs|ReadProgressDelta|75|[Subframes] TS progress delta: DB not found at C:\Users\nicka\AppData\Local\NINA\SchedulerPlugin — Target Scheduler not installed or DB path mismatch.
2026-05-16T11:56:56.5623|INFO|TsProgressReader.cs|ReadProgressDelta|75|[Subframes] TS progress delta: DB not found at C:\Users\nicka\AppData\Local\NINA\SchedulerPlugin — Target Scheduler not installed or DB path mismatch.
2026-05-16T12:01:56.5630|INFO|TsProgressReader.cs|ReadProgressDelta|75|[Subframes] TS progress delta: DB not found at C:\Users\nicka\AppData\Local\NINA\SchedulerPlugin — Target Scheduler not installed or DB path mismatch.
2026-05-16T12:06:56.5627|INFO|TsProgressReader.cs|ReadProgressDelta|75|[Subframes] TS progress delta: DB not found at C:\Users\nicka\AppData\Local\NINA\SchedulerPlugin — Target Scheduler not installed or DB path mismatch.
2026-05-16T12:11:56.5626|INFO|TsProgressReader.cs|ReadProgressDelta|75|[Subframes] TS progress delta: DB not found at C:\Users\nicka\AppData\Local\NINA\SchedulerPlugin — Target Scheduler not installed or DB path mismatch.
2026-05-16T12:16:56.5641|INFO|TsProgressReader.cs|ReadProgressDelta|75|[Subframes] TS progress delta: DB not found at C:\Users\nicka\AppData\Local\NINA\SchedulerPlugin — Target Scheduler not installed or DB path mismatch.
2026-05-16T12:21:56.5639|INFO|TsProgressReader.cs|ReadProgressDelta|75|[Subframes] TS progress delta: DB not found at C:\Users\nicka\AppData\Local\NINA\SchedulerPlugin — Target Scheduler not installed or DB path mismatch.
2026-05-16T12:26:56.5633|INFO|TsProgressReader.cs|ReadProgressDelta|75|[Subframes] TS progress delta: DB not found at C:\Users\nicka\AppData\Local\NINA\SchedulerPlugin — Target Scheduler not installed or DB path mismatch.
2026-05-16T12:31:56.5629|INFO|TsProgressReader.cs|ReadProgressDelta|75|[Subframes] TS progress delta: DB not found at C:\Users\nicka\AppData\Local\NINA\SchedulerPlugin — Target Scheduler not installed or DB path mismatch.
2026-05-16T12:36:56.5637|INFO|TsProgressReader.cs|ReadProgressDelta|75|[Subframes] TS progress delta: DB not found at C:\Users\nicka\AppData\Local\NINA\SchedulerPlugin — Target Scheduler not installed or DB path mismatch.
2026-05-16T12:41:56.5630|INFO|TsProgressReader.cs|ReadProgressDelta|75|[Subframes] TS progress delta: DB not found at C:\Users\nicka\AppData\Local\NINA\SchedulerPlugin — Target Scheduler not installed or DB path mismatch.
2026-05-16T12:46:56.5634|INFO|TsProgressReader.cs|ReadProgressDelta|75|[Subframes] TS progress delta: DB not found at C:\Users\nicka\AppData\Local\NINA\SchedulerPlugin — Target Scheduler not installed or DB path mismatch.
2026-05-16T12:51:56.5639|INFO|TsProgressReader.cs|ReadProgressDelta|75|[Subframes] TS progress delta: DB not found at C:\Users\nicka\AppData\Local\NINA\SchedulerPlugin — Target Scheduler not installed or DB path mismatch.
2026-05-16T12:56:56.5627|INFO|TsProgressReader.cs|ReadProgressDelta|75|[Subframes] TS progress delta: DB not found at C:\Users\nicka\AppData\Local\NINA\SchedulerPlugin — Target Scheduler not installed or DB path mismatch.
2026-05-16T13:01:56.5638|INFO|TsProgressReader.cs|ReadProgressDelta|75|[Subframes] TS progress delta: DB not found at C:\Users\nicka\AppData\Local\NINA\SchedulerPlugin — Target Scheduler not installed or DB path mismatch.
2026-05-16T13:06:56.5624|INFO|TsProgressReader.cs|ReadProgressDelta|75|[Subframes] TS progress delta: DB not found at C:\Users\nicka\AppData\Local\NINA\SchedulerPlugin — Target Scheduler not installed or DB path mismatch.
2026-05-16T13:11:56.5633|INFO|TsProgressReader.cs|ReadProgressDelta|75|[Subframes] TS progress delta: DB not found at C:\Users\nicka\AppData\Local\NINA\SchedulerPlugin — Target Scheduler not installed or DB path mismatch.
2026-05-16T13:16:56.5638|INFO|TsProgressReader.cs|ReadProgressDelta|75|[Subframes] TS progress delta: DB not found at C:\Users\nicka\AppData\Local\NINA\SchedulerPlugin — Target Scheduler not installed or DB path mismatch.
2026-05-16T13:21:56.5631|INFO|TsProgressReader.cs|ReadProgressDelta|75|[Subframes] TS progress delta: DB not found at C:\Users\nicka\AppData\Local\NINA\SchedulerPlugin — Target Scheduler not installed or DB path mismatch.
2026-05-16T13:26:56.5630|INFO|TsProgressReader.cs|ReadProgressDelta|75|[Subframes] TS progress delta: DB not found at C:\Users\nicka\AppData\Local\NINA\SchedulerPlugin — Target Scheduler not installed or DB path mismatch.
2026-05-16T13:31:56.5632|INFO|TsProgressReader.cs|ReadProgressDelta|75|[Subframes] TS progress delta: DB not found at C:\Users\nicka\AppData\Local\NINA\SchedulerPlugin — Target Scheduler not installed or DB path mismatch.
2026-05-16T13:36:56.5639|INFO|TsProgressReader.cs|ReadProgressDelta|75|[Subframes] TS progress delta: DB not found at C:\Users\nicka\AppData\Local\NINA\SchedulerPlugin — Target Scheduler not installed or DB path mismatch.
2026-05-16T13:41:56.5633|INFO|TsProgressReader.cs|ReadProgressDelta|75|[Subframes] TS progress delta: DB not found at C:\Users\nicka\AppData\Local\NINA\SchedulerPlugin — Target Scheduler not installed or DB path mismatch.
2026-05-16T13:46:56.5635|INFO|TsProgressReader.cs|ReadProgressDelta|75|[Subframes] TS progress delta: DB not found at C:\Users\nicka\AppData\Local\NINA\SchedulerPlugin — Target Scheduler not installed or DB path mismatch.
2026-05-16T13:51:56.5631|INFO|TsProgressReader.cs|ReadProgressDelta|75|[Subframes] TS progress delta: DB not found at C:\Users\nicka\AppData\Local\NINA\SchedulerPlugin — Target Scheduler not installed or DB path mismatch.
2026-05-16T13:56:56.5637|INFO|TsProgressReader.cs|ReadProgressDelta|75|[Subframes] TS progress delta: DB not found at C:\Users\nicka\AppData\Local\NINA\SchedulerPlugin — Target Scheduler not installed or DB path mismatch.
2026-05-16T14:01:56.5626|INFO|TsProgressReader.cs|ReadProgressDelta|75|[Subframes] TS progress delta: DB not found at C:\Users\nicka\AppData\Local\NINA\SchedulerPlugin — Target Scheduler not installed or DB path mismatch.
2026-05-16T14:06:56.5638|INFO|TsProgressReader.cs|ReadProgressDelta|75|[Subframes] TS progress delta: DB not found at C:\Users\nicka\AppData\Local\NINA\SchedulerPlugin — Target Scheduler not installed or DB path mismatch.
2026-05-16T14:11:56.5632|INFO|TsProgressReader.cs|ReadProgressDelta|75|[Subframes] TS progress delta: DB not found at C:\Users\nicka\AppData\Local\NINA\SchedulerPlugin — Target Scheduler not installed or DB path mismatch.
2026-05-16T14:16:56.5637|INFO|TsProgressReader.cs|ReadProgressDelta|75|[Subframes] TS progress delta: DB not found at C:\Users\nicka\AppData\Local\NINA\SchedulerPlugin — Target Scheduler not installed or DB path mismatch.
2026-05-16T14:21:56.5629|INFO|TsProgressReader.cs|ReadProgressDelta|75|[Subframes] TS progress delta: DB not found at C:\Users\nicka\AppData\Local\NINA\SchedulerPlugin — Target Scheduler not installed or DB path mismatch.
2026-05-16T14:26:56.5629|INFO|TsProgressReader.cs|ReadProgressDelta|75|[Subframes] TS progress delta: DB not found at C:\Users\nicka\AppData\Local\NINA\SchedulerPlugin — Target Scheduler not installed or DB path mismatch.
2026-05-16T14:31:56.5624|INFO|TsProgressReader.cs|ReadProgressDelta|75|[Subframes] TS progress delta: DB not found at C:\Users\nicka\AppData\Local\NINA\SchedulerPlugin — Target Scheduler not installed or DB path mismatch.
2026-05-16T14:36:56.5630|INFO|TsProgressReader.cs|ReadProgressDelta|75|[Subframes] TS progress delta: DB not found at C:\Users\nicka\AppData\Local\NINA\SchedulerPlugin — Target Scheduler not installed or DB path mismatch.
2026-05-16T14:41:56.5635|INFO|TsProgressReader.cs|ReadProgressDelta|75|[Subframes] TS progress delta: DB not found at C:\Users\nicka\AppData\Local\NINA\SchedulerPlugin — Target Scheduler not installed or DB path mismatch.
2026-05-16T14:46:56.5627|INFO|TsProgressReader.cs|ReadProgressDelta|75|[Subframes] TS progress delta: DB not found at C:\Users\nicka\AppData\Local\NINA\SchedulerPlugin — Target Scheduler not installed or DB path mismatch.
2026-05-16T14:51:56.5637|INFO|TsProgressReader.cs|ReadProgressDelta|75|[Subframes] TS progress delta: DB not found at C:\Users\nicka\AppData\Local\NINA\SchedulerPlugin — Target Scheduler not installed or DB path mismatch.
2026-05-16T14:56:56.5624|INFO|TsProgressReader.cs|ReadProgressDelta|75|[Subframes] TS progress delta: DB not found at C:\Users\nicka\AppData\Local\NINA\SchedulerPlugin — Target Scheduler not installed or DB path mismatch.
2026-05-16T15:01:56.5629|INFO|TsProgressReader.cs|ReadProgressDelta|75|[Subframes] TS progress delta: DB not found at C:\Users\nicka\AppData\Local\NINA\SchedulerPlugin — Target Scheduler not installed or DB path mismatch.
2026-05-16T15:06:56.5637|INFO|TsProgressReader.cs|ReadProgressDelta|75|[Subframes] TS progress delta: DB not found at C:\Users\nicka\AppData\Local\NINA\SchedulerPlugin — Target Scheduler not installed or DB path mismatch.
2026-05-16T15:11:56.5626|INFO|TsProgressReader.cs|ReadProgressDelta|75|[Subframes] TS progress delta: DB not found at C:\Users\nicka\AppData\Local\NINA\SchedulerPlugin — Target Scheduler not installed or DB path mismatch.
2026-05-16T15:16:56.5642|INFO|TsProgressReader.cs|ReadProgressDelta|75|[Subframes] TS progress delta: DB not found at C:\Users\nicka\AppData\Local\NINA\SchedulerPlugin — Target Scheduler not installed or DB path mismatch.
2026-05-16T15:21:56.5637|INFO|TsProgressReader.cs|ReadProgressDelta|75|[Subframes] TS progress delta: DB not found at C:\Users\nicka\AppData\Local\NINA\SchedulerPlugin — Target Scheduler not installed or DB path mismatch.
2026-05-16T15:26:56.5628|INFO|TsProgressReader.cs|ReadProgressDelta|75|[Subframes] TS progress delta: DB not found at C:\Users\nicka\AppData\Local\NINA\SchedulerPlugin — Target Scheduler not installed or DB path mismatch.
2026-05-16T15:31:56.5624|INFO|TsProgressReader.cs|ReadProgressDelta|75|[Subframes] TS progress delta: DB not found at C:\Users\nicka\AppData\Local\NINA\SchedulerPlugin — Target Scheduler not installed or DB path mismatch.
2026-05-16T15:36:56.5633|INFO|TsProgressReader.cs|ReadProgressDelta|75|[Subframes] TS progress delta: DB not found at C:\Users\nicka\AppData\Local\NINA\SchedulerPlugin — Target Scheduler not installed or DB path mismatch.
2026-05-16T15:41:56.5626|INFO|TsProgressReader.cs|ReadProgressDelta|75|[Subframes] TS progress delta: DB not found at C:\Users\nicka\AppData\Local\NINA\SchedulerPlugin — Target Scheduler not installed or DB path mismatch.
2026-05-16T15:46:56.5641|INFO|TsProgressReader.cs|ReadProgressDelta|75|[Subframes] TS progress delta: DB not found at C:\Users\nicka\AppData\Local\NINA\SchedulerPlugin — Target Scheduler not installed or DB path mismatch.
2026-05-16T15:51:56.5642|INFO|TsProgressReader.cs|ReadProgressDelta|75|[Subframes] TS progress delta: DB not found at C:\Users\nicka\AppData\Local\NINA\SchedulerPlugin — Target Scheduler not installed or DB path mismatch.
2026-05-16T15:56:56.5625|INFO|TsProgressReader.cs|ReadProgressDelta|75|[Subframes] TS progress delta: DB not found at C:\Users\nicka\AppData\Local\NINA\SchedulerPlugin — Target Scheduler not installed or DB path mismatch.
2026-05-16T16:01:56.5631|INFO|TsProgressReader.cs|ReadProgressDelta|75|[Subframes] TS progress delta: DB not found at C:\Users\nicka\AppData\Local\NINA\SchedulerPlugin — Target Scheduler not installed or DB path mismatch.
2026-05-16T16:06:56.5642|INFO|TsProgressReader.cs|ReadProgressDelta|75|[Subframes] TS progress delta: DB not found at C:\Users\nicka\AppData\Local\NINA\SchedulerPlugin — Target Scheduler not installed or DB path mismatch.
2026-05-16T16:11:56.5628|INFO|TsProgressReader.cs|ReadProgressDelta|75|[Subframes] TS progress delta: DB not found at C:\Users\nicka\AppData\Local\NINA\SchedulerPlugin — Target Scheduler not installed or DB path mismatch.
2026-05-16T16:16:56.5628|INFO|TsProgressReader.cs|ReadProgressDelta|75|[Subframes] TS progress delta: DB not found at C:\Users\nicka\AppData\Local\NINA\SchedulerPlugin — Target Scheduler not installed or DB path mismatch.
2026-05-16T16:21:56.5633|INFO|TsProgressReader.cs|ReadProgressDelta|75|[Subframes] TS progress delta: DB not found at C:\Users\nicka\AppData\Local\NINA\SchedulerPlugin — Target Scheduler not installed or DB path mismatch.
2026-05-16T16:26:56.5634|INFO|TsProgressReader.cs|ReadProgressDelta|75|[Subframes] TS progress delta: DB not found at C:\Users\nicka\AppData\Local\NINA\SchedulerPlugin — Target Scheduler not installed or DB path mismatch.
2026-05-16T16:31:56.5628|INFO|TsProgressReader.cs|ReadProgressDelta|75|[Subframes] TS progress delta: DB not found at C:\Users\nicka\AppData\Local\NINA\SchedulerPlugin — Target Scheduler not installed or DB path mismatch.
2026-05-16T16:36:56.5642|INFO|TsProgressReader.cs|ReadProgressDelta|75|[Subframes] TS progress delta: DB not found at C:\Users\nicka\AppData\Local\NINA\SchedulerPlugin — Target Scheduler not installed or DB path mismatch.
2026-05-16T16:41:56.5622|INFO|TsProgressReader.cs|ReadProgressDelta|75|[Subframes] TS progress delta: DB not found at C:\Users\nicka\AppData\Local\NINA\SchedulerPlugin — Target Scheduler not installed or DB path mismatch.
2026-05-16T16:46:56.5638|INFO|TsProgressReader.cs|ReadProgressDelta|75|[Subframes] TS progress delta: DB not found at C:\Users\nicka\AppData\Local\NINA\SchedulerPlugin — Target Scheduler not installed or DB path mismatch.
2026-05-16T16:51:56.5639|INFO|TsProgressReader.cs|ReadProgressDelta|75|[Subframes] TS progress delta: DB not found at C:\Users\nicka\AppData\Local\NINA\SchedulerPlugin — Target Scheduler not installed or DB path mismatch.
2026-05-16T16:56:56.5630|INFO|TsProgressReader.cs|ReadProgressDelta|75|[Subframes] TS progress delta: DB not found at C:\Users\nicka\AppData\Local\NINA\SchedulerPlugin — Target Scheduler not installed or DB path mismatch.
2026-05-16T17:01:56.5640|INFO|TsProgressReader.cs|ReadProgressDelta|75|[Subframes] TS progress delta: DB not found at C:\Users\nicka\AppData\Local\NINA\SchedulerPlugin — Target Scheduler not installed or DB path mismatch.
2026-05-16T17:06:56.5622|INFO|TsProgressReader.cs|ReadProgressDelta|75|[Subframes] TS progress delta: DB not found at C:\Users\nicka\AppData\Local\NINA\SchedulerPlugin — Target Scheduler not installed or DB path mismatch.
2026-05-16T17:11:56.5640|INFO|TsProgressReader.cs|ReadProgressDelta|75|[Subframes] TS progress delta: DB not found at C:\Users\nicka\AppData\Local\NINA\SchedulerPlugin — Target Scheduler not installed or DB path mismatch.
2026-05-16T17:16:56.5623|INFO|TsProgressReader.cs|ReadProgressDelta|75|[Subframes] TS progress delta: DB not found at C:\Users\nicka\AppData\Local\NINA\SchedulerPlugin — Target Scheduler not installed or DB path mismatch.
2026-05-16T17:21:56.5637|INFO|TsProgressReader.cs|ReadProgressDelta|75|[Subframes] TS progress delta: DB not found at C:\Users\nicka\AppData\Local\NINA\SchedulerPlugin — Target Scheduler not installed or DB path mismatch.
2026-05-16T17:26:56.5629|INFO|TsProgressReader.cs|ReadProgressDelta|75|[Subframes] TS progress delta: DB not found at C:\Users\nicka\AppData\Local\NINA\SchedulerPlugin — Target Scheduler not installed or DB path mismatch.
2026-05-16T17:31:56.5640|INFO|TsProgressReader.cs|ReadProgressDelta|75|[Subframes] TS progress delta: DB not found at C:\Users\nicka\AppData\Local\NINA\SchedulerPlugin — Target Scheduler not installed or DB path mismatch.
2026-05-16T17:36:56.5628|INFO|TsProgressReader.cs|ReadProgressDelta|75|[Subframes] TS progress delta: DB not found at C:\Users\nicka\AppData\Local\NINA\SchedulerPlugin — Target Scheduler not installed or DB path mismatch.
2026-05-16T17:41:56.5636|INFO|TsProgressReader.cs|ReadProgressDelta|75|[Subframes] TS progress delta: DB not found at C:\Users\nicka\AppData\Local\NINA\SchedulerPlugin — Target Scheduler not installed or DB path mismatch.
2026-05-16T17:46:56.5630|INFO|TsProgressReader.cs|ReadProgressDelta|75|[Subframes] TS progress delta: DB not found at C:\Users\nicka\AppData\Local\NINA\SchedulerPlugin — Target Scheduler not installed or DB path mismatch.
2026-05-16T17:51:56.5638|INFO|TsProgressReader.cs|ReadProgressDelta|75|[Subframes] TS progress delta: DB not found at C:\Users\nicka\AppData\Local\NINA\SchedulerPlugin — Target Scheduler not installed or DB path mismatch.
2026-05-16T17:56:56.5625|INFO|TsProgressReader.cs|ReadProgressDelta|75|[Subframes] TS progress delta: DB not found at C:\Users\nicka\AppData\Local\NINA\SchedulerPlugin — Target Scheduler not installed or DB path mismatch.
2026-05-16T18:01:56.5631|INFO|TsProgressReader.cs|ReadProgressDelta|75|[Subframes] TS progress delta: DB not found at C:\Users\nicka\AppData\Local\NINA\SchedulerPlugin — Target Scheduler not installed or DB path mismatch.
2026-05-16T18:06:56.5625|INFO|TsProgressReader.cs|ReadProgressDelta|75|[Subframes] TS progress delta: DB not found at C:\Users\nicka\AppData\Local\NINA\SchedulerPlugin — Target Scheduler not installed or DB path mismatch.
2026-05-16T18:11:56.5628|INFO|TsProgressReader.cs|ReadProgressDelta|75|[Subframes] TS progress delta: DB not found at C:\Users\nicka\AppData\Local\NINA\SchedulerPlugin — Target Scheduler not installed or DB path mismatch.
2026-05-16T18:16:56.5629|INFO|TsProgressReader.cs|ReadProgressDelta|75|[Subframes] TS progress delta: DB not found at C:\Users\nicka\AppData\Local\NINA\SchedulerPlugin — Target Scheduler not installed or DB path mismatch.
2026-05-16T18:21:56.5633|INFO|TsProgressReader.cs|ReadProgressDelta|75|[Subframes] TS progress delta: DB not found at C:\Users\nicka\AppData\Local\NINA\SchedulerPlugin — Target Scheduler not installed or DB path mismatch.
2026-05-16T18:26:56.5629|INFO|TsProgressReader.cs|ReadProgressDelta|75|[Subframes] TS progress delta: DB not found at C:\Users\nicka\AppData\Local\NINA\SchedulerPlugin — Target Scheduler not installed or DB path mismatch.
2026-05-16T18:31:56.5636|INFO|TsProgressReader.cs|ReadProgressDelta|75|[Subframes] TS progress delta: DB not found at C:\Users\nicka\AppData\Local\NINA\SchedulerPlugin — Target Scheduler not installed or DB path mismatch.
2026-05-16T18:36:56.5642|INFO|TsProgressReader.cs|ReadProgressDelta|75|[Subframes] TS progress delta: DB not found at C:\Users\nicka\AppData\Local\NINA\SchedulerPlugin — Target Scheduler not installed or DB path mismatch.
2026-05-16T18:41:56.5626|INFO|TsProgressReader.cs|ReadProgressDelta|75|[Subframes] TS progress delta: DB not found at C:\Users\nicka\AppData\Local\NINA\SchedulerPlugin — Target Scheduler not installed or DB path mismatch.
2026-05-16T18:46:56.5641|INFO|TsProgressReader.cs|ReadProgressDelta|75|[Subframes] TS progress delta: DB not found at C:\Users\nicka\AppData\Local\NINA\SchedulerPlugin — Target Scheduler not installed or DB path mismatch.
2026-05-16T18:51:56.5635|INFO|TsProgressReader.cs|ReadProgressDelta|75|[Subframes] TS progress delta: DB not found at C:\Users\nicka\AppData\Local\NINA\SchedulerPlugin — Target Scheduler not installed or DB path mismatch.
2026-05-16T18:56:56.5626|INFO|TsProgressReader.cs|ReadProgressDelta|75|[Subframes] TS progress delta: DB not found at C:\Users\nicka\AppData\Local\NINA\SchedulerPlugin — Target Scheduler not installed or DB path mismatch.
2026-05-16T19:01:56.5638|INFO|TsProgressReader.cs|ReadProgressDelta|75|[Subframes] TS progress delta: DB not found at C:\Users\nicka\AppData\Local\NINA\SchedulerPlugin — Target Scheduler not installed or DB path mismatch.
2026-05-16T19:06:56.5624|INFO|TsProgressReader.cs|ReadProgressDelta|75|[Subframes] TS progress delta: DB not found at C:\Users\nicka\AppData\Local\NINA\SchedulerPlugin — Target Scheduler not installed or DB path mismatch.
2026-05-16T19:11:56.5623|INFO|TsProgressReader.cs|ReadProgressDelta|75|[Subframes] TS progress delta: DB not found at C:\Users\nicka\AppData\Local\NINA\SchedulerPlugin — Target Scheduler not installed or DB path mismatch.
2026-05-16T19:16:56.5625|INFO|TsProgressReader.cs|ReadProgressDelta|75|[Subframes] TS progress delta: DB not found at C:\Users\nicka\AppData\Local\NINA\SchedulerPlugin — Target Scheduler not installed or DB path mismatch.
2026-05-16T19:21:58.2311|INFO|TsProgressReader.cs|ReadProgressDelta|75|[Subframes] TS progress delta: DB not found at C:\Users\nicka\AppData\Local\NINA\SchedulerPlugin — Target Scheduler not installed or DB path mismatch.
2026-05-16T19:26:58.2312|INFO|TsProgressReader.cs|ReadProgressDelta|75|[Subframes] TS progress delta: DB not found at C:\Users\nicka\AppData\Local\NINA\SchedulerPlugin — Target Scheduler not installed or DB path mismatch.
2026-05-16T19:31:58.2316|INFO|TsProgressReader.cs|ReadProgressDelta|75|[Subframes] TS progress delta: DB not found at C:\Users\nicka\AppData\Local\NINA\SchedulerPlugin — Target Scheduler not installed or DB path mismatch.
2026-05-16T19:36:58.2312|INFO|TsProgressReader.cs|ReadProgressDelta|75|[Subframes] TS progress delta: DB not found at C:\Users\nicka\AppData\Local\NINA\SchedulerPlugin — Target Scheduler not installed or DB path mismatch.
2026-05-16T19:41:58.2312|INFO|TsProgressReader.cs|ReadProgressDelta|75|[Subframes] TS progress delta: DB not found at C:\Users\nicka\AppData\Local\NINA\SchedulerPlugin — Target Scheduler not installed or DB path mismatch.
2026-05-16T19:46:58.2321|INFO|TsProgressReader.cs|ReadProgressDelta|75|[Subframes] TS progress delta: DB not found at C:\Users\nicka\AppData\Local\NINA\SchedulerPlugin — Target Scheduler not installed or DB path mismatch.
2026-05-16T19:51:58.2309|INFO|TsProgressReader.cs|ReadProgressDelta|75|[Subframes] TS progress delta: DB not found at C:\Users\nicka\AppData\Local\NINA\SchedulerPlugin — Target Scheduler not installed or DB path mismatch.
2026-05-16T19:56:58.2311|INFO|TsProgressReader.cs|ReadProgressDelta|75|[Subframes] TS progress delta: DB not found at C:\Users\nicka\AppData\Local\NINA\SchedulerPlugin — Target Scheduler not installed or DB path mismatch.
2026-05-16T20:01:58.2316|INFO|TsProgressReader.cs|ReadProgressDelta|75|[Subframes] TS progress delta: DB not found at C:\Users\nicka\AppData\Local\NINA\SchedulerPlugin — Target Scheduler not installed or DB path mismatch.
2026-05-16T20:06:43.2876|INFO|SequenceItem.cs|Run|254|Finishing Category: Utility, Item: WaitForTime, Time: 20:7:5h, Offset: -80
2026-05-16T20:06:43.2888|INFO|SequenceItem.cs|Run|208|Starting Category: Ground Station, Item: Send to Telegram
2026-05-16T20:06:43.9511|INFO|SequenceItem.cs|Run|254|Finishing Category: Ground Station, Item: Send to Telegram
2026-05-16T20:06:43.9517|INFO|SequenceItem.cs|Run|208|Starting Category: Ground Station, Item: Send to Pushover, Title: Configure Equipment
2026-05-16T20:06:44.1296|INFO|SequenceItem.cs|Run|254|Finishing Category: Ground Station, Item: Send to Pushover, Title: Configure Equipment
2026-05-16T20:06:44.1311|INFO|SequenceItem.cs|Run|208|Starting Category: Connect, Item: ConnectAllEquipment
2026-05-16T20:06:44.1561|INFO|CameraChooserVM.cs|GetEquipment|69|Found 2 ASI Cameras
2026-05-16T20:06:44.2345|INFO|CameraChooserVM.cs|GetEquipment|84|Found 0 Altair Cameras
2026-05-16T20:06:44.2346|INFO|CameraChooserVM.cs|GetEquipment|96|Found 0 Atik Cameras
2026-05-16T20:06:44.2353|INFO|CameraChooserVM.cs|GetEquipment|110|Found 0 FLI Cameras
2026-05-16T20:06:44.2355|INFO|CameraChooserVM.cs|GetEquipment|130|Found 0 QHYCCD Cameras
2026-05-16T20:06:44.3898|INFO|CameraChooserVM.cs|GetEquipment|158|Found 0 ToupTek Cameras
2026-05-16T20:06:44.3947|INFO|CameraChooserVM.cs|GetEquipment|173|Found 0 Ogma Cameras
2026-05-16T20:06:44.4081|INFO|CameraChooserVM.cs|GetEquipment|188|Found 0 Omegon Cameras
2026-05-16T20:06:44.5624|INFO|CameraChooserVM.cs|GetEquipment|203|Found 0 RisingCam Cameras
2026-05-16T20:06:44.5771|INFO|CameraChooserVM.cs|GetEquipment|218|Found 0 MallinCam Cameras
2026-05-16T20:06:44.5786|INFO|CameraChooserVM.cs|GetEquipment|243|Found 0 SVBony Cameras
2026-05-16T20:06:44.5810|INFO|CameraChooserVM.cs|GetEquipment|259|Found 0 SBIG Cameras
2026-05-16T20:06:44.5816|INFO|CameraChooserVM.cs|GetEquipment|279|Found 0 SVBony Cameras
2026-05-16T20:06:44.5819|INFO|CameraChooserVM.cs|GetEquipment|279|Found 0 PlayerOne Cameras
2026-05-16T20:06:44.5895|INFO|CameraChooserVM.cs|GetEquipment|279|Found 0 ASTPAN Cameras
2026-05-16T20:06:44.5903|INFO|CameraChooserVM.cs|GetEquipment|293|Found 4 ASCOM Cameras
2026-05-16T20:06:46.5903|INFO|CameraChooserVM.cs|GetEquipment|305|Found 0 Alpaca Cameras
2026-05-16T20:06:46.5961|INFO|CameraChooserVM.cs|GetEquipment|318|Found 0 Canon Cameras
2026-05-16T20:06:46.6646|INFO|CameraVM.cs|Disconnect|650|Disconnected Camera
2026-05-16T20:06:47.2386|WARNING|ASICamera.cs|SetControlValue|568|Failed to set ASI Control Value ASI_WB_B with value 50
2026-05-16T20:06:47.2388|WARNING|ASICamera.cs|SetControlValue|568|Failed to set ASI Control Value ASI_WB_R with value 50
2026-05-16T20:06:47.2388|WARNING|ASICamera.cs|SetControlValue|568|Failed to set ASI Control Value ASI_GAMMA with value 50
2026-05-16T20:06:47.2389|WARNING|ASICamera.cs|SetControlValue|568|Failed to set ASI Control Value ASI_HIGH_SPEED_MODE with value 0
2026-05-16T20:06:47.2389|WARNING|ASICamera.cs|SetControlValue|568|Failed to set ASI Control Value ASI_OVERCLOCK with value 0
2026-05-16T20:06:47.2390|WARNING|ASICamera.cs|SetControlValue|568|Failed to set ASI Control Value ASI_PATTERN_ADJUST with value 0
2026-05-16T20:06:47.2399|WARNING|ASICamera.cs|SetControlValue|568|Failed to set ASI Control Value ASI_MONO_BIN with value 0
2026-05-16T20:06:47.2410|INFO|ASICamera.cs|Initialize|664|Camera ID: ASI533MM
2026-05-16T20:06:47.2522|WARNING|ASICamera.cs|SetControlValue|568|Failed to set ASI Control Value ASI_ANTI_DEW_HEATER with value 0
2026-05-16T20:06:47.2810|INFO|CameraVM.cs|ChooseCamera|455|Successfully connected Camera. Id: ZWOptical_ZWO ASI533MM Pro_ASI533MM Name: ZWO ASI533MM Pro DisplayName: ZWO ASI533MM Pro (ASI533MM)Driver Version: 1, 39, 0, 0
2026-05-16T20:06:47.8287|INFO|FilterWheelChooserVM.cs|GetEquipment|167|Found 1 Networked Filter Wheel Filter Wheels
2026-05-16T20:06:49.8286|INFO|FilterWheelChooserVM.cs|GetEquipment|193|Found 0 Alpaca Filter Wheels
2026-05-16T20:06:49.8558|INFO|FilterWheelVM.cs|Disconnect|333|Disconnected Filter Wheel
2026-05-16T20:06:53.3072|INFO|FilterWheelVM.cs|ChooseFW|279|Successfully connected Filter Wheel. Id: ASCOM.EFW2.FilterWheel Name: ZWO FilterWheel DisplayName: ZWO FilterWheel (ASCOM) Driver Version: 6.0
2026-05-16T20:06:57.1593|INFO|FocuserChooserVM.cs|GetEquipment|84|Found 0 Alpaca Focusers
2026-05-16T20:06:57.1965|INFO|FocuserVM.cs|Disconnect|441|Disconnected Focuser
2026-05-16T20:06:58.2321|INFO|TsProgressReader.cs|ReadProgressDelta|75|[Subframes] TS progress delta: DB not found at C:\Users\nicka\AppData\Local\NINA\SchedulerPlugin — Target Scheduler not installed or DB path mismatch.
2026-05-16T20:06:58.8866|ERROR|AscomDevice.cs|GetProperty|546|An unexpected exception occurred during GET of Focuser.StepSize: 
ASCOM.DriverException: The method or operation is not implemented.
 ---> System.NotImplementedException: The method or operation is not implemented.
   --- End of inner exception stack trace ---
   at ASCOM.Com.DriverAccess.DynamicAccess.CheckDotNetExceptions(String memberName, Exception e) in J:\ASCOMLibrary\ASCOM.Com\ASCOM.Com.DriverAccess\BaseClass\DynamicAccess.cs:line 278
   at ASCOM.Com.DriverAccess.DynamicAccess.TryGetMember(GetMemberBinder binder, Object& result) in J:\ASCOMLibrary\ASCOM.Com\ASCOM.Com.DriverAccess\BaseClass\DynamicAccess.cs:line 150
   at CallSite.Target(Closure, CallSite, Object)
   at System.Dynamic.UpdateDelegates.UpdateAndExecute1[T0,TRet](CallSite site, T0 arg0)
   at ASCOM.Com.DriverAccess.Focuser.get_StepSize() in J:\ASCOMLibrary\ASCOM.Com\ASCOM.Com.DriverAccess\Focuser.cs:line 159
   at System.RuntimeMethodHandle.InvokeMethod(Object target, Void** arguments, Signature sig, Boolean isConstructor)
   at System.Reflection.MethodBaseInvoker.InvokeWithNoArgs(Object obj, BindingFlags invokeAttr)
2026-05-16T20:06:59.0953|INFO|AscomDevice.cs|GetProperty|485|Retrying to GET Focuser.StepSize - Attempt 2 / 3
2026-05-16T20:06:59.0984|ERROR|AscomDevice.cs|GetProperty|546|An unexpected exception occurred during GET of Focuser.StepSize: 
ASCOM.DriverException: The method or operation is not implemented.
 ---> System.NotImplementedException: The method or operation is not implemented.
   --- End of inner exception stack trace ---
   at ASCOM.Com.DriverAccess.DynamicAccess.CheckDotNetExceptions(String memberName, Exception e) in J:\ASCOMLibrary\ASCOM.Com\ASCOM.Com.DriverAccess\BaseClass\DynamicAccess.cs:line 278
   at ASCOM.Com.DriverAccess.DynamicAccess.TryGetMember(GetMemberBinder binder, Object& result) in J:\ASCOMLibrary\ASCOM.Com\ASCOM.Com.DriverAccess\BaseClass\DynamicAccess.cs:line 150
   at CallSite.Target(Closure, CallSite, Object)
   at ASCOM.Com.DriverAccess.Focuser.get_StepSize() in J:\ASCOMLibrary\ASCOM.Com\ASCOM.Com.DriverAccess\Focuser.cs:line 159
   at InvokeStub_Focuser.get_StepSize(Object, Object, IntPtr*)
   at System.Reflection.MethodBaseInvoker.InvokeWithNoArgs(Object obj, BindingFlags invokeAttr)
2026-05-16T20:06:59.2993|INFO|AscomDevice.cs|GetProperty|485|Retrying to GET Focuser.StepSize - Attempt 3 / 3
2026-05-16T20:06:59.3016|ERROR|AscomDevice.cs|GetProperty|546|An unexpected exception occurred during GET of Focuser.StepSize: 
ASCOM.DriverException: The method or operation is not implemented.
 ---> System.NotImplementedException: The method or operation is not implemented.
   --- End of inner exception stack trace ---
   at ASCOM.Com.DriverAccess.DynamicAccess.CheckDotNetExceptions(String memberName, Exception e) in J:\ASCOMLibrary\ASCOM.Com\ASCOM.Com.DriverAccess\BaseClass\DynamicAccess.cs:line 278
   at ASCOM.Com.DriverAccess.DynamicAccess.TryGetMember(GetMemberBinder binder, Object& result) in J:\ASCOMLibrary\ASCOM.Com\ASCOM.Com.DriverAccess\BaseClass\DynamicAccess.cs:line 150
   at CallSite.Target(Closure, CallSite, Object)
   at ASCOM.Com.DriverAccess.Focuser.get_StepSize() in J:\ASCOMLibrary\ASCOM.Com\ASCOM.Com.DriverAccess\Focuser.cs:line 159
   at InvokeStub_Focuser.get_StepSize(Object, Object, IntPtr*)
   at System.Reflection.MethodBaseInvoker.InvokeWithNoArgs(Object obj, BindingFlags invokeAttr)
2026-05-16T20:06:59.3024|INFO|AscomDevice.cs|GetProperty|556|GET Focuser.StepSize failed - Returning last known value 0
2026-05-16T20:06:59.5561|INFO|FocuserVM.cs|ChooseFocuser|333|Successfully connected Focuser. Id: ASCOM.EAF.Focuser Name: ZWO Focuser DisplayName: ZWO Focuser (ASCOM) Driver Version: 6.0
2026-05-16T20:07:01.5613|INFO|TelescopeChooserVM.cs|GetEquipment|69|Found 0 Alpaca Telescopes
2026-05-16T20:07:01.6102|INFO|TelescopeVM.cs|Disconnect|740|Disconnected mount
2026-05-16T20:07:04.4491|INFO|AscomTelescope.cs|CheckMountTime|845|Mount UTC Time: 2026-05-17 01:07:00Z / System UTC Time: 2026-05-17 01:07:04Z; Difference: 3.664 seconds
2026-05-16T20:07:04.5037|INFO|AscomTelescope.cs|CheckMountTime|852|System time has been synced to the mount
2026-05-16T20:07:04.7426|INFO|TelescopeVM.cs|ChooseTelescope|535|Successfully connected mount. Id: ASCOM.iOptron2017.Telescope Name: iOptron CEM120,70,40,26, GEM, HEM, HAE, HAZ series and SkyHunter Mount DisplayName: iOptron CEM120,70,40,26, GEM, HEM, HAE, HAZ series and SkyHunter Mount (ASCOM) Driver Version: 9.15
2026-05-16T20:07:04.7548|INFO|PHD2Guider.cs|Connect|205|Connecting to PHD2 server at 127.0.0.1:4400
2026-05-16T20:07:09.3450|INFO|PHD2Client.cs|ConnectAsync|118|PHD2Client: Connected successfully!
2026-05-16T20:07:09.3452|INFO|DitherStatisticsVM.cs|OnPHD2ConnectionStatusChanged|734|PHD2 Connection Status: Connected
2026-05-16T20:07:09.3452|INFO|DitherStatisticsVM.cs|ConnectToPHD2|713|Successfully connected to PHD2!
2026-05-16T20:07:09.3464|INFO|PHD2Client.cs|ReadEventsAsync|181|PHD2Client: Started reading events
2026-05-16T20:07:09.7930|INFO|PHD2Client.cs|HandleVersion|366|PHD2Client: Connected to PHD2 version 2.6.14. (Message Protocol v1)
2026-05-16T20:07:09.7939|INFO|PHD2Client.cs|ProcessEvent|257|PHD2: CalibrationComplete
2026-05-16T20:07:09.7946|INFO|PHD2Client.cs|HandleAppState|376|PHD2Client: PHD2 AppState: Stopped
2026-05-16T20:07:11.8062|INFO|WeatherDataChooserVM.cs|GetEquipment|69|Found 0 Alpaca Observing Conditions
2026-05-16T20:07:11.8455|INFO|WeatherDataVM.cs|Disconnect|305|Disconnected Weather Device
2026-05-16T20:07:14.0877|INFO|AscomDevice.cs|GetProperty|527|Property ObservingConditions.SkyQuality GET is not implemented in this driver (SkyAlert Observing Conditions)
2026-05-16T20:07:14.0951|INFO|AscomDevice.cs|GetProperty|527|Property ObservingConditions.StarFWHM GET is not implemented in this driver (SkyAlert Observing Conditions)
2026-05-16T20:07:14.1088|INFO|WeatherDataVM.cs|ChooseWeatherData|150|Successfully connected Weather Device. Id: ASCOM.SkyAlert.ObservingConditions Name: SkyAlert Observing Conditions DisplayName: SkyAlert Observing Conditions (ASCOM) Driver Version: 1.7
2026-05-16T20:07:16.1107|INFO|SafetyMonitorChooserVM.cs|GetEquipment|71|Found 0 Alpaca Safety Monitors
2026-05-16T20:07:16.1306|INFO|SafetyMonitorVM.cs|Disconnect|221|Disconnected Safety Monitor
2026-05-16T20:07:16.8041|INFO|SafetyMonitorVM.cs|Connect|175|Successfully connected Safety Monitor. Id: ASCOM.GenericFile.SafetyMonitor Name: Generic File driver DisplayName: Generic File driver (ASCOM) Driver Version: 6.4
2026-05-16T20:07:16.8046|INFO|SequenceItem.cs|Run|254|Finishing Category: Connect, Item: ConnectAllEquipment
2026-05-16T20:07:16.8053|INFO|SequenceItem.cs|Run|208|Starting Category: Telescope, Item: FindHome
2026-05-16T20:07:16.8126|INFO|PHD2Guider.cs|StopGuiding|704|Phd2 - Stop Guiding skipped, as the app is already in state Stopped
2026-05-16T20:07:16.8147|INFO|TelescopeVM.cs|FindHome|292|Mount ordered to locate home position
2026-05-16T20:07:16.8172|INFO|TelescopeVM.cs|FindHome|336|Mount ordered to home but it is already at home
2026-05-16T20:07:16.8176|INFO|TelescopeVM.cs|FindHome|348|Mount has located its home position
2026-05-16T20:07:16.8184|INFO|SequenceItem.cs|Run|254|Finishing Category: Telescope, Item: FindHome
2026-05-16T20:07:16.8186|INFO|SequenceItem.cs|Run|208|Starting Category: Ground Station, Item: Send to Telegram
2026-05-16T20:07:17.4323|INFO|SequenceItem.cs|Run|254|Finishing Category: Ground Station, Item: Send to Telegram
2026-05-16T20:07:17.4327|INFO|SequenceItem.cs|Run|208|Starting Category: Ground Station, Item: Send to Pushover, Title: Cool
2026-05-16T20:07:17.5920|INFO|SequenceItem.cs|Run|254|Finishing Category: Ground Station, Item: Send to Pushover, Title: Cool
2026-05-16T20:07:17.5939|INFO|SequenceItem.cs|Run|208|Starting Category: Camera, Item: CoolCamera, Temperature: -5, Duration: 15
2026-05-16T20:07:17.6038|INFO|CameraVM.cs|CoolCamera|138|Cooling Camera. Target: -5 Duration: 00:15:00
2026-05-16T20:07:18.8085|INFO|SafetyMonitorVM.cs|UpdateMonitorValues|95|SafetyMonitorInfo state changed to Unsafe
2026-05-16T20:11:58.2316|INFO|TsProgressReader.cs|ReadProgressDelta|75|[Subframes] TS progress delta: DB not found at C:\Users\nicka\AppData\Local\NINA\SchedulerPlugin — Target Scheduler not installed or DB path mismatch.
2026-05-16T20:16:58.2322|INFO|TsProgressReader.cs|ReadProgressDelta|75|[Subframes] TS progress delta: DB not found at C:\Users\nicka\AppData\Local\NINA\SchedulerPlugin — Target Scheduler not installed or DB path mismatch.
2026-05-16T20:21:58.2314|INFO|TsProgressReader.cs|ReadProgressDelta|75|[Subframes] TS progress delta: DB not found at C:\Users\nicka\AppData\Local\NINA\SchedulerPlugin — Target Scheduler not installed or DB path mismatch.
2026-05-16T20:22:43.3334|INFO|SequenceItem.cs|Run|254|Finishing Category: Camera, Item: CoolCamera, Temperature: -5, Duration: 15
2026-05-16T20:22:43.3337|INFO|SequenceItem.cs|Run|208|Starting Category: Utility, Item: WaitForTime, Time: 21:12:5h, Offset: -15
2026-05-16T20:26:58.2307|INFO|TsProgressReader.cs|ReadProgressDelta|75|[Subframes] TS progress delta: DB not found at C:\Users\nicka\AppData\Local\NINA\SchedulerPlugin — Target Scheduler not installed or DB path mismatch.
2026-05-16T20:31:58.2307|INFO|TsProgressReader.cs|ReadProgressDelta|75|[Subframes] TS progress delta: DB not found at C:\Users\nicka\AppData\Local\NINA\SchedulerPlugin — Target Scheduler not installed or DB path mismatch.
2026-05-16T20:36:58.2316|INFO|TsProgressReader.cs|ReadProgressDelta|75|[Subframes] TS progress delta: DB not found at C:\Users\nicka\AppData\Local\NINA\SchedulerPlugin — Target Scheduler not installed or DB path mismatch.
2026-05-16T20:41:58.2317|INFO|TsProgressReader.cs|ReadProgressDelta|75|[Subframes] TS progress delta: DB not found at C:\Users\nicka\AppData\Local\NINA\SchedulerPlugin — Target Scheduler not installed or DB path mismatch.
2026-05-16T20:46:58.2319|INFO|TsProgressReader.cs|ReadProgressDelta|75|[Subframes] TS progress delta: DB not found at C:\Users\nicka\AppData\Local\NINA\SchedulerPlugin — Target Scheduler not installed or DB path mismatch.
2026-05-16T20:51:58.2322|INFO|TsProgressReader.cs|ReadProgressDelta|75|[Subframes] TS progress delta: DB not found at C:\Users\nicka\AppData\Local\NINA\SchedulerPlugin — Target Scheduler not installed or DB path mismatch.
2026-05-16T20:56:58.2321|INFO|TsProgressReader.cs|ReadProgressDelta|75|[Subframes] TS progress delta: DB not found at C:\Users\nicka\AppData\Local\NINA\SchedulerPlugin — Target Scheduler not installed or DB path mismatch.
2026-05-16T21:01:58.2309|INFO|TsProgressReader.cs|ReadProgressDelta|75|[Subframes] TS progress delta: DB not found at C:\Users\nicka\AppData\Local\NINA\SchedulerPlugin — Target Scheduler not installed or DB path mismatch.
2026-05-16T21:06:58.2320|INFO|TsProgressReader.cs|ReadProgressDelta|75|[Subframes] TS progress delta: DB not found at C:\Users\nicka\AppData\Local\NINA\SchedulerPlugin — Target Scheduler not installed or DB path mismatch.
2026-05-16T21:11:58.2316|INFO|TsProgressReader.cs|ReadProgressDelta|75|[Subframes] TS progress delta: DB not found at C:\Users\nicka\AppData\Local\NINA\SchedulerPlugin — Target Scheduler not installed or DB path mismatch.
2026-05-16T21:12:07.8232|INFO|SequenceItem.cs|Run|254|Finishing Category: Utility, Item: WaitForTime, Time: 21:12:5h, Offset: -15
2026-05-16T21:12:07.8919|INFO|SequenceItem.cs|Run|254|Finishing Category: * Instruction Set *, Container: NINA.Sequencer.Container.SequentialContainer, Strategy: SequentialStrategy, Items[FINISHED]: 11
2026-05-16T21:12:07.8922|INFO|SequenceItem.cs|Run|254|Finishing Category: * Instruction Set *, Container: NINA.Sequencer.Container.StartAreaContainer, Strategy: SequentialStrategy, Items[FINISHED]: 1
2026-05-16T21:12:07.8924|INFO|SequenceItem.cs|Run|208|Starting Category: * Instruction Set *, Container: NINA.Sequencer.Container.TargetAreaContainer, Strategy: SequentialStrategy, Items[CREATED]: 1
2026-05-16T21:12:07.8941|INFO|SequenceItem.cs|Run|208|Starting Category: * Instruction Set *, Container: NINA.Sequencer.Container.SequentialContainer, Strategy: SequentialStrategy, Items[CREATED]: 12, Conditions: Condition: TimeCondition, Time: 6:12:51h, Condition: TargetSchedulerCondition mode=While Targets Remain Tonight, , Triggers: Trigger: CenterAfterDriftTrigger, DistanceArcMinutes: 1Trigger: WhenUnsafeCategory: Ground Station, Item: Failures to TelegramCategory: Connect, Item: ReconnectOnDownloadFailureTrigger: AutofocusAfterHFRIncreaseTrigger, Amount: 5Trigger: MeridianFlipTriggerCategory: Powerups (Misc), Item: DIYTriggerCategory: Ground Station, Item: Failures to PushoverTrigger: AutofocusAfterTemperatureChangeTrigger, Amount: 1.5°
2026-05-16T21:12:07.8960|INFO|WhenCommon.cs|SequenceBlockInitialize|204|Initialize; starting watchdog
2026-05-16T21:12:07.8995|INFO|WhenUnsafe.cs|CheckSafe|77|IsSafe is now FALSE; connected = True, IsSafe = False
2026-05-16T21:12:07.8998|INFO|WhenCommon.cs|ShouldTrigger|378|ShouldTrigger TRUE from InterruptWhen, setting TriggerRunner
2026-05-16T21:12:07.8999|INFO|WhenCommon.cs|InterruptWhen|322|Interrupting current Instruction Set
2026-05-16T21:12:07.9048|INFO|WhenCommon.cs|InterruptWhen|332|Canceling sequence...
2026-05-16T21:12:08.9055|INFO|WhenCommon.cs|InterruptWhen|336|Delay 1000
2026-05-16T21:12:09.9050|INFO|WhenCommon.cs|InterruptWhen|336|Delay 1000
2026-05-16T21:12:10.9051|INFO|WhenCommon.cs|InterruptWhen|336|Delay 1000
2026-05-16T21:12:11.9068|INFO|WhenCommon.cs|InterruptWhen|336|Delay 1000
2026-05-16T21:12:12.9059|INFO|WhenCommon.cs|InterruptWhen|336|Delay 1000
2026-05-16T21:12:13.9071|INFO|WhenCommon.cs|InterruptWhen|336|Delay 1000
2026-05-16T21:12:14.9076|INFO|WhenCommon.cs|InterruptWhen|336|Delay 1000
2026-05-16T21:12:15.9072|INFO|WhenCommon.cs|InterruptWhen|336|Delay 1000
2026-05-16T21:12:16.9138|INFO|WhenCommon.cs|InterruptWhen|336|Delay 1000
2026-05-16T21:12:17.9131|INFO|WhenCommon.cs|InterruptWhen|336|Delay 1000
2026-05-16T21:12:18.9135|INFO|WhenCommon.cs|InterruptWhen|336|Delay 1000
2026-05-16T21:12:19.9134|INFO|WhenCommon.cs|InterruptWhen|336|Delay 1000
2026-05-16T21:12:20.9129|INFO|WhenCommon.cs|InterruptWhen|336|Delay 1000
2026-05-16T21:12:21.9147|INFO|WhenCommon.cs|InterruptWhen|336|Delay 1000
2026-05-16T21:12:22.9157|INFO|WhenCommon.cs|InterruptWhen|336|Delay 1000
2026-05-16T21:12:23.9160|INFO|WhenCommon.cs|InterruptWhen|336|Delay 1000
2026-05-16T21:12:24.9163|INFO|WhenCommon.cs|InterruptWhen|336|Delay 1000
2026-05-16T21:12:25.9165|INFO|WhenCommon.cs|InterruptWhen|336|Delay 1000
2026-05-16T21:12:26.9164|INFO|WhenCommon.cs|InterruptWhen|336|Delay 1000
2026-05-16T21:12:27.9162|INFO|WhenCommon.cs|InterruptWhen|336|Delay 1000
2026-05-16T21:12:28.9169|INFO|WhenCommon.cs|InterruptWhen|336|Delay 1000
2026-05-16T21:12:29.9179|INFO|WhenCommon.cs|InterruptWhen|336|Delay 1000
2026-05-16T21:12:30.9198|INFO|WhenCommon.cs|InterruptWhen|336|Delay 1000
2026-05-16T21:12:31.9195|INFO|WhenCommon.cs|InterruptWhen|336|Delay 1000
2026-05-16T21:12:32.9190|INFO|WhenCommon.cs|InterruptWhen|336|Delay 1000
2026-05-16T21:12:33.9201|INFO|WhenCommon.cs|InterruptWhen|336|Delay 1000
2026-05-16T21:12:34.6565|INFO|WhenCommon.cs|SequenceBlockTeardown|198|Teardown; shutting down watchdog
2026-05-16T21:12:34.6593|INFO|Sequencer.cs|Start|85|Sequence run was cancelled
2026-05-16T21:12:34.6806|INFO|Sequence2VM.cs|StartSequence|548|Advanced Sequence finished
2026-05-16T21:12:34.9292|INFO|WhenCommon.cs|InterruptWhen|339|Sequence no longer running
2026-05-16T21:12:34.9316|WARNING|WhenCommon.cs|CheckSlewing|263|CheckSlewing, WhenUnsafe = True, Connected = True, CanSlew = True, info.Slewing = False
2026-05-16T21:12:34.9338|INFO|Sequence2VM.cs|StartSequence|543|Advanced Sequence starting
2026-05-16T21:12:35.0066|INFO|SequenceItem.cs|Run|208|Starting Category: * Instruction Set *, Container: NINA.Sequencer.Container.SequenceRootContainer, Strategy: SequentialStrategy, Items[CREATED]: 3, Triggers: Category: Ground Station, Item: Failures to Telegram
2026-05-16T21:12:35.0131|INFO|SequenceItem.cs|Run|208|Starting Category: * Instruction Set *, Container: NINA.Sequencer.Container.StartAreaContainer, Strategy: SequentialStrategy, Items[FINISHED]: 1
2026-05-16T21:12:35.0135|INFO|SequenceItem.cs|Run|254|Finishing Category: * Instruction Set *, Container: NINA.Sequencer.Container.StartAreaContainer, Strategy: SequentialStrategy, Items[FINISHED]: 1
2026-05-16T21:12:35.0136|INFO|SequenceItem.cs|Run|208|Starting Category: * Instruction Set *, Container: NINA.Sequencer.Container.TargetAreaContainer, Strategy: SequentialStrategy, Items[CREATED]: 1
2026-05-16T21:12:35.0137|INFO|SequenceItem.cs|Run|208|Starting Category: * Instruction Set *, Container: NINA.Sequencer.Container.SequentialContainer, Strategy: SequentialStrategy, Items[CREATED]: 12, Conditions: Condition: TimeCondition, Time: 6:12:51h, Condition: TargetSchedulerCondition mode=While Targets Remain Tonight, , Triggers: Trigger: CenterAfterDriftTrigger, DistanceArcMinutes: 1Trigger: WhenUnsafeCategory: Ground Station, Item: Failures to TelegramCategory: Connect, Item: ReconnectOnDownloadFailureTrigger: AutofocusAfterHFRIncreaseTrigger, Amount: 5Trigger: MeridianFlipTriggerCategory: Powerups (Misc), Item: DIYTriggerCategory: Ground Station, Item: Failures to PushoverTrigger: AutofocusAfterTemperatureChangeTrigger, Amount: 1.5°
2026-05-16T21:12:35.0141|INFO|WhenCommon.cs|SequenceBlockInitialize|204|Initialize; starting watchdog
2026-05-16T21:12:35.0155|INFO|WhenCommon.cs|ShouldTrigger|382|ShouldTrigger TRUE, setting TriggerRunner
2026-05-16T21:12:35.0180|INFO|SequenceTrigger.cs|Run|114|Starting Trigger: WhenUnsafe
2026-05-16T21:12:35.0297|INFO|WhenCommon.cs|Execute|395|Execute 0
2026-05-16T21:12:35.0300|INFO|WhenCommon.cs|Execute|409|When: running TriggerRunner, InFlight -> true, Triggered -> false
2026-05-16T21:12:35.0300|WARNING|WhenCommon.cs|CheckSlewing|263|CheckSlewing, WhenUnsafe = True, Connected = True, CanSlew = True, info.Slewing = False
2026-05-16T21:12:35.0302|INFO|SequenceItem.cs|Run|208|Starting Category: , Container: WhenPlugin.When.IfContainer, Strategy: SequentialStrategy, Items[CREATED]: 9
2026-05-16T21:12:35.0360|INFO|MeridianFlipTrigger.cs|ShouldTrigger|197|Meridian Flip - Telescope is at home position. Skip flip evaluation
2026-05-16T21:12:35.0377|INFO|SequenceItem.cs|Run|208|Starting Category: Ground Station, Item: Send to Telegram
2026-05-16T21:12:35.7245|INFO|SequenceItem.cs|Run|254|Finishing Category: Ground Station, Item: Send to Telegram
2026-05-16T21:12:35.7277|INFO|MeridianFlipTrigger.cs|ShouldTrigger|197|Meridian Flip - Telescope is at home position. Skip flip evaluation
2026-05-16T21:12:35.7283|INFO|SequenceItem.cs|Run|208|Starting Category: Ground Station, Item: Send to Pushover, Title: Unsafe
2026-05-16T21:12:35.9141|INFO|SequenceItem.cs|Run|254|Finishing Category: Ground Station, Item: Send to Pushover, Title: Unsafe
2026-05-16T21:12:35.9148|INFO|MeridianFlipTrigger.cs|ShouldTrigger|197|Meridian Flip - Telescope is at home position. Skip flip evaluation
2026-05-16T21:12:35.9149|INFO|SequenceItem.cs|Run|208|Starting Category: Telescope, Item: FindHome
2026-05-16T21:12:35.9176|INFO|PHD2Guider.cs|StopGuiding|704|Phd2 - Stop Guiding skipped, as the app is already in state Stopped
2026-05-16T21:12:35.9178|INFO|TelescopeVM.cs|FindHome|292|Mount ordered to locate home position
2026-05-16T21:12:35.9183|INFO|TelescopeVM.cs|FindHome|336|Mount ordered to home but it is already at home
2026-05-16T21:12:35.9183|INFO|TelescopeVM.cs|FindHome|348|Mount has located its home position
2026-05-16T21:12:35.9185|INFO|SequenceItem.cs|Run|254|Finishing Category: Telescope, Item: FindHome
2026-05-16T21:12:35.9189|INFO|MeridianFlipTrigger.cs|ShouldTrigger|197|Meridian Flip - Telescope is at home position. Skip flip evaluation
2026-05-16T21:12:35.9194|INFO|SequenceItem.cs|Run|208|Starting Category: Guider, Item: StopGuiding
2026-05-16T21:12:35.9218|INFO|PHD2Guider.cs|StopGuiding|704|Phd2 - Stop Guiding skipped, as the app is already in state Stopped
2026-05-16T21:12:35.9219|INFO|SequenceItem.cs|Run|254|Finishing Category: Guider, Item: StopGuiding
2026-05-16T21:12:35.9290|INFO|MeridianFlipTrigger.cs|ShouldTrigger|197|Meridian Flip - Telescope is at home position. Skip flip evaluation
2026-05-16T21:12:35.9299|INFO|SequenceItem.cs|Run|208|Starting Category: Connect, Item: DisconnectEquipment, Selected device: Safety Monitor
2026-05-16T21:12:36.0040|INFO|AscomDevice.cs|Disconnect|378|Disconnecting from ASCOM.GenericFile.SafetyMonitor Generic File driver
2026-05-16T21:12:36.0311|INFO|SafetyMonitorVM.cs|Disconnect|221|Disconnected Safety Monitor
2026-05-16T21:12:36.0314|INFO|SequenceItem.cs|Run|254|Finishing Category: Connect, Item: DisconnectEquipment, Selected device: Safety Monitor
2026-05-16T21:12:36.0320|INFO|MeridianFlipTrigger.cs|ShouldTrigger|197|Meridian Flip - Telescope is at home position. Skip flip evaluation
2026-05-16T21:12:36.0327|INFO|SequenceItem.cs|Run|208|Starting Category: Utility, Item: WaitForTimeSpan, Time: 60s
2026-05-16T21:13:36.0863|INFO|SequenceItem.cs|Run|254|Finishing Category: Utility, Item: WaitForTimeSpan, Time: 60s
2026-05-16T21:13:36.0872|INFO|MeridianFlipTrigger.cs|ShouldTrigger|197|Meridian Flip - Telescope is at home position. Skip flip evaluation
2026-05-16T21:13:36.0885|INFO|SequenceItem.cs|Run|208|Starting Category: Connect, Item: ConnectEquipment, Selected device: Safety Monitor, Selected device id: ASCOM.GenericFile.SafetyMonitor
2026-05-16T21:13:38.0962|INFO|SafetyMonitorChooserVM.cs|GetEquipment|71|Found 0 Alpaca Safety Monitors
2026-05-16T21:13:38.1211|INFO|SafetyMonitorVM.cs|Disconnect|221|Disconnected Safety Monitor
2026-05-16T21:13:38.1937|INFO|SafetyMonitorVM.cs|Connect|175|Successfully connected Safety Monitor. Id: ASCOM.GenericFile.SafetyMonitor Name: Generic File driver DisplayName: Generic File driver (ASCOM) Driver Version: 6.4
2026-05-16T21:13:38.1939|INFO|SequenceItem.cs|Run|254|Finishing Category: Connect, Item: ConnectEquipment, Selected device: Safety Monitor, Selected device id: ASCOM.GenericFile.SafetyMonitor
2026-05-16T21:13:38.1942|INFO|MeridianFlipTrigger.cs|ShouldTrigger|197|Meridian Flip - Telescope is at home position. Skip flip evaluation
2026-05-16T21:13:38.1942|INFO|SequenceItem.cs|Run|208|Starting Category: Utility, Item: WaitForTimeSpan, Time: 60s
2026-05-16T21:13:40.1930|INFO|SafetyMonitorVM.cs|UpdateMonitorValues|95|SafetyMonitorInfo state changed to Unsafe
2026-05-16T21:14:38.3055|INFO|SequenceItem.cs|Run|254|Finishing Category: Utility, Item: WaitForTimeSpan, Time: 60s
2026-05-16T21:14:38.3066|INFO|MeridianFlipTrigger.cs|ShouldTrigger|197|Meridian Flip - Telescope is at home position. Skip flip evaluation
2026-05-16T21:14:38.3073|INFO|SequenceItem.cs|Run|208|Starting Category: Powerups (Safety), Item: OnceSafe
2026-05-16T21:16:58.2323|INFO|TsProgressReader.cs|ReadProgressDelta|75|[Subframes] TS progress delta: DB not found at C:\Users\nicka\AppData\Local\NINA\SchedulerPlugin — Target Scheduler not installed or DB path mismatch.
2026-05-16T21:21:58.2305|INFO|TsProgressReader.cs|ReadProgressDelta|75|[Subframes] TS progress delta: DB not found at C:\Users\nicka\AppData\Local\NINA\SchedulerPlugin — Target Scheduler not installed or DB path mismatch.
2026-05-16T21:26:58.2306|INFO|TsProgressReader.cs|ReadProgressDelta|75|[Subframes] TS progress delta: DB not found at C:\Users\nicka\AppData\Local\NINA\SchedulerPlugin — Target Scheduler not installed or DB path mismatch.
2026-05-16T21:31:58.2316|INFO|TsProgressReader.cs|ReadProgressDelta|75|[Subframes] TS progress delta: DB not found at C:\Users\nicka\AppData\Local\NINA\SchedulerPlugin — Target Scheduler not installed or DB path mismatch.
2026-05-16T21:36:58.2321|INFO|TsProgressReader.cs|ReadProgressDelta|75|[Subframes] TS progress delta: DB not found at C:\Users\nicka\AppData\Local\NINA\SchedulerPlugin — Target Scheduler not installed or DB path mismatch.
2026-05-16T21:39:55.1550|INFO|FrameCache.cs|PruneSynced|249|[Subframes] Pruned 1 synced frames older than 72h
2026-05-16T21:41:58.2314|INFO|TsProgressReader.cs|ReadProgressDelta|75|[Subframes] TS progress delta: DB not found at C:\Users\nicka\AppData\Local\NINA\SchedulerPlugin — Target Scheduler not installed or DB path mismatch.
2026-05-16T21:46:58.2321|INFO|TsProgressReader.cs|ReadProgressDelta|75|[Subframes] TS progress delta: DB not found at C:\Users\nicka\AppData\Local\NINA\SchedulerPlugin — Target Scheduler not installed or DB path mismatch.
2026-05-16T21:49:55.1551|INFO|FrameCache.cs|PruneSynced|249|[Subframes] Pruned 1 synced frames older than 72h
2026-05-16T21:51:58.2310|INFO|TsProgressReader.cs|ReadProgressDelta|75|[Subframes] TS progress delta: DB not found at C:\Users\nicka\AppData\Local\NINA\SchedulerPlugin — Target Scheduler not installed or DB path mismatch.
2026-05-16T21:56:58.2311|INFO|TsProgressReader.cs|ReadProgressDelta|75|[Subframes] TS progress delta: DB not found at C:\Users\nicka\AppData\Local\NINA\SchedulerPlugin — Target Scheduler not installed or DB path mismatch.
2026-05-16T22:00:25.1555|INFO|FrameCache.cs|PruneSynced|249|[Subframes] Pruned 1 synced frames older than 72h
2026-05-16T22:01:58.2313|INFO|TsProgressReader.cs|ReadProgressDelta|75|[Subframes] TS progress delta: DB not found at C:\Users\nicka\AppData\Local\NINA\SchedulerPlugin — Target Scheduler not installed or DB path mismatch.
2026-05-16T22:06:58.2319|INFO|TsProgressReader.cs|ReadProgressDelta|75|[Subframes] TS progress delta: DB not found at C:\Users\nicka\AppData\Local\NINA\SchedulerPlugin — Target Scheduler not installed or DB path mismatch.
2026-05-16T22:11:58.2304|INFO|TsProgressReader.cs|ReadProgressDelta|75|[Subframes] TS progress delta: DB not found at C:\Users\nicka\AppData\Local\NINA\SchedulerPlugin — Target Scheduler not installed or DB path mismatch.
2026-05-16T22:13:25.1553|INFO|FrameCache.cs|PruneSynced|249|[Subframes] Pruned 1 synced frames older than 72h
2026-05-16T22:16:58.2305|INFO|TsProgressReader.cs|ReadProgressDelta|75|[Subframes] TS progress delta: DB not found at C:\Users\nicka\AppData\Local\NINA\SchedulerPlugin — Target Scheduler not installed or DB path mismatch.
2026-05-16T22:21:58.2305|INFO|TsProgressReader.cs|ReadProgressDelta|75|[Subframes] TS progress delta: DB not found at C:\Users\nicka\AppData\Local\NINA\SchedulerPlugin — Target Scheduler not installed or DB path mismatch.
2026-05-16T22:23:25.1540|INFO|FrameCache.cs|PruneSynced|249|[Subframes] Pruned 1 synced frames older than 72h
2026-05-16T22:26:58.2312|INFO|TsProgressReader.cs|ReadProgressDelta|75|[Subframes] TS progress delta: DB not found at C:\Users\nicka\AppData\Local\NINA\SchedulerPlugin — Target Scheduler not installed or DB path mismatch.
2026-05-16T22:31:58.2316|INFO|TsProgressReader.cs|ReadProgressDelta|75|[Subframes] TS progress delta: DB not found at C:\Users\nicka\AppData\Local\NINA\SchedulerPlugin — Target Scheduler not installed or DB path mismatch.
2026-05-16T22:33:25.1530|INFO|FrameCache.cs|PruneSynced|249|[Subframes] Pruned 1 synced frames older than 72h
2026-05-16T22:36:58.2315|INFO|TsProgressReader.cs|ReadProgressDelta|75|[Subframes] TS progress delta: DB not found at C:\Users\nicka\AppData\Local\NINA\SchedulerPlugin — Target Scheduler not installed or DB path mismatch.
2026-05-16T22:41:58.2310|INFO|TsProgressReader.cs|ReadProgressDelta|75|[Subframes] TS progress delta: DB not found at C:\Users\nicka\AppData\Local\NINA\SchedulerPlugin — Target Scheduler not installed or DB path mismatch.
2026-05-16T22:43:25.1546|INFO|FrameCache.cs|PruneSynced|249|[Subframes] Pruned 1 synced frames older than 72h
2026-05-16T22:46:58.2318|INFO|TsProgressReader.cs|ReadProgressDelta|75|[Subframes] TS progress delta: DB not found at C:\Users\nicka\AppData\Local\NINA\SchedulerPlugin — Target Scheduler not installed or DB path mismatch.
2026-05-16T22:51:58.2318|INFO|TsProgressReader.cs|ReadProgressDelta|75|[Subframes] TS progress delta: DB not found at C:\Users\nicka\AppData\Local\NINA\SchedulerPlugin — Target Scheduler not installed or DB path mismatch.
2026-05-16T22:56:25.1538|INFO|FrameCache.cs|PruneSynced|249|[Subframes] Pruned 1 synced frames older than 72h
2026-05-16T22:56:58.2306|INFO|TsProgressReader.cs|ReadProgressDelta|75|[Subframes] TS progress delta: DB not found at C:\Users\nicka\AppData\Local\NINA\SchedulerPlugin — Target Scheduler not installed or DB path mismatch.
2026-05-16T23:01:58.2312|INFO|TsProgressReader.cs|ReadProgressDelta|75|[Subframes] TS progress delta: DB not found at C:\Users\nicka\AppData\Local\NINA\SchedulerPlugin — Target Scheduler not installed or DB path mismatch.
2026-05-16T23:06:25.1536|INFO|FrameCache.cs|PruneSynced|249|[Subframes] Pruned 1 synced frames older than 72h
2026-05-16T23:06:58.2305|INFO|TsProgressReader.cs|ReadProgressDelta|75|[Subframes] TS progress delta: DB not found at C:\Users\nicka\AppData\Local\NINA\SchedulerPlugin — Target Scheduler not installed or DB path mismatch.
2026-05-16T23:11:58.2323|INFO|TsProgressReader.cs|ReadProgressDelta|75|[Subframes] TS progress delta: DB not found at C:\Users\nicka\AppData\Local\NINA\SchedulerPlugin — Target Scheduler not installed or DB path mismatch.
2026-05-16T23:16:55.1548|INFO|FrameCache.cs|PruneSynced|249|[Subframes] Pruned 1 synced frames older than 72h
2026-05-16T23:16:58.2322|INFO|TsProgressReader.cs|ReadProgressDelta|75|[Subframes] TS progress delta: DB not found at C:\Users\nicka\AppData\Local\NINA\SchedulerPlugin — Target Scheduler not installed or DB path mismatch.
2026-05-16T23:21:58.2321|INFO|TsProgressReader.cs|ReadProgressDelta|75|[Subframes] TS progress delta: DB not found at C:\Users\nicka\AppData\Local\NINA\SchedulerPlugin — Target Scheduler not installed or DB path mismatch.
2026-05-16T23:23:25.1538|INFO|FrameCache.cs|PruneSynced|249|[Subframes] Pruned 1 synced frames older than 72h
2026-05-16T23:26:58.2315|INFO|TsProgressReader.cs|ReadProgressDelta|75|[Subframes] TS progress delta: DB not found at C:\Users\nicka\AppData\Local\NINA\SchedulerPlugin — Target Scheduler not installed or DB path mismatch.
2026-05-16T23:28:55.1545|INFO|FrameCache.cs|PruneSynced|249|[Subframes] Pruned 1 synced frames older than 72h
2026-05-16T23:31:55.1536|INFO|FrameCache.cs|PruneSynced|249|[Subframes] Pruned 1 synced frames older than 72h
2026-05-16T23:31:58.2320|INFO|TsProgressReader.cs|ReadProgressDelta|75|[Subframes] TS progress delta: DB not found at C:\Users\nicka\AppData\Local\NINA\SchedulerPlugin — Target Scheduler not installed or DB path mismatch.
2026-05-16T23:35:25.1553|INFO|FrameCache.cs|PruneSynced|249|[Subframes] Pruned 1 synced frames older than 72h
2026-05-16T23:36:58.2312|INFO|TsProgressReader.cs|ReadProgressDelta|75|[Subframes] TS progress delta: DB not found at C:\Users\nicka\AppData\Local\NINA\SchedulerPlugin — Target Scheduler not installed or DB path mismatch.
2026-05-16T23:38:25.1533|INFO|FrameCache.cs|PruneSynced|249|[Subframes] Pruned 1 synced frames older than 72h
2026-05-16T23:41:25.1543|INFO|FrameCache.cs|PruneSynced|249|[Subframes] Pruned 1 synced frames older than 72h
2026-05-16T23:41:58.2304|INFO|TsProgressReader.cs|ReadProgressDelta|75|[Subframes] TS progress delta: DB not found at C:\Users\nicka\AppData\Local\NINA\SchedulerPlugin — Target Scheduler not installed or DB path mismatch.
2026-05-16T23:44:55.1539|INFO|FrameCache.cs|PruneSynced|249|[Subframes] Pruned 1 synced frames older than 72h
2026-05-16T23:46:58.2322|INFO|TsProgressReader.cs|ReadProgressDelta|75|[Subframes] TS progress delta: DB not found at C:\Users\nicka\AppData\Local\NINA\SchedulerPlugin — Target Scheduler not installed or DB path mismatch.
2026-05-16T23:47:55.1545|INFO|FrameCache.cs|PruneSynced|249|[Subframes] Pruned 1 synced frames older than 72h
2026-05-16T23:51:58.2320|INFO|TsProgressReader.cs|ReadProgressDelta|75|[Subframes] TS progress delta: DB not found at C:\Users\nicka\AppData\Local\NINA\SchedulerPlugin — Target Scheduler not installed or DB path mismatch.
2026-05-16T23:52:55.1537|INFO|FrameCache.cs|PruneSynced|249|[Subframes] Pruned 1 synced frames older than 72h
2026-05-16T23:56:58.2312|INFO|TsProgressReader.cs|ReadProgressDelta|75|[Subframes] TS progress delta: DB not found at C:\Users\nicka\AppData\Local\NINA\SchedulerPlugin — Target Scheduler not installed or DB path mismatch.
2026-05-16T23:58:25.1532|INFO|FrameCache.cs|PruneSynced|249|[Subframes] Pruned 1 synced frames older than 72h
2026-05-17T00:01:25.1538|INFO|FrameCache.cs|PruneSynced|249|[Subframes] Pruned 1 synced frames older than 72h
2026-05-17T00:01:58.2321|INFO|TsProgressReader.cs|ReadProgressDelta|75|[Subframes] TS progress delta: DB not found at C:\Users\nicka\AppData\Local\NINA\SchedulerPlugin — Target Scheduler not installed or DB path mismatch.
2026-05-17T00:04:55.1545|INFO|FrameCache.cs|PruneSynced|249|[Subframes] Pruned 1 synced frames older than 72h
2026-05-17T00:06:58.2316|INFO|TsProgressReader.cs|ReadProgressDelta|75|[Subframes] TS progress delta: DB not found at C:\Users\nicka\AppData\Local\NINA\SchedulerPlugin — Target Scheduler not installed or DB path mismatch.
2026-05-17T00:07:55.1544|INFO|FrameCache.cs|PruneSynced|249|[Subframes] Pruned 1 synced frames older than 72h
2026-05-17T00:10:55.1557|INFO|FrameCache.cs|PruneSynced|249|[Subframes] Pruned 1 synced frames older than 72h
2026-05-17T00:11:58.2311|INFO|TsProgressReader.cs|ReadProgressDelta|75|[Subframes] TS progress delta: DB not found at C:\Users\nicka\AppData\Local\NINA\SchedulerPlugin — Target Scheduler not installed or DB path mismatch.
2026-05-17T00:14:25.1538|INFO|FrameCache.cs|PruneSynced|249|[Subframes] Pruned 1 synced frames older than 72h
2026-05-17T00:16:58.2310|INFO|TsProgressReader.cs|ReadProgressDelta|75|[Subframes] TS progress delta: DB not found at C:\Users\nicka\AppData\Local\NINA\SchedulerPlugin — Target Scheduler not installed or DB path mismatch.
2026-05-17T00:17:25.1538|INFO|FrameCache.cs|PruneSynced|249|[Subframes] Pruned 1 synced frames older than 72h
2026-05-17T00:21:58.2323|INFO|TsProgressReader.cs|ReadProgressDelta|75|[Subframes] TS progress delta: DB not found at C:\Users\nicka\AppData\Local\NINA\SchedulerPlugin — Target Scheduler not installed or DB path mismatch.
2026-05-17T00:22:55.1542|INFO|FrameCache.cs|PruneSynced|249|[Subframes] Pruned 1 synced frames older than 72h
2026-05-17T00:26:58.2312|INFO|TsProgressReader.cs|ReadProgressDelta|75|[Subframes] TS progress delta: DB not found at C:\Users\nicka\AppData\Local\NINA\SchedulerPlugin — Target Scheduler not installed or DB path mismatch.
2026-05-17T00:27:55.1546|INFO|FrameCache.cs|PruneSynced|249|[Subframes] Pruned 1 synced frames older than 72h
2026-05-17T00:31:25.1527|INFO|FrameCache.cs|PruneSynced|249|[Subframes] Pruned 1 synced frames older than 72h
2026-05-17T00:31:58.2312|INFO|TsProgressReader.cs|ReadProgressDelta|75|[Subframes] TS progress delta: DB not found at C:\Users\nicka\AppData\Local\NINA\SchedulerPlugin — Target Scheduler not installed or DB path mismatch.
2026-05-17T00:34:25.1542|INFO|FrameCache.cs|PruneSynced|249|[Subframes] Pruned 1 synced frames older than 72h
2026-05-17T00:36:58.2309|INFO|TsProgressReader.cs|ReadProgressDelta|75|[Subframes] TS progress delta: DB not found at C:\Users\nicka\AppData\Local\NINA\SchedulerPlugin — Target Scheduler not installed or DB path mismatch.
2026-05-17T00:37:25.1541|INFO|FrameCache.cs|PruneSynced|249|[Subframes] Pruned 1 synced frames older than 72h
2026-05-17T00:41:58.2308|INFO|TsProgressReader.cs|ReadProgressDelta|75|[Subframes] TS progress delta: DB not found at C:\Users\nicka\AppData\Local\NINA\SchedulerPlugin — Target Scheduler not installed or DB path mismatch.
2026-05-17T00:42:55.1543|INFO|FrameCache.cs|PruneSynced|249|[Subframes] Pruned 1 synced frames older than 72h
2026-05-17T00:46:58.2321|INFO|TsProgressReader.cs|ReadProgressDelta|75|[Subframes] TS progress delta: DB not found at C:\Users\nicka\AppData\Local\NINA\SchedulerPlugin — Target Scheduler not installed or DB path mismatch.
2026-05-17T00:51:25.1548|INFO|FrameCache.cs|PruneSynced|249|[Subframes] Pruned 1 synced frames older than 72h
2026-05-17T00:51:58.2307|INFO|TsProgressReader.cs|ReadProgressDelta|75|[Subframes] TS progress delta: DB not found at C:\Users\nicka\AppData\Local\NINA\SchedulerPlugin — Target Scheduler not installed or DB path mismatch.
2026-05-17T00:56:25.1548|INFO|FrameCache.cs|PruneSynced|249|[Subframes] Pruned 1 synced frames older than 72h
2026-05-17T00:56:58.2322|INFO|TsProgressReader.cs|ReadProgressDelta|75|[Subframes] TS progress delta: DB not found at C:\Users\nicka\AppData\Local\NINA\SchedulerPlugin — Target Scheduler not installed or DB path mismatch.
2026-05-17T01:01:25.1534|INFO|FrameCache.cs|PruneSynced|249|[Subframes] Pruned 1 synced frames older than 72h
2026-05-17T01:01:58.2309|INFO|TsProgressReader.cs|ReadProgressDelta|75|[Subframes] TS progress delta: DB not found at C:\Users\nicka\AppData\Local\NINA\SchedulerPlugin — Target Scheduler not installed or DB path mismatch.
2026-05-17T01:06:55.1548|INFO|FrameCache.cs|PruneSynced|249|[Subframes] Pruned 1 synced frames older than 72h
2026-05-17T01:06:58.2319|INFO|TsProgressReader.cs|ReadProgressDelta|75|[Subframes] TS progress delta: DB not found at C:\Users\nicka\AppData\Local\NINA\SchedulerPlugin — Target Scheduler not installed or DB path mismatch.
2026-05-17T01:11:55.1545|INFO|FrameCache.cs|PruneSynced|249|[Subframes] Pruned 1 synced frames older than 72h
2026-05-17T01:11:58.2312|INFO|TsProgressReader.cs|ReadProgressDelta|75|[Subframes] TS progress delta: DB not found at C:\Users\nicka\AppData\Local\NINA\SchedulerPlugin — Target Scheduler not installed or DB path mismatch.
2026-05-17T01:16:58.2307|INFO|TsProgressReader.cs|ReadProgressDelta|75|[Subframes] TS progress delta: DB not found at C:\Users\nicka\AppData\Local\NINA\SchedulerPlugin — Target Scheduler not installed or DB path mismatch.
2026-05-17T01:17:25.1539|INFO|FrameCache.cs|PruneSynced|249|[Subframes] Pruned 1 synced frames older than 72h
2026-05-17T01:21:58.2310|INFO|TsProgressReader.cs|ReadProgressDelta|75|[Subframes] TS progress delta: DB not found at C:\Users\nicka\AppData\Local\NINA\SchedulerPlugin — Target Scheduler not installed or DB path mismatch.
2026-05-17T01:22:25.1537|INFO|FrameCache.cs|PruneSynced|249|[Subframes] Pruned 1 synced frames older than 72h
2026-05-17T01:26:58.2318|INFO|TsProgressReader.cs|ReadProgressDelta|75|[Subframes] TS progress delta: DB not found at C:\Users\nicka\AppData\Local\NINA\SchedulerPlugin — Target Scheduler not installed or DB path mismatch.
2026-05-17T01:27:55.1548|INFO|FrameCache.cs|PruneSynced|249|[Subframes] Pruned 1 synced frames older than 72h
2026-05-17T01:31:58.2308|INFO|TsProgressReader.cs|ReadProgressDelta|75|[Subframes] TS progress delta: DB not found at C:\Users\nicka\AppData\Local\NINA\SchedulerPlugin — Target Scheduler not installed or DB path mismatch.
2026-05-17T01:32:55.1542|INFO|FrameCache.cs|PruneSynced|249|[Subframes] Pruned 1 synced frames older than 72h
2026-05-17T01:36:58.2310|INFO|TsProgressReader.cs|ReadProgressDelta|75|[Subframes] TS progress delta: DB not found at C:\Users\nicka\AppData\Local\NINA\SchedulerPlugin — Target Scheduler not installed or DB path mismatch.
2026-05-17T01:37:55.1537|INFO|FrameCache.cs|PruneSynced|249|[Subframes] Pruned 1 synced frames older than 72h
2026-05-17T01:41:58.2309|INFO|TsProgressReader.cs|ReadProgressDelta|75|[Subframes] TS progress delta: DB not found at C:\Users\nicka\AppData\Local\NINA\SchedulerPlugin — Target Scheduler not installed or DB path mismatch.
2026-05-17T01:43:25.1539|INFO|FrameCache.cs|PruneSynced|249|[Subframes] Pruned 1 synced frames older than 72h
2026-05-17T01:46:58.2316|INFO|TsProgressReader.cs|ReadProgressDelta|75|[Subframes] TS progress delta: DB not found at C:\Users\nicka\AppData\Local\NINA\SchedulerPlugin — Target Scheduler not installed or DB path mismatch.
2026-05-17T01:48:25.1536|INFO|FrameCache.cs|PruneSynced|249|[Subframes] Pruned 1 synced frames older than 72h
2026-05-17T01:51:58.2309|INFO|TsProgressReader.cs|ReadProgressDelta|75|[Subframes] TS progress delta: DB not found at C:\Users\nicka\AppData\Local\NINA\SchedulerPlugin — Target Scheduler not installed or DB path mismatch.
2026-05-17T01:53:25.1534|INFO|FrameCache.cs|PruneSynced|249|[Subframes] Pruned 1 synced frames older than 72h
2026-05-17T01:56:58.2317|INFO|TsProgressReader.cs|ReadProgressDelta|75|[Subframes] TS progress delta: DB not found at C:\Users\nicka\AppData\Local\NINA\SchedulerPlugin — Target Scheduler not installed or DB path mismatch.
2026-05-17T01:58:55.1547|INFO|FrameCache.cs|PruneSynced|249|[Subframes] Pruned 1 synced frames older than 72h
2026-05-17T02:01:58.2308|INFO|TsProgressReader.cs|ReadProgressDelta|75|[Subframes] TS progress delta: DB not found at C:\Users\nicka\AppData\Local\NINA\SchedulerPlugin — Target Scheduler not installed or DB path mismatch.
2026-05-17T02:03:55.1548|INFO|FrameCache.cs|PruneSynced|249|[Subframes] Pruned 1 synced frames older than 72h
2026-05-17T02:06:58.2306|INFO|TsProgressReader.cs|ReadProgressDelta|75|[Subframes] TS progress delta: DB not found at C:\Users\nicka\AppData\Local\NINA\SchedulerPlugin — Target Scheduler not installed or DB path mismatch.
2026-05-17T02:09:25.1554|INFO|FrameCache.cs|PruneSynced|249|[Subframes] Pruned 1 synced frames older than 72h
2026-05-17T02:11:58.2306|INFO|TsProgressReader.cs|ReadProgressDelta|75|[Subframes] TS progress delta: DB not found at C:\Users\nicka\AppData\Local\NINA\SchedulerPlugin — Target Scheduler not installed or DB path mismatch.
2026-05-17T02:14:25.1546|INFO|FrameCache.cs|PruneSynced|249|[Subframes] Pruned 1 synced frames older than 72h
2026-05-17T02:16:58.2308|INFO|TsProgressReader.cs|ReadProgressDelta|75|[Subframes] TS progress delta: DB not found at C:\Users\nicka\AppData\Local\NINA\SchedulerPlugin — Target Scheduler not installed or DB path mismatch.
2026-05-17T02:20:25.1544|INFO|FrameCache.cs|PruneSynced|249|[Subframes] Pruned 1 synced frames older than 72h
2026-05-17T02:21:58.2306|INFO|TsProgressReader.cs|ReadProgressDelta|75|[Subframes] TS progress delta: DB not found at C:\Users\nicka\AppData\Local\NINA\SchedulerPlugin — Target Scheduler not installed or DB path mismatch.
2026-05-17T02:26:58.2321|INFO|TsProgressReader.cs|ReadProgressDelta|75|[Subframes] TS progress delta: DB not found at C:\Users\nicka\AppData\Local\NINA\SchedulerPlugin — Target Scheduler not installed or DB path mismatch.
2026-05-17T02:31:58.2314|INFO|TsProgressReader.cs|ReadProgressDelta|75|[Subframes] TS progress delta: DB not found at C:\Users\nicka\AppData\Local\NINA\SchedulerPlugin — Target Scheduler not installed or DB path mismatch.
2026-05-17T02:36:58.2316|INFO|TsProgressReader.cs|ReadProgressDelta|75|[Subframes] TS progress delta: DB not found at C:\Users\nicka\AppData\Local\NINA\SchedulerPlugin — Target Scheduler not installed or DB path mismatch.
2026-05-17T02:41:58.2322|INFO|TsProgressReader.cs|ReadProgressDelta|75|[Subframes] TS progress delta: DB not found at C:\Users\nicka\AppData\Local\NINA\SchedulerPlugin — Target Scheduler not installed or DB path mismatch.
2026-05-17T02:46:55.1546|INFO|FrameCache.cs|PruneSynced|249|[Subframes] Pruned 1 synced frames older than 72h
2026-05-17T02:46:58.2304|INFO|TsProgressReader.cs|ReadProgressDelta|75|[Subframes] TS progress delta: DB not found at C:\Users\nicka\AppData\Local\NINA\SchedulerPlugin — Target Scheduler not installed or DB path mismatch.
2026-05-17T02:51:58.2317|INFO|TsProgressReader.cs|ReadProgressDelta|75|[Subframes] TS progress delta: DB not found at C:\Users\nicka\AppData\Local\NINA\SchedulerPlugin — Target Scheduler not installed or DB path mismatch.
2026-05-17T02:56:58.2304|INFO|TsProgressReader.cs|ReadProgressDelta|75|[Subframes] TS progress delta: DB not found at C:\Users\nicka\AppData\Local\NINA\SchedulerPlugin — Target Scheduler not installed or DB path mismatch.
2026-05-17T02:57:25.1544|INFO|FrameCache.cs|PruneSynced|249|[Subframes] Pruned 1 synced frames older than 72h
2026-05-17T03:01:58.2309|INFO|TsProgressReader.cs|ReadProgressDelta|75|[Subframes] TS progress delta: DB not found at C:\Users\nicka\AppData\Local\NINA\SchedulerPlugin — Target Scheduler not installed or DB path mismatch.
2026-05-17T03:02:25.1531|INFO|FrameCache.cs|PruneSynced|249|[Subframes] Pruned 1 synced frames older than 72h
2026-05-17T03:06:58.2317|INFO|TsProgressReader.cs|ReadProgressDelta|75|[Subframes] TS progress delta: DB not found at C:\Users\nicka\AppData\Local\NINA\SchedulerPlugin — Target Scheduler not installed or DB path mismatch.
2026-05-17T03:07:55.1556|INFO|FrameCache.cs|PruneSynced|249|[Subframes] Pruned 1 synced frames older than 72h
2026-05-17T03:11:58.2309|INFO|TsProgressReader.cs|ReadProgressDelta|75|[Subframes] TS progress delta: DB not found at C:\Users\nicka\AppData\Local\NINA\SchedulerPlugin — Target Scheduler not installed or DB path mismatch.
2026-05-17T03:12:55.1533|INFO|FrameCache.cs|PruneSynced|249|[Subframes] Pruned 1 synced frames older than 72h
2026-05-17T03:16:58.2313|INFO|TsProgressReader.cs|ReadProgressDelta|75|[Subframes] TS progress delta: DB not found at C:\Users\nicka\AppData\Local\NINA\SchedulerPlugin — Target Scheduler not installed or DB path mismatch.
2026-05-17T03:17:55.1545|INFO|FrameCache.cs|PruneSynced|249|[Subframes] Pruned 1 synced frames older than 72h
2026-05-17T03:21:58.2317|INFO|TsProgressReader.cs|ReadProgressDelta|75|[Subframes] TS progress delta: DB not found at C:\Users\nicka\AppData\Local\NINA\SchedulerPlugin — Target Scheduler not installed or DB path mismatch.
2026-05-17T03:23:25.1530|INFO|FrameCache.cs|PruneSynced|249|[Subframes] Pruned 1 synced frames older than 72h
2026-05-17T03:26:58.2321|INFO|TsProgressReader.cs|ReadProgressDelta|75|[Subframes] TS progress delta: DB not found at C:\Users\nicka\AppData\Local\NINA\SchedulerPlugin — Target Scheduler not installed or DB path mismatch.
2026-05-17T03:28:25.1550|INFO|FrameCache.cs|PruneSynced|249|[Subframes] Pruned 1 synced frames older than 72h
2026-05-17T03:31:58.2311|INFO|TsProgressReader.cs|ReadProgressDelta|75|[Subframes] TS progress delta: DB not found at C:\Users\nicka\AppData\Local\NINA\SchedulerPlugin — Target Scheduler not installed or DB path mismatch.
2026-05-17T03:33:25.1550|INFO|FrameCache.cs|PruneSynced|249|[Subframes] Pruned 1 synced frames older than 72h
2026-05-17T03:36:58.2314|INFO|TsProgressReader.cs|ReadProgressDelta|75|[Subframes] TS progress delta: DB not found at C:\Users\nicka\AppData\Local\NINA\SchedulerPlugin — Target Scheduler not installed or DB path mismatch.
2026-05-17T03:38:55.1535|INFO|FrameCache.cs|PruneSynced|249|[Subframes] Pruned 1 synced frames older than 72h
2026-05-17T03:41:58.2312|INFO|TsProgressReader.cs|ReadProgressDelta|75|[Subframes] TS progress delta: DB not found at C:\Users\nicka\AppData\Local\NINA\SchedulerPlugin — Target Scheduler not installed or DB path mismatch.
2026-05-17T03:43:55.1539|INFO|FrameCache.cs|PruneSynced|249|[Subframes] Pruned 1 synced frames older than 72h
2026-05-17T03:46:58.2303|INFO|TsProgressReader.cs|ReadProgressDelta|75|[Subframes] TS progress delta: DB not found at C:\Users\nicka\AppData\Local\NINA\SchedulerPlugin — Target Scheduler not installed or DB path mismatch.
2026-05-17T03:49:25.1537|INFO|FrameCache.cs|PruneSynced|249|[Subframes] Pruned 1 synced frames older than 72h
2026-05-17T03:51:58.2320|INFO|TsProgressReader.cs|ReadProgressDelta|75|[Subframes] TS progress delta: DB not found at C:\Users\nicka\AppData\Local\NINA\SchedulerPlugin — Target Scheduler not installed or DB path mismatch.
2026-05-17T03:54:25.1535|INFO|FrameCache.cs|PruneSynced|249|[Subframes] Pruned 1 synced frames older than 72h
2026-05-17T03:56:58.2317|INFO|TsProgressReader.cs|ReadProgressDelta|75|[Subframes] TS progress delta: DB not found at C:\Users\nicka\AppData\Local\NINA\SchedulerPlugin — Target Scheduler not installed or DB path mismatch.
2026-05-17T03:59:55.1539|INFO|FrameCache.cs|PruneSynced|249|[Subframes] Pruned 1 synced frames older than 72h
2026-05-17T04:01:58.2307|INFO|TsProgressReader.cs|ReadProgressDelta|75|[Subframes] TS progress delta: DB not found at C:\Users\nicka\AppData\Local\NINA\SchedulerPlugin — Target Scheduler not installed or DB path mismatch.
2026-05-17T04:04:55.1536|INFO|FrameCache.cs|PruneSynced|249|[Subframes] Pruned 1 synced frames older than 72h
2026-05-17T04:06:58.2305|INFO|TsProgressReader.cs|ReadProgressDelta|75|[Subframes] TS progress delta: DB not found at C:\Users\nicka\AppData\Local\NINA\SchedulerPlugin — Target Scheduler not installed or DB path mismatch.
2026-05-17T04:11:58.2310|INFO|TsProgressReader.cs|ReadProgressDelta|75|[Subframes] TS progress delta: DB not found at C:\Users\nicka\AppData\Local\NINA\SchedulerPlugin — Target Scheduler not installed or DB path mismatch.
2026-05-17T04:16:58.2305|INFO|TsProgressReader.cs|ReadProgressDelta|75|[Subframes] TS progress delta: DB not found at C:\Users\nicka\AppData\Local\NINA\SchedulerPlugin — Target Scheduler not installed or DB path mismatch.
2026-05-17T04:21:58.2311|INFO|TsProgressReader.cs|ReadProgressDelta|75|[Subframes] TS progress delta: DB not found at C:\Users\nicka\AppData\Local\NINA\SchedulerPlugin — Target Scheduler not installed or DB path mismatch.
2026-05-17T04:26:58.2307|INFO|TsProgressReader.cs|ReadProgressDelta|75|[Subframes] TS progress delta: DB not found at C:\Users\nicka\AppData\Local\NINA\SchedulerPlugin — Target Scheduler not installed or DB path mismatch.
2026-05-17T04:31:58.2317|INFO|TsProgressReader.cs|ReadProgressDelta|75|[Subframes] TS progress delta: DB not found at C:\Users\nicka\AppData\Local\NINA\SchedulerPlugin — Target Scheduler not installed or DB path mismatch.
2026-05-17T04:36:58.2318|INFO|TsProgressReader.cs|ReadProgressDelta|75|[Subframes] TS progress delta: DB not found at C:\Users\nicka\AppData\Local\NINA\SchedulerPlugin — Target Scheduler not installed or DB path mismatch.
2026-05-17T04:41:58.2311|INFO|TsProgressReader.cs|ReadProgressDelta|75|[Subframes] TS progress delta: DB not found at C:\Users\nicka\AppData\Local\NINA\SchedulerPlugin — Target Scheduler not installed or DB path mismatch.
2026-05-17T04:46:58.2313|INFO|TsProgressReader.cs|ReadProgressDelta|75|[Subframes] TS progress delta: DB not found at C:\Users\nicka\AppData\Local\NINA\SchedulerPlugin — Target Scheduler not installed or DB path mismatch.
2026-05-17T04:51:58.2313|INFO|TsProgressReader.cs|ReadProgressDelta|75|[Subframes] TS progress delta: DB not found at C:\Users\nicka\AppData\Local\NINA\SchedulerPlugin — Target Scheduler not installed or DB path mismatch.
2026-05-17T04:56:58.2305|INFO|TsProgressReader.cs|ReadProgressDelta|75|[Subframes] TS progress delta: DB not found at C:\Users\nicka\AppData\Local\NINA\SchedulerPlugin — Target Scheduler not installed or DB path mismatch.
2026-05-17T05:01:58.2313|INFO|TsProgressReader.cs|ReadProgressDelta|75|[Subframes] TS progress delta: DB not found at C:\Users\nicka\AppData\Local\NINA\SchedulerPlugin — Target Scheduler not installed or DB path mismatch.
2026-05-17T05:06:58.2306|INFO|TsProgressReader.cs|ReadProgressDelta|75|[Subframes] TS progress delta: DB not found at C:\Users\nicka\AppData\Local\NINA\SchedulerPlugin — Target Scheduler not installed or DB path mismatch.
2026-05-17T05:11:58.2318|INFO|TsProgressReader.cs|ReadProgressDelta|75|[Subframes] TS progress delta: DB not found at C:\Users\nicka\AppData\Local\NINA\SchedulerPlugin — Target Scheduler not installed or DB path mismatch.
2026-05-17T05:16:58.2316|INFO|TsProgressReader.cs|ReadProgressDelta|75|[Subframes] TS progress delta: DB not found at C:\Users\nicka\AppData\Local\NINA\SchedulerPlugin — Target Scheduler not installed or DB path mismatch.
2026-05-17T05:21:58.2305|INFO|TsProgressReader.cs|ReadProgressDelta|75|[Subframes] TS progress delta: DB not found at C:\Users\nicka\AppData\Local\NINA\SchedulerPlugin — Target Scheduler not installed or DB path mismatch.
2026-05-17T05:26:58.2320|INFO|TsProgressReader.cs|ReadProgressDelta|75|[Subframes] TS progress delta: DB not found at C:\Users\nicka\AppData\Local\NINA\SchedulerPlugin — Target Scheduler not installed or DB path mismatch.
2026-05-17T05:31:58.2312|INFO|TsProgressReader.cs|ReadProgressDelta|75|[Subframes] TS progress delta: DB not found at C:\Users\nicka\AppData\Local\NINA\SchedulerPlugin — Target Scheduler not installed or DB path mismatch.
2026-05-17T05:36:58.2315|INFO|TsProgressReader.cs|ReadProgressDelta|75|[Subframes] TS progress delta: DB not found at C:\Users\nicka\AppData\Local\NINA\SchedulerPlugin — Target Scheduler not installed or DB path mismatch.
2026-05-17T05:41:58.2315|INFO|TsProgressReader.cs|ReadProgressDelta|75|[Subframes] TS progress delta: DB not found at C:\Users\nicka\AppData\Local\NINA\SchedulerPlugin — Target Scheduler not installed or DB path mismatch.
2026-05-17T05:46:58.2318|INFO|TsProgressReader.cs|ReadProgressDelta|75|[Subframes] TS progress delta: DB not found at C:\Users\nicka\AppData\Local\NINA\SchedulerPlugin — Target Scheduler not installed or DB path mismatch.
2026-05-17T05:51:58.2318|INFO|TsProgressReader.cs|ReadProgressDelta|75|[Subframes] TS progress delta: DB not found at C:\Users\nicka\AppData\Local\NINA\SchedulerPlugin — Target Scheduler not installed or DB path mismatch.
2026-05-17T05:56:58.2305|INFO|TsProgressReader.cs|ReadProgressDelta|75|[Subframes] TS progress delta: DB not found at C:\Users\nicka\AppData\Local\NINA\SchedulerPlugin — Target Scheduler not installed or DB path mismatch.
2026-05-17T06:01:58.2320|INFO|TsProgressReader.cs|ReadProgressDelta|75|[Subframes] TS progress delta: DB not found at C:\Users\nicka\AppData\Local\NINA\SchedulerPlugin — Target Scheduler not installed or DB path mismatch.
2026-05-17T06:06:58.2320|INFO|TsProgressReader.cs|ReadProgressDelta|75|[Subframes] TS progress delta: DB not found at C:\Users\nicka\AppData\Local\NINA\SchedulerPlugin — Target Scheduler not installed or DB path mismatch.
2026-05-17T06:11:58.2310|INFO|TsProgressReader.cs|ReadProgressDelta|75|[Subframes] TS progress delta: DB not found at C:\Users\nicka\AppData\Local\NINA\SchedulerPlugin — Target Scheduler not installed or DB path mismatch.
2026-05-17T06:12:51.6719|INFO|TimeCondition.cs|Check|254|TimeCondition finished.
2026-05-17T06:12:51.6721|INFO|TimeCondition.cs|InterruptWhenTimeIsUp|63|Time limit exceeded - Interrupting current Instruction Set
2026-05-17T06:12:51.6804|INFO|WhenCommon.cs|Execute|425|When: Execute done; InFlight -> false, Triggered false
2026-05-17T06:12:51.6816|INFO|MeridianFlipTrigger.cs|ShouldTrigger|197|Meridian Flip - Telescope is at home position. Skip flip evaluation
2026-05-17T06:12:51.6820|INFO|SequenceItem.cs|Run|208|Starting Category: Utility, Item: WaitForTime, Time: 21:12:5h, Offset: -15
2026-05-17T06:12:51.6850|INFO|WhenCommon.cs|SequenceBlockTeardown|198|Teardown; shutting down watchdog
2026-05-17T06:12:51.6856|INFO|SequenceItem.cs|Run|254|Finishing Category: * Instruction Set *, Container: NINA.Sequencer.Container.SequentialContainer, Strategy: SequentialStrategy, Items[CREATED]: 12, Conditions: Condition: TimeCondition, Time: 6:12:51h, Condition: TargetSchedulerCondition mode=While Targets Remain Tonight, , Triggers: Trigger: CenterAfterDriftTrigger, DistanceArcMinutes: 1Trigger: WhenUnsafeCategory: Ground Station, Item: Failures to TelegramCategory: Connect, Item: ReconnectOnDownloadFailureTrigger: AutofocusAfterHFRIncreaseTrigger, Amount: 5Trigger: MeridianFlipTriggerCategory: Powerups (Misc), Item: DIYTriggerCategory: Ground Station, Item: Failures to PushoverTrigger: AutofocusAfterTemperatureChangeTrigger, Amount: 1.5°
2026-05-17T06:12:51.6859|INFO|SequenceItem.cs|Run|254|Finishing Category: * Instruction Set *, Container: NINA.Sequencer.Container.TargetAreaContainer, Strategy: SequentialStrategy, Items[FINISHED]: 1
2026-05-17T06:12:51.6865|INFO|SequenceItem.cs|Run|208|Starting Category: * Instruction Set *, Container: NINA.Sequencer.Container.EndAreaContainer, Strategy: SequentialStrategy, Items[CREATED]: 9
2026-05-17T06:12:51.6872|INFO|SequenceItem.cs|Run|208|Starting Category: Telescope, Item: FindHome
2026-05-17T06:12:51.6932|INFO|PHD2Guider.cs|StopGuiding|704|Phd2 - Stop Guiding skipped, as the app is already in state Stopped
2026-05-17T06:12:51.6933|INFO|TelescopeVM.cs|FindHome|292|Mount ordered to locate home position
2026-05-17T06:12:51.6940|INFO|TelescopeVM.cs|FindHome|336|Mount ordered to home but it is already at home
2026-05-17T06:12:51.6941|INFO|TelescopeVM.cs|FindHome|348|Mount has located its home position
2026-05-17T06:12:51.6944|INFO|SequenceItem.cs|Run|254|Finishing Category: Telescope, Item: FindHome
2026-05-17T06:12:51.6955|INFO|SequenceItem.cs|Run|208|Starting Night Summary - End Session
2026-05-17T06:12:51.6992|INFO|NightSummaryEndInstruction.cs|Execute|28|NightSummary: End Session instruction executing
2026-05-17T06:13:06.7094|WARNING|SessionService.cs|EndSession|172|NightSummary: EndSession called but no active session — nothing to do
2026-05-17T06:13:06.7096|INFO|NightSummaryEndInstruction.cs|Execute|39|NightSummary: Session ended successfully
2026-05-17T06:13:06.7097|INFO|SequenceItem.cs|Run|254|Finishing Night Summary - End Session
2026-05-17T06:13:06.7107|INFO|SequenceItem.cs|Run|208|Starting [EndSubframesSession]
2026-05-17T06:13:06.7148|WARNING|EndSessionItem.cs|Execute|50|[Subframes] EndSessionItem: no active session to end.
2026-05-17T06:13:06.7150|INFO|SequenceItem.cs|Run|254|Finishing [EndSubframesSession]
2026-05-17T06:13:06.7164|INFO|SequenceItem.cs|Run|208|Starting Category: Camera, Item: WarmCamera, Duration: 30
2026-05-17T06:13:06.7236|INFO|CameraVM.cs|WarmCamera|161|Warming Camera. Duration: 00:30:00
2026-05-17T06:16:58.2317|INFO|TsProgressReader.cs|ReadProgressDelta|75|[Subframes] TS progress delta: DB not found at C:\Users\nicka\AppData\Local\NINA\SchedulerPlugin — Target Scheduler not installed or DB path mismatch.
2026-05-17T06:21:58.2318|INFO|TsProgressReader.cs|ReadProgressDelta|75|[Subframes] TS progress delta: DB not found at C:\Users\nicka\AppData\Local\NINA\SchedulerPlugin — Target Scheduler not installed or DB path mismatch.
2026-05-17T06:26:58.2310|INFO|TsProgressReader.cs|ReadProgressDelta|75|[Subframes] TS progress delta: DB not found at C:\Users\nicka\AppData\Local\NINA\SchedulerPlugin — Target Scheduler not installed or DB path mismatch.
2026-05-17T06:31:58.2305|INFO|TsProgressReader.cs|ReadProgressDelta|75|[Subframes] TS progress delta: DB not found at C:\Users\nicka\AppData\Local\NINA\SchedulerPlugin — Target Scheduler not installed or DB path mismatch.
2026-05-17T06:36:58.2322|INFO|TsProgressReader.cs|ReadProgressDelta|75|[Subframes] TS progress delta: DB not found at C:\Users\nicka\AppData\Local\NINA\SchedulerPlugin — Target Scheduler not installed or DB path mismatch.
2026-05-17T06:41:58.2311|INFO|TsProgressReader.cs|ReadProgressDelta|75|[Subframes] TS progress delta: DB not found at C:\Users\nicka\AppData\Local\NINA\SchedulerPlugin — Target Scheduler not installed or DB path mismatch.
2026-05-17T06:45:16.9545|INFO|CameraVM.cs|WarmCamera|179|Could not reach warming temperature. Most likley due to ambient temperature being lower. Continuing...
2026-05-17T06:45:36.9655|INFO|CameraVM.cs|WarmCamera|186|Turning cooler off
2026-05-17T06:45:36.9675|INFO|SequenceItem.cs|Run|254|Finishing Category: Camera, Item: WarmCamera, Duration: 30
2026-05-17T06:45:36.9679|INFO|SequenceItem.cs|Run|208|Starting Category: Guider, Item: StopGuiding
2026-05-17T06:45:36.9744|INFO|PHD2Guider.cs|StopGuiding|704|Phd2 - Stop Guiding skipped, as the app is already in state Stopped
2026-05-17T06:45:36.9746|INFO|SequenceItem.cs|Run|254|Finishing Category: Guider, Item: StopGuiding
2026-05-17T06:45:36.9761|INFO|SequenceItem.cs|Run|208|Starting Category: Phd2 Tools, Item: ShutdownPhd2Instruction
2026-05-17T06:45:37.0138|WARNING|PHD2Client.cs|ReadEventsAsync|189|PHD2Client: Connection closed by server
2026-05-17T06:45:37.0140|INFO|DitherStatisticsVM.cs|OnPHD2ConnectionStatusChanged|737|PHD2 Connection Status: Connection lost
2026-05-17T06:45:37.0140|INFO|PHD2Client.cs|ReadEventsAsync|205|PHD2Client: Stopped reading events
2026-05-17T06:45:37.0168|INFO|SequenceItem.cs|Run|254|Finishing Category: Phd2 Tools, Item: ShutdownPhd2Instruction
2026-05-17T06:45:37.0177|INFO|SequenceItem.cs|Run|208|Starting Category: Connect, Item: DisconnectAllEquipment
2026-05-17T06:45:37.0750|INFO|CameraVM.cs|Disconnect|650|Disconnected Camera
2026-05-17T06:45:37.0756|INFO|AscomDevice.cs|Disconnect|378|Disconnecting from ASCOM.EFW2.FilterWheel ZWO FilterWheel
2026-05-17T06:45:37.0909|INFO|FilterWheelVM.cs|Disconnect|333|Disconnected Filter Wheel
2026-05-17T06:45:37.0963|INFO|AscomDevice.cs|Disconnect|378|Disconnecting from ASCOM.EAF.Focuser ZWO Focuser
2026-05-17T06:45:37.1902|INFO|FocuserVM.cs|Disconnect|441|Disconnected Focuser
2026-05-17T06:45:37.1906|INFO|DisconnectAllEquipment.cs|Execute|139|Rotator is already disconnected
2026-05-17T06:45:37.1941|INFO|AscomDevice.cs|Disconnect|378|Disconnecting from ASCOM.iOptron2017.Telescope iOptron CEM120,70,40,26, GEM, HEM, HAE, HAZ series and SkyHunter Mount
2026-05-17T06:45:37.2184|INFO|TelescopeVM.cs|Disconnect|740|Disconnected mount
2026-05-17T06:45:37.2189|INFO|DisconnectAllEquipment.cs|Execute|139|Guider is already disconnected
2026-05-17T06:45:37.2189|INFO|DisconnectAllEquipment.cs|Execute|139|Switch is already disconnected
2026-05-17T06:45:37.2190|INFO|DisconnectAllEquipment.cs|Execute|139|Flat Panel is already disconnected
2026-05-17T06:45:37.2220|INFO|AscomDevice.cs|Disconnect|378|Disconnecting from ASCOM.SkyAlert.ObservingConditions SkyAlert Observing Conditions
2026-05-17T06:45:37.2547|INFO|WeatherDataVM.cs|Disconnect|305|Disconnected Weather Device
2026-05-17T06:45:37.2563|INFO|DisconnectAllEquipment.cs|Execute|139|Dome is already disconnected
2026-05-17T06:45:37.2594|INFO|AscomDevice.cs|Disconnect|378|Disconnecting from ASCOM.GenericFile.SafetyMonitor Generic File driver
2026-05-17T06:45:37.2844|INFO|SafetyMonitorVM.cs|Disconnect|221|Disconnected Safety Monitor
2026-05-17T06:45:37.2849|INFO|SequenceItem.cs|Run|254|Finishing Category: Connect, Item: DisconnectAllEquipment
2026-05-17T06:45:37.2850|INFO|SequenceItem.cs|Run|208|Starting Category: Ground Station, Item: Send to Pushover, Title: Disconnected
2026-05-17T06:45:37.4881|INFO|SequenceItem.cs|Run|254|Finishing Category: Ground Station, Item: Send to Pushover, Title: Disconnected
2026-05-17T06:45:37.4883|INFO|SequenceItem.cs|Run|208|Starting Category: Ground Station, Item: Send to Telegram
2026-05-17T06:45:38.1317|INFO|SequenceItem.cs|Run|254|Finishing Category: Ground Station, Item: Send to Telegram
2026-05-17T06:45:38.1322|INFO|SequenceItem.cs|Run|254|Finishing Category: * Instruction Set *, Container: NINA.Sequencer.Container.EndAreaContainer, Strategy: SequentialStrategy, Items[FINISHED]: 9
2026-05-17T06:45:38.1325|INFO|SequenceItem.cs|Run|254|Finishing Category: * Instruction Set *, Container: NINA.Sequencer.Container.SequenceRootContainer, Strategy: SequentialStrategy, Items[FINISHED]: 3, Triggers: Category: Ground Station, Item: Failures to Telegram
2026-05-17T06:45:38.1338|INFO|Sequence2VM.cs|StartSequence|548|Advanced Sequence finished
2026-05-17T06:45:38.1349|INFO|WhenCommon.cs|InterruptWhen|350|Restarting sequence, Triggered -> true
2026-05-17T06:45:42.0207|INFO|PHD2Client.cs|ConnectAsync|102|PHD2Client: Connecting to PHD2 at 127.0.0.1:4400...
2026-05-17T06:45:44.0454|ERROR|PHD2Client.cs|ConnectAsync|132|PHD2Client: Connection failed: No connection could be made because the target machine actively refused it.
2026-05-17T06:46:58.2384|INFO|TsProgressReader.cs|ReadProgressDelta|75|[Subframes] TS progress delta: DB not found at C:\Users\nicka\AppData\Local\NINA\SchedulerPlugin — Target Scheduler not installed or DB path mismatch.
2026-05-17T06:51:58.2314|INFO|TsProgressReader.cs|ReadProgressDelta|75|[Subframes] TS progress delta: DB not found at C:\Users\nicka\AppData\Local\NINA\SchedulerPlugin — Target Scheduler not installed or DB path mismatch.
2026-05-17T06:56:58.2448|INFO|TsProgressReader.cs|ReadProgressDelta|75|[Subframes] TS progress delta: DB not found at C:\Users\nicka\AppData\Local\NINA\SchedulerPlugin — Target Scheduler not installed or DB path mismatch.
2026-05-17T07:01:58.2347|INFO|TsProgressReader.cs|ReadProgressDelta|75|[Subframes] TS progress delta: DB not found at C:\Users\nicka\AppData\Local\NINA\SchedulerPlugin — Target Scheduler not installed or DB path mismatch.
2026-05-17T07:06:58.2449|INFO|TsProgressReader.cs|ReadProgressDelta|75|[Subframes] TS progress delta: DB not found at C:\Users\nicka\AppData\Local\NINA\SchedulerPlugin — Target Scheduler not installed or DB path mismatch.
2026-05-17T07:11:58.2393|INFO|TsProgressReader.cs|ReadProgressDelta|75|[Subframes] TS progress delta: DB not found at C:\Users\nicka\AppData\Local\NINA\SchedulerPlugin — Target Scheduler not installed or DB path mismatch.
2026-05-17T07:16:58.2349|INFO|TsProgressReader.cs|ReadProgressDelta|75|[Subframes] TS progress delta: DB not found at C:\Users\nicka\AppData\Local\NINA\SchedulerPlugin — Target Scheduler not installed or DB path mismatch.
2026-05-17T07:21:58.2411|INFO|TsProgressReader.cs|ReadProgressDelta|75|[Subframes] TS progress delta: DB not found at C:\Users\nicka\AppData\Local\NINA\SchedulerPlugin — Target Scheduler not installed or DB path mismatch.
2026-05-17T07:26:58.2389|INFO|TsProgressReader.cs|ReadProgressDelta|75|[Subframes] TS progress delta: DB not found at C:\Users\nicka\AppData\Local\NINA\SchedulerPlugin — Target Scheduler not installed or DB path mismatch.
2026-05-17T07:31:58.2392|INFO|TsProgressReader.cs|ReadProgressDelta|75|[Subframes] TS progress delta: DB not found at C:\Users\nicka\AppData\Local\NINA\SchedulerPlugin — Target Scheduler not installed or DB path mismatch.
2026-05-17T07:36:58.2366|INFO|TsProgressReader.cs|ReadProgressDelta|75|[Subframes] TS progress delta: DB not found at C:\Users\nicka\AppData\Local\NINA\SchedulerPlugin — Target Scheduler not installed or DB path mismatch.
2026-05-17T07:41:58.2317|INFO|TsProgressReader.cs|ReadProgressDelta|75|[Subframes] TS progress delta: DB not found at C:\Users\nicka\AppData\Local\NINA\SchedulerPlugin — Target Scheduler not installed or DB path mismatch.
2026-05-17T07:46:58.2411|INFO|TsProgressReader.cs|ReadProgressDelta|75|[Subframes] TS progress delta: DB not found at C:\Users\nicka\AppData\Local\NINA\SchedulerPlugin — Target Scheduler not installed or DB path mismatch.
2026-05-17T07:51:58.2352|INFO|TsProgressReader.cs|ReadProgressDelta|75|[Subframes] TS progress delta: DB not found at C:\Users\nicka\AppData\Local\NINA\SchedulerPlugin — Target Scheduler not installed or DB path mismatch.
2026-05-17T07:56:58.2402|INFO|TsProgressReader.cs|ReadProgressDelta|75|[Subframes] TS progress delta: DB not found at C:\Users\nicka\AppData\Local\NINA\SchedulerPlugin — Target Scheduler not installed or DB path mismatch.
2026-05-17T08:01:58.2429|INFO|TsProgressReader.cs|ReadProgressDelta|75|[Subframes] TS progress delta: DB not found at C:\Users\nicka\AppData\Local\NINA\SchedulerPlugin — Target Scheduler not installed or DB path mismatch.
2026-05-17T08:06:58.2417|INFO|TsProgressReader.cs|ReadProgressDelta|75|[Subframes] TS progress delta: DB not found at C:\Users\nicka\AppData\Local\NINA\SchedulerPlugin — Target Scheduler not installed or DB path mismatch.
2026-05-17T08:11:58.2445|INFO|TsProgressReader.cs|ReadProgressDelta|75|[Subframes] TS progress delta: DB not found at C:\Users\nicka\AppData\Local\NINA\SchedulerPlugin — Target Scheduler not installed or DB path mismatch.
2026-05-17T08:16:58.2449|INFO|TsProgressReader.cs|ReadProgressDelta|75|[Subframes] TS progress delta: DB not found at C:\Users\nicka\AppData\Local\NINA\SchedulerPlugin — Target Scheduler not installed or DB path mismatch.
2026-05-17T08:21:58.2409|INFO|TsProgressReader.cs|ReadProgressDelta|75|[Subframes] TS progress delta: DB not found at C:\Users\nicka\AppData\Local\NINA\SchedulerPlugin — Target Scheduler not installed or DB path mismatch.
2026-05-17T08:26:58.2372|INFO|TsProgressReader.cs|ReadProgressDelta|75|[Subframes] TS progress delta: DB not found at C:\Users\nicka\AppData\Local\NINA\SchedulerPlugin — Target Scheduler not installed or DB path mismatch.
2026-05-17T08:31:58.2463|INFO|TsProgressReader.cs|ReadProgressDelta|75|[Subframes] TS progress delta: DB not found at C:\Users\nicka\AppData\Local\NINA\SchedulerPlugin — Target Scheduler not installed or DB path mismatch.
2026-05-17T08:36:58.2464|INFO|TsProgressReader.cs|ReadProgressDelta|75|[Subframes] TS progress delta: DB not found at C:\Users\nicka\AppData\Local\NINA\SchedulerPlugin — Target Scheduler not installed or DB path mismatch.
2026-05-17T08:41:58.2388|INFO|TsProgressReader.cs|ReadProgressDelta|75|[Subframes] TS progress delta: DB not found at C:\Users\nicka\AppData\Local\NINA\SchedulerPlugin — Target Scheduler not installed or DB path mismatch.
2026-05-17T08:46:58.2462|INFO|TsProgressReader.cs|ReadProgressDelta|75|[Subframes] TS progress delta: DB not found at C:\Users\nicka\AppData\Local\NINA\SchedulerPlugin — Target Scheduler not installed or DB path mismatch.
2026-05-17T08:51:58.2373|INFO|TsProgressReader.cs|ReadProgressDelta|75|[Subframes] TS progress delta: DB not found at C:\Users\nicka\AppData\Local\NINA\SchedulerPlugin — Target Scheduler not installed or DB path mismatch.
2026-05-17T08:56:58.2350|INFO|TsProgressReader.cs|ReadProgressDelta|75|[Subframes] TS progress delta: DB not found at C:\Users\nicka\AppData\Local\NINA\SchedulerPlugin — Target Scheduler not installed or DB path mismatch.
2026-05-17T09:01:58.2436|INFO|TsProgressReader.cs|ReadProgressDelta|75|[Subframes] TS progress delta: DB not found at C:\Users\nicka\AppData\Local\NINA\SchedulerPlugin — Target Scheduler not installed or DB path mismatch.
2026-05-17T09:06:58.2445|INFO|TsProgressReader.cs|ReadProgressDelta|75|[Subframes] TS progress delta: DB not found at C:\Users\nicka\AppData\Local\NINA\SchedulerPlugin — Target Scheduler not installed or DB path mismatch.
2026-05-17T09:11:58.2394|INFO|TsProgressReader.cs|ReadProgressDelta|75|[Subframes] TS progress delta: DB not found at C:\Users\nicka\AppData\Local\NINA\SchedulerPlugin — Target Scheduler not installed or DB path mismatch.
2026-05-17T09:16:58.2397|INFO|TsProgressReader.cs|ReadProgressDelta|75|[Subframes] TS progress delta: DB not found at C:\Users\nicka\AppData\Local\NINA\SchedulerPlugin — Target Scheduler not installed or DB path mismatch.
2026-05-17T09:21:58.2445|INFO|TsProgressReader.cs|ReadProgressDelta|75|[Subframes] TS progress delta: DB not found at C:\Users\nicka\AppData\Local\NINA\SchedulerPlugin — Target Scheduler not installed or DB path mismatch.
2026-05-17T09:26:58.2439|INFO|TsProgressReader.cs|ReadProgressDelta|75|[Subframes] TS progress delta: DB not found at C:\Users\nicka\AppData\Local\NINA\SchedulerPlugin — Target Scheduler not installed or DB path mismatch.
2026-05-17T09:31:58.2385|INFO|TsProgressReader.cs|ReadProgressDelta|75|[Subframes] TS progress delta: DB not found at C:\Users\nicka\AppData\Local\NINA\SchedulerPlugin — Target Scheduler not installed or DB path mismatch.
2026-05-17T09:36:58.2408|INFO|TsProgressReader.cs|ReadProgressDelta|75|[Subframes] TS progress delta: DB not found at C:\Users\nicka\AppData\Local\NINA\SchedulerPlugin — Target Scheduler not installed or DB path mismatch.
2026-05-17T09:41:58.2334|INFO|TsProgressReader.cs|ReadProgressDelta|75|[Subframes] TS progress delta: DB not found at C:\Users\nicka\AppData\Local\NINA\SchedulerPlugin — Target Scheduler not installed or DB path mismatch.
2026-05-17T09:46:58.2436|INFO|TsProgressReader.cs|ReadProgressDelta|75|[Subframes] TS progress delta: DB not found at C:\Users\nicka\AppData\Local\NINA\SchedulerPlugin — Target Scheduler not installed or DB path mismatch.
2026-05-17T09:51:58.2321|INFO|TsProgressReader.cs|ReadProgressDelta|75|[Subframes] TS progress delta: DB not found at C:\Users\nicka\AppData\Local\NINA\SchedulerPlugin — Target Scheduler not installed or DB path mismatch.
2026-05-17T09:56:58.2352|INFO|TsProgressReader.cs|ReadProgressDelta|75|[Subframes] TS progress delta: DB not found at C:\Users\nicka\AppData\Local\NINA\SchedulerPlugin — Target Scheduler not installed or DB path mismatch.
2026-05-17T10:01:58.2450|INFO|TsProgressReader.cs|ReadProgressDelta|75|[Subframes] TS progress delta: DB not found at C:\Users\nicka\AppData\Local\NINA\SchedulerPlugin — Target Scheduler not installed or DB path mismatch.
2026-05-17T10:06:58.2443|INFO|TsProgressReader.cs|ReadProgressDelta|75|[Subframes] TS progress delta: DB not found at C:\Users\nicka\AppData\Local\NINA\SchedulerPlugin — Target Scheduler not installed or DB path mismatch.
2026-05-17T10:11:58.2386|INFO|TsProgressReader.cs|ReadProgressDelta|75|[Subframes] TS progress delta: DB not found at C:\Users\nicka\AppData\Local\NINA\SchedulerPlugin — Target Scheduler not installed or DB path mismatch.
2026-05-17T10:16:58.2453|INFO|TsProgressReader.cs|ReadProgressDelta|75|[Subframes] TS progress delta: DB not found at C:\Users\nicka\AppData\Local\NINA\SchedulerPlugin — Target Scheduler not installed or DB path mismatch.
2026-05-17T10:21:58.2414|INFO|TsProgressReader.cs|ReadProgressDelta|75|[Subframes] TS progress delta: DB not found at C:\Users\nicka\AppData\Local\NINA\SchedulerPlugin — Target Scheduler not installed or DB path mismatch.
2026-05-17T10:26:58.2337|INFO|TsProgressReader.cs|ReadProgressDelta|75|[Subframes] TS progress delta: DB not found at C:\Users\nicka\AppData\Local\NINA\SchedulerPlugin — Target Scheduler not installed or DB path mismatch.
2026-05-17T10:31:58.2398|INFO|TsProgressReader.cs|ReadProgressDelta|75|[Subframes] TS progress delta: DB not found at C:\Users\nicka\AppData\Local\NINA\SchedulerPlugin — Target Scheduler not installed or DB path mismatch.
2026-05-17T10:36:58.2321|INFO|TsProgressReader.cs|ReadProgressDelta|75|[Subframes] TS progress delta: DB not found at C:\Users\nicka\AppData\Local\NINA\SchedulerPlugin — Target Scheduler not installed or DB path mismatch.
2026-05-17T10:41:58.2378|INFO|TsProgressReader.cs|ReadProgressDelta|75|[Subframes] TS progress delta: DB not found at C:\Users\nicka\AppData\Local\NINA\SchedulerPlugin — Target Scheduler not installed or DB path mismatch.
2026-05-17T10:46:58.2418|INFO|TsProgressReader.cs|ReadProgressDelta|75|[Subframes] TS progress delta: DB not found at C:\Users\nicka\AppData\Local\NINA\SchedulerPlugin — Target Scheduler not installed or DB path mismatch.
2026-05-17T10:51:58.2344|INFO|TsProgressReader.cs|ReadProgressDelta|75|[Subframes] TS progress delta: DB not found at C:\Users\nicka\AppData\Local\NINA\SchedulerPlugin — Target Scheduler not installed or DB path mismatch.
2026-05-17T10:56:58.2350|INFO|TsProgressReader.cs|ReadProgressDelta|75|[Subframes] TS progress delta: DB not found at C:\Users\nicka\AppData\Local\NINA\SchedulerPlugin — Target Scheduler not installed or DB path mismatch.
2026-05-17T11:01:58.2436|INFO|TsProgressReader.cs|ReadProgressDelta|75|[Subframes] TS progress delta: DB not found at C:\Users\nicka\AppData\Local\NINA\SchedulerPlugin — Target Scheduler not installed or DB path mismatch.
2026-05-17T11:06:58.2316|INFO|TsProgressReader.cs|ReadProgressDelta|75|[Subframes] TS progress delta: DB not found at C:\Users\nicka\AppData\Local\NINA\SchedulerPlugin — Target Scheduler not installed or DB path mismatch.
2026-05-17T11:11:58.2383|INFO|TsProgressReader.cs|ReadProgressDelta|75|[Subframes] TS progress delta: DB not found at C:\Users\nicka\AppData\Local\NINA\SchedulerPlugin — Target Scheduler not installed or DB path mismatch.
2026-05-17T11:16:58.2437|INFO|TsProgressReader.cs|ReadProgressDelta|75|[Subframes] TS progress delta: DB not found at C:\Users\nicka\AppData\Local\NINA\SchedulerPlugin — Target Scheduler not installed or DB path mismatch.
2026-05-17T11:21:58.2415|INFO|TsProgressReader.cs|ReadProgressDelta|75|[Subframes] TS progress delta: DB not found at C:\Users\nicka\AppData\Local\NINA\SchedulerPlugin — Target Scheduler not installed or DB path mismatch.
2026-05-17T11:26:58.2454|INFO|TsProgressReader.cs|ReadProgressDelta|75|[Subframes] TS progress delta: DB not found at C:\Users\nicka\AppData\Local\NINA\SchedulerPlugin — Target Scheduler not installed or DB path mismatch.
2026-05-17T11:31:58.2370|INFO|TsProgressReader.cs|ReadProgressDelta|75|[Subframes] TS progress delta: DB not found at C:\Users\nicka\AppData\Local\NINA\SchedulerPlugin — Target Scheduler not installed or DB path mismatch.
2026-05-17T11:36:58.2322|INFO|TsProgressReader.cs|ReadProgressDelta|75|[Subframes] TS progress delta: DB not found at C:\Users\nicka\AppData\Local\NINA\SchedulerPlugin — Target Scheduler not installed or DB path mismatch.
2026-05-17T11:41:58.2340|INFO|TsProgressReader.cs|ReadProgressDelta|75|[Subframes] TS progress delta: DB not found at C:\Users\nicka\AppData\Local\NINA\SchedulerPlugin — Target Scheduler not installed or DB path mismatch.
2026-05-17T11:46:58.2424|INFO|TsProgressReader.cs|ReadProgressDelta|75|[Subframes] TS progress delta: DB not found at C:\Users\nicka\AppData\Local\NINA\SchedulerPlugin — Target Scheduler not installed or DB path mismatch.
2026-05-17T11:51:58.2442|INFO|TsProgressReader.cs|ReadProgressDelta|75|[Subframes] TS progress delta: DB not found at C:\Users\nicka\AppData\Local\NINA\SchedulerPlugin — Target Scheduler not installed or DB path mismatch.
2026-05-17T11:56:58.2365|INFO|TsProgressReader.cs|ReadProgressDelta|75|[Subframes] TS progress delta: DB not found at C:\Users\nicka\AppData\Local\NINA\SchedulerPlugin — Target Scheduler not installed or DB path mismatch.
2026-05-17T12:01:58.2382|INFO|TsProgressReader.cs|ReadProgressDelta|75|[Subframes] TS progress delta: DB not found at C:\Users\nicka\AppData\Local\NINA\SchedulerPlugin — Target Scheduler not installed or DB path mismatch.
2026-05-17T12:06:58.2369|INFO|TsProgressReader.cs|ReadProgressDelta|75|[Subframes] TS progress delta: DB not found at C:\Users\nicka\AppData\Local\NINA\SchedulerPlugin — Target Scheduler not installed or DB path mismatch.
2026-05-17T12:11:58.2337|INFO|TsProgressReader.cs|ReadProgressDelta|75|[Subframes] TS progress delta: DB not found at C:\Users\nicka\AppData\Local\NINA\SchedulerPlugin — Target Scheduler not installed or DB path mismatch.
2026-05-17T12:16:58.2343|INFO|TsProgressReader.cs|ReadProgressDelta|75|[Subframes] TS progress delta: DB not found at C:\Users\nicka\AppData\Local\NINA\SchedulerPlugin — Target Scheduler not installed or DB path mismatch.
2026-05-17T12:21:58.2314|INFO|TsProgressReader.cs|ReadProgressDelta|75|[Subframes] TS progress delta: DB not found at C:\Users\nicka\AppData\Local\NINA\SchedulerPlugin — Target Scheduler not installed or DB path mismatch.
2026-05-17T12:26:58.2399|INFO|TsProgressReader.cs|ReadProgressDelta|75|[Subframes] TS progress delta: DB not found at C:\Users\nicka\AppData\Local\NINA\SchedulerPlugin — Target Scheduler not installed or DB path mismatch.
2026-05-17T12:31:58.2400|INFO|TsProgressReader.cs|ReadProgressDelta|75|[Subframes] TS progress delta: DB not found at C:\Users\nicka\AppData\Local\NINA\SchedulerPlugin — Target Scheduler not installed or DB path mismatch.
2026-05-17T12:36:58.2364|INFO|TsProgressReader.cs|ReadProgressDelta|75|[Subframes] TS progress delta: DB not found at C:\Users\nicka\AppData\Local\NINA\SchedulerPlugin — Target Scheduler not installed or DB path mismatch.
2026-05-17T12:41:58.2405|INFO|TsProgressReader.cs|ReadProgressDelta|75|[Subframes] TS progress delta: DB not found at C:\Users\nicka\AppData\Local\NINA\SchedulerPlugin — Target Scheduler not installed or DB path mismatch.
2026-05-17T12:46:58.2453|INFO|TsProgressReader.cs|ReadProgressDelta|75|[Subframes] TS progress delta: DB not found at C:\Users\nicka\AppData\Local\NINA\SchedulerPlugin — Target Scheduler not installed or DB path mismatch.
2026-05-17T12:51:58.2412|INFO|TsProgressReader.cs|ReadProgressDelta|75|[Subframes] TS progress delta: DB not found at C:\Users\nicka\AppData\Local\NINA\SchedulerPlugin — Target Scheduler not installed or DB path mismatch.
2026-05-17T12:56:58.2442|INFO|TsProgressReader.cs|ReadProgressDelta|75|[Subframes] TS progress delta: DB not found at C:\Users\nicka\AppData\Local\NINA\SchedulerPlugin — Target Scheduler not installed or DB path mismatch.
2026-05-17T13:01:58.2336|INFO|TsProgressReader.cs|ReadProgressDelta|75|[Subframes] TS progress delta: DB not found at C:\Users\nicka\AppData\Local\NINA\SchedulerPlugin — Target Scheduler not installed or DB path mismatch.
2026-05-17T13:06:58.2372|INFO|TsProgressReader.cs|ReadProgressDelta|75|[Subframes] TS progress delta: DB not found at C:\Users\nicka\AppData\Local\NINA\SchedulerPlugin — Target Scheduler not installed or DB path mismatch.
2026-05-17T13:11:58.2335|INFO|TsProgressReader.cs|ReadProgressDelta|75|[Subframes] TS progress delta: DB not found at C:\Users\nicka\AppData\Local\NINA\SchedulerPlugin — Target Scheduler not installed or DB path mismatch.
2026-05-17T13:16:58.2373|INFO|TsProgressReader.cs|ReadProgressDelta|75|[Subframes] TS progress delta: DB not found at C:\Users\nicka\AppData\Local\NINA\SchedulerPlugin — Target Scheduler not installed or DB path mismatch.
2026-05-17T13:21:58.2388|INFO|TsProgressReader.cs|ReadProgressDelta|75|[Subframes] TS progress delta: DB not found at C:\Users\nicka\AppData\Local\NINA\SchedulerPlugin — Target Scheduler not installed or DB path mismatch.
2026-05-17T13:26:58.2349|INFO|TsProgressReader.cs|ReadProgressDelta|75|[Subframes] TS progress delta: DB not found at C:\Users\nicka\AppData\Local\NINA\SchedulerPlugin — Target Scheduler not installed or DB path mismatch.
2026-05-17T13:31:58.2319|INFO|TsProgressReader.cs|ReadProgressDelta|75|[Subframes] TS progress delta: DB not found at C:\Users\nicka\AppData\Local\NINA\SchedulerPlugin — Target Scheduler not installed or DB path mismatch.
2026-05-17T13:36:58.2302|INFO|TsProgressReader.cs|ReadProgressDelta|75|[Subframes] TS progress delta: DB not found at C:\Users\nicka\AppData\Local\NINA\SchedulerPlugin — Target Scheduler not installed or DB path mismatch.
2026-05-17T13:41:58.2312|INFO|TsProgressReader.cs|ReadProgressDelta|75|[Subframes] TS progress delta: DB not found at C:\Users\nicka\AppData\Local\NINA\SchedulerPlugin — Target Scheduler not installed or DB path mismatch.
2026-05-17T13:46:58.2393|INFO|TsProgressReader.cs|ReadProgressDelta|75|[Subframes] TS progress delta: DB not found at C:\Users\nicka\AppData\Local\NINA\SchedulerPlugin — Target Scheduler not installed or DB path mismatch.
2026-05-17T13:51:58.2354|INFO|TsProgressReader.cs|ReadProgressDelta|75|[Subframes] TS progress delta: DB not found at C:\Users\nicka\AppData\Local\NINA\SchedulerPlugin — Target Scheduler not installed or DB path mismatch.
2026-05-17T13:56:58.2464|INFO|TsProgressReader.cs|ReadProgressDelta|75|[Subframes] TS progress delta: DB not found at C:\Users\nicka\AppData\Local\NINA\SchedulerPlugin — Target Scheduler not installed or DB path mismatch.
2026-05-17T14:01:58.2323|INFO|TsProgressReader.cs|ReadProgressDelta|75|[Subframes] TS progress delta: DB not found at C:\Users\nicka\AppData\Local\NINA\SchedulerPlugin — Target Scheduler not installed or DB path mismatch.
2026-05-17T14:06:58.2324|INFO|TsProgressReader.cs|ReadProgressDelta|75|[Subframes] TS progress delta: DB not found at C:\Users\nicka\AppData\Local\NINA\SchedulerPlugin — Target Scheduler not installed or DB path mismatch.
2026-05-17T14:11:58.2420|INFO|TsProgressReader.cs|ReadProgressDelta|75|[Subframes] TS progress delta: DB not found at C:\Users\nicka\AppData\Local\NINA\SchedulerPlugin — Target Scheduler not installed or DB path mismatch.
2026-05-17T14:16:58.2397|INFO|TsProgressReader.cs|ReadProgressDelta|75|[Subframes] TS progress delta: DB not found at C:\Users\nicka\AppData\Local\NINA\SchedulerPlugin — Target Scheduler not installed or DB path mismatch.
2026-05-17T14:21:58.2344|INFO|TsProgressReader.cs|ReadProgressDelta|75|[Subframes] TS progress delta: DB not found at C:\Users\nicka\AppData\Local\NINA\SchedulerPlugin — Target Scheduler not installed or DB path mismatch.
2026-05-17T14:26:58.2372|INFO|TsProgressReader.cs|ReadProgressDelta|75|[Subframes] TS progress delta: DB not found at C:\Users\nicka\AppData\Local\NINA\SchedulerPlugin — Target Scheduler not installed or DB path mismatch.
2026-05-17T14:31:58.2428|INFO|TsProgressReader.cs|ReadProgressDelta|75|[Subframes] TS progress delta: DB not found at C:\Users\nicka\AppData\Local\NINA\SchedulerPlugin — Target Scheduler not installed or DB path mismatch.
2026-05-17T14:36:58.2402|INFO|TsProgressReader.cs|ReadProgressDelta|75|[Subframes] TS progress delta: DB not found at C:\Users\nicka\AppData\Local\NINA\SchedulerPlugin — Target Scheduler not installed or DB path mismatch.
2026-05-17T14:41:58.2464|INFO|TsProgressReader.cs|ReadProgressDelta|75|[Subframes] TS progress delta: DB not found at C:\Users\nicka\AppData\Local\NINA\SchedulerPlugin — Target Scheduler not installed or DB path mismatch.
2026-05-17T14:46:58.2402|INFO|TsProgressReader.cs|ReadProgressDelta|75|[Subframes] TS progress delta: DB not found at C:\Users\nicka\AppData\Local\NINA\SchedulerPlugin — Target Scheduler not installed or DB path mismatch.
2026-05-17T14:51:58.2391|INFO|TsProgressReader.cs|ReadProgressDelta|75|[Subframes] TS progress delta: DB not found at C:\Users\nicka\AppData\Local\NINA\SchedulerPlugin — Target Scheduler not installed or DB path mismatch.
2026-05-17T14:56:58.2382|INFO|TsProgressReader.cs|ReadProgressDelta|75|[Subframes] TS progress delta: DB not found at C:\Users\nicka\AppData\Local\NINA\SchedulerPlugin — Target Scheduler not installed or DB path mismatch.
2026-05-17T15:01:58.2433|INFO|TsProgressReader.cs|ReadProgressDelta|75|[Subframes] TS progress delta: DB not found at C:\Users\nicka\AppData\Local\NINA\SchedulerPlugin — Target Scheduler not installed or DB path mismatch.
2026-05-17T15:06:58.2390|INFO|TsProgressReader.cs|ReadProgressDelta|75|[Subframes] TS progress delta: DB not found at C:\Users\nicka\AppData\Local\NINA\SchedulerPlugin — Target Scheduler not installed or DB path mismatch.
2026-05-17T15:11:58.2417|INFO|TsProgressReader.cs|ReadProgressDelta|75|[Subframes] TS progress delta: DB not found at C:\Users\nicka\AppData\Local\NINA\SchedulerPlugin — Target Scheduler not installed or DB path mismatch.
2026-05-17T15:16:58.2339|INFO|TsProgressReader.cs|ReadProgressDelta|75|[Subframes] TS progress delta: DB not found at C:\Users\nicka\AppData\Local\NINA\SchedulerPlugin — Target Scheduler not installed or DB path mismatch.
2026-05-17T15:21:58.2382|INFO|TsProgressReader.cs|ReadProgressDelta|75|[Subframes] TS progress delta: DB not found at C:\Users\nicka\AppData\Local\NINA\SchedulerPlugin — Target Scheduler not installed or DB path mismatch.
2026-05-17T15:26:58.2433|INFO|TsProgressReader.cs|ReadProgressDelta|75|[Subframes] TS progress delta: DB not found at C:\Users\nicka\AppData\Local\NINA\SchedulerPlugin — Target Scheduler not installed or DB path mismatch.
2026-05-17T15:31:58.2426|INFO|TsProgressReader.cs|ReadProgressDelta|75|[Subframes] TS progress delta: DB not found at C:\Users\nicka\AppData\Local\NINA\SchedulerPlugin — Target Scheduler not installed or DB path mismatch.
2026-05-17T15:36:58.2424|INFO|TsProgressReader.cs|ReadProgressDelta|75|[Subframes] TS progress delta: DB not found at C:\Users\nicka\AppData\Local\NINA\SchedulerPlugin — Target Scheduler not installed or DB path mismatch.
2026-05-17T15:41:58.2324|INFO|TsProgressReader.cs|ReadProgressDelta|75|[Subframes] TS progress delta: DB not found at C:\Users\nicka\AppData\Local\NINA\SchedulerPlugin — Target Scheduler not installed or DB path mismatch.
2026-05-17T15:46:58.2372|INFO|TsProgressReader.cs|ReadProgressDelta|75|[Subframes] TS progress delta: DB not found at C:\Users\nicka\AppData\Local\NINA\SchedulerPlugin — Target Scheduler not installed or DB path mismatch.
2026-05-17T15:51:58.2317|INFO|TsProgressReader.cs|ReadProgressDelta|75|[Subframes] TS progress delta: DB not found at C:\Users\nicka\AppData\Local\NINA\SchedulerPlugin — Target Scheduler not installed or DB path mismatch.
2026-05-17T15:56:58.2375|INFO|TsProgressReader.cs|ReadProgressDelta|75|[Subframes] TS progress delta: DB not found at C:\Users\nicka\AppData\Local\NINA\SchedulerPlugin — Target Scheduler not installed or DB path mismatch.
2026-05-17T16:01:58.2358|INFO|TsProgressReader.cs|ReadProgressDelta|75|[Subframes] TS progress delta: DB not found at C:\Users\nicka\AppData\Local\NINA\SchedulerPlugin — Target Scheduler not installed or DB path mismatch.
2026-05-17T16:06:58.2354|INFO|TsProgressReader.cs|ReadProgressDelta|75|[Subframes] TS progress delta: DB not found at C:\Users\nicka\AppData\Local\NINA\SchedulerPlugin — Target Scheduler not installed or DB path mismatch.
2026-05-17T16:11:58.2349|INFO|TsProgressReader.cs|ReadProgressDelta|75|[Subframes] TS progress delta: DB not found at C:\Users\nicka\AppData\Local\NINA\SchedulerPlugin — Target Scheduler not installed or DB path mismatch.
2026-05-17T16:16:58.2313|INFO|TsProgressReader.cs|ReadProgressDelta|75|[Subframes] TS progress delta: DB not found at C:\Users\nicka\AppData\Local\NINA\SchedulerPlugin — Target Scheduler not installed or DB path mismatch.
2026-05-17T16:21:58.2454|INFO|TsProgressReader.cs|ReadProgressDelta|75|[Subframes] TS progress delta: DB not found at C:\Users\nicka\AppData\Local\NINA\SchedulerPlugin — Target Scheduler not installed or DB path mismatch.
2026-05-17T16:26:58.2455|INFO|TsProgressReader.cs|ReadProgressDelta|75|[Subframes] TS progress delta: DB not found at C:\Users\nicka\AppData\Local\NINA\SchedulerPlugin — Target Scheduler not installed or DB path mismatch.
2026-05-17T16:28:16.3188|INFO|ApplicationVM.cs|Exit|244|Shutting down application - requested by user
2026-05-17T16:28:16.4350|INFO|ApplicationVM.cs|Closing|289|Application shutting down
2026-05-17T16:28:16.5027|INFO|DomeVM.cs|Disconnect|355|Disconnected Dome Device
2026-05-17T16:28:16.5099|INFO|FlatDeviceVM.cs|Disconnect|289|Disconnected Flat Device
2026-05-17T16:28:16.5209|INFO|CameraVM.cs|Disconnect|650|Disconnected Camera
2026-05-17T16:28:16.5218|INFO|TelescopeVM.cs|Disconnect|740|Disconnected mount
2026-05-17T16:28:16.5241|INFO|FilterWheelVM.cs|Disconnect|333|Disconnected Filter Wheel
2026-05-17T16:28:16.5249|INFO|FocuserVM.cs|Disconnect|441|Disconnected Focuser
2026-05-17T16:28:16.5395|INFO|RotatorVM.cs|Disconnect|447|Disconnected Rotator
2026-05-17T16:28:16.5453|INFO|SwitchVM.cs|Disconnect|309|Disconnected Switch
2026-05-17T16:28:16.5499|INFO|WeatherDataVM.cs|Disconnect|305|Disconnected Weather Device
2026-05-17T16:28:16.5503|INFO|SafetyMonitorVM.cs|Disconnect|221|Disconnected Safety Monitor
2026-05-17T16:28:17.3435|INFO|API.cs|StopWatchers|86|Stopping all event watchers
2026-05-17T16:28:17.4004|INFO|NightSummaryPlugin.cs|Teardown|443|NightSummary: Plugin torn down
2026-05-17T16:28:17.4702|INFO|Plugin.cs|Teardown|377|[Subframes] Plugin unloaded (primary instance).
