----------------------------------------------------------------------
--------------N.I.N.A. - Nighttime Imaging 'N' Astronomy--------------
--------------------------Version 3.2.0.9001--------------------------
-------------------------2026-04-02T11:55:13--------------------------
----------------------------------------------------------------------
---------------------Microsoft Windows 10.0.19045---------------------
-------------------------OS Architecture X64--------------------------
-----------------------Process Architecture X64-----------------------
-----------------------------.NET 8.0.21------------------------------
----------------------------------------------------------------------
--------------------------Processor Count 4---------------------------
--------------------Total Physical Memory 7.84 GB---------------------
----------------------------------------------------------------------
DATE|LEVEL|SOURCE|MEMBER|LINE|MESSAGE
2026-04-02T11:55:13.0351|INFO|App.xaml.cs|OnStartup|170|Launched with command line arguments: --sequencefile C:\Users\nicka\Astro\NINA\NINA_Sequences\TargetScheduler.json --runsequence
2026-04-02T11:55:15.9925|INFO|CameraChooserVM.cs|GetEquipment|69|Found 2 ASI Cameras
2026-04-02T11:55:16.2396|INFO|CameraChooserVM.cs|GetEquipment|84|Found 0 Altair Cameras
2026-04-02T11:55:16.6533|INFO|CameraChooserVM.cs|GetEquipment|96|Found 0 Atik Cameras
2026-04-02T11:55:16.7531|INFO|CameraChooserVM.cs|GetEquipment|110|Found 0 FLI Cameras
2026-04-02T11:55:18.0077|INFO|CameraChooserVM.cs|GetEquipment|130|Found 0 QHYCCD Cameras
2026-04-02T11:55:18.4548|INFO|CameraChooserVM.cs|GetEquipment|158|Found 0 ToupTek Cameras
2026-04-02T11:55:18.5947|INFO|CameraChooserVM.cs|GetEquipment|173|Found 0 Ogma Cameras
2026-04-02T11:55:18.7608|INFO|CameraChooserVM.cs|GetEquipment|188|Found 0 Omegon Cameras
2026-04-02T11:55:19.3503|INFO|CameraChooserVM.cs|GetEquipment|203|Found 0 RisingCam Cameras
2026-04-02T11:55:19.6852|INFO|CameraChooserVM.cs|GetEquipment|218|Found 0 MallinCam Cameras
2026-04-02T11:55:19.8182|INFO|CameraChooserVM.cs|GetEquipment|243|Found 0 SVBony Cameras
2026-04-02T11:55:19.8216|INFO|CameraChooserVM.cs|GetEquipment|259|Found 0 SBIG Cameras
2026-04-02T11:55:24.7254|INFO|API.cs|Start|99|Starting Webserver
2026-04-02T11:55:24.7267|INFO|API.cs|APITask|134|starting web server, listening at 172.19.6.111:1888
2026-04-02T11:55:24.8856|INFO|NINALogWatcher.cs|Start|33|watching log file: C:\Users\nicka\AppData\Local\NINA\Logs\20260402-115512-3.2.0.9001.12596-202604.log
2026-04-02T11:55:24.9069|INFO|PluginLoader.cs|LoadPlugin|402|Successfully loaded plugin Advanced API version 2.2.15.0 by Christian Palm
2026-04-02T11:55:25.0890|INFO|PluginLoader.cs|LoadPlugin|402|Successfully loaded plugin Autofocus Report Analysis version 2.0.0.9 by Stefan Berg @isbeorn
2026-04-02T11:55:25.3071|INFO|PluginLoader.cs|LoadPlugin|402|Successfully loaded plugin Connector version 2.1.0.2 by Stefan Berg @isbeorn
2026-04-02T11:55:25.5085|INFO|PluginLoader.cs|LoadPlugin|402|Successfully loaded plugin Device Actions and Commands version 2.2.0.0 by Dale Ghent
2026-04-02T11:55:25.6540|INFO|ApplicationVM.cs|CheckDiskInfo|100|Available Space on Drive C:\: 141.92 GB
2026-04-02T11:55:25.6606|INFO|ApplicationVM.cs|CheckDiskInfo|102|Drive E:\ is not ready
2026-04-02T11:55:25.6623|INFO|ApplicationVM.cs|CheckDiskInfo|100|Available Space on Drive G:\: 62.17 GB
2026-04-02T11:55:25.6699|INFO|ApplicationVM.cs|CheckDiskInfo|100|Available Space on Drive Z:\: 10.24 GB
2026-04-02T11:55:26.5495|INFO|ApplicationVM.cs|CheckASCOMPlatformVersion|81|ASCOM Platform 6.6.2.4195 installed
2026-04-02T11:55:26.8829|INFO|PluginLoader.cs|LoadPlugin|402|Successfully loaded plugin Discord Alert version 2.2.0.0 by Drew McDermott
2026-04-02T11:55:28.6416|INFO|PluginLoader.cs|LoadPlugin|402|Successfully loaded plugin Discord Notification version 2.0.0.10 by Daniel Ludwig
2026-04-02T11:55:30.2981|INFO|DitherStatisticsVM.cs|CreatePluginIcon|1483|Plugin icon geometry created successfully
2026-04-02T11:55:30.3253|INFO|DitherStatisticsVM.cs|LoadDataTemplates|1452|DitherStatistics DataTemplates loaded successfully
2026-04-02T11:55:30.3304|INFO|DitherStatisticsVM.cs|SaveQualityAssessmentSetting|387|Quality Assessment setting saved to file: True
2026-04-02T11:55:30.3306|INFO|DitherStatisticsVM.cs|LoadQualityAssessmentSetting|364|Quality Assessment setting loaded from file: True
2026-04-02T11:55:30.3461|INFO|DitherStatisticsVM.cs|SaveDitherOptimizerSetting|490|Dither Optimizer setting saved to file: False
2026-04-02T11:55:30.3462|INFO|DitherStatisticsVM.cs|LoadDitherOptimizerSetting|471|Dither Optimizer setting loaded from file: False
2026-04-02T11:55:30.3467|INFO|DitherStatisticsVM.cs|SubscribeToGuiderEvents|834|Subscribed to NINA guider events
2026-04-02T11:55:30.3511|ERROR|DitherStatisticsVM.cs|GetThemeColor|1437|Failed to get theme color 'PrimaryBrush': The calling thread cannot access this object because a different thread owns it.
2026-04-02T11:55:30.3514|INFO|DitherStatisticsVM.cs|StartThemeColorMonitoring|1329|Initial PrimaryBrush color: R:255 G:255 B:255
2026-04-02T11:55:30.3515|INFO|DitherStatisticsVM.cs|.ctor|96|DitherStatisticsVM initialized successfully with ScottPlot 4.1 (Lazy Loading)!
2026-04-02T11:55:30.3521|INFO|DitherStatisticsVM.cs|StartThemeColorMonitoring|1338|Theme color monitoring timer started on UI thread
2026-04-02T11:55:30.3522|INFO|PluginLoader.cs|LoadPlugin|402|Successfully loaded plugin Dither Statistics version 1.3.0.0 by Thierry Tschanz
2026-04-02T11:55:30.5300|INFO|PluginLoader.cs|LoadPlugin|402|Successfully loaded plugin Filter Offset Calculator version 2.0.0.0 by S. Dimant & Stefan Berg
2026-04-02T11:55:30.7594|INFO|PluginLoader.cs|LoadPlugin|402|Successfully loaded plugin Flexure Correction version 0.8.0.0 by Francesco Meschia
2026-04-02T11:55:30.8550|INFO|DitherStatisticsVM.cs|OnThemeColorTimerTick|1357|Theme color CHANGED! Old: R:255 G:255 B:255 -> New: R:176 G:179 B:185
2026-04-02T11:55:30.9598|INFO|DitherStatisticsVM.cs|PixelShiftPlot|136|PixelShiftPlot created (lazy loading)
2026-04-02T11:55:30.9896|INFO|DitherStatisticsVM.cs|SettleTimePlot|177|SettleTimePlot created (lazy loading)
2026-04-02T11:55:32.3504|INFO|DitherStatisticsVM.cs|ConnectToPHD2|708|Attempting to connect to PHD2...
2026-04-02T11:55:32.3522|INFO|PHD2Client.cs|ConnectAsync|102|PHD2Client: Connecting to PHD2 at 127.0.0.1:4400...
2026-04-02T11:55:33.7097|INFO|PluginLoader.cs|LoadPlugin|402|Successfully loaded plugin Ground Station version 3.0.0.117 by Dale Ghent
2026-04-02T11:55:34.4042|ERROR|PHD2Client.cs|ConnectAsync|132|PHD2Client: Connection failed: No connection could be made because the target machine actively refused it.
2026-04-02T11:55:34.4046|INFO|DitherStatisticsVM.cs|OnPHD2ConnectionStatusChanged|737|PHD2 Connection Status: Connection failed: No connection could be made because the target machine actively refused it.
2026-04-02T11:55:45.9434|INFO|PluginLoader.cs|LoadPlugin|402|Successfully loaded plugin Hocus Focus version 3.0.0.25 by George Hilios (jokogeo)
2026-04-02T11:55:46.8614|INFO|PluginLoader.cs|LoadPlugin|402|Successfully loaded plugin Horizon Creator version 1.1.2.1 by Christian Palm
2026-04-02T11:55:47.0731|INFO|PluginLoader.cs|LoadPlugin|402|Successfully loaded plugin Lightbucket version 2.2.4.0 by Lightbucket
2026-04-02T11:55:47.9504|INFO|PluginLoader.cs|LoadPlugin|402|Successfully loaded plugin Livestack version 1.0.1.7 by Stefan Berg @isbeorn
2026-04-02T11:55:48.1723|INFO|PluginLoader.cs|LoadPlugin|402|Successfully loaded plugin Log Viewer version 1.0.0.2 by Alexander Wrede @astro_alex80
2026-04-02T11:55:48.3650|INFO|PluginLoader.cs|LoadPlugin|402|Successfully loaded plugin Moon Angle version 2.2.0.0 by Dale Ghent
2026-04-02T11:55:48.9386|INFO|SessionDatabase.cs|.ctor|32|NightSummary: Database path: C:\Users\nicka\AppData\Local\NINA\NightSummary\nightsummary.sqlite
2026-04-02T11:55:48.9388|INFO|SessionDatabase.cs|.ctor|33|NightSummary: Database exists: True
2026-04-02T11:55:48.9904|INFO|NightSummaryPlugin.cs|.ctor|225|NightSummary: Plugin initialized successfully
2026-04-02T11:55:48.9970|INFO|SessionDatabase.cs|.ctor|32|NightSummary: Database path: C:\Users\nicka\AppData\Local\NINA\NightSummary\nightsummary.sqlite
2026-04-02T11:55:49.0016|INFO|SessionDatabase.cs|.ctor|33|NightSummary: Database exists: True
2026-04-02T11:55:49.0141|INFO|PluginLoader.cs|LoadPlugin|402|Successfully loaded plugin Night Summary version 2.9.0.0 by Evan Pegors
2026-04-02T11:55:49.3406|INFO|PluginLoader.cs|LoadPlugin|402|Successfully loaded plugin Phd2 Tools version 1.0.6.0 by Stefan Berg @isbeorn
2026-04-02T11:55:49.6984|INFO|PluginLoader.cs|LoadPlugin|402|Successfully loaded plugin PixInsight Tools version 1.0.0.3 by Stefan Berg
2026-04-02T11:55:50.4970|INFO|PluginLoader.cs|LoadPlugin|402|Successfully loaded plugin Point3D version 0.2.3.0 by Drew McDermott
2026-04-02T11:55:50.8831|INFO|StarfrontClient.cs|StartFolderWatcher|167|[Rockwood] Watching: C:\ASTROIMAGES\NINA\
2026-04-02T11:55:50.8866|INFO|StarfrontClient.cs|RunLoop|68|[Rockwood] connecting to wss://api.starfront.space:443/ws/scope?key=***
2026-04-02T11:55:50.8867|INFO|PluginLoader.cs|LoadPlugin|402|Successfully loaded plugin Rockwood Starfront version 1.0.0.0 by Rockwood Observatory
2026-04-02T11:55:51.0375|INFO|StarfrontClient.cs|RunLoop|71|[Rockwood] connected
2026-04-02T11:55:51.6735|INFO|PluginLoader.cs|LoadPlugin|402|Successfully loaded plugin Scope Control version 2.0.2.1 by Stefan Berg @isbeorn
2026-04-02T11:55:53.4520|WARNING|When.cs|GetRunningItem|143|Can't get running items: SequencerNavigation not initialized yet!
2026-04-02T11:55:53.7067|INFO|PluginLoader.cs|LoadPlugin|402|Successfully loaded plugin Sequencer Powerups version 3.29.0.9 by Marc Blank
2026-04-02T11:55:54.5021|INFO|PluginLoader.cs|LoadPlugin|402|Successfully loaded plugin Session Metadata version 2.6.3.0 by Tom Palmer @tcpalmer
2026-04-02T11:55:54.6255|INFO|PluginLoader.cs|LoadPlugin|402|Successfully loaded plugin Shutdown PC version 2.2.0.0 by Dale Ghent
2026-04-02T11:55:54.8894|INFO|PluginLoader.cs|LoadPlugin|402|Successfully loaded plugin SkyFlats version 1.0.0.4 by Gerald Hitz (@photon)
2026-04-02T11:55:55.3342|INFO|PluginLoader.cs|LoadPlugin|402|Successfully loaded plugin Smart Filters version 1.0.0.3 by Benoit SAINTOT
2026-04-02T11:55:55.8655|INFO|PluginLoader.cs|LoadPlugin|402|Successfully loaded plugin Target Planning version 3.2.1.0 by Tom Palmer @tcpalmer
2026-04-02T11:55:58.4627|WARNING|When.cs|GetRunningItem|143|Can't get running items: SequencerNavigation not initialized yet!
2026-04-02T11:56:01.6017|INFO|PluginLoader.cs|LoadPlugin|402|Successfully loaded plugin Target Scheduler version 5.9.0.0 by Tom Palmer @tcpalmer
2026-04-02T11:56:02.0721|INFO|PluginLoader.cs|LoadPlugin|402|Successfully loaded plugin Three Point Polar Alignment version 2.2.5.0 by Stefan Berg @isbeorn
2026-04-02T11:56:03.4654|WARNING|When.cs|GetRunningItem|143|Can't get running items: SequencerNavigation not initialized yet!
2026-04-02T11:56:03.6756|INFO|SessionHistoryManager.cs|PurgeHistoryOlderThan|102|purging web session history older than 10 days
2026-04-02T11:56:03.7317|INFO|PluginLoader.cs|LoadPlugin|402|Successfully loaded plugin Web Session History Viewer version 2.2.1.0 by Tom Palmer @tcpalmer
2026-04-02T11:56:04.1447|INFO|PluginFetcher.cs|RequestAll|43|Fetching plugin manifests from https://nighttime-imaging.eu/wp-json/nina/v1/plugins/manifests
2026-04-02T11:56:04.4493|INFO|RotatorChooserVM.cs|GetEquipment|45|Found 1 Networked Rotator Rotators
2026-04-02T11:56:04.4693|INFO|FilterWheelChooserVM.cs|GetEquipment|167|Found 1 Networked Filter Wheel Filter Wheels
2026-04-02T11:56:04.7814|INFO|Sequence2VM.cs|TryLoadSequenceFile|414|Loading sequence file: C:\Users\nicka\Astro\NINA\NINA_Sequences\TargetScheduler.json
2026-04-02T11:56:04.8131|INFO|CameraChooserVM.cs|GetEquipment|279|Found 0 SVBony Cameras
2026-04-02T11:56:04.9318|INFO|CameraChooserVM.cs|GetEquipment|279|Found 0 PlayerOne Cameras
2026-04-02T11:56:05.0924|INFO|CameraChooserVM.cs|GetEquipment|279|Found 0 ASTPAN Cameras
2026-04-02T11:56:05.0944|INFO|CameraChooserVM.cs|GetEquipment|293|Found 4 ASCOM Cameras
2026-04-02T11:56:05.4736|INFO|Sequence2VM.cs|TryLoadSequenceFile|420|Starting sequence from command line options
2026-04-02T11:56:05.4775|INFO|Sequence2VM.cs|StartSequence|543|Advanced Sequence starting
2026-04-02T11:56:06.8294|INFO|RotatorChooserVM.cs|GetEquipment|68|Found 0 Alpaca Rotators
2026-04-02T11:56:07.0186|INFO|DomeChooserVM.cs|GetEquipment|67|Found 0 Alpaca Domes
2026-04-02T11:56:07.3026|INFO|PluginFetcher.cs|RequestAll|57|Found 76 valid plugins at https://nighttime-imaging.eu/wp-json/nina/v1/plugins/manifests
2026-04-02T11:56:07.3221|INFO|CameraChooserVM.cs|GetEquipment|305|Found 0 Alpaca Cameras
2026-04-02T11:56:07.3304|INFO|CameraChooserVM.cs|GetEquipment|318|Found 0 Canon Cameras
2026-04-02T11:56:07.3451|INFO|SafetyMonitorChooserVM.cs|GetEquipment|71|Found 0 Alpaca Safety Monitors
2026-04-02T11:56:07.3464|INFO|SequenceItem.cs|Run|208|Starting Category: * Instruction Set *, Container: NINA.Sequencer.Container.SequenceRootContainer, Strategy: SequentialStrategy, Items[CREATED]: 3, Triggers: Category: Ground Station, Item: Failures to Telegram
2026-04-02T11:56:07.3480|INFO|SwitchChooserVM.cs|GetEquipment|71|Found 0 Alpaca Switch Hubs
2026-04-02T11:56:07.3510|INFO|FilterWheelChooserVM.cs|GetEquipment|193|Found 0 Alpaca Filter Wheels
2026-04-02T11:56:07.3581|INFO|TelescopeChooserVM.cs|GetEquipment|69|Found 0 Alpaca Telescopes
2026-04-02T11:56:07.4010|INFO|SequenceItem.cs|Run|208|Starting Category: * Instruction Set *, Container: NINA.Sequencer.Container.StartAreaContainer, Strategy: SequentialStrategy, Items[CREATED]: 1
2026-04-02T11:56:07.4020|INFO|SequenceItem.cs|Run|208|Starting Category: * Instruction Set *, Container: NINA.Sequencer.Container.SequentialContainer, Strategy: SequentialStrategy, Items[CREATED]: 10
2026-04-02T11:56:07.4028|INFO|SequenceItem.cs|Run|208|Starting Category: Ground Station, Item: Send to Pushover, Title: Start
2026-04-02T11:56:07.4506|INFO|FlatDeviceChooserVM.cs|GetEquipment|67|Found 0 Alpaca Cover Calibrators
2026-04-02T11:56:07.4547|INFO|WeatherDataChooserVM.cs|GetEquipment|69|Found 0 Alpaca Observing Conditions
2026-04-02T11:56:07.4751|INFO|DockManagerVM.cs|InitializeAvalonDockLayout|366|Initializing imaging tab layout from C:\Users\nicka\AppData\Local\NINA\Profiles\0173997c-4bfa-48fd-9337-a48b6df99c38.dock.config
2026-04-02T11:56:07.6859|INFO|SequenceItem.cs|Run|254|Finishing Category: Ground Station, Item: Send to Pushover, Title: Start
2026-04-02T11:56:07.9505|INFO|SequenceItem.cs|Run|208|Starting Category: Utility, Item: WaitForTime, Time: 19:30:17h, Offset: -80
2026-04-02T11:56:09.3607|INFO|FocuserChooserVM.cs|GetEquipment|84|Found 0 Alpaca Focusers
2026-04-02T19:30:45.0685|INFO|SequenceItem.cs|Run|254|Finishing Category: Utility, Item: WaitForTime, Time: 19:31:1h, Offset: -80
2026-04-02T19:30:45.0707|INFO|SequenceItem.cs|Run|208|Starting Category: Ground Station, Item: Send to Telegram
2026-04-02T19:30:45.8763|INFO|SequenceItem.cs|Run|254|Finishing Category: Ground Station, Item: Send to Telegram
2026-04-02T19:30:45.8767|INFO|SequenceItem.cs|Run|208|Starting Category: Ground Station, Item: Send to Pushover, Title: Configure Equipment
2026-04-02T19:30:46.0253|INFO|SequenceItem.cs|Run|254|Finishing Category: Ground Station, Item: Send to Pushover, Title: Configure Equipment
2026-04-02T19:30:46.0266|INFO|SequenceItem.cs|Run|208|Starting Category: Connect, Item: ConnectAllEquipment
2026-04-02T19:30:46.0530|INFO|CameraChooserVM.cs|GetEquipment|69|Found 2 ASI Cameras
2026-04-02T19:30:46.1217|INFO|CameraChooserVM.cs|GetEquipment|84|Found 0 Altair Cameras
2026-04-02T19:30:46.1218|INFO|CameraChooserVM.cs|GetEquipment|96|Found 0 Atik Cameras
2026-04-02T19:30:46.1226|INFO|CameraChooserVM.cs|GetEquipment|110|Found 0 FLI Cameras
2026-04-02T19:30:46.1227|INFO|CameraChooserVM.cs|GetEquipment|130|Found 0 QHYCCD Cameras
2026-04-02T19:30:46.2725|INFO|CameraChooserVM.cs|GetEquipment|158|Found 0 ToupTek Cameras
2026-04-02T19:30:46.2773|INFO|CameraChooserVM.cs|GetEquipment|173|Found 0 Ogma Cameras
2026-04-02T19:30:46.2904|INFO|CameraChooserVM.cs|GetEquipment|188|Found 0 Omegon Cameras
2026-04-02T19:30:46.4458|INFO|CameraChooserVM.cs|GetEquipment|203|Found 0 RisingCam Cameras
2026-04-02T19:30:46.4594|INFO|CameraChooserVM.cs|GetEquipment|218|Found 0 MallinCam Cameras
2026-04-02T19:30:46.4609|INFO|CameraChooserVM.cs|GetEquipment|243|Found 0 SVBony Cameras
2026-04-02T19:30:46.4634|INFO|CameraChooserVM.cs|GetEquipment|259|Found 0 SBIG Cameras
2026-04-02T19:30:46.4641|INFO|CameraChooserVM.cs|GetEquipment|279|Found 0 SVBony Cameras
2026-04-02T19:30:46.4644|INFO|CameraChooserVM.cs|GetEquipment|279|Found 0 PlayerOne Cameras
2026-04-02T19:30:46.4731|INFO|CameraChooserVM.cs|GetEquipment|279|Found 0 ASTPAN Cameras
2026-04-02T19:30:46.4740|INFO|CameraChooserVM.cs|GetEquipment|293|Found 4 ASCOM Cameras
2026-04-02T19:30:48.4864|INFO|CameraChooserVM.cs|GetEquipment|305|Found 0 Alpaca Cameras
2026-04-02T19:30:48.5004|INFO|CameraChooserVM.cs|GetEquipment|318|Found 0 Canon Cameras
2026-04-02T19:30:48.5764|INFO|CameraVM.cs|Disconnect|650|Disconnected Camera
2026-04-02T19:30:49.1684|WARNING|ASICamera.cs|SetControlValue|568|Failed to set ASI Control Value ASI_WB_B with value 50
2026-04-02T19:30:49.1685|WARNING|ASICamera.cs|SetControlValue|568|Failed to set ASI Control Value ASI_WB_R with value 50
2026-04-02T19:30:49.1686|WARNING|ASICamera.cs|SetControlValue|568|Failed to set ASI Control Value ASI_GAMMA with value 50
2026-04-02T19:30:49.1686|WARNING|ASICamera.cs|SetControlValue|568|Failed to set ASI Control Value ASI_HIGH_SPEED_MODE with value 0
2026-04-02T19:30:49.1687|WARNING|ASICamera.cs|SetControlValue|568|Failed to set ASI Control Value ASI_OVERCLOCK with value 0
2026-04-02T19:30:49.1687|WARNING|ASICamera.cs|SetControlValue|568|Failed to set ASI Control Value ASI_PATTERN_ADJUST with value 0
2026-04-02T19:30:49.1696|WARNING|ASICamera.cs|SetControlValue|568|Failed to set ASI Control Value ASI_MONO_BIN with value 0
2026-04-02T19:30:49.1706|INFO|ASICamera.cs|Initialize|664|Camera ID: ASI533MM
2026-04-02T19:30:49.1809|WARNING|ASICamera.cs|SetControlValue|568|Failed to set ASI Control Value ASI_ANTI_DEW_HEATER with value 0
2026-04-02T19:30:49.2439|INFO|CameraVM.cs|ChooseCamera|455|Successfully connected Camera. Id: ZWOptical_ZWO ASI533MM Pro_ASI533MM Name: ZWO ASI533MM Pro DisplayName: ZWO ASI533MM Pro (ASI533MM)Driver Version: 1, 39, 0, 0
2026-04-02T19:30:49.7967|INFO|FilterWheelChooserVM.cs|GetEquipment|167|Found 1 Networked Filter Wheel Filter Wheels
2026-04-02T19:30:51.7999|INFO|FilterWheelChooserVM.cs|GetEquipment|193|Found 0 Alpaca Filter Wheels
2026-04-02T19:30:51.8411|INFO|FilterWheelVM.cs|Disconnect|333|Disconnected Filter Wheel
2026-04-02T19:30:55.3993|INFO|FilterWheelVM.cs|ChooseFW|279|Successfully connected Filter Wheel. Id: ASCOM.EFW2.FilterWheel Name: ZWO FilterWheel DisplayName: ZWO FilterWheel (ASCOM) Driver Version: 6.0
2026-04-02T19:30:59.3109|INFO|FocuserChooserVM.cs|GetEquipment|84|Found 0 Alpaca Focusers
2026-04-02T19:30:59.3192|INFO|FocuserVM.cs|Disconnect|441|Disconnected Focuser
2026-04-02T19:31:00.6521|ERROR|AscomDevice.cs|GetProperty|546|An unexpected exception occurred during GET of Focuser.StepSize: 
ASCOM.DriverException: The method or operation is not implemented.
 ---> System.NotImplementedException: The method or operation is not implemented.
   --- End of inner exception stack trace ---
   at ASCOM.Com.DriverAccess.DynamicAccess.CheckDotNetExceptions(String memberName, Exception e) in J:\ASCOMLibrary\ASCOM.Com\ASCOM.Com.DriverAccess\BaseClass\DynamicAccess.cs:line 278
   at ASCOM.Com.DriverAccess.DynamicAccess.TryGetMember(GetMemberBinder binder, Object& result) in J:\ASCOMLibrary\ASCOM.Com\ASCOM.Com.DriverAccess\BaseClass\DynamicAccess.cs:line 150
   at CallSite.Target(Closure, CallSite, Object)
   at System.Dynamic.UpdateDelegates.UpdateAndExecute1[T0,TRet](CallSite site, T0 arg0)
   at ASCOM.Com.DriverAccess.Focuser.get_StepSize() in J:\ASCOMLibrary\ASCOM.Com\ASCOM.Com.DriverAccess\Focuser.cs:line 159
   at System.RuntimeMethodHandle.InvokeMethod(Object target, Void** arguments, Signature sig, Boolean isConstructor)
   at System.Reflection.MethodBaseInvoker.InvokeWithNoArgs(Object obj, BindingFlags invokeAttr)
2026-04-02T19:31:00.8688|INFO|AscomDevice.cs|GetProperty|485|Retrying to GET Focuser.StepSize - Attempt 2 / 3
2026-04-02T19:31:00.8719|ERROR|AscomDevice.cs|GetProperty|546|An unexpected exception occurred during GET of Focuser.StepSize: 
ASCOM.DriverException: The method or operation is not implemented.
 ---> System.NotImplementedException: The method or operation is not implemented.
   --- End of inner exception stack trace ---
   at ASCOM.Com.DriverAccess.DynamicAccess.CheckDotNetExceptions(String memberName, Exception e) in J:\ASCOMLibrary\ASCOM.Com\ASCOM.Com.DriverAccess\BaseClass\DynamicAccess.cs:line 278
   at ASCOM.Com.DriverAccess.DynamicAccess.TryGetMember(GetMemberBinder binder, Object& result) in J:\ASCOMLibrary\ASCOM.Com\ASCOM.Com.DriverAccess\BaseClass\DynamicAccess.cs:line 150
   at CallSite.Target(Closure, CallSite, Object)
   at ASCOM.Com.DriverAccess.Focuser.get_StepSize() in J:\ASCOMLibrary\ASCOM.Com\ASCOM.Com.DriverAccess\Focuser.cs:line 159
   at InvokeStub_Focuser.get_StepSize(Object, Object, IntPtr*)
   at System.Reflection.MethodBaseInvoker.InvokeWithNoArgs(Object obj, BindingFlags invokeAttr)
2026-04-02T19:31:01.0749|INFO|AscomDevice.cs|GetProperty|485|Retrying to GET Focuser.StepSize - Attempt 3 / 3
2026-04-02T19:31:01.0771|ERROR|AscomDevice.cs|GetProperty|546|An unexpected exception occurred during GET of Focuser.StepSize: 
ASCOM.DriverException: The method or operation is not implemented.
 ---> System.NotImplementedException: The method or operation is not implemented.
   --- End of inner exception stack trace ---
   at ASCOM.Com.DriverAccess.DynamicAccess.CheckDotNetExceptions(String memberName, Exception e) in J:\ASCOMLibrary\ASCOM.Com\ASCOM.Com.DriverAccess\BaseClass\DynamicAccess.cs:line 278
   at ASCOM.Com.DriverAccess.DynamicAccess.TryGetMember(GetMemberBinder binder, Object& result) in J:\ASCOMLibrary\ASCOM.Com\ASCOM.Com.DriverAccess\BaseClass\DynamicAccess.cs:line 150
   at CallSite.Target(Closure, CallSite, Object)
   at ASCOM.Com.DriverAccess.Focuser.get_StepSize() in J:\ASCOMLibrary\ASCOM.Com\ASCOM.Com.DriverAccess\Focuser.cs:line 159
   at InvokeStub_Focuser.get_StepSize(Object, Object, IntPtr*)
   at System.Reflection.MethodBaseInvoker.InvokeWithNoArgs(Object obj, BindingFlags invokeAttr)
2026-04-02T19:31:01.0781|INFO|AscomDevice.cs|GetProperty|556|GET Focuser.StepSize failed - Returning last known value 0
2026-04-02T19:31:01.3332|INFO|FocuserVM.cs|ChooseFocuser|333|Successfully connected Focuser. Id: ASCOM.EAF.Focuser Name: ZWO Focuser DisplayName: ZWO Focuser (ASCOM) Driver Version: 6.0
2026-04-02T19:31:03.3468|INFO|TelescopeChooserVM.cs|GetEquipment|69|Found 0 Alpaca Telescopes
2026-04-02T19:31:03.3853|INFO|TelescopeVM.cs|Disconnect|740|Disconnected mount
2026-04-02T19:31:06.3097|INFO|AscomTelescope.cs|CheckMountTime|845|Mount UTC Time: 2026-04-03 00:31:01Z / System UTC Time: 2026-04-03 00:31:06Z; Difference: 5.211 seconds
2026-04-02T19:31:06.3634|INFO|AscomTelescope.cs|CheckMountTime|852|System time has been synced to the mount
2026-04-02T19:31:06.6726|INFO|TelescopeVM.cs|ChooseTelescope|535|Successfully connected mount. Id: ASCOM.iOptron2017.Telescope Name: iOptron CEM120,70,40,26, GEM, HEM, HAE, HAZ series and SkyHunter Mount DisplayName: iOptron CEM120,70,40,26, GEM, HEM, HAE, HAZ series and SkyHunter Mount (ASCOM) Driver Version: 9.15
2026-04-02T19:31:06.6854|INFO|PHD2Guider.cs|Connect|205|Connecting to PHD2 server at 127.0.0.1:4400
2026-04-02T19:31:13.6903|INFO|PHD2Client.cs|ConnectAsync|118|PHD2Client: Connected successfully!
2026-04-02T19:31:13.6905|INFO|DitherStatisticsVM.cs|OnPHD2ConnectionStatusChanged|734|PHD2 Connection Status: Connected
2026-04-02T19:31:13.6906|INFO|DitherStatisticsVM.cs|ConnectToPHD2|713|Successfully connected to PHD2!
2026-04-02T19:31:13.6941|INFO|PHD2Client.cs|ReadEventsAsync|181|PHD2Client: Started reading events
2026-04-02T19:31:13.7513|INFO|PHD2Client.cs|HandleVersion|366|PHD2Client: Connected to PHD2 version 2.6.14. (Message Protocol v1)
2026-04-02T19:31:13.7522|INFO|PHD2Client.cs|ProcessEvent|257|PHD2: CalibrationComplete
2026-04-02T19:31:13.7529|INFO|PHD2Client.cs|HandleAppState|376|PHD2Client: PHD2 AppState: Stopped
2026-04-02T19:31:13.9578|INFO|WeatherDataChooserVM.cs|GetEquipment|69|Found 0 Alpaca Observing Conditions
2026-04-02T19:31:13.9906|INFO|WeatherDataVM.cs|Disconnect|305|Disconnected Weather Device
2026-04-02T19:31:15.6448|INFO|AscomDevice.cs|GetProperty|527|Property ObservingConditions.SkyQuality GET is not implemented in this driver (SkyAlert Observing Conditions)
2026-04-02T19:31:15.6522|INFO|AscomDevice.cs|GetProperty|527|Property ObservingConditions.StarFWHM GET is not implemented in this driver (SkyAlert Observing Conditions)
2026-04-02T19:31:15.6668|INFO|WeatherDataVM.cs|ChooseWeatherData|150|Successfully connected Weather Device. Id: ASCOM.SkyAlert.ObservingConditions Name: SkyAlert Observing Conditions DisplayName: SkyAlert Observing Conditions (ASCOM) Driver Version: 1.7
2026-04-02T19:31:17.6779|INFO|SafetyMonitorChooserVM.cs|GetEquipment|71|Found 0 Alpaca Safety Monitors
2026-04-02T19:31:17.7196|INFO|SafetyMonitorVM.cs|Disconnect|221|Disconnected Safety Monitor
2026-04-02T19:31:18.2039|INFO|SafetyMonitorVM.cs|Connect|175|Successfully connected Safety Monitor. Id: ASCOM.GenericFile.SafetyMonitor Name: Generic File driver DisplayName: Generic File driver (ASCOM) Driver Version: 6.4
2026-04-02T19:31:18.2043|INFO|SequenceItem.cs|Run|254|Finishing Category: Connect, Item: ConnectAllEquipment
2026-04-02T19:31:18.2049|INFO|SequenceItem.cs|Run|208|Starting Category: Telescope, Item: FindHome
2026-04-02T19:31:18.2118|INFO|PHD2Guider.cs|StopGuiding|704|Phd2 - Stop Guiding skipped, as the app is already in state Stopped
2026-04-02T19:31:18.2138|INFO|TelescopeVM.cs|FindHome|292|Mount ordered to locate home position
2026-04-02T19:31:18.2172|INFO|TelescopeVM.cs|FindHome|336|Mount ordered to home but it is already at home
2026-04-02T19:31:18.2177|INFO|TelescopeVM.cs|FindHome|348|Mount has located its home position
2026-04-02T19:31:18.2185|INFO|SequenceItem.cs|Run|254|Finishing Category: Telescope, Item: FindHome
2026-04-02T19:31:18.2188|INFO|SequenceItem.cs|Run|208|Starting Category: Ground Station, Item: Send to Telegram
2026-04-02T19:31:18.8338|INFO|SequenceItem.cs|Run|254|Finishing Category: Ground Station, Item: Send to Telegram
2026-04-02T19:31:18.8342|INFO|SequenceItem.cs|Run|208|Starting Category: Ground Station, Item: Send to Pushover, Title: Cool
2026-04-02T19:31:18.9845|INFO|SequenceItem.cs|Run|254|Finishing Category: Ground Station, Item: Send to Pushover, Title: Cool
2026-04-02T19:31:18.9859|INFO|SequenceItem.cs|Run|208|Starting Category: Camera, Item: CoolCamera, Temperature: -5, Duration: 15
2026-04-02T19:31:19.0053|INFO|CameraVM.cs|CoolCamera|138|Cooling Camera. Target: -5 Duration: 00:15:00
2026-04-02T19:31:20.2204|INFO|SafetyMonitorVM.cs|UpdateMonitorValues|95|SafetyMonitorInfo state changed to Unsafe
2026-04-02T19:37:20.2087|INFO|SafetyMonitorVM.cs|UpdateMonitorValues|95|SafetyMonitorInfo state changed to Safe
2026-04-02T19:47:03.0741|INFO|SequenceItem.cs|Run|254|Finishing Category: Camera, Item: CoolCamera, Temperature: -5, Duration: 15
2026-04-02T19:47:03.0748|INFO|SequenceItem.cs|Run|208|Starting Category: Utility, Item: WaitForTime, Time: 20:36:1h, Offset: -15
2026-04-02T20:36:04.1156|INFO|SequenceItem.cs|Run|254|Finishing Category: Utility, Item: WaitForTime, Time: 20:36:1h, Offset: -15
2026-04-02T20:36:04.1246|INFO|SequenceItem.cs|Run|254|Finishing Category: * Instruction Set *, Container: NINA.Sequencer.Container.SequentialContainer, Strategy: SequentialStrategy, Items[FINISHED]: 10
2026-04-02T20:36:04.1254|INFO|SequenceItem.cs|Run|254|Finishing Category: * Instruction Set *, Container: NINA.Sequencer.Container.StartAreaContainer, Strategy: SequentialStrategy, Items[FINISHED]: 1
2026-04-02T20:36:04.1265|INFO|SequenceItem.cs|Run|208|Starting Category: * Instruction Set *, Container: NINA.Sequencer.Container.TargetAreaContainer, Strategy: SequentialStrategy, Items[CREATED]: 1
2026-04-02T20:36:04.1316|INFO|SequenceItem.cs|Run|208|Starting Category: * Instruction Set *, Container: NINA.Sequencer.Container.SequentialContainer, Strategy: SequentialStrategy, Items[CREATED]: 11, Conditions: Condition: TimeCondition, Time: 6:58:57h, Condition: TargetSchedulerCondition mode=While Targets Remain Tonight, , Triggers: Trigger: CenterAfterDriftTrigger, DistanceArcMinutes: 1Trigger: WhenUnsafeCategory: Ground Station, Item: Failures to TelegramCategory: Connect, Item: ReconnectOnDownloadFailureTrigger: AutofocusAfterHFRIncreaseTrigger, Amount: 5Trigger: MeridianFlipTriggerCategory: Powerups (Misc), Item: DIYTriggerCategory: Ground Station, Item: Failures to PushoverTrigger: AutofocusAfterTemperatureChangeTrigger, Amount: 1.5°
2026-04-02T20:36:04.1366|INFO|WhenCommon.cs|SequenceBlockInitialize|204|Initialize; starting watchdog
2026-04-02T20:36:31.8918|INFO|MeridianFlipTrigger.cs|ShouldTrigger|197|Meridian Flip - Telescope is at home position. Skip flip evaluation
2026-04-02T20:36:31.8936|INFO|SequenceItem.cs|Run|208|Starting Category: Utility, Item: WaitForTime, Time: 20:36:1h, Offset: -15
2026-04-02T20:36:31.8943|INFO|SequenceItem.cs|Run|254|Finishing Category: Utility, Item: WaitForTime, Time: 20:36:1h, Offset: -15
2026-04-02T20:36:31.9077|INFO|MeridianFlipTrigger.cs|ShouldTrigger|197|Meridian Flip - Telescope is at home position. Skip flip evaluation
2026-04-02T20:36:31.9081|INFO|SequenceItem.cs|Run|208|Starting Category: Ground Station, Item: Send to Telegram
2026-04-02T20:36:32.5869|INFO|SequenceItem.cs|Run|254|Finishing Category: Ground Station, Item: Send to Telegram
2026-04-02T20:36:32.5877|INFO|MeridianFlipTrigger.cs|ShouldTrigger|197|Meridian Flip - Telescope is at home position. Skip flip evaluation
2026-04-02T20:36:32.5877|INFO|SequenceItem.cs|Run|208|Starting Category: Ground Station, Item: Send to Pushover, Title: Focusing
2026-04-02T20:36:32.7258|INFO|SequenceItem.cs|Run|254|Finishing Category: Ground Station, Item: Send to Pushover, Title: Focusing
2026-04-02T20:36:32.7264|INFO|MeridianFlipTrigger.cs|ShouldTrigger|197|Meridian Flip - Telescope is at home position. Skip flip evaluation
2026-04-02T20:36:32.7300|INFO|SequenceItem.cs|Run|208|Starting Category: Telescope, Item: SlewScopeToRaDec, Coordinates: RA: 00:00:00; Dec: 85° 00' 00"; Epoch: J2000
2026-04-02T20:36:32.7373|INFO|PHD2Guider.cs|StopGuiding|704|Phd2 - Stop Guiding skipped, as the app is already in state Stopped
2026-04-02T20:36:32.7490|INFO|TelescopeVM.cs|SlewAsyncInternal|910|Slewing from RA: 13:44:39; Dec: 90° 00' 00"; Epoch: JNOW to RA: 00:01:01; Dec: 85° 08' 44"; Epoch: JNOW - Alt: 29° 19' 40"; Az: 354° 59' 28"
2026-04-02T20:36:48.5903|INFO|SequenceItem.cs|Run|254|Finishing Category: Telescope, Item: SlewScopeToRaDec, Coordinates: RA: 00:00:00; Dec: 85° 00' 00"; Epoch: J2000
2026-04-02T20:36:48.5958|INFO|MeridianFlipTrigger.cs|ShouldTrigger|265|Meridian Flip - There is still time remaining - max remaining time 04:13:07.8080844, next instruction time 0, next instruction Category: Filter Wheel, Item: SwitchFilter, Filter: L - and the telescope reports expected pier side pierEast. Automated Flip is not necessary.
2026-04-02T20:36:48.5966|INFO|SequenceItem.cs|Run|208|Starting Category: Filter Wheel, Item: SwitchFilter, Filter: L
2026-04-02T20:36:48.6174|INFO|SequenceItem.cs|Run|254|Finishing Category: Filter Wheel, Item: SwitchFilter, Filter: L
2026-04-02T20:36:48.6226|INFO|MeridianFlipTrigger.cs|ShouldTrigger|265|Meridian Flip - There is still time remaining - max remaining time 04:13:07.8080844, next instruction time 180, next instruction Category: Focuser, Item: RunAutofocus - and the telescope reports expected pier side pierEast. Automated Flip is not necessary.
2026-04-02T20:36:48.6229|INFO|SequenceItem.cs|Run|208|Starting Category: Focuser, Item: RunAutofocus
2026-04-02T20:36:48.7711|INFO|FocuserMediator.cs|BroadcastAutoFocusRunStarting|92|Autofocus starting notification received
2026-04-02T20:36:48.7769|INFO|PHD2Guider.cs|StopGuiding|704|Phd2 - Stop Guiding skipped, as the app is already in state Stopped
2026-04-02T20:36:48.8025|INFO|AutoFocusEngine.cs|RunAutoFocus|929|Starting AutoFocus with initial position 387272
2026-04-02T20:36:48.8459|INFO|CameraVM.cs|Capture|742|Starting Exposure - Exposure Time: 3s; Filter: L; Gain: 270; Offset 50; Binning: 1x1;
2026-04-02T20:36:53.5823|INFO|AutoFocusEngine.cs|StartBlindFocusPoints|769|Waiting on initial HFR analysis
2026-04-02T20:36:53.5944|INFO|FocuserVM.cs|MoveFocuserInternal|216|Moving Focuser to position 387408
2026-04-02T20:36:55.8401|INFO|HocusFocusStarDetection.cs|Detect|413|Average HFR: 2.0755916827289784, HFR MAD: 0.1596663000083418, Detected Stars 69, Region: 0
2026-04-02T20:36:59.4009|INFO|CameraVM.cs|Capture|742|Starting Exposure - Exposure Time: 3s; Filter: L; Gain: 270; Offset 50; Binning: 1x1;
2026-04-02T20:37:04.0716|INFO|FocuserVM.cs|MoveFocuserInternal|216|Moving Focuser to position 387374
2026-04-02T20:37:05.4447|INFO|HocusFocusStarDetection.cs|Detect|413|Average HFR: 3.1117444461480965, HFR MAD: 0.6767077200606644, Detected Stars 32, Region: 0
2026-04-02T20:37:11.3911|INFO|CameraVM.cs|Capture|742|Starting Exposure - Exposure Time: 3s; Filter: L; Gain: 270; Offset 50; Binning: 1x1;
2026-04-02T20:37:16.0608|INFO|FocuserVM.cs|MoveFocuserInternal|216|Moving Focuser to position 387340
2026-04-02T20:37:17.4098|INFO|HocusFocusStarDetection.cs|Detect|413|Average HFR: 2.2844168867457526, HFR MAD: 0.40593451781532597, Detected Stars 50, Region: 0
2026-04-02T20:37:23.3550|INFO|CameraVM.cs|Capture|742|Starting Exposure - Exposure Time: 3s; Filter: L; Gain: 270; Offset 50; Binning: 1x1;
2026-04-02T20:37:28.1162|INFO|FocuserVM.cs|MoveFocuserInternal|216|Moving Focuser to position 387306
2026-04-02T20:37:29.4761|INFO|HocusFocusStarDetection.cs|Detect|413|Average HFR: 1.8362597007278172, HFR MAD: 0.18966419697430448, Detected Stars 53, Region: 0
2026-04-02T20:37:37.3435|INFO|CameraVM.cs|Capture|742|Starting Exposure - Exposure Time: 3s; Filter: L; Gain: 270; Offset 50; Binning: 1x1;
2026-04-02T20:37:42.0211|INFO|AutoFocusEngine.cs|StartBlindFocusPoints|797|Waiting on initial focuser move analyses
2026-04-02T20:37:43.3638|INFO|HocusFocusStarDetection.cs|Detect|413|Average HFR: 1.6562679057746559, HFR MAD: 0.09824922041168382, Detected Stars 58, Region: 0
2026-04-02T20:37:43.4769|INFO|FocuserVM.cs|MoveFocuserInternal|216|Moving Focuser to position 387272
2026-04-02T20:37:53.3951|INFO|CameraVM.cs|Capture|742|Starting Exposure - Exposure Time: 3s; Filter: L; Gain: 270; Offset 50; Binning: 1x1;
2026-04-02T20:37:58.0767|INFO|AutoFocusEngine.cs|StartBlindFocusPoints|870|Waiting on next left movement analysis
2026-04-02T20:37:59.4216|INFO|HocusFocusStarDetection.cs|Detect|413|Average HFR: 2.2517371025338275, HFR MAD: 0.21726888475288586, Detected Stars 74, Region: 0
2026-04-02T20:37:59.4541|INFO|FocuserVM.cs|MoveFocuserInternal|216|Moving Focuser to position 387238
2026-04-02T20:38:09.3447|INFO|CameraVM.cs|Capture|742|Starting Exposure - Exposure Time: 3s; Filter: L; Gain: 270; Offset 50; Binning: 1x1;
2026-04-02T20:38:14.0361|INFO|AutoFocusEngine.cs|StartBlindFocusPoints|870|Waiting on next left movement analysis
2026-04-02T20:38:15.3772|INFO|HocusFocusStarDetection.cs|Detect|413|Average HFR: 3.6440246477200358, HFR MAD: 0.2569596939690615, Detected Stars 46, Region: 0
2026-04-02T20:38:15.4257|INFO|FocuserVM.cs|MoveFocuserInternal|216|Moving Focuser to position 387204
2026-04-02T20:38:25.3764|INFO|CameraVM.cs|Capture|742|Starting Exposure - Exposure Time: 3s; Filter: L; Gain: 270; Offset 50; Binning: 1x1;
2026-04-02T20:38:30.0547|INFO|AutoFocusEngine.cs|StartBlindFocusPoints|870|Waiting on next left movement analysis
2026-04-02T20:38:31.3962|INFO|HocusFocusStarDetection.cs|Detect|413|Average HFR: 4.959085070205972, HFR MAD: 0.28897595896205264, Detected Stars 35, Region: 0
2026-04-02T20:38:31.4333|INFO|FocuserVM.cs|MoveFocuserInternal|216|Moving Focuser to position 387170
2026-04-02T20:38:41.3430|INFO|CameraVM.cs|Capture|742|Starting Exposure - Exposure Time: 3s; Filter: L; Gain: 270; Offset 50; Binning: 1x1;
2026-04-02T20:38:46.0235|INFO|AutoFocusEngine.cs|StartBlindFocusPoints|870|Waiting on next left movement analysis
2026-04-02T20:38:47.3865|INFO|HocusFocusStarDetection.cs|Detect|413|Average HFR: 6.897675974580618, HFR MAD: 0.26892855259571746, Detected Stars 16, Region: 0
2026-04-02T20:38:47.4362|INFO|FocuserVM.cs|MoveFocuserInternal|216|Moving Focuser to position 387136
2026-04-02T20:38:57.3988|INFO|CameraVM.cs|Capture|742|Starting Exposure - Exposure Time: 3s; Filter: L; Gain: 270; Offset 50; Binning: 1x1;
2026-04-02T20:39:02.0706|INFO|AutoFocusEngine.cs|StartBlindFocusPoints|870|Waiting on next left movement analysis
2026-04-02T20:39:03.4118|INFO|HocusFocusStarDetection.cs|Detect|413|Average HFR: 8.850356197458643, HFR MAD: 0.2749441559508323, Detected Stars 4, Region: 0
2026-04-02T20:39:03.4676|INFO|AutoFocusEngine.cs|StartBlindFocusPoints|823|Enough left trend points (4) with an established minimum (387306) to queue remaining right focus points up to 387442
2026-04-02T20:39:03.4692|INFO|FocuserVM.cs|MoveFocuserInternal|216|Moving Focuser to position 387442
2026-04-02T20:39:09.4030|INFO|CameraVM.cs|Capture|742|Starting Exposure - Exposure Time: 3s; Filter: L; Gain: 270; Offset 50; Binning: 1x1;
2026-04-02T20:39:14.0758|INFO|AutoFocusEngine.cs|StartBlindFocusPoints|896|Waiting on remaining AutoFocus analysis tasks
2026-04-02T20:39:15.4061|INFO|HocusFocusStarDetection.cs|Detect|413|Average HFR: 4.006566085153043, HFR MAD: 0.915807872540114, Detected Stars 26, Region: 0
2026-04-02T20:39:15.4593|INFO|FocuserVM.cs|MoveFocuserInternal|216|Moving Focuser to position 387309
2026-04-02T20:39:25.3748|INFO|AutoFocusEngine.cs|ValidateCalculatedFocusPosition|1141|Validating HFR at final focus position 387309
2026-04-02T20:39:25.3824|INFO|CameraVM.cs|Capture|742|Starting Exposure - Exposure Time: 3s; Filter: L; Gain: 270; Offset 50; Binning: 1x1;
2026-04-02T20:39:31.4123|INFO|HocusFocusStarDetection.cs|Detect|413|Average HFR: 1.6962769753975893, HFR MAD: 0.07215106357007128, Detected Stars 63, Region: 0
2026-04-02T20:39:31.4183|INFO|HocusFocusVM.cs|AutoFocusEngine_Completed|473|AutoFocus completed with focuser starting at 387272 and ending at 387309
2026-04-02T20:39:31.4888|INFO|FocuserMediator.cs|BroadcastSuccessfulAutoFocusRun|46|Autofocus notification received - Temperature 28.719999313354492
2026-04-02T20:39:31.5099|INFO|SequenceItem.cs|Run|254|Finishing Category: Focuser, Item: RunAutofocus
2026-04-02T20:39:31.5249|INFO|MeridianFlipTrigger.cs|ShouldTrigger|265|Meridian Flip - There is still time remaining - max remaining time 04:10:23.3327645, next instruction time 689.475123, next instruction Category: Utility, Item: WaitForTime, Time: 20:51:1h, Offset: 0 - and the telescope reports expected pier side pierEast. Automated Flip is not necessary.
2026-04-02T20:39:31.5250|INFO|SequenceItem.cs|Run|208|Starting Category: Utility, Item: WaitForTime, Time: 20:51:1h, Offset: 0
2026-04-02T20:51:01.8397|INFO|SequenceItem.cs|Run|254|Finishing Category: Utility, Item: WaitForTime, Time: 20:51:1h, Offset: 0
2026-04-02T20:51:01.8406|INFO|MeridianFlipTrigger.cs|ShouldTrigger|265|Meridian Flip - There is still time remaining - max remaining time 03:58:51.3533599, next instruction time 0, next instruction Category: Ground Station, Item: Send to Telegram - and the telescope reports expected pier side pierEast. Automated Flip is not necessary.
2026-04-02T20:51:01.8407|INFO|SequenceItem.cs|Run|208|Starting Category: Ground Station, Item: Send to Telegram
2026-04-02T20:51:02.4630|INFO|SequenceItem.cs|Run|254|Finishing Category: Ground Station, Item: Send to Telegram
2026-04-02T20:51:02.4641|INFO|MeridianFlipTrigger.cs|ShouldTrigger|265|Meridian Flip - There is still time remaining - max remaining time 03:58:51.3533599, next instruction time 0, next instruction Category: Ground Station, Item: Send to Pushover, Title: Focus Done - and the telescope reports expected pier side pierEast. Automated Flip is not necessary.
2026-04-02T20:51:02.4642|INFO|SequenceItem.cs|Run|208|Starting Category: Ground Station, Item: Send to Pushover, Title: Focus Done
2026-04-02T20:51:02.6027|INFO|SequenceItem.cs|Run|254|Finishing Category: Ground Station, Item: Send to Pushover, Title: Focus Done
2026-04-02T20:51:02.6042|INFO|MeridianFlipTrigger.cs|ShouldTrigger|265|Meridian Flip - There is still time remaining - max remaining time 03:58:51.3533599, next instruction time 0, next instruction Night Summary - Start Session - and the telescope reports expected pier side pierEast. Automated Flip is not necessary.
2026-04-02T20:51:02.6047|INFO|SequenceItem.cs|Run|208|Starting Night Summary - Start Session
2026-04-02T20:51:02.6058|INFO|NightSummaryInstruction.cs|Execute|29|NightSummary: Start Session instruction executing
2026-04-02T20:51:02.6378|INFO|SessionCollector.cs|StartSession|59|NightSummary: Session started. SessionId=271f43ca-e41b-4443-b5fc-92e65fd4eb95
2026-04-02T20:51:02.6527|INFO|SessionService.cs|StartSession|64|NightSummary: Stored camera info — 3008×3008px, 3.76µm, 360mm focal
2026-04-02T20:51:02.6529|INFO|SequenceItem.cs|Run|254|Finishing Night Summary - Start Session
2026-04-02T20:51:02.6557|INFO|MeridianFlipTrigger.cs|ShouldTrigger|265|Meridian Flip - There is still time remaining - max remaining time 03:58:51.3533599, next instruction time 0, next instruction Category: Target Scheduler, Container: NINA.Plugin.TargetScheduler.Sequencer.TargetSchedulerContainer, Strategy: SequentialStrategy, Target:  RA: 00:00:00; Dec: 00° 00' 00"; Epoch: J2000 0 - and the telescope reports expected pier side pierEast. Automated Flip is not necessary.
2026-04-02T20:51:02.6560|INFO|SequenceItem.cs|Run|208|Starting Category: Target Scheduler, Container: NINA.Plugin.TargetScheduler.Sequencer.TargetSchedulerContainer, Strategy: SequentialStrategy, Target:  RA: 00:00:00; Dec: 00° 00' 00"; Epoch: J2000 0
2026-04-02T20:51:02.8893|INFO|Symbol.cs|OnMessageReceived|627|Received message from Target Scheduler re: TargetScheduler-NewTargetStart
2026-04-02T20:51:02.8896|INFO|Symbol.cs|OnMessageReceived|635|TS_TargetName = SH2-308 Panel 5 - NB
2026-04-02T20:51:02.8898|INFO|Symbol.cs|OnMessageReceived|636|Expires at 04/02/2026 22:41:15 -05:00
2026-04-02T20:51:02.9114|INFO|Symbol.cs|OnMessageReceived|627|Received message from Target Scheduler re: TargetScheduler-TargetStart
2026-04-02T20:51:02.9114|INFO|Symbol.cs|OnMessageReceived|635|TS_TargetName = SH2-308 Panel 5 - NB
2026-04-02T20:51:02.9114|INFO|Symbol.cs|OnMessageReceived|636|Expires at 04/02/2026 22:41:15 -05:00
2026-04-02T20:51:02.9127|INFO|MeridianFlipTrigger.cs|ShouldTrigger|265|Meridian Flip - There is still time remaining - max remaining time 03:58:49.4408155, next instruction time 0, next instruction NINA.Plugin.TargetScheduler.Sequencer.PlanSchedulerProgress - and the telescope reports expected pier side pierEast. Automated Flip is not necessary.
2026-04-02T20:51:02.9129|INFO|SequenceItem.cs|Run|208|Starting NINA.Plugin.TargetScheduler.Sequencer.PlanSchedulerProgress
2026-04-02T20:51:02.9175|INFO|SequenceItem.cs|Run|254|Finishing NINA.Plugin.TargetScheduler.Sequencer.PlanSchedulerProgress
2026-04-02T20:51:02.9305|INFO|MeridianFlipTrigger.cs|ShouldTrigger|265|Meridian Flip - There is still time remaining - max remaining time 03:58:49.4408155, next instruction time 0, next instruction Category: Scheduler, Item: Center, Coordinates RA: 06:51:18; Dec: -23° 57' 37"; Epoch: J2000 - and the telescope reports expected pier side pierEast. Automated Flip is not necessary.
2026-04-02T20:51:02.9309|INFO|SequenceItem.cs|Run|208|Starting Category: Scheduler, Item: Center, Coordinates RA: 06:51:18; Dec: -23° 57' 37"; Epoch: J2000
2026-04-02T20:51:03.0569|INFO|PHD2Guider.cs|StopGuiding|704|Phd2 - Stop Guiding skipped, as the app is already in state Stopped
2026-04-02T20:51:03.0678|INFO|TelescopeVM.cs|SlewAsyncInternal|910|Slewing from RA: 00:01:01; Dec: 85° 08' 44"; Epoch: JNOW to RA: 06:52:24; Dec: -23° 59' 42"; Epoch: JNOW - Alt: 32° 12' 21"; Az: 198° 04' 33"
2026-04-02T20:51:39.3544|INFO|CameraVM.cs|Capture|742|Starting Exposure - Exposure Time: 2s; Filter: L; Gain: 275; Offset 50; Binning: 1x1;
2026-04-02T20:51:43.7384|INFO|ImageSolver.cs|Solve|41|Platesolving with parameters: FocalLength: 360 PixelSize: 3.76 SearchRadius: 30 BlindFailoverEnabled: True Regions: 5000 DownSampleFactor: 0 MaxObjects: 500 Reference Coordinates RA: 06:51:18 Dec: -23° 57' 37" Epoch: J2000
2026-04-02T20:51:44.3120|INFO|BaseImageData.cs|SaveToDisk|346|Saved image to C:\Users\nicka\AppData\Local\NINA\PlateSolver\oy014u3f.wxj.fits
2026-04-02T20:51:45.7240|INFO|ImageSolver.cs|Solve|54|Platesolve successful: Coordinates: RA: 06:54:40; Dec: -19° 21' 38"; Epoch: J2000 - Position Angle: 275.44971046737464
2026-04-02T20:51:45.7280|INFO|CenteringSolver.cs|Center|99|Centering Solver - Scope Position: RA: 06:52:24; Dec: -23° 59' 42"; Epoch: JNOW; Offset: RA: 00:00:00; Dec: 00° 00' 00"; Distance: 00° 00' 00"; Bearing: 00° 00' 00"; Centering Coordinates: RA: 06:52:24; Dec: -23° 59' 42"; Epoch: JNOW; Solved: RA: 06:55:50; Dec: -19° 23' 50"; Epoch: JNOW; Separation RA: -00:03:26; Dec: -04° 35' 52"; Distance: 04° 39' 59"; Bearing: -09° 59' 43"; Threshold: 2
2026-04-02T20:51:46.2446|INFO|TelescopeVM.cs|Sync|777|Syncing scope from RA: 06:52:24; Dec: -23° 59' 42"; Epoch: JNOW to RA: 06:55:50; Dec: -19° 23' 50"; Epoch: JNOW
2026-04-02T20:51:51.2593|INFO|CenteringSolver.cs|Center|132|Slewing to target after sync. Current Position: RA: 06:55:49; Dec: -19° 23' 50"; Epoch: JNOW; Target coordinates: RA: 06:52:24; Dec: -23° 59' 42"; Epoch: JNOW; Offset RA: 00:00:00; Dec: 00° 00' 00"; Distance: 00° 00' 00"; Bearing: 00° 00' 00"
2026-04-02T20:51:51.2629|INFO|TelescopeVM.cs|SlewAsyncInternal|910|Slewing from RA: 06:55:49; Dec: -19° 23' 50"; Epoch: JNOW to RA: 06:52:24; Dec: -23° 59' 42"; Epoch: JNOW - Alt: 32° 09' 08"; Az: 198° 17' 02"
2026-04-02T20:52:00.4591|INFO|CameraVM.cs|Capture|742|Starting Exposure - Exposure Time: 2s; Filter: L; Gain: 275; Offset 50; Binning: 1x1;
2026-04-02T20:52:04.8763|INFO|ImageSolver.cs|Solve|41|Platesolving with parameters: FocalLength: 360 PixelSize: 3.76 SearchRadius: 30 BlindFailoverEnabled: True Regions: 5000 DownSampleFactor: 0 MaxObjects: 500 Reference Coordinates RA: 06:51:18 Dec: -23° 57' 37" Epoch: J2000
2026-04-02T20:52:05.1903|INFO|BaseImageData.cs|SaveToDisk|346|Saved image to C:\Users\nicka\AppData\Local\NINA\PlateSolver\nj4peoab.pxg.fits
2026-04-02T20:52:06.0505|INFO|ImageSolver.cs|Solve|54|Platesolve successful: Coordinates: RA: 06:51:17; Dec: -23° 57' 40"; Epoch: J2000 - Position Angle: 275.4469012849567
2026-04-02T20:52:06.0520|INFO|CenteringSolver.cs|Center|99|Centering Solver - Scope Position: RA: 06:52:24; Dec: -23° 59' 42"; Epoch: JNOW; Offset: RA: 00:00:00; Dec: 00° 00' 00"; Distance: 00° 00' 00"; Bearing: 00° 00' 00"; Centering Coordinates: RA: 06:52:24; Dec: -23° 59' 42"; Epoch: JNOW; Solved: RA: 06:52:23; Dec: -23° 59' 44"; Epoch: JNOW; Separation RA: 00:00:00; Dec: 00° 00' 02"; Distance: 00° 00' 07"; Bearing: 108° 57' 58"; Threshold: 2
2026-04-02T20:52:06.0530|INFO|CenteringSolver.cs|Center|165|Restoring filter to L after centering
2026-04-02T20:52:06.0791|INFO|SequenceItem.cs|Run|254|Finishing Category: Scheduler, Item: Center, Coordinates RA: 06:51:18; Dec: -23° 57' 37"; Epoch: J2000
2026-04-02T20:52:06.0796|INFO|MeridianFlipTrigger.cs|ShouldTrigger|265|Meridian Flip - There is still time remaining - max remaining time 10:49:10.0222789, next instruction time 0, next instruction NINA.Plugin.TargetScheduler.Sequencer.PlanSchedulerProgress - and the telescope reports expected pier side pierEast. Automated Flip is not necessary.
2026-04-02T20:52:06.0797|INFO|SequenceItem.cs|Run|208|Starting NINA.Plugin.TargetScheduler.Sequencer.PlanSchedulerProgress
2026-04-02T20:52:06.1153|INFO|SequenceItem.cs|Run|254|Finishing NINA.Plugin.TargetScheduler.Sequencer.PlanSchedulerProgress
2026-04-02T20:52:06.1159|INFO|MeridianFlipTrigger.cs|ShouldTrigger|265|Meridian Flip - There is still time remaining - max remaining time 10:49:10.0222789, next instruction time 0, next instruction Category: , Container: NINA.Plugin.TargetScheduler.Sequencer.InstructionContainer, Strategy: InstructionContainerStrategy, Items[CREATED]: 2 - and the telescope reports expected pier side pierEast. Automated Flip is not necessary.
2026-04-02T20:52:06.1160|INFO|SequenceItem.cs|Run|208|Starting Category: , Container: NINA.Plugin.TargetScheduler.Sequencer.InstructionContainer, Strategy: InstructionContainerStrategy, Items[CREATED]: 2
2026-04-02T20:52:06.1229|INFO|MeridianFlipTrigger.cs|ShouldTrigger|265|Meridian Flip - There is still time remaining - max remaining time 10:49:10.0222789, next instruction time 0, next instruction Category: Powerups (Expressions), Item: IfConstant, Expr: Expression: TargetName == "DarkTower2026" in If, References: 1, Value: 0 - and the telescope reports expected pier side pierEast. Automated Flip is not necessary.
2026-04-02T20:52:06.1231|INFO|SequenceItem.cs|Run|208|Starting Category: Powerups (Expressions), Item: IfConstant, Expr: Expression: TargetName == "DarkTower2026" in If, References: 1, Value: 0
2026-04-02T20:52:06.1265|INFO|If.cs|Execute|57|Predicate: TargetName == "DarkTower2026"
2026-04-02T20:52:06.1298|INFO|If.cs|Execute|84|Predicate is false, Expression: TargetName == "DarkTower2026" in If, References: 1, Value: 0
2026-04-02T20:52:06.1299|INFO|SequenceItem.cs|Run|254|Finishing Category: Powerups (Expressions), Item: IfConstant, Expr: Expression: TargetName == "DarkTower2026" in If, References: 1, Value: 0
2026-04-02T20:52:06.1306|INFO|MeridianFlipTrigger.cs|ShouldTrigger|265|Meridian Flip - There is still time remaining - max remaining time 10:49:10.0222789, next instruction time 0, next instruction Category: Ground Station, Item: Send to Telegram - and the telescope reports expected pier side pierEast. Automated Flip is not necessary.
2026-04-02T20:52:06.1307|INFO|SequenceItem.cs|Run|208|Starting Category: Ground Station, Item: Send to Telegram
2026-04-02T20:52:06.7353|INFO|SequenceItem.cs|Run|254|Finishing Category: Ground Station, Item: Send to Telegram
2026-04-02T20:52:06.7366|INFO|SequenceItem.cs|Run|254|Finishing Category: , Container: NINA.Plugin.TargetScheduler.Sequencer.InstructionContainer, Strategy: InstructionContainerStrategy, Items[FINISHED]: 2
2026-04-02T20:52:06.7371|INFO|MeridianFlipTrigger.cs|ShouldTrigger|265|Meridian Flip - There is still time remaining - max remaining time 10:49:10.0222789, next instruction time 0, next instruction NINA.Plugin.TargetScheduler.Sequencer.PlanSchedulerProgress - and the telescope reports expected pier side pierEast. Automated Flip is not necessary.
2026-04-02T20:52:06.7372|INFO|SequenceItem.cs|Run|208|Starting NINA.Plugin.TargetScheduler.Sequencer.PlanSchedulerProgress
2026-04-02T20:52:06.7391|INFO|SequenceItem.cs|Run|254|Finishing NINA.Plugin.TargetScheduler.Sequencer.PlanSchedulerProgress
2026-04-02T20:52:06.7396|INFO|MeridianFlipTrigger.cs|ShouldTrigger|265|Meridian Flip - There is still time remaining - max remaining time 10:49:10.0222789, next instruction time 0, next instruction Category: Scheduler, Item: SwitchFilter, Filter: H - and the telescope reports expected pier side pierEast. Automated Flip is not necessary.
2026-04-02T20:52:06.7397|INFO|SequenceItem.cs|Run|208|Starting Category: Scheduler, Item: SwitchFilter, Filter: H
2026-04-02T20:52:06.7406|INFO|FilterWheelVM.cs|ChangeFilter|112|Moving to Filter H at Position 5
2026-04-02T20:52:06.9580|INFO|FocuserVM.cs|MoveFocuserInternal|216|Moving Focuser to position 387331
2026-04-02T20:52:11.4039|INFO|SequenceItem.cs|Run|254|Finishing Category: Scheduler, Item: SwitchFilter, Filter: H
2026-04-02T20:52:11.4047|INFO|MeridianFlipTrigger.cs|ShouldTrigger|265|Meridian Flip - There is still time remaining - max remaining time 10:49:04.0588199, next instruction time 0, next instruction NINA.Plugin.TargetScheduler.Sequencer.PlanSchedulerProgress - and the telescope reports expected pier side pierEast. Automated Flip is not necessary.
2026-04-02T20:52:11.4050|INFO|SequenceItem.cs|Run|208|Starting NINA.Plugin.TargetScheduler.Sequencer.PlanSchedulerProgress
2026-04-02T20:52:11.4051|INFO|SequenceItem.cs|Run|254|Finishing NINA.Plugin.TargetScheduler.Sequencer.PlanSchedulerProgress
2026-04-02T20:52:11.4072|INFO|MeridianFlipTrigger.cs|ShouldTrigger|265|Meridian Flip - There is still time remaining - max remaining time 10:49:04.0588199, next instruction time 0, next instruction Category: Scheduler, Item: SetReadoutMode, Mode: 0 - and the telescope reports expected pier side pierEast. Automated Flip is not necessary.
2026-04-02T20:52:11.4078|INFO|SequenceItem.cs|Run|208|Starting Category: Scheduler, Item: SetReadoutMode, Mode: 0
2026-04-02T20:52:11.4108|INFO|SequenceItem.cs|Run|254|Finishing Category: Scheduler, Item: SetReadoutMode, Mode: 0
2026-04-02T20:52:11.4119|INFO|MeridianFlipTrigger.cs|ShouldTrigger|265|Meridian Flip - There is still time remaining - max remaining time 10:49:04.0588199, next instruction time 0, next instruction NINA.Plugin.TargetScheduler.Sequencer.PlanSchedulerProgress - and the telescope reports expected pier side pierEast. Automated Flip is not necessary.
2026-04-02T20:52:11.4120|INFO|SequenceItem.cs|Run|208|Starting NINA.Plugin.TargetScheduler.Sequencer.PlanSchedulerProgress
2026-04-02T20:52:11.4136|INFO|SequenceItem.cs|Run|254|Finishing NINA.Plugin.TargetScheduler.Sequencer.PlanSchedulerProgress
2026-04-02T20:52:11.4201|INFO|MeridianFlipTrigger.cs|ShouldTrigger|265|Meridian Flip - There is still time remaining - max remaining time 10:49:04.0588199, next instruction time 600, next instruction Category: Scheduler, Item: TakeExposure, ExposureTime 600, Gain 100, Offset 50, ImageType LIGHT, Binning 1x1 - and the telescope reports expected pier side pierEast. Automated Flip is not necessary.
2026-04-02T20:52:11.4204|INFO|DIYTrigger.cs|ShouldTrigger|109|DIY Trigger Restore Guiding ShouldTrigger returning true
2026-04-02T20:52:11.4246|INFO|SequenceTrigger.cs|Run|114|Starting Category: Powerups (Misc), Item: DIYTrigger
2026-04-02T20:52:11.4296|INFO|DIYTrigger.cs|Execute|95|DIY Trigger executing...
2026-04-02T20:52:11.4302|INFO|SequenceItem.cs|Run|208|Starting Category: * Instruction Set *, Container: NINA.Sequencer.Container.SequentialContainer, Strategy: SequentialStrategy, Items[CREATED]: 1, Triggers: Trigger: RestoreGuiding
2026-04-02T20:52:11.4311|INFO|MeridianFlipTrigger.cs|ShouldTrigger|265|Meridian Flip - There is still time remaining - max remaining time 10:49:04.0588199, next instruction time 0, next instruction Category: Powerups (Expressions), Item: IfFailed - and the telescope reports expected pier side pierEast. Automated Flip is not necessary.
2026-04-02T20:52:11.4313|INFO|SequenceItem.cs|Run|208|Starting Category: Powerups (Expressions), Item: IfFailed
2026-04-02T20:52:11.4336|INFO|SequenceItem.cs|Run|208|Starting Category: Guider, Item: StartGuiding
2026-04-02T20:52:11.4626|INFO|PHD2Guider.cs|TryStartGuideCommand|641|Phd2 - Requesting to start guiding. Recalibrate: False
2026-04-02T20:52:18.8262|INFO|PHD2Client.cs|ProcessEvent|261|PHD2: StartGuiding
2026-04-02T20:52:18.8268|INFO|PHD2Client.cs|StartNewGuidingSession|393|PHD2Client: New guiding session started
2026-04-02T20:52:18.8409|INFO|PHD2Client.cs|QueryExposureTime|1216|PHD2Client: Exposure time from PHD2 API: 2.000 seconds (2000 ms)
2026-04-02T20:52:41.3275|INFO|PHD2Client.cs|HandleSettleDone|343|PHD2Client: SettleDone - Status=0, Success=True, TotalFrames=10, DroppedFrames=0
2026-04-02T20:52:41.3286|WARNING|DitherStatisticsVM.cs|OnPHD2SettleDone|772|⚠️ SettleDone received but no currentDither exists (race condition?)
2026-04-02T20:52:41.9599|INFO|SequenceItem.cs|Run|254|Finishing Category: Guider, Item: StartGuiding
2026-04-02T20:52:41.9620|INFO|SequenceItem.cs|Run|254|Finishing Category: Powerups (Expressions), Item: IfFailed
2026-04-02T20:52:41.9634|INFO|SequenceItem.cs|Run|254|Finishing Category: * Instruction Set *, Container: NINA.Sequencer.Container.SequentialContainer, Strategy: SequentialStrategy, Items[FINISHED]: 1, Triggers: Trigger: RestoreGuiding
2026-04-02T20:52:41.9720|INFO|SequenceItem.cs|Run|208|Starting Category: Scheduler, Item: TakeExposure, ExposureTime 600, Gain 100, Offset 50, ImageType LIGHT, Binning 1x1
2026-04-02T20:52:41.9888|INFO|CameraVM.cs|Capture|742|Starting Exposure - Exposure Time: 600s; Filter: ; Gain: 100; Offset 50; Binning: 1x1;
2026-04-02T21:02:43.8877|INFO|SequenceItem.cs|Run|254|Finishing Category: Scheduler, Item: TakeExposure, ExposureTime 600, Gain 100, Offset 50, ImageType LIGHT, Binning 1x1
2026-04-02T21:02:43.8882|INFO|MeridianFlipTrigger.cs|ShouldTrigger|265|Meridian Flip - There is still time remaining - max remaining time 10:38:32.4971154, next instruction time 0, next instruction NINA.Plugin.TargetScheduler.Sequencer.PlanSchedulerProgress - and the telescope reports expected pier side pierEast. Automated Flip is not necessary.
2026-04-02T21:02:43.8884|INFO|SequenceItem.cs|Run|208|Starting NINA.Plugin.TargetScheduler.Sequencer.PlanSchedulerProgress
2026-04-02T21:02:43.8884|INFO|SequenceItem.cs|Run|254|Finishing NINA.Plugin.TargetScheduler.Sequencer.PlanSchedulerProgress
2026-04-02T21:02:47.4960|INFO|HocusFocusStarDetection.cs|Detect|413|Average HFR: 2.004699199876274, HFR MAD: 0.14295213382281768, Detected Stars 1904, Region: 0
2026-04-02T21:02:48.1257|INFO|BaseImageData.cs|SaveToDisk|346|Saved image to C:\ASTROIMAGES\NINA\2026-04-02\SH2-308 Panel 5 - NB\LIGHT\H\2026-04-02_20-52-42_SH2-308 Panel 5 - NB_LIGHT_H_-5.00C_G100-Exp-600.00s_MAXRMS-D1.75-R2.89_M-92.96_RMS-0.76_HFR-2.00_F-0000.fits
2026-04-02T21:02:48.1265|INFO|ImageSaveController.cs|DoWork|97|Successfully saved file at C:\ASTROIMAGES\NINA\2026-04-02\SH2-308 Panel 5 - NB\LIGHT\H\2026-04-02_20-52-42_SH2-308 Panel 5 - NB_LIGHT_H_-5.00C_G100-Exp-600.00s_MAXRMS-D1.75-R2.89_M-92.96_RMS-0.76_HFR-2.00_F-0000.fits. Duration Total: 00:00:04.2373122; BeforeSave: 00:00:00.0036309; BeforeFinalizeImageSaved: 00:00:03.8930568; FinalizeSaveTime: 00:00:00.3406234
2026-04-02T21:02:49.7457|INFO|SessionMetaDataWatcher.cs|WriteAcquisitionMetaData|63|Writing CSV acquisition summary: C:\ASTROIMAGES\NINA\2026-04-02\SH2-308 Panel 5 - NB\LIGHT\H\metadata\AcquisitionDetails.csv
2026-04-02T21:02:49.9924|INFO|SessionMetaDataWatcher.cs|WriteAcquisitionMetaData|82|Writing JSON acquisition summary: C:\ASTROIMAGES\NINA\2026-04-02\SH2-308 Panel 5 - NB\LIGHT\H\metadata\AcquisitionDetails.json
2026-04-02T21:02:50.0051|INFO|SessionMetaDataWatcher.cs|WriteImageMetaData|105|Writing CSV image metadata: C:\ASTROIMAGES\NINA\2026-04-02\SH2-308 Panel 5 - NB\LIGHT\H\metadata\ImageMetaData.csv
2026-04-02T21:02:50.0521|INFO|SessionMetaDataWatcher.cs|WriteImageMetaData|122|Writing JSON image metadata: C:\ASTROIMAGES\NINA\2026-04-02\SH2-308 Panel 5 - NB\LIGHT\H\metadata\ImageMetaData.json
2026-04-02T21:02:50.0699|INFO|SessionMetaDataWatcher.cs|WriteWeatherMetaData|169|Writing CSV weather metadata: C:\ASTROIMAGES\NINA\2026-04-02\SH2-308 Panel 5 - NB\LIGHT\H\metadata\WeatherData.csv
2026-04-02T21:02:50.0918|INFO|SessionMetaDataWatcher.cs|WriteWeatherMetaData|186|Writing JSON weather metadata: C:\ASTROIMAGES\NINA\2026-04-02\SH2-308 Panel 5 - NB\LIGHT\H\metadata\WeatherData.json
2026-04-02T21:02:50.6437|INFO|MeridianFlipTrigger.cs|ShouldTrigger|265|Meridian Flip - There is still time remaining - max remaining time 10:38:26.4756349, next instruction time 0, next instruction Category: Powerups (Fun-ctions), Item: GSSend - and the telescope reports expected pier side pierEast. Automated Flip is not necessary.
2026-04-02T21:02:50.6440|INFO|SequenceItem.cs|Run|208|Starting Category: Powerups (Fun-ctions), Item: GSSend
2026-04-02T21:02:50.6480|INFO|SendWithGS.cs|ProcessedScript|64|Replacing Image_ExposureTime with 600
2026-04-02T21:02:50.6483|INFO|SendWithGS.cs|ProcessedScript|64|Replacing Image_HFR with 2.005
2026-04-02T21:02:50.6484|INFO|SendWithGS.cs|ProcessedScript|64|Replacing Image_FWHM with 8.71
2026-04-02T21:02:50.6485|INFO|SendWithGS.cs|ProcessedScript|64|Replacing Altitude with 31.368284953517307
2026-04-02T21:02:50.6486|INFO|SendWithGS.cs|Execute|95|Sending to Ground Station: Exp: $$FWHEEL_FILTER_NAME$$ on $$TARGET_NAME$$ EXP: 600 HFR: 2.005 FWHM: 8.71  Altitude: 31.368284953517307 
2026-04-02T21:02:50.6500|INFO|SequenceItem.cs|Run|208|Starting Category: Ground Station, Item: Send to Telegram
2026-04-02T21:02:51.2653|INFO|SequenceItem.cs|Run|254|Finishing Category: Ground Station, Item: Send to Telegram
2026-04-02T21:02:51.2675|INFO|SequenceItem.cs|Run|254|Finishing Category: Powerups (Fun-ctions), Item: GSSend
2026-04-02T21:02:51.2790|INFO|MeridianFlipTrigger.cs|ShouldTrigger|265|Meridian Flip - There is still time remaining - max remaining time 10:38:24.3666667, next instruction time 0, next instruction Category: Powerups (Fun-ctions), Item: GSSend - and the telescope reports expected pier side pierEast. Automated Flip is not necessary.
2026-04-02T21:02:51.2790|INFO|SequenceItem.cs|Run|208|Starting Category: Powerups (Fun-ctions), Item: GSSend
2026-04-02T21:02:51.2794|INFO|SendWithGS.cs|ProcessedScript|64|Replacing Image_ExposureTime with 600
2026-04-02T21:02:51.2795|INFO|SendWithGS.cs|ProcessedScript|64|Replacing Image_HFR with 2.005
2026-04-02T21:02:51.2796|INFO|SendWithGS.cs|ProcessedScript|64|Replacing Image_FWHM with 8.71
2026-04-02T21:02:51.2797|INFO|SendWithGS.cs|ProcessedScript|64|Replacing Altitude with 31.368284953517307
2026-04-02T21:02:51.2798|INFO|SendWithGS.cs|Execute|95|Sending to Ground Station: Exp: $$FWHEEL_FILTER_NAME$$ on $$TARGET_NAME$$ EXP: 600 HFR: 2.005 FWHM: 8.71  Altitude: 31.368284953517307 
2026-04-02T21:02:51.2809|INFO|SequenceItem.cs|Run|208|Starting Category: Ground Station, Item: Send to Pushover, Title: IMAGE: $$TARGET_NAME$$
2026-04-02T21:02:51.4143|INFO|SequenceItem.cs|Run|254|Finishing Category: Ground Station, Item: Send to Pushover, Title: IMAGE: $$TARGET_NAME$$
2026-04-02T21:02:51.4164|INFO|SequenceItem.cs|Run|254|Finishing Category: Powerups (Fun-ctions), Item: GSSend
2026-04-02T21:02:51.6868|INFO|Symbol.cs|OnMessageReceived|627|Received message from Target Scheduler re: TargetScheduler-TargetStart
2026-04-02T21:02:51.6868|INFO|Symbol.cs|OnMessageReceived|635|TS_TargetName = SH2-308 Panel 5 - NB
2026-04-02T21:02:51.6868|INFO|Symbol.cs|OnMessageReceived|636|Expires at 04/02/2026 22:41:15 -05:00
2026-04-02T21:02:51.6874|INFO|MeridianFlipTrigger.cs|ShouldTrigger|265|Meridian Flip - There is still time remaining - max remaining time 10:38:24.3666667, next instruction time 0, next instruction NINA.Plugin.TargetScheduler.Sequencer.PlanSchedulerProgress - and the telescope reports expected pier side pierEast. Automated Flip is not necessary.
2026-04-02T21:02:51.6875|INFO|SequenceItem.cs|Run|208|Starting NINA.Plugin.TargetScheduler.Sequencer.PlanSchedulerProgress
2026-04-02T21:02:51.6876|INFO|SequenceItem.cs|Run|254|Finishing NINA.Plugin.TargetScheduler.Sequencer.PlanSchedulerProgress
2026-04-02T21:02:51.6884|INFO|MeridianFlipTrigger.cs|ShouldTrigger|265|Meridian Flip - There is still time remaining - max remaining time 10:38:24.3666667, next instruction time 90, next instruction Category: , Item: Dither - and the telescope reports expected pier side pierEast. Automated Flip is not necessary.
2026-04-02T21:02:51.6887|INFO|SequenceItem.cs|Run|208|Starting Category: , Item: Dither
2026-04-02T21:02:51.7124|INFO|PHD2Client.cs|HandleGuidingDithered|309|PHD2Client: 🎯 GuidingDithered (DITHER START) - dx=-16.96, dy=2.16
2026-04-02T21:02:51.7133|INFO|DitherStatisticsVM.cs|OnPHD2GuidingDithered|752|🎯 DITHER START detected via GuidingDithered! dx=-16.96, dy=2.16
2026-04-02T21:02:51.7138|INFO|DitherStatisticsVM.cs|OnPHD2GuidingDithered|762|✅ Dither START recorded with pixel shift: (-16.96, 2.16)
2026-04-02T21:02:51.7148|INFO|PHD2Client.cs|StartDitherDataCollection|576|PHD2Client: Started dither data collection for 30 seconds (series #1)
2026-04-02T21:02:52.7509|INFO|StarfrontClient.cs|SendImageFile|249|[Rockwood] sent 2026-04-02_20-52-42_SH2-308 Panel 5 - NB_LIGHT_H_-5.00C_G100-Exp-600.00s_MAXRMS-D1.75-R2.89_M-92.96_RMS-0.76_HFR-2.00_F-0000.fits (28KB) object=SH2-308 Panel 5 - NB exptime=600s filter=H
2026-04-02T21:03:21.7247|INFO|PHD2Client.cs|OnDitherCollectionComplete|657|PHD2Client: Dither data collection complete (timer). Collected 9 points.
2026-04-02T21:03:21.7383|INFO|PHD2Client.cs|WriteDitherAnalysisFile|738|PHD2Client: Dither analysis file written with 9 data points: 20260402_205218_dither_analysis.txt
2026-04-02T21:03:21.7814|INFO|PHD2Client.cs|WritePositivePeriodsFile|932|PHD2Client: Positive periods analysis written with 3 total periods across 3 multipliers: 20260402_205218_positive_periods.txt
2026-04-02T21:03:21.7860|INFO|PHD2Client.cs|AnalyzePositivePeriods|868|PHD2Client: Positive period analysis complete. firstPeriodPerSeries counts: 1.5σ=0, 2.0σ=0, 3.0σ=0
2026-04-02T21:03:21.7885|INFO|PHD2Client.cs|CalculateRecommendation|954|PHD2Client: Calculating recommendation from 1 dither series, RMS=0.2406, StdDev=0.1398
2026-04-02T21:03:21.7978|INFO|PHD2Client.cs|EstimateMinSettleTimeFallback|1102|PHD2Client: MinSettleTime estimated using fallback (first point below threshold)
2026-04-02T21:03:21.7981|INFO|PHD2Client.cs|CalculateRecommendation|987|PHD2Client: Dither recommendation calculated - Events: 1, SettlePixel: Q=0.45 B=0.52 P=0.66, MinSettle: Q=10.0s B=10.0s P=8.0s
2026-04-02T21:03:21.7989|INFO|DitherStatisticsVM.cs|OnDitherRecommendationUpdated|500|Dither recommendation updated on UI thread - Events: 1
2026-04-02T21:03:21.7992|INFO|PHD2Client.cs|RunAnalysisAndRecommendation|638|PHD2Client: RunAnalysisAndRecommendation completed - 9 points, 1 series
2026-04-02T21:03:36.3485|INFO|PHD2Client.cs|HandleSettleDone|343|PHD2Client: SettleDone - Status=0, Success=True, TotalFrames=16, DroppedFrames=0
2026-04-02T21:03:36.3508|INFO|DitherStatisticsVM.cs|OnPHD2SettleDone|794|✅ DITHER END - Success=True, SettleTime=44.63s, TotalFrames=16, DroppedFrames=0
2026-04-02T21:03:36.6982|INFO|SequenceItem.cs|Run|254|Finishing Category: , Item: Dither
2026-04-02T21:03:36.6990|INFO|MeridianFlipTrigger.cs|ShouldTrigger|265|Meridian Flip - There is still time remaining - max remaining time 10:37:36.3873754, next instruction time 0, next instruction NINA.Plugin.TargetScheduler.Sequencer.PlanSchedulerProgress - and the telescope reports expected pier side pierEast. Automated Flip is not necessary.
2026-04-02T21:03:36.6993|INFO|SequenceItem.cs|Run|208|Starting NINA.Plugin.TargetScheduler.Sequencer.PlanSchedulerProgress
2026-04-02T21:03:36.6998|INFO|SequenceItem.cs|Run|254|Finishing NINA.Plugin.TargetScheduler.Sequencer.PlanSchedulerProgress
2026-04-02T21:03:36.7006|INFO|MeridianFlipTrigger.cs|ShouldTrigger|265|Meridian Flip - There is still time remaining - max remaining time 10:37:36.3873754, next instruction time 0, next instruction Category: Scheduler, Item: SwitchFilter, Filter: H - and the telescope reports expected pier side pierEast. Automated Flip is not necessary.
2026-04-02T21:03:36.7007|INFO|SequenceItem.cs|Run|208|Starting Category: Scheduler, Item: SwitchFilter, Filter: H
2026-04-02T21:03:36.7022|INFO|SequenceItem.cs|Run|254|Finishing Category: Scheduler, Item: SwitchFilter, Filter: H
2026-04-02T21:03:36.7028|INFO|MeridianFlipTrigger.cs|ShouldTrigger|265|Meridian Flip - There is still time remaining - max remaining time 10:37:36.3873754, next instruction time 0, next instruction NINA.Plugin.TargetScheduler.Sequencer.PlanSchedulerProgress - and the telescope reports expected pier side pierEast. Automated Flip is not necessary.
2026-04-02T21:03:36.7029|INFO|SequenceItem.cs|Run|208|Starting NINA.Plugin.TargetScheduler.Sequencer.PlanSchedulerProgress
2026-04-02T21:03:36.7030|INFO|SequenceItem.cs|Run|254|Finishing NINA.Plugin.TargetScheduler.Sequencer.PlanSchedulerProgress
2026-04-02T21:03:36.7034|INFO|MeridianFlipTrigger.cs|ShouldTrigger|265|Meridian Flip - There is still time remaining - max remaining time 10:37:36.3873754, next instruction time 0, next instruction Category: Scheduler, Item: SetReadoutMode, Mode: 0 - and the telescope reports expected pier side pierEast. Automated Flip is not necessary.
2026-04-02T21:03:36.7035|INFO|SequenceItem.cs|Run|208|Starting Category: Scheduler, Item: SetReadoutMode, Mode: 0
2026-04-02T21:03:36.7043|INFO|SequenceItem.cs|Run|254|Finishing Category: Scheduler, Item: SetReadoutMode, Mode: 0
2026-04-02T21:03:36.7048|INFO|MeridianFlipTrigger.cs|ShouldTrigger|265|Meridian Flip - There is still time remaining - max remaining time 10:37:36.3873754, next instruction time 0, next instruction NINA.Plugin.TargetScheduler.Sequencer.PlanSchedulerProgress - and the telescope reports expected pier side pierEast. Automated Flip is not necessary.
2026-04-02T21:03:36.7050|INFO|SequenceItem.cs|Run|208|Starting NINA.Plugin.TargetScheduler.Sequencer.PlanSchedulerProgress
2026-04-02T21:03:36.7054|INFO|SequenceItem.cs|Run|254|Finishing NINA.Plugin.TargetScheduler.Sequencer.PlanSchedulerProgress
2026-04-02T21:03:36.7089|INFO|MeridianFlipTrigger.cs|ShouldTrigger|265|Meridian Flip - There is still time remaining - max remaining time 10:37:36.3873754, next instruction time 600, next instruction Category: Scheduler, Item: TakeExposure, ExposureTime 600, Gain 100, Offset 50, ImageType LIGHT, Binning 1x1 - and the telescope reports expected pier side pierEast. Automated Flip is not necessary.
2026-04-02T21:03:36.7090|INFO|DIYTrigger.cs|ShouldTrigger|109|DIY Trigger Restore Guiding ShouldTrigger returning true
2026-04-02T21:03:36.7093|INFO|SequenceTrigger.cs|Run|114|Starting Category: Powerups (Misc), Item: DIYTrigger
2026-04-02T21:03:36.7143|INFO|DIYTrigger.cs|Execute|95|DIY Trigger executing...
2026-04-02T21:03:36.7145|INFO|SequenceItem.cs|Run|208|Starting Category: * Instruction Set *, Container: NINA.Sequencer.Container.SequentialContainer, Strategy: SequentialStrategy, Items[CREATED]: 1, Triggers: Trigger: RestoreGuiding
2026-04-02T21:03:36.7154|INFO|MeridianFlipTrigger.cs|ShouldTrigger|265|Meridian Flip - There is still time remaining - max remaining time 10:37:36.3873754, next instruction time 0, next instruction Category: Powerups (Expressions), Item: IfFailed - and the telescope reports expected pier side pierEast. Automated Flip is not necessary.
2026-04-02T21:03:36.7158|INFO|SequenceItem.cs|Run|208|Starting Category: Powerups (Expressions), Item: IfFailed
2026-04-02T21:03:36.7159|INFO|SequenceItem.cs|Run|208|Starting Category: Guider, Item: StartGuiding
2026-04-02T21:03:36.7209|INFO|PHD2Guider.cs|StartGuidingPrivate|504|Phd2 - App is already guiding. Skipping start guiding
2026-04-02T21:03:36.7212|INFO|SequenceItem.cs|Run|254|Finishing Category: Guider, Item: StartGuiding
2026-04-02T21:03:36.7218|INFO|SequenceItem.cs|Run|254|Finishing Category: Powerups (Expressions), Item: IfFailed
2026-04-02T21:03:36.7221|INFO|SequenceItem.cs|Run|254|Finishing Category: * Instruction Set *, Container: NINA.Sequencer.Container.SequentialContainer, Strategy: SequentialStrategy, Items[FINISHED]: 1, Triggers: Trigger: RestoreGuiding
2026-04-02T21:03:36.7265|INFO|SequenceItem.cs|Run|208|Starting Category: Scheduler, Item: TakeExposure, ExposureTime 600, Gain 100, Offset 50, ImageType LIGHT, Binning 1x1
2026-04-02T21:03:36.7465|INFO|CameraVM.cs|Capture|742|Starting Exposure - Exposure Time: 600s; Filter: ; Gain: 100; Offset 50; Binning: 1x1;
2026-04-02T21:13:38.6897|INFO|SequenceItem.cs|Run|254|Finishing Category: Scheduler, Item: TakeExposure, ExposureTime 600, Gain 100, Offset 50, ImageType LIGHT, Binning 1x1
2026-04-02T21:13:38.6903|INFO|MeridianFlipTrigger.cs|ShouldTrigger|265|Meridian Flip - There is still time remaining - max remaining time 10:27:34.0826611, next instruction time 0, next instruction NINA.Plugin.TargetScheduler.Sequencer.PlanSchedulerProgress - and the telescope reports expected pier side pierEast. Automated Flip is not necessary.
2026-04-02T21:13:38.6904|INFO|SequenceItem.cs|Run|208|Starting NINA.Plugin.TargetScheduler.Sequencer.PlanSchedulerProgress
2026-04-02T21:13:38.6905|INFO|SequenceItem.cs|Run|254|Finishing NINA.Plugin.TargetScheduler.Sequencer.PlanSchedulerProgress
2026-04-02T21:13:41.9039|INFO|HocusFocusStarDetection.cs|Detect|413|Average HFR: 1.9442879173620315, HFR MAD: 0.13238648710033663, Detected Stars 1774, Region: 0
2026-04-02T21:13:42.8043|INFO|BaseImageData.cs|SaveToDisk|346|Saved image to C:\ASTROIMAGES\NINA\2026-04-02\SH2-308 Panel 5 - NB\LIGHT\H\2026-04-02_21-03-36_SH2-308 Panel 5 - NB_LIGHT_H_-5.00C_G100-Exp-600.00s_MAXRMS-D3.33-R1.90_M-93.00_RMS-0.69_HFR-1.94_F-0001.fits
2026-04-02T21:13:42.8044|INFO|ImageSaveController.cs|DoWork|97|Successfully saved file at C:\ASTROIMAGES\NINA\2026-04-02\SH2-308 Panel 5 - NB\LIGHT\H\2026-04-02_21-03-36_SH2-308 Panel 5 - NB_LIGHT_H_-5.00C_G100-Exp-600.00s_MAXRMS-D3.33-R1.90_M-93.00_RMS-0.69_HFR-1.94_F-0001.fits. Duration Total: 00:00:04.1145271; BeforeSave: 00:00:00.0001672; BeforeFinalizeImageSaved: 00:00:03.7520829; FinalizeSaveTime: 00:00:00.3622765
2026-04-02T21:13:43.3861|WARNING|SessionMetaDataWatcher.cs|WriteAcquisitionMetaData|73|acquisition file already exists, will not overwrite: C:\ASTROIMAGES\NINA\2026-04-02\SH2-308 Panel 5 - NB\LIGHT\H\metadata\AcquisitionDetails.csv
2026-04-02T21:13:43.3863|WARNING|SessionMetaDataWatcher.cs|WriteAcquisitionMetaData|93|acquisition file already exists, will not overwrite: C:\ASTROIMAGES\NINA\2026-04-02\SH2-308 Panel 5 - NB\LIGHT\H\metadata\AcquisitionDetails.json
2026-04-02T21:13:43.3866|INFO|SessionMetaDataWatcher.cs|WriteImageMetaData|105|Writing CSV image metadata: C:\ASTROIMAGES\NINA\2026-04-02\SH2-308 Panel 5 - NB\LIGHT\H\metadata\ImageMetaData.csv
2026-04-02T21:13:43.4433|INFO|SessionMetaDataWatcher.cs|WriteImageMetaData|122|Writing JSON image metadata: C:\ASTROIMAGES\NINA\2026-04-02\SH2-308 Panel 5 - NB\LIGHT\H\metadata\ImageMetaData.json
2026-04-02T21:13:43.4570|INFO|SessionMetaDataWatcher.cs|WriteWeatherMetaData|169|Writing CSV weather metadata: C:\ASTROIMAGES\NINA\2026-04-02\SH2-308 Panel 5 - NB\LIGHT\H\metadata\WeatherData.csv
2026-04-02T21:13:43.4735|INFO|SessionMetaDataWatcher.cs|WriteWeatherMetaData|186|Writing JSON weather metadata: C:\ASTROIMAGES\NINA\2026-04-02\SH2-308 Panel 5 - NB\LIGHT\H\metadata\WeatherData.json
2026-04-02T21:13:44.1728|INFO|MeridianFlipTrigger.cs|ShouldTrigger|265|Meridian Flip - There is still time remaining - max remaining time 10:27:28.1341560, next instruction time 0, next instruction Category: Powerups (Fun-ctions), Item: GSSend - and the telescope reports expected pier side pierEast. Automated Flip is not necessary.
2026-04-02T21:13:44.1729|INFO|SequenceItem.cs|Run|208|Starting Category: Powerups (Fun-ctions), Item: GSSend
2026-04-02T21:13:44.1736|INFO|SendWithGS.cs|ProcessedScript|64|Replacing Image_ExposureTime with 600
2026-04-02T21:13:44.1738|INFO|SendWithGS.cs|ProcessedScript|64|Replacing Image_HFR with 1.944
2026-04-02T21:13:44.1739|INFO|SendWithGS.cs|ProcessedScript|64|Replacing Image_FWHM with 8.43
2026-04-02T21:13:44.1740|INFO|SendWithGS.cs|ProcessedScript|64|Replacing Altitude with 30.473028587291775
2026-04-02T21:13:44.1740|INFO|SendWithGS.cs|Execute|95|Sending to Ground Station: Exp: $$FWHEEL_FILTER_NAME$$ on $$TARGET_NAME$$ EXP: 600 HFR: 1.944 FWHM: 8.43  Altitude: 30.473028587291775 
2026-04-02T21:13:44.1756|INFO|SequenceItem.cs|Run|208|Starting Category: Ground Station, Item: Send to Telegram
2026-04-02T21:13:44.7987|INFO|SequenceItem.cs|Run|254|Finishing Category: Ground Station, Item: Send to Telegram
2026-04-02T21:13:44.8000|INFO|SequenceItem.cs|Run|254|Finishing Category: Powerups (Fun-ctions), Item: GSSend
2026-04-02T21:13:44.8004|INFO|MeridianFlipTrigger.cs|ShouldTrigger|265|Meridian Flip - There is still time remaining - max remaining time 10:27:26.2085939, next instruction time 0, next instruction Category: Powerups (Fun-ctions), Item: GSSend - and the telescope reports expected pier side pierEast. Automated Flip is not necessary.
2026-04-02T21:13:44.8004|INFO|SequenceItem.cs|Run|208|Starting Category: Powerups (Fun-ctions), Item: GSSend
2026-04-02T21:13:44.8013|INFO|SendWithGS.cs|ProcessedScript|64|Replacing Image_ExposureTime with 600
2026-04-02T21:13:44.8014|INFO|SendWithGS.cs|ProcessedScript|64|Replacing Image_HFR with 1.944
2026-04-02T21:13:44.8015|INFO|SendWithGS.cs|ProcessedScript|64|Replacing Image_FWHM with 8.43
2026-04-02T21:13:44.8016|INFO|SendWithGS.cs|ProcessedScript|64|Replacing Altitude with 30.473028587291775
2026-04-02T21:13:44.8016|INFO|SendWithGS.cs|Execute|95|Sending to Ground Station: Exp: $$FWHEEL_FILTER_NAME$$ on $$TARGET_NAME$$ EXP: 600 HFR: 1.944 FWHM: 8.43  Altitude: 30.473028587291775 
2026-04-02T21:13:44.8028|INFO|SequenceItem.cs|Run|208|Starting Category: Ground Station, Item: Send to Pushover, Title: IMAGE: $$TARGET_NAME$$
2026-04-02T21:13:44.9592|INFO|SequenceItem.cs|Run|254|Finishing Category: Ground Station, Item: Send to Pushover, Title: IMAGE: $$TARGET_NAME$$
2026-04-02T21:13:44.9605|INFO|SequenceItem.cs|Run|254|Finishing Category: Powerups (Fun-ctions), Item: GSSend
2026-04-02T21:13:45.1820|INFO|Symbol.cs|OnMessageReceived|627|Received message from Target Scheduler re: TargetScheduler-TargetStart
2026-04-02T21:13:45.1821|INFO|Symbol.cs|OnMessageReceived|635|TS_TargetName = SH2-308 Panel 5 - NB
2026-04-02T21:13:45.1821|INFO|Symbol.cs|OnMessageReceived|636|Expires at 04/02/2026 22:41:15 -05:00
2026-04-02T21:13:45.3726|INFO|MeridianFlipTrigger.cs|ShouldTrigger|265|Meridian Flip - There is still time remaining - max remaining time 10:27:26.2085939, next instruction time 0, next instruction NINA.Plugin.TargetScheduler.Sequencer.PlanSchedulerProgress - and the telescope reports expected pier side pierEast. Automated Flip is not necessary.
2026-04-02T21:13:45.3728|INFO|SequenceItem.cs|Run|208|Starting NINA.Plugin.TargetScheduler.Sequencer.PlanSchedulerProgress
2026-04-02T21:13:45.3730|INFO|SequenceItem.cs|Run|254|Finishing NINA.Plugin.TargetScheduler.Sequencer.PlanSchedulerProgress
2026-04-02T21:13:45.3733|INFO|MeridianFlipTrigger.cs|ShouldTrigger|265|Meridian Flip - There is still time remaining - max remaining time 10:27:26.2085939, next instruction time 90, next instruction Category: , Item: Dither - and the telescope reports expected pier side pierEast. Automated Flip is not necessary.
2026-04-02T21:13:45.3733|INFO|SequenceItem.cs|Run|208|Starting Category: , Item: Dither
2026-04-02T21:13:45.3914|INFO|PHD2Client.cs|HandleGuidingDithered|309|PHD2Client: 🎯 GuidingDithered (DITHER START) - dx=-10.43, dy=10.50
2026-04-02T21:13:45.3915|INFO|DitherStatisticsVM.cs|OnPHD2GuidingDithered|752|🎯 DITHER START detected via GuidingDithered! dx=-10.43, dy=10.50
2026-04-02T21:13:45.3915|INFO|DitherStatisticsVM.cs|OnPHD2GuidingDithered|762|✅ Dither START recorded with pixel shift: (-10.43, 10.50)
2026-04-02T21:13:45.3916|INFO|PHD2Client.cs|StartDitherDataCollection|576|PHD2Client: Started dither data collection for 30 seconds (series #2)
2026-04-02T21:13:45.4862|INFO|StarfrontClient.cs|SendImageFile|249|[Rockwood] sent 2026-04-02_21-03-36_SH2-308 Panel 5 - NB_LIGHT_H_-5.00C_G100-Exp-600.00s_MAXRMS-D3.33-R1.90_M-93.00_RMS-0.69_HFR-1.94_F-0001.fits (28KB) object=SH2-308 Panel 5 - NB exptime=600s filter=H
2026-04-02T21:14:15.3978|INFO|PHD2Client.cs|OnDitherCollectionComplete|657|PHD2Client: Dither data collection complete (timer). Collected 9 points.
2026-04-02T21:14:15.4014|INFO|PHD2Client.cs|WriteDitherAnalysisFile|738|PHD2Client: Dither analysis file written with 18 data points: 20260402_205218_dither_analysis.txt
2026-04-02T21:14:15.4047|INFO|PHD2Client.cs|WritePositivePeriodsFile|932|PHD2Client: Positive periods analysis written with 6 total periods across 3 multipliers: 20260402_205218_positive_periods.txt
2026-04-02T21:14:15.4056|INFO|PHD2Client.cs|AnalyzePositivePeriods|868|PHD2Client: Positive period analysis complete. firstPeriodPerSeries counts: 1.5σ=0, 2.0σ=0, 3.0σ=0
2026-04-02T21:14:15.4060|INFO|PHD2Client.cs|CalculateRecommendation|954|PHD2Client: Calculating recommendation from 2 dither series, RMS=0.2317, StdDev=0.1399
2026-04-02T21:14:15.4073|INFO|PHD2Client.cs|EstimateMinSettleTimeFallback|1102|PHD2Client: MinSettleTime estimated using fallback (first point below threshold)
2026-04-02T21:14:15.4075|INFO|PHD2Client.cs|CalculateRecommendation|987|PHD2Client: Dither recommendation calculated - Events: 2, SettlePixel: Q=0.44 B=0.51 P=0.65, MinSettle: Q=8.0s B=8.0s P=6.0s
2026-04-02T21:14:15.4079|INFO|DitherStatisticsVM.cs|OnDitherRecommendationUpdated|500|Dither recommendation updated on UI thread - Events: 2
2026-04-02T21:14:15.4083|INFO|PHD2Client.cs|RunAnalysisAndRecommendation|638|PHD2Client: RunAnalysisAndRecommendation completed - 18 points, 2 series
2026-04-02T21:14:18.9286|INFO|PHD2Client.cs|HandleSettleDone|343|PHD2Client: SettleDone - Status=0, Success=True, TotalFrames=11, DroppedFrames=0
2026-04-02T21:14:18.9287|INFO|DitherStatisticsVM.cs|OnPHD2SettleDone|794|✅ DITHER END - Success=True, SettleTime=33.54s, TotalFrames=11, DroppedFrames=0
2026-04-02T21:14:19.8020|INFO|SequenceItem.cs|Run|254|Finishing Category: , Item: Dither
2026-04-02T21:14:19.8030|INFO|MeridianFlipTrigger.cs|ShouldTrigger|265|Meridian Flip - There is still time remaining - max remaining time 10:26:49.8659006, next instruction time 0, next instruction NINA.Plugin.TargetScheduler.Sequencer.PlanSchedulerProgress - and the telescope reports expected pier side pierEast. Automated Flip is not necessary.
2026-04-02T21:14:19.8033|INFO|SequenceItem.cs|Run|208|Starting NINA.Plugin.TargetScheduler.Sequencer.PlanSchedulerProgress
2026-04-02T21:14:19.8035|INFO|SequenceItem.cs|Run|254|Finishing NINA.Plugin.TargetScheduler.Sequencer.PlanSchedulerProgress
2026-04-02T21:14:19.8044|INFO|MeridianFlipTrigger.cs|ShouldTrigger|265|Meridian Flip - There is still time remaining - max remaining time 10:26:49.8659006, next instruction time 0, next instruction Category: Scheduler, Item: SwitchFilter, Filter: H - and the telescope reports expected pier side pierEast. Automated Flip is not necessary.
2026-04-02T21:14:19.8045|INFO|SequenceItem.cs|Run|208|Starting Category: Scheduler, Item: SwitchFilter, Filter: H
2026-04-02T21:14:19.8062|INFO|SequenceItem.cs|Run|254|Finishing Category: Scheduler, Item: SwitchFilter, Filter: H
2026-04-02T21:14:19.8070|INFO|MeridianFlipTrigger.cs|ShouldTrigger|265|Meridian Flip - There is still time remaining - max remaining time 10:26:49.8659006, next instruction time 0, next instruction NINA.Plugin.TargetScheduler.Sequencer.PlanSchedulerProgress - and the telescope reports expected pier side pierEast. Automated Flip is not necessary.
2026-04-02T21:14:19.8071|INFO|SequenceItem.cs|Run|208|Starting NINA.Plugin.TargetScheduler.Sequencer.PlanSchedulerProgress
2026-04-02T21:14:19.8072|INFO|SequenceItem.cs|Run|254|Finishing NINA.Plugin.TargetScheduler.Sequencer.PlanSchedulerProgress
2026-04-02T21:14:19.8076|INFO|MeridianFlipTrigger.cs|ShouldTrigger|265|Meridian Flip - There is still time remaining - max remaining time 10:26:49.8659006, next instruction time 0, next instruction Category: Scheduler, Item: SetReadoutMode, Mode: 0 - and the telescope reports expected pier side pierEast. Automated Flip is not necessary.
2026-04-02T21:14:19.8077|INFO|SequenceItem.cs|Run|208|Starting Category: Scheduler, Item: SetReadoutMode, Mode: 0
2026-04-02T21:14:19.8079|INFO|SequenceItem.cs|Run|254|Finishing Category: Scheduler, Item: SetReadoutMode, Mode: 0
2026-04-02T21:14:19.8085|INFO|MeridianFlipTrigger.cs|ShouldTrigger|265|Meridian Flip - There is still time remaining - max remaining time 10:26:49.8659006, next instruction time 0, next instruction NINA.Plugin.TargetScheduler.Sequencer.PlanSchedulerProgress - and the telescope reports expected pier side pierEast. Automated Flip is not necessary.
2026-04-02T21:14:19.8086|INFO|SequenceItem.cs|Run|208|Starting NINA.Plugin.TargetScheduler.Sequencer.PlanSchedulerProgress
2026-04-02T21:14:19.8098|INFO|SequenceItem.cs|Run|254|Finishing NINA.Plugin.TargetScheduler.Sequencer.PlanSchedulerProgress
2026-04-02T21:14:19.8109|INFO|MeridianFlipTrigger.cs|ShouldTrigger|265|Meridian Flip - There is still time remaining - max remaining time 10:26:49.8659006, next instruction time 600, next instruction Category: Scheduler, Item: TakeExposure, ExposureTime 600, Gain 100, Offset 50, ImageType LIGHT, Binning 1x1 - and the telescope reports expected pier side pierEast. Automated Flip is not necessary.
2026-04-02T21:14:19.8111|INFO|DIYTrigger.cs|ShouldTrigger|109|DIY Trigger Restore Guiding ShouldTrigger returning true
2026-04-02T21:14:19.8112|INFO|SequenceTrigger.cs|Run|114|Starting Category: Powerups (Misc), Item: DIYTrigger
2026-04-02T21:14:19.8171|INFO|DIYTrigger.cs|Execute|95|DIY Trigger executing...
2026-04-02T21:14:19.8175|INFO|SequenceItem.cs|Run|208|Starting Category: * Instruction Set *, Container: NINA.Sequencer.Container.SequentialContainer, Strategy: SequentialStrategy, Items[CREATED]: 1, Triggers: Trigger: RestoreGuiding
2026-04-02T21:14:19.8185|INFO|MeridianFlipTrigger.cs|ShouldTrigger|265|Meridian Flip - There is still time remaining - max remaining time 10:26:49.8659006, next instruction time 0, next instruction Category: Powerups (Expressions), Item: IfFailed - and the telescope reports expected pier side pierEast. Automated Flip is not necessary.
2026-04-02T21:14:19.8187|INFO|SequenceItem.cs|Run|208|Starting Category: Powerups (Expressions), Item: IfFailed
2026-04-02T21:14:19.8187|INFO|SequenceItem.cs|Run|208|Starting Category: Guider, Item: StartGuiding
2026-04-02T21:14:19.8241|INFO|PHD2Guider.cs|StartGuidingPrivate|504|Phd2 - App is already guiding. Skipping start guiding
2026-04-02T21:14:19.8244|INFO|SequenceItem.cs|Run|254|Finishing Category: Guider, Item: StartGuiding
2026-04-02T21:14:19.8245|INFO|SequenceItem.cs|Run|254|Finishing Category: Powerups (Expressions), Item: IfFailed
2026-04-02T21:14:19.8247|INFO|SequenceItem.cs|Run|254|Finishing Category: * Instruction Set *, Container: NINA.Sequencer.Container.SequentialContainer, Strategy: SequentialStrategy, Items[FINISHED]: 1, Triggers: Trigger: RestoreGuiding
2026-04-02T21:14:19.8276|INFO|SequenceItem.cs|Run|208|Starting Category: Scheduler, Item: TakeExposure, ExposureTime 600, Gain 100, Offset 50, ImageType LIGHT, Binning 1x1
2026-04-02T21:14:19.8329|INFO|CameraVM.cs|Capture|742|Starting Exposure - Exposure Time: 600s; Filter: ; Gain: 100; Offset 50; Binning: 1x1;
2026-04-02T21:24:21.6613|INFO|SequenceItem.cs|Run|254|Finishing Category: Scheduler, Item: TakeExposure, ExposureTime 600, Gain 100, Offset 50, ImageType LIGHT, Binning 1x1
2026-04-02T21:24:21.6618|INFO|MeridianFlipTrigger.cs|ShouldTrigger|265|Meridian Flip - There is still time remaining - max remaining time 10:16:46.9242189, next instruction time 0, next instruction NINA.Plugin.TargetScheduler.Sequencer.PlanSchedulerProgress - and the telescope reports expected pier side pierEast. Automated Flip is not necessary.
2026-04-02T21:24:21.6619|INFO|SequenceItem.cs|Run|208|Starting NINA.Plugin.TargetScheduler.Sequencer.PlanSchedulerProgress
2026-04-02T21:24:21.6619|INFO|SequenceItem.cs|Run|254|Finishing NINA.Plugin.TargetScheduler.Sequencer.PlanSchedulerProgress
2026-04-02T21:24:24.6614|INFO|HocusFocusStarDetection.cs|Detect|413|Average HFR: 1.9480992198741747, HFR MAD: 0.13311219762447357, Detected Stars 1644, Region: 0
2026-04-02T21:24:25.3527|INFO|BaseImageData.cs|SaveToDisk|346|Saved image to C:\ASTROIMAGES\NINA\2026-04-02\SH2-308 Panel 5 - NB\LIGHT\H\2026-04-02_21-14-19_SH2-308 Panel 5 - NB_LIGHT_H_-5.10C_G100-Exp-600.00s_MAXRMS-D0.82-R1.54_M-93.05_RMS-0.56_HFR-1.95_F-0002.fits
2026-04-02T21:24:25.3529|INFO|ImageSaveController.cs|DoWork|97|Successfully saved file at C:\ASTROIMAGES\NINA\2026-04-02\SH2-308 Panel 5 - NB\LIGHT\H\2026-04-02_21-14-19_SH2-308 Panel 5 - NB_LIGHT_H_-5.10C_G100-Exp-600.00s_MAXRMS-D0.82-R1.54_M-93.05_RMS-0.56_HFR-1.95_F-0002.fits. Duration Total: 00:00:03.6917037; BeforeSave: 00:00:00.0001333; BeforeFinalizeImageSaved: 00:00:03.2677817; FinalizeSaveTime: 00:00:00.4237880
2026-04-02T21:24:25.9243|WARNING|SessionMetaDataWatcher.cs|WriteAcquisitionMetaData|73|acquisition file already exists, will not overwrite: C:\ASTROIMAGES\NINA\2026-04-02\SH2-308 Panel 5 - NB\LIGHT\H\metadata\AcquisitionDetails.csv
2026-04-02T21:24:25.9244|WARNING|SessionMetaDataWatcher.cs|WriteAcquisitionMetaData|93|acquisition file already exists, will not overwrite: C:\ASTROIMAGES\NINA\2026-04-02\SH2-308 Panel 5 - NB\LIGHT\H\metadata\AcquisitionDetails.json
2026-04-02T21:24:25.9247|INFO|SessionMetaDataWatcher.cs|WriteImageMetaData|105|Writing CSV image metadata: C:\ASTROIMAGES\NINA\2026-04-02\SH2-308 Panel 5 - NB\LIGHT\H\metadata\ImageMetaData.csv
2026-04-02T21:24:25.9649|INFO|SessionMetaDataWatcher.cs|WriteImageMetaData|122|Writing JSON image metadata: C:\ASTROIMAGES\NINA\2026-04-02\SH2-308 Panel 5 - NB\LIGHT\H\metadata\ImageMetaData.json
2026-04-02T21:24:25.9671|INFO|SessionMetaDataWatcher.cs|WriteWeatherMetaData|169|Writing CSV weather metadata: C:\ASTROIMAGES\NINA\2026-04-02\SH2-308 Panel 5 - NB\LIGHT\H\metadata\WeatherData.csv
2026-04-02T21:24:26.0010|INFO|SessionMetaDataWatcher.cs|WriteWeatherMetaData|186|Writing JSON weather metadata: C:\ASTROIMAGES\NINA\2026-04-02\SH2-308 Panel 5 - NB\LIGHT\H\metadata\WeatherData.json
2026-04-02T21:24:26.2236|INFO|MeridianFlipTrigger.cs|ShouldTrigger|265|Meridian Flip - There is still time remaining - max remaining time 10:16:42.7066027, next instruction time 0, next instruction Category: Powerups (Fun-ctions), Item: GSSend - and the telescope reports expected pier side pierEast. Automated Flip is not necessary.
2026-04-02T21:24:26.2236|INFO|SequenceItem.cs|Run|208|Starting Category: Powerups (Fun-ctions), Item: GSSend
2026-04-02T21:24:26.2240|INFO|SendWithGS.cs|ProcessedScript|64|Replacing Image_ExposureTime with 600
2026-04-02T21:24:26.2241|INFO|SendWithGS.cs|ProcessedScript|64|Replacing Image_HFR with 1.948
2026-04-02T21:24:26.2243|INFO|SendWithGS.cs|ProcessedScript|64|Replacing Image_FWHM with 8.41
2026-04-02T21:24:26.2244|INFO|SendWithGS.cs|ProcessedScript|64|Replacing Altitude with 29.4941485401517
2026-04-02T21:24:26.2244|INFO|SendWithGS.cs|Execute|95|Sending to Ground Station: Exp: $$FWHEEL_FILTER_NAME$$ on $$TARGET_NAME$$ EXP: 600 HFR: 1.948 FWHM: 8.41  Altitude: 29.4941485401517 
2026-04-02T21:24:26.2260|INFO|SequenceItem.cs|Run|208|Starting Category: Ground Station, Item: Send to Telegram
2026-04-02T21:24:26.8413|INFO|SequenceItem.cs|Run|254|Finishing Category: Ground Station, Item: Send to Telegram
2026-04-02T21:24:26.8427|INFO|SequenceItem.cs|Run|254|Finishing Category: Powerups (Fun-ctions), Item: GSSend
2026-04-02T21:24:26.8432|INFO|MeridianFlipTrigger.cs|ShouldTrigger|265|Meridian Flip - There is still time remaining - max remaining time 10:16:41.0350408, next instruction time 0, next instruction Category: Powerups (Fun-ctions), Item: GSSend - and the telescope reports expected pier side pierEast. Automated Flip is not necessary.
2026-04-02T21:24:26.8433|INFO|SequenceItem.cs|Run|208|Starting Category: Powerups (Fun-ctions), Item: GSSend
2026-04-02T21:24:26.8436|INFO|SendWithGS.cs|ProcessedScript|64|Replacing Image_ExposureTime with 600
2026-04-02T21:24:26.8437|INFO|SendWithGS.cs|ProcessedScript|64|Replacing Image_HFR with 1.948
2026-04-02T21:24:26.8438|INFO|SendWithGS.cs|ProcessedScript|64|Replacing Image_FWHM with 8.41
2026-04-02T21:24:26.8439|INFO|SendWithGS.cs|ProcessedScript|64|Replacing Altitude with 29.4941485401517
2026-04-02T21:24:26.8439|INFO|SendWithGS.cs|Execute|95|Sending to Ground Station: Exp: $$FWHEEL_FILTER_NAME$$ on $$TARGET_NAME$$ EXP: 600 HFR: 1.948 FWHM: 8.41  Altitude: 29.4941485401517 
2026-04-02T21:24:26.8452|INFO|SequenceItem.cs|Run|208|Starting Category: Ground Station, Item: Send to Pushover, Title: IMAGE: $$TARGET_NAME$$
2026-04-02T21:24:27.0130|INFO|SequenceItem.cs|Run|254|Finishing Category: Ground Station, Item: Send to Pushover, Title: IMAGE: $$TARGET_NAME$$
2026-04-02T21:24:27.0143|INFO|SequenceItem.cs|Run|254|Finishing Category: Powerups (Fun-ctions), Item: GSSend
2026-04-02T21:24:27.2244|INFO|Symbol.cs|OnMessageReceived|627|Received message from Target Scheduler re: TargetScheduler-NewTargetStart
2026-04-02T21:24:27.2244|INFO|Symbol.cs|OnMessageReceived|635|TS_TargetName = SH2-308 Panel 6 - NB
2026-04-02T21:24:27.2244|INFO|Symbol.cs|OnMessageReceived|636|Expires at 04/02/2026 22:48:45 -05:00
2026-04-02T21:24:27.2306|INFO|Symbol.cs|OnMessageReceived|627|Received message from Target Scheduler re: TargetScheduler-TargetStart
2026-04-02T21:24:27.2306|INFO|Symbol.cs|OnMessageReceived|635|TS_TargetName = SH2-308 Panel 6 - NB
2026-04-02T21:24:27.2307|INFO|Symbol.cs|OnMessageReceived|636|Expires at 04/02/2026 22:48:45 -05:00
2026-04-02T21:24:27.2311|INFO|MeridianFlipTrigger.cs|ShouldTrigger|265|Meridian Flip - There is still time remaining - max remaining time 10:16:41.0350408, next instruction time 0, next instruction NINA.Plugin.TargetScheduler.Sequencer.PlanSchedulerProgress - and the telescope reports expected pier side pierEast. Automated Flip is not necessary.
2026-04-02T21:24:27.2312|INFO|SequenceItem.cs|Run|208|Starting NINA.Plugin.TargetScheduler.Sequencer.PlanSchedulerProgress
2026-04-02T21:24:27.3070|INFO|SequenceItem.cs|Run|254|Finishing NINA.Plugin.TargetScheduler.Sequencer.PlanSchedulerProgress
2026-04-02T21:24:27.3201|INFO|MeridianFlipTrigger.cs|ShouldTrigger|265|Meridian Flip - There is still time remaining - max remaining time 10:16:41.0350408, next instruction time 0, next instruction Category: Scheduler, Item: Center, Coordinates RA: 06:51:18; Dec: -22° 31' 13"; Epoch: J2000 - and the telescope reports expected pier side pierEast. Automated Flip is not necessary.
2026-04-02T21:24:27.3202|INFO|SequenceItem.cs|Run|208|Starting Category: Scheduler, Item: Center, Coordinates RA: 06:51:18; Dec: -22° 31' 13"; Epoch: J2000
2026-04-02T21:24:27.9153|INFO|StarfrontClient.cs|SendImageFile|249|[Rockwood] sent 2026-04-02_21-14-19_SH2-308 Panel 5 - NB_LIGHT_H_-5.10C_G100-Exp-600.00s_MAXRMS-D0.82-R1.54_M-93.05_RMS-0.56_HFR-1.95_F-0002.fits (29KB) object=SH2-308 Panel 5 - NB exptime=600s filter=H
2026-04-02T21:24:28.4950|INFO|PHD2Client.cs|ProcessEvent|268|PHD2: ConfigurationChange
2026-04-02T21:24:28.5202|WARNING|PHD2Client.cs|ProcessEvent|252|PHD2: LockPositionLost
2026-04-02T21:24:28.6166|INFO|PHD2Client.cs|QueryExposureTime|1216|PHD2Client: Exposure time from PHD2 API: 2.000 seconds (2000 ms)
2026-04-02T21:24:28.6202|INFO|TelescopeVM.cs|SlewAsyncInternal|910|Slewing from RA: 06:52:22; Dec: -24° 00' 13"; Epoch: JNOW to RA: 06:52:25; Dec: -22° 33' 18"; Epoch: JNOW - Alt: 30° 48' 30"; Az: 207° 06' 37"
2026-04-02T21:24:37.8967|INFO|FilterWheelVM.cs|ChangeFilter|112|Moving to Filter L at Position 0
2026-04-02T21:24:38.1010|INFO|FocuserVM.cs|MoveFocuserInternal|216|Moving Focuser to position 387309
2026-04-02T21:24:47.3362|INFO|CameraVM.cs|Capture|742|Starting Exposure - Exposure Time: 2s; Filter: L; Gain: 275; Offset 50; Binning: 1x1;
2026-04-02T21:24:51.6831|INFO|ImageSolver.cs|Solve|41|Platesolving with parameters: FocalLength: 360 PixelSize: 3.76 SearchRadius: 30 BlindFailoverEnabled: True Regions: 5000 DownSampleFactor: 0 MaxObjects: 500 Reference Coordinates RA: 06:51:18 Dec: -22° 31' 13" Epoch: J2000
2026-04-02T21:24:52.0488|INFO|BaseImageData.cs|SaveToDisk|346|Saved image to C:\Users\nicka\AppData\Local\NINA\PlateSolver\ar2qmxuf.mt0.fits
2026-04-02T21:24:52.9960|INFO|ImageSolver.cs|Solve|54|Platesolve successful: Coordinates: RA: 06:51:13; Dec: -22° 31' 39"; Epoch: J2000 - Position Angle: 275.4597570612747
2026-04-02T21:24:52.9971|INFO|CenteringSolver.cs|Center|99|Centering Solver - Scope Position: RA: 06:52:25; Dec: -22° 33' 18"; Epoch: JNOW; Offset: RA: 00:00:00; Dec: 00° 00' 00"; Distance: 00° 00' 00"; Bearing: 00° 00' 00"; Centering Coordinates: RA: 06:52:25; Dec: -22° 33' 18"; Epoch: JNOW; Solved: RA: 06:52:20; Dec: -22° 33' 44"; Epoch: JNOW; Separation RA: 00:00:05; Dec: 00° 00' 26"; Distance: 00° 01' 13"; Bearing: 110° 42' 07"; Threshold: 2
2026-04-02T21:24:52.9972|INFO|CenteringSolver.cs|Center|165|Restoring filter to H after centering
2026-04-02T21:24:52.9980|INFO|FilterWheelVM.cs|ChangeFilter|112|Moving to Filter H at Position 5
2026-04-02T21:24:53.2016|INFO|FocuserVM.cs|MoveFocuserInternal|216|Moving Focuser to position 387331
2026-04-02T21:24:57.3855|INFO|PHD2Guider.cs|TryStartGuideCommand|641|Phd2 - Requesting to start guiding. Recalibrate: False
2026-04-02T21:25:04.6095|INFO|PHD2Client.cs|ProcessEvent|261|PHD2: StartGuiding
2026-04-02T21:25:04.6096|INFO|PHD2Client.cs|StartNewGuidingSession|393|PHD2Client: New guiding session started
2026-04-02T21:25:04.6194|INFO|PHD2Client.cs|QueryExposureTime|1216|PHD2Client: Exposure time from PHD2 API: 2.000 seconds (2000 ms)
2026-04-02T21:25:27.2207|INFO|PHD2Client.cs|HandleSettleDone|343|PHD2Client: SettleDone - Status=0, Success=True, TotalFrames=10, DroppedFrames=0
2026-04-02T21:25:27.2208|WARNING|DitherStatisticsVM.cs|OnPHD2SettleDone|772|⚠️ SettleDone received but no currentDither exists (race condition?)
2026-04-02T21:25:27.7736|INFO|SequenceItem.cs|Run|254|Finishing Category: Scheduler, Item: Center, Coordinates RA: 06:51:18; Dec: -22° 31' 13"; Epoch: J2000
2026-04-02T21:25:27.7740|INFO|MeridianFlipTrigger.cs|ShouldTrigger|265|Meridian Flip - There is still time remaining - max remaining time 10:15:43.7173712, next instruction time 0, next instruction NINA.Plugin.TargetScheduler.Sequencer.PlanSchedulerProgress - and the telescope reports expected pier side pierEast. Automated Flip is not necessary.
2026-04-02T21:25:27.7741|INFO|SequenceItem.cs|Run|208|Starting NINA.Plugin.TargetScheduler.Sequencer.PlanSchedulerProgress
2026-04-02T21:25:27.8223|INFO|SequenceItem.cs|Run|254|Finishing NINA.Plugin.TargetScheduler.Sequencer.PlanSchedulerProgress
2026-04-02T21:25:27.8229|INFO|MeridianFlipTrigger.cs|ShouldTrigger|265|Meridian Flip - There is still time remaining - max remaining time 10:15:43.7173712, next instruction time 0, next instruction Category: , Container: NINA.Plugin.TargetScheduler.Sequencer.InstructionContainer, Strategy: InstructionContainerStrategy, Items[CREATED]: 2 - and the telescope reports expected pier side pierEast. Automated Flip is not necessary.
2026-04-02T21:25:27.8232|INFO|SequenceItem.cs|Run|208|Starting Category: , Container: NINA.Plugin.TargetScheduler.Sequencer.InstructionContainer, Strategy: InstructionContainerStrategy, Items[CREATED]: 2
2026-04-02T21:25:27.8236|INFO|MeridianFlipTrigger.cs|ShouldTrigger|265|Meridian Flip - There is still time remaining - max remaining time 10:15:43.7173712, next instruction time 0, next instruction Category: Powerups (Expressions), Item: IfConstant, Expr: Expression: TargetName == "DarkTower2026" in If, References: 1, Value: 0 - and the telescope reports expected pier side pierEast. Automated Flip is not necessary.
2026-04-02T21:25:27.8237|INFO|SequenceItem.cs|Run|208|Starting Category: Powerups (Expressions), Item: IfConstant, Expr: Expression: TargetName == "DarkTower2026" in If, References: 1, Value: 0
2026-04-02T21:25:27.8238|INFO|If.cs|Execute|57|Predicate: TargetName == "DarkTower2026"
2026-04-02T21:25:27.8256|INFO|If.cs|Execute|84|Predicate is false, Expression: TargetName == "DarkTower2026" in If, References: 1, Value: 0
2026-04-02T21:25:27.8257|INFO|SequenceItem.cs|Run|254|Finishing Category: Powerups (Expressions), Item: IfConstant, Expr: Expression: TargetName == "DarkTower2026" in If, References: 1, Value: 0
2026-04-02T21:25:27.8260|INFO|MeridianFlipTrigger.cs|ShouldTrigger|265|Meridian Flip - There is still time remaining - max remaining time 10:15:43.7173712, next instruction time 0, next instruction Category: Ground Station, Item: Send to Telegram - and the telescope reports expected pier side pierEast. Automated Flip is not necessary.
2026-04-02T21:25:27.8260|INFO|SequenceItem.cs|Run|208|Starting Category: Ground Station, Item: Send to Telegram
2026-04-02T21:25:28.4256|INFO|SequenceItem.cs|Run|254|Finishing Category: Ground Station, Item: Send to Telegram
2026-04-02T21:25:28.4261|INFO|SequenceItem.cs|Run|254|Finishing Category: , Container: NINA.Plugin.TargetScheduler.Sequencer.InstructionContainer, Strategy: InstructionContainerStrategy, Items[FINISHED]: 2
2026-04-02T21:25:28.4264|INFO|MeridianFlipTrigger.cs|ShouldTrigger|265|Meridian Flip - There is still time remaining - max remaining time 10:15:43.7173712, next instruction time 0, next instruction NINA.Plugin.TargetScheduler.Sequencer.PlanSchedulerProgress - and the telescope reports expected pier side pierEast. Automated Flip is not necessary.
2026-04-02T21:25:28.4265|INFO|SequenceItem.cs|Run|208|Starting NINA.Plugin.TargetScheduler.Sequencer.PlanSchedulerProgress
2026-04-02T21:25:28.4267|INFO|SequenceItem.cs|Run|254|Finishing NINA.Plugin.TargetScheduler.Sequencer.PlanSchedulerProgress
2026-04-02T21:25:28.4269|INFO|MeridianFlipTrigger.cs|ShouldTrigger|265|Meridian Flip - There is still time remaining - max remaining time 10:15:43.7173712, next instruction time 0, next instruction Category: Scheduler, Item: SwitchFilter, Filter: H - and the telescope reports expected pier side pierEast. Automated Flip is not necessary.
2026-04-02T21:25:28.4269|INFO|SequenceItem.cs|Run|208|Starting Category: Scheduler, Item: SwitchFilter, Filter: H
2026-04-02T21:25:28.4279|INFO|SequenceItem.cs|Run|254|Finishing Category: Scheduler, Item: SwitchFilter, Filter: H
2026-04-02T21:25:28.4283|INFO|MeridianFlipTrigger.cs|ShouldTrigger|265|Meridian Flip - There is still time remaining - max remaining time 10:15:43.7173712, next instruction time 0, next instruction NINA.Plugin.TargetScheduler.Sequencer.PlanSchedulerProgress - and the telescope reports expected pier side pierEast. Automated Flip is not necessary.
2026-04-02T21:25:28.4284|INFO|SequenceItem.cs|Run|208|Starting NINA.Plugin.TargetScheduler.Sequencer.PlanSchedulerProgress
2026-04-02T21:25:28.4284|INFO|SequenceItem.cs|Run|254|Finishing NINA.Plugin.TargetScheduler.Sequencer.PlanSchedulerProgress
2026-04-02T21:25:28.4286|INFO|MeridianFlipTrigger.cs|ShouldTrigger|265|Meridian Flip - There is still time remaining - max remaining time 10:15:43.7173712, next instruction time 0, next instruction Category: Scheduler, Item: SetReadoutMode, Mode: 0 - and the telescope reports expected pier side pierEast. Automated Flip is not necessary.
2026-04-02T21:25:28.4286|INFO|SequenceItem.cs|Run|208|Starting Category: Scheduler, Item: SetReadoutMode, Mode: 0
2026-04-02T21:25:28.4287|INFO|SequenceItem.cs|Run|254|Finishing Category: Scheduler, Item: SetReadoutMode, Mode: 0
2026-04-02T21:25:28.4289|INFO|MeridianFlipTrigger.cs|ShouldTrigger|265|Meridian Flip - There is still time remaining - max remaining time 10:15:43.7173712, next instruction time 0, next instruction NINA.Plugin.TargetScheduler.Sequencer.PlanSchedulerProgress - and the telescope reports expected pier side pierEast. Automated Flip is not necessary.
2026-04-02T21:25:28.4289|INFO|SequenceItem.cs|Run|208|Starting NINA.Plugin.TargetScheduler.Sequencer.PlanSchedulerProgress
2026-04-02T21:25:28.4291|INFO|SequenceItem.cs|Run|254|Finishing NINA.Plugin.TargetScheduler.Sequencer.PlanSchedulerProgress
2026-04-02T21:25:28.4322|INFO|MeridianFlipTrigger.cs|ShouldTrigger|265|Meridian Flip - There is still time remaining - max remaining time 10:15:43.7173712, next instruction time 600, next instruction Category: Scheduler, Item: TakeExposure, ExposureTime 600, Gain 100, Offset 50, ImageType LIGHT, Binning 1x1 - and the telescope reports expected pier side pierEast. Automated Flip is not necessary.
2026-04-02T21:25:28.4323|INFO|DIYTrigger.cs|ShouldTrigger|109|DIY Trigger Restore Guiding ShouldTrigger returning true
2026-04-02T21:25:28.4324|INFO|SequenceTrigger.cs|Run|114|Starting Category: Powerups (Misc), Item: DIYTrigger
2026-04-02T21:25:28.4341|INFO|DIYTrigger.cs|Execute|95|DIY Trigger executing...
2026-04-02T21:25:28.4342|INFO|SequenceItem.cs|Run|208|Starting Category: * Instruction Set *, Container: NINA.Sequencer.Container.SequentialContainer, Strategy: SequentialStrategy, Items[CREATED]: 1, Triggers: Trigger: RestoreGuiding
2026-04-02T21:25:28.4346|INFO|MeridianFlipTrigger.cs|ShouldTrigger|265|Meridian Flip - There is still time remaining - max remaining time 10:15:43.7173712, next instruction time 0, next instruction Category: Powerups (Expressions), Item: IfFailed - and the telescope reports expected pier side pierEast. Automated Flip is not necessary.
2026-04-02T21:25:28.4346|INFO|SequenceItem.cs|Run|208|Starting Category: Powerups (Expressions), Item: IfFailed
2026-04-02T21:25:28.4347|INFO|SequenceItem.cs|Run|208|Starting Category: Guider, Item: StartGuiding
2026-04-02T21:25:28.4377|INFO|PHD2Guider.cs|StartGuidingPrivate|504|Phd2 - App is already guiding. Skipping start guiding
2026-04-02T21:25:28.4384|INFO|SequenceItem.cs|Run|254|Finishing Category: Guider, Item: StartGuiding
2026-04-02T21:25:28.4385|INFO|SequenceItem.cs|Run|254|Finishing Category: Powerups (Expressions), Item: IfFailed
2026-04-02T21:25:28.4387|INFO|SequenceItem.cs|Run|254|Finishing Category: * Instruction Set *, Container: NINA.Sequencer.Container.SequentialContainer, Strategy: SequentialStrategy, Items[FINISHED]: 1, Triggers: Trigger: RestoreGuiding
2026-04-02T21:25:28.4412|INFO|SequenceItem.cs|Run|208|Starting Category: Scheduler, Item: TakeExposure, ExposureTime 600, Gain 100, Offset 50, ImageType LIGHT, Binning 1x1
2026-04-02T21:25:28.4460|INFO|CameraVM.cs|Capture|742|Starting Exposure - Exposure Time: 600s; Filter: ; Gain: 100; Offset 50; Binning: 1x1;
2026-04-02T21:35:30.2877|INFO|SequenceItem.cs|Run|254|Finishing Category: Scheduler, Item: TakeExposure, ExposureTime 600, Gain 100, Offset 50, ImageType LIGHT, Binning 1x1
2026-04-02T21:35:30.2890|INFO|MeridianFlipTrigger.cs|ShouldTrigger|265|Meridian Flip - There is still time remaining - max remaining time 10:05:40.5977495, next instruction time 0, next instruction NINA.Plugin.TargetScheduler.Sequencer.PlanSchedulerProgress - and the telescope reports expected pier side pierEast. Automated Flip is not necessary.
2026-04-02T21:35:30.2892|INFO|SequenceItem.cs|Run|208|Starting NINA.Plugin.TargetScheduler.Sequencer.PlanSchedulerProgress
2026-04-02T21:35:30.2892|INFO|SequenceItem.cs|Run|254|Finishing NINA.Plugin.TargetScheduler.Sequencer.PlanSchedulerProgress
2026-04-02T21:35:32.4948|INFO|HocusFocusStarDetection.cs|Detect|413|Average HFR: 1.782412347576794, HFR MAD: 0.12368828462424597, Detected Stars 1096, Region: 0
2026-04-02T21:35:33.1525|INFO|BaseImageData.cs|SaveToDisk|346|Saved image to C:\ASTROIMAGES\NINA\2026-04-02\SH2-308 Panel 6 - NB\LIGHT\H\2026-04-02_21-25-28_SH2-308 Panel 6 - NB_LIGHT_H_-5.00C_G100-Exp-600.00s_MAXRMS-D0.86-R1.81_M-93.51_RMS-0.47_HFR-1.78_F-0003.fits
2026-04-02T21:35:33.1526|INFO|ImageSaveController.cs|DoWork|97|Successfully saved file at C:\ASTROIMAGES\NINA\2026-04-02\SH2-308 Panel 6 - NB\LIGHT\H\2026-04-02_21-25-28_SH2-308 Panel 6 - NB_LIGHT_H_-5.00C_G100-Exp-600.00s_MAXRMS-D0.86-R1.81_M-93.51_RMS-0.47_HFR-1.78_F-0003.fits. Duration Total: 00:00:02.8648944; BeforeSave: 00:00:00.0006902; BeforeFinalizeImageSaved: 00:00:02.4778040; FinalizeSaveTime: 00:00:00.3863995
2026-04-02T21:35:33.7355|INFO|SessionMetaDataWatcher.cs|WriteAcquisitionMetaData|63|Writing CSV acquisition summary: C:\ASTROIMAGES\NINA\2026-04-02\SH2-308 Panel 6 - NB\LIGHT\H\metadata\AcquisitionDetails.csv
2026-04-02T21:35:33.8282|INFO|SessionMetaDataWatcher.cs|WriteAcquisitionMetaData|82|Writing JSON acquisition summary: C:\ASTROIMAGES\NINA\2026-04-02\SH2-308 Panel 6 - NB\LIGHT\H\metadata\AcquisitionDetails.json
2026-04-02T21:35:33.8295|INFO|SessionMetaDataWatcher.cs|WriteImageMetaData|105|Writing CSV image metadata: C:\ASTROIMAGES\NINA\2026-04-02\SH2-308 Panel 6 - NB\LIGHT\H\metadata\ImageMetaData.csv
2026-04-02T21:35:33.8697|INFO|SessionMetaDataWatcher.cs|WriteImageMetaData|122|Writing JSON image metadata: C:\ASTROIMAGES\NINA\2026-04-02\SH2-308 Panel 6 - NB\LIGHT\H\metadata\ImageMetaData.json
2026-04-02T21:35:33.8713|INFO|SessionMetaDataWatcher.cs|WriteWeatherMetaData|169|Writing CSV weather metadata: C:\ASTROIMAGES\NINA\2026-04-02\SH2-308 Panel 6 - NB\LIGHT\H\metadata\WeatherData.csv
2026-04-02T21:35:33.8996|INFO|SessionMetaDataWatcher.cs|WriteWeatherMetaData|186|Writing JSON weather metadata: C:\ASTROIMAGES\NINA\2026-04-02\SH2-308 Panel 6 - NB\LIGHT\H\metadata\WeatherData.json
2026-04-02T21:35:34.5152|INFO|MeridianFlipTrigger.cs|ShouldTrigger|265|Meridian Flip - There is still time remaining - max remaining time 10:05:36.4196503, next instruction time 0, next instruction Category: Powerups (Fun-ctions), Item: GSSend - and the telescope reports expected pier side pierEast. Automated Flip is not necessary.
2026-04-02T21:35:34.5153|INFO|SequenceItem.cs|Run|208|Starting Category: Powerups (Fun-ctions), Item: GSSend
2026-04-02T21:35:34.5156|INFO|SendWithGS.cs|ProcessedScript|64|Replacing Image_ExposureTime with 600
2026-04-02T21:35:34.5158|INFO|SendWithGS.cs|ProcessedScript|64|Replacing Image_HFR with 1.782
2026-04-02T21:35:34.5159|INFO|SendWithGS.cs|ProcessedScript|64|Replacing Image_FWHM with 6.59
2026-04-02T21:35:34.5160|INFO|SendWithGS.cs|ProcessedScript|64|Replacing Altitude with 29.68840097931163
2026-04-02T21:35:34.5160|INFO|SendWithGS.cs|Execute|95|Sending to Ground Station: Exp: $$FWHEEL_FILTER_NAME$$ on $$TARGET_NAME$$ EXP: 600 HFR: 1.782 FWHM: 6.59  Altitude: 29.68840097931163 
2026-04-02T21:35:34.5172|INFO|SequenceItem.cs|Run|208|Starting Category: Ground Station, Item: Send to Telegram
2026-04-02T21:35:35.1905|INFO|SequenceItem.cs|Run|254|Finishing Category: Ground Station, Item: Send to Telegram
2026-04-02T21:35:35.1918|INFO|SequenceItem.cs|Run|254|Finishing Category: Powerups (Fun-ctions), Item: GSSend
2026-04-02T21:35:35.1922|INFO|MeridianFlipTrigger.cs|ShouldTrigger|265|Meridian Flip - There is still time remaining - max remaining time 10:05:34.4908752, next instruction time 0, next instruction Category: Powerups (Fun-ctions), Item: GSSend - and the telescope reports expected pier side pierEast. Automated Flip is not necessary.
2026-04-02T21:35:35.1923|INFO|SequenceItem.cs|Run|208|Starting Category: Powerups (Fun-ctions), Item: GSSend
2026-04-02T21:35:35.1926|INFO|SendWithGS.cs|ProcessedScript|64|Replacing Image_ExposureTime with 600
2026-04-02T21:35:35.1927|INFO|SendWithGS.cs|ProcessedScript|64|Replacing Image_HFR with 1.782
2026-04-02T21:35:35.1928|INFO|SendWithGS.cs|ProcessedScript|64|Replacing Image_FWHM with 6.59
2026-04-02T21:35:35.1929|INFO|SendWithGS.cs|ProcessedScript|64|Replacing Altitude with 29.68840097931163
2026-04-02T21:35:35.1929|INFO|SendWithGS.cs|Execute|95|Sending to Ground Station: Exp: $$FWHEEL_FILTER_NAME$$ on $$TARGET_NAME$$ EXP: 600 HFR: 1.782 FWHM: 6.59  Altitude: 29.68840097931163 
2026-04-02T21:35:35.1940|INFO|SequenceItem.cs|Run|208|Starting Category: Ground Station, Item: Send to Pushover, Title: IMAGE: $$TARGET_NAME$$
2026-04-02T21:35:35.3436|INFO|SequenceItem.cs|Run|254|Finishing Category: Ground Station, Item: Send to Pushover, Title: IMAGE: $$TARGET_NAME$$
2026-04-02T21:35:35.3450|INFO|SequenceItem.cs|Run|254|Finishing Category: Powerups (Fun-ctions), Item: GSSend
2026-04-02T21:35:35.5579|INFO|Symbol.cs|OnMessageReceived|627|Received message from Target Scheduler re: TargetScheduler-TargetStart
2026-04-02T21:35:35.5579|INFO|Symbol.cs|OnMessageReceived|635|TS_TargetName = SH2-308 Panel 6 - NB
2026-04-02T21:35:35.5580|INFO|Symbol.cs|OnMessageReceived|636|Expires at 04/02/2026 22:48:45 -05:00
2026-04-02T21:35:35.5583|INFO|MeridianFlipTrigger.cs|ShouldTrigger|265|Meridian Flip - There is still time remaining - max remaining time 10:05:34.4908752, next instruction time 0, next instruction NINA.Plugin.TargetScheduler.Sequencer.PlanSchedulerProgress - and the telescope reports expected pier side pierEast. Automated Flip is not necessary.
2026-04-02T21:35:35.5584|INFO|SequenceItem.cs|Run|208|Starting NINA.Plugin.TargetScheduler.Sequencer.PlanSchedulerProgress
2026-04-02T21:35:35.5726|INFO|SequenceItem.cs|Run|254|Finishing NINA.Plugin.TargetScheduler.Sequencer.PlanSchedulerProgress
2026-04-02T21:35:35.6023|INFO|MeridianFlipTrigger.cs|ShouldTrigger|265|Meridian Flip - There is still time remaining - max remaining time 10:05:34.4908752, next instruction time 90, next instruction Category: , Item: Dither - and the telescope reports expected pier side pierEast. Automated Flip is not necessary.
2026-04-02T21:35:35.6024|INFO|SequenceItem.cs|Run|208|Starting Category: , Item: Dither
2026-04-02T21:35:35.6167|INFO|PHD2Client.cs|HandleGuidingDithered|309|PHD2Client: 🎯 GuidingDithered (DITHER START) - dx=2.89, dy=-0.68
2026-04-02T21:35:35.6169|INFO|DitherStatisticsVM.cs|OnPHD2GuidingDithered|752|🎯 DITHER START detected via GuidingDithered! dx=2.89, dy=-0.68
2026-04-02T21:35:35.6169|INFO|DitherStatisticsVM.cs|OnPHD2GuidingDithered|762|✅ Dither START recorded with pixel shift: (2.89, -0.68)
2026-04-02T21:35:35.6170|INFO|PHD2Client.cs|StartDitherDataCollection|576|PHD2Client: Started dither data collection for 30 seconds (series #3)
2026-04-02T21:35:35.7359|INFO|StarfrontClient.cs|SendImageFile|249|[Rockwood] sent 2026-04-02_21-25-28_SH2-308 Panel 6 - NB_LIGHT_H_-5.00C_G100-Exp-600.00s_MAXRMS-D0.86-R1.81_M-93.51_RMS-0.47_HFR-1.78_F-0003.fits (30KB) object=SH2-308 Panel 6 - NB exptime=600s filter=H
2026-04-02T21:36:05.6172|INFO|PHD2Client.cs|OnDitherCollectionComplete|657|PHD2Client: Dither data collection complete (timer). Collected 12 points.
2026-04-02T21:36:05.6210|INFO|PHD2Client.cs|WriteDitherAnalysisFile|738|PHD2Client: Dither analysis file written with 30 data points: 20260402_212504_dither_analysis.txt
2026-04-02T21:36:05.6287|INFO|PHD2Client.cs|WritePositivePeriodsFile|932|PHD2Client: Positive periods analysis written with 9 total periods across 3 multipliers: 20260402_212504_positive_periods.txt
2026-04-02T21:36:05.6289|INFO|PHD2Client.cs|AnalyzePositivePeriods|868|PHD2Client: Positive period analysis complete. firstPeriodPerSeries counts: 1.5σ=2, 2.0σ=2, 3.0σ=1
2026-04-02T21:36:05.6296|INFO|PHD2Client.cs|CalculateRecommendation|954|PHD2Client: Calculating recommendation from 3 dither series, RMS=0.1488, StdDev=0.0814
2026-04-02T21:36:05.6298|INFO|PHD2Client.cs|CalculateRecommendation|987|PHD2Client: Dither recommendation calculated - Events: 3, SettlePixel: Q=0.27 B=0.31 P=0.39, MinSettle: Q=6.0s B=6.0s P=6.0s
2026-04-02T21:36:05.6302|INFO|DitherStatisticsVM.cs|OnDitherRecommendationUpdated|500|Dither recommendation updated on UI thread - Events: 3
2026-04-02T21:36:05.6303|INFO|PHD2Client.cs|RunAnalysisAndRecommendation|638|PHD2Client: RunAnalysisAndRecommendation completed - 30 points, 3 series
2026-04-02T21:36:11.6388|INFO|PHD2Client.cs|HandleSettleDone|343|PHD2Client: SettleDone - Status=0, Success=True, TotalFrames=15, DroppedFrames=0
2026-04-02T21:36:11.6389|INFO|DitherStatisticsVM.cs|OnPHD2SettleDone|794|✅ DITHER END - Success=True, SettleTime=36.02s, TotalFrames=15, DroppedFrames=0
2026-04-02T21:36:11.9933|INFO|SequenceItem.cs|Run|254|Finishing Category: , Item: Dither
2026-04-02T21:36:11.9938|INFO|MeridianFlipTrigger.cs|ShouldTrigger|265|Meridian Flip - There is still time remaining - max remaining time 10:04:59.4096157, next instruction time 0, next instruction NINA.Plugin.TargetScheduler.Sequencer.PlanSchedulerProgress - and the telescope reports expected pier side pierEast. Automated Flip is not necessary.
2026-04-02T21:36:11.9939|INFO|SequenceItem.cs|Run|208|Starting NINA.Plugin.TargetScheduler.Sequencer.PlanSchedulerProgress
2026-04-02T21:36:11.9939|INFO|SequenceItem.cs|Run|254|Finishing NINA.Plugin.TargetScheduler.Sequencer.PlanSchedulerProgress
2026-04-02T21:36:11.9940|INFO|MeridianFlipTrigger.cs|ShouldTrigger|265|Meridian Flip - There is still time remaining - max remaining time 10:04:59.4096157, next instruction time 0, next instruction Category: Scheduler, Item: SwitchFilter, Filter: H - and the telescope reports expected pier side pierEast. Automated Flip is not necessary.
2026-04-02T21:36:11.9941|INFO|SequenceItem.cs|Run|208|Starting Category: Scheduler, Item: SwitchFilter, Filter: H
2026-04-02T21:36:11.9951|INFO|SequenceItem.cs|Run|254|Finishing Category: Scheduler, Item: SwitchFilter, Filter: H
2026-04-02T21:36:11.9954|INFO|MeridianFlipTrigger.cs|ShouldTrigger|265|Meridian Flip - There is still time remaining - max remaining time 10:04:59.4096157, next instruction time 0, next instruction NINA.Plugin.TargetScheduler.Sequencer.PlanSchedulerProgress - and the telescope reports expected pier side pierEast. Automated Flip is not necessary.
2026-04-02T21:36:11.9955|INFO|SequenceItem.cs|Run|208|Starting NINA.Plugin.TargetScheduler.Sequencer.PlanSchedulerProgress
2026-04-02T21:36:11.9955|INFO|SequenceItem.cs|Run|254|Finishing NINA.Plugin.TargetScheduler.Sequencer.PlanSchedulerProgress
2026-04-02T21:36:11.9956|INFO|MeridianFlipTrigger.cs|ShouldTrigger|265|Meridian Flip - There is still time remaining - max remaining time 10:04:59.4096157, next instruction time 0, next instruction Category: Scheduler, Item: SetReadoutMode, Mode: 0 - and the telescope reports expected pier side pierEast. Automated Flip is not necessary.
2026-04-02T21:36:11.9957|INFO|SequenceItem.cs|Run|208|Starting Category: Scheduler, Item: SetReadoutMode, Mode: 0
2026-04-02T21:36:11.9958|INFO|SequenceItem.cs|Run|254|Finishing Category: Scheduler, Item: SetReadoutMode, Mode: 0
2026-04-02T21:36:11.9959|INFO|MeridianFlipTrigger.cs|ShouldTrigger|265|Meridian Flip - There is still time remaining - max remaining time 10:04:59.4096157, next instruction time 0, next instruction NINA.Plugin.TargetScheduler.Sequencer.PlanSchedulerProgress - and the telescope reports expected pier side pierEast. Automated Flip is not necessary.
2026-04-02T21:36:11.9959|INFO|SequenceItem.cs|Run|208|Starting NINA.Plugin.TargetScheduler.Sequencer.PlanSchedulerProgress
2026-04-02T21:36:11.9970|INFO|SequenceItem.cs|Run|254|Finishing NINA.Plugin.TargetScheduler.Sequencer.PlanSchedulerProgress
2026-04-02T21:36:11.9976|INFO|MeridianFlipTrigger.cs|ShouldTrigger|265|Meridian Flip - There is still time remaining - max remaining time 10:04:59.4096157, next instruction time 600, next instruction Category: Scheduler, Item: TakeExposure, ExposureTime 600, Gain 100, Offset 50, ImageType LIGHT, Binning 1x1 - and the telescope reports expected pier side pierEast. Automated Flip is not necessary.
2026-04-02T21:36:11.9976|INFO|DIYTrigger.cs|ShouldTrigger|109|DIY Trigger Restore Guiding ShouldTrigger returning true
2026-04-02T21:36:11.9977|INFO|SequenceTrigger.cs|Run|114|Starting Category: Powerups (Misc), Item: DIYTrigger
2026-04-02T21:36:11.9997|INFO|DIYTrigger.cs|Execute|95|DIY Trigger executing...
2026-04-02T21:36:11.9999|INFO|SequenceItem.cs|Run|208|Starting Category: * Instruction Set *, Container: NINA.Sequencer.Container.SequentialContainer, Strategy: SequentialStrategy, Items[CREATED]: 1, Triggers: Trigger: RestoreGuiding
2026-04-02T21:36:12.0003|INFO|MeridianFlipTrigger.cs|ShouldTrigger|265|Meridian Flip - There is still time remaining - max remaining time 10:04:59.4096157, next instruction time 0, next instruction Category: Powerups (Expressions), Item: IfFailed - and the telescope reports expected pier side pierEast. Automated Flip is not necessary.
2026-04-02T21:36:12.0003|INFO|SequenceItem.cs|Run|208|Starting Category: Powerups (Expressions), Item: IfFailed
2026-04-02T21:36:12.0004|INFO|SequenceItem.cs|Run|208|Starting Category: Guider, Item: StartGuiding
2026-04-02T21:36:12.0032|INFO|PHD2Guider.cs|StartGuidingPrivate|504|Phd2 - App is already guiding. Skipping start guiding
2026-04-02T21:36:12.0034|INFO|SequenceItem.cs|Run|254|Finishing Category: Guider, Item: StartGuiding
2026-04-02T21:36:12.0035|INFO|SequenceItem.cs|Run|254|Finishing Category: Powerups (Expressions), Item: IfFailed
2026-04-02T21:36:12.0037|INFO|SequenceItem.cs|Run|254|Finishing Category: * Instruction Set *, Container: NINA.Sequencer.Container.SequentialContainer, Strategy: SequentialStrategy, Items[FINISHED]: 1, Triggers: Trigger: RestoreGuiding
2026-04-02T21:36:12.0064|INFO|SequenceItem.cs|Run|208|Starting Category: Scheduler, Item: TakeExposure, ExposureTime 600, Gain 100, Offset 50, ImageType LIGHT, Binning 1x1
2026-04-02T21:36:12.0129|INFO|CameraVM.cs|Capture|742|Starting Exposure - Exposure Time: 600s; Filter: ; Gain: 100; Offset 50; Binning: 1x1;
2026-04-02T21:46:13.9102|INFO|SequenceItem.cs|Run|254|Finishing Category: Scheduler, Item: TakeExposure, ExposureTime 600, Gain 100, Offset 50, ImageType LIGHT, Binning 1x1
2026-04-02T21:46:13.9106|INFO|MeridianFlipTrigger.cs|ShouldTrigger|265|Meridian Flip - There is still time remaining - max remaining time 09:54:56.4066466, next instruction time 0, next instruction NINA.Plugin.TargetScheduler.Sequencer.PlanSchedulerProgress - and the telescope reports expected pier side pierEast. Automated Flip is not necessary.
2026-04-02T21:46:13.9107|INFO|SequenceItem.cs|Run|208|Starting NINA.Plugin.TargetScheduler.Sequencer.PlanSchedulerProgress
2026-04-02T21:46:13.9107|INFO|SequenceItem.cs|Run|254|Finishing NINA.Plugin.TargetScheduler.Sequencer.PlanSchedulerProgress
2026-04-02T21:46:16.1505|INFO|HocusFocusStarDetection.cs|Detect|413|Average HFR: 1.7797255690724643, HFR MAD: 0.1244584871320007, Detected Stars 972, Region: 0
2026-04-02T21:46:16.7973|INFO|BaseImageData.cs|SaveToDisk|346|Saved image to C:\ASTROIMAGES\NINA\2026-04-02\SH2-308 Panel 6 - NB\LIGHT\H\2026-04-02_21-36-12_SH2-308 Panel 6 - NB_LIGHT_H_-5.00C_G100-Exp-600.00s_MAXRMS-D0.81-R1.84_M-93.55_RMS-0.47_HFR-1.78_F-0004.fits
2026-04-02T21:46:16.7974|INFO|ImageSaveController.cs|DoWork|97|Successfully saved file at C:\ASTROIMAGES\NINA\2026-04-02\SH2-308 Panel 6 - NB\LIGHT\H\2026-04-02_21-36-12_SH2-308 Panel 6 - NB_LIGHT_H_-5.00C_G100-Exp-600.00s_MAXRMS-D0.81-R1.84_M-93.55_RMS-0.47_HFR-1.78_F-0004.fits. Duration Total: 00:00:02.8872289; BeforeSave: 00:00:00.0001275; BeforeFinalizeImageSaved: 00:00:02.5096908; FinalizeSaveTime: 00:00:00.3774100
2026-04-02T21:46:17.4322|WARNING|SessionMetaDataWatcher.cs|WriteAcquisitionMetaData|73|acquisition file already exists, will not overwrite: C:\ASTROIMAGES\NINA\2026-04-02\SH2-308 Panel 6 - NB\LIGHT\H\metadata\AcquisitionDetails.csv
2026-04-02T21:46:17.4324|WARNING|SessionMetaDataWatcher.cs|WriteAcquisitionMetaData|93|acquisition file already exists, will not overwrite: C:\ASTROIMAGES\NINA\2026-04-02\SH2-308 Panel 6 - NB\LIGHT\H\metadata\AcquisitionDetails.json
2026-04-02T21:46:17.4327|INFO|SessionMetaDataWatcher.cs|WriteImageMetaData|105|Writing CSV image metadata: C:\ASTROIMAGES\NINA\2026-04-02\SH2-308 Panel 6 - NB\LIGHT\H\metadata\ImageMetaData.csv
2026-04-02T21:46:17.4709|INFO|SessionMetaDataWatcher.cs|WriteImageMetaData|122|Writing JSON image metadata: C:\ASTROIMAGES\NINA\2026-04-02\SH2-308 Panel 6 - NB\LIGHT\H\metadata\ImageMetaData.json
2026-04-02T21:46:17.4727|INFO|SessionMetaDataWatcher.cs|WriteWeatherMetaData|169|Writing CSV weather metadata: C:\ASTROIMAGES\NINA\2026-04-02\SH2-308 Panel 6 - NB\LIGHT\H\metadata\WeatherData.csv
2026-04-02T21:46:17.4892|INFO|SessionMetaDataWatcher.cs|WriteWeatherMetaData|186|Writing JSON weather metadata: C:\ASTROIMAGES\NINA\2026-04-02\SH2-308 Panel 6 - NB\LIGHT\H\metadata\WeatherData.json
2026-04-02T21:46:18.0901|INFO|MeridianFlipTrigger.cs|ShouldTrigger|265|Meridian Flip - There is still time remaining - max remaining time 09:54:52.3965796, next instruction time 0, next instruction Category: Powerups (Fun-ctions), Item: GSSend - and the telescope reports expected pier side pierEast. Automated Flip is not necessary.
2026-04-02T21:46:18.0902|INFO|SequenceItem.cs|Run|208|Starting Category: Powerups (Fun-ctions), Item: GSSend
2026-04-02T21:46:18.0905|INFO|SendWithGS.cs|ProcessedScript|64|Replacing Image_ExposureTime with 600
2026-04-02T21:46:18.0906|INFO|SendWithGS.cs|ProcessedScript|64|Replacing Image_HFR with 1.78
2026-04-02T21:46:18.0908|INFO|SendWithGS.cs|ProcessedScript|64|Replacing Image_FWHM with 6.68
2026-04-02T21:46:18.0909|INFO|SendWithGS.cs|ProcessedScript|64|Replacing Altitude with 28.50823397055853
2026-04-02T21:46:18.0909|INFO|SendWithGS.cs|Execute|95|Sending to Ground Station: Exp: $$FWHEEL_FILTER_NAME$$ on $$TARGET_NAME$$ EXP: 600 HFR: 1.78 FWHM: 6.68  Altitude: 28.50823397055853 
2026-04-02T21:46:18.0922|INFO|SequenceItem.cs|Run|208|Starting Category: Ground Station, Item: Send to Telegram
2026-04-02T21:46:18.7239|INFO|SequenceItem.cs|Run|254|Finishing Category: Ground Station, Item: Send to Telegram
2026-04-02T21:46:18.7254|INFO|SequenceItem.cs|Run|254|Finishing Category: Powerups (Fun-ctions), Item: GSSend
2026-04-02T21:46:18.7259|INFO|MeridianFlipTrigger.cs|ShouldTrigger|265|Meridian Flip - There is still time remaining - max remaining time 09:54:52.3965796, next instruction time 0, next instruction Category: Powerups (Fun-ctions), Item: GSSend - and the telescope reports expected pier side pierEast. Automated Flip is not necessary.
2026-04-02T21:46:18.7259|INFO|SequenceItem.cs|Run|208|Starting Category: Powerups (Fun-ctions), Item: GSSend
2026-04-02T21:46:18.7262|INFO|SendWithGS.cs|ProcessedScript|64|Replacing Image_ExposureTime with 600
2026-04-02T21:46:18.7264|INFO|SendWithGS.cs|ProcessedScript|64|Replacing Image_HFR with 1.78
2026-04-02T21:46:18.7265|INFO|SendWithGS.cs|ProcessedScript|64|Replacing Image_FWHM with 6.68
2026-04-02T21:46:18.7266|INFO|SendWithGS.cs|ProcessedScript|64|Replacing Altitude with 28.50823397055853
2026-04-02T21:46:18.7267|INFO|SendWithGS.cs|Execute|95|Sending to Ground Station: Exp: $$FWHEEL_FILTER_NAME$$ on $$TARGET_NAME$$ EXP: 600 HFR: 1.78 FWHM: 6.68  Altitude: 28.50823397055853 
2026-04-02T21:46:18.7280|INFO|SequenceItem.cs|Run|208|Starting Category: Ground Station, Item: Send to Pushover, Title: IMAGE: $$TARGET_NAME$$
2026-04-02T21:46:18.8981|INFO|SequenceItem.cs|Run|254|Finishing Category: Ground Station, Item: Send to Pushover, Title: IMAGE: $$TARGET_NAME$$
2026-04-02T21:46:18.8995|INFO|SequenceItem.cs|Run|254|Finishing Category: Powerups (Fun-ctions), Item: GSSend
2026-04-02T21:46:19.0851|INFO|Symbol.cs|OnMessageReceived|627|Received message from Target Scheduler re: TargetScheduler-TargetStart
2026-04-02T21:46:19.0851|INFO|Symbol.cs|OnMessageReceived|635|TS_TargetName = SH2-308 Panel 6 - NB
2026-04-02T21:46:19.0852|INFO|Symbol.cs|OnMessageReceived|636|Expires at 04/02/2026 22:48:45 -05:00
2026-04-02T21:46:19.0860|INFO|MeridianFlipTrigger.cs|ShouldTrigger|265|Meridian Flip - There is still time remaining - max remaining time 09:54:50.3612751, next instruction time 0, next instruction NINA.Plugin.TargetScheduler.Sequencer.PlanSchedulerProgress - and the telescope reports expected pier side pierEast. Automated Flip is not necessary.
2026-04-02T21:46:19.0861|INFO|SequenceItem.cs|Run|208|Starting NINA.Plugin.TargetScheduler.Sequencer.PlanSchedulerProgress
2026-04-02T21:46:19.0865|INFO|SequenceItem.cs|Run|254|Finishing NINA.Plugin.TargetScheduler.Sequencer.PlanSchedulerProgress
2026-04-02T21:46:19.0962|INFO|MeridianFlipTrigger.cs|ShouldTrigger|265|Meridian Flip - There is still time remaining - max remaining time 09:54:50.3612751, next instruction time 90, next instruction Category: , Item: Dither - and the telescope reports expected pier side pierEast. Automated Flip is not necessary.
2026-04-02T21:46:19.0963|INFO|SequenceItem.cs|Run|208|Starting Category: , Item: Dither
2026-04-02T21:46:19.1107|INFO|PHD2Client.cs|HandleGuidingDithered|309|PHD2Client: 🎯 GuidingDithered (DITHER START) - dx=-5.09, dy=13.46
2026-04-02T21:46:19.1108|INFO|DitherStatisticsVM.cs|OnPHD2GuidingDithered|752|🎯 DITHER START detected via GuidingDithered! dx=-5.09, dy=13.46
2026-04-02T21:46:19.1109|INFO|DitherStatisticsVM.cs|OnPHD2GuidingDithered|762|✅ Dither START recorded with pixel shift: (-5.09, 13.46)
2026-04-02T21:46:19.1109|INFO|PHD2Client.cs|StartDitherDataCollection|576|PHD2Client: Started dither data collection for 30 seconds (series #4)
2026-04-02T21:46:19.3946|INFO|StarfrontClient.cs|SendImageFile|249|[Rockwood] sent 2026-04-02_21-36-12_SH2-308 Panel 6 - NB_LIGHT_H_-5.00C_G100-Exp-600.00s_MAXRMS-D0.81-R1.84_M-93.55_RMS-0.47_HFR-1.78_F-0004.fits (30KB) object=SH2-308 Panel 6 - NB exptime=600s filter=H
2026-04-02T21:46:49.1144|INFO|PHD2Client.cs|OnDitherCollectionComplete|657|PHD2Client: Dither data collection complete (timer). Collected 9 points.
2026-04-02T21:46:49.1184|INFO|PHD2Client.cs|WriteDitherAnalysisFile|738|PHD2Client: Dither analysis file written with 39 data points: 20260402_212504_dither_analysis.txt
2026-04-02T21:46:49.1241|INFO|PHD2Client.cs|WritePositivePeriodsFile|932|PHD2Client: Positive periods analysis written with 11 total periods across 3 multipliers: 20260402_212504_positive_periods.txt
2026-04-02T21:46:49.1243|INFO|PHD2Client.cs|AnalyzePositivePeriods|868|PHD2Client: Positive period analysis complete. firstPeriodPerSeries counts: 1.5σ=2, 2.0σ=3, 3.0σ=2
2026-04-02T21:46:49.1245|INFO|PHD2Client.cs|CalculateRecommendation|954|PHD2Client: Calculating recommendation from 4 dither series, RMS=0.1479, StdDev=0.0864
2026-04-02T21:46:49.1260|INFO|PHD2Client.cs|CalculateRecommendation|987|PHD2Client: Dither recommendation calculated - Events: 4, SettlePixel: Q=0.28 B=0.32 P=0.41, MinSettle: Q=6.0s B=8.0s P=8.0s
2026-04-02T21:46:49.1265|INFO|DitherStatisticsVM.cs|OnDitherRecommendationUpdated|500|Dither recommendation updated on UI thread - Events: 4
2026-04-02T21:46:49.1267|INFO|PHD2Client.cs|RunAnalysisAndRecommendation|638|PHD2Client: RunAnalysisAndRecommendation completed - 39 points, 4 series
2026-04-02T21:47:03.2863|INFO|PHD2Client.cs|HandleSettleDone|343|PHD2Client: SettleDone - Status=0, Success=True, TotalFrames=16, DroppedFrames=0
2026-04-02T21:47:03.2864|INFO|DitherStatisticsVM.cs|OnPHD2SettleDone|794|✅ DITHER END - Success=True, SettleTime=44.18s, TotalFrames=16, DroppedFrames=0
2026-04-02T21:47:03.3047|INFO|DitherStatisticsVM.cs|UpdateQualityMetrics|865|Quality metrics updated: Score=0.1694, Rating=Poor
2026-04-02T21:47:03.5876|INFO|SequenceItem.cs|Run|254|Finishing Category: , Item: Dither
2026-04-02T21:47:03.5880|INFO|MeridianFlipTrigger.cs|ShouldTrigger|265|Meridian Flip - There is still time remaining - max remaining time 09:54:05.8587071, next instruction time 0, next instruction NINA.Plugin.TargetScheduler.Sequencer.PlanSchedulerProgress - and the telescope reports expected pier side pierEast. Automated Flip is not necessary.
2026-04-02T21:47:03.5881|INFO|SequenceItem.cs|Run|208|Starting NINA.Plugin.TargetScheduler.Sequencer.PlanSchedulerProgress
2026-04-02T21:47:03.5881|INFO|SequenceItem.cs|Run|254|Finishing NINA.Plugin.TargetScheduler.Sequencer.PlanSchedulerProgress
2026-04-02T21:47:03.5884|INFO|MeridianFlipTrigger.cs|ShouldTrigger|265|Meridian Flip - There is still time remaining - max remaining time 09:54:05.8587071, next instruction time 0, next instruction Category: Scheduler, Item: SwitchFilter, Filter: H - and the telescope reports expected pier side pierEast. Automated Flip is not necessary.
2026-04-02T21:47:03.5886|INFO|SequenceItem.cs|Run|208|Starting Category: Scheduler, Item: SwitchFilter, Filter: H
2026-04-02T21:47:03.5895|INFO|SequenceItem.cs|Run|254|Finishing Category: Scheduler, Item: SwitchFilter, Filter: H
2026-04-02T21:47:03.5898|INFO|MeridianFlipTrigger.cs|ShouldTrigger|265|Meridian Flip - There is still time remaining - max remaining time 09:54:05.8587071, next instruction time 0, next instruction NINA.Plugin.TargetScheduler.Sequencer.PlanSchedulerProgress - and the telescope reports expected pier side pierEast. Automated Flip is not necessary.
2026-04-02T21:47:03.5898|INFO|SequenceItem.cs|Run|208|Starting NINA.Plugin.TargetScheduler.Sequencer.PlanSchedulerProgress
2026-04-02T21:47:03.5899|INFO|SequenceItem.cs|Run|254|Finishing NINA.Plugin.TargetScheduler.Sequencer.PlanSchedulerProgress
2026-04-02T21:47:03.5900|INFO|MeridianFlipTrigger.cs|ShouldTrigger|265|Meridian Flip - There is still time remaining - max remaining time 09:54:05.8587071, next instruction time 0, next instruction Category: Scheduler, Item: SetReadoutMode, Mode: 0 - and the telescope reports expected pier side pierEast. Automated Flip is not necessary.
2026-04-02T21:47:03.5900|INFO|SequenceItem.cs|Run|208|Starting Category: Scheduler, Item: SetReadoutMode, Mode: 0
2026-04-02T21:47:03.5902|INFO|SequenceItem.cs|Run|254|Finishing Category: Scheduler, Item: SetReadoutMode, Mode: 0
2026-04-02T21:47:03.5903|INFO|MeridianFlipTrigger.cs|ShouldTrigger|265|Meridian Flip - There is still time remaining - max remaining time 09:54:05.8587071, next instruction time 0, next instruction NINA.Plugin.TargetScheduler.Sequencer.PlanSchedulerProgress - and the telescope reports expected pier side pierEast. Automated Flip is not necessary.
2026-04-02T21:47:03.5903|INFO|SequenceItem.cs|Run|208|Starting NINA.Plugin.TargetScheduler.Sequencer.PlanSchedulerProgress
2026-04-02T21:47:03.5909|INFO|SequenceItem.cs|Run|254|Finishing NINA.Plugin.TargetScheduler.Sequencer.PlanSchedulerProgress
2026-04-02T21:47:03.5913|INFO|MeridianFlipTrigger.cs|ShouldTrigger|265|Meridian Flip - There is still time remaining - max remaining time 09:54:05.8587071, next instruction time 600, next instruction Category: Scheduler, Item: TakeExposure, ExposureTime 600, Gain 100, Offset 50, ImageType LIGHT, Binning 1x1 - and the telescope reports expected pier side pierEast. Automated Flip is not necessary.
2026-04-02T21:47:03.5913|INFO|DIYTrigger.cs|ShouldTrigger|109|DIY Trigger Restore Guiding ShouldTrigger returning true
2026-04-02T21:47:03.5914|INFO|SequenceTrigger.cs|Run|114|Starting Category: Powerups (Misc), Item: DIYTrigger
2026-04-02T21:47:03.5934|INFO|DIYTrigger.cs|Execute|95|DIY Trigger executing...
2026-04-02T21:47:03.5935|INFO|SequenceItem.cs|Run|208|Starting Category: * Instruction Set *, Container: NINA.Sequencer.Container.SequentialContainer, Strategy: SequentialStrategy, Items[CREATED]: 1, Triggers: Trigger: RestoreGuiding
2026-04-02T21:47:03.5940|INFO|MeridianFlipTrigger.cs|ShouldTrigger|265|Meridian Flip - There is still time remaining - max remaining time 09:54:05.8587071, next instruction time 0, next instruction Category: Powerups (Expressions), Item: IfFailed - and the telescope reports expected pier side pierEast. Automated Flip is not necessary.
2026-04-02T21:47:03.5941|INFO|SequenceItem.cs|Run|208|Starting Category: Powerups (Expressions), Item: IfFailed
2026-04-02T21:47:03.5941|INFO|SequenceItem.cs|Run|208|Starting Category: Guider, Item: StartGuiding
2026-04-02T21:47:03.6045|INFO|PHD2Guider.cs|StartGuidingPrivate|504|Phd2 - App is already guiding. Skipping start guiding
2026-04-02T21:47:03.6048|INFO|SequenceItem.cs|Run|254|Finishing Category: Guider, Item: StartGuiding
2026-04-02T21:47:03.6048|INFO|SequenceItem.cs|Run|254|Finishing Category: Powerups (Expressions), Item: IfFailed
2026-04-02T21:47:03.6050|INFO|SequenceItem.cs|Run|254|Finishing Category: * Instruction Set *, Container: NINA.Sequencer.Container.SequentialContainer, Strategy: SequentialStrategy, Items[FINISHED]: 1, Triggers: Trigger: RestoreGuiding
2026-04-02T21:47:03.6093|INFO|SequenceTrigger.cs|Run|114|Starting Trigger: AutofocusAfterTemperatureChangeTrigger, Amount: 1.5°
2026-04-02T21:47:03.6103|INFO|SequenceItem.cs|Run|208|Starting Category: * Instruction Set *, Container: NINA.Sequencer.Container.SequentialContainer, Strategy: SequentialStrategy, Items[CREATED]: 1
2026-04-02T21:47:03.6105|INFO|SequenceItem.cs|Run|208|Starting Category: Focuser, Item: RunAutofocus
2026-04-02T21:47:03.7476|INFO|FocuserMediator.cs|BroadcastAutoFocusRunStarting|92|Autofocus starting notification received
2026-04-02T21:47:05.1130|INFO|PHD2Client.cs|ProcessEvent|268|PHD2: ConfigurationChange
2026-04-02T21:47:05.1369|WARNING|PHD2Client.cs|ProcessEvent|252|PHD2: LockPositionLost
2026-04-02T21:47:05.2619|INFO|PHD2Client.cs|QueryExposureTime|1216|PHD2Client: Exposure time from PHD2 API: 2.000 seconds (2000 ms)
2026-04-02T21:47:05.7715|INFO|FilterWheelVM.cs|ChangeFilter|112|Moving to Filter L at Position 0
2026-04-02T21:47:05.9886|INFO|FocuserVM.cs|MoveFocuserInternal|216|Moving Focuser to position 387309
2026-04-02T21:47:15.3624|INFO|AutoFocusEngine.cs|RunAutoFocus|929|Starting AutoFocus with initial position 387309
2026-04-02T21:47:15.3679|INFO|CameraVM.cs|Capture|742|Starting Exposure - Exposure Time: 3s; Filter: L; Gain: 270; Offset 50; Binning: 1x1;
2026-04-02T21:47:20.0409|INFO|AutoFocusEngine.cs|StartBlindFocusPoints|769|Waiting on initial HFR analysis
2026-04-02T21:47:20.0429|INFO|FocuserVM.cs|MoveFocuserInternal|216|Moving Focuser to position 387445
2026-04-02T21:47:21.4543|INFO|HocusFocusStarDetection.cs|Detect|413|Average HFR: 1.7150128315187412, HFR MAD: 0.09894997851799414, Detected Stars 587, Region: 0
2026-04-02T21:47:25.3531|INFO|CameraVM.cs|Capture|742|Starting Exposure - Exposure Time: 3s; Filter: L; Gain: 270; Offset 50; Binning: 1x1;
2026-04-02T21:47:30.0056|INFO|FocuserVM.cs|MoveFocuserInternal|216|Moving Focuser to position 387411
2026-04-02T21:47:31.3900|INFO|HocusFocusStarDetection.cs|Detect|413|Average HFR: 4.0375618328442275, HFR MAD: 1.1507164141059931, Detected Stars 175, Region: 0
2026-04-02T21:47:37.3700|INFO|CameraVM.cs|Capture|742|Starting Exposure - Exposure Time: 3s; Filter: L; Gain: 270; Offset 50; Binning: 1x1;
2026-04-02T21:47:42.0268|INFO|FocuserVM.cs|MoveFocuserInternal|216|Moving Focuser to position 387377
2026-04-02T21:47:43.4000|INFO|HocusFocusStarDetection.cs|Detect|413|Average HFR: 3.32354733256113, HFR MAD: 0.8244933870633093, Detected Stars 281, Region: 0
2026-04-02T21:47:49.3751|INFO|CameraVM.cs|Capture|742|Starting Exposure - Exposure Time: 3s; Filter: L; Gain: 270; Offset 50; Binning: 1x1;
2026-04-02T21:47:54.0604|INFO|FocuserVM.cs|MoveFocuserInternal|216|Moving Focuser to position 387343
2026-04-02T21:47:55.4271|INFO|HocusFocusStarDetection.cs|Detect|413|Average HFR: 2.718323003339753, HFR MAD: 0.5818377049538217, Detected Stars 464, Region: 0
2026-04-02T21:48:01.3356|INFO|CameraVM.cs|Capture|742|Starting Exposure - Exposure Time: 3s; Filter: L; Gain: 270; Offset 50; Binning: 1x1;
2026-04-02T21:48:06.0048|INFO|AutoFocusEngine.cs|StartBlindFocusPoints|797|Waiting on initial focuser move analyses
2026-04-02T21:48:07.4042|INFO|HocusFocusStarDetection.cs|Detect|413|Average HFR: 2.1259746636942394, HFR MAD: 0.28852998744338243, Detected Stars 639, Region: 0
2026-04-02T21:48:07.4357|INFO|FocuserVM.cs|MoveFocuserInternal|216|Moving Focuser to position 387309
2026-04-02T21:48:17.3598|INFO|CameraVM.cs|Capture|742|Starting Exposure - Exposure Time: 3s; Filter: L; Gain: 270; Offset 50; Binning: 1x1;
2026-04-02T21:48:22.0284|INFO|AutoFocusEngine.cs|StartBlindFocusPoints|870|Waiting on next left movement analysis
2026-04-02T21:48:23.4116|INFO|HocusFocusStarDetection.cs|Detect|413|Average HFR: 1.7227387400269496, HFR MAD: 0.11326374572420139, Detected Stars 616, Region: 0
2026-04-02T21:48:23.4432|INFO|FocuserVM.cs|MoveFocuserInternal|216|Moving Focuser to position 387275
2026-04-02T21:48:33.3988|INFO|CameraVM.cs|Capture|742|Starting Exposure - Exposure Time: 3s; Filter: L; Gain: 270; Offset 50; Binning: 1x1;
2026-04-02T21:48:38.0682|INFO|AutoFocusEngine.cs|StartBlindFocusPoints|870|Waiting on next left movement analysis
2026-04-02T21:48:39.4510|INFO|HocusFocusStarDetection.cs|Detect|413|Average HFR: 2.021636133656199, HFR MAD: 0.14591843414814276, Detected Stars 788, Region: 0
2026-04-02T21:48:39.5584|INFO|AutoFocusEngine.cs|StartBlindFocusPoints|841|Enough right trend points (4) with an established minimum (387309) to queue remaining left focus points down to 387173
2026-04-02T21:48:39.5600|INFO|FocuserVM.cs|MoveFocuserInternal|216|Moving Focuser to position 387241
2026-04-02T21:48:49.3850|INFO|CameraVM.cs|Capture|742|Starting Exposure - Exposure Time: 3s; Filter: L; Gain: 270; Offset 50; Binning: 1x1;
2026-04-02T21:48:54.0606|INFO|FocuserVM.cs|MoveFocuserInternal|216|Moving Focuser to position 387207
2026-04-02T21:48:55.4421|INFO|HocusFocusStarDetection.cs|Detect|413|Average HFR: 3.027841363987923, HFR MAD: 0.2361684766342007, Detected Stars 600, Region: 0
2026-04-02T21:49:01.3572|INFO|CameraVM.cs|Capture|742|Starting Exposure - Exposure Time: 3s; Filter: L; Gain: 270; Offset 50; Binning: 1x1;
2026-04-02T21:49:06.0086|INFO|FocuserVM.cs|MoveFocuserInternal|216|Moving Focuser to position 387173
2026-04-02T21:49:07.3802|INFO|HocusFocusStarDetection.cs|Detect|413|Average HFR: 4.45973047219521, HFR MAD: 0.2375612739001367, Detected Stars 354, Region: 0
2026-04-02T21:49:13.3611|INFO|CameraVM.cs|Capture|742|Starting Exposure - Exposure Time: 3s; Filter: L; Gain: 270; Offset 50; Binning: 1x1;
2026-04-02T21:49:18.0367|INFO|AutoFocusEngine.cs|StartBlindFocusPoints|896|Waiting on remaining AutoFocus analysis tasks
2026-04-02T21:49:19.4015|INFO|HocusFocusStarDetection.cs|Detect|413|Average HFR: 6.286317039891611, HFR MAD: 0.22178126558924216, Detected Stars 161, Region: 0
2026-04-02T21:49:19.4412|INFO|FocuserVM.cs|MoveFocuserInternal|216|Moving Focuser to position 387301
2026-04-02T21:49:25.3352|INFO|AutoFocusEngine.cs|ValidateCalculatedFocusPosition|1141|Validating HFR at final focus position 387301
2026-04-02T21:49:25.3412|INFO|CameraVM.cs|Capture|742|Starting Exposure - Exposure Time: 3s; Filter: L; Gain: 270; Offset 50; Binning: 1x1;
2026-04-02T21:49:31.5216|INFO|HocusFocusStarDetection.cs|Detect|413|Average HFR: 1.7523527709786086, HFR MAD: 0.11254473620130523, Detected Stars 678, Region: 0
2026-04-02T21:49:31.5223|INFO|HocusFocusVM.cs|AutoFocusEngine_Completed|473|AutoFocus completed with focuser starting at 387309 and ending at 387301
2026-04-02T21:49:31.5470|INFO|FocuserMediator.cs|BroadcastSuccessfulAutoFocusRun|46|Autofocus notification received - Temperature 27.18000030517578
2026-04-02T21:49:31.5613|INFO|SessionEventCollector.cs|SaveEvent|128|NightSummary: Event logged — AutoFocus: AutoFocus completed — Filter: L, Temp: 27.2°C, Position: 387300.5322120518
2026-04-02T21:49:31.5624|INFO|FilterWheelVM.cs|ChangeFilter|112|Moving to Filter H at Position 5
2026-04-02T21:49:31.7808|INFO|FocuserVM.cs|MoveFocuserInternal|216|Moving Focuser to position 387323
2026-04-02T21:49:35.3637|INFO|PHD2Guider.cs|TryStartGuideCommand|641|Phd2 - Requesting to start guiding. Recalibrate: False
2026-04-02T21:49:42.5978|INFO|PHD2Client.cs|ProcessEvent|261|PHD2: StartGuiding
2026-04-02T21:49:42.5979|INFO|PHD2Client.cs|StartNewGuidingSession|393|PHD2Client: New guiding session started
2026-04-02T21:49:42.6075|INFO|PHD2Client.cs|QueryExposureTime|1216|PHD2Client: Exposure time from PHD2 API: 2.000 seconds (2000 ms)
2026-04-02T21:50:04.8598|INFO|PHD2Client.cs|HandleSettleDone|343|PHD2Client: SettleDone - Status=0, Success=True, TotalFrames=10, DroppedFrames=0
2026-04-02T21:50:04.8599|WARNING|DitherStatisticsVM.cs|OnPHD2SettleDone|772|⚠️ SettleDone received but no currentDither exists (race condition?)
2026-04-02T21:50:05.3707|INFO|SequenceItem.cs|Run|254|Finishing Category: Focuser, Item: RunAutofocus
2026-04-02T21:50:05.3710|INFO|SequenceItem.cs|Run|254|Finishing Category: * Instruction Set *, Container: NINA.Sequencer.Container.SequentialContainer, Strategy: SequentialStrategy, Items[FINISHED]: 1
2026-04-02T21:50:05.3715|INFO|SequenceItem.cs|Run|208|Starting Category: Scheduler, Item: TakeExposure, ExposureTime 600, Gain 100, Offset 50, ImageType LIGHT, Binning 1x1
2026-04-02T21:50:05.3764|INFO|CameraVM.cs|Capture|742|Starting Exposure - Exposure Time: 600s; Filter: ; Gain: 100; Offset 50; Binning: 1x1;
2026-04-02T22:00:07.2570|INFO|SequenceItem.cs|Run|254|Finishing Category: Scheduler, Item: TakeExposure, ExposureTime 600, Gain 100, Offset 50, ImageType LIGHT, Binning 1x1
2026-04-02T22:00:07.2573|INFO|MeridianFlipTrigger.cs|ShouldTrigger|265|Meridian Flip - There is still time remaining - max remaining time 09:41:01.3444315, next instruction time 0, next instruction NINA.Plugin.TargetScheduler.Sequencer.PlanSchedulerProgress - and the telescope reports expected pier side pierEast. Automated Flip is not necessary.
2026-04-02T22:00:07.2574|INFO|SequenceItem.cs|Run|208|Starting NINA.Plugin.TargetScheduler.Sequencer.PlanSchedulerProgress
2026-04-02T22:00:07.2575|INFO|SequenceItem.cs|Run|254|Finishing NINA.Plugin.TargetScheduler.Sequencer.PlanSchedulerProgress
2026-04-02T22:00:09.4159|INFO|HocusFocusStarDetection.cs|Detect|413|Average HFR: 1.7893366689029282, HFR MAD: 0.11017381374088608, Detected Stars 1104, Region: 0
2026-04-02T22:00:10.0485|INFO|BaseImageData.cs|SaveToDisk|346|Saved image to C:\ASTROIMAGES\NINA\2026-04-02\SH2-308 Panel 6 - NB\LIGHT\H\2026-04-02_21-50-05_SH2-308 Panel 6 - NB_LIGHT_H_-5.00C_G100-Exp-600.00s_MAXRMS-D0.84-R1.91_M-93.61_RMS-0.47_HFR-1.79_F-0005.fits
2026-04-02T22:00:10.0486|INFO|ImageSaveController.cs|DoWork|97|Successfully saved file at C:\ASTROIMAGES\NINA\2026-04-02\SH2-308 Panel 6 - NB\LIGHT\H\2026-04-02_21-50-05_SH2-308 Panel 6 - NB_LIGHT_H_-5.00C_G100-Exp-600.00s_MAXRMS-D0.84-R1.91_M-93.61_RMS-0.47_HFR-1.79_F-0005.fits. Duration Total: 00:00:02.7908303; BeforeSave: 00:00:00.0000567; BeforeFinalizeImageSaved: 00:00:02.4322522; FinalizeSaveTime: 00:00:00.3585207
2026-04-02T22:00:10.6288|WARNING|SessionMetaDataWatcher.cs|WriteAcquisitionMetaData|73|acquisition file already exists, will not overwrite: C:\ASTROIMAGES\NINA\2026-04-02\SH2-308 Panel 6 - NB\LIGHT\H\metadata\AcquisitionDetails.csv
2026-04-02T22:00:10.6290|WARNING|SessionMetaDataWatcher.cs|WriteAcquisitionMetaData|93|acquisition file already exists, will not overwrite: C:\ASTROIMAGES\NINA\2026-04-02\SH2-308 Panel 6 - NB\LIGHT\H\metadata\AcquisitionDetails.json
2026-04-02T22:00:10.6292|INFO|SessionMetaDataWatcher.cs|WriteImageMetaData|105|Writing CSV image metadata: C:\ASTROIMAGES\NINA\2026-04-02\SH2-308 Panel 6 - NB\LIGHT\H\metadata\ImageMetaData.csv
2026-04-02T22:00:10.6638|INFO|SessionMetaDataWatcher.cs|WriteImageMetaData|122|Writing JSON image metadata: C:\ASTROIMAGES\NINA\2026-04-02\SH2-308 Panel 6 - NB\LIGHT\H\metadata\ImageMetaData.json
2026-04-02T22:00:10.6656|INFO|SessionMetaDataWatcher.cs|WriteWeatherMetaData|169|Writing CSV weather metadata: C:\ASTROIMAGES\NINA\2026-04-02\SH2-308 Panel 6 - NB\LIGHT\H\metadata\WeatherData.csv
2026-04-02T22:00:10.6808|INFO|SessionMetaDataWatcher.cs|WriteWeatherMetaData|186|Writing JSON weather metadata: C:\ASTROIMAGES\NINA\2026-04-02\SH2-308 Panel 6 - NB\LIGHT\H\metadata\WeatherData.json
2026-04-02T22:00:10.9804|INFO|MeridianFlipTrigger.cs|ShouldTrigger|265|Meridian Flip - There is still time remaining - max remaining time 09:40:57.3256384, next instruction time 0, next instruction Category: Powerups (Fun-ctions), Item: GSSend - and the telescope reports expected pier side pierEast. Automated Flip is not necessary.
2026-04-02T22:00:10.9805|INFO|SequenceItem.cs|Run|208|Starting Category: Powerups (Fun-ctions), Item: GSSend
2026-04-02T22:00:10.9808|INFO|SendWithGS.cs|ProcessedScript|64|Replacing Image_ExposureTime with 600
2026-04-02T22:00:10.9809|INFO|SendWithGS.cs|ProcessedScript|64|Replacing Image_HFR with 1.789
2026-04-02T22:00:10.9810|INFO|SendWithGS.cs|ProcessedScript|64|Replacing Image_FWHM with 7.13
2026-04-02T22:00:10.9812|INFO|SendWithGS.cs|ProcessedScript|64|Replacing Altitude with 26.851475716105377
2026-04-02T22:00:10.9812|INFO|SendWithGS.cs|Execute|95|Sending to Ground Station: Exp: $$FWHEEL_FILTER_NAME$$ on $$TARGET_NAME$$ EXP: 600 HFR: 1.789 FWHM: 7.13  Altitude: 26.851475716105377 
2026-04-02T22:00:10.9825|INFO|SequenceItem.cs|Run|208|Starting Category: Ground Station, Item: Send to Telegram
2026-04-02T22:00:11.5971|INFO|SequenceItem.cs|Run|254|Finishing Category: Ground Station, Item: Send to Telegram
2026-04-02T22:00:11.5986|INFO|SequenceItem.cs|Run|254|Finishing Category: Powerups (Fun-ctions), Item: GSSend
2026-04-02T22:00:11.5991|INFO|MeridianFlipTrigger.cs|ShouldTrigger|265|Meridian Flip - There is still time remaining - max remaining time 09:40:57.3256384, next instruction time 0, next instruction Category: Powerups (Fun-ctions), Item: GSSend - and the telescope reports expected pier side pierEast. Automated Flip is not necessary.
2026-04-02T22:00:11.5991|INFO|SequenceItem.cs|Run|208|Starting Category: Powerups (Fun-ctions), Item: GSSend
2026-04-02T22:00:11.5995|INFO|SendWithGS.cs|ProcessedScript|64|Replacing Image_ExposureTime with 600
2026-04-02T22:00:11.5996|INFO|SendWithGS.cs|ProcessedScript|64|Replacing Image_HFR with 1.789
2026-04-02T22:00:11.5997|INFO|SendWithGS.cs|ProcessedScript|64|Replacing Image_FWHM with 7.13
2026-04-02T22:00:11.5998|INFO|SendWithGS.cs|ProcessedScript|64|Replacing Altitude with 26.851475716105377
2026-04-02T22:00:11.5999|INFO|SendWithGS.cs|Execute|95|Sending to Ground Station: Exp: $$FWHEEL_FILTER_NAME$$ on $$TARGET_NAME$$ EXP: 600 HFR: 1.789 FWHM: 7.13  Altitude: 26.851475716105377 
2026-04-02T22:00:11.6010|INFO|SequenceItem.cs|Run|208|Starting Category: Ground Station, Item: Send to Pushover, Title: IMAGE: $$TARGET_NAME$$
2026-04-02T22:00:11.7970|INFO|SequenceItem.cs|Run|254|Finishing Category: Ground Station, Item: Send to Pushover, Title: IMAGE: $$TARGET_NAME$$
2026-04-02T22:00:11.7985|INFO|SequenceItem.cs|Run|254|Finishing Category: Powerups (Fun-ctions), Item: GSSend
2026-04-02T22:00:12.0167|INFO|Symbol.cs|OnMessageReceived|627|Received message from Target Scheduler re: TargetScheduler-TargetStart
2026-04-02T22:00:12.0168|INFO|Symbol.cs|OnMessageReceived|635|TS_TargetName = SH2-308 Panel 6 - NB
2026-04-02T22:00:12.0169|INFO|Symbol.cs|OnMessageReceived|636|Expires at 04/02/2026 22:48:45 -05:00
2026-04-02T22:00:12.0173|INFO|MeridianFlipTrigger.cs|ShouldTrigger|265|Meridian Flip - There is still time remaining - max remaining time 09:40:57.3256384, next instruction time 0, next instruction NINA.Plugin.TargetScheduler.Sequencer.PlanSchedulerProgress - and the telescope reports expected pier side pierEast. Automated Flip is not necessary.
2026-04-02T22:00:12.0174|INFO|SequenceItem.cs|Run|208|Starting NINA.Plugin.TargetScheduler.Sequencer.PlanSchedulerProgress
2026-04-02T22:00:12.0176|INFO|SequenceItem.cs|Run|254|Finishing NINA.Plugin.TargetScheduler.Sequencer.PlanSchedulerProgress
2026-04-02T22:00:12.0179|INFO|MeridianFlipTrigger.cs|ShouldTrigger|265|Meridian Flip - There is still time remaining - max remaining time 09:40:57.3256384, next instruction time 90, next instruction Category: , Item: Dither - and the telescope reports expected pier side pierEast. Automated Flip is not necessary.
2026-04-02T22:00:12.0179|INFO|SequenceItem.cs|Run|208|Starting Category: , Item: Dither
2026-04-02T22:00:12.0332|INFO|PHD2Client.cs|HandleGuidingDithered|309|PHD2Client: 🎯 GuidingDithered (DITHER START) - dx=10.98, dy=8.38
2026-04-02T22:00:12.0333|INFO|DitherStatisticsVM.cs|OnPHD2GuidingDithered|752|🎯 DITHER START detected via GuidingDithered! dx=10.98, dy=8.38
2026-04-02T22:00:12.0333|INFO|DitherStatisticsVM.cs|OnPHD2GuidingDithered|762|✅ Dither START recorded with pixel shift: (10.98, 8.38)
2026-04-02T22:00:12.0334|INFO|PHD2Client.cs|StartDitherDataCollection|576|PHD2Client: Started dither data collection for 30 seconds (series #5)
2026-04-02T22:00:12.7286|INFO|StarfrontClient.cs|SendImageFile|249|[Rockwood] sent 2026-04-02_21-50-05_SH2-308 Panel 6 - NB_LIGHT_H_-5.00C_G100-Exp-600.00s_MAXRMS-D0.84-R1.91_M-93.61_RMS-0.47_HFR-1.79_F-0005.fits (30KB) object=SH2-308 Panel 6 - NB exptime=600s filter=H
2026-04-02T22:00:42.0396|INFO|PHD2Client.cs|OnDitherCollectionComplete|657|PHD2Client: Dither data collection complete (timer). Collected 9 points.
2026-04-02T22:00:42.0438|INFO|PHD2Client.cs|WriteDitherAnalysisFile|738|PHD2Client: Dither analysis file written with 48 data points: 20260402_214942_dither_analysis.txt
2026-04-02T22:00:42.0482|INFO|PHD2Client.cs|WritePositivePeriodsFile|932|PHD2Client: Positive periods analysis written with 14 total periods across 3 multipliers: 20260402_214942_positive_periods.txt
2026-04-02T22:00:42.0485|INFO|PHD2Client.cs|AnalyzePositivePeriods|868|PHD2Client: Positive period analysis complete. firstPeriodPerSeries counts: 1.5σ=3, 2.0σ=4, 3.0σ=3
2026-04-02T22:00:42.0486|INFO|PHD2Client.cs|CalculateRecommendation|954|PHD2Client: Calculating recommendation from 5 dither series, RMS=0.1479, StdDev=0.0854
2026-04-02T22:00:42.0488|INFO|PHD2Client.cs|CalculateRecommendation|987|PHD2Client: Dither recommendation calculated - Events: 5, SettlePixel: Q=0.28 B=0.32 P=0.40, MinSettle: Q=8.0s B=8.0s P=8.0s
2026-04-02T22:00:42.0492|INFO|DitherStatisticsVM.cs|OnDitherRecommendationUpdated|500|Dither recommendation updated on UI thread - Events: 5
2026-04-02T22:00:42.0494|INFO|PHD2Client.cs|RunAnalysisAndRecommendation|638|PHD2Client: RunAnalysisAndRecommendation completed - 48 points, 5 series
2026-04-02T22:00:58.2168|INFO|PHD2Client.cs|HandleSettleDone|343|PHD2Client: SettleDone - Status=0, Success=True, TotalFrames=16, DroppedFrames=0
2026-04-02T22:00:58.2169|INFO|DitherStatisticsVM.cs|OnPHD2SettleDone|794|✅ DITHER END - Success=True, SettleTime=46.18s, TotalFrames=16, DroppedFrames=0
2026-04-02T22:00:58.2234|INFO|DitherStatisticsVM.cs|UpdateQualityMetrics|865|Quality metrics updated: Score=0.1244, Rating=Poor
2026-04-02T22:00:58.5465|INFO|SequenceItem.cs|Run|254|Finishing Category: , Item: Dither
2026-04-02T22:00:58.5473|INFO|MeridianFlipTrigger.cs|ShouldTrigger|265|Meridian Flip - There is still time remaining - max remaining time 09:40:13.5190670, next instruction time 0, next instruction NINA.Plugin.TargetScheduler.Sequencer.PlanSchedulerProgress - and the telescope reports expected pier side pierEast. Automated Flip is not necessary.
2026-04-02T22:00:58.5476|INFO|SequenceItem.cs|Run|208|Starting NINA.Plugin.TargetScheduler.Sequencer.PlanSchedulerProgress
2026-04-02T22:00:58.5478|INFO|SequenceItem.cs|Run|254|Finishing NINA.Plugin.TargetScheduler.Sequencer.PlanSchedulerProgress
2026-04-02T22:00:58.5482|INFO|MeridianFlipTrigger.cs|ShouldTrigger|265|Meridian Flip - There is still time remaining - max remaining time 09:40:13.5190670, next instruction time 0, next instruction Category: Scheduler, Item: SwitchFilter, Filter: H - and the telescope reports expected pier side pierEast. Automated Flip is not necessary.
2026-04-02T22:00:58.5483|INFO|SequenceItem.cs|Run|208|Starting Category: Scheduler, Item: SwitchFilter, Filter: H
2026-04-02T22:00:58.5497|INFO|SequenceItem.cs|Run|254|Finishing Category: Scheduler, Item: SwitchFilter, Filter: H
2026-04-02T22:00:58.5501|INFO|MeridianFlipTrigger.cs|ShouldTrigger|265|Meridian Flip - There is still time remaining - max remaining time 09:40:13.5190670, next instruction time 0, next instruction NINA.Plugin.TargetScheduler.Sequencer.PlanSchedulerProgress - and the telescope reports expected pier side pierEast. Automated Flip is not necessary.
2026-04-02T22:00:58.5503|INFO|SequenceItem.cs|Run|208|Starting NINA.Plugin.TargetScheduler.Sequencer.PlanSchedulerProgress
2026-04-02T22:00:58.5504|INFO|SequenceItem.cs|Run|254|Finishing NINA.Plugin.TargetScheduler.Sequencer.PlanSchedulerProgress
2026-04-02T22:00:58.5507|INFO|MeridianFlipTrigger.cs|ShouldTrigger|265|Meridian Flip - There is still time remaining - max remaining time 09:40:13.5190670, next instruction time 0, next instruction Category: Scheduler, Item: SetReadoutMode, Mode: 0 - and the telescope reports expected pier side pierEast. Automated Flip is not necessary.
2026-04-02T22:00:58.5508|INFO|SequenceItem.cs|Run|208|Starting Category: Scheduler, Item: SetReadoutMode, Mode: 0
2026-04-02T22:00:58.5511|INFO|SequenceItem.cs|Run|254|Finishing Category: Scheduler, Item: SetReadoutMode, Mode: 0
2026-04-02T22:00:58.5514|INFO|MeridianFlipTrigger.cs|ShouldTrigger|265|Meridian Flip - There is still time remaining - max remaining time 09:40:13.5190670, next instruction time 0, next instruction NINA.Plugin.TargetScheduler.Sequencer.PlanSchedulerProgress - and the telescope reports expected pier side pierEast. Automated Flip is not necessary.
2026-04-02T22:00:58.5515|INFO|SequenceItem.cs|Run|208|Starting NINA.Plugin.TargetScheduler.Sequencer.PlanSchedulerProgress
2026-04-02T22:00:58.5534|INFO|SequenceItem.cs|Run|254|Finishing NINA.Plugin.TargetScheduler.Sequencer.PlanSchedulerProgress
2026-04-02T22:00:58.5539|INFO|MeridianFlipTrigger.cs|ShouldTrigger|265|Meridian Flip - There is still time remaining - max remaining time 09:40:13.5190670, next instruction time 600, next instruction Category: Scheduler, Item: TakeExposure, ExposureTime 600, Gain 100, Offset 50, ImageType LIGHT, Binning 1x1 - and the telescope reports expected pier side pierEast. Automated Flip is not necessary.
2026-04-02T22:00:58.5540|INFO|DIYTrigger.cs|ShouldTrigger|109|DIY Trigger Restore Guiding ShouldTrigger returning true
2026-04-02T22:00:58.5541|INFO|SequenceTrigger.cs|Run|114|Starting Category: Powerups (Misc), Item: DIYTrigger
2026-04-02T22:00:58.5594|INFO|DIYTrigger.cs|Execute|95|DIY Trigger executing...
2026-04-02T22:00:58.5597|INFO|SequenceItem.cs|Run|208|Starting Category: * Instruction Set *, Container: NINA.Sequencer.Container.SequentialContainer, Strategy: SequentialStrategy, Items[CREATED]: 1, Triggers: Trigger: RestoreGuiding
2026-04-02T22:00:58.5605|INFO|MeridianFlipTrigger.cs|ShouldTrigger|265|Meridian Flip - There is still time remaining - max remaining time 09:40:13.5190670, next instruction time 0, next instruction Category: Powerups (Expressions), Item: IfFailed - and the telescope reports expected pier side pierEast. Automated Flip is not necessary.
2026-04-02T22:00:58.5606|INFO|SequenceItem.cs|Run|208|Starting Category: Powerups (Expressions), Item: IfFailed
2026-04-02T22:00:58.5607|INFO|SequenceItem.cs|Run|208|Starting Category: Guider, Item: StartGuiding
2026-04-02T22:00:58.5678|INFO|PHD2Guider.cs|StartGuidingPrivate|504|Phd2 - App is already guiding. Skipping start guiding
2026-04-02T22:00:58.5682|INFO|SequenceItem.cs|Run|254|Finishing Category: Guider, Item: StartGuiding
2026-04-02T22:00:58.5683|INFO|SequenceItem.cs|Run|254|Finishing Category: Powerups (Expressions), Item: IfFailed
2026-04-02T22:00:58.5686|INFO|SequenceItem.cs|Run|254|Finishing Category: * Instruction Set *, Container: NINA.Sequencer.Container.SequentialContainer, Strategy: SequentialStrategy, Items[FINISHED]: 1, Triggers: Trigger: RestoreGuiding
2026-04-02T22:00:58.5736|INFO|SequenceItem.cs|Run|208|Starting Category: Scheduler, Item: TakeExposure, ExposureTime 600, Gain 100, Offset 50, ImageType LIGHT, Binning 1x1
2026-04-02T22:00:58.5799|INFO|CameraVM.cs|Capture|742|Starting Exposure - Exposure Time: 600s; Filter: ; Gain: 100; Offset 50; Binning: 1x1;
2026-04-02T22:11:00.4532|INFO|SequenceItem.cs|Run|254|Finishing Category: Scheduler, Item: TakeExposure, ExposureTime 600, Gain 100, Offset 50, ImageType LIGHT, Binning 1x1
2026-04-02T22:11:00.4537|INFO|MeridianFlipTrigger.cs|ShouldTrigger|265|Meridian Flip - There is still time remaining - max remaining time 09:30:10.9529507, next instruction time 0, next instruction NINA.Plugin.TargetScheduler.Sequencer.PlanSchedulerProgress - and the telescope reports expected pier side pierEast. Automated Flip is not necessary.
2026-04-02T22:11:00.4538|INFO|SequenceItem.cs|Run|208|Starting NINA.Plugin.TargetScheduler.Sequencer.PlanSchedulerProgress
2026-04-02T22:11:00.4539|INFO|SequenceItem.cs|Run|254|Finishing NINA.Plugin.TargetScheduler.Sequencer.PlanSchedulerProgress
2026-04-02T22:11:02.5220|INFO|HocusFocusStarDetection.cs|Detect|413|Average HFR: 1.7883388325204663, HFR MAD: 0.1184943478308711, Detected Stars 1044, Region: 0
2026-04-02T22:11:03.1511|INFO|BaseImageData.cs|SaveToDisk|346|Saved image to C:\ASTROIMAGES\NINA\2026-04-02\SH2-308 Panel 6 - NB\LIGHT\H\2026-04-02_22-00-58_SH2-308 Panel 6 - NB_LIGHT_H_-5.00C_G100-Exp-600.00s_MAXRMS-D0.83-R1.43_M-93.65_RMS-0.44_HFR-1.79_F-0006.fits
2026-04-02T22:11:03.1512|INFO|ImageSaveController.cs|DoWork|97|Successfully saved file at C:\ASTROIMAGES\NINA\2026-04-02\SH2-308 Panel 6 - NB\LIGHT\H\2026-04-02_22-00-58_SH2-308 Panel 6 - NB_LIGHT_H_-5.00C_G100-Exp-600.00s_MAXRMS-D0.83-R1.43_M-93.65_RMS-0.44_HFR-1.79_F-0006.fits. Duration Total: 00:00:02.6978587; BeforeSave: 00:00:00.0000925; BeforeFinalizeImageSaved: 00:00:02.3414298; FinalizeSaveTime: 00:00:00.3563356
2026-04-02T22:11:03.7883|WARNING|SessionMetaDataWatcher.cs|WriteAcquisitionMetaData|73|acquisition file already exists, will not overwrite: C:\ASTROIMAGES\NINA\2026-04-02\SH2-308 Panel 6 - NB\LIGHT\H\metadata\AcquisitionDetails.csv
2026-04-02T22:11:03.7884|WARNING|SessionMetaDataWatcher.cs|WriteAcquisitionMetaData|93|acquisition file already exists, will not overwrite: C:\ASTROIMAGES\NINA\2026-04-02\SH2-308 Panel 6 - NB\LIGHT\H\metadata\AcquisitionDetails.json
2026-04-02T22:11:03.7887|INFO|SessionMetaDataWatcher.cs|WriteImageMetaData|105|Writing CSV image metadata: C:\ASTROIMAGES\NINA\2026-04-02\SH2-308 Panel 6 - NB\LIGHT\H\metadata\ImageMetaData.csv
2026-04-02T22:11:03.8284|INFO|SessionMetaDataWatcher.cs|WriteImageMetaData|122|Writing JSON image metadata: C:\ASTROIMAGES\NINA\2026-04-02\SH2-308 Panel 6 - NB\LIGHT\H\metadata\ImageMetaData.json
2026-04-02T22:11:03.8308|INFO|SessionMetaDataWatcher.cs|WriteWeatherMetaData|169|Writing CSV weather metadata: C:\ASTROIMAGES\NINA\2026-04-02\SH2-308 Panel 6 - NB\LIGHT\H\metadata\WeatherData.csv
2026-04-02T22:11:03.8603|INFO|SessionMetaDataWatcher.cs|WriteWeatherMetaData|186|Writing JSON weather metadata: C:\ASTROIMAGES\NINA\2026-04-02\SH2-308 Panel 6 - NB\LIGHT\H\metadata\WeatherData.json
2026-04-02T22:11:04.1351|INFO|MeridianFlipTrigger.cs|ShouldTrigger|265|Meridian Flip - There is still time remaining - max remaining time 09:30:06.8653679, next instruction time 0, next instruction Category: Powerups (Fun-ctions), Item: GSSend - and the telescope reports expected pier side pierEast. Automated Flip is not necessary.
2026-04-02T22:11:04.1351|INFO|SequenceItem.cs|Run|208|Starting Category: Powerups (Fun-ctions), Item: GSSend
2026-04-02T22:11:04.1355|INFO|SendWithGS.cs|ProcessedScript|64|Replacing Image_ExposureTime with 600
2026-04-02T22:11:04.1356|INFO|SendWithGS.cs|ProcessedScript|64|Replacing Image_HFR with 1.788
2026-04-02T22:11:04.1357|INFO|SendWithGS.cs|ProcessedScript|64|Replacing Image_FWHM with 7.18
2026-04-02T22:11:04.1358|INFO|SendWithGS.cs|ProcessedScript|64|Replacing Altitude with 25.47090062475564
2026-04-02T22:11:04.1359|INFO|SendWithGS.cs|Execute|95|Sending to Ground Station: Exp: $$FWHEEL_FILTER_NAME$$ on $$TARGET_NAME$$ EXP: 600 HFR: 1.788 FWHM: 7.18  Altitude: 25.47090062475564 
2026-04-02T22:11:04.1372|INFO|SequenceItem.cs|Run|208|Starting Category: Ground Station, Item: Send to Telegram
2026-04-02T22:11:04.7571|INFO|SequenceItem.cs|Run|254|Finishing Category: Ground Station, Item: Send to Telegram
2026-04-02T22:11:04.7586|INFO|SequenceItem.cs|Run|254|Finishing Category: Powerups (Fun-ctions), Item: GSSend
2026-04-02T22:11:04.7591|INFO|MeridianFlipTrigger.cs|ShouldTrigger|265|Meridian Flip - There is still time remaining - max remaining time 09:30:06.8653679, next instruction time 0, next instruction Category: Powerups (Fun-ctions), Item: GSSend - and the telescope reports expected pier side pierEast. Automated Flip is not necessary.
2026-04-02T22:11:04.7591|INFO|SequenceItem.cs|Run|208|Starting Category: Powerups (Fun-ctions), Item: GSSend
2026-04-02T22:11:04.7594|INFO|SendWithGS.cs|ProcessedScript|64|Replacing Image_ExposureTime with 600
2026-04-02T22:11:04.7595|INFO|SendWithGS.cs|ProcessedScript|64|Replacing Image_HFR with 1.788
2026-04-02T22:11:04.7596|INFO|SendWithGS.cs|ProcessedScript|64|Replacing Image_FWHM with 7.18
2026-04-02T22:11:04.7597|INFO|SendWithGS.cs|ProcessedScript|64|Replacing Altitude with 25.47090062475564
2026-04-02T22:11:04.7597|INFO|SendWithGS.cs|Execute|95|Sending to Ground Station: Exp: $$FWHEEL_FILTER_NAME$$ on $$TARGET_NAME$$ EXP: 600 HFR: 1.788 FWHM: 7.18  Altitude: 25.47090062475564 
2026-04-02T22:11:04.7610|INFO|SequenceItem.cs|Run|208|Starting Category: Ground Station, Item: Send to Pushover, Title: IMAGE: $$TARGET_NAME$$
2026-04-02T22:11:04.8930|INFO|SequenceItem.cs|Run|254|Finishing Category: Ground Station, Item: Send to Pushover, Title: IMAGE: $$TARGET_NAME$$
2026-04-02T22:11:04.8942|INFO|SequenceItem.cs|Run|254|Finishing Category: Powerups (Fun-ctions), Item: GSSend
2026-04-02T22:11:05.3032|INFO|Symbol.cs|OnMessageReceived|627|Received message from Target Scheduler re: TargetScheduler-TargetStart
2026-04-02T22:11:05.3033|INFO|Symbol.cs|OnMessageReceived|635|TS_TargetName = SH2-308 Panel 6 - NB
2026-04-02T22:11:05.3033|INFO|Symbol.cs|OnMessageReceived|636|Expires at 04/02/2026 22:48:45 -05:00
2026-04-02T22:11:05.3037|INFO|MeridianFlipTrigger.cs|ShouldTrigger|265|Meridian Flip - There is still time remaining - max remaining time 09:30:05.0118707, next instruction time 0, next instruction NINA.Plugin.TargetScheduler.Sequencer.PlanSchedulerProgress - and the telescope reports expected pier side pierEast. Automated Flip is not necessary.
2026-04-02T22:11:05.3038|INFO|SequenceItem.cs|Run|208|Starting NINA.Plugin.TargetScheduler.Sequencer.PlanSchedulerProgress
2026-04-02T22:11:05.3949|INFO|SequenceItem.cs|Run|254|Finishing NINA.Plugin.TargetScheduler.Sequencer.PlanSchedulerProgress
2026-04-02T22:11:05.4080|INFO|MeridianFlipTrigger.cs|ShouldTrigger|265|Meridian Flip - There is still time remaining - max remaining time 09:30:05.0118707, next instruction time 90, next instruction Category: , Item: Dither - and the telescope reports expected pier side pierEast. Automated Flip is not necessary.
2026-04-02T22:11:05.4081|INFO|SequenceItem.cs|Run|208|Starting Category: , Item: Dither
2026-04-02T22:11:05.4447|INFO|PHD2Client.cs|HandleGuidingDithered|309|PHD2Client: 🎯 GuidingDithered (DITHER START) - dx=-11.08, dy=12.20
2026-04-02T22:11:05.4448|INFO|DitherStatisticsVM.cs|OnPHD2GuidingDithered|752|🎯 DITHER START detected via GuidingDithered! dx=-11.08, dy=12.20
2026-04-02T22:11:05.4448|INFO|DitherStatisticsVM.cs|OnPHD2GuidingDithered|762|✅ Dither START recorded with pixel shift: (-11.08, 12.20)
2026-04-02T22:11:05.4449|INFO|PHD2Client.cs|StartDitherDataCollection|576|PHD2Client: Started dither data collection for 30 seconds (series #6)
2026-04-02T22:11:05.7315|INFO|StarfrontClient.cs|SendImageFile|249|[Rockwood] sent 2026-04-02_22-00-58_SH2-308 Panel 6 - NB_LIGHT_H_-5.00C_G100-Exp-600.00s_MAXRMS-D0.83-R1.43_M-93.65_RMS-0.44_HFR-1.79_F-0006.fits (30KB) object=SH2-308 Panel 6 - NB exptime=600s filter=H
2026-04-02T22:11:35.4589|INFO|PHD2Client.cs|OnDitherCollectionComplete|657|PHD2Client: Dither data collection complete (timer). Collected 9 points.
2026-04-02T22:11:35.4625|INFO|PHD2Client.cs|WriteDitherAnalysisFile|738|PHD2Client: Dither analysis file written with 57 data points: 20260402_214942_dither_analysis.txt
2026-04-02T22:11:35.4656|INFO|PHD2Client.cs|WritePositivePeriodsFile|932|PHD2Client: Positive periods analysis written with 17 total periods across 3 multipliers: 20260402_214942_positive_periods.txt
2026-04-02T22:11:35.4658|INFO|PHD2Client.cs|AnalyzePositivePeriods|868|PHD2Client: Positive period analysis complete. firstPeriodPerSeries counts: 1.5σ=3, 2.0σ=4, 3.0σ=3
2026-04-02T22:11:35.4659|INFO|PHD2Client.cs|CalculateRecommendation|954|PHD2Client: Calculating recommendation from 6 dither series, RMS=0.1444, StdDev=0.0815
2026-04-02T22:11:35.4662|INFO|PHD2Client.cs|CalculateRecommendation|987|PHD2Client: Dither recommendation calculated - Events: 6, SettlePixel: Q=0.27 B=0.31 P=0.39, MinSettle: Q=8.0s B=8.0s P=8.0s
2026-04-02T22:11:35.4665|INFO|DitherStatisticsVM.cs|OnDitherRecommendationUpdated|500|Dither recommendation updated on UI thread - Events: 6
2026-04-02T22:11:35.4667|INFO|PHD2Client.cs|RunAnalysisAndRecommendation|638|PHD2Client: RunAnalysisAndRecommendation completed - 57 points, 6 series
2026-04-02T22:11:53.4783|INFO|PHD2Client.cs|HandleSettleDone|343|PHD2Client: SettleDone - Status=0, Success=True, TotalFrames=17, DroppedFrames=0
2026-04-02T22:11:53.4784|INFO|DitherStatisticsVM.cs|OnPHD2SettleDone|794|✅ DITHER END - Success=True, SettleTime=48.03s, TotalFrames=17, DroppedFrames=0
2026-04-02T22:11:53.4846|INFO|DitherStatisticsVM.cs|UpdateQualityMetrics|865|Quality metrics updated: Score=0.1823, Rating=Poor
2026-04-02T22:11:53.9703|INFO|SequenceItem.cs|Run|254|Finishing Category: , Item: Dither
2026-04-02T22:11:53.9707|INFO|MeridianFlipTrigger.cs|ShouldTrigger|265|Meridian Flip - There is still time remaining - max remaining time 09:29:15.0541296, next instruction time 0, next instruction NINA.Plugin.TargetScheduler.Sequencer.PlanSchedulerProgress - and the telescope reports expected pier side pierEast. Automated Flip is not necessary.
2026-04-02T22:11:53.9708|INFO|SequenceItem.cs|Run|208|Starting NINA.Plugin.TargetScheduler.Sequencer.PlanSchedulerProgress
2026-04-02T22:11:53.9709|INFO|SequenceItem.cs|Run|254|Finishing NINA.Plugin.TargetScheduler.Sequencer.PlanSchedulerProgress
2026-04-02T22:11:53.9710|INFO|MeridianFlipTrigger.cs|ShouldTrigger|265|Meridian Flip - There is still time remaining - max remaining time 09:29:15.0541296, next instruction time 0, next instruction Category: Scheduler, Item: SwitchFilter, Filter: H - and the telescope reports expected pier side pierEast. Automated Flip is not necessary.
2026-04-02T22:11:53.9710|INFO|SequenceItem.cs|Run|208|Starting Category: Scheduler, Item: SwitchFilter, Filter: H
2026-04-02T22:11:53.9720|INFO|SequenceItem.cs|Run|254|Finishing Category: Scheduler, Item: SwitchFilter, Filter: H
2026-04-02T22:11:53.9721|INFO|MeridianFlipTrigger.cs|ShouldTrigger|265|Meridian Flip - There is still time remaining - max remaining time 09:29:15.0541296, next instruction time 0, next instruction NINA.Plugin.TargetScheduler.Sequencer.PlanSchedulerProgress - and the telescope reports expected pier side pierEast. Automated Flip is not necessary.
2026-04-02T22:11:53.9722|INFO|SequenceItem.cs|Run|208|Starting NINA.Plugin.TargetScheduler.Sequencer.PlanSchedulerProgress
2026-04-02T22:11:53.9722|INFO|SequenceItem.cs|Run|254|Finishing NINA.Plugin.TargetScheduler.Sequencer.PlanSchedulerProgress
2026-04-02T22:11:53.9723|INFO|MeridianFlipTrigger.cs|ShouldTrigger|265|Meridian Flip - There is still time remaining - max remaining time 09:29:15.0541296, next instruction time 0, next instruction Category: Scheduler, Item: SetReadoutMode, Mode: 0 - and the telescope reports expected pier side pierEast. Automated Flip is not necessary.
2026-04-02T22:11:53.9724|INFO|SequenceItem.cs|Run|208|Starting Category: Scheduler, Item: SetReadoutMode, Mode: 0
2026-04-02T22:11:53.9725|INFO|SequenceItem.cs|Run|254|Finishing Category: Scheduler, Item: SetReadoutMode, Mode: 0
2026-04-02T22:11:53.9726|INFO|MeridianFlipTrigger.cs|ShouldTrigger|265|Meridian Flip - There is still time remaining - max remaining time 09:29:15.0541296, next instruction time 0, next instruction NINA.Plugin.TargetScheduler.Sequencer.PlanSchedulerProgress - and the telescope reports expected pier side pierEast. Automated Flip is not necessary.
2026-04-02T22:11:53.9727|INFO|SequenceItem.cs|Run|208|Starting NINA.Plugin.TargetScheduler.Sequencer.PlanSchedulerProgress
2026-04-02T22:11:53.9736|INFO|SequenceItem.cs|Run|254|Finishing NINA.Plugin.TargetScheduler.Sequencer.PlanSchedulerProgress
2026-04-02T22:11:53.9738|INFO|MeridianFlipTrigger.cs|ShouldTrigger|265|Meridian Flip - There is still time remaining - max remaining time 09:29:15.0541296, next instruction time 600, next instruction Category: Scheduler, Item: TakeExposure, ExposureTime 600, Gain 100, Offset 50, ImageType LIGHT, Binning 1x1 - and the telescope reports expected pier side pierEast. Automated Flip is not necessary.
2026-04-02T22:11:53.9739|INFO|DIYTrigger.cs|ShouldTrigger|109|DIY Trigger Restore Guiding ShouldTrigger returning true
2026-04-02T22:11:53.9739|INFO|SequenceTrigger.cs|Run|114|Starting Category: Powerups (Misc), Item: DIYTrigger
2026-04-02T22:11:53.9759|INFO|DIYTrigger.cs|Execute|95|DIY Trigger executing...
2026-04-02T22:11:53.9760|INFO|SequenceItem.cs|Run|208|Starting Category: * Instruction Set *, Container: NINA.Sequencer.Container.SequentialContainer, Strategy: SequentialStrategy, Items[CREATED]: 1, Triggers: Trigger: RestoreGuiding
2026-04-02T22:11:53.9764|INFO|MeridianFlipTrigger.cs|ShouldTrigger|265|Meridian Flip - There is still time remaining - max remaining time 09:29:15.0541296, next instruction time 0, next instruction Category: Powerups (Expressions), Item: IfFailed - and the telescope reports expected pier side pierEast. Automated Flip is not necessary.
2026-04-02T22:11:53.9764|INFO|SequenceItem.cs|Run|208|Starting Category: Powerups (Expressions), Item: IfFailed
2026-04-02T22:11:53.9765|INFO|SequenceItem.cs|Run|208|Starting Category: Guider, Item: StartGuiding
2026-04-02T22:11:53.9870|INFO|PHD2Guider.cs|StartGuidingPrivate|504|Phd2 - App is already guiding. Skipping start guiding
2026-04-02T22:11:53.9872|INFO|SequenceItem.cs|Run|254|Finishing Category: Guider, Item: StartGuiding
2026-04-02T22:11:53.9873|INFO|SequenceItem.cs|Run|254|Finishing Category: Powerups (Expressions), Item: IfFailed
2026-04-02T22:11:53.9875|INFO|SequenceItem.cs|Run|254|Finishing Category: * Instruction Set *, Container: NINA.Sequencer.Container.SequentialContainer, Strategy: SequentialStrategy, Items[FINISHED]: 1, Triggers: Trigger: RestoreGuiding
2026-04-02T22:11:53.9898|INFO|SequenceItem.cs|Run|208|Starting Category: Scheduler, Item: TakeExposure, ExposureTime 600, Gain 100, Offset 50, ImageType LIGHT, Binning 1x1
2026-04-02T22:11:53.9951|INFO|CameraVM.cs|Capture|742|Starting Exposure - Exposure Time: 600s; Filter: ; Gain: 100; Offset 50; Binning: 1x1;
2026-04-02T22:21:55.8780|INFO|SequenceItem.cs|Run|254|Finishing Category: Scheduler, Item: TakeExposure, ExposureTime 600, Gain 100, Offset 50, ImageType LIGHT, Binning 1x1
2026-04-02T22:21:55.8784|INFO|MeridianFlipTrigger.cs|ShouldTrigger|265|Meridian Flip - There is still time remaining - max remaining time 09:19:11.1821046, next instruction time 0, next instruction NINA.Plugin.TargetScheduler.Sequencer.PlanSchedulerProgress - and the telescope reports expected pier side pierEast. Automated Flip is not necessary.
2026-04-02T22:21:55.8785|INFO|SequenceItem.cs|Run|208|Starting NINA.Plugin.TargetScheduler.Sequencer.PlanSchedulerProgress
2026-04-02T22:21:55.8786|INFO|SequenceItem.cs|Run|254|Finishing NINA.Plugin.TargetScheduler.Sequencer.PlanSchedulerProgress
2026-04-02T22:21:55.8812|INFO|ImageSolver.cs|Solve|41|Platesolving with parameters: FocalLength: 360 PixelSize: 3.76 SearchRadius: 30 BlindFailoverEnabled: True Regions: 5000 DownSampleFactor: 0 MaxObjects: 500 Reference Coordinates RA: 06:51:23 Dec: -22° 32' 37" Epoch: J2000
2026-04-02T22:21:56.2192|INFO|BaseImageData.cs|SaveToDisk|346|Saved image to C:\Users\nicka\AppData\Local\NINA\PlateSolver\bljyoal3.nkv.fits
2026-04-02T22:21:57.5955|INFO|ImageSolver.cs|Solve|54|Platesolve successful: Coordinates: RA: 06:51:12; Dec: -22° 33' 25"; Epoch: J2000 - Position Angle: 275.49490348652927
2026-04-02T22:21:57.5966|INFO|CenterAfterDriftTrigger.cs|PlatesolvingImageFollower_PropertyChanged|189|Drift: 2.6125273285147363 / 1 arc minutes
2026-04-02T22:21:58.3315|INFO|HocusFocusStarDetection.cs|Detect|413|Average HFR: 1.8153853429799394, HFR MAD: 0.11767458039355438, Detected Stars 962, Region: 0
2026-04-02T22:21:58.9516|INFO|BaseImageData.cs|SaveToDisk|346|Saved image to C:\ASTROIMAGES\NINA\2026-04-02\SH2-308 Panel 6 - NB\LIGHT\H\2026-04-02_22-11-54_SH2-308 Panel 6 - NB_LIGHT_H_-5.00C_G100-Exp-600.00s_MAXRMS-D2.07-R2.09_M-93.69_RMS-0.66_HFR-1.82_F-0007.fits
2026-04-02T22:21:58.9517|INFO|ImageSaveController.cs|DoWork|97|Successfully saved file at C:\ASTROIMAGES\NINA\2026-04-02\SH2-308 Panel 6 - NB\LIGHT\H\2026-04-02_22-11-54_SH2-308 Panel 6 - NB_LIGHT_H_-5.00C_G100-Exp-600.00s_MAXRMS-D2.07-R2.09_M-93.69_RMS-0.66_HFR-1.82_F-0007.fits. Duration Total: 00:00:03.0736718; BeforeSave: 00:00:00.0001249; BeforeFinalizeImageSaved: 00:00:02.7329104; FinalizeSaveTime: 00:00:00.3406358
2026-04-02T22:21:59.5046|WARNING|SessionMetaDataWatcher.cs|WriteAcquisitionMetaData|73|acquisition file already exists, will not overwrite: C:\ASTROIMAGES\NINA\2026-04-02\SH2-308 Panel 6 - NB\LIGHT\H\metadata\AcquisitionDetails.csv
2026-04-02T22:21:59.5047|WARNING|SessionMetaDataWatcher.cs|WriteAcquisitionMetaData|93|acquisition file already exists, will not overwrite: C:\ASTROIMAGES\NINA\2026-04-02\SH2-308 Panel 6 - NB\LIGHT\H\metadata\AcquisitionDetails.json
2026-04-02T22:21:59.5050|INFO|SessionMetaDataWatcher.cs|WriteImageMetaData|105|Writing CSV image metadata: C:\ASTROIMAGES\NINA\2026-04-02\SH2-308 Panel 6 - NB\LIGHT\H\metadata\ImageMetaData.csv
2026-04-02T22:21:59.5380|INFO|SessionMetaDataWatcher.cs|WriteImageMetaData|122|Writing JSON image metadata: C:\ASTROIMAGES\NINA\2026-04-02\SH2-308 Panel 6 - NB\LIGHT\H\metadata\ImageMetaData.json
2026-04-02T22:21:59.5399|INFO|SessionMetaDataWatcher.cs|WriteWeatherMetaData|169|Writing CSV weather metadata: C:\ASTROIMAGES\NINA\2026-04-02\SH2-308 Panel 6 - NB\LIGHT\H\metadata\WeatherData.csv
2026-04-02T22:21:59.5550|INFO|SessionMetaDataWatcher.cs|WriteWeatherMetaData|186|Writing JSON weather metadata: C:\ASTROIMAGES\NINA\2026-04-02\SH2-308 Panel 6 - NB\LIGHT\H\metadata\WeatherData.json
2026-04-02T22:21:59.8562|INFO|MeridianFlipTrigger.cs|ShouldTrigger|265|Meridian Flip - There is still time remaining - max remaining time 09:19:07.2361003, next instruction time 0, next instruction Category: Powerups (Fun-ctions), Item: GSSend - and the telescope reports expected pier side pierEast. Automated Flip is not necessary.
2026-04-02T22:21:59.8563|INFO|SequenceItem.cs|Run|208|Starting Category: Powerups (Fun-ctions), Item: GSSend
2026-04-02T22:21:59.8567|INFO|SendWithGS.cs|ProcessedScript|64|Replacing Image_ExposureTime with 600
2026-04-02T22:21:59.8568|INFO|SendWithGS.cs|ProcessedScript|64|Replacing Image_HFR with 1.815
2026-04-02T22:21:59.8569|INFO|SendWithGS.cs|ProcessedScript|64|Replacing Image_FWHM with 7.28
2026-04-02T22:21:59.8570|INFO|SendWithGS.cs|ProcessedScript|64|Replacing Altitude with 23.99432720869056
2026-04-02T22:21:59.8570|INFO|SendWithGS.cs|Execute|95|Sending to Ground Station: Exp: $$FWHEEL_FILTER_NAME$$ on $$TARGET_NAME$$ EXP: 600 HFR: 1.815 FWHM: 7.28  Altitude: 23.99432720869056 
2026-04-02T22:21:59.8582|INFO|SequenceItem.cs|Run|208|Starting Category: Ground Station, Item: Send to Telegram
2026-04-02T22:22:00.5322|INFO|SequenceItem.cs|Run|254|Finishing Category: Ground Station, Item: Send to Telegram
2026-04-02T22:22:00.5350|INFO|SequenceItem.cs|Run|254|Finishing Category: Powerups (Fun-ctions), Item: GSSend
2026-04-02T22:22:00.5362|INFO|MeridianFlipTrigger.cs|ShouldTrigger|265|Meridian Flip - There is still time remaining - max remaining time 09:19:07.2361003, next instruction time 0, next instruction Category: Powerups (Fun-ctions), Item: GSSend - and the telescope reports expected pier side pierEast. Automated Flip is not necessary.
2026-04-02T22:22:00.5363|INFO|SequenceItem.cs|Run|208|Starting Category: Powerups (Fun-ctions), Item: GSSend
2026-04-02T22:22:00.5370|INFO|SendWithGS.cs|ProcessedScript|64|Replacing Image_ExposureTime with 600
2026-04-02T22:22:00.5374|INFO|SendWithGS.cs|ProcessedScript|64|Replacing Image_HFR with 1.815
2026-04-02T22:22:00.5377|INFO|SendWithGS.cs|ProcessedScript|64|Replacing Image_FWHM with 7.28
2026-04-02T22:22:00.5380|INFO|SendWithGS.cs|ProcessedScript|64|Replacing Altitude with 23.99432720869056
2026-04-02T22:22:00.5381|INFO|SendWithGS.cs|Execute|95|Sending to Ground Station: Exp: $$FWHEEL_FILTER_NAME$$ on $$TARGET_NAME$$ EXP: 600 HFR: 1.815 FWHM: 7.28  Altitude: 23.99432720869056 
2026-04-02T22:22:00.5406|INFO|SequenceItem.cs|Run|208|Starting Category: Ground Station, Item: Send to Pushover, Title: IMAGE: $$TARGET_NAME$$
2026-04-02T22:22:00.7026|INFO|SequenceItem.cs|Run|254|Finishing Category: Ground Station, Item: Send to Pushover, Title: IMAGE: $$TARGET_NAME$$
2026-04-02T22:22:00.7041|INFO|SequenceItem.cs|Run|254|Finishing Category: Powerups (Fun-ctions), Item: GSSend
2026-04-02T22:22:00.9198|INFO|Symbol.cs|OnMessageReceived|627|Received message from Target Scheduler re: TargetScheduler-TargetStart
2026-04-02T22:22:00.9199|INFO|Symbol.cs|OnMessageReceived|635|TS_TargetName = SH2-308 Panel 6 - NB
2026-04-02T22:22:00.9199|INFO|Symbol.cs|OnMessageReceived|636|Expires at 04/02/2026 22:48:45 -05:00
2026-04-02T22:22:00.9203|INFO|MeridianFlipTrigger.cs|ShouldTrigger|265|Meridian Flip - There is still time remaining - max remaining time 09:19:05.2736417, next instruction time 0, next instruction NINA.Plugin.TargetScheduler.Sequencer.PlanSchedulerProgress - and the telescope reports expected pier side pierEast. Automated Flip is not necessary.
2026-04-02T22:22:00.9204|INFO|SequenceItem.cs|Run|208|Starting NINA.Plugin.TargetScheduler.Sequencer.PlanSchedulerProgress
2026-04-02T22:22:00.9206|INFO|SequenceItem.cs|Run|254|Finishing NINA.Plugin.TargetScheduler.Sequencer.PlanSchedulerProgress
2026-04-02T22:22:00.9208|INFO|MeridianFlipTrigger.cs|ShouldTrigger|265|Meridian Flip - There is still time remaining - max remaining time 09:19:05.2736417, next instruction time 90, next instruction Category: , Item: Dither - and the telescope reports expected pier side pierEast. Automated Flip is not necessary.
2026-04-02T22:22:00.9208|INFO|SequenceItem.cs|Run|208|Starting Category: , Item: Dither
2026-04-02T22:22:00.9434|INFO|PHD2Client.cs|HandleGuidingDithered|309|PHD2Client: 🎯 GuidingDithered (DITHER START) - dx=7.16, dy=0.46
2026-04-02T22:22:00.9435|INFO|DitherStatisticsVM.cs|OnPHD2GuidingDithered|752|🎯 DITHER START detected via GuidingDithered! dx=7.16, dy=0.46
2026-04-02T22:22:00.9435|INFO|DitherStatisticsVM.cs|OnPHD2GuidingDithered|762|✅ Dither START recorded with pixel shift: (7.16, 0.46)
2026-04-02T22:22:00.9436|INFO|PHD2Client.cs|StartDitherDataCollection|576|PHD2Client: Started dither data collection for 30 seconds (series #7)
2026-04-02T22:22:01.7775|INFO|StarfrontClient.cs|SendImageFile|249|[Rockwood] sent 2026-04-02_22-11-54_SH2-308 Panel 6 - NB_LIGHT_H_-5.00C_G100-Exp-600.00s_MAXRMS-D2.07-R2.09_M-93.69_RMS-0.66_HFR-1.82_F-0007.fits (31KB) object=SH2-308 Panel 6 - NB exptime=600s filter=H
2026-04-02T22:22:30.9458|INFO|PHD2Client.cs|OnDitherCollectionComplete|657|PHD2Client: Dither data collection complete (timer). Collected 11 points.
2026-04-02T22:22:30.9498|INFO|PHD2Client.cs|WriteDitherAnalysisFile|738|PHD2Client: Dither analysis file written with 68 data points: 20260402_214942_dither_analysis.txt
2026-04-02T22:22:30.9530|INFO|PHD2Client.cs|WritePositivePeriodsFile|932|PHD2Client: Positive periods analysis written with 21 total periods across 3 multipliers: 20260402_214942_positive_periods.txt
2026-04-02T22:22:30.9531|INFO|PHD2Client.cs|AnalyzePositivePeriods|868|PHD2Client: Positive period analysis complete. firstPeriodPerSeries counts: 1.5σ=5, 2.0σ=5, 3.0σ=4
2026-04-02T22:22:30.9532|INFO|PHD2Client.cs|CalculateRecommendation|954|PHD2Client: Calculating recommendation from 7 dither series, RMS=0.1665, StdDev=0.0994
2026-04-02T22:22:30.9534|INFO|PHD2Client.cs|CalculateRecommendation|987|PHD2Client: Dither recommendation calculated - Events: 7, SettlePixel: Q=0.32 B=0.37 P=0.46, MinSettle: Q=8.0s B=8.0s P=8.0s
2026-04-02T22:22:30.9537|INFO|DitherStatisticsVM.cs|OnDitherRecommendationUpdated|500|Dither recommendation updated on UI thread - Events: 7
2026-04-02T22:22:30.9538|INFO|PHD2Client.cs|RunAnalysisAndRecommendation|638|PHD2Client: RunAnalysisAndRecommendation completed - 68 points, 7 series
2026-04-02T22:22:58.3385|INFO|PHD2Client.cs|HandleSettleDone|343|PHD2Client: SettleDone - Status=0, Success=True, TotalFrames=23, DroppedFrames=0
2026-04-02T22:22:58.3387|INFO|DitherStatisticsVM.cs|OnPHD2SettleDone|794|✅ DITHER END - Success=True, SettleTime=57.40s, TotalFrames=23, DroppedFrames=0
2026-04-02T22:22:58.3443|INFO|DitherStatisticsVM.cs|UpdateQualityMetrics|865|Quality metrics updated: Score=0.1191, Rating=Poor
2026-04-02T22:22:58.5763|INFO|SequenceItem.cs|Run|254|Finishing Category: , Item: Dither
2026-04-02T22:22:58.5771|INFO|MeridianFlipTrigger.cs|ShouldTrigger|265|Meridian Flip - There is still time remaining - max remaining time 09:18:11.5584846, next instruction time 0, next instruction NINA.Plugin.TargetScheduler.Sequencer.PlanSchedulerProgress - and the telescope reports expected pier side pierEast. Automated Flip is not necessary.
2026-04-02T22:22:58.5773|INFO|SequenceItem.cs|Run|208|Starting NINA.Plugin.TargetScheduler.Sequencer.PlanSchedulerProgress
2026-04-02T22:22:58.5773|INFO|SequenceItem.cs|Run|254|Finishing NINA.Plugin.TargetScheduler.Sequencer.PlanSchedulerProgress
2026-04-02T22:22:58.5775|INFO|MeridianFlipTrigger.cs|ShouldTrigger|265|Meridian Flip - There is still time remaining - max remaining time 09:18:11.5584846, next instruction time 0, next instruction Category: Scheduler, Item: SwitchFilter, Filter: H - and the telescope reports expected pier side pierEast. Automated Flip is not necessary.
2026-04-02T22:22:58.5776|INFO|SequenceItem.cs|Run|208|Starting Category: Scheduler, Item: SwitchFilter, Filter: H
2026-04-02T22:22:58.5883|INFO|SequenceItem.cs|Run|254|Finishing Category: Scheduler, Item: SwitchFilter, Filter: H
2026-04-02T22:22:58.5888|INFO|MeridianFlipTrigger.cs|ShouldTrigger|265|Meridian Flip - There is still time remaining - max remaining time 09:18:11.5584846, next instruction time 0, next instruction NINA.Plugin.TargetScheduler.Sequencer.PlanSchedulerProgress - and the telescope reports expected pier side pierEast. Automated Flip is not necessary.
2026-04-02T22:22:58.5890|INFO|SequenceItem.cs|Run|208|Starting NINA.Plugin.TargetScheduler.Sequencer.PlanSchedulerProgress
2026-04-02T22:22:58.5890|INFO|SequenceItem.cs|Run|254|Finishing NINA.Plugin.TargetScheduler.Sequencer.PlanSchedulerProgress
2026-04-02T22:22:58.5892|INFO|MeridianFlipTrigger.cs|ShouldTrigger|265|Meridian Flip - There is still time remaining - max remaining time 09:18:11.5584846, next instruction time 0, next instruction Category: Scheduler, Item: SetReadoutMode, Mode: 0 - and the telescope reports expected pier side pierEast. Automated Flip is not necessary.
2026-04-02T22:22:58.5892|INFO|SequenceItem.cs|Run|208|Starting Category: Scheduler, Item: SetReadoutMode, Mode: 0
2026-04-02T22:22:58.5894|INFO|SequenceItem.cs|Run|254|Finishing Category: Scheduler, Item: SetReadoutMode, Mode: 0
2026-04-02T22:22:58.5895|INFO|MeridianFlipTrigger.cs|ShouldTrigger|265|Meridian Flip - There is still time remaining - max remaining time 09:18:11.5584846, next instruction time 0, next instruction NINA.Plugin.TargetScheduler.Sequencer.PlanSchedulerProgress - and the telescope reports expected pier side pierEast. Automated Flip is not necessary.
2026-04-02T22:22:58.5896|INFO|SequenceItem.cs|Run|208|Starting NINA.Plugin.TargetScheduler.Sequencer.PlanSchedulerProgress
2026-04-02T22:22:58.5910|INFO|SequenceItem.cs|Run|254|Finishing NINA.Plugin.TargetScheduler.Sequencer.PlanSchedulerProgress
2026-04-02T22:22:58.5919|INFO|CenterAfterDriftTrigger.cs|ShouldTrigger|214|Drift exceeded threshold: 2.6125273285147363 / 1 arc minutes
2026-04-02T22:22:58.5937|INFO|SequenceTrigger.cs|Run|114|Starting Trigger: CenterAfterDriftTrigger, DistanceArcMinutes: 1
2026-04-02T22:23:00.6504|INFO|PHD2Client.cs|ProcessEvent|268|PHD2: ConfigurationChange
2026-04-02T22:23:00.6766|WARNING|PHD2Client.cs|ProcessEvent|252|PHD2: LockPositionLost
2026-04-02T22:23:00.7818|INFO|PHD2Client.cs|QueryExposureTime|1216|PHD2Client: Exposure time from PHD2 API: 2.000 seconds (2000 ms)
2026-04-02T22:23:00.7850|INFO|TelescopeVM.cs|SlewAsyncInternal|910|Slewing from RA: 06:52:32; Dec: -22° 34' 41"; Epoch: JNOW to RA: 06:52:25; Dec: -22° 33' 18"; Epoch: JNOW - Alt: 23° 51' 17"; Az: 220° 13' 02"
2026-04-02T22:23:08.9702|INFO|FilterWheelVM.cs|ChangeFilter|112|Moving to Filter L at Position 0
2026-04-02T22:23:09.1752|INFO|FocuserVM.cs|MoveFocuserInternal|216|Moving Focuser to position 387301
2026-04-02T22:23:17.3712|INFO|CameraVM.cs|Capture|742|Starting Exposure - Exposure Time: 2s; Filter: L; Gain: 275; Offset 50; Binning: 1x1;
2026-04-02T22:23:21.9267|INFO|ImageSolver.cs|Solve|41|Platesolving with parameters: FocalLength: 360 PixelSize: 3.76 SearchRadius: 30 BlindFailoverEnabled: True Regions: 5000 DownSampleFactor: 0 MaxObjects: 500 Reference Coordinates RA: 06:51:18 Dec: -22° 31' 13" Epoch: J2000
2026-04-02T22:23:22.2530|INFO|BaseImageData.cs|SaveToDisk|346|Saved image to C:\Users\nicka\AppData\Local\NINA\PlateSolver\tf4i5cgi.ecr.fits
2026-04-02T22:23:23.1574|INFO|ImageSolver.cs|Solve|54|Platesolve successful: Coordinates: RA: 06:51:06; Dec: -22° 32' 08"; Epoch: J2000 - Position Angle: 275.4922554076726
2026-04-02T22:23:23.1584|INFO|CenteringSolver.cs|Center|99|Centering Solver - Scope Position: RA: 06:52:25; Dec: -22° 33' 18"; Epoch: JNOW; Offset: RA: 00:00:00; Dec: 00° 00' 00"; Distance: 00° 00' 00"; Bearing: 00° 00' 00"; Centering Coordinates: RA: 06:52:25; Dec: -22° 33' 18"; Epoch: JNOW; Solved: RA: 06:52:13; Dec: -22° 34' 12"; Epoch: JNOW; Separation RA: 00:00:11; Dec: 00° 00' 54"; Distance: 00° 02' 47"; Bearing: 108° 47' 06"; Threshold: 2
2026-04-02T22:23:23.6250|INFO|TelescopeVM.cs|Sync|777|Syncing scope from RA: 06:52:25; Dec: -22° 33' 18"; Epoch: JNOW to RA: 06:52:13; Dec: -22° 34' 12"; Epoch: JNOW
2026-04-02T22:23:28.6327|INFO|CenteringSolver.cs|Center|132|Slewing to target after sync. Current Position: RA: 06:52:13; Dec: -22° 34' 12"; Epoch: JNOW; Target coordinates: RA: 06:52:25; Dec: -22° 33' 18"; Epoch: JNOW; Offset RA: 00:00:00; Dec: 00° 00' 00"; Distance: 00° 00' 00"; Bearing: 00° 00' 00"
2026-04-02T22:23:28.6359|INFO|TelescopeVM.cs|SlewAsyncInternal|910|Slewing from RA: 06:52:13; Dec: -22° 34' 12"; Epoch: JNOW to RA: 06:52:25; Dec: -22° 33' 18"; Epoch: JNOW - Alt: 23° 47' 26"; Az: 220° 18' 41"
2026-04-02T22:23:36.8488|INFO|CameraVM.cs|Capture|742|Starting Exposure - Exposure Time: 2s; Filter: L; Gain: 275; Offset 50; Binning: 1x1;
2026-04-02T22:23:41.2620|INFO|ImageSolver.cs|Solve|41|Platesolving with parameters: FocalLength: 360 PixelSize: 3.76 SearchRadius: 30 BlindFailoverEnabled: True Regions: 5000 DownSampleFactor: 0 MaxObjects: 500 Reference Coordinates RA: 06:51:18 Dec: -22° 31' 13" Epoch: J2000
2026-04-02T22:23:41.5832|INFO|BaseImageData.cs|SaveToDisk|346|Saved image to C:\Users\nicka\AppData\Local\NINA\PlateSolver\55qbp5su.ojc.fits
2026-04-02T22:23:42.4850|INFO|ImageSolver.cs|Solve|54|Platesolve successful: Coordinates: RA: 06:51:18; Dec: -22° 31' 14"; Epoch: J2000 - Position Angle: 275.49029567862954
2026-04-02T22:23:42.4864|INFO|CenteringSolver.cs|Center|99|Centering Solver - Scope Position: RA: 06:52:25; Dec: -22° 33' 18"; Epoch: JNOW; Offset: RA: 00:00:00; Dec: 00° 00' 00"; Distance: 00° 00' 00"; Bearing: 00° 00' 00"; Centering Coordinates: RA: 06:52:25; Dec: -22° 33' 18"; Epoch: JNOW; Solved: RA: 06:52:25; Dec: -22° 33' 19"; Epoch: JNOW; Separation RA: -00:00:00; Dec: 00° 00' 01"; Distance: 00° 00' 01"; Bearing: -131° 31' 52"; Threshold: 2
2026-04-02T22:23:42.4865|INFO|CenteringSolver.cs|Center|165|Restoring filter to H after centering
2026-04-02T22:23:42.4874|INFO|FilterWheelVM.cs|ChangeFilter|112|Moving to Filter H at Position 5
2026-04-02T22:23:42.7057|INFO|FocuserVM.cs|MoveFocuserInternal|216|Moving Focuser to position 387323
2026-04-02T22:23:47.4038|INFO|PHD2Guider.cs|TryStartGuideCommand|641|Phd2 - Requesting to start guiding. Recalibrate: False
2026-04-02T22:23:54.6380|INFO|PHD2Client.cs|ProcessEvent|261|PHD2: StartGuiding
2026-04-02T22:23:54.6381|INFO|PHD2Client.cs|StartNewGuidingSession|393|PHD2Client: New guiding session started
2026-04-02T22:23:54.6473|INFO|PHD2Client.cs|QueryExposureTime|1216|PHD2Client: Exposure time from PHD2 API: 2.000 seconds (2000 ms)
2026-04-02T22:24:17.7461|INFO|PHD2Client.cs|HandleSettleDone|343|PHD2Client: SettleDone - Status=0, Success=True, TotalFrames=10, DroppedFrames=0
2026-04-02T22:24:17.7462|WARNING|DitherStatisticsVM.cs|OnPHD2SettleDone|772|⚠️ SettleDone received but no currentDither exists (race condition?)
2026-04-02T22:24:18.3084|INFO|MeridianFlipTrigger.cs|ShouldTrigger|265|Meridian Flip - There is still time remaining - max remaining time 09:16:43.6866464, next instruction time 600, next instruction Category: Scheduler, Item: TakeExposure, ExposureTime 600, Gain 100, Offset 50, ImageType LIGHT, Binning 1x1 - and the telescope reports expected pier side pierEast. Automated Flip is not necessary.
2026-04-02T22:24:18.3085|INFO|DIYTrigger.cs|ShouldTrigger|109|DIY Trigger Restore Guiding ShouldTrigger returning true
2026-04-02T22:24:18.3085|INFO|SequenceTrigger.cs|Run|114|Starting Category: Powerups (Misc), Item: DIYTrigger
2026-04-02T22:24:18.3107|INFO|DIYTrigger.cs|Execute|95|DIY Trigger executing...
2026-04-02T22:24:18.3109|INFO|SequenceItem.cs|Run|208|Starting Category: * Instruction Set *, Container: NINA.Sequencer.Container.SequentialContainer, Strategy: SequentialStrategy, Items[CREATED]: 1, Triggers: Trigger: RestoreGuiding
2026-04-02T22:24:18.3112|INFO|MeridianFlipTrigger.cs|ShouldTrigger|265|Meridian Flip - There is still time remaining - max remaining time 09:16:43.6866464, next instruction time 0, next instruction Category: Powerups (Expressions), Item: IfFailed - and the telescope reports expected pier side pierEast. Automated Flip is not necessary.
2026-04-02T22:24:18.3113|INFO|SequenceItem.cs|Run|208|Starting Category: Powerups (Expressions), Item: IfFailed
2026-04-02T22:24:18.3113|INFO|SequenceItem.cs|Run|208|Starting Category: Guider, Item: StartGuiding
2026-04-02T22:24:18.3142|INFO|PHD2Guider.cs|StartGuidingPrivate|504|Phd2 - App is already guiding. Skipping start guiding
2026-04-02T22:24:18.3144|INFO|SequenceItem.cs|Run|254|Finishing Category: Guider, Item: StartGuiding
2026-04-02T22:24:18.3145|INFO|SequenceItem.cs|Run|254|Finishing Category: Powerups (Expressions), Item: IfFailed
2026-04-02T22:24:18.3148|INFO|SequenceItem.cs|Run|254|Finishing Category: * Instruction Set *, Container: NINA.Sequencer.Container.SequentialContainer, Strategy: SequentialStrategy, Items[FINISHED]: 1, Triggers: Trigger: RestoreGuiding
2026-04-02T22:24:18.3170|INFO|SequenceItem.cs|Run|208|Starting Category: Scheduler, Item: TakeExposure, ExposureTime 600, Gain 100, Offset 50, ImageType LIGHT, Binning 1x1
2026-04-02T22:24:18.3219|INFO|CameraVM.cs|Capture|742|Starting Exposure - Exposure Time: 600s; Filter: ; Gain: 100; Offset 50; Binning: 1x1;
2026-04-02T22:34:20.2671|INFO|SequenceItem.cs|Run|254|Finishing Category: Scheduler, Item: TakeExposure, ExposureTime 600, Gain 100, Offset 50, ImageType LIGHT, Binning 1x1
2026-04-02T22:34:20.2781|INFO|MeridianFlipTrigger.cs|ShouldTrigger|265|Meridian Flip - There is still time remaining - max remaining time 09:06:40.7819320, next instruction time 0, next instruction NINA.Plugin.TargetScheduler.Sequencer.PlanSchedulerProgress - and the telescope reports expected pier side pierEast. Automated Flip is not necessary.
2026-04-02T22:34:20.2783|INFO|SequenceItem.cs|Run|208|Starting NINA.Plugin.TargetScheduler.Sequencer.PlanSchedulerProgress
2026-04-02T22:34:20.2783|INFO|SequenceItem.cs|Run|254|Finishing NINA.Plugin.TargetScheduler.Sequencer.PlanSchedulerProgress
2026-04-02T22:34:22.4040|INFO|HocusFocusStarDetection.cs|Detect|413|Average HFR: 1.8541975765954914, HFR MAD: 0.11959356760223283, Detected Stars 967, Region: 0
2026-04-02T22:34:23.0298|INFO|BaseImageData.cs|SaveToDisk|346|Saved image to C:\ASTROIMAGES\NINA\2026-04-02\SH2-308 Panel 6 - NB\LIGHT\H\2026-04-02_22-24-18_SH2-308 Panel 6 - NB_LIGHT_H_-5.00C_G100-Exp-600.00s_MAXRMS-D2.07-R2.25_M-93.74_RMS-0.58_HFR-1.85_F-0008.fits
2026-04-02T22:34:23.0299|INFO|ImageSaveController.cs|DoWork|97|Successfully saved file at C:\ASTROIMAGES\NINA\2026-04-02\SH2-308 Panel 6 - NB\LIGHT\H\2026-04-02_22-24-18_SH2-308 Panel 6 - NB_LIGHT_H_-5.00C_G100-Exp-600.00s_MAXRMS-D2.07-R2.25_M-93.74_RMS-0.58_HFR-1.85_F-0008.fits. Duration Total: 00:00:02.7624030; BeforeSave: 00:00:00.0001073; BeforeFinalizeImageSaved: 00:00:02.4106388; FinalizeSaveTime: 00:00:00.3516561
2026-04-02T22:34:23.6283|WARNING|SessionMetaDataWatcher.cs|WriteAcquisitionMetaData|73|acquisition file already exists, will not overwrite: C:\ASTROIMAGES\NINA\2026-04-02\SH2-308 Panel 6 - NB\LIGHT\H\metadata\AcquisitionDetails.csv
2026-04-02T22:34:23.6284|WARNING|SessionMetaDataWatcher.cs|WriteAcquisitionMetaData|93|acquisition file already exists, will not overwrite: C:\ASTROIMAGES\NINA\2026-04-02\SH2-308 Panel 6 - NB\LIGHT\H\metadata\AcquisitionDetails.json
2026-04-02T22:34:23.6287|INFO|SessionMetaDataWatcher.cs|WriteImageMetaData|105|Writing CSV image metadata: C:\ASTROIMAGES\NINA\2026-04-02\SH2-308 Panel 6 - NB\LIGHT\H\metadata\ImageMetaData.csv
2026-04-02T22:34:23.6757|INFO|SessionMetaDataWatcher.cs|WriteImageMetaData|122|Writing JSON image metadata: C:\ASTROIMAGES\NINA\2026-04-02\SH2-308 Panel 6 - NB\LIGHT\H\metadata\ImageMetaData.json
2026-04-02T22:34:23.6778|INFO|SessionMetaDataWatcher.cs|WriteWeatherMetaData|169|Writing CSV weather metadata: C:\ASTROIMAGES\NINA\2026-04-02\SH2-308 Panel 6 - NB\LIGHT\H\metadata\WeatherData.csv
2026-04-02T22:34:23.6919|INFO|SessionMetaDataWatcher.cs|WriteWeatherMetaData|186|Writing JSON weather metadata: C:\ASTROIMAGES\NINA\2026-04-02\SH2-308 Panel 6 - NB\LIGHT\H\metadata\WeatherData.json
2026-04-02T22:34:23.9925|INFO|MeridianFlipTrigger.cs|ShouldTrigger|265|Meridian Flip - There is still time remaining - max remaining time 09:06:36.7444972, next instruction time 0, next instruction Category: Powerups (Fun-ctions), Item: GSSend - and the telescope reports expected pier side pierEast. Automated Flip is not necessary.
2026-04-02T22:34:23.9926|INFO|SequenceItem.cs|Run|208|Starting Category: Powerups (Fun-ctions), Item: GSSend
2026-04-02T22:34:23.9929|INFO|SendWithGS.cs|ProcessedScript|64|Replacing Image_ExposureTime with 600
2026-04-02T22:34:23.9930|INFO|SendWithGS.cs|ProcessedScript|64|Replacing Image_HFR with 1.854
2026-04-02T22:34:23.9931|INFO|SendWithGS.cs|ProcessedScript|64|Replacing Image_FWHM with 7.56
2026-04-02T22:34:23.9932|INFO|SendWithGS.cs|ProcessedScript|64|Replacing Altitude with 22.257929142791966
2026-04-02T22:34:23.9933|INFO|SendWithGS.cs|Execute|95|Sending to Ground Station: Exp: $$FWHEEL_FILTER_NAME$$ on $$TARGET_NAME$$ EXP: 600 HFR: 1.854 FWHM: 7.56  Altitude: 22.257929142791966 
2026-04-02T22:34:23.9945|INFO|SequenceItem.cs|Run|208|Starting Category: Ground Station, Item: Send to Telegram
2026-04-02T22:34:24.6435|INFO|SequenceItem.cs|Run|254|Finishing Category: Ground Station, Item: Send to Telegram
2026-04-02T22:34:24.6450|INFO|SequenceItem.cs|Run|254|Finishing Category: Powerups (Fun-ctions), Item: GSSend
2026-04-02T22:34:24.6455|INFO|MeridianFlipTrigger.cs|ShouldTrigger|265|Meridian Flip - There is still time remaining - max remaining time 09:06:36.7444972, next instruction time 0, next instruction Category: Powerups (Fun-ctions), Item: GSSend - and the telescope reports expected pier side pierEast. Automated Flip is not necessary.
2026-04-02T22:34:24.6455|INFO|SequenceItem.cs|Run|208|Starting Category: Powerups (Fun-ctions), Item: GSSend
2026-04-02T22:34:24.6458|INFO|SendWithGS.cs|ProcessedScript|64|Replacing Image_ExposureTime with 600
2026-04-02T22:34:24.6460|INFO|SendWithGS.cs|ProcessedScript|64|Replacing Image_HFR with 1.854
2026-04-02T22:34:24.6462|INFO|SendWithGS.cs|ProcessedScript|64|Replacing Image_FWHM with 7.56
2026-04-02T22:34:24.6464|INFO|SendWithGS.cs|ProcessedScript|64|Replacing Altitude with 22.257929142791966
2026-04-02T22:34:24.6464|INFO|SendWithGS.cs|Execute|95|Sending to Ground Station: Exp: $$FWHEEL_FILTER_NAME$$ on $$TARGET_NAME$$ EXP: 600 HFR: 1.854 FWHM: 7.56  Altitude: 22.257929142791966 
2026-04-02T22:34:24.6481|INFO|SequenceItem.cs|Run|208|Starting Category: Ground Station, Item: Send to Pushover, Title: IMAGE: $$TARGET_NAME$$
2026-04-02T22:34:24.7920|INFO|SequenceItem.cs|Run|254|Finishing Category: Ground Station, Item: Send to Pushover, Title: IMAGE: $$TARGET_NAME$$
2026-04-02T22:34:24.7935|INFO|SequenceItem.cs|Run|254|Finishing Category: Powerups (Fun-ctions), Item: GSSend
2026-04-02T22:34:25.0736|INFO|Symbol.cs|OnMessageReceived|627|Received message from Target Scheduler re: TargetScheduler-TargetStart
2026-04-02T22:34:25.0737|INFO|Symbol.cs|OnMessageReceived|635|TS_TargetName = SH2-308 Panel 6 - NB
2026-04-02T22:34:25.0737|INFO|Symbol.cs|OnMessageReceived|636|Expires at 04/02/2026 22:48:45 -05:00
2026-04-02T22:34:25.0741|INFO|MeridianFlipTrigger.cs|ShouldTrigger|265|Meridian Flip - There is still time remaining - max remaining time 09:06:34.8678329, next instruction time 0, next instruction NINA.Plugin.TargetScheduler.Sequencer.PlanSchedulerProgress - and the telescope reports expected pier side pierEast. Automated Flip is not necessary.
2026-04-02T22:34:25.0743|INFO|SequenceItem.cs|Run|208|Starting NINA.Plugin.TargetScheduler.Sequencer.PlanSchedulerProgress
2026-04-02T22:34:25.0744|INFO|SequenceItem.cs|Run|254|Finishing NINA.Plugin.TargetScheduler.Sequencer.PlanSchedulerProgress
2026-04-02T22:34:25.0747|INFO|MeridianFlipTrigger.cs|ShouldTrigger|265|Meridian Flip - There is still time remaining - max remaining time 09:06:34.8678329, next instruction time 90, next instruction Category: , Item: Dither - and the telescope reports expected pier side pierEast. Automated Flip is not necessary.
2026-04-02T22:34:25.0747|INFO|SequenceItem.cs|Run|208|Starting Category: , Item: Dither
2026-04-02T22:34:25.0956|INFO|PHD2Client.cs|HandleGuidingDithered|309|PHD2Client: 🎯 GuidingDithered (DITHER START) - dx=-6.66, dy=-16.49
2026-04-02T22:34:25.0957|INFO|DitherStatisticsVM.cs|OnPHD2GuidingDithered|752|🎯 DITHER START detected via GuidingDithered! dx=-6.66, dy=-16.49
2026-04-02T22:34:25.0957|INFO|DitherStatisticsVM.cs|OnPHD2GuidingDithered|762|✅ Dither START recorded with pixel shift: (-6.66, -16.49)
2026-04-02T22:34:25.0958|INFO|PHD2Client.cs|StartDitherDataCollection|576|PHD2Client: Started dither data collection for 30 seconds (series #8)
2026-04-02T22:34:25.6920|INFO|StarfrontClient.cs|SendImageFile|249|[Rockwood] sent 2026-04-02_22-24-18_SH2-308 Panel 6 - NB_LIGHT_H_-5.00C_G100-Exp-600.00s_MAXRMS-D2.07-R2.25_M-93.74_RMS-0.58_HFR-1.85_F-0008.fits (31KB) object=SH2-308 Panel 6 - NB exptime=600s filter=H
2026-04-02T22:34:55.0993|INFO|PHD2Client.cs|OnDitherCollectionComplete|657|PHD2Client: Dither data collection complete (timer). Collected 9 points.
2026-04-02T22:34:55.1042|INFO|PHD2Client.cs|WriteDitherAnalysisFile|738|PHD2Client: Dither analysis file written with 77 data points: 20260402_222354_dither_analysis.txt
2026-04-02T22:34:55.1097|INFO|PHD2Client.cs|WritePositivePeriodsFile|932|PHD2Client: Positive periods analysis written with 24 total periods across 3 multipliers: 20260402_222354_positive_periods.txt
2026-04-02T22:34:55.1099|INFO|PHD2Client.cs|AnalyzePositivePeriods|868|PHD2Client: Positive period analysis complete. firstPeriodPerSeries counts: 1.5σ=6, 2.0σ=5, 3.0σ=1
2026-04-02T22:34:55.1101|INFO|PHD2Client.cs|CalculateRecommendation|954|PHD2Client: Calculating recommendation from 8 dither series, RMS=0.2016, StdDev=0.1201
2026-04-02T22:34:55.1103|INFO|PHD2Client.cs|CalculateRecommendation|987|PHD2Client: Dither recommendation calculated - Events: 8, SettlePixel: Q=0.38 B=0.44 P=0.56, MinSettle: Q=8.0s B=8.0s P=6.0s
2026-04-02T22:34:55.1107|INFO|DitherStatisticsVM.cs|OnDitherRecommendationUpdated|500|Dither recommendation updated on UI thread - Events: 8
2026-04-02T22:34:55.1109|INFO|PHD2Client.cs|RunAnalysisAndRecommendation|638|PHD2Client: RunAnalysisAndRecommendation completed - 77 points, 8 series
2026-04-02T22:34:59.8536|INFO|PHD2Client.cs|HandleSettleDone|343|PHD2Client: SettleDone - Status=0, Success=True, TotalFrames=11, DroppedFrames=0
2026-04-02T22:34:59.8538|INFO|DitherStatisticsVM.cs|OnPHD2SettleDone|794|✅ DITHER END - Success=True, SettleTime=34.76s, TotalFrames=11, DroppedFrames=0
2026-04-02T22:34:59.8601|INFO|DitherStatisticsVM.cs|UpdateQualityMetrics|865|Quality metrics updated: Score=0.1674, Rating=Poor
2026-04-02T22:35:00.4618|INFO|SequenceItem.cs|Run|254|Finishing Category: , Item: Dither
2026-04-02T22:35:00.4625|INFO|MeridianFlipTrigger.cs|ShouldTrigger|265|Meridian Flip - There is still time remaining - max remaining time 09:05:59.3499747, next instruction time 0, next instruction NINA.Plugin.TargetScheduler.Sequencer.PlanSchedulerProgress - and the telescope reports expected pier side pierEast. Automated Flip is not necessary.
2026-04-02T22:35:00.4628|INFO|SequenceItem.cs|Run|208|Starting NINA.Plugin.TargetScheduler.Sequencer.PlanSchedulerProgress
2026-04-02T22:35:00.4629|INFO|SequenceItem.cs|Run|254|Finishing NINA.Plugin.TargetScheduler.Sequencer.PlanSchedulerProgress
2026-04-02T22:35:00.4633|INFO|MeridianFlipTrigger.cs|ShouldTrigger|265|Meridian Flip - There is still time remaining - max remaining time 09:05:59.3499747, next instruction time 0, next instruction Category: Scheduler, Item: SwitchFilter, Filter: H - and the telescope reports expected pier side pierEast. Automated Flip is not necessary.
2026-04-02T22:35:00.4634|INFO|SequenceItem.cs|Run|208|Starting Category: Scheduler, Item: SwitchFilter, Filter: H
2026-04-02T22:35:00.4649|INFO|SequenceItem.cs|Run|254|Finishing Category: Scheduler, Item: SwitchFilter, Filter: H
2026-04-02T22:35:00.4653|INFO|MeridianFlipTrigger.cs|ShouldTrigger|265|Meridian Flip - There is still time remaining - max remaining time 09:05:59.3499747, next instruction time 0, next instruction NINA.Plugin.TargetScheduler.Sequencer.PlanSchedulerProgress - and the telescope reports expected pier side pierEast. Automated Flip is not necessary.
2026-04-02T22:35:00.4654|INFO|SequenceItem.cs|Run|208|Starting NINA.Plugin.TargetScheduler.Sequencer.PlanSchedulerProgress
2026-04-02T22:35:00.4655|INFO|SequenceItem.cs|Run|254|Finishing NINA.Plugin.TargetScheduler.Sequencer.PlanSchedulerProgress
2026-04-02T22:35:00.4659|INFO|MeridianFlipTrigger.cs|ShouldTrigger|265|Meridian Flip - There is still time remaining - max remaining time 09:05:59.3499747, next instruction time 0, next instruction Category: Scheduler, Item: SetReadoutMode, Mode: 0 - and the telescope reports expected pier side pierEast. Automated Flip is not necessary.
2026-04-02T22:35:00.4660|INFO|SequenceItem.cs|Run|208|Starting Category: Scheduler, Item: SetReadoutMode, Mode: 0
2026-04-02T22:35:00.4662|INFO|SequenceItem.cs|Run|254|Finishing Category: Scheduler, Item: SetReadoutMode, Mode: 0
2026-04-02T22:35:00.4666|INFO|MeridianFlipTrigger.cs|ShouldTrigger|265|Meridian Flip - There is still time remaining - max remaining time 09:05:59.3499747, next instruction time 0, next instruction NINA.Plugin.TargetScheduler.Sequencer.PlanSchedulerProgress - and the telescope reports expected pier side pierEast. Automated Flip is not necessary.
2026-04-02T22:35:00.4667|INFO|SequenceItem.cs|Run|208|Starting NINA.Plugin.TargetScheduler.Sequencer.PlanSchedulerProgress
2026-04-02T22:35:00.4685|INFO|SequenceItem.cs|Run|254|Finishing NINA.Plugin.TargetScheduler.Sequencer.PlanSchedulerProgress
2026-04-02T22:35:00.4691|INFO|MeridianFlipTrigger.cs|ShouldTrigger|265|Meridian Flip - There is still time remaining - max remaining time 09:05:59.3499747, next instruction time 600, next instruction Category: Scheduler, Item: TakeExposure, ExposureTime 600, Gain 100, Offset 50, ImageType LIGHT, Binning 1x1 - and the telescope reports expected pier side pierEast. Automated Flip is not necessary.
2026-04-02T22:35:00.4692|INFO|DIYTrigger.cs|ShouldTrigger|109|DIY Trigger Restore Guiding ShouldTrigger returning true
2026-04-02T22:35:00.4693|INFO|SequenceTrigger.cs|Run|114|Starting Category: Powerups (Misc), Item: DIYTrigger
2026-04-02T22:35:00.4744|INFO|DIYTrigger.cs|Execute|95|DIY Trigger executing...
2026-04-02T22:35:00.4747|INFO|SequenceItem.cs|Run|208|Starting Category: * Instruction Set *, Container: NINA.Sequencer.Container.SequentialContainer, Strategy: SequentialStrategy, Items[CREATED]: 1, Triggers: Trigger: RestoreGuiding
2026-04-02T22:35:00.4755|INFO|MeridianFlipTrigger.cs|ShouldTrigger|265|Meridian Flip - There is still time remaining - max remaining time 09:05:59.3499747, next instruction time 0, next instruction Category: Powerups (Expressions), Item: IfFailed - and the telescope reports expected pier side pierEast. Automated Flip is not necessary.
2026-04-02T22:35:00.4757|INFO|SequenceItem.cs|Run|208|Starting Category: Powerups (Expressions), Item: IfFailed
2026-04-02T22:35:00.4758|INFO|SequenceItem.cs|Run|208|Starting Category: Guider, Item: StartGuiding
2026-04-02T22:35:00.4826|INFO|PHD2Guider.cs|StartGuidingPrivate|504|Phd2 - App is already guiding. Skipping start guiding
2026-04-02T22:35:00.4829|INFO|SequenceItem.cs|Run|254|Finishing Category: Guider, Item: StartGuiding
2026-04-02T22:35:00.4831|INFO|SequenceItem.cs|Run|254|Finishing Category: Powerups (Expressions), Item: IfFailed
2026-04-02T22:35:00.4833|INFO|SequenceItem.cs|Run|254|Finishing Category: * Instruction Set *, Container: NINA.Sequencer.Container.SequentialContainer, Strategy: SequentialStrategy, Items[FINISHED]: 1, Triggers: Trigger: RestoreGuiding
2026-04-02T22:35:00.4885|INFO|SequenceItem.cs|Run|208|Starting Category: Scheduler, Item: TakeExposure, ExposureTime 600, Gain 100, Offset 50, ImageType LIGHT, Binning 1x1
2026-04-02T22:35:00.5133|INFO|CameraVM.cs|Capture|742|Starting Exposure - Exposure Time: 600s; Filter: ; Gain: 100; Offset 50; Binning: 1x1;
2026-04-02T22:45:02.4689|INFO|SequenceItem.cs|Run|254|Finishing Category: Scheduler, Item: TakeExposure, ExposureTime 600, Gain 100, Offset 50, ImageType LIGHT, Binning 1x1
2026-04-02T22:45:02.4694|INFO|MeridianFlipTrigger.cs|ShouldTrigger|265|Meridian Flip - There is still time remaining - max remaining time 08:55:55.1478804, next instruction time 0, next instruction NINA.Plugin.TargetScheduler.Sequencer.PlanSchedulerProgress - and the telescope reports expected pier side pierEast. Automated Flip is not necessary.
2026-04-02T22:45:02.4695|INFO|SequenceItem.cs|Run|208|Starting NINA.Plugin.TargetScheduler.Sequencer.PlanSchedulerProgress
2026-04-02T22:45:02.4695|INFO|SequenceItem.cs|Run|254|Finishing NINA.Plugin.TargetScheduler.Sequencer.PlanSchedulerProgress
2026-04-02T22:45:04.3951|INFO|HocusFocusStarDetection.cs|Detect|413|Average HFR: 1.8265098580440593, HFR MAD: 0.11685319899352353, Detected Stars 867, Region: 0
2026-04-02T22:45:05.0383|INFO|BaseImageData.cs|SaveToDisk|346|Saved image to C:\ASTROIMAGES\NINA\2026-04-02\SH2-308 Panel 6 - NB\LIGHT\H\2026-04-02_22-35-00_SH2-308 Panel 6 - NB_LIGHT_H_-5.00C_G100-Exp-600.00s_MAXRMS-D1.18-R2.46_M-93.78_RMS-0.51_HFR-1.83_F-0009.fits
2026-04-02T22:45:05.0384|INFO|ImageSaveController.cs|DoWork|97|Successfully saved file at C:\ASTROIMAGES\NINA\2026-04-02\SH2-308 Panel 6 - NB\LIGHT\H\2026-04-02_22-35-00_SH2-308 Panel 6 - NB_LIGHT_H_-5.00C_G100-Exp-600.00s_MAXRMS-D1.18-R2.46_M-93.78_RMS-0.51_HFR-1.83_F-0009.fits. Duration Total: 00:00:02.5688533; BeforeSave: 00:00:00.0000858; BeforeFinalizeImageSaved: 00:00:02.1982365; FinalizeSaveTime: 00:00:00.3705302
2026-04-02T22:45:05.5930|WARNING|SessionMetaDataWatcher.cs|WriteAcquisitionMetaData|73|acquisition file already exists, will not overwrite: C:\ASTROIMAGES\NINA\2026-04-02\SH2-308 Panel 6 - NB\LIGHT\H\metadata\AcquisitionDetails.csv
2026-04-02T22:45:05.5932|WARNING|SessionMetaDataWatcher.cs|WriteAcquisitionMetaData|93|acquisition file already exists, will not overwrite: C:\ASTROIMAGES\NINA\2026-04-02\SH2-308 Panel 6 - NB\LIGHT\H\metadata\AcquisitionDetails.json
2026-04-02T22:45:05.5935|INFO|SessionMetaDataWatcher.cs|WriteImageMetaData|105|Writing CSV image metadata: C:\ASTROIMAGES\NINA\2026-04-02\SH2-308 Panel 6 - NB\LIGHT\H\metadata\ImageMetaData.csv
2026-04-02T22:45:05.6335|INFO|SessionMetaDataWatcher.cs|WriteImageMetaData|122|Writing JSON image metadata: C:\ASTROIMAGES\NINA\2026-04-02\SH2-308 Panel 6 - NB\LIGHT\H\metadata\ImageMetaData.json
2026-04-02T22:45:05.6354|INFO|SessionMetaDataWatcher.cs|WriteWeatherMetaData|169|Writing CSV weather metadata: C:\ASTROIMAGES\NINA\2026-04-02\SH2-308 Panel 6 - NB\LIGHT\H\metadata\WeatherData.csv
2026-04-02T22:45:05.6511|INFO|SessionMetaDataWatcher.cs|WriteWeatherMetaData|186|Writing JSON weather metadata: C:\ASTROIMAGES\NINA\2026-04-02\SH2-308 Panel 6 - NB\LIGHT\H\metadata\WeatherData.json
2026-04-02T22:45:05.9837|INFO|MeridianFlipTrigger.cs|ShouldTrigger|265|Meridian Flip - There is still time remaining - max remaining time 08:55:51.2181116, next instruction time 0, next instruction Category: Powerups (Fun-ctions), Item: GSSend - and the telescope reports expected pier side pierEast. Automated Flip is not necessary.
2026-04-02T22:45:05.9838|INFO|SequenceItem.cs|Run|208|Starting Category: Powerups (Fun-ctions), Item: GSSend
2026-04-02T22:45:05.9843|INFO|SendWithGS.cs|ProcessedScript|64|Replacing Image_ExposureTime with 600
2026-04-02T22:45:05.9845|INFO|SendWithGS.cs|ProcessedScript|64|Replacing Image_HFR with 1.827
2026-04-02T22:45:05.9846|INFO|SendWithGS.cs|ProcessedScript|64|Replacing Image_FWHM with 7.45
2026-04-02T22:45:05.9847|INFO|SendWithGS.cs|ProcessedScript|64|Replacing Altitude with 20.69243726795224
2026-04-02T22:45:05.9847|INFO|SendWithGS.cs|Execute|95|Sending to Ground Station: Exp: $$FWHEEL_FILTER_NAME$$ on $$TARGET_NAME$$ EXP: 600 HFR: 1.827 FWHM: 7.45  Altitude: 20.69243726795224 
2026-04-02T22:45:05.9859|INFO|SequenceItem.cs|Run|208|Starting Category: Ground Station, Item: Send to Telegram
2026-04-02T22:45:06.6053|INFO|SequenceItem.cs|Run|254|Finishing Category: Ground Station, Item: Send to Telegram
2026-04-02T22:45:06.6069|INFO|SequenceItem.cs|Run|254|Finishing Category: Powerups (Fun-ctions), Item: GSSend
2026-04-02T22:45:06.6074|INFO|MeridianFlipTrigger.cs|ShouldTrigger|265|Meridian Flip - There is still time remaining - max remaining time 08:55:51.2181116, next instruction time 0, next instruction Category: Powerups (Fun-ctions), Item: GSSend - and the telescope reports expected pier side pierEast. Automated Flip is not necessary.
2026-04-02T22:45:06.6075|INFO|SequenceItem.cs|Run|208|Starting Category: Powerups (Fun-ctions), Item: GSSend
2026-04-02T22:45:06.6078|INFO|SendWithGS.cs|ProcessedScript|64|Replacing Image_ExposureTime with 600
2026-04-02T22:45:06.6079|INFO|SendWithGS.cs|ProcessedScript|64|Replacing Image_HFR with 1.827
2026-04-02T22:45:06.6080|INFO|SendWithGS.cs|ProcessedScript|64|Replacing Image_FWHM with 7.45
2026-04-02T22:45:06.6081|INFO|SendWithGS.cs|ProcessedScript|64|Replacing Altitude with 20.689723710363147
2026-04-02T22:45:06.6081|INFO|SendWithGS.cs|Execute|95|Sending to Ground Station: Exp: $$FWHEEL_FILTER_NAME$$ on $$TARGET_NAME$$ EXP: 600 HFR: 1.827 FWHM: 7.45  Altitude: 20.689723710363147 
2026-04-02T22:45:06.6099|INFO|SequenceItem.cs|Run|208|Starting Category: Ground Station, Item: Send to Pushover, Title: IMAGE: $$TARGET_NAME$$
2026-04-02T22:45:06.7906|INFO|SequenceItem.cs|Run|254|Finishing Category: Ground Station, Item: Send to Pushover, Title: IMAGE: $$TARGET_NAME$$
2026-04-02T22:45:06.7918|INFO|SequenceItem.cs|Run|254|Finishing Category: Powerups (Fun-ctions), Item: GSSend
2026-04-02T22:45:07.8028|INFO|StarfrontClient.cs|SendImageFile|249|[Rockwood] sent 2026-04-02_22-35-00_SH2-308 Panel 6 - NB_LIGHT_H_-5.00C_G100-Exp-600.00s_MAXRMS-D1.18-R2.46_M-93.78_RMS-0.51_HFR-1.83_F-0009.fits (31KB) object=SH2-308 Panel 6 - NB exptime=600s filter=H
2026-04-02T22:45:09.3429|INFO|Symbol.cs|OnMessageReceived|627|Received message from Target Scheduler re: TargetScheduler-WaitStart
2026-04-02T22:45:09.4558|INFO|MeridianFlipTrigger.cs|ShouldTrigger|265|Meridian Flip - There is still time remaining - max remaining time 08:55:47.2812926, next instruction time 0, next instruction Category: Ground Station, Item: Send to Telegram - and the telescope reports expected pier side pierEast. Automated Flip is not necessary.
2026-04-02T22:45:09.4558|INFO|SequenceItem.cs|Run|208|Starting Category: Ground Station, Item: Send to Telegram
2026-04-02T22:45:10.0740|INFO|SequenceItem.cs|Run|254|Finishing Category: Ground Station, Item: Send to Telegram
2026-04-02T22:45:10.0749|INFO|MeridianFlipTrigger.cs|ShouldTrigger|265|Meridian Flip - There is still time remaining - max remaining time 08:55:47.2812926, next instruction time 0, next instruction Category: Ground Station, Item: Send to Pushover, Title: Waiting - and the telescope reports expected pier side pierEast. Automated Flip is not necessary.
2026-04-02T22:45:10.0751|INFO|SequenceItem.cs|Run|208|Starting Category: Ground Station, Item: Send to Pushover, Title: Waiting
2026-04-02T22:45:10.2250|INFO|SequenceItem.cs|Run|254|Finishing Category: Ground Station, Item: Send to Pushover, Title: Waiting
2026-04-02T22:45:10.6023|INFO|PHD2Client.cs|ProcessEvent|268|PHD2: ConfigurationChange
2026-04-02T22:45:10.6243|WARNING|PHD2Client.cs|ProcessEvent|252|PHD2: LockPositionLost
2026-04-02T22:45:10.7284|INFO|PHD2Client.cs|QueryExposureTime|1216|PHD2Client: Exposure time from PHD2 API: 2.000 seconds (2000 ms)
2026-04-02T22:54:10.8625|INFO|MeridianFlipTrigger.cs|ShouldTrigger|204|Meridian Flip - Telescope is not tracking. Skip flip evaluation
2026-04-02T22:54:10.8627|INFO|SequenceItem.cs|Run|208|Starting Category: Ground Station, Item: Send to Telegram
2026-04-02T22:54:11.5098|INFO|SequenceItem.cs|Run|254|Finishing Category: Ground Station, Item: Send to Telegram
2026-04-02T22:54:11.5105|INFO|MeridianFlipTrigger.cs|ShouldTrigger|204|Meridian Flip - Telescope is not tracking. Skip flip evaluation
2026-04-02T22:54:11.5107|INFO|SequenceItem.cs|Run|208|Starting Category: Ground Station, Item: Send to Pushover, Title: Done Waiting
2026-04-02T22:54:11.6481|INFO|SequenceItem.cs|Run|254|Finishing Category: Ground Station, Item: Send to Pushover, Title: Done Waiting
2026-04-02T22:54:11.6489|INFO|MeridianFlipTrigger.cs|ShouldTrigger|204|Meridian Flip - Telescope is not tracking. Skip flip evaluation
2026-04-02T22:54:11.6490|INFO|SequenceItem.cs|Run|208|Starting Category: Focuser, Item: RunAutofocus
2026-04-02T22:54:11.8077|INFO|FocuserMediator.cs|BroadcastAutoFocusRunStarting|92|Autofocus starting notification received
2026-04-02T22:54:11.8114|INFO|PHD2Guider.cs|StopGuiding|704|Phd2 - Stop Guiding skipped, as the app is already in state Stopped
2026-04-02T22:54:11.8129|INFO|FilterWheelVM.cs|ChangeFilter|112|Moving to Filter L at Position 0
2026-04-02T22:54:12.0284|INFO|FocuserVM.cs|MoveFocuserInternal|216|Moving Focuser to position 387301
2026-04-02T22:54:21.3906|INFO|AutoFocusEngine.cs|RunAutoFocus|929|Starting AutoFocus with initial position 387301
2026-04-02T22:54:21.4126|INFO|CameraVM.cs|Capture|742|Starting Exposure - Exposure Time: 3s; Filter: L; Gain: 270; Offset 50; Binning: 1x1;
2026-04-02T22:54:26.0821|INFO|AutoFocusEngine.cs|StartBlindFocusPoints|769|Waiting on initial HFR analysis
2026-04-02T22:54:26.0840|INFO|FocuserVM.cs|MoveFocuserInternal|216|Moving Focuser to position 387437
2026-04-02T22:54:31.3671|INFO|CameraVM.cs|Capture|742|Starting Exposure - Exposure Time: 3s; Filter: L; Gain: 270; Offset 50; Binning: 1x1;
2026-04-02T22:54:36.0429|INFO|FocuserVM.cs|MoveFocuserInternal|216|Moving Focuser to position 387403
2026-04-02T22:54:43.3426|INFO|CameraVM.cs|Capture|742|Starting Exposure - Exposure Time: 3s; Filter: L; Gain: 270; Offset 50; Binning: 1x1;
2026-04-02T22:54:48.0164|INFO|FocuserVM.cs|MoveFocuserInternal|216|Moving Focuser to position 387369
2026-04-02T22:54:55.3497|INFO|CameraVM.cs|Capture|742|Starting Exposure - Exposure Time: 3s; Filter: L; Gain: 270; Offset 50; Binning: 1x1;
2026-04-02T22:55:00.0110|INFO|FocuserVM.cs|MoveFocuserInternal|216|Moving Focuser to position 387335
2026-04-02T22:55:07.3605|INFO|CameraVM.cs|Capture|742|Starting Exposure - Exposure Time: 3s; Filter: L; Gain: 270; Offset 50; Binning: 1x1;
2026-04-02T22:55:12.0527|INFO|AutoFocusEngine.cs|StartBlindFocusPoints|797|Waiting on initial focuser move analyses
2026-04-02T22:55:13.4703|ERROR|AutoFocusEngine.cs|RunAutoFocus|949|Too many failed points (4)
2026-04-02T22:55:13.4710|WARNING|AutoFocusEngine.cs|RunAutoFocus|965|Potentially bad auto-focus. Setting focuser back to 387301 and re-attempting.
2026-04-02T22:55:13.4731|INFO|FocuserVM.cs|MoveFocuserInternal|216|Moving Focuser to position 387301
2026-04-02T22:55:23.3728|INFO|AutoFocusEngine.cs|StartBlindFocusPoints|769|Waiting on initial HFR analysis
2026-04-02T22:55:23.3733|ERROR|AutoFocusEngine.cs|RunAutoFocus|954|Initial HFR calculation failed
2026-04-02T22:55:23.3734|WARNING|AutoFocusEngine.cs|RunAutoFocus|965|Potentially bad auto-focus. Setting focuser back to 387301 and re-attempting.
2026-04-02T22:55:23.3748|INFO|FocuserVM.cs|MoveFocuserInternal|216|Moving Focuser to position 387301
2026-04-02T22:55:27.4038|INFO|AutoFocusEngine.cs|StartBlindFocusPoints|769|Waiting on initial HFR analysis
2026-04-02T22:55:27.4041|ERROR|AutoFocusEngine.cs|RunAutoFocus|954|Initial HFR calculation failed
2026-04-02T22:55:27.4068|WARNING|AutoFocusEngine.cs|PerformPostAutoFocusActions|1002|AutoFocus did not complete successfully, so restoring the focuser position to 387301
2026-04-02T22:55:27.4083|INFO|FocuserVM.cs|MoveFocuserInternal|216|Moving Focuser to position 387301
2026-04-02T22:55:31.3740|INFO|FilterWheelVM.cs|ChangeFilter|112|Moving to Filter H at Position 5
2026-04-02T22:55:31.3758|INFO|FocuserVM.cs|MoveFocuserInternal|216|Moving Focuser to position 387323
2026-04-02T22:55:35.3520|ERROR|SequenceItem.cs|Run|263|Category: Focuser, Item: RunAutofocus - 
NINA.Core.Model.SequenceEntityFailedException: Autofocus failed to run
   at NINA.Sequencer.SequenceItem.Autofocus.RunAutofocus.Execute(IProgress`1 progress, CancellationToken token) in /_/NINA.Sequencer/SequenceItem/Autofocus/RunAutofocus.cs:line 94
   at NINA.Sequencer.SequenceItem.SequenceItem.Run(IProgress`1 progress, CancellationToken token) in /_/NINA.Sequencer/SequenceItem/SequenceItem.cs:line 249
2026-04-02T22:55:35.3831|ERROR|SequenceItem.cs|RunErrorBehavior|195|Instruction Run Autofocus failed after 1 attempt. Error behavior is set to ContinueOnError. Continuing.
2026-04-02T22:55:35.3835|INFO|MeridianFlipTrigger.cs|ShouldTrigger|204|Meridian Flip - Telescope is not tracking. Skip flip evaluation
2026-04-02T22:55:35.3836|INFO|SequenceItem.cs|Run|208|Starting Category: Guider, Item: StartGuiding
2026-04-02T22:55:35.3883|INFO|FailuresToTelegramTrigger.cs|WorkerFn|178|Failures to Telegram: Sending Run Autofocus failed after 1 attempts!

Reasons: Autofocus failed to run

2026-04-02T22:55:35.3891|INFO|FailuresToTelegramTrigger.cs|WorkerFn|178|Failures to Telegram: Sending Run Autofocus failed after 1 attempts!

Reasons: Autofocus failed to run

2026-04-02T22:55:35.3891|INFO|FailuresToPushoverTrigger.cs|WorkerFn|186|Failures to Pushover: Sending Failure running Run Autofocus
2026-04-02T22:55:35.3932|INFO|PHD2Guider.cs|TryStartGuideCommand|641|Phd2 - Requesting to start guiding. Recalibrate: False
2026-04-02T22:55:42.6166|INFO|PHD2Client.cs|ProcessEvent|261|PHD2: StartGuiding
2026-04-02T22:55:42.6168|INFO|PHD2Client.cs|StartNewGuidingSession|393|PHD2Client: New guiding session started
2026-04-02T22:55:42.6270|INFO|PHD2Client.cs|QueryExposureTime|1216|PHD2Client: Exposure time from PHD2 API: 2.000 seconds (2000 ms)
2026-04-02T22:57:02.5957|INFO|PHD2Client.cs|HandleSettleDone|343|PHD2Client: SettleDone - Status=0, Success=True, TotalFrames=31, DroppedFrames=0
2026-04-02T22:57:02.5958|WARNING|DitherStatisticsVM.cs|OnPHD2SettleDone|772|⚠️ SettleDone received but no currentDither exists (race condition?)
2026-04-02T22:57:02.9419|INFO|SequenceItem.cs|Run|254|Finishing Category: Guider, Item: StartGuiding
2026-04-02T22:57:02.9423|INFO|MeridianFlipTrigger.cs|ShouldTrigger|265|Meridian Flip - There is still time remaining - max remaining time 08:54:24.5219153, next instruction time 0, next instruction Category: Ground Station, Item: Send to Telegram - and the telescope reports expected pier side pierEast. Automated Flip is not necessary.
2026-04-02T22:57:02.9424|INFO|SequenceItem.cs|Run|208|Starting Category: Ground Station, Item: Send to Telegram
2026-04-02T22:57:03.5486|INFO|SequenceItem.cs|Run|254|Finishing Category: Ground Station, Item: Send to Telegram
2026-04-02T22:57:03.5547|INFO|MeridianFlipTrigger.cs|ShouldTrigger|265|Meridian Flip - There is still time remaining - max remaining time 08:54:24.5219153, next instruction time 0, next instruction Category: Ground Station, Item: Send to Pushover, Title: Done Waiting - and the telescope reports expected pier side pierEast. Automated Flip is not necessary.
2026-04-02T22:57:03.5547|INFO|SequenceItem.cs|Run|208|Starting Category: Ground Station, Item: Send to Pushover, Title: Done Waiting
2026-04-02T22:57:03.7079|INFO|SequenceItem.cs|Run|254|Finishing Category: Ground Station, Item: Send to Pushover, Title: Done Waiting
2026-04-02T22:57:03.9070|INFO|Symbol.cs|OnMessageReceived|627|Received message from Target Scheduler re: TargetScheduler-NewTargetStart
2026-04-02T22:57:03.9070|INFO|Symbol.cs|OnMessageReceived|635|TS_TargetName = M 81-82 - NB
2026-04-02T22:57:03.9070|INFO|Symbol.cs|OnMessageReceived|636|Expires at 04/03/2026 04:39:45 -05:00
2026-04-02T22:57:03.9125|INFO|Symbol.cs|OnMessageReceived|627|Received message from Target Scheduler re: TargetScheduler-TargetStart
2026-04-02T22:57:03.9126|INFO|Symbol.cs|OnMessageReceived|635|TS_TargetName = M 81-82 - NB
2026-04-02T22:57:03.9126|INFO|Symbol.cs|OnMessageReceived|636|Expires at 04/03/2026 04:39:45 -05:00
2026-04-02T22:57:03.9130|INFO|MeridianFlipTrigger.cs|ShouldTrigger|265|Meridian Flip - There is still time remaining - max remaining time 08:54:24.5219153, next instruction time 0, next instruction NINA.Plugin.TargetScheduler.Sequencer.PlanSchedulerProgress - and the telescope reports expected pier side pierEast. Automated Flip is not necessary.
2026-04-02T22:57:03.9131|INFO|SequenceItem.cs|Run|208|Starting NINA.Plugin.TargetScheduler.Sequencer.PlanSchedulerProgress
2026-04-02T22:57:03.9134|INFO|SequenceItem.cs|Run|254|Finishing NINA.Plugin.TargetScheduler.Sequencer.PlanSchedulerProgress
2026-04-02T22:57:03.9136|INFO|MeridianFlipTrigger.cs|ShouldTrigger|265|Meridian Flip - There is still time remaining - max remaining time 08:54:24.5219153, next instruction time 0, next instruction Category: Scheduler, Item: Center, Coordinates RA: 09:57:23; Dec: 69° 11' 48"; Epoch: J2000 - and the telescope reports expected pier side pierEast. Automated Flip is not necessary.
2026-04-02T22:57:03.9137|INFO|SequenceItem.cs|Run|208|Starting Category: Scheduler, Item: Center, Coordinates RA: 09:57:23; Dec: 69° 11' 48"; Epoch: J2000
2026-04-02T22:57:04.4367|INFO|PHD2Client.cs|ProcessEvent|268|PHD2: ConfigurationChange
2026-04-02T22:57:04.4632|WARNING|PHD2Client.cs|ProcessEvent|252|PHD2: LockPositionLost
2026-04-02T22:57:04.5595|INFO|PHD2Client.cs|QueryExposureTime|1216|PHD2Client: Exposure time from PHD2 API: 2.000 seconds (2000 ms)
2026-04-02T22:57:05.0373|INFO|TelescopeVM.cs|SlewAsyncInternal|910|Slewing from RA: 07:02:57; Dec: -22° 32' 11"; Epoch: JNOW to RA: 09:59:35; Dec: 69° 04' 26"; Epoch: JNOW - Alt: 52° 27' 48"; Az: 359° 07' 16"
2026-04-02T22:57:38.2119|INFO|FilterWheelVM.cs|ChangeFilter|112|Moving to Filter L at Position 0
2026-04-02T22:57:38.4153|INFO|FocuserVM.cs|MoveFocuserInternal|216|Moving Focuser to position 387301
2026-04-02T22:57:47.3483|INFO|CameraVM.cs|Capture|742|Starting Exposure - Exposure Time: 2s; Filter: L; Gain: 275; Offset 50; Binning: 1x1;
2026-04-02T22:57:51.6804|INFO|ImageSolver.cs|Solve|41|Platesolving with parameters: FocalLength: 360 PixelSize: 3.76 SearchRadius: 30 BlindFailoverEnabled: True Regions: 5000 DownSampleFactor: 0 MaxObjects: 500 Reference Coordinates RA: 09:57:23 Dec: 69° 11' 48" Epoch: J2000
2026-04-02T22:57:52.0009|INFO|BaseImageData.cs|SaveToDisk|346|Saved image to C:\Users\nicka\AppData\Local\NINA\PlateSolver\odcz1a3q.mr4.fits
2026-04-02T22:57:52.9463|INFO|ImageSolver.cs|Solve|54|Platesolve successful: Coordinates: RA: 09:58:11; Dec: 69° 15' 02"; Epoch: J2000 - Position Angle: 275.42342826677594
2026-04-02T22:57:52.9476|INFO|CenteringSolver.cs|Center|99|Centering Solver - Scope Position: RA: 09:59:35; Dec: 69° 04' 26"; Epoch: JNOW; Offset: RA: 00:00:00; Dec: 00° 00' 00"; Distance: 00° 00' 00"; Bearing: 00° 00' 00"; Centering Coordinates: RA: 09:59:35; Dec: 69° 04' 26"; Epoch: JNOW; Solved: RA: 10:00:23; Dec: 69° 07' 39"; Epoch: JNOW; Separation RA: -00:00:48; Dec: -00° 03' 14"; Distance: 00° 05' 23"; Bearing: -53° 02' 22"; Threshold: 2
2026-04-02T22:57:53.3841|INFO|TelescopeVM.cs|Sync|777|Syncing scope from RA: 09:59:35; Dec: 69° 04' 26"; Epoch: JNOW to RA: 10:00:23; Dec: 69° 07' 39"; Epoch: JNOW
2026-04-02T22:57:58.3860|INFO|CenteringSolver.cs|Center|132|Slewing to target after sync. Current Position: RA: 10:00:23; Dec: 69° 07' 39"; Epoch: JNOW; Target coordinates: RA: 09:59:35; Dec: 69° 04' 26"; Epoch: JNOW; Offset RA: 00:00:00; Dec: 00° 00' 00"; Distance: 00° 00' 00"; Bearing: 00° 00' 00"
2026-04-02T22:57:58.3871|INFO|TelescopeVM.cs|SlewAsyncInternal|910|Slewing from RA: 10:00:23; Dec: 69° 07' 39"; Epoch: JNOW to RA: 09:59:35; Dec: 69° 04' 26"; Epoch: JNOW - Alt: 52° 27' 37"; Az: 358° 59' 26"
2026-04-02T22:58:06.6886|INFO|CameraVM.cs|Capture|742|Starting Exposure - Exposure Time: 2s; Filter: L; Gain: 275; Offset 50; Binning: 1x1;
2026-04-02T22:58:11.0777|INFO|ImageSolver.cs|Solve|41|Platesolving with parameters: FocalLength: 360 PixelSize: 3.76 SearchRadius: 30 BlindFailoverEnabled: True Regions: 5000 DownSampleFactor: 0 MaxObjects: 500 Reference Coordinates RA: 09:57:23 Dec: 69° 11' 48" Epoch: J2000
2026-04-02T22:58:11.4032|INFO|BaseImageData.cs|SaveToDisk|346|Saved image to C:\Users\nicka\AppData\Local\NINA\PlateSolver\yschmliy.myq.fits
2026-04-02T22:58:12.2891|INFO|ImageSolver.cs|Solve|54|Platesolve successful: Coordinates: RA: 09:57:23; Dec: 69° 11' 49"; Epoch: J2000 - Position Angle: 275.4151565406034
2026-04-02T22:58:12.2905|INFO|CenteringSolver.cs|Center|99|Centering Solver - Scope Position: RA: 09:59:35; Dec: 69° 04' 26"; Epoch: JNOW; Offset: RA: 00:00:00; Dec: 00° 00' 00"; Distance: 00° 00' 00"; Bearing: 00° 00' 00"; Centering Coordinates: RA: 09:59:35; Dec: 69° 04' 26"; Epoch: JNOW; Solved: RA: 09:59:35; Dec: 69° 04' 27"; Epoch: JNOW; Separation RA: -00:00:00; Dec: -00° 00' 01"; Distance: 00° 00' 01"; Bearing: -14° 26' 51"; Threshold: 2
2026-04-02T22:58:12.2906|INFO|CenteringSolver.cs|Center|165|Restoring filter to H after centering
2026-04-02T22:58:12.2915|INFO|FilterWheelVM.cs|ChangeFilter|112|Moving to Filter H at Position 5
2026-04-02T22:58:12.5198|INFO|FocuserVM.cs|MoveFocuserInternal|216|Moving Focuser to position 387323
2026-04-02T22:58:18.9347|INFO|PHD2Guider.cs|TryStartGuideCommand|641|Phd2 - Requesting to start guiding. Recalibrate: False
2026-04-02T22:58:19.7931|WARNING|DeviceUpdateTimer.cs|Run|115|Mount value update cycle took longer than the device poll interval (Total: 3.11s > 2s; Poll: 00:00:03.1057462; Update: 00:00:00.0002771)
2026-04-02T22:58:26.9885|INFO|PHD2Client.cs|ProcessEvent|261|PHD2: StartGuiding
2026-04-02T22:58:26.9886|INFO|PHD2Client.cs|StartNewGuidingSession|393|PHD2Client: New guiding session started
2026-04-02T22:58:27.0788|INFO|PHD2Client.cs|QueryExposureTime|1216|PHD2Client: Exposure time from PHD2 API: 2.000 seconds (2000 ms)
2026-04-02T22:58:49.3898|INFO|PHD2Client.cs|HandleSettleDone|343|PHD2Client: SettleDone - Status=0, Success=True, TotalFrames=10, DroppedFrames=0
2026-04-02T22:58:49.3899|WARNING|DitherStatisticsVM.cs|OnPHD2SettleDone|772|⚠️ SettleDone received but no currentDither exists (race condition?)
2026-04-02T22:58:50.0983|INFO|SequenceItem.cs|Run|254|Finishing Category: Scheduler, Item: Center, Coordinates RA: 09:57:23; Dec: 69° 11' 48"; Epoch: J2000
2026-04-02T22:58:50.1089|INFO|MeridianFlipTrigger.cs|ShouldTrigger|265|Meridian Flip - There is still time remaining - max remaining time 11:49:16.4350572, next instruction time 0, next instruction NINA.Plugin.TargetScheduler.Sequencer.PlanSchedulerProgress - and the telescope reports expected pier side pierEast. Automated Flip is not necessary.
2026-04-02T22:58:50.1091|INFO|SequenceItem.cs|Run|208|Starting NINA.Plugin.TargetScheduler.Sequencer.PlanSchedulerProgress
2026-04-02T22:58:50.1101|INFO|SequenceItem.cs|Run|254|Finishing NINA.Plugin.TargetScheduler.Sequencer.PlanSchedulerProgress
2026-04-02T22:58:50.1104|INFO|MeridianFlipTrigger.cs|ShouldTrigger|265|Meridian Flip - There is still time remaining - max remaining time 11:49:16.4350572, next instruction time 0, next instruction Category: , Container: NINA.Plugin.TargetScheduler.Sequencer.InstructionContainer, Strategy: InstructionContainerStrategy, Items[CREATED]: 2 - and the telescope reports expected pier side pierEast. Automated Flip is not necessary.
2026-04-02T22:58:50.1104|INFO|SequenceItem.cs|Run|208|Starting Category: , Container: NINA.Plugin.TargetScheduler.Sequencer.InstructionContainer, Strategy: InstructionContainerStrategy, Items[CREATED]: 2
2026-04-02T22:58:50.1107|INFO|MeridianFlipTrigger.cs|ShouldTrigger|265|Meridian Flip - There is still time remaining - max remaining time 11:49:16.4350572, next instruction time 0, next instruction Category: Powerups (Expressions), Item: IfConstant, Expr: Expression: TargetName == "DarkTower2026" in If, References: 1, Value: 0 - and the telescope reports expected pier side pierEast. Automated Flip is not necessary.
2026-04-02T22:58:50.1108|INFO|SequenceItem.cs|Run|208|Starting Category: Powerups (Expressions), Item: IfConstant, Expr: Expression: TargetName == "DarkTower2026" in If, References: 1, Value: 0
2026-04-02T22:58:50.1108|INFO|If.cs|Execute|57|Predicate: TargetName == "DarkTower2026"
2026-04-02T22:58:50.1132|INFO|If.cs|Execute|84|Predicate is false, Expression: TargetName == "DarkTower2026" in If, References: 1, Value: 0
2026-04-02T22:58:50.1133|INFO|SequenceItem.cs|Run|254|Finishing Category: Powerups (Expressions), Item: IfConstant, Expr: Expression: TargetName == "DarkTower2026" in If, References: 1, Value: 0
2026-04-02T22:58:50.1136|INFO|MeridianFlipTrigger.cs|ShouldTrigger|265|Meridian Flip - There is still time remaining - max remaining time 11:49:16.4350572, next instruction time 0, next instruction Category: Ground Station, Item: Send to Telegram - and the telescope reports expected pier side pierEast. Automated Flip is not necessary.
2026-04-02T22:58:50.1137|INFO|SequenceItem.cs|Run|208|Starting Category: Ground Station, Item: Send to Telegram
2026-04-02T22:58:50.7717|INFO|SequenceItem.cs|Run|254|Finishing Category: Ground Station, Item: Send to Telegram
2026-04-02T22:58:50.7721|INFO|SequenceItem.cs|Run|254|Finishing Category: , Container: NINA.Plugin.TargetScheduler.Sequencer.InstructionContainer, Strategy: InstructionContainerStrategy, Items[FINISHED]: 2
2026-04-02T22:58:50.7799|INFO|MeridianFlipTrigger.cs|ShouldTrigger|265|Meridian Flip - There is still time remaining - max remaining time 11:49:16.4350572, next instruction time 0, next instruction NINA.Plugin.TargetScheduler.Sequencer.PlanSchedulerProgress - and the telescope reports expected pier side pierEast. Automated Flip is not necessary.
2026-04-02T22:58:50.7800|INFO|SequenceItem.cs|Run|208|Starting NINA.Plugin.TargetScheduler.Sequencer.PlanSchedulerProgress
2026-04-02T22:58:50.9124|INFO|SequenceItem.cs|Run|254|Finishing NINA.Plugin.TargetScheduler.Sequencer.PlanSchedulerProgress
2026-04-02T22:58:50.9129|INFO|MeridianFlipTrigger.cs|ShouldTrigger|265|Meridian Flip - There is still time remaining - max remaining time 11:49:14.4863452, next instruction time 0, next instruction Category: Scheduler, Item: SwitchFilter, Filter: H - and the telescope reports expected pier side pierEast. Automated Flip is not necessary.
2026-04-02T22:58:50.9129|INFO|SequenceItem.cs|Run|208|Starting Category: Scheduler, Item: SwitchFilter, Filter: H
2026-04-02T22:58:50.9140|INFO|SequenceItem.cs|Run|254|Finishing Category: Scheduler, Item: SwitchFilter, Filter: H
2026-04-02T22:58:50.9143|INFO|MeridianFlipTrigger.cs|ShouldTrigger|265|Meridian Flip - There is still time remaining - max remaining time 11:49:14.4863452, next instruction time 0, next instruction NINA.Plugin.TargetScheduler.Sequencer.PlanSchedulerProgress - and the telescope reports expected pier side pierEast. Automated Flip is not necessary.
2026-04-02T22:58:50.9143|INFO|SequenceItem.cs|Run|208|Starting NINA.Plugin.TargetScheduler.Sequencer.PlanSchedulerProgress
2026-04-02T22:58:50.9144|INFO|SequenceItem.cs|Run|254|Finishing NINA.Plugin.TargetScheduler.Sequencer.PlanSchedulerProgress
2026-04-02T22:58:50.9145|INFO|MeridianFlipTrigger.cs|ShouldTrigger|265|Meridian Flip - There is still time remaining - max remaining time 11:49:14.4863452, next instruction time 0, next instruction Category: Scheduler, Item: SetReadoutMode, Mode: 0 - and the telescope reports expected pier side pierEast. Automated Flip is not necessary.
2026-04-02T22:58:50.9146|INFO|SequenceItem.cs|Run|208|Starting Category: Scheduler, Item: SetReadoutMode, Mode: 0
2026-04-02T22:58:50.9147|INFO|SequenceItem.cs|Run|254|Finishing Category: Scheduler, Item: SetReadoutMode, Mode: 0
2026-04-02T22:58:50.9148|INFO|MeridianFlipTrigger.cs|ShouldTrigger|265|Meridian Flip - There is still time remaining - max remaining time 11:49:14.4863452, next instruction time 0, next instruction NINA.Plugin.TargetScheduler.Sequencer.PlanSchedulerProgress - and the telescope reports expected pier side pierEast. Automated Flip is not necessary.
2026-04-02T22:58:50.9148|INFO|SequenceItem.cs|Run|208|Starting NINA.Plugin.TargetScheduler.Sequencer.PlanSchedulerProgress
2026-04-02T22:58:50.9578|INFO|SequenceItem.cs|Run|254|Finishing NINA.Plugin.TargetScheduler.Sequencer.PlanSchedulerProgress
2026-04-02T22:58:50.9583|INFO|MeridianFlipTrigger.cs|ShouldTrigger|265|Meridian Flip - There is still time remaining - max remaining time 11:49:14.4863452, next instruction time 600, next instruction Category: Scheduler, Item: TakeExposure, ExposureTime 600, Gain 100, Offset 50, ImageType LIGHT, Binning 1x1 - and the telescope reports expected pier side pierEast. Automated Flip is not necessary.
2026-04-02T22:58:50.9584|INFO|DIYTrigger.cs|ShouldTrigger|109|DIY Trigger Restore Guiding ShouldTrigger returning true
2026-04-02T22:58:50.9584|INFO|SequenceTrigger.cs|Run|114|Starting Category: Powerups (Misc), Item: DIYTrigger
2026-04-02T22:58:50.9616|INFO|DIYTrigger.cs|Execute|95|DIY Trigger executing...
2026-04-02T22:58:50.9618|INFO|SequenceItem.cs|Run|208|Starting Category: * Instruction Set *, Container: NINA.Sequencer.Container.SequentialContainer, Strategy: SequentialStrategy, Items[CREATED]: 1, Triggers: Trigger: RestoreGuiding
2026-04-02T22:58:50.9622|INFO|MeridianFlipTrigger.cs|ShouldTrigger|265|Meridian Flip - There is still time remaining - max remaining time 11:49:14.4863452, next instruction time 0, next instruction Category: Powerups (Expressions), Item: IfFailed - and the telescope reports expected pier side pierEast. Automated Flip is not necessary.
2026-04-02T22:58:50.9622|INFO|SequenceItem.cs|Run|208|Starting Category: Powerups (Expressions), Item: IfFailed
2026-04-02T22:58:50.9622|INFO|SequenceItem.cs|Run|208|Starting Category: Guider, Item: StartGuiding
2026-04-02T22:58:50.9675|INFO|PHD2Guider.cs|StartGuidingPrivate|504|Phd2 - App is already guiding. Skipping start guiding
2026-04-02T22:58:50.9678|INFO|SequenceItem.cs|Run|254|Finishing Category: Guider, Item: StartGuiding
2026-04-02T22:58:50.9679|INFO|SequenceItem.cs|Run|254|Finishing Category: Powerups (Expressions), Item: IfFailed
2026-04-02T22:58:50.9680|INFO|SequenceItem.cs|Run|254|Finishing Category: * Instruction Set *, Container: NINA.Sequencer.Container.SequentialContainer, Strategy: SequentialStrategy, Items[FINISHED]: 1, Triggers: Trigger: RestoreGuiding
2026-04-02T22:58:50.9823|INFO|SequenceItem.cs|Run|208|Starting Category: Scheduler, Item: TakeExposure, ExposureTime 600, Gain 100, Offset 50, ImageType LIGHT, Binning 1x1
2026-04-02T22:58:50.9875|INFO|CameraVM.cs|Capture|742|Starting Exposure - Exposure Time: 600s; Filter: ; Gain: 100; Offset 50; Binning: 1x1;
2026-04-02T23:08:52.8054|INFO|SequenceItem.cs|Run|254|Finishing Category: Scheduler, Item: TakeExposure, ExposureTime 600, Gain 100, Offset 50, ImageType LIGHT, Binning 1x1
2026-04-02T23:08:52.8060|INFO|MeridianFlipTrigger.cs|ShouldTrigger|265|Meridian Flip - There is still time remaining - max remaining time 11:39:11.0474823, next instruction time 0, next instruction NINA.Plugin.TargetScheduler.Sequencer.PlanSchedulerProgress - and the telescope reports expected pier side pierEast. Automated Flip is not necessary.
2026-04-02T23:08:52.8061|INFO|SequenceItem.cs|Run|208|Starting NINA.Plugin.TargetScheduler.Sequencer.PlanSchedulerProgress
2026-04-02T23:08:52.8062|INFO|SequenceItem.cs|Run|254|Finishing NINA.Plugin.TargetScheduler.Sequencer.PlanSchedulerProgress
2026-04-02T23:08:54.2003|INFO|HocusFocusStarDetection.cs|Detect|413|Average HFR: 1.8243547453441127, HFR MAD: 0.11151959800583322, Detected Stars 345, Region: 0
2026-04-02T23:08:55.0436|INFO|BaseImageData.cs|SaveToDisk|346|Saved image to C:\ASTROIMAGES\NINA\2026-04-02\M 81-82 - NB\LIGHT\H\2026-04-02_22-58-51_M 81-82 - NB_LIGHT_H_-4.90C_G100-Exp-600.00s_MAXRMS-D0.97-R1.74_M-91.42_RMS-0.44_HFR-1.82_F-0010.fits
2026-04-02T23:08:55.0437|INFO|ImageSaveController.cs|DoWork|97|Successfully saved file at C:\ASTROIMAGES\NINA\2026-04-02\M 81-82 - NB\LIGHT\H\2026-04-02_22-58-51_M 81-82 - NB_LIGHT_H_-4.90C_G100-Exp-600.00s_MAXRMS-D0.97-R1.74_M-91.42_RMS-0.44_HFR-1.82_F-0010.fits. Duration Total: 00:00:02.2382759; BeforeSave: 00:00:00.0001719; BeforeFinalizeImageSaved: 00:00:01.8692372; FinalizeSaveTime: 00:00:00.3688661
2026-04-02T23:08:55.4687|INFO|SessionMetaDataWatcher.cs|WriteAcquisitionMetaData|63|Writing CSV acquisition summary: C:\ASTROIMAGES\NINA\2026-04-02\M 81-82 - NB\LIGHT\H\metadata\AcquisitionDetails.csv
2026-04-02T23:08:55.5600|INFO|SessionMetaDataWatcher.cs|WriteAcquisitionMetaData|82|Writing JSON acquisition summary: C:\ASTROIMAGES\NINA\2026-04-02\M 81-82 - NB\LIGHT\H\metadata\AcquisitionDetails.json
2026-04-02T23:08:55.5613|INFO|SessionMetaDataWatcher.cs|WriteImageMetaData|105|Writing CSV image metadata: C:\ASTROIMAGES\NINA\2026-04-02\M 81-82 - NB\LIGHT\H\metadata\ImageMetaData.csv
2026-04-02T23:08:55.6085|INFO|SessionMetaDataWatcher.cs|WriteImageMetaData|122|Writing JSON image metadata: C:\ASTROIMAGES\NINA\2026-04-02\M 81-82 - NB\LIGHT\H\metadata\ImageMetaData.json
2026-04-02T23:08:55.6100|INFO|SessionMetaDataWatcher.cs|WriteWeatherMetaData|169|Writing CSV weather metadata: C:\ASTROIMAGES\NINA\2026-04-02\M 81-82 - NB\LIGHT\H\metadata\WeatherData.csv
2026-04-02T23:08:55.6481|INFO|SessionMetaDataWatcher.cs|WriteWeatherMetaData|186|Writing JSON weather metadata: C:\ASTROIMAGES\NINA\2026-04-02\M 81-82 - NB\LIGHT\H\metadata\WeatherData.json
2026-04-02T23:08:55.8960|INFO|MeridianFlipTrigger.cs|ShouldTrigger|265|Meridian Flip - There is still time remaining - max remaining time 11:39:09.0258113, next instruction time 0, next instruction Category: Powerups (Fun-ctions), Item: GSSend - and the telescope reports expected pier side pierEast. Automated Flip is not necessary.
2026-04-02T23:08:55.8960|INFO|SequenceItem.cs|Run|208|Starting Category: Powerups (Fun-ctions), Item: GSSend
2026-04-02T23:08:55.8964|INFO|SendWithGS.cs|ProcessedScript|64|Replacing Image_ExposureTime with 600
2026-04-02T23:08:55.8965|INFO|SendWithGS.cs|ProcessedScript|64|Replacing Image_HFR with 1.824
2026-04-02T23:08:55.8966|INFO|SendWithGS.cs|ProcessedScript|64|Replacing Image_FWHM with 7.01
2026-04-02T23:08:55.8967|INFO|SendWithGS.cs|ProcessedScript|64|Replacing Altitude with 52.386579726823165
2026-04-02T23:08:55.8967|INFO|SendWithGS.cs|Execute|95|Sending to Ground Station: Exp: $$FWHEEL_FILTER_NAME$$ on $$TARGET_NAME$$ EXP: 600 HFR: 1.824 FWHM: 7.01  Altitude: 52.386579726823165 
2026-04-02T23:08:55.8980|INFO|SequenceItem.cs|Run|208|Starting Category: Ground Station, Item: Send to Telegram
2026-04-02T23:08:56.5608|INFO|SequenceItem.cs|Run|254|Finishing Category: Ground Station, Item: Send to Telegram
2026-04-02T23:08:56.5623|INFO|SequenceItem.cs|Run|254|Finishing Category: Powerups (Fun-ctions), Item: GSSend
2026-04-02T23:08:56.5627|INFO|MeridianFlipTrigger.cs|ShouldTrigger|265|Meridian Flip - There is still time remaining - max remaining time 11:39:09.0258113, next instruction time 0, next instruction Category: Powerups (Fun-ctions), Item: GSSend - and the telescope reports expected pier side pierEast. Automated Flip is not necessary.
2026-04-02T23:08:56.5628|INFO|SequenceItem.cs|Run|208|Starting Category: Powerups (Fun-ctions), Item: GSSend
2026-04-02T23:08:56.5636|INFO|SendWithGS.cs|ProcessedScript|64|Replacing Image_ExposureTime with 600
2026-04-02T23:08:56.5639|INFO|SendWithGS.cs|ProcessedScript|64|Replacing Image_HFR with 1.824
2026-04-02T23:08:56.5640|INFO|SendWithGS.cs|ProcessedScript|64|Replacing Image_FWHM with 7.01
2026-04-02T23:08:56.5641|INFO|SendWithGS.cs|ProcessedScript|64|Replacing Altitude with 52.386579726823165
2026-04-02T23:08:56.5642|INFO|SendWithGS.cs|Execute|95|Sending to Ground Station: Exp: $$FWHEEL_FILTER_NAME$$ on $$TARGET_NAME$$ EXP: 600 HFR: 1.824 FWHM: 7.01  Altitude: 52.386579726823165 
2026-04-02T23:08:56.5654|INFO|SequenceItem.cs|Run|208|Starting Category: Ground Station, Item: Send to Pushover, Title: IMAGE: $$TARGET_NAME$$
2026-04-02T23:08:56.7898|INFO|SequenceItem.cs|Run|254|Finishing Category: Ground Station, Item: Send to Pushover, Title: IMAGE: $$TARGET_NAME$$
2026-04-02T23:08:56.7913|INFO|SequenceItem.cs|Run|254|Finishing Category: Powerups (Fun-ctions), Item: GSSend
2026-04-02T23:08:57.0839|INFO|Symbol.cs|OnMessageReceived|627|Received message from Target Scheduler re: TargetScheduler-TargetStart
2026-04-02T23:08:57.0840|INFO|Symbol.cs|OnMessageReceived|635|TS_TargetName = M 81-82 - NB
2026-04-02T23:08:57.0840|INFO|Symbol.cs|OnMessageReceived|636|Expires at 04/03/2026 04:39:45 -05:00
2026-04-02T23:08:57.0843|INFO|MeridianFlipTrigger.cs|ShouldTrigger|265|Meridian Flip - There is still time remaining - max remaining time 11:39:07.0292057, next instruction time 0, next instruction NINA.Plugin.TargetScheduler.Sequencer.PlanSchedulerProgress - and the telescope reports expected pier side pierEast. Automated Flip is not necessary.
2026-04-02T23:08:57.0844|INFO|SequenceItem.cs|Run|208|Starting NINA.Plugin.TargetScheduler.Sequencer.PlanSchedulerProgress
2026-04-02T23:08:57.0953|INFO|SequenceItem.cs|Run|254|Finishing NINA.Plugin.TargetScheduler.Sequencer.PlanSchedulerProgress
2026-04-02T23:08:57.0957|INFO|MeridianFlipTrigger.cs|ShouldTrigger|265|Meridian Flip - There is still time remaining - max remaining time 11:39:07.0292057, next instruction time 90, next instruction Category: , Item: Dither - and the telescope reports expected pier side pierEast. Automated Flip is not necessary.
2026-04-02T23:08:57.0958|INFO|SequenceItem.cs|Run|208|Starting Category: , Item: Dither
2026-04-02T23:08:57.1134|INFO|PHD2Client.cs|HandleGuidingDithered|309|PHD2Client: 🎯 GuidingDithered (DITHER START) - dx=-13.89, dy=-4.61
2026-04-02T23:08:57.1135|INFO|DitherStatisticsVM.cs|OnPHD2GuidingDithered|752|🎯 DITHER START detected via GuidingDithered! dx=-13.89, dy=-4.61
2026-04-02T23:08:57.1135|INFO|DitherStatisticsVM.cs|OnPHD2GuidingDithered|762|✅ Dither START recorded with pixel shift: (-13.89, -4.61)
2026-04-02T23:08:57.1136|INFO|PHD2Client.cs|StartDitherDataCollection|576|PHD2Client: Started dither data collection for 30 seconds (series #9)
2026-04-02T23:08:58.0162|INFO|StarfrontClient.cs|SendImageFile|249|[Rockwood] sent 2026-04-02_22-58-51_M 81-82 - NB_LIGHT_H_-4.90C_G100-Exp-600.00s_MAXRMS-D0.97-R1.74_M-91.42_RMS-0.44_HFR-1.82_F-0010.fits (23KB) object=M 81-82 - NB exptime=600s filter=H
2026-04-02T23:09:27.1137|INFO|PHD2Client.cs|OnDitherCollectionComplete|657|PHD2Client: Dither data collection complete (timer). Collected 5 points.
2026-04-02T23:09:27.1158|INFO|PHD2Client.cs|WriteDitherAnalysisFile|738|PHD2Client: Dither analysis file written with 82 data points: 20260402_225826_dither_analysis.txt
2026-04-02T23:09:27.1179|INFO|PHD2Client.cs|WritePositivePeriodsFile|932|PHD2Client: Positive periods analysis written with 26 total periods across 3 multipliers: 20260402_225826_positive_periods.txt
2026-04-02T23:09:27.1180|INFO|PHD2Client.cs|AnalyzePositivePeriods|868|PHD2Client: Positive period analysis complete. firstPeriodPerSeries counts: 1.5σ=4, 2.0σ=5, 3.0σ=5
2026-04-02T23:09:27.1181|INFO|PHD2Client.cs|CalculateRecommendation|954|PHD2Client: Calculating recommendation from 9 dither series, RMS=0.1387, StdDev=0.0867
2026-04-02T23:09:27.1183|INFO|PHD2Client.cs|CalculateRecommendation|987|PHD2Client: Dither recommendation calculated - Events: 9, SettlePixel: Q=0.27 B=0.31 P=0.40, MinSettle: Q=10.0s B=8.0s P=8.0s
2026-04-02T23:09:27.1185|INFO|DitherStatisticsVM.cs|OnDitherRecommendationUpdated|500|Dither recommendation updated on UI thread - Events: 9
2026-04-02T23:09:27.1186|INFO|PHD2Client.cs|RunAnalysisAndRecommendation|638|PHD2Client: RunAnalysisAndRecommendation completed - 82 points, 9 series
2026-04-02T23:09:49.2997|INFO|PHD2Client.cs|HandleSettleDone|343|PHD2Client: SettleDone - Status=0, Success=True, TotalFrames=15, DroppedFrames=0
2026-04-02T23:09:49.2998|INFO|DitherStatisticsVM.cs|OnPHD2SettleDone|794|✅ DITHER END - Success=True, SettleTime=52.19s, TotalFrames=15, DroppedFrames=0
2026-04-02T23:09:49.3055|INFO|DitherStatisticsVM.cs|UpdateQualityMetrics|865|Quality metrics updated: Score=0.2717, Rating=Poor
2026-04-02T23:09:49.7083|INFO|SequenceItem.cs|Run|254|Finishing Category: , Item: Dither
2026-04-02T23:09:49.7087|INFO|MeridianFlipTrigger.cs|ShouldTrigger|265|Meridian Flip - There is still time remaining - max remaining time 11:38:07.4545568, next instruction time 0, next instruction NINA.Plugin.TargetScheduler.Sequencer.PlanSchedulerProgress - and the telescope reports expected pier side pierEast. Automated Flip is not necessary.
2026-04-02T23:09:49.7088|INFO|SequenceItem.cs|Run|208|Starting NINA.Plugin.TargetScheduler.Sequencer.PlanSchedulerProgress
2026-04-02T23:09:49.7089|INFO|SequenceItem.cs|Run|254|Finishing NINA.Plugin.TargetScheduler.Sequencer.PlanSchedulerProgress
2026-04-02T23:09:49.7090|INFO|MeridianFlipTrigger.cs|ShouldTrigger|265|Meridian Flip - There is still time remaining - max remaining time 11:38:07.4545568, next instruction time 0, next instruction Category: Scheduler, Item: SwitchFilter, Filter: H - and the telescope reports expected pier side pierEast. Automated Flip is not necessary.
2026-04-02T23:09:49.7090|INFO|SequenceItem.cs|Run|208|Starting Category: Scheduler, Item: SwitchFilter, Filter: H
2026-04-02T23:09:49.7099|INFO|SequenceItem.cs|Run|254|Finishing Category: Scheduler, Item: SwitchFilter, Filter: H
2026-04-02T23:09:49.7101|INFO|MeridianFlipTrigger.cs|ShouldTrigger|265|Meridian Flip - There is still time remaining - max remaining time 11:38:07.4545568, next instruction time 0, next instruction NINA.Plugin.TargetScheduler.Sequencer.PlanSchedulerProgress - and the telescope reports expected pier side pierEast. Automated Flip is not necessary.
2026-04-02T23:09:49.7101|INFO|SequenceItem.cs|Run|208|Starting NINA.Plugin.TargetScheduler.Sequencer.PlanSchedulerProgress
2026-04-02T23:09:49.7102|INFO|SequenceItem.cs|Run|254|Finishing NINA.Plugin.TargetScheduler.Sequencer.PlanSchedulerProgress
2026-04-02T23:09:49.7103|INFO|MeridianFlipTrigger.cs|ShouldTrigger|265|Meridian Flip - There is still time remaining - max remaining time 11:38:07.4545568, next instruction time 0, next instruction Category: Scheduler, Item: SetReadoutMode, Mode: 0 - and the telescope reports expected pier side pierEast. Automated Flip is not necessary.
2026-04-02T23:09:49.7103|INFO|SequenceItem.cs|Run|208|Starting Category: Scheduler, Item: SetReadoutMode, Mode: 0
2026-04-02T23:09:49.7104|INFO|SequenceItem.cs|Run|254|Finishing Category: Scheduler, Item: SetReadoutMode, Mode: 0
2026-04-02T23:09:49.7105|INFO|MeridianFlipTrigger.cs|ShouldTrigger|265|Meridian Flip - There is still time remaining - max remaining time 11:38:07.4545568, next instruction time 0, next instruction NINA.Plugin.TargetScheduler.Sequencer.PlanSchedulerProgress - and the telescope reports expected pier side pierEast. Automated Flip is not necessary.
2026-04-02T23:09:49.7106|INFO|SequenceItem.cs|Run|208|Starting NINA.Plugin.TargetScheduler.Sequencer.PlanSchedulerProgress
2026-04-02T23:09:49.7119|INFO|SequenceItem.cs|Run|254|Finishing NINA.Plugin.TargetScheduler.Sequencer.PlanSchedulerProgress
2026-04-02T23:09:49.7129|INFO|MeridianFlipTrigger.cs|ShouldTrigger|265|Meridian Flip - There is still time remaining - max remaining time 11:38:07.4545568, next instruction time 600, next instruction Category: Scheduler, Item: TakeExposure, ExposureTime 600, Gain 100, Offset 50, ImageType LIGHT, Binning 1x1 - and the telescope reports expected pier side pierEast. Automated Flip is not necessary.
2026-04-02T23:09:49.7129|INFO|DIYTrigger.cs|ShouldTrigger|109|DIY Trigger Restore Guiding ShouldTrigger returning true
2026-04-02T23:09:49.7130|INFO|SequenceTrigger.cs|Run|114|Starting Category: Powerups (Misc), Item: DIYTrigger
2026-04-02T23:09:49.7147|INFO|DIYTrigger.cs|Execute|95|DIY Trigger executing...
2026-04-02T23:09:49.7149|INFO|SequenceItem.cs|Run|208|Starting Category: * Instruction Set *, Container: NINA.Sequencer.Container.SequentialContainer, Strategy: SequentialStrategy, Items[CREATED]: 1, Triggers: Trigger: RestoreGuiding
2026-04-02T23:09:49.7152|INFO|MeridianFlipTrigger.cs|ShouldTrigger|265|Meridian Flip - There is still time remaining - max remaining time 11:38:07.4545568, next instruction time 0, next instruction Category: Powerups (Expressions), Item: IfFailed - and the telescope reports expected pier side pierEast. Automated Flip is not necessary.
2026-04-02T23:09:49.7152|INFO|SequenceItem.cs|Run|208|Starting Category: Powerups (Expressions), Item: IfFailed
2026-04-02T23:09:49.7153|INFO|SequenceItem.cs|Run|208|Starting Category: Guider, Item: StartGuiding
2026-04-02T23:09:49.7184|INFO|PHD2Guider.cs|StartGuidingPrivate|504|Phd2 - App is already guiding. Skipping start guiding
2026-04-02T23:09:49.7186|INFO|SequenceItem.cs|Run|254|Finishing Category: Guider, Item: StartGuiding
2026-04-02T23:09:49.7187|INFO|SequenceItem.cs|Run|254|Finishing Category: Powerups (Expressions), Item: IfFailed
2026-04-02T23:09:49.7188|INFO|SequenceItem.cs|Run|254|Finishing Category: * Instruction Set *, Container: NINA.Sequencer.Container.SequentialContainer, Strategy: SequentialStrategy, Items[FINISHED]: 1, Triggers: Trigger: RestoreGuiding
2026-04-02T23:09:49.7220|INFO|SequenceItem.cs|Run|208|Starting Category: Scheduler, Item: TakeExposure, ExposureTime 600, Gain 100, Offset 50, ImageType LIGHT, Binning 1x1
2026-04-02T23:09:49.7273|INFO|CameraVM.cs|Capture|742|Starting Exposure - Exposure Time: 600s; Filter: ; Gain: 100; Offset 50; Binning: 1x1;
2026-04-02T23:11:41.7307|INFO|WhenCommon.cs|SequenceBlockTeardown|198|Teardown; shutting down watchdog
2026-04-02T23:11:41.7687|INFO|Sequencer.cs|Start|85|Sequence run was cancelled
2026-04-02T23:11:41.8082|INFO|Sequence2VM.cs|StartSequence|548|Advanced Sequence finished
2026-04-02T23:11:43.4467|INFO|FocuserMediator.cs|BroadcastAutoFocusRunStarting|92|Autofocus starting notification received
2026-04-02T23:11:44.5650|INFO|PHD2Client.cs|ProcessEvent|268|PHD2: ConfigurationChange
2026-04-02T23:11:44.5727|WARNING|PHD2Client.cs|ProcessEvent|252|PHD2: LockPositionLost
2026-04-02T23:11:44.6764|INFO|PHD2Client.cs|QueryExposureTime|1216|PHD2Client: Exposure time from PHD2 API: 2.000 seconds (2000 ms)
2026-04-02T23:11:45.5056|INFO|FilterWheelVM.cs|ChangeFilter|112|Moving to Filter L at Position 0
2026-04-02T23:11:45.7185|INFO|FocuserVM.cs|MoveFocuserInternal|216|Moving Focuser to position 387301
2026-04-02T23:11:55.4031|INFO|AutoFocusEngine.cs|RunAutoFocus|929|Starting AutoFocus with initial position 387301
2026-04-02T23:11:55.4086|INFO|CameraVM.cs|Capture|742|Starting Exposure - Exposure Time: 3s; Filter: L; Gain: 270; Offset 50; Binning: 1x1;
2026-04-02T23:12:00.0641|INFO|AutoFocusEngine.cs|StartBlindFocusPoints|769|Waiting on initial HFR analysis
2026-04-02T23:12:00.0657|INFO|FocuserVM.cs|MoveFocuserInternal|216|Moving Focuser to position 387437
2026-04-02T23:12:01.7432|INFO|HocusFocusStarDetection.cs|Detect|413|Average HFR: 1.729514910581442, HFR MAD: 0.10158615450838582, Detected Stars 174, Region: 0
2026-04-02T23:12:05.3843|INFO|CameraVM.cs|Capture|742|Starting Exposure - Exposure Time: 3s; Filter: L; Gain: 270; Offset 50; Binning: 1x1;
2026-04-02T23:12:10.0348|INFO|FocuserVM.cs|MoveFocuserInternal|216|Moving Focuser to position 387403
2026-04-02T23:12:11.5343|INFO|HocusFocusStarDetection.cs|Detect|413|Average HFR: 4.353408466992487, HFR MAD: 1.1916728556252982, Detected Stars 77, Region: 0
2026-04-02T23:12:17.3804|INFO|CameraVM.cs|Capture|742|Starting Exposure - Exposure Time: 3s; Filter: L; Gain: 270; Offset 50; Binning: 1x1;
2026-04-02T23:12:22.0797|INFO|FocuserVM.cs|MoveFocuserInternal|216|Moving Focuser to position 387369
2026-04-02T23:12:23.4775|INFO|HocusFocusStarDetection.cs|Detect|413|Average HFR: 3.7775878774555354, HFR MAD: 0.7506559702492739, Detected Stars 112, Region: 0
2026-04-02T23:12:29.3757|INFO|CameraVM.cs|Capture|742|Starting Exposure - Exposure Time: 3s; Filter: L; Gain: 270; Offset 50; Binning: 1x1;
2026-04-02T23:12:34.0450|INFO|FocuserVM.cs|MoveFocuserInternal|216|Moving Focuser to position 387335
2026-04-02T23:12:35.4194|INFO|HocusFocusStarDetection.cs|Detect|413|Average HFR: 2.9383234325241347, HFR MAD: 0.5621506827876059, Detected Stars 174, Region: 0
2026-04-02T23:12:41.3466|INFO|CameraVM.cs|Capture|742|Starting Exposure - Exposure Time: 3s; Filter: L; Gain: 270; Offset 50; Binning: 1x1;
2026-04-02T23:12:46.0107|INFO|AutoFocusEngine.cs|StartBlindFocusPoints|797|Waiting on initial focuser move analyses
2026-04-02T23:12:47.4129|INFO|HocusFocusStarDetection.cs|Detect|413|Average HFR: 2.1316548427919337, HFR MAD: 0.2835609966284167, Detected Stars 216, Region: 0
2026-04-02T23:12:47.4604|INFO|FocuserVM.cs|MoveFocuserInternal|216|Moving Focuser to position 387301
2026-04-02T23:12:57.3618|INFO|CameraVM.cs|Capture|742|Starting Exposure - Exposure Time: 3s; Filter: L; Gain: 270; Offset 50; Binning: 1x1;
2026-04-02T23:13:02.0149|INFO|AutoFocusEngine.cs|StartBlindFocusPoints|870|Waiting on next left movement analysis
2026-04-02T23:13:03.3829|INFO|HocusFocusStarDetection.cs|Detect|413|Average HFR: 1.729927967616615, HFR MAD: 0.11177520051107259, Detected Stars 173, Region: 0
2026-04-02T23:13:03.4524|INFO|FocuserVM.cs|MoveFocuserInternal|216|Moving Focuser to position 387267
2026-04-02T23:13:13.3874|INFO|CameraVM.cs|Capture|742|Starting Exposure - Exposure Time: 3s; Filter: L; Gain: 270; Offset 50; Binning: 1x1;
2026-04-02T23:13:18.0587|INFO|AutoFocusEngine.cs|StartBlindFocusPoints|870|Waiting on next left movement analysis
2026-04-02T23:13:19.4100|INFO|HocusFocusStarDetection.cs|Detect|413|Average HFR: 1.9606900411215562, HFR MAD: 0.12755778179996136, Detected Stars 248, Region: 0
2026-04-02T23:13:19.4708|INFO|FocuserVM.cs|MoveFocuserInternal|216|Moving Focuser to position 387233
2026-04-02T23:13:29.3868|INFO|CameraVM.cs|Capture|742|Starting Exposure - Exposure Time: 3s; Filter: L; Gain: 270; Offset 50; Binning: 1x1;
2026-04-02T23:13:34.0213|INFO|AutoFocusEngine.cs|StartBlindFocusPoints|870|Waiting on next left movement analysis
2026-04-02T23:13:35.3836|INFO|HocusFocusStarDetection.cs|Detect|413|Average HFR: 2.875116685573151, HFR MAD: 0.23278591720548114, Detected Stars 222, Region: 0
2026-04-02T23:13:35.4466|INFO|FocuserVM.cs|MoveFocuserInternal|216|Moving Focuser to position 387199
2026-04-02T23:13:45.3462|INFO|CameraVM.cs|Capture|742|Starting Exposure - Exposure Time: 3s; Filter: L; Gain: 270; Offset 50; Binning: 1x1;
2026-04-02T23:13:50.0146|INFO|AutoFocusEngine.cs|StartBlindFocusPoints|870|Waiting on next left movement analysis
2026-04-02T23:13:51.3619|INFO|HocusFocusStarDetection.cs|Detect|413|Average HFR: 4.29292176011087, HFR MAD: 0.25384079538473614, Detected Stars 144, Region: 0
2026-04-02T23:13:51.4224|INFO|FocuserVM.cs|MoveFocuserInternal|216|Moving Focuser to position 387165
2026-04-02T23:14:01.3561|INFO|CameraVM.cs|Capture|742|Starting Exposure - Exposure Time: 3s; Filter: L; Gain: 270; Offset 50; Binning: 1x1;
2026-04-02T23:14:06.0052|INFO|AutoFocusEngine.cs|StartBlindFocusPoints|870|Waiting on next left movement analysis
2026-04-02T23:14:07.3749|INFO|HocusFocusStarDetection.cs|Detect|413|Average HFR: 6.141121866582869, HFR MAD: 0.24538060298766506, Detected Stars 81, Region: 0
2026-04-02T23:14:07.4124|INFO|AutoFocusEngine.cs|StartBlindFocusPoints|823|Enough left trend points (4) with an established minimum (387301) to queue remaining right focus points up to 387437
2026-04-02T23:14:07.4125|INFO|AutoFocusEngine.cs|StartBlindFocusPoints|896|Waiting on remaining AutoFocus analysis tasks
2026-04-02T23:14:07.4140|INFO|FocuserVM.cs|MoveFocuserInternal|216|Moving Focuser to position 387290
2026-04-02T23:14:11.3938|INFO|AutoFocusEngine.cs|ValidateCalculatedFocusPosition|1141|Validating HFR at final focus position 387290
2026-04-02T23:14:11.4007|INFO|CameraVM.cs|Capture|742|Starting Exposure - Exposure Time: 3s; Filter: L; Gain: 270; Offset 50; Binning: 1x1;
2026-04-02T23:14:17.4078|INFO|HocusFocusStarDetection.cs|Detect|413|Average HFR: 1.736209514668222, HFR MAD: 0.08322707984911482, Detected Stars 188, Region: 0
2026-04-02T23:14:17.4082|INFO|HocusFocusVM.cs|AutoFocusEngine_Completed|473|AutoFocus completed with focuser starting at 387301 and ending at 387290
2026-04-02T23:14:17.4097|INFO|FocuserMediator.cs|BroadcastSuccessfulAutoFocusRun|46|Autofocus notification received - Temperature 26.3799991607666
2026-04-02T23:14:17.4191|INFO|SessionEventCollector.cs|SaveEvent|128|NightSummary: Event logged — AutoFocus: AutoFocus completed — Filter: L, Temp: 26.4°C, Position: 387290.1499190711
2026-04-02T23:14:17.4200|INFO|FilterWheelVM.cs|ChangeFilter|112|Moving to Filter H at Position 5
2026-04-02T23:14:17.4450|INFO|FocuserVM.cs|MoveFocuserInternal|216|Moving Focuser to position 387312
2026-04-02T23:14:21.3550|INFO|PHD2Guider.cs|TryStartGuideCommand|641|Phd2 - Requesting to start guiding. Recalibrate: False
2026-04-02T23:14:28.6389|INFO|PHD2Client.cs|ProcessEvent|261|PHD2: StartGuiding
2026-04-02T23:14:28.6390|INFO|PHD2Client.cs|StartNewGuidingSession|393|PHD2Client: New guiding session started
2026-04-02T23:14:28.6483|INFO|PHD2Client.cs|QueryExposureTime|1216|PHD2Client: Exposure time from PHD2 API: 2.000 seconds (2000 ms)
2026-04-02T23:14:51.8508|INFO|PHD2Client.cs|HandleSettleDone|343|PHD2Client: SettleDone - Status=0, Success=True, TotalFrames=10, DroppedFrames=0
2026-04-02T23:14:51.8509|WARNING|DitherStatisticsVM.cs|OnPHD2SettleDone|772|⚠️ SettleDone received but no currentDither exists (race condition?)
2026-04-02T23:14:56.6806|INFO|Sequence2VM.cs|StartSequence|543|Advanced Sequence starting
2026-04-02T23:14:56.8393|INFO|SequenceItem.cs|Run|208|Starting Category: * Instruction Set *, Container: NINA.Sequencer.Container.SequenceRootContainer, Strategy: SequentialStrategy, Items[CREATED]: 3, Triggers: Category: Ground Station, Item: Failures to Telegram
2026-04-02T23:14:56.8398|INFO|SequenceItem.cs|Run|208|Starting Category: * Instruction Set *, Container: NINA.Sequencer.Container.StartAreaContainer, Strategy: SequentialStrategy, Items[FINISHED]: 1
2026-04-02T23:14:56.8399|INFO|SequenceItem.cs|Run|254|Finishing Category: * Instruction Set *, Container: NINA.Sequencer.Container.StartAreaContainer, Strategy: SequentialStrategy, Items[FINISHED]: 1
2026-04-02T23:14:56.8400|INFO|SequenceItem.cs|Run|208|Starting Category: * Instruction Set *, Container: NINA.Sequencer.Container.TargetAreaContainer, Strategy: SequentialStrategy, Items[CREATED]: 1
2026-04-02T23:14:56.8401|INFO|SequenceItem.cs|Run|208|Starting Category: * Instruction Set *, Container: NINA.Sequencer.Container.SequentialContainer, Strategy: SequentialStrategy, Items[FINISHED]: 10, Items[CREATED]: 1, Conditions: Condition: TimeCondition, Time: 6:58:57h, Condition: TargetSchedulerCondition mode=While Targets Remain Tonight, , Triggers: Trigger: CenterAfterDriftTrigger, DistanceArcMinutes: 1Trigger: WhenUnsafeCategory: Ground Station, Item: Failures to TelegramCategory: Connect, Item: ReconnectOnDownloadFailureTrigger: AutofocusAfterHFRIncreaseTrigger, Amount: 5Trigger: MeridianFlipTriggerCategory: Powerups (Misc), Item: DIYTriggerCategory: Ground Station, Item: Failures to PushoverTrigger: AutofocusAfterTemperatureChangeTrigger, Amount: 1.5°
2026-04-02T23:14:56.8405|INFO|WhenCommon.cs|SequenceBlockInitialize|204|Initialize; starting watchdog
2026-04-02T23:14:56.8411|INFO|MeridianFlipTrigger.cs|ShouldTrigger|265|Meridian Flip - There is still time remaining - max remaining time 11:32:58.4032671, next instruction time 0, next instruction Category: Target Scheduler, Container: NINA.Plugin.TargetScheduler.Sequencer.TargetSchedulerContainer, Strategy: SequentialStrategy, Target:  RA: 00:00:00; Dec: 00° 00' 00"; Epoch: J2000 0 - and the telescope reports expected pier side pierEast. Automated Flip is not necessary.
2026-04-02T23:14:56.8415|INFO|SequenceItem.cs|Run|208|Starting Category: Target Scheduler, Container: NINA.Plugin.TargetScheduler.Sequencer.TargetSchedulerContainer, Strategy: SequentialStrategy, Target:  RA: 00:00:00; Dec: 00° 00' 00"; Epoch: J2000 0
2026-04-02T23:14:57.0324|INFO|Symbol.cs|OnMessageReceived|627|Received message from Target Scheduler re: TargetScheduler-NewTargetStart
2026-04-02T23:14:57.0324|INFO|Symbol.cs|OnMessageReceived|635|TS_TargetName = M 81-82 - NB
2026-04-02T23:14:57.0325|INFO|Symbol.cs|OnMessageReceived|636|Expires at 04/03/2026 04:39:45 -05:00
2026-04-02T23:14:57.0378|INFO|Symbol.cs|OnMessageReceived|627|Received message from Target Scheduler re: TargetScheduler-TargetStart
2026-04-02T23:14:57.0379|INFO|Symbol.cs|OnMessageReceived|635|TS_TargetName = M 81-82 - NB
2026-04-02T23:14:57.0379|INFO|Symbol.cs|OnMessageReceived|636|Expires at 04/03/2026 04:39:45 -05:00
2026-04-02T23:14:57.0383|INFO|MeridianFlipTrigger.cs|ShouldTrigger|265|Meridian Flip - There is still time remaining - max remaining time 11:32:58.4032671, next instruction time 0, next instruction NINA.Plugin.TargetScheduler.Sequencer.PlanSchedulerProgress - and the telescope reports expected pier side pierEast. Automated Flip is not necessary.
2026-04-02T23:14:57.0384|INFO|SequenceItem.cs|Run|208|Starting NINA.Plugin.TargetScheduler.Sequencer.PlanSchedulerProgress
2026-04-02T23:14:57.0387|INFO|SequenceItem.cs|Run|254|Finishing NINA.Plugin.TargetScheduler.Sequencer.PlanSchedulerProgress
2026-04-02T23:14:57.0389|INFO|MeridianFlipTrigger.cs|ShouldTrigger|265|Meridian Flip - There is still time remaining - max remaining time 11:32:58.4032671, next instruction time 0, next instruction Category: Scheduler, Item: Center, Coordinates RA: 09:57:23; Dec: 69° 11' 48"; Epoch: J2000 - and the telescope reports expected pier side pierEast. Automated Flip is not necessary.
2026-04-02T23:14:57.0389|INFO|SequenceItem.cs|Run|208|Starting Category: Scheduler, Item: Center, Coordinates RA: 09:57:23; Dec: 69° 11' 48"; Epoch: J2000
2026-04-02T23:14:58.4045|INFO|PHD2Client.cs|ProcessEvent|268|PHD2: ConfigurationChange
2026-04-02T23:14:58.4052|WARNING|PHD2Client.cs|ProcessEvent|252|PHD2: LockPositionLost
2026-04-02T23:14:58.6071|INFO|PHD2Client.cs|QueryExposureTime|1216|PHD2Client: Exposure time from PHD2 API: 2.000 seconds (2000 ms)
2026-04-02T23:14:59.2216|INFO|TelescopeVM.cs|SlewAsyncInternal|910|Slewing from RA: 09:59:27; Dec: 69° 04' 42"; Epoch: JNOW to RA: 09:59:35; Dec: 69° 04' 26"; Epoch: JNOW - Alt: 52° 19' 02"; Az: 356° 30' 21"
2026-04-02T23:15:06.4028|INFO|FilterWheelVM.cs|ChangeFilter|112|Moving to Filter L at Position 0
2026-04-02T23:15:06.6067|INFO|FocuserVM.cs|MoveFocuserInternal|216|Moving Focuser to position 387290
2026-04-02T23:15:15.3396|INFO|CameraVM.cs|Capture|742|Starting Exposure - Exposure Time: 2s; Filter: L; Gain: 275; Offset 50; Binning: 1x1;
2026-04-02T23:15:19.8317|INFO|ImageSolver.cs|Solve|41|Platesolving with parameters: FocalLength: 360 PixelSize: 3.76 SearchRadius: 30 BlindFailoverEnabled: True Regions: 5000 DownSampleFactor: 0 MaxObjects: 500 Reference Coordinates RA: 09:57:23 Dec: 69° 11' 48" Epoch: J2000
2026-04-02T23:15:20.1391|INFO|BaseImageData.cs|SaveToDisk|346|Saved image to C:\Users\nicka\AppData\Local\NINA\PlateSolver\h015ifyi.u0h.fits
2026-04-02T23:15:21.1487|INFO|ImageSolver.cs|Solve|54|Platesolve successful: Coordinates: RA: 09:57:20; Dec: 69° 11' 38"; Epoch: J2000 - Position Angle: 275.3608727630392
2026-04-02T23:15:21.1499|INFO|CenteringSolver.cs|Center|99|Centering Solver - Scope Position: RA: 09:59:35; Dec: 69° 04' 26"; Epoch: JNOW; Offset: RA: 00:00:00; Dec: 00° 00' 00"; Distance: 00° 00' 00"; Bearing: 00° 00' 00"; Centering Coordinates: RA: 09:59:35; Dec: 69° 04' 26"; Epoch: JNOW; Solved: RA: 09:59:32; Dec: 69° 04' 16"; Epoch: JNOW; Separation RA: 00:00:03; Dec: 00° 00' 10"; Distance: 00° 00' 19"; Bearing: 121° 31' 10"; Threshold: 2
2026-04-02T23:15:21.1500|INFO|CenteringSolver.cs|Center|165|Restoring filter to H after centering
2026-04-02T23:15:21.1509|INFO|FilterWheelVM.cs|ChangeFilter|112|Moving to Filter H at Position 5
2026-04-02T23:15:21.3162|INFO|FocuserVM.cs|MoveFocuserInternal|216|Moving Focuser to position 387312
2026-04-02T23:15:25.3360|INFO|PHD2Guider.cs|TryStartGuideCommand|641|Phd2 - Requesting to start guiding. Recalibrate: False
2026-04-02T23:15:32.5157|INFO|PHD2Client.cs|ProcessEvent|261|PHD2: StartGuiding
2026-04-02T23:15:32.5158|INFO|PHD2Client.cs|StartNewGuidingSession|393|PHD2Client: New guiding session started
2026-04-02T23:15:32.5280|INFO|PHD2Client.cs|QueryExposureTime|1216|PHD2Client: Exposure time from PHD2 API: 2.000 seconds (2000 ms)
2026-04-02T23:15:55.0494|INFO|PHD2Client.cs|HandleSettleDone|343|PHD2Client: SettleDone - Status=0, Success=True, TotalFrames=10, DroppedFrames=0
2026-04-02T23:15:55.0496|WARNING|DitherStatisticsVM.cs|OnPHD2SettleDone|772|⚠️ SettleDone received but no currentDither exists (race condition?)
2026-04-02T23:15:55.4599|INFO|SequenceItem.cs|Run|254|Finishing Category: Scheduler, Item: Center, Coordinates RA: 09:57:23; Dec: 69° 11' 48"; Epoch: J2000
2026-04-02T23:15:55.4603|INFO|MeridianFlipTrigger.cs|ShouldTrigger|265|Meridian Flip - There is still time remaining - max remaining time 11:32:07.5534048, next instruction time 0, next instruction NINA.Plugin.TargetScheduler.Sequencer.PlanSchedulerProgress - and the telescope reports expected pier side pierEast. Automated Flip is not necessary.
2026-04-02T23:15:55.4604|INFO|SequenceItem.cs|Run|208|Starting NINA.Plugin.TargetScheduler.Sequencer.PlanSchedulerProgress
2026-04-02T23:15:55.5018|INFO|SequenceItem.cs|Run|254|Finishing NINA.Plugin.TargetScheduler.Sequencer.PlanSchedulerProgress
2026-04-02T23:15:55.5023|INFO|MeridianFlipTrigger.cs|ShouldTrigger|265|Meridian Flip - There is still time remaining - max remaining time 11:32:07.5534048, next instruction time 0, next instruction Category: , Container: NINA.Plugin.TargetScheduler.Sequencer.InstructionContainer, Strategy: InstructionContainerStrategy, Items[CREATED]: 2 - and the telescope reports expected pier side pierEast. Automated Flip is not necessary.
2026-04-02T23:15:55.5023|INFO|SequenceItem.cs|Run|208|Starting Category: , Container: NINA.Plugin.TargetScheduler.Sequencer.InstructionContainer, Strategy: InstructionContainerStrategy, Items[CREATED]: 2
2026-04-02T23:15:55.5026|INFO|MeridianFlipTrigger.cs|ShouldTrigger|265|Meridian Flip - There is still time remaining - max remaining time 11:32:07.5534048, next instruction time 0, next instruction Category: Powerups (Expressions), Item: IfConstant, Expr: Expression: TargetName == "DarkTower2026" in If, References: 1, Value: 0 - and the telescope reports expected pier side pierEast. Automated Flip is not necessary.
2026-04-02T23:15:55.5026|INFO|SequenceItem.cs|Run|208|Starting Category: Powerups (Expressions), Item: IfConstant, Expr: Expression: TargetName == "DarkTower2026" in If, References: 1, Value: 0
2026-04-02T23:15:55.5026|INFO|If.cs|Execute|57|Predicate: TargetName == "DarkTower2026"
2026-04-02T23:15:55.5046|INFO|If.cs|Execute|84|Predicate is false, Expression: TargetName == "DarkTower2026" in If, References: 1, Value: 0
2026-04-02T23:15:55.5047|INFO|SequenceItem.cs|Run|254|Finishing Category: Powerups (Expressions), Item: IfConstant, Expr: Expression: TargetName == "DarkTower2026" in If, References: 1, Value: 0
2026-04-02T23:15:55.5051|INFO|MeridianFlipTrigger.cs|ShouldTrigger|265|Meridian Flip - There is still time remaining - max remaining time 11:32:07.5534048, next instruction time 0, next instruction Category: Ground Station, Item: Send to Telegram - and the telescope reports expected pier side pierEast. Automated Flip is not necessary.
2026-04-02T23:15:55.5051|INFO|SequenceItem.cs|Run|208|Starting Category: Ground Station, Item: Send to Telegram
2026-04-02T23:15:56.1377|INFO|SequenceItem.cs|Run|254|Finishing Category: Ground Station, Item: Send to Telegram
2026-04-02T23:15:56.1381|INFO|SequenceItem.cs|Run|254|Finishing Category: , Container: NINA.Plugin.TargetScheduler.Sequencer.InstructionContainer, Strategy: InstructionContainerStrategy, Items[FINISHED]: 2
2026-04-02T23:15:56.1383|INFO|MeridianFlipTrigger.cs|ShouldTrigger|265|Meridian Flip - There is still time remaining - max remaining time 11:32:07.5534048, next instruction time 0, next instruction NINA.Plugin.TargetScheduler.Sequencer.PlanSchedulerProgress - and the telescope reports expected pier side pierEast. Automated Flip is not necessary.
2026-04-02T23:15:56.1384|INFO|SequenceItem.cs|Run|208|Starting NINA.Plugin.TargetScheduler.Sequencer.PlanSchedulerProgress
2026-04-02T23:15:56.2151|INFO|SequenceItem.cs|Run|254|Finishing NINA.Plugin.TargetScheduler.Sequencer.PlanSchedulerProgress
2026-04-02T23:15:56.2156|INFO|MeridianFlipTrigger.cs|ShouldTrigger|265|Meridian Flip - There is still time remaining - max remaining time 11:32:07.5534048, next instruction time 0, next instruction Category: Scheduler, Item: SwitchFilter, Filter: H - and the telescope reports expected pier side pierEast. Automated Flip is not necessary.
2026-04-02T23:15:56.2157|INFO|SequenceItem.cs|Run|208|Starting Category: Scheduler, Item: SwitchFilter, Filter: H
2026-04-02T23:15:56.2165|INFO|SequenceItem.cs|Run|254|Finishing Category: Scheduler, Item: SwitchFilter, Filter: H
2026-04-02T23:15:56.2168|INFO|MeridianFlipTrigger.cs|ShouldTrigger|265|Meridian Flip - There is still time remaining - max remaining time 11:32:07.5534048, next instruction time 0, next instruction NINA.Plugin.TargetScheduler.Sequencer.PlanSchedulerProgress - and the telescope reports expected pier side pierEast. Automated Flip is not necessary.
2026-04-02T23:15:56.2169|INFO|SequenceItem.cs|Run|208|Starting NINA.Plugin.TargetScheduler.Sequencer.PlanSchedulerProgress
2026-04-02T23:15:56.2169|INFO|SequenceItem.cs|Run|254|Finishing NINA.Plugin.TargetScheduler.Sequencer.PlanSchedulerProgress
2026-04-02T23:15:56.2171|INFO|MeridianFlipTrigger.cs|ShouldTrigger|265|Meridian Flip - There is still time remaining - max remaining time 11:32:07.5534048, next instruction time 0, next instruction Category: Scheduler, Item: SetReadoutMode, Mode: 0 - and the telescope reports expected pier side pierEast. Automated Flip is not necessary.
2026-04-02T23:15:56.2171|INFO|SequenceItem.cs|Run|208|Starting Category: Scheduler, Item: SetReadoutMode, Mode: 0
2026-04-02T23:15:56.2172|INFO|SequenceItem.cs|Run|254|Finishing Category: Scheduler, Item: SetReadoutMode, Mode: 0
2026-04-02T23:15:56.2174|INFO|MeridianFlipTrigger.cs|ShouldTrigger|265|Meridian Flip - There is still time remaining - max remaining time 11:32:07.5534048, next instruction time 0, next instruction NINA.Plugin.TargetScheduler.Sequencer.PlanSchedulerProgress - and the telescope reports expected pier side pierEast. Automated Flip is not necessary.
2026-04-02T23:15:56.2174|INFO|SequenceItem.cs|Run|208|Starting NINA.Plugin.TargetScheduler.Sequencer.PlanSchedulerProgress
2026-04-02T23:15:56.2624|INFO|SequenceItem.cs|Run|254|Finishing NINA.Plugin.TargetScheduler.Sequencer.PlanSchedulerProgress
2026-04-02T23:15:56.2631|INFO|MeridianFlipTrigger.cs|ShouldTrigger|265|Meridian Flip - There is still time remaining - max remaining time 11:32:07.5534048, next instruction time 600, next instruction Category: Scheduler, Item: TakeExposure, ExposureTime 600, Gain 100, Offset 50, ImageType LIGHT, Binning 1x1 - and the telescope reports expected pier side pierEast. Automated Flip is not necessary.
2026-04-02T23:15:56.2632|INFO|DIYTrigger.cs|ShouldTrigger|109|DIY Trigger Restore Guiding ShouldTrigger returning true
2026-04-02T23:15:56.2633|INFO|SequenceTrigger.cs|Run|114|Starting Category: Powerups (Misc), Item: DIYTrigger
2026-04-02T23:15:56.2669|INFO|DIYTrigger.cs|Execute|95|DIY Trigger executing...
2026-04-02T23:15:56.2672|INFO|SequenceItem.cs|Run|208|Starting Category: * Instruction Set *, Container: NINA.Sequencer.Container.SequentialContainer, Strategy: SequentialStrategy, Items[CREATED]: 1, Triggers: Trigger: RestoreGuiding
2026-04-02T23:15:56.2676|INFO|MeridianFlipTrigger.cs|ShouldTrigger|265|Meridian Flip - There is still time remaining - max remaining time 11:32:07.5534048, next instruction time 0, next instruction Category: Powerups (Expressions), Item: IfFailed - and the telescope reports expected pier side pierEast. Automated Flip is not necessary.
2026-04-02T23:15:56.2676|INFO|SequenceItem.cs|Run|208|Starting Category: Powerups (Expressions), Item: IfFailed
2026-04-02T23:15:56.2677|INFO|SequenceItem.cs|Run|208|Starting Category: Guider, Item: StartGuiding
2026-04-02T23:15:56.2740|INFO|PHD2Guider.cs|StartGuidingPrivate|504|Phd2 - App is already guiding. Skipping start guiding
2026-04-02T23:15:56.2743|INFO|SequenceItem.cs|Run|254|Finishing Category: Guider, Item: StartGuiding
2026-04-02T23:15:56.2744|INFO|SequenceItem.cs|Run|254|Finishing Category: Powerups (Expressions), Item: IfFailed
2026-04-02T23:15:56.2746|INFO|SequenceItem.cs|Run|254|Finishing Category: * Instruction Set *, Container: NINA.Sequencer.Container.SequentialContainer, Strategy: SequentialStrategy, Items[FINISHED]: 1, Triggers: Trigger: RestoreGuiding
2026-04-02T23:15:56.2791|INFO|SequenceItem.cs|Run|208|Starting Category: Scheduler, Item: TakeExposure, ExposureTime 600, Gain 100, Offset 50, ImageType LIGHT, Binning 1x1
2026-04-02T23:15:56.2844|INFO|CameraVM.cs|Capture|742|Starting Exposure - Exposure Time: 600s; Filter: ; Gain: 100; Offset 50; Binning: 1x1;
2026-04-02T23:25:58.1256|INFO|SequenceItem.cs|Run|254|Finishing Category: Scheduler, Item: TakeExposure, ExposureTime 600, Gain 100, Offset 50, ImageType LIGHT, Binning 1x1
2026-04-02T23:25:58.1260|INFO|MeridianFlipTrigger.cs|ShouldTrigger|265|Meridian Flip - There is still time remaining - max remaining time 11:22:04.5453430, next instruction time 0, next instruction NINA.Plugin.TargetScheduler.Sequencer.PlanSchedulerProgress - and the telescope reports expected pier side pierEast. Automated Flip is not necessary.
2026-04-02T23:25:58.1261|INFO|SequenceItem.cs|Run|208|Starting NINA.Plugin.TargetScheduler.Sequencer.PlanSchedulerProgress
2026-04-02T23:25:58.1262|INFO|SequenceItem.cs|Run|254|Finishing NINA.Plugin.TargetScheduler.Sequencer.PlanSchedulerProgress
2026-04-02T23:25:59.4549|INFO|HocusFocusStarDetection.cs|Detect|413|Average HFR: 1.8450823196287929, HFR MAD: 0.10535773717487551, Detected Stars 370, Region: 0
2026-04-02T23:26:00.3137|INFO|BaseImageData.cs|SaveToDisk|346|Saved image to C:\ASTROIMAGES\NINA\2026-04-02\M 81-82 - NB\LIGHT\H\2026-04-02_23-15-56_M 81-82 - NB_LIGHT_H_-5.00C_G100-Exp-600.00s_MAXRMS-D1.60-R1.19_M-91.52_RMS-0.46_HFR-1.85_F-0012.fits
2026-04-02T23:26:00.3138|INFO|ImageSaveController.cs|DoWork|97|Successfully saved file at C:\ASTROIMAGES\NINA\2026-04-02\M 81-82 - NB\LIGHT\H\2026-04-02_23-15-56_M 81-82 - NB_LIGHT_H_-5.00C_G100-Exp-600.00s_MAXRMS-D1.60-R1.19_M-91.52_RMS-0.46_HFR-1.85_F-0012.fits. Duration Total: 00:00:02.1872840; BeforeSave: 00:00:00.0001182; BeforeFinalizeImageSaved: 00:00:01.7753434; FinalizeSaveTime: 00:00:00.4118214
2026-04-02T23:26:00.9610|WARNING|SessionMetaDataWatcher.cs|WriteAcquisitionMetaData|73|acquisition file already exists, will not overwrite: C:\ASTROIMAGES\NINA\2026-04-02\M 81-82 - NB\LIGHT\H\metadata\AcquisitionDetails.csv
2026-04-02T23:26:00.9611|WARNING|SessionMetaDataWatcher.cs|WriteAcquisitionMetaData|93|acquisition file already exists, will not overwrite: C:\ASTROIMAGES\NINA\2026-04-02\M 81-82 - NB\LIGHT\H\metadata\AcquisitionDetails.json
2026-04-02T23:26:00.9616|INFO|SessionMetaDataWatcher.cs|WriteImageMetaData|105|Writing CSV image metadata: C:\ASTROIMAGES\NINA\2026-04-02\M 81-82 - NB\LIGHT\H\metadata\ImageMetaData.csv
2026-04-02T23:26:01.0011|INFO|SessionMetaDataWatcher.cs|WriteImageMetaData|122|Writing JSON image metadata: C:\ASTROIMAGES\NINA\2026-04-02\M 81-82 - NB\LIGHT\H\metadata\ImageMetaData.json
2026-04-02T23:26:01.0219|INFO|SessionMetaDataWatcher.cs|WriteWeatherMetaData|169|Writing CSV weather metadata: C:\ASTROIMAGES\NINA\2026-04-02\M 81-82 - NB\LIGHT\H\metadata\WeatherData.csv
2026-04-02T23:26:01.0390|INFO|SessionMetaDataWatcher.cs|WriteWeatherMetaData|186|Writing JSON weather metadata: C:\ASTROIMAGES\NINA\2026-04-02\M 81-82 - NB\LIGHT\H\metadata\WeatherData.json
2026-04-02T23:26:01.5112|INFO|MeridianFlipTrigger.cs|ShouldTrigger|265|Meridian Flip - There is still time remaining - max remaining time 11:22:00.5864728, next instruction time 0, next instruction Category: Powerups (Fun-ctions), Item: GSSend - and the telescope reports expected pier side pierEast. Automated Flip is not necessary.
2026-04-02T23:26:01.5112|INFO|SequenceItem.cs|Run|208|Starting Category: Powerups (Fun-ctions), Item: GSSend
2026-04-02T23:26:01.5116|INFO|SendWithGS.cs|ProcessedScript|64|Replacing Image_ExposureTime with 600
2026-04-02T23:26:01.5117|INFO|SendWithGS.cs|ProcessedScript|64|Replacing Image_HFR with 1.845
2026-04-02T23:26:01.5118|INFO|SendWithGS.cs|ProcessedScript|64|Replacing Image_FWHM with 7.23
2026-04-02T23:26:01.5119|INFO|SendWithGS.cs|ProcessedScript|64|Replacing Altitude with 52.14211603096136
2026-04-02T23:26:01.5119|INFO|SendWithGS.cs|Execute|95|Sending to Ground Station: Exp: $$FWHEEL_FILTER_NAME$$ on $$TARGET_NAME$$ EXP: 600 HFR: 1.845 FWHM: 7.23  Altitude: 52.14211603096136 
2026-04-02T23:26:01.5131|INFO|SequenceItem.cs|Run|208|Starting Category: Ground Station, Item: Send to Telegram
2026-04-02T23:26:02.1579|INFO|SequenceItem.cs|Run|254|Finishing Category: Ground Station, Item: Send to Telegram
2026-04-02T23:26:02.1594|INFO|SequenceItem.cs|Run|254|Finishing Category: Powerups (Fun-ctions), Item: GSSend
2026-04-02T23:26:02.1598|INFO|MeridianFlipTrigger.cs|ShouldTrigger|265|Meridian Flip - There is still time remaining - max remaining time 11:22:00.5864728, next instruction time 0, next instruction Category: Powerups (Fun-ctions), Item: GSSend - and the telescope reports expected pier side pierEast. Automated Flip is not necessary.
2026-04-02T23:26:02.1599|INFO|SequenceItem.cs|Run|208|Starting Category: Powerups (Fun-ctions), Item: GSSend
2026-04-02T23:26:02.1602|INFO|SendWithGS.cs|ProcessedScript|64|Replacing Image_ExposureTime with 600
2026-04-02T23:26:02.1603|INFO|SendWithGS.cs|ProcessedScript|64|Replacing Image_HFR with 1.845
2026-04-02T23:26:02.1604|INFO|SendWithGS.cs|ProcessedScript|64|Replacing Image_FWHM with 7.23
2026-04-02T23:26:02.1605|INFO|SendWithGS.cs|ProcessedScript|64|Replacing Altitude with 52.14211603096136
2026-04-02T23:26:02.1605|INFO|SendWithGS.cs|Execute|95|Sending to Ground Station: Exp: $$FWHEEL_FILTER_NAME$$ on $$TARGET_NAME$$ EXP: 600 HFR: 1.845 FWHM: 7.23  Altitude: 52.14211603096136 
2026-04-02T23:26:02.1621|INFO|SequenceItem.cs|Run|208|Starting Category: Ground Station, Item: Send to Pushover, Title: IMAGE: $$TARGET_NAME$$
2026-04-02T23:26:02.3483|INFO|SequenceItem.cs|Run|254|Finishing Category: Ground Station, Item: Send to Pushover, Title: IMAGE: $$TARGET_NAME$$
2026-04-02T23:26:02.3495|INFO|SequenceItem.cs|Run|254|Finishing Category: Powerups (Fun-ctions), Item: GSSend
2026-04-02T23:26:02.6373|INFO|Symbol.cs|OnMessageReceived|627|Received message from Target Scheduler re: TargetScheduler-TargetStart
2026-04-02T23:26:02.6374|INFO|Symbol.cs|OnMessageReceived|635|TS_TargetName = M 81-82 - NB
2026-04-02T23:26:02.6374|INFO|Symbol.cs|OnMessageReceived|636|Expires at 04/03/2026 04:39:45 -05:00
2026-04-02T23:26:02.6378|INFO|MeridianFlipTrigger.cs|ShouldTrigger|265|Meridian Flip - There is still time remaining - max remaining time 11:22:00.5864728, next instruction time 0, next instruction NINA.Plugin.TargetScheduler.Sequencer.PlanSchedulerProgress - and the telescope reports expected pier side pierEast. Automated Flip is not necessary.
2026-04-02T23:26:02.6380|INFO|SequenceItem.cs|Run|208|Starting NINA.Plugin.TargetScheduler.Sequencer.PlanSchedulerProgress
2026-04-02T23:26:02.7643|INFO|SequenceItem.cs|Run|254|Finishing NINA.Plugin.TargetScheduler.Sequencer.PlanSchedulerProgress
2026-04-02T23:26:02.7648|INFO|MeridianFlipTrigger.cs|ShouldTrigger|265|Meridian Flip - There is still time remaining - max remaining time 11:22:00.5864728, next instruction time 90, next instruction Category: , Item: Dither - and the telescope reports expected pier side pierEast. Automated Flip is not necessary.
2026-04-02T23:26:02.7648|INFO|SequenceItem.cs|Run|208|Starting Category: , Item: Dither
2026-04-02T23:26:02.7828|INFO|PHD2Client.cs|HandleGuidingDithered|309|PHD2Client: 🎯 GuidingDithered (DITHER START) - dx=-11.99, dy=-11.36
2026-04-02T23:26:02.7829|INFO|DitherStatisticsVM.cs|OnPHD2GuidingDithered|752|🎯 DITHER START detected via GuidingDithered! dx=-11.99, dy=-11.36
2026-04-02T23:26:02.7829|INFO|DitherStatisticsVM.cs|OnPHD2GuidingDithered|762|✅ Dither START recorded with pixel shift: (-11.99, -11.36)
2026-04-02T23:26:02.7830|INFO|PHD2Client.cs|StartDitherDataCollection|576|PHD2Client: Started dither data collection for 30 seconds (series #10)
2026-04-02T23:26:03.1001|INFO|StarfrontClient.cs|SendImageFile|249|[Rockwood] sent 2026-04-02_23-15-56_M 81-82 - NB_LIGHT_H_-5.00C_G100-Exp-600.00s_MAXRMS-D1.60-R1.19_M-91.52_RMS-0.46_HFR-1.85_F-0012.fits (23KB) object=M 81-82 - NB exptime=600s filter=H
2026-04-02T23:26:32.7842|INFO|PHD2Client.cs|OnDitherCollectionComplete|657|PHD2Client: Dither data collection complete (timer). Collected 5 points.
2026-04-02T23:26:32.7866|INFO|PHD2Client.cs|WriteDitherAnalysisFile|738|PHD2Client: Dither analysis file written with 87 data points: 20260402_231532_dither_analysis.txt
2026-04-02T23:26:32.7886|INFO|PHD2Client.cs|WritePositivePeriodsFile|932|PHD2Client: Positive periods analysis written with 26 total periods across 3 multipliers: 20260402_231532_positive_periods.txt
2026-04-02T23:26:32.7887|INFO|PHD2Client.cs|AnalyzePositivePeriods|868|PHD2Client: Positive period analysis complete. firstPeriodPerSeries counts: 1.5σ=5, 2.0σ=5, 3.0σ=6
2026-04-02T23:26:32.7888|INFO|PHD2Client.cs|CalculateRecommendation|954|PHD2Client: Calculating recommendation from 10 dither series, RMS=0.1451, StdDev=0.0784
2026-04-02T23:26:32.7889|INFO|PHD2Client.cs|CalculateRecommendation|987|PHD2Client: Dither recommendation calculated - Events: 10, SettlePixel: Q=0.26 B=0.30 P=0.38, MinSettle: Q=10.0s B=8.0s P=8.0s
2026-04-02T23:26:32.7891|INFO|DitherStatisticsVM.cs|OnDitherRecommendationUpdated|500|Dither recommendation updated on UI thread - Events: 10
2026-04-02T23:26:32.7891|INFO|PHD2Client.cs|RunAnalysisAndRecommendation|638|PHD2Client: RunAnalysisAndRecommendation completed - 87 points, 10 series
2026-04-02T23:26:59.3124|INFO|PHD2Client.cs|HandleSettleDone|343|PHD2Client: SettleDone - Status=0, Success=True, TotalFrames=17, DroppedFrames=0
2026-04-02T23:26:59.3125|INFO|DitherStatisticsVM.cs|OnPHD2SettleDone|794|✅ DITHER END - Success=True, SettleTime=56.53s, TotalFrames=17, DroppedFrames=0
2026-04-02T23:26:59.3356|INFO|DitherStatisticsVM.cs|UpdateQualityMetrics|865|Quality metrics updated: Score=0.2965, Rating=Poor
2026-04-02T23:26:59.8840|INFO|SequenceItem.cs|Run|254|Finishing Category: , Item: Dither
2026-04-02T23:26:59.8845|INFO|MeridianFlipTrigger.cs|ShouldTrigger|265|Meridian Flip - There is still time remaining - max remaining time 11:20:55.6447135, next instruction time 0, next instruction NINA.Plugin.TargetScheduler.Sequencer.PlanSchedulerProgress - and the telescope reports expected pier side pierEast. Automated Flip is not necessary.
2026-04-02T23:26:59.8846|INFO|SequenceItem.cs|Run|208|Starting NINA.Plugin.TargetScheduler.Sequencer.PlanSchedulerProgress
2026-04-02T23:26:59.8847|INFO|SequenceItem.cs|Run|254|Finishing NINA.Plugin.TargetScheduler.Sequencer.PlanSchedulerProgress
2026-04-02T23:26:59.8851|INFO|MeridianFlipTrigger.cs|ShouldTrigger|265|Meridian Flip - There is still time remaining - max remaining time 11:20:55.6447135, next instruction time 0, next instruction Category: Scheduler, Item: SwitchFilter, Filter: H - and the telescope reports expected pier side pierEast. Automated Flip is not necessary.
2026-04-02T23:26:59.8852|INFO|SequenceItem.cs|Run|208|Starting Category: Scheduler, Item: SwitchFilter, Filter: H
2026-04-02T23:26:59.8863|INFO|SequenceItem.cs|Run|254|Finishing Category: Scheduler, Item: SwitchFilter, Filter: H
2026-04-02T23:26:59.8867|INFO|MeridianFlipTrigger.cs|ShouldTrigger|265|Meridian Flip - There is still time remaining - max remaining time 11:20:55.6447135, next instruction time 0, next instruction NINA.Plugin.TargetScheduler.Sequencer.PlanSchedulerProgress - and the telescope reports expected pier side pierEast. Automated Flip is not necessary.
2026-04-02T23:26:59.8867|INFO|SequenceItem.cs|Run|208|Starting NINA.Plugin.TargetScheduler.Sequencer.PlanSchedulerProgress
2026-04-02T23:26:59.8868|INFO|SequenceItem.cs|Run|254|Finishing NINA.Plugin.TargetScheduler.Sequencer.PlanSchedulerProgress
2026-04-02T23:26:59.8870|INFO|MeridianFlipTrigger.cs|ShouldTrigger|265|Meridian Flip - There is still time remaining - max remaining time 11:20:55.6447135, next instruction time 0, next instruction Category: Scheduler, Item: SetReadoutMode, Mode: 0 - and the telescope reports expected pier side pierEast. Automated Flip is not necessary.
2026-04-02T23:26:59.8870|INFO|SequenceItem.cs|Run|208|Starting Category: Scheduler, Item: SetReadoutMode, Mode: 0
2026-04-02T23:26:59.8872|INFO|SequenceItem.cs|Run|254|Finishing Category: Scheduler, Item: SetReadoutMode, Mode: 0
2026-04-02T23:26:59.8874|INFO|MeridianFlipTrigger.cs|ShouldTrigger|265|Meridian Flip - There is still time remaining - max remaining time 11:20:55.6447135, next instruction time 0, next instruction NINA.Plugin.TargetScheduler.Sequencer.PlanSchedulerProgress - and the telescope reports expected pier side pierEast. Automated Flip is not necessary.
2026-04-02T23:26:59.8875|INFO|SequenceItem.cs|Run|208|Starting NINA.Plugin.TargetScheduler.Sequencer.PlanSchedulerProgress
2026-04-02T23:26:59.8893|INFO|SequenceItem.cs|Run|254|Finishing NINA.Plugin.TargetScheduler.Sequencer.PlanSchedulerProgress
2026-04-02T23:26:59.8899|INFO|MeridianFlipTrigger.cs|ShouldTrigger|265|Meridian Flip - There is still time remaining - max remaining time 11:20:55.6447135, next instruction time 600, next instruction Category: Scheduler, Item: TakeExposure, ExposureTime 600, Gain 100, Offset 50, ImageType LIGHT, Binning 1x1 - and the telescope reports expected pier side pierEast. Automated Flip is not necessary.
2026-04-02T23:26:59.8900|INFO|DIYTrigger.cs|ShouldTrigger|109|DIY Trigger Restore Guiding ShouldTrigger returning true
2026-04-02T23:26:59.8900|INFO|SequenceTrigger.cs|Run|114|Starting Category: Powerups (Misc), Item: DIYTrigger
2026-04-02T23:26:59.8925|INFO|DIYTrigger.cs|Execute|95|DIY Trigger executing...
2026-04-02T23:26:59.8927|INFO|SequenceItem.cs|Run|208|Starting Category: * Instruction Set *, Container: NINA.Sequencer.Container.SequentialContainer, Strategy: SequentialStrategy, Items[CREATED]: 1, Triggers: Trigger: RestoreGuiding
2026-04-02T23:26:59.8932|INFO|MeridianFlipTrigger.cs|ShouldTrigger|265|Meridian Flip - There is still time remaining - max remaining time 11:20:55.6447135, next instruction time 0, next instruction Category: Powerups (Expressions), Item: IfFailed - and the telescope reports expected pier side pierEast. Automated Flip is not necessary.
2026-04-02T23:26:59.8932|INFO|SequenceItem.cs|Run|208|Starting Category: Powerups (Expressions), Item: IfFailed
2026-04-02T23:26:59.8933|INFO|SequenceItem.cs|Run|208|Starting Category: Guider, Item: StartGuiding
2026-04-02T23:26:59.8969|INFO|PHD2Guider.cs|StartGuidingPrivate|504|Phd2 - App is already guiding. Skipping start guiding
2026-04-02T23:26:59.8972|INFO|SequenceItem.cs|Run|254|Finishing Category: Guider, Item: StartGuiding
2026-04-02T23:26:59.8975|INFO|SequenceItem.cs|Run|254|Finishing Category: Powerups (Expressions), Item: IfFailed
2026-04-02T23:26:59.8977|INFO|SequenceItem.cs|Run|254|Finishing Category: * Instruction Set *, Container: NINA.Sequencer.Container.SequentialContainer, Strategy: SequentialStrategy, Items[FINISHED]: 1, Triggers: Trigger: RestoreGuiding
2026-04-02T23:26:59.9018|INFO|SequenceItem.cs|Run|208|Starting Category: Scheduler, Item: TakeExposure, ExposureTime 600, Gain 100, Offset 50, ImageType LIGHT, Binning 1x1
2026-04-02T23:26:59.9075|INFO|CameraVM.cs|Capture|742|Starting Exposure - Exposure Time: 600s; Filter: ; Gain: 100; Offset 50; Binning: 1x1;
2026-04-02T23:37:01.7726|INFO|SequenceItem.cs|Run|254|Finishing Category: Scheduler, Item: TakeExposure, ExposureTime 600, Gain 100, Offset 50, ImageType LIGHT, Binning 1x1
2026-04-02T23:37:01.7729|INFO|MeridianFlipTrigger.cs|ShouldTrigger|265|Meridian Flip - There is still time remaining - max remaining time 11:10:52.5926177, next instruction time 0, next instruction NINA.Plugin.TargetScheduler.Sequencer.PlanSchedulerProgress - and the telescope reports expected pier side pierEast. Automated Flip is not necessary.
2026-04-02T23:37:01.7730|INFO|SequenceItem.cs|Run|208|Starting NINA.Plugin.TargetScheduler.Sequencer.PlanSchedulerProgress
2026-04-02T23:37:01.7730|INFO|SequenceItem.cs|Run|254|Finishing NINA.Plugin.TargetScheduler.Sequencer.PlanSchedulerProgress
2026-04-02T23:37:03.0462|INFO|HocusFocusStarDetection.cs|Detect|413|Average HFR: 1.8341257465617389, HFR MAD: 0.11306578989198846, Detected Stars 349, Region: 0
2026-04-02T23:37:03.8267|INFO|BaseImageData.cs|SaveToDisk|346|Saved image to C:\ASTROIMAGES\NINA\2026-04-02\M 81-82 - NB\LIGHT\H\2026-04-02_23-26-59_M 81-82 - NB_LIGHT_H_-5.00C_G100-Exp-600.00s_MAXRMS-D1.76-R1.28_M-91.58_RMS-0.45_HFR-1.83_F-0013.fits
2026-04-02T23:37:03.8268|INFO|ImageSaveController.cs|DoWork|97|Successfully saved file at C:\ASTROIMAGES\NINA\2026-04-02\M 81-82 - NB\LIGHT\H\2026-04-02_23-26-59_M 81-82 - NB_LIGHT_H_-5.00C_G100-Exp-600.00s_MAXRMS-D1.76-R1.28_M-91.58_RMS-0.45_HFR-1.83_F-0013.fits. Duration Total: 00:00:02.0542750; BeforeSave: 00:00:00.0001314; BeforeFinalizeImageSaved: 00:00:01.7354069; FinalizeSaveTime: 00:00:00.3187361
2026-04-02T23:37:04.1806|WARNING|SessionMetaDataWatcher.cs|WriteAcquisitionMetaData|73|acquisition file already exists, will not overwrite: C:\ASTROIMAGES\NINA\2026-04-02\M 81-82 - NB\LIGHT\H\metadata\AcquisitionDetails.csv
2026-04-02T23:37:04.1807|WARNING|SessionMetaDataWatcher.cs|WriteAcquisitionMetaData|93|acquisition file already exists, will not overwrite: C:\ASTROIMAGES\NINA\2026-04-02\M 81-82 - NB\LIGHT\H\metadata\AcquisitionDetails.json
2026-04-02T23:37:04.1810|INFO|SessionMetaDataWatcher.cs|WriteImageMetaData|105|Writing CSV image metadata: C:\ASTROIMAGES\NINA\2026-04-02\M 81-82 - NB\LIGHT\H\metadata\ImageMetaData.csv
2026-04-02T23:37:04.2190|INFO|SessionMetaDataWatcher.cs|WriteImageMetaData|122|Writing JSON image metadata: C:\ASTROIMAGES\NINA\2026-04-02\M 81-82 - NB\LIGHT\H\metadata\ImageMetaData.json
2026-04-02T23:37:04.2207|INFO|SessionMetaDataWatcher.cs|WriteWeatherMetaData|169|Writing CSV weather metadata: C:\ASTROIMAGES\NINA\2026-04-02\M 81-82 - NB\LIGHT\H\metadata\WeatherData.csv
2026-04-02T23:37:04.2352|INFO|SessionMetaDataWatcher.cs|WriteWeatherMetaData|186|Writing JSON weather metadata: C:\ASTROIMAGES\NINA\2026-04-02\M 81-82 - NB\LIGHT\H\metadata\WeatherData.json
2026-04-02T23:37:04.7455|INFO|MeridianFlipTrigger.cs|ShouldTrigger|265|Meridian Flip - There is still time remaining - max remaining time 11:10:48.4761843, next instruction time 0, next instruction Category: Powerups (Fun-ctions), Item: GSSend - and the telescope reports expected pier side pierEast. Automated Flip is not necessary.
2026-04-02T23:37:04.7456|INFO|SequenceItem.cs|Run|208|Starting Category: Powerups (Fun-ctions), Item: GSSend
2026-04-02T23:37:04.7459|INFO|SendWithGS.cs|ProcessedScript|64|Replacing Image_ExposureTime with 600
2026-04-02T23:37:04.7460|INFO|SendWithGS.cs|ProcessedScript|64|Replacing Image_HFR with 1.834
2026-04-02T23:37:04.7463|INFO|SendWithGS.cs|ProcessedScript|64|Replacing Image_FWHM with 7.15
2026-04-02T23:37:04.7464|INFO|SendWithGS.cs|ProcessedScript|64|Replacing Altitude with 51.88857340121128
2026-04-02T23:37:04.7464|INFO|SendWithGS.cs|Execute|95|Sending to Ground Station: Exp: $$FWHEEL_FILTER_NAME$$ on $$TARGET_NAME$$ EXP: 600 HFR: 1.834 FWHM: 7.15  Altitude: 51.88857340121128 
2026-04-02T23:37:04.7479|INFO|SequenceItem.cs|Run|208|Starting Category: Ground Station, Item: Send to Telegram
2026-04-02T23:37:05.4086|INFO|SequenceItem.cs|Run|254|Finishing Category: Ground Station, Item: Send to Telegram
2026-04-02T23:37:05.4099|INFO|SequenceItem.cs|Run|254|Finishing Category: Powerups (Fun-ctions), Item: GSSend
2026-04-02T23:37:05.4103|INFO|MeridianFlipTrigger.cs|ShouldTrigger|265|Meridian Flip - There is still time remaining - max remaining time 11:10:48.4761843, next instruction time 0, next instruction Category: Powerups (Fun-ctions), Item: GSSend - and the telescope reports expected pier side pierEast. Automated Flip is not necessary.
2026-04-02T23:37:05.4103|INFO|SequenceItem.cs|Run|208|Starting Category: Powerups (Fun-ctions), Item: GSSend
2026-04-02T23:37:05.4106|INFO|SendWithGS.cs|ProcessedScript|64|Replacing Image_ExposureTime with 600
2026-04-02T23:37:05.4107|INFO|SendWithGS.cs|ProcessedScript|64|Replacing Image_HFR with 1.834
2026-04-02T23:37:05.4108|INFO|SendWithGS.cs|ProcessedScript|64|Replacing Image_FWHM with 7.15
2026-04-02T23:37:05.4109|INFO|SendWithGS.cs|ProcessedScript|64|Replacing Altitude with 51.88857340121128
2026-04-02T23:37:05.4109|INFO|SendWithGS.cs|Execute|95|Sending to Ground Station: Exp: $$FWHEEL_FILTER_NAME$$ on $$TARGET_NAME$$ EXP: 600 HFR: 1.834 FWHM: 7.15  Altitude: 51.88857340121128 
2026-04-02T23:37:05.4119|INFO|SequenceItem.cs|Run|208|Starting Category: Ground Station, Item: Send to Pushover, Title: IMAGE: $$TARGET_NAME$$
2026-04-02T23:37:05.6496|INFO|SequenceItem.cs|Run|254|Finishing Category: Ground Station, Item: Send to Pushover, Title: IMAGE: $$TARGET_NAME$$
2026-04-02T23:37:05.6510|INFO|SequenceItem.cs|Run|254|Finishing Category: Powerups (Fun-ctions), Item: GSSend
2026-04-02T23:37:05.9143|INFO|Symbol.cs|OnMessageReceived|627|Received message from Target Scheduler re: TargetScheduler-TargetStart
2026-04-02T23:37:05.9143|INFO|Symbol.cs|OnMessageReceived|635|TS_TargetName = M 81-82 - NB
2026-04-02T23:37:05.9144|INFO|Symbol.cs|OnMessageReceived|636|Expires at 04/03/2026 04:39:45 -05:00
2026-04-02T23:37:05.9147|INFO|MeridianFlipTrigger.cs|ShouldTrigger|265|Meridian Flip - There is still time remaining - max remaining time 11:10:48.4761843, next instruction time 0, next instruction NINA.Plugin.TargetScheduler.Sequencer.PlanSchedulerProgress - and the telescope reports expected pier side pierEast. Automated Flip is not necessary.
2026-04-02T23:37:05.9148|INFO|SequenceItem.cs|Run|208|Starting NINA.Plugin.TargetScheduler.Sequencer.PlanSchedulerProgress
2026-04-02T23:37:05.9152|INFO|SequenceItem.cs|Run|254|Finishing NINA.Plugin.TargetScheduler.Sequencer.PlanSchedulerProgress
2026-04-02T23:37:05.9153|INFO|MeridianFlipTrigger.cs|ShouldTrigger|265|Meridian Flip - There is still time remaining - max remaining time 11:10:48.4761843, next instruction time 90, next instruction Category: , Item: Dither - and the telescope reports expected pier side pierEast. Automated Flip is not necessary.
2026-04-02T23:37:05.9154|INFO|SequenceItem.cs|Run|208|Starting Category: , Item: Dither
2026-04-02T23:37:05.9309|INFO|PHD2Client.cs|HandleGuidingDithered|309|PHD2Client: 🎯 GuidingDithered (DITHER START) - dx=16.61, dy=-1.85
2026-04-02T23:37:05.9310|INFO|DitherStatisticsVM.cs|OnPHD2GuidingDithered|752|🎯 DITHER START detected via GuidingDithered! dx=16.61, dy=-1.85
2026-04-02T23:37:05.9310|INFO|DitherStatisticsVM.cs|OnPHD2GuidingDithered|762|✅ Dither START recorded with pixel shift: (16.61, -1.85)
2026-04-02T23:37:05.9311|INFO|PHD2Client.cs|StartDitherDataCollection|576|PHD2Client: Started dither data collection for 30 seconds (series #11)
2026-04-02T23:37:06.4876|INFO|StarfrontClient.cs|SendImageFile|249|[Rockwood] sent 2026-04-02_23-26-59_M 81-82 - NB_LIGHT_H_-5.00C_G100-Exp-600.00s_MAXRMS-D1.76-R1.28_M-91.58_RMS-0.45_HFR-1.83_F-0013.fits (23KB) object=M 81-82 - NB exptime=600s filter=H
2026-04-02T23:37:35.9313|INFO|PHD2Client.cs|OnDitherCollectionComplete|657|PHD2Client: Dither data collection complete (timer). Collected 5 points.
2026-04-02T23:37:35.9333|INFO|PHD2Client.cs|WriteDitherAnalysisFile|738|PHD2Client: Dither analysis file written with 92 data points: 20260402_231532_dither_analysis.txt
2026-04-02T23:37:35.9351|INFO|PHD2Client.cs|WritePositivePeriodsFile|932|PHD2Client: Positive periods analysis written with 29 total periods across 3 multipliers: 20260402_231532_positive_periods.txt
2026-04-02T23:37:35.9352|INFO|PHD2Client.cs|AnalyzePositivePeriods|868|PHD2Client: Positive period analysis complete. firstPeriodPerSeries counts: 1.5σ=4, 2.0σ=5, 3.0σ=5
2026-04-02T23:37:35.9353|INFO|PHD2Client.cs|CalculateRecommendation|954|PHD2Client: Calculating recommendation from 11 dither series, RMS=0.1444, StdDev=0.0828
2026-04-02T23:37:35.9354|INFO|PHD2Client.cs|CalculateRecommendation|987|PHD2Client: Dither recommendation calculated - Events: 11, SettlePixel: Q=0.27 B=0.31 P=0.39, MinSettle: Q=10.0s B=8.0s P=8.0s
2026-04-02T23:37:35.9356|INFO|DitherStatisticsVM.cs|OnDitherRecommendationUpdated|500|Dither recommendation updated on UI thread - Events: 11
2026-04-02T23:37:35.9357|INFO|PHD2Client.cs|RunAnalysisAndRecommendation|638|PHD2Client: RunAnalysisAndRecommendation completed - 92 points, 11 series
2026-04-02T23:38:05.9943|INFO|PHD2Client.cs|HandleSettleDone|343|PHD2Client: SettleDone - Status=0, Success=True, TotalFrames=17, DroppedFrames=0
2026-04-02T23:38:05.9944|INFO|DitherStatisticsVM.cs|OnPHD2SettleDone|794|✅ DITHER END - Success=True, SettleTime=60.06s, TotalFrames=17, DroppedFrames=0
2026-04-02T23:38:06.0002|INFO|DitherStatisticsVM.cs|UpdateQualityMetrics|865|Quality metrics updated: Score=0.3005, Rating=Poor
2026-04-02T23:38:06.5400|INFO|SequenceItem.cs|Run|254|Finishing Category: , Item: Dither
2026-04-02T23:38:06.5407|INFO|MeridianFlipTrigger.cs|ShouldTrigger|265|Meridian Flip - There is still time remaining - max remaining time 11:09:58.9008457, next instruction time 0, next instruction NINA.Plugin.TargetScheduler.Sequencer.PlanSchedulerProgress - and the telescope reports expected pier side pierEast. Automated Flip is not necessary.
2026-04-02T23:38:06.5409|INFO|SequenceItem.cs|Run|208|Starting NINA.Plugin.TargetScheduler.Sequencer.PlanSchedulerProgress
2026-04-02T23:38:06.5410|INFO|SequenceItem.cs|Run|254|Finishing NINA.Plugin.TargetScheduler.Sequencer.PlanSchedulerProgress
2026-04-02T23:38:06.5413|INFO|MeridianFlipTrigger.cs|ShouldTrigger|265|Meridian Flip - There is still time remaining - max remaining time 11:09:58.9008457, next instruction time 0, next instruction Category: Scheduler, Item: SwitchFilter, Filter: H - and the telescope reports expected pier side pierEast. Automated Flip is not necessary.
2026-04-02T23:38:06.5414|INFO|SequenceItem.cs|Run|208|Starting Category: Scheduler, Item: SwitchFilter, Filter: H
2026-04-02T23:38:06.5426|INFO|SequenceItem.cs|Run|254|Finishing Category: Scheduler, Item: SwitchFilter, Filter: H
2026-04-02T23:38:06.5430|INFO|MeridianFlipTrigger.cs|ShouldTrigger|265|Meridian Flip - There is still time remaining - max remaining time 11:09:58.9008457, next instruction time 0, next instruction NINA.Plugin.TargetScheduler.Sequencer.PlanSchedulerProgress - and the telescope reports expected pier side pierEast. Automated Flip is not necessary.
2026-04-02T23:38:06.5431|INFO|SequenceItem.cs|Run|208|Starting NINA.Plugin.TargetScheduler.Sequencer.PlanSchedulerProgress
2026-04-02T23:38:06.5432|INFO|SequenceItem.cs|Run|254|Finishing NINA.Plugin.TargetScheduler.Sequencer.PlanSchedulerProgress
2026-04-02T23:38:06.5435|INFO|MeridianFlipTrigger.cs|ShouldTrigger|265|Meridian Flip - There is still time remaining - max remaining time 11:09:58.9008457, next instruction time 0, next instruction Category: Scheduler, Item: SetReadoutMode, Mode: 0 - and the telescope reports expected pier side pierEast. Automated Flip is not necessary.
2026-04-02T23:38:06.5436|INFO|SequenceItem.cs|Run|208|Starting Category: Scheduler, Item: SetReadoutMode, Mode: 0
2026-04-02T23:38:06.5438|INFO|SequenceItem.cs|Run|254|Finishing Category: Scheduler, Item: SetReadoutMode, Mode: 0
2026-04-02T23:38:06.5440|INFO|MeridianFlipTrigger.cs|ShouldTrigger|265|Meridian Flip - There is still time remaining - max remaining time 11:09:58.9008457, next instruction time 0, next instruction NINA.Plugin.TargetScheduler.Sequencer.PlanSchedulerProgress - and the telescope reports expected pier side pierEast. Automated Flip is not necessary.
2026-04-02T23:38:06.5441|INFO|SequenceItem.cs|Run|208|Starting NINA.Plugin.TargetScheduler.Sequencer.PlanSchedulerProgress
2026-04-02T23:38:06.5444|INFO|SequenceItem.cs|Run|254|Finishing NINA.Plugin.TargetScheduler.Sequencer.PlanSchedulerProgress
2026-04-02T23:38:06.5450|INFO|MeridianFlipTrigger.cs|ShouldTrigger|265|Meridian Flip - There is still time remaining - max remaining time 11:09:58.9008457, next instruction time 600, next instruction Category: Scheduler, Item: TakeExposure, ExposureTime 600, Gain 100, Offset 50, ImageType LIGHT, Binning 1x1 - and the telescope reports expected pier side pierEast. Automated Flip is not necessary.
2026-04-02T23:38:06.5450|INFO|DIYTrigger.cs|ShouldTrigger|109|DIY Trigger Restore Guiding ShouldTrigger returning true
2026-04-02T23:38:06.5451|INFO|SequenceTrigger.cs|Run|114|Starting Category: Powerups (Misc), Item: DIYTrigger
2026-04-02T23:38:06.5504|INFO|DIYTrigger.cs|Execute|95|DIY Trigger executing...
2026-04-02T23:38:06.5506|INFO|SequenceItem.cs|Run|208|Starting Category: * Instruction Set *, Container: NINA.Sequencer.Container.SequentialContainer, Strategy: SequentialStrategy, Items[CREATED]: 1, Triggers: Trigger: RestoreGuiding
2026-04-02T23:38:06.5512|INFO|MeridianFlipTrigger.cs|ShouldTrigger|265|Meridian Flip - There is still time remaining - max remaining time 11:09:58.9008457, next instruction time 0, next instruction Category: Powerups (Expressions), Item: IfFailed - and the telescope reports expected pier side pierEast. Automated Flip is not necessary.
2026-04-02T23:38:06.5512|INFO|SequenceItem.cs|Run|208|Starting Category: Powerups (Expressions), Item: IfFailed
2026-04-02T23:38:06.5513|INFO|SequenceItem.cs|Run|208|Starting Category: Guider, Item: StartGuiding
2026-04-02T23:38:06.5587|INFO|PHD2Guider.cs|StartGuidingPrivate|504|Phd2 - App is already guiding. Skipping start guiding
2026-04-02T23:38:06.5707|INFO|SequenceItem.cs|Run|254|Finishing Category: Guider, Item: StartGuiding
2026-04-02T23:38:06.5709|INFO|SequenceItem.cs|Run|254|Finishing Category: Powerups (Expressions), Item: IfFailed
2026-04-02T23:38:06.5710|INFO|SequenceItem.cs|Run|254|Finishing Category: * Instruction Set *, Container: NINA.Sequencer.Container.SequentialContainer, Strategy: SequentialStrategy, Items[FINISHED]: 1, Triggers: Trigger: RestoreGuiding
2026-04-02T23:38:06.5735|INFO|SequenceItem.cs|Run|208|Starting Category: Scheduler, Item: TakeExposure, ExposureTime 600, Gain 100, Offset 50, ImageType LIGHT, Binning 1x1
2026-04-02T23:38:06.5789|INFO|CameraVM.cs|Capture|742|Starting Exposure - Exposure Time: 600s; Filter: ; Gain: 100; Offset 50; Binning: 1x1;
2026-04-02T23:48:08.4613|INFO|SequenceItem.cs|Run|254|Finishing Category: Scheduler, Item: TakeExposure, ExposureTime 600, Gain 100, Offset 50, ImageType LIGHT, Binning 1x1
2026-04-02T23:48:08.4617|INFO|MeridianFlipTrigger.cs|ShouldTrigger|265|Meridian Flip - There is still time remaining - max remaining time 10:59:56.0042431, next instruction time 0, next instruction NINA.Plugin.TargetScheduler.Sequencer.PlanSchedulerProgress - and the telescope reports expected pier side pierEast. Automated Flip is not necessary.
2026-04-02T23:48:08.4618|INFO|SequenceItem.cs|Run|208|Starting NINA.Plugin.TargetScheduler.Sequencer.PlanSchedulerProgress
2026-04-02T23:48:08.4619|INFO|SequenceItem.cs|Run|254|Finishing NINA.Plugin.TargetScheduler.Sequencer.PlanSchedulerProgress
2026-04-02T23:48:09.9186|INFO|HocusFocusStarDetection.cs|Detect|413|Average HFR: 1.8175339688078014, HFR MAD: 0.12198868662794604, Detected Stars 297, Region: 0
2026-04-02T23:48:10.7288|INFO|BaseImageData.cs|SaveToDisk|346|Saved image to C:\ASTROIMAGES\NINA\2026-04-02\M 81-82 - NB\LIGHT\H\2026-04-02_23-38-06_M 81-82 - NB_LIGHT_H_-5.00C_G100-Exp-600.00s_MAXRMS-D1.22-R1.27_M-91.64_RMS-0.44_HFR-1.82_F-0014.fits
2026-04-02T23:48:10.7289|INFO|ImageSaveController.cs|DoWork|97|Successfully saved file at C:\ASTROIMAGES\NINA\2026-04-02\M 81-82 - NB\LIGHT\H\2026-04-02_23-38-06_M 81-82 - NB_LIGHT_H_-5.00C_G100-Exp-600.00s_MAXRMS-D1.22-R1.27_M-91.64_RMS-0.44_HFR-1.82_F-0014.fits. Duration Total: 00:00:02.2675971; BeforeSave: 00:00:00.0001232; BeforeFinalizeImageSaved: 00:00:01.8704507; FinalizeSaveTime: 00:00:00.3970226
2026-04-02T23:48:11.3523|WARNING|SessionMetaDataWatcher.cs|WriteAcquisitionMetaData|73|acquisition file already exists, will not overwrite: C:\ASTROIMAGES\NINA\2026-04-02\M 81-82 - NB\LIGHT\H\metadata\AcquisitionDetails.csv
2026-04-02T23:48:11.3524|WARNING|SessionMetaDataWatcher.cs|WriteAcquisitionMetaData|93|acquisition file already exists, will not overwrite: C:\ASTROIMAGES\NINA\2026-04-02\M 81-82 - NB\LIGHT\H\metadata\AcquisitionDetails.json
2026-04-02T23:48:11.3527|INFO|SessionMetaDataWatcher.cs|WriteImageMetaData|105|Writing CSV image metadata: C:\ASTROIMAGES\NINA\2026-04-02\M 81-82 - NB\LIGHT\H\metadata\ImageMetaData.csv
2026-04-02T23:48:11.3890|INFO|SessionMetaDataWatcher.cs|WriteImageMetaData|122|Writing JSON image metadata: C:\ASTROIMAGES\NINA\2026-04-02\M 81-82 - NB\LIGHT\H\metadata\ImageMetaData.json
2026-04-02T23:48:11.3910|INFO|SessionMetaDataWatcher.cs|WriteWeatherMetaData|169|Writing CSV weather metadata: C:\ASTROIMAGES\NINA\2026-04-02\M 81-82 - NB\LIGHT\H\metadata\WeatherData.csv
2026-04-02T23:48:11.4077|INFO|SessionMetaDataWatcher.cs|WriteWeatherMetaData|186|Writing JSON weather metadata: C:\ASTROIMAGES\NINA\2026-04-02\M 81-82 - NB\LIGHT\H\metadata\WeatherData.json
2026-04-02T23:48:11.9406|INFO|MeridianFlipTrigger.cs|ShouldTrigger|265|Meridian Flip - There is still time remaining - max remaining time 10:59:52.0318587, next instruction time 0, next instruction Category: Powerups (Fun-ctions), Item: GSSend - and the telescope reports expected pier side pierEast. Automated Flip is not necessary.
2026-04-02T23:48:11.9407|INFO|SequenceItem.cs|Run|208|Starting Category: Powerups (Fun-ctions), Item: GSSend
2026-04-02T23:48:11.9410|INFO|SendWithGS.cs|ProcessedScript|64|Replacing Image_ExposureTime with 600
2026-04-02T23:48:11.9411|INFO|SendWithGS.cs|ProcessedScript|64|Replacing Image_HFR with 1.818
2026-04-02T23:48:11.9412|INFO|SendWithGS.cs|ProcessedScript|64|Replacing Image_FWHM with 7.18
2026-04-02T23:48:11.9413|INFO|SendWithGS.cs|ProcessedScript|64|Replacing Altitude with 51.58496049885479
2026-04-02T23:48:11.9414|INFO|SendWithGS.cs|Execute|95|Sending to Ground Station: Exp: $$FWHEEL_FILTER_NAME$$ on $$TARGET_NAME$$ EXP: 600 HFR: 1.818 FWHM: 7.18  Altitude: 51.58496049885479 
2026-04-02T23:48:11.9425|INFO|SequenceItem.cs|Run|208|Starting Category: Ground Station, Item: Send to Telegram
2026-04-02T23:48:12.5671|INFO|SequenceItem.cs|Run|254|Finishing Category: Ground Station, Item: Send to Telegram
2026-04-02T23:48:12.5684|INFO|SequenceItem.cs|Run|254|Finishing Category: Powerups (Fun-ctions), Item: GSSend
2026-04-02T23:48:12.5688|INFO|MeridianFlipTrigger.cs|ShouldTrigger|265|Meridian Flip - There is still time remaining - max remaining time 10:59:52.0318587, next instruction time 0, next instruction Category: Powerups (Fun-ctions), Item: GSSend - and the telescope reports expected pier side pierEast. Automated Flip is not necessary.
2026-04-02T23:48:12.5688|INFO|SequenceItem.cs|Run|208|Starting Category: Powerups (Fun-ctions), Item: GSSend
2026-04-02T23:48:12.5691|INFO|SendWithGS.cs|ProcessedScript|64|Replacing Image_ExposureTime with 600
2026-04-02T23:48:12.5692|INFO|SendWithGS.cs|ProcessedScript|64|Replacing Image_HFR with 1.818
2026-04-02T23:48:12.5693|INFO|SendWithGS.cs|ProcessedScript|64|Replacing Image_FWHM with 7.18
2026-04-02T23:48:12.5694|INFO|SendWithGS.cs|ProcessedScript|64|Replacing Altitude with 51.58496049885479
2026-04-02T23:48:12.5695|INFO|SendWithGS.cs|Execute|95|Sending to Ground Station: Exp: $$FWHEEL_FILTER_NAME$$ on $$TARGET_NAME$$ EXP: 600 HFR: 1.818 FWHM: 7.18  Altitude: 51.58496049885479 
2026-04-02T23:48:12.5707|INFO|SequenceItem.cs|Run|208|Starting Category: Ground Station, Item: Send to Pushover, Title: IMAGE: $$TARGET_NAME$$
2026-04-02T23:48:12.7438|INFO|SequenceItem.cs|Run|254|Finishing Category: Ground Station, Item: Send to Pushover, Title: IMAGE: $$TARGET_NAME$$
2026-04-02T23:48:12.7453|INFO|SequenceItem.cs|Run|254|Finishing Category: Powerups (Fun-ctions), Item: GSSend
2026-04-02T23:48:12.9916|INFO|Symbol.cs|OnMessageReceived|627|Received message from Target Scheduler re: TargetScheduler-TargetStart
2026-04-02T23:48:12.9917|INFO|Symbol.cs|OnMessageReceived|635|TS_TargetName = M 81-82 - NB
2026-04-02T23:48:12.9917|INFO|Symbol.cs|OnMessageReceived|636|Expires at 04/03/2026 04:39:45 -05:00
2026-04-02T23:48:12.9920|INFO|MeridianFlipTrigger.cs|ShouldTrigger|265|Meridian Flip - There is still time remaining - max remaining time 10:59:50.0569110, next instruction time 0, next instruction NINA.Plugin.TargetScheduler.Sequencer.PlanSchedulerProgress - and the telescope reports expected pier side pierEast. Automated Flip is not necessary.
2026-04-02T23:48:12.9921|INFO|SequenceItem.cs|Run|208|Starting NINA.Plugin.TargetScheduler.Sequencer.PlanSchedulerProgress
2026-04-02T23:48:13.0388|INFO|SequenceItem.cs|Run|254|Finishing NINA.Plugin.TargetScheduler.Sequencer.PlanSchedulerProgress
2026-04-02T23:48:13.0392|INFO|MeridianFlipTrigger.cs|ShouldTrigger|265|Meridian Flip - There is still time remaining - max remaining time 10:59:50.0569110, next instruction time 90, next instruction Category: , Item: Dither - and the telescope reports expected pier side pierEast. Automated Flip is not necessary.
2026-04-02T23:48:13.0392|INFO|SequenceItem.cs|Run|208|Starting Category: , Item: Dither
2026-04-02T23:48:13.0552|INFO|PHD2Client.cs|HandleGuidingDithered|309|PHD2Client: 🎯 GuidingDithered (DITHER START) - dx=-12.95, dy=-16.84
2026-04-02T23:48:13.0553|INFO|DitherStatisticsVM.cs|OnPHD2GuidingDithered|752|🎯 DITHER START detected via GuidingDithered! dx=-12.95, dy=-16.84
2026-04-02T23:48:13.0553|INFO|DitherStatisticsVM.cs|OnPHD2GuidingDithered|762|✅ Dither START recorded with pixel shift: (-12.95, -16.84)
2026-04-02T23:48:13.0554|INFO|PHD2Client.cs|StartDitherDataCollection|576|PHD2Client: Started dither data collection for 30 seconds (series #12)
2026-04-02T23:48:13.6130|INFO|StarfrontClient.cs|SendImageFile|249|[Rockwood] sent 2026-04-02_23-38-06_M 81-82 - NB_LIGHT_H_-5.00C_G100-Exp-600.00s_MAXRMS-D1.22-R1.27_M-91.64_RMS-0.44_HFR-1.82_F-0014.fits (25KB) object=M 81-82 - NB exptime=600s filter=H
2026-04-02T23:48:43.0564|INFO|PHD2Client.cs|OnDitherCollectionComplete|657|PHD2Client: Dither data collection complete (timer). Collected 3 points.
2026-04-02T23:48:43.0597|INFO|PHD2Client.cs|WriteDitherAnalysisFile|738|PHD2Client: Dither analysis file written with 95 data points: 20260402_231532_dither_analysis.txt
2026-04-02T23:48:43.0617|INFO|PHD2Client.cs|WritePositivePeriodsFile|932|PHD2Client: Positive periods analysis written with 29 total periods across 3 multipliers: 20260402_231532_positive_periods.txt
2026-04-02T23:48:43.0618|INFO|PHD2Client.cs|AnalyzePositivePeriods|868|PHD2Client: Positive period analysis complete. firstPeriodPerSeries counts: 1.5σ=6, 2.0σ=5, 3.0σ=6
2026-04-02T23:48:43.0619|INFO|PHD2Client.cs|CalculateRecommendation|954|PHD2Client: Calculating recommendation from 12 dither series, RMS=0.1413, StdDev=0.0792
2026-04-02T23:48:43.0620|INFO|PHD2Client.cs|CalculateRecommendation|987|PHD2Client: Dither recommendation calculated - Events: 12, SettlePixel: Q=0.26 B=0.30 P=0.38, MinSettle: Q=10.0s B=8.0s P=8.0s
2026-04-02T23:48:43.0623|INFO|DitherStatisticsVM.cs|OnDitherRecommendationUpdated|500|Dither recommendation updated on UI thread - Events: 12
2026-04-02T23:48:43.0625|INFO|PHD2Client.cs|RunAnalysisAndRecommendation|638|PHD2Client: RunAnalysisAndRecommendation completed - 95 points, 12 series
2026-04-02T23:49:15.7702|INFO|PHD2Client.cs|HandleSettleDone|343|PHD2Client: SettleDone - Status=0, Success=True, TotalFrames=18, DroppedFrames=0
2026-04-02T23:49:15.7703|INFO|DitherStatisticsVM.cs|OnPHD2SettleDone|794|✅ DITHER END - Success=True, SettleTime=62.71s, TotalFrames=18, DroppedFrames=0
2026-04-02T23:49:15.7768|INFO|DitherStatisticsVM.cs|UpdateQualityMetrics|865|Quality metrics updated: Score=0.2674, Rating=Poor
2026-04-02T23:49:16.1862|INFO|SequenceItem.cs|Run|254|Finishing Category: , Item: Dither
2026-04-02T23:49:16.1870|INFO|MeridianFlipTrigger.cs|ShouldTrigger|265|Meridian Flip - There is still time remaining - max remaining time 10:58:40.0646508, next instruction time 0, next instruction NINA.Plugin.TargetScheduler.Sequencer.PlanSchedulerProgress - and the telescope reports expected pier side pierEast. Automated Flip is not necessary.
2026-04-02T23:49:16.1873|INFO|SequenceItem.cs|Run|208|Starting NINA.Plugin.TargetScheduler.Sequencer.PlanSchedulerProgress
2026-04-02T23:49:16.1874|INFO|SequenceItem.cs|Run|254|Finishing NINA.Plugin.TargetScheduler.Sequencer.PlanSchedulerProgress
2026-04-02T23:49:16.1878|INFO|MeridianFlipTrigger.cs|ShouldTrigger|265|Meridian Flip - There is still time remaining - max remaining time 10:58:40.0646508, next instruction time 0, next instruction Category: Scheduler, Item: SwitchFilter, Filter: H - and the telescope reports expected pier side pierEast. Automated Flip is not necessary.
2026-04-02T23:49:16.1879|INFO|SequenceItem.cs|Run|208|Starting Category: Scheduler, Item: SwitchFilter, Filter: H
2026-04-02T23:49:16.1893|INFO|SequenceItem.cs|Run|254|Finishing Category: Scheduler, Item: SwitchFilter, Filter: H
2026-04-02T23:49:16.1899|INFO|MeridianFlipTrigger.cs|ShouldTrigger|265|Meridian Flip - There is still time remaining - max remaining time 10:58:40.0646508, next instruction time 0, next instruction NINA.Plugin.TargetScheduler.Sequencer.PlanSchedulerProgress - and the telescope reports expected pier side pierEast. Automated Flip is not necessary.
2026-04-02T23:49:16.1900|INFO|SequenceItem.cs|Run|208|Starting NINA.Plugin.TargetScheduler.Sequencer.PlanSchedulerProgress
2026-04-02T23:49:16.1901|INFO|SequenceItem.cs|Run|254|Finishing NINA.Plugin.TargetScheduler.Sequencer.PlanSchedulerProgress
2026-04-02T23:49:16.1905|INFO|MeridianFlipTrigger.cs|ShouldTrigger|265|Meridian Flip - There is still time remaining - max remaining time 10:58:40.0646508, next instruction time 0, next instruction Category: Scheduler, Item: SetReadoutMode, Mode: 0 - and the telescope reports expected pier side pierEast. Automated Flip is not necessary.
2026-04-02T23:49:16.1907|INFO|SequenceItem.cs|Run|208|Starting Category: Scheduler, Item: SetReadoutMode, Mode: 0
2026-04-02T23:49:16.1909|INFO|SequenceItem.cs|Run|254|Finishing Category: Scheduler, Item: SetReadoutMode, Mode: 0
2026-04-02T23:49:16.1913|INFO|MeridianFlipTrigger.cs|ShouldTrigger|265|Meridian Flip - There is still time remaining - max remaining time 10:58:40.0646508, next instruction time 0, next instruction NINA.Plugin.TargetScheduler.Sequencer.PlanSchedulerProgress - and the telescope reports expected pier side pierEast. Automated Flip is not necessary.
2026-04-02T23:49:16.1915|INFO|SequenceItem.cs|Run|208|Starting NINA.Plugin.TargetScheduler.Sequencer.PlanSchedulerProgress
2026-04-02T23:49:16.1931|INFO|SequenceItem.cs|Run|254|Finishing NINA.Plugin.TargetScheduler.Sequencer.PlanSchedulerProgress
2026-04-02T23:49:16.1939|INFO|MeridianFlipTrigger.cs|ShouldTrigger|265|Meridian Flip - There is still time remaining - max remaining time 10:58:40.0646508, next instruction time 600, next instruction Category: Scheduler, Item: TakeExposure, ExposureTime 600, Gain 100, Offset 50, ImageType LIGHT, Binning 1x1 - and the telescope reports expected pier side pierEast. Automated Flip is not necessary.
2026-04-02T23:49:16.1940|INFO|DIYTrigger.cs|ShouldTrigger|109|DIY Trigger Restore Guiding ShouldTrigger returning true
2026-04-02T23:49:16.1942|INFO|SequenceTrigger.cs|Run|114|Starting Category: Powerups (Misc), Item: DIYTrigger
2026-04-02T23:49:16.2005|INFO|DIYTrigger.cs|Execute|95|DIY Trigger executing...
2026-04-02T23:49:16.2011|INFO|SequenceItem.cs|Run|208|Starting Category: * Instruction Set *, Container: NINA.Sequencer.Container.SequentialContainer, Strategy: SequentialStrategy, Items[CREATED]: 1, Triggers: Trigger: RestoreGuiding
2026-04-02T23:49:16.2019|INFO|MeridianFlipTrigger.cs|ShouldTrigger|265|Meridian Flip - There is still time remaining - max remaining time 10:58:40.0646508, next instruction time 0, next instruction Category: Powerups (Expressions), Item: IfFailed - and the telescope reports expected pier side pierEast. Automated Flip is not necessary.
2026-04-02T23:49:16.2020|INFO|SequenceItem.cs|Run|208|Starting Category: Powerups (Expressions), Item: IfFailed
2026-04-02T23:49:16.2022|INFO|SequenceItem.cs|Run|208|Starting Category: Guider, Item: StartGuiding
2026-04-02T23:49:16.2144|INFO|PHD2Guider.cs|StartGuidingPrivate|504|Phd2 - App is already guiding. Skipping start guiding
2026-04-02T23:49:16.2148|INFO|SequenceItem.cs|Run|254|Finishing Category: Guider, Item: StartGuiding
2026-04-02T23:49:16.2150|INFO|SequenceItem.cs|Run|254|Finishing Category: Powerups (Expressions), Item: IfFailed
2026-04-02T23:49:16.2152|INFO|SequenceItem.cs|Run|254|Finishing Category: * Instruction Set *, Container: NINA.Sequencer.Container.SequentialContainer, Strategy: SequentialStrategy, Items[FINISHED]: 1, Triggers: Trigger: RestoreGuiding
2026-04-02T23:49:16.2208|INFO|SequenceItem.cs|Run|208|Starting Category: Scheduler, Item: TakeExposure, ExposureTime 600, Gain 100, Offset 50, ImageType LIGHT, Binning 1x1
2026-04-02T23:49:16.2266|INFO|CameraVM.cs|Capture|742|Starting Exposure - Exposure Time: 600s; Filter: ; Gain: 100; Offset 50; Binning: 1x1;
2026-04-02T23:59:18.1543|INFO|SequenceItem.cs|Run|254|Finishing Category: Scheduler, Item: TakeExposure, ExposureTime 600, Gain 100, Offset 50, ImageType LIGHT, Binning 1x1
2026-04-02T23:59:18.1548|INFO|MeridianFlipTrigger.cs|ShouldTrigger|265|Meridian Flip - There is still time remaining - max remaining time 10:48:37.2124376, next instruction time 0, next instruction NINA.Plugin.TargetScheduler.Sequencer.PlanSchedulerProgress - and the telescope reports expected pier side pierEast. Automated Flip is not necessary.
2026-04-02T23:59:18.1549|INFO|SequenceItem.cs|Run|208|Starting NINA.Plugin.TargetScheduler.Sequencer.PlanSchedulerProgress
2026-04-02T23:59:18.1550|INFO|SequenceItem.cs|Run|254|Finishing NINA.Plugin.TargetScheduler.Sequencer.PlanSchedulerProgress
2026-04-02T23:59:19.5081|INFO|HocusFocusStarDetection.cs|Detect|413|Average HFR: 1.7924808740084657, HFR MAD: 0.09717474672046511, Detected Stars 197, Region: 0
2026-04-02T23:59:20.3781|INFO|BaseImageData.cs|SaveToDisk|346|Saved image to C:\ASTROIMAGES\NINA\2026-04-02\M 81-82 - NB\LIGHT\H\2026-04-02_23-49-16_M 81-82 - NB_LIGHT_H_-4.90C_G100-Exp-600.00s_MAXRMS-D2.18-R0.82_M-91.70_RMS-0.45_HFR-1.79_F-0015.fits
2026-04-02T23:59:20.3782|INFO|ImageSaveController.cs|DoWork|97|Successfully saved file at C:\ASTROIMAGES\NINA\2026-04-02\M 81-82 - NB\LIGHT\H\2026-04-02_23-49-16_M 81-82 - NB_LIGHT_H_-4.90C_G100-Exp-600.00s_MAXRMS-D2.18-R0.82_M-91.70_RMS-0.45_HFR-1.79_F-0015.fits. Duration Total: 00:00:02.2238334; BeforeSave: 00:00:00.0001249; BeforeFinalizeImageSaved: 00:00:01.8134237; FinalizeSaveTime: 00:00:00.4102840
2026-04-02T23:59:21.0956|WARNING|SessionMetaDataWatcher.cs|WriteAcquisitionMetaData|73|acquisition file already exists, will not overwrite: C:\ASTROIMAGES\NINA\2026-04-02\M 81-82 - NB\LIGHT\H\metadata\AcquisitionDetails.csv
2026-04-02T23:59:21.0958|WARNING|SessionMetaDataWatcher.cs|WriteAcquisitionMetaData|93|acquisition file already exists, will not overwrite: C:\ASTROIMAGES\NINA\2026-04-02\M 81-82 - NB\LIGHT\H\metadata\AcquisitionDetails.json
2026-04-02T23:59:21.0960|INFO|SessionMetaDataWatcher.cs|WriteImageMetaData|105|Writing CSV image metadata: C:\ASTROIMAGES\NINA\2026-04-02\M 81-82 - NB\LIGHT\H\metadata\ImageMetaData.csv
2026-04-02T23:59:21.1441|INFO|SessionMetaDataWatcher.cs|WriteImageMetaData|122|Writing JSON image metadata: C:\ASTROIMAGES\NINA\2026-04-02\M 81-82 - NB\LIGHT\H\metadata\ImageMetaData.json
2026-04-02T23:59:21.1463|INFO|SessionMetaDataWatcher.cs|WriteWeatherMetaData|169|Writing CSV weather metadata: C:\ASTROIMAGES\NINA\2026-04-02\M 81-82 - NB\LIGHT\H\metadata\WeatherData.csv
2026-04-02T23:59:21.1697|INFO|SessionMetaDataWatcher.cs|WriteWeatherMetaData|186|Writing JSON weather metadata: C:\ASTROIMAGES\NINA\2026-04-02\M 81-82 - NB\LIGHT\H\metadata\WeatherData.json
2026-04-02T23:59:21.6244|INFO|MeridianFlipTrigger.cs|ShouldTrigger|265|Meridian Flip - There is still time remaining - max remaining time 10:48:33.2196813, next instruction time 0, next instruction Category: Powerups (Fun-ctions), Item: GSSend - and the telescope reports expected pier side pierEast. Automated Flip is not necessary.
2026-04-02T23:59:21.6245|INFO|SequenceItem.cs|Run|208|Starting Category: Powerups (Fun-ctions), Item: GSSend
2026-04-02T23:59:21.6248|INFO|SendWithGS.cs|ProcessedScript|64|Replacing Image_ExposureTime with 600
2026-04-02T23:59:21.6249|INFO|SendWithGS.cs|ProcessedScript|64|Replacing Image_HFR with 1.792
2026-04-02T23:59:21.6250|INFO|SendWithGS.cs|ProcessedScript|64|Replacing Image_FWHM with 7.12
2026-04-02T23:59:21.6251|INFO|SendWithGS.cs|ProcessedScript|64|Replacing Altitude with 51.19705741475767
2026-04-02T23:59:21.6251|INFO|SendWithGS.cs|Execute|95|Sending to Ground Station: Exp: $$FWHEEL_FILTER_NAME$$ on $$TARGET_NAME$$ EXP: 600 HFR: 1.792 FWHM: 7.12  Altitude: 51.19705741475767 
2026-04-02T23:59:21.6265|INFO|SequenceItem.cs|Run|208|Starting Category: Ground Station, Item: Send to Telegram
2026-04-02T23:59:22.2851|INFO|SequenceItem.cs|Run|254|Finishing Category: Ground Station, Item: Send to Telegram
2026-04-02T23:59:22.2866|INFO|SequenceItem.cs|Run|254|Finishing Category: Powerups (Fun-ctions), Item: GSSend
2026-04-02T23:59:22.2870|INFO|MeridianFlipTrigger.cs|ShouldTrigger|265|Meridian Flip - There is still time remaining - max remaining time 10:48:33.2196813, next instruction time 0, next instruction Category: Powerups (Fun-ctions), Item: GSSend - and the telescope reports expected pier side pierEast. Automated Flip is not necessary.
2026-04-02T23:59:22.2871|INFO|SequenceItem.cs|Run|208|Starting Category: Powerups (Fun-ctions), Item: GSSend
2026-04-02T23:59:22.2874|INFO|SendWithGS.cs|ProcessedScript|64|Replacing Image_ExposureTime with 600
2026-04-02T23:59:22.2875|INFO|SendWithGS.cs|ProcessedScript|64|Replacing Image_HFR with 1.792
2026-04-02T23:59:22.2876|INFO|SendWithGS.cs|ProcessedScript|64|Replacing Image_FWHM with 7.12
2026-04-02T23:59:22.2877|INFO|SendWithGS.cs|ProcessedScript|64|Replacing Altitude with 51.19705741475767
2026-04-02T23:59:22.2877|INFO|SendWithGS.cs|Execute|95|Sending to Ground Station: Exp: $$FWHEEL_FILTER_NAME$$ on $$TARGET_NAME$$ EXP: 600 HFR: 1.792 FWHM: 7.12  Altitude: 51.19705741475767 
2026-04-02T23:59:22.2889|INFO|SequenceItem.cs|Run|208|Starting Category: Ground Station, Item: Send to Pushover, Title: IMAGE: $$TARGET_NAME$$
2026-04-02T23:59:22.4627|INFO|SequenceItem.cs|Run|254|Finishing Category: Ground Station, Item: Send to Pushover, Title: IMAGE: $$TARGET_NAME$$
2026-04-02T23:59:22.4642|INFO|SequenceItem.cs|Run|254|Finishing Category: Powerups (Fun-ctions), Item: GSSend
2026-04-02T23:59:22.7591|INFO|Symbol.cs|OnMessageReceived|627|Received message from Target Scheduler re: TargetScheduler-TargetStart
2026-04-02T23:59:22.7591|INFO|Symbol.cs|OnMessageReceived|635|TS_TargetName = M 81-82 - NB
2026-04-02T23:59:22.7591|INFO|Symbol.cs|OnMessageReceived|636|Expires at 04/03/2026 04:39:45 -05:00
2026-04-02T23:59:22.7597|INFO|MeridianFlipTrigger.cs|ShouldTrigger|265|Meridian Flip - There is still time remaining - max remaining time 10:48:33.2196813, next instruction time 0, next instruction NINA.Plugin.TargetScheduler.Sequencer.PlanSchedulerProgress - and the telescope reports expected pier side pierEast. Automated Flip is not necessary.
2026-04-02T23:59:22.7598|INFO|SequenceItem.cs|Run|208|Starting NINA.Plugin.TargetScheduler.Sequencer.PlanSchedulerProgress
2026-04-02T23:59:22.8644|INFO|SequenceItem.cs|Run|254|Finishing NINA.Plugin.TargetScheduler.Sequencer.PlanSchedulerProgress
2026-04-02T23:59:22.8648|INFO|MeridianFlipTrigger.cs|ShouldTrigger|265|Meridian Flip - There is still time remaining - max remaining time 10:48:31.2452200, next instruction time 90, next instruction Category: , Item: Dither - and the telescope reports expected pier side pierEast. Automated Flip is not necessary.
2026-04-02T23:59:22.8649|INFO|SequenceItem.cs|Run|208|Starting Category: , Item: Dither
2026-04-02T23:59:22.8789|INFO|PHD2Client.cs|HandleGuidingDithered|309|PHD2Client: 🎯 GuidingDithered (DITHER START) - dx=-16.70, dy=-4.15
2026-04-02T23:59:22.8790|INFO|DitherStatisticsVM.cs|OnPHD2GuidingDithered|752|🎯 DITHER START detected via GuidingDithered! dx=-16.70, dy=-4.15
2026-04-02T23:59:22.8790|INFO|DitherStatisticsVM.cs|OnPHD2GuidingDithered|762|✅ Dither START recorded with pixel shift: (-16.70, -4.15)
2026-04-02T23:59:22.8790|INFO|PHD2Client.cs|StartDitherDataCollection|576|PHD2Client: Started dither data collection for 30 seconds (series #13)
2026-04-02T23:59:23.4062|INFO|StarfrontClient.cs|SendImageFile|249|[Rockwood] sent 2026-04-02_23-49-16_M 81-82 - NB_LIGHT_H_-4.90C_G100-Exp-600.00s_MAXRMS-D2.18-R0.82_M-91.70_RMS-0.45_HFR-1.79_F-0015.fits (30KB) object=M 81-82 - NB exptime=600s filter=H
2026-04-02T23:59:52.8793|INFO|PHD2Client.cs|OnDitherCollectionComplete|657|PHD2Client: Dither data collection complete (timer). Collected 4 points.
2026-04-02T23:59:52.8818|INFO|PHD2Client.cs|WriteDitherAnalysisFile|738|PHD2Client: Dither analysis file written with 99 data points: 20260402_231532_dither_analysis.txt
2026-04-02T23:59:52.8851|INFO|PHD2Client.cs|WritePositivePeriodsFile|932|PHD2Client: Positive periods analysis written with 29 total periods across 3 multipliers: 20260402_231532_positive_periods.txt
2026-04-02T23:59:52.8854|INFO|PHD2Client.cs|AnalyzePositivePeriods|868|PHD2Client: Positive period analysis complete. firstPeriodPerSeries counts: 1.5σ=5, 2.0σ=5, 3.0σ=6
2026-04-02T23:59:52.8856|INFO|PHD2Client.cs|CalculateRecommendation|954|PHD2Client: Calculating recommendation from 13 dither series, RMS=0.1407, StdDev=0.0809
2026-04-02T23:59:52.8858|INFO|PHD2Client.cs|CalculateRecommendation|987|PHD2Client: Dither recommendation calculated - Events: 13, SettlePixel: Q=0.26 B=0.30 P=0.38, MinSettle: Q=10.0s B=8.0s P=8.0s
2026-04-02T23:59:52.8863|INFO|DitherStatisticsVM.cs|OnDitherRecommendationUpdated|500|Dither recommendation updated on UI thread - Events: 13
2026-04-02T23:59:52.8866|INFO|PHD2Client.cs|RunAnalysisAndRecommendation|638|PHD2Client: RunAnalysisAndRecommendation completed - 99 points, 13 series
2026-04-03T00:00:21.3328|INFO|PHD2Client.cs|HandleSettleDone|343|PHD2Client: SettleDone - Status=0, Success=True, TotalFrames=17, DroppedFrames=0
2026-04-03T00:00:21.3329|INFO|DitherStatisticsVM.cs|OnPHD2SettleDone|794|✅ DITHER END - Success=True, SettleTime=58.45s, TotalFrames=17, DroppedFrames=0
2026-04-03T00:00:21.3442|INFO|DitherStatisticsVM.cs|UpdateQualityMetrics|865|Quality metrics updated: Score=0.2770, Rating=Poor
2026-04-03T00:00:22.0004|INFO|SequenceItem.cs|Run|254|Finishing Category: , Item: Dither
2026-04-03T00:00:22.0009|INFO|MeridianFlipTrigger.cs|ShouldTrigger|265|Meridian Flip - There is still time remaining - max remaining time 10:47:23.1615390, next instruction time 0, next instruction NINA.Plugin.TargetScheduler.Sequencer.PlanSchedulerProgress - and the telescope reports expected pier side pierEast. Automated Flip is not necessary.
2026-04-03T00:00:22.0010|INFO|SequenceItem.cs|Run|208|Starting NINA.Plugin.TargetScheduler.Sequencer.PlanSchedulerProgress
2026-04-03T00:00:22.0010|INFO|SequenceItem.cs|Run|254|Finishing NINA.Plugin.TargetScheduler.Sequencer.PlanSchedulerProgress
2026-04-03T00:00:22.0011|INFO|MeridianFlipTrigger.cs|ShouldTrigger|265|Meridian Flip - There is still time remaining - max remaining time 10:47:23.1615390, next instruction time 0, next instruction Category: Scheduler, Item: SwitchFilter, Filter: H - and the telescope reports expected pier side pierEast. Automated Flip is not necessary.
2026-04-03T00:00:22.0012|INFO|SequenceItem.cs|Run|208|Starting Category: Scheduler, Item: SwitchFilter, Filter: H
2026-04-03T00:00:22.0021|INFO|SequenceItem.cs|Run|254|Finishing Category: Scheduler, Item: SwitchFilter, Filter: H
2026-04-03T00:00:22.0024|INFO|MeridianFlipTrigger.cs|ShouldTrigger|265|Meridian Flip - There is still time remaining - max remaining time 10:47:23.1615390, next instruction time 0, next instruction NINA.Plugin.TargetScheduler.Sequencer.PlanSchedulerProgress - and the telescope reports expected pier side pierEast. Automated Flip is not necessary.
2026-04-03T00:00:22.0024|INFO|SequenceItem.cs|Run|208|Starting NINA.Plugin.TargetScheduler.Sequencer.PlanSchedulerProgress
2026-04-03T00:00:22.0025|INFO|SequenceItem.cs|Run|254|Finishing NINA.Plugin.TargetScheduler.Sequencer.PlanSchedulerProgress
2026-04-03T00:00:22.0026|INFO|MeridianFlipTrigger.cs|ShouldTrigger|265|Meridian Flip - There is still time remaining - max remaining time 10:47:23.1615390, next instruction time 0, next instruction Category: Scheduler, Item: SetReadoutMode, Mode: 0 - and the telescope reports expected pier side pierEast. Automated Flip is not necessary.
2026-04-03T00:00:22.0027|INFO|SequenceItem.cs|Run|208|Starting Category: Scheduler, Item: SetReadoutMode, Mode: 0
2026-04-03T00:00:22.0028|INFO|SequenceItem.cs|Run|254|Finishing Category: Scheduler, Item: SetReadoutMode, Mode: 0
2026-04-03T00:00:22.0029|INFO|MeridianFlipTrigger.cs|ShouldTrigger|265|Meridian Flip - There is still time remaining - max remaining time 10:47:23.1615390, next instruction time 0, next instruction NINA.Plugin.TargetScheduler.Sequencer.PlanSchedulerProgress - and the telescope reports expected pier side pierEast. Automated Flip is not necessary.
2026-04-03T00:00:22.0029|INFO|SequenceItem.cs|Run|208|Starting NINA.Plugin.TargetScheduler.Sequencer.PlanSchedulerProgress
2026-04-03T00:00:22.0039|INFO|SequenceItem.cs|Run|254|Finishing NINA.Plugin.TargetScheduler.Sequencer.PlanSchedulerProgress
2026-04-03T00:00:22.0044|INFO|MeridianFlipTrigger.cs|ShouldTrigger|265|Meridian Flip - There is still time remaining - max remaining time 10:47:23.1615390, next instruction time 600, next instruction Category: Scheduler, Item: TakeExposure, ExposureTime 600, Gain 100, Offset 50, ImageType LIGHT, Binning 1x1 - and the telescope reports expected pier side pierEast. Automated Flip is not necessary.
2026-04-03T00:00:22.0045|INFO|DIYTrigger.cs|ShouldTrigger|109|DIY Trigger Restore Guiding ShouldTrigger returning true
2026-04-03T00:00:22.0045|INFO|SequenceTrigger.cs|Run|114|Starting Category: Powerups (Misc), Item: DIYTrigger
2026-04-03T00:00:22.0067|INFO|DIYTrigger.cs|Execute|95|DIY Trigger executing...
2026-04-03T00:00:22.0069|INFO|SequenceItem.cs|Run|208|Starting Category: * Instruction Set *, Container: NINA.Sequencer.Container.SequentialContainer, Strategy: SequentialStrategy, Items[CREATED]: 1, Triggers: Trigger: RestoreGuiding
2026-04-03T00:00:22.0073|INFO|MeridianFlipTrigger.cs|ShouldTrigger|265|Meridian Flip - There is still time remaining - max remaining time 10:47:23.1615390, next instruction time 0, next instruction Category: Powerups (Expressions), Item: IfFailed - and the telescope reports expected pier side pierEast. Automated Flip is not necessary.
2026-04-03T00:00:22.0073|INFO|SequenceItem.cs|Run|208|Starting Category: Powerups (Expressions), Item: IfFailed
2026-04-03T00:00:22.0074|INFO|SequenceItem.cs|Run|208|Starting Category: Guider, Item: StartGuiding
2026-04-03T00:00:22.0102|INFO|PHD2Guider.cs|StartGuidingPrivate|504|Phd2 - App is already guiding. Skipping start guiding
2026-04-03T00:00:22.0104|INFO|SequenceItem.cs|Run|254|Finishing Category: Guider, Item: StartGuiding
2026-04-03T00:00:22.0105|INFO|SequenceItem.cs|Run|254|Finishing Category: Powerups (Expressions), Item: IfFailed
2026-04-03T00:00:22.0107|INFO|SequenceItem.cs|Run|254|Finishing Category: * Instruction Set *, Container: NINA.Sequencer.Container.SequentialContainer, Strategy: SequentialStrategy, Items[FINISHED]: 1, Triggers: Trigger: RestoreGuiding
2026-04-03T00:00:22.0131|INFO|SequenceItem.cs|Run|208|Starting Category: Scheduler, Item: TakeExposure, ExposureTime 600, Gain 100, Offset 50, ImageType LIGHT, Binning 1x1
2026-04-03T00:00:22.0187|INFO|CameraVM.cs|Capture|742|Starting Exposure - Exposure Time: 600s; Filter: ; Gain: 100; Offset 50; Binning: 1x1;
2026-04-03T00:07:16.6228|WARNING|PHD2Client.cs|ProcessEvent|252|PHD2: StarLost
2026-04-03T00:07:18.7746|WARNING|PHD2Client.cs|ProcessEvent|252|PHD2: StarLost
2026-04-03T00:07:21.1391|WARNING|PHD2Client.cs|ProcessEvent|252|PHD2: StarLost
2026-04-03T00:07:23.2801|WARNING|PHD2Client.cs|ProcessEvent|252|PHD2: StarLost
2026-04-03T00:07:25.6662|WARNING|PHD2Client.cs|ProcessEvent|252|PHD2: StarLost
2026-04-03T00:07:27.8128|WARNING|PHD2Client.cs|ProcessEvent|252|PHD2: StarLost
2026-04-03T00:07:30.2151|WARNING|PHD2Client.cs|ProcessEvent|252|PHD2: StarLost
2026-04-03T00:07:32.3674|WARNING|PHD2Client.cs|ProcessEvent|252|PHD2: StarLost
2026-04-03T00:07:34.7408|WARNING|PHD2Client.cs|ProcessEvent|252|PHD2: StarLost
2026-04-03T00:07:36.8918|WARNING|PHD2Client.cs|ProcessEvent|252|PHD2: StarLost
2026-04-03T00:07:39.2535|WARNING|PHD2Client.cs|ProcessEvent|252|PHD2: StarLost
2026-04-03T00:07:41.4182|WARNING|PHD2Client.cs|ProcessEvent|252|PHD2: StarLost
2026-04-03T00:07:43.8272|WARNING|PHD2Client.cs|ProcessEvent|252|PHD2: StarLost
2026-04-03T00:07:45.9884|WARNING|PHD2Client.cs|ProcessEvent|252|PHD2: StarLost
2026-04-03T00:07:48.3801|WARNING|PHD2Client.cs|ProcessEvent|252|PHD2: StarLost
2026-04-03T00:08:01.4028|WARNING|PHD2Client.cs|ProcessEvent|252|PHD2: StarLost
2026-04-03T00:08:03.5492|WARNING|PHD2Client.cs|ProcessEvent|252|PHD2: StarLost
2026-04-03T00:08:05.9106|WARNING|PHD2Client.cs|ProcessEvent|252|PHD2: StarLost
2026-04-03T00:08:06.2036|INFO|SafetyMonitorVM.cs|UpdateMonitorValues|95|SafetyMonitorInfo state changed to Unsafe
2026-04-03T00:08:06.2122|INFO|SessionEventCollector.cs|SaveEvent|128|NightSummary: Event logged — RoofClosed: Safety monitor: Unsafe
2026-04-03T00:08:08.0410|INFO|WhenUnsafe.cs|CheckSafe|77|IsSafe is now FALSE; connected = True, IsSafe = False
2026-04-03T00:08:08.0411|INFO|WhenCommon.cs|ShouldTrigger|378|ShouldTrigger TRUE from InterruptWhen, setting TriggerRunner
2026-04-03T00:08:08.0424|INFO|WhenCommon.cs|InterruptWhen|322|Interrupting current Instruction Set
2026-04-03T00:08:09.3845|INFO|WhenCommon.cs|InterruptWhen|332|Canceling sequence...
2026-04-03T00:08:09.3945|INFO|WhenCommon.cs|SequenceBlockTeardown|198|Teardown; shutting down watchdog
2026-04-03T00:08:09.3957|INFO|Sequencer.cs|Start|85|Sequence run was cancelled
2026-04-03T00:08:09.4145|INFO|Sequence2VM.cs|StartSequence|548|Advanced Sequence finished
2026-04-03T00:08:10.3900|INFO|WhenCommon.cs|InterruptWhen|339|Sequence no longer running
2026-04-03T00:08:10.3920|WARNING|WhenCommon.cs|CheckSlewing|263|CheckSlewing, WhenUnsafe = True, Connected = True, CanSlew = True, info.Slewing = False
2026-04-03T00:08:10.3939|INFO|Sequence2VM.cs|StartSequence|543|Advanced Sequence starting
2026-04-03T00:08:10.4673|INFO|SequenceItem.cs|Run|208|Starting Category: * Instruction Set *, Container: NINA.Sequencer.Container.SequenceRootContainer, Strategy: SequentialStrategy, Items[CREATED]: 3, Triggers: Category: Ground Station, Item: Failures to Telegram
2026-04-03T00:08:10.4675|INFO|SequenceItem.cs|Run|208|Starting Category: * Instruction Set *, Container: NINA.Sequencer.Container.StartAreaContainer, Strategy: SequentialStrategy, Items[FINISHED]: 1
2026-04-03T00:08:10.4676|INFO|SequenceItem.cs|Run|254|Finishing Category: * Instruction Set *, Container: NINA.Sequencer.Container.StartAreaContainer, Strategy: SequentialStrategy, Items[FINISHED]: 1
2026-04-03T00:08:10.4677|INFO|SequenceItem.cs|Run|208|Starting Category: * Instruction Set *, Container: NINA.Sequencer.Container.TargetAreaContainer, Strategy: SequentialStrategy, Items[CREATED]: 1
2026-04-03T00:08:10.4678|INFO|SequenceItem.cs|Run|208|Starting Category: * Instruction Set *, Container: NINA.Sequencer.Container.SequentialContainer, Strategy: SequentialStrategy, Items[FINISHED]: 10, Items[CREATED]: 1, Conditions: Condition: TimeCondition, Time: 6:58:57h, Condition: TargetSchedulerCondition mode=While Targets Remain Tonight, , Triggers: Trigger: CenterAfterDriftTrigger, DistanceArcMinutes: 1Trigger: WhenUnsafeCategory: Ground Station, Item: Failures to TelegramCategory: Connect, Item: ReconnectOnDownloadFailureTrigger: AutofocusAfterHFRIncreaseTrigger, Amount: 5Trigger: MeridianFlipTriggerCategory: Powerups (Misc), Item: DIYTriggerCategory: Ground Station, Item: Failures to PushoverTrigger: AutofocusAfterTemperatureChangeTrigger, Amount: 1.5°
2026-04-03T00:08:10.4680|INFO|WhenCommon.cs|SequenceBlockInitialize|204|Initialize; starting watchdog
2026-04-03T00:08:10.4682|INFO|WhenCommon.cs|ShouldTrigger|382|ShouldTrigger TRUE, setting TriggerRunner
2026-04-03T00:08:10.4683|INFO|SequenceTrigger.cs|Run|114|Starting Trigger: WhenUnsafe
2026-04-03T00:08:10.4760|INFO|WhenCommon.cs|Execute|395|Execute 0
2026-04-03T00:08:10.4763|INFO|WhenCommon.cs|Execute|409|When: running TriggerRunner, InFlight -> true, Triggered -> false
2026-04-03T00:08:10.4763|WARNING|WhenCommon.cs|CheckSlewing|263|CheckSlewing, WhenUnsafe = True, Connected = True, CanSlew = True, info.Slewing = False
2026-04-03T00:08:10.4765|INFO|SequenceItem.cs|Run|208|Starting Category: , Container: WhenPlugin.When.IfContainer, Strategy: SequentialStrategy, Items[CREATED]: 9
2026-04-03T00:08:10.4771|INFO|MeridianFlipTrigger.cs|ShouldTrigger|265|Meridian Flip - There is still time remaining - max remaining time 10:39:36.3716775, next instruction time 0, next instruction Category: Ground Station, Item: Send to Telegram - and the telescope reports expected pier side pierEast. Automated Flip is not necessary.
2026-04-03T00:08:10.4772|INFO|SequenceItem.cs|Run|208|Starting Category: Ground Station, Item: Send to Telegram
2026-04-03T00:08:11.1448|INFO|SequenceItem.cs|Run|254|Finishing Category: Ground Station, Item: Send to Telegram
2026-04-03T00:08:11.1456|INFO|MeridianFlipTrigger.cs|ShouldTrigger|265|Meridian Flip - There is still time remaining - max remaining time 10:39:34.0497052, next instruction time 0, next instruction Category: Ground Station, Item: Send to Pushover, Title: Unsafe - and the telescope reports expected pier side pierEast. Automated Flip is not necessary.
2026-04-03T00:08:11.1457|INFO|SequenceItem.cs|Run|208|Starting Category: Ground Station, Item: Send to Pushover, Title: Unsafe
2026-04-03T00:08:11.3419|INFO|SequenceItem.cs|Run|254|Finishing Category: Ground Station, Item: Send to Pushover, Title: Unsafe
2026-04-03T00:08:11.3430|INFO|MeridianFlipTrigger.cs|ShouldTrigger|265|Meridian Flip - There is still time remaining - max remaining time 10:39:34.0497052, next instruction time 0, next instruction Category: Telescope, Item: FindHome - and the telescope reports expected pier side pierEast. Automated Flip is not necessary.
2026-04-03T00:08:11.3431|INFO|SequenceItem.cs|Run|208|Starting Category: Telescope, Item: FindHome
2026-04-03T00:08:12.7240|INFO|PHD2Client.cs|ProcessEvent|268|PHD2: ConfigurationChange
2026-04-03T00:08:12.7324|WARNING|PHD2Client.cs|ProcessEvent|252|PHD2: LockPositionLost
2026-04-03T00:08:12.9418|INFO|PHD2Client.cs|QueryExposureTime|1216|PHD2Client: Exposure time from PHD2 API: 2.000 seconds (2000 ms)
2026-04-03T00:08:13.3780|INFO|TelescopeVM.cs|FindHome|292|Mount ordered to locate home position
2026-04-03T00:08:40.7482|INFO|TelescopeVM.cs|FindHome|348|Mount has located its home position
2026-04-03T00:08:40.7485|INFO|SequenceItem.cs|Run|254|Finishing Category: Telescope, Item: FindHome
2026-04-03T00:08:40.7487|INFO|MeridianFlipTrigger.cs|ShouldTrigger|197|Meridian Flip - Telescope is at home position. Skip flip evaluation
2026-04-03T00:08:40.7493|INFO|SequenceItem.cs|Run|208|Starting Category: Guider, Item: StopGuiding
2026-04-03T00:08:40.7520|INFO|PHD2Guider.cs|StopGuiding|704|Phd2 - Stop Guiding skipped, as the app is already in state Stopped
2026-04-03T00:08:40.7522|INFO|SequenceItem.cs|Run|254|Finishing Category: Guider, Item: StopGuiding
2026-04-03T00:08:40.7526|INFO|MeridianFlipTrigger.cs|ShouldTrigger|197|Meridian Flip - Telescope is at home position. Skip flip evaluation
2026-04-03T00:08:40.7533|INFO|SequenceItem.cs|Run|208|Starting Category: Connect, Item: DisconnectEquipment, Selected device: Safety Monitor
2026-04-03T00:08:40.8003|INFO|AscomDevice.cs|Disconnect|378|Disconnecting from ASCOM.GenericFile.SafetyMonitor Generic File driver
2026-04-03T00:08:40.8277|INFO|SafetyMonitorVM.cs|Disconnect|221|Disconnected Safety Monitor
2026-04-03T00:08:40.8280|INFO|SequenceItem.cs|Run|254|Finishing Category: Connect, Item: DisconnectEquipment, Selected device: Safety Monitor
2026-04-03T00:08:40.8286|INFO|MeridianFlipTrigger.cs|ShouldTrigger|197|Meridian Flip - Telescope is at home position. Skip flip evaluation
2026-04-03T00:08:40.8293|INFO|SequenceItem.cs|Run|208|Starting Category: Utility, Item: WaitForTimeSpan, Time: 60s
2026-04-03T00:09:40.8914|INFO|SequenceItem.cs|Run|254|Finishing Category: Utility, Item: WaitForTimeSpan, Time: 60s
2026-04-03T00:09:40.8918|INFO|MeridianFlipTrigger.cs|ShouldTrigger|197|Meridian Flip - Telescope is at home position. Skip flip evaluation
2026-04-03T00:09:40.8924|INFO|SequenceItem.cs|Run|208|Starting Category: Connect, Item: ConnectEquipment, Selected device: Safety Monitor, Selected device id: ASCOM.GenericFile.SafetyMonitor
2026-04-03T00:09:42.8967|INFO|SafetyMonitorChooserVM.cs|GetEquipment|71|Found 0 Alpaca Safety Monitors
2026-04-03T00:09:42.8991|INFO|SafetyMonitorVM.cs|Disconnect|221|Disconnected Safety Monitor
2026-04-03T00:09:42.9958|INFO|SafetyMonitorVM.cs|Connect|175|Successfully connected Safety Monitor. Id: ASCOM.GenericFile.SafetyMonitor Name: Generic File driver DisplayName: Generic File driver (ASCOM) Driver Version: 6.4
2026-04-03T00:09:42.9962|INFO|SequenceItem.cs|Run|254|Finishing Category: Connect, Item: ConnectEquipment, Selected device: Safety Monitor, Selected device id: ASCOM.GenericFile.SafetyMonitor
2026-04-03T00:09:42.9966|INFO|MeridianFlipTrigger.cs|ShouldTrigger|197|Meridian Flip - Telescope is at home position. Skip flip evaluation
2026-04-03T00:09:42.9967|INFO|SequenceItem.cs|Run|208|Starting Category: Utility, Item: WaitForTimeSpan, Time: 60s
2026-04-03T00:09:44.9977|INFO|SafetyMonitorVM.cs|UpdateMonitorValues|95|SafetyMonitorInfo state changed to Unsafe
2026-04-03T00:10:43.0287|INFO|SequenceItem.cs|Run|254|Finishing Category: Utility, Item: WaitForTimeSpan, Time: 60s
2026-04-03T00:10:43.0296|INFO|MeridianFlipTrigger.cs|ShouldTrigger|197|Meridian Flip - Telescope is at home position. Skip flip evaluation
2026-04-03T00:10:43.0307|INFO|SequenceItem.cs|Run|208|Starting Category: Powerups (Safety), Item: OnceSafe
2026-04-03T00:23:46.9970|INFO|SafetyMonitorVM.cs|UpdateMonitorValues|95|SafetyMonitorInfo state changed to Safe
2026-04-03T00:23:47.0171|INFO|SessionEventCollector.cs|SaveEvent|128|NightSummary: Event logged — RoofOpen: Safety monitor: Safe
2026-04-03T00:23:50.5646|INFO|WhenUnsafe.cs|CheckSafe|79|IsSafe is TRUE
2026-04-03T00:23:50.5661|INFO|SequenceItem.cs|Run|208|Starting Category: , Container: WhenPlugin.When.IfContainer, Strategy: SequentialStrategy, Items[CREATED]: 6, Conditions: Condition: LoopCondition, Iterations: 0/1, Condition: SafetyMonitorCondition, 
2026-04-03T00:23:50.5683|INFO|MeridianFlipTrigger.cs|ShouldTrigger|197|Meridian Flip - Telescope is at home position. Skip flip evaluation
2026-04-03T00:23:50.5684|INFO|SequenceItem.cs|Run|208|Starting Category: Ground Station, Item: Send to Telegram
2026-04-03T00:23:51.1848|INFO|SequenceItem.cs|Run|254|Finishing Category: Ground Station, Item: Send to Telegram
2026-04-03T00:23:51.1855|INFO|MeridianFlipTrigger.cs|ShouldTrigger|197|Meridian Flip - Telescope is at home position. Skip flip evaluation
2026-04-03T00:23:51.1857|INFO|SequenceItem.cs|Run|208|Starting Category: Ground Station, Item: Send to Pushover, Title: Safe 
2026-04-03T00:23:51.3499|INFO|SequenceItem.cs|Run|254|Finishing Category: Ground Station, Item: Send to Pushover, Title: Safe 
2026-04-03T00:23:51.3503|INFO|MeridianFlipTrigger.cs|ShouldTrigger|197|Meridian Flip - Telescope is at home position. Skip flip evaluation
2026-04-03T00:23:51.3504|INFO|SequenceItem.cs|Run|208|Starting Category: Telescope, Item: Center, Coordinates RA: 09:57:23; Dec: 69° 11' 48"; Epoch: J2000
2026-04-03T00:23:51.4843|INFO|PHD2Guider.cs|StopGuiding|704|Phd2 - Stop Guiding skipped, as the app is already in state Stopped
2026-04-03T00:23:51.4857|INFO|TelescopeVM.cs|SlewAsyncInternal|910|Slewing from RA: 17:32:34; Dec: 90° 00' 00"; Epoch: JNOW to RA: 09:59:35; Dec: 69° 04' 26"; Epoch: JNOW - Alt: 50° 12' 20"; Az: 347° 16' 24"
2026-04-03T00:24:18.2926|INFO|FilterWheelVM.cs|ChangeFilter|112|Moving to Filter L at Position 0
2026-04-03T00:24:18.4968|INFO|FocuserVM.cs|MoveFocuserInternal|216|Moving Focuser to position 387290
2026-04-03T00:24:27.3472|INFO|CameraVM.cs|Capture|742|Starting Exposure - Exposure Time: 2s; Filter: L; Gain: 275; Offset 50; Binning: 1x1;
2026-04-03T00:24:31.8722|INFO|ImageSolver.cs|Solve|41|Platesolving with parameters: FocalLength: 360 PixelSize: 3.76 SearchRadius: 30 BlindFailoverEnabled: True Regions: 5000 DownSampleFactor: 0 MaxObjects: 500 Reference Coordinates RA: 09:57:23 Dec: 69° 11' 48" Epoch: J2000
2026-04-03T00:24:32.3973|INFO|BaseImageData.cs|SaveToDisk|346|Saved image to C:\Users\nicka\AppData\Local\NINA\PlateSolver\0bunfo41.1t3.fits
2026-04-03T00:24:33.5134|INFO|ImageSolver.cs|Solve|54|Platesolve successful: Coordinates: RA: 10:01:08; Dec: 73° 48' 54"; Epoch: J2000 - Position Angle: 275.34706475802165
2026-04-03T00:24:33.5145|INFO|CenteringSolver.cs|Center|99|Centering Solver - Scope Position: RA: 09:59:35; Dec: 69° 04' 26"; Epoch: JNOW; Offset: RA: 00:00:00; Dec: 00° 00' 00"; Distance: 00° 00' 00"; Bearing: 00° 00' 00"; Centering Coordinates: RA: 09:59:35; Dec: 69° 04' 26"; Epoch: JNOW; Solved: RA: 10:03:33; Dec: 73° 41' 28"; Epoch: JNOW; Separation RA: -00:03:59; Dec: -04° 37' 03"; Distance: 04° 37' 41"; Bearing: -03° 27' 51"; Threshold: 2
2026-04-03T00:24:33.9877|INFO|TelescopeVM.cs|Sync|777|Syncing scope from RA: 09:59:35; Dec: 69° 04' 26"; Epoch: JNOW to RA: 10:03:33; Dec: 73° 41' 28"; Epoch: JNOW
2026-04-03T00:24:38.9888|INFO|CenteringSolver.cs|Center|132|Slewing to target after sync. Current Position: RA: 10:03:33; Dec: 73° 41' 28"; Epoch: JNOW; Target coordinates: RA: 09:59:35; Dec: 69° 04' 26"; Epoch: JNOW; Offset RA: 00:00:00; Dec: 00° 00' 00"; Distance: 00° 00' 00"; Bearing: 00° 00' 00"
2026-04-03T00:24:38.9898|INFO|TelescopeVM.cs|SlewAsyncInternal|910|Slewing from RA: 10:03:33; Dec: 73° 41' 28"; Epoch: JNOW to RA: 09:59:35; Dec: 69° 04' 26"; Epoch: JNOW - Alt: 50° 10' 05"; Az: 347° 10' 45"
2026-04-03T00:24:48.1776|INFO|CameraVM.cs|Capture|742|Starting Exposure - Exposure Time: 2s; Filter: L; Gain: 275; Offset 50; Binning: 1x1;
2026-04-03T00:24:52.4861|INFO|ImageSolver.cs|Solve|41|Platesolving with parameters: FocalLength: 360 PixelSize: 3.76 SearchRadius: 30 BlindFailoverEnabled: True Regions: 5000 DownSampleFactor: 0 MaxObjects: 500 Reference Coordinates RA: 09:57:23 Dec: 69° 11' 48" Epoch: J2000
2026-04-03T00:24:52.7976|INFO|BaseImageData.cs|SaveToDisk|346|Saved image to C:\Users\nicka\AppData\Local\NINA\PlateSolver\2eiqtyjc.xpd.fits
2026-04-03T00:24:53.6734|INFO|ImageSolver.cs|Solve|54|Platesolve successful: Coordinates: RA: 09:57:14; Dec: 69° 11' 41"; Epoch: J2000 - Position Angle: 275.36519418899627
2026-04-03T00:24:53.6747|INFO|CenteringSolver.cs|Center|99|Centering Solver - Scope Position: RA: 09:59:35; Dec: 69° 04' 26"; Epoch: JNOW; Offset: RA: 00:00:00; Dec: 00° 00' 00"; Distance: 00° 00' 00"; Bearing: 00° 00' 00"; Centering Coordinates: RA: 09:59:35; Dec: 69° 04' 26"; Epoch: JNOW; Solved: RA: 09:59:26; Dec: 69° 04' 19"; Epoch: JNOW; Separation RA: 00:00:09; Dec: 00° 00' 06"; Distance: 00° 00' 48"; Bearing: 97° 22' 43"; Threshold: 2
2026-04-03T00:24:53.6750|INFO|CenteringSolver.cs|Center|165|Restoring filter to H after centering
2026-04-03T00:24:53.6759|INFO|FilterWheelVM.cs|ChangeFilter|112|Moving to Filter H at Position 5
2026-04-03T00:24:53.8800|INFO|FocuserVM.cs|MoveFocuserInternal|216|Moving Focuser to position 387312
2026-04-03T00:24:57.3421|INFO|SequenceItem.cs|Run|254|Finishing Category: Telescope, Item: Center, Coordinates RA: 09:57:23; Dec: 69° 11' 48"; Epoch: J2000
2026-04-03T00:24:57.3431|INFO|MeridianFlipTrigger.cs|ShouldTrigger|265|Meridian Flip - There is still time remaining - max remaining time 10:22:54.2121808, next instruction time 0, next instruction Category: Telescope, Item: SetTracking, TrackingMode: Sidereal - and the telescope reports expected pier side pierEast. Automated Flip is not necessary.
2026-04-03T00:24:57.3436|INFO|SequenceItem.cs|Run|208|Starting Category: Telescope, Item: SetTracking, TrackingMode: Sidereal
2026-04-03T00:24:57.3526|INFO|SequenceItem.cs|Run|254|Finishing Category: Telescope, Item: SetTracking, TrackingMode: Sidereal
2026-04-03T00:24:57.3531|INFO|MeridianFlipTrigger.cs|ShouldTrigger|265|Meridian Flip - There is still time remaining - max remaining time 10:22:54.2121808, next instruction time 690, next instruction Category: Focuser, Item: RunAutofocus - and the telescope reports expected pier side pierEast. Automated Flip is not necessary.
2026-04-03T00:24:57.3531|INFO|SequenceItem.cs|Run|208|Starting Category: Focuser, Item: RunAutofocus
2026-04-03T00:24:57.4772|INFO|FocuserMediator.cs|BroadcastAutoFocusRunStarting|92|Autofocus starting notification received
2026-04-03T00:24:57.4815|INFO|PHD2Guider.cs|StopGuiding|704|Phd2 - Stop Guiding skipped, as the app is already in state Stopped
2026-04-03T00:24:57.4826|INFO|FilterWheelVM.cs|ChangeFilter|112|Moving to Filter L at Position 0
2026-04-03T00:24:57.6865|INFO|FocuserVM.cs|MoveFocuserInternal|216|Moving Focuser to position 387290
2026-04-03T00:25:07.3185|INFO|AutoFocusEngine.cs|RunAutoFocus|929|Starting AutoFocus with initial position 387290
2026-04-03T00:25:07.3237|INFO|CameraVM.cs|Capture|742|Starting Exposure - Exposure Time: 3s; Filter: L; Gain: 270; Offset 50; Binning: 1x1;
2026-04-03T00:25:11.9048|INFO|AutoFocusEngine.cs|StartBlindFocusPoints|769|Waiting on initial HFR analysis
2026-04-03T00:25:11.9064|INFO|FocuserVM.cs|MoveFocuserInternal|216|Moving Focuser to position 387426
2026-04-03T00:25:13.3155|INFO|HocusFocusStarDetection.cs|Detect|413|Average HFR: 1.728836187809416, HFR MAD: 0.13258296524150914, Detected Stars 80, Region: 0
2026-04-03T00:25:17.3534|INFO|CameraVM.cs|Capture|742|Starting Exposure - Exposure Time: 3s; Filter: L; Gain: 270; Offset 50; Binning: 1x1;
2026-04-03T00:25:21.9215|INFO|FocuserVM.cs|MoveFocuserInternal|216|Moving Focuser to position 387392
2026-04-03T00:25:23.3014|INFO|HocusFocusStarDetection.cs|Detect|413|Average HFR: 3.6324635727593506, HFR MAD: 1.0762152713615634, Detected Stars 31, Region: 0
2026-04-03T00:25:29.3672|INFO|CameraVM.cs|Capture|742|Starting Exposure - Exposure Time: 3s; Filter: L; Gain: 270; Offset 50; Binning: 1x1;
2026-04-03T00:25:33.9417|INFO|FocuserVM.cs|MoveFocuserInternal|216|Moving Focuser to position 387358
2026-04-03T00:25:35.3294|INFO|HocusFocusStarDetection.cs|Detect|413|Average HFR: 2.979306366135594, HFR MAD: 0.6625118614704446, Detected Stars 43, Region: 0
2026-04-03T00:25:41.3730|INFO|CameraVM.cs|Capture|742|Starting Exposure - Exposure Time: 3s; Filter: L; Gain: 270; Offset 50; Binning: 1x1;
2026-04-03T00:25:45.9547|INFO|FocuserVM.cs|MoveFocuserInternal|216|Moving Focuser to position 387324
2026-04-03T00:25:47.3286|INFO|HocusFocusStarDetection.cs|Detect|413|Average HFR: 2.4672758731347564, HFR MAD: 0.3931975890616144, Detected Stars 71, Region: 0
2026-04-03T00:25:53.3286|INFO|CameraVM.cs|Capture|742|Starting Exposure - Exposure Time: 3s; Filter: L; Gain: 270; Offset 50; Binning: 1x1;
2026-04-03T00:25:57.9111|INFO|AutoFocusEngine.cs|StartBlindFocusPoints|797|Waiting on initial focuser move analyses
2026-04-03T00:25:59.2968|INFO|HocusFocusStarDetection.cs|Detect|413|Average HFR: 1.8898483126003776, HFR MAD: 0.16237888002008272, Detected Stars 56, Region: 0
2026-04-03T00:25:59.3581|INFO|FocuserVM.cs|MoveFocuserInternal|216|Moving Focuser to position 387290
2026-04-03T00:26:07.3764|INFO|CameraVM.cs|Capture|742|Starting Exposure - Exposure Time: 3s; Filter: L; Gain: 270; Offset 50; Binning: 1x1;
2026-04-03T00:26:11.9575|INFO|AutoFocusEngine.cs|StartBlindFocusPoints|870|Waiting on next left movement analysis
2026-04-03T00:26:13.3467|INFO|HocusFocusStarDetection.cs|Detect|413|Average HFR: 1.710430087598358, HFR MAD: 0.11644289657069917, Detected Stars 61, Region: 0
2026-04-03T00:26:13.3750|INFO|FocuserVM.cs|MoveFocuserInternal|216|Moving Focuser to position 387256
2026-04-03T00:26:21.3266|INFO|CameraVM.cs|Capture|742|Starting Exposure - Exposure Time: 3s; Filter: L; Gain: 270; Offset 50; Binning: 1x1;
2026-04-03T00:26:25.9167|INFO|AutoFocusEngine.cs|StartBlindFocusPoints|870|Waiting on next left movement analysis
2026-04-03T00:26:27.2961|INFO|HocusFocusStarDetection.cs|Detect|413|Average HFR: 2.1232761377373808, HFR MAD: 0.17200921885613707, Detected Stars 85, Region: 0
2026-04-03T00:26:27.3230|INFO|AutoFocusEngine.cs|StartBlindFocusPoints|841|Enough right trend points (4) with an established minimum (387290) to queue remaining left focus points down to 387154
2026-04-03T00:26:27.3245|INFO|FocuserVM.cs|MoveFocuserInternal|216|Moving Focuser to position 387222
2026-04-03T00:26:35.3405|INFO|CameraVM.cs|Capture|742|Starting Exposure - Exposure Time: 3s; Filter: L; Gain: 270; Offset 50; Binning: 1x1;
2026-04-03T00:26:39.9149|INFO|FocuserVM.cs|MoveFocuserInternal|216|Moving Focuser to position 387188
2026-04-03T00:26:41.3111|INFO|HocusFocusStarDetection.cs|Detect|413|Average HFR: 3.1937681144707835, HFR MAD: 0.2796509166267436, Detected Stars 44, Region: 0
2026-04-03T00:26:47.3696|INFO|CameraVM.cs|Capture|742|Starting Exposure - Exposure Time: 3s; Filter: L; Gain: 270; Offset 50; Binning: 1x1;
2026-04-03T00:26:51.9528|INFO|FocuserVM.cs|MoveFocuserInternal|216|Moving Focuser to position 387154
2026-04-03T00:26:53.3374|INFO|HocusFocusStarDetection.cs|Detect|413|Average HFR: 4.8414199513578735, HFR MAD: 0.308378610992575, Detected Stars 27, Region: 0
2026-04-03T00:26:59.3297|INFO|CameraVM.cs|Capture|742|Starting Exposure - Exposure Time: 3s; Filter: L; Gain: 270; Offset 50; Binning: 1x1;
2026-04-03T00:27:03.9043|INFO|AutoFocusEngine.cs|StartBlindFocusPoints|896|Waiting on remaining AutoFocus analysis tasks
2026-04-03T00:27:05.3007|INFO|HocusFocusStarDetection.cs|Detect|413|Average HFR: 6.94820625331174, HFR MAD: 0.2664111313713562, Detected Stars 13, Region: 0
2026-04-03T00:27:05.3313|INFO|FocuserVM.cs|MoveFocuserInternal|216|Moving Focuser to position 387284
2026-04-03T00:27:09.3247|INFO|AutoFocusEngine.cs|ValidateCalculatedFocusPosition|1141|Validating HFR at final focus position 387284
2026-04-03T00:27:09.3303|INFO|CameraVM.cs|Capture|742|Starting Exposure - Exposure Time: 3s; Filter: L; Gain: 270; Offset 50; Binning: 1x1;
2026-04-03T00:27:15.3365|INFO|HocusFocusStarDetection.cs|Detect|413|Average HFR: 1.7307927580260185, HFR MAD: 0.0989562566988813, Detected Stars 81, Region: 0
2026-04-03T00:27:15.3370|INFO|HocusFocusVM.cs|AutoFocusEngine_Completed|473|AutoFocus completed with focuser starting at 387290 and ending at 387284
2026-04-03T00:27:15.3386|INFO|FocuserMediator.cs|BroadcastSuccessfulAutoFocusRun|46|Autofocus notification received - Temperature 26.479999542236328
2026-04-03T00:27:15.3468|INFO|SessionEventCollector.cs|SaveEvent|128|NightSummary: Event logged — AutoFocus: AutoFocus completed — Filter: L, Temp: 26.5°C, Position: 387284.0073241044
2026-04-03T00:27:15.3480|INFO|FilterWheelVM.cs|ChangeFilter|112|Moving to Filter H at Position 5
2026-04-03T00:27:15.3499|INFO|FocuserVM.cs|MoveFocuserInternal|216|Moving Focuser to position 387306
2026-04-03T00:27:19.3472|INFO|SequenceItem.cs|Run|254|Finishing Category: Focuser, Item: RunAutofocus
2026-04-03T00:27:19.3477|INFO|MeridianFlipTrigger.cs|ShouldTrigger|265|Meridian Flip - There is still time remaining - max remaining time 10:20:31.7715291, next instruction time 0, next instruction Category: Guider, Item: StartGuiding - and the telescope reports expected pier side pierEast. Automated Flip is not necessary.
2026-04-03T00:27:19.3478|INFO|SequenceItem.cs|Run|208|Starting Category: Guider, Item: StartGuiding
2026-04-03T00:27:19.3523|INFO|PHD2Guider.cs|TryStartGuideCommand|641|Phd2 - Requesting to start guiding. Recalibrate: False
2026-04-03T00:27:26.5106|INFO|PHD2Client.cs|ProcessEvent|261|PHD2: StartGuiding
2026-04-03T00:27:26.5109|INFO|PHD2Client.cs|StartNewGuidingSession|393|PHD2Client: New guiding session started
2026-04-03T00:27:26.5263|INFO|PHD2Client.cs|QueryExposureTime|1216|PHD2Client: Exposure time from PHD2 API: 2.000 seconds (2000 ms)
2026-04-03T00:27:49.7651|INFO|PHD2Client.cs|HandleSettleDone|343|PHD2Client: SettleDone - Status=0, Success=True, TotalFrames=10, DroppedFrames=0
2026-04-03T00:27:49.7652|WARNING|DitherStatisticsVM.cs|OnPHD2SettleDone|772|⚠️ SettleDone received but no currentDither exists (race condition?)
2026-04-03T00:27:50.0368|INFO|SequenceItem.cs|Run|254|Finishing Category: Guider, Item: StartGuiding
2026-04-03T00:27:50.0387|INFO|LoopCondition.cs|Check|75|LoopCondition finished. Iterations: 1 / 1
2026-04-03T00:27:50.0506|INFO|SequenceItem.cs|Run|254|Finishing Category: , Container: WhenPlugin.When.IfContainer, Strategy: SequentialStrategy, Items[FINISHED]: 6, Conditions: Condition: LoopCondition, Iterations: 1/1, Condition: SafetyMonitorCondition, 
2026-04-03T00:27:50.0508|INFO|SequenceItem.cs|Run|254|Finishing Category: Powerups (Safety), Item: OnceSafe
2026-04-03T00:27:50.0513|INFO|SequenceItem.cs|Run|254|Finishing Category: , Container: WhenPlugin.When.IfContainer, Strategy: SequentialStrategy, Items[FINISHED]: 9
2026-04-03T00:27:50.0524|INFO|WhenCommon.cs|Execute|425|When: Execute done; InFlight -> false, Triggered false
2026-04-03T00:27:50.0527|INFO|MeridianFlipTrigger.cs|ShouldTrigger|265|Meridian Flip - There is still time remaining - max remaining time 10:20:01.4336521, next instruction time 0, next instruction Category: Target Scheduler, Container: NINA.Plugin.TargetScheduler.Sequencer.TargetSchedulerContainer, Strategy: SequentialStrategy, Target:  RA: 00:00:00; Dec: 00° 00' 00"; Epoch: J2000 0 - and the telescope reports expected pier side pierEast. Automated Flip is not necessary.
2026-04-03T00:27:50.0529|INFO|SequenceItem.cs|Run|208|Starting Category: Target Scheduler, Container: NINA.Plugin.TargetScheduler.Sequencer.TargetSchedulerContainer, Strategy: SequentialStrategy, Target:  RA: 00:00:00; Dec: 00° 00' 00"; Epoch: J2000 0
2026-04-03T00:27:50.2990|INFO|Symbol.cs|OnMessageReceived|627|Received message from Target Scheduler re: TargetScheduler-NewTargetStart
2026-04-03T00:27:50.2991|INFO|Symbol.cs|OnMessageReceived|635|TS_TargetName = M 81-82 - NB
2026-04-03T00:27:50.2991|INFO|Symbol.cs|OnMessageReceived|636|Expires at 04/03/2026 04:39:45 -05:00
2026-04-03T00:27:50.3044|INFO|Symbol.cs|OnMessageReceived|627|Received message from Target Scheduler re: TargetScheduler-TargetStart
2026-04-03T00:27:50.3045|INFO|Symbol.cs|OnMessageReceived|635|TS_TargetName = M 81-82 - NB
2026-04-03T00:27:50.3045|INFO|Symbol.cs|OnMessageReceived|636|Expires at 04/03/2026 04:39:45 -05:00
2026-04-03T00:27:50.3050|INFO|MeridianFlipTrigger.cs|ShouldTrigger|265|Meridian Flip - There is still time remaining - max remaining time 10:20:01.4336521, next instruction time 0, next instruction NINA.Plugin.TargetScheduler.Sequencer.PlanSchedulerProgress - and the telescope reports expected pier side pierEast. Automated Flip is not necessary.
2026-04-03T00:27:50.3051|INFO|SequenceItem.cs|Run|208|Starting NINA.Plugin.TargetScheduler.Sequencer.PlanSchedulerProgress
2026-04-03T00:27:50.3056|INFO|SequenceItem.cs|Run|254|Finishing NINA.Plugin.TargetScheduler.Sequencer.PlanSchedulerProgress
2026-04-03T00:27:50.3059|INFO|MeridianFlipTrigger.cs|ShouldTrigger|265|Meridian Flip - There is still time remaining - max remaining time 10:20:01.4336521, next instruction time 0, next instruction Category: Scheduler, Item: Center, Coordinates RA: 09:57:23; Dec: 69° 11' 48"; Epoch: J2000 - and the telescope reports expected pier side pierEast. Automated Flip is not necessary.
2026-04-03T00:27:50.3060|INFO|SequenceItem.cs|Run|208|Starting Category: Scheduler, Item: Center, Coordinates RA: 09:57:23; Dec: 69° 11' 48"; Epoch: J2000
2026-04-03T00:27:51.6135|INFO|PHD2Client.cs|ProcessEvent|268|PHD2: ConfigurationChange
2026-04-03T00:27:51.6206|WARNING|PHD2Client.cs|ProcessEvent|252|PHD2: LockPositionLost
2026-04-03T00:27:51.8633|INFO|PHD2Client.cs|QueryExposureTime|1216|PHD2Client: Exposure time from PHD2 API: 2.000 seconds (2000 ms)
2026-04-03T00:27:52.4567|INFO|TelescopeVM.cs|SlewAsyncInternal|910|Slewing from RA: 09:59:34; Dec: 69° 04' 26"; Epoch: JNOW to RA: 09:59:35; Dec: 69° 04' 26"; Epoch: JNOW - Alt: 50° 00' 47"; Az: 346° 47' 59"
2026-04-03T00:28:00.7447|INFO|FilterWheelVM.cs|ChangeFilter|112|Moving to Filter L at Position 0
2026-04-03T00:28:00.9485|INFO|FocuserVM.cs|MoveFocuserInternal|216|Moving Focuser to position 387284
2026-04-03T00:28:09.3460|INFO|CameraVM.cs|Capture|742|Starting Exposure - Exposure Time: 2s; Filter: L; Gain: 275; Offset 50; Binning: 1x1;
2026-04-03T00:28:13.8154|INFO|ImageSolver.cs|Solve|41|Platesolving with parameters: FocalLength: 360 PixelSize: 3.76 SearchRadius: 30 BlindFailoverEnabled: True Regions: 5000 DownSampleFactor: 0 MaxObjects: 500 Reference Coordinates RA: 09:57:23 Dec: 69° 11' 48" Epoch: J2000
2026-04-03T00:28:14.1316|INFO|BaseImageData.cs|SaveToDisk|346|Saved image to C:\Users\nicka\AppData\Local\NINA\PlateSolver\ukt5fbhj.x21.fits
2026-04-03T00:28:15.0411|INFO|ImageSolver.cs|Solve|54|Platesolve successful: Coordinates: RA: 09:57:13; Dec: 69° 11' 43"; Epoch: J2000 - Position Angle: 275.3561031930695
2026-04-03T00:28:15.0421|INFO|CenteringSolver.cs|Center|99|Centering Solver - Scope Position: RA: 09:59:35; Dec: 69° 04' 26"; Epoch: JNOW; Offset: RA: 00:00:00; Dec: 00° 00' 00"; Distance: 00° 00' 00"; Bearing: 00° 00' 00"; Centering Coordinates: RA: 09:59:35; Dec: 69° 04' 26"; Epoch: JNOW; Solved: RA: 09:59:25; Dec: 69° 04' 21"; Epoch: JNOW; Separation RA: 00:00:10; Dec: 00° 00' 04"; Distance: 00° 00' 52"; Bearing: 94° 40' 58"; Threshold: 2
2026-04-03T00:28:15.0422|INFO|CenteringSolver.cs|Center|165|Restoring filter to H after centering
2026-04-03T00:28:15.0431|INFO|FilterWheelVM.cs|ChangeFilter|112|Moving to Filter H at Position 5
2026-04-03T00:28:15.2470|INFO|FocuserVM.cs|MoveFocuserInternal|216|Moving Focuser to position 387306
2026-04-03T00:28:19.3716|INFO|PHD2Guider.cs|TryStartGuideCommand|641|Phd2 - Requesting to start guiding. Recalibrate: False
2026-04-03T00:28:26.5249|INFO|PHD2Client.cs|ProcessEvent|261|PHD2: StartGuiding
2026-04-03T00:28:26.5254|INFO|PHD2Client.cs|StartNewGuidingSession|393|PHD2Client: New guiding session started
2026-04-03T00:28:26.5432|INFO|PHD2Client.cs|QueryExposureTime|1216|PHD2Client: Exposure time from PHD2 API: 2.000 seconds (2000 ms)
2026-04-03T00:28:49.5425|INFO|PHD2Client.cs|HandleSettleDone|343|PHD2Client: SettleDone - Status=0, Success=True, TotalFrames=10, DroppedFrames=0
2026-04-03T00:28:49.5425|WARNING|DitherStatisticsVM.cs|OnPHD2SettleDone|772|⚠️ SettleDone received but no currentDither exists (race condition?)
2026-04-03T00:28:50.0453|INFO|SequenceItem.cs|Run|254|Finishing Category: Scheduler, Item: Center, Coordinates RA: 09:57:23; Dec: 69° 11' 48"; Epoch: J2000
2026-04-03T00:28:50.0457|INFO|MeridianFlipTrigger.cs|ShouldTrigger|265|Meridian Flip - There is still time remaining - max remaining time 10:19:01.6365412, next instruction time 0, next instruction NINA.Plugin.TargetScheduler.Sequencer.PlanSchedulerProgress - and the telescope reports expected pier side pierEast. Automated Flip is not necessary.
2026-04-03T00:28:50.0458|INFO|SequenceItem.cs|Run|208|Starting NINA.Plugin.TargetScheduler.Sequencer.PlanSchedulerProgress
2026-04-03T00:28:50.0483|INFO|SequenceItem.cs|Run|254|Finishing NINA.Plugin.TargetScheduler.Sequencer.PlanSchedulerProgress
2026-04-03T00:28:50.0485|INFO|MeridianFlipTrigger.cs|ShouldTrigger|265|Meridian Flip - There is still time remaining - max remaining time 10:19:01.6365412, next instruction time 0, next instruction Category: , Container: NINA.Plugin.TargetScheduler.Sequencer.InstructionContainer, Strategy: InstructionContainerStrategy, Items[CREATED]: 2 - and the telescope reports expected pier side pierEast. Automated Flip is not necessary.
2026-04-03T00:28:50.0486|INFO|SequenceItem.cs|Run|208|Starting Category: , Container: NINA.Plugin.TargetScheduler.Sequencer.InstructionContainer, Strategy: InstructionContainerStrategy, Items[CREATED]: 2
2026-04-03T00:28:50.0488|INFO|MeridianFlipTrigger.cs|ShouldTrigger|265|Meridian Flip - There is still time remaining - max remaining time 10:19:01.6365412, next instruction time 0, next instruction Category: Powerups (Expressions), Item: IfConstant, Expr: Expression: TargetName == "DarkTower2026" in If, References: 1, Value: 0 - and the telescope reports expected pier side pierEast. Automated Flip is not necessary.
2026-04-03T00:28:50.0489|INFO|SequenceItem.cs|Run|208|Starting Category: Powerups (Expressions), Item: IfConstant, Expr: Expression: TargetName == "DarkTower2026" in If, References: 1, Value: 0
2026-04-03T00:28:50.0489|INFO|If.cs|Execute|57|Predicate: TargetName == "DarkTower2026"
2026-04-03T00:28:50.0506|INFO|If.cs|Execute|84|Predicate is false, Expression: TargetName == "DarkTower2026" in If, References: 1, Value: 0
2026-04-03T00:28:50.0507|INFO|SequenceItem.cs|Run|254|Finishing Category: Powerups (Expressions), Item: IfConstant, Expr: Expression: TargetName == "DarkTower2026" in If, References: 1, Value: 0
2026-04-03T00:28:50.0508|INFO|MeridianFlipTrigger.cs|ShouldTrigger|265|Meridian Flip - There is still time remaining - max remaining time 10:19:01.6365412, next instruction time 0, next instruction Category: Ground Station, Item: Send to Telegram - and the telescope reports expected pier side pierEast. Automated Flip is not necessary.
2026-04-03T00:28:50.0509|INFO|SequenceItem.cs|Run|208|Starting Category: Ground Station, Item: Send to Telegram
2026-04-03T00:28:50.5420|INFO|SequenceItem.cs|Run|254|Finishing Category: Ground Station, Item: Send to Telegram
2026-04-03T00:28:50.5424|INFO|SequenceItem.cs|Run|254|Finishing Category: , Container: NINA.Plugin.TargetScheduler.Sequencer.InstructionContainer, Strategy: InstructionContainerStrategy, Items[FINISHED]: 2
2026-04-03T00:28:50.5427|INFO|MeridianFlipTrigger.cs|ShouldTrigger|265|Meridian Flip - There is still time remaining - max remaining time 10:19:01.6365412, next instruction time 0, next instruction NINA.Plugin.TargetScheduler.Sequencer.PlanSchedulerProgress - and the telescope reports expected pier side pierEast. Automated Flip is not necessary.
2026-04-03T00:28:50.5428|INFO|SequenceItem.cs|Run|208|Starting NINA.Plugin.TargetScheduler.Sequencer.PlanSchedulerProgress
2026-04-03T00:28:50.5872|INFO|SequenceItem.cs|Run|254|Finishing NINA.Plugin.TargetScheduler.Sequencer.PlanSchedulerProgress
2026-04-03T00:28:50.5876|INFO|MeridianFlipTrigger.cs|ShouldTrigger|265|Meridian Flip - There is still time remaining - max remaining time 10:19:01.6365412, next instruction time 0, next instruction Category: Scheduler, Item: SwitchFilter, Filter: H - and the telescope reports expected pier side pierEast. Automated Flip is not necessary.
2026-04-03T00:28:50.5876|INFO|SequenceItem.cs|Run|208|Starting Category: Scheduler, Item: SwitchFilter, Filter: H
2026-04-03T00:28:50.5885|INFO|SequenceItem.cs|Run|254|Finishing Category: Scheduler, Item: SwitchFilter, Filter: H
2026-04-03T00:28:50.5888|INFO|MeridianFlipTrigger.cs|ShouldTrigger|265|Meridian Flip - There is still time remaining - max remaining time 10:19:01.6365412, next instruction time 0, next instruction NINA.Plugin.TargetScheduler.Sequencer.PlanSchedulerProgress - and the telescope reports expected pier side pierEast. Automated Flip is not necessary.
2026-04-03T00:28:50.5889|INFO|SequenceItem.cs|Run|208|Starting NINA.Plugin.TargetScheduler.Sequencer.PlanSchedulerProgress
2026-04-03T00:28:50.5889|INFO|SequenceItem.cs|Run|254|Finishing NINA.Plugin.TargetScheduler.Sequencer.PlanSchedulerProgress
2026-04-03T00:28:50.5890|INFO|MeridianFlipTrigger.cs|ShouldTrigger|265|Meridian Flip - There is still time remaining - max remaining time 10:19:01.6365412, next instruction time 0, next instruction Category: Scheduler, Item: SetReadoutMode, Mode: 0 - and the telescope reports expected pier side pierEast. Automated Flip is not necessary.
2026-04-03T00:28:50.5891|INFO|SequenceItem.cs|Run|208|Starting Category: Scheduler, Item: SetReadoutMode, Mode: 0
2026-04-03T00:28:50.5892|INFO|SequenceItem.cs|Run|254|Finishing Category: Scheduler, Item: SetReadoutMode, Mode: 0
2026-04-03T00:28:50.5893|INFO|MeridianFlipTrigger.cs|ShouldTrigger|265|Meridian Flip - There is still time remaining - max remaining time 10:19:01.6365412, next instruction time 0, next instruction NINA.Plugin.TargetScheduler.Sequencer.PlanSchedulerProgress - and the telescope reports expected pier side pierEast. Automated Flip is not necessary.
2026-04-03T00:28:50.5893|INFO|SequenceItem.cs|Run|208|Starting NINA.Plugin.TargetScheduler.Sequencer.PlanSchedulerProgress
2026-04-03T00:28:50.6052|INFO|SequenceItem.cs|Run|254|Finishing NINA.Plugin.TargetScheduler.Sequencer.PlanSchedulerProgress
2026-04-03T00:28:50.6211|INFO|MeridianFlipTrigger.cs|ShouldTrigger|265|Meridian Flip - There is still time remaining - max remaining time 10:19:01.6365412, next instruction time 600, next instruction Category: Scheduler, Item: TakeExposure, ExposureTime 600, Gain 100, Offset 50, ImageType LIGHT, Binning 1x1 - and the telescope reports expected pier side pierEast. Automated Flip is not necessary.
2026-04-03T00:28:50.6212|INFO|DIYTrigger.cs|ShouldTrigger|109|DIY Trigger Restore Guiding ShouldTrigger returning true
2026-04-03T00:28:50.6212|INFO|SequenceTrigger.cs|Run|114|Starting Category: Powerups (Misc), Item: DIYTrigger
2026-04-03T00:28:50.6233|INFO|DIYTrigger.cs|Execute|95|DIY Trigger executing...
2026-04-03T00:28:50.6235|INFO|SequenceItem.cs|Run|208|Starting Category: * Instruction Set *, Container: NINA.Sequencer.Container.SequentialContainer, Strategy: SequentialStrategy, Items[CREATED]: 1, Triggers: Trigger: RestoreGuiding
2026-04-03T00:28:50.6239|INFO|MeridianFlipTrigger.cs|ShouldTrigger|265|Meridian Flip - There is still time remaining - max remaining time 10:19:01.6365412, next instruction time 0, next instruction Category: Powerups (Expressions), Item: IfFailed - and the telescope reports expected pier side pierEast. Automated Flip is not necessary.
2026-04-03T00:28:50.6239|INFO|SequenceItem.cs|Run|208|Starting Category: Powerups (Expressions), Item: IfFailed
2026-04-03T00:28:50.6240|INFO|SequenceItem.cs|Run|208|Starting Category: Guider, Item: StartGuiding
2026-04-03T00:28:50.6270|INFO|PHD2Guider.cs|StartGuidingPrivate|504|Phd2 - App is already guiding. Skipping start guiding
2026-04-03T00:28:50.6273|INFO|SequenceItem.cs|Run|254|Finishing Category: Guider, Item: StartGuiding
2026-04-03T00:28:50.6274|INFO|SequenceItem.cs|Run|254|Finishing Category: Powerups (Expressions), Item: IfFailed
2026-04-03T00:28:50.6275|INFO|SequenceItem.cs|Run|254|Finishing Category: * Instruction Set *, Container: NINA.Sequencer.Container.SequentialContainer, Strategy: SequentialStrategy, Items[FINISHED]: 1, Triggers: Trigger: RestoreGuiding
2026-04-03T00:28:50.6297|INFO|SequenceItem.cs|Run|208|Starting Category: Scheduler, Item: TakeExposure, ExposureTime 600, Gain 100, Offset 50, ImageType LIGHT, Binning 1x1
2026-04-03T00:28:50.6356|INFO|CameraVM.cs|Capture|742|Starting Exposure - Exposure Time: 600s; Filter: ; Gain: 100; Offset 50; Binning: 1x1;
2026-04-03T00:30:41.4707|WARNING|PHD2Client.cs|ProcessEvent|252|PHD2: StarLost
2026-04-03T00:38:31.2764|WARNING|PHD2Client.cs|ProcessEvent|252|PHD2: StarLost
2026-04-03T00:38:33.6566|WARNING|PHD2Client.cs|ProcessEvent|252|PHD2: StarLost
2026-04-03T00:38:35.8635|WARNING|PHD2Client.cs|ProcessEvent|252|PHD2: StarLost
2026-04-03T00:38:38.2356|WARNING|PHD2Client.cs|ProcessEvent|252|PHD2: StarLost
2026-04-03T00:38:40.3741|WARNING|PHD2Client.cs|ProcessEvent|252|PHD2: StarLost
2026-04-03T00:38:42.7555|WARNING|PHD2Client.cs|ProcessEvent|252|PHD2: StarLost
2026-04-03T00:38:44.8963|WARNING|PHD2Client.cs|ProcessEvent|252|PHD2: StarLost
2026-04-03T00:38:47.2715|WARNING|PHD2Client.cs|ProcessEvent|252|PHD2: StarLost
2026-04-03T00:38:49.4018|WARNING|PHD2Client.cs|ProcessEvent|252|PHD2: StarLost
2026-04-03T00:38:52.4856|INFO|SequenceItem.cs|Run|254|Finishing Category: Scheduler, Item: TakeExposure, ExposureTime 600, Gain 100, Offset 50, ImageType LIGHT, Binning 1x1
2026-04-03T00:38:52.4863|INFO|MeridianFlipTrigger.cs|ShouldTrigger|265|Meridian Flip - There is still time remaining - max remaining time 10:08:59.9073908, next instruction time 0, next instruction NINA.Plugin.TargetScheduler.Sequencer.PlanSchedulerProgress - and the telescope reports expected pier side pierEast. Automated Flip is not necessary.
2026-04-03T00:38:52.4864|INFO|SequenceItem.cs|Run|208|Starting NINA.Plugin.TargetScheduler.Sequencer.PlanSchedulerProgress
2026-04-03T00:38:52.4865|INFO|SequenceItem.cs|Run|254|Finishing NINA.Plugin.TargetScheduler.Sequencer.PlanSchedulerProgress
2026-04-03T00:38:53.7834|INFO|HocusFocusStarDetection.cs|Detect|413|Average HFR: 1.8437358849935428, HFR MAD: 0.11084896732452476, Detected Stars 140, Region: 0
2026-04-03T00:38:54.2331|WARNING|PHD2Client.cs|ProcessEvent|252|PHD2: StarLost
2026-04-03T00:38:54.5579|INFO|BaseImageData.cs|SaveToDisk|346|Saved image to C:\ASTROIMAGES\NINA\2026-04-02\M 81-82 - NB\LIGHT\H\2026-04-03_00-28-50_M 81-82 - NB_LIGHT_H_-5.00C_G100-Exp-600.00s_MAXRMS-D1.54-R1.17_M-91.91_RMS-0.56_HFR-1.84_F-0017.fits
2026-04-03T00:38:54.5580|INFO|ImageSaveController.cs|DoWork|97|Successfully saved file at C:\ASTROIMAGES\NINA\2026-04-02\M 81-82 - NB\LIGHT\H\2026-04-03_00-28-50_M 81-82 - NB_LIGHT_H_-5.00C_G100-Exp-600.00s_MAXRMS-D1.54-R1.17_M-91.91_RMS-0.56_HFR-1.84_F-0017.fits. Duration Total: 00:00:02.0723783; BeforeSave: 00:00:00.0011896; BeforeFinalizeImageSaved: 00:00:01.7487946; FinalizeSaveTime: 00:00:00.3223934
2026-04-03T00:38:54.9508|WARNING|SessionMetaDataWatcher.cs|WriteAcquisitionMetaData|73|acquisition file already exists, will not overwrite: C:\ASTROIMAGES\NINA\2026-04-02\M 81-82 - NB\LIGHT\H\metadata\AcquisitionDetails.csv
2026-04-03T00:38:54.9509|WARNING|SessionMetaDataWatcher.cs|WriteAcquisitionMetaData|93|acquisition file already exists, will not overwrite: C:\ASTROIMAGES\NINA\2026-04-02\M 81-82 - NB\LIGHT\H\metadata\AcquisitionDetails.json
2026-04-03T00:38:54.9512|INFO|SessionMetaDataWatcher.cs|WriteImageMetaData|105|Writing CSV image metadata: C:\ASTROIMAGES\NINA\2026-04-02\M 81-82 - NB\LIGHT\H\metadata\ImageMetaData.csv
2026-04-03T00:38:54.9874|INFO|SessionMetaDataWatcher.cs|WriteImageMetaData|122|Writing JSON image metadata: C:\ASTROIMAGES\NINA\2026-04-02\M 81-82 - NB\LIGHT\H\metadata\ImageMetaData.json
2026-04-03T00:38:55.0048|INFO|SessionMetaDataWatcher.cs|WriteWeatherMetaData|169|Writing CSV weather metadata: C:\ASTROIMAGES\NINA\2026-04-02\M 81-82 - NB\LIGHT\H\metadata\WeatherData.csv
2026-04-03T00:38:55.0233|INFO|SessionMetaDataWatcher.cs|WriteWeatherMetaData|186|Writing JSON weather metadata: C:\ASTROIMAGES\NINA\2026-04-02\M 81-82 - NB\LIGHT\H\metadata\WeatherData.json
2026-04-03T00:38:55.4403|INFO|MeridianFlipTrigger.cs|ShouldTrigger|265|Meridian Flip - There is still time remaining - max remaining time 10:08:55.9717012, next instruction time 0, next instruction Category: Powerups (Fun-ctions), Item: GSSend - and the telescope reports expected pier side pierEast. Automated Flip is not necessary.
2026-04-03T00:38:55.4404|INFO|SequenceItem.cs|Run|208|Starting Category: Powerups (Fun-ctions), Item: GSSend
2026-04-03T00:38:55.4407|INFO|SendWithGS.cs|ProcessedScript|64|Replacing Image_ExposureTime with 600
2026-04-03T00:38:55.4408|INFO|SendWithGS.cs|ProcessedScript|64|Replacing Image_HFR with 1.844
2026-04-03T00:38:55.4410|INFO|SendWithGS.cs|ProcessedScript|64|Replacing Image_FWHM with 7.87
2026-04-03T00:38:55.4411|INFO|SendWithGS.cs|ProcessedScript|64|Replacing Altitude with 49.453370356646396
2026-04-03T00:38:55.4411|INFO|SendWithGS.cs|Execute|95|Sending to Ground Station: Exp: $$FWHEEL_FILTER_NAME$$ on $$TARGET_NAME$$ EXP: 600 HFR: 1.844 FWHM: 7.87  Altitude: 49.453370356646396 
2026-04-03T00:38:55.4426|INFO|SequenceItem.cs|Run|208|Starting Category: Ground Station, Item: Send to Telegram
2026-04-03T00:38:56.0874|INFO|SequenceItem.cs|Run|254|Finishing Category: Ground Station, Item: Send to Telegram
2026-04-03T00:38:56.0888|INFO|SequenceItem.cs|Run|254|Finishing Category: Powerups (Fun-ctions), Item: GSSend
2026-04-03T00:38:56.0892|INFO|MeridianFlipTrigger.cs|ShouldTrigger|265|Meridian Flip - There is still time remaining - max remaining time 10:08:55.9717012, next instruction time 0, next instruction Category: Powerups (Fun-ctions), Item: GSSend - and the telescope reports expected pier side pierEast. Automated Flip is not necessary.
2026-04-03T00:38:56.0893|INFO|SequenceItem.cs|Run|208|Starting Category: Powerups (Fun-ctions), Item: GSSend
2026-04-03T00:38:56.0896|INFO|SendWithGS.cs|ProcessedScript|64|Replacing Image_ExposureTime with 600
2026-04-03T00:38:56.0898|INFO|SendWithGS.cs|ProcessedScript|64|Replacing Image_HFR with 1.844
2026-04-03T00:38:56.0899|INFO|SendWithGS.cs|ProcessedScript|64|Replacing Image_FWHM with 7.87
2026-04-03T00:38:56.0900|INFO|SendWithGS.cs|ProcessedScript|64|Replacing Altitude with 49.453370356646396
2026-04-03T00:38:56.0900|INFO|SendWithGS.cs|Execute|95|Sending to Ground Station: Exp: $$FWHEEL_FILTER_NAME$$ on $$TARGET_NAME$$ EXP: 600 HFR: 1.844 FWHM: 7.87  Altitude: 49.453370356646396 
2026-04-03T00:38:56.0915|INFO|SequenceItem.cs|Run|208|Starting Category: Ground Station, Item: Send to Pushover, Title: IMAGE: $$TARGET_NAME$$
2026-04-03T00:38:56.2326|INFO|SequenceItem.cs|Run|254|Finishing Category: Ground Station, Item: Send to Pushover, Title: IMAGE: $$TARGET_NAME$$
2026-04-03T00:38:56.2340|INFO|SequenceItem.cs|Run|254|Finishing Category: Powerups (Fun-ctions), Item: GSSend
2026-04-03T00:38:56.2725|WARNING|PHD2Client.cs|ProcessEvent|252|PHD2: StarLost
2026-04-03T00:38:56.5984|INFO|Symbol.cs|OnMessageReceived|627|Received message from Target Scheduler re: TargetScheduler-TargetStart
2026-04-03T00:38:56.5985|INFO|Symbol.cs|OnMessageReceived|635|TS_TargetName = M 81-82 - NB
2026-04-03T00:38:56.5985|INFO|Symbol.cs|OnMessageReceived|636|Expires at 04/03/2026 04:39:45 -05:00
2026-04-03T00:38:56.5992|INFO|MeridianFlipTrigger.cs|ShouldTrigger|265|Meridian Flip - There is still time remaining - max remaining time 10:08:55.9717012, next instruction time 0, next instruction NINA.Plugin.TargetScheduler.Sequencer.PlanSchedulerProgress - and the telescope reports expected pier side pierEast. Automated Flip is not necessary.
2026-04-03T00:38:56.5993|INFO|SequenceItem.cs|Run|208|Starting NINA.Plugin.TargetScheduler.Sequencer.PlanSchedulerProgress
2026-04-03T00:38:56.5995|INFO|SequenceItem.cs|Run|254|Finishing NINA.Plugin.TargetScheduler.Sequencer.PlanSchedulerProgress
2026-04-03T00:38:56.5997|INFO|MeridianFlipTrigger.cs|ShouldTrigger|265|Meridian Flip - There is still time remaining - max remaining time 10:08:55.9717012, next instruction time 90, next instruction Category: , Item: Dither - and the telescope reports expected pier side pierEast. Automated Flip is not necessary.
2026-04-03T00:38:56.5997|INFO|SequenceItem.cs|Run|208|Starting Category: , Item: Dither
2026-04-03T00:38:56.6139|INFO|SequenceItem.cs|Run|254|Finishing Category: , Item: Dither
2026-04-03T00:38:56.6143|INFO|MeridianFlipTrigger.cs|ShouldTrigger|265|Meridian Flip - There is still time remaining - max remaining time 10:08:55.9717012, next instruction time 0, next instruction NINA.Plugin.TargetScheduler.Sequencer.PlanSchedulerProgress - and the telescope reports expected pier side pierEast. Automated Flip is not necessary.
2026-04-03T00:38:56.6144|INFO|SequenceItem.cs|Run|208|Starting NINA.Plugin.TargetScheduler.Sequencer.PlanSchedulerProgress
2026-04-03T00:38:56.6144|INFO|SequenceItem.cs|Run|254|Finishing NINA.Plugin.TargetScheduler.Sequencer.PlanSchedulerProgress
2026-04-03T00:38:56.6145|INFO|MeridianFlipTrigger.cs|ShouldTrigger|265|Meridian Flip - There is still time remaining - max remaining time 10:08:55.9717012, next instruction time 0, next instruction Category: Scheduler, Item: SwitchFilter, Filter: H - and the telescope reports expected pier side pierEast. Automated Flip is not necessary.
2026-04-03T00:38:56.6146|INFO|SequenceItem.cs|Run|208|Starting Category: Scheduler, Item: SwitchFilter, Filter: H
2026-04-03T00:38:56.6369|INFO|SequenceItem.cs|Run|254|Finishing Category: Scheduler, Item: SwitchFilter, Filter: H
2026-04-03T00:38:56.6374|INFO|MeridianFlipTrigger.cs|ShouldTrigger|265|Meridian Flip - There is still time remaining - max remaining time 10:08:55.9717012, next instruction time 0, next instruction NINA.Plugin.TargetScheduler.Sequencer.PlanSchedulerProgress - and the telescope reports expected pier side pierEast. Automated Flip is not necessary.
2026-04-03T00:38:56.6375|INFO|SequenceItem.cs|Run|208|Starting NINA.Plugin.TargetScheduler.Sequencer.PlanSchedulerProgress
2026-04-03T00:38:56.6375|INFO|SequenceItem.cs|Run|254|Finishing NINA.Plugin.TargetScheduler.Sequencer.PlanSchedulerProgress
2026-04-03T00:38:56.6377|INFO|MeridianFlipTrigger.cs|ShouldTrigger|265|Meridian Flip - There is still time remaining - max remaining time 10:08:55.9717012, next instruction time 0, next instruction Category: Scheduler, Item: SetReadoutMode, Mode: 0 - and the telescope reports expected pier side pierEast. Automated Flip is not necessary.
2026-04-03T00:38:56.6377|INFO|SequenceItem.cs|Run|208|Starting Category: Scheduler, Item: SetReadoutMode, Mode: 0
2026-04-03T00:38:56.6378|INFO|SequenceItem.cs|Run|254|Finishing Category: Scheduler, Item: SetReadoutMode, Mode: 0
2026-04-03T00:38:56.6379|INFO|MeridianFlipTrigger.cs|ShouldTrigger|265|Meridian Flip - There is still time remaining - max remaining time 10:08:55.9717012, next instruction time 0, next instruction NINA.Plugin.TargetScheduler.Sequencer.PlanSchedulerProgress - and the telescope reports expected pier side pierEast. Automated Flip is not necessary.
2026-04-03T00:38:56.6380|INFO|SequenceItem.cs|Run|208|Starting NINA.Plugin.TargetScheduler.Sequencer.PlanSchedulerProgress
2026-04-03T00:38:56.6441|INFO|SequenceItem.cs|Run|254|Finishing NINA.Plugin.TargetScheduler.Sequencer.PlanSchedulerProgress
2026-04-03T00:38:56.6446|INFO|MeridianFlipTrigger.cs|ShouldTrigger|265|Meridian Flip - There is still time remaining - max remaining time 10:08:55.9717012, next instruction time 600, next instruction Category: Scheduler, Item: TakeExposure, ExposureTime 600, Gain 100, Offset 50, ImageType LIGHT, Binning 1x1 - and the telescope reports expected pier side pierEast. Automated Flip is not necessary.
2026-04-03T00:38:56.6447|INFO|DIYTrigger.cs|ShouldTrigger|109|DIY Trigger Restore Guiding ShouldTrigger returning true
2026-04-03T00:38:56.6447|INFO|SequenceTrigger.cs|Run|114|Starting Category: Powerups (Misc), Item: DIYTrigger
2026-04-03T00:38:56.6478|INFO|DIYTrigger.cs|Execute|95|DIY Trigger executing...
2026-04-03T00:38:56.6480|INFO|SequenceItem.cs|Run|208|Starting Category: * Instruction Set *, Container: NINA.Sequencer.Container.SequentialContainer, Strategy: SequentialStrategy, Items[CREATED]: 1, Triggers: Trigger: RestoreGuiding
2026-04-03T00:38:56.6484|INFO|MeridianFlipTrigger.cs|ShouldTrigger|265|Meridian Flip - There is still time remaining - max remaining time 10:08:55.9717012, next instruction time 0, next instruction Category: Powerups (Expressions), Item: IfFailed - and the telescope reports expected pier side pierEast. Automated Flip is not necessary.
2026-04-03T00:38:56.6484|INFO|SequenceItem.cs|Run|208|Starting Category: Powerups (Expressions), Item: IfFailed
2026-04-03T00:38:56.6485|INFO|SequenceItem.cs|Run|208|Starting Category: Guider, Item: StartGuiding
2026-04-03T00:38:56.6529|INFO|PHD2Guider.cs|StartGuidingPrivate|509|Phd2 - App has lost guide star and needs to stop before starting guiding again
2026-04-03T00:38:57.3558|INFO|StarfrontClient.cs|SendImageFile|249|[Rockwood] sent 2026-04-03_00-28-50_M 81-82 - NB_LIGHT_H_-5.00C_G100-Exp-600.00s_MAXRMS-D1.54-R1.17_M-91.91_RMS-0.56_HFR-1.84_F-0017.fits (34KB) object=M 81-82 - NB exptime=600s filter=H
2026-04-03T00:38:58.1486|INFO|PHD2Client.cs|ProcessEvent|268|PHD2: ConfigurationChange
2026-04-03T00:38:58.1552|WARNING|PHD2Client.cs|ProcessEvent|252|PHD2: LockPositionLost
2026-04-03T00:38:58.2712|INFO|PHD2Client.cs|QueryExposureTime|1216|PHD2Client: Exposure time from PHD2 API: 2.000 seconds (2000 ms)
2026-04-03T00:38:58.6817|INFO|PHD2Guider.cs|TryStartGuideCommand|641|Phd2 - Requesting to start guiding. Recalibrate: False
2026-04-03T00:39:05.8227|INFO|PHD2Client.cs|ProcessEvent|261|PHD2: StartGuiding
2026-04-03T00:39:05.8228|INFO|PHD2Client.cs|StartNewGuidingSession|393|PHD2Client: New guiding session started
2026-04-03T00:39:05.8315|INFO|PHD2Client.cs|QueryExposureTime|1216|PHD2Client: Exposure time from PHD2 API: 2.000 seconds (2000 ms)
2026-04-03T00:39:34.9324|WARNING|PHD2Client.cs|ProcessEvent|252|PHD2: StarLost
2026-04-03T00:40:37.1344|WARNING|PHD2Client.cs|ProcessEvent|252|PHD2: StarLost
2026-04-03T00:40:37.2597|INFO|PHD2Client.cs|HandleSettleDone|343|PHD2Client: SettleDone - Status=1, Success=False, TotalFrames=16, DroppedFrames=2
2026-04-03T00:40:37.2598|WARNING|DitherStatisticsVM.cs|OnPHD2SettleDone|772|⚠️ SettleDone received but no currentDither exists (race condition?)
2026-04-03T00:40:37.6805|ERROR|PHD2Guider.cs|ProcessEvent|937|PHD2 error:timed-out waiting for guider to settle
2026-04-03T00:40:38.0540|INFO|SequenceItem.cs|Run|254|Finishing Category: Guider, Item: StartGuiding
2026-04-03T00:40:38.0541|INFO|SequenceItem.cs|Run|254|Finishing Category: Powerups (Expressions), Item: IfFailed
2026-04-03T00:40:38.0543|INFO|SequenceItem.cs|Run|254|Finishing Category: * Instruction Set *, Container: NINA.Sequencer.Container.SequentialContainer, Strategy: SequentialStrategy, Items[FINISHED]: 1, Triggers: Trigger: RestoreGuiding
2026-04-03T00:40:38.0675|INFO|SequenceItem.cs|Run|208|Starting Category: Scheduler, Item: TakeExposure, ExposureTime 600, Gain 100, Offset 50, ImageType LIGHT, Binning 1x1
2026-04-03T00:40:38.0725|INFO|CameraVM.cs|Capture|742|Starting Exposure - Exposure Time: 600s; Filter: ; Gain: 100; Offset 50; Binning: 1x1;
2026-04-03T00:40:52.5999|WARNING|PHD2Client.cs|ProcessEvent|252|PHD2: StarLost
2026-04-03T00:41:25.8161|WARNING|PHD2Client.cs|ProcessEvent|252|PHD2: StarLost
2026-04-03T00:41:37.4029|WARNING|PHD2Client.cs|ProcessEvent|252|PHD2: StarLost
2026-04-03T00:41:41.7847|WARNING|PHD2Client.cs|ProcessEvent|252|PHD2: StarLost
2026-04-03T00:41:52.3058|WARNING|PHD2Client.cs|ProcessEvent|252|PHD2: StarLost
2026-04-03T00:42:10.0799|WARNING|PHD2Client.cs|ProcessEvent|252|PHD2: StarLost
2026-04-03T00:42:40.0979|WARNING|PHD2Client.cs|ProcessEvent|252|PHD2: StarLost
2026-04-03T00:43:03.4679|WARNING|PHD2Client.cs|ProcessEvent|252|PHD2: StarLost
2026-04-03T00:43:07.2502|WARNING|PHD2Client.cs|ProcessEvent|252|PHD2: StarLost
2026-04-03T00:43:50.9967|INFO|SafetyMonitorVM.cs|UpdateMonitorValues|95|SafetyMonitorInfo state changed to Unsafe
2026-04-03T00:43:51.0049|INFO|SessionEventCollector.cs|SaveEvent|128|NightSummary: Event logged — RoofClosed: Safety monitor: Unsafe
2026-04-03T00:43:51.0605|INFO|WhenUnsafe.cs|CheckSafe|77|IsSafe is now FALSE; connected = True, IsSafe = False
2026-04-03T00:43:51.0606|INFO|WhenCommon.cs|ShouldTrigger|378|ShouldTrigger TRUE from InterruptWhen, setting TriggerRunner
2026-04-03T00:43:51.0609|INFO|WhenCommon.cs|InterruptWhen|322|Interrupting current Instruction Set
2026-04-03T00:43:52.4013|INFO|WhenCommon.cs|InterruptWhen|332|Canceling sequence...
2026-04-03T00:43:52.4454|INFO|WhenCommon.cs|SequenceBlockTeardown|198|Teardown; shutting down watchdog
2026-04-03T00:43:52.4468|INFO|Sequencer.cs|Start|85|Sequence run was cancelled
2026-04-03T00:43:52.4476|INFO|Sequence2VM.cs|StartSequence|548|Advanced Sequence finished
2026-04-03T00:43:52.4480|INFO|WhenCommon.cs|InterruptWhen|350|Restarting sequence, Triggered -> true
2026-04-03T00:43:53.4094|INFO|WhenCommon.cs|InterruptWhen|339|Sequence no longer running
2026-04-03T00:43:53.4096|WARNING|WhenCommon.cs|CheckSlewing|263|CheckSlewing, WhenUnsafe = True, Connected = True, CanSlew = True, info.Slewing = False
2026-04-03T00:43:53.4101|INFO|Sequence2VM.cs|StartSequence|543|Advanced Sequence starting
2026-04-03T00:43:53.4694|INFO|SequenceItem.cs|Run|208|Starting Category: * Instruction Set *, Container: NINA.Sequencer.Container.SequenceRootContainer, Strategy: SequentialStrategy, Items[CREATED]: 3, Triggers: Category: Ground Station, Item: Failures to Telegram
2026-04-03T00:43:53.4695|INFO|SequenceItem.cs|Run|208|Starting Category: * Instruction Set *, Container: NINA.Sequencer.Container.StartAreaContainer, Strategy: SequentialStrategy, Items[FINISHED]: 1
2026-04-03T00:43:53.4696|INFO|SequenceItem.cs|Run|254|Finishing Category: * Instruction Set *, Container: NINA.Sequencer.Container.StartAreaContainer, Strategy: SequentialStrategy, Items[FINISHED]: 1
2026-04-03T00:43:53.4698|INFO|SequenceItem.cs|Run|208|Starting Category: * Instruction Set *, Container: NINA.Sequencer.Container.TargetAreaContainer, Strategy: SequentialStrategy, Items[CREATED]: 1
2026-04-03T00:43:53.4699|INFO|SequenceItem.cs|Run|208|Starting Category: * Instruction Set *, Container: NINA.Sequencer.Container.SequentialContainer, Strategy: SequentialStrategy, Items[FINISHED]: 10, Items[CREATED]: 1, Conditions: Condition: TimeCondition, Time: 6:58:57h, Condition: TargetSchedulerCondition mode=While Targets Remain Tonight, , Triggers: Trigger: CenterAfterDriftTrigger, DistanceArcMinutes: 1Trigger: WhenUnsafeCategory: Ground Station, Item: Failures to TelegramCategory: Connect, Item: ReconnectOnDownloadFailureTrigger: AutofocusAfterHFRIncreaseTrigger, Amount: 5Trigger: MeridianFlipTriggerCategory: Powerups (Misc), Item: DIYTriggerCategory: Ground Station, Item: Failures to PushoverTrigger: AutofocusAfterTemperatureChangeTrigger, Amount: 1.5°
2026-04-03T00:43:53.4700|INFO|WhenCommon.cs|SequenceBlockInitialize|204|Initialize; starting watchdog
2026-04-03T00:43:53.4703|INFO|WhenCommon.cs|ShouldTrigger|382|ShouldTrigger TRUE, setting TriggerRunner
2026-04-03T00:43:53.4704|INFO|SequenceTrigger.cs|Run|114|Starting Trigger: WhenUnsafe
2026-04-03T00:43:53.4772|INFO|WhenCommon.cs|Execute|395|Execute 0
2026-04-03T00:43:53.4773|INFO|WhenCommon.cs|Execute|409|When: running TriggerRunner, InFlight -> true, Triggered -> false
2026-04-03T00:43:53.4773|WARNING|WhenCommon.cs|CheckSlewing|263|CheckSlewing, WhenUnsafe = True, Connected = True, CanSlew = True, info.Slewing = False
2026-04-03T00:43:53.4774|INFO|SequenceItem.cs|Run|208|Starting Category: , Container: WhenPlugin.When.IfContainer, Strategy: SequentialStrategy, Items[CREATED]: 9
2026-04-03T00:43:53.4778|INFO|MeridianFlipTrigger.cs|ShouldTrigger|265|Meridian Flip - There is still time remaining - max remaining time 10:04:07.3108718, next instruction time 0, next instruction Category: Ground Station, Item: Send to Telegram - and the telescope reports expected pier side pierEast. Automated Flip is not necessary.
2026-04-03T00:43:53.4778|INFO|SequenceItem.cs|Run|208|Starting Category: Ground Station, Item: Send to Telegram
2026-04-03T00:43:54.0918|INFO|SequenceItem.cs|Run|254|Finishing Category: Ground Station, Item: Send to Telegram
2026-04-03T00:43:54.0926|INFO|MeridianFlipTrigger.cs|ShouldTrigger|265|Meridian Flip - There is still time remaining - max remaining time 10:04:07.3108718, next instruction time 0, next instruction Category: Ground Station, Item: Send to Pushover, Title: Unsafe - and the telescope reports expected pier side pierEast. Automated Flip is not necessary.
2026-04-03T00:43:54.0927|INFO|SequenceItem.cs|Run|208|Starting Category: Ground Station, Item: Send to Pushover, Title: Unsafe
2026-04-03T00:43:54.2700|INFO|SequenceItem.cs|Run|254|Finishing Category: Ground Station, Item: Send to Pushover, Title: Unsafe
2026-04-03T00:43:54.2708|INFO|MeridianFlipTrigger.cs|ShouldTrigger|265|Meridian Flip - There is still time remaining - max remaining time 10:04:07.3108718, next instruction time 0, next instruction Category: Telescope, Item: FindHome - and the telescope reports expected pier side pierEast. Automated Flip is not necessary.
2026-04-03T00:43:54.2709|INFO|SequenceItem.cs|Run|208|Starting Category: Telescope, Item: FindHome
2026-04-03T00:43:54.3469|INFO|PHD2Client.cs|ProcessEvent|268|PHD2: ConfigurationChange
2026-04-03T00:43:54.3558|WARNING|PHD2Client.cs|ProcessEvent|252|PHD2: LockPositionLost
2026-04-03T00:43:54.4623|INFO|PHD2Client.cs|QueryExposureTime|1216|PHD2Client: Exposure time from PHD2 API: 2.000 seconds (2000 ms)
2026-04-03T00:43:55.3034|INFO|TelescopeVM.cs|FindHome|292|Mount ordered to locate home position
2026-04-03T00:44:18.7737|INFO|TelescopeVM.cs|FindHome|348|Mount has located its home position
2026-04-03T00:44:18.7739|INFO|SequenceItem.cs|Run|254|Finishing Category: Telescope, Item: FindHome
2026-04-03T00:44:18.7743|INFO|MeridianFlipTrigger.cs|ShouldTrigger|197|Meridian Flip - Telescope is at home position. Skip flip evaluation
2026-04-03T00:44:18.7743|INFO|SequenceItem.cs|Run|208|Starting Category: Guider, Item: StopGuiding
2026-04-03T00:44:18.7772|INFO|PHD2Guider.cs|StopGuiding|704|Phd2 - Stop Guiding skipped, as the app is already in state Stopped
2026-04-03T00:44:18.7773|INFO|SequenceItem.cs|Run|254|Finishing Category: Guider, Item: StopGuiding
2026-04-03T00:44:18.7777|INFO|MeridianFlipTrigger.cs|ShouldTrigger|197|Meridian Flip - Telescope is at home position. Skip flip evaluation
2026-04-03T00:44:18.7778|INFO|SequenceItem.cs|Run|208|Starting Category: Connect, Item: DisconnectEquipment, Selected device: Safety Monitor
2026-04-03T00:44:18.7806|INFO|AscomDevice.cs|Disconnect|378|Disconnecting from ASCOM.GenericFile.SafetyMonitor Generic File driver
2026-04-03T00:44:18.7846|INFO|SafetyMonitorVM.cs|Disconnect|221|Disconnected Safety Monitor
2026-04-03T00:44:18.7851|INFO|SequenceItem.cs|Run|254|Finishing Category: Connect, Item: DisconnectEquipment, Selected device: Safety Monitor
2026-04-03T00:44:18.7854|INFO|MeridianFlipTrigger.cs|ShouldTrigger|197|Meridian Flip - Telescope is at home position. Skip flip evaluation
2026-04-03T00:44:18.7855|INFO|SequenceItem.cs|Run|208|Starting Category: Utility, Item: WaitForTimeSpan, Time: 60s
2026-04-03T00:45:18.8326|INFO|SequenceItem.cs|Run|254|Finishing Category: Utility, Item: WaitForTimeSpan, Time: 60s
2026-04-03T00:45:18.8331|INFO|MeridianFlipTrigger.cs|ShouldTrigger|197|Meridian Flip - Telescope is at home position. Skip flip evaluation
2026-04-03T00:45:18.8331|INFO|SequenceItem.cs|Run|208|Starting Category: Connect, Item: ConnectEquipment, Selected device: Safety Monitor, Selected device id: ASCOM.GenericFile.SafetyMonitor
2026-04-03T00:45:20.8341|INFO|SafetyMonitorChooserVM.cs|GetEquipment|71|Found 0 Alpaca Safety Monitors
2026-04-03T00:45:20.8345|INFO|SafetyMonitorVM.cs|Disconnect|221|Disconnected Safety Monitor
2026-04-03T00:45:20.9062|INFO|SafetyMonitorVM.cs|Connect|175|Successfully connected Safety Monitor. Id: ASCOM.GenericFile.SafetyMonitor Name: Generic File driver DisplayName: Generic File driver (ASCOM) Driver Version: 6.4
2026-04-03T00:45:20.9067|INFO|SequenceItem.cs|Run|254|Finishing Category: Connect, Item: ConnectEquipment, Selected device: Safety Monitor, Selected device id: ASCOM.GenericFile.SafetyMonitor
2026-04-03T00:45:20.9070|INFO|MeridianFlipTrigger.cs|ShouldTrigger|197|Meridian Flip - Telescope is at home position. Skip flip evaluation
2026-04-03T00:45:20.9071|INFO|SequenceItem.cs|Run|208|Starting Category: Utility, Item: WaitForTimeSpan, Time: 60s
2026-04-03T00:45:22.9063|INFO|SafetyMonitorVM.cs|UpdateMonitorValues|95|SafetyMonitorInfo state changed to Unsafe
2026-04-03T00:46:20.9962|INFO|SequenceItem.cs|Run|254|Finishing Category: Utility, Item: WaitForTimeSpan, Time: 60s
2026-04-03T00:46:20.9967|INFO|MeridianFlipTrigger.cs|ShouldTrigger|197|Meridian Flip - Telescope is at home position. Skip flip evaluation
2026-04-03T00:46:20.9968|INFO|SequenceItem.cs|Run|208|Starting Category: Powerups (Safety), Item: OnceSafe
2026-04-03T06:58:57.0966|INFO|TimeCondition.cs|Check|254|TimeCondition finished.
2026-04-03T06:58:57.0968|INFO|TimeCondition.cs|InterruptWhenTimeIsUp|63|Time limit exceeded - Interrupting current Instruction Set
2026-04-03T06:58:57.0994|INFO|WhenCommon.cs|Execute|425|When: Execute done; InFlight -> false, Triggered false
2026-04-03T06:58:57.0996|INFO|MeridianFlipTrigger.cs|ShouldTrigger|197|Meridian Flip - Telescope is at home position. Skip flip evaluation
2026-04-03T06:58:57.0998|INFO|SequenceItem.cs|Run|208|Starting Category: Target Scheduler, Container: NINA.Plugin.TargetScheduler.Sequencer.TargetSchedulerContainer, Strategy: SequentialStrategy, Target:  RA: 00:00:00; Dec: 00° 00' 00"; Epoch: J2000 0
2026-04-03T06:58:57.1127|INFO|SequenceItem.cs|Run|254|Finishing Category: Target Scheduler, Container: NINA.Plugin.TargetScheduler.Sequencer.TargetSchedulerContainer, Strategy: SequentialStrategy, Target:  RA: 00:00:00; Dec: 00° 00' 00"; Epoch: J2000 0
2026-04-03T06:58:57.1135|INFO|TimeCondition.cs|Check|254|TimeCondition finished.
2026-04-03T06:58:57.2982|INFO|WhenCommon.cs|SequenceBlockTeardown|198|Teardown; shutting down watchdog
2026-04-03T06:58:57.2984|INFO|SequenceItem.cs|Run|254|Finishing Category: * Instruction Set *, Container: NINA.Sequencer.Container.SequentialContainer, Strategy: SequentialStrategy, Items[FINISHED]: 11, Conditions: Condition: TimeCondition, Time: 6:58:57h, Condition: TargetSchedulerCondition mode=While Targets Remain Tonight, , Triggers: Trigger: CenterAfterDriftTrigger, DistanceArcMinutes: 1Trigger: WhenUnsafeCategory: Ground Station, Item: Failures to TelegramCategory: Connect, Item: ReconnectOnDownloadFailureTrigger: AutofocusAfterHFRIncreaseTrigger, Amount: 5Trigger: MeridianFlipTriggerCategory: Powerups (Misc), Item: DIYTriggerCategory: Ground Station, Item: Failures to PushoverTrigger: AutofocusAfterTemperatureChangeTrigger, Amount: 1.5°
2026-04-03T06:58:57.2986|INFO|SequenceItem.cs|Run|254|Finishing Category: * Instruction Set *, Container: NINA.Sequencer.Container.TargetAreaContainer, Strategy: SequentialStrategy, Items[FINISHED]: 1
2026-04-03T06:58:57.2987|INFO|SequenceItem.cs|Run|208|Starting Category: * Instruction Set *, Container: NINA.Sequencer.Container.EndAreaContainer, Strategy: SequentialStrategy, Items[CREATED]: 8
2026-04-03T06:58:57.2990|INFO|SequenceItem.cs|Run|208|Starting Category: Telescope, Item: FindHome
2026-04-03T06:58:57.3015|INFO|PHD2Guider.cs|StopGuiding|704|Phd2 - Stop Guiding skipped, as the app is already in state Stopped
2026-04-03T06:58:57.3016|INFO|TelescopeVM.cs|FindHome|292|Mount ordered to locate home position
2026-04-03T06:58:57.3020|INFO|TelescopeVM.cs|FindHome|336|Mount ordered to home but it is already at home
2026-04-03T06:58:57.3020|INFO|TelescopeVM.cs|FindHome|348|Mount has located its home position
2026-04-03T06:58:57.3022|INFO|SequenceItem.cs|Run|254|Finishing Category: Telescope, Item: FindHome
2026-04-03T06:58:57.3028|INFO|SequenceItem.cs|Run|208|Starting Night Summary - End Session
2026-04-03T06:58:57.3047|INFO|NightSummaryEndInstruction.cs|Execute|28|NightSummary: End Session instruction executing
2026-04-03T06:59:12.3306|INFO|SessionCollector.cs|EndSession|75|NightSummary: Session ended. SessionId=271f43ca-e41b-4443-b5fc-92e65fd4eb95
2026-04-03T06:59:13.3561|INFO|SessionService.cs|SyncTsGrading|365|NightSummary: Synced TS grading for 7/16 images
2026-04-03T06:59:13.3636|INFO|TargetSchedulerDatabase.cs|GetProgressForTargets|60|NightSummary: Querying TS progress for profile 0173997c-4bfa-48fd-9337-a48b6df99c38
2026-04-03T06:59:13.4083|INFO|SessionService.cs|ComputeCameraFov|392|NightSummary: ComputeCameraFov (from session) — 3008×3008px, 3.76µm, 360mm → FOV=1.8001° × 1.8001°
2026-04-03T06:59:13.4097|INFO|NightSummaryEndInstruction.cs|Execute|39|NightSummary: Session ended successfully
2026-04-03T06:59:13.4098|INFO|SequenceItem.cs|Run|254|Finishing Night Summary - End Session
2026-04-03T06:59:13.4105|INFO|SequenceItem.cs|Run|208|Starting Category: Camera, Item: WarmCamera, Duration: 30
2026-04-03T06:59:13.4127|INFO|SessionService.cs|GenerateAndSendAsync|128|NightSummary: Generating report for session 271f43ca-e41b-4443-b5fc-92e65fd4eb95 (profile: 0173997c-4bfa-48fd-9337-a48b6df99c38)
2026-04-03T06:59:13.4129|INFO|CameraVM.cs|WarmCamera|161|Warming Camera. Duration: 00:30:00
2026-04-03T06:59:13.4903|INFO|ReportGenerator.cs|BuildTargetSection|280|NightSummary: Thumbnail FOV — fovW=1.8001° fovH=1.8001° thumbFov=2.7001°
2026-04-03T06:59:13.5025|INFO|ReportGenerator.cs|BuildTargetSection|305|NightSummary: Fetching 3 sky thumbnail(s) in parallel...
2026-04-03T06:59:15.0794|INFO|ReportGenerator.cs|FetchThumbnailAsync|1088|NightSummary: CDS thumbnail OK for SH2-308 Panel 5 - NB (25,313 bytes)
2026-04-03T06:59:15.1430|INFO|ReportGenerator.cs|FetchThumbnailAsync|1088|NightSummary: CDS thumbnail OK for M 81-82 - NB (10,271 bytes)
2026-04-03T06:59:15.4322|INFO|ReportGenerator.cs|FetchThumbnailAsync|1088|NightSummary: CDS thumbnail OK for SH2-308 Panel 6 - NB (25,522 bytes)
2026-04-03T06:59:15.5398|INFO|TargetSchedulerDatabase.cs|GetApiSettings|135|NightSummary: TS API settings for profile '0173997c-4bfa-48fd-9337-a48b6df99c38' — enableAPI=True, apiPort=8188
2026-04-03T06:59:15.5402|INFO|ReportGenerator.cs|BuildNextNightPreviewSection|841|NightSummary: Tonight's Preview — connecting to TS API at http://localhost:8188/ts/v0
2026-04-03T06:59:27.2904|INFO|SessionService.cs|GenerateAndSendAsync|147|NightSummary: Delivering report to: Local Save, Email, Pushover, Discord
2026-04-03T06:59:27.2981|INFO|SessionService.cs|SaveReportLocallyAsync|249|NightSummary: Report saved locally to C:\Users\nicka\AppData\Local\NINA\Plugins\3.0.0\Night Summary\NightSummary_2026-04-03_06-59-27.html
2026-04-03T06:59:27.3107|INFO|EmailSender.cs|SendReportAsync|70|NightSummary: Sending report email to astrophotonic.space@gmail.com
2026-04-03T06:59:27.3258|INFO|PushoverSender.cs|SendAsync|29|NightSummary: Sending Pushover notification — Night Summary — 2026-04-02
2026-04-03T06:59:27.3312|INFO|DiscordSender.cs|SendReportAsync|30|NightSummary: Sending Discord report
2026-04-03T06:59:27.4945|INFO|PushoverSender.cs|SendAsync|41|NightSummary: Pushover notification sent successfully
2026-04-03T06:59:29.7142|INFO|EmailSender.cs|SendReportAsync|92|NightSummary: Report email sent successfully
2026-04-03T06:59:29.7263|INFO|SessionService.cs|SendReportWithDataAsync|321|NightSummary: Report sent and session marked as complete
2026-04-03T06:59:29.9647|INFO|DiscordSender.cs|LogResult|185|NightSummary: Discord message sent successfully
2026-04-03T07:31:20.1858|INFO|CameraVM.cs|WarmCamera|179|Could not reach warming temperature. Most likley due to ambient temperature being lower. Continuing...
2026-04-03T07:31:40.2936|INFO|CameraVM.cs|WarmCamera|186|Turning cooler off
2026-04-03T07:31:40.2953|INFO|SequenceItem.cs|Run|254|Finishing Category: Camera, Item: WarmCamera, Duration: 30
2026-04-03T07:31:40.2956|INFO|SequenceItem.cs|Run|208|Starting Category: Guider, Item: StopGuiding
2026-04-03T07:31:40.2999|INFO|PHD2Guider.cs|StopGuiding|704|Phd2 - Stop Guiding skipped, as the app is already in state Stopped
2026-04-03T07:31:40.3000|INFO|SequenceItem.cs|Run|254|Finishing Category: Guider, Item: StopGuiding
2026-04-03T07:31:40.3016|INFO|SequenceItem.cs|Run|208|Starting Category: Phd2 Tools, Item: ShutdownPhd2Instruction
2026-04-03T07:31:40.3219|INFO|SequenceItem.cs|Run|254|Finishing Category: Phd2 Tools, Item: ShutdownPhd2Instruction
2026-04-03T07:31:40.3228|INFO|SequenceItem.cs|Run|208|Starting Category: Connect, Item: DisconnectAllEquipment
2026-04-03T07:31:40.3289|WARNING|PHD2Client.cs|ReadEventsAsync|189|PHD2Client: Connection closed by server
2026-04-03T07:31:40.3290|INFO|DitherStatisticsVM.cs|OnPHD2ConnectionStatusChanged|737|PHD2 Connection Status: Connection lost
2026-04-03T07:31:40.3290|INFO|PHD2Client.cs|ReadEventsAsync|205|PHD2Client: Stopped reading events
2026-04-03T07:31:40.4271|INFO|CameraVM.cs|Disconnect|650|Disconnected Camera
2026-04-03T07:31:40.4303|INFO|AscomDevice.cs|Disconnect|378|Disconnecting from ASCOM.EFW2.FilterWheel ZWO FilterWheel
2026-04-03T07:31:41.0742|INFO|FilterWheelVM.cs|Disconnect|333|Disconnected Filter Wheel
2026-04-03T07:31:41.1071|INFO|AscomDevice.cs|Disconnect|378|Disconnecting from ASCOM.EAF.Focuser ZWO Focuser
2026-04-03T07:31:41.1912|INFO|FocuserVM.cs|Disconnect|441|Disconnected Focuser
2026-04-03T07:31:41.1917|INFO|DisconnectAllEquipment.cs|Execute|139|Rotator is already disconnected
2026-04-03T07:31:41.2095|INFO|AscomDevice.cs|Disconnect|378|Disconnecting from ASCOM.iOptron2017.Telescope iOptron CEM120,70,40,26, GEM, HEM, HAE, HAZ series and SkyHunter Mount
2026-04-03T07:31:41.2305|INFO|TelescopeVM.cs|Disconnect|740|Disconnected mount
2026-04-03T07:31:41.2309|INFO|DisconnectAllEquipment.cs|Execute|139|Guider is already disconnected
2026-04-03T07:31:41.2309|INFO|DisconnectAllEquipment.cs|Execute|139|Switch is already disconnected
2026-04-03T07:31:41.2310|INFO|DisconnectAllEquipment.cs|Execute|139|Flat Panel is already disconnected
2026-04-03T07:31:41.2333|INFO|AscomDevice.cs|Disconnect|378|Disconnecting from ASCOM.SkyAlert.ObservingConditions SkyAlert Observing Conditions
2026-04-03T07:31:41.2433|INFO|WeatherDataVM.cs|Disconnect|305|Disconnected Weather Device
2026-04-03T07:31:41.2437|INFO|DisconnectAllEquipment.cs|Execute|139|Dome is already disconnected
2026-04-03T07:31:41.2455|INFO|AscomDevice.cs|Disconnect|378|Disconnecting from ASCOM.GenericFile.SafetyMonitor Generic File driver
2026-04-03T07:31:41.2499|INFO|SafetyMonitorVM.cs|Disconnect|221|Disconnected Safety Monitor
2026-04-03T07:31:41.2503|INFO|SequenceItem.cs|Run|254|Finishing Category: Connect, Item: DisconnectAllEquipment
2026-04-03T07:31:41.2505|INFO|SequenceItem.cs|Run|208|Starting Category: Ground Station, Item: Send to Pushover, Title: Disconnected
2026-04-03T07:31:41.4231|INFO|SequenceItem.cs|Run|254|Finishing Category: Ground Station, Item: Send to Pushover, Title: Disconnected
2026-04-03T07:31:41.4234|INFO|SequenceItem.cs|Run|208|Starting Category: Ground Station, Item: Send to Telegram
2026-04-03T07:31:42.0734|INFO|SequenceItem.cs|Run|254|Finishing Category: Ground Station, Item: Send to Telegram
2026-04-03T07:31:42.0739|INFO|SequenceItem.cs|Run|254|Finishing Category: * Instruction Set *, Container: NINA.Sequencer.Container.EndAreaContainer, Strategy: SequentialStrategy, Items[FINISHED]: 8
2026-04-03T07:31:42.0741|INFO|SequenceItem.cs|Run|254|Finishing Category: * Instruction Set *, Container: NINA.Sequencer.Container.SequenceRootContainer, Strategy: SequentialStrategy, Items[FINISHED]: 3, Triggers: Category: Ground Station, Item: Failures to Telegram
2026-04-03T07:31:42.0746|INFO|Sequence2VM.cs|StartSequence|548|Advanced Sequence finished
2026-04-03T07:31:42.0755|INFO|WhenCommon.cs|InterruptWhen|350|Restarting sequence, Triggered -> true
2026-04-03T07:31:45.3343|INFO|PHD2Client.cs|ConnectAsync|102|PHD2Client: Connecting to PHD2 at 127.0.0.1:4400...
2026-04-03T07:31:47.3804|ERROR|PHD2Client.cs|ConnectAsync|132|PHD2Client: Connection failed: No connection could be made because the target machine actively refused it.
2026-04-03T12:56:58.6546|INFO|ApplicationVM.cs|Exit|244|Shutting down application - requested by user
2026-04-03T12:56:58.7676|INFO|ApplicationVM.cs|Closing|289|Application shutting down
2026-04-03T12:56:58.8054|INFO|DomeVM.cs|Disconnect|355|Disconnected Dome Device
2026-04-03T12:56:58.8107|INFO|FlatDeviceVM.cs|Disconnect|289|Disconnected Flat Device
2026-04-03T12:56:58.8201|INFO|CameraVM.cs|Disconnect|650|Disconnected Camera
2026-04-03T12:56:58.8208|INFO|TelescopeVM.cs|Disconnect|740|Disconnected mount
2026-04-03T12:56:58.8221|INFO|FilterWheelVM.cs|Disconnect|333|Disconnected Filter Wheel
2026-04-03T12:56:58.8226|INFO|FocuserVM.cs|Disconnect|441|Disconnected Focuser
2026-04-03T12:56:58.8280|INFO|RotatorVM.cs|Disconnect|447|Disconnected Rotator
2026-04-03T12:56:58.8324|INFO|SwitchVM.cs|Disconnect|309|Disconnected Switch
2026-04-03T12:56:58.8363|INFO|WeatherDataVM.cs|Disconnect|305|Disconnected Weather Device
2026-04-03T12:56:58.8366|INFO|SafetyMonitorVM.cs|Disconnect|221|Disconnected Safety Monitor
2026-04-03T12:56:59.2003|INFO|API.cs|StopWatchers|86|Stopping all event watchers
2026-04-03T12:56:59.2367|INFO|NightSummaryPlugin.cs|Teardown|230|NightSummary: Plugin torn down
