----------------------------------------------------------------------
--------------N.I.N.A. - Nighttime Imaging 'N' Astronomy--------------
--------------------------Version 3.2.0.9001--------------------------
-------------------------2026-05-25T14:30:15--------------------------
----------------------------------------------------------------------
---------------------Microsoft Windows 10.0.19045---------------------
-------------------------OS Architecture X64--------------------------
-----------------------Process Architecture X64-----------------------
-----------------------------.NET 8.0.21------------------------------
----------------------------------------------------------------------
--------------------------Processor Count 4---------------------------
--------------------Total Physical Memory 7.84 GB---------------------
----------------------------------------------------------------------
DATE|LEVEL|SOURCE|MEMBER|LINE|MESSAGE
2026-05-25T14:30:15.8363|INFO|App.xaml.cs|OnStartup|170|Launched with command line arguments: --sequencefile C:\Users\nicka\Astro\NINA\NINA_Sequences\TargetScheduler.json --runsequence
2026-05-25T14:30:20.2152|INFO|CameraChooserVM.cs|GetEquipment|69|Found 2 ASI Cameras
2026-05-25T14:30:20.4585|INFO|CameraChooserVM.cs|GetEquipment|84|Found 0 Altair Cameras
2026-05-25T14:30:20.6702|INFO|CameraChooserVM.cs|GetEquipment|96|Found 0 Atik Cameras
2026-05-25T14:30:20.8963|INFO|CameraChooserVM.cs|GetEquipment|110|Found 0 FLI Cameras
2026-05-25T14:30:22.1181|INFO|CameraChooserVM.cs|GetEquipment|130|Found 0 QHYCCD Cameras
2026-05-25T14:30:22.6272|INFO|CameraChooserVM.cs|GetEquipment|158|Found 0 ToupTek Cameras
2026-05-25T14:30:22.7439|INFO|CameraChooserVM.cs|GetEquipment|173|Found 0 Ogma Cameras
2026-05-25T14:30:22.9015|INFO|CameraChooserVM.cs|GetEquipment|188|Found 0 Omegon Cameras
2026-05-25T14:30:23.4377|INFO|CameraChooserVM.cs|GetEquipment|203|Found 0 RisingCam Cameras
2026-05-25T14:30:23.6302|INFO|CameraChooserVM.cs|GetEquipment|218|Found 0 MallinCam Cameras
2026-05-25T14:30:23.7562|INFO|CameraChooserVM.cs|GetEquipment|243|Found 0 SVBony Cameras
2026-05-25T14:30:23.7600|INFO|CameraChooserVM.cs|GetEquipment|259|Found 0 SBIG Cameras
2026-05-25T14:30:32.3340|INFO|ApplicationVM.cs|CheckDiskInfo|100|Available Space on Drive C:\: 143.67 GB
2026-05-25T14:30:32.3406|INFO|ApplicationVM.cs|CheckDiskInfo|102|Drive E:\ is not ready
2026-05-25T14:30:32.3422|INFO|ApplicationVM.cs|CheckDiskInfo|100|Available Space on Drive G:\: 62.12 GB
2026-05-25T14:30:32.3512|INFO|ApplicationVM.cs|CheckDiskInfo|100|Available Space on Drive Z:\: 34.22 GB
2026-05-25T14:30:33.8406|INFO|ApplicationVM.cs|CheckASCOMPlatformVersion|81|ASCOM Platform 6.6.2.4195 installed
2026-05-25T14:30:34.3460|INFO|API.cs|Start|99|Starting Webserver
2026-05-25T14:30:34.3475|INFO|API.cs|APITask|134|starting web server, listening at 172.19.6.111:1888
2026-05-25T14:30:34.5128|INFO|NINALogWatcher.cs|Start|33|watching log file: C:\Users\nicka\AppData\Local\NINA\Logs\20260525-143014-3.2.0.9001.12524-202605.log
2026-05-25T14:30:34.5299|INFO|PluginLoader.cs|LoadPlugin|402|Successfully loaded plugin Advanced API version 2.2.15.1 by Christian Palm
2026-05-25T14:30:35.3745|INFO|PluginLoader.cs|LoadPlugin|402|Successfully loaded plugin Autofocus Report Analysis version 2.0.0.9 by Stefan Berg @isbeorn
2026-05-25T14:30:35.6900|INFO|PluginLoader.cs|LoadPlugin|402|Successfully loaded plugin Connector version 2.1.0.2 by Stefan Berg @isbeorn
2026-05-25T14:30:35.9142|INFO|PluginLoader.cs|LoadPlugin|402|Successfully loaded plugin Device Actions and Commands version 2.2.0.0 by Dale Ghent
2026-05-25T14:30:36.8623|INFO|PluginLoader.cs|LoadPlugin|402|Successfully loaded plugin Discord Alert version 2.2.0.0 by Drew McDermott
2026-05-25T14:30:38.8416|INFO|PluginLoader.cs|LoadPlugin|402|Successfully loaded plugin Discord Notification version 2.0.0.10 by Daniel Ludwig
2026-05-25T14:30:41.1863|INFO|DitherStatisticsVM.cs|CreatePluginIcon|1483|Plugin icon geometry created successfully
2026-05-25T14:30:41.2124|INFO|DitherStatisticsVM.cs|LoadDataTemplates|1452|DitherStatistics DataTemplates loaded successfully
2026-05-25T14:30:41.2169|INFO|DitherStatisticsVM.cs|SaveQualityAssessmentSetting|387|Quality Assessment setting saved to file: True
2026-05-25T14:30:41.2170|INFO|DitherStatisticsVM.cs|LoadQualityAssessmentSetting|364|Quality Assessment setting loaded from file: True
2026-05-25T14:30:41.2316|INFO|DitherStatisticsVM.cs|SaveDitherOptimizerSetting|490|Dither Optimizer setting saved to file: False
2026-05-25T14:30:41.2317|INFO|DitherStatisticsVM.cs|LoadDitherOptimizerSetting|471|Dither Optimizer setting loaded from file: False
2026-05-25T14:30:41.2322|INFO|DitherStatisticsVM.cs|SubscribeToGuiderEvents|834|Subscribed to NINA guider events
2026-05-25T14:30:41.2362|ERROR|DitherStatisticsVM.cs|GetThemeColor|1437|Failed to get theme color 'PrimaryBrush': The calling thread cannot access this object because a different thread owns it.
2026-05-25T14:30:41.2364|INFO|DitherStatisticsVM.cs|StartThemeColorMonitoring|1329|Initial PrimaryBrush color: R:255 G:255 B:255
2026-05-25T14:30:41.2365|INFO|DitherStatisticsVM.cs|.ctor|96|DitherStatisticsVM initialized successfully with ScottPlot 4.1 (Lazy Loading)!
2026-05-25T14:30:41.2370|INFO|DitherStatisticsVM.cs|StartThemeColorMonitoring|1338|Theme color monitoring timer started on UI thread
2026-05-25T14:30:41.2372|INFO|PluginLoader.cs|LoadPlugin|402|Successfully loaded plugin Dither Statistics version 1.3.0.0 by Thierry Tschanz
2026-05-25T14:30:41.4584|INFO|PluginLoader.cs|LoadPlugin|402|Successfully loaded plugin Filter Offset Calculator version 2.0.0.0 by S. Dimant & Stefan Berg
2026-05-25T14:30:41.7390|INFO|DitherStatisticsVM.cs|OnThemeColorTimerTick|1357|Theme color CHANGED! Old: R:255 G:255 B:255 -> New: R:176 G:179 B:185
2026-05-25T14:30:41.7910|INFO|PluginLoader.cs|LoadPlugin|402|Successfully loaded plugin Flexure Correction version 0.8.0.0 by Francesco Meschia
2026-05-25T14:30:41.8471|INFO|DitherStatisticsVM.cs|PixelShiftPlot|136|PixelShiftPlot created (lazy loading)
2026-05-25T14:30:41.8798|INFO|DitherStatisticsVM.cs|SettleTimePlot|177|SettleTimePlot created (lazy loading)
2026-05-25T14:30:43.2357|INFO|DitherStatisticsVM.cs|ConnectToPHD2|708|Attempting to connect to PHD2...
2026-05-25T14:30:43.2374|INFO|PHD2Client.cs|ConnectAsync|102|PHD2Client: Connecting to PHD2 at 127.0.0.1:4400...
2026-05-25T14:30:45.2555|ERROR|PHD2Client.cs|ConnectAsync|132|PHD2Client: Connection failed: No connection could be made because the target machine actively refused it.
2026-05-25T14:30:45.2560|INFO|DitherStatisticsVM.cs|OnPHD2ConnectionStatusChanged|737|PHD2 Connection Status: Connection failed: No connection could be made because the target machine actively refused it.
2026-05-25T14:30:45.3752|INFO|PluginLoader.cs|LoadPlugin|402|Successfully loaded plugin Ground Station version 3.0.0.117 by Dale Ghent
2026-05-25T14:30:51.0798|INFO|PluginLoader.cs|LoadPlugin|402|Successfully loaded plugin Hocus Focus version 3.0.0.26 by George Hilios (jokogeo)
2026-05-25T14:30:51.5750|INFO|PluginLoader.cs|LoadPlugin|402|Successfully loaded plugin Horizon Creator version 1.1.2.1 by Christian Palm
2026-05-25T14:30:51.8424|INFO|PluginLoader.cs|LoadPlugin|402|Successfully loaded plugin Lightbucket version 2.2.4.0 by Lightbucket
2026-05-25T14:30:53.2172|INFO|PluginLoader.cs|LoadPlugin|402|Successfully loaded plugin Livestack version 1.1.3.0 by Stefan Berg @isbeorn
2026-05-25T14:30:53.5178|INFO|PluginLoader.cs|LoadPlugin|402|Successfully loaded plugin Log Viewer version 1.0.0.2 by Alexander Wrede @astro_alex80
2026-05-25T14:30:53.7992|INFO|PluginLoader.cs|LoadPlugin|402|Successfully loaded plugin Moon Angle version 2.2.0.0 by Dale Ghent
2026-05-25T14:30:54.4264|INFO|SessionDatabase.cs|.ctor|34|NightSummary: Database path: C:\Users\nicka\AppData\Local\NINA\NightSummary\nightsummary.sqlite
2026-05-25T14:30:54.4266|INFO|SessionDatabase.cs|.ctor|35|NightSummary: Database exists: True
2026-05-25T14:30:54.4709|INFO|SessionService.cs|.ctor|123|NightSummary: SessionService created — messageBroker=True
2026-05-25T14:30:54.7385|INFO|NightSummaryPlugin.cs|.ctor|424|NightSummary: Plugin initialized successfully
2026-05-25T14:30:54.7453|INFO|SessionDatabase.cs|.ctor|34|NightSummary: Database path: C:\Users\nicka\AppData\Local\NINA\NightSummary\nightsummary.sqlite
2026-05-25T14:30:54.7455|INFO|SessionDatabase.cs|.ctor|35|NightSummary: Database exists: True
2026-05-25T14:30:54.7622|INFO|SessionService.cs|.ctor|123|NightSummary: SessionService created — messageBroker=True
2026-05-25T14:30:54.7648|INFO|PluginLoader.cs|LoadPlugin|402|Successfully loaded plugin Night Summary version 3.1.0.0 by Evan Pegors @sleepypuppy15
2026-05-25T14:30:55.2401|INFO|PluginLoader.cs|LoadPlugin|402|Successfully loaded plugin Phd2 Tools version 1.0.6.0 by Stefan Berg @isbeorn
2026-05-25T14:30:55.7311|INFO|PluginLoader.cs|LoadPlugin|402|Successfully loaded plugin PixInsight Tools version 1.0.0.3 by Stefan Berg
2026-05-25T14:30:56.9346|INFO|PluginLoader.cs|LoadPlugin|402|Successfully loaded plugin Point3D version 0.2.3.0 by Drew McDermott
2026-05-25T14:30:57.5030|INFO|StarfrontClient.cs|StartFolderWatcher|167|[Rockwood] Watching: C:\ASTROIMAGES\NINA\
2026-05-25T14:30:57.5102|INFO|PluginLoader.cs|LoadPlugin|402|Successfully loaded plugin Rockwood Starfront version 1.0.0.0 by Rockwood Observatory
2026-05-25T14:30:57.5113|INFO|StarfrontClient.cs|RunLoop|68|[Rockwood] connecting to wss://api.starfront.space:443/ws/scope?key=***
2026-05-25T14:30:57.7008|INFO|StarfrontClient.cs|RunLoop|71|[Rockwood] connected
2026-05-25T14:30:58.6688|INFO|PluginLoader.cs|LoadPlugin|402|Successfully loaded plugin Scope Control version 2.0.2.1 by Stefan Berg @isbeorn
2026-05-25T14:31:01.4476|WARNING|When.cs|GetRunningItem|143|Can't get running items: SequencerNavigation not initialized yet!
2026-05-25T14:31:01.7138|INFO|PluginLoader.cs|LoadPlugin|402|Successfully loaded plugin Sequencer Powerups version 3.29.0.9 by Marc Blank
2026-05-25T14:31:04.1519|WARNING|SequencerPlus.cs|GetRunningItem|150|Can't get running items: SequencerNavigation not initialized yet!
2026-05-25T14:31:04.7832|INFO|PluginLoader.cs|LoadPlugin|402|Successfully loaded plugin Sequencer+ version 3.29.0.12 by  Carl Björk (Elveteek Sàrl)
2026-05-25T14:31:05.9595|INFO|PluginLoader.cs|LoadPlugin|402|Successfully loaded plugin Session Metadata version 2.6.3.0 by Tom Palmer @tcpalmer
2026-05-25T14:31:06.1064|INFO|PluginLoader.cs|LoadPlugin|402|Successfully loaded plugin Shutdown PC version 2.2.0.0 by Dale Ghent
2026-05-25T14:31:06.4571|WARNING|When.cs|GetRunningItem|143|Can't get running items: SequencerNavigation not initialized yet!
2026-05-25T14:31:06.5347|INFO|PluginLoader.cs|LoadPlugin|402|Successfully loaded plugin SkyFlats version 1.0.0.4 by Gerald Hitz (@photon)
2026-05-25T14:31:07.2743|INFO|PluginLoader.cs|LoadPlugin|402|Successfully loaded plugin Smart Filters version 1.0.0.3 by Benoit SAINTOT
2026-05-25T14:31:09.1576|WARNING|SequencerPlus.cs|GetRunningItem|150|Can't get running items: SequencerNavigation not initialized yet!
2026-05-25T14:31:09.1591|WARNING|SequencerPlus.cs|GetRunningItem|150|Can't get running items: SequencerNavigation not initialized yet!
2026-05-25T14:31:09.2810|INFO|Plugin.cs|RunStationHeartbeatLoopAsync|985|[Subframes] TS not detected at startup - deferring first heartbeat to allow plugin load to complete.
2026-05-25T14:31:09.2868|INFO|SyncEngine.cs|Start|41|[Subframes] SyncEngine started.
2026-05-25T14:31:09.2888|INFO|CacheReplayEngine.cs|Start|101|[Subframes] CacheReplayEngine started.
2026-05-25T14:31:09.2925|INFO|Plugin.cs|.ctor|184|[Subframes] Plugin loaded (primary instance).
2026-05-25T14:31:09.2967|WARNING|Plugin.cs|OnImportsSatisfied|217|[Subframes] Sequence event subscription deferred - SequenceMediator internals not yet initialized.
2026-05-25T14:31:09.3086|WARNING|Plugin.cs|.ctor|125|[Subframes] Duplicate plugin instance created by MEF - proxying to primary to prevent duplicate sessions/sync.
2026-05-25T14:31:09.3109|INFO|PluginLoader.cs|LoadPlugin|402|Successfully loaded plugin Subframes version 0.4.3.0 by Subframes
2026-05-25T14:31:10.2275|INFO|PluginLoader.cs|LoadPlugin|402|Successfully loaded plugin Target Planning version 3.2.1.0 by Tom Palmer @tcpalmer
2026-05-25T14:31:11.4602|WARNING|When.cs|GetRunningItem|143|Can't get running items: SequencerNavigation not initialized yet!
2026-05-25T14:31:14.1608|WARNING|SequencerPlus.cs|GetRunningItem|150|Can't get running items: SequencerNavigation not initialized yet!
2026-05-25T14:31:14.1625|WARNING|SequencerPlus.cs|GetRunningItem|150|Can't get running items: SequencerNavigation not initialized yet!
2026-05-25T14:31:16.4620|WARNING|When.cs|GetRunningItem|143|Can't get running items: SequencerNavigation not initialized yet!
2026-05-25T14:31:17.2911|INFO|Plugin.cs|TrySendStationHeartbeatDebounced|969|[Subframes] Firing station heartbeat [startup loop first tick].
2026-05-25T14:31:17.2985|INFO|TsProgressReader.cs|ReadProgressSnapshot|40|[Subframes] TS progress snapshot: DB not found at C:\Users\nicka\AppData\Local\NINA\SchedulerPlugin — Target Scheduler not installed or DB path mismatch.
2026-05-25T14:31:17.3130|INFO|PluginLoader.cs|LoadPlugin|402|Successfully loaded plugin Target Scheduler version 5.9.0.0 by Tom Palmer @tcpalmer
2026-05-25T14:31:17.9409|INFO|PluginLoader.cs|LoadPlugin|402|Successfully loaded plugin Three Point Polar Alignment version 2.2.6.1 by Stefan Berg @isbeorn
2026-05-25T14:31:19.1639|WARNING|SequencerPlus.cs|GetRunningItem|150|Can't get running items: SequencerNavigation not initialized yet!
2026-05-25T14:31:19.1656|WARNING|SequencerPlus.cs|GetRunningItem|150|Can't get running items: SequencerNavigation not initialized yet!
2026-05-25T14:31:21.4635|WARNING|When.cs|GetRunningItem|143|Can't get running items: SequencerNavigation not initialized yet!
2026-05-25T14:31:21.8460|INFO|SessionHistoryManager.cs|PurgeHistoryOlderThan|102|purging web session history older than 10 days
2026-05-25T14:31:21.9701|INFO|PluginLoader.cs|LoadPlugin|402|Successfully loaded plugin Web Session History Viewer version 2.2.1.0 by Tom Palmer @tcpalmer
2026-05-25T14:31:22.7590|INFO|PluginFetcher.cs|RequestAll|43|Fetching plugin manifests from https://nighttime-imaging.eu/wp-json/nina/v1/plugins/manifests
2026-05-25T14:31:22.9452|INFO|FilterWheelChooserVM.cs|GetEquipment|167|Found 1 Networked Filter Wheel Filter Wheels
2026-05-25T14:31:23.5230|INFO|RotatorChooserVM.cs|GetEquipment|45|Found 1 Networked Rotator Rotators
2026-05-25T14:31:23.9651|INFO|Sequence2VM.cs|TryLoadSequenceFile|414|Loading sequence file: C:\Users\nicka\Astro\NINA\NINA_Sequences\TargetScheduler.json
2026-05-25T14:31:24.5273|WARNING|SequencerPlus.cs|GetRunningItem|150|Can't get running items: SequencerNavigation not initialized yet!
2026-05-25T14:31:24.5289|WARNING|SequencerPlus.cs|GetRunningItem|150|Can't get running items: SequencerNavigation not initialized yet!
2026-05-25T14:31:24.7738|INFO|PluginFetcher.cs|RequestAll|57|Found 80 valid plugins at https://nighttime-imaging.eu/wp-json/nina/v1/plugins/manifests
2026-05-25T14:31:24.7856|INFO|Plugin.cs|TrySubscribeSequenceEvents|243|[Subframes] ISequenceMediator.SequenceStarted not present in this NINA build - session will open on first captured image instead.
2026-05-25T14:31:24.7858|INFO|Plugin.cs|RetrySubscribeSequenceEventsAsync|279|[Subframes] Deferred sequence event subscription succeeded after 14s.
2026-05-25T14:31:24.8733|INFO|Sequence2VM.cs|TryLoadSequenceFile|420|Starting sequence from command line options
2026-05-25T14:31:24.8770|INFO|Sequence2VM.cs|StartSequence|543|Advanced Sequence starting
2026-05-25T14:31:24.9224|INFO|CameraChooserVM.cs|GetEquipment|279|Found 0 SVBony Cameras
2026-05-25T14:31:25.0396|INFO|CameraChooserVM.cs|GetEquipment|279|Found 0 PlayerOne Cameras
2026-05-25T14:31:25.1106|INFO|CameraChooserVM.cs|GetEquipment|279|Found 0 ASTPAN Cameras
2026-05-25T14:31:25.1127|INFO|CameraChooserVM.cs|GetEquipment|293|Found 4 ASCOM Cameras
2026-05-25T14:31:25.2650|INFO|FilterWheelChooserVM.cs|GetEquipment|193|Found 0 Alpaca Filter Wheels
2026-05-25T14:31:25.2717|INFO|SequenceItem.cs|Run|208|Starting Category: * Instruction Set *, Container: NINA.Sequencer.Container.SequenceRootContainer, Strategy: SequentialStrategy, Items[CREATED]: 3, Triggers: Category: Ground Station, Item: Failures to Telegram
2026-05-25T14:31:25.2721|INFO|SafetyMonitorChooserVM.cs|GetEquipment|71|Found 0 Alpaca Safety Monitors
2026-05-25T14:31:25.2838|INFO|SequenceItem.cs|Run|208|Starting Category: * Instruction Set *, Container: NINA.Sequencer.Container.StartAreaContainer, Strategy: SequentialStrategy, Items[CREATED]: 1
2026-05-25T14:31:25.2846|INFO|SequenceItem.cs|Run|208|Starting Category: * Instruction Set *, Container: NINA.Sequencer.Container.SequentialContainer, Strategy: SequentialStrategy, Items[CREATED]: 11
2026-05-25T14:31:25.2852|INFO|SequenceItem.cs|Run|208|Starting Category: Ground Station, Item: Send to Pushover, Title: Start
2026-05-25T14:31:25.3518|INFO|DomeChooserVM.cs|GetEquipment|67|Found 0 Alpaca Domes
2026-05-25T14:31:25.3538|INFO|SwitchChooserVM.cs|GetEquipment|71|Found 0 Alpaca Switch Hubs
2026-05-25T14:31:25.8863|INFO|DockManagerVM.cs|InitializeAvalonDockLayout|366|Initializing imaging tab layout from C:\Users\nicka\AppData\Local\NINA\Profiles\0173997c-4bfa-48fd-9337-a48b6df99c38.dock.config
2026-05-25T14:31:26.5002|INFO|FlatDeviceChooserVM.cs|GetEquipment|67|Found 0 Alpaca Cover Calibrators
2026-05-25T14:31:26.5824|INFO|WeatherDataChooserVM.cs|GetEquipment|69|Found 0 Alpaca Observing Conditions
2026-05-25T14:31:26.5853|INFO|RotatorChooserVM.cs|GetEquipment|68|Found 0 Alpaca Rotators
2026-05-25T14:31:27.3578|INFO|TelescopeChooserVM.cs|GetEquipment|69|Found 0 Alpaca Telescopes
2026-05-25T14:31:27.3610|INFO|SequenceItem.cs|Run|254|Finishing Category: Ground Station, Item: Send to Pushover, Title: Start
2026-05-25T14:31:27.3819|INFO|SequenceItem.cs|Run|208|Starting Category: Ground Station, Item: Send to Telegram
2026-05-25T14:31:27.4215|INFO|FocuserChooserVM.cs|GetEquipment|84|Found 0 Alpaca Focusers
2026-05-25T14:31:27.4217|INFO|CameraChooserVM.cs|GetEquipment|305|Found 0 Alpaca Cameras
2026-05-25T14:31:27.5555|INFO|CameraChooserVM.cs|GetEquipment|318|Found 0 Canon Cameras
2026-05-25T14:31:28.3805|INFO|SequenceItem.cs|Run|254|Finishing Category: Ground Station, Item: Send to Telegram
2026-05-25T14:31:28.3816|INFO|SequenceItem.cs|Run|208|Starting Category: Utility, Item: WaitForTime, Time: 20:14:16h, Offset: -80
2026-05-25T14:32:16.3911|INFO|TargetSchedulerDetector.cs|DoProbeAsync|177|[Subframes] TargetSchedulerDetector: state no_api → active
2026-05-25T14:32:16.3916|INFO|Plugin.cs|TrySendStationHeartbeatDebounced|969|[Subframes] Firing station heartbeat [TS state → active].
2026-05-25T14:32:16.3925|INFO|TsProgressReader.cs|ReadProgressDelta|75|[Subframes] TS progress delta: DB not found at C:\Users\nicka\AppData\Local\NINA\SchedulerPlugin — Target Scheduler not installed or DB path mismatch.
2026-05-25T14:32:16.3946|INFO|Plugin.cs|OnTsStateChanged|873|[Subframes] One-shot TS preview: waiting 120 s for TS to begin computing schedule.
2026-05-25T14:34:21.4700|WARNING|TsPreviewClient.cs|FetchPreviewAsync|161|[Subframes] TsPreviewClient.FetchPreviewAsync failed for profile '533M-AT60' (0173997c-4bfa-48fd-9337-a48b6df99c38): TaskCanceledException: The request was canceled due to the configured HttpClient.Timeout of 5 seconds elapsing.
2026-05-25T14:34:21.4703|INFO|Plugin.cs|OnTsStateChanged|879|[Subframes] One-shot TS preview initial fetch: 0 target block(s) with exposure plans.
2026-05-25T14:34:21.4703|INFO|Plugin.cs|OnTsStateChanged|885|[Subframes] One-shot TS preview: waiting 60 s for stabilization check (poll 1/5).
2026-05-25T14:34:21.4866|WARNING|TsPreviewClient.cs|FetchPreviewAsync|161|[Subframes] TsPreviewClient.FetchPreviewAsync failed for profile '533M-AT60' (0173997c-4bfa-48fd-9337-a48b6df99c38): TaskCanceledException: The request was canceled due to the configured HttpClient.Timeout of 5 seconds elapsing.
2026-05-25T14:34:21.4874|INFO|Plugin.cs|TrySendStationHeartbeatDebounced|969|[Subframes] Firing station heartbeat [TS profile selected].
2026-05-25T14:34:21.4877|INFO|TsProgressReader.cs|ReadProgressDelta|75|[Subframes] TS progress delta: DB not found at C:\Users\nicka\AppData\Local\NINA\SchedulerPlugin — Target Scheduler not installed or DB path mismatch.
2026-05-25T14:35:22.1868|INFO|TsPreviewClient.cs|LookupCoordinatesByName|179|[Subframes] TsPreviewClient.LookupCoordinatesByName: TS database not found at C:\Users\nicka\AppData\Local\NINA\SchedulerPlugin
2026-05-25T14:35:22.1913|INFO|Plugin.cs|OnTsStateChanged|892|[Subframes] One-shot TS preview poll 1: 6 target block(s) (previous: 0).
2026-05-25T14:35:22.1914|INFO|Plugin.cs|OnTsStateChanged|885|[Subframes] One-shot TS preview: waiting 60 s for stabilization check (poll 2/5).
2026-05-25T14:36:17.3758|INFO|TsProgressReader.cs|ReadProgressDelta|75|[Subframes] TS progress delta: DB not found at C:\Users\nicka\AppData\Local\NINA\SchedulerPlugin — Target Scheduler not installed or DB path mismatch.
2026-05-25T14:36:22.8506|INFO|TsPreviewClient.cs|LookupCoordinatesByName|179|[Subframes] TsPreviewClient.LookupCoordinatesByName: TS database not found at C:\Users\nicka\AppData\Local\NINA\SchedulerPlugin
2026-05-25T14:36:22.8511|INFO|Plugin.cs|OnTsStateChanged|892|[Subframes] One-shot TS preview poll 2: 6 target block(s) (previous: 6).
2026-05-25T14:36:22.8511|INFO|Plugin.cs|OnTsStateChanged|896|[Subframes] One-shot TS preview: schedule stabilized.
2026-05-25T14:36:22.8513|INFO|Plugin.cs|OnTsStateChanged|906|[Subframes] One-shot TS preview fetch complete (pre-session, 7 blocks, 6 targets with plans).
2026-05-25T14:36:22.8514|INFO|Plugin.cs|OnTsStateChanged|912|[Subframes] Cached initial night preview from one-shot: 7 blocks.
2026-05-25T14:36:22.8514|INFO|Plugin.cs|TrySendStationHeartbeatDebounced|969|[Subframes] Firing station heartbeat [one-shot TS preview].
2026-05-25T14:36:22.8516|INFO|TsProgressReader.cs|ReadProgressDelta|75|[Subframes] TS progress delta: DB not found at C:\Users\nicka\AppData\Local\NINA\SchedulerPlugin — Target Scheduler not installed or DB path mismatch.
2026-05-25T14:41:17.3760|INFO|TsProgressReader.cs|ReadProgressDelta|75|[Subframes] TS progress delta: DB not found at C:\Users\nicka\AppData\Local\NINA\SchedulerPlugin — Target Scheduler not installed or DB path mismatch.
2026-05-25T14:46:17.3755|INFO|TsProgressReader.cs|ReadProgressDelta|75|[Subframes] TS progress delta: DB not found at C:\Users\nicka\AppData\Local\NINA\SchedulerPlugin — Target Scheduler not installed or DB path mismatch.
2026-05-25T14:51:17.3750|INFO|TsProgressReader.cs|ReadProgressDelta|75|[Subframes] TS progress delta: DB not found at C:\Users\nicka\AppData\Local\NINA\SchedulerPlugin — Target Scheduler not installed or DB path mismatch.
2026-05-25T14:56:17.3750|INFO|TsProgressReader.cs|ReadProgressDelta|75|[Subframes] TS progress delta: DB not found at C:\Users\nicka\AppData\Local\NINA\SchedulerPlugin — Target Scheduler not installed or DB path mismatch.
2026-05-25T15:01:17.3747|INFO|TsProgressReader.cs|ReadProgressDelta|75|[Subframes] TS progress delta: DB not found at C:\Users\nicka\AppData\Local\NINA\SchedulerPlugin — Target Scheduler not installed or DB path mismatch.
2026-05-25T15:06:17.3755|INFO|TsProgressReader.cs|ReadProgressDelta|75|[Subframes] TS progress delta: DB not found at C:\Users\nicka\AppData\Local\NINA\SchedulerPlugin — Target Scheduler not installed or DB path mismatch.
2026-05-25T15:11:17.3752|INFO|TsProgressReader.cs|ReadProgressDelta|75|[Subframes] TS progress delta: DB not found at C:\Users\nicka\AppData\Local\NINA\SchedulerPlugin — Target Scheduler not installed or DB path mismatch.
2026-05-25T15:16:17.3750|INFO|TsProgressReader.cs|ReadProgressDelta|75|[Subframes] TS progress delta: DB not found at C:\Users\nicka\AppData\Local\NINA\SchedulerPlugin — Target Scheduler not installed or DB path mismatch.
2026-05-25T15:21:17.3757|INFO|TsProgressReader.cs|ReadProgressDelta|75|[Subframes] TS progress delta: DB not found at C:\Users\nicka\AppData\Local\NINA\SchedulerPlugin — Target Scheduler not installed or DB path mismatch.
2026-05-25T15:26:17.3759|INFO|TsProgressReader.cs|ReadProgressDelta|75|[Subframes] TS progress delta: DB not found at C:\Users\nicka\AppData\Local\NINA\SchedulerPlugin — Target Scheduler not installed or DB path mismatch.
2026-05-25T15:31:17.3750|INFO|TsProgressReader.cs|ReadProgressDelta|75|[Subframes] TS progress delta: DB not found at C:\Users\nicka\AppData\Local\NINA\SchedulerPlugin — Target Scheduler not installed or DB path mismatch.
2026-05-25T15:36:17.3750|INFO|TsProgressReader.cs|ReadProgressDelta|75|[Subframes] TS progress delta: DB not found at C:\Users\nicka\AppData\Local\NINA\SchedulerPlugin — Target Scheduler not installed or DB path mismatch.
2026-05-25T15:41:17.3759|INFO|TsProgressReader.cs|ReadProgressDelta|75|[Subframes] TS progress delta: DB not found at C:\Users\nicka\AppData\Local\NINA\SchedulerPlugin — Target Scheduler not installed or DB path mismatch.
2026-05-25T15:46:17.3749|INFO|TsProgressReader.cs|ReadProgressDelta|75|[Subframes] TS progress delta: DB not found at C:\Users\nicka\AppData\Local\NINA\SchedulerPlugin — Target Scheduler not installed or DB path mismatch.
2026-05-25T15:51:17.3753|INFO|TsProgressReader.cs|ReadProgressDelta|75|[Subframes] TS progress delta: DB not found at C:\Users\nicka\AppData\Local\NINA\SchedulerPlugin — Target Scheduler not installed or DB path mismatch.
2026-05-25T15:56:17.3757|INFO|TsProgressReader.cs|ReadProgressDelta|75|[Subframes] TS progress delta: DB not found at C:\Users\nicka\AppData\Local\NINA\SchedulerPlugin — Target Scheduler not installed or DB path mismatch.
2026-05-25T16:01:17.3757|INFO|TsProgressReader.cs|ReadProgressDelta|75|[Subframes] TS progress delta: DB not found at C:\Users\nicka\AppData\Local\NINA\SchedulerPlugin — Target Scheduler not installed or DB path mismatch.
2026-05-25T16:06:17.3755|INFO|TsProgressReader.cs|ReadProgressDelta|75|[Subframes] TS progress delta: DB not found at C:\Users\nicka\AppData\Local\NINA\SchedulerPlugin — Target Scheduler not installed or DB path mismatch.
2026-05-25T16:11:17.3754|INFO|TsProgressReader.cs|ReadProgressDelta|75|[Subframes] TS progress delta: DB not found at C:\Users\nicka\AppData\Local\NINA\SchedulerPlugin — Target Scheduler not installed or DB path mismatch.
2026-05-25T16:16:17.3755|INFO|TsProgressReader.cs|ReadProgressDelta|75|[Subframes] TS progress delta: DB not found at C:\Users\nicka\AppData\Local\NINA\SchedulerPlugin — Target Scheduler not installed or DB path mismatch.
2026-05-25T16:21:17.3758|INFO|TsProgressReader.cs|ReadProgressDelta|75|[Subframes] TS progress delta: DB not found at C:\Users\nicka\AppData\Local\NINA\SchedulerPlugin — Target Scheduler not installed or DB path mismatch.
2026-05-25T16:26:17.3758|INFO|TsProgressReader.cs|ReadProgressDelta|75|[Subframes] TS progress delta: DB not found at C:\Users\nicka\AppData\Local\NINA\SchedulerPlugin — Target Scheduler not installed or DB path mismatch.
2026-05-25T16:31:17.3754|INFO|TsProgressReader.cs|ReadProgressDelta|75|[Subframes] TS progress delta: DB not found at C:\Users\nicka\AppData\Local\NINA\SchedulerPlugin — Target Scheduler not installed or DB path mismatch.
2026-05-25T16:36:17.3760|INFO|TsProgressReader.cs|ReadProgressDelta|75|[Subframes] TS progress delta: DB not found at C:\Users\nicka\AppData\Local\NINA\SchedulerPlugin — Target Scheduler not installed or DB path mismatch.
2026-05-25T16:41:17.3754|INFO|TsProgressReader.cs|ReadProgressDelta|75|[Subframes] TS progress delta: DB not found at C:\Users\nicka\AppData\Local\NINA\SchedulerPlugin — Target Scheduler not installed or DB path mismatch.
2026-05-25T16:46:17.3762|INFO|TsProgressReader.cs|ReadProgressDelta|75|[Subframes] TS progress delta: DB not found at C:\Users\nicka\AppData\Local\NINA\SchedulerPlugin — Target Scheduler not installed or DB path mismatch.
2026-05-25T16:51:17.3756|INFO|TsProgressReader.cs|ReadProgressDelta|75|[Subframes] TS progress delta: DB not found at C:\Users\nicka\AppData\Local\NINA\SchedulerPlugin — Target Scheduler not installed or DB path mismatch.
2026-05-25T16:56:17.3760|INFO|TsProgressReader.cs|ReadProgressDelta|75|[Subframes] TS progress delta: DB not found at C:\Users\nicka\AppData\Local\NINA\SchedulerPlugin — Target Scheduler not installed or DB path mismatch.
2026-05-25T17:01:17.3752|INFO|TsProgressReader.cs|ReadProgressDelta|75|[Subframes] TS progress delta: DB not found at C:\Users\nicka\AppData\Local\NINA\SchedulerPlugin — Target Scheduler not installed or DB path mismatch.
2026-05-25T17:06:17.3754|INFO|TsProgressReader.cs|ReadProgressDelta|75|[Subframes] TS progress delta: DB not found at C:\Users\nicka\AppData\Local\NINA\SchedulerPlugin — Target Scheduler not installed or DB path mismatch.
2026-05-25T17:11:17.3752|INFO|TsProgressReader.cs|ReadProgressDelta|75|[Subframes] TS progress delta: DB not found at C:\Users\nicka\AppData\Local\NINA\SchedulerPlugin — Target Scheduler not installed or DB path mismatch.
2026-05-25T17:16:17.3756|INFO|TsProgressReader.cs|ReadProgressDelta|75|[Subframes] TS progress delta: DB not found at C:\Users\nicka\AppData\Local\NINA\SchedulerPlugin — Target Scheduler not installed or DB path mismatch.
2026-05-25T17:21:17.3751|INFO|TsProgressReader.cs|ReadProgressDelta|75|[Subframes] TS progress delta: DB not found at C:\Users\nicka\AppData\Local\NINA\SchedulerPlugin — Target Scheduler not installed or DB path mismatch.
2026-05-25T17:26:17.3750|INFO|TsProgressReader.cs|ReadProgressDelta|75|[Subframes] TS progress delta: DB not found at C:\Users\nicka\AppData\Local\NINA\SchedulerPlugin — Target Scheduler not installed or DB path mismatch.
2026-05-25T17:31:17.3750|INFO|TsProgressReader.cs|ReadProgressDelta|75|[Subframes] TS progress delta: DB not found at C:\Users\nicka\AppData\Local\NINA\SchedulerPlugin — Target Scheduler not installed or DB path mismatch.
2026-05-25T17:36:17.3759|INFO|TsProgressReader.cs|ReadProgressDelta|75|[Subframes] TS progress delta: DB not found at C:\Users\nicka\AppData\Local\NINA\SchedulerPlugin — Target Scheduler not installed or DB path mismatch.
2026-05-25T17:41:17.3755|INFO|TsProgressReader.cs|ReadProgressDelta|75|[Subframes] TS progress delta: DB not found at C:\Users\nicka\AppData\Local\NINA\SchedulerPlugin — Target Scheduler not installed or DB path mismatch.
2026-05-25T17:46:17.3752|INFO|TsProgressReader.cs|ReadProgressDelta|75|[Subframes] TS progress delta: DB not found at C:\Users\nicka\AppData\Local\NINA\SchedulerPlugin — Target Scheduler not installed or DB path mismatch.
2026-05-25T17:51:17.3756|INFO|TsProgressReader.cs|ReadProgressDelta|75|[Subframes] TS progress delta: DB not found at C:\Users\nicka\AppData\Local\NINA\SchedulerPlugin — Target Scheduler not installed or DB path mismatch.
2026-05-25T17:56:17.3753|INFO|TsProgressReader.cs|ReadProgressDelta|75|[Subframes] TS progress delta: DB not found at C:\Users\nicka\AppData\Local\NINA\SchedulerPlugin — Target Scheduler not installed or DB path mismatch.
2026-05-25T18:01:17.3754|INFO|TsProgressReader.cs|ReadProgressDelta|75|[Subframes] TS progress delta: DB not found at C:\Users\nicka\AppData\Local\NINA\SchedulerPlugin — Target Scheduler not installed or DB path mismatch.
2026-05-25T18:06:17.3752|INFO|TsProgressReader.cs|ReadProgressDelta|75|[Subframes] TS progress delta: DB not found at C:\Users\nicka\AppData\Local\NINA\SchedulerPlugin — Target Scheduler not installed or DB path mismatch.
2026-05-25T18:11:17.3758|INFO|TsProgressReader.cs|ReadProgressDelta|75|[Subframes] TS progress delta: DB not found at C:\Users\nicka\AppData\Local\NINA\SchedulerPlugin — Target Scheduler not installed or DB path mismatch.
2026-05-25T18:16:17.3759|INFO|TsProgressReader.cs|ReadProgressDelta|75|[Subframes] TS progress delta: DB not found at C:\Users\nicka\AppData\Local\NINA\SchedulerPlugin — Target Scheduler not installed or DB path mismatch.
2026-05-25T18:21:17.3754|INFO|TsProgressReader.cs|ReadProgressDelta|75|[Subframes] TS progress delta: DB not found at C:\Users\nicka\AppData\Local\NINA\SchedulerPlugin — Target Scheduler not installed or DB path mismatch.
2026-05-25T18:26:17.3756|INFO|TsProgressReader.cs|ReadProgressDelta|75|[Subframes] TS progress delta: DB not found at C:\Users\nicka\AppData\Local\NINA\SchedulerPlugin — Target Scheduler not installed or DB path mismatch.
2026-05-25T18:31:17.3751|INFO|TsProgressReader.cs|ReadProgressDelta|75|[Subframes] TS progress delta: DB not found at C:\Users\nicka\AppData\Local\NINA\SchedulerPlugin — Target Scheduler not installed or DB path mismatch.
2026-05-25T18:36:17.3747|INFO|TsProgressReader.cs|ReadProgressDelta|75|[Subframes] TS progress delta: DB not found at C:\Users\nicka\AppData\Local\NINA\SchedulerPlugin — Target Scheduler not installed or DB path mismatch.
2026-05-25T18:41:17.3758|INFO|TsProgressReader.cs|ReadProgressDelta|75|[Subframes] TS progress delta: DB not found at C:\Users\nicka\AppData\Local\NINA\SchedulerPlugin — Target Scheduler not installed or DB path mismatch.
2026-05-25T18:46:17.3750|INFO|TsProgressReader.cs|ReadProgressDelta|75|[Subframes] TS progress delta: DB not found at C:\Users\nicka\AppData\Local\NINA\SchedulerPlugin — Target Scheduler not installed or DB path mismatch.
2026-05-25T18:51:17.3751|INFO|TsProgressReader.cs|ReadProgressDelta|75|[Subframes] TS progress delta: DB not found at C:\Users\nicka\AppData\Local\NINA\SchedulerPlugin — Target Scheduler not installed or DB path mismatch.
2026-05-25T18:56:17.3753|INFO|TsProgressReader.cs|ReadProgressDelta|75|[Subframes] TS progress delta: DB not found at C:\Users\nicka\AppData\Local\NINA\SchedulerPlugin — Target Scheduler not installed or DB path mismatch.
2026-05-25T19:01:17.3755|INFO|TsProgressReader.cs|ReadProgressDelta|75|[Subframes] TS progress delta: DB not found at C:\Users\nicka\AppData\Local\NINA\SchedulerPlugin — Target Scheduler not installed or DB path mismatch.
2026-05-25T19:06:17.3761|INFO|TsProgressReader.cs|ReadProgressDelta|75|[Subframes] TS progress delta: DB not found at C:\Users\nicka\AppData\Local\NINA\SchedulerPlugin — Target Scheduler not installed or DB path mismatch.
2026-05-25T19:11:17.3752|INFO|TsProgressReader.cs|ReadProgressDelta|75|[Subframes] TS progress delta: DB not found at C:\Users\nicka\AppData\Local\NINA\SchedulerPlugin — Target Scheduler not installed or DB path mismatch.
2026-05-25T19:16:17.3762|INFO|TsProgressReader.cs|ReadProgressDelta|75|[Subframes] TS progress delta: DB not found at C:\Users\nicka\AppData\Local\NINA\SchedulerPlugin — Target Scheduler not installed or DB path mismatch.
2026-05-25T19:21:17.3760|INFO|TsProgressReader.cs|ReadProgressDelta|75|[Subframes] TS progress delta: DB not found at C:\Users\nicka\AppData\Local\NINA\SchedulerPlugin — Target Scheduler not installed or DB path mismatch.
2026-05-25T19:26:17.3751|INFO|TsProgressReader.cs|ReadProgressDelta|75|[Subframes] TS progress delta: DB not found at C:\Users\nicka\AppData\Local\NINA\SchedulerPlugin — Target Scheduler not installed or DB path mismatch.
2026-05-25T19:31:17.3758|INFO|TsProgressReader.cs|ReadProgressDelta|75|[Subframes] TS progress delta: DB not found at C:\Users\nicka\AppData\Local\NINA\SchedulerPlugin — Target Scheduler not installed or DB path mismatch.
2026-05-25T19:36:17.3758|INFO|TsProgressReader.cs|ReadProgressDelta|75|[Subframes] TS progress delta: DB not found at C:\Users\nicka\AppData\Local\NINA\SchedulerPlugin — Target Scheduler not installed or DB path mismatch.
2026-05-25T19:41:17.3754|INFO|TsProgressReader.cs|ReadProgressDelta|75|[Subframes] TS progress delta: DB not found at C:\Users\nicka\AppData\Local\NINA\SchedulerPlugin — Target Scheduler not installed or DB path mismatch.
2026-05-25T19:46:17.3752|INFO|TsProgressReader.cs|ReadProgressDelta|75|[Subframes] TS progress delta: DB not found at C:\Users\nicka\AppData\Local\NINA\SchedulerPlugin — Target Scheduler not installed or DB path mismatch.
2026-05-25T19:51:17.3746|INFO|TsProgressReader.cs|ReadProgressDelta|75|[Subframes] TS progress delta: DB not found at C:\Users\nicka\AppData\Local\NINA\SchedulerPlugin — Target Scheduler not installed or DB path mismatch.
2026-05-25T19:56:17.3753|INFO|TsProgressReader.cs|ReadProgressDelta|75|[Subframes] TS progress delta: DB not found at C:\Users\nicka\AppData\Local\NINA\SchedulerPlugin — Target Scheduler not installed or DB path mismatch.
2026-05-25T20:01:17.3753|INFO|TsProgressReader.cs|ReadProgressDelta|75|[Subframes] TS progress delta: DB not found at C:\Users\nicka\AppData\Local\NINA\SchedulerPlugin — Target Scheduler not installed or DB path mismatch.
2026-05-25T20:06:17.3756|INFO|TsProgressReader.cs|ReadProgressDelta|75|[Subframes] TS progress delta: DB not found at C:\Users\nicka\AppData\Local\NINA\SchedulerPlugin — Target Scheduler not installed or DB path mismatch.
2026-05-25T20:11:17.3755|INFO|TsProgressReader.cs|ReadProgressDelta|75|[Subframes] TS progress delta: DB not found at C:\Users\nicka\AppData\Local\NINA\SchedulerPlugin — Target Scheduler not installed or DB path mismatch.
2026-05-25T20:14:35.0346|INFO|SequenceItem.cs|Run|254|Finishing Category: Utility, Item: WaitForTime, Time: 20:14:16h, Offset: -80
2026-05-25T20:14:35.0352|INFO|SequenceItem.cs|Run|208|Starting Category: Ground Station, Item: Send to Telegram
2026-05-25T20:14:35.7066|INFO|SequenceItem.cs|Run|254|Finishing Category: Ground Station, Item: Send to Telegram
2026-05-25T20:14:35.7078|INFO|SequenceItem.cs|Run|208|Starting Category: Ground Station, Item: Send to Pushover, Title: Configure Equipment
2026-05-25T20:14:35.8881|INFO|SequenceItem.cs|Run|254|Finishing Category: Ground Station, Item: Send to Pushover, Title: Configure Equipment
2026-05-25T20:14:35.8891|INFO|SequenceItem.cs|Run|208|Starting Category: Connect, Item: ConnectAllEquipment
2026-05-25T20:14:35.9063|INFO|CameraChooserVM.cs|GetEquipment|69|Found 2 ASI Cameras
2026-05-25T20:14:35.9776|INFO|CameraChooserVM.cs|GetEquipment|84|Found 0 Altair Cameras
2026-05-25T20:14:35.9778|INFO|CameraChooserVM.cs|GetEquipment|96|Found 0 Atik Cameras
2026-05-25T20:14:35.9784|INFO|CameraChooserVM.cs|GetEquipment|110|Found 0 FLI Cameras
2026-05-25T20:14:35.9787|INFO|CameraChooserVM.cs|GetEquipment|130|Found 0 QHYCCD Cameras
2026-05-25T20:14:36.1295|INFO|CameraChooserVM.cs|GetEquipment|158|Found 0 ToupTek Cameras
2026-05-25T20:14:36.1343|INFO|CameraChooserVM.cs|GetEquipment|173|Found 0 Ogma Cameras
2026-05-25T20:14:36.1483|INFO|CameraChooserVM.cs|GetEquipment|188|Found 0 Omegon Cameras
2026-05-25T20:14:36.3007|INFO|CameraChooserVM.cs|GetEquipment|203|Found 0 RisingCam Cameras
2026-05-25T20:14:36.3144|INFO|CameraChooserVM.cs|GetEquipment|218|Found 0 MallinCam Cameras
2026-05-25T20:14:36.3159|INFO|CameraChooserVM.cs|GetEquipment|243|Found 0 SVBony Cameras
2026-05-25T20:14:36.3181|INFO|CameraChooserVM.cs|GetEquipment|259|Found 0 SBIG Cameras
2026-05-25T20:14:36.3187|INFO|CameraChooserVM.cs|GetEquipment|279|Found 0 SVBony Cameras
2026-05-25T20:14:36.3191|INFO|CameraChooserVM.cs|GetEquipment|279|Found 0 PlayerOne Cameras
2026-05-25T20:14:36.3267|INFO|CameraChooserVM.cs|GetEquipment|279|Found 0 ASTPAN Cameras
2026-05-25T20:14:36.3275|INFO|CameraChooserVM.cs|GetEquipment|293|Found 4 ASCOM Cameras
2026-05-25T20:14:38.3288|INFO|CameraChooserVM.cs|GetEquipment|305|Found 0 Alpaca Cameras
2026-05-25T20:14:38.3346|INFO|CameraChooserVM.cs|GetEquipment|318|Found 0 Canon Cameras
2026-05-25T20:14:38.4387|INFO|CameraVM.cs|Disconnect|650|Disconnected Camera
2026-05-25T20:14:39.0159|WARNING|ASICamera.cs|SetControlValue|568|Failed to set ASI Control Value ASI_WB_B with value 50
2026-05-25T20:14:39.0160|WARNING|ASICamera.cs|SetControlValue|568|Failed to set ASI Control Value ASI_WB_R with value 50
2026-05-25T20:14:39.0161|WARNING|ASICamera.cs|SetControlValue|568|Failed to set ASI Control Value ASI_GAMMA with value 50
2026-05-25T20:14:39.0162|WARNING|ASICamera.cs|SetControlValue|568|Failed to set ASI Control Value ASI_HIGH_SPEED_MODE with value 0
2026-05-25T20:14:39.0163|WARNING|ASICamera.cs|SetControlValue|568|Failed to set ASI Control Value ASI_OVERCLOCK with value 0
2026-05-25T20:14:39.0164|WARNING|ASICamera.cs|SetControlValue|568|Failed to set ASI Control Value ASI_PATTERN_ADJUST with value 0
2026-05-25T20:14:39.0177|WARNING|ASICamera.cs|SetControlValue|568|Failed to set ASI Control Value ASI_MONO_BIN with value 0
2026-05-25T20:14:39.0189|INFO|ASICamera.cs|Initialize|664|Camera ID: ASI533MM
2026-05-25T20:14:39.0312|WARNING|ASICamera.cs|SetControlValue|568|Failed to set ASI Control Value ASI_ANTI_DEW_HEATER with value 0
2026-05-25T20:14:39.0629|INFO|CameraVM.cs|ChooseCamera|455|Successfully connected Camera. Id: ZWOptical_ZWO ASI533MM Pro_ASI533MM Name: ZWO ASI533MM Pro DisplayName: ZWO ASI533MM Pro (ASI533MM)Driver Version: 1, 39, 0, 0
2026-05-25T20:14:39.6108|INFO|FilterWheelChooserVM.cs|GetEquipment|167|Found 1 Networked Filter Wheel Filter Wheels
2026-05-25T20:14:41.6121|INFO|FilterWheelChooserVM.cs|GetEquipment|193|Found 0 Alpaca Filter Wheels
2026-05-25T20:14:41.6329|INFO|FilterWheelVM.cs|Disconnect|333|Disconnected Filter Wheel
2026-05-25T20:14:45.3357|INFO|FilterWheelVM.cs|ChooseFW|279|Successfully connected Filter Wheel. Id: ASCOM.EFW2.FilterWheel Name: ZWO FilterWheel DisplayName: ZWO FilterWheel (ASCOM) Driver Version: 6.0
2026-05-25T20:14:49.1862|INFO|FocuserChooserVM.cs|GetEquipment|84|Found 0 Alpaca Focusers
2026-05-25T20:14:49.2079|INFO|FocuserVM.cs|Disconnect|441|Disconnected Focuser
2026-05-25T20:14:50.9669|ERROR|AscomDevice.cs|GetProperty|546|An unexpected exception occurred during GET of Focuser.StepSize: 
ASCOM.DriverException: The method or operation is not implemented.
 ---> System.NotImplementedException: The method or operation is not implemented.
   --- End of inner exception stack trace ---
   at ASCOM.Com.DriverAccess.DynamicAccess.CheckDotNetExceptions(String memberName, Exception e) in J:\ASCOMLibrary\ASCOM.Com\ASCOM.Com.DriverAccess\BaseClass\DynamicAccess.cs:line 278
   at ASCOM.Com.DriverAccess.DynamicAccess.TryGetMember(GetMemberBinder binder, Object& result) in J:\ASCOMLibrary\ASCOM.Com\ASCOM.Com.DriverAccess\BaseClass\DynamicAccess.cs:line 150
   at CallSite.Target(Closure, CallSite, Object)
   at System.Dynamic.UpdateDelegates.UpdateAndExecute1[T0,TRet](CallSite site, T0 arg0)
   at ASCOM.Com.DriverAccess.Focuser.get_StepSize() in J:\ASCOMLibrary\ASCOM.Com\ASCOM.Com.DriverAccess\Focuser.cs:line 159
   at System.RuntimeMethodHandle.InvokeMethod(Object target, Void** arguments, Signature sig, Boolean isConstructor)
   at System.Reflection.MethodBaseInvoker.InvokeWithNoArgs(Object obj, BindingFlags invokeAttr)
2026-05-25T20:14:51.1767|INFO|AscomDevice.cs|GetProperty|485|Retrying to GET Focuser.StepSize - Attempt 2 / 3
2026-05-25T20:14:51.1797|ERROR|AscomDevice.cs|GetProperty|546|An unexpected exception occurred during GET of Focuser.StepSize: 
ASCOM.DriverException: The method or operation is not implemented.
 ---> System.NotImplementedException: The method or operation is not implemented.
   --- End of inner exception stack trace ---
   at ASCOM.Com.DriverAccess.DynamicAccess.CheckDotNetExceptions(String memberName, Exception e) in J:\ASCOMLibrary\ASCOM.Com\ASCOM.Com.DriverAccess\BaseClass\DynamicAccess.cs:line 278
   at ASCOM.Com.DriverAccess.DynamicAccess.TryGetMember(GetMemberBinder binder, Object& result) in J:\ASCOMLibrary\ASCOM.Com\ASCOM.Com.DriverAccess\BaseClass\DynamicAccess.cs:line 150
   at CallSite.Target(Closure, CallSite, Object)
   at ASCOM.Com.DriverAccess.Focuser.get_StepSize() in J:\ASCOMLibrary\ASCOM.Com\ASCOM.Com.DriverAccess\Focuser.cs:line 159
   at InvokeStub_Focuser.get_StepSize(Object, Object, IntPtr*)
   at System.Reflection.MethodBaseInvoker.InvokeWithNoArgs(Object obj, BindingFlags invokeAttr)
2026-05-25T20:14:51.3808|INFO|AscomDevice.cs|GetProperty|485|Retrying to GET Focuser.StepSize - Attempt 3 / 3
2026-05-25T20:14:51.3833|ERROR|AscomDevice.cs|GetProperty|546|An unexpected exception occurred during GET of Focuser.StepSize: 
ASCOM.DriverException: The method or operation is not implemented.
 ---> System.NotImplementedException: The method or operation is not implemented.
   --- End of inner exception stack trace ---
   at ASCOM.Com.DriverAccess.DynamicAccess.CheckDotNetExceptions(String memberName, Exception e) in J:\ASCOMLibrary\ASCOM.Com\ASCOM.Com.DriverAccess\BaseClass\DynamicAccess.cs:line 278
   at ASCOM.Com.DriverAccess.DynamicAccess.TryGetMember(GetMemberBinder binder, Object& result) in J:\ASCOMLibrary\ASCOM.Com\ASCOM.Com.DriverAccess\BaseClass\DynamicAccess.cs:line 150
   at CallSite.Target(Closure, CallSite, Object)
   at ASCOM.Com.DriverAccess.Focuser.get_StepSize() in J:\ASCOMLibrary\ASCOM.Com\ASCOM.Com.DriverAccess\Focuser.cs:line 159
   at InvokeStub_Focuser.get_StepSize(Object, Object, IntPtr*)
   at System.Reflection.MethodBaseInvoker.InvokeWithNoArgs(Object obj, BindingFlags invokeAttr)
2026-05-25T20:14:51.3843|INFO|AscomDevice.cs|GetProperty|556|GET Focuser.StepSize failed - Returning last known value 0
2026-05-25T20:14:51.6274|INFO|FocuserVM.cs|ChooseFocuser|333|Successfully connected Focuser. Id: ASCOM.EAF.Focuser Name: ZWO Focuser DisplayName: ZWO Focuser (ASCOM) Driver Version: 6.0
2026-05-25T20:14:53.6305|INFO|TelescopeChooserVM.cs|GetEquipment|69|Found 0 Alpaca Telescopes
2026-05-25T20:14:53.6866|INFO|TelescopeVM.cs|Disconnect|740|Disconnected mount
2026-05-25T20:14:54.7238|INFO|AscomTelescope.cs|CheckMountTime|845|Mount UTC Time: 2026-05-26 01:14:44Z / System UTC Time: 2026-05-26 01:14:54Z; Difference: 9.997 seconds
2026-05-25T20:14:56.7996|ERROR|AscomTelescope.cs|CheckMountTime|869|Unexpected exception when trying to set UTCDate:
ASCOM.InvalidOperationException: UTCDate failed.
 ---> System.Runtime.InteropServices.COMException (0x8004040B): UTCDate failed.
   --- End of inner exception stack trace ---
   at ASCOM.Com.DriverAccess.DynamicAccess.CheckDotNetExceptions(String memberName, Exception e) in J:\ASCOMLibrary\ASCOM.Com\ASCOM.Com.DriverAccess\BaseClass\DynamicAccess.cs:line 205
   at ASCOM.Com.DriverAccess.DynamicAccess.TrySetMember(SetMemberBinder binder, Object value) in J:\ASCOMLibrary\ASCOM.Com\ASCOM.Com.DriverAccess\BaseClass\DynamicAccess.cs:line 105
   at CallSite.Target(Closure, CallSite, Object, DateTime)
   at System.Dynamic.UpdateDelegates.UpdateAndExecute2[T0,T1,TRet](CallSite site, T0 arg0, T1 arg1)
   at ASCOM.Com.DriverAccess.Telescope.set_UTCDate(DateTime value) in J:\ASCOMLibrary\ASCOM.Com\ASCOM.Com.DriverAccess\Telescope.cs:line 479
   at NINA.Equipment.Equipment.MyTelescope.AscomTelescope.CheckMountTime() in /_/NINA.Equipment/Equipment/MyTelescope/AscomTelescope.cs:line 851
2026-05-25T20:14:57.0941|INFO|TelescopeVM.cs|ChooseTelescope|535|Successfully connected mount. Id: ASCOM.iOptron2017.Telescope Name: iOptron CEM120,70,40,26, GEM, HEM, HAE, HAZ series and SkyHunter Mount DisplayName: iOptron CEM120,70,40,26, GEM, HEM, HAE, HAZ series and SkyHunter Mount (ASCOM) Driver Version: 9.15
2026-05-25T20:14:57.1065|INFO|PHD2Guider.cs|Connect|205|Connecting to PHD2 server at 127.0.0.1:4400
2026-05-25T20:14:59.4511|INFO|PHD2Client.cs|ConnectAsync|118|PHD2Client: Connected successfully!
2026-05-25T20:14:59.4514|INFO|DitherStatisticsVM.cs|OnPHD2ConnectionStatusChanged|734|PHD2 Connection Status: Connected
2026-05-25T20:14:59.4515|INFO|DitherStatisticsVM.cs|ConnectToPHD2|713|Successfully connected to PHD2!
2026-05-25T20:14:59.4553|INFO|PHD2Client.cs|ReadEventsAsync|181|PHD2Client: Started reading events
2026-05-25T20:14:59.5197|INFO|PHD2Client.cs|HandleVersion|366|PHD2Client: Connected to PHD2 version 2.6.14. (Message Protocol v1)
2026-05-25T20:14:59.5207|INFO|PHD2Client.cs|HandleAppState|376|PHD2Client: PHD2 AppState: Stopped
2026-05-25T20:15:00.2227|INFO|PHD2Client.cs|ProcessEvent|268|PHD2: ConfigurationChange
2026-05-25T20:15:01.3656|INFO|PHD2Client.cs|QueryExposureTime|1216|PHD2Client: Exposure time from PHD2 API: 2.000 seconds (2000 ms)
2026-05-25T20:15:01.4914|INFO|PHD2Client.cs|ProcessEvent|268|PHD2: ConfigurationChange
2026-05-25T20:15:02.0660|INFO|PHD2Client.cs|QueryExposureTime|1216|PHD2Client: Exposure time from PHD2 API: 2.000 seconds (2000 ms)
2026-05-25T20:15:04.0962|INFO|WeatherDataChooserVM.cs|GetEquipment|69|Found 0 Alpaca Observing Conditions
2026-05-25T20:15:04.1343|INFO|WeatherDataVM.cs|Disconnect|305|Disconnected Weather Device
2026-05-25T20:15:06.5272|INFO|AscomDevice.cs|GetProperty|527|Property ObservingConditions.SkyQuality GET is not implemented in this driver (SkyAlert Observing Conditions)
2026-05-25T20:15:06.5347|INFO|AscomDevice.cs|GetProperty|527|Property ObservingConditions.StarFWHM GET is not implemented in this driver (SkyAlert Observing Conditions)
2026-05-25T20:15:06.5482|INFO|WeatherDataVM.cs|ChooseWeatherData|150|Successfully connected Weather Device. Id: ASCOM.SkyAlert.ObservingConditions Name: SkyAlert Observing Conditions DisplayName: SkyAlert Observing Conditions (ASCOM) Driver Version: 1.7
2026-05-25T20:15:08.5510|INFO|SafetyMonitorChooserVM.cs|GetEquipment|71|Found 0 Alpaca Safety Monitors
2026-05-25T20:15:08.5787|INFO|SafetyMonitorVM.cs|Disconnect|221|Disconnected Safety Monitor
2026-05-25T20:15:09.2861|INFO|SafetyMonitorVM.cs|Connect|175|Successfully connected Safety Monitor. Id: ASCOM.GenericFile.SafetyMonitor Name: Generic File driver DisplayName: Generic File driver (ASCOM) Driver Version: 6.4
2026-05-25T20:15:09.2864|INFO|SequenceItem.cs|Run|254|Finishing Category: Connect, Item: ConnectAllEquipment
2026-05-25T20:15:09.2871|INFO|SequenceItem.cs|Run|208|Starting Category: Telescope, Item: FindHome
2026-05-25T20:15:09.2933|INFO|PHD2Guider.cs|StopGuiding|704|Phd2 - Stop Guiding skipped, as the app is already in state Stopped
2026-05-25T20:15:09.2954|INFO|TelescopeVM.cs|FindHome|292|Mount ordered to locate home position
2026-05-25T20:15:09.2981|INFO|TelescopeVM.cs|FindHome|336|Mount ordered to home but it is already at home
2026-05-25T20:15:09.2987|INFO|TelescopeVM.cs|FindHome|348|Mount has located its home position
2026-05-25T20:15:09.2995|INFO|SequenceItem.cs|Run|254|Finishing Category: Telescope, Item: FindHome
2026-05-25T20:15:09.2997|INFO|SequenceItem.cs|Run|208|Starting Category: Ground Station, Item: Send to Telegram
2026-05-25T20:15:09.9140|INFO|SequenceItem.cs|Run|254|Finishing Category: Ground Station, Item: Send to Telegram
2026-05-25T20:15:09.9145|INFO|SequenceItem.cs|Run|208|Starting Category: Ground Station, Item: Send to Pushover, Title: Cool
2026-05-25T20:15:10.0765|INFO|SequenceItem.cs|Run|254|Finishing Category: Ground Station, Item: Send to Pushover, Title: Cool
2026-05-25T20:15:10.0779|INFO|SequenceItem.cs|Run|208|Starting Category: Camera, Item: CoolCamera, Temperature: -5, Duration: 15
2026-05-25T20:15:10.0850|INFO|CameraVM.cs|CoolCamera|138|Cooling Camera. Target: -5 Duration: 00:15:00
2026-05-25T20:15:11.2808|INFO|SafetyMonitorVM.cs|UpdateMonitorValues|95|SafetyMonitorInfo state changed to Unsafe
2026-05-25T20:16:17.3753|INFO|TsProgressReader.cs|ReadProgressDelta|75|[Subframes] TS progress delta: DB not found at C:\Users\nicka\AppData\Local\NINA\SchedulerPlugin — Target Scheduler not installed or DB path mismatch.
2026-05-25T20:21:17.3747|INFO|TsProgressReader.cs|ReadProgressDelta|75|[Subframes] TS progress delta: DB not found at C:\Users\nicka\AppData\Local\NINA\SchedulerPlugin — Target Scheduler not installed or DB path mismatch.
2026-05-25T20:26:17.3755|INFO|TsProgressReader.cs|ReadProgressDelta|75|[Subframes] TS progress delta: DB not found at C:\Users\nicka\AppData\Local\NINA\SchedulerPlugin — Target Scheduler not installed or DB path mismatch.
2026-05-25T20:30:22.9680|INFO|SequenceItem.cs|Run|254|Finishing Category: Camera, Item: CoolCamera, Temperature: -5, Duration: 15
2026-05-25T20:30:22.9685|INFO|SequenceItem.cs|Run|208|Starting Category: Utility, Item: WaitForTime, Time: 21:19:16h, Offset: -15
2026-05-25T20:31:17.3757|INFO|TsProgressReader.cs|ReadProgressDelta|75|[Subframes] TS progress delta: DB not found at C:\Users\nicka\AppData\Local\NINA\SchedulerPlugin — Target Scheduler not installed or DB path mismatch.
2026-05-25T20:36:17.3756|INFO|TsProgressReader.cs|ReadProgressDelta|75|[Subframes] TS progress delta: DB not found at C:\Users\nicka\AppData\Local\NINA\SchedulerPlugin — Target Scheduler not installed or DB path mismatch.
2026-05-25T20:41:17.3754|INFO|TsProgressReader.cs|ReadProgressDelta|75|[Subframes] TS progress delta: DB not found at C:\Users\nicka\AppData\Local\NINA\SchedulerPlugin — Target Scheduler not installed or DB path mismatch.
2026-05-25T20:46:17.3755|INFO|TsProgressReader.cs|ReadProgressDelta|75|[Subframes] TS progress delta: DB not found at C:\Users\nicka\AppData\Local\NINA\SchedulerPlugin — Target Scheduler not installed or DB path mismatch.
2026-05-25T20:51:17.3755|INFO|TsProgressReader.cs|ReadProgressDelta|75|[Subframes] TS progress delta: DB not found at C:\Users\nicka\AppData\Local\NINA\SchedulerPlugin — Target Scheduler not installed or DB path mismatch.
2026-05-25T20:56:17.3751|INFO|TsProgressReader.cs|ReadProgressDelta|75|[Subframes] TS progress delta: DB not found at C:\Users\nicka\AppData\Local\NINA\SchedulerPlugin — Target Scheduler not installed or DB path mismatch.
2026-05-25T21:01:17.3750|INFO|TsProgressReader.cs|ReadProgressDelta|75|[Subframes] TS progress delta: DB not found at C:\Users\nicka\AppData\Local\NINA\SchedulerPlugin — Target Scheduler not installed or DB path mismatch.
2026-05-25T21:06:17.3756|INFO|TsProgressReader.cs|ReadProgressDelta|75|[Subframes] TS progress delta: DB not found at C:\Users\nicka\AppData\Local\NINA\SchedulerPlugin — Target Scheduler not installed or DB path mismatch.
2026-05-25T21:11:17.3747|INFO|TsProgressReader.cs|ReadProgressDelta|75|[Subframes] TS progress delta: DB not found at C:\Users\nicka\AppData\Local\NINA\SchedulerPlugin — Target Scheduler not installed or DB path mismatch.
2026-05-25T21:16:17.3751|INFO|TsProgressReader.cs|ReadProgressDelta|75|[Subframes] TS progress delta: DB not found at C:\Users\nicka\AppData\Local\NINA\SchedulerPlugin — Target Scheduler not installed or DB path mismatch.
2026-05-25T21:19:18.9047|INFO|SequenceItem.cs|Run|254|Finishing Category: Utility, Item: WaitForTime, Time: 21:19:16h, Offset: -15
2026-05-25T21:19:18.9149|INFO|SequenceItem.cs|Run|254|Finishing Category: * Instruction Set *, Container: NINA.Sequencer.Container.SequentialContainer, Strategy: SequentialStrategy, Items[FINISHED]: 11
2026-05-25T21:19:18.9156|INFO|SequenceItem.cs|Run|254|Finishing Category: * Instruction Set *, Container: NINA.Sequencer.Container.StartAreaContainer, Strategy: SequentialStrategy, Items[FINISHED]: 1
2026-05-25T21:19:18.9161|INFO|SequenceItem.cs|Run|208|Starting Category: * Instruction Set *, Container: NINA.Sequencer.Container.TargetAreaContainer, Strategy: SequentialStrategy, Items[CREATED]: 1
2026-05-25T21:19:18.9217|INFO|SequenceItem.cs|Run|208|Starting Category: * Instruction Set *, Container: NINA.Sequencer.Container.SequentialContainer, Strategy: SequentialStrategy, Items[CREATED]: 12, Conditions: Condition: TimeCondition, Time: 6:7:49h, Condition: TargetSchedulerCondition mode=While Targets Remain Tonight, , Triggers: Trigger: CenterAfterDriftTrigger, DistanceArcMinutes: 1Trigger: WhenUnsafeCategory: Ground Station, Item: Failures to TelegramCategory: Connect, Item: ReconnectOnDownloadFailureTrigger: AutofocusAfterHFRIncreaseTrigger, Amount: 5Trigger: MeridianFlipTriggerCategory: Powerups (Misc), Item: DIYTriggerCategory: Ground Station, Item: Failures to PushoverTrigger: AutofocusAfterTemperatureChangeTrigger, Amount: 1.5°
2026-05-25T21:19:18.9262|INFO|WhenCommon.cs|SequenceBlockInitialize|204|Initialize; starting watchdog
2026-05-25T21:19:18.9323|INFO|WhenUnsafe.cs|CheckSafe|77|IsSafe is now FALSE; connected = True, IsSafe = False
2026-05-25T21:19:18.9327|INFO|WhenCommon.cs|ShouldTrigger|378|ShouldTrigger TRUE from InterruptWhen, setting TriggerRunner
2026-05-25T21:19:18.9329|INFO|WhenCommon.cs|InterruptWhen|322|Interrupting current Instruction Set
2026-05-25T21:19:18.9371|INFO|WhenCommon.cs|InterruptWhen|332|Canceling sequence...
2026-05-25T21:19:19.9388|INFO|WhenCommon.cs|InterruptWhen|336|Delay 1000
2026-05-25T21:19:20.9388|INFO|WhenCommon.cs|InterruptWhen|336|Delay 1000
2026-05-25T21:19:21.9400|INFO|WhenCommon.cs|InterruptWhen|336|Delay 1000
2026-05-25T21:19:22.9409|INFO|WhenCommon.cs|InterruptWhen|336|Delay 1000
2026-05-25T21:19:23.9532|INFO|WhenCommon.cs|InterruptWhen|336|Delay 1000
2026-05-25T21:19:24.9535|INFO|WhenCommon.cs|InterruptWhen|336|Delay 1000
2026-05-25T21:19:25.9552|INFO|WhenCommon.cs|InterruptWhen|336|Delay 1000
2026-05-25T21:19:26.9559|INFO|WhenCommon.cs|InterruptWhen|336|Delay 1000
2026-05-25T21:19:27.9571|INFO|WhenCommon.cs|InterruptWhen|336|Delay 1000
2026-05-25T21:19:28.9581|INFO|WhenCommon.cs|InterruptWhen|336|Delay 1000
2026-05-25T21:19:29.9580|INFO|WhenCommon.cs|InterruptWhen|336|Delay 1000
2026-05-25T21:19:30.9575|INFO|WhenCommon.cs|InterruptWhen|336|Delay 1000
2026-05-25T21:19:31.9583|INFO|WhenCommon.cs|InterruptWhen|336|Delay 1000
2026-05-25T21:19:32.9589|INFO|WhenCommon.cs|InterruptWhen|336|Delay 1000
2026-05-25T21:19:33.2416|INFO|WhenCommon.cs|SequenceBlockTeardown|198|Teardown; shutting down watchdog
2026-05-25T21:19:33.2442|INFO|Sequencer.cs|Start|85|Sequence run was cancelled
2026-05-25T21:19:33.2624|INFO|Sequence2VM.cs|StartSequence|548|Advanced Sequence finished
2026-05-25T21:19:33.9635|INFO|WhenCommon.cs|InterruptWhen|339|Sequence no longer running
2026-05-25T21:19:33.9658|WARNING|WhenCommon.cs|CheckSlewing|263|CheckSlewing, WhenUnsafe = True, Connected = True, CanSlew = True, info.Slewing = False
2026-05-25T21:19:33.9679|INFO|Sequence2VM.cs|StartSequence|543|Advanced Sequence starting
2026-05-25T21:19:34.0450|INFO|SequenceItem.cs|Run|208|Starting Category: * Instruction Set *, Container: NINA.Sequencer.Container.SequenceRootContainer, Strategy: SequentialStrategy, Items[CREATED]: 3, Triggers: Category: Ground Station, Item: Failures to Telegram
2026-05-25T21:19:34.0453|INFO|SequenceItem.cs|Run|208|Starting Category: * Instruction Set *, Container: NINA.Sequencer.Container.StartAreaContainer, Strategy: SequentialStrategy, Items[FINISHED]: 1
2026-05-25T21:19:34.0454|INFO|SequenceItem.cs|Run|254|Finishing Category: * Instruction Set *, Container: NINA.Sequencer.Container.StartAreaContainer, Strategy: SequentialStrategy, Items[FINISHED]: 1
2026-05-25T21:19:34.0455|INFO|SequenceItem.cs|Run|208|Starting Category: * Instruction Set *, Container: NINA.Sequencer.Container.TargetAreaContainer, Strategy: SequentialStrategy, Items[CREATED]: 1
2026-05-25T21:19:34.0456|INFO|SequenceItem.cs|Run|208|Starting Category: * Instruction Set *, Container: NINA.Sequencer.Container.SequentialContainer, Strategy: SequentialStrategy, Items[CREATED]: 12, Conditions: Condition: TimeCondition, Time: 6:7:49h, Condition: TargetSchedulerCondition mode=While Targets Remain Tonight, , Triggers: Trigger: CenterAfterDriftTrigger, DistanceArcMinutes: 1Trigger: WhenUnsafeCategory: Ground Station, Item: Failures to TelegramCategory: Connect, Item: ReconnectOnDownloadFailureTrigger: AutofocusAfterHFRIncreaseTrigger, Amount: 5Trigger: MeridianFlipTriggerCategory: Powerups (Misc), Item: DIYTriggerCategory: Ground Station, Item: Failures to PushoverTrigger: AutofocusAfterTemperatureChangeTrigger, Amount: 1.5°
2026-05-25T21:19:34.0459|INFO|WhenCommon.cs|SequenceBlockInitialize|204|Initialize; starting watchdog
2026-05-25T21:19:34.0472|INFO|WhenCommon.cs|ShouldTrigger|382|ShouldTrigger TRUE, setting TriggerRunner
2026-05-25T21:19:34.0496|INFO|SequenceTrigger.cs|Run|114|Starting Trigger: WhenUnsafe
2026-05-25T21:19:34.0611|INFO|WhenCommon.cs|Execute|395|Execute 0
2026-05-25T21:19:34.0614|INFO|WhenCommon.cs|Execute|409|When: running TriggerRunner, InFlight -> true, Triggered -> false
2026-05-25T21:19:34.0614|WARNING|WhenCommon.cs|CheckSlewing|263|CheckSlewing, WhenUnsafe = True, Connected = True, CanSlew = True, info.Slewing = False
2026-05-25T21:19:34.0616|INFO|SequenceItem.cs|Run|208|Starting Category: , Container: WhenPlugin.When.IfContainer, Strategy: SequentialStrategy, Items[CREATED]: 9
2026-05-25T21:19:34.0768|INFO|MeridianFlipTrigger.cs|ShouldTrigger|197|Meridian Flip - Telescope is at home position. Skip flip evaluation
2026-05-25T21:19:34.0788|INFO|SequenceItem.cs|Run|208|Starting Category: Ground Station, Item: Send to Telegram
2026-05-25T21:19:34.7262|INFO|SequenceItem.cs|Run|254|Finishing Category: Ground Station, Item: Send to Telegram
2026-05-25T21:19:34.7294|INFO|MeridianFlipTrigger.cs|ShouldTrigger|197|Meridian Flip - Telescope is at home position. Skip flip evaluation
2026-05-25T21:19:34.7301|INFO|SequenceItem.cs|Run|208|Starting Category: Ground Station, Item: Send to Pushover, Title: Unsafe
2026-05-25T21:19:34.9688|INFO|SequenceItem.cs|Run|254|Finishing Category: Ground Station, Item: Send to Pushover, Title: Unsafe
2026-05-25T21:19:34.9700|INFO|MeridianFlipTrigger.cs|ShouldTrigger|197|Meridian Flip - Telescope is at home position. Skip flip evaluation
2026-05-25T21:19:34.9702|INFO|SequenceItem.cs|Run|208|Starting Category: Telescope, Item: FindHome
2026-05-25T21:19:34.9779|INFO|PHD2Guider.cs|StopGuiding|704|Phd2 - Stop Guiding skipped, as the app is already in state Stopped
2026-05-25T21:19:34.9782|INFO|TelescopeVM.cs|FindHome|292|Mount ordered to locate home position
2026-05-25T21:19:34.9793|INFO|TelescopeVM.cs|FindHome|336|Mount ordered to home but it is already at home
2026-05-25T21:19:34.9795|INFO|TelescopeVM.cs|FindHome|348|Mount has located its home position
2026-05-25T21:19:34.9798|INFO|SequenceItem.cs|Run|254|Finishing Category: Telescope, Item: FindHome
2026-05-25T21:19:34.9805|INFO|MeridianFlipTrigger.cs|ShouldTrigger|197|Meridian Flip - Telescope is at home position. Skip flip evaluation
2026-05-25T21:19:34.9816|INFO|SequenceItem.cs|Run|208|Starting Category: Guider, Item: StopGuiding
2026-05-25T21:19:34.9886|INFO|PHD2Guider.cs|StopGuiding|704|Phd2 - Stop Guiding skipped, as the app is already in state Stopped
2026-05-25T21:19:34.9889|INFO|SequenceItem.cs|Run|254|Finishing Category: Guider, Item: StopGuiding
2026-05-25T21:19:34.9897|INFO|MeridianFlipTrigger.cs|ShouldTrigger|197|Meridian Flip - Telescope is at home position. Skip flip evaluation
2026-05-25T21:19:35.0031|INFO|SequenceItem.cs|Run|208|Starting Category: Connect, Item: DisconnectEquipment, Selected device: Safety Monitor
2026-05-25T21:19:35.0751|INFO|AscomDevice.cs|Disconnect|378|Disconnecting from ASCOM.GenericFile.SafetyMonitor Generic File driver
2026-05-25T21:19:35.1044|INFO|SafetyMonitorVM.cs|Disconnect|221|Disconnected Safety Monitor
2026-05-25T21:19:35.1049|INFO|SequenceItem.cs|Run|254|Finishing Category: Connect, Item: DisconnectEquipment, Selected device: Safety Monitor
2026-05-25T21:19:35.1056|INFO|MeridianFlipTrigger.cs|ShouldTrigger|197|Meridian Flip - Telescope is at home position. Skip flip evaluation
2026-05-25T21:19:35.1063|INFO|SequenceItem.cs|Run|208|Starting Category: Utility, Item: WaitForTimeSpan, Time: 60s
2026-05-25T21:20:35.2269|INFO|SequenceItem.cs|Run|254|Finishing Category: Utility, Item: WaitForTimeSpan, Time: 60s
2026-05-25T21:20:35.2274|INFO|MeridianFlipTrigger.cs|ShouldTrigger|197|Meridian Flip - Telescope is at home position. Skip flip evaluation
2026-05-25T21:20:35.2281|INFO|SequenceItem.cs|Run|208|Starting Category: Connect, Item: ConnectEquipment, Selected device: Safety Monitor, Selected device id: ASCOM.GenericFile.SafetyMonitor
2026-05-25T21:20:37.2324|INFO|SafetyMonitorChooserVM.cs|GetEquipment|71|Found 0 Alpaca Safety Monitors
2026-05-25T21:20:37.2863|INFO|SafetyMonitorVM.cs|Disconnect|221|Disconnected Safety Monitor
2026-05-25T21:20:37.3521|INFO|SafetyMonitorVM.cs|Connect|175|Successfully connected Safety Monitor. Id: ASCOM.GenericFile.SafetyMonitor Name: Generic File driver DisplayName: Generic File driver (ASCOM) Driver Version: 6.4
2026-05-25T21:20:37.3522|INFO|SequenceItem.cs|Run|254|Finishing Category: Connect, Item: ConnectEquipment, Selected device: Safety Monitor, Selected device id: ASCOM.GenericFile.SafetyMonitor
2026-05-25T21:20:37.3525|INFO|MeridianFlipTrigger.cs|ShouldTrigger|197|Meridian Flip - Telescope is at home position. Skip flip evaluation
2026-05-25T21:20:37.3526|INFO|SequenceItem.cs|Run|208|Starting Category: Utility, Item: WaitForTimeSpan, Time: 60s
2026-05-25T21:20:39.3528|INFO|SafetyMonitorVM.cs|UpdateMonitorValues|95|SafetyMonitorInfo state changed to Unsafe
2026-05-25T21:21:17.3758|INFO|TsProgressReader.cs|ReadProgressDelta|75|[Subframes] TS progress delta: DB not found at C:\Users\nicka\AppData\Local\NINA\SchedulerPlugin — Target Scheduler not installed or DB path mismatch.
2026-05-25T21:21:37.3963|INFO|SequenceItem.cs|Run|254|Finishing Category: Utility, Item: WaitForTimeSpan, Time: 60s
2026-05-25T21:21:37.3969|INFO|MeridianFlipTrigger.cs|ShouldTrigger|197|Meridian Flip - Telescope is at home position. Skip flip evaluation
2026-05-25T21:21:37.3974|INFO|SequenceItem.cs|Run|208|Starting Category: Powerups (Safety), Item: OnceSafe
2026-05-25T21:26:17.3750|INFO|TsProgressReader.cs|ReadProgressDelta|75|[Subframes] TS progress delta: DB not found at C:\Users\nicka\AppData\Local\NINA\SchedulerPlugin — Target Scheduler not installed or DB path mismatch.
2026-05-25T21:31:17.3757|INFO|TsProgressReader.cs|ReadProgressDelta|75|[Subframes] TS progress delta: DB not found at C:\Users\nicka\AppData\Local\NINA\SchedulerPlugin — Target Scheduler not installed or DB path mismatch.
2026-05-25T21:36:17.3750|INFO|TsProgressReader.cs|ReadProgressDelta|75|[Subframes] TS progress delta: DB not found at C:\Users\nicka\AppData\Local\NINA\SchedulerPlugin — Target Scheduler not installed or DB path mismatch.
2026-05-25T21:41:17.3756|INFO|TsProgressReader.cs|ReadProgressDelta|75|[Subframes] TS progress delta: DB not found at C:\Users\nicka\AppData\Local\NINA\SchedulerPlugin — Target Scheduler not installed or DB path mismatch.
2026-05-25T21:46:17.3753|INFO|TsProgressReader.cs|ReadProgressDelta|75|[Subframes] TS progress delta: DB not found at C:\Users\nicka\AppData\Local\NINA\SchedulerPlugin — Target Scheduler not installed or DB path mismatch.
2026-05-25T21:51:17.3752|INFO|TsProgressReader.cs|ReadProgressDelta|75|[Subframes] TS progress delta: DB not found at C:\Users\nicka\AppData\Local\NINA\SchedulerPlugin — Target Scheduler not installed or DB path mismatch.
2026-05-25T21:56:17.3752|INFO|TsProgressReader.cs|ReadProgressDelta|75|[Subframes] TS progress delta: DB not found at C:\Users\nicka\AppData\Local\NINA\SchedulerPlugin — Target Scheduler not installed or DB path mismatch.
2026-05-25T21:56:45.3527|INFO|SafetyMonitorVM.cs|UpdateMonitorValues|95|SafetyMonitorInfo state changed to Safe
2026-05-25T21:56:46.5012|INFO|WhenUnsafe.cs|CheckSafe|79|IsSafe is TRUE
2026-05-25T21:56:46.5033|INFO|SequenceItem.cs|Run|208|Starting Category: , Container: WhenPlugin.When.IfContainer, Strategy: SequentialStrategy, Items[CREATED]: 6, Conditions: Condition: LoopCondition, Iterations: 0/1, Condition: SafetyMonitorCondition, 
2026-05-25T21:56:46.5073|INFO|MeridianFlipTrigger.cs|ShouldTrigger|197|Meridian Flip - Telescope is at home position. Skip flip evaluation
2026-05-25T21:56:46.5074|INFO|SequenceItem.cs|Run|208|Starting Category: Ground Station, Item: Send to Telegram
2026-05-25T21:56:47.1675|INFO|SequenceItem.cs|Run|254|Finishing Category: Ground Station, Item: Send to Telegram
2026-05-25T21:56:47.1682|INFO|MeridianFlipTrigger.cs|ShouldTrigger|197|Meridian Flip - Telescope is at home position. Skip flip evaluation
2026-05-25T21:56:47.1683|INFO|SequenceItem.cs|Run|208|Starting Category: Ground Station, Item: Send to Pushover, Title: Safe 
2026-05-25T21:56:47.3149|INFO|SequenceItem.cs|Run|254|Finishing Category: Ground Station, Item: Send to Pushover, Title: Safe 
2026-05-25T21:56:47.3159|INFO|MeridianFlipTrigger.cs|ShouldTrigger|197|Meridian Flip - Telescope is at home position. Skip flip evaluation
2026-05-25T21:56:47.3216|INFO|SequenceItem.cs|Run|208|Starting Category: Telescope, Item: Center, Coordinates RA: 00:00:00; Dec: 00° 00' 00"; Epoch: J2000
2026-05-25T21:56:47.4908|INFO|PHD2Guider.cs|StopGuiding|704|Phd2 - Stop Guiding skipped, as the app is already in state Stopped
2026-05-25T21:56:47.5051|INFO|TelescopeVM.cs|SlewAsyncInternal|910|Slewing from RA: 18:33:52; Dec: 90° 00' 00"; Epoch: JNOW to RA: 00:01:21; Dec: 00° 08' 48"; Epoch: JNOW - Alt: -57° 22' 22"; Az: 15° 18' 12"
2026-05-25T21:56:51.3565|ERROR|AscomTelescope.cs|SlewToCoordinates|579
ASCOM.InvalidOperationException: Slew To Normal Pointing failed.
 ---> System.Runtime.InteropServices.COMException (0x8004040B): Slew To Normal Pointing failed.
   --- End of inner exception stack trace ---
   at ASCOM.Common.ClientExtensions.CheckOutcome(Task processTask, ILogger logger, String callingMethodName, CancellationToken cancellationToken) in J:\ASCOMLibrary\ASCOM.Common\ClientExtensions.cs:line 1155
   at ASCOM.Common.ClientExtensions.SlewToCoordinatesTaskAsync(ITelescopeV3 device, Double rightAscension, Double declination, CancellationToken cancellationToken, Int32 pollInterval, ILogger logger) in J:\ASCOMLibrary\ASCOM.Common\ClientExtensions.cs:line 947
   at NINA.Equipment.Equipment.MyTelescope.AscomTelescope.SlewToCoordinates(Coordinates coordinates, CancellationToken token) in /_/NINA.Equipment/Equipment/MyTelescope/AscomTelescope.cs:line 565
2026-05-25T21:56:55.1363|WARNING|DeviceUpdateTimer.cs|Run|115|Mount value update cycle took longer than the device poll interval (Total: 6.05s > 2s; Poll: 00:00:06.0440886; Update: 00:00:00.0035912)
2026-05-25T21:56:56.4732|INFO|FilterWheelVM.cs|ChangeFilter|112|Moving to Filter L at Position 0
2026-05-25T21:56:56.6944|INFO|FocuserVM.cs|MoveFocuserInternal|216|Moving Focuser to position 387329
2026-05-25T21:57:05.7483|INFO|CameraVM.cs|Capture|742|Starting Exposure - Exposure Time: 2s; Filter: L; Gain: 275; Offset 50; Binning: 1x1;
2026-05-25T21:57:10.5241|INFO|ImageSolver.cs|Solve|41|Platesolving with parameters: FocalLength: 360 PixelSize: 3.76 SearchRadius: 30 BlindFailoverEnabled: True Regions: 5000 DownSampleFactor: 0 MaxObjects: 500 Reference Coordinates RA: 00:00:00 Dec: 00° 00' 00" Epoch: J2000
2026-05-25T21:57:11.0814|INFO|BaseImageData.cs|SaveToDisk|346|Saved image to C:\Users\nicka\AppData\Local\NINA\PlateSolver\vuqvra00.smv.fits
2026-05-25T21:57:20.4043|ERROR|ASTAPSolver.cs|ReadResult|62|ASTAP - Plate solve failed.


2026-05-25T21:57:20.4088|INFO|ImageSolver.cs|Solve|41|Platesolving with parameters: FocalLength: 360 PixelSize: 3.76 SearchRadius: 30 BlindFailoverEnabled: True Regions: 5000 DownSampleFactor: 0 MaxObjects: 500 
2026-05-25T21:57:20.7583|INFO|BaseImageData.cs|SaveToDisk|346|Saved image to C:\Users\nicka\AppData\Local\NINA\PlateSolver\jbhcwbkp.rhh.fits
2026-05-25T21:57:21.7920|INFO|ImageSolver.cs|Solve|54|Platesolve successful: Coordinates: RA: 18:40:40; Dec: 85° 22' 52"; Epoch: J2000 - Position Angle: 96.77366050891908
2026-05-25T21:57:21.7921|INFO|ImageSolver.cs|Solve|54|Platesolve successful: Coordinates: RA: 18:40:40; Dec: 85° 22' 52"; Epoch: J2000 - Position Angle: 96.77366050891908
2026-05-25T21:57:21.7954|INFO|CenteringSolver.cs|Center|99|Centering Solver - Scope Position: RA: 18:33:54; Dec: 90° 00' 00"; Epoch: JNOW; Offset: RA: 00:00:00; Dec: 00° 00' 00"; Distance: 00° 00' 00"; Bearing: 00° 00' 00"; Centering Coordinates: RA: 00:01:21; Dec: 00° 08' 48"; Epoch: JNOW; Solved: RA: 18:35:01; Dec: 85° 24' 00"; Epoch: JNOW; Separation RA: -18:33:40; Dec: -85° 15' 12"; Distance: 89° 10' 52"; Bearing: 04° 33' 03"; Threshold: 2
2026-05-25T21:57:24.8912|ERROR|AscomTelescope.cs|Sync|634
ASCOM.InvalidOperationException: SyncToTarget failed.
 ---> System.Runtime.InteropServices.COMException (0x8004040B): SyncToTarget failed.
   --- End of inner exception stack trace ---
   at ASCOM.Com.DriverAccess.DynamicAccess.CheckDotNetExceptions(String memberName, Exception e) in J:\ASCOMLibrary\ASCOM.Com\ASCOM.Com.DriverAccess\BaseClass\DynamicAccess.cs:line 205
   at ASCOM.Com.DriverAccess.DynamicAccess.TryInvokeMember(InvokeMemberBinder binder, Object[] args, Object& result) in J:\ASCOMLibrary\ASCOM.Com\ASCOM.Com.DriverAccess\BaseClass\DynamicAccess.cs:line 73
   at CallSite.Target(Closure, CallSite, Object, Double, Double)
   at System.Dynamic.UpdateDelegates.UpdateAndExecuteVoid3[T0,T1,T2](CallSite site, T0 arg0, T1 arg1, T2 arg2)
   at ASCOM.Com.DriverAccess.Telescope.SyncToCoordinates(Double RightAscension, Double Declination) in J:\ASCOMLibrary\ASCOM.Com\ASCOM.Com.DriverAccess\Telescope.cs:line 611
   at NINA.Equipment.Equipment.MyTelescope.AscomTelescope.Sync(Coordinates coordinates) in /_/NINA.Equipment/Equipment/MyTelescope/AscomTelescope.cs:line 630
2026-05-25T21:57:24.8940|INFO|TelescopeVM.cs|Sync|777|FAILED - Syncing scope from RA: 18:33:54; Dec: 90° 00' 00"; Epoch: JNOW to RA: 18:35:01; Dec: 85° 24' 00"; Epoch: JNOW
2026-05-25T21:57:29.8968|INFO|CenteringSolver.cs|Center|111|Sync failed - calculating offset instead to compensate.  Original: RA: 18:33:54; Dec: 90° 00' 00"; Epoch: JNOW; Original Offset RA: 00:00:00; Dec: 00° 00' 00"; Distance: 00° 00' 00"; Bearing: 00° 00' 00"; Solved: RA: 18:35:01; Dec: 85° 24' 00"; Epoch: JNOW; New Offset: RA: -00:01:07; Dec: 04° 36' 00"; Distance: 04° 36' 00"; Bearing: -179° 43' 18"
2026-05-25T21:57:29.8977|INFO|CenteringSolver.cs|Center|132|Slewing to target after sync. Current Position: RA: 18:33:54; Dec: 90° 00' 00"; Epoch: JNOW; Target coordinates: RA: 00:01:21; Dec: 00° 08' 48"; Epoch: JNOW; Offset RA: -00:01:07; Dec: 04° 36' 00"; Distance: 04° 36' 00"; Bearing: -179° 43' 18"
2026-05-25T21:57:29.9029|INFO|TelescopeVM.cs|SlewAsyncInternal|910|Slewing from RA: 18:33:54; Dec: 90° 00' 00"; Epoch: JNOW to RA: 00:00:14; Dec: 04° 44' 48"; Epoch: JNOW - Alt: -52° 47' 03"; Az: 14° 19' 33"
2026-05-25T21:57:35.3091|ERROR|AscomTelescope.cs|SlewToCoordinates|579
ASCOM.InvalidOperationException: Slew To Normal Pointing failed.
 ---> System.Runtime.InteropServices.COMException (0x8004040B): Slew To Normal Pointing failed.
   --- End of inner exception stack trace ---
   at ASCOM.Common.ClientExtensions.CheckOutcome(Task processTask, ILogger logger, String callingMethodName, CancellationToken cancellationToken) in J:\ASCOMLibrary\ASCOM.Common\ClientExtensions.cs:line 1155
   at ASCOM.Common.ClientExtensions.SlewToCoordinatesTaskAsync(ITelescopeV3 device, Double rightAscension, Double declination, CancellationToken cancellationToken, Int32 pollInterval, ILogger logger) in J:\ASCOMLibrary\ASCOM.Common\ClientExtensions.cs:line 947
   at NINA.Equipment.Equipment.MyTelescope.AscomTelescope.SlewToCoordinates(Coordinates coordinates, CancellationToken token) in /_/NINA.Equipment/Equipment/MyTelescope/AscomTelescope.cs:line 565
2026-05-25T21:57:40.3664|INFO|CameraVM.cs|Capture|742|Starting Exposure - Exposure Time: 2s; Filter: L; Gain: 275; Offset 50; Binning: 1x1;
2026-05-25T21:57:44.6562|INFO|ImageSolver.cs|Solve|41|Platesolving with parameters: FocalLength: 360 PixelSize: 3.76 SearchRadius: 30 BlindFailoverEnabled: True Regions: 5000 DownSampleFactor: 0 MaxObjects: 500 Reference Coordinates RA: 00:00:00 Dec: 00° 00' 00" Epoch: J2000
2026-05-25T21:57:45.0040|INFO|BaseImageData.cs|SaveToDisk|346|Saved image to C:\Users\nicka\AppData\Local\NINA\PlateSolver\rcdhnufu.dwq.fits
2026-05-25T21:57:50.7305|ERROR|ASTAPSolver.cs|ReadResult|62|ASTAP - Plate solve failed.


2026-05-25T21:57:50.7368|INFO|ImageSolver.cs|Solve|41|Platesolving with parameters: FocalLength: 360 PixelSize: 3.76 SearchRadius: 30 BlindFailoverEnabled: True Regions: 5000 DownSampleFactor: 0 MaxObjects: 500 
2026-05-25T21:57:51.0776|INFO|BaseImageData.cs|SaveToDisk|346|Saved image to C:\Users\nicka\AppData\Local\NINA\PlateSolver\r0cg4ckn.twl.fits
2026-05-25T21:57:52.0009|INFO|ImageSolver.cs|Solve|54|Platesolve successful: Coordinates: RA: 18:40:41; Dec: 85° 22' 52"; Epoch: J2000 - Position Angle: 96.77117116183865
2026-05-25T21:57:52.0010|INFO|ImageSolver.cs|Solve|54|Platesolve successful: Coordinates: RA: 18:40:41; Dec: 85° 22' 52"; Epoch: J2000 - Position Angle: 96.77117116183865
2026-05-25T21:57:52.0021|INFO|CenteringSolver.cs|Center|99|Centering Solver - Scope Position: RA: 18:33:54; Dec: 90° 00' 00"; Epoch: JNOW; Offset: RA: -00:01:07; Dec: 04° 36' 00"; Distance: 04° 36' 00"; Bearing: -179° 43' 18"; Centering Coordinates: RA: 00:01:21; Dec: 00° 08' 48"; Epoch: JNOW; Solved: RA: 18:35:01; Dec: 85° 24' 01"; Epoch: JNOW; Separation RA: -18:33:40; Dec: -85° 15' 13"; Distance: 89° 10' 52"; Bearing: 04° 33' 02"; Threshold: 2
2026-05-25T21:57:55.0952|ERROR|AscomTelescope.cs|Sync|634
ASCOM.InvalidOperationException: SyncToTarget failed.
 ---> System.Runtime.InteropServices.COMException (0x8004040B): SyncToTarget failed.
   --- End of inner exception stack trace ---
   at ASCOM.Com.DriverAccess.DynamicAccess.CheckDotNetExceptions(String memberName, Exception e) in J:\ASCOMLibrary\ASCOM.Com\ASCOM.Com.DriverAccess\BaseClass\DynamicAccess.cs:line 205
   at ASCOM.Com.DriverAccess.DynamicAccess.TryInvokeMember(InvokeMemberBinder binder, Object[] args, Object& result) in J:\ASCOMLibrary\ASCOM.Com\ASCOM.Com.DriverAccess\BaseClass\DynamicAccess.cs:line 73
   at CallSite.Target(Closure, CallSite, Object, Double, Double)
   at ASCOM.Com.DriverAccess.Telescope.SyncToCoordinates(Double RightAscension, Double Declination) in J:\ASCOMLibrary\ASCOM.Com\ASCOM.Com.DriverAccess\Telescope.cs:line 611
   at NINA.Equipment.Equipment.MyTelescope.AscomTelescope.Sync(Coordinates coordinates) in /_/NINA.Equipment/Equipment/MyTelescope/AscomTelescope.cs:line 630
2026-05-25T21:57:55.0962|INFO|TelescopeVM.cs|Sync|777|FAILED - Syncing scope from RA: 18:33:54; Dec: 90° 00' 00"; Epoch: JNOW to RA: 18:35:01; Dec: 85° 24' 01"; Epoch: JNOW
2026-05-25T21:58:00.0977|INFO|CenteringSolver.cs|Center|111|Sync failed - calculating offset instead to compensate.  Original: RA: 18:35:01; Dec: 85° 24' 00"; Epoch: JNOW; Original Offset RA: -00:01:07; Dec: 04° 36' 00"; Distance: 04° 36' 00"; Bearing: -179° 43' 18"; Solved: RA: 18:35:01; Dec: 85° 24' 01"; Epoch: JNOW; New Offset: RA: -00:01:07; Dec: 04° 35' 59"; Distance: 04° 35' 59"; Bearing: -179° 43' 10"
2026-05-25T21:58:00.0986|INFO|CenteringSolver.cs|Center|132|Slewing to target after sync. Current Position: RA: 18:33:54; Dec: 90° 00' 00"; Epoch: JNOW; Target coordinates: RA: 00:01:21; Dec: 00° 08' 48"; Epoch: JNOW; Offset RA: -00:01:07; Dec: 04° 35' 59"; Distance: 04° 35' 59"; Bearing: -179° 43' 10"
2026-05-25T21:58:00.1017|INFO|TelescopeVM.cs|SlewAsyncInternal|910|Slewing from RA: 18:33:54; Dec: 90° 00' 00"; Epoch: JNOW to RA: 00:00:14; Dec: 04° 44' 47"; Epoch: JNOW - Alt: -52° 45' 26"; Az: 14° 31' 57"
2026-05-25T21:58:05.4961|ERROR|AscomTelescope.cs|SlewToCoordinates|579
ASCOM.InvalidOperationException: Slew To Normal Pointing failed.
 ---> System.Runtime.InteropServices.COMException (0x8004040B): Slew To Normal Pointing failed.
   --- End of inner exception stack trace ---
   at ASCOM.Common.ClientExtensions.CheckOutcome(Task processTask, ILogger logger, String callingMethodName, CancellationToken cancellationToken) in J:\ASCOMLibrary\ASCOM.Common\ClientExtensions.cs:line 1155
   at ASCOM.Common.ClientExtensions.SlewToCoordinatesTaskAsync(ITelescopeV3 device, Double rightAscension, Double declination, CancellationToken cancellationToken, Int32 pollInterval, ILogger logger) in J:\ASCOMLibrary\ASCOM.Common\ClientExtensions.cs:line 947
   at NINA.Equipment.Equipment.MyTelescope.AscomTelescope.SlewToCoordinates(Coordinates coordinates, CancellationToken token) in /_/NINA.Equipment/Equipment/MyTelescope/AscomTelescope.cs:line 565
2026-05-25T21:58:10.5521|INFO|CameraVM.cs|Capture|742|Starting Exposure - Exposure Time: 2s; Filter: L; Gain: 275; Offset 50; Binning: 1x1;
2026-05-25T21:58:14.8136|INFO|ImageSolver.cs|Solve|41|Platesolving with parameters: FocalLength: 360 PixelSize: 3.76 SearchRadius: 30 BlindFailoverEnabled: True Regions: 5000 DownSampleFactor: 0 MaxObjects: 500 Reference Coordinates RA: 00:00:00 Dec: 00° 00' 00" Epoch: J2000
2026-05-25T21:58:15.1595|INFO|BaseImageData.cs|SaveToDisk|346|Saved image to C:\Users\nicka\AppData\Local\NINA\PlateSolver\kynjkxns.d1i.fits
2026-05-25T21:58:21.1959|ERROR|ASTAPSolver.cs|ReadResult|62|ASTAP - Plate solve failed.


2026-05-25T21:58:21.2017|INFO|ImageSolver.cs|Solve|41|Platesolving with parameters: FocalLength: 360 PixelSize: 3.76 SearchRadius: 30 BlindFailoverEnabled: True Regions: 5000 DownSampleFactor: 0 MaxObjects: 500 
2026-05-25T21:58:21.5401|INFO|BaseImageData.cs|SaveToDisk|346|Saved image to C:\Users\nicka\AppData\Local\NINA\PlateSolver\stu1djvz.jpt.fits
2026-05-25T21:58:22.4584|INFO|ImageSolver.cs|Solve|54|Platesolve successful: Coordinates: RA: 18:40:41; Dec: 85° 22' 53"; Epoch: J2000 - Position Angle: 96.77208280072773
2026-05-25T21:58:22.4585|INFO|ImageSolver.cs|Solve|54|Platesolve successful: Coordinates: RA: 18:40:41; Dec: 85° 22' 53"; Epoch: J2000 - Position Angle: 96.77208280072773
2026-05-25T21:58:22.4599|INFO|CenteringSolver.cs|Center|99|Centering Solver - Scope Position: RA: 18:33:54; Dec: 90° 00' 00"; Epoch: JNOW; Offset: RA: -00:01:07; Dec: 04° 35' 59"; Distance: 04° 35' 59"; Bearing: -179° 43' 10"; Centering Coordinates: RA: 00:01:21; Dec: 00° 08' 48"; Epoch: JNOW; Solved: RA: 18:35:01; Dec: 85° 24' 01"; Epoch: JNOW; Separation RA: -18:33:40; Dec: -85° 15' 13"; Distance: 89° 10' 52"; Bearing: 04° 33' 02"; Threshold: 2
2026-05-25T21:58:25.5317|ERROR|AscomTelescope.cs|Sync|634
ASCOM.InvalidOperationException: SyncToTarget failed.
 ---> System.Runtime.InteropServices.COMException (0x8004040B): SyncToTarget failed.
   --- End of inner exception stack trace ---
   at ASCOM.Com.DriverAccess.DynamicAccess.CheckDotNetExceptions(String memberName, Exception e) in J:\ASCOMLibrary\ASCOM.Com\ASCOM.Com.DriverAccess\BaseClass\DynamicAccess.cs:line 205
   at ASCOM.Com.DriverAccess.DynamicAccess.TryInvokeMember(InvokeMemberBinder binder, Object[] args, Object& result) in J:\ASCOMLibrary\ASCOM.Com\ASCOM.Com.DriverAccess\BaseClass\DynamicAccess.cs:line 73
   at CallSite.Target(Closure, CallSite, Object, Double, Double)
   at ASCOM.Com.DriverAccess.Telescope.SyncToCoordinates(Double RightAscension, Double Declination) in J:\ASCOMLibrary\ASCOM.Com\ASCOM.Com.DriverAccess\Telescope.cs:line 611
   at NINA.Equipment.Equipment.MyTelescope.AscomTelescope.Sync(Coordinates coordinates) in /_/NINA.Equipment/Equipment/MyTelescope/AscomTelescope.cs:line 630
2026-05-25T21:58:25.5328|INFO|TelescopeVM.cs|Sync|777|FAILED - Syncing scope from RA: 18:33:54; Dec: 90° 00' 00"; Epoch: JNOW to RA: 18:35:01; Dec: 85° 24' 01"; Epoch: JNOW
2026-05-25T21:58:30.5336|INFO|CenteringSolver.cs|Center|111|Sync failed - calculating offset instead to compensate.  Original: RA: 18:35:01; Dec: 85° 24' 01"; Epoch: JNOW; Original Offset RA: -00:01:07; Dec: 04° 35' 59"; Distance: 04° 35' 59"; Bearing: -179° 43' 10"; Solved: RA: 18:35:01; Dec: 85° 24' 01"; Epoch: JNOW; New Offset: RA: -00:01:07; Dec: 04° 35' 59"; Distance: 04° 35' 59"; Bearing: -179° 43' 12"
2026-05-25T21:58:30.5344|INFO|CenteringSolver.cs|Center|132|Slewing to target after sync. Current Position: RA: 18:33:54; Dec: 90° 00' 00"; Epoch: JNOW; Target coordinates: RA: 00:01:21; Dec: 00° 08' 48"; Epoch: JNOW; Offset RA: -00:01:07; Dec: 04° 35' 59"; Distance: 04° 35' 59"; Bearing: -179° 43' 12"
2026-05-25T21:58:30.5373|INFO|TelescopeVM.cs|SlewAsyncInternal|910|Slewing from RA: 18:33:54; Dec: 90° 00' 00"; Epoch: JNOW to RA: 00:00:14; Dec: 04° 44' 47"; Epoch: JNOW - Alt: -52° 43' 48"; Az: 14° 44' 09"
2026-05-25T21:58:36.0163|ERROR|AscomTelescope.cs|SlewToCoordinates|579
ASCOM.InvalidOperationException: Slew To Normal Pointing failed.
 ---> System.Runtime.InteropServices.COMException (0x8004040B): Slew To Normal Pointing failed.
   --- End of inner exception stack trace ---
   at ASCOM.Common.ClientExtensions.CheckOutcome(Task processTask, ILogger logger, String callingMethodName, CancellationToken cancellationToken) in J:\ASCOMLibrary\ASCOM.Common\ClientExtensions.cs:line 1155
   at ASCOM.Common.ClientExtensions.SlewToCoordinatesTaskAsync(ITelescopeV3 device, Double rightAscension, Double declination, CancellationToken cancellationToken, Int32 pollInterval, ILogger logger) in J:\ASCOMLibrary\ASCOM.Common\ClientExtensions.cs:line 947
   at NINA.Equipment.Equipment.MyTelescope.AscomTelescope.SlewToCoordinates(Coordinates coordinates, CancellationToken token) in /_/NINA.Equipment/Equipment/MyTelescope/AscomTelescope.cs:line 565
2026-05-25T21:58:42.1604|INFO|CameraVM.cs|Capture|742|Starting Exposure - Exposure Time: 2s; Filter: L; Gain: 275; Offset 50; Binning: 1x1;
2026-05-25T21:58:46.3886|INFO|ImageSolver.cs|Solve|41|Platesolving with parameters: FocalLength: 360 PixelSize: 3.76 SearchRadius: 30 BlindFailoverEnabled: True Regions: 5000 DownSampleFactor: 0 MaxObjects: 500 Reference Coordinates RA: 00:00:00 Dec: 00° 00' 00" Epoch: J2000
2026-05-25T21:58:46.7327|INFO|BaseImageData.cs|SaveToDisk|346|Saved image to C:\Users\nicka\AppData\Local\NINA\PlateSolver\wzfao4v0.m1l.fits
2026-05-25T21:58:52.6371|ERROR|ASTAPSolver.cs|ReadResult|62|ASTAP - Plate solve failed.


2026-05-25T21:58:52.6432|INFO|ImageSolver.cs|Solve|41|Platesolving with parameters: FocalLength: 360 PixelSize: 3.76 SearchRadius: 30 BlindFailoverEnabled: True Regions: 5000 DownSampleFactor: 0 MaxObjects: 500 
2026-05-25T21:58:52.9899|INFO|BaseImageData.cs|SaveToDisk|346|Saved image to C:\Users\nicka\AppData\Local\NINA\PlateSolver\vn3asegy.u1v.fits
2026-05-25T21:58:53.8994|INFO|ImageSolver.cs|Solve|54|Platesolve successful: Coordinates: RA: 18:40:42; Dec: 85° 22' 53"; Epoch: J2000 - Position Angle: 96.76770712896251
2026-05-25T21:58:53.8995|INFO|ImageSolver.cs|Solve|54|Platesolve successful: Coordinates: RA: 18:40:42; Dec: 85° 22' 53"; Epoch: J2000 - Position Angle: 96.76770712896251
2026-05-25T21:58:53.9005|INFO|CenteringSolver.cs|Center|99|Centering Solver - Scope Position: RA: 18:33:54; Dec: 90° 00' 00"; Epoch: JNOW; Offset: RA: -00:01:07; Dec: 04° 35' 59"; Distance: 04° 35' 59"; Bearing: -179° 43' 12"; Centering Coordinates: RA: 00:01:21; Dec: 00° 08' 48"; Epoch: JNOW; Solved: RA: 18:35:03; Dec: 85° 24' 01"; Epoch: JNOW; Separation RA: -18:33:42; Dec: -85° 15' 13"; Distance: 89° 10' 50"; Bearing: 04° 33' 01"; Threshold: 2
2026-05-25T21:58:56.9829|ERROR|AscomTelescope.cs|Sync|634
ASCOM.InvalidOperationException: SyncToTarget failed.
 ---> System.Runtime.InteropServices.COMException (0x8004040B): SyncToTarget failed.
   --- End of inner exception stack trace ---
   at ASCOM.Com.DriverAccess.DynamicAccess.CheckDotNetExceptions(String memberName, Exception e) in J:\ASCOMLibrary\ASCOM.Com\ASCOM.Com.DriverAccess\BaseClass\DynamicAccess.cs:line 205
   at ASCOM.Com.DriverAccess.DynamicAccess.TryInvokeMember(InvokeMemberBinder binder, Object[] args, Object& result) in J:\ASCOMLibrary\ASCOM.Com\ASCOM.Com.DriverAccess\BaseClass\DynamicAccess.cs:line 73
   at CallSite.Target(Closure, CallSite, Object, Double, Double)
   at ASCOM.Com.DriverAccess.Telescope.SyncToCoordinates(Double RightAscension, Double Declination) in J:\ASCOMLibrary\ASCOM.Com\ASCOM.Com.DriverAccess\Telescope.cs:line 611
   at NINA.Equipment.Equipment.MyTelescope.AscomTelescope.Sync(Coordinates coordinates) in /_/NINA.Equipment/Equipment/MyTelescope/AscomTelescope.cs:line 630
2026-05-25T21:58:56.9840|INFO|TelescopeVM.cs|Sync|777|FAILED - Syncing scope from RA: 18:33:54; Dec: 90° 00' 00"; Epoch: JNOW to RA: 18:35:03; Dec: 85° 24' 01"; Epoch: JNOW
2026-05-25T21:59:01.9847|INFO|CenteringSolver.cs|Center|111|Sync failed - calculating offset instead to compensate.  Original: RA: 18:35:01; Dec: 85° 24' 01"; Epoch: JNOW; Original Offset RA: -00:01:07; Dec: 04° 35' 59"; Distance: 04° 35' 59"; Bearing: -179° 43' 12"; Solved: RA: 18:35:03; Dec: 85° 24' 01"; Epoch: JNOW; New Offset: RA: -00:01:09; Dec: 04° 35' 59"; Distance: 04° 35' 59"; Bearing: -179° 42' 50"
2026-05-25T21:59:01.9855|INFO|CenteringSolver.cs|Center|132|Slewing to target after sync. Current Position: RA: 18:33:54; Dec: 90° 00' 00"; Epoch: JNOW; Target coordinates: RA: 00:01:21; Dec: 00° 08' 48"; Epoch: JNOW; Offset RA: -00:01:09; Dec: 04° 35' 59"; Distance: 04° 35' 59"; Bearing: -179° 42' 50"
2026-05-25T21:59:01.9884|INFO|TelescopeVM.cs|SlewAsyncInternal|910|Slewing from RA: 18:33:54; Dec: 90° 00' 00"; Epoch: JNOW to RA: 00:00:12; Dec: 04° 44' 47"; Epoch: JNOW - Alt: -52° 42' 00"; Az: 14° 57' 25"
2026-05-25T21:59:07.4664|ERROR|AscomTelescope.cs|SlewToCoordinates|579
ASCOM.InvalidOperationException: Slew To Normal Pointing failed.
 ---> System.Runtime.InteropServices.COMException (0x8004040B): Slew To Normal Pointing failed.
   --- End of inner exception stack trace ---
   at ASCOM.Common.ClientExtensions.CheckOutcome(Task processTask, ILogger logger, String callingMethodName, CancellationToken cancellationToken) in J:\ASCOMLibrary\ASCOM.Common\ClientExtensions.cs:line 1155
   at ASCOM.Common.ClientExtensions.SlewToCoordinatesTaskAsync(ITelescopeV3 device, Double rightAscension, Double declination, CancellationToken cancellationToken, Int32 pollInterval, ILogger logger) in J:\ASCOMLibrary\ASCOM.Common\ClientExtensions.cs:line 947
   at NINA.Equipment.Equipment.MyTelescope.AscomTelescope.SlewToCoordinates(Coordinates coordinates, CancellationToken token) in /_/NINA.Equipment/Equipment/MyTelescope/AscomTelescope.cs:line 565
2026-05-25T21:59:12.5295|INFO|CameraVM.cs|Capture|742|Starting Exposure - Exposure Time: 2s; Filter: L; Gain: 275; Offset 50; Binning: 1x1;
2026-05-25T21:59:16.7800|INFO|ImageSolver.cs|Solve|41|Platesolving with parameters: FocalLength: 360 PixelSize: 3.76 SearchRadius: 30 BlindFailoverEnabled: True Regions: 5000 DownSampleFactor: 0 MaxObjects: 500 Reference Coordinates RA: 00:00:00 Dec: 00° 00' 00" Epoch: J2000
2026-05-25T21:59:17.1321|INFO|BaseImageData.cs|SaveToDisk|346|Saved image to C:\Users\nicka\AppData\Local\NINA\PlateSolver\3w43m0hr.hap.fits
2026-05-25T21:59:23.1141|ERROR|ASTAPSolver.cs|ReadResult|62|ASTAP - Plate solve failed.


2026-05-25T21:59:23.1205|INFO|ImageSolver.cs|Solve|41|Platesolving with parameters: FocalLength: 360 PixelSize: 3.76 SearchRadius: 30 BlindFailoverEnabled: True Regions: 5000 DownSampleFactor: 0 MaxObjects: 500 
2026-05-25T21:59:23.4722|INFO|BaseImageData.cs|SaveToDisk|346|Saved image to C:\Users\nicka\AppData\Local\NINA\PlateSolver\qfjtqcka.jzf.fits
2026-05-25T21:59:24.3810|INFO|ImageSolver.cs|Solve|54|Platesolve successful: Coordinates: RA: 18:40:42; Dec: 85° 22' 53"; Epoch: J2000 - Position Angle: 96.77055833232839
2026-05-25T21:59:24.3811|INFO|ImageSolver.cs|Solve|54|Platesolve successful: Coordinates: RA: 18:40:42; Dec: 85° 22' 53"; Epoch: J2000 - Position Angle: 96.77055833232839
2026-05-25T21:59:24.3822|INFO|CenteringSolver.cs|Center|99|Centering Solver - Scope Position: RA: 18:33:54; Dec: 90° 00' 00"; Epoch: JNOW; Offset: RA: -00:01:09; Dec: 04° 35' 59"; Distance: 04° 35' 59"; Bearing: -179° 42' 50"; Centering Coordinates: RA: 00:01:21; Dec: 00° 08' 48"; Epoch: JNOW; Solved: RA: 18:35:02; Dec: 85° 24' 02"; Epoch: JNOW; Separation RA: -18:33:41; Dec: -85° 15' 14"; Distance: 89° 10' 51"; Bearing: 04° 33' 01"; Threshold: 2
2026-05-25T21:59:27.4712|ERROR|AscomTelescope.cs|Sync|634
ASCOM.InvalidOperationException: SyncToTarget failed.
 ---> System.Runtime.InteropServices.COMException (0x8004040B): SyncToTarget failed.
   --- End of inner exception stack trace ---
   at ASCOM.Com.DriverAccess.DynamicAccess.CheckDotNetExceptions(String memberName, Exception e) in J:\ASCOMLibrary\ASCOM.Com\ASCOM.Com.DriverAccess\BaseClass\DynamicAccess.cs:line 205
   at ASCOM.Com.DriverAccess.DynamicAccess.TryInvokeMember(InvokeMemberBinder binder, Object[] args, Object& result) in J:\ASCOMLibrary\ASCOM.Com\ASCOM.Com.DriverAccess\BaseClass\DynamicAccess.cs:line 73
   at CallSite.Target(Closure, CallSite, Object, Double, Double)
   at ASCOM.Com.DriverAccess.Telescope.SyncToCoordinates(Double RightAscension, Double Declination) in J:\ASCOMLibrary\ASCOM.Com\ASCOM.Com.DriverAccess\Telescope.cs:line 611
   at NINA.Equipment.Equipment.MyTelescope.AscomTelescope.Sync(Coordinates coordinates) in /_/NINA.Equipment/Equipment/MyTelescope/AscomTelescope.cs:line 630
2026-05-25T21:59:27.4722|INFO|TelescopeVM.cs|Sync|777|FAILED - Syncing scope from RA: 18:33:54; Dec: 90° 00' 00"; Epoch: JNOW to RA: 18:35:02; Dec: 85° 24' 02"; Epoch: JNOW
2026-05-25T21:59:32.4734|INFO|CenteringSolver.cs|Center|111|Sync failed - calculating offset instead to compensate.  Original: RA: 18:35:03; Dec: 85° 24' 01"; Epoch: JNOW; Original Offset RA: -00:01:09; Dec: 04° 35' 59"; Distance: 04° 35' 59"; Bearing: -179° 42' 50"; Solved: RA: 18:35:02; Dec: 85° 24' 02"; Epoch: JNOW; New Offset: RA: -00:01:08; Dec: 04° 35' 58"; Distance: 04° 35' 58"; Bearing: -179° 43' 00"
2026-05-25T21:59:32.4742|INFO|CenteringSolver.cs|Center|132|Slewing to target after sync. Current Position: RA: 18:33:54; Dec: 90° 00' 00"; Epoch: JNOW; Target coordinates: RA: 00:01:21; Dec: 00° 08' 48"; Epoch: JNOW; Offset RA: -00:01:08; Dec: 04° 35' 58"; Distance: 04° 35' 58"; Bearing: -179° 43' 00"
2026-05-25T21:59:32.4770|INFO|TelescopeVM.cs|SlewAsyncInternal|910|Slewing from RA: 18:33:54; Dec: 90° 00' 00"; Epoch: JNOW to RA: 00:00:13; Dec: 04° 44' 46"; Epoch: JNOW - Alt: -52° 40' 21"; Az: 15° 09' 24"
2026-05-25T21:59:37.9708|ERROR|AscomTelescope.cs|SlewToCoordinates|579
ASCOM.InvalidOperationException: Slew To Normal Pointing failed.
 ---> System.Runtime.InteropServices.COMException (0x8004040B): Slew To Normal Pointing failed.
   --- End of inner exception stack trace ---
   at ASCOM.Common.ClientExtensions.CheckOutcome(Task processTask, ILogger logger, String callingMethodName, CancellationToken cancellationToken) in J:\ASCOMLibrary\ASCOM.Common\ClientExtensions.cs:line 1155
   at ASCOM.Common.ClientExtensions.SlewToCoordinatesTaskAsync(ITelescopeV3 device, Double rightAscension, Double declination, CancellationToken cancellationToken, Int32 pollInterval, ILogger logger) in J:\ASCOMLibrary\ASCOM.Common\ClientExtensions.cs:line 947
   at NINA.Equipment.Equipment.MyTelescope.AscomTelescope.SlewToCoordinates(Coordinates coordinates, CancellationToken token) in /_/NINA.Equipment/Equipment/MyTelescope/AscomTelescope.cs:line 565
2026-05-25T21:59:44.1401|INFO|CameraVM.cs|Capture|742|Starting Exposure - Exposure Time: 2s; Filter: L; Gain: 275; Offset 50; Binning: 1x1;
2026-05-25T21:59:48.3691|INFO|ImageSolver.cs|Solve|41|Platesolving with parameters: FocalLength: 360 PixelSize: 3.76 SearchRadius: 30 BlindFailoverEnabled: True Regions: 5000 DownSampleFactor: 0 MaxObjects: 500 Reference Coordinates RA: 00:00:00 Dec: 00° 00' 00" Epoch: J2000
2026-05-25T21:59:48.7155|INFO|BaseImageData.cs|SaveToDisk|346|Saved image to C:\Users\nicka\AppData\Local\NINA\PlateSolver\ejmvwrmt.t2o.fits
2026-05-25T21:59:55.4216|ERROR|ASTAPSolver.cs|ReadResult|62|ASTAP - Plate solve failed.


2026-05-25T21:59:55.4276|INFO|ImageSolver.cs|Solve|41|Platesolving with parameters: FocalLength: 360 PixelSize: 3.76 SearchRadius: 30 BlindFailoverEnabled: True Regions: 5000 DownSampleFactor: 0 MaxObjects: 500 
2026-05-25T21:59:55.7661|INFO|BaseImageData.cs|SaveToDisk|346|Saved image to C:\Users\nicka\AppData\Local\NINA\PlateSolver\rra1ldza.wgx.fits
2026-05-25T21:59:56.6757|INFO|ImageSolver.cs|Solve|54|Platesolve successful: Coordinates: RA: 18:40:42; Dec: 85° 22' 54"; Epoch: J2000 - Position Angle: 96.77726589353699
2026-05-25T21:59:56.6758|INFO|ImageSolver.cs|Solve|54|Platesolve successful: Coordinates: RA: 18:40:42; Dec: 85° 22' 54"; Epoch: J2000 - Position Angle: 96.77726589353699
2026-05-25T21:59:56.6769|INFO|CenteringSolver.cs|Center|99|Centering Solver - Scope Position: RA: 18:33:54; Dec: 90° 00' 00"; Epoch: JNOW; Offset: RA: -00:01:08; Dec: 04° 35' 58"; Distance: 04° 35' 58"; Bearing: -179° 43' 00"; Centering Coordinates: RA: 00:01:21; Dec: 00° 08' 48"; Epoch: JNOW; Solved: RA: 18:35:03; Dec: 85° 24' 02"; Epoch: JNOW; Separation RA: -18:33:42; Dec: -85° 15' 14"; Distance: 89° 10' 51"; Bearing: 04° 33' 00"; Threshold: 2
2026-05-25T21:59:59.7537|ERROR|AscomTelescope.cs|Sync|634
ASCOM.InvalidOperationException: SyncToTarget failed.
 ---> System.Runtime.InteropServices.COMException (0x8004040B): SyncToTarget failed.
   --- End of inner exception stack trace ---
   at ASCOM.Com.DriverAccess.DynamicAccess.CheckDotNetExceptions(String memberName, Exception e) in J:\ASCOMLibrary\ASCOM.Com\ASCOM.Com.DriverAccess\BaseClass\DynamicAccess.cs:line 205
   at ASCOM.Com.DriverAccess.DynamicAccess.TryInvokeMember(InvokeMemberBinder binder, Object[] args, Object& result) in J:\ASCOMLibrary\ASCOM.Com\ASCOM.Com.DriverAccess\BaseClass\DynamicAccess.cs:line 73
   at CallSite.Target(Closure, CallSite, Object, Double, Double)
   at ASCOM.Com.DriverAccess.Telescope.SyncToCoordinates(Double RightAscension, Double Declination) in J:\ASCOMLibrary\ASCOM.Com\ASCOM.Com.DriverAccess\Telescope.cs:line 611
   at NINA.Equipment.Equipment.MyTelescope.AscomTelescope.Sync(Coordinates coordinates) in /_/NINA.Equipment/Equipment/MyTelescope/AscomTelescope.cs:line 630
2026-05-25T21:59:59.7546|INFO|TelescopeVM.cs|Sync|777|FAILED - Syncing scope from RA: 18:33:54; Dec: 90° 00' 00"; Epoch: JNOW to RA: 18:35:03; Dec: 85° 24' 02"; Epoch: JNOW
2026-05-25T22:00:04.7560|INFO|CenteringSolver.cs|Center|111|Sync failed - calculating offset instead to compensate.  Original: RA: 18:35:02; Dec: 85° 24' 02"; Epoch: JNOW; Original Offset RA: -00:01:08; Dec: 04° 35' 58"; Distance: 04° 35' 58"; Bearing: -179° 43' 00"; Solved: RA: 18:35:03; Dec: 85° 24' 02"; Epoch: JNOW; New Offset: RA: -00:01:09; Dec: 04° 35' 58"; Distance: 04° 35' 58"; Bearing: -179° 42' 52"
2026-05-25T22:00:04.7569|INFO|CenteringSolver.cs|Center|132|Slewing to target after sync. Current Position: RA: 18:33:54; Dec: 90° 00' 00"; Epoch: JNOW; Target coordinates: RA: 00:01:21; Dec: 00° 08' 48"; Epoch: JNOW; Offset RA: -00:01:09; Dec: 04° 35' 58"; Distance: 04° 35' 58"; Bearing: -179° 42' 52"
2026-05-25T22:00:04.7598|INFO|TelescopeVM.cs|SlewAsyncInternal|910|Slewing from RA: 18:33:54; Dec: 90° 00' 00"; Epoch: JNOW to RA: 00:00:12; Dec: 04° 44' 46"; Epoch: JNOW - Alt: -52° 38' 31"; Az: 15° 22' 34"
2026-05-25T22:00:10.2060|ERROR|AscomTelescope.cs|SlewToCoordinates|579
ASCOM.InvalidOperationException: Slew To Normal Pointing failed.
 ---> System.Runtime.InteropServices.COMException (0x8004040B): Slew To Normal Pointing failed.
   --- End of inner exception stack trace ---
   at ASCOM.Common.ClientExtensions.CheckOutcome(Task processTask, ILogger logger, String callingMethodName, CancellationToken cancellationToken) in J:\ASCOMLibrary\ASCOM.Common\ClientExtensions.cs:line 1155
   at ASCOM.Common.ClientExtensions.SlewToCoordinatesTaskAsync(ITelescopeV3 device, Double rightAscension, Double declination, CancellationToken cancellationToken, Int32 pollInterval, ILogger logger) in J:\ASCOMLibrary\ASCOM.Common\ClientExtensions.cs:line 947
   at NINA.Equipment.Equipment.MyTelescope.AscomTelescope.SlewToCoordinates(Coordinates coordinates, CancellationToken token) in /_/NINA.Equipment/Equipment/MyTelescope/AscomTelescope.cs:line 565
2026-05-25T22:00:15.2605|INFO|CameraVM.cs|Capture|742|Starting Exposure - Exposure Time: 2s; Filter: L; Gain: 275; Offset 50; Binning: 1x1;
2026-05-25T22:00:19.4940|INFO|ImageSolver.cs|Solve|41|Platesolving with parameters: FocalLength: 360 PixelSize: 3.76 SearchRadius: 30 BlindFailoverEnabled: True Regions: 5000 DownSampleFactor: 0 MaxObjects: 500 Reference Coordinates RA: 00:00:00 Dec: 00° 00' 00" Epoch: J2000
2026-05-25T22:00:19.8368|INFO|BaseImageData.cs|SaveToDisk|346|Saved image to C:\Users\nicka\AppData\Local\NINA\PlateSolver\zr1alpgd.c1d.fits
2026-05-25T22:00:26.2822|ERROR|ASTAPSolver.cs|ReadResult|62|ASTAP - Plate solve failed.


2026-05-25T22:00:26.2886|INFO|ImageSolver.cs|Solve|41|Platesolving with parameters: FocalLength: 360 PixelSize: 3.76 SearchRadius: 30 BlindFailoverEnabled: True Regions: 5000 DownSampleFactor: 0 MaxObjects: 500 
2026-05-25T22:00:26.6266|INFO|BaseImageData.cs|SaveToDisk|346|Saved image to C:\Users\nicka\AppData\Local\NINA\PlateSolver\hj3vntw5.dxh.fits
2026-05-25T22:00:27.5350|INFO|ImageSolver.cs|Solve|54|Platesolve successful: Coordinates: RA: 18:40:43; Dec: 85° 22' 54"; Epoch: J2000 - Position Angle: 96.77499065932966
2026-05-25T22:00:27.5352|INFO|ImageSolver.cs|Solve|54|Platesolve successful: Coordinates: RA: 18:40:43; Dec: 85° 22' 54"; Epoch: J2000 - Position Angle: 96.77499065932966
2026-05-25T22:00:27.5362|INFO|CenteringSolver.cs|Center|99|Centering Solver - Scope Position: RA: 18:33:54; Dec: 90° 00' 00"; Epoch: JNOW; Offset: RA: -00:01:09; Dec: 04° 35' 58"; Distance: 04° 35' 58"; Bearing: -179° 42' 52"; Centering Coordinates: RA: 00:01:21; Dec: 00° 08' 48"; Epoch: JNOW; Solved: RA: 18:35:03; Dec: 85° 24' 03"; Epoch: JNOW; Separation RA: -18:33:42; Dec: -85° 15' 15"; Distance: 89° 10' 50"; Bearing: 04° 33' 00"; Threshold: 2
2026-05-25T22:00:30.6428|ERROR|AscomTelescope.cs|Sync|634
ASCOM.InvalidOperationException: SyncToTarget failed.
 ---> System.Runtime.InteropServices.COMException (0x8004040B): SyncToTarget failed.
   --- End of inner exception stack trace ---
   at ASCOM.Com.DriverAccess.DynamicAccess.CheckDotNetExceptions(String memberName, Exception e) in J:\ASCOMLibrary\ASCOM.Com\ASCOM.Com.DriverAccess\BaseClass\DynamicAccess.cs:line 205
   at ASCOM.Com.DriverAccess.DynamicAccess.TryInvokeMember(InvokeMemberBinder binder, Object[] args, Object& result) in J:\ASCOMLibrary\ASCOM.Com\ASCOM.Com.DriverAccess\BaseClass\DynamicAccess.cs:line 73
   at CallSite.Target(Closure, CallSite, Object, Double, Double)
   at ASCOM.Com.DriverAccess.Telescope.SyncToCoordinates(Double RightAscension, Double Declination) in J:\ASCOMLibrary\ASCOM.Com\ASCOM.Com.DriverAccess\Telescope.cs:line 611
   at NINA.Equipment.Equipment.MyTelescope.AscomTelescope.Sync(Coordinates coordinates) in /_/NINA.Equipment/Equipment/MyTelescope/AscomTelescope.cs:line 630
2026-05-25T22:00:30.6438|INFO|TelescopeVM.cs|Sync|777|FAILED - Syncing scope from RA: 18:33:54; Dec: 90° 00' 00"; Epoch: JNOW to RA: 18:35:03; Dec: 85° 24' 03"; Epoch: JNOW
2026-05-25T22:00:35.6449|INFO|CenteringSolver.cs|Center|111|Sync failed - calculating offset instead to compensate.  Original: RA: 18:35:03; Dec: 85° 24' 02"; Epoch: JNOW; Original Offset RA: -00:01:09; Dec: 04° 35' 58"; Distance: 04° 35' 58"; Bearing: -179° 42' 52"; Solved: RA: 18:35:03; Dec: 85° 24' 03"; Epoch: JNOW; New Offset: RA: -00:01:09; Dec: 04° 35' 57"; Distance: 04° 35' 57"; Bearing: -179° 42' 43"
2026-05-25T22:00:35.6457|INFO|CenteringSolver.cs|Center|132|Slewing to target after sync. Current Position: RA: 18:33:54; Dec: 90° 00' 00"; Epoch: JNOW; Target coordinates: RA: 00:01:21; Dec: 00° 08' 48"; Epoch: JNOW; Offset RA: -00:01:09; Dec: 04° 35' 57"; Distance: 04° 35' 57"; Bearing: -179° 42' 43"
2026-05-25T22:00:35.6493|INFO|TelescopeVM.cs|SlewAsyncInternal|910|Slewing from RA: 18:33:54; Dec: 90° 00' 00"; Epoch: JNOW to RA: 00:00:12; Dec: 04° 44' 45"; Epoch: JNOW - Alt: -52° 36' 44"; Az: 15° 35' 11"
2026-05-25T22:00:41.1263|ERROR|AscomTelescope.cs|SlewToCoordinates|579
ASCOM.InvalidOperationException: Slew To Normal Pointing failed.
 ---> System.Runtime.InteropServices.COMException (0x8004040B): Slew To Normal Pointing failed.
   --- End of inner exception stack trace ---
   at ASCOM.Common.ClientExtensions.CheckOutcome(Task processTask, ILogger logger, String callingMethodName, CancellationToken cancellationToken) in J:\ASCOMLibrary\ASCOM.Common\ClientExtensions.cs:line 1155
   at ASCOM.Common.ClientExtensions.SlewToCoordinatesTaskAsync(ITelescopeV3 device, Double rightAscension, Double declination, CancellationToken cancellationToken, Int32 pollInterval, ILogger logger) in J:\ASCOMLibrary\ASCOM.Common\ClientExtensions.cs:line 947
   at NINA.Equipment.Equipment.MyTelescope.AscomTelescope.SlewToCoordinates(Coordinates coordinates, CancellationToken token) in /_/NINA.Equipment/Equipment/MyTelescope/AscomTelescope.cs:line 565
2026-05-25T22:00:46.1902|INFO|CameraVM.cs|Capture|742|Starting Exposure - Exposure Time: 2s; Filter: L; Gain: 275; Offset 50; Binning: 1x1;
2026-05-25T22:00:50.4547|INFO|ImageSolver.cs|Solve|41|Platesolving with parameters: FocalLength: 360 PixelSize: 3.76 SearchRadius: 30 BlindFailoverEnabled: True Regions: 5000 DownSampleFactor: 0 MaxObjects: 500 Reference Coordinates RA: 00:00:00 Dec: 00° 00' 00" Epoch: J2000
2026-05-25T22:00:50.7953|INFO|BaseImageData.cs|SaveToDisk|346|Saved image to C:\Users\nicka\AppData\Local\NINA\PlateSolver\2zteaosu.tzv.fits
2026-05-25T22:00:57.2244|ERROR|ASTAPSolver.cs|ReadResult|62|ASTAP - Plate solve failed.


2026-05-25T22:00:57.2310|INFO|ImageSolver.cs|Solve|41|Platesolving with parameters: FocalLength: 360 PixelSize: 3.76 SearchRadius: 30 BlindFailoverEnabled: True Regions: 5000 DownSampleFactor: 0 MaxObjects: 500 
2026-05-25T22:00:57.5727|INFO|BaseImageData.cs|SaveToDisk|346|Saved image to C:\Users\nicka\AppData\Local\NINA\PlateSolver\n0moptjj.tdw.fits
2026-05-25T22:00:58.4774|INFO|ImageSolver.cs|Solve|54|Platesolve successful: Coordinates: RA: 18:40:42; Dec: 85° 22' 56"; Epoch: J2000 - Position Angle: 96.77718394951262
2026-05-25T22:00:58.4775|INFO|ImageSolver.cs|Solve|54|Platesolve successful: Coordinates: RA: 18:40:42; Dec: 85° 22' 56"; Epoch: J2000 - Position Angle: 96.77718394951262
2026-05-25T22:00:58.4786|INFO|CenteringSolver.cs|Center|99|Centering Solver - Scope Position: RA: 18:33:54; Dec: 90° 00' 00"; Epoch: JNOW; Offset: RA: -00:01:09; Dec: 04° 35' 57"; Distance: 04° 35' 57"; Bearing: -179° 42' 43"; Centering Coordinates: RA: 00:01:21; Dec: 00° 08' 48"; Epoch: JNOW; Solved: RA: 18:35:03; Dec: 85° 24' 04"; Epoch: JNOW; Separation RA: -18:33:42; Dec: -85° 15' 16"; Distance: 89° 10' 51"; Bearing: 04° 32' 59"; Threshold: 2
2026-05-25T22:01:01.5649|ERROR|AscomTelescope.cs|Sync|634
ASCOM.InvalidOperationException: SyncToTarget failed.
 ---> System.Runtime.InteropServices.COMException (0x8004040B): SyncToTarget failed.
   --- End of inner exception stack trace ---
   at ASCOM.Com.DriverAccess.DynamicAccess.CheckDotNetExceptions(String memberName, Exception e) in J:\ASCOMLibrary\ASCOM.Com\ASCOM.Com.DriverAccess\BaseClass\DynamicAccess.cs:line 205
   at ASCOM.Com.DriverAccess.DynamicAccess.TryInvokeMember(InvokeMemberBinder binder, Object[] args, Object& result) in J:\ASCOMLibrary\ASCOM.Com\ASCOM.Com.DriverAccess\BaseClass\DynamicAccess.cs:line 73
   at CallSite.Target(Closure, CallSite, Object, Double, Double)
   at ASCOM.Com.DriverAccess.Telescope.SyncToCoordinates(Double RightAscension, Double Declination) in J:\ASCOMLibrary\ASCOM.Com\ASCOM.Com.DriverAccess\Telescope.cs:line 611
   at NINA.Equipment.Equipment.MyTelescope.AscomTelescope.Sync(Coordinates coordinates) in /_/NINA.Equipment/Equipment/MyTelescope/AscomTelescope.cs:line 630
2026-05-25T22:01:01.5659|INFO|TelescopeVM.cs|Sync|777|FAILED - Syncing scope from RA: 18:33:54; Dec: 90° 00' 00"; Epoch: JNOW to RA: 18:35:03; Dec: 85° 24' 04"; Epoch: JNOW
2026-05-25T22:01:06.5666|INFO|CenteringSolver.cs|Center|111|Sync failed - calculating offset instead to compensate.  Original: RA: 18:35:03; Dec: 85° 24' 03"; Epoch: JNOW; Original Offset RA: -00:01:09; Dec: 04° 35' 57"; Distance: 04° 35' 57"; Bearing: -179° 42' 43"; Solved: RA: 18:35:03; Dec: 85° 24' 04"; Epoch: JNOW; New Offset: RA: -00:01:09; Dec: 04° 35' 56"; Distance: 04° 35' 56"; Bearing: -179° 42' 52"
2026-05-25T22:01:06.5673|INFO|CenteringSolver.cs|Center|132|Slewing to target after sync. Current Position: RA: 18:33:54; Dec: 90° 00' 00"; Epoch: JNOW; Target coordinates: RA: 00:01:21; Dec: 00° 08' 48"; Epoch: JNOW; Offset RA: -00:01:09; Dec: 04° 35' 56"; Distance: 04° 35' 56"; Bearing: -179° 42' 52"
2026-05-25T22:01:06.5702|INFO|TelescopeVM.cs|SlewAsyncInternal|910|Slewing from RA: 18:33:54; Dec: 90° 00' 00"; Epoch: JNOW to RA: 00:00:12; Dec: 04° 44' 44"; Epoch: JNOW - Alt: -52° 35' 00"; Az: 15° 47' 20"
2026-05-25T22:01:12.0491|ERROR|AscomTelescope.cs|SlewToCoordinates|579
ASCOM.InvalidOperationException: Slew To Normal Pointing failed.
 ---> System.Runtime.InteropServices.COMException (0x8004040B): Slew To Normal Pointing failed.
   --- End of inner exception stack trace ---
   at ASCOM.Common.ClientExtensions.CheckOutcome(Task processTask, ILogger logger, String callingMethodName, CancellationToken cancellationToken) in J:\ASCOMLibrary\ASCOM.Common\ClientExtensions.cs:line 1155
   at ASCOM.Common.ClientExtensions.SlewToCoordinatesTaskAsync(ITelescopeV3 device, Double rightAscension, Double declination, CancellationToken cancellationToken, Int32 pollInterval, ILogger logger) in J:\ASCOMLibrary\ASCOM.Common\ClientExtensions.cs:line 947
   at NINA.Equipment.Equipment.MyTelescope.AscomTelescope.SlewToCoordinates(Coordinates coordinates, CancellationToken token) in /_/NINA.Equipment/Equipment/MyTelescope/AscomTelescope.cs:line 565
2026-05-25T22:01:17.1358|INFO|CameraVM.cs|Capture|742|Starting Exposure - Exposure Time: 2s; Filter: L; Gain: 275; Offset 50; Binning: 1x1;
2026-05-25T22:01:17.3752|INFO|TsProgressReader.cs|ReadProgressDelta|75|[Subframes] TS progress delta: DB not found at C:\Users\nicka\AppData\Local\NINA\SchedulerPlugin — Target Scheduler not installed or DB path mismatch.
2026-05-25T22:01:21.3786|INFO|ImageSolver.cs|Solve|41|Platesolving with parameters: FocalLength: 360 PixelSize: 3.76 SearchRadius: 30 BlindFailoverEnabled: True Regions: 5000 DownSampleFactor: 0 MaxObjects: 500 Reference Coordinates RA: 00:00:00 Dec: 00° 00' 00" Epoch: J2000
2026-05-25T22:01:21.7244|INFO|BaseImageData.cs|SaveToDisk|346|Saved image to C:\Users\nicka\AppData\Local\NINA\PlateSolver\c5h4nqex.u5m.fits
2026-05-25T22:01:27.7141|ERROR|ASTAPSolver.cs|ReadResult|62|ASTAP - Plate solve failed.


2026-05-25T22:01:27.7201|INFO|ImageSolver.cs|Solve|41|Platesolving with parameters: FocalLength: 360 PixelSize: 3.76 SearchRadius: 30 BlindFailoverEnabled: True Regions: 5000 DownSampleFactor: 0 MaxObjects: 500 
2026-05-25T22:01:28.0583|INFO|BaseImageData.cs|SaveToDisk|346|Saved image to C:\Users\nicka\AppData\Local\NINA\PlateSolver\xw52mdiz.csp.fits
2026-05-25T22:01:28.9712|INFO|ImageSolver.cs|Solve|54|Platesolve successful: Coordinates: RA: 18:40:42; Dec: 85° 22' 56"; Epoch: J2000 - Position Angle: 96.77270015462858
2026-05-25T22:01:28.9713|INFO|ImageSolver.cs|Solve|54|Platesolve successful: Coordinates: RA: 18:40:42; Dec: 85° 22' 56"; Epoch: J2000 - Position Angle: 96.77270015462858
2026-05-25T22:01:28.9723|INFO|CenteringSolver.cs|Center|99|Centering Solver - Scope Position: RA: 18:33:54; Dec: 90° 00' 00"; Epoch: JNOW; Offset: RA: -00:01:09; Dec: 04° 35' 56"; Distance: 04° 35' 56"; Bearing: -179° 42' 52"; Centering Coordinates: RA: 00:01:21; Dec: 00° 08' 48"; Epoch: JNOW; Solved: RA: 18:35:02; Dec: 85° 24' 04"; Epoch: JNOW; Separation RA: -18:33:41; Dec: -85° 15' 16"; Distance: 89° 10' 51"; Bearing: 04° 32' 58"; Threshold: 2
2026-05-25T22:01:32.0690|ERROR|AscomTelescope.cs|Sync|634
ASCOM.InvalidOperationException: SyncToTarget failed.
 ---> System.Runtime.InteropServices.COMException (0x8004040B): SyncToTarget failed.
   --- End of inner exception stack trace ---
   at ASCOM.Com.DriverAccess.DynamicAccess.CheckDotNetExceptions(String memberName, Exception e) in J:\ASCOMLibrary\ASCOM.Com\ASCOM.Com.DriverAccess\BaseClass\DynamicAccess.cs:line 205
   at ASCOM.Com.DriverAccess.DynamicAccess.TryInvokeMember(InvokeMemberBinder binder, Object[] args, Object& result) in J:\ASCOMLibrary\ASCOM.Com\ASCOM.Com.DriverAccess\BaseClass\DynamicAccess.cs:line 73
   at CallSite.Target(Closure, CallSite, Object, Double, Double)
   at ASCOM.Com.DriverAccess.Telescope.SyncToCoordinates(Double RightAscension, Double Declination) in J:\ASCOMLibrary\ASCOM.Com\ASCOM.Com.DriverAccess\Telescope.cs:line 611
   at NINA.Equipment.Equipment.MyTelescope.AscomTelescope.Sync(Coordinates coordinates) in /_/NINA.Equipment/Equipment/MyTelescope/AscomTelescope.cs:line 630
2026-05-25T22:01:32.0699|INFO|TelescopeVM.cs|Sync|777|FAILED - Syncing scope from RA: 18:33:54; Dec: 90° 00' 00"; Epoch: JNOW to RA: 18:35:02; Dec: 85° 24' 04"; Epoch: JNOW
2026-05-25T22:01:37.0911|INFO|CenteringSolver.cs|Center|111|Sync failed - calculating offset instead to compensate.  Original: RA: 18:35:03; Dec: 85° 24' 04"; Epoch: JNOW; Original Offset RA: -00:01:09; Dec: 04° 35' 56"; Distance: 04° 35' 56"; Bearing: -179° 42' 52"; Solved: RA: 18:35:02; Dec: 85° 24' 04"; Epoch: JNOW; New Offset: RA: -00:01:08; Dec: 04° 35' 56"; Distance: 04° 35' 56"; Bearing: -179° 42' 58"
2026-05-25T22:01:37.0919|INFO|CenteringSolver.cs|Center|132|Slewing to target after sync. Current Position: RA: 18:33:54; Dec: 90° 00' 00"; Epoch: JNOW; Target coordinates: RA: 00:01:21; Dec: 00° 08' 48"; Epoch: JNOW; Offset RA: -00:01:08; Dec: 04° 35' 56"; Distance: 04° 35' 56"; Bearing: -179° 42' 58"
2026-05-25T22:01:37.0949|INFO|TelescopeVM.cs|SlewAsyncInternal|910|Slewing from RA: 18:33:54; Dec: 90° 00' 00"; Epoch: JNOW to RA: 00:00:13; Dec: 04° 44' 44"; Epoch: JNOW - Alt: -52° 33' 15"; Az: 15° 59' 21"
2026-05-25T22:01:42.5686|ERROR|AscomTelescope.cs|SlewToCoordinates|579
ASCOM.InvalidOperationException: Slew To Normal Pointing failed.
 ---> System.Runtime.InteropServices.COMException (0x8004040B): Slew To Normal Pointing failed.
   --- End of inner exception stack trace ---
   at ASCOM.Common.ClientExtensions.CheckOutcome(Task processTask, ILogger logger, String callingMethodName, CancellationToken cancellationToken) in J:\ASCOMLibrary\ASCOM.Common\ClientExtensions.cs:line 1155
   at ASCOM.Common.ClientExtensions.SlewToCoordinatesTaskAsync(ITelescopeV3 device, Double rightAscension, Double declination, CancellationToken cancellationToken, Int32 pollInterval, ILogger logger) in J:\ASCOMLibrary\ASCOM.Common\ClientExtensions.cs:line 947
   at NINA.Equipment.Equipment.MyTelescope.AscomTelescope.SlewToCoordinates(Coordinates coordinates, CancellationToken token) in /_/NINA.Equipment/Equipment/MyTelescope/AscomTelescope.cs:line 565
2026-05-25T22:01:47.6238|INFO|CameraVM.cs|Capture|742|Starting Exposure - Exposure Time: 2s; Filter: L; Gain: 275; Offset 50; Binning: 1x1;
2026-05-25T22:01:51.8886|INFO|ImageSolver.cs|Solve|41|Platesolving with parameters: FocalLength: 360 PixelSize: 3.76 SearchRadius: 30 BlindFailoverEnabled: True Regions: 5000 DownSampleFactor: 0 MaxObjects: 500 Reference Coordinates RA: 00:00:00 Dec: 00° 00' 00" Epoch: J2000
2026-05-25T22:01:52.2349|INFO|BaseImageData.cs|SaveToDisk|346|Saved image to C:\Users\nicka\AppData\Local\NINA\PlateSolver\peok2pv1.rhs.fits
2026-05-25T22:01:58.5384|ERROR|ASTAPSolver.cs|ReadResult|62|ASTAP - Plate solve failed.


2026-05-25T22:01:58.5447|INFO|ImageSolver.cs|Solve|41|Platesolving with parameters: FocalLength: 360 PixelSize: 3.76 SearchRadius: 30 BlindFailoverEnabled: True Regions: 5000 DownSampleFactor: 0 MaxObjects: 500 
2026-05-25T22:01:58.8875|INFO|BaseImageData.cs|SaveToDisk|346|Saved image to C:\Users\nicka\AppData\Local\NINA\PlateSolver\x3dn1udk.ri1.fits
2026-05-25T22:01:59.8049|INFO|ImageSolver.cs|Solve|54|Platesolve successful: Coordinates: RA: 18:40:41; Dec: 85° 22' 57"; Epoch: J2000 - Position Angle: 96.77060329628
2026-05-25T22:01:59.8050|INFO|ImageSolver.cs|Solve|54|Platesolve successful: Coordinates: RA: 18:40:41; Dec: 85° 22' 57"; Epoch: J2000 - Position Angle: 96.77060329628
2026-05-25T22:01:59.8060|INFO|CenteringSolver.cs|Center|99|Centering Solver - Scope Position: RA: 18:33:54; Dec: 90° 00' 00"; Epoch: JNOW; Offset: RA: -00:01:08; Dec: 04° 35' 56"; Distance: 04° 35' 56"; Bearing: -179° 42' 58"; Centering Coordinates: RA: 00:01:21; Dec: 00° 08' 48"; Epoch: JNOW; Solved: RA: 18:35:02; Dec: 85° 24' 05"; Epoch: JNOW; Separation RA: -18:33:41; Dec: -85° 15' 17"; Distance: 89° 10' 52"; Bearing: 04° 32' 58"; Threshold: 2
2026-05-25T22:02:02.8945|ERROR|AscomTelescope.cs|Sync|634
ASCOM.InvalidOperationException: SyncToTarget failed.
 ---> System.Runtime.InteropServices.COMException (0x8004040B): SyncToTarget failed.
   --- End of inner exception stack trace ---
   at ASCOM.Com.DriverAccess.DynamicAccess.CheckDotNetExceptions(String memberName, Exception e) in J:\ASCOMLibrary\ASCOM.Com\ASCOM.Com.DriverAccess\BaseClass\DynamicAccess.cs:line 205
   at ASCOM.Com.DriverAccess.DynamicAccess.TryInvokeMember(InvokeMemberBinder binder, Object[] args, Object& result) in J:\ASCOMLibrary\ASCOM.Com\ASCOM.Com.DriverAccess\BaseClass\DynamicAccess.cs:line 73
   at CallSite.Target(Closure, CallSite, Object, Double, Double)
   at ASCOM.Com.DriverAccess.Telescope.SyncToCoordinates(Double RightAscension, Double Declination) in J:\ASCOMLibrary\ASCOM.Com\ASCOM.Com.DriverAccess\Telescope.cs:line 611
   at NINA.Equipment.Equipment.MyTelescope.AscomTelescope.Sync(Coordinates coordinates) in /_/NINA.Equipment/Equipment/MyTelescope/AscomTelescope.cs:line 630
2026-05-25T22:02:02.8955|INFO|TelescopeVM.cs|Sync|777|FAILED - Syncing scope from RA: 18:33:54; Dec: 90° 00' 00"; Epoch: JNOW to RA: 18:35:02; Dec: 85° 24' 05"; Epoch: JNOW
2026-05-25T22:02:07.1039|WARNING|DeviceUpdateTimer.cs|Run|115|Mount value update cycle took longer than the device poll interval (Total: 6.02s > 2s; Poll: 00:00:06.0152784; Update: 00:00:00.0003572)
2026-05-25T22:02:07.8962|INFO|CenteringSolver.cs|Center|111|Sync failed - calculating offset instead to compensate.  Original: RA: 18:35:02; Dec: 85° 24' 04"; Epoch: JNOW; Original Offset RA: -00:01:08; Dec: 04° 35' 56"; Distance: 04° 35' 56"; Bearing: -179° 42' 58"; Solved: RA: 18:35:02; Dec: 85° 24' 05"; Epoch: JNOW; New Offset: RA: -00:01:08; Dec: 04° 35' 55"; Distance: 04° 35' 55"; Bearing: -179° 43' 07"
2026-05-25T22:02:07.8970|INFO|CenteringSolver.cs|Center|132|Slewing to target after sync. Current Position: RA: 18:33:54; Dec: 90° 00' 00"; Epoch: JNOW; Target coordinates: RA: 00:01:21; Dec: 00° 08' 48"; Epoch: JNOW; Offset RA: -00:01:08; Dec: 04° 35' 55"; Distance: 04° 35' 55"; Bearing: -179° 43' 07"
2026-05-25T22:02:07.9000|INFO|TelescopeVM.cs|SlewAsyncInternal|910|Slewing from RA: 18:33:54; Dec: 90° 00' 00"; Epoch: JNOW to RA: 00:00:13; Dec: 04° 44' 43"; Epoch: JNOW - Alt: -52° 31' 28"; Az: 16° 11' 26"
2026-05-25T22:02:13.2826|ERROR|AscomTelescope.cs|SlewToCoordinates|579
ASCOM.InvalidOperationException: Slew To Normal Pointing failed.
 ---> System.Runtime.InteropServices.COMException (0x8004040B): Slew To Normal Pointing failed.
   --- End of inner exception stack trace ---
   at ASCOM.Common.ClientExtensions.CheckOutcome(Task processTask, ILogger logger, String callingMethodName, CancellationToken cancellationToken) in J:\ASCOMLibrary\ASCOM.Common\ClientExtensions.cs:line 1155
   at ASCOM.Common.ClientExtensions.SlewToCoordinatesTaskAsync(ITelescopeV3 device, Double rightAscension, Double declination, CancellationToken cancellationToken, Int32 pollInterval, ILogger logger) in J:\ASCOMLibrary\ASCOM.Common\ClientExtensions.cs:line 947
   at NINA.Equipment.Equipment.MyTelescope.AscomTelescope.SlewToCoordinates(Coordinates coordinates, CancellationToken token) in /_/NINA.Equipment/Equipment/MyTelescope/AscomTelescope.cs:line 565
2026-05-25T22:02:18.3362|ERROR|CenteringSolver.cs|Center|160|Cancelling centering after 10 unsuccessful slew attempts
2026-05-25T22:02:18.3386|INFO|CenteringSolver.cs|Center|165|Restoring filter to H after centering
2026-05-25T22:02:18.3401|INFO|FilterWheelVM.cs|ChangeFilter|112|Moving to Filter H at Position 5
2026-05-25T22:02:18.5453|INFO|FocuserVM.cs|MoveFocuserInternal|216|Moving Focuser to position 387351
2026-05-25T22:02:21.6596|ERROR|SequenceItem.cs|Run|263|Category: Telescope, Item: Center, Coordinates RA: 00:00:00; Dec: 00° 00' 00"; Epoch: J2000 - 
NINA.Core.Model.SequenceEntityFailedException: Plate solve failed
   at NINA.Sequencer.SequenceItem.Platesolving.Center.Execute(IProgress`1 progress, CancellationToken token) in /_/NINA.Sequencer/SequenceItem/Platesolving/Center.cs:line 196
   at NINA.Sequencer.SequenceItem.SequenceItem.Run(IProgress`1 progress, CancellationToken token) in /_/NINA.Sequencer/SequenceItem/SequenceItem.cs:line 249
2026-05-25T22:02:21.6789|ERROR|SequenceItem.cs|RunErrorBehavior|195|Instruction Slew and center failed after 1 attempt. Error behavior is set to ContinueOnError. Continuing.
2026-05-25T22:02:21.6831|ERROR|MeridianFlipTrigger.cs|ShouldTrigger|234|Side of Pier usage is enabled, however the side of pier reported by the driver is unknown. Ignoring side of pier to calculate the flip time
2026-05-25T22:02:21.6848|INFO|MeridianFlipTrigger.cs|ShouldTrigger|296|Meridian Flip - (Side of Pier usage is disabled) There is still time remaining. Max remaining time 05:51:26.7199482, next instruction time 0, next instruction Category: Telescope, Item: SetTracking, TrackingMode: Sidereal
2026-05-25T22:02:21.6853|INFO|SequenceItem.cs|Run|208|Starting Category: Telescope, Item: SetTracking, TrackingMode: Sidereal
2026-05-25T22:02:21.6946|INFO|SequenceItem.cs|Run|254|Finishing Category: Telescope, Item: SetTracking, TrackingMode: Sidereal
2026-05-25T22:02:21.7051|ERROR|MeridianFlipTrigger.cs|ShouldTrigger|234|Side of Pier usage is enabled, however the side of pier reported by the driver is unknown. Ignoring side of pier to calculate the flip time
2026-05-25T22:02:21.7055|INFO|MeridianFlipTrigger.cs|ShouldTrigger|296|Meridian Flip - (Side of Pier usage is disabled) There is still time remaining. Max remaining time 05:51:26.7199482, next instruction time 690, next instruction Category: Focuser, Item: RunAutofocus
2026-05-25T22:02:21.7058|INFO|SequenceItem.cs|Run|208|Starting Category: Focuser, Item: RunAutofocus
2026-05-25T22:02:21.8783|INFO|FocuserMediator.cs|BroadcastAutoFocusRunStarting|92|Autofocus starting notification received
2026-05-25T22:02:21.8820|INFO|PHD2Guider.cs|StopGuiding|704|Phd2 - Stop Guiding skipped, as the app is already in state Stopped
2026-05-25T22:02:21.8861|INFO|FilterWheelVM.cs|ChangeFilter|112|Moving to Filter L at Position 0
2026-05-25T22:02:22.0911|INFO|FocuserVM.cs|MoveFocuserInternal|216|Moving Focuser to position 387329
2026-05-25T22:02:31.6514|INFO|AutoFocusEngine.cs|RunAutoFocus|929|Starting AutoFocus with initial position 387329
2026-05-25T22:02:31.6681|INFO|CameraVM.cs|Capture|742|Starting Exposure - Exposure Time: 3s; Filter: L; Gain: 270; Offset 50; Binning: 1x1;
2026-05-25T22:02:36.2759|INFO|AutoFocusEngine.cs|StartBlindFocusPoints|769|Waiting on initial HFR analysis
2026-05-25T22:02:36.2791|INFO|FocuserVM.cs|MoveFocuserInternal|216|Moving Focuser to position 387465
2026-05-25T22:02:38.0523|INFO|HocusFocusStarDetection.cs|Detect|413|Average HFR: 1.8863285225841913, HFR MAD: 0.19019485248632656, Detected Stars 381, Region: 0
2026-05-25T22:02:41.6650|INFO|CameraVM.cs|Capture|742|Starting Exposure - Exposure Time: 3s; Filter: L; Gain: 270; Offset 50; Binning: 1x1;
2026-05-25T22:02:46.2378|INFO|FocuserVM.cs|MoveFocuserInternal|216|Moving Focuser to position 387431
2026-05-25T22:02:47.5168|INFO|HocusFocusStarDetection.cs|Detect|413|Average HFR: 3.4145172442917144, HFR MAD: 1.3727033879043344, Detected Stars 153, Region: 0
2026-05-25T22:02:53.6523|INFO|CameraVM.cs|Capture|742|Starting Exposure - Exposure Time: 3s; Filter: L; Gain: 270; Offset 50; Binning: 1x1;
2026-05-25T22:02:58.2349|INFO|FocuserVM.cs|MoveFocuserInternal|216|Moving Focuser to position 387397
2026-05-25T22:02:59.6701|INFO|HocusFocusStarDetection.cs|Detect|413|Average HFR: 2.9675055020419885, HFR MAD: 0.861927714068919, Detected Stars 228, Region: 0
2026-05-25T22:03:05.6815|INFO|CameraVM.cs|Capture|742|Starting Exposure - Exposure Time: 3s; Filter: L; Gain: 270; Offset 50; Binning: 1x1;
2026-05-25T22:03:10.2606|INFO|FocuserVM.cs|MoveFocuserInternal|216|Moving Focuser to position 387363
2026-05-25T22:03:11.5193|INFO|HocusFocusStarDetection.cs|Detect|413|Average HFR: 2.3551807696627804, HFR MAD: 0.4877782870245378, Detected Stars 320, Region: 0
2026-05-25T22:03:17.6618|INFO|CameraVM.cs|Capture|742|Starting Exposure - Exposure Time: 3s; Filter: L; Gain: 270; Offset 50; Binning: 1x1;
2026-05-25T22:03:22.2529|INFO|AutoFocusEngine.cs|StartBlindFocusPoints|797|Waiting on initial focuser move analyses
2026-05-25T22:03:23.5454|INFO|HocusFocusStarDetection.cs|Detect|413|Average HFR: 1.861136728027358, HFR MAD: 0.2387845984775921, Detected Stars 315, Region: 0
2026-05-25T22:03:23.6483|INFO|FocuserVM.cs|MoveFocuserInternal|216|Moving Focuser to position 387329
2026-05-25T22:03:31.6865|INFO|CameraVM.cs|Capture|742|Starting Exposure - Exposure Time: 3s; Filter: L; Gain: 270; Offset 50; Binning: 1x1;
2026-05-25T22:03:36.2811|INFO|AutoFocusEngine.cs|StartBlindFocusPoints|870|Waiting on next left movement analysis
2026-05-25T22:03:37.5515|INFO|HocusFocusStarDetection.cs|Detect|413|Average HFR: 1.752978987359139, HFR MAD: 0.15486566937447516, Detected Stars 354, Region: 0
2026-05-25T22:03:37.7351|INFO|FocuserVM.cs|MoveFocuserInternal|216|Moving Focuser to position 387295
2026-05-25T22:03:47.6621|INFO|CameraVM.cs|Capture|742|Starting Exposure - Exposure Time: 3s; Filter: L; Gain: 270; Offset 50; Binning: 1x1;
2026-05-25T22:03:52.2651|INFO|AutoFocusEngine.cs|StartBlindFocusPoints|870|Waiting on next left movement analysis
2026-05-25T22:03:53.5441|INFO|HocusFocusStarDetection.cs|Detect|413|Average HFR: 2.4512667339629473, HFR MAD: 0.3163653238582404, Detected Stars 392, Region: 0
2026-05-25T22:03:53.6327|INFO|AutoFocusEngine.cs|StartBlindFocusPoints|841|Enough right trend points (4) with an established minimum (387329) to queue remaining left focus points down to 387193
2026-05-25T22:03:53.6341|INFO|FocuserVM.cs|MoveFocuserInternal|216|Moving Focuser to position 387261
2026-05-25T22:04:01.6881|INFO|CameraVM.cs|Capture|742|Starting Exposure - Exposure Time: 3s; Filter: L; Gain: 270; Offset 50; Binning: 1x1;
2026-05-25T22:04:06.2810|INFO|FocuserVM.cs|MoveFocuserInternal|216|Moving Focuser to position 387227
2026-05-25T22:04:07.5461|INFO|HocusFocusStarDetection.cs|Detect|413|Average HFR: 3.606166491637583, HFR MAD: 0.40542579568787646, Detected Stars 285, Region: 0
2026-05-25T22:04:13.6792|INFO|CameraVM.cs|Capture|742|Starting Exposure - Exposure Time: 3s; Filter: L; Gain: 270; Offset 50; Binning: 1x1;
2026-05-25T22:04:18.2745|INFO|FocuserVM.cs|MoveFocuserInternal|216|Moving Focuser to position 387193
2026-05-25T22:04:19.5382|INFO|HocusFocusStarDetection.cs|Detect|413|Average HFR: 4.912949823481568, HFR MAD: 0.41778634005393567, Detected Stars 180, Region: 0
2026-05-25T22:04:25.6540|INFO|CameraVM.cs|Capture|742|Starting Exposure - Exposure Time: 3s; Filter: L; Gain: 270; Offset 50; Binning: 1x1;
2026-05-25T22:04:30.2552|INFO|AutoFocusEngine.cs|StartBlindFocusPoints|896|Waiting on remaining AutoFocus analysis tasks
2026-05-25T22:04:31.5302|INFO|HocusFocusStarDetection.cs|Detect|413|Average HFR: 6.9614269527276145, HFR MAD: 0.3471616224205162, Detected Stars 78, Region: 0
2026-05-25T22:04:31.5653|INFO|FocuserVM.cs|MoveFocuserInternal|216|Moving Focuser to position 387333
2026-05-25T22:04:35.6784|INFO|AutoFocusEngine.cs|ValidateCalculatedFocusPosition|1141|Validating HFR at final focus position 387333
2026-05-25T22:04:35.6864|INFO|CameraVM.cs|Capture|742|Starting Exposure - Exposure Time: 3s; Filter: L; Gain: 270; Offset 50; Binning: 1x1;
2026-05-25T22:04:41.5401|INFO|HocusFocusStarDetection.cs|Detect|413|Average HFR: 1.7974506581159004, HFR MAD: 0.16685708734686516, Detected Stars 355, Region: 0
2026-05-25T22:04:41.5461|INFO|HocusFocusVM.cs|AutoFocusEngine_Completed|472|AutoFocus completed with focuser starting at 387329 and ending at 387333
2026-05-25T22:04:41.6356|INFO|FocuserMediator.cs|BroadcastSuccessfulAutoFocusRun|46|Autofocus notification received - Temperature 28.43000030517578
2026-05-25T22:04:41.6402|INFO|FilterWheelVM.cs|ChangeFilter|112|Moving to Filter H at Position 5
2026-05-25T22:04:41.6419|INFO|FocuserVM.cs|MoveFocuserInternal|216|Moving Focuser to position 387355
2026-05-25T22:04:45.6728|INFO|SequenceItem.cs|Run|254|Finishing Category: Focuser, Item: RunAutofocus
2026-05-25T22:04:45.6737|ERROR|MeridianFlipTrigger.cs|ShouldTrigger|234|Side of Pier usage is enabled, however the side of pier reported by the driver is unknown. Ignoring side of pier to calculate the flip time
2026-05-25T22:04:45.6743|INFO|MeridianFlipTrigger.cs|ShouldTrigger|296|Meridian Flip - (Side of Pier usage is disabled) There is still time remaining. Max remaining time 05:49:02.2571240, next instruction time 0, next instruction Category: Guider, Item: StartGuiding
2026-05-25T22:04:45.6748|INFO|SequenceItem.cs|Run|208|Starting Category: Guider, Item: StartGuiding
2026-05-25T22:04:45.7152|INFO|PHD2Guider.cs|TryStartGuideCommand|641|Phd2 - Requesting to start guiding. Recalibrate: False
2026-05-25T22:04:53.1162|INFO|PHD2Client.cs|ProcessEvent|261|PHD2: StartGuiding
2026-05-25T22:04:53.1169|INFO|PHD2Client.cs|StartNewGuidingSession|393|PHD2Client: New guiding session started
2026-05-25T22:04:53.1256|INFO|PHD2Client.cs|QueryExposureTime|1216|PHD2Client: Exposure time from PHD2 API: 2.000 seconds (2000 ms)
2026-05-25T22:06:17.3757|INFO|TsProgressReader.cs|ReadProgressDelta|75|[Subframes] TS progress delta: DB not found at C:\Users\nicka\AppData\Local\NINA\SchedulerPlugin — Target Scheduler not installed or DB path mismatch.
2026-05-25T22:06:26.4752|INFO|PHD2Client.cs|HandleSettleDone|343|PHD2Client: SettleDone - Status=1, Success=False, TotalFrames=20, DroppedFrames=0
2026-05-25T22:06:26.4764|WARNING|DitherStatisticsVM.cs|OnPHD2SettleDone|772|⚠️ SettleDone received but no currentDither exists (race condition?)
2026-05-25T22:06:26.9525|ERROR|PHD2Guider.cs|ProcessEvent|937|PHD2 error:timed-out waiting for guider to settle
2026-05-25T22:06:27.1574|INFO|SequenceItem.cs|Run|254|Finishing Category: Guider, Item: StartGuiding
2026-05-25T22:06:27.1580|INFO|LoopCondition.cs|Check|75|LoopCondition finished. Iterations: 1 / 1
2026-05-25T22:06:27.1585|INFO|SequenceItem.cs|Run|254|Finishing Category: , Container: WhenPlugin.When.IfContainer, Strategy: SequentialStrategy, Items[FINISHED]: 5, Items[FAILED]: 1, Conditions: Condition: LoopCondition, Iterations: 1/1, Condition: SafetyMonitorCondition, 
2026-05-25T22:06:27.1587|INFO|SequenceItem.cs|Run|254|Finishing Category: Powerups (Safety), Item: OnceSafe
2026-05-25T22:06:27.1590|INFO|SequenceItem.cs|Run|254|Finishing Category: , Container: WhenPlugin.When.IfContainer, Strategy: SequentialStrategy, Items[FINISHED]: 9
2026-05-25T22:06:27.1597|INFO|WhenCommon.cs|Execute|425|When: Execute done; InFlight -> false, Triggered false
2026-05-25T22:06:27.1603|INFO|MeridianFlipTrigger.cs|ShouldTrigger|265|Meridian Flip - There is still time remaining - max remaining time 05:47:44.7759086, next instruction time 0, next instruction Category: Utility, Item: WaitForTime, Time: 21:19:16h, Offset: -15 - and the telescope reports expected pier side pierWest. Automated Flip is not necessary.
2026-05-25T22:06:27.1605|INFO|SequenceItem.cs|Run|208|Starting Category: Utility, Item: WaitForTime, Time: 21:19:16h, Offset: -15
2026-05-25T22:06:27.1610|INFO|SequenceItem.cs|Run|254|Finishing Category: Utility, Item: WaitForTime, Time: 21:19:16h, Offset: -15
2026-05-25T22:06:27.1612|INFO|MeridianFlipTrigger.cs|ShouldTrigger|265|Meridian Flip - There is still time remaining - max remaining time 05:47:44.7759086, next instruction time 0, next instruction Category: Ground Station, Item: Send to Telegram - and the telescope reports expected pier side pierWest. Automated Flip is not necessary.
2026-05-25T22:06:27.1613|INFO|SequenceItem.cs|Run|208|Starting Category: Ground Station, Item: Send to Telegram
2026-05-25T22:06:27.7990|INFO|SequenceItem.cs|Run|254|Finishing Category: Ground Station, Item: Send to Telegram
2026-05-25T22:06:27.7999|INFO|MeridianFlipTrigger.cs|ShouldTrigger|265|Meridian Flip - There is still time remaining - max remaining time 05:47:42.9611898, next instruction time 0, next instruction Category: Ground Station, Item: Send to Pushover, Title: Focusing - and the telescope reports expected pier side pierWest. Automated Flip is not necessary.
2026-05-25T22:06:27.8001|INFO|SequenceItem.cs|Run|208|Starting Category: Ground Station, Item: Send to Pushover, Title: Focusing
2026-05-25T22:06:27.9680|INFO|SequenceItem.cs|Run|254|Finishing Category: Ground Station, Item: Send to Pushover, Title: Focusing
2026-05-25T22:06:27.9701|INFO|MeridianFlipTrigger.cs|ShouldTrigger|265|Meridian Flip - There is still time remaining - max remaining time 05:47:42.9611898, next instruction time 0, next instruction Category: Telescope, Item: SlewScopeToRaDec, Coordinates: RA: 00:00:00; Dec: 85° 00' 00"; Epoch: J2000 - and the telescope reports expected pier side pierWest. Automated Flip is not necessary.
2026-05-25T22:06:27.9710|INFO|SequenceItem.cs|Run|208|Starting Category: Telescope, Item: SlewScopeToRaDec, Coordinates: RA: 00:00:00; Dec: 85° 00' 00"; Epoch: J2000
2026-05-25T22:06:29.0790|INFO|PHD2Client.cs|ProcessEvent|268|PHD2: ConfigurationChange
2026-05-25T22:06:29.0884|WARNING|PHD2Client.cs|ProcessEvent|252|PHD2: LockPositionLost
2026-05-25T22:06:29.2179|INFO|PHD2Client.cs|QueryExposureTime|1216|PHD2Client: Exposure time from PHD2 API: 2.000 seconds (2000 ms)
2026-05-25T22:06:30.0273|INFO|TelescopeVM.cs|SlewAsyncInternal|910|Slewing from RA: 18:34:18; Dec: 89° 59' 59"; Epoch: JNOW to RA: 00:01:10; Dec: 85° 08' 33"; Epoch: JNOW - Alt: 26° 46' 10"; Az: 01° 00' 19"
2026-05-25T22:06:59.2490|INFO|PHD2Guider.cs|TryStartGuideCommand|641|Phd2 - Requesting to start guiding. Recalibrate: False
2026-05-25T22:07:06.3631|INFO|PHD2Client.cs|ProcessEvent|268|PHD2: ConfigurationChange
2026-05-25T22:07:06.4050|INFO|PHD2Client.cs|QueryExposureTime|1216|PHD2Client: Exposure time from PHD2 API: 2.000 seconds (2000 ms)
2026-05-25T22:07:06.4838|INFO|PHD2Client.cs|ProcessEvent|261|PHD2: StartGuiding
2026-05-25T22:07:06.4839|INFO|PHD2Client.cs|StartNewGuidingSession|393|PHD2Client: New guiding session started
2026-05-25T22:07:06.4960|INFO|PHD2Client.cs|QueryExposureTime|1216|PHD2Client: Exposure time from PHD2 API: 2.000 seconds (2000 ms)
2026-05-25T22:07:29.3486|INFO|PHD2Client.cs|HandleSettleDone|343|PHD2Client: SettleDone - Status=0, Success=True, TotalFrames=9, DroppedFrames=0
2026-05-25T22:07:29.3487|WARNING|DitherStatisticsVM.cs|OnPHD2SettleDone|772|⚠️ SettleDone received but no currentDither exists (race condition?)
2026-05-25T22:07:29.8736|INFO|SequenceItem.cs|Run|254|Finishing Category: Telescope, Item: SlewScopeToRaDec, Coordinates: RA: 00:00:00; Dec: 85° 00' 00"; Epoch: J2000
2026-05-25T22:07:29.8755|INFO|MeridianFlipTrigger.cs|ShouldTrigger|265|Meridian Flip - There is still time remaining - max remaining time 11:13:32.4809037, next instruction time 0, next instruction Category: Filter Wheel, Item: SwitchFilter, Filter: L - and the telescope reports expected pier side pierWest. Automated Flip is not necessary.
2026-05-25T22:07:29.8762|INFO|SequenceItem.cs|Run|208|Starting Category: Filter Wheel, Item: SwitchFilter, Filter: L
2026-05-25T22:07:29.8792|INFO|FilterWheelVM.cs|ChangeFilter|112|Moving to Filter L at Position 0
2026-05-25T22:07:30.0840|INFO|FocuserVM.cs|MoveFocuserInternal|216|Moving Focuser to position 387333
2026-05-25T22:07:39.6728|INFO|SequenceItem.cs|Run|254|Finishing Category: Filter Wheel, Item: SwitchFilter, Filter: L
2026-05-25T22:07:39.6736|INFO|MeridianFlipTrigger.cs|ShouldTrigger|265|Meridian Flip - There is still time remaining - max remaining time 11:13:21.0450209, next instruction time 180, next instruction Category: Focuser, Item: RunAutofocus - and the telescope reports expected pier side pierWest. Automated Flip is not necessary.
2026-05-25T22:07:39.6738|INFO|SequenceItem.cs|Run|208|Starting Category: Focuser, Item: RunAutofocus
2026-05-25T22:07:39.8029|INFO|FocuserMediator.cs|BroadcastAutoFocusRunStarting|92|Autofocus starting notification received
2026-05-25T22:07:39.8484|INFO|PHD2Client.cs|ProcessEvent|268|PHD2: ConfigurationChange
2026-05-25T22:07:39.8579|WARNING|PHD2Client.cs|ProcessEvent|252|PHD2: LockPositionLost
2026-05-25T22:07:39.9385|INFO|PHD2Client.cs|QueryExposureTime|1216|PHD2Client: Exposure time from PHD2 API: 2.000 seconds (2000 ms)
2026-05-25T22:07:40.8207|INFO|AutoFocusEngine.cs|RunAutoFocus|929|Starting AutoFocus with initial position 387333
2026-05-25T22:07:40.8274|INFO|CameraVM.cs|Capture|742|Starting Exposure - Exposure Time: 3s; Filter: L; Gain: 270; Offset 50; Binning: 1x1;
2026-05-25T22:07:45.4736|INFO|AutoFocusEngine.cs|StartBlindFocusPoints|769|Waiting on initial HFR analysis
2026-05-25T22:07:45.4753|INFO|FocuserVM.cs|MoveFocuserInternal|216|Moving Focuser to position 387469
2026-05-25T22:07:46.7318|INFO|HocusFocusStarDetection.cs|Detect|413|Average HFR: 1.7540637428846464, HFR MAD: 0.1803392814497163, Detected Stars 351, Region: 0
2026-05-25T22:07:49.6776|INFO|CameraVM.cs|Capture|742|Starting Exposure - Exposure Time: 3s; Filter: L; Gain: 270; Offset 50; Binning: 1x1;
2026-05-25T22:07:54.2791|INFO|FocuserVM.cs|MoveFocuserInternal|216|Moving Focuser to position 387435
2026-05-25T22:07:55.5341|INFO|HocusFocusStarDetection.cs|Detect|413|Average HFR: 3.4789805145551393, HFR MAD: 1.353743531301577, Detected Stars 144, Region: 0
2026-05-25T22:08:01.6578|INFO|CameraVM.cs|Capture|742|Starting Exposure - Exposure Time: 3s; Filter: L; Gain: 270; Offset 50; Binning: 1x1;
2026-05-25T22:08:06.2525|INFO|FocuserVM.cs|MoveFocuserInternal|216|Moving Focuser to position 387401
2026-05-25T22:08:07.5054|INFO|HocusFocusStarDetection.cs|Detect|413|Average HFR: 3.0058611944608353, HFR MAD: 1.0063850154492784, Detected Stars 206, Region: 0
2026-05-25T22:08:13.6695|INFO|CameraVM.cs|Capture|742|Starting Exposure - Exposure Time: 3s; Filter: L; Gain: 270; Offset 50; Binning: 1x1;
2026-05-25T22:08:18.2788|INFO|FocuserVM.cs|MoveFocuserInternal|216|Moving Focuser to position 387367
2026-05-25T22:08:19.5221|INFO|HocusFocusStarDetection.cs|Detect|413|Average HFR: 2.410621445491424, HFR MAD: 0.6064684094590865, Detected Stars 307, Region: 0
2026-05-25T22:08:25.6808|INFO|CameraVM.cs|Capture|742|Starting Exposure - Exposure Time: 3s; Filter: L; Gain: 270; Offset 50; Binning: 1x1;
2026-05-25T22:08:30.2606|INFO|AutoFocusEngine.cs|StartBlindFocusPoints|797|Waiting on initial focuser move analyses
2026-05-25T22:08:31.5224|INFO|HocusFocusStarDetection.cs|Detect|413|Average HFR: 1.9907641058224086, HFR MAD: 0.33690494229565393, Detected Stars 373, Region: 0
2026-05-25T22:08:31.5754|INFO|FocuserVM.cs|MoveFocuserInternal|216|Moving Focuser to position 387333
2026-05-25T22:08:39.6406|INFO|CameraVM.cs|Capture|742|Starting Exposure - Exposure Time: 3s; Filter: L; Gain: 270; Offset 50; Binning: 1x1;
2026-05-25T22:08:44.2239|INFO|AutoFocusEngine.cs|StartBlindFocusPoints|870|Waiting on next left movement analysis
2026-05-25T22:08:45.5055|INFO|HocusFocusStarDetection.cs|Detect|413|Average HFR: 1.7554477398463209, HFR MAD: 0.17065226161147393, Detected Stars 350, Region: 0
2026-05-25T22:08:45.5311|INFO|FocuserVM.cs|MoveFocuserInternal|216|Moving Focuser to position 387299
2026-05-25T22:08:53.6467|INFO|CameraVM.cs|Capture|742|Starting Exposure - Exposure Time: 3s; Filter: L; Gain: 270; Offset 50; Binning: 1x1;
2026-05-25T22:08:58.2350|INFO|AutoFocusEngine.cs|StartBlindFocusPoints|870|Waiting on next left movement analysis
2026-05-25T22:08:59.5261|INFO|HocusFocusStarDetection.cs|Detect|413|Average HFR: 1.9879304546088528, HFR MAD: 0.24709137535597211, Detected Stars 481, Region: 0
2026-05-25T22:08:59.5521|INFO|AutoFocusEngine.cs|StartBlindFocusPoints|841|Enough right trend points (4) with an established minimum (387333) to queue remaining left focus points down to 387197
2026-05-25T22:08:59.5538|INFO|FocuserVM.cs|MoveFocuserInternal|216|Moving Focuser to position 387265
2026-05-25T22:09:07.6791|INFO|CameraVM.cs|Capture|742|Starting Exposure - Exposure Time: 3s; Filter: L; Gain: 270; Offset 50; Binning: 1x1;
2026-05-25T22:09:12.2909|INFO|FocuserVM.cs|MoveFocuserInternal|216|Moving Focuser to position 387231
2026-05-25T22:09:13.5680|INFO|HocusFocusStarDetection.cs|Detect|413|Average HFR: 2.9111027469258133, HFR MAD: 0.38934257066157296, Detected Stars 376, Region: 0
2026-05-25T22:09:19.6735|INFO|CameraVM.cs|Capture|742|Starting Exposure - Exposure Time: 3s; Filter: L; Gain: 270; Offset 50; Binning: 1x1;
2026-05-25T22:09:24.2730|INFO|FocuserVM.cs|MoveFocuserInternal|216|Moving Focuser to position 387197
2026-05-25T22:09:25.5387|INFO|HocusFocusStarDetection.cs|Detect|413|Average HFR: 4.470267639842347, HFR MAD: 0.4222977689619559, Detected Stars 207, Region: 0
2026-05-25T22:09:31.6768|INFO|CameraVM.cs|Capture|742|Starting Exposure - Exposure Time: 3s; Filter: L; Gain: 270; Offset 50; Binning: 1x1;
2026-05-25T22:09:36.2742|INFO|AutoFocusEngine.cs|StartBlindFocusPoints|896|Waiting on remaining AutoFocus analysis tasks
2026-05-25T22:09:37.5322|INFO|HocusFocusStarDetection.cs|Detect|413|Average HFR: 6.248166601810313, HFR MAD: 0.38692702545968544, Detected Stars 103, Region: 0
2026-05-25T22:09:37.5594|INFO|FocuserVM.cs|MoveFocuserInternal|216|Moving Focuser to position 387321
2026-05-25T22:09:41.6745|INFO|AutoFocusEngine.cs|ValidateCalculatedFocusPosition|1141|Validating HFR at final focus position 387321
2026-05-25T22:09:41.6817|INFO|CameraVM.cs|Capture|742|Starting Exposure - Exposure Time: 3s; Filter: L; Gain: 270; Offset 50; Binning: 1x1;
2026-05-25T22:09:47.5435|INFO|HocusFocusStarDetection.cs|Detect|413|Average HFR: 1.7606064666334325, HFR MAD: 0.16095346155469256, Detected Stars 352, Region: 0
2026-05-25T22:09:47.5441|INFO|HocusFocusVM.cs|AutoFocusEngine_Completed|472|AutoFocus completed with focuser starting at 387333 and ending at 387321
2026-05-25T22:09:47.5459|INFO|FocuserMediator.cs|BroadcastSuccessfulAutoFocusRun|46|Autofocus notification received - Temperature 27.889999389648438
2026-05-25T22:09:47.5525|INFO|PHD2Guider.cs|TryStartGuideCommand|641|Phd2 - Requesting to start guiding. Recalibrate: False
2026-05-25T22:09:54.8714|INFO|PHD2Client.cs|ProcessEvent|261|PHD2: StartGuiding
2026-05-25T22:09:54.8715|INFO|PHD2Client.cs|StartNewGuidingSession|393|PHD2Client: New guiding session started
2026-05-25T22:09:54.8836|INFO|PHD2Client.cs|QueryExposureTime|1216|PHD2Client: Exposure time from PHD2 API: 2.000 seconds (2000 ms)
2026-05-25T22:10:17.0508|INFO|PHD2Client.cs|HandleSettleDone|343|PHD2Client: SettleDone - Status=0, Success=True, TotalFrames=9, DroppedFrames=0
2026-05-25T22:10:17.0511|WARNING|DitherStatisticsVM.cs|OnPHD2SettleDone|772|⚠️ SettleDone received but no currentDither exists (race condition?)
2026-05-25T22:10:17.6889|INFO|SequenceItem.cs|Run|254|Finishing Category: Focuser, Item: RunAutofocus
2026-05-25T22:10:17.6893|INFO|MeridianFlipTrigger.cs|ShouldTrigger|265|Meridian Flip - There is still time remaining - max remaining time 11:10:42.5616694, next instruction time 0, next instruction Category: Utility, Item: WaitForTime, Time: 21:34:16h, Offset: 0 - and the telescope reports expected pier side pierWest. Automated Flip is not necessary.
2026-05-25T22:10:17.6894|INFO|SequenceItem.cs|Run|208|Starting Category: Utility, Item: WaitForTime, Time: 21:34:16h, Offset: 0
2026-05-25T22:10:17.6895|INFO|SequenceItem.cs|Run|254|Finishing Category: Utility, Item: WaitForTime, Time: 21:34:16h, Offset: 0
2026-05-25T22:10:17.6896|INFO|MeridianFlipTrigger.cs|ShouldTrigger|265|Meridian Flip - There is still time remaining - max remaining time 11:10:42.5616694, next instruction time 0, next instruction Category: Ground Station, Item: Send to Telegram - and the telescope reports expected pier side pierWest. Automated Flip is not necessary.
2026-05-25T22:10:17.6897|INFO|SequenceItem.cs|Run|208|Starting Category: Ground Station, Item: Send to Telegram
2026-05-25T22:10:18.3119|INFO|SequenceItem.cs|Run|254|Finishing Category: Ground Station, Item: Send to Telegram
2026-05-25T22:10:18.3128|INFO|MeridianFlipTrigger.cs|ShouldTrigger|265|Meridian Flip - There is still time remaining - max remaining time 11:10:42.5616694, next instruction time 0, next instruction Category: Ground Station, Item: Send to Pushover, Title: Focus Done - and the telescope reports expected pier side pierWest. Automated Flip is not necessary.
2026-05-25T22:10:18.3130|INFO|SequenceItem.cs|Run|208|Starting Category: Ground Station, Item: Send to Pushover, Title: Focus Done
2026-05-25T22:10:18.4779|INFO|SequenceItem.cs|Run|254|Finishing Category: Ground Station, Item: Send to Pushover, Title: Focus Done
2026-05-25T22:10:18.4792|INFO|MeridianFlipTrigger.cs|ShouldTrigger|265|Meridian Flip - There is still time remaining - max remaining time 11:10:42.5616694, next instruction time 0, next instruction Night Summary - Start Session - and the telescope reports expected pier side pierWest. Automated Flip is not necessary.
2026-05-25T22:10:18.4800|INFO|SequenceItem.cs|Run|208|Starting Night Summary - Start Session
2026-05-25T22:10:18.4813|INFO|NightSummaryInstruction.cs|Execute|29|NightSummary: Start Session instruction executing
2026-05-25T22:10:18.5266|INFO|SessionCollector.cs|StartSession|103|NightSummary: Session started. SessionId=d3762070-90a7-4ced-a476-a58b5f16033a
2026-05-25T22:10:18.5429|INFO|SessionService.cs|StartSession|143|NightSummary: Stored camera info — 3008×3008px, 3.76µm, 360mm focal
2026-05-25T22:10:18.5582|INFO|SessionService.cs|CaptureEquipmentNames|1112|NightSummary: Equipment captured — Camera=ZWO ASI533MM Pro, Telescope=AT60, Mount=iOptron CEM120,70,40,26, GEM, HEM, HAE, HAZ series and SkyHunter Mount, FilterWheel=ZWO FilterWheel, Focuser=ZWO Focuser, Rotator=n/a, Guider=PHD2
2026-05-25T22:10:18.5595|INFO|LiveStackCapture.cs|.ctor|52|NightSummary: LiveStackCapture subscribed to broadcast topic
2026-05-25T22:10:18.5596|INFO|SessionService.cs|StartSession|164|NightSummary: LiveStack capture started for this session
2026-05-25T22:10:18.5597|INFO|SequenceItem.cs|Run|254|Finishing Night Summary - Start Session
2026-05-25T22:10:18.5608|INFO|MeridianFlipTrigger.cs|ShouldTrigger|265|Meridian Flip - There is still time remaining - max remaining time 11:10:42.5616694, next instruction time 0, next instruction [StartSubframesSession] Target='Unknown Target' RA=0.0000 Dec=0.0000 - and the telescope reports expected pier side pierWest. Automated Flip is not necessary.
2026-05-25T22:10:18.5613|INFO|SequenceItem.cs|Run|208|Starting [StartSubframesSession] Target='Unknown Target' RA=0.0000 Dec=0.0000
2026-05-25T22:10:18.5680|INFO|TsPlannedTargetReader.cs|ReadPlannedTargets|28|[Subframes] Target Scheduler not detected (no database at C:\Users\nicka\AppData\Local\NINA\SchedulerPlugin)
2026-05-25T22:10:18.5681|INFO|StartSessionItem.cs|Execute|149|[Subframes] No Target Scheduler planned targets to include in session start
2026-05-25T22:10:18.7129|INFO|SubframesClient.cs|StartSessionAsync|230|[Subframes] Session started: 3756568f-4703-43be-b60c-328e59a276eb for target ''
2026-05-25T22:10:18.7269|INFO|SessionService.cs|StartSessionAsync|362|[Subframes] Session started: 3756568f-4703-43be-b60c-328e59a276eb target=''
2026-05-25T22:10:18.7338|INFO|Plugin.cs|OnSessionStarted|501|[Subframes] TS preview state: -> ACTIVE (session started).
2026-05-25T22:10:18.7342|INFO|CacheReplayEngine.cs|PauseForLiveSession|83|[Subframes] CacheReplayEngine: paused for live session.
2026-05-25T22:10:18.7356|INFO|SessionService.cs|RegisterSessionEventConsumers|1378|[Subframes] Registered as IFocuserConsumer — UpdateEndAutoFocusRun will be called by NINA after each autofocus run.
2026-05-25T22:10:18.7487|INFO|StartSessionItem.cs|Execute|177|[Subframes] StartSessionItem complete — session 3756568f-4703-43be-b60c-328e59a276eb
2026-05-25T22:10:18.7490|INFO|SequenceItem.cs|Run|254|Finishing [StartSubframesSession] Target='Unknown Target' RA=0.0000 Dec=0.0000
2026-05-25T22:10:18.7518|INFO|MeridianFlipTrigger.cs|ShouldTrigger|265|Meridian Flip - There is still time remaining - max remaining time 11:10:42.5616694, next instruction time 0, next instruction Category: Target Scheduler, Container: NINA.Plugin.TargetScheduler.Sequencer.TargetSchedulerContainer, Strategy: SequentialStrategy, Target:  RA: 00:00:00; Dec: 00° 00' 00"; Epoch: J2000 0 - and the telescope reports expected pier side pierWest. Automated Flip is not necessary.
2026-05-25T22:10:18.7522|INFO|SequenceItem.cs|Run|208|Starting Category: Target Scheduler, Container: NINA.Plugin.TargetScheduler.Sequencer.TargetSchedulerContainer, Strategy: SequentialStrategy, Target:  RA: 00:00:00; Dec: 00° 00' 00"; Epoch: J2000 0
2026-05-25T22:10:18.9407|INFO|Symbol.cs|OnMessageReceived|627|Received message from Target Scheduler re: TargetScheduler-NewTargetStart
2026-05-25T22:10:18.9410|INFO|Symbol.cs|OnMessageReceived|635|TS_TargetName = M 51
2026-05-25T22:10:18.9411|INFO|Symbol.cs|OnMessageReceived|636|Expires at 05/25/2026 22:52:42 -05:00
2026-05-25T22:10:18.9420|INFO|Symbol.cs|OnMessageReceived|627|Received message from Target Scheduler re: TargetScheduler-NewTargetStart
2026-05-25T22:10:18.9422|INFO|Symbol.cs|OnMessageReceived|635|TS_TargetName = M 51
2026-05-25T22:10:18.9422|INFO|Symbol.cs|OnMessageReceived|636|Expires at 05/25/2026 22:52:42 -05:00
2026-05-25T22:10:18.9533|INFO|Symbol.cs|OnMessageReceived|627|Received message from Target Scheduler re: TargetScheduler-TargetStart
2026-05-25T22:10:18.9533|INFO|Symbol.cs|OnMessageReceived|635|TS_TargetName = M 51
2026-05-25T22:10:18.9533|INFO|Symbol.cs|OnMessageReceived|636|Expires at 05/25/2026 22:52:42 -05:00
2026-05-25T22:10:18.9534|INFO|Symbol.cs|OnMessageReceived|627|Received message from Target Scheduler re: TargetScheduler-TargetStart
2026-05-25T22:10:18.9535|INFO|Symbol.cs|OnMessageReceived|635|TS_TargetName = M 51
2026-05-25T22:10:18.9535|INFO|Symbol.cs|OnMessageReceived|636|Expires at 05/25/2026 22:52:42 -05:00
2026-05-25T22:10:18.9546|INFO|MeridianFlipTrigger.cs|ShouldTrigger|265|Meridian Flip - There is still time remaining - max remaining time 11:10:42.5616694, next instruction time 0, next instruction NINA.Plugin.TargetScheduler.Sequencer.PlanSchedulerProgress - and the telescope reports expected pier side pierWest. Automated Flip is not necessary.
2026-05-25T22:10:18.9548|INFO|SequenceItem.cs|Run|208|Starting NINA.Plugin.TargetScheduler.Sequencer.PlanSchedulerProgress
2026-05-25T22:10:18.9585|INFO|SequenceItem.cs|Run|254|Finishing NINA.Plugin.TargetScheduler.Sequencer.PlanSchedulerProgress
2026-05-25T22:10:18.9687|INFO|MeridianFlipTrigger.cs|ShouldTrigger|265|Meridian Flip - There is still time remaining - max remaining time 11:10:42.5616694, next instruction time 0, next instruction Category: Scheduler, Item: Center, Coordinates RA: 13:29:53; Dec: 47° 11' 43"; Epoch: J2000 - and the telescope reports expected pier side pierWest. Automated Flip is not necessary.
2026-05-25T22:10:18.9688|INFO|SequenceItem.cs|Run|208|Starting Category: Scheduler, Item: Center, Coordinates RA: 13:29:53; Dec: 47° 11' 43"; Epoch: J2000
2026-05-25T22:10:19.3322|INFO|PHD2Client.cs|ProcessEvent|268|PHD2: ConfigurationChange
2026-05-25T22:10:19.3424|WARNING|PHD2Client.cs|ProcessEvent|252|PHD2: LockPositionLost
2026-05-25T22:10:19.4265|INFO|PHD2Client.cs|QueryExposureTime|1216|PHD2Client: Exposure time from PHD2 API: 2.000 seconds (2000 ms)
2026-05-25T22:10:19.4383|INFO|TsPreviewClient.cs|LookupCoordinatesByName|179|[Subframes] TsPreviewClient.LookupCoordinatesByName: TS database not found at C:\Users\nicka\AppData\Local\NINA\SchedulerPlugin
2026-05-25T22:10:20.0586|INFO|TelescopeVM.cs|SlewAsyncInternal|910|Slewing from RA: 00:01:07; Dec: 85° 08' 31"; Epoch: JNOW to RA: 13:31:02; Dec: 47° 03' 37"; Epoch: JNOW - Alt: 72° 24' 09"; Az: 25° 04' 47"
2026-05-25T22:10:23.0895|INFO|TsPreviewClient.cs|LookupCoordinatesByName|179|[Subframes] TsPreviewClient.LookupCoordinatesByName: TS database not found at C:\Users\nicka\AppData\Local\NINA\SchedulerPlugin
2026-05-25T22:10:23.0896|INFO|Plugin.cs|OnSessionStarted|534|[Subframes] Cached initial night preview: 7 blocks.
2026-05-25T22:10:23.0896|INFO|Plugin.cs|TrySendStationHeartbeatDebounced|969|[Subframes] Firing station heartbeat [session started].
2026-05-25T22:10:23.0898|INFO|TsProgressReader.cs|ReadProgressDelta|75|[Subframes] TS progress delta: DB not found at C:\Users\nicka\AppData\Local\NINA\SchedulerPlugin — Target Scheduler not installed or DB path mismatch.
2026-05-25T22:10:24.5364|INFO|CacheReplayEngine.cs|RunOneReplayPassAsync|151|[Subframes] CacheReplayEngine: 1 session(s) pending replay.
2026-05-25T22:11:10.2895|INFO|CameraVM.cs|Capture|742|Starting Exposure - Exposure Time: 2s; Filter: L; Gain: 275; Offset 50; Binning: 1x1;
2026-05-25T22:11:14.5457|INFO|ImageSolver.cs|Solve|41|Platesolving with parameters: FocalLength: 360 PixelSize: 3.76 SearchRadius: 30 BlindFailoverEnabled: True Regions: 5000 DownSampleFactor: 0 MaxObjects: 500 Reference Coordinates RA: 13:29:53 Dec: 47° 11' 43" Epoch: J2000
2026-05-25T22:11:14.8918|INFO|BaseImageData.cs|SaveToDisk|346|Saved image to C:\Users\nicka\AppData\Local\NINA\PlateSolver\ql4pdzgv.xn1.fits
2026-05-25T22:11:15.9339|INFO|ImageSolver.cs|Solve|54|Platesolve successful: Coordinates: RA: 13:32:33; Dec: 42° 36' 37"; Epoch: J2000 - Position Angle: 95.45400930195325
2026-05-25T22:11:15.9349|INFO|CenteringSolver.cs|Center|99|Centering Solver - Scope Position: RA: 13:31:02; Dec: 47° 03' 37"; Epoch: JNOW; Offset: RA: 00:00:00; Dec: 00° 00' 00"; Distance: 00° 00' 00"; Bearing: 00° 00' 00"; Centering Coordinates: RA: 13:31:02; Dec: 47° 03' 37"; Epoch: JNOW; Solved: RA: 13:33:44; Dec: 42° 28' 32"; Epoch: JNOW; Separation RA: -00:02:42; Dec: 04° 35' 04"; Distance: 04° 36' 34"; Bearing: -173° 47' 11"; Threshold: 2
2026-05-25T22:11:16.3959|INFO|TelescopeVM.cs|Sync|777|Syncing scope from RA: 13:31:02; Dec: 47° 03' 37"; Epoch: JNOW to RA: 13:33:44; Dec: 42° 28' 32"; Epoch: JNOW
2026-05-25T22:11:17.3749|INFO|TsProgressReader.cs|ReadProgressDelta|75|[Subframes] TS progress delta: DB not found at C:\Users\nicka\AppData\Local\NINA\SchedulerPlugin — Target Scheduler not installed or DB path mismatch.
2026-05-25T22:11:21.3972|INFO|CenteringSolver.cs|Center|132|Slewing to target after sync. Current Position: RA: 13:33:44; Dec: 42° 28' 32"; Epoch: JNOW; Target coordinates: RA: 13:31:02; Dec: 47° 03' 37"; Epoch: JNOW; Offset RA: 00:00:00; Dec: 00° 00' 00"; Distance: 00° 00' 00"; Bearing: 00° 00' 00"
2026-05-25T22:11:21.4002|INFO|TelescopeVM.cs|SlewAsyncInternal|910|Slewing from RA: 13:33:44; Dec: 42° 28' 32"; Epoch: JNOW to RA: 13:31:02; Dec: 47° 03' 37"; Epoch: JNOW - Alt: 72° 29' 39"; Az: 24° 35' 13"
2026-05-25T22:11:30.5701|INFO|CameraVM.cs|Capture|742|Starting Exposure - Exposure Time: 2s; Filter: L; Gain: 275; Offset 50; Binning: 1x1;
2026-05-25T22:11:34.8209|INFO|ImageSolver.cs|Solve|41|Platesolving with parameters: FocalLength: 360 PixelSize: 3.76 SearchRadius: 30 BlindFailoverEnabled: True Regions: 5000 DownSampleFactor: 0 MaxObjects: 500 Reference Coordinates RA: 13:29:53 Dec: 47° 11' 43" Epoch: J2000
2026-05-25T22:11:35.1672|INFO|BaseImageData.cs|SaveToDisk|346|Saved image to C:\Users\nicka\AppData\Local\NINA\PlateSolver\1lc3vjqm.ocd.fits
2026-05-25T22:11:35.9861|INFO|ImageSolver.cs|Solve|54|Platesolve successful: Coordinates: RA: 13:29:48; Dec: 47° 11' 30"; Epoch: J2000 - Position Angle: 95.45008210100258
2026-05-25T22:11:35.9872|INFO|CenteringSolver.cs|Center|99|Centering Solver - Scope Position: RA: 13:31:02; Dec: 47° 03' 37"; Epoch: JNOW; Offset: RA: 00:00:00; Dec: 00° 00' 00"; Distance: 00° 00' 00"; Bearing: 00° 00' 00"; Centering Coordinates: RA: 13:31:02; Dec: 47° 03' 37"; Epoch: JNOW; Solved: RA: 13:30:57; Dec: 47° 03' 24"; Epoch: JNOW; Separation RA: 00:00:05; Dec: 00° 00' 13"; Distance: 00° 00' 48"; Bearing: 105° 27' 21"; Threshold: 2
2026-05-25T22:11:35.9873|INFO|CenteringSolver.cs|Center|165|Restoring filter to L after centering
2026-05-25T22:11:35.9930|INFO|PHD2Guider.cs|TryStartGuideCommand|641|Phd2 - Requesting to start guiding. Recalibrate: False
2026-05-25T22:11:43.2543|INFO|PHD2Client.cs|ProcessEvent|261|PHD2: StartGuiding
2026-05-25T22:11:43.2544|INFO|PHD2Client.cs|StartNewGuidingSession|393|PHD2Client: New guiding session started
2026-05-25T22:11:43.2636|INFO|PHD2Client.cs|QueryExposureTime|1216|PHD2Client: Exposure time from PHD2 API: 2.000 seconds (2000 ms)
2026-05-25T22:12:05.7469|INFO|PHD2Client.cs|HandleSettleDone|343|PHD2Client: SettleDone - Status=0, Success=True, TotalFrames=10, DroppedFrames=0
2026-05-25T22:12:05.7470|WARNING|DitherStatisticsVM.cs|OnPHD2SettleDone|772|⚠️ SettleDone received but no currentDither exists (race condition?)
2026-05-25T22:12:06.1454|INFO|SequenceItem.cs|Run|254|Finishing Category: Scheduler, Item: Center, Coordinates RA: 13:29:53; Dec: 47° 11' 43"; Epoch: J2000
2026-05-25T22:12:06.1459|INFO|MeridianFlipTrigger.cs|ShouldTrigger|265|Meridian Flip - There is still time remaining - max remaining time 00:38:48.5432683, next instruction time 0, next instruction NINA.Plugin.TargetScheduler.Sequencer.PlanSchedulerProgress - and the telescope reports expected pier side pierWest. Automated Flip is not necessary.
2026-05-25T22:12:06.1461|INFO|SequenceItem.cs|Run|208|Starting NINA.Plugin.TargetScheduler.Sequencer.PlanSchedulerProgress
2026-05-25T22:12:06.1469|INFO|SequenceItem.cs|Run|254|Finishing NINA.Plugin.TargetScheduler.Sequencer.PlanSchedulerProgress
2026-05-25T22:12:06.1474|INFO|MeridianFlipTrigger.cs|ShouldTrigger|265|Meridian Flip - There is still time remaining - max remaining time 00:38:48.5432683, next instruction time 0, next instruction Category: , Container: NINA.Plugin.TargetScheduler.Sequencer.InstructionContainer, Strategy: InstructionContainerStrategy, Items[CREATED]: 2 - and the telescope reports expected pier side pierWest. Automated Flip is not necessary.
2026-05-25T22:12:06.1474|INFO|SequenceItem.cs|Run|208|Starting Category: , Container: NINA.Plugin.TargetScheduler.Sequencer.InstructionContainer, Strategy: InstructionContainerStrategy, Items[CREATED]: 2
2026-05-25T22:12:06.1511|INFO|MeridianFlipTrigger.cs|ShouldTrigger|265|Meridian Flip - There is still time remaining - max remaining time 00:38:48.5432683, next instruction time 0, next instruction [SubframesStartTarget] Target='Unknown Target' RA=0.0000 Dec=0.0000 - and the telescope reports expected pier side pierWest. Automated Flip is not necessary.
2026-05-25T22:12:06.1514|INFO|SequenceItem.cs|Run|208|Starting [SubframesStartTarget] Target='Unknown Target' RA=0.0000 Dec=0.0000
2026-05-25T22:12:06.1661|INFO|StartTargetItem.cs|Execute|95|[Subframes] StartTargetItem: target start returned null (API unavailable or older version).
2026-05-25T22:12:06.1663|INFO|SequenceItem.cs|Run|254|Finishing [SubframesStartTarget] Target='Unknown Target' RA=0.0000 Dec=0.0000
2026-05-25T22:12:06.1716|INFO|MeridianFlipTrigger.cs|ShouldTrigger|265|Meridian Flip - There is still time remaining - max remaining time 00:38:48.5432683, next instruction time 0, next instruction Category: Ground Station, Item: Send to Telegram - and the telescope reports expected pier side pierWest. Automated Flip is not necessary.
2026-05-25T22:12:06.1716|INFO|SequenceItem.cs|Run|208|Starting Category: Ground Station, Item: Send to Telegram
2026-05-25T22:12:06.7934|INFO|SequenceItem.cs|Run|254|Finishing Category: Ground Station, Item: Send to Telegram
2026-05-25T22:12:06.7957|INFO|SequenceItem.cs|Run|254|Finishing Category: , Container: NINA.Plugin.TargetScheduler.Sequencer.InstructionContainer, Strategy: InstructionContainerStrategy, Items[FINISHED]: 2
2026-05-25T22:12:06.7964|INFO|MeridianFlipTrigger.cs|ShouldTrigger|265|Meridian Flip - There is still time remaining - max remaining time 00:38:48.5432683, next instruction time 0, next instruction NINA.Plugin.TargetScheduler.Sequencer.PlanSchedulerProgress - and the telescope reports expected pier side pierWest. Automated Flip is not necessary.
2026-05-25T22:12:06.7967|INFO|SequenceItem.cs|Run|208|Starting NINA.Plugin.TargetScheduler.Sequencer.PlanSchedulerProgress
2026-05-25T22:12:06.7995|INFO|SequenceItem.cs|Run|254|Finishing NINA.Plugin.TargetScheduler.Sequencer.PlanSchedulerProgress
2026-05-25T22:12:06.8002|INFO|MeridianFlipTrigger.cs|ShouldTrigger|265|Meridian Flip - There is still time remaining - max remaining time 00:38:48.5432683, next instruction time 0, next instruction Category: Scheduler, Item: SwitchFilter, Filter: H - and the telescope reports expected pier side pierWest. Automated Flip is not necessary.
2026-05-25T22:12:06.8003|INFO|SequenceItem.cs|Run|208|Starting Category: Scheduler, Item: SwitchFilter, Filter: H
2026-05-25T22:12:06.8015|INFO|FilterWheelVM.cs|ChangeFilter|112|Moving to Filter H at Position 5
2026-05-25T22:12:07.0060|INFO|FocuserVM.cs|MoveFocuserInternal|216|Moving Focuser to position 387343
2026-05-25T22:12:11.6490|INFO|SequenceItem.cs|Run|254|Finishing Category: Scheduler, Item: SwitchFilter, Filter: H
2026-05-25T22:12:11.6498|INFO|MeridianFlipTrigger.cs|ShouldTrigger|265|Meridian Flip - There is still time remaining - max remaining time 00:38:42.4307849, next instruction time 0, next instruction NINA.Plugin.TargetScheduler.Sequencer.PlanSchedulerProgress - and the telescope reports expected pier side pierWest. Automated Flip is not necessary.
2026-05-25T22:12:11.6503|INFO|SequenceItem.cs|Run|208|Starting NINA.Plugin.TargetScheduler.Sequencer.PlanSchedulerProgress
2026-05-25T22:12:11.6505|INFO|SequenceItem.cs|Run|254|Finishing NINA.Plugin.TargetScheduler.Sequencer.PlanSchedulerProgress
2026-05-25T22:12:11.6525|INFO|MeridianFlipTrigger.cs|ShouldTrigger|265|Meridian Flip - There is still time remaining - max remaining time 00:38:42.4307849, next instruction time 0, next instruction Category: Scheduler, Item: SetReadoutMode, Mode: 0 - and the telescope reports expected pier side pierWest. Automated Flip is not necessary.
2026-05-25T22:12:11.6531|INFO|SequenceItem.cs|Run|208|Starting Category: Scheduler, Item: SetReadoutMode, Mode: 0
2026-05-25T22:12:11.6560|INFO|SequenceItem.cs|Run|254|Finishing Category: Scheduler, Item: SetReadoutMode, Mode: 0
2026-05-25T22:12:11.6568|INFO|MeridianFlipTrigger.cs|ShouldTrigger|265|Meridian Flip - There is still time remaining - max remaining time 00:38:42.4307849, next instruction time 0, next instruction NINA.Plugin.TargetScheduler.Sequencer.PlanSchedulerProgress - and the telescope reports expected pier side pierWest. Automated Flip is not necessary.
2026-05-25T22:12:11.6569|INFO|SequenceItem.cs|Run|208|Starting NINA.Plugin.TargetScheduler.Sequencer.PlanSchedulerProgress
2026-05-25T22:12:11.6599|INFO|SequenceItem.cs|Run|254|Finishing NINA.Plugin.TargetScheduler.Sequencer.PlanSchedulerProgress
2026-05-25T22:12:11.6663|INFO|MeridianFlipTrigger.cs|ShouldTrigger|265|Meridian Flip - There is still time remaining - max remaining time 00:38:42.4307849, next instruction time 600, next instruction Category: Scheduler, Item: TakeExposure, ExposureTime 600, Gain 100, Offset 50, ImageType LIGHT, Binning 1x1 - and the telescope reports expected pier side pierWest. Automated Flip is not necessary.
2026-05-25T22:12:11.6669|INFO|DIYTrigger.cs|ShouldTrigger|109|DIY Trigger Restore Guiding ShouldTrigger returning true
2026-05-25T22:12:11.6671|INFO|SequenceTrigger.cs|Run|114|Starting Category: Powerups (Misc), Item: DIYTrigger
2026-05-25T22:12:11.6780|INFO|DIYTrigger.cs|Execute|95|DIY Trigger executing...
2026-05-25T22:12:11.6787|INFO|SequenceItem.cs|Run|208|Starting Category: * Instruction Set *, Container: NINA.Sequencer.Container.SequentialContainer, Strategy: SequentialStrategy, Items[CREATED]: 1, Triggers: Trigger: RestoreGuiding
2026-05-25T22:12:11.6800|INFO|MeridianFlipTrigger.cs|ShouldTrigger|265|Meridian Flip - There is still time remaining - max remaining time 00:38:42.4307849, next instruction time 0, next instruction Category: Powerups (Expressions), Item: IfFailed - and the telescope reports expected pier side pierWest. Automated Flip is not necessary.
2026-05-25T22:12:11.6805|INFO|SequenceItem.cs|Run|208|Starting Category: Powerups (Expressions), Item: IfFailed
2026-05-25T22:12:11.6860|INFO|SequenceItem.cs|Run|208|Starting Category: Guider, Item: StartGuiding
2026-05-25T22:12:11.6931|INFO|PHD2Guider.cs|StartGuidingPrivate|504|Phd2 - App is already guiding. Skipping start guiding
2026-05-25T22:12:11.6935|INFO|SequenceItem.cs|Run|254|Finishing Category: Guider, Item: StartGuiding
2026-05-25T22:12:11.6944|INFO|SequenceItem.cs|Run|254|Finishing Category: Powerups (Expressions), Item: IfFailed
2026-05-25T22:12:11.6950|INFO|SequenceItem.cs|Run|254|Finishing Category: * Instruction Set *, Container: NINA.Sequencer.Container.SequentialContainer, Strategy: SequentialStrategy, Items[FINISHED]: 1, Triggers: Trigger: RestoreGuiding
2026-05-25T22:12:11.6992|INFO|SequenceItem.cs|Run|208|Starting Category: Scheduler, Item: TakeExposure, ExposureTime 600, Gain 100, Offset 50, ImageType LIGHT, Binning 1x1
2026-05-25T22:12:11.7092|INFO|CameraVM.cs|Capture|742|Starting Exposure - Exposure Time: 600s; Filter: ; Gain: 100; Offset 50; Binning: 1x1;
2026-05-25T22:16:17.3750|INFO|TsProgressReader.cs|ReadProgressDelta|75|[Subframes] TS progress delta: DB not found at C:\Users\nicka\AppData\Local\NINA\SchedulerPlugin — Target Scheduler not installed or DB path mismatch.
2026-05-25T22:21:17.3757|INFO|TsProgressReader.cs|ReadProgressDelta|75|[Subframes] TS progress delta: DB not found at C:\Users\nicka\AppData\Local\NINA\SchedulerPlugin — Target Scheduler not installed or DB path mismatch.
2026-05-25T22:22:13.6141|INFO|SequenceItem.cs|Run|254|Finishing Category: Scheduler, Item: TakeExposure, ExposureTime 600, Gain 100, Offset 50, ImageType LIGHT, Binning 1x1
2026-05-25T22:22:13.6147|INFO|MeridianFlipTrigger.cs|ShouldTrigger|265|Meridian Flip - There is still time remaining - max remaining time 00:28:38.8081742, next instruction time 0, next instruction NINA.Plugin.TargetScheduler.Sequencer.PlanSchedulerProgress - and the telescope reports expected pier side pierWest. Automated Flip is not necessary.
2026-05-25T22:22:13.6148|INFO|SequenceItem.cs|Run|208|Starting NINA.Plugin.TargetScheduler.Sequencer.PlanSchedulerProgress
2026-05-25T22:22:13.6149|INFO|SequenceItem.cs|Run|254|Finishing NINA.Plugin.TargetScheduler.Sequencer.PlanSchedulerProgress
2026-05-25T22:22:15.0509|INFO|HocusFocusStarDetection.cs|Detect|413|Average HFR: 1.8614734885682274, HFR MAD: 0.1850754177720011, Detected Stars 347, Region: 0
2026-05-25T22:22:15.7703|INFO|BaseImageData.cs|SaveToDisk|346|Saved image to C:\ASTROIMAGES\NINA\2026-05-25\M 51\LIGHT\H\2026-05-25_22-12-11_M 51_LIGHT_H_-5.00C_G100-Exp-600.00s_MAXRMS-D1.24-R2.37_M-55.08_RMS-0.67_HFR-1.86_F-0000.fits
2026-05-25T22:22:15.7709|INFO|ImageSaveController.cs|DoWork|97|Successfully saved file at C:\ASTROIMAGES\NINA\2026-05-25\M 51\LIGHT\H\2026-05-25_22-12-11_M 51_LIGHT_H_-5.00C_G100-Exp-600.00s_MAXRMS-D1.24-R2.37_M-55.08_RMS-0.67_HFR-1.86_F-0000.fits. Duration Total: 00:00:02.1553499; BeforeSave: 00:00:00.0033905; BeforeFinalizeImageSaved: 00:00:01.7635409; FinalizeSaveTime: 00:00:00.3884168
2026-05-25T22:22:17.3987|INFO|SessionMetaDataWatcher.cs|WriteAcquisitionMetaData|63|Writing CSV acquisition summary: C:\ASTROIMAGES\NINA\2026-05-25\M 51\LIGHT\H\metadata\AcquisitionDetails.csv
2026-05-25T22:22:17.6543|INFO|SessionMetaDataWatcher.cs|WriteAcquisitionMetaData|82|Writing JSON acquisition summary: C:\ASTROIMAGES\NINA\2026-05-25\M 51\LIGHT\H\metadata\AcquisitionDetails.json
2026-05-25T22:22:17.6683|INFO|SessionMetaDataWatcher.cs|WriteImageMetaData|105|Writing CSV image metadata: C:\ASTROIMAGES\NINA\2026-05-25\M 51\LIGHT\H\metadata\ImageMetaData.csv
2026-05-25T22:22:17.7108|INFO|SessionMetaDataWatcher.cs|WriteImageMetaData|122|Writing JSON image metadata: C:\ASTROIMAGES\NINA\2026-05-25\M 51\LIGHT\H\metadata\ImageMetaData.json
2026-05-25T22:22:17.7277|INFO|SessionMetaDataWatcher.cs|WriteWeatherMetaData|169|Writing CSV weather metadata: C:\ASTROIMAGES\NINA\2026-05-25\M 51\LIGHT\H\metadata\WeatherData.csv
2026-05-25T22:22:17.7517|INFO|SessionMetaDataWatcher.cs|WriteWeatherMetaData|186|Writing JSON weather metadata: C:\ASTROIMAGES\NINA\2026-05-25\M 51\LIGHT\H\metadata\WeatherData.json
2026-05-25T22:22:17.7626|INFO|SessionService.cs|OnTargetDetectedAsync|663|[Subframes] Target detected: 'M51' (was 'none')
2026-05-25T22:22:17.8085|INFO|SubframesClient.cs|StartTargetAsync|316|[Subframes] Target started:  name='M51'
2026-05-25T22:22:17.8092|WARNING|SessionService.cs|StartTargetAsync|559|[Subframes] StartTarget failed — cached locally as 7c1ac8b0-d312-4041-af92-49fa446de14f for replay.
2026-05-25T22:22:17.9759|INFO|SessionService.cs|CaptureEquipmentNames|1112|NightSummary: Equipment captured — Camera=ZWO ASI533MM Pro, Telescope=AT60, Mount=iOptron CEM120,70,40,26, GEM, HEM, HAE, HAZ series and SkyHunter Mount, FilterWheel=ZWO FilterWheel, Focuser=ZWO Focuser, Rotator=n/a, Guider=PHD2
2026-05-25T22:22:19.1561|INFO|MeridianFlipTrigger.cs|ShouldTrigger|265|Meridian Flip - There is still time remaining - max remaining time 00:28:34.4738660, next instruction time 0, next instruction Category: Powerups (Fun-ctions), Item: GSSend - and the telescope reports expected pier side pierWest. Automated Flip is not necessary.
2026-05-25T22:22:19.1564|INFO|SequenceItem.cs|Run|208|Starting Category: Powerups (Fun-ctions), Item: GSSend
2026-05-25T22:22:19.1623|INFO|SendWithGS.cs|ProcessedScript|64|Replacing Image_ExposureTime with 600
2026-05-25T22:22:19.1628|INFO|SendWithGS.cs|ProcessedScript|64|Replacing Image_HFR with 1.861
2026-05-25T22:22:19.1630|INFO|SendWithGS.cs|ProcessedScript|64|Replacing Image_FWHM with 6.99
2026-05-25T22:22:19.1632|INFO|SendWithGS.cs|ProcessedScript|64|Replacing Altitude with 73.34689735123541
2026-05-25T22:22:19.1633|INFO|SendWithGS.cs|Execute|95|Sending to Ground Station: Exp: $$FWHEEL_FILTER_NAME$$ on $$TARGET_NAME$$ EXP: 600 HFR: 1.861 FWHM: 6.99  Altitude: 73.34689735123541 
2026-05-25T22:22:19.1649|INFO|SequenceItem.cs|Run|208|Starting Category: Ground Station, Item: Send to Telegram
2026-05-25T22:22:19.8100|INFO|SequenceItem.cs|Run|254|Finishing Category: Ground Station, Item: Send to Telegram
2026-05-25T22:22:19.8123|INFO|SequenceItem.cs|Run|254|Finishing Category: Powerups (Fun-ctions), Item: GSSend
2026-05-25T22:22:19.8127|INFO|MeridianFlipTrigger.cs|ShouldTrigger|265|Meridian Flip - There is still time remaining - max remaining time 00:28:32.7776106, next instruction time 0, next instruction Category: Powerups (Fun-ctions), Item: GSSend - and the telescope reports expected pier side pierWest. Automated Flip is not necessary.
2026-05-25T22:22:19.8128|INFO|SequenceItem.cs|Run|208|Starting Category: Powerups (Fun-ctions), Item: GSSend
2026-05-25T22:22:19.8133|INFO|SendWithGS.cs|ProcessedScript|64|Replacing Image_ExposureTime with 600
2026-05-25T22:22:19.8135|INFO|SendWithGS.cs|ProcessedScript|64|Replacing Image_HFR with 1.861
2026-05-25T22:22:19.8140|INFO|SendWithGS.cs|ProcessedScript|64|Replacing Image_FWHM with 6.99
2026-05-25T22:22:19.8143|INFO|SendWithGS.cs|ProcessedScript|64|Replacing Altitude with 73.34689735123541
2026-05-25T22:22:19.8143|INFO|SendWithGS.cs|Execute|95|Sending to Ground Station: Exp: $$FWHEEL_FILTER_NAME$$ on $$TARGET_NAME$$ EXP: 600 HFR: 1.861 FWHM: 6.99  Altitude: 73.34689735123541 
2026-05-25T22:22:19.8154|INFO|SequenceItem.cs|Run|208|Starting Category: Ground Station, Item: Send to Pushover, Title: IMAGE: $$TARGET_NAME$$
2026-05-25T22:22:19.9768|INFO|SequenceItem.cs|Run|254|Finishing Category: Ground Station, Item: Send to Pushover, Title: IMAGE: $$TARGET_NAME$$
2026-05-25T22:22:19.9789|INFO|SequenceItem.cs|Run|254|Finishing Category: Powerups (Fun-ctions), Item: GSSend
2026-05-25T22:22:20.2066|INFO|Symbol.cs|OnMessageReceived|627|Received message from Target Scheduler re: TargetScheduler-TargetStart
2026-05-25T22:22:20.2066|INFO|Symbol.cs|OnMessageReceived|635|TS_TargetName = M 51
2026-05-25T22:22:20.2066|INFO|Symbol.cs|OnMessageReceived|636|Expires at 05/25/2026 22:52:42 -05:00
2026-05-25T22:22:20.2066|INFO|Symbol.cs|OnMessageReceived|627|Received message from Target Scheduler re: TargetScheduler-TargetStart
2026-05-25T22:22:20.2067|INFO|Symbol.cs|OnMessageReceived|635|TS_TargetName = M 51
2026-05-25T22:22:20.2067|INFO|Symbol.cs|OnMessageReceived|636|Expires at 05/25/2026 22:52:42 -05:00
2026-05-25T22:22:20.2071|INFO|MeridianFlipTrigger.cs|ShouldTrigger|265|Meridian Flip - There is still time remaining - max remaining time 00:28:32.7776106, next instruction time 0, next instruction NINA.Plugin.TargetScheduler.Sequencer.PlanSchedulerProgress - and the telescope reports expected pier side pierWest. Automated Flip is not necessary.
2026-05-25T22:22:20.2072|INFO|SequenceItem.cs|Run|208|Starting NINA.Plugin.TargetScheduler.Sequencer.PlanSchedulerProgress
2026-05-25T22:22:20.2074|INFO|SequenceItem.cs|Run|254|Finishing NINA.Plugin.TargetScheduler.Sequencer.PlanSchedulerProgress
2026-05-25T22:22:20.2076|INFO|MeridianFlipTrigger.cs|ShouldTrigger|265|Meridian Flip - There is still time remaining - max remaining time 00:28:32.7776106, next instruction time 0, next instruction Category: Scheduler, Item: SwitchFilter, Filter: H - and the telescope reports expected pier side pierWest. Automated Flip is not necessary.
2026-05-25T22:22:20.2076|INFO|SequenceItem.cs|Run|208|Starting Category: Scheduler, Item: SwitchFilter, Filter: H
2026-05-25T22:22:20.2086|INFO|SequenceItem.cs|Run|254|Finishing Category: Scheduler, Item: SwitchFilter, Filter: H
2026-05-25T22:22:20.2087|INFO|MeridianFlipTrigger.cs|ShouldTrigger|265|Meridian Flip - There is still time remaining - max remaining time 00:28:32.7776106, next instruction time 0, next instruction NINA.Plugin.TargetScheduler.Sequencer.PlanSchedulerProgress - and the telescope reports expected pier side pierWest. Automated Flip is not necessary.
2026-05-25T22:22:20.2088|INFO|SequenceItem.cs|Run|208|Starting NINA.Plugin.TargetScheduler.Sequencer.PlanSchedulerProgress
2026-05-25T22:22:20.2088|INFO|SequenceItem.cs|Run|254|Finishing NINA.Plugin.TargetScheduler.Sequencer.PlanSchedulerProgress
2026-05-25T22:22:20.2089|INFO|MeridianFlipTrigger.cs|ShouldTrigger|265|Meridian Flip - There is still time remaining - max remaining time 00:28:32.7776106, next instruction time 0, next instruction Category: Scheduler, Item: SetReadoutMode, Mode: 0 - and the telescope reports expected pier side pierWest. Automated Flip is not necessary.
2026-05-25T22:22:20.2089|INFO|SequenceItem.cs|Run|208|Starting Category: Scheduler, Item: SetReadoutMode, Mode: 0
2026-05-25T22:22:20.2093|INFO|SequenceItem.cs|Run|254|Finishing Category: Scheduler, Item: SetReadoutMode, Mode: 0
2026-05-25T22:22:20.2094|INFO|MeridianFlipTrigger.cs|ShouldTrigger|265|Meridian Flip - There is still time remaining - max remaining time 00:28:32.7776106, next instruction time 0, next instruction NINA.Plugin.TargetScheduler.Sequencer.PlanSchedulerProgress - and the telescope reports expected pier side pierWest. Automated Flip is not necessary.
2026-05-25T22:22:20.2095|INFO|SequenceItem.cs|Run|208|Starting NINA.Plugin.TargetScheduler.Sequencer.PlanSchedulerProgress
2026-05-25T22:22:20.2097|INFO|SequenceItem.cs|Run|254|Finishing NINA.Plugin.TargetScheduler.Sequencer.PlanSchedulerProgress
2026-05-25T22:22:20.2109|INFO|MeridianFlipTrigger.cs|ShouldTrigger|265|Meridian Flip - There is still time remaining - max remaining time 00:28:32.7776106, next instruction time 600, next instruction Category: Scheduler, Item: TakeExposure, ExposureTime 600, Gain 100, Offset 50, ImageType LIGHT, Binning 1x1 - and the telescope reports expected pier side pierWest. Automated Flip is not necessary.
2026-05-25T22:22:20.2110|INFO|DIYTrigger.cs|ShouldTrigger|109|DIY Trigger Restore Guiding ShouldTrigger returning true
2026-05-25T22:22:20.2116|INFO|SequenceTrigger.cs|Run|114|Starting Category: Powerups (Misc), Item: DIYTrigger
2026-05-25T22:22:20.2135|INFO|DIYTrigger.cs|Execute|95|DIY Trigger executing...
2026-05-25T22:22:20.2137|INFO|SequenceItem.cs|Run|208|Starting Category: * Instruction Set *, Container: NINA.Sequencer.Container.SequentialContainer, Strategy: SequentialStrategy, Items[CREATED]: 1, Triggers: Trigger: RestoreGuiding
2026-05-25T22:22:20.2140|INFO|MeridianFlipTrigger.cs|ShouldTrigger|265|Meridian Flip - There is still time remaining - max remaining time 00:28:32.7776106, next instruction time 0, next instruction Category: Powerups (Expressions), Item: IfFailed - and the telescope reports expected pier side pierWest. Automated Flip is not necessary.
2026-05-25T22:22:20.2141|INFO|SequenceItem.cs|Run|208|Starting Category: Powerups (Expressions), Item: IfFailed
2026-05-25T22:22:20.2141|INFO|SequenceItem.cs|Run|208|Starting Category: Guider, Item: StartGuiding
2026-05-25T22:22:20.2175|INFO|PHD2Guider.cs|StartGuidingPrivate|504|Phd2 - App is already guiding. Skipping start guiding
2026-05-25T22:22:20.2178|INFO|SequenceItem.cs|Run|254|Finishing Category: Guider, Item: StartGuiding
2026-05-25T22:22:20.2182|INFO|SequenceItem.cs|Run|254|Finishing Category: Powerups (Expressions), Item: IfFailed
2026-05-25T22:22:20.2184|INFO|SequenceItem.cs|Run|254|Finishing Category: * Instruction Set *, Container: NINA.Sequencer.Container.SequentialContainer, Strategy: SequentialStrategy, Items[FINISHED]: 1, Triggers: Trigger: RestoreGuiding
2026-05-25T22:22:20.2210|INFO|SequenceItem.cs|Run|208|Starting Category: Scheduler, Item: TakeExposure, ExposureTime 600, Gain 100, Offset 50, ImageType LIGHT, Binning 1x1
2026-05-25T22:22:20.2258|INFO|CameraVM.cs|Capture|742|Starting Exposure - Exposure Time: 600s; Filter: ; Gain: 100; Offset 50; Binning: 1x1;
2026-05-25T22:22:21.3412|INFO|StarfrontClient.cs|SendImageFile|249|[Rockwood] sent 2026-05-25_22-12-11_M 51_LIGHT_H_-5.00C_G100-Exp-600.00s_MAXRMS-D1.24-R2.37_M-55.08_RMS-0.67_HFR-1.86_F-0000.fits (20KB) object=M 51 exptime=600s filter=H
2026-05-25T22:22:44.3842|INFO|SyncEngine.cs|SyncPendingFramesAsync|142|[Subframes] SyncEngine: synced 1 frames for session 3756568f-4703-43be-b60c-328e59a276eb (accepted=1)
2026-05-25T22:26:17.3754|INFO|TsProgressReader.cs|ReadProgressDelta|75|[Subframes] TS progress delta: DB not found at C:\Users\nicka\AppData\Local\NINA\SchedulerPlugin — Target Scheduler not installed or DB path mismatch.
2026-05-25T22:31:17.3741|INFO|TsProgressReader.cs|ReadProgressDelta|75|[Subframes] TS progress delta: DB not found at C:\Users\nicka\AppData\Local\NINA\SchedulerPlugin — Target Scheduler not installed or DB path mismatch.
2026-05-25T22:32:22.0319|INFO|SequenceItem.cs|Run|254|Finishing Category: Scheduler, Item: TakeExposure, ExposureTime 600, Gain 100, Offset 50, ImageType LIGHT, Binning 1x1
2026-05-25T22:32:22.0323|INFO|MeridianFlipTrigger.cs|ShouldTrigger|265|Meridian Flip - There is still time remaining - max remaining time 00:18:28.3781455, next instruction time 0, next instruction NINA.Plugin.TargetScheduler.Sequencer.PlanSchedulerProgress - and the telescope reports expected pier side pierWest. Automated Flip is not necessary.
2026-05-25T22:32:22.0325|INFO|SequenceItem.cs|Run|208|Starting NINA.Plugin.TargetScheduler.Sequencer.PlanSchedulerProgress
2026-05-25T22:32:22.0325|INFO|SequenceItem.cs|Run|254|Finishing NINA.Plugin.TargetScheduler.Sequencer.PlanSchedulerProgress
2026-05-25T22:32:23.3389|INFO|HocusFocusStarDetection.cs|Detect|413|Average HFR: 1.840198933722844, HFR MAD: 0.188097068143065, Detected Stars 310, Region: 0
2026-05-25T22:32:24.0594|INFO|BaseImageData.cs|SaveToDisk|346|Saved image to C:\ASTROIMAGES\NINA\2026-05-25\M 51\LIGHT\H\2026-05-25_22-22-20_M 51_LIGHT_H_-5.10C_G100-Exp-600.00s_MAXRMS-D0.84-R0.93_M-55.11_RMS-0.36_HFR-1.84_F-0001.fits
2026-05-25T22:32:24.0595|INFO|ImageSaveController.cs|DoWork|97|Successfully saved file at C:\ASTROIMAGES\NINA\2026-05-25\M 51\LIGHT\H\2026-05-25_22-22-20_M 51_LIGHT_H_-5.10C_G100-Exp-600.00s_MAXRMS-D0.84-R0.93_M-55.11_RMS-0.36_HFR-1.84_F-0001.fits. Duration Total: 00:00:02.0274173; BeforeSave: 00:00:00.0001486; BeforeFinalizeImageSaved: 00:00:01.6103692; FinalizeSaveTime: 00:00:00.4168989
2026-05-25T22:32:24.6413|WARNING|SessionMetaDataWatcher.cs|WriteAcquisitionMetaData|73|acquisition file already exists, will not overwrite: C:\ASTROIMAGES\NINA\2026-05-25\M 51\LIGHT\H\metadata\AcquisitionDetails.csv
2026-05-25T22:32:24.6415|WARNING|SessionMetaDataWatcher.cs|WriteAcquisitionMetaData|93|acquisition file already exists, will not overwrite: C:\ASTROIMAGES\NINA\2026-05-25\M 51\LIGHT\H\metadata\AcquisitionDetails.json
2026-05-25T22:32:24.6418|INFO|SessionMetaDataWatcher.cs|WriteImageMetaData|105|Writing CSV image metadata: C:\ASTROIMAGES\NINA\2026-05-25\M 51\LIGHT\H\metadata\ImageMetaData.csv
2026-05-25T22:32:24.6888|INFO|SessionMetaDataWatcher.cs|WriteImageMetaData|122|Writing JSON image metadata: C:\ASTROIMAGES\NINA\2026-05-25\M 51\LIGHT\H\metadata\ImageMetaData.json
2026-05-25T22:32:24.7024|INFO|SessionMetaDataWatcher.cs|WriteWeatherMetaData|169|Writing CSV weather metadata: C:\ASTROIMAGES\NINA\2026-05-25\M 51\LIGHT\H\metadata\WeatherData.csv
2026-05-25T22:32:24.7304|INFO|SessionMetaDataWatcher.cs|WriteWeatherMetaData|186|Writing JSON weather metadata: C:\ASTROIMAGES\NINA\2026-05-25\M 51\LIGHT\H\metadata\WeatherData.json
2026-05-25T22:32:24.7378|INFO|SessionService.cs|OnTargetDetectedAsync|663|[Subframes] Target detected: 'M51' (was 'M51')
2026-05-25T22:32:24.7782|INFO|SubframesClient.cs|StartTargetAsync|316|[Subframes] Target started:  name='M51'
2026-05-25T22:32:24.7784|WARNING|SessionService.cs|StartTargetAsync|559|[Subframes] StartTarget failed — cached locally as 066e7d60-6734-4e24-9870-5abea6b9c56b for replay.
2026-05-25T22:32:25.3527|INFO|MeridianFlipTrigger.cs|ShouldTrigger|265|Meridian Flip - There is still time remaining - max remaining time 00:18:24.3187229, next instruction time 0, next instruction Category: Powerups (Fun-ctions), Item: GSSend - and the telescope reports expected pier side pierWest. Automated Flip is not necessary.
2026-05-25T22:32:25.3528|INFO|SequenceItem.cs|Run|208|Starting Category: Powerups (Fun-ctions), Item: GSSend
2026-05-25T22:32:25.3536|INFO|SendWithGS.cs|ProcessedScript|64|Replacing Image_ExposureTime with 600
2026-05-25T22:32:25.3538|INFO|SendWithGS.cs|ProcessedScript|64|Replacing Image_HFR with 1.84
2026-05-25T22:32:25.3543|INFO|SendWithGS.cs|ProcessedScript|64|Replacing Image_FWHM with 6.98
2026-05-25T22:32:25.3545|INFO|SendWithGS.cs|ProcessedScript|64|Replacing Altitude with 73.94986687612507
2026-05-25T22:32:25.3546|INFO|SendWithGS.cs|Execute|95|Sending to Ground Station: Exp: $$FWHEEL_FILTER_NAME$$ on $$TARGET_NAME$$ EXP: 600 HFR: 1.84 FWHM: 6.98  Altitude: 73.94986687612507 
2026-05-25T22:32:25.3563|INFO|SequenceItem.cs|Run|208|Starting Category: Ground Station, Item: Send to Telegram
2026-05-25T22:32:26.0199|INFO|SequenceItem.cs|Run|254|Finishing Category: Ground Station, Item: Send to Telegram
2026-05-25T22:32:26.0214|INFO|SequenceItem.cs|Run|254|Finishing Category: Powerups (Fun-ctions), Item: GSSend
2026-05-25T22:32:26.0218|INFO|MeridianFlipTrigger.cs|ShouldTrigger|265|Meridian Flip - There is still time remaining - max remaining time 00:18:24.3187229, next instruction time 0, next instruction Category: Powerups (Fun-ctions), Item: GSSend - and the telescope reports expected pier side pierWest. Automated Flip is not necessary.
2026-05-25T22:32:26.0218|INFO|SequenceItem.cs|Run|208|Starting Category: Powerups (Fun-ctions), Item: GSSend
2026-05-25T22:32:26.0226|INFO|SendWithGS.cs|ProcessedScript|64|Replacing Image_ExposureTime with 600
2026-05-25T22:32:26.0227|INFO|SendWithGS.cs|ProcessedScript|64|Replacing Image_HFR with 1.84
2026-05-25T22:32:26.0229|INFO|SendWithGS.cs|ProcessedScript|64|Replacing Image_FWHM with 6.98
2026-05-25T22:32:26.0231|INFO|SendWithGS.cs|ProcessedScript|64|Replacing Altitude with 73.94986687612507
2026-05-25T22:32:26.0231|INFO|SendWithGS.cs|Execute|95|Sending to Ground Station: Exp: $$FWHEEL_FILTER_NAME$$ on $$TARGET_NAME$$ EXP: 600 HFR: 1.84 FWHM: 6.98  Altitude: 73.94986687612507 
2026-05-25T22:32:26.0246|INFO|SequenceItem.cs|Run|208|Starting Category: Ground Station, Item: Send to Pushover, Title: IMAGE: $$TARGET_NAME$$
2026-05-25T22:32:26.1742|INFO|SequenceItem.cs|Run|254|Finishing Category: Ground Station, Item: Send to Pushover, Title: IMAGE: $$TARGET_NAME$$
2026-05-25T22:32:26.1753|INFO|SequenceItem.cs|Run|254|Finishing Category: Powerups (Fun-ctions), Item: GSSend
2026-05-25T22:32:26.3145|INFO|Symbol.cs|OnMessageReceived|627|Received message from Target Scheduler re: TargetScheduler-TargetStart
2026-05-25T22:32:26.3145|INFO|Symbol.cs|OnMessageReceived|635|TS_TargetName = M 51
2026-05-25T22:32:26.3146|INFO|Symbol.cs|OnMessageReceived|636|Expires at 05/25/2026 22:52:42 -05:00
2026-05-25T22:32:26.3146|INFO|Symbol.cs|OnMessageReceived|627|Received message from Target Scheduler re: TargetScheduler-TargetStart
2026-05-25T22:32:26.3146|INFO|Symbol.cs|OnMessageReceived|635|TS_TargetName = M 51
2026-05-25T22:32:26.3146|INFO|Symbol.cs|OnMessageReceived|636|Expires at 05/25/2026 22:52:42 -05:00
2026-05-25T22:32:26.3151|INFO|MeridianFlipTrigger.cs|ShouldTrigger|265|Meridian Flip - There is still time remaining - max remaining time 00:18:24.3187229, next instruction time 0, next instruction NINA.Plugin.TargetScheduler.Sequencer.PlanSchedulerProgress - and the telescope reports expected pier side pierWest. Automated Flip is not necessary.
2026-05-25T22:32:26.3152|INFO|SequenceItem.cs|Run|208|Starting NINA.Plugin.TargetScheduler.Sequencer.PlanSchedulerProgress
2026-05-25T22:32:26.3154|INFO|SequenceItem.cs|Run|254|Finishing NINA.Plugin.TargetScheduler.Sequencer.PlanSchedulerProgress
2026-05-25T22:32:26.3162|INFO|MeridianFlipTrigger.cs|ShouldTrigger|265|Meridian Flip - There is still time remaining - max remaining time 00:18:24.3187229, next instruction time 90, next instruction Category: , Item: Dither - and the telescope reports expected pier side pierWest. Automated Flip is not necessary.
2026-05-25T22:32:26.3166|INFO|SequenceItem.cs|Run|208|Starting Category: , Item: Dither
2026-05-25T22:32:26.3396|INFO|PHD2Client.cs|HandleGuidingDithered|309|PHD2Client: 🎯 GuidingDithered (DITHER START) - dx=-16.96, dy=2.16
2026-05-25T22:32:26.3407|INFO|DitherStatisticsVM.cs|OnPHD2GuidingDithered|752|🎯 DITHER START detected via GuidingDithered! dx=-16.96, dy=2.16
2026-05-25T22:32:26.3411|INFO|DitherStatisticsVM.cs|OnPHD2GuidingDithered|762|✅ Dither START recorded with pixel shift: (-16.96, 2.16)
2026-05-25T22:32:26.3418|INFO|PHD2Client.cs|StartDitherDataCollection|576|PHD2Client: Started dither data collection for 30 seconds (series #1)
2026-05-25T22:32:26.8240|INFO|StarfrontClient.cs|SendImageFile|249|[Rockwood] sent 2026-05-25_22-22-20_M 51_LIGHT_H_-5.10C_G100-Exp-600.00s_MAXRMS-D0.84-R0.93_M-55.11_RMS-0.36_HFR-1.84_F-0001.fits (21KB) object=M 51 exptime=600s filter=H
2026-05-25T22:32:44.3196|INFO|SyncEngine.cs|SyncPendingFramesAsync|142|[Subframes] SyncEngine: synced 1 frames for session 3756568f-4703-43be-b60c-328e59a276eb (accepted=1)
2026-05-25T22:32:56.3448|INFO|PHD2Client.cs|OnDitherCollectionComplete|657|PHD2Client: Dither data collection complete (timer). Collected 8 points.
2026-05-25T22:32:56.3615|INFO|PHD2Client.cs|WriteDitherAnalysisFile|738|PHD2Client: Dither analysis file written with 8 data points: 20260525_221143_dither_analysis.txt
2026-05-25T22:32:56.4002|INFO|PHD2Client.cs|WritePositivePeriodsFile|932|PHD2Client: Positive periods analysis written with 3 total periods across 3 multipliers: 20260525_221143_positive_periods.txt
2026-05-25T22:32:56.4060|INFO|PHD2Client.cs|AnalyzePositivePeriods|868|PHD2Client: Positive period analysis complete. firstPeriodPerSeries counts: 1.5σ=1, 2.0σ=1, 3.0σ=0
2026-05-25T22:32:56.4086|INFO|PHD2Client.cs|CalculateRecommendation|954|PHD2Client: Calculating recommendation from 1 dither series, RMS=0.1679, StdDev=0.1074
2026-05-25T22:32:56.4202|INFO|PHD2Client.cs|EstimateMinSettleTimeFallback|1102|PHD2Client: MinSettleTime estimated using fallback (first point below threshold)
2026-05-25T22:32:56.4204|INFO|PHD2Client.cs|CalculateRecommendation|987|PHD2Client: Dither recommendation calculated - Events: 1, SettlePixel: Q=0.33 B=0.38 P=0.49, MinSettle: Q=4.0s B=4.0s P=4.0s
2026-05-25T22:32:56.4213|INFO|DitherStatisticsVM.cs|OnDitherRecommendationUpdated|500|Dither recommendation updated on UI thread - Events: 1
2026-05-25T22:32:56.4216|INFO|PHD2Client.cs|RunAnalysisAndRecommendation|638|PHD2Client: RunAnalysisAndRecommendation completed - 8 points, 1 series
2026-05-25T22:33:02.0731|INFO|PHD2Client.cs|HandleSettleDone|343|PHD2Client: SettleDone - Status=0, Success=True, TotalFrames=11, DroppedFrames=0
2026-05-25T22:33:02.0757|INFO|DitherStatisticsVM.cs|OnPHD2SettleDone|794|✅ DITHER END - Success=True, SettleTime=35.73s, TotalFrames=11, DroppedFrames=0
2026-05-25T22:33:02.9303|INFO|SequenceItem.cs|Run|254|Finishing Category: , Item: Dither
2026-05-25T22:33:02.9310|INFO|MeridianFlipTrigger.cs|ShouldTrigger|265|Meridian Flip - There is still time remaining - max remaining time 00:17:43.6349007, next instruction time 0, next instruction NINA.Plugin.TargetScheduler.Sequencer.PlanSchedulerProgress - and the telescope reports expected pier side pierWest. Automated Flip is not necessary.
2026-05-25T22:33:02.9313|INFO|SequenceItem.cs|Run|208|Starting NINA.Plugin.TargetScheduler.Sequencer.PlanSchedulerProgress
2026-05-25T22:33:02.9314|INFO|SequenceItem.cs|Run|254|Finishing NINA.Plugin.TargetScheduler.Sequencer.PlanSchedulerProgress
2026-05-25T22:33:02.9318|INFO|MeridianFlipTrigger.cs|ShouldTrigger|265|Meridian Flip - There is still time remaining - max remaining time 00:17:43.6349007, next instruction time 0, next instruction Category: Scheduler, Item: SwitchFilter, Filter: H - and the telescope reports expected pier side pierWest. Automated Flip is not necessary.
2026-05-25T22:33:02.9319|INFO|SequenceItem.cs|Run|208|Starting Category: Scheduler, Item: SwitchFilter, Filter: H
2026-05-25T22:33:02.9337|INFO|SequenceItem.cs|Run|254|Finishing Category: Scheduler, Item: SwitchFilter, Filter: H
2026-05-25T22:33:02.9343|INFO|MeridianFlipTrigger.cs|ShouldTrigger|265|Meridian Flip - There is still time remaining - max remaining time 00:17:43.6349007, next instruction time 0, next instruction NINA.Plugin.TargetScheduler.Sequencer.PlanSchedulerProgress - and the telescope reports expected pier side pierWest. Automated Flip is not necessary.
2026-05-25T22:33:02.9344|INFO|SequenceItem.cs|Run|208|Starting NINA.Plugin.TargetScheduler.Sequencer.PlanSchedulerProgress
2026-05-25T22:33:02.9345|INFO|SequenceItem.cs|Run|254|Finishing NINA.Plugin.TargetScheduler.Sequencer.PlanSchedulerProgress
2026-05-25T22:33:02.9349|INFO|MeridianFlipTrigger.cs|ShouldTrigger|265|Meridian Flip - There is still time remaining - max remaining time 00:17:43.6349007, next instruction time 0, next instruction Category: Scheduler, Item: SetReadoutMode, Mode: 0 - and the telescope reports expected pier side pierWest. Automated Flip is not necessary.
2026-05-25T22:33:02.9350|INFO|SequenceItem.cs|Run|208|Starting Category: Scheduler, Item: SetReadoutMode, Mode: 0
2026-05-25T22:33:02.9353|INFO|SequenceItem.cs|Run|254|Finishing Category: Scheduler, Item: SetReadoutMode, Mode: 0
2026-05-25T22:33:02.9357|INFO|MeridianFlipTrigger.cs|ShouldTrigger|265|Meridian Flip - There is still time remaining - max remaining time 00:17:43.6349007, next instruction time 0, next instruction NINA.Plugin.TargetScheduler.Sequencer.PlanSchedulerProgress - and the telescope reports expected pier side pierWest. Automated Flip is not necessary.
2026-05-25T22:33:02.9358|INFO|SequenceItem.cs|Run|208|Starting NINA.Plugin.TargetScheduler.Sequencer.PlanSchedulerProgress
2026-05-25T22:33:02.9366|INFO|SequenceItem.cs|Run|254|Finishing NINA.Plugin.TargetScheduler.Sequencer.PlanSchedulerProgress
2026-05-25T22:33:02.9378|INFO|MeridianFlipTrigger.cs|ShouldTrigger|265|Meridian Flip - There is still time remaining - max remaining time 00:17:43.6349007, next instruction time 600, next instruction Category: Scheduler, Item: TakeExposure, ExposureTime 600, Gain 100, Offset 50, ImageType LIGHT, Binning 1x1 - and the telescope reports expected pier side pierWest. Automated Flip is not necessary.
2026-05-25T22:33:02.9379|INFO|DIYTrigger.cs|ShouldTrigger|109|DIY Trigger Restore Guiding ShouldTrigger returning true
2026-05-25T22:33:02.9380|INFO|SequenceTrigger.cs|Run|114|Starting Category: Powerups (Misc), Item: DIYTrigger
2026-05-25T22:33:02.9426|INFO|DIYTrigger.cs|Execute|95|DIY Trigger executing...
2026-05-25T22:33:02.9429|INFO|SequenceItem.cs|Run|208|Starting Category: * Instruction Set *, Container: NINA.Sequencer.Container.SequentialContainer, Strategy: SequentialStrategy, Items[CREATED]: 1, Triggers: Trigger: RestoreGuiding
2026-05-25T22:33:02.9436|INFO|MeridianFlipTrigger.cs|ShouldTrigger|265|Meridian Flip - There is still time remaining - max remaining time 00:17:43.6349007, next instruction time 0, next instruction Category: Powerups (Expressions), Item: IfFailed - and the telescope reports expected pier side pierWest. Automated Flip is not necessary.
2026-05-25T22:33:02.9437|INFO|SequenceItem.cs|Run|208|Starting Category: Powerups (Expressions), Item: IfFailed
2026-05-25T22:33:02.9438|INFO|SequenceItem.cs|Run|208|Starting Category: Guider, Item: StartGuiding
2026-05-25T22:33:02.9515|INFO|PHD2Guider.cs|StartGuidingPrivate|504|Phd2 - App is already guiding. Skipping start guiding
2026-05-25T22:33:02.9518|INFO|SequenceItem.cs|Run|254|Finishing Category: Guider, Item: StartGuiding
2026-05-25T22:33:02.9520|INFO|SequenceItem.cs|Run|254|Finishing Category: Powerups (Expressions), Item: IfFailed
2026-05-25T22:33:02.9523|INFO|SequenceItem.cs|Run|254|Finishing Category: * Instruction Set *, Container: NINA.Sequencer.Container.SequentialContainer, Strategy: SequentialStrategy, Items[FINISHED]: 1, Triggers: Trigger: RestoreGuiding
2026-05-25T22:33:02.9737|INFO|SequenceItem.cs|Run|208|Starting Category: Scheduler, Item: TakeExposure, ExposureTime 600, Gain 100, Offset 50, ImageType LIGHT, Binning 1x1
2026-05-25T22:33:02.9794|INFO|CameraVM.cs|Capture|742|Starting Exposure - Exposure Time: 600s; Filter: ; Gain: 100; Offset 50; Binning: 1x1;
2026-05-25T22:36:17.3743|INFO|TsProgressReader.cs|ReadProgressDelta|75|[Subframes] TS progress delta: DB not found at C:\Users\nicka\AppData\Local\NINA\SchedulerPlugin — Target Scheduler not installed or DB path mismatch.
2026-05-25T22:41:17.3754|INFO|TsProgressReader.cs|ReadProgressDelta|75|[Subframes] TS progress delta: DB not found at C:\Users\nicka\AppData\Local\NINA\SchedulerPlugin — Target Scheduler not installed or DB path mismatch.
2026-05-25T22:43:04.8637|INFO|SequenceItem.cs|Run|254|Finishing Category: Scheduler, Item: TakeExposure, ExposureTime 600, Gain 100, Offset 50, ImageType LIGHT, Binning 1x1
2026-05-25T22:43:04.8641|INFO|MeridianFlipTrigger.cs|ShouldTrigger|265|Meridian Flip - There is still time remaining - max remaining time 00:07:39.5508444, next instruction time 0, next instruction NINA.Plugin.TargetScheduler.Sequencer.PlanSchedulerProgress - and the telescope reports expected pier side pierWest. Automated Flip is not necessary.
2026-05-25T22:43:04.8642|INFO|SequenceItem.cs|Run|208|Starting NINA.Plugin.TargetScheduler.Sequencer.PlanSchedulerProgress
2026-05-25T22:43:04.8642|INFO|SequenceItem.cs|Run|254|Finishing NINA.Plugin.TargetScheduler.Sequencer.PlanSchedulerProgress
2026-05-25T22:43:06.1323|INFO|HocusFocusStarDetection.cs|Detect|413|Average HFR: 1.8641040778434335, HFR MAD: 0.20471026565324038, Detected Stars 294, Region: 0
2026-05-25T22:43:06.7311|INFO|BaseImageData.cs|SaveToDisk|346|Saved image to C:\ASTROIMAGES\NINA\2026-05-25\M 51\LIGHT\H\2026-05-25_22-33-03_M 51_LIGHT_H_-5.00C_G100-Exp-600.00s_MAXRMS-D1.08-R1.67_M-55.14_RMS-0.53_HFR-1.86_F-0002.fits
2026-05-25T22:43:06.7312|INFO|ImageSaveController.cs|DoWork|97|Successfully saved file at C:\ASTROIMAGES\NINA\2026-05-25\M 51\LIGHT\H\2026-05-25_22-33-03_M 51_LIGHT_H_-5.00C_G100-Exp-600.00s_MAXRMS-D1.08-R1.67_M-55.14_RMS-0.53_HFR-1.86_F-0002.fits. Duration Total: 00:00:01.8675253; BeforeSave: 00:00:00.0001188; BeforeFinalizeImageSaved: 00:00:01.5670033; FinalizeSaveTime: 00:00:00.3004026
2026-05-25T22:43:07.3431|WARNING|SessionMetaDataWatcher.cs|WriteAcquisitionMetaData|73|acquisition file already exists, will not overwrite: C:\ASTROIMAGES\NINA\2026-05-25\M 51\LIGHT\H\metadata\AcquisitionDetails.csv
2026-05-25T22:43:07.3432|WARNING|SessionMetaDataWatcher.cs|WriteAcquisitionMetaData|93|acquisition file already exists, will not overwrite: C:\ASTROIMAGES\NINA\2026-05-25\M 51\LIGHT\H\metadata\AcquisitionDetails.json
2026-05-25T22:43:07.3435|INFO|SessionMetaDataWatcher.cs|WriteImageMetaData|105|Writing CSV image metadata: C:\ASTROIMAGES\NINA\2026-05-25\M 51\LIGHT\H\metadata\ImageMetaData.csv
2026-05-25T22:43:07.3947|INFO|SessionMetaDataWatcher.cs|WriteImageMetaData|122|Writing JSON image metadata: C:\ASTROIMAGES\NINA\2026-05-25\M 51\LIGHT\H\metadata\ImageMetaData.json
2026-05-25T22:43:07.3964|INFO|SessionMetaDataWatcher.cs|WriteWeatherMetaData|169|Writing CSV weather metadata: C:\ASTROIMAGES\NINA\2026-05-25\M 51\LIGHT\H\metadata\WeatherData.csv
2026-05-25T22:43:07.4229|INFO|SessionMetaDataWatcher.cs|WriteWeatherMetaData|186|Writing JSON weather metadata: C:\ASTROIMAGES\NINA\2026-05-25\M 51\LIGHT\H\metadata\WeatherData.json
2026-05-25T22:43:07.4243|INFO|SessionService.cs|OnTargetDetectedAsync|663|[Subframes] Target detected: 'M51' (was 'M51')
2026-05-25T22:43:07.4687|INFO|SubframesClient.cs|StartTargetAsync|316|[Subframes] Target started:  name='M51'
2026-05-25T22:43:07.4688|WARNING|SessionService.cs|StartTargetAsync|559|[Subframes] StartTarget failed — cached locally as cbc999c3-d2a7-4a80-ba9e-ca875ebd5b05 for replay.
2026-05-25T22:43:08.2267|INFO|MeridianFlipTrigger.cs|ShouldTrigger|265|Meridian Flip - There is still time remaining - max remaining time 00:07:35.4480022, next instruction time 0, next instruction Category: Powerups (Fun-ctions), Item: GSSend - and the telescope reports expected pier side pierWest. Automated Flip is not necessary.
2026-05-25T22:43:08.2268|INFO|SequenceItem.cs|Run|208|Starting Category: Powerups (Fun-ctions), Item: GSSend
2026-05-25T22:43:08.2272|INFO|SendWithGS.cs|ProcessedScript|64|Replacing Image_ExposureTime with 600
2026-05-25T22:43:08.2274|INFO|SendWithGS.cs|ProcessedScript|64|Replacing Image_HFR with 1.864
2026-05-25T22:43:08.2275|INFO|SendWithGS.cs|ProcessedScript|64|Replacing Image_FWHM with 6.83
2026-05-25T22:43:08.2277|INFO|SendWithGS.cs|ProcessedScript|64|Replacing Altitude with 74.34931350164925
2026-05-25T22:43:08.2277|INFO|SendWithGS.cs|Execute|95|Sending to Ground Station: Exp: $$FWHEEL_FILTER_NAME$$ on $$TARGET_NAME$$ EXP: 600 HFR: 1.864 FWHM: 6.83  Altitude: 74.34931350164925 
2026-05-25T22:43:08.2291|INFO|SequenceItem.cs|Run|208|Starting Category: Ground Station, Item: Send to Telegram
2026-05-25T22:43:08.9679|INFO|SequenceItem.cs|Run|254|Finishing Category: Ground Station, Item: Send to Telegram
2026-05-25T22:43:08.9696|INFO|SequenceItem.cs|Run|254|Finishing Category: Powerups (Fun-ctions), Item: GSSend
2026-05-25T22:43:08.9700|INFO|MeridianFlipTrigger.cs|ShouldTrigger|265|Meridian Flip - There is still time remaining - max remaining time 00:07:35.4480022, next instruction time 0, next instruction Category: Powerups (Fun-ctions), Item: GSSend - and the telescope reports expected pier side pierWest. Automated Flip is not necessary.
2026-05-25T22:43:08.9701|INFO|SequenceItem.cs|Run|208|Starting Category: Powerups (Fun-ctions), Item: GSSend
2026-05-25T22:43:08.9705|INFO|SendWithGS.cs|ProcessedScript|64|Replacing Image_ExposureTime with 600
2026-05-25T22:43:08.9706|INFO|SendWithGS.cs|ProcessedScript|64|Replacing Image_HFR with 1.864
2026-05-25T22:43:08.9708|INFO|SendWithGS.cs|ProcessedScript|64|Replacing Image_FWHM with 6.83
2026-05-25T22:43:08.9709|INFO|SendWithGS.cs|ProcessedScript|64|Replacing Altitude with 74.34931350164925
2026-05-25T22:43:08.9709|INFO|SendWithGS.cs|Execute|95|Sending to Ground Station: Exp: $$FWHEEL_FILTER_NAME$$ on $$TARGET_NAME$$ EXP: 600 HFR: 1.864 FWHM: 6.83  Altitude: 74.34931350164925 
2026-05-25T22:43:08.9722|INFO|SequenceItem.cs|Run|208|Starting Category: Ground Station, Item: Send to Pushover, Title: IMAGE: $$TARGET_NAME$$
2026-05-25T22:43:09.1264|INFO|SequenceItem.cs|Run|254|Finishing Category: Ground Station, Item: Send to Pushover, Title: IMAGE: $$TARGET_NAME$$
2026-05-25T22:43:09.1276|INFO|SequenceItem.cs|Run|254|Finishing Category: Powerups (Fun-ctions), Item: GSSend
2026-05-25T22:43:09.2791|INFO|MeridianFlipTrigger.cs|ShouldTrigger|265|Meridian Flip - There is still time remaining - max remaining time 00:07:33.4037984, next instruction time 0, next instruction [SubframesEndTarget] - and the telescope reports expected pier side pierWest. Automated Flip is not necessary.
2026-05-25T22:43:09.2795|INFO|SequenceItem.cs|Run|208|Starting [SubframesEndTarget]
2026-05-25T22:43:09.2808|INFO|SequenceItem.cs|Run|254|Finishing [SubframesEndTarget]
2026-05-25T22:43:09.2876|INFO|Symbol.cs|OnMessageReceived|627|Received message from Target Scheduler re: TargetScheduler-NewTargetStart
2026-05-25T22:43:09.2876|INFO|Symbol.cs|OnMessageReceived|635|TS_TargetName = vdB 141 Panel 10
2026-05-25T22:43:09.2877|INFO|Symbol.cs|OnMessageReceived|636|Expires at 05/26/2026 04:59:23 -05:00
2026-05-25T22:43:09.2877|INFO|Symbol.cs|OnMessageReceived|627|Received message from Target Scheduler re: TargetScheduler-NewTargetStart
2026-05-25T22:43:09.2877|INFO|Symbol.cs|OnMessageReceived|635|TS_TargetName = vdB 141 Panel 10
2026-05-25T22:43:09.2877|INFO|Symbol.cs|OnMessageReceived|636|Expires at 05/26/2026 04:59:23 -05:00
2026-05-25T22:43:09.2912|INFO|Symbol.cs|OnMessageReceived|627|Received message from Target Scheduler re: TargetScheduler-TargetStart
2026-05-25T22:43:09.2912|INFO|Symbol.cs|OnMessageReceived|635|TS_TargetName = vdB 141 Panel 10
2026-05-25T22:43:09.2913|INFO|Symbol.cs|OnMessageReceived|636|Expires at 05/26/2026 04:59:23 -05:00
2026-05-25T22:43:09.2913|INFO|Symbol.cs|OnMessageReceived|627|Received message from Target Scheduler re: TargetScheduler-TargetStart
2026-05-25T22:43:09.2913|INFO|Symbol.cs|OnMessageReceived|635|TS_TargetName = vdB 141 Panel 10
2026-05-25T22:43:09.2913|INFO|Symbol.cs|OnMessageReceived|636|Expires at 05/26/2026 04:59:23 -05:00
2026-05-25T22:43:09.2918|INFO|MeridianFlipTrigger.cs|ShouldTrigger|265|Meridian Flip - There is still time remaining - max remaining time 00:07:33.4037984, next instruction time 0, next instruction NINA.Plugin.TargetScheduler.Sequencer.PlanSchedulerProgress - and the telescope reports expected pier side pierWest. Automated Flip is not necessary.
2026-05-25T22:43:09.2919|INFO|SequenceItem.cs|Run|208|Starting NINA.Plugin.TargetScheduler.Sequencer.PlanSchedulerProgress
2026-05-25T22:43:09.2926|INFO|SequenceItem.cs|Run|254|Finishing NINA.Plugin.TargetScheduler.Sequencer.PlanSchedulerProgress
2026-05-25T22:43:09.2930|INFO|MeridianFlipTrigger.cs|ShouldTrigger|265|Meridian Flip - There is still time remaining - max remaining time 00:07:33.4037984, next instruction time 0, next instruction Category: Scheduler, Item: Center, Coordinates RA: 20:39:48; Dec: 68° 06' 27"; Epoch: J2000 - and the telescope reports expected pier side pierWest. Automated Flip is not necessary.
2026-05-25T22:43:09.2931|INFO|SequenceItem.cs|Run|208|Starting Category: Scheduler, Item: Center, Coordinates RA: 20:39:48; Dec: 68° 06' 27"; Epoch: J2000
2026-05-25T22:43:09.5581|INFO|StarfrontClient.cs|SendImageFile|249|[Rockwood] sent 2026-05-25_22-33-03_M 51_LIGHT_H_-5.00C_G100-Exp-600.00s_MAXRMS-D1.08-R1.67_M-55.14_RMS-0.53_HFR-1.86_F-0002.fits (20KB) object=M 51 exptime=600s filter=H
2026-05-25T22:43:11.0316|INFO|PHD2Client.cs|ProcessEvent|268|PHD2: ConfigurationChange
2026-05-25T22:43:11.0527|WARNING|PHD2Client.cs|ProcessEvent|252|PHD2: LockPositionLost
2026-05-25T22:43:11.1587|INFO|PHD2Client.cs|QueryExposureTime|1216|PHD2Client: Exposure time from PHD2 API: 2.000 seconds (2000 ms)
2026-05-25T22:43:11.4159|INFO|TelescopeVM.cs|SlewAsyncInternal|910|Slewing from RA: 13:30:56; Dec: 47° 03' 52"; Epoch: JNOW to RA: 20:40:03; Dec: 68° 11' 44"; Epoch: JNOW - Alt: 22° 13' 26"; Az: 22° 10' 18"
2026-05-25T22:43:14.3205|INFO|SyncEngine.cs|SyncPendingFramesAsync|142|[Subframes] SyncEngine: synced 1 frames for session 3756568f-4703-43be-b60c-328e59a276eb (accepted=1)
2026-05-25T22:43:48.6202|INFO|FilterWheelVM.cs|ChangeFilter|112|Moving to Filter L at Position 0
2026-05-25T22:43:48.8245|INFO|FocuserVM.cs|MoveFocuserInternal|216|Moving Focuser to position 387321
2026-05-25T22:43:57.6577|INFO|CameraVM.cs|Capture|742|Starting Exposure - Exposure Time: 2s; Filter: L; Gain: 275; Offset 50; Binning: 1x1;
2026-05-25T22:44:01.8966|INFO|ImageSolver.cs|Solve|41|Platesolving with parameters: FocalLength: 360 PixelSize: 3.76 SearchRadius: 30 BlindFailoverEnabled: True Regions: 5000 DownSampleFactor: 0 MaxObjects: 500 Reference Coordinates RA: 20:39:48 Dec: 68° 06' 27" Epoch: J2000
2026-05-25T22:44:02.1967|INFO|BaseImageData.cs|SaveToDisk|346|Saved image to C:\Users\nicka\AppData\Local\NINA\PlateSolver\jtlnkmtz.50a.fits
2026-05-25T22:44:03.1027|INFO|ImageSolver.cs|Solve|54|Platesolve successful: Coordinates: RA: 20:40:05; Dec: 68° 01' 53"; Epoch: J2000 - Position Angle: 95.70644297836117
2026-05-25T22:44:03.1036|INFO|CenteringSolver.cs|Center|99|Centering Solver - Scope Position: RA: 20:40:03; Dec: 68° 11' 44"; Epoch: JNOW; Offset: RA: 00:00:00; Dec: 00° 00' 00"; Distance: 00° 00' 00"; Bearing: 00° 00' 00"; Centering Coordinates: RA: 20:40:03; Dec: 68° 11' 44"; Epoch: JNOW; Solved: RA: 20:40:20; Dec: 68° 07' 11"; Epoch: JNOW; Separation RA: -00:00:17; Dec: 00° 04' 34"; Distance: 00° 04' 50"; Bearing: -160° 41' 47"; Threshold: 2
2026-05-25T22:44:03.5861|INFO|TelescopeVM.cs|Sync|777|Syncing scope from RA: 20:40:03; Dec: 68° 11' 44"; Epoch: JNOW to RA: 20:40:20; Dec: 68° 07' 11"; Epoch: JNOW
2026-05-25T22:44:08.5869|INFO|CenteringSolver.cs|Center|132|Slewing to target after sync. Current Position: RA: 20:40:20; Dec: 68° 07' 11"; Epoch: JNOW; Target coordinates: RA: 20:40:03; Dec: 68° 11' 44"; Epoch: JNOW; Offset RA: 00:00:00; Dec: 00° 00' 00"; Distance: 00° 00' 00"; Bearing: 00° 00' 00"
2026-05-25T22:44:08.5899|INFO|TelescopeVM.cs|SlewAsyncInternal|910|Slewing from RA: 20:40:20; Dec: 68° 07' 11"; Epoch: JNOW to RA: 20:40:03; Dec: 68° 11' 44"; Epoch: JNOW - Alt: 22° 18' 02"; Az: 22° 13' 10"
2026-05-25T22:44:16.7912|INFO|CameraVM.cs|Capture|742|Starting Exposure - Exposure Time: 2s; Filter: L; Gain: 275; Offset 50; Binning: 1x1;
2026-05-25T22:44:21.0122|INFO|ImageSolver.cs|Solve|41|Platesolving with parameters: FocalLength: 360 PixelSize: 3.76 SearchRadius: 30 BlindFailoverEnabled: True Regions: 5000 DownSampleFactor: 0 MaxObjects: 500 Reference Coordinates RA: 20:39:48 Dec: 68° 06' 27" Epoch: J2000
2026-05-25T22:44:21.3450|INFO|BaseImageData.cs|SaveToDisk|346|Saved image to C:\Users\nicka\AppData\Local\NINA\PlateSolver\54ynnfht.y0h.fits
2026-05-25T22:44:22.1930|INFO|ImageSolver.cs|Solve|54|Platesolve successful: Coordinates: RA: 20:39:48; Dec: 68° 06' 23"; Epoch: J2000 - Position Angle: 95.69924510064493
2026-05-25T22:44:22.1941|INFO|CenteringSolver.cs|Center|99|Centering Solver - Scope Position: RA: 20:40:03; Dec: 68° 11' 44"; Epoch: JNOW; Offset: RA: 00:00:00; Dec: 00° 00' 00"; Distance: 00° 00' 00"; Bearing: 00° 00' 00"; Centering Coordinates: RA: 20:40:03; Dec: 68° 11' 44"; Epoch: JNOW; Solved: RA: 20:40:02; Dec: 68° 11' 41"; Epoch: JNOW; Separation RA: 00:00:00; Dec: 00° 00' 04"; Distance: 00° 00' 04"; Bearing: 162° 40' 34"; Threshold: 2
2026-05-25T22:44:22.1942|INFO|CenteringSolver.cs|Center|165|Restoring filter to H after centering
2026-05-25T22:44:22.1951|INFO|FilterWheelVM.cs|ChangeFilter|112|Moving to Filter H at Position 5
2026-05-25T22:44:22.3997|INFO|FocuserVM.cs|MoveFocuserInternal|216|Moving Focuser to position 387343
2026-05-25T22:44:25.6561|INFO|PHD2Guider.cs|TryStartGuideCommand|641|Phd2 - Requesting to start guiding. Recalibrate: False
2026-05-25T22:44:32.8174|INFO|PHD2Client.cs|ProcessEvent|261|PHD2: StartGuiding
2026-05-25T22:44:32.8175|INFO|PHD2Client.cs|StartNewGuidingSession|393|PHD2Client: New guiding session started
2026-05-25T22:44:32.8264|INFO|PHD2Client.cs|QueryExposureTime|1216|PHD2Client: Exposure time from PHD2 API: 2.000 seconds (2000 ms)
2026-05-25T22:44:56.2377|INFO|PHD2Client.cs|HandleSettleDone|343|PHD2Client: SettleDone - Status=0, Success=True, TotalFrames=10, DroppedFrames=0
2026-05-25T22:44:56.2378|WARNING|DitherStatisticsVM.cs|OnPHD2SettleDone|772|⚠️ SettleDone received but no currentDither exists (race condition?)
2026-05-25T22:44:56.8311|INFO|SequenceItem.cs|Run|254|Finishing Category: Scheduler, Item: Center, Coordinates RA: 20:39:48; Dec: 68° 06' 27"; Epoch: J2000
2026-05-25T22:44:56.8316|INFO|MeridianFlipTrigger.cs|ShouldTrigger|265|Meridian Flip - There is still time remaining - max remaining time 07:14:54.0527904, next instruction time 0, next instruction NINA.Plugin.TargetScheduler.Sequencer.PlanSchedulerProgress - and the telescope reports expected pier side pierWest. Automated Flip is not necessary.
2026-05-25T22:44:56.8317|INFO|SequenceItem.cs|Run|208|Starting NINA.Plugin.TargetScheduler.Sequencer.PlanSchedulerProgress
2026-05-25T22:44:56.8703|INFO|SequenceItem.cs|Run|254|Finishing NINA.Plugin.TargetScheduler.Sequencer.PlanSchedulerProgress
2026-05-25T22:44:56.8708|INFO|MeridianFlipTrigger.cs|ShouldTrigger|265|Meridian Flip - There is still time remaining - max remaining time 07:14:54.0527904, next instruction time 0, next instruction Category: , Container: NINA.Plugin.TargetScheduler.Sequencer.InstructionContainer, Strategy: InstructionContainerStrategy, Items[CREATED]: 2 - and the telescope reports expected pier side pierWest. Automated Flip is not necessary.
2026-05-25T22:44:56.8711|INFO|SequenceItem.cs|Run|208|Starting Category: , Container: NINA.Plugin.TargetScheduler.Sequencer.InstructionContainer, Strategy: InstructionContainerStrategy, Items[CREATED]: 2
2026-05-25T22:44:56.8714|INFO|MeridianFlipTrigger.cs|ShouldTrigger|265|Meridian Flip - There is still time remaining - max remaining time 07:14:54.0527904, next instruction time 0, next instruction [SubframesStartTarget] Target='Unknown Target' RA=0.0000 Dec=0.0000 - and the telescope reports expected pier side pierWest. Automated Flip is not necessary.
2026-05-25T22:44:56.8714|INFO|SequenceItem.cs|Run|208|Starting [SubframesStartTarget] Target='Unknown Target' RA=0.0000 Dec=0.0000
2026-05-25T22:44:56.8715|INFO|StartTargetItem.cs|Execute|95|[Subframes] StartTargetItem: target start returned null (API unavailable or older version).
2026-05-25T22:44:56.8715|INFO|SequenceItem.cs|Run|254|Finishing [SubframesStartTarget] Target='Unknown Target' RA=0.0000 Dec=0.0000
2026-05-25T22:44:56.8716|INFO|MeridianFlipTrigger.cs|ShouldTrigger|265|Meridian Flip - There is still time remaining - max remaining time 07:14:54.0527904, next instruction time 0, next instruction Category: Ground Station, Item: Send to Telegram - and the telescope reports expected pier side pierWest. Automated Flip is not necessary.
2026-05-25T22:44:56.8717|INFO|SequenceItem.cs|Run|208|Starting Category: Ground Station, Item: Send to Telegram
2026-05-25T22:44:57.5239|INFO|SequenceItem.cs|Run|254|Finishing Category: Ground Station, Item: Send to Telegram
2026-05-25T22:44:57.5248|INFO|SequenceItem.cs|Run|254|Finishing Category: , Container: NINA.Plugin.TargetScheduler.Sequencer.InstructionContainer, Strategy: InstructionContainerStrategy, Items[FINISHED]: 2
2026-05-25T22:44:57.5251|INFO|MeridianFlipTrigger.cs|ShouldTrigger|265|Meridian Flip - There is still time remaining - max remaining time 07:14:52.0079285, next instruction time 0, next instruction NINA.Plugin.TargetScheduler.Sequencer.PlanSchedulerProgress - and the telescope reports expected pier side pierWest. Automated Flip is not necessary.
2026-05-25T22:44:57.5252|INFO|SequenceItem.cs|Run|208|Starting NINA.Plugin.TargetScheduler.Sequencer.PlanSchedulerProgress
2026-05-25T22:44:57.6325|INFO|SequenceItem.cs|Run|254|Finishing NINA.Plugin.TargetScheduler.Sequencer.PlanSchedulerProgress
2026-05-25T22:44:57.6330|INFO|MeridianFlipTrigger.cs|ShouldTrigger|265|Meridian Flip - There is still time remaining - max remaining time 07:14:52.0079285, next instruction time 0, next instruction Category: Scheduler, Item: SwitchFilter, Filter: R - and the telescope reports expected pier side pierWest. Automated Flip is not necessary.
2026-05-25T22:44:57.6330|INFO|SequenceItem.cs|Run|208|Starting Category: Scheduler, Item: SwitchFilter, Filter: R
2026-05-25T22:44:57.6339|INFO|FilterWheelVM.cs|ChangeFilter|112|Moving to Filter R at Position 1
2026-05-25T22:44:57.6351|INFO|FocuserVM.cs|MoveFocuserInternal|216|Moving Focuser to position 387340
2026-05-25T22:45:05.6635|INFO|SequenceItem.cs|Run|254|Finishing Category: Scheduler, Item: SwitchFilter, Filter: R
2026-05-25T22:45:05.6640|INFO|MeridianFlipTrigger.cs|ShouldTrigger|265|Meridian Flip - There is still time remaining - max remaining time 07:14:43.0332170, next instruction time 0, next instruction NINA.Plugin.TargetScheduler.Sequencer.PlanSchedulerProgress - and the telescope reports expected pier side pierWest. Automated Flip is not necessary.
2026-05-25T22:45:05.6641|INFO|SequenceItem.cs|Run|208|Starting NINA.Plugin.TargetScheduler.Sequencer.PlanSchedulerProgress
2026-05-25T22:45:05.6641|INFO|SequenceItem.cs|Run|254|Finishing NINA.Plugin.TargetScheduler.Sequencer.PlanSchedulerProgress
2026-05-25T22:45:05.6642|INFO|MeridianFlipTrigger.cs|ShouldTrigger|265|Meridian Flip - There is still time remaining - max remaining time 07:14:43.0332170, next instruction time 0, next instruction Category: Scheduler, Item: SetReadoutMode, Mode: 0 - and the telescope reports expected pier side pierWest. Automated Flip is not necessary.
2026-05-25T22:45:05.6642|INFO|SequenceItem.cs|Run|208|Starting Category: Scheduler, Item: SetReadoutMode, Mode: 0
2026-05-25T22:45:05.6644|INFO|SequenceItem.cs|Run|254|Finishing Category: Scheduler, Item: SetReadoutMode, Mode: 0
2026-05-25T22:45:05.6645|INFO|MeridianFlipTrigger.cs|ShouldTrigger|265|Meridian Flip - There is still time remaining - max remaining time 07:14:43.0332170, next instruction time 0, next instruction NINA.Plugin.TargetScheduler.Sequencer.PlanSchedulerProgress - and the telescope reports expected pier side pierWest. Automated Flip is not necessary.
2026-05-25T22:45:05.6645|INFO|SequenceItem.cs|Run|208|Starting NINA.Plugin.TargetScheduler.Sequencer.PlanSchedulerProgress
2026-05-25T22:45:05.6814|INFO|SequenceItem.cs|Run|254|Finishing NINA.Plugin.TargetScheduler.Sequencer.PlanSchedulerProgress
2026-05-25T22:45:05.6819|INFO|MeridianFlipTrigger.cs|ShouldTrigger|265|Meridian Flip - There is still time remaining - max remaining time 07:14:43.0332170, next instruction time 300, next instruction Category: Scheduler, Item: TakeExposure, ExposureTime 300, Gain 100, Offset 50, ImageType LIGHT, Binning 1x1 - and the telescope reports expected pier side pierWest. Automated Flip is not necessary.
2026-05-25T22:45:05.6819|INFO|DIYTrigger.cs|ShouldTrigger|109|DIY Trigger Restore Guiding ShouldTrigger returning true
2026-05-25T22:45:05.6820|INFO|SequenceTrigger.cs|Run|114|Starting Category: Powerups (Misc), Item: DIYTrigger
2026-05-25T22:45:05.6840|INFO|DIYTrigger.cs|Execute|95|DIY Trigger executing...
2026-05-25T22:45:05.6842|INFO|SequenceItem.cs|Run|208|Starting Category: * Instruction Set *, Container: NINA.Sequencer.Container.SequentialContainer, Strategy: SequentialStrategy, Items[CREATED]: 1, Triggers: Trigger: RestoreGuiding
2026-05-25T22:45:05.6845|INFO|MeridianFlipTrigger.cs|ShouldTrigger|265|Meridian Flip - There is still time remaining - max remaining time 07:14:43.0332170, next instruction time 0, next instruction Category: Powerups (Expressions), Item: IfFailed - and the telescope reports expected pier side pierWest. Automated Flip is not necessary.
2026-05-25T22:45:05.6846|INFO|SequenceItem.cs|Run|208|Starting Category: Powerups (Expressions), Item: IfFailed
2026-05-25T22:45:05.6846|INFO|SequenceItem.cs|Run|208|Starting Category: Guider, Item: StartGuiding
2026-05-25T22:45:05.6874|INFO|PHD2Guider.cs|StartGuidingPrivate|504|Phd2 - App is already guiding. Skipping start guiding
2026-05-25T22:45:05.6876|INFO|SequenceItem.cs|Run|254|Finishing Category: Guider, Item: StartGuiding
2026-05-25T22:45:05.6877|INFO|SequenceItem.cs|Run|254|Finishing Category: Powerups (Expressions), Item: IfFailed
2026-05-25T22:45:05.6880|INFO|SequenceItem.cs|Run|254|Finishing Category: * Instruction Set *, Container: NINA.Sequencer.Container.SequentialContainer, Strategy: SequentialStrategy, Items[FINISHED]: 1, Triggers: Trigger: RestoreGuiding
2026-05-25T22:45:05.6939|INFO|SequenceTrigger.cs|Run|114|Starting Trigger: AutofocusAfterTemperatureChangeTrigger, Amount: 1.5°
2026-05-25T22:45:05.6948|INFO|SequenceItem.cs|Run|208|Starting Category: * Instruction Set *, Container: NINA.Sequencer.Container.SequentialContainer, Strategy: SequentialStrategy, Items[CREATED]: 1
2026-05-25T22:45:05.6949|INFO|SequenceItem.cs|Run|208|Starting Category: Focuser, Item: RunAutofocus
2026-05-25T22:45:05.8696|INFO|FocuserMediator.cs|BroadcastAutoFocusRunStarting|92|Autofocus starting notification received
2026-05-25T22:45:06.9793|INFO|PHD2Client.cs|ProcessEvent|268|PHD2: ConfigurationChange
2026-05-25T22:45:06.9994|WARNING|PHD2Client.cs|ProcessEvent|252|PHD2: LockPositionLost
2026-05-25T22:45:07.1319|INFO|PHD2Client.cs|QueryExposureTime|1216|PHD2Client: Exposure time from PHD2 API: 2.000 seconds (2000 ms)
2026-05-25T22:45:07.9476|INFO|FilterWheelVM.cs|ChangeFilter|112|Moving to Filter L at Position 0
2026-05-25T22:45:08.1522|INFO|FocuserVM.cs|MoveFocuserInternal|216|Moving Focuser to position 387321
2026-05-25T22:45:17.6571|INFO|AutoFocusEngine.cs|RunAutoFocus|929|Starting AutoFocus with initial position 387321
2026-05-25T22:45:17.6624|INFO|CameraVM.cs|Capture|742|Starting Exposure - Exposure Time: 3s; Filter: L; Gain: 270; Offset 50; Binning: 1x1;
2026-05-25T22:45:22.2514|INFO|AutoFocusEngine.cs|StartBlindFocusPoints|769|Waiting on initial HFR analysis
2026-05-25T22:45:22.2536|INFO|FocuserVM.cs|MoveFocuserInternal|216|Moving Focuser to position 387457
2026-05-25T22:45:23.7392|INFO|HocusFocusStarDetection.cs|Detect|413|Average HFR: 1.7622641914026123, HFR MAD: 0.15417731035117005, Detected Stars 291, Region: 0
2026-05-25T22:45:27.6658|INFO|CameraVM.cs|Capture|742|Starting Exposure - Exposure Time: 3s; Filter: L; Gain: 270; Offset 50; Binning: 1x1;
2026-05-25T22:45:32.2623|INFO|FocuserVM.cs|MoveFocuserInternal|216|Moving Focuser to position 387423
2026-05-25T22:45:33.5684|INFO|HocusFocusStarDetection.cs|Detect|413|Average HFR: 3.44926531604361, HFR MAD: 1.3961646600737383, Detected Stars 129, Region: 0
2026-05-25T22:45:39.6738|INFO|CameraVM.cs|Capture|742|Starting Exposure - Exposure Time: 3s; Filter: L; Gain: 270; Offset 50; Binning: 1x1;
2026-05-25T22:45:44.2632|INFO|FocuserVM.cs|MoveFocuserInternal|216|Moving Focuser to position 387389
2026-05-25T22:45:45.5891|INFO|HocusFocusStarDetection.cs|Detect|413|Average HFR: 2.9565014096920965, HFR MAD: 1.0133325650419993, Detected Stars 192, Region: 0
2026-05-25T22:45:51.6561|INFO|CameraVM.cs|Capture|742|Starting Exposure - Exposure Time: 3s; Filter: L; Gain: 270; Offset 50; Binning: 1x1;
2026-05-25T22:45:56.2495|INFO|FocuserVM.cs|MoveFocuserInternal|216|Moving Focuser to position 387355
2026-05-25T22:45:57.5266|INFO|HocusFocusStarDetection.cs|Detect|413|Average HFR: 2.4599257685903324, HFR MAD: 0.5914940760825887, Detected Stars 260, Region: 0
2026-05-25T22:46:03.7131|INFO|CameraVM.cs|Capture|742|Starting Exposure - Exposure Time: 3s; Filter: L; Gain: 270; Offset 50; Binning: 1x1;
2026-05-25T22:46:08.3031|INFO|AutoFocusEngine.cs|StartBlindFocusPoints|797|Waiting on initial focuser move analyses
2026-05-25T22:46:09.5828|INFO|HocusFocusStarDetection.cs|Detect|413|Average HFR: 1.9332677875422786, HFR MAD: 0.2798719414355574, Detected Stars 263, Region: 0
2026-05-25T22:46:09.6895|INFO|FocuserVM.cs|MoveFocuserInternal|216|Moving Focuser to position 387321
2026-05-25T22:46:17.3755|INFO|TsProgressReader.cs|ReadProgressDelta|75|[Subframes] TS progress delta: DB not found at C:\Users\nicka\AppData\Local\NINA\SchedulerPlugin — Target Scheduler not installed or DB path mismatch.
2026-05-25T22:46:17.6528|INFO|CameraVM.cs|Capture|742|Starting Exposure - Exposure Time: 3s; Filter: L; Gain: 270; Offset 50; Binning: 1x1;
2026-05-25T22:46:22.2477|INFO|AutoFocusEngine.cs|StartBlindFocusPoints|870|Waiting on next left movement analysis
2026-05-25T22:46:23.5447|INFO|HocusFocusStarDetection.cs|Detect|413|Average HFR: 1.7685407718023813, HFR MAD: 0.16624960523019014, Detected Stars 302, Region: 0
2026-05-25T22:46:23.5752|INFO|FocuserVM.cs|MoveFocuserInternal|216|Moving Focuser to position 387287
2026-05-25T22:46:31.6669|INFO|CameraVM.cs|Capture|742|Starting Exposure - Exposure Time: 3s; Filter: L; Gain: 270; Offset 50; Binning: 1x1;
2026-05-25T22:46:36.2592|INFO|AutoFocusEngine.cs|StartBlindFocusPoints|870|Waiting on next left movement analysis
2026-05-25T22:46:37.5601|INFO|HocusFocusStarDetection.cs|Detect|413|Average HFR: 2.2379922401850365, HFR MAD: 0.28385927013670786, Detected Stars 374, Region: 0
2026-05-25T22:46:37.6354|INFO|FocuserVM.cs|MoveFocuserInternal|216|Moving Focuser to position 387253
2026-05-25T22:46:45.6788|INFO|CameraVM.cs|Capture|742|Starting Exposure - Exposure Time: 3s; Filter: L; Gain: 270; Offset 50; Binning: 1x1;
2026-05-25T22:46:50.2602|INFO|AutoFocusEngine.cs|StartBlindFocusPoints|870|Waiting on next left movement analysis
2026-05-25T22:46:51.5405|INFO|HocusFocusStarDetection.cs|Detect|413|Average HFR: 3.201515273060097, HFR MAD: 0.37485607936339005, Detected Stars 263, Region: 0
2026-05-25T22:46:51.6000|INFO|AutoFocusEngine.cs|StartBlindFocusPoints|841|Enough right trend points (4) with an established minimum (387321) to queue remaining left focus points down to 387185
2026-05-25T22:46:51.6017|INFO|FocuserVM.cs|MoveFocuserInternal|216|Moving Focuser to position 387219
2026-05-25T22:46:59.7061|INFO|CameraVM.cs|Capture|742|Starting Exposure - Exposure Time: 3s; Filter: L; Gain: 270; Offset 50; Binning: 1x1;
2026-05-25T22:47:04.3036|INFO|FocuserVM.cs|MoveFocuserInternal|216|Moving Focuser to position 387185
2026-05-25T22:47:05.5899|INFO|HocusFocusStarDetection.cs|Detect|413|Average HFR: 4.661646382753729, HFR MAD: 0.35506548962037743, Detected Stars 168, Region: 0
2026-05-25T22:47:11.6445|INFO|CameraVM.cs|Capture|742|Starting Exposure - Exposure Time: 3s; Filter: L; Gain: 270; Offset 50; Binning: 1x1;
2026-05-25T22:47:16.2221|INFO|AutoFocusEngine.cs|StartBlindFocusPoints|896|Waiting on remaining AutoFocus analysis tasks
2026-05-25T22:47:17.4931|INFO|HocusFocusStarDetection.cs|Detect|413|Average HFR: 6.4602340182760525, HFR MAD: 0.3502350737449585, Detected Stars 79, Region: 0
2026-05-25T22:47:17.5611|INFO|FocuserVM.cs|MoveFocuserInternal|216|Moving Focuser to position 387319
2026-05-25T22:47:21.6784|INFO|AutoFocusEngine.cs|ValidateCalculatedFocusPosition|1141|Validating HFR at final focus position 387319
2026-05-25T22:47:21.6840|INFO|CameraVM.cs|Capture|742|Starting Exposure - Exposure Time: 3s; Filter: L; Gain: 270; Offset 50; Binning: 1x1;
2026-05-25T22:47:27.5964|INFO|HocusFocusStarDetection.cs|Detect|413|Average HFR: 1.7861868625376114, HFR MAD: 0.1744230252211124, Detected Stars 314, Region: 0
2026-05-25T22:47:27.5973|INFO|HocusFocusVM.cs|AutoFocusEngine_Completed|472|AutoFocus completed with focuser starting at 387321 and ending at 387319
2026-05-25T22:47:27.5988|INFO|FocuserMediator.cs|BroadcastSuccessfulAutoFocusRun|46|Autofocus notification received - Temperature 26
2026-05-25T22:47:27.6372|INFO|SessionEventCollector.cs|SaveEvent|128|NightSummary: Event logged — AutoFocus: AutoFocus completed — Filter: L, Temp: 26.0°C, Position: 387319.25149731705
2026-05-25T22:47:27.6383|INFO|SessionService.cs|UpdateEndAutoFocusRun|1500|[Subframes] UpdateEndAutoFocusRun called: session=3756568f-4703-43be-b60c-328e59a276eb filter=L position=387319.25149731705 — posting autofocus event
2026-05-25T22:47:27.6628|INFO|FilterWheelVM.cs|ChangeFilter|112|Moving to Filter R at Position 1
2026-05-25T22:47:27.6647|INFO|FocuserVM.cs|MoveFocuserInternal|216|Moving Focuser to position 387338
2026-05-25T22:47:31.6547|INFO|PHD2Guider.cs|TryStartGuideCommand|641|Phd2 - Requesting to start guiding. Recalibrate: False
2026-05-25T22:47:38.8099|INFO|PHD2Client.cs|ProcessEvent|261|PHD2: StartGuiding
2026-05-25T22:47:38.8100|INFO|PHD2Client.cs|StartNewGuidingSession|393|PHD2Client: New guiding session started
2026-05-25T22:47:38.8188|INFO|PHD2Client.cs|QueryExposureTime|1216|PHD2Client: Exposure time from PHD2 API: 2.000 seconds (2000 ms)
2026-05-25T22:48:02.3104|INFO|PHD2Client.cs|HandleSettleDone|343|PHD2Client: SettleDone - Status=0, Success=True, TotalFrames=10, DroppedFrames=0
2026-05-25T22:48:02.3105|WARNING|DitherStatisticsVM.cs|OnPHD2SettleDone|772|⚠️ SettleDone received but no currentDither exists (race condition?)
2026-05-25T22:48:02.8501|INFO|SequenceItem.cs|Run|254|Finishing Category: Focuser, Item: RunAutofocus
2026-05-25T22:48:02.8503|INFO|SequenceItem.cs|Run|254|Finishing Category: * Instruction Set *, Container: NINA.Sequencer.Container.SequentialContainer, Strategy: SequentialStrategy, Items[FINISHED]: 1
2026-05-25T22:48:02.8509|INFO|SequenceItem.cs|Run|208|Starting Category: Scheduler, Item: TakeExposure, ExposureTime 300, Gain 100, Offset 50, ImageType LIGHT, Binning 1x1
2026-05-25T22:48:02.8560|INFO|CameraVM.cs|Capture|742|Starting Exposure - Exposure Time: 300s; Filter: ; Gain: 100; Offset 50; Binning: 1x1;
2026-05-25T22:51:17.3745|INFO|TsProgressReader.cs|ReadProgressDelta|75|[Subframes] TS progress delta: DB not found at C:\Users\nicka\AppData\Local\NINA\SchedulerPlugin — Target Scheduler not installed or DB path mismatch.
2026-05-25T22:53:04.7004|INFO|SequenceItem.cs|Run|254|Finishing Category: Scheduler, Item: TakeExposure, ExposureTime 300, Gain 100, Offset 50, ImageType LIGHT, Binning 1x1
2026-05-25T22:53:04.7007|INFO|MeridianFlipTrigger.cs|ShouldTrigger|265|Meridian Flip - There is still time remaining - max remaining time 07:06:43.6869578, next instruction time 0, next instruction NINA.Plugin.TargetScheduler.Sequencer.PlanSchedulerProgress - and the telescope reports expected pier side pierWest. Automated Flip is not necessary.
2026-05-25T22:53:04.7009|INFO|SequenceItem.cs|Run|208|Starting NINA.Plugin.TargetScheduler.Sequencer.PlanSchedulerProgress
2026-05-25T22:53:04.7009|INFO|SequenceItem.cs|Run|254|Finishing NINA.Plugin.TargetScheduler.Sequencer.PlanSchedulerProgress
2026-05-25T22:53:06.7359|INFO|HocusFocusStarDetection.cs|Detect|413|Average HFR: 1.7212762178873249, HFR MAD: 0.16131965801699094, Detected Stars 961, Region: 0
2026-05-25T22:53:07.4524|INFO|BaseImageData.cs|SaveToDisk|346|Saved image to C:\ASTROIMAGES\NINA\2026-05-25\vdB 141 Panel 10\LIGHT\R\2026-05-25_22-48-02_vdB 141 Panel 10_LIGHT_R_-5.00C_G100-Exp-300.00s_MAXRMS-D1.82-R1.79_M-107.80_RMS-0.63_HFR-1.72_F-0003.fits
2026-05-25T22:53:07.4525|INFO|ImageSaveController.cs|DoWork|97|Successfully saved file at C:\ASTROIMAGES\NINA\2026-05-25\vdB 141 Panel 10\LIGHT\R\2026-05-25_22-48-02_vdB 141 Panel 10_LIGHT_R_-5.00C_G100-Exp-300.00s_MAXRMS-D1.82-R1.79_M-107.80_RMS-0.63_HFR-1.72_F-0003.fits. Duration Total: 00:00:02.7523118; BeforeSave: 00:00:00.0001329; BeforeFinalizeImageSaved: 00:00:02.3403050; FinalizeSaveTime: 00:00:00.4118734
2026-05-25T22:53:08.0378|INFO|SessionMetaDataWatcher.cs|WriteAcquisitionMetaData|63|Writing CSV acquisition summary: C:\ASTROIMAGES\NINA\2026-05-25\vdB 141 Panel 10\LIGHT\R\metadata\AcquisitionDetails.csv
2026-05-25T22:53:08.1282|INFO|SessionMetaDataWatcher.cs|WriteAcquisitionMetaData|82|Writing JSON acquisition summary: C:\ASTROIMAGES\NINA\2026-05-25\vdB 141 Panel 10\LIGHT\R\metadata\AcquisitionDetails.json
2026-05-25T22:53:08.1293|INFO|SessionMetaDataWatcher.cs|WriteImageMetaData|105|Writing CSV image metadata: C:\ASTROIMAGES\NINA\2026-05-25\vdB 141 Panel 10\LIGHT\R\metadata\ImageMetaData.csv
2026-05-25T22:53:08.1867|INFO|SessionMetaDataWatcher.cs|WriteImageMetaData|122|Writing JSON image metadata: C:\ASTROIMAGES\NINA\2026-05-25\vdB 141 Panel 10\LIGHT\R\metadata\ImageMetaData.json
2026-05-25T22:53:08.1886|INFO|SessionMetaDataWatcher.cs|WriteWeatherMetaData|169|Writing CSV weather metadata: C:\ASTROIMAGES\NINA\2026-05-25\vdB 141 Panel 10\LIGHT\R\metadata\WeatherData.csv
2026-05-25T22:53:08.2156|INFO|SessionMetaDataWatcher.cs|WriteWeatherMetaData|186|Writing JSON weather metadata: C:\ASTROIMAGES\NINA\2026-05-25\vdB 141 Panel 10\LIGHT\R\metadata\WeatherData.json
2026-05-25T22:53:08.2171|INFO|SessionService.cs|OnTargetDetectedAsync|663|[Subframes] Target detected: 'vdB 141 Panel 10' (was 'M51')
2026-05-25T22:53:08.2725|INFO|SubframesClient.cs|StartTargetAsync|316|[Subframes] Target started:  name='vdB 141 Panel 10'
2026-05-25T22:53:08.2726|WARNING|SessionService.cs|StartTargetAsync|559|[Subframes] StartTarget failed — cached locally as d6c842bc-1911-4971-8019-0cef8e114eff for replay.
2026-05-25T22:53:08.7885|INFO|MeridianFlipTrigger.cs|ShouldTrigger|265|Meridian Flip - There is still time remaining - max remaining time 07:06:39.6066905, next instruction time 0, next instruction Category: Powerups (Fun-ctions), Item: GSSend - and the telescope reports expected pier side pierWest. Automated Flip is not necessary.
2026-05-25T22:53:08.7889|INFO|SequenceItem.cs|Run|208|Starting Category: Powerups (Fun-ctions), Item: GSSend
2026-05-25T22:53:08.7895|INFO|SendWithGS.cs|ProcessedScript|64|Replacing Image_ExposureTime with 300
2026-05-25T22:53:08.7897|INFO|SendWithGS.cs|ProcessedScript|64|Replacing Image_HFR with 1.721
2026-05-25T22:53:08.7898|INFO|SendWithGS.cs|ProcessedScript|64|Replacing Image_FWHM with 7.14
2026-05-25T22:53:08.7899|INFO|SendWithGS.cs|ProcessedScript|64|Replacing Altitude with 23.012895121472294
2026-05-25T22:53:08.7900|INFO|SendWithGS.cs|Execute|95|Sending to Ground Station: Exp: $$FWHEEL_FILTER_NAME$$ on $$TARGET_NAME$$ EXP: 300 HFR: 1.721 FWHM: 7.14  Altitude: 23.012895121472294 
2026-05-25T22:53:08.7912|INFO|SequenceItem.cs|Run|208|Starting Category: Ground Station, Item: Send to Telegram
2026-05-25T22:53:09.4488|INFO|SequenceItem.cs|Run|254|Finishing Category: Ground Station, Item: Send to Telegram
2026-05-25T22:53:09.4503|INFO|SequenceItem.cs|Run|254|Finishing Category: Powerups (Fun-ctions), Item: GSSend
2026-05-25T22:53:09.4508|INFO|MeridianFlipTrigger.cs|ShouldTrigger|265|Meridian Flip - There is still time remaining - max remaining time 07:06:37.6404554, next instruction time 0, next instruction Category: Powerups (Fun-ctions), Item: GSSend - and the telescope reports expected pier side pierWest. Automated Flip is not necessary.
2026-05-25T22:53:09.4508|INFO|SequenceItem.cs|Run|208|Starting Category: Powerups (Fun-ctions), Item: GSSend
2026-05-25T22:53:09.4512|INFO|SendWithGS.cs|ProcessedScript|64|Replacing Image_ExposureTime with 300
2026-05-25T22:53:09.4515|INFO|SendWithGS.cs|ProcessedScript|64|Replacing Image_HFR with 1.721
2026-05-25T22:53:09.4518|INFO|SendWithGS.cs|ProcessedScript|64|Replacing Image_FWHM with 7.14
2026-05-25T22:53:09.4519|INFO|SendWithGS.cs|ProcessedScript|64|Replacing Altitude with 23.012895121472294
2026-05-25T22:53:09.4519|INFO|SendWithGS.cs|Execute|95|Sending to Ground Station: Exp: $$FWHEEL_FILTER_NAME$$ on $$TARGET_NAME$$ EXP: 300 HFR: 1.721 FWHM: 7.14  Altitude: 23.012895121472294 
2026-05-25T22:53:09.4532|INFO|SequenceItem.cs|Run|208|Starting Category: Ground Station, Item: Send to Pushover, Title: IMAGE: $$TARGET_NAME$$
2026-05-25T22:53:09.6603|INFO|SequenceItem.cs|Run|254|Finishing Category: Ground Station, Item: Send to Pushover, Title: IMAGE: $$TARGET_NAME$$
2026-05-25T22:53:09.6618|INFO|SequenceItem.cs|Run|254|Finishing Category: Powerups (Fun-ctions), Item: GSSend
2026-05-25T22:53:09.8304|INFO|Symbol.cs|OnMessageReceived|627|Received message from Target Scheduler re: TargetScheduler-TargetStart
2026-05-25T22:53:09.8305|INFO|Symbol.cs|OnMessageReceived|635|TS_TargetName = vdB 141 Panel 10
2026-05-25T22:53:09.8305|INFO|Symbol.cs|OnMessageReceived|636|Expires at 05/26/2026 04:59:23 -05:00
2026-05-25T22:53:09.8305|INFO|Symbol.cs|OnMessageReceived|627|Received message from Target Scheduler re: TargetScheduler-TargetStart
2026-05-25T22:53:09.8306|INFO|Symbol.cs|OnMessageReceived|635|TS_TargetName = vdB 141 Panel 10
2026-05-25T22:53:09.8306|INFO|Symbol.cs|OnMessageReceived|636|Expires at 05/26/2026 04:59:23 -05:00
2026-05-25T22:53:09.8309|INFO|MeridianFlipTrigger.cs|ShouldTrigger|265|Meridian Flip - There is still time remaining - max remaining time 07:06:37.6404554, next instruction time 0, next instruction NINA.Plugin.TargetScheduler.Sequencer.PlanSchedulerProgress - and the telescope reports expected pier side pierWest. Automated Flip is not necessary.
2026-05-25T22:53:09.8310|INFO|SequenceItem.cs|Run|208|Starting NINA.Plugin.TargetScheduler.Sequencer.PlanSchedulerProgress
2026-05-25T22:53:09.8311|INFO|SequenceItem.cs|Run|254|Finishing NINA.Plugin.TargetScheduler.Sequencer.PlanSchedulerProgress
2026-05-25T22:53:09.8312|INFO|MeridianFlipTrigger.cs|ShouldTrigger|265|Meridian Flip - There is still time remaining - max remaining time 07:06:37.6404554, next instruction time 0, next instruction Category: Scheduler, Item: SwitchFilter, Filter: R - and the telescope reports expected pier side pierWest. Automated Flip is not necessary.
2026-05-25T22:53:09.8312|INFO|SequenceItem.cs|Run|208|Starting Category: Scheduler, Item: SwitchFilter, Filter: R
2026-05-25T22:53:09.8325|INFO|SequenceItem.cs|Run|254|Finishing Category: Scheduler, Item: SwitchFilter, Filter: R
2026-05-25T22:53:09.8327|INFO|MeridianFlipTrigger.cs|ShouldTrigger|265|Meridian Flip - There is still time remaining - max remaining time 07:06:37.6404554, next instruction time 0, next instruction NINA.Plugin.TargetScheduler.Sequencer.PlanSchedulerProgress - and the telescope reports expected pier side pierWest. Automated Flip is not necessary.
2026-05-25T22:53:09.8328|INFO|SequenceItem.cs|Run|208|Starting NINA.Plugin.TargetScheduler.Sequencer.PlanSchedulerProgress
2026-05-25T22:53:09.8328|INFO|SequenceItem.cs|Run|254|Finishing NINA.Plugin.TargetScheduler.Sequencer.PlanSchedulerProgress
2026-05-25T22:53:09.8329|INFO|MeridianFlipTrigger.cs|ShouldTrigger|265|Meridian Flip - There is still time remaining - max remaining time 07:06:37.6404554, next instruction time 0, next instruction Category: Scheduler, Item: SetReadoutMode, Mode: 0 - and the telescope reports expected pier side pierWest. Automated Flip is not necessary.
2026-05-25T22:53:09.8330|INFO|SequenceItem.cs|Run|208|Starting Category: Scheduler, Item: SetReadoutMode, Mode: 0
2026-05-25T22:53:09.8331|INFO|SequenceItem.cs|Run|254|Finishing Category: Scheduler, Item: SetReadoutMode, Mode: 0
2026-05-25T22:53:09.8332|INFO|MeridianFlipTrigger.cs|ShouldTrigger|265|Meridian Flip - There is still time remaining - max remaining time 07:06:37.6404554, next instruction time 0, next instruction NINA.Plugin.TargetScheduler.Sequencer.PlanSchedulerProgress - and the telescope reports expected pier side pierWest. Automated Flip is not necessary.
2026-05-25T22:53:09.8332|INFO|SequenceItem.cs|Run|208|Starting NINA.Plugin.TargetScheduler.Sequencer.PlanSchedulerProgress
2026-05-25T22:53:09.8866|INFO|SequenceItem.cs|Run|254|Finishing NINA.Plugin.TargetScheduler.Sequencer.PlanSchedulerProgress
2026-05-25T22:53:09.8873|INFO|MeridianFlipTrigger.cs|ShouldTrigger|265|Meridian Flip - There is still time remaining - max remaining time 07:06:37.6404554, next instruction time 300, next instruction Category: Scheduler, Item: TakeExposure, ExposureTime 300, Gain 100, Offset 50, ImageType LIGHT, Binning 1x1 - and the telescope reports expected pier side pierWest. Automated Flip is not necessary.
2026-05-25T22:53:09.8874|INFO|DIYTrigger.cs|ShouldTrigger|109|DIY Trigger Restore Guiding ShouldTrigger returning true
2026-05-25T22:53:09.8874|INFO|SequenceTrigger.cs|Run|114|Starting Category: Powerups (Misc), Item: DIYTrigger
2026-05-25T22:53:09.8895|INFO|DIYTrigger.cs|Execute|95|DIY Trigger executing...
2026-05-25T22:53:09.8896|INFO|SequenceItem.cs|Run|208|Starting Category: * Instruction Set *, Container: NINA.Sequencer.Container.SequentialContainer, Strategy: SequentialStrategy, Items[CREATED]: 1, Triggers: Trigger: RestoreGuiding
2026-05-25T22:53:09.9060|INFO|MeridianFlipTrigger.cs|ShouldTrigger|265|Meridian Flip - There is still time remaining - max remaining time 07:06:37.6404554, next instruction time 0, next instruction Category: Powerups (Expressions), Item: IfFailed - and the telescope reports expected pier side pierWest. Automated Flip is not necessary.
2026-05-25T22:53:09.9061|INFO|SequenceItem.cs|Run|208|Starting Category: Powerups (Expressions), Item: IfFailed
2026-05-25T22:53:09.9061|INFO|SequenceItem.cs|Run|208|Starting Category: Guider, Item: StartGuiding
2026-05-25T22:53:09.9103|INFO|PHD2Guider.cs|StartGuidingPrivate|504|Phd2 - App is already guiding. Skipping start guiding
2026-05-25T22:53:09.9105|INFO|SequenceItem.cs|Run|254|Finishing Category: Guider, Item: StartGuiding
2026-05-25T22:53:09.9106|INFO|SequenceItem.cs|Run|254|Finishing Category: Powerups (Expressions), Item: IfFailed
2026-05-25T22:53:09.9107|INFO|SequenceItem.cs|Run|254|Finishing Category: * Instruction Set *, Container: NINA.Sequencer.Container.SequentialContainer, Strategy: SequentialStrategy, Items[FINISHED]: 1, Triggers: Trigger: RestoreGuiding
2026-05-25T22:53:09.9131|INFO|SequenceItem.cs|Run|208|Starting Category: Scheduler, Item: TakeExposure, ExposureTime 300, Gain 100, Offset 50, ImageType LIGHT, Binning 1x1
2026-05-25T22:53:09.9188|INFO|CameraVM.cs|Capture|742|Starting Exposure - Exposure Time: 300s; Filter: ; Gain: 100; Offset 50; Binning: 1x1;
2026-05-25T22:53:10.2092|INFO|StarfrontClient.cs|SendImageFile|249|[Rockwood] sent 2026-05-25_22-48-02_vdB 141 Panel 10_LIGHT_R_-5.00C_G100-Exp-300.00s_MAXRMS-D1.82-R1.79_M-107.80_RMS-0.63_HFR-1.72_F-0003.fits (30KB) object=vdB 141 Panel 10 exptime=300s filter=R
2026-05-25T22:53:14.3183|INFO|SyncEngine.cs|SyncPendingFramesAsync|142|[Subframes] SyncEngine: synced 1 frames for session 3756568f-4703-43be-b60c-328e59a276eb (accepted=1)
2026-05-25T22:56:17.3748|INFO|TsProgressReader.cs|ReadProgressDelta|75|[Subframes] TS progress delta: DB not found at C:\Users\nicka\AppData\Local\NINA\SchedulerPlugin — Target Scheduler not installed or DB path mismatch.
2026-05-25T22:58:11.7812|INFO|SequenceItem.cs|Run|254|Finishing Category: Scheduler, Item: TakeExposure, ExposureTime 300, Gain 100, Offset 50, ImageType LIGHT, Binning 1x1
2026-05-25T22:58:11.7815|INFO|MeridianFlipTrigger.cs|ShouldTrigger|265|Meridian Flip - There is still time remaining - max remaining time 07:01:34.8951953, next instruction time 0, next instruction NINA.Plugin.TargetScheduler.Sequencer.PlanSchedulerProgress - and the telescope reports expected pier side pierWest. Automated Flip is not necessary.
2026-05-25T22:58:11.7816|INFO|SequenceItem.cs|Run|208|Starting NINA.Plugin.TargetScheduler.Sequencer.PlanSchedulerProgress
2026-05-25T22:58:11.7817|INFO|SequenceItem.cs|Run|254|Finishing NINA.Plugin.TargetScheduler.Sequencer.PlanSchedulerProgress
2026-05-25T22:58:13.7637|INFO|HocusFocusStarDetection.cs|Detect|413|Average HFR: 1.7342893142873888, HFR MAD: 0.16783553542278004, Detected Stars 962, Region: 0
2026-05-25T22:58:14.3927|INFO|BaseImageData.cs|SaveToDisk|346|Saved image to C:\ASTROIMAGES\NINA\2026-05-25\vdB 141 Panel 10\LIGHT\R\2026-05-25_22-53-09_vdB 141 Panel 10_LIGHT_R_-5.00C_G100-Exp-300.00s_MAXRMS-D1.07-R1.32_M-107.81_RMS-0.45_HFR-1.73_F-0004.fits
2026-05-25T22:58:14.3928|INFO|ImageSaveController.cs|DoWork|97|Successfully saved file at C:\ASTROIMAGES\NINA\2026-05-25\vdB 141 Panel 10\LIGHT\R\2026-05-25_22-53-09_vdB 141 Panel 10_LIGHT_R_-5.00C_G100-Exp-300.00s_MAXRMS-D1.07-R1.32_M-107.81_RMS-0.45_HFR-1.73_F-0004.fits. Duration Total: 00:00:02.6116698; BeforeSave: 00:00:00.0001200; BeforeFinalizeImageSaved: 00:00:02.2807747; FinalizeSaveTime: 00:00:00.3307744
2026-05-25T22:58:14.9714|WARNING|SessionMetaDataWatcher.cs|WriteAcquisitionMetaData|73|acquisition file already exists, will not overwrite: C:\ASTROIMAGES\NINA\2026-05-25\vdB 141 Panel 10\LIGHT\R\metadata\AcquisitionDetails.csv
2026-05-25T22:58:14.9715|WARNING|SessionMetaDataWatcher.cs|WriteAcquisitionMetaData|93|acquisition file already exists, will not overwrite: C:\ASTROIMAGES\NINA\2026-05-25\vdB 141 Panel 10\LIGHT\R\metadata\AcquisitionDetails.json
2026-05-25T22:58:14.9718|INFO|SessionMetaDataWatcher.cs|WriteImageMetaData|105|Writing CSV image metadata: C:\ASTROIMAGES\NINA\2026-05-25\vdB 141 Panel 10\LIGHT\R\metadata\ImageMetaData.csv
2026-05-25T22:58:15.0266|INFO|SessionMetaDataWatcher.cs|WriteImageMetaData|122|Writing JSON image metadata: C:\ASTROIMAGES\NINA\2026-05-25\vdB 141 Panel 10\LIGHT\R\metadata\ImageMetaData.json
2026-05-25T22:58:15.0287|INFO|SessionMetaDataWatcher.cs|WriteWeatherMetaData|169|Writing CSV weather metadata: C:\ASTROIMAGES\NINA\2026-05-25\vdB 141 Panel 10\LIGHT\R\metadata\WeatherData.csv
2026-05-25T22:58:15.0493|INFO|SessionMetaDataWatcher.cs|WriteWeatherMetaData|186|Writing JSON weather metadata: C:\ASTROIMAGES\NINA\2026-05-25\vdB 141 Panel 10\LIGHT\R\metadata\WeatherData.json
2026-05-25T22:58:15.0506|INFO|SessionService.cs|OnTargetDetectedAsync|663|[Subframes] Target detected: 'vdB 141 Panel 10' (was 'vdB 141 Panel 10')
2026-05-25T22:58:15.1037|INFO|SubframesClient.cs|StartTargetAsync|316|[Subframes] Target started:  name='vdB 141 Panel 10'
2026-05-25T22:58:15.1039|WARNING|SessionService.cs|StartTargetAsync|559|[Subframes] StartTarget failed — cached locally as c2c2fa7f-142f-4cba-a5ee-3ad6ac185203 for replay.
2026-05-25T22:58:15.6846|INFO|MeridianFlipTrigger.cs|ShouldTrigger|265|Meridian Flip - There is still time remaining - max remaining time 07:01:30.9061025, next instruction time 0, next instruction Category: Powerups (Fun-ctions), Item: GSSend - and the telescope reports expected pier side pierWest. Automated Flip is not necessary.
2026-05-25T22:58:15.6846|INFO|SequenceItem.cs|Run|208|Starting Category: Powerups (Fun-ctions), Item: GSSend
2026-05-25T22:58:15.6850|INFO|SendWithGS.cs|ProcessedScript|64|Replacing Image_ExposureTime with 300
2026-05-25T22:58:15.6851|INFO|SendWithGS.cs|ProcessedScript|64|Replacing Image_HFR with 1.734
2026-05-25T22:58:15.6853|INFO|SendWithGS.cs|ProcessedScript|64|Replacing Image_FWHM with 7.07
2026-05-25T22:58:15.6854|INFO|SendWithGS.cs|ProcessedScript|64|Replacing Altitude with 23.439426071372463
2026-05-25T22:58:15.6854|INFO|SendWithGS.cs|Execute|95|Sending to Ground Station: Exp: $$FWHEEL_FILTER_NAME$$ on $$TARGET_NAME$$ EXP: 300 HFR: 1.734 FWHM: 7.07  Altitude: 23.439426071372463 
2026-05-25T22:58:15.6867|INFO|SequenceItem.cs|Run|208|Starting Category: Ground Station, Item: Send to Telegram
2026-05-25T22:58:16.3606|INFO|SequenceItem.cs|Run|254|Finishing Category: Ground Station, Item: Send to Telegram
2026-05-25T22:58:16.3620|INFO|SequenceItem.cs|Run|254|Finishing Category: Powerups (Fun-ctions), Item: GSSend
2026-05-25T22:58:16.3624|INFO|MeridianFlipTrigger.cs|ShouldTrigger|265|Meridian Flip - There is still time remaining - max remaining time 07:01:30.9061025, next instruction time 0, next instruction Category: Powerups (Fun-ctions), Item: GSSend - and the telescope reports expected pier side pierWest. Automated Flip is not necessary.
2026-05-25T22:58:16.3624|INFO|SequenceItem.cs|Run|208|Starting Category: Powerups (Fun-ctions), Item: GSSend
2026-05-25T22:58:16.3628|INFO|SendWithGS.cs|ProcessedScript|64|Replacing Image_ExposureTime with 300
2026-05-25T22:58:16.3629|INFO|SendWithGS.cs|ProcessedScript|64|Replacing Image_HFR with 1.734
2026-05-25T22:58:16.3630|INFO|SendWithGS.cs|ProcessedScript|64|Replacing Image_FWHM with 7.07
2026-05-25T22:58:16.3631|INFO|SendWithGS.cs|ProcessedScript|64|Replacing Altitude with 23.439426071372463
2026-05-25T22:58:16.3631|INFO|SendWithGS.cs|Execute|95|Sending to Ground Station: Exp: $$FWHEEL_FILTER_NAME$$ on $$TARGET_NAME$$ EXP: 300 HFR: 1.734 FWHM: 7.07  Altitude: 23.439426071372463 
2026-05-25T22:58:16.3643|INFO|SequenceItem.cs|Run|208|Starting Category: Ground Station, Item: Send to Pushover, Title: IMAGE: $$TARGET_NAME$$
2026-05-25T22:58:16.5419|INFO|SequenceItem.cs|Run|254|Finishing Category: Ground Station, Item: Send to Pushover, Title: IMAGE: $$TARGET_NAME$$
2026-05-25T22:58:16.5431|INFO|SequenceItem.cs|Run|254|Finishing Category: Powerups (Fun-ctions), Item: GSSend
2026-05-25T22:58:16.7223|INFO|MeridianFlipTrigger.cs|ShouldTrigger|265|Meridian Flip - There is still time remaining - max remaining time 07:01:30.9061025, next instruction time 0, next instruction [SubframesEndTarget] - and the telescope reports expected pier side pierWest. Automated Flip is not necessary.
2026-05-25T22:58:16.7224|INFO|SequenceItem.cs|Run|208|Starting [SubframesEndTarget]
2026-05-25T22:58:16.7224|INFO|SequenceItem.cs|Run|254|Finishing [SubframesEndTarget]
2026-05-25T22:58:16.7528|INFO|Symbol.cs|OnMessageReceived|627|Received message from Target Scheduler re: TargetScheduler-NewTargetStart
2026-05-25T22:58:16.7528|INFO|Symbol.cs|OnMessageReceived|635|TS_TargetName = M 51
2026-05-25T22:58:16.7529|INFO|Symbol.cs|OnMessageReceived|636|Expires at 05/26/2026 04:05:22 -05:00
2026-05-25T22:58:16.7529|INFO|Symbol.cs|OnMessageReceived|627|Received message from Target Scheduler re: TargetScheduler-NewTargetStart
2026-05-25T22:58:16.7529|INFO|Symbol.cs|OnMessageReceived|635|TS_TargetName = M 51
2026-05-25T22:58:16.7529|INFO|Symbol.cs|OnMessageReceived|636|Expires at 05/26/2026 04:05:22 -05:00
2026-05-25T22:58:16.7575|INFO|Symbol.cs|OnMessageReceived|627|Received message from Target Scheduler re: TargetScheduler-TargetStart
2026-05-25T22:58:16.7576|INFO|Symbol.cs|OnMessageReceived|635|TS_TargetName = M 51
2026-05-25T22:58:16.7576|INFO|Symbol.cs|OnMessageReceived|636|Expires at 05/26/2026 04:05:22 -05:00
2026-05-25T22:58:16.7576|INFO|Symbol.cs|OnMessageReceived|627|Received message from Target Scheduler re: TargetScheduler-TargetStart
2026-05-25T22:58:16.7577|INFO|Symbol.cs|OnMessageReceived|635|TS_TargetName = M 51
2026-05-25T22:58:16.7577|INFO|Symbol.cs|OnMessageReceived|636|Expires at 05/26/2026 04:05:22 -05:00
2026-05-25T22:58:16.7582|INFO|MeridianFlipTrigger.cs|ShouldTrigger|265|Meridian Flip - There is still time remaining - max remaining time 07:01:30.9061025, next instruction time 0, next instruction NINA.Plugin.TargetScheduler.Sequencer.PlanSchedulerProgress - and the telescope reports expected pier side pierWest. Automated Flip is not necessary.
2026-05-25T22:58:16.7583|INFO|SequenceItem.cs|Run|208|Starting NINA.Plugin.TargetScheduler.Sequencer.PlanSchedulerProgress
2026-05-25T22:58:16.9087|INFO|SequenceItem.cs|Run|254|Finishing NINA.Plugin.TargetScheduler.Sequencer.PlanSchedulerProgress
2026-05-25T22:58:16.9092|INFO|MeridianFlipTrigger.cs|ShouldTrigger|265|Meridian Flip - There is still time remaining - max remaining time 07:01:30.9061025, next instruction time 0, next instruction Category: Scheduler, Item: Center, Coordinates RA: 13:29:53; Dec: 47° 11' 43"; Epoch: J2000 - and the telescope reports expected pier side pierWest. Automated Flip is not necessary.
2026-05-25T22:58:16.9092|INFO|SequenceItem.cs|Run|208|Starting Category: Scheduler, Item: Center, Coordinates RA: 13:29:53; Dec: 47° 11' 43"; Epoch: J2000
2026-05-25T22:58:17.3839|INFO|StarfrontClient.cs|SendImageFile|249|[Rockwood] sent 2026-05-25_22-53-09_vdB 141 Panel 10_LIGHT_R_-5.00C_G100-Exp-300.00s_MAXRMS-D1.07-R1.32_M-107.81_RMS-0.45_HFR-1.73_F-0004.fits (29KB) object=vdB 141 Panel 10 exptime=300s filter=R
2026-05-25T22:58:18.3359|INFO|PHD2Client.cs|ProcessEvent|268|PHD2: ConfigurationChange
2026-05-25T22:58:18.3557|WARNING|PHD2Client.cs|ProcessEvent|252|PHD2: LockPositionLost
2026-05-25T22:58:18.4485|INFO|PHD2Client.cs|QueryExposureTime|1216|PHD2Client: Exposure time from PHD2 API: 2.000 seconds (2000 ms)
2026-05-25T22:58:19.0041|INFO|TelescopeVM.cs|SlewAsyncInternal|910|Slewing from RA: 20:40:02; Dec: 68° 11' 27"; Epoch: JNOW to RA: 13:31:02; Dec: 47° 03' 37"; Epoch: JNOW - Alt: 74° 27' 36"; Az: 356° 59' 03"
2026-05-25T22:58:44.3190|INFO|SyncEngine.cs|SyncPendingFramesAsync|142|[Subframes] SyncEngine: synced 1 frames for session 3756568f-4703-43be-b60c-328e59a276eb (accepted=1)
2026-05-25T22:58:46.1683|INFO|FilterWheelVM.cs|ChangeFilter|112|Moving to Filter L at Position 0
2026-05-25T22:58:46.3719|INFO|FocuserVM.cs|MoveFocuserInternal|216|Moving Focuser to position 387319
2026-05-25T22:58:55.6481|INFO|CameraVM.cs|Capture|742|Starting Exposure - Exposure Time: 2s; Filter: L; Gain: 275; Offset 50; Binning: 1x1;
2026-05-25T22:58:59.8900|INFO|ImageSolver.cs|Solve|41|Platesolving with parameters: FocalLength: 360 PixelSize: 3.76 SearchRadius: 30 BlindFailoverEnabled: True Regions: 5000 DownSampleFactor: 0 MaxObjects: 500 Reference Coordinates RA: 13:29:53 Dec: 47° 11' 43" Epoch: J2000
2026-05-25T22:59:00.1994|INFO|BaseImageData.cs|SaveToDisk|346|Saved image to C:\Users\nicka\AppData\Local\NINA\PlateSolver\ogio1zi0.m4q.fits
2026-05-25T22:59:01.0631|INFO|ImageSolver.cs|Solve|54|Platesolve successful: Coordinates: RA: 13:30:36; Dec: 47° 11' 22"; Epoch: J2000 - Position Angle: 275.62123330778206
2026-05-25T22:59:01.0641|INFO|CenteringSolver.cs|Center|99|Centering Solver - Scope Position: RA: 13:31:02; Dec: 47° 03' 37"; Epoch: JNOW; Offset: RA: 00:00:00; Dec: 00° 00' 00"; Distance: 00° 00' 00"; Bearing: 00° 00' 00"; Centering Coordinates: RA: 13:31:02; Dec: 47° 03' 37"; Epoch: JNOW; Solved: RA: 13:31:44; Dec: 47° 03' 16"; Epoch: JNOW; Separation RA: -00:00:43; Dec: 00° 00' 21"; Distance: 00° 07' 18"; Bearing: -92° 38' 47"; Threshold: 2
2026-05-25T22:59:01.6382|INFO|TelescopeVM.cs|Sync|777|Syncing scope from RA: 13:31:02; Dec: 47° 03' 37"; Epoch: JNOW to RA: 13:31:44; Dec: 47° 03' 16"; Epoch: JNOW
2026-05-25T22:59:06.6402|INFO|CenteringSolver.cs|Center|132|Slewing to target after sync. Current Position: RA: 13:31:44; Dec: 47° 03' 16"; Epoch: JNOW; Target coordinates: RA: 13:31:02; Dec: 47° 03' 37"; Epoch: JNOW; Offset RA: 00:00:00; Dec: 00° 00' 00"; Distance: 00° 00' 00"; Bearing: 00° 00' 00"
2026-05-25T22:59:06.6431|INFO|TelescopeVM.cs|SlewAsyncInternal|910|Slewing from RA: 13:31:44; Dec: 47° 03' 16"; Epoch: JNOW to RA: 13:31:02; Dec: 47° 03' 37"; Epoch: JNOW - Alt: 74° 27' 02"; Az: 356° 28' 46"
2026-05-25T22:59:14.8256|INFO|CameraVM.cs|Capture|742|Starting Exposure - Exposure Time: 2s; Filter: L; Gain: 275; Offset 50; Binning: 1x1;
2026-05-25T22:59:19.0842|INFO|ImageSolver.cs|Solve|41|Platesolving with parameters: FocalLength: 360 PixelSize: 3.76 SearchRadius: 30 BlindFailoverEnabled: True Regions: 5000 DownSampleFactor: 0 MaxObjects: 500 Reference Coordinates RA: 13:29:53 Dec: 47° 11' 43" Epoch: J2000
2026-05-25T22:59:19.3951|INFO|BaseImageData.cs|SaveToDisk|346|Saved image to C:\Users\nicka\AppData\Local\NINA\PlateSolver\fyxdcmea.cbu.fits
2026-05-25T22:59:20.2298|INFO|ImageSolver.cs|Solve|54|Platesolve successful: Coordinates: RA: 13:29:54; Dec: 47° 11' 47"; Epoch: J2000 - Position Angle: 275.6237437057195
2026-05-25T22:59:20.2308|INFO|CenteringSolver.cs|Center|99|Centering Solver - Scope Position: RA: 13:31:02; Dec: 47° 03' 37"; Epoch: JNOW; Offset: RA: 00:00:00; Dec: 00° 00' 00"; Distance: 00° 00' 00"; Bearing: 00° 00' 00"; Centering Coordinates: RA: 13:31:02; Dec: 47° 03' 37"; Epoch: JNOW; Solved: RA: 13:31:02; Dec: 47° 03' 41"; Epoch: JNOW; Separation RA: -00:00:01; Dec: -00° 00' 04"; Distance: 00° 00' 10"; Bearing: -66° 32' 32"; Threshold: 2
2026-05-25T22:59:20.2309|INFO|CenteringSolver.cs|Center|165|Restoring filter to R after centering
2026-05-25T22:59:20.2317|INFO|FilterWheelVM.cs|ChangeFilter|112|Moving to Filter R at Position 1
2026-05-25T22:59:20.4363|INFO|FocuserVM.cs|MoveFocuserInternal|216|Moving Focuser to position 387338
2026-05-25T22:59:23.6442|INFO|PHD2Guider.cs|TryStartGuideCommand|641|Phd2 - Requesting to start guiding. Recalibrate: False
2026-05-25T22:59:30.7555|INFO|PHD2Client.cs|ProcessEvent|268|PHD2: ConfigurationChange
2026-05-25T22:59:30.7983|INFO|PHD2Client.cs|QueryExposureTime|1216|PHD2Client: Exposure time from PHD2 API: 2.000 seconds (2000 ms)
2026-05-25T22:59:30.8749|INFO|PHD2Client.cs|ProcessEvent|261|PHD2: StartGuiding
2026-05-25T22:59:30.8750|INFO|PHD2Client.cs|StartNewGuidingSession|393|PHD2Client: New guiding session started
2026-05-25T22:59:30.8856|INFO|PHD2Client.cs|QueryExposureTime|1216|PHD2Client: Exposure time from PHD2 API: 2.000 seconds (2000 ms)
2026-05-25T22:59:53.9218|INFO|PHD2Client.cs|HandleSettleDone|343|PHD2Client: SettleDone - Status=0, Success=True, TotalFrames=10, DroppedFrames=0
2026-05-25T22:59:53.9219|WARNING|DitherStatisticsVM.cs|OnPHD2SettleDone|772|⚠️ SettleDone received but no currentDither exists (race condition?)
2026-05-25T22:59:54.3380|INFO|SequenceItem.cs|Run|254|Finishing Category: Scheduler, Item: Center, Coordinates RA: 13:29:53; Dec: 47° 11' 43"; Epoch: J2000
2026-05-25T22:59:54.3386|INFO|MeridianFlipTrigger.cs|ShouldTrigger|265|Meridian Flip - There is still time remaining - max remaining time 11:50:52.8174751, next instruction time 0, next instruction NINA.Plugin.TargetScheduler.Sequencer.PlanSchedulerProgress - and the telescope reports expected pier side pierEast. Automated Flip is not necessary.
2026-05-25T22:59:54.3388|INFO|SequenceItem.cs|Run|208|Starting NINA.Plugin.TargetScheduler.Sequencer.PlanSchedulerProgress
2026-05-25T22:59:54.3406|INFO|SequenceItem.cs|Run|254|Finishing NINA.Plugin.TargetScheduler.Sequencer.PlanSchedulerProgress
2026-05-25T22:59:54.3412|INFO|MeridianFlipTrigger.cs|ShouldTrigger|265|Meridian Flip - There is still time remaining - max remaining time 11:50:52.8174751, next instruction time 0, next instruction Category: , Container: NINA.Plugin.TargetScheduler.Sequencer.InstructionContainer, Strategy: InstructionContainerStrategy, Items[CREATED]: 2 - and the telescope reports expected pier side pierEast. Automated Flip is not necessary.
2026-05-25T22:59:54.3414|INFO|SequenceItem.cs|Run|208|Starting Category: , Container: NINA.Plugin.TargetScheduler.Sequencer.InstructionContainer, Strategy: InstructionContainerStrategy, Items[CREATED]: 2
2026-05-25T22:59:54.3428|INFO|MeridianFlipTrigger.cs|ShouldTrigger|265|Meridian Flip - There is still time remaining - max remaining time 11:50:52.8174751, next instruction time 0, next instruction [SubframesStartTarget] Target='Unknown Target' RA=0.0000 Dec=0.0000 - and the telescope reports expected pier side pierEast. Automated Flip is not necessary.
2026-05-25T22:59:54.3429|INFO|SequenceItem.cs|Run|208|Starting [SubframesStartTarget] Target='Unknown Target' RA=0.0000 Dec=0.0000
2026-05-25T22:59:54.3431|INFO|StartTargetItem.cs|Execute|95|[Subframes] StartTargetItem: target start returned null (API unavailable or older version).
2026-05-25T22:59:54.3433|INFO|SequenceItem.cs|Run|254|Finishing [SubframesStartTarget] Target='Unknown Target' RA=0.0000 Dec=0.0000
2026-05-25T22:59:54.3438|INFO|MeridianFlipTrigger.cs|ShouldTrigger|265|Meridian Flip - There is still time remaining - max remaining time 11:50:52.8174751, next instruction time 0, next instruction Category: Ground Station, Item: Send to Telegram - and the telescope reports expected pier side pierEast. Automated Flip is not necessary.
2026-05-25T22:59:54.3439|INFO|SequenceItem.cs|Run|208|Starting Category: Ground Station, Item: Send to Telegram
2026-05-25T22:59:54.9934|INFO|SequenceItem.cs|Run|254|Finishing Category: Ground Station, Item: Send to Telegram
2026-05-25T22:59:54.9938|INFO|SequenceItem.cs|Run|254|Finishing Category: , Container: NINA.Plugin.TargetScheduler.Sequencer.InstructionContainer, Strategy: InstructionContainerStrategy, Items[FINISHED]: 2
2026-05-25T22:59:54.9940|INFO|MeridianFlipTrigger.cs|ShouldTrigger|265|Meridian Flip - There is still time remaining - max remaining time 11:50:52.8174751, next instruction time 0, next instruction NINA.Plugin.TargetScheduler.Sequencer.PlanSchedulerProgress - and the telescope reports expected pier side pierEast. Automated Flip is not necessary.
2026-05-25T22:59:54.9941|INFO|SequenceItem.cs|Run|208|Starting NINA.Plugin.TargetScheduler.Sequencer.PlanSchedulerProgress
2026-05-25T22:59:55.0216|INFO|SequenceItem.cs|Run|254|Finishing NINA.Plugin.TargetScheduler.Sequencer.PlanSchedulerProgress
2026-05-25T22:59:55.0219|INFO|MeridianFlipTrigger.cs|ShouldTrigger|265|Meridian Flip - There is still time remaining - max remaining time 11:50:52.8174751, next instruction time 0, next instruction Category: Scheduler, Item: SwitchFilter, Filter: H - and the telescope reports expected pier side pierEast. Automated Flip is not necessary.
2026-05-25T22:59:55.0220|INFO|SequenceItem.cs|Run|208|Starting Category: Scheduler, Item: SwitchFilter, Filter: H
2026-05-25T22:59:55.0229|INFO|FilterWheelVM.cs|ChangeFilter|112|Moving to Filter H at Position 5
2026-05-25T22:59:55.2259|INFO|FocuserVM.cs|MoveFocuserInternal|216|Moving Focuser to position 387341
2026-05-25T22:59:59.6486|INFO|SequenceItem.cs|Run|254|Finishing Category: Scheduler, Item: SwitchFilter, Filter: H
2026-05-25T22:59:59.6490|INFO|MeridianFlipTrigger.cs|ShouldTrigger|265|Meridian Flip - There is still time remaining - max remaining time 11:50:46.8586960, next instruction time 0, next instruction NINA.Plugin.TargetScheduler.Sequencer.PlanSchedulerProgress - and the telescope reports expected pier side pierEast. Automated Flip is not necessary.
2026-05-25T22:59:59.6491|INFO|SequenceItem.cs|Run|208|Starting NINA.Plugin.TargetScheduler.Sequencer.PlanSchedulerProgress
2026-05-25T22:59:59.6492|INFO|SequenceItem.cs|Run|254|Finishing NINA.Plugin.TargetScheduler.Sequencer.PlanSchedulerProgress
2026-05-25T22:59:59.6493|INFO|MeridianFlipTrigger.cs|ShouldTrigger|265|Meridian Flip - There is still time remaining - max remaining time 11:50:46.8586960, next instruction time 0, next instruction Category: Scheduler, Item: SetReadoutMode, Mode: 0 - and the telescope reports expected pier side pierEast. Automated Flip is not necessary.
2026-05-25T22:59:59.6494|INFO|SequenceItem.cs|Run|208|Starting Category: Scheduler, Item: SetReadoutMode, Mode: 0
2026-05-25T22:59:59.6495|INFO|SequenceItem.cs|Run|254|Finishing Category: Scheduler, Item: SetReadoutMode, Mode: 0
2026-05-25T22:59:59.6496|INFO|MeridianFlipTrigger.cs|ShouldTrigger|265|Meridian Flip - There is still time remaining - max remaining time 11:50:46.8586960, next instruction time 0, next instruction NINA.Plugin.TargetScheduler.Sequencer.PlanSchedulerProgress - and the telescope reports expected pier side pierEast. Automated Flip is not necessary.
2026-05-25T22:59:59.6497|INFO|SequenceItem.cs|Run|208|Starting NINA.Plugin.TargetScheduler.Sequencer.PlanSchedulerProgress
2026-05-25T22:59:59.6505|INFO|SequenceItem.cs|Run|254|Finishing NINA.Plugin.TargetScheduler.Sequencer.PlanSchedulerProgress
2026-05-25T22:59:59.6507|INFO|MeridianFlipTrigger.cs|ShouldTrigger|265|Meridian Flip - There is still time remaining - max remaining time 11:50:46.8586960, next instruction time 600, next instruction Category: Scheduler, Item: TakeExposure, ExposureTime 600, Gain 100, Offset 50, ImageType LIGHT, Binning 1x1 - and the telescope reports expected pier side pierEast. Automated Flip is not necessary.
2026-05-25T22:59:59.6507|INFO|DIYTrigger.cs|ShouldTrigger|109|DIY Trigger Restore Guiding ShouldTrigger returning true
2026-05-25T22:59:59.6508|INFO|SequenceTrigger.cs|Run|114|Starting Category: Powerups (Misc), Item: DIYTrigger
2026-05-25T22:59:59.6528|INFO|DIYTrigger.cs|Execute|95|DIY Trigger executing...
2026-05-25T22:59:59.6529|INFO|SequenceItem.cs|Run|208|Starting Category: * Instruction Set *, Container: NINA.Sequencer.Container.SequentialContainer, Strategy: SequentialStrategy, Items[CREATED]: 1, Triggers: Trigger: RestoreGuiding
2026-05-25T22:59:59.6533|INFO|MeridianFlipTrigger.cs|ShouldTrigger|265|Meridian Flip - There is still time remaining - max remaining time 11:50:46.8586960, next instruction time 0, next instruction Category: Powerups (Expressions), Item: IfFailed - and the telescope reports expected pier side pierEast. Automated Flip is not necessary.
2026-05-25T22:59:59.6534|INFO|SequenceItem.cs|Run|208|Starting Category: Powerups (Expressions), Item: IfFailed
2026-05-25T22:59:59.6536|INFO|SequenceItem.cs|Run|208|Starting Category: Guider, Item: StartGuiding
2026-05-25T22:59:59.6570|INFO|PHD2Guider.cs|StartGuidingPrivate|504|Phd2 - App is already guiding. Skipping start guiding
2026-05-25T22:59:59.6572|INFO|SequenceItem.cs|Run|254|Finishing Category: Guider, Item: StartGuiding
2026-05-25T22:59:59.6574|INFO|SequenceItem.cs|Run|254|Finishing Category: Powerups (Expressions), Item: IfFailed
2026-05-25T22:59:59.6576|INFO|SequenceItem.cs|Run|254|Finishing Category: * Instruction Set *, Container: NINA.Sequencer.Container.SequentialContainer, Strategy: SequentialStrategy, Items[FINISHED]: 1, Triggers: Trigger: RestoreGuiding
2026-05-25T22:59:59.6602|INFO|SequenceItem.cs|Run|208|Starting Category: Scheduler, Item: TakeExposure, ExposureTime 600, Gain 100, Offset 50, ImageType LIGHT, Binning 1x1
2026-05-25T22:59:59.6652|INFO|CameraVM.cs|Capture|742|Starting Exposure - Exposure Time: 600s; Filter: ; Gain: 100; Offset 50; Binning: 1x1;
2026-05-25T23:01:17.3751|INFO|TsProgressReader.cs|ReadProgressDelta|75|[Subframes] TS progress delta: DB not found at C:\Users\nicka\AppData\Local\NINA\SchedulerPlugin — Target Scheduler not installed or DB path mismatch.
2026-05-25T23:06:17.3752|INFO|TsProgressReader.cs|ReadProgressDelta|75|[Subframes] TS progress delta: DB not found at C:\Users\nicka\AppData\Local\NINA\SchedulerPlugin — Target Scheduler not installed or DB path mismatch.
2026-05-25T23:10:01.4853|INFO|SequenceItem.cs|Run|254|Finishing Category: Scheduler, Item: TakeExposure, ExposureTime 600, Gain 100, Offset 50, ImageType LIGHT, Binning 1x1
2026-05-25T23:10:01.4858|INFO|MeridianFlipTrigger.cs|ShouldTrigger|265|Meridian Flip - There is still time remaining - max remaining time 11:40:44.2656847, next instruction time 0, next instruction NINA.Plugin.TargetScheduler.Sequencer.PlanSchedulerProgress - and the telescope reports expected pier side pierEast. Automated Flip is not necessary.
2026-05-25T23:10:01.4859|INFO|SequenceItem.cs|Run|208|Starting NINA.Plugin.TargetScheduler.Sequencer.PlanSchedulerProgress
2026-05-25T23:10:01.4859|INFO|SequenceItem.cs|Run|254|Finishing NINA.Plugin.TargetScheduler.Sequencer.PlanSchedulerProgress
2026-05-25T23:10:02.7285|INFO|HocusFocusStarDetection.cs|Detect|413|Average HFR: 1.807999561812084, HFR MAD: 0.17255614635596725, Detected Stars 305, Region: 0
2026-05-25T23:10:03.3747|INFO|BaseImageData.cs|SaveToDisk|346|Saved image to C:\ASTROIMAGES\NINA\2026-05-25\M 51\LIGHT\H\2026-05-25_22-59-59_M 51_LIGHT_H_-5.00C_G100-Exp-600.00s_MAXRMS-D0.89-R2.01_M-55.21_RMS-0.62_HFR-1.81_F-0005.fits
2026-05-25T23:10:03.3748|INFO|ImageSaveController.cs|DoWork|97|Successfully saved file at C:\ASTROIMAGES\NINA\2026-05-25\M 51\LIGHT\H\2026-05-25_22-59-59_M 51_LIGHT_H_-5.00C_G100-Exp-600.00s_MAXRMS-D0.89-R2.01_M-55.21_RMS-0.62_HFR-1.81_F-0005.fits. Duration Total: 00:00:01.8895028; BeforeSave: 00:00:00.0001246; BeforeFinalizeImageSaved: 00:00:01.5525859; FinalizeSaveTime: 00:00:00.3367917
2026-05-25T23:10:03.9588|WARNING|SessionMetaDataWatcher.cs|WriteAcquisitionMetaData|73|acquisition file already exists, will not overwrite: C:\ASTROIMAGES\NINA\2026-05-25\M 51\LIGHT\H\metadata\AcquisitionDetails.csv
2026-05-25T23:10:03.9590|WARNING|SessionMetaDataWatcher.cs|WriteAcquisitionMetaData|93|acquisition file already exists, will not overwrite: C:\ASTROIMAGES\NINA\2026-05-25\M 51\LIGHT\H\metadata\AcquisitionDetails.json
2026-05-25T23:10:03.9593|INFO|SessionMetaDataWatcher.cs|WriteImageMetaData|105|Writing CSV image metadata: C:\ASTROIMAGES\NINA\2026-05-25\M 51\LIGHT\H\metadata\ImageMetaData.csv
2026-05-25T23:10:04.0049|INFO|SessionMetaDataWatcher.cs|WriteImageMetaData|122|Writing JSON image metadata: C:\ASTROIMAGES\NINA\2026-05-25\M 51\LIGHT\H\metadata\ImageMetaData.json
2026-05-25T23:10:04.0068|INFO|SessionMetaDataWatcher.cs|WriteWeatherMetaData|169|Writing CSV weather metadata: C:\ASTROIMAGES\NINA\2026-05-25\M 51\LIGHT\H\metadata\WeatherData.csv
2026-05-25T23:10:04.0397|INFO|SessionMetaDataWatcher.cs|WriteWeatherMetaData|186|Writing JSON weather metadata: C:\ASTROIMAGES\NINA\2026-05-25\M 51\LIGHT\H\metadata\WeatherData.json
2026-05-25T23:10:04.0413|INFO|SessionService.cs|OnTargetDetectedAsync|663|[Subframes] Target detected: 'M51' (was 'vdB 141 Panel 10')
2026-05-25T23:10:04.0757|INFO|SubframesClient.cs|StartTargetAsync|316|[Subframes] Target started:  name='M51'
2026-05-25T23:10:04.0758|WARNING|SessionService.cs|StartTargetAsync|559|[Subframes] StartTarget failed — cached locally as 91e15141-4446-4270-a458-7b356391d52b for replay.
2026-05-25T23:10:04.7942|INFO|MeridianFlipTrigger.cs|ShouldTrigger|265|Meridian Flip - There is still time remaining - max remaining time 11:40:42.3546566, next instruction time 0, next instruction Category: Powerups (Fun-ctions), Item: GSSend - and the telescope reports expected pier side pierEast. Automated Flip is not necessary.
2026-05-25T23:10:04.7943|INFO|SequenceItem.cs|Run|208|Starting Category: Powerups (Fun-ctions), Item: GSSend
2026-05-25T23:10:04.7946|INFO|SendWithGS.cs|ProcessedScript|64|Replacing Image_ExposureTime with 600
2026-05-25T23:10:04.7948|INFO|SendWithGS.cs|ProcessedScript|64|Replacing Image_HFR with 1.808
2026-05-25T23:10:04.7949|INFO|SendWithGS.cs|ProcessedScript|64|Replacing Image_FWHM with 6.71
2026-05-25T23:10:04.7950|INFO|SendWithGS.cs|ProcessedScript|64|Replacing Altitude with 74.17692066851585
2026-05-25T23:10:04.7951|INFO|SendWithGS.cs|Execute|95|Sending to Ground Station: Exp: $$FWHEEL_FILTER_NAME$$ on $$TARGET_NAME$$ EXP: 600 HFR: 1.808 FWHM: 6.71  Altitude: 74.17692066851585 
2026-05-25T23:10:04.7964|INFO|SequenceItem.cs|Run|208|Starting Category: Ground Station, Item: Send to Telegram
2026-05-25T23:10:05.4598|INFO|SequenceItem.cs|Run|254|Finishing Category: Ground Station, Item: Send to Telegram
2026-05-25T23:10:05.4611|INFO|SequenceItem.cs|Run|254|Finishing Category: Powerups (Fun-ctions), Item: GSSend
2026-05-25T23:10:05.4614|INFO|MeridianFlipTrigger.cs|ShouldTrigger|265|Meridian Flip - There is still time remaining - max remaining time 11:40:40.3375918, next instruction time 0, next instruction Category: Powerups (Fun-ctions), Item: GSSend - and the telescope reports expected pier side pierEast. Automated Flip is not necessary.
2026-05-25T23:10:05.4615|INFO|SequenceItem.cs|Run|208|Starting Category: Powerups (Fun-ctions), Item: GSSend
2026-05-25T23:10:05.4618|INFO|SendWithGS.cs|ProcessedScript|64|Replacing Image_ExposureTime with 600
2026-05-25T23:10:05.4620|INFO|SendWithGS.cs|ProcessedScript|64|Replacing Image_HFR with 1.808
2026-05-25T23:10:05.4621|INFO|SendWithGS.cs|ProcessedScript|64|Replacing Image_FWHM with 6.71
2026-05-25T23:10:05.4622|INFO|SendWithGS.cs|ProcessedScript|64|Replacing Altitude with 74.17692066851585
2026-05-25T23:10:05.4622|INFO|SendWithGS.cs|Execute|95|Sending to Ground Station: Exp: $$FWHEEL_FILTER_NAME$$ on $$TARGET_NAME$$ EXP: 600 HFR: 1.808 FWHM: 6.71  Altitude: 74.17692066851585 
2026-05-25T23:10:05.4635|INFO|SequenceItem.cs|Run|208|Starting Category: Ground Station, Item: Send to Pushover, Title: IMAGE: $$TARGET_NAME$$
2026-05-25T23:10:05.6253|INFO|SequenceItem.cs|Run|254|Finishing Category: Ground Station, Item: Send to Pushover, Title: IMAGE: $$TARGET_NAME$$
2026-05-25T23:10:05.6265|INFO|SequenceItem.cs|Run|254|Finishing Category: Powerups (Fun-ctions), Item: GSSend
2026-05-25T23:10:05.7603|INFO|Symbol.cs|OnMessageReceived|627|Received message from Target Scheduler re: TargetScheduler-TargetStart
2026-05-25T23:10:05.7604|INFO|Symbol.cs|OnMessageReceived|635|TS_TargetName = M 51
2026-05-25T23:10:05.7604|INFO|Symbol.cs|OnMessageReceived|636|Expires at 05/26/2026 04:05:22 -05:00
2026-05-25T23:10:05.7604|INFO|Symbol.cs|OnMessageReceived|627|Received message from Target Scheduler re: TargetScheduler-TargetStart
2026-05-25T23:10:05.7604|INFO|Symbol.cs|OnMessageReceived|635|TS_TargetName = M 51
2026-05-25T23:10:05.7604|INFO|Symbol.cs|OnMessageReceived|636|Expires at 05/26/2026 04:05:22 -05:00
2026-05-25T23:10:05.7622|INFO|MeridianFlipTrigger.cs|ShouldTrigger|265|Meridian Flip - There is still time remaining - max remaining time 11:40:40.3375918, next instruction time 0, next instruction NINA.Plugin.TargetScheduler.Sequencer.PlanSchedulerProgress - and the telescope reports expected pier side pierEast. Automated Flip is not necessary.
2026-05-25T23:10:05.7624|INFO|SequenceItem.cs|Run|208|Starting NINA.Plugin.TargetScheduler.Sequencer.PlanSchedulerProgress
2026-05-25T23:10:05.7636|INFO|SequenceItem.cs|Run|254|Finishing NINA.Plugin.TargetScheduler.Sequencer.PlanSchedulerProgress
2026-05-25T23:10:05.7639|INFO|MeridianFlipTrigger.cs|ShouldTrigger|265|Meridian Flip - There is still time remaining - max remaining time 11:40:40.3375918, next instruction time 90, next instruction Category: , Item: Dither - and the telescope reports expected pier side pierEast. Automated Flip is not necessary.
2026-05-25T23:10:05.7642|INFO|SequenceItem.cs|Run|208|Starting Category: , Item: Dither
2026-05-25T23:10:05.7955|INFO|PHD2Client.cs|HandleGuidingDithered|309|PHD2Client: 🎯 GuidingDithered (DITHER START) - dx=-10.43, dy=10.50
2026-05-25T23:10:05.7956|INFO|DitherStatisticsVM.cs|OnPHD2GuidingDithered|752|🎯 DITHER START detected via GuidingDithered! dx=-10.43, dy=10.50
2026-05-25T23:10:05.7956|INFO|DitherStatisticsVM.cs|OnPHD2GuidingDithered|762|✅ Dither START recorded with pixel shift: (-10.43, 10.50)
2026-05-25T23:10:05.7957|INFO|PHD2Client.cs|StartDitherDataCollection|576|PHD2Client: Started dither data collection for 30 seconds (series #2)
2026-05-25T23:10:06.1634|INFO|StarfrontClient.cs|SendImageFile|249|[Rockwood] sent 2026-05-25_22-59-59_M 51_LIGHT_H_-5.00C_G100-Exp-600.00s_MAXRMS-D0.89-R2.01_M-55.21_RMS-0.62_HFR-1.81_F-0005.fits (20KB) object=M 51 exptime=600s filter=H
2026-05-25T23:10:14.3214|INFO|SyncEngine.cs|SyncPendingFramesAsync|142|[Subframes] SyncEngine: synced 1 frames for session 3756568f-4703-43be-b60c-328e59a276eb (accepted=1)
2026-05-25T23:10:35.7971|INFO|PHD2Client.cs|OnDitherCollectionComplete|657|PHD2Client: Dither data collection complete (timer). Collected 9 points.
2026-05-25T23:10:35.8014|INFO|PHD2Client.cs|WriteDitherAnalysisFile|738|PHD2Client: Dither analysis file written with 17 data points: 20260525_225930_dither_analysis.txt
2026-05-25T23:10:35.8057|INFO|PHD2Client.cs|WritePositivePeriodsFile|932|PHD2Client: Positive periods analysis written with 6 total periods across 3 multipliers: 20260525_225930_positive_periods.txt
2026-05-25T23:10:35.8066|INFO|PHD2Client.cs|AnalyzePositivePeriods|868|PHD2Client: Positive period analysis complete. firstPeriodPerSeries counts: 1.5σ=2, 2.0σ=2, 3.0σ=0
2026-05-25T23:10:35.8067|INFO|PHD2Client.cs|CalculateRecommendation|954|PHD2Client: Calculating recommendation from 2 dither series, RMS=0.2031, StdDev=0.1200
2026-05-25T23:10:35.8080|INFO|PHD2Client.cs|EstimateMinSettleTimeFallback|1102|PHD2Client: MinSettleTime estimated using fallback (first point below threshold)
2026-05-25T23:10:35.8081|INFO|PHD2Client.cs|CalculateRecommendation|987|PHD2Client: Dither recommendation calculated - Events: 2, SettlePixel: Q=0.38 B=0.44 P=0.56, MinSettle: Q=12.0s B=12.0s P=4.0s
2026-05-25T23:10:35.8085|INFO|DitherStatisticsVM.cs|OnDitherRecommendationUpdated|500|Dither recommendation updated on UI thread - Events: 2
2026-05-25T23:10:35.8090|INFO|PHD2Client.cs|RunAnalysisAndRecommendation|638|PHD2Client: RunAnalysisAndRecommendation completed - 17 points, 2 series
2026-05-25T23:10:50.6441|INFO|PHD2Client.cs|HandleSettleDone|343|PHD2Client: SettleDone - Status=0, Success=True, TotalFrames=15, DroppedFrames=0
2026-05-25T23:10:50.6442|INFO|DitherStatisticsVM.cs|OnPHD2SettleDone|794|✅ DITHER END - Success=True, SettleTime=44.85s, TotalFrames=15, DroppedFrames=0
2026-05-25T23:10:51.3905|INFO|SequenceItem.cs|Run|254|Finishing Category: , Item: Dither
2026-05-25T23:10:51.3913|INFO|MeridianFlipTrigger.cs|ShouldTrigger|265|Meridian Flip - There is still time remaining - max remaining time 11:39:51.1517507, next instruction time 0, next instruction NINA.Plugin.TargetScheduler.Sequencer.PlanSchedulerProgress - and the telescope reports expected pier side pierEast. Automated Flip is not necessary.
2026-05-25T23:10:51.3915|INFO|SequenceItem.cs|Run|208|Starting NINA.Plugin.TargetScheduler.Sequencer.PlanSchedulerProgress
2026-05-25T23:10:51.3917|INFO|SequenceItem.cs|Run|254|Finishing NINA.Plugin.TargetScheduler.Sequencer.PlanSchedulerProgress
2026-05-25T23:10:51.3921|INFO|MeridianFlipTrigger.cs|ShouldTrigger|265|Meridian Flip - There is still time remaining - max remaining time 11:39:51.1517507, next instruction time 0, next instruction Category: Scheduler, Item: SwitchFilter, Filter: H - and the telescope reports expected pier side pierEast. Automated Flip is not necessary.
2026-05-25T23:10:51.3931|INFO|SequenceItem.cs|Run|208|Starting Category: Scheduler, Item: SwitchFilter, Filter: H
2026-05-25T23:10:51.3950|INFO|SequenceItem.cs|Run|254|Finishing Category: Scheduler, Item: SwitchFilter, Filter: H
2026-05-25T23:10:51.3956|INFO|MeridianFlipTrigger.cs|ShouldTrigger|265|Meridian Flip - There is still time remaining - max remaining time 11:39:51.1517507, next instruction time 0, next instruction NINA.Plugin.TargetScheduler.Sequencer.PlanSchedulerProgress - and the telescope reports expected pier side pierEast. Automated Flip is not necessary.
2026-05-25T23:10:51.3957|INFO|SequenceItem.cs|Run|208|Starting NINA.Plugin.TargetScheduler.Sequencer.PlanSchedulerProgress
2026-05-25T23:10:51.3958|INFO|SequenceItem.cs|Run|254|Finishing NINA.Plugin.TargetScheduler.Sequencer.PlanSchedulerProgress
2026-05-25T23:10:51.3962|INFO|MeridianFlipTrigger.cs|ShouldTrigger|265|Meridian Flip - There is still time remaining - max remaining time 11:39:51.1517507, next instruction time 0, next instruction Category: Scheduler, Item: SetReadoutMode, Mode: 0 - and the telescope reports expected pier side pierEast. Automated Flip is not necessary.
2026-05-25T23:10:51.3963|INFO|SequenceItem.cs|Run|208|Starting Category: Scheduler, Item: SetReadoutMode, Mode: 0
2026-05-25T23:10:51.3965|INFO|SequenceItem.cs|Run|254|Finishing Category: Scheduler, Item: SetReadoutMode, Mode: 0
2026-05-25T23:10:51.3969|INFO|MeridianFlipTrigger.cs|ShouldTrigger|265|Meridian Flip - There is still time remaining - max remaining time 11:39:51.1517507, next instruction time 0, next instruction NINA.Plugin.TargetScheduler.Sequencer.PlanSchedulerProgress - and the telescope reports expected pier side pierEast. Automated Flip is not necessary.
2026-05-25T23:10:51.3970|INFO|SequenceItem.cs|Run|208|Starting NINA.Plugin.TargetScheduler.Sequencer.PlanSchedulerProgress
2026-05-25T23:10:51.3974|INFO|SequenceItem.cs|Run|254|Finishing NINA.Plugin.TargetScheduler.Sequencer.PlanSchedulerProgress
2026-05-25T23:10:51.3980|INFO|MeridianFlipTrigger.cs|ShouldTrigger|265|Meridian Flip - There is still time remaining - max remaining time 11:39:51.1517507, next instruction time 600, next instruction Category: Scheduler, Item: TakeExposure, ExposureTime 600, Gain 100, Offset 50, ImageType LIGHT, Binning 1x1 - and the telescope reports expected pier side pierEast. Automated Flip is not necessary.
2026-05-25T23:10:51.3981|INFO|DIYTrigger.cs|ShouldTrigger|109|DIY Trigger Restore Guiding ShouldTrigger returning true
2026-05-25T23:10:51.3982|INFO|SequenceTrigger.cs|Run|114|Starting Category: Powerups (Misc), Item: DIYTrigger
2026-05-25T23:10:51.4030|INFO|DIYTrigger.cs|Execute|95|DIY Trigger executing...
2026-05-25T23:10:51.4033|INFO|SequenceItem.cs|Run|208|Starting Category: * Instruction Set *, Container: NINA.Sequencer.Container.SequentialContainer, Strategy: SequentialStrategy, Items[CREATED]: 1, Triggers: Trigger: RestoreGuiding
2026-05-25T23:10:51.4040|INFO|MeridianFlipTrigger.cs|ShouldTrigger|265|Meridian Flip - There is still time remaining - max remaining time 11:39:51.1517507, next instruction time 0, next instruction Category: Powerups (Expressions), Item: IfFailed - and the telescope reports expected pier side pierEast. Automated Flip is not necessary.
2026-05-25T23:10:51.4041|INFO|SequenceItem.cs|Run|208|Starting Category: Powerups (Expressions), Item: IfFailed
2026-05-25T23:10:51.4042|INFO|SequenceItem.cs|Run|208|Starting Category: Guider, Item: StartGuiding
2026-05-25T23:10:51.4110|INFO|PHD2Guider.cs|StartGuidingPrivate|504|Phd2 - App is already guiding. Skipping start guiding
2026-05-25T23:10:51.4310|INFO|SequenceItem.cs|Run|254|Finishing Category: Guider, Item: StartGuiding
2026-05-25T23:10:51.4311|INFO|SequenceItem.cs|Run|254|Finishing Category: Powerups (Expressions), Item: IfFailed
2026-05-25T23:10:51.4313|INFO|SequenceItem.cs|Run|254|Finishing Category: * Instruction Set *, Container: NINA.Sequencer.Container.SequentialContainer, Strategy: SequentialStrategy, Items[FINISHED]: 1, Triggers: Trigger: RestoreGuiding
2026-05-25T23:10:51.4347|INFO|SequenceItem.cs|Run|208|Starting Category: Scheduler, Item: TakeExposure, ExposureTime 600, Gain 100, Offset 50, ImageType LIGHT, Binning 1x1
2026-05-25T23:10:51.4404|INFO|CameraVM.cs|Capture|742|Starting Exposure - Exposure Time: 600s; Filter: ; Gain: 100; Offset 50; Binning: 1x1;
2026-05-25T23:11:17.3750|INFO|TsProgressReader.cs|ReadProgressDelta|75|[Subframes] TS progress delta: DB not found at C:\Users\nicka\AppData\Local\NINA\SchedulerPlugin — Target Scheduler not installed or DB path mismatch.
2026-05-25T23:16:17.3755|INFO|TsProgressReader.cs|ReadProgressDelta|75|[Subframes] TS progress delta: DB not found at C:\Users\nicka\AppData\Local\NINA\SchedulerPlugin — Target Scheduler not installed or DB path mismatch.
2026-05-25T23:20:53.2976|INFO|SequenceItem.cs|Run|254|Finishing Category: Scheduler, Item: TakeExposure, ExposureTime 600, Gain 100, Offset 50, ImageType LIGHT, Binning 1x1
2026-05-25T23:20:53.2981|INFO|MeridianFlipTrigger.cs|ShouldTrigger|265|Meridian Flip - There is still time remaining - max remaining time 11:29:49.3152911, next instruction time 0, next instruction NINA.Plugin.TargetScheduler.Sequencer.PlanSchedulerProgress - and the telescope reports expected pier side pierEast. Automated Flip is not necessary.
2026-05-25T23:20:53.2982|INFO|SequenceItem.cs|Run|208|Starting NINA.Plugin.TargetScheduler.Sequencer.PlanSchedulerProgress
2026-05-25T23:20:53.2983|INFO|SequenceItem.cs|Run|254|Finishing NINA.Plugin.TargetScheduler.Sequencer.PlanSchedulerProgress
2026-05-25T23:20:54.5453|INFO|HocusFocusStarDetection.cs|Detect|413|Average HFR: 1.8593402967133081, HFR MAD: 0.2055169485765921, Detected Stars 285, Region: 0
2026-05-25T23:20:55.1755|INFO|BaseImageData.cs|SaveToDisk|346|Saved image to C:\ASTROIMAGES\NINA\2026-05-25\M 51\LIGHT\H\2026-05-25_23-10-51_M 51_LIGHT_H_-4.90C_G100-Exp-600.00s_MAXRMS-D0.64-R1.09_M-55.24_RMS-0.40_HFR-1.86_F-0006.fits
2026-05-25T23:20:55.1756|INFO|ImageSaveController.cs|DoWork|97|Successfully saved file at C:\ASTROIMAGES\NINA\2026-05-25\M 51\LIGHT\H\2026-05-25_23-10-51_M 51_LIGHT_H_-4.90C_G100-Exp-600.00s_MAXRMS-D0.64-R1.09_M-55.24_RMS-0.40_HFR-1.86_F-0006.fits. Duration Total: 00:00:01.8775346; BeforeSave: 00:00:00.0001066; BeforeFinalizeImageSaved: 00:00:01.5433990; FinalizeSaveTime: 00:00:00.3340285
2026-05-25T23:20:55.7565|WARNING|SessionMetaDataWatcher.cs|WriteAcquisitionMetaData|73|acquisition file already exists, will not overwrite: C:\ASTROIMAGES\NINA\2026-05-25\M 51\LIGHT\H\metadata\AcquisitionDetails.csv
2026-05-25T23:20:55.7567|WARNING|SessionMetaDataWatcher.cs|WriteAcquisitionMetaData|93|acquisition file already exists, will not overwrite: C:\ASTROIMAGES\NINA\2026-05-25\M 51\LIGHT\H\metadata\AcquisitionDetails.json
2026-05-25T23:20:55.7571|INFO|SessionMetaDataWatcher.cs|WriteImageMetaData|105|Writing CSV image metadata: C:\ASTROIMAGES\NINA\2026-05-25\M 51\LIGHT\H\metadata\ImageMetaData.csv
2026-05-25T23:20:55.7995|INFO|SessionMetaDataWatcher.cs|WriteImageMetaData|122|Writing JSON image metadata: C:\ASTROIMAGES\NINA\2026-05-25\M 51\LIGHT\H\metadata\ImageMetaData.json
2026-05-25T23:20:55.8019|INFO|SessionMetaDataWatcher.cs|WriteWeatherMetaData|169|Writing CSV weather metadata: C:\ASTROIMAGES\NINA\2026-05-25\M 51\LIGHT\H\metadata\WeatherData.csv
2026-05-25T23:20:55.8199|INFO|SessionMetaDataWatcher.cs|WriteWeatherMetaData|186|Writing JSON weather metadata: C:\ASTROIMAGES\NINA\2026-05-25\M 51\LIGHT\H\metadata\WeatherData.json
2026-05-25T23:20:55.8224|INFO|SessionService.cs|OnTargetDetectedAsync|663|[Subframes] Target detected: 'M51' (was 'M51')
2026-05-25T23:20:55.8564|INFO|SubframesClient.cs|StartTargetAsync|316|[Subframes] Target started:  name='M51'
2026-05-25T23:20:55.8565|WARNING|SessionService.cs|StartTargetAsync|559|[Subframes] StartTarget failed — cached locally as f3f141cd-09e3-4f19-af95-0ba93f6e0884 for replay.
2026-05-25T23:20:56.5855|INFO|MeridianFlipTrigger.cs|ShouldTrigger|265|Meridian Flip - There is still time remaining - max remaining time 11:29:47.2369403, next instruction time 0, next instruction Category: Powerups (Fun-ctions), Item: GSSend - and the telescope reports expected pier side pierEast. Automated Flip is not necessary.
2026-05-25T23:20:56.5856|INFO|SequenceItem.cs|Run|208|Starting Category: Powerups (Fun-ctions), Item: GSSend
2026-05-25T23:20:56.5861|INFO|SendWithGS.cs|ProcessedScript|64|Replacing Image_ExposureTime with 600
2026-05-25T23:20:56.5863|INFO|SendWithGS.cs|ProcessedScript|64|Replacing Image_HFR with 1.859
2026-05-25T23:20:56.5864|INFO|SendWithGS.cs|ProcessedScript|64|Replacing Image_FWHM with 6.86
2026-05-25T23:20:56.5865|INFO|SendWithGS.cs|ProcessedScript|64|Replacing Altitude with 73.64463112904748
2026-05-25T23:20:56.5865|INFO|SendWithGS.cs|Execute|95|Sending to Ground Station: Exp: $$FWHEEL_FILTER_NAME$$ on $$TARGET_NAME$$ EXP: 600 HFR: 1.859 FWHM: 6.86  Altitude: 73.64463112904748 
2026-05-25T23:20:56.5879|INFO|SequenceItem.cs|Run|208|Starting Category: Ground Station, Item: Send to Telegram
2026-05-25T23:20:57.2505|INFO|SequenceItem.cs|Run|254|Finishing Category: Ground Station, Item: Send to Telegram
2026-05-25T23:20:57.2521|INFO|SequenceItem.cs|Run|254|Finishing Category: Powerups (Fun-ctions), Item: GSSend
2026-05-25T23:20:57.2525|INFO|MeridianFlipTrigger.cs|ShouldTrigger|265|Meridian Flip - There is still time remaining - max remaining time 11:29:45.2443658, next instruction time 0, next instruction Category: Powerups (Fun-ctions), Item: GSSend - and the telescope reports expected pier side pierEast. Automated Flip is not necessary.
2026-05-25T23:20:57.2525|INFO|SequenceItem.cs|Run|208|Starting Category: Powerups (Fun-ctions), Item: GSSend
2026-05-25T23:20:57.2528|INFO|SendWithGS.cs|ProcessedScript|64|Replacing Image_ExposureTime with 600
2026-05-25T23:20:57.2531|INFO|SendWithGS.cs|ProcessedScript|64|Replacing Image_HFR with 1.859
2026-05-25T23:20:57.2532|INFO|SendWithGS.cs|ProcessedScript|64|Replacing Image_FWHM with 6.86
2026-05-25T23:20:57.2533|INFO|SendWithGS.cs|ProcessedScript|64|Replacing Altitude with 73.64232897470217
2026-05-25T23:20:57.2534|INFO|SendWithGS.cs|Execute|95|Sending to Ground Station: Exp: $$FWHEEL_FILTER_NAME$$ on $$TARGET_NAME$$ EXP: 600 HFR: 1.859 FWHM: 6.86  Altitude: 73.64232897470217 
2026-05-25T23:20:57.2548|INFO|SequenceItem.cs|Run|208|Starting Category: Ground Station, Item: Send to Pushover, Title: IMAGE: $$TARGET_NAME$$
2026-05-25T23:20:57.4378|INFO|SequenceItem.cs|Run|254|Finishing Category: Ground Station, Item: Send to Pushover, Title: IMAGE: $$TARGET_NAME$$
2026-05-25T23:20:57.4390|INFO|SequenceItem.cs|Run|254|Finishing Category: Powerups (Fun-ctions), Item: GSSend
2026-05-25T23:20:57.5759|INFO|Symbol.cs|OnMessageReceived|627|Received message from Target Scheduler re: TargetScheduler-TargetStart
2026-05-25T23:20:57.5759|INFO|Symbol.cs|OnMessageReceived|635|TS_TargetName = M 51
2026-05-25T23:20:57.5760|INFO|Symbol.cs|OnMessageReceived|636|Expires at 05/26/2026 04:05:22 -05:00
2026-05-25T23:20:57.5760|INFO|Symbol.cs|OnMessageReceived|627|Received message from Target Scheduler re: TargetScheduler-TargetStart
2026-05-25T23:20:57.5762|INFO|Symbol.cs|OnMessageReceived|635|TS_TargetName = M 51
2026-05-25T23:20:57.5763|INFO|Symbol.cs|OnMessageReceived|636|Expires at 05/26/2026 04:05:22 -05:00
2026-05-25T23:20:57.5770|INFO|MeridianFlipTrigger.cs|ShouldTrigger|265|Meridian Flip - There is still time remaining - max remaining time 11:29:45.2443658, next instruction time 0, next instruction NINA.Plugin.TargetScheduler.Sequencer.PlanSchedulerProgress - and the telescope reports expected pier side pierEast. Automated Flip is not necessary.
2026-05-25T23:20:57.5773|INFO|SequenceItem.cs|Run|208|Starting NINA.Plugin.TargetScheduler.Sequencer.PlanSchedulerProgress
2026-05-25T23:20:57.5776|INFO|SequenceItem.cs|Run|254|Finishing NINA.Plugin.TargetScheduler.Sequencer.PlanSchedulerProgress
2026-05-25T23:20:57.5778|INFO|MeridianFlipTrigger.cs|ShouldTrigger|265|Meridian Flip - There is still time remaining - max remaining time 11:29:45.2443658, next instruction time 90, next instruction Category: , Item: Dither - and the telescope reports expected pier side pierEast. Automated Flip is not necessary.
2026-05-25T23:20:57.5779|INFO|SequenceItem.cs|Run|208|Starting Category: , Item: Dither
2026-05-25T23:20:57.5916|INFO|PHD2Client.cs|HandleGuidingDithered|309|PHD2Client: 🎯 GuidingDithered (DITHER START) - dx=2.89, dy=-0.68
2026-05-25T23:20:57.5916|INFO|DitherStatisticsVM.cs|OnPHD2GuidingDithered|752|🎯 DITHER START detected via GuidingDithered! dx=2.89, dy=-0.68
2026-05-25T23:20:57.5917|INFO|DitherStatisticsVM.cs|OnPHD2GuidingDithered|762|✅ Dither START recorded with pixel shift: (2.89, -0.68)
2026-05-25T23:20:57.5917|INFO|PHD2Client.cs|StartDitherDataCollection|576|PHD2Client: Started dither data collection for 30 seconds (series #3)
2026-05-25T23:20:58.0132|INFO|StarfrontClient.cs|SendImageFile|249|[Rockwood] sent 2026-05-25_23-10-51_M 51_LIGHT_H_-4.90C_G100-Exp-600.00s_MAXRMS-D0.64-R1.09_M-55.24_RMS-0.40_HFR-1.86_F-0006.fits (20KB) object=M 51 exptime=600s filter=H
2026-05-25T23:21:14.3199|INFO|SyncEngine.cs|SyncPendingFramesAsync|142|[Subframes] SyncEngine: synced 1 frames for session 3756568f-4703-43be-b60c-328e59a276eb (accepted=1)
2026-05-25T23:21:17.3744|INFO|TsProgressReader.cs|ReadProgressDelta|75|[Subframes] TS progress delta: DB not found at C:\Users\nicka\AppData\Local\NINA\SchedulerPlugin — Target Scheduler not installed or DB path mismatch.
2026-05-25T23:21:22.5412|INFO|PHD2Client.cs|HandleSettleDone|343|PHD2Client: SettleDone - Status=0, Success=True, TotalFrames=11, DroppedFrames=0
2026-05-25T23:21:22.5413|INFO|DitherStatisticsVM.cs|OnPHD2SettleDone|794|✅ DITHER END - Success=True, SettleTime=24.95s, TotalFrames=11, DroppedFrames=0
2026-05-25T23:21:22.6555|INFO|SequenceItem.cs|Run|254|Finishing Category: , Item: Dither
2026-05-25T23:21:22.6559|INFO|MeridianFlipTrigger.cs|ShouldTrigger|265|Meridian Flip - There is still time remaining - max remaining time 11:29:21.8574121, next instruction time 0, next instruction NINA.Plugin.TargetScheduler.Sequencer.PlanSchedulerProgress - and the telescope reports expected pier side pierEast. Automated Flip is not necessary.
2026-05-25T23:21:22.6560|INFO|SequenceItem.cs|Run|208|Starting NINA.Plugin.TargetScheduler.Sequencer.PlanSchedulerProgress
2026-05-25T23:21:22.6561|INFO|SequenceItem.cs|Run|254|Finishing NINA.Plugin.TargetScheduler.Sequencer.PlanSchedulerProgress
2026-05-25T23:21:22.6562|INFO|MeridianFlipTrigger.cs|ShouldTrigger|265|Meridian Flip - There is still time remaining - max remaining time 11:29:21.8574121, next instruction time 0, next instruction Category: Scheduler, Item: SwitchFilter, Filter: H - and the telescope reports expected pier side pierEast. Automated Flip is not necessary.
2026-05-25T23:21:22.6563|INFO|SequenceItem.cs|Run|208|Starting Category: Scheduler, Item: SwitchFilter, Filter: H
2026-05-25T23:21:22.6571|INFO|SequenceItem.cs|Run|254|Finishing Category: Scheduler, Item: SwitchFilter, Filter: H
2026-05-25T23:21:22.6573|INFO|MeridianFlipTrigger.cs|ShouldTrigger|265|Meridian Flip - There is still time remaining - max remaining time 11:29:21.8574121, next instruction time 0, next instruction NINA.Plugin.TargetScheduler.Sequencer.PlanSchedulerProgress - and the telescope reports expected pier side pierEast. Automated Flip is not necessary.
2026-05-25T23:21:22.6573|INFO|SequenceItem.cs|Run|208|Starting NINA.Plugin.TargetScheduler.Sequencer.PlanSchedulerProgress
2026-05-25T23:21:22.6574|INFO|SequenceItem.cs|Run|254|Finishing NINA.Plugin.TargetScheduler.Sequencer.PlanSchedulerProgress
2026-05-25T23:21:22.6575|INFO|MeridianFlipTrigger.cs|ShouldTrigger|265|Meridian Flip - There is still time remaining - max remaining time 11:29:21.8574121, next instruction time 0, next instruction Category: Scheduler, Item: SetReadoutMode, Mode: 0 - and the telescope reports expected pier side pierEast. Automated Flip is not necessary.
2026-05-25T23:21:22.6575|INFO|SequenceItem.cs|Run|208|Starting Category: Scheduler, Item: SetReadoutMode, Mode: 0
2026-05-25T23:21:22.6576|INFO|SequenceItem.cs|Run|254|Finishing Category: Scheduler, Item: SetReadoutMode, Mode: 0
2026-05-25T23:21:22.6578|INFO|MeridianFlipTrigger.cs|ShouldTrigger|265|Meridian Flip - There is still time remaining - max remaining time 11:29:21.8574121, next instruction time 0, next instruction NINA.Plugin.TargetScheduler.Sequencer.PlanSchedulerProgress - and the telescope reports expected pier side pierEast. Automated Flip is not necessary.
2026-05-25T23:21:22.6578|INFO|SequenceItem.cs|Run|208|Starting NINA.Plugin.TargetScheduler.Sequencer.PlanSchedulerProgress
2026-05-25T23:21:22.6580|INFO|SequenceItem.cs|Run|254|Finishing NINA.Plugin.TargetScheduler.Sequencer.PlanSchedulerProgress
2026-05-25T23:21:22.6687|INFO|MeridianFlipTrigger.cs|ShouldTrigger|265|Meridian Flip - There is still time remaining - max remaining time 11:29:21.8574121, next instruction time 600, next instruction Category: Scheduler, Item: TakeExposure, ExposureTime 600, Gain 100, Offset 50, ImageType LIGHT, Binning 1x1 - and the telescope reports expected pier side pierEast. Automated Flip is not necessary.
2026-05-25T23:21:22.6688|INFO|DIYTrigger.cs|ShouldTrigger|109|DIY Trigger Restore Guiding ShouldTrigger returning true
2026-05-25T23:21:22.6689|INFO|SequenceTrigger.cs|Run|114|Starting Category: Powerups (Misc), Item: DIYTrigger
2026-05-25T23:21:22.6710|INFO|DIYTrigger.cs|Execute|95|DIY Trigger executing...
2026-05-25T23:21:22.6711|INFO|SequenceItem.cs|Run|208|Starting Category: * Instruction Set *, Container: NINA.Sequencer.Container.SequentialContainer, Strategy: SequentialStrategy, Items[CREATED]: 1, Triggers: Trigger: RestoreGuiding
2026-05-25T23:21:22.6715|INFO|MeridianFlipTrigger.cs|ShouldTrigger|265|Meridian Flip - There is still time remaining - max remaining time 11:29:21.8574121, next instruction time 0, next instruction Category: Powerups (Expressions), Item: IfFailed - and the telescope reports expected pier side pierEast. Automated Flip is not necessary.
2026-05-25T23:21:22.6715|INFO|SequenceItem.cs|Run|208|Starting Category: Powerups (Expressions), Item: IfFailed
2026-05-25T23:21:22.6715|INFO|SequenceItem.cs|Run|208|Starting Category: Guider, Item: StartGuiding
2026-05-25T23:21:22.6742|INFO|PHD2Guider.cs|StartGuidingPrivate|504|Phd2 - App is already guiding. Skipping start guiding
2026-05-25T23:21:22.6745|INFO|SequenceItem.cs|Run|254|Finishing Category: Guider, Item: StartGuiding
2026-05-25T23:21:22.6745|INFO|SequenceItem.cs|Run|254|Finishing Category: Powerups (Expressions), Item: IfFailed
2026-05-25T23:21:22.6747|INFO|SequenceItem.cs|Run|254|Finishing Category: * Instruction Set *, Container: NINA.Sequencer.Container.SequentialContainer, Strategy: SequentialStrategy, Items[FINISHED]: 1, Triggers: Trigger: RestoreGuiding
2026-05-25T23:21:22.6768|INFO|SequenceItem.cs|Run|208|Starting Category: Scheduler, Item: TakeExposure, ExposureTime 600, Gain 100, Offset 50, ImageType LIGHT, Binning 1x1
2026-05-25T23:21:22.6817|INFO|CameraVM.cs|Capture|742|Starting Exposure - Exposure Time: 600s; Filter: ; Gain: 100; Offset 50; Binning: 1x1;
2026-05-25T23:21:27.5922|INFO|PHD2Client.cs|OnDitherCollectionComplete|657|PHD2Client: Dither data collection complete (timer). Collected 13 points.
2026-05-25T23:21:27.5939|INFO|PHD2Client.cs|WriteDitherAnalysisFile|738|PHD2Client: Dither analysis file written with 30 data points: 20260525_225930_dither_analysis.txt
2026-05-25T23:21:27.5951|INFO|PHD2Client.cs|WritePositivePeriodsFile|932|PHD2Client: Positive periods analysis written with 9 total periods across 3 multipliers: 20260525_225930_positive_periods.txt
2026-05-25T23:21:27.5952|INFO|PHD2Client.cs|AnalyzePositivePeriods|868|PHD2Client: Positive period analysis complete. firstPeriodPerSeries counts: 1.5σ=1, 2.0σ=2, 3.0σ=2
2026-05-25T23:21:27.5953|INFO|PHD2Client.cs|CalculateRecommendation|954|PHD2Client: Calculating recommendation from 3 dither series, RMS=0.1683, StdDev=0.0987
2026-05-25T23:21:27.5954|INFO|PHD2Client.cs|CalculateRecommendation|987|PHD2Client: Dither recommendation calculated - Events: 3, SettlePixel: Q=0.32 B=0.37 P=0.46, MinSettle: Q=4.0s B=12.0s P=12.0s
2026-05-25T23:21:27.6456|INFO|DitherStatisticsVM.cs|OnDitherRecommendationUpdated|500|Dither recommendation updated on UI thread - Events: 3
2026-05-25T23:21:27.6458|INFO|PHD2Client.cs|RunAnalysisAndRecommendation|638|PHD2Client: RunAnalysisAndRecommendation completed - 30 points, 3 series
2026-05-25T23:26:17.3747|INFO|TsProgressReader.cs|ReadProgressDelta|75|[Subframes] TS progress delta: DB not found at C:\Users\nicka\AppData\Local\NINA\SchedulerPlugin — Target Scheduler not installed or DB path mismatch.
2026-05-25T23:31:17.3753|INFO|TsProgressReader.cs|ReadProgressDelta|75|[Subframes] TS progress delta: DB not found at C:\Users\nicka\AppData\Local\NINA\SchedulerPlugin — Target Scheduler not installed or DB path mismatch.
2026-05-25T23:31:24.5737|INFO|SequenceItem.cs|Run|254|Finishing Category: Scheduler, Item: TakeExposure, ExposureTime 600, Gain 100, Offset 50, ImageType LIGHT, Binning 1x1
2026-05-25T23:31:24.5743|INFO|MeridianFlipTrigger.cs|ShouldTrigger|265|Meridian Flip - There is still time remaining - max remaining time 11:19:20.4386065, next instruction time 0, next instruction NINA.Plugin.TargetScheduler.Sequencer.PlanSchedulerProgress - and the telescope reports expected pier side pierEast. Automated Flip is not necessary.
2026-05-25T23:31:24.5745|INFO|SequenceItem.cs|Run|208|Starting NINA.Plugin.TargetScheduler.Sequencer.PlanSchedulerProgress
2026-05-25T23:31:24.5745|INFO|SequenceItem.cs|Run|254|Finishing NINA.Plugin.TargetScheduler.Sequencer.PlanSchedulerProgress
2026-05-25T23:31:25.8566|INFO|HocusFocusStarDetection.cs|Detect|413|Average HFR: 1.8750439198548503, HFR MAD: 0.2341165970677475, Detected Stars 275, Region: 0
2026-05-25T23:31:26.5506|INFO|BaseImageData.cs|SaveToDisk|346|Saved image to C:\ASTROIMAGES\NINA\2026-05-25\M 51\LIGHT\H\2026-05-25_23-21-22_M 51_LIGHT_H_-4.90C_G100-Exp-600.00s_MAXRMS-D0.73-R0.73_M-55.27_RMS-0.30_HFR-1.88_F-0007.fits
2026-05-25T23:31:26.5507|INFO|ImageSaveController.cs|DoWork|97|Successfully saved file at C:\ASTROIMAGES\NINA\2026-05-25\M 51\LIGHT\H\2026-05-25_23-21-22_M 51_LIGHT_H_-4.90C_G100-Exp-600.00s_MAXRMS-D0.73-R0.73_M-55.27_RMS-0.30_HFR-1.88_F-0007.fits. Duration Total: 00:00:01.9768961; BeforeSave: 00:00:00.0001111; BeforeFinalizeImageSaved: 00:00:01.5808086; FinalizeSaveTime: 00:00:00.3959758
2026-05-25T23:31:27.2350|WARNING|SessionMetaDataWatcher.cs|WriteAcquisitionMetaData|73|acquisition file already exists, will not overwrite: C:\ASTROIMAGES\NINA\2026-05-25\M 51\LIGHT\H\metadata\AcquisitionDetails.csv
2026-05-25T23:31:27.2351|WARNING|SessionMetaDataWatcher.cs|WriteAcquisitionMetaData|93|acquisition file already exists, will not overwrite: C:\ASTROIMAGES\NINA\2026-05-25\M 51\LIGHT\H\metadata\AcquisitionDetails.json
2026-05-25T23:31:27.2354|INFO|SessionMetaDataWatcher.cs|WriteImageMetaData|105|Writing CSV image metadata: C:\ASTROIMAGES\NINA\2026-05-25\M 51\LIGHT\H\metadata\ImageMetaData.csv
2026-05-25T23:31:27.2790|INFO|SessionMetaDataWatcher.cs|WriteImageMetaData|122|Writing JSON image metadata: C:\ASTROIMAGES\NINA\2026-05-25\M 51\LIGHT\H\metadata\ImageMetaData.json
2026-05-25T23:31:27.2810|INFO|SessionMetaDataWatcher.cs|WriteWeatherMetaData|169|Writing CSV weather metadata: C:\ASTROIMAGES\NINA\2026-05-25\M 51\LIGHT\H\metadata\WeatherData.csv
2026-05-25T23:31:27.3096|INFO|SessionMetaDataWatcher.cs|WriteWeatherMetaData|186|Writing JSON weather metadata: C:\ASTROIMAGES\NINA\2026-05-25\M 51\LIGHT\H\metadata\WeatherData.json
2026-05-25T23:31:27.3111|INFO|SessionService.cs|OnTargetDetectedAsync|663|[Subframes] Target detected: 'M51' (was 'M51')
2026-05-25T23:31:27.3471|INFO|SubframesClient.cs|StartTargetAsync|316|[Subframes] Target started:  name='M51'
2026-05-25T23:31:27.3472|WARNING|SessionService.cs|StartTargetAsync|559|[Subframes] StartTarget failed — cached locally as d878968d-4b6a-4f7a-b92b-dce65c8a488b for replay.
2026-05-25T23:31:27.8343|INFO|MeridianFlipTrigger.cs|ShouldTrigger|265|Meridian Flip - There is still time remaining - max remaining time 11:19:16.3627467, next instruction time 0, next instruction Category: Powerups (Fun-ctions), Item: GSSend - and the telescope reports expected pier side pierEast. Automated Flip is not necessary.
2026-05-25T23:31:27.8344|INFO|SequenceItem.cs|Run|208|Starting Category: Powerups (Fun-ctions), Item: GSSend
2026-05-25T23:31:27.8347|INFO|SendWithGS.cs|ProcessedScript|64|Replacing Image_ExposureTime with 600
2026-05-25T23:31:27.8349|INFO|SendWithGS.cs|ProcessedScript|64|Replacing Image_HFR with 1.875
2026-05-25T23:31:27.8350|INFO|SendWithGS.cs|ProcessedScript|64|Replacing Image_FWHM with 6.82
2026-05-25T23:31:27.8351|INFO|SendWithGS.cs|ProcessedScript|64|Replacing Altitude with 72.89185924936668
2026-05-25T23:31:27.8351|INFO|SendWithGS.cs|Execute|95|Sending to Ground Station: Exp: $$FWHEEL_FILTER_NAME$$ on $$TARGET_NAME$$ EXP: 600 HFR: 1.875 FWHM: 6.82  Altitude: 72.89185924936668 
2026-05-25T23:31:27.8364|INFO|SequenceItem.cs|Run|208|Starting Category: Ground Station, Item: Send to Telegram
2026-05-25T23:31:28.4903|INFO|SequenceItem.cs|Run|254|Finishing Category: Ground Station, Item: Send to Telegram
2026-05-25T23:31:28.4917|INFO|SequenceItem.cs|Run|254|Finishing Category: Powerups (Fun-ctions), Item: GSSend
2026-05-25T23:31:28.4921|INFO|MeridianFlipTrigger.cs|ShouldTrigger|265|Meridian Flip - There is still time remaining - max remaining time 11:19:16.3627467, next instruction time 0, next instruction Category: Powerups (Fun-ctions), Item: GSSend - and the telescope reports expected pier side pierEast. Automated Flip is not necessary.
2026-05-25T23:31:28.4922|INFO|SequenceItem.cs|Run|208|Starting Category: Powerups (Fun-ctions), Item: GSSend
2026-05-25T23:31:28.4925|INFO|SendWithGS.cs|ProcessedScript|64|Replacing Image_ExposureTime with 600
2026-05-25T23:31:28.4927|INFO|SendWithGS.cs|ProcessedScript|64|Replacing Image_HFR with 1.875
2026-05-25T23:31:28.4928|INFO|SendWithGS.cs|ProcessedScript|64|Replacing Image_FWHM with 6.82
2026-05-25T23:31:28.4929|INFO|SendWithGS.cs|ProcessedScript|64|Replacing Altitude with 72.89185924936668
2026-05-25T23:31:28.4929|INFO|SendWithGS.cs|Execute|95|Sending to Ground Station: Exp: $$FWHEEL_FILTER_NAME$$ on $$TARGET_NAME$$ EXP: 600 HFR: 1.875 FWHM: 6.82  Altitude: 72.89185924936668 
2026-05-25T23:31:28.4941|INFO|SequenceItem.cs|Run|208|Starting Category: Ground Station, Item: Send to Pushover, Title: IMAGE: $$TARGET_NAME$$
2026-05-25T23:31:28.6460|INFO|SequenceItem.cs|Run|254|Finishing Category: Ground Station, Item: Send to Pushover, Title: IMAGE: $$TARGET_NAME$$
2026-05-25T23:31:28.6473|INFO|SequenceItem.cs|Run|254|Finishing Category: Powerups (Fun-ctions), Item: GSSend
2026-05-25T23:31:28.8061|INFO|Symbol.cs|OnMessageReceived|627|Received message from Target Scheduler re: TargetScheduler-TargetStart
2026-05-25T23:31:28.8061|INFO|Symbol.cs|OnMessageReceived|635|TS_TargetName = M 51
2026-05-25T23:31:28.8062|INFO|Symbol.cs|OnMessageReceived|636|Expires at 05/26/2026 04:05:22 -05:00
2026-05-25T23:31:28.8062|INFO|Symbol.cs|OnMessageReceived|627|Received message from Target Scheduler re: TargetScheduler-TargetStart
2026-05-25T23:31:28.8062|INFO|Symbol.cs|OnMessageReceived|635|TS_TargetName = M 51
2026-05-25T23:31:28.8062|INFO|Symbol.cs|OnMessageReceived|636|Expires at 05/26/2026 04:05:22 -05:00
2026-05-25T23:31:28.8065|INFO|MeridianFlipTrigger.cs|ShouldTrigger|265|Meridian Flip - There is still time remaining - max remaining time 11:19:16.3627467, next instruction time 0, next instruction NINA.Plugin.TargetScheduler.Sequencer.PlanSchedulerProgress - and the telescope reports expected pier side pierEast. Automated Flip is not necessary.
2026-05-25T23:31:28.8066|INFO|SequenceItem.cs|Run|208|Starting NINA.Plugin.TargetScheduler.Sequencer.PlanSchedulerProgress
2026-05-25T23:31:28.8622|INFO|SequenceItem.cs|Run|254|Finishing NINA.Plugin.TargetScheduler.Sequencer.PlanSchedulerProgress
2026-05-25T23:31:28.8627|INFO|MeridianFlipTrigger.cs|ShouldTrigger|265|Meridian Flip - There is still time remaining - max remaining time 11:19:16.3627467, next instruction time 90, next instruction Category: , Item: Dither - and the telescope reports expected pier side pierEast. Automated Flip is not necessary.
2026-05-25T23:31:28.8628|INFO|SequenceItem.cs|Run|208|Starting Category: , Item: Dither
2026-05-25T23:31:28.8891|INFO|PHD2Client.cs|HandleGuidingDithered|309|PHD2Client: 🎯 GuidingDithered (DITHER START) - dx=-5.09, dy=13.46
2026-05-25T23:31:28.8893|INFO|DitherStatisticsVM.cs|OnPHD2GuidingDithered|752|🎯 DITHER START detected via GuidingDithered! dx=-5.09, dy=13.46
2026-05-25T23:31:28.8893|INFO|DitherStatisticsVM.cs|OnPHD2GuidingDithered|762|✅ Dither START recorded with pixel shift: (-5.09, 13.46)
2026-05-25T23:31:28.8894|INFO|PHD2Client.cs|StartDitherDataCollection|576|PHD2Client: Started dither data collection for 30 seconds (series #4)
2026-05-25T23:31:29.3880|INFO|StarfrontClient.cs|SendImageFile|249|[Rockwood] sent 2026-05-25_23-21-22_M 51_LIGHT_H_-4.90C_G100-Exp-600.00s_MAXRMS-D0.73-R0.73_M-55.27_RMS-0.30_HFR-1.88_F-0007.fits (21KB) object=M 51 exptime=600s filter=H
2026-05-25T23:31:44.3191|INFO|SyncEngine.cs|SyncPendingFramesAsync|142|[Subframes] SyncEngine: synced 1 frames for session 3756568f-4703-43be-b60c-328e59a276eb (accepted=1)
2026-05-25T23:31:58.8902|INFO|PHD2Client.cs|OnDitherCollectionComplete|657|PHD2Client: Dither data collection complete (timer). Collected 9 points.
2026-05-25T23:31:58.8945|INFO|PHD2Client.cs|WriteDitherAnalysisFile|738|PHD2Client: Dither analysis file written with 39 data points: 20260525_225930_dither_analysis.txt
2026-05-25T23:31:58.8973|INFO|PHD2Client.cs|WritePositivePeriodsFile|932|PHD2Client: Positive periods analysis written with 12 total periods across 3 multipliers: 20260525_225930_positive_periods.txt
2026-05-25T23:31:58.8975|INFO|PHD2Client.cs|AnalyzePositivePeriods|868|PHD2Client: Positive period analysis complete. firstPeriodPerSeries counts: 1.5σ=1, 2.0σ=1, 3.0σ=2
2026-05-25T23:31:58.8977|INFO|PHD2Client.cs|CalculateRecommendation|954|PHD2Client: Calculating recommendation from 4 dither series, RMS=0.1483, StdDev=0.0891
2026-05-25T23:31:58.8992|INFO|PHD2Client.cs|CalculateRecommendation|987|PHD2Client: Dither recommendation calculated - Events: 4, SettlePixel: Q=0.28 B=0.33 P=0.42, MinSettle: Q=6.0s B=4.0s P=12.0s
2026-05-25T23:31:58.8996|INFO|DitherStatisticsVM.cs|OnDitherRecommendationUpdated|500|Dither recommendation updated on UI thread - Events: 4
2026-05-25T23:31:58.8998|INFO|PHD2Client.cs|RunAnalysisAndRecommendation|638|PHD2Client: RunAnalysisAndRecommendation completed - 39 points, 4 series
2026-05-25T23:32:17.0821|INFO|PHD2Client.cs|HandleSettleDone|343|PHD2Client: SettleDone - Status=0, Success=True, TotalFrames=17, DroppedFrames=0
2026-05-25T23:32:17.0822|INFO|DitherStatisticsVM.cs|OnPHD2SettleDone|794|✅ DITHER END - Success=True, SettleTime=48.19s, TotalFrames=17, DroppedFrames=0
2026-05-25T23:32:17.1088|INFO|DitherStatisticsVM.cs|UpdateQualityMetrics|865|Quality metrics updated: Score=0.1694, Rating=Poor
2026-05-25T23:32:17.4857|INFO|SequenceItem.cs|Run|254|Finishing Category: , Item: Dither
2026-05-25T23:32:17.4865|INFO|MeridianFlipTrigger.cs|ShouldTrigger|265|Meridian Flip - There is still time remaining - max remaining time 11:18:24.5781110, next instruction time 0, next instruction NINA.Plugin.TargetScheduler.Sequencer.PlanSchedulerProgress - and the telescope reports expected pier side pierEast. Automated Flip is not necessary.
2026-05-25T23:32:17.4867|INFO|SequenceItem.cs|Run|208|Starting NINA.Plugin.TargetScheduler.Sequencer.PlanSchedulerProgress
2026-05-25T23:32:17.4869|INFO|SequenceItem.cs|Run|254|Finishing NINA.Plugin.TargetScheduler.Sequencer.PlanSchedulerProgress
2026-05-25T23:32:17.4874|INFO|MeridianFlipTrigger.cs|ShouldTrigger|265|Meridian Flip - There is still time remaining - max remaining time 11:18:24.5781110, next instruction time 0, next instruction Category: Scheduler, Item: SwitchFilter, Filter: H - and the telescope reports expected pier side pierEast. Automated Flip is not necessary.
2026-05-25T23:32:17.4875|INFO|SequenceItem.cs|Run|208|Starting Category: Scheduler, Item: SwitchFilter, Filter: H
2026-05-25T23:32:17.4890|INFO|SequenceItem.cs|Run|254|Finishing Category: Scheduler, Item: SwitchFilter, Filter: H
2026-05-25T23:32:17.4895|INFO|MeridianFlipTrigger.cs|ShouldTrigger|265|Meridian Flip - There is still time remaining - max remaining time 11:18:24.5781110, next instruction time 0, next instruction NINA.Plugin.TargetScheduler.Sequencer.PlanSchedulerProgress - and the telescope reports expected pier side pierEast. Automated Flip is not necessary.
2026-05-25T23:32:17.4896|INFO|SequenceItem.cs|Run|208|Starting NINA.Plugin.TargetScheduler.Sequencer.PlanSchedulerProgress
2026-05-25T23:32:17.4897|INFO|SequenceItem.cs|Run|254|Finishing NINA.Plugin.TargetScheduler.Sequencer.PlanSchedulerProgress
2026-05-25T23:32:17.4901|INFO|MeridianFlipTrigger.cs|ShouldTrigger|265|Meridian Flip - There is still time remaining - max remaining time 11:18:24.5781110, next instruction time 0, next instruction Category: Scheduler, Item: SetReadoutMode, Mode: 0 - and the telescope reports expected pier side pierEast. Automated Flip is not necessary.
2026-05-25T23:32:17.4903|INFO|SequenceItem.cs|Run|208|Starting Category: Scheduler, Item: SetReadoutMode, Mode: 0
2026-05-25T23:32:17.4905|INFO|SequenceItem.cs|Run|254|Finishing Category: Scheduler, Item: SetReadoutMode, Mode: 0
2026-05-25T23:32:17.4909|INFO|MeridianFlipTrigger.cs|ShouldTrigger|265|Meridian Flip - There is still time remaining - max remaining time 11:18:24.5781110, next instruction time 0, next instruction NINA.Plugin.TargetScheduler.Sequencer.PlanSchedulerProgress - and the telescope reports expected pier side pierEast. Automated Flip is not necessary.
2026-05-25T23:32:17.4910|INFO|SequenceItem.cs|Run|208|Starting NINA.Plugin.TargetScheduler.Sequencer.PlanSchedulerProgress
2026-05-25T23:32:17.4921|INFO|SequenceItem.cs|Run|254|Finishing NINA.Plugin.TargetScheduler.Sequencer.PlanSchedulerProgress
2026-05-25T23:32:17.5011|INFO|MeridianFlipTrigger.cs|ShouldTrigger|265|Meridian Flip - There is still time remaining - max remaining time 11:18:24.5781110, next instruction time 600, next instruction Category: Scheduler, Item: TakeExposure, ExposureTime 600, Gain 100, Offset 50, ImageType LIGHT, Binning 1x1 - and the telescope reports expected pier side pierEast. Automated Flip is not necessary.
2026-05-25T23:32:17.5013|INFO|DIYTrigger.cs|ShouldTrigger|109|DIY Trigger Restore Guiding ShouldTrigger returning true
2026-05-25T23:32:17.5014|INFO|SequenceTrigger.cs|Run|114|Starting Category: Powerups (Misc), Item: DIYTrigger
2026-05-25T23:32:17.5061|INFO|DIYTrigger.cs|Execute|95|DIY Trigger executing...
2026-05-25T23:32:17.5064|INFO|SequenceItem.cs|Run|208|Starting Category: * Instruction Set *, Container: NINA.Sequencer.Container.SequentialContainer, Strategy: SequentialStrategy, Items[CREATED]: 1, Triggers: Trigger: RestoreGuiding
2026-05-25T23:32:17.5071|INFO|MeridianFlipTrigger.cs|ShouldTrigger|265|Meridian Flip - There is still time remaining - max remaining time 11:18:24.5781110, next instruction time 0, next instruction Category: Powerups (Expressions), Item: IfFailed - and the telescope reports expected pier side pierEast. Automated Flip is not necessary.
2026-05-25T23:32:17.5072|INFO|SequenceItem.cs|Run|208|Starting Category: Powerups (Expressions), Item: IfFailed
2026-05-25T23:32:17.5073|INFO|SequenceItem.cs|Run|208|Starting Category: Guider, Item: StartGuiding
2026-05-25T23:32:17.5140|INFO|PHD2Guider.cs|StartGuidingPrivate|504|Phd2 - App is already guiding. Skipping start guiding
2026-05-25T23:32:17.5143|INFO|SequenceItem.cs|Run|254|Finishing Category: Guider, Item: StartGuiding
2026-05-25T23:32:17.5144|INFO|SequenceItem.cs|Run|254|Finishing Category: Powerups (Expressions), Item: IfFailed
2026-05-25T23:32:17.5145|INFO|SequenceItem.cs|Run|254|Finishing Category: * Instruction Set *, Container: NINA.Sequencer.Container.SequentialContainer, Strategy: SequentialStrategy, Items[FINISHED]: 1, Triggers: Trigger: RestoreGuiding
2026-05-25T23:32:17.5172|INFO|SequenceItem.cs|Run|208|Starting Category: Scheduler, Item: TakeExposure, ExposureTime 600, Gain 100, Offset 50, ImageType LIGHT, Binning 1x1
2026-05-25T23:32:17.5224|INFO|CameraVM.cs|Capture|742|Starting Exposure - Exposure Time: 600s; Filter: ; Gain: 100; Offset 50; Binning: 1x1;
2026-05-25T23:36:17.3754|INFO|TsProgressReader.cs|ReadProgressDelta|75|[Subframes] TS progress delta: DB not found at C:\Users\nicka\AppData\Local\NINA\SchedulerPlugin — Target Scheduler not installed or DB path mismatch.
2026-05-25T23:39:01.2975|WARNING|PHD2Client.cs|ProcessEvent|252|PHD2: StarLost
2026-05-25T23:39:03.4786|WARNING|PHD2Client.cs|ProcessEvent|252|PHD2: StarLost
2026-05-25T23:39:12.5464|WARNING|PHD2Client.cs|ProcessEvent|252|PHD2: StarLost
2026-05-25T23:41:17.3751|INFO|TsProgressReader.cs|ReadProgressDelta|75|[Subframes] TS progress delta: DB not found at C:\Users\nicka\AppData\Local\NINA\SchedulerPlugin — Target Scheduler not installed or DB path mismatch.
2026-05-25T23:42:19.3841|INFO|SequenceItem.cs|Run|254|Finishing Category: Scheduler, Item: TakeExposure, ExposureTime 600, Gain 100, Offset 50, ImageType LIGHT, Binning 1x1
2026-05-25T23:42:19.3845|INFO|MeridianFlipTrigger.cs|ShouldTrigger|265|Meridian Flip - There is still time remaining - max remaining time 11:08:22.9329389, next instruction time 0, next instruction NINA.Plugin.TargetScheduler.Sequencer.PlanSchedulerProgress - and the telescope reports expected pier side pierEast. Automated Flip is not necessary.
2026-05-25T23:42:19.3846|INFO|SequenceItem.cs|Run|208|Starting NINA.Plugin.TargetScheduler.Sequencer.PlanSchedulerProgress
2026-05-25T23:42:19.3846|INFO|SequenceItem.cs|Run|254|Finishing NINA.Plugin.TargetScheduler.Sequencer.PlanSchedulerProgress
2026-05-25T23:42:20.6689|INFO|HocusFocusStarDetection.cs|Detect|413|Average HFR: 1.8663372658216133, HFR MAD: 0.2198943536985967, Detected Stars 210, Region: 0
2026-05-25T23:42:21.3991|INFO|BaseImageData.cs|SaveToDisk|346|Saved image to C:\ASTROIMAGES\NINA\2026-05-25\M 51\LIGHT\H\2026-05-25_23-32-17_M 51_LIGHT_H_-5.00C_G100-Exp-600.00s_MAXRMS-D0.75-R0.94_M-55.30_RMS-0.36_HFR-1.87_F-0008.fits
2026-05-25T23:42:21.3992|INFO|ImageSaveController.cs|DoWork|97|Successfully saved file at C:\ASTROIMAGES\NINA\2026-05-25\M 51\LIGHT\H\2026-05-25_23-32-17_M 51_LIGHT_H_-5.00C_G100-Exp-600.00s_MAXRMS-D0.75-R0.94_M-55.30_RMS-0.36_HFR-1.87_F-0008.fits. Duration Total: 00:00:02.0149584; BeforeSave: 00:00:00.0001137; BeforeFinalizeImageSaved: 00:00:01.6176525; FinalizeSaveTime: 00:00:00.3971915
2026-05-25T23:42:22.0362|WARNING|SessionMetaDataWatcher.cs|WriteAcquisitionMetaData|73|acquisition file already exists, will not overwrite: C:\ASTROIMAGES\NINA\2026-05-25\M 51\LIGHT\H\metadata\AcquisitionDetails.csv
2026-05-25T23:42:22.0365|WARNING|SessionMetaDataWatcher.cs|WriteAcquisitionMetaData|93|acquisition file already exists, will not overwrite: C:\ASTROIMAGES\NINA\2026-05-25\M 51\LIGHT\H\metadata\AcquisitionDetails.json
2026-05-25T23:42:22.0368|INFO|SessionMetaDataWatcher.cs|WriteImageMetaData|105|Writing CSV image metadata: C:\ASTROIMAGES\NINA\2026-05-25\M 51\LIGHT\H\metadata\ImageMetaData.csv
2026-05-25T23:42:22.0936|INFO|SessionMetaDataWatcher.cs|WriteImageMetaData|122|Writing JSON image metadata: C:\ASTROIMAGES\NINA\2026-05-25\M 51\LIGHT\H\metadata\ImageMetaData.json
2026-05-25T23:42:22.0959|INFO|SessionMetaDataWatcher.cs|WriteWeatherMetaData|169|Writing CSV weather metadata: C:\ASTROIMAGES\NINA\2026-05-25\M 51\LIGHT\H\metadata\WeatherData.csv
2026-05-25T23:42:22.1161|INFO|SessionMetaDataWatcher.cs|WriteWeatherMetaData|186|Writing JSON weather metadata: C:\ASTROIMAGES\NINA\2026-05-25\M 51\LIGHT\H\metadata\WeatherData.json
2026-05-25T23:42:22.1175|INFO|SessionService.cs|OnTargetDetectedAsync|663|[Subframes] Target detected: 'M51' (was 'M51')
2026-05-25T23:42:22.1545|INFO|SubframesClient.cs|StartTargetAsync|316|[Subframes] Target started:  name='M51'
2026-05-25T23:42:22.1546|WARNING|SessionService.cs|StartTargetAsync|559|[Subframes] StartTarget failed — cached locally as 2db196af-fe0d-4d31-af1e-e96ce1ca079e for replay.
2026-05-25T23:42:22.6544|INFO|MeridianFlipTrigger.cs|ShouldTrigger|265|Meridian Flip - There is still time remaining - max remaining time 11:08:20.9907678, next instruction time 0, next instruction Category: Powerups (Fun-ctions), Item: GSSend - and the telescope reports expected pier side pierEast. Automated Flip is not necessary.
2026-05-25T23:42:22.6545|INFO|SequenceItem.cs|Run|208|Starting Category: Powerups (Fun-ctions), Item: GSSend
2026-05-25T23:42:22.6552|INFO|SendWithGS.cs|ProcessedScript|64|Replacing Image_ExposureTime with 600
2026-05-25T23:42:22.6555|INFO|SendWithGS.cs|ProcessedScript|64|Replacing Image_HFR with 1.866
2026-05-25T23:42:22.6556|INFO|SendWithGS.cs|ProcessedScript|64|Replacing Image_FWHM with 6.91
2026-05-25T23:42:22.6557|INFO|SendWithGS.cs|ProcessedScript|64|Replacing Altitude with 71.92139154423622
2026-05-25T23:42:22.6558|INFO|SendWithGS.cs|Execute|95|Sending to Ground Station: Exp: $$FWHEEL_FILTER_NAME$$ on $$TARGET_NAME$$ EXP: 600 HFR: 1.866 FWHM: 6.91  Altitude: 71.92139154423622 
2026-05-25T23:42:22.6716|INFO|SequenceItem.cs|Run|208|Starting Category: Ground Station, Item: Send to Telegram
2026-05-25T23:42:23.3181|INFO|SequenceItem.cs|Run|254|Finishing Category: Ground Station, Item: Send to Telegram
2026-05-25T23:42:23.3195|INFO|SequenceItem.cs|Run|254|Finishing Category: Powerups (Fun-ctions), Item: GSSend
2026-05-25T23:42:23.3200|INFO|MeridianFlipTrigger.cs|ShouldTrigger|265|Meridian Flip - There is still time remaining - max remaining time 11:08:19.0128147, next instruction time 0, next instruction Category: Powerups (Fun-ctions), Item: GSSend - and the telescope reports expected pier side pierEast. Automated Flip is not necessary.
2026-05-25T23:42:23.3201|INFO|SequenceItem.cs|Run|208|Starting Category: Powerups (Fun-ctions), Item: GSSend
2026-05-25T23:42:23.3204|INFO|SendWithGS.cs|ProcessedScript|64|Replacing Image_ExposureTime with 600
2026-05-25T23:42:23.3205|INFO|SendWithGS.cs|ProcessedScript|64|Replacing Image_HFR with 1.866
2026-05-25T23:42:23.3206|INFO|SendWithGS.cs|ProcessedScript|64|Replacing Image_FWHM with 6.91
2026-05-25T23:42:23.3207|INFO|SendWithGS.cs|ProcessedScript|64|Replacing Altitude with 71.91788965847796
2026-05-25T23:42:23.3207|INFO|SendWithGS.cs|Execute|95|Sending to Ground Station: Exp: $$FWHEEL_FILTER_NAME$$ on $$TARGET_NAME$$ EXP: 600 HFR: 1.866 FWHM: 6.91  Altitude: 71.91788965847796 
2026-05-25T23:42:23.3219|INFO|SequenceItem.cs|Run|208|Starting Category: Ground Station, Item: Send to Pushover, Title: IMAGE: $$TARGET_NAME$$
2026-05-25T23:42:23.4623|INFO|SequenceItem.cs|Run|254|Finishing Category: Ground Station, Item: Send to Pushover, Title: IMAGE: $$TARGET_NAME$$
2026-05-25T23:42:23.4635|INFO|SequenceItem.cs|Run|254|Finishing Category: Powerups (Fun-ctions), Item: GSSend
2026-05-25T23:42:23.6163|INFO|Symbol.cs|OnMessageReceived|627|Received message from Target Scheduler re: TargetScheduler-TargetStart
2026-05-25T23:42:23.6163|INFO|Symbol.cs|OnMessageReceived|635|TS_TargetName = M 51
2026-05-25T23:42:23.6164|INFO|Symbol.cs|OnMessageReceived|636|Expires at 05/26/2026 04:05:22 -05:00
2026-05-25T23:42:23.6164|INFO|Symbol.cs|OnMessageReceived|627|Received message from Target Scheduler re: TargetScheduler-TargetStart
2026-05-25T23:42:23.6164|INFO|Symbol.cs|OnMessageReceived|635|TS_TargetName = M 51
2026-05-25T23:42:23.6164|INFO|Symbol.cs|OnMessageReceived|636|Expires at 05/26/2026 04:05:22 -05:00
2026-05-25T23:42:23.6168|INFO|MeridianFlipTrigger.cs|ShouldTrigger|265|Meridian Flip - There is still time remaining - max remaining time 11:08:19.0128147, next instruction time 0, next instruction NINA.Plugin.TargetScheduler.Sequencer.PlanSchedulerProgress - and the telescope reports expected pier side pierEast. Automated Flip is not necessary.
2026-05-25T23:42:23.6171|INFO|SequenceItem.cs|Run|208|Starting NINA.Plugin.TargetScheduler.Sequencer.PlanSchedulerProgress
2026-05-25T23:42:23.6173|INFO|SequenceItem.cs|Run|254|Finishing NINA.Plugin.TargetScheduler.Sequencer.PlanSchedulerProgress
2026-05-25T23:42:23.6175|INFO|MeridianFlipTrigger.cs|ShouldTrigger|265|Meridian Flip - There is still time remaining - max remaining time 11:08:19.0128147, next instruction time 90, next instruction Category: , Item: Dither - and the telescope reports expected pier side pierEast. Automated Flip is not necessary.
2026-05-25T23:42:23.6175|INFO|SequenceItem.cs|Run|208|Starting Category: , Item: Dither
2026-05-25T23:42:23.6314|INFO|PHD2Client.cs|HandleGuidingDithered|309|PHD2Client: 🎯 GuidingDithered (DITHER START) - dx=10.98, dy=8.38
2026-05-25T23:42:23.6315|INFO|DitherStatisticsVM.cs|OnPHD2GuidingDithered|752|🎯 DITHER START detected via GuidingDithered! dx=10.98, dy=8.38
2026-05-25T23:42:23.6316|INFO|DitherStatisticsVM.cs|OnPHD2GuidingDithered|762|✅ Dither START recorded with pixel shift: (10.98, 8.38)
2026-05-25T23:42:23.6316|INFO|PHD2Client.cs|StartDitherDataCollection|576|PHD2Client: Started dither data collection for 30 seconds (series #5)
2026-05-25T23:42:24.2195|INFO|StarfrontClient.cs|SendImageFile|249|[Rockwood] sent 2026-05-25_23-32-17_M 51_LIGHT_H_-5.00C_G100-Exp-600.00s_MAXRMS-D0.75-R0.94_M-55.30_RMS-0.36_HFR-1.87_F-0008.fits (22KB) object=M 51 exptime=600s filter=H
2026-05-25T23:42:37.4920|WARNING|PHD2Client.cs|ProcessEvent|252|PHD2: StarLost
2026-05-25T23:42:42.7556|WARNING|PHD2Client.cs|ProcessEvent|252|PHD2: StarLost
2026-05-25T23:42:44.3205|INFO|SyncEngine.cs|SyncPendingFramesAsync|142|[Subframes] SyncEngine: synced 1 frames for session 3756568f-4703-43be-b60c-328e59a276eb (accepted=1)
2026-05-25T23:42:44.9476|WARNING|PHD2Client.cs|ProcessEvent|252|PHD2: StarLost
2026-05-25T23:42:47.3254|WARNING|PHD2Client.cs|ProcessEvent|252|PHD2: StarLost
2026-05-25T23:42:49.5307|WARNING|PHD2Client.cs|ProcessEvent|252|PHD2: StarLost
2026-05-25T23:42:51.9847|WARNING|PHD2Client.cs|ProcessEvent|252|PHD2: StarLost
2026-05-25T23:42:53.6316|INFO|PHD2Client.cs|OnDitherCollectionComplete|657|PHD2Client: Dither data collection complete (timer). Collected 8 points.
2026-05-25T23:42:53.6353|INFO|PHD2Client.cs|WriteDitherAnalysisFile|738|PHD2Client: Dither analysis file written with 47 data points: 20260525_225930_dither_analysis.txt
2026-05-25T23:42:53.6418|INFO|PHD2Client.cs|WritePositivePeriodsFile|932|PHD2Client: Positive periods analysis written with 15 total periods across 3 multipliers: 20260525_225930_positive_periods.txt
2026-05-25T23:42:53.6420|INFO|PHD2Client.cs|AnalyzePositivePeriods|868|PHD2Client: Positive period analysis complete. firstPeriodPerSeries counts: 1.5σ=4, 2.0σ=2, 3.0σ=3
2026-05-25T23:42:53.6421|INFO|PHD2Client.cs|CalculateRecommendation|954|PHD2Client: Calculating recommendation from 5 dither series, RMS=0.1405, StdDev=0.0829
2026-05-25T23:42:53.6423|INFO|PHD2Client.cs|CalculateRecommendation|987|PHD2Client: Dither recommendation calculated - Events: 5, SettlePixel: Q=0.26 B=0.31 P=0.39, MinSettle: Q=6.0s B=4.0s P=4.0s
2026-05-25T23:42:53.6427|INFO|DitherStatisticsVM.cs|OnDitherRecommendationUpdated|500|Dither recommendation updated on UI thread - Events: 5
2026-05-25T23:42:53.6429|INFO|PHD2Client.cs|RunAnalysisAndRecommendation|638|PHD2Client: RunAnalysisAndRecommendation completed - 47 points, 5 series
2026-05-25T23:42:54.1801|WARNING|PHD2Client.cs|ProcessEvent|252|PHD2: StarLost
2026-05-25T23:42:56.5460|WARNING|PHD2Client.cs|ProcessEvent|252|PHD2: StarLost
2026-05-25T23:43:10.2725|WARNING|PHD2Client.cs|ProcessEvent|252|PHD2: StarLost
2026-05-25T23:43:12.4494|WARNING|PHD2Client.cs|ProcessEvent|252|PHD2: StarLost
2026-05-25T23:43:21.8521|WARNING|PHD2Client.cs|ProcessEvent|252|PHD2: StarLost
2026-05-25T23:43:26.3607|WARNING|PHD2Client.cs|ProcessEvent|252|PHD2: StarLost
2026-05-25T23:43:54.9275|WARNING|PHD2Client.cs|ProcessEvent|252|PHD2: StarLost
2026-05-25T23:43:55.0601|INFO|PHD2Client.cs|HandleSettleDone|343|PHD2Client: SettleDone - Status=1, Success=False, TotalFrames=35, DroppedFrames=13
2026-05-25T23:43:55.0602|INFO|DitherStatisticsVM.cs|OnPHD2SettleDone|794|✅ DITHER END - Success=False, SettleTime=91.43s, TotalFrames=35, DroppedFrames=13
2026-05-25T23:43:55.0815|INFO|DitherStatisticsVM.cs|UpdateQualityMetrics|865|Quality metrics updated: Score=0.1244, Rating=Poor
2026-05-25T23:43:55.4571|ERROR|PHD2Guider.cs|ProcessEvent|937|PHD2 error:timed-out waiting for guider to settle
2026-05-25T23:43:55.7852|INFO|SequenceItem.cs|Run|254|Finishing Category: , Item: Dither
2026-05-25T23:43:55.7876|INFO|MeridianFlipTrigger.cs|ShouldTrigger|265|Meridian Flip - There is still time remaining - max remaining time 11:06:49.8011610, next instruction time 0, next instruction NINA.Plugin.TargetScheduler.Sequencer.PlanSchedulerProgress - and the telescope reports expected pier side pierEast. Automated Flip is not necessary.
2026-05-25T23:43:55.7879|INFO|SequenceItem.cs|Run|208|Starting NINA.Plugin.TargetScheduler.Sequencer.PlanSchedulerProgress
2026-05-25T23:43:55.7881|INFO|SequenceItem.cs|Run|254|Finishing NINA.Plugin.TargetScheduler.Sequencer.PlanSchedulerProgress
2026-05-25T23:43:55.7885|INFO|MeridianFlipTrigger.cs|ShouldTrigger|265|Meridian Flip - There is still time remaining - max remaining time 11:06:49.8011610, next instruction time 0, next instruction Category: Scheduler, Item: SwitchFilter, Filter: H - and the telescope reports expected pier side pierEast. Automated Flip is not necessary.
2026-05-25T23:43:55.7886|INFO|SequenceItem.cs|Run|208|Starting Category: Scheduler, Item: SwitchFilter, Filter: H
2026-05-25T23:43:55.7902|INFO|SequenceItem.cs|Run|254|Finishing Category: Scheduler, Item: SwitchFilter, Filter: H
2026-05-25T23:43:55.7908|INFO|MeridianFlipTrigger.cs|ShouldTrigger|265|Meridian Flip - There is still time remaining - max remaining time 11:06:49.8011610, next instruction time 0, next instruction NINA.Plugin.TargetScheduler.Sequencer.PlanSchedulerProgress - and the telescope reports expected pier side pierEast. Automated Flip is not necessary.
2026-05-25T23:43:55.7909|INFO|SequenceItem.cs|Run|208|Starting NINA.Plugin.TargetScheduler.Sequencer.PlanSchedulerProgress
2026-05-25T23:43:55.7910|INFO|SequenceItem.cs|Run|254|Finishing NINA.Plugin.TargetScheduler.Sequencer.PlanSchedulerProgress
2026-05-25T23:43:55.7914|INFO|MeridianFlipTrigger.cs|ShouldTrigger|265|Meridian Flip - There is still time remaining - max remaining time 11:06:49.8011610, next instruction time 0, next instruction Category: Scheduler, Item: SetReadoutMode, Mode: 0 - and the telescope reports expected pier side pierEast. Automated Flip is not necessary.
2026-05-25T23:43:55.7915|INFO|SequenceItem.cs|Run|208|Starting Category: Scheduler, Item: SetReadoutMode, Mode: 0
2026-05-25T23:43:55.7918|INFO|SequenceItem.cs|Run|254|Finishing Category: Scheduler, Item: SetReadoutMode, Mode: 0
2026-05-25T23:43:55.7922|INFO|MeridianFlipTrigger.cs|ShouldTrigger|265|Meridian Flip - There is still time remaining - max remaining time 11:06:49.8011610, next instruction time 0, next instruction NINA.Plugin.TargetScheduler.Sequencer.PlanSchedulerProgress - and the telescope reports expected pier side pierEast. Automated Flip is not necessary.
2026-05-25T23:43:55.7923|INFO|SequenceItem.cs|Run|208|Starting NINA.Plugin.TargetScheduler.Sequencer.PlanSchedulerProgress
2026-05-25T23:43:55.7926|INFO|SequenceItem.cs|Run|254|Finishing NINA.Plugin.TargetScheduler.Sequencer.PlanSchedulerProgress
2026-05-25T23:43:55.7937|INFO|MeridianFlipTrigger.cs|ShouldTrigger|265|Meridian Flip - There is still time remaining - max remaining time 11:06:49.8011610, next instruction time 600, next instruction Category: Scheduler, Item: TakeExposure, ExposureTime 600, Gain 100, Offset 50, ImageType LIGHT, Binning 1x1 - and the telescope reports expected pier side pierEast. Automated Flip is not necessary.
2026-05-25T23:43:55.7939|INFO|DIYTrigger.cs|ShouldTrigger|109|DIY Trigger Restore Guiding ShouldTrigger returning true
2026-05-25T23:43:55.7940|INFO|SequenceTrigger.cs|Run|114|Starting Category: Powerups (Misc), Item: DIYTrigger
2026-05-25T23:43:55.7993|INFO|DIYTrigger.cs|Execute|95|DIY Trigger executing...
2026-05-25T23:43:55.7996|INFO|SequenceItem.cs|Run|208|Starting Category: * Instruction Set *, Container: NINA.Sequencer.Container.SequentialContainer, Strategy: SequentialStrategy, Items[CREATED]: 1, Triggers: Trigger: RestoreGuiding
2026-05-25T23:43:55.8003|INFO|MeridianFlipTrigger.cs|ShouldTrigger|265|Meridian Flip - There is still time remaining - max remaining time 11:06:49.8011610, next instruction time 0, next instruction Category: Powerups (Expressions), Item: IfFailed - and the telescope reports expected pier side pierEast. Automated Flip is not necessary.
2026-05-25T23:43:55.8004|INFO|SequenceItem.cs|Run|208|Starting Category: Powerups (Expressions), Item: IfFailed
2026-05-25T23:43:55.8005|INFO|SequenceItem.cs|Run|208|Starting Category: Guider, Item: StartGuiding
2026-05-25T23:43:55.8071|INFO|PHD2Guider.cs|StartGuidingPrivate|509|Phd2 - App has lost guide star and needs to stop before starting guiding again
2026-05-25T23:43:57.2814|INFO|PHD2Client.cs|ProcessEvent|268|PHD2: ConfigurationChange
2026-05-25T23:43:57.2882|WARNING|PHD2Client.cs|ProcessEvent|252|PHD2: LockPositionLost
2026-05-25T23:43:57.3710|INFO|PHD2Client.cs|QueryExposureTime|1216|PHD2Client: Exposure time from PHD2 API: 2.000 seconds (2000 ms)
2026-05-25T23:43:57.8459|INFO|PHD2Guider.cs|TryStartGuideCommand|641|Phd2 - Requesting to start guiding. Recalibrate: False
2026-05-25T23:44:04.9180|INFO|PHD2Client.cs|ProcessEvent|261|PHD2: StartGuiding
2026-05-25T23:44:04.9181|INFO|PHD2Client.cs|StartNewGuidingSession|393|PHD2Client: New guiding session started
2026-05-25T23:44:04.9275|INFO|PHD2Client.cs|QueryExposureTime|1216|PHD2Client: Exposure time from PHD2 API: 2.000 seconds (2000 ms)
2026-05-25T23:44:16.6959|WARNING|PHD2Client.cs|ProcessEvent|252|PHD2: StarLost
2026-05-25T23:44:18.8967|WARNING|PHD2Client.cs|ProcessEvent|252|PHD2: StarLost
2026-05-25T23:44:21.2806|WARNING|PHD2Client.cs|ProcessEvent|252|PHD2: StarLost
2026-05-25T23:44:23.5321|WARNING|PHD2Client.cs|ProcessEvent|252|PHD2: StarLost
2026-05-25T23:44:25.9575|WARNING|PHD2Client.cs|ProcessEvent|252|PHD2: StarLost
2026-05-25T23:44:28.1952|WARNING|PHD2Client.cs|ProcessEvent|252|PHD2: StarLost
2026-05-25T23:44:30.5798|WARNING|PHD2Client.cs|ProcessEvent|252|PHD2: StarLost
2026-05-25T23:44:32.7352|WARNING|PHD2Client.cs|ProcessEvent|252|PHD2: StarLost
2026-05-25T23:44:35.1686|WARNING|PHD2Client.cs|ProcessEvent|252|PHD2: StarLost
2026-05-25T23:44:37.3772|WARNING|PHD2Client.cs|ProcessEvent|252|PHD2: StarLost
2026-05-25T23:44:39.8105|WARNING|PHD2Client.cs|ProcessEvent|252|PHD2: StarLost
2026-05-25T23:45:39.7682|INFO|PHD2Client.cs|HandleSettleDone|343|PHD2Client: SettleDone - Status=1, Success=False, TotalFrames=25, DroppedFrames=11
2026-05-25T23:45:39.7683|WARNING|DitherStatisticsVM.cs|OnPHD2SettleDone|772|⚠️ SettleDone received but no currentDither exists (race condition?)
2026-05-25T23:45:39.9280|ERROR|PHD2Guider.cs|ProcessEvent|937|PHD2 error:timed-out waiting for guider to settle
2026-05-25T23:45:40.2073|INFO|SequenceItem.cs|Run|254|Finishing Category: Guider, Item: StartGuiding
2026-05-25T23:45:40.2075|INFO|SequenceItem.cs|Run|254|Finishing Category: Powerups (Expressions), Item: IfFailed
2026-05-25T23:45:40.2315|INFO|SequenceItem.cs|Run|254|Finishing Category: * Instruction Set *, Container: NINA.Sequencer.Container.SequentialContainer, Strategy: SequentialStrategy, Items[FINISHED]: 1, Triggers: Trigger: RestoreGuiding
2026-05-25T23:45:40.2332|INFO|SequenceItem.cs|Run|208|Starting Category: Scheduler, Item: TakeExposure, ExposureTime 600, Gain 100, Offset 50, ImageType LIGHT, Binning 1x1
2026-05-25T23:45:40.2380|INFO|CameraVM.cs|Capture|742|Starting Exposure - Exposure Time: 600s; Filter: ; Gain: 100; Offset 50; Binning: 1x1;
2026-05-25T23:46:17.3749|INFO|TsProgressReader.cs|ReadProgressDelta|75|[Subframes] TS progress delta: DB not found at C:\Users\nicka\AppData\Local\NINA\SchedulerPlugin — Target Scheduler not installed or DB path mismatch.
2026-05-25T23:46:37.1881|WARNING|PHD2Client.cs|ProcessEvent|252|PHD2: StarLost
2026-05-25T23:47:09.3523|INFO|SafetyMonitorVM.cs|UpdateMonitorValues|95|SafetyMonitorInfo state changed to Unsafe
2026-05-25T23:47:09.3608|INFO|SessionEventCollector.cs|SaveEvent|128|NightSummary: Event logged — RoofClosed: Safety monitor: Unsafe
2026-05-25T23:47:11.9519|INFO|WhenUnsafe.cs|CheckSafe|77|IsSafe is now FALSE; connected = True, IsSafe = False
2026-05-25T23:47:11.9521|INFO|WhenCommon.cs|ShouldTrigger|378|ShouldTrigger TRUE from InterruptWhen, setting TriggerRunner
2026-05-25T23:47:11.9541|INFO|WhenCommon.cs|InterruptWhen|322|Interrupting current Instruction Set
2026-05-25T23:47:13.2373|INFO|WhenCommon.cs|InterruptWhen|332|Canceling sequence...
2026-05-25T23:47:13.2909|INFO|WhenCommon.cs|SequenceBlockTeardown|198|Teardown; shutting down watchdog
2026-05-25T23:47:13.2921|INFO|Sequencer.cs|Start|85|Sequence run was cancelled
2026-05-25T23:47:13.2931|INFO|Sequence2VM.cs|StartSequence|548|Advanced Sequence finished
2026-05-25T23:47:13.2932|INFO|Plugin.cs|OnSequenceFinished|477|[Subframes] Sequence run ended - closing active session.
2026-05-25T23:47:13.3193|INFO|TsGradingReader.cs|ReadGradingResults|30|[Subframes] Target Scheduler not detected (no database at C:\Users\nicka\AppData\Local\NINA\SchedulerPlugin)
2026-05-25T23:47:13.3194|INFO|SessionService.cs|EndSessionAsync|425|[Subframes] TS grading results: 0 entry/entries.
2026-05-25T23:47:13.3199|INFO|TsProgressReader.cs|ReadProgress|133|[Subframes] Target Scheduler not detected (no database at C:\Users\nicka\AppData\Local\NINA\SchedulerPlugin)
2026-05-25T23:47:13.3199|INFO|SessionService.cs|EndSessionAsync|427|[Subframes] TS progress results: 0 row(s).
2026-05-25T23:47:13.3259|WARNING|SessionService.cs|OnSequenceFinished|292|NightSummary: Sequence finished with active session d3762070-90a7-4ced-a476-a58b5f16033a — End Session instruction did not run. Session data preserved; use Resend Previous Session for a report.
2026-05-25T23:47:13.3262|INFO|WhenCommon.cs|InterruptWhen|350|Restarting sequence, Triggered -> true
2026-05-25T23:47:13.3529|INFO|SubframesClient.cs|EndSessionAsync|273|[Subframes] Session ended: 3756568f-4703-43be-b60c-328e59a276eb
2026-05-25T23:47:13.3550|INFO|SessionService.cs|EndSessionAsync|452|[Subframes] Session ended.
2026-05-25T23:47:13.3553|INFO|CacheReplayEngine.cs|ResumeAfterLiveSession|90|[Subframes] CacheReplayEngine: resumed after live session.
2026-05-25T23:47:14.2529|INFO|WhenCommon.cs|InterruptWhen|339|Sequence no longer running
2026-05-25T23:47:14.2531|WARNING|WhenCommon.cs|CheckSlewing|263|CheckSlewing, WhenUnsafe = True, Connected = True, CanSlew = True, info.Slewing = False
2026-05-25T23:47:14.2537|INFO|Sequence2VM.cs|StartSequence|543|Advanced Sequence starting
2026-05-25T23:47:14.3252|INFO|SequenceItem.cs|Run|208|Starting Category: * Instruction Set *, Container: NINA.Sequencer.Container.SequenceRootContainer, Strategy: SequentialStrategy, Items[CREATED]: 3, Triggers: Category: Ground Station, Item: Failures to Telegram
2026-05-25T23:47:14.3255|INFO|SequenceItem.cs|Run|208|Starting Category: * Instruction Set *, Container: NINA.Sequencer.Container.StartAreaContainer, Strategy: SequentialStrategy, Items[FINISHED]: 1
2026-05-25T23:47:14.3256|INFO|SequenceItem.cs|Run|254|Finishing Category: * Instruction Set *, Container: NINA.Sequencer.Container.StartAreaContainer, Strategy: SequentialStrategy, Items[FINISHED]: 1
2026-05-25T23:47:14.3257|INFO|SequenceItem.cs|Run|208|Starting Category: * Instruction Set *, Container: NINA.Sequencer.Container.TargetAreaContainer, Strategy: SequentialStrategy, Items[CREATED]: 1
2026-05-25T23:47:14.3260|INFO|SequenceItem.cs|Run|208|Starting Category: * Instruction Set *, Container: NINA.Sequencer.Container.SequentialContainer, Strategy: SequentialStrategy, Items[FINISHED]: 11, Items[CREATED]: 1, Conditions: Condition: TimeCondition, Time: 6:7:49h, Condition: TargetSchedulerCondition mode=While Targets Remain Tonight, , Triggers: Trigger: CenterAfterDriftTrigger, DistanceArcMinutes: 1Trigger: WhenUnsafeCategory: Ground Station, Item: Failures to TelegramCategory: Connect, Item: ReconnectOnDownloadFailureTrigger: AutofocusAfterHFRIncreaseTrigger, Amount: 5Trigger: MeridianFlipTriggerCategory: Powerups (Misc), Item: DIYTriggerCategory: Ground Station, Item: Failures to PushoverTrigger: AutofocusAfterTemperatureChangeTrigger, Amount: 1.5°
2026-05-25T23:47:14.3262|INFO|WhenCommon.cs|SequenceBlockInitialize|204|Initialize; starting watchdog
2026-05-25T23:47:14.3265|INFO|WhenCommon.cs|ShouldTrigger|382|ShouldTrigger TRUE, setting TriggerRunner
2026-05-25T23:47:14.3266|INFO|SequenceTrigger.cs|Run|114|Starting Trigger: WhenUnsafe
2026-05-25T23:47:14.3346|INFO|WhenCommon.cs|Execute|395|Execute 0
2026-05-25T23:47:14.3347|INFO|WhenCommon.cs|Execute|409|When: running TriggerRunner, InFlight -> true, Triggered -> false
2026-05-25T23:47:14.3347|WARNING|WhenCommon.cs|CheckSlewing|263|CheckSlewing, WhenUnsafe = True, Connected = True, CanSlew = True, info.Slewing = False
2026-05-25T23:47:14.3348|INFO|SequenceItem.cs|Run|208|Starting Category: , Container: WhenPlugin.When.IfContainer, Strategy: SequentialStrategy, Items[CREATED]: 9
2026-05-25T23:47:14.3352|INFO|MeridianFlipTrigger.cs|ShouldTrigger|265|Meridian Flip - There is still time remaining - max remaining time 11:03:52.1292432, next instruction time 0, next instruction Category: Ground Station, Item: Send to Telegram - and the telescope reports expected pier side pierEast. Automated Flip is not necessary.
2026-05-25T23:47:14.3353|INFO|SequenceItem.cs|Run|208|Starting Category: Ground Station, Item: Send to Telegram
2026-05-25T23:47:14.9640|INFO|SequenceItem.cs|Run|254|Finishing Category: Ground Station, Item: Send to Telegram
2026-05-25T23:47:14.9647|INFO|MeridianFlipTrigger.cs|ShouldTrigger|265|Meridian Flip - There is still time remaining - max remaining time 11:03:52.1292432, next instruction time 0, next instruction Category: Ground Station, Item: Send to Pushover, Title: Unsafe - and the telescope reports expected pier side pierEast. Automated Flip is not necessary.
2026-05-25T23:47:14.9648|INFO|SequenceItem.cs|Run|208|Starting Category: Ground Station, Item: Send to Pushover, Title: Unsafe
2026-05-25T23:47:15.1255|INFO|SequenceItem.cs|Run|254|Finishing Category: Ground Station, Item: Send to Pushover, Title: Unsafe
2026-05-25T23:47:15.1262|INFO|MeridianFlipTrigger.cs|ShouldTrigger|265|Meridian Flip - There is still time remaining - max remaining time 11:03:52.1292432, next instruction time 0, next instruction Category: Telescope, Item: FindHome - and the telescope reports expected pier side pierEast. Automated Flip is not necessary.
2026-05-25T23:47:15.1263|INFO|SequenceItem.cs|Run|208|Starting Category: Telescope, Item: FindHome
2026-05-25T23:47:16.5032|INFO|CacheReplayEngine.cs|ReplaySessionAsync|195|[Subframes] Replaying session local=948ee290-d975-4723-a54c-98354ee90029 ack=True
2026-05-25T23:47:16.5526|INFO|SubframesClient.cs|StartTargetAsync|316|[Subframes] Target started:  name='M51'
2026-05-25T23:47:16.5831|INFO|SubframesClient.cs|StartTargetAsync|316|[Subframes] Target started:  name='M51'
2026-05-25T23:47:16.6120|INFO|SubframesClient.cs|StartTargetAsync|316|[Subframes] Target started:  name='M51'
2026-05-25T23:47:16.6400|INFO|SubframesClient.cs|StartTargetAsync|316|[Subframes] Target started:  name='vdB 141 Panel 10'
2026-05-25T23:47:16.6683|INFO|SubframesClient.cs|StartTargetAsync|316|[Subframes] Target started:  name='vdB 141 Panel 10'
2026-05-25T23:47:16.6968|INFO|SubframesClient.cs|StartTargetAsync|316|[Subframes] Target started:  name='M51'
2026-05-25T23:47:16.7256|INFO|SubframesClient.cs|StartTargetAsync|316|[Subframes] Target started:  name='M51'
2026-05-25T23:47:16.7541|INFO|SubframesClient.cs|StartTargetAsync|316|[Subframes] Target started:  name='M51'
2026-05-25T23:47:16.7828|INFO|SubframesClient.cs|StartTargetAsync|316|[Subframes] Target started:  name='M51'
2026-05-25T23:47:16.7876|INFO|CacheReplayEngine.cs|ReplaySessionAsync|323|[Subframes] Replay: 0 frame(s) uploaded for session=3756568f-4703-43be-b60c-328e59a276eb
2026-05-25T23:47:16.7982|INFO|CacheReplayEngine.cs|ReplaySessionAsync|362|[Subframes] Replay complete for session=3756568f-4703-43be-b60c-328e59a276eb
2026-05-25T23:47:19.5061|INFO|PHD2Client.cs|ProcessEvent|268|PHD2: ConfigurationChange
2026-05-25T23:47:19.5122|WARNING|PHD2Client.cs|ProcessEvent|252|PHD2: LockPositionLost
2026-05-25T23:47:19.6499|INFO|PHD2Client.cs|QueryExposureTime|1216|PHD2Client: Exposure time from PHD2 API: 2.000 seconds (2000 ms)
2026-05-25T23:47:20.1761|INFO|TelescopeVM.cs|FindHome|292|Mount ordered to locate home position
2026-05-25T23:47:47.1881|INFO|TelescopeVM.cs|FindHome|348|Mount has located its home position
2026-05-25T23:47:47.1883|INFO|SequenceItem.cs|Run|254|Finishing Category: Telescope, Item: FindHome
2026-05-25T23:47:47.1886|INFO|MeridianFlipTrigger.cs|ShouldTrigger|197|Meridian Flip - Telescope is at home position. Skip flip evaluation
2026-05-25T23:47:47.1887|INFO|SequenceItem.cs|Run|208|Starting Category: Guider, Item: StopGuiding
2026-05-25T23:47:47.1909|INFO|PHD2Guider.cs|StopGuiding|704|Phd2 - Stop Guiding skipped, as the app is already in state Stopped
2026-05-25T23:47:47.1910|INFO|SequenceItem.cs|Run|254|Finishing Category: Guider, Item: StopGuiding
2026-05-25T23:47:47.1914|INFO|MeridianFlipTrigger.cs|ShouldTrigger|197|Meridian Flip - Telescope is at home position. Skip flip evaluation
2026-05-25T23:47:47.1915|INFO|SequenceItem.cs|Run|208|Starting Category: Connect, Item: DisconnectEquipment, Selected device: Safety Monitor
2026-05-25T23:47:47.1946|INFO|AscomDevice.cs|Disconnect|378|Disconnecting from ASCOM.GenericFile.SafetyMonitor Generic File driver
2026-05-25T23:47:47.1996|INFO|SafetyMonitorVM.cs|Disconnect|221|Disconnected Safety Monitor
2026-05-25T23:47:47.2000|INFO|SequenceItem.cs|Run|254|Finishing Category: Connect, Item: DisconnectEquipment, Selected device: Safety Monitor
2026-05-25T23:47:47.2003|INFO|MeridianFlipTrigger.cs|ShouldTrigger|197|Meridian Flip - Telescope is at home position. Skip flip evaluation
2026-05-25T23:47:47.2003|INFO|SequenceItem.cs|Run|208|Starting Category: Utility, Item: WaitForTimeSpan, Time: 60s
2026-05-25T23:48:47.3245|INFO|SequenceItem.cs|Run|254|Finishing Category: Utility, Item: WaitForTimeSpan, Time: 60s
2026-05-25T23:48:47.3249|INFO|MeridianFlipTrigger.cs|ShouldTrigger|197|Meridian Flip - Telescope is at home position. Skip flip evaluation
2026-05-25T23:48:47.3249|INFO|SequenceItem.cs|Run|208|Starting Category: Connect, Item: ConnectEquipment, Selected device: Safety Monitor, Selected device id: ASCOM.GenericFile.SafetyMonitor
2026-05-25T23:48:49.3258|INFO|SafetyMonitorChooserVM.cs|GetEquipment|71|Found 0 Alpaca Safety Monitors
2026-05-25T23:48:49.3265|INFO|SafetyMonitorVM.cs|Disconnect|221|Disconnected Safety Monitor
2026-05-25T23:48:49.4140|INFO|SafetyMonitorVM.cs|Connect|175|Successfully connected Safety Monitor. Id: ASCOM.GenericFile.SafetyMonitor Name: Generic File driver DisplayName: Generic File driver (ASCOM) Driver Version: 6.4
2026-05-25T23:48:49.4144|INFO|SequenceItem.cs|Run|254|Finishing Category: Connect, Item: ConnectEquipment, Selected device: Safety Monitor, Selected device id: ASCOM.GenericFile.SafetyMonitor
2026-05-25T23:48:49.4147|INFO|MeridianFlipTrigger.cs|ShouldTrigger|197|Meridian Flip - Telescope is at home position. Skip flip evaluation
2026-05-25T23:48:49.4147|INFO|SequenceItem.cs|Run|208|Starting Category: Utility, Item: WaitForTimeSpan, Time: 60s
2026-05-25T23:48:51.4162|INFO|SafetyMonitorVM.cs|UpdateMonitorValues|95|SafetyMonitorInfo state changed to Unsafe
2026-05-25T23:49:49.5136|INFO|SequenceItem.cs|Run|254|Finishing Category: Utility, Item: WaitForTimeSpan, Time: 60s
2026-05-25T23:49:49.5145|INFO|MeridianFlipTrigger.cs|ShouldTrigger|197|Meridian Flip - Telescope is at home position. Skip flip evaluation
2026-05-25T23:49:49.5151|INFO|SequenceItem.cs|Run|208|Starting Category: Powerups (Safety), Item: OnceSafe
2026-05-25T23:51:17.3750|INFO|TsProgressReader.cs|ReadProgressDelta|75|[Subframes] TS progress delta: DB not found at C:\Users\nicka\AppData\Local\NINA\SchedulerPlugin — Target Scheduler not installed or DB path mismatch.
2026-05-25T23:56:17.3758|INFO|TsProgressReader.cs|ReadProgressDelta|75|[Subframes] TS progress delta: DB not found at C:\Users\nicka\AppData\Local\NINA\SchedulerPlugin — Target Scheduler not installed or DB path mismatch.
2026-05-26T00:01:17.3753|INFO|TsProgressReader.cs|ReadProgressDelta|75|[Subframes] TS progress delta: DB not found at C:\Users\nicka\AppData\Local\NINA\SchedulerPlugin — Target Scheduler not installed or DB path mismatch.
2026-05-26T00:06:17.3749|INFO|TsProgressReader.cs|ReadProgressDelta|75|[Subframes] TS progress delta: DB not found at C:\Users\nicka\AppData\Local\NINA\SchedulerPlugin — Target Scheduler not installed or DB path mismatch.
2026-05-26T00:11:17.3752|INFO|TsProgressReader.cs|ReadProgressDelta|75|[Subframes] TS progress delta: DB not found at C:\Users\nicka\AppData\Local\NINA\SchedulerPlugin — Target Scheduler not installed or DB path mismatch.
2026-05-26T00:16:17.3752|INFO|TsProgressReader.cs|ReadProgressDelta|75|[Subframes] TS progress delta: DB not found at C:\Users\nicka\AppData\Local\NINA\SchedulerPlugin — Target Scheduler not installed or DB path mismatch.
2026-05-26T00:21:17.3750|INFO|TsProgressReader.cs|ReadProgressDelta|75|[Subframes] TS progress delta: DB not found at C:\Users\nicka\AppData\Local\NINA\SchedulerPlugin — Target Scheduler not installed or DB path mismatch.
2026-05-26T00:26:17.3753|INFO|TsProgressReader.cs|ReadProgressDelta|75|[Subframes] TS progress delta: DB not found at C:\Users\nicka\AppData\Local\NINA\SchedulerPlugin — Target Scheduler not installed or DB path mismatch.
2026-05-26T00:31:17.3751|INFO|TsProgressReader.cs|ReadProgressDelta|75|[Subframes] TS progress delta: DB not found at C:\Users\nicka\AppData\Local\NINA\SchedulerPlugin — Target Scheduler not installed or DB path mismatch.
2026-05-26T00:36:17.3980|INFO|TsProgressReader.cs|ReadProgressDelta|75|[Subframes] TS progress delta: DB not found at C:\Users\nicka\AppData\Local\NINA\SchedulerPlugin — Target Scheduler not installed or DB path mismatch.
2026-05-26T00:41:17.3749|INFO|TsProgressReader.cs|ReadProgressDelta|75|[Subframes] TS progress delta: DB not found at C:\Users\nicka\AppData\Local\NINA\SchedulerPlugin — Target Scheduler not installed or DB path mismatch.
2026-05-26T00:46:17.3754|INFO|TsProgressReader.cs|ReadProgressDelta|75|[Subframes] TS progress delta: DB not found at C:\Users\nicka\AppData\Local\NINA\SchedulerPlugin — Target Scheduler not installed or DB path mismatch.
2026-05-26T00:51:17.3750|INFO|TsProgressReader.cs|ReadProgressDelta|75|[Subframes] TS progress delta: DB not found at C:\Users\nicka\AppData\Local\NINA\SchedulerPlugin — Target Scheduler not installed or DB path mismatch.
2026-05-26T00:56:17.3757|INFO|TsProgressReader.cs|ReadProgressDelta|75|[Subframes] TS progress delta: DB not found at C:\Users\nicka\AppData\Local\NINA\SchedulerPlugin — Target Scheduler not installed or DB path mismatch.
2026-05-26T01:01:17.3753|INFO|TsProgressReader.cs|ReadProgressDelta|75|[Subframes] TS progress delta: DB not found at C:\Users\nicka\AppData\Local\NINA\SchedulerPlugin — Target Scheduler not installed or DB path mismatch.
2026-05-26T01:06:17.3758|INFO|TsProgressReader.cs|ReadProgressDelta|75|[Subframes] TS progress delta: DB not found at C:\Users\nicka\AppData\Local\NINA\SchedulerPlugin — Target Scheduler not installed or DB path mismatch.
2026-05-26T01:11:17.3756|INFO|TsProgressReader.cs|ReadProgressDelta|75|[Subframes] TS progress delta: DB not found at C:\Users\nicka\AppData\Local\NINA\SchedulerPlugin — Target Scheduler not installed or DB path mismatch.
2026-05-26T01:16:17.3751|INFO|TsProgressReader.cs|ReadProgressDelta|75|[Subframes] TS progress delta: DB not found at C:\Users\nicka\AppData\Local\NINA\SchedulerPlugin — Target Scheduler not installed or DB path mismatch.
2026-05-26T01:21:17.3754|INFO|TsProgressReader.cs|ReadProgressDelta|75|[Subframes] TS progress delta: DB not found at C:\Users\nicka\AppData\Local\NINA\SchedulerPlugin — Target Scheduler not installed or DB path mismatch.
2026-05-26T01:26:17.3758|INFO|TsProgressReader.cs|ReadProgressDelta|75|[Subframes] TS progress delta: DB not found at C:\Users\nicka\AppData\Local\NINA\SchedulerPlugin — Target Scheduler not installed or DB path mismatch.
2026-05-26T01:31:17.3754|INFO|TsProgressReader.cs|ReadProgressDelta|75|[Subframes] TS progress delta: DB not found at C:\Users\nicka\AppData\Local\NINA\SchedulerPlugin — Target Scheduler not installed or DB path mismatch.
2026-05-26T01:36:17.3750|INFO|TsProgressReader.cs|ReadProgressDelta|75|[Subframes] TS progress delta: DB not found at C:\Users\nicka\AppData\Local\NINA\SchedulerPlugin — Target Scheduler not installed or DB path mismatch.
2026-05-26T01:41:17.3755|INFO|TsProgressReader.cs|ReadProgressDelta|75|[Subframes] TS progress delta: DB not found at C:\Users\nicka\AppData\Local\NINA\SchedulerPlugin — Target Scheduler not installed or DB path mismatch.
2026-05-26T01:46:17.3750|INFO|TsProgressReader.cs|ReadProgressDelta|75|[Subframes] TS progress delta: DB not found at C:\Users\nicka\AppData\Local\NINA\SchedulerPlugin — Target Scheduler not installed or DB path mismatch.
2026-05-26T01:51:17.3756|INFO|TsProgressReader.cs|ReadProgressDelta|75|[Subframes] TS progress delta: DB not found at C:\Users\nicka\AppData\Local\NINA\SchedulerPlugin — Target Scheduler not installed or DB path mismatch.
2026-05-26T01:56:17.3754|INFO|TsProgressReader.cs|ReadProgressDelta|75|[Subframes] TS progress delta: DB not found at C:\Users\nicka\AppData\Local\NINA\SchedulerPlugin — Target Scheduler not installed or DB path mismatch.
2026-05-26T02:01:17.3749|INFO|TsProgressReader.cs|ReadProgressDelta|75|[Subframes] TS progress delta: DB not found at C:\Users\nicka\AppData\Local\NINA\SchedulerPlugin — Target Scheduler not installed or DB path mismatch.
2026-05-26T02:06:17.3753|INFO|TsProgressReader.cs|ReadProgressDelta|75|[Subframes] TS progress delta: DB not found at C:\Users\nicka\AppData\Local\NINA\SchedulerPlugin — Target Scheduler not installed or DB path mismatch.
2026-05-26T02:11:17.3752|INFO|TsProgressReader.cs|ReadProgressDelta|75|[Subframes] TS progress delta: DB not found at C:\Users\nicka\AppData\Local\NINA\SchedulerPlugin — Target Scheduler not installed or DB path mismatch.
2026-05-26T02:16:17.3751|INFO|TsProgressReader.cs|ReadProgressDelta|75|[Subframes] TS progress delta: DB not found at C:\Users\nicka\AppData\Local\NINA\SchedulerPlugin — Target Scheduler not installed or DB path mismatch.
2026-05-26T02:21:17.3753|INFO|TsProgressReader.cs|ReadProgressDelta|75|[Subframes] TS progress delta: DB not found at C:\Users\nicka\AppData\Local\NINA\SchedulerPlugin — Target Scheduler not installed or DB path mismatch.
2026-05-26T02:26:17.3757|INFO|TsProgressReader.cs|ReadProgressDelta|75|[Subframes] TS progress delta: DB not found at C:\Users\nicka\AppData\Local\NINA\SchedulerPlugin — Target Scheduler not installed or DB path mismatch.
2026-05-26T02:31:17.3758|INFO|TsProgressReader.cs|ReadProgressDelta|75|[Subframes] TS progress delta: DB not found at C:\Users\nicka\AppData\Local\NINA\SchedulerPlugin — Target Scheduler not installed or DB path mismatch.
2026-05-26T02:36:17.3752|INFO|TsProgressReader.cs|ReadProgressDelta|75|[Subframes] TS progress delta: DB not found at C:\Users\nicka\AppData\Local\NINA\SchedulerPlugin — Target Scheduler not installed or DB path mismatch.
2026-05-26T02:41:17.3752|INFO|TsProgressReader.cs|ReadProgressDelta|75|[Subframes] TS progress delta: DB not found at C:\Users\nicka\AppData\Local\NINA\SchedulerPlugin — Target Scheduler not installed or DB path mismatch.
2026-05-26T02:46:17.3754|INFO|TsProgressReader.cs|ReadProgressDelta|75|[Subframes] TS progress delta: DB not found at C:\Users\nicka\AppData\Local\NINA\SchedulerPlugin — Target Scheduler not installed or DB path mismatch.
2026-05-26T02:51:17.3757|INFO|TsProgressReader.cs|ReadProgressDelta|75|[Subframes] TS progress delta: DB not found at C:\Users\nicka\AppData\Local\NINA\SchedulerPlugin — Target Scheduler not installed or DB path mismatch.
2026-05-26T02:56:17.3750|INFO|TsProgressReader.cs|ReadProgressDelta|75|[Subframes] TS progress delta: DB not found at C:\Users\nicka\AppData\Local\NINA\SchedulerPlugin — Target Scheduler not installed or DB path mismatch.
2026-05-26T03:01:17.3754|INFO|TsProgressReader.cs|ReadProgressDelta|75|[Subframes] TS progress delta: DB not found at C:\Users\nicka\AppData\Local\NINA\SchedulerPlugin — Target Scheduler not installed or DB path mismatch.
2026-05-26T03:06:17.3754|INFO|TsProgressReader.cs|ReadProgressDelta|75|[Subframes] TS progress delta: DB not found at C:\Users\nicka\AppData\Local\NINA\SchedulerPlugin — Target Scheduler not installed or DB path mismatch.
2026-05-26T03:11:17.3750|INFO|TsProgressReader.cs|ReadProgressDelta|75|[Subframes] TS progress delta: DB not found at C:\Users\nicka\AppData\Local\NINA\SchedulerPlugin — Target Scheduler not installed or DB path mismatch.
2026-05-26T03:16:17.3753|INFO|TsProgressReader.cs|ReadProgressDelta|75|[Subframes] TS progress delta: DB not found at C:\Users\nicka\AppData\Local\NINA\SchedulerPlugin — Target Scheduler not installed or DB path mismatch.
2026-05-26T03:21:17.3752|INFO|TsProgressReader.cs|ReadProgressDelta|75|[Subframes] TS progress delta: DB not found at C:\Users\nicka\AppData\Local\NINA\SchedulerPlugin — Target Scheduler not installed or DB path mismatch.
2026-05-26T03:26:17.3756|INFO|TsProgressReader.cs|ReadProgressDelta|75|[Subframes] TS progress delta: DB not found at C:\Users\nicka\AppData\Local\NINA\SchedulerPlugin — Target Scheduler not installed or DB path mismatch.
2026-05-26T03:31:17.3756|INFO|TsProgressReader.cs|ReadProgressDelta|75|[Subframes] TS progress delta: DB not found at C:\Users\nicka\AppData\Local\NINA\SchedulerPlugin — Target Scheduler not installed or DB path mismatch.
2026-05-26T03:36:17.3755|INFO|TsProgressReader.cs|ReadProgressDelta|75|[Subframes] TS progress delta: DB not found at C:\Users\nicka\AppData\Local\NINA\SchedulerPlugin — Target Scheduler not installed or DB path mismatch.
2026-05-26T03:41:17.3751|INFO|TsProgressReader.cs|ReadProgressDelta|75|[Subframes] TS progress delta: DB not found at C:\Users\nicka\AppData\Local\NINA\SchedulerPlugin — Target Scheduler not installed or DB path mismatch.
2026-05-26T03:46:17.3741|INFO|TsProgressReader.cs|ReadProgressDelta|75|[Subframes] TS progress delta: DB not found at C:\Users\nicka\AppData\Local\NINA\SchedulerPlugin — Target Scheduler not installed or DB path mismatch.
2026-05-26T03:51:17.3750|INFO|TsProgressReader.cs|ReadProgressDelta|75|[Subframes] TS progress delta: DB not found at C:\Users\nicka\AppData\Local\NINA\SchedulerPlugin — Target Scheduler not installed or DB path mismatch.
2026-05-26T03:56:17.3758|INFO|TsProgressReader.cs|ReadProgressDelta|75|[Subframes] TS progress delta: DB not found at C:\Users\nicka\AppData\Local\NINA\SchedulerPlugin — Target Scheduler not installed or DB path mismatch.
2026-05-26T04:01:17.3750|INFO|TsProgressReader.cs|ReadProgressDelta|75|[Subframes] TS progress delta: DB not found at C:\Users\nicka\AppData\Local\NINA\SchedulerPlugin — Target Scheduler not installed or DB path mismatch.
2026-05-26T04:06:17.3757|INFO|TsProgressReader.cs|ReadProgressDelta|75|[Subframes] TS progress delta: DB not found at C:\Users\nicka\AppData\Local\NINA\SchedulerPlugin — Target Scheduler not installed or DB path mismatch.
2026-05-26T04:11:17.3756|INFO|TsProgressReader.cs|ReadProgressDelta|75|[Subframes] TS progress delta: DB not found at C:\Users\nicka\AppData\Local\NINA\SchedulerPlugin — Target Scheduler not installed or DB path mismatch.
2026-05-26T04:16:17.3750|INFO|TsProgressReader.cs|ReadProgressDelta|75|[Subframes] TS progress delta: DB not found at C:\Users\nicka\AppData\Local\NINA\SchedulerPlugin — Target Scheduler not installed or DB path mismatch.
2026-05-26T04:21:17.3749|INFO|TsProgressReader.cs|ReadProgressDelta|75|[Subframes] TS progress delta: DB not found at C:\Users\nicka\AppData\Local\NINA\SchedulerPlugin — Target Scheduler not installed or DB path mismatch.
2026-05-26T04:26:17.3754|INFO|TsProgressReader.cs|ReadProgressDelta|75|[Subframes] TS progress delta: DB not found at C:\Users\nicka\AppData\Local\NINA\SchedulerPlugin — Target Scheduler not installed or DB path mismatch.
2026-05-26T04:31:17.3754|INFO|TsProgressReader.cs|ReadProgressDelta|75|[Subframes] TS progress delta: DB not found at C:\Users\nicka\AppData\Local\NINA\SchedulerPlugin — Target Scheduler not installed or DB path mismatch.
2026-05-26T04:36:17.3749|INFO|TsProgressReader.cs|ReadProgressDelta|75|[Subframes] TS progress delta: DB not found at C:\Users\nicka\AppData\Local\NINA\SchedulerPlugin — Target Scheduler not installed or DB path mismatch.
2026-05-26T04:41:17.3756|INFO|TsProgressReader.cs|ReadProgressDelta|75|[Subframes] TS progress delta: DB not found at C:\Users\nicka\AppData\Local\NINA\SchedulerPlugin — Target Scheduler not installed or DB path mismatch.
2026-05-26T04:46:17.3754|INFO|TsProgressReader.cs|ReadProgressDelta|75|[Subframes] TS progress delta: DB not found at C:\Users\nicka\AppData\Local\NINA\SchedulerPlugin — Target Scheduler not installed or DB path mismatch.
2026-05-26T04:51:17.3753|INFO|TsProgressReader.cs|ReadProgressDelta|75|[Subframes] TS progress delta: DB not found at C:\Users\nicka\AppData\Local\NINA\SchedulerPlugin — Target Scheduler not installed or DB path mismatch.
2026-05-26T04:56:17.3751|INFO|TsProgressReader.cs|ReadProgressDelta|75|[Subframes] TS progress delta: DB not found at C:\Users\nicka\AppData\Local\NINA\SchedulerPlugin — Target Scheduler not installed or DB path mismatch.
2026-05-26T05:01:17.3758|INFO|TsProgressReader.cs|ReadProgressDelta|75|[Subframes] TS progress delta: DB not found at C:\Users\nicka\AppData\Local\NINA\SchedulerPlugin — Target Scheduler not installed or DB path mismatch.
2026-05-26T05:06:17.3756|INFO|TsProgressReader.cs|ReadProgressDelta|75|[Subframes] TS progress delta: DB not found at C:\Users\nicka\AppData\Local\NINA\SchedulerPlugin — Target Scheduler not installed or DB path mismatch.
2026-05-26T05:11:17.3759|INFO|TsProgressReader.cs|ReadProgressDelta|75|[Subframes] TS progress delta: DB not found at C:\Users\nicka\AppData\Local\NINA\SchedulerPlugin — Target Scheduler not installed or DB path mismatch.
2026-05-26T05:16:17.3751|INFO|TsProgressReader.cs|ReadProgressDelta|75|[Subframes] TS progress delta: DB not found at C:\Users\nicka\AppData\Local\NINA\SchedulerPlugin — Target Scheduler not installed or DB path mismatch.
2026-05-26T05:21:17.3757|INFO|TsProgressReader.cs|ReadProgressDelta|75|[Subframes] TS progress delta: DB not found at C:\Users\nicka\AppData\Local\NINA\SchedulerPlugin — Target Scheduler not installed or DB path mismatch.
2026-05-26T05:26:17.3746|INFO|TsProgressReader.cs|ReadProgressDelta|75|[Subframes] TS progress delta: DB not found at C:\Users\nicka\AppData\Local\NINA\SchedulerPlugin — Target Scheduler not installed or DB path mismatch.
2026-05-26T05:31:17.3758|INFO|TsProgressReader.cs|ReadProgressDelta|75|[Subframes] TS progress delta: DB not found at C:\Users\nicka\AppData\Local\NINA\SchedulerPlugin — Target Scheduler not installed or DB path mismatch.
2026-05-26T05:36:17.3750|INFO|TsProgressReader.cs|ReadProgressDelta|75|[Subframes] TS progress delta: DB not found at C:\Users\nicka\AppData\Local\NINA\SchedulerPlugin — Target Scheduler not installed or DB path mismatch.
2026-05-26T05:41:17.3742|INFO|TsProgressReader.cs|ReadProgressDelta|75|[Subframes] TS progress delta: DB not found at C:\Users\nicka\AppData\Local\NINA\SchedulerPlugin — Target Scheduler not installed or DB path mismatch.
2026-05-26T05:46:17.3756|INFO|TsProgressReader.cs|ReadProgressDelta|75|[Subframes] TS progress delta: DB not found at C:\Users\nicka\AppData\Local\NINA\SchedulerPlugin — Target Scheduler not installed or DB path mismatch.
2026-05-26T05:51:17.3753|INFO|TsProgressReader.cs|ReadProgressDelta|75|[Subframes] TS progress delta: DB not found at C:\Users\nicka\AppData\Local\NINA\SchedulerPlugin — Target Scheduler not installed or DB path mismatch.
2026-05-26T05:56:17.3757|INFO|TsProgressReader.cs|ReadProgressDelta|75|[Subframes] TS progress delta: DB not found at C:\Users\nicka\AppData\Local\NINA\SchedulerPlugin — Target Scheduler not installed or DB path mismatch.
2026-05-26T06:01:17.3751|INFO|TsProgressReader.cs|ReadProgressDelta|75|[Subframes] TS progress delta: DB not found at C:\Users\nicka\AppData\Local\NINA\SchedulerPlugin — Target Scheduler not installed or DB path mismatch.
2026-05-26T06:06:17.3754|INFO|TsProgressReader.cs|ReadProgressDelta|75|[Subframes] TS progress delta: DB not found at C:\Users\nicka\AppData\Local\NINA\SchedulerPlugin — Target Scheduler not installed or DB path mismatch.
2026-05-26T06:07:49.2827|INFO|TimeCondition.cs|Check|254|TimeCondition finished.
2026-05-26T06:07:49.2828|INFO|TimeCondition.cs|InterruptWhenTimeIsUp|63|Time limit exceeded - Interrupting current Instruction Set
2026-05-26T06:07:49.2856|INFO|WhenCommon.cs|Execute|425|When: Execute done; InFlight -> false, Triggered false
2026-05-26T06:07:49.2858|INFO|MeridianFlipTrigger.cs|ShouldTrigger|197|Meridian Flip - Telescope is at home position. Skip flip evaluation
2026-05-26T06:07:49.2862|INFO|SequenceItem.cs|Run|208|Starting Category: Target Scheduler, Container: NINA.Plugin.TargetScheduler.Sequencer.TargetSchedulerContainer, Strategy: SequentialStrategy, Target:  RA: 00:00:00; Dec: 00° 00' 00"; Epoch: J2000 0
2026-05-26T06:07:49.3008|INFO|SequenceItem.cs|Run|254|Finishing Category: Target Scheduler, Container: NINA.Plugin.TargetScheduler.Sequencer.TargetSchedulerContainer, Strategy: SequentialStrategy, Target:  RA: 00:00:00; Dec: 00° 00' 00"; Epoch: J2000 0
2026-05-26T06:07:49.3015|INFO|TimeCondition.cs|Check|254|TimeCondition finished.
2026-05-26T06:07:49.4415|INFO|WhenCommon.cs|SequenceBlockTeardown|198|Teardown; shutting down watchdog
2026-05-26T06:07:49.4416|INFO|SequenceItem.cs|Run|254|Finishing Category: * Instruction Set *, Container: NINA.Sequencer.Container.SequentialContainer, Strategy: SequentialStrategy, Items[FINISHED]: 12, Conditions: Condition: TimeCondition, Time: 6:7:49h, Condition: TargetSchedulerCondition mode=While Targets Remain Tonight, , Triggers: Trigger: CenterAfterDriftTrigger, DistanceArcMinutes: 1Trigger: WhenUnsafeCategory: Ground Station, Item: Failures to TelegramCategory: Connect, Item: ReconnectOnDownloadFailureTrigger: AutofocusAfterHFRIncreaseTrigger, Amount: 5Trigger: MeridianFlipTriggerCategory: Powerups (Misc), Item: DIYTriggerCategory: Ground Station, Item: Failures to PushoverTrigger: AutofocusAfterTemperatureChangeTrigger, Amount: 1.5°
2026-05-26T06:07:49.4417|INFO|SequenceItem.cs|Run|254|Finishing Category: * Instruction Set *, Container: NINA.Sequencer.Container.TargetAreaContainer, Strategy: SequentialStrategy, Items[FINISHED]: 1
2026-05-26T06:07:49.4420|INFO|SequenceItem.cs|Run|208|Starting Category: * Instruction Set *, Container: NINA.Sequencer.Container.EndAreaContainer, Strategy: SequentialStrategy, Items[CREATED]: 9
2026-05-26T06:07:49.4422|INFO|SequenceItem.cs|Run|208|Starting Category: Telescope, Item: FindHome
2026-05-26T06:07:49.4448|INFO|PHD2Guider.cs|StopGuiding|704|Phd2 - Stop Guiding skipped, as the app is already in state Stopped
2026-05-26T06:07:49.4449|INFO|TelescopeVM.cs|FindHome|292|Mount ordered to locate home position
2026-05-26T06:07:49.4453|INFO|TelescopeVM.cs|FindHome|336|Mount ordered to home but it is already at home
2026-05-26T06:07:49.4454|INFO|TelescopeVM.cs|FindHome|348|Mount has located its home position
2026-05-26T06:07:49.4455|INFO|SequenceItem.cs|Run|254|Finishing Category: Telescope, Item: FindHome
2026-05-26T06:07:49.4462|INFO|SequenceItem.cs|Run|208|Starting Night Summary - End Session
2026-05-26T06:07:49.4475|INFO|NightSummaryEndInstruction.cs|Execute|28|NightSummary: End Session instruction executing
2026-05-26T06:08:04.4667|INFO|SessionService.cs|CaptureEquipmentNames|1112|NightSummary: Equipment captured — Camera=ZWO ASI533MM Pro, Telescope=AT60, Mount=iOptron CEM120,70,40,26, GEM, HEM, HAE, HAZ series and SkyHunter Mount, FilterWheel=ZWO FilterWheel, Focuser=ZWO Focuser, Rotator=n/a, Guider=PHD2
2026-05-26T06:08:04.4916|INFO|SessionCollector.cs|EndSession|134|NightSummary: Session ended. SessionId=d3762070-90a7-4ced-a476-a58b5f16033a
2026-05-26T06:08:04.5016|WARNING|LiveStackCapture.cs|StopAndCollect|128|NightSummary: LiveStackCapture collected 0 images — Live Stack plugin may not be installed or no stacks were broadcast during the session
2026-05-26T06:08:04.6214|INFO|SessionService.cs|SyncTsGrading|1021|NightSummary: Synced TS grading for 9/9 images
2026-05-26T06:08:04.6263|INFO|SessionService.cs|EndSession|217|NightSummary: EndSession — parsing logs for session d3762070-90a7-4ced-a476-a58b5f16033a (start=2026-05-25T22:10:18.4890341-05:00, end=2026-05-26T06:08:04.4705487-05:00, images=9)
2026-05-26T06:08:04.6840|WARNING|NinaLogParser.cs|ParseFile|432|NightSummary: LogParser — exposure started at 2026-05-25T23:45:40.2332000 was aborted (no matching finish, duration capped at 630s of raw 22944s)
2026-05-26T06:08:04.6842|INFO|NinaLogParser.cs|ParseFile|445|NightSummary: LogParser — parsed 46 timing events from C:\Users\nicka\AppData\Local\NINA\Logs\20260525-143014-3.2.0.9001.12524-202605.log
2026-05-26T06:08:04.6855|INFO|NinaLogParser.cs|ParseFile|450|NightSummary: LogParser — 110 SequenceItem starts, 9 exposures, 9 saves, 0 plate solves
2026-05-26T06:08:04.6891|INFO|NinaLogParser.cs|ParseFile|461|NightSummary: LogParser — overhead categories: AbortedExposure:1(630s), Centering:3(312s), Dither:5(248s), Autofocus:1(177s), Wait:2(120s), Guiding:2(104s), MountOps:2(32s), ImageSave:9(19s), FilterChange:3(18s), CameraDownload:9(17s)
2026-05-26T06:08:04.6978|INFO|NinaLogParser.cs|ParseFile|468|NightSummary: LogParser — skipped (not in allow-list): Send:23, GSSend:18, SetReadoutMode:10, IfFailed:10, Failures:2, DisconnectEquipment:1, ConnectEquipment:1, OnceSafe:1
2026-05-26T06:08:04.6984|INFO|SessionService.cs|EndSession|219|NightSummary: EndSession — parser returned 46 events
2026-05-26T06:08:04.7128|INFO|TargetSchedulerDatabase.cs|GetProgressForTargets|64|NightSummary: Querying TS progress for profile 0173997c-4bfa-48fd-9337-a48b6df99c38
2026-05-26T06:08:04.7609|INFO|SessionService.cs|ComputeCameraFov|1134|NightSummary: ComputeCameraFov (from session) — 3008×3008px, 3.76µm, 360mm → FOV=1.8001° × 1.8001°
2026-05-26T06:08:04.7636|INFO|NightSummaryEndInstruction.cs|Execute|39|NightSummary: Session ended successfully
2026-05-26T06:08:04.7638|INFO|SequenceItem.cs|Run|254|Finishing Night Summary - End Session
2026-05-26T06:08:04.7643|INFO|SequenceItem.cs|Run|208|Starting [EndSubframesSession]
2026-05-26T06:08:04.7659|WARNING|EndSessionItem.cs|Execute|50|[Subframes] EndSessionItem: no active session to end.
2026-05-26T06:08:04.7660|INFO|SequenceItem.cs|Run|254|Finishing [EndSubframesSession]
2026-05-26T06:08:04.7668|INFO|SequenceItem.cs|Run|208|Starting Category: Camera, Item: WarmCamera, Duration: 30
2026-05-26T06:08:04.7669|INFO|SessionService.cs|GenerateAndSendAsync|298|NightSummary: Generating report for session d3762070-90a7-4ced-a476-a58b5f16033a (profile: 0173997c-4bfa-48fd-9337-a48b6df99c38)
2026-05-26T06:08:04.7693|INFO|CameraVM.cs|WarmCamera|161|Warming Camera. Duration: 00:30:00
2026-05-26T06:08:04.8705|INFO|ReportGenerator.cs|GenerateHtmlReport|241|NightSummary: Overhead section — TimingEvents=46, detailLevel=2, ShowOverheadBreakdown=True
2026-05-26T06:08:04.8843|INFO|ReportGenerator.cs|BuildOverheadBreakdownSection|454|NightSummary: Overhead — window=28650s, integration=4800s, roofClosed=22929s, schedulerWait=0s, effective=5721s, implied=921s, merged=895s, coverage=97.2%, unaccounted=26s
2026-05-26T06:08:04.9023|INFO|ReportGenerator.cs|BuildTargetSection|670|NightSummary: Thumbnail FOV — fovW=1.8001° fovH=1.8001° thumbFov=2.7001°
2026-05-26T06:08:04.9114|INFO|ReportGenerator.cs|BuildTargetSection|696|NightSummary: Fetching 2 sky thumbnail(s) in parallel...
2026-05-26T06:08:06.0000|INFO|ReportGenerator.cs|FetchThumbnailAsync|2330|NightSummary: CDS thumbnail OK for M 51 (9,633 bytes)
2026-05-26T06:08:06.6717|INFO|ReportGenerator.cs|FetchThumbnailAsync|2330|NightSummary: CDS thumbnail OK for vdB 141 Panel 10 (13,072 bytes)
2026-05-26T06:08:06.7035|INFO|ReportGenerator.cs|BuildTargetSection|812|NightSummary: No live stack images for target 'M 51' — ShowLiveStackImages=True, totalImages=0
2026-05-26T06:08:06.7725|INFO|ReportGenerator.cs|BuildTargetSection|812|NightSummary: No live stack images for target 'vdB 141 Panel 10' — ShowLiveStackImages=True, totalImages=0
2026-05-26T06:08:06.8924|INFO|TargetSchedulerDatabase.cs|GetApiSettings|227|NightSummary: TS API settings for profile '0173997c-4bfa-48fd-9337-a48b6df99c38' — enableAPI=True, apiPort=8188
2026-05-26T06:08:06.8927|INFO|ReportGenerator.cs|BuildNextNightPreviewSection|1609|NightSummary: Tonight's Preview — connecting to TS API at http://localhost:8188/ts/v0
2026-05-26T06:08:12.2566|INFO|TargetSchedulerDatabase.cs|GetProgressForTargets|64|NightSummary: Querying TS progress for profile 0173997c-4bfa-48fd-9337-a48b6df99c38
2026-05-26T06:08:12.2801|INFO|SessionService.cs|GenerateAndSendAsync|318|NightSummary: Delivering report to: Local Save, Email, Pushover, Discord
2026-05-26T06:08:12.2912|INFO|SessionService.cs|SaveReportLocallyAsync|529|NightSummary: Report saved locally to C:\Users\nicka\AppData\Local\NINA\Plugins\3.0.0\Night Summary\NightSummary_2026-05-25\NightSummary_2026-05-25.html
2026-05-26T06:08:12.3018|INFO|EmailSender.cs|SendReportAsync|70|NightSummary: Sending report email to astrophotonic.space@gmail.com
2026-05-26T06:08:12.3167|INFO|PushoverSender.cs|SendAsync|33|NightSummary: Sending Pushover notification — Night Summary — 2026-05-25
2026-05-26T06:08:12.3220|INFO|DiscordSender.cs|SendReportAsync|30|NightSummary: Sending Discord report
2026-05-26T06:08:12.5205|INFO|PushoverSender.cs|SendAsync|45|NightSummary: Pushover notification sent successfully
2026-05-26T06:08:12.8828|INFO|DiscordSender.cs|LogResult|191|NightSummary: Discord message sent successfully
2026-05-26T06:08:14.4402|INFO|EmailSender.cs|SendReportAsync|92|NightSummary: Report email sent successfully
2026-05-26T06:08:14.4487|INFO|SessionService.cs|SendReportWithDataAsync|977|NightSummary: Report sent and session marked as complete
2026-05-26T06:11:17.3756|INFO|TsProgressReader.cs|ReadProgressDelta|75|[Subframes] TS progress delta: DB not found at C:\Users\nicka\AppData\Local\NINA\SchedulerPlugin — Target Scheduler not installed or DB path mismatch.
2026-05-26T06:16:17.3753|INFO|TsProgressReader.cs|ReadProgressDelta|75|[Subframes] TS progress delta: DB not found at C:\Users\nicka\AppData\Local\NINA\SchedulerPlugin — Target Scheduler not installed or DB path mismatch.
2026-05-26T06:21:17.3755|INFO|TsProgressReader.cs|ReadProgressDelta|75|[Subframes] TS progress delta: DB not found at C:\Users\nicka\AppData\Local\NINA\SchedulerPlugin — Target Scheduler not installed or DB path mismatch.
2026-05-26T06:26:17.3759|INFO|TsProgressReader.cs|ReadProgressDelta|75|[Subframes] TS progress delta: DB not found at C:\Users\nicka\AppData\Local\NINA\SchedulerPlugin — Target Scheduler not installed or DB path mismatch.
2026-05-26T06:31:17.3749|INFO|TsProgressReader.cs|ReadProgressDelta|75|[Subframes] TS progress delta: DB not found at C:\Users\nicka\AppData\Local\NINA\SchedulerPlugin — Target Scheduler not installed or DB path mismatch.
2026-05-26T06:36:17.3752|INFO|TsProgressReader.cs|ReadProgressDelta|75|[Subframes] TS progress delta: DB not found at C:\Users\nicka\AppData\Local\NINA\SchedulerPlugin — Target Scheduler not installed or DB path mismatch.
2026-05-26T06:40:10.1311|INFO|CameraVM.cs|WarmCamera|179|Could not reach warming temperature. Most likley due to ambient temperature being lower. Continuing...
2026-05-26T06:40:30.2053|INFO|CameraVM.cs|WarmCamera|186|Turning cooler off
2026-05-26T06:40:30.2077|INFO|SequenceItem.cs|Run|254|Finishing Category: Camera, Item: WarmCamera, Duration: 30
2026-05-26T06:40:30.2294|INFO|SequenceItem.cs|Run|208|Starting Category: Guider, Item: StopGuiding
2026-05-26T06:40:30.2329|INFO|PHD2Guider.cs|StopGuiding|704|Phd2 - Stop Guiding skipped, as the app is already in state Stopped
2026-05-26T06:40:30.2330|INFO|SequenceItem.cs|Run|254|Finishing Category: Guider, Item: StopGuiding
2026-05-26T06:40:30.2340|INFO|SequenceItem.cs|Run|208|Starting Category: Phd2 Tools, Item: ShutdownPhd2Instruction
2026-05-26T06:40:30.2472|INFO|SequenceItem.cs|Run|254|Finishing Category: Phd2 Tools, Item: ShutdownPhd2Instruction
2026-05-26T06:40:30.2480|INFO|SequenceItem.cs|Run|208|Starting Category: Connect, Item: DisconnectAllEquipment
2026-05-26T06:40:30.2545|WARNING|PHD2Client.cs|ReadEventsAsync|189|PHD2Client: Connection closed by server
2026-05-26T06:40:30.2546|INFO|DitherStatisticsVM.cs|OnPHD2ConnectionStatusChanged|737|PHD2 Connection Status: Connection lost
2026-05-26T06:40:30.2546|INFO|PHD2Client.cs|ReadEventsAsync|205|PHD2Client: Stopped reading events
2026-05-26T06:40:30.3304|INFO|CameraVM.cs|Disconnect|650|Disconnected Camera
2026-05-26T06:40:30.3318|INFO|AscomDevice.cs|Disconnect|378|Disconnecting from ASCOM.EFW2.FilterWheel ZWO FilterWheel
2026-05-26T06:40:30.3497|INFO|FilterWheelVM.cs|Disconnect|333|Disconnected Filter Wheel
2026-05-26T06:40:30.3540|INFO|AscomDevice.cs|Disconnect|378|Disconnecting from ASCOM.EAF.Focuser ZWO Focuser
2026-05-26T06:40:30.4150|INFO|FocuserVM.cs|Disconnect|441|Disconnected Focuser
2026-05-26T06:40:30.4154|INFO|DisconnectAllEquipment.cs|Execute|139|Rotator is already disconnected
2026-05-26T06:40:30.4188|INFO|AscomDevice.cs|Disconnect|378|Disconnecting from ASCOM.iOptron2017.Telescope iOptron CEM120,70,40,26, GEM, HEM, HAE, HAZ series and SkyHunter Mount
2026-05-26T06:40:30.4439|INFO|TelescopeVM.cs|Disconnect|740|Disconnected mount
2026-05-26T06:40:30.4443|INFO|DisconnectAllEquipment.cs|Execute|139|Guider is already disconnected
2026-05-26T06:40:30.4447|INFO|DisconnectAllEquipment.cs|Execute|139|Switch is already disconnected
2026-05-26T06:40:30.4448|INFO|DisconnectAllEquipment.cs|Execute|139|Flat Panel is already disconnected
2026-05-26T06:40:30.4548|INFO|AscomDevice.cs|Disconnect|378|Disconnecting from ASCOM.SkyAlert.ObservingConditions SkyAlert Observing Conditions
2026-05-26T06:40:30.4647|INFO|WeatherDataVM.cs|Disconnect|305|Disconnected Weather Device
2026-05-26T06:40:30.4650|INFO|DisconnectAllEquipment.cs|Execute|139|Dome is already disconnected
2026-05-26T06:40:30.4665|INFO|AscomDevice.cs|Disconnect|378|Disconnecting from ASCOM.GenericFile.SafetyMonitor Generic File driver
2026-05-26T06:40:30.4839|INFO|SafetyMonitorVM.cs|Disconnect|221|Disconnected Safety Monitor
2026-05-26T06:40:30.4844|INFO|SequenceItem.cs|Run|254|Finishing Category: Connect, Item: DisconnectAllEquipment
2026-05-26T06:40:30.4845|INFO|SequenceItem.cs|Run|208|Starting Category: Ground Station, Item: Send to Pushover, Title: Disconnected
2026-05-26T06:40:30.6253|INFO|SequenceItem.cs|Run|254|Finishing Category: Ground Station, Item: Send to Pushover, Title: Disconnected
2026-05-26T06:40:30.6256|INFO|SequenceItem.cs|Run|208|Starting Category: Ground Station, Item: Send to Telegram
2026-05-26T06:40:31.2872|INFO|SequenceItem.cs|Run|254|Finishing Category: Ground Station, Item: Send to Telegram
2026-05-26T06:40:31.2876|INFO|SequenceItem.cs|Run|254|Finishing Category: * Instruction Set *, Container: NINA.Sequencer.Container.EndAreaContainer, Strategy: SequentialStrategy, Items[FINISHED]: 9
2026-05-26T06:40:31.2877|INFO|SequenceItem.cs|Run|254|Finishing Category: * Instruction Set *, Container: NINA.Sequencer.Container.SequenceRootContainer, Strategy: SequentialStrategy, Items[FINISHED]: 3, Triggers: Category: Ground Station, Item: Failures to Telegram
2026-05-26T06:40:31.2880|INFO|Sequence2VM.cs|StartSequence|548|Advanced Sequence finished
2026-05-26T06:40:31.2888|INFO|WhenCommon.cs|InterruptWhen|350|Restarting sequence, Triggered -> true
2026-05-26T06:40:35.2634|INFO|PHD2Client.cs|ConnectAsync|102|PHD2Client: Connecting to PHD2 at 127.0.0.1:4400...
2026-05-26T06:40:37.3046|ERROR|PHD2Client.cs|ConnectAsync|132|PHD2Client: Connection failed: No connection could be made because the target machine actively refused it.
2026-05-26T06:41:17.3884|INFO|TsProgressReader.cs|ReadProgressDelta|75|[Subframes] TS progress delta: DB not found at C:\Users\nicka\AppData\Local\NINA\SchedulerPlugin — Target Scheduler not installed or DB path mismatch.
2026-05-26T06:46:17.3894|INFO|TsProgressReader.cs|ReadProgressDelta|75|[Subframes] TS progress delta: DB not found at C:\Users\nicka\AppData\Local\NINA\SchedulerPlugin — Target Scheduler not installed or DB path mismatch.
2026-05-26T06:51:17.3765|INFO|TsProgressReader.cs|ReadProgressDelta|75|[Subframes] TS progress delta: DB not found at C:\Users\nicka\AppData\Local\NINA\SchedulerPlugin — Target Scheduler not installed or DB path mismatch.
2026-05-26T06:56:17.3777|INFO|TsProgressReader.cs|ReadProgressDelta|75|[Subframes] TS progress delta: DB not found at C:\Users\nicka\AppData\Local\NINA\SchedulerPlugin — Target Scheduler not installed or DB path mismatch.
2026-05-26T07:01:17.3765|INFO|TsProgressReader.cs|ReadProgressDelta|75|[Subframes] TS progress delta: DB not found at C:\Users\nicka\AppData\Local\NINA\SchedulerPlugin — Target Scheduler not installed or DB path mismatch.
2026-05-26T07:06:17.3746|INFO|TsProgressReader.cs|ReadProgressDelta|75|[Subframes] TS progress delta: DB not found at C:\Users\nicka\AppData\Local\NINA\SchedulerPlugin — Target Scheduler not installed or DB path mismatch.
2026-05-26T07:11:17.3768|INFO|TsProgressReader.cs|ReadProgressDelta|75|[Subframes] TS progress delta: DB not found at C:\Users\nicka\AppData\Local\NINA\SchedulerPlugin — Target Scheduler not installed or DB path mismatch.
2026-05-26T07:16:17.3767|INFO|TsProgressReader.cs|ReadProgressDelta|75|[Subframes] TS progress delta: DB not found at C:\Users\nicka\AppData\Local\NINA\SchedulerPlugin — Target Scheduler not installed or DB path mismatch.
2026-05-26T07:21:17.3754|INFO|TsProgressReader.cs|ReadProgressDelta|75|[Subframes] TS progress delta: DB not found at C:\Users\nicka\AppData\Local\NINA\SchedulerPlugin — Target Scheduler not installed or DB path mismatch.
2026-05-26T07:26:17.3884|INFO|TsProgressReader.cs|ReadProgressDelta|75|[Subframes] TS progress delta: DB not found at C:\Users\nicka\AppData\Local\NINA\SchedulerPlugin — Target Scheduler not installed or DB path mismatch.
2026-05-26T07:31:17.3888|INFO|TsProgressReader.cs|ReadProgressDelta|75|[Subframes] TS progress delta: DB not found at C:\Users\nicka\AppData\Local\NINA\SchedulerPlugin — Target Scheduler not installed or DB path mismatch.
2026-05-26T07:36:17.3767|INFO|TsProgressReader.cs|ReadProgressDelta|75|[Subframes] TS progress delta: DB not found at C:\Users\nicka\AppData\Local\NINA\SchedulerPlugin — Target Scheduler not installed or DB path mismatch.
2026-05-26T07:41:17.3785|INFO|TsProgressReader.cs|ReadProgressDelta|75|[Subframes] TS progress delta: DB not found at C:\Users\nicka\AppData\Local\NINA\SchedulerPlugin — Target Scheduler not installed or DB path mismatch.
2026-05-26T07:46:17.3839|INFO|TsProgressReader.cs|ReadProgressDelta|75|[Subframes] TS progress delta: DB not found at C:\Users\nicka\AppData\Local\NINA\SchedulerPlugin — Target Scheduler not installed or DB path mismatch.
2026-05-26T07:51:17.3873|INFO|TsProgressReader.cs|ReadProgressDelta|75|[Subframes] TS progress delta: DB not found at C:\Users\nicka\AppData\Local\NINA\SchedulerPlugin — Target Scheduler not installed or DB path mismatch.
2026-05-26T07:56:17.3874|INFO|TsProgressReader.cs|ReadProgressDelta|75|[Subframes] TS progress delta: DB not found at C:\Users\nicka\AppData\Local\NINA\SchedulerPlugin — Target Scheduler not installed or DB path mismatch.
2026-05-26T08:01:17.3830|INFO|TsProgressReader.cs|ReadProgressDelta|75|[Subframes] TS progress delta: DB not found at C:\Users\nicka\AppData\Local\NINA\SchedulerPlugin — Target Scheduler not installed or DB path mismatch.
2026-05-26T08:06:17.3812|INFO|TsProgressReader.cs|ReadProgressDelta|75|[Subframes] TS progress delta: DB not found at C:\Users\nicka\AppData\Local\NINA\SchedulerPlugin — Target Scheduler not installed or DB path mismatch.
2026-05-26T08:11:17.3832|INFO|TsProgressReader.cs|ReadProgressDelta|75|[Subframes] TS progress delta: DB not found at C:\Users\nicka\AppData\Local\NINA\SchedulerPlugin — Target Scheduler not installed or DB path mismatch.
2026-05-26T08:16:17.3776|INFO|TsProgressReader.cs|ReadProgressDelta|75|[Subframes] TS progress delta: DB not found at C:\Users\nicka\AppData\Local\NINA\SchedulerPlugin — Target Scheduler not installed or DB path mismatch.
2026-05-26T08:21:17.3823|INFO|TsProgressReader.cs|ReadProgressDelta|75|[Subframes] TS progress delta: DB not found at C:\Users\nicka\AppData\Local\NINA\SchedulerPlugin — Target Scheduler not installed or DB path mismatch.
2026-05-26T08:26:17.3856|INFO|TsProgressReader.cs|ReadProgressDelta|75|[Subframes] TS progress delta: DB not found at C:\Users\nicka\AppData\Local\NINA\SchedulerPlugin — Target Scheduler not installed or DB path mismatch.
2026-05-26T08:31:17.3764|INFO|TsProgressReader.cs|ReadProgressDelta|75|[Subframes] TS progress delta: DB not found at C:\Users\nicka\AppData\Local\NINA\SchedulerPlugin — Target Scheduler not installed or DB path mismatch.
2026-05-26T08:36:17.3826|INFO|TsProgressReader.cs|ReadProgressDelta|75|[Subframes] TS progress delta: DB not found at C:\Users\nicka\AppData\Local\NINA\SchedulerPlugin — Target Scheduler not installed or DB path mismatch.
2026-05-26T08:41:17.3814|INFO|TsProgressReader.cs|ReadProgressDelta|75|[Subframes] TS progress delta: DB not found at C:\Users\nicka\AppData\Local\NINA\SchedulerPlugin — Target Scheduler not installed or DB path mismatch.
2026-05-26T08:46:17.3768|INFO|TsProgressReader.cs|ReadProgressDelta|75|[Subframes] TS progress delta: DB not found at C:\Users\nicka\AppData\Local\NINA\SchedulerPlugin — Target Scheduler not installed or DB path mismatch.
2026-05-26T08:51:17.3807|INFO|TsProgressReader.cs|ReadProgressDelta|75|[Subframes] TS progress delta: DB not found at C:\Users\nicka\AppData\Local\NINA\SchedulerPlugin — Target Scheduler not installed or DB path mismatch.
2026-05-26T08:56:17.3788|INFO|TsProgressReader.cs|ReadProgressDelta|75|[Subframes] TS progress delta: DB not found at C:\Users\nicka\AppData\Local\NINA\SchedulerPlugin — Target Scheduler not installed or DB path mismatch.
2026-05-26T09:01:17.3793|INFO|TsProgressReader.cs|ReadProgressDelta|75|[Subframes] TS progress delta: DB not found at C:\Users\nicka\AppData\Local\NINA\SchedulerPlugin — Target Scheduler not installed or DB path mismatch.
2026-05-26T09:06:17.3889|INFO|TsProgressReader.cs|ReadProgressDelta|75|[Subframes] TS progress delta: DB not found at C:\Users\nicka\AppData\Local\NINA\SchedulerPlugin — Target Scheduler not installed or DB path mismatch.
2026-05-26T09:11:17.3757|INFO|TsProgressReader.cs|ReadProgressDelta|75|[Subframes] TS progress delta: DB not found at C:\Users\nicka\AppData\Local\NINA\SchedulerPlugin — Target Scheduler not installed or DB path mismatch.
2026-05-26T09:16:17.3781|INFO|TsProgressReader.cs|ReadProgressDelta|75|[Subframes] TS progress delta: DB not found at C:\Users\nicka\AppData\Local\NINA\SchedulerPlugin — Target Scheduler not installed or DB path mismatch.
2026-05-26T09:21:17.3851|INFO|TsProgressReader.cs|ReadProgressDelta|75|[Subframes] TS progress delta: DB not found at C:\Users\nicka\AppData\Local\NINA\SchedulerPlugin — Target Scheduler not installed or DB path mismatch.
2026-05-26T09:26:17.3809|INFO|TsProgressReader.cs|ReadProgressDelta|75|[Subframes] TS progress delta: DB not found at C:\Users\nicka\AppData\Local\NINA\SchedulerPlugin — Target Scheduler not installed or DB path mismatch.
2026-05-26T09:31:17.3790|INFO|TsProgressReader.cs|ReadProgressDelta|75|[Subframes] TS progress delta: DB not found at C:\Users\nicka\AppData\Local\NINA\SchedulerPlugin — Target Scheduler not installed or DB path mismatch.
2026-05-26T09:36:17.3765|INFO|TsProgressReader.cs|ReadProgressDelta|75|[Subframes] TS progress delta: DB not found at C:\Users\nicka\AppData\Local\NINA\SchedulerPlugin — Target Scheduler not installed or DB path mismatch.
2026-05-26T09:41:17.3824|INFO|TsProgressReader.cs|ReadProgressDelta|75|[Subframes] TS progress delta: DB not found at C:\Users\nicka\AppData\Local\NINA\SchedulerPlugin — Target Scheduler not installed or DB path mismatch.
2026-05-26T09:46:17.3745|INFO|TsProgressReader.cs|ReadProgressDelta|75|[Subframes] TS progress delta: DB not found at C:\Users\nicka\AppData\Local\NINA\SchedulerPlugin — Target Scheduler not installed or DB path mismatch.
2026-05-26T09:51:17.3814|INFO|TsProgressReader.cs|ReadProgressDelta|75|[Subframes] TS progress delta: DB not found at C:\Users\nicka\AppData\Local\NINA\SchedulerPlugin — Target Scheduler not installed or DB path mismatch.
2026-05-26T09:56:17.3786|INFO|TsProgressReader.cs|ReadProgressDelta|75|[Subframes] TS progress delta: DB not found at C:\Users\nicka\AppData\Local\NINA\SchedulerPlugin — Target Scheduler not installed or DB path mismatch.
2026-05-26T10:01:17.3860|INFO|TsProgressReader.cs|ReadProgressDelta|75|[Subframes] TS progress delta: DB not found at C:\Users\nicka\AppData\Local\NINA\SchedulerPlugin — Target Scheduler not installed or DB path mismatch.
2026-05-26T10:06:17.3752|INFO|TsProgressReader.cs|ReadProgressDelta|75|[Subframes] TS progress delta: DB not found at C:\Users\nicka\AppData\Local\NINA\SchedulerPlugin — Target Scheduler not installed or DB path mismatch.
2026-05-26T10:11:17.3898|INFO|TsProgressReader.cs|ReadProgressDelta|75|[Subframes] TS progress delta: DB not found at C:\Users\nicka\AppData\Local\NINA\SchedulerPlugin — Target Scheduler not installed or DB path mismatch.
2026-05-26T10:16:17.3850|INFO|TsProgressReader.cs|ReadProgressDelta|75|[Subframes] TS progress delta: DB not found at C:\Users\nicka\AppData\Local\NINA\SchedulerPlugin — Target Scheduler not installed or DB path mismatch.
2026-05-26T10:21:17.3740|INFO|TsProgressReader.cs|ReadProgressDelta|75|[Subframes] TS progress delta: DB not found at C:\Users\nicka\AppData\Local\NINA\SchedulerPlugin — Target Scheduler not installed or DB path mismatch.
2026-05-26T10:26:17.3880|INFO|TsProgressReader.cs|ReadProgressDelta|75|[Subframes] TS progress delta: DB not found at C:\Users\nicka\AppData\Local\NINA\SchedulerPlugin — Target Scheduler not installed or DB path mismatch.
2026-05-26T10:31:17.3845|INFO|TsProgressReader.cs|ReadProgressDelta|75|[Subframes] TS progress delta: DB not found at C:\Users\nicka\AppData\Local\NINA\SchedulerPlugin — Target Scheduler not installed or DB path mismatch.
2026-05-26T10:36:17.3819|INFO|TsProgressReader.cs|ReadProgressDelta|75|[Subframes] TS progress delta: DB not found at C:\Users\nicka\AppData\Local\NINA\SchedulerPlugin — Target Scheduler not installed or DB path mismatch.
2026-05-26T10:41:17.3782|INFO|TsProgressReader.cs|ReadProgressDelta|75|[Subframes] TS progress delta: DB not found at C:\Users\nicka\AppData\Local\NINA\SchedulerPlugin — Target Scheduler not installed or DB path mismatch.
2026-05-26T10:46:17.3797|INFO|TsProgressReader.cs|ReadProgressDelta|75|[Subframes] TS progress delta: DB not found at C:\Users\nicka\AppData\Local\NINA\SchedulerPlugin — Target Scheduler not installed or DB path mismatch.
2026-05-26T10:51:17.3812|INFO|TsProgressReader.cs|ReadProgressDelta|75|[Subframes] TS progress delta: DB not found at C:\Users\nicka\AppData\Local\NINA\SchedulerPlugin — Target Scheduler not installed or DB path mismatch.
2026-05-26T10:56:17.3880|INFO|TsProgressReader.cs|ReadProgressDelta|75|[Subframes] TS progress delta: DB not found at C:\Users\nicka\AppData\Local\NINA\SchedulerPlugin — Target Scheduler not installed or DB path mismatch.
2026-05-26T11:01:17.3873|INFO|TsProgressReader.cs|ReadProgressDelta|75|[Subframes] TS progress delta: DB not found at C:\Users\nicka\AppData\Local\NINA\SchedulerPlugin — Target Scheduler not installed or DB path mismatch.
2026-05-26T11:06:17.3887|INFO|TsProgressReader.cs|ReadProgressDelta|75|[Subframes] TS progress delta: DB not found at C:\Users\nicka\AppData\Local\NINA\SchedulerPlugin — Target Scheduler not installed or DB path mismatch.
2026-05-26T11:11:17.3762|INFO|TsProgressReader.cs|ReadProgressDelta|75|[Subframes] TS progress delta: DB not found at C:\Users\nicka\AppData\Local\NINA\SchedulerPlugin — Target Scheduler not installed or DB path mismatch.
2026-05-26T11:16:17.3875|INFO|TsProgressReader.cs|ReadProgressDelta|75|[Subframes] TS progress delta: DB not found at C:\Users\nicka\AppData\Local\NINA\SchedulerPlugin — Target Scheduler not installed or DB path mismatch.
2026-05-26T11:21:17.3821|INFO|TsProgressReader.cs|ReadProgressDelta|75|[Subframes] TS progress delta: DB not found at C:\Users\nicka\AppData\Local\NINA\SchedulerPlugin — Target Scheduler not installed or DB path mismatch.
2026-05-26T11:26:17.3875|INFO|TsProgressReader.cs|ReadProgressDelta|75|[Subframes] TS progress delta: DB not found at C:\Users\nicka\AppData\Local\NINA\SchedulerPlugin — Target Scheduler not installed or DB path mismatch.
2026-05-26T11:31:17.3789|INFO|TsProgressReader.cs|ReadProgressDelta|75|[Subframes] TS progress delta: DB not found at C:\Users\nicka\AppData\Local\NINA\SchedulerPlugin — Target Scheduler not installed or DB path mismatch.
2026-05-26T11:36:17.3878|INFO|TsProgressReader.cs|ReadProgressDelta|75|[Subframes] TS progress delta: DB not found at C:\Users\nicka\AppData\Local\NINA\SchedulerPlugin — Target Scheduler not installed or DB path mismatch.
2026-05-26T11:41:17.3777|INFO|TsProgressReader.cs|ReadProgressDelta|75|[Subframes] TS progress delta: DB not found at C:\Users\nicka\AppData\Local\NINA\SchedulerPlugin — Target Scheduler not installed or DB path mismatch.
2026-05-26T11:46:17.3839|INFO|TsProgressReader.cs|ReadProgressDelta|75|[Subframes] TS progress delta: DB not found at C:\Users\nicka\AppData\Local\NINA\SchedulerPlugin — Target Scheduler not installed or DB path mismatch.
2026-05-26T11:51:17.3754|INFO|TsProgressReader.cs|ReadProgressDelta|75|[Subframes] TS progress delta: DB not found at C:\Users\nicka\AppData\Local\NINA\SchedulerPlugin — Target Scheduler not installed or DB path mismatch.
2026-05-26T11:56:17.3807|INFO|TsProgressReader.cs|ReadProgressDelta|75|[Subframes] TS progress delta: DB not found at C:\Users\nicka\AppData\Local\NINA\SchedulerPlugin — Target Scheduler not installed or DB path mismatch.
2026-05-26T12:01:17.3813|INFO|TsProgressReader.cs|ReadProgressDelta|75|[Subframes] TS progress delta: DB not found at C:\Users\nicka\AppData\Local\NINA\SchedulerPlugin — Target Scheduler not installed or DB path mismatch.
2026-05-26T12:06:17.3891|INFO|TsProgressReader.cs|ReadProgressDelta|75|[Subframes] TS progress delta: DB not found at C:\Users\nicka\AppData\Local\NINA\SchedulerPlugin — Target Scheduler not installed or DB path mismatch.
2026-05-26T12:11:17.3808|INFO|TsProgressReader.cs|ReadProgressDelta|75|[Subframes] TS progress delta: DB not found at C:\Users\nicka\AppData\Local\NINA\SchedulerPlugin — Target Scheduler not installed or DB path mismatch.
2026-05-26T12:16:17.3863|INFO|TsProgressReader.cs|ReadProgressDelta|75|[Subframes] TS progress delta: DB not found at C:\Users\nicka\AppData\Local\NINA\SchedulerPlugin — Target Scheduler not installed or DB path mismatch.
2026-05-26T12:21:17.3859|INFO|TsProgressReader.cs|ReadProgressDelta|75|[Subframes] TS progress delta: DB not found at C:\Users\nicka\AppData\Local\NINA\SchedulerPlugin — Target Scheduler not installed or DB path mismatch.
2026-05-26T12:26:17.3766|INFO|TsProgressReader.cs|ReadProgressDelta|75|[Subframes] TS progress delta: DB not found at C:\Users\nicka\AppData\Local\NINA\SchedulerPlugin — Target Scheduler not installed or DB path mismatch.
2026-05-26T12:31:17.3741|INFO|TsProgressReader.cs|ReadProgressDelta|75|[Subframes] TS progress delta: DB not found at C:\Users\nicka\AppData\Local\NINA\SchedulerPlugin — Target Scheduler not installed or DB path mismatch.
2026-05-26T12:36:17.3832|INFO|TsProgressReader.cs|ReadProgressDelta|75|[Subframes] TS progress delta: DB not found at C:\Users\nicka\AppData\Local\NINA\SchedulerPlugin — Target Scheduler not installed or DB path mismatch.
2026-05-26T12:41:17.3762|INFO|TsProgressReader.cs|ReadProgressDelta|75|[Subframes] TS progress delta: DB not found at C:\Users\nicka\AppData\Local\NINA\SchedulerPlugin — Target Scheduler not installed or DB path mismatch.
2026-05-26T12:46:17.3813|INFO|TsProgressReader.cs|ReadProgressDelta|75|[Subframes] TS progress delta: DB not found at C:\Users\nicka\AppData\Local\NINA\SchedulerPlugin — Target Scheduler not installed or DB path mismatch.
2026-05-26T12:51:17.3793|INFO|TsProgressReader.cs|ReadProgressDelta|75|[Subframes] TS progress delta: DB not found at C:\Users\nicka\AppData\Local\NINA\SchedulerPlugin — Target Scheduler not installed or DB path mismatch.
2026-05-26T12:56:17.3800|INFO|TsProgressReader.cs|ReadProgressDelta|75|[Subframes] TS progress delta: DB not found at C:\Users\nicka\AppData\Local\NINA\SchedulerPlugin — Target Scheduler not installed or DB path mismatch.
2026-05-26T13:01:17.3750|INFO|TsProgressReader.cs|ReadProgressDelta|75|[Subframes] TS progress delta: DB not found at C:\Users\nicka\AppData\Local\NINA\SchedulerPlugin — Target Scheduler not installed or DB path mismatch.
2026-05-26T13:06:17.3785|INFO|TsProgressReader.cs|ReadProgressDelta|75|[Subframes] TS progress delta: DB not found at C:\Users\nicka\AppData\Local\NINA\SchedulerPlugin — Target Scheduler not installed or DB path mismatch.
2026-05-26T13:11:17.3809|INFO|TsProgressReader.cs|ReadProgressDelta|75|[Subframes] TS progress delta: DB not found at C:\Users\nicka\AppData\Local\NINA\SchedulerPlugin — Target Scheduler not installed or DB path mismatch.
2026-05-26T13:16:17.3756|INFO|TsProgressReader.cs|ReadProgressDelta|75|[Subframes] TS progress delta: DB not found at C:\Users\nicka\AppData\Local\NINA\SchedulerPlugin — Target Scheduler not installed or DB path mismatch.
2026-05-26T13:21:17.3849|INFO|TsProgressReader.cs|ReadProgressDelta|75|[Subframes] TS progress delta: DB not found at C:\Users\nicka\AppData\Local\NINA\SchedulerPlugin — Target Scheduler not installed or DB path mismatch.
2026-05-26T13:26:17.3844|INFO|TsProgressReader.cs|ReadProgressDelta|75|[Subframes] TS progress delta: DB not found at C:\Users\nicka\AppData\Local\NINA\SchedulerPlugin — Target Scheduler not installed or DB path mismatch.
2026-05-26T13:31:17.3819|INFO|TsProgressReader.cs|ReadProgressDelta|75|[Subframes] TS progress delta: DB not found at C:\Users\nicka\AppData\Local\NINA\SchedulerPlugin — Target Scheduler not installed or DB path mismatch.
2026-05-26T13:36:17.3822|INFO|TsProgressReader.cs|ReadProgressDelta|75|[Subframes] TS progress delta: DB not found at C:\Users\nicka\AppData\Local\NINA\SchedulerPlugin — Target Scheduler not installed or DB path mismatch.
2026-05-26T13:41:17.3824|INFO|TsProgressReader.cs|ReadProgressDelta|75|[Subframes] TS progress delta: DB not found at C:\Users\nicka\AppData\Local\NINA\SchedulerPlugin — Target Scheduler not installed or DB path mismatch.
2026-05-26T13:46:17.3858|INFO|TsProgressReader.cs|ReadProgressDelta|75|[Subframes] TS progress delta: DB not found at C:\Users\nicka\AppData\Local\NINA\SchedulerPlugin — Target Scheduler not installed or DB path mismatch.
2026-05-26T13:51:17.3778|INFO|TsProgressReader.cs|ReadProgressDelta|75|[Subframes] TS progress delta: DB not found at C:\Users\nicka\AppData\Local\NINA\SchedulerPlugin — Target Scheduler not installed or DB path mismatch.
2026-05-26T13:56:17.3795|INFO|TsProgressReader.cs|ReadProgressDelta|75|[Subframes] TS progress delta: DB not found at C:\Users\nicka\AppData\Local\NINA\SchedulerPlugin — Target Scheduler not installed or DB path mismatch.
2026-05-26T14:01:17.3777|INFO|TsProgressReader.cs|ReadProgressDelta|75|[Subframes] TS progress delta: DB not found at C:\Users\nicka\AppData\Local\NINA\SchedulerPlugin — Target Scheduler not installed or DB path mismatch.
2026-05-26T14:06:17.3870|INFO|TsProgressReader.cs|ReadProgressDelta|75|[Subframes] TS progress delta: DB not found at C:\Users\nicka\AppData\Local\NINA\SchedulerPlugin — Target Scheduler not installed or DB path mismatch.
2026-05-26T14:11:17.3892|INFO|TsProgressReader.cs|ReadProgressDelta|75|[Subframes] TS progress delta: DB not found at C:\Users\nicka\AppData\Local\NINA\SchedulerPlugin — Target Scheduler not installed or DB path mismatch.
2026-05-26T14:16:17.3743|INFO|TsProgressReader.cs|ReadProgressDelta|75|[Subframes] TS progress delta: DB not found at C:\Users\nicka\AppData\Local\NINA\SchedulerPlugin — Target Scheduler not installed or DB path mismatch.
2026-05-26T14:21:17.3840|INFO|TsProgressReader.cs|ReadProgressDelta|75|[Subframes] TS progress delta: DB not found at C:\Users\nicka\AppData\Local\NINA\SchedulerPlugin — Target Scheduler not installed or DB path mismatch.
2026-05-26T14:26:17.3868|INFO|TsProgressReader.cs|ReadProgressDelta|75|[Subframes] TS progress delta: DB not found at C:\Users\nicka\AppData\Local\NINA\SchedulerPlugin — Target Scheduler not installed or DB path mismatch.
2026-05-26T14:31:17.3872|INFO|TsProgressReader.cs|ReadProgressDelta|75|[Subframes] TS progress delta: DB not found at C:\Users\nicka\AppData\Local\NINA\SchedulerPlugin — Target Scheduler not installed or DB path mismatch.
2026-05-26T14:36:17.3764|INFO|TsProgressReader.cs|ReadProgressDelta|75|[Subframes] TS progress delta: DB not found at C:\Users\nicka\AppData\Local\NINA\SchedulerPlugin — Target Scheduler not installed or DB path mismatch.
2026-05-26T14:41:17.3857|INFO|TsProgressReader.cs|ReadProgressDelta|75|[Subframes] TS progress delta: DB not found at C:\Users\nicka\AppData\Local\NINA\SchedulerPlugin — Target Scheduler not installed or DB path mismatch.
2026-05-26T14:46:17.3771|INFO|TsProgressReader.cs|ReadProgressDelta|75|[Subframes] TS progress delta: DB not found at C:\Users\nicka\AppData\Local\NINA\SchedulerPlugin — Target Scheduler not installed or DB path mismatch.
2026-05-26T14:51:17.3894|INFO|TsProgressReader.cs|ReadProgressDelta|75|[Subframes] TS progress delta: DB not found at C:\Users\nicka\AppData\Local\NINA\SchedulerPlugin — Target Scheduler not installed or DB path mismatch.
2026-05-26T14:56:17.3889|INFO|TsProgressReader.cs|ReadProgressDelta|75|[Subframes] TS progress delta: DB not found at C:\Users\nicka\AppData\Local\NINA\SchedulerPlugin — Target Scheduler not installed or DB path mismatch.
2026-05-26T15:01:17.3824|INFO|TsProgressReader.cs|ReadProgressDelta|75|[Subframes] TS progress delta: DB not found at C:\Users\nicka\AppData\Local\NINA\SchedulerPlugin — Target Scheduler not installed or DB path mismatch.
2026-05-26T15:06:17.3757|INFO|TsProgressReader.cs|ReadProgressDelta|75|[Subframes] TS progress delta: DB not found at C:\Users\nicka\AppData\Local\NINA\SchedulerPlugin — Target Scheduler not installed or DB path mismatch.
2026-05-26T15:11:17.3846|INFO|TsProgressReader.cs|ReadProgressDelta|75|[Subframes] TS progress delta: DB not found at C:\Users\nicka\AppData\Local\NINA\SchedulerPlugin — Target Scheduler not installed or DB path mismatch.
