----------------------------------------------------------------------
--------------N.I.N.A. - Nighttime Imaging 'N' Astronomy--------------
--------------------------Version 3.2.0.9001--------------------------
-------------------------2026-05-19T11:33:24--------------------------
----------------------------------------------------------------------
---------------------Microsoft Windows 10.0.19045---------------------
-------------------------OS Architecture X64--------------------------
-----------------------Process Architecture X64-----------------------
-----------------------------.NET 8.0.21------------------------------
----------------------------------------------------------------------
--------------------------Processor Count 4---------------------------
--------------------Total Physical Memory 7.84 GB---------------------
----------------------------------------------------------------------
DATE|LEVEL|SOURCE|MEMBER|LINE|MESSAGE
2026-05-19T11:33:24.9606|INFO|App.xaml.cs|OnStartup|170|Launched with command line arguments: --sequencefile C:\Users\nicka\Astro\NINA\NINA_Sequences\TargetScheduler.json --runsequence
2026-05-19T11:33:28.8884|INFO|CameraChooserVM.cs|GetEquipment|69|Found 2 ASI Cameras
2026-05-19T11:33:29.1425|INFO|CameraChooserVM.cs|GetEquipment|84|Found 0 Altair Cameras
2026-05-19T11:33:29.4992|INFO|CameraChooserVM.cs|GetEquipment|96|Found 0 Atik Cameras
2026-05-19T11:33:29.5855|INFO|CameraChooserVM.cs|GetEquipment|110|Found 0 FLI Cameras
2026-05-19T11:33:30.9173|INFO|CameraChooserVM.cs|GetEquipment|130|Found 0 QHYCCD Cameras
2026-05-19T11:33:31.4366|INFO|CameraChooserVM.cs|GetEquipment|158|Found 0 ToupTek Cameras
2026-05-19T11:33:31.5830|INFO|CameraChooserVM.cs|GetEquipment|173|Found 0 Ogma Cameras
2026-05-19T11:33:31.7488|INFO|CameraChooserVM.cs|GetEquipment|188|Found 0 Omegon Cameras
2026-05-19T11:33:32.7346|INFO|CameraChooserVM.cs|GetEquipment|203|Found 0 RisingCam Cameras
2026-05-19T11:33:32.9142|INFO|CameraChooserVM.cs|GetEquipment|218|Found 0 MallinCam Cameras
2026-05-19T11:33:33.0615|INFO|CameraChooserVM.cs|GetEquipment|243|Found 0 SVBony Cameras
2026-05-19T11:33:33.0652|INFO|CameraChooserVM.cs|GetEquipment|259|Found 0 SBIG Cameras
2026-05-19T11:33:40.7019|INFO|ApplicationVM.cs|CheckDiskInfo|100|Available Space on Drive C:\: 142.46 GB
2026-05-19T11:33:40.7085|INFO|ApplicationVM.cs|CheckDiskInfo|102|Drive E:\ is not ready
2026-05-19T11:33:40.7180|INFO|ApplicationVM.cs|CheckDiskInfo|100|Available Space on Drive G:\: 62.12 GB
2026-05-19T11:33:40.7805|INFO|ApplicationVM.cs|CheckDiskInfo|100|Available Space on Drive Z:\: 34.77 GB
2026-05-19T11:33:42.3939|INFO|ApplicationVM.cs|CheckASCOMPlatformVersion|81|ASCOM Platform 6.6.2.4195 installed
2026-05-19T11:33:43.4753|INFO|API.cs|Start|99|Starting Webserver
2026-05-19T11:33:43.4798|INFO|API.cs|APITask|134|starting web server, listening at 172.19.6.111:1888
2026-05-19T11:33:43.6547|INFO|NINALogWatcher.cs|Start|33|watching log file: C:\Users\nicka\AppData\Local\NINA\Logs\20260519-113323-3.2.0.9001.4020-202605.log
2026-05-19T11:33:43.6719|INFO|PluginLoader.cs|LoadPlugin|402|Successfully loaded plugin Advanced API version 2.2.15.1 by Christian Palm
2026-05-19T11:33:44.4547|INFO|PluginLoader.cs|LoadPlugin|402|Successfully loaded plugin Autofocus Report Analysis version 2.0.0.9 by Stefan Berg @isbeorn
2026-05-19T11:33:44.7657|INFO|PluginLoader.cs|LoadPlugin|402|Successfully loaded plugin Connector version 2.1.0.2 by Stefan Berg @isbeorn
2026-05-19T11:33:45.0017|INFO|PluginLoader.cs|LoadPlugin|402|Successfully loaded plugin Device Actions and Commands version 2.2.0.0 by Dale Ghent
2026-05-19T11:33:45.9298|INFO|PluginLoader.cs|LoadPlugin|402|Successfully loaded plugin Discord Alert version 2.2.0.0 by Drew McDermott
2026-05-19T11:33:47.8005|INFO|PluginLoader.cs|LoadPlugin|402|Successfully loaded plugin Discord Notification version 2.0.0.10 by Daniel Ludwig
2026-05-19T11:33:50.0779|INFO|DitherStatisticsVM.cs|CreatePluginIcon|1483|Plugin icon geometry created successfully
2026-05-19T11:33:50.1037|INFO|DitherStatisticsVM.cs|LoadDataTemplates|1452|DitherStatistics DataTemplates loaded successfully
2026-05-19T11:33:50.1081|INFO|DitherStatisticsVM.cs|SaveQualityAssessmentSetting|387|Quality Assessment setting saved to file: True
2026-05-19T11:33:50.1083|INFO|DitherStatisticsVM.cs|LoadQualityAssessmentSetting|364|Quality Assessment setting loaded from file: True
2026-05-19T11:33:50.1221|INFO|DitherStatisticsVM.cs|SaveDitherOptimizerSetting|490|Dither Optimizer setting saved to file: False
2026-05-19T11:33:50.1222|INFO|DitherStatisticsVM.cs|LoadDitherOptimizerSetting|471|Dither Optimizer setting loaded from file: False
2026-05-19T11:33:50.1227|INFO|DitherStatisticsVM.cs|SubscribeToGuiderEvents|834|Subscribed to NINA guider events
2026-05-19T11:33:50.1268|ERROR|DitherStatisticsVM.cs|GetThemeColor|1437|Failed to get theme color 'PrimaryBrush': The calling thread cannot access this object because a different thread owns it.
2026-05-19T11:33:50.1270|INFO|DitherStatisticsVM.cs|StartThemeColorMonitoring|1329|Initial PrimaryBrush color: R:255 G:255 B:255
2026-05-19T11:33:50.1271|INFO|DitherStatisticsVM.cs|.ctor|96|DitherStatisticsVM initialized successfully with ScottPlot 4.1 (Lazy Loading)!
2026-05-19T11:33:50.1276|INFO|DitherStatisticsVM.cs|StartThemeColorMonitoring|1338|Theme color monitoring timer started on UI thread
2026-05-19T11:33:50.1278|INFO|PluginLoader.cs|LoadPlugin|402|Successfully loaded plugin Dither Statistics version 1.3.0.0 by Thierry Tschanz
2026-05-19T11:33:50.3387|INFO|PluginLoader.cs|LoadPlugin|402|Successfully loaded plugin Filter Offset Calculator version 2.0.0.0 by S. Dimant & Stefan Berg
2026-05-19T11:33:50.6377|INFO|DitherStatisticsVM.cs|OnThemeColorTimerTick|1357|Theme color CHANGED! Old: R:255 G:255 B:255 -> New: R:176 G:179 B:185
2026-05-19T11:33:50.6636|INFO|PluginLoader.cs|LoadPlugin|402|Successfully loaded plugin Flexure Correction version 0.8.0.0 by Francesco Meschia
2026-05-19T11:33:50.7549|INFO|DitherStatisticsVM.cs|PixelShiftPlot|136|PixelShiftPlot created (lazy loading)
2026-05-19T11:33:50.7959|INFO|DitherStatisticsVM.cs|SettleTimePlot|177|SettleTimePlot created (lazy loading)
2026-05-19T11:33:52.1284|INFO|DitherStatisticsVM.cs|ConnectToPHD2|708|Attempting to connect to PHD2...
2026-05-19T11:33:52.1302|INFO|PHD2Client.cs|ConnectAsync|102|PHD2Client: Connecting to PHD2 at 127.0.0.1:4400...
2026-05-19T11:33:54.1199|INFO|PluginLoader.cs|LoadPlugin|402|Successfully loaded plugin Ground Station version 3.0.0.117 by Dale Ghent
2026-05-19T11:33:54.1599|ERROR|PHD2Client.cs|ConnectAsync|132|PHD2Client: Connection failed: No connection could be made because the target machine actively refused it.
2026-05-19T11:33:54.1603|INFO|DitherStatisticsVM.cs|OnPHD2ConnectionStatusChanged|737|PHD2 Connection Status: Connection failed: No connection could be made because the target machine actively refused it.
2026-05-19T11:33:59.6736|INFO|PluginLoader.cs|LoadPlugin|402|Successfully loaded plugin Hocus Focus version 3.0.0.26 by George Hilios (jokogeo)
2026-05-19T11:34:00.1854|INFO|PluginLoader.cs|LoadPlugin|402|Successfully loaded plugin Horizon Creator version 1.1.2.1 by Christian Palm
2026-05-19T11:34:00.4750|INFO|PluginLoader.cs|LoadPlugin|402|Successfully loaded plugin Lightbucket version 2.2.4.0 by Lightbucket
2026-05-19T11:34:01.8069|INFO|PluginLoader.cs|LoadPlugin|402|Successfully loaded plugin Livestack version 1.1.3.0 by Stefan Berg @isbeorn
2026-05-19T11:34:02.1364|INFO|PluginLoader.cs|LoadPlugin|402|Successfully loaded plugin Log Viewer version 1.0.0.2 by Alexander Wrede @astro_alex80
2026-05-19T11:34:02.4019|INFO|PluginLoader.cs|LoadPlugin|402|Successfully loaded plugin Moon Angle version 2.2.0.0 by Dale Ghent
2026-05-19T11:34:03.0313|INFO|SessionDatabase.cs|.ctor|34|NightSummary: Database path: C:\Users\nicka\AppData\Local\NINA\NightSummary\nightsummary.sqlite
2026-05-19T11:34:03.0315|INFO|SessionDatabase.cs|.ctor|35|NightSummary: Database exists: True
2026-05-19T11:34:03.0744|INFO|SessionService.cs|.ctor|123|NightSummary: SessionService created — messageBroker=True
2026-05-19T11:34:03.3067|INFO|NightSummaryPlugin.cs|.ctor|424|NightSummary: Plugin initialized successfully
2026-05-19T11:34:03.3139|INFO|SessionDatabase.cs|.ctor|34|NightSummary: Database path: C:\Users\nicka\AppData\Local\NINA\NightSummary\nightsummary.sqlite
2026-05-19T11:34:03.3141|INFO|SessionDatabase.cs|.ctor|35|NightSummary: Database exists: True
2026-05-19T11:34:03.3387|INFO|SessionService.cs|.ctor|123|NightSummary: SessionService created — messageBroker=True
2026-05-19T11:34:03.3412|INFO|PluginLoader.cs|LoadPlugin|402|Successfully loaded plugin Night Summary version 3.1.0.0 by Evan Pegors @sleepypuppy15
2026-05-19T11:34:03.8696|INFO|PluginLoader.cs|LoadPlugin|402|Successfully loaded plugin Phd2 Tools version 1.0.6.0 by Stefan Berg @isbeorn
2026-05-19T11:34:04.3820|INFO|PluginLoader.cs|LoadPlugin|402|Successfully loaded plugin PixInsight Tools version 1.0.0.3 by Stefan Berg
2026-05-19T11:34:05.5502|INFO|PluginLoader.cs|LoadPlugin|402|Successfully loaded plugin Point3D version 0.2.3.0 by Drew McDermott
2026-05-19T11:34:06.0370|INFO|StarfrontClient.cs|StartFolderWatcher|167|[Rockwood] Watching: C:\ASTROIMAGES\NINA\
2026-05-19T11:34:06.0405|INFO|PluginLoader.cs|LoadPlugin|402|Successfully loaded plugin Rockwood Starfront version 1.0.0.0 by Rockwood Observatory
2026-05-19T11:34:06.0405|INFO|StarfrontClient.cs|RunLoop|68|[Rockwood] connecting to wss://api.starfront.space:443/ws/scope?key=***
2026-05-19T11:34:06.2375|INFO|StarfrontClient.cs|RunLoop|71|[Rockwood] connected
2026-05-19T11:34:07.0987|INFO|PluginLoader.cs|LoadPlugin|402|Successfully loaded plugin Scope Control version 2.0.2.1 by Stefan Berg @isbeorn
2026-05-19T11:34:09.7892|WARNING|When.cs|GetRunningItem|143|Can't get running items: SequencerNavigation not initialized yet!
2026-05-19T11:34:10.0541|INFO|PluginLoader.cs|LoadPlugin|402|Successfully loaded plugin Sequencer Powerups version 3.29.0.9 by Marc Blank
2026-05-19T11:34:12.3741|WARNING|SequencerPlus.cs|GetRunningItem|150|Can't get running items: SequencerNavigation not initialized yet!
2026-05-19T11:34:12.9919|INFO|PluginLoader.cs|LoadPlugin|402|Successfully loaded plugin Sequencer+ version 3.29.0.12 by  Carl Björk (Elveteek Sàrl)
2026-05-19T11:34:14.1180|INFO|PluginLoader.cs|LoadPlugin|402|Successfully loaded plugin Session Metadata version 2.6.3.0 by Tom Palmer @tcpalmer
2026-05-19T11:34:14.2583|INFO|PluginLoader.cs|LoadPlugin|402|Successfully loaded plugin Shutdown PC version 2.2.0.0 by Dale Ghent
2026-05-19T11:34:14.6499|INFO|PluginLoader.cs|LoadPlugin|402|Successfully loaded plugin SkyFlats version 1.0.0.4 by Gerald Hitz (@photon)
2026-05-19T11:34:14.8005|WARNING|When.cs|GetRunningItem|143|Can't get running items: SequencerNavigation not initialized yet!
2026-05-19T11:34:15.3600|INFO|PluginLoader.cs|LoadPlugin|402|Successfully loaded plugin Smart Filters version 1.0.0.3 by Benoit SAINTOT
2026-05-19T11:34:17.2589|INFO|Plugin.cs|RunStationHeartbeatLoopAsync|985|[Subframes] TS not detected at startup - deferring first heartbeat to allow plugin load to complete.
2026-05-19T11:34:17.2649|INFO|SyncEngine.cs|Start|41|[Subframes] SyncEngine started.
2026-05-19T11:34:17.2670|INFO|CacheReplayEngine.cs|Start|101|[Subframes] CacheReplayEngine started.
2026-05-19T11:34:17.2706|INFO|Plugin.cs|.ctor|184|[Subframes] Plugin loaded (primary instance).
2026-05-19T11:34:17.2746|WARNING|Plugin.cs|OnImportsSatisfied|217|[Subframes] Sequence event subscription deferred - SequenceMediator internals not yet initialized.
2026-05-19T11:34:17.2818|WARNING|Plugin.cs|.ctor|125|[Subframes] Duplicate plugin instance created by MEF - proxying to primary to prevent duplicate sessions/sync.
2026-05-19T11:34:17.2845|INFO|PluginLoader.cs|LoadPlugin|402|Successfully loaded plugin Subframes version 0.4.3.0 by Subframes
2026-05-19T11:34:17.3793|WARNING|SequencerPlus.cs|GetRunningItem|150|Can't get running items: SequencerNavigation not initialized yet!
2026-05-19T11:34:17.3812|WARNING|SequencerPlus.cs|GetRunningItem|150|Can't get running items: SequencerNavigation not initialized yet!
2026-05-19T11:34:18.1680|INFO|PluginLoader.cs|LoadPlugin|402|Successfully loaded plugin Target Planning version 3.2.1.0 by Tom Palmer @tcpalmer
2026-05-19T11:34:19.8019|WARNING|When.cs|GetRunningItem|143|Can't get running items: SequencerNavigation not initialized yet!
2026-05-19T11:34:22.3841|WARNING|SequencerPlus.cs|GetRunningItem|150|Can't get running items: SequencerNavigation not initialized yet!
2026-05-19T11:34:22.3856|WARNING|SequencerPlus.cs|GetRunningItem|150|Can't get running items: SequencerNavigation not initialized yet!
2026-05-19T11:34:24.8045|WARNING|When.cs|GetRunningItem|143|Can't get running items: SequencerNavigation not initialized yet!
2026-05-19T11:34:25.0303|INFO|PluginLoader.cs|LoadPlugin|402|Successfully loaded plugin Target Scheduler version 5.9.0.0 by Tom Palmer @tcpalmer
2026-05-19T11:34:25.2680|INFO|Plugin.cs|TrySendStationHeartbeatDebounced|969|[Subframes] Firing station heartbeat [startup loop first tick].
2026-05-19T11:34:25.2763|INFO|TsProgressReader.cs|ReadProgressSnapshot|40|[Subframes] TS progress snapshot: DB not found at C:\Users\nicka\AppData\Local\NINA\SchedulerPlugin — Target Scheduler not installed or DB path mismatch.
2026-05-19T11:34:25.6248|INFO|PluginLoader.cs|LoadPlugin|402|Successfully loaded plugin Three Point Polar Alignment version 2.2.6.1 by Stefan Berg @isbeorn
2026-05-19T11:34:27.3878|WARNING|SequencerPlus.cs|GetRunningItem|150|Can't get running items: SequencerNavigation not initialized yet!
2026-05-19T11:34:27.3900|WARNING|SequencerPlus.cs|GetRunningItem|150|Can't get running items: SequencerNavigation not initialized yet!
2026-05-19T11:34:28.8539|INFO|SessionHistoryManager.cs|PurgeHistoryOlderThan|102|purging web session history older than 10 days
2026-05-19T11:34:28.9128|INFO|PluginLoader.cs|LoadPlugin|402|Successfully loaded plugin Web Session History Viewer version 2.2.1.0 by Tom Palmer @tcpalmer
2026-05-19T11:34:29.4964|INFO|PluginFetcher.cs|RequestAll|43|Fetching plugin manifests from https://nighttime-imaging.eu/wp-json/nina/v1/plugins/manifests
2026-05-19T11:34:29.6666|INFO|FilterWheelChooserVM.cs|GetEquipment|167|Found 1 Networked Filter Wheel Filter Wheels
2026-05-19T11:34:29.9801|INFO|RotatorChooserVM.cs|GetEquipment|45|Found 1 Networked Rotator Rotators
2026-05-19T11:34:30.2914|INFO|Sequence2VM.cs|TryLoadSequenceFile|414|Loading sequence file: C:\Users\nicka\Astro\NINA\NINA_Sequences\TargetScheduler.json
2026-05-19T11:34:30.5263|INFO|CameraChooserVM.cs|GetEquipment|279|Found 0 SVBony Cameras
2026-05-19T11:34:30.5859|WARNING|When.cs|GetRunningItem|143|Can't get running items: SequencerNavigation not initialized yet!
2026-05-19T11:34:30.6503|INFO|CameraChooserVM.cs|GetEquipment|279|Found 0 PlayerOne Cameras
2026-05-19T11:34:30.7190|INFO|CameraChooserVM.cs|GetEquipment|279|Found 0 ASTPAN Cameras
2026-05-19T11:34:30.7210|INFO|CameraChooserVM.cs|GetEquipment|293|Found 4 ASCOM Cameras
2026-05-19T11:34:31.0361|INFO|Sequence2VM.cs|TryLoadSequenceFile|420|Starting sequence from command line options
2026-05-19T11:34:31.0396|INFO|Sequence2VM.cs|StartSequence|543|Advanced Sequence starting
2026-05-19T11:34:31.4980|INFO|PluginFetcher.cs|RequestAll|57|Found 79 valid plugins at https://nighttime-imaging.eu/wp-json/nina/v1/plugins/manifests
2026-05-19T11:34:31.5092|INFO|Plugin.cs|TrySubscribeSequenceEvents|243|[Subframes] ISequenceMediator.SequenceStarted not present in this NINA build - session will open on first captured image instead.
2026-05-19T11:34:31.5094|INFO|Plugin.cs|RetrySubscribeSequenceEventsAsync|279|[Subframes] Deferred sequence event subscription succeeded after 14s.
2026-05-19T11:34:32.4326|INFO|TelescopeChooserVM.cs|GetEquipment|69|Found 0 Alpaca Telescopes
2026-05-19T11:34:32.4513|INFO|WeatherDataChooserVM.cs|GetEquipment|69|Found 0 Alpaca Observing Conditions
2026-05-19T11:34:32.4719|INFO|FlatDeviceChooserVM.cs|GetEquipment|67|Found 0 Alpaca Cover Calibrators
2026-05-19T11:34:32.4899|INFO|SafetyMonitorChooserVM.cs|GetEquipment|71|Found 0 Alpaca Safety Monitors
2026-05-19T11:34:32.5006|INFO|FilterWheelChooserVM.cs|GetEquipment|193|Found 0 Alpaca Filter Wheels
2026-05-19T11:34:32.5124|INFO|DomeChooserVM.cs|GetEquipment|67|Found 0 Alpaca Domes
2026-05-19T11:34:32.5137|INFO|RotatorChooserVM.cs|GetEquipment|68|Found 0 Alpaca Rotators
2026-05-19T11:34:32.5157|INFO|SwitchChooserVM.cs|GetEquipment|71|Found 0 Alpaca Switch Hubs
2026-05-19T11:34:32.6251|INFO|DockManagerVM.cs|InitializeAvalonDockLayout|366|Initializing imaging tab layout from C:\Users\nicka\AppData\Local\NINA\Profiles\0173997c-4bfa-48fd-9337-a48b6df99c38.dock.config
2026-05-19T11:34:32.8034|INFO|SequenceItem.cs|Run|208|Starting Category: * Instruction Set *, Container: NINA.Sequencer.Container.SequenceRootContainer, Strategy: SequentialStrategy, Items[CREATED]: 3, Triggers: Category: Ground Station, Item: Failures to Telegram
2026-05-19T11:34:32.8268|INFO|SequenceItem.cs|Run|208|Starting Category: * Instruction Set *, Container: NINA.Sequencer.Container.StartAreaContainer, Strategy: SequentialStrategy, Items[CREATED]: 1
2026-05-19T11:34:32.8277|INFO|SequenceItem.cs|Run|208|Starting Category: * Instruction Set *, Container: NINA.Sequencer.Container.SequentialContainer, Strategy: SequentialStrategy, Items[CREATED]: 11
2026-05-19T11:34:32.8284|INFO|SequenceItem.cs|Run|208|Starting Category: Ground Station, Item: Send to Pushover, Title: Start
2026-05-19T11:34:32.8595|INFO|CameraChooserVM.cs|GetEquipment|305|Found 0 Alpaca Cameras
2026-05-19T11:34:32.8661|INFO|CameraChooserVM.cs|GetEquipment|318|Found 0 Canon Cameras
2026-05-19T11:34:33.0778|INFO|SequenceItem.cs|Run|254|Finishing Category: Ground Station, Item: Send to Pushover, Title: Start
2026-05-19T11:34:33.0817|INFO|SequenceItem.cs|Run|208|Starting Category: Ground Station, Item: Send to Telegram
2026-05-19T11:34:33.9119|INFO|SequenceItem.cs|Run|254|Finishing Category: Ground Station, Item: Send to Telegram
2026-05-19T11:34:33.9131|INFO|SequenceItem.cs|Run|208|Starting Category: Utility, Item: WaitForTime, Time: 20:8:44h, Offset: -80
2026-05-19T11:34:34.2871|INFO|FocuserChooserVM.cs|GetEquipment|84|Found 0 Alpaca Focusers
2026-05-19T11:35:24.3705|INFO|TargetSchedulerDetector.cs|DoProbeAsync|177|[Subframes] TargetSchedulerDetector: state no_api → active
2026-05-19T11:35:24.3710|INFO|Plugin.cs|TrySendStationHeartbeatDebounced|969|[Subframes] Firing station heartbeat [TS state → active].
2026-05-19T11:35:24.3719|INFO|TsProgressReader.cs|ReadProgressDelta|75|[Subframes] TS progress delta: DB not found at C:\Users\nicka\AppData\Local\NINA\SchedulerPlugin — Target Scheduler not installed or DB path mismatch.
2026-05-19T11:35:24.3735|INFO|Plugin.cs|OnTsStateChanged|873|[Subframes] One-shot TS preview: waiting 120 s for TS to begin computing schedule.
2026-05-19T11:37:29.5154|WARNING|TsPreviewClient.cs|FetchPreviewAsync|161|[Subframes] TsPreviewClient.FetchPreviewAsync failed for profile '533M-AT60' (0173997c-4bfa-48fd-9337-a48b6df99c38): TaskCanceledException: The request was canceled due to the configured HttpClient.Timeout of 5 seconds elapsing.
2026-05-19T11:37:29.5157|INFO|Plugin.cs|OnTsStateChanged|879|[Subframes] One-shot TS preview initial fetch: 0 target block(s) with exposure plans.
2026-05-19T11:37:29.5158|INFO|Plugin.cs|OnTsStateChanged|885|[Subframes] One-shot TS preview: waiting 60 s for stabilization check (poll 1/5).
2026-05-19T11:37:29.5654|WARNING|TsPreviewClient.cs|FetchPreviewAsync|161|[Subframes] TsPreviewClient.FetchPreviewAsync failed for profile '533M-AT60' (0173997c-4bfa-48fd-9337-a48b6df99c38): TaskCanceledException: The request was canceled due to the configured HttpClient.Timeout of 5 seconds elapsing.
2026-05-19T11:37:29.5663|INFO|Plugin.cs|TrySendStationHeartbeatDebounced|969|[Subframes] Firing station heartbeat [TS profile selected].
2026-05-19T11:37:29.5666|INFO|TsProgressReader.cs|ReadProgressDelta|75|[Subframes] TS progress delta: DB not found at C:\Users\nicka\AppData\Local\NINA\SchedulerPlugin — Target Scheduler not installed or DB path mismatch.
2026-05-19T11:38:30.1666|INFO|TsPreviewClient.cs|LookupCoordinatesByName|179|[Subframes] TsPreviewClient.LookupCoordinatesByName: TS database not found at C:\Users\nicka\AppData\Local\NINA\SchedulerPlugin
2026-05-19T11:38:30.1715|INFO|Plugin.cs|OnTsStateChanged|892|[Subframes] One-shot TS preview poll 1: 4 target block(s) (previous: 0).
2026-05-19T11:38:30.1716|INFO|Plugin.cs|OnTsStateChanged|885|[Subframes] One-shot TS preview: waiting 60 s for stabilization check (poll 2/5).
2026-05-19T11:39:25.3594|INFO|TsProgressReader.cs|ReadProgressDelta|75|[Subframes] TS progress delta: DB not found at C:\Users\nicka\AppData\Local\NINA\SchedulerPlugin — Target Scheduler not installed or DB path mismatch.
2026-05-19T11:39:31.0020|INFO|TsPreviewClient.cs|LookupCoordinatesByName|179|[Subframes] TsPreviewClient.LookupCoordinatesByName: TS database not found at C:\Users\nicka\AppData\Local\NINA\SchedulerPlugin
2026-05-19T11:39:31.0023|INFO|Plugin.cs|OnTsStateChanged|892|[Subframes] One-shot TS preview poll 2: 4 target block(s) (previous: 4).
2026-05-19T11:39:31.0023|INFO|Plugin.cs|OnTsStateChanged|896|[Subframes] One-shot TS preview: schedule stabilized.
2026-05-19T11:39:31.0026|INFO|Plugin.cs|OnTsStateChanged|906|[Subframes] One-shot TS preview fetch complete (pre-session, 5 blocks, 4 targets with plans).
2026-05-19T11:39:31.0026|INFO|Plugin.cs|OnTsStateChanged|912|[Subframes] Cached initial night preview from one-shot: 5 blocks.
2026-05-19T11:39:31.0026|INFO|Plugin.cs|TrySendStationHeartbeatDebounced|969|[Subframes] Firing station heartbeat [one-shot TS preview].
2026-05-19T11:39:31.0029|INFO|TsProgressReader.cs|ReadProgressDelta|75|[Subframes] TS progress delta: DB not found at C:\Users\nicka\AppData\Local\NINA\SchedulerPlugin — Target Scheduler not installed or DB path mismatch.
2026-05-19T11:44:25.3478|INFO|TsProgressReader.cs|ReadProgressDelta|75|[Subframes] TS progress delta: DB not found at C:\Users\nicka\AppData\Local\NINA\SchedulerPlugin — Target Scheduler not installed or DB path mismatch.
2026-05-19T11:49:25.3484|INFO|TsProgressReader.cs|ReadProgressDelta|75|[Subframes] TS progress delta: DB not found at C:\Users\nicka\AppData\Local\NINA\SchedulerPlugin — Target Scheduler not installed or DB path mismatch.
2026-05-19T11:54:25.3476|INFO|TsProgressReader.cs|ReadProgressDelta|75|[Subframes] TS progress delta: DB not found at C:\Users\nicka\AppData\Local\NINA\SchedulerPlugin — Target Scheduler not installed or DB path mismatch.
2026-05-19T11:59:25.3485|INFO|TsProgressReader.cs|ReadProgressDelta|75|[Subframes] TS progress delta: DB not found at C:\Users\nicka\AppData\Local\NINA\SchedulerPlugin — Target Scheduler not installed or DB path mismatch.
2026-05-19T12:04:25.3477|INFO|TsProgressReader.cs|ReadProgressDelta|75|[Subframes] TS progress delta: DB not found at C:\Users\nicka\AppData\Local\NINA\SchedulerPlugin — Target Scheduler not installed or DB path mismatch.
2026-05-19T12:09:25.3486|INFO|TsProgressReader.cs|ReadProgressDelta|75|[Subframes] TS progress delta: DB not found at C:\Users\nicka\AppData\Local\NINA\SchedulerPlugin — Target Scheduler not installed or DB path mismatch.
2026-05-19T12:14:25.3484|INFO|TsProgressReader.cs|ReadProgressDelta|75|[Subframes] TS progress delta: DB not found at C:\Users\nicka\AppData\Local\NINA\SchedulerPlugin — Target Scheduler not installed or DB path mismatch.
2026-05-19T12:19:25.3476|INFO|TsProgressReader.cs|ReadProgressDelta|75|[Subframes] TS progress delta: DB not found at C:\Users\nicka\AppData\Local\NINA\SchedulerPlugin — Target Scheduler not installed or DB path mismatch.
2026-05-19T12:24:25.3493|INFO|TsProgressReader.cs|ReadProgressDelta|75|[Subframes] TS progress delta: DB not found at C:\Users\nicka\AppData\Local\NINA\SchedulerPlugin — Target Scheduler not installed or DB path mismatch.
2026-05-19T12:29:25.3476|INFO|TsProgressReader.cs|ReadProgressDelta|75|[Subframes] TS progress delta: DB not found at C:\Users\nicka\AppData\Local\NINA\SchedulerPlugin — Target Scheduler not installed or DB path mismatch.
2026-05-19T12:34:25.3484|INFO|TsProgressReader.cs|ReadProgressDelta|75|[Subframes] TS progress delta: DB not found at C:\Users\nicka\AppData\Local\NINA\SchedulerPlugin — Target Scheduler not installed or DB path mismatch.
2026-05-19T12:39:25.3480|INFO|TsProgressReader.cs|ReadProgressDelta|75|[Subframes] TS progress delta: DB not found at C:\Users\nicka\AppData\Local\NINA\SchedulerPlugin — Target Scheduler not installed or DB path mismatch.
2026-05-19T12:44:25.3478|INFO|TsProgressReader.cs|ReadProgressDelta|75|[Subframes] TS progress delta: DB not found at C:\Users\nicka\AppData\Local\NINA\SchedulerPlugin — Target Scheduler not installed or DB path mismatch.
2026-05-19T12:49:25.3484|INFO|TsProgressReader.cs|ReadProgressDelta|75|[Subframes] TS progress delta: DB not found at C:\Users\nicka\AppData\Local\NINA\SchedulerPlugin — Target Scheduler not installed or DB path mismatch.
2026-05-19T12:54:25.3479|INFO|TsProgressReader.cs|ReadProgressDelta|75|[Subframes] TS progress delta: DB not found at C:\Users\nicka\AppData\Local\NINA\SchedulerPlugin — Target Scheduler not installed or DB path mismatch.
2026-05-19T12:59:25.3482|INFO|TsProgressReader.cs|ReadProgressDelta|75|[Subframes] TS progress delta: DB not found at C:\Users\nicka\AppData\Local\NINA\SchedulerPlugin — Target Scheduler not installed or DB path mismatch.
2026-05-19T13:04:25.3479|INFO|TsProgressReader.cs|ReadProgressDelta|75|[Subframes] TS progress delta: DB not found at C:\Users\nicka\AppData\Local\NINA\SchedulerPlugin — Target Scheduler not installed or DB path mismatch.
2026-05-19T13:09:25.3477|INFO|TsProgressReader.cs|ReadProgressDelta|75|[Subframes] TS progress delta: DB not found at C:\Users\nicka\AppData\Local\NINA\SchedulerPlugin — Target Scheduler not installed or DB path mismatch.
2026-05-19T13:14:25.3477|INFO|TsProgressReader.cs|ReadProgressDelta|75|[Subframes] TS progress delta: DB not found at C:\Users\nicka\AppData\Local\NINA\SchedulerPlugin — Target Scheduler not installed or DB path mismatch.
2026-05-19T13:19:25.3490|INFO|TsProgressReader.cs|ReadProgressDelta|75|[Subframes] TS progress delta: DB not found at C:\Users\nicka\AppData\Local\NINA\SchedulerPlugin — Target Scheduler not installed or DB path mismatch.
2026-05-19T13:24:25.3479|INFO|TsProgressReader.cs|ReadProgressDelta|75|[Subframes] TS progress delta: DB not found at C:\Users\nicka\AppData\Local\NINA\SchedulerPlugin — Target Scheduler not installed or DB path mismatch.
2026-05-19T13:29:25.3479|INFO|TsProgressReader.cs|ReadProgressDelta|75|[Subframes] TS progress delta: DB not found at C:\Users\nicka\AppData\Local\NINA\SchedulerPlugin — Target Scheduler not installed or DB path mismatch.
2026-05-19T13:34:25.3486|INFO|TsProgressReader.cs|ReadProgressDelta|75|[Subframes] TS progress delta: DB not found at C:\Users\nicka\AppData\Local\NINA\SchedulerPlugin — Target Scheduler not installed or DB path mismatch.
2026-05-19T13:39:25.3484|INFO|TsProgressReader.cs|ReadProgressDelta|75|[Subframes] TS progress delta: DB not found at C:\Users\nicka\AppData\Local\NINA\SchedulerPlugin — Target Scheduler not installed or DB path mismatch.
2026-05-19T13:44:25.3494|INFO|TsProgressReader.cs|ReadProgressDelta|75|[Subframes] TS progress delta: DB not found at C:\Users\nicka\AppData\Local\NINA\SchedulerPlugin — Target Scheduler not installed or DB path mismatch.
2026-05-19T13:49:25.3478|INFO|TsProgressReader.cs|ReadProgressDelta|75|[Subframes] TS progress delta: DB not found at C:\Users\nicka\AppData\Local\NINA\SchedulerPlugin — Target Scheduler not installed or DB path mismatch.
2026-05-19T13:54:25.3487|INFO|TsProgressReader.cs|ReadProgressDelta|75|[Subframes] TS progress delta: DB not found at C:\Users\nicka\AppData\Local\NINA\SchedulerPlugin — Target Scheduler not installed or DB path mismatch.
2026-05-19T13:59:25.3477|INFO|TsProgressReader.cs|ReadProgressDelta|75|[Subframes] TS progress delta: DB not found at C:\Users\nicka\AppData\Local\NINA\SchedulerPlugin — Target Scheduler not installed or DB path mismatch.
2026-05-19T14:04:25.3482|INFO|TsProgressReader.cs|ReadProgressDelta|75|[Subframes] TS progress delta: DB not found at C:\Users\nicka\AppData\Local\NINA\SchedulerPlugin — Target Scheduler not installed or DB path mismatch.
2026-05-19T14:09:25.3485|INFO|TsProgressReader.cs|ReadProgressDelta|75|[Subframes] TS progress delta: DB not found at C:\Users\nicka\AppData\Local\NINA\SchedulerPlugin — Target Scheduler not installed or DB path mismatch.
2026-05-19T14:14:25.3485|INFO|TsProgressReader.cs|ReadProgressDelta|75|[Subframes] TS progress delta: DB not found at C:\Users\nicka\AppData\Local\NINA\SchedulerPlugin — Target Scheduler not installed or DB path mismatch.
2026-05-19T14:19:25.3487|INFO|TsProgressReader.cs|ReadProgressDelta|75|[Subframes] TS progress delta: DB not found at C:\Users\nicka\AppData\Local\NINA\SchedulerPlugin — Target Scheduler not installed or DB path mismatch.
2026-05-19T14:24:25.3486|INFO|TsProgressReader.cs|ReadProgressDelta|75|[Subframes] TS progress delta: DB not found at C:\Users\nicka\AppData\Local\NINA\SchedulerPlugin — Target Scheduler not installed or DB path mismatch.
2026-05-19T14:29:25.3475|INFO|TsProgressReader.cs|ReadProgressDelta|75|[Subframes] TS progress delta: DB not found at C:\Users\nicka\AppData\Local\NINA\SchedulerPlugin — Target Scheduler not installed or DB path mismatch.
2026-05-19T14:34:25.3484|INFO|TsProgressReader.cs|ReadProgressDelta|75|[Subframes] TS progress delta: DB not found at C:\Users\nicka\AppData\Local\NINA\SchedulerPlugin — Target Scheduler not installed or DB path mismatch.
2026-05-19T14:39:25.3477|INFO|TsProgressReader.cs|ReadProgressDelta|75|[Subframes] TS progress delta: DB not found at C:\Users\nicka\AppData\Local\NINA\SchedulerPlugin — Target Scheduler not installed or DB path mismatch.
2026-05-19T14:44:25.3476|INFO|TsProgressReader.cs|ReadProgressDelta|75|[Subframes] TS progress delta: DB not found at C:\Users\nicka\AppData\Local\NINA\SchedulerPlugin — Target Scheduler not installed or DB path mismatch.
2026-05-19T14:49:25.3487|INFO|TsProgressReader.cs|ReadProgressDelta|75|[Subframes] TS progress delta: DB not found at C:\Users\nicka\AppData\Local\NINA\SchedulerPlugin — Target Scheduler not installed or DB path mismatch.
2026-05-19T14:54:25.3482|INFO|TsProgressReader.cs|ReadProgressDelta|75|[Subframes] TS progress delta: DB not found at C:\Users\nicka\AppData\Local\NINA\SchedulerPlugin — Target Scheduler not installed or DB path mismatch.
2026-05-19T14:59:25.3487|INFO|TsProgressReader.cs|ReadProgressDelta|75|[Subframes] TS progress delta: DB not found at C:\Users\nicka\AppData\Local\NINA\SchedulerPlugin — Target Scheduler not installed or DB path mismatch.
2026-05-19T15:04:25.3482|INFO|TsProgressReader.cs|ReadProgressDelta|75|[Subframes] TS progress delta: DB not found at C:\Users\nicka\AppData\Local\NINA\SchedulerPlugin — Target Scheduler not installed or DB path mismatch.
2026-05-19T15:09:25.3489|INFO|TsProgressReader.cs|ReadProgressDelta|75|[Subframes] TS progress delta: DB not found at C:\Users\nicka\AppData\Local\NINA\SchedulerPlugin — Target Scheduler not installed or DB path mismatch.
2026-05-19T15:14:25.3475|INFO|TsProgressReader.cs|ReadProgressDelta|75|[Subframes] TS progress delta: DB not found at C:\Users\nicka\AppData\Local\NINA\SchedulerPlugin — Target Scheduler not installed or DB path mismatch.
2026-05-19T15:19:25.3484|INFO|TsProgressReader.cs|ReadProgressDelta|75|[Subframes] TS progress delta: DB not found at C:\Users\nicka\AppData\Local\NINA\SchedulerPlugin — Target Scheduler not installed or DB path mismatch.
2026-05-19T15:24:25.3486|INFO|TsProgressReader.cs|ReadProgressDelta|75|[Subframes] TS progress delta: DB not found at C:\Users\nicka\AppData\Local\NINA\SchedulerPlugin — Target Scheduler not installed or DB path mismatch.
2026-05-19T15:29:25.3479|INFO|TsProgressReader.cs|ReadProgressDelta|75|[Subframes] TS progress delta: DB not found at C:\Users\nicka\AppData\Local\NINA\SchedulerPlugin — Target Scheduler not installed or DB path mismatch.
2026-05-19T15:34:25.3489|INFO|TsProgressReader.cs|ReadProgressDelta|75|[Subframes] TS progress delta: DB not found at C:\Users\nicka\AppData\Local\NINA\SchedulerPlugin — Target Scheduler not installed or DB path mismatch.
2026-05-19T15:39:25.3481|INFO|TsProgressReader.cs|ReadProgressDelta|75|[Subframes] TS progress delta: DB not found at C:\Users\nicka\AppData\Local\NINA\SchedulerPlugin — Target Scheduler not installed or DB path mismatch.
2026-05-19T15:44:25.3483|INFO|TsProgressReader.cs|ReadProgressDelta|75|[Subframes] TS progress delta: DB not found at C:\Users\nicka\AppData\Local\NINA\SchedulerPlugin — Target Scheduler not installed or DB path mismatch.
2026-05-19T15:49:25.3478|INFO|TsProgressReader.cs|ReadProgressDelta|75|[Subframes] TS progress delta: DB not found at C:\Users\nicka\AppData\Local\NINA\SchedulerPlugin — Target Scheduler not installed or DB path mismatch.
2026-05-19T15:54:25.3496|INFO|TsProgressReader.cs|ReadProgressDelta|75|[Subframes] TS progress delta: DB not found at C:\Users\nicka\AppData\Local\NINA\SchedulerPlugin — Target Scheduler not installed or DB path mismatch.
2026-05-19T15:59:25.3478|INFO|TsProgressReader.cs|ReadProgressDelta|75|[Subframes] TS progress delta: DB not found at C:\Users\nicka\AppData\Local\NINA\SchedulerPlugin — Target Scheduler not installed or DB path mismatch.
2026-05-19T16:04:25.3487|INFO|TsProgressReader.cs|ReadProgressDelta|75|[Subframes] TS progress delta: DB not found at C:\Users\nicka\AppData\Local\NINA\SchedulerPlugin — Target Scheduler not installed or DB path mismatch.
2026-05-19T16:09:25.3483|INFO|TsProgressReader.cs|ReadProgressDelta|75|[Subframes] TS progress delta: DB not found at C:\Users\nicka\AppData\Local\NINA\SchedulerPlugin — Target Scheduler not installed or DB path mismatch.
2026-05-19T16:14:25.3636|INFO|TsProgressReader.cs|ReadProgressDelta|75|[Subframes] TS progress delta: DB not found at C:\Users\nicka\AppData\Local\NINA\SchedulerPlugin — Target Scheduler not installed or DB path mismatch.
2026-05-19T16:19:25.3479|INFO|TsProgressReader.cs|ReadProgressDelta|75|[Subframes] TS progress delta: DB not found at C:\Users\nicka\AppData\Local\NINA\SchedulerPlugin — Target Scheduler not installed or DB path mismatch.
2026-05-19T16:24:25.3479|INFO|TsProgressReader.cs|ReadProgressDelta|75|[Subframes] TS progress delta: DB not found at C:\Users\nicka\AppData\Local\NINA\SchedulerPlugin — Target Scheduler not installed or DB path mismatch.
2026-05-19T16:29:25.3490|INFO|TsProgressReader.cs|ReadProgressDelta|75|[Subframes] TS progress delta: DB not found at C:\Users\nicka\AppData\Local\NINA\SchedulerPlugin — Target Scheduler not installed or DB path mismatch.
2026-05-19T16:34:25.3477|INFO|TsProgressReader.cs|ReadProgressDelta|75|[Subframes] TS progress delta: DB not found at C:\Users\nicka\AppData\Local\NINA\SchedulerPlugin — Target Scheduler not installed or DB path mismatch.
2026-05-19T16:39:25.3490|INFO|TsProgressReader.cs|ReadProgressDelta|75|[Subframes] TS progress delta: DB not found at C:\Users\nicka\AppData\Local\NINA\SchedulerPlugin — Target Scheduler not installed or DB path mismatch.
2026-05-19T16:44:25.3474|INFO|TsProgressReader.cs|ReadProgressDelta|75|[Subframes] TS progress delta: DB not found at C:\Users\nicka\AppData\Local\NINA\SchedulerPlugin — Target Scheduler not installed or DB path mismatch.
2026-05-19T16:49:25.3484|INFO|TsProgressReader.cs|ReadProgressDelta|75|[Subframes] TS progress delta: DB not found at C:\Users\nicka\AppData\Local\NINA\SchedulerPlugin — Target Scheduler not installed or DB path mismatch.
2026-05-19T16:54:25.3485|INFO|TsProgressReader.cs|ReadProgressDelta|75|[Subframes] TS progress delta: DB not found at C:\Users\nicka\AppData\Local\NINA\SchedulerPlugin — Target Scheduler not installed or DB path mismatch.
2026-05-19T16:59:25.3482|INFO|TsProgressReader.cs|ReadProgressDelta|75|[Subframes] TS progress delta: DB not found at C:\Users\nicka\AppData\Local\NINA\SchedulerPlugin — Target Scheduler not installed or DB path mismatch.
2026-05-19T17:04:25.3480|INFO|TsProgressReader.cs|ReadProgressDelta|75|[Subframes] TS progress delta: DB not found at C:\Users\nicka\AppData\Local\NINA\SchedulerPlugin — Target Scheduler not installed or DB path mismatch.
2026-05-19T17:09:25.3482|INFO|TsProgressReader.cs|ReadProgressDelta|75|[Subframes] TS progress delta: DB not found at C:\Users\nicka\AppData\Local\NINA\SchedulerPlugin — Target Scheduler not installed or DB path mismatch.
2026-05-19T17:14:25.3489|INFO|TsProgressReader.cs|ReadProgressDelta|75|[Subframes] TS progress delta: DB not found at C:\Users\nicka\AppData\Local\NINA\SchedulerPlugin — Target Scheduler not installed or DB path mismatch.
2026-05-19T17:19:25.3479|INFO|TsProgressReader.cs|ReadProgressDelta|75|[Subframes] TS progress delta: DB not found at C:\Users\nicka\AppData\Local\NINA\SchedulerPlugin — Target Scheduler not installed or DB path mismatch.
2026-05-19T17:24:25.3484|INFO|TsProgressReader.cs|ReadProgressDelta|75|[Subframes] TS progress delta: DB not found at C:\Users\nicka\AppData\Local\NINA\SchedulerPlugin — Target Scheduler not installed or DB path mismatch.
2026-05-19T17:29:25.3515|INFO|TsProgressReader.cs|ReadProgressDelta|75|[Subframes] TS progress delta: DB not found at C:\Users\nicka\AppData\Local\NINA\SchedulerPlugin — Target Scheduler not installed or DB path mismatch.
2026-05-19T17:34:25.3486|INFO|TsProgressReader.cs|ReadProgressDelta|75|[Subframes] TS progress delta: DB not found at C:\Users\nicka\AppData\Local\NINA\SchedulerPlugin — Target Scheduler not installed or DB path mismatch.
2026-05-19T17:39:25.3491|INFO|TsProgressReader.cs|ReadProgressDelta|75|[Subframes] TS progress delta: DB not found at C:\Users\nicka\AppData\Local\NINA\SchedulerPlugin — Target Scheduler not installed or DB path mismatch.
2026-05-19T17:44:25.3479|INFO|TsProgressReader.cs|ReadProgressDelta|75|[Subframes] TS progress delta: DB not found at C:\Users\nicka\AppData\Local\NINA\SchedulerPlugin — Target Scheduler not installed or DB path mismatch.
2026-05-19T17:49:25.3478|INFO|TsProgressReader.cs|ReadProgressDelta|75|[Subframes] TS progress delta: DB not found at C:\Users\nicka\AppData\Local\NINA\SchedulerPlugin — Target Scheduler not installed or DB path mismatch.
2026-05-19T17:54:25.3481|INFO|TsProgressReader.cs|ReadProgressDelta|75|[Subframes] TS progress delta: DB not found at C:\Users\nicka\AppData\Local\NINA\SchedulerPlugin — Target Scheduler not installed or DB path mismatch.
2026-05-19T17:59:25.3488|INFO|TsProgressReader.cs|ReadProgressDelta|75|[Subframes] TS progress delta: DB not found at C:\Users\nicka\AppData\Local\NINA\SchedulerPlugin — Target Scheduler not installed or DB path mismatch.
2026-05-19T18:04:25.3484|INFO|TsProgressReader.cs|ReadProgressDelta|75|[Subframes] TS progress delta: DB not found at C:\Users\nicka\AppData\Local\NINA\SchedulerPlugin — Target Scheduler not installed or DB path mismatch.
2026-05-19T18:09:25.3474|INFO|TsProgressReader.cs|ReadProgressDelta|75|[Subframes] TS progress delta: DB not found at C:\Users\nicka\AppData\Local\NINA\SchedulerPlugin — Target Scheduler not installed or DB path mismatch.
2026-05-19T18:14:25.3485|INFO|TsProgressReader.cs|ReadProgressDelta|75|[Subframes] TS progress delta: DB not found at C:\Users\nicka\AppData\Local\NINA\SchedulerPlugin — Target Scheduler not installed or DB path mismatch.
2026-05-19T18:19:25.3481|INFO|TsProgressReader.cs|ReadProgressDelta|75|[Subframes] TS progress delta: DB not found at C:\Users\nicka\AppData\Local\NINA\SchedulerPlugin — Target Scheduler not installed or DB path mismatch.
2026-05-19T18:24:25.3487|INFO|TsProgressReader.cs|ReadProgressDelta|75|[Subframes] TS progress delta: DB not found at C:\Users\nicka\AppData\Local\NINA\SchedulerPlugin — Target Scheduler not installed or DB path mismatch.
2026-05-19T18:29:25.3475|INFO|TsProgressReader.cs|ReadProgressDelta|75|[Subframes] TS progress delta: DB not found at C:\Users\nicka\AppData\Local\NINA\SchedulerPlugin — Target Scheduler not installed or DB path mismatch.
2026-05-19T18:34:25.3491|INFO|TsProgressReader.cs|ReadProgressDelta|75|[Subframes] TS progress delta: DB not found at C:\Users\nicka\AppData\Local\NINA\SchedulerPlugin — Target Scheduler not installed or DB path mismatch.
2026-05-19T18:39:25.3483|INFO|TsProgressReader.cs|ReadProgressDelta|75|[Subframes] TS progress delta: DB not found at C:\Users\nicka\AppData\Local\NINA\SchedulerPlugin — Target Scheduler not installed or DB path mismatch.
2026-05-19T18:44:25.3483|INFO|TsProgressReader.cs|ReadProgressDelta|75|[Subframes] TS progress delta: DB not found at C:\Users\nicka\AppData\Local\NINA\SchedulerPlugin — Target Scheduler not installed or DB path mismatch.
2026-05-19T18:49:25.3486|INFO|TsProgressReader.cs|ReadProgressDelta|75|[Subframes] TS progress delta: DB not found at C:\Users\nicka\AppData\Local\NINA\SchedulerPlugin — Target Scheduler not installed or DB path mismatch.
2026-05-19T18:54:25.3488|INFO|TsProgressReader.cs|ReadProgressDelta|75|[Subframes] TS progress delta: DB not found at C:\Users\nicka\AppData\Local\NINA\SchedulerPlugin — Target Scheduler not installed or DB path mismatch.
2026-05-19T18:59:25.3477|INFO|TsProgressReader.cs|ReadProgressDelta|75|[Subframes] TS progress delta: DB not found at C:\Users\nicka\AppData\Local\NINA\SchedulerPlugin — Target Scheduler not installed or DB path mismatch.
2026-05-19T19:04:25.3478|INFO|TsProgressReader.cs|ReadProgressDelta|75|[Subframes] TS progress delta: DB not found at C:\Users\nicka\AppData\Local\NINA\SchedulerPlugin — Target Scheduler not installed or DB path mismatch.
2026-05-19T19:09:25.3482|INFO|TsProgressReader.cs|ReadProgressDelta|75|[Subframes] TS progress delta: DB not found at C:\Users\nicka\AppData\Local\NINA\SchedulerPlugin — Target Scheduler not installed or DB path mismatch.
2026-05-19T19:14:25.3476|INFO|TsProgressReader.cs|ReadProgressDelta|75|[Subframes] TS progress delta: DB not found at C:\Users\nicka\AppData\Local\NINA\SchedulerPlugin — Target Scheduler not installed or DB path mismatch.
2026-05-19T19:19:25.3493|INFO|TsProgressReader.cs|ReadProgressDelta|75|[Subframes] TS progress delta: DB not found at C:\Users\nicka\AppData\Local\NINA\SchedulerPlugin — Target Scheduler not installed or DB path mismatch.
2026-05-19T19:24:25.3486|INFO|TsProgressReader.cs|ReadProgressDelta|75|[Subframes] TS progress delta: DB not found at C:\Users\nicka\AppData\Local\NINA\SchedulerPlugin — Target Scheduler not installed or DB path mismatch.
2026-05-19T19:29:26.5265|INFO|TsProgressReader.cs|ReadProgressDelta|75|[Subframes] TS progress delta: DB not found at C:\Users\nicka\AppData\Local\NINA\SchedulerPlugin — Target Scheduler not installed or DB path mismatch.
2026-05-19T19:34:26.5270|INFO|TsProgressReader.cs|ReadProgressDelta|75|[Subframes] TS progress delta: DB not found at C:\Users\nicka\AppData\Local\NINA\SchedulerPlugin — Target Scheduler not installed or DB path mismatch.
2026-05-19T19:39:26.5270|INFO|TsProgressReader.cs|ReadProgressDelta|75|[Subframes] TS progress delta: DB not found at C:\Users\nicka\AppData\Local\NINA\SchedulerPlugin — Target Scheduler not installed or DB path mismatch.
2026-05-19T19:44:26.5264|INFO|TsProgressReader.cs|ReadProgressDelta|75|[Subframes] TS progress delta: DB not found at C:\Users\nicka\AppData\Local\NINA\SchedulerPlugin — Target Scheduler not installed or DB path mismatch.
2026-05-19T19:49:26.5271|INFO|TsProgressReader.cs|ReadProgressDelta|75|[Subframes] TS progress delta: DB not found at C:\Users\nicka\AppData\Local\NINA\SchedulerPlugin — Target Scheduler not installed or DB path mismatch.
2026-05-19T19:54:26.5267|INFO|TsProgressReader.cs|ReadProgressDelta|75|[Subframes] TS progress delta: DB not found at C:\Users\nicka\AppData\Local\NINA\SchedulerPlugin — Target Scheduler not installed or DB path mismatch.
2026-05-19T19:59:26.5270|INFO|TsProgressReader.cs|ReadProgressDelta|75|[Subframes] TS progress delta: DB not found at C:\Users\nicka\AppData\Local\NINA\SchedulerPlugin — Target Scheduler not installed or DB path mismatch.
2026-05-19T20:04:26.5277|INFO|TsProgressReader.cs|ReadProgressDelta|75|[Subframes] TS progress delta: DB not found at C:\Users\nicka\AppData\Local\NINA\SchedulerPlugin — Target Scheduler not installed or DB path mismatch.
2026-05-19T20:09:14.8911|INFO|SequenceItem.cs|Run|254|Finishing Category: Utility, Item: WaitForTime, Time: 20:9:33h, Offset: -80
2026-05-19T20:09:14.8918|INFO|SequenceItem.cs|Run|208|Starting Category: Ground Station, Item: Send to Telegram
2026-05-19T20:09:15.6457|INFO|SequenceItem.cs|Run|254|Finishing Category: Ground Station, Item: Send to Telegram
2026-05-19T20:09:15.6465|INFO|SequenceItem.cs|Run|208|Starting Category: Ground Station, Item: Send to Pushover, Title: Configure Equipment
2026-05-19T20:09:15.8330|INFO|SequenceItem.cs|Run|254|Finishing Category: Ground Station, Item: Send to Pushover, Title: Configure Equipment
2026-05-19T20:09:15.8337|INFO|SequenceItem.cs|Run|208|Starting Category: Connect, Item: ConnectAllEquipment
2026-05-19T20:09:15.8470|INFO|CameraChooserVM.cs|GetEquipment|69|Found 2 ASI Cameras
2026-05-19T20:09:15.9121|INFO|CameraChooserVM.cs|GetEquipment|84|Found 0 Altair Cameras
2026-05-19T20:09:15.9123|INFO|CameraChooserVM.cs|GetEquipment|96|Found 0 Atik Cameras
2026-05-19T20:09:15.9129|INFO|CameraChooserVM.cs|GetEquipment|110|Found 0 FLI Cameras
2026-05-19T20:09:15.9132|INFO|CameraChooserVM.cs|GetEquipment|130|Found 0 QHYCCD Cameras
2026-05-19T20:09:16.0684|INFO|CameraChooserVM.cs|GetEquipment|158|Found 0 ToupTek Cameras
2026-05-19T20:09:16.0733|INFO|CameraChooserVM.cs|GetEquipment|173|Found 0 Ogma Cameras
2026-05-19T20:09:16.0868|INFO|CameraChooserVM.cs|GetEquipment|188|Found 0 Omegon Cameras
2026-05-19T20:09:16.2425|INFO|CameraChooserVM.cs|GetEquipment|203|Found 0 RisingCam Cameras
2026-05-19T20:09:16.2563|INFO|CameraChooserVM.cs|GetEquipment|218|Found 0 MallinCam Cameras
2026-05-19T20:09:16.2586|INFO|CameraChooserVM.cs|GetEquipment|243|Found 0 SVBony Cameras
2026-05-19T20:09:16.2616|INFO|CameraChooserVM.cs|GetEquipment|259|Found 0 SBIG Cameras
2026-05-19T20:09:16.2626|INFO|CameraChooserVM.cs|GetEquipment|279|Found 0 SVBony Cameras
2026-05-19T20:09:16.2630|INFO|CameraChooserVM.cs|GetEquipment|279|Found 0 PlayerOne Cameras
2026-05-19T20:09:16.2713|INFO|CameraChooserVM.cs|GetEquipment|279|Found 0 ASTPAN Cameras
2026-05-19T20:09:16.2721|INFO|CameraChooserVM.cs|GetEquipment|293|Found 4 ASCOM Cameras
2026-05-19T20:09:18.2730|INFO|CameraChooserVM.cs|GetEquipment|305|Found 0 Alpaca Cameras
2026-05-19T20:09:18.2815|INFO|CameraChooserVM.cs|GetEquipment|318|Found 0 Canon Cameras
2026-05-19T20:09:18.3797|INFO|CameraVM.cs|Disconnect|650|Disconnected Camera
2026-05-19T20:09:18.9525|WARNING|ASICamera.cs|SetControlValue|568|Failed to set ASI Control Value ASI_WB_B with value 50
2026-05-19T20:09:18.9527|WARNING|ASICamera.cs|SetControlValue|568|Failed to set ASI Control Value ASI_WB_R with value 50
2026-05-19T20:09:18.9528|WARNING|ASICamera.cs|SetControlValue|568|Failed to set ASI Control Value ASI_GAMMA with value 50
2026-05-19T20:09:18.9529|WARNING|ASICamera.cs|SetControlValue|568|Failed to set ASI Control Value ASI_HIGH_SPEED_MODE with value 0
2026-05-19T20:09:18.9530|WARNING|ASICamera.cs|SetControlValue|568|Failed to set ASI Control Value ASI_OVERCLOCK with value 0
2026-05-19T20:09:18.9530|WARNING|ASICamera.cs|SetControlValue|568|Failed to set ASI Control Value ASI_PATTERN_ADJUST with value 0
2026-05-19T20:09:18.9544|WARNING|ASICamera.cs|SetControlValue|568|Failed to set ASI Control Value ASI_MONO_BIN with value 0
2026-05-19T20:09:18.9557|INFO|ASICamera.cs|Initialize|664|Camera ID: ASI533MM
2026-05-19T20:09:18.9699|WARNING|ASICamera.cs|SetControlValue|568|Failed to set ASI Control Value ASI_ANTI_DEW_HEATER with value 0
2026-05-19T20:09:19.0303|INFO|CameraVM.cs|ChooseCamera|455|Successfully connected Camera. Id: ZWOptical_ZWO ASI533MM Pro_ASI533MM Name: ZWO ASI533MM Pro DisplayName: ZWO ASI533MM Pro (ASI533MM)Driver Version: 1, 39, 0, 0
2026-05-19T20:09:19.5857|INFO|FilterWheelChooserVM.cs|GetEquipment|167|Found 1 Networked Filter Wheel Filter Wheels
2026-05-19T20:09:21.5876|INFO|FilterWheelChooserVM.cs|GetEquipment|193|Found 0 Alpaca Filter Wheels
2026-05-19T20:09:21.6269|INFO|FilterWheelVM.cs|Disconnect|333|Disconnected Filter Wheel
2026-05-19T20:09:25.2409|INFO|FilterWheelVM.cs|ChooseFW|279|Successfully connected Filter Wheel. Id: ASCOM.EFW2.FilterWheel Name: ZWO FilterWheel DisplayName: ZWO FilterWheel (ASCOM) Driver Version: 6.0
2026-05-19T20:09:26.5278|INFO|TsProgressReader.cs|ReadProgressDelta|75|[Subframes] TS progress delta: DB not found at C:\Users\nicka\AppData\Local\NINA\SchedulerPlugin — Target Scheduler not installed or DB path mismatch.
2026-05-19T20:09:29.1182|INFO|FocuserChooserVM.cs|GetEquipment|84|Found 0 Alpaca Focusers
2026-05-19T20:09:29.1258|INFO|FocuserVM.cs|Disconnect|441|Disconnected Focuser
2026-05-19T20:09:30.9098|ERROR|AscomDevice.cs|GetProperty|546|An unexpected exception occurred during GET of Focuser.StepSize: 
ASCOM.DriverException: The method or operation is not implemented.
 ---> System.NotImplementedException: The method or operation is not implemented.
   --- End of inner exception stack trace ---
   at ASCOM.Com.DriverAccess.DynamicAccess.CheckDotNetExceptions(String memberName, Exception e) in J:\ASCOMLibrary\ASCOM.Com\ASCOM.Com.DriverAccess\BaseClass\DynamicAccess.cs:line 278
   at ASCOM.Com.DriverAccess.DynamicAccess.TryGetMember(GetMemberBinder binder, Object& result) in J:\ASCOMLibrary\ASCOM.Com\ASCOM.Com.DriverAccess\BaseClass\DynamicAccess.cs:line 150
   at CallSite.Target(Closure, CallSite, Object)
   at System.Dynamic.UpdateDelegates.UpdateAndExecute1[T0,TRet](CallSite site, T0 arg0)
   at ASCOM.Com.DriverAccess.Focuser.get_StepSize() in J:\ASCOMLibrary\ASCOM.Com\ASCOM.Com.DriverAccess\Focuser.cs:line 159
   at System.RuntimeMethodHandle.InvokeMethod(Object target, Void** arguments, Signature sig, Boolean isConstructor)
   at System.Reflection.MethodBaseInvoker.InvokeWithNoArgs(Object obj, BindingFlags invokeAttr)
2026-05-19T20:09:31.1191|INFO|AscomDevice.cs|GetProperty|485|Retrying to GET Focuser.StepSize - Attempt 2 / 3
2026-05-19T20:09:31.1206|ERROR|AscomDevice.cs|GetProperty|546|An unexpected exception occurred during GET of Focuser.StepSize: 
ASCOM.DriverException: The method or operation is not implemented.
 ---> System.NotImplementedException: The method or operation is not implemented.
   --- End of inner exception stack trace ---
   at ASCOM.Com.DriverAccess.DynamicAccess.CheckDotNetExceptions(String memberName, Exception e) in J:\ASCOMLibrary\ASCOM.Com\ASCOM.Com.DriverAccess\BaseClass\DynamicAccess.cs:line 278
   at ASCOM.Com.DriverAccess.DynamicAccess.TryGetMember(GetMemberBinder binder, Object& result) in J:\ASCOMLibrary\ASCOM.Com\ASCOM.Com.DriverAccess\BaseClass\DynamicAccess.cs:line 150
   at CallSite.Target(Closure, CallSite, Object)
   at ASCOM.Com.DriverAccess.Focuser.get_StepSize() in J:\ASCOMLibrary\ASCOM.Com\ASCOM.Com.DriverAccess\Focuser.cs:line 159
   at InvokeStub_Focuser.get_StepSize(Object, Object, IntPtr*)
   at System.Reflection.MethodBaseInvoker.InvokeWithNoArgs(Object obj, BindingFlags invokeAttr)
2026-05-19T20:09:31.3212|INFO|AscomDevice.cs|GetProperty|485|Retrying to GET Focuser.StepSize - Attempt 3 / 3
2026-05-19T20:09:31.3232|ERROR|AscomDevice.cs|GetProperty|546|An unexpected exception occurred during GET of Focuser.StepSize: 
ASCOM.DriverException: The method or operation is not implemented.
 ---> System.NotImplementedException: The method or operation is not implemented.
   --- End of inner exception stack trace ---
   at ASCOM.Com.DriverAccess.DynamicAccess.CheckDotNetExceptions(String memberName, Exception e) in J:\ASCOMLibrary\ASCOM.Com\ASCOM.Com.DriverAccess\BaseClass\DynamicAccess.cs:line 278
   at ASCOM.Com.DriverAccess.DynamicAccess.TryGetMember(GetMemberBinder binder, Object& result) in J:\ASCOMLibrary\ASCOM.Com\ASCOM.Com.DriverAccess\BaseClass\DynamicAccess.cs:line 150
   at CallSite.Target(Closure, CallSite, Object)
   at ASCOM.Com.DriverAccess.Focuser.get_StepSize() in J:\ASCOMLibrary\ASCOM.Com\ASCOM.Com.DriverAccess\Focuser.cs:line 159
   at InvokeStub_Focuser.get_StepSize(Object, Object, IntPtr*)
   at System.Reflection.MethodBaseInvoker.InvokeWithNoArgs(Object obj, BindingFlags invokeAttr)
2026-05-19T20:09:31.3240|INFO|AscomDevice.cs|GetProperty|556|GET Focuser.StepSize failed - Returning last known value 0
2026-05-19T20:09:31.5625|INFO|FocuserVM.cs|ChooseFocuser|333|Successfully connected Focuser. Id: ASCOM.EAF.Focuser Name: ZWO Focuser DisplayName: ZWO Focuser (ASCOM) Driver Version: 6.0
2026-05-19T20:09:33.5660|INFO|TelescopeChooserVM.cs|GetEquipment|69|Found 0 Alpaca Telescopes
2026-05-19T20:09:33.6722|INFO|TelescopeVM.cs|Disconnect|740|Disconnected mount
2026-05-19T20:09:34.4677|INFO|AscomTelescope.cs|CheckMountTime|845|Mount UTC Time: 2026-05-20 01:09:33Z / System UTC Time: 2026-05-20 01:09:34Z; Difference: 0.803 seconds
2026-05-19T20:09:36.5732|ERROR|AscomTelescope.cs|CheckMountTime|869|Unexpected exception when trying to set UTCDate:
ASCOM.InvalidOperationException: UTCDate failed.
 ---> System.Runtime.InteropServices.COMException (0x8004040B): UTCDate failed.
   --- End of inner exception stack trace ---
   at ASCOM.Com.DriverAccess.DynamicAccess.CheckDotNetExceptions(String memberName, Exception e) in J:\ASCOMLibrary\ASCOM.Com\ASCOM.Com.DriverAccess\BaseClass\DynamicAccess.cs:line 205
   at ASCOM.Com.DriverAccess.DynamicAccess.TrySetMember(SetMemberBinder binder, Object value) in J:\ASCOMLibrary\ASCOM.Com\ASCOM.Com.DriverAccess\BaseClass\DynamicAccess.cs:line 105
   at CallSite.Target(Closure, CallSite, Object, DateTime)
   at System.Dynamic.UpdateDelegates.UpdateAndExecute2[T0,T1,TRet](CallSite site, T0 arg0, T1 arg1)
   at ASCOM.Com.DriverAccess.Telescope.set_UTCDate(DateTime value) in J:\ASCOMLibrary\ASCOM.Com\ASCOM.Com.DriverAccess\Telescope.cs:line 479
   at NINA.Equipment.Equipment.MyTelescope.AscomTelescope.CheckMountTime() in /_/NINA.Equipment/Equipment/MyTelescope/AscomTelescope.cs:line 851
2026-05-19T20:09:36.8996|INFO|TelescopeVM.cs|ChooseTelescope|535|Successfully connected mount. Id: ASCOM.iOptron2017.Telescope Name: iOptron CEM120,70,40,26, GEM, HEM, HAE, HAZ series and SkyHunter Mount DisplayName: iOptron CEM120,70,40,26, GEM, HEM, HAE, HAZ series and SkyHunter Mount (ASCOM) Driver Version: 9.15
2026-05-19T20:09:36.9645|INFO|PHD2Guider.cs|Connect|205|Connecting to PHD2 server at 127.0.0.1:4400
2026-05-19T20:09:39.9367|INFO|PHD2Client.cs|ConnectAsync|118|PHD2Client: Connected successfully!
2026-05-19T20:09:39.9369|INFO|DitherStatisticsVM.cs|OnPHD2ConnectionStatusChanged|734|PHD2 Connection Status: Connected
2026-05-19T20:09:39.9370|INFO|DitherStatisticsVM.cs|ConnectToPHD2|713|Successfully connected to PHD2!
2026-05-19T20:09:39.9399|INFO|PHD2Client.cs|ReadEventsAsync|181|PHD2Client: Started reading events
2026-05-19T20:09:40.1106|INFO|PHD2Client.cs|HandleVersion|366|PHD2Client: Connected to PHD2 version 2.6.14. (Message Protocol v1)
2026-05-19T20:09:40.1122|INFO|PHD2Client.cs|HandleAppState|376|PHD2Client: PHD2 AppState: Stopped
2026-05-19T20:09:40.1125|INFO|PHD2Client.cs|ProcessEvent|268|PHD2: ConfigurationChange
2026-05-19T20:09:41.3195|INFO|PHD2Client.cs|QueryExposureTime|1216|PHD2Client: Exposure time from PHD2 API: 2.000 seconds (2000 ms)
2026-05-19T20:09:41.4863|INFO|PHD2Client.cs|ProcessEvent|268|PHD2: ConfigurationChange
2026-05-19T20:09:42.1955|INFO|PHD2Client.cs|QueryExposureTime|1216|PHD2Client: Exposure time from PHD2 API: 2.000 seconds (2000 ms)
2026-05-19T20:09:44.2302|INFO|WeatherDataChooserVM.cs|GetEquipment|69|Found 0 Alpaca Observing Conditions
2026-05-19T20:09:44.2912|INFO|WeatherDataVM.cs|Disconnect|305|Disconnected Weather Device
2026-05-19T20:09:45.1865|INFO|AscomDevice.cs|GetProperty|527|Property ObservingConditions.SkyQuality GET is not implemented in this driver (SkyAlert Observing Conditions)
2026-05-19T20:09:45.1936|INFO|AscomDevice.cs|GetProperty|527|Property ObservingConditions.StarFWHM GET is not implemented in this driver (SkyAlert Observing Conditions)
2026-05-19T20:09:45.2086|INFO|WeatherDataVM.cs|ChooseWeatherData|150|Successfully connected Weather Device. Id: ASCOM.SkyAlert.ObservingConditions Name: SkyAlert Observing Conditions DisplayName: SkyAlert Observing Conditions (ASCOM) Driver Version: 1.7
2026-05-19T20:09:47.2136|INFO|SafetyMonitorChooserVM.cs|GetEquipment|71|Found 0 Alpaca Safety Monitors
2026-05-19T20:09:47.2825|INFO|SafetyMonitorVM.cs|Disconnect|221|Disconnected Safety Monitor
2026-05-19T20:09:47.9870|INFO|SafetyMonitorVM.cs|Connect|175|Successfully connected Safety Monitor. Id: ASCOM.GenericFile.SafetyMonitor Name: Generic File driver DisplayName: Generic File driver (ASCOM) Driver Version: 6.4
2026-05-19T20:09:47.9874|INFO|SequenceItem.cs|Run|254|Finishing Category: Connect, Item: ConnectAllEquipment
2026-05-19T20:09:47.9881|INFO|SequenceItem.cs|Run|208|Starting Category: Telescope, Item: FindHome
2026-05-19T20:09:47.9946|INFO|PHD2Guider.cs|StopGuiding|704|Phd2 - Stop Guiding skipped, as the app is already in state Stopped
2026-05-19T20:09:47.9966|INFO|TelescopeVM.cs|FindHome|292|Mount ordered to locate home position
2026-05-19T20:09:47.9992|INFO|TelescopeVM.cs|FindHome|336|Mount ordered to home but it is already at home
2026-05-19T20:09:47.9997|INFO|TelescopeVM.cs|FindHome|348|Mount has located its home position
2026-05-19T20:09:48.0006|INFO|SequenceItem.cs|Run|254|Finishing Category: Telescope, Item: FindHome
2026-05-19T20:09:48.0008|INFO|SequenceItem.cs|Run|208|Starting Category: Ground Station, Item: Send to Telegram
2026-05-19T20:09:48.6078|INFO|SequenceItem.cs|Run|254|Finishing Category: Ground Station, Item: Send to Telegram
2026-05-19T20:09:48.6084|INFO|SequenceItem.cs|Run|208|Starting Category: Ground Station, Item: Send to Pushover, Title: Cool
2026-05-19T20:09:48.7721|INFO|SequenceItem.cs|Run|254|Finishing Category: Ground Station, Item: Send to Pushover, Title: Cool
2026-05-19T20:09:48.8838|INFO|SequenceItem.cs|Run|208|Starting Category: Camera, Item: CoolCamera, Temperature: -5, Duration: 15
2026-05-19T20:09:48.8873|INFO|CameraVM.cs|CoolCamera|138|Cooling Camera. Target: -5 Duration: 00:15:00
2026-05-19T20:09:49.9915|INFO|SafetyMonitorVM.cs|UpdateMonitorValues|95|SafetyMonitorInfo state changed to Unsafe
2026-05-19T20:14:26.5273|INFO|TsProgressReader.cs|ReadProgressDelta|75|[Subframes] TS progress delta: DB not found at C:\Users\nicka\AppData\Local\NINA\SchedulerPlugin — Target Scheduler not installed or DB path mismatch.
2026-05-19T20:19:26.5262|INFO|TsProgressReader.cs|ReadProgressDelta|75|[Subframes] TS progress delta: DB not found at C:\Users\nicka\AppData\Local\NINA\SchedulerPlugin — Target Scheduler not installed or DB path mismatch.
2026-05-19T20:24:26.5271|INFO|TsProgressReader.cs|ReadProgressDelta|75|[Subframes] TS progress delta: DB not found at C:\Users\nicka\AppData\Local\NINA\SchedulerPlugin — Target Scheduler not installed or DB path mismatch.
2026-05-19T20:24:54.1290|INFO|SequenceItem.cs|Run|254|Finishing Category: Camera, Item: CoolCamera, Temperature: -5, Duration: 15
2026-05-19T20:24:54.1295|INFO|SequenceItem.cs|Run|208|Starting Category: Utility, Item: WaitForTime, Time: 21:14:33h, Offset: -15
2026-05-19T20:29:26.5269|INFO|TsProgressReader.cs|ReadProgressDelta|75|[Subframes] TS progress delta: DB not found at C:\Users\nicka\AppData\Local\NINA\SchedulerPlugin — Target Scheduler not installed or DB path mismatch.
2026-05-19T20:34:26.5262|INFO|TsProgressReader.cs|ReadProgressDelta|75|[Subframes] TS progress delta: DB not found at C:\Users\nicka\AppData\Local\NINA\SchedulerPlugin — Target Scheduler not installed or DB path mismatch.
2026-05-19T20:39:26.5273|INFO|TsProgressReader.cs|ReadProgressDelta|75|[Subframes] TS progress delta: DB not found at C:\Users\nicka\AppData\Local\NINA\SchedulerPlugin — Target Scheduler not installed or DB path mismatch.
2026-05-19T20:44:26.5274|INFO|TsProgressReader.cs|ReadProgressDelta|75|[Subframes] TS progress delta: DB not found at C:\Users\nicka\AppData\Local\NINA\SchedulerPlugin — Target Scheduler not installed or DB path mismatch.
2026-05-19T20:49:26.5263|INFO|TsProgressReader.cs|ReadProgressDelta|75|[Subframes] TS progress delta: DB not found at C:\Users\nicka\AppData\Local\NINA\SchedulerPlugin — Target Scheduler not installed or DB path mismatch.
2026-05-19T20:54:26.5281|INFO|TsProgressReader.cs|ReadProgressDelta|75|[Subframes] TS progress delta: DB not found at C:\Users\nicka\AppData\Local\NINA\SchedulerPlugin — Target Scheduler not installed or DB path mismatch.
2026-05-19T20:59:26.5274|INFO|TsProgressReader.cs|ReadProgressDelta|75|[Subframes] TS progress delta: DB not found at C:\Users\nicka\AppData\Local\NINA\SchedulerPlugin — Target Scheduler not installed or DB path mismatch.
2026-05-19T21:04:26.5272|INFO|TsProgressReader.cs|ReadProgressDelta|75|[Subframes] TS progress delta: DB not found at C:\Users\nicka\AppData\Local\NINA\SchedulerPlugin — Target Scheduler not installed or DB path mismatch.
2026-05-19T21:09:26.5266|INFO|TsProgressReader.cs|ReadProgressDelta|75|[Subframes] TS progress delta: DB not found at C:\Users\nicka\AppData\Local\NINA\SchedulerPlugin — Target Scheduler not installed or DB path mismatch.
2026-05-19T21:14:26.5269|INFO|TsProgressReader.cs|ReadProgressDelta|75|[Subframes] TS progress delta: DB not found at C:\Users\nicka\AppData\Local\NINA\SchedulerPlugin — Target Scheduler not installed or DB path mismatch.
2026-05-19T21:14:36.2536|INFO|SequenceItem.cs|Run|254|Finishing Category: Utility, Item: WaitForTime, Time: 21:14:33h, Offset: -15
2026-05-19T21:14:36.2578|INFO|SequenceItem.cs|Run|254|Finishing Category: * Instruction Set *, Container: NINA.Sequencer.Container.SequentialContainer, Strategy: SequentialStrategy, Items[FINISHED]: 11
2026-05-19T21:14:36.3136|INFO|SequenceItem.cs|Run|254|Finishing Category: * Instruction Set *, Container: NINA.Sequencer.Container.StartAreaContainer, Strategy: SequentialStrategy, Items[FINISHED]: 1
2026-05-19T21:14:36.3143|INFO|SequenceItem.cs|Run|208|Starting Category: * Instruction Set *, Container: NINA.Sequencer.Container.TargetAreaContainer, Strategy: SequentialStrategy, Items[CREATED]: 1
2026-05-19T21:14:36.3161|INFO|SequenceItem.cs|Run|208|Starting Category: * Instruction Set *, Container: NINA.Sequencer.Container.SequentialContainer, Strategy: SequentialStrategy, Items[CREATED]: 12, Conditions: Condition: TimeCondition, Time: 6:10:57h, Condition: TargetSchedulerCondition mode=While Targets Remain Tonight, , Triggers: Trigger: CenterAfterDriftTrigger, DistanceArcMinutes: 1Trigger: WhenUnsafeCategory: Ground Station, Item: Failures to TelegramCategory: Connect, Item: ReconnectOnDownloadFailureTrigger: AutofocusAfterHFRIncreaseTrigger, Amount: 5Trigger: MeridianFlipTriggerCategory: Powerups (Misc), Item: DIYTriggerCategory: Ground Station, Item: Failures to PushoverTrigger: AutofocusAfterTemperatureChangeTrigger, Amount: 1.5°
2026-05-19T21:14:36.3186|INFO|WhenCommon.cs|SequenceBlockInitialize|204|Initialize; starting watchdog
2026-05-19T21:14:36.3256|INFO|WhenUnsafe.cs|CheckSafe|77|IsSafe is now FALSE; connected = True, IsSafe = False
2026-05-19T21:14:36.3261|INFO|WhenCommon.cs|ShouldTrigger|378|ShouldTrigger TRUE from InterruptWhen, setting TriggerRunner
2026-05-19T21:14:36.3263|INFO|WhenCommon.cs|InterruptWhen|322|Interrupting current Instruction Set
2026-05-19T21:14:36.3270|INFO|WhenCommon.cs|InterruptWhen|332|Canceling sequence...
2026-05-19T21:14:37.3282|INFO|WhenCommon.cs|InterruptWhen|336|Delay 1000
2026-05-19T21:14:38.3289|INFO|WhenCommon.cs|InterruptWhen|336|Delay 1000
2026-05-19T21:14:39.3288|INFO|WhenCommon.cs|InterruptWhen|336|Delay 1000
2026-05-19T21:14:40.3300|INFO|WhenCommon.cs|InterruptWhen|336|Delay 1000
2026-05-19T21:14:41.3309|INFO|WhenCommon.cs|InterruptWhen|336|Delay 1000
2026-05-19T21:14:42.3446|INFO|WhenCommon.cs|InterruptWhen|336|Delay 1000
2026-05-19T21:14:43.3453|INFO|WhenCommon.cs|InterruptWhen|336|Delay 1000
2026-05-19T21:14:44.3459|INFO|WhenCommon.cs|InterruptWhen|336|Delay 1000
2026-05-19T21:14:45.3464|INFO|WhenCommon.cs|InterruptWhen|336|Delay 1000
2026-05-19T21:14:46.3464|INFO|WhenCommon.cs|InterruptWhen|336|Delay 1000
2026-05-19T21:14:47.3465|INFO|WhenCommon.cs|InterruptWhen|336|Delay 1000
2026-05-19T21:14:48.3567|INFO|WhenCommon.cs|InterruptWhen|336|Delay 1000
2026-05-19T21:14:49.3598|INFO|WhenCommon.cs|InterruptWhen|336|Delay 1000
2026-05-19T21:14:50.3603|INFO|WhenCommon.cs|InterruptWhen|336|Delay 1000
2026-05-19T21:14:50.8581|INFO|WhenCommon.cs|SequenceBlockTeardown|198|Teardown; shutting down watchdog
2026-05-19T21:14:50.8838|INFO|Sequencer.cs|Start|85|Sequence run was cancelled
2026-05-19T21:14:50.9031|INFO|Sequence2VM.cs|StartSequence|548|Advanced Sequence finished
2026-05-19T21:14:51.3742|INFO|WhenCommon.cs|InterruptWhen|339|Sequence no longer running
2026-05-19T21:14:51.3769|WARNING|WhenCommon.cs|CheckSlewing|263|CheckSlewing, WhenUnsafe = True, Connected = True, CanSlew = True, info.Slewing = False
2026-05-19T21:14:51.3793|INFO|Sequence2VM.cs|StartSequence|543|Advanced Sequence starting
2026-05-19T21:14:51.4590|INFO|SequenceItem.cs|Run|208|Starting Category: * Instruction Set *, Container: NINA.Sequencer.Container.SequenceRootContainer, Strategy: SequentialStrategy, Items[CREATED]: 3, Triggers: Category: Ground Station, Item: Failures to Telegram
2026-05-19T21:14:51.4593|INFO|SequenceItem.cs|Run|208|Starting Category: * Instruction Set *, Container: NINA.Sequencer.Container.StartAreaContainer, Strategy: SequentialStrategy, Items[FINISHED]: 1
2026-05-19T21:14:51.4594|INFO|SequenceItem.cs|Run|254|Finishing Category: * Instruction Set *, Container: NINA.Sequencer.Container.StartAreaContainer, Strategy: SequentialStrategy, Items[FINISHED]: 1
2026-05-19T21:14:51.4595|INFO|SequenceItem.cs|Run|208|Starting Category: * Instruction Set *, Container: NINA.Sequencer.Container.TargetAreaContainer, Strategy: SequentialStrategy, Items[CREATED]: 1
2026-05-19T21:14:51.4597|INFO|SequenceItem.cs|Run|208|Starting Category: * Instruction Set *, Container: NINA.Sequencer.Container.SequentialContainer, Strategy: SequentialStrategy, Items[CREATED]: 12, Conditions: Condition: TimeCondition, Time: 6:10:57h, Condition: TargetSchedulerCondition mode=While Targets Remain Tonight, , Triggers: Trigger: CenterAfterDriftTrigger, DistanceArcMinutes: 1Trigger: WhenUnsafeCategory: Ground Station, Item: Failures to TelegramCategory: Connect, Item: ReconnectOnDownloadFailureTrigger: AutofocusAfterHFRIncreaseTrigger, Amount: 5Trigger: MeridianFlipTriggerCategory: Powerups (Misc), Item: DIYTriggerCategory: Ground Station, Item: Failures to PushoverTrigger: AutofocusAfterTemperatureChangeTrigger, Amount: 1.5°
2026-05-19T21:14:51.4600|INFO|WhenCommon.cs|SequenceBlockInitialize|204|Initialize; starting watchdog
2026-05-19T21:14:51.4614|INFO|WhenCommon.cs|ShouldTrigger|382|ShouldTrigger TRUE, setting TriggerRunner
2026-05-19T21:14:51.4637|INFO|SequenceTrigger.cs|Run|114|Starting Trigger: WhenUnsafe
2026-05-19T21:14:51.4752|INFO|WhenCommon.cs|Execute|395|Execute 0
2026-05-19T21:14:51.4755|INFO|WhenCommon.cs|Execute|409|When: running TriggerRunner, InFlight -> true, Triggered -> false
2026-05-19T21:14:51.4755|WARNING|WhenCommon.cs|CheckSlewing|263|CheckSlewing, WhenUnsafe = True, Connected = True, CanSlew = True, info.Slewing = False
2026-05-19T21:14:51.4757|INFO|SequenceItem.cs|Run|208|Starting Category: , Container: WhenPlugin.When.IfContainer, Strategy: SequentialStrategy, Items[CREATED]: 9
2026-05-19T21:14:51.4815|INFO|MeridianFlipTrigger.cs|ShouldTrigger|197|Meridian Flip - Telescope is at home position. Skip flip evaluation
2026-05-19T21:14:51.4834|INFO|SequenceItem.cs|Run|208|Starting Category: Ground Station, Item: Send to Telegram
2026-05-19T21:14:52.1566|INFO|SequenceItem.cs|Run|254|Finishing Category: Ground Station, Item: Send to Telegram
2026-05-19T21:14:52.1832|INFO|MeridianFlipTrigger.cs|ShouldTrigger|197|Meridian Flip - Telescope is at home position. Skip flip evaluation
2026-05-19T21:14:52.1836|INFO|SequenceItem.cs|Run|208|Starting Category: Ground Station, Item: Send to Pushover, Title: Unsafe
2026-05-19T21:14:52.3784|INFO|SequenceItem.cs|Run|254|Finishing Category: Ground Station, Item: Send to Pushover, Title: Unsafe
2026-05-19T21:14:52.3797|INFO|MeridianFlipTrigger.cs|ShouldTrigger|197|Meridian Flip - Telescope is at home position. Skip flip evaluation
2026-05-19T21:14:52.3798|INFO|SequenceItem.cs|Run|208|Starting Category: Telescope, Item: FindHome
2026-05-19T21:14:52.3865|INFO|PHD2Guider.cs|StopGuiding|704|Phd2 - Stop Guiding skipped, as the app is already in state Stopped
2026-05-19T21:14:52.3868|INFO|TelescopeVM.cs|FindHome|292|Mount ordered to locate home position
2026-05-19T21:14:52.3876|INFO|TelescopeVM.cs|FindHome|336|Mount ordered to home but it is already at home
2026-05-19T21:14:52.3878|INFO|TelescopeVM.cs|FindHome|348|Mount has located its home position
2026-05-19T21:14:52.3882|INFO|SequenceItem.cs|Run|254|Finishing Category: Telescope, Item: FindHome
2026-05-19T21:14:52.4200|INFO|MeridianFlipTrigger.cs|ShouldTrigger|197|Meridian Flip - Telescope is at home position. Skip flip evaluation
2026-05-19T21:14:52.4208|INFO|SequenceItem.cs|Run|208|Starting Category: Guider, Item: StopGuiding
2026-05-19T21:14:52.4252|INFO|PHD2Guider.cs|StopGuiding|704|Phd2 - Stop Guiding skipped, as the app is already in state Stopped
2026-05-19T21:14:52.4253|INFO|SequenceItem.cs|Run|254|Finishing Category: Guider, Item: StopGuiding
2026-05-19T21:14:52.4258|INFO|MeridianFlipTrigger.cs|ShouldTrigger|197|Meridian Flip - Telescope is at home position. Skip flip evaluation
2026-05-19T21:14:52.4267|INFO|SequenceItem.cs|Run|208|Starting Category: Connect, Item: DisconnectEquipment, Selected device: Safety Monitor
2026-05-19T21:14:52.4876|INFO|AscomDevice.cs|Disconnect|378|Disconnecting from ASCOM.GenericFile.SafetyMonitor Generic File driver
2026-05-19T21:14:52.5298|INFO|SafetyMonitorVM.cs|Disconnect|221|Disconnected Safety Monitor
2026-05-19T21:14:52.5301|INFO|SequenceItem.cs|Run|254|Finishing Category: Connect, Item: DisconnectEquipment, Selected device: Safety Monitor
2026-05-19T21:14:52.5570|INFO|MeridianFlipTrigger.cs|ShouldTrigger|197|Meridian Flip - Telescope is at home position. Skip flip evaluation
2026-05-19T21:14:52.5579|INFO|SequenceItem.cs|Run|208|Starting Category: Utility, Item: WaitForTimeSpan, Time: 60s
2026-05-19T21:15:52.6700|INFO|SequenceItem.cs|Run|254|Finishing Category: Utility, Item: WaitForTimeSpan, Time: 60s
2026-05-19T21:15:52.6710|INFO|MeridianFlipTrigger.cs|ShouldTrigger|197|Meridian Flip - Telescope is at home position. Skip flip evaluation
2026-05-19T21:15:52.6724|INFO|SequenceItem.cs|Run|208|Starting Category: Connect, Item: ConnectEquipment, Selected device: Safety Monitor, Selected device id: ASCOM.GenericFile.SafetyMonitor
2026-05-19T21:15:54.6806|INFO|SafetyMonitorChooserVM.cs|GetEquipment|71|Found 0 Alpaca Safety Monitors
2026-05-19T21:15:54.7526|INFO|SafetyMonitorVM.cs|Disconnect|221|Disconnected Safety Monitor
2026-05-19T21:15:54.8289|INFO|SafetyMonitorVM.cs|Connect|175|Successfully connected Safety Monitor. Id: ASCOM.GenericFile.SafetyMonitor Name: Generic File driver DisplayName: Generic File driver (ASCOM) Driver Version: 6.4
2026-05-19T21:15:54.8294|INFO|SequenceItem.cs|Run|254|Finishing Category: Connect, Item: ConnectEquipment, Selected device: Safety Monitor, Selected device id: ASCOM.GenericFile.SafetyMonitor
2026-05-19T21:15:54.8298|INFO|MeridianFlipTrigger.cs|ShouldTrigger|197|Meridian Flip - Telescope is at home position. Skip flip evaluation
2026-05-19T21:15:54.8299|INFO|SequenceItem.cs|Run|208|Starting Category: Utility, Item: WaitForTimeSpan, Time: 60s
2026-05-19T21:15:56.8299|INFO|SafetyMonitorVM.cs|UpdateMonitorValues|95|SafetyMonitorInfo state changed to Unsafe
2026-05-19T21:16:54.9508|INFO|SequenceItem.cs|Run|254|Finishing Category: Utility, Item: WaitForTimeSpan, Time: 60s
2026-05-19T21:16:54.9515|INFO|MeridianFlipTrigger.cs|ShouldTrigger|197|Meridian Flip - Telescope is at home position. Skip flip evaluation
2026-05-19T21:16:54.9522|INFO|SequenceItem.cs|Run|208|Starting Category: Powerups (Safety), Item: OnceSafe
2026-05-19T21:19:26.5270|INFO|TsProgressReader.cs|ReadProgressDelta|75|[Subframes] TS progress delta: DB not found at C:\Users\nicka\AppData\Local\NINA\SchedulerPlugin — Target Scheduler not installed or DB path mismatch.
2026-05-19T21:24:26.5270|INFO|TsProgressReader.cs|ReadProgressDelta|75|[Subframes] TS progress delta: DB not found at C:\Users\nicka\AppData\Local\NINA\SchedulerPlugin — Target Scheduler not installed or DB path mismatch.
2026-05-19T21:29:26.5262|INFO|TsProgressReader.cs|ReadProgressDelta|75|[Subframes] TS progress delta: DB not found at C:\Users\nicka\AppData\Local\NINA\SchedulerPlugin — Target Scheduler not installed or DB path mismatch.
2026-05-19T21:34:26.5269|INFO|TsProgressReader.cs|ReadProgressDelta|75|[Subframes] TS progress delta: DB not found at C:\Users\nicka\AppData\Local\NINA\SchedulerPlugin — Target Scheduler not installed or DB path mismatch.
2026-05-19T21:39:26.5270|INFO|TsProgressReader.cs|ReadProgressDelta|75|[Subframes] TS progress delta: DB not found at C:\Users\nicka\AppData\Local\NINA\SchedulerPlugin — Target Scheduler not installed or DB path mismatch.
2026-05-19T21:44:26.5272|INFO|TsProgressReader.cs|ReadProgressDelta|75|[Subframes] TS progress delta: DB not found at C:\Users\nicka\AppData\Local\NINA\SchedulerPlugin — Target Scheduler not installed or DB path mismatch.
2026-05-19T21:49:26.5263|INFO|TsProgressReader.cs|ReadProgressDelta|75|[Subframes] TS progress delta: DB not found at C:\Users\nicka\AppData\Local\NINA\SchedulerPlugin — Target Scheduler not installed or DB path mismatch.
2026-05-19T21:54:26.5268|INFO|TsProgressReader.cs|ReadProgressDelta|75|[Subframes] TS progress delta: DB not found at C:\Users\nicka\AppData\Local\NINA\SchedulerPlugin — Target Scheduler not installed or DB path mismatch.
2026-05-19T21:59:26.5267|INFO|TsProgressReader.cs|ReadProgressDelta|75|[Subframes] TS progress delta: DB not found at C:\Users\nicka\AppData\Local\NINA\SchedulerPlugin — Target Scheduler not installed or DB path mismatch.
2026-05-19T22:04:26.5281|INFO|TsProgressReader.cs|ReadProgressDelta|75|[Subframes] TS progress delta: DB not found at C:\Users\nicka\AppData\Local\NINA\SchedulerPlugin — Target Scheduler not installed or DB path mismatch.
2026-05-19T22:09:26.5265|INFO|TsProgressReader.cs|ReadProgressDelta|75|[Subframes] TS progress delta: DB not found at C:\Users\nicka\AppData\Local\NINA\SchedulerPlugin — Target Scheduler not installed or DB path mismatch.
2026-05-19T22:14:26.5267|INFO|TsProgressReader.cs|ReadProgressDelta|75|[Subframes] TS progress delta: DB not found at C:\Users\nicka\AppData\Local\NINA\SchedulerPlugin — Target Scheduler not installed or DB path mismatch.
2026-05-19T22:19:26.5265|INFO|TsProgressReader.cs|ReadProgressDelta|75|[Subframes] TS progress delta: DB not found at C:\Users\nicka\AppData\Local\NINA\SchedulerPlugin — Target Scheduler not installed or DB path mismatch.
2026-05-19T22:24:26.5278|INFO|TsProgressReader.cs|ReadProgressDelta|75|[Subframes] TS progress delta: DB not found at C:\Users\nicka\AppData\Local\NINA\SchedulerPlugin — Target Scheduler not installed or DB path mismatch.
2026-05-19T22:29:26.5276|INFO|TsProgressReader.cs|ReadProgressDelta|75|[Subframes] TS progress delta: DB not found at C:\Users\nicka\AppData\Local\NINA\SchedulerPlugin — Target Scheduler not installed or DB path mismatch.
2026-05-19T22:34:26.5264|INFO|TsProgressReader.cs|ReadProgressDelta|75|[Subframes] TS progress delta: DB not found at C:\Users\nicka\AppData\Local\NINA\SchedulerPlugin — Target Scheduler not installed or DB path mismatch.
2026-05-19T22:39:26.5268|INFO|TsProgressReader.cs|ReadProgressDelta|75|[Subframes] TS progress delta: DB not found at C:\Users\nicka\AppData\Local\NINA\SchedulerPlugin — Target Scheduler not installed or DB path mismatch.
2026-05-19T22:44:26.5272|INFO|TsProgressReader.cs|ReadProgressDelta|75|[Subframes] TS progress delta: DB not found at C:\Users\nicka\AppData\Local\NINA\SchedulerPlugin — Target Scheduler not installed or DB path mismatch.
2026-05-19T22:49:26.5267|INFO|TsProgressReader.cs|ReadProgressDelta|75|[Subframes] TS progress delta: DB not found at C:\Users\nicka\AppData\Local\NINA\SchedulerPlugin — Target Scheduler not installed or DB path mismatch.
2026-05-19T22:54:26.5271|INFO|TsProgressReader.cs|ReadProgressDelta|75|[Subframes] TS progress delta: DB not found at C:\Users\nicka\AppData\Local\NINA\SchedulerPlugin — Target Scheduler not installed or DB path mismatch.
2026-05-19T22:59:26.5272|INFO|TsProgressReader.cs|ReadProgressDelta|75|[Subframes] TS progress delta: DB not found at C:\Users\nicka\AppData\Local\NINA\SchedulerPlugin — Target Scheduler not installed or DB path mismatch.
2026-05-19T23:04:26.5268|INFO|TsProgressReader.cs|ReadProgressDelta|75|[Subframes] TS progress delta: DB not found at C:\Users\nicka\AppData\Local\NINA\SchedulerPlugin — Target Scheduler not installed or DB path mismatch.
2026-05-19T23:09:26.5267|INFO|TsProgressReader.cs|ReadProgressDelta|75|[Subframes] TS progress delta: DB not found at C:\Users\nicka\AppData\Local\NINA\SchedulerPlugin — Target Scheduler not installed or DB path mismatch.
2026-05-19T23:14:26.5278|INFO|TsProgressReader.cs|ReadProgressDelta|75|[Subframes] TS progress delta: DB not found at C:\Users\nicka\AppData\Local\NINA\SchedulerPlugin — Target Scheduler not installed or DB path mismatch.
2026-05-19T23:19:26.5272|INFO|TsProgressReader.cs|ReadProgressDelta|75|[Subframes] TS progress delta: DB not found at C:\Users\nicka\AppData\Local\NINA\SchedulerPlugin — Target Scheduler not installed or DB path mismatch.
2026-05-19T23:24:26.5264|INFO|TsProgressReader.cs|ReadProgressDelta|75|[Subframes] TS progress delta: DB not found at C:\Users\nicka\AppData\Local\NINA\SchedulerPlugin — Target Scheduler not installed or DB path mismatch.
2026-05-19T23:29:26.5263|INFO|TsProgressReader.cs|ReadProgressDelta|75|[Subframes] TS progress delta: DB not found at C:\Users\nicka\AppData\Local\NINA\SchedulerPlugin — Target Scheduler not installed or DB path mismatch.
2026-05-19T23:34:26.5268|INFO|TsProgressReader.cs|ReadProgressDelta|75|[Subframes] TS progress delta: DB not found at C:\Users\nicka\AppData\Local\NINA\SchedulerPlugin — Target Scheduler not installed or DB path mismatch.
2026-05-19T23:39:26.5268|INFO|TsProgressReader.cs|ReadProgressDelta|75|[Subframes] TS progress delta: DB not found at C:\Users\nicka\AppData\Local\NINA\SchedulerPlugin — Target Scheduler not installed or DB path mismatch.
2026-05-19T23:44:26.5263|INFO|TsProgressReader.cs|ReadProgressDelta|75|[Subframes] TS progress delta: DB not found at C:\Users\nicka\AppData\Local\NINA\SchedulerPlugin — Target Scheduler not installed or DB path mismatch.
2026-05-19T23:49:26.5271|INFO|TsProgressReader.cs|ReadProgressDelta|75|[Subframes] TS progress delta: DB not found at C:\Users\nicka\AppData\Local\NINA\SchedulerPlugin — Target Scheduler not installed or DB path mismatch.
2026-05-19T23:54:26.5276|INFO|TsProgressReader.cs|ReadProgressDelta|75|[Subframes] TS progress delta: DB not found at C:\Users\nicka\AppData\Local\NINA\SchedulerPlugin — Target Scheduler not installed or DB path mismatch.
2026-05-19T23:59:26.5281|INFO|TsProgressReader.cs|ReadProgressDelta|75|[Subframes] TS progress delta: DB not found at C:\Users\nicka\AppData\Local\NINA\SchedulerPlugin — Target Scheduler not installed or DB path mismatch.
2026-05-20T00:04:26.5269|INFO|TsProgressReader.cs|ReadProgressDelta|75|[Subframes] TS progress delta: DB not found at C:\Users\nicka\AppData\Local\NINA\SchedulerPlugin — Target Scheduler not installed or DB path mismatch.
2026-05-20T00:09:26.5267|INFO|TsProgressReader.cs|ReadProgressDelta|75|[Subframes] TS progress delta: DB not found at C:\Users\nicka\AppData\Local\NINA\SchedulerPlugin — Target Scheduler not installed or DB path mismatch.
2026-05-20T00:14:26.5266|INFO|TsProgressReader.cs|ReadProgressDelta|75|[Subframes] TS progress delta: DB not found at C:\Users\nicka\AppData\Local\NINA\SchedulerPlugin — Target Scheduler not installed or DB path mismatch.
2026-05-20T00:19:26.5269|INFO|TsProgressReader.cs|ReadProgressDelta|75|[Subframes] TS progress delta: DB not found at C:\Users\nicka\AppData\Local\NINA\SchedulerPlugin — Target Scheduler not installed or DB path mismatch.
2026-05-20T00:24:26.5281|INFO|TsProgressReader.cs|ReadProgressDelta|75|[Subframes] TS progress delta: DB not found at C:\Users\nicka\AppData\Local\NINA\SchedulerPlugin — Target Scheduler not installed or DB path mismatch.
2026-05-20T00:29:26.5269|INFO|TsProgressReader.cs|ReadProgressDelta|75|[Subframes] TS progress delta: DB not found at C:\Users\nicka\AppData\Local\NINA\SchedulerPlugin — Target Scheduler not installed or DB path mismatch.
2026-05-20T00:34:26.5266|INFO|TsProgressReader.cs|ReadProgressDelta|75|[Subframes] TS progress delta: DB not found at C:\Users\nicka\AppData\Local\NINA\SchedulerPlugin — Target Scheduler not installed or DB path mismatch.
2026-05-20T00:39:26.5275|INFO|TsProgressReader.cs|ReadProgressDelta|75|[Subframes] TS progress delta: DB not found at C:\Users\nicka\AppData\Local\NINA\SchedulerPlugin — Target Scheduler not installed or DB path mismatch.
2026-05-20T00:44:26.5272|INFO|TsProgressReader.cs|ReadProgressDelta|75|[Subframes] TS progress delta: DB not found at C:\Users\nicka\AppData\Local\NINA\SchedulerPlugin — Target Scheduler not installed or DB path mismatch.
2026-05-20T00:49:26.5263|INFO|TsProgressReader.cs|ReadProgressDelta|75|[Subframes] TS progress delta: DB not found at C:\Users\nicka\AppData\Local\NINA\SchedulerPlugin — Target Scheduler not installed or DB path mismatch.
2026-05-20T00:54:26.5277|INFO|TsProgressReader.cs|ReadProgressDelta|75|[Subframes] TS progress delta: DB not found at C:\Users\nicka\AppData\Local\NINA\SchedulerPlugin — Target Scheduler not installed or DB path mismatch.
2026-05-20T00:59:26.5262|INFO|TsProgressReader.cs|ReadProgressDelta|75|[Subframes] TS progress delta: DB not found at C:\Users\nicka\AppData\Local\NINA\SchedulerPlugin — Target Scheduler not installed or DB path mismatch.
2026-05-20T01:04:26.5277|INFO|TsProgressReader.cs|ReadProgressDelta|75|[Subframes] TS progress delta: DB not found at C:\Users\nicka\AppData\Local\NINA\SchedulerPlugin — Target Scheduler not installed or DB path mismatch.
2026-05-20T01:09:26.5267|INFO|TsProgressReader.cs|ReadProgressDelta|75|[Subframes] TS progress delta: DB not found at C:\Users\nicka\AppData\Local\NINA\SchedulerPlugin — Target Scheduler not installed or DB path mismatch.
2026-05-20T01:14:26.5270|INFO|TsProgressReader.cs|ReadProgressDelta|75|[Subframes] TS progress delta: DB not found at C:\Users\nicka\AppData\Local\NINA\SchedulerPlugin — Target Scheduler not installed or DB path mismatch.
2026-05-20T01:19:26.5271|INFO|TsProgressReader.cs|ReadProgressDelta|75|[Subframes] TS progress delta: DB not found at C:\Users\nicka\AppData\Local\NINA\SchedulerPlugin — Target Scheduler not installed or DB path mismatch.
2026-05-20T01:24:26.5275|INFO|TsProgressReader.cs|ReadProgressDelta|75|[Subframes] TS progress delta: DB not found at C:\Users\nicka\AppData\Local\NINA\SchedulerPlugin — Target Scheduler not installed or DB path mismatch.
2026-05-20T01:29:26.5270|INFO|TsProgressReader.cs|ReadProgressDelta|75|[Subframes] TS progress delta: DB not found at C:\Users\nicka\AppData\Local\NINA\SchedulerPlugin — Target Scheduler not installed or DB path mismatch.
2026-05-20T01:34:26.5267|INFO|TsProgressReader.cs|ReadProgressDelta|75|[Subframes] TS progress delta: DB not found at C:\Users\nicka\AppData\Local\NINA\SchedulerPlugin — Target Scheduler not installed or DB path mismatch.
2026-05-20T01:39:26.5680|INFO|TsProgressReader.cs|ReadProgressDelta|75|[Subframes] TS progress delta: DB not found at C:\Users\nicka\AppData\Local\NINA\SchedulerPlugin — Target Scheduler not installed or DB path mismatch.
2026-05-20T01:44:26.5274|INFO|TsProgressReader.cs|ReadProgressDelta|75|[Subframes] TS progress delta: DB not found at C:\Users\nicka\AppData\Local\NINA\SchedulerPlugin — Target Scheduler not installed or DB path mismatch.
2026-05-20T01:49:26.5270|INFO|TsProgressReader.cs|ReadProgressDelta|75|[Subframes] TS progress delta: DB not found at C:\Users\nicka\AppData\Local\NINA\SchedulerPlugin — Target Scheduler not installed or DB path mismatch.
2026-05-20T01:54:26.5270|INFO|TsProgressReader.cs|ReadProgressDelta|75|[Subframes] TS progress delta: DB not found at C:\Users\nicka\AppData\Local\NINA\SchedulerPlugin — Target Scheduler not installed or DB path mismatch.
2026-05-20T01:59:26.5273|INFO|TsProgressReader.cs|ReadProgressDelta|75|[Subframes] TS progress delta: DB not found at C:\Users\nicka\AppData\Local\NINA\SchedulerPlugin — Target Scheduler not installed or DB path mismatch.
2026-05-20T02:04:26.5272|INFO|TsProgressReader.cs|ReadProgressDelta|75|[Subframes] TS progress delta: DB not found at C:\Users\nicka\AppData\Local\NINA\SchedulerPlugin — Target Scheduler not installed or DB path mismatch.
2026-05-20T02:09:26.5270|INFO|TsProgressReader.cs|ReadProgressDelta|75|[Subframes] TS progress delta: DB not found at C:\Users\nicka\AppData\Local\NINA\SchedulerPlugin — Target Scheduler not installed or DB path mismatch.
2026-05-20T02:14:26.5275|INFO|TsProgressReader.cs|ReadProgressDelta|75|[Subframes] TS progress delta: DB not found at C:\Users\nicka\AppData\Local\NINA\SchedulerPlugin — Target Scheduler not installed or DB path mismatch.
2026-05-20T02:19:26.5267|INFO|TsProgressReader.cs|ReadProgressDelta|75|[Subframes] TS progress delta: DB not found at C:\Users\nicka\AppData\Local\NINA\SchedulerPlugin — Target Scheduler not installed or DB path mismatch.
2026-05-20T02:24:26.5264|INFO|TsProgressReader.cs|ReadProgressDelta|75|[Subframes] TS progress delta: DB not found at C:\Users\nicka\AppData\Local\NINA\SchedulerPlugin — Target Scheduler not installed or DB path mismatch.
2026-05-20T02:29:26.5272|INFO|TsProgressReader.cs|ReadProgressDelta|75|[Subframes] TS progress delta: DB not found at C:\Users\nicka\AppData\Local\NINA\SchedulerPlugin — Target Scheduler not installed or DB path mismatch.
2026-05-20T02:34:26.5274|INFO|TsProgressReader.cs|ReadProgressDelta|75|[Subframes] TS progress delta: DB not found at C:\Users\nicka\AppData\Local\NINA\SchedulerPlugin — Target Scheduler not installed or DB path mismatch.
2026-05-20T02:39:26.5673|INFO|TsProgressReader.cs|ReadProgressDelta|75|[Subframes] TS progress delta: DB not found at C:\Users\nicka\AppData\Local\NINA\SchedulerPlugin — Target Scheduler not installed or DB path mismatch.
2026-05-20T02:44:26.5274|INFO|TsProgressReader.cs|ReadProgressDelta|75|[Subframes] TS progress delta: DB not found at C:\Users\nicka\AppData\Local\NINA\SchedulerPlugin — Target Scheduler not installed or DB path mismatch.
2026-05-20T02:49:26.5271|INFO|TsProgressReader.cs|ReadProgressDelta|75|[Subframes] TS progress delta: DB not found at C:\Users\nicka\AppData\Local\NINA\SchedulerPlugin — Target Scheduler not installed or DB path mismatch.
2026-05-20T02:54:26.5272|INFO|TsProgressReader.cs|ReadProgressDelta|75|[Subframes] TS progress delta: DB not found at C:\Users\nicka\AppData\Local\NINA\SchedulerPlugin — Target Scheduler not installed or DB path mismatch.
2026-05-20T02:59:26.5273|INFO|TsProgressReader.cs|ReadProgressDelta|75|[Subframes] TS progress delta: DB not found at C:\Users\nicka\AppData\Local\NINA\SchedulerPlugin — Target Scheduler not installed or DB path mismatch.
2026-05-20T03:04:26.5272|INFO|TsProgressReader.cs|ReadProgressDelta|75|[Subframes] TS progress delta: DB not found at C:\Users\nicka\AppData\Local\NINA\SchedulerPlugin — Target Scheduler not installed or DB path mismatch.
2026-05-20T03:09:26.5266|INFO|TsProgressReader.cs|ReadProgressDelta|75|[Subframes] TS progress delta: DB not found at C:\Users\nicka\AppData\Local\NINA\SchedulerPlugin — Target Scheduler not installed or DB path mismatch.
2026-05-20T03:14:26.5269|INFO|TsProgressReader.cs|ReadProgressDelta|75|[Subframes] TS progress delta: DB not found at C:\Users\nicka\AppData\Local\NINA\SchedulerPlugin — Target Scheduler not installed or DB path mismatch.
2026-05-20T03:19:26.5273|INFO|TsProgressReader.cs|ReadProgressDelta|75|[Subframes] TS progress delta: DB not found at C:\Users\nicka\AppData\Local\NINA\SchedulerPlugin — Target Scheduler not installed or DB path mismatch.
2026-05-20T03:24:26.5264|INFO|TsProgressReader.cs|ReadProgressDelta|75|[Subframes] TS progress delta: DB not found at C:\Users\nicka\AppData\Local\NINA\SchedulerPlugin — Target Scheduler not installed or DB path mismatch.
2026-05-20T03:29:26.5270|INFO|TsProgressReader.cs|ReadProgressDelta|75|[Subframes] TS progress delta: DB not found at C:\Users\nicka\AppData\Local\NINA\SchedulerPlugin — Target Scheduler not installed or DB path mismatch.
2026-05-20T03:34:26.5273|INFO|TsProgressReader.cs|ReadProgressDelta|75|[Subframes] TS progress delta: DB not found at C:\Users\nicka\AppData\Local\NINA\SchedulerPlugin — Target Scheduler not installed or DB path mismatch.
2026-05-20T03:39:26.5271|INFO|TsProgressReader.cs|ReadProgressDelta|75|[Subframes] TS progress delta: DB not found at C:\Users\nicka\AppData\Local\NINA\SchedulerPlugin — Target Scheduler not installed or DB path mismatch.
2026-05-20T03:44:26.5268|INFO|TsProgressReader.cs|ReadProgressDelta|75|[Subframes] TS progress delta: DB not found at C:\Users\nicka\AppData\Local\NINA\SchedulerPlugin — Target Scheduler not installed or DB path mismatch.
2026-05-20T03:49:26.5269|INFO|TsProgressReader.cs|ReadProgressDelta|75|[Subframes] TS progress delta: DB not found at C:\Users\nicka\AppData\Local\NINA\SchedulerPlugin — Target Scheduler not installed or DB path mismatch.
2026-05-20T03:54:26.5274|INFO|TsProgressReader.cs|ReadProgressDelta|75|[Subframes] TS progress delta: DB not found at C:\Users\nicka\AppData\Local\NINA\SchedulerPlugin — Target Scheduler not installed or DB path mismatch.
2026-05-20T03:59:26.5271|INFO|TsProgressReader.cs|ReadProgressDelta|75|[Subframes] TS progress delta: DB not found at C:\Users\nicka\AppData\Local\NINA\SchedulerPlugin — Target Scheduler not installed or DB path mismatch.
2026-05-20T04:04:26.5266|INFO|TsProgressReader.cs|ReadProgressDelta|75|[Subframes] TS progress delta: DB not found at C:\Users\nicka\AppData\Local\NINA\SchedulerPlugin — Target Scheduler not installed or DB path mismatch.
2026-05-20T04:09:26.5264|INFO|TsProgressReader.cs|ReadProgressDelta|75|[Subframes] TS progress delta: DB not found at C:\Users\nicka\AppData\Local\NINA\SchedulerPlugin — Target Scheduler not installed or DB path mismatch.
2026-05-20T04:14:26.5274|INFO|TsProgressReader.cs|ReadProgressDelta|75|[Subframes] TS progress delta: DB not found at C:\Users\nicka\AppData\Local\NINA\SchedulerPlugin — Target Scheduler not installed or DB path mismatch.
2026-05-20T04:19:26.5273|INFO|TsProgressReader.cs|ReadProgressDelta|75|[Subframes] TS progress delta: DB not found at C:\Users\nicka\AppData\Local\NINA\SchedulerPlugin — Target Scheduler not installed or DB path mismatch.
2026-05-20T04:24:26.5262|INFO|TsProgressReader.cs|ReadProgressDelta|75|[Subframes] TS progress delta: DB not found at C:\Users\nicka\AppData\Local\NINA\SchedulerPlugin — Target Scheduler not installed or DB path mismatch.
2026-05-20T04:29:26.5279|INFO|TsProgressReader.cs|ReadProgressDelta|75|[Subframes] TS progress delta: DB not found at C:\Users\nicka\AppData\Local\NINA\SchedulerPlugin — Target Scheduler not installed or DB path mismatch.
2026-05-20T04:34:26.5271|INFO|TsProgressReader.cs|ReadProgressDelta|75|[Subframes] TS progress delta: DB not found at C:\Users\nicka\AppData\Local\NINA\SchedulerPlugin — Target Scheduler not installed or DB path mismatch.
2026-05-20T04:39:26.5270|INFO|TsProgressReader.cs|ReadProgressDelta|75|[Subframes] TS progress delta: DB not found at C:\Users\nicka\AppData\Local\NINA\SchedulerPlugin — Target Scheduler not installed or DB path mismatch.
2026-05-20T04:44:26.5267|INFO|TsProgressReader.cs|ReadProgressDelta|75|[Subframes] TS progress delta: DB not found at C:\Users\nicka\AppData\Local\NINA\SchedulerPlugin — Target Scheduler not installed or DB path mismatch.
2026-05-20T04:49:26.5267|INFO|TsProgressReader.cs|ReadProgressDelta|75|[Subframes] TS progress delta: DB not found at C:\Users\nicka\AppData\Local\NINA\SchedulerPlugin — Target Scheduler not installed or DB path mismatch.
2026-05-20T04:54:26.5266|INFO|TsProgressReader.cs|ReadProgressDelta|75|[Subframes] TS progress delta: DB not found at C:\Users\nicka\AppData\Local\NINA\SchedulerPlugin — Target Scheduler not installed or DB path mismatch.
2026-05-20T04:59:26.5270|INFO|TsProgressReader.cs|ReadProgressDelta|75|[Subframes] TS progress delta: DB not found at C:\Users\nicka\AppData\Local\NINA\SchedulerPlugin — Target Scheduler not installed or DB path mismatch.
2026-05-20T05:04:26.5266|INFO|TsProgressReader.cs|ReadProgressDelta|75|[Subframes] TS progress delta: DB not found at C:\Users\nicka\AppData\Local\NINA\SchedulerPlugin — Target Scheduler not installed or DB path mismatch.
2026-05-20T05:09:26.5263|INFO|TsProgressReader.cs|ReadProgressDelta|75|[Subframes] TS progress delta: DB not found at C:\Users\nicka\AppData\Local\NINA\SchedulerPlugin — Target Scheduler not installed or DB path mismatch.
2026-05-20T05:14:26.5265|INFO|TsProgressReader.cs|ReadProgressDelta|75|[Subframes] TS progress delta: DB not found at C:\Users\nicka\AppData\Local\NINA\SchedulerPlugin — Target Scheduler not installed or DB path mismatch.
2026-05-20T05:19:26.5274|INFO|TsProgressReader.cs|ReadProgressDelta|75|[Subframes] TS progress delta: DB not found at C:\Users\nicka\AppData\Local\NINA\SchedulerPlugin — Target Scheduler not installed or DB path mismatch.
2026-05-20T05:24:26.5267|INFO|TsProgressReader.cs|ReadProgressDelta|75|[Subframes] TS progress delta: DB not found at C:\Users\nicka\AppData\Local\NINA\SchedulerPlugin — Target Scheduler not installed or DB path mismatch.
2026-05-20T05:29:26.5270|INFO|TsProgressReader.cs|ReadProgressDelta|75|[Subframes] TS progress delta: DB not found at C:\Users\nicka\AppData\Local\NINA\SchedulerPlugin — Target Scheduler not installed or DB path mismatch.
2026-05-20T05:34:26.5274|INFO|TsProgressReader.cs|ReadProgressDelta|75|[Subframes] TS progress delta: DB not found at C:\Users\nicka\AppData\Local\NINA\SchedulerPlugin — Target Scheduler not installed or DB path mismatch.
2026-05-20T05:39:26.5275|INFO|TsProgressReader.cs|ReadProgressDelta|75|[Subframes] TS progress delta: DB not found at C:\Users\nicka\AppData\Local\NINA\SchedulerPlugin — Target Scheduler not installed or DB path mismatch.
2026-05-20T05:44:26.5268|INFO|TsProgressReader.cs|ReadProgressDelta|75|[Subframes] TS progress delta: DB not found at C:\Users\nicka\AppData\Local\NINA\SchedulerPlugin — Target Scheduler not installed or DB path mismatch.
2026-05-20T05:49:26.5267|INFO|TsProgressReader.cs|ReadProgressDelta|75|[Subframes] TS progress delta: DB not found at C:\Users\nicka\AppData\Local\NINA\SchedulerPlugin — Target Scheduler not installed or DB path mismatch.
2026-05-20T05:54:26.5269|INFO|TsProgressReader.cs|ReadProgressDelta|75|[Subframes] TS progress delta: DB not found at C:\Users\nicka\AppData\Local\NINA\SchedulerPlugin — Target Scheduler not installed or DB path mismatch.
2026-05-20T05:59:26.5265|INFO|TsProgressReader.cs|ReadProgressDelta|75|[Subframes] TS progress delta: DB not found at C:\Users\nicka\AppData\Local\NINA\SchedulerPlugin — Target Scheduler not installed or DB path mismatch.
2026-05-20T06:04:26.5278|INFO|TsProgressReader.cs|ReadProgressDelta|75|[Subframes] TS progress delta: DB not found at C:\Users\nicka\AppData\Local\NINA\SchedulerPlugin — Target Scheduler not installed or DB path mismatch.
2026-05-20T06:09:26.5263|INFO|TsProgressReader.cs|ReadProgressDelta|75|[Subframes] TS progress delta: DB not found at C:\Users\nicka\AppData\Local\NINA\SchedulerPlugin — Target Scheduler not installed or DB path mismatch.
2026-05-20T06:10:57.5899|INFO|TimeCondition.cs|Check|254|TimeCondition finished.
2026-05-20T06:10:57.5900|INFO|TimeCondition.cs|InterruptWhenTimeIsUp|63|Time limit exceeded - Interrupting current Instruction Set
2026-05-20T06:10:57.5997|INFO|WhenCommon.cs|Execute|425|When: Execute done; InFlight -> false, Triggered false
2026-05-20T06:10:57.6013|INFO|MeridianFlipTrigger.cs|ShouldTrigger|197|Meridian Flip - Telescope is at home position. Skip flip evaluation
2026-05-20T06:10:57.6017|INFO|SequenceItem.cs|Run|208|Starting Category: Utility, Item: WaitForTime, Time: 21:14:33h, Offset: -15
2026-05-20T06:10:57.6035|INFO|WhenCommon.cs|SequenceBlockTeardown|198|Teardown; shutting down watchdog
2026-05-20T06:10:57.6041|INFO|SequenceItem.cs|Run|254|Finishing Category: * Instruction Set *, Container: NINA.Sequencer.Container.SequentialContainer, Strategy: SequentialStrategy, Items[CREATED]: 12, Conditions: Condition: TimeCondition, Time: 6:10:57h, Condition: TargetSchedulerCondition mode=While Targets Remain Tonight, , Triggers: Trigger: CenterAfterDriftTrigger, DistanceArcMinutes: 1Trigger: WhenUnsafeCategory: Ground Station, Item: Failures to TelegramCategory: Connect, Item: ReconnectOnDownloadFailureTrigger: AutofocusAfterHFRIncreaseTrigger, Amount: 5Trigger: MeridianFlipTriggerCategory: Powerups (Misc), Item: DIYTriggerCategory: Ground Station, Item: Failures to PushoverTrigger: AutofocusAfterTemperatureChangeTrigger, Amount: 1.5°
2026-05-20T06:10:57.6044|INFO|SequenceItem.cs|Run|254|Finishing Category: * Instruction Set *, Container: NINA.Sequencer.Container.TargetAreaContainer, Strategy: SequentialStrategy, Items[FINISHED]: 1
2026-05-20T06:10:57.6047|INFO|SequenceItem.cs|Run|208|Starting Category: * Instruction Set *, Container: NINA.Sequencer.Container.EndAreaContainer, Strategy: SequentialStrategy, Items[CREATED]: 9
2026-05-20T06:10:57.6051|INFO|SequenceItem.cs|Run|208|Starting Category: Telescope, Item: FindHome
2026-05-20T06:10:57.6092|INFO|PHD2Guider.cs|StopGuiding|704|Phd2 - Stop Guiding skipped, as the app is already in state Stopped
2026-05-20T06:10:57.6093|INFO|TelescopeVM.cs|FindHome|292|Mount ordered to locate home position
2026-05-20T06:10:57.6097|INFO|TelescopeVM.cs|FindHome|336|Mount ordered to home but it is already at home
2026-05-20T06:10:57.6098|INFO|TelescopeVM.cs|FindHome|348|Mount has located its home position
2026-05-20T06:10:57.6100|INFO|SequenceItem.cs|Run|254|Finishing Category: Telescope, Item: FindHome
2026-05-20T06:10:57.6110|INFO|SequenceItem.cs|Run|208|Starting Night Summary - End Session
2026-05-20T06:10:57.6138|INFO|NightSummaryEndInstruction.cs|Execute|28|NightSummary: End Session instruction executing
2026-05-20T06:11:12.6228|WARNING|SessionService.cs|EndSession|172|NightSummary: EndSession called but no active session — nothing to do
2026-05-20T06:11:12.6230|INFO|NightSummaryEndInstruction.cs|Execute|39|NightSummary: Session ended successfully
2026-05-20T06:11:12.6232|INFO|SequenceItem.cs|Run|254|Finishing Night Summary - End Session
2026-05-20T06:11:12.6240|INFO|SequenceItem.cs|Run|208|Starting [EndSubframesSession]
2026-05-20T06:11:12.6284|WARNING|EndSessionItem.cs|Execute|50|[Subframes] EndSessionItem: no active session to end.
2026-05-20T06:11:12.6286|INFO|SequenceItem.cs|Run|254|Finishing [EndSubframesSession]
2026-05-20T06:11:12.6300|INFO|SequenceItem.cs|Run|208|Starting Category: Camera, Item: WarmCamera, Duration: 30
2026-05-20T06:11:12.6367|INFO|CameraVM.cs|WarmCamera|161|Warming Camera. Duration: 00:30:00
2026-05-20T06:14:26.5278|INFO|TsProgressReader.cs|ReadProgressDelta|75|[Subframes] TS progress delta: DB not found at C:\Users\nicka\AppData\Local\NINA\SchedulerPlugin — Target Scheduler not installed or DB path mismatch.
2026-05-20T06:19:26.5279|INFO|TsProgressReader.cs|ReadProgressDelta|75|[Subframes] TS progress delta: DB not found at C:\Users\nicka\AppData\Local\NINA\SchedulerPlugin — Target Scheduler not installed or DB path mismatch.
2026-05-20T06:24:26.5274|INFO|TsProgressReader.cs|ReadProgressDelta|75|[Subframes] TS progress delta: DB not found at C:\Users\nicka\AppData\Local\NINA\SchedulerPlugin — Target Scheduler not installed or DB path mismatch.
2026-05-20T06:29:26.5268|INFO|TsProgressReader.cs|ReadProgressDelta|75|[Subframes] TS progress delta: DB not found at C:\Users\nicka\AppData\Local\NINA\SchedulerPlugin — Target Scheduler not installed or DB path mismatch.
2026-05-20T06:34:26.5265|INFO|TsProgressReader.cs|ReadProgressDelta|75|[Subframes] TS progress delta: DB not found at C:\Users\nicka\AppData\Local\NINA\SchedulerPlugin — Target Scheduler not installed or DB path mismatch.
2026-05-20T06:39:26.5273|INFO|TsProgressReader.cs|ReadProgressDelta|75|[Subframes] TS progress delta: DB not found at C:\Users\nicka\AppData\Local\NINA\SchedulerPlugin — Target Scheduler not installed or DB path mismatch.
2026-05-20T06:43:22.2418|INFO|CameraVM.cs|WarmCamera|179|Could not reach warming temperature. Most likley due to ambient temperature being lower. Continuing...
2026-05-20T06:43:42.2717|INFO|CameraVM.cs|WarmCamera|186|Turning cooler off
2026-05-20T06:43:42.2738|INFO|SequenceItem.cs|Run|254|Finishing Category: Camera, Item: WarmCamera, Duration: 30
2026-05-20T06:43:42.2742|INFO|SequenceItem.cs|Run|208|Starting Category: Guider, Item: StopGuiding
2026-05-20T06:43:42.2820|INFO|PHD2Guider.cs|StopGuiding|704|Phd2 - Stop Guiding skipped, as the app is already in state Stopped
2026-05-20T06:43:42.2823|INFO|SequenceItem.cs|Run|254|Finishing Category: Guider, Item: StopGuiding
2026-05-20T06:43:42.2839|INFO|SequenceItem.cs|Run|208|Starting Category: Phd2 Tools, Item: ShutdownPhd2Instruction
2026-05-20T06:43:42.3095|INFO|SequenceItem.cs|Run|254|Finishing Category: Phd2 Tools, Item: ShutdownPhd2Instruction
2026-05-20T06:43:42.3106|INFO|SequenceItem.cs|Run|208|Starting Category: Connect, Item: DisconnectAllEquipment
2026-05-20T06:43:42.3172|WARNING|PHD2Client.cs|ReadEventsAsync|189|PHD2Client: Connection closed by server
2026-05-20T06:43:42.3173|INFO|DitherStatisticsVM.cs|OnPHD2ConnectionStatusChanged|737|PHD2 Connection Status: Connection lost
2026-05-20T06:43:42.3174|INFO|PHD2Client.cs|ReadEventsAsync|205|PHD2Client: Stopped reading events
2026-05-20T06:43:42.3755|INFO|CameraVM.cs|Disconnect|650|Disconnected Camera
2026-05-20T06:43:42.3763|INFO|AscomDevice.cs|Disconnect|378|Disconnecting from ASCOM.EFW2.FilterWheel ZWO FilterWheel
2026-05-20T06:43:42.3872|INFO|FilterWheelVM.cs|Disconnect|333|Disconnected Filter Wheel
2026-05-20T06:43:42.4321|INFO|AscomDevice.cs|Disconnect|378|Disconnecting from ASCOM.EAF.Focuser ZWO Focuser
2026-05-20T06:43:42.4899|INFO|FocuserVM.cs|Disconnect|441|Disconnected Focuser
2026-05-20T06:43:42.4909|INFO|DisconnectAllEquipment.cs|Execute|139|Rotator is already disconnected
2026-05-20T06:43:42.5012|INFO|AscomDevice.cs|Disconnect|378|Disconnecting from ASCOM.iOptron2017.Telescope iOptron CEM120,70,40,26, GEM, HEM, HAE, HAZ series and SkyHunter Mount
2026-05-20T06:43:42.6256|INFO|TelescopeVM.cs|Disconnect|740|Disconnected mount
2026-05-20T06:43:42.6260|INFO|DisconnectAllEquipment.cs|Execute|139|Guider is already disconnected
2026-05-20T06:43:42.6262|INFO|DisconnectAllEquipment.cs|Execute|139|Switch is already disconnected
2026-05-20T06:43:42.6263|INFO|DisconnectAllEquipment.cs|Execute|139|Flat Panel is already disconnected
2026-05-20T06:43:42.6291|INFO|AscomDevice.cs|Disconnect|378|Disconnecting from ASCOM.SkyAlert.ObservingConditions SkyAlert Observing Conditions
2026-05-20T06:43:42.6920|INFO|WeatherDataVM.cs|Disconnect|305|Disconnected Weather Device
2026-05-20T06:43:42.7040|INFO|DisconnectAllEquipment.cs|Execute|139|Dome is already disconnected
2026-05-20T06:43:42.7314|INFO|AscomDevice.cs|Disconnect|378|Disconnecting from ASCOM.GenericFile.SafetyMonitor Generic File driver
2026-05-20T06:43:42.7885|INFO|SafetyMonitorVM.cs|Disconnect|221|Disconnected Safety Monitor
2026-05-20T06:43:42.7889|INFO|SequenceItem.cs|Run|254|Finishing Category: Connect, Item: DisconnectAllEquipment
2026-05-20T06:43:42.7891|INFO|SequenceItem.cs|Run|208|Starting Category: Ground Station, Item: Send to Pushover, Title: Disconnected
2026-05-20T06:43:42.9574|INFO|SequenceItem.cs|Run|254|Finishing Category: Ground Station, Item: Send to Pushover, Title: Disconnected
2026-05-20T06:43:42.9578|INFO|SequenceItem.cs|Run|208|Starting Category: Ground Station, Item: Send to Telegram
2026-05-20T06:43:43.6189|INFO|SequenceItem.cs|Run|254|Finishing Category: Ground Station, Item: Send to Telegram
2026-05-20T06:43:43.6193|INFO|SequenceItem.cs|Run|254|Finishing Category: * Instruction Set *, Container: NINA.Sequencer.Container.EndAreaContainer, Strategy: SequentialStrategy, Items[FINISHED]: 9
2026-05-20T06:43:43.6196|INFO|SequenceItem.cs|Run|254|Finishing Category: * Instruction Set *, Container: NINA.Sequencer.Container.SequenceRootContainer, Strategy: SequentialStrategy, Items[FINISHED]: 3, Triggers: Category: Ground Station, Item: Failures to Telegram
2026-05-20T06:43:43.6209|INFO|Sequence2VM.cs|StartSequence|548|Advanced Sequence finished
2026-05-20T06:43:43.6220|INFO|WhenCommon.cs|InterruptWhen|350|Restarting sequence, Triggered -> true
2026-05-20T06:43:47.3318|INFO|PHD2Client.cs|ConnectAsync|102|PHD2Client: Connecting to PHD2 at 127.0.0.1:4400...
2026-05-20T06:43:49.3663|ERROR|PHD2Client.cs|ConnectAsync|132|PHD2Client: Connection failed: No connection could be made because the target machine actively refused it.
2026-05-20T06:44:26.5356|INFO|TsProgressReader.cs|ReadProgressDelta|75|[Subframes] TS progress delta: DB not found at C:\Users\nicka\AppData\Local\NINA\SchedulerPlugin — Target Scheduler not installed or DB path mismatch.
2026-05-20T06:49:26.5372|INFO|TsProgressReader.cs|ReadProgressDelta|75|[Subframes] TS progress delta: DB not found at C:\Users\nicka\AppData\Local\NINA\SchedulerPlugin — Target Scheduler not installed or DB path mismatch.
2026-05-20T06:54:26.5336|INFO|TsProgressReader.cs|ReadProgressDelta|75|[Subframes] TS progress delta: DB not found at C:\Users\nicka\AppData\Local\NINA\SchedulerPlugin — Target Scheduler not installed or DB path mismatch.
2026-05-20T06:59:26.5302|INFO|TsProgressReader.cs|ReadProgressDelta|75|[Subframes] TS progress delta: DB not found at C:\Users\nicka\AppData\Local\NINA\SchedulerPlugin — Target Scheduler not installed or DB path mismatch.
2026-05-20T07:04:26.5379|INFO|TsProgressReader.cs|ReadProgressDelta|75|[Subframes] TS progress delta: DB not found at C:\Users\nicka\AppData\Local\NINA\SchedulerPlugin — Target Scheduler not installed or DB path mismatch.
2026-05-20T07:09:26.5299|INFO|TsProgressReader.cs|ReadProgressDelta|75|[Subframes] TS progress delta: DB not found at C:\Users\nicka\AppData\Local\NINA\SchedulerPlugin — Target Scheduler not installed or DB path mismatch.
2026-05-20T07:14:26.5309|INFO|TsProgressReader.cs|ReadProgressDelta|75|[Subframes] TS progress delta: DB not found at C:\Users\nicka\AppData\Local\NINA\SchedulerPlugin — Target Scheduler not installed or DB path mismatch.
2026-05-20T07:19:26.5268|INFO|TsProgressReader.cs|ReadProgressDelta|75|[Subframes] TS progress delta: DB not found at C:\Users\nicka\AppData\Local\NINA\SchedulerPlugin — Target Scheduler not installed or DB path mismatch.
2026-05-20T07:24:26.5316|INFO|TsProgressReader.cs|ReadProgressDelta|75|[Subframes] TS progress delta: DB not found at C:\Users\nicka\AppData\Local\NINA\SchedulerPlugin — Target Scheduler not installed or DB path mismatch.
2026-05-20T07:29:26.5265|INFO|TsProgressReader.cs|ReadProgressDelta|75|[Subframes] TS progress delta: DB not found at C:\Users\nicka\AppData\Local\NINA\SchedulerPlugin — Target Scheduler not installed or DB path mismatch.
2026-05-20T07:34:26.5293|INFO|TsProgressReader.cs|ReadProgressDelta|75|[Subframes] TS progress delta: DB not found at C:\Users\nicka\AppData\Local\NINA\SchedulerPlugin — Target Scheduler not installed or DB path mismatch.
2026-05-20T07:39:26.5290|INFO|TsProgressReader.cs|ReadProgressDelta|75|[Subframes] TS progress delta: DB not found at C:\Users\nicka\AppData\Local\NINA\SchedulerPlugin — Target Scheduler not installed or DB path mismatch.
2026-05-20T07:44:26.5396|INFO|TsProgressReader.cs|ReadProgressDelta|75|[Subframes] TS progress delta: DB not found at C:\Users\nicka\AppData\Local\NINA\SchedulerPlugin — Target Scheduler not installed or DB path mismatch.
2026-05-20T07:49:26.5403|INFO|TsProgressReader.cs|ReadProgressDelta|75|[Subframes] TS progress delta: DB not found at C:\Users\nicka\AppData\Local\NINA\SchedulerPlugin — Target Scheduler not installed or DB path mismatch.
2026-05-20T07:54:26.5399|INFO|TsProgressReader.cs|ReadProgressDelta|75|[Subframes] TS progress delta: DB not found at C:\Users\nicka\AppData\Local\NINA\SchedulerPlugin — Target Scheduler not installed or DB path mismatch.
2026-05-20T07:59:26.5297|INFO|TsProgressReader.cs|ReadProgressDelta|75|[Subframes] TS progress delta: DB not found at C:\Users\nicka\AppData\Local\NINA\SchedulerPlugin — Target Scheduler not installed or DB path mismatch.
2026-05-20T08:04:26.5422|INFO|TsProgressReader.cs|ReadProgressDelta|75|[Subframes] TS progress delta: DB not found at C:\Users\nicka\AppData\Local\NINA\SchedulerPlugin — Target Scheduler not installed or DB path mismatch.
2026-05-20T08:09:26.5411|INFO|TsProgressReader.cs|ReadProgressDelta|75|[Subframes] TS progress delta: DB not found at C:\Users\nicka\AppData\Local\NINA\SchedulerPlugin — Target Scheduler not installed or DB path mismatch.
2026-05-20T08:14:26.5352|INFO|TsProgressReader.cs|ReadProgressDelta|75|[Subframes] TS progress delta: DB not found at C:\Users\nicka\AppData\Local\NINA\SchedulerPlugin — Target Scheduler not installed or DB path mismatch.
2026-05-20T08:19:26.5389|INFO|TsProgressReader.cs|ReadProgressDelta|75|[Subframes] TS progress delta: DB not found at C:\Users\nicka\AppData\Local\NINA\SchedulerPlugin — Target Scheduler not installed or DB path mismatch.
2026-05-20T08:24:26.5343|INFO|TsProgressReader.cs|ReadProgressDelta|75|[Subframes] TS progress delta: DB not found at C:\Users\nicka\AppData\Local\NINA\SchedulerPlugin — Target Scheduler not installed or DB path mismatch.
2026-05-20T08:29:26.5281|INFO|TsProgressReader.cs|ReadProgressDelta|75|[Subframes] TS progress delta: DB not found at C:\Users\nicka\AppData\Local\NINA\SchedulerPlugin — Target Scheduler not installed or DB path mismatch.
2026-05-20T08:34:26.5297|INFO|TsProgressReader.cs|ReadProgressDelta|75|[Subframes] TS progress delta: DB not found at C:\Users\nicka\AppData\Local\NINA\SchedulerPlugin — Target Scheduler not installed or DB path mismatch.
2026-05-20T08:39:26.5312|INFO|TsProgressReader.cs|ReadProgressDelta|75|[Subframes] TS progress delta: DB not found at C:\Users\nicka\AppData\Local\NINA\SchedulerPlugin — Target Scheduler not installed or DB path mismatch.
2026-05-20T08:44:26.5312|INFO|TsProgressReader.cs|ReadProgressDelta|75|[Subframes] TS progress delta: DB not found at C:\Users\nicka\AppData\Local\NINA\SchedulerPlugin — Target Scheduler not installed or DB path mismatch.
2026-05-20T08:49:26.5375|INFO|TsProgressReader.cs|ReadProgressDelta|75|[Subframes] TS progress delta: DB not found at C:\Users\nicka\AppData\Local\NINA\SchedulerPlugin — Target Scheduler not installed or DB path mismatch.
2026-05-20T08:54:26.5342|INFO|TsProgressReader.cs|ReadProgressDelta|75|[Subframes] TS progress delta: DB not found at C:\Users\nicka\AppData\Local\NINA\SchedulerPlugin — Target Scheduler not installed or DB path mismatch.
2026-05-20T08:59:26.5334|INFO|TsProgressReader.cs|ReadProgressDelta|75|[Subframes] TS progress delta: DB not found at C:\Users\nicka\AppData\Local\NINA\SchedulerPlugin — Target Scheduler not installed or DB path mismatch.
2026-05-20T09:04:26.5289|INFO|TsProgressReader.cs|ReadProgressDelta|75|[Subframes] TS progress delta: DB not found at C:\Users\nicka\AppData\Local\NINA\SchedulerPlugin — Target Scheduler not installed or DB path mismatch.
2026-05-20T09:09:26.5298|INFO|TsProgressReader.cs|ReadProgressDelta|75|[Subframes] TS progress delta: DB not found at C:\Users\nicka\AppData\Local\NINA\SchedulerPlugin — Target Scheduler not installed or DB path mismatch.
2026-05-20T09:14:26.5267|INFO|TsProgressReader.cs|ReadProgressDelta|75|[Subframes] TS progress delta: DB not found at C:\Users\nicka\AppData\Local\NINA\SchedulerPlugin — Target Scheduler not installed or DB path mismatch.
2026-05-20T09:19:26.5301|INFO|TsProgressReader.cs|ReadProgressDelta|75|[Subframes] TS progress delta: DB not found at C:\Users\nicka\AppData\Local\NINA\SchedulerPlugin — Target Scheduler not installed or DB path mismatch.
2026-05-20T09:24:26.5274|INFO|TsProgressReader.cs|ReadProgressDelta|75|[Subframes] TS progress delta: DB not found at C:\Users\nicka\AppData\Local\NINA\SchedulerPlugin — Target Scheduler not installed or DB path mismatch.
2026-05-20T09:29:26.5381|INFO|TsProgressReader.cs|ReadProgressDelta|75|[Subframes] TS progress delta: DB not found at C:\Users\nicka\AppData\Local\NINA\SchedulerPlugin — Target Scheduler not installed or DB path mismatch.
2026-05-20T09:34:26.5277|INFO|TsProgressReader.cs|ReadProgressDelta|75|[Subframes] TS progress delta: DB not found at C:\Users\nicka\AppData\Local\NINA\SchedulerPlugin — Target Scheduler not installed or DB path mismatch.
2026-05-20T09:39:26.5326|INFO|TsProgressReader.cs|ReadProgressDelta|75|[Subframes] TS progress delta: DB not found at C:\Users\nicka\AppData\Local\NINA\SchedulerPlugin — Target Scheduler not installed or DB path mismatch.
2026-05-20T09:44:26.5389|INFO|TsProgressReader.cs|ReadProgressDelta|75|[Subframes] TS progress delta: DB not found at C:\Users\nicka\AppData\Local\NINA\SchedulerPlugin — Target Scheduler not installed or DB path mismatch.
2026-05-20T09:49:26.5323|INFO|TsProgressReader.cs|ReadProgressDelta|75|[Subframes] TS progress delta: DB not found at C:\Users\nicka\AppData\Local\NINA\SchedulerPlugin — Target Scheduler not installed or DB path mismatch.
2026-05-20T09:54:26.5408|INFO|TsProgressReader.cs|ReadProgressDelta|75|[Subframes] TS progress delta: DB not found at C:\Users\nicka\AppData\Local\NINA\SchedulerPlugin — Target Scheduler not installed or DB path mismatch.
2026-05-20T09:59:26.5364|INFO|TsProgressReader.cs|ReadProgressDelta|75|[Subframes] TS progress delta: DB not found at C:\Users\nicka\AppData\Local\NINA\SchedulerPlugin — Target Scheduler not installed or DB path mismatch.
2026-05-20T10:04:26.5271|INFO|TsProgressReader.cs|ReadProgressDelta|75|[Subframes] TS progress delta: DB not found at C:\Users\nicka\AppData\Local\NINA\SchedulerPlugin — Target Scheduler not installed or DB path mismatch.
2026-05-20T10:09:26.5419|INFO|TsProgressReader.cs|ReadProgressDelta|75|[Subframes] TS progress delta: DB not found at C:\Users\nicka\AppData\Local\NINA\SchedulerPlugin — Target Scheduler not installed or DB path mismatch.
2026-05-20T10:14:26.5414|INFO|TsProgressReader.cs|ReadProgressDelta|75|[Subframes] TS progress delta: DB not found at C:\Users\nicka\AppData\Local\NINA\SchedulerPlugin — Target Scheduler not installed or DB path mismatch.
2026-05-20T10:19:26.5335|INFO|TsProgressReader.cs|ReadProgressDelta|75|[Subframes] TS progress delta: DB not found at C:\Users\nicka\AppData\Local\NINA\SchedulerPlugin — Target Scheduler not installed or DB path mismatch.
2026-05-20T10:24:26.5343|INFO|TsProgressReader.cs|ReadProgressDelta|75|[Subframes] TS progress delta: DB not found at C:\Users\nicka\AppData\Local\NINA\SchedulerPlugin — Target Scheduler not installed or DB path mismatch.
2026-05-20T10:29:26.5354|INFO|TsProgressReader.cs|ReadProgressDelta|75|[Subframes] TS progress delta: DB not found at C:\Users\nicka\AppData\Local\NINA\SchedulerPlugin — Target Scheduler not installed or DB path mismatch.
2026-05-20T10:34:26.5270|INFO|TsProgressReader.cs|ReadProgressDelta|75|[Subframes] TS progress delta: DB not found at C:\Users\nicka\AppData\Local\NINA\SchedulerPlugin — Target Scheduler not installed or DB path mismatch.
2026-05-20T10:39:26.5409|INFO|TsProgressReader.cs|ReadProgressDelta|75|[Subframes] TS progress delta: DB not found at C:\Users\nicka\AppData\Local\NINA\SchedulerPlugin — Target Scheduler not installed or DB path mismatch.
2026-05-20T10:44:26.5362|INFO|TsProgressReader.cs|ReadProgressDelta|75|[Subframes] TS progress delta: DB not found at C:\Users\nicka\AppData\Local\NINA\SchedulerPlugin — Target Scheduler not installed or DB path mismatch.
2026-05-20T10:49:26.5294|INFO|TsProgressReader.cs|ReadProgressDelta|75|[Subframes] TS progress delta: DB not found at C:\Users\nicka\AppData\Local\NINA\SchedulerPlugin — Target Scheduler not installed or DB path mismatch.
2026-05-20T10:54:26.5304|INFO|TsProgressReader.cs|ReadProgressDelta|75|[Subframes] TS progress delta: DB not found at C:\Users\nicka\AppData\Local\NINA\SchedulerPlugin — Target Scheduler not installed or DB path mismatch.
2026-05-20T10:59:26.5301|INFO|TsProgressReader.cs|ReadProgressDelta|75|[Subframes] TS progress delta: DB not found at C:\Users\nicka\AppData\Local\NINA\SchedulerPlugin — Target Scheduler not installed or DB path mismatch.
2026-05-20T11:04:26.5294|INFO|TsProgressReader.cs|ReadProgressDelta|75|[Subframes] TS progress delta: DB not found at C:\Users\nicka\AppData\Local\NINA\SchedulerPlugin — Target Scheduler not installed or DB path mismatch.
2026-05-20T11:09:26.5358|INFO|TsProgressReader.cs|ReadProgressDelta|75|[Subframes] TS progress delta: DB not found at C:\Users\nicka\AppData\Local\NINA\SchedulerPlugin — Target Scheduler not installed or DB path mismatch.
2026-05-20T11:14:26.5416|INFO|TsProgressReader.cs|ReadProgressDelta|75|[Subframes] TS progress delta: DB not found at C:\Users\nicka\AppData\Local\NINA\SchedulerPlugin — Target Scheduler not installed or DB path mismatch.
2026-05-20T11:19:26.5301|INFO|TsProgressReader.cs|ReadProgressDelta|75|[Subframes] TS progress delta: DB not found at C:\Users\nicka\AppData\Local\NINA\SchedulerPlugin — Target Scheduler not installed or DB path mismatch.
2026-05-20T11:22:44.4054|INFO|ApplicationVM.cs|Exit|244|Shutting down application - requested by user
2026-05-20T11:22:44.5131|INFO|ApplicationVM.cs|Closing|289|Application shutting down
2026-05-20T11:22:44.5771|INFO|DomeVM.cs|Disconnect|355|Disconnected Dome Device
2026-05-20T11:22:44.5827|INFO|FlatDeviceVM.cs|Disconnect|289|Disconnected Flat Device
2026-05-20T11:22:44.5941|INFO|CameraVM.cs|Disconnect|650|Disconnected Camera
2026-05-20T11:22:44.5949|INFO|TelescopeVM.cs|Disconnect|740|Disconnected mount
2026-05-20T11:22:44.5969|INFO|FilterWheelVM.cs|Disconnect|333|Disconnected Filter Wheel
2026-05-20T11:22:44.5975|INFO|FocuserVM.cs|Disconnect|441|Disconnected Focuser
2026-05-20T11:22:44.6031|INFO|RotatorVM.cs|Disconnect|447|Disconnected Rotator
2026-05-20T11:22:44.6079|INFO|SwitchVM.cs|Disconnect|309|Disconnected Switch
2026-05-20T11:22:44.6124|INFO|WeatherDataVM.cs|Disconnect|305|Disconnected Weather Device
2026-05-20T11:22:44.6128|INFO|SafetyMonitorVM.cs|Disconnect|221|Disconnected Safety Monitor
2026-05-20T11:22:44.8539|INFO|API.cs|StopWatchers|86|Stopping all event watchers
2026-05-20T11:22:44.8979|INFO|NightSummaryPlugin.cs|Teardown|443|NightSummary: Plugin torn down
2026-05-20T11:22:44.9548|INFO|Plugin.cs|Teardown|377|[Subframes] Plugin unloaded (primary instance).
