----------------------------------------------------------------------
--------------N.I.N.A. - Nighttime Imaging 'N' Astronomy--------------
--------------------------Version 3.2.0.9001--------------------------
-------------------------2026-05-27T17:00:18--------------------------
----------------------------------------------------------------------
---------------------Microsoft Windows 10.0.19045---------------------
-------------------------OS Architecture X64--------------------------
-----------------------Process Architecture X64-----------------------
-----------------------------.NET 8.0.21------------------------------
----------------------------------------------------------------------
--------------------------Processor Count 4---------------------------
--------------------Total Physical Memory 7.84 GB---------------------
----------------------------------------------------------------------
DATE|LEVEL|SOURCE|MEMBER|LINE|MESSAGE
2026-05-27T17:00:18.4511|INFO|CameraChooserVM.cs|GetEquipment|69|Found 2 ASI Cameras
2026-05-27T17:00:19.7291|INFO|CameraChooserVM.cs|GetEquipment|84|Found 0 Altair Cameras
2026-05-27T17:00:19.9556|INFO|CameraChooserVM.cs|GetEquipment|96|Found 0 Atik Cameras
2026-05-27T17:00:20.0350|INFO|CameraChooserVM.cs|GetEquipment|110|Found 0 FLI Cameras
2026-05-27T17:00:21.3573|INFO|CameraChooserVM.cs|GetEquipment|130|Found 0 QHYCCD Cameras
2026-05-27T17:00:21.9219|INFO|CameraChooserVM.cs|GetEquipment|158|Found 0 ToupTek Cameras
2026-05-27T17:00:22.2024|INFO|CameraChooserVM.cs|GetEquipment|173|Found 0 Ogma Cameras
2026-05-27T17:00:22.3629|INFO|CameraChooserVM.cs|GetEquipment|188|Found 0 Omegon Cameras
2026-05-27T17:00:22.7764|INFO|CameraChooserVM.cs|GetEquipment|203|Found 0 RisingCam Cameras
2026-05-27T17:00:22.9112|INFO|CameraChooserVM.cs|GetEquipment|218|Found 0 MallinCam Cameras
2026-05-27T17:00:23.0242|INFO|CameraChooserVM.cs|GetEquipment|243|Found 0 SVBony Cameras
2026-05-27T17:00:23.0277|INFO|CameraChooserVM.cs|GetEquipment|259|Found 0 SBIG Cameras
2026-05-27T17:00:29.4685|INFO|ApplicationVM.cs|CheckDiskInfo|100|Available Space on Drive C:\: 143.35 GB
2026-05-27T17:00:29.4751|INFO|ApplicationVM.cs|CheckDiskInfo|102|Drive E:\ is not ready
2026-05-27T17:00:29.4774|INFO|ApplicationVM.cs|CheckDiskInfo|100|Available Space on Drive G:\: 62.11 GB
2026-05-27T17:00:29.4855|INFO|ApplicationVM.cs|CheckDiskInfo|100|Available Space on Drive Z:\: 34.37 GB
2026-05-27T17:00:30.9148|INFO|ApplicationVM.cs|CheckASCOMPlatformVersion|81|ASCOM Platform 6.6.2.4195 installed
2026-05-27T17:00:31.4733|INFO|API.cs|Start|99|Starting Webserver
2026-05-27T17:00:31.4747|INFO|API.cs|APITask|134|starting web server, listening at 172.19.6.111:1888
2026-05-27T17:00:31.6562|INFO|NINALogWatcher.cs|Start|33|watching log file: C:\Users\nicka\AppData\Local\NINA\Logs\20260407-112115-3.2.0.9001.10484-202604.log
2026-05-27T17:00:31.6736|INFO|PluginLoader.cs|LoadPlugin|402|Successfully loaded plugin Advanced API version 2.2.15.1 by Christian Palm
2026-05-27T17:00:31.9074|INFO|PluginLoader.cs|LoadPlugin|402|Successfully loaded plugin Autofocus Report Analysis version 2.0.0.9 by Stefan Berg @isbeorn
2026-05-27T17:00:32.7030|INFO|PluginLoader.cs|LoadPlugin|402|Successfully loaded plugin Connector version 2.1.0.2 by Stefan Berg @isbeorn
2026-05-27T17:00:32.9664|INFO|PluginLoader.cs|LoadPlugin|402|Successfully loaded plugin Device Actions and Commands version 2.2.0.0 by Dale Ghent
2026-05-27T17:00:33.9179|INFO|PluginLoader.cs|LoadPlugin|402|Successfully loaded plugin Discord Alert version 2.2.0.0 by Drew McDermott
2026-05-27T17:00:35.9227|INFO|PluginLoader.cs|LoadPlugin|402|Successfully loaded plugin Discord Notification version 2.0.0.10 by Daniel Ludwig
2026-05-27T17:00:38.2244|INFO|DitherStatisticsVM.cs|CreatePluginIcon|1483|Plugin icon geometry created successfully
2026-05-27T17:00:38.2488|INFO|DitherStatisticsVM.cs|LoadDataTemplates|1452|DitherStatistics DataTemplates loaded successfully
2026-05-27T17:00:38.2524|INFO|DitherStatisticsVM.cs|SaveQualityAssessmentSetting|387|Quality Assessment setting saved to file: True
2026-05-27T17:00:38.2526|INFO|DitherStatisticsVM.cs|LoadQualityAssessmentSetting|364|Quality Assessment setting loaded from file: True
2026-05-27T17:00:38.2675|INFO|DitherStatisticsVM.cs|SaveDitherOptimizerSetting|490|Dither Optimizer setting saved to file: False
2026-05-27T17:00:38.2677|INFO|DitherStatisticsVM.cs|LoadDitherOptimizerSetting|471|Dither Optimizer setting loaded from file: False
2026-05-27T17:00:38.2681|INFO|DitherStatisticsVM.cs|SubscribeToGuiderEvents|834|Subscribed to NINA guider events
2026-05-27T17:00:38.2717|ERROR|DitherStatisticsVM.cs|GetThemeColor|1437|Failed to get theme color 'PrimaryBrush': The calling thread cannot access this object because a different thread owns it.
2026-05-27T17:00:38.2719|INFO|DitherStatisticsVM.cs|StartThemeColorMonitoring|1329|Initial PrimaryBrush color: R:255 G:255 B:255
2026-05-27T17:00:38.2720|INFO|DitherStatisticsVM.cs|.ctor|96|DitherStatisticsVM initialized successfully with ScottPlot 4.1 (Lazy Loading)!
2026-05-27T17:00:38.2725|INFO|DitherStatisticsVM.cs|StartThemeColorMonitoring|1338|Theme color monitoring timer started on UI thread
2026-05-27T17:00:38.2727|INFO|PluginLoader.cs|LoadPlugin|402|Successfully loaded plugin Dither Statistics version 1.3.0.0 by Thierry Tschanz
2026-05-27T17:00:38.4973|INFO|PluginLoader.cs|LoadPlugin|402|Successfully loaded plugin Filter Offset Calculator version 2.0.0.0 by S. Dimant & Stefan Berg
2026-05-27T17:00:38.7759|INFO|DitherStatisticsVM.cs|OnThemeColorTimerTick|1357|Theme color CHANGED! Old: R:255 G:255 B:255 -> New: R:176 G:179 B:185
2026-05-27T17:00:38.8327|INFO|PluginLoader.cs|LoadPlugin|402|Successfully loaded plugin Flexure Correction version 0.8.0.0 by Francesco Meschia
2026-05-27T17:00:38.8726|INFO|DitherStatisticsVM.cs|PixelShiftPlot|136|PixelShiftPlot created (lazy loading)
2026-05-27T17:00:38.9054|INFO|DitherStatisticsVM.cs|SettleTimePlot|177|SettleTimePlot created (lazy loading)
2026-05-27T17:00:40.2722|INFO|DitherStatisticsVM.cs|ConnectToPHD2|708|Attempting to connect to PHD2...
2026-05-27T17:00:40.2744|INFO|PHD2Client.cs|ConnectAsync|102|PHD2Client: Connecting to PHD2 at 127.0.0.1:4400...
2026-05-27T17:00:42.3179|ERROR|PHD2Client.cs|ConnectAsync|132|PHD2Client: Connection failed: No connection could be made because the target machine actively refused it.
2026-05-27T17:00:42.3183|INFO|DitherStatisticsVM.cs|OnPHD2ConnectionStatusChanged|737|PHD2 Connection Status: Connection failed: No connection could be made because the target machine actively refused it.
2026-05-27T17:00:42.4767|INFO|PluginLoader.cs|LoadPlugin|402|Successfully loaded plugin Ground Station version 3.0.0.117 by Dale Ghent
2026-05-27T17:00:49.0929|INFO|PluginLoader.cs|LoadPlugin|402|Successfully loaded plugin Hocus Focus version 3.0.0.26 by George Hilios (jokogeo)
2026-05-27T17:00:49.6099|INFO|PluginLoader.cs|LoadPlugin|402|Successfully loaded plugin Horizon Creator version 1.1.2.1 by Christian Palm
2026-05-27T17:00:49.8825|INFO|PluginLoader.cs|LoadPlugin|402|Successfully loaded plugin Lightbucket version 2.2.4.0 by Lightbucket
2026-05-27T17:00:51.3072|INFO|PluginLoader.cs|LoadPlugin|402|Successfully loaded plugin Livestack version 1.1.3.0 by Stefan Berg @isbeorn
2026-05-27T17:00:51.6037|INFO|PluginLoader.cs|LoadPlugin|402|Successfully loaded plugin Log Viewer version 1.0.0.2 by Alexander Wrede @astro_alex80
2026-05-27T17:00:51.8936|INFO|PluginLoader.cs|LoadPlugin|402|Successfully loaded plugin Moon Angle version 2.2.0.0 by Dale Ghent
2026-05-27T17:00:52.4844|INFO|SessionDatabase.cs|.ctor|34|NightSummary: Database path: C:\Users\nicka\AppData\Local\NINA\NightSummary\nightsummary.sqlite
2026-05-27T17:00:52.4846|INFO|SessionDatabase.cs|.ctor|35|NightSummary: Database exists: True
2026-05-27T17:00:52.5269|INFO|SessionService.cs|.ctor|123|NightSummary: SessionService created — messageBroker=True
2026-05-27T17:00:52.7542|INFO|NightSummaryPlugin.cs|.ctor|424|NightSummary: Plugin initialized successfully
2026-05-27T17:00:52.7620|INFO|SessionDatabase.cs|.ctor|34|NightSummary: Database path: C:\Users\nicka\AppData\Local\NINA\NightSummary\nightsummary.sqlite
2026-05-27T17:00:52.7623|INFO|SessionDatabase.cs|.ctor|35|NightSummary: Database exists: True
2026-05-27T17:00:52.7795|INFO|SessionService.cs|.ctor|123|NightSummary: SessionService created — messageBroker=True
2026-05-27T17:00:52.7819|INFO|PluginLoader.cs|LoadPlugin|402|Successfully loaded plugin Night Summary version 3.1.0.0 by Evan Pegors @sleepypuppy15
2026-05-27T17:00:53.4088|INFO|PluginLoader.cs|LoadPlugin|402|Successfully loaded plugin Phd2 Tools version 1.0.6.0 by Stefan Berg @isbeorn
2026-05-27T17:00:53.9056|INFO|PluginLoader.cs|LoadPlugin|402|Successfully loaded plugin PixInsight Tools version 1.0.0.3 by Stefan Berg
2026-05-27T17:00:55.1057|INFO|PluginLoader.cs|LoadPlugin|402|Successfully loaded plugin Point3D version 0.2.3.0 by Drew McDermott
2026-05-27T17:00:55.6112|INFO|StarfrontClient.cs|StartFolderWatcher|167|[Rockwood] Watching: C:\ASTROIMAGES\NINA\
2026-05-27T17:00:55.6124|INFO|PluginLoader.cs|LoadPlugin|402|Successfully loaded plugin Rockwood Starfront version 1.0.0.0 by Rockwood Observatory
2026-05-27T17:00:55.6135|INFO|StarfrontClient.cs|RunLoop|68|[Rockwood] connecting to wss://api.starfront.space:443/ws/scope?key=***
2026-05-27T17:00:55.8016|INFO|StarfrontClient.cs|RunLoop|71|[Rockwood] connected
2026-05-27T17:00:56.7314|INFO|PluginLoader.cs|LoadPlugin|402|Successfully loaded plugin Scope Control version 2.0.2.1 by Stefan Berg @isbeorn
2026-05-27T17:00:59.5606|WARNING|When.cs|GetRunningItem|143|Can't get running items: SequencerNavigation not initialized yet!
2026-05-27T17:00:59.8232|INFO|PluginLoader.cs|LoadPlugin|402|Successfully loaded plugin Sequencer Powerups version 3.29.0.9 by Marc Blank
2026-05-27T17:01:02.2553|WARNING|SequencerPlus.cs|GetRunningItem|150|Can't get running items: SequencerNavigation not initialized yet!
2026-05-27T17:01:02.9124|INFO|PluginLoader.cs|LoadPlugin|402|Successfully loaded plugin Sequencer+ version 3.29.0.12 by  Carl Björk (Elveteek Sàrl)
2026-05-27T17:01:04.0797|INFO|PluginLoader.cs|LoadPlugin|402|Successfully loaded plugin Session Metadata version 2.6.3.0 by Tom Palmer @tcpalmer
2026-05-27T17:01:04.2204|INFO|PluginLoader.cs|LoadPlugin|402|Successfully loaded plugin Shutdown PC version 2.2.0.0 by Dale Ghent
2026-05-27T17:01:04.5693|WARNING|When.cs|GetRunningItem|143|Can't get running items: SequencerNavigation not initialized yet!
2026-05-27T17:01:04.6229|INFO|PluginLoader.cs|LoadPlugin|402|Successfully loaded plugin SkyFlats version 1.0.0.4 by Gerald Hitz (@photon)
2026-05-27T17:01:05.3345|INFO|PluginLoader.cs|LoadPlugin|402|Successfully loaded plugin Smart Filters version 1.0.0.3 by Benoit SAINTOT
2026-05-27T17:01:05.4396|INFO|Plugin.cs|RunStationHeartbeatLoopAsync|987|[Subframes] TS not detected at startup - deferring first heartbeat to allow plugin load to complete.
2026-05-27T17:01:05.4459|INFO|SyncEngine.cs|Start|41|[Subframes] SyncEngine started.
2026-05-27T17:01:05.4480|INFO|CacheReplayEngine.cs|Start|101|[Subframes] CacheReplayEngine started.
2026-05-27T17:01:05.4514|INFO|Plugin.cs|.ctor|184|[Subframes] Plugin loaded (primary instance).
2026-05-27T17:01:05.4529|WARNING|Plugin.cs|OnImportsSatisfied|217|[Subframes] Sequence event subscription deferred - SequenceMediator internals not yet initialized.
2026-05-27T17:01:05.4591|WARNING|Plugin.cs|.ctor|125|[Subframes] Duplicate plugin instance created by MEF - proxying to primary to prevent duplicate sessions/sync.
2026-05-27T17:01:05.4614|INFO|PluginLoader.cs|LoadPlugin|402|Successfully loaded plugin Subframes version 0.4.4.0 by Subframes
2026-05-27T17:01:06.3584|INFO|PluginLoader.cs|LoadPlugin|402|Successfully loaded plugin Target Planning version 3.2.1.0 by Tom Palmer @tcpalmer
2026-05-27T17:01:07.2601|WARNING|SequencerPlus.cs|GetRunningItem|150|Can't get running items: SequencerNavigation not initialized yet!
2026-05-27T17:01:07.2616|WARNING|SequencerPlus.cs|GetRunningItem|150|Can't get running items: SequencerNavigation not initialized yet!
2026-05-27T17:01:09.5708|WARNING|When.cs|GetRunningItem|143|Can't get running items: SequencerNavigation not initialized yet!
2026-05-27T17:01:12.2640|WARNING|SequencerPlus.cs|GetRunningItem|150|Can't get running items: SequencerNavigation not initialized yet!
2026-05-27T17:01:12.2655|WARNING|SequencerPlus.cs|GetRunningItem|150|Can't get running items: SequencerNavigation not initialized yet!
2026-05-27T17:01:13.0269|INFO|PluginLoader.cs|LoadPlugin|402|Successfully loaded plugin Target Scheduler version 5.9.0.0 by Tom Palmer @tcpalmer
2026-05-27T17:01:13.1345|INFO|PluginLoader.cs|LoadPlugin|402|Successfully loaded plugin Three Point Polar Alignment version 2.2.6.2 by Stefan Berg @isbeorn
2026-05-27T17:01:13.4485|INFO|Plugin.cs|TrySendStationHeartbeatDebounced|971|[Subframes] Firing station heartbeat [startup loop first tick].
2026-05-27T17:01:13.4574|INFO|TsProgressReader.cs|ReadProgressSnapshot|40|[Subframes] TS progress snapshot: DB not found at C:\Users\nicka\AppData\Local\NINA\SchedulerPlugin — Target Scheduler not installed or DB path mismatch.
2026-05-27T17:01:14.5719|WARNING|When.cs|GetRunningItem|143|Can't get running items: SequencerNavigation not initialized yet!
2026-05-27T17:01:15.8469|INFO|SessionHistoryManager.cs|PurgeHistoryOlderThan|102|purging web session history older than 10 days
2026-05-27T17:01:15.9042|INFO|PluginLoader.cs|LoadPlugin|402|Successfully loaded plugin Web Session History Viewer version 2.2.1.0 by Tom Palmer @tcpalmer
2026-05-27T17:01:16.5220|INFO|PluginFetcher.cs|RequestAll|43|Fetching plugin manifests from https://nighttime-imaging.eu/wp-json/nina/v1/plugins/manifests
2026-05-27T17:01:16.8343|INFO|RotatorChooserVM.cs|GetEquipment|45|Found 1 Networked Rotator Rotators
2026-05-27T17:01:17.3650|WARNING|SequencerPlus.cs|GetRunningItem|150|Can't get running items: SequencerNavigation not initialized yet!
2026-05-27T17:01:17.3666|WARNING|SequencerPlus.cs|GetRunningItem|150|Can't get running items: SequencerNavigation not initialized yet!
2026-05-27T17:01:17.4591|INFO|FilterWheelChooserVM.cs|GetEquipment|167|Found 1 Networked Filter Wheel Filter Wheels
2026-05-27T17:01:17.5051|INFO|CameraChooserVM.cs|GetEquipment|279|Found 0 SVBony Cameras
2026-05-27T17:01:17.5740|INFO|Plugin.cs|TrySubscribeSequenceEvents|243|[Subframes] ISequenceMediator.SequenceStarted not present in this NINA build - session will open on first captured image instead.
2026-05-27T17:01:17.5743|INFO|Plugin.cs|RetrySubscribeSequenceEventsAsync|279|[Subframes] Deferred sequence event subscription succeeded after 12s.
2026-05-27T17:01:17.6223|INFO|CameraChooserVM.cs|GetEquipment|279|Found 0 PlayerOne Cameras
2026-05-27T17:01:17.6929|INFO|CameraChooserVM.cs|GetEquipment|279|Found 0 ASTPAN Cameras
2026-05-27T17:01:17.6951|INFO|CameraChooserVM.cs|GetEquipment|293|Found 4 ASCOM Cameras
2026-05-27T17:01:18.6526|INFO|PluginFetcher.cs|RequestAll|57|Found 81 valid plugins at https://nighttime-imaging.eu/wp-json/nina/v1/plugins/manifests
2026-05-27T17:01:18.7112|INFO|DomeChooserVM.cs|GetEquipment|67|Found 0 Alpaca Domes
2026-05-27T17:01:18.8393|INFO|RotatorChooserVM.cs|GetEquipment|68|Found 0 Alpaca Rotators
2026-05-27T17:01:18.9884|INFO|SwitchChooserVM.cs|GetEquipment|71|Found 0 Alpaca Switch Hubs
2026-05-27T17:01:19.1169|INFO|WeatherDataChooserVM.cs|GetEquipment|69|Found 0 Alpaca Observing Conditions
2026-05-27T17:01:19.1195|INFO|SafetyMonitorChooserVM.cs|GetEquipment|71|Found 0 Alpaca Safety Monitors
2026-05-27T17:01:19.2231|INFO|TelescopeChooserVM.cs|GetEquipment|69|Found 0 Alpaca Telescopes
2026-05-27T17:01:19.3786|INFO|FlatDeviceChooserVM.cs|GetEquipment|67|Found 0 Alpaca Cover Calibrators
2026-05-27T17:01:19.4675|INFO|FilterWheelChooserVM.cs|GetEquipment|193|Found 0 Alpaca Filter Wheels
2026-05-27T17:01:19.6987|INFO|CameraChooserVM.cs|GetEquipment|305|Found 0 Alpaca Cameras
2026-05-27T17:01:19.7037|INFO|CameraChooserVM.cs|GetEquipment|318|Found 0 Canon Cameras
2026-05-27T17:01:20.5505|INFO|FocuserChooserVM.cs|GetEquipment|84|Found 0 Alpaca Focusers
2026-05-27T17:01:51.7660|INFO|Sequence2VM.cs|StartSequence|543|Advanced Sequence starting
2026-05-27T17:01:54.6391|INFO|SequenceItem.cs|Run|208|Starting Category: * Instruction Set *, Container: NINA.Sequencer.Container.SequenceRootContainer, Strategy: SequentialStrategy, Items[CREATED]: 3, Triggers: Category: Ground Station, Item: Failures to Telegram
2026-05-27T17:01:54.6485|INFO|SequenceItem.cs|Run|208|Starting Category: * Instruction Set *, Container: NINA.Sequencer.Container.StartAreaContainer, Strategy: SequentialStrategy, Items[CREATED]: 1
2026-05-27T17:01:54.6493|INFO|SequenceItem.cs|Run|208|Starting Category: * Instruction Set *, Container: NINA.Sequencer.Container.SequentialContainer, Strategy: SequentialStrategy, Items[CREATED]: 11
2026-05-27T17:01:54.6503|INFO|SequenceItem.cs|Run|208|Starting Category: Ground Station, Item: Send to Pushover, Title: Start
2026-05-27T17:01:54.8789|INFO|SequenceItem.cs|Run|254|Finishing Category: Ground Station, Item: Send to Pushover, Title: Start
2026-05-27T17:01:54.8827|INFO|SequenceItem.cs|Run|208|Starting Category: Ground Station, Item: Send to Telegram
2026-05-27T17:01:55.6883|INFO|SequenceItem.cs|Run|254|Finishing Category: Ground Station, Item: Send to Telegram
2026-05-27T17:01:55.6902|INFO|SequenceItem.cs|Run|208|Starting Category: Utility, Item: WaitForTime, Time: 20:15:45h, Offset: -80
2026-05-27T17:02:12.5433|INFO|TargetSchedulerDetector.cs|DoProbeAsync|177|[Subframes] TargetSchedulerDetector: state no_api → active
2026-05-27T17:02:12.5439|INFO|Plugin.cs|TrySendStationHeartbeatDebounced|971|[Subframes] Firing station heartbeat [TS state → active].
2026-05-27T17:02:12.5450|INFO|TsProgressReader.cs|ReadProgressDelta|75|[Subframes] TS progress delta: DB not found at C:\Users\nicka\AppData\Local\NINA\SchedulerPlugin — Target Scheduler not installed or DB path mismatch.
2026-05-27T17:02:12.5465|INFO|Plugin.cs|OnTsStateChanged|875|[Subframes] One-shot TS preview: waiting 120 s for TS to begin computing schedule.
2026-05-27T17:04:14.4378|INFO|TsPreviewClient.cs|LookupCoordinatesByName|179|[Subframes] TsPreviewClient.LookupCoordinatesByName: TS database not found at C:\Users\nicka\AppData\Local\NINA\SchedulerPlugin
2026-05-27T17:04:14.4378|INFO|TsPreviewClient.cs|LookupCoordinatesByName|179|[Subframes] TsPreviewClient.LookupCoordinatesByName: TS database not found at C:\Users\nicka\AppData\Local\NINA\SchedulerPlugin
2026-05-27T17:04:14.4426|INFO|Plugin.cs|TrySendStationHeartbeatDebounced|971|[Subframes] Firing station heartbeat [TS profile selected].
2026-05-27T17:04:14.4430|INFO|Plugin.cs|OnTsStateChanged|881|[Subframes] One-shot TS preview initial fetch: 2 target block(s) with exposure plans.
2026-05-27T17:04:14.4431|INFO|Plugin.cs|OnTsStateChanged|887|[Subframes] One-shot TS preview: waiting 60 s for stabilization check (poll 1/5).
2026-05-27T17:04:14.4431|INFO|TsProgressReader.cs|ReadProgressDelta|75|[Subframes] TS progress delta: DB not found at C:\Users\nicka\AppData\Local\NINA\SchedulerPlugin — Target Scheduler not installed or DB path mismatch.
2026-05-27T17:05:15.7520|INFO|TsPreviewClient.cs|LookupCoordinatesByName|179|[Subframes] TsPreviewClient.LookupCoordinatesByName: TS database not found at C:\Users\nicka\AppData\Local\NINA\SchedulerPlugin
2026-05-27T17:05:15.7524|INFO|Plugin.cs|OnTsStateChanged|894|[Subframes] One-shot TS preview poll 1: 2 target block(s) (previous: 2).
2026-05-27T17:05:15.7524|INFO|Plugin.cs|OnTsStateChanged|898|[Subframes] One-shot TS preview: schedule stabilized.
2026-05-27T17:05:15.7525|INFO|Plugin.cs|OnTsStateChanged|908|[Subframes] One-shot TS preview fetch complete (pre-session, 3 blocks, 2 targets with plans).
2026-05-27T17:05:15.7526|INFO|Plugin.cs|OnTsStateChanged|914|[Subframes] Cached initial night preview from one-shot: 3 blocks.
2026-05-27T17:05:15.7526|INFO|Plugin.cs|TrySendStationHeartbeatDebounced|971|[Subframes] Firing station heartbeat [one-shot TS preview].
2026-05-27T17:05:15.7528|INFO|TsProgressReader.cs|ReadProgressDelta|75|[Subframes] TS progress delta: DB not found at C:\Users\nicka\AppData\Local\NINA\SchedulerPlugin — Target Scheduler not installed or DB path mismatch.
2026-05-27T17:06:13.5349|INFO|TsProgressReader.cs|ReadProgressDelta|75|[Subframes] TS progress delta: DB not found at C:\Users\nicka\AppData\Local\NINA\SchedulerPlugin — Target Scheduler not installed or DB path mismatch.
2026-05-27T17:11:13.5287|INFO|TsProgressReader.cs|ReadProgressDelta|75|[Subframes] TS progress delta: DB not found at C:\Users\nicka\AppData\Local\NINA\SchedulerPlugin — Target Scheduler not installed or DB path mismatch.
2026-05-27T17:16:13.5350|INFO|TsProgressReader.cs|ReadProgressDelta|75|[Subframes] TS progress delta: DB not found at C:\Users\nicka\AppData\Local\NINA\SchedulerPlugin — Target Scheduler not installed or DB path mismatch.
2026-05-27T17:21:13.5344|INFO|TsProgressReader.cs|ReadProgressDelta|75|[Subframes] TS progress delta: DB not found at C:\Users\nicka\AppData\Local\NINA\SchedulerPlugin — Target Scheduler not installed or DB path mismatch.
2026-05-27T17:26:13.5302|INFO|TsProgressReader.cs|ReadProgressDelta|75|[Subframes] TS progress delta: DB not found at C:\Users\nicka\AppData\Local\NINA\SchedulerPlugin — Target Scheduler not installed or DB path mismatch.
2026-05-27T17:31:13.5375|INFO|TsProgressReader.cs|ReadProgressDelta|75|[Subframes] TS progress delta: DB not found at C:\Users\nicka\AppData\Local\NINA\SchedulerPlugin — Target Scheduler not installed or DB path mismatch.
2026-05-27T17:36:13.5345|INFO|TsProgressReader.cs|ReadProgressDelta|75|[Subframes] TS progress delta: DB not found at C:\Users\nicka\AppData\Local\NINA\SchedulerPlugin — Target Scheduler not installed or DB path mismatch.
2026-05-27T17:41:13.5277|INFO|TsProgressReader.cs|ReadProgressDelta|75|[Subframes] TS progress delta: DB not found at C:\Users\nicka\AppData\Local\NINA\SchedulerPlugin — Target Scheduler not installed or DB path mismatch.
2026-05-27T17:46:13.5236|INFO|TsProgressReader.cs|ReadProgressDelta|75|[Subframes] TS progress delta: DB not found at C:\Users\nicka\AppData\Local\NINA\SchedulerPlugin — Target Scheduler not installed or DB path mismatch.
2026-05-27T17:51:13.5343|INFO|TsProgressReader.cs|ReadProgressDelta|75|[Subframes] TS progress delta: DB not found at C:\Users\nicka\AppData\Local\NINA\SchedulerPlugin — Target Scheduler not installed or DB path mismatch.
2026-05-27T17:56:13.5273|INFO|TsProgressReader.cs|ReadProgressDelta|75|[Subframes] TS progress delta: DB not found at C:\Users\nicka\AppData\Local\NINA\SchedulerPlugin — Target Scheduler not installed or DB path mismatch.
2026-05-27T18:01:13.5281|INFO|TsProgressReader.cs|ReadProgressDelta|75|[Subframes] TS progress delta: DB not found at C:\Users\nicka\AppData\Local\NINA\SchedulerPlugin — Target Scheduler not installed or DB path mismatch.
2026-05-27T18:06:13.5285|INFO|TsProgressReader.cs|ReadProgressDelta|75|[Subframes] TS progress delta: DB not found at C:\Users\nicka\AppData\Local\NINA\SchedulerPlugin — Target Scheduler not installed or DB path mismatch.
2026-05-27T18:11:13.5286|INFO|TsProgressReader.cs|ReadProgressDelta|75|[Subframes] TS progress delta: DB not found at C:\Users\nicka\AppData\Local\NINA\SchedulerPlugin — Target Scheduler not installed or DB path mismatch.
2026-05-27T18:16:13.5383|INFO|TsProgressReader.cs|ReadProgressDelta|75|[Subframes] TS progress delta: DB not found at C:\Users\nicka\AppData\Local\NINA\SchedulerPlugin — Target Scheduler not installed or DB path mismatch.
2026-05-27T18:21:13.5346|INFO|TsProgressReader.cs|ReadProgressDelta|75|[Subframes] TS progress delta: DB not found at C:\Users\nicka\AppData\Local\NINA\SchedulerPlugin — Target Scheduler not installed or DB path mismatch.
2026-05-27T18:26:13.5347|INFO|TsProgressReader.cs|ReadProgressDelta|75|[Subframes] TS progress delta: DB not found at C:\Users\nicka\AppData\Local\NINA\SchedulerPlugin — Target Scheduler not installed or DB path mismatch.
2026-05-27T18:31:13.5330|INFO|TsProgressReader.cs|ReadProgressDelta|75|[Subframes] TS progress delta: DB not found at C:\Users\nicka\AppData\Local\NINA\SchedulerPlugin — Target Scheduler not installed or DB path mismatch.
2026-05-27T18:36:13.5320|INFO|TsProgressReader.cs|ReadProgressDelta|75|[Subframes] TS progress delta: DB not found at C:\Users\nicka\AppData\Local\NINA\SchedulerPlugin — Target Scheduler not installed or DB path mismatch.
2026-05-27T18:41:13.5275|INFO|TsProgressReader.cs|ReadProgressDelta|75|[Subframes] TS progress delta: DB not found at C:\Users\nicka\AppData\Local\NINA\SchedulerPlugin — Target Scheduler not installed or DB path mismatch.
2026-05-27T18:46:13.5317|INFO|TsProgressReader.cs|ReadProgressDelta|75|[Subframes] TS progress delta: DB not found at C:\Users\nicka\AppData\Local\NINA\SchedulerPlugin — Target Scheduler not installed or DB path mismatch.
2026-05-27T18:51:13.5343|INFO|TsProgressReader.cs|ReadProgressDelta|75|[Subframes] TS progress delta: DB not found at C:\Users\nicka\AppData\Local\NINA\SchedulerPlugin — Target Scheduler not installed or DB path mismatch.
2026-05-27T18:56:13.5309|INFO|TsProgressReader.cs|ReadProgressDelta|75|[Subframes] TS progress delta: DB not found at C:\Users\nicka\AppData\Local\NINA\SchedulerPlugin — Target Scheduler not installed or DB path mismatch.
2026-05-27T19:01:13.5380|INFO|TsProgressReader.cs|ReadProgressDelta|75|[Subframes] TS progress delta: DB not found at C:\Users\nicka\AppData\Local\NINA\SchedulerPlugin — Target Scheduler not installed or DB path mismatch.
2026-05-27T19:06:13.5303|INFO|TsProgressReader.cs|ReadProgressDelta|75|[Subframes] TS progress delta: DB not found at C:\Users\nicka\AppData\Local\NINA\SchedulerPlugin — Target Scheduler not installed or DB path mismatch.
2026-05-27T19:11:13.5279|INFO|TsProgressReader.cs|ReadProgressDelta|75|[Subframes] TS progress delta: DB not found at C:\Users\nicka\AppData\Local\NINA\SchedulerPlugin — Target Scheduler not installed or DB path mismatch.
2026-05-27T19:16:13.5294|INFO|TsProgressReader.cs|ReadProgressDelta|75|[Subframes] TS progress delta: DB not found at C:\Users\nicka\AppData\Local\NINA\SchedulerPlugin — Target Scheduler not installed or DB path mismatch.
2026-05-27T19:21:13.5248|INFO|TsProgressReader.cs|ReadProgressDelta|75|[Subframes] TS progress delta: DB not found at C:\Users\nicka\AppData\Local\NINA\SchedulerPlugin — Target Scheduler not installed or DB path mismatch.
2026-05-27T19:26:13.5261|INFO|TsProgressReader.cs|ReadProgressDelta|75|[Subframes] TS progress delta: DB not found at C:\Users\nicka\AppData\Local\NINA\SchedulerPlugin — Target Scheduler not installed or DB path mismatch.
2026-05-27T19:31:13.5314|INFO|TsProgressReader.cs|ReadProgressDelta|75|[Subframes] TS progress delta: DB not found at C:\Users\nicka\AppData\Local\NINA\SchedulerPlugin — Target Scheduler not installed or DB path mismatch.
2026-05-27T19:36:13.5252|INFO|TsProgressReader.cs|ReadProgressDelta|75|[Subframes] TS progress delta: DB not found at C:\Users\nicka\AppData\Local\NINA\SchedulerPlugin — Target Scheduler not installed or DB path mismatch.
2026-05-27T19:41:13.5316|INFO|TsProgressReader.cs|ReadProgressDelta|75|[Subframes] TS progress delta: DB not found at C:\Users\nicka\AppData\Local\NINA\SchedulerPlugin — Target Scheduler not installed or DB path mismatch.
2026-05-27T19:46:13.5250|INFO|TsProgressReader.cs|ReadProgressDelta|75|[Subframes] TS progress delta: DB not found at C:\Users\nicka\AppData\Local\NINA\SchedulerPlugin — Target Scheduler not installed or DB path mismatch.
2026-05-27T19:51:13.5340|INFO|TsProgressReader.cs|ReadProgressDelta|75|[Subframes] TS progress delta: DB not found at C:\Users\nicka\AppData\Local\NINA\SchedulerPlugin — Target Scheduler not installed or DB path mismatch.
2026-05-27T19:56:13.5346|INFO|TsProgressReader.cs|ReadProgressDelta|75|[Subframes] TS progress delta: DB not found at C:\Users\nicka\AppData\Local\NINA\SchedulerPlugin — Target Scheduler not installed or DB path mismatch.
2026-05-27T20:01:13.5294|INFO|TsProgressReader.cs|ReadProgressDelta|75|[Subframes] TS progress delta: DB not found at C:\Users\nicka\AppData\Local\NINA\SchedulerPlugin — Target Scheduler not installed or DB path mismatch.
2026-05-27T20:06:13.5333|INFO|TsProgressReader.cs|ReadProgressDelta|75|[Subframes] TS progress delta: DB not found at C:\Users\nicka\AppData\Local\NINA\SchedulerPlugin — Target Scheduler not installed or DB path mismatch.
2026-05-27T20:11:13.5336|INFO|TsProgressReader.cs|ReadProgressDelta|75|[Subframes] TS progress delta: DB not found at C:\Users\nicka\AppData\Local\NINA\SchedulerPlugin — Target Scheduler not installed or DB path mismatch.
2026-05-27T20:15:57.3275|INFO|SequenceItem.cs|Run|254|Finishing Category: Utility, Item: WaitForTime, Time: 20:15:45h, Offset: -80
2026-05-27T20:15:57.3280|INFO|SequenceItem.cs|Run|208|Starting Category: Ground Station, Item: Send to Telegram
2026-05-27T20:15:58.4654|INFO|SequenceItem.cs|Run|254|Finishing Category: Ground Station, Item: Send to Telegram
2026-05-27T20:15:58.4660|INFO|SequenceItem.cs|Run|208|Starting Category: Ground Station, Item: Send to Pushover, Title: Configure Equipment
2026-05-27T20:15:58.6904|INFO|SequenceItem.cs|Run|254|Finishing Category: Ground Station, Item: Send to Pushover, Title: Configure Equipment
2026-05-27T20:15:58.6917|INFO|SequenceItem.cs|Run|208|Starting Category: Connect, Item: ConnectAllEquipment
2026-05-27T20:15:58.7328|INFO|CameraChooserVM.cs|GetEquipment|69|Found 2 ASI Cameras
2026-05-27T20:15:58.7985|INFO|CameraChooserVM.cs|GetEquipment|84|Found 0 Altair Cameras
2026-05-27T20:15:58.7986|INFO|CameraChooserVM.cs|GetEquipment|96|Found 0 Atik Cameras
2026-05-27T20:15:58.7993|INFO|CameraChooserVM.cs|GetEquipment|110|Found 0 FLI Cameras
2026-05-27T20:15:58.7994|INFO|CameraChooserVM.cs|GetEquipment|130|Found 0 QHYCCD Cameras
2026-05-27T20:15:58.9562|INFO|CameraChooserVM.cs|GetEquipment|158|Found 0 ToupTek Cameras
2026-05-27T20:15:58.9609|INFO|CameraChooserVM.cs|GetEquipment|173|Found 0 Ogma Cameras
2026-05-27T20:15:58.9740|INFO|CameraChooserVM.cs|GetEquipment|188|Found 0 Omegon Cameras
2026-05-27T20:15:59.1326|INFO|CameraChooserVM.cs|GetEquipment|203|Found 0 RisingCam Cameras
2026-05-27T20:15:59.1463|INFO|CameraChooserVM.cs|GetEquipment|218|Found 0 MallinCam Cameras
2026-05-27T20:15:59.1478|INFO|CameraChooserVM.cs|GetEquipment|243|Found 0 SVBony Cameras
2026-05-27T20:15:59.1503|INFO|CameraChooserVM.cs|GetEquipment|259|Found 0 SBIG Cameras
2026-05-27T20:15:59.1510|INFO|CameraChooserVM.cs|GetEquipment|279|Found 0 SVBony Cameras
2026-05-27T20:15:59.1513|INFO|CameraChooserVM.cs|GetEquipment|279|Found 0 PlayerOne Cameras
2026-05-27T20:15:59.1591|INFO|CameraChooserVM.cs|GetEquipment|279|Found 0 ASTPAN Cameras
2026-05-27T20:15:59.1599|INFO|CameraChooserVM.cs|GetEquipment|293|Found 4 ASCOM Cameras
2026-05-27T20:16:01.1717|INFO|CameraChooserVM.cs|GetEquipment|305|Found 0 Alpaca Cameras
2026-05-27T20:16:01.1852|INFO|CameraChooserVM.cs|GetEquipment|318|Found 0 Canon Cameras
2026-05-27T20:16:01.2527|INFO|CameraVM.cs|Disconnect|650|Disconnected Camera
2026-05-27T20:16:01.8636|WARNING|ASICamera.cs|SetControlValue|568|Failed to set ASI Control Value ASI_WB_B with value 50
2026-05-27T20:16:01.8637|WARNING|ASICamera.cs|SetControlValue|568|Failed to set ASI Control Value ASI_WB_R with value 50
2026-05-27T20:16:01.8638|WARNING|ASICamera.cs|SetControlValue|568|Failed to set ASI Control Value ASI_GAMMA with value 50
2026-05-27T20:16:01.8638|WARNING|ASICamera.cs|SetControlValue|568|Failed to set ASI Control Value ASI_HIGH_SPEED_MODE with value 0
2026-05-27T20:16:01.8639|WARNING|ASICamera.cs|SetControlValue|568|Failed to set ASI Control Value ASI_OVERCLOCK with value 0
2026-05-27T20:16:01.8639|WARNING|ASICamera.cs|SetControlValue|568|Failed to set ASI Control Value ASI_PATTERN_ADJUST with value 0
2026-05-27T20:16:01.8646|WARNING|ASICamera.cs|SetControlValue|568|Failed to set ASI Control Value ASI_MONO_BIN with value 0
2026-05-27T20:16:01.8656|INFO|ASICamera.cs|Initialize|664|Camera ID: ASI533MM
2026-05-27T20:16:01.8754|WARNING|ASICamera.cs|SetControlValue|568|Failed to set ASI Control Value ASI_ANTI_DEW_HEATER with value 0
2026-05-27T20:16:01.9503|INFO|CameraVM.cs|ChooseCamera|455|Successfully connected Camera. Id: ZWOptical_ZWO ASI533MM Pro_ASI533MM Name: ZWO ASI533MM Pro DisplayName: ZWO ASI533MM Pro (ASI533MM)Driver Version: 1, 39, 0, 0
2026-05-27T20:16:02.5104|INFO|FilterWheelChooserVM.cs|GetEquipment|167|Found 1 Networked Filter Wheel Filter Wheels
2026-05-27T20:16:04.5269|INFO|FilterWheelChooserVM.cs|GetEquipment|193|Found 0 Alpaca Filter Wheels
2026-05-27T20:16:04.5911|INFO|FilterWheelVM.cs|Disconnect|333|Disconnected Filter Wheel
2026-05-27T20:16:08.3401|INFO|FilterWheelVM.cs|ChooseFW|279|Successfully connected Filter Wheel. Id: ASCOM.EFW2.FilterWheel Name: ZWO FilterWheel DisplayName: ZWO FilterWheel (ASCOM) Driver Version: 6.0
2026-05-27T20:16:12.2721|INFO|FocuserChooserVM.cs|GetEquipment|84|Found 0 Alpaca Focusers
2026-05-27T20:16:12.3069|INFO|FocuserVM.cs|Disconnect|441|Disconnected Focuser
2026-05-27T20:16:13.5351|INFO|TsProgressReader.cs|ReadProgressDelta|75|[Subframes] TS progress delta: DB not found at C:\Users\nicka\AppData\Local\NINA\SchedulerPlugin — Target Scheduler not installed or DB path mismatch.
2026-05-27T20:16:14.1326|ERROR|AscomDevice.cs|GetProperty|546|An unexpected exception occurred during GET of Focuser.StepSize: 
ASCOM.DriverException: The method or operation is not implemented.
 ---> System.NotImplementedException: The method or operation is not implemented.
   --- End of inner exception stack trace ---
   at ASCOM.Com.DriverAccess.DynamicAccess.CheckDotNetExceptions(String memberName, Exception e) in J:\ASCOMLibrary\ASCOM.Com\ASCOM.Com.DriverAccess\BaseClass\DynamicAccess.cs:line 278
   at ASCOM.Com.DriverAccess.DynamicAccess.TryGetMember(GetMemberBinder binder, Object& result) in J:\ASCOMLibrary\ASCOM.Com\ASCOM.Com.DriverAccess\BaseClass\DynamicAccess.cs:line 150
   at CallSite.Target(Closure, CallSite, Object)
   at System.Dynamic.UpdateDelegates.UpdateAndExecute1[T0,TRet](CallSite site, T0 arg0)
   at ASCOM.Com.DriverAccess.Focuser.get_StepSize() in J:\ASCOMLibrary\ASCOM.Com\ASCOM.Com.DriverAccess\Focuser.cs:line 159
   at System.RuntimeMethodHandle.InvokeMethod(Object target, Void** arguments, Signature sig, Boolean isConstructor)
   at System.Reflection.MethodBaseInvoker.InvokeWithNoArgs(Object obj, BindingFlags invokeAttr)
2026-05-27T20:16:14.3392|INFO|AscomDevice.cs|GetProperty|485|Retrying to GET Focuser.StepSize - Attempt 2 / 3
2026-05-27T20:16:14.3406|ERROR|AscomDevice.cs|GetProperty|546|An unexpected exception occurred during GET of Focuser.StepSize: 
ASCOM.DriverException: The method or operation is not implemented.
 ---> System.NotImplementedException: The method or operation is not implemented.
   --- End of inner exception stack trace ---
   at ASCOM.Com.DriverAccess.DynamicAccess.CheckDotNetExceptions(String memberName, Exception e) in J:\ASCOMLibrary\ASCOM.Com\ASCOM.Com.DriverAccess\BaseClass\DynamicAccess.cs:line 278
   at ASCOM.Com.DriverAccess.DynamicAccess.TryGetMember(GetMemberBinder binder, Object& result) in J:\ASCOMLibrary\ASCOM.Com\ASCOM.Com.DriverAccess\BaseClass\DynamicAccess.cs:line 150
   at CallSite.Target(Closure, CallSite, Object)
   at ASCOM.Com.DriverAccess.Focuser.get_StepSize() in J:\ASCOMLibrary\ASCOM.Com\ASCOM.Com.DriverAccess\Focuser.cs:line 159
   at InvokeStub_Focuser.get_StepSize(Object, Object, IntPtr*)
   at System.Reflection.MethodBaseInvoker.InvokeWithNoArgs(Object obj, BindingFlags invokeAttr)
2026-05-27T20:16:14.5450|INFO|AscomDevice.cs|GetProperty|485|Retrying to GET Focuser.StepSize - Attempt 3 / 3
2026-05-27T20:16:14.5469|ERROR|AscomDevice.cs|GetProperty|546|An unexpected exception occurred during GET of Focuser.StepSize: 
ASCOM.DriverException: The method or operation is not implemented.
 ---> System.NotImplementedException: The method or operation is not implemented.
   --- End of inner exception stack trace ---
   at ASCOM.Com.DriverAccess.DynamicAccess.CheckDotNetExceptions(String memberName, Exception e) in J:\ASCOMLibrary\ASCOM.Com\ASCOM.Com.DriverAccess\BaseClass\DynamicAccess.cs:line 278
   at ASCOM.Com.DriverAccess.DynamicAccess.TryGetMember(GetMemberBinder binder, Object& result) in J:\ASCOMLibrary\ASCOM.Com\ASCOM.Com.DriverAccess\BaseClass\DynamicAccess.cs:line 150
   at CallSite.Target(Closure, CallSite, Object)
   at ASCOM.Com.DriverAccess.Focuser.get_StepSize() in J:\ASCOMLibrary\ASCOM.Com\ASCOM.Com.DriverAccess\Focuser.cs:line 159
   at InvokeStub_Focuser.get_StepSize(Object, Object, IntPtr*)
   at System.Reflection.MethodBaseInvoker.InvokeWithNoArgs(Object obj, BindingFlags invokeAttr)
2026-05-27T20:16:14.5473|INFO|AscomDevice.cs|GetProperty|556|GET Focuser.StepSize failed - Returning last known value 0
2026-05-27T20:16:14.7695|INFO|FocuserVM.cs|ChooseFocuser|333|Successfully connected Focuser. Id: ASCOM.EAF.Focuser Name: ZWO Focuser DisplayName: ZWO Focuser (ASCOM) Driver Version: 6.0
2026-05-27T20:16:16.7782|INFO|TelescopeChooserVM.cs|GetEquipment|69|Found 0 Alpaca Telescopes
2026-05-27T20:16:16.8666|INFO|TelescopeVM.cs|Disconnect|740|Disconnected mount
2026-05-27T20:16:17.6898|INFO|AscomTelescope.cs|CheckMountTime|845|Mount UTC Time: 2026-05-28 01:16:05Z / System UTC Time: 2026-05-28 01:16:17Z; Difference: 12.266 seconds
2026-05-27T20:16:19.9190|ERROR|AscomTelescope.cs|CheckMountTime|869|Unexpected exception when trying to set UTCDate:
ASCOM.InvalidOperationException: UTCDate failed.
 ---> System.Runtime.InteropServices.COMException (0x8004040B): UTCDate failed.
   --- End of inner exception stack trace ---
   at ASCOM.Com.DriverAccess.DynamicAccess.CheckDotNetExceptions(String memberName, Exception e) in J:\ASCOMLibrary\ASCOM.Com\ASCOM.Com.DriverAccess\BaseClass\DynamicAccess.cs:line 205
   at ASCOM.Com.DriverAccess.DynamicAccess.TrySetMember(SetMemberBinder binder, Object value) in J:\ASCOMLibrary\ASCOM.Com\ASCOM.Com.DriverAccess\BaseClass\DynamicAccess.cs:line 105
   at CallSite.Target(Closure, CallSite, Object, DateTime)
   at System.Dynamic.UpdateDelegates.UpdateAndExecute2[T0,T1,TRet](CallSite site, T0 arg0, T1 arg1)
   at ASCOM.Com.DriverAccess.Telescope.set_UTCDate(DateTime value) in J:\ASCOMLibrary\ASCOM.Com\ASCOM.Com.DriverAccess\Telescope.cs:line 479
   at NINA.Equipment.Equipment.MyTelescope.AscomTelescope.CheckMountTime() in /_/NINA.Equipment/Equipment/MyTelescope/AscomTelescope.cs:line 851
2026-05-27T20:16:20.2646|INFO|TelescopeVM.cs|ChooseTelescope|535|Successfully connected mount. Id: ASCOM.iOptron2017.Telescope Name: iOptron CEM120,70,40,26, GEM, HEM, HAE, HAZ series and SkyHunter Mount DisplayName: iOptron CEM120,70,40,26, GEM, HEM, HAE, HAZ series and SkyHunter Mount (ASCOM) Driver Version: 9.15
2026-05-27T20:16:20.2775|INFO|PHD2Guider.cs|Connect|205|Connecting to PHD2 server at 127.0.0.1:4400
2026-05-27T20:16:27.5540|INFO|WeatherDataChooserVM.cs|GetEquipment|69|Found 0 Alpaca Observing Conditions
2026-05-27T20:16:27.6395|INFO|WeatherDataVM.cs|Disconnect|305|Disconnected Weather Device
2026-05-27T20:16:30.1112|INFO|AscomDevice.cs|GetProperty|527|Property ObservingConditions.SkyQuality GET is not implemented in this driver (SkyAlert Observing Conditions)
2026-05-27T20:16:30.1188|INFO|AscomDevice.cs|GetProperty|527|Property ObservingConditions.StarFWHM GET is not implemented in this driver (SkyAlert Observing Conditions)
2026-05-27T20:16:30.3628|INFO|WeatherDataVM.cs|ChooseWeatherData|150|Successfully connected Weather Device. Id: ASCOM.SkyAlert.ObservingConditions Name: SkyAlert Observing Conditions DisplayName: SkyAlert Observing Conditions (ASCOM) Driver Version: 1.7
2026-05-27T20:16:30.8452|INFO|PHD2Client.cs|ConnectAsync|118|PHD2Client: Connected successfully!
2026-05-27T20:16:30.8453|INFO|DitherStatisticsVM.cs|OnPHD2ConnectionStatusChanged|734|PHD2 Connection Status: Connected
2026-05-27T20:16:30.8454|INFO|DitherStatisticsVM.cs|ConnectToPHD2|713|Successfully connected to PHD2!
2026-05-27T20:16:30.8467|INFO|PHD2Client.cs|ReadEventsAsync|181|PHD2Client: Started reading events
2026-05-27T20:16:30.8638|INFO|PHD2Client.cs|HandleVersion|366|PHD2Client: Connected to PHD2 version 2.6.14. (Message Protocol v1)
2026-05-27T20:16:30.8643|INFO|PHD2Client.cs|ProcessEvent|257|PHD2: CalibrationComplete
2026-05-27T20:16:30.8647|INFO|PHD2Client.cs|HandleAppState|376|PHD2Client: PHD2 AppState: Stopped
2026-05-27T20:16:32.3798|INFO|SafetyMonitorChooserVM.cs|GetEquipment|71|Found 0 Alpaca Safety Monitors
2026-05-27T20:16:32.4362|INFO|SafetyMonitorVM.cs|Disconnect|221|Disconnected Safety Monitor
2026-05-27T20:16:33.2010|INFO|SafetyMonitorVM.cs|Connect|175|Successfully connected Safety Monitor. Id: ASCOM.GenericFile.SafetyMonitor Name: Generic File driver DisplayName: Generic File driver (ASCOM) Driver Version: 6.4
2026-05-27T20:16:33.2015|INFO|SequenceItem.cs|Run|254|Finishing Category: Connect, Item: ConnectAllEquipment
2026-05-27T20:16:33.2055|INFO|SequenceItem.cs|Run|208|Starting Category: Telescope, Item: FindHome
2026-05-27T20:16:33.2117|INFO|PHD2Guider.cs|StopGuiding|704|Phd2 - Stop Guiding skipped, as the app is already in state Stopped
2026-05-27T20:16:33.2137|INFO|TelescopeVM.cs|FindHome|292|Mount ordered to locate home position
2026-05-27T20:16:33.2172|INFO|TelescopeVM.cs|FindHome|336|Mount ordered to home but it is already at home
2026-05-27T20:16:33.2178|INFO|TelescopeVM.cs|FindHome|348|Mount has located its home position
2026-05-27T20:16:33.2188|INFO|SequenceItem.cs|Run|254|Finishing Category: Telescope, Item: FindHome
2026-05-27T20:16:33.2190|INFO|SequenceItem.cs|Run|208|Starting Category: Ground Station, Item: Send to Telegram
2026-05-27T20:16:33.8625|INFO|SequenceItem.cs|Run|254|Finishing Category: Ground Station, Item: Send to Telegram
2026-05-27T20:16:33.8631|INFO|SequenceItem.cs|Run|208|Starting Category: Ground Station, Item: Send to Pushover, Title: Cool
2026-05-27T20:16:34.0708|INFO|SequenceItem.cs|Run|254|Finishing Category: Ground Station, Item: Send to Pushover, Title: Cool
2026-05-27T20:16:34.0716|INFO|SequenceItem.cs|Run|208|Starting Category: Camera, Item: CoolCamera, Temperature: -5, Duration: 15
2026-05-27T20:16:34.1063|INFO|CameraVM.cs|CoolCamera|138|Cooling Camera. Target: -5 Duration: 00:15:00
2026-05-27T20:16:35.2177|INFO|SafetyMonitorVM.cs|UpdateMonitorValues|95|SafetyMonitorInfo state changed to Unsafe
2026-05-27T20:21:13.5255|INFO|TsProgressReader.cs|ReadProgressDelta|75|[Subframes] TS progress delta: DB not found at C:\Users\nicka\AppData\Local\NINA\SchedulerPlugin — Target Scheduler not installed or DB path mismatch.
2026-05-27T20:26:13.5331|INFO|TsProgressReader.cs|ReadProgressDelta|75|[Subframes] TS progress delta: DB not found at C:\Users\nicka\AppData\Local\NINA\SchedulerPlugin — Target Scheduler not installed or DB path mismatch.
2026-05-27T20:31:13.5359|INFO|TsProgressReader.cs|ReadProgressDelta|75|[Subframes] TS progress delta: DB not found at C:\Users\nicka\AppData\Local\NINA\SchedulerPlugin — Target Scheduler not installed or DB path mismatch.
2026-05-27T20:32:38.7786|INFO|SequenceItem.cs|Run|254|Finishing Category: Camera, Item: CoolCamera, Temperature: -5, Duration: 15
2026-05-27T20:32:38.7791|INFO|SequenceItem.cs|Run|208|Starting Category: Utility, Item: WaitForTime, Time: 21:20:45h, Offset: -15
2026-05-27T20:36:13.5372|INFO|TsProgressReader.cs|ReadProgressDelta|75|[Subframes] TS progress delta: DB not found at C:\Users\nicka\AppData\Local\NINA\SchedulerPlugin — Target Scheduler not installed or DB path mismatch.
2026-05-27T20:41:13.5288|INFO|TsProgressReader.cs|ReadProgressDelta|75|[Subframes] TS progress delta: DB not found at C:\Users\nicka\AppData\Local\NINA\SchedulerPlugin — Target Scheduler not installed or DB path mismatch.
2026-05-27T20:46:13.5325|INFO|TsProgressReader.cs|ReadProgressDelta|75|[Subframes] TS progress delta: DB not found at C:\Users\nicka\AppData\Local\NINA\SchedulerPlugin — Target Scheduler not installed or DB path mismatch.
2026-05-27T20:51:13.5318|INFO|TsProgressReader.cs|ReadProgressDelta|75|[Subframes] TS progress delta: DB not found at C:\Users\nicka\AppData\Local\NINA\SchedulerPlugin — Target Scheduler not installed or DB path mismatch.
2026-05-27T20:56:13.5236|INFO|TsProgressReader.cs|ReadProgressDelta|75|[Subframes] TS progress delta: DB not found at C:\Users\nicka\AppData\Local\NINA\SchedulerPlugin — Target Scheduler not installed or DB path mismatch.
2026-05-27T21:01:13.5272|INFO|TsProgressReader.cs|ReadProgressDelta|75|[Subframes] TS progress delta: DB not found at C:\Users\nicka\AppData\Local\NINA\SchedulerPlugin — Target Scheduler not installed or DB path mismatch.
2026-05-27T21:02:43.2108|INFO|SafetyMonitorVM.cs|UpdateMonitorValues|95|SafetyMonitorInfo state changed to Safe
2026-05-27T21:06:13.5237|INFO|TsProgressReader.cs|ReadProgressDelta|75|[Subframes] TS progress delta: DB not found at C:\Users\nicka\AppData\Local\NINA\SchedulerPlugin — Target Scheduler not installed or DB path mismatch.
2026-05-27T21:11:13.5235|INFO|TsProgressReader.cs|ReadProgressDelta|75|[Subframes] TS progress delta: DB not found at C:\Users\nicka\AppData\Local\NINA\SchedulerPlugin — Target Scheduler not installed or DB path mismatch.
2026-05-27T21:16:13.5365|INFO|TsProgressReader.cs|ReadProgressDelta|75|[Subframes] TS progress delta: DB not found at C:\Users\nicka\AppData\Local\NINA\SchedulerPlugin — Target Scheduler not installed or DB path mismatch.
2026-05-27T21:20:48.2508|INFO|SequenceItem.cs|Run|254|Finishing Category: Utility, Item: WaitForTime, Time: 21:20:45h, Offset: -15
2026-05-27T21:20:48.2600|INFO|SequenceItem.cs|Run|254|Finishing Category: * Instruction Set *, Container: NINA.Sequencer.Container.SequentialContainer, Strategy: SequentialStrategy, Items[FINISHED]: 11
2026-05-27T21:20:48.2606|INFO|SequenceItem.cs|Run|254|Finishing Category: * Instruction Set *, Container: NINA.Sequencer.Container.StartAreaContainer, Strategy: SequentialStrategy, Items[FINISHED]: 1
2026-05-27T21:20:48.2610|INFO|SequenceItem.cs|Run|208|Starting Category: * Instruction Set *, Container: NINA.Sequencer.Container.TargetAreaContainer, Strategy: SequentialStrategy, Items[CREATED]: 1
2026-05-27T21:20:48.2656|INFO|SequenceItem.cs|Run|208|Starting Category: * Instruction Set *, Container: NINA.Sequencer.Container.SequentialContainer, Strategy: SequentialStrategy, Items[CREATED]: 12, Conditions: Condition: TimeCondition, Time: 6:6:59h, Condition: TargetSchedulerCondition mode=While Targets Remain Tonight, , Triggers: Trigger: CenterAfterDriftTrigger, DistanceArcMinutes: 1Trigger: WhenUnsafeCategory: Ground Station, Item: Failures to TelegramCategory: Connect, Item: ReconnectOnDownloadFailureTrigger: AutofocusAfterHFRIncreaseTrigger, Amount: 5Trigger: MeridianFlipTriggerCategory: Powerups (Misc), Item: DIYTriggerCategory: Ground Station, Item: Failures to PushoverTrigger: AutofocusAfterTemperatureChangeTrigger, Amount: 1.5°
2026-05-27T21:20:48.2720|INFO|WhenCommon.cs|SequenceBlockInitialize|204|Initialize; starting watchdog
2026-05-27T21:21:13.5272|INFO|TsProgressReader.cs|ReadProgressDelta|75|[Subframes] TS progress delta: DB not found at C:\Users\nicka\AppData\Local\NINA\SchedulerPlugin — Target Scheduler not installed or DB path mismatch.
2026-05-27T21:21:21.2822|INFO|MeridianFlipTrigger.cs|ShouldTrigger|197|Meridian Flip - Telescope is at home position. Skip flip evaluation
2026-05-27T21:21:21.2839|INFO|SequenceItem.cs|Run|208|Starting Category: Utility, Item: WaitForTime, Time: 21:20:45h, Offset: -15
2026-05-27T21:21:21.2845|INFO|SequenceItem.cs|Run|254|Finishing Category: Utility, Item: WaitForTime, Time: 21:20:45h, Offset: -15
2026-05-27T21:21:21.3420|INFO|MeridianFlipTrigger.cs|ShouldTrigger|197|Meridian Flip - Telescope is at home position. Skip flip evaluation
2026-05-27T21:21:21.3423|INFO|SequenceItem.cs|Run|208|Starting Category: Ground Station, Item: Send to Telegram
2026-05-27T21:21:22.1306|INFO|SequenceItem.cs|Run|254|Finishing Category: Ground Station, Item: Send to Telegram
2026-05-27T21:21:22.1663|INFO|MeridianFlipTrigger.cs|ShouldTrigger|197|Meridian Flip - Telescope is at home position. Skip flip evaluation
2026-05-27T21:21:22.1668|INFO|SequenceItem.cs|Run|208|Starting Category: Ground Station, Item: Send to Pushover, Title: Focusing
2026-05-27T21:21:22.3518|INFO|SequenceItem.cs|Run|254|Finishing Category: Ground Station, Item: Send to Pushover, Title: Focusing
2026-05-27T21:21:22.3523|INFO|MeridianFlipTrigger.cs|ShouldTrigger|197|Meridian Flip - Telescope is at home position. Skip flip evaluation
2026-05-27T21:21:22.3791|INFO|SequenceItem.cs|Run|208|Starting Category: Telescope, Item: SlewScopeToRaDec, Coordinates: RA: 00:00:00; Dec: 85° 00' 00"; Epoch: J2000
2026-05-27T21:21:22.4074|INFO|PHD2Guider.cs|StopGuiding|704|Phd2 - Stop Guiding skipped, as the app is already in state Stopped
2026-05-27T21:21:22.4150|INFO|TelescopeVM.cs|SlewAsyncInternal|910|Slewing from RA: 18:06:27; Dec: 90° 00' 00"; Epoch: JNOW to RA: 00:01:11; Dec: 85° 08' 33"; Epoch: JNOW - Alt: 26° 41' 26"; Az: 00° 07' 30"
2026-05-27T21:21:54.2667|INFO|SequenceItem.cs|Run|254|Finishing Category: Telescope, Item: SlewScopeToRaDec, Coordinates: RA: 00:00:00; Dec: 85° 00' 00"; Epoch: J2000
2026-05-27T21:21:54.2733|INFO|MeridianFlipTrigger.cs|ShouldTrigger|265|Meridian Flip - There is still time remaining - max remaining time 11:51:14.2308141, next instruction time 0, next instruction Category: Filter Wheel, Item: SwitchFilter, Filter: L - and the telescope reports expected pier side pierWest. Automated Flip is not necessary.
2026-05-27T21:21:54.2740|INFO|SequenceItem.cs|Run|208|Starting Category: Filter Wheel, Item: SwitchFilter, Filter: L
2026-05-27T21:21:54.3100|INFO|SequenceItem.cs|Run|254|Finishing Category: Filter Wheel, Item: SwitchFilter, Filter: L
2026-05-27T21:21:54.3367|INFO|MeridianFlipTrigger.cs|ShouldTrigger|265|Meridian Flip - There is still time remaining - max remaining time 11:51:14.2308141, next instruction time 180, next instruction Category: Focuser, Item: RunAutofocus - and the telescope reports expected pier side pierWest. Automated Flip is not necessary.
2026-05-27T21:21:54.3370|INFO|SequenceItem.cs|Run|208|Starting Category: Focuser, Item: RunAutofocus
2026-05-27T21:21:54.6097|INFO|FocuserMediator.cs|BroadcastAutoFocusRunStarting|92|Autofocus starting notification received
2026-05-27T21:21:54.6136|INFO|PHD2Guider.cs|StopGuiding|704|Phd2 - Stop Guiding skipped, as the app is already in state Stopped
2026-05-27T21:21:54.6267|INFO|AutoFocusEngine.cs|RunAutoFocus|929|Starting AutoFocus with initial position 387341
2026-05-27T21:21:54.6765|INFO|CameraVM.cs|Capture|742|Starting Exposure - Exposure Time: 3s; Filter: L; Gain: 270; Offset 50; Binning: 1x1;
2026-05-27T21:21:59.4639|INFO|AutoFocusEngine.cs|StartBlindFocusPoints|769|Waiting on initial HFR analysis
2026-05-27T21:21:59.4711|INFO|FocuserVM.cs|MoveFocuserInternal|216|Moving Focuser to position 387477
2026-05-27T21:22:01.9068|INFO|HocusFocusStarDetection.cs|Detect|413|Average HFR: 1.673014917657888, HFR MAD: 0.1060124616014784, Detected Stars 36, Region: 0
2026-05-27T21:22:04.8505|INFO|CameraVM.cs|Capture|742|Starting Exposure - Exposure Time: 3s; Filter: L; Gain: 270; Offset 50; Binning: 1x1;
2026-05-27T21:22:09.5288|INFO|FocuserVM.cs|MoveFocuserInternal|216|Moving Focuser to position 387443
2026-05-27T21:22:10.9998|INFO|HocusFocusStarDetection.cs|Detect|413|Average HFR: 2.833134610269461, HFR MAD: 0.4706979172871253, Detected Stars 15, Region: 0
2026-05-27T21:22:18.8259|INFO|CameraVM.cs|Capture|742|Starting Exposure - Exposure Time: 3s; Filter: L; Gain: 270; Offset 50; Binning: 1x1;
2026-05-27T21:22:23.4852|INFO|FocuserVM.cs|MoveFocuserInternal|216|Moving Focuser to position 387409
2026-05-27T21:22:24.9352|INFO|HocusFocusStarDetection.cs|Detect|413|Average HFR: 2.8664503049413375, HFR MAD: 0.635858236957366, Detected Stars 28, Region: 0
2026-05-27T21:22:32.8416|INFO|CameraVM.cs|Capture|742|Starting Exposure - Exposure Time: 3s; Filter: L; Gain: 270; Offset 50; Binning: 1x1;
2026-05-27T21:22:37.5034|INFO|FocuserVM.cs|MoveFocuserInternal|216|Moving Focuser to position 387375
2026-05-27T21:22:38.9706|INFO|HocusFocusStarDetection.cs|Detect|413|Average HFR: 2.553170009891099, HFR MAD: 0.526839743664536, Detected Stars 43, Region: 0
2026-05-27T21:22:46.8059|INFO|CameraVM.cs|Capture|742|Starting Exposure - Exposure Time: 3s; Filter: L; Gain: 270; Offset 50; Binning: 1x1;
2026-05-27T21:22:51.4713|INFO|AutoFocusEngine.cs|StartBlindFocusPoints|797|Waiting on initial focuser move analyses
2026-05-27T21:22:52.9269|INFO|HocusFocusStarDetection.cs|Detect|413|Average HFR: 1.910409011545474, HFR MAD: 0.32538179442356263, Detected Stars 52, Region: 0
2026-05-27T21:22:52.9880|INFO|FocuserVM.cs|MoveFocuserInternal|216|Moving Focuser to position 387341
2026-05-27T21:23:02.8499|INFO|CameraVM.cs|Capture|742|Starting Exposure - Exposure Time: 3s; Filter: L; Gain: 270; Offset 50; Binning: 1x1;
2026-05-27T21:23:07.5509|INFO|AutoFocusEngine.cs|StartBlindFocusPoints|870|Waiting on next left movement analysis
2026-05-27T21:23:09.0226|INFO|HocusFocusStarDetection.cs|Detect|413|Average HFR: 1.6812877960803847, HFR MAD: 0.15540951822582827, Detected Stars 43, Region: 0
2026-05-27T21:23:09.0544|INFO|FocuserVM.cs|MoveFocuserInternal|216|Moving Focuser to position 387307
2026-05-27T21:23:18.8029|INFO|CameraVM.cs|Capture|742|Starting Exposure - Exposure Time: 3s; Filter: L; Gain: 270; Offset 50; Binning: 1x1;
2026-05-27T21:23:23.4717|INFO|AutoFocusEngine.cs|StartBlindFocusPoints|870|Waiting on next left movement analysis
2026-05-27T21:23:24.9342|INFO|HocusFocusStarDetection.cs|Detect|413|Average HFR: 1.8617014110934997, HFR MAD: 0.21045612432846408, Detected Stars 79, Region: 0
2026-05-27T21:23:24.9680|INFO|AutoFocusEngine.cs|StartBlindFocusPoints|841|Enough right trend points (4) with an established minimum (387341) to queue remaining left focus points down to 387205
2026-05-27T21:23:24.9697|INFO|FocuserVM.cs|MoveFocuserInternal|216|Moving Focuser to position 387273
2026-05-27T21:23:34.8097|INFO|CameraVM.cs|Capture|742|Starting Exposure - Exposure Time: 3s; Filter: L; Gain: 270; Offset 50; Binning: 1x1;
2026-05-27T21:23:39.4757|INFO|FocuserVM.cs|MoveFocuserInternal|216|Moving Focuser to position 387239
2026-05-27T21:23:40.9329|INFO|HocusFocusStarDetection.cs|Detect|413|Average HFR: 2.740409106720841, HFR MAD: 0.4052349479723535, Detected Stars 66, Region: 0
2026-05-27T21:23:48.8180|INFO|CameraVM.cs|Capture|742|Starting Exposure - Exposure Time: 3s; Filter: L; Gain: 270; Offset 50; Binning: 1x1;
2026-05-27T21:23:53.4849|INFO|FocuserVM.cs|MoveFocuserInternal|216|Moving Focuser to position 387205
2026-05-27T21:23:54.9315|INFO|HocusFocusStarDetection.cs|Detect|413|Average HFR: 4.25948330203449, HFR MAD: 0.31506738639380366, Detected Stars 36, Region: 0
2026-05-27T21:24:02.8397|INFO|CameraVM.cs|Capture|742|Starting Exposure - Exposure Time: 3s; Filter: L; Gain: 270; Offset 50; Binning: 1x1;
2026-05-27T21:24:07.5176|INFO|AutoFocusEngine.cs|StartBlindFocusPoints|896|Waiting on remaining AutoFocus analysis tasks
2026-05-27T21:24:08.9752|INFO|HocusFocusStarDetection.cs|Detect|413|Average HFR: 6.047762500315499, HFR MAD: 0.19496878649481758, Detected Stars 21, Region: 0
2026-05-27T21:24:09.0215|INFO|FocuserVM.cs|MoveFocuserInternal|216|Moving Focuser to position 387323
2026-05-27T21:24:14.7964|INFO|AutoFocusEngine.cs|ValidateCalculatedFocusPosition|1141|Validating HFR at final focus position 387323
2026-05-27T21:24:14.8032|INFO|CameraVM.cs|Capture|742|Starting Exposure - Exposure Time: 3s; Filter: L; Gain: 270; Offset 50; Binning: 1x1;
2026-05-27T21:24:20.9065|INFO|HocusFocusStarDetection.cs|Detect|413|Average HFR: 1.6878841981342037, HFR MAD: 0.17371239082702164, Detected Stars 68, Region: 0
2026-05-27T21:24:20.9124|INFO|HocusFocusVM.cs|AutoFocusEngine_Completed|472|AutoFocus completed with focuser starting at 387341 and ending at 387323
2026-05-27T21:24:20.9941|INFO|FocuserMediator.cs|BroadcastSuccessfulAutoFocusRun|46|Autofocus notification received - Temperature 29.530000686645508
2026-05-27T21:24:21.0091|INFO|SequenceItem.cs|Run|254|Finishing Category: Focuser, Item: RunAutofocus
2026-05-27T21:24:21.0352|INFO|MeridianFlipTrigger.cs|ShouldTrigger|265|Meridian Flip - There is still time remaining - max remaining time 11:48:45.8648330, next instruction time 683.9648098, next instruction Category: Utility, Item: WaitForTime, Time: 21:35:45h, Offset: 0 - and the telescope reports expected pier side pierWest. Automated Flip is not necessary.
2026-05-27T21:24:21.0353|INFO|SequenceItem.cs|Run|208|Starting Category: Utility, Item: WaitForTime, Time: 21:35:45h, Offset: 0
2026-05-27T21:26:13.5253|INFO|TsProgressReader.cs|ReadProgressDelta|75|[Subframes] TS progress delta: DB not found at C:\Users\nicka\AppData\Local\NINA\SchedulerPlugin — Target Scheduler not installed or DB path mismatch.
2026-05-27T21:31:13.5305|INFO|TsProgressReader.cs|ReadProgressDelta|75|[Subframes] TS progress delta: DB not found at C:\Users\nicka\AppData\Local\NINA\SchedulerPlugin — Target Scheduler not installed or DB path mismatch.
2026-05-27T21:35:45.7655|INFO|SequenceItem.cs|Run|254|Finishing Category: Utility, Item: WaitForTime, Time: 21:35:45h, Offset: 0
2026-05-27T21:35:45.7660|INFO|MeridianFlipTrigger.cs|ShouldTrigger|265|Meridian Flip - There is still time remaining - max remaining time 11:37:19.9901556, next instruction time 0, next instruction Category: Ground Station, Item: Send to Telegram - and the telescope reports expected pier side pierWest. Automated Flip is not necessary.
2026-05-27T21:35:45.7661|INFO|SequenceItem.cs|Run|208|Starting Category: Ground Station, Item: Send to Telegram
2026-05-27T21:35:46.4535|INFO|SequenceItem.cs|Run|254|Finishing Category: Ground Station, Item: Send to Telegram
2026-05-27T21:35:46.4545|INFO|MeridianFlipTrigger.cs|ShouldTrigger|265|Meridian Flip - There is still time remaining - max remaining time 11:37:17.9368824, next instruction time 0, next instruction Category: Ground Station, Item: Send to Pushover, Title: Focus Done - and the telescope reports expected pier side pierWest. Automated Flip is not necessary.
2026-05-27T21:35:46.4547|INFO|SequenceItem.cs|Run|208|Starting Category: Ground Station, Item: Send to Pushover, Title: Focus Done
2026-05-27T21:35:46.6537|INFO|SequenceItem.cs|Run|254|Finishing Category: Ground Station, Item: Send to Pushover, Title: Focus Done
2026-05-27T21:35:46.6552|INFO|MeridianFlipTrigger.cs|ShouldTrigger|265|Meridian Flip - There is still time remaining - max remaining time 11:37:17.9368824, next instruction time 0, next instruction Night Summary - Start Session - and the telescope reports expected pier side pierWest. Automated Flip is not necessary.
2026-05-27T21:35:46.7055|INFO|SequenceItem.cs|Run|208|Starting Night Summary - Start Session
2026-05-27T21:35:46.7064|INFO|NightSummaryInstruction.cs|Execute|29|NightSummary: Start Session instruction executing
2026-05-27T21:35:46.7246|INFO|SessionCollector.cs|StartSession|103|NightSummary: Session started. SessionId=df64a908-2f04-475d-9246-eedc3a7d8722
2026-05-27T21:35:46.7347|INFO|SessionService.cs|StartSession|143|NightSummary: Stored camera info — 3008×3008px, 3.76µm, 360mm focal
2026-05-27T21:35:46.7483|INFO|SessionService.cs|CaptureEquipmentNames|1112|NightSummary: Equipment captured — Camera=ZWO ASI533MM Pro, Telescope=AT60, Mount=iOptron CEM120,70,40,26, GEM, HEM, HAE, HAZ series and SkyHunter Mount, FilterWheel=ZWO FilterWheel, Focuser=ZWO Focuser, Rotator=n/a, Guider=PHD2
2026-05-27T21:35:46.7493|INFO|LiveStackCapture.cs|.ctor|52|NightSummary: LiveStackCapture subscribed to broadcast topic
2026-05-27T21:35:46.7494|INFO|SessionService.cs|StartSession|164|NightSummary: LiveStack capture started for this session
2026-05-27T21:35:46.7495|INFO|SequenceItem.cs|Run|254|Finishing Night Summary - Start Session
2026-05-27T21:35:46.7505|INFO|MeridianFlipTrigger.cs|ShouldTrigger|265|Meridian Flip - There is still time remaining - max remaining time 11:37:17.9368824, next instruction time 0, next instruction [StartSubframesSession] Target='Unknown Target' RA=0.0000 Dec=0.0000 - and the telescope reports expected pier side pierWest. Automated Flip is not necessary.
2026-05-27T21:35:46.7508|INFO|SequenceItem.cs|Run|208|Starting [StartSubframesSession] Target='Unknown Target' RA=0.0000 Dec=0.0000
2026-05-27T21:35:46.7580|INFO|TsPlannedTargetReader.cs|ReadPlannedTargets|28|[Subframes] Target Scheduler not detected (no database at C:\Users\nicka\AppData\Local\NINA\SchedulerPlugin)
2026-05-27T21:35:46.7581|INFO|StartSessionItem.cs|Execute|149|[Subframes] No Target Scheduler planned targets to include in session start
2026-05-27T21:35:46.9050|INFO|SubframesClient.cs|StartSessionAsync|230|[Subframes] Session started: 488ed467-5289-4740-b683-e0aa7c3efabe for target ''
2026-05-27T21:35:46.9228|INFO|SessionService.cs|StartSessionAsync|362|[Subframes] Session started: 488ed467-5289-4740-b683-e0aa7c3efabe target=''
2026-05-27T21:35:46.9326|INFO|Plugin.cs|OnSessionStarted|501|[Subframes] TS preview state: -> ACTIVE (session started).
2026-05-27T21:35:46.9331|INFO|CacheReplayEngine.cs|PauseForLiveSession|83|[Subframes] CacheReplayEngine: paused for live session.
2026-05-27T21:35:46.9350|INFO|SessionService.cs|RegisterSessionEventConsumers|1378|[Subframes] Registered as IFocuserConsumer — UpdateEndAutoFocusRun will be called by NINA after each autofocus run.
2026-05-27T21:35:46.9504|INFO|StartSessionItem.cs|Execute|177|[Subframes] StartSessionItem complete — session 488ed467-5289-4740-b683-e0aa7c3efabe
2026-05-27T21:35:46.9506|INFO|SequenceItem.cs|Run|254|Finishing [StartSubframesSession] Target='Unknown Target' RA=0.0000 Dec=0.0000
2026-05-27T21:35:46.9527|INFO|MeridianFlipTrigger.cs|ShouldTrigger|265|Meridian Flip - There is still time remaining - max remaining time 11:37:17.9368824, next instruction time 0, next instruction Category: Target Scheduler, Container: NINA.Plugin.TargetScheduler.Sequencer.TargetSchedulerContainer, Strategy: SequentialStrategy, Target:  RA: 00:00:00; Dec: 00° 00' 00"; Epoch: J2000 0 - and the telescope reports expected pier side pierWest. Automated Flip is not necessary.
2026-05-27T21:35:46.9529|INFO|SequenceItem.cs|Run|208|Starting Category: Target Scheduler, Container: NINA.Plugin.TargetScheduler.Sequencer.TargetSchedulerContainer, Strategy: SequentialStrategy, Target:  RA: 00:00:00; Dec: 00° 00' 00"; Epoch: J2000 0
2026-05-27T21:35:47.2589|INFO|Symbol.cs|OnMessageReceived|627|Received message from Target Scheduler re: TargetScheduler-NewTargetStart
2026-05-27T21:35:47.2592|INFO|Symbol.cs|OnMessageReceived|635|TS_TargetName = M 51
2026-05-27T21:35:47.2594|INFO|Symbol.cs|OnMessageReceived|636|Expires at 05/27/2026 22:44:48 -05:00
2026-05-27T21:35:47.2605|INFO|Symbol.cs|OnMessageReceived|627|Received message from Target Scheduler re: TargetScheduler-NewTargetStart
2026-05-27T21:35:47.2606|INFO|Symbol.cs|OnMessageReceived|635|TS_TargetName = M 51
2026-05-27T21:35:47.2606|INFO|Symbol.cs|OnMessageReceived|636|Expires at 05/27/2026 22:44:48 -05:00
2026-05-27T21:35:47.2838|INFO|Symbol.cs|OnMessageReceived|627|Received message from Target Scheduler re: TargetScheduler-TargetStart
2026-05-27T21:35:47.2839|INFO|Symbol.cs|OnMessageReceived|635|TS_TargetName = M 51
2026-05-27T21:35:47.2839|INFO|Symbol.cs|OnMessageReceived|636|Expires at 05/27/2026 22:44:48 -05:00
2026-05-27T21:35:47.2840|INFO|Symbol.cs|OnMessageReceived|627|Received message from Target Scheduler re: TargetScheduler-TargetStart
2026-05-27T21:35:47.2840|INFO|Symbol.cs|OnMessageReceived|635|TS_TargetName = M 51
2026-05-27T21:35:47.2840|INFO|Symbol.cs|OnMessageReceived|636|Expires at 05/27/2026 22:44:48 -05:00
2026-05-27T21:35:47.3547|INFO|MeridianFlipTrigger.cs|ShouldTrigger|265|Meridian Flip - There is still time remaining - max remaining time 11:37:17.9368824, next instruction time 0, next instruction NINA.Plugin.TargetScheduler.Sequencer.PlanSchedulerProgress - and the telescope reports expected pier side pierWest. Automated Flip is not necessary.
2026-05-27T21:35:47.3550|INFO|SequenceItem.cs|Run|208|Starting NINA.Plugin.TargetScheduler.Sequencer.PlanSchedulerProgress
2026-05-27T21:35:47.3604|INFO|SequenceItem.cs|Run|254|Finishing NINA.Plugin.TargetScheduler.Sequencer.PlanSchedulerProgress
2026-05-27T21:35:47.3854|INFO|MeridianFlipTrigger.cs|ShouldTrigger|265|Meridian Flip - There is still time remaining - max remaining time 11:37:17.9368824, next instruction time 0, next instruction Category: Scheduler, Item: Center, Coordinates RA: 13:29:53; Dec: 47° 11' 43"; Epoch: J2000 - and the telescope reports expected pier side pierWest. Automated Flip is not necessary.
2026-05-27T21:35:47.3857|INFO|SequenceItem.cs|Run|208|Starting Category: Scheduler, Item: Center, Coordinates RA: 13:29:53; Dec: 47° 11' 43"; Epoch: J2000
2026-05-27T21:35:47.5488|INFO|PHD2Guider.cs|StopGuiding|704|Phd2 - Stop Guiding skipped, as the app is already in state Stopped
2026-05-27T21:35:47.5570|INFO|TelescopeVM.cs|SlewAsyncInternal|910|Slewing from RA: 00:01:11; Dec: 85° 08' 33"; Epoch: JNOW to RA: 13:31:01; Dec: 47° 03' 37"; Epoch: JNOW - Alt: 69° 29' 21"; Az: 35° 50' 50"
2026-05-27T21:35:51.9534|WARNING|TsPreviewClient.cs|FetchPreviewAsync|161|[Subframes] TsPreviewClient.FetchPreviewAsync failed for profile '533M-AT60' (0173997c-4bfa-48fd-9337-a48b6df99c38): TaskCanceledException: The request was canceled due to the configured HttpClient.Timeout of 5 seconds elapsing.
2026-05-27T21:35:59.9967|WARNING|TsPreviewClient.cs|FetchPreviewAsync|161|[Subframes] TsPreviewClient.FetchPreviewAsync failed for profile '533M-AT60' (0173997c-4bfa-48fd-9337-a48b6df99c38): TaskCanceledException: The request was canceled due to the configured HttpClient.Timeout of 5 seconds elapsing.
2026-05-27T21:35:59.9968|INFO|Plugin.cs|TrySendStationHeartbeatDebounced|971|[Subframes] Firing station heartbeat [session started].
2026-05-27T21:35:59.9971|INFO|TsProgressReader.cs|ReadProgressDelta|75|[Subframes] TS progress delta: DB not found at C:\Users\nicka\AppData\Local\NINA\SchedulerPlugin — Target Scheduler not installed or DB path mismatch.
2026-05-27T21:36:13.5244|INFO|TsProgressReader.cs|ReadProgressDelta|75|[Subframes] TS progress delta: DB not found at C:\Users\nicka\AppData\Local\NINA\SchedulerPlugin — Target Scheduler not installed or DB path mismatch.
2026-05-27T21:36:20.4616|INFO|CacheReplayEngine.cs|RunOneReplayPassAsync|151|[Subframes] CacheReplayEngine: 1 session(s) pending replay.
2026-05-27T21:36:37.8110|INFO|CameraVM.cs|Capture|742|Starting Exposure - Exposure Time: 2s; Filter: L; Gain: 275; Offset 50; Binning: 1x1;
2026-05-27T21:36:42.2567|INFO|ImageSolver.cs|Solve|41|Platesolving with parameters: FocalLength: 360 PixelSize: 3.76 SearchRadius: 30 BlindFailoverEnabled: True Regions: 5000 DownSampleFactor: 0 MaxObjects: 500 Reference Coordinates RA: 13:29:53 Dec: 47° 11' 43" Epoch: J2000
2026-05-27T21:36:42.8119|INFO|BaseImageData.cs|SaveToDisk|346|Saved image to C:\Users\nicka\AppData\Local\NINA\PlateSolver\1b3ghfy1.zp2.fits
2026-05-27T21:36:44.2020|INFO|ImageSolver.cs|Solve|54|Platesolve successful: Coordinates: RA: 13:32:22; Dec: 42° 37' 42"; Epoch: J2000 - Position Angle: 95.44362678773314
2026-05-27T21:36:44.2066|INFO|CenteringSolver.cs|Center|99|Centering Solver - Scope Position: RA: 13:31:02; Dec: 47° 03' 37"; Epoch: JNOW; Offset: RA: 00:00:00; Dec: 00° 00' 00"; Distance: 00° 00' 00"; Bearing: 00° 00' 00"; Centering Coordinates: RA: 13:31:01; Dec: 47° 03' 37"; Epoch: JNOW; Solved: RA: 13:33:32; Dec: 42° 29' 38"; Epoch: JNOW; Separation RA: -00:02:31; Dec: 04° 33' 59"; Distance: 04° 35' 17"; Bearing: -174° 12' 10"; Threshold: 2
2026-05-27T21:36:44.7038|INFO|TelescopeVM.cs|Sync|777|Syncing scope from RA: 13:31:02; Dec: 47° 03' 37"; Epoch: JNOW to RA: 13:33:32; Dec: 42° 29' 38"; Epoch: JNOW
2026-05-27T21:36:49.7174|INFO|CenteringSolver.cs|Center|132|Slewing to target after sync. Current Position: RA: 13:33:32; Dec: 42° 29' 38"; Epoch: JNOW; Target coordinates: RA: 13:31:01; Dec: 47° 03' 37"; Epoch: JNOW; Offset RA: 00:00:00; Dec: 00° 00' 00"; Distance: 00° 00' 00"; Bearing: 00° 00' 00"
2026-05-27T21:36:49.7641|INFO|TelescopeVM.cs|SlewAsyncInternal|910|Slewing from RA: 13:33:32; Dec: 42° 29' 38"; Epoch: JNOW to RA: 13:31:01; Dec: 47° 03' 37"; Epoch: JNOW - Alt: 69° 37' 06"; Az: 35° 30' 02"
2026-05-27T21:36:58.9576|INFO|CameraVM.cs|Capture|742|Starting Exposure - Exposure Time: 2s; Filter: L; Gain: 275; Offset 50; Binning: 1x1;
2026-05-27T21:37:03.4837|INFO|ImageSolver.cs|Solve|41|Platesolving with parameters: FocalLength: 360 PixelSize: 3.76 SearchRadius: 30 BlindFailoverEnabled: True Regions: 5000 DownSampleFactor: 0 MaxObjects: 500 Reference Coordinates RA: 13:29:53 Dec: 47° 11' 43" Epoch: J2000
2026-05-27T21:37:03.8015|INFO|BaseImageData.cs|SaveToDisk|346|Saved image to C:\Users\nicka\AppData\Local\NINA\PlateSolver\yxyz45tm.hnl.fits
2026-05-27T21:37:04.6869|INFO|ImageSolver.cs|Solve|54|Platesolve successful: Coordinates: RA: 13:29:51; Dec: 47° 11' 29"; Epoch: J2000 - Position Angle: 95.44840572599196
2026-05-27T21:37:04.6883|INFO|CenteringSolver.cs|Center|99|Centering Solver - Scope Position: RA: 13:31:02; Dec: 47° 03' 37"; Epoch: JNOW; Offset: RA: 00:00:00; Dec: 00° 00' 00"; Distance: 00° 00' 00"; Bearing: 00° 00' 00"; Centering Coordinates: RA: 13:31:01; Dec: 47° 03' 37"; Epoch: JNOW; Solved: RA: 13:31:00; Dec: 47° 03' 23"; Epoch: JNOW; Separation RA: 00:00:02; Dec: 00° 00' 14"; Distance: 00° 00' 24"; Bearing: 126° 43' 37"; Threshold: 2
2026-05-27T21:37:04.6890|INFO|CenteringSolver.cs|Center|165|Restoring filter to L after centering
2026-05-27T21:37:04.7133|INFO|SequenceItem.cs|Run|254|Finishing Category: Scheduler, Item: Center, Coordinates RA: 13:29:53; Dec: 47° 11' 43"; Epoch: J2000
2026-05-27T21:37:04.7141|INFO|MeridianFlipTrigger.cs|ShouldTrigger|265|Meridian Flip - There is still time remaining - max remaining time 01:05:50.6337819, next instruction time 0, next instruction NINA.Plugin.TargetScheduler.Sequencer.PlanSchedulerProgress - and the telescope reports expected pier side pierWest. Automated Flip is not necessary.
2026-05-27T21:37:04.7145|INFO|SequenceItem.cs|Run|208|Starting NINA.Plugin.TargetScheduler.Sequencer.PlanSchedulerProgress
2026-05-27T21:37:04.7925|INFO|SequenceItem.cs|Run|254|Finishing NINA.Plugin.TargetScheduler.Sequencer.PlanSchedulerProgress
2026-05-27T21:37:04.7931|INFO|MeridianFlipTrigger.cs|ShouldTrigger|265|Meridian Flip - There is still time remaining - max remaining time 01:05:50.6337819, next instruction time 0, next instruction Category: , Container: NINA.Plugin.TargetScheduler.Sequencer.InstructionContainer, Strategy: InstructionContainerStrategy, Items[CREATED]: 2 - and the telescope reports expected pier side pierWest. Automated Flip is not necessary.
2026-05-27T21:37:04.7932|INFO|SequenceItem.cs|Run|208|Starting Category: , Container: NINA.Plugin.TargetScheduler.Sequencer.InstructionContainer, Strategy: InstructionContainerStrategy, Items[CREATED]: 2
2026-05-27T21:37:04.7971|INFO|MeridianFlipTrigger.cs|ShouldTrigger|265|Meridian Flip - There is still time remaining - max remaining time 01:05:50.6337819, next instruction time 0, next instruction [SubframesStartTarget] Target='Unknown Target' RA=0.0000 Dec=0.0000 - and the telescope reports expected pier side pierWest. Automated Flip is not necessary.
2026-05-27T21:37:04.7973|INFO|SequenceItem.cs|Run|208|Starting [SubframesStartTarget] Target='Unknown Target' RA=0.0000 Dec=0.0000
2026-05-27T21:37:04.8127|INFO|StartTargetItem.cs|Execute|95|[Subframes] StartTargetItem: target start returned null (API unavailable or older version).
2026-05-27T21:37:04.8129|INFO|SequenceItem.cs|Run|254|Finishing [SubframesStartTarget] Target='Unknown Target' RA=0.0000 Dec=0.0000
2026-05-27T21:37:04.8135|INFO|MeridianFlipTrigger.cs|ShouldTrigger|265|Meridian Flip - There is still time remaining - max remaining time 01:05:50.6337819, next instruction time 0, next instruction Category: Ground Station, Item: Send to Telegram - and the telescope reports expected pier side pierWest. Automated Flip is not necessary.
2026-05-27T21:37:04.8136|INFO|SequenceItem.cs|Run|208|Starting Category: Ground Station, Item: Send to Telegram
2026-05-27T21:37:05.4693|INFO|SequenceItem.cs|Run|254|Finishing Category: Ground Station, Item: Send to Telegram
2026-05-27T21:37:05.4704|INFO|SequenceItem.cs|Run|254|Finishing Category: , Container: NINA.Plugin.TargetScheduler.Sequencer.InstructionContainer, Strategy: InstructionContainerStrategy, Items[FINISHED]: 2
2026-05-27T21:37:05.4707|INFO|MeridianFlipTrigger.cs|ShouldTrigger|265|Meridian Flip - There is still time remaining - max remaining time 01:05:50.6337819, next instruction time 0, next instruction NINA.Plugin.TargetScheduler.Sequencer.PlanSchedulerProgress - and the telescope reports expected pier side pierWest. Automated Flip is not necessary.
2026-05-27T21:37:05.4707|INFO|SequenceItem.cs|Run|208|Starting NINA.Plugin.TargetScheduler.Sequencer.PlanSchedulerProgress
2026-05-27T21:37:05.4951|INFO|SequenceItem.cs|Run|254|Finishing NINA.Plugin.TargetScheduler.Sequencer.PlanSchedulerProgress
2026-05-27T21:37:05.4957|INFO|MeridianFlipTrigger.cs|ShouldTrigger|265|Meridian Flip - There is still time remaining - max remaining time 01:05:50.6337819, next instruction time 0, next instruction Category: Scheduler, Item: SwitchFilter, Filter: H - and the telescope reports expected pier side pierWest. Automated Flip is not necessary.
2026-05-27T21:37:05.4958|INFO|SequenceItem.cs|Run|208|Starting Category: Scheduler, Item: SwitchFilter, Filter: H
2026-05-27T21:37:05.4966|INFO|FilterWheelVM.cs|ChangeFilter|112|Moving to Filter H at Position 5
2026-05-27T21:37:05.7322|INFO|FocuserVM.cs|MoveFocuserInternal|216|Moving Focuser to position 387345
2026-05-27T21:37:08.8199|INFO|SequenceItem.cs|Run|254|Finishing Category: Scheduler, Item: SwitchFilter, Filter: H
2026-05-27T21:37:08.8207|INFO|MeridianFlipTrigger.cs|ShouldTrigger|265|Meridian Flip - There is still time remaining - max remaining time 01:05:46.6855896, next instruction time 0, next instruction NINA.Plugin.TargetScheduler.Sequencer.PlanSchedulerProgress - and the telescope reports expected pier side pierWest. Automated Flip is not necessary.
2026-05-27T21:37:08.8210|INFO|SequenceItem.cs|Run|208|Starting NINA.Plugin.TargetScheduler.Sequencer.PlanSchedulerProgress
2026-05-27T21:37:08.8211|INFO|SequenceItem.cs|Run|254|Finishing NINA.Plugin.TargetScheduler.Sequencer.PlanSchedulerProgress
2026-05-27T21:37:08.8231|INFO|MeridianFlipTrigger.cs|ShouldTrigger|265|Meridian Flip - There is still time remaining - max remaining time 01:05:46.6855896, next instruction time 0, next instruction Category: Scheduler, Item: SetReadoutMode, Mode: 0 - and the telescope reports expected pier side pierWest. Automated Flip is not necessary.
2026-05-27T21:37:08.8238|INFO|SequenceItem.cs|Run|208|Starting Category: Scheduler, Item: SetReadoutMode, Mode: 0
2026-05-27T21:37:08.8267|INFO|SequenceItem.cs|Run|254|Finishing Category: Scheduler, Item: SetReadoutMode, Mode: 0
2026-05-27T21:37:08.8275|INFO|MeridianFlipTrigger.cs|ShouldTrigger|265|Meridian Flip - There is still time remaining - max remaining time 01:05:46.6855896, next instruction time 0, next instruction NINA.Plugin.TargetScheduler.Sequencer.PlanSchedulerProgress - and the telescope reports expected pier side pierWest. Automated Flip is not necessary.
2026-05-27T21:37:08.8276|INFO|SequenceItem.cs|Run|208|Starting NINA.Plugin.TargetScheduler.Sequencer.PlanSchedulerProgress
2026-05-27T21:37:08.8304|INFO|SequenceItem.cs|Run|254|Finishing NINA.Plugin.TargetScheduler.Sequencer.PlanSchedulerProgress
2026-05-27T21:37:08.8932|INFO|MeridianFlipTrigger.cs|ShouldTrigger|265|Meridian Flip - There is still time remaining - max remaining time 01:05:46.6855896, next instruction time 600, next instruction Category: Scheduler, Item: TakeExposure, ExposureTime 600, Gain 100, Offset 50, ImageType LIGHT, Binning 1x1 - and the telescope reports expected pier side pierWest. Automated Flip is not necessary.
2026-05-27T21:37:08.8935|INFO|DIYTrigger.cs|ShouldTrigger|109|DIY Trigger Restore Guiding ShouldTrigger returning true
2026-05-27T21:37:08.8963|INFO|SequenceTrigger.cs|Run|114|Starting Category: Powerups (Misc), Item: DIYTrigger
2026-05-27T21:37:08.9253|INFO|DIYTrigger.cs|Execute|95|DIY Trigger executing...
2026-05-27T21:37:08.9256|INFO|SequenceItem.cs|Run|208|Starting Category: * Instruction Set *, Container: NINA.Sequencer.Container.SequentialContainer, Strategy: SequentialStrategy, Items[CREATED]: 1, Triggers: Trigger: RestoreGuiding
2026-05-27T21:37:08.9728|INFO|MeridianFlipTrigger.cs|ShouldTrigger|265|Meridian Flip - There is still time remaining - max remaining time 01:05:46.6855896, next instruction time 0, next instruction Category: Powerups (Expressions), Item: IfFailed - and the telescope reports expected pier side pierWest. Automated Flip is not necessary.
2026-05-27T21:37:08.9730|INFO|SequenceItem.cs|Run|208|Starting Category: Powerups (Expressions), Item: IfFailed
2026-05-27T21:37:08.9751|INFO|SequenceItem.cs|Run|208|Starting Category: Guider, Item: StartGuiding
2026-05-27T21:37:08.9998|INFO|PHD2Guider.cs|TryStartGuideCommand|641|Phd2 - Requesting to start guiding. Recalibrate: False
2026-05-27T21:37:16.2389|INFO|PHD2Client.cs|ProcessEvent|268|PHD2: ConfigurationChange
2026-05-27T21:37:16.2626|INFO|PHD2Client.cs|QueryExposureTime|1216|PHD2Client: Exposure time from PHD2 API: 2.000 seconds (2000 ms)
2026-05-27T21:37:16.3551|INFO|PHD2Client.cs|ProcessEvent|261|PHD2: StartGuiding
2026-05-27T21:37:16.3559|INFO|PHD2Client.cs|StartNewGuidingSession|393|PHD2Client: New guiding session started
2026-05-27T21:37:16.3650|INFO|PHD2Client.cs|QueryExposureTime|1216|PHD2Client: Exposure time from PHD2 API: 2.000 seconds (2000 ms)
2026-05-27T21:37:38.9367|INFO|PHD2Client.cs|HandleSettleDone|343|PHD2Client: SettleDone - Status=0, Success=True, TotalFrames=10, DroppedFrames=0
2026-05-27T21:37:38.9378|WARNING|DitherStatisticsVM.cs|OnPHD2SettleDone|772|⚠️ SettleDone received but no currentDither exists (race condition?)
2026-05-27T21:37:39.4030|INFO|SequenceItem.cs|Run|254|Finishing Category: Guider, Item: StartGuiding
2026-05-27T21:37:39.4050|INFO|SequenceItem.cs|Run|254|Finishing Category: Powerups (Expressions), Item: IfFailed
2026-05-27T21:37:39.4059|INFO|SequenceItem.cs|Run|254|Finishing Category: * Instruction Set *, Container: NINA.Sequencer.Container.SequentialContainer, Strategy: SequentialStrategy, Items[FINISHED]: 1, Triggers: Trigger: RestoreGuiding
2026-05-27T21:37:39.4149|INFO|SequenceItem.cs|Run|208|Starting Category: Scheduler, Item: TakeExposure, ExposureTime 600, Gain 100, Offset 50, ImageType LIGHT, Binning 1x1
2026-05-27T21:37:39.4282|INFO|CameraVM.cs|Capture|742|Starting Exposure - Exposure Time: 600s; Filter: ; Gain: 100; Offset 50; Binning: 1x1;
2026-05-27T21:41:13.5334|INFO|TsProgressReader.cs|ReadProgressDelta|75|[Subframes] TS progress delta: DB not found at C:\Users\nicka\AppData\Local\NINA\SchedulerPlugin — Target Scheduler not installed or DB path mismatch.
2026-05-27T21:46:10.4814|WARNING|TsPreviewClient.cs|FetchPreviewAsync|161|[Subframes] TsPreviewClient.FetchPreviewAsync failed for profile '533M-AT60' (0173997c-4bfa-48fd-9337-a48b6df99c38): TaskCanceledException: The request was canceled due to the configured HttpClient.Timeout of 5 seconds elapsing.
2026-05-27T21:46:13.5333|INFO|TsProgressReader.cs|ReadProgressDelta|75|[Subframes] TS progress delta: DB not found at C:\Users\nicka\AppData\Local\NINA\SchedulerPlugin — Target Scheduler not installed or DB path mismatch.
2026-05-27T21:47:41.3243|INFO|SequenceItem.cs|Run|254|Finishing Category: Scheduler, Item: TakeExposure, ExposureTime 600, Gain 100, Offset 50, ImageType LIGHT, Binning 1x1
2026-05-27T21:47:41.3249|INFO|MeridianFlipTrigger.cs|ShouldTrigger|265|Meridian Flip - There is still time remaining - max remaining time 00:55:12.8836277, next instruction time 0, next instruction NINA.Plugin.TargetScheduler.Sequencer.PlanSchedulerProgress - and the telescope reports expected pier side pierWest. Automated Flip is not necessary.
2026-05-27T21:47:41.3250|INFO|SequenceItem.cs|Run|208|Starting NINA.Plugin.TargetScheduler.Sequencer.PlanSchedulerProgress
2026-05-27T21:47:41.3250|INFO|SequenceItem.cs|Run|254|Finishing NINA.Plugin.TargetScheduler.Sequencer.PlanSchedulerProgress
2026-05-27T21:47:42.7574|INFO|HocusFocusStarDetection.cs|Detect|413|Average HFR: 1.846068487002798, HFR MAD: 0.14958921954906107, Detected Stars 320, Region: 0
2026-05-27T21:47:43.4844|INFO|BaseImageData.cs|SaveToDisk|346|Saved image to C:\ASTROIMAGES\NINA\2026-05-27\M 51\LIGHT\H\2026-05-27_21-37-39_M 51_LIGHT_H_-5.00C_G100-Exp-600.00s_MAXRMS-D0.85-R2.14_M-63.75_RMS-0.65_HFR-1.85_F-0000.fits
2026-05-27T21:47:43.4850|INFO|ImageSaveController.cs|DoWork|97|Successfully saved file at C:\ASTROIMAGES\NINA\2026-05-27\M 51\LIGHT\H\2026-05-27_21-37-39_M 51_LIGHT_H_-5.00C_G100-Exp-600.00s_MAXRMS-D0.85-R2.14_M-63.75_RMS-0.65_HFR-1.85_F-0000.fits. Duration Total: 00:00:02.1589448; BeforeSave: 00:00:00.0236865; BeforeFinalizeImageSaved: 00:00:01.7889397; FinalizeSaveTime: 00:00:00.3463173
2026-05-27T21:47:45.3030|INFO|SessionMetaDataWatcher.cs|WriteAcquisitionMetaData|63|Writing CSV acquisition summary: C:\ASTROIMAGES\NINA\2026-05-27\M 51\LIGHT\H\metadata\AcquisitionDetails.csv
2026-05-27T21:47:45.5134|INFO|SessionMetaDataWatcher.cs|WriteAcquisitionMetaData|82|Writing JSON acquisition summary: C:\ASTROIMAGES\NINA\2026-05-27\M 51\LIGHT\H\metadata\AcquisitionDetails.json
2026-05-27T21:47:45.5274|INFO|SessionMetaDataWatcher.cs|WriteImageMetaData|105|Writing CSV image metadata: C:\ASTROIMAGES\NINA\2026-05-27\M 51\LIGHT\H\metadata\ImageMetaData.csv
2026-05-27T21:47:45.5694|INFO|SessionMetaDataWatcher.cs|WriteImageMetaData|122|Writing JSON image metadata: C:\ASTROIMAGES\NINA\2026-05-27\M 51\LIGHT\H\metadata\ImageMetaData.json
2026-05-27T21:47:45.5873|INFO|SessionMetaDataWatcher.cs|WriteWeatherMetaData|169|Writing CSV weather metadata: C:\ASTROIMAGES\NINA\2026-05-27\M 51\LIGHT\H\metadata\WeatherData.csv
2026-05-27T21:47:45.6114|INFO|SessionMetaDataWatcher.cs|WriteWeatherMetaData|186|Writing JSON weather metadata: C:\ASTROIMAGES\NINA\2026-05-27\M 51\LIGHT\H\metadata\WeatherData.json
2026-05-27T21:47:45.6213|INFO|SessionService.cs|OnTargetDetectedAsync|663|[Subframes] Target detected: 'M51' (was 'none')
2026-05-27T21:47:45.6633|INFO|SubframesClient.cs|StartTargetAsync|316|[Subframes] Target started:  name='M51'
2026-05-27T21:47:45.6642|WARNING|SessionService.cs|StartTargetAsync|559|[Subframes] StartTarget failed — cached locally as 97d84d2b-138e-4c10-b760-172ea6cf8f0e for replay.
2026-05-27T21:47:45.8486|INFO|SessionService.cs|CaptureEquipmentNames|1112|NightSummary: Equipment captured — Camera=ZWO ASI533MM Pro, Telescope=AT60, Mount=iOptron CEM120,70,40,26, GEM, HEM, HAE, HAZ series and SkyHunter Mount, FilterWheel=ZWO FilterWheel, Focuser=ZWO Focuser, Rotator=n/a, Guider=PHD2
2026-05-27T21:47:46.4206|INFO|MeridianFlipTrigger.cs|ShouldTrigger|265|Meridian Flip - There is still time remaining - max remaining time 00:55:06.9421893, next instruction time 0, next instruction Category: Powerups (Fun-ctions), Item: GSSend - and the telescope reports expected pier side pierWest. Automated Flip is not necessary.
2026-05-27T21:47:46.4209|INFO|SequenceItem.cs|Run|208|Starting Category: Powerups (Fun-ctions), Item: GSSend
2026-05-27T21:47:46.4265|INFO|SendWithGS.cs|ProcessedScript|64|Replacing Image_ExposureTime with 600
2026-05-27T21:47:46.4268|INFO|SendWithGS.cs|ProcessedScript|64|Replacing Image_HFR with 1.846
2026-05-27T21:47:46.4270|INFO|SendWithGS.cs|ProcessedScript|64|Replacing Image_FWHM with 7.17
2026-05-27T21:47:46.4272|INFO|SendWithGS.cs|ProcessedScript|64|Replacing Altitude with 70.9045186894689
2026-05-27T21:47:46.4273|INFO|SendWithGS.cs|Execute|95|Sending to Ground Station: Exp: $$FWHEEL_FILTER_NAME$$ on $$TARGET_NAME$$ EXP: 600 HFR: 1.846 FWHM: 7.17  Altitude: 70.9045186894689 
2026-05-27T21:47:46.4286|INFO|SequenceItem.cs|Run|208|Starting Category: Ground Station, Item: Send to Telegram
2026-05-27T21:47:47.1113|INFO|SequenceItem.cs|Run|254|Finishing Category: Ground Station, Item: Send to Telegram
2026-05-27T21:47:47.1136|INFO|SequenceItem.cs|Run|254|Finishing Category: Powerups (Fun-ctions), Item: GSSend
2026-05-27T21:47:47.1140|INFO|MeridianFlipTrigger.cs|ShouldTrigger|265|Meridian Flip - There is still time remaining - max remaining time 00:55:06.9421893, next instruction time 0, next instruction Category: Powerups (Fun-ctions), Item: GSSend - and the telescope reports expected pier side pierWest. Automated Flip is not necessary.
2026-05-27T21:47:47.1141|INFO|SequenceItem.cs|Run|208|Starting Category: Powerups (Fun-ctions), Item: GSSend
2026-05-27T21:47:47.1146|INFO|SendWithGS.cs|ProcessedScript|64|Replacing Image_ExposureTime with 600
2026-05-27T21:47:47.1148|INFO|SendWithGS.cs|ProcessedScript|64|Replacing Image_HFR with 1.846
2026-05-27T21:47:47.1156|INFO|SendWithGS.cs|ProcessedScript|64|Replacing Image_FWHM with 7.17
2026-05-27T21:47:47.1159|INFO|SendWithGS.cs|ProcessedScript|64|Replacing Altitude with 70.9045186894689
2026-05-27T21:47:47.1160|INFO|SendWithGS.cs|Execute|95|Sending to Ground Station: Exp: $$FWHEEL_FILTER_NAME$$ on $$TARGET_NAME$$ EXP: 600 HFR: 1.846 FWHM: 7.17  Altitude: 70.9045186894689 
2026-05-27T21:47:47.1173|INFO|SequenceItem.cs|Run|208|Starting Category: Ground Station, Item: Send to Pushover, Title: IMAGE: $$TARGET_NAME$$
2026-05-27T21:47:47.3239|INFO|SequenceItem.cs|Run|254|Finishing Category: Ground Station, Item: Send to Pushover, Title: IMAGE: $$TARGET_NAME$$
2026-05-27T21:47:47.3260|INFO|SequenceItem.cs|Run|254|Finishing Category: Powerups (Fun-ctions), Item: GSSend
2026-05-27T21:47:47.6093|INFO|Symbol.cs|OnMessageReceived|627|Received message from Target Scheduler re: TargetScheduler-TargetStart
2026-05-27T21:47:47.6093|INFO|Symbol.cs|OnMessageReceived|635|TS_TargetName = M 51
2026-05-27T21:47:47.6094|INFO|Symbol.cs|OnMessageReceived|636|Expires at 05/27/2026 22:44:48 -05:00
2026-05-27T21:47:47.6094|INFO|Symbol.cs|OnMessageReceived|627|Received message from Target Scheduler re: TargetScheduler-TargetStart
2026-05-27T21:47:47.6094|INFO|Symbol.cs|OnMessageReceived|635|TS_TargetName = M 51
2026-05-27T21:47:47.6095|INFO|Symbol.cs|OnMessageReceived|636|Expires at 05/27/2026 22:44:48 -05:00
2026-05-27T21:47:47.6099|INFO|MeridianFlipTrigger.cs|ShouldTrigger|265|Meridian Flip - There is still time remaining - max remaining time 00:55:06.9421893, next instruction time 0, next instruction NINA.Plugin.TargetScheduler.Sequencer.PlanSchedulerProgress - and the telescope reports expected pier side pierWest. Automated Flip is not necessary.
2026-05-27T21:47:47.6100|INFO|SequenceItem.cs|Run|208|Starting NINA.Plugin.TargetScheduler.Sequencer.PlanSchedulerProgress
2026-05-27T21:47:47.6101|INFO|SequenceItem.cs|Run|254|Finishing NINA.Plugin.TargetScheduler.Sequencer.PlanSchedulerProgress
2026-05-27T21:47:47.6104|INFO|MeridianFlipTrigger.cs|ShouldTrigger|265|Meridian Flip - There is still time remaining - max remaining time 00:55:06.9421893, next instruction time 0, next instruction Category: Scheduler, Item: SwitchFilter, Filter: H - and the telescope reports expected pier side pierWest. Automated Flip is not necessary.
2026-05-27T21:47:47.6104|INFO|SequenceItem.cs|Run|208|Starting Category: Scheduler, Item: SwitchFilter, Filter: H
2026-05-27T21:47:47.6113|INFO|SequenceItem.cs|Run|254|Finishing Category: Scheduler, Item: SwitchFilter, Filter: H
2026-05-27T21:47:47.6257|INFO|MeridianFlipTrigger.cs|ShouldTrigger|265|Meridian Flip - There is still time remaining - max remaining time 00:55:06.9421893, next instruction time 0, next instruction NINA.Plugin.TargetScheduler.Sequencer.PlanSchedulerProgress - and the telescope reports expected pier side pierWest. Automated Flip is not necessary.
2026-05-27T21:47:47.6258|INFO|SequenceItem.cs|Run|208|Starting NINA.Plugin.TargetScheduler.Sequencer.PlanSchedulerProgress
2026-05-27T21:47:47.6258|INFO|SequenceItem.cs|Run|254|Finishing NINA.Plugin.TargetScheduler.Sequencer.PlanSchedulerProgress
2026-05-27T21:47:47.6260|INFO|MeridianFlipTrigger.cs|ShouldTrigger|265|Meridian Flip - There is still time remaining - max remaining time 00:55:06.9421893, next instruction time 0, next instruction Category: Scheduler, Item: SetReadoutMode, Mode: 0 - and the telescope reports expected pier side pierWest. Automated Flip is not necessary.
2026-05-27T21:47:47.6261|INFO|SequenceItem.cs|Run|208|Starting Category: Scheduler, Item: SetReadoutMode, Mode: 0
2026-05-27T21:47:47.6264|INFO|SequenceItem.cs|Run|254|Finishing Category: Scheduler, Item: SetReadoutMode, Mode: 0
2026-05-27T21:47:47.6266|INFO|MeridianFlipTrigger.cs|ShouldTrigger|265|Meridian Flip - There is still time remaining - max remaining time 00:55:06.9421893, next instruction time 0, next instruction NINA.Plugin.TargetScheduler.Sequencer.PlanSchedulerProgress - and the telescope reports expected pier side pierWest. Automated Flip is not necessary.
2026-05-27T21:47:47.6266|INFO|SequenceItem.cs|Run|208|Starting NINA.Plugin.TargetScheduler.Sequencer.PlanSchedulerProgress
2026-05-27T21:47:47.6272|INFO|SequenceItem.cs|Run|254|Finishing NINA.Plugin.TargetScheduler.Sequencer.PlanSchedulerProgress
2026-05-27T21:47:47.6782|INFO|MeridianFlipTrigger.cs|ShouldTrigger|265|Meridian Flip - There is still time remaining - max remaining time 00:55:06.9421893, next instruction time 600, next instruction Category: Scheduler, Item: TakeExposure, ExposureTime 600, Gain 100, Offset 50, ImageType LIGHT, Binning 1x1 - and the telescope reports expected pier side pierWest. Automated Flip is not necessary.
2026-05-27T21:47:47.6783|INFO|DIYTrigger.cs|ShouldTrigger|109|DIY Trigger Restore Guiding ShouldTrigger returning true
2026-05-27T21:47:47.6785|INFO|SequenceTrigger.cs|Run|114|Starting Category: Powerups (Misc), Item: DIYTrigger
2026-05-27T21:47:47.7054|INFO|DIYTrigger.cs|Execute|95|DIY Trigger executing...
2026-05-27T21:47:47.7055|INFO|SequenceItem.cs|Run|208|Starting Category: * Instruction Set *, Container: NINA.Sequencer.Container.SequentialContainer, Strategy: SequentialStrategy, Items[CREATED]: 1, Triggers: Trigger: RestoreGuiding
2026-05-27T21:47:47.7402|INFO|MeridianFlipTrigger.cs|ShouldTrigger|265|Meridian Flip - There is still time remaining - max remaining time 00:55:06.9421893, next instruction time 0, next instruction Category: Powerups (Expressions), Item: IfFailed - and the telescope reports expected pier side pierWest. Automated Flip is not necessary.
2026-05-27T21:47:47.7405|INFO|SequenceItem.cs|Run|208|Starting Category: Powerups (Expressions), Item: IfFailed
2026-05-27T21:47:47.7405|INFO|SequenceItem.cs|Run|208|Starting Category: Guider, Item: StartGuiding
2026-05-27T21:47:47.7451|INFO|PHD2Guider.cs|StartGuidingPrivate|504|Phd2 - App is already guiding. Skipping start guiding
2026-05-27T21:47:47.7454|INFO|SequenceItem.cs|Run|254|Finishing Category: Guider, Item: StartGuiding
2026-05-27T21:47:47.7458|INFO|SequenceItem.cs|Run|254|Finishing Category: Powerups (Expressions), Item: IfFailed
2026-05-27T21:47:47.7460|INFO|SequenceItem.cs|Run|254|Finishing Category: * Instruction Set *, Container: NINA.Sequencer.Container.SequentialContainer, Strategy: SequentialStrategy, Items[FINISHED]: 1, Triggers: Trigger: RestoreGuiding
2026-05-27T21:47:47.7526|INFO|SequenceTrigger.cs|Run|114|Starting Trigger: AutofocusAfterTemperatureChangeTrigger, Amount: 1.5°
2026-05-27T21:47:47.7537|INFO|SequenceItem.cs|Run|208|Starting Category: * Instruction Set *, Container: NINA.Sequencer.Container.SequentialContainer, Strategy: SequentialStrategy, Items[CREATED]: 1
2026-05-27T21:47:47.7540|INFO|SequenceItem.cs|Run|208|Starting Category: Focuser, Item: RunAutofocus
2026-05-27T21:47:47.9340|INFO|FocuserMediator.cs|BroadcastAutoFocusRunStarting|92|Autofocus starting notification received
2026-05-27T21:47:48.0041|INFO|StarfrontClient.cs|SendImageFile|249|[Rockwood] sent 2026-05-27_21-37-39_M 51_LIGHT_H_-5.00C_G100-Exp-600.00s_MAXRMS-D0.85-R2.14_M-63.75_RMS-0.65_HFR-1.85_F-0000.fits (21KB) object=M 51 exptime=600s filter=H
2026-05-27T21:47:48.9323|INFO|PHD2Client.cs|ProcessEvent|268|PHD2: ConfigurationChange
2026-05-27T21:47:48.9404|WARNING|PHD2Client.cs|ProcessEvent|252|PHD2: LockPositionLost
2026-05-27T21:47:49.0233|INFO|PHD2Client.cs|QueryExposureTime|1216|PHD2Client: Exposure time from PHD2 API: 2.000 seconds (2000 ms)
2026-05-27T21:47:49.0266|INFO|FilterWheelVM.cs|ChangeFilter|112|Moving to Filter L at Position 0
2026-05-27T21:47:49.2350|INFO|FocuserVM.cs|MoveFocuserInternal|216|Moving Focuser to position 387323
2026-05-27T21:47:50.8559|WARNING|TsPreviewClient.cs|FetchPreviewAsync|161|[Subframes] TsPreviewClient.FetchPreviewAsync failed for profile '533M-AT60' (0173997c-4bfa-48fd-9337-a48b6df99c38): TaskCanceledException: The request was canceled due to the configured HttpClient.Timeout of 5 seconds elapsing.
2026-05-27T21:47:58.8111|INFO|AutoFocusEngine.cs|RunAutoFocus|929|Starting AutoFocus with initial position 387323
2026-05-27T21:47:58.8179|INFO|CameraVM.cs|Capture|742|Starting Exposure - Exposure Time: 3s; Filter: L; Gain: 270; Offset 50; Binning: 1x1;
2026-05-27T21:48:03.4890|INFO|AutoFocusEngine.cs|StartBlindFocusPoints|769|Waiting on initial HFR analysis
2026-05-27T21:48:03.4909|INFO|FocuserVM.cs|MoveFocuserInternal|216|Moving Focuser to position 387459
2026-05-27T21:48:05.0181|INFO|HocusFocusStarDetection.cs|Detect|413|Average HFR: 1.736203643647598, HFR MAD: 0.15928163998097616, Detected Stars 146, Region: 0
2026-05-27T21:48:08.8077|INFO|CameraVM.cs|Capture|742|Starting Exposure - Exposure Time: 3s; Filter: L; Gain: 270; Offset 50; Binning: 1x1;
2026-05-27T21:48:10.5539|INFO|SyncEngine.cs|SyncPendingFramesAsync|142|[Subframes] SyncEngine: synced 1 frames for session 488ed467-5289-4740-b683-e0aa7c3efabe (accepted=1)
2026-05-27T21:48:13.4587|INFO|FocuserVM.cs|MoveFocuserInternal|216|Moving Focuser to position 387425
2026-05-27T21:48:14.9484|INFO|HocusFocusStarDetection.cs|Detect|413|Average HFR: 4.277424895270874, HFR MAD: 2.1064093645005872, Detected Stars 77, Region: 0
2026-05-27T21:48:20.8250|INFO|CameraVM.cs|Capture|742|Starting Exposure - Exposure Time: 3s; Filter: L; Gain: 270; Offset 50; Binning: 1x1;
2026-05-27T21:48:25.4919|INFO|FocuserVM.cs|MoveFocuserInternal|216|Moving Focuser to position 387391
2026-05-27T21:48:26.9722|INFO|HocusFocusStarDetection.cs|Detect|413|Average HFR: 3.271297315920743, HFR MAD: 1.1390274485480916, Detected Stars 120, Region: 0
2026-05-27T21:48:34.7953|INFO|CameraVM.cs|Capture|742|Starting Exposure - Exposure Time: 3s; Filter: L; Gain: 270; Offset 50; Binning: 1x1;
2026-05-27T21:48:39.4717|INFO|FocuserVM.cs|MoveFocuserInternal|216|Moving Focuser to position 387357
2026-05-27T21:48:40.9567|INFO|HocusFocusStarDetection.cs|Detect|413|Average HFR: 2.6023938419552946, HFR MAD: 0.6365474469935071, Detected Stars 163, Region: 0
2026-05-27T21:48:48.8209|INFO|CameraVM.cs|Capture|742|Starting Exposure - Exposure Time: 3s; Filter: L; Gain: 270; Offset 50; Binning: 1x1;
2026-05-27T21:48:53.4911|INFO|AutoFocusEngine.cs|StartBlindFocusPoints|797|Waiting on initial focuser move analyses
2026-05-27T21:48:54.9844|INFO|HocusFocusStarDetection.cs|Detect|413|Average HFR: 1.9663308324958113, HFR MAD: 0.3261424983961763, Detected Stars 177, Region: 0
2026-05-27T21:48:55.0358|INFO|FocuserVM.cs|MoveFocuserInternal|216|Moving Focuser to position 387323
2026-05-27T21:49:04.8257|INFO|CameraVM.cs|Capture|742|Starting Exposure - Exposure Time: 3s; Filter: L; Gain: 270; Offset 50; Binning: 1x1;
2026-05-27T21:49:09.4777|INFO|AutoFocusEngine.cs|StartBlindFocusPoints|870|Waiting on next left movement analysis
2026-05-27T21:49:10.9493|INFO|HocusFocusStarDetection.cs|Detect|413|Average HFR: 1.757694672696252, HFR MAD: 0.14356270874548757, Detected Stars 175, Region: 0
2026-05-27T21:49:10.9784|INFO|FocuserVM.cs|MoveFocuserInternal|216|Moving Focuser to position 387289
2026-05-27T21:49:20.8304|INFO|CameraVM.cs|Capture|742|Starting Exposure - Exposure Time: 3s; Filter: L; Gain: 270; Offset 50; Binning: 1x1;
2026-05-27T21:49:25.4874|INFO|AutoFocusEngine.cs|StartBlindFocusPoints|870|Waiting on next left movement analysis
2026-05-27T21:49:26.9711|INFO|HocusFocusStarDetection.cs|Detect|413|Average HFR: 2.179463556432903, HFR MAD: 0.24389692106075606, Detected Stars 217, Region: 0
2026-05-27T21:49:27.0037|INFO|AutoFocusEngine.cs|StartBlindFocusPoints|841|Enough right trend points (4) with an established minimum (387323) to queue remaining left focus points down to 387187
2026-05-27T21:49:27.0054|INFO|FocuserVM.cs|MoveFocuserInternal|216|Moving Focuser to position 387255
2026-05-27T21:49:36.8216|INFO|CameraVM.cs|Capture|742|Starting Exposure - Exposure Time: 3s; Filter: L; Gain: 270; Offset 50; Binning: 1x1;
2026-05-27T21:49:41.4876|INFO|FocuserVM.cs|MoveFocuserInternal|216|Moving Focuser to position 387221
2026-05-27T21:49:42.9691|INFO|HocusFocusStarDetection.cs|Detect|413|Average HFR: 3.1952309563043926, HFR MAD: 0.3328236874575448, Detected Stars 178, Region: 0
2026-05-27T21:49:50.7945|INFO|CameraVM.cs|Capture|742|Starting Exposure - Exposure Time: 3s; Filter: L; Gain: 270; Offset 50; Binning: 1x1;
2026-05-27T21:49:55.4528|INFO|FocuserVM.cs|MoveFocuserInternal|216|Moving Focuser to position 387187
2026-05-27T21:49:56.9158|INFO|HocusFocusStarDetection.cs|Detect|413|Average HFR: 4.700295407190507, HFR MAD: 0.3994218935140055, Detected Stars 113, Region: 0
2026-05-27T21:50:04.8310|INFO|CameraVM.cs|Capture|742|Starting Exposure - Exposure Time: 3s; Filter: L; Gain: 270; Offset 50; Binning: 1x1;
2026-05-27T21:50:09.4994|INFO|AutoFocusEngine.cs|StartBlindFocusPoints|896|Waiting on remaining AutoFocus analysis tasks
2026-05-27T21:50:10.9637|INFO|HocusFocusStarDetection.cs|Detect|413|Average HFR: 6.455983569378274, HFR MAD: 0.3171366774627385, Detected Stars 63, Region: 0
2026-05-27T21:50:10.9951|INFO|FocuserVM.cs|MoveFocuserInternal|216|Moving Focuser to position 387320
2026-05-27T21:50:16.8088|INFO|AutoFocusEngine.cs|ValidateCalculatedFocusPosition|1141|Validating HFR at final focus position 387320
2026-05-27T21:50:16.8157|INFO|CameraVM.cs|Capture|742|Starting Exposure - Exposure Time: 3s; Filter: L; Gain: 270; Offset 50; Binning: 1x1;
2026-05-27T21:50:22.9562|INFO|HocusFocusStarDetection.cs|Detect|413|Average HFR: 1.7324912239016748, HFR MAD: 0.14858066826762517, Detected Stars 168, Region: 0
2026-05-27T21:50:22.9647|INFO|HocusFocusVM.cs|AutoFocusEngine_Completed|472|AutoFocus completed with focuser starting at 387323 and ending at 387320
2026-05-27T21:50:22.9666|INFO|FocuserMediator.cs|BroadcastSuccessfulAutoFocusRun|46|Autofocus notification received - Temperature 27.700000762939453
2026-05-27T21:50:22.9808|INFO|SessionEventCollector.cs|SaveEvent|128|NightSummary: Event logged — AutoFocus: AutoFocus completed — Filter: L, Temp: 27.7°C, Position: 387320.0738557129
2026-05-27T21:50:22.9820|INFO|SessionService.cs|UpdateEndAutoFocusRun|1500|[Subframes] UpdateEndAutoFocusRun called: session=488ed467-5289-4740-b683-e0aa7c3efabe filter=L position=387320.0738557129 — posting autofocus event
2026-05-27T21:50:23.0273|INFO|FilterWheelVM.cs|ChangeFilter|112|Moving to Filter H at Position 5
2026-05-27T21:50:23.2341|INFO|FocuserVM.cs|MoveFocuserInternal|216|Moving Focuser to position 387342
2026-05-27T21:50:26.8044|INFO|PHD2Guider.cs|TryStartGuideCommand|641|Phd2 - Requesting to start guiding. Recalibrate: False
2026-05-27T21:50:33.9887|INFO|PHD2Client.cs|ProcessEvent|261|PHD2: StartGuiding
2026-05-27T21:50:33.9888|INFO|PHD2Client.cs|StartNewGuidingSession|393|PHD2Client: New guiding session started
2026-05-27T21:50:33.9996|INFO|PHD2Client.cs|QueryExposureTime|1216|PHD2Client: Exposure time from PHD2 API: 2.000 seconds (2000 ms)
2026-05-27T21:50:57.4434|INFO|PHD2Client.cs|HandleSettleDone|343|PHD2Client: SettleDone - Status=0, Success=True, TotalFrames=10, DroppedFrames=0
2026-05-27T21:50:57.4435|WARNING|DitherStatisticsVM.cs|OnPHD2SettleDone|772|⚠️ SettleDone received but no currentDither exists (race condition?)
2026-05-27T21:50:57.7187|INFO|SequenceItem.cs|Run|254|Finishing Category: Focuser, Item: RunAutofocus
2026-05-27T21:50:57.7191|INFO|SequenceItem.cs|Run|254|Finishing Category: * Instruction Set *, Container: NINA.Sequencer.Container.SequentialContainer, Strategy: SequentialStrategy, Items[FINISHED]: 1
2026-05-27T21:50:57.7198|INFO|SequenceItem.cs|Run|208|Starting Category: Scheduler, Item: TakeExposure, ExposureTime 600, Gain 100, Offset 50, ImageType LIGHT, Binning 1x1
2026-05-27T21:50:57.7251|INFO|CameraVM.cs|Capture|742|Starting Exposure - Exposure Time: 600s; Filter: ; Gain: 100; Offset 50; Binning: 1x1;
2026-05-27T21:51:13.5251|INFO|TsProgressReader.cs|ReadProgressDelta|75|[Subframes] TS progress delta: DB not found at C:\Users\nicka\AppData\Local\NINA\SchedulerPlugin — Target Scheduler not installed or DB path mismatch.
2026-05-27T21:56:13.5294|INFO|TsProgressReader.cs|ReadProgressDelta|75|[Subframes] TS progress delta: DB not found at C:\Users\nicka\AppData\Local\NINA\SchedulerPlugin — Target Scheduler not installed or DB path mismatch.
2026-05-27T22:00:59.6214|INFO|SequenceItem.cs|Run|254|Finishing Category: Scheduler, Item: TakeExposure, ExposureTime 600, Gain 100, Offset 50, ImageType LIGHT, Binning 1x1
2026-05-27T22:00:59.6224|INFO|MeridianFlipTrigger.cs|ShouldTrigger|265|Meridian Flip - There is still time remaining - max remaining time 00:41:52.2646189, next instruction time 0, next instruction NINA.Plugin.TargetScheduler.Sequencer.PlanSchedulerProgress - and the telescope reports expected pier side pierWest. Automated Flip is not necessary.
2026-05-27T22:00:59.6226|INFO|SequenceItem.cs|Run|208|Starting NINA.Plugin.TargetScheduler.Sequencer.PlanSchedulerProgress
2026-05-27T22:00:59.6226|INFO|SequenceItem.cs|Run|254|Finishing NINA.Plugin.TargetScheduler.Sequencer.PlanSchedulerProgress
2026-05-27T22:01:00.9350|INFO|HocusFocusStarDetection.cs|Detect|413|Average HFR: 1.8342017553433747, HFR MAD: 0.15996209767558095, Detected Stars 346, Region: 0
2026-05-27T22:01:01.6302|INFO|BaseImageData.cs|SaveToDisk|346|Saved image to C:\ASTROIMAGES\NINA\2026-05-27\M 51\LIGHT\H\2026-05-27_21-50-57_M 51_LIGHT_H_-5.00C_G100-Exp-600.00s_MAXRMS-D0.89-R2.84_M-63.80_RMS-0.64_HFR-1.83_F-0001.fits
2026-05-27T22:01:01.6304|INFO|ImageSaveController.cs|DoWork|97|Successfully saved file at C:\ASTROIMAGES\NINA\2026-05-27\M 51\LIGHT\H\2026-05-27_21-50-57_M 51_LIGHT_H_-5.00C_G100-Exp-600.00s_MAXRMS-D0.89-R2.84_M-63.80_RMS-0.64_HFR-1.83_F-0001.fits. Duration Total: 00:00:02.0087588; BeforeSave: 00:00:00.0004030; BeforeFinalizeImageSaved: 00:00:01.6898348; FinalizeSaveTime: 00:00:00.3185202
2026-05-27T22:01:02.1708|WARNING|SessionMetaDataWatcher.cs|WriteAcquisitionMetaData|73|acquisition file already exists, will not overwrite: C:\ASTROIMAGES\NINA\2026-05-27\M 51\LIGHT\H\metadata\AcquisitionDetails.csv
2026-05-27T22:01:02.1710|WARNING|SessionMetaDataWatcher.cs|WriteAcquisitionMetaData|93|acquisition file already exists, will not overwrite: C:\ASTROIMAGES\NINA\2026-05-27\M 51\LIGHT\H\metadata\AcquisitionDetails.json
2026-05-27T22:01:02.1713|INFO|SessionMetaDataWatcher.cs|WriteImageMetaData|105|Writing CSV image metadata: C:\ASTROIMAGES\NINA\2026-05-27\M 51\LIGHT\H\metadata\ImageMetaData.csv
2026-05-27T22:01:02.2052|INFO|SessionMetaDataWatcher.cs|WriteImageMetaData|122|Writing JSON image metadata: C:\ASTROIMAGES\NINA\2026-05-27\M 51\LIGHT\H\metadata\ImageMetaData.json
2026-05-27T22:01:02.2182|INFO|SessionMetaDataWatcher.cs|WriteWeatherMetaData|169|Writing CSV weather metadata: C:\ASTROIMAGES\NINA\2026-05-27\M 51\LIGHT\H\metadata\WeatherData.csv
2026-05-27T22:01:02.2343|INFO|SessionMetaDataWatcher.cs|WriteWeatherMetaData|186|Writing JSON weather metadata: C:\ASTROIMAGES\NINA\2026-05-27\M 51\LIGHT\H\metadata\WeatherData.json
2026-05-27T22:01:02.2408|INFO|SessionService.cs|OnTargetDetectedAsync|663|[Subframes] Target detected: 'M51' (was 'M51')
2026-05-27T22:01:02.2777|INFO|SubframesClient.cs|StartTargetAsync|316|[Subframes] Target started:  name='M51'
2026-05-27T22:01:02.2779|WARNING|SessionService.cs|StartTargetAsync|559|[Subframes] StartTarget failed — cached locally as 6afa4aa5-de30-4ba1-8bb4-6a0c0edde2b0 for replay.
2026-05-27T22:01:03.8177|INFO|MeridianFlipTrigger.cs|ShouldTrigger|265|Meridian Flip - There is still time remaining - max remaining time 00:41:48.2293871, next instruction time 0, next instruction Category: Powerups (Fun-ctions), Item: GSSend - and the telescope reports expected pier side pierWest. Automated Flip is not necessary.
2026-05-27T22:01:03.8178|INFO|SequenceItem.cs|Run|208|Starting Category: Powerups (Fun-ctions), Item: GSSend
2026-05-27T22:01:03.8187|INFO|SendWithGS.cs|ProcessedScript|64|Replacing Image_ExposureTime with 600
2026-05-27T22:01:03.8189|INFO|SendWithGS.cs|ProcessedScript|64|Replacing Image_HFR with 1.834
2026-05-27T22:01:03.8191|INFO|SendWithGS.cs|ProcessedScript|64|Replacing Image_FWHM with 7.09
2026-05-27T22:01:03.8192|INFO|SendWithGS.cs|ProcessedScript|64|Replacing Altitude with 72.26598940219898
2026-05-27T22:01:03.8193|INFO|SendWithGS.cs|Execute|95|Sending to Ground Station: Exp: $$FWHEEL_FILTER_NAME$$ on $$TARGET_NAME$$ EXP: 600 HFR: 1.834 FWHM: 7.09  Altitude: 72.26598940219898 
2026-05-27T22:01:03.8210|INFO|SequenceItem.cs|Run|208|Starting Category: Ground Station, Item: Send to Telegram
2026-05-27T22:01:04.4387|INFO|StarfrontClient.cs|SendImageFile|249|[Rockwood] sent 2026-05-27_21-50-57_M 51_LIGHT_H_-5.00C_G100-Exp-600.00s_MAXRMS-D0.89-R2.84_M-63.80_RMS-0.64_HFR-1.83_F-0001.fits (21KB) object=M 51 exptime=600s filter=H
2026-05-27T22:01:04.5182|INFO|SequenceItem.cs|Run|254|Finishing Category: Ground Station, Item: Send to Telegram
2026-05-27T22:01:04.5196|INFO|SequenceItem.cs|Run|254|Finishing Category: Powerups (Fun-ctions), Item: GSSend
2026-05-27T22:01:04.5200|INFO|MeridianFlipTrigger.cs|ShouldTrigger|265|Meridian Flip - There is still time remaining - max remaining time 00:41:46.4185879, next instruction time 0, next instruction Category: Powerups (Fun-ctions), Item: GSSend - and the telescope reports expected pier side pierWest. Automated Flip is not necessary.
2026-05-27T22:01:04.5201|INFO|SequenceItem.cs|Run|208|Starting Category: Powerups (Fun-ctions), Item: GSSend
2026-05-27T22:01:04.5208|INFO|SendWithGS.cs|ProcessedScript|64|Replacing Image_ExposureTime with 600
2026-05-27T22:01:04.5210|INFO|SendWithGS.cs|ProcessedScript|64|Replacing Image_HFR with 1.834
2026-05-27T22:01:04.5213|INFO|SendWithGS.cs|ProcessedScript|64|Replacing Image_FWHM with 7.09
2026-05-27T22:01:04.5215|INFO|SendWithGS.cs|ProcessedScript|64|Replacing Altitude with 72.26598940219898
2026-05-27T22:01:04.5215|INFO|SendWithGS.cs|Execute|95|Sending to Ground Station: Exp: $$FWHEEL_FILTER_NAME$$ on $$TARGET_NAME$$ EXP: 600 HFR: 1.834 FWHM: 7.09  Altitude: 72.26598940219898 
2026-05-27T22:01:04.5231|INFO|SequenceItem.cs|Run|208|Starting Category: Ground Station, Item: Send to Pushover, Title: IMAGE: $$TARGET_NAME$$
2026-05-27T22:01:04.6898|INFO|SequenceItem.cs|Run|254|Finishing Category: Ground Station, Item: Send to Pushover, Title: IMAGE: $$TARGET_NAME$$
2026-05-27T22:01:04.6910|INFO|SequenceItem.cs|Run|254|Finishing Category: Powerups (Fun-ctions), Item: GSSend
2026-05-27T22:01:04.8776|INFO|Symbol.cs|OnMessageReceived|627|Received message from Target Scheduler re: TargetScheduler-TargetStart
2026-05-27T22:01:04.8777|INFO|Symbol.cs|OnMessageReceived|635|TS_TargetName = M 51
2026-05-27T22:01:04.8777|INFO|Symbol.cs|OnMessageReceived|636|Expires at 05/27/2026 22:44:48 -05:00
2026-05-27T22:01:04.8777|INFO|Symbol.cs|OnMessageReceived|627|Received message from Target Scheduler re: TargetScheduler-TargetStart
2026-05-27T22:01:04.8777|INFO|Symbol.cs|OnMessageReceived|635|TS_TargetName = M 51
2026-05-27T22:01:04.8778|INFO|Symbol.cs|OnMessageReceived|636|Expires at 05/27/2026 22:44:48 -05:00
2026-05-27T22:01:04.8781|INFO|MeridianFlipTrigger.cs|ShouldTrigger|265|Meridian Flip - There is still time remaining - max remaining time 00:41:46.4185879, next instruction time 0, next instruction NINA.Plugin.TargetScheduler.Sequencer.PlanSchedulerProgress - and the telescope reports expected pier side pierWest. Automated Flip is not necessary.
2026-05-27T22:01:04.8782|INFO|SequenceItem.cs|Run|208|Starting NINA.Plugin.TargetScheduler.Sequencer.PlanSchedulerProgress
2026-05-27T22:01:04.8783|INFO|SequenceItem.cs|Run|254|Finishing NINA.Plugin.TargetScheduler.Sequencer.PlanSchedulerProgress
2026-05-27T22:01:04.8785|INFO|MeridianFlipTrigger.cs|ShouldTrigger|265|Meridian Flip - There is still time remaining - max remaining time 00:41:46.4185879, next instruction time 0, next instruction Category: Scheduler, Item: SwitchFilter, Filter: H - and the telescope reports expected pier side pierWest. Automated Flip is not necessary.
2026-05-27T22:01:04.8785|INFO|SequenceItem.cs|Run|208|Starting Category: Scheduler, Item: SwitchFilter, Filter: H
2026-05-27T22:01:04.8794|INFO|SequenceItem.cs|Run|254|Finishing Category: Scheduler, Item: SwitchFilter, Filter: H
2026-05-27T22:01:04.8796|INFO|MeridianFlipTrigger.cs|ShouldTrigger|265|Meridian Flip - There is still time remaining - max remaining time 00:41:46.4185879, next instruction time 0, next instruction NINA.Plugin.TargetScheduler.Sequencer.PlanSchedulerProgress - and the telescope reports expected pier side pierWest. Automated Flip is not necessary.
2026-05-27T22:01:04.8797|INFO|SequenceItem.cs|Run|208|Starting NINA.Plugin.TargetScheduler.Sequencer.PlanSchedulerProgress
2026-05-27T22:01:04.8797|INFO|SequenceItem.cs|Run|254|Finishing NINA.Plugin.TargetScheduler.Sequencer.PlanSchedulerProgress
2026-05-27T22:01:04.8798|INFO|MeridianFlipTrigger.cs|ShouldTrigger|265|Meridian Flip - There is still time remaining - max remaining time 00:41:46.4185879, next instruction time 0, next instruction Category: Scheduler, Item: SetReadoutMode, Mode: 0 - and the telescope reports expected pier side pierWest. Automated Flip is not necessary.
2026-05-27T22:01:04.8799|INFO|SequenceItem.cs|Run|208|Starting Category: Scheduler, Item: SetReadoutMode, Mode: 0
2026-05-27T22:01:04.8800|INFO|SequenceItem.cs|Run|254|Finishing Category: Scheduler, Item: SetReadoutMode, Mode: 0
2026-05-27T22:01:04.8801|INFO|MeridianFlipTrigger.cs|ShouldTrigger|265|Meridian Flip - There is still time remaining - max remaining time 00:41:46.4185879, next instruction time 0, next instruction NINA.Plugin.TargetScheduler.Sequencer.PlanSchedulerProgress - and the telescope reports expected pier side pierWest. Automated Flip is not necessary.
2026-05-27T22:01:04.8802|INFO|SequenceItem.cs|Run|208|Starting NINA.Plugin.TargetScheduler.Sequencer.PlanSchedulerProgress
2026-05-27T22:01:04.8815|INFO|SequenceItem.cs|Run|254|Finishing NINA.Plugin.TargetScheduler.Sequencer.PlanSchedulerProgress
2026-05-27T22:01:04.9153|INFO|MeridianFlipTrigger.cs|ShouldTrigger|265|Meridian Flip - There is still time remaining - max remaining time 00:41:46.4185879, next instruction time 600, next instruction Category: Scheduler, Item: TakeExposure, ExposureTime 600, Gain 100, Offset 50, ImageType LIGHT, Binning 1x1 - and the telescope reports expected pier side pierWest. Automated Flip is not necessary.
2026-05-27T22:01:04.9154|INFO|DIYTrigger.cs|ShouldTrigger|109|DIY Trigger Restore Guiding ShouldTrigger returning true
2026-05-27T22:01:04.9486|INFO|SequenceTrigger.cs|Run|114|Starting Category: Powerups (Misc), Item: DIYTrigger
2026-05-27T22:01:04.9739|INFO|DIYTrigger.cs|Execute|95|DIY Trigger executing...
2026-05-27T22:01:04.9740|INFO|SequenceItem.cs|Run|208|Starting Category: * Instruction Set *, Container: NINA.Sequencer.Container.SequentialContainer, Strategy: SequentialStrategy, Items[CREATED]: 1, Triggers: Trigger: RestoreGuiding
2026-05-27T22:01:05.0102|INFO|MeridianFlipTrigger.cs|ShouldTrigger|265|Meridian Flip - There is still time remaining - max remaining time 00:41:46.4185879, next instruction time 0, next instruction Category: Powerups (Expressions), Item: IfFailed - and the telescope reports expected pier side pierWest. Automated Flip is not necessary.
2026-05-27T22:01:05.0103|INFO|SequenceItem.cs|Run|208|Starting Category: Powerups (Expressions), Item: IfFailed
2026-05-27T22:01:05.0104|INFO|SequenceItem.cs|Run|208|Starting Category: Guider, Item: StartGuiding
2026-05-27T22:01:05.0132|INFO|PHD2Guider.cs|StartGuidingPrivate|504|Phd2 - App is already guiding. Skipping start guiding
2026-05-27T22:01:05.0135|INFO|SequenceItem.cs|Run|254|Finishing Category: Guider, Item: StartGuiding
2026-05-27T22:01:05.0135|INFO|SequenceItem.cs|Run|254|Finishing Category: Powerups (Expressions), Item: IfFailed
2026-05-27T22:01:05.0137|INFO|SequenceItem.cs|Run|254|Finishing Category: * Instruction Set *, Container: NINA.Sequencer.Container.SequentialContainer, Strategy: SequentialStrategy, Items[FINISHED]: 1, Triggers: Trigger: RestoreGuiding
2026-05-27T22:01:05.0161|INFO|SequenceItem.cs|Run|208|Starting Category: Scheduler, Item: TakeExposure, ExposureTime 600, Gain 100, Offset 50, ImageType LIGHT, Binning 1x1
2026-05-27T22:01:05.0216|INFO|CameraVM.cs|Capture|742|Starting Exposure - Exposure Time: 600s; Filter: ; Gain: 100; Offset 50; Binning: 1x1;
2026-05-27T22:01:07.4074|WARNING|TsPreviewClient.cs|FetchPreviewAsync|161|[Subframes] TsPreviewClient.FetchPreviewAsync failed for profile '533M-AT60' (0173997c-4bfa-48fd-9337-a48b6df99c38): TaskCanceledException: The request was canceled due to the configured HttpClient.Timeout of 5 seconds elapsing.
2026-05-27T22:01:10.4885|INFO|SyncEngine.cs|SyncPendingFramesAsync|142|[Subframes] SyncEngine: synced 1 frames for session 488ed467-5289-4740-b683-e0aa7c3efabe (accepted=1)
2026-05-27T22:01:13.5282|INFO|TsProgressReader.cs|ReadProgressDelta|75|[Subframes] TS progress delta: DB not found at C:\Users\nicka\AppData\Local\NINA\SchedulerPlugin — Target Scheduler not installed or DB path mismatch.
2026-05-27T22:06:13.5303|INFO|TsProgressReader.cs|ReadProgressDelta|75|[Subframes] TS progress delta: DB not found at C:\Users\nicka\AppData\Local\NINA\SchedulerPlugin — Target Scheduler not installed or DB path mismatch.
2026-05-27T22:11:06.8616|INFO|SequenceItem.cs|Run|254|Finishing Category: Scheduler, Item: TakeExposure, ExposureTime 600, Gain 100, Offset 50, ImageType LIGHT, Binning 1x1
2026-05-27T22:11:06.8619|INFO|MeridianFlipTrigger.cs|ShouldTrigger|265|Meridian Flip - There is still time remaining - max remaining time 00:31:43.1920003, next instruction time 0, next instruction NINA.Plugin.TargetScheduler.Sequencer.PlanSchedulerProgress - and the telescope reports expected pier side pierWest. Automated Flip is not necessary.
2026-05-27T22:11:06.8620|INFO|SequenceItem.cs|Run|208|Starting NINA.Plugin.TargetScheduler.Sequencer.PlanSchedulerProgress
2026-05-27T22:11:06.8621|INFO|SequenceItem.cs|Run|254|Finishing NINA.Plugin.TargetScheduler.Sequencer.PlanSchedulerProgress
2026-05-27T22:11:08.2471|INFO|HocusFocusStarDetection.cs|Detect|413|Average HFR: 1.8126324234324898, HFR MAD: 0.17611847384982193, Detected Stars 323, Region: 0
2026-05-27T22:11:08.9705|INFO|BaseImageData.cs|SaveToDisk|346|Saved image to C:\ASTROIMAGES\NINA\2026-05-27\M 51\LIGHT\H\2026-05-27_22-01-05_M 51_LIGHT_H_-5.00C_G100-Exp-600.00s_MAXRMS-D0.74-R0.87_M-63.84_RMS-0.37_HFR-1.81_F-0002.fits
2026-05-27T22:11:08.9706|INFO|ImageSaveController.cs|DoWork|97|Successfully saved file at C:\ASTROIMAGES\NINA\2026-05-27\M 51\LIGHT\H\2026-05-27_22-01-05_M 51_LIGHT_H_-5.00C_G100-Exp-600.00s_MAXRMS-D0.74-R0.87_M-63.84_RMS-0.37_HFR-1.81_F-0002.fits. Duration Total: 00:00:02.1090554; BeforeSave: 00:00:00.0001291; BeforeFinalizeImageSaved: 00:00:01.7661577; FinalizeSaveTime: 00:00:00.3427678
2026-05-27T22:11:09.5053|WARNING|SessionMetaDataWatcher.cs|WriteAcquisitionMetaData|73|acquisition file already exists, will not overwrite: C:\ASTROIMAGES\NINA\2026-05-27\M 51\LIGHT\H\metadata\AcquisitionDetails.csv
2026-05-27T22:11:09.5054|WARNING|SessionMetaDataWatcher.cs|WriteAcquisitionMetaData|93|acquisition file already exists, will not overwrite: C:\ASTROIMAGES\NINA\2026-05-27\M 51\LIGHT\H\metadata\AcquisitionDetails.json
2026-05-27T22:11:09.5057|INFO|SessionMetaDataWatcher.cs|WriteImageMetaData|105|Writing CSV image metadata: C:\ASTROIMAGES\NINA\2026-05-27\M 51\LIGHT\H\metadata\ImageMetaData.csv
2026-05-27T22:11:09.5409|INFO|SessionMetaDataWatcher.cs|WriteImageMetaData|122|Writing JSON image metadata: C:\ASTROIMAGES\NINA\2026-05-27\M 51\LIGHT\H\metadata\ImageMetaData.json
2026-05-27T22:11:09.5427|INFO|SessionMetaDataWatcher.cs|WriteWeatherMetaData|169|Writing CSV weather metadata: C:\ASTROIMAGES\NINA\2026-05-27\M 51\LIGHT\H\metadata\WeatherData.csv
2026-05-27T22:11:09.5611|INFO|SessionMetaDataWatcher.cs|WriteWeatherMetaData|186|Writing JSON weather metadata: C:\ASTROIMAGES\NINA\2026-05-27\M 51\LIGHT\H\metadata\WeatherData.json
2026-05-27T22:11:09.5625|INFO|SessionService.cs|OnTargetDetectedAsync|663|[Subframes] Target detected: 'M51' (was 'M51')
2026-05-27T22:11:09.5967|INFO|SubframesClient.cs|StartTargetAsync|316|[Subframes] Target started:  name='M51'
2026-05-27T22:11:09.5968|WARNING|SessionService.cs|StartTargetAsync|559|[Subframes] StartTarget failed — cached locally as 6c11357a-3fdd-4e33-86bc-7b871faf4a16 for replay.
2026-05-27T22:11:10.2554|INFO|MeridianFlipTrigger.cs|ShouldTrigger|265|Meridian Flip - There is still time remaining - max remaining time 00:31:40.8284234, next instruction time 0, next instruction Category: Powerups (Fun-ctions), Item: GSSend - and the telescope reports expected pier side pierWest. Automated Flip is not necessary.
2026-05-27T22:11:10.2554|INFO|SequenceItem.cs|Run|208|Starting Category: Powerups (Fun-ctions), Item: GSSend
2026-05-27T22:11:10.2560|INFO|SendWithGS.cs|ProcessedScript|64|Replacing Image_ExposureTime with 600
2026-05-27T22:11:10.2562|INFO|SendWithGS.cs|ProcessedScript|64|Replacing Image_HFR with 1.813
2026-05-27T22:11:10.2564|INFO|SendWithGS.cs|ProcessedScript|64|Replacing Image_FWHM with 7.08
2026-05-27T22:11:10.2565|INFO|SendWithGS.cs|ProcessedScript|64|Replacing Altitude with 73.11774755291353
2026-05-27T22:11:10.2566|INFO|SendWithGS.cs|Execute|95|Sending to Ground Station: Exp: $$FWHEEL_FILTER_NAME$$ on $$TARGET_NAME$$ EXP: 600 HFR: 1.813 FWHM: 7.08  Altitude: 73.11774755291353 
2026-05-27T22:11:10.2579|INFO|SequenceItem.cs|Run|208|Starting Category: Ground Station, Item: Send to Telegram
2026-05-27T22:11:10.4863|INFO|SyncEngine.cs|SyncPendingFramesAsync|142|[Subframes] SyncEngine: synced 1 frames for session 488ed467-5289-4740-b683-e0aa7c3efabe (accepted=1)
2026-05-27T22:11:10.9353|INFO|SequenceItem.cs|Run|254|Finishing Category: Ground Station, Item: Send to Telegram
2026-05-27T22:11:10.9367|INFO|SequenceItem.cs|Run|254|Finishing Category: Powerups (Fun-ctions), Item: GSSend
2026-05-27T22:11:10.9509|INFO|MeridianFlipTrigger.cs|ShouldTrigger|265|Meridian Flip - There is still time remaining - max remaining time 00:31:39.2310178, next instruction time 0, next instruction Category: Powerups (Fun-ctions), Item: GSSend - and the telescope reports expected pier side pierWest. Automated Flip is not necessary.
2026-05-27T22:11:10.9510|INFO|SequenceItem.cs|Run|208|Starting Category: Powerups (Fun-ctions), Item: GSSend
2026-05-27T22:11:10.9515|INFO|SendWithGS.cs|ProcessedScript|64|Replacing Image_ExposureTime with 600
2026-05-27T22:11:10.9517|INFO|SendWithGS.cs|ProcessedScript|64|Replacing Image_HFR with 1.813
2026-05-27T22:11:10.9518|INFO|SendWithGS.cs|ProcessedScript|64|Replacing Image_FWHM with 7.08
2026-05-27T22:11:10.9520|INFO|SendWithGS.cs|ProcessedScript|64|Replacing Altitude with 73.11774755291353
2026-05-27T22:11:10.9520|INFO|SendWithGS.cs|Execute|95|Sending to Ground Station: Exp: $$FWHEEL_FILTER_NAME$$ on $$TARGET_NAME$$ EXP: 600 HFR: 1.813 FWHM: 7.08  Altitude: 73.11774755291353 
2026-05-27T22:11:10.9534|INFO|SequenceItem.cs|Run|208|Starting Category: Ground Station, Item: Send to Pushover, Title: IMAGE: $$TARGET_NAME$$
2026-05-27T22:11:11.1167|INFO|SequenceItem.cs|Run|254|Finishing Category: Ground Station, Item: Send to Pushover, Title: IMAGE: $$TARGET_NAME$$
2026-05-27T22:11:11.1181|INFO|SequenceItem.cs|Run|254|Finishing Category: Powerups (Fun-ctions), Item: GSSend
2026-05-27T22:11:11.2739|INFO|Symbol.cs|OnMessageReceived|627|Received message from Target Scheduler re: TargetScheduler-TargetStart
2026-05-27T22:11:11.2740|INFO|Symbol.cs|OnMessageReceived|635|TS_TargetName = M 51
2026-05-27T22:11:11.2740|INFO|Symbol.cs|OnMessageReceived|636|Expires at 05/27/2026 22:44:48 -05:00
2026-05-27T22:11:11.2740|INFO|Symbol.cs|OnMessageReceived|627|Received message from Target Scheduler re: TargetScheduler-TargetStart
2026-05-27T22:11:11.2741|INFO|Symbol.cs|OnMessageReceived|635|TS_TargetName = M 51
2026-05-27T22:11:11.2741|INFO|Symbol.cs|OnMessageReceived|636|Expires at 05/27/2026 22:44:48 -05:00
2026-05-27T22:11:11.2752|INFO|MeridianFlipTrigger.cs|ShouldTrigger|265|Meridian Flip - There is still time remaining - max remaining time 00:31:39.2310178, next instruction time 0, next instruction NINA.Plugin.TargetScheduler.Sequencer.PlanSchedulerProgress - and the telescope reports expected pier side pierWest. Automated Flip is not necessary.
2026-05-27T22:11:11.2753|INFO|SequenceItem.cs|Run|208|Starting NINA.Plugin.TargetScheduler.Sequencer.PlanSchedulerProgress
2026-05-27T22:11:11.2754|INFO|SequenceItem.cs|Run|254|Finishing NINA.Plugin.TargetScheduler.Sequencer.PlanSchedulerProgress
2026-05-27T22:11:11.2756|INFO|MeridianFlipTrigger.cs|ShouldTrigger|265|Meridian Flip - There is still time remaining - max remaining time 00:31:39.2310178, next instruction time 0, next instruction Category: Scheduler, Item: SwitchFilter, Filter: H - and the telescope reports expected pier side pierWest. Automated Flip is not necessary.
2026-05-27T22:11:11.2757|INFO|SequenceItem.cs|Run|208|Starting Category: Scheduler, Item: SwitchFilter, Filter: H
2026-05-27T22:11:11.3024|INFO|SequenceItem.cs|Run|254|Finishing Category: Scheduler, Item: SwitchFilter, Filter: H
2026-05-27T22:11:11.3027|INFO|MeridianFlipTrigger.cs|ShouldTrigger|265|Meridian Flip - There is still time remaining - max remaining time 00:31:39.2310178, next instruction time 0, next instruction NINA.Plugin.TargetScheduler.Sequencer.PlanSchedulerProgress - and the telescope reports expected pier side pierWest. Automated Flip is not necessary.
2026-05-27T22:11:11.3028|INFO|SequenceItem.cs|Run|208|Starting NINA.Plugin.TargetScheduler.Sequencer.PlanSchedulerProgress
2026-05-27T22:11:11.3028|INFO|SequenceItem.cs|Run|254|Finishing NINA.Plugin.TargetScheduler.Sequencer.PlanSchedulerProgress
2026-05-27T22:11:11.3276|INFO|MeridianFlipTrigger.cs|ShouldTrigger|265|Meridian Flip - There is still time remaining - max remaining time 00:31:39.2310178, next instruction time 0, next instruction Category: Scheduler, Item: SetReadoutMode, Mode: 0 - and the telescope reports expected pier side pierWest. Automated Flip is not necessary.
2026-05-27T22:11:11.3277|INFO|SequenceItem.cs|Run|208|Starting Category: Scheduler, Item: SetReadoutMode, Mode: 0
2026-05-27T22:11:11.3279|INFO|SequenceItem.cs|Run|254|Finishing Category: Scheduler, Item: SetReadoutMode, Mode: 0
2026-05-27T22:11:11.3656|INFO|MeridianFlipTrigger.cs|ShouldTrigger|265|Meridian Flip - There is still time remaining - max remaining time 00:31:39.2310178, next instruction time 0, next instruction NINA.Plugin.TargetScheduler.Sequencer.PlanSchedulerProgress - and the telescope reports expected pier side pierWest. Automated Flip is not necessary.
2026-05-27T22:11:11.3657|INFO|SequenceItem.cs|Run|208|Starting NINA.Plugin.TargetScheduler.Sequencer.PlanSchedulerProgress
2026-05-27T22:11:11.3909|INFO|SequenceItem.cs|Run|254|Finishing NINA.Plugin.TargetScheduler.Sequencer.PlanSchedulerProgress
2026-05-27T22:11:11.4367|INFO|MeridianFlipTrigger.cs|ShouldTrigger|265|Meridian Flip - There is still time remaining - max remaining time 00:31:39.2310178, next instruction time 600, next instruction Category: Scheduler, Item: TakeExposure, ExposureTime 600, Gain 100, Offset 50, ImageType LIGHT, Binning 1x1 - and the telescope reports expected pier side pierWest. Automated Flip is not necessary.
2026-05-27T22:11:11.4367|INFO|DIYTrigger.cs|ShouldTrigger|109|DIY Trigger Restore Guiding ShouldTrigger returning true
2026-05-27T22:11:11.4368|INFO|SequenceTrigger.cs|Run|114|Starting Category: Powerups (Misc), Item: DIYTrigger
2026-05-27T22:11:11.4387|INFO|DIYTrigger.cs|Execute|95|DIY Trigger executing...
2026-05-27T22:11:11.4389|INFO|SequenceItem.cs|Run|208|Starting Category: * Instruction Set *, Container: NINA.Sequencer.Container.SequentialContainer, Strategy: SequentialStrategy, Items[CREATED]: 1, Triggers: Trigger: RestoreGuiding
2026-05-27T22:11:11.4634|INFO|MeridianFlipTrigger.cs|ShouldTrigger|265|Meridian Flip - There is still time remaining - max remaining time 00:31:39.2310178, next instruction time 0, next instruction Category: Powerups (Expressions), Item: IfFailed - and the telescope reports expected pier side pierWest. Automated Flip is not necessary.
2026-05-27T22:11:11.4635|INFO|SequenceItem.cs|Run|208|Starting Category: Powerups (Expressions), Item: IfFailed
2026-05-27T22:11:11.4635|INFO|SequenceItem.cs|Run|208|Starting Category: Guider, Item: StartGuiding
2026-05-27T22:11:11.4667|INFO|PHD2Guider.cs|StartGuidingPrivate|504|Phd2 - App is already guiding. Skipping start guiding
2026-05-27T22:11:11.4670|INFO|SequenceItem.cs|Run|254|Finishing Category: Guider, Item: StartGuiding
2026-05-27T22:11:11.4671|INFO|SequenceItem.cs|Run|254|Finishing Category: Powerups (Expressions), Item: IfFailed
2026-05-27T22:11:11.4672|INFO|SequenceItem.cs|Run|254|Finishing Category: * Instruction Set *, Container: NINA.Sequencer.Container.SequentialContainer, Strategy: SequentialStrategy, Items[FINISHED]: 1, Triggers: Trigger: RestoreGuiding
2026-05-27T22:11:11.4695|INFO|SequenceItem.cs|Run|208|Starting Category: Scheduler, Item: TakeExposure, ExposureTime 600, Gain 100, Offset 50, ImageType LIGHT, Binning 1x1
2026-05-27T22:11:11.4749|INFO|CameraVM.cs|Capture|742|Starting Exposure - Exposure Time: 600s; Filter: ; Gain: 100; Offset 50; Binning: 1x1;
2026-05-27T22:11:12.0090|INFO|StarfrontClient.cs|SendImageFile|249|[Rockwood] sent 2026-05-27_22-01-05_M 51_LIGHT_H_-5.00C_G100-Exp-600.00s_MAXRMS-D0.74-R0.87_M-63.84_RMS-0.37_HFR-1.81_F-0002.fits (20KB) object=M 51 exptime=600s filter=H
2026-05-27T22:11:13.5323|INFO|TsProgressReader.cs|ReadProgressDelta|75|[Subframes] TS progress delta: DB not found at C:\Users\nicka\AppData\Local\NINA\SchedulerPlugin — Target Scheduler not installed or DB path mismatch.
2026-05-27T22:11:14.7381|WARNING|TsPreviewClient.cs|FetchPreviewAsync|161|[Subframes] TsPreviewClient.FetchPreviewAsync failed for profile '533M-AT60' (0173997c-4bfa-48fd-9337-a48b6df99c38): TaskCanceledException: The request was canceled due to the configured HttpClient.Timeout of 5 seconds elapsing.
2026-05-27T22:16:13.5252|INFO|TsProgressReader.cs|ReadProgressDelta|75|[Subframes] TS progress delta: DB not found at C:\Users\nicka\AppData\Local\NINA\SchedulerPlugin — Target Scheduler not installed or DB path mismatch.
2026-05-27T22:21:13.4271|INFO|SequenceItem.cs|Run|254|Finishing Category: Scheduler, Item: TakeExposure, ExposureTime 600, Gain 100, Offset 50, ImageType LIGHT, Binning 1x1
2026-05-27T22:21:13.4274|INFO|MeridianFlipTrigger.cs|ShouldTrigger|265|Meridian Flip - There is still time remaining - max remaining time 00:21:36.5971903, next instruction time 0, next instruction NINA.Plugin.TargetScheduler.Sequencer.PlanSchedulerProgress - and the telescope reports expected pier side pierWest. Automated Flip is not necessary.
2026-05-27T22:21:13.4275|INFO|SequenceItem.cs|Run|208|Starting NINA.Plugin.TargetScheduler.Sequencer.PlanSchedulerProgress
2026-05-27T22:21:13.4276|INFO|SequenceItem.cs|Run|254|Finishing NINA.Plugin.TargetScheduler.Sequencer.PlanSchedulerProgress
2026-05-27T22:21:13.5345|INFO|TsProgressReader.cs|ReadProgressDelta|75|[Subframes] TS progress delta: DB not found at C:\Users\nicka\AppData\Local\NINA\SchedulerPlugin — Target Scheduler not installed or DB path mismatch.
2026-05-27T22:21:14.7898|INFO|HocusFocusStarDetection.cs|Detect|413|Average HFR: 1.8167241351763534, HFR MAD: 0.15820572599340457, Detected Stars 312, Region: 0
2026-05-27T22:21:15.4657|INFO|BaseImageData.cs|SaveToDisk|346|Saved image to C:\ASTROIMAGES\NINA\2026-05-27\M 51\LIGHT\H\2026-05-27_22-11-11_M 51_LIGHT_H_-5.00C_G100-Exp-600.00s_MAXRMS-D0.82-R0.70_M-63.88_RMS-0.33_HFR-1.82_F-0003.fits
2026-05-27T22:21:15.4658|INFO|ImageSaveController.cs|DoWork|97|Successfully saved file at C:\ASTROIMAGES\NINA\2026-05-27\M 51\LIGHT\H\2026-05-27_22-11-11_M 51_LIGHT_H_-5.00C_G100-Exp-600.00s_MAXRMS-D0.82-R0.70_M-63.88_RMS-0.33_HFR-1.82_F-0003.fits. Duration Total: 00:00:02.0387416; BeforeSave: 00:00:00.0001644; BeforeFinalizeImageSaved: 00:00:01.7305793; FinalizeSaveTime: 00:00:00.3079971
2026-05-27T22:21:15.9908|WARNING|SessionMetaDataWatcher.cs|WriteAcquisitionMetaData|73|acquisition file already exists, will not overwrite: C:\ASTROIMAGES\NINA\2026-05-27\M 51\LIGHT\H\metadata\AcquisitionDetails.csv
2026-05-27T22:21:15.9910|WARNING|SessionMetaDataWatcher.cs|WriteAcquisitionMetaData|93|acquisition file already exists, will not overwrite: C:\ASTROIMAGES\NINA\2026-05-27\M 51\LIGHT\H\metadata\AcquisitionDetails.json
2026-05-27T22:21:15.9912|INFO|SessionMetaDataWatcher.cs|WriteImageMetaData|105|Writing CSV image metadata: C:\ASTROIMAGES\NINA\2026-05-27\M 51\LIGHT\H\metadata\ImageMetaData.csv
2026-05-27T22:21:16.0355|INFO|SessionMetaDataWatcher.cs|WriteImageMetaData|122|Writing JSON image metadata: C:\ASTROIMAGES\NINA\2026-05-27\M 51\LIGHT\H\metadata\ImageMetaData.json
2026-05-27T22:21:16.0375|INFO|SessionMetaDataWatcher.cs|WriteWeatherMetaData|169|Writing CSV weather metadata: C:\ASTROIMAGES\NINA\2026-05-27\M 51\LIGHT\H\metadata\WeatherData.csv
2026-05-27T22:21:16.0545|INFO|SessionMetaDataWatcher.cs|WriteWeatherMetaData|186|Writing JSON weather metadata: C:\ASTROIMAGES\NINA\2026-05-27\M 51\LIGHT\H\metadata\WeatherData.json
2026-05-27T22:21:16.0563|INFO|SessionService.cs|OnTargetDetectedAsync|663|[Subframes] Target detected: 'M51' (was 'M51')
2026-05-27T22:21:16.0899|INFO|SubframesClient.cs|StartTargetAsync|316|[Subframes] Target started:  name='M51'
2026-05-27T22:21:16.0901|WARNING|SessionService.cs|StartTargetAsync|559|[Subframes] StartTarget failed — cached locally as 92fb1927-88d9-4ae9-9602-95c96a0d7f5a for replay.
2026-05-27T22:21:16.7866|INFO|MeridianFlipTrigger.cs|ShouldTrigger|265|Meridian Flip - There is still time remaining - max remaining time 00:21:32.5483250, next instruction time 0, next instruction Category: Powerups (Fun-ctions), Item: GSSend - and the telescope reports expected pier side pierWest. Automated Flip is not necessary.
2026-05-27T22:21:16.7866|INFO|SequenceItem.cs|Run|208|Starting Category: Powerups (Fun-ctions), Item: GSSend
2026-05-27T22:21:16.7874|INFO|SendWithGS.cs|ProcessedScript|64|Replacing Image_ExposureTime with 600
2026-05-27T22:21:16.7876|INFO|SendWithGS.cs|ProcessedScript|64|Replacing Image_HFR with 1.817
2026-05-27T22:21:16.7877|INFO|SendWithGS.cs|ProcessedScript|64|Replacing Image_FWHM with 7.01
2026-05-27T22:21:16.7879|INFO|SendWithGS.cs|ProcessedScript|64|Replacing Altitude with 73.78483992553852
2026-05-27T22:21:16.7879|INFO|SendWithGS.cs|Execute|95|Sending to Ground Station: Exp: $$FWHEEL_FILTER_NAME$$ on $$TARGET_NAME$$ EXP: 600 HFR: 1.817 FWHM: 7.01  Altitude: 73.78483992553852 
2026-05-27T22:21:16.7893|INFO|SequenceItem.cs|Run|208|Starting Category: Ground Station, Item: Send to Telegram
2026-05-27T22:21:17.4833|INFO|SequenceItem.cs|Run|254|Finishing Category: Ground Station, Item: Send to Telegram
2026-05-27T22:21:17.4846|INFO|SequenceItem.cs|Run|254|Finishing Category: Powerups (Fun-ctions), Item: GSSend
2026-05-27T22:21:17.4850|INFO|MeridianFlipTrigger.cs|ShouldTrigger|265|Meridian Flip - There is still time remaining - max remaining time 00:21:32.5483250, next instruction time 0, next instruction Category: Powerups (Fun-ctions), Item: GSSend - and the telescope reports expected pier side pierWest. Automated Flip is not necessary.
2026-05-27T22:21:17.4851|INFO|SequenceItem.cs|Run|208|Starting Category: Powerups (Fun-ctions), Item: GSSend
2026-05-27T22:21:17.4855|INFO|SendWithGS.cs|ProcessedScript|64|Replacing Image_ExposureTime with 600
2026-05-27T22:21:17.4856|INFO|SendWithGS.cs|ProcessedScript|64|Replacing Image_HFR with 1.817
2026-05-27T22:21:17.4859|INFO|SendWithGS.cs|ProcessedScript|64|Replacing Image_FWHM with 7.01
2026-05-27T22:21:17.4860|INFO|SendWithGS.cs|ProcessedScript|64|Replacing Altitude with 73.78483992553852
2026-05-27T22:21:17.4860|INFO|SendWithGS.cs|Execute|95|Sending to Ground Station: Exp: $$FWHEEL_FILTER_NAME$$ on $$TARGET_NAME$$ EXP: 600 HFR: 1.817 FWHM: 7.01  Altitude: 73.78483992553852 
2026-05-27T22:21:17.4874|INFO|SequenceItem.cs|Run|208|Starting Category: Ground Station, Item: Send to Pushover, Title: IMAGE: $$TARGET_NAME$$
2026-05-27T22:21:17.6563|INFO|SequenceItem.cs|Run|254|Finishing Category: Ground Station, Item: Send to Pushover, Title: IMAGE: $$TARGET_NAME$$
2026-05-27T22:21:17.6576|INFO|SequenceItem.cs|Run|254|Finishing Category: Powerups (Fun-ctions), Item: GSSend
2026-05-27T22:21:17.8274|INFO|Symbol.cs|OnMessageReceived|627|Received message from Target Scheduler re: TargetScheduler-TargetStart
2026-05-27T22:21:17.8275|INFO|Symbol.cs|OnMessageReceived|635|TS_TargetName = M 51
2026-05-27T22:21:17.8275|INFO|Symbol.cs|OnMessageReceived|636|Expires at 05/27/2026 22:44:48 -05:00
2026-05-27T22:21:17.8275|INFO|Symbol.cs|OnMessageReceived|627|Received message from Target Scheduler re: TargetScheduler-TargetStart
2026-05-27T22:21:17.8275|INFO|Symbol.cs|OnMessageReceived|635|TS_TargetName = M 51
2026-05-27T22:21:17.8276|INFO|Symbol.cs|OnMessageReceived|636|Expires at 05/27/2026 22:44:48 -05:00
2026-05-27T22:21:17.8283|INFO|MeridianFlipTrigger.cs|ShouldTrigger|265|Meridian Flip - There is still time remaining - max remaining time 00:21:32.5483250, next instruction time 0, next instruction NINA.Plugin.TargetScheduler.Sequencer.PlanSchedulerProgress - and the telescope reports expected pier side pierWest. Automated Flip is not necessary.
2026-05-27T22:21:17.8284|INFO|SequenceItem.cs|Run|208|Starting NINA.Plugin.TargetScheduler.Sequencer.PlanSchedulerProgress
2026-05-27T22:21:17.8285|INFO|SequenceItem.cs|Run|254|Finishing NINA.Plugin.TargetScheduler.Sequencer.PlanSchedulerProgress
2026-05-27T22:21:17.8287|INFO|MeridianFlipTrigger.cs|ShouldTrigger|265|Meridian Flip - There is still time remaining - max remaining time 00:21:32.5483250, next instruction time 0, next instruction Category: Scheduler, Item: SwitchFilter, Filter: H - and the telescope reports expected pier side pierWest. Automated Flip is not necessary.
2026-05-27T22:21:17.8288|INFO|SequenceItem.cs|Run|208|Starting Category: Scheduler, Item: SwitchFilter, Filter: H
2026-05-27T22:21:17.8309|INFO|SequenceItem.cs|Run|254|Finishing Category: Scheduler, Item: SwitchFilter, Filter: H
2026-05-27T22:21:17.8312|INFO|MeridianFlipTrigger.cs|ShouldTrigger|265|Meridian Flip - There is still time remaining - max remaining time 00:21:32.5483250, next instruction time 0, next instruction NINA.Plugin.TargetScheduler.Sequencer.PlanSchedulerProgress - and the telescope reports expected pier side pierWest. Automated Flip is not necessary.
2026-05-27T22:21:17.8312|INFO|SequenceItem.cs|Run|208|Starting NINA.Plugin.TargetScheduler.Sequencer.PlanSchedulerProgress
2026-05-27T22:21:17.8313|INFO|SequenceItem.cs|Run|254|Finishing NINA.Plugin.TargetScheduler.Sequencer.PlanSchedulerProgress
2026-05-27T22:21:17.8315|INFO|MeridianFlipTrigger.cs|ShouldTrigger|265|Meridian Flip - There is still time remaining - max remaining time 00:21:32.5483250, next instruction time 0, next instruction Category: Scheduler, Item: SetReadoutMode, Mode: 0 - and the telescope reports expected pier side pierWest. Automated Flip is not necessary.
2026-05-27T22:21:17.8315|INFO|SequenceItem.cs|Run|208|Starting Category: Scheduler, Item: SetReadoutMode, Mode: 0
2026-05-27T22:21:17.8316|INFO|SequenceItem.cs|Run|254|Finishing Category: Scheduler, Item: SetReadoutMode, Mode: 0
2026-05-27T22:21:17.8318|INFO|MeridianFlipTrigger.cs|ShouldTrigger|265|Meridian Flip - There is still time remaining - max remaining time 00:21:32.5483250, next instruction time 0, next instruction NINA.Plugin.TargetScheduler.Sequencer.PlanSchedulerProgress - and the telescope reports expected pier side pierWest. Automated Flip is not necessary.
2026-05-27T22:21:17.8318|INFO|SequenceItem.cs|Run|208|Starting NINA.Plugin.TargetScheduler.Sequencer.PlanSchedulerProgress
2026-05-27T22:21:17.8323|INFO|SequenceItem.cs|Run|254|Finishing NINA.Plugin.TargetScheduler.Sequencer.PlanSchedulerProgress
2026-05-27T22:21:17.8690|INFO|MeridianFlipTrigger.cs|ShouldTrigger|265|Meridian Flip - There is still time remaining - max remaining time 00:21:32.5483250, next instruction time 600, next instruction Category: Scheduler, Item: TakeExposure, ExposureTime 600, Gain 100, Offset 50, ImageType LIGHT, Binning 1x1 - and the telescope reports expected pier side pierWest. Automated Flip is not necessary.
2026-05-27T22:21:17.8691|INFO|DIYTrigger.cs|ShouldTrigger|109|DIY Trigger Restore Guiding ShouldTrigger returning true
2026-05-27T22:21:17.8692|INFO|SequenceTrigger.cs|Run|114|Starting Category: Powerups (Misc), Item: DIYTrigger
2026-05-27T22:21:17.9623|INFO|DIYTrigger.cs|Execute|95|DIY Trigger executing...
2026-05-27T22:21:17.9625|INFO|SequenceItem.cs|Run|208|Starting Category: * Instruction Set *, Container: NINA.Sequencer.Container.SequentialContainer, Strategy: SequentialStrategy, Items[CREATED]: 1, Triggers: Trigger: RestoreGuiding
2026-05-27T22:21:17.9628|INFO|MeridianFlipTrigger.cs|ShouldTrigger|265|Meridian Flip - There is still time remaining - max remaining time 00:21:32.5483250, next instruction time 0, next instruction Category: Powerups (Expressions), Item: IfFailed - and the telescope reports expected pier side pierWest. Automated Flip is not necessary.
2026-05-27T22:21:17.9628|INFO|SequenceItem.cs|Run|208|Starting Category: Powerups (Expressions), Item: IfFailed
2026-05-27T22:21:17.9629|INFO|SequenceItem.cs|Run|208|Starting Category: Guider, Item: StartGuiding
2026-05-27T22:21:17.9661|INFO|PHD2Guider.cs|StartGuidingPrivate|504|Phd2 - App is already guiding. Skipping start guiding
2026-05-27T22:21:17.9663|INFO|SequenceItem.cs|Run|254|Finishing Category: Guider, Item: StartGuiding
2026-05-27T22:21:17.9664|INFO|SequenceItem.cs|Run|254|Finishing Category: Powerups (Expressions), Item: IfFailed
2026-05-27T22:21:17.9665|INFO|SequenceItem.cs|Run|254|Finishing Category: * Instruction Set *, Container: NINA.Sequencer.Container.SequentialContainer, Strategy: SequentialStrategy, Items[FINISHED]: 1, Triggers: Trigger: RestoreGuiding
2026-05-27T22:21:17.9689|INFO|SequenceItem.cs|Run|208|Starting Category: Scheduler, Item: TakeExposure, ExposureTime 600, Gain 100, Offset 50, ImageType LIGHT, Binning 1x1
2026-05-27T22:21:17.9748|INFO|CameraVM.cs|Capture|742|Starting Exposure - Exposure Time: 600s; Filter: ; Gain: 100; Offset 50; Binning: 1x1;
2026-05-27T22:21:18.2747|INFO|StarfrontClient.cs|SendImageFile|249|[Rockwood] sent 2026-05-27_22-11-11_M 51_LIGHT_H_-5.00C_G100-Exp-600.00s_MAXRMS-D0.82-R0.70_M-63.88_RMS-0.33_HFR-1.82_F-0003.fits (21KB) object=M 51 exptime=600s filter=H
2026-05-27T22:21:21.2424|WARNING|TsPreviewClient.cs|FetchPreviewAsync|161|[Subframes] TsPreviewClient.FetchPreviewAsync failed for profile '533M-AT60' (0173997c-4bfa-48fd-9337-a48b6df99c38): TaskCanceledException: The request was canceled due to the configured HttpClient.Timeout of 5 seconds elapsing.
2026-05-27T22:21:40.4908|INFO|SyncEngine.cs|SyncPendingFramesAsync|142|[Subframes] SyncEngine: synced 1 frames for session 488ed467-5289-4740-b683-e0aa7c3efabe (accepted=1)
2026-05-27T22:26:13.5276|INFO|TsProgressReader.cs|ReadProgressDelta|75|[Subframes] TS progress delta: DB not found at C:\Users\nicka\AppData\Local\NINA\SchedulerPlugin — Target Scheduler not installed or DB path mismatch.
2026-05-27T22:31:13.5362|INFO|TsProgressReader.cs|ReadProgressDelta|75|[Subframes] TS progress delta: DB not found at C:\Users\nicka\AppData\Local\NINA\SchedulerPlugin — Target Scheduler not installed or DB path mismatch.
2026-05-27T22:31:19.8989|INFO|SequenceItem.cs|Run|254|Finishing Category: Scheduler, Item: TakeExposure, ExposureTime 600, Gain 100, Offset 50, ImageType LIGHT, Binning 1x1
2026-05-27T22:31:19.8993|INFO|MeridianFlipTrigger.cs|ShouldTrigger|265|Meridian Flip - There is still time remaining - max remaining time 00:11:29.5533818, next instruction time 0, next instruction NINA.Plugin.TargetScheduler.Sequencer.PlanSchedulerProgress - and the telescope reports expected pier side pierWest. Automated Flip is not necessary.
2026-05-27T22:31:19.8994|INFO|SequenceItem.cs|Run|208|Starting NINA.Plugin.TargetScheduler.Sequencer.PlanSchedulerProgress
2026-05-27T22:31:19.8995|INFO|SequenceItem.cs|Run|254|Finishing NINA.Plugin.TargetScheduler.Sequencer.PlanSchedulerProgress
2026-05-27T22:31:19.9023|INFO|ImageSolver.cs|Solve|41|Platesolving with parameters: FocalLength: 360 PixelSize: 3.76 SearchRadius: 30 BlindFailoverEnabled: True Regions: 5000 DownSampleFactor: 0 MaxObjects: 500 Reference Coordinates RA: 13:29:55 Dec: 47° 11' 55" Epoch: J2000
2026-05-27T22:31:20.2529|INFO|BaseImageData.cs|SaveToDisk|346|Saved image to C:\Users\nicka\AppData\Local\NINA\PlateSolver\un0bxljb.biy.fits
2026-05-27T22:31:21.2780|INFO|HocusFocusStarDetection.cs|Detect|413|Average HFR: 1.841398521126513, HFR MAD: 0.16820305281213116, Detected Stars 288, Region: 0
2026-05-27T22:31:21.9148|INFO|ImageSolver.cs|Solve|54|Platesolve successful: Coordinates: RA: 13:29:50; Dec: 47° 11' 24"; Epoch: J2000 - Position Angle: 95.48761318245693
2026-05-27T22:31:21.9159|INFO|CenterAfterDriftTrigger.cs|PlatesolvingImageFollower_PropertyChanged|189|Drift: 0.5852704371520895 / 1 arc minutes
2026-05-27T22:31:22.0464|INFO|BaseImageData.cs|SaveToDisk|346|Saved image to C:\ASTROIMAGES\NINA\2026-05-27\M 51\LIGHT\H\2026-05-27_22-21-18_M 51_LIGHT_H_-5.00C_G100-Exp-600.00s_MAXRMS-D1.25-R1.09_M-63.92_RMS-0.35_HFR-1.84_F-0004.fits
2026-05-27T22:31:22.0466|INFO|ImageSaveController.cs|DoWork|97|Successfully saved file at C:\ASTROIMAGES\NINA\2026-05-27\M 51\LIGHT\H\2026-05-27_22-21-18_M 51_LIGHT_H_-5.00C_G100-Exp-600.00s_MAXRMS-D1.25-R1.09_M-63.92_RMS-0.35_HFR-1.84_F-0004.fits. Duration Total: 00:00:02.1476600; BeforeSave: 00:00:00.0002179; BeforeFinalizeImageSaved: 00:00:01.7747382; FinalizeSaveTime: 00:00:00.3727035
2026-05-27T22:31:22.5751|WARNING|SessionMetaDataWatcher.cs|WriteAcquisitionMetaData|73|acquisition file already exists, will not overwrite: C:\ASTROIMAGES\NINA\2026-05-27\M 51\LIGHT\H\metadata\AcquisitionDetails.csv
2026-05-27T22:31:22.5752|WARNING|SessionMetaDataWatcher.cs|WriteAcquisitionMetaData|93|acquisition file already exists, will not overwrite: C:\ASTROIMAGES\NINA\2026-05-27\M 51\LIGHT\H\metadata\AcquisitionDetails.json
2026-05-27T22:31:22.5755|INFO|SessionMetaDataWatcher.cs|WriteImageMetaData|105|Writing CSV image metadata: C:\ASTROIMAGES\NINA\2026-05-27\M 51\LIGHT\H\metadata\ImageMetaData.csv
2026-05-27T22:31:22.6054|INFO|SessionMetaDataWatcher.cs|WriteImageMetaData|122|Writing JSON image metadata: C:\ASTROIMAGES\NINA\2026-05-27\M 51\LIGHT\H\metadata\ImageMetaData.json
2026-05-27T22:31:22.6074|INFO|SessionMetaDataWatcher.cs|WriteWeatherMetaData|169|Writing CSV weather metadata: C:\ASTROIMAGES\NINA\2026-05-27\M 51\LIGHT\H\metadata\WeatherData.csv
2026-05-27T22:31:22.6366|INFO|SessionMetaDataWatcher.cs|WriteWeatherMetaData|186|Writing JSON weather metadata: C:\ASTROIMAGES\NINA\2026-05-27\M 51\LIGHT\H\metadata\WeatherData.json
2026-05-27T22:31:22.6379|INFO|SessionService.cs|OnTargetDetectedAsync|663|[Subframes] Target detected: 'M51' (was 'M51')
2026-05-27T22:31:22.6719|INFO|SubframesClient.cs|StartTargetAsync|316|[Subframes] Target started:  name='M51'
2026-05-27T22:31:22.6720|WARNING|SessionService.cs|StartTargetAsync|559|[Subframes] StartTarget failed — cached locally as 5ae2fca2-9b69-40e9-b247-b7210b391b85 for replay.
2026-05-27T22:31:23.4138|INFO|MeridianFlipTrigger.cs|ShouldTrigger|265|Meridian Flip - There is still time remaining - max remaining time 00:11:25.5272494, next instruction time 0, next instruction Category: Powerups (Fun-ctions), Item: GSSend - and the telescope reports expected pier side pierWest. Automated Flip is not necessary.
2026-05-27T22:31:23.4139|INFO|SequenceItem.cs|Run|208|Starting Category: Powerups (Fun-ctions), Item: GSSend
2026-05-27T22:31:23.4143|INFO|SendWithGS.cs|ProcessedScript|64|Replacing Image_ExposureTime with 600
2026-05-27T22:31:23.4145|INFO|SendWithGS.cs|ProcessedScript|64|Replacing Image_HFR with 1.841
2026-05-27T22:31:23.4146|INFO|SendWithGS.cs|ProcessedScript|64|Replacing Image_FWHM with 7.01
2026-05-27T22:31:23.4147|INFO|SendWithGS.cs|ProcessedScript|64|Replacing Altitude with 74.23708444511978
2026-05-27T22:31:23.4147|INFO|SendWithGS.cs|Execute|95|Sending to Ground Station: Exp: $$FWHEEL_FILTER_NAME$$ on $$TARGET_NAME$$ EXP: 600 HFR: 1.841 FWHM: 7.01  Altitude: 74.23708444511978 
2026-05-27T22:31:23.4163|INFO|SequenceItem.cs|Run|208|Starting Category: Ground Station, Item: Send to Telegram
2026-05-27T22:31:24.1690|INFO|SequenceItem.cs|Run|254|Finishing Category: Ground Station, Item: Send to Telegram
2026-05-27T22:31:24.1706|INFO|SequenceItem.cs|Run|254|Finishing Category: Powerups (Fun-ctions), Item: GSSend
2026-05-27T22:31:24.1709|INFO|MeridianFlipTrigger.cs|ShouldTrigger|265|Meridian Flip - There is still time remaining - max remaining time 00:11:25.5272494, next instruction time 0, next instruction Category: Powerups (Fun-ctions), Item: GSSend - and the telescope reports expected pier side pierWest. Automated Flip is not necessary.
2026-05-27T22:31:24.1710|INFO|SequenceItem.cs|Run|208|Starting Category: Powerups (Fun-ctions), Item: GSSend
2026-05-27T22:31:24.1713|INFO|SendWithGS.cs|ProcessedScript|64|Replacing Image_ExposureTime with 600
2026-05-27T22:31:24.1716|INFO|SendWithGS.cs|ProcessedScript|64|Replacing Image_HFR with 1.841
2026-05-27T22:31:24.1717|INFO|SendWithGS.cs|ProcessedScript|64|Replacing Image_FWHM with 7.01
2026-05-27T22:31:24.1719|INFO|SendWithGS.cs|ProcessedScript|64|Replacing Altitude with 74.23708444511978
2026-05-27T22:31:24.1719|INFO|SendWithGS.cs|Execute|95|Sending to Ground Station: Exp: $$FWHEEL_FILTER_NAME$$ on $$TARGET_NAME$$ EXP: 600 HFR: 1.841 FWHM: 7.01  Altitude: 74.23708444511978 
2026-05-27T22:31:24.1731|INFO|SequenceItem.cs|Run|208|Starting Category: Ground Station, Item: Send to Pushover, Title: IMAGE: $$TARGET_NAME$$
2026-05-27T22:31:24.3383|INFO|SequenceItem.cs|Run|254|Finishing Category: Ground Station, Item: Send to Pushover, Title: IMAGE: $$TARGET_NAME$$
2026-05-27T22:31:24.3394|INFO|SequenceItem.cs|Run|254|Finishing Category: Powerups (Fun-ctions), Item: GSSend
2026-05-27T22:31:24.7977|INFO|StarfrontClient.cs|SendImageFile|249|[Rockwood] sent 2026-05-27_22-21-18_M 51_LIGHT_H_-5.00C_G100-Exp-600.00s_MAXRMS-D1.25-R1.09_M-63.92_RMS-0.35_HFR-1.84_F-0004.fits (21KB) object=M 51 exptime=600s filter=H
2026-05-27T22:31:24.8687|INFO|Symbol.cs|OnMessageReceived|627|Received message from Target Scheduler re: TargetScheduler-TargetStart
2026-05-27T22:31:24.8688|INFO|Symbol.cs|OnMessageReceived|635|TS_TargetName = M 51
2026-05-27T22:31:24.8688|INFO|Symbol.cs|OnMessageReceived|636|Expires at 05/27/2026 22:44:48 -05:00
2026-05-27T22:31:24.8688|INFO|Symbol.cs|OnMessageReceived|627|Received message from Target Scheduler re: TargetScheduler-TargetStart
2026-05-27T22:31:24.8688|INFO|Symbol.cs|OnMessageReceived|635|TS_TargetName = M 51
2026-05-27T22:31:24.8689|INFO|Symbol.cs|OnMessageReceived|636|Expires at 05/27/2026 22:44:48 -05:00
2026-05-27T22:31:24.8693|INFO|MeridianFlipTrigger.cs|ShouldTrigger|265|Meridian Flip - There is still time remaining - max remaining time 00:11:23.5670661, next instruction time 0, next instruction NINA.Plugin.TargetScheduler.Sequencer.PlanSchedulerProgress - and the telescope reports expected pier side pierWest. Automated Flip is not necessary.
2026-05-27T22:31:24.8694|INFO|SequenceItem.cs|Run|208|Starting NINA.Plugin.TargetScheduler.Sequencer.PlanSchedulerProgress
2026-05-27T22:31:24.8695|INFO|SequenceItem.cs|Run|254|Finishing NINA.Plugin.TargetScheduler.Sequencer.PlanSchedulerProgress
2026-05-27T22:31:24.8697|INFO|MeridianFlipTrigger.cs|ShouldTrigger|265|Meridian Flip - There is still time remaining - max remaining time 00:11:23.5670661, next instruction time 0, next instruction Category: Scheduler, Item: SwitchFilter, Filter: H - and the telescope reports expected pier side pierWest. Automated Flip is not necessary.
2026-05-27T22:31:24.8697|INFO|SequenceItem.cs|Run|208|Starting Category: Scheduler, Item: SwitchFilter, Filter: H
2026-05-27T22:31:24.8722|INFO|SequenceItem.cs|Run|254|Finishing Category: Scheduler, Item: SwitchFilter, Filter: H
2026-05-27T22:31:24.9132|INFO|MeridianFlipTrigger.cs|ShouldTrigger|265|Meridian Flip - There is still time remaining - max remaining time 00:11:23.5670661, next instruction time 0, next instruction NINA.Plugin.TargetScheduler.Sequencer.PlanSchedulerProgress - and the telescope reports expected pier side pierWest. Automated Flip is not necessary.
2026-05-27T22:31:24.9133|INFO|SequenceItem.cs|Run|208|Starting NINA.Plugin.TargetScheduler.Sequencer.PlanSchedulerProgress
2026-05-27T22:31:24.9133|INFO|SequenceItem.cs|Run|254|Finishing NINA.Plugin.TargetScheduler.Sequencer.PlanSchedulerProgress
2026-05-27T22:31:24.9385|INFO|MeridianFlipTrigger.cs|ShouldTrigger|265|Meridian Flip - There is still time remaining - max remaining time 00:11:23.5670661, next instruction time 0, next instruction Category: Scheduler, Item: SetReadoutMode, Mode: 0 - and the telescope reports expected pier side pierWest. Automated Flip is not necessary.
2026-05-27T22:31:24.9386|INFO|SequenceItem.cs|Run|208|Starting Category: Scheduler, Item: SetReadoutMode, Mode: 0
2026-05-27T22:31:24.9387|INFO|SequenceItem.cs|Run|254|Finishing Category: Scheduler, Item: SetReadoutMode, Mode: 0
2026-05-27T22:31:24.9390|INFO|MeridianFlipTrigger.cs|ShouldTrigger|265|Meridian Flip - There is still time remaining - max remaining time 00:11:23.5670661, next instruction time 0, next instruction NINA.Plugin.TargetScheduler.Sequencer.PlanSchedulerProgress - and the telescope reports expected pier side pierWest. Automated Flip is not necessary.
2026-05-27T22:31:24.9390|INFO|SequenceItem.cs|Run|208|Starting NINA.Plugin.TargetScheduler.Sequencer.PlanSchedulerProgress
2026-05-27T22:31:24.9640|INFO|SequenceItem.cs|Run|254|Finishing NINA.Plugin.TargetScheduler.Sequencer.PlanSchedulerProgress
2026-05-27T22:31:24.9887|INFO|MeridianFlipTrigger.cs|ShouldTrigger|265|Meridian Flip - There is still time remaining - max remaining time 00:11:23.5670661, next instruction time 600, next instruction Category: Scheduler, Item: TakeExposure, ExposureTime 600, Gain 100, Offset 50, ImageType LIGHT, Binning 1x1 - and the telescope reports expected pier side pierWest. Automated Flip is not necessary.
2026-05-27T22:31:24.9887|INFO|DIYTrigger.cs|ShouldTrigger|109|DIY Trigger Restore Guiding ShouldTrigger returning true
2026-05-27T22:31:24.9888|INFO|SequenceTrigger.cs|Run|114|Starting Category: Powerups (Misc), Item: DIYTrigger
2026-05-27T22:31:24.9908|INFO|DIYTrigger.cs|Execute|95|DIY Trigger executing...
2026-05-27T22:31:24.9909|INFO|SequenceItem.cs|Run|208|Starting Category: * Instruction Set *, Container: NINA.Sequencer.Container.SequentialContainer, Strategy: SequentialStrategy, Items[CREATED]: 1, Triggers: Trigger: RestoreGuiding
2026-05-27T22:31:25.0151|INFO|MeridianFlipTrigger.cs|ShouldTrigger|265|Meridian Flip - There is still time remaining - max remaining time 00:11:23.5670661, next instruction time 0, next instruction Category: Powerups (Expressions), Item: IfFailed - and the telescope reports expected pier side pierWest. Automated Flip is not necessary.
2026-05-27T22:31:25.0152|INFO|SequenceItem.cs|Run|208|Starting Category: Powerups (Expressions), Item: IfFailed
2026-05-27T22:31:25.0152|INFO|SequenceItem.cs|Run|208|Starting Category: Guider, Item: StartGuiding
2026-05-27T22:31:25.0180|INFO|PHD2Guider.cs|StartGuidingPrivate|504|Phd2 - App is already guiding. Skipping start guiding
2026-05-27T22:31:25.0182|INFO|SequenceItem.cs|Run|254|Finishing Category: Guider, Item: StartGuiding
2026-05-27T22:31:25.0182|INFO|SequenceItem.cs|Run|254|Finishing Category: Powerups (Expressions), Item: IfFailed
2026-05-27T22:31:25.0185|INFO|SequenceItem.cs|Run|254|Finishing Category: * Instruction Set *, Container: NINA.Sequencer.Container.SequentialContainer, Strategy: SequentialStrategy, Items[FINISHED]: 1, Triggers: Trigger: RestoreGuiding
2026-05-27T22:31:25.0207|INFO|SequenceItem.cs|Run|208|Starting Category: Scheduler, Item: TakeExposure, ExposureTime 600, Gain 100, Offset 50, ImageType LIGHT, Binning 1x1
2026-05-27T22:31:25.0258|INFO|CameraVM.cs|Capture|742|Starting Exposure - Exposure Time: 600s; Filter: ; Gain: 100; Offset 50; Binning: 1x1;
2026-05-27T22:31:27.7974|WARNING|TsPreviewClient.cs|FetchPreviewAsync|161|[Subframes] TsPreviewClient.FetchPreviewAsync failed for profile '533M-AT60' (0173997c-4bfa-48fd-9337-a48b6df99c38): TaskCanceledException: The request was canceled due to the configured HttpClient.Timeout of 5 seconds elapsing.
2026-05-27T22:31:40.4770|INFO|SyncEngine.cs|SyncPendingFramesAsync|142|[Subframes] SyncEngine: synced 1 frames for session 488ed467-5289-4740-b683-e0aa7c3efabe (accepted=1)
2026-05-27T22:36:13.5274|INFO|TsProgressReader.cs|ReadProgressDelta|75|[Subframes] TS progress delta: DB not found at C:\Users\nicka\AppData\Local\NINA\SchedulerPlugin — Target Scheduler not installed or DB path mismatch.
2026-05-27T22:41:13.5248|INFO|TsProgressReader.cs|ReadProgressDelta|75|[Subframes] TS progress delta: DB not found at C:\Users\nicka\AppData\Local\NINA\SchedulerPlugin — Target Scheduler not installed or DB path mismatch.
2026-05-27T22:41:27.1204|INFO|SequenceItem.cs|Run|254|Finishing Category: Scheduler, Item: TakeExposure, ExposureTime 600, Gain 100, Offset 50, ImageType LIGHT, Binning 1x1
2026-05-27T22:41:27.1208|INFO|MeridianFlipTrigger.cs|ShouldTrigger|265|Meridian Flip - There is still time remaining - max remaining time 00:01:18.3775738, next instruction time 0, next instruction NINA.Plugin.TargetScheduler.Sequencer.PlanSchedulerProgress - and the telescope reports expected pier side pierWest. Automated Flip is not necessary.
2026-05-27T22:41:27.1210|INFO|SequenceItem.cs|Run|208|Starting NINA.Plugin.TargetScheduler.Sequencer.PlanSchedulerProgress
2026-05-27T22:41:27.1210|INFO|SequenceItem.cs|Run|254|Finishing NINA.Plugin.TargetScheduler.Sequencer.PlanSchedulerProgress
2026-05-27T22:41:28.4579|INFO|HocusFocusStarDetection.cs|Detect|413|Average HFR: 1.8363313255052083, HFR MAD: 0.1740239469133037, Detected Stars 306, Region: 0
2026-05-27T22:41:29.1601|INFO|BaseImageData.cs|SaveToDisk|346|Saved image to C:\ASTROIMAGES\NINA\2026-05-27\M 51\LIGHT\H\2026-05-27_22-31-25_M 51_LIGHT_H_-5.00C_G100-Exp-600.00s_MAXRMS-D1.04-R1.12_M-63.96_RMS-0.35_HFR-1.84_F-0005.fits
2026-05-27T22:41:29.1602|INFO|ImageSaveController.cs|DoWork|97|Successfully saved file at C:\ASTROIMAGES\NINA\2026-05-27\M 51\LIGHT\H\2026-05-27_22-31-25_M 51_LIGHT_H_-5.00C_G100-Exp-600.00s_MAXRMS-D1.04-R1.12_M-63.96_RMS-0.35_HFR-1.84_F-0005.fits. Duration Total: 00:00:02.0388628; BeforeSave: 00:00:00.0268575; BeforeFinalizeImageSaved: 00:00:01.6800557; FinalizeSaveTime: 00:00:00.3319484
2026-05-27T22:41:29.6848|WARNING|SessionMetaDataWatcher.cs|WriteAcquisitionMetaData|73|acquisition file already exists, will not overwrite: C:\ASTROIMAGES\NINA\2026-05-27\M 51\LIGHT\H\metadata\AcquisitionDetails.csv
2026-05-27T22:41:29.6850|WARNING|SessionMetaDataWatcher.cs|WriteAcquisitionMetaData|93|acquisition file already exists, will not overwrite: C:\ASTROIMAGES\NINA\2026-05-27\M 51\LIGHT\H\metadata\AcquisitionDetails.json
2026-05-27T22:41:29.6853|INFO|SessionMetaDataWatcher.cs|WriteImageMetaData|105|Writing CSV image metadata: C:\ASTROIMAGES\NINA\2026-05-27\M 51\LIGHT\H\metadata\ImageMetaData.csv
2026-05-27T22:41:29.7169|INFO|SessionMetaDataWatcher.cs|WriteImageMetaData|122|Writing JSON image metadata: C:\ASTROIMAGES\NINA\2026-05-27\M 51\LIGHT\H\metadata\ImageMetaData.json
2026-05-27T22:41:29.7190|INFO|SessionMetaDataWatcher.cs|WriteWeatherMetaData|169|Writing CSV weather metadata: C:\ASTROIMAGES\NINA\2026-05-27\M 51\LIGHT\H\metadata\WeatherData.csv
2026-05-27T22:41:29.7411|INFO|SessionMetaDataWatcher.cs|WriteWeatherMetaData|186|Writing JSON weather metadata: C:\ASTROIMAGES\NINA\2026-05-27\M 51\LIGHT\H\metadata\WeatherData.json
2026-05-27T22:41:29.7427|INFO|SessionService.cs|OnTargetDetectedAsync|663|[Subframes] Target detected: 'M51' (was 'M51')
2026-05-27T22:41:29.7763|INFO|SubframesClient.cs|StartTargetAsync|316|[Subframes] Target started:  name='M51'
2026-05-27T22:41:29.7764|WARNING|SessionService.cs|StartTargetAsync|559|[Subframes] StartTarget failed — cached locally as 9e337b31-9422-4a68-bd50-0ec835de800f for replay.
2026-05-27T22:41:30.4558|INFO|MeridianFlipTrigger.cs|ShouldTrigger|265|Meridian Flip - There is still time remaining - max remaining time 00:01:14.4206253, next instruction time 0, next instruction Category: Powerups (Fun-ctions), Item: GSSend - and the telescope reports expected pier side pierWest. Automated Flip is not necessary.
2026-05-27T22:41:30.4558|INFO|SequenceItem.cs|Run|208|Starting Category: Powerups (Fun-ctions), Item: GSSend
2026-05-27T22:41:30.4561|INFO|SendWithGS.cs|ProcessedScript|64|Replacing Image_ExposureTime with 600
2026-05-27T22:41:30.4563|INFO|SendWithGS.cs|ProcessedScript|64|Replacing Image_HFR with 1.836
2026-05-27T22:41:30.4564|INFO|SendWithGS.cs|ProcessedScript|64|Replacing Image_FWHM with 6.97
2026-05-27T22:41:30.4565|INFO|SendWithGS.cs|ProcessedScript|64|Replacing Altitude with 74.45970459145366
2026-05-27T22:41:30.4565|INFO|SendWithGS.cs|Execute|95|Sending to Ground Station: Exp: $$FWHEEL_FILTER_NAME$$ on $$TARGET_NAME$$ EXP: 600 HFR: 1.836 FWHM: 6.97  Altitude: 74.45970459145366 
2026-05-27T22:41:30.4578|INFO|SequenceItem.cs|Run|208|Starting Category: Ground Station, Item: Send to Telegram
2026-05-27T22:41:31.1439|INFO|SequenceItem.cs|Run|254|Finishing Category: Ground Station, Item: Send to Telegram
2026-05-27T22:41:31.1455|INFO|SequenceItem.cs|Run|254|Finishing Category: Powerups (Fun-ctions), Item: GSSend
2026-05-27T22:41:31.1459|INFO|MeridianFlipTrigger.cs|ShouldTrigger|265|Meridian Flip - There is still time remaining - max remaining time 00:01:14.4206253, next instruction time 0, next instruction Category: Powerups (Fun-ctions), Item: GSSend - and the telescope reports expected pier side pierWest. Automated Flip is not necessary.
2026-05-27T22:41:31.1505|INFO|SequenceItem.cs|Run|208|Starting Category: Powerups (Fun-ctions), Item: GSSend
2026-05-27T22:41:31.1509|INFO|SendWithGS.cs|ProcessedScript|64|Replacing Image_ExposureTime with 600
2026-05-27T22:41:31.1510|INFO|SendWithGS.cs|ProcessedScript|64|Replacing Image_HFR with 1.836
2026-05-27T22:41:31.1511|INFO|SendWithGS.cs|ProcessedScript|64|Replacing Image_FWHM with 6.97
2026-05-27T22:41:31.1512|INFO|SendWithGS.cs|ProcessedScript|64|Replacing Altitude with 74.45970459145366
2026-05-27T22:41:31.1512|INFO|SendWithGS.cs|Execute|95|Sending to Ground Station: Exp: $$FWHEEL_FILTER_NAME$$ on $$TARGET_NAME$$ EXP: 600 HFR: 1.836 FWHM: 6.97  Altitude: 74.45970459145366 
2026-05-27T22:41:31.1525|INFO|SequenceItem.cs|Run|208|Starting Category: Ground Station, Item: Send to Pushover, Title: IMAGE: $$TARGET_NAME$$
2026-05-27T22:41:31.3256|INFO|SequenceItem.cs|Run|254|Finishing Category: Ground Station, Item: Send to Pushover, Title: IMAGE: $$TARGET_NAME$$
2026-05-27T22:41:31.3268|INFO|SequenceItem.cs|Run|254|Finishing Category: Powerups (Fun-ctions), Item: GSSend
2026-05-27T22:41:31.9233|INFO|StarfrontClient.cs|SendImageFile|249|[Rockwood] sent 2026-05-27_22-31-25_M 51_LIGHT_H_-5.00C_G100-Exp-600.00s_MAXRMS-D1.04-R1.12_M-63.96_RMS-0.35_HFR-1.84_F-0005.fits (20KB) object=M 51 exptime=600s filter=H
2026-05-27T22:41:34.9184|WARNING|TsPreviewClient.cs|FetchPreviewAsync|161|[Subframes] TsPreviewClient.FetchPreviewAsync failed for profile '533M-AT60' (0173997c-4bfa-48fd-9337-a48b6df99c38): TaskCanceledException: The request was canceled due to the configured HttpClient.Timeout of 5 seconds elapsing.
2026-05-27T22:41:40.4793|INFO|SyncEngine.cs|SyncPendingFramesAsync|142|[Subframes] SyncEngine: synced 1 frames for session 488ed467-5289-4740-b683-e0aa7c3efabe (accepted=1)
2026-05-27T22:41:41.0794|INFO|MeridianFlipTrigger.cs|ShouldTrigger|265|Meridian Flip - There is still time remaining - max remaining time 00:01:04.6415232, next instruction time 0, next instruction [SubframesEndTarget] - and the telescope reports expected pier side pierWest. Automated Flip is not necessary.
2026-05-27T22:41:41.0797|INFO|SequenceItem.cs|Run|208|Starting [SubframesEndTarget]
2026-05-27T22:41:41.0810|INFO|SequenceItem.cs|Run|254|Finishing [SubframesEndTarget]
2026-05-27T22:41:41.0838|INFO|Symbol.cs|OnMessageReceived|627|Received message from Target Scheduler re: TargetScheduler-WaitStart
2026-05-27T22:41:41.0839|INFO|Symbol.cs|OnMessageReceived|627|Received message from Target Scheduler re: TargetScheduler-WaitStart
2026-05-27T22:41:41.0877|INFO|MeridianFlipTrigger.cs|ShouldTrigger|265|Meridian Flip - There is still time remaining - max remaining time 00:01:04.6415232, next instruction time 0, next instruction Category: Ground Station, Item: Send to Telegram - and the telescope reports expected pier side pierWest. Automated Flip is not necessary.
2026-05-27T22:41:41.0877|INFO|SequenceItem.cs|Run|208|Starting Category: Ground Station, Item: Send to Telegram
2026-05-27T22:41:41.8590|INFO|SequenceItem.cs|Run|254|Finishing Category: Ground Station, Item: Send to Telegram
2026-05-27T22:41:41.8599|INFO|MeridianFlipTrigger.cs|ShouldTrigger|265|Meridian Flip - There is still time remaining - max remaining time 00:01:04.6415232, next instruction time 0, next instruction Category: Ground Station, Item: Send to Pushover, Title: Waiting - and the telescope reports expected pier side pierWest. Automated Flip is not necessary.
2026-05-27T22:41:41.8601|INFO|SequenceItem.cs|Run|208|Starting Category: Ground Station, Item: Send to Pushover, Title: Waiting
2026-05-27T22:41:42.0402|INFO|SequenceItem.cs|Run|254|Finishing Category: Ground Station, Item: Send to Pushover, Title: Waiting
2026-05-27T22:41:43.3391|INFO|PHD2Client.cs|ProcessEvent|268|PHD2: ConfigurationChange
2026-05-27T22:41:43.3600|WARNING|PHD2Client.cs|ProcessEvent|252|PHD2: LockPositionLost
2026-05-27T22:41:43.4654|INFO|PHD2Client.cs|QueryExposureTime|1216|PHD2Client: Exposure time from PHD2 API: 2.000 seconds (2000 ms)
2026-05-27T22:46:13.5347|INFO|TsProgressReader.cs|ReadProgressDelta|75|[Subframes] TS progress delta: DB not found at C:\Users\nicka\AppData\Local\NINA\SchedulerPlugin — Target Scheduler not installed or DB path mismatch.
2026-05-27T22:49:50.1933|INFO|MeridianFlipTrigger.cs|ShouldTrigger|204|Meridian Flip - Telescope is not tracking. Skip flip evaluation
2026-05-27T22:49:50.1935|INFO|SequenceItem.cs|Run|208|Starting Category: Ground Station, Item: Send to Telegram
2026-05-27T22:49:50.8707|INFO|SequenceItem.cs|Run|254|Finishing Category: Ground Station, Item: Send to Telegram
2026-05-27T22:49:50.8716|INFO|MeridianFlipTrigger.cs|ShouldTrigger|204|Meridian Flip - Telescope is not tracking. Skip flip evaluation
2026-05-27T22:49:50.8717|INFO|SequenceItem.cs|Run|208|Starting Category: Ground Station, Item: Send to Pushover, Title: Done Waiting
2026-05-27T22:49:51.0669|INFO|SequenceItem.cs|Run|254|Finishing Category: Ground Station, Item: Send to Pushover, Title: Done Waiting
2026-05-27T22:49:51.0676|INFO|MeridianFlipTrigger.cs|ShouldTrigger|204|Meridian Flip - Telescope is not tracking. Skip flip evaluation
2026-05-27T22:49:51.0677|INFO|SequenceItem.cs|Run|208|Starting Category: Focuser, Item: RunAutofocus
2026-05-27T22:49:51.2287|INFO|FocuserMediator.cs|BroadcastAutoFocusRunStarting|92|Autofocus starting notification received
2026-05-27T22:49:51.2322|INFO|PHD2Guider.cs|StopGuiding|704|Phd2 - Stop Guiding skipped, as the app is already in state Stopped
2026-05-27T22:49:51.2332|INFO|FilterWheelVM.cs|ChangeFilter|112|Moving to Filter L at Position 0
2026-05-27T22:49:51.4507|INFO|FocuserVM.cs|MoveFocuserInternal|216|Moving Focuser to position 387320
2026-05-27T22:50:00.8203|INFO|AutoFocusEngine.cs|RunAutoFocus|929|Starting AutoFocus with initial position 387320
2026-05-27T22:50:00.8262|INFO|CameraVM.cs|Capture|742|Starting Exposure - Exposure Time: 3s; Filter: L; Gain: 270; Offset 50; Binning: 1x1;
2026-05-27T22:50:05.4738|INFO|AutoFocusEngine.cs|StartBlindFocusPoints|769|Waiting on initial HFR analysis
2026-05-27T22:50:05.4755|INFO|FocuserVM.cs|MoveFocuserInternal|216|Moving Focuser to position 387456
2026-05-27T22:50:10.8293|INFO|CameraVM.cs|Capture|742|Starting Exposure - Exposure Time: 3s; Filter: L; Gain: 270; Offset 50; Binning: 1x1;
2026-05-27T22:50:15.4804|INFO|FocuserVM.cs|MoveFocuserInternal|216|Moving Focuser to position 387422
2026-05-27T22:50:16.9561|INFO|HocusFocusStarDetection.cs|Detect|413|Average HFR: 6.0129746015559435, HFR MAD: 1.174495333806915, Detected Stars 46, Region: 0
2026-05-27T22:50:22.8789|INFO|CameraVM.cs|Capture|742|Starting Exposure - Exposure Time: 3s; Filter: L; Gain: 270; Offset 50; Binning: 1x1;
2026-05-27T22:50:27.5354|INFO|FocuserVM.cs|MoveFocuserInternal|216|Moving Focuser to position 387388
2026-05-27T22:50:29.3839|INFO|HocusFocusStarDetection.cs|Detect|413|Average HFR: 5.775715085697442, HFR MAD: 0.6407084500503906, Detected Stars 32, Region: 0
2026-05-27T22:50:36.8306|INFO|CameraVM.cs|Capture|742|Starting Exposure - Exposure Time: 3s; Filter: L; Gain: 270; Offset 50; Binning: 1x1;
2026-05-27T22:50:41.4843|INFO|FocuserVM.cs|MoveFocuserInternal|216|Moving Focuser to position 387354
2026-05-27T22:50:42.9685|INFO|HocusFocusStarDetection.cs|Detect|413|Average HFR: 5.406183060853409, HFR MAD: 0.21214905869599035, Detected Stars 10, Region: 0
2026-05-27T22:50:50.8005|INFO|CameraVM.cs|Capture|742|Starting Exposure - Exposure Time: 3s; Filter: L; Gain: 270; Offset 50; Binning: 1x1;
2026-05-27T22:50:55.4716|INFO|AutoFocusEngine.cs|StartBlindFocusPoints|797|Waiting on initial focuser move analyses
2026-05-27T22:50:57.0088|INFO|FocuserVM.cs|MoveFocuserInternal|216|Moving Focuser to position 387320
2026-05-27T22:51:06.8353|INFO|CameraVM.cs|Capture|742|Starting Exposure - Exposure Time: 3s; Filter: L; Gain: 270; Offset 50; Binning: 1x1;
2026-05-27T22:51:11.5151|INFO|AutoFocusEngine.cs|StartBlindFocusPoints|870|Waiting on next left movement analysis
2026-05-27T22:51:13.1087|INFO|FocuserVM.cs|MoveFocuserInternal|216|Moving Focuser to position 387286
2026-05-27T22:51:13.5351|INFO|TsProgressReader.cs|ReadProgressDelta|75|[Subframes] TS progress delta: DB not found at C:\Users\nicka\AppData\Local\NINA\SchedulerPlugin — Target Scheduler not installed or DB path mismatch.
2026-05-27T22:51:22.8603|INFO|CameraVM.cs|Capture|742|Starting Exposure - Exposure Time: 3s; Filter: L; Gain: 270; Offset 50; Binning: 1x1;
2026-05-27T22:51:27.5146|INFO|AutoFocusEngine.cs|StartBlindFocusPoints|870|Waiting on next left movement analysis
2026-05-27T22:51:29.0875|INFO|FocuserVM.cs|MoveFocuserInternal|216|Moving Focuser to position 387252
2026-05-27T22:51:38.8186|INFO|CameraVM.cs|Capture|742|Starting Exposure - Exposure Time: 3s; Filter: L; Gain: 270; Offset 50; Binning: 1x1;
2026-05-27T22:51:43.5813|INFO|AutoFocusEngine.cs|StartBlindFocusPoints|870|Waiting on next left movement analysis
2026-05-27T22:51:45.0356|INFO|HocusFocusStarDetection.cs|Detect|413|Average HFR: 5.049629416071857, HFR MAD: 0.39466406949896954, Detected Stars 6, Region: 0
2026-05-27T22:51:45.1209|INFO|FocuserVM.cs|MoveFocuserInternal|216|Moving Focuser to position 387218
2026-05-27T22:51:54.9313|INFO|CameraVM.cs|Capture|742|Starting Exposure - Exposure Time: 3s; Filter: L; Gain: 270; Offset 50; Binning: 1x1;
2026-05-27T22:51:59.5887|INFO|AutoFocusEngine.cs|StartBlindFocusPoints|870|Waiting on next left movement analysis
2026-05-27T22:52:01.0612|INFO|HocusFocusStarDetection.cs|Detect|413|Average HFR: 5.22546768404581, HFR MAD: 0.8144835584915784, Detected Stars 66, Region: 0
2026-05-27T22:52:01.1728|INFO|FocuserVM.cs|MoveFocuserInternal|216|Moving Focuser to position 387184
2026-05-27T22:52:10.8350|INFO|CameraVM.cs|Capture|742|Starting Exposure - Exposure Time: 3s; Filter: L; Gain: 270; Offset 50; Binning: 1x1;
2026-05-27T22:52:15.4952|INFO|AutoFocusEngine.cs|StartBlindFocusPoints|870|Waiting on next left movement analysis
2026-05-27T22:52:16.9601|INFO|HocusFocusStarDetection.cs|Detect|413|Average HFR: 6.482247138193616, HFR MAD: 0.7970797402420654, Detected Stars 52, Region: 0
2026-05-27T22:52:17.0697|INFO|FocuserVM.cs|MoveFocuserInternal|216|Moving Focuser to position 387150
2026-05-27T22:52:26.8199|INFO|CameraVM.cs|Capture|742|Starting Exposure - Exposure Time: 3s; Filter: L; Gain: 270; Offset 50; Binning: 1x1;
2026-05-27T22:52:31.4723|INFO|AutoFocusEngine.cs|StartBlindFocusPoints|870|Waiting on next left movement analysis
2026-05-27T22:52:32.9425|INFO|HocusFocusStarDetection.cs|Detect|413|Average HFR: 7.6463364047943605, HFR MAD: 1.2506402009610544, Detected Stars 31, Region: 0
2026-05-27T22:52:33.1267|INFO|FocuserVM.cs|MoveFocuserInternal|216|Moving Focuser to position 387116
2026-05-27T22:52:42.8322|INFO|CameraVM.cs|Capture|742|Starting Exposure - Exposure Time: 3s; Filter: L; Gain: 270; Offset 50; Binning: 1x1;
2026-05-27T22:52:47.4943|INFO|AutoFocusEngine.cs|StartBlindFocusPoints|870|Waiting on next left movement analysis
2026-05-27T22:52:48.9671|INFO|HocusFocusStarDetection.cs|Detect|413|Average HFR: 9.761571666611054, HFR MAD: 0.6790955906063632, Detected Stars 14, Region: 0
2026-05-27T22:52:49.0423|INFO|AutoFocusEngine.cs|StartBlindFocusPoints|823|Enough left trend points (4) with an established minimum (387252) to queue remaining right focus points up to 387490
2026-05-27T22:52:49.0440|INFO|FocuserVM.cs|MoveFocuserInternal|216|Moving Focuser to position 387490
2026-05-27T22:52:54.8175|INFO|CameraVM.cs|Capture|742|Starting Exposure - Exposure Time: 3s; Filter: L; Gain: 270; Offset 50; Binning: 1x1;
2026-05-27T22:52:59.4879|INFO|AutoFocusEngine.cs|StartBlindFocusPoints|896|Waiting on remaining AutoFocus analysis tasks
2026-05-27T22:53:00.9780|INFO|HocusFocusStarDetection.cs|Detect|413|Average HFR: 5.901456858670294, HFR MAD: 1.2804386939098287, Detected Stars 25, Region: 0
2026-05-27T22:53:01.0635|INFO|FocuserVM.cs|MoveFocuserInternal|216|Moving Focuser to position 387246
2026-05-27T22:53:10.8391|INFO|AutoFocusEngine.cs|ValidateCalculatedFocusPosition|1141|Validating HFR at final focus position 387246
2026-05-27T22:53:10.8464|INFO|CameraVM.cs|Capture|742|Starting Exposure - Exposure Time: 3s; Filter: L; Gain: 270; Offset 50; Binning: 1x1;
2026-05-27T22:53:16.9819|INFO|HocusFocusStarDetection.cs|Detect|413|Average HFR: 3.9389936627455513, HFR MAD: 1.3718478463037431, Detected Stars 8, Region: 0
2026-05-27T22:53:16.9821|WARNING|AutoFocusEngine.cs|ValidateCalculatedFocusPosition|1158|Failed assessing HFR at the initial position
2026-05-27T22:53:16.9828|WARNING|AutoFocusEngine.cs|RunAutoFocus|965|Potentially bad auto-focus. Setting focuser back to 387320 and re-attempting.
2026-05-27T22:53:16.9845|INFO|FocuserVM.cs|MoveFocuserInternal|216|Moving Focuser to position 387320
2026-05-27T22:53:22.9214|INFO|AutoFocusEngine.cs|StartBlindFocusPoints|769|Waiting on initial HFR analysis
2026-05-27T22:53:22.9219|ERROR|AutoFocusEngine.cs|RunAutoFocus|954|Initial HFR calculation failed
2026-05-27T22:53:22.9220|WARNING|AutoFocusEngine.cs|RunAutoFocus|965|Potentially bad auto-focus. Setting focuser back to 387320 and re-attempting.
2026-05-27T22:53:22.9236|INFO|FocuserVM.cs|MoveFocuserInternal|216|Moving Focuser to position 387320
2026-05-27T22:53:26.8890|INFO|AutoFocusEngine.cs|StartBlindFocusPoints|769|Waiting on initial HFR analysis
2026-05-27T22:53:26.8893|ERROR|AutoFocusEngine.cs|RunAutoFocus|954|Initial HFR calculation failed
2026-05-27T22:53:26.8920|WARNING|AutoFocusEngine.cs|PerformPostAutoFocusActions|1002|AutoFocus did not complete successfully, so restoring the focuser position to 387320
2026-05-27T22:53:26.8939|INFO|FocuserVM.cs|MoveFocuserInternal|216|Moving Focuser to position 387320
2026-05-27T22:53:30.8299|INFO|FilterWheelVM.cs|ChangeFilter|112|Moving to Filter H at Position 5
2026-05-27T22:53:30.8317|INFO|FocuserVM.cs|MoveFocuserInternal|216|Moving Focuser to position 387342
2026-05-27T22:53:34.8240|ERROR|SequenceItem.cs|Run|263|Category: Focuser, Item: RunAutofocus - 
NINA.Core.Model.SequenceEntityFailedException: Autofocus failed to run
   at NINA.Sequencer.SequenceItem.Autofocus.RunAutofocus.Execute(IProgress`1 progress, CancellationToken token) in /_/NINA.Sequencer/SequenceItem/Autofocus/RunAutofocus.cs:line 94
   at NINA.Sequencer.SequenceItem.SequenceItem.Run(IProgress`1 progress, CancellationToken token) in /_/NINA.Sequencer/SequenceItem/SequenceItem.cs:line 249
2026-05-27T22:53:34.8799|ERROR|SequenceItem.cs|RunErrorBehavior|195|Instruction Run Autofocus failed after 1 attempt. Error behavior is set to ContinueOnError. Continuing.
2026-05-27T22:53:34.8805|INFO|MeridianFlipTrigger.cs|ShouldTrigger|204|Meridian Flip - Telescope is not tracking. Skip flip evaluation
2026-05-27T22:53:34.8806|INFO|SequenceItem.cs|Run|208|Starting Category: Guider, Item: StartGuiding
2026-05-27T22:53:34.8867|INFO|FailuresToTelegramTrigger.cs|WorkerFn|178|Failures to Telegram: Sending Run Autofocus failed after 1 attempts!

Reasons: Autofocus failed to run

2026-05-27T22:53:34.8867|INFO|FailuresToTelegramTrigger.cs|WorkerFn|178|Failures to Telegram: Sending Run Autofocus failed after 1 attempts!

Reasons: Autofocus failed to run

2026-05-27T22:53:34.8874|INFO|FailuresToPushoverTrigger.cs|WorkerFn|186|Failures to Pushover: Sending Failure running Run Autofocus
2026-05-27T22:53:34.8919|INFO|PHD2Guider.cs|TryStartGuideCommand|641|Phd2 - Requesting to start guiding. Recalibrate: False
2026-05-27T22:53:42.0548|INFO|PHD2Client.cs|ProcessEvent|261|PHD2: StartGuiding
2026-05-27T22:53:42.0549|INFO|PHD2Client.cs|StartNewGuidingSession|393|PHD2Client: New guiding session started
2026-05-27T22:53:42.0641|INFO|PHD2Client.cs|QueryExposureTime|1216|PHD2Client: Exposure time from PHD2 API: 2.000 seconds (2000 ms)
2026-05-27T22:55:10.0561|INFO|PHD2Client.cs|HandleSettleDone|343|PHD2Client: SettleDone - Status=0, Success=True, TotalFrames=35, DroppedFrames=0
2026-05-27T22:55:10.0562|WARNING|DitherStatisticsVM.cs|OnPHD2SettleDone|772|⚠️ SettleDone received but no currentDither exists (race condition?)
2026-05-27T22:55:10.4792|INFO|SequenceItem.cs|Run|254|Finishing Category: Guider, Item: StartGuiding
2026-05-27T22:55:10.4799|INFO|MeridianFlipTrigger.cs|ShouldTrigger|252|Meridian Flip - No more remaining time available before flip. Max remaining time -00:00:26.0189167, next instruction time 0, next instruction Category: Ground Station, Item: Send to Telegram. Current pier side pierWest - expected pier side pierEast. Flip should happen now
2026-05-27T22:55:10.4800|INFO|MeridianFlipTrigger.cs|ShouldTrigger|256|Meridian Flip - No more remaining time available before flip. Current pier side pierWest - expected pier side pierEast. Flip should happen now
2026-05-27T22:55:10.4803|INFO|SequenceTrigger.cs|Run|114|Starting Trigger: MeridianFlipTrigger
2026-05-27T22:55:10.4830|WARNING|MeridianFlipTrigger.cs|Execute|143|Target coordinates are all zero. Most likely not intended. Taking current telescope coordinates instead for the flip.
2026-05-27T22:55:10.5152|INFO|MeridianFlipVM.cs|DoMeridianFlip|160|Meridian Flip - Initializing Meridian Flip. 
Current target coordinates RA: 13:43:04 Dec: 47° 03' 55" Epoch: JNOW
Remaining wait time: 00:03:33.9810833
Pause Time Before Meridian: 3
Minutes After Meridian: 1
Max Minutes After Meridian: 1
AutoFocus After Flip: False
Recenter: True
Use SideOfPier: True
Settle Time: 30
2026-05-27T22:55:10.5388|INFO|MeridianFlipVM.cs|StopAutoguider|348|Meridian Flip - Stopping Autoguider
2026-05-27T22:55:11.9048|INFO|PHD2Client.cs|ProcessEvent|268|PHD2: ConfigurationChange
2026-05-27T22:55:11.9249|WARNING|PHD2Client.cs|ProcessEvent|252|PHD2: LockPositionLost
2026-05-27T22:55:12.0501|INFO|PHD2Client.cs|QueryExposureTime|1216|PHD2Client: Exposure time from PHD2 API: 2.000 seconds (2000 ms)
2026-05-27T22:55:12.5986|INFO|MeridianFlipVM.cs|PassMeridian|257|Meridian Flip - Stopping tracking to pass meridian
2026-05-27T22:56:13.5274|INFO|TsProgressReader.cs|ReadProgressDelta|75|[Subframes] TS progress delta: DB not found at C:\Users\nicka\AppData\Local\NINA\SchedulerPlugin — Target Scheduler not installed or DB path mismatch.
2026-05-27T22:58:47.0681|INFO|MeridianFlipVM.cs|PassMeridian|269|Meridian Flip - Resuming tracking after passing meridian
2026-05-27T22:58:47.7239|INFO|MeridianFlipVM.cs|DoFlip|124|Meridian Flip - Scope will flip to coordinates RA: 13:43:04 Dec: 47° 03' 55" Epoch: JNOW
2026-05-27T22:58:47.7366|INFO|AscomTelescope.cs|MeridianFlip|327|Mount side of pier is currently pierWest, and target is pierEast
2026-05-27T22:58:47.7595|INFO|AscomTelescope.cs|MeridianFlip|351|Current side of pier is pierWest, which should be a counter weight down position already. Setting side of pier will be done after the first slew attempt if the mount did not flip the pier side by then.
2026-05-27T22:58:47.7596|INFO|AscomTelescope.cs|MeridianFlip|365|Slewing to coordinates RA: 13:43:04; Dec: 47° 03' 55"; Epoch: JNOW. Attempt 1 / 20
2026-05-27T22:59:38.0051|INFO|AscomTelescope.cs|MeridianFlip|380|Finished slewing to coordinates. Slew was successful. Setting pier side was successful
2026-05-27T22:59:40.4017|INFO|MeridianFlipVM.cs|Settle|335|Meridian Flip - Settling scope for 30
2026-05-27T23:00:09.6421|INFO|MeridianFlipVM.cs|Recenter|278|Meridian Flip - Recenter after meridian flip
2026-05-27T23:00:09.6450|INFO|FilterWheelVM.cs|ChangeFilter|112|Moving to Filter L at Position 0
2026-05-27T23:00:09.8570|INFO|FocuserVM.cs|MoveFocuserInternal|216|Moving Focuser to position 387320
2026-05-27T23:00:18.7951|INFO|CameraVM.cs|Capture|742|Starting Exposure - Exposure Time: 2s; Filter: L; Gain: 275; Offset 50; Binning: 1x1;
2026-05-27T23:00:23.1967|INFO|ImageSolver.cs|Solve|41|Platesolving with parameters: FocalLength: 360 PixelSize: 3.76 SearchRadius: 30 BlindFailoverEnabled: True Regions: 5000 DownSampleFactor: 0 MaxObjects: 500 Reference Coordinates RA: 13:41:57 Dec: 47° 11' 50" Epoch: J2000
2026-05-27T23:00:23.5091|INFO|BaseImageData.cs|SaveToDisk|346|Saved image to C:\Users\nicka\AppData\Local\NINA\PlateSolver\lch1a05p.25c.fits
2026-05-27T23:00:24.4962|INFO|ImageSolver.cs|Solve|54|Platesolve successful: Coordinates: RA: 13:42:56; Dec: 47° 16' 36"; Epoch: J2000 - Position Angle: 275.6382816944441
2026-05-27T23:00:24.4972|INFO|CenteringSolver.cs|Center|99|Centering Solver - Scope Position: RA: 13:43:04; Dec: 47° 03' 55"; Epoch: JNOW; Offset: RA: 00:00:00; Dec: 00° 00' 00"; Distance: 00° 00' 00"; Bearing: 00° 00' 00"; Centering Coordinates: RA: 13:43:04; Dec: 47° 03' 55"; Epoch: JNOW; Solved: RA: 13:44:03; Dec: 47° 08' 42"; Epoch: JNOW; Separation RA: -00:01:00; Dec: -00° 04' 47"; Distance: 00° 11' 12"; Bearing: -64° 37' 01"; Threshold: 2
2026-05-27T23:00:24.9817|INFO|TelescopeVM.cs|Sync|777|Syncing scope from RA: 13:43:04; Dec: 47° 03' 55"; Epoch: JNOW to RA: 13:44:03; Dec: 47° 08' 42"; Epoch: JNOW
2026-05-27T23:00:29.9880|INFO|CenteringSolver.cs|Center|132|Slewing to target after sync. Current Position: RA: 13:44:03; Dec: 47° 08' 42"; Epoch: JNOW; Target coordinates: RA: 13:43:04; Dec: 47° 03' 55"; Epoch: JNOW; Offset RA: 00:00:00; Dec: 00° 00' 00"; Distance: 00° 00' 00"; Bearing: 00° 00' 00"
2026-05-27T23:00:29.9914|INFO|TelescopeVM.cs|SlewAsyncInternal|910|Slewing from RA: 13:44:03; Dec: 47° 08' 42"; Epoch: JNOW to RA: 13:43:04; Dec: 47° 03' 55"; Epoch: JNOW - Alt: 74° 28' 21"; Az: 358° 13' 53"
2026-05-27T23:00:38.3252|INFO|CameraVM.cs|Capture|742|Starting Exposure - Exposure Time: 2s; Filter: L; Gain: 275; Offset 50; Binning: 1x1;
2026-05-27T23:00:42.7086|INFO|ImageSolver.cs|Solve|41|Platesolving with parameters: FocalLength: 360 PixelSize: 3.76 SearchRadius: 30 BlindFailoverEnabled: True Regions: 5000 DownSampleFactor: 0 MaxObjects: 500 Reference Coordinates RA: 13:41:57 Dec: 47° 11' 50" Epoch: J2000
2026-05-27T23:00:43.0192|INFO|BaseImageData.cs|SaveToDisk|346|Saved image to C:\Users\nicka\AppData\Local\NINA\PlateSolver\1dnxykjw.qdw.fits
2026-05-27T23:00:43.9008|INFO|ImageSolver.cs|Solve|54|Platesolve successful: Coordinates: RA: 13:41:57; Dec: 47° 11' 54"; Epoch: J2000 - Position Angle: 275.639274629737
2026-05-27T23:00:43.9021|INFO|CenteringSolver.cs|Center|99|Centering Solver - Scope Position: RA: 13:43:04; Dec: 47° 03' 55"; Epoch: JNOW; Offset: RA: 00:00:00; Dec: 00° 00' 00"; Distance: 00° 00' 00"; Bearing: 00° 00' 00"; Centering Coordinates: RA: 13:43:04; Dec: 47° 03' 55"; Epoch: JNOW; Solved: RA: 13:43:04; Dec: 47° 03' 59"; Epoch: JNOW; Separation RA: -00:00:00; Dec: -00° 00' 04"; Distance: 00° 00' 04"; Bearing: -26° 51' 14"; Threshold: 2
2026-05-27T23:00:43.9022|INFO|CenteringSolver.cs|Center|165|Restoring filter to H after centering
2026-05-27T23:00:43.9045|INFO|FilterWheelVM.cs|ChangeFilter|112|Moving to Filter H at Position 5
2026-05-27T23:00:44.1299|INFO|FocuserVM.cs|MoveFocuserInternal|216|Moving Focuser to position 387342
2026-05-27T23:00:48.8115|INFO|MeridianFlipVM.cs|SelectNewGuideStar|329|Meridian Flip - Selecting new guide star
2026-05-27T23:00:55.4075|WARNING|PHD2Client.cs|ProcessEvent|252|PHD2: LockPositionLost
2026-05-27T23:00:55.4077|WARNING|PHD2Client.cs|ProcessEvent|252|PHD2: StarLost
2026-05-27T23:01:02.3325|INFO|MeridianFlipVM.cs|ResumeAutoguider|321|Meridian Flip - Resuming Autoguider
2026-05-27T23:01:02.3450|INFO|PHD2Guider.cs|TryStartGuideCommand|641|Phd2 - Requesting to start guiding. Recalibrate: False
2026-05-27T23:01:04.1452|INFO|PHD2Client.cs|ProcessEvent|268|PHD2: ConfigurationChange
2026-05-27T23:01:04.1852|INFO|PHD2Client.cs|QueryExposureTime|1216|PHD2Client: Exposure time from PHD2 API: 2.000 seconds (2000 ms)
2026-05-27T23:01:04.2490|INFO|PHD2Client.cs|ProcessEvent|261|PHD2: StartGuiding
2026-05-27T23:01:04.2491|INFO|PHD2Client.cs|StartNewGuidingSession|393|PHD2Client: New guiding session started
2026-05-27T23:01:04.2592|INFO|PHD2Client.cs|QueryExposureTime|1216|PHD2Client: Exposure time from PHD2 API: 2.000 seconds (2000 ms)
2026-05-27T23:01:10.4784|WARNING|TsPreviewClient.cs|FetchPreviewAsync|161|[Subframes] TsPreviewClient.FetchPreviewAsync failed for profile '533M-AT60' (0173997c-4bfa-48fd-9337-a48b6df99c38): TaskCanceledException: The request was canceled due to the configured HttpClient.Timeout of 5 seconds elapsing.
2026-05-27T23:01:13.5359|INFO|TsProgressReader.cs|ReadProgressDelta|75|[Subframes] TS progress delta: DB not found at C:\Users\nicka\AppData\Local\NINA\SchedulerPlugin — Target Scheduler not installed or DB path mismatch.
2026-05-27T23:01:26.4571|INFO|PHD2Client.cs|HandleSettleDone|343|PHD2Client: SettleDone - Status=0, Success=True, TotalFrames=10, DroppedFrames=0
2026-05-27T23:01:26.4573|WARNING|DitherStatisticsVM.cs|OnPHD2SettleDone|772|⚠️ SettleDone received but no currentDither exists (race condition?)
2026-05-27T23:01:27.1706|INFO|MeridianFlipVM.cs|Settle|335|Meridian Flip - Settling scope for 30
2026-05-27T23:01:56.4502|INFO|MeridianFlipVM.cs|DoMeridianFlip|221|Meridian Flip - Exiting meridian flip
2026-05-27T23:01:56.4768|INFO|SessionEventCollector.cs|SaveEvent|128|NightSummary: Event logged — MeridianFlip: Meridian flip completed successfully
2026-05-27T23:01:56.6232|INFO|SequenceItem.cs|Run|208|Starting Category: Ground Station, Item: Send to Telegram
2026-05-27T23:01:57.3045|INFO|SequenceItem.cs|Run|254|Finishing Category: Ground Station, Item: Send to Telegram
2026-05-27T23:01:57.3408|INFO|MeridianFlipTrigger.cs|ShouldTrigger|265|Meridian Flip - There is still time remaining - max remaining time 11:52:46.8392343, next instruction time 0, next instruction Category: Ground Station, Item: Send to Pushover, Title: Done Waiting - and the telescope reports expected pier side pierEast. Automated Flip is not necessary.
2026-05-27T23:01:57.3410|INFO|SequenceItem.cs|Run|208|Starting Category: Ground Station, Item: Send to Pushover, Title: Done Waiting
2026-05-27T23:01:57.5127|INFO|SequenceItem.cs|Run|254|Finishing Category: Ground Station, Item: Send to Pushover, Title: Done Waiting
2026-05-27T23:01:57.6508|INFO|Symbol.cs|OnMessageReceived|627|Received message from Target Scheduler re: TargetScheduler-NewTargetStart
2026-05-27T23:01:57.6508|INFO|Symbol.cs|OnMessageReceived|635|TS_TargetName = M 51
2026-05-27T23:01:57.6509|INFO|Symbol.cs|OnMessageReceived|636|Expires at 05/28/2026 03:57:35 -05:00
2026-05-27T23:01:57.6509|INFO|Symbol.cs|OnMessageReceived|627|Received message from Target Scheduler re: TargetScheduler-NewTargetStart
2026-05-27T23:01:57.6509|INFO|Symbol.cs|OnMessageReceived|635|TS_TargetName = M 51
2026-05-27T23:01:57.6509|INFO|Symbol.cs|OnMessageReceived|636|Expires at 05/28/2026 03:57:35 -05:00
2026-05-27T23:01:57.6539|INFO|Symbol.cs|OnMessageReceived|627|Received message from Target Scheduler re: TargetScheduler-TargetStart
2026-05-27T23:01:57.6539|INFO|Symbol.cs|OnMessageReceived|635|TS_TargetName = M 51
2026-05-27T23:01:57.6539|INFO|Symbol.cs|OnMessageReceived|636|Expires at 05/28/2026 03:57:35 -05:00
2026-05-27T23:01:57.6540|INFO|Symbol.cs|OnMessageReceived|627|Received message from Target Scheduler re: TargetScheduler-TargetStart
2026-05-27T23:01:57.6540|INFO|Symbol.cs|OnMessageReceived|635|TS_TargetName = M 51
2026-05-27T23:01:57.6540|INFO|Symbol.cs|OnMessageReceived|636|Expires at 05/28/2026 03:57:35 -05:00
2026-05-27T23:01:57.6544|INFO|MeridianFlipTrigger.cs|ShouldTrigger|265|Meridian Flip - There is still time remaining - max remaining time 11:52:46.8392343, next instruction time 0, next instruction NINA.Plugin.TargetScheduler.Sequencer.PlanSchedulerProgress - and the telescope reports expected pier side pierEast. Automated Flip is not necessary.
2026-05-27T23:01:57.6545|INFO|SequenceItem.cs|Run|208|Starting NINA.Plugin.TargetScheduler.Sequencer.PlanSchedulerProgress
2026-05-27T23:01:57.6574|INFO|SequenceItem.cs|Run|254|Finishing NINA.Plugin.TargetScheduler.Sequencer.PlanSchedulerProgress
2026-05-27T23:01:57.6819|INFO|MeridianFlipTrigger.cs|ShouldTrigger|265|Meridian Flip - There is still time remaining - max remaining time 11:52:46.8392343, next instruction time 0, next instruction Category: Scheduler, Item: Center, Coordinates RA: 13:29:53; Dec: 47° 11' 43"; Epoch: J2000 - and the telescope reports expected pier side pierEast. Automated Flip is not necessary.
2026-05-27T23:01:57.6820|INFO|SequenceItem.cs|Run|208|Starting Category: Scheduler, Item: Center, Coordinates RA: 13:29:53; Dec: 47° 11' 43"; Epoch: J2000
2026-05-27T23:01:58.3423|INFO|PHD2Client.cs|ProcessEvent|268|PHD2: ConfigurationChange
2026-05-27T23:01:58.3533|WARNING|PHD2Client.cs|ProcessEvent|252|PHD2: LockPositionLost
2026-05-27T23:01:58.4363|INFO|PHD2Client.cs|QueryExposureTime|1216|PHD2Client: Exposure time from PHD2 API: 2.000 seconds (2000 ms)
2026-05-27T23:01:58.8566|INFO|TelescopeVM.cs|SlewAsyncInternal|910|Slewing from RA: 13:43:04; Dec: 47° 03' 56"; Epoch: JNOW to RA: 13:31:01; Dec: 47° 03' 37"; Epoch: JNOW - Alt: 74° 10' 30"; Az: 349° 46' 24"
2026-05-27T23:02:08.1190|INFO|FilterWheelVM.cs|ChangeFilter|112|Moving to Filter L at Position 0
2026-05-27T23:02:08.3265|INFO|FocuserVM.cs|MoveFocuserInternal|216|Moving Focuser to position 387320
2026-05-27T23:02:16.7923|INFO|CameraVM.cs|Capture|742|Starting Exposure - Exposure Time: 2s; Filter: L; Gain: 275; Offset 50; Binning: 1x1;
2026-05-27T23:02:21.2162|INFO|ImageSolver.cs|Solve|41|Platesolving with parameters: FocalLength: 360 PixelSize: 3.76 SearchRadius: 30 BlindFailoverEnabled: True Regions: 5000 DownSampleFactor: 0 MaxObjects: 500 Reference Coordinates RA: 13:29:53 Dec: 47° 11' 43" Epoch: J2000
2026-05-27T23:02:21.5273|INFO|BaseImageData.cs|SaveToDisk|346|Saved image to C:\Users\nicka\AppData\Local\NINA\PlateSolver\bgtnxt2n.eh4.fits
2026-05-27T23:02:22.4291|INFO|ImageSolver.cs|Solve|54|Platesolve successful: Coordinates: RA: 13:29:52; Dec: 47° 11' 43"; Epoch: J2000 - Position Angle: 275.6202098186475
2026-05-27T23:02:22.4321|INFO|CenteringSolver.cs|Center|99|Centering Solver - Scope Position: RA: 13:31:02; Dec: 47° 03' 37"; Epoch: JNOW; Offset: RA: 00:00:00; Dec: 00° 00' 00"; Distance: 00° 00' 00"; Bearing: 00° 00' 00"; Centering Coordinates: RA: 13:31:01; Dec: 47° 03' 37"; Epoch: JNOW; Solved: RA: 13:31:01; Dec: 47° 03' 38"; Epoch: JNOW; Separation RA: 00:00:01; Dec: -00° 00' 00"; Distance: 00° 00' 05"; Bearing: 84° 46' 06"; Threshold: 2
2026-05-27T23:02:22.4322|INFO|CenteringSolver.cs|Center|165|Restoring filter to H after centering
2026-05-27T23:02:22.4440|INFO|FilterWheelVM.cs|ChangeFilter|112|Moving to Filter H at Position 5
2026-05-27T23:02:22.6727|INFO|FocuserVM.cs|MoveFocuserInternal|216|Moving Focuser to position 387342
2026-05-27T23:02:26.8458|INFO|PHD2Guider.cs|TryStartGuideCommand|641|Phd2 - Requesting to start guiding. Recalibrate: False
2026-05-27T23:02:34.0772|INFO|PHD2Client.cs|ProcessEvent|261|PHD2: StartGuiding
2026-05-27T23:02:34.0773|INFO|PHD2Client.cs|StartNewGuidingSession|393|PHD2Client: New guiding session started
2026-05-27T23:02:34.0885|INFO|PHD2Client.cs|QueryExposureTime|1216|PHD2Client: Exposure time from PHD2 API: 2.000 seconds (2000 ms)
2026-05-27T23:02:56.7101|INFO|PHD2Client.cs|HandleSettleDone|343|PHD2Client: SettleDone - Status=0, Success=True, TotalFrames=10, DroppedFrames=0
2026-05-27T23:02:56.7102|WARNING|DitherStatisticsVM.cs|OnPHD2SettleDone|772|⚠️ SettleDone received but no currentDither exists (race condition?)
2026-05-27T23:02:57.2678|INFO|SequenceItem.cs|Run|254|Finishing Category: Scheduler, Item: Center, Coordinates RA: 13:29:53; Dec: 47° 11' 43"; Epoch: J2000
2026-05-27T23:02:57.2687|INFO|MeridianFlipTrigger.cs|ShouldTrigger|265|Meridian Flip - There is still time remaining - max remaining time 11:39:44.6731082, next instruction time 0, next instruction NINA.Plugin.TargetScheduler.Sequencer.PlanSchedulerProgress - and the telescope reports expected pier side pierEast. Automated Flip is not necessary.
2026-05-27T23:02:57.2689|INFO|SequenceItem.cs|Run|208|Starting NINA.Plugin.TargetScheduler.Sequencer.PlanSchedulerProgress
2026-05-27T23:02:57.2715|INFO|SequenceItem.cs|Run|254|Finishing NINA.Plugin.TargetScheduler.Sequencer.PlanSchedulerProgress
2026-05-27T23:02:57.2721|INFO|MeridianFlipTrigger.cs|ShouldTrigger|265|Meridian Flip - There is still time remaining - max remaining time 11:39:44.6731082, next instruction time 0, next instruction Category: , Container: NINA.Plugin.TargetScheduler.Sequencer.InstructionContainer, Strategy: InstructionContainerStrategy, Items[CREATED]: 2 - and the telescope reports expected pier side pierEast. Automated Flip is not necessary.
2026-05-27T23:02:57.2725|INFO|SequenceItem.cs|Run|208|Starting Category: , Container: NINA.Plugin.TargetScheduler.Sequencer.InstructionContainer, Strategy: InstructionContainerStrategy, Items[CREATED]: 2
2026-05-27T23:02:57.2732|INFO|MeridianFlipTrigger.cs|ShouldTrigger|265|Meridian Flip - There is still time remaining - max remaining time 11:39:44.6731082, next instruction time 0, next instruction [SubframesStartTarget] Target='Unknown Target' RA=0.0000 Dec=0.0000 - and the telescope reports expected pier side pierEast. Automated Flip is not necessary.
2026-05-27T23:02:57.2734|INFO|SequenceItem.cs|Run|208|Starting [SubframesStartTarget] Target='Unknown Target' RA=0.0000 Dec=0.0000
2026-05-27T23:02:57.2735|INFO|StartTargetItem.cs|Execute|95|[Subframes] StartTargetItem: target start returned null (API unavailable or older version).
2026-05-27T23:02:57.2736|INFO|SequenceItem.cs|Run|254|Finishing [SubframesStartTarget] Target='Unknown Target' RA=0.0000 Dec=0.0000
2026-05-27T23:02:57.2741|INFO|MeridianFlipTrigger.cs|ShouldTrigger|265|Meridian Flip - There is still time remaining - max remaining time 11:39:44.6731082, next instruction time 0, next instruction Category: Ground Station, Item: Send to Telegram - and the telescope reports expected pier side pierEast. Automated Flip is not necessary.
2026-05-27T23:02:57.2742|INFO|SequenceItem.cs|Run|208|Starting Category: Ground Station, Item: Send to Telegram
2026-05-27T23:02:57.9261|INFO|SequenceItem.cs|Run|254|Finishing Category: Ground Station, Item: Send to Telegram
2026-05-27T23:02:57.9943|INFO|SequenceItem.cs|Run|254|Finishing Category: , Container: NINA.Plugin.TargetScheduler.Sequencer.InstructionContainer, Strategy: InstructionContainerStrategy, Items[FINISHED]: 2
2026-05-27T23:02:57.9946|INFO|MeridianFlipTrigger.cs|ShouldTrigger|265|Meridian Flip - There is still time remaining - max remaining time 11:39:44.6731082, next instruction time 0, next instruction NINA.Plugin.TargetScheduler.Sequencer.PlanSchedulerProgress - and the telescope reports expected pier side pierEast. Automated Flip is not necessary.
2026-05-27T23:02:57.9947|INFO|SequenceItem.cs|Run|208|Starting NINA.Plugin.TargetScheduler.Sequencer.PlanSchedulerProgress
2026-05-27T23:02:57.9971|INFO|SequenceItem.cs|Run|254|Finishing NINA.Plugin.TargetScheduler.Sequencer.PlanSchedulerProgress
2026-05-27T23:02:58.0215|INFO|MeridianFlipTrigger.cs|ShouldTrigger|265|Meridian Flip - There is still time remaining - max remaining time 11:39:44.6731082, next instruction time 0, next instruction Category: Scheduler, Item: SwitchFilter, Filter: H - and the telescope reports expected pier side pierEast. Automated Flip is not necessary.
2026-05-27T23:02:58.0216|INFO|SequenceItem.cs|Run|208|Starting Category: Scheduler, Item: SwitchFilter, Filter: H
2026-05-27T23:02:58.0465|INFO|SequenceItem.cs|Run|254|Finishing Category: Scheduler, Item: SwitchFilter, Filter: H
2026-05-27T23:02:58.0469|INFO|MeridianFlipTrigger.cs|ShouldTrigger|265|Meridian Flip - There is still time remaining - max remaining time 11:39:44.6731082, next instruction time 0, next instruction NINA.Plugin.TargetScheduler.Sequencer.PlanSchedulerProgress - and the telescope reports expected pier side pierEast. Automated Flip is not necessary.
2026-05-27T23:02:58.0470|INFO|SequenceItem.cs|Run|208|Starting NINA.Plugin.TargetScheduler.Sequencer.PlanSchedulerProgress
2026-05-27T23:02:58.0470|INFO|SequenceItem.cs|Run|254|Finishing NINA.Plugin.TargetScheduler.Sequencer.PlanSchedulerProgress
2026-05-27T23:02:58.0712|INFO|MeridianFlipTrigger.cs|ShouldTrigger|265|Meridian Flip - There is still time remaining - max remaining time 11:39:44.6731082, next instruction time 0, next instruction Category: Scheduler, Item: SetReadoutMode, Mode: 0 - and the telescope reports expected pier side pierEast. Automated Flip is not necessary.
2026-05-27T23:02:58.0714|INFO|SequenceItem.cs|Run|208|Starting Category: Scheduler, Item: SetReadoutMode, Mode: 0
2026-05-27T23:02:58.0953|INFO|SequenceItem.cs|Run|254|Finishing Category: Scheduler, Item: SetReadoutMode, Mode: 0
2026-05-27T23:02:58.0958|INFO|MeridianFlipTrigger.cs|ShouldTrigger|265|Meridian Flip - There is still time remaining - max remaining time 11:39:44.6731082, next instruction time 0, next instruction NINA.Plugin.TargetScheduler.Sequencer.PlanSchedulerProgress - and the telescope reports expected pier side pierEast. Automated Flip is not necessary.
2026-05-27T23:02:58.0958|INFO|SequenceItem.cs|Run|208|Starting NINA.Plugin.TargetScheduler.Sequencer.PlanSchedulerProgress
2026-05-27T23:02:58.1200|INFO|SequenceItem.cs|Run|254|Finishing NINA.Plugin.TargetScheduler.Sequencer.PlanSchedulerProgress
2026-05-27T23:02:58.1448|INFO|MeridianFlipTrigger.cs|ShouldTrigger|265|Meridian Flip - There is still time remaining - max remaining time 11:39:44.6731082, next instruction time 600, next instruction Category: Scheduler, Item: TakeExposure, ExposureTime 600, Gain 100, Offset 50, ImageType LIGHT, Binning 1x1 - and the telescope reports expected pier side pierEast. Automated Flip is not necessary.
2026-05-27T23:02:58.1449|INFO|DIYTrigger.cs|ShouldTrigger|109|DIY Trigger Restore Guiding ShouldTrigger returning true
2026-05-27T23:02:58.1450|INFO|SequenceTrigger.cs|Run|114|Starting Category: Powerups (Misc), Item: DIYTrigger
2026-05-27T23:02:58.1471|INFO|DIYTrigger.cs|Execute|95|DIY Trigger executing...
2026-05-27T23:02:58.1472|INFO|SequenceItem.cs|Run|208|Starting Category: * Instruction Set *, Container: NINA.Sequencer.Container.SequentialContainer, Strategy: SequentialStrategy, Items[CREATED]: 1, Triggers: Trigger: RestoreGuiding
2026-05-27T23:02:58.1715|INFO|MeridianFlipTrigger.cs|ShouldTrigger|265|Meridian Flip - There is still time remaining - max remaining time 11:39:44.6731082, next instruction time 0, next instruction Category: Powerups (Expressions), Item: IfFailed - and the telescope reports expected pier side pierEast. Automated Flip is not necessary.
2026-05-27T23:02:58.1716|INFO|SequenceItem.cs|Run|208|Starting Category: Powerups (Expressions), Item: IfFailed
2026-05-27T23:02:58.1717|INFO|SequenceItem.cs|Run|208|Starting Category: Guider, Item: StartGuiding
2026-05-27T23:02:58.1868|INFO|PHD2Guider.cs|StartGuidingPrivate|504|Phd2 - App is already guiding. Skipping start guiding
2026-05-27T23:02:58.1871|INFO|SequenceItem.cs|Run|254|Finishing Category: Guider, Item: StartGuiding
2026-05-27T23:02:58.1872|INFO|SequenceItem.cs|Run|254|Finishing Category: Powerups (Expressions), Item: IfFailed
2026-05-27T23:02:58.1873|INFO|SequenceItem.cs|Run|254|Finishing Category: * Instruction Set *, Container: NINA.Sequencer.Container.SequentialContainer, Strategy: SequentialStrategy, Items[FINISHED]: 1, Triggers: Trigger: RestoreGuiding
2026-05-27T23:02:58.1894|INFO|SequenceItem.cs|Run|208|Starting Category: Scheduler, Item: TakeExposure, ExposureTime 600, Gain 100, Offset 50, ImageType LIGHT, Binning 1x1
2026-05-27T23:02:58.1945|INFO|CameraVM.cs|Capture|742|Starting Exposure - Exposure Time: 600s; Filter: ; Gain: 100; Offset 50; Binning: 1x1;
2026-05-27T23:06:13.5372|INFO|TsProgressReader.cs|ReadProgressDelta|75|[Subframes] TS progress delta: DB not found at C:\Users\nicka\AppData\Local\NINA\SchedulerPlugin — Target Scheduler not installed or DB path mismatch.
2026-05-27T23:11:13.5264|INFO|TsProgressReader.cs|ReadProgressDelta|75|[Subframes] TS progress delta: DB not found at C:\Users\nicka\AppData\Local\NINA\SchedulerPlugin — Target Scheduler not installed or DB path mismatch.
2026-05-27T23:13:00.1653|INFO|SequenceItem.cs|Run|254|Finishing Category: Scheduler, Item: TakeExposure, ExposureTime 600, Gain 100, Offset 50, ImageType LIGHT, Binning 1x1
2026-05-27T23:13:00.1657|INFO|MeridianFlipTrigger.cs|ShouldTrigger|265|Meridian Flip - There is still time remaining - max remaining time 11:29:42.3737304, next instruction time 0, next instruction NINA.Plugin.TargetScheduler.Sequencer.PlanSchedulerProgress - and the telescope reports expected pier side pierEast. Automated Flip is not necessary.
2026-05-27T23:13:00.1659|INFO|SequenceItem.cs|Run|208|Starting NINA.Plugin.TargetScheduler.Sequencer.PlanSchedulerProgress
2026-05-27T23:13:00.1659|INFO|SequenceItem.cs|Run|254|Finishing NINA.Plugin.TargetScheduler.Sequencer.PlanSchedulerProgress
2026-05-27T23:13:01.4478|INFO|HocusFocusStarDetection.cs|Detect|413|Average HFR: 1.8142240552104019, HFR MAD: 0.1659734036650703, Detected Stars 309, Region: 0
2026-05-27T23:13:02.1813|INFO|BaseImageData.cs|SaveToDisk|346|Saved image to C:\ASTROIMAGES\NINA\2026-05-27\M 51\LIGHT\H\2026-05-27_23-02-58_M 51_LIGHT_H_-5.00C_G100-Exp-600.00s_MAXRMS-D1.08-R2.39_M-64.07_RMS-0.66_HFR-1.81_F-0006.fits
2026-05-27T23:13:02.1815|INFO|ImageSaveController.cs|DoWork|97|Successfully saved file at C:\ASTROIMAGES\NINA\2026-05-27\M 51\LIGHT\H\2026-05-27_23-02-58_M 51_LIGHT_H_-5.00C_G100-Exp-600.00s_MAXRMS-D1.08-R2.39_M-64.07_RMS-0.66_HFR-1.81_F-0006.fits. Duration Total: 00:00:02.0161007; BeforeSave: 00:00:00.0002577; BeforeFinalizeImageSaved: 00:00:01.6597453; FinalizeSaveTime: 00:00:00.3560972
2026-05-27T23:13:02.7066|WARNING|SessionMetaDataWatcher.cs|WriteAcquisitionMetaData|73|acquisition file already exists, will not overwrite: C:\ASTROIMAGES\NINA\2026-05-27\M 51\LIGHT\H\metadata\AcquisitionDetails.csv
2026-05-27T23:13:02.7068|WARNING|SessionMetaDataWatcher.cs|WriteAcquisitionMetaData|93|acquisition file already exists, will not overwrite: C:\ASTROIMAGES\NINA\2026-05-27\M 51\LIGHT\H\metadata\AcquisitionDetails.json
2026-05-27T23:13:02.7071|INFO|SessionMetaDataWatcher.cs|WriteImageMetaData|105|Writing CSV image metadata: C:\ASTROIMAGES\NINA\2026-05-27\M 51\LIGHT\H\metadata\ImageMetaData.csv
2026-05-27T23:13:02.7378|INFO|SessionMetaDataWatcher.cs|WriteImageMetaData|122|Writing JSON image metadata: C:\ASTROIMAGES\NINA\2026-05-27\M 51\LIGHT\H\metadata\ImageMetaData.json
2026-05-27T23:13:02.7403|INFO|SessionMetaDataWatcher.cs|WriteWeatherMetaData|169|Writing CSV weather metadata: C:\ASTROIMAGES\NINA\2026-05-27\M 51\LIGHT\H\metadata\WeatherData.csv
2026-05-27T23:13:02.7576|INFO|SessionMetaDataWatcher.cs|WriteWeatherMetaData|186|Writing JSON weather metadata: C:\ASTROIMAGES\NINA\2026-05-27\M 51\LIGHT\H\metadata\WeatherData.json
2026-05-27T23:13:02.7592|INFO|SessionService.cs|OnTargetDetectedAsync|663|[Subframes] Target detected: 'M51' (was 'M51')
2026-05-27T23:13:02.7946|INFO|SubframesClient.cs|StartTargetAsync|316|[Subframes] Target started:  name='M51'
2026-05-27T23:13:02.7948|WARNING|SessionService.cs|StartTargetAsync|559|[Subframes] StartTarget failed — cached locally as 5074ef8d-154c-4d16-aec5-31fdbac9007b for replay.
2026-05-27T23:13:03.4631|INFO|MeridianFlipTrigger.cs|ShouldTrigger|265|Meridian Flip - There is still time remaining - max remaining time 11:29:38.3920040, next instruction time 0, next instruction Category: Powerups (Fun-ctions), Item: GSSend - and the telescope reports expected pier side pierEast. Automated Flip is not necessary.
2026-05-27T23:13:03.4631|INFO|SequenceItem.cs|Run|208|Starting Category: Powerups (Fun-ctions), Item: GSSend
2026-05-27T23:13:03.4635|INFO|SendWithGS.cs|ProcessedScript|64|Replacing Image_ExposureTime with 600
2026-05-27T23:13:03.4636|INFO|SendWithGS.cs|ProcessedScript|64|Replacing Image_HFR with 1.814
2026-05-27T23:13:03.4637|INFO|SendWithGS.cs|ProcessedScript|64|Replacing Image_FWHM with 6.77
2026-05-27T23:13:03.4638|INFO|SendWithGS.cs|ProcessedScript|64|Replacing Altitude with 73.62458206850289
2026-05-27T23:13:03.4639|INFO|SendWithGS.cs|Execute|95|Sending to Ground Station: Exp: $$FWHEEL_FILTER_NAME$$ on $$TARGET_NAME$$ EXP: 600 HFR: 1.814 FWHM: 6.77  Altitude: 73.62458206850289 
2026-05-27T23:13:03.4652|INFO|SequenceItem.cs|Run|208|Starting Category: Ground Station, Item: Send to Telegram
2026-05-27T23:13:04.1544|INFO|SequenceItem.cs|Run|254|Finishing Category: Ground Station, Item: Send to Telegram
2026-05-27T23:13:04.1557|INFO|SequenceItem.cs|Run|254|Finishing Category: Powerups (Fun-ctions), Item: GSSend
2026-05-27T23:13:04.1574|INFO|MeridianFlipTrigger.cs|ShouldTrigger|265|Meridian Flip - There is still time remaining - max remaining time 11:29:38.3920040, next instruction time 0, next instruction Category: Powerups (Fun-ctions), Item: GSSend - and the telescope reports expected pier side pierEast. Automated Flip is not necessary.
2026-05-27T23:13:04.1575|INFO|SequenceItem.cs|Run|208|Starting Category: Powerups (Fun-ctions), Item: GSSend
2026-05-27T23:13:04.1578|INFO|SendWithGS.cs|ProcessedScript|64|Replacing Image_ExposureTime with 600
2026-05-27T23:13:04.1580|INFO|SendWithGS.cs|ProcessedScript|64|Replacing Image_HFR with 1.814
2026-05-27T23:13:04.1581|INFO|SendWithGS.cs|ProcessedScript|64|Replacing Image_FWHM with 6.77
2026-05-27T23:13:04.1582|INFO|SendWithGS.cs|ProcessedScript|64|Replacing Altitude with 73.62458206850289
2026-05-27T23:13:04.1582|INFO|SendWithGS.cs|Execute|95|Sending to Ground Station: Exp: $$FWHEEL_FILTER_NAME$$ on $$TARGET_NAME$$ EXP: 600 HFR: 1.814 FWHM: 6.77  Altitude: 73.62458206850289 
2026-05-27T23:13:04.1595|INFO|SequenceItem.cs|Run|208|Starting Category: Ground Station, Item: Send to Pushover, Title: IMAGE: $$TARGET_NAME$$
2026-05-27T23:13:04.3124|INFO|SequenceItem.cs|Run|254|Finishing Category: Ground Station, Item: Send to Pushover, Title: IMAGE: $$TARGET_NAME$$
2026-05-27T23:13:04.3137|INFO|SequenceItem.cs|Run|254|Finishing Category: Powerups (Fun-ctions), Item: GSSend
2026-05-27T23:13:04.4949|INFO|Symbol.cs|OnMessageReceived|627|Received message from Target Scheduler re: TargetScheduler-TargetStart
2026-05-27T23:13:04.4950|INFO|Symbol.cs|OnMessageReceived|635|TS_TargetName = M 51
2026-05-27T23:13:04.4950|INFO|Symbol.cs|OnMessageReceived|636|Expires at 05/28/2026 03:57:35 -05:00
2026-05-27T23:13:04.4950|INFO|Symbol.cs|OnMessageReceived|627|Received message from Target Scheduler re: TargetScheduler-TargetStart
2026-05-27T23:13:04.4951|INFO|Symbol.cs|OnMessageReceived|635|TS_TargetName = M 51
2026-05-27T23:13:04.4951|INFO|Symbol.cs|OnMessageReceived|636|Expires at 05/28/2026 03:57:35 -05:00
2026-05-27T23:13:04.4954|INFO|MeridianFlipTrigger.cs|ShouldTrigger|265|Meridian Flip - There is still time remaining - max remaining time 11:29:36.3688302, next instruction time 0, next instruction NINA.Plugin.TargetScheduler.Sequencer.PlanSchedulerProgress - and the telescope reports expected pier side pierEast. Automated Flip is not necessary.
2026-05-27T23:13:04.4955|INFO|SequenceItem.cs|Run|208|Starting NINA.Plugin.TargetScheduler.Sequencer.PlanSchedulerProgress
2026-05-27T23:13:04.4956|INFO|SequenceItem.cs|Run|254|Finishing NINA.Plugin.TargetScheduler.Sequencer.PlanSchedulerProgress
2026-05-27T23:13:04.4960|INFO|MeridianFlipTrigger.cs|ShouldTrigger|265|Meridian Flip - There is still time remaining - max remaining time 11:29:36.3688302, next instruction time 0, next instruction Category: Scheduler, Item: SwitchFilter, Filter: H - and the telescope reports expected pier side pierEast. Automated Flip is not necessary.
2026-05-27T23:13:04.4960|INFO|SequenceItem.cs|Run|208|Starting Category: Scheduler, Item: SwitchFilter, Filter: H
2026-05-27T23:13:04.4971|INFO|SequenceItem.cs|Run|254|Finishing Category: Scheduler, Item: SwitchFilter, Filter: H
2026-05-27T23:13:04.4973|INFO|MeridianFlipTrigger.cs|ShouldTrigger|265|Meridian Flip - There is still time remaining - max remaining time 11:29:36.3688302, next instruction time 0, next instruction NINA.Plugin.TargetScheduler.Sequencer.PlanSchedulerProgress - and the telescope reports expected pier side pierEast. Automated Flip is not necessary.
2026-05-27T23:13:04.4974|INFO|SequenceItem.cs|Run|208|Starting NINA.Plugin.TargetScheduler.Sequencer.PlanSchedulerProgress
2026-05-27T23:13:04.4974|INFO|SequenceItem.cs|Run|254|Finishing NINA.Plugin.TargetScheduler.Sequencer.PlanSchedulerProgress
2026-05-27T23:13:04.4975|INFO|MeridianFlipTrigger.cs|ShouldTrigger|265|Meridian Flip - There is still time remaining - max remaining time 11:29:36.3688302, next instruction time 0, next instruction Category: Scheduler, Item: SetReadoutMode, Mode: 0 - and the telescope reports expected pier side pierEast. Automated Flip is not necessary.
2026-05-27T23:13:04.4976|INFO|SequenceItem.cs|Run|208|Starting Category: Scheduler, Item: SetReadoutMode, Mode: 0
2026-05-27T23:13:04.4977|INFO|SequenceItem.cs|Run|254|Finishing Category: Scheduler, Item: SetReadoutMode, Mode: 0
2026-05-27T23:13:04.4978|INFO|MeridianFlipTrigger.cs|ShouldTrigger|265|Meridian Flip - There is still time remaining - max remaining time 11:29:36.3688302, next instruction time 0, next instruction NINA.Plugin.TargetScheduler.Sequencer.PlanSchedulerProgress - and the telescope reports expected pier side pierEast. Automated Flip is not necessary.
2026-05-27T23:13:04.4979|INFO|SequenceItem.cs|Run|208|Starting NINA.Plugin.TargetScheduler.Sequencer.PlanSchedulerProgress
2026-05-27T23:13:04.4991|INFO|SequenceItem.cs|Run|254|Finishing NINA.Plugin.TargetScheduler.Sequencer.PlanSchedulerProgress
2026-05-27T23:13:04.5236|INFO|MeridianFlipTrigger.cs|ShouldTrigger|265|Meridian Flip - There is still time remaining - max remaining time 11:29:36.3688302, next instruction time 600, next instruction Category: Scheduler, Item: TakeExposure, ExposureTime 600, Gain 100, Offset 50, ImageType LIGHT, Binning 1x1 - and the telescope reports expected pier side pierEast. Automated Flip is not necessary.
2026-05-27T23:13:04.5237|INFO|DIYTrigger.cs|ShouldTrigger|109|DIY Trigger Restore Guiding ShouldTrigger returning true
2026-05-27T23:13:04.5478|INFO|SequenceTrigger.cs|Run|114|Starting Category: Powerups (Misc), Item: DIYTrigger
2026-05-27T23:13:04.9280|INFO|DIYTrigger.cs|Execute|95|DIY Trigger executing...
2026-05-27T23:13:04.9282|INFO|SequenceItem.cs|Run|208|Starting Category: * Instruction Set *, Container: NINA.Sequencer.Container.SequentialContainer, Strategy: SequentialStrategy, Items[CREATED]: 1, Triggers: Trigger: RestoreGuiding
2026-05-27T23:13:04.9536|INFO|MeridianFlipTrigger.cs|ShouldTrigger|265|Meridian Flip - There is still time remaining - max remaining time 11:29:36.3688302, next instruction time 0, next instruction Category: Powerups (Expressions), Item: IfFailed - and the telescope reports expected pier side pierEast. Automated Flip is not necessary.
2026-05-27T23:13:04.9536|INFO|SequenceItem.cs|Run|208|Starting Category: Powerups (Expressions), Item: IfFailed
2026-05-27T23:13:04.9537|INFO|SequenceItem.cs|Run|208|Starting Category: Guider, Item: StartGuiding
2026-05-27T23:13:04.9578|INFO|PHD2Guider.cs|StartGuidingPrivate|504|Phd2 - App is already guiding. Skipping start guiding
2026-05-27T23:13:04.9580|INFO|SequenceItem.cs|Run|254|Finishing Category: Guider, Item: StartGuiding
2026-05-27T23:13:04.9581|INFO|SequenceItem.cs|Run|254|Finishing Category: Powerups (Expressions), Item: IfFailed
2026-05-27T23:13:04.9583|INFO|SequenceItem.cs|Run|254|Finishing Category: * Instruction Set *, Container: NINA.Sequencer.Container.SequentialContainer, Strategy: SequentialStrategy, Items[FINISHED]: 1, Triggers: Trigger: RestoreGuiding
2026-05-27T23:13:04.9808|INFO|SequenceItem.cs|Run|208|Starting Category: Scheduler, Item: TakeExposure, ExposureTime 600, Gain 100, Offset 50, ImageType LIGHT, Binning 1x1
2026-05-27T23:13:04.9857|INFO|CameraVM.cs|Capture|742|Starting Exposure - Exposure Time: 600s; Filter: ; Gain: 100; Offset 50; Binning: 1x1;
2026-05-27T23:13:05.0422|INFO|StarfrontClient.cs|SendImageFile|249|[Rockwood] sent 2026-05-27_23-02-58_M 51_LIGHT_H_-5.00C_G100-Exp-600.00s_MAXRMS-D1.08-R2.39_M-64.07_RMS-0.66_HFR-1.81_F-0006.fits (20KB) object=M 51 exptime=600s filter=H
2026-05-27T23:13:07.9271|WARNING|TsPreviewClient.cs|FetchPreviewAsync|161|[Subframes] TsPreviewClient.FetchPreviewAsync failed for profile '533M-AT60' (0173997c-4bfa-48fd-9337-a48b6df99c38): TaskCanceledException: The request was canceled due to the configured HttpClient.Timeout of 5 seconds elapsing.
2026-05-27T23:13:10.4829|INFO|SyncEngine.cs|SyncPendingFramesAsync|142|[Subframes] SyncEngine: synced 1 frames for session 488ed467-5289-4740-b683-e0aa7c3efabe (accepted=1)
2026-05-27T23:16:13.5314|INFO|TsProgressReader.cs|ReadProgressDelta|75|[Subframes] TS progress delta: DB not found at C:\Users\nicka\AppData\Local\NINA\SchedulerPlugin — Target Scheduler not installed or DB path mismatch.
2026-05-27T23:21:13.5284|INFO|TsProgressReader.cs|ReadProgressDelta|75|[Subframes] TS progress delta: DB not found at C:\Users\nicka\AppData\Local\NINA\SchedulerPlugin — Target Scheduler not installed or DB path mismatch.
2026-05-27T23:23:06.8877|INFO|SequenceItem.cs|Run|254|Finishing Category: Scheduler, Item: TakeExposure, ExposureTime 600, Gain 100, Offset 50, ImageType LIGHT, Binning 1x1
2026-05-27T23:23:06.8880|INFO|MeridianFlipTrigger.cs|ShouldTrigger|265|Meridian Flip - There is still time remaining - max remaining time 11:19:34.6632154, next instruction time 0, next instruction NINA.Plugin.TargetScheduler.Sequencer.PlanSchedulerProgress - and the telescope reports expected pier side pierEast. Automated Flip is not necessary.
2026-05-27T23:23:06.8882|INFO|SequenceItem.cs|Run|208|Starting NINA.Plugin.TargetScheduler.Sequencer.PlanSchedulerProgress
2026-05-27T23:23:06.8882|INFO|SequenceItem.cs|Run|254|Finishing NINA.Plugin.TargetScheduler.Sequencer.PlanSchedulerProgress
2026-05-27T23:23:08.4367|INFO|HocusFocusStarDetection.cs|Detect|413|Average HFR: 1.8492880834303258, HFR MAD: 0.19514751564329674, Detected Stars 306, Region: 0
2026-05-27T23:23:09.1289|INFO|BaseImageData.cs|SaveToDisk|346|Saved image to C:\ASTROIMAGES\NINA\2026-05-27\M 51\LIGHT\H\2026-05-27_23-13-05_M 51_LIGHT_H_-5.00C_G100-Exp-600.00s_MAXRMS-D0.78-R0.94_M-64.11_RMS-0.37_HFR-1.85_F-0007.fits
2026-05-27T23:23:09.1290|INFO|ImageSaveController.cs|DoWork|97|Successfully saved file at C:\ASTROIMAGES\NINA\2026-05-27\M 51\LIGHT\H\2026-05-27_23-13-05_M 51_LIGHT_H_-5.00C_G100-Exp-600.00s_MAXRMS-D0.78-R0.94_M-64.11_RMS-0.37_HFR-1.85_F-0007.fits. Duration Total: 00:00:02.2413211; BeforeSave: 00:00:00.0001836; BeforeFinalizeImageSaved: 00:00:01.9159082; FinalizeSaveTime: 00:00:00.3252284
2026-05-27T23:23:09.6582|WARNING|SessionMetaDataWatcher.cs|WriteAcquisitionMetaData|73|acquisition file already exists, will not overwrite: C:\ASTROIMAGES\NINA\2026-05-27\M 51\LIGHT\H\metadata\AcquisitionDetails.csv
2026-05-27T23:23:09.6585|WARNING|SessionMetaDataWatcher.cs|WriteAcquisitionMetaData|93|acquisition file already exists, will not overwrite: C:\ASTROIMAGES\NINA\2026-05-27\M 51\LIGHT\H\metadata\AcquisitionDetails.json
2026-05-27T23:23:09.6588|INFO|SessionMetaDataWatcher.cs|WriteImageMetaData|105|Writing CSV image metadata: C:\ASTROIMAGES\NINA\2026-05-27\M 51\LIGHT\H\metadata\ImageMetaData.csv
2026-05-27T23:23:09.6894|INFO|SessionMetaDataWatcher.cs|WriteImageMetaData|122|Writing JSON image metadata: C:\ASTROIMAGES\NINA\2026-05-27\M 51\LIGHT\H\metadata\ImageMetaData.json
2026-05-27T23:23:09.7016|INFO|SessionMetaDataWatcher.cs|WriteWeatherMetaData|169|Writing CSV weather metadata: C:\ASTROIMAGES\NINA\2026-05-27\M 51\LIGHT\H\metadata\WeatherData.csv
2026-05-27T23:23:09.7172|INFO|SessionMetaDataWatcher.cs|WriteWeatherMetaData|186|Writing JSON weather metadata: C:\ASTROIMAGES\NINA\2026-05-27\M 51\LIGHT\H\metadata\WeatherData.json
2026-05-27T23:23:09.7187|INFO|SessionService.cs|OnTargetDetectedAsync|663|[Subframes] Target detected: 'M51' (was 'M51')
2026-05-27T23:23:09.7532|INFO|SubframesClient.cs|StartTargetAsync|316|[Subframes] Target started:  name='M51'
2026-05-27T23:23:09.7533|WARNING|SessionService.cs|StartTargetAsync|559|[Subframes] StartTarget failed — cached locally as f8276155-f34a-43ff-9a2f-e6d3ba500e1d for replay.
2026-05-27T23:23:10.4461|INFO|MeridianFlipTrigger.cs|ShouldTrigger|265|Meridian Flip - There is still time remaining - max remaining time 11:19:30.6724617, next instruction time 0, next instruction Category: Powerups (Fun-ctions), Item: GSSend - and the telescope reports expected pier side pierEast. Automated Flip is not necessary.
2026-05-27T23:23:10.4462|INFO|SequenceItem.cs|Run|208|Starting Category: Powerups (Fun-ctions), Item: GSSend
2026-05-27T23:23:10.4465|INFO|SendWithGS.cs|ProcessedScript|64|Replacing Image_ExposureTime with 600
2026-05-27T23:23:10.4467|INFO|SendWithGS.cs|ProcessedScript|64|Replacing Image_HFR with 1.849
2026-05-27T23:23:10.4468|INFO|SendWithGS.cs|ProcessedScript|64|Replacing Image_FWHM with 6.94
2026-05-27T23:23:10.4469|INFO|SendWithGS.cs|ProcessedScript|64|Replacing Altitude with 72.90559250539239
2026-05-27T23:23:10.4469|INFO|SendWithGS.cs|Execute|95|Sending to Ground Station: Exp: $$FWHEEL_FILTER_NAME$$ on $$TARGET_NAME$$ EXP: 600 HFR: 1.849 FWHM: 6.94  Altitude: 72.90559250539239 
2026-05-27T23:23:10.4481|INFO|SequenceItem.cs|Run|208|Starting Category: Ground Station, Item: Send to Telegram
2026-05-27T23:23:10.4912|INFO|SyncEngine.cs|SyncPendingFramesAsync|142|[Subframes] SyncEngine: synced 1 frames for session 488ed467-5289-4740-b683-e0aa7c3efabe (accepted=1)
2026-05-27T23:23:11.1250|INFO|SequenceItem.cs|Run|254|Finishing Category: Ground Station, Item: Send to Telegram
2026-05-27T23:23:11.1262|INFO|SequenceItem.cs|Run|254|Finishing Category: Powerups (Fun-ctions), Item: GSSend
2026-05-27T23:23:11.1265|INFO|MeridianFlipTrigger.cs|ShouldTrigger|265|Meridian Flip - There is still time remaining - max remaining time 11:19:30.6724617, next instruction time 0, next instruction Category: Powerups (Fun-ctions), Item: GSSend - and the telescope reports expected pier side pierEast. Automated Flip is not necessary.
2026-05-27T23:23:11.1266|INFO|SequenceItem.cs|Run|208|Starting Category: Powerups (Fun-ctions), Item: GSSend
2026-05-27T23:23:11.1269|INFO|SendWithGS.cs|ProcessedScript|64|Replacing Image_ExposureTime with 600
2026-05-27T23:23:11.1270|INFO|SendWithGS.cs|ProcessedScript|64|Replacing Image_HFR with 1.849
2026-05-27T23:23:11.1272|INFO|SendWithGS.cs|ProcessedScript|64|Replacing Image_FWHM with 6.94
2026-05-27T23:23:11.1273|INFO|SendWithGS.cs|ProcessedScript|64|Replacing Altitude with 72.90559250539239
2026-05-27T23:23:11.1273|INFO|SendWithGS.cs|Execute|95|Sending to Ground Station: Exp: $$FWHEEL_FILTER_NAME$$ on $$TARGET_NAME$$ EXP: 600 HFR: 1.849 FWHM: 6.94  Altitude: 72.90559250539239 
2026-05-27T23:23:11.1285|INFO|SequenceItem.cs|Run|208|Starting Category: Ground Station, Item: Send to Pushover, Title: IMAGE: $$TARGET_NAME$$
2026-05-27T23:23:11.3132|INFO|SequenceItem.cs|Run|254|Finishing Category: Ground Station, Item: Send to Pushover, Title: IMAGE: $$TARGET_NAME$$
2026-05-27T23:23:11.3146|INFO|SequenceItem.cs|Run|254|Finishing Category: Powerups (Fun-ctions), Item: GSSend
2026-05-27T23:23:11.5623|INFO|Symbol.cs|OnMessageReceived|627|Received message from Target Scheduler re: TargetScheduler-TargetStart
2026-05-27T23:23:11.5623|INFO|Symbol.cs|OnMessageReceived|635|TS_TargetName = M 51
2026-05-27T23:23:11.5624|INFO|Symbol.cs|OnMessageReceived|636|Expires at 05/28/2026 03:57:35 -05:00
2026-05-27T23:23:11.5624|INFO|Symbol.cs|OnMessageReceived|627|Received message from Target Scheduler re: TargetScheduler-TargetStart
2026-05-27T23:23:11.5624|INFO|Symbol.cs|OnMessageReceived|635|TS_TargetName = M 51
2026-05-27T23:23:11.5624|INFO|Symbol.cs|OnMessageReceived|636|Expires at 05/28/2026 03:57:35 -05:00
2026-05-27T23:23:11.5629|INFO|MeridianFlipTrigger.cs|ShouldTrigger|265|Meridian Flip - There is still time remaining - max remaining time 11:19:30.6724617, next instruction time 0, next instruction NINA.Plugin.TargetScheduler.Sequencer.PlanSchedulerProgress - and the telescope reports expected pier side pierEast. Automated Flip is not necessary.
2026-05-27T23:23:11.5629|INFO|SequenceItem.cs|Run|208|Starting NINA.Plugin.TargetScheduler.Sequencer.PlanSchedulerProgress
2026-05-27T23:23:11.5630|INFO|SequenceItem.cs|Run|254|Finishing NINA.Plugin.TargetScheduler.Sequencer.PlanSchedulerProgress
2026-05-27T23:23:11.5631|INFO|MeridianFlipTrigger.cs|ShouldTrigger|265|Meridian Flip - There is still time remaining - max remaining time 11:19:30.6724617, next instruction time 0, next instruction Category: Scheduler, Item: SwitchFilter, Filter: H - and the telescope reports expected pier side pierEast. Automated Flip is not necessary.
2026-05-27T23:23:11.5632|INFO|SequenceItem.cs|Run|208|Starting Category: Scheduler, Item: SwitchFilter, Filter: H
2026-05-27T23:23:11.5879|INFO|SequenceItem.cs|Run|254|Finishing Category: Scheduler, Item: SwitchFilter, Filter: H
2026-05-27T23:23:11.5882|INFO|MeridianFlipTrigger.cs|ShouldTrigger|265|Meridian Flip - There is still time remaining - max remaining time 11:19:30.6724617, next instruction time 0, next instruction NINA.Plugin.TargetScheduler.Sequencer.PlanSchedulerProgress - and the telescope reports expected pier side pierEast. Automated Flip is not necessary.
2026-05-27T23:23:11.5883|INFO|SequenceItem.cs|Run|208|Starting NINA.Plugin.TargetScheduler.Sequencer.PlanSchedulerProgress
2026-05-27T23:23:11.5883|INFO|SequenceItem.cs|Run|254|Finishing NINA.Plugin.TargetScheduler.Sequencer.PlanSchedulerProgress
2026-05-27T23:23:11.6133|INFO|MeridianFlipTrigger.cs|ShouldTrigger|265|Meridian Flip - There is still time remaining - max remaining time 11:19:30.6724617, next instruction time 0, next instruction Category: Scheduler, Item: SetReadoutMode, Mode: 0 - and the telescope reports expected pier side pierEast. Automated Flip is not necessary.
2026-05-27T23:23:11.6134|INFO|SequenceItem.cs|Run|208|Starting Category: Scheduler, Item: SetReadoutMode, Mode: 0
2026-05-27T23:23:11.6392|INFO|SequenceItem.cs|Run|254|Finishing Category: Scheduler, Item: SetReadoutMode, Mode: 0
2026-05-27T23:23:11.6395|INFO|MeridianFlipTrigger.cs|ShouldTrigger|265|Meridian Flip - There is still time remaining - max remaining time 11:19:30.6724617, next instruction time 0, next instruction NINA.Plugin.TargetScheduler.Sequencer.PlanSchedulerProgress - and the telescope reports expected pier side pierEast. Automated Flip is not necessary.
2026-05-27T23:23:11.6396|INFO|SequenceItem.cs|Run|208|Starting NINA.Plugin.TargetScheduler.Sequencer.PlanSchedulerProgress
2026-05-27T23:23:11.6754|INFO|SequenceItem.cs|Run|254|Finishing NINA.Plugin.TargetScheduler.Sequencer.PlanSchedulerProgress
2026-05-27T23:23:11.7020|INFO|MeridianFlipTrigger.cs|ShouldTrigger|265|Meridian Flip - There is still time remaining - max remaining time 11:19:30.6724617, next instruction time 600, next instruction Category: Scheduler, Item: TakeExposure, ExposureTime 600, Gain 100, Offset 50, ImageType LIGHT, Binning 1x1 - and the telescope reports expected pier side pierEast. Automated Flip is not necessary.
2026-05-27T23:23:11.7020|INFO|DIYTrigger.cs|ShouldTrigger|109|DIY Trigger Restore Guiding ShouldTrigger returning true
2026-05-27T23:23:11.7021|INFO|SequenceTrigger.cs|Run|114|Starting Category: Powerups (Misc), Item: DIYTrigger
2026-05-27T23:23:11.7048|INFO|DIYTrigger.cs|Execute|95|DIY Trigger executing...
2026-05-27T23:23:11.7050|INFO|SequenceItem.cs|Run|208|Starting Category: * Instruction Set *, Container: NINA.Sequencer.Container.SequentialContainer, Strategy: SequentialStrategy, Items[CREATED]: 1, Triggers: Trigger: RestoreGuiding
2026-05-27T23:23:11.7053|INFO|MeridianFlipTrigger.cs|ShouldTrigger|265|Meridian Flip - There is still time remaining - max remaining time 11:19:30.6724617, next instruction time 0, next instruction Category: Powerups (Expressions), Item: IfFailed - and the telescope reports expected pier side pierEast. Automated Flip is not necessary.
2026-05-27T23:23:11.7054|INFO|SequenceItem.cs|Run|208|Starting Category: Powerups (Expressions), Item: IfFailed
2026-05-27T23:23:11.7054|INFO|SequenceItem.cs|Run|208|Starting Category: Guider, Item: StartGuiding
2026-05-27T23:23:11.7100|INFO|PHD2Guider.cs|StartGuidingPrivate|504|Phd2 - App is already guiding. Skipping start guiding
2026-05-27T23:23:11.7102|INFO|SequenceItem.cs|Run|254|Finishing Category: Guider, Item: StartGuiding
2026-05-27T23:23:11.7103|INFO|SequenceItem.cs|Run|254|Finishing Category: Powerups (Expressions), Item: IfFailed
2026-05-27T23:23:11.7104|INFO|SequenceItem.cs|Run|254|Finishing Category: * Instruction Set *, Container: NINA.Sequencer.Container.SequentialContainer, Strategy: SequentialStrategy, Items[FINISHED]: 1, Triggers: Trigger: RestoreGuiding
2026-05-27T23:23:11.7332|INFO|SequenceItem.cs|Run|208|Starting Category: Scheduler, Item: TakeExposure, ExposureTime 600, Gain 100, Offset 50, ImageType LIGHT, Binning 1x1
2026-05-27T23:23:11.7383|INFO|CameraVM.cs|Capture|742|Starting Exposure - Exposure Time: 600s; Filter: ; Gain: 100; Offset 50; Binning: 1x1;
2026-05-27T23:23:11.7763|INFO|StarfrontClient.cs|SendImageFile|249|[Rockwood] sent 2026-05-27_23-13-05_M 51_LIGHT_H_-5.00C_G100-Exp-600.00s_MAXRMS-D0.78-R0.94_M-64.11_RMS-0.37_HFR-1.85_F-0007.fits (20KB) object=M 51 exptime=600s filter=H
2026-05-27T23:23:14.8785|WARNING|TsPreviewClient.cs|FetchPreviewAsync|161|[Subframes] TsPreviewClient.FetchPreviewAsync failed for profile '533M-AT60' (0173997c-4bfa-48fd-9337-a48b6df99c38): TaskCanceledException: The request was canceled due to the configured HttpClient.Timeout of 5 seconds elapsing.
2026-05-27T23:26:13.5261|INFO|TsProgressReader.cs|ReadProgressDelta|75|[Subframes] TS progress delta: DB not found at C:\Users\nicka\AppData\Local\NINA\SchedulerPlugin — Target Scheduler not installed or DB path mismatch.
2026-05-27T23:31:13.5317|INFO|TsProgressReader.cs|ReadProgressDelta|75|[Subframes] TS progress delta: DB not found at C:\Users\nicka\AppData\Local\NINA\SchedulerPlugin — Target Scheduler not installed or DB path mismatch.
2026-05-27T23:33:13.6394|INFO|SequenceItem.cs|Run|254|Finishing Category: Scheduler, Item: TakeExposure, ExposureTime 600, Gain 100, Offset 50, ImageType LIGHT, Binning 1x1
2026-05-27T23:33:13.6398|INFO|MeridianFlipTrigger.cs|ShouldTrigger|265|Meridian Flip - There is still time remaining - max remaining time 11:09:27.3376329, next instruction time 0, next instruction NINA.Plugin.TargetScheduler.Sequencer.PlanSchedulerProgress - and the telescope reports expected pier side pierEast. Automated Flip is not necessary.
2026-05-27T23:33:13.6399|INFO|SequenceItem.cs|Run|208|Starting NINA.Plugin.TargetScheduler.Sequencer.PlanSchedulerProgress
2026-05-27T23:33:13.6400|INFO|SequenceItem.cs|Run|254|Finishing NINA.Plugin.TargetScheduler.Sequencer.PlanSchedulerProgress
2026-05-27T23:33:15.0686|INFO|HocusFocusStarDetection.cs|Detect|413|Average HFR: 1.8327502856070952, HFR MAD: 0.19489343805900494, Detected Stars 307, Region: 0
2026-05-27T23:33:16.0944|INFO|BaseImageData.cs|SaveToDisk|346|Saved image to C:\ASTROIMAGES\NINA\2026-05-27\M 51\LIGHT\H\2026-05-27_23-23-11_M 51_LIGHT_H_-5.00C_G100-Exp-600.00s_MAXRMS-D1.38-R0.72_M-64.15_RMS-0.38_HFR-1.83_F-0008.fits
2026-05-27T23:33:16.0945|INFO|ImageSaveController.cs|DoWork|97|Successfully saved file at C:\ASTROIMAGES\NINA\2026-05-27\M 51\LIGHT\H\2026-05-27_23-23-11_M 51_LIGHT_H_-5.00C_G100-Exp-600.00s_MAXRMS-D1.38-R0.72_M-64.15_RMS-0.38_HFR-1.83_F-0008.fits. Duration Total: 00:00:02.4548576; BeforeSave: 00:00:00.0000629; BeforeFinalizeImageSaved: 00:00:02.1062541; FinalizeSaveTime: 00:00:00.3485399
2026-05-27T23:33:16.6216|WARNING|SessionMetaDataWatcher.cs|WriteAcquisitionMetaData|73|acquisition file already exists, will not overwrite: C:\ASTROIMAGES\NINA\2026-05-27\M 51\LIGHT\H\metadata\AcquisitionDetails.csv
2026-05-27T23:33:16.6217|WARNING|SessionMetaDataWatcher.cs|WriteAcquisitionMetaData|93|acquisition file already exists, will not overwrite: C:\ASTROIMAGES\NINA\2026-05-27\M 51\LIGHT\H\metadata\AcquisitionDetails.json
2026-05-27T23:33:16.6220|INFO|SessionMetaDataWatcher.cs|WriteImageMetaData|105|Writing CSV image metadata: C:\ASTROIMAGES\NINA\2026-05-27\M 51\LIGHT\H\metadata\ImageMetaData.csv
2026-05-27T23:33:16.6490|INFO|SessionMetaDataWatcher.cs|WriteImageMetaData|122|Writing JSON image metadata: C:\ASTROIMAGES\NINA\2026-05-27\M 51\LIGHT\H\metadata\ImageMetaData.json
2026-05-27T23:33:16.6514|INFO|SessionMetaDataWatcher.cs|WriteWeatherMetaData|169|Writing CSV weather metadata: C:\ASTROIMAGES\NINA\2026-05-27\M 51\LIGHT\H\metadata\WeatherData.csv
2026-05-27T23:33:16.6680|INFO|SessionMetaDataWatcher.cs|WriteWeatherMetaData|186|Writing JSON weather metadata: C:\ASTROIMAGES\NINA\2026-05-27\M 51\LIGHT\H\metadata\WeatherData.json
2026-05-27T23:33:16.6696|INFO|SessionService.cs|OnTargetDetectedAsync|663|[Subframes] Target detected: 'M51' (was 'M51')
2026-05-27T23:33:16.7874|INFO|SubframesClient.cs|StartTargetAsync|316|[Subframes] Target started:  name='M51'
2026-05-27T23:33:16.7875|WARNING|SessionService.cs|StartTargetAsync|559|[Subframes] StartTarget failed — cached locally as 129237f2-07a3-472a-af2d-9b3a2cc7e73a for replay.
2026-05-27T23:33:17.3783|INFO|MeridianFlipTrigger.cs|ShouldTrigger|265|Meridian Flip - There is still time remaining - max remaining time 11:09:23.0647781, next instruction time 0, next instruction Category: Powerups (Fun-ctions), Item: GSSend - and the telescope reports expected pier side pierEast. Automated Flip is not necessary.
2026-05-27T23:33:17.3783|INFO|SequenceItem.cs|Run|208|Starting Category: Powerups (Fun-ctions), Item: GSSend
2026-05-27T23:33:17.3787|INFO|SendWithGS.cs|ProcessedScript|64|Replacing Image_ExposureTime with 600
2026-05-27T23:33:17.3788|INFO|SendWithGS.cs|ProcessedScript|64|Replacing Image_HFR with 1.833
2026-05-27T23:33:17.3789|INFO|SendWithGS.cs|ProcessedScript|64|Replacing Image_FWHM with 6.87
2026-05-27T23:33:17.3790|INFO|SendWithGS.cs|ProcessedScript|64|Replacing Altitude with 72.00566786118898
2026-05-27T23:33:17.3790|INFO|SendWithGS.cs|Execute|95|Sending to Ground Station: Exp: $$FWHEEL_FILTER_NAME$$ on $$TARGET_NAME$$ EXP: 600 HFR: 1.833 FWHM: 6.87  Altitude: 72.00566786118898 
2026-05-27T23:33:17.3803|INFO|SequenceItem.cs|Run|208|Starting Category: Ground Station, Item: Send to Telegram
2026-05-27T23:33:18.1562|INFO|SequenceItem.cs|Run|254|Finishing Category: Ground Station, Item: Send to Telegram
2026-05-27T23:33:18.1575|INFO|SequenceItem.cs|Run|254|Finishing Category: Powerups (Fun-ctions), Item: GSSend
2026-05-27T23:33:18.1579|INFO|MeridianFlipTrigger.cs|ShouldTrigger|265|Meridian Flip - There is still time remaining - max remaining time 11:09:23.0647781, next instruction time 0, next instruction Category: Powerups (Fun-ctions), Item: GSSend - and the telescope reports expected pier side pierEast. Automated Flip is not necessary.
2026-05-27T23:33:18.1579|INFO|SequenceItem.cs|Run|208|Starting Category: Powerups (Fun-ctions), Item: GSSend
2026-05-27T23:33:18.1582|INFO|SendWithGS.cs|ProcessedScript|64|Replacing Image_ExposureTime with 600
2026-05-27T23:33:18.1583|INFO|SendWithGS.cs|ProcessedScript|64|Replacing Image_HFR with 1.833
2026-05-27T23:33:18.1584|INFO|SendWithGS.cs|ProcessedScript|64|Replacing Image_FWHM with 6.87
2026-05-27T23:33:18.1585|INFO|SendWithGS.cs|ProcessedScript|64|Replacing Altitude with 72.00566786118898
2026-05-27T23:33:18.1586|INFO|SendWithGS.cs|Execute|95|Sending to Ground Station: Exp: $$FWHEEL_FILTER_NAME$$ on $$TARGET_NAME$$ EXP: 600 HFR: 1.833 FWHM: 6.87  Altitude: 72.00566786118898 
2026-05-27T23:33:18.1598|INFO|SequenceItem.cs|Run|208|Starting Category: Ground Station, Item: Send to Pushover, Title: IMAGE: $$TARGET_NAME$$
2026-05-27T23:33:18.3238|INFO|SequenceItem.cs|Run|254|Finishing Category: Ground Station, Item: Send to Pushover, Title: IMAGE: $$TARGET_NAME$$
2026-05-27T23:33:18.3253|INFO|SequenceItem.cs|Run|254|Finishing Category: Powerups (Fun-ctions), Item: GSSend
2026-05-27T23:33:18.5466|INFO|Symbol.cs|OnMessageReceived|627|Received message from Target Scheduler re: TargetScheduler-TargetStart
2026-05-27T23:33:18.5467|INFO|Symbol.cs|OnMessageReceived|635|TS_TargetName = M 51
2026-05-27T23:33:18.5467|INFO|Symbol.cs|OnMessageReceived|636|Expires at 05/28/2026 03:57:35 -05:00
2026-05-27T23:33:18.5467|INFO|Symbol.cs|OnMessageReceived|627|Received message from Target Scheduler re: TargetScheduler-TargetStart
2026-05-27T23:33:18.5468|INFO|Symbol.cs|OnMessageReceived|635|TS_TargetName = M 51
2026-05-27T23:33:18.5468|INFO|Symbol.cs|OnMessageReceived|636|Expires at 05/28/2026 03:57:35 -05:00
2026-05-27T23:33:18.5472|INFO|MeridianFlipTrigger.cs|ShouldTrigger|265|Meridian Flip - There is still time remaining - max remaining time 11:09:21.3654793, next instruction time 0, next instruction NINA.Plugin.TargetScheduler.Sequencer.PlanSchedulerProgress - and the telescope reports expected pier side pierEast. Automated Flip is not necessary.
2026-05-27T23:33:18.5473|INFO|SequenceItem.cs|Run|208|Starting NINA.Plugin.TargetScheduler.Sequencer.PlanSchedulerProgress
2026-05-27T23:33:18.5473|INFO|SequenceItem.cs|Run|254|Finishing NINA.Plugin.TargetScheduler.Sequencer.PlanSchedulerProgress
2026-05-27T23:33:18.5475|INFO|MeridianFlipTrigger.cs|ShouldTrigger|265|Meridian Flip - There is still time remaining - max remaining time 11:09:21.3654793, next instruction time 0, next instruction Category: Scheduler, Item: SwitchFilter, Filter: H - and the telescope reports expected pier side pierEast. Automated Flip is not necessary.
2026-05-27T23:33:18.5476|INFO|SequenceItem.cs|Run|208|Starting Category: Scheduler, Item: SwitchFilter, Filter: H
2026-05-27T23:33:18.5584|INFO|SequenceItem.cs|Run|254|Finishing Category: Scheduler, Item: SwitchFilter, Filter: H
2026-05-27T23:33:18.5588|INFO|MeridianFlipTrigger.cs|ShouldTrigger|265|Meridian Flip - There is still time remaining - max remaining time 11:09:21.3654793, next instruction time 0, next instruction NINA.Plugin.TargetScheduler.Sequencer.PlanSchedulerProgress - and the telescope reports expected pier side pierEast. Automated Flip is not necessary.
2026-05-27T23:33:18.5589|INFO|SequenceItem.cs|Run|208|Starting NINA.Plugin.TargetScheduler.Sequencer.PlanSchedulerProgress
2026-05-27T23:33:18.5590|INFO|SequenceItem.cs|Run|254|Finishing NINA.Plugin.TargetScheduler.Sequencer.PlanSchedulerProgress
2026-05-27T23:33:18.5591|INFO|MeridianFlipTrigger.cs|ShouldTrigger|265|Meridian Flip - There is still time remaining - max remaining time 11:09:21.3654793, next instruction time 0, next instruction Category: Scheduler, Item: SetReadoutMode, Mode: 0 - and the telescope reports expected pier side pierEast. Automated Flip is not necessary.
2026-05-27T23:33:18.5592|INFO|SequenceItem.cs|Run|208|Starting Category: Scheduler, Item: SetReadoutMode, Mode: 0
2026-05-27T23:33:18.5593|INFO|SequenceItem.cs|Run|254|Finishing Category: Scheduler, Item: SetReadoutMode, Mode: 0
2026-05-27T23:33:18.5594|INFO|MeridianFlipTrigger.cs|ShouldTrigger|265|Meridian Flip - There is still time remaining - max remaining time 11:09:21.3654793, next instruction time 0, next instruction NINA.Plugin.TargetScheduler.Sequencer.PlanSchedulerProgress - and the telescope reports expected pier side pierEast. Automated Flip is not necessary.
2026-05-27T23:33:18.5594|INFO|SequenceItem.cs|Run|208|Starting NINA.Plugin.TargetScheduler.Sequencer.PlanSchedulerProgress
2026-05-27T23:33:18.5751|INFO|SequenceItem.cs|Run|254|Finishing NINA.Plugin.TargetScheduler.Sequencer.PlanSchedulerProgress
2026-05-27T23:33:18.6097|INFO|MeridianFlipTrigger.cs|ShouldTrigger|265|Meridian Flip - There is still time remaining - max remaining time 11:09:21.3654793, next instruction time 600, next instruction Category: Scheduler, Item: TakeExposure, ExposureTime 600, Gain 100, Offset 50, ImageType LIGHT, Binning 1x1 - and the telescope reports expected pier side pierEast. Automated Flip is not necessary.
2026-05-27T23:33:18.6097|INFO|DIYTrigger.cs|ShouldTrigger|109|DIY Trigger Restore Guiding ShouldTrigger returning true
2026-05-27T23:33:18.6098|INFO|SequenceTrigger.cs|Run|114|Starting Category: Powerups (Misc), Item: DIYTrigger
2026-05-27T23:33:18.6359|INFO|DIYTrigger.cs|Execute|95|DIY Trigger executing...
2026-05-27T23:33:18.6361|INFO|SequenceItem.cs|Run|208|Starting Category: * Instruction Set *, Container: NINA.Sequencer.Container.SequentialContainer, Strategy: SequentialStrategy, Items[CREATED]: 1, Triggers: Trigger: RestoreGuiding
2026-05-27T23:33:18.6713|INFO|MeridianFlipTrigger.cs|ShouldTrigger|265|Meridian Flip - There is still time remaining - max remaining time 11:09:21.3654793, next instruction time 0, next instruction Category: Powerups (Expressions), Item: IfFailed - and the telescope reports expected pier side pierEast. Automated Flip is not necessary.
2026-05-27T23:33:18.6714|INFO|SequenceItem.cs|Run|208|Starting Category: Powerups (Expressions), Item: IfFailed
2026-05-27T23:33:18.6714|INFO|SequenceItem.cs|Run|208|Starting Category: Guider, Item: StartGuiding
2026-05-27T23:33:18.6765|INFO|PHD2Guider.cs|StartGuidingPrivate|504|Phd2 - App is already guiding. Skipping start guiding
2026-05-27T23:33:18.6767|INFO|SequenceItem.cs|Run|254|Finishing Category: Guider, Item: StartGuiding
2026-05-27T23:33:18.6768|INFO|SequenceItem.cs|Run|254|Finishing Category: Powerups (Expressions), Item: IfFailed
2026-05-27T23:33:18.6770|INFO|SequenceItem.cs|Run|254|Finishing Category: * Instruction Set *, Container: NINA.Sequencer.Container.SequentialContainer, Strategy: SequentialStrategy, Items[FINISHED]: 1, Triggers: Trigger: RestoreGuiding
2026-05-27T23:33:18.6798|INFO|SequenceTrigger.cs|Run|114|Starting Trigger: AutofocusAfterTemperatureChangeTrigger, Amount: 1.5°
2026-05-27T23:33:18.6801|INFO|SequenceItem.cs|Run|208|Starting Category: * Instruction Set *, Container: NINA.Sequencer.Container.SequentialContainer, Strategy: SequentialStrategy, Items[CREATED]: 1
2026-05-27T23:33:18.6803|INFO|SequenceItem.cs|Run|208|Starting Category: Focuser, Item: RunAutofocus
2026-05-27T23:33:18.8904|INFO|FocuserMediator.cs|BroadcastAutoFocusRunStarting|92|Autofocus starting notification received
2026-05-27T23:33:19.3404|INFO|StarfrontClient.cs|SendImageFile|249|[Rockwood] sent 2026-05-27_23-23-11_M 51_LIGHT_H_-5.00C_G100-Exp-600.00s_MAXRMS-D1.38-R0.72_M-64.15_RMS-0.38_HFR-1.83_F-0008.fits (20KB) object=M 51 exptime=600s filter=H
2026-05-27T23:33:19.6495|INFO|PHD2Client.cs|ProcessEvent|268|PHD2: ConfigurationChange
2026-05-27T23:33:19.6578|WARNING|PHD2Client.cs|ProcessEvent|252|PHD2: LockPositionLost
2026-05-27T23:33:19.7443|INFO|PHD2Client.cs|QueryExposureTime|1216|PHD2Client: Exposure time from PHD2 API: 2.000 seconds (2000 ms)
2026-05-27T23:33:19.9113|INFO|FilterWheelVM.cs|ChangeFilter|112|Moving to Filter L at Position 0
2026-05-27T23:33:20.1146|INFO|FocuserVM.cs|MoveFocuserInternal|216|Moving Focuser to position 387320
2026-05-27T23:33:21.8303|WARNING|TsPreviewClient.cs|FetchPreviewAsync|161|[Subframes] TsPreviewClient.FetchPreviewAsync failed for profile '533M-AT60' (0173997c-4bfa-48fd-9337-a48b6df99c38): TaskCanceledException: The request was canceled due to the configured HttpClient.Timeout of 5 seconds elapsing.
2026-05-27T23:33:28.7954|INFO|AutoFocusEngine.cs|RunAutoFocus|929|Starting AutoFocus with initial position 387320
2026-05-27T23:33:28.8017|INFO|CameraVM.cs|Capture|742|Starting Exposure - Exposure Time: 3s; Filter: L; Gain: 270; Offset 50; Binning: 1x1;
2026-05-27T23:33:33.4625|INFO|AutoFocusEngine.cs|StartBlindFocusPoints|769|Waiting on initial HFR analysis
2026-05-27T23:33:33.4643|INFO|FocuserVM.cs|MoveFocuserInternal|216|Moving Focuser to position 387456
2026-05-27T23:33:34.9784|INFO|HocusFocusStarDetection.cs|Detect|413|Average HFR: 1.716545116468836, HFR MAD: 0.14292016457960777, Detected Stars 154, Region: 0
2026-05-27T23:33:38.8243|INFO|CameraVM.cs|Capture|742|Starting Exposure - Exposure Time: 3s; Filter: L; Gain: 270; Offset 50; Binning: 1x1;
2026-05-27T23:33:40.4797|INFO|SyncEngine.cs|SyncPendingFramesAsync|142|[Subframes] SyncEngine: synced 1 frames for session 488ed467-5289-4740-b683-e0aa7c3efabe (accepted=1)
2026-05-27T23:33:43.4883|INFO|FocuserVM.cs|MoveFocuserInternal|216|Moving Focuser to position 387422
2026-05-27T23:33:44.9760|INFO|HocusFocusStarDetection.cs|Detect|413|Average HFR: 4.513092212453821, HFR MAD: 2.168308694655055, Detected Stars 71, Region: 0
2026-05-27T23:33:52.8006|INFO|CameraVM.cs|Capture|742|Starting Exposure - Exposure Time: 3s; Filter: L; Gain: 270; Offset 50; Binning: 1x1;
2026-05-27T23:33:57.4688|INFO|FocuserVM.cs|MoveFocuserInternal|216|Moving Focuser to position 387388
2026-05-27T23:33:58.9596|INFO|HocusFocusStarDetection.cs|Detect|413|Average HFR: 3.434113932773914, HFR MAD: 1.3248690755381147, Detected Stars 115, Region: 0
2026-05-27T23:34:06.8373|INFO|CameraVM.cs|Capture|742|Starting Exposure - Exposure Time: 3s; Filter: L; Gain: 270; Offset 50; Binning: 1x1;
2026-05-27T23:34:11.4972|INFO|FocuserVM.cs|MoveFocuserInternal|216|Moving Focuser to position 387354
2026-05-27T23:34:12.9789|INFO|HocusFocusStarDetection.cs|Detect|413|Average HFR: 2.7711985291202907, HFR MAD: 0.8589657859906792, Detected Stars 157, Region: 0
2026-05-27T23:34:20.8013|INFO|CameraVM.cs|Capture|742|Starting Exposure - Exposure Time: 3s; Filter: L; Gain: 270; Offset 50; Binning: 1x1;
2026-05-27T23:34:25.4702|INFO|AutoFocusEngine.cs|StartBlindFocusPoints|797|Waiting on initial focuser move analyses
2026-05-27T23:34:26.9662|INFO|HocusFocusStarDetection.cs|Detect|413|Average HFR: 2.0684452080026543, HFR MAD: 0.3721084212290812, Detected Stars 183, Region: 0
2026-05-27T23:34:26.9969|INFO|FocuserVM.cs|MoveFocuserInternal|216|Moving Focuser to position 387320
2026-05-27T23:34:36.8414|INFO|CameraVM.cs|Capture|742|Starting Exposure - Exposure Time: 3s; Filter: L; Gain: 270; Offset 50; Binning: 1x1;
2026-05-27T23:34:41.5039|INFO|AutoFocusEngine.cs|StartBlindFocusPoints|870|Waiting on next left movement analysis
2026-05-27T23:34:42.9797|INFO|HocusFocusStarDetection.cs|Detect|413|Average HFR: 1.7441554271816462, HFR MAD: 0.16207337869171975, Detected Stars 151, Region: 0
2026-05-27T23:34:43.0563|INFO|FocuserVM.cs|MoveFocuserInternal|216|Moving Focuser to position 387286
2026-05-27T23:34:52.7915|INFO|CameraVM.cs|Capture|742|Starting Exposure - Exposure Time: 3s; Filter: L; Gain: 270; Offset 50; Binning: 1x1;
2026-05-27T23:34:57.4599|INFO|AutoFocusEngine.cs|StartBlindFocusPoints|870|Waiting on next left movement analysis
2026-05-27T23:34:58.9432|INFO|HocusFocusStarDetection.cs|Detect|413|Average HFR: 1.8744710638399404, HFR MAD: 0.168949697449336, Detected Stars 213, Region: 0
2026-05-27T23:34:58.9742|INFO|AutoFocusEngine.cs|StartBlindFocusPoints|841|Enough right trend points (4) with an established minimum (387320) to queue remaining left focus points down to 387184
2026-05-27T23:34:58.9759|INFO|FocuserVM.cs|MoveFocuserInternal|216|Moving Focuser to position 387252
2026-05-27T23:35:08.8111|INFO|CameraVM.cs|Capture|742|Starting Exposure - Exposure Time: 3s; Filter: L; Gain: 270; Offset 50; Binning: 1x1;
2026-05-27T23:35:13.4778|INFO|FocuserVM.cs|MoveFocuserInternal|216|Moving Focuser to position 387218
2026-05-27T23:35:14.9552|INFO|HocusFocusStarDetection.cs|Detect|413|Average HFR: 2.775035161846219, HFR MAD: 0.3052064169843983, Detected Stars 206, Region: 0
2026-05-27T23:35:22.8187|INFO|CameraVM.cs|Capture|742|Starting Exposure - Exposure Time: 3s; Filter: L; Gain: 270; Offset 50; Binning: 1x1;
2026-05-27T23:35:27.4777|INFO|FocuserVM.cs|MoveFocuserInternal|216|Moving Focuser to position 387184
2026-05-27T23:35:28.9494|INFO|HocusFocusStarDetection.cs|Detect|413|Average HFR: 4.26401886671716, HFR MAD: 0.32305340419881995, Detected Stars 133, Region: 0
2026-05-27T23:35:36.8399|INFO|CameraVM.cs|Capture|742|Starting Exposure - Exposure Time: 3s; Filter: L; Gain: 270; Offset 50; Binning: 1x1;
2026-05-27T23:35:41.5055|INFO|AutoFocusEngine.cs|StartBlindFocusPoints|896|Waiting on remaining AutoFocus analysis tasks
2026-05-27T23:35:42.9714|INFO|HocusFocusStarDetection.cs|Detect|413|Average HFR: 5.973779141085505, HFR MAD: 0.36503459797858057, Detected Stars 79, Region: 0
2026-05-27T23:35:43.0419|INFO|FocuserVM.cs|MoveFocuserInternal|216|Moving Focuser to position 387305
2026-05-27T23:35:48.8240|INFO|AutoFocusEngine.cs|ValidateCalculatedFocusPosition|1141|Validating HFR at final focus position 387305
2026-05-27T23:35:48.8317|INFO|CameraVM.cs|Capture|742|Starting Exposure - Exposure Time: 3s; Filter: L; Gain: 270; Offset 50; Binning: 1x1;
2026-05-27T23:35:54.9708|INFO|HocusFocusStarDetection.cs|Detect|413|Average HFR: 1.7470017096951225, HFR MAD: 0.13160616295910615, Detected Stars 171, Region: 0
2026-05-27T23:35:54.9712|INFO|HocusFocusVM.cs|AutoFocusEngine_Completed|472|AutoFocus completed with focuser starting at 387320 and ending at 387305
2026-05-27T23:35:54.9728|INFO|FocuserMediator.cs|BroadcastSuccessfulAutoFocusRun|46|Autofocus notification received - Temperature 26.309999465942383
2026-05-27T23:35:54.9849|INFO|SessionEventCollector.cs|SaveEvent|128|NightSummary: Event logged — AutoFocus: AutoFocus completed — Filter: L, Temp: 26.3°C, Position: 387305.47313531913
2026-05-27T23:35:54.9854|INFO|SessionService.cs|UpdateEndAutoFocusRun|1500|[Subframes] UpdateEndAutoFocusRun called: session=488ed467-5289-4740-b683-e0aa7c3efabe filter=L position=387305.47313531913 — posting autofocus event
2026-05-27T23:35:54.9867|INFO|FilterWheelVM.cs|ChangeFilter|112|Moving to Filter H at Position 5
2026-05-27T23:35:55.1928|INFO|FocuserVM.cs|MoveFocuserInternal|216|Moving Focuser to position 387327
2026-05-27T23:35:58.7985|INFO|PHD2Guider.cs|TryStartGuideCommand|641|Phd2 - Requesting to start guiding. Recalibrate: False
2026-05-27T23:36:06.0077|INFO|PHD2Client.cs|ProcessEvent|261|PHD2: StartGuiding
2026-05-27T23:36:06.0078|INFO|PHD2Client.cs|StartNewGuidingSession|393|PHD2Client: New guiding session started
2026-05-27T23:36:06.0172|INFO|PHD2Client.cs|QueryExposureTime|1216|PHD2Client: Exposure time from PHD2 API: 2.000 seconds (2000 ms)
2026-05-27T23:36:13.5310|INFO|TsProgressReader.cs|ReadProgressDelta|75|[Subframes] TS progress delta: DB not found at C:\Users\nicka\AppData\Local\NINA\SchedulerPlugin — Target Scheduler not installed or DB path mismatch.
2026-05-27T23:36:28.7610|INFO|PHD2Client.cs|HandleSettleDone|343|PHD2Client: SettleDone - Status=0, Success=True, TotalFrames=10, DroppedFrames=0
2026-05-27T23:36:28.7611|WARNING|DitherStatisticsVM.cs|OnPHD2SettleDone|772|⚠️ SettleDone received but no currentDither exists (race condition?)
2026-05-27T23:36:29.2558|INFO|SequenceItem.cs|Run|254|Finishing Category: Focuser, Item: RunAutofocus
2026-05-27T23:36:29.2561|INFO|SequenceItem.cs|Run|254|Finishing Category: * Instruction Set *, Container: NINA.Sequencer.Container.SequentialContainer, Strategy: SequentialStrategy, Items[FINISHED]: 1
2026-05-27T23:36:29.2563|INFO|SequenceItem.cs|Run|208|Starting Category: Scheduler, Item: TakeExposure, ExposureTime 600, Gain 100, Offset 50, ImageType LIGHT, Binning 1x1
2026-05-27T23:36:29.2618|INFO|CameraVM.cs|Capture|742|Starting Exposure - Exposure Time: 600s; Filter: ; Gain: 100; Offset 50; Binning: 1x1;
2026-05-27T23:41:13.5238|INFO|TsProgressReader.cs|ReadProgressDelta|75|[Subframes] TS progress delta: DB not found at C:\Users\nicka\AppData\Local\NINA\SchedulerPlugin — Target Scheduler not installed or DB path mismatch.
2026-05-27T23:46:10.4817|WARNING|TsPreviewClient.cs|FetchPreviewAsync|161|[Subframes] TsPreviewClient.FetchPreviewAsync failed for profile '533M-AT60' (0173997c-4bfa-48fd-9337-a48b6df99c38): TaskCanceledException: The request was canceled due to the configured HttpClient.Timeout of 5 seconds elapsing.
2026-05-27T23:46:13.5266|INFO|TsProgressReader.cs|ReadProgressDelta|75|[Subframes] TS progress delta: DB not found at C:\Users\nicka\AppData\Local\NINA\SchedulerPlugin — Target Scheduler not installed or DB path mismatch.
2026-05-27T23:46:31.2015|INFO|SequenceItem.cs|Run|254|Finishing Category: Scheduler, Item: TakeExposure, ExposureTime 600, Gain 100, Offset 50, ImageType LIGHT, Binning 1x1
2026-05-27T23:46:31.2019|INFO|MeridianFlipTrigger.cs|ShouldTrigger|265|Meridian Flip - There is still time remaining - max remaining time 10:56:09.3807986, next instruction time 0, next instruction NINA.Plugin.TargetScheduler.Sequencer.PlanSchedulerProgress - and the telescope reports expected pier side pierEast. Automated Flip is not necessary.
2026-05-27T23:46:31.2020|INFO|SequenceItem.cs|Run|208|Starting NINA.Plugin.TargetScheduler.Sequencer.PlanSchedulerProgress
2026-05-27T23:46:31.2020|INFO|SequenceItem.cs|Run|254|Finishing NINA.Plugin.TargetScheduler.Sequencer.PlanSchedulerProgress
2026-05-27T23:46:32.6263|INFO|HocusFocusStarDetection.cs|Detect|413|Average HFR: 1.8317788225589375, HFR MAD: 0.15373997133442807, Detected Stars 348, Region: 0
2026-05-27T23:46:33.3388|INFO|BaseImageData.cs|SaveToDisk|346|Saved image to C:\ASTROIMAGES\NINA\2026-05-27\M 51\LIGHT\H\2026-05-27_23-36-29_M 51_LIGHT_H_-5.00C_G100-Exp-600.00s_MAXRMS-D1.94-R1.68_M-64.19_RMS-0.63_HFR-1.83_F-0009.fits
2026-05-27T23:46:33.3389|INFO|ImageSaveController.cs|DoWork|97|Successfully saved file at C:\ASTROIMAGES\NINA\2026-05-27\M 51\LIGHT\H\2026-05-27_23-36-29_M 51_LIGHT_H_-5.00C_G100-Exp-600.00s_MAXRMS-D1.94-R1.68_M-64.19_RMS-0.63_HFR-1.83_F-0009.fits. Duration Total: 00:00:02.1374028; BeforeSave: 00:00:00.0001753; BeforeFinalizeImageSaved: 00:00:01.8068376; FinalizeSaveTime: 00:00:00.3303894
2026-05-27T23:46:33.8644|WARNING|SessionMetaDataWatcher.cs|WriteAcquisitionMetaData|73|acquisition file already exists, will not overwrite: C:\ASTROIMAGES\NINA\2026-05-27\M 51\LIGHT\H\metadata\AcquisitionDetails.csv
2026-05-27T23:46:33.8646|WARNING|SessionMetaDataWatcher.cs|WriteAcquisitionMetaData|93|acquisition file already exists, will not overwrite: C:\ASTROIMAGES\NINA\2026-05-27\M 51\LIGHT\H\metadata\AcquisitionDetails.json
2026-05-27T23:46:33.8649|INFO|SessionMetaDataWatcher.cs|WriteImageMetaData|105|Writing CSV image metadata: C:\ASTROIMAGES\NINA\2026-05-27\M 51\LIGHT\H\metadata\ImageMetaData.csv
2026-05-27T23:46:33.8961|INFO|SessionMetaDataWatcher.cs|WriteImageMetaData|122|Writing JSON image metadata: C:\ASTROIMAGES\NINA\2026-05-27\M 51\LIGHT\H\metadata\ImageMetaData.json
2026-05-27T23:46:33.8989|INFO|SessionMetaDataWatcher.cs|WriteWeatherMetaData|169|Writing CSV weather metadata: C:\ASTROIMAGES\NINA\2026-05-27\M 51\LIGHT\H\metadata\WeatherData.csv
2026-05-27T23:46:33.9164|INFO|SessionMetaDataWatcher.cs|WriteWeatherMetaData|186|Writing JSON weather metadata: C:\ASTROIMAGES\NINA\2026-05-27\M 51\LIGHT\H\metadata\WeatherData.json
2026-05-27T23:46:33.9179|INFO|SessionService.cs|OnTargetDetectedAsync|663|[Subframes] Target detected: 'M51' (was 'M51')
2026-05-27T23:46:33.9518|INFO|SubframesClient.cs|StartTargetAsync|316|[Subframes] Target started:  name='M51'
2026-05-27T23:46:33.9519|WARNING|SessionService.cs|StartTargetAsync|559|[Subframes] StartTarget failed — cached locally as 29be439b-ddaa-4edf-b8a4-6d90a620825d for replay.
2026-05-27T23:46:34.2444|INFO|MeridianFlipTrigger.cs|ShouldTrigger|265|Meridian Flip - There is still time remaining - max remaining time 10:56:07.2277794, next instruction time 0, next instruction Category: Powerups (Fun-ctions), Item: GSSend - and the telescope reports expected pier side pierEast. Automated Flip is not necessary.
2026-05-27T23:46:34.2444|INFO|SequenceItem.cs|Run|208|Starting Category: Powerups (Fun-ctions), Item: GSSend
2026-05-27T23:46:34.2447|INFO|SendWithGS.cs|ProcessedScript|64|Replacing Image_ExposureTime with 600
2026-05-27T23:46:34.2449|INFO|SendWithGS.cs|ProcessedScript|64|Replacing Image_HFR with 1.832
2026-05-27T23:46:34.2450|INFO|SendWithGS.cs|ProcessedScript|64|Replacing Image_FWHM with 7.26
2026-05-27T23:46:34.2451|INFO|SendWithGS.cs|ProcessedScript|64|Replacing Altitude with 70.59283666358616
2026-05-27T23:46:34.2451|INFO|SendWithGS.cs|Execute|95|Sending to Ground Station: Exp: $$FWHEEL_FILTER_NAME$$ on $$TARGET_NAME$$ EXP: 600 HFR: 1.832 FWHM: 7.26  Altitude: 70.59283666358616 
2026-05-27T23:46:34.2465|INFO|SequenceItem.cs|Run|208|Starting Category: Ground Station, Item: Send to Telegram
2026-05-27T23:46:34.9339|INFO|SequenceItem.cs|Run|254|Finishing Category: Ground Station, Item: Send to Telegram
2026-05-27T23:46:34.9353|INFO|SequenceItem.cs|Run|254|Finishing Category: Powerups (Fun-ctions), Item: GSSend
2026-05-27T23:46:34.9358|INFO|MeridianFlipTrigger.cs|ShouldTrigger|265|Meridian Flip - There is still time remaining - max remaining time 10:56:05.4803160, next instruction time 0, next instruction Category: Powerups (Fun-ctions), Item: GSSend - and the telescope reports expected pier side pierEast. Automated Flip is not necessary.
2026-05-27T23:46:34.9358|INFO|SequenceItem.cs|Run|208|Starting Category: Powerups (Fun-ctions), Item: GSSend
2026-05-27T23:46:34.9361|INFO|SendWithGS.cs|ProcessedScript|64|Replacing Image_ExposureTime with 600
2026-05-27T23:46:34.9363|INFO|SendWithGS.cs|ProcessedScript|64|Replacing Image_HFR with 1.832
2026-05-27T23:46:34.9364|INFO|SendWithGS.cs|ProcessedScript|64|Replacing Image_FWHM with 7.26
2026-05-27T23:46:34.9365|INFO|SendWithGS.cs|ProcessedScript|64|Replacing Altitude with 70.59283666358616
2026-05-27T23:46:34.9365|INFO|SendWithGS.cs|Execute|95|Sending to Ground Station: Exp: $$FWHEEL_FILTER_NAME$$ on $$TARGET_NAME$$ EXP: 600 HFR: 1.832 FWHM: 7.26  Altitude: 70.59283666358616 
2026-05-27T23:46:34.9377|INFO|SequenceItem.cs|Run|208|Starting Category: Ground Station, Item: Send to Pushover, Title: IMAGE: $$TARGET_NAME$$
2026-05-27T23:46:35.0926|INFO|SequenceItem.cs|Run|254|Finishing Category: Ground Station, Item: Send to Pushover, Title: IMAGE: $$TARGET_NAME$$
2026-05-27T23:46:35.0939|INFO|SequenceItem.cs|Run|254|Finishing Category: Powerups (Fun-ctions), Item: GSSend
2026-05-27T23:46:35.2485|INFO|Symbol.cs|OnMessageReceived|627|Received message from Target Scheduler re: TargetScheduler-TargetStart
2026-05-27T23:46:35.2486|INFO|Symbol.cs|OnMessageReceived|635|TS_TargetName = M 51
2026-05-27T23:46:35.2486|INFO|Symbol.cs|OnMessageReceived|636|Expires at 05/28/2026 03:57:35 -05:00
2026-05-27T23:46:35.2486|INFO|Symbol.cs|OnMessageReceived|627|Received message from Target Scheduler re: TargetScheduler-TargetStart
2026-05-27T23:46:35.2487|INFO|Symbol.cs|OnMessageReceived|635|TS_TargetName = M 51
2026-05-27T23:46:35.2487|INFO|Symbol.cs|OnMessageReceived|636|Expires at 05/28/2026 03:57:35 -05:00
2026-05-27T23:46:35.2490|INFO|MeridianFlipTrigger.cs|ShouldTrigger|265|Meridian Flip - There is still time remaining - max remaining time 10:56:05.4803160, next instruction time 0, next instruction NINA.Plugin.TargetScheduler.Sequencer.PlanSchedulerProgress - and the telescope reports expected pier side pierEast. Automated Flip is not necessary.
2026-05-27T23:46:35.2491|INFO|SequenceItem.cs|Run|208|Starting NINA.Plugin.TargetScheduler.Sequencer.PlanSchedulerProgress
2026-05-27T23:46:35.2492|INFO|SequenceItem.cs|Run|254|Finishing NINA.Plugin.TargetScheduler.Sequencer.PlanSchedulerProgress
2026-05-27T23:46:35.2494|INFO|MeridianFlipTrigger.cs|ShouldTrigger|265|Meridian Flip - There is still time remaining - max remaining time 10:56:05.4803160, next instruction time 0, next instruction Category: Scheduler, Item: SwitchFilter, Filter: H - and the telescope reports expected pier side pierEast. Automated Flip is not necessary.
2026-05-27T23:46:35.2494|INFO|SequenceItem.cs|Run|208|Starting Category: Scheduler, Item: SwitchFilter, Filter: H
2026-05-27T23:46:35.2504|INFO|SequenceItem.cs|Run|254|Finishing Category: Scheduler, Item: SwitchFilter, Filter: H
2026-05-27T23:46:35.2507|INFO|MeridianFlipTrigger.cs|ShouldTrigger|265|Meridian Flip - There is still time remaining - max remaining time 10:56:05.4803160, next instruction time 0, next instruction NINA.Plugin.TargetScheduler.Sequencer.PlanSchedulerProgress - and the telescope reports expected pier side pierEast. Automated Flip is not necessary.
2026-05-27T23:46:35.2508|INFO|SequenceItem.cs|Run|208|Starting NINA.Plugin.TargetScheduler.Sequencer.PlanSchedulerProgress
2026-05-27T23:46:35.2508|INFO|SequenceItem.cs|Run|254|Finishing NINA.Plugin.TargetScheduler.Sequencer.PlanSchedulerProgress
2026-05-27T23:46:35.2510|INFO|MeridianFlipTrigger.cs|ShouldTrigger|265|Meridian Flip - There is still time remaining - max remaining time 10:56:05.4803160, next instruction time 0, next instruction Category: Scheduler, Item: SetReadoutMode, Mode: 0 - and the telescope reports expected pier side pierEast. Automated Flip is not necessary.
2026-05-27T23:46:35.2510|INFO|SequenceItem.cs|Run|208|Starting Category: Scheduler, Item: SetReadoutMode, Mode: 0
2026-05-27T23:46:35.2511|INFO|SequenceItem.cs|Run|254|Finishing Category: Scheduler, Item: SetReadoutMode, Mode: 0
2026-05-27T23:46:35.2513|INFO|MeridianFlipTrigger.cs|ShouldTrigger|265|Meridian Flip - There is still time remaining - max remaining time 10:56:05.4803160, next instruction time 0, next instruction NINA.Plugin.TargetScheduler.Sequencer.PlanSchedulerProgress - and the telescope reports expected pier side pierEast. Automated Flip is not necessary.
2026-05-27T23:46:35.2513|INFO|SequenceItem.cs|Run|208|Starting NINA.Plugin.TargetScheduler.Sequencer.PlanSchedulerProgress
2026-05-27T23:46:35.2524|INFO|SequenceItem.cs|Run|254|Finishing NINA.Plugin.TargetScheduler.Sequencer.PlanSchedulerProgress
2026-05-27T23:46:35.2770|INFO|MeridianFlipTrigger.cs|ShouldTrigger|265|Meridian Flip - There is still time remaining - max remaining time 10:56:05.4803160, next instruction time 600, next instruction Category: Scheduler, Item: TakeExposure, ExposureTime 600, Gain 100, Offset 50, ImageType LIGHT, Binning 1x1 - and the telescope reports expected pier side pierEast. Automated Flip is not necessary.
2026-05-27T23:46:35.2771|INFO|DIYTrigger.cs|ShouldTrigger|109|DIY Trigger Restore Guiding ShouldTrigger returning true
2026-05-27T23:46:35.3008|INFO|SequenceTrigger.cs|Run|114|Starting Category: Powerups (Misc), Item: DIYTrigger
2026-05-27T23:46:35.3383|INFO|DIYTrigger.cs|Execute|95|DIY Trigger executing...
2026-05-27T23:46:35.3386|INFO|SequenceItem.cs|Run|208|Starting Category: * Instruction Set *, Container: NINA.Sequencer.Container.SequentialContainer, Strategy: SequentialStrategy, Items[CREATED]: 1, Triggers: Trigger: RestoreGuiding
2026-05-27T23:46:35.3391|INFO|MeridianFlipTrigger.cs|ShouldTrigger|265|Meridian Flip - There is still time remaining - max remaining time 10:56:05.4803160, next instruction time 0, next instruction Category: Powerups (Expressions), Item: IfFailed - and the telescope reports expected pier side pierEast. Automated Flip is not necessary.
2026-05-27T23:46:35.3391|INFO|SequenceItem.cs|Run|208|Starting Category: Powerups (Expressions), Item: IfFailed
2026-05-27T23:46:35.3391|INFO|SequenceItem.cs|Run|208|Starting Category: Guider, Item: StartGuiding
2026-05-27T23:46:35.3433|INFO|PHD2Guider.cs|StartGuidingPrivate|504|Phd2 - App is already guiding. Skipping start guiding
2026-05-27T23:46:35.3436|INFO|SequenceItem.cs|Run|254|Finishing Category: Guider, Item: StartGuiding
2026-05-27T23:46:35.3436|INFO|SequenceItem.cs|Run|254|Finishing Category: Powerups (Expressions), Item: IfFailed
2026-05-27T23:46:35.3438|INFO|SequenceItem.cs|Run|254|Finishing Category: * Instruction Set *, Container: NINA.Sequencer.Container.SequentialContainer, Strategy: SequentialStrategy, Items[FINISHED]: 1, Triggers: Trigger: RestoreGuiding
2026-05-27T23:46:35.3463|INFO|SequenceItem.cs|Run|208|Starting Category: Scheduler, Item: TakeExposure, ExposureTime 600, Gain 100, Offset 50, ImageType LIGHT, Binning 1x1
2026-05-27T23:46:35.3517|INFO|CameraVM.cs|Capture|742|Starting Exposure - Exposure Time: 600s; Filter: ; Gain: 100; Offset 50; Binning: 1x1;
2026-05-27T23:46:35.9424|INFO|StarfrontClient.cs|SendImageFile|249|[Rockwood] sent 2026-05-27_23-36-29_M 51_LIGHT_H_-5.00C_G100-Exp-600.00s_MAXRMS-D1.94-R1.68_M-64.19_RMS-0.63_HFR-1.83_F-0009.fits (21KB) object=M 51 exptime=600s filter=H
2026-05-27T23:46:40.4917|INFO|SyncEngine.cs|SyncPendingFramesAsync|142|[Subframes] SyncEngine: synced 1 frames for session 488ed467-5289-4740-b683-e0aa7c3efabe (accepted=1)
2026-05-27T23:51:13.5317|INFO|TsProgressReader.cs|ReadProgressDelta|75|[Subframes] TS progress delta: DB not found at C:\Users\nicka\AppData\Local\NINA\SchedulerPlugin — Target Scheduler not installed or DB path mismatch.
2026-05-27T23:56:13.5374|INFO|TsProgressReader.cs|ReadProgressDelta|75|[Subframes] TS progress delta: DB not found at C:\Users\nicka\AppData\Local\NINA\SchedulerPlugin — Target Scheduler not installed or DB path mismatch.
2026-05-27T23:56:37.2276|INFO|SequenceItem.cs|Run|254|Finishing Category: Scheduler, Item: TakeExposure, ExposureTime 600, Gain 100, Offset 50, ImageType LIGHT, Binning 1x1
2026-05-27T23:56:37.2278|INFO|ImageSolver.cs|Solve|41|Platesolving with parameters: FocalLength: 360 PixelSize: 3.76 SearchRadius: 30 BlindFailoverEnabled: True Regions: 5000 DownSampleFactor: 0 MaxObjects: 500 Reference Coordinates RA: 13:29:59 Dec: 47° 12' 13" Epoch: J2000
2026-05-27T23:56:37.2280|INFO|MeridianFlipTrigger.cs|ShouldTrigger|265|Meridian Flip - There is still time remaining - max remaining time 10:46:01.9881494, next instruction time 0, next instruction NINA.Plugin.TargetScheduler.Sequencer.PlanSchedulerProgress - and the telescope reports expected pier side pierEast. Automated Flip is not necessary.
2026-05-27T23:56:37.2280|INFO|SequenceItem.cs|Run|208|Starting NINA.Plugin.TargetScheduler.Sequencer.PlanSchedulerProgress
2026-05-27T23:56:37.2281|INFO|SequenceItem.cs|Run|254|Finishing NINA.Plugin.TargetScheduler.Sequencer.PlanSchedulerProgress
2026-05-27T23:56:37.5490|INFO|BaseImageData.cs|SaveToDisk|346|Saved image to C:\Users\nicka\AppData\Local\NINA\PlateSolver\gdbn2fw4.0bl.fits
2026-05-27T23:56:38.6810|INFO|HocusFocusStarDetection.cs|Detect|413|Average HFR: 1.820324197132014, HFR MAD: 0.13960610479333174, Detected Stars 341, Region: 0
2026-05-27T23:56:39.3666|INFO|ImageSolver.cs|Solve|54|Platesolve successful: Coordinates: RA: 13:29:52; Dec: 47° 11' 41"; Epoch: J2000 - Position Angle: 275.6048061279102
2026-05-27T23:56:39.3669|INFO|CenterAfterDriftTrigger.cs|PlatesolvingImageFollower_PropertyChanged|189|Drift: 0.1548554050713455 / 1 arc minutes
2026-05-27T23:56:39.4544|INFO|BaseImageData.cs|SaveToDisk|346|Saved image to C:\ASTROIMAGES\NINA\2026-05-27\M 51\LIGHT\H\2026-05-27_23-46-35_M 51_LIGHT_H_-5.00C_G100-Exp-600.00s_MAXRMS-D0.81-R0.75_M-64.23_RMS-0.34_HFR-1.82_F-0010.fits
2026-05-27T23:56:39.4545|INFO|ImageSaveController.cs|DoWork|97|Successfully saved file at C:\ASTROIMAGES\NINA\2026-05-27\M 51\LIGHT\H\2026-05-27_23-46-35_M 51_LIGHT_H_-5.00C_G100-Exp-600.00s_MAXRMS-D0.81-R0.75_M-64.23_RMS-0.34_HFR-1.82_F-0010.fits. Duration Total: 00:00:02.2269152; BeforeSave: 00:00:00.0001940; BeforeFinalizeImageSaved: 00:00:01.8466978; FinalizeSaveTime: 00:00:00.3800223
2026-05-27T23:56:39.9778|WARNING|SessionMetaDataWatcher.cs|WriteAcquisitionMetaData|73|acquisition file already exists, will not overwrite: C:\ASTROIMAGES\NINA\2026-05-27\M 51\LIGHT\H\metadata\AcquisitionDetails.csv
2026-05-27T23:56:39.9779|WARNING|SessionMetaDataWatcher.cs|WriteAcquisitionMetaData|93|acquisition file already exists, will not overwrite: C:\ASTROIMAGES\NINA\2026-05-27\M 51\LIGHT\H\metadata\AcquisitionDetails.json
2026-05-27T23:56:39.9782|INFO|SessionMetaDataWatcher.cs|WriteImageMetaData|105|Writing CSV image metadata: C:\ASTROIMAGES\NINA\2026-05-27\M 51\LIGHT\H\metadata\ImageMetaData.csv
2026-05-27T23:56:40.0237|INFO|SessionMetaDataWatcher.cs|WriteImageMetaData|122|Writing JSON image metadata: C:\ASTROIMAGES\NINA\2026-05-27\M 51\LIGHT\H\metadata\ImageMetaData.json
2026-05-27T23:56:40.0260|INFO|SessionMetaDataWatcher.cs|WriteWeatherMetaData|169|Writing CSV weather metadata: C:\ASTROIMAGES\NINA\2026-05-27\M 51\LIGHT\H\metadata\WeatherData.csv
2026-05-27T23:56:40.0470|INFO|SessionMetaDataWatcher.cs|WriteWeatherMetaData|186|Writing JSON weather metadata: C:\ASTROIMAGES\NINA\2026-05-27\M 51\LIGHT\H\metadata\WeatherData.json
2026-05-27T23:56:40.0485|INFO|SessionService.cs|OnTargetDetectedAsync|663|[Subframes] Target detected: 'M51' (was 'M51')
2026-05-27T23:56:40.0822|INFO|SubframesClient.cs|StartTargetAsync|316|[Subframes] Target started:  name='M51'
2026-05-27T23:56:40.0823|WARNING|SessionService.cs|StartTargetAsync|559|[Subframes] StartTarget failed — cached locally as 6e73ea07-ed9d-4fc8-b597-45a681ce0669 for replay.
2026-05-27T23:56:40.5870|INFO|SyncEngine.cs|SyncPendingFramesAsync|142|[Subframes] SyncEngine: synced 1 frames for session 488ed467-5289-4740-b683-e0aa7c3efabe (accepted=1)
2026-05-27T23:56:40.7056|INFO|MeridianFlipTrigger.cs|ShouldTrigger|265|Meridian Flip - There is still time remaining - max remaining time 10:45:57.9616117, next instruction time 0, next instruction Category: Powerups (Fun-ctions), Item: GSSend - and the telescope reports expected pier side pierEast. Automated Flip is not necessary.
2026-05-27T23:56:40.7057|INFO|SequenceItem.cs|Run|208|Starting Category: Powerups (Fun-ctions), Item: GSSend
2026-05-27T23:56:40.7060|INFO|SendWithGS.cs|ProcessedScript|64|Replacing Image_ExposureTime with 600
2026-05-27T23:56:40.7061|INFO|SendWithGS.cs|ProcessedScript|64|Replacing Image_HFR with 1.82
2026-05-27T23:56:40.7064|INFO|SendWithGS.cs|ProcessedScript|64|Replacing Image_FWHM with 7.14
2026-05-27T23:56:40.7065|INFO|SendWithGS.cs|ProcessedScript|64|Replacing Altitude with 69.37414540779572
2026-05-27T23:56:40.7065|INFO|SendWithGS.cs|Execute|95|Sending to Ground Station: Exp: $$FWHEEL_FILTER_NAME$$ on $$TARGET_NAME$$ EXP: 600 HFR: 1.82 FWHM: 7.14  Altitude: 69.37414540779572 
2026-05-27T23:56:40.7080|INFO|SequenceItem.cs|Run|208|Starting Category: Ground Station, Item: Send to Telegram
2026-05-27T23:56:41.3805|INFO|SequenceItem.cs|Run|254|Finishing Category: Ground Station, Item: Send to Telegram
2026-05-27T23:56:41.3819|INFO|SequenceItem.cs|Run|254|Finishing Category: Powerups (Fun-ctions), Item: GSSend
2026-05-27T23:56:41.3823|INFO|MeridianFlipTrigger.cs|ShouldTrigger|265|Meridian Flip - There is still time remaining - max remaining time 10:45:57.9616117, next instruction time 0, next instruction Category: Powerups (Fun-ctions), Item: GSSend - and the telescope reports expected pier side pierEast. Automated Flip is not necessary.
2026-05-27T23:56:41.3824|INFO|SequenceItem.cs|Run|208|Starting Category: Powerups (Fun-ctions), Item: GSSend
2026-05-27T23:56:41.3828|INFO|SendWithGS.cs|ProcessedScript|64|Replacing Image_ExposureTime with 600
2026-05-27T23:56:41.3829|INFO|SendWithGS.cs|ProcessedScript|64|Replacing Image_HFR with 1.82
2026-05-27T23:56:41.3830|INFO|SendWithGS.cs|ProcessedScript|64|Replacing Image_FWHM with 7.14
2026-05-27T23:56:41.3831|INFO|SendWithGS.cs|ProcessedScript|64|Replacing Altitude with 69.37414540779572
2026-05-27T23:56:41.3832|INFO|SendWithGS.cs|Execute|95|Sending to Ground Station: Exp: $$FWHEEL_FILTER_NAME$$ on $$TARGET_NAME$$ EXP: 600 HFR: 1.82 FWHM: 7.14  Altitude: 69.37414540779572 
2026-05-27T23:56:41.3844|INFO|SequenceItem.cs|Run|208|Starting Category: Ground Station, Item: Send to Pushover, Title: IMAGE: $$TARGET_NAME$$
2026-05-27T23:56:41.5619|INFO|SequenceItem.cs|Run|254|Finishing Category: Ground Station, Item: Send to Pushover, Title: IMAGE: $$TARGET_NAME$$
2026-05-27T23:56:41.5632|INFO|SequenceItem.cs|Run|254|Finishing Category: Powerups (Fun-ctions), Item: GSSend
2026-05-27T23:56:41.7534|INFO|Symbol.cs|OnMessageReceived|627|Received message from Target Scheduler re: TargetScheduler-TargetStart
2026-05-27T23:56:41.7534|INFO|Symbol.cs|OnMessageReceived|635|TS_TargetName = M 51
2026-05-27T23:56:41.7534|INFO|Symbol.cs|OnMessageReceived|636|Expires at 05/28/2026 03:57:35 -05:00
2026-05-27T23:56:41.7535|INFO|Symbol.cs|OnMessageReceived|627|Received message from Target Scheduler re: TargetScheduler-TargetStart
2026-05-27T23:56:41.7535|INFO|Symbol.cs|OnMessageReceived|635|TS_TargetName = M 51
2026-05-27T23:56:41.7535|INFO|Symbol.cs|OnMessageReceived|636|Expires at 05/28/2026 03:57:35 -05:00
2026-05-27T23:56:41.7539|INFO|MeridianFlipTrigger.cs|ShouldTrigger|265|Meridian Flip - There is still time remaining - max remaining time 10:45:57.9616117, next instruction time 0, next instruction NINA.Plugin.TargetScheduler.Sequencer.PlanSchedulerProgress - and the telescope reports expected pier side pierEast. Automated Flip is not necessary.
2026-05-27T23:56:41.7539|INFO|SequenceItem.cs|Run|208|Starting NINA.Plugin.TargetScheduler.Sequencer.PlanSchedulerProgress
2026-05-27T23:56:41.7540|INFO|SequenceItem.cs|Run|254|Finishing NINA.Plugin.TargetScheduler.Sequencer.PlanSchedulerProgress
2026-05-27T23:56:41.7542|INFO|MeridianFlipTrigger.cs|ShouldTrigger|265|Meridian Flip - There is still time remaining - max remaining time 10:45:57.9616117, next instruction time 0, next instruction Category: Scheduler, Item: SwitchFilter, Filter: H - and the telescope reports expected pier side pierEast. Automated Flip is not necessary.
2026-05-27T23:56:41.7542|INFO|SequenceItem.cs|Run|208|Starting Category: Scheduler, Item: SwitchFilter, Filter: H
2026-05-27T23:56:41.7552|INFO|SequenceItem.cs|Run|254|Finishing Category: Scheduler, Item: SwitchFilter, Filter: H
2026-05-27T23:56:41.7555|INFO|MeridianFlipTrigger.cs|ShouldTrigger|265|Meridian Flip - There is still time remaining - max remaining time 10:45:57.9616117, next instruction time 0, next instruction NINA.Plugin.TargetScheduler.Sequencer.PlanSchedulerProgress - and the telescope reports expected pier side pierEast. Automated Flip is not necessary.
2026-05-27T23:56:41.7555|INFO|SequenceItem.cs|Run|208|Starting NINA.Plugin.TargetScheduler.Sequencer.PlanSchedulerProgress
2026-05-27T23:56:41.7556|INFO|SequenceItem.cs|Run|254|Finishing NINA.Plugin.TargetScheduler.Sequencer.PlanSchedulerProgress
2026-05-27T23:56:41.7557|INFO|MeridianFlipTrigger.cs|ShouldTrigger|265|Meridian Flip - There is still time remaining - max remaining time 10:45:57.9616117, next instruction time 0, next instruction Category: Scheduler, Item: SetReadoutMode, Mode: 0 - and the telescope reports expected pier side pierEast. Automated Flip is not necessary.
2026-05-27T23:56:41.7557|INFO|SequenceItem.cs|Run|208|Starting Category: Scheduler, Item: SetReadoutMode, Mode: 0
2026-05-27T23:56:41.7558|INFO|SequenceItem.cs|Run|254|Finishing Category: Scheduler, Item: SetReadoutMode, Mode: 0
2026-05-27T23:56:41.7559|INFO|MeridianFlipTrigger.cs|ShouldTrigger|265|Meridian Flip - There is still time remaining - max remaining time 10:45:57.9616117, next instruction time 0, next instruction NINA.Plugin.TargetScheduler.Sequencer.PlanSchedulerProgress - and the telescope reports expected pier side pierEast. Automated Flip is not necessary.
2026-05-27T23:56:41.7560|INFO|SequenceItem.cs|Run|208|Starting NINA.Plugin.TargetScheduler.Sequencer.PlanSchedulerProgress
2026-05-27T23:56:41.7575|INFO|SequenceItem.cs|Run|254|Finishing NINA.Plugin.TargetScheduler.Sequencer.PlanSchedulerProgress
2026-05-27T23:56:41.7820|INFO|MeridianFlipTrigger.cs|ShouldTrigger|265|Meridian Flip - There is still time remaining - max remaining time 10:45:57.9616117, next instruction time 600, next instruction Category: Scheduler, Item: TakeExposure, ExposureTime 600, Gain 100, Offset 50, ImageType LIGHT, Binning 1x1 - and the telescope reports expected pier side pierEast. Automated Flip is not necessary.
2026-05-27T23:56:41.7820|INFO|DIYTrigger.cs|ShouldTrigger|109|DIY Trigger Restore Guiding ShouldTrigger returning true
2026-05-27T23:56:41.7821|INFO|SequenceTrigger.cs|Run|114|Starting Category: Powerups (Misc), Item: DIYTrigger
2026-05-27T23:56:41.8309|INFO|DIYTrigger.cs|Execute|95|DIY Trigger executing...
2026-05-27T23:56:41.8311|INFO|SequenceItem.cs|Run|208|Starting Category: * Instruction Set *, Container: NINA.Sequencer.Container.SequentialContainer, Strategy: SequentialStrategy, Items[CREATED]: 1, Triggers: Trigger: RestoreGuiding
2026-05-27T23:56:41.8553|INFO|MeridianFlipTrigger.cs|ShouldTrigger|265|Meridian Flip - There is still time remaining - max remaining time 10:45:57.9616117, next instruction time 0, next instruction Category: Powerups (Expressions), Item: IfFailed - and the telescope reports expected pier side pierEast. Automated Flip is not necessary.
2026-05-27T23:56:41.8554|INFO|SequenceItem.cs|Run|208|Starting Category: Powerups (Expressions), Item: IfFailed
2026-05-27T23:56:41.8555|INFO|SequenceItem.cs|Run|208|Starting Category: Guider, Item: StartGuiding
2026-05-27T23:56:41.8587|INFO|PHD2Guider.cs|StartGuidingPrivate|504|Phd2 - App is already guiding. Skipping start guiding
2026-05-27T23:56:41.8589|INFO|SequenceItem.cs|Run|254|Finishing Category: Guider, Item: StartGuiding
2026-05-27T23:56:41.8590|INFO|SequenceItem.cs|Run|254|Finishing Category: Powerups (Expressions), Item: IfFailed
2026-05-27T23:56:41.8591|INFO|SequenceItem.cs|Run|254|Finishing Category: * Instruction Set *, Container: NINA.Sequencer.Container.SequentialContainer, Strategy: SequentialStrategy, Items[FINISHED]: 1, Triggers: Trigger: RestoreGuiding
2026-05-27T23:56:41.8614|INFO|SequenceItem.cs|Run|208|Starting Category: Scheduler, Item: TakeExposure, ExposureTime 600, Gain 100, Offset 50, ImageType LIGHT, Binning 1x1
2026-05-27T23:56:41.8677|INFO|CameraVM.cs|Capture|742|Starting Exposure - Exposure Time: 600s; Filter: ; Gain: 100; Offset 50; Binning: 1x1;
2026-05-27T23:56:42.0549|INFO|StarfrontClient.cs|SendImageFile|249|[Rockwood] sent 2026-05-27_23-46-35_M 51_LIGHT_H_-5.00C_G100-Exp-600.00s_MAXRMS-D0.81-R0.75_M-64.23_RMS-0.34_HFR-1.82_F-0010.fits (21KB) object=M 51 exptime=600s filter=H
2026-05-27T23:56:45.2123|WARNING|TsPreviewClient.cs|FetchPreviewAsync|161|[Subframes] TsPreviewClient.FetchPreviewAsync failed for profile '533M-AT60' (0173997c-4bfa-48fd-9337-a48b6df99c38): TaskCanceledException: The request was canceled due to the configured HttpClient.Timeout of 5 seconds elapsing.
2026-05-28T00:01:13.5268|INFO|TsProgressReader.cs|ReadProgressDelta|75|[Subframes] TS progress delta: DB not found at C:\Users\nicka\AppData\Local\NINA\SchedulerPlugin — Target Scheduler not installed or DB path mismatch.
2026-05-28T00:06:13.5262|INFO|TsProgressReader.cs|ReadProgressDelta|75|[Subframes] TS progress delta: DB not found at C:\Users\nicka\AppData\Local\NINA\SchedulerPlugin — Target Scheduler not installed or DB path mismatch.
2026-05-28T00:06:43.8278|INFO|SequenceItem.cs|Run|254|Finishing Category: Scheduler, Item: TakeExposure, ExposureTime 600, Gain 100, Offset 50, ImageType LIGHT, Binning 1x1
2026-05-28T00:06:43.8283|INFO|MeridianFlipTrigger.cs|ShouldTrigger|265|Meridian Flip - There is still time remaining - max remaining time 10:35:55.2694335, next instruction time 0, next instruction NINA.Plugin.TargetScheduler.Sequencer.PlanSchedulerProgress - and the telescope reports expected pier side pierEast. Automated Flip is not necessary.
2026-05-28T00:06:43.8285|INFO|SequenceItem.cs|Run|208|Starting NINA.Plugin.TargetScheduler.Sequencer.PlanSchedulerProgress
2026-05-28T00:06:43.8285|INFO|SequenceItem.cs|Run|254|Finishing NINA.Plugin.TargetScheduler.Sequencer.PlanSchedulerProgress
2026-05-28T00:06:45.2129|INFO|HocusFocusStarDetection.cs|Detect|413|Average HFR: 1.8179467866581804, HFR MAD: 0.16056132909524642, Detected Stars 348, Region: 0
2026-05-28T00:06:45.8873|INFO|BaseImageData.cs|SaveToDisk|346|Saved image to C:\ASTROIMAGES\NINA\2026-05-27\M 51\LIGHT\H\2026-05-27_23-56-41_M 51_LIGHT_H_-5.00C_G100-Exp-600.00s_MAXRMS-D2.46-R0.77_M-64.26_RMS-0.37_HFR-1.82_F-0011.fits
2026-05-28T00:06:45.8874|INFO|ImageSaveController.cs|DoWork|97|Successfully saved file at C:\ASTROIMAGES\NINA\2026-05-27\M 51\LIGHT\H\2026-05-27_23-56-41_M 51_LIGHT_H_-5.00C_G100-Exp-600.00s_MAXRMS-D2.46-R0.77_M-64.26_RMS-0.37_HFR-1.82_F-0011.fits. Duration Total: 00:00:02.0592147; BeforeSave: 00:00:00.0000903; BeforeFinalizeImageSaved: 00:00:01.7556474; FinalizeSaveTime: 00:00:00.3034760
2026-05-28T00:06:46.4241|WARNING|SessionMetaDataWatcher.cs|WriteAcquisitionMetaData|73|acquisition file already exists, will not overwrite: C:\ASTROIMAGES\NINA\2026-05-27\M 51\LIGHT\H\metadata\AcquisitionDetails.csv
2026-05-28T00:06:46.4242|WARNING|SessionMetaDataWatcher.cs|WriteAcquisitionMetaData|93|acquisition file already exists, will not overwrite: C:\ASTROIMAGES\NINA\2026-05-27\M 51\LIGHT\H\metadata\AcquisitionDetails.json
2026-05-28T00:06:46.4245|INFO|SessionMetaDataWatcher.cs|WriteImageMetaData|105|Writing CSV image metadata: C:\ASTROIMAGES\NINA\2026-05-27\M 51\LIGHT\H\metadata\ImageMetaData.csv
2026-05-28T00:06:46.4558|INFO|SessionMetaDataWatcher.cs|WriteImageMetaData|122|Writing JSON image metadata: C:\ASTROIMAGES\NINA\2026-05-27\M 51\LIGHT\H\metadata\ImageMetaData.json
2026-05-28T00:06:46.4584|INFO|SessionMetaDataWatcher.cs|WriteWeatherMetaData|169|Writing CSV weather metadata: C:\ASTROIMAGES\NINA\2026-05-27\M 51\LIGHT\H\metadata\WeatherData.csv
2026-05-28T00:06:46.4724|INFO|SessionMetaDataWatcher.cs|WriteWeatherMetaData|186|Writing JSON weather metadata: C:\ASTROIMAGES\NINA\2026-05-27\M 51\LIGHT\H\metadata\WeatherData.json
2026-05-28T00:06:46.4740|INFO|SessionService.cs|OnTargetDetectedAsync|663|[Subframes] Target detected: 'M51' (was 'M51')
2026-05-28T00:06:46.5129|INFO|SubframesClient.cs|StartTargetAsync|316|[Subframes] Target started:  name='M51'
2026-05-28T00:06:46.5130|WARNING|SessionService.cs|StartTargetAsync|559|[Subframes] StartTarget failed — cached locally as cf6fbc1a-f100-443e-9bb2-2e9c6db2b6bd for replay.
2026-05-28T00:06:47.2226|INFO|MeridianFlipTrigger.cs|ShouldTrigger|265|Meridian Flip - There is still time remaining - max remaining time 10:35:51.2720558, next instruction time 0, next instruction Category: Powerups (Fun-ctions), Item: GSSend - and the telescope reports expected pier side pierEast. Automated Flip is not necessary.
2026-05-28T00:06:47.2227|INFO|SequenceItem.cs|Run|208|Starting Category: Powerups (Fun-ctions), Item: GSSend
2026-05-28T00:06:47.2230|INFO|SendWithGS.cs|ProcessedScript|64|Replacing Image_ExposureTime with 600
2026-05-28T00:06:47.2231|INFO|SendWithGS.cs|ProcessedScript|64|Replacing Image_HFR with 1.818
2026-05-28T00:06:47.2232|INFO|SendWithGS.cs|ProcessedScript|64|Replacing Image_FWHM with 7.15
2026-05-28T00:06:47.2234|INFO|SendWithGS.cs|ProcessedScript|64|Replacing Altitude with 68.05555932430812
2026-05-28T00:06:47.2234|INFO|SendWithGS.cs|Execute|95|Sending to Ground Station: Exp: $$FWHEEL_FILTER_NAME$$ on $$TARGET_NAME$$ EXP: 600 HFR: 1.818 FWHM: 7.15  Altitude: 68.05555932430812 
2026-05-28T00:06:47.2246|INFO|SequenceItem.cs|Run|208|Starting Category: Ground Station, Item: Send to Telegram
2026-05-28T00:06:47.8969|INFO|SequenceItem.cs|Run|254|Finishing Category: Ground Station, Item: Send to Telegram
2026-05-28T00:06:47.8984|INFO|SequenceItem.cs|Run|254|Finishing Category: Powerups (Fun-ctions), Item: GSSend
2026-05-28T00:06:48.3484|INFO|MeridianFlipTrigger.cs|ShouldTrigger|265|Meridian Flip - There is still time remaining - max remaining time 10:35:51.2720558, next instruction time 0, next instruction Category: Powerups (Fun-ctions), Item: GSSend - and the telescope reports expected pier side pierEast. Automated Flip is not necessary.
2026-05-28T00:06:48.3485|INFO|SequenceItem.cs|Run|208|Starting Category: Powerups (Fun-ctions), Item: GSSend
2026-05-28T00:06:48.3488|INFO|SendWithGS.cs|ProcessedScript|64|Replacing Image_ExposureTime with 600
2026-05-28T00:06:48.3489|INFO|SendWithGS.cs|ProcessedScript|64|Replacing Image_HFR with 1.818
2026-05-28T00:06:48.3490|INFO|SendWithGS.cs|ProcessedScript|64|Replacing Image_FWHM with 7.15
2026-05-28T00:06:48.3491|INFO|SendWithGS.cs|ProcessedScript|64|Replacing Altitude with 68.05555932430812
2026-05-28T00:06:48.3492|INFO|SendWithGS.cs|Execute|95|Sending to Ground Station: Exp: $$FWHEEL_FILTER_NAME$$ on $$TARGET_NAME$$ EXP: 600 HFR: 1.818 FWHM: 7.15  Altitude: 68.05555932430812 
2026-05-28T00:06:48.3506|INFO|SequenceItem.cs|Run|208|Starting Category: Ground Station, Item: Send to Pushover, Title: IMAGE: $$TARGET_NAME$$
2026-05-28T00:06:48.5975|INFO|StarfrontClient.cs|SendImageFile|249|[Rockwood] sent 2026-05-27_23-56-41_M 51_LIGHT_H_-5.00C_G100-Exp-600.00s_MAXRMS-D2.46-R0.77_M-64.26_RMS-0.37_HFR-1.82_F-0011.fits (21KB) object=M 51 exptime=600s filter=H
2026-05-28T00:06:48.6820|INFO|SequenceItem.cs|Run|254|Finishing Category: Ground Station, Item: Send to Pushover, Title: IMAGE: $$TARGET_NAME$$
2026-05-28T00:06:48.6836|INFO|SequenceItem.cs|Run|254|Finishing Category: Powerups (Fun-ctions), Item: GSSend
2026-05-28T00:06:49.2538|INFO|Symbol.cs|OnMessageReceived|627|Received message from Target Scheduler re: TargetScheduler-TargetStart
2026-05-28T00:06:49.2538|INFO|Symbol.cs|OnMessageReceived|635|TS_TargetName = M 51
2026-05-28T00:06:49.2538|INFO|Symbol.cs|OnMessageReceived|636|Expires at 05/28/2026 03:57:35 -05:00
2026-05-28T00:06:49.2539|INFO|Symbol.cs|OnMessageReceived|627|Received message from Target Scheduler re: TargetScheduler-TargetStart
2026-05-28T00:06:49.2539|INFO|Symbol.cs|OnMessageReceived|635|TS_TargetName = M 51
2026-05-28T00:06:49.2539|INFO|Symbol.cs|OnMessageReceived|636|Expires at 05/28/2026 03:57:35 -05:00
2026-05-28T00:06:49.2543|INFO|MeridianFlipTrigger.cs|ShouldTrigger|265|Meridian Flip - There is still time remaining - max remaining time 10:35:49.0935842, next instruction time 0, next instruction NINA.Plugin.TargetScheduler.Sequencer.PlanSchedulerProgress - and the telescope reports expected pier side pierEast. Automated Flip is not necessary.
2026-05-28T00:06:49.2543|INFO|SequenceItem.cs|Run|208|Starting NINA.Plugin.TargetScheduler.Sequencer.PlanSchedulerProgress
2026-05-28T00:06:49.2544|INFO|SequenceItem.cs|Run|254|Finishing NINA.Plugin.TargetScheduler.Sequencer.PlanSchedulerProgress
2026-05-28T00:06:49.2546|INFO|MeridianFlipTrigger.cs|ShouldTrigger|265|Meridian Flip - There is still time remaining - max remaining time 10:35:49.0935842, next instruction time 0, next instruction Category: Scheduler, Item: SwitchFilter, Filter: H - and the telescope reports expected pier side pierEast. Automated Flip is not necessary.
2026-05-28T00:06:49.2547|INFO|SequenceItem.cs|Run|208|Starting Category: Scheduler, Item: SwitchFilter, Filter: H
2026-05-28T00:06:49.2556|INFO|SequenceItem.cs|Run|254|Finishing Category: Scheduler, Item: SwitchFilter, Filter: H
2026-05-28T00:06:49.2561|INFO|MeridianFlipTrigger.cs|ShouldTrigger|265|Meridian Flip - There is still time remaining - max remaining time 10:35:49.0935842, next instruction time 0, next instruction NINA.Plugin.TargetScheduler.Sequencer.PlanSchedulerProgress - and the telescope reports expected pier side pierEast. Automated Flip is not necessary.
2026-05-28T00:06:49.2561|INFO|SequenceItem.cs|Run|208|Starting NINA.Plugin.TargetScheduler.Sequencer.PlanSchedulerProgress
2026-05-28T00:06:49.2562|INFO|SequenceItem.cs|Run|254|Finishing NINA.Plugin.TargetScheduler.Sequencer.PlanSchedulerProgress
2026-05-28T00:06:49.2563|INFO|MeridianFlipTrigger.cs|ShouldTrigger|265|Meridian Flip - There is still time remaining - max remaining time 10:35:49.0935842, next instruction time 0, next instruction Category: Scheduler, Item: SetReadoutMode, Mode: 0 - and the telescope reports expected pier side pierEast. Automated Flip is not necessary.
2026-05-28T00:06:49.2563|INFO|SequenceItem.cs|Run|208|Starting Category: Scheduler, Item: SetReadoutMode, Mode: 0
2026-05-28T00:06:49.2565|INFO|SequenceItem.cs|Run|254|Finishing Category: Scheduler, Item: SetReadoutMode, Mode: 0
2026-05-28T00:06:49.2566|INFO|MeridianFlipTrigger.cs|ShouldTrigger|265|Meridian Flip - There is still time remaining - max remaining time 10:35:49.0935842, next instruction time 0, next instruction NINA.Plugin.TargetScheduler.Sequencer.PlanSchedulerProgress - and the telescope reports expected pier side pierEast. Automated Flip is not necessary.
2026-05-28T00:06:49.2566|INFO|SequenceItem.cs|Run|208|Starting NINA.Plugin.TargetScheduler.Sequencer.PlanSchedulerProgress
2026-05-28T00:06:49.2577|INFO|SequenceItem.cs|Run|254|Finishing NINA.Plugin.TargetScheduler.Sequencer.PlanSchedulerProgress
2026-05-28T00:06:49.2900|INFO|MeridianFlipTrigger.cs|ShouldTrigger|265|Meridian Flip - There is still time remaining - max remaining time 10:35:49.0935842, next instruction time 600, next instruction Category: Scheduler, Item: TakeExposure, ExposureTime 600, Gain 100, Offset 50, ImageType LIGHT, Binning 1x1 - and the telescope reports expected pier side pierEast. Automated Flip is not necessary.
2026-05-28T00:06:49.2901|INFO|DIYTrigger.cs|ShouldTrigger|109|DIY Trigger Restore Guiding ShouldTrigger returning true
2026-05-28T00:06:49.2901|INFO|SequenceTrigger.cs|Run|114|Starting Category: Powerups (Misc), Item: DIYTrigger
2026-05-28T00:06:49.3375|INFO|DIYTrigger.cs|Execute|95|DIY Trigger executing...
2026-05-28T00:06:49.3377|INFO|SequenceItem.cs|Run|208|Starting Category: * Instruction Set *, Container: NINA.Sequencer.Container.SequentialContainer, Strategy: SequentialStrategy, Items[CREATED]: 1, Triggers: Trigger: RestoreGuiding
2026-05-28T00:06:49.3716|INFO|MeridianFlipTrigger.cs|ShouldTrigger|265|Meridian Flip - There is still time remaining - max remaining time 10:35:49.0935842, next instruction time 0, next instruction Category: Powerups (Expressions), Item: IfFailed - and the telescope reports expected pier side pierEast. Automated Flip is not necessary.
2026-05-28T00:06:49.3718|INFO|SequenceItem.cs|Run|208|Starting Category: Powerups (Expressions), Item: IfFailed
2026-05-28T00:06:49.3718|INFO|SequenceItem.cs|Run|208|Starting Category: Guider, Item: StartGuiding
2026-05-28T00:06:49.3746|INFO|PHD2Guider.cs|StartGuidingPrivate|504|Phd2 - App is already guiding. Skipping start guiding
2026-05-28T00:06:49.3748|INFO|SequenceItem.cs|Run|254|Finishing Category: Guider, Item: StartGuiding
2026-05-28T00:06:49.3749|INFO|SequenceItem.cs|Run|254|Finishing Category: Powerups (Expressions), Item: IfFailed
2026-05-28T00:06:49.3751|INFO|SequenceItem.cs|Run|254|Finishing Category: * Instruction Set *, Container: NINA.Sequencer.Container.SequentialContainer, Strategy: SequentialStrategy, Items[FINISHED]: 1, Triggers: Trigger: RestoreGuiding
2026-05-28T00:06:49.3772|INFO|SequenceItem.cs|Run|208|Starting Category: Scheduler, Item: TakeExposure, ExposureTime 600, Gain 100, Offset 50, ImageType LIGHT, Binning 1x1
2026-05-28T00:06:49.3828|INFO|CameraVM.cs|Capture|742|Starting Exposure - Exposure Time: 600s; Filter: ; Gain: 100; Offset 50; Binning: 1x1;
2026-05-28T00:06:51.6554|WARNING|TsPreviewClient.cs|FetchPreviewAsync|161|[Subframes] TsPreviewClient.FetchPreviewAsync failed for profile '533M-AT60' (0173997c-4bfa-48fd-9337-a48b6df99c38): TaskCanceledException: The request was canceled due to the configured HttpClient.Timeout of 5 seconds elapsing.
2026-05-28T00:07:10.4839|INFO|SyncEngine.cs|SyncPendingFramesAsync|142|[Subframes] SyncEngine: synced 1 frames for session 488ed467-5289-4740-b683-e0aa7c3efabe (accepted=1)
2026-05-28T00:11:13.5258|INFO|TsProgressReader.cs|ReadProgressDelta|75|[Subframes] TS progress delta: DB not found at C:\Users\nicka\AppData\Local\NINA\SchedulerPlugin — Target Scheduler not installed or DB path mismatch.
2026-05-28T00:16:13.5252|INFO|TsProgressReader.cs|ReadProgressDelta|75|[Subframes] TS progress delta: DB not found at C:\Users\nicka\AppData\Local\NINA\SchedulerPlugin — Target Scheduler not installed or DB path mismatch.
2026-05-28T00:16:51.3861|INFO|SequenceItem.cs|Run|254|Finishing Category: Scheduler, Item: TakeExposure, ExposureTime 600, Gain 100, Offset 50, ImageType LIGHT, Binning 1x1
2026-05-28T00:16:51.3865|INFO|MeridianFlipTrigger.cs|ShouldTrigger|265|Meridian Flip - There is still time remaining - max remaining time 10:25:47.2716364, next instruction time 0, next instruction NINA.Plugin.TargetScheduler.Sequencer.PlanSchedulerProgress - and the telescope reports expected pier side pierEast. Automated Flip is not necessary.
2026-05-28T00:16:51.3866|INFO|SequenceItem.cs|Run|208|Starting NINA.Plugin.TargetScheduler.Sequencer.PlanSchedulerProgress
2026-05-28T00:16:51.3866|INFO|SequenceItem.cs|Run|254|Finishing NINA.Plugin.TargetScheduler.Sequencer.PlanSchedulerProgress
2026-05-28T00:16:52.8227|INFO|HocusFocusStarDetection.cs|Detect|413|Average HFR: 1.8181663864560864, HFR MAD: 0.18073588176348895, Detected Stars 346, Region: 0
2026-05-28T00:16:53.5473|INFO|BaseImageData.cs|SaveToDisk|346|Saved image to C:\ASTROIMAGES\NINA\2026-05-27\M 51\LIGHT\H\2026-05-28_00-06-49_M 51_LIGHT_H_-4.90C_G100-Exp-600.00s_MAXRMS-D14.89-R37.83_M-64.30_RMS-2.99_HFR-1.82_F-0012.fits
2026-05-28T00:16:53.5474|INFO|ImageSaveController.cs|DoWork|97|Successfully saved file at C:\ASTROIMAGES\NINA\2026-05-27\M 51\LIGHT\H\2026-05-28_00-06-49_M 51_LIGHT_H_-4.90C_G100-Exp-600.00s_MAXRMS-D14.89-R37.83_M-64.30_RMS-2.99_HFR-1.82_F-0012.fits. Duration Total: 00:00:02.1611498; BeforeSave: 00:00:00.0000657; BeforeFinalizeImageSaved: 00:00:01.8117053; FinalizeSaveTime: 00:00:00.3493780
2026-05-28T00:16:54.0807|WARNING|SessionMetaDataWatcher.cs|WriteAcquisitionMetaData|73|acquisition file already exists, will not overwrite: C:\ASTROIMAGES\NINA\2026-05-27\M 51\LIGHT\H\metadata\AcquisitionDetails.csv
2026-05-28T00:16:54.0808|WARNING|SessionMetaDataWatcher.cs|WriteAcquisitionMetaData|93|acquisition file already exists, will not overwrite: C:\ASTROIMAGES\NINA\2026-05-27\M 51\LIGHT\H\metadata\AcquisitionDetails.json
2026-05-28T00:16:54.0811|INFO|SessionMetaDataWatcher.cs|WriteImageMetaData|105|Writing CSV image metadata: C:\ASTROIMAGES\NINA\2026-05-27\M 51\LIGHT\H\metadata\ImageMetaData.csv
2026-05-28T00:16:54.1319|INFO|SessionMetaDataWatcher.cs|WriteImageMetaData|122|Writing JSON image metadata: C:\ASTROIMAGES\NINA\2026-05-27\M 51\LIGHT\H\metadata\ImageMetaData.json
2026-05-28T00:16:54.1343|INFO|SessionMetaDataWatcher.cs|WriteWeatherMetaData|169|Writing CSV weather metadata: C:\ASTROIMAGES\NINA\2026-05-27\M 51\LIGHT\H\metadata\WeatherData.csv
2026-05-28T00:16:54.1513|INFO|SessionMetaDataWatcher.cs|WriteWeatherMetaData|186|Writing JSON weather metadata: C:\ASTROIMAGES\NINA\2026-05-27\M 51\LIGHT\H\metadata\WeatherData.json
2026-05-28T00:16:54.1529|INFO|SessionService.cs|OnTargetDetectedAsync|663|[Subframes] Target detected: 'M51' (was 'M51')
2026-05-28T00:16:54.1973|INFO|SubframesClient.cs|StartTargetAsync|316|[Subframes] Target started:  name='M51'
2026-05-28T00:16:54.1975|WARNING|SessionService.cs|StartTargetAsync|559|[Subframes] StartTarget failed — cached locally as 2462ecd3-69ac-4a63-bad5-9e1102c0f9d7 for replay.
2026-05-28T00:16:54.8290|INFO|MeridianFlipTrigger.cs|ShouldTrigger|265|Meridian Flip - There is still time remaining - max remaining time 10:25:43.2938446, next instruction time 0, next instruction Category: Powerups (Fun-ctions), Item: GSSend - and the telescope reports expected pier side pierEast. Automated Flip is not necessary.
2026-05-28T00:16:54.8291|INFO|SequenceItem.cs|Run|208|Starting Category: Powerups (Fun-ctions), Item: GSSend
2026-05-28T00:16:54.8294|INFO|SendWithGS.cs|ProcessedScript|64|Replacing Image_ExposureTime with 600
2026-05-28T00:16:54.8295|INFO|SendWithGS.cs|ProcessedScript|64|Replacing Image_HFR with 1.818
2026-05-28T00:16:54.8296|INFO|SendWithGS.cs|ProcessedScript|64|Replacing Image_FWHM with 7.15
2026-05-28T00:16:54.8297|INFO|SendWithGS.cs|ProcessedScript|64|Replacing Altitude with 66.65263296030982
2026-05-28T00:16:54.8297|INFO|SendWithGS.cs|Execute|95|Sending to Ground Station: Exp: $$FWHEEL_FILTER_NAME$$ on $$TARGET_NAME$$ EXP: 600 HFR: 1.818 FWHM: 7.15  Altitude: 66.65263296030982 
2026-05-28T00:16:54.8309|INFO|SequenceItem.cs|Run|208|Starting Category: Ground Station, Item: Send to Telegram
2026-05-28T00:16:55.5195|INFO|SequenceItem.cs|Run|254|Finishing Category: Ground Station, Item: Send to Telegram
2026-05-28T00:16:55.5207|INFO|SequenceItem.cs|Run|254|Finishing Category: Powerups (Fun-ctions), Item: GSSend
2026-05-28T00:16:55.5211|INFO|MeridianFlipTrigger.cs|ShouldTrigger|265|Meridian Flip - There is still time remaining - max remaining time 10:25:43.2938446, next instruction time 0, next instruction Category: Powerups (Fun-ctions), Item: GSSend - and the telescope reports expected pier side pierEast. Automated Flip is not necessary.
2026-05-28T00:16:55.5212|INFO|SequenceItem.cs|Run|208|Starting Category: Powerups (Fun-ctions), Item: GSSend
2026-05-28T00:16:55.5215|INFO|SendWithGS.cs|ProcessedScript|64|Replacing Image_ExposureTime with 600
2026-05-28T00:16:55.5217|INFO|SendWithGS.cs|ProcessedScript|64|Replacing Image_HFR with 1.818
2026-05-28T00:16:55.5219|INFO|SendWithGS.cs|ProcessedScript|64|Replacing Image_FWHM with 7.15
2026-05-28T00:16:55.5220|INFO|SendWithGS.cs|ProcessedScript|64|Replacing Altitude with 66.65263296030982
2026-05-28T00:16:55.5220|INFO|SendWithGS.cs|Execute|95|Sending to Ground Station: Exp: $$FWHEEL_FILTER_NAME$$ on $$TARGET_NAME$$ EXP: 600 HFR: 1.818 FWHM: 7.15  Altitude: 66.65263296030982 
2026-05-28T00:16:55.5232|INFO|SequenceItem.cs|Run|208|Starting Category: Ground Station, Item: Send to Pushover, Title: IMAGE: $$TARGET_NAME$$
2026-05-28T00:16:55.7122|INFO|SequenceItem.cs|Run|254|Finishing Category: Ground Station, Item: Send to Pushover, Title: IMAGE: $$TARGET_NAME$$
2026-05-28T00:16:55.7135|INFO|SequenceItem.cs|Run|254|Finishing Category: Powerups (Fun-ctions), Item: GSSend
2026-05-28T00:16:55.8892|INFO|Symbol.cs|OnMessageReceived|627|Received message from Target Scheduler re: TargetScheduler-TargetStart
2026-05-28T00:16:55.8893|INFO|Symbol.cs|OnMessageReceived|635|TS_TargetName = M 51
2026-05-28T00:16:55.8893|INFO|Symbol.cs|OnMessageReceived|636|Expires at 05/28/2026 03:57:35 -05:00
2026-05-28T00:16:55.8893|INFO|Symbol.cs|OnMessageReceived|627|Received message from Target Scheduler re: TargetScheduler-TargetStart
2026-05-28T00:16:55.8893|INFO|Symbol.cs|OnMessageReceived|635|TS_TargetName = M 51
2026-05-28T00:16:55.8893|INFO|Symbol.cs|OnMessageReceived|636|Expires at 05/28/2026 03:57:35 -05:00
2026-05-28T00:16:55.8897|INFO|MeridianFlipTrigger.cs|ShouldTrigger|265|Meridian Flip - There is still time remaining - max remaining time 10:25:43.2938446, next instruction time 0, next instruction NINA.Plugin.TargetScheduler.Sequencer.PlanSchedulerProgress - and the telescope reports expected pier side pierEast. Automated Flip is not necessary.
2026-05-28T00:16:55.8898|INFO|SequenceItem.cs|Run|208|Starting NINA.Plugin.TargetScheduler.Sequencer.PlanSchedulerProgress
2026-05-28T00:16:55.8898|INFO|SequenceItem.cs|Run|254|Finishing NINA.Plugin.TargetScheduler.Sequencer.PlanSchedulerProgress
2026-05-28T00:16:55.8900|INFO|MeridianFlipTrigger.cs|ShouldTrigger|265|Meridian Flip - There is still time remaining - max remaining time 10:25:43.2938446, next instruction time 0, next instruction Category: Scheduler, Item: SwitchFilter, Filter: H - and the telescope reports expected pier side pierEast. Automated Flip is not necessary.
2026-05-28T00:16:55.8901|INFO|SequenceItem.cs|Run|208|Starting Category: Scheduler, Item: SwitchFilter, Filter: H
2026-05-28T00:16:55.8911|INFO|SequenceItem.cs|Run|254|Finishing Category: Scheduler, Item: SwitchFilter, Filter: H
2026-05-28T00:16:55.8914|INFO|MeridianFlipTrigger.cs|ShouldTrigger|265|Meridian Flip - There is still time remaining - max remaining time 10:25:43.2938446, next instruction time 0, next instruction NINA.Plugin.TargetScheduler.Sequencer.PlanSchedulerProgress - and the telescope reports expected pier side pierEast. Automated Flip is not necessary.
2026-05-28T00:16:55.8914|INFO|SequenceItem.cs|Run|208|Starting NINA.Plugin.TargetScheduler.Sequencer.PlanSchedulerProgress
2026-05-28T00:16:55.8914|INFO|SequenceItem.cs|Run|254|Finishing NINA.Plugin.TargetScheduler.Sequencer.PlanSchedulerProgress
2026-05-28T00:16:55.8916|INFO|MeridianFlipTrigger.cs|ShouldTrigger|265|Meridian Flip - There is still time remaining - max remaining time 10:25:43.2938446, next instruction time 0, next instruction Category: Scheduler, Item: SetReadoutMode, Mode: 0 - and the telescope reports expected pier side pierEast. Automated Flip is not necessary.
2026-05-28T00:16:55.8916|INFO|SequenceItem.cs|Run|208|Starting Category: Scheduler, Item: SetReadoutMode, Mode: 0
2026-05-28T00:16:55.8917|INFO|SequenceItem.cs|Run|254|Finishing Category: Scheduler, Item: SetReadoutMode, Mode: 0
2026-05-28T00:16:55.8918|INFO|MeridianFlipTrigger.cs|ShouldTrigger|265|Meridian Flip - There is still time remaining - max remaining time 10:25:43.2938446, next instruction time 0, next instruction NINA.Plugin.TargetScheduler.Sequencer.PlanSchedulerProgress - and the telescope reports expected pier side pierEast. Automated Flip is not necessary.
2026-05-28T00:16:55.8918|INFO|SequenceItem.cs|Run|208|Starting NINA.Plugin.TargetScheduler.Sequencer.PlanSchedulerProgress
2026-05-28T00:16:55.8929|INFO|SequenceItem.cs|Run|254|Finishing NINA.Plugin.TargetScheduler.Sequencer.PlanSchedulerProgress
2026-05-28T00:16:55.9173|INFO|MeridianFlipTrigger.cs|ShouldTrigger|265|Meridian Flip - There is still time remaining - max remaining time 10:25:43.2938446, next instruction time 600, next instruction Category: Scheduler, Item: TakeExposure, ExposureTime 600, Gain 100, Offset 50, ImageType LIGHT, Binning 1x1 - and the telescope reports expected pier side pierEast. Automated Flip is not necessary.
2026-05-28T00:16:55.9174|INFO|DIYTrigger.cs|ShouldTrigger|109|DIY Trigger Restore Guiding ShouldTrigger returning true
2026-05-28T00:16:55.9174|INFO|SequenceTrigger.cs|Run|114|Starting Category: Powerups (Misc), Item: DIYTrigger
2026-05-28T00:16:55.9789|INFO|DIYTrigger.cs|Execute|95|DIY Trigger executing...
2026-05-28T00:16:55.9790|INFO|SequenceItem.cs|Run|208|Starting Category: * Instruction Set *, Container: NINA.Sequencer.Container.SequentialContainer, Strategy: SequentialStrategy, Items[CREATED]: 1, Triggers: Trigger: RestoreGuiding
2026-05-28T00:16:55.9793|INFO|MeridianFlipTrigger.cs|ShouldTrigger|265|Meridian Flip - There is still time remaining - max remaining time 10:25:43.2938446, next instruction time 0, next instruction Category: Powerups (Expressions), Item: IfFailed - and the telescope reports expected pier side pierEast. Automated Flip is not necessary.
2026-05-28T00:16:55.9793|INFO|SequenceItem.cs|Run|208|Starting Category: Powerups (Expressions), Item: IfFailed
2026-05-28T00:16:55.9794|INFO|SequenceItem.cs|Run|208|Starting Category: Guider, Item: StartGuiding
2026-05-28T00:16:55.9830|INFO|PHD2Guider.cs|StartGuidingPrivate|504|Phd2 - App is already guiding. Skipping start guiding
2026-05-28T00:16:55.9833|INFO|SequenceItem.cs|Run|254|Finishing Category: Guider, Item: StartGuiding
2026-05-28T00:16:55.9833|INFO|SequenceItem.cs|Run|254|Finishing Category: Powerups (Expressions), Item: IfFailed
2026-05-28T00:16:55.9835|INFO|SequenceItem.cs|Run|254|Finishing Category: * Instruction Set *, Container: NINA.Sequencer.Container.SequentialContainer, Strategy: SequentialStrategy, Items[FINISHED]: 1, Triggers: Trigger: RestoreGuiding
2026-05-28T00:16:55.9860|INFO|SequenceItem.cs|Run|208|Starting Category: Scheduler, Item: TakeExposure, ExposureTime 600, Gain 100, Offset 50, ImageType LIGHT, Binning 1x1
2026-05-28T00:16:55.9965|INFO|CameraVM.cs|Capture|742|Starting Exposure - Exposure Time: 600s; Filter: ; Gain: 100; Offset 50; Binning: 1x1;
2026-05-28T00:16:56.4327|INFO|StarfrontClient.cs|SendImageFile|249|[Rockwood] sent 2026-05-28_00-06-49_M 51_LIGHT_H_-4.90C_G100-Exp-600.00s_MAXRMS-D14.89-R37.83_M-64.30_RMS-2.99_HFR-1.82_F-0012.fits (21KB) object=M 51 exptime=600s filter=H
2026-05-28T00:16:59.3282|WARNING|TsPreviewClient.cs|FetchPreviewAsync|161|[Subframes] TsPreviewClient.FetchPreviewAsync failed for profile '533M-AT60' (0173997c-4bfa-48fd-9337-a48b6df99c38): TaskCanceledException: The request was canceled due to the configured HttpClient.Timeout of 5 seconds elapsing.
2026-05-28T00:17:10.4876|INFO|SyncEngine.cs|SyncPendingFramesAsync|142|[Subframes] SyncEngine: synced 1 frames for session 488ed467-5289-4740-b683-e0aa7c3efabe (accepted=1)
2026-05-28T00:21:13.5250|INFO|TsProgressReader.cs|ReadProgressDelta|75|[Subframes] TS progress delta: DB not found at C:\Users\nicka\AppData\Local\NINA\SchedulerPlugin — Target Scheduler not installed or DB path mismatch.
2026-05-28T00:26:13.5243|INFO|TsProgressReader.cs|ReadProgressDelta|75|[Subframes] TS progress delta: DB not found at C:\Users\nicka\AppData\Local\NINA\SchedulerPlugin — Target Scheduler not installed or DB path mismatch.
2026-05-28T00:26:57.9307|INFO|SequenceItem.cs|Run|254|Finishing Category: Scheduler, Item: TakeExposure, ExposureTime 600, Gain 100, Offset 50, ImageType LIGHT, Binning 1x1
2026-05-28T00:26:57.9869|INFO|MeridianFlipTrigger.cs|ShouldTrigger|265|Meridian Flip - There is still time remaining - max remaining time 10:15:42.0755676, next instruction time 0, next instruction NINA.Plugin.TargetScheduler.Sequencer.PlanSchedulerProgress - and the telescope reports expected pier side pierEast. Automated Flip is not necessary.
2026-05-28T00:26:57.9870|INFO|SequenceItem.cs|Run|208|Starting NINA.Plugin.TargetScheduler.Sequencer.PlanSchedulerProgress
2026-05-28T00:26:57.9871|INFO|SequenceItem.cs|Run|254|Finishing NINA.Plugin.TargetScheduler.Sequencer.PlanSchedulerProgress
2026-05-28T00:26:59.3944|INFO|HocusFocusStarDetection.cs|Detect|413|Average HFR: 1.8125322537728434, HFR MAD: 0.16061765995764699, Detected Stars 341, Region: 0
2026-05-28T00:27:00.1159|INFO|BaseImageData.cs|SaveToDisk|346|Saved image to C:\ASTROIMAGES\NINA\2026-05-27\M 51\LIGHT\H\2026-05-28_00-16-56_M 51_LIGHT_H_-5.00C_G100-Exp-600.00s_MAXRMS-D2.51-R1.27_M-64.33_RMS-0.46_HFR-1.81_F-0013.fits
2026-05-28T00:27:00.1160|INFO|ImageSaveController.cs|DoWork|97|Successfully saved file at C:\ASTROIMAGES\NINA\2026-05-27\M 51\LIGHT\H\2026-05-28_00-16-56_M 51_LIGHT_H_-5.00C_G100-Exp-600.00s_MAXRMS-D2.51-R1.27_M-64.33_RMS-0.46_HFR-1.81_F-0013.fits. Duration Total: 00:00:02.1853152; BeforeSave: 00:00:00.0170578; BeforeFinalizeImageSaved: 00:00:01.8377355; FinalizeSaveTime: 00:00:00.3305209
2026-05-28T00:27:00.6419|WARNING|SessionMetaDataWatcher.cs|WriteAcquisitionMetaData|73|acquisition file already exists, will not overwrite: C:\ASTROIMAGES\NINA\2026-05-27\M 51\LIGHT\H\metadata\AcquisitionDetails.csv
2026-05-28T00:27:00.6420|WARNING|SessionMetaDataWatcher.cs|WriteAcquisitionMetaData|93|acquisition file already exists, will not overwrite: C:\ASTROIMAGES\NINA\2026-05-27\M 51\LIGHT\H\metadata\AcquisitionDetails.json
2026-05-28T00:27:00.6423|INFO|SessionMetaDataWatcher.cs|WriteImageMetaData|105|Writing CSV image metadata: C:\ASTROIMAGES\NINA\2026-05-27\M 51\LIGHT\H\metadata\ImageMetaData.csv
2026-05-28T00:27:00.6794|INFO|SessionMetaDataWatcher.cs|WriteImageMetaData|122|Writing JSON image metadata: C:\ASTROIMAGES\NINA\2026-05-27\M 51\LIGHT\H\metadata\ImageMetaData.json
2026-05-28T00:27:00.6827|INFO|SessionMetaDataWatcher.cs|WriteWeatherMetaData|169|Writing CSV weather metadata: C:\ASTROIMAGES\NINA\2026-05-27\M 51\LIGHT\H\metadata\WeatherData.csv
2026-05-28T00:27:00.7067|INFO|SessionMetaDataWatcher.cs|WriteWeatherMetaData|186|Writing JSON weather metadata: C:\ASTROIMAGES\NINA\2026-05-27\M 51\LIGHT\H\metadata\WeatherData.json
2026-05-28T00:27:00.7086|INFO|SessionService.cs|OnTargetDetectedAsync|663|[Subframes] Target detected: 'M51' (was 'M51')
2026-05-28T00:27:00.7435|INFO|SubframesClient.cs|StartTargetAsync|316|[Subframes] Target started:  name='M51'
2026-05-28T00:27:00.7437|WARNING|SessionService.cs|StartTargetAsync|559|[Subframes] StartTarget failed — cached locally as 501af147-d587-484f-8fa4-175e11b3d0c0 for replay.
2026-05-28T00:27:01.4400|INFO|MeridianFlipTrigger.cs|ShouldTrigger|265|Meridian Flip - There is still time remaining - max remaining time 10:15:37.8264772, next instruction time 0, next instruction Category: Powerups (Fun-ctions), Item: GSSend - and the telescope reports expected pier side pierEast. Automated Flip is not necessary.
2026-05-28T00:27:01.4401|INFO|SequenceItem.cs|Run|208|Starting Category: Powerups (Fun-ctions), Item: GSSend
2026-05-28T00:27:01.4405|INFO|SendWithGS.cs|ProcessedScript|64|Replacing Image_ExposureTime with 600
2026-05-28T00:27:01.4406|INFO|SendWithGS.cs|ProcessedScript|64|Replacing Image_HFR with 1.813
2026-05-28T00:27:01.4408|INFO|SendWithGS.cs|ProcessedScript|64|Replacing Image_FWHM with 7.12
2026-05-28T00:27:01.4409|INFO|SendWithGS.cs|ProcessedScript|64|Replacing Altitude with 65.18977563439576
2026-05-28T00:27:01.4410|INFO|SendWithGS.cs|Execute|95|Sending to Ground Station: Exp: $$FWHEEL_FILTER_NAME$$ on $$TARGET_NAME$$ EXP: 600 HFR: 1.813 FWHM: 7.12  Altitude: 65.18977563439576 
2026-05-28T00:27:01.4422|INFO|SequenceItem.cs|Run|208|Starting Category: Ground Station, Item: Send to Telegram
2026-05-28T00:27:02.1123|INFO|SequenceItem.cs|Run|254|Finishing Category: Ground Station, Item: Send to Telegram
2026-05-28T00:27:02.1136|INFO|SequenceItem.cs|Run|254|Finishing Category: Powerups (Fun-ctions), Item: GSSend
2026-05-28T00:27:02.1350|INFO|MeridianFlipTrigger.cs|ShouldTrigger|265|Meridian Flip - There is still time remaining - max remaining time 10:15:37.8264772, next instruction time 0, next instruction Category: Powerups (Fun-ctions), Item: GSSend - and the telescope reports expected pier side pierEast. Automated Flip is not necessary.
2026-05-28T00:27:02.1350|INFO|SequenceItem.cs|Run|208|Starting Category: Powerups (Fun-ctions), Item: GSSend
2026-05-28T00:27:02.1353|INFO|SendWithGS.cs|ProcessedScript|64|Replacing Image_ExposureTime with 600
2026-05-28T00:27:02.1355|INFO|SendWithGS.cs|ProcessedScript|64|Replacing Image_HFR with 1.813
2026-05-28T00:27:02.1356|INFO|SendWithGS.cs|ProcessedScript|64|Replacing Image_FWHM with 7.12
2026-05-28T00:27:02.1357|INFO|SendWithGS.cs|ProcessedScript|64|Replacing Altitude with 65.18977563439576
2026-05-28T00:27:02.1357|INFO|SendWithGS.cs|Execute|95|Sending to Ground Station: Exp: $$FWHEEL_FILTER_NAME$$ on $$TARGET_NAME$$ EXP: 600 HFR: 1.813 FWHM: 7.12  Altitude: 65.18977563439576 
2026-05-28T00:27:02.1370|INFO|SequenceItem.cs|Run|208|Starting Category: Ground Station, Item: Send to Pushover, Title: IMAGE: $$TARGET_NAME$$
2026-05-28T00:27:02.2720|INFO|SequenceItem.cs|Run|254|Finishing Category: Ground Station, Item: Send to Pushover, Title: IMAGE: $$TARGET_NAME$$
2026-05-28T00:27:02.2732|INFO|SequenceItem.cs|Run|254|Finishing Category: Powerups (Fun-ctions), Item: GSSend
2026-05-28T00:27:02.5098|INFO|Symbol.cs|OnMessageReceived|627|Received message from Target Scheduler re: TargetScheduler-TargetStart
2026-05-28T00:27:02.5099|INFO|Symbol.cs|OnMessageReceived|635|TS_TargetName = M 51
2026-05-28T00:27:02.5099|INFO|Symbol.cs|OnMessageReceived|636|Expires at 05/28/2026 03:57:35 -05:00
2026-05-28T00:27:02.5099|INFO|Symbol.cs|OnMessageReceived|627|Received message from Target Scheduler re: TargetScheduler-TargetStart
2026-05-28T00:27:02.5100|INFO|Symbol.cs|OnMessageReceived|635|TS_TargetName = M 51
2026-05-28T00:27:02.5100|INFO|Symbol.cs|OnMessageReceived|636|Expires at 05/28/2026 03:57:35 -05:00
2026-05-28T00:27:02.5104|INFO|MeridianFlipTrigger.cs|ShouldTrigger|265|Meridian Flip - There is still time remaining - max remaining time 10:15:36.1217259, next instruction time 0, next instruction NINA.Plugin.TargetScheduler.Sequencer.PlanSchedulerProgress - and the telescope reports expected pier side pierEast. Automated Flip is not necessary.
2026-05-28T00:27:02.5104|INFO|SequenceItem.cs|Run|208|Starting NINA.Plugin.TargetScheduler.Sequencer.PlanSchedulerProgress
2026-05-28T00:27:02.5105|INFO|SequenceItem.cs|Run|254|Finishing NINA.Plugin.TargetScheduler.Sequencer.PlanSchedulerProgress
2026-05-28T00:27:02.5375|INFO|MeridianFlipTrigger.cs|ShouldTrigger|265|Meridian Flip - There is still time remaining - max remaining time 10:15:36.1217259, next instruction time 0, next instruction Category: Scheduler, Item: SwitchFilter, Filter: H - and the telescope reports expected pier side pierEast. Automated Flip is not necessary.
2026-05-28T00:27:02.5376|INFO|SequenceItem.cs|Run|208|Starting Category: Scheduler, Item: SwitchFilter, Filter: H
2026-05-28T00:27:02.5720|INFO|SequenceItem.cs|Run|254|Finishing Category: Scheduler, Item: SwitchFilter, Filter: H
2026-05-28T00:27:02.5724|INFO|MeridianFlipTrigger.cs|ShouldTrigger|265|Meridian Flip - There is still time remaining - max remaining time 10:15:36.1217259, next instruction time 0, next instruction NINA.Plugin.TargetScheduler.Sequencer.PlanSchedulerProgress - and the telescope reports expected pier side pierEast. Automated Flip is not necessary.
2026-05-28T00:27:02.5725|INFO|SequenceItem.cs|Run|208|Starting NINA.Plugin.TargetScheduler.Sequencer.PlanSchedulerProgress
2026-05-28T00:27:02.5725|INFO|SequenceItem.cs|Run|254|Finishing NINA.Plugin.TargetScheduler.Sequencer.PlanSchedulerProgress
2026-05-28T00:27:02.5973|INFO|MeridianFlipTrigger.cs|ShouldTrigger|265|Meridian Flip - There is still time remaining - max remaining time 10:15:36.1217259, next instruction time 0, next instruction Category: Scheduler, Item: SetReadoutMode, Mode: 0 - and the telescope reports expected pier side pierEast. Automated Flip is not necessary.
2026-05-28T00:27:02.5974|INFO|SequenceItem.cs|Run|208|Starting Category: Scheduler, Item: SetReadoutMode, Mode: 0
2026-05-28T00:27:02.5975|INFO|SequenceItem.cs|Run|254|Finishing Category: Scheduler, Item: SetReadoutMode, Mode: 0
2026-05-28T00:27:02.6218|INFO|MeridianFlipTrigger.cs|ShouldTrigger|265|Meridian Flip - There is still time remaining - max remaining time 10:15:36.1217259, next instruction time 0, next instruction NINA.Plugin.TargetScheduler.Sequencer.PlanSchedulerProgress - and the telescope reports expected pier side pierEast. Automated Flip is not necessary.
2026-05-28T00:27:02.6219|INFO|SequenceItem.cs|Run|208|Starting NINA.Plugin.TargetScheduler.Sequencer.PlanSchedulerProgress
2026-05-28T00:27:02.6222|INFO|SequenceItem.cs|Run|254|Finishing NINA.Plugin.TargetScheduler.Sequencer.PlanSchedulerProgress
2026-05-28T00:27:02.6603|INFO|MeridianFlipTrigger.cs|ShouldTrigger|265|Meridian Flip - There is still time remaining - max remaining time 10:15:36.1217259, next instruction time 600, next instruction Category: Scheduler, Item: TakeExposure, ExposureTime 600, Gain 100, Offset 50, ImageType LIGHT, Binning 1x1 - and the telescope reports expected pier side pierEast. Automated Flip is not necessary.
2026-05-28T00:27:02.6604|INFO|DIYTrigger.cs|ShouldTrigger|109|DIY Trigger Restore Guiding ShouldTrigger returning true
2026-05-28T00:27:02.6604|INFO|SequenceTrigger.cs|Run|114|Starting Category: Powerups (Misc), Item: DIYTrigger
2026-05-28T00:27:02.6623|INFO|DIYTrigger.cs|Execute|95|DIY Trigger executing...
2026-05-28T00:27:02.6625|INFO|SequenceItem.cs|Run|208|Starting Category: * Instruction Set *, Container: NINA.Sequencer.Container.SequentialContainer, Strategy: SequentialStrategy, Items[CREATED]: 1, Triggers: Trigger: RestoreGuiding
2026-05-28T00:27:02.6628|INFO|MeridianFlipTrigger.cs|ShouldTrigger|265|Meridian Flip - There is still time remaining - max remaining time 10:15:36.1217259, next instruction time 0, next instruction Category: Powerups (Expressions), Item: IfFailed - and the telescope reports expected pier side pierEast. Automated Flip is not necessary.
2026-05-28T00:27:02.6628|INFO|SequenceItem.cs|Run|208|Starting Category: Powerups (Expressions), Item: IfFailed
2026-05-28T00:27:02.6629|INFO|SequenceItem.cs|Run|208|Starting Category: Guider, Item: StartGuiding
2026-05-28T00:27:02.6705|INFO|PHD2Guider.cs|StartGuidingPrivate|504|Phd2 - App is already guiding. Skipping start guiding
2026-05-28T00:27:02.6707|INFO|SequenceItem.cs|Run|254|Finishing Category: Guider, Item: StartGuiding
2026-05-28T00:27:02.6709|INFO|SequenceItem.cs|Run|254|Finishing Category: Powerups (Expressions), Item: IfFailed
2026-05-28T00:27:02.6714|INFO|SequenceItem.cs|Run|254|Finishing Category: * Instruction Set *, Container: NINA.Sequencer.Container.SequentialContainer, Strategy: SequentialStrategy, Items[FINISHED]: 1, Triggers: Trigger: RestoreGuiding
2026-05-28T00:27:02.6741|INFO|SequenceItem.cs|Run|208|Starting Category: Scheduler, Item: TakeExposure, ExposureTime 600, Gain 100, Offset 50, ImageType LIGHT, Binning 1x1
2026-05-28T00:27:02.6824|INFO|CameraVM.cs|Capture|742|Starting Exposure - Exposure Time: 600s; Filter: ; Gain: 100; Offset 50; Binning: 1x1;
2026-05-28T00:27:03.0674|INFO|StarfrontClient.cs|SendImageFile|249|[Rockwood] sent 2026-05-28_00-16-56_M 51_LIGHT_H_-5.00C_G100-Exp-600.00s_MAXRMS-D2.51-R1.27_M-64.33_RMS-0.46_HFR-1.81_F-0013.fits (21KB) object=M 51 exptime=600s filter=H
2026-05-28T00:27:05.8820|WARNING|TsPreviewClient.cs|FetchPreviewAsync|161|[Subframes] TsPreviewClient.FetchPreviewAsync failed for profile '533M-AT60' (0173997c-4bfa-48fd-9337-a48b6df99c38): TaskCanceledException: The request was canceled due to the configured HttpClient.Timeout of 5 seconds elapsing.
2026-05-28T00:27:10.4839|INFO|SyncEngine.cs|SyncPendingFramesAsync|142|[Subframes] SyncEngine: synced 1 frames for session 488ed467-5289-4740-b683-e0aa7c3efabe (accepted=1)
2026-05-28T00:31:13.5315|INFO|TsProgressReader.cs|ReadProgressDelta|75|[Subframes] TS progress delta: DB not found at C:\Users\nicka\AppData\Local\NINA\SchedulerPlugin — Target Scheduler not installed or DB path mismatch.
2026-05-28T00:36:13.5240|INFO|TsProgressReader.cs|ReadProgressDelta|75|[Subframes] TS progress delta: DB not found at C:\Users\nicka\AppData\Local\NINA\SchedulerPlugin — Target Scheduler not installed or DB path mismatch.
2026-05-28T00:37:04.5873|INFO|SequenceItem.cs|Run|254|Finishing Category: Scheduler, Item: TakeExposure, ExposureTime 600, Gain 100, Offset 50, ImageType LIGHT, Binning 1x1
2026-05-28T00:37:04.5877|INFO|MeridianFlipTrigger.cs|ShouldTrigger|265|Meridian Flip - There is still time remaining - max remaining time 10:05:32.5583427, next instruction time 0, next instruction NINA.Plugin.TargetScheduler.Sequencer.PlanSchedulerProgress - and the telescope reports expected pier side pierEast. Automated Flip is not necessary.
2026-05-28T00:37:04.5879|INFO|SequenceItem.cs|Run|208|Starting NINA.Plugin.TargetScheduler.Sequencer.PlanSchedulerProgress
2026-05-28T00:37:04.5879|INFO|SequenceItem.cs|Run|254|Finishing NINA.Plugin.TargetScheduler.Sequencer.PlanSchedulerProgress
2026-05-28T00:37:05.9804|INFO|HocusFocusStarDetection.cs|Detect|413|Average HFR: 1.8140497420589687, HFR MAD: 0.1555044289751888, Detected Stars 326, Region: 0
2026-05-28T00:37:06.6833|INFO|BaseImageData.cs|SaveToDisk|346|Saved image to C:\ASTROIMAGES\NINA\2026-05-27\M 51\LIGHT\H\2026-05-28_00-27-02_M 51_LIGHT_H_-5.00C_G100-Exp-600.00s_MAXRMS-D1.53-R0.88_M-64.37_RMS-0.36_HFR-1.81_F-0014.fits
2026-05-28T00:37:06.6835|INFO|ImageSaveController.cs|DoWork|97|Successfully saved file at C:\ASTROIMAGES\NINA\2026-05-27\M 51\LIGHT\H\2026-05-28_00-27-02_M 51_LIGHT_H_-5.00C_G100-Exp-600.00s_MAXRMS-D1.53-R0.88_M-64.37_RMS-0.36_HFR-1.81_F-0014.fits. Duration Total: 00:00:02.0959466; BeforeSave: 00:00:00.0000867; BeforeFinalizeImageSaved: 00:00:01.7806290; FinalizeSaveTime: 00:00:00.3152301
2026-05-28T00:37:07.2096|WARNING|SessionMetaDataWatcher.cs|WriteAcquisitionMetaData|73|acquisition file already exists, will not overwrite: C:\ASTROIMAGES\NINA\2026-05-27\M 51\LIGHT\H\metadata\AcquisitionDetails.csv
2026-05-28T00:37:07.2098|WARNING|SessionMetaDataWatcher.cs|WriteAcquisitionMetaData|93|acquisition file already exists, will not overwrite: C:\ASTROIMAGES\NINA\2026-05-27\M 51\LIGHT\H\metadata\AcquisitionDetails.json
2026-05-28T00:37:07.2100|INFO|SessionMetaDataWatcher.cs|WriteImageMetaData|105|Writing CSV image metadata: C:\ASTROIMAGES\NINA\2026-05-27\M 51\LIGHT\H\metadata\ImageMetaData.csv
2026-05-28T00:37:07.2433|INFO|SessionMetaDataWatcher.cs|WriteImageMetaData|122|Writing JSON image metadata: C:\ASTROIMAGES\NINA\2026-05-27\M 51\LIGHT\H\metadata\ImageMetaData.json
2026-05-28T00:37:07.2472|INFO|SessionMetaDataWatcher.cs|WriteWeatherMetaData|169|Writing CSV weather metadata: C:\ASTROIMAGES\NINA\2026-05-27\M 51\LIGHT\H\metadata\WeatherData.csv
2026-05-28T00:37:07.2776|INFO|SessionMetaDataWatcher.cs|WriteWeatherMetaData|186|Writing JSON weather metadata: C:\ASTROIMAGES\NINA\2026-05-27\M 51\LIGHT\H\metadata\WeatherData.json
2026-05-28T00:37:07.2810|INFO|SessionService.cs|OnTargetDetectedAsync|663|[Subframes] Target detected: 'M51' (was 'M51')
2026-05-28T00:37:07.3213|INFO|SubframesClient.cs|StartTargetAsync|316|[Subframes] Target started:  name='M51'
2026-05-28T00:37:07.3214|WARNING|SessionService.cs|StartTargetAsync|559|[Subframes] StartTarget failed — cached locally as 58430f0a-4726-42fc-8d8d-8c4ed35e4f84 for replay.
2026-05-28T00:37:08.0284|INFO|MeridianFlipTrigger.cs|ShouldTrigger|265|Meridian Flip - There is still time remaining - max remaining time 10:05:30.3604569, next instruction time 0, next instruction Category: Powerups (Fun-ctions), Item: GSSend - and the telescope reports expected pier side pierEast. Automated Flip is not necessary.
2026-05-28T00:37:08.0284|INFO|SequenceItem.cs|Run|208|Starting Category: Powerups (Fun-ctions), Item: GSSend
2026-05-28T00:37:08.0287|INFO|SendWithGS.cs|ProcessedScript|64|Replacing Image_ExposureTime with 600
2026-05-28T00:37:08.0289|INFO|SendWithGS.cs|ProcessedScript|64|Replacing Image_HFR with 1.814
2026-05-28T00:37:08.0290|INFO|SendWithGS.cs|ProcessedScript|64|Replacing Image_FWHM with 7.14
2026-05-28T00:37:08.0291|INFO|SendWithGS.cs|ProcessedScript|64|Replacing Altitude with 63.663072775690644
2026-05-28T00:37:08.0291|INFO|SendWithGS.cs|Execute|95|Sending to Ground Station: Exp: $$FWHEEL_FILTER_NAME$$ on $$TARGET_NAME$$ EXP: 600 HFR: 1.814 FWHM: 7.14  Altitude: 63.663072775690644 
2026-05-28T00:37:08.0303|INFO|SequenceItem.cs|Run|208|Starting Category: Ground Station, Item: Send to Telegram
2026-05-28T00:37:08.7860|INFO|SequenceItem.cs|Run|254|Finishing Category: Ground Station, Item: Send to Telegram
2026-05-28T00:37:08.7873|INFO|SequenceItem.cs|Run|254|Finishing Category: Powerups (Fun-ctions), Item: GSSend
2026-05-28T00:37:08.7877|INFO|MeridianFlipTrigger.cs|ShouldTrigger|265|Meridian Flip - There is still time remaining - max remaining time 10:05:28.5515659, next instruction time 0, next instruction Category: Powerups (Fun-ctions), Item: GSSend - and the telescope reports expected pier side pierEast. Automated Flip is not necessary.
2026-05-28T00:37:08.7878|INFO|SequenceItem.cs|Run|208|Starting Category: Powerups (Fun-ctions), Item: GSSend
2026-05-28T00:37:08.7881|INFO|SendWithGS.cs|ProcessedScript|64|Replacing Image_ExposureTime with 600
2026-05-28T00:37:08.7883|INFO|SendWithGS.cs|ProcessedScript|64|Replacing Image_HFR with 1.814
2026-05-28T00:37:08.7884|INFO|SendWithGS.cs|ProcessedScript|64|Replacing Image_FWHM with 7.14
2026-05-28T00:37:08.7885|INFO|SendWithGS.cs|ProcessedScript|64|Replacing Altitude with 63.663072775690644
2026-05-28T00:37:08.7885|INFO|SendWithGS.cs|Execute|95|Sending to Ground Station: Exp: $$FWHEEL_FILTER_NAME$$ on $$TARGET_NAME$$ EXP: 600 HFR: 1.814 FWHM: 7.14  Altitude: 63.663072775690644 
2026-05-28T00:37:08.7898|INFO|SequenceItem.cs|Run|208|Starting Category: Ground Station, Item: Send to Pushover, Title: IMAGE: $$TARGET_NAME$$
2026-05-28T00:37:08.9604|INFO|SequenceItem.cs|Run|254|Finishing Category: Ground Station, Item: Send to Pushover, Title: IMAGE: $$TARGET_NAME$$
2026-05-28T00:37:08.9617|INFO|SequenceItem.cs|Run|254|Finishing Category: Powerups (Fun-ctions), Item: GSSend
2026-05-28T00:37:09.1480|INFO|Symbol.cs|OnMessageReceived|627|Received message from Target Scheduler re: TargetScheduler-TargetStart
2026-05-28T00:37:09.1480|INFO|Symbol.cs|OnMessageReceived|635|TS_TargetName = M 51
2026-05-28T00:37:09.1480|INFO|Symbol.cs|OnMessageReceived|636|Expires at 05/28/2026 03:57:35 -05:00
2026-05-28T00:37:09.1481|INFO|Symbol.cs|OnMessageReceived|627|Received message from Target Scheduler re: TargetScheduler-TargetStart
2026-05-28T00:37:09.1481|INFO|Symbol.cs|OnMessageReceived|635|TS_TargetName = M 51
2026-05-28T00:37:09.1481|INFO|Symbol.cs|OnMessageReceived|636|Expires at 05/28/2026 03:57:35 -05:00
2026-05-28T00:37:09.1485|INFO|MeridianFlipTrigger.cs|ShouldTrigger|265|Meridian Flip - There is still time remaining - max remaining time 10:05:28.5515659, next instruction time 0, next instruction NINA.Plugin.TargetScheduler.Sequencer.PlanSchedulerProgress - and the telescope reports expected pier side pierEast. Automated Flip is not necessary.
2026-05-28T00:37:09.1486|INFO|SequenceItem.cs|Run|208|Starting NINA.Plugin.TargetScheduler.Sequencer.PlanSchedulerProgress
2026-05-28T00:37:09.1487|INFO|SequenceItem.cs|Run|254|Finishing NINA.Plugin.TargetScheduler.Sequencer.PlanSchedulerProgress
2026-05-28T00:37:09.1489|INFO|MeridianFlipTrigger.cs|ShouldTrigger|265|Meridian Flip - There is still time remaining - max remaining time 10:05:28.5515659, next instruction time 0, next instruction Category: Scheduler, Item: SwitchFilter, Filter: H - and the telescope reports expected pier side pierEast. Automated Flip is not necessary.
2026-05-28T00:37:09.1490|INFO|SequenceItem.cs|Run|208|Starting Category: Scheduler, Item: SwitchFilter, Filter: H
2026-05-28T00:37:09.1498|INFO|SequenceItem.cs|Run|254|Finishing Category: Scheduler, Item: SwitchFilter, Filter: H
2026-05-28T00:37:09.1500|INFO|MeridianFlipTrigger.cs|ShouldTrigger|265|Meridian Flip - There is still time remaining - max remaining time 10:05:28.5515659, next instruction time 0, next instruction NINA.Plugin.TargetScheduler.Sequencer.PlanSchedulerProgress - and the telescope reports expected pier side pierEast. Automated Flip is not necessary.
2026-05-28T00:37:09.1501|INFO|SequenceItem.cs|Run|208|Starting NINA.Plugin.TargetScheduler.Sequencer.PlanSchedulerProgress
2026-05-28T00:37:09.1501|INFO|SequenceItem.cs|Run|254|Finishing NINA.Plugin.TargetScheduler.Sequencer.PlanSchedulerProgress
2026-05-28T00:37:09.1502|INFO|MeridianFlipTrigger.cs|ShouldTrigger|265|Meridian Flip - There is still time remaining - max remaining time 10:05:28.5515659, next instruction time 0, next instruction Category: Scheduler, Item: SetReadoutMode, Mode: 0 - and the telescope reports expected pier side pierEast. Automated Flip is not necessary.
2026-05-28T00:37:09.1503|INFO|SequenceItem.cs|Run|208|Starting Category: Scheduler, Item: SetReadoutMode, Mode: 0
2026-05-28T00:37:09.1504|INFO|SequenceItem.cs|Run|254|Finishing Category: Scheduler, Item: SetReadoutMode, Mode: 0
2026-05-28T00:37:09.1505|INFO|MeridianFlipTrigger.cs|ShouldTrigger|265|Meridian Flip - There is still time remaining - max remaining time 10:05:28.5515659, next instruction time 0, next instruction NINA.Plugin.TargetScheduler.Sequencer.PlanSchedulerProgress - and the telescope reports expected pier side pierEast. Automated Flip is not necessary.
2026-05-28T00:37:09.1505|INFO|SequenceItem.cs|Run|208|Starting NINA.Plugin.TargetScheduler.Sequencer.PlanSchedulerProgress
2026-05-28T00:37:09.1520|INFO|SequenceItem.cs|Run|254|Finishing NINA.Plugin.TargetScheduler.Sequencer.PlanSchedulerProgress
2026-05-28T00:37:09.1764|INFO|MeridianFlipTrigger.cs|ShouldTrigger|265|Meridian Flip - There is still time remaining - max remaining time 10:05:28.5515659, next instruction time 600, next instruction Category: Scheduler, Item: TakeExposure, ExposureTime 600, Gain 100, Offset 50, ImageType LIGHT, Binning 1x1 - and the telescope reports expected pier side pierEast. Automated Flip is not necessary.
2026-05-28T00:37:09.1765|INFO|DIYTrigger.cs|ShouldTrigger|109|DIY Trigger Restore Guiding ShouldTrigger returning true
2026-05-28T00:37:09.1765|INFO|SequenceTrigger.cs|Run|114|Starting Category: Powerups (Misc), Item: DIYTrigger
2026-05-28T00:37:09.2256|INFO|DIYTrigger.cs|Execute|95|DIY Trigger executing...
2026-05-28T00:37:09.2258|INFO|SequenceItem.cs|Run|208|Starting Category: * Instruction Set *, Container: NINA.Sequencer.Container.SequentialContainer, Strategy: SequentialStrategy, Items[CREATED]: 1, Triggers: Trigger: RestoreGuiding
2026-05-28T00:37:09.2261|INFO|MeridianFlipTrigger.cs|ShouldTrigger|265|Meridian Flip - There is still time remaining - max remaining time 10:05:28.5515659, next instruction time 0, next instruction Category: Powerups (Expressions), Item: IfFailed - and the telescope reports expected pier side pierEast. Automated Flip is not necessary.
2026-05-28T00:37:09.2261|INFO|SequenceItem.cs|Run|208|Starting Category: Powerups (Expressions), Item: IfFailed
2026-05-28T00:37:09.2262|INFO|SequenceItem.cs|Run|208|Starting Category: Guider, Item: StartGuiding
2026-05-28T00:37:09.2450|INFO|PHD2Guider.cs|StartGuidingPrivate|504|Phd2 - App is already guiding. Skipping start guiding
2026-05-28T00:37:09.2452|INFO|SequenceItem.cs|Run|254|Finishing Category: Guider, Item: StartGuiding
2026-05-28T00:37:09.2452|INFO|SequenceItem.cs|Run|254|Finishing Category: Powerups (Expressions), Item: IfFailed
2026-05-28T00:37:09.2454|INFO|SequenceItem.cs|Run|254|Finishing Category: * Instruction Set *, Container: NINA.Sequencer.Container.SequentialContainer, Strategy: SequentialStrategy, Items[FINISHED]: 1, Triggers: Trigger: RestoreGuiding
2026-05-28T00:37:09.2479|INFO|SequenceItem.cs|Run|208|Starting Category: Scheduler, Item: TakeExposure, ExposureTime 600, Gain 100, Offset 50, ImageType LIGHT, Binning 1x1
2026-05-28T00:37:09.2564|INFO|CameraVM.cs|Capture|742|Starting Exposure - Exposure Time: 600s; Filter: ; Gain: 100; Offset 50; Binning: 1x1;
2026-05-28T00:37:09.5235|INFO|StarfrontClient.cs|SendImageFile|249|[Rockwood] sent 2026-05-28_00-27-02_M 51_LIGHT_H_-5.00C_G100-Exp-600.00s_MAXRMS-D1.53-R0.88_M-64.37_RMS-0.36_HFR-1.81_F-0014.fits (21KB) object=M 51 exptime=600s filter=H
2026-05-28T00:37:10.4794|INFO|SyncEngine.cs|SyncPendingFramesAsync|142|[Subframes] SyncEngine: synced 1 frames for session 488ed467-5289-4740-b683-e0aa7c3efabe (accepted=1)
2026-05-28T00:37:12.4632|WARNING|TsPreviewClient.cs|FetchPreviewAsync|161|[Subframes] TsPreviewClient.FetchPreviewAsync failed for profile '533M-AT60' (0173997c-4bfa-48fd-9337-a48b6df99c38): TaskCanceledException: The request was canceled due to the configured HttpClient.Timeout of 5 seconds elapsing.
2026-05-28T00:41:13.5380|INFO|TsProgressReader.cs|ReadProgressDelta|75|[Subframes] TS progress delta: DB not found at C:\Users\nicka\AppData\Local\NINA\SchedulerPlugin — Target Scheduler not installed or DB path mismatch.
2026-05-28T00:46:13.5243|INFO|TsProgressReader.cs|ReadProgressDelta|75|[Subframes] TS progress delta: DB not found at C:\Users\nicka\AppData\Local\NINA\SchedulerPlugin — Target Scheduler not installed or DB path mismatch.
2026-05-28T00:47:11.1577|INFO|SequenceItem.cs|Run|254|Finishing Category: Scheduler, Item: TakeExposure, ExposureTime 600, Gain 100, Offset 50, ImageType LIGHT, Binning 1x1
2026-05-28T00:47:11.1580|INFO|ImageSolver.cs|Solve|41|Platesolving with parameters: FocalLength: 360 PixelSize: 3.76 SearchRadius: 30 BlindFailoverEnabled: True Regions: 5000 DownSampleFactor: 0 MaxObjects: 500 Reference Coordinates RA: 13:30:05 Dec: 47° 12' 52" Epoch: J2000
2026-05-28T00:47:11.1581|INFO|MeridianFlipTrigger.cs|ShouldTrigger|265|Meridian Flip - There is still time remaining - max remaining time 09:55:25.6913448, next instruction time 0, next instruction NINA.Plugin.TargetScheduler.Sequencer.PlanSchedulerProgress - and the telescope reports expected pier side pierEast. Automated Flip is not necessary.
2026-05-28T00:47:11.1582|INFO|SequenceItem.cs|Run|208|Starting NINA.Plugin.TargetScheduler.Sequencer.PlanSchedulerProgress
2026-05-28T00:47:11.1583|INFO|SequenceItem.cs|Run|254|Finishing NINA.Plugin.TargetScheduler.Sequencer.PlanSchedulerProgress
2026-05-28T00:47:11.4799|INFO|BaseImageData.cs|SaveToDisk|346|Saved image to C:\Users\nicka\AppData\Local\NINA\PlateSolver\na1swwee.1pu.fits
2026-05-28T00:47:12.5200|INFO|HocusFocusStarDetection.cs|Detect|413|Average HFR: 1.8215401200805832, HFR MAD: 0.15971397654929295, Detected Stars 319, Region: 0
2026-05-28T00:47:13.1555|INFO|ImageSolver.cs|Solve|54|Platesolve successful: Coordinates: RA: 13:29:52; Dec: 47° 11' 42"; Epoch: J2000 - Position Angle: 275.60567285972314
2026-05-28T00:47:13.1668|INFO|CenterAfterDriftTrigger.cs|PlatesolvingImageFollower_PropertyChanged|189|Drift: 0.10748223132898571 / 1 arc minutes
2026-05-28T00:47:13.3615|INFO|BaseImageData.cs|SaveToDisk|346|Saved image to C:\ASTROIMAGES\NINA\2026-05-27\M 51\LIGHT\H\2026-05-28_00-37-09_M 51_LIGHT_H_-5.00C_G100-Exp-600.00s_MAXRMS-D1.48-R1.01_M-64.40_RMS-0.40_HFR-1.82_F-0015.fits
2026-05-28T00:47:13.3616|INFO|ImageSaveController.cs|DoWork|97|Successfully saved file at C:\ASTROIMAGES\NINA\2026-05-27\M 51\LIGHT\H\2026-05-28_00-37-09_M 51_LIGHT_H_-5.00C_G100-Exp-600.00s_MAXRMS-D1.48-R1.01_M-64.40_RMS-0.40_HFR-1.82_F-0015.fits. Duration Total: 00:00:02.2038760; BeforeSave: 00:00:00.0001803; BeforeFinalizeImageSaved: 00:00:01.7738632; FinalizeSaveTime: 00:00:00.4298313
2026-05-28T00:47:13.8855|WARNING|SessionMetaDataWatcher.cs|WriteAcquisitionMetaData|73|acquisition file already exists, will not overwrite: C:\ASTROIMAGES\NINA\2026-05-27\M 51\LIGHT\H\metadata\AcquisitionDetails.csv
2026-05-28T00:47:13.8856|WARNING|SessionMetaDataWatcher.cs|WriteAcquisitionMetaData|93|acquisition file already exists, will not overwrite: C:\ASTROIMAGES\NINA\2026-05-27\M 51\LIGHT\H\metadata\AcquisitionDetails.json
2026-05-28T00:47:13.8859|INFO|SessionMetaDataWatcher.cs|WriteImageMetaData|105|Writing CSV image metadata: C:\ASTROIMAGES\NINA\2026-05-27\M 51\LIGHT\H\metadata\ImageMetaData.csv
2026-05-28T00:47:13.9194|INFO|SessionMetaDataWatcher.cs|WriteImageMetaData|122|Writing JSON image metadata: C:\ASTROIMAGES\NINA\2026-05-27\M 51\LIGHT\H\metadata\ImageMetaData.json
2026-05-28T00:47:13.9222|INFO|SessionMetaDataWatcher.cs|WriteWeatherMetaData|169|Writing CSV weather metadata: C:\ASTROIMAGES\NINA\2026-05-27\M 51\LIGHT\H\metadata\WeatherData.csv
2026-05-28T00:47:13.9443|INFO|SessionMetaDataWatcher.cs|WriteWeatherMetaData|186|Writing JSON weather metadata: C:\ASTROIMAGES\NINA\2026-05-27\M 51\LIGHT\H\metadata\WeatherData.json
2026-05-28T00:47:13.9460|INFO|SessionService.cs|OnTargetDetectedAsync|663|[Subframes] Target detected: 'M51' (was 'M51')
2026-05-28T00:47:13.9798|INFO|SubframesClient.cs|StartTargetAsync|316|[Subframes] Target started:  name='M51'
2026-05-28T00:47:13.9799|WARNING|SessionService.cs|StartTargetAsync|559|[Subframes] StartTarget failed — cached locally as 92a52f9f-4056-41d7-995d-b0bb8bbcbf90 for replay.
2026-05-28T00:47:14.5740|INFO|MeridianFlipTrigger.cs|ShouldTrigger|265|Meridian Flip - There is still time remaining - max remaining time 09:55:21.6814344, next instruction time 0, next instruction Category: Powerups (Fun-ctions), Item: GSSend - and the telescope reports expected pier side pierEast. Automated Flip is not necessary.
2026-05-28T00:47:14.5741|INFO|SequenceItem.cs|Run|208|Starting Category: Powerups (Fun-ctions), Item: GSSend
2026-05-28T00:47:14.5744|INFO|SendWithGS.cs|ProcessedScript|64|Replacing Image_ExposureTime with 600
2026-05-28T00:47:14.5746|INFO|SendWithGS.cs|ProcessedScript|64|Replacing Image_HFR with 1.822
2026-05-28T00:47:14.5747|INFO|SendWithGS.cs|ProcessedScript|64|Replacing Image_FWHM with 7.09
2026-05-28T00:47:14.5748|INFO|SendWithGS.cs|ProcessedScript|64|Replacing Altitude with 62.09739501531162
2026-05-28T00:47:14.5749|INFO|SendWithGS.cs|Execute|95|Sending to Ground Station: Exp: $$FWHEEL_FILTER_NAME$$ on $$TARGET_NAME$$ EXP: 600 HFR: 1.822 FWHM: 7.09  Altitude: 62.09739501531162 
2026-05-28T00:47:14.5761|INFO|SequenceItem.cs|Run|208|Starting Category: Ground Station, Item: Send to Telegram
2026-05-28T00:47:15.2704|INFO|SequenceItem.cs|Run|254|Finishing Category: Ground Station, Item: Send to Telegram
2026-05-28T00:47:15.2718|INFO|SequenceItem.cs|Run|254|Finishing Category: Powerups (Fun-ctions), Item: GSSend
2026-05-28T00:47:15.2722|INFO|MeridianFlipTrigger.cs|ShouldTrigger|265|Meridian Flip - There is still time remaining - max remaining time 09:55:21.6814344, next instruction time 0, next instruction Category: Powerups (Fun-ctions), Item: GSSend - and the telescope reports expected pier side pierEast. Automated Flip is not necessary.
2026-05-28T00:47:15.2723|INFO|SequenceItem.cs|Run|208|Starting Category: Powerups (Fun-ctions), Item: GSSend
2026-05-28T00:47:15.2727|INFO|SendWithGS.cs|ProcessedScript|64|Replacing Image_ExposureTime with 600
2026-05-28T00:47:15.2729|INFO|SendWithGS.cs|ProcessedScript|64|Replacing Image_HFR with 1.822
2026-05-28T00:47:15.2730|INFO|SendWithGS.cs|ProcessedScript|64|Replacing Image_FWHM with 7.09
2026-05-28T00:47:15.2731|INFO|SendWithGS.cs|ProcessedScript|64|Replacing Altitude with 62.09739501531162
2026-05-28T00:47:15.2732|INFO|SendWithGS.cs|Execute|95|Sending to Ground Station: Exp: $$FWHEEL_FILTER_NAME$$ on $$TARGET_NAME$$ EXP: 600 HFR: 1.822 FWHM: 7.09  Altitude: 62.09739501531162 
2026-05-28T00:47:15.2749|INFO|SequenceItem.cs|Run|208|Starting Category: Ground Station, Item: Send to Pushover, Title: IMAGE: $$TARGET_NAME$$
2026-05-28T00:47:15.4220|INFO|SequenceItem.cs|Run|254|Finishing Category: Ground Station, Item: Send to Pushover, Title: IMAGE: $$TARGET_NAME$$
2026-05-28T00:47:15.4320|INFO|SequenceItem.cs|Run|254|Finishing Category: Powerups (Fun-ctions), Item: GSSend
2026-05-28T00:47:15.6673|INFO|Symbol.cs|OnMessageReceived|627|Received message from Target Scheduler re: TargetScheduler-TargetStart
2026-05-28T00:47:15.6673|INFO|Symbol.cs|OnMessageReceived|635|TS_TargetName = M 51
2026-05-28T00:47:15.6674|INFO|Symbol.cs|OnMessageReceived|636|Expires at 05/28/2026 03:57:35 -05:00
2026-05-28T00:47:15.6674|INFO|Symbol.cs|OnMessageReceived|627|Received message from Target Scheduler re: TargetScheduler-TargetStart
2026-05-28T00:47:15.6674|INFO|Symbol.cs|OnMessageReceived|635|TS_TargetName = M 51
2026-05-28T00:47:15.6674|INFO|Symbol.cs|OnMessageReceived|636|Expires at 05/28/2026 03:57:35 -05:00
2026-05-28T00:47:15.6999|INFO|MeridianFlipTrigger.cs|ShouldTrigger|265|Meridian Flip - There is still time remaining - max remaining time 09:55:21.6814344, next instruction time 0, next instruction NINA.Plugin.TargetScheduler.Sequencer.PlanSchedulerProgress - and the telescope reports expected pier side pierEast. Automated Flip is not necessary.
2026-05-28T00:47:15.7000|INFO|SequenceItem.cs|Run|208|Starting NINA.Plugin.TargetScheduler.Sequencer.PlanSchedulerProgress
2026-05-28T00:47:15.7001|INFO|SequenceItem.cs|Run|254|Finishing NINA.Plugin.TargetScheduler.Sequencer.PlanSchedulerProgress
2026-05-28T00:47:15.7002|INFO|MeridianFlipTrigger.cs|ShouldTrigger|265|Meridian Flip - There is still time remaining - max remaining time 09:55:21.6814344, next instruction time 0, next instruction Category: Scheduler, Item: SwitchFilter, Filter: H - and the telescope reports expected pier side pierEast. Automated Flip is not necessary.
2026-05-28T00:47:15.7003|INFO|SequenceItem.cs|Run|208|Starting Category: Scheduler, Item: SwitchFilter, Filter: H
2026-05-28T00:47:15.7012|INFO|SequenceItem.cs|Run|254|Finishing Category: Scheduler, Item: SwitchFilter, Filter: H
2026-05-28T00:47:15.7014|INFO|MeridianFlipTrigger.cs|ShouldTrigger|265|Meridian Flip - There is still time remaining - max remaining time 09:55:21.6814344, next instruction time 0, next instruction NINA.Plugin.TargetScheduler.Sequencer.PlanSchedulerProgress - and the telescope reports expected pier side pierEast. Automated Flip is not necessary.
2026-05-28T00:47:15.7015|INFO|SequenceItem.cs|Run|208|Starting NINA.Plugin.TargetScheduler.Sequencer.PlanSchedulerProgress
2026-05-28T00:47:15.7015|INFO|SequenceItem.cs|Run|254|Finishing NINA.Plugin.TargetScheduler.Sequencer.PlanSchedulerProgress
2026-05-28T00:47:15.7016|INFO|MeridianFlipTrigger.cs|ShouldTrigger|265|Meridian Flip - There is still time remaining - max remaining time 09:55:21.6814344, next instruction time 0, next instruction Category: Scheduler, Item: SetReadoutMode, Mode: 0 - and the telescope reports expected pier side pierEast. Automated Flip is not necessary.
2026-05-28T00:47:15.7017|INFO|SequenceItem.cs|Run|208|Starting Category: Scheduler, Item: SetReadoutMode, Mode: 0
2026-05-28T00:47:15.7018|INFO|SequenceItem.cs|Run|254|Finishing Category: Scheduler, Item: SetReadoutMode, Mode: 0
2026-05-28T00:47:15.7019|INFO|MeridianFlipTrigger.cs|ShouldTrigger|265|Meridian Flip - There is still time remaining - max remaining time 09:55:21.6814344, next instruction time 0, next instruction NINA.Plugin.TargetScheduler.Sequencer.PlanSchedulerProgress - and the telescope reports expected pier side pierEast. Automated Flip is not necessary.
2026-05-28T00:47:15.7019|INFO|SequenceItem.cs|Run|208|Starting NINA.Plugin.TargetScheduler.Sequencer.PlanSchedulerProgress
2026-05-28T00:47:15.7044|INFO|SequenceItem.cs|Run|254|Finishing NINA.Plugin.TargetScheduler.Sequencer.PlanSchedulerProgress
2026-05-28T00:47:15.7048|INFO|MeridianFlipTrigger.cs|ShouldTrigger|265|Meridian Flip - There is still time remaining - max remaining time 09:55:21.6814344, next instruction time 600, next instruction Category: Scheduler, Item: TakeExposure, ExposureTime 600, Gain 100, Offset 50, ImageType LIGHT, Binning 1x1 - and the telescope reports expected pier side pierEast. Automated Flip is not necessary.
2026-05-28T00:47:15.7049|INFO|DIYTrigger.cs|ShouldTrigger|109|DIY Trigger Restore Guiding ShouldTrigger returning true
2026-05-28T00:47:15.7293|INFO|SequenceTrigger.cs|Run|114|Starting Category: Powerups (Misc), Item: DIYTrigger
2026-05-28T00:47:15.7978|INFO|DIYTrigger.cs|Execute|95|DIY Trigger executing...
2026-05-28T00:47:15.7979|INFO|SequenceItem.cs|Run|208|Starting Category: * Instruction Set *, Container: NINA.Sequencer.Container.SequentialContainer, Strategy: SequentialStrategy, Items[CREATED]: 1, Triggers: Trigger: RestoreGuiding
2026-05-28T00:47:15.8231|INFO|MeridianFlipTrigger.cs|ShouldTrigger|265|Meridian Flip - There is still time remaining - max remaining time 09:55:21.6814344, next instruction time 0, next instruction Category: Powerups (Expressions), Item: IfFailed - and the telescope reports expected pier side pierEast. Automated Flip is not necessary.
2026-05-28T00:47:15.8232|INFO|SequenceItem.cs|Run|208|Starting Category: Powerups (Expressions), Item: IfFailed
2026-05-28T00:47:15.8232|INFO|SequenceItem.cs|Run|208|Starting Category: Guider, Item: StartGuiding
2026-05-28T00:47:15.8273|INFO|PHD2Guider.cs|StartGuidingPrivate|504|Phd2 - App is already guiding. Skipping start guiding
2026-05-28T00:47:15.8275|INFO|SequenceItem.cs|Run|254|Finishing Category: Guider, Item: StartGuiding
2026-05-28T00:47:15.8275|INFO|SequenceItem.cs|Run|254|Finishing Category: Powerups (Expressions), Item: IfFailed
2026-05-28T00:47:15.8277|INFO|SequenceItem.cs|Run|254|Finishing Category: * Instruction Set *, Container: NINA.Sequencer.Container.SequentialContainer, Strategy: SequentialStrategy, Items[FINISHED]: 1, Triggers: Trigger: RestoreGuiding
2026-05-28T00:47:15.8305|INFO|SequenceItem.cs|Run|208|Starting Category: Scheduler, Item: TakeExposure, ExposureTime 600, Gain 100, Offset 50, ImageType LIGHT, Binning 1x1
2026-05-28T00:47:15.8453|INFO|CameraVM.cs|Capture|742|Starting Exposure - Exposure Time: 600s; Filter: ; Gain: 100; Offset 50; Binning: 1x1;
2026-05-28T00:47:15.9589|INFO|StarfrontClient.cs|SendImageFile|249|[Rockwood] sent 2026-05-28_00-37-09_M 51_LIGHT_H_-5.00C_G100-Exp-600.00s_MAXRMS-D1.48-R1.01_M-64.40_RMS-0.40_HFR-1.82_F-0015.fits (21KB) object=M 51 exptime=600s filter=H
2026-05-28T00:47:19.1181|WARNING|TsPreviewClient.cs|FetchPreviewAsync|161|[Subframes] TsPreviewClient.FetchPreviewAsync failed for profile '533M-AT60' (0173997c-4bfa-48fd-9337-a48b6df99c38): TaskCanceledException: The request was canceled due to the configured HttpClient.Timeout of 5 seconds elapsing.
2026-05-28T00:47:40.4877|INFO|SyncEngine.cs|SyncPendingFramesAsync|142|[Subframes] SyncEngine: synced 1 frames for session 488ed467-5289-4740-b683-e0aa7c3efabe (accepted=1)
2026-05-28T00:51:13.5280|INFO|TsProgressReader.cs|ReadProgressDelta|75|[Subframes] TS progress delta: DB not found at C:\Users\nicka\AppData\Local\NINA\SchedulerPlugin — Target Scheduler not installed or DB path mismatch.
2026-05-28T00:56:13.5367|INFO|TsProgressReader.cs|ReadProgressDelta|75|[Subframes] TS progress delta: DB not found at C:\Users\nicka\AppData\Local\NINA\SchedulerPlugin — Target Scheduler not installed or DB path mismatch.
2026-05-28T00:57:17.8098|INFO|SequenceItem.cs|Run|254|Finishing Category: Scheduler, Item: TakeExposure, ExposureTime 600, Gain 100, Offset 50, ImageType LIGHT, Binning 1x1
2026-05-28T00:57:17.8102|INFO|MeridianFlipTrigger.cs|ShouldTrigger|265|Meridian Flip - There is still time remaining - max remaining time 09:45:19.8931438, next instruction time 0, next instruction NINA.Plugin.TargetScheduler.Sequencer.PlanSchedulerProgress - and the telescope reports expected pier side pierEast. Automated Flip is not necessary.
2026-05-28T00:57:17.8103|INFO|SequenceItem.cs|Run|208|Starting NINA.Plugin.TargetScheduler.Sequencer.PlanSchedulerProgress
2026-05-28T00:57:17.8103|INFO|SequenceItem.cs|Run|254|Finishing NINA.Plugin.TargetScheduler.Sequencer.PlanSchedulerProgress
2026-05-28T00:57:19.2346|INFO|HocusFocusStarDetection.cs|Detect|413|Average HFR: 1.8377656784045535, HFR MAD: 0.15002840523099087, Detected Stars 309, Region: 0
2026-05-28T00:57:19.9432|INFO|BaseImageData.cs|SaveToDisk|346|Saved image to C:\ASTROIMAGES\NINA\2026-05-27\M 51\LIGHT\H\2026-05-28_00-47-15_M 51_LIGHT_H_-4.90C_G100-Exp-600.00s_MAXRMS-D1.92-R1.00_M-64.43_RMS-0.46_HFR-1.84_F-0016.fits
2026-05-28T00:57:19.9433|INFO|ImageSaveController.cs|DoWork|97|Successfully saved file at C:\ASTROIMAGES\NINA\2026-05-27\M 51\LIGHT\H\2026-05-28_00-47-15_M 51_LIGHT_H_-4.90C_G100-Exp-600.00s_MAXRMS-D1.92-R1.00_M-64.43_RMS-0.46_HFR-1.84_F-0016.fits. Duration Total: 00:00:02.1334856; BeforeSave: 00:00:00.0001691; BeforeFinalizeImageSaved: 00:00:01.8109438; FinalizeSaveTime: 00:00:00.3223717
2026-05-28T00:57:20.4718|WARNING|SessionMetaDataWatcher.cs|WriteAcquisitionMetaData|73|acquisition file already exists, will not overwrite: C:\ASTROIMAGES\NINA\2026-05-27\M 51\LIGHT\H\metadata\AcquisitionDetails.csv
2026-05-28T00:57:20.4719|WARNING|SessionMetaDataWatcher.cs|WriteAcquisitionMetaData|93|acquisition file already exists, will not overwrite: C:\ASTROIMAGES\NINA\2026-05-27\M 51\LIGHT\H\metadata\AcquisitionDetails.json
2026-05-28T00:57:20.4722|INFO|SessionMetaDataWatcher.cs|WriteImageMetaData|105|Writing CSV image metadata: C:\ASTROIMAGES\NINA\2026-05-27\M 51\LIGHT\H\metadata\ImageMetaData.csv
2026-05-28T00:57:20.5032|INFO|SessionMetaDataWatcher.cs|WriteImageMetaData|122|Writing JSON image metadata: C:\ASTROIMAGES\NINA\2026-05-27\M 51\LIGHT\H\metadata\ImageMetaData.json
2026-05-28T00:57:20.5061|INFO|SessionMetaDataWatcher.cs|WriteWeatherMetaData|169|Writing CSV weather metadata: C:\ASTROIMAGES\NINA\2026-05-27\M 51\LIGHT\H\metadata\WeatherData.csv
2026-05-28T00:57:20.5245|INFO|SessionMetaDataWatcher.cs|WriteWeatherMetaData|186|Writing JSON weather metadata: C:\ASTROIMAGES\NINA\2026-05-27\M 51\LIGHT\H\metadata\WeatherData.json
2026-05-28T00:57:20.5266|INFO|SessionService.cs|OnTargetDetectedAsync|663|[Subframes] Target detected: 'M51' (was 'M51')
2026-05-28T00:57:20.5814|INFO|SubframesClient.cs|StartTargetAsync|316|[Subframes] Target started:  name='M51'
2026-05-28T00:57:20.5815|WARNING|SessionService.cs|StartTargetAsync|559|[Subframes] StartTarget failed — cached locally as e59fe6bc-ae7f-4d70-985c-524801a9f390 for replay.
2026-05-28T00:57:21.2474|INFO|MeridianFlipTrigger.cs|ShouldTrigger|265|Meridian Flip - There is still time remaining - max remaining time 09:45:15.7760237, next instruction time 0, next instruction Category: Powerups (Fun-ctions), Item: GSSend - and the telescope reports expected pier side pierEast. Automated Flip is not necessary.
2026-05-28T00:57:21.2474|INFO|SequenceItem.cs|Run|208|Starting Category: Powerups (Fun-ctions), Item: GSSend
2026-05-28T00:57:21.2478|INFO|SendWithGS.cs|ProcessedScript|64|Replacing Image_ExposureTime with 600
2026-05-28T00:57:21.2479|INFO|SendWithGS.cs|ProcessedScript|64|Replacing Image_HFR with 1.838
2026-05-28T00:57:21.2480|INFO|SendWithGS.cs|ProcessedScript|64|Replacing Image_FWHM with 7.11
2026-05-28T00:57:21.2481|INFO|SendWithGS.cs|ProcessedScript|64|Replacing Altitude with 60.489110590515864
2026-05-28T00:57:21.2481|INFO|SendWithGS.cs|Execute|95|Sending to Ground Station: Exp: $$FWHEEL_FILTER_NAME$$ on $$TARGET_NAME$$ EXP: 600 HFR: 1.838 FWHM: 7.11  Altitude: 60.489110590515864 
2026-05-28T00:57:21.2494|INFO|SequenceItem.cs|Run|208|Starting Category: Ground Station, Item: Send to Telegram
2026-05-28T00:57:21.9397|INFO|SequenceItem.cs|Run|254|Finishing Category: Ground Station, Item: Send to Telegram
2026-05-28T00:57:21.9411|INFO|SequenceItem.cs|Run|254|Finishing Category: Powerups (Fun-ctions), Item: GSSend
2026-05-28T00:57:21.9415|INFO|MeridianFlipTrigger.cs|ShouldTrigger|265|Meridian Flip - There is still time remaining - max remaining time 09:45:15.7760237, next instruction time 0, next instruction Category: Powerups (Fun-ctions), Item: GSSend - and the telescope reports expected pier side pierEast. Automated Flip is not necessary.
2026-05-28T00:57:21.9415|INFO|SequenceItem.cs|Run|208|Starting Category: Powerups (Fun-ctions), Item: GSSend
2026-05-28T00:57:21.9418|INFO|SendWithGS.cs|ProcessedScript|64|Replacing Image_ExposureTime with 600
2026-05-28T00:57:21.9420|INFO|SendWithGS.cs|ProcessedScript|64|Replacing Image_HFR with 1.838
2026-05-28T00:57:21.9421|INFO|SendWithGS.cs|ProcessedScript|64|Replacing Image_FWHM with 7.11
2026-05-28T00:57:21.9422|INFO|SendWithGS.cs|ProcessedScript|64|Replacing Altitude with 60.489110590515864
2026-05-28T00:57:21.9422|INFO|SendWithGS.cs|Execute|95|Sending to Ground Station: Exp: $$FWHEEL_FILTER_NAME$$ on $$TARGET_NAME$$ EXP: 600 HFR: 1.838 FWHM: 7.11  Altitude: 60.489110590515864 
2026-05-28T00:57:21.9433|INFO|SequenceItem.cs|Run|208|Starting Category: Ground Station, Item: Send to Pushover, Title: IMAGE: $$TARGET_NAME$$
2026-05-28T00:57:22.1021|INFO|SequenceItem.cs|Run|254|Finishing Category: Ground Station, Item: Send to Pushover, Title: IMAGE: $$TARGET_NAME$$
2026-05-28T00:57:22.1034|INFO|SequenceItem.cs|Run|254|Finishing Category: Powerups (Fun-ctions), Item: GSSend
2026-05-28T00:57:22.3520|INFO|Symbol.cs|OnMessageReceived|627|Received message from Target Scheduler re: TargetScheduler-TargetStart
2026-05-28T00:57:22.3521|INFO|Symbol.cs|OnMessageReceived|635|TS_TargetName = M 51
2026-05-28T00:57:22.3521|INFO|Symbol.cs|OnMessageReceived|636|Expires at 05/28/2026 03:57:35 -05:00
2026-05-28T00:57:22.3521|INFO|Symbol.cs|OnMessageReceived|627|Received message from Target Scheduler re: TargetScheduler-TargetStart
2026-05-28T00:57:22.3521|INFO|Symbol.cs|OnMessageReceived|635|TS_TargetName = M 51
2026-05-28T00:57:22.3522|INFO|Symbol.cs|OnMessageReceived|636|Expires at 05/28/2026 03:57:35 -05:00
2026-05-28T00:57:22.3527|INFO|MeridianFlipTrigger.cs|ShouldTrigger|265|Meridian Flip - There is still time remaining - max remaining time 09:45:15.7760237, next instruction time 0, next instruction NINA.Plugin.TargetScheduler.Sequencer.PlanSchedulerProgress - and the telescope reports expected pier side pierEast. Automated Flip is not necessary.
2026-05-28T00:57:22.3528|INFO|SequenceItem.cs|Run|208|Starting NINA.Plugin.TargetScheduler.Sequencer.PlanSchedulerProgress
2026-05-28T00:57:22.3528|INFO|SequenceItem.cs|Run|254|Finishing NINA.Plugin.TargetScheduler.Sequencer.PlanSchedulerProgress
2026-05-28T00:57:22.3531|INFO|MeridianFlipTrigger.cs|ShouldTrigger|265|Meridian Flip - There is still time remaining - max remaining time 09:45:15.7760237, next instruction time 0, next instruction Category: Scheduler, Item: SwitchFilter, Filter: H - and the telescope reports expected pier side pierEast. Automated Flip is not necessary.
2026-05-28T00:57:22.3531|INFO|SequenceItem.cs|Run|208|Starting Category: Scheduler, Item: SwitchFilter, Filter: H
2026-05-28T00:57:22.4167|INFO|SequenceItem.cs|Run|254|Finishing Category: Scheduler, Item: SwitchFilter, Filter: H
2026-05-28T00:57:22.4171|INFO|MeridianFlipTrigger.cs|ShouldTrigger|265|Meridian Flip - There is still time remaining - max remaining time 09:45:15.7760237, next instruction time 0, next instruction NINA.Plugin.TargetScheduler.Sequencer.PlanSchedulerProgress - and the telescope reports expected pier side pierEast. Automated Flip is not necessary.
2026-05-28T00:57:22.4172|INFO|SequenceItem.cs|Run|208|Starting NINA.Plugin.TargetScheduler.Sequencer.PlanSchedulerProgress
2026-05-28T00:57:22.4172|INFO|SequenceItem.cs|Run|254|Finishing NINA.Plugin.TargetScheduler.Sequencer.PlanSchedulerProgress
2026-05-28T00:57:22.4173|INFO|MeridianFlipTrigger.cs|ShouldTrigger|265|Meridian Flip - There is still time remaining - max remaining time 09:45:15.7760237, next instruction time 0, next instruction Category: Scheduler, Item: SetReadoutMode, Mode: 0 - and the telescope reports expected pier side pierEast. Automated Flip is not necessary.
2026-05-28T00:57:22.4174|INFO|SequenceItem.cs|Run|208|Starting Category: Scheduler, Item: SetReadoutMode, Mode: 0
2026-05-28T00:57:22.4175|INFO|SequenceItem.cs|Run|254|Finishing Category: Scheduler, Item: SetReadoutMode, Mode: 0
2026-05-28T00:57:22.4176|INFO|MeridianFlipTrigger.cs|ShouldTrigger|265|Meridian Flip - There is still time remaining - max remaining time 09:45:15.7760237, next instruction time 0, next instruction NINA.Plugin.TargetScheduler.Sequencer.PlanSchedulerProgress - and the telescope reports expected pier side pierEast. Automated Flip is not necessary.
2026-05-28T00:57:22.4176|INFO|SequenceItem.cs|Run|208|Starting NINA.Plugin.TargetScheduler.Sequencer.PlanSchedulerProgress
2026-05-28T00:57:22.4344|INFO|SequenceItem.cs|Run|254|Finishing NINA.Plugin.TargetScheduler.Sequencer.PlanSchedulerProgress
2026-05-28T00:57:22.4462|INFO|MeridianFlipTrigger.cs|ShouldTrigger|265|Meridian Flip - There is still time remaining - max remaining time 09:45:15.7760237, next instruction time 600, next instruction Category: Scheduler, Item: TakeExposure, ExposureTime 600, Gain 100, Offset 50, ImageType LIGHT, Binning 1x1 - and the telescope reports expected pier side pierEast. Automated Flip is not necessary.
2026-05-28T00:57:22.4463|INFO|DIYTrigger.cs|ShouldTrigger|109|DIY Trigger Restore Guiding ShouldTrigger returning true
2026-05-28T00:57:22.4463|INFO|SequenceTrigger.cs|Run|114|Starting Category: Powerups (Misc), Item: DIYTrigger
2026-05-28T00:57:22.4483|INFO|DIYTrigger.cs|Execute|95|DIY Trigger executing...
2026-05-28T00:57:22.4485|INFO|SequenceItem.cs|Run|208|Starting Category: * Instruction Set *, Container: NINA.Sequencer.Container.SequentialContainer, Strategy: SequentialStrategy, Items[CREATED]: 1, Triggers: Trigger: RestoreGuiding
2026-05-28T00:57:22.4488|INFO|MeridianFlipTrigger.cs|ShouldTrigger|265|Meridian Flip - There is still time remaining - max remaining time 09:45:15.7760237, next instruction time 0, next instruction Category: Powerups (Expressions), Item: IfFailed - and the telescope reports expected pier side pierEast. Automated Flip is not necessary.
2026-05-28T00:57:22.4488|INFO|SequenceItem.cs|Run|208|Starting Category: Powerups (Expressions), Item: IfFailed
2026-05-28T00:57:22.4489|INFO|SequenceItem.cs|Run|208|Starting Category: Guider, Item: StartGuiding
2026-05-28T00:57:22.4573|INFO|PHD2Guider.cs|StartGuidingPrivate|504|Phd2 - App is already guiding. Skipping start guiding
2026-05-28T00:57:22.4576|INFO|SequenceItem.cs|Run|254|Finishing Category: Guider, Item: StartGuiding
2026-05-28T00:57:22.4576|INFO|SequenceItem.cs|Run|254|Finishing Category: Powerups (Expressions), Item: IfFailed
2026-05-28T00:57:22.4578|INFO|SequenceItem.cs|Run|254|Finishing Category: * Instruction Set *, Container: NINA.Sequencer.Container.SequentialContainer, Strategy: SequentialStrategy, Items[FINISHED]: 1, Triggers: Trigger: RestoreGuiding
2026-05-28T00:57:22.4611|INFO|SequenceTrigger.cs|Run|114|Starting Trigger: AutofocusAfterTemperatureChangeTrigger, Amount: 1.5°
2026-05-28T00:57:22.4612|INFO|SequenceItem.cs|Run|208|Starting Category: * Instruction Set *, Container: NINA.Sequencer.Container.SequentialContainer, Strategy: SequentialStrategy, Items[CREATED]: 1
2026-05-28T00:57:22.4613|INFO|SequenceItem.cs|Run|208|Starting Category: Focuser, Item: RunAutofocus
2026-05-28T00:57:22.6788|INFO|StarfrontClient.cs|SendImageFile|249|[Rockwood] sent 2026-05-28_00-47-15_M 51_LIGHT_H_-4.90C_G100-Exp-600.00s_MAXRMS-D1.92-R1.00_M-64.43_RMS-0.46_HFR-1.84_F-0016.fits (21KB) object=M 51 exptime=600s filter=H
2026-05-28T00:57:22.7011|INFO|FocuserMediator.cs|BroadcastAutoFocusRunStarting|92|Autofocus starting notification received
2026-05-28T00:57:24.6943|INFO|PHD2Client.cs|ProcessEvent|268|PHD2: ConfigurationChange
2026-05-28T00:57:24.7036|WARNING|PHD2Client.cs|ProcessEvent|252|PHD2: LockPositionLost
2026-05-28T00:57:24.7896|INFO|PHD2Client.cs|QueryExposureTime|1216|PHD2Client: Exposure time from PHD2 API: 2.000 seconds (2000 ms)
2026-05-28T00:57:24.7926|INFO|FilterWheelVM.cs|ChangeFilter|112|Moving to Filter L at Position 0
2026-05-28T00:57:24.7940|INFO|FocuserVM.cs|MoveFocuserInternal|216|Moving Focuser to position 387305
2026-05-28T00:57:25.6978|WARNING|TsPreviewClient.cs|FetchPreviewAsync|161|[Subframes] TsPreviewClient.FetchPreviewAsync failed for profile '533M-AT60' (0173997c-4bfa-48fd-9337-a48b6df99c38): TaskCanceledException: The request was canceled due to the configured HttpClient.Timeout of 5 seconds elapsing.
2026-05-28T00:57:32.8041|INFO|AutoFocusEngine.cs|RunAutoFocus|929|Starting AutoFocus with initial position 387305
2026-05-28T00:57:32.8107|INFO|CameraVM.cs|Capture|742|Starting Exposure - Exposure Time: 3s; Filter: L; Gain: 270; Offset 50; Binning: 1x1;
2026-05-28T00:57:37.4798|INFO|AutoFocusEngine.cs|StartBlindFocusPoints|769|Waiting on initial HFR analysis
2026-05-28T00:57:37.4817|INFO|FocuserVM.cs|MoveFocuserInternal|216|Moving Focuser to position 387441
2026-05-28T00:57:39.3188|INFO|HocusFocusStarDetection.cs|Detect|413|Average HFR: 1.7210032238074755, HFR MAD: 0.16983134293595314, Detected Stars 160, Region: 0
2026-05-28T00:57:40.4871|INFO|SyncEngine.cs|SyncPendingFramesAsync|142|[Subframes] SyncEngine: synced 1 frames for session 488ed467-5289-4740-b683-e0aa7c3efabe (accepted=1)
2026-05-28T00:57:42.7951|INFO|CameraVM.cs|Capture|742|Starting Exposure - Exposure Time: 3s; Filter: L; Gain: 270; Offset 50; Binning: 1x1;
2026-05-28T00:57:47.4542|INFO|FocuserVM.cs|MoveFocuserInternal|216|Moving Focuser to position 387407
2026-05-28T00:57:48.9833|INFO|HocusFocusStarDetection.cs|Detect|413|Average HFR: 4.063496373961399, HFR MAD: 1.690133796060932, Detected Stars 82, Region: 0
2026-05-28T00:57:56.8440|INFO|CameraVM.cs|Capture|742|Starting Exposure - Exposure Time: 3s; Filter: L; Gain: 270; Offset 50; Binning: 1x1;
2026-05-28T00:58:01.4907|INFO|FocuserVM.cs|MoveFocuserInternal|216|Moving Focuser to position 387373
2026-05-28T00:58:02.9753|INFO|HocusFocusStarDetection.cs|Detect|413|Average HFR: 3.1361363855223763, HFR MAD: 0.8814863710491244, Detected Stars 130, Region: 0
2026-05-28T00:58:10.8083|INFO|CameraVM.cs|Capture|742|Starting Exposure - Exposure Time: 3s; Filter: L; Gain: 270; Offset 50; Binning: 1x1;
2026-05-28T00:58:15.4567|INFO|FocuserVM.cs|MoveFocuserInternal|216|Moving Focuser to position 387339
2026-05-28T00:58:16.9316|INFO|HocusFocusStarDetection.cs|Detect|413|Average HFR: 2.5040984618025797, HFR MAD: 0.581951081290083, Detected Stars 159, Region: 0
2026-05-28T00:58:24.8082|INFO|CameraVM.cs|Capture|742|Starting Exposure - Exposure Time: 3s; Filter: L; Gain: 270; Offset 50; Binning: 1x1;
2026-05-28T00:58:29.4662|INFO|AutoFocusEngine.cs|StartBlindFocusPoints|797|Waiting on initial focuser move analyses
2026-05-28T00:58:30.9332|INFO|HocusFocusStarDetection.cs|Detect|413|Average HFR: 1.8428436165566846, HFR MAD: 0.2723983738765105, Detected Stars 164, Region: 0
2026-05-28T00:58:30.9727|INFO|FocuserVM.cs|MoveFocuserInternal|216|Moving Focuser to position 387305
2026-05-28T00:58:40.8067|INFO|CameraVM.cs|Capture|742|Starting Exposure - Exposure Time: 3s; Filter: L; Gain: 270; Offset 50; Binning: 1x1;
2026-05-28T00:58:45.4638|INFO|AutoFocusEngine.cs|StartBlindFocusPoints|870|Waiting on next left movement analysis
2026-05-28T00:58:46.9464|INFO|HocusFocusStarDetection.cs|Detect|413|Average HFR: 1.7513364396153823, HFR MAD: 0.1397212126253568, Detected Stars 164, Region: 0
2026-05-28T00:58:47.0179|INFO|FocuserVM.cs|MoveFocuserInternal|216|Moving Focuser to position 387271
2026-05-28T00:58:56.8342|INFO|CameraVM.cs|Capture|742|Starting Exposure - Exposure Time: 3s; Filter: L; Gain: 270; Offset 50; Binning: 1x1;
2026-05-28T00:59:01.4952|INFO|AutoFocusEngine.cs|StartBlindFocusPoints|870|Waiting on next left movement analysis
2026-05-28T00:59:02.9812|INFO|HocusFocusStarDetection.cs|Detect|413|Average HFR: 2.235266455351914, HFR MAD: 0.23221060858395964, Detected Stars 215, Region: 0
2026-05-28T00:59:03.0507|INFO|FocuserVM.cs|MoveFocuserInternal|216|Moving Focuser to position 387237
2026-05-28T00:59:12.7958|INFO|CameraVM.cs|Capture|742|Starting Exposure - Exposure Time: 3s; Filter: L; Gain: 270; Offset 50; Binning: 1x1;
2026-05-28T00:59:17.4662|INFO|AutoFocusEngine.cs|StartBlindFocusPoints|870|Waiting on next left movement analysis
2026-05-28T00:59:18.9787|INFO|HocusFocusStarDetection.cs|Detect|413|Average HFR: 3.398660382694274, HFR MAD: 0.3285525255316716, Detected Stars 156, Region: 0
2026-05-28T00:59:19.0341|INFO|FocuserVM.cs|MoveFocuserInternal|216|Moving Focuser to position 387203
2026-05-28T00:59:28.8485|INFO|CameraVM.cs|Capture|742|Starting Exposure - Exposure Time: 3s; Filter: L; Gain: 270; Offset 50; Binning: 1x1;
2026-05-28T00:59:33.5095|INFO|AutoFocusEngine.cs|StartBlindFocusPoints|870|Waiting on next left movement analysis
2026-05-28T00:59:35.0341|INFO|HocusFocusStarDetection.cs|Detect|413|Average HFR: 4.950884193558343, HFR MAD: 0.35193721387558424, Detected Stars 96, Region: 0
2026-05-28T00:59:35.0727|INFO|FocuserVM.cs|MoveFocuserInternal|216|Moving Focuser to position 387169
2026-05-28T00:59:44.8463|INFO|CameraVM.cs|Capture|742|Starting Exposure - Exposure Time: 3s; Filter: L; Gain: 270; Offset 50; Binning: 1x1;
2026-05-28T00:59:49.5078|INFO|AutoFocusEngine.cs|StartBlindFocusPoints|870|Waiting on next left movement analysis
2026-05-28T00:59:50.9946|INFO|HocusFocusStarDetection.cs|Detect|413|Average HFR: 6.677424553820976, HFR MAD: 0.30440858146063715, Detected Stars 53, Region: 0
2026-05-28T00:59:51.0240|INFO|AutoFocusEngine.cs|StartBlindFocusPoints|823|Enough left trend points (4) with an established minimum (387305) to queue remaining right focus points up to 387441
2026-05-28T00:59:51.0241|INFO|AutoFocusEngine.cs|StartBlindFocusPoints|896|Waiting on remaining AutoFocus analysis tasks
2026-05-28T00:59:51.0258|INFO|FocuserVM.cs|MoveFocuserInternal|216|Moving Focuser to position 387305
2026-05-28T00:59:56.8394|INFO|AutoFocusEngine.cs|ValidateCalculatedFocusPosition|1141|Validating HFR at final focus position 387305
2026-05-28T00:59:56.8465|INFO|CameraVM.cs|Capture|742|Starting Exposure - Exposure Time: 3s; Filter: L; Gain: 270; Offset 50; Binning: 1x1;
2026-05-28T01:00:03.0439|INFO|HocusFocusStarDetection.cs|Detect|413|Average HFR: 1.7442596316747394, HFR MAD: 0.14894864577046352, Detected Stars 166, Region: 0
2026-05-28T01:00:03.0471|INFO|HocusFocusVM.cs|AutoFocusEngine_Completed|472|AutoFocus completed with focuser starting at 387305 and ending at 387305
2026-05-28T01:00:03.0488|INFO|FocuserMediator.cs|BroadcastSuccessfulAutoFocusRun|46|Autofocus notification received - Temperature 24.829999923706055
2026-05-28T01:00:03.0581|INFO|SessionEventCollector.cs|SaveEvent|128|NightSummary: Event logged — AutoFocus: AutoFocus completed — Filter: L, Temp: 24.8°C, Position: 387305.22430768603
2026-05-28T01:00:03.0582|INFO|SessionService.cs|UpdateEndAutoFocusRun|1500|[Subframes] UpdateEndAutoFocusRun called: session=488ed467-5289-4740-b683-e0aa7c3efabe filter=L position=387305.22430768603 — posting autofocus event
2026-05-28T01:00:03.0595|INFO|FilterWheelVM.cs|ChangeFilter|112|Moving to Filter H at Position 5
2026-05-28T01:00:03.2764|INFO|FocuserVM.cs|MoveFocuserInternal|216|Moving Focuser to position 387327
2026-05-28T01:00:06.8333|INFO|PHD2Guider.cs|TryStartGuideCommand|641|Phd2 - Requesting to start guiding. Recalibrate: False
2026-05-28T01:00:14.0142|INFO|PHD2Client.cs|ProcessEvent|261|PHD2: StartGuiding
2026-05-28T01:00:14.0143|INFO|PHD2Client.cs|StartNewGuidingSession|393|PHD2Client: New guiding session started
2026-05-28T01:00:14.0254|INFO|PHD2Client.cs|QueryExposureTime|1216|PHD2Client: Exposure time from PHD2 API: 2.000 seconds (2000 ms)
2026-05-28T01:00:36.6272|INFO|PHD2Client.cs|HandleSettleDone|343|PHD2Client: SettleDone - Status=0, Success=True, TotalFrames=10, DroppedFrames=0
2026-05-28T01:00:36.6273|WARNING|DitherStatisticsVM.cs|OnPHD2SettleDone|772|⚠️ SettleDone received but no currentDither exists (race condition?)
2026-05-28T01:00:36.7594|INFO|SequenceItem.cs|Run|254|Finishing Category: Focuser, Item: RunAutofocus
2026-05-28T01:00:36.7596|INFO|SequenceItem.cs|Run|254|Finishing Category: * Instruction Set *, Container: NINA.Sequencer.Container.SequentialContainer, Strategy: SequentialStrategy, Items[FINISHED]: 1
2026-05-28T01:00:36.7598|INFO|SequenceItem.cs|Run|208|Starting Category: Scheduler, Item: TakeExposure, ExposureTime 600, Gain 100, Offset 50, ImageType LIGHT, Binning 1x1
2026-05-28T01:00:36.7646|INFO|CameraVM.cs|Capture|742|Starting Exposure - Exposure Time: 600s; Filter: ; Gain: 100; Offset 50; Binning: 1x1;
2026-05-28T01:01:13.5388|INFO|TsProgressReader.cs|ReadProgressDelta|75|[Subframes] TS progress delta: DB not found at C:\Users\nicka\AppData\Local\NINA\SchedulerPlugin — Target Scheduler not installed or DB path mismatch.
2026-05-28T01:06:13.5385|INFO|TsProgressReader.cs|ReadProgressDelta|75|[Subframes] TS progress delta: DB not found at C:\Users\nicka\AppData\Local\NINA\SchedulerPlugin — Target Scheduler not installed or DB path mismatch.
2026-05-28T01:10:38.6948|INFO|SequenceItem.cs|Run|254|Finishing Category: Scheduler, Item: TakeExposure, ExposureTime 600, Gain 100, Offset 50, ImageType LIGHT, Binning 1x1
2026-05-28T01:10:38.6952|INFO|MeridianFlipTrigger.cs|ShouldTrigger|265|Meridian Flip - There is still time remaining - max remaining time 09:31:56.0815654, next instruction time 0, next instruction NINA.Plugin.TargetScheduler.Sequencer.PlanSchedulerProgress - and the telescope reports expected pier side pierEast. Automated Flip is not necessary.
2026-05-28T01:10:38.6953|INFO|SequenceItem.cs|Run|208|Starting NINA.Plugin.TargetScheduler.Sequencer.PlanSchedulerProgress
2026-05-28T01:10:38.6953|INFO|SequenceItem.cs|Run|254|Finishing NINA.Plugin.TargetScheduler.Sequencer.PlanSchedulerProgress
2026-05-28T01:10:39.9898|INFO|HocusFocusStarDetection.cs|Detect|413|Average HFR: 1.8428546625884243, HFR MAD: 0.16916817359304412, Detected Stars 343, Region: 0
2026-05-28T01:10:40.7118|INFO|BaseImageData.cs|SaveToDisk|346|Saved image to C:\ASTROIMAGES\NINA\2026-05-27\M 51\LIGHT\H\2026-05-28_01-00-36_M 51_LIGHT_H_-5.00C_G100-Exp-600.00s_MAXRMS-D2.04-R2.68_M-64.48_RMS-0.80_HFR-1.84_F-0017.fits
2026-05-28T01:10:40.7120|INFO|ImageSaveController.cs|DoWork|97|Successfully saved file at C:\ASTROIMAGES\NINA\2026-05-27\M 51\LIGHT\H\2026-05-28_01-00-36_M 51_LIGHT_H_-5.00C_G100-Exp-600.00s_MAXRMS-D2.04-R2.68_M-64.48_RMS-0.80_HFR-1.84_F-0017.fits. Duration Total: 00:00:02.0171548; BeforeSave: 00:00:00.0001337; BeforeFinalizeImageSaved: 00:00:01.6831058; FinalizeSaveTime: 00:00:00.3339146
2026-05-28T01:10:41.2357|WARNING|SessionMetaDataWatcher.cs|WriteAcquisitionMetaData|73|acquisition file already exists, will not overwrite: C:\ASTROIMAGES\NINA\2026-05-27\M 51\LIGHT\H\metadata\AcquisitionDetails.csv
2026-05-28T01:10:41.2359|WARNING|SessionMetaDataWatcher.cs|WriteAcquisitionMetaData|93|acquisition file already exists, will not overwrite: C:\ASTROIMAGES\NINA\2026-05-27\M 51\LIGHT\H\metadata\AcquisitionDetails.json
2026-05-28T01:10:41.2362|INFO|SessionMetaDataWatcher.cs|WriteImageMetaData|105|Writing CSV image metadata: C:\ASTROIMAGES\NINA\2026-05-27\M 51\LIGHT\H\metadata\ImageMetaData.csv
2026-05-28T01:10:41.2669|INFO|SessionMetaDataWatcher.cs|WriteImageMetaData|122|Writing JSON image metadata: C:\ASTROIMAGES\NINA\2026-05-27\M 51\LIGHT\H\metadata\ImageMetaData.json
2026-05-28T01:10:41.2698|INFO|SessionMetaDataWatcher.cs|WriteWeatherMetaData|169|Writing CSV weather metadata: C:\ASTROIMAGES\NINA\2026-05-27\M 51\LIGHT\H\metadata\WeatherData.csv
2026-05-28T01:10:41.2875|INFO|SessionMetaDataWatcher.cs|WriteWeatherMetaData|186|Writing JSON weather metadata: C:\ASTROIMAGES\NINA\2026-05-27\M 51\LIGHT\H\metadata\WeatherData.json
2026-05-28T01:10:41.2894|INFO|SessionService.cs|OnTargetDetectedAsync|663|[Subframes] Target detected: 'M51' (was 'M51')
2026-05-28T01:10:41.3247|INFO|SubframesClient.cs|StartTargetAsync|316|[Subframes] Target started:  name='M51'
2026-05-28T01:10:41.3248|WARNING|SessionService.cs|StartTargetAsync|559|[Subframes] StartTarget failed — cached locally as efec8ab7-12d2-4620-8eae-fe4d4300acad for replay.
2026-05-28T01:10:42.0094|INFO|MeridianFlipTrigger.cs|ShouldTrigger|265|Meridian Flip - There is still time remaining - max remaining time 09:31:53.9400160, next instruction time 0, next instruction Category: Powerups (Fun-ctions), Item: GSSend - and the telescope reports expected pier side pierEast. Automated Flip is not necessary.
2026-05-28T01:10:42.0094|INFO|SequenceItem.cs|Run|208|Starting Category: Powerups (Fun-ctions), Item: GSSend
2026-05-28T01:10:42.0098|INFO|SendWithGS.cs|ProcessedScript|64|Replacing Image_ExposureTime with 600
2026-05-28T01:10:42.0099|INFO|SendWithGS.cs|ProcessedScript|64|Replacing Image_HFR with 1.843
2026-05-28T01:10:42.0100|INFO|SendWithGS.cs|ProcessedScript|64|Replacing Image_FWHM with 7.17
2026-05-28T01:10:42.0101|INFO|SendWithGS.cs|ProcessedScript|64|Replacing Altitude with 58.32761320477434
2026-05-28T01:10:42.0101|INFO|SendWithGS.cs|Execute|95|Sending to Ground Station: Exp: $$FWHEEL_FILTER_NAME$$ on $$TARGET_NAME$$ EXP: 600 HFR: 1.843 FWHM: 7.17  Altitude: 58.32761320477434 
2026-05-28T01:10:42.0113|INFO|SequenceItem.cs|Run|208|Starting Category: Ground Station, Item: Send to Telegram
2026-05-28T01:10:42.7035|INFO|SequenceItem.cs|Run|254|Finishing Category: Ground Station, Item: Send to Telegram
2026-05-28T01:10:42.7049|INFO|SequenceItem.cs|Run|254|Finishing Category: Powerups (Fun-ctions), Item: GSSend
2026-05-28T01:10:42.7053|INFO|MeridianFlipTrigger.cs|ShouldTrigger|265|Meridian Flip - There is still time remaining - max remaining time 09:31:51.9954030, next instruction time 0, next instruction Category: Powerups (Fun-ctions), Item: GSSend - and the telescope reports expected pier side pierEast. Automated Flip is not necessary.
2026-05-28T01:10:42.7053|INFO|SequenceItem.cs|Run|208|Starting Category: Powerups (Fun-ctions), Item: GSSend
2026-05-28T01:10:42.7056|INFO|SendWithGS.cs|ProcessedScript|64|Replacing Image_ExposureTime with 600
2026-05-28T01:10:42.7058|INFO|SendWithGS.cs|ProcessedScript|64|Replacing Image_HFR with 1.843
2026-05-28T01:10:42.7059|INFO|SendWithGS.cs|ProcessedScript|64|Replacing Image_FWHM with 7.17
2026-05-28T01:10:42.7060|INFO|SendWithGS.cs|ProcessedScript|64|Replacing Altitude with 58.32761320477434
2026-05-28T01:10:42.7060|INFO|SendWithGS.cs|Execute|95|Sending to Ground Station: Exp: $$FWHEEL_FILTER_NAME$$ on $$TARGET_NAME$$ EXP: 600 HFR: 1.843 FWHM: 7.17  Altitude: 58.32761320477434 
2026-05-28T01:10:42.7072|INFO|SequenceItem.cs|Run|208|Starting Category: Ground Station, Item: Send to Pushover, Title: IMAGE: $$TARGET_NAME$$
2026-05-28T01:10:42.8537|INFO|SequenceItem.cs|Run|254|Finishing Category: Ground Station, Item: Send to Pushover, Title: IMAGE: $$TARGET_NAME$$
2026-05-28T01:10:42.8551|INFO|SequenceItem.cs|Run|254|Finishing Category: Powerups (Fun-ctions), Item: GSSend
2026-05-28T01:10:43.2086|INFO|Symbol.cs|OnMessageReceived|627|Received message from Target Scheduler re: TargetScheduler-TargetStart
2026-05-28T01:10:43.2086|INFO|Symbol.cs|OnMessageReceived|635|TS_TargetName = M 51
2026-05-28T01:10:43.2087|INFO|Symbol.cs|OnMessageReceived|636|Expires at 05/28/2026 03:57:35 -05:00
2026-05-28T01:10:43.2087|INFO|Symbol.cs|OnMessageReceived|627|Received message from Target Scheduler re: TargetScheduler-TargetStart
2026-05-28T01:10:43.2087|INFO|Symbol.cs|OnMessageReceived|635|TS_TargetName = M 51
2026-05-28T01:10:43.2087|INFO|Symbol.cs|OnMessageReceived|636|Expires at 05/28/2026 03:57:35 -05:00
2026-05-28T01:10:43.2459|INFO|MeridianFlipTrigger.cs|ShouldTrigger|265|Meridian Flip - There is still time remaining - max remaining time 09:31:51.9954030, next instruction time 0, next instruction NINA.Plugin.TargetScheduler.Sequencer.PlanSchedulerProgress - and the telescope reports expected pier side pierEast. Automated Flip is not necessary.
2026-05-28T01:10:43.2460|INFO|SequenceItem.cs|Run|208|Starting NINA.Plugin.TargetScheduler.Sequencer.PlanSchedulerProgress
2026-05-28T01:10:43.2461|INFO|SequenceItem.cs|Run|254|Finishing NINA.Plugin.TargetScheduler.Sequencer.PlanSchedulerProgress
2026-05-28T01:10:43.2710|INFO|MeridianFlipTrigger.cs|ShouldTrigger|265|Meridian Flip - There is still time remaining - max remaining time 09:31:51.9954030, next instruction time 0, next instruction Category: Scheduler, Item: SwitchFilter, Filter: H - and the telescope reports expected pier side pierEast. Automated Flip is not necessary.
2026-05-28T01:10:43.2711|INFO|SequenceItem.cs|Run|208|Starting Category: Scheduler, Item: SwitchFilter, Filter: H
2026-05-28T01:10:43.2966|INFO|SequenceItem.cs|Run|254|Finishing Category: Scheduler, Item: SwitchFilter, Filter: H
2026-05-28T01:10:43.2969|INFO|MeridianFlipTrigger.cs|ShouldTrigger|265|Meridian Flip - There is still time remaining - max remaining time 09:31:51.9954030, next instruction time 0, next instruction NINA.Plugin.TargetScheduler.Sequencer.PlanSchedulerProgress - and the telescope reports expected pier side pierEast. Automated Flip is not necessary.
2026-05-28T01:10:43.2970|INFO|SequenceItem.cs|Run|208|Starting NINA.Plugin.TargetScheduler.Sequencer.PlanSchedulerProgress
2026-05-28T01:10:43.2970|INFO|SequenceItem.cs|Run|254|Finishing NINA.Plugin.TargetScheduler.Sequencer.PlanSchedulerProgress
2026-05-28T01:10:43.2971|INFO|MeridianFlipTrigger.cs|ShouldTrigger|265|Meridian Flip - There is still time remaining - max remaining time 09:31:51.9954030, next instruction time 0, next instruction Category: Scheduler, Item: SetReadoutMode, Mode: 0 - and the telescope reports expected pier side pierEast. Automated Flip is not necessary.
2026-05-28T01:10:43.2972|INFO|SequenceItem.cs|Run|208|Starting Category: Scheduler, Item: SetReadoutMode, Mode: 0
2026-05-28T01:10:43.3212|INFO|StarfrontClient.cs|SendImageFile|249|[Rockwood] sent 2026-05-28_01-00-36_M 51_LIGHT_H_-5.00C_G100-Exp-600.00s_MAXRMS-D2.04-R2.68_M-64.48_RMS-0.80_HFR-1.84_F-0017.fits (21KB) object=M 51 exptime=600s filter=H
2026-05-28T01:10:43.3230|INFO|SequenceItem.cs|Run|254|Finishing Category: Scheduler, Item: SetReadoutMode, Mode: 0
2026-05-28T01:10:43.3233|INFO|MeridianFlipTrigger.cs|ShouldTrigger|265|Meridian Flip - There is still time remaining - max remaining time 09:31:51.9954030, next instruction time 0, next instruction NINA.Plugin.TargetScheduler.Sequencer.PlanSchedulerProgress - and the telescope reports expected pier side pierEast. Automated Flip is not necessary.
2026-05-28T01:10:43.3234|INFO|SequenceItem.cs|Run|208|Starting NINA.Plugin.TargetScheduler.Sequencer.PlanSchedulerProgress
2026-05-28T01:10:43.3236|INFO|SequenceItem.cs|Run|254|Finishing NINA.Plugin.TargetScheduler.Sequencer.PlanSchedulerProgress
2026-05-28T01:10:43.3833|INFO|MeridianFlipTrigger.cs|ShouldTrigger|265|Meridian Flip - There is still time remaining - max remaining time 09:31:51.9954030, next instruction time 600, next instruction Category: Scheduler, Item: TakeExposure, ExposureTime 600, Gain 100, Offset 50, ImageType LIGHT, Binning 1x1 - and the telescope reports expected pier side pierEast. Automated Flip is not necessary.
2026-05-28T01:10:43.3833|INFO|DIYTrigger.cs|ShouldTrigger|109|DIY Trigger Restore Guiding ShouldTrigger returning true
2026-05-28T01:10:43.3834|INFO|SequenceTrigger.cs|Run|114|Starting Category: Powerups (Misc), Item: DIYTrigger
2026-05-28T01:10:43.3854|INFO|DIYTrigger.cs|Execute|95|DIY Trigger executing...
2026-05-28T01:10:43.3855|INFO|SequenceItem.cs|Run|208|Starting Category: * Instruction Set *, Container: NINA.Sequencer.Container.SequentialContainer, Strategy: SequentialStrategy, Items[CREATED]: 1, Triggers: Trigger: RestoreGuiding
2026-05-28T01:10:43.4098|INFO|MeridianFlipTrigger.cs|ShouldTrigger|265|Meridian Flip - There is still time remaining - max remaining time 09:31:51.9954030, next instruction time 0, next instruction Category: Powerups (Expressions), Item: IfFailed - and the telescope reports expected pier side pierEast. Automated Flip is not necessary.
2026-05-28T01:10:43.4099|INFO|SequenceItem.cs|Run|208|Starting Category: Powerups (Expressions), Item: IfFailed
2026-05-28T01:10:43.4100|INFO|SequenceItem.cs|Run|208|Starting Category: Guider, Item: StartGuiding
2026-05-28T01:10:43.4129|INFO|PHD2Guider.cs|StartGuidingPrivate|504|Phd2 - App is already guiding. Skipping start guiding
2026-05-28T01:10:43.4131|INFO|SequenceItem.cs|Run|254|Finishing Category: Guider, Item: StartGuiding
2026-05-28T01:10:43.4131|INFO|SequenceItem.cs|Run|254|Finishing Category: Powerups (Expressions), Item: IfFailed
2026-05-28T01:10:43.4132|INFO|SequenceItem.cs|Run|254|Finishing Category: * Instruction Set *, Container: NINA.Sequencer.Container.SequentialContainer, Strategy: SequentialStrategy, Items[FINISHED]: 1, Triggers: Trigger: RestoreGuiding
2026-05-28T01:10:43.4155|INFO|SequenceItem.cs|Run|208|Starting Category: Scheduler, Item: TakeExposure, ExposureTime 600, Gain 100, Offset 50, ImageType LIGHT, Binning 1x1
2026-05-28T01:10:43.4203|INFO|CameraVM.cs|Capture|742|Starting Exposure - Exposure Time: 600s; Filter: ; Gain: 100; Offset 50; Binning: 1x1;
2026-05-28T01:10:46.4843|WARNING|TsPreviewClient.cs|FetchPreviewAsync|161|[Subframes] TsPreviewClient.FetchPreviewAsync failed for profile '533M-AT60' (0173997c-4bfa-48fd-9337-a48b6df99c38): TaskCanceledException: The request was canceled due to the configured HttpClient.Timeout of 5 seconds elapsing.
2026-05-28T01:11:10.4923|INFO|SyncEngine.cs|SyncPendingFramesAsync|142|[Subframes] SyncEngine: synced 1 frames for session 488ed467-5289-4740-b683-e0aa7c3efabe (accepted=1)
2026-05-28T01:11:13.5335|INFO|TsProgressReader.cs|ReadProgressDelta|75|[Subframes] TS progress delta: DB not found at C:\Users\nicka\AppData\Local\NINA\SchedulerPlugin — Target Scheduler not installed or DB path mismatch.
2026-05-28T01:16:13.5310|INFO|TsProgressReader.cs|ReadProgressDelta|75|[Subframes] TS progress delta: DB not found at C:\Users\nicka\AppData\Local\NINA\SchedulerPlugin — Target Scheduler not installed or DB path mismatch.
2026-05-28T01:20:45.3868|INFO|SequenceItem.cs|Run|254|Finishing Category: Scheduler, Item: TakeExposure, ExposureTime 600, Gain 100, Offset 50, ImageType LIGHT, Binning 1x1
2026-05-28T01:20:45.3873|INFO|MeridianFlipTrigger.cs|ShouldTrigger|265|Meridian Flip - There is still time remaining - max remaining time 09:21:49.3864122, next instruction time 0, next instruction NINA.Plugin.TargetScheduler.Sequencer.PlanSchedulerProgress - and the telescope reports expected pier side pierEast. Automated Flip is not necessary.
2026-05-28T01:20:45.3874|INFO|SequenceItem.cs|Run|208|Starting NINA.Plugin.TargetScheduler.Sequencer.PlanSchedulerProgress
2026-05-28T01:20:45.3875|INFO|SequenceItem.cs|Run|254|Finishing NINA.Plugin.TargetScheduler.Sequencer.PlanSchedulerProgress
2026-05-28T01:20:46.7516|INFO|HocusFocusStarDetection.cs|Detect|413|Average HFR: 1.8369412734749924, HFR MAD: 0.1506361861684202, Detected Stars 324, Region: 0
2026-05-28T01:20:47.4803|INFO|BaseImageData.cs|SaveToDisk|346|Saved image to C:\ASTROIMAGES\NINA\2026-05-27\M 51\LIGHT\H\2026-05-28_01-10-43_M 51_LIGHT_H_-5.00C_G100-Exp-600.00s_MAXRMS-D2.52-R2.61_M-64.51_RMS-0.51_HFR-1.84_F-0018.fits
2026-05-28T01:20:47.4805|INFO|ImageSaveController.cs|DoWork|97|Successfully saved file at C:\ASTROIMAGES\NINA\2026-05-27\M 51\LIGHT\H\2026-05-28_01-10-43_M 51_LIGHT_H_-5.00C_G100-Exp-600.00s_MAXRMS-D2.52-R2.61_M-64.51_RMS-0.51_HFR-1.84_F-0018.fits. Duration Total: 00:00:02.0926197; BeforeSave: 00:00:00.0251388; BeforeFinalizeImageSaved: 00:00:01.7310255; FinalizeSaveTime: 00:00:00.3364541
2026-05-28T01:20:48.0225|WARNING|SessionMetaDataWatcher.cs|WriteAcquisitionMetaData|73|acquisition file already exists, will not overwrite: C:\ASTROIMAGES\NINA\2026-05-27\M 51\LIGHT\H\metadata\AcquisitionDetails.csv
2026-05-28T01:20:48.0226|WARNING|SessionMetaDataWatcher.cs|WriteAcquisitionMetaData|93|acquisition file already exists, will not overwrite: C:\ASTROIMAGES\NINA\2026-05-27\M 51\LIGHT\H\metadata\AcquisitionDetails.json
2026-05-28T01:20:48.0230|INFO|SessionMetaDataWatcher.cs|WriteImageMetaData|105|Writing CSV image metadata: C:\ASTROIMAGES\NINA\2026-05-27\M 51\LIGHT\H\metadata\ImageMetaData.csv
2026-05-28T01:20:48.0626|INFO|SessionMetaDataWatcher.cs|WriteImageMetaData|122|Writing JSON image metadata: C:\ASTROIMAGES\NINA\2026-05-27\M 51\LIGHT\H\metadata\ImageMetaData.json
2026-05-28T01:20:48.0656|INFO|SessionMetaDataWatcher.cs|WriteWeatherMetaData|169|Writing CSV weather metadata: C:\ASTROIMAGES\NINA\2026-05-27\M 51\LIGHT\H\metadata\WeatherData.csv
2026-05-28T01:20:48.0831|INFO|SessionMetaDataWatcher.cs|WriteWeatherMetaData|186|Writing JSON weather metadata: C:\ASTROIMAGES\NINA\2026-05-27\M 51\LIGHT\H\metadata\WeatherData.json
2026-05-28T01:20:48.0849|INFO|SessionService.cs|OnTargetDetectedAsync|663|[Subframes] Target detected: 'M51' (was 'M51')
2026-05-28T01:20:48.1222|INFO|SubframesClient.cs|StartTargetAsync|316|[Subframes] Target started:  name='M51'
2026-05-28T01:20:48.1223|WARNING|SessionService.cs|StartTargetAsync|559|[Subframes] StartTarget failed — cached locally as de46027e-45de-432b-a746-3ff1e47d96ac for replay.
2026-05-28T01:20:48.7736|INFO|MeridianFlipTrigger.cs|ShouldTrigger|265|Meridian Flip - There is still time remaining - max remaining time 09:21:45.3906217, next instruction time 0, next instruction Category: Powerups (Fun-ctions), Item: GSSend - and the telescope reports expected pier side pierEast. Automated Flip is not necessary.
2026-05-28T01:20:48.7737|INFO|SequenceItem.cs|Run|208|Starting Category: Powerups (Fun-ctions), Item: GSSend
2026-05-28T01:20:48.7741|INFO|SendWithGS.cs|ProcessedScript|64|Replacing Image_ExposureTime with 600
2026-05-28T01:20:48.7742|INFO|SendWithGS.cs|ProcessedScript|64|Replacing Image_HFR with 1.837
2026-05-28T01:20:48.7743|INFO|SendWithGS.cs|ProcessedScript|64|Replacing Image_FWHM with 7.18
2026-05-28T01:20:48.7745|INFO|SendWithGS.cs|ProcessedScript|64|Replacing Altitude with 56.66183201676151
2026-05-28T01:20:48.7745|INFO|SendWithGS.cs|Execute|95|Sending to Ground Station: Exp: $$FWHEEL_FILTER_NAME$$ on $$TARGET_NAME$$ EXP: 600 HFR: 1.837 FWHM: 7.18  Altitude: 56.66183201676151 
2026-05-28T01:20:48.7758|INFO|SequenceItem.cs|Run|208|Starting Category: Ground Station, Item: Send to Telegram
2026-05-28T01:20:49.4469|INFO|SequenceItem.cs|Run|254|Finishing Category: Ground Station, Item: Send to Telegram
2026-05-28T01:20:49.4483|INFO|SequenceItem.cs|Run|254|Finishing Category: Powerups (Fun-ctions), Item: GSSend
2026-05-28T01:20:49.4487|INFO|MeridianFlipTrigger.cs|ShouldTrigger|265|Meridian Flip - There is still time remaining - max remaining time 09:21:45.3906217, next instruction time 0, next instruction Category: Powerups (Fun-ctions), Item: GSSend - and the telescope reports expected pier side pierEast. Automated Flip is not necessary.
2026-05-28T01:20:49.4487|INFO|SequenceItem.cs|Run|208|Starting Category: Powerups (Fun-ctions), Item: GSSend
2026-05-28T01:20:49.4490|INFO|SendWithGS.cs|ProcessedScript|64|Replacing Image_ExposureTime with 600
2026-05-28T01:20:49.4492|INFO|SendWithGS.cs|ProcessedScript|64|Replacing Image_HFR with 1.837
2026-05-28T01:20:49.4493|INFO|SendWithGS.cs|ProcessedScript|64|Replacing Image_FWHM with 7.18
2026-05-28T01:20:49.4494|INFO|SendWithGS.cs|ProcessedScript|64|Replacing Altitude with 56.66183201676151
2026-05-28T01:20:49.4494|INFO|SendWithGS.cs|Execute|95|Sending to Ground Station: Exp: $$FWHEEL_FILTER_NAME$$ on $$TARGET_NAME$$ EXP: 600 HFR: 1.837 FWHM: 7.18  Altitude: 56.66183201676151 
2026-05-28T01:20:49.4508|INFO|SequenceItem.cs|Run|208|Starting Category: Ground Station, Item: Send to Pushover, Title: IMAGE: $$TARGET_NAME$$
2026-05-28T01:20:49.6042|INFO|SequenceItem.cs|Run|254|Finishing Category: Ground Station, Item: Send to Pushover, Title: IMAGE: $$TARGET_NAME$$
2026-05-28T01:20:49.6055|INFO|SequenceItem.cs|Run|254|Finishing Category: Powerups (Fun-ctions), Item: GSSend
2026-05-28T01:20:49.7827|INFO|Symbol.cs|OnMessageReceived|627|Received message from Target Scheduler re: TargetScheduler-TargetStart
2026-05-28T01:20:49.7828|INFO|Symbol.cs|OnMessageReceived|635|TS_TargetName = M 51
2026-05-28T01:20:49.7828|INFO|Symbol.cs|OnMessageReceived|636|Expires at 05/28/2026 03:57:35 -05:00
2026-05-28T01:20:49.7828|INFO|Symbol.cs|OnMessageReceived|627|Received message from Target Scheduler re: TargetScheduler-TargetStart
2026-05-28T01:20:49.7828|INFO|Symbol.cs|OnMessageReceived|635|TS_TargetName = M 51
2026-05-28T01:20:49.7829|INFO|Symbol.cs|OnMessageReceived|636|Expires at 05/28/2026 03:57:35 -05:00
2026-05-28T01:20:49.7832|INFO|MeridianFlipTrigger.cs|ShouldTrigger|265|Meridian Flip - There is still time remaining - max remaining time 09:21:45.3906217, next instruction time 0, next instruction NINA.Plugin.TargetScheduler.Sequencer.PlanSchedulerProgress - and the telescope reports expected pier side pierEast. Automated Flip is not necessary.
2026-05-28T01:20:49.7833|INFO|SequenceItem.cs|Run|208|Starting NINA.Plugin.TargetScheduler.Sequencer.PlanSchedulerProgress
2026-05-28T01:20:49.7833|INFO|SequenceItem.cs|Run|254|Finishing NINA.Plugin.TargetScheduler.Sequencer.PlanSchedulerProgress
2026-05-28T01:20:49.7835|INFO|MeridianFlipTrigger.cs|ShouldTrigger|265|Meridian Flip - There is still time remaining - max remaining time 09:21:45.3906217, next instruction time 0, next instruction Category: Scheduler, Item: SwitchFilter, Filter: H - and the telescope reports expected pier side pierEast. Automated Flip is not necessary.
2026-05-28T01:20:49.7835|INFO|SequenceItem.cs|Run|208|Starting Category: Scheduler, Item: SwitchFilter, Filter: H
2026-05-28T01:20:49.8109|INFO|SequenceItem.cs|Run|254|Finishing Category: Scheduler, Item: SwitchFilter, Filter: H
2026-05-28T01:20:49.8112|INFO|MeridianFlipTrigger.cs|ShouldTrigger|265|Meridian Flip - There is still time remaining - max remaining time 09:21:45.3906217, next instruction time 0, next instruction NINA.Plugin.TargetScheduler.Sequencer.PlanSchedulerProgress - and the telescope reports expected pier side pierEast. Automated Flip is not necessary.
2026-05-28T01:20:49.8112|INFO|SequenceItem.cs|Run|208|Starting NINA.Plugin.TargetScheduler.Sequencer.PlanSchedulerProgress
2026-05-28T01:20:49.8113|INFO|SequenceItem.cs|Run|254|Finishing NINA.Plugin.TargetScheduler.Sequencer.PlanSchedulerProgress
2026-05-28T01:20:49.8360|INFO|MeridianFlipTrigger.cs|ShouldTrigger|265|Meridian Flip - There is still time remaining - max remaining time 09:21:45.3906217, next instruction time 0, next instruction Category: Scheduler, Item: SetReadoutMode, Mode: 0 - and the telescope reports expected pier side pierEast. Automated Flip is not necessary.
2026-05-28T01:20:49.8361|INFO|SequenceItem.cs|Run|208|Starting Category: Scheduler, Item: SetReadoutMode, Mode: 0
2026-05-28T01:20:49.8607|INFO|SequenceItem.cs|Run|254|Finishing Category: Scheduler, Item: SetReadoutMode, Mode: 0
2026-05-28T01:20:49.8610|INFO|MeridianFlipTrigger.cs|ShouldTrigger|265|Meridian Flip - There is still time remaining - max remaining time 09:21:45.3906217, next instruction time 0, next instruction NINA.Plugin.TargetScheduler.Sequencer.PlanSchedulerProgress - and the telescope reports expected pier side pierEast. Automated Flip is not necessary.
2026-05-28T01:20:49.8611|INFO|SequenceItem.cs|Run|208|Starting NINA.Plugin.TargetScheduler.Sequencer.PlanSchedulerProgress
2026-05-28T01:20:49.8708|INFO|SequenceItem.cs|Run|254|Finishing NINA.Plugin.TargetScheduler.Sequencer.PlanSchedulerProgress
2026-05-28T01:20:49.8878|INFO|MeridianFlipTrigger.cs|ShouldTrigger|265|Meridian Flip - There is still time remaining - max remaining time 09:21:45.3906217, next instruction time 600, next instruction Category: Scheduler, Item: TakeExposure, ExposureTime 600, Gain 100, Offset 50, ImageType LIGHT, Binning 1x1 - and the telescope reports expected pier side pierEast. Automated Flip is not necessary.
2026-05-28T01:20:49.8879|INFO|DIYTrigger.cs|ShouldTrigger|109|DIY Trigger Restore Guiding ShouldTrigger returning true
2026-05-28T01:20:49.8879|INFO|SequenceTrigger.cs|Run|114|Starting Category: Powerups (Misc), Item: DIYTrigger
2026-05-28T01:20:49.9265|INFO|DIYTrigger.cs|Execute|95|DIY Trigger executing...
2026-05-28T01:20:49.9267|INFO|SequenceItem.cs|Run|208|Starting Category: * Instruction Set *, Container: NINA.Sequencer.Container.SequentialContainer, Strategy: SequentialStrategy, Items[CREATED]: 1, Triggers: Trigger: RestoreGuiding
2026-05-28T01:20:49.9513|INFO|MeridianFlipTrigger.cs|ShouldTrigger|265|Meridian Flip - There is still time remaining - max remaining time 09:21:45.3906217, next instruction time 0, next instruction Category: Powerups (Expressions), Item: IfFailed - and the telescope reports expected pier side pierEast. Automated Flip is not necessary.
2026-05-28T01:20:49.9514|INFO|SequenceItem.cs|Run|208|Starting Category: Powerups (Expressions), Item: IfFailed
2026-05-28T01:20:49.9515|INFO|SequenceItem.cs|Run|208|Starting Category: Guider, Item: StartGuiding
2026-05-28T01:20:49.9547|INFO|PHD2Guider.cs|StartGuidingPrivate|504|Phd2 - App is already guiding. Skipping start guiding
2026-05-28T01:20:49.9550|INFO|SequenceItem.cs|Run|254|Finishing Category: Guider, Item: StartGuiding
2026-05-28T01:20:49.9550|INFO|SequenceItem.cs|Run|254|Finishing Category: Powerups (Expressions), Item: IfFailed
2026-05-28T01:20:49.9552|INFO|SequenceItem.cs|Run|254|Finishing Category: * Instruction Set *, Container: NINA.Sequencer.Container.SequentialContainer, Strategy: SequentialStrategy, Items[FINISHED]: 1, Triggers: Trigger: RestoreGuiding
2026-05-28T01:20:49.9576|INFO|SequenceItem.cs|Run|208|Starting Category: Scheduler, Item: TakeExposure, ExposureTime 600, Gain 100, Offset 50, ImageType LIGHT, Binning 1x1
2026-05-28T01:20:49.9694|INFO|CameraVM.cs|Capture|742|Starting Exposure - Exposure Time: 600s; Filter: ; Gain: 100; Offset 50; Binning: 1x1;
2026-05-28T01:20:50.4436|INFO|StarfrontClient.cs|SendImageFile|249|[Rockwood] sent 2026-05-28_01-10-43_M 51_LIGHT_H_-5.00C_G100-Exp-600.00s_MAXRMS-D2.52-R2.61_M-64.51_RMS-0.51_HFR-1.84_F-0018.fits (21KB) object=M 51 exptime=600s filter=H
2026-05-28T01:20:53.2511|WARNING|TsPreviewClient.cs|FetchPreviewAsync|161|[Subframes] TsPreviewClient.FetchPreviewAsync failed for profile '533M-AT60' (0173997c-4bfa-48fd-9337-a48b6df99c38): TaskCanceledException: The request was canceled due to the configured HttpClient.Timeout of 5 seconds elapsing.
2026-05-28T01:21:10.4876|INFO|SyncEngine.cs|SyncPendingFramesAsync|142|[Subframes] SyncEngine: synced 1 frames for session 488ed467-5289-4740-b683-e0aa7c3efabe (accepted=1)
2026-05-28T01:21:13.5320|INFO|TsProgressReader.cs|ReadProgressDelta|75|[Subframes] TS progress delta: DB not found at C:\Users\nicka\AppData\Local\NINA\SchedulerPlugin — Target Scheduler not installed or DB path mismatch.
2026-05-28T01:26:13.5303|INFO|TsProgressReader.cs|ReadProgressDelta|75|[Subframes] TS progress delta: DB not found at C:\Users\nicka\AppData\Local\NINA\SchedulerPlugin — Target Scheduler not installed or DB path mismatch.
2026-05-28T01:30:51.9016|INFO|SequenceItem.cs|Run|254|Finishing Category: Scheduler, Item: TakeExposure, ExposureTime 600, Gain 100, Offset 50, ImageType LIGHT, Binning 1x1
2026-05-28T01:30:51.9020|INFO|MeridianFlipTrigger.cs|ShouldTrigger|265|Meridian Flip - There is still time remaining - max remaining time 09:11:43.3800859, next instruction time 0, next instruction NINA.Plugin.TargetScheduler.Sequencer.PlanSchedulerProgress - and the telescope reports expected pier side pierEast. Automated Flip is not necessary.
2026-05-28T01:30:51.9021|INFO|SequenceItem.cs|Run|208|Starting NINA.Plugin.TargetScheduler.Sequencer.PlanSchedulerProgress
2026-05-28T01:30:51.9021|INFO|SequenceItem.cs|Run|254|Finishing NINA.Plugin.TargetScheduler.Sequencer.PlanSchedulerProgress
2026-05-28T01:30:53.2934|INFO|HocusFocusStarDetection.cs|Detect|413|Average HFR: 1.8338470522941224, HFR MAD: 0.15718942257582202, Detected Stars 313, Region: 0
2026-05-28T01:30:54.0143|INFO|BaseImageData.cs|SaveToDisk|346|Saved image to C:\ASTROIMAGES\NINA\2026-05-27\M 51\LIGHT\H\2026-05-28_01-20-50_M 51_LIGHT_H_-5.00C_G100-Exp-600.00s_MAXRMS-D1.80-R2.37_M-64.54_RMS-0.46_HFR-1.83_F-0019.fits
2026-05-28T01:30:54.0144|INFO|ImageSaveController.cs|DoWork|97|Successfully saved file at C:\ASTROIMAGES\NINA\2026-05-27\M 51\LIGHT\H\2026-05-28_01-20-50_M 51_LIGHT_H_-5.00C_G100-Exp-600.00s_MAXRMS-D1.80-R2.37_M-64.54_RMS-0.46_HFR-1.83_F-0019.fits. Duration Total: 00:00:02.1128408; BeforeSave: 00:00:00.0001697; BeforeFinalizeImageSaved: 00:00:01.7849889; FinalizeSaveTime: 00:00:00.3276812
2026-05-28T01:30:54.5453|WARNING|SessionMetaDataWatcher.cs|WriteAcquisitionMetaData|73|acquisition file already exists, will not overwrite: C:\ASTROIMAGES\NINA\2026-05-27\M 51\LIGHT\H\metadata\AcquisitionDetails.csv
2026-05-28T01:30:54.5454|WARNING|SessionMetaDataWatcher.cs|WriteAcquisitionMetaData|93|acquisition file already exists, will not overwrite: C:\ASTROIMAGES\NINA\2026-05-27\M 51\LIGHT\H\metadata\AcquisitionDetails.json
2026-05-28T01:30:54.5457|INFO|SessionMetaDataWatcher.cs|WriteImageMetaData|105|Writing CSV image metadata: C:\ASTROIMAGES\NINA\2026-05-27\M 51\LIGHT\H\metadata\ImageMetaData.csv
2026-05-28T01:30:54.5754|INFO|SessionMetaDataWatcher.cs|WriteImageMetaData|122|Writing JSON image metadata: C:\ASTROIMAGES\NINA\2026-05-27\M 51\LIGHT\H\metadata\ImageMetaData.json
2026-05-28T01:30:54.5783|INFO|SessionMetaDataWatcher.cs|WriteWeatherMetaData|169|Writing CSV weather metadata: C:\ASTROIMAGES\NINA\2026-05-27\M 51\LIGHT\H\metadata\WeatherData.csv
2026-05-28T01:30:54.5925|INFO|SessionMetaDataWatcher.cs|WriteWeatherMetaData|186|Writing JSON weather metadata: C:\ASTROIMAGES\NINA\2026-05-27\M 51\LIGHT\H\metadata\WeatherData.json
2026-05-28T01:30:54.5942|INFO|SessionService.cs|OnTargetDetectedAsync|663|[Subframes] Target detected: 'M51' (was 'M51')
2026-05-28T01:30:54.6285|INFO|SubframesClient.cs|StartTargetAsync|316|[Subframes] Target started:  name='M51'
2026-05-28T01:30:54.6286|WARNING|SessionService.cs|StartTargetAsync|559|[Subframes] StartTarget failed — cached locally as e7ce22b5-9a6c-41c6-b5ba-6ee033f94419 for replay.
2026-05-28T01:30:55.3205|INFO|MeridianFlipTrigger.cs|ShouldTrigger|265|Meridian Flip - There is still time remaining - max remaining time 09:11:39.3494467, next instruction time 0, next instruction Category: Powerups (Fun-ctions), Item: GSSend - and the telescope reports expected pier side pierEast. Automated Flip is not necessary.
2026-05-28T01:30:55.3206|INFO|SequenceItem.cs|Run|208|Starting Category: Powerups (Fun-ctions), Item: GSSend
2026-05-28T01:30:55.3209|INFO|SendWithGS.cs|ProcessedScript|64|Replacing Image_ExposureTime with 600
2026-05-28T01:30:55.3210|INFO|SendWithGS.cs|ProcessedScript|64|Replacing Image_HFR with 1.834
2026-05-28T01:30:55.3211|INFO|SendWithGS.cs|ProcessedScript|64|Replacing Image_FWHM with 7.19
2026-05-28T01:30:55.3212|INFO|SendWithGS.cs|ProcessedScript|64|Replacing Altitude with 54.97820199925384
2026-05-28T01:30:55.3212|INFO|SendWithGS.cs|Execute|95|Sending to Ground Station: Exp: $$FWHEEL_FILTER_NAME$$ on $$TARGET_NAME$$ EXP: 600 HFR: 1.834 FWHM: 7.19  Altitude: 54.97820199925384 
2026-05-28T01:30:55.3224|INFO|SequenceItem.cs|Run|208|Starting Category: Ground Station, Item: Send to Telegram
2026-05-28T01:30:56.0062|INFO|SequenceItem.cs|Run|254|Finishing Category: Ground Station, Item: Send to Telegram
2026-05-28T01:30:56.0074|INFO|SequenceItem.cs|Run|254|Finishing Category: Powerups (Fun-ctions), Item: GSSend
2026-05-28T01:30:56.0077|INFO|MeridianFlipTrigger.cs|ShouldTrigger|265|Meridian Flip - There is still time remaining - max remaining time 09:11:39.3494467, next instruction time 0, next instruction Category: Powerups (Fun-ctions), Item: GSSend - and the telescope reports expected pier side pierEast. Automated Flip is not necessary.
2026-05-28T01:30:56.0078|INFO|SequenceItem.cs|Run|208|Starting Category: Powerups (Fun-ctions), Item: GSSend
2026-05-28T01:30:56.0081|INFO|SendWithGS.cs|ProcessedScript|64|Replacing Image_ExposureTime with 600
2026-05-28T01:30:56.0082|INFO|SendWithGS.cs|ProcessedScript|64|Replacing Image_HFR with 1.834
2026-05-28T01:30:56.0083|INFO|SendWithGS.cs|ProcessedScript|64|Replacing Image_FWHM with 7.19
2026-05-28T01:30:56.0085|INFO|SendWithGS.cs|ProcessedScript|64|Replacing Altitude with 54.97820199925384
2026-05-28T01:30:56.0085|INFO|SendWithGS.cs|Execute|95|Sending to Ground Station: Exp: $$FWHEEL_FILTER_NAME$$ on $$TARGET_NAME$$ EXP: 600 HFR: 1.834 FWHM: 7.19  Altitude: 54.97820199925384 
2026-05-28T01:30:56.0096|INFO|SequenceItem.cs|Run|208|Starting Category: Ground Station, Item: Send to Pushover, Title: IMAGE: $$TARGET_NAME$$
2026-05-28T01:30:56.1598|INFO|SequenceItem.cs|Run|254|Finishing Category: Ground Station, Item: Send to Pushover, Title: IMAGE: $$TARGET_NAME$$
2026-05-28T01:30:56.1612|INFO|SequenceItem.cs|Run|254|Finishing Category: Powerups (Fun-ctions), Item: GSSend
2026-05-28T01:30:56.3651|INFO|Symbol.cs|OnMessageReceived|627|Received message from Target Scheduler re: TargetScheduler-TargetStart
2026-05-28T01:30:56.3652|INFO|Symbol.cs|OnMessageReceived|635|TS_TargetName = M 51
2026-05-28T01:30:56.3652|INFO|Symbol.cs|OnMessageReceived|636|Expires at 05/28/2026 03:57:35 -05:00
2026-05-28T01:30:56.3652|INFO|Symbol.cs|OnMessageReceived|627|Received message from Target Scheduler re: TargetScheduler-TargetStart
2026-05-28T01:30:56.3652|INFO|Symbol.cs|OnMessageReceived|635|TS_TargetName = M 51
2026-05-28T01:30:56.3653|INFO|Symbol.cs|OnMessageReceived|636|Expires at 05/28/2026 03:57:35 -05:00
2026-05-28T01:30:56.3677|INFO|MeridianFlipTrigger.cs|ShouldTrigger|265|Meridian Flip - There is still time remaining - max remaining time 09:11:39.3494467, next instruction time 0, next instruction NINA.Plugin.TargetScheduler.Sequencer.PlanSchedulerProgress - and the telescope reports expected pier side pierEast. Automated Flip is not necessary.
2026-05-28T01:30:56.3678|INFO|SequenceItem.cs|Run|208|Starting NINA.Plugin.TargetScheduler.Sequencer.PlanSchedulerProgress
2026-05-28T01:30:56.3678|INFO|SequenceItem.cs|Run|254|Finishing NINA.Plugin.TargetScheduler.Sequencer.PlanSchedulerProgress
2026-05-28T01:30:56.3680|INFO|MeridianFlipTrigger.cs|ShouldTrigger|265|Meridian Flip - There is still time remaining - max remaining time 09:11:39.3494467, next instruction time 0, next instruction Category: Scheduler, Item: SwitchFilter, Filter: H - and the telescope reports expected pier side pierEast. Automated Flip is not necessary.
2026-05-28T01:30:56.3681|INFO|SequenceItem.cs|Run|208|Starting Category: Scheduler, Item: SwitchFilter, Filter: H
2026-05-28T01:30:56.4208|INFO|SequenceItem.cs|Run|254|Finishing Category: Scheduler, Item: SwitchFilter, Filter: H
2026-05-28T01:30:56.4458|INFO|MeridianFlipTrigger.cs|ShouldTrigger|265|Meridian Flip - There is still time remaining - max remaining time 09:11:37.2941407, next instruction time 0, next instruction NINA.Plugin.TargetScheduler.Sequencer.PlanSchedulerProgress - and the telescope reports expected pier side pierEast. Automated Flip is not necessary.
2026-05-28T01:30:56.4459|INFO|SequenceItem.cs|Run|208|Starting NINA.Plugin.TargetScheduler.Sequencer.PlanSchedulerProgress
2026-05-28T01:30:56.4460|INFO|SequenceItem.cs|Run|254|Finishing NINA.Plugin.TargetScheduler.Sequencer.PlanSchedulerProgress
2026-05-28T01:30:56.4462|INFO|MeridianFlipTrigger.cs|ShouldTrigger|265|Meridian Flip - There is still time remaining - max remaining time 09:11:37.2941407, next instruction time 0, next instruction Category: Scheduler, Item: SetReadoutMode, Mode: 0 - and the telescope reports expected pier side pierEast. Automated Flip is not necessary.
2026-05-28T01:30:56.4462|INFO|SequenceItem.cs|Run|208|Starting Category: Scheduler, Item: SetReadoutMode, Mode: 0
2026-05-28T01:30:56.4706|INFO|SequenceItem.cs|Run|254|Finishing Category: Scheduler, Item: SetReadoutMode, Mode: 0
2026-05-28T01:30:56.4709|INFO|MeridianFlipTrigger.cs|ShouldTrigger|265|Meridian Flip - There is still time remaining - max remaining time 09:11:37.2941407, next instruction time 0, next instruction NINA.Plugin.TargetScheduler.Sequencer.PlanSchedulerProgress - and the telescope reports expected pier side pierEast. Automated Flip is not necessary.
2026-05-28T01:30:56.4710|INFO|SequenceItem.cs|Run|208|Starting NINA.Plugin.TargetScheduler.Sequencer.PlanSchedulerProgress
2026-05-28T01:30:56.4966|INFO|SequenceItem.cs|Run|254|Finishing NINA.Plugin.TargetScheduler.Sequencer.PlanSchedulerProgress
2026-05-28T01:30:56.4971|INFO|MeridianFlipTrigger.cs|ShouldTrigger|265|Meridian Flip - There is still time remaining - max remaining time 09:11:37.2941407, next instruction time 600, next instruction Category: Scheduler, Item: TakeExposure, ExposureTime 600, Gain 100, Offset 50, ImageType LIGHT, Binning 1x1 - and the telescope reports expected pier side pierEast. Automated Flip is not necessary.
2026-05-28T01:30:56.4971|INFO|DIYTrigger.cs|ShouldTrigger|109|DIY Trigger Restore Guiding ShouldTrigger returning true
2026-05-28T01:30:56.5218|INFO|SequenceTrigger.cs|Run|114|Starting Category: Powerups (Misc), Item: DIYTrigger
2026-05-28T01:30:56.5245|INFO|DIYTrigger.cs|Execute|95|DIY Trigger executing...
2026-05-28T01:30:56.5246|INFO|SequenceItem.cs|Run|208|Starting Category: * Instruction Set *, Container: NINA.Sequencer.Container.SequentialContainer, Strategy: SequentialStrategy, Items[CREATED]: 1, Triggers: Trigger: RestoreGuiding
2026-05-28T01:30:56.5495|INFO|MeridianFlipTrigger.cs|ShouldTrigger|265|Meridian Flip - There is still time remaining - max remaining time 09:11:37.2941407, next instruction time 0, next instruction Category: Powerups (Expressions), Item: IfFailed - and the telescope reports expected pier side pierEast. Automated Flip is not necessary.
2026-05-28T01:30:56.5496|INFO|SequenceItem.cs|Run|208|Starting Category: Powerups (Expressions), Item: IfFailed
2026-05-28T01:30:56.5497|INFO|SequenceItem.cs|Run|208|Starting Category: Guider, Item: StartGuiding
2026-05-28T01:30:56.5537|INFO|PHD2Guider.cs|StartGuidingPrivate|504|Phd2 - App is already guiding. Skipping start guiding
2026-05-28T01:30:56.5539|INFO|SequenceItem.cs|Run|254|Finishing Category: Guider, Item: StartGuiding
2026-05-28T01:30:56.5540|INFO|SequenceItem.cs|Run|254|Finishing Category: Powerups (Expressions), Item: IfFailed
2026-05-28T01:30:56.5541|INFO|SequenceItem.cs|Run|254|Finishing Category: * Instruction Set *, Container: NINA.Sequencer.Container.SequentialContainer, Strategy: SequentialStrategy, Items[FINISHED]: 1, Triggers: Trigger: RestoreGuiding
2026-05-28T01:30:56.5570|INFO|SequenceItem.cs|Run|208|Starting Category: Scheduler, Item: TakeExposure, ExposureTime 600, Gain 100, Offset 50, ImageType LIGHT, Binning 1x1
2026-05-28T01:30:56.5780|INFO|CameraVM.cs|Capture|742|Starting Exposure - Exposure Time: 600s; Filter: ; Gain: 100; Offset 50; Binning: 1x1;
2026-05-28T01:30:56.6776|INFO|StarfrontClient.cs|SendImageFile|249|[Rockwood] sent 2026-05-28_01-20-50_M 51_LIGHT_H_-5.00C_G100-Exp-600.00s_MAXRMS-D1.80-R2.37_M-64.54_RMS-0.46_HFR-1.83_F-0019.fits (22KB) object=M 51 exptime=600s filter=H
2026-05-28T01:30:59.7659|WARNING|TsPreviewClient.cs|FetchPreviewAsync|161|[Subframes] TsPreviewClient.FetchPreviewAsync failed for profile '533M-AT60' (0173997c-4bfa-48fd-9337-a48b6df99c38): TaskCanceledException: The request was canceled due to the configured HttpClient.Timeout of 5 seconds elapsing.
2026-05-28T01:31:10.4848|INFO|SyncEngine.cs|SyncPendingFramesAsync|142|[Subframes] SyncEngine: synced 1 frames for session 488ed467-5289-4740-b683-e0aa7c3efabe (accepted=1)
2026-05-28T01:31:13.5295|INFO|TsProgressReader.cs|ReadProgressDelta|75|[Subframes] TS progress delta: DB not found at C:\Users\nicka\AppData\Local\NINA\SchedulerPlugin — Target Scheduler not installed or DB path mismatch.
2026-05-28T01:36:13.5322|INFO|TsProgressReader.cs|ReadProgressDelta|75|[Subframes] TS progress delta: DB not found at C:\Users\nicka\AppData\Local\NINA\SchedulerPlugin — Target Scheduler not installed or DB path mismatch.
2026-05-28T01:40:58.5411|INFO|SequenceItem.cs|Run|254|Finishing Category: Scheduler, Item: TakeExposure, ExposureTime 600, Gain 100, Offset 50, ImageType LIGHT, Binning 1x1
2026-05-28T01:40:58.5414|INFO|ImageSolver.cs|Solve|41|Platesolving with parameters: FocalLength: 360 PixelSize: 3.76 SearchRadius: 30 BlindFailoverEnabled: True Regions: 5000 DownSampleFactor: 0 MaxObjects: 500 Reference Coordinates RA: 13:30:09 Dec: 47° 13' 34" Epoch: J2000
2026-05-28T01:40:58.5432|INFO|MeridianFlipTrigger.cs|ShouldTrigger|265|Meridian Flip - There is still time remaining - max remaining time 09:01:32.5435762, next instruction time 0, next instruction NINA.Plugin.TargetScheduler.Sequencer.PlanSchedulerProgress - and the telescope reports expected pier side pierEast. Automated Flip is not necessary.
2026-05-28T01:40:58.5433|INFO|SequenceItem.cs|Run|208|Starting NINA.Plugin.TargetScheduler.Sequencer.PlanSchedulerProgress
2026-05-28T01:40:58.5434|INFO|SequenceItem.cs|Run|254|Finishing NINA.Plugin.TargetScheduler.Sequencer.PlanSchedulerProgress
2026-05-28T01:40:58.8604|INFO|BaseImageData.cs|SaveToDisk|346|Saved image to C:\Users\nicka\AppData\Local\NINA\PlateSolver\bdttlphh.crn.fits
2026-05-28T01:40:59.9831|INFO|HocusFocusStarDetection.cs|Detect|413|Average HFR: 1.8366500642369756, HFR MAD: 0.15026460452225426, Detected Stars 329, Region: 0
2026-05-28T01:41:00.5426|INFO|ImageSolver.cs|Solve|54|Platesolve successful: Coordinates: RA: 13:29:53; Dec: 47° 11' 39"; Epoch: J2000 - Position Angle: 275.6149984258099
2026-05-28T01:41:00.5429|INFO|CenterAfterDriftTrigger.cs|PlatesolvingImageFollower_PropertyChanged|189|Drift: 0.06644984735697643 / 1 arc minutes
2026-05-28T01:41:00.7624|INFO|BaseImageData.cs|SaveToDisk|346|Saved image to C:\ASTROIMAGES\NINA\2026-05-27\M 51\LIGHT\H\2026-05-28_01-30-56_M 51_LIGHT_H_-5.00C_G100-Exp-600.00s_MAXRMS-D2.24-R1.71_M-64.57_RMS-0.49_HFR-1.84_F-0020.fits
2026-05-28T01:41:00.7625|INFO|ImageSaveController.cs|DoWork|97|Successfully saved file at C:\ASTROIMAGES\NINA\2026-05-27\M 51\LIGHT\H\2026-05-28_01-30-56_M 51_LIGHT_H_-5.00C_G100-Exp-600.00s_MAXRMS-D2.24-R1.71_M-64.57_RMS-0.49_HFR-1.84_F-0020.fits. Duration Total: 00:00:02.2213240; BeforeSave: 00:00:00.0001662; BeforeFinalizeImageSaved: 00:00:01.8440841; FinalizeSaveTime: 00:00:00.3770726
2026-05-28T01:41:01.2927|WARNING|SessionMetaDataWatcher.cs|WriteAcquisitionMetaData|73|acquisition file already exists, will not overwrite: C:\ASTROIMAGES\NINA\2026-05-27\M 51\LIGHT\H\metadata\AcquisitionDetails.csv
2026-05-28T01:41:01.2928|WARNING|SessionMetaDataWatcher.cs|WriteAcquisitionMetaData|93|acquisition file already exists, will not overwrite: C:\ASTROIMAGES\NINA\2026-05-27\M 51\LIGHT\H\metadata\AcquisitionDetails.json
2026-05-28T01:41:01.2931|INFO|SessionMetaDataWatcher.cs|WriteImageMetaData|105|Writing CSV image metadata: C:\ASTROIMAGES\NINA\2026-05-27\M 51\LIGHT\H\metadata\ImageMetaData.csv
2026-05-28T01:41:01.3266|INFO|SessionMetaDataWatcher.cs|WriteImageMetaData|122|Writing JSON image metadata: C:\ASTROIMAGES\NINA\2026-05-27\M 51\LIGHT\H\metadata\ImageMetaData.json
2026-05-28T01:41:01.3299|INFO|SessionMetaDataWatcher.cs|WriteWeatherMetaData|169|Writing CSV weather metadata: C:\ASTROIMAGES\NINA\2026-05-27\M 51\LIGHT\H\metadata\WeatherData.csv
2026-05-28T01:41:01.3473|INFO|SessionMetaDataWatcher.cs|WriteWeatherMetaData|186|Writing JSON weather metadata: C:\ASTROIMAGES\NINA\2026-05-27\M 51\LIGHT\H\metadata\WeatherData.json
2026-05-28T01:41:01.3496|INFO|SessionService.cs|OnTargetDetectedAsync|663|[Subframes] Target detected: 'M51' (was 'M51')
2026-05-28T01:41:01.3854|INFO|SubframesClient.cs|StartTargetAsync|316|[Subframes] Target started:  name='M51'
2026-05-28T01:41:01.3856|WARNING|SessionService.cs|StartTargetAsync|559|[Subframes] StartTarget failed — cached locally as 63239f1b-70a4-4dad-a29c-cb33ec26de73 for replay.
2026-05-28T01:41:02.0380|INFO|MeridianFlipTrigger.cs|ShouldTrigger|265|Meridian Flip - There is still time remaining - max remaining time 09:01:30.3327571, next instruction time 0, next instruction Category: Powerups (Fun-ctions), Item: GSSend - and the telescope reports expected pier side pierEast. Automated Flip is not necessary.
2026-05-28T01:41:02.0381|INFO|SequenceItem.cs|Run|208|Starting Category: Powerups (Fun-ctions), Item: GSSend
2026-05-28T01:41:02.0384|INFO|SendWithGS.cs|ProcessedScript|64|Replacing Image_ExposureTime with 600
2026-05-28T01:41:02.0386|INFO|SendWithGS.cs|ProcessedScript|64|Replacing Image_HFR with 1.837
2026-05-28T01:41:02.0387|INFO|SendWithGS.cs|ProcessedScript|64|Replacing Image_FWHM with 7.13
2026-05-28T01:41:02.0388|INFO|SendWithGS.cs|ProcessedScript|64|Replacing Altitude with 53.277590621098454
2026-05-28T01:41:02.0388|INFO|SendWithGS.cs|Execute|95|Sending to Ground Station: Exp: $$FWHEEL_FILTER_NAME$$ on $$TARGET_NAME$$ EXP: 600 HFR: 1.837 FWHM: 7.13  Altitude: 53.277590621098454 
2026-05-28T01:41:02.0401|INFO|SequenceItem.cs|Run|208|Starting Category: Ground Station, Item: Send to Telegram
2026-05-28T01:41:02.8071|INFO|SequenceItem.cs|Run|254|Finishing Category: Ground Station, Item: Send to Telegram
2026-05-28T01:41:02.8086|INFO|SequenceItem.cs|Run|254|Finishing Category: Powerups (Fun-ctions), Item: GSSend
2026-05-28T01:41:02.8090|INFO|MeridianFlipTrigger.cs|ShouldTrigger|265|Meridian Flip - There is still time remaining - max remaining time 09:01:28.5367422, next instruction time 0, next instruction Category: Powerups (Fun-ctions), Item: GSSend - and the telescope reports expected pier side pierEast. Automated Flip is not necessary.
2026-05-28T01:41:02.8090|INFO|SequenceItem.cs|Run|208|Starting Category: Powerups (Fun-ctions), Item: GSSend
2026-05-28T01:41:02.8093|INFO|SendWithGS.cs|ProcessedScript|64|Replacing Image_ExposureTime with 600
2026-05-28T01:41:02.8094|INFO|SendWithGS.cs|ProcessedScript|64|Replacing Image_HFR with 1.837
2026-05-28T01:41:02.8095|INFO|SendWithGS.cs|ProcessedScript|64|Replacing Image_FWHM with 7.13
2026-05-28T01:41:02.8097|INFO|SendWithGS.cs|ProcessedScript|64|Replacing Altitude with 53.277590621098454
2026-05-28T01:41:02.8097|INFO|SendWithGS.cs|Execute|95|Sending to Ground Station: Exp: $$FWHEEL_FILTER_NAME$$ on $$TARGET_NAME$$ EXP: 600 HFR: 1.837 FWHM: 7.13  Altitude: 53.277590621098454 
2026-05-28T01:41:02.8108|INFO|SequenceItem.cs|Run|208|Starting Category: Ground Station, Item: Send to Pushover, Title: IMAGE: $$TARGET_NAME$$
2026-05-28T01:41:02.9553|INFO|SequenceItem.cs|Run|254|Finishing Category: Ground Station, Item: Send to Pushover, Title: IMAGE: $$TARGET_NAME$$
2026-05-28T01:41:02.9565|INFO|SequenceItem.cs|Run|254|Finishing Category: Powerups (Fun-ctions), Item: GSSend
2026-05-28T01:41:03.3394|INFO|StarfrontClient.cs|SendImageFile|249|[Rockwood] sent 2026-05-28_01-30-56_M 51_LIGHT_H_-5.00C_G100-Exp-600.00s_MAXRMS-D2.24-R1.71_M-64.57_RMS-0.49_HFR-1.84_F-0020.fits (22KB) object=M 51 exptime=600s filter=H
2026-05-28T01:41:03.5456|INFO|Symbol.cs|OnMessageReceived|627|Received message from Target Scheduler re: TargetScheduler-TargetStart
2026-05-28T01:41:03.5462|INFO|Symbol.cs|OnMessageReceived|635|TS_TargetName = M 51
2026-05-28T01:41:03.5462|INFO|Symbol.cs|OnMessageReceived|636|Expires at 05/28/2026 03:57:35 -05:00
2026-05-28T01:41:03.5462|INFO|Symbol.cs|OnMessageReceived|627|Received message from Target Scheduler re: TargetScheduler-TargetStart
2026-05-28T01:41:03.5463|INFO|Symbol.cs|OnMessageReceived|635|TS_TargetName = M 51
2026-05-28T01:41:03.5463|INFO|Symbol.cs|OnMessageReceived|636|Expires at 05/28/2026 03:57:35 -05:00
2026-05-28T01:41:03.5467|INFO|MeridianFlipTrigger.cs|ShouldTrigger|265|Meridian Flip - There is still time remaining - max remaining time 09:01:28.5367422, next instruction time 0, next instruction NINA.Plugin.TargetScheduler.Sequencer.PlanSchedulerProgress - and the telescope reports expected pier side pierEast. Automated Flip is not necessary.
2026-05-28T01:41:03.5468|INFO|SequenceItem.cs|Run|208|Starting NINA.Plugin.TargetScheduler.Sequencer.PlanSchedulerProgress
2026-05-28T01:41:03.5468|INFO|SequenceItem.cs|Run|254|Finishing NINA.Plugin.TargetScheduler.Sequencer.PlanSchedulerProgress
2026-05-28T01:41:03.5470|INFO|MeridianFlipTrigger.cs|ShouldTrigger|265|Meridian Flip - There is still time remaining - max remaining time 09:01:28.5367422, next instruction time 0, next instruction Category: Scheduler, Item: SwitchFilter, Filter: H - and the telescope reports expected pier side pierEast. Automated Flip is not necessary.
2026-05-28T01:41:03.5471|INFO|SequenceItem.cs|Run|208|Starting Category: Scheduler, Item: SwitchFilter, Filter: H
2026-05-28T01:41:03.5479|INFO|SequenceItem.cs|Run|254|Finishing Category: Scheduler, Item: SwitchFilter, Filter: H
2026-05-28T01:41:03.5481|INFO|MeridianFlipTrigger.cs|ShouldTrigger|265|Meridian Flip - There is still time remaining - max remaining time 09:01:28.5367422, next instruction time 0, next instruction NINA.Plugin.TargetScheduler.Sequencer.PlanSchedulerProgress - and the telescope reports expected pier side pierEast. Automated Flip is not necessary.
2026-05-28T01:41:03.5481|INFO|SequenceItem.cs|Run|208|Starting NINA.Plugin.TargetScheduler.Sequencer.PlanSchedulerProgress
2026-05-28T01:41:03.5482|INFO|SequenceItem.cs|Run|254|Finishing NINA.Plugin.TargetScheduler.Sequencer.PlanSchedulerProgress
2026-05-28T01:41:03.5483|INFO|MeridianFlipTrigger.cs|ShouldTrigger|265|Meridian Flip - There is still time remaining - max remaining time 09:01:28.5367422, next instruction time 0, next instruction Category: Scheduler, Item: SetReadoutMode, Mode: 0 - and the telescope reports expected pier side pierEast. Automated Flip is not necessary.
2026-05-28T01:41:03.5483|INFO|SequenceItem.cs|Run|208|Starting Category: Scheduler, Item: SetReadoutMode, Mode: 0
2026-05-28T01:41:03.5484|INFO|SequenceItem.cs|Run|254|Finishing Category: Scheduler, Item: SetReadoutMode, Mode: 0
2026-05-28T01:41:03.5486|INFO|MeridianFlipTrigger.cs|ShouldTrigger|265|Meridian Flip - There is still time remaining - max remaining time 09:01:28.5367422, next instruction time 0, next instruction NINA.Plugin.TargetScheduler.Sequencer.PlanSchedulerProgress - and the telescope reports expected pier side pierEast. Automated Flip is not necessary.
2026-05-28T01:41:03.5486|INFO|SequenceItem.cs|Run|208|Starting NINA.Plugin.TargetScheduler.Sequencer.PlanSchedulerProgress
2026-05-28T01:41:03.5498|INFO|SequenceItem.cs|Run|254|Finishing NINA.Plugin.TargetScheduler.Sequencer.PlanSchedulerProgress
2026-05-28T01:41:03.5743|INFO|MeridianFlipTrigger.cs|ShouldTrigger|265|Meridian Flip - There is still time remaining - max remaining time 09:01:28.5367422, next instruction time 600, next instruction Category: Scheduler, Item: TakeExposure, ExposureTime 600, Gain 100, Offset 50, ImageType LIGHT, Binning 1x1 - and the telescope reports expected pier side pierEast. Automated Flip is not necessary.
2026-05-28T01:41:03.5743|INFO|DIYTrigger.cs|ShouldTrigger|109|DIY Trigger Restore Guiding ShouldTrigger returning true
2026-05-28T01:41:03.5744|INFO|SequenceTrigger.cs|Run|114|Starting Category: Powerups (Misc), Item: DIYTrigger
2026-05-28T01:41:03.6243|INFO|DIYTrigger.cs|Execute|95|DIY Trigger executing...
2026-05-28T01:41:03.6244|INFO|SequenceItem.cs|Run|208|Starting Category: * Instruction Set *, Container: NINA.Sequencer.Container.SequentialContainer, Strategy: SequentialStrategy, Items[CREATED]: 1, Triggers: Trigger: RestoreGuiding
2026-05-28T01:41:03.6493|INFO|MeridianFlipTrigger.cs|ShouldTrigger|265|Meridian Flip - There is still time remaining - max remaining time 09:01:28.5367422, next instruction time 0, next instruction Category: Powerups (Expressions), Item: IfFailed - and the telescope reports expected pier side pierEast. Automated Flip is not necessary.
2026-05-28T01:41:03.6495|INFO|SequenceItem.cs|Run|208|Starting Category: Powerups (Expressions), Item: IfFailed
2026-05-28T01:41:03.6495|INFO|SequenceItem.cs|Run|208|Starting Category: Guider, Item: StartGuiding
2026-05-28T01:41:03.6534|INFO|PHD2Guider.cs|StartGuidingPrivate|504|Phd2 - App is already guiding. Skipping start guiding
2026-05-28T01:41:03.6536|INFO|SequenceItem.cs|Run|254|Finishing Category: Guider, Item: StartGuiding
2026-05-28T01:41:03.6537|INFO|SequenceItem.cs|Run|254|Finishing Category: Powerups (Expressions), Item: IfFailed
2026-05-28T01:41:03.6538|INFO|SequenceItem.cs|Run|254|Finishing Category: * Instruction Set *, Container: NINA.Sequencer.Container.SequentialContainer, Strategy: SequentialStrategy, Items[FINISHED]: 1, Triggers: Trigger: RestoreGuiding
2026-05-28T01:41:03.6581|INFO|SequenceItem.cs|Run|208|Starting Category: Scheduler, Item: TakeExposure, ExposureTime 600, Gain 100, Offset 50, ImageType LIGHT, Binning 1x1
2026-05-28T01:41:03.6679|INFO|CameraVM.cs|Capture|742|Starting Exposure - Exposure Time: 600s; Filter: ; Gain: 100; Offset 50; Binning: 1x1;
2026-05-28T01:41:06.5381|WARNING|TsPreviewClient.cs|FetchPreviewAsync|161|[Subframes] TsPreviewClient.FetchPreviewAsync failed for profile '533M-AT60' (0173997c-4bfa-48fd-9337-a48b6df99c38): TaskCanceledException: The request was canceled due to the configured HttpClient.Timeout of 5 seconds elapsing.
2026-05-28T01:41:10.4819|INFO|SyncEngine.cs|SyncPendingFramesAsync|142|[Subframes] SyncEngine: synced 1 frames for session 488ed467-5289-4740-b683-e0aa7c3efabe (accepted=1)
2026-05-28T01:41:13.5246|INFO|TsProgressReader.cs|ReadProgressDelta|75|[Subframes] TS progress delta: DB not found at C:\Users\nicka\AppData\Local\NINA\SchedulerPlugin — Target Scheduler not installed or DB path mismatch.
2026-05-28T01:46:13.5360|INFO|TsProgressReader.cs|ReadProgressDelta|75|[Subframes] TS progress delta: DB not found at C:\Users\nicka\AppData\Local\NINA\SchedulerPlugin — Target Scheduler not installed or DB path mismatch.
2026-05-28T01:51:05.5531|INFO|SequenceItem.cs|Run|254|Finishing Category: Scheduler, Item: TakeExposure, ExposureTime 600, Gain 100, Offset 50, ImageType LIGHT, Binning 1x1
2026-05-28T01:51:05.5535|INFO|MeridianFlipTrigger.cs|ShouldTrigger|265|Meridian Flip - There is still time remaining - max remaining time 08:51:24.4322566, next instruction time 0, next instruction NINA.Plugin.TargetScheduler.Sequencer.PlanSchedulerProgress - and the telescope reports expected pier side pierEast. Automated Flip is not necessary.
2026-05-28T01:51:05.5536|INFO|SequenceItem.cs|Run|208|Starting NINA.Plugin.TargetScheduler.Sequencer.PlanSchedulerProgress
2026-05-28T01:51:05.5536|INFO|SequenceItem.cs|Run|254|Finishing NINA.Plugin.TargetScheduler.Sequencer.PlanSchedulerProgress
2026-05-28T01:51:06.9211|INFO|HocusFocusStarDetection.cs|Detect|413|Average HFR: 1.826768271649829, HFR MAD: 0.15011300545884657, Detected Stars 327, Region: 0
2026-05-28T01:51:07.6226|INFO|BaseImageData.cs|SaveToDisk|346|Saved image to C:\ASTROIMAGES\NINA\2026-05-27\M 51\LIGHT\H\2026-05-28_01-41-03_M 51_LIGHT_H_-5.00C_G100-Exp-600.00s_MAXRMS-D2.08-R1.47_M-64.60_RMS-0.52_HFR-1.83_F-0021.fits
2026-05-28T01:51:07.6227|INFO|ImageSaveController.cs|DoWork|97|Successfully saved file at C:\ASTROIMAGES\NINA\2026-05-27\M 51\LIGHT\H\2026-05-28_01-41-03_M 51_LIGHT_H_-5.00C_G100-Exp-600.00s_MAXRMS-D2.08-R1.47_M-64.60_RMS-0.52_HFR-1.83_F-0021.fits. Duration Total: 00:00:02.0695846; BeforeSave: 00:00:00.0001531; BeforeFinalizeImageSaved: 00:00:01.7626375; FinalizeSaveTime: 00:00:00.3067931
2026-05-28T01:51:08.1486|WARNING|SessionMetaDataWatcher.cs|WriteAcquisitionMetaData|73|acquisition file already exists, will not overwrite: C:\ASTROIMAGES\NINA\2026-05-27\M 51\LIGHT\H\metadata\AcquisitionDetails.csv
2026-05-28T01:51:08.1488|WARNING|SessionMetaDataWatcher.cs|WriteAcquisitionMetaData|93|acquisition file already exists, will not overwrite: C:\ASTROIMAGES\NINA\2026-05-27\M 51\LIGHT\H\metadata\AcquisitionDetails.json
2026-05-28T01:51:08.1490|INFO|SessionMetaDataWatcher.cs|WriteImageMetaData|105|Writing CSV image metadata: C:\ASTROIMAGES\NINA\2026-05-27\M 51\LIGHT\H\metadata\ImageMetaData.csv
2026-05-28T01:51:08.1898|INFO|SessionMetaDataWatcher.cs|WriteImageMetaData|122|Writing JSON image metadata: C:\ASTROIMAGES\NINA\2026-05-27\M 51\LIGHT\H\metadata\ImageMetaData.json
2026-05-28T01:51:08.2118|INFO|SessionMetaDataWatcher.cs|WriteWeatherMetaData|169|Writing CSV weather metadata: C:\ASTROIMAGES\NINA\2026-05-27\M 51\LIGHT\H\metadata\WeatherData.csv
2026-05-28T01:51:08.2296|INFO|SessionMetaDataWatcher.cs|WriteWeatherMetaData|186|Writing JSON weather metadata: C:\ASTROIMAGES\NINA\2026-05-27\M 51\LIGHT\H\metadata\WeatherData.json
2026-05-28T01:51:08.2315|INFO|SessionService.cs|OnTargetDetectedAsync|663|[Subframes] Target detected: 'M51' (was 'M51')
2026-05-28T01:51:08.2707|INFO|SubframesClient.cs|StartTargetAsync|316|[Subframes] Target started:  name='M51'
2026-05-28T01:51:08.2709|WARNING|SessionService.cs|StartTargetAsync|559|[Subframes] StartTarget failed — cached locally as 63118e7a-0a6e-49b8-abb3-bad72880d56e for replay.
2026-05-28T01:51:08.9478|INFO|MeridianFlipTrigger.cs|ShouldTrigger|265|Meridian Flip - There is still time remaining - max remaining time 08:51:20.4449227, next instruction time 0, next instruction Category: Powerups (Fun-ctions), Item: GSSend - and the telescope reports expected pier side pierEast. Automated Flip is not necessary.
2026-05-28T01:51:08.9479|INFO|SequenceItem.cs|Run|208|Starting Category: Powerups (Fun-ctions), Item: GSSend
2026-05-28T01:51:08.9482|INFO|SendWithGS.cs|ProcessedScript|64|Replacing Image_ExposureTime with 600
2026-05-28T01:51:08.9484|INFO|SendWithGS.cs|ProcessedScript|64|Replacing Image_HFR with 1.827
2026-05-28T01:51:08.9485|INFO|SendWithGS.cs|ProcessedScript|64|Replacing Image_FWHM with 7.15
2026-05-28T01:51:08.9486|INFO|SendWithGS.cs|ProcessedScript|64|Replacing Altitude with 51.56510225158856
2026-05-28T01:51:08.9486|INFO|SendWithGS.cs|Execute|95|Sending to Ground Station: Exp: $$FWHEEL_FILTER_NAME$$ on $$TARGET_NAME$$ EXP: 600 HFR: 1.827 FWHM: 7.15  Altitude: 51.56510225158856 
2026-05-28T01:51:08.9500|INFO|SequenceItem.cs|Run|208|Starting Category: Ground Station, Item: Send to Telegram
2026-05-28T01:51:09.6248|INFO|SequenceItem.cs|Run|254|Finishing Category: Ground Station, Item: Send to Telegram
2026-05-28T01:51:09.6261|INFO|SequenceItem.cs|Run|254|Finishing Category: Powerups (Fun-ctions), Item: GSSend
2026-05-28T01:51:09.6265|INFO|MeridianFlipTrigger.cs|ShouldTrigger|265|Meridian Flip - There is still time remaining - max remaining time 08:51:20.4449227, next instruction time 0, next instruction Category: Powerups (Fun-ctions), Item: GSSend - and the telescope reports expected pier side pierEast. Automated Flip is not necessary.
2026-05-28T01:51:09.6266|INFO|SequenceItem.cs|Run|208|Starting Category: Powerups (Fun-ctions), Item: GSSend
2026-05-28T01:51:09.6269|INFO|SendWithGS.cs|ProcessedScript|64|Replacing Image_ExposureTime with 600
2026-05-28T01:51:09.6270|INFO|SendWithGS.cs|ProcessedScript|64|Replacing Image_HFR with 1.827
2026-05-28T01:51:09.6271|INFO|SendWithGS.cs|ProcessedScript|64|Replacing Image_FWHM with 7.15
2026-05-28T01:51:09.6272|INFO|SendWithGS.cs|ProcessedScript|64|Replacing Altitude with 51.56510225158856
2026-05-28T01:51:09.6272|INFO|SendWithGS.cs|Execute|95|Sending to Ground Station: Exp: $$FWHEEL_FILTER_NAME$$ on $$TARGET_NAME$$ EXP: 600 HFR: 1.827 FWHM: 7.15  Altitude: 51.56510225158856 
2026-05-28T01:51:09.6284|INFO|SequenceItem.cs|Run|208|Starting Category: Ground Station, Item: Send to Pushover, Title: IMAGE: $$TARGET_NAME$$
2026-05-28T01:51:09.7959|INFO|SequenceItem.cs|Run|254|Finishing Category: Ground Station, Item: Send to Pushover, Title: IMAGE: $$TARGET_NAME$$
2026-05-28T01:51:09.7973|INFO|SequenceItem.cs|Run|254|Finishing Category: Powerups (Fun-ctions), Item: GSSend
2026-05-28T01:51:10.0559|INFO|Symbol.cs|OnMessageReceived|627|Received message from Target Scheduler re: TargetScheduler-TargetStart
2026-05-28T01:51:10.0560|INFO|Symbol.cs|OnMessageReceived|635|TS_TargetName = M 51
2026-05-28T01:51:10.0560|INFO|Symbol.cs|OnMessageReceived|636|Expires at 05/28/2026 03:57:35 -05:00
2026-05-28T01:51:10.0561|INFO|Symbol.cs|OnMessageReceived|627|Received message from Target Scheduler re: TargetScheduler-TargetStart
2026-05-28T01:51:10.0561|INFO|Symbol.cs|OnMessageReceived|635|TS_TargetName = M 51
2026-05-28T01:51:10.0561|INFO|Symbol.cs|OnMessageReceived|636|Expires at 05/28/2026 03:57:35 -05:00
2026-05-28T01:51:10.0566|INFO|MeridianFlipTrigger.cs|ShouldTrigger|265|Meridian Flip - There is still time remaining - max remaining time 08:51:20.4449227, next instruction time 0, next instruction NINA.Plugin.TargetScheduler.Sequencer.PlanSchedulerProgress - and the telescope reports expected pier side pierEast. Automated Flip is not necessary.
2026-05-28T01:51:10.0567|INFO|SequenceItem.cs|Run|208|Starting NINA.Plugin.TargetScheduler.Sequencer.PlanSchedulerProgress
2026-05-28T01:51:10.0567|INFO|SequenceItem.cs|Run|254|Finishing NINA.Plugin.TargetScheduler.Sequencer.PlanSchedulerProgress
2026-05-28T01:51:10.0569|INFO|MeridianFlipTrigger.cs|ShouldTrigger|265|Meridian Flip - There is still time remaining - max remaining time 08:51:20.4449227, next instruction time 0, next instruction Category: Scheduler, Item: SwitchFilter, Filter: H - and the telescope reports expected pier side pierEast. Automated Flip is not necessary.
2026-05-28T01:51:10.0569|INFO|SequenceItem.cs|Run|208|Starting Category: Scheduler, Item: SwitchFilter, Filter: H
2026-05-28T01:51:10.0578|INFO|SequenceItem.cs|Run|254|Finishing Category: Scheduler, Item: SwitchFilter, Filter: H
2026-05-28T01:51:10.0580|INFO|MeridianFlipTrigger.cs|ShouldTrigger|265|Meridian Flip - There is still time remaining - max remaining time 08:51:20.4449227, next instruction time 0, next instruction NINA.Plugin.TargetScheduler.Sequencer.PlanSchedulerProgress - and the telescope reports expected pier side pierEast. Automated Flip is not necessary.
2026-05-28T01:51:10.0581|INFO|SequenceItem.cs|Run|208|Starting NINA.Plugin.TargetScheduler.Sequencer.PlanSchedulerProgress
2026-05-28T01:51:10.0581|INFO|SequenceItem.cs|Run|254|Finishing NINA.Plugin.TargetScheduler.Sequencer.PlanSchedulerProgress
2026-05-28T01:51:10.0582|INFO|MeridianFlipTrigger.cs|ShouldTrigger|265|Meridian Flip - There is still time remaining - max remaining time 08:51:20.4449227, next instruction time 0, next instruction Category: Scheduler, Item: SetReadoutMode, Mode: 0 - and the telescope reports expected pier side pierEast. Automated Flip is not necessary.
2026-05-28T01:51:10.0583|INFO|SequenceItem.cs|Run|208|Starting Category: Scheduler, Item: SetReadoutMode, Mode: 0
2026-05-28T01:51:10.0584|INFO|SequenceItem.cs|Run|254|Finishing Category: Scheduler, Item: SetReadoutMode, Mode: 0
2026-05-28T01:51:10.0585|INFO|MeridianFlipTrigger.cs|ShouldTrigger|265|Meridian Flip - There is still time remaining - max remaining time 08:51:20.4449227, next instruction time 0, next instruction NINA.Plugin.TargetScheduler.Sequencer.PlanSchedulerProgress - and the telescope reports expected pier side pierEast. Automated Flip is not necessary.
2026-05-28T01:51:10.0585|INFO|SequenceItem.cs|Run|208|Starting NINA.Plugin.TargetScheduler.Sequencer.PlanSchedulerProgress
2026-05-28T01:51:10.0599|INFO|SequenceItem.cs|Run|254|Finishing NINA.Plugin.TargetScheduler.Sequencer.PlanSchedulerProgress
2026-05-28T01:51:10.0845|INFO|MeridianFlipTrigger.cs|ShouldTrigger|265|Meridian Flip - There is still time remaining - max remaining time 08:51:20.4449227, next instruction time 600, next instruction Category: Scheduler, Item: TakeExposure, ExposureTime 600, Gain 100, Offset 50, ImageType LIGHT, Binning 1x1 - and the telescope reports expected pier side pierEast. Automated Flip is not necessary.
2026-05-28T01:51:10.0845|INFO|DIYTrigger.cs|ShouldTrigger|109|DIY Trigger Restore Guiding ShouldTrigger returning true
2026-05-28T01:51:10.0846|INFO|SequenceTrigger.cs|Run|114|Starting Category: Powerups (Misc), Item: DIYTrigger
2026-05-28T01:51:10.1339|INFO|DIYTrigger.cs|Execute|95|DIY Trigger executing...
2026-05-28T01:51:10.1341|INFO|SequenceItem.cs|Run|208|Starting Category: * Instruction Set *, Container: NINA.Sequencer.Container.SequentialContainer, Strategy: SequentialStrategy, Items[CREATED]: 1, Triggers: Trigger: RestoreGuiding
2026-05-28T01:51:10.1345|INFO|MeridianFlipTrigger.cs|ShouldTrigger|265|Meridian Flip - There is still time remaining - max remaining time 08:51:20.4449227, next instruction time 0, next instruction Category: Powerups (Expressions), Item: IfFailed - and the telescope reports expected pier side pierEast. Automated Flip is not necessary.
2026-05-28T01:51:10.1345|INFO|SequenceItem.cs|Run|208|Starting Category: Powerups (Expressions), Item: IfFailed
2026-05-28T01:51:10.1345|INFO|SequenceItem.cs|Run|208|Starting Category: Guider, Item: StartGuiding
2026-05-28T01:51:10.1486|INFO|PHD2Guider.cs|StartGuidingPrivate|504|Phd2 - App is already guiding. Skipping start guiding
2026-05-28T01:51:10.1489|INFO|SequenceItem.cs|Run|254|Finishing Category: Guider, Item: StartGuiding
2026-05-28T01:51:10.1490|INFO|SequenceItem.cs|Run|254|Finishing Category: Powerups (Expressions), Item: IfFailed
2026-05-28T01:51:10.1492|INFO|SequenceItem.cs|Run|254|Finishing Category: * Instruction Set *, Container: NINA.Sequencer.Container.SequentialContainer, Strategy: SequentialStrategy, Items[FINISHED]: 1, Triggers: Trigger: RestoreGuiding
2026-05-28T01:51:10.1521|INFO|SequenceItem.cs|Run|208|Starting Category: Scheduler, Item: TakeExposure, ExposureTime 600, Gain 100, Offset 50, ImageType LIGHT, Binning 1x1
2026-05-28T01:51:10.1622|INFO|CameraVM.cs|Capture|742|Starting Exposure - Exposure Time: 600s; Filter: ; Gain: 100; Offset 50; Binning: 1x1;
2026-05-28T01:51:10.2961|INFO|StarfrontClient.cs|SendImageFile|249|[Rockwood] sent 2026-05-28_01-41-03_M 51_LIGHT_H_-5.00C_G100-Exp-600.00s_MAXRMS-D2.08-R1.47_M-64.60_RMS-0.52_HFR-1.83_F-0021.fits (21KB) object=M 51 exptime=600s filter=H
2026-05-28T01:51:10.4814|INFO|SyncEngine.cs|SyncPendingFramesAsync|142|[Subframes] SyncEngine: synced 1 frames for session 488ed467-5289-4740-b683-e0aa7c3efabe (accepted=1)
2026-05-28T01:51:13.4073|WARNING|TsPreviewClient.cs|FetchPreviewAsync|161|[Subframes] TsPreviewClient.FetchPreviewAsync failed for profile '533M-AT60' (0173997c-4bfa-48fd-9337-a48b6df99c38): TaskCanceledException: The request was canceled due to the configured HttpClient.Timeout of 5 seconds elapsing.
2026-05-28T01:51:13.5310|INFO|TsProgressReader.cs|ReadProgressDelta|75|[Subframes] TS progress delta: DB not found at C:\Users\nicka\AppData\Local\NINA\SchedulerPlugin — Target Scheduler not installed or DB path mismatch.
2026-05-28T01:56:13.5266|INFO|TsProgressReader.cs|ReadProgressDelta|75|[Subframes] TS progress delta: DB not found at C:\Users\nicka\AppData\Local\NINA\SchedulerPlugin — Target Scheduler not installed or DB path mismatch.
2026-05-28T02:01:12.0974|INFO|SequenceItem.cs|Run|254|Finishing Category: Scheduler, Item: TakeExposure, ExposureTime 600, Gain 100, Offset 50, ImageType LIGHT, Binning 1x1
2026-05-28T02:01:12.0979|INFO|MeridianFlipTrigger.cs|ShouldTrigger|265|Meridian Flip - There is still time remaining - max remaining time 08:41:17.4331417, next instruction time 0, next instruction NINA.Plugin.TargetScheduler.Sequencer.PlanSchedulerProgress - and the telescope reports expected pier side pierEast. Automated Flip is not necessary.
2026-05-28T02:01:12.0981|INFO|SequenceItem.cs|Run|208|Starting NINA.Plugin.TargetScheduler.Sequencer.PlanSchedulerProgress
2026-05-28T02:01:12.0981|INFO|SequenceItem.cs|Run|254|Finishing NINA.Plugin.TargetScheduler.Sequencer.PlanSchedulerProgress
2026-05-28T02:01:13.6156|INFO|TsProgressReader.cs|ReadProgressDelta|75|[Subframes] TS progress delta: DB not found at C:\Users\nicka\AppData\Local\NINA\SchedulerPlugin — Target Scheduler not installed or DB path mismatch.
2026-05-28T02:01:13.7060|INFO|HocusFocusStarDetection.cs|Detect|413|Average HFR: 1.8266503102819827, HFR MAD: 0.18131560556427692, Detected Stars 327, Region: 0
2026-05-28T02:01:14.4159|INFO|BaseImageData.cs|SaveToDisk|346|Saved image to C:\ASTROIMAGES\NINA\2026-05-27\M 51\LIGHT\H\2026-05-28_01-51-10_M 51_LIGHT_H_-5.00C_G100-Exp-600.00s_MAXRMS-D1.93-R1.48_M-64.63_RMS-0.48_HFR-1.83_F-0022.fits
2026-05-28T02:01:14.4160|INFO|ImageSaveController.cs|DoWork|97|Successfully saved file at C:\ASTROIMAGES\NINA\2026-05-27\M 51\LIGHT\H\2026-05-28_01-51-10_M 51_LIGHT_H_-5.00C_G100-Exp-600.00s_MAXRMS-D1.93-R1.48_M-64.63_RMS-0.48_HFR-1.83_F-0022.fits. Duration Total: 00:00:02.3184771; BeforeSave: 00:00:00.0001727; BeforeFinalizeImageSaved: 00:00:01.9998788; FinalizeSaveTime: 00:00:00.3184249
2026-05-28T02:01:14.9384|WARNING|SessionMetaDataWatcher.cs|WriteAcquisitionMetaData|73|acquisition file already exists, will not overwrite: C:\ASTROIMAGES\NINA\2026-05-27\M 51\LIGHT\H\metadata\AcquisitionDetails.csv
2026-05-28T02:01:14.9386|WARNING|SessionMetaDataWatcher.cs|WriteAcquisitionMetaData|93|acquisition file already exists, will not overwrite: C:\ASTROIMAGES\NINA\2026-05-27\M 51\LIGHT\H\metadata\AcquisitionDetails.json
2026-05-28T02:01:14.9389|INFO|SessionMetaDataWatcher.cs|WriteImageMetaData|105|Writing CSV image metadata: C:\ASTROIMAGES\NINA\2026-05-27\M 51\LIGHT\H\metadata\ImageMetaData.csv
2026-05-28T02:01:14.9681|INFO|SessionMetaDataWatcher.cs|WriteImageMetaData|122|Writing JSON image metadata: C:\ASTROIMAGES\NINA\2026-05-27\M 51\LIGHT\H\metadata\ImageMetaData.json
2026-05-28T02:01:14.9716|INFO|SessionMetaDataWatcher.cs|WriteWeatherMetaData|169|Writing CSV weather metadata: C:\ASTROIMAGES\NINA\2026-05-27\M 51\LIGHT\H\metadata\WeatherData.csv
2026-05-28T02:01:14.9870|INFO|SessionMetaDataWatcher.cs|WriteWeatherMetaData|186|Writing JSON weather metadata: C:\ASTROIMAGES\NINA\2026-05-27\M 51\LIGHT\H\metadata\WeatherData.json
2026-05-28T02:01:14.9889|INFO|SessionService.cs|OnTargetDetectedAsync|663|[Subframes] Target detected: 'M51' (was 'M51')
2026-05-28T02:01:15.0234|INFO|SubframesClient.cs|StartTargetAsync|316|[Subframes] Target started:  name='M51'
2026-05-28T02:01:15.0236|WARNING|SessionService.cs|StartTargetAsync|559|[Subframes] StartTarget failed — cached locally as a58be091-1f81-4c18-aac0-da32d50c6dd7 for replay.
2026-05-28T02:01:15.3304|INFO|MeridianFlipTrigger.cs|ShouldTrigger|265|Meridian Flip - There is still time remaining - max remaining time 08:41:13.3683390, next instruction time 0, next instruction Category: Powerups (Fun-ctions), Item: GSSend - and the telescope reports expected pier side pierEast. Automated Flip is not necessary.
2026-05-28T02:01:15.3304|INFO|SequenceItem.cs|Run|208|Starting Category: Powerups (Fun-ctions), Item: GSSend
2026-05-28T02:01:15.3308|INFO|SendWithGS.cs|ProcessedScript|64|Replacing Image_ExposureTime with 600
2026-05-28T02:01:15.3309|INFO|SendWithGS.cs|ProcessedScript|64|Replacing Image_HFR with 1.827
2026-05-28T02:01:15.3311|INFO|SendWithGS.cs|ProcessedScript|64|Replacing Image_FWHM with 7.18
2026-05-28T02:01:15.3313|INFO|SendWithGS.cs|ProcessedScript|64|Replacing Altitude with 49.849903298793656
2026-05-28T02:01:15.3313|INFO|SendWithGS.cs|Execute|95|Sending to Ground Station: Exp: $$FWHEEL_FILTER_NAME$$ on $$TARGET_NAME$$ EXP: 600 HFR: 1.827 FWHM: 7.18  Altitude: 49.849903298793656 
2026-05-28T02:01:15.3327|INFO|SequenceItem.cs|Run|208|Starting Category: Ground Station, Item: Send to Telegram
2026-05-28T02:01:16.0394|INFO|SequenceItem.cs|Run|254|Finishing Category: Ground Station, Item: Send to Telegram
2026-05-28T02:01:16.0407|INFO|SequenceItem.cs|Run|254|Finishing Category: Powerups (Fun-ctions), Item: GSSend
2026-05-28T02:01:16.0411|INFO|MeridianFlipTrigger.cs|ShouldTrigger|265|Meridian Flip - There is still time remaining - max remaining time 08:41:13.3683390, next instruction time 0, next instruction Category: Powerups (Fun-ctions), Item: GSSend - and the telescope reports expected pier side pierEast. Automated Flip is not necessary.
2026-05-28T02:01:16.0411|INFO|SequenceItem.cs|Run|208|Starting Category: Powerups (Fun-ctions), Item: GSSend
2026-05-28T02:01:16.0414|INFO|SendWithGS.cs|ProcessedScript|64|Replacing Image_ExposureTime with 600
2026-05-28T02:01:16.0415|INFO|SendWithGS.cs|ProcessedScript|64|Replacing Image_HFR with 1.827
2026-05-28T02:01:16.0417|INFO|SendWithGS.cs|ProcessedScript|64|Replacing Image_FWHM with 7.18
2026-05-28T02:01:16.0418|INFO|SendWithGS.cs|ProcessedScript|64|Replacing Altitude with 49.849903298793656
2026-05-28T02:01:16.0418|INFO|SendWithGS.cs|Execute|95|Sending to Ground Station: Exp: $$FWHEEL_FILTER_NAME$$ on $$TARGET_NAME$$ EXP: 600 HFR: 1.827 FWHM: 7.18  Altitude: 49.849903298793656 
2026-05-28T02:01:16.0431|INFO|SequenceItem.cs|Run|208|Starting Category: Ground Station, Item: Send to Pushover, Title: IMAGE: $$TARGET_NAME$$
2026-05-28T02:01:16.2405|INFO|SequenceItem.cs|Run|254|Finishing Category: Ground Station, Item: Send to Pushover, Title: IMAGE: $$TARGET_NAME$$
2026-05-28T02:01:16.2419|INFO|SequenceItem.cs|Run|254|Finishing Category: Powerups (Fun-ctions), Item: GSSend
2026-05-28T02:01:17.2922|INFO|StarfrontClient.cs|SendImageFile|249|[Rockwood] sent 2026-05-28_01-51-10_M 51_LIGHT_H_-5.00C_G100-Exp-600.00s_MAXRMS-D1.93-R1.48_M-64.63_RMS-0.48_HFR-1.83_F-0022.fits (22KB) object=M 51 exptime=600s filter=H
2026-05-28T02:01:20.1575|WARNING|TsPreviewClient.cs|FetchPreviewAsync|161|[Subframes] TsPreviewClient.FetchPreviewAsync failed for profile '533M-AT60' (0173997c-4bfa-48fd-9337-a48b6df99c38): TaskCanceledException: The request was canceled due to the configured HttpClient.Timeout of 5 seconds elapsing.
2026-05-28T02:01:21.6657|INFO|MeridianFlipTrigger.cs|ShouldTrigger|265|Meridian Flip - There is still time remaining - max remaining time 08:41:07.2642398, next instruction time 0, next instruction [SubframesEndTarget] - and the telescope reports expected pier side pierEast. Automated Flip is not necessary.
2026-05-28T02:01:21.6658|INFO|SequenceItem.cs|Run|208|Starting [SubframesEndTarget]
2026-05-28T02:01:21.6658|INFO|SequenceItem.cs|Run|254|Finishing [SubframesEndTarget]
2026-05-28T02:01:21.6904|INFO|Symbol.cs|OnMessageReceived|627|Received message from Target Scheduler re: TargetScheduler-WaitStart
2026-05-28T02:01:21.6904|INFO|Symbol.cs|OnMessageReceived|627|Received message from Target Scheduler re: TargetScheduler-WaitStart
2026-05-28T02:01:21.7509|INFO|MeridianFlipTrigger.cs|ShouldTrigger|265|Meridian Flip - There is still time remaining - max remaining time 08:41:07.2642398, next instruction time 0, next instruction Category: Ground Station, Item: Send to Telegram - and the telescope reports expected pier side pierEast. Automated Flip is not necessary.
2026-05-28T02:01:21.7510|INFO|SequenceItem.cs|Run|208|Starting Category: Ground Station, Item: Send to Telegram
2026-05-28T02:01:22.3925|INFO|SequenceItem.cs|Run|254|Finishing Category: Ground Station, Item: Send to Telegram
2026-05-28T02:01:22.3929|INFO|MeridianFlipTrigger.cs|ShouldTrigger|265|Meridian Flip - There is still time remaining - max remaining time 08:41:05.2042568, next instruction time 0, next instruction Category: Ground Station, Item: Send to Pushover, Title: Waiting - and the telescope reports expected pier side pierEast. Automated Flip is not necessary.
2026-05-28T02:01:22.3930|INFO|SequenceItem.cs|Run|208|Starting Category: Ground Station, Item: Send to Pushover, Title: Waiting
2026-05-28T02:01:22.5291|INFO|SequenceItem.cs|Run|254|Finishing Category: Ground Station, Item: Send to Pushover, Title: Waiting
2026-05-28T02:01:23.8278|INFO|PHD2Client.cs|ProcessEvent|268|PHD2: ConfigurationChange
2026-05-28T02:01:23.8373|WARNING|PHD2Client.cs|ProcessEvent|252|PHD2: LockPositionLost
2026-05-28T02:01:23.9836|INFO|PHD2Client.cs|QueryExposureTime|1216|PHD2Client: Exposure time from PHD2 API: 2.000 seconds (2000 ms)
2026-05-28T02:01:40.4817|INFO|SyncEngine.cs|SyncPendingFramesAsync|142|[Subframes] SyncEngine: synced 1 frames for session 488ed467-5289-4740-b683-e0aa7c3efabe (accepted=1)
2026-05-28T02:01:53.6422|INFO|MeridianFlipTrigger.cs|ShouldTrigger|265|Meridian Flip - There is still time remaining - max remaining time 08:40:35.6692723, next instruction time 0, next instruction Category: Ground Station, Item: Send to Telegram - and the telescope reports expected pier side pierEast. Automated Flip is not necessary.
2026-05-28T02:01:53.6423|INFO|SequenceItem.cs|Run|208|Starting Category: Ground Station, Item: Send to Telegram
2026-05-28T02:01:54.2878|INFO|SequenceItem.cs|Run|254|Finishing Category: Ground Station, Item: Send to Telegram
2026-05-28T02:01:54.2887|INFO|MeridianFlipTrigger.cs|ShouldTrigger|265|Meridian Flip - There is still time remaining - max remaining time 08:40:35.6692723, next instruction time 0, next instruction Category: Ground Station, Item: Send to Pushover, Title: Done Waiting - and the telescope reports expected pier side pierEast. Automated Flip is not necessary.
2026-05-28T02:01:54.2888|INFO|SequenceItem.cs|Run|208|Starting Category: Ground Station, Item: Send to Pushover, Title: Done Waiting
2026-05-28T02:01:54.4359|INFO|SequenceItem.cs|Run|254|Finishing Category: Ground Station, Item: Send to Pushover, Title: Done Waiting
2026-05-28T02:01:54.4369|INFO|MeridianFlipTrigger.cs|ShouldTrigger|265|Meridian Flip - There is still time remaining - max remaining time 08:40:33.6668258, next instruction time 690, next instruction Category: Focuser, Item: RunAutofocus - and the telescope reports expected pier side pierEast. Automated Flip is not necessary.
2026-05-28T02:01:54.4371|INFO|SequenceItem.cs|Run|208|Starting Category: Focuser, Item: RunAutofocus
2026-05-28T02:01:54.6136|INFO|FocuserMediator.cs|BroadcastAutoFocusRunStarting|92|Autofocus starting notification received
2026-05-28T02:01:54.6167|INFO|PHD2Guider.cs|StopGuiding|704|Phd2 - Stop Guiding skipped, as the app is already in state Stopped
2026-05-28T02:01:54.6177|INFO|FilterWheelVM.cs|ChangeFilter|112|Moving to Filter L at Position 0
2026-05-28T02:01:54.7819|INFO|FocuserVM.cs|MoveFocuserInternal|216|Moving Focuser to position 387305
2026-05-28T02:02:02.8295|INFO|AutoFocusEngine.cs|RunAutoFocus|929|Starting AutoFocus with initial position 387305
2026-05-28T02:02:02.8359|INFO|CameraVM.cs|Capture|742|Starting Exposure - Exposure Time: 3s; Filter: L; Gain: 270; Offset 50; Binning: 1x1;
2026-05-28T02:02:07.4991|INFO|AutoFocusEngine.cs|StartBlindFocusPoints|769|Waiting on initial HFR analysis
2026-05-28T02:02:07.5010|INFO|FocuserVM.cs|MoveFocuserInternal|216|Moving Focuser to position 387441
2026-05-28T02:02:09.0422|INFO|HocusFocusStarDetection.cs|Detect|413|Average HFR: 1.748195166371479, HFR MAD: 0.15027330747366074, Detected Stars 160, Region: 0
2026-05-28T02:02:12.7980|INFO|CameraVM.cs|Capture|742|Starting Exposure - Exposure Time: 3s; Filter: L; Gain: 270; Offset 50; Binning: 1x1;
2026-05-28T02:02:17.4801|INFO|FocuserVM.cs|MoveFocuserInternal|216|Moving Focuser to position 387407
2026-05-28T02:02:19.0256|INFO|HocusFocusStarDetection.cs|Detect|413|Average HFR: 3.932084438304501, HFR MAD: 1.6755405801291712, Detected Stars 81, Region: 0
2026-05-28T02:02:26.8475|INFO|CameraVM.cs|Capture|742|Starting Exposure - Exposure Time: 3s; Filter: L; Gain: 270; Offset 50; Binning: 1x1;
2026-05-28T02:02:31.5187|INFO|FocuserVM.cs|MoveFocuserInternal|216|Moving Focuser to position 387373
2026-05-28T02:02:33.0083|INFO|HocusFocusStarDetection.cs|Detect|413|Average HFR: 3.084520870557305, HFR MAD: 1.0137958022664522, Detected Stars 118, Region: 0
2026-05-28T02:02:40.8429|INFO|CameraVM.cs|Capture|742|Starting Exposure - Exposure Time: 3s; Filter: L; Gain: 270; Offset 50; Binning: 1x1;
2026-05-28T02:02:45.5057|INFO|FocuserVM.cs|MoveFocuserInternal|216|Moving Focuser to position 387339
2026-05-28T02:02:46.9941|INFO|HocusFocusStarDetection.cs|Detect|413|Average HFR: 2.5064488075534683, HFR MAD: 0.6425766077153229, Detected Stars 150, Region: 0
2026-05-28T02:02:54.7990|INFO|CameraVM.cs|Capture|742|Starting Exposure - Exposure Time: 3s; Filter: L; Gain: 270; Offset 50; Binning: 1x1;
2026-05-28T02:02:59.4450|INFO|AutoFocusEngine.cs|StartBlindFocusPoints|797|Waiting on initial focuser move analyses
2026-05-28T02:03:00.9338|INFO|HocusFocusStarDetection.cs|Detect|413|Average HFR: 1.9377324958598756, HFR MAD: 0.3393853681927326, Detected Stars 156, Region: 0
2026-05-28T02:03:01.0194|INFO|FocuserVM.cs|MoveFocuserInternal|216|Moving Focuser to position 387305
2026-05-28T02:03:10.8297|INFO|CameraVM.cs|Capture|742|Starting Exposure - Exposure Time: 3s; Filter: L; Gain: 270; Offset 50; Binning: 1x1;
2026-05-28T02:03:15.4926|INFO|AutoFocusEngine.cs|StartBlindFocusPoints|870|Waiting on next left movement analysis
2026-05-28T02:03:16.9847|INFO|HocusFocusStarDetection.cs|Detect|413|Average HFR: 1.7461988807861601, HFR MAD: 0.1341935305543844, Detected Stars 150, Region: 0
2026-05-28T02:03:17.0633|INFO|FocuserVM.cs|MoveFocuserInternal|216|Moving Focuser to position 387271
2026-05-28T02:03:26.7980|INFO|CameraVM.cs|Capture|742|Starting Exposure - Exposure Time: 3s; Filter: L; Gain: 270; Offset 50; Binning: 1x1;
2026-05-28T02:03:31.4605|INFO|AutoFocusEngine.cs|StartBlindFocusPoints|870|Waiting on next left movement analysis
2026-05-28T02:03:32.9449|INFO|HocusFocusStarDetection.cs|Detect|413|Average HFR: 2.090132775521109, HFR MAD: 0.24390232661258082, Detected Stars 204, Region: 0
2026-05-28T02:03:33.0493|INFO|AutoFocusEngine.cs|StartBlindFocusPoints|841|Enough right trend points (4) with an established minimum (387305) to queue remaining left focus points down to 387169
2026-05-28T02:03:33.0508|INFO|FocuserVM.cs|MoveFocuserInternal|216|Moving Focuser to position 387237
2026-05-28T02:03:42.8449|INFO|CameraVM.cs|Capture|742|Starting Exposure - Exposure Time: 3s; Filter: L; Gain: 270; Offset 50; Binning: 1x1;
2026-05-28T02:03:47.4974|INFO|FocuserVM.cs|MoveFocuserInternal|216|Moving Focuser to position 387203
2026-05-28T02:03:48.9902|INFO|HocusFocusStarDetection.cs|Detect|413|Average HFR: 3.2486037458533383, HFR MAD: 0.29620496027514487, Detected Stars 158, Region: 0
2026-05-28T02:03:56.8217|INFO|CameraVM.cs|Capture|742|Starting Exposure - Exposure Time: 3s; Filter: L; Gain: 270; Offset 50; Binning: 1x1;
2026-05-28T02:04:01.4987|INFO|FocuserVM.cs|MoveFocuserInternal|216|Moving Focuser to position 387169
2026-05-28T02:04:02.9787|INFO|HocusFocusStarDetection.cs|Detect|413|Average HFR: 4.893748161340662, HFR MAD: 0.38729337571737565, Detected Stars 92, Region: 0
2026-05-28T02:04:10.8170|INFO|CameraVM.cs|Capture|742|Starting Exposure - Exposure Time: 3s; Filter: L; Gain: 270; Offset 50; Binning: 1x1;
2026-05-28T02:04:15.4797|INFO|AutoFocusEngine.cs|StartBlindFocusPoints|896|Waiting on remaining AutoFocus analysis tasks
2026-05-28T02:04:16.9651|INFO|HocusFocusStarDetection.cs|Detect|413|Average HFR: 6.6661273829569065, HFR MAD: 0.3083821927554752, Detected Stars 50, Region: 0
2026-05-28T02:04:16.9961|INFO|FocuserVM.cs|MoveFocuserInternal|216|Moving Focuser to position 387299
2026-05-28T02:04:22.8081|INFO|AutoFocusEngine.cs|ValidateCalculatedFocusPosition|1141|Validating HFR at final focus position 387299
2026-05-28T02:04:22.8136|INFO|CameraVM.cs|Capture|742|Starting Exposure - Exposure Time: 3s; Filter: L; Gain: 270; Offset 50; Binning: 1x1;
2026-05-28T02:04:28.9590|INFO|HocusFocusStarDetection.cs|Detect|413|Average HFR: 1.7559758749196945, HFR MAD: 0.14414598275169666, Detected Stars 166, Region: 0
2026-05-28T02:04:28.9595|INFO|HocusFocusVM.cs|AutoFocusEngine_Completed|472|AutoFocus completed with focuser starting at 387305 and ending at 387299
2026-05-28T02:04:28.9612|INFO|FocuserMediator.cs|BroadcastSuccessfulAutoFocusRun|46|Autofocus notification received - Temperature 23.940000534057617
2026-05-28T02:04:28.9701|INFO|SessionEventCollector.cs|SaveEvent|128|NightSummary: Event logged — AutoFocus: AutoFocus completed — Filter: L, Temp: 23.9°C, Position: 387299.00991622335
2026-05-28T02:04:28.9702|INFO|SessionService.cs|UpdateEndAutoFocusRun|1500|[Subframes] UpdateEndAutoFocusRun called: session=488ed467-5289-4740-b683-e0aa7c3efabe filter=L position=387299.00991622335 — posting autofocus event
2026-05-28T02:04:28.9715|INFO|FilterWheelVM.cs|ChangeFilter|112|Moving to Filter H at Position 5
2026-05-28T02:04:29.1853|INFO|FocuserVM.cs|MoveFocuserInternal|216|Moving Focuser to position 387321
2026-05-28T02:04:32.8420|INFO|SequenceItem.cs|Run|254|Finishing Category: Focuser, Item: RunAutofocus
2026-05-28T02:04:32.8429|INFO|MeridianFlipTrigger.cs|ShouldTrigger|265|Meridian Flip - There is still time remaining - max remaining time 08:37:55.2512427, next instruction time 0, next instruction Category: Guider, Item: StartGuiding - and the telescope reports expected pier side pierEast. Automated Flip is not necessary.
2026-05-28T02:04:32.8430|INFO|SequenceItem.cs|Run|208|Starting Category: Guider, Item: StartGuiding
2026-05-28T02:04:32.8813|INFO|PHD2Guider.cs|TryStartGuideCommand|641|Phd2 - Requesting to start guiding. Recalibrate: False
2026-05-28T02:04:40.0782|INFO|PHD2Client.cs|ProcessEvent|261|PHD2: StartGuiding
2026-05-28T02:04:40.0783|INFO|PHD2Client.cs|StartNewGuidingSession|393|PHD2Client: New guiding session started
2026-05-28T02:04:40.0897|INFO|PHD2Client.cs|QueryExposureTime|1216|PHD2Client: Exposure time from PHD2 API: 2.000 seconds (2000 ms)
2026-05-28T02:05:02.8419|INFO|PHD2Client.cs|HandleSettleDone|343|PHD2Client: SettleDone - Status=0, Success=True, TotalFrames=10, DroppedFrames=0
2026-05-28T02:05:02.8420|WARNING|DitherStatisticsVM.cs|OnPHD2SettleDone|772|⚠️ SettleDone received but no currentDither exists (race condition?)
2026-05-28T02:05:03.3111|INFO|SequenceItem.cs|Run|254|Finishing Category: Guider, Item: StartGuiding
2026-05-28T02:05:03.3119|INFO|MeridianFlipTrigger.cs|ShouldTrigger|265|Meridian Flip - There is still time remaining - max remaining time 08:37:25.3287022, next instruction time 0, next instruction Category: Ground Station, Item: Send to Telegram - and the telescope reports expected pier side pierEast. Automated Flip is not necessary.
2026-05-28T02:05:03.3120|INFO|SequenceItem.cs|Run|208|Starting Category: Ground Station, Item: Send to Telegram
2026-05-28T02:05:03.9674|INFO|SequenceItem.cs|Run|254|Finishing Category: Ground Station, Item: Send to Telegram
2026-05-28T02:05:03.9683|INFO|MeridianFlipTrigger.cs|ShouldTrigger|265|Meridian Flip - There is still time remaining - max remaining time 08:37:25.3287022, next instruction time 0, next instruction Category: Ground Station, Item: Send to Pushover, Title: Done Waiting - and the telescope reports expected pier side pierEast. Automated Flip is not necessary.
2026-05-28T02:05:03.9684|INFO|SequenceItem.cs|Run|208|Starting Category: Ground Station, Item: Send to Pushover, Title: Done Waiting
2026-05-28T02:05:04.1430|INFO|SequenceItem.cs|Run|254|Finishing Category: Ground Station, Item: Send to Pushover, Title: Done Waiting
2026-05-28T02:05:04.3359|INFO|Symbol.cs|OnMessageReceived|627|Received message from Target Scheduler re: TargetScheduler-NewTargetStart
2026-05-28T02:05:04.3360|INFO|Symbol.cs|OnMessageReceived|635|TS_TargetName = DarkTower - BB
2026-05-28T02:05:04.3360|INFO|Symbol.cs|OnMessageReceived|636|Expires at 05/28/2026 03:19:25 -05:00
2026-05-28T02:05:04.3360|INFO|Symbol.cs|OnMessageReceived|627|Received message from Target Scheduler re: TargetScheduler-NewTargetStart
2026-05-28T02:05:04.3361|INFO|Symbol.cs|OnMessageReceived|635|TS_TargetName = DarkTower - BB
2026-05-28T02:05:04.3361|INFO|Symbol.cs|OnMessageReceived|636|Expires at 05/28/2026 03:19:25 -05:00
2026-05-28T02:05:04.3395|INFO|Symbol.cs|OnMessageReceived|627|Received message from Target Scheduler re: TargetScheduler-TargetStart
2026-05-28T02:05:04.3395|INFO|Symbol.cs|OnMessageReceived|635|TS_TargetName = DarkTower - BB
2026-05-28T02:05:04.3396|INFO|Symbol.cs|OnMessageReceived|636|Expires at 05/28/2026 03:19:25 -05:00
2026-05-28T02:05:04.3396|INFO|Symbol.cs|OnMessageReceived|627|Received message from Target Scheduler re: TargetScheduler-TargetStart
2026-05-28T02:05:04.3396|INFO|Symbol.cs|OnMessageReceived|635|TS_TargetName = DarkTower - BB
2026-05-28T02:05:04.3397|INFO|Symbol.cs|OnMessageReceived|636|Expires at 05/28/2026 03:19:25 -05:00
2026-05-28T02:05:04.3402|INFO|MeridianFlipTrigger.cs|ShouldTrigger|265|Meridian Flip - There is still time remaining - max remaining time 08:37:25.3287022, next instruction time 0, next instruction NINA.Plugin.TargetScheduler.Sequencer.PlanSchedulerProgress - and the telescope reports expected pier side pierEast. Automated Flip is not necessary.
2026-05-28T02:05:04.3403|INFO|SequenceItem.cs|Run|208|Starting NINA.Plugin.TargetScheduler.Sequencer.PlanSchedulerProgress
2026-05-28T02:05:04.3435|INFO|SequenceItem.cs|Run|254|Finishing NINA.Plugin.TargetScheduler.Sequencer.PlanSchedulerProgress
2026-05-28T02:05:04.3686|INFO|MeridianFlipTrigger.cs|ShouldTrigger|265|Meridian Flip - There is still time remaining - max remaining time 08:37:25.3287022, next instruction time 0, next instruction Category: Scheduler, Item: Center, Coordinates RA: 16:45:53; Dec: -41° 10' 35"; Epoch: J2000 - and the telescope reports expected pier side pierEast. Automated Flip is not necessary.
2026-05-28T02:05:04.3687|INFO|SequenceItem.cs|Run|208|Starting Category: Scheduler, Item: Center, Coordinates RA: 16:45:53; Dec: -41° 10' 35"; Epoch: J2000
2026-05-28T02:05:04.6996|INFO|PHD2Client.cs|ProcessEvent|268|PHD2: ConfigurationChange
2026-05-28T02:05:04.7205|WARNING|PHD2Client.cs|ProcessEvent|252|PHD2: LockPositionLost
2026-05-28T02:05:04.8342|INFO|PHD2Client.cs|QueryExposureTime|1216|PHD2Client: Exposure time from PHD2 API: 2.000 seconds (2000 ms)
2026-05-28T02:05:05.5347|INFO|TelescopeVM.cs|SlewAsyncInternal|910|Slewing from RA: 13:31:18; Dec: 47° 05' 47"; Epoch: JNOW to RA: 16:47:46; Dec: -41° 13' 31"; Epoch: JNOW - Alt: 17° 13' 27"; Az: 180° 37' 31"
2026-05-28T02:05:37.7251|INFO|FilterWheelVM.cs|ChangeFilter|112|Moving to Filter L at Position 0
2026-05-28T02:05:37.9292|INFO|FocuserVM.cs|MoveFocuserInternal|216|Moving Focuser to position 387299
2026-05-28T02:05:46.8206|INFO|CameraVM.cs|Capture|742|Starting Exposure - Exposure Time: 2s; Filter: L; Gain: 275; Offset 50; Binning: 1x1;
2026-05-28T02:05:51.2545|INFO|ImageSolver.cs|Solve|41|Platesolving with parameters: FocalLength: 360 PixelSize: 3.76 SearchRadius: 30 BlindFailoverEnabled: True Regions: 5000 DownSampleFactor: 0 MaxObjects: 500 Reference Coordinates RA: 16:45:53 Dec: -41° 10' 35" Epoch: J2000
2026-05-28T02:05:51.5586|INFO|BaseImageData.cs|SaveToDisk|346|Saved image to C:\Users\nicka\AppData\Local\NINA\PlateSolver\5d32jxuo.c0b.fits
2026-05-28T02:05:52.5676|INFO|ImageSolver.cs|Solve|54|Platesolve successful: Coordinates: RA: 16:45:45; Dec: -41° 14' 46"; Epoch: J2000 - Position Angle: 275.74016740731264
2026-05-28T02:05:52.5687|INFO|CenteringSolver.cs|Center|99|Centering Solver - Scope Position: RA: 16:47:46; Dec: -41° 13' 31"; Epoch: JNOW; Offset: RA: 00:00:00; Dec: 00° 00' 00"; Distance: 00° 00' 00"; Bearing: 00° 00' 00"; Centering Coordinates: RA: 16:47:46; Dec: -41° 13' 31"; Epoch: JNOW; Solved: RA: 16:47:38; Dec: -41° 17' 42"; Epoch: JNOW; Separation RA: 00:00:08; Dec: 00° 04' 12"; Distance: 00° 04' 28"; Bearing: 159° 39' 56"; Threshold: 2
2026-05-28T02:05:53.0651|INFO|TelescopeVM.cs|Sync|777|Syncing scope from RA: 16:47:46; Dec: -41° 13' 31"; Epoch: JNOW to RA: 16:47:38; Dec: -41° 17' 42"; Epoch: JNOW
2026-05-28T02:05:58.0733|INFO|CenteringSolver.cs|Center|132|Slewing to target after sync. Current Position: RA: 16:47:38; Dec: -41° 17' 42"; Epoch: JNOW; Target coordinates: RA: 16:47:46; Dec: -41° 13' 31"; Epoch: JNOW; Offset RA: 00:00:00; Dec: 00° 00' 00"; Distance: 00° 00' 00"; Bearing: 00° 00' 00"
2026-05-28T02:05:58.0744|INFO|TelescopeVM.cs|SlewAsyncInternal|910|Slewing from RA: 16:47:38; Dec: -41° 17' 42"; Epoch: JNOW to RA: 16:47:46; Dec: -41° 13' 31"; Epoch: JNOW - Alt: 17° 13' 19"; Az: 180° 47' 53"
2026-05-28T02:06:05.2609|INFO|CameraVM.cs|Capture|742|Starting Exposure - Exposure Time: 2s; Filter: L; Gain: 275; Offset 50; Binning: 1x1;
2026-05-28T02:06:09.8008|INFO|ImageSolver.cs|Solve|41|Platesolving with parameters: FocalLength: 360 PixelSize: 3.76 SearchRadius: 30 BlindFailoverEnabled: True Regions: 5000 DownSampleFactor: 0 MaxObjects: 500 Reference Coordinates RA: 16:45:53 Dec: -41° 10' 35" Epoch: J2000
2026-05-28T02:06:10.1016|INFO|BaseImageData.cs|SaveToDisk|346|Saved image to C:\Users\nicka\AppData\Local\NINA\PlateSolver\34pr32bg.zuf.fits
2026-05-28T02:06:10.9888|INFO|ImageSolver.cs|Solve|54|Platesolve successful: Coordinates: RA: 16:45:54; Dec: -41° 10' 46"; Epoch: J2000 - Position Angle: 275.74805222663434
2026-05-28T02:06:10.9902|INFO|CenteringSolver.cs|Center|99|Centering Solver - Scope Position: RA: 16:47:46; Dec: -41° 13' 31"; Epoch: JNOW; Offset: RA: 00:00:00; Dec: 00° 00' 00"; Distance: 00° 00' 00"; Bearing: 00° 00' 00"; Centering Coordinates: RA: 16:47:46; Dec: -41° 13' 31"; Epoch: JNOW; Solved: RA: 16:47:46; Dec: -41° 13' 42"; Epoch: JNOW; Separation RA: -00:00:01; Dec: 00° 00' 11"; Distance: 00° 00' 13"; Bearing: -150° 17' 09"; Threshold: 2
2026-05-28T02:06:10.9904|INFO|CenteringSolver.cs|Center|165|Restoring filter to H after centering
2026-05-28T02:06:10.9914|INFO|FilterWheelVM.cs|ChangeFilter|112|Moving to Filter H at Position 5
2026-05-28T02:06:11.2224|INFO|FocuserVM.cs|MoveFocuserInternal|216|Moving Focuser to position 387321
2026-05-28T02:06:13.5289|INFO|TsProgressReader.cs|ReadProgressDelta|75|[Subframes] TS progress delta: DB not found at C:\Users\nicka\AppData\Local\NINA\SchedulerPlugin — Target Scheduler not installed or DB path mismatch.
2026-05-28T02:06:14.8344|INFO|PHD2Guider.cs|TryStartGuideCommand|641|Phd2 - Requesting to start guiding. Recalibrate: False
2026-05-28T02:06:22.0781|INFO|PHD2Client.cs|ProcessEvent|261|PHD2: StartGuiding
2026-05-28T02:06:22.0783|INFO|PHD2Client.cs|StartNewGuidingSession|393|PHD2Client: New guiding session started
2026-05-28T02:06:22.0879|INFO|PHD2Client.cs|QueryExposureTime|1216|PHD2Client: Exposure time from PHD2 API: 2.000 seconds (2000 ms)
2026-05-28T02:06:51.8732|INFO|PHD2Client.cs|HandleSettleDone|343|PHD2Client: SettleDone - Status=0, Success=True, TotalFrames=13, DroppedFrames=0
2026-05-28T02:06:51.8733|WARNING|DitherStatisticsVM.cs|OnPHD2SettleDone|772|⚠️ SettleDone received but no currentDither exists (race condition?)
2026-05-28T02:06:52.3541|INFO|SequenceItem.cs|Run|254|Finishing Category: Scheduler, Item: Center, Coordinates RA: 16:45:53; Dec: -41° 10' 35"; Epoch: J2000
2026-05-28T02:06:52.3545|INFO|MeridianFlipTrigger.cs|ShouldTrigger|265|Meridian Flip - There is still time remaining - max remaining time 11:52:02.3341925, next instruction time 0, next instruction NINA.Plugin.TargetScheduler.Sequencer.PlanSchedulerProgress - and the telescope reports expected pier side pierEast. Automated Flip is not necessary.
2026-05-28T02:06:52.3546|INFO|SequenceItem.cs|Run|208|Starting NINA.Plugin.TargetScheduler.Sequencer.PlanSchedulerProgress
2026-05-28T02:06:52.3555|INFO|SequenceItem.cs|Run|254|Finishing NINA.Plugin.TargetScheduler.Sequencer.PlanSchedulerProgress
2026-05-28T02:06:52.3558|INFO|MeridianFlipTrigger.cs|ShouldTrigger|265|Meridian Flip - There is still time remaining - max remaining time 11:52:02.3341925, next instruction time 0, next instruction Category: , Container: NINA.Plugin.TargetScheduler.Sequencer.InstructionContainer, Strategy: InstructionContainerStrategy, Items[CREATED]: 2 - and the telescope reports expected pier side pierEast. Automated Flip is not necessary.
2026-05-28T02:06:52.3559|INFO|SequenceItem.cs|Run|208|Starting Category: , Container: NINA.Plugin.TargetScheduler.Sequencer.InstructionContainer, Strategy: InstructionContainerStrategy, Items[CREATED]: 2
2026-05-28T02:06:52.3562|INFO|MeridianFlipTrigger.cs|ShouldTrigger|265|Meridian Flip - There is still time remaining - max remaining time 11:52:02.3341925, next instruction time 0, next instruction [SubframesStartTarget] Target='Unknown Target' RA=0.0000 Dec=0.0000 - and the telescope reports expected pier side pierEast. Automated Flip is not necessary.
2026-05-28T02:06:52.3562|INFO|SequenceItem.cs|Run|208|Starting [SubframesStartTarget] Target='Unknown Target' RA=0.0000 Dec=0.0000
2026-05-28T02:06:52.3563|INFO|StartTargetItem.cs|Execute|95|[Subframes] StartTargetItem: target start returned null (API unavailable or older version).
2026-05-28T02:06:52.3563|INFO|SequenceItem.cs|Run|254|Finishing [SubframesStartTarget] Target='Unknown Target' RA=0.0000 Dec=0.0000
2026-05-28T02:06:52.3564|INFO|MeridianFlipTrigger.cs|ShouldTrigger|265|Meridian Flip - There is still time remaining - max remaining time 11:52:02.3341925, next instruction time 0, next instruction Category: Ground Station, Item: Send to Telegram - and the telescope reports expected pier side pierEast. Automated Flip is not necessary.
2026-05-28T02:06:52.3566|INFO|SequenceItem.cs|Run|208|Starting Category: Ground Station, Item: Send to Telegram
2026-05-28T02:06:53.0343|INFO|SequenceItem.cs|Run|254|Finishing Category: Ground Station, Item: Send to Telegram
2026-05-28T02:06:53.3597|INFO|SequenceItem.cs|Run|254|Finishing Category: , Container: NINA.Plugin.TargetScheduler.Sequencer.InstructionContainer, Strategy: InstructionContainerStrategy, Items[FINISHED]: 2
2026-05-28T02:06:53.3843|INFO|MeridianFlipTrigger.cs|ShouldTrigger|265|Meridian Flip - There is still time remaining - max remaining time 11:52:02.3341925, next instruction time 0, next instruction NINA.Plugin.TargetScheduler.Sequencer.PlanSchedulerProgress - and the telescope reports expected pier side pierEast. Automated Flip is not necessary.
2026-05-28T02:06:53.3845|INFO|SequenceItem.cs|Run|208|Starting NINA.Plugin.TargetScheduler.Sequencer.PlanSchedulerProgress
2026-05-28T02:06:53.4099|INFO|SequenceItem.cs|Run|254|Finishing NINA.Plugin.TargetScheduler.Sequencer.PlanSchedulerProgress
2026-05-28T02:06:53.4104|INFO|MeridianFlipTrigger.cs|ShouldTrigger|265|Meridian Flip - There is still time remaining - max remaining time 11:52:02.3341925, next instruction time 0, next instruction Category: Scheduler, Item: SwitchFilter, Filter: R - and the telescope reports expected pier side pierEast. Automated Flip is not necessary.
2026-05-28T02:06:53.4104|INFO|SequenceItem.cs|Run|208|Starting Category: Scheduler, Item: SwitchFilter, Filter: R
2026-05-28T02:06:53.4113|INFO|FilterWheelVM.cs|ChangeFilter|112|Moving to Filter R at Position 1
2026-05-28T02:06:53.6479|INFO|FocuserVM.cs|MoveFocuserInternal|216|Moving Focuser to position 387318
2026-05-28T02:07:00.7922|INFO|SequenceItem.cs|Run|254|Finishing Category: Scheduler, Item: SwitchFilter, Filter: R
2026-05-28T02:07:00.7929|INFO|MeridianFlipTrigger.cs|ShouldTrigger|265|Meridian Flip - There is still time remaining - max remaining time 11:51:54.7188379, next instruction time 0, next instruction NINA.Plugin.TargetScheduler.Sequencer.PlanSchedulerProgress - and the telescope reports expected pier side pierEast. Automated Flip is not necessary.
2026-05-28T02:07:00.7932|INFO|SequenceItem.cs|Run|208|Starting NINA.Plugin.TargetScheduler.Sequencer.PlanSchedulerProgress
2026-05-28T02:07:00.7933|INFO|SequenceItem.cs|Run|254|Finishing NINA.Plugin.TargetScheduler.Sequencer.PlanSchedulerProgress
2026-05-28T02:07:00.7937|INFO|MeridianFlipTrigger.cs|ShouldTrigger|265|Meridian Flip - There is still time remaining - max remaining time 11:51:54.7188379, next instruction time 0, next instruction Category: Scheduler, Item: SetReadoutMode, Mode: 0 - and the telescope reports expected pier side pierEast. Automated Flip is not necessary.
2026-05-28T02:07:00.7938|INFO|SequenceItem.cs|Run|208|Starting Category: Scheduler, Item: SetReadoutMode, Mode: 0
2026-05-28T02:07:00.7940|INFO|SequenceItem.cs|Run|254|Finishing Category: Scheduler, Item: SetReadoutMode, Mode: 0
2026-05-28T02:07:00.7945|INFO|MeridianFlipTrigger.cs|ShouldTrigger|265|Meridian Flip - There is still time remaining - max remaining time 11:51:54.7188379, next instruction time 0, next instruction NINA.Plugin.TargetScheduler.Sequencer.PlanSchedulerProgress - and the telescope reports expected pier side pierEast. Automated Flip is not necessary.
2026-05-28T02:07:00.7946|INFO|SequenceItem.cs|Run|208|Starting NINA.Plugin.TargetScheduler.Sequencer.PlanSchedulerProgress
2026-05-28T02:07:00.7957|INFO|SequenceItem.cs|Run|254|Finishing NINA.Plugin.TargetScheduler.Sequencer.PlanSchedulerProgress
2026-05-28T02:07:00.7962|INFO|MeridianFlipTrigger.cs|ShouldTrigger|265|Meridian Flip - There is still time remaining - max remaining time 11:51:54.7188379, next instruction time 180, next instruction Category: Scheduler, Item: TakeExposure, ExposureTime 180, Gain 100, Offset 50, ImageType LIGHT, Binning 1x1 - and the telescope reports expected pier side pierEast. Automated Flip is not necessary.
2026-05-28T02:07:00.7963|INFO|DIYTrigger.cs|ShouldTrigger|109|DIY Trigger Restore Guiding ShouldTrigger returning true
2026-05-28T02:07:00.7965|INFO|SequenceTrigger.cs|Run|114|Starting Category: Powerups (Misc), Item: DIYTrigger
2026-05-28T02:07:00.8014|INFO|DIYTrigger.cs|Execute|95|DIY Trigger executing...
2026-05-28T02:07:00.8017|INFO|SequenceItem.cs|Run|208|Starting Category: * Instruction Set *, Container: NINA.Sequencer.Container.SequentialContainer, Strategy: SequentialStrategy, Items[CREATED]: 1, Triggers: Trigger: RestoreGuiding
2026-05-28T02:07:00.8027|INFO|MeridianFlipTrigger.cs|ShouldTrigger|265|Meridian Flip - There is still time remaining - max remaining time 11:51:54.7188379, next instruction time 0, next instruction Category: Powerups (Expressions), Item: IfFailed - and the telescope reports expected pier side pierEast. Automated Flip is not necessary.
2026-05-28T02:07:00.8028|INFO|SequenceItem.cs|Run|208|Starting Category: Powerups (Expressions), Item: IfFailed
2026-05-28T02:07:00.8029|INFO|SequenceItem.cs|Run|208|Starting Category: Guider, Item: StartGuiding
2026-05-28T02:07:00.8102|INFO|PHD2Guider.cs|StartGuidingPrivate|504|Phd2 - App is already guiding. Skipping start guiding
2026-05-28T02:07:00.8105|INFO|SequenceItem.cs|Run|254|Finishing Category: Guider, Item: StartGuiding
2026-05-28T02:07:00.8106|INFO|SequenceItem.cs|Run|254|Finishing Category: Powerups (Expressions), Item: IfFailed
2026-05-28T02:07:00.8108|INFO|SequenceItem.cs|Run|254|Finishing Category: * Instruction Set *, Container: NINA.Sequencer.Container.SequentialContainer, Strategy: SequentialStrategy, Items[FINISHED]: 1, Triggers: Trigger: RestoreGuiding
2026-05-28T02:07:00.8143|INFO|SequenceItem.cs|Run|208|Starting Category: Scheduler, Item: TakeExposure, ExposureTime 180, Gain 100, Offset 50, ImageType LIGHT, Binning 1x1
2026-05-28T02:07:00.8196|INFO|CameraVM.cs|Capture|742|Starting Exposure - Exposure Time: 180s; Filter: ; Gain: 100; Offset 50; Binning: 1x1;
2026-05-28T02:10:02.7435|INFO|SequenceItem.cs|Run|254|Finishing Category: Scheduler, Item: TakeExposure, ExposureTime 180, Gain 100, Offset 50, ImageType LIGHT, Binning 1x1
2026-05-28T02:10:02.7441|INFO|MeridianFlipTrigger.cs|ShouldTrigger|265|Meridian Flip - There is still time remaining - max remaining time 11:48:53.9257862, next instruction time 0, next instruction NINA.Plugin.TargetScheduler.Sequencer.PlanSchedulerProgress - and the telescope reports expected pier side pierEast. Automated Flip is not necessary.
2026-05-28T02:10:02.7442|INFO|SequenceItem.cs|Run|208|Starting NINA.Plugin.TargetScheduler.Sequencer.PlanSchedulerProgress
2026-05-28T02:10:02.7442|INFO|SequenceItem.cs|Run|254|Finishing NINA.Plugin.TargetScheduler.Sequencer.PlanSchedulerProgress
2026-05-28T02:10:05.3881|INFO|HocusFocusStarDetection.cs|Detect|413|Average HFR: 1.8578026714306912, HFR MAD: 0.21739791740882952, Detected Stars 1547, Region: 0
2026-05-28T02:10:06.0803|INFO|BaseImageData.cs|SaveToDisk|346|Saved image to C:\ASTROIMAGES\NINA\2026-05-27\DarkTower - BB\LIGHT\R\2026-05-28_02-07-00_DarkTower - BB_LIGHT_R_-5.10C_G100-Exp-180.00s_MAXRMS-D2.18-R2.90_M-43.62_RMS-1.11_HFR-1.86_F-0023.fits
2026-05-28T02:10:06.0805|INFO|ImageSaveController.cs|DoWork|97|Successfully saved file at C:\ASTROIMAGES\NINA\2026-05-27\DarkTower - BB\LIGHT\R\2026-05-28_02-07-00_DarkTower - BB_LIGHT_R_-5.10C_G100-Exp-180.00s_MAXRMS-D2.18-R2.90_M-43.62_RMS-1.11_HFR-1.86_F-0023.fits. Duration Total: 00:00:03.3369133; BeforeSave: 00:00:00.0001557; BeforeFinalizeImageSaved: 00:00:03.0323162; FinalizeSaveTime: 00:00:00.3044406
2026-05-28T02:10:06.5926|INFO|SessionMetaDataWatcher.cs|WriteAcquisitionMetaData|63|Writing CSV acquisition summary: C:\ASTROIMAGES\NINA\2026-05-27\DarkTower - BB\LIGHT\R\metadata\AcquisitionDetails.csv
2026-05-28T02:10:06.6558|INFO|SessionMetaDataWatcher.cs|WriteAcquisitionMetaData|82|Writing JSON acquisition summary: C:\ASTROIMAGES\NINA\2026-05-27\DarkTower - BB\LIGHT\R\metadata\AcquisitionDetails.json
2026-05-28T02:10:06.6571|INFO|SessionMetaDataWatcher.cs|WriteImageMetaData|105|Writing CSV image metadata: C:\ASTROIMAGES\NINA\2026-05-27\DarkTower - BB\LIGHT\R\metadata\ImageMetaData.csv
2026-05-28T02:10:06.7044|INFO|SessionMetaDataWatcher.cs|WriteImageMetaData|122|Writing JSON image metadata: C:\ASTROIMAGES\NINA\2026-05-27\DarkTower - BB\LIGHT\R\metadata\ImageMetaData.json
2026-05-28T02:10:06.7059|INFO|SessionMetaDataWatcher.cs|WriteWeatherMetaData|169|Writing CSV weather metadata: C:\ASTROIMAGES\NINA\2026-05-27\DarkTower - BB\LIGHT\R\metadata\WeatherData.csv
2026-05-28T02:10:06.7263|INFO|SessionMetaDataWatcher.cs|WriteWeatherMetaData|186|Writing JSON weather metadata: C:\ASTROIMAGES\NINA\2026-05-27\DarkTower - BB\LIGHT\R\metadata\WeatherData.json
2026-05-28T02:10:06.7283|INFO|SessionService.cs|OnTargetDetectedAsync|663|[Subframes] Target detected: 'DarkTower - BB' (was 'M51')
2026-05-28T02:10:06.7677|INFO|SubframesClient.cs|StartTargetAsync|316|[Subframes] Target started:  name='DarkTower - BB'
2026-05-28T02:10:06.7678|WARNING|SessionService.cs|StartTargetAsync|559|[Subframes] StartTarget failed — cached locally as 0e5e2ad6-153a-47a4-ba9b-a4b37b1ee33a for replay.
2026-05-28T02:10:07.4072|INFO|MeridianFlipTrigger.cs|ShouldTrigger|265|Meridian Flip - There is still time remaining - max remaining time 11:48:49.9964194, next instruction time 0, next instruction Category: Powerups (Fun-ctions), Item: GSSend - and the telescope reports expected pier side pierEast. Automated Flip is not necessary.
2026-05-28T02:10:07.4072|INFO|SequenceItem.cs|Run|208|Starting Category: Powerups (Fun-ctions), Item: GSSend
2026-05-28T02:10:07.4075|INFO|SendWithGS.cs|ProcessedScript|64|Replacing Image_ExposureTime with 180
2026-05-28T02:10:07.4076|INFO|SendWithGS.cs|ProcessedScript|64|Replacing Image_HFR with 1.858
2026-05-28T02:10:07.4077|INFO|SendWithGS.cs|ProcessedScript|64|Replacing Image_FWHM with 8.4
2026-05-28T02:10:07.4078|INFO|SendWithGS.cs|ProcessedScript|64|Replacing Altitude with 17.202511044127878
2026-05-28T02:10:07.4079|INFO|SendWithGS.cs|Execute|95|Sending to Ground Station: Exp: $$FWHEEL_FILTER_NAME$$ on $$TARGET_NAME$$ EXP: 180 HFR: 1.858 FWHM: 8.4  Altitude: 17.202511044127878 
2026-05-28T02:10:07.4092|INFO|SequenceItem.cs|Run|208|Starting Category: Ground Station, Item: Send to Telegram
2026-05-28T02:10:08.0542|INFO|SequenceItem.cs|Run|254|Finishing Category: Ground Station, Item: Send to Telegram
2026-05-28T02:10:08.0560|INFO|SequenceItem.cs|Run|254|Finishing Category: Powerups (Fun-ctions), Item: GSSend
2026-05-28T02:10:08.0572|INFO|MeridianFlipTrigger.cs|ShouldTrigger|265|Meridian Flip - There is still time remaining - max remaining time 11:48:49.9964194, next instruction time 0, next instruction Category: Powerups (Fun-ctions), Item: GSSend - and the telescope reports expected pier side pierEast. Automated Flip is not necessary.
2026-05-28T02:10:08.0573|INFO|SequenceItem.cs|Run|208|Starting Category: Powerups (Fun-ctions), Item: GSSend
2026-05-28T02:10:08.0576|INFO|SendWithGS.cs|ProcessedScript|64|Replacing Image_ExposureTime with 180
2026-05-28T02:10:08.0577|INFO|SendWithGS.cs|ProcessedScript|64|Replacing Image_HFR with 1.858
2026-05-28T02:10:08.0578|INFO|SendWithGS.cs|ProcessedScript|64|Replacing Image_FWHM with 8.4
2026-05-28T02:10:08.0580|INFO|SendWithGS.cs|ProcessedScript|64|Replacing Altitude with 17.202511044127878
2026-05-28T02:10:08.0580|INFO|SendWithGS.cs|Execute|95|Sending to Ground Station: Exp: $$FWHEEL_FILTER_NAME$$ on $$TARGET_NAME$$ EXP: 180 HFR: 1.858 FWHM: 8.4  Altitude: 17.202511044127878 
2026-05-28T02:10:08.0591|INFO|SequenceItem.cs|Run|208|Starting Category: Ground Station, Item: Send to Pushover, Title: IMAGE: $$TARGET_NAME$$
2026-05-28T02:10:08.2105|INFO|SequenceItem.cs|Run|254|Finishing Category: Ground Station, Item: Send to Pushover, Title: IMAGE: $$TARGET_NAME$$
2026-05-28T02:10:08.2119|INFO|SequenceItem.cs|Run|254|Finishing Category: Powerups (Fun-ctions), Item: GSSend
2026-05-28T02:10:08.3998|INFO|Symbol.cs|OnMessageReceived|627|Received message from Target Scheduler re: TargetScheduler-TargetStart
2026-05-28T02:10:08.3999|INFO|Symbol.cs|OnMessageReceived|635|TS_TargetName = DarkTower - BB
2026-05-28T02:10:08.3999|INFO|Symbol.cs|OnMessageReceived|636|Expires at 05/28/2026 03:19:25 -05:00
2026-05-28T02:10:08.3999|INFO|Symbol.cs|OnMessageReceived|627|Received message from Target Scheduler re: TargetScheduler-TargetStart
2026-05-28T02:10:08.3999|INFO|Symbol.cs|OnMessageReceived|635|TS_TargetName = DarkTower - BB
2026-05-28T02:10:08.3999|INFO|Symbol.cs|OnMessageReceived|636|Expires at 05/28/2026 03:19:25 -05:00
2026-05-28T02:10:08.4003|INFO|MeridianFlipTrigger.cs|ShouldTrigger|265|Meridian Flip - There is still time remaining - max remaining time 11:48:48.0644186, next instruction time 0, next instruction NINA.Plugin.TargetScheduler.Sequencer.PlanSchedulerProgress - and the telescope reports expected pier side pierEast. Automated Flip is not necessary.
2026-05-28T02:10:08.4004|INFO|SequenceItem.cs|Run|208|Starting NINA.Plugin.TargetScheduler.Sequencer.PlanSchedulerProgress
2026-05-28T02:10:08.4004|INFO|SequenceItem.cs|Run|254|Finishing NINA.Plugin.TargetScheduler.Sequencer.PlanSchedulerProgress
2026-05-28T02:10:08.4007|INFO|MeridianFlipTrigger.cs|ShouldTrigger|265|Meridian Flip - There is still time remaining - max remaining time 11:48:48.0644186, next instruction time 0, next instruction Category: Scheduler, Item: SwitchFilter, Filter: R - and the telescope reports expected pier side pierEast. Automated Flip is not necessary.
2026-05-28T02:10:08.4007|INFO|SequenceItem.cs|Run|208|Starting Category: Scheduler, Item: SwitchFilter, Filter: R
2026-05-28T02:10:08.4349|INFO|SequenceItem.cs|Run|254|Finishing Category: Scheduler, Item: SwitchFilter, Filter: R
2026-05-28T02:10:08.4355|INFO|MeridianFlipTrigger.cs|ShouldTrigger|265|Meridian Flip - There is still time remaining - max remaining time 11:48:48.0644186, next instruction time 0, next instruction NINA.Plugin.TargetScheduler.Sequencer.PlanSchedulerProgress - and the telescope reports expected pier side pierEast. Automated Flip is not necessary.
2026-05-28T02:10:08.4356|INFO|SequenceItem.cs|Run|208|Starting NINA.Plugin.TargetScheduler.Sequencer.PlanSchedulerProgress
2026-05-28T02:10:08.4356|INFO|SequenceItem.cs|Run|254|Finishing NINA.Plugin.TargetScheduler.Sequencer.PlanSchedulerProgress
2026-05-28T02:10:08.4358|INFO|MeridianFlipTrigger.cs|ShouldTrigger|265|Meridian Flip - There is still time remaining - max remaining time 11:48:48.0644186, next instruction time 0, next instruction Category: Scheduler, Item: SetReadoutMode, Mode: 0 - and the telescope reports expected pier side pierEast. Automated Flip is not necessary.
2026-05-28T02:10:08.4358|INFO|SequenceItem.cs|Run|208|Starting Category: Scheduler, Item: SetReadoutMode, Mode: 0
2026-05-28T02:10:08.4360|INFO|SequenceItem.cs|Run|254|Finishing Category: Scheduler, Item: SetReadoutMode, Mode: 0
2026-05-28T02:10:08.4362|INFO|MeridianFlipTrigger.cs|ShouldTrigger|265|Meridian Flip - There is still time remaining - max remaining time 11:48:48.0644186, next instruction time 0, next instruction NINA.Plugin.TargetScheduler.Sequencer.PlanSchedulerProgress - and the telescope reports expected pier side pierEast. Automated Flip is not necessary.
2026-05-28T02:10:08.4362|INFO|SequenceItem.cs|Run|208|Starting NINA.Plugin.TargetScheduler.Sequencer.PlanSchedulerProgress
2026-05-28T02:10:08.4377|INFO|SequenceItem.cs|Run|254|Finishing NINA.Plugin.TargetScheduler.Sequencer.PlanSchedulerProgress
2026-05-28T02:10:08.4623|INFO|MeridianFlipTrigger.cs|ShouldTrigger|265|Meridian Flip - There is still time remaining - max remaining time 11:48:48.0644186, next instruction time 180, next instruction Category: Scheduler, Item: TakeExposure, ExposureTime 180, Gain 100, Offset 50, ImageType LIGHT, Binning 1x1 - and the telescope reports expected pier side pierEast. Automated Flip is not necessary.
2026-05-28T02:10:08.4624|INFO|DIYTrigger.cs|ShouldTrigger|109|DIY Trigger Restore Guiding ShouldTrigger returning true
2026-05-28T02:10:08.4624|INFO|SequenceTrigger.cs|Run|114|Starting Category: Powerups (Misc), Item: DIYTrigger
2026-05-28T02:10:08.5218|INFO|DIYTrigger.cs|Execute|95|DIY Trigger executing...
2026-05-28T02:10:08.5219|INFO|SequenceItem.cs|Run|208|Starting Category: * Instruction Set *, Container: NINA.Sequencer.Container.SequentialContainer, Strategy: SequentialStrategy, Items[CREATED]: 1, Triggers: Trigger: RestoreGuiding
2026-05-28T02:10:08.5463|INFO|MeridianFlipTrigger.cs|ShouldTrigger|265|Meridian Flip - There is still time remaining - max remaining time 11:48:48.0644186, next instruction time 0, next instruction Category: Powerups (Expressions), Item: IfFailed - and the telescope reports expected pier side pierEast. Automated Flip is not necessary.
2026-05-28T02:10:08.5464|INFO|SequenceItem.cs|Run|208|Starting Category: Powerups (Expressions), Item: IfFailed
2026-05-28T02:10:08.5465|INFO|SequenceItem.cs|Run|208|Starting Category: Guider, Item: StartGuiding
2026-05-28T02:10:08.5498|INFO|PHD2Guider.cs|StartGuidingPrivate|504|Phd2 - App is already guiding. Skipping start guiding
2026-05-28T02:10:08.5500|INFO|SequenceItem.cs|Run|254|Finishing Category: Guider, Item: StartGuiding
2026-05-28T02:10:08.5501|INFO|SequenceItem.cs|Run|254|Finishing Category: Powerups (Expressions), Item: IfFailed
2026-05-28T02:10:08.5502|INFO|SequenceItem.cs|Run|254|Finishing Category: * Instruction Set *, Container: NINA.Sequencer.Container.SequentialContainer, Strategy: SequentialStrategy, Items[FINISHED]: 1, Triggers: Trigger: RestoreGuiding
2026-05-28T02:10:08.5525|INFO|SequenceItem.cs|Run|208|Starting Category: Scheduler, Item: TakeExposure, ExposureTime 180, Gain 100, Offset 50, ImageType LIGHT, Binning 1x1
2026-05-28T02:10:08.5574|INFO|CameraVM.cs|Capture|742|Starting Exposure - Exposure Time: 180s; Filter: ; Gain: 100; Offset 50; Binning: 1x1;
2026-05-28T02:10:08.8739|INFO|StarfrontClient.cs|SendImageFile|249|[Rockwood] sent 2026-05-28_02-07-00_DarkTower - BB_LIGHT_R_-5.10C_G100-Exp-180.00s_MAXRMS-D2.18-R2.90_M-43.62_RMS-1.11_HFR-1.86_F-0023.fits (42KB) object=DarkTower - BB exptime=180s filter=R
2026-05-28T02:10:10.4830|INFO|SyncEngine.cs|SyncPendingFramesAsync|142|[Subframes] SyncEngine: synced 1 frames for session 488ed467-5289-4740-b683-e0aa7c3efabe (accepted=1)
2026-05-28T02:10:11.3526|INFO|TsPreviewClient.cs|LookupCoordinatesByName|179|[Subframes] TsPreviewClient.LookupCoordinatesByName: TS database not found at C:\Users\nicka\AppData\Local\NINA\SchedulerPlugin
2026-05-28T02:10:11.3528|INFO|Plugin.cs|TrySendStationHeartbeatDebounced|971|[Subframes] Firing station heartbeat [image-saved preview update].
2026-05-28T02:10:11.3530|INFO|TsProgressReader.cs|ReadProgressDelta|75|[Subframes] TS progress delta: DB not found at C:\Users\nicka\AppData\Local\NINA\SchedulerPlugin — Target Scheduler not installed or DB path mismatch.
2026-05-28T02:11:13.5361|INFO|TsProgressReader.cs|ReadProgressDelta|75|[Subframes] TS progress delta: DB not found at C:\Users\nicka\AppData\Local\NINA\SchedulerPlugin — Target Scheduler not installed or DB path mismatch.
2026-05-28T02:13:10.4935|INFO|SequenceItem.cs|Run|254|Finishing Category: Scheduler, Item: TakeExposure, ExposureTime 180, Gain 100, Offset 50, ImageType LIGHT, Binning 1x1
2026-05-28T02:13:10.4939|INFO|MeridianFlipTrigger.cs|ShouldTrigger|265|Meridian Flip - There is still time remaining - max remaining time 11:45:44.7831121, next instruction time 0, next instruction NINA.Plugin.TargetScheduler.Sequencer.PlanSchedulerProgress - and the telescope reports expected pier side pierEast. Automated Flip is not necessary.
2026-05-28T02:13:10.4940|INFO|SequenceItem.cs|Run|208|Starting NINA.Plugin.TargetScheduler.Sequencer.PlanSchedulerProgress
2026-05-28T02:13:10.4941|INFO|SequenceItem.cs|Run|254|Finishing NINA.Plugin.TargetScheduler.Sequencer.PlanSchedulerProgress
2026-05-28T02:13:13.9285|INFO|HocusFocusStarDetection.cs|Detect|413|Average HFR: 1.8489229593908751, HFR MAD: 0.21594967058970718, Detected Stars 1512, Region: 0
2026-05-28T02:13:14.6747|INFO|BaseImageData.cs|SaveToDisk|346|Saved image to C:\ASTROIMAGES\NINA\2026-05-27\DarkTower - BB\LIGHT\R\2026-05-28_02-10-08_DarkTower - BB_LIGHT_R_-5.00C_G100-Exp-180.00s_MAXRMS-D1.25-R2.09_M-43.60_RMS-0.84_HFR-1.85_F-0024.fits
2026-05-28T02:13:14.6748|INFO|ImageSaveController.cs|DoWork|97|Successfully saved file at C:\ASTROIMAGES\NINA\2026-05-27\DarkTower - BB\LIGHT\R\2026-05-28_02-10-08_DarkTower - BB_LIGHT_R_-5.00C_G100-Exp-180.00s_MAXRMS-D1.25-R2.09_M-43.60_RMS-0.84_HFR-1.85_F-0024.fits. Duration Total: 00:00:04.1811725; BeforeSave: 00:00:00.0000921; BeforeFinalizeImageSaved: 00:00:03.8334416; FinalizeSaveTime: 00:00:00.3476380
2026-05-28T02:13:15.1792|WARNING|SessionMetaDataWatcher.cs|WriteAcquisitionMetaData|73|acquisition file already exists, will not overwrite: C:\ASTROIMAGES\NINA\2026-05-27\DarkTower - BB\LIGHT\R\metadata\AcquisitionDetails.csv
2026-05-28T02:13:15.1793|WARNING|SessionMetaDataWatcher.cs|WriteAcquisitionMetaData|93|acquisition file already exists, will not overwrite: C:\ASTROIMAGES\NINA\2026-05-27\DarkTower - BB\LIGHT\R\metadata\AcquisitionDetails.json
2026-05-28T02:13:15.1796|INFO|SessionMetaDataWatcher.cs|WriteImageMetaData|105|Writing CSV image metadata: C:\ASTROIMAGES\NINA\2026-05-27\DarkTower - BB\LIGHT\R\metadata\ImageMetaData.csv
2026-05-28T02:13:15.2131|INFO|SessionMetaDataWatcher.cs|WriteImageMetaData|122|Writing JSON image metadata: C:\ASTROIMAGES\NINA\2026-05-27\DarkTower - BB\LIGHT\R\metadata\ImageMetaData.json
2026-05-28T02:13:15.2148|INFO|SessionMetaDataWatcher.cs|WriteWeatherMetaData|169|Writing CSV weather metadata: C:\ASTROIMAGES\NINA\2026-05-27\DarkTower - BB\LIGHT\R\metadata\WeatherData.csv
2026-05-28T02:13:15.2325|INFO|SessionMetaDataWatcher.cs|WriteWeatherMetaData|186|Writing JSON weather metadata: C:\ASTROIMAGES\NINA\2026-05-27\DarkTower - BB\LIGHT\R\metadata\WeatherData.json
2026-05-28T02:13:15.2338|INFO|SessionService.cs|OnTargetDetectedAsync|663|[Subframes] Target detected: 'DarkTower - BB' (was 'DarkTower - BB')
2026-05-28T02:13:15.2689|INFO|SubframesClient.cs|StartTargetAsync|316|[Subframes] Target started:  name='DarkTower - BB'
2026-05-28T02:13:15.2690|WARNING|SessionService.cs|StartTargetAsync|559|[Subframes] StartTarget failed — cached locally as 5841114a-c406-48a1-8335-160fe6851e9f for replay.
2026-05-28T02:13:15.9642|INFO|MeridianFlipTrigger.cs|ShouldTrigger|265|Meridian Flip - There is still time remaining - max remaining time 11:45:40.7492443, next instruction time 0, next instruction Category: Powerups (Fun-ctions), Item: GSSend - and the telescope reports expected pier side pierEast. Automated Flip is not necessary.
2026-05-28T02:13:15.9643|INFO|SequenceItem.cs|Run|208|Starting Category: Powerups (Fun-ctions), Item: GSSend
2026-05-28T02:13:15.9646|INFO|SendWithGS.cs|ProcessedScript|64|Replacing Image_ExposureTime with 180
2026-05-28T02:13:15.9647|INFO|SendWithGS.cs|ProcessedScript|64|Replacing Image_HFR with 1.849
2026-05-28T02:13:15.9648|INFO|SendWithGS.cs|ProcessedScript|64|Replacing Image_FWHM with 8.36
2026-05-28T02:13:15.9649|INFO|SendWithGS.cs|ProcessedScript|64|Replacing Altitude with 17.180005484641264
2026-05-28T02:13:15.9650|INFO|SendWithGS.cs|Execute|95|Sending to Ground Station: Exp: $$FWHEEL_FILTER_NAME$$ on $$TARGET_NAME$$ EXP: 180 HFR: 1.849 FWHM: 8.36  Altitude: 17.180005484641264 
2026-05-28T02:13:15.9663|INFO|SequenceItem.cs|Run|208|Starting Category: Ground Station, Item: Send to Telegram
2026-05-28T02:13:16.7024|INFO|SequenceItem.cs|Run|254|Finishing Category: Ground Station, Item: Send to Telegram
2026-05-28T02:13:16.7037|INFO|SequenceItem.cs|Run|254|Finishing Category: Powerups (Fun-ctions), Item: GSSend
2026-05-28T02:13:16.7040|INFO|MeridianFlipTrigger.cs|ShouldTrigger|265|Meridian Flip - There is still time remaining - max remaining time 11:45:38.8284980, next instruction time 0, next instruction Category: Powerups (Fun-ctions), Item: GSSend - and the telescope reports expected pier side pierEast. Automated Flip is not necessary.
2026-05-28T02:13:16.7041|INFO|SequenceItem.cs|Run|208|Starting Category: Powerups (Fun-ctions), Item: GSSend
2026-05-28T02:13:16.7044|INFO|SendWithGS.cs|ProcessedScript|64|Replacing Image_ExposureTime with 180
2026-05-28T02:13:16.7045|INFO|SendWithGS.cs|ProcessedScript|64|Replacing Image_HFR with 1.849
2026-05-28T02:13:16.7046|INFO|SendWithGS.cs|ProcessedScript|64|Replacing Image_FWHM with 8.36
2026-05-28T02:13:16.7048|INFO|SendWithGS.cs|ProcessedScript|64|Replacing Altitude with 17.180005484641264
2026-05-28T02:13:16.7048|INFO|SendWithGS.cs|Execute|95|Sending to Ground Station: Exp: $$FWHEEL_FILTER_NAME$$ on $$TARGET_NAME$$ EXP: 180 HFR: 1.849 FWHM: 8.36  Altitude: 17.180005484641264 
2026-05-28T02:13:16.7060|INFO|SequenceItem.cs|Run|208|Starting Category: Ground Station, Item: Send to Pushover, Title: IMAGE: $$TARGET_NAME$$
2026-05-28T02:13:16.8459|INFO|SequenceItem.cs|Run|254|Finishing Category: Ground Station, Item: Send to Pushover, Title: IMAGE: $$TARGET_NAME$$
2026-05-28T02:13:16.8472|INFO|SequenceItem.cs|Run|254|Finishing Category: Powerups (Fun-ctions), Item: GSSend
2026-05-28T02:13:17.0633|INFO|Symbol.cs|OnMessageReceived|627|Received message from Target Scheduler re: TargetScheduler-TargetStart
2026-05-28T02:13:17.0633|INFO|Symbol.cs|OnMessageReceived|635|TS_TargetName = DarkTower - BB
2026-05-28T02:13:17.0633|INFO|Symbol.cs|OnMessageReceived|636|Expires at 05/28/2026 03:19:25 -05:00
2026-05-28T02:13:17.0634|INFO|Symbol.cs|OnMessageReceived|627|Received message from Target Scheduler re: TargetScheduler-TargetStart
2026-05-28T02:13:17.0634|INFO|Symbol.cs|OnMessageReceived|635|TS_TargetName = DarkTower - BB
2026-05-28T02:13:17.0634|INFO|Symbol.cs|OnMessageReceived|636|Expires at 05/28/2026 03:19:25 -05:00
2026-05-28T02:13:17.0640|INFO|MeridianFlipTrigger.cs|ShouldTrigger|265|Meridian Flip - There is still time remaining - max remaining time 11:45:38.8284980, next instruction time 0, next instruction NINA.Plugin.TargetScheduler.Sequencer.PlanSchedulerProgress - and the telescope reports expected pier side pierEast. Automated Flip is not necessary.
2026-05-28T02:13:17.0641|INFO|SequenceItem.cs|Run|208|Starting NINA.Plugin.TargetScheduler.Sequencer.PlanSchedulerProgress
2026-05-28T02:13:17.0644|INFO|SequenceItem.cs|Run|254|Finishing NINA.Plugin.TargetScheduler.Sequencer.PlanSchedulerProgress
2026-05-28T02:13:17.0646|INFO|MeridianFlipTrigger.cs|ShouldTrigger|265|Meridian Flip - There is still time remaining - max remaining time 11:45:38.8284980, next instruction time 0, next instruction Category: Scheduler, Item: SwitchFilter, Filter: L - and the telescope reports expected pier side pierEast. Automated Flip is not necessary.
2026-05-28T02:13:17.0646|INFO|SequenceItem.cs|Run|208|Starting Category: Scheduler, Item: SwitchFilter, Filter: L
2026-05-28T02:13:17.0655|INFO|FilterWheelVM.cs|ChangeFilter|112|Moving to Filter L at Position 0
2026-05-28T02:13:17.2713|INFO|FocuserVM.cs|MoveFocuserInternal|216|Moving Focuser to position 387299
2026-05-28T02:13:17.3989|INFO|StarfrontClient.cs|SendImageFile|249|[Rockwood] sent 2026-05-28_02-10-08_DarkTower - BB_LIGHT_R_-5.00C_G100-Exp-180.00s_MAXRMS-D1.25-R2.09_M-43.60_RMS-0.84_HFR-1.85_F-0024.fits (42KB) object=DarkTower - BB exptime=180s filter=R
2026-05-28T02:13:19.8764|INFO|TsPreviewClient.cs|LookupCoordinatesByName|179|[Subframes] TsPreviewClient.LookupCoordinatesByName: TS database not found at C:\Users\nicka\AppData\Local\NINA\SchedulerPlugin
2026-05-28T02:13:26.8253|INFO|SequenceItem.cs|Run|254|Finishing Category: Scheduler, Item: SwitchFilter, Filter: L
2026-05-28T02:13:26.8260|INFO|MeridianFlipTrigger.cs|ShouldTrigger|265|Meridian Flip - There is still time remaining - max remaining time 11:45:29.4368224, next instruction time 0, next instruction NINA.Plugin.TargetScheduler.Sequencer.PlanSchedulerProgress - and the telescope reports expected pier side pierEast. Automated Flip is not necessary.
2026-05-28T02:13:26.8263|INFO|SequenceItem.cs|Run|208|Starting NINA.Plugin.TargetScheduler.Sequencer.PlanSchedulerProgress
2026-05-28T02:13:26.8264|INFO|SequenceItem.cs|Run|254|Finishing NINA.Plugin.TargetScheduler.Sequencer.PlanSchedulerProgress
2026-05-28T02:13:26.8268|INFO|MeridianFlipTrigger.cs|ShouldTrigger|265|Meridian Flip - There is still time remaining - max remaining time 11:45:29.4368224, next instruction time 0, next instruction Category: Scheduler, Item: SetReadoutMode, Mode: 0 - and the telescope reports expected pier side pierEast. Automated Flip is not necessary.
2026-05-28T02:13:26.8269|INFO|SequenceItem.cs|Run|208|Starting Category: Scheduler, Item: SetReadoutMode, Mode: 0
2026-05-28T02:13:26.8271|INFO|SequenceItem.cs|Run|254|Finishing Category: Scheduler, Item: SetReadoutMode, Mode: 0
2026-05-28T02:13:26.8275|INFO|MeridianFlipTrigger.cs|ShouldTrigger|265|Meridian Flip - There is still time remaining - max remaining time 11:45:29.4368224, next instruction time 0, next instruction NINA.Plugin.TargetScheduler.Sequencer.PlanSchedulerProgress - and the telescope reports expected pier side pierEast. Automated Flip is not necessary.
2026-05-28T02:13:26.8277|INFO|SequenceItem.cs|Run|208|Starting NINA.Plugin.TargetScheduler.Sequencer.PlanSchedulerProgress
2026-05-28T02:13:26.8287|INFO|SequenceItem.cs|Run|254|Finishing NINA.Plugin.TargetScheduler.Sequencer.PlanSchedulerProgress
2026-05-28T02:13:26.8293|INFO|MeridianFlipTrigger.cs|ShouldTrigger|265|Meridian Flip - There is still time remaining - max remaining time 11:45:29.4368224, next instruction time 180, next instruction Category: Scheduler, Item: TakeExposure, ExposureTime 180, Gain 100, Offset 50, ImageType LIGHT, Binning 1x1 - and the telescope reports expected pier side pierEast. Automated Flip is not necessary.
2026-05-28T02:13:26.8293|INFO|DIYTrigger.cs|ShouldTrigger|109|DIY Trigger Restore Guiding ShouldTrigger returning true
2026-05-28T02:13:26.8295|INFO|SequenceTrigger.cs|Run|114|Starting Category: Powerups (Misc), Item: DIYTrigger
2026-05-28T02:13:26.8344|INFO|DIYTrigger.cs|Execute|95|DIY Trigger executing...
2026-05-28T02:13:26.8347|INFO|SequenceItem.cs|Run|208|Starting Category: * Instruction Set *, Container: NINA.Sequencer.Container.SequentialContainer, Strategy: SequentialStrategy, Items[CREATED]: 1, Triggers: Trigger: RestoreGuiding
2026-05-28T02:13:26.8356|INFO|MeridianFlipTrigger.cs|ShouldTrigger|265|Meridian Flip - There is still time remaining - max remaining time 11:45:29.4368224, next instruction time 0, next instruction Category: Powerups (Expressions), Item: IfFailed - and the telescope reports expected pier side pierEast. Automated Flip is not necessary.
2026-05-28T02:13:26.8358|INFO|SequenceItem.cs|Run|208|Starting Category: Powerups (Expressions), Item: IfFailed
2026-05-28T02:13:26.8359|INFO|SequenceItem.cs|Run|208|Starting Category: Guider, Item: StartGuiding
2026-05-28T02:13:26.8435|INFO|PHD2Guider.cs|StartGuidingPrivate|504|Phd2 - App is already guiding. Skipping start guiding
2026-05-28T02:13:26.8439|INFO|SequenceItem.cs|Run|254|Finishing Category: Guider, Item: StartGuiding
2026-05-28T02:13:26.8441|INFO|SequenceItem.cs|Run|254|Finishing Category: Powerups (Expressions), Item: IfFailed
2026-05-28T02:13:26.8443|INFO|SequenceItem.cs|Run|254|Finishing Category: * Instruction Set *, Container: NINA.Sequencer.Container.SequentialContainer, Strategy: SequentialStrategy, Items[FINISHED]: 1, Triggers: Trigger: RestoreGuiding
2026-05-28T02:13:26.8495|INFO|SequenceItem.cs|Run|208|Starting Category: Scheduler, Item: TakeExposure, ExposureTime 180, Gain 100, Offset 50, ImageType LIGHT, Binning 1x1
2026-05-28T02:13:26.8549|INFO|CameraVM.cs|Capture|742|Starting Exposure - Exposure Time: 180s; Filter: ; Gain: 100; Offset 50; Binning: 1x1;
2026-05-28T02:13:40.4816|INFO|SyncEngine.cs|SyncPendingFramesAsync|142|[Subframes] SyncEngine: synced 1 frames for session 488ed467-5289-4740-b683-e0aa7c3efabe (accepted=1)
2026-05-28T02:16:13.5379|INFO|TsProgressReader.cs|ReadProgressDelta|75|[Subframes] TS progress delta: DB not found at C:\Users\nicka\AppData\Local\NINA\SchedulerPlugin — Target Scheduler not installed or DB path mismatch.
2026-05-28T02:16:28.6938|INFO|SequenceItem.cs|Run|254|Finishing Category: Scheduler, Item: TakeExposure, ExposureTime 180, Gain 100, Offset 50, ImageType LIGHT, Binning 1x1
2026-05-28T02:16:28.7211|INFO|MeridianFlipTrigger.cs|ShouldTrigger|265|Meridian Flip - There is still time remaining - max remaining time 11:42:27.6796643, next instruction time 0, next instruction NINA.Plugin.TargetScheduler.Sequencer.PlanSchedulerProgress - and the telescope reports expected pier side pierEast. Automated Flip is not necessary.
2026-05-28T02:16:28.7213|INFO|SequenceItem.cs|Run|208|Starting NINA.Plugin.TargetScheduler.Sequencer.PlanSchedulerProgress
2026-05-28T02:16:28.7214|INFO|SequenceItem.cs|Run|254|Finishing NINA.Plugin.TargetScheduler.Sequencer.PlanSchedulerProgress
2026-05-28T02:16:30.9106|INFO|HocusFocusStarDetection.cs|Detect|413|Average HFR: 1.7302704684088166, HFR MAD: 0.15781217978874004, Detected Stars 862, Region: 0
2026-05-28T02:16:31.6102|INFO|BaseImageData.cs|SaveToDisk|346|Saved image to C:\ASTROIMAGES\NINA\2026-05-27\DarkTower - BB\LIGHT\L\2026-05-28_02-13-26_DarkTower - BB_LIGHT_L_-5.00C_G100-Exp-180.00s_MAXRMS-D1.28-R7.98_M-43.58_RMS-1.43_HFR-1.73_F-0025.fits
2026-05-28T02:16:31.6104|INFO|ImageSaveController.cs|DoWork|97|Successfully saved file at C:\ASTROIMAGES\NINA\2026-05-27\DarkTower - BB\LIGHT\L\2026-05-28_02-13-26_DarkTower - BB_LIGHT_L_-5.00C_G100-Exp-180.00s_MAXRMS-D1.28-R7.98_M-43.58_RMS-1.43_HFR-1.73_F-0025.fits. Duration Total: 00:00:02.9152294; BeforeSave: 00:00:00.0259168; BeforeFinalizeImageSaved: 00:00:02.5929065; FinalizeSaveTime: 00:00:00.2964047
2026-05-28T02:16:32.1142|INFO|SessionMetaDataWatcher.cs|WriteAcquisitionMetaData|63|Writing CSV acquisition summary: C:\ASTROIMAGES\NINA\2026-05-27\DarkTower - BB\LIGHT\L\metadata\AcquisitionDetails.csv
2026-05-28T02:16:32.1760|INFO|SessionMetaDataWatcher.cs|WriteAcquisitionMetaData|82|Writing JSON acquisition summary: C:\ASTROIMAGES\NINA\2026-05-27\DarkTower - BB\LIGHT\L\metadata\AcquisitionDetails.json
2026-05-28T02:16:32.1778|INFO|SessionMetaDataWatcher.cs|WriteImageMetaData|105|Writing CSV image metadata: C:\ASTROIMAGES\NINA\2026-05-27\DarkTower - BB\LIGHT\L\metadata\ImageMetaData.csv
2026-05-28T02:16:32.2061|INFO|SessionMetaDataWatcher.cs|WriteImageMetaData|122|Writing JSON image metadata: C:\ASTROIMAGES\NINA\2026-05-27\DarkTower - BB\LIGHT\L\metadata\ImageMetaData.json
2026-05-28T02:16:32.2075|INFO|SessionMetaDataWatcher.cs|WriteWeatherMetaData|169|Writing CSV weather metadata: C:\ASTROIMAGES\NINA\2026-05-27\DarkTower - BB\LIGHT\L\metadata\WeatherData.csv
2026-05-28T02:16:32.2240|INFO|SessionMetaDataWatcher.cs|WriteWeatherMetaData|186|Writing JSON weather metadata: C:\ASTROIMAGES\NINA\2026-05-27\DarkTower - BB\LIGHT\L\metadata\WeatherData.json
2026-05-28T02:16:32.2251|INFO|SessionService.cs|OnTargetDetectedAsync|663|[Subframes] Target detected: 'DarkTower - BB' (was 'DarkTower - BB')
2026-05-28T02:16:32.2613|INFO|SubframesClient.cs|StartTargetAsync|316|[Subframes] Target started:  name='DarkTower - BB'
2026-05-28T02:16:32.2614|WARNING|SessionService.cs|StartTargetAsync|559|[Subframes] StartTarget failed — cached locally as f16ab770-1fd0-47f7-9791-5626ccc655a2 for replay.
2026-05-28T02:16:33.2506|INFO|MeridianFlipTrigger.cs|ShouldTrigger|265|Meridian Flip - There is still time remaining - max remaining time 11:42:23.6915142, next instruction time 0, next instruction Category: Powerups (Fun-ctions), Item: GSSend - and the telescope reports expected pier side pierEast. Automated Flip is not necessary.
2026-05-28T02:16:33.2507|INFO|SequenceItem.cs|Run|208|Starting Category: Powerups (Fun-ctions), Item: GSSend
2026-05-28T02:16:33.2509|INFO|SendWithGS.cs|ProcessedScript|64|Replacing Image_ExposureTime with 180
2026-05-28T02:16:33.2510|INFO|SendWithGS.cs|ProcessedScript|64|Replacing Image_HFR with 1.73
2026-05-28T02:16:33.2511|INFO|SendWithGS.cs|ProcessedScript|64|Replacing Image_FWHM with 7.55
2026-05-28T02:16:33.2512|INFO|SendWithGS.cs|ProcessedScript|64|Replacing Altitude with 17.14945541083782
2026-05-28T02:16:33.2513|INFO|SendWithGS.cs|Execute|95|Sending to Ground Station: Exp: $$FWHEEL_FILTER_NAME$$ on $$TARGET_NAME$$ EXP: 180 HFR: 1.73 FWHM: 7.55  Altitude: 17.14945541083782 
2026-05-28T02:16:33.2526|INFO|SequenceItem.cs|Run|208|Starting Category: Ground Station, Item: Send to Telegram
2026-05-28T02:16:33.9012|INFO|SequenceItem.cs|Run|254|Finishing Category: Ground Station, Item: Send to Telegram
2026-05-28T02:16:33.9025|INFO|SequenceItem.cs|Run|254|Finishing Category: Powerups (Fun-ctions), Item: GSSend
2026-05-28T02:16:33.9029|INFO|MeridianFlipTrigger.cs|ShouldTrigger|265|Meridian Flip - There is still time remaining - max remaining time 11:42:23.6915142, next instruction time 0, next instruction Category: Powerups (Fun-ctions), Item: GSSend - and the telescope reports expected pier side pierEast. Automated Flip is not necessary.
2026-05-28T02:16:33.9029|INFO|SequenceItem.cs|Run|208|Starting Category: Powerups (Fun-ctions), Item: GSSend
2026-05-28T02:16:33.9032|INFO|SendWithGS.cs|ProcessedScript|64|Replacing Image_ExposureTime with 180
2026-05-28T02:16:33.9033|INFO|SendWithGS.cs|ProcessedScript|64|Replacing Image_HFR with 1.73
2026-05-28T02:16:33.9035|INFO|SendWithGS.cs|ProcessedScript|64|Replacing Image_FWHM with 7.55
2026-05-28T02:16:33.9036|INFO|SendWithGS.cs|ProcessedScript|64|Replacing Altitude with 17.14945541083782
2026-05-28T02:16:33.9036|INFO|SendWithGS.cs|Execute|95|Sending to Ground Station: Exp: $$FWHEEL_FILTER_NAME$$ on $$TARGET_NAME$$ EXP: 180 HFR: 1.73 FWHM: 7.55  Altitude: 17.14945541083782 
2026-05-28T02:16:33.9048|INFO|SequenceItem.cs|Run|208|Starting Category: Ground Station, Item: Send to Pushover, Title: IMAGE: $$TARGET_NAME$$
2026-05-28T02:16:34.0632|INFO|SequenceItem.cs|Run|254|Finishing Category: Ground Station, Item: Send to Pushover, Title: IMAGE: $$TARGET_NAME$$
2026-05-28T02:16:34.0646|INFO|SequenceItem.cs|Run|254|Finishing Category: Powerups (Fun-ctions), Item: GSSend
2026-05-28T02:16:34.2529|INFO|Symbol.cs|OnMessageReceived|627|Received message from Target Scheduler re: TargetScheduler-TargetStart
2026-05-28T02:16:34.2529|INFO|Symbol.cs|OnMessageReceived|635|TS_TargetName = DarkTower - BB
2026-05-28T02:16:34.2530|INFO|Symbol.cs|OnMessageReceived|636|Expires at 05/28/2026 03:19:25 -05:00
2026-05-28T02:16:34.2530|INFO|Symbol.cs|OnMessageReceived|627|Received message from Target Scheduler re: TargetScheduler-TargetStart
2026-05-28T02:16:34.2530|INFO|Symbol.cs|OnMessageReceived|635|TS_TargetName = DarkTower - BB
2026-05-28T02:16:34.2531|INFO|Symbol.cs|OnMessageReceived|636|Expires at 05/28/2026 03:19:25 -05:00
2026-05-28T02:16:34.2534|INFO|MeridianFlipTrigger.cs|ShouldTrigger|265|Meridian Flip - There is still time remaining - max remaining time 11:42:23.6915142, next instruction time 0, next instruction NINA.Plugin.TargetScheduler.Sequencer.PlanSchedulerProgress - and the telescope reports expected pier side pierEast. Automated Flip is not necessary.
2026-05-28T02:16:34.2535|INFO|SequenceItem.cs|Run|208|Starting NINA.Plugin.TargetScheduler.Sequencer.PlanSchedulerProgress
2026-05-28T02:16:34.2538|INFO|SequenceItem.cs|Run|254|Finishing NINA.Plugin.TargetScheduler.Sequencer.PlanSchedulerProgress
2026-05-28T02:16:34.2540|INFO|MeridianFlipTrigger.cs|ShouldTrigger|265|Meridian Flip - There is still time remaining - max remaining time 11:42:23.6915142, next instruction time 0, next instruction Category: Scheduler, Item: SwitchFilter, Filter: H - and the telescope reports expected pier side pierEast. Automated Flip is not necessary.
2026-05-28T02:16:34.2541|INFO|SequenceItem.cs|Run|208|Starting Category: Scheduler, Item: SwitchFilter, Filter: H
2026-05-28T02:16:34.2549|INFO|FilterWheelVM.cs|ChangeFilter|112|Moving to Filter H at Position 5
2026-05-28T02:16:34.4715|INFO|FocuserVM.cs|MoveFocuserInternal|216|Moving Focuser to position 387321
2026-05-28T02:16:34.6472|INFO|StarfrontClient.cs|SendImageFile|249|[Rockwood] sent 2026-05-28_02-13-26_DarkTower - BB_LIGHT_L_-5.00C_G100-Exp-180.00s_MAXRMS-D1.28-R7.98_M-43.58_RMS-1.43_HFR-1.73_F-0025.fits (38KB) object=DarkTower - BB exptime=180s filter=L
2026-05-28T02:16:36.8190|INFO|TsPreviewClient.cs|LookupCoordinatesByName|179|[Subframes] TsPreviewClient.LookupCoordinatesByName: TS database not found at C:\Users\nicka\AppData\Local\NINA\SchedulerPlugin
2026-05-28T02:16:38.8153|INFO|SequenceItem.cs|Run|254|Finishing Category: Scheduler, Item: SwitchFilter, Filter: H
2026-05-28T02:16:38.8161|INFO|MeridianFlipTrigger.cs|ShouldTrigger|265|Meridian Flip - There is still time remaining - max remaining time 11:42:17.6005050, next instruction time 0, next instruction NINA.Plugin.TargetScheduler.Sequencer.PlanSchedulerProgress - and the telescope reports expected pier side pierEast. Automated Flip is not necessary.
2026-05-28T02:16:38.8163|INFO|SequenceItem.cs|Run|208|Starting NINA.Plugin.TargetScheduler.Sequencer.PlanSchedulerProgress
2026-05-28T02:16:38.8164|INFO|SequenceItem.cs|Run|254|Finishing NINA.Plugin.TargetScheduler.Sequencer.PlanSchedulerProgress
2026-05-28T02:16:38.8168|INFO|MeridianFlipTrigger.cs|ShouldTrigger|265|Meridian Flip - There is still time remaining - max remaining time 11:42:17.6005050, next instruction time 0, next instruction Category: Scheduler, Item: SetReadoutMode, Mode: 0 - and the telescope reports expected pier side pierEast. Automated Flip is not necessary.
2026-05-28T02:16:38.8169|INFO|SequenceItem.cs|Run|208|Starting Category: Scheduler, Item: SetReadoutMode, Mode: 0
2026-05-28T02:16:38.8172|INFO|SequenceItem.cs|Run|254|Finishing Category: Scheduler, Item: SetReadoutMode, Mode: 0
2026-05-28T02:16:38.8176|INFO|MeridianFlipTrigger.cs|ShouldTrigger|265|Meridian Flip - There is still time remaining - max remaining time 11:42:17.6005050, next instruction time 0, next instruction NINA.Plugin.TargetScheduler.Sequencer.PlanSchedulerProgress - and the telescope reports expected pier side pierEast. Automated Flip is not necessary.
2026-05-28T02:16:38.8177|INFO|SequenceItem.cs|Run|208|Starting NINA.Plugin.TargetScheduler.Sequencer.PlanSchedulerProgress
2026-05-28T02:16:38.8188|INFO|SequenceItem.cs|Run|254|Finishing NINA.Plugin.TargetScheduler.Sequencer.PlanSchedulerProgress
2026-05-28T02:16:38.8193|INFO|MeridianFlipTrigger.cs|ShouldTrigger|265|Meridian Flip - There is still time remaining - max remaining time 11:42:17.6005050, next instruction time 300, next instruction Category: Scheduler, Item: TakeExposure, ExposureTime 300, Gain 100, Offset 50, ImageType LIGHT, Binning 1x1 - and the telescope reports expected pier side pierEast. Automated Flip is not necessary.
2026-05-28T02:16:38.8194|INFO|DIYTrigger.cs|ShouldTrigger|109|DIY Trigger Restore Guiding ShouldTrigger returning true
2026-05-28T02:16:38.8196|INFO|SequenceTrigger.cs|Run|114|Starting Category: Powerups (Misc), Item: DIYTrigger
2026-05-28T02:16:38.8243|INFO|DIYTrigger.cs|Execute|95|DIY Trigger executing...
2026-05-28T02:16:38.8246|INFO|SequenceItem.cs|Run|208|Starting Category: * Instruction Set *, Container: NINA.Sequencer.Container.SequentialContainer, Strategy: SequentialStrategy, Items[CREATED]: 1, Triggers: Trigger: RestoreGuiding
2026-05-28T02:16:38.8257|INFO|MeridianFlipTrigger.cs|ShouldTrigger|265|Meridian Flip - There is still time remaining - max remaining time 11:42:17.6005050, next instruction time 0, next instruction Category: Powerups (Expressions), Item: IfFailed - and the telescope reports expected pier side pierEast. Automated Flip is not necessary.
2026-05-28T02:16:38.8259|INFO|SequenceItem.cs|Run|208|Starting Category: Powerups (Expressions), Item: IfFailed
2026-05-28T02:16:38.8260|INFO|SequenceItem.cs|Run|208|Starting Category: Guider, Item: StartGuiding
2026-05-28T02:16:38.8331|INFO|PHD2Guider.cs|StartGuidingPrivate|504|Phd2 - App is already guiding. Skipping start guiding
2026-05-28T02:16:38.8335|INFO|SequenceItem.cs|Run|254|Finishing Category: Guider, Item: StartGuiding
2026-05-28T02:16:38.8336|INFO|SequenceItem.cs|Run|254|Finishing Category: Powerups (Expressions), Item: IfFailed
2026-05-28T02:16:38.8339|INFO|SequenceItem.cs|Run|254|Finishing Category: * Instruction Set *, Container: NINA.Sequencer.Container.SequentialContainer, Strategy: SequentialStrategy, Items[FINISHED]: 1, Triggers: Trigger: RestoreGuiding
2026-05-28T02:16:38.8401|INFO|SequenceItem.cs|Run|208|Starting Category: Scheduler, Item: TakeExposure, ExposureTime 300, Gain 100, Offset 50, ImageType LIGHT, Binning 1x1
2026-05-28T02:16:38.8467|INFO|CameraVM.cs|Capture|742|Starting Exposure - Exposure Time: 300s; Filter: ; Gain: 100; Offset 50; Binning: 1x1;
2026-05-28T02:16:40.4872|INFO|SyncEngine.cs|SyncPendingFramesAsync|142|[Subframes] SyncEngine: synced 1 frames for session 488ed467-5289-4740-b683-e0aa7c3efabe (accepted=1)
2026-05-28T02:21:13.5282|INFO|TsProgressReader.cs|ReadProgressDelta|75|[Subframes] TS progress delta: DB not found at C:\Users\nicka\AppData\Local\NINA\SchedulerPlugin — Target Scheduler not installed or DB path mismatch.
2026-05-28T02:21:40.7226|INFO|SequenceItem.cs|Run|254|Finishing Category: Scheduler, Item: TakeExposure, ExposureTime 300, Gain 100, Offset 50, ImageType LIGHT, Binning 1x1
2026-05-28T02:21:40.7230|INFO|MeridianFlipTrigger.cs|ShouldTrigger|265|Meridian Flip - There is still time remaining - max remaining time 11:37:15.0956453, next instruction time 0, next instruction NINA.Plugin.TargetScheduler.Sequencer.PlanSchedulerProgress - and the telescope reports expected pier side pierEast. Automated Flip is not necessary.
2026-05-28T02:21:40.7232|INFO|SequenceItem.cs|Run|208|Starting NINA.Plugin.TargetScheduler.Sequencer.PlanSchedulerProgress
2026-05-28T02:21:40.7232|INFO|SequenceItem.cs|Run|254|Finishing NINA.Plugin.TargetScheduler.Sequencer.PlanSchedulerProgress
2026-05-28T02:21:42.9944|INFO|HocusFocusStarDetection.cs|Detect|413|Average HFR: 1.8299279959317696, HFR MAD: 0.18379323062214412, Detected Stars 757, Region: 0
2026-05-28T02:21:43.7235|INFO|BaseImageData.cs|SaveToDisk|346|Saved image to C:\ASTROIMAGES\NINA\2026-05-27\DarkTower - BB\LIGHT\H\2026-05-28_02-16-38_DarkTower - BB_LIGHT_H_-4.90C_G100-Exp-300.00s_MAXRMS-D1.27-R1.32_M-43.55_RMS-0.66_HFR-1.83_F-0026.fits
2026-05-28T02:21:43.7236|INFO|ImageSaveController.cs|DoWork|97|Successfully saved file at C:\ASTROIMAGES\NINA\2026-05-27\DarkTower - BB\LIGHT\H\2026-05-28_02-16-38_DarkTower - BB_LIGHT_H_-4.90C_G100-Exp-300.00s_MAXRMS-D1.27-R1.32_M-43.55_RMS-0.66_HFR-1.83_F-0026.fits. Duration Total: 00:00:03.0008318; BeforeSave: 00:00:00.0000953; BeforeFinalizeImageSaved: 00:00:02.6724148; FinalizeSaveTime: 00:00:00.3283204
2026-05-28T02:21:44.2609|INFO|SessionMetaDataWatcher.cs|WriteAcquisitionMetaData|63|Writing CSV acquisition summary: C:\ASTROIMAGES\NINA\2026-05-27\DarkTower - BB\LIGHT\H\metadata\AcquisitionDetails.csv
2026-05-28T02:21:44.3197|INFO|SessionMetaDataWatcher.cs|WriteAcquisitionMetaData|82|Writing JSON acquisition summary: C:\ASTROIMAGES\NINA\2026-05-27\DarkTower - BB\LIGHT\H\metadata\AcquisitionDetails.json
2026-05-28T02:21:44.3215|INFO|SessionMetaDataWatcher.cs|WriteImageMetaData|105|Writing CSV image metadata: C:\ASTROIMAGES\NINA\2026-05-27\DarkTower - BB\LIGHT\H\metadata\ImageMetaData.csv
2026-05-28T02:21:44.3577|INFO|SessionMetaDataWatcher.cs|WriteImageMetaData|122|Writing JSON image metadata: C:\ASTROIMAGES\NINA\2026-05-27\DarkTower - BB\LIGHT\H\metadata\ImageMetaData.json
2026-05-28T02:21:44.3591|INFO|SessionMetaDataWatcher.cs|WriteWeatherMetaData|169|Writing CSV weather metadata: C:\ASTROIMAGES\NINA\2026-05-27\DarkTower - BB\LIGHT\H\metadata\WeatherData.csv
2026-05-28T02:21:44.3763|INFO|SessionMetaDataWatcher.cs|WriteWeatherMetaData|186|Writing JSON weather metadata: C:\ASTROIMAGES\NINA\2026-05-27\DarkTower - BB\LIGHT\H\metadata\WeatherData.json
2026-05-28T02:21:44.3773|INFO|SessionService.cs|OnTargetDetectedAsync|663|[Subframes] Target detected: 'DarkTower - BB' (was 'DarkTower - BB')
2026-05-28T02:21:44.4118|INFO|SubframesClient.cs|StartTargetAsync|316|[Subframes] Target started:  name='DarkTower - BB'
2026-05-28T02:21:44.4120|WARNING|SessionService.cs|StartTargetAsync|559|[Subframes] StartTarget failed — cached locally as b94be1a5-94f2-446c-bcf0-26976f1eecf7 for replay.
2026-05-28T02:21:45.0306|INFO|MeridianFlipTrigger.cs|ShouldTrigger|265|Meridian Flip - There is still time remaining - max remaining time 11:37:11.1502991, next instruction time 0, next instruction Category: Powerups (Fun-ctions), Item: GSSend - and the telescope reports expected pier side pierEast. Automated Flip is not necessary.
2026-05-28T02:21:45.0307|INFO|SequenceItem.cs|Run|208|Starting Category: Powerups (Fun-ctions), Item: GSSend
2026-05-28T02:21:45.0310|INFO|SendWithGS.cs|ProcessedScript|64|Replacing Image_ExposureTime with 300
2026-05-28T02:21:45.0311|INFO|SendWithGS.cs|ProcessedScript|64|Replacing Image_HFR with 1.83
2026-05-28T02:21:45.0312|INFO|SendWithGS.cs|ProcessedScript|64|Replacing Image_FWHM with 8.24
2026-05-28T02:21:45.0313|INFO|SendWithGS.cs|ProcessedScript|64|Replacing Altitude with 17.08444258885732
2026-05-28T02:21:45.0314|INFO|SendWithGS.cs|Execute|95|Sending to Ground Station: Exp: $$FWHEEL_FILTER_NAME$$ on $$TARGET_NAME$$ EXP: 300 HFR: 1.83 FWHM: 8.24  Altitude: 17.08444258885732 
2026-05-28T02:21:45.0325|INFO|SequenceItem.cs|Run|208|Starting Category: Ground Station, Item: Send to Telegram
2026-05-28T02:21:45.7081|INFO|SequenceItem.cs|Run|254|Finishing Category: Ground Station, Item: Send to Telegram
2026-05-28T02:21:45.7096|INFO|SequenceItem.cs|Run|254|Finishing Category: Powerups (Fun-ctions), Item: GSSend
2026-05-28T02:21:45.7099|INFO|MeridianFlipTrigger.cs|ShouldTrigger|265|Meridian Flip - There is still time remaining - max remaining time 11:37:11.1502991, next instruction time 0, next instruction Category: Powerups (Fun-ctions), Item: GSSend - and the telescope reports expected pier side pierEast. Automated Flip is not necessary.
2026-05-28T02:21:45.7100|INFO|SequenceItem.cs|Run|208|Starting Category: Powerups (Fun-ctions), Item: GSSend
2026-05-28T02:21:45.7103|INFO|SendWithGS.cs|ProcessedScript|64|Replacing Image_ExposureTime with 300
2026-05-28T02:21:45.7104|INFO|SendWithGS.cs|ProcessedScript|64|Replacing Image_HFR with 1.83
2026-05-28T02:21:45.7105|INFO|SendWithGS.cs|ProcessedScript|64|Replacing Image_FWHM with 8.24
2026-05-28T02:21:45.7106|INFO|SendWithGS.cs|ProcessedScript|64|Replacing Altitude with 17.08444258885732
2026-05-28T02:21:45.7107|INFO|SendWithGS.cs|Execute|95|Sending to Ground Station: Exp: $$FWHEEL_FILTER_NAME$$ on $$TARGET_NAME$$ EXP: 300 HFR: 1.83 FWHM: 8.24  Altitude: 17.08444258885732 
2026-05-28T02:21:45.7121|INFO|SequenceItem.cs|Run|208|Starting Category: Ground Station, Item: Send to Pushover, Title: IMAGE: $$TARGET_NAME$$
2026-05-28T02:21:45.8724|INFO|SequenceItem.cs|Run|254|Finishing Category: Ground Station, Item: Send to Pushover, Title: IMAGE: $$TARGET_NAME$$
2026-05-28T02:21:45.8738|INFO|SequenceItem.cs|Run|254|Finishing Category: Powerups (Fun-ctions), Item: GSSend
2026-05-28T02:21:46.1123|INFO|Symbol.cs|OnMessageReceived|627|Received message from Target Scheduler re: TargetScheduler-TargetStart
2026-05-28T02:21:46.1123|INFO|Symbol.cs|OnMessageReceived|635|TS_TargetName = DarkTower - BB
2026-05-28T02:21:46.1124|INFO|Symbol.cs|OnMessageReceived|636|Expires at 05/28/2026 03:19:25 -05:00
2026-05-28T02:21:46.1124|INFO|Symbol.cs|OnMessageReceived|627|Received message from Target Scheduler re: TargetScheduler-TargetStart
2026-05-28T02:21:46.1124|INFO|Symbol.cs|OnMessageReceived|635|TS_TargetName = DarkTower - BB
2026-05-28T02:21:46.1125|INFO|Symbol.cs|OnMessageReceived|636|Expires at 05/28/2026 03:19:25 -05:00
2026-05-28T02:21:46.1129|INFO|MeridianFlipTrigger.cs|ShouldTrigger|265|Meridian Flip - There is still time remaining - max remaining time 11:37:11.1502991, next instruction time 0, next instruction NINA.Plugin.TargetScheduler.Sequencer.PlanSchedulerProgress - and the telescope reports expected pier side pierEast. Automated Flip is not necessary.
2026-05-28T02:21:46.1129|INFO|SequenceItem.cs|Run|208|Starting NINA.Plugin.TargetScheduler.Sequencer.PlanSchedulerProgress
2026-05-28T02:21:46.1133|INFO|SequenceItem.cs|Run|254|Finishing NINA.Plugin.TargetScheduler.Sequencer.PlanSchedulerProgress
2026-05-28T02:21:46.1135|INFO|MeridianFlipTrigger.cs|ShouldTrigger|265|Meridian Flip - There is still time remaining - max remaining time 11:37:11.1502991, next instruction time 0, next instruction Category: Scheduler, Item: SwitchFilter, Filter: B - and the telescope reports expected pier side pierEast. Automated Flip is not necessary.
2026-05-28T02:21:46.1135|INFO|SequenceItem.cs|Run|208|Starting Category: Scheduler, Item: SwitchFilter, Filter: B
2026-05-28T02:21:46.1145|INFO|FilterWheelVM.cs|ChangeFilter|112|Moving to Filter B at Position 3
2026-05-28T02:21:46.4142|INFO|StarfrontClient.cs|SendImageFile|249|[Rockwood] sent 2026-05-28_02-16-38_DarkTower - BB_LIGHT_H_-4.90C_G100-Exp-300.00s_MAXRMS-D1.27-R1.32_M-43.55_RMS-0.66_HFR-1.83_F-0026.fits (41KB) object=DarkTower - BB exptime=300s filter=H
2026-05-28T02:21:46.4156|INFO|FocuserVM.cs|MoveFocuserInternal|216|Moving Focuser to position 387296
2026-05-28T02:21:48.9895|INFO|TsPreviewClient.cs|LookupCoordinatesByName|179|[Subframes] TsPreviewClient.LookupCoordinatesByName: TS database not found at C:\Users\nicka\AppData\Local\NINA\SchedulerPlugin
2026-05-28T02:21:54.8078|INFO|SequenceItem.cs|Run|254|Finishing Category: Scheduler, Item: SwitchFilter, Filter: B
2026-05-28T02:21:54.8082|INFO|MeridianFlipTrigger.cs|ShouldTrigger|265|Meridian Flip - There is still time remaining - max remaining time 11:37:01.5797679, next instruction time 0, next instruction NINA.Plugin.TargetScheduler.Sequencer.PlanSchedulerProgress - and the telescope reports expected pier side pierEast. Automated Flip is not necessary.
2026-05-28T02:21:54.8083|INFO|SequenceItem.cs|Run|208|Starting NINA.Plugin.TargetScheduler.Sequencer.PlanSchedulerProgress
2026-05-28T02:21:54.8084|INFO|SequenceItem.cs|Run|254|Finishing NINA.Plugin.TargetScheduler.Sequencer.PlanSchedulerProgress
2026-05-28T02:21:54.8086|INFO|MeridianFlipTrigger.cs|ShouldTrigger|265|Meridian Flip - There is still time remaining - max remaining time 11:37:01.5797679, next instruction time 0, next instruction Category: Scheduler, Item: SetReadoutMode, Mode: 0 - and the telescope reports expected pier side pierEast. Automated Flip is not necessary.
2026-05-28T02:21:54.8087|INFO|SequenceItem.cs|Run|208|Starting Category: Scheduler, Item: SetReadoutMode, Mode: 0
2026-05-28T02:21:54.8089|INFO|SequenceItem.cs|Run|254|Finishing Category: Scheduler, Item: SetReadoutMode, Mode: 0
2026-05-28T02:21:54.8093|INFO|MeridianFlipTrigger.cs|ShouldTrigger|265|Meridian Flip - There is still time remaining - max remaining time 11:37:01.5797679, next instruction time 0, next instruction NINA.Plugin.TargetScheduler.Sequencer.PlanSchedulerProgress - and the telescope reports expected pier side pierEast. Automated Flip is not necessary.
2026-05-28T02:21:54.8094|INFO|SequenceItem.cs|Run|208|Starting NINA.Plugin.TargetScheduler.Sequencer.PlanSchedulerProgress
2026-05-28T02:21:54.8119|INFO|SequenceItem.cs|Run|254|Finishing NINA.Plugin.TargetScheduler.Sequencer.PlanSchedulerProgress
2026-05-28T02:21:54.8125|INFO|MeridianFlipTrigger.cs|ShouldTrigger|265|Meridian Flip - There is still time remaining - max remaining time 11:37:01.5797679, next instruction time 180, next instruction Category: Scheduler, Item: TakeExposure, ExposureTime 180, Gain 100, Offset 50, ImageType LIGHT, Binning 1x1 - and the telescope reports expected pier side pierEast. Automated Flip is not necessary.
2026-05-28T02:21:54.8126|INFO|DIYTrigger.cs|ShouldTrigger|109|DIY Trigger Restore Guiding ShouldTrigger returning true
2026-05-28T02:21:54.8127|INFO|SequenceTrigger.cs|Run|114|Starting Category: Powerups (Misc), Item: DIYTrigger
2026-05-28T02:21:54.8183|INFO|DIYTrigger.cs|Execute|95|DIY Trigger executing...
2026-05-28T02:21:54.8186|INFO|SequenceItem.cs|Run|208|Starting Category: * Instruction Set *, Container: NINA.Sequencer.Container.SequentialContainer, Strategy: SequentialStrategy, Items[CREATED]: 1, Triggers: Trigger: RestoreGuiding
2026-05-28T02:21:54.8508|INFO|MeridianFlipTrigger.cs|ShouldTrigger|265|Meridian Flip - There is still time remaining - max remaining time 11:37:01.5797679, next instruction time 0, next instruction Category: Powerups (Expressions), Item: IfFailed - and the telescope reports expected pier side pierEast. Automated Flip is not necessary.
2026-05-28T02:21:54.8509|INFO|SequenceItem.cs|Run|208|Starting Category: Powerups (Expressions), Item: IfFailed
2026-05-28T02:21:54.8510|INFO|SequenceItem.cs|Run|208|Starting Category: Guider, Item: StartGuiding
2026-05-28T02:21:54.8547|INFO|PHD2Guider.cs|StartGuidingPrivate|504|Phd2 - App is already guiding. Skipping start guiding
2026-05-28T02:21:54.8550|INFO|SequenceItem.cs|Run|254|Finishing Category: Guider, Item: StartGuiding
2026-05-28T02:21:54.8551|INFO|SequenceItem.cs|Run|254|Finishing Category: Powerups (Expressions), Item: IfFailed
2026-05-28T02:21:54.8552|INFO|SequenceItem.cs|Run|254|Finishing Category: * Instruction Set *, Container: NINA.Sequencer.Container.SequentialContainer, Strategy: SequentialStrategy, Items[FINISHED]: 1, Triggers: Trigger: RestoreGuiding
2026-05-28T02:21:54.8785|INFO|SequenceItem.cs|Run|208|Starting Category: Scheduler, Item: TakeExposure, ExposureTime 180, Gain 100, Offset 50, ImageType LIGHT, Binning 1x1
2026-05-28T02:21:54.8834|INFO|CameraVM.cs|Capture|742|Starting Exposure - Exposure Time: 180s; Filter: ; Gain: 100; Offset 50; Binning: 1x1;
2026-05-28T02:22:10.4815|INFO|SyncEngine.cs|SyncPendingFramesAsync|142|[Subframes] SyncEngine: synced 1 frames for session 488ed467-5289-4740-b683-e0aa7c3efabe (accepted=1)
2026-05-28T02:24:56.8030|INFO|SequenceItem.cs|Run|254|Finishing Category: Scheduler, Item: TakeExposure, ExposureTime 180, Gain 100, Offset 50, ImageType LIGHT, Binning 1x1
2026-05-28T02:24:56.8033|INFO|ImageSolver.cs|Solve|41|Platesolving with parameters: FocalLength: 360 PixelSize: 3.76 SearchRadius: 30 BlindFailoverEnabled: True Regions: 5000 DownSampleFactor: 0 MaxObjects: 500 Reference Coordinates RA: 16:45:55 Dec: -41° 10' 35" Epoch: J2000
2026-05-28T02:24:56.8034|INFO|MeridianFlipTrigger.cs|ShouldTrigger|265|Meridian Flip - There is still time remaining - max remaining time 11:33:57.2206494, next instruction time 0, next instruction NINA.Plugin.TargetScheduler.Sequencer.PlanSchedulerProgress - and the telescope reports expected pier side pierEast. Automated Flip is not necessary.
2026-05-28T02:24:56.8035|INFO|SequenceItem.cs|Run|208|Starting NINA.Plugin.TargetScheduler.Sequencer.PlanSchedulerProgress
2026-05-28T02:24:56.8035|INFO|SequenceItem.cs|Run|254|Finishing NINA.Plugin.TargetScheduler.Sequencer.PlanSchedulerProgress
2026-05-28T02:24:57.1289|INFO|BaseImageData.cs|SaveToDisk|346|Saved image to C:\Users\nicka\AppData\Local\NINA\PlateSolver\cvsyst3x.jku.fits
2026-05-28T02:24:58.2574|INFO|ImageSolver.cs|Solve|54|Platesolve successful: Coordinates: RA: 16:45:55; Dec: -41° 10' 47"; Epoch: J2000 - Position Angle: 275.7621747896549
2026-05-28T02:24:58.2576|INFO|CenterAfterDriftTrigger.cs|PlatesolvingImageFollower_PropertyChanged|189|Drift: 0.3638585446353227 / 1 arc minutes
2026-05-28T02:24:58.6357|INFO|HocusFocusStarDetection.cs|Detect|413|Average HFR: 1.625661125187724, HFR MAD: 0.10374407401369956, Detected Stars 418, Region: 0
2026-05-28T02:24:59.3521|INFO|BaseImageData.cs|SaveToDisk|346|Saved image to C:\ASTROIMAGES\NINA\2026-05-27\DarkTower - BB\LIGHT\B\2026-05-28_02-21-54_DarkTower - BB_LIGHT_B_-5.00C_G100-Exp-180.00s_MAXRMS-D0.94-R6.19_M-43.53_RMS-1.06_HFR-1.63_F-0027.fits
2026-05-28T02:24:59.3522|INFO|ImageSaveController.cs|DoWork|97|Successfully saved file at C:\ASTROIMAGES\NINA\2026-05-27\DarkTower - BB\LIGHT\B\2026-05-28_02-21-54_DarkTower - BB_LIGHT_B_-5.00C_G100-Exp-180.00s_MAXRMS-D0.94-R6.19_M-43.53_RMS-1.06_HFR-1.63_F-0027.fits. Duration Total: 00:00:02.5492277; BeforeSave: 00:00:00.0001774; BeforeFinalizeImageSaved: 00:00:02.2337862; FinalizeSaveTime: 00:00:00.3152630
2026-05-28T02:24:59.8553|INFO|SessionMetaDataWatcher.cs|WriteAcquisitionMetaData|63|Writing CSV acquisition summary: C:\ASTROIMAGES\NINA\2026-05-27\DarkTower - BB\LIGHT\B\metadata\AcquisitionDetails.csv
2026-05-28T02:24:59.9107|INFO|SessionMetaDataWatcher.cs|WriteAcquisitionMetaData|82|Writing JSON acquisition summary: C:\ASTROIMAGES\NINA\2026-05-27\DarkTower - BB\LIGHT\B\metadata\AcquisitionDetails.json
2026-05-28T02:24:59.9120|INFO|SessionMetaDataWatcher.cs|WriteImageMetaData|105|Writing CSV image metadata: C:\ASTROIMAGES\NINA\2026-05-27\DarkTower - BB\LIGHT\B\metadata\ImageMetaData.csv
2026-05-28T02:24:59.9394|INFO|SessionMetaDataWatcher.cs|WriteImageMetaData|122|Writing JSON image metadata: C:\ASTROIMAGES\NINA\2026-05-27\DarkTower - BB\LIGHT\B\metadata\ImageMetaData.json
2026-05-28T02:24:59.9408|INFO|SessionMetaDataWatcher.cs|WriteWeatherMetaData|169|Writing CSV weather metadata: C:\ASTROIMAGES\NINA\2026-05-27\DarkTower - BB\LIGHT\B\metadata\WeatherData.csv
2026-05-28T02:24:59.9566|INFO|SessionMetaDataWatcher.cs|WriteWeatherMetaData|186|Writing JSON weather metadata: C:\ASTROIMAGES\NINA\2026-05-27\DarkTower - BB\LIGHT\B\metadata\WeatherData.json
2026-05-28T02:24:59.9585|INFO|SessionService.cs|OnTargetDetectedAsync|663|[Subframes] Target detected: 'DarkTower - BB' (was 'DarkTower - BB')
2026-05-28T02:24:59.9955|INFO|SubframesClient.cs|StartTargetAsync|316|[Subframes] Target started:  name='DarkTower - BB'
2026-05-28T02:24:59.9956|WARNING|SessionService.cs|StartTargetAsync|559|[Subframes] StartTarget failed — cached locally as 6c5b5008-fd0f-4ffe-853a-891c763744ff for replay.
2026-05-28T02:25:00.2855|INFO|MeridianFlipTrigger.cs|ShouldTrigger|265|Meridian Flip - There is still time remaining - max remaining time 11:33:55.1608802, next instruction time 0, next instruction Category: Powerups (Fun-ctions), Item: GSSend - and the telescope reports expected pier side pierEast. Automated Flip is not necessary.
2026-05-28T02:25:00.2856|INFO|SequenceItem.cs|Run|208|Starting Category: Powerups (Fun-ctions), Item: GSSend
2026-05-28T02:25:00.2859|INFO|SendWithGS.cs|ProcessedScript|64|Replacing Image_ExposureTime with 180
2026-05-28T02:25:00.2860|INFO|SendWithGS.cs|ProcessedScript|64|Replacing Image_HFR with 1.626
2026-05-28T02:25:00.2861|INFO|SendWithGS.cs|ProcessedScript|64|Replacing Image_FWHM with 6.99
2026-05-28T02:25:00.2862|INFO|SendWithGS.cs|ProcessedScript|64|Replacing Altitude with 17.03308944464576
2026-05-28T02:25:00.2863|INFO|SendWithGS.cs|Execute|95|Sending to Ground Station: Exp: $$FWHEEL_FILTER_NAME$$ on $$TARGET_NAME$$ EXP: 180 HFR: 1.626 FWHM: 6.99  Altitude: 17.03308944464576 
2026-05-28T02:25:00.2876|INFO|SequenceItem.cs|Run|208|Starting Category: Ground Station, Item: Send to Telegram
2026-05-28T02:25:00.9512|INFO|SequenceItem.cs|Run|254|Finishing Category: Ground Station, Item: Send to Telegram
2026-05-28T02:25:00.9525|INFO|SequenceItem.cs|Run|254|Finishing Category: Powerups (Fun-ctions), Item: GSSend
2026-05-28T02:25:00.9529|INFO|MeridianFlipTrigger.cs|ShouldTrigger|265|Meridian Flip - There is still time remaining - max remaining time 11:33:53.0825429, next instruction time 0, next instruction Category: Powerups (Fun-ctions), Item: GSSend - and the telescope reports expected pier side pierEast. Automated Flip is not necessary.
2026-05-28T02:25:00.9529|INFO|SequenceItem.cs|Run|208|Starting Category: Powerups (Fun-ctions), Item: GSSend
2026-05-28T02:25:00.9532|INFO|SendWithGS.cs|ProcessedScript|64|Replacing Image_ExposureTime with 180
2026-05-28T02:25:00.9533|INFO|SendWithGS.cs|ProcessedScript|64|Replacing Image_HFR with 1.626
2026-05-28T02:25:00.9534|INFO|SendWithGS.cs|ProcessedScript|64|Replacing Image_FWHM with 6.99
2026-05-28T02:25:00.9535|INFO|SendWithGS.cs|ProcessedScript|64|Replacing Altitude with 17.03308944464576
2026-05-28T02:25:00.9535|INFO|SendWithGS.cs|Execute|95|Sending to Ground Station: Exp: $$FWHEEL_FILTER_NAME$$ on $$TARGET_NAME$$ EXP: 180 HFR: 1.626 FWHM: 6.99  Altitude: 17.03308944464576 
2026-05-28T02:25:00.9547|INFO|SequenceItem.cs|Run|208|Starting Category: Ground Station, Item: Send to Pushover, Title: IMAGE: $$TARGET_NAME$$
2026-05-28T02:25:01.1144|INFO|SequenceItem.cs|Run|254|Finishing Category: Ground Station, Item: Send to Pushover, Title: IMAGE: $$TARGET_NAME$$
2026-05-28T02:25:01.1156|INFO|SequenceItem.cs|Run|254|Finishing Category: Powerups (Fun-ctions), Item: GSSend
2026-05-28T02:25:01.2932|INFO|Symbol.cs|OnMessageReceived|627|Received message from Target Scheduler re: TargetScheduler-TargetStart
2026-05-28T02:25:01.2932|INFO|Symbol.cs|OnMessageReceived|635|TS_TargetName = DarkTower - BB
2026-05-28T02:25:01.2932|INFO|Symbol.cs|OnMessageReceived|636|Expires at 05/28/2026 03:19:25 -05:00
2026-05-28T02:25:01.2934|INFO|Symbol.cs|OnMessageReceived|627|Received message from Target Scheduler re: TargetScheduler-TargetStart
2026-05-28T02:25:01.2935|INFO|Symbol.cs|OnMessageReceived|635|TS_TargetName = DarkTower - BB
2026-05-28T02:25:01.2935|INFO|Symbol.cs|OnMessageReceived|636|Expires at 05/28/2026 03:19:25 -05:00
2026-05-28T02:25:01.2940|INFO|MeridianFlipTrigger.cs|ShouldTrigger|265|Meridian Flip - There is still time remaining - max remaining time 11:33:53.0825429, next instruction time 0, next instruction NINA.Plugin.TargetScheduler.Sequencer.PlanSchedulerProgress - and the telescope reports expected pier side pierEast. Automated Flip is not necessary.
2026-05-28T02:25:01.2941|INFO|SequenceItem.cs|Run|208|Starting NINA.Plugin.TargetScheduler.Sequencer.PlanSchedulerProgress
2026-05-28T02:25:01.2944|INFO|SequenceItem.cs|Run|254|Finishing NINA.Plugin.TargetScheduler.Sequencer.PlanSchedulerProgress
2026-05-28T02:25:01.2947|INFO|MeridianFlipTrigger.cs|ShouldTrigger|265|Meridian Flip - There is still time remaining - max remaining time 11:33:53.0825429, next instruction time 0, next instruction Category: Scheduler, Item: SwitchFilter, Filter: G - and the telescope reports expected pier side pierEast. Automated Flip is not necessary.
2026-05-28T02:25:01.2947|INFO|SequenceItem.cs|Run|208|Starting Category: Scheduler, Item: SwitchFilter, Filter: G
2026-05-28T02:25:01.2956|INFO|FilterWheelVM.cs|ChangeFilter|112|Moving to Filter G at Position 2
2026-05-28T02:25:01.5141|INFO|FocuserVM.cs|MoveFocuserInternal|216|Moving Focuser to position 387294
2026-05-28T02:25:02.1599|INFO|StarfrontClient.cs|SendImageFile|249|[Rockwood] sent 2026-05-28_02-21-54_DarkTower - BB_LIGHT_B_-5.00C_G100-Exp-180.00s_MAXRMS-D0.94-R6.19_M-43.53_RMS-1.06_HFR-1.63_F-0027.fits (36KB) object=DarkTower - BB exptime=180s filter=B
2026-05-28T02:25:04.5491|INFO|TsPreviewClient.cs|LookupCoordinatesByName|179|[Subframes] TsPreviewClient.LookupCoordinatesByName: TS database not found at C:\Users\nicka\AppData\Local\NINA\SchedulerPlugin
2026-05-28T02:25:08.8433|INFO|SequenceItem.cs|Run|254|Finishing Category: Scheduler, Item: SwitchFilter, Filter: G
2026-05-28T02:25:08.8437|INFO|MeridianFlipTrigger.cs|ShouldTrigger|265|Meridian Flip - There is still time remaining - max remaining time 11:33:45.2744975, next instruction time 0, next instruction NINA.Plugin.TargetScheduler.Sequencer.PlanSchedulerProgress - and the telescope reports expected pier side pierEast. Automated Flip is not necessary.
2026-05-28T02:25:08.8439|INFO|SequenceItem.cs|Run|208|Starting NINA.Plugin.TargetScheduler.Sequencer.PlanSchedulerProgress
2026-05-28T02:25:08.8439|INFO|SequenceItem.cs|Run|254|Finishing NINA.Plugin.TargetScheduler.Sequencer.PlanSchedulerProgress
2026-05-28T02:25:08.8441|INFO|MeridianFlipTrigger.cs|ShouldTrigger|265|Meridian Flip - There is still time remaining - max remaining time 11:33:45.2744975, next instruction time 0, next instruction Category: Scheduler, Item: SetReadoutMode, Mode: 0 - and the telescope reports expected pier side pierEast. Automated Flip is not necessary.
2026-05-28T02:25:08.8442|INFO|SequenceItem.cs|Run|208|Starting Category: Scheduler, Item: SetReadoutMode, Mode: 0
2026-05-28T02:25:08.8443|INFO|SequenceItem.cs|Run|254|Finishing Category: Scheduler, Item: SetReadoutMode, Mode: 0
2026-05-28T02:25:08.8444|INFO|MeridianFlipTrigger.cs|ShouldTrigger|265|Meridian Flip - There is still time remaining - max remaining time 11:33:45.2744975, next instruction time 0, next instruction NINA.Plugin.TargetScheduler.Sequencer.PlanSchedulerProgress - and the telescope reports expected pier side pierEast. Automated Flip is not necessary.
2026-05-28T02:25:08.8444|INFO|SequenceItem.cs|Run|208|Starting NINA.Plugin.TargetScheduler.Sequencer.PlanSchedulerProgress
2026-05-28T02:25:08.8455|INFO|SequenceItem.cs|Run|254|Finishing NINA.Plugin.TargetScheduler.Sequencer.PlanSchedulerProgress
2026-05-28T02:25:08.8461|INFO|MeridianFlipTrigger.cs|ShouldTrigger|265|Meridian Flip - There is still time remaining - max remaining time 11:33:45.2744975, next instruction time 180, next instruction Category: Scheduler, Item: TakeExposure, ExposureTime 180, Gain 100, Offset 50, ImageType LIGHT, Binning 1x1 - and the telescope reports expected pier side pierEast. Automated Flip is not necessary.
2026-05-28T02:25:08.8462|INFO|DIYTrigger.cs|ShouldTrigger|109|DIY Trigger Restore Guiding ShouldTrigger returning true
2026-05-28T02:25:08.8462|INFO|SequenceTrigger.cs|Run|114|Starting Category: Powerups (Misc), Item: DIYTrigger
2026-05-28T02:25:08.8495|INFO|DIYTrigger.cs|Execute|95|DIY Trigger executing...
2026-05-28T02:25:08.8496|INFO|SequenceItem.cs|Run|208|Starting Category: * Instruction Set *, Container: NINA.Sequencer.Container.SequentialContainer, Strategy: SequentialStrategy, Items[CREATED]: 1, Triggers: Trigger: RestoreGuiding
2026-05-28T02:25:08.8500|INFO|MeridianFlipTrigger.cs|ShouldTrigger|265|Meridian Flip - There is still time remaining - max remaining time 11:33:45.2744975, next instruction time 0, next instruction Category: Powerups (Expressions), Item: IfFailed - and the telescope reports expected pier side pierEast. Automated Flip is not necessary.
2026-05-28T02:25:08.8500|INFO|SequenceItem.cs|Run|208|Starting Category: Powerups (Expressions), Item: IfFailed
2026-05-28T02:25:08.8501|INFO|SequenceItem.cs|Run|208|Starting Category: Guider, Item: StartGuiding
2026-05-28T02:25:08.8529|INFO|PHD2Guider.cs|StartGuidingPrivate|504|Phd2 - App is already guiding. Skipping start guiding
2026-05-28T02:25:08.8532|INFO|SequenceItem.cs|Run|254|Finishing Category: Guider, Item: StartGuiding
2026-05-28T02:25:08.8532|INFO|SequenceItem.cs|Run|254|Finishing Category: Powerups (Expressions), Item: IfFailed
2026-05-28T02:25:08.8534|INFO|SequenceItem.cs|Run|254|Finishing Category: * Instruction Set *, Container: NINA.Sequencer.Container.SequentialContainer, Strategy: SequentialStrategy, Items[FINISHED]: 1, Triggers: Trigger: RestoreGuiding
2026-05-28T02:25:08.8555|INFO|SequenceItem.cs|Run|208|Starting Category: Scheduler, Item: TakeExposure, ExposureTime 180, Gain 100, Offset 50, ImageType LIGHT, Binning 1x1
2026-05-28T02:25:08.8603|INFO|CameraVM.cs|Capture|742|Starting Exposure - Exposure Time: 180s; Filter: ; Gain: 100; Offset 50; Binning: 1x1;
2026-05-28T02:25:10.4932|INFO|SyncEngine.cs|SyncPendingFramesAsync|142|[Subframes] SyncEngine: synced 1 frames for session 488ed467-5289-4740-b683-e0aa7c3efabe (accepted=1)
2026-05-28T02:26:13.5382|INFO|TsProgressReader.cs|ReadProgressDelta|75|[Subframes] TS progress delta: DB not found at C:\Users\nicka\AppData\Local\NINA\SchedulerPlugin — Target Scheduler not installed or DB path mismatch.
2026-05-28T02:28:10.8000|INFO|SequenceItem.cs|Run|254|Finishing Category: Scheduler, Item: TakeExposure, ExposureTime 180, Gain 100, Offset 50, ImageType LIGHT, Binning 1x1
2026-05-28T02:28:10.8004|INFO|MeridianFlipTrigger.cs|ShouldTrigger|265|Meridian Flip - There is still time remaining - max remaining time 11:30:43.9184416, next instruction time 0, next instruction NINA.Plugin.TargetScheduler.Sequencer.PlanSchedulerProgress - and the telescope reports expected pier side pierEast. Automated Flip is not necessary.
2026-05-28T02:28:10.8005|INFO|SequenceItem.cs|Run|208|Starting NINA.Plugin.TargetScheduler.Sequencer.PlanSchedulerProgress
2026-05-28T02:28:10.8006|INFO|SequenceItem.cs|Run|254|Finishing NINA.Plugin.TargetScheduler.Sequencer.PlanSchedulerProgress
2026-05-28T02:28:13.4647|INFO|HocusFocusStarDetection.cs|Detect|413|Average HFR: 1.750379895614135, HFR MAD: 0.17034013465329667, Detected Stars 968, Region: 0
2026-05-28T02:28:14.1946|INFO|BaseImageData.cs|SaveToDisk|346|Saved image to C:\ASTROIMAGES\NINA\2026-05-27\DarkTower - BB\LIGHT\G\2026-05-28_02-25-08_DarkTower - BB_LIGHT_G_-5.00C_G100-Exp-180.00s_MAXRMS-D2.09-R3.17_M-43.51_RMS-0.85_HFR-1.75_F-0028.fits
2026-05-28T02:28:14.1947|INFO|ImageSaveController.cs|DoWork|97|Successfully saved file at C:\ASTROIMAGES\NINA\2026-05-27\DarkTower - BB\LIGHT\G\2026-05-28_02-25-08_DarkTower - BB_LIGHT_G_-5.00C_G100-Exp-180.00s_MAXRMS-D2.09-R3.17_M-43.51_RMS-0.85_HFR-1.75_F-0028.fits. Duration Total: 00:00:03.3943989; BeforeSave: 00:00:00.0000596; BeforeFinalizeImageSaved: 00:00:03.0625992; FinalizeSaveTime: 00:00:00.3317395
2026-05-28T02:28:14.7037|INFO|SessionMetaDataWatcher.cs|WriteAcquisitionMetaData|63|Writing CSV acquisition summary: C:\ASTROIMAGES\NINA\2026-05-27\DarkTower - BB\LIGHT\G\metadata\AcquisitionDetails.csv
2026-05-28T02:28:14.7462|INFO|SessionMetaDataWatcher.cs|WriteAcquisitionMetaData|82|Writing JSON acquisition summary: C:\ASTROIMAGES\NINA\2026-05-27\DarkTower - BB\LIGHT\G\metadata\AcquisitionDetails.json
2026-05-28T02:28:14.7479|INFO|SessionMetaDataWatcher.cs|WriteImageMetaData|105|Writing CSV image metadata: C:\ASTROIMAGES\NINA\2026-05-27\DarkTower - BB\LIGHT\G\metadata\ImageMetaData.csv
2026-05-28T02:28:14.7774|INFO|SessionMetaDataWatcher.cs|WriteImageMetaData|122|Writing JSON image metadata: C:\ASTROIMAGES\NINA\2026-05-27\DarkTower - BB\LIGHT\G\metadata\ImageMetaData.json
2026-05-28T02:28:14.7796|INFO|SessionMetaDataWatcher.cs|WriteWeatherMetaData|169|Writing CSV weather metadata: C:\ASTROIMAGES\NINA\2026-05-27\DarkTower - BB\LIGHT\G\metadata\WeatherData.csv
2026-05-28T02:28:14.8003|INFO|SessionMetaDataWatcher.cs|WriteWeatherMetaData|186|Writing JSON weather metadata: C:\ASTROIMAGES\NINA\2026-05-27\DarkTower - BB\LIGHT\G\metadata\WeatherData.json
2026-05-28T02:28:14.8013|INFO|SessionService.cs|OnTargetDetectedAsync|663|[Subframes] Target detected: 'DarkTower - BB' (was 'DarkTower - BB')
2026-05-28T02:28:14.8593|INFO|SubframesClient.cs|StartTargetAsync|316|[Subframes] Target started:  name='DarkTower - BB'
2026-05-28T02:28:14.8594|WARNING|SessionService.cs|StartTargetAsync|559|[Subframes] StartTarget failed — cached locally as 634613d8-65fe-4a2f-ba17-df30c7d9e255 for replay.
2026-05-28T02:28:15.5087|INFO|MeridianFlipTrigger.cs|ShouldTrigger|265|Meridian Flip - There is still time remaining - max remaining time 11:30:39.9075872, next instruction time 0, next instruction Category: Powerups (Fun-ctions), Item: GSSend - and the telescope reports expected pier side pierEast. Automated Flip is not necessary.
2026-05-28T02:28:15.5088|INFO|SequenceItem.cs|Run|208|Starting Category: Powerups (Fun-ctions), Item: GSSend
2026-05-28T02:28:15.5091|INFO|SendWithGS.cs|ProcessedScript|64|Replacing Image_ExposureTime with 180
2026-05-28T02:28:15.5092|INFO|SendWithGS.cs|ProcessedScript|64|Replacing Image_HFR with 1.75
2026-05-28T02:28:15.5093|INFO|SendWithGS.cs|ProcessedScript|64|Replacing Image_FWHM with 8.12
2026-05-28T02:28:15.5094|INFO|SendWithGS.cs|ProcessedScript|64|Replacing Altitude with 16.97672589836405
2026-05-28T02:28:15.5094|INFO|SendWithGS.cs|Execute|95|Sending to Ground Station: Exp: $$FWHEEL_FILTER_NAME$$ on $$TARGET_NAME$$ EXP: 180 HFR: 1.75 FWHM: 8.12  Altitude: 16.97672589836405 
2026-05-28T02:28:15.5106|INFO|SequenceItem.cs|Run|208|Starting Category: Ground Station, Item: Send to Telegram
2026-05-28T02:28:16.1844|INFO|SequenceItem.cs|Run|254|Finishing Category: Ground Station, Item: Send to Telegram
2026-05-28T02:28:16.1858|INFO|SequenceItem.cs|Run|254|Finishing Category: Powerups (Fun-ctions), Item: GSSend
2026-05-28T02:28:16.1862|INFO|MeridianFlipTrigger.cs|ShouldTrigger|265|Meridian Flip - There is still time remaining - max remaining time 11:30:39.9075872, next instruction time 0, next instruction Category: Powerups (Fun-ctions), Item: GSSend - and the telescope reports expected pier side pierEast. Automated Flip is not necessary.
2026-05-28T02:28:16.1862|INFO|SequenceItem.cs|Run|208|Starting Category: Powerups (Fun-ctions), Item: GSSend
2026-05-28T02:28:16.1865|INFO|SendWithGS.cs|ProcessedScript|64|Replacing Image_ExposureTime with 180
2026-05-28T02:28:16.1867|INFO|SendWithGS.cs|ProcessedScript|64|Replacing Image_HFR with 1.75
2026-05-28T02:28:16.1868|INFO|SendWithGS.cs|ProcessedScript|64|Replacing Image_FWHM with 8.12
2026-05-28T02:28:16.1869|INFO|SendWithGS.cs|ProcessedScript|64|Replacing Altitude with 16.97672589836405
2026-05-28T02:28:16.1869|INFO|SendWithGS.cs|Execute|95|Sending to Ground Station: Exp: $$FWHEEL_FILTER_NAME$$ on $$TARGET_NAME$$ EXP: 180 HFR: 1.75 FWHM: 8.12  Altitude: 16.97672589836405 
2026-05-28T02:28:16.1882|INFO|SequenceItem.cs|Run|208|Starting Category: Ground Station, Item: Send to Pushover, Title: IMAGE: $$TARGET_NAME$$
2026-05-28T02:28:16.3420|INFO|SequenceItem.cs|Run|254|Finishing Category: Ground Station, Item: Send to Pushover, Title: IMAGE: $$TARGET_NAME$$
2026-05-28T02:28:16.3432|INFO|SequenceItem.cs|Run|254|Finishing Category: Powerups (Fun-ctions), Item: GSSend
2026-05-28T02:28:16.5132|INFO|Symbol.cs|OnMessageReceived|627|Received message from Target Scheduler re: TargetScheduler-TargetStart
2026-05-28T02:28:16.5133|INFO|Symbol.cs|OnMessageReceived|635|TS_TargetName = DarkTower - BB
2026-05-28T02:28:16.5133|INFO|Symbol.cs|OnMessageReceived|636|Expires at 05/28/2026 03:19:25 -05:00
2026-05-28T02:28:16.5133|INFO|Symbol.cs|OnMessageReceived|627|Received message from Target Scheduler re: TargetScheduler-TargetStart
2026-05-28T02:28:16.5133|INFO|Symbol.cs|OnMessageReceived|635|TS_TargetName = DarkTower - BB
2026-05-28T02:28:16.5134|INFO|Symbol.cs|OnMessageReceived|636|Expires at 05/28/2026 03:19:25 -05:00
2026-05-28T02:28:16.5137|INFO|MeridianFlipTrigger.cs|ShouldTrigger|265|Meridian Flip - There is still time remaining - max remaining time 11:30:37.8440986, next instruction time 0, next instruction NINA.Plugin.TargetScheduler.Sequencer.PlanSchedulerProgress - and the telescope reports expected pier side pierEast. Automated Flip is not necessary.
2026-05-28T02:28:16.5138|INFO|SequenceItem.cs|Run|208|Starting NINA.Plugin.TargetScheduler.Sequencer.PlanSchedulerProgress
2026-05-28T02:28:16.5156|INFO|SequenceItem.cs|Run|254|Finishing NINA.Plugin.TargetScheduler.Sequencer.PlanSchedulerProgress
2026-05-28T02:28:16.5162|INFO|MeridianFlipTrigger.cs|ShouldTrigger|265|Meridian Flip - There is still time remaining - max remaining time 11:30:37.8440986, next instruction time 0, next instruction Category: Scheduler, Item: SwitchFilter, Filter: L - and the telescope reports expected pier side pierEast. Automated Flip is not necessary.
2026-05-28T02:28:16.5184|INFO|SequenceItem.cs|Run|208|Starting Category: Scheduler, Item: SwitchFilter, Filter: L
2026-05-28T02:28:16.5242|INFO|FilterWheelVM.cs|ChangeFilter|112|Moving to Filter L at Position 0
2026-05-28T02:28:16.7551|INFO|FocuserVM.cs|MoveFocuserInternal|216|Moving Focuser to position 387299
2026-05-28T02:28:16.9496|INFO|StarfrontClient.cs|SendImageFile|249|[Rockwood] sent 2026-05-28_02-25-08_DarkTower - BB_LIGHT_G_-5.00C_G100-Exp-180.00s_MAXRMS-D2.09-R3.17_M-43.51_RMS-0.85_HFR-1.75_F-0028.fits (38KB) object=DarkTower - BB exptime=180s filter=G
2026-05-28T02:28:19.3960|INFO|TsPreviewClient.cs|LookupCoordinatesByName|179|[Subframes] TsPreviewClient.LookupCoordinatesByName: TS database not found at C:\Users\nicka\AppData\Local\NINA\SchedulerPlugin
2026-05-28T02:28:20.8407|INFO|SequenceItem.cs|Run|254|Finishing Category: Scheduler, Item: SwitchFilter, Filter: L
2026-05-28T02:28:20.8414|INFO|MeridianFlipTrigger.cs|ShouldTrigger|265|Meridian Flip - There is still time remaining - max remaining time 11:30:33.7520439, next instruction time 0, next instruction NINA.Plugin.TargetScheduler.Sequencer.PlanSchedulerProgress - and the telescope reports expected pier side pierEast. Automated Flip is not necessary.
2026-05-28T02:28:20.8417|INFO|SequenceItem.cs|Run|208|Starting NINA.Plugin.TargetScheduler.Sequencer.PlanSchedulerProgress
2026-05-28T02:28:20.8418|INFO|SequenceItem.cs|Run|254|Finishing NINA.Plugin.TargetScheduler.Sequencer.PlanSchedulerProgress
2026-05-28T02:28:20.8693|INFO|MeridianFlipTrigger.cs|ShouldTrigger|265|Meridian Flip - There is still time remaining - max remaining time 11:30:33.7520439, next instruction time 0, next instruction Category: Scheduler, Item: SetReadoutMode, Mode: 0 - and the telescope reports expected pier side pierEast. Automated Flip is not necessary.
2026-05-28T02:28:20.8695|INFO|SequenceItem.cs|Run|208|Starting Category: Scheduler, Item: SetReadoutMode, Mode: 0
2026-05-28T02:28:20.8697|INFO|SequenceItem.cs|Run|254|Finishing Category: Scheduler, Item: SetReadoutMode, Mode: 0
2026-05-28T02:28:20.8703|INFO|MeridianFlipTrigger.cs|ShouldTrigger|265|Meridian Flip - There is still time remaining - max remaining time 11:30:33.7520439, next instruction time 0, next instruction NINA.Plugin.TargetScheduler.Sequencer.PlanSchedulerProgress - and the telescope reports expected pier side pierEast. Automated Flip is not necessary.
2026-05-28T02:28:20.8706|INFO|SequenceItem.cs|Run|208|Starting NINA.Plugin.TargetScheduler.Sequencer.PlanSchedulerProgress
2026-05-28T02:28:20.8720|INFO|SequenceItem.cs|Run|254|Finishing NINA.Plugin.TargetScheduler.Sequencer.PlanSchedulerProgress
2026-05-28T02:28:20.8727|INFO|MeridianFlipTrigger.cs|ShouldTrigger|265|Meridian Flip - There is still time remaining - max remaining time 11:30:33.7520439, next instruction time 180, next instruction Category: Scheduler, Item: TakeExposure, ExposureTime 180, Gain 100, Offset 50, ImageType LIGHT, Binning 1x1 - and the telescope reports expected pier side pierEast. Automated Flip is not necessary.
2026-05-28T02:28:20.8728|INFO|DIYTrigger.cs|ShouldTrigger|109|DIY Trigger Restore Guiding ShouldTrigger returning true
2026-05-28T02:28:20.8730|INFO|SequenceTrigger.cs|Run|114|Starting Category: Powerups (Misc), Item: DIYTrigger
2026-05-28T02:28:20.8778|INFO|DIYTrigger.cs|Execute|95|DIY Trigger executing...
2026-05-28T02:28:20.8781|INFO|SequenceItem.cs|Run|208|Starting Category: * Instruction Set *, Container: NINA.Sequencer.Container.SequentialContainer, Strategy: SequentialStrategy, Items[CREATED]: 1, Triggers: Trigger: RestoreGuiding
2026-05-28T02:28:20.8790|INFO|MeridianFlipTrigger.cs|ShouldTrigger|265|Meridian Flip - There is still time remaining - max remaining time 11:30:33.7520439, next instruction time 0, next instruction Category: Powerups (Expressions), Item: IfFailed - and the telescope reports expected pier side pierEast. Automated Flip is not necessary.
2026-05-28T02:28:20.8792|INFO|SequenceItem.cs|Run|208|Starting Category: Powerups (Expressions), Item: IfFailed
2026-05-28T02:28:20.8792|INFO|SequenceItem.cs|Run|208|Starting Category: Guider, Item: StartGuiding
2026-05-28T02:28:20.8829|INFO|PHD2Guider.cs|StartGuidingPrivate|504|Phd2 - App is already guiding. Skipping start guiding
2026-05-28T02:28:20.8831|INFO|SequenceItem.cs|Run|254|Finishing Category: Guider, Item: StartGuiding
2026-05-28T02:28:20.8832|INFO|SequenceItem.cs|Run|254|Finishing Category: Powerups (Expressions), Item: IfFailed
2026-05-28T02:28:20.8834|INFO|SequenceItem.cs|Run|254|Finishing Category: * Instruction Set *, Container: NINA.Sequencer.Container.SequentialContainer, Strategy: SequentialStrategy, Items[FINISHED]: 1, Triggers: Trigger: RestoreGuiding
2026-05-28T02:28:20.8859|INFO|SequenceItem.cs|Run|208|Starting Category: Scheduler, Item: TakeExposure, ExposureTime 180, Gain 100, Offset 50, ImageType LIGHT, Binning 1x1
2026-05-28T02:28:20.8911|INFO|CameraVM.cs|Capture|742|Starting Exposure - Exposure Time: 180s; Filter: ; Gain: 100; Offset 50; Binning: 1x1;
2026-05-28T02:28:40.4809|INFO|SyncEngine.cs|SyncPendingFramesAsync|142|[Subframes] SyncEngine: synced 1 frames for session 488ed467-5289-4740-b683-e0aa7c3efabe (accepted=1)
2026-05-28T02:31:13.5257|INFO|TsProgressReader.cs|ReadProgressDelta|75|[Subframes] TS progress delta: DB not found at C:\Users\nicka\AppData\Local\NINA\SchedulerPlugin — Target Scheduler not installed or DB path mismatch.
2026-05-28T02:31:22.8124|INFO|SequenceItem.cs|Run|254|Finishing Category: Scheduler, Item: TakeExposure, ExposureTime 180, Gain 100, Offset 50, ImageType LIGHT, Binning 1x1
2026-05-28T02:31:22.8128|INFO|MeridianFlipTrigger.cs|ShouldTrigger|265|Meridian Flip - There is still time remaining - max remaining time 11:27:30.4026107, next instruction time 0, next instruction NINA.Plugin.TargetScheduler.Sequencer.PlanSchedulerProgress - and the telescope reports expected pier side pierEast. Automated Flip is not necessary.
2026-05-28T02:31:22.8129|INFO|SequenceItem.cs|Run|208|Starting NINA.Plugin.TargetScheduler.Sequencer.PlanSchedulerProgress
2026-05-28T02:31:22.8130|INFO|SequenceItem.cs|Run|254|Finishing NINA.Plugin.TargetScheduler.Sequencer.PlanSchedulerProgress
2026-05-28T02:31:25.4531|INFO|HocusFocusStarDetection.cs|Detect|413|Average HFR: 1.775310543292325, HFR MAD: 0.18001864369319853, Detected Stars 966, Region: 0
2026-05-28T02:31:26.1702|INFO|BaseImageData.cs|SaveToDisk|346|Saved image to C:\ASTROIMAGES\NINA\2026-05-27\DarkTower - BB\LIGHT\L\2026-05-28_02-28-20_DarkTower - BB_LIGHT_L_-5.00C_G100-Exp-180.00s_MAXRMS-D1.38-R0.87_M-43.49_RMS-0.62_HFR-1.78_F-0029.fits
2026-05-28T02:31:26.1704|INFO|ImageSaveController.cs|DoWork|97|Successfully saved file at C:\ASTROIMAGES\NINA\2026-05-27\DarkTower - BB\LIGHT\L\2026-05-28_02-28-20_DarkTower - BB_LIGHT_L_-5.00C_G100-Exp-180.00s_MAXRMS-D1.38-R0.87_M-43.49_RMS-0.62_HFR-1.78_F-0029.fits. Duration Total: 00:00:03.3578915; BeforeSave: 00:00:00.0001663; BeforeFinalizeImageSaved: 00:00:03.0573326; FinalizeSaveTime: 00:00:00.3003919
2026-05-28T02:31:26.6830|WARNING|SessionMetaDataWatcher.cs|WriteAcquisitionMetaData|73|acquisition file already exists, will not overwrite: C:\ASTROIMAGES\NINA\2026-05-27\DarkTower - BB\LIGHT\L\metadata\AcquisitionDetails.csv
2026-05-28T02:31:26.6832|WARNING|SessionMetaDataWatcher.cs|WriteAcquisitionMetaData|93|acquisition file already exists, will not overwrite: C:\ASTROIMAGES\NINA\2026-05-27\DarkTower - BB\LIGHT\L\metadata\AcquisitionDetails.json
2026-05-28T02:31:26.6835|INFO|SessionMetaDataWatcher.cs|WriteImageMetaData|105|Writing CSV image metadata: C:\ASTROIMAGES\NINA\2026-05-27\DarkTower - BB\LIGHT\L\metadata\ImageMetaData.csv
2026-05-28T02:31:26.7160|INFO|SessionMetaDataWatcher.cs|WriteImageMetaData|122|Writing JSON image metadata: C:\ASTROIMAGES\NINA\2026-05-27\DarkTower - BB\LIGHT\L\metadata\ImageMetaData.json
2026-05-28T02:31:26.7176|INFO|SessionMetaDataWatcher.cs|WriteWeatherMetaData|169|Writing CSV weather metadata: C:\ASTROIMAGES\NINA\2026-05-27\DarkTower - BB\LIGHT\L\metadata\WeatherData.csv
2026-05-28T02:31:26.7351|INFO|SessionMetaDataWatcher.cs|WriteWeatherMetaData|186|Writing JSON weather metadata: C:\ASTROIMAGES\NINA\2026-05-27\DarkTower - BB\LIGHT\L\metadata\WeatherData.json
2026-05-28T02:31:26.7364|INFO|SessionService.cs|OnTargetDetectedAsync|663|[Subframes] Target detected: 'DarkTower - BB' (was 'DarkTower - BB')
2026-05-28T02:31:26.7697|INFO|SubframesClient.cs|StartTargetAsync|316|[Subframes] Target started:  name='DarkTower - BB'
2026-05-28T02:31:26.7698|WARNING|SessionService.cs|StartTargetAsync|559|[Subframes] StartTarget failed — cached locally as fb147396-fd57-4710-b1d8-f092e3a1180c for replay.
2026-05-28T02:31:27.1010|INFO|MeridianFlipTrigger.cs|ShouldTrigger|265|Meridian Flip - There is still time remaining - max remaining time 11:27:26.4360205, next instruction time 0, next instruction Category: Powerups (Fun-ctions), Item: GSSend - and the telescope reports expected pier side pierEast. Automated Flip is not necessary.
2026-05-28T02:31:27.1011|INFO|SequenceItem.cs|Run|208|Starting Category: Powerups (Fun-ctions), Item: GSSend
2026-05-28T02:31:27.1014|INFO|SendWithGS.cs|ProcessedScript|64|Replacing Image_ExposureTime with 180
2026-05-28T02:31:27.1015|INFO|SendWithGS.cs|ProcessedScript|64|Replacing Image_HFR with 1.775
2026-05-28T02:31:27.1016|INFO|SendWithGS.cs|ProcessedScript|64|Replacing Image_FWHM with 7.87
2026-05-28T02:31:27.1018|INFO|SendWithGS.cs|ProcessedScript|64|Replacing Altitude with 16.912405764148488
2026-05-28T02:31:27.1018|INFO|SendWithGS.cs|Execute|95|Sending to Ground Station: Exp: $$FWHEEL_FILTER_NAME$$ on $$TARGET_NAME$$ EXP: 180 HFR: 1.775 FWHM: 7.87  Altitude: 16.912405764148488 
2026-05-28T02:31:27.1030|INFO|SequenceItem.cs|Run|208|Starting Category: Ground Station, Item: Send to Telegram
2026-05-28T02:31:27.7550|INFO|SequenceItem.cs|Run|254|Finishing Category: Ground Station, Item: Send to Telegram
2026-05-28T02:31:27.7563|INFO|SequenceItem.cs|Run|254|Finishing Category: Powerups (Fun-ctions), Item: GSSend
2026-05-28T02:31:27.7567|INFO|MeridianFlipTrigger.cs|ShouldTrigger|265|Meridian Flip - There is still time remaining - max remaining time 11:27:26.4360205, next instruction time 0, next instruction Category: Powerups (Fun-ctions), Item: GSSend - and the telescope reports expected pier side pierEast. Automated Flip is not necessary.
2026-05-28T02:31:27.7568|INFO|SequenceItem.cs|Run|208|Starting Category: Powerups (Fun-ctions), Item: GSSend
2026-05-28T02:31:27.7571|INFO|SendWithGS.cs|ProcessedScript|64|Replacing Image_ExposureTime with 180
2026-05-28T02:31:27.7572|INFO|SendWithGS.cs|ProcessedScript|64|Replacing Image_HFR with 1.775
2026-05-28T02:31:27.7573|INFO|SendWithGS.cs|ProcessedScript|64|Replacing Image_FWHM with 7.87
2026-05-28T02:31:27.7574|INFO|SendWithGS.cs|ProcessedScript|64|Replacing Altitude with 16.912405764148488
2026-05-28T02:31:27.7574|INFO|SendWithGS.cs|Execute|95|Sending to Ground Station: Exp: $$FWHEEL_FILTER_NAME$$ on $$TARGET_NAME$$ EXP: 180 HFR: 1.775 FWHM: 7.87  Altitude: 16.912405764148488 
2026-05-28T02:31:27.7587|INFO|SequenceItem.cs|Run|208|Starting Category: Ground Station, Item: Send to Pushover, Title: IMAGE: $$TARGET_NAME$$
2026-05-28T02:31:27.9218|INFO|SequenceItem.cs|Run|254|Finishing Category: Ground Station, Item: Send to Pushover, Title: IMAGE: $$TARGET_NAME$$
2026-05-28T02:31:27.9231|INFO|SequenceItem.cs|Run|254|Finishing Category: Powerups (Fun-ctions), Item: GSSend
2026-05-28T02:31:28.1585|INFO|Symbol.cs|OnMessageReceived|627|Received message from Target Scheduler re: TargetScheduler-TargetStart
2026-05-28T02:31:28.1585|INFO|Symbol.cs|OnMessageReceived|635|TS_TargetName = DarkTower - BB
2026-05-28T02:31:28.1586|INFO|Symbol.cs|OnMessageReceived|636|Expires at 05/28/2026 03:19:25 -05:00
2026-05-28T02:31:28.1586|INFO|Symbol.cs|OnMessageReceived|627|Received message from Target Scheduler re: TargetScheduler-TargetStart
2026-05-28T02:31:28.1586|INFO|Symbol.cs|OnMessageReceived|635|TS_TargetName = DarkTower - BB
2026-05-28T02:31:28.1586|INFO|Symbol.cs|OnMessageReceived|636|Expires at 05/28/2026 03:19:25 -05:00
2026-05-28T02:31:28.1590|INFO|MeridianFlipTrigger.cs|ShouldTrigger|265|Meridian Flip - There is still time remaining - max remaining time 11:27:26.4360205, next instruction time 0, next instruction NINA.Plugin.TargetScheduler.Sequencer.PlanSchedulerProgress - and the telescope reports expected pier side pierEast. Automated Flip is not necessary.
2026-05-28T02:31:28.1591|INFO|SequenceItem.cs|Run|208|Starting NINA.Plugin.TargetScheduler.Sequencer.PlanSchedulerProgress
2026-05-28T02:31:28.1595|INFO|SequenceItem.cs|Run|254|Finishing NINA.Plugin.TargetScheduler.Sequencer.PlanSchedulerProgress
2026-05-28T02:31:28.1597|INFO|MeridianFlipTrigger.cs|ShouldTrigger|265|Meridian Flip - There is still time remaining - max remaining time 11:27:26.4360205, next instruction time 0, next instruction Category: Scheduler, Item: SwitchFilter, Filter: H - and the telescope reports expected pier side pierEast. Automated Flip is not necessary.
2026-05-28T02:31:28.1597|INFO|SequenceItem.cs|Run|208|Starting Category: Scheduler, Item: SwitchFilter, Filter: H
2026-05-28T02:31:28.1605|INFO|FilterWheelVM.cs|ChangeFilter|112|Moving to Filter H at Position 5
2026-05-28T02:31:28.3730|INFO|FocuserVM.cs|MoveFocuserInternal|216|Moving Focuser to position 387321
2026-05-28T02:31:28.9827|INFO|StarfrontClient.cs|SendImageFile|249|[Rockwood] sent 2026-05-28_02-28-20_DarkTower - BB_LIGHT_L_-5.00C_G100-Exp-180.00s_MAXRMS-D1.38-R0.87_M-43.49_RMS-0.62_HFR-1.78_F-0029.fits (39KB) object=DarkTower - BB exptime=180s filter=L
2026-05-28T02:31:31.2225|INFO|TsPreviewClient.cs|LookupCoordinatesByName|179|[Subframes] TsPreviewClient.LookupCoordinatesByName: TS database not found at C:\Users\nicka\AppData\Local\NINA\SchedulerPlugin
2026-05-28T02:31:32.8322|INFO|SequenceItem.cs|Run|254|Finishing Category: Scheduler, Item: SwitchFilter, Filter: H
2026-05-28T02:31:32.8329|INFO|MeridianFlipTrigger.cs|ShouldTrigger|265|Meridian Flip - There is still time remaining - max remaining time 11:27:20.5813778, next instruction time 0, next instruction NINA.Plugin.TargetScheduler.Sequencer.PlanSchedulerProgress - and the telescope reports expected pier side pierEast. Automated Flip is not necessary.
2026-05-28T02:31:32.8332|INFO|SequenceItem.cs|Run|208|Starting NINA.Plugin.TargetScheduler.Sequencer.PlanSchedulerProgress
2026-05-28T02:31:32.8333|INFO|SequenceItem.cs|Run|254|Finishing NINA.Plugin.TargetScheduler.Sequencer.PlanSchedulerProgress
2026-05-28T02:31:32.8337|INFO|MeridianFlipTrigger.cs|ShouldTrigger|265|Meridian Flip - There is still time remaining - max remaining time 11:27:20.5813778, next instruction time 0, next instruction Category: Scheduler, Item: SetReadoutMode, Mode: 0 - and the telescope reports expected pier side pierEast. Automated Flip is not necessary.
2026-05-28T02:31:32.8338|INFO|SequenceItem.cs|Run|208|Starting Category: Scheduler, Item: SetReadoutMode, Mode: 0
2026-05-28T02:31:32.8340|INFO|SequenceItem.cs|Run|254|Finishing Category: Scheduler, Item: SetReadoutMode, Mode: 0
2026-05-28T02:31:32.8345|INFO|MeridianFlipTrigger.cs|ShouldTrigger|265|Meridian Flip - There is still time remaining - max remaining time 11:27:20.5813778, next instruction time 0, next instruction NINA.Plugin.TargetScheduler.Sequencer.PlanSchedulerProgress - and the telescope reports expected pier side pierEast. Automated Flip is not necessary.
2026-05-28T02:31:32.8346|INFO|SequenceItem.cs|Run|208|Starting NINA.Plugin.TargetScheduler.Sequencer.PlanSchedulerProgress
2026-05-28T02:31:32.8357|INFO|SequenceItem.cs|Run|254|Finishing NINA.Plugin.TargetScheduler.Sequencer.PlanSchedulerProgress
2026-05-28T02:31:32.8364|INFO|MeridianFlipTrigger.cs|ShouldTrigger|265|Meridian Flip - There is still time remaining - max remaining time 11:27:20.5813778, next instruction time 300, next instruction Category: Scheduler, Item: TakeExposure, ExposureTime 300, Gain 100, Offset 50, ImageType LIGHT, Binning 1x1 - and the telescope reports expected pier side pierEast. Automated Flip is not necessary.
2026-05-28T02:31:32.8365|INFO|DIYTrigger.cs|ShouldTrigger|109|DIY Trigger Restore Guiding ShouldTrigger returning true
2026-05-28T02:31:32.8366|INFO|SequenceTrigger.cs|Run|114|Starting Category: Powerups (Misc), Item: DIYTrigger
2026-05-28T02:31:32.8418|INFO|DIYTrigger.cs|Execute|95|DIY Trigger executing...
2026-05-28T02:31:32.8421|INFO|SequenceItem.cs|Run|208|Starting Category: * Instruction Set *, Container: NINA.Sequencer.Container.SequentialContainer, Strategy: SequentialStrategy, Items[CREATED]: 1, Triggers: Trigger: RestoreGuiding
2026-05-28T02:31:32.8432|INFO|MeridianFlipTrigger.cs|ShouldTrigger|265|Meridian Flip - There is still time remaining - max remaining time 11:27:20.5813778, next instruction time 0, next instruction Category: Powerups (Expressions), Item: IfFailed - and the telescope reports expected pier side pierEast. Automated Flip is not necessary.
2026-05-28T02:31:32.8433|INFO|SequenceItem.cs|Run|208|Starting Category: Powerups (Expressions), Item: IfFailed
2026-05-28T02:31:32.8437|INFO|SequenceItem.cs|Run|208|Starting Category: Guider, Item: StartGuiding
2026-05-28T02:31:32.8515|INFO|PHD2Guider.cs|StartGuidingPrivate|504|Phd2 - App is already guiding. Skipping start guiding
2026-05-28T02:31:32.8519|INFO|SequenceItem.cs|Run|254|Finishing Category: Guider, Item: StartGuiding
2026-05-28T02:31:32.8520|INFO|SequenceItem.cs|Run|254|Finishing Category: Powerups (Expressions), Item: IfFailed
2026-05-28T02:31:32.8523|INFO|SequenceItem.cs|Run|254|Finishing Category: * Instruction Set *, Container: NINA.Sequencer.Container.SequentialContainer, Strategy: SequentialStrategy, Items[FINISHED]: 1, Triggers: Trigger: RestoreGuiding
2026-05-28T02:31:32.8578|INFO|SequenceItem.cs|Run|208|Starting Category: Scheduler, Item: TakeExposure, ExposureTime 300, Gain 100, Offset 50, ImageType LIGHT, Binning 1x1
2026-05-28T02:31:32.8644|INFO|CameraVM.cs|Capture|742|Starting Exposure - Exposure Time: 300s; Filter: ; Gain: 100; Offset 50; Binning: 1x1;
2026-05-28T02:31:40.4794|INFO|SyncEngine.cs|SyncPendingFramesAsync|142|[Subframes] SyncEngine: synced 1 frames for session 488ed467-5289-4740-b683-e0aa7c3efabe (accepted=1)
2026-05-28T02:36:13.5376|INFO|TsProgressReader.cs|ReadProgressDelta|75|[Subframes] TS progress delta: DB not found at C:\Users\nicka\AppData\Local\NINA\SchedulerPlugin — Target Scheduler not installed or DB path mismatch.
2026-05-28T02:36:34.7570|INFO|SequenceItem.cs|Run|254|Finishing Category: Scheduler, Item: TakeExposure, ExposureTime 300, Gain 100, Offset 50, ImageType LIGHT, Binning 1x1
2026-05-28T02:36:34.7574|INFO|MeridianFlipTrigger.cs|ShouldTrigger|265|Meridian Flip - There is still time remaining - max remaining time 11:22:18.4163465, next instruction time 0, next instruction NINA.Plugin.TargetScheduler.Sequencer.PlanSchedulerProgress - and the telescope reports expected pier side pierEast. Automated Flip is not necessary.
2026-05-28T02:36:34.7575|INFO|SequenceItem.cs|Run|208|Starting NINA.Plugin.TargetScheduler.Sequencer.PlanSchedulerProgress
2026-05-28T02:36:34.7576|INFO|SequenceItem.cs|Run|254|Finishing NINA.Plugin.TargetScheduler.Sequencer.PlanSchedulerProgress
2026-05-28T02:36:36.7833|INFO|HocusFocusStarDetection.cs|Detect|413|Average HFR: 1.8038645395998123, HFR MAD: 0.17307445940294292, Detected Stars 718, Region: 0
2026-05-28T02:36:37.4830|INFO|BaseImageData.cs|SaveToDisk|346|Saved image to C:\ASTROIMAGES\NINA\2026-05-27\DarkTower - BB\LIGHT\H\2026-05-28_02-31-32_DarkTower - BB_LIGHT_H_-5.00C_G100-Exp-300.00s_MAXRMS-D1.41-R1.40_M-43.46_RMS-0.62_HFR-1.80_F-0030.fits
2026-05-28T02:36:37.4831|INFO|ImageSaveController.cs|DoWork|97|Successfully saved file at C:\ASTROIMAGES\NINA\2026-05-27\DarkTower - BB\LIGHT\H\2026-05-28_02-31-32_DarkTower - BB_LIGHT_H_-5.00C_G100-Exp-300.00s_MAXRMS-D1.41-R1.40_M-43.46_RMS-0.62_HFR-1.80_F-0030.fits. Duration Total: 00:00:02.7261396; BeforeSave: 00:00:00.0001469; BeforeFinalizeImageSaved: 00:00:02.4308290; FinalizeSaveTime: 00:00:00.2951629
2026-05-28T02:36:38.0012|WARNING|SessionMetaDataWatcher.cs|WriteAcquisitionMetaData|73|acquisition file already exists, will not overwrite: C:\ASTROIMAGES\NINA\2026-05-27\DarkTower - BB\LIGHT\H\metadata\AcquisitionDetails.csv
2026-05-28T02:36:38.0014|WARNING|SessionMetaDataWatcher.cs|WriteAcquisitionMetaData|93|acquisition file already exists, will not overwrite: C:\ASTROIMAGES\NINA\2026-05-27\DarkTower - BB\LIGHT\H\metadata\AcquisitionDetails.json
2026-05-28T02:36:38.0017|INFO|SessionMetaDataWatcher.cs|WriteImageMetaData|105|Writing CSV image metadata: C:\ASTROIMAGES\NINA\2026-05-27\DarkTower - BB\LIGHT\H\metadata\ImageMetaData.csv
2026-05-28T02:36:38.0395|INFO|SessionMetaDataWatcher.cs|WriteImageMetaData|122|Writing JSON image metadata: C:\ASTROIMAGES\NINA\2026-05-27\DarkTower - BB\LIGHT\H\metadata\ImageMetaData.json
2026-05-28T02:36:38.0412|INFO|SessionMetaDataWatcher.cs|WriteWeatherMetaData|169|Writing CSV weather metadata: C:\ASTROIMAGES\NINA\2026-05-27\DarkTower - BB\LIGHT\H\metadata\WeatherData.csv
2026-05-28T02:36:38.0584|INFO|SessionMetaDataWatcher.cs|WriteWeatherMetaData|186|Writing JSON weather metadata: C:\ASTROIMAGES\NINA\2026-05-27\DarkTower - BB\LIGHT\H\metadata\WeatherData.json
2026-05-28T02:36:38.0598|INFO|SessionService.cs|OnTargetDetectedAsync|663|[Subframes] Target detected: 'DarkTower - BB' (was 'DarkTower - BB')
2026-05-28T02:36:38.0930|INFO|SubframesClient.cs|StartTargetAsync|316|[Subframes] Target started:  name='DarkTower - BB'
2026-05-28T02:36:38.0931|WARNING|SessionService.cs|StartTargetAsync|559|[Subframes] StartTarget failed — cached locally as b9c60ad1-3b38-4a25-b633-83c5d0fecfc2 for replay.
2026-05-28T02:36:38.4410|INFO|MeridianFlipTrigger.cs|ShouldTrigger|265|Meridian Flip - There is still time remaining - max remaining time 11:22:14.3712291, next instruction time 0, next instruction Category: Powerups (Fun-ctions), Item: GSSend - and the telescope reports expected pier side pierEast. Automated Flip is not necessary.
2026-05-28T02:36:38.4411|INFO|SequenceItem.cs|Run|208|Starting Category: Powerups (Fun-ctions), Item: GSSend
2026-05-28T02:36:38.4414|INFO|SendWithGS.cs|ProcessedScript|64|Replacing Image_ExposureTime with 300
2026-05-28T02:36:38.4415|INFO|SendWithGS.cs|ProcessedScript|64|Replacing Image_HFR with 1.804
2026-05-28T02:36:38.4416|INFO|SendWithGS.cs|ProcessedScript|64|Replacing Image_FWHM with 7.95
2026-05-28T02:36:38.4418|INFO|SendWithGS.cs|ProcessedScript|64|Replacing Altitude with 16.79219670052583
2026-05-28T02:36:38.4418|INFO|SendWithGS.cs|Execute|95|Sending to Ground Station: Exp: $$FWHEEL_FILTER_NAME$$ on $$TARGET_NAME$$ EXP: 300 HFR: 1.804 FWHM: 7.95  Altitude: 16.79219670052583 
2026-05-28T02:36:38.4433|INFO|SequenceItem.cs|Run|208|Starting Category: Ground Station, Item: Send to Telegram
2026-05-28T02:36:39.1231|INFO|SequenceItem.cs|Run|254|Finishing Category: Ground Station, Item: Send to Telegram
2026-05-28T02:36:39.1246|INFO|SequenceItem.cs|Run|254|Finishing Category: Powerups (Fun-ctions), Item: GSSend
2026-05-28T02:36:39.1250|INFO|MeridianFlipTrigger.cs|ShouldTrigger|265|Meridian Flip - There is still time remaining - max remaining time 11:22:14.3712291, next instruction time 0, next instruction Category: Powerups (Fun-ctions), Item: GSSend - and the telescope reports expected pier side pierEast. Automated Flip is not necessary.
2026-05-28T02:36:39.1251|INFO|SequenceItem.cs|Run|208|Starting Category: Powerups (Fun-ctions), Item: GSSend
2026-05-28T02:36:39.1254|INFO|SendWithGS.cs|ProcessedScript|64|Replacing Image_ExposureTime with 300
2026-05-28T02:36:39.1255|INFO|SendWithGS.cs|ProcessedScript|64|Replacing Image_HFR with 1.804
2026-05-28T02:36:39.1256|INFO|SendWithGS.cs|ProcessedScript|64|Replacing Image_FWHM with 7.95
2026-05-28T02:36:39.1257|INFO|SendWithGS.cs|ProcessedScript|64|Replacing Altitude with 16.791247188109647
2026-05-28T02:36:39.1257|INFO|SendWithGS.cs|Execute|95|Sending to Ground Station: Exp: $$FWHEEL_FILTER_NAME$$ on $$TARGET_NAME$$ EXP: 300 HFR: 1.804 FWHM: 7.95  Altitude: 16.791247188109647 
2026-05-28T02:36:39.1271|INFO|SequenceItem.cs|Run|208|Starting Category: Ground Station, Item: Send to Pushover, Title: IMAGE: $$TARGET_NAME$$
2026-05-28T02:36:39.2899|INFO|SequenceItem.cs|Run|254|Finishing Category: Ground Station, Item: Send to Pushover, Title: IMAGE: $$TARGET_NAME$$
2026-05-28T02:36:39.2914|INFO|SequenceItem.cs|Run|254|Finishing Category: Powerups (Fun-ctions), Item: GSSend
2026-05-28T02:36:39.4824|INFO|Symbol.cs|OnMessageReceived|627|Received message from Target Scheduler re: TargetScheduler-TargetStart
2026-05-28T02:36:39.4825|INFO|Symbol.cs|OnMessageReceived|635|TS_TargetName = DarkTower - BB
2026-05-28T02:36:39.4825|INFO|Symbol.cs|OnMessageReceived|636|Expires at 05/28/2026 03:19:25 -05:00
2026-05-28T02:36:39.4825|INFO|Symbol.cs|OnMessageReceived|627|Received message from Target Scheduler re: TargetScheduler-TargetStart
2026-05-28T02:36:39.4826|INFO|Symbol.cs|OnMessageReceived|635|TS_TargetName = DarkTower - BB
2026-05-28T02:36:39.4826|INFO|Symbol.cs|OnMessageReceived|636|Expires at 05/28/2026 03:19:25 -05:00
2026-05-28T02:36:39.4830|INFO|MeridianFlipTrigger.cs|ShouldTrigger|265|Meridian Flip - There is still time remaining - max remaining time 11:22:14.3712291, next instruction time 0, next instruction NINA.Plugin.TargetScheduler.Sequencer.PlanSchedulerProgress - and the telescope reports expected pier side pierEast. Automated Flip is not necessary.
2026-05-28T02:36:39.4831|INFO|SequenceItem.cs|Run|208|Starting NINA.Plugin.TargetScheduler.Sequencer.PlanSchedulerProgress
2026-05-28T02:36:39.4831|INFO|SequenceItem.cs|Run|254|Finishing NINA.Plugin.TargetScheduler.Sequencer.PlanSchedulerProgress
2026-05-28T02:36:39.4833|INFO|MeridianFlipTrigger.cs|ShouldTrigger|265|Meridian Flip - There is still time remaining - max remaining time 11:22:14.3712291, next instruction time 0, next instruction Category: Scheduler, Item: SwitchFilter, Filter: H - and the telescope reports expected pier side pierEast. Automated Flip is not necessary.
2026-05-28T02:36:39.4834|INFO|SequenceItem.cs|Run|208|Starting Category: Scheduler, Item: SwitchFilter, Filter: H
2026-05-28T02:36:39.4845|INFO|SequenceItem.cs|Run|254|Finishing Category: Scheduler, Item: SwitchFilter, Filter: H
2026-05-28T02:36:39.4848|INFO|MeridianFlipTrigger.cs|ShouldTrigger|265|Meridian Flip - There is still time remaining - max remaining time 11:22:14.3712291, next instruction time 0, next instruction NINA.Plugin.TargetScheduler.Sequencer.PlanSchedulerProgress - and the telescope reports expected pier side pierEast. Automated Flip is not necessary.
2026-05-28T02:36:39.4848|INFO|SequenceItem.cs|Run|208|Starting NINA.Plugin.TargetScheduler.Sequencer.PlanSchedulerProgress
2026-05-28T02:36:39.4849|INFO|SequenceItem.cs|Run|254|Finishing NINA.Plugin.TargetScheduler.Sequencer.PlanSchedulerProgress
2026-05-28T02:36:39.4850|INFO|MeridianFlipTrigger.cs|ShouldTrigger|265|Meridian Flip - There is still time remaining - max remaining time 11:22:14.3712291, next instruction time 0, next instruction Category: Scheduler, Item: SetReadoutMode, Mode: 0 - and the telescope reports expected pier side pierEast. Automated Flip is not necessary.
2026-05-28T02:36:39.4850|INFO|SequenceItem.cs|Run|208|Starting Category: Scheduler, Item: SetReadoutMode, Mode: 0
2026-05-28T02:36:39.4851|INFO|SequenceItem.cs|Run|254|Finishing Category: Scheduler, Item: SetReadoutMode, Mode: 0
2026-05-28T02:36:39.4853|INFO|MeridianFlipTrigger.cs|ShouldTrigger|265|Meridian Flip - There is still time remaining - max remaining time 11:22:14.3712291, next instruction time 0, next instruction NINA.Plugin.TargetScheduler.Sequencer.PlanSchedulerProgress - and the telescope reports expected pier side pierEast. Automated Flip is not necessary.
2026-05-28T02:36:39.4853|INFO|SequenceItem.cs|Run|208|Starting NINA.Plugin.TargetScheduler.Sequencer.PlanSchedulerProgress
2026-05-28T02:36:39.4863|INFO|SequenceItem.cs|Run|254|Finishing NINA.Plugin.TargetScheduler.Sequencer.PlanSchedulerProgress
2026-05-28T02:36:39.5109|INFO|MeridianFlipTrigger.cs|ShouldTrigger|265|Meridian Flip - There is still time remaining - max remaining time 11:22:14.3712291, next instruction time 300, next instruction Category: Scheduler, Item: TakeExposure, ExposureTime 300, Gain 100, Offset 50, ImageType LIGHT, Binning 1x1 - and the telescope reports expected pier side pierEast. Automated Flip is not necessary.
2026-05-28T02:36:39.5109|INFO|DIYTrigger.cs|ShouldTrigger|109|DIY Trigger Restore Guiding ShouldTrigger returning true
2026-05-28T02:36:39.5110|INFO|SequenceTrigger.cs|Run|114|Starting Category: Powerups (Misc), Item: DIYTrigger
2026-05-28T02:36:39.5597|INFO|DIYTrigger.cs|Execute|95|DIY Trigger executing...
2026-05-28T02:36:39.5598|INFO|SequenceItem.cs|Run|208|Starting Category: * Instruction Set *, Container: NINA.Sequencer.Container.SequentialContainer, Strategy: SequentialStrategy, Items[CREATED]: 1, Triggers: Trigger: RestoreGuiding
2026-05-28T02:36:39.5842|INFO|MeridianFlipTrigger.cs|ShouldTrigger|265|Meridian Flip - There is still time remaining - max remaining time 11:22:14.3712291, next instruction time 0, next instruction Category: Powerups (Expressions), Item: IfFailed - and the telescope reports expected pier side pierEast. Automated Flip is not necessary.
2026-05-28T02:36:39.5843|INFO|SequenceItem.cs|Run|208|Starting Category: Powerups (Expressions), Item: IfFailed
2026-05-28T02:36:39.5844|INFO|SequenceItem.cs|Run|208|Starting Category: Guider, Item: StartGuiding
2026-05-28T02:36:39.5877|INFO|PHD2Guider.cs|StartGuidingPrivate|504|Phd2 - App is already guiding. Skipping start guiding
2026-05-28T02:36:39.5878|INFO|SequenceItem.cs|Run|254|Finishing Category: Guider, Item: StartGuiding
2026-05-28T02:36:39.5880|INFO|SequenceItem.cs|Run|254|Finishing Category: Powerups (Expressions), Item: IfFailed
2026-05-28T02:36:39.5881|INFO|SequenceItem.cs|Run|254|Finishing Category: * Instruction Set *, Container: NINA.Sequencer.Container.SequentialContainer, Strategy: SequentialStrategy, Items[FINISHED]: 1, Triggers: Trigger: RestoreGuiding
2026-05-28T02:36:39.5909|INFO|SequenceItem.cs|Run|208|Starting Category: Scheduler, Item: TakeExposure, ExposureTime 300, Gain 100, Offset 50, ImageType LIGHT, Binning 1x1
2026-05-28T02:36:39.5966|INFO|CameraVM.cs|Capture|742|Starting Exposure - Exposure Time: 300s; Filter: ; Gain: 100; Offset 50; Binning: 1x1;
2026-05-28T02:36:40.3119|INFO|StarfrontClient.cs|SendImageFile|249|[Rockwood] sent 2026-05-28_02-31-32_DarkTower - BB_LIGHT_H_-5.00C_G100-Exp-300.00s_MAXRMS-D1.41-R1.40_M-43.46_RMS-0.62_HFR-1.80_F-0030.fits (40KB) object=DarkTower - BB exptime=300s filter=H
2026-05-28T02:36:40.4779|INFO|SyncEngine.cs|SyncPendingFramesAsync|142|[Subframes] SyncEngine: synced 1 frames for session 488ed467-5289-4740-b683-e0aa7c3efabe (accepted=1)
2026-05-28T02:36:42.5935|INFO|TsPreviewClient.cs|LookupCoordinatesByName|179|[Subframes] TsPreviewClient.LookupCoordinatesByName: TS database not found at C:\Users\nicka\AppData\Local\NINA\SchedulerPlugin
2026-05-28T02:41:13.5252|INFO|TsProgressReader.cs|ReadProgressDelta|75|[Subframes] TS progress delta: DB not found at C:\Users\nicka\AppData\Local\NINA\SchedulerPlugin — Target Scheduler not installed or DB path mismatch.
2026-05-28T02:41:41.4609|INFO|SequenceItem.cs|Run|254|Finishing Category: Scheduler, Item: TakeExposure, ExposureTime 300, Gain 100, Offset 50, ImageType LIGHT, Binning 1x1
2026-05-28T02:41:41.4614|INFO|MeridianFlipTrigger.cs|ShouldTrigger|265|Meridian Flip - There is still time remaining - max remaining time 11:17:12.0970848, next instruction time 0, next instruction NINA.Plugin.TargetScheduler.Sequencer.PlanSchedulerProgress - and the telescope reports expected pier side pierEast. Automated Flip is not necessary.
2026-05-28T02:41:41.4615|INFO|SequenceItem.cs|Run|208|Starting NINA.Plugin.TargetScheduler.Sequencer.PlanSchedulerProgress
2026-05-28T02:41:41.4615|INFO|SequenceItem.cs|Run|254|Finishing NINA.Plugin.TargetScheduler.Sequencer.PlanSchedulerProgress
2026-05-28T02:41:43.4813|INFO|HocusFocusStarDetection.cs|Detect|413|Average HFR: 1.7871972418200412, HFR MAD: 0.17314647877272515, Detected Stars 697, Region: 0
2026-05-28T02:41:44.1920|INFO|BaseImageData.cs|SaveToDisk|346|Saved image to C:\ASTROIMAGES\NINA\2026-05-27\DarkTower - BB\LIGHT\H\2026-05-28_02-36-39_DarkTower - BB_LIGHT_H_-5.00C_G100-Exp-300.00s_MAXRMS-D1.02-R1.33_M-43.43_RMS-0.59_HFR-1.79_F-0031.fits
2026-05-28T02:41:44.1921|INFO|ImageSaveController.cs|DoWork|97|Successfully saved file at C:\ASTROIMAGES\NINA\2026-05-27\DarkTower - BB\LIGHT\H\2026-05-28_02-36-39_DarkTower - BB_LIGHT_H_-5.00C_G100-Exp-300.00s_MAXRMS-D1.02-R1.33_M-43.43_RMS-0.59_HFR-1.79_F-0031.fits. Duration Total: 00:00:02.7312486; BeforeSave: 00:00:00.0001810; BeforeFinalizeImageSaved: 00:00:02.4228161; FinalizeSaveTime: 00:00:00.3082505
2026-05-28T02:41:44.7106|WARNING|SessionMetaDataWatcher.cs|WriteAcquisitionMetaData|73|acquisition file already exists, will not overwrite: C:\ASTROIMAGES\NINA\2026-05-27\DarkTower - BB\LIGHT\H\metadata\AcquisitionDetails.csv
2026-05-28T02:41:44.7108|WARNING|SessionMetaDataWatcher.cs|WriteAcquisitionMetaData|93|acquisition file already exists, will not overwrite: C:\ASTROIMAGES\NINA\2026-05-27\DarkTower - BB\LIGHT\H\metadata\AcquisitionDetails.json
2026-05-28T02:41:44.7111|INFO|SessionMetaDataWatcher.cs|WriteImageMetaData|105|Writing CSV image metadata: C:\ASTROIMAGES\NINA\2026-05-27\DarkTower - BB\LIGHT\H\metadata\ImageMetaData.csv
2026-05-28T02:41:44.7520|INFO|SessionMetaDataWatcher.cs|WriteImageMetaData|122|Writing JSON image metadata: C:\ASTROIMAGES\NINA\2026-05-27\DarkTower - BB\LIGHT\H\metadata\ImageMetaData.json
2026-05-28T02:41:44.7538|INFO|SessionMetaDataWatcher.cs|WriteWeatherMetaData|169|Writing CSV weather metadata: C:\ASTROIMAGES\NINA\2026-05-27\DarkTower - BB\LIGHT\H\metadata\WeatherData.csv
2026-05-28T02:41:44.7766|INFO|SessionMetaDataWatcher.cs|WriteWeatherMetaData|186|Writing JSON weather metadata: C:\ASTROIMAGES\NINA\2026-05-27\DarkTower - BB\LIGHT\H\metadata\WeatherData.json
2026-05-28T02:41:44.7780|INFO|SessionService.cs|OnTargetDetectedAsync|663|[Subframes] Target detected: 'DarkTower - BB' (was 'DarkTower - BB')
2026-05-28T02:41:44.8128|INFO|SubframesClient.cs|StartTargetAsync|316|[Subframes] Target started:  name='DarkTower - BB'
2026-05-28T02:41:44.8129|WARNING|SessionService.cs|StartTargetAsync|559|[Subframes] StartTarget failed — cached locally as fa26f9d5-0b1d-4c47-8b32-494f40d80e9a for replay.
2026-05-28T02:41:45.5213|INFO|MeridianFlipTrigger.cs|ShouldTrigger|265|Meridian Flip - There is still time remaining - max remaining time 11:17:08.0876908, next instruction time 0, next instruction Category: Powerups (Fun-ctions), Item: GSSend - and the telescope reports expected pier side pierEast. Automated Flip is not necessary.
2026-05-28T02:41:45.5214|INFO|SequenceItem.cs|Run|208|Starting Category: Powerups (Fun-ctions), Item: GSSend
2026-05-28T02:41:45.5217|INFO|SendWithGS.cs|ProcessedScript|64|Replacing Image_ExposureTime with 300
2026-05-28T02:41:45.5218|INFO|SendWithGS.cs|ProcessedScript|64|Replacing Image_HFR with 1.787
2026-05-28T02:41:45.5219|INFO|SendWithGS.cs|ProcessedScript|64|Replacing Image_FWHM with 7.91
2026-05-28T02:41:45.5220|INFO|SendWithGS.cs|ProcessedScript|64|Replacing Altitude with 16.65406048089274
2026-05-28T02:41:45.5220|INFO|SendWithGS.cs|Execute|95|Sending to Ground Station: Exp: $$FWHEEL_FILTER_NAME$$ on $$TARGET_NAME$$ EXP: 300 HFR: 1.787 FWHM: 7.91  Altitude: 16.65406048089274 
2026-05-28T02:41:45.5232|INFO|SequenceItem.cs|Run|208|Starting Category: Ground Station, Item: Send to Telegram
2026-05-28T02:41:46.2775|INFO|SequenceItem.cs|Run|254|Finishing Category: Ground Station, Item: Send to Telegram
2026-05-28T02:41:46.2789|INFO|SequenceItem.cs|Run|254|Finishing Category: Powerups (Fun-ctions), Item: GSSend
2026-05-28T02:41:46.2793|INFO|MeridianFlipTrigger.cs|ShouldTrigger|265|Meridian Flip - There is still time remaining - max remaining time 11:17:08.0876908, next instruction time 0, next instruction Category: Powerups (Fun-ctions), Item: GSSend - and the telescope reports expected pier side pierEast. Automated Flip is not necessary.
2026-05-28T02:41:46.2794|INFO|SequenceItem.cs|Run|208|Starting Category: Powerups (Fun-ctions), Item: GSSend
2026-05-28T02:41:46.2797|INFO|SendWithGS.cs|ProcessedScript|64|Replacing Image_ExposureTime with 300
2026-05-28T02:41:46.2798|INFO|SendWithGS.cs|ProcessedScript|64|Replacing Image_HFR with 1.787
2026-05-28T02:41:46.2799|INFO|SendWithGS.cs|ProcessedScript|64|Replacing Image_FWHM with 7.91
2026-05-28T02:41:46.2800|INFO|SendWithGS.cs|ProcessedScript|64|Replacing Altitude with 16.65406048089274
2026-05-28T02:41:46.2801|INFO|SendWithGS.cs|Execute|95|Sending to Ground Station: Exp: $$FWHEEL_FILTER_NAME$$ on $$TARGET_NAME$$ EXP: 300 HFR: 1.787 FWHM: 7.91  Altitude: 16.65406048089274 
2026-05-28T02:41:46.2814|INFO|SequenceItem.cs|Run|208|Starting Category: Ground Station, Item: Send to Pushover, Title: IMAGE: $$TARGET_NAME$$
2026-05-28T02:41:46.4414|INFO|SequenceItem.cs|Run|254|Finishing Category: Ground Station, Item: Send to Pushover, Title: IMAGE: $$TARGET_NAME$$
2026-05-28T02:41:46.4426|INFO|SequenceItem.cs|Run|254|Finishing Category: Powerups (Fun-ctions), Item: GSSend
2026-05-28T02:41:46.6381|INFO|Symbol.cs|OnMessageReceived|627|Received message from Target Scheduler re: TargetScheduler-TargetStart
2026-05-28T02:41:46.6382|INFO|Symbol.cs|OnMessageReceived|635|TS_TargetName = DarkTower - BB
2026-05-28T02:41:46.6382|INFO|Symbol.cs|OnMessageReceived|636|Expires at 05/28/2026 03:19:25 -05:00
2026-05-28T02:41:46.6382|INFO|Symbol.cs|OnMessageReceived|627|Received message from Target Scheduler re: TargetScheduler-TargetStart
2026-05-28T02:41:46.6383|INFO|Symbol.cs|OnMessageReceived|635|TS_TargetName = DarkTower - BB
2026-05-28T02:41:46.6383|INFO|Symbol.cs|OnMessageReceived|636|Expires at 05/28/2026 03:19:25 -05:00
2026-05-28T02:41:46.6386|INFO|MeridianFlipTrigger.cs|ShouldTrigger|265|Meridian Flip - There is still time remaining - max remaining time 11:17:06.1595238, next instruction time 0, next instruction NINA.Plugin.TargetScheduler.Sequencer.PlanSchedulerProgress - and the telescope reports expected pier side pierEast. Automated Flip is not necessary.
2026-05-28T02:41:46.6387|INFO|SequenceItem.cs|Run|208|Starting NINA.Plugin.TargetScheduler.Sequencer.PlanSchedulerProgress
2026-05-28T02:41:46.6392|INFO|SequenceItem.cs|Run|254|Finishing NINA.Plugin.TargetScheduler.Sequencer.PlanSchedulerProgress
2026-05-28T02:41:46.6394|INFO|MeridianFlipTrigger.cs|ShouldTrigger|265|Meridian Flip - There is still time remaining - max remaining time 11:17:06.1595238, next instruction time 0, next instruction Category: Scheduler, Item: SwitchFilter, Filter: B - and the telescope reports expected pier side pierEast. Automated Flip is not necessary.
2026-05-28T02:41:46.6394|INFO|SequenceItem.cs|Run|208|Starting Category: Scheduler, Item: SwitchFilter, Filter: B
2026-05-28T02:41:46.6404|INFO|FilterWheelVM.cs|ChangeFilter|112|Moving to Filter B at Position 3
2026-05-28T02:41:46.7794|INFO|FocuserVM.cs|MoveFocuserInternal|216|Moving Focuser to position 387296
2026-05-28T02:41:47.1206|INFO|StarfrontClient.cs|SendImageFile|249|[Rockwood] sent 2026-05-28_02-36-39_DarkTower - BB_LIGHT_H_-5.00C_G100-Exp-300.00s_MAXRMS-D1.02-R1.33_M-43.43_RMS-0.59_HFR-1.79_F-0031.fits (40KB) object=DarkTower - BB exptime=300s filter=H
2026-05-28T02:41:49.3731|INFO|TsPreviewClient.cs|LookupCoordinatesByName|179|[Subframes] TsPreviewClient.LookupCoordinatesByName: TS database not found at C:\Users\nicka\AppData\Local\NINA\SchedulerPlugin
2026-05-28T02:41:54.8014|INFO|SequenceItem.cs|Run|254|Finishing Category: Scheduler, Item: SwitchFilter, Filter: B
2026-05-28T02:41:54.8021|INFO|MeridianFlipTrigger.cs|ShouldTrigger|265|Meridian Flip - There is still time remaining - max remaining time 11:16:58.3894049, next instruction time 0, next instruction NINA.Plugin.TargetScheduler.Sequencer.PlanSchedulerProgress - and the telescope reports expected pier side pierEast. Automated Flip is not necessary.
2026-05-28T02:41:54.8024|INFO|SequenceItem.cs|Run|208|Starting NINA.Plugin.TargetScheduler.Sequencer.PlanSchedulerProgress
2026-05-28T02:41:54.8025|INFO|SequenceItem.cs|Run|254|Finishing NINA.Plugin.TargetScheduler.Sequencer.PlanSchedulerProgress
2026-05-28T02:41:54.8028|INFO|MeridianFlipTrigger.cs|ShouldTrigger|265|Meridian Flip - There is still time remaining - max remaining time 11:16:58.3894049, next instruction time 0, next instruction Category: Scheduler, Item: SetReadoutMode, Mode: 0 - and the telescope reports expected pier side pierEast. Automated Flip is not necessary.
2026-05-28T02:41:54.8030|INFO|SequenceItem.cs|Run|208|Starting Category: Scheduler, Item: SetReadoutMode, Mode: 0
2026-05-28T02:41:54.8032|INFO|SequenceItem.cs|Run|254|Finishing Category: Scheduler, Item: SetReadoutMode, Mode: 0
2026-05-28T02:41:54.8036|INFO|MeridianFlipTrigger.cs|ShouldTrigger|265|Meridian Flip - There is still time remaining - max remaining time 11:16:58.3894049, next instruction time 0, next instruction NINA.Plugin.TargetScheduler.Sequencer.PlanSchedulerProgress - and the telescope reports expected pier side pierEast. Automated Flip is not necessary.
2026-05-28T02:41:54.8037|INFO|SequenceItem.cs|Run|208|Starting NINA.Plugin.TargetScheduler.Sequencer.PlanSchedulerProgress
2026-05-28T02:41:54.8048|INFO|SequenceItem.cs|Run|254|Finishing NINA.Plugin.TargetScheduler.Sequencer.PlanSchedulerProgress
2026-05-28T02:41:54.8055|INFO|MeridianFlipTrigger.cs|ShouldTrigger|265|Meridian Flip - There is still time remaining - max remaining time 11:16:58.3894049, next instruction time 180, next instruction Category: Scheduler, Item: TakeExposure, ExposureTime 180, Gain 100, Offset 50, ImageType LIGHT, Binning 1x1 - and the telescope reports expected pier side pierEast. Automated Flip is not necessary.
2026-05-28T02:41:54.8056|INFO|DIYTrigger.cs|ShouldTrigger|109|DIY Trigger Restore Guiding ShouldTrigger returning true
2026-05-28T02:41:54.8057|INFO|SequenceTrigger.cs|Run|114|Starting Category: Powerups (Misc), Item: DIYTrigger
2026-05-28T02:41:54.8105|INFO|DIYTrigger.cs|Execute|95|DIY Trigger executing...
2026-05-28T02:41:54.8108|INFO|SequenceItem.cs|Run|208|Starting Category: * Instruction Set *, Container: NINA.Sequencer.Container.SequentialContainer, Strategy: SequentialStrategy, Items[CREATED]: 1, Triggers: Trigger: RestoreGuiding
2026-05-28T02:41:54.8115|INFO|MeridianFlipTrigger.cs|ShouldTrigger|265|Meridian Flip - There is still time remaining - max remaining time 11:16:58.3894049, next instruction time 0, next instruction Category: Powerups (Expressions), Item: IfFailed - and the telescope reports expected pier side pierEast. Automated Flip is not necessary.
2026-05-28T02:41:54.8118|INFO|SequenceItem.cs|Run|208|Starting Category: Powerups (Expressions), Item: IfFailed
2026-05-28T02:41:54.8119|INFO|SequenceItem.cs|Run|208|Starting Category: Guider, Item: StartGuiding
2026-05-28T02:41:54.8242|INFO|PHD2Guider.cs|StartGuidingPrivate|504|Phd2 - App is already guiding. Skipping start guiding
2026-05-28T02:41:54.8249|INFO|SequenceItem.cs|Run|254|Finishing Category: Guider, Item: StartGuiding
2026-05-28T02:41:54.8250|INFO|SequenceItem.cs|Run|254|Finishing Category: Powerups (Expressions), Item: IfFailed
2026-05-28T02:41:54.8255|INFO|SequenceItem.cs|Run|254|Finishing Category: * Instruction Set *, Container: NINA.Sequencer.Container.SequentialContainer, Strategy: SequentialStrategy, Items[FINISHED]: 1, Triggers: Trigger: RestoreGuiding
2026-05-28T02:41:54.8310|INFO|SequenceItem.cs|Run|208|Starting Category: Scheduler, Item: TakeExposure, ExposureTime 180, Gain 100, Offset 50, ImageType LIGHT, Binning 1x1
2026-05-28T02:41:54.8390|INFO|CameraVM.cs|Capture|742|Starting Exposure - Exposure Time: 180s; Filter: ; Gain: 100; Offset 50; Binning: 1x1;
2026-05-28T02:42:10.4818|INFO|SyncEngine.cs|SyncPendingFramesAsync|142|[Subframes] SyncEngine: synced 1 frames for session 488ed467-5289-4740-b683-e0aa7c3efabe (accepted=1)
2026-05-28T02:44:56.7856|INFO|SequenceItem.cs|Run|254|Finishing Category: Scheduler, Item: TakeExposure, ExposureTime 180, Gain 100, Offset 50, ImageType LIGHT, Binning 1x1
2026-05-28T02:44:56.7859|INFO|ImageSolver.cs|Solve|41|Platesolving with parameters: FocalLength: 360 PixelSize: 3.76 SearchRadius: 30 BlindFailoverEnabled: True Regions: 5000 DownSampleFactor: 0 MaxObjects: 500 Reference Coordinates RA: 16:45:58 Dec: -41° 10' 14" Epoch: J2000
2026-05-28T02:44:56.7860|INFO|MeridianFlipTrigger.cs|ShouldTrigger|265|Meridian Flip - There is still time remaining - max remaining time 11:13:57.3339348, next instruction time 0, next instruction NINA.Plugin.TargetScheduler.Sequencer.PlanSchedulerProgress - and the telescope reports expected pier side pierEast. Automated Flip is not necessary.
2026-05-28T02:44:56.7861|INFO|SequenceItem.cs|Run|208|Starting NINA.Plugin.TargetScheduler.Sequencer.PlanSchedulerProgress
2026-05-28T02:44:56.7861|INFO|SequenceItem.cs|Run|254|Finishing NINA.Plugin.TargetScheduler.Sequencer.PlanSchedulerProgress
2026-05-28T02:44:57.1194|INFO|BaseImageData.cs|SaveToDisk|346|Saved image to C:\Users\nicka\AppData\Local\NINA\PlateSolver\zrct0o0x.hrf.fits
2026-05-28T02:44:58.2375|INFO|ImageSolver.cs|Solve|54|Platesolve successful: Coordinates: RA: 16:45:55; Dec: -41° 10' 47"; Epoch: J2000 - Position Angle: 275.77975959148887
2026-05-28T02:44:58.2376|INFO|CenterAfterDriftTrigger.cs|PlatesolvingImageFollower_PropertyChanged|189|Drift: 0.4169334748233356 / 1 arc minutes
2026-05-28T02:44:58.6104|INFO|HocusFocusStarDetection.cs|Detect|413|Average HFR: 1.6198282594835745, HFR MAD: 0.09689688279899072, Detected Stars 419, Region: 0
2026-05-28T02:44:59.3173|INFO|BaseImageData.cs|SaveToDisk|346|Saved image to C:\ASTROIMAGES\NINA\2026-05-27\DarkTower - BB\LIGHT\B\2026-05-28_02-41-54_DarkTower - BB_LIGHT_B_-5.00C_G100-Exp-180.00s_MAXRMS-D1.07-R6.28_M-43.41_RMS-0.92_HFR-1.62_F-0032.fits
2026-05-28T02:44:59.3175|INFO|ImageSaveController.cs|DoWork|97|Successfully saved file at C:\ASTROIMAGES\NINA\2026-05-27\DarkTower - BB\LIGHT\B\2026-05-28_02-41-54_DarkTower - BB_LIGHT_B_-5.00C_G100-Exp-180.00s_MAXRMS-D1.07-R6.28_M-43.41_RMS-0.92_HFR-1.62_F-0032.fits. Duration Total: 00:00:02.5318716; BeforeSave: 00:00:00.0001218; BeforeFinalizeImageSaved: 00:00:02.2259400; FinalizeSaveTime: 00:00:00.3058090
2026-05-28T02:44:59.8187|WARNING|SessionMetaDataWatcher.cs|WriteAcquisitionMetaData|73|acquisition file already exists, will not overwrite: C:\ASTROIMAGES\NINA\2026-05-27\DarkTower - BB\LIGHT\B\metadata\AcquisitionDetails.csv
2026-05-28T02:44:59.8188|WARNING|SessionMetaDataWatcher.cs|WriteAcquisitionMetaData|93|acquisition file already exists, will not overwrite: C:\ASTROIMAGES\NINA\2026-05-27\DarkTower - BB\LIGHT\B\metadata\AcquisitionDetails.json
2026-05-28T02:44:59.8191|INFO|SessionMetaDataWatcher.cs|WriteImageMetaData|105|Writing CSV image metadata: C:\ASTROIMAGES\NINA\2026-05-27\DarkTower - BB\LIGHT\B\metadata\ImageMetaData.csv
2026-05-28T02:44:59.8501|INFO|SessionMetaDataWatcher.cs|WriteImageMetaData|122|Writing JSON image metadata: C:\ASTROIMAGES\NINA\2026-05-27\DarkTower - BB\LIGHT\B\metadata\ImageMetaData.json
2026-05-28T02:44:59.8516|INFO|SessionMetaDataWatcher.cs|WriteWeatherMetaData|169|Writing CSV weather metadata: C:\ASTROIMAGES\NINA\2026-05-27\DarkTower - BB\LIGHT\B\metadata\WeatherData.csv
2026-05-28T02:44:59.8678|INFO|SessionMetaDataWatcher.cs|WriteWeatherMetaData|186|Writing JSON weather metadata: C:\ASTROIMAGES\NINA\2026-05-27\DarkTower - BB\LIGHT\B\metadata\WeatherData.json
2026-05-28T02:44:59.8692|INFO|SessionService.cs|OnTargetDetectedAsync|663|[Subframes] Target detected: 'DarkTower - BB' (was 'DarkTower - BB')
2026-05-28T02:44:59.9034|INFO|SubframesClient.cs|StartTargetAsync|316|[Subframes] Target started:  name='DarkTower - BB'
2026-05-28T02:44:59.9035|WARNING|SessionService.cs|StartTargetAsync|559|[Subframes] StartTarget failed — cached locally as 63c46ce7-5687-4c4e-8bed-df1e79454991 for replay.
2026-05-28T02:45:00.2384|INFO|MeridianFlipTrigger.cs|ShouldTrigger|265|Meridian Flip - There is still time remaining - max remaining time 11:13:55.2584736, next instruction time 0, next instruction Category: Powerups (Fun-ctions), Item: GSSend - and the telescope reports expected pier side pierEast. Automated Flip is not necessary.
2026-05-28T02:45:00.2385|INFO|SequenceItem.cs|Run|208|Starting Category: Powerups (Fun-ctions), Item: GSSend
2026-05-28T02:45:00.2388|INFO|SendWithGS.cs|ProcessedScript|64|Replacing Image_ExposureTime with 180
2026-05-28T02:45:00.2389|INFO|SendWithGS.cs|ProcessedScript|64|Replacing Image_HFR with 1.62
2026-05-28T02:45:00.2390|INFO|SendWithGS.cs|ProcessedScript|64|Replacing Image_FWHM with 7.06
2026-05-28T02:45:00.2391|INFO|SendWithGS.cs|ProcessedScript|64|Replacing Altitude with 16.557741551076553
2026-05-28T02:45:00.2392|INFO|SendWithGS.cs|Execute|95|Sending to Ground Station: Exp: $$FWHEEL_FILTER_NAME$$ on $$TARGET_NAME$$ EXP: 180 HFR: 1.62 FWHM: 7.06  Altitude: 16.557741551076553 
2026-05-28T02:45:00.2405|INFO|SequenceItem.cs|Run|208|Starting Category: Ground Station, Item: Send to Telegram
2026-05-28T02:45:02.0342|INFO|StarfrontClient.cs|SendImageFile|249|[Rockwood] sent 2026-05-28_02-41-54_DarkTower - BB_LIGHT_B_-5.00C_G100-Exp-180.00s_MAXRMS-D1.07-R6.28_M-43.41_RMS-0.92_HFR-1.62_F-0032.fits (36KB) object=DarkTower - BB exptime=180s filter=B
2026-05-28T02:45:04.3149|INFO|TsPreviewClient.cs|LookupCoordinatesByName|179|[Subframes] TsPreviewClient.LookupCoordinatesByName: TS database not found at C:\Users\nicka\AppData\Local\NINA\SchedulerPlugin
2026-05-28T02:45:10.4983|INFO|SyncEngine.cs|SyncPendingFramesAsync|142|[Subframes] SyncEngine: synced 1 frames for session 488ed467-5289-4740-b683-e0aa7c3efabe (accepted=1)
2026-05-28T02:45:50.2349|INFO|SequenceItem.cs|Run|254|Finishing Category: Ground Station, Item: Send to Telegram
2026-05-28T02:45:50.2376|INFO|SequenceItem.cs|Run|254|Finishing Category: Powerups (Fun-ctions), Item: GSSend
2026-05-28T02:45:50.2668|INFO|MeridianFlipTrigger.cs|ShouldTrigger|265|Meridian Flip - There is still time remaining - max remaining time 11:13:04.7384020, next instruction time 0, next instruction Category: Powerups (Fun-ctions), Item: GSSend - and the telescope reports expected pier side pierEast. Automated Flip is not necessary.
2026-05-28T02:45:50.2669|INFO|SequenceItem.cs|Run|208|Starting Category: Powerups (Fun-ctions), Item: GSSend
2026-05-28T02:45:50.2673|INFO|SendWithGS.cs|ProcessedScript|64|Replacing Image_ExposureTime with 180
2026-05-28T02:45:50.2674|INFO|SendWithGS.cs|ProcessedScript|64|Replacing Image_HFR with 1.62
2026-05-28T02:45:50.2676|INFO|SendWithGS.cs|ProcessedScript|64|Replacing Image_FWHM with 7.06
2026-05-28T02:45:50.2679|INFO|SendWithGS.cs|ProcessedScript|64|Replacing Altitude with 16.533838278529934
2026-05-28T02:45:50.2680|INFO|SendWithGS.cs|Execute|95|Sending to Ground Station: Exp: $$FWHEEL_FILTER_NAME$$ on $$TARGET_NAME$$ EXP: 180 HFR: 1.62 FWHM: 7.06  Altitude: 16.533838278529934 
2026-05-28T02:45:50.2694|INFO|SequenceItem.cs|Run|208|Starting Category: Ground Station, Item: Send to Pushover, Title: IMAGE: $$TARGET_NAME$$
2026-05-28T02:45:50.4140|INFO|SequenceItem.cs|Run|254|Finishing Category: Ground Station, Item: Send to Pushover, Title: IMAGE: $$TARGET_NAME$$
2026-05-28T02:45:50.4152|INFO|SequenceItem.cs|Run|254|Finishing Category: Powerups (Fun-ctions), Item: GSSend
2026-05-28T02:45:50.5959|INFO|Symbol.cs|OnMessageReceived|627|Received message from Target Scheduler re: TargetScheduler-TargetStart
2026-05-28T02:45:50.5959|INFO|Symbol.cs|OnMessageReceived|635|TS_TargetName = DarkTower - BB
2026-05-28T02:45:50.5960|INFO|Symbol.cs|OnMessageReceived|636|Expires at 05/28/2026 03:19:25 -05:00
2026-05-28T02:45:50.5960|INFO|Symbol.cs|OnMessageReceived|627|Received message from Target Scheduler re: TargetScheduler-TargetStart
2026-05-28T02:45:50.5960|INFO|Symbol.cs|OnMessageReceived|635|TS_TargetName = DarkTower - BB
2026-05-28T02:45:50.5960|INFO|Symbol.cs|OnMessageReceived|636|Expires at 05/28/2026 03:19:25 -05:00
2026-05-28T02:45:50.5964|INFO|MeridianFlipTrigger.cs|ShouldTrigger|265|Meridian Flip - There is still time remaining - max remaining time 11:13:02.7987322, next instruction time 0, next instruction NINA.Plugin.TargetScheduler.Sequencer.PlanSchedulerProgress - and the telescope reports expected pier side pierEast. Automated Flip is not necessary.
2026-05-28T02:45:50.5964|INFO|SequenceItem.cs|Run|208|Starting NINA.Plugin.TargetScheduler.Sequencer.PlanSchedulerProgress
2026-05-28T02:45:50.5968|INFO|SequenceItem.cs|Run|254|Finishing NINA.Plugin.TargetScheduler.Sequencer.PlanSchedulerProgress
2026-05-28T02:45:50.5970|INFO|MeridianFlipTrigger.cs|ShouldTrigger|265|Meridian Flip - There is still time remaining - max remaining time 11:13:02.7987322, next instruction time 0, next instruction Category: Scheduler, Item: SwitchFilter, Filter: L - and the telescope reports expected pier side pierEast. Automated Flip is not necessary.
2026-05-28T02:45:50.5970|INFO|SequenceItem.cs|Run|208|Starting Category: Scheduler, Item: SwitchFilter, Filter: L
2026-05-28T02:45:50.5978|INFO|FilterWheelVM.cs|ChangeFilter|112|Moving to Filter L at Position 0
2026-05-28T02:45:50.7863|INFO|FocuserVM.cs|MoveFocuserInternal|216|Moving Focuser to position 387299
2026-05-28T02:45:54.8645|INFO|SequenceItem.cs|Run|254|Finishing Category: Scheduler, Item: SwitchFilter, Filter: L
2026-05-28T02:45:54.8650|INFO|MeridianFlipTrigger.cs|ShouldTrigger|265|Meridian Flip - There is still time remaining - max remaining time 11:12:58.7198532, next instruction time 0, next instruction NINA.Plugin.TargetScheduler.Sequencer.PlanSchedulerProgress - and the telescope reports expected pier side pierEast. Automated Flip is not necessary.
2026-05-28T02:45:54.8651|INFO|SequenceItem.cs|Run|208|Starting NINA.Plugin.TargetScheduler.Sequencer.PlanSchedulerProgress
2026-05-28T02:45:54.8651|INFO|SequenceItem.cs|Run|254|Finishing NINA.Plugin.TargetScheduler.Sequencer.PlanSchedulerProgress
2026-05-28T02:45:54.8652|INFO|MeridianFlipTrigger.cs|ShouldTrigger|265|Meridian Flip - There is still time remaining - max remaining time 11:12:58.7198532, next instruction time 0, next instruction Category: Scheduler, Item: SetReadoutMode, Mode: 0 - and the telescope reports expected pier side pierEast. Automated Flip is not necessary.
2026-05-28T02:45:54.8653|INFO|SequenceItem.cs|Run|208|Starting Category: Scheduler, Item: SetReadoutMode, Mode: 0
2026-05-28T02:45:54.8654|INFO|SequenceItem.cs|Run|254|Finishing Category: Scheduler, Item: SetReadoutMode, Mode: 0
2026-05-28T02:45:54.8655|INFO|MeridianFlipTrigger.cs|ShouldTrigger|265|Meridian Flip - There is still time remaining - max remaining time 11:12:58.7198532, next instruction time 0, next instruction NINA.Plugin.TargetScheduler.Sequencer.PlanSchedulerProgress - and the telescope reports expected pier side pierEast. Automated Flip is not necessary.
2026-05-28T02:45:54.8655|INFO|SequenceItem.cs|Run|208|Starting NINA.Plugin.TargetScheduler.Sequencer.PlanSchedulerProgress
2026-05-28T02:45:54.8663|INFO|SequenceItem.cs|Run|254|Finishing NINA.Plugin.TargetScheduler.Sequencer.PlanSchedulerProgress
2026-05-28T02:45:54.8665|INFO|MeridianFlipTrigger.cs|ShouldTrigger|265|Meridian Flip - There is still time remaining - max remaining time 11:12:58.7198532, next instruction time 180, next instruction Category: Scheduler, Item: TakeExposure, ExposureTime 180, Gain 100, Offset 50, ImageType LIGHT, Binning 1x1 - and the telescope reports expected pier side pierEast. Automated Flip is not necessary.
2026-05-28T02:45:54.8666|INFO|DIYTrigger.cs|ShouldTrigger|109|DIY Trigger Restore Guiding ShouldTrigger returning true
2026-05-28T02:45:54.8666|INFO|SequenceTrigger.cs|Run|114|Starting Category: Powerups (Misc), Item: DIYTrigger
2026-05-28T02:45:54.8695|INFO|DIYTrigger.cs|Execute|95|DIY Trigger executing...
2026-05-28T02:45:54.8697|INFO|SequenceItem.cs|Run|208|Starting Category: * Instruction Set *, Container: NINA.Sequencer.Container.SequentialContainer, Strategy: SequentialStrategy, Items[CREATED]: 1, Triggers: Trigger: RestoreGuiding
2026-05-28T02:45:54.8700|INFO|MeridianFlipTrigger.cs|ShouldTrigger|265|Meridian Flip - There is still time remaining - max remaining time 11:12:58.7198532, next instruction time 0, next instruction Category: Powerups (Expressions), Item: IfFailed - and the telescope reports expected pier side pierEast. Automated Flip is not necessary.
2026-05-28T02:45:54.8700|INFO|SequenceItem.cs|Run|208|Starting Category: Powerups (Expressions), Item: IfFailed
2026-05-28T02:45:54.8700|INFO|SequenceItem.cs|Run|208|Starting Category: Guider, Item: StartGuiding
2026-05-28T02:45:54.8728|INFO|PHD2Guider.cs|StartGuidingPrivate|504|Phd2 - App is already guiding. Skipping start guiding
2026-05-28T02:45:54.8730|INFO|SequenceItem.cs|Run|254|Finishing Category: Guider, Item: StartGuiding
2026-05-28T02:45:54.8730|INFO|SequenceItem.cs|Run|254|Finishing Category: Powerups (Expressions), Item: IfFailed
2026-05-28T02:45:54.8732|INFO|SequenceItem.cs|Run|254|Finishing Category: * Instruction Set *, Container: NINA.Sequencer.Container.SequentialContainer, Strategy: SequentialStrategy, Items[FINISHED]: 1, Triggers: Trigger: RestoreGuiding
2026-05-28T02:45:54.8752|INFO|SequenceItem.cs|Run|208|Starting Category: Scheduler, Item: TakeExposure, ExposureTime 180, Gain 100, Offset 50, ImageType LIGHT, Binning 1x1
2026-05-28T02:45:54.8800|INFO|CameraVM.cs|Capture|742|Starting Exposure - Exposure Time: 180s; Filter: ; Gain: 100; Offset 50; Binning: 1x1;
2026-05-28T02:46:13.5283|INFO|TsProgressReader.cs|ReadProgressDelta|75|[Subframes] TS progress delta: DB not found at C:\Users\nicka\AppData\Local\NINA\SchedulerPlugin — Target Scheduler not installed or DB path mismatch.
2026-05-28T02:48:56.8055|INFO|SequenceItem.cs|Run|254|Finishing Category: Scheduler, Item: TakeExposure, ExposureTime 180, Gain 100, Offset 50, ImageType LIGHT, Binning 1x1
2026-05-28T02:48:56.8059|INFO|MeridianFlipTrigger.cs|ShouldTrigger|265|Meridian Flip - There is still time remaining - max remaining time 11:09:55.3085753, next instruction time 0, next instruction NINA.Plugin.TargetScheduler.Sequencer.PlanSchedulerProgress - and the telescope reports expected pier side pierEast. Automated Flip is not necessary.
2026-05-28T02:48:56.8060|INFO|SequenceItem.cs|Run|208|Starting NINA.Plugin.TargetScheduler.Sequencer.PlanSchedulerProgress
2026-05-28T02:48:56.8061|INFO|SequenceItem.cs|Run|254|Finishing NINA.Plugin.TargetScheduler.Sequencer.PlanSchedulerProgress
2026-05-28T02:48:57.1225|WARNING|PHD2Client.cs|ProcessEvent|252|PHD2: StarLost
2026-05-28T02:48:59.1540|INFO|HocusFocusStarDetection.cs|Detect|413|Average HFR: 1.7604693690192184, HFR MAD: 0.1724777307643011, Detected Stars 1158, Region: 0
2026-05-28T02:48:59.5421|WARNING|PHD2Client.cs|ProcessEvent|252|PHD2: StarLost
2026-05-28T02:48:59.8595|INFO|BaseImageData.cs|SaveToDisk|346|Saved image to C:\ASTROIMAGES\NINA\2026-05-27\DarkTower - BB\LIGHT\L\2026-05-28_02-45-54_DarkTower - BB_LIGHT_L_-5.10C_G100-Exp-180.00s_MAXRMS-D1.07-R1.17_M-43.39_RMS-0.51_HFR-1.76_F-0033.fits
2026-05-28T02:48:59.8596|INFO|ImageSaveController.cs|DoWork|97|Successfully saved file at C:\ASTROIMAGES\NINA\2026-05-27\DarkTower - BB\LIGHT\L\2026-05-28_02-45-54_DarkTower - BB_LIGHT_L_-5.10C_G100-Exp-180.00s_MAXRMS-D1.07-R1.17_M-43.39_RMS-0.51_HFR-1.76_F-0033.fits. Duration Total: 00:00:03.0540646; BeforeSave: 00:00:00.0001752; BeforeFinalizeImageSaved: 00:00:02.7376564; FinalizeSaveTime: 00:00:00.3162322
2026-05-28T02:49:00.3601|WARNING|SessionMetaDataWatcher.cs|WriteAcquisitionMetaData|73|acquisition file already exists, will not overwrite: C:\ASTROIMAGES\NINA\2026-05-27\DarkTower - BB\LIGHT\L\metadata\AcquisitionDetails.csv
2026-05-28T02:49:00.3602|WARNING|SessionMetaDataWatcher.cs|WriteAcquisitionMetaData|93|acquisition file already exists, will not overwrite: C:\ASTROIMAGES\NINA\2026-05-27\DarkTower - BB\LIGHT\L\metadata\AcquisitionDetails.json
2026-05-28T02:49:00.3604|INFO|SessionMetaDataWatcher.cs|WriteImageMetaData|105|Writing CSV image metadata: C:\ASTROIMAGES\NINA\2026-05-27\DarkTower - BB\LIGHT\L\metadata\ImageMetaData.csv
2026-05-28T02:49:00.3942|INFO|SessionMetaDataWatcher.cs|WriteImageMetaData|122|Writing JSON image metadata: C:\ASTROIMAGES\NINA\2026-05-27\DarkTower - BB\LIGHT\L\metadata\ImageMetaData.json
2026-05-28T02:49:00.3958|INFO|SessionMetaDataWatcher.cs|WriteWeatherMetaData|169|Writing CSV weather metadata: C:\ASTROIMAGES\NINA\2026-05-27\DarkTower - BB\LIGHT\L\metadata\WeatherData.csv
2026-05-28T02:49:00.4122|INFO|SessionMetaDataWatcher.cs|WriteWeatherMetaData|186|Writing JSON weather metadata: C:\ASTROIMAGES\NINA\2026-05-27\DarkTower - BB\LIGHT\L\metadata\WeatherData.json
2026-05-28T02:49:00.4135|INFO|SessionService.cs|OnTargetDetectedAsync|663|[Subframes] Target detected: 'DarkTower - BB' (was 'DarkTower - BB')
2026-05-28T02:49:00.4484|INFO|SubframesClient.cs|StartTargetAsync|316|[Subframes] Target started:  name='DarkTower - BB'
2026-05-28T02:49:00.4486|WARNING|SessionService.cs|StartTargetAsync|559|[Subframes] StartTarget failed — cached locally as 7ddbf1d7-66e3-4079-839a-fc124ec82476 for replay.
2026-05-28T02:49:00.7721|INFO|MeridianFlipTrigger.cs|ShouldTrigger|265|Meridian Flip - There is still time remaining - max remaining time 11:09:51.3096527, next instruction time 0, next instruction Category: Powerups (Fun-ctions), Item: GSSend - and the telescope reports expected pier side pierEast. Automated Flip is not necessary.
2026-05-28T02:49:00.7722|INFO|SequenceItem.cs|Run|208|Starting Category: Powerups (Fun-ctions), Item: GSSend
2026-05-28T02:49:00.7725|INFO|SendWithGS.cs|ProcessedScript|64|Replacing Image_ExposureTime with 180
2026-05-28T02:49:00.7726|INFO|SendWithGS.cs|ProcessedScript|64|Replacing Image_HFR with 1.76
2026-05-28T02:49:00.7727|INFO|SendWithGS.cs|ProcessedScript|64|Replacing Image_FWHM with 7.62
2026-05-28T02:49:00.7728|INFO|SendWithGS.cs|ProcessedScript|64|Replacing Altitude with 16.42656214279378
2026-05-28T02:49:00.7728|INFO|SendWithGS.cs|Execute|95|Sending to Ground Station: Exp: $$FWHEEL_FILTER_NAME$$ on $$TARGET_NAME$$ EXP: 180 HFR: 1.76 FWHM: 7.62  Altitude: 16.42656214279378 
2026-05-28T02:49:00.7743|INFO|SequenceItem.cs|Run|208|Starting Category: Ground Station, Item: Send to Telegram
2026-05-28T02:49:01.4751|INFO|SequenceItem.cs|Run|254|Finishing Category: Ground Station, Item: Send to Telegram
2026-05-28T02:49:01.4763|INFO|SequenceItem.cs|Run|254|Finishing Category: Powerups (Fun-ctions), Item: GSSend
2026-05-28T02:49:01.4766|INFO|MeridianFlipTrigger.cs|ShouldTrigger|265|Meridian Flip - There is still time remaining - max remaining time 11:09:51.3096527, next instruction time 0, next instruction Category: Powerups (Fun-ctions), Item: GSSend - and the telescope reports expected pier side pierEast. Automated Flip is not necessary.
2026-05-28T02:49:01.4766|INFO|SequenceItem.cs|Run|208|Starting Category: Powerups (Fun-ctions), Item: GSSend
2026-05-28T02:49:01.4769|INFO|SendWithGS.cs|ProcessedScript|64|Replacing Image_ExposureTime with 180
2026-05-28T02:49:01.4771|INFO|SendWithGS.cs|ProcessedScript|64|Replacing Image_HFR with 1.76
2026-05-28T02:49:01.4772|INFO|SendWithGS.cs|ProcessedScript|64|Replacing Image_FWHM with 7.62
2026-05-28T02:49:01.4773|INFO|SendWithGS.cs|ProcessedScript|64|Replacing Altitude with 16.425332377865903
2026-05-28T02:49:01.4773|INFO|SendWithGS.cs|Execute|95|Sending to Ground Station: Exp: $$FWHEEL_FILTER_NAME$$ on $$TARGET_NAME$$ EXP: 180 HFR: 1.76 FWHM: 7.62  Altitude: 16.425332377865903 
2026-05-28T02:49:01.4786|INFO|SequenceItem.cs|Run|208|Starting Category: Ground Station, Item: Send to Pushover, Title: IMAGE: $$TARGET_NAME$$
2026-05-28T02:49:01.6319|INFO|SequenceItem.cs|Run|254|Finishing Category: Ground Station, Item: Send to Pushover, Title: IMAGE: $$TARGET_NAME$$
2026-05-28T02:49:01.6333|INFO|SequenceItem.cs|Run|254|Finishing Category: Powerups (Fun-ctions), Item: GSSend
2026-05-28T02:49:01.6337|WARNING|PHD2Client.cs|ProcessEvent|252|PHD2: StarLost
2026-05-28T02:49:01.7982|INFO|Symbol.cs|OnMessageReceived|627|Received message from Target Scheduler re: TargetScheduler-TargetStart
2026-05-28T02:49:01.7983|INFO|Symbol.cs|OnMessageReceived|635|TS_TargetName = DarkTower - BB
2026-05-28T02:49:01.7983|INFO|Symbol.cs|OnMessageReceived|636|Expires at 05/28/2026 03:19:25 -05:00
2026-05-28T02:49:01.7983|INFO|Symbol.cs|OnMessageReceived|627|Received message from Target Scheduler re: TargetScheduler-TargetStart
2026-05-28T02:49:01.7984|INFO|Symbol.cs|OnMessageReceived|635|TS_TargetName = DarkTower - BB
2026-05-28T02:49:01.7984|INFO|Symbol.cs|OnMessageReceived|636|Expires at 05/28/2026 03:19:25 -05:00
2026-05-28T02:49:01.8029|INFO|MeridianFlipTrigger.cs|ShouldTrigger|265|Meridian Flip - There is still time remaining - max remaining time 11:09:51.3096527, next instruction time 0, next instruction NINA.Plugin.TargetScheduler.Sequencer.PlanSchedulerProgress - and the telescope reports expected pier side pierEast. Automated Flip is not necessary.
2026-05-28T02:49:01.8030|INFO|SequenceItem.cs|Run|208|Starting NINA.Plugin.TargetScheduler.Sequencer.PlanSchedulerProgress
2026-05-28T02:49:01.8067|INFO|SequenceItem.cs|Run|254|Finishing NINA.Plugin.TargetScheduler.Sequencer.PlanSchedulerProgress
2026-05-28T02:49:01.8315|INFO|MeridianFlipTrigger.cs|ShouldTrigger|265|Meridian Flip - There is still time remaining - max remaining time 11:09:51.3096527, next instruction time 0, next instruction Category: Scheduler, Item: SwitchFilter, Filter: R - and the telescope reports expected pier side pierEast. Automated Flip is not necessary.
2026-05-28T02:49:01.8315|INFO|SequenceItem.cs|Run|208|Starting Category: Scheduler, Item: SwitchFilter, Filter: R
2026-05-28T02:49:01.8324|INFO|FilterWheelVM.cs|ChangeFilter|112|Moving to Filter R at Position 1
2026-05-28T02:49:02.0956|INFO|FocuserVM.cs|MoveFocuserInternal|216|Moving Focuser to position 387318
2026-05-28T02:49:02.8383|INFO|StarfrontClient.cs|SendImageFile|249|[Rockwood] sent 2026-05-28_02-45-54_DarkTower - BB_LIGHT_L_-5.10C_G100-Exp-180.00s_MAXRMS-D1.07-R1.17_M-43.39_RMS-0.51_HFR-1.76_F-0033.fits (38KB) object=DarkTower - BB exptime=180s filter=L
2026-05-28T02:49:03.9930|WARNING|PHD2Client.cs|ProcessEvent|252|PHD2: StarLost
2026-05-28T02:49:04.8357|INFO|TsPreviewClient.cs|LookupCoordinatesByName|179|[Subframes] TsPreviewClient.LookupCoordinatesByName: TS database not found at C:\Users\nicka\AppData\Local\NINA\SchedulerPlugin
2026-05-28T02:49:06.1359|WARNING|PHD2Client.cs|ProcessEvent|252|PHD2: StarLost
2026-05-28T02:49:06.8124|INFO|SequenceItem.cs|Run|254|Finishing Category: Scheduler, Item: SwitchFilter, Filter: R
2026-05-28T02:49:06.8131|INFO|MeridianFlipTrigger.cs|ShouldTrigger|265|Meridian Flip - There is still time remaining - max remaining time 11:09:45.3608901, next instruction time 0, next instruction NINA.Plugin.TargetScheduler.Sequencer.PlanSchedulerProgress - and the telescope reports expected pier side pierEast. Automated Flip is not necessary.
2026-05-28T02:49:06.8134|INFO|SequenceItem.cs|Run|208|Starting NINA.Plugin.TargetScheduler.Sequencer.PlanSchedulerProgress
2026-05-28T02:49:06.8135|INFO|SequenceItem.cs|Run|254|Finishing NINA.Plugin.TargetScheduler.Sequencer.PlanSchedulerProgress
2026-05-28T02:49:06.8139|INFO|MeridianFlipTrigger.cs|ShouldTrigger|265|Meridian Flip - There is still time remaining - max remaining time 11:09:45.3608901, next instruction time 0, next instruction Category: Scheduler, Item: SetReadoutMode, Mode: 0 - and the telescope reports expected pier side pierEast. Automated Flip is not necessary.
2026-05-28T02:49:06.8140|INFO|SequenceItem.cs|Run|208|Starting Category: Scheduler, Item: SetReadoutMode, Mode: 0
2026-05-28T02:49:06.8142|INFO|SequenceItem.cs|Run|254|Finishing Category: Scheduler, Item: SetReadoutMode, Mode: 0
2026-05-28T02:49:06.8146|INFO|MeridianFlipTrigger.cs|ShouldTrigger|265|Meridian Flip - There is still time remaining - max remaining time 11:09:45.3608901, next instruction time 0, next instruction NINA.Plugin.TargetScheduler.Sequencer.PlanSchedulerProgress - and the telescope reports expected pier side pierEast. Automated Flip is not necessary.
2026-05-28T02:49:06.8147|INFO|SequenceItem.cs|Run|208|Starting NINA.Plugin.TargetScheduler.Sequencer.PlanSchedulerProgress
2026-05-28T02:49:06.8159|INFO|SequenceItem.cs|Run|254|Finishing NINA.Plugin.TargetScheduler.Sequencer.PlanSchedulerProgress
2026-05-28T02:49:06.8164|INFO|MeridianFlipTrigger.cs|ShouldTrigger|265|Meridian Flip - There is still time remaining - max remaining time 11:09:45.3608901, next instruction time 180, next instruction Category: Scheduler, Item: TakeExposure, ExposureTime 180, Gain 100, Offset 50, ImageType LIGHT, Binning 1x1 - and the telescope reports expected pier side pierEast. Automated Flip is not necessary.
2026-05-28T02:49:06.8165|INFO|DIYTrigger.cs|ShouldTrigger|109|DIY Trigger Restore Guiding ShouldTrigger returning true
2026-05-28T02:49:06.8166|INFO|SequenceTrigger.cs|Run|114|Starting Category: Powerups (Misc), Item: DIYTrigger
2026-05-28T02:49:06.8209|INFO|DIYTrigger.cs|Execute|95|DIY Trigger executing...
2026-05-28T02:49:06.8212|INFO|SequenceItem.cs|Run|208|Starting Category: * Instruction Set *, Container: NINA.Sequencer.Container.SequentialContainer, Strategy: SequentialStrategy, Items[CREATED]: 1, Triggers: Trigger: RestoreGuiding
2026-05-28T02:49:06.8219|INFO|MeridianFlipTrigger.cs|ShouldTrigger|265|Meridian Flip - There is still time remaining - max remaining time 11:09:45.3608901, next instruction time 0, next instruction Category: Powerups (Expressions), Item: IfFailed - and the telescope reports expected pier side pierEast. Automated Flip is not necessary.
2026-05-28T02:49:06.8221|INFO|SequenceItem.cs|Run|208|Starting Category: Powerups (Expressions), Item: IfFailed
2026-05-28T02:49:06.8222|INFO|SequenceItem.cs|Run|208|Starting Category: Guider, Item: StartGuiding
2026-05-28T02:49:06.8286|INFO|PHD2Guider.cs|StartGuidingPrivate|509|Phd2 - App has lost guide star and needs to stop before starting guiding again
2026-05-28T02:49:08.3941|INFO|PHD2Client.cs|ProcessEvent|268|PHD2: ConfigurationChange
2026-05-28T02:49:08.4021|WARNING|PHD2Client.cs|ProcessEvent|252|PHD2: LockPositionLost
2026-05-28T02:49:08.5053|INFO|PHD2Client.cs|QueryExposureTime|1216|PHD2Client: Exposure time from PHD2 API: 2.000 seconds (2000 ms)
2026-05-28T02:49:08.8681|INFO|PHD2Guider.cs|TryStartGuideCommand|641|Phd2 - Requesting to start guiding. Recalibrate: False
2026-05-28T02:49:10.4875|INFO|SyncEngine.cs|SyncPendingFramesAsync|142|[Subframes] SyncEngine: synced 1 frames for session 488ed467-5289-4740-b683-e0aa7c3efabe (accepted=1)
2026-05-28T02:49:13.6111|WARNING|PHD2Client.cs|ProcessEvent|252|PHD2: LockPositionLost
2026-05-28T02:49:13.6112|WARNING|PHD2Client.cs|ProcessEvent|252|PHD2: StarLost
2026-05-28T02:49:18.1904|INFO|PHD2Client.cs|ProcessEvent|261|PHD2: StartGuiding
2026-05-28T02:49:18.1905|INFO|PHD2Client.cs|StartNewGuidingSession|393|PHD2Client: New guiding session started
2026-05-28T02:49:18.1992|INFO|PHD2Client.cs|QueryExposureTime|1216|PHD2Client: Exposure time from PHD2 API: 2.000 seconds (2000 ms)
2026-05-28T02:49:20.2575|WARNING|PHD2Client.cs|ProcessEvent|252|PHD2: StarLost
2026-05-28T02:49:22.8933|WARNING|PHD2Client.cs|ProcessEvent|252|PHD2: StarLost
2026-05-28T02:49:25.0698|WARNING|PHD2Client.cs|ProcessEvent|252|PHD2: StarLost
2026-05-28T02:49:27.4770|WARNING|PHD2Client.cs|ProcessEvent|252|PHD2: StarLost
2026-05-28T02:49:29.6494|WARNING|PHD2Client.cs|ProcessEvent|252|PHD2: StarLost
2026-05-28T02:49:32.0513|WARNING|PHD2Client.cs|ProcessEvent|252|PHD2: StarLost
2026-05-28T02:49:34.2601|WARNING|PHD2Client.cs|ProcessEvent|252|PHD2: StarLost
2026-05-28T02:49:36.6110|WARNING|PHD2Client.cs|ProcessEvent|252|PHD2: StarLost
2026-05-28T02:49:38.7434|WARNING|PHD2Client.cs|ProcessEvent|252|PHD2: StarLost
2026-05-28T02:49:41.1431|WARNING|PHD2Client.cs|ProcessEvent|252|PHD2: StarLost
2026-05-28T02:49:46.0843|WARNING|PHD2Client.cs|ProcessEvent|252|PHD2: StarLost
2026-05-28T02:49:48.2799|WARNING|PHD2Client.cs|ProcessEvent|252|PHD2: StarLost
2026-05-28T02:49:50.6831|WARNING|PHD2Client.cs|ProcessEvent|252|PHD2: StarLost
2026-05-28T02:49:55.2930|WARNING|PHD2Client.cs|ProcessEvent|252|PHD2: StarLost
2026-05-28T02:49:57.5383|WARNING|PHD2Client.cs|ProcessEvent|252|PHD2: StarLost
2026-05-28T02:49:59.9697|WARNING|PHD2Client.cs|ProcessEvent|252|PHD2: StarLost
2026-05-28T02:50:02.1897|WARNING|PHD2Client.cs|ProcessEvent|252|PHD2: StarLost
2026-05-28T02:50:07.0932|WARNING|PHD2Client.cs|ProcessEvent|252|PHD2: StarLost
2026-05-28T02:50:09.5461|WARNING|PHD2Client.cs|ProcessEvent|252|PHD2: StarLost
2026-05-28T02:50:14.4254|WARNING|PHD2Client.cs|ProcessEvent|252|PHD2: StarLost
2026-05-28T02:50:16.6393|WARNING|PHD2Client.cs|ProcessEvent|252|PHD2: StarLost
2026-05-28T02:50:19.0673|WARNING|PHD2Client.cs|ProcessEvent|252|PHD2: StarLost
2026-05-28T02:50:21.2713|WARNING|PHD2Client.cs|ProcessEvent|252|PHD2: StarLost
2026-05-28T02:50:23.6964|WARNING|PHD2Client.cs|ProcessEvent|252|PHD2: StarLost
2026-05-28T02:50:25.8788|WARNING|PHD2Client.cs|ProcessEvent|252|PHD2: StarLost
2026-05-28T02:50:28.2949|WARNING|PHD2Client.cs|ProcessEvent|252|PHD2: StarLost
2026-05-28T02:50:30.4411|WARNING|PHD2Client.cs|ProcessEvent|252|PHD2: StarLost
2026-05-28T02:50:32.8533|WARNING|PHD2Client.cs|ProcessEvent|252|PHD2: StarLost
2026-05-28T02:50:35.0475|WARNING|PHD2Client.cs|ProcessEvent|252|PHD2: StarLost
2026-05-28T02:50:37.4614|WARNING|PHD2Client.cs|ProcessEvent|252|PHD2: StarLost
2026-05-28T02:50:39.6722|WARNING|PHD2Client.cs|ProcessEvent|252|PHD2: StarLost
2026-05-28T02:50:42.0656|WARNING|PHD2Client.cs|ProcessEvent|252|PHD2: StarLost
2026-05-28T02:50:44.2563|WARNING|PHD2Client.cs|ProcessEvent|252|PHD2: StarLost
2026-05-28T02:50:46.6585|WARNING|PHD2Client.cs|ProcessEvent|252|PHD2: StarLost
2026-05-28T02:50:48.8550|WARNING|PHD2Client.cs|ProcessEvent|252|PHD2: StarLost
2026-05-28T02:50:49.0231|INFO|PHD2Client.cs|HandleSettleDone|343|PHD2Client: SettleDone - Status=1, Success=False, TotalFrames=39, DroppedFrames=35
2026-05-28T02:50:49.0233|WARNING|DitherStatisticsVM.cs|OnPHD2SettleDone|772|⚠️ SettleDone received but no currentDither exists (race condition?)
2026-05-28T02:50:49.3856|ERROR|PHD2Guider.cs|ProcessEvent|937|PHD2 error:timed-out waiting for guider to settle
2026-05-28T02:50:49.4140|INFO|SequenceItem.cs|Run|254|Finishing Category: Guider, Item: StartGuiding
2026-05-28T02:50:49.4142|INFO|SequenceItem.cs|Run|254|Finishing Category: Powerups (Expressions), Item: IfFailed
2026-05-28T02:50:49.4143|INFO|SequenceItem.cs|Run|254|Finishing Category: * Instruction Set *, Container: NINA.Sequencer.Container.SequentialContainer, Strategy: SequentialStrategy, Items[FINISHED]: 1, Triggers: Trigger: RestoreGuiding
2026-05-28T02:50:49.4170|INFO|SequenceItem.cs|Run|208|Starting Category: Scheduler, Item: TakeExposure, ExposureTime 180, Gain 100, Offset 50, ImageType LIGHT, Binning 1x1
2026-05-28T02:50:49.4221|INFO|CameraVM.cs|Capture|742|Starting Exposure - Exposure Time: 180s; Filter: ; Gain: 100; Offset 50; Binning: 1x1;
2026-05-28T02:50:51.2665|WARNING|PHD2Client.cs|ProcessEvent|252|PHD2: StarLost
2026-05-28T02:50:53.4366|WARNING|PHD2Client.cs|ProcessEvent|252|PHD2: StarLost
2026-05-28T02:50:55.8293|WARNING|PHD2Client.cs|ProcessEvent|252|PHD2: StarLost
2026-05-28T02:50:58.0001|WARNING|PHD2Client.cs|ProcessEvent|252|PHD2: StarLost
2026-05-28T02:51:00.4004|WARNING|PHD2Client.cs|ProcessEvent|252|PHD2: StarLost
2026-05-28T02:51:02.5882|WARNING|PHD2Client.cs|ProcessEvent|252|PHD2: StarLost
2026-05-28T02:51:04.9985|WARNING|PHD2Client.cs|ProcessEvent|252|PHD2: StarLost
2026-05-28T02:51:07.1664|WARNING|PHD2Client.cs|ProcessEvent|252|PHD2: StarLost
2026-05-28T02:51:09.5828|WARNING|PHD2Client.cs|ProcessEvent|252|PHD2: StarLost
2026-05-28T02:51:11.7711|WARNING|PHD2Client.cs|ProcessEvent|252|PHD2: StarLost
2026-05-28T02:51:13.5363|INFO|TsProgressReader.cs|ReadProgressDelta|75|[Subframes] TS progress delta: DB not found at C:\Users\nicka\AppData\Local\NINA\SchedulerPlugin — Target Scheduler not installed or DB path mismatch.
2026-05-28T02:51:14.1515|WARNING|PHD2Client.cs|ProcessEvent|252|PHD2: StarLost
2026-05-28T02:51:16.3632|WARNING|PHD2Client.cs|ProcessEvent|252|PHD2: StarLost
2026-05-28T02:51:18.7864|WARNING|PHD2Client.cs|ProcessEvent|252|PHD2: StarLost
2026-05-28T02:51:21.0242|WARNING|PHD2Client.cs|ProcessEvent|252|PHD2: StarLost
2026-05-28T02:51:23.4222|WARNING|PHD2Client.cs|ProcessEvent|252|PHD2: StarLost
2026-05-28T02:51:25.6054|WARNING|PHD2Client.cs|ProcessEvent|252|PHD2: StarLost
2026-05-28T02:51:28.0073|WARNING|PHD2Client.cs|ProcessEvent|252|PHD2: StarLost
2026-05-28T02:51:30.1692|WARNING|PHD2Client.cs|ProcessEvent|252|PHD2: StarLost
2026-05-28T02:51:32.5254|WARNING|PHD2Client.cs|ProcessEvent|252|PHD2: StarLost
2026-05-28T02:51:34.7023|WARNING|PHD2Client.cs|ProcessEvent|252|PHD2: StarLost
2026-05-28T02:51:37.1256|WARNING|PHD2Client.cs|ProcessEvent|252|PHD2: StarLost
2026-05-28T02:51:39.3093|WARNING|PHD2Client.cs|ProcessEvent|252|PHD2: StarLost
2026-05-28T02:51:41.7105|WARNING|PHD2Client.cs|ProcessEvent|252|PHD2: StarLost
2026-05-28T02:51:43.9031|WARNING|PHD2Client.cs|ProcessEvent|252|PHD2: StarLost
2026-05-28T02:51:46.3012|WARNING|PHD2Client.cs|ProcessEvent|252|PHD2: StarLost
2026-05-28T02:51:48.4530|WARNING|PHD2Client.cs|ProcessEvent|252|PHD2: StarLost
2026-05-28T02:51:50.8657|WARNING|PHD2Client.cs|ProcessEvent|252|PHD2: StarLost
2026-05-28T02:51:53.0220|WARNING|PHD2Client.cs|ProcessEvent|252|PHD2: StarLost
2026-05-28T02:51:55.4444|WARNING|PHD2Client.cs|ProcessEvent|252|PHD2: StarLost
2026-05-28T02:51:57.6208|WARNING|PHD2Client.cs|ProcessEvent|252|PHD2: StarLost
2026-05-28T02:52:00.0130|WARNING|PHD2Client.cs|ProcessEvent|252|PHD2: StarLost
2026-05-28T02:52:02.1538|WARNING|PHD2Client.cs|ProcessEvent|252|PHD2: StarLost
2026-05-28T02:52:04.5181|WARNING|PHD2Client.cs|ProcessEvent|252|PHD2: StarLost
2026-05-28T02:52:06.6994|WARNING|PHD2Client.cs|ProcessEvent|252|PHD2: StarLost
2026-05-28T02:52:09.0638|WARNING|PHD2Client.cs|ProcessEvent|252|PHD2: StarLost
2026-05-28T02:52:11.2411|WARNING|PHD2Client.cs|ProcessEvent|252|PHD2: StarLost
2026-05-28T02:52:13.6877|WARNING|PHD2Client.cs|ProcessEvent|252|PHD2: StarLost
2026-05-28T02:52:15.8991|WARNING|PHD2Client.cs|ProcessEvent|252|PHD2: StarLost
2026-05-28T02:52:18.3056|WARNING|PHD2Client.cs|ProcessEvent|252|PHD2: StarLost
2026-05-28T02:52:20.4534|WARNING|PHD2Client.cs|ProcessEvent|252|PHD2: StarLost
2026-05-28T02:52:22.8935|WARNING|PHD2Client.cs|ProcessEvent|252|PHD2: StarLost
2026-05-28T02:52:25.0655|WARNING|PHD2Client.cs|ProcessEvent|252|PHD2: StarLost
2026-05-28T02:52:27.4873|WARNING|PHD2Client.cs|ProcessEvent|252|PHD2: StarLost
2026-05-28T02:52:29.6838|WARNING|PHD2Client.cs|ProcessEvent|252|PHD2: StarLost
2026-05-28T02:52:32.0936|WARNING|PHD2Client.cs|ProcessEvent|252|PHD2: StarLost
2026-05-28T02:52:34.3593|WARNING|PHD2Client.cs|ProcessEvent|252|PHD2: StarLost
2026-05-28T02:52:36.8212|WARNING|PHD2Client.cs|ProcessEvent|252|PHD2: StarLost
2026-05-28T02:52:39.0275|WARNING|PHD2Client.cs|ProcessEvent|252|PHD2: StarLost
2026-05-28T02:52:41.4409|WARNING|PHD2Client.cs|ProcessEvent|252|PHD2: StarLost
2026-05-28T02:52:43.6391|WARNING|PHD2Client.cs|ProcessEvent|252|PHD2: StarLost
2026-05-28T02:52:46.0658|WARNING|PHD2Client.cs|ProcessEvent|252|PHD2: StarLost
2026-05-28T02:52:48.2186|WARNING|PHD2Client.cs|ProcessEvent|252|PHD2: StarLost
2026-05-28T02:52:50.6077|WARNING|PHD2Client.cs|ProcessEvent|252|PHD2: StarLost
2026-05-28T02:52:52.8138|WARNING|PHD2Client.cs|ProcessEvent|252|PHD2: StarLost
2026-05-28T02:52:55.2181|WARNING|PHD2Client.cs|ProcessEvent|252|PHD2: StarLost
2026-05-28T02:52:57.3792|WARNING|PHD2Client.cs|ProcessEvent|252|PHD2: StarLost
2026-05-28T02:53:02.1807|WARNING|PHD2Client.cs|ProcessEvent|252|PHD2: StarLost
2026-05-28T02:53:04.5636|WARNING|PHD2Client.cs|ProcessEvent|252|PHD2: StarLost
2026-05-28T02:53:06.7497|WARNING|PHD2Client.cs|ProcessEvent|252|PHD2: StarLost
2026-05-28T02:53:09.1581|WARNING|PHD2Client.cs|ProcessEvent|252|PHD2: StarLost
2026-05-28T02:53:11.3927|WARNING|PHD2Client.cs|ProcessEvent|252|PHD2: StarLost
2026-05-28T02:53:13.7859|WARNING|PHD2Client.cs|ProcessEvent|252|PHD2: StarLost
2026-05-28T02:53:15.9955|WARNING|PHD2Client.cs|ProcessEvent|252|PHD2: StarLost
2026-05-28T02:53:18.4068|WARNING|PHD2Client.cs|ProcessEvent|252|PHD2: StarLost
2026-05-28T02:53:20.5902|WARNING|PHD2Client.cs|ProcessEvent|252|PHD2: StarLost
2026-05-28T02:53:22.9952|WARNING|PHD2Client.cs|ProcessEvent|252|PHD2: StarLost
2026-05-28T02:53:25.1727|WARNING|PHD2Client.cs|ProcessEvent|252|PHD2: StarLost
2026-05-28T02:53:27.5870|WARNING|PHD2Client.cs|ProcessEvent|252|PHD2: StarLost
2026-05-28T02:53:29.2056|INFO|SafetyMonitorVM.cs|UpdateMonitorValues|95|SafetyMonitorInfo state changed to Unsafe
2026-05-28T02:53:29.2243|INFO|SessionEventCollector.cs|SaveEvent|128|NightSummary: Event logged — RoofClosed: Safety monitor: Unsafe
2026-05-28T02:53:29.7497|WARNING|PHD2Client.cs|ProcessEvent|252|PHD2: StarLost
2026-05-28T02:53:32.1332|WARNING|PHD2Client.cs|ProcessEvent|252|PHD2: StarLost
2026-05-28T02:53:33.2474|INFO|WhenUnsafe.cs|CheckSafe|77|IsSafe is now FALSE; connected = True, IsSafe = False
2026-05-28T02:53:33.2475|INFO|WhenCommon.cs|ShouldTrigger|378|ShouldTrigger TRUE from InterruptWhen, setting TriggerRunner
2026-05-28T02:53:33.2488|INFO|WhenCommon.cs|InterruptWhen|322|Interrupting current Instruction Set
2026-05-28T02:53:34.5561|INFO|WhenCommon.cs|InterruptWhen|332|Canceling sequence...
2026-05-28T02:53:34.6414|INFO|WhenCommon.cs|SequenceBlockTeardown|198|Teardown; shutting down watchdog
2026-05-28T02:53:34.6444|INFO|Sequencer.cs|Start|85|Sequence run was cancelled
2026-05-28T02:53:34.6939|INFO|Sequence2VM.cs|StartSequence|548|Advanced Sequence finished
2026-05-28T02:53:34.6949|INFO|Plugin.cs|OnSequenceFinished|477|[Subframes] Sequence run ended - closing active session.
2026-05-28T02:53:34.7081|INFO|TsGradingReader.cs|ReadGradingResults|30|[Subframes] Target Scheduler not detected (no database at C:\Users\nicka\AppData\Local\NINA\SchedulerPlugin)
2026-05-28T02:53:34.7082|INFO|SessionService.cs|EndSessionAsync|425|[Subframes] TS grading results: 0 entry/entries.
2026-05-28T02:53:34.7086|INFO|TsProgressReader.cs|ReadProgress|133|[Subframes] Target Scheduler not detected (no database at C:\Users\nicka\AppData\Local\NINA\SchedulerPlugin)
2026-05-28T02:53:34.7087|INFO|SessionService.cs|EndSessionAsync|427|[Subframes] TS progress results: 0 row(s).
2026-05-28T02:53:34.7154|WARNING|SessionService.cs|OnSequenceFinished|292|NightSummary: Sequence finished with active session df64a908-2f04-475d-9246-eedc3a7d8722 — End Session instruction did not run. Session data preserved; use Resend Previous Session for a report.
2026-05-28T02:53:34.7422|INFO|SubframesClient.cs|EndSessionAsync|273|[Subframes] Session ended: 488ed467-5289-4740-b683-e0aa7c3efabe
2026-05-28T02:53:34.7443|INFO|SessionService.cs|EndSessionAsync|452|[Subframes] Session ended.
2026-05-28T02:53:34.7445|INFO|CacheReplayEngine.cs|ResumeAfterLiveSession|90|[Subframes] CacheReplayEngine: resumed after live session.
2026-05-28T02:53:35.5587|INFO|WhenCommon.cs|InterruptWhen|339|Sequence no longer running
2026-05-28T02:53:35.5608|WARNING|WhenCommon.cs|CheckSlewing|263|CheckSlewing, WhenUnsafe = True, Connected = True, CanSlew = True, info.Slewing = False
2026-05-28T02:53:35.5631|INFO|Sequence2VM.cs|StartSequence|543|Advanced Sequence starting
2026-05-28T02:53:35.6737|INFO|SequenceItem.cs|Run|208|Starting Category: * Instruction Set *, Container: NINA.Sequencer.Container.SequenceRootContainer, Strategy: SequentialStrategy, Items[CREATED]: 3, Triggers: Category: Ground Station, Item: Failures to Telegram
2026-05-28T02:53:35.6740|INFO|SequenceItem.cs|Run|208|Starting Category: * Instruction Set *, Container: NINA.Sequencer.Container.StartAreaContainer, Strategy: SequentialStrategy, Items[FINISHED]: 1
2026-05-28T02:53:35.6741|INFO|SequenceItem.cs|Run|254|Finishing Category: * Instruction Set *, Container: NINA.Sequencer.Container.StartAreaContainer, Strategy: SequentialStrategy, Items[FINISHED]: 1
2026-05-28T02:53:35.6742|INFO|SequenceItem.cs|Run|208|Starting Category: * Instruction Set *, Container: NINA.Sequencer.Container.TargetAreaContainer, Strategy: SequentialStrategy, Items[CREATED]: 1
2026-05-28T02:53:35.6743|INFO|SequenceItem.cs|Run|208|Starting Category: * Instruction Set *, Container: NINA.Sequencer.Container.SequentialContainer, Strategy: SequentialStrategy, Items[FINISHED]: 11, Items[CREATED]: 1, Conditions: Condition: TimeCondition, Time: 6:6:59h, Condition: TargetSchedulerCondition mode=While Targets Remain Tonight, , Triggers: Trigger: CenterAfterDriftTrigger, DistanceArcMinutes: 1Trigger: WhenUnsafeCategory: Ground Station, Item: Failures to TelegramCategory: Connect, Item: ReconnectOnDownloadFailureTrigger: AutofocusAfterHFRIncreaseTrigger, Amount: 5Trigger: MeridianFlipTriggerCategory: Powerups (Misc), Item: DIYTriggerCategory: Ground Station, Item: Failures to PushoverTrigger: AutofocusAfterTemperatureChangeTrigger, Amount: 1.5°
2026-05-28T02:53:35.6745|INFO|WhenCommon.cs|SequenceBlockInitialize|204|Initialize; starting watchdog
2026-05-28T02:53:35.6749|INFO|WhenCommon.cs|ShouldTrigger|382|ShouldTrigger TRUE, setting TriggerRunner
2026-05-28T02:53:35.6750|INFO|SequenceTrigger.cs|Run|114|Starting Trigger: WhenUnsafe
2026-05-28T02:53:35.6825|INFO|WhenCommon.cs|Execute|395|Execute 0
2026-05-28T02:53:35.7068|INFO|WhenCommon.cs|Execute|409|When: running TriggerRunner, InFlight -> true, Triggered -> false
2026-05-28T02:53:35.7069|WARNING|WhenCommon.cs|CheckSlewing|263|CheckSlewing, WhenUnsafe = True, Connected = True, CanSlew = True, info.Slewing = False
2026-05-28T02:53:35.7072|INFO|SequenceItem.cs|Run|208|Starting Category: , Container: WhenPlugin.When.IfContainer, Strategy: SequentialStrategy, Items[CREATED]: 9
2026-05-28T02:53:35.7321|INFO|MeridianFlipTrigger.cs|ShouldTrigger|265|Meridian Flip - There is still time remaining - max remaining time 11:05:17.4555195, next instruction time 0, next instruction Category: Ground Station, Item: Send to Telegram - and the telescope reports expected pier side pierEast. Automated Flip is not necessary.
2026-05-28T02:53:35.7323|INFO|SequenceItem.cs|Run|208|Starting Category: Ground Station, Item: Send to Telegram
2026-05-28T02:53:36.3923|INFO|SequenceItem.cs|Run|254|Finishing Category: Ground Station, Item: Send to Telegram
2026-05-28T02:53:36.3928|INFO|MeridianFlipTrigger.cs|ShouldTrigger|265|Meridian Flip - There is still time remaining - max remaining time 11:05:15.4276672, next instruction time 0, next instruction Category: Ground Station, Item: Send to Pushover, Title: Unsafe - and the telescope reports expected pier side pierEast. Automated Flip is not necessary.
2026-05-28T02:53:36.3928|INFO|SequenceItem.cs|Run|208|Starting Category: Ground Station, Item: Send to Pushover, Title: Unsafe
2026-05-28T02:53:36.5104|WARNING|PHD2Client.cs|ProcessEvent|252|PHD2: StarLost
2026-05-28T02:53:36.5467|INFO|SequenceItem.cs|Run|254|Finishing Category: Ground Station, Item: Send to Pushover, Title: Unsafe
2026-05-28T02:53:36.5472|INFO|MeridianFlipTrigger.cs|ShouldTrigger|265|Meridian Flip - There is still time remaining - max remaining time 11:05:15.4276672, next instruction time 0, next instruction Category: Telescope, Item: FindHome - and the telescope reports expected pier side pierEast. Automated Flip is not necessary.
2026-05-28T02:53:36.5472|INFO|SequenceItem.cs|Run|208|Starting Category: Telescope, Item: FindHome
2026-05-28T02:53:38.2657|INFO|CacheReplayEngine.cs|ReplaySessionAsync|195|[Subframes] Replaying session local=2683c65d-e43e-44e9-b75d-d468798d9c05 ack=True
2026-05-28T02:53:38.3132|INFO|SubframesClient.cs|StartTargetAsync|316|[Subframes] Target started:  name='M51'
2026-05-28T02:53:38.3437|INFO|SubframesClient.cs|StartTargetAsync|316|[Subframes] Target started:  name='M51'
2026-05-28T02:53:38.3724|INFO|SubframesClient.cs|StartTargetAsync|316|[Subframes] Target started:  name='M51'
2026-05-28T02:53:38.4009|INFO|SubframesClient.cs|StartTargetAsync|316|[Subframes] Target started:  name='M51'
2026-05-28T02:53:38.4032|INFO|PHD2Client.cs|ProcessEvent|268|PHD2: ConfigurationChange
2026-05-28T02:53:38.4097|WARNING|PHD2Client.cs|ProcessEvent|252|PHD2: LockPositionLost
2026-05-28T02:53:38.4302|INFO|SubframesClient.cs|StartTargetAsync|316|[Subframes] Target started:  name='M51'
2026-05-28T02:53:38.4592|INFO|SubframesClient.cs|StartTargetAsync|316|[Subframes] Target started:  name='M51'
2026-05-28T02:53:38.4881|INFO|SubframesClient.cs|StartTargetAsync|316|[Subframes] Target started:  name='M51'
2026-05-28T02:53:38.4933|INFO|PHD2Client.cs|QueryExposureTime|1216|PHD2Client: Exposure time from PHD2 API: 2.000 seconds (2000 ms)
2026-05-28T02:53:38.5173|INFO|SubframesClient.cs|StartTargetAsync|316|[Subframes] Target started:  name='M51'
2026-05-28T02:53:38.5462|INFO|SubframesClient.cs|StartTargetAsync|316|[Subframes] Target started:  name='M51'
2026-05-28T02:53:38.5750|INFO|SubframesClient.cs|StartTargetAsync|316|[Subframes] Target started:  name='M51'
2026-05-28T02:53:38.6030|INFO|SubframesClient.cs|StartTargetAsync|316|[Subframes] Target started:  name='M51'
2026-05-28T02:53:38.6323|INFO|SubframesClient.cs|StartTargetAsync|316|[Subframes] Target started:  name='M51'
2026-05-28T02:53:38.6624|INFO|SubframesClient.cs|StartTargetAsync|316|[Subframes] Target started:  name='M51'
2026-05-28T02:53:38.6846|INFO|TelescopeVM.cs|FindHome|292|Mount ordered to locate home position
2026-05-28T02:53:38.6916|INFO|SubframesClient.cs|StartTargetAsync|316|[Subframes] Target started:  name='M51'
2026-05-28T02:53:38.7211|INFO|SubframesClient.cs|StartTargetAsync|316|[Subframes] Target started:  name='M51'
2026-05-28T02:53:38.7499|INFO|SubframesClient.cs|StartTargetAsync|316|[Subframes] Target started:  name='M51'
2026-05-28T02:53:38.7783|INFO|SubframesClient.cs|StartTargetAsync|316|[Subframes] Target started:  name='M51'
2026-05-28T02:53:38.8068|INFO|SubframesClient.cs|StartTargetAsync|316|[Subframes] Target started:  name='M51'
2026-05-28T02:53:38.8352|INFO|SubframesClient.cs|StartTargetAsync|316|[Subframes] Target started:  name='M51'
2026-05-28T02:53:38.8655|INFO|SubframesClient.cs|StartTargetAsync|316|[Subframes] Target started:  name='M51'
2026-05-28T02:53:38.8941|INFO|SubframesClient.cs|StartTargetAsync|316|[Subframes] Target started:  name='M51'
2026-05-28T02:53:38.9226|INFO|SubframesClient.cs|StartTargetAsync|316|[Subframes] Target started:  name='M51'
2026-05-28T02:53:38.9511|INFO|SubframesClient.cs|StartTargetAsync|316|[Subframes] Target started:  name='M51'
2026-05-28T02:53:38.9792|INFO|SubframesClient.cs|StartTargetAsync|316|[Subframes] Target started:  name='DarkTower - BB'
2026-05-28T02:53:39.0079|INFO|SubframesClient.cs|StartTargetAsync|316|[Subframes] Target started:  name='DarkTower - BB'
2026-05-28T02:53:39.0366|INFO|SubframesClient.cs|StartTargetAsync|316|[Subframes] Target started:  name='DarkTower - BB'
2026-05-28T02:53:39.0651|INFO|SubframesClient.cs|StartTargetAsync|316|[Subframes] Target started:  name='DarkTower - BB'
2026-05-28T02:53:39.1966|INFO|SubframesClient.cs|StartTargetAsync|316|[Subframes] Target started:  name='DarkTower - BB'
2026-05-28T02:53:39.2265|INFO|SubframesClient.cs|StartTargetAsync|316|[Subframes] Target started:  name='DarkTower - BB'
2026-05-28T02:53:39.3664|INFO|SubframesClient.cs|StartTargetAsync|316|[Subframes] Target started:  name='DarkTower - BB'
2026-05-28T02:53:39.5093|INFO|SubframesClient.cs|StartTargetAsync|316|[Subframes] Target started:  name='DarkTower - BB'
2026-05-28T02:53:39.5380|INFO|SubframesClient.cs|StartTargetAsync|316|[Subframes] Target started:  name='DarkTower - BB'
2026-05-28T02:53:39.6689|INFO|SubframesClient.cs|StartTargetAsync|316|[Subframes] Target started:  name='DarkTower - BB'
2026-05-28T02:53:39.8092|INFO|SubframesClient.cs|StartTargetAsync|316|[Subframes] Target started:  name='DarkTower - BB'
2026-05-28T02:53:39.8148|INFO|CacheReplayEngine.cs|ReplaySessionAsync|323|[Subframes] Replay: 0 frame(s) uploaded for session=488ed467-5289-4740-b683-e0aa7c3efabe
2026-05-28T02:53:39.8235|INFO|CacheReplayEngine.cs|ReplaySessionAsync|362|[Subframes] Replay complete for session=488ed467-5289-4740-b683-e0aa7c3efabe
2026-05-28T02:54:24.4124|INFO|TelescopeVM.cs|FindHome|348|Mount has located its home position
2026-05-28T02:54:24.4127|INFO|SequenceItem.cs|Run|254|Finishing Category: Telescope, Item: FindHome
2026-05-28T02:54:24.4130|INFO|MeridianFlipTrigger.cs|ShouldTrigger|197|Meridian Flip - Telescope is at home position. Skip flip evaluation
2026-05-28T02:54:24.4135|INFO|SequenceItem.cs|Run|208|Starting Category: Guider, Item: StopGuiding
2026-05-28T02:54:24.4161|INFO|PHD2Guider.cs|StopGuiding|704|Phd2 - Stop Guiding skipped, as the app is already in state Stopped
2026-05-28T02:54:24.4162|INFO|SequenceItem.cs|Run|254|Finishing Category: Guider, Item: StopGuiding
2026-05-28T02:54:24.4166|INFO|MeridianFlipTrigger.cs|ShouldTrigger|197|Meridian Flip - Telescope is at home position. Skip flip evaluation
2026-05-28T02:54:24.4172|INFO|SequenceItem.cs|Run|208|Starting Category: Connect, Item: DisconnectEquipment, Selected device: Safety Monitor
2026-05-28T02:54:24.4778|INFO|AscomDevice.cs|Disconnect|378|Disconnecting from ASCOM.GenericFile.SafetyMonitor Generic File driver
2026-05-28T02:54:24.5042|INFO|SafetyMonitorVM.cs|Disconnect|221|Disconnected Safety Monitor
2026-05-28T02:54:24.5044|INFO|SequenceItem.cs|Run|254|Finishing Category: Connect, Item: DisconnectEquipment, Selected device: Safety Monitor
2026-05-28T02:54:24.5288|INFO|MeridianFlipTrigger.cs|ShouldTrigger|197|Meridian Flip - Telescope is at home position. Skip flip evaluation
2026-05-28T02:54:24.5295|INFO|SequenceItem.cs|Run|208|Starting Category: Utility, Item: WaitForTimeSpan, Time: 60s
2026-05-28T02:55:24.6363|INFO|SequenceItem.cs|Run|254|Finishing Category: Utility, Item: WaitForTimeSpan, Time: 60s
2026-05-28T02:55:24.6371|INFO|MeridianFlipTrigger.cs|ShouldTrigger|197|Meridian Flip - Telescope is at home position. Skip flip evaluation
2026-05-28T02:55:24.6384|INFO|SequenceItem.cs|Run|208|Starting Category: Connect, Item: ConnectEquipment, Selected device: Safety Monitor, Selected device id: ASCOM.GenericFile.SafetyMonitor
2026-05-28T02:55:26.6833|INFO|SafetyMonitorChooserVM.cs|GetEquipment|71|Found 0 Alpaca Safety Monitors
2026-05-28T02:55:26.7485|INFO|SafetyMonitorVM.cs|Disconnect|221|Disconnected Safety Monitor
2026-05-28T02:55:26.8261|INFO|SafetyMonitorVM.cs|Connect|175|Successfully connected Safety Monitor. Id: ASCOM.GenericFile.SafetyMonitor Name: Generic File driver DisplayName: Generic File driver (ASCOM) Driver Version: 6.4
2026-05-28T02:55:26.8262|INFO|SequenceItem.cs|Run|254|Finishing Category: Connect, Item: ConnectEquipment, Selected device: Safety Monitor, Selected device id: ASCOM.GenericFile.SafetyMonitor
2026-05-28T02:55:26.8265|INFO|MeridianFlipTrigger.cs|ShouldTrigger|197|Meridian Flip - Telescope is at home position. Skip flip evaluation
2026-05-28T02:55:26.8266|INFO|SequenceItem.cs|Run|208|Starting Category: Utility, Item: WaitForTimeSpan, Time: 60s
2026-05-28T02:55:28.8336|INFO|SafetyMonitorVM.cs|UpdateMonitorValues|95|SafetyMonitorInfo state changed to Unsafe
2026-05-28T02:56:13.5243|INFO|TsProgressReader.cs|ReadProgressDelta|75|[Subframes] TS progress delta: DB not found at C:\Users\nicka\AppData\Local\NINA\SchedulerPlugin — Target Scheduler not installed or DB path mismatch.
2026-05-28T02:56:26.9420|INFO|SequenceItem.cs|Run|254|Finishing Category: Utility, Item: WaitForTimeSpan, Time: 60s
2026-05-28T02:56:26.9426|INFO|MeridianFlipTrigger.cs|ShouldTrigger|197|Meridian Flip - Telescope is at home position. Skip flip evaluation
2026-05-28T02:56:26.9433|INFO|SequenceItem.cs|Run|208|Starting Category: Powerups (Safety), Item: OnceSafe
2026-05-28T03:01:13.5383|INFO|TsProgressReader.cs|ReadProgressDelta|75|[Subframes] TS progress delta: DB not found at C:\Users\nicka\AppData\Local\NINA\SchedulerPlugin — Target Scheduler not installed or DB path mismatch.
2026-05-28T03:06:13.5316|INFO|TsProgressReader.cs|ReadProgressDelta|75|[Subframes] TS progress delta: DB not found at C:\Users\nicka\AppData\Local\NINA\SchedulerPlugin — Target Scheduler not installed or DB path mismatch.
2026-05-28T03:11:13.5259|INFO|TsProgressReader.cs|ReadProgressDelta|75|[Subframes] TS progress delta: DB not found at C:\Users\nicka\AppData\Local\NINA\SchedulerPlugin — Target Scheduler not installed or DB path mismatch.
2026-05-28T03:16:13.5314|INFO|TsProgressReader.cs|ReadProgressDelta|75|[Subframes] TS progress delta: DB not found at C:\Users\nicka\AppData\Local\NINA\SchedulerPlugin — Target Scheduler not installed or DB path mismatch.
2026-05-28T03:21:13.5316|INFO|TsProgressReader.cs|ReadProgressDelta|75|[Subframes] TS progress delta: DB not found at C:\Users\nicka\AppData\Local\NINA\SchedulerPlugin — Target Scheduler not installed or DB path mismatch.
2026-05-28T03:26:13.5357|INFO|TsProgressReader.cs|ReadProgressDelta|75|[Subframes] TS progress delta: DB not found at C:\Users\nicka\AppData\Local\NINA\SchedulerPlugin — Target Scheduler not installed or DB path mismatch.
2026-05-28T03:31:13.5271|INFO|TsProgressReader.cs|ReadProgressDelta|75|[Subframes] TS progress delta: DB not found at C:\Users\nicka\AppData\Local\NINA\SchedulerPlugin — Target Scheduler not installed or DB path mismatch.
2026-05-28T03:36:13.5308|INFO|TsProgressReader.cs|ReadProgressDelta|75|[Subframes] TS progress delta: DB not found at C:\Users\nicka\AppData\Local\NINA\SchedulerPlugin — Target Scheduler not installed or DB path mismatch.
2026-05-28T03:41:13.5308|INFO|TsProgressReader.cs|ReadProgressDelta|75|[Subframes] TS progress delta: DB not found at C:\Users\nicka\AppData\Local\NINA\SchedulerPlugin — Target Scheduler not installed or DB path mismatch.
2026-05-28T03:46:13.5245|INFO|TsProgressReader.cs|ReadProgressDelta|75|[Subframes] TS progress delta: DB not found at C:\Users\nicka\AppData\Local\NINA\SchedulerPlugin — Target Scheduler not installed or DB path mismatch.
2026-05-28T03:51:13.5376|INFO|TsProgressReader.cs|ReadProgressDelta|75|[Subframes] TS progress delta: DB not found at C:\Users\nicka\AppData\Local\NINA\SchedulerPlugin — Target Scheduler not installed or DB path mismatch.
2026-05-28T03:56:13.5281|INFO|TsProgressReader.cs|ReadProgressDelta|75|[Subframes] TS progress delta: DB not found at C:\Users\nicka\AppData\Local\NINA\SchedulerPlugin — Target Scheduler not installed or DB path mismatch.
2026-05-28T04:01:13.5353|INFO|TsProgressReader.cs|ReadProgressDelta|75|[Subframes] TS progress delta: DB not found at C:\Users\nicka\AppData\Local\NINA\SchedulerPlugin — Target Scheduler not installed or DB path mismatch.
2026-05-28T04:06:13.5297|INFO|TsProgressReader.cs|ReadProgressDelta|75|[Subframes] TS progress delta: DB not found at C:\Users\nicka\AppData\Local\NINA\SchedulerPlugin — Target Scheduler not installed or DB path mismatch.
2026-05-28T04:11:13.5233|INFO|TsProgressReader.cs|ReadProgressDelta|75|[Subframes] TS progress delta: DB not found at C:\Users\nicka\AppData\Local\NINA\SchedulerPlugin — Target Scheduler not installed or DB path mismatch.
2026-05-28T04:16:13.5354|INFO|TsProgressReader.cs|ReadProgressDelta|75|[Subframes] TS progress delta: DB not found at C:\Users\nicka\AppData\Local\NINA\SchedulerPlugin — Target Scheduler not installed or DB path mismatch.
2026-05-28T04:21:13.5337|INFO|TsProgressReader.cs|ReadProgressDelta|75|[Subframes] TS progress delta: DB not found at C:\Users\nicka\AppData\Local\NINA\SchedulerPlugin — Target Scheduler not installed or DB path mismatch.
2026-05-28T04:26:13.5287|INFO|TsProgressReader.cs|ReadProgressDelta|75|[Subframes] TS progress delta: DB not found at C:\Users\nicka\AppData\Local\NINA\SchedulerPlugin — Target Scheduler not installed or DB path mismatch.
2026-05-28T04:31:13.5248|INFO|TsProgressReader.cs|ReadProgressDelta|75|[Subframes] TS progress delta: DB not found at C:\Users\nicka\AppData\Local\NINA\SchedulerPlugin — Target Scheduler not installed or DB path mismatch.
2026-05-28T04:36:13.5328|INFO|TsProgressReader.cs|ReadProgressDelta|75|[Subframes] TS progress delta: DB not found at C:\Users\nicka\AppData\Local\NINA\SchedulerPlugin — Target Scheduler not installed or DB path mismatch.
2026-05-28T04:41:13.5348|INFO|TsProgressReader.cs|ReadProgressDelta|75|[Subframes] TS progress delta: DB not found at C:\Users\nicka\AppData\Local\NINA\SchedulerPlugin — Target Scheduler not installed or DB path mismatch.
2026-05-28T04:46:13.5252|INFO|TsProgressReader.cs|ReadProgressDelta|75|[Subframes] TS progress delta: DB not found at C:\Users\nicka\AppData\Local\NINA\SchedulerPlugin — Target Scheduler not installed or DB path mismatch.
2026-05-28T04:51:13.5284|INFO|TsProgressReader.cs|ReadProgressDelta|75|[Subframes] TS progress delta: DB not found at C:\Users\nicka\AppData\Local\NINA\SchedulerPlugin — Target Scheduler not installed or DB path mismatch.
2026-05-28T04:56:13.5332|INFO|TsProgressReader.cs|ReadProgressDelta|75|[Subframes] TS progress delta: DB not found at C:\Users\nicka\AppData\Local\NINA\SchedulerPlugin — Target Scheduler not installed or DB path mismatch.
2026-05-28T05:01:13.5321|INFO|TsProgressReader.cs|ReadProgressDelta|75|[Subframes] TS progress delta: DB not found at C:\Users\nicka\AppData\Local\NINA\SchedulerPlugin — Target Scheduler not installed or DB path mismatch.
2026-05-28T05:06:13.5372|INFO|TsProgressReader.cs|ReadProgressDelta|75|[Subframes] TS progress delta: DB not found at C:\Users\nicka\AppData\Local\NINA\SchedulerPlugin — Target Scheduler not installed or DB path mismatch.
2026-05-28T05:11:13.5344|INFO|TsProgressReader.cs|ReadProgressDelta|75|[Subframes] TS progress delta: DB not found at C:\Users\nicka\AppData\Local\NINA\SchedulerPlugin — Target Scheduler not installed or DB path mismatch.
2026-05-28T05:16:13.5350|INFO|TsProgressReader.cs|ReadProgressDelta|75|[Subframes] TS progress delta: DB not found at C:\Users\nicka\AppData\Local\NINA\SchedulerPlugin — Target Scheduler not installed or DB path mismatch.
2026-05-28T05:21:13.5387|INFO|TsProgressReader.cs|ReadProgressDelta|75|[Subframes] TS progress delta: DB not found at C:\Users\nicka\AppData\Local\NINA\SchedulerPlugin — Target Scheduler not installed or DB path mismatch.
2026-05-28T05:26:13.5259|INFO|TsProgressReader.cs|ReadProgressDelta|75|[Subframes] TS progress delta: DB not found at C:\Users\nicka\AppData\Local\NINA\SchedulerPlugin — Target Scheduler not installed or DB path mismatch.
2026-05-28T05:31:13.5323|INFO|TsProgressReader.cs|ReadProgressDelta|75|[Subframes] TS progress delta: DB not found at C:\Users\nicka\AppData\Local\NINA\SchedulerPlugin — Target Scheduler not installed or DB path mismatch.
2026-05-28T05:36:13.5372|INFO|TsProgressReader.cs|ReadProgressDelta|75|[Subframes] TS progress delta: DB not found at C:\Users\nicka\AppData\Local\NINA\SchedulerPlugin — Target Scheduler not installed or DB path mismatch.
2026-05-28T05:41:13.5373|INFO|TsProgressReader.cs|ReadProgressDelta|75|[Subframes] TS progress delta: DB not found at C:\Users\nicka\AppData\Local\NINA\SchedulerPlugin — Target Scheduler not installed or DB path mismatch.
2026-05-28T05:46:13.5288|INFO|TsProgressReader.cs|ReadProgressDelta|75|[Subframes] TS progress delta: DB not found at C:\Users\nicka\AppData\Local\NINA\SchedulerPlugin — Target Scheduler not installed or DB path mismatch.
2026-05-28T05:51:13.5267|INFO|TsProgressReader.cs|ReadProgressDelta|75|[Subframes] TS progress delta: DB not found at C:\Users\nicka\AppData\Local\NINA\SchedulerPlugin — Target Scheduler not installed or DB path mismatch.
2026-05-28T05:56:13.5291|INFO|TsProgressReader.cs|ReadProgressDelta|75|[Subframes] TS progress delta: DB not found at C:\Users\nicka\AppData\Local\NINA\SchedulerPlugin — Target Scheduler not installed or DB path mismatch.
2026-05-28T06:01:13.5303|INFO|TsProgressReader.cs|ReadProgressDelta|75|[Subframes] TS progress delta: DB not found at C:\Users\nicka\AppData\Local\NINA\SchedulerPlugin — Target Scheduler not installed or DB path mismatch.
2026-05-28T06:06:13.5281|INFO|TsProgressReader.cs|ReadProgressDelta|75|[Subframes] TS progress delta: DB not found at C:\Users\nicka\AppData\Local\NINA\SchedulerPlugin — Target Scheduler not installed or DB path mismatch.
2026-05-28T06:06:59.7812|INFO|TimeCondition.cs|Check|254|TimeCondition finished.
2026-05-28T06:06:59.7814|INFO|TimeCondition.cs|InterruptWhenTimeIsUp|63|Time limit exceeded - Interrupting current Instruction Set
2026-05-28T06:06:59.7890|INFO|WhenCommon.cs|Execute|425|When: Execute done; InFlight -> false, Triggered false
2026-05-28T06:06:59.7896|INFO|MeridianFlipTrigger.cs|ShouldTrigger|197|Meridian Flip - Telescope is at home position. Skip flip evaluation
2026-05-28T06:06:59.7902|INFO|SequenceItem.cs|Run|208|Starting Category: Target Scheduler, Container: NINA.Plugin.TargetScheduler.Sequencer.TargetSchedulerContainer, Strategy: SequentialStrategy, Target:  RA: 00:00:00; Dec: 00° 00' 00"; Epoch: J2000 0
2026-05-28T06:06:59.8238|INFO|SequenceItem.cs|Run|254|Finishing Category: Target Scheduler, Container: NINA.Plugin.TargetScheduler.Sequencer.TargetSchedulerContainer, Strategy: SequentialStrategy, Target:  RA: 00:00:00; Dec: 00° 00' 00"; Epoch: J2000 0
2026-05-28T06:06:59.8249|INFO|TimeCondition.cs|Check|254|TimeCondition finished.
2026-05-28T06:07:00.0580|INFO|WhenCommon.cs|SequenceBlockTeardown|198|Teardown; shutting down watchdog
2026-05-28T06:07:00.0582|INFO|SequenceItem.cs|Run|254|Finishing Category: * Instruction Set *, Container: NINA.Sequencer.Container.SequentialContainer, Strategy: SequentialStrategy, Items[FINISHED]: 12, Conditions: Condition: TimeCondition, Time: 6:6:59h, Condition: TargetSchedulerCondition mode=While Targets Remain Tonight, , Triggers: Trigger: CenterAfterDriftTrigger, DistanceArcMinutes: 1Trigger: WhenUnsafeCategory: Ground Station, Item: Failures to TelegramCategory: Connect, Item: ReconnectOnDownloadFailureTrigger: AutofocusAfterHFRIncreaseTrigger, Amount: 5Trigger: MeridianFlipTriggerCategory: Powerups (Misc), Item: DIYTriggerCategory: Ground Station, Item: Failures to PushoverTrigger: AutofocusAfterTemperatureChangeTrigger, Amount: 1.5°
2026-05-28T06:07:00.0583|INFO|SequenceItem.cs|Run|254|Finishing Category: * Instruction Set *, Container: NINA.Sequencer.Container.TargetAreaContainer, Strategy: SequentialStrategy, Items[FINISHED]: 1
2026-05-28T06:07:00.0584|INFO|SequenceItem.cs|Run|208|Starting Category: * Instruction Set *, Container: NINA.Sequencer.Container.EndAreaContainer, Strategy: SequentialStrategy, Items[CREATED]: 9
2026-05-28T06:07:00.0587|INFO|SequenceItem.cs|Run|208|Starting Category: Telescope, Item: FindHome
2026-05-28T06:07:00.0609|INFO|PHD2Guider.cs|StopGuiding|704|Phd2 - Stop Guiding skipped, as the app is already in state Stopped
2026-05-28T06:07:00.0609|INFO|TelescopeVM.cs|FindHome|292|Mount ordered to locate home position
2026-05-28T06:07:00.0832|INFO|TelescopeVM.cs|FindHome|336|Mount ordered to home but it is already at home
2026-05-28T06:07:00.0833|INFO|TelescopeVM.cs|FindHome|348|Mount has located its home position
2026-05-28T06:07:00.0835|INFO|SequenceItem.cs|Run|254|Finishing Category: Telescope, Item: FindHome
2026-05-28T06:07:00.0840|INFO|SequenceItem.cs|Run|208|Starting Night Summary - End Session
2026-05-28T06:07:00.0861|INFO|NightSummaryEndInstruction.cs|Execute|28|NightSummary: End Session instruction executing
2026-05-28T06:07:15.1150|INFO|SessionService.cs|CaptureEquipmentNames|1112|NightSummary: Equipment captured — Camera=ZWO ASI533MM Pro, Telescope=AT60, Mount=iOptron CEM120,70,40,26, GEM, HEM, HAE, HAZ series and SkyHunter Mount, FilterWheel=ZWO FilterWheel, Focuser=ZWO Focuser, Rotator=n/a, Guider=PHD2
2026-05-28T06:07:15.1328|INFO|SessionCollector.cs|EndSession|134|NightSummary: Session ended. SessionId=df64a908-2f04-475d-9246-eedc3a7d8722
2026-05-28T06:07:15.1389|WARNING|LiveStackCapture.cs|StopAndCollect|128|NightSummary: LiveStackCapture collected 0 images — Live Stack plugin may not be installed or no stacks were broadcast during the session
2026-05-28T06:07:15.2480|INFO|SessionService.cs|SyncTsGrading|1021|NightSummary: Synced TS grading for 34/34 images
2026-05-28T06:07:15.2653|INFO|SessionService.cs|EndSession|217|NightSummary: EndSession — parsing logs for session df64a908-2f04-475d-9246-eedc3a7d8722 (start=2026-05-27T21:35:46.7101955-05:00, end=2026-05-28T06:07:15.1195149-05:00, images=34)
2026-05-28T06:07:15.3341|WARNING|NinaLogParser.cs|ParseFile|432|NightSummary: LogParser — exposure started at 2026-05-28T02:50:49.4170000 was aborted (no matching finish, duration capped at 210s of raw 11786s)
2026-05-28T06:07:15.3342|INFO|NinaLogParser.cs|ParseFile|445|NightSummary: LogParser — parsed 142 timing events from C:\Users\nicka\AppData\Local\NINA\Logs\20260527-170013-3.2.0.9001.10484-202605.log
2026-05-28T06:07:15.3353|INFO|NinaLogParser.cs|ParseFile|450|NightSummary: LogParser — 348 SequenceItem starts, 34 exposures, 34 saves, 8 plate solves, failed items:1, cancelled items:0
2026-05-28T06:07:15.3385|INFO|NinaLogParser.cs|ParseFile|461|NightSummary: LogParser — overhead categories: SchedulerWait:2(1439s), Autofocus:5(957s), MeridianFlip:1(406s), Guiding:5(259s), Centering:3(245s), AbortedExposure:1(210s), Wait:2(120s), ImageSave:34(83s), FilterChange:11(68s), CameraDownload:34(66s), MountOps:2(48s), PlateSolve:8(14s)
2026-05-28T06:07:15.3462|INFO|NinaLogParser.cs|ParseFile|468|NightSummary: LogParser — skipped (not in allow-list): Send:85, GSSend:68, SetReadoutMode:35, IfFailed:35, Failures:2, DisconnectEquipment:1, ConnectEquipment:1, OnceSafe:1
2026-05-28T06:07:15.3468|INFO|SessionService.cs|EndSession|219|NightSummary: EndSession — parser returned 142 events
2026-05-28T06:07:15.3732|INFO|TargetSchedulerDatabase.cs|GetProgressForTargets|64|NightSummary: Querying TS progress for profile 0173997c-4bfa-48fd-9337-a48b6df99c38
2026-05-28T06:07:15.4178|INFO|SessionService.cs|ComputeCameraFov|1134|NightSummary: ComputeCameraFov (from session) — 3008×3008px, 3.76µm, 360mm → FOV=1.8001° × 1.8001°
2026-05-28T06:07:15.4205|INFO|NightSummaryEndInstruction.cs|Execute|39|NightSummary: Session ended successfully
2026-05-28T06:07:15.4206|INFO|SequenceItem.cs|Run|254|Finishing Night Summary - End Session
2026-05-28T06:07:15.4210|INFO|SequenceItem.cs|Run|208|Starting [EndSubframesSession]
2026-05-28T06:07:15.4226|WARNING|EndSessionItem.cs|Execute|50|[Subframes] EndSessionItem: no active session to end.
2026-05-28T06:07:15.4227|INFO|SequenceItem.cs|Run|254|Finishing [EndSubframesSession]
2026-05-28T06:07:15.4233|INFO|SequenceItem.cs|Run|208|Starting Category: Camera, Item: WarmCamera, Duration: 30
2026-05-28T06:07:15.4239|INFO|SessionService.cs|GenerateAndSendAsync|298|NightSummary: Generating report for session df64a908-2f04-475d-9246-eedc3a7d8722 (profile: 0173997c-4bfa-48fd-9337-a48b6df99c38)
2026-05-28T06:07:15.4504|INFO|CameraVM.cs|WarmCamera|161|Warming Camera. Duration: 00:30:00
2026-05-28T06:07:15.5069|INFO|ReportGenerator.cs|GenerateHtmlReport|241|NightSummary: Overhead section — TimingEvents=142, detailLevel=2, ShowOverheadBreakdown=True
2026-05-28T06:07:15.5223|INFO|ReportGenerator.cs|BuildOverheadBreakdownSection|454|NightSummary: Overhead — window=30673s, integration=16140s, roofClosed=11771s, schedulerWait=1439s, effective=17463s, implied=1323s, merged=2083s, coverage=100.0%, unaccounted=0s
2026-05-28T06:07:15.5399|INFO|ReportGenerator.cs|BuildTargetSection|670|NightSummary: Thumbnail FOV — fovW=1.8001° fovH=1.8001° thumbFov=2.7001°
2026-05-28T06:07:15.5491|INFO|ReportGenerator.cs|BuildTargetSection|696|NightSummary: Fetching 2 sky thumbnail(s) in parallel...
2026-05-28T06:07:16.8400|INFO|ReportGenerator.cs|FetchThumbnailAsync|2330|NightSummary: CDS thumbnail OK for M 51 (9,633 bytes)
2026-05-28T06:07:17.5840|INFO|ReportGenerator.cs|FetchThumbnailAsync|2330|NightSummary: CDS thumbnail OK for DarkTower - BB (36,405 bytes)
2026-05-28T06:07:17.6423|INFO|ReportGenerator.cs|BuildTargetSection|812|NightSummary: No live stack images for target 'M 51' — ShowLiveStackImages=True, totalImages=0
2026-05-28T06:07:17.6783|INFO|ReportGenerator.cs|BuildTargetSection|812|NightSummary: No live stack images for target 'DarkTower - BB' — ShowLiveStackImages=True, totalImages=0
2026-05-28T06:07:17.7777|INFO|TargetSchedulerDatabase.cs|GetApiSettings|227|NightSummary: TS API settings for profile '0173997c-4bfa-48fd-9337-a48b6df99c38' — enableAPI=True, apiPort=8188
2026-05-28T06:07:17.7781|INFO|ReportGenerator.cs|BuildNextNightPreviewSection|1609|NightSummary: Tonight's Preview — connecting to TS API at http://localhost:8188/ts/v0
2026-05-28T06:07:21.8790|INFO|TargetSchedulerDatabase.cs|GetProgressForTargets|64|NightSummary: Querying TS progress for profile 0173997c-4bfa-48fd-9337-a48b6df99c38
2026-05-28T06:07:21.9045|INFO|SessionService.cs|GenerateAndSendAsync|318|NightSummary: Delivering report to: Local Save, Email, Pushover, Discord
2026-05-28T06:07:21.9158|INFO|SessionService.cs|SaveReportLocallyAsync|529|NightSummary: Report saved locally to C:\Users\nicka\AppData\Local\NINA\Plugins\3.0.0\Night Summary\NightSummary_2026-05-27\NightSummary_2026-05-27.html
2026-05-28T06:07:21.9305|INFO|EmailSender.cs|SendReportAsync|70|NightSummary: Sending report email to astrophotonic.space@gmail.com
2026-05-28T06:07:21.9502|INFO|PushoverSender.cs|SendAsync|33|NightSummary: Sending Pushover notification — Night Summary — 2026-05-27
2026-05-28T06:07:21.9591|INFO|DiscordSender.cs|SendReportAsync|30|NightSummary: Sending Discord report
2026-05-28T06:07:22.1306|INFO|PushoverSender.cs|SendAsync|45|NightSummary: Pushover notification sent successfully
2026-05-28T06:07:22.4391|INFO|DiscordSender.cs|LogResult|191|NightSummary: Discord message sent successfully
2026-05-28T06:07:24.3940|INFO|EmailSender.cs|SendReportAsync|92|NightSummary: Report email sent successfully
2026-05-28T06:07:24.4037|INFO|SessionService.cs|SendReportWithDataAsync|977|NightSummary: Report sent and session marked as complete
2026-05-28T06:11:13.5267|INFO|TsProgressReader.cs|ReadProgressDelta|75|[Subframes] TS progress delta: DB not found at C:\Users\nicka\AppData\Local\NINA\SchedulerPlugin — Target Scheduler not installed or DB path mismatch.
2026-05-28T06:16:13.5361|INFO|TsProgressReader.cs|ReadProgressDelta|75|[Subframes] TS progress delta: DB not found at C:\Users\nicka\AppData\Local\NINA\SchedulerPlugin — Target Scheduler not installed or DB path mismatch.
2026-05-28T06:21:13.5244|INFO|TsProgressReader.cs|ReadProgressDelta|75|[Subframes] TS progress delta: DB not found at C:\Users\nicka\AppData\Local\NINA\SchedulerPlugin — Target Scheduler not installed or DB path mismatch.
2026-05-28T06:26:13.5338|INFO|TsProgressReader.cs|ReadProgressDelta|75|[Subframes] TS progress delta: DB not found at C:\Users\nicka\AppData\Local\NINA\SchedulerPlugin — Target Scheduler not installed or DB path mismatch.
2026-05-28T06:31:13.5353|INFO|TsProgressReader.cs|ReadProgressDelta|75|[Subframes] TS progress delta: DB not found at C:\Users\nicka\AppData\Local\NINA\SchedulerPlugin — Target Scheduler not installed or DB path mismatch.
2026-05-28T06:36:13.5358|INFO|TsProgressReader.cs|ReadProgressDelta|75|[Subframes] TS progress delta: DB not found at C:\Users\nicka\AppData\Local\NINA\SchedulerPlugin — Target Scheduler not installed or DB path mismatch.
2026-05-28T06:39:22.8043|INFO|CameraVM.cs|WarmCamera|179|Could not reach warming temperature. Most likley due to ambient temperature being lower. Continuing...
2026-05-28T06:39:42.8812|INFO|CameraVM.cs|WarmCamera|186|Turning cooler off
2026-05-28T06:39:42.8833|INFO|SequenceItem.cs|Run|254|Finishing Category: Camera, Item: WarmCamera, Duration: 30
2026-05-28T06:39:43.2468|INFO|SequenceItem.cs|Run|208|Starting Category: Guider, Item: StopGuiding
2026-05-28T06:39:43.2494|INFO|PHD2Guider.cs|StopGuiding|704|Phd2 - Stop Guiding skipped, as the app is already in state Stopped
2026-05-28T06:39:43.2495|INFO|SequenceItem.cs|Run|254|Finishing Category: Guider, Item: StopGuiding
2026-05-28T06:39:43.2728|INFO|SequenceItem.cs|Run|208|Starting Category: Phd2 Tools, Item: ShutdownPhd2Instruction
2026-05-28T06:39:43.3332|WARNING|PHD2Client.cs|ReadEventsAsync|189|PHD2Client: Connection closed by server
2026-05-28T06:39:43.3333|INFO|DitherStatisticsVM.cs|OnPHD2ConnectionStatusChanged|737|PHD2 Connection Status: Connection lost
2026-05-28T06:39:43.3333|INFO|PHD2Client.cs|ReadEventsAsync|205|PHD2Client: Stopped reading events
2026-05-28T06:39:43.3459|INFO|SequenceItem.cs|Run|254|Finishing Category: Phd2 Tools, Item: ShutdownPhd2Instruction
2026-05-28T06:39:43.3469|INFO|SequenceItem.cs|Run|208|Starting Category: Connect, Item: DisconnectAllEquipment
2026-05-28T06:39:43.4886|INFO|CameraVM.cs|Disconnect|650|Disconnected Camera
2026-05-28T06:39:43.4895|INFO|AscomDevice.cs|Disconnect|378|Disconnecting from ASCOM.EFW2.FilterWheel ZWO FilterWheel
2026-05-28T06:39:43.5013|INFO|FilterWheelVM.cs|Disconnect|333|Disconnected Filter Wheel
2026-05-28T06:39:43.5052|INFO|AscomDevice.cs|Disconnect|378|Disconnecting from ASCOM.EAF.Focuser ZWO Focuser
2026-05-28T06:39:43.5918|INFO|FocuserVM.cs|Disconnect|441|Disconnected Focuser
2026-05-28T06:39:43.5925|INFO|DisconnectAllEquipment.cs|Execute|139|Rotator is already disconnected
2026-05-28T06:39:43.5966|INFO|AscomDevice.cs|Disconnect|378|Disconnecting from ASCOM.iOptron2017.Telescope iOptron CEM120,70,40,26, GEM, HEM, HAE, HAZ series and SkyHunter Mount
2026-05-28T06:39:43.6248|INFO|TelescopeVM.cs|Disconnect|740|Disconnected mount
2026-05-28T06:39:43.6251|INFO|DisconnectAllEquipment.cs|Execute|139|Guider is already disconnected
2026-05-28T06:39:43.6252|INFO|DisconnectAllEquipment.cs|Execute|139|Switch is already disconnected
2026-05-28T06:39:43.6252|INFO|DisconnectAllEquipment.cs|Execute|139|Flat Panel is already disconnected
2026-05-28T06:39:43.6507|INFO|AscomDevice.cs|Disconnect|378|Disconnecting from ASCOM.SkyAlert.ObservingConditions SkyAlert Observing Conditions
2026-05-28T06:39:43.6602|INFO|WeatherDataVM.cs|Disconnect|305|Disconnected Weather Device
2026-05-28T06:39:43.6605|INFO|DisconnectAllEquipment.cs|Execute|139|Dome is already disconnected
2026-05-28T06:39:43.6623|INFO|AscomDevice.cs|Disconnect|378|Disconnecting from ASCOM.GenericFile.SafetyMonitor Generic File driver
2026-05-28T06:39:43.6666|INFO|SafetyMonitorVM.cs|Disconnect|221|Disconnected Safety Monitor
2026-05-28T06:39:43.6670|INFO|SequenceItem.cs|Run|254|Finishing Category: Connect, Item: DisconnectAllEquipment
2026-05-28T06:39:43.6672|INFO|SequenceItem.cs|Run|208|Starting Category: Ground Station, Item: Send to Pushover, Title: Disconnected
2026-05-28T06:39:43.8790|INFO|SequenceItem.cs|Run|254|Finishing Category: Ground Station, Item: Send to Pushover, Title: Disconnected
2026-05-28T06:39:43.8793|INFO|SequenceItem.cs|Run|208|Starting Category: Ground Station, Item: Send to Telegram
2026-05-28T06:39:44.5621|INFO|SequenceItem.cs|Run|254|Finishing Category: Ground Station, Item: Send to Telegram
2026-05-28T06:39:44.5626|INFO|SequenceItem.cs|Run|254|Finishing Category: * Instruction Set *, Container: NINA.Sequencer.Container.EndAreaContainer, Strategy: SequentialStrategy, Items[FINISHED]: 9
2026-05-28T06:39:44.5628|INFO|SequenceItem.cs|Run|254|Finishing Category: * Instruction Set *, Container: NINA.Sequencer.Container.SequenceRootContainer, Strategy: SequentialStrategy, Items[FINISHED]: 3, Triggers: Category: Ground Station, Item: Failures to Telegram
2026-05-28T06:39:44.5638|INFO|Sequence2VM.cs|StartSequence|548|Advanced Sequence finished
2026-05-28T06:39:44.5649|INFO|WhenCommon.cs|InterruptWhen|350|Restarting sequence, Triggered -> true
2026-05-28T06:39:48.3432|INFO|PHD2Client.cs|ConnectAsync|102|PHD2Client: Connecting to PHD2 at 127.0.0.1:4400...
2026-05-28T06:39:50.3700|ERROR|PHD2Client.cs|ConnectAsync|132|PHD2Client: Connection failed: No connection could be made because the target machine actively refused it.
2026-05-28T06:41:13.5337|INFO|TsProgressReader.cs|ReadProgressDelta|75|[Subframes] TS progress delta: DB not found at C:\Users\nicka\AppData\Local\NINA\SchedulerPlugin — Target Scheduler not installed or DB path mismatch.
2026-05-28T06:46:13.5280|INFO|TsProgressReader.cs|ReadProgressDelta|75|[Subframes] TS progress delta: DB not found at C:\Users\nicka\AppData\Local\NINA\SchedulerPlugin — Target Scheduler not installed or DB path mismatch.
2026-05-28T06:51:13.5337|INFO|TsProgressReader.cs|ReadProgressDelta|75|[Subframes] TS progress delta: DB not found at C:\Users\nicka\AppData\Local\NINA\SchedulerPlugin — Target Scheduler not installed or DB path mismatch.
2026-05-28T06:56:13.5309|INFO|TsProgressReader.cs|ReadProgressDelta|75|[Subframes] TS progress delta: DB not found at C:\Users\nicka\AppData\Local\NINA\SchedulerPlugin — Target Scheduler not installed or DB path mismatch.
2026-05-28T07:01:13.5231|INFO|TsProgressReader.cs|ReadProgressDelta|75|[Subframes] TS progress delta: DB not found at C:\Users\nicka\AppData\Local\NINA\SchedulerPlugin — Target Scheduler not installed or DB path mismatch.
2026-05-28T07:06:13.5254|INFO|TsProgressReader.cs|ReadProgressDelta|75|[Subframes] TS progress delta: DB not found at C:\Users\nicka\AppData\Local\NINA\SchedulerPlugin — Target Scheduler not installed or DB path mismatch.
2026-05-28T07:11:13.5389|INFO|TsProgressReader.cs|ReadProgressDelta|75|[Subframes] TS progress delta: DB not found at C:\Users\nicka\AppData\Local\NINA\SchedulerPlugin — Target Scheduler not installed or DB path mismatch.
2026-05-28T07:16:13.5306|INFO|TsProgressReader.cs|ReadProgressDelta|75|[Subframes] TS progress delta: DB not found at C:\Users\nicka\AppData\Local\NINA\SchedulerPlugin — Target Scheduler not installed or DB path mismatch.
2026-05-28T07:21:13.5345|INFO|TsProgressReader.cs|ReadProgressDelta|75|[Subframes] TS progress delta: DB not found at C:\Users\nicka\AppData\Local\NINA\SchedulerPlugin — Target Scheduler not installed or DB path mismatch.
2026-05-28T07:26:13.5324|INFO|TsProgressReader.cs|ReadProgressDelta|75|[Subframes] TS progress delta: DB not found at C:\Users\nicka\AppData\Local\NINA\SchedulerPlugin — Target Scheduler not installed or DB path mismatch.
2026-05-28T07:31:13.5356|INFO|TsProgressReader.cs|ReadProgressDelta|75|[Subframes] TS progress delta: DB not found at C:\Users\nicka\AppData\Local\NINA\SchedulerPlugin — Target Scheduler not installed or DB path mismatch.
2026-05-28T07:36:13.5265|INFO|TsProgressReader.cs|ReadProgressDelta|75|[Subframes] TS progress delta: DB not found at C:\Users\nicka\AppData\Local\NINA\SchedulerPlugin — Target Scheduler not installed or DB path mismatch.
2026-05-28T07:41:13.5370|INFO|TsProgressReader.cs|ReadProgressDelta|75|[Subframes] TS progress delta: DB not found at C:\Users\nicka\AppData\Local\NINA\SchedulerPlugin — Target Scheduler not installed or DB path mismatch.
2026-05-28T07:46:13.5286|INFO|TsProgressReader.cs|ReadProgressDelta|75|[Subframes] TS progress delta: DB not found at C:\Users\nicka\AppData\Local\NINA\SchedulerPlugin — Target Scheduler not installed or DB path mismatch.
2026-05-28T07:51:13.5382|INFO|TsProgressReader.cs|ReadProgressDelta|75|[Subframes] TS progress delta: DB not found at C:\Users\nicka\AppData\Local\NINA\SchedulerPlugin — Target Scheduler not installed or DB path mismatch.
2026-05-28T07:56:13.5344|INFO|TsProgressReader.cs|ReadProgressDelta|75|[Subframes] TS progress delta: DB not found at C:\Users\nicka\AppData\Local\NINA\SchedulerPlugin — Target Scheduler not installed or DB path mismatch.
2026-05-28T08:01:13.5271|INFO|TsProgressReader.cs|ReadProgressDelta|75|[Subframes] TS progress delta: DB not found at C:\Users\nicka\AppData\Local\NINA\SchedulerPlugin — Target Scheduler not installed or DB path mismatch.
2026-05-28T08:06:13.5305|INFO|TsProgressReader.cs|ReadProgressDelta|75|[Subframes] TS progress delta: DB not found at C:\Users\nicka\AppData\Local\NINA\SchedulerPlugin — Target Scheduler not installed or DB path mismatch.
2026-05-28T08:11:13.5351|INFO|TsProgressReader.cs|ReadProgressDelta|75|[Subframes] TS progress delta: DB not found at C:\Users\nicka\AppData\Local\NINA\SchedulerPlugin — Target Scheduler not installed or DB path mismatch.
2026-05-28T08:16:13.5365|INFO|TsProgressReader.cs|ReadProgressDelta|75|[Subframes] TS progress delta: DB not found at C:\Users\nicka\AppData\Local\NINA\SchedulerPlugin — Target Scheduler not installed or DB path mismatch.
2026-05-28T08:21:13.5268|INFO|TsProgressReader.cs|ReadProgressDelta|75|[Subframes] TS progress delta: DB not found at C:\Users\nicka\AppData\Local\NINA\SchedulerPlugin — Target Scheduler not installed or DB path mismatch.
2026-05-28T08:26:13.5351|INFO|TsProgressReader.cs|ReadProgressDelta|75|[Subframes] TS progress delta: DB not found at C:\Users\nicka\AppData\Local\NINA\SchedulerPlugin — Target Scheduler not installed or DB path mismatch.
2026-05-28T08:31:13.5252|INFO|TsProgressReader.cs|ReadProgressDelta|75|[Subframes] TS progress delta: DB not found at C:\Users\nicka\AppData\Local\NINA\SchedulerPlugin — Target Scheduler not installed or DB path mismatch.
2026-05-28T08:36:13.5385|INFO|TsProgressReader.cs|ReadProgressDelta|75|[Subframes] TS progress delta: DB not found at C:\Users\nicka\AppData\Local\NINA\SchedulerPlugin — Target Scheduler not installed or DB path mismatch.
2026-05-28T08:41:13.5291|INFO|TsProgressReader.cs|ReadProgressDelta|75|[Subframes] TS progress delta: DB not found at C:\Users\nicka\AppData\Local\NINA\SchedulerPlugin — Target Scheduler not installed or DB path mismatch.
2026-05-28T08:46:13.5301|INFO|TsProgressReader.cs|ReadProgressDelta|75|[Subframes] TS progress delta: DB not found at C:\Users\nicka\AppData\Local\NINA\SchedulerPlugin — Target Scheduler not installed or DB path mismatch.
2026-05-28T08:51:13.5295|INFO|TsProgressReader.cs|ReadProgressDelta|75|[Subframes] TS progress delta: DB not found at C:\Users\nicka\AppData\Local\NINA\SchedulerPlugin — Target Scheduler not installed or DB path mismatch.
2026-05-28T08:56:13.5316|INFO|TsProgressReader.cs|ReadProgressDelta|75|[Subframes] TS progress delta: DB not found at C:\Users\nicka\AppData\Local\NINA\SchedulerPlugin — Target Scheduler not installed or DB path mismatch.
2026-05-28T09:01:13.5255|INFO|TsProgressReader.cs|ReadProgressDelta|75|[Subframes] TS progress delta: DB not found at C:\Users\nicka\AppData\Local\NINA\SchedulerPlugin — Target Scheduler not installed or DB path mismatch.
2026-05-28T09:06:13.5305|INFO|TsProgressReader.cs|ReadProgressDelta|75|[Subframes] TS progress delta: DB not found at C:\Users\nicka\AppData\Local\NINA\SchedulerPlugin — Target Scheduler not installed or DB path mismatch.
2026-05-28T09:11:13.5259|INFO|TsProgressReader.cs|ReadProgressDelta|75|[Subframes] TS progress delta: DB not found at C:\Users\nicka\AppData\Local\NINA\SchedulerPlugin — Target Scheduler not installed or DB path mismatch.
2026-05-28T09:16:13.5338|INFO|TsProgressReader.cs|ReadProgressDelta|75|[Subframes] TS progress delta: DB not found at C:\Users\nicka\AppData\Local\NINA\SchedulerPlugin — Target Scheduler not installed or DB path mismatch.
2026-05-28T09:21:13.5378|INFO|TsProgressReader.cs|ReadProgressDelta|75|[Subframes] TS progress delta: DB not found at C:\Users\nicka\AppData\Local\NINA\SchedulerPlugin — Target Scheduler not installed or DB path mismatch.
2026-05-28T09:26:13.5261|INFO|TsProgressReader.cs|ReadProgressDelta|75|[Subframes] TS progress delta: DB not found at C:\Users\nicka\AppData\Local\NINA\SchedulerPlugin — Target Scheduler not installed or DB path mismatch.
2026-05-28T09:31:13.5284|INFO|TsProgressReader.cs|ReadProgressDelta|75|[Subframes] TS progress delta: DB not found at C:\Users\nicka\AppData\Local\NINA\SchedulerPlugin — Target Scheduler not installed or DB path mismatch.
2026-05-28T09:36:13.5236|INFO|TsProgressReader.cs|ReadProgressDelta|75|[Subframes] TS progress delta: DB not found at C:\Users\nicka\AppData\Local\NINA\SchedulerPlugin — Target Scheduler not installed or DB path mismatch.
2026-05-28T09:41:13.5335|INFO|TsProgressReader.cs|ReadProgressDelta|75|[Subframes] TS progress delta: DB not found at C:\Users\nicka\AppData\Local\NINA\SchedulerPlugin — Target Scheduler not installed or DB path mismatch.
2026-05-28T09:46:13.5282|INFO|TsProgressReader.cs|ReadProgressDelta|75|[Subframes] TS progress delta: DB not found at C:\Users\nicka\AppData\Local\NINA\SchedulerPlugin — Target Scheduler not installed or DB path mismatch.
2026-05-28T09:51:13.5367|INFO|TsProgressReader.cs|ReadProgressDelta|75|[Subframes] TS progress delta: DB not found at C:\Users\nicka\AppData\Local\NINA\SchedulerPlugin — Target Scheduler not installed or DB path mismatch.
2026-05-28T09:56:13.5376|INFO|TsProgressReader.cs|ReadProgressDelta|75|[Subframes] TS progress delta: DB not found at C:\Users\nicka\AppData\Local\NINA\SchedulerPlugin — Target Scheduler not installed or DB path mismatch.
2026-05-28T10:01:13.5350|INFO|TsProgressReader.cs|ReadProgressDelta|75|[Subframes] TS progress delta: DB not found at C:\Users\nicka\AppData\Local\NINA\SchedulerPlugin — Target Scheduler not installed or DB path mismatch.
2026-05-28T10:06:13.5343|INFO|TsProgressReader.cs|ReadProgressDelta|75|[Subframes] TS progress delta: DB not found at C:\Users\nicka\AppData\Local\NINA\SchedulerPlugin — Target Scheduler not installed or DB path mismatch.
2026-05-28T10:11:13.5385|INFO|TsProgressReader.cs|ReadProgressDelta|75|[Subframes] TS progress delta: DB not found at C:\Users\nicka\AppData\Local\NINA\SchedulerPlugin — Target Scheduler not installed or DB path mismatch.
2026-05-28T10:16:13.5324|INFO|TsProgressReader.cs|ReadProgressDelta|75|[Subframes] TS progress delta: DB not found at C:\Users\nicka\AppData\Local\NINA\SchedulerPlugin — Target Scheduler not installed or DB path mismatch.
2026-05-28T10:21:13.5367|INFO|TsProgressReader.cs|ReadProgressDelta|75|[Subframes] TS progress delta: DB not found at C:\Users\nicka\AppData\Local\NINA\SchedulerPlugin — Target Scheduler not installed or DB path mismatch.
2026-05-28T10:26:13.5376|INFO|TsProgressReader.cs|ReadProgressDelta|75|[Subframes] TS progress delta: DB not found at C:\Users\nicka\AppData\Local\NINA\SchedulerPlugin — Target Scheduler not installed or DB path mismatch.
2026-05-28T10:31:13.5343|INFO|TsProgressReader.cs|ReadProgressDelta|75|[Subframes] TS progress delta: DB not found at C:\Users\nicka\AppData\Local\NINA\SchedulerPlugin — Target Scheduler not installed or DB path mismatch.
2026-05-28T10:36:13.5271|INFO|TsProgressReader.cs|ReadProgressDelta|75|[Subframes] TS progress delta: DB not found at C:\Users\nicka\AppData\Local\NINA\SchedulerPlugin — Target Scheduler not installed or DB path mismatch.
2026-05-28T10:41:13.5291|INFO|TsProgressReader.cs|ReadProgressDelta|75|[Subframes] TS progress delta: DB not found at C:\Users\nicka\AppData\Local\NINA\SchedulerPlugin — Target Scheduler not installed or DB path mismatch.
2026-05-28T10:46:13.5268|INFO|TsProgressReader.cs|ReadProgressDelta|75|[Subframes] TS progress delta: DB not found at C:\Users\nicka\AppData\Local\NINA\SchedulerPlugin — Target Scheduler not installed or DB path mismatch.
2026-05-28T10:51:13.5357|INFO|TsProgressReader.cs|ReadProgressDelta|75|[Subframes] TS progress delta: DB not found at C:\Users\nicka\AppData\Local\NINA\SchedulerPlugin — Target Scheduler not installed or DB path mismatch.
